,molecule_chembl_id,canonical_smiles,pchembl_value
0,CHEMBL509032,COc1cc(ccc1Nc2ncc(Cl)c(Nc3ccccc3S(=O)(=O)C(C)C)n2)N4CCC(CC4)N5CCN(C)CC5,7.54
1,CHEMBL3668019,CN(C)CCCOc1ccc(cc1)c2cnc3c(cnn3c2)c4ccnc5ccccc45,7.57
2,CHEMBL3341789,COc1cc(cc(OC)c1OC)c2cc(cnc2C)c3ccc(cc3)N4CCNCC4,7.57
3,CHEMBL2385591,C1CN(CCN1)c2ccc(cc2)c3cnc4c(cnn4c3)c5cccc6ncccc56,7.58
4,CHEMBL3341946,COc1ccc(cc1OC)c2cc(cnc2N)c3ccc(cc3)N4CCNCC4,7.64
5,CHEMBL3341944,COc1cc(cc(OC)c1OC)c2cc(cnc2N)c3cccc(c3)N4CCNCC4,7.77
6,CHEMBL3341787,COc1cc(cc(OC)c1OC)c2cncc(c2)c3ccc(cc3)N4CCNCC4,7.82
7,CHEMBL3341947,COc1cc(OC)cc(c1)c2cc(cnc2N)c3ccc(cc3)N4CCNCC4,7.85
8,CHEMBL3341945,COc1cc(cc(OC)c1OC)c2cc(cnc2N)c3ccc(cc3)N4CCNCC4,8.0
9,CHEMBL3341794,COc1cc(cc(OC)c1OC)c2cnn3cc(cnc23)c4ccc(cc4)N5CCNCC5,8.0
10,CHEMBL3586447,Cc1cc2cn[nH]c2cc1c3cccc4c(N)c(nnc34)C(=O)N,8.16
11,CHEMBL3341943,COc1cc(cc(OC)c1OC)c2cc(cnc2N)c3cccc(NS(=O)(=O)C)c3,8.22
12,CHEMBL1241674,CC(C)n1nc(c2cc3cc(O)ccc3[nH]2)c4c(N)ncnc14,8.4
13,CHEMBL3818173,Clc1cnc2OCOc2c1Nc3ccnc(NC(=O)C4CC4)c3,8.92
60,CHEMBL1421,Cc1nc(Nc2ncc(s2)C(=O)Nc3c(C)cccc3Cl)cc(n1)N4CCN(CCO)CC4,6.48
77,CHEMBL278041,Oc1ccc(cc1)c2nc(c3ccc(F)cc3)c([nH]2)c4ccncc4,6.02
78,CHEMBL10,C[S+]([O-])c1ccc(cc1)c2nc(c3ccc(F)cc3)c([nH]2)c4ccncc4,5.52
81,CHEMBL388978,CN[C@@H]1C[C@H]2O[C@@](C)([C@@H]1OC)n3c4ccccc4c5c6CNC(=O)c6c7c8ccccc8n2c7c35,6.17
120,CHEMBL603469,C[C@]12O[C@H](C[C@]1(O)CO)n3c4ccccc4c5c6C(=O)NCc6c7c8ccccc8n2c7c35,7.07
144,CHEMBL491473,COc1cc2c(Oc3ccc4[nH]c(C)cc4c3F)ncnc2cc1OCCCN5CCCC5,5.82
146,CHEMBL386051,CSc1cccc(Nc2ncc3C=C(C(=O)N(C)c3n2)c4c(Cl)cccc4Cl)c1,7.02
153,CHEMBL601719,C[C@@H](Oc1cc(cnc1N)c2cnn(c2)C3CCNCC3)c4c(Cl)ccc(F)c4Cl,6.07
158,CHEMBL1908395,Cl.CN(C)CC(=O)N1CCC(CC1)c2ccc(NC(=O)c3nc(c[nH]3)C#N)c(c2)C4=CCCCC4,8.0
161,CHEMBL502835,COC(=O)c1ccc2\C(=C(\Nc3ccc(cc3)N(C)C(=O)CN4CCN(C)CC4)/c5ccccc5)\C(=O)Nc2c1,5.31
165,CHEMBL1287853,Cc1cnc(Nc2ccc(OCCN3CCCC3)cc2)nc1Nc4cccc(c4)S(=O)(=O)NC(C)(C)C,5.17
177,CHEMBL525191,OCCn1cc(c2ccc3\C(=N\O)\CCc3c2)c(n1)c4ccncc4,5.62
184,CHEMBL475251,COc1cc(Nc2ncc(F)c(Nc3ccc4OC(C)(C)C(=O)Nc4n3)n2)cc(OC)c1OC,5.96
216,CHEMBL1929238,CN(C)CCN1CCN(CCC1=O)C(=O)c2cc(sc2NC(=O)Nc3cccc(Cl)c3Cl)C(C)(C)C,4.46
220,CHEMBL2024684,CN1C=Nc2ccc(cc2C1=O)c3ccnn3c4cccc(C)n4,7.23
553,CHEMBL2385597,CC(C)Oc1ccc(cc1)c2cnc3c(cnn3c2)c4ccnc5ccccc45,5.02
554,CHEMBL2385579,C1CN(CCO1)c2ccc(cc2)c3cnc4c(cnn4c3)c5cn[nH]c5,5.23
556,CHEMBL2385586,C1CN(CCN1)c2ccc(cc2)c3cnc4c(cnn4c3)c5cn[nH]c5,5.47
557,CHEMBL511563,COc1ccc(cc1)c2cnc3c(cnn3c2)c4ccnc5ccccc45,5.74
558,CHEMBL513147,C1CN(CCN1)c2ccc(cc2)c3cnc4c(cnn4c3)c5ccnc6ccccc56,5.74
559,CHEMBL2385582,C1CN(CCO1)c2ccc(cc2)c3cnc4c(cnn4c3)c5ccnc6ccccc56,6.49
560,CHEMBL2385596,CN1CCN(CC1)c2ccc(cc2)c3cnc4c(cnn4c3)c5ccnc6ccccc56,6.74
571,CHEMBL3260567,Cc1cccc(n1)c2[nH]c(CNc3ccccc3F)nc2c4ccc5ncnn5c4,7.89
573,CHEMBL492634,Cc1cccc(n1)c2[nH]c(Cc3cccc(c3)C(=O)N)nc2c4ccc5nccnc5c4,7.64
574,CHEMBL2364611,Cc1cccc(n1)c2nn3CCCc3c2c4ccnc5ccc(cc45)C(=O)N,6.7
