,molecule_chembl_id,canonical_smiles,pchembl_value
0,CHEMBL2385597,CC(C)Oc1ccc(cc1)c2cnc3c(cnn3c2)c4ccnc5ccccc45,7.57
1,CHEMBL3341789,COc1cc(cc(OC)c1OC)c2cc(cnc2C)c3ccc(cc3)N4CCNCC4,7.57
2,CHEMBL511563,COc1ccc(cc1)c2cnc3c(cnn3c2)c4ccnc5ccccc45,7.58
3,CHEMBL3818656,CN(c1ccnc(NC(=O)C2CC2)c1)c3c(Cl)cnc4OCOc34,7.59
4,CHEMBL3668002,Nc1ncnn2c(cc(c3ccc(CO)c(F)c3)c12)N4CCOCC4,7.6
5,CHEMBL3671319,CC(Cc1c(F)c(F)cc(F)c1F)NC2=C(C(=O)NC=C2)c3nc4cc5CN(C6CCN(C)CC6)C(=O)c5c(C)c4[nH]3,7.63
6,CHEMBL3667970,Nc1ncnn2c(cc(c3cc(F)c(CO)c(F)c3)c12)C4CCNC4,7.68
7,CHEMBL3667981,Nc1ncnn2c(CN3CCOCC3)cc(c4ccc(CO)cc4)c12,7.72
8,CHEMBL3819089,Clc1ccc2OCOc2c1Nc3ccnc(NC(=O)C4CC4)c3,7.77
9,CHEMBL3667983,Nc1ncnn2c(CN3CCOCC3)cc(c4ccc(CO)c(Cl)c4)c12,7.77
10,CHEMBL3671312,CC(Cc1cc(F)ccc1F)NC2=C(C(=O)NC=C2)c3nc4cc5C(=O)N(C6CCN(C)CC6)C(=O)c5cc4[nH]3,7.82
11,CHEMBL3671314,C[C@@H](Cc1c(F)c(F)cc(F)c1F)NC2=C(C(=O)NC=C2)c3nc4cc5C(=O)N(C(O)c5cc4[nH]3)c6cccnc6,7.82
12,CHEMBL3667994,Nc1ncnn2c(cc(c3cc(F)c(CO)c(F)c3)c12)C4(O)CCCCC4,7.82
13,CHEMBL2385591,C1CN(CCN1)c2ccc(cc2)c3cnc4c(cnn4c3)c5cccc6ncccc56,7.84
14,CHEMBL3671320,CC(Cc1c(F)c(F)cc(F)c1F)NC2=C(C(=O)NC=C2)c3nc4c(C)c5CN(C6CCN(C)CC6)C(=O)c5cc4[nH]3,7.84
15,CHEMBL3671310,C[C@@H](Cc1c(F)c(F)cc(F)c1F)NC2=C(C(=O)NC=C2)c3nc4cc5C(=O)N(CCN(C)C)C(=O)c5cc4[nH]3,7.85
16,CHEMBL513147,C1CN(CCN1)c2ccc(cc2)c3cnc4c(cnn4c3)c5ccnc6ccccc56,7.88
17,CHEMBL3671309,C[C@@H](Cc1c(F)c(F)cc(F)c1F)NC2=C(C(=O)NC=C2)c3nc4cc5C(=O)N(Cc5cc4[nH]3)C6CCN(C)CC6,8.01
18,CHEMBL3671318,CC(Cc1cc(F)ccc1F)NC2=C(C(=O)NC=C2)c3nc4cc5CN(CCN(C)C)C(=O)c5cc4[nH]3,8.04
19,CHEMBL3667972,Nc1ncnn2c(cc(c3ccc(CO)cc3)c12)C4CCNCC4,8.1
20,CHEMBL3667969,Nc1ncnn2c(cc(c3cc(F)c(CO)c(F)c3)c12)[C@@H]4CC[C@@H](O)CC4,8.17
21,CHEMBL3667974,Nc1ncnn2c(cc(c3cc(F)c(CO)c(F)c3)c12)[C@H]4CCCNC4,8.23
22,CHEMBL3667998,CCc1cc(cc(F)c1CO)c2cc(C(O)C3CC3)n4ncnc(N)c24,8.24
23,CHEMBL3667971,Nc1ncnn2c(cc(c3cc(F)c(CO)c(F)c3)c12)C4(O)CCCNC4,8.24
24,CHEMBL3667976,Cc1nc(cs1)c2cc(c3cc(F)c(CO)c(F)c3)c4c(N)ncnn24,8.28
25,CHEMBL3671311,C[C@@H](Cc1c(F)c(F)cc(F)c1F)NC2=C(C(=O)NC=C2)c3nc4cc5C(=O)N(CCN(C)C)Cc5cc4[nH]3,8.33
26,CHEMBL3667995,NCc1nc(cs1)c2cc(c3cc(F)c(CO)c(F)c3)c4c(N)ncnn24,8.39
27,CHEMBL3667997,CCc1cc(cc(F)c1CO)c2cc(C3CCCNC3)n4ncnc(N)c24,8.4
28,CHEMBL3667992,Cc1cc(cc(F)c1CO)c2cc(C3CCCNC3)n4ncnc(N)c24,8.4
29,CHEMBL3667993,Cc1cc(cc(F)c1CO)c2cc(C3CCNC3)n4ncnc(N)c24,8.4
30,CHEMBL3667975,Cc1nc(cs1)c2cc(c3ccc(CO)cc3)c4c(N)ncnn24,8.4
31,CHEMBL3818173,Clc1cnc2OCOc2c1Nc3ccnc(NC(=O)C4CC4)c3,8.4
32,CHEMBL3667965,Nc1ncnn2c(CCCO)cc(c3ccc(CO)cc3)c12,8.4
33,CHEMBL3668001,CC(O)c1cc(c2cc(F)c(CO)c(F)c2)c3c(N)ncnn13,8.42
34,CHEMBL3667999,COc1cc(ccc1CO)c2cc(C(O)C3CC3)n4ncnc(N)c24,8.46
35,CHEMBL3667973,Nc1ncnn2c(cc(c3cc(F)c(CO)c(F)c3)c12)[C@@H]4CCCNC4,8.52
36,CHEMBL1241674,CC(C)n1nc(c2cc3cc(O)ccc3[nH]2)c4c(N)ncnc14,8.54
37,CHEMBL3667964,CCCc1cc(c2cc(F)c(CO)c(F)c2)c3c(N)ncnn13,8.55
38,CHEMBL3667978,CCc1nc(cs1)c2cc(c3cc(F)c(CO)c(F)c3)c4c(N)ncnn24,8.59
39,CHEMBL3667963,CCCc1cc(c2ccc(CO)cc2)c3c(N)ncnn13,8.7
40,CHEMBL3667991,COc1cc(cc(F)c1CO)c2cc(C3CCCNC3)n4ncnc(N)c24,8.7
41,CHEMBL3667979,Nc1nc(cs1)c2cc(c3ccc(CO)cc3)c4c(N)ncnn24,8.7
42,CHEMBL3668000,CC(C)c1cc(c2cc(F)c(CO)c(F)c2)c3c(N)ncnn13,8.72
43,CHEMBL1980995,CNC1CC2OC(C)(C1OC)n3c4ccccc4c5c6CNC(=O)c6c7c8ccccc8n2c7c35,8.87
44,CHEMBL3667967,Nc1ncnn2c(cc(c3cc(F)c(CO)c(F)c3)c12)C(O)C4CC4,8.89
45,CHEMBL3667990,COc1cc(cc(F)c1CO)c2cc([C@@H]3CC[C@@H](O)CC3)n4ncnc(N)c24,9.0
46,CHEMBL3667966,Nc1ncnn2c(CCCCO)cc(c3ccc(CO)cc3)c12,9.0
29,CHEMBL1421,Cc1nc(Nc2ncc(s2)C(=O)Nc3c(C)cccc3Cl)cc(n1)N4CCN(CCO)CC4,6.34
37,CHEMBL191003,Nc1nc(Nc2ccc(cc2)S(=O)(=O)N)nn1C(=O)c3c(F)cccc3F,5.54
55,CHEMBL24828,COc1cc2c(Nc3ccc(Br)cc3F)ncnc2cc1OCC4CCN(C)CC4,6.33
78,CHEMBL603469,C[C@]12O[C@H](C[C@]1(O)CO)n3c4ccccc4c5c6C(=O)NCc6c7c8ccccc8n2c7c35,5.66
96,CHEMBL1908395,Cl.CN(C)CC(=O)N1CCC(CC1)c2ccc(NC(=O)c3nc(c[nH]3)C#N)c(c2)C4=CCCCC4,5.72
98,CHEMBL509032,COc1cc(ccc1Nc2ncc(Cl)c(Nc3ccccc3S(=O)(=O)C(C)C)n2)N4CCC(CC4)N5CCN(C)CC5,7.24
99,CHEMBL502835,COC(=O)c1ccc2\C(=C(\Nc3ccc(cc3)N(C)C(=O)CN4CCN(C)CC4)/c5ccccc5)\C(=O)Nc2c1,5.38
106,CHEMBL1287853,Cc1cnc(Nc2ccc(OCCN3CCCC3)cc2)nc1Nc4cccc(c4)S(=O)(=O)NC(C)(C)C,5.62
156,CHEMBL386051,CSc1cccc(Nc2ncc3C=C(C(=O)N(C)c3n2)c4c(Cl)cccc4Cl)c1,7.16
163,CHEMBL478629,C(CN1CCCCC1)Oc2ccc(cc2)c3cnc4c(cnn4c3)c5ccncc5,6.97
164,CHEMBL2385586,C1CN(CCN1)c2ccc(cc2)c3cnc4c(cnn4c3)c5cn[nH]c5,7.26
165,CHEMBL2385600,COc1ccc(cc1)c2cnc3c(cnn3c2)c4cn[nH]c4,7.28
166,CHEMBL502351,COc1ccc(cc1)c2cnc3c(cnn3c2)c4cccc5ncccc45,7.34
167,CHEMBL2385579,C1CN(CCO1)c2ccc(cc2)c3cnc4c(cnn4c3)c5cn[nH]c5,7.38
189,CHEMBL3667968,Nc1ncnn2c(cc(c3cc(F)c(CO)c(F)c3)c12)C(O)C4CCOCC4,7.4
198,CHEMBL3667977,CCc1nc(cs1)c2cc(c3ccc(CO)cc3)c4c(N)ncnn24,7.22
201,CHEMBL3667980,Nc1ncnn2c(CN3CCNCC3)cc(c4ccc(CO)cc4)c12,7.1
203,CHEMBL3667982,Nc1ncnn2c(CN3CCOCC3)cc(c4cc(F)c(CO)c(F)c4)c12,7.52
205,CHEMBL3667984,Cc1cc(ccc1CO)c2cc(CN3CCOCC3)n4ncnc(N)c24,7.52
206,CHEMBL3667985,Nc1ncnn2c(CN3CCOCC3)cc(c4ccc(CO)nc4)c12,6.85
207,CHEMBL3667986,Nc1ncnn2c(CN3CCC(O)CC3)cc(c4cc(F)c(CO)c(F)c4)c12,7.19
208,CHEMBL3667987,Nc1ncnn2c(CN3CCC(O)C3)cc(c4cc(F)c(CO)c(F)c4)c12,7.52
209,CHEMBL3667988,Nc1ncnn2c(CN3CCCC(O)C3)cc(c4cc(F)c(CO)c(F)c4)c12,7.16
210,CHEMBL3667989,CCc1cc(cc(F)c1CO)c2cc([C@@H]3CC[C@@H](O)CC3)n4ncnc(N)c24,6.77
231,CHEMBL3671321,CC(Cc1c(F)c(F)cc(F)c1F)NC2=C(C(=O)NC=C2)c3nc4c(C)c5C(=O)N(C6CCN(C)CC6)C(=O)c5cc4[nH]3,6.64
232,CHEMBL3671317,CC(Cc1cc(F)ccc1F)NC2=C(C(=O)NC=C2)c3nc4cc5C(=O)N(CCN(C)C)C(=O)c5cc4[nH]3,7.41
234,CHEMBL3671315,COC1N(C(=O)c2cc3nc([nH]c3cc12)C4=C(NC(C)Cc5c(F)c(F)cc(F)c5F)C=CNC4=O)c6cccnc6,6.76
243,CHEMBL3671313,C[C@@H](Cc1c(F)c(F)cc(F)c1F)NC2=C(C(=O)NC=C2)c3nc4cc5C(=O)N(C(=O)c5cc4[nH]3)c6cccnc6,7.33
247,CHEMBL3818628,CC(=O)Nc1cc(Nc2c(Cl)ccc3OCOc23)ccn1,7.32
248,CHEMBL3818920,CCC(=O)Nc1cc(Nc2c(Cl)ccc3OCOc23)ccn1,7.4
249,CHEMBL3818832,CC(C)C(=O)Nc1cc(Nc2c(Cl)ccc3OCOc23)ccn1,6.1
251,CHEMBL3819276,Clc1ccc2OCOc2c1Nc3ccnc(NC(=O)C4CCC4)c3,6.64
252,CHEMBL3817884,Clc1ccc2OCOc2c1Nc3ccnc(NC(=O)C4CCCC4)c3,6.03
253,CHEMBL3818797,Clc1ccc2OCOc2c1Nc3ccnc(NC(=O)c4ccccc4)c3,6.47
254,CHEMBL3818666,Clc1ccccc1Nc2ccnc(NC(=O)C3CC3)c2,5.34
255,CHEMBL3819259,O=C(Nc1cc(Nc2cccc3OCOc23)ccn1)C4CC4,6.92
256,CHEMBL3818030,O=C(Nc1cc(Nc2ccccc2)ccn1)C3CC3,5.64
257,CHEMBL3818411,O=C(Nc1cc(Nc2ccncc2)ccn1)C3CC3,6.0
