,molecule_chembl_id,canonical_smiles,pchembl_value
0,CHEMBL3648339,CNc1nc2ccc(F)cc2n1c3nc(cc(n3)C4(CC4)S(=C)(=O)N)N5CCOC[C@H]5C,7.54
1,CHEMBL3355075,C[C@@H]1Cn2ncc(C3CCN(CC3)S(=O)(=O)C)c2CN1c4ccnc5[nH]ncc45,7.54
2,CHEMBL2325718,Cc1cc2c(cccc2[nH]1)c3nc(cc(n3)C4(CC4)S(=O)(=O)C)N5CCOCC5,7.55
3,CHEMBL3352848,C(C1CC1)n2cnc3c(nc(cc23)c4cccc5[nH]ccc45)N6CCOCC6,7.59
4,CHEMBL3355068,COc1ccc(cc1OC)c2ccc3ncc(c4ccc(cc4)C(=O)N)n3n2,7.59
5,CHEMBL1766779,CS(=O)(=O)c1ccc(cc1)c2cnc(N)c(n2)C(=O)Nc3ccccc3,7.59
6,CHEMBL1766789,Nc1ncc(nc1C(=O)Nc2ccccc2)c3ccc(cc3)C(=O)N4CCCCC4,7.59
7,CHEMBL1766765,Nc1ncc(nc1C(=O)Nc2ccccc2)c3ccccc3C#N,7.62
8,CHEMBL2325695,COc1cc(c2nc(cc(n2)C3(CC3)S(=O)(=O)C)N4CCOCC4)c5cc[nH]c5c1,7.64
9,CHEMBL1766804,CS(=O)(=O)c1ccc(cc1)c2cnc(N)c(n2)c3cc4ccccc4[nH]3,7.64
10,CHEMBL1766803,CS(=O)(=O)c1ccc(cc1)c2cnc(N)c(n2)c3nc4ccccc4s3,7.66
11,CHEMBL3648328,C[C@@H]1COCCN1c2cc(nc(n2)c3ccnc4[nH]ccc34)C5(CC5)[S@@](=N)(=O)C,7.66
12,CHEMBL3648340,CNc1nc2cc(F)ccc2n1c3nc(cc(n3)C(C)(C)S(=C)(=O)N)N4CCOC[C@H]4C,7.74
13,CHEMBL3648341,CNc1nc2cc(F)ccc2n1c3nc(cc(n3)C4(CC4)S(=C)(=O)N)N5CCOC[C@H]5C,7.75
14,CHEMBL2409216,CC(C)S(=O)(=O)c1ccc(cc1)c2cnc(N)c(n2)C3CC(=NO3)c4ccccc4,7.8
15,CHEMBL2409217,CNCc1ccc(cc1)C2=NOC(C2)c3nc(cnc3N)c4ccc(cc4)S(=O)(=O)C(C)C,7.8
16,CHEMBL2325440,CS(=O)(=O)C1(CC1)c2cc(nc(n2)c3cc(Cl)cc4[nH]ccc34)N5CCOCC5,7.8
17,CHEMBL2325439,CS(=O)(=O)C1(CC1)c2cc(nc(n2)c3cc(F)cc4[nH]ccc34)N5CCOCC5,7.82
18,CHEMBL3334621,CC(C)(C#N)c1ccc(cc1)N2C(=O)OCc3cnc4ccc(cc4c23)c5cnc6ccccc6c5,7.85
19,CHEMBL1766794,CCCS(=O)(=O)c1ccc(cc1)c2cnc(N)c(n2)C(=O)Nc3ccccc3,7.85
20,CHEMBL3648333,C[C@@H]1COCCN1c2cc(nc(n2)c3cncc4[nH]ccc34)C5(CC5)S(=C)(=O)N,7.86
21,CHEMBL2325708,CC(C)S(=O)(=O)C1(CC1)c2cc(nc(n2)c3cccc4[nH]ccc34)N5CCOCC5,7.89
22,CHEMBL3648334,CNc1nc2ccccc2n1c3nc(cc(n3)C(C)(C)S(=C)(=O)N)N4CCOC[C@H]4C,7.89
23,CHEMBL3648330,C[C@@H]1COCCN1c2cc(nc(n2)c3cccc4[nH]ccc34)C5(CC5)S(=C)(=O)N,7.89
24,CHEMBL1766797,CC(CN(C)C)S(=O)(=O)c1ccc(cc1)c2cnc(N)c(n2)C(=O)Nc3ccccc3,7.92
25,CHEMBL1766792,CCS(=O)(=O)c1ccc(cc1)c2cnc(N)c(n2)C(=O)Nc3ccccc3,7.92
26,CHEMBL1766795,CCC(C)S(=O)(=O)c1ccc(cc1)c2cnc(N)c(n2)C(=O)Nc3ccccc3,8.0
27,CHEMBL1766799,Nc1ncc(nc1C(=O)Nc2ccccc2)c3ccc(cc3)S(=O)(=O)[C@@H]4CCOC4,8.0
28,CHEMBL2325706,CS(=O)(=O)C1(CCNCC1)c2cc(nc(n2)c3cccc4[nH]ccc34)N5CCOCC5,8.05
29,CHEMBL1766793,CC(C)S(=O)(=O)c1ccc(cc1)c2cnc(N)c(n2)C(=O)Nc3ccccc3,8.1
30,CHEMBL1766798,CC(CCO)S(=O)(=O)c1ccc(cc1)c2cnc(N)c(n2)C(=O)Nc3ccccc3,8.1
31,CHEMBL2325704,CS(=O)(=O)C1(CC1)c2cc(nc(n2)c3cccc4[nH]ccc34)N5CCOCC5,8.1
32,CHEMBL2325720,Cc1cc(c2nc(cc(n2)C3(CC3)S(=O)(=O)C)N4CCOCC4)c5cc[nH]c5c1,8.1
33,CHEMBL3648329,CNc1nc2ccccc2n1c3nc(cc(n3)C4(CC4)[S@](=N)(=O)C)N5CCOC[C@H]5C,8.15
34,CHEMBL2325699,CS(=O)(=O)C1(CC1)c2cc(nc(n2)c3cccc4[nH]ccc34)N5CC6CCC(C5)O6,8.16
35,CHEMBL1766796,CC(C)(C)S(=O)(=O)c1ccc(cc1)c2cnc(N)c(n2)C(=O)Nc3ccccc3,8.22
36,CHEMBL3695214,CC(C)S(=O)(=O)c1ccc(cc1)c2cnc(N)c(n2)c3cn(nn3)c4ccccc4,8.22
37,CHEMBL3355478,C[C@@H]1COCCN1c2nc(cc3c2ncn3CS(=O)(=O)C)c4cnc(N)nc4,8.22
38,CHEMBL3355472,CS(=O)(=O)Cn1cnc2c(nc(cc12)c3cccc4[nH]ccc34)N5CCOCC5,8.3
39,CHEMBL2325697,C[C@@H]1COCCN1c2cc(nc(n2)c3cccc4[nH]ccc34)C5(CC5)S(=O)(=O)C,8.3
40,CHEMBL2325711,O=S(=O)(c1ccccc1)C2(CC2)c3cc(nc(n3)c4cccc5[nH]ccc45)N6CCOCC6,8.3
41,CHEMBL2325705,CS(=O)(=O)C1(CCOCC1)c2cc(nc(n2)c3cccc4[nH]ccc34)N5CCOCC5,8.4
42,CHEMBL2325703,CC(C)(c1cc(nc(n1)c2cccc3[nH]ccc23)N4CCOCC4)S(=O)(=O)C,8.52
43,CHEMBL3648331,C[C@@H]1COCCN1c2cc(nc(n2)n3c(N)nc4ccccc34)C5(CC5)S(=C)(=O)N,8.56
44,CHEMBL3352844,C[C@@H]1Cn2ncc(C3CCN(CC3)S(=O)(=O)C)c2CN1c4ccnc5[nH]cnc45,8.7
45,CHEMBL3355070,CN(C)S(=O)(=O)c1ccc(cc1)c2cnn3CCN(Cc23)c4ccnc5[nH]ccc45,9.0
46,CHEMBL3355473,C[C@@H]1COCCN1c2nc(cc3c2ncn3CS(=O)(=O)C)c4cccc5[nH]ccc45,9.0
47,CHEMBL3355073,C[C@@H]1Cn2ncc(C3CCN(CC3)S(=O)(=O)C)c2CN1c4ccnc5[nH]ccc45,9.0
48,CHEMBL3642117,CC(C)S(=O)(=O)c1ccc(cc1)c2cnc(N)c(n2)c3onc(c3)c4ccc(cc4)[C@@H]5COCCN5,9.3
49,CHEMBL3355069,CN(C)S(=O)(=O)c1ccc(cc1)c2cnc3ccc(nn23)c4ccnc5[nH]ccc45,9.3
50,CHEMBL3355480,C[C@@H]1COCCN1c2nc(cc3c2ncn3C)c4nncc5[nH]ccc45,9.3
51,CHEMBL3355071,C[C@@H]1Cn2ncc(c2CN1c3ccnc4[nH]ccc34)c5ccc(cc5)S(=O)(=O)N(C)C,9.3
52,CHEMBL3355475,C[C@@H]1COCCN1c2nc(cc3c2ncn3C)c4cncc5[nH]ccc45,9.4
53,CHEMBL3355074,C[C@@H]1Cn2ncc(C3CCN(CC3)S(=O)(=O)C)c2CN1c4cc(Cl)nc5[nH]ccc45,9.4
54,CHEMBL3355072,C[C@@H]1Cn2ncc(c2CN1c3ccnc4[nH]ccc34)c5ccc(cc5)S(=O)(=O)C,9.52
55,CHEMBL3355474,C[C@H](n1cnc2c(nc(cc12)c3cncc4[nH]ccc34)N5CCOC[C@H]5C)S(=O)(=O)C,9.7
56,CHEMBL3355476,C[C@@H]1COCCN1c2nc(cc3c2ncn3C)c4c(F)ncc5[nH]ccc45,10.0
