,molecule_chembl_id,canonical_smiles,pchembl_value
0,CHEMBL3718495,CC(C)(Nc1cccc(O)c1)C(=O)Nc2nc3ccc4[nH]ncc4c3s2,7.54
1,CHEMBL458023,CNc1nccc(n1)c2cccnc2Oc3c(C)cc(Nc4nc5ccccc5[nH]4)c6ccccc36,7.54
2,CHEMBL1651469,COc1ccc(cc1)N2N=C(Nc3cc(C)[nH]n3)c4ccccc4C2=O,7.54
3,CHEMBL2392111,CS(=O)(=O)c1nc(Cl)cc(Nc2c[nH]nc2c3nc4cc(CN5CCOCC5)ccc4[nH]3)n1,7.54
4,CHEMBL3087784,Cc1nn(C)cc1c2nc3c(Oc4ccc(cc4)C(=O)Nc5ccccc5)c(Cl)cnc3[nH]2,7.54
5,CHEMBL1085387,Cc1onc(CN2CCN(CC2)c3c(Cl)cnc4[nH]c(nc34)c5ccc(OCCO)cc5)c1,7.54
6,CHEMBL3685221,NC(=O)c1cccc2c(NC(CCN3CCCC3)c4cccc(Nc5ccccn5)c4)ncnc12,7.54
7,CHEMBL3670466,NC(=O)c1cccc2c(NCCNCc3ccccc3)ncnc12,7.54
8,CHEMBL3670493,NC(=O)c1cccc2c(NCc3cccc(NC(=O)c4ccnc(Cl)c4)c3)ncnc12,7.54
9,CHEMBL3685220,NC(=O)c1cccc2c(NCc3cccc(c3)N4C(=O)Nc5ccccc5C4=O)ncnc12,7.54
10,CHEMBL1215145,OC(=O)CCc1c(\C=C\2/C(=O)Nc3ccc(cc23)S(=O)(=O)N4CCOCC4)[nH]c5CCCC(=O)c15,7.54
11,CHEMBL1078906,C(Cc1ccc(Nc2nc3ccccc3[nH]2)cc1)Nc4ncnc5ccsc45,7.55
12,CHEMBL2170591,CN(C)CCNC(=O)c1ccc(Nc2nccc(Nc3ccccc3Cl)n2)cc1,7.55
13,CHEMBL2029903,CN1CCN(CC1)C(=O)c2cc(Nc3ncc4cc(C(=O)N)n(C5CCCC5)c4n3)cn2C,7.55
14,CHEMBL1777842,Cc1cc(Nc2cc(C)c(C#N)c(SCCCCCCN)n2)n[nH]1,7.55
15,CHEMBL1078060,Clc1ccc2[nH]c(Nc3ccc(CCNc4ncnc5ccsc45)cc3)nc2c1,7.55
16,CHEMBL2170430,OC(=O)c1ccc(Nc2nccc(Nc3ccccc3OC(F)(F)F)n2)cc1,7.55
17,CHEMBL522598,Oc1ccc(Nc2ncc(F)c(Nc3ccc(cc3)C(=O)Nc4ccccc4O)n2)cc1,7.55
18,CHEMBL2022369,CC1CCCN(Cc2cc(Nc3nc(C)cn4c(cnc34)c5cnn(CC(=O)NCc6cccs6)c5)sn2)C1,7.57
19,CHEMBL363160,CCc1cccc(CC)c1NC(=O)N2Cc3[nH]nc(NC(=O)c4ccc(cc4)N5CCN(C)CC5)c3C2,7.57
20,CHEMBL1258346,CN1CCN(CC1)c2ccc(cc2)C(=O)Nc3n[nH]c4cc(sc34)C(=O)N[C@H](CN5CCCC5)c6ccccc6,7.57
21,CHEMBL593274,COc1cc2c(Nc3ccc(c(Cl)c3)c4nc5ccccc5s4)ncnc2cc1OCCCN6CCN(C)CC6,7.57
22,CHEMBL3675502,COc1ccc(COc2cc(C(=O)N)c3ncnc(NC(CN(C)C)c4cccc(F)c4)c3c2)cc1,7.57
23,CHEMBL3685219,COc1ccc(cc1)C(=O)Nc2cccc(CNc3ncnc4c(cc(CN5CCOCC5)cc34)C(=O)N)c2,7.57
24,CHEMBL1801112,Cc1cc(Nc2nc(cn3c(cnc23)c4cn[nH]c4)C(F)(F)F)sn1,7.57
25,CHEMBL2207505,Cc1nn(C)cc1c2nc3c(N4CCN(Cc5cnccn5)CC4)c(Cl)cnc3[nH]2,7.57
26,CHEMBL2170409,Clc1ccccc1Nc2ccnc(Nc3ccc(cc3)N4CCOCC4)n2,7.57
27,CHEMBL2380828,FC(F)(F)c1ccc(cc1)C(=O)Nc2ccc(Nc3ccnc4NC(=O)c5ccccc5c34)cc2,7.57
28,CHEMBL2203775,CN1CCN(CC1)c2cccc(c2)c3nc4c(N5CCN(Cc6cc(C)on6)CC5)c(Cl)cnc4[nH]3,7.59
29,CHEMBL604992,COc1cc2c(Nc3ccc(cc3)c4nc5ccc(F)cc5s4)ncnc2cc1OCCCN6CCN(C)CC6,7.59
30,CHEMBL594228,COc1cc2c(Nc3ccc(cc3F)c4nc5ccccc5s4)ncnc2cc1OCCCN6CCN(C)CC6,7.59
31,CHEMBL1822660,Cc1cc(Nc2nc(Sc3ccc(NC(=O)CN4C[C@H](O)[C@H](C4)Oc5cc(F)cc(F)c5)cc3)nn6cccc26)n[nH]1,7.59
32,CHEMBL522214,O=C(NC1CCOCC1)Nc2c[nH]nc2c3nc4cc(CN5CCOCC5)ccc4[nH]3,7.59
33,CHEMBL3685218,CC(N)c1cccc(NC(=O)c2ccoc2CN3CCOCC3)c1,7.6
34,CHEMBL3393482,CCOC(=O)c1[nH]cc2C(C3=C(CCCC3=O)Nc12)c4oc(Sc5nc6c(O)cccc6[nH]5)cc4,7.6
35,CHEMBL3237174,COC(=O)c1ccc(Nc2nc(Nc3cc(C)[nH]n3)cc(n2)N4CCOCC4)cc1,7.6
36,CHEMBL1830670,COc1ccc(cc1)c2cc3ncc(c(c4ccccc4)n3n2)S(=O)(=O)c5ccccc5,7.6
37,CHEMBL516231,Cc1cc(NC2=NN(Cc3cc(F)ccc3F)C(=O)c4ccccc24)n[nH]1,7.6
38,CHEMBL2163412,Cc1cc(Nc2nc(Sc3ccc(NC(=O)CN4CC[C@H](C4)OC(C)(C)C)cc3)nn5cccc25)n[nH]1,7.6
39,CHEMBL2163399,Cc1cc(Nc2nc(Sc3ccc(NC(=O)CN4CC[C@H](C4)SC(C)(C)C)cc3)nn5cccc25)n[nH]1,7.6
40,CHEMBL3593296,Cc1onc(NC(=O)Nc2ccc(cc2)c3cnc(NC(=O)c4ccc(OCCN5CCOCC5)cc4)s3)c1,7.6
41,CHEMBL3593823,Clc1c(CNc2nccc(Nc3cc([nH]n3)C4CCCO4)n2)ccc5[nH]cnc15,7.6
42,CHEMBL2012397,Cn1cc(Nc2ncc3cnn(C4C5CC6CC(CC4C6)C5)c3n2)cc1C(=O)N,7.6
43,CHEMBL1258680,O=C(N[C@H](CN1CCOCC1)c2ccccc2)c3cc4[nH]nc(NC(=O)c5ccc(cc5)N6CCOCC6)c4s3,7.6
44,CHEMBL522791,Oc1ccc(Nc2ncc(F)c(Nc3ccc(cc3)C(=O)Nc4ccc(F)cc4)n2)cc1,7.6
45,CHEMBL560158,CC(=O)Nc1ccc(Sc2nc(Nc3cc[nH]n3)c4ccccc4n2)cc1,7.62
46,CHEMBL2398657,CN(C)CCOc1ccc(cc1)c2oc3ncnc(NCCc4ccc(NC(=O)Nc5ccccc5)cc4)c3c2,7.62
47,CHEMBL596292,COc1cc2c(Nc3ccc(cc3)c4nc5cc(Cl)ccc5s4)ncnc2cc1OCCCN6CCN(C)CC6,7.62
48,CHEMBL551634,COc1ccccc1Sc2nc(Nc3cc(C)[nH]n3)c4ccccc4n2,7.62
49,CHEMBL427787,C[C@@H](C(=O)N1Cc2[nH]nc(NC(=O)c3ccc(cc3)N4CCN(C)CC4)c2C1)c5ccccc5,7.62
50,CHEMBL552038,Cc1cc(Nc2nc(Nc3ccccc3)nc4ccccc24)n[nH]1,7.62
51,CHEMBL1651471,Cc1cccc(c1)N2N=C(Nc3cc(C)[nH]n3)c4ccccc4C2=O,7.62
52,CHEMBL3685302,NC(=O)c1cc(OCc2ccccc2)cc3c(NCc4cccc(NC(=O)c5ccnc(c5)N6CCCC6)c4)ncnc13,7.62
53,CHEMBL1094702,CCNC(=O)Nc1ccc(cc1)c2nn(CC)cc2c3ccnc4[nH]c(cc34)c5ccc(CN6CCOCC6)cc5,7.64
54,CHEMBL1822488,Cc1cc(Nc2nc(Sc3ccc(NC(=O)C4CC4)cc3)nn5cc(NC(=O)CN6CCCC6)cc25)n[nH]1,7.64
55,CHEMBL1651470,Cc1ccc(cc1)N2N=C(Nc3cc(C)[nH]n3)c4ccccc4C2=O,7.64
56,CHEMBL512184,Fc1cccc(NC(=O)Nc2ncc(CCNc3ncnc4ccsc34)s2)c1,7.64
57,CHEMBL2170412,Fc1cnc(Nc2ccc(CN3CCOCC3)cc2)nc1Nc4ccccc4Cl,7.64
58,CHEMBL3663735,O=C1CCCC2=C1C(c3cccc(Oc4nc5ccccc5[nH]4)c3)c6c[nH]nc6N2,7.64
59,CHEMBL491956,Oc1ccc(Nc2ncc(C#N)c(Nc3ccc(O)cc3)n2)cc1,7.64
60,CHEMBL3237181,CC(C)OC(=O)c1ccc(Nc2nc(Nc3cc(C)[nH]n3)cc(n2)N4CCN(C)CC4)cc1,7.66
61,CHEMBL3663740,CC1(C)CC2=C(C(c3cccc(Oc4nc5ccccc5[nH]4)c3)c6c[nH]nc6N2)C(=O)C1,7.66
62,CHEMBL3393478,CCOC(=O)c1[nH]cc2C(C3=C(CCCC3=O)Nc12)c4oc(Sc5nc6c(F)c(F)c(F)cc6[nH]5)cc4,7.66
63,CHEMBL3393476,CCOC(=O)c1[nH]cc2C(C3=C(CCCC3=O)Nc12)c4oc(Sc5nc6cc(F)c(F)cc6[nH]5)cc4,7.66
64,CHEMBL3393487,CCOC(=O)c1[nH]cc2C(C3=C(CNCC3=O)Nc12)c4oc(Sc5nc6cccc(Cl)c6[nH]5)cc4,7.66
65,CHEMBL1801131,CCSc1cn2c(cnc2c(Nc3cc(C)ns3)n1)c4cn[nH]c4,7.66
66,CHEMBL1099349,CCn1cc(c2ccnc3[nH]c(cc23)c4cccc(CN5CCCC5)c4)c(n1)c6ccc(NC(=O)Nc7ccccc7)cc6,7.66
67,CHEMBL3680412,CN(C)Cc1cccc(c1)C(=O)Nc2cccc(CNc3ncnc4c(cccc34)C(=O)N)c2,7.66
68,CHEMBL388978,CN[C@@H]1C[C@H]2O[C@@](C)([C@@H]1OC)n3c4ccccc4c5c6CNC(=O)c6c7c8ccccc8n2c7c35,7.66
69,CHEMBL3237184,COc1cccc(Nc2nc(Nc3cc(C)[nH]n3)cc(n2)N4CCN(C)CC4)c1,7.66
70,CHEMBL2023297,Cc1cn2c(cnc2c(Nc3cc(CN4CCCCC4)ns3)n1)c5cnn(CC(=O)NCc6cc(F)cc(F)c6)c5,7.66
71,CHEMBL2207504,Cc1nn(C)cc1c2nc3c(N4CCN(Cc5cncnc5)CC4)c(Cl)cnc3[nH]2,7.66
72,CHEMBL472193,FC(F)(F)c1cccc(NC(=O)Nc2ncc(CCNc3ncnc4ccsc34)s2)c1,7.66
73,CHEMBL1090912,O=C(Cc1ccccc1)Nc2ccc3[nH]nc(\C=C\c4ccccc4)c3c2,7.66
74,CHEMBL2170411,Fc1cnc(Nc2ccc(cc2)N3CCOCC3)nc1Nc4ccccc4Cl,7.67
75,CHEMBL2170415,NS(=O)(=O)c1ccc(Nc2ncc(F)c(Nc3ccccc3Cl)n2)cc1,7.67
76,CHEMBL2022120,CC1CCCN(Cc2cc(Nc3nc(C)cn4c(cnc34)c5cnn(CC(=O)NCc6ccccc6)c5)sn2)C1,7.68
77,CHEMBL3393488,CCOC(=O)c1[nH]cc2C(C3=C(CNCC3=O)Nc12)c4oc(Sc5nc6c(F)cccc6[nH]5)cc4,7.68
78,CHEMBL1215071,CN(C)S(=O)(=O)c1ccc2NC(=O)\C(=C/c3[nH]c4CCCC(=O)c4c3CCC(=O)O)\c2c1,7.68
79,CHEMBL2012398,Cn1cc(Nc2ncc3cnn([C@H]4CC[C@H]5CCC[C@@H]45)c3n2)cc1C(=O)N,7.68
80,CHEMBL2029906,CN1CCN(CC1)C(=O)c2cc(Nc3ncc4cc(CO)n(C5CCCC5)c4n3)cn2C,7.7
81,CHEMBL572878,CN1CCN(CC1)c2cc(Nc3cc(C)[nH]n3)nc(Sc4ccc(NC(=O)C5CC5)cc4)n2,7.7
82,CHEMBL3680451,CNCCOc1cccc(c1)C(=O)Nc2cccc(CNc3ncnc4c(cccc34)C(=O)N)c2,7.7
83,CHEMBL522476,COc1ccccc1Nc2nc(Nc3ccc(O)cc3)ncc2F,7.7
84,CHEMBL1825093,CS(=O)(=O)N(CCN)c1ccc(Nc2ncc3cnn(C4CCCCCC4)c3n2)cc1,7.7
85,CHEMBL3685283,C[C@@H](Nc1ncnc2c(cccc12)C(=O)N)c3cccc(N)c3,7.7
86,CHEMBL1777839,Cc1cc(Nc2cc(C)c(C#N)c(NCCO)n2)n[nH]1,7.7
87,CHEMBL1213077,Cc1cc(Nc2cc(nc(Sc3ccc(NC(=O)C4CC4)cc3)n2)N5CCN(CC(=O)O)CC5)n[nH]1,7.7
88,CHEMBL549322,Cc1cc(Nc2nc(Sc3ccccc3)nc4ccccc24)n[nH]1,7.7
89,CHEMBL491739,Cc1ccccc1NC(=O)c2ccc(Nc3nc(Nc4ccc(O)cc4)ncc3F)cc2,7.7
90,CHEMBL3393485,Cl.CCOC(=O)c1[nH]cc2[C@@H](C3=C(CN(CC3=O)C(=O)CN)Nc12)c4oc(Sc5nc6ccccc6[nH]5)cc4,7.7
91,CHEMBL1079713,Clc1cnc2[nH]c(Nc3ccc(CCNc4ncnc5ccsc45)cc3)nc2c1,7.7
92,CHEMBL2170420,Fc1cnc(Nc2ccccc2)nc1Nc3ccccc3Cl,7.7
93,CHEMBL3685217,NC(=O)c1cccc2c(NCc3cccc(NC(=O)c4n[nH]c5ccc(Cl)cc45)c3)ncnc12,7.7
94,CHEMBL2163393,Cc1cc(Nc2nc(Sc3ccc(NC(=O)CN4CC[C@H](C4)C(=O)Nc5ccc(F)cc5)cc3)nn6cccc26)n[nH]1,7.71
95,CHEMBL3717203,CC(C)(Nc1ccc(Cl)c(c1)C(=O)O)C(=O)Nc2nc3c(cc4[nH]ncc4c3s2)C(F)(F)F,7.72
96,CHEMBL3298373,CC1(C)CCc2c(C1)[nH]nc2C(=O)Nc3cnn(c3)[C@@H](C4CCNCC4)c5ccccc5,7.72
97,CHEMBL3675430,CCN(CC)C1CCN(C1)c2cc(ccn2)C(=O)Nc3cccc(c3)C(CN(C)C)Nc4ncnc5c(cccc45)C(=O)N,7.72
98,CHEMBL2012404,CN(C)C(=O)[C@@H]1CCCN1C(=O)c2cc(Nc3ncc4cnn(C5C[C@H]6C[C@H]6C5)c4n3)cn2C,7.72
99,CHEMBL3680393,CN(C)CCC(Nc1ncnc2c(cccc12)C(=O)N)C3=CCCC(=C3)NC(=O)c4ccccc4F,7.72
100,CHEMBL1084629,CNc1nc(C)c(s1)c2ccnc(Nc3ccc(cc3)N4CCOCC4)n2,7.72
101,CHEMBL465793,CNc1nccc(n1)c2cccnc2Oc3ccc(Nc4nc5ccccc5[nH]4)c6ccccc36,7.72
102,CHEMBL3685216,COc1ccc(cc1)C(=O)Nc2ccc3CCN(Cc3c2)c4ncnc5c(cccc45)C(=O)N,7.72
103,CHEMBL3685215,Cc1cc(nn1CC(=O)Nc2cccc(CNc3ncnc4c(cccc34)C(=O)N)c2)C(F)(F)F,7.72
104,CHEMBL1091643,Cc1cc2[nH]nc(\C=C\c3ccccc3)c2cc1NC(=O)Cc4ccccc4,7.72
105,CHEMBL577193,Cc1cnc(Nc2ccccc2)nc1c3c[nH]c(c3)C(=O)N[C@H](CO)c4cccc(Cl)c4,7.72
106,CHEMBL489913,Oc1ccc(Nc2ncc(F)c(Nc3ccc(cc3)C(=O)Nc4cccc(O)c4)n2)cc1,7.72
107,CHEMBL490711,Oc1ccc(Nc2ncc(F)c(Nc3ccc(cc3)C(=O)Nc4ccccc4)n2)cc1,7.72
108,CHEMBL2170441,OC(=O)c1cccc(Nc2nccc(Nc3ccccc3Cl)n2)c1,7.73
109,CHEMBL2170421,OC(=O)c1cccc(Nc2nccc(Nc3ccccc3C(=O)O)n2)c1,7.74
110,CHEMBL562497,CC(=O)Nc1ccc(Sc2nc(C)cc(Nc3cc(C)[nH]n3)n2)cc1,7.75
111,CHEMBL2022123,CC1CCCN(Cc2cc(Nc3nc(C)cn4c(cnc34)c5cnn(Cc6nc7ccccc7[nH]6)c5)sn2)C1,7.75
112,CHEMBL2398658,CCN(CC)CCOc1ccc(cc1)c2oc3ncnc(NCCc4ccc(NC(=O)Nc5ccccc5)cc4)c3c2,7.75
113,CHEMBL1258793,CN1CCN(CC1)c2ccc(cc2)C(=O)Nc3n[nH]c4cc(sc34)C(=O)N[C@H](CN5CCOCC5)c6ccccc6,7.75
114,CHEMBL1083150,CNc1ccc(Nc2nccc(n2)c3sc(C)nc3C)cc1,7.75
115,CHEMBL2170404,COCCNC(=O)c1ccc(Nc2nccc(Nc3ccccc3Cl)n2)cc1,7.75
116,CHEMBL216053,COc1cc2c(Nc3cc(CC(=O)Nc4cccc(F)c4F)[nH]n3)ncnc2cc1OCCCN(CCO)CC(C)C,7.75
117,CHEMBL387190,COc1cc2c(Nc3cc(CC(=O)Nc4ccccc4)[nH]n3)ncnc2cc1OCCCN5CCC(CO)CC5,7.75
118,CHEMBL3586473,COc1cccc(F)c1C2=NCc3cnc(Nc4ccc(cc4)C(=O)O)nc3c5ccc(Cl)cc25,7.75
119,CHEMBL1258913,O=C(N[C@H](CN1CCCC1)c2ccccc2)c3cc4[nH]nc(NC(=O)c5ccc(cc5)N6CCOCC6)c4s3,7.75
120,CHEMBL3393462,O=C1CCCC2=C1C(c3oc(Sc4nc5ccccc5[nH]4)cc3)c6cn[nH]c6N2,7.75
121,CHEMBL492410,Oc1ccc(Nc2ncc(F)c(Nc3ccc(NC(=O)c4ccccc4)cc3)n2)cc1,7.75
122,CHEMBL2170417,Oc1cc(Nc2ncc(F)c(Nc3ccccc3Cl)n2)ccc1c4nnn[nH]4,7.76
123,CHEMBL2012308,CC(C)n1ncc2cnc(Nc3cc(C(=O)N)n(C)c3)nc12,7.77
124,CHEMBL3680471,CC(Nc1ncnc2c(cccc12)C(=O)N)c3cccc(NC(=O)c4cc[n+]([O-])cc4)c3,7.77
125,CHEMBL204318,CCCCC(=O)Nc1ncc(Nc2ncnc3cc(OCCCN4CCOCC4)c(OC)cc23)cn1,7.77
126,CHEMBL3393489,CCOC(=O)c1[nH]cc2C(C3=C(CC(C)(C)CC3=O)Nc12)c4oc(Sc5nc6ccccc6[nH]5)cc4,7.77
127,CHEMBL3393497,CCOC(=O)c1[nH]cc2C(C3=C(CCCC3=O)Nc12)c4cccc(Oc5nc6ccccc6[nH]5)c4,7.77
128,CHEMBL3593824,CN(Cc1ccc2[nH]cnc2c1Cl)c3nccc(Nc4cc([nH]n4)C5CCC(=O)C5)n3,7.77
129,CHEMBL550825,CN(c1ccccc1)c2nc(Nc3cc(C)[nH]n3)c4ccccc4n2,7.77
130,CHEMBL564290,COc1ccc(Sc2nc(Nc3cc(C)[nH]n3)c4ccccc4n2)cc1OC,7.77
131,CHEMBL1083774,COc1ccc(cc1)c2nc3c(N4CCN(Cc5cc(C)on5)CC4)c(Br)cnc3[nH]2,7.77
132,CHEMBL1825096,CS(=O)(=O)Nc1ccc(Nc2ncc3cnn(C4CCCCCC4)c3n2)cn1,7.77
133,CHEMBL1651482,Cc1cc(NC2=NN(Cc3cccnc3)C(=O)c4ccccc24)n[nH]1,7.77
134,CHEMBL2163397,Cc1cc(Nc2nc(Sc3ccc(NC(=O)CN4CCC(C4)C(=O)C(C)(C)C)cc3)nn5cccc25)n[nH]1,7.77
135,CHEMBL1822657,Cc1cc(Nc2nc(Sc3ccc(NC(=O)CN4C[C@H](O)[C@H](C4)Oc5cccc(F)c5)cc3)nn6cccc26)n[nH]1,7.77
136,CHEMBL1822641,Cc1cc(Nc2nc(Sc3ccc(NC(=O)CN4C[C@H]5C[C@H]5[C@H]4CO)cc3)nn6cccc26)n[nH]1,7.77
137,CHEMBL1801115,Cc1cc(Nc2nc(cn3c(cnc23)c4cn[nH]c4)C5CC5)sn1,7.77
138,CHEMBL1090568,Cc1cc2[nH]nc(\C=C\c3ccccc3)c2cc1NC(=O)Cc4cccs4,7.77
139,CHEMBL2012402,Cn1cc(Nc2ncc3cnn(C4C[C@@H]5C[C@@H]5C4)c3n2)cc1C(=O)N,7.77
140,CHEMBL2012407,Cn1cc(Nc2ncc3cnn(C4C[C@H]5C[C@H]5C4)c3n2)cc1C(=O)N6CCCC6,7.77
141,CHEMBL1079538,FC(F)(F)c1cnc2[nH]c(Nc3ccc(CCNc4ncnc5ccsc45)cc3)nc2c1,7.77
142,CHEMBL1082507,CN(C)Cc1ccc(cc1)c2nc3c(N4CCN(CC(=O)Nc5nccs5)CC4)c(Br)cnc3[nH]2,7.8
143,CHEMBL3237165,CN1CCN(CC1)c2cc(Nc3cc(C)[nH]n3)nc(Nc4cccc(c4)[N+](=O)[O-])n2,7.8
144,CHEMBL463323,CNc1nccc(n1)c2cccnc2Oc3ccc(Nc4nc5ccc(cc5[nH]4)C(F)(F)F)c6ccccc36,7.8
145,CHEMBL2012414,COC[C@H]1CCCN1C(=O)c2cc(Nc3ncc4cnn(C5C[C@@H]6C[C@@H]6C5)c4n3)cn2C,7.8
146,CHEMBL603469,C[C@]12O[C@H](C[C@]1(O)CO)n3c4ccccc4c5c6C(=O)NCc6c7c8ccccc8n2c7c35,7.8
147,CHEMBL1098060,Cn1nc(C(=O)O)c2CCc3cnc(Nc4ccccc4)nc3c12,7.8
148,CHEMBL3675438,CC(Nc1ncnc2c(cccc12)C(=O)N)c3cccc(NC(=O)c4ccc5OCOc5c4)c3,7.82
149,CHEMBL3393473,CCOC(=O)c1[nH]cc2C(C3=C(CCCC3=O)Nc12)c4oc(Sc5nc6cc(F)ccc6[nH]5)cc4,7.82
150,CHEMBL3663739,CCc1[nH]cc2C(C3=C(CNCC3=O)Nc12)c4cccc(Sc5nc6ccccc6[nH]5)c4,7.82
151,CHEMBL3263053,CN(C)CC[C@@H](c1ccccc1)n2cc(NC(=O)c3n[nH]c4cc(ccc34)c5cn[nH]c5)cn2,7.82
152,CHEMBL1236904,CN1CCN(CC1)c2ccc(cc2)c3nc4ncc(Br)c(N5CCN(Cc6cc(C)on6)CC5)c4[nH]3,7.82
153,CHEMBL1086579,CN1CCN(CC1)c2nc3c(N4CCN(Cc5cc(C)on5)CC4)c(Br)cnc3[nH]2,7.82
154,CHEMBL1822639,Cc1cc(Nc2nc(Sc3ccc(NC(=O)CN4C[C@H](F)C[C@H]4CO)cc3)nn5cccc25)n[nH]1,7.82
155,CHEMBL1822658,Cc1cc(Nc2nc(Sc3ccc(NC(=O)CN4C[C@H](O)[C@H](C4)Oc5ccc(F)cc5)cc3)nn6cccc26)n[nH]1,7.82
156,CHEMBL571484,Cc1cnc(Nc2cccc3OCOc23)nc1c4c[nH]c(c4)C(=O)N[C@H](CO)c5cccc(Cl)c5,7.82
157,CHEMBL565459,Cc1cnc(Nc2ccccc2)nc1c3c[nH]c(c3)C(=O)N[C@H](CO)c4ccccc4,7.82
158,CHEMBL3087823,Cc1nn(C)cc1c2nc3c(Oc4ccc(cc4)C(=O)NC5CCC5)c(Cl)cnc3[nH]2,7.82
159,CHEMBL2207506,Cc1onc(CN2CCN(CC2)c3c(Br)cnc4[nH]c(nc34)c5cncn5C)c1,7.82
160,CHEMBL3393486,Cl.CCOC(=O)c1[nH]cc2[C@@H](C3=C(CN(CC3=O)C(=O)CN)Nc12)c4oc(Sc5nc6c(F)cccc6[nH]5)cc4,7.82
161,CHEMBL3685214,NC(=O)c1cccc2c(NC(CCN3CCCCC3)c4cccc(Nc5ccccn5)c4)ncnc12,7.82
162,CHEMBL2170414,NC(=O)c1ccc(Nc2ncc(F)c(Nc3ccccc3Cl)n2)cc1,7.84
163,CHEMBL1651454,CC(=O)c1cccc(c1)c2ccc(cc2)c3nc4c(N5CCN(Cc6cc(C)on6)CC5)c(Br)cnc4[nH]3,7.85
164,CHEMBL3717691,CC(C)(Nc1cccc(c1)S(=O)(=O)N)C(=O)Nc2nc3c(cc4[nH]ncc4c3s2)C(F)(F)F,7.85
165,CHEMBL1084630,CCNc1nc(C)c(s1)c2ccnc(Nc3ccc(cc3)N4CCOCC4)n2,7.85
166,CHEMBL1085833,CN(C)Cc1ccc(cc1)c2nc3c(N4CCN(Cc5cc(C)on5)CC4)c(Br)cnc3[nH]2,7.85
167,CHEMBL482968,CN1CCN(CC1)c2cc(Nc3cc(C)[nH]n3)nc(\C=C\c4ccccc4)n2,7.85
168,CHEMBL3237191,CN1CCN(CC1)c2cc(Nc3cc(C)[nH]n3)nc(\C=C\c4ccccc4)n2.OC(C(O)C(=O)O)C(=O)O,7.85
169,CHEMBL425280,COc1cc2c(Nc3cc(CC(=O)Nc4ccccc4F)[nH]n3)ncnc2cc1OCCCN5CCC(CO)CC5,7.85
170,CHEMBL595615,COc1cc2c(Nc3ccc(cc3)c4nc5ccccc5s4)ncnc2cc1OCCCN6CCN(C)CC6,7.85
171,CHEMBL491575,COc1ccc(NC(=O)c2ccc(Nc3nc(Nc4ccc(O)cc4)ncc3F)cc2)cc1,7.85
172,CHEMBL3680539,COc1ccc(cc1F)C(=O)NC2=CCCC(=C2)[C@H](C)Nc3ncnc4c(cccc34)C(=O)N,7.85
173,CHEMBL1825089,CS(=O)(=O)N(CCN1CCOCC1)c2ccc(Nc3ncc4cnn(C5CCCCCC5)c4n3)cc2,7.85
174,CHEMBL1651476,Cc1cc(NC2=NN(Cc3ccc(F)cc3)C(=O)c4ccccc24)n[nH]1,7.85
175,CHEMBL1822495,Cc1cc(Nc2nc(Sc3ccc(NC(=O)CN4CCC[C@H]4CO)cc3)nn5cccc25)n[nH]1,7.85
176,CHEMBL1801135,Cc1cc(Nc2nc(cn3c(cnc23)c4cn[nH]c4)C(=O)N5CCCC5)sn1,7.85
177,CHEMBL1215073,OC(=O)CCc1c(\C=C\2/C(=O)Nc3ccc(cc23)S(=O)(=O)N4CCCCC4)[nH]c5CCCC(=O)c15,7.85
178,CHEMBL523713,Oc1ccc(Nc2ncc(F)c(Nc3ccc(NC(=O)c4ccccc4F)cc3)n2)cc1,7.85
179,CHEMBL491774,Oc1ccc(Nc2ncc(c(Nc3ccc(O)cc3)n2)C(F)(F)F)cc1,7.85
180,CHEMBL2163413,CC(C)C(=O)N[C@@H]1CCN(CC(=O)Nc2ccc(Sc3nc(Nc4cc(C)[nH]n4)c5cccn5n3)cc2)C1,7.88
181,CHEMBL1257179,CC(NC(=O)c1cc2[nH]nc(NC(=O)c3ccc(cc3)N4CCN(C)CC4)c2s1)c5ccccc5,7.89
182,CHEMBL3675467,CN(CC(Nc1ncnc2c(cccc12)C(=O)N)c3cccc(NC(=O)c4ccccc4)c3)C(=O)OC(C)(C)C,7.89
183,CHEMBL1093265,CN1CCN(CC1)C(=O)Nc2cccc(\C=C\c3n[nH]c4cc(C)c(NC(=O)Cc5cccs5)cc34)c2,7.89
184,CHEMBL3237188,CN1CCN(CC1)c2cc(Nc3cc(C)[nH]n3)nc(Nc4ccc(Cl)cc4)n2,7.89
185,CHEMBL402548,CO[C@@H](C(=O)N1Cc2n[nH]c(NC(=O)c3ccc(cc3)N4CCN(C)CC4)c2C1)c5ccccc5,7.89
186,CHEMBL405120,COc1cc2c(Nc3cc(CC(=O)Nc4cccc(c4)C(F)(F)F)[nH]n3)ncnc2cc1OCCCN5CCC(CO)CC5,7.89
187,CHEMBL1821761,CS(=O)(=O)N(CCO)c1ccc(Nc2ncc3cnn(C4CCCCCC4)c3n2)cc1,7.89
188,CHEMBL1822659,Cc1cc(Nc2nc(Sc3ccc(NC(=O)CN4C[C@H](O)[C@H](C4)Oc5ccc(F)cc5F)cc3)nn6cccc26)n[nH]1,7.89
189,CHEMBL2207518,Cc1onc(CN2CCN(CC2)c3c(Cl)cnc4[nH]c(nc34)c5cn(C)nc5C)c1,7.89
190,CHEMBL2012403,Cn1cc(Nc2ncc3cnn([C@@H]4CC[C@H]5CCC[C@@H]45)c3n2)cc1C(=O)N,7.89
191,CHEMBL3670445,NC(=O)c1cccc(CNc2ncnc3c(cccc23)C(=O)N)c1,7.89
192,CHEMBL523923,O=C(Nc1cccnc1)Nc2c[nH]nc2c3nc4cc(CN5CCOCC5)ccc4[nH]3,7.89
193,CHEMBL489914,Oc1ccc(NC(=O)c2ccc(Nc3nc(Nc4ccc(O)cc4)ncc3F)cc2)cc1,7.89
194,CHEMBL2163410,CN1CCN(CCO[C@@H]2CCN(CC(=O)Nc3ccc(Sc4nc(Nc5cc(C)[nH]n5)c6cccn6n4)cc3)C2)CC1,7.9
195,CHEMBL2163396,Cc1cc(Nc2nc(Sc3ccc(NC(=O)CN4CC[C@H](C4)NS(=O)(=O)C)cc3)nn5cccc25)n[nH]1,7.91
196,CHEMBL2170413,OCCNC(=O)c1ccc(Nc2nccc(Nc3ccccc3Cl)n2)cc1,7.91
197,CHEMBL2022379,CC1CCCN(Cc2cc(Nc3nc(C)cn4c(cnc34)c5cnn(CC(=O)Nc6ccncc6)c5)sn2)C1,7.92
198,CHEMBL3685299,CC[C@@H](Nc1ncnc2c(cccc12)C(=O)N)C3=CC(=CCC3)NC(=O)c4ccc(OC)c(F)c4,7.92
199,CHEMBL3417325,CN1CCC(CC1)NC(=O)c2ccc(Nc3ncc(Br)c(NC4CCCC4)n3)cc2,7.92
200,CHEMBL3237164,CN1CCN(CC1)c2cc(Nc3cc(C)[nH]n3)nc(Nc4ccc(cc4)[N+](=O)[O-])n2,7.92
201,CHEMBL3685273,CN1CCN(CC1)c2ccc(cc2)C(=O)Nc3cccc(CNc4ncnc5c(cccc45)C(=O)N)c3,7.92
202,CHEMBL1083785,CNc1nc(C)c(s1)c2ccnc(Nc3ccc(cc3)N4CCN(CC4)C(=O)C)n2,7.92
203,CHEMBL2203768,COCCN1CCN(CC1)c2ccc(cc2)c3nc4c(N5CCN(Cc6cc(C)on6)CC5)c(Br)cnc4[nH]3,7.92
204,CHEMBL382054,COc1cc2c(Nc3ncc(CNS(=O)(=O)c4cccc(F)c4)s3)ncnc2cc1OCCCN5CCC(CO)CC5,7.92
205,CHEMBL1822485,Cc1cc(Nc2nc(Sc3ccc(NC(=O)C4CC4)cc3)nn5cccc25)n[nH]1,7.92
206,CHEMBL1822647,Cc1cc(Nc2nc(Sc3ccc(NC(=O)CN4C[C@H](O)[C@H](C4)OC(C)(C)C)cc3)nn5cccc25)n[nH]1,7.92
207,CHEMBL1083772,Clc1ccc(CN2CCN(CC2)c3c(Br)cnc4[nH]c(nc34)c5ccc(CN6CCOCC6)cc5)cc1,7.92
208,CHEMBL3680531,NC(=O)C1=C2N=CN=C(NC(CCN3CCCC3)c4cccc(NC(=O)c5ccccc5)c4)C2=CCC1,7.92
209,CHEMBL3685298,NC(=O)c1cc(OCCN2CCOCC2)cc3c(NCc4cccc(NC(=O)c5ccnc(c5)N6CCCC6)c4)ncnc13,7.92
210,CHEMBL3680513,NC(=O)c1cccc2c(NCc3cccc(NC(=O)c4csc(N)n4)c3)ncnc12,7.92
211,CHEMBL1980297,Nc1ncc(c2cnn(CCO)c2)c3scc(c4ccc(NC(=O)Nc5cccc(F)c5)cc4)c13,7.92
212,CHEMBL458420,O=C(Nc1ccccc1)Nc2c[nH]nc2c3nc4cc(CN5CCOCC5)ccc4[nH]3,7.92
213,CHEMBL1215148,OC(=O)CCc1c(\C=C\2/C(=O)Nc3ccc(NS(=O)(=O)c4ccccc4)cc23)[nH]c5CCCC(=O)c15,7.92
214,CHEMBL2163408,COCCO[C@@H]1CCN(CC(=O)Nc2ccc(Sc3nc(Nc4cc(C)[nH]n4)c5cccn5n3)cc2)C1,7.94
215,CHEMBL244793,OC(=O)c1ccccc1Nc2nc(Nc3ccccc3)ncc2F,7.95
216,CHEMBL2029905,CC(O)c1cc2cnc(Nc3cc(C(=O)N4CCN(C)CC4)n(C)c3)nc2n1C5CCCC5,7.96
217,CHEMBL3393065,CCOC(=O)c1[nH]cc2C(C3=C(CCCC3=O)Nc12)c4cc(Sc5nc6ccccc6[nH]5)cs4,7.96
218,CHEMBL3663742,CCOC(=O)c1[nH]cc2C(C3=C(CCCC3=O)Nc12)c4oc(Sc5nc6cccc(OC)c6[nH]5)cc4,7.96
219,CHEMBL3393491,CCOC(=O)c1[nH]cc2C(C3=C(CN(Cc4ccccc4)CC3=O)Nc12)c5oc(Sc6nc7ccccc7[nH]6)cc5,7.96
220,CHEMBL514409,CCS(=O)(=O)Nc1ccc2NC(=O)\C(=C(/Nc3ccc(CN4CCCCC4)cc3)\c5ccccc5)\c2c1,7.96
221,CHEMBL2029900,CN1CCN(CC1)C(=O)c2cc(Nc3ncc4cc(\C=N\O)n(C5CCCC5)c4n3)cn2C,7.96
222,CHEMBL2203770,CN1CCN(CC1)c2ccc(cc2F)c3nc4c(N5CCN(Cc6cc(C)on6)CC5)c(Cl)cnc4[nH]3,7.96
223,CHEMBL3393467,COC(=O)c1csc2C(C3=C(CCCC3=O)Nc12)c4oc(Sc5nc6ccccc6[nH]5)cc4,7.96
224,CHEMBL485337,COc1cc2c(Nc3ccc(s3)C(=O)Nc4ccccc4)ncnc2cc1OCCCN5CCOCC5,7.96
225,CHEMBL3237168,Cc1cc(Nc2cc(nc(Nc3ccc(cc3)[N+](=O)[O-])n2)N4CCOCC4)n[nH]1,7.96
226,CHEMBL2163409,Cc1cc(Nc2nc(Sc3ccc(NC(=O)CN4CC[C@H](C4)OCCN5CCOCC5)cc3)nn6cccc26)n[nH]1,7.96
227,CHEMBL1822654,Cc1cc(Nc2nc(Sc3ccc(NC(=O)CN4C[C@H](O)[C@H](C4)OC5CCCC5)cc3)nn6cccc26)n[nH]1,7.96
228,CHEMBL571722,Cc1cnc(Nc2cccc3OCCOc23)nc1c4c[nH]c(c4)C(=O)N[C@H](CO)c5cccc(Cl)c5,7.96
229,CHEMBL520053,Fc1ccc(NC(=O)Nc2ncc(CCNc3ncnc4ccsc34)s2)cc1Cl,7.96
230,CHEMBL3685332,NC(=O)c1cccc2c(NC(CCN3CCOCC3)c4cccc(NC(=O)c5cc(n[nH]5)C6CC6)c4)ncnc12,7.96
231,CHEMBL3685275,NC(=O)c1cccc2c(NCc3cccc(Nc4nc5ccc(cc5[nH]4)C(F)(F)F)c3)ncnc12,7.96
232,CHEMBL3685212,NC(=O)c1cccc2c(NCc3cccc(Nc4ncccn4)c3)ncnc12,7.96
233,CHEMBL3685213,NC(=O)c1cccc2c(Nc3cccc(CNC(=O)c4cccnc4)c3)ncnc12,7.96
234,CHEMBL259605,Nc1nc(Nc2ccc(cc2)S(=O)(=O)N)nn1C(O)c3c(F)cccc3F,7.96
235,CHEMBL1258794,O=C(Nc1n[nH]c2cc(sc12)C(=O)NCc3ccccc3)c4ccc(cc4)N5CCOCC5,7.96
236,CHEMBL2163406,Cc1cc(Nc2nc(Sc3ccc(NC(=O)CN4CC[C@@H](O)C4)cc3)nn5cccc25)n[nH]1,7.98
237,CHEMBL3685263,CC(Nc1ncnc2c(cccc12)C(=O)N)c3cccc(NC(=O)c4ccc(O)c(F)c4)c3,8.0
238,CHEMBL565183,CCC(=O)Nc1ccc(Sc2nc(Nc3cc(C)[nH]n3)cc(n2)C(C)(C)C)cc1,8.0
239,CHEMBL1257180,CCC(NC(=O)c1cc2[nH]nc(NC(=O)c3ccc(cc3)N4CCN(C)CC4)c2s1)c5ccccc5,8.0
240,CHEMBL3393477,CCOC(=O)c1[nH]cc2C(C3=C(CCCC3=O)Nc12)c4oc(Sc5nc6ccc(F)c(F)c6[nH]5)cc4,8.0
241,CHEMBL3237187,CN1CCN(CC1)c2cc(Nc3cc(C)[nH]n3)nc(Nc4cccc(Cl)c4)n2,8.0
242,CHEMBL1651456,CN1CCN(CC1)c2ccc(cc2)c3nc4c(N5CCN(Cc6cc(C)on6)CC5)c(Cl)cnc4[nH]3,8.0
243,CHEMBL1086582,CN1CCN(CC1)c2nc3c(N4CCN(Cc5cc(C)on5)CC4)c(Cl)cnc3[nH]2,8.0
244,CHEMBL3685238,CNc1cccc(c1)C(=O)Nc2cccc(CNc3ncnc4c(cccc34)C(=O)N)c2,8.0
245,CHEMBL1822489,Cc1cc(Nc2nc(Sc3ccc(NC(=O)C4CC4)cc3)nn5cc(NC(=O)CN6CCC[C@@H]6CO)cc25)n[nH]1,8.0
246,CHEMBL2163402,Cc1cc(Nc2nc(Sc3ccc(NC(=O)CN4CC[C@@H](C4)C(=O)N5CCCC5)cc3)nn6cccc26)n[nH]1,8.0
247,CHEMBL1822656,Cc1cc(Nc2nc(Sc3ccc(NC(=O)CN4C[C@H](O)[C@H](C4)Oc5ccccc5F)cc3)nn6cccc26)n[nH]1,8.0
248,CHEMBL1084636,Cc1onc(CN2CCN(CC2)c3c(Br)cnc4[nH]c(nc34)N5CCNCC5)c1,8.0
249,CHEMBL1082597,Cc1onc(CN2CCN(CC2)c3c(Br)cnc4[nH]c(nc34)c5ccc(CN)cc5)c1,8.0
250,CHEMBL1085607,Cc1onc(CN2CCN(CC2)c3c(Br)cnc4[nH]c(nc34)c5ccc(CN6CCNCC6)cc5)c1,8.0
251,CHEMBL1651457,Cc1onc(CN2CCN(CC2)c3c(Br)cnc4[nH]c(nc34)c5ccc(Cn6cccn6)cc5)c1,8.0
252,CHEMBL1651455,Cc1onc(CN2CCN(CC2)c3c(Br)cnc4[nH]c(nc34)c5ccc(cc5)N6CCNCC6)c1,8.0
253,CHEMBL1086584,Cc1onc(CN2CCN(CC2)c3c(Cl)cnc4[nH]c(nc34)N5CCN(Cn6cccn6)CC5)c1,8.0
254,CHEMBL2012410,Cn1cc(Nc2ncc3cnn(C4C[C@@H]5C[C@@H]5C4)c3n2)cc1C(=O)N6CCC[C@H]6CN7CCCC7,8.0
255,CHEMBL522563,Fc1ccc(cc1)C(=O)Nc2c[nH]nc2c3nc4ccc(CN5CCOCC5)cc4[nH]3,8.0
256,CHEMBL2170597,OC(=O)c1ccc(Nc2nccc(Nc3ccccc3)n2)cc1,8.0
257,CHEMBL521949,Oc1ccc(Nc2ncc(F)c(Nc3ccc(cc3)C(=O)Nc4ccccc4Cl)n2)cc1,8.0
258,CHEMBL3685229,CCN(CC)CCOC1CC=C(C=C1)C(O)Nc2cccc(CNc3ncnc4c(cccc34)C(=O)N)c2,8.01
259,CHEMBL1778660,Cc1cc(Nc2cc(C)c(C#N)c(SCCCCCC(C)(C)O)n2)n[nH]1,8.01
260,CHEMBL3685228,CN(C)CCCOC1=CC(=CCC1)C(=O)N\C=C\C(CNc2ncnc3c(cccc23)C(=O)N)CC=C,8.02
261,CHEMBL2163394,Cc1cc(Nc2nc(Sc3ccc(NC(=O)CN4CC[C@H](C4)C(=O)NC5CCCC5)cc3)nn6cccc26)n[nH]1,8.03
262,CHEMBL3600762,CCN1\C(=C\C=C\C2=[N+](CC)c3ccc(cc3C2(C)C)S(=O)(=O)O)\C(C)(CCCC(=O)NCCCC[C@@H](NC(=O)[C@@H](CCCNC(=N)N)NC(=O)[C@@H](CCCNC(=N)N)NC(=O)[C@@H](CCCNC(=N)N)NC(=O)[C@@H](CCCNC(=N)N)NC(=O)[C@@H](CCCNC(=N)N)NC(=O)[C@@H](CCCNC(=N)N)NC(=O)[C@H](Cc4ccc(cc4)C(=O)c5ccccc5)NC(=O)[C@H](Cc6ccc(cc6)C(=O)c7ccccc7)NC(=O)CCCNC(=O)[C@@]8(Cc9cccc(Nc%10nccs%10)n9)CC[C@@H](CC8)Oc%11cccc(Cl)c%11F)C(=O)N)c%12cc(ccc1%12)S(=O)(=O)O,8.04
263,CHEMBL3685211,COc1ccc(cc1)C(=O)Nc2ccc(C)c(CNc3ncnc4c(cccc34)C(=O)N)c2,8.04
264,CHEMBL1083484,Cc1nc(C)c(s1)c2ccnc(Nc3ccc(cc3)N4CCN(CC4)S(=O)(=O)C)n2,8.04
265,CHEMBL2203766,CC(=O)N1CCN(CC1)c2ccc(cc2)c3nc4c(N5CCN(Cc6cc(C)on6)CC5)c(Br)cnc4[nH]3,8.05
266,CHEMBL3087778,CC(=O)NC[C@@H]1CCN(C1)c2c(Cl)cnc3[nH]c(nc23)c4cn(C)nc4C,8.05
267,CHEMBL3685260,CC(Nc1ncnc2c(cc(OCc3ccccc3)cc12)C(=O)N)c4cccc(NC(=O)c5ccc(Br)cc5)c4,8.05
268,CHEMBL3393469,CCOC(=O)c1[nH]cc2C(C3=C(CCCC3=O)Nc12)c4oc(Sc5nc6ccccc6[nH]5)cc4,8.05
269,CHEMBL1230201,CC[C@@H](NC(=O)c1cc2[nH]nc(NC(=O)c3ccc(cc3)N4CCN(C)CC4)c2s1)c5ccccc5,8.05
270,CHEMBL385266,CN1CCN(CC1)c2ccc(cc2)C(=O)Nc3n[nH]c4CN(Cc34)C(=O)[C@H](F)c5ccccc5,8.05
271,CHEMBL593987,COc1cc2c(Nc3ccc(c(F)c3)c4nc5ccccc5s4)ncnc2cc1OCCCN6CCN(C)CC6,8.05
272,CHEMBL552500,COc1ccc(Sc2nc(Nc3cc(C)[nH]n3)c4ccccc4n2)cc1,8.05
273,CHEMBL1083801,COc1ccc(cc1)c2nc3c(N4CCN(Cc5cccnc5)CC4)c(Br)cnc3[nH]2,8.05
274,CHEMBL1651451,COc1ccc(cc1)c2nc3c(N4CCN(Cc5ccncc5)CC4)c(Br)cnc3[nH]2,8.05
275,CHEMBL385597,COc1cccc(NC(=O)Cc2cc(Nc3ncnc4cc(OCCCN5CCC(CO)CC5)c(OC)cc34)[nH]n2)c1,8.05
276,CHEMBL1825095,CS(=O)(=O)N(CCCN1CCCCC1)c2ccc(Nc3ncc4cnn(C5CCCCCC5)c4n3)cc2,8.05
277,CHEMBL518051,CS(=O)(=O)O.OC(=Nc1cccc(Cl)c1)Nc2ncc(CCN=C3NC=Nc4ccsc34)s2,8.05
278,CHEMBL1822637,Cc1cc(Nc2nc(Sc3ccc(NC(=O)CN4C[C@@H](C[C@H]4CO)OC(C)(C)C)cc3)nn5cccc25)n[nH]1,8.05
279,CHEMBL1822655,Cc1cc(Nc2nc(Sc3ccc(NC(=O)CN4C[C@H](OC(C)(C)C)C(=NO)C4)cc3)nn5cccc25)n[nH]1,8.05
280,CHEMBL556460,Cc1cc(Nc2nc(Sc3ccc(NC(=O)OC(C)(C)C)cc3)nc4ccccc24)n[nH]1,8.05
281,CHEMBL513078,Cc1cccc(NC(=O)Nc2ncc(CCNc3ncnc4ccsc34)s2)c1,8.05
282,CHEMBL2380837,Fc1cc(cc(c1)C(F)(F)F)C(=O)Nc2ccc(Nc3ccnc4NC(=O)c5ccccc5c34)cc2,8.05
283,CHEMBL2380836,Fc1cc(ccc1C(=O)Nc2ccc(Nc3ccnc4NC(=O)c5ccccc5c34)cc2)C(F)(F)F,8.05
284,CHEMBL2380823,Fc1ccccc1C(=O)Nc2ccc(Nc3ccnc4NC(=O)c5ccccc5c34)cc2,8.05
285,CHEMBL3685210,NC(=O)c1cccc2c(NCc3cccc(NC(=O)c4cnn5CCNCc45)c3)ncnc12,8.05
286,CHEMBL522941,Oc1ccc(Nc2ncc(F)c(Nc3ccc(cc3)C(=O)Nc4ccccc4F)n2)cc1,8.05
287,CHEMBL3680487,CC(Nc1ncnc2c(cccc12)C(=O)N)c3cccc(NC(=O)c4ccc(cc4)N5CCN(C)CC5)c3,8.06
288,CHEMBL2163398,Cc1cc(Nc2nc(Sc3ccc(NC(=O)CN4CCC(C4)C(=O)N5CCCC5)cc3)nn6cccc26)n[nH]1,8.06
289,CHEMBL2170587,CN(c1ccnc(Nc2ccc(cc2)C(=O)O)n1)c3ccccc3Cl,8.07
290,CHEMBL1777841,Cc1cc(Nc2cc(C)c(C#N)c(SCCCCCCO)n2)n[nH]1,8.07
291,CHEMBL3685209,Cc1nc2ccnc(Nc3cccc(CNc4ncnc5c(cccc45)C(=O)N)c3)c2[nH]1,8.07
292,CHEMBL3680502,COc1ccc(cc1F)C(=O)Nc2cccc(c2)C(CN(C)C(=O)OC(C)(C)C)Nc3ncnc4c(cccc34)C(=O)N,8.08
293,CHEMBL3670478,NC(=O)c1cccc2c(NCc3cccc(NC(=O)Cc4ccc(Cl)cc4)c3)ncnc12,8.08
294,CHEMBL3670465,NC(=O)c1cccc2c(NCc3cccc(NC(=O)N4CCCCC4)c3)ncnc12,8.08
295,CHEMBL1083786,CC(=O)N1CCN(CC1)c2ccc(Nc3nccc(n3)c4sc(C)nc4C)cc2,8.09
296,CHEMBL3680433,CN(C)CC(Nc1ncnc2c(cccc12)C(=O)N)c3cccc(NCc4ccc(Br)cc4)c3,8.09
297,CHEMBL3675352,NC(=O)c1cccc2c(NCc3ccccc3C(F)(F)F)ncnc12,8.09
298,CHEMBL1822652,CC(C)O[C@H]1CN(CC(=O)Nc2ccc(Sc3nc(Nc4cc(C)[nH]n4)c5cccn5n3)cc2)C[C@@H]1O,8.1
299,CHEMBL1822650,CCC(C)(C)O[C@H]1CN(CC(=O)Nc2ccc(Sc3nc(Nc4cc(C)[nH]n4)c5cccn5n3)cc2)C[C@@H]1O,8.1
300,CHEMBL3393475,CCOC(=O)c1[nH]cc2C(C3=C(CCCC3=O)Nc12)c4oc(Sc5nc6c(F)cc(F)cc6[nH]5)cc4,8.1
301,CHEMBL3393484,CCOC(=O)c1[nH]cc2C(C3=C(CN(CC)CC3=O)Nc12)c4oc(Sc5nc6ccccc6[nH]5)cc4,8.1
302,CHEMBL3237166,CN1CCN(CC1)c2cc(Nc3cc(C)[nH]n3)nc(Nc4ccc(cc4)C#N)n2,8.1
303,CHEMBL215636,COc1cc2c(Nc3cc(CC(=O)Nc4cccc(Cl)c4)[nH]n3)ncnc2cc1OCCCN5CCC(CO)CC5,8.1
304,CHEMBL1084859,COc1ccc(cc1)c2nc3c(N4CCN(Cc5cncnc5)CC4)c(Br)cnc3[nH]2,8.1
305,CHEMBL1822638,Cc1cc(Nc2nc(Sc3ccc(NC(=O)CN4CC(F)(F)C[C@H]4CO)cc3)nn5cccc25)n[nH]1,8.1
306,CHEMBL1822640,Cc1cc(Nc2nc(Sc3ccc(NC(=O)CN4C[C@@H](F)C[C@H]4CO)cc3)nn5cccc25)n[nH]1,8.1
307,CHEMBL1800086,Cc1cc(Nc2nc(cn3c(cnc23)c4cn[nH]c4)c5cccnc5)sn1,8.1
308,CHEMBL482967,Cc1nc(N)sc1c2ccnc(Nc3ccc(cc3)N4CCOCC4)n2,8.1
309,CHEMBL3680425,NC(=O)c1cccc2c(NC(CCN3CCCCC3)c4cccc(NC(=O)c5ccc(F)cc5F)c4)ncnc12,8.1
310,CHEMBL2063467,Nc1ncnn2ccc(C(=O)Nc3ccc(NC(=O)Nc4ccsc4)cc3)c12,8.1
311,CHEMBL1215146,OC(=O)CCc1c(\C=C\2/C(=O)Nc3ccc(cc23)S(=O)(=O)N4CCc5ccccc45)[nH]c6CCCC(=O)c16,8.1
312,CHEMBL491773,Oc1ccc(Nc2ncc(Cl)c(Nc3ccc(O)cc3)n2)cc1,8.1
313,CHEMBL3685296,CN(C)CCOc1cc(C(=O)N)c2ncnc(NCc3cccc(NC(=O)c4ccnc(c4)N5CCCC5)c3)c2c1,8.11
314,CHEMBL3237169,COC(=O)c1ccc(Nc2nc(Nc3cc(C)[nH]n3)cc(n2)N4CCN(C)CC4)cc1Cl,8.11
315,CHEMBL3680525,NC(=O)c1cccc2c(NCc3cccc(NC(=O)Nc4cccc(OCCN5CCOCC5)c4)c3)ncnc12,8.11
316,CHEMBL3685269,NC(=O)c1cccc2c(NCc3cccc(NC(=O)c4ccccc4C#N)c3)ncnc12,8.11
317,CHEMBL1084969,CC(=O)N1CCN(CC1)c2ccc(Nc3nccc(n3)c4sc(N)nc4C)cc2,8.12
318,CHEMBL3685208,NC(=O)c1cccc2c(NCc3cccc(Nc4ccc(N)cn4)c3)ncnc12,8.12
319,CHEMBL3675488,CN(CC(Nc1ncnc2c(cccc12)C(=O)N)c3cccc(NC(=O)c4ccc(F)c(F)c4)c3)C(=O)OC(C)(C)C,8.13
320,CHEMBL2029901,CN1CCN(CC1)C(=O)c2cc(Nc3ncc4cc(C#N)n(C5CCCC5)c4n3)cn2C,8.13
321,CHEMBL2207503,Cc1nn(C)cc1c2nc3c(N4CCN(Cc5ccc(Cl)cc5)CC4)c(Cl)cnc3[nH]2,8.13
322,CHEMBL3685286,NC(=O)c1cccc2c(NC(CCN3CCCCC3)c4cccc(NC(O)c5ccccc5)c4)ncnc12,8.13
323,CHEMBL3680518,NC(=O)c1cccc2c(NCc3cccc(NC(=O)c4ccc(CN5CCCC5)cc4)c3)ncnc12,8.13
324,CHEMBL3685270,CN1CCN(Cc2ccc(cc2)C(=O)Nc3cccc(CNc4ncnc5c(cccc45)C(=O)N)c3)CC1,8.14
325,CHEMBL3685207,COCCOc1ccccc1C(=O)Nc2cccc(CNc3ncnc4c(cccc34)C(=O)N)c2,8.14
326,CHEMBL3670416,COc1cc(CNc2cncc3c(cccc23)C(=O)N)cc(OC)c1,8.14
327,CHEMBL3680523,COCCNc1cc(ccn1)C(=O)Nc2cccc(CNc3ncnc4c(cccc34)C(=O)N)c2,8.15
328,CHEMBL3685205,CCN(CC)CCNCc1cc(C(=O)N)c2ncnc(NCc3cccc(NC(O)c4ccc(OC)cc4)c3)c2c1,8.16
329,CHEMBL46817,CN(C)c1ccc(Nc2nccc(n2)c3sc(C)nc3C)cc1,8.16
330,CHEMBL1822490,CN1CCN(CC1)C(=O)C(=O)Nc2cc3c(Nc4cc(C)[nH]n4)nc(Sc5ccc(NC(=O)C6CC6)cc5)nn3c2,8.16
331,CHEMBL483158,COc1cccc(F)c1C2=NCc3cnc(Nc4ccc(C(=O)O)c(OC)c4)nc3c5ccc(Cl)cc25,8.16
332,CHEMBL2380839,COc1ccccc1C(=O)Nc2ccc(Nc3ccnc4NC(=O)c5ccccc5c34)cc2,8.16
333,CHEMBL1822487,Cc1cc(Nc2nc(Sc3ccc(NC(=O)C4CC4)cc3)nn5cc(NC(=O)CN6CCOCC6)cc25)n[nH]1,8.16
334,CHEMBL1822661,Cc1cc(Nc2nc(Sc3ccc(NC(=O)CN4C[C@@H](O)[C@H](C4)Oc5ccc(F)cc5)cc3)nn6cccc26)n[nH]1,8.16
335,CHEMBL1822653,Cc1cc(Nc2nc(Sc3ccc(NC(=O)CN4C[C@H](O)[C@H](C4)OCC5CC5)cc3)nn6cccc26)n[nH]1,8.16
336,CHEMBL3087780,Cc1nn(C)cc1c2nc3c(N4CCC[C@@H](CNS(=O)(=O)C)C4)c(Cl)cnc3[nH]2,8.16
337,CHEMBL2203765,Cc1onc(CN2CCN(CC2)c3c(Br)cnc4[nH]c(nc34)c5ccc(cc5)N6CCOCC6)c1,8.16
338,CHEMBL2380835,Fc1c(cccc1C(F)(F)F)C(=O)Nc2ccc(Nc3ccnc4NC(=O)c5ccccc5c34)cc2,8.16
339,CHEMBL2380833,Fc1cc(F)cc(c1)C(=O)Nc2ccc(Nc3ccnc4NC(=O)c5ccccc5c34)cc2,8.16
340,CHEMBL2380832,Fc1ccc(cc1F)C(=O)Nc2ccc(Nc3ccnc4NC(=O)c5ccccc5c34)cc2,8.16
341,CHEMBL2380825,Fc1cccc(c1)C(=O)Nc2ccc(Nc3ccnc4NC(=O)c5ccccc5c34)cc2,8.16
342,CHEMBL3685206,NC(=O)c1cccc2c(NCc3cccc(NC(=O)[C@@H]4CCCN4C(=O)C(F)(F)F)c3)ncnc12,8.16
343,CHEMBL3685204,NC(=O)c1cccc2c(NCc3cccc(Nc4ncnc5nc[nH]c45)c3)ncnc12,8.16
344,CHEMBL1215072,OC(=O)CCc1c(\C=C\2/C(=O)Nc3ccc(cc23)S(=O)(=O)N4CCCC4)[nH]c5CCCC(=O)c15,8.16
345,CHEMBL3675323,CN1CCN(CCCOc2cc(C(=O)N)c3ncnc(NCc4ccc(cc4)C(F)(F)F)c3c2)CC1,8.17
346,CHEMBL3675321,NC(=O)c1cc(OCCCN2CCC[C@H]2CO)cc3c(NCc4ccc(cc4)C(F)(F)F)ncnc13,8.17
347,CHEMBL3685203,CN(C)CCCOC1CC=C(C=C1)C(=O)Nc2cccc(CNc3ncnc4c(cccc34)C(=O)N)c2,8.18
348,CHEMBL3670417,NC(=O)c1cccc2c(NCc3occc3)ncnc12,8.18
349,CHEMBL2170437,OC(=O)c1ccc(Nc2nccc(Nc3ccccc3Cl)n2)cc1O,8.18
350,CHEMBL3600763,CCN1\C(=C\C=C\C2=[N+](CC)c3ccc(cc3C2(C)C)S(=O)(=O)O)\C(C)(CCCC(=O)NCCCC[C@@H](NC(=O)[C@@H](CCCNC(=N)N)NC(=O)[C@@H](CCCNC(=N)N)NC(=O)[C@@H](CCCNC(=N)N)NC(=O)[C@@H](CCCNC(=N)N)NC(=O)[C@@H](CCCNC(=N)N)NC(=O)[C@@H](CCCNC(=N)N)NC(=O)[C@@H](Cc4ccc(cc4)C(=O)c5ccccc5)NC(=O)[C@@H](Cc6ccc(cc6)C(=O)c7ccccc7)NC(=O)CCCNC(=O)[C@@]8(Cc9cccc(Nc%10nccs%10)n9)CC[C@@H](CC8)Oc%11cccc(Cl)c%11F)C(=O)N)c%12cc(ccc1%12)S(=O)(=O)O,8.19
351,CHEMBL2163389,Cc1cc(Nc2nc(Sc3ccc(NC(=O)CN4CC[C@H](C4)C(=O)N5CCCCC5)cc3)nn6cccc26)n[nH]1,8.19
352,CHEMBL259084,OC(=O)c1ccc(Nc2ncc3CN=C(c4cc(Cl)ccc4c3n2)c5c(F)cccc5F)cc1,8.19
353,CHEMBL3670498,CN(C)c1cccc(n1)C(=O)Nc2cccc(CNc3ncnc4c(cccc34)C(=O)N)c2,8.2
354,CHEMBL1213110,COc1ccccc1CCNc2nc(NC(Cc3c[nH]c4ncccc34)C(=O)N)nc(n2)N(C)[C@@H](C)c5ccccc5,8.2
355,CHEMBL2163403,Cc1cc(Nc2nc(Sc3ccc(NC(=O)CN4CC[C@H](C4)C(=O)N5CCCC5)cc3)nn6cccc26)n[nH]1,8.2
356,CHEMBL2163392,Cc1cc(Nc2nc(Sc3ccc(NC(=O)CN4CC[C@H](C4)C(=O)NCCN5CCOCC5)cc3)nn6cccc26)n[nH]1,8.2
357,CHEMBL3685201,C[C@@H](Nc1ncnc2c(cccc12)C(=O)N)c3cccc(Nc4ccc(CN5CCOCC5)cn4)c3,8.21
358,CHEMBL1084860,Brc1cnc2[nH]c(nc2c1N3CCN(Cc4cncnc4)CC3)c5ccc(CN6CCOCC6)cc5,8.22
359,CHEMBL1082492,Brc1cnc2[nH]c(nc2c1N3CCN(Cc4cscn4)CC3)c5ccc(CN6CCOCC6)cc5,8.22
360,CHEMBL201655,CCCCc1cnc(Nc2ncnc3cc(OCCCN4CCOCC4)c(OC)cc23)s1,8.22
361,CHEMBL2203767,CCN1CCN(CC1)c2ccc(cc2)c3nc4c(N5CCN(Cc6cc(C)on6)CC5)c(Cl)cnc4[nH]3,8.22
362,CHEMBL3600868,CCN1\C(=C\C=C\C2=[N+](CC)c3ccc(cc3C2(C)C)S(=O)(=O)O)\C(C)(CCCC(=O)NCCCC[C@@H](NC(=O)[C@H](CCCNC(=N)N)NC(=O)[C@H](CCCNC(=N)N)NC(=O)[C@H](CCCNC(=N)N)NC(=O)[C@H](CCCNC(=N)N)NC(=O)[C@H](CCCNC(=N)N)NC(=O)[C@H](CCCNC(=N)N)NC(=O)[C@@H](Cc4ccc(cc4)N=[N+]=[N-])NC(=O)[C@@H](Cc5ccc(cc5)N=[N+]=[N-])NC(=O)CCNC(=O)[C@@]6(Cc7cccc(Nc8nccs8)n7)CC[C@@H](CC6)Oc9cccc(Cl)c9F)C(=O)N)c%10cc(ccc1%10)S(=O)(=O)O,8.22
363,CHEMBL3393490,CCOC(=O)c1[nH]cc2C(C3=C(CN(CC3=O)C(=O)OC(C)(C)C)Nc12)c4oc(Sc5nc6ccccc6[nH]5)cc4,8.22
364,CHEMBL3663733,CCc1[nH]cc2C(C3=C(CCCC3=O)Nc12)c4cccc(Oc5nc6ccccc6[nH]5)c4,8.22
365,CHEMBL385872,CN1CCN(CC1)c2ccc(cc2)C(=O)Nc3n[nH]c4CN(Cc34)C(=O)[C@H](O)c5ccccc5,8.22
366,CHEMBL1825091,CS(=O)(=O)N(CCCO)c1ccc(Nc2ncc3cnn(C4CCCCCC4)c3n2)cc1,8.22
367,CHEMBL1801109,CS(=O)(=O)N1CCC(CC1)c2cc(Nc3nccn4c(cnc34)c5cn[nH]c5)sn2,8.22
368,CHEMBL1257296,C[C@@H](NC(=O)c1cc2[nH]nc(NC(=O)c3ccc(cc3)N4CCN(C)CC4)c2s1)c5ccccc5,8.22
369,CHEMBL562157,Cc1cc(Nc2nc(Sc3ccc(Cl)cc3)nc4ccccc24)n[nH]1,8.22
370,CHEMBL1822649,Cc1cc(Nc2nc(Sc3ccc(NC(=O)CN4C[C@H](O)[C@H](C4)OC(C)(C)C(F)(F)F)cc3)nn5cccc25)n[nH]1,8.22
371,CHEMBL2207499,Cc1nonc1CN2CCN(CC2)c3c(Cl)cnc4[nH]c(nc34)c5cn(C)nc5C,8.22
372,CHEMBL2012408,Cn1cc(Nc2ncc3cnn(C4C[C@@H]5C[C@@H]5C4)c3n2)cc1C(=O)N6CCC[C@H]6C(=O)N,8.22
373,CHEMBL3680432,NC(=O)c1cccc2c(NC(CCN3CCCCC3)c4cccc(NC(=O)c5ccc(cc5F)C(F)(F)F)c4)ncnc12,8.22
374,CHEMBL2170592,OC(=O)c1ccc(Nc2nccc(Nc3ccccc3C(=O)O)n2)cc1,8.22
375,CHEMBL523991,Oc1ccc(Nc2ncc(F)c(Nc3ccc(NC(=O)c4ccccc4Cl)cc3)n2)cc1,8.22
376,CHEMBL3680534,CC(C)OC(=O)N(C)CC(NC1=NC=NC2=C(CCC=C12)C(=O)N)c3cccc(NC(=O)c4ccc(Br)cc4)c3,8.23
377,CHEMBL3685289,COc1ccc(cc1)C(=O)Nc2cccc(c2)C(CCN3CCC3)Nc4ncnc5c(cccc45)C(=O)N,8.23
378,CHEMBL522891,O=C(Nc1c[nH]nc1c2nc3ccccc3[nH]2)c4ccccc4,8.23
379,CHEMBL3600764,CCN1\C(=C\C=C\C2=[N+](CC)c3ccc(cc3C2(C)C)S(=O)(=O)O)\C(C)(CCCC(=O)NCCCC[C@@H](NC(=O)[C@@H](CCCNC(=N)N)NC(=O)[C@@H](CCCNC(=N)N)NC(=O)[C@@H](CCCNC(=N)N)NC(=O)[C@@H](CCCNC(=N)N)NC(=O)[C@@H](CCCNC(=N)N)NC(=O)[C@@H](CCCNC(=N)N)NC(=O)[C@H](Cc4ccc(cc4)N=[N+]=[N-])NC(=O)[C@H](Cc5ccc(cc5)N=[N+]=[N-])NC(=O)CCNC(=O)[C@@]6(Cc7cccc(Nc8nccs8)n7)CC[C@@H](CC6)Oc9cccc(Cl)c9F)C(=O)N)c%10cc(ccc1%10)S(=O)(=O)O,8.24
380,CHEMBL2163404,Cc1cc(Nc2nc(Sc3ccc(NC(=O)CN4CC[C@H](C4)C(=O)N5CCC(F)(F)C5)cc3)nn6cccc26)n[nH]1,8.24
381,CHEMBL3675325,NC(=O)c1cc(OCCCNCCO)cc2c(NCc3ccc(cc3)C(F)(F)F)ncnc12,8.24
382,CHEMBL496754,O=C(NC1CCCCC1)Nc2c[nH]nc2c3nc4cc(CN5CCOCC5)ccc4[nH]3,8.24
383,CHEMBL2163387,Cc1cc(Nc2nc(Sc3ccc(NC(=O)CN4CC[C@H](C4)C(=O)NC(C)(C)C)cc3)nn5cccc25)n[nH]1,8.25
384,CHEMBL1483261,C1Cc2ccccc2CN1c3ncnc4scc(c5ccccc5)c34,8.26
385,CHEMBL3680458,CN(C)CCC(Nc1ncnc2c(cccc12)C(=O)N)c3cccc(NC(=O)c4cc(F)ccc4F)c3,8.26
386,CHEMBL3685200,NC(=O)c1cccc2c(NCC3CC=CC(=C3)NC(=O)c4ccncc4)ncnc12,8.26
387,CHEMBL3685279,COc1cccc(OC)c1C(=O)Nc2cccc(CNc3ncnc4c(cccc34)C(=O)N)c2,8.27
388,CHEMBL1780257,CC(=O)Nc1ccc(Sc2nc(Nc3cc(C)[nH]n3)cc(C)c2C#N)cc1,8.28
389,CHEMBL3580976,CCN(Cc1ccc2[nH]cnc2c1Cl)c3nccc(Nc4cc([nH]n4)C5CC5)n3,8.28
390,CHEMBL560556,CCC(=O)Nc1ccc(Sc2nc(C)cc(Nc3cc(C)[nH]n3)n2)cc1,8.29
391,CHEMBL1213153,CNc1nc(NCCc2ccccc2OC)nc(Nc3ccc4ncccc4c3)n1,8.29
392,CHEMBL2163411,Cc1cc(Nc2nc(Sc3ccc(NC(=O)CN4CC[C@H](C4)OCCCN5CCOCC5)cc3)nn6cccc26)n[nH]1,8.29
393,CHEMBL3680457,Cn1cnc2c(Nc3cccc(CNc4ncnc5c(cccc45)C(=O)N)c3)nccc12,8.29
394,CHEMBL2170422,OC(=O)c1cccc(Nc2ncc(F)c(Nc3ccccc3C(=O)O)n2)c1,8.29
395,CHEMBL1084858,Brc1cnc2[nH]c(nc2c1N3CCN(Cc4cccnc4)CC3)c5ccc(CN6CCOCC6)cc5,8.3
396,CHEMBL1651453,Brc1cnc2[nH]c(nc2c1N3CCN(Cc4ccncc4)CC3)c5ccc(CN6CCOCC6)cc5,8.3
397,CHEMBL192928,CC(C)(C)c1ccc(cc1)C(=O)Nc2[nH]nc3CN(Cc23)C(=O)Cc4ccsc4,8.3
398,CHEMBL484007,CC(C)(C)c1ccc(cc1)C(=O)Nc2n[nH]c3CN(Cc23)C(=O)Cc4cccs4,8.3
399,CHEMBL1825092,CC(C)N(c1ccc(Nc2ncc3cnn(C4CCCCCC4)c3n2)cc1)S(=O)(=O)C,8.3
400,CHEMBL1084715,CCNc1nc(C)c(s1)c2ccnc(Nc3ccc(CNC(=O)C)cc3)n2,8.3
401,CHEMBL3087781,CN(C[C@H]1CCCN(C1)c2c(Cl)cnc3[nH]c(nc23)c4cn(C)nc4C)S(=O)(=O)C,8.3
402,CHEMBL2029913,CN1CCN(CC1)C(=O)c2cc(Nc3ncc4cc(c5ccnn5C)n(C6CCCC6)c4n3)cn2C,8.3
403,CHEMBL3237167,CN1CCN(CC1)c2cc(Nc3cc(C)[nH]n3)nc(Nc4ccc(cc4)S(=O)(=O)N)n2,8.3
404,CHEMBL3680411,COCCN(C)c1cc(ccn1)C(=O)Nc2cccc(CNc3ncnc4c(cccc34)C(=O)N)c2,8.3
405,CHEMBL1822651,COCCO[C@H]1CN(CC(=O)Nc2ccc(Sc3nc(Nc4cc(C)[nH]n4)c5cccn5n3)cc2)C[C@@H]1O,8.3
406,CHEMBL373013,COc1cc2c(Nc3ncc(CC(=O)Nc4cccc(F)c4)s3)ncnc2cc1OCCCNCCO,8.3
407,CHEMBL3680505,COc1ccc(cc1F)C(=O)Nc2cccc(c2)C(CCN(C)C)Nc3ncnc4c(cccc34)C(=O)N,8.3
408,CHEMBL1825090,CS(=O)(=O)N(CCCN1CCOCC1)c2ccc(Nc3ncc4cnn(C5CCCCCC5)c4n3)cc2,8.3
409,CHEMBL1258912,C[C@@H](NC(=O)c1cc2[nH]nc(NC(=O)c3ccc(cc3)N4CCOCC4)c2s1)c5ccccc5,8.3
410,CHEMBL561834,Cc1cc(Nc2nc(Sc3c(Cl)cccc3Cl)nc4ccccc24)n[nH]1,8.3
411,CHEMBL1822648,Cc1cc(Nc2nc(Sc3ccc(NC(=O)CN4C[C@H](O)[C@@H](F)C4)cc3)nn5cccc25)n[nH]1,8.3
412,CHEMBL562415,Cc1cc(Nc2nc(Sc3ccccc3Cl)nc4ccccc24)n[nH]1,8.3
413,CHEMBL3087779,Cc1nn(C)cc1c2nc3c(N4CCC[C@H](CNS(=O)(=O)C)C4)c(Cl)cnc3[nH]2,8.3
414,CHEMBL2380831,Fc1cccc(F)c1C(=O)Nc2ccc(Nc3ccnc4NC(=O)c5ccccc5c34)cc2,8.3
415,CHEMBL3670487,NC(=O)c1cccc2c(NCc3cccc(NC(=O)c4cccc(Cl)n4)c3)ncnc12,8.3
416,CHEMBL3680424,NC(=O)c1cccc2c(NCc3cccc(NC(=O)c4cccc(OCCO)c4)c3)ncnc12,8.3
417,CHEMBL3675418,CN(C)CC(Nc1ncnc2c(cccc12)C(=O)N)c3cccc(NC(=O)c4ccnc(c4)N(C)C)c3,8.31
418,CHEMBL3675381,NC(=O)c1cc(N)cc2c(NCc3ccc(Cl)c(c3)C(F)(F)F)ncnc12,8.31
419,CHEMBL3685239,CCN(CC)CCOc1cc(C(=O)N)c2ncnc(NCc3cccc(NC(=O)c4ccc(OC)cc4)c3)c2c1,8.32
420,CHEMBL3670453,NC(=O)c1cccc2c(NCc3cccc(NC(=O)Nc4ccccc4C(F)(F)F)c3)ncnc12,8.33
421,CHEMBL3680450,COCCCOC1CC=CC(=C1)C(=O)Nc2cccc(CNc3ncnc4c(cccc34)C(=O)N)c2,8.35
422,CHEMBL1777840,Cc1cc(Nc2cc(C)c(C#N)c(NCCCCCCO)n2)n[nH]1,8.35
423,CHEMBL2163407,Cc1cc(Nc2nc(Sc3ccc(NC(=O)CN4CC[C@H](C4)OCCO)cc3)nn5cccc25)n[nH]1,8.35
424,CHEMBL2170589,OC(=O)c1cccc(Nc2ncc(F)c(Nc3ccccc3Cl)n2)c1,8.35
425,CHEMBL3639793,C[C@@H](Nc1ncnc2c(cccc12)C(=O)N)c3cccc(NC(=O)c4ccc(CN5CCCC5)cc4)c3,8.36
426,CHEMBL3680497,NC(=O)c1cccc2c(NCc3cccc(NC(=O)c4ccnc(NCCO)c4)c3)ncnc12,8.36
427,CHEMBL3675533,NC(=O)c1cccc2c(NCc3cccc(NC(=O)c4cncc(c4)N5CCOCC5)c3)ncnc12,8.36
428,CHEMBL508307,CC(=O)N1CCN(CC1)C(=O)Cc2ccc(Nc3ncc(F)c(Nc4ccc(cc4)C(=O)Nc5ccccc5Cl)n3)cc2,8.37
429,CHEMBL3680607,CCN1CCC(C1)C(=O)Nc2cccc(c2)[C@@H](C)Nc3ncnc4c(cccc34)C(=O)N,8.38
430,CHEMBL2163395,Cc1cc(Nc2nc(Sc3ccc(NC(=O)CN4CC[C@H](C4)C(=O)NC5CCC5)cc3)nn6cccc26)n[nH]1,8.38
431,CHEMBL3680606,NC(=O)c1cccc2c(NCC3CC=C\C(=N/C(O)c4c[nH]c5ncccc45)\C3)ncnc12,8.38
432,CHEMBL3680605,NC(=O)c1cccc2c(Nc3cccc(CNC(=O)c4ccc(cc4)C(F)(F)F)c3)ncnc12,8.38
433,CHEMBL3087777,CC(=O)N[C@@H]1CCN(C1)c2c(Cl)cnc3[nH]c(nc23)c4cn(C)nc4C,8.4
434,CHEMBL484950,CC(=O)Nc1ccc(Sc2nc(Nc3cc(C)n[nH]3)c4ccccc4n2)cc1,8.4
435,CHEMBL3685285,CC(Nc1ncnc2c(cccc12)C(=O)N)c3cccc(NC(=O)c4ccc(CN5CCCC5)cc4)c3,8.4
436,CHEMBL223147,CCN1C(=O)C(C)(C)c2cc3[nH]c4c(CCCc5c(C)n[nH]c45)c3cc12,8.4
437,CHEMBL3393479,CCOC(=O)c1[nH]cc2C(C3=C(CCCC3=O)Nc12)c4oc(Sc5nc6cccc(Cl)c6[nH]5)cc4,8.4
438,CHEMBL3393474,CCOC(=O)c1[nH]cc2C(C3=C(CCCC3=O)Nc12)c4oc(Sc5nc6cccc(F)c6[nH]5)cc4,8.4
439,CHEMBL3663741,CCOC(=O)c1[nH]cc2[C@H](C3=C(CCCC3=O)Nc12)c4oc(Sc5nc6ccccc6[nH]5)cc4,8.4
440,CHEMBL2012411,COC[C@@H]1CCCN1C(=O)c2cc(Nc3ncc4cnn(C5C[C@@H]6C[C@@H]6C5)c4n3)cn2C,8.4
441,CHEMBL482774,COc1cc2c(Nc3ncc(s3)C(=O)Nc4ccccc4)ncnc2cc1OCCCN5CCOCC5,8.4
442,CHEMBL1082291,COc1ccc(cc1)c2nc3c(N4CCN(Cc5cscn5)CC4)c(Br)cnc3[nH]2,8.4
443,CHEMBL2170431,COc1ccccc1Nc2ccnc(Nc3ccc(cc3)C(=O)O)n2,8.4
444,CHEMBL2163391,Cc1cc(Nc2nc(Sc3ccc(NC(=O)CN4CC[C@H](C4)C(=O)N5CCC(O)CC5)cc3)nn6cccc26)n[nH]1,8.4
445,CHEMBL2163390,Cc1cc(Nc2nc(Sc3ccc(NC(=O)CN4CC[C@H](C4)C(=O)N5CCOCC5)cc3)nn6cccc26)n[nH]1,8.4
446,CHEMBL2163401,Cc1cc(Nc2nc(Sc3ccc(NC(=O)CN4CC[C@H](C4)S(=O)(=O)C(C)(C)C)cc3)nn5cccc25)n[nH]1,8.4
447,CHEMBL562416,Cc1cc(Nc2nc(Sc3cccc(Cl)c3)nc4ccccc24)n[nH]1,8.4
448,CHEMBL1085626,Cc1nc(C)c(s1)c2ccnc(Nc3ccc(cc3)N4CCOCC4)n2,8.4
449,CHEMBL2203764,Cc1onc(CN2CCN(CC2)c3c(Cl)cnc4[nH]c(nc34)c5cn(C)nc5C6CC6)c1,8.4
450,CHEMBL2012409,Cn1cc(Nc2ncc3cnn(C4C[C@@H]5C[C@@H]5C4)c3n2)cc1C(=O)N6CCC[C@H]6CO,8.4
451,CHEMBL486850,FC(F)(F)c1cc(CN2CCCC2)cc(NC(=O)Nc3ncc(CCNc4ncnc5ccsc45)s3)c1,8.4
452,CHEMBL2380824,FC(F)(F)c1ccccc1C(=O)Nc2ccc(Nc3ccnc4NC(=O)c5ccccc5c34)cc2,8.4
453,CHEMBL2380827,Fc1ccc(cc1)C(=O)Nc2ccc(Nc3ccnc4NC(=O)c5ccccc5c34)cc2,8.4
454,CHEMBL2380845,O=C(Nc1ccc(Nc2ccnc3NC(=O)c4ccccc4c23)cc1)c5ccccc5,8.4
455,CHEMBL561617,CCC(=O)Nc1ccc(Sc2nc(Nc3cc(C)[nH]n3)cc(n2)C4CC4)cc1,8.41
456,CHEMBL557682,CCC(=O)Nc1ccc(Sc2nc(Nc3cc(C)[nH]n3)cc(n2)c4cccnc4)cc1,8.41
457,CHEMBL3675504,CN(C)CCC(Nc1ncnc2c(cccc12)C(=O)N)C3=CCCC(=C3)NC(=O)c4cccc(F)c4F,8.41
458,CHEMBL3675505,NC(=O)c1cccc2c(NC(CCN3CCCC3)c4cccc(NC(=O)c5ccc(F)cc5F)c4)ncnc12,8.41
459,CHEMBL3675379,NC(=O)c1cccc2c(NCc3cccc(c3)C(F)(F)F)ccnc12,8.41
460,CHEMBL2170602,OC(=O)c1ccc(Nc2ncc(F)c(Nc3ccccc3C(=O)O)n2)cc1,8.41
461,CHEMBL3685301,CC(Nc1ncnc2c(cc(OCc3ccccc3)cc12)C(=O)N)c4cccc(NC(=O)OC(C)(C)C)c4,8.42
462,CHEMBL1780258,CCCCCCSc1nc(Nc2cc(C)[nH]n2)cc(C)c1C#N,8.42
463,CHEMBL1213108,CCCCN(C)c1nc(NCCc2ccccc2OC)nc(NC(Cc3c[nH]c4ncccc34)C(=O)N)n1,8.42
464,CHEMBL482779,CCC(=O)Nc1ccc(Sc2nc(Nc3cc(C)[nH]n3)cc(n2)N4CCNCC4)cc1,8.43
465,CHEMBL3675521,CN(CC(Nc1ncnc2c(cccc12)C(=O)N)c3cccc(NC(=O)c4c(F)cccc4F)c3)C(=O)OC(C)(C)C,8.43
466,CHEMBL1213111,COc1ccccc1CCNc2nc(NC(Cc3c[nH]c4ncccc34)C(=O)N)nc(Nc5ccc6ncccc6c5)n2,8.43
467,CHEMBL2170427,OC(=O)c1ccc(Nc2nccc(Nc3ccccc3F)n2)cc1,8.43
468,CHEMBL3680399,CC(Nc1ncnc2c(cccc12)C(=O)N)c3cccc(NC(=O)c4cnc(C)cn4)c3,8.44
469,CHEMBL3680439,FC1CC=CC(=C1C(=O)Nc2cccc(c2)C(CCN3CCCC3)NC4\C=C\CC\C=C\N=C/N=4)F,8.44
470,CHEMBL3680604,NC(=O)c1cccc2c(NCc3cccc(Nc4ccc(cn4)C(F)(F)F)c3)ncnc12,8.44
471,CHEMBL3670504,COCCN(C)CCCOc1cc(C(=O)N)c2ncnc(NCc3ccc(cc3)C(F)(F)F)c2c1,8.46
472,CHEMBL3680603,Cc1ccc2ccnc(Nc3cccc(CNc4ncnc5c(cccc45)C(=O)N)c3)c2c1,8.46
473,CHEMBL496569,O=C(Nc1c[nH]nc1c2nc3cc(CN4CCOCC4)ccc3[nH]2)c5ccccc5,8.46
474,CHEMBL502124,CCN1CCN(CC1)C(=O)Cc2ccc(Nc3ncc(F)c(Nc4ccc(cc4)C(=O)Nc5ccccc5Cl)n3)cc2,8.47
475,CHEMBL3680492,CN1CCN(CC1)c2ccc(cc2C(F)(F)F)C(=O)Nc3cccc(CNc4nncc5c(cccc45)C(=O)N)c3,8.47
476,CHEMBL3670505,NC(=O)c1cc(OCCCN2CCN(CCO)CC2)cc3c(NCc4ccc(cc4)C(F)(F)F)ncnc13,8.47
477,CHEMBL3680517,NC(=O)c1cccc2c(NCc3cccc(NC(=O)c4c[nH]c5ccccc45)c3)ncnc12,8.47
478,CHEMBL3685253,COc1ccc(cc1)C(=O)Nc2cccc(CN(C)c3ncnc4c(cccc34)C(=O)N)c2,8.48
479,CHEMBL495727,O=C(NC1CC1)Nc2c[nH]nc2c3nc4cc(CN5CCOCC5)ccc4[nH]3,8.48
480,CHEMBL2170436,OC(=O)Cc1ccc(Nc2nccc(Nc3ccccc3Cl)n2)cc1,8.48
481,CHEMBL2170424,OC(=O)c1ccc(Nc2ncc(Cl)c(Nc3ccccc3C(=O)O)n2)cc1,8.5
482,CHEMBL3680602,CC(Nc1ncnc2c(cccc12)C(=O)N)c3cccc(NC(=O)CC(F)(F)F)c3,8.51
483,CHEMBL3685268,CC(Nc1ncnc2c(cccc12)C(=O)N)c3cccc(NC(=O)c4ccc(CN(C)C)cc4)c3,8.51
484,CHEMBL3680438,C[C@@H](Nc1ncnc2c(cccc12)C(=O)N)c3cccc(NC(=O)c4cnc(C)cn4)c3,8.51
485,CHEMBL2170416,Clc1ccccc1Nc2ccnc(Nc3ccc(cc3)c4nnn[nH]4)n2,8.51
486,CHEMBL3680419,NC(=O)c1cccc2c(NC(CCN3CCCCC3)c4cccc(NC(=O)c5c(F)cccc5F)c4)ncnc12,8.51
487,CHEMBL1086088,CCNc1nc(C)c(s1)c2ccnc(Nc3cc(OC)c(OC)c(OC)c3)n2,8.52
488,CHEMBL3663737,CCc1[nH]cc2C(C3=C(CC(C)(C)CC3=O)Nc12)c4cccc(Oc5nc6ccccc6[nH]5)c4,8.52
489,CHEMBL2022968,CN(C)S(=O)(=O)c1ccccc1Nc2nc(Nc3ccc(CN4CCN(C)CC4)cc3)ncc2Cl,8.52
490,CHEMBL3580975,CN(Cc1ccc2[nH]cnc2c1Cl)c3nccc(Nc4cc([nH]n4)C5CC5)n3,8.52
491,CHEMBL381724,COc1cc2c(Nc3cnc(NC(=O)c4ccccc4)nc3)ncnc2cc1OCCCN5CCOCC5,8.52
492,CHEMBL2380838,COc1cccc(F)c1C(=O)Nc2ccc(Nc3ccnc4NC(=O)c5ccccc5c34)cc2,8.52
493,CHEMBL564459,Cc1cc(Nc2nc(Sc3cccc(Cl)c3Cl)nc4ccccc24)n[nH]1,8.52
494,CHEMBL2380826,Cc1ccc(cc1)C(=O)Nc2ccc(Nc3ccnc4NC(=O)c5ccccc5c34)cc2,8.52
495,CHEMBL1086583,Cc1onc(CN2CCN(CC2)c3c(Br)cnc4[nH]c(nc34)N5CCN(Cn6cccn6)CC5)c1,8.52
496,CHEMBL1651458,Cc1onc(CN2CCN(CC2)c3c(Cl)cnc4[nH]c(nc34)c5ccc(Cn6cccn6)cc5)c1,8.52
497,CHEMBL2170418,Clc1ccccc1Nc2nc(Nc3ccc(cc3)c4nnn[nH]4)ncc2Cl,8.52
498,CHEMBL1085848,Clc1cnc2[nH]c(nc2c1N3CCN(CC(=O)Nc4nccs4)CC3)c5ccc(CN6CCOCC6)cc5,8.52
499,CHEMBL2071201,Cn1cc(Nc2ncc(Br)c(N[C@@H]3[C@@H]4C[C@@H](C=C4)[C@@H]3C(=O)N)n2)cn1,8.52
500,CHEMBL2012412,Cn1cc(Nc2ncc3cnn(C4C[C@@H]5C[C@@H]5C4)c3n2)cc1C(=O)N6CCC[C@H]6CN7CCOCC7,8.52
501,CHEMBL3685254,NC(=O)c1cccc2c(NCc3cccc(NC(=O)C4CCCNC4)c3)ncnc12,8.52
502,CHEMBL3393472,O.Cl.CCOC(=O)c1[nH]cc2C(C3=C(CNCC3=O)Nc12)c4oc(Sc5nc6ccccc6[nH]5)cc4,8.52
503,CHEMBL3680421,CCn1nc(cc1C(=O)Nc2cccc(c2)C(C)Nc3ncnc4c(cccc34)C(=O)N)C(F)(F)F,8.54
504,CHEMBL3685265,COc1ccc(cc1)C(=O)Nc2ccc(F)c(CNc3ncnc4c(cccc34)C(=O)N)c2,8.54
505,CHEMBL2169893,Fc1cnc(Nc2ccc(cc2)c3nnn[nH]3)nc1Nc4ccccc4Cl,8.54
506,CHEMBL2163400,Cc1cc(Nc2nc(Sc3ccc(NC(=O)CN4CC[C@H](C4)[S+]([O-])C(C)(C)C)cc3)nn5cccc25)n[nH]1,8.55
507,CHEMBL516003,Fc1ccccc1NC(=O)Nc2c[nH]nc2c3nc4cc(CN5CCOCC5)ccc4[nH]3,8.55
508,CHEMBL3685276,NC(=O)c1cccc2c(NCC3CC=C\C(=N/C(O)c4ccn[nH]4)\C3)ncnc12,8.55
509,CHEMBL3680601,CC(Nc1ncnc2c(cccc12)C(=O)N)c3cccc(NC(=O)C4=CNC(=O)C=C4)c3,8.57
510,CHEMBL3680410,NC(=O)c1cccc2c(NCc3cccc(NC(=O)c4cccc(OCCCO)c4)c3)ncnc12,8.57
511,CHEMBL3670424,COc1ccccc1NC(=O)Nc2cccc(CNc3ncnc4c(cccc34)C(=O)N)c2,8.59
512,CHEMBL3670472,NC(=O)c1cccc2c(NCc3cccc(NC(=O)Cc4ccccc4)c3)ncnc12,8.59
513,CHEMBL3680600,CC(CC(F)(F)F)C(=O)Nc1cccc(c1)[C@@H](C)Nc2ncnc3c(cccc23)C(=O)N,8.6
514,CHEMBL3680599,CCC(Nc1ncnc2c(cccc12)C(=O)N)c3cccc(NC(=O)C4CC4(F)F)c3,8.6
515,CHEMBL3600869,CCN1\C(=C\C=C\C2=[N+](CC)c3ccc(cc3C2(C)C)S(=O)(=O)O)\C(C)(CCCC(=O)NCCCC[C@@H](NC(=O)[C@@H](CCCNC(=N)N)NC(=O)[C@@H](CCCNC(=N)N)NC(=O)[C@@H](CCCNC(=N)N)NC(=O)[C@@H](CCCNC(=N)N)NC(=O)[C@@H](CCCNC(=N)N)NC(=O)[C@@H](CCCNC(=N)N)NC(=O)[C@@H](Cc4ccc(cc4)N=[N+]=[N-])NC(=O)[C@@H](Cc5ccc(cc5)N=[N+]=[N-])NC(=O)CCNC(=O)[C@@]6(Cc7cccc(Nc8nccs8)n7)CC[C@@H](CC6)Oc9cccc(Cl)c9F)C(=O)N)c%10cc(ccc1%10)S(=O)(=O)O,8.6
516,CHEMBL2163388,Cc1cc(Nc2nc(Sc3ccc(NC(=O)CN4CC[C@H](C4)C(=O)NCC(F)(F)F)cc3)nn5cccc25)n[nH]1,8.6
517,CHEMBL2170601,OC(=O)c1ccc(Nc2nccc(Nc3ccccc3Cl)n2)cc1,8.6
518,CHEMBL557279,CC(=O)Nc1ccc(Sc2nc(Nc3cc(C)[nH]n3)cc(n2)c4ccccc4)cc1,8.62
519,CHEMBL563682,CCC(=O)Nc1ccc(Sc2nc(Nc3cc(C)[nH]n3)cc(n2)N4CCC4)cc1,8.62
520,CHEMBL3685300,COc1ccc(cc1F)C(=O)Nc2cccc(c2)C(C)Nc3ncnc4c(cc(C)cc34)C(=O)N,8.62
521,CHEMBL3680598,NC(=O)c1cccc2c(NC(CCN3CCCC3)c4cccc(NC(=O)C5CC5(F)F)c4)ncnc12,8.62
522,CHEMBL3675445,CN(C)CCC(Nc1ncnc2c(cccc12)C(=O)N)c3cccc(NC(=O)c4ccc(F)cc4F)c3,8.64
523,CHEMBL3675503,CN1CCN(CC1)c2ccc(cn2)C(=O)Nc3cccc(CNc4ncnc5c(cccc45)C(=O)N)c3,8.64
524,CHEMBL3639794,COc1ccc2nc(Nc3cccc(CNc4ncnc5c(cccc45)C(=O)N)c3)sc2c1,8.64
525,CHEMBL3680595,C[C@@H](Nc1ncnc2c(cccc12)C(=O)N)c3cccc(Nc4ncc(cc4Cl)C(F)(F)F)c3,8.64
526,CHEMBL1778661,Cc1cc(Nc2cc(C)c(C#N)c(NCCCCCC(C)(C)O)n2)n[nH]1,8.64
527,CHEMBL3680468,NC(=O)c1cc(O)cc2c(NCc3cccc(NC(=O)c4ccnc(c4)N5CCCC5)c3)ncnc12,8.64
528,CHEMBL3680596,NC(=O)c1cccc2c(NCc3cccc(Nc4cc(CC#N)ccn4)c3)ncnc12,8.64
529,CHEMBL3680597,NC(=O)c1cccc2c(NCc3cccc(Nc4nc5ccccc5s4)c3)ncnc12,8.64
530,CHEMBL3600760,CN(C)c1ccc2C(=C3C=CC(=[N+](C)C)C=C3Oc2c1)c4ccc(cc4C(=O)O)C(=O)NCCCOCCOCCOCCCNC(=O)[C@@H](Cc5ccc(cc5)N=[N+]=[N-])NC(=O)CCNC(=O)[C@@]6(Cc7cccc(Nc8nccs8)n7)CC[C@@H](CC6)Oc9cccc(Cl)c9F,8.66
531,CHEMBL3675481,COc1ccc(C(=O)Nc2cccc(c2)C(CN(C)C(=O)OC(C)(C)C)Nc3ncnc4c(cccc34)C(=O)N)c(F)c1,8.66
532,CHEMBL3639742,NC(=O)c1cccc2c(NCc3ccc(F)cc3F)ncnc12,8.66
533,CHEMBL1173411,COc1ccc(NC(=O)Nc2ccc3\C(=C\c4[nH]cc(C(=O)O)c4C)\C(=O)Nc3c2)cc1,8.68
534,CHEMBL1213151,COc1ccc(Nc2nc(NCCc3ccccc3F)nc(Nc4ccc5ncccc5c4)n2)cc1OC,8.68
535,CHEMBL3680593,C[C@@H](Nc1ncnc2c(cccc12)C(=O)N)c3cccc(NC(=O)Oc4ccccc4)c3,8.68
536,CHEMBL3670454,Cc1cccc(NC(=O)Nc2cccc(CNc3ncnc4c(cccc34)C(=O)N)c2)c1,8.68
537,CHEMBL3680594,Cn1cc(C(=O)Nc2cccc(CNc3ncnc4c(cccc34)C(=O)N)c2)c5ccccc15,8.68
538,CHEMBL2170435,OC(=O)c1ccc(Nc2nccc(Nc3ccccc3Br)n2)cc1,8.68
539,CHEMBL2029912,CC(C)CCn1cc(cn1)c2cc3cnc(Nc4cc(C(=O)N5CCN(C)CC5)n(C)c4)nc3n2C6CCCC6,8.7
540,CHEMBL2029910,CN1CCN(CC1)C(=O)c2cc(Nc3ncc4cc(c5cncn5C)n(C6CCCC6)c4n3)cn2C,8.7
541,CHEMBL2029909,CN1CCN(CC1)C(=O)c2cc(Nc3ncc4cc(c5cnn(C)c5)n(C6CCCC6)c4n3)cn2C,8.7
542,CHEMBL2029911,CN1CCN(CC1)C(=O)c2cc(Nc3ncc4cc(c5cnn(C)c5C)n(C6CCCC6)c4n3)cn2C,8.7
543,CHEMBL2029914,CN1CCN(CC1)C(=O)c2cc(Nc3ncc4cc(c5cnn(Cc6ccccc6)c5)n(C7CCCC7)c4n3)cn2C,8.7
544,CHEMBL2029908,CN1CCN(CC1)C(=O)c2cc(Nc3ncc4cc(c5ocnc5)n(C6CCCC6)c4n3)cn2C,8.7
545,CHEMBL3680592,CNCc1cc(C(=O)N)c2ncnc(NCc3cccc(NC(=O)c4ccc(OC)cc4)c3)c2c1,8.7
546,CHEMBL3393470,COC(=O)c1[nH]cc2C(C3=C(CCCC3=O)Nc12)c4oc(Sc5nc6ccccc6[nH]5)cc4,8.7
547,CHEMBL216769,COc1cc2c(Nc3cc(CC(=O)Nc4cccc(F)c4)[nH]n3)ncnc2cc1OCCCN5CCC(CO)CC5,8.7
548,CHEMBL263067,COc1cc2c(Nc3cc(CC(=O)Nc4cccc(F)c4F)[nH]n3)ncnc2cc1OCCCN5CCC(CO)CC5,8.7
549,CHEMBL201197,COc1cc2c(Nc3ncc(CC(=O)Nc4cccc(F)c4F)s3)ncnc2cc1OCCCN5CCC[C@H]5CO,8.7
550,CHEMBL3680591,C[C@@H](Nc1ncnc2c(cccc12)C(=O)N)c3cccc(Nc4ccc(cn4)C(F)(F)F)c3,8.7
551,CHEMBL3675380,C[C@@H](Nc1ncnc2c(cccc12)C(=O)N)c3ccccc3,8.7
552,CHEMBL2012406,C[C@@H]1CCCN1C(=O)c2cc(Nc3ncc4cnn(C5C[C@H]6C[C@H]6C5)c4n3)cn2C,8.7
553,CHEMBL469205,Cc1[nH]nc2c1CCCc3c2[nH]c4cc5c(NC(=O)C5(C)C)cc34,8.7
554,CHEMBL552385,Cc1cc(Nc2nc(Sc3ccc(Cl)c(Cl)c3)nc4ccccc24)n[nH]1,8.7
555,CHEMBL551633,Cc1cc(Nc2nc(Sc3ccc(Cl)cc3Cl)nc4ccccc24)n[nH]1,8.7
556,CHEMBL552033,Cc1cc(Nc2nc(Sc3ccc(NS(=O)(=O)C)cc3)nc4ccccc24)n[nH]1,8.7
557,CHEMBL1084079,Cc1onc(CN2CCN(CC2)c3c(Br)cnc4[nH]c(nc34)c5ccc(CN6CCOCC6)cc5)c1,8.7
558,CHEMBL2380830,Fc1ccc(C(=O)Nc2ccc(Nc3ccnc4NC(=O)c5ccccc5c34)cc2)c(F)c1,8.7
559,CHEMBL2380829,Fc1cccc(C(=O)Nc2ccc(Nc3ccnc4NC(=O)c5ccccc5c34)cc2)c1F,8.7
560,CHEMBL2170429,OC(=O)c1ccc(Nc2nccc(Nc3ccc(F)cc3Cl)n2)cc1,8.7
561,CHEMBL3600653,CN(C)c1ccc2C(=C3C=CC(=[N+](C)C)C=C3Oc2c1)c4ccc(cc4C(=O)O)C(=O)NCCCC[C@H](NC(=O)[C@H](Cc5ccc(cc5)N=[N+]=[N-])NC(=O)[C@H](Cc6ccc(cc6)N=[N+]=[N-])NC(=O)CCCNC(=O)[C@@]7(Cc8cccc(Nc9nccs9)n8)CC[C@@H](CC7)Oc%10cccc(Cl)c%10F)C(=O)N,8.72
562,CHEMBL3675330,COc1ccccc1C(CNC(=O)C)Nc2ncnc3c(cccc23)C(=O)N,8.72
563,CHEMBL3680589,CC(Nc1ncnc2c(cccc12)C(=O)N)c3cccc(NC(=O)C(F)(F)C(F)(F)F)c3,8.75
564,CHEMBL3680588,CCC(Nc1ncnc2c(cccc12)C(=O)N)c3cccc(NC(=O)C4CC(F)(F)C4)c3,8.75
565,CHEMBL3685294,COc1ccc(cc1)C(=O)Nc2cccc(c2)C(CCN3CCCCC3)Nc4ncnc5c(cccc45)C(=O)N,8.75
566,CHEMBL3680396,NC(=O)c1cccc2c(NC(CCO)C3=CCCC(=C3)NC(=O)c4ccccc4)ncnc12,8.75
567,CHEMBL3680590,NC(=O)c1cccc2c(NCc3cccc(NC(=O)c4cccc(c4)N5CCOCC5)c3)ncnc12,8.75
568,CHEMBL3680392,NC(=O)c1cccc2c(NCc3cccc(NC(=O)c4ccnc(c4)N5CCCC5)c3)ncnc12,8.75
569,CHEMBL482778,CCC(=O)Nc1ccc(Sc2nc(Nc3cc(C)[nH]n3)cc(n2)N4CCOCC4)cc1,8.77
570,CHEMBL3675458,CN(CCO)c1cc(ccn1)C(=O)Nc2cccc(CNc3ncnc4c(cccc34)C(=O)N)c2,8.77
571,CHEMBL3680587,Cc1onc(n1)c2cccc(c2)C(=O)Nc3cccc(CNc4ncnc5c(cccc45)C(=O)N)c3,8.77
572,CHEMBL3680586,CC(Nc1ncnc2c(cccc12)C(=O)N)C3=CC(=CCC3)NC(=O)C4(CCC4)C(F)(F)F,8.8
573,CHEMBL3680474,CC(Nc1ncnc2c(cccc12)C(=O)N)c3cccc(NC(=O)c4cc(C)oc4C(F)(F)F)c3,8.8
574,CHEMBL484951,CCC(=O)Nc1ccc(Sc2nc(Nc3cc(C)[nH]n3)cc(n2)N4CCCCC4)cc1,8.8
575,CHEMBL484609,CCC(=O)Nc1ccc(Sc2nc(Nc3cc(C)[nH]n3)cc(n2)N4CCN(C)CC4)cc1,8.8
576,CHEMBL3675371,NC(=O)c1cccc2c(NCc3cccc(NC(=O)Nc4ccccc4)c3)ncnc12,8.8
577,CHEMBL3685280,NC(=O)c1cccc2c(NCc3cccc(NC(=O)c4ccccc4F)c3)ncnc12,8.8
578,CHEMBL3639693,CN(C)c1cc(ccn1)C(=O)Nc2cccc(CNc3ncnc4c(cccc34)C(=O)N)c2,8.82
579,CHEMBL2012415,Cn1cc(Nc2ncc3cnn(C4C[C@@H]5C[C@@H]5C4)c3n2)cc1C(=O)N6CCC[C@@H]6CN7CCOCC7,8.82
580,CHEMBL458421,Fc1cccc(F)c1NC(=O)Nc2c[nH]nc2c3nc4cc(CN5CCOCC5)ccc4[nH]3,8.82
581,CHEMBL3680584,NC(=O)c1cccc2c(NCc3cccc(NC(=O)c4ccc(cc4)N5CCCCC5=O)c3)ncnc12,8.82
582,CHEMBL3680585,NC(=O)c1cccc2c(NCc3cccc(Nc4ccc(cn4)C5CCNCC5)c3)ncnc12,8.82
583,CHEMBL3680583,CCOC(=O)c1coc(Nc2cccc(CNc3ncnc4c(cccc34)C(=O)N)c2)n1,8.85
584,CHEMBL3680391,COc1ccc(C(=O)NC2=CC(=CCC2)C(CCN(C)C)Nc3ncnc4c(cccc34)C(=O)N)c(F)c1,8.85
585,CHEMBL3680481,CS(=O)(=O)c1ccc(cc1)C(=O)Nc2cccc(CNc3ncnc4c(cccc34)C(=O)N)c2,8.85
586,CHEMBL3680512,NC(=O)c1cccc2c(NC(CCN3CCCCC3)c4cccc(NC(=O)c5ccc(F)c(F)c5)c4)ncnc12,8.85
587,CHEMBL3680582,NC(=O)c1cccc2c(NCc3cccc(NC(=O)c4ccc(N5CCOCC5)c(c4)C(F)(F)F)c3)ncnc12,8.85
588,CHEMBL3685236,C[C@@H](Nc1ncnc2c(cccc12)C(=O)N)c3cccc(NC(=O)c4nc(cs4)C(C)(C)C)c3,8.88
589,CHEMBL3675493,CC(Nc1ncnc2c(cccc12)C(=O)N)c3cccc(NC(=O)C4=CCC(Cl)N=C4)c3,8.89
590,CHEMBL484006,CCC(=O)Nc1ccc(Sc2nc(Nc3cc(C)[nH]n3)cc(n2)N4CCN(CC4)C(C)(C)C)cc1,8.89
591,CHEMBL3680486,CCn1nc(cc1C)C(=O)Nc2ccccc2,8.89
592,CHEMBL3675411,CN(C)CC(Nc1ncnc2c(cccc12)C(=O)N)c3cccc(NC(=O)c4ccnc(Cl)c4)c3,8.89
593,CHEMBL3680581,CN1CCN(CCC(Nc2ncnc3c(cccc23)C(=O)N)c4cccc(NC(=O)c5cc(n[nH]5)C6CC6)c4)CC1,8.89
594,CHEMBL3675431,COc1ccc(cc1F)C(=O)Nc2cccc(c2)C(CN(C)C)NC3=NC=NC4=C(CCC=C34)C(=O)N,8.89
595,CHEMBL1213109,CCCCN(C)c1nc(NCCc2ccccc2OC)nc(NCCc3c[nH]c4ncccc34)n1,8.92
596,CHEMBL3675492,COCCC(Nc1ncnc2c(cccc12)C(=O)N)c3cccc(NC(=O)c4cccc(F)c4F)c3,8.92
597,CHEMBL3680490,C[C@@H](Nc1ncnc2c(cccc12)C(=O)N)c3cccc(NC(=O)c4cncnc4)c3,8.92
598,CHEMBL1778662,Cl.CC(CCCC(C)(C)O)Nc1nc(Nc2cc(C)[nH]n2)cc(C)c1C#N,8.92
599,CHEMBL3685278,NC(=O)c1cccc2c(NC(CCN3CCCC3)c4cccc(NC(=O)c5ccc(cc5F)C(F)(F)F)c4)ncnc12,8.92
600,CHEMBL3680580,NC(=O)c1cccc2c(NC(CCN3CCNCC3)c4cccc(NC(=O)c5cc(n[nH]5)C6CC6)c4)ncnc12,8.92
601,CHEMBL3670412,NCC(Nc1ncnc2c(cccc12)C(=O)N)c3cccc(NC(=O)c4ccc(F)cc4)c3,8.92
602,CHEMBL3675520,CC(Nc1ncnc2c(cccc12)C(=O)N)c3cccc(NC(=O)c4ccc5OCCOc5c4)c3,8.96
603,CHEMBL3675428,CC1CCCN1c2cc(ccn2)C(=O)Nc3cccc(c3)C(CN(C)C)Nc4ncnc5c(cccc45)C(=O)N,8.96
604,CHEMBL3680579,CCC(C)C(=O)Nc1cccc(c1)[C@@H](C)Nc2ncnc3c(cccc23)C(=O)N,8.96
605,CHEMBL3675487,CCC(Nc1ncnc2c(cccc12)C(=O)N)c3cccc(NC(=O)c4ccc(nc4)C(F)(F)F)c3,8.96
606,CHEMBL3680418,CN(C)CCC(Nc1ncnc2c(cccc12)C(=O)N)C3=CCCC(=C3)NC(=O)c4c(F)cccc4F,8.96
607,CHEMBL3675416,CNCC(Nc1ncnc2c(cccc12)C(=O)N)c3cccc(NC(=O)c4ccc(OC)c(F)c4)c3,8.96
608,CHEMBL3685297,COc1ccc(cc1)C(=O)Nc2cccc(CNc3ncnc4c(cc(OCCCN(C)C)cc34)C(=O)N)c2,8.96
609,CHEMBL3670425,NC(=O)c1cccc2c(NCc3cccc(NC(=O)Nc4cccc(F)c4)c3)ncnc12,8.96
610,CHEMBL3670473,NC(=O)c1cccc2c(NCc3cccc(NC(=O)c4ccc(F)c(F)c4)c3)ncnc12,8.96
611,CHEMBL3680404,NC(=O)c1cccc2c(NCc3cccc(NC(=O)c4ccnc(c4)N5CCOCC5)c3)ncnc12,8.96
612,CHEMBL564941,CCC(=O)Nc1ccc(Sc2nc(Nc3cc(C)[nH]n3)c4ccccc4n2)cc1,9.0
613,CHEMBL3675449,CN(C)CCC(Nc1ncnc2c(cccc12)C(=O)N)c3cccc(NC(=O)c4ccc(cc4)C(F)(F)F)c3,9.0
614,CHEMBL3675413,CNCC(Nc1ncnc2c(cccc12)C(=O)N)c3cccc(NC(=O)c4c(F)cccc4F)c3,9.0
615,CHEMBL1083152,CNc1nc(C)c(s1)c2ccnc(Nc3cc(OC)c(OC)c(OC)c3)n2,9.0
616,CHEMBL3680406,COCCC(Nc1ncnc2c(cccc12)C(=O)N)C3=CCCC(=C3)NC(=O)c4ccccc4F,9.0
617,CHEMBL201297,COCCOc1cc2ncnc(Nc3ncc(CC(=O)Nc4cccc(F)c4)s3)c2cc1OC,9.0
618,CHEMBL3685202,COCCOc1cccc(c1)C(=O)Nc2cccc(CNc3ncnc4c(cccc34)C(=O)N)c2,9.0
619,CHEMBL262434,COc1cc2c(Nc3cc(CC(=O)Nc4cc(F)cc(F)c4)[nH]n3)ncnc2cc1OCCCN5CCC(CO)CC5,9.0
620,CHEMBL202567,COc1cc2c(Nc3ncc(s3)C(=O)Nc4ccc(F)cc4)ncnc2cc1OCCCN5CCOCC5,9.0
621,CHEMBL3680456,COc1ccc(cc1)C(=O)Nc2cccc(c2)C(CCN(C)C(=O)OC(C)(C)C)Nc3ncnc4c(cccc34)C(=O)N,9.0
622,CHEMBL3692213,Cc1cc(Nc2nc(CC3(CCN(CC3)C(=O)c4cccc(Cl)c4F)C(=O)N5CCC5)ccc2F)n[nH]1,9.0
623,CHEMBL559900,Cc1cc(Nc2nc(Sc3ccc4ccccc4c3)nc5ccccc25)n[nH]1,9.0
624,CHEMBL3680390,NC(=O)C1=C2N=CN=C(NC(CCN3CCCC3)c4cccc(NC(=O)c5ccc(Br)cc5)c4)C2=CCC1,9.0
625,CHEMBL3680578,NC(=O)c1cccc2c(NCc3cccc(NC(=O)c4ccc5nc[nH]c5c4)c3)ncnc12,9.0
626,CHEMBL3680577,NC(=O)c1cccc2c(NCc3cccc(Nc4ccc(CC#N)cn4)c3)ncnc12,9.0
627,CHEMBL3675444,CC(Nc1ncnc2c(cccc12)C(=O)N)c3cccc(NC(=O)c4ccc(F)c(O)c4)c3,9.01
628,CHEMBL3670497,CN(C)c1ccc(cn1)C(=O)Nc2cccc(CNc3ncnc4c(cccc34)C(=O)N)c2,9.01
629,CHEMBL3675519,COCC(Nc1ncnc2c(cccc12)C(=O)N)c3cccc(NC(=O)c4ccc(OC)cc4)c3,9.01
630,CHEMBL3675512,CC(Nc1ncnc2c(cccc12)C(=O)N)c3cccc(NC(=O)c4cccc(F)c4)c3,9.03
631,CHEMBL3680389,CC(Nc1ncnc2c(cccc12)C(=O)N)c3cccc(NC(=O)c4ccoc4C)c3,9.03
632,CHEMBL3680437,COc1cc(ccn1)C(=O)Nc2cccc(CNc3ncnc4c(cccc34)C(=O)N)c2,9.03
633,CHEMBL3680388,CC(Nc1ncnc2c(cccc12)C(=O)N)c3cccc(NC(=O)c4ccccc4)c3,9.04
634,CHEMBL3685264,NC(=O)c1cccc2c(NCc3cccc(NC(=O)c4ccccc4OCCO)c3)ncnc12,9.04
635,CHEMBL3692211,CNC(=O)C1(Cc2ccc(F)c(Nc3cc(C)[nH]n3)n2)CCN(CC1)C(=O)c4cccc(Cl)c4F,9.05
636,CHEMBL3692212,Cc1cc(Nc2nc(CC3(CCN(CC3)C(=O)c4cccc(Cl)c4F)C(=O)NC5CC5)ccc2F)n[nH]1,9.05
637,CHEMBL1643138,Fc1c(cccc1C(F)(F)F)C(=O)N2CCN(Cc3cccc(Nc4cc[nH]n4)n3)CC2,9.05
638,CHEMBL3680464,NC(=O)c1cccc2c(NCc3cccc(NC(=O)c4ccnc(c4)N5CCCCC5)c3)ncnc12,9.05
639,CHEMBL3680576,C[C@@H](Nc1ncnc2c(cccc12)C(=O)N)c3cccc(NC(=O)c4cnc(cn4)C(F)(F)F)c3,9.06
640,CHEMBL3680573,CC(Nc1ncnc2c(cc(Cl)cc12)C(=O)N)c3cccc(NC(=O)c4ccc(C)nc4)c3,9.07
641,CHEMBL3680575,CC(Nc1ncnc2c(cccc12)C(=O)N)c3cccc(NC(=O)C4(CC4)C(F)(F)F)c3,9.07
642,CHEMBL3680574,CC(Nc1ncnc2c(cccc12)C(=O)N)c3cccc(NC(=O)C4CC(F)(F)C4)c3,9.07
643,CHEMBL3675501,CC(Nc1ncnc2c(cccc12)C(=O)N)c3cccc(NC(=O)c4ccc(C)nc4)c3,9.07
644,CHEMBL3680572,Cc1ccnc(Nc2cccc(CNc3ncnc4c(cccc34)C(=O)N)c2)c1,9.07
645,CHEMBL3670427,NC(=O)c1cccc2c(NCc3cc(F)cc(F)c3)ncnc12,9.07
646,CHEMBL3675420,CN(C)CC(Nc1ncnc2c(cccc12)C(=O)N)c3cccc(NC(=O)c4cncc(c4)N5CCCC5)c3,9.08
647,CHEMBL3685290,COc1ccc(cc1F)C(=O)Nc2cccc(c2)C(C)Nc3ncnc4c(cc(F)cc34)C(=O)N,9.08
648,CHEMBL3680571,NC(=O)c1cccc2c(NCc3cccc(NC(=O)c4ccc(CO)cc4)c3)ncnc12,9.08
649,CHEMBL3680476,COc1ccc(cc1)C(=O)Nc2cccc(c2)C(CCN(C)C)Nc3ncnc4c(cccc34)C(=O)N,9.09
650,CHEMBL203945,COc1cc2c(Nc3cnc(NC(=O)c4cccc(Cl)c4)nc3)ncnc2cc1OCCCN5CCCCC5,9.1
651,CHEMBL427212,COc1cc2c(Nc3cnc(NC(=O)c4ccccc4)nc3)ncnc2cc1OC[C@@H](O)CN5CCCCC5,9.1
652,CHEMBL3692217,Cc1cc(Nc2nc(CC3(CCN(CC3)C(=O)c4cccc(Cl)c4F)c5onc(C)n5)ccc2F)n[nH]1,9.1
653,CHEMBL2170419,OC(=O)c1ccc(Nc2ncc(F)c(Nc3ccccc3Cl)n2)cc1,9.1
654,CHEMBL3680504,CC(C)c1csc(n1)C(=O)Nc2cccc(c2)[C@@H](C)Nc3ncnc4c(cccc34)C(=O)N,9.11
655,CHEMBL3680509,COc1ccc(C(=O)Nc2cccc(CNc3ncnc4c(cccc34)C(=O)N)c2)c(OC)c1,9.11
656,CHEMBL3685288,COc1ccc(cc1)C(=O)Nc2cccc(c2)C(CCN3CCCC3)Nc4ncnc5c(cccc45)C(=O)N,9.11
657,CHEMBL3685291,COc1ccc(cc1)C(=O)Nc2cccc(c2)[C@@H](CCN3CCCC3)Nc4ncnc5c(cccc45)C(=O)N,9.11
658,CHEMBL3675402,CN(C)CC(Nc1ncnc2c(cccc12)C(=O)N)c3cccc(NC(=O)c4ccccc4F)c3,9.12
659,CHEMBL3675412,CNCC(Nc1ncnc2c(cccc12)C(=O)N)c3cccc(NC(=O)c4ccccc4)c3,9.13
660,CHEMBL3680570,C[C@@H](Nc1ncnc2c(cccc12)C(=O)N)c3cccc(NC(=O)C4CC4(C)C)c3,9.13
661,CHEMBL3600870,CN(C)c1ccc2C(C3C=CC(=[N+](C)C)C=C3Oc2c1)c4ccc(cc4C(=O)O)C(=O)NCCCC[C@@H](NC(=O)[C@H](CCCNC(=N)N)NC(=O)[C@H](CCCNC(=N)N)NC(=O)[C@H](CCCNC(=N)N)NC(=O)[C@H](CCCNC(=N)N)NC(=O)[C@H](CCCNC(=N)N)NC(=O)[C@H](CCCNC(=N)N)NC(=O)[C@H](Cc5ccc(cc5)N=[N+]=[N-])NC(=O)CCCCCNC(=O)[C@@]6(Cc7cccc(Nc8nccs8)n7)CC[C@@H](CC6)Oc9cccc(Cl)c9F)C(=O)N,9.14
662,CHEMBL3680522,COc1ccc(cc1F)C(=O)Nc2cccc(CNc3ccnc4c(cccc34)C(=O)N)c2,9.14
663,CHEMBL3680527,C[C@@H](Nc1ncnc2c(cccc12)C(=O)N)c3cccc(NC(=O)N4CCC(F)(F)C4)c3,9.14
664,CHEMBL3675490,C[C@@H](Nc1ncnc2c(cccc12)C(=O)N)c3cccc(NC(=O)c4sc(C)nc4C)c3,9.14
665,CHEMBL3675506,NC(=O)c1cccc2c(NCc3ccc(F)c(NC(=O)c4ccc(Br)cc4)c3)ncnc12,9.14
666,CHEMBL3685258,NC(=O)c1cccc2c(NCc3cccc(NC(=O)c4cccc(OC(F)(F)F)c4)c3)ncnc12,9.14
667,CHEMBL3680569,NC(=O)c1cccc2c(NCc3cccc(NC(=O)c4cccc5[nH]ccc45)c3)ncnc12,9.14
668,CHEMBL3680387,CN(CCO)c1ccc(cn1)C(=O)Nc2cccc(CNc3ncnc4c(cccc34)C(=O)N)c2,9.16
669,CHEMBL3680500,CNc1ccc(cn1)C(=O)Nc2cccc(CNc3ncnc4c(cccc34)C(=O)N)c2,9.16
670,CHEMBL3692216,Cc1oc(nn1)C2(Cc3ccc(F)c(Nc4cc(C)[nH]n4)n3)CCN(CC2)C(=O)c5cccc(Cl)c5F,9.16
671,CHEMBL3692214,Cc1onc(n1)C2(Cc3ccc(F)c(Nc4cc(C)[nH]n4)n3)CCN(CC2)C(=O)c5cccc(Cl)c5F,9.16
672,CHEMBL3675422,COc1ccc(cc1)C(=O)Nc2cccc(c2)C(CN(C)C)Nc3ncnc4c(cccc34)C(=O)N,9.17
673,CHEMBL3680528,COCCNc1ccc(cn1)C(=O)Nc2cccc(CNc3ncnc4c(cccc34)C(=O)N)c2,9.18
674,CHEMBL3680444,COc1ccc(cn1)C(=O)Nc2cccc(CNc3ncnc4c(cccc34)C(=O)N)c2,9.18
675,CHEMBL3670439,C[C@@H](Nc1ncnc2c(cccc12)C(=O)N)c3cccc4ccccc34,9.18
676,CHEMBL3685249,CC(=O)Nc1ccc(cc1)C(=O)Nc2cccc(CNc3ncnc4c(cccc34)C(=O)N)c2,9.19
677,CHEMBL3670468,NC(=O)c1cccc2c(NCc3cccc(NC(=O)c4ccc(Br)cc4)c3)ncnc12,9.19
678,CHEMBL3670485,NC(=O)c1cccc2c(NCc3cccc(NC(=O)c4ccc(Cl)nc4)c3)ncnc12,9.19
679,CHEMBL3670479,CCOc1cc(C(=O)N)c2ncnc(NCc3cccc(NC(=O)c4ccc(F)cc4)c3)c2c1,9.2
680,CHEMBL3675511,COCCC(Nc1ncnc2c(cccc12)C(=O)N)C3=CCCC(=C3)NC(=O)c4cc(F)ccc4F,9.2
681,CHEMBL3685261,NC(=O)c1cccc2c(NCc3cccc(NC(=O)c4ccc(cc4)C#N)c3)ncnc12,9.2
682,CHEMBL3675448,CNCC(NC1=NC=NC2=C(CCC=C12)C(=O)N)c3cccc(NC(=O)c4ccc(cc4)C(F)(F)F)c3,9.21
683,CHEMBL3680519,CC(Nc1ncnc2c(cc(F)cc12)C(=O)N)c3cccc(NC(=O)c4ccc(nc4)C(F)(F)F)c3,9.22
684,CHEMBL3680568,CCOC(=O)Nc1cccc(c1)[C@@H](C)Nc2ncnc3c(cccc23)C(=O)N,9.22
685,CHEMBL3393498,CCOC(=O)c1[nH]cc2[C@@H](C3=C(CCCC3=O)Nc12)c4cccc(Oc5nc6ccccc6[nH]5)c4,9.22
686,CHEMBL3675410,CN(C)CC(Nc1ncnc2c(cccc12)C(=O)N)c3cccc(NC(=O)c4ccnc(c4)N5CCCCC5)c3,9.22
687,CHEMBL3692208,COc1ccc(CC2(CCN(CC2)C(=O)c3cccc(Cl)c3F)C(=O)O)nc1Nc4cc(C)[nH]n4,9.22
688,CHEMBL3692218,COc1cccc(F)c1C2=NCc3cnc(Nc4ccc(C(=O)O)c(OC)c4)nc3c5cccc(Cl)c25,9.22
689,CHEMBL3680443,NC(=O)c1cccc2c(NC(CCN3CCCC3)c4cccc(NC(=O)c5ccc(F)c(F)c5)c4)ncnc12,9.22
690,CHEMBL1643136,OC(=O)c1cccc(Nc2ncc3ccn(C4CCCCC4)c3n2)c1,9.22
691,CHEMBL1778663,C[C@@H](CCCC(C)(C)O)Nc1nc(Nc2cc(C)[nH]n2)cc(C)c1C#N,9.23
692,CHEMBL3675404,CN(C)CC(Nc1ncnc2c(cccc12)C(=O)N)c3cccc(NC(=O)c4ccc(Br)cc4)c3,9.24
693,CHEMBL3680567,COc1ccc(cc1)C(=O)Nc2cccc(CNc3ncnc4c(cc(CO)cc34)C(=O)N)c2,9.24
694,CHEMBL3675518,NC(=O)c1cccc2c(NC(CCN3CCC3)c4cccc(NC(=O)c5ccc(Br)cc5)c4)ncnc12,9.24
695,CHEMBL3680508,NC(=O)c1cccc2c(NCc3ccc(NC(=O)c4cc(n[nH]4)C(F)(F)F)cc3)ncnc12,9.24
696,CHEMBL3680462,CC(Nc1ncnc2c(cccc12)C(=O)N)c3cccc(NC(=O)c4cocc4)c3,9.25
697,CHEMBL3675517,C[C@@H](Nc1ncnc2c(cccc12)C(=O)N)c3cccc(NC(=O)c4ccc(C)c(Cl)c4)c3,9.25
698,CHEMBL3680566,Cn1ccc2cc(ccc12)C(=O)Nc3cccc(CNc4ncnc5c(cccc45)C(=O)N)c3,9.25
699,CHEMBL3685303,COCC(Nc1ncnc2c(cccc12)C(=O)N)c3cccc(NC(=O)c4ccc(Br)cc4)c3,9.26
700,CHEMBL3680565,NC(=O)c1cccc2c(NC(CCN3CCCCC3)c4cccc(NC(=O)c5cc(n[nH]5)C6CC6)c4)ncnc12,9.27
701,CHEMBL3685251,NC(=O)c1cccc2c(NCc3cccc(NC(=O)c4cccc(Br)c4)c3)ncnc12,9.27
702,CHEMBL3680491,CC(Nc1ncnc2c(cccc12)C(=O)N)c3cccc(NC(=O)c4ccc(OC(F)(F)F)cc4)c3,9.28
703,CHEMBL3675450,COCCC(Nc1ncnc2c(cccc12)C(=O)N)C3=CCCC(=C3)NC(=O)c4ccc(F)cc4F,9.28
704,CHEMBL3680436,COc1cc(ccn1)C(=O)NC2=CCCC(=C2)C(C)Nc3ncnc4c(cccc34)C(=O)N,9.28
705,CHEMBL3680564,NC(=O)c1cccc2c(NCc3cccc(NC(=O)c4ccc5OCCOc5c4)c3)ncnc12,9.28
706,CHEMBL3680563,COc1cnc(cn1)C(=O)Nc2cccc(c2)[C@@H](C)Nc3ncnc4c(cccc34)C(=O)N,9.29
707,CHEMBL3670471,NC(=O)c1cccc2c(NCc3cccc(NC(=O)c4ccc5OCOc5c4)c3)ncnc12,9.29
708,CHEMBL3692215,Cc1cc(Nc2nc(CC3(CCN(CC3)C(=O)c4cccc(Cl)c4F)c5nocn5)ccc2F)n[nH]1,9.3
709,CHEMBL3692207,Cc1cc(Nc2nc(CC3(CCN(CC3)C(=O)c4cccc(c4F)C(F)(F)F)C(=O)O)ccc2F)n[nH]1,9.3
710,CHEMBL1643135,Clc1cccc(C(=O)N2CCN(Cc3cccc(Nc4nccs4)c3)CC2)c1Cl,9.3
711,CHEMBL3675540,CN(CCC(Nc1ncnc2c(cccc12)C(=O)N)c3cccc(NC(=O)c4ccccc4)c3)CC=C,9.31
712,CHEMBL3680562,NC(=O)c1cccc2c(NC(CCO)c3cccc(NC(=O)C4CC4(F)F)c3)ncnc12,9.31
713,CHEMBL3680467,NC(=O)c1cccc2c(NCC3CC(=CC=C3)NC=O)ncnc12,9.31
714,CHEMBL3680530,CC(C)CNc1ccc(cn1)C(=O)Nc2cccc(CNc3ncnc4c(cccc34)C(=O)N)c2,9.32
715,CHEMBL3680529,NC(=O)c1cccc2c(NCc3cccc(NC(=O)c4ccc(nc4)N5CCOCC5)c3)ncnc12,9.32
716,CHEMBL3680480,CCOc1cc(ccn1)C(=O)Nc2cccc(c2)C(C)Nc3ncnc4c(cccc34)C(=O)N,9.33
717,CHEMBL3685240,Cc1cc([nH]n1)C(=O)Nc2cccc(CNc3ncnc4c(cccc34)C(=O)N)c2,9.33
718,CHEMBL3675486,CC(Nc1ncnc2c(cccc12)C(=O)N)c3cccc(NC(=O)c4ccc(C#N)c(F)c4)c3,9.34
719,CHEMBL3685281,CCC(Nc1ncnc2c(cccc12)C(=O)N)c3cccc(NC(=O)c4ccc(OC)c(F)c4)c3,9.34
720,CHEMBL3680561,NC(=O)c1cccc2c(NCc3cccc(NC(=O)c4ccc5[nH]ccc5c4)c3)ncnc12,9.34
721,CHEMBL3680470,CN(C)CCC(Nc1ncnc2c(cccc12)C(=O)N)c3cccc(NC(O)c4cc(n[nH]4)C5CC5)c3,9.36
722,CHEMBL3600871,CN(C)c1ccc2C(=C3C=CC(=[N+](C)C)C=C3Oc2c1)c4ccc(cc4C(=O)O)C(=O)NCCCC[C@H](NC(=O)[C@H](Cc5ccccc5)NC(=O)[C@H](Cc6ccccc6)NC(=O)CCCNC(=O)[C@@]7(Cc8cccc(Nc9nccs9)n8)CC[C@@H](CC7)Oc%10cccc(Cl)c%10F)C(=O)N,9.36
723,CHEMBL3675398,CNCC(Nc1ncnc2c(cccc12)C(=O)N)c3cccc(NC(=O)c4ccc(F)c(F)c4)c3,9.36
724,CHEMBL3685235,C[C@@H](Nc1ncnc2c(cccc12)C(=O)N)c3ccc(F)c(NC(=O)c4ccc(OC(F)(F)F)cc4)c3,9.36
725,CHEMBL3680395,CN(C)CCC(Nc1ncnc2c(cccc12)C(=O)N)c3cccc(NC(=O)c4ccc(OC(F)(F)F)cc4)c3,9.38
726,CHEMBL3680499,COCCC(Nc1ncnc2c(cccc12)C(=O)N)c3cccc(NC(=O)c4ccc(OC)cc4)c3,9.38
727,CHEMBL3680507,NC(=O)c1cccc2c(NC(CCN3CCCCC3)c4cccc(NC(=O)c5ccc(Br)cc5)c4)ncnc12,9.38
728,CHEMBL3680485,C[C@@H](Nc1ncnc2c(cccc12)C(=O)N)c3cccc(NC(=O)c4ccc(c(F)c4)C(F)(F)F)c3,9.39
729,CHEMBL3680454,CN(C)CCNC(=O)CC(Nc1ncnc2c(cccc12)C(=O)N)c3cccc(NC(=O)c4ccc(Br)cc4)c3,9.4
730,CHEMBL3675436,CN(CCC(Nc1ncnc2c(cccc12)C(=O)N)c3cccc(NC(=O)c4ccc(Br)cc4)c3)CC=C,9.4
731,CHEMBL3675469,COCCC(Nc1ncnc2c(cccc12)C(=O)N)c3cccc(NC(=O)c4c(F)cccc4F)c3,9.4
732,CHEMBL3670476,COc1cc(C(=O)N)c2ncnc(NCc3cccc(NC(=O)c4ccc(F)cc4)c3)c2c1,9.4
733,CHEMBL1083151,COc1cc(Nc2nccc(n2)c3sc(C)nc3C)cc(OC)c1OC,9.4
734,CHEMBL3692206,Cc1cc(Nc2nc(CC3(CCN(CC3)C(=O)c4cccc(Cl)c4Cl)C(=O)O)ccc2F)n[nH]1,9.4
735,CHEMBL3692209,Cc1cc(Nc2nc(CC3(CCN(CC3)C(=O)c4cccc(Cl)c4F)C(=O)O)ccc2Cl)n[nH]1,9.4
736,CHEMBL3692210,Cc1cc(Nc2nc(CC3(CCN(CC3)C(=O)c4cccc(Cl)c4F)C(=O)O)ccc2F)n[nH]1,9.4
737,CHEMBL3685293,NC(=O)c1cccc2c(NCc3cccc(NC(=O)c4ccc(nc4)N5CCCCC5)c3)ncnc12,9.4
738,CHEMBL3685234,CC(Nc1ncnc2c(cccc12)C(=O)N)c3cccc(Nc4cc(C)ccn4)c3,9.41
739,CHEMBL3675475,COCC(Nc1ncnc2c(cccc12)C(=O)N)c3cccc(NC(=O)c4ccccc4)c3,9.41
740,CHEMBL3685282,NC(=O)c1cccc2c(NC(CCN3CCCCC3)c4cccc(NC(=O)c5cc(ccc5F)C(F)(F)F)c4)ncnc12,9.41
741,CHEMBL3670474,NC(=O)c1cccc2c(NCc3cccc(NC(=O)c4ccc(SC(F)(F)F)cc4)c3)ncnc12,9.41
742,CHEMBL3680466,CC(NC1=NC=NC2C(=CCC=C12)C(=O)N)c3cccc(NC(=O)c4ccc(cc4)N5CCOCC5)c3,9.42
743,CHEMBL3639792,COCCC(Nc1ncnc2c(cccc12)C(=O)N)c3cccc(NC(=O)c4ccccc4)c3,9.42
744,CHEMBL3675470,C[C@@H](Nc1ncnc2c(cccc12)C(=O)N)c3cccc(NC(=O)c4ccc(Cl)c(C)c4)c3,9.42
745,CHEMBL3680447,CCN(CC)c1ccc(cc1)C(=O)Nc2cccc(c2)C(C)Nc3ncnc4c(cccc34)C(=O)N,9.43
746,CHEMBL3680520,COCCC(Nc1ncnc2c(cccc12)C(=O)N)c3cccc(NC(=O)c4ccc(OC)c(F)c4)c3,9.43
747,CHEMBL3685259,COc1ccccc1C(=O)Nc2cccc(CNc3ncnc4c(cccc34)C(=O)N)c2,9.43
748,CHEMBL3675353,NC(=O)c1cccc2c(NCc3ccc4OCOc4c3)ncnc12,9.43
749,CHEMBL3680560,NC(=O)c1cccc2c(NCc3cccc(NC(=O)c4cc5cc(Cl)ccc5[nH]4)c3)ncnc12,9.43
750,CHEMBL3680442,CC(Nc1ncnc2c(cccc12)C(=O)N)c3cccc(NC(=O)c4cccn4C)c3,9.44
751,CHEMBL3675499,C[C@@H](Nc1ncnc2c(cccc12)C(=O)N)c3cccc(NC(=O)c4cnc(C)s4)c3,9.46
752,CHEMBL3675510,NC(=O)c1cccc2c(NCc3cccc(NC(=O)C4=CC(F)C(Cl)C=C4)c3)ncnc12,9.46
753,CHEMBL3675427,CNCC(Nc1ncnc2c(cccc12)C(=O)N)c3cccc(NC(=O)c4ccc(OC)cc4F)c3,9.47
754,CHEMBL3675453,NC(=O)c1cccc2c(NCc3cccc(NC(=O)c4cncc(c4)N5CCCC5)c3)ncnc12,9.47
755,CHEMBL3675447,CCC(Nc1ncnc2c(cccc12)C(=O)N)c3cccc(NC(=O)c4ccc(OC)nc4)c3,9.48
756,CHEMBL3685267,COc1ccc(cc1)C(=O)Nc2cc(CNc3ncnc4c(cccc34)C(=O)N)ccc2C,9.48
757,CHEMBL3685295,COc1ccc(cc1)C(=O)Nc2cccc(c2)[C@@H](CCN3CCCCC3)Nc4ncnc5c(cccc45)C(=O)N,9.48
758,CHEMBL3680559,NC(=O)c1cccc2c(NC(CCN3CCCC3)c4cccc(NC(=O)c5cc(n[nH]5)C6CC6)c4)ncnc12,9.48
759,CHEMBL3680394,CCC(Nc1ncnc2c(cccc12)C(=O)N)c3cccc(NC(=O)c4ccc(OC(F)(F)F)cc4)c3,9.5
760,CHEMBL3670499,NC(=O)c1cc(O)cc2c(NCc3ccc(cc3)C(F)(F)F)ncnc12,9.5
761,CHEMBL3680533,CC(Nc1ncnc2c(cccc12)C(=O)N)c3cccc(Nc4cc(ccn4)C(F)(F)F)c3,9.51
762,CHEMBL3680558,CNCCC(Nc1ncnc2c(cccc12)C(=O)N)c3cccc(NC(O)c4cc(n[nH]4)C5CC5)c3,9.51
763,CHEMBL3685257,COc1ccc(cc1OC)C(=O)Nc2cccc(CNc3ncnc4c(cccc34)C(=O)N)c2,9.51
764,CHEMBL3685266,NC(=O)c1cccc2c(NCc3cccc(NC(=O)c4c(F)cccc4F)c3)ncnc12,9.51
765,CHEMBL3680430,COCCC(Nc1ncnc2c(cccc12)C(=O)N)c3cccc(NC(=O)c4cc(n[nH]4)C5CC5)c3,9.52
766,CHEMBL3685292,COc1ccc(cc1F)C(=O)Nc2cccc(c2)C(C)NC3=NC=NC4C(=CC(Cl)C=C34)C(=O)N,9.52
767,CHEMBL3639743,C[C@@H](Nc1ncnc2c(cccc12)C(=O)N)c3cccc(NC(=O)c4ccc(C)nc4)c3,9.52
768,CHEMBL3680557,Cc1cc(ccc1N2CCOCC2)C(=O)Nc3cccc(CNc4ncnc5c(cccc45)C(=O)N)c3,9.52
769,CHEMBL2380834,Fc1ccc(C(=O)Nc2ccc(Nc3ccnc4NC(=O)c5ccccc5c34)cc2)c(c1)C(F)(F)F,9.52
770,CHEMBL3670467,COc1ccc(cc1)C(=O)Nc2cccc(CNc3ncnc4c(cccc34)C(=O)N)c2,9.54
771,CHEMBL3680403,NC(=O)c1cccc2c(NCc3cccc(NC(=O)c4ccc(Cl)c(Cl)c4)c3)ncnc12,9.54
772,CHEMBL3680556,NC(=O)c1cccc2c(NCc3cccc(NC(=O)c4ccc(cc4)c5ncc[nH]5)c3)ncnc12,9.54
773,CHEMBL3675406,CN(C)CC(Nc1ncnc2c(cccc12)C(=O)N)c3cccc(NC(=O)c4ccnc(c4)N5CCCC5)c3,9.57
774,CHEMBL1213152,COc1ccc(Nc2nc(NC(Cc3c[nH]c4ncccc34)C(=O)N)nc(Nc5ccc6ncccc6c5)n2)cc1OC,9.57
775,CHEMBL3675455,C[C@@H](Nc1ncnc2c(cccc12)C(=O)N)c3cccc(NC(=O)c4ccc(C)c(C)c4)c3,9.57
776,CHEMBL3675466,CC(Nc1ncnc2c(cccc12)C(=O)N)c3cccc(NC(=O)C4=CCC(Br)C=C4)c3,9.59
777,CHEMBL3675401,CN(C)CC(Nc1ncnc2c(cccc12)C(=O)N)c3cccc(NC(=O)c4ccc(cc4)C(F)(F)F)c3,9.59
778,CHEMBL3685310,COc1ccc(cc1F)C(=O)Nc2cccc(c2)C(C)Nc3ncnc4c(cc(cc34)C#N)C(=O)N,9.59
779,CHEMBL3680555,NC(=O)c1cccc2c(NCc3cccc(NC(=O)c4cccc5cc[nH]c45)c3)ncnc12,9.59
780,CHEMBL3675417,CN(C)CC(Nc1ncnc2c(cccc12)C(=O)N)c3cccc(NC(=O)c4ccc(cc4F)C(F)(F)F)c3,9.6
781,CHEMBL3685271,COc1ccc(cc1)C(=O)Nc2cccc(CNc3ncnc4c(cc(F)cc34)C(=O)N)c2,9.6
782,CHEMBL3680446,COc1ccc(cc1F)C(=O)Nc2cccc(c2)C(C)Nc3ncnc4c(cccc34)C(=O)N,9.6
783,CHEMBL3680416,COc1ncc(cn1)C(=O)Nc2cccc(c2)[C@@H](C)Nc3ncnc4c(cccc34)C(=O)N,9.6
784,CHEMBL3685233,C[C@@H](Nc1ncnc2c(cccc12)C(=O)N)c3cccc(NC(=O)c4ccc(cc4)n5cccc5)c3,9.6
785,CHEMBL3675432,C[C@@H](Nc1ncnc2c(cccc12)C(=O)N)c3cccc(NC(=O)c4ccc(cc4F)C(F)(F)F)c3,9.6
786,CHEMBL3675419,CNCC(Nc1ncnc2c(cccc12)C(=O)N)c3cccc(NC(=O)c4ccc(OC)cc4)c3,9.62
787,CHEMBL3680554,NC(=O)c1cccc2c(NCc3cccc(NC(=O)c4[nH]nc5CCCCc45)c3)ncnc12,9.62
788,CHEMBL3680489,CCOC(=O)c1ccc(cn1)C(=O)NC2=CCCC(=C2)[C@H](C)Nc3ncnc4c(cccc34)C(=O)N,9.64
789,CHEMBL3685277,NC(=O)c1cccc2c(NCc3cccc(NC(=O)c4cc(n[nH]4)C5CC5)c3)ncnc12,9.64
790,CHEMBL3680417,NC(=O)c1cccc2c(NCc3cccc(NC(=O)c4ccc5OCCc5c4)c3)ncnc12,9.64
791,CHEMBL3680495,CC(C)CNc1cc(ccn1)C(=O)Nc2cccc(CNc3ncnc4c(cccc34)C(=O)N)c2,9.66
792,CHEMBL3685242,CN(C)c1cccc(c1)C(=O)Nc2cccc(CNC3=NC=NC4=C(CCC=C34)C(=O)N)c2,9.66
793,CHEMBL3675463,COc1cc(ccn1)C(=O)Nc2cccc(c2)[C@@H](C)Nc3ncnc4c(cccc34)C(=O)N,9.66
794,CHEMBL3680553,COc1ccc(cc1)C(O)Nc2cccc(CNc3ncnc4c(cccc34)C(=O)N)c2F,9.66
795,CHEMBL3685287,NC(=O)c1cccc2c(NCc3ccc(F)c(NC(=O)c4ccc(OC(F)(F)F)cc4)c3)ncnc12,9.66
796,CHEMBL3680455,NC(=O)c1cccc2c(NCc3cccc(NC(=O)c4cc(n[nH]4)C(F)(F)F)c3)ncnc12,9.66
797,CHEMBL3685309,NC(=O)c1cccc2c(NCc3cccc(NC(=O)c4ccccc4C(F)(F)F)c3)ncnc12,9.66
798,CHEMBL3680552,NC(=O)c1cccc2c(NCc3cccc(Nc4cc(ccn4)C#N)c3)ncnc12,9.66
799,CHEMBL3680551,NCc1cnc(Nc2cccc(CNc3ncnc4c(cccc34)C(=O)N)c2)s1,9.66
800,CHEMBL3675474,CC(Nc1ncnc2c(cccc12)C(=O)N)c3cccc(NC(=O)c4ccc(Br)c(F)c4)c3,9.68
801,CHEMBL3675483,CC(Nc1ncnc2c(cccc12)C(=O)N)c3cccc(NC(=O)c4ccc(nc4)C(F)(F)F)c3,9.68
802,CHEMBL3680550,COCC[C@@H](Nc1ncnc2c(cccc12)C(=O)N)c3cccc(NC(=O)c4ccc(OC)cc4)c3,9.68
803,CHEMBL3675500,CC(Nc1ncnc2c(cccc12)C(=O)N)c3cccc(NC(=O)c4cc(n[nH]4)C(F)F)c3,9.7
804,CHEMBL3675491,CC(Nc1ncnc2c(cccc12)C(=O)N)c3cccc(NC(=O)c4ccc(Cl)c(F)c4)c3,9.7
805,CHEMBL3675538,COCCC(Nc1ncnc2c(cccc12)C(=O)N)c3cccc(NC(=O)c4ccc(F)c(F)c4)c3,9.7
806,CHEMBL3685246,COc1ccc(cc1)C(=O)Nc2cccc(CNc3ncnc4c(cc(CCCCO)cc34)C(=O)N)c2,9.7
807,CHEMBL3680429,COc1ccc(cc1C)C(O)\N=C/2\CC(CNc3ncnc4c(cccc34)C(=O)N)CC=C2,9.7
808,CHEMBL3680549,NC(=O)c1cccc2c(NCc3cccc(NC(=O)c4cn[nH]c4N)c3)ncnc12,9.72
809,CHEMBL3680548,NC(=O)c1cccc2c(NCc3cccc(Nc4nccs4)c3)ncnc12,9.72
810,CHEMBL3680547,CC(Nc1ncnc2c(cccc12)C(=O)N)c3cccc(NC(=O)C4CC4(F)F)c3,9.75
811,CHEMBL3685255,CN(C)CCC(Nc1ncnc2c(cccc12)C(=O)N)c3cccc(NC(=O)c4ccccc4)c3,9.75
812,CHEMBL3680428,COCCC(Nc1ncnc2c(cccc12)C(=O)N)c3cccc(NC(=O)c4ccc(OC)cc4F)c3,9.75
813,CHEMBL3675480,COCCC(Nc1ncnc2c(cccc12)C(=O)N)c3cccc(NC(=O)c4ccc(cc4)C(F)(F)F)c3,9.75
814,CHEMBL3685284,C[C@@H](Nc1ncnc2c(cccc12)C(=O)N)c3cccc(NC(=O)c4ccc(OC(F)(F)F)c(F)c4)c3,9.75
815,CHEMBL3685308,NC(=O)C1=C2N=CN=C(NCc3cccc(NC(=O)c4ccc(cc4)C(F)(F)F)c3)C2=CCC1,9.75
816,CHEMBL3675324,NC(=O)c1cc(OCCCN2CCCCC2)cc3c(NCc4ccc(cc4)C(F)(F)F)ncnc13,9.75
817,CHEMBL3675403,CNCC(Nc1ncnc2c(cccc12)C(=O)N)c3cccc(NC(=O)c4ccc(Br)cc4)c3,9.77
818,CHEMBL3675425,CNCC(Nc1ncncc(cccc1)C(=O)N)c2cccc(NC(=O)c3ccc(OC(F)(F)F)cc3)c2,9.77
819,CHEMBL3685243,Cc1cccc(c1)C(=O)Nc2cccc(CNc3ncnc4c(cccc34)C(=O)N)c2,9.77
820,CHEMBL3680546,NC(=O)c1cccc2c(NCc3cccc(NC(=O)c4ccc5cc[nH]c5c4)c3)ncnc12,9.77
821,CHEMBL3685252,NC(=O)c1cccc2c(NCc3cccc(NC(=O)c4cccc(Cl)c4)c3)ncnc12,9.77
822,CHEMBL3675525,NC(=O)c1cccc2c(NCc3cccc(NC(O)c4cc(ccc4F)C(F)(F)F)c3)ncnc12,9.77
823,CHEMBL3680544,CCOC(=O)c1cnc(Nc2cccc(CNc3ncnc4c(cccc34)C(=O)N)c2)s1,9.8
824,CHEMBL3680545,COc1ccc(cc1)C(=O)Nc2cccc(c2)C(CCCO)Nc3ncnc4c(cccc34)C(=O)N,9.8
825,CHEMBL3675516,COc1ccc(cc1)C(=O)Nc2cccc(c2)C(CCN(C)CC=C)Nc3ncnc4c(cccc34)C(=O)N,9.8
826,CHEMBL3685248,NC(=O)c1cccc2c(NCc3cccc(NC(=O)C4CCCCC4)c3)ncnc12,9.8
827,CHEMBL3675441,NC(=O)c1cccc2c(NCc3cccc(NC(=O)c4ccc(F)cc4F)c3)ncnc12,9.8
828,CHEMBL3675532,CNc1cc(ccn1)C(=O)Nc2cccc(CNc3ncnc4c(cccc34)C(=O)N)c2,9.82
829,CHEMBL382667,COc1cc2c(Nc3cnc(NC(=O)c4ccc(F)c(Cl)c4)nc3)ncnc2cc1OCCCN5CCOCC5,9.82
830,CHEMBL3680543,NC(=O)c1cccc2c(NCc3cccc(Nc4cc(ccn4)C(F)(F)F)c3)ncnc12,9.82
831,CHEMBL3680542,NC(=O)c1cccc2c(NCc3cccc(Nc4ccccn4)c3)ncnc12,9.82
832,CHEMBL3685247,CCOc1ccc(cc1)C(=O)Nc2cccc(CNc3ncnc4c(cccc34)C(=O)N)c2,9.89
833,CHEMBL3680460,COc1ccc(cc1F)C(=O)Nc2cccc(c2)[C@@H](C)Nc3ncnc4c(cccc34)C(=O)N,9.89
834,CHEMBL3685237,CC(C)c1cc([nH]n1)C(=O)Nc2cccc(CNc3ncnc4c(cccc34)C(=O)N)c2,9.92
835,CHEMBL3675459,CN(C)CCC(Nc1ncnc2c(cccc12)C(=O)N)c3cccc(NC(=O)c4ccc(Br)cc4)c3,9.92
836,CHEMBL3685307,COc1ccc(cc1)C(=O)Nc2cccc(CNc3ncnc4c(cc(O)cc34)C(=O)N)c2,9.92
837,CHEMBL3680532,COc1ccc(cc1C(F)(F)F)C(=O)Nc2cccc(CNc3ncnc4c(cccc34)C(=O)N)c2,9.92
838,CHEMBL3680402,COc1ccc(cc1F)C(=O)Nc2cc(ccc2F)[C@@H](C)Nc3nccc4c(cccc34)C(=O)N,9.92
839,CHEMBL3680488,C[C@@H](Nc1ncnc2c(cccc12)C(=O)N)c3cccc(NC(=O)C4CCCC4)c3,9.92
840,CHEMBL3675446,NC(=O)c1cccc2c(NCc3cccc(NC(=O)c4ccc(Cl)cc4Cl)c3)ncnc12,9.92
841,CHEMBL3685245,NC(=O)c1cccc2c(NCc3cccc(NC(=O)c4ccc(cc4F)C(F)(F)F)c3)ncnc12,9.92
842,CHEMBL3670470,CN(C)c1ccc(cc1)C(=O)Nc2cccc(CNc3ncnc4c(cccc34)C(=O)N)c2,9.96
843,CHEMBL3685306,COc1cc(F)c(C(=O)Nc2cccc(CNc3ncnc4c(cccc34)C(=O)N)c2)c(F)c1,9.96
844,CHEMBL3675457,C[C@@H](Nc1ncnc2c(cccc12)C(=O)N)c3cccc(NC(=O)c4cc(ccc4F)C(F)(F)F)c3,9.96
845,CHEMBL3685250,NC(=O)c1cccc2c(NCc3cccc(NC(=O)c4ccc(nc4)C(F)(F)F)c3)ncnc12,9.96
846,CHEMBL3675484,COc1ccc(cn1)C(=O)Nc2cccc(c2)C(C)Nc3ncnc4c(cccc34)C(=O)N,10.0
847,CHEMBL3685241,Cc1ccccc1C(=O)Nc2cccc(CNc3ncnc4c(cccc34)C(=O)N)c2,10.0
848,CHEMBL3680541,NC(=O)c1cccc2c(NC(CCO)c3cccc(NC(O)c4cc(n[nH]4)C5CC5)c3)ncnc12,10.0
849,CHEMBL3675443,CC(Nc1ncnc2c(cccc12)C(=O)N)c3cccc(NC(=O)C4=CCC(C)C(=C4)F)c3,10.05
850,CHEMBL3680477,COCCN(C)c1ccc(cn1)C(=O)Nc2cccc(CNc3ncnc4c(cccc34)C(=O)N)c2,10.05
851,CHEMBL3675524,COc1ccc(cc1)C(=O)Nc2cccc(c2)C(CCO)Nc3ncnc4c(cccc34)C(=O)N,10.05
852,CHEMBL3675465,CC(Nc1ncnc2c(cccc12)C(=O)N)c3cccc(NC(=O)c4cc(n[nH]4)C(C)(C)C)c3,10.1
853,CHEMBL3675537,C[C@@H](Nc1ncnc2c(cccc12)C(=O)N)c3cccc(Nc4cc(ccn4)C#N)c3,10.1
854,CHEMBL3685256,NC(=O)c1cccc2c(NCc3cccc(NC(=O)C4=CCC(C=C4)N5CCOCC5)c3)ncnc12,10.1
855,CHEMBL3685305,NC(=O)c1cccc2c(NCc3cccc(NC(=O)c4c(F)cc(Cl)cc4F)c3)ncnc12,10.1
856,CHEMBL3685272,NC(=O)c1cccc2c(NCc3cccc(NC(=O)c4ccc(Cl)c(c4)C(F)(F)F)c3)ncnc12,10.1
857,CHEMBL3685262,NC(=O)c1cccc2c(NCc3cccc(NC(=O)c4ccc(Cl)cc4)c3)ncnc12,10.1
858,CHEMBL3675437,COc1ccc(cn1)C(=O)Nc2cccc(c2)[C@@H](C)Nc3ncnc4c(cccc34)C(=O)N,10.15
859,CHEMBL3675509,C[C@@H](Nc1ncnc2c(cccc12)C(=O)N)c3cccc(NC(=O)c4ccc(nc4)C(F)(F)F)c3,10.15
860,CHEMBL3600873,OC(=O)[C@@]1(Cc2cccc(Nc3nccs3)n2)CC[C@@H](CC1)Oc4cccc(Cl)c4F,10.19
861,CHEMBL3680420,CC(C)c1cc([nH]n1)C(=O)Nc2cccc(c2)C(C)Nc3ncnc4c(cccc34)C(=O)N,10.22
862,CHEMBL3685244,COCCOc1cc(C(=O)N)c2ncnc(NCc3cccc(NC(=O)c4ccc(OC)cc4)c3)c2c1,10.22
863,CHEMBL3639841,NC(=O)c1cccc2c(NCc3cccc(NC(=O)c4ccc5OC(F)(F)Oc5c4)c3)ncnc12,10.22
864,CHEMBL3675508,COCCC(Nc1ncnc2c(cccc12)C(=O)N)c3cccc(NC(=O)c4ccc(Br)cc4)c3,10.3
865,CHEMBL3680479,COCCC(Nc1ncnc2c(cccc12)C(=O)N)c3cccc(NC(=O)c4ccc(OC(F)(F)F)cc4)c3,10.3
866,CHEMBL3680540,C[C@@H](Nc1ncnc2c(cccc12)C(=O)N)c3cccc(NC(=O)C4CC4(F)F)c3,10.4
867,CHEMBL3675439,CC(C)c1cc([nH]n1)C(=O)Nc2cccc(c2)[C@@H](C)Nc3ncnc4c(cccc34)C(=O)N,10.52
868,CHEMBL3675462,C[C@@H](Nc1ncnc2c(cccc12)C(=O)N)c3cccc(NC(=O)c4cc(n[nH]4)C(C)(C)C)c3,10.52
869,CHEMBL3685304,C[C@@H](Nc1ncnc2c(cccc12)C(=O)N)c3cccc(NC(=O)c4ccc(F)c(O)c4)c3,11.0
