,molecule_chembl_id,canonical_smiles,pchembl_value
0,axitinib,CNC(=O)C1=C(SC2=CC=C3C(NN=C3\C=C\C3=CC=CC=N3)=C2)C=CC=C1,8.89
1,CHEMBL259084,OC(=O)c1ccc(Nc2ncc3CN=C(c4cc(Cl)ccc4c3n2)c5c(F)cccc5F)cc1,7.59
2,CHEMBL388978,CN[C@@H]1C[C@H]2O[C@@](C)([C@@H]1OC)n3c4ccccc4c5c6CNC(=O)c6c7c8ccccc8n2c7c35,7.64
3,CHEMBL1086579,CN1CCN(CC1)c2nc3c(N4CCN(Cc5cc(C)on5)CC4)c(Br)cnc3[nH]2,7.72
4,CHEMBL415049,CCN(CCCOc1ccc2c(Nc3cc(CC(=O)Nc4cccc(F)c4)[nH]n3)ncnc2c1)CCOP(=O)(O)O,7.77
5,CHEMBL215152,CCN(CCO)CCCOc1ccc2c(Nc3cc(CC(=O)Nc4cccc(F)c4)[nH]n3)ncnc2c1,7.77
6,CHEMBL605003,CN(C)S(=O)(=O)c1ccc2NC(=O)\C(=C/c3cc4CCCCc4[nH]3)\c2c1,7.77
7,CHEMBL1822493,Cc1cc(Nc2nc(Sc3ccc(NC(=O)CN4CCOCC4)cc3)nn5cccc25)n[nH]1,7.77
8,CHEMBL1822492,Cc1cc(Nc2nc(Sc3ccc(NC(=O)CNC4CCCC4)cc3)nn5cccc25)n[nH]1,7.85
9,CHEMBL1822488,Cc1cc(Nc2nc(Sc3ccc(NC(=O)C4CC4)cc3)nn5cc(NC(=O)CN6CCCC6)cc25)n[nH]1,7.89
10,CHEMBL1230609,COc1cc2c(Oc3ccc(NC(=O)C4(CC4)C(=O)Nc5ccc(F)cc5)cc3F)ccnc2cc1OCCCN6CCOCC6,7.92
11,CHEMBL484950,CC(=O)Nc1ccc(Sc2nc(Nc3cc(C)n[nH]3)c4ccccc4n2)cc1,7.96
12,CHEMBL1822486,Cc1cc(Nc2nc(Sc3ccc(NC(=O)C4CC4)cc3)nn5cc(NC(=O)CCN6CCCCC6)cc25)n[nH]1,8.0
13,CHEMBL1090479,CCn1cc(c2ccnc3[nH]c(cc23)c4cccc(CN(C)C)c4)c(n1)c5ccc(NC(=O)N(C)C)cc5,8.19
14,CHEMBL572878,CN1CCN(CC1)c2cc(Nc3cc(C)[nH]n3)nc(Sc4ccc(NC(=O)C5CC5)cc4)n2,8.2
15,CHEMBL1822491,Cc1cc(Nc2nc(Sc3ccc(NC(=O)CNC4CC4)cc3)nn5cccc25)n[nH]1,8.22
16,CHEMBL1822494,CN(C)CC(=O)Nc1ccc(Sc2nc(Nc3cc(C)[nH]n3)c4cccn4n2)cc1,8.3
17,CHEMBL1822490,CN1CCN(CC1)C(=O)C(=O)Nc2cc3c(Nc4cc(C)[nH]n4)nc(Sc5ccc(NC(=O)C6CC6)cc5)nn3c2,8.3
18,CHEMBL603469,C[C@]12O[C@H](C[C@]1(O)CO)n3c4ccccc4c5c6C(=O)NCc6c7c8ccccc8n2c7c35,8.39
19,CHEMBL1822485,Cc1cc(Nc2nc(Sc3ccc(NC(=O)C4CC4)cc3)nn5cccc25)n[nH]1,8.4
20,CHEMBL3393498,CCOC(=O)c1[nH]cc2[C@@H](C3=C(CCCC3=O)Nc12)c4cccc(Oc5nc6ccccc6[nH]5)c4,8.52
21,CHEMBL1822487,Cc1cc(Nc2nc(Sc3ccc(NC(=O)C4CC4)cc3)nn5cc(NC(=O)CN6CCOCC6)cc25)n[nH]1,8.52
22,CHEMBL1822638,Cc1cc(Nc2nc(Sc3ccc(NC(=O)CN4CC(F)(F)C[C@H]4CO)cc3)nn5cccc25)n[nH]1,8.7
23,CHEMBL1822637,Cc1cc(Nc2nc(Sc3ccc(NC(=O)CN4C[C@@H](C[C@H]4CO)OC(C)(C)C)cc3)nn5cccc25)n[nH]1,8.7
24,CHEMBL1822495,Cc1cc(Nc2nc(Sc3ccc(NC(=O)CN4CCC[C@H]4CO)cc3)nn5cccc25)n[nH]1,9.0
