,molecule_chembl_id,canonical_smiles,pchembl_value
0,sunitinib,CCN(CC)CCNC(=O)c1c(C)[nH]c(\C=C\2/C(=O)Nc3ccc(F)cc23)c1C,8.05
1,crizotinib,[H][C@](C)(OC1=C(N)N=CC(=C1)C1=CN(N=C1)C1CCNCC1)C1=C(Cl)C=CC(F)=C1Cl,8.11
2,nintedanib,COC(=O)c1ccc2\C(=C(\Nc3ccc(cc3)N(C)C(=O)CN4CCN(C)CC4)/c5ccccc5)\C(=O)Nc2c1,7.92
3,CHEMBL2172308,CC(C)NC(=O)[C@@H]1CC[C@@H](CC1)N2\C(=N\C(=O)c3ccc(F)cc3)\Nc4ccc(CN5CCC(CC5)C(C)(C)O)cc24,7.54
4,CHEMBL3091723,C[C@@H](Oc1cc(cnc1N)c2ccc3c(NC(=O)C34CCN(C)CC4)c2)c5c(Cl)ccc(F)c5Cl,7.54
5,CHEMBL2347987,CC(C)[S+]([O-])c1ccccc1Nc2nc(Nc3ccc(CN4CCN(C)CC4)cc3)ncc2Cl,7.57
6,CHEMBL2022968,CN(C)S(=O)(=O)c1ccccc1Nc2nc(Nc3ccc(CN4CCN(C)CC4)cc3)ncc2Cl,7.57
7,CHEMBL3326004,CCCCNc1ncc2c(cn([C@@H]3CC[C@@H](O)CC3)c2n1)c4ccc(c(F)c4)S(=O)(=O)N5CCN(C)CC5,7.66
8,CHEMBL3808844,CCOc1cn(nc1C(=O)Nc2ccc(Oc3ccnc4cc(OC)c(OC)cc34)c(F)c2)c5ccc(F)cc5C,7.72
9,CHEMBL2022975,CN1CCN(Cc2ccc(Nc3ncc(Cl)c(Nc4ccccc4S(=O)(=O)N5CCCC5)n3)cc2)CC1,7.72
10,CHEMBL2023351,COc1cc2c(Oc3cc(NS(=O)(=O)c4cc(F)ccc4F)ccc3F)ccnc2cc1OCCCN5CCC(C)CC5,7.8
11,CHEMBL2158227,CS(=O)(=O)CCN1CCC(CC1)c2ccc(NC(=O)c3nc(c[nH]3)C#N)c(c2)C4=CCCCC4,7.8
12,CHEMBL2036809,N[C@@H]1CC[C@@H](Cn2nc(c3ccc(F)cc3)c4cnc(NCCCc5ccccc5)nc24)CC1,7.8
13,CHEMBL3326007,CN1CCN(Cc2ccc(cc2)c3cn([C@@H]4CC[C@@H](O)CC4)c5nc(NCCC6CC6)ncc35)CC1,7.82
14,CHEMBL3326006,CCCCNc1ncc2c(cn([C@@H]3CC[C@@H](O)CC3)c2n1)c4ccc(CN5CCN(C)CC5)cc4,7.85
15,CHEMBL2023349,Nc1nc(Nc2ccc3CCC(CCc3c2)N4CCCC4)nn1c5cc6CCCc7ccccc7c6nn5,7.85
16,CHEMBL3809489,Nc1nc(Nc2ccc3CC[C@@H](CCc3c2)N4CCCC4)nn1c5cc6CCCc7ccccc7c6nn5,7.85
17,CHEMBL2036804,CCCCNc1ncc2c(nn(C[C@@H]3CC[C@@H](N)CC3)c2n1)c4ccc(nc4)N5CCNCC5,7.92
18,CHEMBL1908842,CN(C)CC(=O)N1CCC(CC1)c2ccc(NC(=O)c3nc(c[nH]3)C#N)c(c2)C4=CCCCC4,7.92
19,CHEMBL509032,COc1cc(ccc1Nc2ncc(Cl)c(Nc3ccccc3S(=O)(=O)C(C)C)n2)N4CCC(CC4)N5CCN(C)CC5,7.92
20,CHEMBL3545307,CC1=CC=C(C(=O)Nc2ccc(Oc3cc4cnn(C)c4cc3c5cn[nH]c5)c(F)c2)C(=O)N1c6ccc(F)cc6,7.96
21,CHEMBL1230609,COc1cc2c(Oc3ccc(NC(=O)C4(CC4)C(=O)Nc5ccc(F)cc5)cc3F)ccnc2cc1OCCCN6CCOCC6,7.96
22,CHEMBL3810063,CN1N(C(=O)C(=C1C)C(=O)Nc2ccc(Oc3ccnc4[nH]cc(c5ccccc5)c34)c(F)c2)c6ccc(F)cc6,8.0
23,CHEMBL2105717,COc1cc2nccc(Oc3ccc(NC(=O)C4(CC4)C(=O)Nc5ccc(F)cc5)cc3)c2cc1OC,8.16
24,CHEMBL489326,COc1cc2nccc(Oc3ccc(NC(=O)C4(CC4)C(=O)Nc5ccc(F)cc5)cc3F)c2cc1OC,8.16
25,CHEMBL3808948,O=C1CSC(=O)N1Cc2ccc3NC(=O)\C(=C/c4cc(CN5CCOCC5)c[nH]4)\c3c2,8.16
26,CHEMBL388978,CN[C@@H]1C[C@H]2O[C@@](C)([C@@H]1OC)n3c4ccccc4c5c6CNC(=O)c6c7c8ccccc8n2c7c35,8.17
27,CHEMBL254702,CC1CCN(CC1)c2cc(ccc2NC(=O)c3cc(c[nH]3)C#N)N4CCN(C)CC4,8.19
28,CHEMBL2158230,O=C(Nc1ccc(cc1C2=CCCCC2)C3CCN(CCN4CCOCC4)CC3)c5nc(c[nH]5)C#N,8.22
29,CHEMBL1908395,Cl.CN(C)CC(=O)N1CCC(CC1)c2ccc(NC(=O)c3nc(c[nH]3)C#N)c(c2)C4=CCCCC4,8.28
30,CHEMBL2036806,CCCCNc1ncc2c(nn(C[C@@H]3CC[C@@H](N)CC3)c2n1)c4ccc(cc4)N5CCNCC5,8.4
31,CHEMBL2036805,N[C@@H]1CC[C@@H](Cn2nc(c3ccc(nc3)N4CCNCC4)c5cnc(NCCCc6ccccc6)nc25)CC1,8.43
32,CHEMBL2036807,N[C@@H]1CC[C@@H](Cn2nc(c3ccc(cc3)N4CCNCC4)c5cnc(NCCCc6ccccc6)nc25)CC1,8.85
33,CHEMBL460702,CCOC1=C(C(=O)Nc2ccc(Oc3ccnc(N)c3Cl)c(F)c2)C(=O)N(C=C1)c4ccc(F)cc4,8.96
4,CHEMBL253116,CC(CO)NC(=N)c1c(O)nsc1Nc2ccc(Nc3ccccc3)cc2,6.41
5,CHEMBL437331,CC(CO)\N=C(/N)\c1c(O)nsc1Nc2ccc(Oc3ccccc3)cc2,6.34
17,CHEMBL601719,C[C@@H](Oc1cc(cnc1N)c2cnn(c2)C3CCNCC3)c4c(Cl)ccc(F)c4Cl,6.53
18,CHEMBL518051,CS(=O)(=O)O.OC(=Nc1cccc(Cl)c1)Nc2ncc(CCN=C3NC=Nc4ccsc34)s2,7.08
28,CHEMBL516312,O=C(Nc1c[nH]c2ncc(cc12)c3ccc(cc3)C#N)c4cccnc4,6.23
39,CHEMBL489083,NC(=N)SCCCN1C(=O)C2=C(C1=O)n3c(cc4ccccc34)c5cccc6ccn2c56,5.36
51,CHEMBL223360,Cc1ccc(F)c(NC(=O)Nc2ccc(cc2)c3cccc4[nH]nc(N)c34)c1,6.47
53,CHEMBL574738,CCN1CCN(Cc2ccc(NC(=O)Nc3ccc(Oc4cc(NC)ncn4)cc3)cc2C(F)(F)F)CC1,6.24
54,CHEMBL215152,CCN(CCO)CCCOc1ccc2c(Nc3cc(CC(=O)Nc4cccc(F)c4)[nH]n3)ncnc2c1,6.41
57,CHEMBL522892,CN1CCN(CC1)c2ccc3nc([nH]c3c2)C4=C(N)c5c(F)cccc5NC4=O,5.42
59,CHEMBL31965,Fc1ccc(Nc2ncnc3cc(OCCCN4CCOCC4)c(NC(=O)C=C)cc23)cc1Cl,5.24
63,CHEMBL607707,CCOc1cc2ncc(C#N)c(Nc3ccc(F)c(Cl)c3)c2cc1NC(=O)\C=C\CN(C)C,6.04
65,CHEMBL428690,CN1CC[C@@H]([C@H](O)C1)c2c(O)cc(O)c3C(=O)C=C(Oc23)c4ccccc4Cl,5.46
70,CHEMBL191003,Nc1nc(Nc2ccc(cc2)S(=O)(=O)N)nn1C(=O)c3c(F)cccc3F,5.66
76,CHEMBL608533,CO[C@@H]1[C@@H](C[C@H]2O[C@]1(C)n3c4ccccc4c5c6CNC(=O)c6c7c8ccccc8n2c7c35)N(C)C(=O)c9ccccc9,6.21
82,CHEMBL1336,CNC(=O)c1cc(Oc2ccc(NC(=O)Nc3ccc(Cl)c(c3)C(F)(F)F)cc2)ccn1,5.35
84,CHEMBL1721885,Cc1[nH]c(\C=C\2/C(=O)Nc3ccc(F)cc23)c(C)c1C(=O)NC[C@H](O)CN4CCOCC4,7.08
85,CHEMBL535,CCN(CC)CCNC(=O)c1c(C)[nH]c(\C=C\2/C(=O)Nc3ccc(F)cc23)c1C,8.05
88,CHEMBL24828,COc1cc2c(Nc3ccc(Br)cc3F)ncnc2cc1OCC4CCN(C)CC4,6.6
91,CHEMBL565612,CN1CCN(CC1)c2nc(C3=C(C(=O)NC3=O)c4c[nH]c5ccccc45)c6ccccc6n2,5.04
106,CHEMBL602471,C[C@@H](Oc1ccc2ncc(\C=C\C(=O)N)cc2c1)c3c(Cl)ccc(F)c3Cl,6.24
107,CHEMBL600795,C[C@@H](Oc1ccc2ncccc2c1)c3c(Cl)ccc(F)c3Cl,4.85
108,CHEMBL602472,C[C@@H](Oc1ccc2ncc(cc2c1)C3CC3C(=O)N)c4c(Cl)ccc(F)c4Cl,6.37
144,CHEMBL603469,C[C@]12O[C@H](C[C@]1(O)CO)n3c4ccccc4c5c6C(=O)NCc6c7c8ccccc8n2c7c35,7.46
145,CHEMBL288441,COc1cc(Nc2c(cnc3cc(OCCCN4CCN(C)CC4)c(OC)cc23)C#N)c(Cl)cc1Cl,6.76
164,CHEMBL454440,Cc1c(O)c(O)cc2Oc3cc(O)cc(O)c3C(=O)c12,5.18
170,CHEMBL491473,COc1cc2c(Oc3ccc4[nH]c(C)cc4c3F)ncnc2cc1OCCCN5CCCC5,6.31
176,CHEMBL450786,Cc1[nH]c(\C=C\2/C(=O)Nc3ccc(cc23)S(=O)(=O)Cc4c(Cl)cccc4Cl)c(C)c1C(=O)N5CCC[C@@H]5CN6CCCC6,6.96
182,CHEMBL502835,COC(=O)c1ccc2\C(=C(\Nc3ccc(cc3)N(C)C(=O)CN4CCN(C)CC4)/c5ccccc5)\C(=O)Nc2c1,7.92
186,CHEMBL1173655,CN(C)C\C=C\C(=O)Nc1cc2c(Nc3ccc(F)c(Cl)c3)ncnc2cc1O[C@H]4CCOC4,5.28
188,CHEMBL1908396,COc1cc(Oc2ccnc3cc(OC)c(OC)cc23)ccc1NC(=O)NC(C)c4nccs4,6.85
190,CHEMBL1287853,Cc1cnc(Nc2ccc(OCCN3CCCC3)cc2)nc1Nc4cccc(c4)S(=O)(=O)NC(C)(C)C,6.8
192,CHEMBL1908397,O=C(N1CCNCC1)c2ccc(\C=C\c3n[nH]c4ccccc34)cc2,6.75
193,CHEMBL1241674,CC(C)n1nc(c2cc3cc(O)ccc3[nH]2)c4c(N)ncnc14,5.92
204,CHEMBL300138,Cn1cc(C2=C(C(=O)NC2=O)c3cn(C4CCN(Cc5ccccn5)CC4)c6ccccc36)c7ccccc17,5.48
205,CHEMBL475251,COc1cc(Nc2ncc(F)c(Nc3ccc4OC(C)(C)C(=O)Nc4n3)n2)cc(OC)c1OC,7.09
215,CHEMBL1289926,CNC(=O)c1ccccc1Sc2ccc3c(\C=C\c4ccccn4)n[nH]c3c2,6.38
217,CHEMBL464552,CNC(=O)c1c(F)cccc1Nc2nc(Nc3cc4N(CCc4cc3OC)C(=O)CN(C)C)nc5[nH]ccc25,6.52
239,CHEMBL180022,CCOc1cc2ncc(C#N)c(Nc3ccc(OCc4ccccn4)c(Cl)c3)c2cc1NC(=O)\C=C\CN(C)C,6.72
242,CHEMBL1922224,CC(C)C\C=C\[C@@H](C)[C@H]1CC[C@H]2[C@H](CCc3cc(O)ccc3C)[C@@H](O)CC[C@]12C,4.66
243,CHEMBL518060,CC(C)C\C=C\[C@@H](C)[C@H]1CC[C@H]2[C@H](CCc3cc(O)ccc3C)C(=O)CC[C@]12C,4.83
244,CHEMBL1922225,CC(C)C(=C)CC[C@@H](C)[C@H]1CC[C@H]2[C@H](CCc3cc(O)ccc3C)C(=O)CC[C@]12C,4.7
245,CHEMBL456936,CC(C)CCC[C@@H](C)[C@H]1CC[C@H]2[C@H](CCc3cc(O)ccc3C)C(=O)CC[C@]12C,4.49
246,CHEMBL517956,CC(C)CCC[C@@H](C)[C@H]1CC[C@H]2[C@H](CCc3cc(O)ccc3C)[C@H](O)CC[C@]12C,4.77
252,CHEMBL1933538,Fc1ccc2[nH]c(cc2c1)C(=O)N3C[C@]4(CCN(C4)C5CCCNC5)c6ccccc36,4.71
253,CHEMBL1933550,Fc1ccc2cc([nH]c2c1)C(=O)N3C[C@]4(CCN(C4)C5CCNC5)c6ccccc36,5.28
254,CHEMBL1933551,C[C@@H]1CCC(CN1)N2CC[C@@]3(C2)CN(C(=O)c4cc5ccccc5[nH]4)c6ccccc36,4.74
255,CHEMBL1933552,C[C@@H]1CCC(CN1)N2CC[C@@]3(C2)CN(C(=O)c4cc5ccc(F)cc5[nH]4)c6ccccc36,4.62
261,CHEMBL1835870,Nc1nc(Nc2ccc(cc2)[C@@H]3CC[C@H](CC3)N4CCOCC4)nn1c5ccccn5,7.4
1001,CHEMBL213505,Nc1ncnc2onc(c3ccc(NC(=O)Nc4cccc(c4)C(F)(F)F)cc3)c12,7.5
1003,CHEMBL2000335,Cc1ccc(NC(=O)Nc2ccc(cc2)c3csc4ncnc(N)c34)cc1C,7.7
1004,CHEMBL1084546,CN(c1ncccc1CNc2nc(Nc3ccc4NC(=O)Cc4c3)ncc2C(F)(F)F)S(=O)(=O)C,6.7
1005,CHEMBL1988717,Cn1cc(cn1)c2cnn3c(N)c(cnc23)c4ccc(NC(=O)Nc5cccc(c5)C(F)(F)F)cc4,8.4
1007,CHEMBL1987034,NS(=O)(=O)c1cccc(Nc2ncc(Br)c(Nc3ccc(OCC#N)cc3)n2)c1,8.1
1008,CHEMBL1993941,CCCn1cc(cn1)c2cnc(N)c3c(csc23)c4ccc(NC(=O)Nc5cccc(F)c5)cc4,7.7
1010,CHEMBL2005886,Cc1cc(cc2[nH]c(nc12)C3=C(NCC(O)c4cccc(Cl)c4)C=CNC3=O)N5CCOCC5,7.7
1015,CHEMBL1972576,Cc1ccc(NC(=O)Nc2ccc(NC(=O)c3csc4ncnc(N)c34)cc2)cc1,6.5
1017,CHEMBL1973145,Cc1cccc(NC(=O)Nc2ccc(cc2)c3csc4nc(N)nc(N)c34)c1,7.0
1018,CHEMBL1982924,COc1cccc(c1)C(=O)Nc2cnc3[nH]cc(c4ccccc4)c3c2,6.1
1021,CHEMBL1988173,Cc1cc(Cl)ccc1NC(=S)NNC(=O)C(O)(c2ccccc2)c3ccccc3,6.4
1024,CHEMBL1989805,NC(=O)C1=C2SC(=Cc3occc3)C(=O)N2C(=C(C#N)C1c4occc4)N,5.8
1029,CHEMBL1983025,CCC(N)(CC)C#Cc1cnc(N)c2c(csc12)c3ccc(NC(=O)Nc4cccc(C)c4)cc3,7.8
1034,CHEMBL1241473,COc1cc(Nc2ncc(c(Nc3ccccc3C(=O)N)n2)[N+](=O)[O-])cc(OC)c1OC,7.4
1036,CHEMBL1986263,CCN1C(=O)SC(=C1C)c2ccnc(Nc3cccc(OC)c3)n2,6.1
1038,CHEMBL2001257,CCN(CC)CC#Cc1cnc(N)c2c(csc12)c3ccc(NC(=O)Nc4cccc(C)c4)cc3,8.4
1040,CHEMBL1987793,Cc1ccccc1c2c(C(=O)O)n(CCCOc3cccc4ccccc34)c5ccccc25,6.6
1048,CHEMBL1970142,CNC(=O)C(C)n1cc(cn1)c2cnc(N)c3c(csc23)c4ccc(NC(=O)Nc5ccc(C)cc5)cc4,8.7
1052,CHEMBL1967531,Nc1ncnc2scc(c3ccc(NC(=O)Nc4ccccc4)cc3)c12,6.4
1064,CHEMBL2002649,COc1ccc2NC(=O)C(=Cc3c[nH]cn3)c2c1,6.2
1066,CHEMBL2002446,CN1CCN(Cc2ccc3c(Cc4c(n[nH]c34)c5csc(c5)C#CCOCC6CC6)c2)CC1,6.8
1070,CHEMBL1994321,Cc1cccc(NC(=O)Nc2ccc(cc2)c3csc4c(cnc(N)c34)C#CCNS(=O)(=O)C)c1,8.9
1072,CHEMBL1997129,O=C1NCCc2[nH]c(cc12)c3ccnc(C=Cc4ccccc4)c3,7.3
1073,CHEMBL1974870,Cc1n[nH]c2ccc(cc12)c3cncc(OCC(N)Cc4cccc(Cl)c4)c3,6.8
1074,CHEMBL1973540,O=C1Nc2ccc3ncsc3c2C1=CNc4ccc(cc4)S(=O)(=O)Nc5ccccn5,7.7
1076,CHEMBL1971649,Cc1ccc(F)c(NC(=O)Nc2ccc(cc2)c3ccc4nccnc4c3N)c1,6.5
1083,CHEMBL1969190,COc1ccc(c2ccc(NC(=O)Nc3cc(F)cc(F)c3)cc2)c4c(N)noc14,7.1
1084,CHEMBL1977148,COc1ccc(NC(=O)Nc2ccc(cc2)c3csc4c(cnc(N)c34)c5cnn(CCO)c5)cc1,8.5
1085,CHEMBL1973937,Cc1ccc(c2ccc(NC(=O)Nc3cccc(Br)c3)cc2)c4c(N)n[nH]c14,7.3
1087,CHEMBL1992306,CNC(=O)c1cc(Oc2ccc(NC(=O)Nc3cccc(c3)C(F)(F)F)cc2)ccn1,7.4
1088,CHEMBL2002165,CC(O)Cn1cc(cn1)c2cnc(N)c3c(csc23)c4ccc(NC(=O)Nc5cccc(F)c5)cc4,7.7
1089,CHEMBL1982711,NC(=O)c1ccc(cc1)c2c[nH]c3nccc(Cl)c23,6.2
1092,CHEMBL1998585,Nc1ncnc2scc(c3ccc(NC(=O)Nc4cc(ccc4F)C(F)(F)F)cc3)c12,8.9
1094,CHEMBL1994241,COc1cc(C=C(C#N)c2nc3ccccc3[nH]2)c(Br)cc1O,6.1
1099,CHEMBL1998829,Clc1ccc(cc1)C(=O)Nc2cnc3[nH]cc(c4ccccc4)c3c2,6.2
1101,CHEMBL461876,COc1cc2CCN(C(=O)CN(C)C)c2cc1Nc3nc(Nc4cccc(F)c4C(=O)N)c5cc[nH]c5n3,6.9
1102,CHEMBL1988838,Cc1cnc(Nc2cccc(c2)S(=O)(=O)N)nc1Nc3ccc(OCC(=O)N)cc3,7.9
1103,CHEMBL2001485,CC(C(=O)N(C)C)n1cc(cn1)c2cnc(N)c3c(csc23)c4ccc(NC(=O)Nc5ccc(C)cc5)cc4,8.6
1105,CHEMBL1984363,Cc1cc(NC(=O)Cc2ccc(cc2)c3cccc4[nH]nc(N)c34)ccc1F,5.8
1106,CHEMBL1978099,CNC(=O)COc1ccc(Nc2nc(Nc3ccc(C)c(c3)S(=O)(=O)N)ncc2F)cc1,7.2
1113,CHEMBL1965570,Nc1ncc(c2cocc2)c3scc(c4ccc(NC(=O)Nc5ccccc5F)cc4)c13,7.2
1118,CHEMBL1988387,Cn1cc(cn1)c2cnc(N)c3c(csc23)c4ccc(NC(=O)Nc5ccc(OC(F)F)cc5)cc4,8.7
1121,CHEMBL1989708,CC(O)Cn1cc(cn1)c2cnc(N)c3c(csc23)c4ccc(NC(=O)Nc5cccc(C)c5)cc4,8.9
1123,CHEMBL1970074,Cc1n[nH]c2cccc(c3ccc(NC(=O)Nc4cccc(c4)C(F)(F)F)cc3)c12,7.2
1126,CHEMBL1825138,CC(Oc1cc(cnc1N)c2cnn(c2)C3CCNCC3)c4c(Cl)ccc(F)c4Cl,8.3
1130,CHEMBL2005475,O=C(NCC1CCCCC1)c2cc3c(n[nH]c3s2)c4ccccc4,5.7
1132,CHEMBL1972584,CC(=O)N1CCN(CC1)C2CCC(CC2)n3nc(c4ccc(NC(=O)c5cc6ccccc6n5C)cc4)c7c(N)ncnc37,7.2
1133,CHEMBL402846,Cc1ccc(F)c(NC(=O)Nc2ccc(cc2)c3cncc4c3c(N)nn4C)c1,8.0
1135,CHEMBL183844,Cc1cccc(NC(=O)Nc2ccc(cc2C)c3cccc4C(=O)NCc34)c1,6.0
1137,CHEMBL220057,Cc1cccc(NC(=O)Nc2ccc(cc2)c3cccc4[nH]nc(N)c34)c1,6.6
1141,CHEMBL1968791,Cc1c(c2cccc(OCc3ccccc3)c2)c4c(N)ncnc4n1C5CC(CN6CCCC6)C5,6.3
1144,CHEMBL1964937,OCC(NC(=O)N1CCC(=CC1)c2c[nH]c3ncccc23)c4ccccc4,6.6
1148,CHEMBL1973211,Cc1cccc(NC(=O)Nc2ccc(cc2)c3csc4c(cnc(N)c34)C#CCN5CCCC5)c1,8.2
1155,CHEMBL2002702,Cc1cc(C)c(C=C2C(=O)Nc3ccccc23)[nH]1,7.4
1157,CHEMBL1976134,c1cc2cc(cnc2[nH]1)c3ccc4cn[nH]c4c3,6.2
1159,CHEMBL1970903,Cc1n[nH]c2ccc(cc12)c3cncc(OCC(N)Cc4c[nH]c5ccccc45)c3,6.1
1160,CHEMBL2005214,Cc1n[nH]c2OC(=C(C#N)C(c3ccccc3Br)c12)N,5.7
1161,CHEMBL1969523,CC(NC1=C(Nc2ccnc(Nc3cccc(C)c3)n2)C(=O)C1=O)C(C)(C)C,6.5
1167,CHEMBL1979057,O=C1NCc2c1cccc2c3ccc(Nc4nc5ccccc5[nH]4)cc3,5.9
1171,CHEMBL1972142,O=C(NCc1ccccc1)c2cccc(c2)c3cnc4[nH]ccc4c3,5.8
1175,CHEMBL1997023,CN(C)c1cc2sncc2cc1NC(=O)C(=O)O,6.0
1176,CHEMBL2001751,NC(COc1cncc(c1)c2ccc3NC(=O)C(=Cc4occc4)c3c2)Cc5c[nH]c6ccccc56,8.0
1177,CHEMBL1982465,Cc1cccc(NC(=O)Nc2ccc(cc2)c3csc4c(cnc(N)c34)C#CCN5CCOCC5)c1,8.5
1178,CHEMBL1964687,Cc1cc(C)cc(NC(=O)Nc2ccc3c(CCc4sc5ncnc(N)c5c34)c2)c1,8.5
1180,CHEMBL1974254,CCOc1ccc(NC(=O)Nc2ccc(cc2)c3csc4c(cnc(N)c34)c5cnn(C)c5)cc1,7.8
1183,CHEMBL1988537,COc1ccc(cc1)C(=O)N2c3ccccc3Sc4c(Cl)cncc24,5.7
1184,CHEMBL2005828,Cc1ccc(NC(=O)Nc2ccc(cc2)c3coc4ncnc(N)c34)cc1,5.9
1190,CHEMBL1987007,CN1CCC(CC1)NC(=O)c2cc3c(n[nH]c3s2)c4ccccc4,5.7
1194,CHEMBL1984711,COc1cc(Nc2nccc(Nc3onc(c3)C4CCCCC4)n2)cc(OC)c1OC,6.0
1195,CHEMBL1967878,CN1CCN(CC1)c2ccc(Nc3ncc(F)c(NC4C5CC(C=C5)C4C(=O)N)n3)cc2C,7.6
1199,CHEMBL2006778,CNC(=O)C=Cc1cnc(N)c2c(csc12)c3cc(F)c4[nH]c(C)cc4c3,6.6
1204,CHEMBL1996979,Fc1cccc(F)c1C(=O)Nc2cnc3[nH]cc(c4ccccc4)c3c2,6.6
1206,CHEMBL1968406,CCc1cccc(NC(=O)Nc2ccc3c(CCc4sc5ncnc(N)c5c34)c2)c1,8.5
1208,CHEMBL2004290,COc1ccc(NC(=O)Nc2ccc(cc2)c3csc4c(cnc(N)c34)c5cnn(CC(C)(C)O)c5)cc1,8.2
1210,CHEMBL2004311,Cc1cc(C)cc(NC(=O)Nc2ccc(c(C)c2)c3cccc4C(=O)NCc34)c1,7.8
1212,CHEMBL1242373,Cc1cccc(NC(=O)Nc2ccc3c(CCc4sc5ncnc(N)c5c34)c2)c1,7.8
1215,CHEMBL1974157,Oc1ccc(C=C(C#N)C(=O)NCc2ccccc2)cc1O,6.0
1217,CHEMBL1988075,Cc1ccc(cn1)c2cnc(N)c3c(csc23)c4ccc(NC(=O)Nc5cccc(F)c5)cc4,7.0
1222,CHEMBL1988594,Nc1ncnc2scc(C(=O)Nc3ccc(NC(=O)Nc4ccccc4)cc3)c12,6.1
1224,CHEMBL253969,NC(=O)c1c(NC(=O)NCCCCN2CCCC2)snc1OCc3c(F)cc(Br)cc3F,6.2
1225,CHEMBL1999811,Oc1ccc(C=NNC(=O)Nc2cccc3nsnc23)c(O)c1,5.8
1231,CHEMBL1967094,Clc1ccc(CNC(=O)c2cc3c(n[nH]c3s2)c4ccccc4)cc1,5.9
1233,CHEMBL1970203,Cc1cc(C)cc(NC(=O)Nc2ccc(NC(=O)c3csc4ncnc(N)c34)cc2)c1,7.3
1239,CHEMBL1971029,CNS(=O)(=O)c1ccccc1Nc2nc(Nc3cc(ccc3OC)N4CCN(CC4)C(=O)C)ncc2Br,7.2
1242,CHEMBL394790,Nc1nccc2scc(c3ccc(NC(=O)Nc4cccc(Cl)c4)cc3)c12,7.3
1244,CHEMBL226471,Fc1ccccc1c2cc(ccn2)c3cc4C(=O)NCCc4[nH]3,5.8
1249,CHEMBL1980896,Nc1ncnc2sc(Br)c(c3ccc(NC(=O)Cc4cccc(Cl)c4)cc3)c12,6.5
1250,CHEMBL1970104,CC(C)(C)c1ccc2nc([nH]c2c1)c3n[nH]c4ccccc34,7.2
1251,CHEMBL474432,COc1cc2ncn(c3cc(OCc4ccccc4C(F)(F)F)c(s3)C(=O)O)c2cc1OC,6.6
1256,CHEMBL1967302,NC(COc1cncc(c1)c2ccc3NC(=O)Cc3c2)Cc4c[nH]c5ccccc45,5.7
1262,CHEMBL1988437,CNC(=O)c1ccccc1Sc2ccc3c(C=Cc4ccccn4)n[nH]c3c2,6.8
1266,CHEMBL1979577,Cc1cccc(NC(=O)Nc2ccc(cc2)c3csc4c(cnc(N)c34)C#CC(C)(C)N)c1,8.1
1267,CHEMBL1998121,NCCC(C(=O)Nc1ccc2[nH]ncc2c1)c3ccc(Cl)c(Cl)c3,5.8
1268,CHEMBL1982135,Cc1ccccc1NC(=O)Nc2ccc3c(CCc4sc5ncnc(N)c5c34)c2,6.2
1270,CHEMBL1976090,Nc1ncnc2c1sc3ncnc(N)c23,6.6
1272,CHEMBL1993243,CNC(=O)C=Cc1cnc(N)c2c(csc12)c3ccc4OCOc4c3,6.0
1273,CHEMBL1992922,OCC(CO)Nc1ncnc2[nH]cc(c3ccccc3)c12,6.7
1279,CHEMBL1996817,CCCCOc1ncnc2[nH]cc(c3ccccc3)c12,7.0
1281,CHEMBL508928,Cc1cccc(NC(=O)Nc2ccc(cc2)c3cnc4c(cnn4c3N)c5cnn(C)c5)c1,7.6
1286,CHEMBL1990884,Cc1cc(C)c2oc(Nc3ccc(cc3F)c4cccc(C(=O)N)c4N)nc2c1,6.4
1287,CHEMBL1990821,Cc1cc(C)c(C)c(OCCCc2c([nH]c3c(cccc23)c4ccccc4C)C(=O)O)c1,6.4
1288,CHEMBL1990885,CCN(CC)CCNC(=O)c1c(C)[nH]c(C=C2C(=O)Nc3ccc(F)cc23)c1C,7.8
1290,CHEMBL1970314,NC(=O)c1cc(cc2cccnc12)c3cccc(N)c3,5.8
1295,CHEMBL271381,COc1ccc(c2ccc(NC(=O)Nc3cccc(Br)c3)cc2)c4c(N)noc14,7.8
1297,CHEMBL262433,Cc1ccc(F)c(NC(=O)Nc2ccc(cc2)c3nsc4ncnc(N)c34)c1,7.4
1298,CHEMBL2006785,Cc1ccc(cc1)C(=O)Nc2c(C#N)sc3ccc(Cl)c(Cl)c23,5.7
1299,CHEMBL1982466,Cc1ccc(NC(=O)Nc2ccc(cc2)c3csc4c(cnc(N)c34)c5cnn(C)c5)cc1,8.2
1301,CHEMBL1966722,OC(C(=O)NNC(=S)Nc1ccc(Cl)cc1)(c2ccccc2)c3ccccc3,6.4
1304,CHEMBL394619,Cc1cccc(NC(=O)Nc2ccc(cc2)c3csc4ccnc(N)c34)c1,7.8
1305,CHEMBL1996831,OC(=O)c1c2CCC(=C3CCCC3)c2nc4ccccc14,6.0
1306,CHEMBL411903,Nc1ncnc2NCCC(=Nc12)c3ccc(NC(=O)Nc4cc(ccc4F)C(F)(F)F)cc3,8.1
1308,CHEMBL1990432,Clc1ccc(cc1)C2CC3=C(C(=O)C2)C(=O)c4ccc(Cl)cc4N3,5.8
1309,CHEMBL1965988,Cc1cccc(NC(=O)Nc2ccc(cc2)c3csc4c(cnc(N)c34)C#CCN)c1,8.5
1311,CHEMBL422897,CN1CCC(C(O)C1)c2c(O)cc(O)c3C(=O)C=C(Oc23)c4ccccc4Cl,6.0
1313,CHEMBL2000345,COc1cc(C=C(C#N)c2nc3cc(C)ccc3[nH]2)c(Br)cc1O,6.4
1320,CHEMBL2007064,Cc1[nH]c(C=C2C(=O)Nc3ccccc23)c(C)c1CCC(=O)O,6.7
1323,CHEMBL1991063,Cc1n[nH]c2ccc(cc12)c3cncc(OCC(N)Cc4ccc(Cl)c(Cl)c4)c3,6.7
1327,CHEMBL1979093,COc1ccc(c2ccc(NC(=O)Nc3ccc(F)c(C)c3)cc2)c4c(N)noc14,7.3
1329,CHEMBL1987009,COc1cccc(CNC(=O)c2cc3c(n[nH]c3s2)c4ccccc4)c1,6.3
1335,CHEMBL1965836,Cc1n[nH]c2ccc(cc12)c3cncc(OCC(N)Cc4cccc(OC(F)(F)F)c4)c3,6.1
1336,CHEMBL1971021,Cc1cc(C)cc(NC(=O)Nc2ccc(c3cccc4C(=O)NCc34)c(c2)C(F)(F)F)c1,7.8
1337,CHEMBL583144,Clc1ccc(Cl)c2c3N=CNC(=O)c3sc12,6.0
1339,CHEMBL1994693,Nc1ncnc2sc3CCc4cc(NC(=O)Nc5ccccc5)ccc4c3c12,6.6
1340,CHEMBL1994938,Nc1ncc(C=CC(=O)NCCCn2ccnc2)c3scc(c4ccc(Br)cc4)c13,6.2
1343,CHEMBL1982957,NC(=O)c1cccc(c1)c2cnc3[nH]cc(c4ccccc4)c3c2,7.4
1345,CHEMBL1975138,OC(C(=O)NNC(=S)Nc1ccc(F)cc1)(c2ccccc2)c3ccccc3,6.6
1347,CHEMBL2006836,CC1=NN(C(=O)C1=Cc2c(C)c(C#N)c3nc4ccccc4n3c2O)c5ccc(cc5)C(=O)O,6.1
1363,CHEMBL1090356,O=C(Cc1ccccc1)Nc2cccc(c2)c3nc4sccn4c3c5ccnc(Nc6ccc(cc6)N7CCOCC7)n5,6.7
1364,CHEMBL1976455,FC(F)(F)c1ccc2nccc(NC(=O)Nc3cnccn3)c2c1,6.1
1372,CHEMBL1969502,O=C(Nc1cc2C(=O)NN=Cc3c[nH]c(c1)c23)C4CC4c5ccccc5,6.6
1374,CHEMBL1966514,Nc1ncc(c2cocc2)c3scc(c4ccc(NC(=O)Nc5cccc(F)c5)cc4)c13,7.4
1376,CHEMBL1983963,Cc1cccc(NC(=O)Nc2ccc(cc2)c3coc4ncnc(N)c34)c1,7.8
1377,CHEMBL1997764,COc1ccc(cc1)C(=O)Nc2cnc3[nH]cc(c4ccccc4)c3c2,6.4
1378,CHEMBL1985092,Oc1ccc(cc1)c2n[nH]c(Nc3cccc(Cl)c3)c2c4ccc(O)cc4,6.1
1388,CHEMBL1983268,CN1CCN(CC1)c2ccc(C(=O)Nc3n[nH]c4ccc(Cc5cc(F)cc(F)c5)cc34)c(NC6CCOCC6)c2,7.4
1394,CHEMBL1965507,Cc1cccc(NC(=O)Nc2ccc(NC(=O)c3csc4ncnc(N)c34)cc2)c1,7.0
1398,CHEMBL2000071,OCCCNc1ncnc2[nH]cc(c3ccccc3)c12,6.6
1399,CHEMBL592030,NCCCn1cc(c2cc(c3cc4ccccc4s3)c5[nH]ncc5c2)c6nc(N)ncc16,6.3
1400,CHEMBL1967720,CC(C)(C(=O)N)n1cc(cn1)c2cnc(N)c3c(csc23)c4ccc(NC(=O)Nc5cccc(F)c5)cc4,7.8
1403,CHEMBL1979516,CCNC(=O)c1cnc(N)c2c(csc12)c3ccc(NC(=O)Nc4cccc(F)c4)cc3,8.0
1408,CHEMBL1989029,CC(C)OC1=NNC(=O)C1=Cc2c[nH]c3ccccc23,6.2
1412,CHEMBL1980144,Cc1ccccc1NC(=O)Nc2ccc(NC(=O)c3csc4ncnc(N)c34)cc2,6.6
1415,CHEMBL1979883,CN(C)CC#Cc1cnc(N)c2c(csc12)c3ccc(NC(=O)Nc4cccc(C)c4)cc3,8.3
1416,CHEMBL231209,Nc1nccc2scc(c3ccc(NC(=O)Nc4cccc(F)c4)cc3)c12,6.8
1417,CHEMBL1984162,COCCOC1CCC(CC1)n2nc(c3ccc(Nc4oc5c(C)cc(C)cc5n4)cc3)c6c(N)ncnc26,8.1
1418,CHEMBL1976220,Nc1nccc2scc(c3ccc(NC(=O)Nc4cccc(Br)c4)cc3)c12,7.9
1419,CHEMBL491758,Fc1cnc(Nc2ccccc2)nc1Nc3ccccc3,6.7
1421,CHEMBL1997617,CN1CCN(CC1)C2CCC(CC2)n3cc(c4ccc(Oc5ccccc5)cc4)c6c(N)ncnc36,6.9
1427,CHEMBL371206,Cc1cc(C)cc(NC(=O)Nc2ccc(cc2)c3c(C)sc4ncnc(N)c34)c1,7.7
1428,CHEMBL1996791,Nc1ncnc2c1c(I)nn2C3CCC(O)CC3,6.3
1429,CHEMBL1974664,COc1ccc(C=NNc2ncnc3c4ccccc4[nH]c23)cc1OC,6.5
1430,CHEMBL1987910,Nc1nccc2scc(c3ccc(NC(=O)Nc4ccccc4C(F)(F)F)cc3)c12,6.0
1432,CHEMBL1980297,Nc1ncc(c2cnn(CCO)c2)c3scc(c4ccc(NC(=O)Nc5cccc(F)c5)cc4)c13,8.8
1436,CHEMBL196363,Cc1cccc(NC(=O)Nc2ccc(cc2)c3csc4ncnc(N)c34)c1,8.2
1437,CHEMBL1997822,Cc1cc2cc(ccc2[nH]1)c3csc4c(cnc(N)c34)c5cccc(c5)S(=O)(=O)C,5.9
1438,CHEMBL1974416,Fc1cccc(C(=O)Nc2cnc3[nH]cc(c4ccccc4)c3c2)c1F,6.4
1439,CHEMBL1984039,Cc1nn(C)c(C)c1c2cccc3c(CCCOc4cccc5ccccc45)c([nH]c23)C(=O)O,6.2
1442,CHEMBL404367,Cc1cccc(NC(=O)Nc2ccc(cc2)c3cncc4c3c(N)nn4C)c1,7.9
1443,CHEMBL1173442,C[C@H]1C\C=C\[C@@H](O)[C@@H](O)CC\C=C\c2cc(O)cc(O)c2C(=O)O1,6.0
1448,CHEMBL2022573,CN1CCN(CC1)c2ccc(Nc3ncc(C)c(n3)c4ccc(F)c(Cl)c4)cc2F,5.55
1449,CHEMBL2022574,CN1CCN(CC1)c2ccc(Nc3ncc(C)c(n3)c4ccc(F)cc4)cc2F,5.22
1450,CHEMBL2022575,CN1CCN(Cc2ccc(Nc3ncc(C)c(n3)c4ccc(F)c(Cl)c4)cc2)CC1,6.14
1451,CHEMBL2022961,Cc1cnc(Nc2ccc(OCCN3CCCCC3)cc2)nc1c4ccc(F)c(Cl)c4,5.79
1452,CHEMBL2022962,CN(C1CCN(C)CC1)c2ccc(Nc3ncc(C)c(n3)c4ccc(F)c(Cl)c4)cc2,6.38
1453,CHEMBL2022963,CN1CCN(Cc2ccc(Nc3ncc(C)c(n3)c4cccc(Cl)c4)cc2)CC1,6.36
1454,CHEMBL2022964,CN1CCN(Cc2ccc(Nc3ncc(C)c(n3)c4ccc(cc4)C(C)(C)C#N)cc2)CC1,6.54
1455,CHEMBL2022965,CN1CCN(Cc2ccc(Nc3ncc(C)c(Oc4ccc(F)c(Cl)c4)n3)cc2)CC1,5.85
1456,CHEMBL2022966,CN1CCN(Cc2ccc(Nc3ncc(C)c(Nc4ccc(F)c(Cl)c4)n3)cc2)CC1,4.2
1457,CHEMBL2022967,CN1CCN(Cc2ccc(Nc3ncc(C4CC4)c(n3)c5ccc(F)c(Cl)c5)cc2)CC1,5.47
1459,CHEMBL2022969,CN(C)C(=O)c1ccccc1Nc2nc(Nc3ccc(CN4CCN(C)CC4)cc3)ncc2Cl,7.06
1460,CHEMBL2022970,CN1CCN(Cc2ccc(Nc3ncc(C)c(n3)c4ccc(F)cc4S(=O)(=O)N5CCCC5)cc2)CC1,5.53
1461,CHEMBL2022971,CN1CCN(Cc2ccc(Nc3ncc(F)c(n3)c4ccc(F)cc4S(=O)(=O)N5CCCC5)cc2)CC1,5.94
1463,CHEMBL2022973,CN1CCN(Cc2ccc(Nc3ncc(Cl)c(Nc4ccccc4C(=O)N5CCCC5)n3)cc2)CC1,7.22
1464,CHEMBL2022974,CN1CCN(Cc2ccc(Nc3ncc(Cl)c(Nc4ccccc4C(=O)NC5CC5)n3)cc2)CC1,7.5
1466,CHEMBL2022976,CN1CCN(Cc2ccc(Nc3ncc(Cl)c(Nc4ccc(F)cc4S(=O)(=O)N5CCOCC5)n3)cc2)CC1,6.62
1467,CHEMBL2022977,CN1CCN(Cc2ccc(Nc3ncc(Cl)c(Nc4ccc(F)cc4S(=O)(=O)N5CCCC5)n3)cc2)CC1,7.43
1468,CHEMBL2022978,CN1CCN(Cc2ccc(Nc3ncc(Cl)c(Nc4ccc(Cl)cc4S(=O)(=O)N5CCCC5)n3)cc2)CC1,5.97
1469,CHEMBL2023343,CN1CCN(Cc2ccc(Nc3ncc(Cl)c(Nc4ccc(O)cc4S(=O)(=O)N5CCCC5)n3)cc2)CC1,5.88
1470,CHEMBL2023344,CN(c1ccc(F)cc1S(=O)(=O)N2CCCC2)c3nc(Nc4ccc(CN5CCN(C)CC5)cc4)ncc3Cl,5.41
1471,CHEMBL2023345,CN(C)S(=O)(=O)c1cc(F)ccc1c2nc(Nc3ccc(CN4CCN(C)CC4)cc3)ncc2Cl,7.09
1472,CHEMBL2023346,CN1CCN(Cc2ccc(Nc3ncc(Cl)c(n3)c4ccc(F)cc4S(=O)(=O)N5CCCC5)cc2)CC1,7.04
1473,CHEMBL2023347,CN(C)S(=O)(=O)c1ccccc1Nc2nc(Nc3ccc(cc3)N(C)C4CCN(C)CC4)ncc2Cl,7.25
1474,CHEMBL2023348,CN(C)S(=O)(=O)c1ccccc1Nc2nc(Nc3ccc(cc3)N4CCN(C)CC4)ncc2Cl,5.76
1476,CHEMBL2023350,CN1CCC(CC1)n2cc(c(C)n2)c3cnc(N)c(c3)c4oc5ccccc5n4,7.52
1478,CHEMBL2023352,Cc1c[nH]c2nc(Nc3ccc(cc3)N4CCN(CCO)CC4)nc(c5cccc(CC#N)c5)c12,7.0
1489,CHEMBL2036621,CNc1ncc2c(nn(C[C@@H]3CC[C@@H](O)CC3)c2n1)C(C)C,5.62
1491,CHEMBL2036623,CNc1ncc2c(nn(CC3CCCNC3)c2n1)C(C)C,5.34
1493,CHEMBL2036625,CNc1ncc2c(nn(C[C@@H]3CC[C@@H](O)CC3)c2n1)C(=C)C,6.42
1494,CHEMBL2036626,CNc1ncc2c(nn(C[C@@H]3CC[C@@H](O)CC3)c2n1)c4ccccc4,7.08
1495,CHEMBL2036627,CNc1ncc2c(nn(C[C@@H]3CC[C@H](O)CC3)c2n1)c4ccccc4,6.72
1496,CHEMBL2036628,CNc1ncc2c(nn(C[C@@H]3CC[C@@H](N)CC3)c2n1)c4ccccc4,7.09
1497,CHEMBL2036629,CNc1ncc2c(nn(C[C@@H]3CC[C@H](N)CC3)c2n1)c4ccccc4,6.43
1498,CHEMBL2036630,CNc1ncc2c(nn(CC3CCC(N)CC3)c2n1)c4ccc(OC)cc4,7.44
1499,CHEMBL2036631,CNc1ncc2c(nn(CC3CCC(N)CC3)c2n1)c4cccc(OC)c4,6.82
1500,CHEMBL2036632,CNc1ncc2c(nn(CC3CCC(N)CC3)c2n1)c4ccccc4OC,6.16
1501,CHEMBL2036633,CNc1ncc2c(nn(CC3CCC(N)CC3)c2n1)c4ccc(cc4)C(F)(F)F,6.66
1502,CHEMBL2036788,CNc1ncc2c(nn(CC3CCC(N)CC3)c2n1)c4ccc(cc4)c5ccccc5,7.3
1503,CHEMBL2036789,CNc1ncc2c(nn(CC3CCC(N)CC3)c2n1)c4cccnc4,6.13
1504,CHEMBL2036790,CNc1ncc2c(nn(CC3CCC(N)CC3)c2n1)c4ccc(F)nc4,6.22
1505,CHEMBL2036791,CNc1ncc2c(nn(CC3CCC(N)CC3)c2n1)c4ccc(nc4)N5CCNCC5,7.24
1506,CHEMBL2036792,CNc1ncc2c(nn(CC3CCC(N)CC3)c2n1)c4ccc(cc4)N5CCNCC5,6.85
1507,CHEMBL2036793,CN(C)c1ncc2c(nn(CC3CCC(N)CC3)c2n1)c4ccccc4,4.66
1508,CHEMBL2036794,CCCNc1ncc2c(nn(CC3CCC(N)CC3)c2n1)c4ccccc4,6.75
1509,CHEMBL2036795,CCCCNc1ncc2c(nn(CC3CCC(N)CC3)c2n1)c4ccccc4,7.0
1510,CHEMBL2036796,CCCCCNc1ncc2c(nn(CC3CCC(N)CC3)c2n1)c4ccccc4,7.33
1511,CHEMBL2036797,CC(C)Nc1ncc2c(nn(CC3CCC(N)CC3)c2n1)c4ccccc4,5.85
1512,CHEMBL2036798,NC1CCC(Cn2nc(c3ccccc3)c4cnc(NC5CCC5)nc24)CC1,6.44
1513,CHEMBL2036799,COCCNc1ncc2c(nn(CC3CCC(N)CC3)c2n1)c4ccccc4,6.18
1514,CHEMBL2036800,NC1CCC(Cn2nc(c3ccccc3)c4cnc(NCCCN5CCOCC5)nc24)CC1,4.77
1515,CHEMBL2036801,NC1CCC(Cn2nc(c3ccccc3)c4cnc(NCc5ccccc5)nc24)CC1,7.42
1516,CHEMBL2036802,COc1ccc(CNc2ncc3c(nn(CC4CCC(N)CC4)c3n2)c5ccccc5)cc1,7.23
1517,CHEMBL2036803,NC1CCC(Cn2nc(c3ccccc3)c4cnc(NCCc5ccccc5)nc24)CC1,7.39
1518,CHEMBL2036787,NC1CCC(Cn2nc(c3ccccc3)c4cnc(NCCCc5ccccc5)nc24)CC1,7.42
1523,CHEMBL2036808,CCCCNc1ncc2c(nn(C[C@@H]3CC[C@@H](N)CC3)c2n1)c4ccc(F)cc4,7.43
1583,CHEMBL2171124,Cn1cc(c2ccc3N(CCc3c2)C(=O)Cc4cccc(c4)C(F)(F)F)c5c(N)ncnc15,5.57
1902,CHEMBL2312304,Clc1ccc(Cl)c(CNc2ncc(C(=O)NCCCN3CCOC3=O)c(NC4CCCC4)n2)c1,5.4
1903,CHEMBL2312303,Clc1ccc(Cl)c(CNc2ncc(C(=O)NCCCN3CCCC3=O)c(NC4CCCC4)n2)c1,5.5
1904,CHEMBL2312301,COc1ccccc1CNc2ncc(C(=O)NCCCN3CCCC3=O)c(NC4CCCC4)n2,5.24
1905,CHEMBL2312290,COc1ccc(CCNc2ncc(C(=O)NCCCN3CCCC3=O)c(NC4CCCC4)n2)cc1OC,7.22
1907,CHEMBL2348264,Fc1cc(NC(=O)C2=CC=CN(C2=O)c3ccc(cc3)C(F)(F)F)ccc1Oc4ncnc5[nH]cnc45,6.77
1908,CHEMBL2346680,Fc1ccc(cc1)N2C=CC=C(C(=O)Nc3ccc(Oc4ncnc5[nH]cnc45)c(F)c3)C2=O,7.41
1909,CHEMBL2348263,Fc1cccc(c1)N2C=CC=C(C(=O)Nc3ccc(Oc4ncnc5[nH]cnc45)c(F)c3)C2=O,6.68
2017,CHEMBL2442124,C[C@@H](Sc1cc(cnc1N)c2cnn(c2)C3CCNCC3)c4c(Cl)ccc(F)c4Cl,6.35
2046,CHEMBL3093632,O[C@@H]1CC[C@H](CC1)Nc2nc(NC3CCOCC3)ncc2C(=O)Nc4ccc(cc4)S(=O)(=O)N5CCOCC5,5.13
2047,CHEMBL3093631,O[C@@H]1CC[C@H](CC1)Nc2nc(NC3CCCCC3)ncc2C(=O)Nc4ccc(cc4)S(=O)(=O)N5CCOCC5,5.05
2048,CHEMBL3093630,CC(C)Nc1ncc(C(=O)Nc2ccc(cc2)S(=O)(=O)N3CCOCC3)c(N[C@@H]4CC[C@@H](O)CC4)n1,5.72
2049,CHEMBL3093629,OCCCNc1ncc(C(=O)Nc2ccc(cc2)S(=O)(=O)N3CCOCC3)c(N[C@@H]4CC[C@@H](O)CC4)n1,5.37
2050,CHEMBL3093628,O[C@@H]1CC[C@H](CC1)Nc2nc(NCCCC(F)(F)F)ncc2C(=O)Nc3ccc(cc3)S(=O)(=O)N4CCOCC4,5.24
2051,CHEMBL3093627,O[C@@H]1CC[C@H](CC1)Nc2nc(NCCC3CC3)ncc2C(=O)Nc4ccc(cc4)S(=O)(=O)N5CCOCC5,6.52
2052,CHEMBL3093626,CCCCCNc1ncc(C(=O)Nc2ccc(cc2)S(=O)(=O)N3CCOCC3)c(N[C@@H]4CC[C@@H](O)CC4)n1,5.96
2053,CHEMBL3093625,CCCNc1ncc(C(=O)Nc2ccc(cc2)S(=O)(=O)N3CCOCC3)c(N[C@@H]4CC[C@@H](O)CC4)n1,6.22
2054,CHEMBL3093647,CCNc1ncc(C(=O)Nc2ccc(cc2)S(=O)(=O)N3CCOCC3)c(N[C@@H]4CC[C@@H](O)CC4)n1,6.11
2055,CHEMBL3093646,CNc1ncc(C(=O)Nc2ccc(cc2)S(=O)(=O)N3CCOCC3)c(N[C@@H]4CC[C@@H](O)CC4)n1,5.92
2056,CHEMBL3093645,Nc1ncc(C(=O)Nc2ccc(cc2)S(=O)(=O)N3CCOCC3)c(N[C@@H]4CC[C@@H](O)CC4)n1,4.78
2059,CHEMBL3093642,CCCCNc1ncc(C(=O)Nc2ccc(cc2)S(=O)(=O)N3CCOCC3)c(NCc4ccncc4)n1,4.68
2060,CHEMBL3093641,CCCCNc1ncc(C(=O)Nc2ccc(cc2)S(=O)(=O)N3CCOCC3)c(N[C@H]4CCNC4)n1,4.9
2062,CHEMBL3093639,CCCCNc1ncc(C(=O)Nc2ccc(cc2)S(=O)(=O)N3CCOCC3)c(NC4CCNCC4)n1,4.97
2063,CHEMBL3093638,CCCCNc1ncc(C(=O)Nc2ccc(cc2)S(=O)(=O)N3CCOCC3)c(NC[C@@H]4CCCNC4)n1,4.85
2064,CHEMBL3093637,CCCCNc1ncc(C(=O)Nc2ccc(cc2)S(=O)(=O)N3CCOCC3)c(NCC4CCNCC4)n1,5.33
2066,CHEMBL3093635,CCCCNc1ncc(C(=O)Nc2ccc(cc2)S(=O)(=O)N3CCOCC3)c(N[C@@H]4CC[C@@H](N)CC4)n1,6.4
2067,CHEMBL3093756,CCCCNc1ncc(C(=O)NCc2ccc(cc2)n3ccnc3)c(N[C@@H]4CC[C@@H](O)CC4)n1,6.44
2068,CHEMBL3093755,CCCCNc1ncc(C(=O)NCc2ccc(cc2)S(=O)(=O)N)c(N[C@@H]3CC[C@@H](O)CC3)n1,6.59
2069,CHEMBL3093754,CCCCNc1ncc(C(=O)NCc2ccc(F)cc2)c(N[C@@H]3CC[C@@H](O)CC3)n1,6.1
2070,CHEMBL3093753,CCCCNc1ncc(C(=O)Nc2ccc(cc2)S(=O)(=O)N3CCOCC3)c(N[C@@H]4CC[C@@H](O)CC4)n1,6.28
2071,CHEMBL3093752,CCCCNc1ncc(C(=O)Nc2ccc(CN3CCOCC3)cc2)c(N[C@@H]4CC[C@@H](O)CC4)n1,6.43
2072,CHEMBL3093751,CCCCNc1ncc(C(=O)Nc2ccc(cc2)N3CCOCC3)c(N[C@@H]4CC[C@@H](O)CC4)n1,6.24
2073,CHEMBL3093750,CCCCNc1ncc(C(=O)Nc2ccccc2OC)c(N[C@@H]3CC[C@@H](O)CC3)n1,5.42
2074,CHEMBL3093749,CCCCNc1ncc(C(=O)Nc2cccc(OC)c2)c(N[C@@H]3CC[C@@H](O)CC3)n1,5.77
2075,CHEMBL3093748,CCCCNc1ncc(C(=O)Nc2ccc(OC)cc2)c(N[C@@H]3CC[C@@H](O)CC3)n1,6.06
2076,CHEMBL3093747,CCCCNc1ncc(C(=O)Nc2ccc(cc2)C(F)(F)F)c(N[C@@H]3CC[C@@H](O)CC3)n1,4.78
2077,CHEMBL3093746,CCCCNc1ncc(C(=O)NC2CCCCC2)c(N[C@@H]3CC[C@@H](O)CC3)n1,6.43
2078,CHEMBL3093649,CCCCNc1ncc(C(=O)NC2CCOCC2)c(N[C@@H]3CC[C@@H](O)CC3)n1,6.24
2079,CHEMBL3093648,CCCCNc1ncc(C(=O)NC2CCN(CC2)c3ncccn3)c(N[C@@H]4CC[C@@H](O)CC4)n1,6.25
2080,CHEMBL3093763,CCCCNc1ncc(C(=O)NC2CCN(CC2)C(C)C)c(N[C@@H]3CC[C@@H](O)CC3)n1,6.37
2082,CHEMBL3093761,CCCCNc1ncc(C(=O)NC2CCNCC2)c(N[C@@H]3CC[C@@H](O)CC3)n1,6.32
2084,CHEMBL3093759,CCCCNC(=O)c1cnc(NCCCC)nc1N[C@@H]2CC[C@@H](O)CC2,5.52
2086,CHEMBL3093757,CCCCNc1ncc(C(=O)Nc2ccc(F)cc2)c(N[C@@H]3CC[C@@H](O)CC3)n1,5.77
2088,CHEMBL3093764,CCCCNc1ncc(C(=O)Nc2ccc(F)cc2)c(NC[C@@H]3CC[C@@H](N)CC3)n1,5.7
2093,CHEMBL3092787,CCCCNc1ncc(c(NC[C@@H]2CC[C@@H](N)CC2)n1)c3ccccn3,6.17
2094,CHEMBL3092784,OCCCCNc1ncc(c(N[C@@H]2CC[C@@H](O)CC2)n1)c3ccccn3,5.46
2095,CHEMBL3092783,OCCCNc1ncc(c(N[C@@H]2CC[C@@H](O)CC2)n1)c3ccccn3,4.82
2096,CHEMBL3092782,OCCNc1ncc(c(N[C@@H]2CC[C@@H](O)CC2)n1)c3ccccn3,4.73
2097,CHEMBL3092781,O[C@@H]1CC[C@H](CC1)Nc2nc(NCCc3ccccc3)ncc2c4ccccn4,6.37
2099,CHEMBL3092779,O[C@@H]1CC[C@H](CC1)Nc2nc(NC3CCCCC3)ncc2c4ccccn4,4.69
2102,CHEMBL3092776,CCCC(C)Nc1ncc(c(N[C@@H]2CC[C@@H](O)CC2)n1)c3ccccn3,5.1
2103,CHEMBL3092775,CCCCCNc1ncc(c(N[C@@H]2CC[C@@H](O)CC2)n1)c3ccccn3,6.19
2104,CHEMBL3092774,CCCNc1ncc(c(N[C@@H]2CC[C@@H](O)CC2)n1)c3ccccn3,5.21
2105,CHEMBL3092773,CCNc1ncc(c(N[C@@H]2CC[C@@H](O)CC2)n1)c3ccccn3,5.45
2106,CHEMBL3092772,CNc1ncc(c(N[C@@H]2CC[C@@H](O)CC2)n1)c3ccccn3,5.41
2109,CHEMBL3092769,CCCCNc1ncc(c(NCCCCO)n1)c2ccccn2,4.68
2110,CHEMBL3092768,CCCCNc1ncc(c(NCCCO)n1)c2ccccn2,5.01
2111,CHEMBL3092767,CCCCNc1ncc(c(N[C@@H]2C[C@@H](O)C2)n1)c3ccccn3,5.55
2112,CHEMBL3092766,CCCCNc1ncc(c(N[C@@H]2CC[C@@H](O)C2)n1)c3ccccn3,5.43
2113,CHEMBL3092765,CCCCNc1ncc(c(NCC2CCNCC2)n1)c3ccccn3,5.89
2114,CHEMBL3092809,CCCCNc1ncc(c(NC2CCNCC2)n1)c3ccccn3,5.8
2115,CHEMBL3092801,CCCCNc1ncc(c(Nc2ccc(N)cc2)n1)c3ccccn3,6.08
2116,CHEMBL3092800,CCCCNc1ncc(c(N[C@@H]2CC[C@@H](CN)CC2)n1)c3ccccn3,6.75
2117,CHEMBL3092799,CCCCNc1ncc(c(N[C@@H]2CC[C@@H](N)CC2)n1)c3ccccn3,6.26
2119,CHEMBL3092797,CCCCNc1ncc(c(N[C@@H]2CC[C@@H](O)CC2)n1)c3ccc(CNCCO)cn3,7.16
2120,CHEMBL3092796,CCCCNc1ncc(c(N[C@@H]2CC[C@@H](O)CC2)n1)c3ccc(CNC4CC4)cn3,7.08
2121,CHEMBL3092795,CCCCNc1ncc(c(N[C@@H]2CC[C@@H](O)CC2)n1)c3ccc(CNC4CCCCC4)cn3,7.42
2122,CHEMBL3092794,CCCCNc1ncc(c(N[C@@H]2CC[C@@H](O)CC2)n1)c3ccc(NC(=O)C4CCN(C)CC4)cn3,6.77
2123,CHEMBL3092793,CCCCNc1ncc(c(N[C@@H]2CC[C@@H](O)CC2)n1)c3ccc(cn3)C(=O)NC4CCN(C)CC4,7.22
2124,CHEMBL3092792,CCCCNc1ncc(c(N[C@@H]2CC[C@@H](O)CC2)n1)c3ccc(cn3)S(=O)(=O)N4CCOCC4,7.14
2125,CHEMBL3092791,CCCCNc1ncc(c(N[C@@H]2CC[C@@H](O)CC2)n1)c3ccc(CN(C)C)cn3,7.2
2126,CHEMBL3092790,CCCCNc1ncc(c(N[C@@H]2CC[C@@H](O)CC2)n1)c3ccc(CN4CCC(F)(F)CC4)cn3,6.89
2127,CHEMBL3092788,CCCCNc1ncc(c(N[C@@H]2CC[C@@H](O)CC2)n1)c3cc(CN4CCOCC4)ccn3,6.03
2129,CHEMBL3092807,CCCCNc1ncc(c(N[C@@H]2CC[C@@H](O)CC2)n1)c3ccc(CN4CCOCC4)cn3,6.57
2130,CHEMBL3092806,CCCCNc1ncc(c(N[C@@H]2CC[C@@H](O)CC2)n1)c3ccc(CN4CCN(C)CC4)cn3,6.59
2131,CHEMBL3092805,CCCCNc1ncc(c(N[C@@H]2CC[C@@H](O)CC2)n1)c3ccc(cn3)N4CCN(C)CC4,6.75
2132,CHEMBL3092804,CCCCNc1ncc(c(N[C@@H]2CC[C@@H](O)CC2)n1)c3ccc(F)cn3,6.34
2134,CHEMBL3092802,CCCCNc1ncc(c(N[C@@H]2CC[C@@H](O)CC2)n1)c3ccc(F)cc3,4.54
2135,CHEMBL3092786,CCCCNc1ncc(c(N[C@@H]2CC[C@@H](O)CC2)n1)c3cccnc3,4.79
2136,CHEMBL3092785,CCCCNc1ncc(c(N[C@@H]2CC[C@@H](O)CC2)n1)c3ccccn3,5.95
2138,CHEMBL50,OC1=C(Oc2cc(O)cc(O)c2C1=O)c3ccc(O)c(O)c3,6.02
2140,CHEMBL3104855,Cc1c(O)c(O)c2oc(cc2c1C=O)c3c(C)c(O)c(O)c(O)c3C=O,6.66
2141,CHEMBL3104854,Cc1c(O)c(O)c(O)c2C(=O)OCc12,5.61
2142,CHEMBL3104853,COCc1c(C)c(O)c(O)c(O)c1C=O,4.96
2143,CHEMBL3104852,COC1OC(=O)c2c(O)c(O)c(O)c(C)c12,5.19
2144,CHEMBL3104851,Cc1c(O)c(O)c2O[C@H]3O[C@H](C(=O)c4c(O)c(O)c(O)c(C)c34)c2c1C=O,6.8
2145,CHEMBL3109404,COC(=O)c1cc(O)c(O)c(C[C@]2(C)[C@@H](C)CC[C@]3(C)[C@H]2CCC=C3C)c1,4.88
2146,CHEMBL3109402,COc1cc2nc(C)oc2c(C[C@]3(C)[C@@H](C)CC[C@]4(C)[C@H]3CCC=C4C)c1O,4.83
2155,CHEMBL3288854,CN1CCN(CCC(=O)Nc2c(C)[nH]c(\C=C\3/C(=O)Nc4ccc(F)cc34)c2C)CC1,7.2
2162,CHEMBL3326002,CCCCNc1ncc2c(nn([C@@H]3CC[C@@H](O)CC3)c2n1)c4ccc(cc4)S(=O)(=O)N5CCOCC5,7.07
2164,CHEMBL3326005,CN1CCN(CC1)S(=O)(=O)c2ccc(c(F)c2)c3cn([C@@H]4CC[C@@H](O)CC4)c5nc(NCCC6CC6)ncc35,7.5
2173,CHEMBL3416026,N[C@H]1CCCC[C@H]1Nc2nnc(C(=O)N)c(Nc3cccc4cc[nH]c34)n2,7.15
2175,CHEMBL3426225,CCn1nc(C#Cc2cc(ccc2C)C(=O)Nc3ccc(CN4CCN(C)CC4)c(c3)C(F)(F)F)c5c(N)ncnc15,6.24
2186,CHEMBL3667496,COc1cc2nccc(Oc3ccc(NC(=O)c4ccsc4)cc3)c2cc1OC,5.15
2188,CHEMBL3667498,COc1cc2nccc(Oc3ccc(NC(=O)c4cccs4)cc3)c2cc1OC,5.08
2189,CHEMBL3667499,COc1cc2nccc(Oc3ccc(NC(=O)c4ccccn4)cc3)c2cc1OC,5.03
2197,CHEMBL3667506,COc1cc2c(Oc3ccc(N)cc3F)ccnc2cc1OCCCN4CCOCC4,5.07
2252,CHEMBL3818247,CN1C(=O)COc2c1cnc3ccc(Sc4nnc5c(F)cc(cn45)c6cnn(C)c6)cc23,5.06
2254,CHEMBL3735648,CC1(C)c2cc(ccc2C(=O)c3c1[nH]c4cc(ccc34)C#N)C5CCN(CC6CCOCC6)CC5,6.77
