,molecule_chembl_id,canonical_smiles,pchembl_value
0,dabrafenib,CC(C)(C)C1=NC(=C(S1)C1=NC(N)=NC=C1)C1=C(F)C(NS(=O)(=O)C2=C(F)C=CC=C2F)=CC=C1,9.1549015
1,sorafenib,CNC(=O)C1=CC(OC2=CC=C(NC(=O)NC3=CC=C(Cl)C(=C3)C(F)(F)F)C=C2)=CC=N1,7.66
2,vemurafenib,CCCS(=O)(=O)NC1=CC=C(F)C(C(=O)C2=CNC3=NC=C(C=C23)C2=CC=C(Cl)C=C2)=C1F,7.68
3,regorafenib,CNC(=O)C1=CC(OC2=CC(F)=C(NC(=O)NC3=CC(=C(Cl)C=C3)C(F)(F)F)C=C2)=CC=N1,7.55
4,CHEMBL3352837,Cc1ccc(cc1Nc2ncccc2c3ncnc4[nH]cnc34)C(=O)Nc5cccc(c5)C#N,7.53
5,CHEMBL3702563,CCCS(=O)(=O)Nc1ccc(F)c(c1F)n2cc(c3cncnc3)c4nc(ncc24)N(C)C5CCN(CC5)C6CC6,7.54
6,CHEMBL3697777,CN(C)CCN(C)c1ncc2ncnc(Nc3cc(ccc3C)C(=O)Nc4ccc(F)c(c4)C(F)(F)F)c2n1,7.54
7,CHEMBL3697792,Cc1ccc(cc1Nc2ncnc3cnc(nc23)N4CCCCC4)C(=O)NCc5ccc(cc5)C(F)(F)F,7.54
8,CHEMBL3641188,CN(c1cc(ccc1C)C(=O)Nc2cc(on2)C(C)(C)C)c3ncnc4cnc(nc34)N5CCOCC5,7.55
9,CHEMBL3577121,CNc1cc2nc(C)c(cc2cn1)c3cc(NC(=O)NCCC(C)(C)C)c(F)cc3C,7.55
10,CHEMBL3651694,C[C@H](O)CNc1nccc(n1)c2nc([nH]c2c3cccc(NS(=O)(=O)C)c3F)C4CC4,7.55
11,CHEMBL3798308,Fc1ccc(NS(=O)(=O)c2ccccc2)c(F)c1Nc3ncccc3c4ncnc5[nH]cnc45,7.55
12,CHEMBL3661242,Oc1cccc(Nc2ncnc3ccc(cc23)c4cccc(O)c4)c1,7.56
13,CHEMBL3800227,CCC(C)S(=O)(=O)Nc1ccc(F)c(Nc2ncccc2c3ncnc4[nH]cnc34)c1F,7.57
14,CHEMBL3577118,CNc1cc2nc(C)c(cc2cn1)c3cc(NC(=O)NCCC(C)(C)C)ccc3C,7.57
15,CHEMBL3577123,CNc1ncc2cc(cnc2n1)c3cc(NC(=O)NCCC(C)(C)C)c(F)cc3C,7.57
16,CHEMBL3697857,COc1c(NC(=O)c2ccc(C)c(Nc3ncnc4cnc(nc34)N5CCN(C)CC5)c2)cc(cc1NS(=O)(=O)C)C(F)(F)F,7.57
17,CHEMBL3665858,COc1cc(ccc1O)c2ccc3ncnc(Nc4ccc(Cl)c(O)c4)c3c2,7.57
18,CHEMBL3641193,COc1ccc(NC(=O)c2ccc(C)c(c2)N(C)c3ncnc4cnc(NC5CCOC5)nc34)cc1C(F)(F)F,7.57
19,CHEMBL200942,O\N=C\c1ccc(cc1O)c2[nH]c(nc2c3ccncc3)c4ccccc4,7.57
20,CHEMBL496275,CCn1cc(c2ccnc3[nH]ccc23)c(n1)c4cccc(NC(=O)Nc5c(F)cccc5F)c4,7.59
21,CHEMBL1087892,CN(C)CCc1ccc(cc1)c2cnn3c(ccnc23)c4cccc(NC(=O)c5cccc(c5)C(F)(F)F)c4,7.59
22,CHEMBL3694046,CN1CCN(CC1)c2nc(N)c3ncnc(Nc4cc(NC(=O)c5cccc(c5)C(F)(F)F)ccc4C)c3n2,7.59
23,CHEMBL3697732,CN1CCN(CC1)c2ncc3ncnc(Nc4cc(ccc4C)C(=O)Nc5ccc6N(CCN7CCCC7)C(=O)C(C)(C)c6c5)c3n2,7.59
24,CHEMBL246424,CNc1nccc(CNc2ccccc2C(=O)Nc3ccc4OC(F)(F)Oc4c3)n1,7.59
25,CHEMBL3689901,COc1ccc(NC(=O)c2ccc(C)c(Nc3ncnc4c(N)nc(nc34)N5CCN(C)CC5)c2)cc1C(F)(F)F,7.59
26,CHEMBL3659922,COc1ccc(NC(=O)c2ccc(C)c(Nc3ncnc4ccc(nc34)N5CCN(CC6CCN(C)CC6)CC5)c2)cc1C(F)(F)F,7.59
27,CHEMBL3798235,Fc1ccc(NS(=O)(=O)C2CCOC2)c(F)c1Nc3ncccc3c4ncnc5[nH]cnc45,7.59
28,CHEMBL3798570,Fc1ccc(NS(=O)(=O)CC2CC2)c(F)c1Nc3ncccc3c4ncnc5[nH]cnc45,7.59
29,CHEMBL3651650,CC(C)Nc1nccc(n1)c2nc([nH]c2c3cc(F)cc(NS(=O)(=O)C)c3Cl)C4CC4,7.6
30,CHEMBL3641035,CCN1CCN(CC1)c2cc(NC(=O)c3ccc(C)c(Nc4ncnc5cnc(nc45)N(C)CC6CCCCO6)c3)cc(c2)C(F)(F)F,7.6
31,CHEMBL3641116,COCCN1CCN(CC1)c2ncc3ncnc(Nc4cc(ccc4C)C(=O)Nc5cc(N6CCN(C)CC6)c(F)c(c5)C(F)(F)F)c3n2,7.6
32,CHEMBL3659929,COc1c(NC(=O)c2ccc(C)c(Nc3ncnc4ccc(nc34)N5CC[C@@H](F)C5)c2)cc(cc1NS(=O)(=O)C)C(C)(C)C,7.6
33,CHEMBL3694055,Cc1ccc(NC(=O)c2cccc(c2)C(F)(F)F)cc1Nc3ncnc4c(N)nc(nc34)N5CCCN(CC5)C6CC6,7.6
34,CHEMBL3582393,Cc1n[nH]c2ncc(cc12)C#Cc3c(F)ccc(NS(=O)(=O)c4cccnc4)c3F,7.6
35,CHEMBL1091843,FC(F)(F)c1cccc(NC(=O)Nc2cccc(c2)c3ccnc4cc(nn34)c5ccncc5)c1,7.6
36,CHEMBL1934513,NC(=O)c1sc2nc(NC3CC3)nc(c4cc(O)cc(Cl)c4)c2c1N,7.6
37,CHEMBL2315060,Nc1ncc(c2cccnc2)c3scc(c4cccc(NC(=O)Nc5ccc(cc5)C(F)(F)F)c4)c13,7.6
38,CHEMBL3798357,CCCS(=O)(=O)Nc1ccc(F)c(Nc2ncccc2c3ncnc4[nH]cnc34)c1F,7.62
39,CHEMBL426476,CN(C)CCCNC(=O)c1nc(c2ccc(Cl)c(O)c2)c([nH]1)c3ccncc3,7.62
40,CHEMBL1087397,CN(C)Cc1ccc(cc1)c2cnn3c(ccnc23)c4cccc(NC(=O)c5cccc(c5)C(F)(F)F)c4,7.62
41,CHEMBL394503,CNC(=O)Nc1cc(CNc2ccccc2C(=O)Nc3ccc4OC(F)(F)Oc4c3)ccn1,7.62
42,CHEMBL3659927,COc1c(NC(=O)c2ccc(C)c(Nc3ncnc4ccc(nc34)N(C)C5CCOC5)c2)cc(cc1NS(=O)(=O)C)C(C)(C)C,7.62
43,CHEMBL3694089,COc1ccc(cc1Nc2ncnc3cnc(nc23)N4CCCC4)C(=O)Nc5ccc(OC)c(c5)C(F)(F)F,7.62
44,CHEMBL3694054,Cc1ccc(NC(=O)c2cccc(c2)C(F)(F)F)cc1Nc3ncnc4c(N)nc(nc34)N5CCN(CC5)C6CCCC6,7.62
45,CHEMBL3665862,COc1cc(ccc1O)c2ccc3ncnc(Nc4ccc(F)c(O)c4)c3c2,7.63
46,CHEMBL3697745,COc1c(NC(=O)c2ccc(C)c(Nc3ncnc4cnc(nc34)N(C)CCN(C)C)c2)cc(cc1NS(=O)(=O)C)C(C)(C)C,7.64
47,CHEMBL3639966,COc1c(NC(=O)c2ccc(C)c(Nc3ncnc4cnc(nc34)N5CCCC5)c2)cc(cc1NS(=O)(=O)C)C(C)(C)C,7.64
48,CHEMBL3661276,COc1cc(ccc1O)c2ccc3nccc(Nc4cccc(O)c4)c3c2,7.64
49,CHEMBL3661237,COc1cc(ccc1O)c2ccc3ncnc(Nc4cc(O)ccc4F)c3c2,7.64
50,CHEMBL3641173,COc1ccc(NC(=O)c2ccc(C)c(Nc3ncnc4cnc(nc34)N5CCC(CC5)N6CCOCC6)c2)cc1C(F)(F)F,7.64
51,CHEMBL3659958,Cc1ccc(cc1Nc2ncnc3ccc(nc23)C4=CCNCC4)C(=O)Nc5cc(on5)C(C)(C)C,7.64
52,CHEMBL3697801,Cc1ccc(cc1Nc2ncnc3cnc(nc23)N4CCCC4)C(=O)Nc5ccc6N(CCN7CCCC7)C(=O)C(C)(C)c6c5,7.64
53,CHEMBL1780149,Cn1cc(c2ccc3c(CCc4c[nH]nc34)c2)c(n1)c5ccncc5,7.64
54,CHEMBL1780171,N[C@@H]1CC[C@@H](CC1)n2cc(c3ccc4c(Cc5c[nH]nc45)c3)c(n2)c6ccncc6,7.64
55,CHEMBL570443,OCCN1C2CCC1CC(C2)c3ccnc4c(c5cccc6[nH]ncc56)c(nn34)c7ccncc7,7.64
56,CHEMBL3797223,CCN(C)S(=O)(=O)Nc1ccc(F)c(Nc2ncccc2c3ncnc4[nH]cnc34)c1F,7.66
57,CHEMBL3133758,CCN(CCO)CCCOc1ccc2c(Nc3cccc(NC(=O)Nc4ccc(F)c(Cl)c4)c3)ncnc2c1,7.66
58,CHEMBL3689920,CN1CCC(CC1)N2CCN(CC2)c3nc(N)c4ncnc(Nc5cccc(c5)C(=O)Nc6cccc(c6)C(F)(F)F)c4n3,7.66
59,CHEMBL3577117,CNc1cc2nc(C)c(cc2cn1)c3cc(NC(=O)NC[C@@H](O)C(C)(C)C)c(F)cc3C,7.66
60,CHEMBL1197798,Cc1ccc2c(Nc3ccc(Cl)cc3)nccc2c1Nc4ncccc4c5ncnc6[nH]cnc56,7.66
61,CHEMBL2047879,Nc1ncnc2c(csc12)C(=O)Nc3c(Cl)ccc(NS(=O)(=O)CCCF)c3F,7.66
62,CHEMBL427196,OCc1ccc(cc1O)c2[nH]c(nc2c3ccncc3)c4ccccc4,7.66
63,CHEMBL2315061,Nc1ncc(c2cccnc2)c3scc(c4cccc(NC(=O)Nc5cc(ccc5F)C(F)(F)F)c4)c13,7.67
64,CHEMBL200863,CC(C)(CNC(=O)Nc1ccc(Cl)cc1)c2nc(c3ccc(Cl)c(O)c3)c([nH]2)c4ccncc4,7.68
65,CHEMBL430413,CNc1nccc(n1)c2[nH]c(nc2c3cccc(NC(=O)Nc4ccc(Cl)c(c4)C(F)(F)F)c3)C5CC5,7.68
66,CHEMBL1080616,COc1cc(ccc1F)c2c(nn3c(ccnc23)c4ccc(cc4)N5C[C@@H]6C[C@H]5CN6C)c7ccncc7,7.68
67,CHEMBL3661277,COc1cc(ccc1O)c2ccc3nccc(Nc4cc(O)ccc4F)c3c2,7.68
68,CHEMBL3689944,COc1ccc(cc1NC(=O)c2ccc(C)c(Nc3ncnc4c(N)nc(nc34)N5CCN(C)CC5)c2)C(C)(C)C,7.68
69,CHEMBL3697836,COc1ccc(cc1NC(=O)c2ccc(C)c(Nc3ncnc4cnc(nc34)N5CC[C@H](F)C5)c2)C(C)(C)C,7.68
70,CHEMBL3800364,Fc1ccc(NS(=O)(=O)C2CCCC2)c(F)c1Nc3ncccc3c4ncnc5[nH]cnc45,7.68
71,CHEMBL3799483,Fc1ccc(NS(=O)(=O)c2ccccn2)c(F)c1Nc3ncccc3c4ncnc5[nH]cnc45,7.68
72,CHEMBL3582399,Fc1ccc(NS(=O)(=O)c2cccnc2)c(F)c1C#Cc3cnc4[nH]nc(c5ccc(Cl)cc5)c4c3,7.68
73,CHEMBL2315075,Nc1ncc(c2cccnc2)c3scc(c4cccc(NC(=O)NCc5ccccc5)c4)c13,7.68
74,CHEMBL3797670,CC(C)(C)c1cccc(c1)C(=O)Nc2cccc(Nc3ccnc(NC(=O)C4CC4)c3)c2,7.7
75,CHEMBL3335384,CC(C)N1CCC(CC1)C(=O)Nc2cc(Oc3ccc4c(c3)nc(Nc5cccc(c5)C(C)(C)C)n4C)ccn2,7.7
76,CHEMBL3751892,CCCS(=O)(=O)Nc1ccc(Cl)c(c1Cl)c2cc3cnc4[nH]ncc4c3cc2OC,7.7
77,CHEMBL1784637,CNC(=O)c1ncc(C#Cc2cc(ccc2C)C(=O)Nc3ccc(CN4CCN(CCO)CC4)c(c3)C(F)(F)F)n1C,7.7
78,CHEMBL3694145,COc1ccc(cc1Nc2ncnc3cnc(nc23)N4CCCC4)C(=O)Nc5cc(on5)C(C)(C)C,7.7
79,CHEMBL3694056,Cc1ccc(NC(=O)c2cccc(c2)C(F)(F)F)cc1Nc3ncnc4c(N)nc(nc34)N5CCCNCC5,7.7
80,CHEMBL3697897,Cc1ccc(cc1Nc2ncnc3cnc(NC4CCOC4)nc23)C(=O)n5nc(cc5N)C(C)(C)C,7.7
81,CHEMBL3697816,Cc1ccc(cc1Nc2ncnc3cnc(nc23)N4CCCC4)C(=O)Nc5cccc(OC(F)(F)F)c5,7.7
82,CHEMBL1087522,FC(F)(F)c1cccc(c1)C(=O)Nc2cccc(c2)c3ccnc4c(cnn34)c5ccc(CN6CCCC6)cc5,7.7
83,CHEMBL3665860,COc1cc(ccc1O)c2ccc3ncnc(Nc4cc(O)c(Cl)cc4F)c3c2,7.71
84,CHEMBL2315078,Nc1ncc(c2cccnc2)c3scc(c4cccc(NC(=O)Nc5c(F)cccc5F)c4)c13,7.71
85,CHEMBL3354382,CC(C)c1cccc(NC(=O)c2ccc(C)c(Nc3ncccc3c4ncnc5[nH]cnc45)c2)c1,7.72
86,CHEMBL3694036,CCN1CCN(CC1)c2cc(NC(=O)c3ccc(C)c(Nc4ncnc5c(N)nc(nc45)N(C)C)c3)cc(c2)C(F)(F)F,7.72
87,CHEMBL3697797,CN(C)S(=O)(=O)c1cccc(NC(=O)c2ccc(C)c(Nc3ncnc4cnc(nc34)N5CCCN(C)CC5)c2)c1,7.72
88,CHEMBL3697788,Cc1ccc(cc1Nc2ncnc3cnc(nc23)N4CC[C@@H](F)C4)C(=O)NCc5ccc(cc5)C(F)(F)F,7.72
89,CHEMBL1922595,Clc1cc2C(=O)NNC(=O)c2cc1Nc3cccc(NC(=O)c4cccc(Br)c4)c3,7.72
90,CHEMBL3799568,Cn1cc(cn1)S(=O)(=O)Nc2ccc(F)c(Nc3ncccc3c4ncnc5[nH]cnc45)c2F,7.72
91,CHEMBL2315070,Nc1ncc(c2cccnc2)c3scc(c4cccc(NC(=O)Cc5ccccc5)c4)c13,7.72
92,CHEMBL3665861,Oc1cc(Nc2ncnc3ccc(cc23)c4ccc(Cl)cc4)c(F)cc1F,7.72
93,CHEMBL497866,Cn1cc(c2ccc(cc2)\C(=N/O)\N)c(n1)c3ccncc3,7.74
94,CHEMBL3799288,CCCC(C)S(=O)(=O)Nc1ccc(F)c(Nc2ncccc2c3ncnc4[nH]cnc34)c1F,7.75
95,CHEMBL3577114,CNc1cc2N([C@H]3CCOC3)C(=O)C(=Cc2cn1)c4ccc(F)c(NC(=O)Nc5onc(c5)C(C)(C)C)c4,7.75
96,CHEMBL3577119,CNc1ncc2cc(c(C)nc2n1)c3ccc(F)c(NC(=O)NCCC(C)(C)C)c3,7.75
97,CHEMBL3659965,COCCN1CCN(CC1)c2ccc3ncnc(Nc4cc(NC(=O)c5cccc(c5)C(C)(C)C#N)ccc4C)c3n2,7.75
98,CHEMBL3641170,COc1ccc(NC(=O)c2ccc(C)c(Nc3ncnc4cnc(nc34)N5CCN6CCCCC6C5)c2)cc1C(F)(F)F,7.75
99,CHEMBL3641192,COc1ccc(NC(=O)c2ccc(C)c(c2)N(C)c3ncnc4cnc(nc34)N5CCOCC5)cc1C(F)(F)F,7.75
100,CHEMBL1922598,FC(F)(F)Oc1cccc(c1)C(=O)Nc2cccc(Nc3cc4C(=O)NNC(=O)c4cc3Cl)c2,7.75
101,CHEMBL1080438,Fc1ccc(NC(=O)c2cccc(c2)C(F)(F)F)cc1c3ccnc4c(cnn34)c5cn[nH]c5,7.75
102,CHEMBL3799451,Fc1ccc(NS(=O)(=O)C2CCCCC2)c(F)c1Nc3ncccc3c4ncnc5[nH]cnc45,7.75
103,CHEMBL498307,CCn1cc(c2ccnc3[nH]ccc23)c(n1)c4cccc(NC(=O)Nc5ccccc5)c4,7.76
104,CHEMBL1271376,CC(C)(C)c1cc(NC(=O)Nc2cccc(Cl)c2Cl)n(n1)c3cccc(CC(=O)N)c3,7.77
105,CHEMBL3799488,CC(C)CS(=O)(=O)Nc1ccc(F)c(Nc2ncccc2c3ncnc4[nH]cnc34)c1F,7.77
106,CHEMBL3753363,CCCCS(=O)(=O)Nc1ccc(F)c(c1Cl)c2cc3cnc4[nH]nc(C5CC5)c4c3cc2OC,7.77
107,CHEMBL570444,CCN1C2CCC1CC(C2)c3ccnc4c(c5ccc(C)c6[nH]ncc56)c(nn34)c7ccncc7,7.77
108,CHEMBL3639399,CN(CC1CCCCO1)c2ncc3ncnc(Nc4cc(ccc4C)C(=O)Nc5cc(nn5C)C(C)(C)C)c3n2,7.77
109,CHEMBL3697727,COc1c(NC(=O)c2ccc(C)c(Nc3ncnc4cnc(nc34)N5CCCN(C)CC5)c2)cc(cc1NS(=O)(=O)C)C(C)(C)C,7.77
110,CHEMBL3697840,COc1c(NC(=O)c2ccc(C)c(Nc3ncnc4cnc(nc34)N5CC[C@H](F)C5)c2)cc(cc1NS(=O)(=O)C)C(C)(C)C,7.77
111,CHEMBL3641167,COc1ccc(NC(=O)c2ccc(C)c(Nc3ncnc4cnc(nc34)N5CCN(CCN6CCOCC6)CC5)c2)cc1C(F)(F)F,7.77
112,CHEMBL1080832,COc1cccc(c1)c2c(nn3c(ccnc23)c4ccc(cc4)N5CC6CCC(C5)N6C)c7ccncc7,7.77
113,CHEMBL3582391,COc1n[nH]c2ncc(cc12)C#Cc3c(F)ccc(NS(=O)(=O)c4cccnc4)c3F,7.77
114,CHEMBL3697873,Cc1ccc(cc1Nc2ncnc3cnc(nc23)N4CCCCC4)C(=O)Nc5ccc(F)c(c5)C(F)(F)F,7.77
115,CHEMBL1922597,FC(F)(F)c1cccc(c1)C(=O)Nc2cccc(Nc3cc4C(=O)NNC(=O)c4cc3Cl)c2,7.77
116,CHEMBL200164,O\N=C/1\CCCc2cc(ccc12)c3[nH]c(nc3c4ccncc4)c5ccccc5,7.77
117,CHEMBL1778666,Oc1ccccc1C2CC(=NN2C(=O)c3ccc(s3)c4ccccn4)c5cccnc5,7.77
118,CHEMBL2315062,Nc1ncc(c2cccnc2)c3scc(c4cccc(NC(=O)Nc5ccc(Cl)c(c5)C(F)(F)F)c4)c13,7.78
119,CHEMBL3702558,CCCS(=O)(=O)Nc1ccc(F)c(c1F)n2cc(c3cncc(OC)c3)c4nc(cnc24)N(C)C5CCN(C)CC5,7.8
120,CHEMBL3702562,CCCS(=O)(=O)Nc1ccc(F)c(c1F)n2cc(c3cncnc3)c4nc(ncc24)N(C)C5CCN(CC)CC5,7.8
121,CHEMBL3697742,CN(C)CCN(C)c1ncc2ncnc(Nc3cc(ccc3C)C(=O)Nc4ccc5N(CCN6CCCC6)C(=O)C(C)(C)c5c4)c2n1,7.8
122,CHEMBL3613183,CNS(=O)(=O)c1cccc(Nc2ncnc3[nH]c(Br)cc23)c1,7.8
123,CHEMBL3613182,CNS(=O)(=O)c1cccc(Nc2ncnc3[nH]cc(c4ccc(cc4)C(=O)O)c23)c1,7.8
124,CHEMBL3354384,Cc1ccc(cc1Nc2ncccc2c3ncnc4[nH]cnc34)C(=O)Nc5ccc(Cl)c(C)c5,7.8
125,CHEMBL498524,Cn1cc(c2ccc3\C(=N/O)\NCCc3c2)c(n1)c4ccncc4,7.8
126,CHEMBL3582395,Fc1ccc(NS(=O)(=O)c2cccnc2)c(F)c1C#Cc3cnc4[nH]nc(c5ccccc5)c4c3,7.8
127,CHEMBL3797494,O[C@@H]1CCN(C1)S(=O)(=O)Nc2ccc(F)c(Nc3ncccc3c4ncnc5[nH]cnc45)c2F,7.8
128,CHEMBL477987,O\N=C\1/CCc2cc(ccc12)c3nc(CN4CCOCC4)[nH]c3c5ccncc5,7.8
129,CHEMBL3426225,CCn1nc(C#Cc2cc(ccc2C)C(=O)Nc3ccc(CN4CCN(C)CC4)c(c3)C(F)(F)F)c5c(N)ncnc15,7.82
130,CHEMBL3697769,CN(C)c1cccc(NC(=O)c2ccc(C)c(Nc3ncnc4cnc(nc34)N5CCCN(C)CC5)c2)c1,7.82
131,CHEMBL3697809,CN(C)c1cccc(NC(=O)c2ccc(C)c(Nc3ncnc4cnc(nc34)N5CCNCC5)c2)c1,7.82
132,CHEMBL3694052,CN(C)c1nc(N)c2ncnc(Nc3cc(NC(=O)c4cccc(c4)C(F)(F)F)ccc3C)c2n1,7.82
133,CHEMBL3689928,CN1CCC(CN2CCN(CC2)c3nc(N)c4ncnc(Nc5cc(ccc5Br)C(=O)Nc6cccc(c6)C(F)(F)F)c4n3)CC1,7.82
134,CHEMBL3577124,CNc1ncc2cc(c(C)nc2n1)c3cc(NC(=O)NCCC(C)(C)C)c(F)cc3C,7.82
135,CHEMBL3641156,COc1c(CN2CCCC2)cc(cc1NC(=O)c3ccc(C)c(Nc4ncnc5cnc(nc45)N6CC[C@H](F)C6)c3)C(F)(F)F,7.82
136,CHEMBL3697780,COc1ccc(cc1NC(=O)c2ccc(C)c(Nc3ncnc4cnc(nc34)N(C)CCN(C)C)c2)C(F)(F)F,7.82
137,CHEMBL3659913,Cc1ccc(cc1Nc2ncnc3ccc(nc23)N4CCOCC4)C(=O)Nc5cc(nn5C)C(C)(C)C,7.82
138,CHEMBL3798505,Fc1ccc(NS(=O)(=O)N2CCCCC2)c(F)c1Nc3ncccc3c4ncnc5[nH]cnc45,7.82
139,CHEMBL3125890,Fc1ccc(Oc2ccc3nc(NC(=O)C4CC4)sc3c2C#N)cc1NC(=O)Cc5cccc(c5)C(F)(F)F,7.82
140,CHEMBL3799014,Fc1cccc(c1)S(=O)(=O)Nc2ccc(F)c(Nc3ncccc3c4ncnc5[nH]cnc45)c2F,7.82
141,CHEMBL381447,CC(C)(CNS(=O)(=O)C)c1nc(c2ccc(Cl)c(O)c2)c([nH]1)c3ccncc3,7.85
142,CHEMBL3798327,CC(C)S(=O)(=O)Nc1ccc(F)c(Nc2ncccc2c3ncnc4[nH]cnc34)c1F,7.85
143,CHEMBL3697862,CN(CCN1CCCC1)c2ncc3ncnc(Nc4cc(ccc4F)C(=O)Nc5cc(on5)C(C)(C)C)c3n2,7.85
144,CHEMBL3689922,CN1CCN(CC1)c2nc(N)c3ncnc(Nc4cc(ccc4Cl)C(=O)Nc5cccc(c5)C(F)(F)F)c3n2,7.85
145,CHEMBL388978,CN[C@@H]1C[C@H]2O[C@@](C)([C@@H]1OC)n3c4ccccc4c5c6CNC(=O)c6c7c8ccccc8n2c7c35,7.85
146,CHEMBL3641174,COc1ccc(NC(=O)c2ccc(C)c(Nc3ncnc4cnc(nc34)N5CCC(CC5)N6C[C@@H](C)O[C@@H](C)C6)c2)cc1C(F)(F)F,7.85
147,CHEMBL3689931,COc1ccc(cc1Nc2ncnc3c(N)nc(nc23)N4CCN(CC4)C5CCN(C)CC5)C(=O)Nc6cccc(c6)C(F)(F)F,7.85
148,CHEMBL3697910,C[C@@H]1CN(C[C@H](C)O1)c2ncc3ncnc(Nc4cc(ccc4C)C(=O)Nc5cc(on5)C(C)(C)C)c3n2,7.85
149,CHEMBL3643298,Cc1ccc(cc1Nc2ncnc3cncnc23)C(=O)Nc4cc(nn4C)C(C)(C)C,7.85
150,CHEMBL370353,Oc1cc(ccc1Cl)c2[nH]c(nc2c3ccncn3)c4ccccc4,7.85
151,CHEMBL2315076,Nc1ncc(c2cccnc2)c3scc(c4cccc(NC(=O)Nc5ccccc5)c4)c13,7.86
152,CHEMBL3354379,FC(F)(F)c1cc(NC(=O)c2cccc(Nc3ncccc3c4ncnc5[nH]cnc45)c2)ccc1Cl,7.87
153,CHEMBL3694126,CC(C)(C)c1onc(NC(=O)c2ccc(c(Nc3ncnc4cnc(nc34)N5CCOCC5)c2)C(F)(F)F)c1,7.89
154,CHEMBL3641073,CC(C)CN1CCN(CC1)c2ncc3ncnc(Nc4cc(ccc4C)C(=O)Nc5cc(n[nH]5)C(C)(C)C)c3n2,7.89
155,CHEMBL3641103,CC(C)CNc1ncc2ncnc(Nc3cc(ccc3C)C(=O)Nc4cc(on4)C(C)(C)C)c2n1,7.89
156,CHEMBL3694061,CC(C)N1CCN(CC1)c2nc(N)c3ncnc(Nc4cc(NC(=O)c5cccc(c5)C(F)(F)F)ccc4C)c3n2,7.89
157,CHEMBL3800043,CC(C)c1cccc(c1)C(=O)Nc2cccc(Nc3ccnc(NC(=O)C4CC4)c3)c2,7.89
158,CHEMBL3415554,CCCS(=O)(=O)Nc1cc(F)c(C(=O)c2c[nH]c3ncc(Cl)cc23)c(F)c1,7.89
159,CHEMBL1230020,CCCS(=O)(=O)Nc1ccc(F)c(C(=O)c2c[nH]c3ncc(Cl)cc23)c1F,7.89
160,CHEMBL3689927,CN1CCC(CC1)N2CCN(CC2)c3nc(N)c4ncnc(Nc5cc(ccc5Br)C(=O)Nc6cccc(c6)C(F)(F)F)c4n3,7.89
161,CHEMBL3689921,CN1CCC(CN2CCN(CC2)c3nc(N)c4ncnc(Nc5cccc(c5)C(=O)Nc6cccc(c6)C(F)(F)F)c4n3)CC1,7.89
162,CHEMBL3612665,CNS(=O)(=O)c1cccc(Nc2ncnc3[nH]cc(Cl)c23)c1,7.89
163,CHEMBL3407851,CNc1ncc2ccc(Oc3cc(ccc3Cl)C(=O)C4=C(N(C)N(C4=O)c5ccccc5)c6ccccc6)cc2n1,7.89
164,CHEMBL3643302,CNc1ncnc2c(Nc3cccc(NC(=O)c4cccc(c4)C(C)(C)C#N)c3)ncnc12,7.89
165,CHEMBL3641146,COCCN1CCN(CC1)c2ncc3ncnc(Nc4cc(ccc4C)C(=O)Nc5cc(ccc5C#N)C(F)(F)F)c3n2,7.89
166,CHEMBL3641241,COc1ccc(cc1C(F)(F)F)C(=O)Nc2ccc(C)c(Nc3ncnc4cnc(OC)nc34)c2,7.89
167,CHEMBL3641213,COc1ccc(cc1C(F)(F)F)C(=O)Nc2ccc(C)c(Nc3ncnc4cnc(nc34)N5CCN(C)CC5)c2,7.89
168,CHEMBL3697834,Cc1ccc(cc1Nc2ncnc3cnc(nc23)N4CC[C@H](F)C4)C(=O)Nc5ccc(Cl)c(c5)C(F)(F)F,7.89
169,CHEMBL371952,Oc1cc(ccc1Cl)c2[nH]c(nc2c3ccncc3)c4occc4,7.89
170,CHEMBL200172,CC(C)(C)c1nc(c2ccc(Cl)c(O)c2)c([nH]1)c3ccncc3,7.92
171,CHEMBL3659919,CN1CCC(CN2CCN(CC2)c3ccc4ncnc(Nc5cc(ccc5C)C(=O)Nc6cc(on6)C(C)(C)C)c4n3)CC1,7.92
172,CHEMBL3659917,CN1CCN(CC1)c2ccc3ncnc(Nc4cc(ccc4C)C(=O)Nc5cc(on5)C(C)(C)C)c3n2,7.92
173,CHEMBL3694029,CN1CCN(CC1)c2nc(N)c3ncnc(Nc4cc(ccc4C)C(=O)Nc5cc(nn5C)C(C)(C)C)c3n2,7.92
174,CHEMBL3641215,CN1CCN(CC1)c2ncc3ncnc(Nc4cc(NC(=O)c5cccc(c5)C(F)(F)F)ccc4C)c3n2,7.92
175,CHEMBL3641152,COCCN1CCN(CC1)c2ncc3ncnc(Nc4cc(ccc4C)C(=O)Nc5cc(ccc5n6ccnn6)C(F)(F)F)c3n2,7.92
176,CHEMBL3641048,COCCN1CCN(CC1)c2ncc3ncnc(Nc4cc(ccc4C)C(=O)Nc5cc(nn5C)C(C)(C)C)c3n2,7.92
177,CHEMBL3641157,COc1c(CNC(C)C)cc(cc1NC(=O)c2ccc(C)c(Nc3ncnc4cnc(nc34)N5CC[C@H](F)C5)c2)C(F)(F)F,7.92
178,CHEMBL3689932,COc1ccc(cc1Nc2ncnc3c(N)nc(nc23)N4CCN(CC5CCN(C)CC5)CC4)C(=O)Nc6cccc(c6)C(F)(F)F,7.92
179,CHEMBL1080651,COc1cccc(c1)c2c(nn3c(ccnc23)c4ccc(cc4)N5C[C@@H]6C[C@H]5CN6)c7ccncc7,7.92
180,CHEMBL3651673,CS(=O)(=O)Nc1cc(F)cc(c1Cl)c2[nH]c(nc2c3ccnc(N)n3)C4CC4,7.92
181,CHEMBL3354377,FC(F)(F)c1cc(NC(=O)Nc2cccc(Nc3ncccc3c4ncnc5[nH]cnc45)c2)ccc1Cl,7.92
182,CHEMBL3800226,Fc1ccc(NS(=O)(=O)c2ccccc2F)c(F)c1Nc3ncccc3c4ncnc5[nH]cnc45,7.92
183,CHEMBL3651620,COC(=O)N[C@@H](C)CNc1nccc(n1)c2nc([nH]c2c3cc(NS(=O)(=O)C(C)C)cc(OC(F)F)c3)C(C)(C)C,7.95
184,CHEMBL3694139,CC(C)(C)c1onc(NC(=O)c2ccc(Cl)c(Nc3ncnc4cnc(nc34)N5CCCC5)c2)c1,7.96
185,CHEMBL3694041,CC(C)CN1CCN(CC1)c2nc(N)c3ncnc(Nc4cc(ccc4C)C(=O)Nc5cc(nn5C)C(C)(C)C)c3n2,7.96
186,CHEMBL3651641,CC(CNc1nccc(n1)c2nc([nH]c2c3cccc(NS(=O)(=O)C)c3Cl)C4CC4)C#N,7.96
187,CHEMBL3752457,CCCS(=O)(=O)Nc1ccc(F)c(c1Cl)c2cc3cnc4[nH]ncc4c3cc2OC,7.96
188,CHEMBL3577116,CCN1C(=O)C(=Cc2cnc(NC)cc12)c3cc(NC(=O)NCCC(C)(C)C)c(F)cc3C,7.96
189,CHEMBL3651647,CCNc1nccc(n1)c2nc([nH]c2c3cc(F)cc(NS(=O)(=O)C)c3Cl)C4CC4,7.96
190,CHEMBL3697744,CN(C)CCN(C)c1ncc2ncnc(Nc3cc(ccc3C)C(=O)Nc4cccc(c4)C(C)(C)C#N)c2n1,7.96
191,CHEMBL3407847,CNc1ncc2cc(ccc2n1)c3c(C)ccc(C(=O)Nc4ccc(OC)c(c4)C(F)(F)F)c3N,7.96
192,CHEMBL3651652,COC(=O)N[C@H](C)CNc1nccc(n1)c2nc([nH]c2c3cc(F)cc(NS(=O)(=O)C)c3Cl)C4CC4,7.96
193,CHEMBL3697867,COc1c(NC(=O)c2ccc(C)c(Nc3ncnc4cnc(nc34)N5CCOCC5)c2)cc(cc1NS(=O)(=O)C)C(C)(C)C,7.96
194,CHEMBL3659908,COc1ccc(NC(=O)c2ccc(C)c(Nc3ncnc4ccc(nc34)N5CCOCC5)c2)cc1C(F)(F)F,7.96
195,CHEMBL3641179,COc1ncc2ncnc(Nc3cc(ccc3C)C(=O)Nc4cc(nn4C)C(C)(C)C)c2n1,7.96
196,CHEMBL200637,C\C(=N/O)\c1ccc(cc1)c2[nH]c(nc2c3ccncc3)c4ccccc4,7.96
197,CHEMBL3659966,Cc1ccc(NC(=O)c2cccc(c2)C(C)(C)C#N)cc1Nc3ncnc4ccc(nc34)N5CC[C@H](F)C5,7.96
198,CHEMBL3697753,Cc1ccc(cc1Nc2ncnc3cnc(nc23)N4CC[C@@H](F)C4)C(=O)NCc5cccc(c5)C(F)(F)F,7.96
199,CHEMBL1780151,Cn1cc(c2ccc3c(Cc4n[nH]nc34)c2)c(n1)c5ccncc5,7.96
200,CHEMBL3582400,Fc1ccc(cc1)c2n[nH]c3ncc(cc23)C#Cc4c(F)ccc(NS(=O)(=O)c5cccnc5)c4F,7.96
201,CHEMBL3354388,FC(F)(F)c1cc(NC(=O)c2ccc(Cl)c(Nc3ncccc3c4ncnc5[nH]cnc45)c2)ccc1Cl,7.97
202,CHEMBL72365,Oc1c(Br)cc(\C=C\2/C(=O)Nc3ccc(I)cc23)cc1Br,7.97
203,CHEMBL497484,CCn1cc(c2ccnc3[nH]ccc23)c(n1)c4cccc(NC(=O)Nc5cccc(Cl)c5)c4,7.98
204,CHEMBL3354381,Cc1ccc(cc1Nc2ncccc2c3ncnc4[nH]cnc34)C(=O)Nc5cccc(c5)C(F)(F)F,7.98
205,CHEMBL1277056,C(N1C[C@@H]2C[C@H]1CO2)c3ccc(cc3)c4ccnc5c(c6cccc7[nH]ncc67)c(nn45)c8ccncc8,8.0
206,CHEMBL3577115,CCN1C(=O)C(=Cc2cnc(NC)cc12)c3ccc(F)c(NC(=O)Nc4onc(c4)C(C)(C)C)c3,8.0
207,CHEMBL3694045,CCN1CCN(CC1)c2cc(NC(=O)c3ccc(C)c(Nc4ncnc5c(N)nc(nc45)N6CC[C@H](F)C6)c3)cc(c2)C(F)(F)F,8.0
208,CHEMBL3641034,CN(C)CCN(C)c1cc(NC(=O)c2ccc(C)c(Nc3ncnc4cnc(nc34)N(C)CC5CCCCO5)c2)cc(c1)C(F)(F)F,8.0
209,CHEMBL3697878,CN(C)S(=O)(=O)c1cccc(NC(=O)c2ccc(C)c(Nc3ncnc4cnc(nc34)N5CCCCC5)c2)c1,8.0
210,CHEMBL3697817,CN(C)c1cccc(NC(=O)c2ccc(C)c(Nc3ncnc4cnc(nc34)N5CCCC5)c2)c1,8.0
211,CHEMBL3335383,CN1CCC(CC1)C(=O)Nc2cc(Oc3ccc4c(c3)nc(Nc5cccc(c5)C(C)(C)C)n4C)ccn2,8.0
212,CHEMBL3613176,CNS(=O)(=O)c1cccc(Nc2ncnc3[nH]cc(c4ccccc4Cl)c23)c1,8.0
213,CHEMBL3808884,COC(=O)c1cc2cc(NCc3cc(NC(=O)c4cc(cc(c4)C(F)(F)F)n5cnc(C)c5)ccc3C)cnc2[nH]1,8.0
214,CHEMBL3641153,COCCN1CCN(CC1)c2ncc3ncnc(Nc4cc(ccc4C)C(=O)Nc5cc(ccc5n6cccn6)C(F)(F)F)c3n2,8.0
215,CHEMBL3697795,COc1ccc(cc1NC(=O)c2ccc(C)c(Nc3ncnc4cnc(nc34)N5CCCCC5)c2)C(C)(C)C,8.0
216,CHEMBL3697875,Cc1ccc(cc1Nc2ncnc3cnc(nc23)N4CCCCC4)C(=O)Nc5ccc(Cl)c(c5)C(F)(F)F,8.0
217,CHEMBL401710,Clc1ccc(Cl)c(c1)c2nc([nH]c2c3ccnc(NCCN4CCNC4=O)n3)C5CC5,8.0
218,CHEMBL1922476,FC(F)(F)c1cccc(c1)C(=O)Nc2cccc(Nc3cc4C(=O)NC(=O)c4cc3Cl)c2,8.0
219,CHEMBL3800014,Fc1ccc(NS(=O)(=O)CC(F)(F)F)c(F)c1Nc2ncccc2c3ncnc4[nH]cnc34,8.0
220,CHEMBL3582394,Fc1ccc(NS(=O)(=O)c2cccnc2)c(F)c1C#Cc3cnc4[nH]nc(C5CC5)c4c3,8.0
221,CHEMBL3798195,Fc1ccc(NS(=O)(=O)c2cccnc2)c(F)c1Nc3ncccc3c4ncnc5[nH]cnc45,8.0
222,CHEMBL373011,Oc1cc(ccc1Cl)c2nc([nH]c2c3ccncc3)c4ccccc4,8.0
223,CHEMBL1088288,COc1cc(ccc1Cl)c2c(nn3c(ccnc23)c4ccc(cc4)N5CC6CCC(C5)N6C)c7ccncc7,8.01
224,CHEMBL1276180,CN1C[C@@H]2C[C@H]1CN2c3c(F)cc(cc3F)c4ccnc5c(c6cccc7[nH]ncc67)c(nn45)c8ccncc8,8.02
225,CHEMBL2315077,COc1cccc(NC(=O)Nc2cccc(c2)c3csc4c(cnc(N)c34)c5cccnc5)c1,8.02
226,CHEMBL3765074,FC(F)(F)c1cc(cc(c1)c2cc[nH]n2)C(=O)N[C@@H]3CCc4ccc(Oc5ccnc6NC(=O)CCc56)cc4C3,8.02
227,CHEMBL570458,CC(=O)N1C2CCC1CC(C2)c3ccnc4c(c5cccc6[nH]ncc56)c(nn34)c7ccncc7,8.04
228,CHEMBL3335376,CC(=O)Nc1cc(Oc2ccc3c(c2)nc(Nc4ccc(cc4)C(C)(C)C)n3C)ccn1,8.05
229,CHEMBL3694044,CCN1CCN(CC1)c2cc(NC(=O)c3ccc(C)c(Nc4ncnc5c(N)nc(nc45)N6CCCC6)c3)cc(c2)C(F)(F)F,8.05
230,CHEMBL3641176,CCN1CCN(CC1)c2ncc3ncnc(Nc4cc(ccc4C)C(=O)Nc5ccc(OC)c(c5)C(F)(F)F)c3n2,8.05
231,CHEMBL3694225,CN(C)CCN(C)c1cc(NC(=O)c2ccc(C)c(Nc3ncnc4cnc(nc34)N5CCC(F)(F)CC5)c2)cc(c1)C(F)(F)F,8.05
232,CHEMBL3641223,CN(C)CCN(C)c1ncc2ncnc(Nc3cc(NC(=O)c4cc(cc(c4)C(F)(F)F)N5CCN(C)CC5)ccc3C)c2n1,8.05
233,CHEMBL3659924,CN(C)c1ccc2ncnc(Nc3cc(ccc3C)C(=O)Nc4cc(on4)C(C)(C)C)c2n1,8.05
234,CHEMBL3694062,CN1CC2CC1CN2c3nc(N)c4ncnc(Nc5cc(NC(=O)c6cccc(c6)C(F)(F)F)ccc5C)c4n3,8.05
235,CHEMBL3639887,CN1CCCN(CC1)c2nc(N)c3ncnc(Nc4cc(ccc4C)C(=O)Nc5ccc(cc5)C(F)(F)F)c3n2,8.05
236,CHEMBL3689923,CN1CCCN(CC1)c2nc(N)c3ncnc(Nc4cc(ccc4Cl)C(=O)Nc5cccc(c5)C(F)(F)F)c3n2,8.05
237,CHEMBL3689902,CN1CCN(CC1)c2nc(N)c3ncnc(Nc4cc(ccc4C)C(=O)Nc5cc(Br)cc(c5)C(F)(F)F)c3n2,8.05
238,CHEMBL403854,CNc1nccc(n1)c2[nH]c(nc2c3cccc(NC(=O)Cc4ccc(Cl)cc4)c3)C5CC5,8.05
239,CHEMBL3641036,COc1ccc(NC(=O)c2ccc(C)c(Nc3ncnc4cnc(nc34)N(C)CC5CCCCO5)c2)cc1C(F)(F)F,8.05
240,CHEMBL3694076,COc1ccc(NC(=O)c2ccc(Cl)c(Nc3ncnc4cnc(nc34)N5CCCC5)c2)cc1C(F)(F)F,8.05
241,CHEMBL3697808,COc1ccc(cc1NC(=O)c2ccc(C)c(Nc3ncnc4cnc(nc34)N5CCCCC5)c2)C(F)(F)F,8.05
242,CHEMBL3694063,Cc1ccc(NC(=O)c2cccc(c2)C(F)(F)F)cc1Nc3ncnc4c(N)nc(nc34)N5CCNCC5,8.05
243,CHEMBL3689941,Cc1ccc(cc1Nc2ncnc3c(N)nc(nc23)N4CCN(CC4)C5CC5)C(=O)Nc6cc(n[nH]6)C(C)(C)C,8.05
244,CHEMBL3641206,Cc1ccc(cc1Nc2ncnc3cnc(nc23)N4CCN(CC5CCOC5)CC4)C(=O)Nc6cc(n[nH]6)C(C)(C)C,8.05
245,CHEMBL3697859,Cc1ccc(cc1Nc2ncnc3cnc(nc23)N4CCOCC4)C(=O)Nc5ccc(F)c(c5)C(F)(F)F,8.05
246,CHEMBL3800002,O[C@H]1CCN(C1)S(=O)(=O)Nc2ccc(F)c(Nc3ncccc3c4ncnc5[nH]cnc45)c2F,8.05
247,CHEMBL526479,O\N=C\1/CCc2cc(ccc12)c3cn(nc3c4ccncc4)C5CCNCC5,8.05
248,CHEMBL2023335,CCCS(=O)(=O)Nc1ccc(F)c(c1F)c2ccc3cc(N)ncc3c2,8.06
249,CHEMBL1079785,COc1cc(ccc1F)c2c(nn3c(ccnc23)c4ccc(cc4)N5C[C@@H]6C[C@H]5CN6)c7ccncc7,8.06
250,CHEMBL583678,COc1cc(ccc1Cl)c2c(nn3c(ccnc23)C4CC5CCC(C4)N5)c6ccncc6,8.07
251,CHEMBL585335,CCOC(=O)N1C2CCC1CC(C2)c3c(C)cnc4c(c5cccc6[nH]ncc56)c(nn34)c7ccncc7,8.08
252,CHEMBL3577120,CNc1cc2nc(C)c(cc2cn1)c3ccc(F)c(NC(=O)NCCC(C)(C)C)c3,8.08
253,CHEMBL3354390,CC(C)c1cccc(NC(=O)c2ccc(Cl)c(Nc3ncccc3c4ncnc5[nH]cnc45)c2)c1,8.09
254,CHEMBL1080615,COc1cccc(c1)c2c(nn3c(ccnc23)c4ccc(cc4)N5C[C@@H]6C[C@H]5CN6C)c7ccncc7,8.09
255,CHEMBL3694131,CC(C)(C)c1onc(NC(=O)c2ccc(Cl)c(Nc3ncnc4cnc(nc34)N5CCCCCC5)c2)c1,8.1
256,CHEMBL3641078,CC(C)CN1CCN(CC1)c2cc(NC(=O)c3ccc(C)c(Nc4ncnc5cnc(nc45)N6CC[C@H](F)C6)c3)cc(c2)C(F)(F)F,8.1
257,CHEMBL3694035,CN(C)CCN(C)c1cc(NC(=O)c2ccc(C)c(Nc3ncnc4c(N)nc(nc34)N(C)C)c2)cc(c1)C(F)(F)F,8.1
258,CHEMBL3798256,CN(C)S(=O)(=O)Nc1ccc(F)c(Nc2ncccc2c3ncnc4[nH]cnc34)c1F,8.1
259,CHEMBL1780166,CN1CCC(CC1)n2cc(c3ccc4c(Cc5c[nH]nc45)c3)c(n2)c6ccncc6,8.1
260,CHEMBL3697798,CN1CCCN(CC1)c2ncc3ncnc(Nc4cc(ccc4C)C(=O)Nc5ccc6N(CCN7CCCC7)C(=O)C(C)(C)c6c5)c3n2,8.1
261,CHEMBL3659964,CN1CCN(CC1)c2ccc3ncnc(Nc4cc(NC(=O)c5cccc(c5)C(C)(C)C#N)ccc4C)c3n2,8.1
262,CHEMBL3697919,CN1CCN(CC1)c2ncc3ncnc(Nc4cc(Cl)cc(c4)C(=O)Nc5cc(nn5C)C(C)(C)C)c3n2,8.1
263,CHEMBL3697914,CN1CCN(CC1)c2ncc3ncnc(Nc4cc(cc(C)c4C)C(=O)Nc5cc(nn5C)C(C)(C)C)c3n2,8.1
264,CHEMBL3641074,CN1CCN(CC1)c2ncc3ncnc(Nc4cc(ccc4C)C(=O)Nc5cc(n[nH]5)C(C)(C)C)c3n2,8.1
265,CHEMBL3613308,CNS(=O)(=O)c1ccc(N2CCOCC2)c(Nc3ncnc4[nH]c(Br)cc34)c1,8.1
266,CHEMBL3613196,CNS(=O)(=O)c1ccc(N2CCOCC2)c(Nc3ncnc4[nH]ccc34)c1,8.1
267,CHEMBL3407849,CNc1ncc2ccc(Oc3cc(ccc3C)C(=O)C4=C(N(C)N(C4=O)c5ccccc5)c6ccccc6)cc2n1,8.1
268,CHEMBL3651705,COC(=O)N[C@@H](C)CNc1nccc(n1)c2nc([nH]c2c3cccc(NS(=O)(=O)C)c3)C4CC4,8.1
269,CHEMBL3641117,COCCN1CCN(CC1)c2ncc3ncnc(Nc4cc(ccc4C)C(=O)Nc5cc(cc(c5)C(F)(F)F)n6cnc(C)c6)c3n2,8.1
270,CHEMBL3641164,COc1ccc(NC(=O)c2ccc(C)c(Nc3ncnc4cnc(nc34)n5cnc(C)c5)c2)cc1C(F)(F)F,8.1
271,CHEMBL3697765,COc1ccc(cc1NC(=O)c2ccc(C)c(Nc3ncnc4cnc(nc34)N5CCCN(C)CC5)c2)C(F)(F)F,8.1
272,CHEMBL3694090,COc1ccc(cc1Nc2ncnc3cnc(NCCN(C)C)nc23)C(=O)Nc4ccc(OC)c(c4)C(F)(F)F,8.1
273,CHEMBL3694146,COc1ccc(cc1Nc2ncnc3cnc(nc23)N(C)C)C(=O)Nc4cc(on4)C(C)(C)C,8.1
274,CHEMBL3577122,Cc1cc(F)c(NC(=O)NCCC(C)(C)C)cc1c2cc3cnc(N)nc3nc2C,8.1
275,CHEMBL3697879,Cc1ccc(cc1Nc2ncnc3cnc(nc23)N4CCCCC4)C(=O)Nc5cc(ccn5)C(F)(F)F,8.1
276,CHEMBL1922475,Clc1cc2C(=O)NC(=O)c2cc1Nc3cccc(NC(=O)c4cccc(I)c4)c3,8.1
277,CHEMBL1922596,Clc1cc2C(=O)NNC(=O)c2cc1Nc3cccc(NC(=O)c4cccc(I)c4)c3,8.1
278,CHEMBL200320,NCc1ccc(cc1)c2nc(c3ccc(Cl)c(O)c3)c([nH]2)c4ccncc4,8.1
279,CHEMBL304624,Oc1cccc(c1)c2nc([nH]c2c3ccncc3)c4ccccc4,8.1
280,CHEMBL3354841,CC(C)c1cccc(NC(=O)c2ccc(C)c(Nc3ncccc3c4ncnc5c4ncn5C)c2)c1,8.13
281,CHEMBL1276173,CN(C)c1cc(ccc1c2ccnc3c(c4cccc5[nH]ncc45)c(nn23)c6ccncc6)N7C[C@@H]8C[C@H]7CN8C,8.14
282,CHEMBL476732,O\N=C\1/CCc2cc(ccc12)c3cc(CN4CCOCC4)oc3c5ccncc5,8.14
283,CHEMBL3665859,COc1cc(ccc1O)c2ccc3ncnc(Nc4cc(O)c(F)cc4F)c3c2,8.15
284,CHEMBL3694148,CC(C)(C)c1onc(NC(=O)c2ccc(F)c(Nc3ncnc4cnc(nc34)N5CCCCCC5)c2)c1,8.16
285,CHEMBL3702560,CCCS(=O)(=O)Nc1ccc(F)c(c1F)n2cc(c3cncc(OC)c3)c4nc(ncc24)N(C)C5CCN(C)CC5,8.16
286,CHEMBL3694220,CN(C)CCN(C)c1cc(NC(=O)c2ccc(C)c(Nc3ncnc4cnc(nc34)N5CCCCCC5)c2)cc(c1)C(F)(F)F,8.16
287,CHEMBL3697848,CN(C)S(=O)(=O)c1cccc(NC(=O)c2ccc(C)c(Nc3ncnc4cnc(nc34)N5CCN(C)CC5)c2)c1,8.16
288,CHEMBL3697888,CN(C)S(=O)(=O)c1cccc(NC(=O)c2ccc(C)c(Nc3ncnc4cnc(nc34)N5CCNCC5)c2)c1,8.16
289,CHEMBL3697838,CN(C)S(=O)(=O)c1cccc(NC(=O)c2ccc(C)c(Nc3ncnc4cnc(nc34)N5CC[C@H](F)C5)c2)c1,8.16
290,CHEMBL3641041,CN1CCC(CN2CCN(CC2)c3ncc4ncnc(Nc5cc(ccc5C)C(=O)Nc6cc(nn6C)C(C)(C)C)c4n3)CC1,8.16
291,CHEMBL3694028,CN1CCN(CC1)c2nc(N)c3ncnc(Nc4cc(ccc4C)C(=O)Nc5ccc(C#N)c(c5)C(F)(F)F)c3n2,8.16
292,CHEMBL3651670,COC(=O)N[C@@H](C)CNc1nccc(n1)c2nc([nH]c2c3cc(Cl)cc(NS(=O)(=O)c4ccc(cc4)C(F)(F)F)c3F)C5CC5,8.16
293,CHEMBL3641052,COCCN1CCN(CC1)c2ncc3ncnc(Nc4cc(ccc4C)C(=O)Nc5cc(n[nH]5)C(C)(C)C)c3n2,8.16
294,CHEMBL3641212,COCCN1CCN(CC1)c2ncc3ncnc(Nc4cc(ccc4C)C(=O)Nc5ccc6c(OC(F)(F)OC6(F)F)c5)c3n2,8.16
295,CHEMBL3751896,COc1cc2c(cnc3[nH]nc(C4CC4)c23)cc1c5c(F)ccc(NS(=O)(=O)CCCF)c5Cl,8.16
296,CHEMBL3752478,COc1cc2c(cnc3[nH]ncc23)cc1c4c(F)ccc(NS(=O)(=O)CCCF)c4Cl,8.16
297,CHEMBL3641175,COc1ccc(NC(=O)c2ccc(C)c(Nc3ncnc4cnc(nc34)N5CCC(CC5)N6CCCC6)c2)cc1C(F)(F)F,8.16
298,CHEMBL3641171,COc1ccc(NC(=O)c2ccc(C)c(Nc3ncnc4cnc(nc34)N5CCC(CC5)N6CCCCC6)c2)cc1C(F)(F)F,8.16
299,CHEMBL3641060,COc1ccc(NC(=O)c2ccc(C)c(Nc3ncnc4cnc(nc34)N5CCN(CC5)C6CC6)c2)cc1C(F)(F)F,8.16
300,CHEMBL3694069,COc1ccc(NC(=O)c2ccc(Cl)c(Nc3ncnc4cnc(nc34)N5CCCCCC5)c2)cc1C(F)(F)F,8.16
301,CHEMBL3694072,COc1ccc(NC(=O)c2ccc(Cl)c(Nc3ncnc4cnc(nc34)N5CCN(C)CC5)c2)cc1C(F)(F)F,8.16
302,CHEMBL3694086,COc1ccc(cc1Nc2ncnc3cnc(nc23)N4CCCCC4)C(=O)Nc5ccc(OC)c(c5)C(F)(F)F,8.16
303,CHEMBL3694058,C[C@H]1CN([C@H](C)CN1)c2nc(N)c3ncnc(Nc4cc(NC(=O)c5cccc(c5)C(F)(F)F)ccc4C)c3n2,8.16
304,CHEMBL498468,Cc1c[nH]nc1c2ccc(cc2)c3cn(C)nc3c4ccncc4,8.16
305,CHEMBL3694057,Cc1ccc(NC(=O)c2cccc(c2)C(F)(F)F)cc1Nc3ncnc4c(N)nc(nc34)N5CCCN(CC5)c6ccncc6,8.16
306,CHEMBL3694042,Cc1ccc(cc1Nc2ncnc3c(N)nc(nc23)N4CCN5CCCC5C4)C(=O)Nc6cc(nn6C)C(C)(C)C,8.16
307,CHEMBL3689903,Cc1ccc(cc1Nc2ncnc3c(N)nc(nc23)N4CCNCC4)C(=O)Nc5ccc(cc5)C(F)(F)F,8.16
308,CHEMBL3659912,Cc1ccc(cc1Nc2ncnc3ccc(nc23)N4CCOCC4)C(=O)Nc5cc(n[nH]5)C(C)(C)C,8.16
309,CHEMBL3659910,Cc1ccc(cc1Nc2ncnc3ccc(nc23)N4CCOCC4)C(=O)Nc5cccc(c5)C(C)(C)[N+]#[C-],8.16
310,CHEMBL3641057,Cc1ccc(cc1Nc2ncnc3cnc(NCc4ccccc4)nc23)C(=O)Nc5cccc(c5)C(C)(C)C#N,8.16
311,CHEMBL429498,Clc1ccc(CC(=O)Nc2cccc(c2)c3nc([nH]c3c4ccnc(NCCN5CCNC5=O)n4)C6CC6)cc1,8.16
312,CHEMBL3335382,Cn1c(Nc2cccc(c2)C(C)(C)C)nc3cc(Oc4ccnc(NC(=O)C5CCNCC5)c4)ccc13,8.16
313,CHEMBL3697917,Cn1nc(cc1NC(=O)c2cc(Cl)cc(Nc3ncnc4cnc(nc34)N5CCOCC5)c2)C(C)(C)C,8.16
314,CHEMBL3798780,Fc1ccc(NS(=O)(=O)c2cccs2)c(F)c1Nc3ncccc3c4ncnc5[nH]cnc45,8.16
315,CHEMBL570658,CCNC(=O)N1C2CCC1CC(C2)c3ccnc4c(c5cccc6[nH]ncc56)c(nn34)c7ccncc7,8.17
316,CHEMBL584942,CN(C)C(=O)N1C2CCC1CC(C2)c3ccnc4c(c5cccc6[nH]ncc56)c(nn34)c7ccncc7,8.19
317,CHEMBL3354840,CN(C)c1cccc(c1)C(=O)Nc2ccc(C)c(Nc3ncccc3c4ncnc5[nH]cnc45)c2,8.2
318,CHEMBL3613306,CNS(=O)(=O)c1ccc(N(C)C)c(Nc2ncnc3[nH]c(Br)cc23)c1,8.2
319,CHEMBL477774,COCCN1CCC(CC1)c2nc(c3ccc4\C(=N\O)\CCc4c3)c([nH]2)c5ccncc5,8.2
320,CHEMBL3799342,CC(C)(C)CS(=O)(=O)Nc1ccc(F)c(Nc2ncccc2c3ncnc4[nH]cnc34)c1F,8.22
321,CHEMBL200889,CC(C)(CN)c1nc(c2ccc(Cl)c(O)c2)c([nH]1)c3ccncc3,8.22
322,CHEMBL3335386,CC(C)N1CCN(CC(=O)Nc2cc(Oc3ccc4c(c3)nc(Nc5cc(ccc5F)C(F)(F)F)n4C)ccn2)CC1,8.22
323,CHEMBL3641205,CC1=Nc2ccc(NC(=O)c3ccc(C)c(Nc4ncnc5cnc(nc45)N6CCC(CN7CCCC7)CC6)c3)cc2C1(C)C,8.22
324,CHEMBL3335387,CCN1CCN(CC(=O)Nc2cc(Oc3ccc4c(c3)nc(Nc5cc(ccc5F)C(F)(F)F)n4C)ccn2)CC1,8.22
325,CHEMBL3641051,CCN1CCN(CC1)c2cc(NC(=O)c3ccc(C)c(Nc4ncnc5cnc(nc45)N6CCN(CCOC)CC6)c3)cc(c2)C(F)(F)F,8.22
326,CHEMBL3697920,CN(C)C1CCN(C1)c2ncc3ncnc(Nc4cc(Cl)cc(c4)C(=O)Nc5cc(nn5C)C(C)(C)C)c3n2,8.22
327,CHEMBL3641064,CN(C)CCN(C)c1cc(NC(=O)c2ccc(C)c(Nc3ncnc4cnc(nc34)N5CC[C@H](F)C5)c2)cc(c1)C(F)(F)F,8.22
328,CHEMBL3694223,CN(C)CCN(C)c1cc(NC(=O)c2ccc(C)c(Nc3ncnc4cnc(nc34)N5CC[S+]([O-])CC5)c2)cc(c1)C(F)(F)F,8.22
329,CHEMBL3697824,CN(C)CCN(C)c1ncc2ncnc(Nc3cc(ccc3C)C(=O)Nc4cc(ccn4)C(F)(F)F)c2n1,8.22
330,CHEMBL3697785,CN(C)CCN(C)c1ncc2ncnc(Nc3cc(ccc3C)C(=O)Nc4cccc(c4)C(C)(C)C)c2n1,8.22
331,CHEMBL3694132,CN(C)c1ncc2ncnc(Nc3cc(ccc3Cl)C(=O)Nc4cc(on4)C(C)(C)C)c2n1,8.22
332,CHEMBL3641072,CN1CCCN(CC1)c2ncc3ncnc(Nc4cc(ccc4C)C(=O)Nc5cc(n[nH]5)C(C)(C)C)c3n2,8.22
333,CHEMBL3613195,CNS(=O)(=O)c1ccc(N(C)C)c(Nc2ncnc3[nH]ccc23)c1,8.22
334,CHEMBL3613188,CNS(=O)(=O)c1cccc(Nc2ncnc3[nH]c(cc23)c4cccc(c4)C(F)(F)F)c1,8.22
335,CHEMBL3613185,CNS(=O)(=O)c1cccc(Nc2ncnc3[nH]c(cc23)c4ccccc4C)c1,8.22
336,CHEMBL3613181,CNS(=O)(=O)c1cccc(Nc2ncnc3[nH]cc(c4ccc(CN)cc4)c23)c1,8.22
337,CHEMBL3694157,CNc1ncc2ncnc(Nc3cc(ccc3F)C(=O)Nc4cc(on4)C(C)(C)C)c2n1,8.22
338,CHEMBL3694143,COCCN(C)c1ncc2ncnc(Nc3cc(ccc3OC)C(=O)Nc4cc(on4)C(C)(C)C)c2n1,8.22
339,CHEMBL3641148,COCCN1CCN(CC1)c2ncc3ncnc(Nc4cc(ccc4C)C(=O)Nc5cc(ccc5Cl)C(F)(F)F)c3n2,8.22
340,CHEMBL3641059,COc1ccc(NC(=O)c2ccc(C)c(Nc3ncnc4cnc(nc34)N5CCN(CC6CCOC6)CC5)c2)cc1C(F)(F)F,8.22
341,CHEMBL3694073,COc1ccc(NC(=O)c2ccc(Cl)c(Nc3ncnc4cnc(nc34)N5CCCCC5)c2)cc1C(F)(F)F,8.22
342,CHEMBL3641031,COc1ccc(NC(=O)c2ccc(F)c(Nc3ncnc4cnc(nc34)N5CCN(CC6CC6)CC5)c2)cc1C(F)(F)F,8.22
343,CHEMBL3697776,COc1ccc(cc1NC(=O)c2ccc(C)c(Nc3ncnc4cnc(nc34)N5CCN(C)CC5)c2)C(C)(C)C,8.22
344,CHEMBL3694085,COc1ccc(cc1Nc2ncnc3cnc(nc23)N4CCN(C)CC4)C(=O)Nc5ccc(OC)c(c5)C(F)(F)F,8.22
345,CHEMBL3641104,C[C@@H]1CN(C[C@H](C)O1)C2CCN(CC2)c3ncc4ncnc(Nc5cc(ccc5C)C(=O)Nc6cc(on6)C(C)(C)C)c4n3,8.22
346,CHEMBL3689937,Cc1ccc(cc1Nc2ncnc3c(N)nc(nc23)N4CCN(CC5CCCO5)CC4)C(=O)Nc6cc(n[nH]6)C(C)(C)C,8.22
347,CHEMBL3697908,Cc1ccc(cc1Nc2ncnc3cnc(nc23)N4CC(F)(F)C4)C(=O)Nc5cc(on5)C(C)(C)C,8.22
348,CHEMBL3697822,Cc1ccc(cc1Nc2ncnc3cnc(nc23)N4CCCC4)C(=O)Nc5cccc(c5)C(C)(C)C#N,8.22
349,CHEMBL3697874,Cc1ccc(cc1Nc2ncnc3cnc(nc23)N4CCCCC4)C(=O)Nc5cccc(c5)C(F)(F)F,8.22
350,CHEMBL3641209,Cc1cn(cn1)c2ncc3ncnc(Nc4cc(ccc4C)C(=O)Nc5cc(n[nH]5)C(C)(C)C)c3n2,8.22
351,CHEMBL1922591,FC(F)(F)Oc1cccc(c1)C(=O)Nc2cccc(Nc3cc4C(=O)NC(=O)c4cc3Cl)c2,8.22
352,CHEMBL3797403,Fc1ccc(NS(=O)(=O)c2cn[nH]c2)c(F)c1Nc3ncccc3c4ncnc5[nH]cnc45,8.22
353,CHEMBL507361,OC[C@@H](O)CONC(=O)c1ccc(F)c(F)c1Nc2ccc(I)cc2F,8.22
354,CHEMBL200412,O\N=C\c1ccc(cc1Cl)c2[nH]c(nc2c3ccncc3)c4ccccc4,8.22
355,CHEMBL381250,Oc1cc(ccc1Cl)c2[nH]c(nc2c3ccncc3)c4cccnc4,8.22
356,CHEMBL386051,CSc1cccc(Nc2ncc3C=C(C(=O)N(C)c3n2)c4c(Cl)cccc4Cl)c1,8.24
357,CHEMBL200258,Nc1nccc(n1)c2[nH]c(nc2c3ccc(Cl)c(O)c3)c4ccccc4,8.24
358,CHEMBL456983,CCn1cc(c2ccnc3[nH]ccc23)c(n1)c4cccc(NC(=O)Nc5ccc(Cl)c(c5)C(F)(F)F)c4,8.27
359,CHEMBL525896,CCn1cc(c2ccnc3[nH]ccc23)c(n1)c4cccc(NC(=O)Nc5ccccc5Cl)c4,8.28
360,CHEMBL2315069,Nc1ncc(c2cccnc2)c3scc(c4cccc(NC(=O)c5cccc(c5)C(F)(F)F)c4)c13,8.29
361,CHEMBL1780176,C1OCC2CC(CC1N2)n3cc(c4ccc5c(Cc6c[nH]nc56)c4)c(n3)c7ccncc7,8.3
362,CHEMBL248256,CC(=O)Nc1cc(CNc2ccccc2C(=O)Nc3ccc4OC(F)(F)Oc4c3)ccn1,8.3
363,CHEMBL3651666,CC(C)(C)c1nc(c2ccnc(N)n2)c([nH]1)c3cc(F)cc(NS(=O)(=O)C)c3Cl,8.3
364,CHEMBL3694153,CC(C)(C)c1onc(NC(=O)c2ccc(F)c(Nc3ncnc4cnc(nc34)N5CCCC5)c2)c1,8.3
365,CHEMBL3694151,CC(C)(C)c1onc(NC(=O)c2ccc(F)c(Nc3ncnc4cnc(nc34)N5CCCCC5)c2)c1,8.3
366,CHEMBL3651648,CC(C)CNc1nccc(n1)c2nc([nH]c2c3cc(F)cc(NS(=O)(=O)C)c3Cl)C4CC4,8.3
367,CHEMBL3651646,CCCNc1nccc(n1)c2nc([nH]c2c3cc(F)cc(NS(=O)(=O)C)c3Cl)C4CC4,8.3
368,CHEMBL3651651,CCCS(=O)(=O)Nc1cc(F)cc(c1Cl)c2[nH]c(nc2c3ccnc(NC(C)C)n3)C4CC4,8.3
369,CHEMBL3641032,CCN1CCN(CC1)c2ncc3ncnc(Nc4cc(ccc4F)C(=O)Nc5ccc(OC)c(c5)C(F)(F)F)c3n2,8.3
370,CHEMBL3694229,CN(C)CCN(C)c1cc(NC(=O)c2ccc(C)c(Nc3ncnc4cnc(nc34)N5CCCCC5)c2)cc(c1)C(F)(F)F,8.3
371,CHEMBL3694221,CN(C)CCN(C)c1cc(NC(=O)c2ccc(C)c(Nc3ncnc4cnc(nc34)N5CCSCC5)c2)cc(c1)C(F)(F)F,8.3
372,CHEMBL3694202,CN(C)CCN(C)c1ccc(NC(=O)c2ccc(C)c(Nc3ncnc4cnc(NCCc5ccccc5)nc34)c2)cc1C(F)(F)F,8.3
373,CHEMBL3697826,CN(C)CCN(C)c1ncc2ncnc(Nc3cc(ccc3C)C(=O)Nc4ccc(C#N)c(c4)C(F)(F)F)c2n1,8.3
374,CHEMBL3697774,CN(C)c1cccc(NC(=O)c2ccc(C)c(Nc3ncnc4cnc(nc34)N5CCN(C)CC5)c2)c1,8.3
375,CHEMBL3641201,CN(C1CC(C1)N2CCN(C)CC2)c3ncc4ncnc(Nc5cc(ccc5C)C(=O)Nc6ccnc(c6)C(C)(C)C)c4n3,8.3
376,CHEMBL3641232,CN(C1CCOCC1)c2ncc3ncnc(Nc4cc(NC(=O)c5cccc(c5)C(C)(C)C#N)ccc4C)c3n2,8.3
377,CHEMBL3641124,CN1CCC(CN2CCN(CC2)c3ncc4ncnc(Nc5cc(ccc5C)C(=O)Nc6cc(N7CCN(C)CC7)c(F)c(c6)C(F)(F)F)c4n3)CC1,8.3
378,CHEMBL3659915,CN1CCCN(CC1)c2cc(NC(=O)c3ccc(C)c(Nc4ncnc5ccc(nc45)N6CCOCC6)c3)cc(c2)C(F)(F)F,8.3
379,CHEMBL3697766,CN1CCCN(CC1)c2ncc3ncnc(Nc4cc(ccc4C)C(=O)Nc5ccc(Cl)c(c5)C(F)(F)F)c3n2,8.3
380,CHEMBL3689904,CN1CCN(CC1)c2nc(N)c3ncnc(Nc4cc(ccc4C)C(=O)Nc5ccc(cc5)C(F)(F)F)c3n2,8.3
381,CHEMBL3612666,CNS(=O)(=O)c1cccc(Nc2ncnc3[nH]cc(Br)c23)c1,8.3
382,CHEMBL3651688,COC(=O)N[C@@H](C)CNc1nccc(n1)c2nc([nH]c2c3c(F)ccc(NS(=O)(=O)C)c3Cl)C4CC4,8.3
383,CHEMBL3694130,COCCN(C)c1ncc2ncnc(Nc3cc(ccc3Cl)C(=O)Nc4cc(on4)C(C)(C)C)c2n1,8.3
384,CHEMBL3689940,COCCN1CCN(CC1)c2nc(N)c3ncnc(Nc4cc(ccc4C)C(=O)Nc5cc(n[nH]5)C(C)(C)C)c3n2,8.3
385,CHEMBL3641049,COCCN1CCN(CC1)c2ncc3ncnc(Nc4cc(ccc4C)C(=O)Nc5cc(ccc5OC)C(C)(C)C)c3n2,8.3
386,CHEMBL3641155,COc1c(CNC(C)C)cc(cc1NC(=O)c2ccc(C)c(Nc3ncnc4cnc(nc34)N5CCOCC5)c2)C(F)(F)F,8.3
387,CHEMBL3694011,COc1cc(NC(=O)c2ccc(C)c(Nc3ncnc4c(N)nc(nc34)N5CCN(C)CC5)c2)cc(c1)C(F)(F)F,8.3
388,CHEMBL3694078,COc1ccc(NC(=O)c2ccc(Cl)c(Nc3ncnc4cnc(NCCN5CCOCC5)nc34)c2)cc1C(F)(F)F,8.3
389,CHEMBL3694101,COc1ccc(NC(=O)c2ccc(F)c(Nc3ncnc4cnc(nc34)N5CCCC5)c2)cc1C(F)(F)F,8.3
390,CHEMBL3694098,COc1ccc(NC(=O)c2ccc(F)c(Nc3ncnc4cnc(nc34)N5CCCCC5)c2)cc1C(F)(F)F,8.3
391,CHEMBL3694113,COc1ccc(NC(=O)c2ccc(c(Nc3ncnc4cnc(nc34)N5CCOCC5)c2)C(F)(F)F)cc1C(F)(F)F,8.3
392,CHEMBL3697844,COc1ccc(cc1NC(=O)c2ccc(C)c(Nc3ncnc4cnc(nc34)N5CCN(C)CC5)c2)C(F)(F)F,8.3
393,CHEMBL3694087,COc1ccc(cc1Nc2ncnc3cnc(NCCCN4CCOCC4)nc23)C(=O)Nc5ccc(OC)c(c5)C(F)(F)F,8.3
394,CHEMBL3697913,Cc1cc(cc(Nc2ncnc3cnc(nc23)N4CCOCC4)c1C)C(=O)Nc5cc(nn5C)C(C)(C)C,8.3
395,CHEMBL3659967,Cc1ccc(NC(=O)c2cccc(c2)C(C)(C)C#N)cc1Nc3ncnc4ccc(N[C@H]5CCOC5)nc34,8.3
396,CHEMBL3689938,Cc1ccc(cc1Nc2ncnc3c(N)nc(nc23)N4CCN(CC4)C5CCCC5)C(=O)Nc6cc(n[nH]6)C(C)(C)C,8.3
397,CHEMBL3641109,Cc1ccc(cc1Nc2ncnc3cnc(nc23)N4CCN(CC4)C5CC5)C(=O)Nc6cc(on6)C(C)(C)C,8.3
398,CHEMBL3694161,Cc1ccc(cc1Nc2ncnc3cnc(nc23)N4CCSCC4)C(=O)Nc5cc(CN6CCCC6)cc(c5)C(F)(F)F,8.3
399,CHEMBL3641039,Cc1ccc(cc1Nc2ncnc3cnc(nc23)N4CC[C@H](F)C4)C(=O)Nc5cc(on5)C(C)(C)C,8.3
400,CHEMBL3643297,Cc1ccc(cc1Nc2ncnc3cncnc23)C(=O)Nc4cc(n[nH]4)C(C)(C)C,8.3
401,CHEMBL200783,O\N=C\c1ccc(cc1)c2[nH]c(nc2c3ccncc3)c4ccccc4,8.3
402,CHEMBL478823,CC(C)(CN)c1nc(c2ccc3\C(=N\O)\CCc3c2)c([nH]1)c4ccncc4,8.31
403,CHEMBL570453,CS(=O)(=O)N1C2CCC1CC(C2)c3ccnc4c(c5cccc6[nH]ncc56)c(nn34)c7ccncc7,8.31
404,CHEMBL1780175,O[C@@H]1CNCC[C@H]1n2cc(c3ccc4c(Cc5c[nH]nc45)c3)c(n2)c6ccncc6,8.31
405,CHEMBL3354392,Fc1ccc(cc1Nc2ncccc2c3ncnc4[nH]cnc34)C(=O)Nc5ccc(Cl)c(c5)C(F)(F)F,8.32
406,CHEMBL1688860,CN(C)Cc1cc(cc(c1)C(F)(F)F)C(=O)N[C@@H]2CCc3ccc(Oc4ccnc5NC(=O)CCc45)cc3C2,8.33
407,CHEMBL1780174,C1c2cc(ccc2c3n[nH]cc13)c4cn(nc4c5ccncc5)c6ccccc6,8.34
408,CHEMBL3665863,COc1cc(ccc1O)c2ccc3ncnc(Nc4ccc(F)c(O)c4F)c3c2,8.35
409,CHEMBL3665864,Oc1c(F)ccc(Nc2ncnc3ccc(cc23)c4ccc5[nH]ncc5c4)c1F,8.35
410,CHEMBL583245,CCN1C2CCC1CC(C2)c3ccnc4c(c5ccc(Cl)c6[nH]ncc56)c(nn34)c7ccncc7,8.36
411,CHEMBL571744,CCOC(=O)N1C2CCC1CC(C2)c3ccnc4c(c5ccc(c6[nH]ncc56)C(F)(F)F)c(nn34)c7ccncc7,8.36
412,CHEMBL1688861,CC(C)(N)c1cc(cc(c1)C(F)(F)F)C(=O)N[C@@H]2CCc3ccc(Oc4ccnc5NC(=O)CCc45)cc3C2,8.38
413,CHEMBL3354378,Cc1ccc(NC(=O)Nc2ccc(Cl)c(c2)C(F)(F)F)cc1Nc3ncccc3c4ncnc5[nH]cnc45,8.38
414,CHEMBL496478,Cn1cc(c2ccc3\C(=N\O)\CCc3c2)c(n1)c4ocnc4,8.39
415,CHEMBL3641236,CC(=O)N1CCN(CC1)c2ncc3ncnc(Nc4cc(NC(=O)c5cccc(c5)C(C)(C)C#N)ccc4C)c3n2,8.4
416,CHEMBL3335380,CC(=O)Nc1cc(Oc2ccc3c(c2)nc(Nc4ccc(cc4)C(F)(F)F)n3C)ccn1,8.4
417,CHEMBL3697923,CC(C)(C#N)c1cccc(NC(=O)c2ccc(F)c(Nc3ncnc4cnc(nc34)N5CCOCC5)c2)c1,8.4
418,CHEMBL3694136,CC(C)(C)c1onc(NC(=O)c2ccc(Cl)c(Nc3ncnc4cnc(nc34)N5CCCCC5)c2)c1,8.4
419,CHEMBL3697937,CC(C)(C)c1onc(NC(=O)c2ccc(F)c(Nc3ncnc4cnc(nc34)N5CCN(CC6CC6)CC5)c2)c1,8.4
420,CHEMBL3694152,CC(C)(C)c1onc(NC(=O)c2ccc(F)c(Nc3ncnc4cnc(nc34)N5CCOCC5)c2)c1,8.4
421,CHEMBL3641083,CC(C)CN1CCN(CC1)c2cc(NC(=O)c3ccc(C)c(Nc4ncnc5cnc(nc45)N6CCOCC6)c3)cc(c2)C(F)(F)F,8.4
422,CHEMBL3689936,CC(C)CN1CCN(CC1)c2nc(N)c3ncnc(Nc4cc(ccc4C)C(=O)Nc5cc(n[nH]5)C(C)(C)C)c3n2,8.4
423,CHEMBL3641110,CC(C)CN1CCN(CC1)c2ncc3ncnc(Nc4cc(ccc4C)C(=O)Nc5cc(on5)C(C)(C)C)c3n2,8.4
424,CHEMBL3335378,CC(C)c1ccc(Nc2nc3cc(Oc4ccnc(NC(=O)C)c4)ccc3n2C)cc1,8.4
425,CHEMBL3651692,CCCS(=O)(=O)Nc1cc(F)cc(c1Cl)c2[nH]c(nc2c3ccncn3)C4CC4,8.4
426,CHEMBL3702561,CCCS(=O)(=O)Nc1ccc(F)c(c1F)n2cc(c3cncnc3)c4nc(ncc24)N(C)C5CCN(C)CC5,8.4
427,CHEMBL3697723,CCN(CC)c1ncc2ncnc(Nc3cc(ccc3C)C(=O)Nc4cc(cc(c4)C(F)(F)F)N(C)CCN(C)C)c2n1,8.4
428,CHEMBL3641065,CCN1CCN(CC1)c2cc(NC(=O)c3ccc(C)c(Nc4ncnc5cnc(nc45)N6CC[C@H](F)C6)c3)cc(c2)C(F)(F)F,8.4
429,CHEMBL3641225,CN(C)CCCN(C)c1ncc2ncnc(Nc3cc(NC(=O)c4cc(cc(c4)C(F)(F)F)N5CCN(C)CC5)ccc3C)c2n1,8.4
430,CHEMBL3694043,CN(C)CCN(C)c1cc(NC(=O)c2ccc(C)c(Nc3ncnc4c(N)nc(nc34)N5CC[C@H](F)C5)c2)cc(c1)C(F)(F)F,8.4
431,CHEMBL3639965,CN(C)CCN(C)c1cc(NC(=O)c2ccc(C)c(Nc3ncnc4cnc(NCCc5ccccc5)nc34)c2)cc(c1)C(F)(F)F,8.4
432,CHEMBL3694228,CN(C)CCN(C)c1cc(NC(=O)c2ccc(C)c(Nc3ncnc4cnc(NCc5ccccc5)nc34)c2)cc(c1)C(F)(F)F,8.4
433,CHEMBL3694197,CN(C)CCN(C)c1ccc(NC(=O)c2ccc(C)c(Nc3ncnc4cnc(NCc5ccccn5)nc34)c2)cc1C(F)(F)F,8.4
434,CHEMBL3694187,CN(C)CCN(C)c1ccc(NC(=O)c2ccc(C)c(Nc3ncnc4cnc(nc34)N5CCC(F)CC5)c2)cc1C(F)(F)F,8.4
435,CHEMBL3697778,CN(C)CCN(C)c1ncc2ncnc(Nc3cc(ccc3C)C(=O)Nc4cccc(c4)C(F)(F)F)c2n1,8.4
436,CHEMBL3694216,CN(C)CCOc1cc(NC(=O)c2ccc(C)c(Nc3ncnc4cnc(NCc5ccccn5)nc34)c2)cc(c1)C(F)(F)F,8.4
437,CHEMBL498327,CN(C)CCn1cc(c2ccc3\C(=N\O)\CCc3c2)c(n1)c4ccncc4,8.4
438,CHEMBL3697854,CN(C)c1cccc(NC(=O)c2ccc(C)c(Nc3ncnc4cnc(nc34)N5CCOCC5)c2)c1,8.4
439,CHEMBL3641027,CN(C1CCN(C)C1)c2ncc3ncnc(Nc4cc(ccc4F)C(=O)Nc5cc(on5)C(C)(C)C)c3n2,8.4
440,CHEMBL3641096,CN(CC1CCCCO1)c2ncc3ncnc(Nc4cc(ccc4C)C(=O)Nc5cc(on5)C(C)(C)C)c3n2,8.4
441,CHEMBL3641239,CN(CC1CCOCC1)c2ncc3ncnc(Nc4cc(NC(=O)c5cccc(c5)C(C)(C)C#N)ccc4C)c3n2,8.4
442,CHEMBL3641102,CN1CCC(CC1)N2CCN(CC2)c3ncc4ncnc(Nc5cc(ccc5C)C(=O)Nc6cc(on6)C(C)(C)C)c4n3,8.4
443,CHEMBL3694059,CN1CCC(CN2CCN(CC2)c3nc(N)c4ncnc(Nc5cc(NC(=O)c6cccc(c6)C(F)(F)F)ccc5C)c4n3)CC1,8.4
444,CHEMBL3689912,CN1CCC(CN2CCN(CC2)c3nc(N)c4ncnc(Nc5cc(ccc5C)C(=O)Nc6cc(n[nH]6)C(C)(C)C)c4n3)CC1,8.4
445,CHEMBL3694133,CN1CCCN(CC1)c2ncc3ncnc(Nc4cc(ccc4Cl)C(=O)Nc5cc(on5)C(C)(C)C)c3n2,8.4
446,CHEMBL3659914,CN1CCN(CC1)c2cc(NC(=O)c3ccc(C)c(Nc4ncnc5ccc(nc45)N6CCOCC6)c3)cc(c2)C(F)(F)F,8.4
447,CHEMBL3641121,CN1CCN(CC1)c2cc(NC(=O)c3ccc(C)c(Nc4ncnc5cnc(NC6CCOC6)nc45)c3)cc(c2F)C(F)(F)F,8.4
448,CHEMBL3641080,CN1CCN(CC1)c2cc(NC(=O)c3ccc(C)c(Nc4ncnc5cnc(nc45)N6CC[C@H](F)C6)c3)cc(c2)C(F)(F)F,8.4
449,CHEMBL3641126,CN1CCN(CC1)c2cc(NC(=O)c3ccc(C)c(Nc4ncnc5cnc(nc45)N6CC[C@H](F)C6)c3)cc(c2F)C(F)(F)F,8.4
450,CHEMBL3697845,CN1CCN(CC1)c2ncc3ncnc(Nc4cc(ccc4C)C(=O)Nc5ccc(Cl)c(c5)C(F)(F)F)c3n2,8.4
451,CHEMBL3694135,CN1CCN(CC1)c2ncc3ncnc(Nc4cc(ccc4Cl)C(=O)Nc5cc(on5)C(C)(C)C)c3n2,8.4
452,CHEMBL3689935,CN1C[C@H]2C[C@@H]1CN2c3nc(N)c4ncnc(Nc5cc(ccc5C)C(=O)Nc6cc(n[nH]6)C(C)(C)C)c4n3,8.4
453,CHEMBL3613178,CNS(=O)(=O)c1cccc(Nc2ncnc3[nH]cc(c4ccc(Cl)cc4)c23)c1,8.4
454,CHEMBL3613179,CNS(=O)(=O)c1cccc(Nc2ncnc3[nH]cc(c4ccc(OC)cc4)c23)c1,8.4
455,CHEMBL3612667,CNS(=O)(=O)c1cccc(Nc2ncnc3[nH]cc(c4ccccc4)c23)c1,8.4
456,CHEMBL3641092,COCCN(C)c1ncc2ncnc(Nc3cc(ccc3C)C(=O)Nc4cc(n[nH]4)C(C)(C)C)c2n1,8.4
457,CHEMBL3641150,COCCN1CCN(CC1)c2ncc3ncnc(Nc4cc(ccc4C)C(=O)Nc5cc(OC)cc(c5)C(F)(F)F)c3n2,8.4
458,CHEMBL3697935,COCCN1CCN(CC1)c2ncc3ncnc(Nc4cc(ccc4F)C(=O)Nc5cc(on5)C(C)(C)C)c3n2,8.4
459,CHEMBL3641161,COc1ccc(NC(=O)c2ccc(C)c(Nc3ncnc4cnc(nc34)N5CCC[C@H]5CO)c2)cc1C(F)(F)F,8.4
460,CHEMBL3641070,COc1ccc(NC(=O)c2ccc(C)c(Nc3ncnc4cnc(nc34)N5CCN(CC(C)C)CC5)c2)cc1C(F)(F)F,8.4
461,CHEMBL3641172,COc1ccc(NC(=O)c2ccc(C)c(Nc3ncnc4cnc(nc34)N5CCN(CC5)C6CCN(C)CC6)c2)cc1C(F)(F)F,8.4
462,CHEMBL3641165,COc1ccc(NC(=O)c2ccc(C)c(Nc3ncnc4cnc(nc34)N5C[C@@H](C)O[C@@H](C)C5)c2)cc1C(F)(F)F,8.4
463,CHEMBL3694074,COc1ccc(NC(=O)c2ccc(Cl)c(Nc3ncnc4cnc(NCCCN5CCOCC5)nc34)c2)cc1C(F)(F)F,8.4
464,CHEMBL3694100,COc1ccc(NC(=O)c2ccc(F)c(Nc3ncnc4cnc(nc34)N5CCOCC5)c2)cc1C(F)(F)F,8.4
465,CHEMBL3697786,COc1ccc(cc1NC(=O)c2ccc(C)c(Nc3ncnc4cnc(nc34)N(C)CCN(C)C)c2)C(C)(C)C,8.4
466,CHEMBL3697851,COc1ccc(cc1NC(=O)c2ccc(C)c(Nc3ncnc4cnc(nc34)N5CCOCC5)c2)C(C)(C)C,8.4
467,CHEMBL3694081,COc1ccc(cc1Nc2ncnc3cnc(nc23)N(C)CCN(C)C)C(=O)Nc4ccc(OC)c(c4)C(F)(F)F,8.4
468,CHEMBL3639930,COc1ccc(cc1Nc2ncnc3cnc(nc23)N(C)CCN4CCCC4)C(=O)Nc5cc(on5)C(C)(C)C,8.4
469,CHEMBL3651663,CS(=O)(=O)Nc1cc(Cl)cc(c1F)c2[nH]c(nc2c3ccnc(N)n3)C4CC4,8.4
470,CHEMBL3651687,CS(=O)(=O)Nc1cccc(c1F)c2[nH]c(nc2c3ccnc(NCCC#N)n3)C4CC4,8.4
471,CHEMBL3659963,Cc1ccc(NC(=O)c2cccc(c2)C(C)(C)C#N)cc1Nc3ncnc4ccc(nc34)N5CCOCC5,8.4
472,CHEMBL3689942,Cc1ccc(cc1Nc2ncnc3c(N)nc(nc23)N4CCN5CCCCC5C4)C(=O)Nc6cc(n[nH]6)C(C)(C)C,8.4
473,CHEMBL3659916,Cc1ccc(cc1Nc2ncnc3ccc(nc23)N4CCOCC4)C(=O)Nc5cc(CN6CCCC6)cc(c5)C(F)(F)F,8.4
474,CHEMBL3694164,Cc1ccc(cc1Nc2ncnc3cnc(nc23)N4CCC(F)(F)CC4)C(=O)Nc5cc(CN6CCCC6)cc(c5)C(F)(F)F,8.4
475,CHEMBL3694162,Cc1ccc(cc1Nc2ncnc3cnc(nc23)N4CCC4)C(=O)Nc5cc(CN6CCCC6)cc(c5)C(F)(F)F,8.4
476,CHEMBL3697811,Cc1ccc(cc1Nc2ncnc3cnc(nc23)N4CCCC4)C(=O)Nc5ccc(F)c(c5)C(F)(F)F,8.4
477,CHEMBL3697757,Cc1ccc(cc1Nc2ncnc3cnc(nc23)N4CCCCC4)C(=O)Nc5ccc6N(CCN7CCCC7)C(=O)C(C)(C)c6c5,8.4
478,CHEMBL3697876,Cc1ccc(cc1Nc2ncnc3cnc(nc23)N4CCCCC4)C(=O)Nc5cccc(OC(F)(F)F)c5,8.4
479,CHEMBL3641098,Cc1ccc(cc1Nc2ncnc3cnc(nc23)N4CCN(CC5CCOC5)CC4)C(=O)Nc6cc(on6)C(C)(C)C,8.4
480,CHEMBL3641141,Cc1ccc(cc1Nc2ncnc3cnc(nc23)N4CCOCC4)C(=O)Nc5cc(cc(c5)C(F)(F)F)N6CCN(CCO)CC6,8.4
481,CHEMBL3697884,Cc1ccc(cc1Nc2ncnc3cnc(nc23)N4CCOCC4)C(=O)Nc5ccc(C#N)c(c5)C(F)(F)F,8.4
482,CHEMBL3697750,Cc1ccc(cc1Nc2ncnc3cnc(nc23)N4CC[C@@H](F)C4)C(=O)Nc5ccc6N(CCN7CCCC7)C(=O)C(C)(C)c6c5,8.4
483,CHEMBL3643296,Cc1ccc(cc1Nc2ncnc3cncnc23)C(=O)Nc4cc(CN5CCCC5)cc(c4)C(F)(F)F,8.4
484,CHEMBL3641077,Cc1cn(cn1)c2cc(NC(=O)c3ccc(C)c(Nc4ncnc5cnc(nc45)N6CC[C@H](F)C6)c3)cc(c2)C(F)(F)F,8.4
485,CHEMBL3697918,Cn1nc(cc1NC(=O)c2cc(Cl)cc(Nc3ncnc4cnc(nc34)N5CCCC5)c2)C(C)(C)C,8.4
486,CHEMBL3798630,Fc1ccc(NS(=O)(=O)C2CCC2)c(F)c1Nc3ncccc3c4ncnc5[nH]cnc45,8.4
487,CHEMBL254966,NC(=O)c1cccc(Nc2nccc(n2)c3[nH]c(nc3c4cccc(NC(=O)Cc5ccc(Cl)cc5)c4)C6CC6)c1,8.4
488,CHEMBL3764275,OCC1COCCN1Cc2cc(cc(c2)C(F)(F)F)C(=O)N[C@@H]3CCc4ccc(Oc5ccnc6NC(=O)CCc56)cc4C3,8.4
489,CHEMBL583025,Oc1cccc(c1)c2c(nn3c(ccnc23)C4CC5CCC(C4)N5)c6ccncc6,8.4
490,CHEMBL526268,CCn1cc(c2ccnc3[nH]ccc23)c(n1)c4cccc(NC(=O)Nc5cc(ccc5F)C(F)(F)F)c4,8.41
491,CHEMBL498343,O\N=C\1/CCc2cc(ccc12)c3cn(nc3c4ccncc4)[C@H]5CCC[C@H]5O,8.41
492,CHEMBL1780178,F[C@H]1CNCC[C@H]1n2cc(c3ccc4c(Cc5c[nH]nc45)c3)c(n2)c6ccncc6,8.42
493,CHEMBL584527,Fc1ccc(c2c(nn3c(ccnc23)C4CC5CCC(C4)N5)c6ccncc6)c7cn[nH]c17,8.42
494,CHEMBL1780168,C1CNCC(C1)n2cc(c3ccc4c(Cc5c[nH]nc45)c3)c(n2)c6ccncc6,8.43
495,CHEMBL3354386,Cc1ccc(cc1Nc2ncccc2c3ncnc4[nH]cnc34)C(=O)Nc5ccc(Cl)c(Br)c5,8.44
496,CHEMBL503089,O\N=C\1/CCc2cc(ccc12)c3cn(nc3c4ccncc4)C5CCCC5,8.46
497,CHEMBL1780169,C1CNCCC(C1)n2cc(c3ccc4c(Cc5c[nH]nc45)c3)c(n2)c6ccncc6,8.5
498,CHEMBL3354380,Cc1ccc(cc1Nc2ncccc2c3ncnc4[nH]cnc34)C(=O)Nc5ccc(Cl)c(c5)C(F)(F)F,8.5
499,CHEMBL1780179,F[C@H]1CCNC[C@H]1n2cc(c3ccc4c(Cc5c[nH]nc45)c3)c(n2)c6ccncc6,8.5
500,CHEMBL3651621,COC(=O)N[C@@H](C)CNc1nccc(n1)c2nc([nH]c2c3cc(C)cc(NS(=O)(=O)C(C)C)c3)C(C)(C)C,8.51
501,CHEMBL497701,Cn1cc(c2ccc3\C(=N\O)\CCc3c2)c(n1)c4ccncn4,8.51
502,CHEMBL3765596,FC(F)(F)c1cccc(c1)C(=O)N[C@@H]2CCc3ccc(Oc4ccnc5NC(=O)CCc45)cc3C2,8.51
503,CHEMBL1780165,C1CC(CCN1)n2cc(c3ccc4c(Cc5c[nH]nc45)c3)c(n2)c6ccncc6,8.52
504,CHEMBL3335371,CC(=O)Nc1cc(Oc2ccc3c(c2)nc(Nc4cccc(c4)C(C)(C)C)n3C)ccn1,8.52
505,CHEMBL3335375,CC(=O)Nc1cc(Oc2ccc3c(c2)nc(Nc4cccc(c4)C(F)(F)F)n3C)ccn1,8.52
506,CHEMBL3697932,CC(C)(C)c1cc(NC(=O)c2ccc(F)c(Nc3ncnc4cnc(NC5CCOC5)nc34)c2)[nH]n1,8.52
507,CHEMBL3651660,CC(C)(C)c1nc(c2ccnc(N)n2)c([nH]1)c3cc(Cl)cc(NS(=O)(=O)C)c3F,8.52
508,CHEMBL3639967,CC(C)(C)c1onc(NC(=O)c2ccc(F)c(Nc3ncnc4cnc(NC5CCOC5)nc34)c2)c1,8.52
509,CHEMBL3641075,CC(C)CN1CCN(CC1)c2ncc3ncnc(Nc4cc(ccc4C)C(=O)Nc5cc(ccn5)C(F)(F)F)c3n2,8.52
510,CHEMBL3697718,CC(C)CNc1ncc2ncnc(Nc3cc(ccc3C)C(=O)Nc4cc(cc(c4)C(F)(F)F)N(C)CCN(C)C)c2n1,8.52
511,CHEMBL3641114,CC(C)CNc1ncc2ncnc(Nc3cc(ccc3C)C(=O)Nc4cc(nn4C)C(C)(C)C)c2n1,8.52
512,CHEMBL3641079,CC(C)N1CCN(CC1)c2cc(NC(=O)c3ccc(C)c(Nc4ncnc5cnc(nc45)N6CC[C@H](F)C6)c3)cc(c2)C(F)(F)F,8.52
513,CHEMBL3697936,CC(C)N1CCN(CC1)c2ncc3ncnc(Nc4cc(ccc4F)C(=O)Nc5cc(on5)C(C)(C)C)c3n2,8.52
514,CHEMBL3694219,CCN(CC)c1ncc2ncnc(Nc3cc(ccc3C)C(=O)Nc4cc(OCCN(C)C)cc(c4)C(F)(F)F)c2n1,8.52
515,CHEMBL3694201,CCN(CC)c1ncc2ncnc(Nc3cc(ccc3C)C(=O)Nc4ccc(N(C)CCN(C)C)c(c4)C(F)(F)F)c2n1,8.52
516,CHEMBL568855,CCN1C2CCC1CC(C2)c3ccnc4c(c5ccc(F)c(O)c5)c(nn34)c6ccncc6,8.52
517,CHEMBL3694038,CCN1CCN(CC1)c2cc(NC(=O)c3ccc(C)c(Nc4ncnc5c(N)nc(nc45)N6CCCOCC6)c3)cc(c2)C(F)(F)F,8.52
518,CHEMBL3641028,CN(C)C1CCN(CC1)c2ncc3ncnc(Nc4cc(ccc4F)C(=O)Nc5cc(on5)C(C)(C)C)c3n2,8.52
519,CHEMBL3641210,CN(C)CCC1CCN(CC1)c2ncc3ncnc(Nc4cc(ccc4C)C(=O)Nc5ccnc(c5)C(C)(C)C)c3n2,8.52
520,CHEMBL3694027,CN(C)CCN(C)c1cc(NC(=O)c2ccc(C)c(Nc3ncnc4c(N)nc(nc34)N5CCCOCC5)c2)cc(c1)C(F)(F)F,8.52
521,CHEMBL3694222,CN(C)CCN(C)c1cc(NC(=O)c2ccc(C)c(Nc3ncnc4cnc(nc34)N5CCC5)c2)cc(c1)C(F)(F)F,8.52
522,CHEMBL3694189,CN(C)CCN(C)c1ccc(NC(=O)c2ccc(C)c(Nc3ncnc4cnc(NCc5ccccc5)nc34)c2)cc1C(F)(F)F,8.52
523,CHEMBL3694198,CN(C)CCN(C)c1ccc(NC(=O)c2ccc(C)c(Nc3ncnc4cnc(NCc5ccncc5)nc34)c2)cc1C(F)(F)F,8.52
524,CHEMBL3694199,CN(C)CCN(C)c1ccc(NC(=O)c2ccc(C)c(Nc3ncnc4cnc(nc34)N(C)C)c2)cc1C(F)(F)F,8.52
525,CHEMBL3694186,CN(C)CCN(C)c1ccc(NC(=O)c2ccc(C)c(Nc3ncnc4cnc(nc34)N5CCC(F)(F)CC5)c2)cc1C(F)(F)F,8.52
526,CHEMBL3694190,CN(C)CCN(C)c1ccc(NC(=O)c2ccc(C)c(Nc3ncnc4cnc(nc34)N5CCCCC5)c2)cc1C(F)(F)F,8.52
527,CHEMBL3694182,CN(C)CCN(C)c1ccc(NC(=O)c2ccc(C)c(Nc3ncnc4cnc(nc34)N5CCCCCC5)c2)cc1C(F)(F)F,8.52
528,CHEMBL3694192,CN(C)CCN(C)c1ccc(NC(=O)c2ccc(C)c(Nc3ncnc4cnc(nc34)N5CCOCC5)c2)cc1C(F)(F)F,8.52
529,CHEMBL3697861,CN(C)CCN(C)c1ncc2ncnc(Nc3cc(ccc3F)C(=O)Nc4cc(on4)C(C)(C)C)c2n1,8.52
530,CHEMBL3694204,CN(C)CCOc1cc(NC(=O)c2ccc(C)c(Nc3ncnc4cnc(nc34)N5CCSCC5)c2)cc(c1)C(F)(F)F,8.52
531,CHEMBL3697820,CN(C)S(=O)(=O)c1cccc(NC(=O)c2ccc(C)c(Nc3ncnc4cnc(nc34)N5CCCC5)c2)c1,8.52
532,CHEMBL3641221,CN(C)c1ncc2ncnc(Nc3cc(NC(=O)c4cc(cc(c4)C(F)(F)F)N5CCN(C)CC5)ccc3C)c2n1,8.52
533,CHEMBL3697903,CN(CC1CCOC1)c2ncc3ncnc(Nc4cc(ccc4C)C(=O)Nc5cc(on5)C(C)(C)C)c3n2,8.52
534,CHEMBL3694134,CN(CCN1CCCC1)c2ncc3ncnc(Nc4cc(ccc4Cl)C(=O)Nc5cc(on5)C(C)(C)C)c3n2,8.52
535,CHEMBL3689906,CN1CCC(CC1)N2CCN(CC2)c3nc(N)c4ncnc(Nc5cc(ccc5C)C(=O)Nc6ccc(cc6)C(F)(F)F)c4n3,8.52
536,CHEMBL3689924,CN1CCC(CC1)N2CCN(CC2)c3nc(N)c4ncnc(Nc5cc(ccc5Cl)C(=O)Nc6cccc(c6)C(F)(F)F)c4n3,8.52
537,CHEMBL3689939,CN1CCCC(CN2CCN(CC2)c3nc(N)c4ncnc(Nc5cc(ccc5C)C(=O)Nc6cc(n[nH]6)C(C)(C)C)c4n3)C1,8.52
538,CHEMBL3689913,CN1CCCN(CC1)c2nc(N)c3ncnc(Nc4cc(ccc4C)C(=O)Nc5cc(n[nH]5)C(C)(C)C)c3n2,8.52
539,CHEMBL3697828,CN1CCCN(CC1)c2ncc3ncnc(Nc4cc(ccc4C)C(=O)Nc5cc(ccn5)C(F)(F)F)c3n2,8.52
540,CHEMBL3697829,CN1CCCN(CC1)c2ncc3ncnc(Nc4cc(ccc4C)C(=O)Nc5ccc(C#N)c(c5)C(F)(F)F)c3n2,8.52
541,CHEMBL3697762,CN1CCCN(CC1)c2ncc3ncnc(Nc4cc(ccc4C)C(=O)Nc5ccc(F)c(c5)C(F)(F)F)c3n2,8.52
542,CHEMBL3697726,CN1CCCN(CC1)c2ncc3ncnc(Nc4cc(ccc4C)C(=O)Nc5cccc(c5)C(C)(C)C#N)c3n2,8.52
543,CHEMBL3643294,CN1CCN(CC1)c2cc(cc(c2)C(C)(C)C#N)C(=O)Nc3ccc(C)c(Nc4ncnc5cnc(nc45)N6CCOCC6)c3,8.52
544,CHEMBL3689917,CN1CCN(CC1)c2nc(N)c3ncnc(Nc4cc(ccc4C)C(=O)Nc5cc(n[nH]5)C(C)(C)C)c3n2,8.52
545,CHEMBL3689908,CN1CCN(CC1)c2nc(N)c3ncnc(Nc4cc(ccc4C)C(=O)Nc5cc(on5)C(C)(C)C)c3n2,8.52
546,CHEMBL3694031,CN1CCN(CC1)c2nc(N)c3ncnc(Nc4cc(ccc4C)C(=O)Nc5ccc(Cl)c(c5)C(F)(F)F)c3n2,8.52
547,CHEMBL3694181,COCCN(C)c1ncc2ncnc(Nc3cc(ccc3C)C(=O)Nc4ccc(N(C)CCN(C)C)c(c4)C(F)(F)F)c2n1,8.52
548,CHEMBL3694080,COCCN(C)c1ncc2ncnc(Nc3cc(ccc3OC)C(=O)Nc4ccc(OC)c(c4)C(F)(F)F)c2n1,8.52
549,CHEMBL3641132,COCCN1CCN(CC1)c2ncc3ncnc(Nc4cc(ccc4C)C(=O)Nc5cc(on5)C(C)(C)C)c3n2,8.52
550,CHEMBL3697905,COC[C@@H]1CCCN1c2ncc3ncnc(Nc4cc(ccc4C)C(=O)Nc5cc(on5)C(C)(C)C)c3n2,8.52
551,CHEMBL3641163,COc1ccc(NC(=O)c2ccc(C)c(Nc3ncnc4cnc(nc34)N(C)C5CCOC5)c2)cc1C(F)(F)F,8.52
552,CHEMBL3641158,COc1ccc(NC(=O)c2ccc(C)c(Nc3ncnc4cnc(nc34)N(C)CC5CCCO5)c2)cc1C(F)(F)F,8.52
553,CHEMBL3641169,COc1ccc(NC(=O)c2ccc(C)c(Nc3ncnc4cnc(nc34)N5CCN(CC6CCCN(C)C6)CC5)c2)cc1C(F)(F)F,8.52
554,CHEMBL3641038,COc1ccc(NC(=O)c2ccc(C)c(Nc3ncnc4cnc(nc34)N5CC[C@H](F)C5)c2)cc1C(F)(F)F,8.52
555,CHEMBL3641058,COc1ccc(NC(=O)c2ccc(C)c(Nc3ncnc4cnc(nc34)N5C[C@H]6C[C@@H]5CN6C)c2)cc1C(F)(F)F,8.52
556,CHEMBL3694077,COc1ccc(NC(=O)c2ccc(Cl)c(Nc3ncnc4cnc(NCCN(C)C)nc34)c2)cc1C(F)(F)F,8.52
557,CHEMBL3694071,COc1ccc(NC(=O)c2ccc(Cl)c(Nc3ncnc4cnc(nc34)N(C)CCN5CCCC5)c2)cc1C(F)(F)F,8.52
558,CHEMBL3694099,COc1ccc(NC(=O)c2ccc(F)c(Nc3ncnc4cnc(NCCCN5CCOCC5)nc34)c2)cc1C(F)(F)F,8.52
559,CHEMBL3641033,COc1ccc(NC(=O)c2ccc(F)c(Nc3ncnc4cnc(nc34)N5CCC(CC5)N(C)C)c2)cc1C(F)(F)F,8.52
560,CHEMBL3641030,COc1ccc(NC(=O)c2ccc(F)c(Nc3ncnc4cnc(nc34)N5CCN(CC5)C(C)C)c2)cc1C(F)(F)F,8.52
561,CHEMBL3641222,COc1ccc(cc1C(F)(F)F)C(=O)Nc2ccc(C)c(Nc3ncnc4cnc(nc34)N(C)C)c2,8.52
562,CHEMBL3641042,COc1ccc(cc1NC(=O)c2ccc(C)c(Nc3ncnc4cnc(nc34)N5CCN(CC6CCN(C)CC6)CC5)c2)C(C)(C)C,8.52
563,CHEMBL3694091,COc1ccc(cc1Nc2ncnc3cnc(NCCN4CCOCC4)nc23)C(=O)Nc5ccc(OC)c(c5)C(F)(F)F,8.52
564,CHEMBL3694084,COc1ccc(cc1Nc2ncnc3cnc(nc23)N(C)CCN4CCCC4)C(=O)Nc5ccc(OC)c(c5)C(F)(F)F,8.52
565,CHEMBL3694150,COc1ccc(cc1Nc2ncnc3cnc(nc23)N4CCCCCC4)C(=O)Nc5cc(on5)C(C)(C)C,8.52
566,CHEMBL3694083,COc1ccc(cc1Nc2ncnc3cnc(nc23)N4CCCN(C)CC4)C(=O)Nc5ccc(OC)c(c5)C(F)(F)F,8.52
567,CHEMBL3641242,COc1ncc2ncnc(Nc3cc(NC(=O)c4cc(cc(c4)C(F)(F)F)N5CCN(C)CC5)ccc3C)c2n1,8.52
568,CHEMBL3641186,COc1ncc2ncnc(Nc3cc(ccc3C)C(=O)Nc4cc(n[nH]4)C(C)(C)C)c2n1,8.52
569,CHEMBL3641139,C[C@@H]1CN(C[C@H](C)N1)c2cc(NC(=O)c3ccc(C)c(Nc4ncnc5cnc(nc45)N6CCOCC6)c3)cc(c2)C(F)(F)F,8.52
570,CHEMBL3694024,Cc1ccc(cc1Nc2ncnc3c(N)nc(nc23)N4CCCN(CC4)c5ccccn5)C(=O)Nc6cccc(c6)C(F)(F)F,8.52
571,CHEMBL3694167,Cc1ccc(cc1Nc2ncnc3cnc(NCc4ccccc4)nc23)C(=O)Nc5cc(CN6CCCC6)cc(c5)C(F)(F)F,8.52
572,CHEMBL3641137,Cc1ccc(cc1Nc2ncnc3cnc(NCc4ccccc4)nc23)C(=O)Nc5cc(ccn5)C(F)(F)F,8.52
573,CHEMBL3641101,Cc1ccc(cc1Nc2ncnc3cnc(nc23)N4CCC(CC4)N5CCCCC5)C(=O)Nc6cc(on6)C(C)(C)C,8.52
574,CHEMBL3641204,Cc1ccc(cc1Nc2ncnc3cnc(nc23)N4CCC(CN5CCCC5)CC4)C(=O)Nc6cc(n[nH]6)C(C)(C)C,8.52
575,CHEMBL3641208,Cc1ccc(cc1Nc2ncnc3cnc(nc23)N4CCC(CN5CCCC5)CC4)C(=O)Nc6ccnc(c6)C(C)(C)C,8.52
576,CHEMBL3697759,Cc1ccc(cc1Nc2ncnc3cnc(nc23)N4CCCCC4)C(=O)Nc5cccc(c5)C(C)(C)C#N,8.52
577,CHEMBL3641100,Cc1ccc(cc1Nc2ncnc3cnc(nc23)N4CCN5CCCC5C4)C(=O)Nc6cc(on6)C(C)(C)C,8.52
578,CHEMBL3641144,Cc1ccc(cc1Nc2ncnc3cnc(nc23)N4CCOCC4)C(=O)Nc5cc(OCCN6CCOCC6)cc(c5)C(F)(F)F,8.52
579,CHEMBL3641140,Cc1ccc(cc1Nc2ncnc3cnc(nc23)N4CCOCC4)C(=O)Nc5cc(cc(c5)C(F)(F)F)N6CCOCC6,8.52
580,CHEMBL3641123,Cc1ccc(cc1Nc2ncnc3cnc(nc23)N4CC[C@H](F)C4)C(=O)Nc5cc(n[nH]5)C(C)(C)C,8.52
581,CHEMBL3697831,Cc1ccc(cc1Nc2ncnc3cnc(nc23)N4CC[C@H](F)C4)C(=O)Nc5ccc(F)c(c5)C(F)(F)F,8.52
582,CHEMBL3641076,Cc1cn(cn1)c2cc(NC(=O)c3ccc(C)c(Nc4ncnc5cnc(nc45)N6CCC(F)(F)C6)c3)cc(c2)C(F)(F)F,8.52
583,CHEMBL1946171,Cn1c(Nc2ccc(cc2)C(F)(F)F)nc3ccc(Oc4ccnc(c4)c5cnc([nH]5)C(F)(F)F)cc13,8.52
584,CHEMBL3354393,FC(F)(F)c1cc(ccc1Cl)C(=O)Nc2cccc(Nc3ncccc3c4ncnc5[nH]cnc45)c2,8.52
585,CHEMBL3582396,Fc1ccc(NS(=O)(=O)c2cccnc2)c(F)c1C#Cc3cnc4[nH]nc(c5ccncc5)c4c3,8.52
586,CHEMBL3764101,Cl.Cl.NCc1cc(cc(c1)C(F)(F)F)C(=O)N[C@@H]2CCc3ccc(Oc4ccnc5NC(=O)CCc45)cc3C2,8.54
587,CHEMBL3765708,Cl.FC(F)(F)c1cc(cc(c1)c2cn[nH]c2)C(=O)N[C@@H]3CCc4ccc(Oc5ccnc6NC(=O)CCc56)cc4C3,8.54
588,CHEMBL497700,Cn1cc(c2ccc3\C(=N\O)\CCc3c2)c(n1)c4ccnc(O)c4,8.54
589,CHEMBL3354389,FC(F)(F)c1cccc(NC(=O)c2ccc(Cl)c(Nc3ncccc3c4ncnc5[nH]cnc45)c2)c1,8.56
590,CHEMBL515796,COCCN1CCC(CC1)c2oc(c3ccncc3)c(c2)c4ccc5\C(=N\O)\CCc5c4,8.57
591,CHEMBL3354394,Cc1ccc(NC(=O)c2ccc(Cl)c(c2)C(F)(F)F)cc1Nc3ncccc3c4ncnc5[nH]cnc45,8.57
592,CHEMBL3764357,Cl.Cl.CN(C)Cc1cc(cc(c1)C(F)(F)F)C(=O)N[C@@H]2CCc3ccc(Oc4ccnc5NC(=O)CCc45)cc3C2,8.57
593,CHEMBL3354837,Cc1ccc(NC(=O)c2ccc(Cl)c(C)c2)cc1Nc3ncccc3c4ncnc5[nH]cnc45,8.59
594,CHEMBL523411,CCn1cc(c2ccnc3[nH]ccc23)c(n1)c4cccc(NC(=O)Nc5ccc(cc5)C(F)(F)F)c4,8.6
595,CHEMBL3354835,Cc1ccc(NC(=O)c2cccc(c2)C(F)(F)F)cc1Nc3ncccc3c4ncnc5[nH]cnc45,8.6
596,CHEMBL1964267,CN(C)CCOc1ccc(cc1)c2cc(c3ccncc3)c([nH]2)c4ccc5\C(=N\O)\CCc5c4,8.62
597,CHEMBL496276,NCCn1cc(c2ccc3\C(=N\O)\CCc3c2)c(n1)c4ccncc4,8.62
598,CHEMBL477149,O\N=C\1/CCc2cc(ccc12)c3cc(oc3c4ccncc4)C5CCNCC5,8.62
599,CHEMBL1276191,C(N1C[C@@H]2C[C@H]1CN2)c3ccc(cc3)c4ccnc5c(c6cccc7[nH]ncc67)c(nn45)c8ccncc8,8.64
600,CHEMBL3764238,Cl.Cl.CNCc1cc(cc(c1)C(F)(F)F)C(=O)N[C@@H]2CCc3ccc(Oc4ccnc5NC(=O)CCc45)cc3C2,8.66
601,CHEMBL3764870,Cl.Cl.OC1(CNC1)c2cc(cc(c2)C(F)(F)F)C(=O)N[C@@H]3CCc4ccc(Oc5ccnc6NC(=O)CCc56)cc4C3,8.66
602,CHEMBL456350,CCn1cc(c2ccnc3[nH]ccc23)c(n1)c4cccc(NC(=O)Nc5cccc(OC)c5)c4,8.68
603,CHEMBL3764895,Cl.Cl.CC(C)(N)c1cc(cc(c1)C(F)(F)F)C(=O)N[C@@H]2CCc3ccc(Oc4ccnc5NC(=O)CCc45)cc3C2,8.68
604,CHEMBL3763694,Cl.Cl.Cn1cnc(c1)c2cc(cc(c2)C(F)(F)F)C(=O)N[C@@H]3CCc4ccc(Oc5ccnc6NC(=O)CCc56)cc4C3,8.68
605,CHEMBL3763646,Cl.Cn1cc(cn1)c2cc(cc(c2)C(F)(F)F)C(=O)N[C@@H]3CCc4ccc(Oc5ccnc6NC(=O)CCc56)cc4C3,8.68
606,CHEMBL496479,Cn1cc(c2ccc3\C(=N\O)\CCc3c2)c(n1)c4ccnc(N)c4,8.68
607,CHEMBL571748,OC(=O)[C@H]1CCCN1C(=O)N2C3CCC2CC(C3)c4ccnc5c(c6cccc7[nH]ncc67)c(nn45)c8ccncc8,8.68
608,CHEMBL3694141,CC(C)(C)c1onc(NC(=O)c2ccc(Cl)c(Nc3ncnc4cnc(NCCN5CCOCC5)nc34)c2)c1,8.7
609,CHEMBL3694174,CC(C)CNc1ncc2ncnc(Nc3cc(ccc3C)C(=O)Nc4cc(CN5CCCC5)cc(c4)C(F)(F)F)c2n1,8.7
610,CHEMBL3694196,CC(C)CNc1ncc2ncnc(Nc3cc(ccc3C)C(=O)Nc4ccc(N(C)CCN(C)C)c(c4)C(F)(F)F)c2n1,8.7
611,CHEMBL3641135,CC(C)CNc1ncc2ncnc(Nc3cc(ccc3C)C(=O)Nc4cccc(c4)C(C)(C)C#N)c2n1,8.7
612,CHEMBL3335385,CC(C)N1CCC(CC1)C(=O)Nc2cc(Oc3ccc4c(c3)nc(Nc5cc(ccc5F)C(F)(F)F)n4C)ccn2,8.7
613,CHEMBL3641084,CC(C)N1CCN(CC1)c2cc(NC(=O)c3ccc(C)c(Nc4ncnc5cnc(nc45)N6CCOCC6)c3)cc(c2)C(F)(F)F,8.7
614,CHEMBL3641108,CC(C)N1CCN(CC1)c2ncc3ncnc(Nc4cc(ccc4C)C(=O)Nc5cc(on5)C(C)(C)C)c3n2,8.7
615,CHEMBL3694019,CC1CN(CC(C)N1)c2nc(N)c3ncnc(Nc4cc(ccc4C)C(=O)Nc5cccc(c5)C(F)(F)F)c3n2,8.7
616,CHEMBL3651702,CCCS(=O)(=O)Nc1cccc(c1F)c2[nH]c(nc2c3ccnc(NCCC(=O)N)n3)C4CC4,8.7
617,CHEMBL3694179,CCN(CC)c1ncc2ncnc(Nc3cc(ccc3C)C(=O)Nc4cc(CN5CCCC5)cc(c4)C(F)(F)F)c2n1,8.7
618,CHEMBL3694034,CCN1CCN(CC1)c2cc(NC(=O)c3ccc(C)c(Nc4ncnc5c(N)nc(nc45)N6CCOCC6)c3)cc(c2)C(F)(F)F,8.7
619,CHEMBL3641091,CCN1CCN(CC1)c2cc(NC(=O)c3ccc(C)c(Nc4ncnc5cnc(nc45)N(C)CCOC)c3)cc(c2)C(F)(F)F,8.7
620,CHEMBL3641067,CCN1CCN(CC1)c2cc(NC(=O)c3ccc(C)c(Nc4ncnc5cnc(nc45)N6CCOCC6)c3)cc(c2)C(F)(F)F,8.7
621,CHEMBL3643293,CCN1CCN(CC1)c2cc(cc(c2)C(C)(C)C#N)C(=O)Nc3ccc(C)c(Nc4ncnc5cnc(nc45)N6CCOCC6)c3,8.7
622,CHEMBL3641107,CCN1CCN(CC1)c2ncc3ncnc(Nc4cc(ccc4C)C(=O)Nc5cc(on5)C(C)(C)C)c3n2,8.7
623,CHEMBL585334,CCOC(=O)N1C2CCC1CC(C2)c3ccnc4c(c5cccc6[nH]ncc56)c(nn34)c7ccncc7,8.7
624,CHEMBL3641026,CN(C)C1CCN(C1)c2ncc3ncnc(Nc4cc(ccc4F)C(=O)Nc5cc(on5)C(C)(C)C)c3n2,8.7
625,CHEMBL3641111,CN(C)C1CCN(CC1)c2ncc3ncnc(Nc4cc(ccc4C)C(=O)Nc5cc(on5)C(C)(C)C)c3n2,8.7
626,CHEMBL3641224,CN(C)CCCN(C)c1ncc2ncnc(Nc3cc(NC(=O)c4cccc(c4)C(C)(C)C#N)ccc3C)c2n1,8.7
627,CHEMBL3697724,CN(C)CCN(C)c1cc(NC(=O)c2ccc(C)c(Nc3ncnc4cnc(NCC(F)(F)F)nc34)c2)cc(c1)C(F)(F)F,8.7
628,CHEMBL3697719,CN(C)CCN(C)c1cc(NC(=O)c2ccc(C)c(Nc3ncnc4cnc(NCc5ccccn5)nc34)c2)cc(c1)C(F)(F)F,8.7
629,CHEMBL3697721,CN(C)CCN(C)c1cc(NC(=O)c2ccc(C)c(Nc3ncnc4cnc(nc34)N(C)C)c2)cc(c1)C(F)(F)F,8.7
630,CHEMBL3694226,CN(C)CCN(C)c1cc(NC(=O)c2ccc(C)c(Nc3ncnc4cnc(nc34)N5CCC(F)CC5)c2)cc(c1)C(F)(F)F,8.7
631,CHEMBL3694191,CN(C)CCN(C)c1ccc(NC(=O)c2ccc(C)c(Nc3ncnc4cnc(NCc5cccnc5)nc34)c2)cc1C(F)(F)F,8.7
632,CHEMBL3694184,CN(C)CCN(C)c1ccc(NC(=O)c2ccc(C)c(Nc3ncnc4cnc(nc34)N5CCC5)c2)cc1C(F)(F)F,8.7
633,CHEMBL3694193,CN(C)CCN(C)c1ccc(NC(=O)c2ccc(C)c(Nc3ncnc4cnc(nc34)N5CCCC5)c2)cc1C(F)(F)F,8.7
634,CHEMBL3694183,CN(C)CCN(C)c1ccc(NC(=O)c2ccc(C)c(Nc3ncnc4cnc(nc34)N5CCSCC5)c2)cc1C(F)(F)F,8.7
635,CHEMBL3697781,CN(C)CCN(C)c1ncc2ncnc(Nc3cc(ccc3C)C(=O)Nc4ccc(Cl)c(c4)C(F)(F)F)c2n1,8.7
636,CHEMBL3697783,CN(C)CCN(C)c1ncc2ncnc(Nc3cc(ccc3C)C(=O)Nc4cccc(OC(F)(F)F)c4)c2n1,8.7
637,CHEMBL3694140,CN(C)CCNc1ncc2ncnc(Nc3cc(ccc3Cl)C(=O)Nc4cc(on4)C(C)(C)C)c2n1,8.7
638,CHEMBL3694217,CN(C)CCOc1cc(NC(=O)c2ccc(C)c(Nc3ncnc4cnc(nc34)N(C)C)c2)cc(c1)C(F)(F)F,8.7
639,CHEMBL3694207,CN(C)CCOc1cc(NC(=O)c2ccc(C)c(Nc3ncnc4cnc(nc34)N5CCC(F)CC5)c2)cc(c1)C(F)(F)F,8.7
640,CHEMBL3694205,CN(C)CCOc1cc(NC(=O)c2ccc(C)c(Nc3ncnc4cnc(nc34)N5CCC5)c2)cc(c1)C(F)(F)F,8.7
641,CHEMBL3694212,CN(C)CCOc1cc(NC(=O)c2ccc(C)c(Nc3ncnc4cnc(nc34)N5CCCC5)c2)cc(c1)C(F)(F)F,8.7
642,CHEMBL3697864,CN(C)S(=O)(=O)c1cccc(NC(=O)c2ccc(C)c(Nc3ncnc4cnc(nc34)N5CCOCC5)c2)c1,8.7
643,CHEMBL3694177,CN(C)c1ncc2ncnc(Nc3cc(ccc3C)C(=O)Nc4cc(CN5CCCC5)cc(c4)C(F)(F)F)c2n1,8.7
644,CHEMBL3641200,CN(C1CC(C1)N2CCN(C)CC2)c3ncc4ncnc(Nc5cc(ccc5C)C(=O)Nc6cc(on6)C(C)(C)C)c4n3,8.7
645,CHEMBL3641133,CN(CCF)c1ncc2ncnc(Nc3cc(ccc3C)C(=O)Nc4cc(cc(c4)C(F)(F)F)N5CCN(C)CC5)c2n1,8.7
646,CHEMBL3694053,CN1CCC(CC1)N2CCN(CC2)c3nc(N)c4ncnc(Nc5cc(NC(=O)c6cccc(c6)C(F)(F)F)ccc5C)c4n3,8.7
647,CHEMBL3689911,CN1CCC(CC1)N2CCN(CC2)c3nc(N)c4ncnc(Nc5cc(ccc5C)C(=O)Nc6cc(n[nH]6)C(C)(C)C)c4n3,8.7
648,CHEMBL3689907,CN1CCC(CN2CCN(CC2)c3nc(N)c4ncnc(Nc5cc(ccc5C)C(=O)Nc6ccc(cc6)C(F)(F)F)c4n3)CC1,8.7
649,CHEMBL3641045,CN1CCC(CN2CCN(CC2)c3ncc4ncnc(Nc5cc(ccc5C)C(=O)Nc6cc(n[nH]6)C(C)(C)C)c4n3)CC1,8.7
650,CHEMBL3641086,CN1CCCN(CC1)c2cc(NC(=O)c3ccc(C)c(Nc4ncnc5cnc(nc45)N6CCOCC6)c3)cc(c2)C(F)(F)F,8.7
651,CHEMBL3697763,CN1CCCN(CC1)c2ncc3ncnc(Nc4cc(ccc4C)C(=O)Nc5cccc(c5)C(F)(F)F)c3n2,8.7
652,CHEMBL3697925,CN1CCN(CC1)c2cc(NC(=O)c3ccc(F)c(Nc4ncnc5cnc(nc45)N6CCOCC6)c3)cc(c2F)C(F)(F)F,8.7
653,CHEMBL3694030,CN1CCN(CC1)c2nc(N)c3ncnc(Nc4cc(ccc4C)C(=O)Nc5cc(ccn5)C(F)(F)F)c3n2,8.7
654,CHEMBL3694037,CN1CCN(CC1)c2nc(N)c3ncnc(Nc4cc(ccc4C)C(=O)Nc5cccc(c5)C(C)(C)C)c3n2,8.7
655,CHEMBL3641119,CN1CCN(CC1)c2ncc3ncnc(Nc4cc(ccc4C)C(=O)Nc5cc(on5)C(C)(C)C)c3n2,8.7
656,CHEMBL3697856,CN1CCN(CC1)c2ncc3ncnc(Nc4cc(ccc4C)C(=O)Nc5ccc(C#N)c(c5)C(F)(F)F)c3n2,8.7
657,CHEMBL3697850,CN1CCN(CC1)c2ncc3ncnc(Nc4cc(ccc4C)C(=O)Nc5cccc(c5)C(C)(C)C#N)c3n2,8.7
658,CHEMBL3697863,CN1CCN(CC1)c2ncc3ncnc(Nc4cc(ccc4F)C(=O)Nc5cc(on5)C(C)(C)C)c3n2,8.7
659,CHEMBL1276175,CN1C[C@@H]2C[C@H]1CN2c3ccc(cc3C(F)(F)F)c4ccnc5c(c6cccc7[nH]ncc67)c(nn45)c8ccncc8,8.7
660,CHEMBL3641113,CN1C[C@H]2C[C@@H]1CN2c3ncc4ncnc(Nc5cc(ccc5C)C(=O)Nc6cc(on6)C(C)(C)C)c4n3,8.7
661,CHEMBL3651682,COC(=O)N[C@@H](C)CNc1nccc(n1)c2nc([nH]c2c3cc(F)cc(NS(=O)(=O)C)c3Cl)c4ccc(cc4)C(F)(F)F,8.7
662,CHEMBL3694160,COCCN(C)c1ncc2ncnc(Nc3cc(ccc3C)C(=O)Nc4cc(CN5CCCC5)cc(c4)C(F)(F)F)c2n1,8.7
663,CHEMBL3694203,COCCN(C)c1ncc2ncnc(Nc3cc(ccc3C)C(=O)Nc4cc(OCCN(C)C)cc(c4)C(F)(F)F)c2n1,8.7
664,CHEMBL3641093,COCCN(C)c1ncc2ncnc(Nc3cc(ccc3C)C(=O)Nc4cc(ccn4)C(F)(F)F)c2n1,8.7
665,CHEMBL3641087,COCCN(C)c1ncc2ncnc(Nc3cc(ccc3C)C(=O)Nc4cc(nn4C)C(C)(C)C)c2n1,8.7
666,CHEMBL3641088,COCCN(C)c1ncc2ncnc(Nc3cc(ccc3C)C(=O)Nc4cccc(c4)C(F)(F)F)c2n1,8.7
667,CHEMBL3694067,COCCN(C)c1ncc2ncnc(Nc3cc(ccc3Cl)C(=O)Nc4ccc(OC)c(c4)C(F)(F)F)c2n1,8.7
668,CHEMBL3694147,COCCN(C)c1ncc2ncnc(Nc3cc(ccc3F)C(=O)Nc4cc(on4)C(C)(C)C)c2n1,8.7
669,CHEMBL3694093,COCCN(C)c1ncc2ncnc(Nc3cc(ccc3F)C(=O)Nc4ccc(OC)c(c4)C(F)(F)F)c2n1,8.7
670,CHEMBL3641147,COCCN1CCN(CC1)c2ncc3ncnc(Nc4cc(ccc4C)C(=O)Nc5ccc(C#N)c(c5)C(F)(F)F)c3n2,8.7
671,CHEMBL3641054,COCCN1CCN(CC1)c2ncc3ncnc(Nc4cc(ccc4C)C(=O)Nc5ccc(OC)c(c5)C(F)(F)F)c3n2,8.7
672,CHEMBL3641029,COCCN1CCN(CC1)c2ncc3ncnc(Nc4cc(ccc4F)C(=O)Nc5ccc(OC)c(c5)C(F)(F)F)c3n2,8.7
673,CHEMBL3641160,COC[C@@H]1CCCN1c2ncc3ncnc(Nc4cc(ccc4C)C(=O)Nc5ccc(OC)c(c5)C(F)(F)F)c3n2,8.7
674,CHEMBL3641154,COc1c(CN2CCCC2)cc(cc1NC(=O)c3ccc(C)c(Nc4ncnc5cnc(nc45)N6CCOCC6)c3)C(F)(F)F,8.7
675,CHEMBL3641182,COc1ccc(NC(=O)c2ccc(C)c(Nc3ncnc4cnc(OC)nc34)c2)cc1C(F)(F)F,8.7
676,CHEMBL3641177,COc1ccc(NC(=O)c2ccc(C)c(Nc3ncnc4cnc(nc34)N5CCC(C5)N(C)C)c2)cc1C(F)(F)F,8.7
677,CHEMBL3641071,COc1ccc(NC(=O)c2ccc(C)c(Nc3ncnc4cnc(nc34)N5CCCC5)c2)cc1C(F)(F)F,8.7
678,CHEMBL3694064,COc1ccc(NC(=O)c2ccc(C)c(Nc3ncnc4cnc(nc34)N5CCN(C)CC5)c2)cc1C(F)(F)F,8.7
679,CHEMBL3641063,COc1ccc(NC(=O)c2ccc(C)c(Nc3ncnc4cnc(nc34)N5CCN(CC5)C(C)C)c2)cc1C(F)(F)F,8.7
680,CHEMBL3641168,COc1ccc(NC(=O)c2ccc(C)c(Nc3ncnc4cnc(nc34)N5CCN(CCCN6CCCC6)CC5)c2)cc1C(F)(F)F,8.7
681,CHEMBL3641062,COc1ccc(NC(=O)c2ccc(C)c(Nc3ncnc4cnc(nc34)N5C[C@@H](C)N[C@@H](C)C5)c2)cc1C(F)(F)F,8.7
682,CHEMBL3694079,COc1ccc(NC(=O)c2ccc(Cl)c(Nc3ncnc4cnc(nc34)N(C)C)c2)cc1C(F)(F)F,8.7
683,CHEMBL3694068,COc1ccc(NC(=O)c2ccc(Cl)c(Nc3ncnc4cnc(nc34)N(C)CCN(C)C)c2)cc1C(F)(F)F,8.7
684,CHEMBL3694075,COc1ccc(NC(=O)c2ccc(Cl)c(Nc3ncnc4cnc(nc34)N5CCOCC5)c2)cc1C(F)(F)F,8.7
685,CHEMBL3694102,COc1ccc(NC(=O)c2ccc(F)c(Nc3ncnc4cnc(NCCN(C)C)nc34)c2)cc1C(F)(F)F,8.7
686,CHEMBL3694103,COc1ccc(NC(=O)c2ccc(F)c(Nc3ncnc4cnc(NCCN5CCOCC5)nc34)c2)cc1C(F)(F)F,8.7
687,CHEMBL3694097,COc1ccc(NC(=O)c2ccc(F)c(Nc3ncnc4cnc(nc34)N5CCN(C)CC5)c2)cc1C(F)(F)F,8.7
688,CHEMBL3697771,COc1ccc(cc1NC(=O)c2ccc(C)c(Nc3ncnc4cnc(nc34)N5CCCN(C)CC5)c2)C(C)(C)C,8.7
689,CHEMBL3697887,COc1ccc(cc1NC(=O)c2ccc(C)c(Nc3ncnc4cnc(nc34)N5CCNCC5)c2)C(C)(C)C,8.7
690,CHEMBL3697833,COc1ccc(cc1NC(=O)c2ccc(C)c(Nc3ncnc4cnc(nc34)N5CC[C@H](F)C5)c2)C(F)(F)F,8.7
691,CHEMBL3694092,COc1ccc(cc1Nc2ncnc3cnc(nc23)N(C)C)C(=O)Nc4ccc(OC)c(c4)C(F)(F)F,8.7
692,CHEMBL3694159,COc1ccc(cc1Nc2ncnc3cnc(nc23)N4CCCN(C)CC4)C(=O)Nc5cc(on5)C(C)(C)C,8.7
693,CHEMBL3694158,COc1ccc(cc1Nc2ncnc3cnc(nc23)N4CCN(C)CC4)C(=O)Nc5cc(on5)C(C)(C)C,8.7
694,CHEMBL3694144,COc1ccc(cc1Nc2ncnc3cnc(nc23)N4CCOCC4)C(=O)Nc5cc(on5)C(C)(C)C,8.7
695,CHEMBL3694088,COc1ccc(cc1Nc2ncnc3cnc(nc23)N4CCOCC4)C(=O)Nc5ccc(OC)c(c5)C(F)(F)F,8.7
696,CHEMBL3641240,COc1ncc2ncnc(Nc3cc(NC(=O)c4cccc(c4)C(C)(C)C#N)ccc3C)c2n1,8.7
697,CHEMBL3641184,COc1ncc2ncnc(Nc3cc(ccc3C)C(=O)Nc4cc(cc(c4)C(F)(F)F)N(C)CCN(C)C)c2n1,8.7
698,CHEMBL3641180,COc1ncc2ncnc(Nc3cc(ccc3C)C(=O)Nc4cc(cc(c4)C(F)(F)F)N5CCN(CC5)C(C)C)c2n1,8.7
699,CHEMBL3641187,COc1ncc2ncnc(Nc3cc(ccc3C)C(=O)Nc4cc(on4)C(C)(C)C)c2n1,8.7
700,CHEMBL3689934,C[C@@H]1CN(C[C@H](C)N1)c2nc(N)c3ncnc(Nc4cc(ccc4C)C(=O)Nc5cc(n[nH]5)C(C)(C)C)c3n2,8.7
701,CHEMBL3641112,C[C@@H]1CN(C[C@H](C)N1)c2ncc3ncnc(Nc4cc(ccc4C)C(=O)Nc5cc(on5)C(C)(C)C)c3n2,8.7
702,CHEMBL3641238,Cc1ccc(NC(=O)c2cccc(c2)C(C)(C)C#N)cc1Nc3ncnc4cnc(NC5CCOCC5)nc34,8.7
703,CHEMBL3641233,Cc1ccc(NC(=O)c2cccc(c2)C(C)(C)C#N)cc1Nc3ncnc4cnc(nc34)N5CCC(F)(F)C5,8.7
704,CHEMBL3641227,Cc1ccc(NC(=O)c2cccc(c2)C(C)(C)C#N)cc1Nc3ncnc4cnc(nc34)N5CCN(CC5)C6CC6,8.7
705,CHEMBL3641234,Cc1ccc(NC(=O)c2cccc(c2)C(C)(C)C#N)cc1Nc3ncnc4cnc(nc34)N5CC[C@@H](F)C5,8.7
706,CHEMBL3641235,Cc1ccc(NC(=O)c2cccc(c2)C(C)(C)C#N)cc1Nc3ncnc4cnc(nc34)N5CC[C@H](F)C5,8.7
707,CHEMBL3689933,Cc1ccc(cc1Nc2ncnc3c(N)nc(nc23)N4CCN5CCCC5C4)C(=O)Nc6cc(n[nH]6)C(C)(C)C,8.7
708,CHEMBL3694026,Cc1ccc(cc1Nc2ncnc3c(N)nc(nc23)N4C[C@@H]5C[C@H]4CN5)C(=O)Nc6cc(n[nH]6)C(C)(C)C,8.7
709,CHEMBL3697904,Cc1ccc(cc1Nc2ncnc3cnc(NCC4CCCCO4)nc23)C(=O)Nc5cc(on5)C(C)(C)C,8.7
710,CHEMBL3697902,Cc1ccc(cc1Nc2ncnc3cnc(NCC4CCOC4)nc23)C(=O)Nc5cc(on5)C(C)(C)C,8.7
711,CHEMBL3694180,Cc1ccc(cc1Nc2ncnc3cnc(NCCc4ccccc4)nc23)C(=O)Nc5cc(CN6CCCC6)cc(c5)C(F)(F)F,8.7
712,CHEMBL3641127,Cc1ccc(cc1Nc2ncnc3cnc(NCc4ccccc4)nc23)C(=O)Nc5cc(n[nH]5)C(C)(C)C,8.7
713,CHEMBL3641056,Cc1ccc(cc1Nc2ncnc3cnc(NCc4ccccc4)nc23)C(=O)Nc5cc(nn5C)C(C)(C)C,8.7
714,CHEMBL3641136,Cc1ccc(cc1Nc2ncnc3cnc(NCc4ccccc4)nc23)C(=O)Nc5cc(on5)C(C)(C)C,8.7
715,CHEMBL3694175,Cc1ccc(cc1Nc2ncnc3cnc(NCc4ccccn4)nc23)C(=O)Nc5cc(CN6CCCC6)cc(c5)C(F)(F)F,8.7
716,CHEMBL3694176,Cc1ccc(cc1Nc2ncnc3cnc(NCc4ccncc4)nc23)C(=O)Nc5cc(CN6CCCC6)cc(c5)C(F)(F)F,8.7
717,CHEMBL3641106,Cc1ccc(cc1Nc2ncnc3cnc(nc23)N4CCC(CC4)N5CCCC5)C(=O)Nc6cc(on6)C(C)(C)C,8.7
718,CHEMBL3694165,Cc1ccc(cc1Nc2ncnc3cnc(nc23)N4CCC(F)CC4)C(=O)Nc5cc(CN6CCCC6)cc(c5)C(F)(F)F,8.7
719,CHEMBL3694171,Cc1ccc(cc1Nc2ncnc3cnc(nc23)N4CCCC4)C(=O)Nc5cc(CN6CCCC6)cc(c5)C(F)(F)F,8.7
720,CHEMBL3697821,Cc1ccc(cc1Nc2ncnc3cnc(nc23)N4CCCC4)C(=O)Nc5cc(ccn5)C(F)(F)F,8.7
721,CHEMBL3697818,Cc1ccc(cc1Nc2ncnc3cnc(nc23)N4CCCC4)C(=O)Nc5cccc(c5)C(C)(C)C,8.7
722,CHEMBL3694168,Cc1ccc(cc1Nc2ncnc3cnc(nc23)N4CCCCC4)C(=O)Nc5cc(CN6CCCC6)cc(c5)C(F)(F)F,8.7
723,CHEMBL3697794,Cc1ccc(cc1Nc2ncnc3cnc(nc23)N4CCCCC4)C(=O)Nc5cccc(c5)C(C)(C)C,8.7
724,CHEMBL3697911,Cc1ccc(cc1Nc2ncnc3cnc(nc23)N4CCCOCC4)C(=O)Nc5cc(on5)C(C)(C)C,8.7
725,CHEMBL3641143,Cc1ccc(cc1Nc2ncnc3cnc(nc23)N4CCOCC4)C(=O)Nc5cc(CN6CCCC6)c(Cl)c(c5)C(F)(F)F,8.7
726,CHEMBL3697881,Cc1ccc(cc1Nc2ncnc3cnc(nc23)N4CCOCC4)C(=O)Nc5ccc(Cl)c(c5)C(F)(F)F,8.7
727,CHEMBL3697738,Cc1ccc(cc1Nc2ncnc3cnc(nc23)N4CCOCC4)C(=O)Nc5ccc6N(CCN7CCCC7)C(=O)C(C)(C)c6c5,8.7
728,CHEMBL3697752,Cc1ccc(cc1Nc2ncnc3cnc(nc23)N4CC[C@@H](F)C4)C(=O)Nc5cccc(c5)C(C)(C)C#N,8.7
729,CHEMBL3641082,Cc1ccc(cc1Nc2ncnc3cnc(nc23)N4CC[C@H](F)C4)C(=O)Nc5cc(CN6CCCC6)cc(c5)C(F)(F)F,8.7
730,CHEMBL3643295,Cc1ccc(cc1Nc2ncnc3cncnc23)C(=O)Nc4cc(on4)C(C)(C)C,8.7
731,CHEMBL3697909,Cc1cn(cn1)c2ncc3ncnc(Nc4cc(ccc4C)C(=O)Nc5cc(on5)C(C)(C)C)c3n2,8.7
732,CHEMBL3697927,Cn1nc(cc1NC(=O)c2ccc(F)c(Nc3ncnc4cnc(NC5CCOC5)nc34)c2)C(C)(C)C,8.7
733,CHEMBL3697924,Cn1nc(cc1NC(=O)c2ccc(F)c(Nc3ncnc4cnc(nc34)N5CCOCC5)c2)C(C)(C)C,8.7
734,CHEMBL3765355,FC(F)(F)c1cc(cc(c1)c2cnc[nH]2)C(=O)N[C@@H]3CCc4ccc(Oc5ccnc6NC(=O)CCc56)cc4C3,8.7
735,CHEMBL3799949,Fc1ccc(NS(=O)(=O)N2CCCC2)c(F)c1Nc3ncccc3c4ncnc5[nH]cnc45,8.7
736,CHEMBL3800081,Fc1ccc(NS(=O)(=O)c2nccs2)c(F)c1Nc3ncccc3c4ncnc5[nH]cnc45,8.7
737,CHEMBL1780173,O[C@@H]1CCC[C@@H](C1)n2cc(c3ccc4c(Cc5c[nH]nc45)c3)c(n2)c6ccncc6,8.7
738,CHEMBL1088289,Oc1cccc(c1)c2c(nn3c(ccnc23)c4ccc(NCC56CCN(CC5)CC6)cc4)c7ccncc7,8.7
739,CHEMBL1276174,CN1C[C@@H]2C[C@H]1CN2c3ccc(cc3F)c4ccnc5c(c6cccc7[nH]ncc67)c(nn45)c8ccncc8,8.72
740,CHEMBL3765509,Cl.Cl.CCNCc1cc(cc(c1)C(F)(F)F)C(=O)N[C@@H]2CCc3ccc(Oc4ccnc5NC(=O)CCc45)cc3C2,8.72
741,CHEMBL3354838,Cc1ccc(NC(=O)c2cccc(Cl)c2)cc1Nc3ncccc3c4ncnc5[nH]cnc45,8.75
742,CHEMBL3765012,Cl.Cl.NC1(CCC1)c2cc(cc(c2)C(F)(F)F)C(=O)N[C@@H]3CCc4ccc(Oc5ccnc6NC(=O)CCc56)cc4C3,8.75
743,CHEMBL3763999,Cl.N[C@H](CO)c1cc(cc(c1)C(F)(F)F)C(=O)N[C@@H]2CCc3ccc(Oc4ccnc5NC(=O)CCc45)cc3C2,8.77
744,CHEMBL1794071,Cl.ON=C1CCc2cc(ccc12)c3nc([nH]c3c4ccncc4)C5CCNCC5,8.77
745,CHEMBL585148,COC(=O)C1CC2N(C)C1Cc3cnc4c(c5ccc(Cl)c(O)c5)c(nn4c23)c6ccncc6,8.8
746,CHEMBL3354391,Clc1ccc(NC(=O)c2ccc(Cl)c(Nc3ncccc3c4ncnc5[nH]cnc45)c2)cc1Cl,8.8
747,CHEMBL1780177,F[C@@H]1CNCC[C@H]1n2cc(c3ccc4c(Cc5c[nH]nc45)c3)c(n2)c6ccncc6,8.8
748,CHEMBL3354387,Cc1ccc(cc1Nc2ncccc2c3ncnc4[nH]cnc34)C(=O)Nc5ccc(cc5)C(F)(F)F,8.82
749,CHEMBL3764588,Cl.Cn1nccc1c2cc(cc(c2)C(F)(F)F)C(=O)N[C@@H]3CCc4ccc(Oc5ccnc6NC(=O)CCc56)cc4C3,8.82
750,CHEMBL523261,Cn1cc(c2ccc3c(Cc4c[nH]nc34)c2)c(n1)c5ccncc5,8.82
751,CHEMBL1087510,Oc1cccc(c1)c2c(nn3c(ccnc23)c4ccc(N[C@@H]5CN6CCC5CC6)cc4)c7ccncc7,8.82
752,CHEMBL1276182,CN1C[C@@H]2C[C@H]1CC2c3cc(F)ccc3c4ccnc5c(c6cccc7[nH]ncc67)c(nn45)c8ccncc8,8.85
753,CHEMBL1276172,CN1C[C@@H]2C[C@H]1CN2c3ccc(c4ccnc5c(c6cccc7[nH]ncc67)c(nn45)c8ccncc8)c(c3)C(F)(F)F,8.85
754,CHEMBL1780161,Cn1cc(c2ccc3c(O)cccc3c2)c(n1)c4ccncc4,8.85
755,CHEMBL515491,O\N=C\1/CCc2cc(ccc12)c3nc([nH]c3c4ccncc4)C(=O)NCCN5CCOCC5,8.85
756,CHEMBL3651614,COC(=O)N[C@@H](C)CNc1nccc(n1)c2nc([nH]c2c3cc(Cl)cc(NS(=O)(=O)C(C)C)c3)C(C)(C)C,8.87
757,CHEMBL515322,CN(C)Cc1cccc(NC(=O)c2nc(c3ccc4\C(=N\O)\CCc4c3)c([nH]2)c5ccncc5)c1,8.89
758,CHEMBL3613309,CNS(=O)(=O)c1ccc(N2CCOCC2)c(Nc3ncnc4[nH]c(cc34)c5cccc(c5)C(F)(F)F)c1,8.89
759,CHEMBL3613199,CNS(=O)(=O)c1ccc(N2CCOCC2)c(Nc3ncnc4[nH]cc(C)c34)c1,8.89
760,CHEMBL3354385,Cc1ccc(cc1Nc2ncccc2c3ncnc4[nH]cnc34)C(=O)Nc5cccc(Cl)c5,8.89
761,CHEMBL372543,O\N=C/1\CCc2cc(ccc12)c3[nH]c(nc3c4ccncc4)c5ccccc5,8.89
762,CHEMBL1780180,F[C@H]1CNCC[C@@H]1n2cc(c3ccc4c(Cc5c[nH]nc45)c3)c(n2)c6ccncc6,8.9
763,CHEMBL1278218,CN1C[C@@H]2C[C@H]1CN2c3ccc(cc3)c4ccnc5c(c6cccc7[nH]ncc67)c(nn45)c8ccncc8,8.92
764,CHEMBL3354839,COc1cccc(c1)C(=O)Nc2ccc(C)c(Nc3ncccc3c4ncnc5[nH]cnc45)c2,8.92
765,CHEMBL1276189,Fc1cc(CN2C[C@@H]3C[C@H]2CO3)ccc1c4ccnc5c(c6cccc7[nH]ncc67)c(nn45)c8ccncc8,8.92
766,CHEMBL497670,O\N=C\1/CCc2cc(ccc12)c3cn(CC4CCNCC4)nc3c5ccncc5,8.92
767,CHEMBL496472,COCCn1cc(c2ccc3\C(=N\O)\CCc3c2)c(n1)c4ccncc4,8.94
768,CHEMBL3651632,COC(=O)N[C@@H](C)CNc1nccc(n1)c2nc([nH]c2c3cc(C)cc(NS(=O)(=O)C)c3Cl)C4CC4,8.96
769,CHEMBL3651699,COC(=O)N[C@@H](C)CNc1nccc(n1)c2nc([nH]c2c3cccc(NS(=O)(=O)CCC(F)(F)F)c3F)C(C)(C)C,8.97
770,CHEMBL3354383,Cc1ccc(cc1Nc2ncccc2c3ncnc4[nH]cnc34)C(=O)Nc5cccc(F)c5,8.99
771,CHEMBL3335381,CC(=O)Nc1cc(Oc2ccc3c(c2)nc(Nc4cc(ccc4F)C(F)(F)F)n3C)ccn1,9.0
772,CHEMBL3335379,CC(=O)Nc1cc(Oc2ccc3c(c2)nc(Nc4ccc(OC(F)(F)F)cc4)n3C)ccn1,9.0
773,CHEMBL3697926,CC(C)(C#N)c1cccc(NC(=O)c2ccc(F)c(Nc3ncnc4cnc(NC5CCOC5)nc34)c2)c1,9.0
774,CHEMBL3697931,CC(C)(C)c1cc(NC(=O)c2ccc(F)c(Nc3ncnc4cnc(nc34)N5CCOCC5)c2)[nH]n1,9.0
775,CHEMBL3694137,CC(C)(C)c1onc(NC(=O)c2ccc(Cl)c(Nc3ncnc4cnc(NCCCN5CCOCC5)nc34)c2)c1,9.0
776,CHEMBL3694138,CC(C)(C)c1onc(NC(=O)c2ccc(Cl)c(Nc3ncnc4cnc(nc34)N5CCOCC5)c2)c1,9.0
777,CHEMBL3694155,CC(C)(C)c1onc(NC(=O)c2ccc(F)c(Nc3ncnc4cnc(NCCN5CCOCC5)nc34)c2)c1,9.0
778,CHEMBL3651659,CC1(CC1)c2nc(c3ccnc(NCCC#N)n3)c([nH]2)c4cccc(NS(=O)(=O)C)c4Cl,9.0
779,CHEMBL3651649,CCCS(=O)(=O)Nc1cc(F)cc(c1Cl)c2[nH]c(nc2c3ccnc(NCC)n3)C4CC4,9.0
780,CHEMBL3651638,CCCS(=O)(=O)Nc1cc(F)cc(c1Cl)c2[nH]c(nc2c3ccnc(NC[C@H](C)NC(=O)OC)n3)C(C)(C)C,9.0
781,CHEMBL3651704,CCCS(=O)(=O)Nc1cccc(c1)c2[nH]c(nc2c3ccnc(NC[C@H](C)NC(=O)OC)n3)C4CC4,9.0
782,CHEMBL3641228,CCN1CCN(CC1)c2ncc3ncnc(Nc4cc(NC(=O)c5cccc(c5)C(C)(C)C#N)ccc4C)c3n2,9.0
783,CHEMBL3641025,CCN1CCN(CC1)c2ncc3ncnc(Nc4cc(ccc4F)C(=O)Nc5cc(on5)C(C)(C)C)c3n2,9.0
784,CHEMBL571129,CCOC(=O)N1C2CCC1CC(C2)c3ccnc4c(c5cccc(O)c5)c(nn34)c6ccncc6,9.0
785,CHEMBL3335377,CCc1ccc(Nc2nc3cc(Oc4ccnc(NC(=O)C)c4)ccc3n2C)cc1,9.0
786,CHEMBL3694033,CN(C)CCN(C)c1cc(NC(=O)c2ccc(C)c(Nc3ncnc4c(N)nc(nc34)N5CCOCC5)c2)cc(c1)C(F)(F)F,9.0
787,CHEMBL3697720,CN(C)CCN(C)c1cc(NC(=O)c2ccc(C)c(Nc3ncnc4cnc(NCc5ccncc5)nc34)c2)cc(c1)C(F)(F)F,9.0
788,CHEMBL3641068,CN(C)CCN(C)c1cc(NC(=O)c2ccc(C)c(Nc3ncnc4cnc(nc34)N5CCOCC5)c2)cc(c1)C(F)(F)F,9.0
789,CHEMBL3694142,CN(C)CCN(C)c1ncc2ncnc(Nc3cc(ccc3Cl)C(=O)Nc4cc(on4)C(C)(C)C)c2n1,9.0
790,CHEMBL3641211,CN(C)CCN1CCN(CC1)c2ncc3ncnc(Nc4cc(ccc4C)C(=O)Nc5ccc6OC(F)(F)C(F)(F)Oc6c5)c3n2,9.0
791,CHEMBL3694154,CN(C)CCNc1ncc2ncnc(Nc3cc(ccc3F)C(=O)Nc4cc(on4)C(C)(C)C)c2n1,9.0
792,CHEMBL3694209,CN(C)CCOc1cc(NC(=O)c2ccc(C)c(Nc3ncnc4cnc(NCc5ccccc5)nc34)c2)cc(c1)C(F)(F)F,9.0
793,CHEMBL3694210,CN(C)CCOc1cc(NC(=O)c2ccc(C)c(Nc3ncnc4cnc(NCc5cccnc5)nc34)c2)cc(c1)C(F)(F)F,9.0
794,CHEMBL3697793,CN(C)c1cccc(NC(=O)c2ccc(C)c(Nc3ncnc4cnc(nc34)N5CCCCC5)c2)c1,9.0
795,CHEMBL3641220,CN(C)c1ncc2ncnc(Nc3cc(NC(=O)c4cccc(c4)C(C)(C)C#N)ccc3C)c2n1,9.0
796,CHEMBL3694156,CN(C)c1ncc2ncnc(Nc3cc(ccc3F)C(=O)Nc4cc(on4)C(C)(C)C)c2n1,9.0
797,CHEMBL3641230,CN(C1CCN(C)CC1)c2ncc3ncnc(Nc4cc(NC(=O)c5cccc(c5)C(C)(C)C#N)ccc4C)c3n2,9.0
798,CHEMBL3641237,CN(C1CCOC1)c2ncc3ncnc(Nc4cc(NC(=O)c5cccc(c5)C(C)(C)C#N)ccc4C)c3n2,9.0
799,CHEMBL3697907,CN(C1CCOC1)c2ncc3ncnc(Nc4cc(ccc4C)C(=O)Nc5cc(on5)C(C)(C)C)c3n2,9.0
800,CHEMBL3641129,CN(CCF)c1ncc2ncnc(Nc3cc(ccc3C)C(=O)Nc4cc(cc(c4)C(F)(F)F)N5CCCN(C)CC5)c2n1,9.0
801,CHEMBL3689909,CN1CCC(CC1)N2CCN(CC2)c3nc(N)c4ncnc(Nc5cc(ccc5C)C(=O)Nc6cc(on6)C(C)(C)C)c4n3,9.0
802,CHEMBL3641229,CN1CCC(CC1)Nc2ncc3ncnc(Nc4cc(NC(=O)c5cccc(c5)C(C)(C)C#N)ccc4C)c3n2,9.0
803,CHEMBL3641199,CN1CCC(CC1)Nc2ncc3ncnc(Nc4cc(ccc4C)C(=O)Nc5ccnc(c5)C(C)(C)C)c3n2,9.0
804,CHEMBL3641047,CN1CCC(CN2CCN(CC2)c3ncc4ncnc(Nc5cc(ccc5C)C(=O)Nc6cc(on6)C(C)(C)C)c4n3)CC1,9.0
805,CHEMBL3641043,CN1CCC(CN2CCN(CC2)c3ncc4ncnc(Nc5cc(ccc5C)C(=O)Nc6cccc(c6)C(C)(C)C)c4n3)CC1,9.0
806,CHEMBL3697934,CN1CCC(CN2CCN(CC2)c3ncc4ncnc(Nc5cc(ccc5F)C(=O)Nc6cc(on6)C(C)(C)C)c4n3)CC1,9.0
807,CHEMBL3641207,CN1CCC2(CCN(C2)c3ncc4ncnc(Nc5cc(ccc5C)C(=O)Nc6cc(on6)C(C)(C)C)c4n3)C1,9.0
808,CHEMBL3641099,CN1CCCC(CN2CCN(CC2)c3ncc4ncnc(Nc5cc(ccc5C)C(=O)Nc6cc(on6)C(C)(C)C)c4n3)C1,9.0
809,CHEMBL3641081,CN1CCCN(CC1)c2cc(NC(=O)c3ccc(C)c(Nc4ncnc5cnc(nc45)N6CC[C@H](F)C6)c3)cc(c2)C(F)(F)F,9.0
810,CHEMBL3689910,CN1CCCN(CC1)c2nc(N)c3ncnc(Nc4cc(ccc4C)C(=O)Nc5cc(on5)C(C)(C)C)c3n2,9.0
811,CHEMBL3641085,CN1CCN(CC1)c2cc(NC(=O)c3ccc(C)c(Nc4ncnc5cnc(nc45)N6CCOCC6)c3)cc(c2)C(F)(F)F,9.0
812,CHEMBL3641118,CN1CCN(CC1)c2cc(NC(=O)c3ccc(C)c(Nc4ncnc5cnc(nc45)N6CCOCC6)c3)cc(c2F)C(F)(F)F,9.0
813,CHEMBL3641218,CN1CCN(CC1)c2ncc3ncnc(Nc4cc(NC(=O)c5cccc(c5)C(C)(C)C#N)ccc4C)c3n2,9.0
814,CHEMBL3697842,CN1CCN(CC1)c2ncc3ncnc(Nc4cc(ccc4C)C(=O)Nc5ccc(F)c(c5)C(F)(F)F)c3n2,9.0
815,CHEMBL3697775,CN1CCN(CC1)c2ncc3ncnc(Nc4cc(ccc4C)C(=O)Nc5cccc(c5)C(C)(C)C)c3n2,9.0
816,CHEMBL3697843,CN1CCN(CC1)c2ncc3ncnc(Nc4cc(ccc4C)C(=O)Nc5cccc(c5)C(F)(F)F)c3n2,9.0
817,CHEMBL1276176,CN1C[C@@H]2C[C@H]1CN2c3ccc(c4ccnc5c(c6cccc7[nH]ncc67)c(nn45)c8ccncc8)c9ccccc39,9.0
818,CHEMBL3613187,CNS(=O)(=O)c1cccc(Nc2ncnc3[nH]c(cc23)c4ccc(C)cc4)c1,9.0
819,CHEMBL3613189,CNS(=O)(=O)c1cccc(Nc2ncnc3[nH]c(cc23)c4ccc(O)cc4)c1,9.0
820,CHEMBL3613186,CNS(=O)(=O)c1cccc(Nc2ncnc3[nH]c(cc23)c4cccc(C)c4)c1,9.0
821,CHEMBL3613184,CNS(=O)(=O)c1cccc(Nc2ncnc3[nH]c(cc23)c4ccccc4)c1,9.0
822,CHEMBL3613190,CNS(=O)(=O)c1cccc(Nc2ncnc3[nH]c(cc23)c4ccncc4)c1,9.0
823,CHEMBL3613177,CNS(=O)(=O)c1cccc(Nc2ncnc3[nH]cc(c4cccc(Cl)c4)c23)c1,9.0
824,CHEMBL3651678,CNc1nccc(n1)c2nc([nH]c2c3cc(F)cc(NS(=O)(=O)c4c(F)cccc4F)c3Cl)C5CC5,9.0
825,CHEMBL3643299,CNc1ncnc2c(Nc3cc(ccc3C)C(=O)Nc4cc(on4)C(C)(C)C)ncnc12,9.0
826,CHEMBL3651643,COC(=O)N[C@@H](C)CNc1nccc(n1)c2nc([nH]c2c3cc(C)cc(NS(=O)(=O)C)c3F)C4(C)CC4,9.0
827,CHEMBL3651642,COC(=O)N[C@@H](C)CNc1nccc(n1)c2nc([nH]c2c3cc(Cl)cc(NS(=O)(=O)C)c3F)C4(C)CC4,9.0
828,CHEMBL3651653,COC(=O)N[C@@H](C)CNc1nccc(n1)c2nc([nH]c2c3cc(Cl)cc(NS(=O)(=O)c4ccc(F)cc4)c3F)C5CC5,9.0
829,CHEMBL3651637,COC(=O)N[C@@H](C)CNc1nccc(n1)c2nc([nH]c2c3cc(F)cc(NS(=O)(=O)C)c3Cl)C(C)(C)C,9.0
830,CHEMBL3651677,COC(=O)N[C@@H](C)CNc1nccc(n1)c2nc([nH]c2c3cc(F)cc(NS(=O)(=O)C)c3Cl)C4CCC4,9.0
831,CHEMBL3651645,COC(=O)N[C@@H](C)CNc1nccc(n1)c2nc([nH]c2c3cccc(NS(=O)(=O)C)c3Cl)C4(C)CC4,9.0
832,CHEMBL3641095,COCCN(C)c1ncc2ncnc(Nc3cc(ccc3C)C(=O)Nc4cc(on4)C(C)(C)C)c2n1,9.0
833,CHEMBL3641094,COCCN(C)c1ncc2ncnc(Nc3cc(ccc3C)C(=O)Nc4ccc(OC)c(c4)C(F)(F)F)c2n1,9.0
834,CHEMBL3641198,COCCN1CCC(CC1)Nc2ncc3ncnc(Nc4cc(ccc4C)C(=O)Nc5cc(on5)C(C)(C)C)c3n2,9.0
835,CHEMBL3641151,COCCN1CCN(CC1)c2ncc3ncnc(Nc4cc(ccc4C)C(=O)Nc5ccc(F)c(c5)C(F)(F)F)c3n2,9.0
836,CHEMBL3694172,COCCNc1ncc2ncnc(Nc3cc(ccc3C)C(=O)Nc4cc(CN5CCCC5)cc(c4)C(F)(F)F)c2n1,9.0
837,CHEMBL3694213,COCCNc1ncc2ncnc(Nc3cc(ccc3C)C(=O)Nc4cc(OCCN(C)C)cc(c4)C(F)(F)F)c2n1,9.0
838,CHEMBL3694231,COCCNc1ncc2ncnc(Nc3cc(ccc3C)C(=O)Nc4cc(cc(c4)C(F)(F)F)N(C)CCN(C)C)c2n1,9.0
839,CHEMBL3697901,COCCNc1ncc2ncnc(Nc3cc(ccc3C)C(=O)Nc4cc(on4)C(C)(C)C)c2n1,9.0
840,CHEMBL1076233,COc1cc(ccc1F)c2c(nn3c(ccnc23)c4ccc(cc4C)N5C[C@@H]6C[C@H]5CN6C)c7ccncc7,9.0
841,CHEMBL3689916,COc1ccc(NC(=O)c2ccc(C)c(Nc3ncnc4c(N)nc(nc34)N5CCCN(C)CC5)c2)cc1C(F)(F)F,9.0
842,CHEMBL3689914,COc1ccc(NC(=O)c2ccc(C)c(Nc3ncnc4c(N)nc(nc34)N5CCN(CC5)C6CCN(C)CC6)c2)cc1C(F)(F)F,9.0
843,CHEMBL3689915,COc1ccc(NC(=O)c2ccc(C)c(Nc3ncnc4c(N)nc(nc34)N5CCN(CC6CCN(C)CC6)CC5)c2)cc1C(F)(F)F,9.0
844,CHEMBL3641197,COc1ccc(NC(=O)c2ccc(C)c(Nc3ncnc4cnc(NC5CC(C5)N6CCN(C)CC6)nc34)c2)cc1C(F)(F)F,9.0
845,CHEMBL3641159,COc1ccc(NC(=O)c2ccc(C)c(Nc3ncnc4cnc(NCC5CCCCO5)nc34)c2)cc1C(F)(F)F,9.0
846,CHEMBL3641178,COc1ccc(NC(=O)c2ccc(C)c(Nc3ncnc4cnc(nc34)N(C)C5CCN(C)C5)c2)cc1C(F)(F)F,9.0
847,CHEMBL3641061,COc1ccc(NC(=O)c2ccc(C)c(Nc3ncnc4cnc(nc34)N5CCC(CC5)N(C)C)c2)cc1C(F)(F)F,9.0
848,CHEMBL3641203,COc1ccc(NC(=O)c2ccc(C)c(Nc3ncnc4cnc(nc34)N5CCC(CN(C)C)CC5)c2)cc1C(F)(F)F,9.0
849,CHEMBL3641069,COc1ccc(NC(=O)c2ccc(C)c(Nc3ncnc4cnc(nc34)N5CCCN(C)CC5)c2)cc1C(F)(F)F,9.0
850,CHEMBL3641166,COc1ccc(NC(=O)c2ccc(C)c(Nc3ncnc4cnc(nc34)N5CCCOCC5)c2)cc1C(F)(F)F,9.0
851,CHEMBL3641046,COc1ccc(NC(=O)c2ccc(C)c(Nc3ncnc4cnc(nc34)N5CCN(CC6CCN(C)CC6)CC5)c2)cc1C(F)(F)F,9.0
852,CHEMBL3694070,COc1ccc(NC(=O)c2ccc(Cl)c(Nc3ncnc4cnc(nc34)N5CCCN(C)CC5)c2)cc1C(F)(F)F,9.0
853,CHEMBL3694104,COc1ccc(NC(=O)c2ccc(F)c(Nc3ncnc4cnc(nc34)N(C)C)c2)cc1C(F)(F)F,9.0
854,CHEMBL3694096,COc1ccc(NC(=O)c2ccc(F)c(Nc3ncnc4cnc(nc34)N(C)CCN5CCCC5)c2)cc1C(F)(F)F,9.0
855,CHEMBL3694095,COc1ccc(NC(=O)c2ccc(F)c(Nc3ncnc4cnc(nc34)N5CCCCCC5)c2)cc1C(F)(F)F,9.0
856,CHEMBL3697891,COc1ccc(cc1NC(=O)c2ccc(C)c(Nc3ncnc4cnc(NC5CCOC5)nc34)c2)C(F)(F)F,9.0
857,CHEMBL3694082,COc1ccc(cc1Nc2ncnc3cnc(nc23)N4CCCCCC4)C(=O)Nc5ccc(OC)c(c5)C(F)(F)F,9.0
858,CHEMBL3641185,COc1ncc2ncnc(Nc3cc(ccc3C)C(=O)Nc4cc(CN5CCCC5)cc(c4)C(F)(F)F)c2n1,9.0
859,CHEMBL3641181,COc1ncc2ncnc(Nc3cc(ccc3C)C(=O)Nc4cccc(c4)C(F)(F)F)c2n1,9.0
860,CHEMBL3641231,Cc1ccc(NC(=O)c2cccc(c2)C(C)(C)C#N)cc1Nc3ncnc4cnc(NC5CCOC5)nc34,9.0
861,CHEMBL3694015,Cc1ccc(cc1Nc2ncnc3c(N)nc(nc23)N4CCCN(CC4)C5CC5)C(=O)Nc6cccc(c6)C(F)(F)F,9.0
862,CHEMBL3694020,Cc1ccc(cc1Nc2ncnc3c(N)nc(nc23)N4CCCN(CC4)c5ncccn5)C(=O)Nc6cccc(c6)C(F)(F)F,9.0
863,CHEMBL3694016,Cc1ccc(cc1Nc2ncnc3c(N)nc(nc23)N4CCCNCC4)C(=O)Nc5cccc(c5)C(F)(F)F,9.0
864,CHEMBL3694166,Cc1ccc(cc1Nc2ncnc3cnc(NCC4CCOC4)nc23)C(=O)Nc5cc(CN6CCCC6)cc(c5)C(F)(F)F,9.0
865,CHEMBL3694163,Cc1ccc(cc1Nc2ncnc3cnc(NCCF)nc23)C(=O)Nc4cc(CN5CCCC5)cc(c4)C(F)(F)F,9.0
866,CHEMBL3694169,Cc1ccc(cc1Nc2ncnc3cnc(NCc4cccnc4)nc23)C(=O)Nc5cc(CN6CCCC6)cc(c5)C(F)(F)F,9.0
867,CHEMBL3641105,Cc1ccc(cc1Nc2ncnc3cnc(nc23)N4CCC(CC4)N5CCOCC5)C(=O)Nc6cc(on6)C(C)(C)C,9.0
868,CHEMBL3697812,Cc1ccc(cc1Nc2ncnc3cnc(nc23)N4CCCC4)C(=O)Nc5cccc(c5)C(F)(F)F,9.0
869,CHEMBL3641097,Cc1ccc(cc1Nc2ncnc3cnc(nc23)N4CCN(CCCN5CCCC5)CC4)C(=O)Nc6cc(on6)C(C)(C)C,9.0
870,CHEMBL3697912,Cc1ccc(cc1Nc2ncnc3cnc(nc23)N4CCN(CCN5CCOCC5)CC4)C(=O)Nc6cc(on6)C(C)(C)C,9.0
871,CHEMBL3697883,Cc1ccc(cc1Nc2ncnc3cnc(nc23)N4CCNCC4)C(=O)Nc5cccc(c5)C(F)(F)F,9.0
872,CHEMBL3641138,Cc1ccc(cc1Nc2ncnc3cnc(nc23)N4CCOCC4)C(=O)Nc5cc(OCCN6CCCC6)cc(c5)C(F)(F)F,9.0
873,CHEMBL3641128,Cc1ccc(cc1Nc2ncnc3cnc(nc23)N4CCOCC4)C(=O)Nc5cc(nn5C)C(C)(C)C,9.0
874,CHEMBL3641037,Cc1ccc(cc1Nc2ncnc3cnc(nc23)N4CCOCC4)C(=O)Nc5cccc(OC(F)(F)F)c5,9.0
875,CHEMBL3697839,Cc1ccc(cc1Nc2ncnc3cnc(nc23)N4CCOCC4)C(=O)Nc5cccc(c5)C(C)(C)C,9.0
876,CHEMBL3697866,Cc1ccc(cc1Nc2ncnc3cnc(nc23)N4CCOCC4)C(=O)Nc5cccc(c5)C(C)(C)C#N,9.0
877,CHEMBL3697889,Cc1ccc(cc1Nc2ncnc3cnc(nc23)N4CC[C@H](F)C4)C(=O)Nc5cc(ccn5)C(F)(F)F,9.0
878,CHEMBL3697835,Cc1ccc(cc1Nc2ncnc3cnc(nc23)N4CC[C@H](F)C4)C(=O)Nc5cccc(OC(F)(F)F)c5,9.0
879,CHEMBL3697832,Cc1ccc(cc1Nc2ncnc3cnc(nc23)N4CC[C@H](F)C4)C(=O)Nc5cccc(c5)C(F)(F)F,9.0
880,CHEMBL3641195,Cc1ccc(cc1Oc2ncnc3cnc(nc23)N4CCOCC4)C(=O)Nc5cc(nn5C)C(C)(C)C,9.0
881,CHEMBL3641122,Cc1cn(cn1)c2cc(NC(=O)c3ccc(C)c(Nc4ncnc5cnc(NC6CCOC6)nc45)c3)cc(c2)C(F)(F)F,9.0
882,CHEMBL3651690,Fc1cc(NS(=O)(=O)c2c(F)cccc2F)c(Cl)c(c1)c3[nH]c(nc3c4ccncn4)C5CC5,9.0
883,CHEMBL3354844,Fc1ccc(NS(=O)(=O)c2cocc2)c(F)c1Nc3ncccc3c4ncnc5[nH]cnc45,9.0
884,CHEMBL3697933,Fc1ccc(cc1Nc2ncnc3cnc(nc23)N4CCOCC4)C(=O)Nc5cc(ccn5)C(F)(F)F,9.0
885,CHEMBL3651689,Nc1nccc(n1)c2nc([nH]c2c3cccc(NS(=O)(=O)c4c(F)cccc4F)c3Cl)C5CC5,9.0
886,CHEMBL1086871,Oc1cccc(c1)c2c(nn3c(ccnc23)c4ccc(N[C@H]5CN6CCC5CC6)cc4)c7ccncc7,9.0
887,CHEMBL3651698,COC(=O)N[C@@H](C)CNc1nccc(n1)c2nc([nH]c2c3cc(C)cc(NS(=O)(=O)C(C)C)c3)C4CC4,9.02
888,CHEMBL3651627,CCCS(=O)(=O)Nc1cc(Cl)cc(c1F)c2[nH]c(nc2c3ccnc(NC[C@H](C)NC(=O)OC)n3)C4CC4,9.05
889,CHEMBL1964266,CN(C)CCOc1ccc(cc1)c2oc(c3ccc4\C(=N\O)\CCc4c3)c(c2)c5ccncc5,9.05
890,CHEMBL1080476,CN1C2CCC1CN(C2)c3ccc(cc3)c4ccnc5c(c6cccc(O)c6)c(nn45)c7ccncc7,9.05
891,CHEMBL498317,OCC(O)Cn1cc(c2ccc3\C(=N\O)\CCc3c2)c(n1)c4ccncc4,9.06
892,CHEMBL524445,O\N=C\1/CCc2cc(ccc12)c3cn(CC4CCCNC4)nc3c5ccncc5,9.07
893,CHEMBL3752762,CCCS(=O)(=O)Nc1ccc(F)c(c1F)c2cc3cnc(N)cc3cc2OC,9.1
894,CHEMBL3754618,CCCS(=O)(=O)Nc1ccc(F)c(c1F)c2ccc3cc(NC[C@H](C)NC(=O)OC)ncc3c2,9.1
895,CHEMBL571112,CN1C2Cc3cnc4c(c5ccc(Cl)c(O)c5)c(nn4c3C1CC2S(=O)(=O)c6ccccc6)c7ccncc7,9.1
896,CHEMBL3651686,COC(=O)N[C@@H](C)CNc1nccc(n1)c2nc([nH]c2c3cccc(NS(=O)(=O)C(C)C)c3F)C(C)(C)C,9.11
897,CHEMBL1276192,Fc1cc(CN2C3COCC2COC3)ccc1c4ccnc5c(c6cccc7[nH]ncc67)c(nn45)c8ccncc8,9.11
898,CHEMBL1276187,CN1C[C@@H]2CC[C@H]1CN2c3ccc(cc3)c4ccnc5c(c6cccc7[nH]ncc67)c(nn45)c8ccncc8,9.15
899,CHEMBL583133,CCOC(=O)N1C2CCC1CC(C2)c3ccnc4c(c5ccc(C)c6[nH]ncc56)c(nn34)c7ccncc7,9.16
900,CHEMBL477565,CN(C)CCOc1cc(c2ccc3\C(=N\O)\CCc3c2)c([nH]1)c4ccncc4,9.16
901,CHEMBL3354836,Cc1ccc(NC(=O)c2cccc(c2)C#N)cc1Nc3ncccc3c4ncnc5[nH]cnc45,9.18
902,CHEMBL1780170,N[C@@H]1CC[C@H](CC1)n2cc(c3ccc4c(Cc5c[nH]nc45)c3)c(n2)c6ccncc6,9.18
903,CHEMBL3651617,COC(=O)N[C@@H](C)CNc1nccc(n1)c2nc([nH]c2c3cc(Cl)cc(NS(=O)(=O)C(C)C)c3)C4CC4,9.2
904,CHEMBL3753260,CCCS(=O)(=O)Nc1ccc(F)c(c1F)c2cc3cnc(NC[C@H](C)NC(=O)OC)cc3cc2CC,9.22
905,CHEMBL570873,CN1C2Cc3cnc4c(c5ccc(Cl)c(O)c5)c(nn4c3C1CC2CO)c6ccncc6,9.22
906,CHEMBL1276177,CN1C[C@@H]2C[C@H]1CN2c3ccc(c(F)c3F)c4ccnc5c(c6cccc7[nH]ncc67)c(nn45)c8ccncc8,9.22
907,CHEMBL3613307,CNS(=O)(=O)c1ccc(N(C)C)c(Nc2ncnc3[nH]c(cc23)c4cccc(c4)C(F)(F)F)c1,9.22
908,CHEMBL3814798,CNS(=O)(=O)c1ccc(N2CCOCC2)c(Nc3ncnc4[nH]cc(Cl)c34)c1,9.22
909,CHEMBL3651631,COC(=O)N[C@@H](C)CNc1nccc(n1)c2nc([nH]c2c3cc(Cl)cc(NS(=O)(=O)CCC(F)(F)F)c3F)C4CC4,9.22
910,CHEMBL3651685,COC(=O)N[C@@H](C)CNc1nccc(n1)c2nc([nH]c2c3cccc(NS(=O)(=O)C)c3F)C(C)(C)C,9.22
911,CHEMBL1780167,C1CC2CC(CC1N2)n3cc(c4ccc5c(Cc6c[nH]nc56)c4)c(n3)c7ccncc7,9.24
912,CHEMBL502816,CCn1cc(c2ccc3\C(=N\O)\CCc3c2)c(n1)c4ccncc4,9.24
913,CHEMBL498487,OCC(CO)n1cc(c2ccc3\C(=N\O)\CCc3c2)c(n1)c4ccncc4,9.25
914,CHEMBL3651625,COC(=O)N[C@@H](C)CNc1nccc(n1)c2nc([nH]c2c3cccc(NS(=O)(=O)C)c3F)C4CC4,9.26
915,CHEMBL3651700,CCCS(=O)(=O)Nc1cc(Cl)cc(c1F)c2[nH]c(nc2c3ccnc(NC[C@H](C)NC(=O)OC)n3)C(C)(C)C,9.28
916,CHEMBL1276190,Fc1cc(CN2C[C@H]3C[C@@H]2CO3)ccc1c4ccnc5c(c6cccc7[nH]ncc67)c(nn45)c8ccncc8,9.28
917,CHEMBL1080650,CCN1C[C@@H]2C[C@H]1CN2c3ccc(cc3)c4ccnc5c(c6ccc(F)c(O)c6)c(nn45)c7ccncc7,9.29
918,CHEMBL1276168,CN1C[C@@H]2C[C@H]1CN2c3ccc(c(C)c3)c4ccnc5c(c6cccc7[nH]ncc67)c(nn45)c8ccncc8,9.29
919,CHEMBL1076206,CC(=O)N1C[C@@H]2C[C@H]1CN2c3ccc(cc3)c4ccnc5c(c6ccc(F)c(O)c6)c(nn45)c7ccncc7,9.3
920,CHEMBL478190,CC(COc1nccc(n1)c2nc(c3ccc4\C(=N\O)\CCc4c3)c([nH]2)c5ccncc5)N(C)C,9.3
921,CHEMBL3651612,CCC(C)S(=O)(=O)Nc1cc(Cl)cc(c1)c2[nH]c(nc2c3ccnc(NC[C@H](C)NC(=O)OC)n3)C(C)(C)C,9.3
922,CHEMBL571130,CCN1C2CCC1CC(C2)c3ccnc4c(c5ccc(Cl)c(O)c5)c(nn34)c6ccncc6,9.3
923,CHEMBL514210,CN(C)CCNC(=O)c1oc(c2ccncc2)c(c1)c3ccc4\C(=N\O)\CCc4c3,9.3
924,CHEMBL1276183,CN1C[C@@H]2C[C@H]1CN2c3ccc(cc3)c4ccnc5c(c6ccc(F)c7[nH]ncc67)c(nn45)c8ccncc8,9.3
925,CHEMBL3613197,CNS(=O)(=O)c1ccc(N(C)C)c(Nc2ncnc3[nH]cc(C)c23)c1,9.3
926,CHEMBL3613305,CNS(=O)(=O)c1ccc(N2CCOCC2)c(Nc3ncnc4[nH]cc(Br)c34)c1,9.3
927,CHEMBL1794072,Cl.CN(C)CCOc1ccc(cc1)c2oc(c3ccncc3)c(c2)c4ccc5C(=NO)CCc5c4,9.3
928,CHEMBL558752,Cn1c(Nc2ccc(cc2)C(F)(F)F)nc3cc(Oc4ccnc(c4)c5ncc([nH]5)C(F)(F)F)ccc13,9.3
929,CHEMBL1087000,Oc1cccc(c1)c2c(nn3c(ccnc23)c4ccc(cc4)N5C[C@@H]6C[C@H]5CN6)c7ccncc7,9.31
930,CHEMBL3651623,COC(=O)N[C@@H](C)CNc1nccc(n1)c2nc([nH]c2c3cc(Cl)cc(NS(=O)(=O)C)c3)C4CC4,9.32
931,CHEMBL500660,Cn1ncc(c2ccc3\C(=N\O)\CCc3c2)c1c4ccncc4,9.32
932,CHEMBL498503,CN(C)CCCn1cc(c2ccc3\C(=N\O)\CCc3c2)c(n1)c4ccncc4,9.33
933,CHEMBL3651624,COC(=O)N[C@@H](C)CNc1nccc(n1)c2nc([nH]c2c3cccc(NS(=O)(=O)C)c3Cl)C4CC4,9.33
934,CHEMBL3651640,CCS(=O)(=O)Nc1cc(Cl)cc(c1F)c2[nH]c(nc2c3ccnc(NC[C@H](C)NC(=O)OC)n3)C(C)(C)C,9.34
935,CHEMBL3651636,CCCS(=O)(=O)Nc1ccc(F)c(c1Cl)c2[nH]c(nc2c3ccnc(NC[C@H](C)NC(=O)OC)n3)C4CC4,9.35
936,CHEMBL1080652,COc1cccc(c1)c2c(nn3c(ccnc23)c4ccc(cc4F)N5C[C@@H]6C[C@H]5CN6)c7ccncc7,9.36
937,CHEMBL3651634,CCS(=O)(=O)Nc1cc(F)cc(c1Cl)c2[nH]c(nc2c3ccnc(NC[C@H](C)NC(=O)OC)n3)C4CC4,9.37
938,CHEMBL1276188,CN1C[C@@H]2CC[C@H]1CN2c3ccc(c(F)c3)c4ccnc5c(c6cccc7[nH]ncc67)c(nn45)c8ccncc8,9.39
939,CHEMBL3335374,CC(=O)Nc1cc(Oc2ccc3c(c2)nc(Nc4cccc(OC(F)(F)F)c4)n3C)ccn1,9.4
940,CHEMBL585144,CCOC(=O)N1C2CCC1CC(C2)c3ccnc4c(c5ccc(Cl)c6[nH]ncc56)c(nn34)c7ccncc7,9.4
941,CHEMBL570681,CCOC(=O)N1C2CCC1CC(C2)c3ccnc4c(c5ccc(F)c6[nH]ncc56)c(nn34)c7ccncc7,9.4
942,CHEMBL3651706,COC(=O)N[C@@H](C)CNc1nccc(n1)c2nc([nH]c2c3cc(F)cc(NS(=O)(=O)C)c3Cl)C4CC4,9.4
943,CHEMBL569081,Oc1cc(ccc1Cl)c2c(nn3c(ccnc23)C4CC5CCC(C4)N5)c6ccncc6,9.4
944,CHEMBL3651644,CCCNc1nccc(n1)c2nc([nH]c2c3cc(F)cc(NS(=O)(=O)CCC)c3Cl)C4CC4,9.41
945,CHEMBL498496,NCCCn1cc(c2ccc3\C(=N\O)\CCc3c2)c(n1)c4ccncc4,9.41
946,CHEMBL3651696,CCCS(=O)(=O)Nc1cccc(c1F)c2[nH]c(nc2c3ccnc(NC[C@H](C)NC(=O)OC)n3)C(C)(C)C,9.42
947,CHEMBL1276178,CN1C[C@@H]2C[C@H]1CN2c3cc(F)c(cc3F)c4ccnc5c(c6cccc7[nH]ncc67)c(nn45)c8ccncc8,9.42
948,CHEMBL1087650,CN1C[C@@H]2C[C@H]1CN2c3ccc(cc3)c4ccnc5c(c6cccc(O)c6)c(nn45)c7ccncc7,9.42
949,CHEMBL3651669,COC(=O)N[C@@H](C)CNc1nccc(n1)c2nc([nH]c2c3cc(Cl)cc(NS(=O)(=O)c4cc(F)cc(F)c4)c3F)C5CC5,9.43
950,CHEMBL3651657,Cc1cc(NS(=O)(=O)C)c(F)c(c1)c2[nH]c(nc2c3ccnc(NCCC#N)n3)C4(C)CC4,9.43
951,CHEMBL1276181,CN1C[C@@H]2C[C@H]1CN2c3c(F)c(F)c(c(F)c3F)c4ccnc5c(c6cccc7[nH]ncc67)c(nn45)c8ccncc8,9.46
952,CHEMBL498674,CN1CCC(CC1)n2cc(c3ccc4\C(=N\O)\CCc4c3)c(n2)c5ccncc5,9.47
953,CHEMBL3651654,COC(=O)N[C@@H](C)CNc1nccc(n1)c2nc([nH]c2c3cc(Cl)cc(NS(=O)(=O)c4cccc(F)c4)c3F)C5CC5,9.48
954,CHEMBL524640,O\N=C\1/CCc2cc(ccc12)c3cn(nc3c4ccncc4)[C@H]5CCC[C@@H]5O,9.48
955,CHEMBL3651607,COC(=O)N[C@@H](C)CNc1nccc(n1)c2nc([nH]c2c3cc(Cl)cc(NS(=O)(=O)C)c3)C(C)(C)C,9.5
956,CHEMBL578391,CC(=O)N1C2CCC1CC(C2)c3ccnc4c(c5ccc(Cl)c(O)c5)c(nn34)c6ccncc6,9.52
957,CHEMBL477989,CN(C)CCOc1ccc(cc1)c2nc(c3ccncc3)c([nH]2)c4ccc5\C(=N\O)\CCc5c4,9.52
958,CHEMBL3651611,COC(=O)N[C@@H](C)CNc1nccc(n1)c2nc([nH]c2c3cc(Cl)cc(NS(=O)(=O)CC(C)C)c3)C(C)(C)C,9.52
959,CHEMBL3651635,COC(=O)N[C@@H](C)CNc1nccc(n1)c2nc([nH]c2c3cc(F)cc(NS(=O)(=O)C4CC4)c3Cl)C5CC5,9.52
960,CHEMBL3651656,Cc1cc(NS(=O)(=O)C)c(Cl)c(c1)c2[nH]c(nc2c3ccnc(NCCC#N)n3)C4(C)CC4,9.54
961,CHEMBL3651639,COC(=O)N[C@@H](C)CNc1nccc(n1)c2nc([nH]c2c3cc(Cl)cc(NS(=O)(=O)C)c3F)C(C)(C)C,9.55
962,CHEMBL3651684,COC(=O)N[C@@H](C)CNc1nccc(n1)c2nc([nH]c2c3cccc(NS(=O)(=O)C4CC4)c3F)C(C)(C)C,9.57
963,CHEMBL3651672,CC(C)(C)c1nc(c2ccnc(N)n2)c([nH]1)c3cc(F)cc(NS(=O)(=O)c4c(F)cccc4F)c3Cl,9.59
964,CHEMBL3651633,COC(=O)N[C@@H](C)CNc1nccc(n1)c2nc([nH]c2c3cc(Cl)cc(NS(=O)(=O)CC4CC4)c3F)C5CC5,9.59
965,CHEMBL3651671,COC(=O)N[C@@H](C)CNc1nccc(n1)c2nc([nH]c2c3cc(C)cc(NS(=O)(=O)CC(F)(F)F)c3F)C4CC4,9.6
966,CHEMBL3651630,CCS(=O)(=O)Nc1cc(Cl)cc(c1F)c2[nH]c(nc2c3ccnc(NC[C@H](C)NC(=O)OC)n3)C4CC4,9.62
967,CHEMBL3651655,CC1(CC1)c2nc(c3ccnc(NCCC#N)n3)c([nH]2)c4cc(F)cc(NS(=O)(=O)C)c4Cl,9.64
968,CHEMBL1276169,CN1C[C@@H]2C[C@H]1CN2c3ccc(c(F)c3)c4ccnc5c(c6cccc7[nH]ncc67)c(nn45)c8ccncc8,9.64
969,CHEMBL498688,CNC1CCCC(C1)n2cc(c3ccc4\C(=N\O)\CCc4c3)c(n2)c5ccncc5,9.64
970,CHEMBL3651676,COC(=O)N[C@@H](C)CNc1nccc(n1)c2nc([nH]c2c3cc(Cl)cc(NS(=O)(=O)C)c3F)C4CCC4,9.64
971,CHEMBL3651667,CC(C)(C)c1nc(c2ccnc(N)n2)c([nH]1)c3cccc(NS(=O)(=O)c4c(F)cccc4F)c3Cl,9.66
972,CHEMBL497671,O\N=C\1/CCc2cc(ccc12)c3cn(nc3c4ccncc4)C5CCOCC5,9.66
973,CHEMBL3651675,CCCS(=O)(=O)Nc1cc(F)cc(c1Cl)c2[nH]c(nc2c3ccnc(N)n3)C4CC4,9.7
974,CHEMBL3613198,CNS(=O)(=O)c1ccc(N(C)C)c(Nc2ncnc3[nH]cc(Br)c23)c1,9.7
975,CHEMBL3651606,COC(=O)N[C@@H](C)CNc1nccc(n1)c2nc([nH]c2c3cc(C)cc(NS(=O)(=O)C)c3F)C4CC4,9.7
976,CHEMBL3651626,COC(=O)N[C@@H](C)CNc1nccc(n1)c2nc([nH]c2c3cc(F)cc(NS(=O)(=O)C)c3F)C4CC4,9.7
977,CHEMBL3651605,Cl.COC(=O)N[C@@H](C)CNc1nccc(n1)c2[nH]c(nc2c3cc(Cl)cc(NS(=O)(=O)C)c3F)C4CC4,9.7
978,CHEMBL3651674,Nc1nccc(n1)c2nc([nH]c2c3cc(F)cc(NS(=O)(=O)c4c(F)cccc4F)c3Cl)C5CC5,9.72
979,CHEMBL525191,OCCn1cc(c2ccc3\C(=N\O)\CCc3c2)c(n1)c4ccncc4,9.72
980,CHEMBL3651628,COC(=O)N[C@@H](C)CNc1nccc(n1)c2nc([nH]c2c3cc(Cl)cc(NS(=O)(=O)C)c3Cl)C4CC4,9.75
981,CHEMBL3651629,COC(=O)N[C@@H](C)CNc1nccc(n1)c2nc([nH]c2c3cc(Cl)cc(NS(=O)(=O)C4CC4)c3F)C5CC5,9.75
982,CHEMBL3651697,CCCS(=O)(=O)Nc1cccc(c1F)c2[nH]c(nc2c3ccnc(NC[C@H](C)NC(=O)OC)n3)C4CC4,9.8
983,CHEMBL1276179,CN1C[C@@H]2C[C@H]1CN2c3cc(F)c(c(F)c3)c4ccnc5c(c6cccc7[nH]ncc67)c(nn45)c8ccncc8,9.8
984,CHEMBL500406,O\N=C\1/CCc2cc(ccc12)c3c[nH]nc3c4ccncc4,9.82
985,CHEMBL3651661,CC(C)(C)c1nc(c2ccnc(N)n2)c([nH]1)c3cc(Cl)cc(NS(=O)(=O)c4c(F)cccc4F)c3F,9.89
986,CHEMBL3651695,CCCS(=O)(=O)Nc1cccc(c1Cl)c2[nH]c(nc2c3ccnc(NC[C@H](C)NC(=O)OC)n3)C4CC4,9.89
987,CHEMBL3651701,CCCS(=O)(=O)Nc1cccc(c1F)c2[nH]c(nc2c3ccnc(NCCC#N)n3)C4CC4,9.89
988,CHEMBL3651703,CCCS(=O)(=O)Nc1c(F)ccc(c1F)c2[nH]c(nc2c3ccnc(NC[C@H](C)NC(=O)OC)n3)C(C)(C)C,9.92
989,CHEMBL3651658,CC1(CC1)c2nc(c3ccnc(NCCC#N)n3)c([nH]2)c4cc(Cl)cc(NS(=O)(=O)C)c4F,9.96
990,CHEMBL3651680,CCCS(=O)(=O)Nc1cc(F)cc(c1Cl)c2[nH]c(nc2c3ccnc(NC)n3)C4CC4,9.96
991,CHEMBL1276186,CN1C[C@@H]2C[C@H]1CN2c3cc(F)c(c(F)c3)c4ccnc5c(c6ccc(F)c7[nH]ncc67)c(nn45)c8ccncc8,9.96
992,CHEMBL3651609,CCCS(=O)(=O)Nc1cc(Cl)cc(c1)c2[nH]c(nc2c3ccnc(NC[C@H](C)NC(=O)OC)n3)C(C)(C)C,10.0
993,CHEMBL3752213,CCCS(=O)(=O)Nc1ccc(F)c(c1F)c2cc3cnc(NC[C@H](C)NC(=O)OC)cc3cc2OC,10.0
994,CHEMBL3651613,CCS(=O)(=O)Nc1cc(Cl)cc(c1)c2[nH]c(nc2c3ccnc(NC[C@H](C)NC(=O)OC)n3)C(C)(C)C,10.0
995,CHEMBL3651610,COC(=O)N[C@@H](C)CNc1nccc(n1)c2nc([nH]c2c3cc(Cl)cc(NS(=O)(=O)C4CC4)c3)C(C)(C)C,10.0
996,CHEMBL3651665,COC(=O)N[C@@H](C)CNc1nccc(n1)c2nc([nH]c2c3cc(F)cc(NS(=O)(=O)c4c(F)cccc4F)c3Cl)C5CC5,10.0
997,CHEMBL3651662,Nc1nccc(n1)c2nc([nH]c2c3cc(Cl)cc(NS(=O)(=O)c4c(F)cccc4F)c3F)C5CC5,10.0
998,CHEMBL521562,O\N=C\1/CCc2cc(ccc12)c3cn(nc3c4ccncc4)[C@@H]5CCC[C@@H](O)C5,10.05
999,CHEMBL3651664,CCCS(=O)(=O)Nc1cc(Cl)cc(c1F)c2[nH]c(nc2c3ccnc(N)n3)C(C)(C)C,10.1
1000,CHEMBL3651683,CS(=O)(=O)Nc1cc(Cl)cc(c1F)c2[nH]c(nc2c3ccnc(NCCC#N)n3)C4CC4,10.1
1001,CHEMBL527029,OCCCn1cc(c2ccc3\C(=N\O)\CCc3c2)c(n1)c4ccncc4,10.3
1002,CHEMBL498344,O\N=C\1/CCc2cc(ccc12)c3cn(nc3c4ccncc4)[C@@H]5CCC[C@H](O)C5,10.4
1003,CHEMBL500659,Cn1cc(c2ccc3\C(=N\O)\CCc3c2)c(n1)c4ccncc4,10.7
