,molecule_chembl_id,canonical_smiles,pchembl_value
0,ibrutinib,NC1=C2C(=NC=N1)N(N=C2C1=CC=C(OC2=CC=CC=C2)C=C1)[C@@H]1CCCN(C1)C(=O)C=C,9.14266777
1,CHEMBL3621460,COc1ccc(cc1)c2ccc(C(=O)N)c3[nH]c4ccc(cc4c23)C(=O)N5CCN(C)CC5,7.54
2,CHEMBL3652676,CC(C)(C)c1cc(F)c2C(=O)N(N=Cc2c1)c3cccc(c3CO)n4cc(C(=O)N)c5ccc(nc45)c6ccccc6Cl,7.55
3,CHEMBL3358398,CN1C=C(C=C(Nc2ccc(cn2)N3CCN(CC3)C(=O)C4CC4)C1=O)c5cccc(N6C=Cc7cc(cc(F)c7C6=O)C8CC8)c5CO,7.55
4,CHEMBL3621458,COc1cccc(c1)c2ccc(C(=O)N)c3[nH]c4ccc(cc4c23)C(=O)N5CCN(C)CC5,7.55
5,CHEMBL3263633,Cc1c(NC(=O)c2ccc(cc2)C(C)(C)C)cccc1c3nc(Nc4ccc(cc4)C(=O)N5CCN(CCO)CC5)c6ncn(C)c6n3,7.55
6,CHEMBL3586447,Cc1cc2cn[nH]c2cc1c3cccc4c(N)c(nnc34)C(=O)N,7.55
7,CHEMBL2057918,CN1CCN(CC1)c2ccc(NC3=CC(=CN(C)C3=O)c4cccc(N5C=Cc6cc(cc(F)c6C5=O)C7CC7)c4CO)nc2,7.56
8,CHEMBL3649450,CC(C)(C)c1ccc2C(=O)N(N=Cc2c1)c3cccc(c3CO)c4c[nH]c(c4)C(=O)N,7.57
9,CHEMBL3649460,CN1Cc2cc(ccc2C(=O)N1c3cccc(c3CO)c4cc(C(=O)N)n(C)c4)C(C)(C)C,7.57
10,CHEMBL453737,COc1cc2c(Oc3ccc(cc3F)C4=CN=C(Nc5ccc(F)cc5)N(C)C4=O)ccnc2cc1OCCCN6CCOCC6,7.57
11,CHEMBL3263658,Cc1c(NS(=O)(=O)c2ccc(cc2)C(C)(C)C)cccc1c3nc(Nc4ccc(cc4)C(=O)N5CCOCC5)c6nc[nH]c6n3,7.57
12,CHEMBL3702841,CC(C)(\C=C(/C#N)\C(=O)N1CCC[C@H]1Cn2nc(c3ccc(Oc4ccccc4)cc3F)c5c(N)ncnc25)N(C6CC6)C7COC7,7.59
13,CHEMBL3402587,CN(C)S(=O)(=O)N1CCC(=CC1)c2cc3c(ncnc3[nH]2)c4cccc(N5C=Cc6cc(cc(F)c6C5=O)C7CC7)c4CO,7.59
14,CHEMBL3612844,CNC(=O)CCn1cc(cn1)c2cnc(N)c3c(csc23)c4ccc(Oc5ccccc5)cc4,7.59
15,CHEMBL3263648,Cc1ccc(cc1NC(=O)c2ccc(cc2)C(C)(C)C)c3nc(Nc4ccc(cc4)C(=O)N5CCOCC5)c6nc[nH]c6n3,7.59
16,CHEMBL3402586,CNC(=O)N1CCC(=CC1)c2cc3c(ncnc3[nH]2)c4cccc(N5C=Cc6cc(cc(F)c6C5=O)C7CC7)c4CO,7.6
17,CHEMBL3263632,Cc1c(NC(=O)c2ccc(cc2)C(C)(C)C)cccc1c3nc(Nc4ccc(cc4)C(=O)N5CCNCC5)c6ncn(C)c6n3,7.6
18,CHEMBL3290139,Cc1ccc(NC(=O)c2ccc(cc2)C(F)(F)F)cc1C(=O)Nc3cnc(Nc4cccc(N)c4)nc3,7.6
19,CHEMBL3402588,OCc1c(cccc1c2ncnc3[nH]c(cc23)C4=CCN(CC4)C5COC5)N6C=Cc7cc(cc(F)c7C6=O)C8CC8,7.61
20,CHEMBL3747551,CN1CCN(C)C(=O)C1c2ccc(NC3=NC(=CN(C)C3=O)c4ccc(F)c(NC(=O)c5cc6CCCCc6s5)c4)cc2,7.62
21,CHEMBL3621501,CN1CCN(CC1)C(=O)c2ccc3c(c2)[nH]c4c(ccc(c5ccccc5C)c34)C(=O)N,7.62
22,CHEMBL3290140,Cc1ccc(NC(=O)\C=C\c2ccccc2)cc1C(=O)Nc3cnc(Nc4cccc(N)c4)nc3,7.62
23,CHEMBL3809874,Nc1ncnc2N([C@@H]3CCCN(C3)C(=O)C=C)C(=O)N(c4ccc(Oc5ccccc5)cc4)c12,7.62
24,CHEMBL3747268,CN1CCN(C)C(=O)C1c2ccc(NC3=NC(=CN(C)C3=O)c4ccc(Cl)c(NC(=O)c5cc6CCCCc6s5)c4F)cc2,7.64
25,CHEMBL3670079,CN1CCn2nc(NC3=CC(=NNC3=O)c4cccc(N5CCn6c(cc7ccccc67)C5=O)c4C)cc2C1,7.64
26,CHEMBL509032,COc1cc(ccc1Nc2ncc(Cl)c(Nc3ccccc3S(=O)(=O)C(C)C)n2)N4CCC(CC4)N5CCN(C)CC5,7.64
27,CHEMBL3665116,CN(C)c1ccc2C(=O)N(CNc2c1)c3cccc(C4=CN(C)C(=O)C(=C4)Nc5ccc(cn5)C(=O)N6CCOCC6)c3C,7.66
28,CHEMBL3621516,CN1CCN(CC1)C(=O)c2ccc3c(c2)[nH]c4c(ccc(c5ccc(F)cc5F)c34)C(=O)N,7.66
29,CHEMBL3290151,Cc1ccc(NC(=O)c2ccc3ccccc3c2)cc1C(=O)Nc4cnc(Nc5cccc(NC(=O)C=C)c5)nc4,7.66
30,CHEMBL3402583,CC(=O)N1CCC(=CC1)c2cc3c(ncnc3[nH]2)c4cccc(N5C=Cc6cc(cc(F)c6C5=O)C7CC7)c4CO,7.67
31,CHEMBL3402584,CN(C)C(=O)N1CCC(=CC1)c2cc3c(ncnc3[nH]2)c4cccc(N5C=Cc6cc(cc(F)c6C5=O)C7CC7)c4CO,7.67
32,CHEMBL3402576,Cn1ccc(n1)c2cc3c(ncnc3[nH]2)c4cccc(N5C=Cc6cc(cc(F)c6C5=O)C7CC7)c4CO,7.67
33,CHEMBL3358395,CN1C=C(C=C(Nc2ccc(cn2)C3CCN(CC3)C4COC4)C1=O)c5cccc(N6C=Cc7cc(cc(F)c7C6=O)C8CC8)c5CO,7.68
34,CHEMBL3612846,Nc1ncc(c2cnn(CCC(=O)O)c2)c3scc(c4ccc(Oc5ccccc5)cc4)c13,7.68
35,CHEMBL3702842,CC(C)\C=C(/C#N)\C(=O)N1CC(Cn2nc(c3ccc(Oc4ccccc4)cc3F)c5c(N)ncnc25)C1,7.69
36,CHEMBL3746820,CN1CCN(C)C(=O)C1c2ccc(NC3=NC(=CN(C)C3=O)c4ccc(C)c(NC(=O)c5cc6CCCCc6s5)c4C)cc2,7.7
37,CHEMBL3401292,CN1CCN(C)C(=O)[C@@H]1c2ccc(NC3=NC(=CN(C)C3=O)c4cccc(NC(=O)c5cc6CCCCc6s5)c4C)cc2,7.7
38,CHEMBL3746971,CN1CCn2nc(NC3=CC(=NNC3=O)c4ccc(C)c(NC(=O)c5cc6ccccc6s5)c4C)cc2C1,7.7
39,CHEMBL3647971,C\C=C\C(=O)N1CCCC(C1)n2nc(c3ccc(Oc4ccccc4)cc3)c5c(N)ncnc25,7.7
40,CHEMBL3290134,Cc1ccc(NC(=O)c2cccc(Cl)c2)cc1C(=O)Nc3cnc(Nc4cccc(N)c4)nc3,7.7
41,CHEMBL3652649,Cn1cc(cc1C(=O)N)c2ccnc(N3N=Cc4cc(cc(F)c4C3=O)C(C)(C)C)c2CO,7.7
42,CHEMBL1916717,CCN(C(=O)\C=C\CN(C)C)c1cc2c(cc1OC)nc(Nc3ccccc3C)c4cncn24,7.72
43,CHEMBL3621514,CN1CCN(CC1)C(=O)c2ccc3c(c2)[nH]c4c(ccc(c5cccc(N)c5C)c34)C(=O)N,7.72
44,CHEMBL505896,COc1cc2c(Oc3ccc(cc3F)C4=CN=C(Cc5ccccc5)N(C)C4=O)ccnc2cc1OCCCN6CCOCC6,7.72
45,CHEMBL3263639,Cc1c(NC(=O)c2ccc(cc2)C(C)(C)C)cccc1c3nc(Nc4ccc(cc4)N5CCNCC5)c6ncn(C)c6n3,7.72
46,CHEMBL3649454,Cn1cc(nc1C(=O)N)c2cccc(N3N=Cc4cc(cc(F)c4C3=O)C(C)(C)C)c2CO,7.74
47,CHEMBL3402569,OCc1c(cccc1c2ncnc3[nH]c(cc23)c4ccc(cc4)C(=O)N5CCOCC5)N6C=Cc7cc(cc(F)c7C6=O)C8CC8,7.74
48,CHEMBL3400979,CN(C)C(=O)c1ccc(cc1)c2cc3c(ncnc3[nH]2)c4cccc(N5C=Cc6cc(cc(F)c6C5=O)C7CC7)c4CO,7.75
49,CHEMBL3665117,CN1C=C(C=C(Nc2ccc(cn2)C(=O)N3CCOCC3)C1=O)c4cccc(N5CNc6cc(ccc6C5=O)C(C)(C)O)c4C,7.75
50,CHEMBL3263656,Cc1c(NC(=O)Nc2ccccc2)cccc1c3nc(Nc4ccc(cc4)C(=O)N5CCOCC5)c6nc[nH]c6n3,7.75
51,CHEMBL3290137,Cc1ccc(NC(=O)c2cc(Cl)cc(c2)C(F)(F)F)cc1C(=O)Nc3cnc(Nc4cccc(N)c4)nc3,7.75
52,CHEMBL3290146,Cc1ccc(NC(=O)c2cccc(c2)C(F)(F)F)cc1C(=O)Nc3cnc(Nc4cccc(NC(=O)CN5Sc6ccccc6C5=O)c4)nc3,7.75
53,CHEMBL3699643,Cc1onc(NC2=CC(=NNC2=O)c3cccc(N4Cc5cc(sc5C4=O)C(C)(C)C)c3C)c1,7.75
54,CHEMBL2336005,Oc1cccc(Nc2ccnc3cc(sc23)c4cccc(CN5CCOCC5)c4)c1,7.75
55,CHEMBL3670133,CN1C=C(N=C(Nc2ccc(cc2)C3CCN(CC3)C4COC4)C1=O)c5cccc(N6CCc7c8CCCCc8sc7C6=O)c5CO,7.77
56,CHEMBL3747322,CN1CCN(C)C(=O)C1c2ccc(NC3=NC(=CN(C)C3=O)c4ccc(F)c(NC(=O)c5cc6CCCCc6s5)c4C)cc2,7.77
57,CHEMBL3263634,CN1CCN(CC1)C(=O)c2ccc(Nc3nc(nc4c3ncn4C)c5cccc(NC(=O)c6ccc(cc6)C(C)(C)C)c5C)cc2,7.77
58,CHEMBL3402585,OCc1c(cccc1c2ncnc3[nH]c(cc23)C4=CCN(CC4)C(=O)N5CCOCC5)N6C=Cc7cc(cc(F)c7C6=O)C8CC8,7.77
59,CHEMBL3670137,CCN1CCN(CC1)c2ccc(NC3=CC(=CN(C)C3=O)c4cccc(N5CCc6c(cc7CCCCn67)C5=O)c4CO)nc2,7.78
60,CHEMBL1916879,CN(C)C\C=C\C(=O)N(C)c1ccc2nc(Nc3cc(NC(=O)c4cccc(c4)C(F)(F)F)ccc3C)c5cncn5c2c1,7.78
61,CHEMBL3670136,CN1C=C(C=C(Nc2cc3COCCn3n2)C1=O)c4cccc(N5CCc6c(cc7CCCCn67)C5=O)c4CO,7.78
62,CHEMBL3702837,CC(C)(NC1COC1)\C=C(/C#N)\C(=O)N2CCC[C@H]2Cn3nc(c4ccc(Oc5ccccc5)cc4F)c6c(N)ncnc36,7.79
63,CHEMBL3670104,CN1CCN(CC1)c2ccc(NC3=CC(=CN(C)C3=O)c4cccc(N5CCc6c(cc7CCCCn67)C5=O)c4CO)nc2,7.79
64,CHEMBL3358396,CN1C=C(C=C(Nc2ccc(cn2)N3CCN(CC3)C4COC4)C1=O)c5cccc(N6C=Cc7cc(cc(F)c7C6=O)C8CC8)c5CO,7.8
65,CHEMBL3674679,CN1C=C(N=C(Nc2cnn(C)c2)C1=O)c3cccc(N4CCc5cc(ccc5C4=O)C6CC6)c3CO,7.8
66,CHEMBL3670122,CN1CCC(CC1)c2ccc(NC3=NC(=CN(C)C3=O)c4cc(F)cc(N5CCn6c7CC(C)(C)Cc7cc6C5=O)c4CO)cc2,7.8
67,CHEMBL3621457,CN1CCN(CC1)C(=O)c2ccc3[nH]c4c(ccc(c5ccccc5F)c4c3c2)C(=O)N,7.8
68,CHEMBL3621517,CN1CCN(CC1)C(=O)c2ccc3c(c2)[nH]c4c(ccc(c5cc(F)ccc5F)c34)C(=O)N,7.8
69,CHEMBL3621515,CN1CCN(CC1)C(=O)c2ccc3c(c2)[nH]c4c(ccc(c5cccc(NC(=O)C)c5C)c34)C(=O)N,7.8
70,CHEMBL3400174,CS(=O)(=O)N1CCC(=CC1)c2cc3c(ncnc3[nH]2)c4cccc(N5C=Cc6cc(cc(F)c6C5=O)C7CC7)c4CO,7.8
71,CHEMBL3290145,Cc1ccc(NC(=O)c2cccc(c2)C(F)(F)F)cc1C(=O)Nc3cnc(Nc4cccc(NS(=O)(=O)C=C)c4)nc3,7.8
72,CHEMBL2179790,CC(C)(C)c1cccc(NC(=O)c2cccc(c2)c3nn(C4CCCN(C4)C(=O)C=C)c5ncnc(N)c35)c1,7.82
73,CHEMBL3290124,CCC(=O)Nc1cccc(Nc2ncc(NC(=O)c3cc(NC(=O)c4cccc(c4)C(F)(F)F)ccc3C)cn2)c1,7.82
74,CHEMBL3674680,CN(C)C(=O)c1ccc(NC2=NC(=CN(C)C2=O)c3cccc(N4CCc5cc(ccc5C4=O)C6CC6)c3CO)cc1,7.82
75,CHEMBL3290144,CN(C)C\C=C\C(=O)Nc1cccc(Nc2ncc(NC(=O)c3cc(NC(=O)c4cccc(c4)C(F)(F)F)ccc3C)cn2)c1,7.82
76,CHEMBL3747672,CN1CCN(C)C(=O)C1c2ccc(NC3=NC(=CN(C)C3=O)c4ccc(Cl)c(NC(=O)c5cc6CCCCc6s5)c4Cl)cc2,7.82
77,CHEMBL3621500,CN1CCN(CC1)C(=O)c2ccc3c(c2)[nH]c4c(ccc(c5ccc(NC(=O)C)cc5)c34)C(=O)N,7.82
78,CHEMBL3621503,CN1CCN(CC1)C(=O)c2ccc3c(c2)[nH]c4c(ccc(c5ccccc5Cl)c34)C(=O)N,7.82
79,CHEMBL3621496,CN1CCN(CC1)C(=O)c2ccc3c(c2)[nH]c4c(ccc(c5ccccc5F)c34)C(=O)N,7.82
80,CHEMBL3286434,Cc1ccc(NC(=O)c2cccc(c2)C(F)(F)F)cc1C(=O)Nc3cnc(Nc4cccc(NC(=O)CCl)c4)nc3,7.82
81,CHEMBL3652675,CC(C)(C)c1cc(F)c2C(=O)N(N=Cc2c1)c3cccc(c3CO)n4cc(C(=O)N)c5ccc(nc45)c6ccccc6F,7.85
82,CHEMBL3290125,CN(C)CCC(=O)Nc1cccc(Nc2ncc(NC(=O)c3cc(NC(=O)c4cccc(c4)C(F)(F)F)ccc3C)cn2)c1,7.85
83,CHEMBL2057915,CN1CCN(C)C(=O)[C@H]1c2ccc(NC3=NC(=CN(C)C3=O)c4cccc(NC(=O)c5cc6CCCCc6s5)c4C)cc2,7.85
84,CHEMBL3699639,CN1CCn2nc(NC3=CC(=NNC3=O)c4cccc(N5Cc6ccc(cc6C5=O)C(C)(C)C)c4C)cc2C1,7.85
85,CHEMBL3290123,Cc1ccc(NC(=O)c2cccc(c2)C(F)(F)F)cc1C(=O)Nc3cnc(Nc4cccc(N)c4)nc3,7.85
86,CHEMBL3290142,Cc1ccc(NC(=O)c2cccc(c2)C(F)(F)F)cc1C(=O)Nc3cnc(Nc4cccc(NC(=O)C=C)c4)nc3,7.85
87,CHEMBL3652678,CC(C)(C)c1cc(F)c2C(=O)N(N=Cc2c1)c3cccc(c3CO)n4cc(C(=O)N)c5ccc(nc45)C(O)CO,7.86
88,CHEMBL1916884,CN(C)C\C=C\C(=O)N(C)c1ccc2nc(Nc3cc(Cl)ccc3C)c4cncn4c2c1,7.88
89,CHEMBL2057920,CC(C)(C)c1ccc(cc1)C(=O)N[C@@H]2CCCN(C2)c3nc(Nc4ccc(cc4)C(=O)N5CCNCC5)c6nccn6n3,7.89
90,CHEMBL3702858,CC(C)(\C=C(/C#N)\C(=O)N1CCC[C@H](C1)n2nc(c3ccc(Oc4ccccc4)cc3F)c5c(N)ncnc25)N6CCNC(=O)C6,7.89
91,CHEMBL2057916,CCNC(=O)NC1=CC(=CN(C)C1=O)c2cccc(NC(=O)c3ccc(cc3)C(C)(C)C)c2C,7.89
92,CHEMBL1916900,CN(C)C\C=C\C(=O)N(C)c1cc2c(cc1F)nc(Oc3cc(F)ccc3C)c4cncn24,7.89
93,CHEMBL3621511,CN1CCN(CC1)C(=O)c2ccc3c(c2)[nH]c4c(ccc(c5cccc(Cl)c5Cl)c34)C(=O)N,7.89
94,CHEMBL3605107,CNC(=O)Cn1cc(cn1)c2cnc(N)c3c(csc23)c4ccc(Oc5ccccc5)cc4,7.89
95,CHEMBL3785329,CNC(=O)c1cc(Oc2ccc(Nc3ncc4N(C)C(=O)N(c5cccc(NC(=O)C=C)c5)c4n3)cc2)ccn1,7.89
96,CHEMBL3290148,Cc1ccc(NC(=O)c2cccc(c2)C(F)(F)F)cc1C(=O)Nc3cnc(Nc4cccc(NC(=O)CNC(=O)C=C)c4)nc3,7.89
97,CHEMBL3647517,Nc1ncnc2c1c(nn2C3CC4(C3)CN(C4)C(=O)C5CO5)c6ccc(Oc7ccccc7)cc6,7.89
98,CHEMBL3639515,CC(C)(C)c1cc(F)c2C(=O)N(N=Cc2c1)c3cccc(c3CO)n4cc(C(=O)N)c5ccc(nc45)N6CCS(=O)(=O)CC6,7.9
99,CHEMBL1916889,CN(C)C\C=C\C(=O)N(C)c1ccc2nc(Nc3ccc(O)cc3C)c4cncn4c2c1,7.91
100,CHEMBL3612839,Nc1ncc(c2cnn(CC(=O)N3CCCCC3)c2)c4scc(c5ccc(Oc6ccccc6)cc5)c14,7.91
101,CHEMBL2179806,CC(C)(C)c1ccc(CNC(=O)c2cccc(c2)c3nn([C@@H]4CCCN(C4)C(=O)C=C)c5ncnc(N)c35)cc1,7.92
102,CHEMBL3621518,CN1CCN(CC1)C(=O)c2ccc3c(c2)[nH]c4c(ccc(c5c(F)cccc5F)c34)C(=O)N,7.92
103,CHEMBL3622191,CN1CCN(CC1)C(=O)c2ccc3c(c2)[nH]c4c(ccc(c5cccc(NC(=O)c6ccc(cc6)C(C)(C)C)c5C)c34)C(=O)N,7.92
104,CHEMBL3402572,OCc1c(cccc1c2ncnc3[nH]c(cc23)c4ccc(CN5CCOCC5)cc4)N6C=Cc7cc(cc(F)c7C6=O)C8CC8,7.92
105,CHEMBL3612840,Nc1ncc(c2cnn(CC(=O)N3CCOCC3)c2)c4scc(c5ccc(Oc6ccccc6)cc5)c14,7.93
106,CHEMBL3670120,CN1C=C(C=C(Nc2ccc3CN(CCc3n2)C4COC4)C1=O)c5cc(F)cc(N6CCn7c8CC(C)(C)Cc8cc7C6=O)c5CO,7.94
107,CHEMBL3649451,Cn1cc(cc1C(=O)N)c2cccc(N3N=Cc4cc(ccc4C3=O)C(C)(C)C)c2CO,7.94
108,CHEMBL3652674,CCOc1ccc(cn1)c2ccc3c(cn(c4cccc(N5N=Cc6cc(cc(F)c6C5=O)C(C)(C)C)c4CO)c3n2)C(=O)N,7.96
109,CHEMBL3747019,CN1CCn2nc(NC3=CC(=NNC3=O)c4ccc(C)c(NC(=O)c5cc6ccccc6s5)c4F)cc2C1,7.96
110,CHEMBL2057919,Cc1c(cccc1c2ccc(C(=O)N)c3[nH]c4cc(ccc4c23)C(O)CO)N5C=Nc6ccc(F)cc6C5=O,7.96
111,CHEMBL3290150,Cc1ccc(NC(=O)c2ccc(Cl)c(c2)C(F)(F)F)cc1C(=O)Nc3cnc(Nc4cccc(NC(=O)C=C)c4)nc3,7.96
112,CHEMBL3290127,Nc1cccc(Nc2ncc(NC(=O)c3cc(NC(=O)c4cccc(c4)C(F)(F)F)ccc3Cl)cn2)c1,7.96
113,CHEMBL1916887,CN(C)C\C=C\C(=O)N(C)c1ccc2nc(Nc3c(C)cccc3O)c4cncn4c2c1,7.98
114,CHEMBL3652673,CC(C)(C)c1cc(F)c2C(=O)N(N=Cc2c1)c3cccc(c3CO)n4cc(C(=O)N)c5ccc(nc45)N6CCOCC6,7.99
115,CHEMBL1916883,CN(C)C\C=C\C(=O)N(C)c1ccc2nc(Nc3c(C)cccc3Cl)c4cncn4c2c1,7.99
116,CHEMBL1808264,CC(C)c1nc(c2ccc(F)c(NS(=O)(=O)c3c(F)cccc3F)c2)c(s1)c4ccnc(Nc5ccc(nc5)N6CCOCC6)n4,8.0
117,CHEMBL3670130,CCn1nc(NC2=CC(=CN(C)C2=O)c3cc(F)cc(N4CCn5c6CC(C)(C)Cc6cc5C4=O)c3CO)cc1C,8.0
118,CHEMBL3670084,CN1C=C(C=C(Nc2ccc(cn2)N3CCOCC3)C1=O)c4cccc(N5CCn6c7CCCCc7cc6C5=O)c4CO,8.0
119,CHEMBL3670082,CN1C=C(C=C(Nc2ccncn2)C1=O)c3cccc(N4CCc5c6CC(C)(C)Cc6sc5C4=O)c3CO,8.0
120,CHEMBL3674682,CN1C=C(N=C(Nc2ccc(cc2)C(=O)N3CCC(O)CC3)C1=O)c4cccc(N5CCc6cc(ccc6C5=O)C7CC7)c4CO,8.0
121,CHEMBL3674681,CN1C=C(N=C(Nc2ccc(cc2)C(=O)N3CCOCC3)C1=O)c4cccc(N5CCc6cc(ccc6C5=O)C7(F)CC7)c4CO,8.0
122,CHEMBL3401289,CN1CCC(CC1)c2ccc(NC3=NC(=CN(C)C3=O)c4cccc(NC(=O)c5cc6CCCCc6s5)c4C)cc2,8.0
123,CHEMBL3746036,CN1CCn2nc(NC3=CC(=NNC3=O)c4ccc(F)c(NC(=O)c5cc6ccccc6s5)c4)cc2C1,8.0
124,CHEMBL2031893,COc1cc2nccc(Oc3ccc(NC(=O)C4=C(C)N(C)N(C4=O)c5ccccc5)cc3F)c2cc1OC,8.0
125,CHEMBL3612847,Nc1ncc(c2cnn(CCNC(=O)C=C)c2)c3scc(c4ccc(Oc5ccccc5)cc4)c13,8.0
126,CHEMBL3670121,CN1CC(C1)Oc2ccc(NC3=CC(=CN(C)C3=O)c4cc(F)cc(N5CCn6c7CCCCc7cc6C5=O)c4CO)nc2,8.01
127,CHEMBL1916898,CN(C)C\C=C\C(=O)N(C)c1cc2c(cc1Cl)nc(Nc3ccc(F)cc3C)c4cncn24,8.02
128,CHEMBL1916901,CN(C)C\C=C\C(=O)N(C)c1cc2c(cc1F)nc(Oc3ccc(F)cc3C)c4cncn24,8.02
129,CHEMBL3612841,Nc1ncc(c2cnn(c2)C3CCCNC3=O)c4scc(c5ccc(Oc6ccccc6)cc5)c14,8.02
130,CHEMBL3622192,CN1CCN(CC1)C(=O)c2ccc3c(c2)[nH]c4c(ccc(c5cccc(NC(=O)c6ccc(F)cc6)c5F)c34)C(=O)N,8.03
131,CHEMBL3358397,CN1CC(C1)N2CCN(CC2)c3ccc(NC4=CC(=CN(C)C4=O)c5cccc(N6C=Cc7cc(cc(F)c7C6=O)C8CC8)c5CO)nc3,8.05
132,CHEMBL3263640,Cc1c(NC(=O)c2ccc(cc2)C(C)(C)C)cccc1c3nc(Nc4ccc(cc4)C(=O)N5CCOCC5)c6nc[nH]c6n3,8.05
133,CHEMBL3699642,Cc1cc(NC2=CC(=NNC2=O)c3ccc(F)c(c3)N4Cc5cc(sc5C4=O)C(C)(C)C)nn1C,8.05
134,CHEMBL3290138,Cc1ccc(NC(=O)c2ccc(Cl)c(c2)C(F)(F)F)cc1C(=O)Nc3cnc(Nc4cccc(N)c4)nc3,8.05
135,CHEMBL249097,Cc1ccc(O)cc1Nc2ccnc(Nc3cccc(c3)C(=O)N)n2,8.05
136,CHEMBL3670127,CN1C=C(C=C(Nc2ccc(cn2)C3CCN(CC3)C4COC4)C1=O)c5cc(F)cc(N6CCc7c8CC(C)(C)Cc8sc7C6=O)c5CO,8.06
137,CHEMBL3402354,CN1C=C(N=C(Nc2ccc(cc2)C(=O)NCCOCCOCCNC(=S)Nc3ccc(C4=C5C=CC(=O)C=C5Oc6cc(O)ccc46)c(c3)C(=O)O)C1=O)c7cccc(NC(=O)c8ccc(cc8)C(C)(C)C)c7C,8.06
138,CHEMBL3702829,CC(C)(CO)\C=C(/C#N)\C(=O)N1CCC[C@H](C1)n2nc(c3ccc(Oc4ccccc4)cc3F)c5c(N)ncnc25,8.09
139,CHEMBL3647529,CN(C)C\C=C\C(=O)N1CC[C@@]2(C[C@H](C2)n3nc(c4ccc(Oc5ccccc5)cn4)c6c(N)ncnc36)C1,8.09
140,CHEMBL3670112,CN1CCc2cc(NC3=NC(=CN(C)C3=O)c4cc(F)cc(N5CCn6c7CCCCc7cc6C5=O)c4CO)ccc2C1,8.09
141,CHEMBL2057912,Nc1ncnc2c1c(nn2C3CCCC3)c4ccc(Oc5ccccc5)cc4,8.09
142,CHEMBL3401277,CN1C=C(N=C(Nc2ccc(cc2)C(=O)N3CCOCC3)C1=O)c4cccc(NC(=O)c5cc6CCCCc6s5)c4C,8.1
143,CHEMBL1230541,CN1C=C(N=C(Nc2ccc(cc2)C(=O)N3CCOCC3)C1=O)c4cccc(NC(=O)c5ccc(cc5)C(C)(C)C)c4C,8.1
144,CHEMBL3746128,CN1CCN(C)C(=O)C1c2ccc(NC3=NC(=CN(C)C3=O)c4cccc(NC(=O)c5cc6CCCCc6s5)c4F)cc2,8.1
145,CHEMBL3290122,Cc1ccc(NC(=O)c2cccc(c2)C(F)(F)F)cc1C(=O)Nc3cnc(Nc4ccc(N)cc4)nc3,8.1
146,CHEMBL3612842,CC(=O)Cn1cc(cn1)c2cnc(N)c3c(csc23)c4ccc(Oc5ccccc5)cc4,8.11
147,CHEMBL3652677,CC(C)(C)c1cc(F)c2C(=O)N(N=Cc2c1)c3cccc(c3CO)n4cc(C(=O)N)c5ccc(Br)nc45,8.11
148,CHEMBL3670087,CN1C=C(C=C(Nc2cc3COCCn3n2)C1=O)c4cccc(N5CCn6c7CCCCc7cc6C5=O)c4CO,8.11
149,CHEMBL3670132,CN1C=C(C=C(Nc2ccc(cn2)N3CCN(CC3)C4COC4)C1=O)c5cc(F)cc(N6CCn7c8CC(C)(C)Cc8cc7C6=O)c5CO,8.11
150,CHEMBL1916885,CN(C)C\C=C\C(=O)N(C)c1ccc2nc(Nc3ccc(Cl)cc3C)c4cncn4c2c1,8.12
151,CHEMBL3612843,Nc1ncc(c2cnn(CC#C)c2)c3scc(c4ccc(Oc5ccccc5)cc4)c13,8.13
152,CHEMBL3652671,CC(C)(C)c1cc(F)c2C(=O)N(N=Cc2c1)c3cccc(c3CO)n4cc(C(=O)N)c5cncnc45,8.14
153,CHEMBL3621519,CN1CCN(CC1)C(=O)c2ccc3c(c2)[nH]c4c(ccc(c5cccc(NC(=O)c6ccccc6)c5C)c34)C(=O)N,8.14
154,CHEMBL3647530,CN(C)C\C=C\C(=O)N1CC[C@@]2(C[C@@H](C2)n3nc(c4ccc(Oc5ccccc5)cn4)c6c(N)ncnc36)C1,8.15
155,CHEMBL3670134,CN1CCN(CC1)c2ccc(NC3=CC(=NN(C)C3=O)c4cccc(N5CCn6c7CCCCc7cc6C5=O)c4CO)nc2,8.15
156,CHEMBL3621512,CN1CCN(CC1)C(=O)c2ccc3c(c2)[nH]c4c(ccc(c5cccc(F)c5F)c34)C(=O)N,8.16
157,CHEMBL3670090,CN1N=C(C=C(Nc2cc(n(C)n2)C(C)(C)O)C1=O)c3cccc(N4CCc5c6CCCCc6sc5C4=O)c3CO,8.16
158,CHEMBL1916893,CN(C)C\C=C\C(=O)N(C)c1cc2c(cc1F)nc(Nc3cc(F)ccc3C)c4cncn24,8.17
159,CHEMBL1916902,CN(C)C\C=C\C(=O)N(C)c1ccc2nc(Oc3ccc(F)cc3C)c4cncn4c2c1,8.18
160,CHEMBL3787531,COCCOc1ccc(Nc2ncc(SC)c(Nc3cccc(NC(=O)C=C)c3)n2)cc1,8.18
161,CHEMBL3670102,CCN1CCN(CC1)c2ccc(NC3=CC(=CN(C)C3=O)c4cc(F)cc(N5CCc6c7CC(C)(C)Cc7sc6C5=O)c4CO)nc2,8.19
162,CHEMBL3639689,CN1C=C(C=C(Nc2ccc(cn2)N3CCN(CCF)CC3)C1=O)c4cc(F)cc(N5CCn6c7CC(C)(C)Cc7cc6C5=O)c4CO,8.2
163,CHEMBL3670086,CN1C=C(C=C(Nc2ccncn2)C1=O)c3cccc(N4CCn5c6CCCCc6cc5C4=O)c3CO,8.21
164,CHEMBL3400826,CN1C=C(N=C(Nc2ccc(cc2)C(=O)NCCCNC(=S)Nc3ccc(C4=C5C=CC(=O)C=C5Oc6cc(O)ccc46)c(c3)C(=O)O)C1=O)c7cccc(NC(=O)c8ccc(cc8)C(C)(C)C)c7C,8.21
165,CHEMBL3670085,CN1C=C(C=C(Nc2cc3CN(CCn3n2)C(=O)C)C1=O)c4cccc(N5CCn6c7CCCCc7cc6C5=O)c4CO,8.22
166,CHEMBL3670129,CN1C=C(C=C(Nc2ccc(cn2)N3CCNCC3)C1=O)c4cccc(N5CCn6c7CCCCc7cc6C5=O)c4CO,8.22
167,CHEMBL3400825,CN1C=C(N=C(Nc2ccc(cc2)C(=O)NCCNC(=S)Nc3ccc(C4=C5C=CC(=O)C=C5Oc6cc(O)ccc46)c(c3)C(=O)O)C1=O)c7cccc(NC(=O)c8ccc(cc8)C(C)(C)C)c7C,8.22
168,CHEMBL3670089,CN1C=C(N=C(Nc2cnn(CCO)c2)C1=O)c3cccc(N4CCc5c6CCCCc6sc5C4=O)c3CO,8.22
169,CHEMBL3745795,CN1CCN(C)C(=O)C1c2ccc(NC3=NC(=CN(C)C3=O)c4cccc(NC(=O)c5cc6CCCCc6s5)c4)cc2,8.22
170,CHEMBL3747554,CN1CCN(C)C(=O)C1c2ccc(NC3=NC(=CN(C)C3=O)c4cccc(NC(=O)c5cc6CCCCc6s5)c4Cl)cc2,8.22
171,CHEMBL3747161,CN1CCN(C)C(=O)[C@@H]1c2ccc(NC3=NC(=CN(C)C3=O)c4ccc(C)c(NC(=O)c5cc6CCCCc6s5)c4F)cc2,8.22
172,CHEMBL3747315,CN1CCN(C)C(=O)[C@H]1c2ccc(NC3=NC(=CN(C)C3=O)c4ccc(C)c(NC(=O)c5cc6CCCCc6s5)c4F)cc2,8.22
173,CHEMBL3702846,CC(C)(\C=C(/C#N)\C(=O)N1CCC[C@H]1Cn2nc(c3ccc(Oc4ccccc4)cc3F)c5c(N)ncnc25)N6CC7(COC7)C6,8.25
174,CHEMBL3787055,CNC(=O)c1cc(Oc2ccc(Nc3ncc([S+](C)[O-])c(Nc4cccc(NC(=O)C=C)c4)n3)cc2)ccn1,8.25
175,CHEMBL1916899,CN(C)C\C=C\C(=O)N(C)c1cc2c(cc1F)nc(Oc3ccccc3C)c4cncn24,8.26
176,CHEMBL3402353,CN1C=C(N=C(Nc2ccc(cc2)C(=O)NCCCCNC(=S)Nc3ccc(C4=C5C=CC(=O)C=C5Oc6cc(O)ccc46)c(c3)C(=O)O)C1=O)c7cccc(NC(=O)c8ccc(cc8)C(C)(C)C)c7C,8.26
177,CHEMBL1916894,CN(C)C\C=C\C(=O)N(C)c1cc2c(cc1F)nc(Nc3ccc(F)cc3C)c4cncn24,8.27
178,CHEMBL3702853,CC(C)(CN1CCOCC1)\C=C(/C#N)\C(=O)N2CCC[C@H]2Cn3nc(c4ccc(Oc5ccccc5)cc4F)c6c(N)ncnc36,8.28
179,CHEMBL3670138,CN1C=C(C=C(Nc2ccc(cn2)N3CCN(CC3)C4COC4)C1=O)c5cccc(N6CCn7c8CC(C)(C)Cc8cc7C6=O)c5CO,8.28
180,CHEMBL3670126,CN1CC(C1)c2ccc(NC3=NC(=CN(C)C3=O)c4cc(F)cc(N5CCc6c7CC(C)(C)Cc7sc6C5=O)c4CO)cc2,8.28
181,CHEMBL3670110,CN1CCC(CC1)c2ccc(NC3=NC(=CN(C)C3=O)c4cc(F)cc(N5CCc6c7CCCCc7sc6C5=O)c4CO)cc2,8.28
182,CHEMBL2179804,CC(C)c1ccc(NC(=O)c2cccc(c2)c3nn([C@@H]4CCCN(C4)C(=O)C=C)c5ncnc(N)c35)cc1,8.3
183,CHEMBL500517,CN(C(=O)c1ccccc1)c2ccc3N(CCC(=O)N)\C(=N\C(=O)c4ccc(\C=C\c5ncc(N)cn5)s4)\Nc3c2,8.3
184,CHEMBL1916896,CN(C)C\C=C\C(=O)N(C)c1cc2c(cc1Cl)nc(Nc3ccccc3Cl)c4cncn24,8.3
185,CHEMBL3670093,CN1C=C(C=C(Nc2cc3COCCn3n2)C1=O)c4cc(F)cc(N5CCn6c7CCCCc7cc6C5=O)c4CO,8.3
186,CHEMBL3670118,CN1C=C(C=C(Nc2ccc(cn2)N3CCOCC3)C1=O)c4cc(F)cc(N5CCc6c7CCCCc7sc6C5=O)c4CO,8.3
187,CHEMBL3747742,CN1CCN(C)C(=O)C1c2ccc(NC3=NC(=CN(C)C3=O)c4ccc(C)c(NC(=O)c5cc6CCCCc6s5)c4Cl)cc2,8.3
188,CHEMBL3670088,CN1CCN(CC1)c2ccc(NC3=CC(=CN(C)C3=O)c4cccc(N5CCn6c7CCCCc7cc6C5=O)c4CO)nc2,8.3
189,CHEMBL3699647,Cc1c(cccc1C2=NNC(=O)C(=C2)Nc3cc(CN4CC(F)(F)C4)n(C)n3)N5Cc6cc(sc6C5=O)C(C)(C)C,8.3
190,dasatinib,CC1=NC(NC2=NC=C(S2)C(=O)NC2=C(C)C=CC=C2Cl)=CC(=N1)N1CCN(CCO)CC1,8.3
191,CHEMBL3670131,CN1C=C(C=C(Nc2ccc(cn2)C3CCN(CC3)C4COC4)C1=O)c5cc(F)cc(N6CCc7c8CCCCc8sc7C6=O)c5CO,8.31
192,CHEMBL3670108,CN1CCn2nc(NC3=CC(=CN(C)C3=O)c4cc(F)cc(N5CCc6c7CC(C)(C)Cc7sc6C5=O)c4CO)cc2C1,8.31
193,CHEMBL1916895,CN(C)C\C=C\C(=O)N(C)c1cc2c(cc1Cl)nc(Nc3ccccc3C)c4cncn24,8.32
194,CHEMBL3402356,CN1C=C(N=C(Nc2ccc(cc2)C(=O)N3CCOC(CNC(=S)Nc4ccc(C5=C6C=CC(=O)C=C6Oc7cc(O)ccc57)c(c4)C(=O)O)C3)C1=O)c8cccc(NC(=O)c9ccc(cc9)C(C)(C)C)c8C,8.32
195,bosutinib,COc1cc(Nc2c(cnc3cc(OCCCN4CCN(C)CC4)c(OC)cc23)C#N)c(Cl)cc1Cl,8.32
196,CHEMBL3702835,CC(C)(\C=C(/C#N)\C(=O)N1CCC[C@H]1Cn2nc(c3ccc(Oc4ccccc4)cc3F)c5c(N)ncnc25)N6CCNCC6,8.33
197,CHEMBL3670101,CN1CC(C1)c2ccc(NC3=CC(=CN(C)C3=O)c4cc(F)cc(N5CCn6c7CC(C)(C)Cc7cc6C5=O)c4CO)nc2,8.33
198,CHEMBL3301625,COCCOc1ccc(Nc2ncc(F)c(Nc3cccc(NC(=O)C=C)c3)n2)cc1,8.34
199,CHEMBL3670125,CN(C)CCOc1ccc(NC2=CC(=CN(C)C2=O)c3cc(F)cc(N4CCn5c6CCCCc6cc5C4=O)c3CO)nc1,8.38
200,CHEMBL3670109,CN1C=C(C=C(Nc2ccc3CN(CCc3n2)C4COC4)C1=O)c5cc(F)cc(N6CCc7c8CC(C)(C)Cc8sc7C6=O)c5CO,8.38
201,CHEMBL3652650,CC(C)(C)c1cc(F)c2C(=O)N(N=Cc2c1)c3cccc(c3CO)n4cc(C(=O)N)c5ccccc45,8.39
202,CHEMBL3702843,CC(C)(\C=C(/C#N)\C(=O)N1CCC1Cn2nc(c3ccc(Oc4ccccc4)cc3F)c5c(N)ncnc25)N6CCOCC6,8.39
203,CHEMBL3702828,CC(C)(\C=C(/C#N)\C(=O)N1CCC[C@H](C1)n2nc(c3ccc(Oc4ccccc4)cc3F)c5c(N)ncnc25)N6CCC6,8.39
204,CHEMBL3787191,COCCOc1ccc(Nc2ncc3N(C)C(=O)N(c4cccc(NC(=O)C=C)c4)c3n2)cc1,8.39
205,CHEMBL3647527,CC#CC(=O)N1CC[C@@]2(C[C@@H](C2)n3nc(c4ccc(Oc5ccccc5)cn4)c6c(N)ncnc36)C1,8.4
206,CHEMBL3702838,CC(C)\C=C(/C#N)\C(=O)N1CCC1Cn2nc(c3ccc(Oc4ccccc4)cc3F)c5c(N)ncnc25,8.4
207,CHEMBL3670099,CCN1CCN(CC1)c2ccc(NC3=CC(=CN(C)C3=O)c4cc(F)cc(N5CCc6c7CCCCc7sc6C5=O)c4CO)nc2,8.4
208,CHEMBL3352876,CCN1CCN(CC1)c2ccc(NC3=CC(=CN(C)C3=O)c4cccc(N5C=Cc6cc(cc(F)c6C5=O)C7CC7)c4CO)nc2,8.4
209,CHEMBL3670100,CN(C)CCN(C)c1ccc(NC2=CC(=CN(C)C2=O)c3cc(F)cc(N4CCc5c6CC(C)(C)Cc6sc5C4=O)c3CO)nc1,8.4
210,CHEMBL1916897,CN(C)C\C=C\C(=O)N(C)c1cc2c(cc1Cl)nc(Nc3cc(F)ccc3C)c4cncn24,8.4
211,CHEMBL1916718,CN(C)C\C=C\C(=O)N(C)c1ccc2nc(Nc3ccccc3C)c4cncn4c2c1,8.4
212,CHEMBL3670111,CN1CCC(CC1)c2ccc(NC3=NC(=CN(C)C3=O)c4cc(F)cc(N5CCn6c7CCCCc7cc6C5=O)c4CO)cc2,8.4
213,CHEMBL3745934,CN1CCN(C)C(=O)C1c2ccc(NC3=NC(=CN(C)C3=O)c4ccc(F)c(NC(=O)c5cc6CCCCc6s5)c4F)cc2,8.4
214,CHEMBL3747417,CN1CCn2nc(NC3=CC(=NNC3=O)c4ccc(F)c(NC(=O)c5ccc(cc5)C(C)(C)C)c4C)cc2C1,8.4
215,CHEMBL3746333,CN1CCn2nc(NC3=CC(=NNC3=O)c4ccc(F)c(NC(=O)c5cnc(cn5)C(C)(C)C)c4C)cc2C1,8.4
216,CHEMBL3746115,CN1CCn2nc(NC3=CC(=NNC3=O)c4cccc(NC(=O)c5cc6ccccc6s5)c4C)cc2C1,8.4
217,CHEMBL3699641,Cc1c(cccc1C2=NNC(=O)C(=C2)Nc3cc([nH]n3)C4CC4)N5Cc6cc(sc6C5=O)C(C)(C)C,8.4
218,CHEMBL3657237,Nc1n[nH]c2cc(nc(c3ccc(Oc4ccccc4)cc3)c12)C5CCCN(C5)C(=O)C=C,8.4
219,CHEMBL3670095,CN1C=C(C=C(Nc2ccc(cn2)N3CCN(CC3)C4COC4)C1=O)c5cc(F)cc(N6CCn7c8CCCCc8cc7C6=O)c5CO,8.41
220,CHEMBL3670097,CN1CCC(CC1)c2ccc(NC3=CC(=CN(C)C3=O)c4cc(F)cc(N5CCc6c7CCCCc7sc6C5=O)c4CO)nc2,8.42
221,CHEMBL3622189,CN1CCN(CC1)C(=O)c2ccc3c(c2)[nH]c4c(ccc(c5cccc(NC(=O)c6ccc(F)cc6)c5C)c34)C(=O)N,8.42
222,CHEMBL3702834,CN1CCN(CC1)C(C)(C)\C=C(/C#N)\C(=O)N2CCC[C@H]2Cn3nc(c4ccc(Oc5ccccc5)cc4F)c6c(N)ncnc36,8.42
223,CHEMBL3786656,COCCOc1ccc(Nc2ncc([S+](C)[O-])c(Nc3cccc(NC(=O)C=C)c3)n2)cc1,8.43
224,CHEMBL3670114,CCN1CCn2nc(NC3=CC(=CN(C)C3=O)c4cc(F)cc(N5CCn6c7CC(C)(C)Cc7cc6C5=O)c4CO)cc2C1,8.44
225,CHEMBL3647973,Nc1ncnc2c1c(nn2C3CCN(CC3)C(=O)C=C)c4ccc(Oc5ccccc5)cc4,8.44
226,CHEMBL2151321,CC(C)Oc1cc(n[nH]1)n2cnc3ccc(N[C@@H](C)c4ccc(F)cn4)nc23,8.46
227,CHEMBL3622190,CN(C)c1ccc(cc1)C(=O)Nc2cccc(c2C)c3ccc(C(=O)N)c4[nH]c5cc(ccc5c34)C(=O)N6CCN(C)CC6,8.46
228,CHEMBL3670106,CC(C)N(C)Cc1ccc(NC2=CC(=CN(C)C2=O)c3cc(F)cc(N4CCc5c6CCCCc6sc5C4=O)c3CO)nc1,8.47
229,CHEMBL3670115,CN(C)CCN(C)c1ccc(NC2=CC(=CN(C)C2=O)c3cc(F)cc(N4CCc5c6CCCCc6sc5C4=O)c3CO)nc1,8.47
230,CHEMBL3670128,COc1nccc(NC2=CC(=CN(C)C2=O)c3cc(F)cc(N4CCn5c6CC(C)(C)Cc6cc5C4=O)c3CO)n1,8.47
231,CHEMBL1916891,CN(C)C\C=C\C(=O)N(C)c1cc2c(cc1F)nc(Nc3ccccc3C)c4cncn24,8.48
232,CHEMBL1916880,CN(C)C\C=C\C(=O)N(C)c1ccc2nc(Nc3cc(F)ccc3C)c4cncn4c2c1,8.48
233,CHEMBL3670135,CN1CCC(C1)c2ccc(NC3=CC(=CN(C)C3=O)c4cc(F)cc(N5CCc6c7CCCCc7sc6C5=O)c4CO)nc2,8.48
234,CHEMBL3649461,CC(C)(C)c1cc(F)c2C(=O)N(N=Cc2c1)c3cccc(c3CO)n4cc(C(=O)N)c5cccnc45,8.5
235,CHEMBL3707348,CC#CC(=O)N1CCC[C@H]1c2nc(c3ccc(cc3)C(=O)Nc4ccccn4)c5c(N)nccn25,8.51
236,CHEMBL3702827,CC1(COC1)\C=C(/C#N)\C(=O)N2CCC[C@H](C2)n3nc(c4ccc(Oc5ccccc5)cc4F)c6c(N)ncnc36,8.51
237,CHEMBL3657241,CN(C)C(=O)Cn1ccc(Nc2cc3[nH]nc(N)c3c(n2)c4ccc(Oc5ccccc5)cc4)n1,8.52
238,CHEMBL3670124,CN(C)CCOc1ccc(NC2=CC(=CN(C)C2=O)c3cc(F)cc(N4CCc5c6CC(C)(C)Cc6sc5C4=O)c3CO)nc1,8.52
239,CHEMBL3622193,CN(C)c1ccc(cc1)C(=O)Nc2cccc(c2F)c3ccc(C(=O)N)c4[nH]c5cc(ccc5c34)C(=O)N6CCN(C)CC6,8.52
240,CHEMBL3670091,CN1C=C(C=C(Nc2cc(n[nH]2)C3CC3)C1=O)c4cccc(N5CCc6c7CCCCc7sc6C5=O)c4CO,8.52
241,CHEMBL3358346,CN1CCN(CC1)c2ccc(NC3=CC(=CN(C)C3=O)c4cccc(N5N=Cc6cc(cc(F)c6C5=O)C(C)(C)C)c4CO)nc2,8.52
242,CHEMBL3746293,CN1CCn2nc(NC3=CC(=NNC3=O)c4ccc(F)c(NC(=O)c5cc6ccccc6s5)c4C)cc2C1,8.52
243,CHEMBL3699640,Cc1c(cccc1C2=NNC(=O)C(=C2)Nc3cc(C)n(C)n3)N4Cc5cc(sc5C4=O)C(C)(C)C,8.52
244,CHEMBL3657236,Nc1n[nH]c2cc(nc(c3ccc(Oc4ccccc4)cc3)c12)C5CCCN(C5)C(=O)Nc6ccccc6,8.52
245,CHEMBL1916881,CN(C)C\C=C\C(=O)N(C)c1ccc2nc(Nc3ccc(F)cc3C)c4cncn4c2c1,8.53
246,CHEMBL3670113,CCN1CCc2nc(NC3=CC(=CN(C)C3=O)c4cc(F)cc(N5CCn6c7CC(C)(C)Cc7cc6C5=O)c4CO)ccc2C1,8.55
247,CHEMBL3670096,CN1C=C(C=C(Nc2ccc(cn2)C3CCN(CC3)C4COC4)C1=O)c5cc(F)cc(N6CCn7c8CCCCc8cc7C6=O)c5CO,8.55
248,CHEMBL3652672,CN1CCN(CC1)c2ccc3c(cn(c4cccc(N5N=Cc6cc(cc(F)c6C5=O)C(C)(C)C)c4CO)c3n2)C(=O)N,8.55
249,CHEMBL3670107,CN1CCC(CC1)c2ccc(NC3=NC(=CN(C)C3=O)c4cc(F)cc(N5CCc6c7CC(C)(C)Cc7sc6C5=O)c4CO)cc2,8.59
250,CHEMBL3647970,CN(C)C\C=C\C(=O)N1CCC[C@H](C1)n2nc(c3ccc(Oc4ccccc4)cc3)c5c(N)ncnc25,8.6
251,CHEMBL3402355,CN1C=C(N=C(Nc2ccc(cc2)C(=O)N3CCN(CC3)C(=S)Nc4ccc(C5=C6C=CC(=O)C=C6Oc7cc(O)ccc57)c(c4)C(=O)O)C1=O)c8cccc(NC(=O)c9ccc(cc9)C(C)(C)C)c8C,8.6
252,CHEMBL1916714,COc1cc2nc(Nc3ccccc3C)c4cncn4c2cc1NC(=O)C(=C)CN5CCOCC5,8.6
253,CHEMBL3649455,Cn1cc(cc1C(=O)N)c2cccc(N3N=Cc4cc(cc(F)c4C3=O)C(C)(C)C)c2CO,8.6
254,CHEMBL3647521,Nc1ncnc2c1c(nn2C3CC4(C3)CN(C4)C(=O)C=C)c5ccc(Oc6ccccc6)nc5,8.62
255,CHEMBL3670103,CN1C=C(C=C(Nc2ccc(CN3CCOCC3)cn2)C1=O)c4cc(F)cc(N5CCn6c7CC(C)(C)Cc7cc6C5=O)c4CO,8.63
256,CHEMBL3670105,CN1C=C(C=C(Nc2cc(C)n[nH]2)C1=O)c3cc(F)cc(N4CCn5c6CC(C)(C)Cc6cc5C4=O)c3CO,8.66
257,CHEMBL3670123,CN1CCC(CC1)c2ccc(NC3=CC(=CN(C)C3=O)c4cc(F)cc(N5CCc6c7CC(C)(C)Cc7sc6C5=O)c4CO)nc2,8.66
258,CHEMBL3702836,CN(C1COC1)C(C)(C)\C=C(/C#N)\C(=O)N2CCC[C@H]2Cn3nc(c4ccc(Oc5ccccc5)cc4F)c6c(N)ncnc36,8.68
259,CHEMBL3670117,CN1CCCC1c2ccc(NC3=CC(=CN(C)C3=O)c4cc(F)cc(N5CCc6c7CCCCc7sc6C5=O)c4CO)nc2,8.68
260,CHEMBL2179805,CC(C)c1ccc(NC(=O)c2cccc(c2)c3nn([C@@H]4CCCN(C4)C(=O)C=C)c5ncnc(N)c35)cc1C,8.7
261,CHEMBL3358345,CCN1CCN(CC1)c2ccc(NC3=CC(=CN(C)C3=O)c4cccc(N5N=Cc6cc(cc(F)c6C5=O)C(C)(C)C)c4CO)nc2,8.7
262,CHEMBL3670092,CCn1cc(NC2=NC(=CN(C)C2=O)c3cccc(N4CCc5c6CC(C)(C)Cc6sc5C4=O)c3CO)cn1,8.7
263,CHEMBL3670098,CN(C)CCOc1ccc(NC2=CC(=CN(C)C2=O)c3cc(F)cc(N4CCc5c6CCCCc6sc5C4=O)c3CO)nc1,8.7
264,CHEMBL3670094,CN1CCN(CC1)c2ccc(NC3=CC(=CN(C)C3=O)c4cc(F)cc(N5CCn6c7CCCCc7cc6C5=O)c4CO)nc2,8.7
265,CHEMBL3670078,CN1CCn2nc(NC3=CC(=NNC3=O)c4cccc(N5CCn6c7CCCCc7cc6C5=O)c4C)cc2C1,8.7
266,CHEMBL3657232,CNC(=O)c1ccc(cc1)c2cc3[nH]nc(N)c3c(n2)c4ccc(Oc5ccccc5)cc4,8.7
267,CHEMBL3657238,COC(=O)C(=O)N1CCCC(C1)c2cc3[nH]nc(N)c3c(n2)c4ccc(Oc5ccccc5)cc4,8.7
268,CHEMBL3702856,COC(=O)N1CCN(CC1)C(C)(C)\C=C(/C#N)\C(=O)N2CCC[C@H](C2)n3nc(c4ccc(Oc5ccccc5)cc4F)c6c(N)ncnc36,8.7
269,CHEMBL2057913,COc1cc(ccc1Oc2ccc(Cl)c(Cl)c2)c3c(Cl)c(C4CCCN(C4)C(=O)C=C)n5ncnc(N)c35,8.7
270,CHEMBL2216828,COc1cc(ccc1Oc2cccc(Cl)c2)c3c(Cl)c(C4CCCN(C4)C(=O)C=C)n5ncnc(N)c35,8.7
271,CHEMBL3657244,Nc1n[nH]c2cc(nc(c3ccc(Oc4cccc(F)c4)cc3)c12)c5ccc(cc5)C(=O)O,8.7
272,CHEMBL3657239,Nc1n[nH]c2cc(nc(c3ccc(Oc4ccccc4)cc3)c12)C5CCN(CC5)C(=O)Nc6ccccc6,8.7
273,CHEMBL3657234,Nc1n[nH]c2cc(nc(c3ccc(Oc4ccccc4)cc3)c12)c5ccc(cc5)c6nnn[nH]6,8.7
274,CHEMBL3702855,CC(=O)N1CCN(CC1)C(C)(C)\C=C(/C#N)\C(=O)N2CCC[C@H](C2)n3nc(c4ccc(Oc5ccccc5)cc4F)c6c(N)ncnc36,8.72
275,CHEMBL3702831,CC(C)(\C=C(/C#N)\C(=O)N1CCC[C@H]1Cn2nc(c3ccc(Oc4ccccc4)cc3F)c5c(N)ncnc25)N6CCCC6,8.72
276,CHEMBL1916882,CN(C)C\C=C\C(=O)N(C)c1ccc2nc(Nc3cccc(F)c3C)c4cncn4c2c1,8.72
277,CHEMBL3669312,Nc1ncnc2c1c(nn2C3CCN(C3)C(=O)C=C)c4ccc(Oc5ccccc5)cc4,8.72
278,CHEMBL3647965,Nc1ncnc2c1c(nn2[C@H]3CCN(C3)C(=O)C=C)c4ccc(Oc5ccccc5)cc4,8.72
279,CHEMBL1916892,CN(C)C\C=C\C(=O)N(C)c1cc2c(cc1F)nc(Nc3ccccc3Cl)c4cncn24,8.74
280,CHEMBL3647515,CN(C)C\C=C\C(=O)N1CC2(CC(C2)n3nc(c4ccc(Oc5ccccc5)cc4)c6c(N)ncnc36)C1,8.75
281,CHEMBL3670119,CN1CCC[C@@H]1c2ccc(NC3=CC(=CN(C)C3=O)c4cc(F)cc(N5CCn6c7CC(C)(C)Cc7cc6C5=O)c4CO)nc2,8.76
282,CHEMBL3647524,Nc1ncnc2c1c(nn2C3CC4(C3)CN(C4)C(=O)C=C)c5ccc(Oc6ccccc6)cn5,8.8
283,CHEMBL3647966,Nc1ncnc2c1c(nn2[C@@H]3CCN(C3)C(=O)C=C)c4ccc(Oc5ccccc5)cc4,8.8
284,CHEMBL1916888,CN(C)C\C=C\C(=O)N(C)c1ccc2nc(Nc3cc(O)ccc3C)c4cncn4c2c1,8.81
285,CHEMBL3702845,CC(C)(\C=C(/C#N)\C(=O)N1CCC[C@H](C1)n2nc(c3ccc(Oc4ccccc4)cc3F)c5c(N)ncnc25)N6CC7(COC7)C6,8.82
286,CHEMBL3702854,CC(C)(\C=C(/C#N)\C(=O)N1CCC[C@H](C1)n2nc(c3ccc(Oc4ccccc4)cc3F)c5c(N)ncnc25)N6CCN(CC6)C7COC7,8.82
287,CHEMBL3786931,CN(C)c1ccc(Nc2ncc([S+](C)[O-])c(Nc3cccc(NC(=O)C=C)c3)n2)cn1,8.83
288,CHEMBL3702852,CC(C)(\C=C(/C#N)\C(=O)N1CCC[C@H](C1)n2nc(c3ccc(Oc4ccccc4)cc3F)c5c(N)ncnc25)N6CCN(CC6)S(=O)(=O)C,8.85
289,CHEMBL3670116,CN1CCCC1c2ccc(NC3=CC(=CN(C)C3=O)c4cc(F)cc(N5CCc6c7CC(C)(C)Cc7sc6C5=O)c4CO)nc2,8.85
290,CHEMBL3647964,Nc1ncnc2c1c(nn2[C@H]3CCCN(C3)C(=O)C=C)c4ccc(Oc5ccccc5)cc4,8.85
291,CHEMBL3702857,CCN1CCN(CC1=O)C(C)(C)\C=C(/C#N)\C(=O)N2CCC[C@H](C2)n3nc(c4ccc(Oc5ccccc5)cc4F)c6c(N)ncnc36,8.89
292,CHEMBL3702851,CN1CCN(CC1=O)C(C)(C)\C=C(/C#N)\C(=O)N2CCC[C@H](C2)n3nc(c4ccc(Oc5ccccc5)cc4F)c6c(N)ncnc36,8.92
293,CHEMBL3652666,Cc1ccc(Nc2nn(cc2C(=O)N)c3cccc(N4N=Cc5cc(ccc5C4=O)C(C)(C)C)c3CO)nc1,8.95
294,CHEMBL3647520,CC#CC(=O)N1CC2(CC(C2)n3nc(c4ccc(Oc5ccccc5)nc4)c6c(N)ncnc36)C1,8.96
295,CHEMBL3787615,CSc1cnc(Nc2ccc(cc2)N3CCOCC3)nc1Nc4cccc(NC(=O)C=C)c4,8.97
296,CHEMBL3647525,CC#CC(=O)N1CC2(CC(C2)n3nc(c4ccc(Oc5ccccc5)cn4)c6c(N)ncnc36)C1,9.0
297,CHEMBL3670083,CN1C=C(C=C(Nc2cc(n[nH]2)C3CC3)C1=O)c4cccc(N5CCn6c7CCCCc7cc6C5=O)c4CO,9.0
298,CHEMBL3786343,CN1CCN(CC1)c2ccc(Nc3nc(Oc4cccc(NC(=O)C=C)c4)c5sccc5n3)cc2,9.0
299,CHEMBL3745935,CN1CCn2nc(NC3=CC(=NNC3=O)c4ccc(F)c(NC(=O)c5cc6ccccc6s5)c4F)cc2C1,9.0
300,CHEMBL2216827,CNC(=O)c1cc(Oc2ccc(Nc3ncc(F)c(Nc4cccc(NC(=O)C=C)c4)n3)cc2)ccn1,9.0
301,CHEMBL3702850,COCCN1CCN(CC1)C(C)(C)\C=C(/C#N)\C(=O)N2CCC[C@H](C2)n3nc(c4ccc(Oc5ccccc5)cc4F)c6c(N)ncnc36,9.0
302,CHEMBL3657235,Nc1n[nH]c2c(cnc(c3ccc(Oc4ccccc4)cc3)c12)c5ccccn5,9.0
303,CHEMBL3657240,Nc1n[nH]c2cc(nc(c3ccc(Oc4ccccc4)cc3)c12)c5ccc(C(=O)O)c(F)c5,9.0
304,CHEMBL3657233,Nc1n[nH]c2cc(nc(c3ccc(Oc4ccccc4)cc3)c12)c5ccc(cc5)C(=O)NCC(=O)O,9.0
305,CHEMBL2057923,Nc1n[nH]c2cc(nc(c3ccc(Oc4ccccc4)cc3)c12)c5ccc(cc5)C(=O)O,9.0
306,CHEMBL3647514,Nc1ncnc2c1c(nn2C3CC4(C3)CN(C4)C(=O)C=C)c5ccc(Oc6ccccc6)cc5,9.0
307,CHEMBL3652681,CC(C)(C)c1ccc2C(=O)N(N=Cc2c1)c3cccc(c3CO)n4cc(C(=O)N)c(Nc5ccccn5)n4,9.02
308,CHEMBL3785165,C[S+]([O-])c1cnc(Nc2ccc(cc2)N3CCOCC3)nc1Nc4cccc(NC(=O)C=C)c4,9.04
309,CHEMBL3702833,CC(C)(\C=C(/C#N)\C(=O)N1CCC[C@H](C1)n2nc(c3ccc(Oc4ccccc4)cc3F)c5c(N)ncnc25)N6CC(O)C6,9.05
310,CHEMBL3702840,CCN(C1COC1)C(C)(C)\C=C(/C#N)\C(=O)N2CCC[C@H](C2)n3nc(c4ccc(Oc5ccccc5)cc4F)c6c(N)ncnc36,9.05
311,CHEMBL3702847,CCN1CCN(CC1)C(C)(C)\C=C(/C#N)\C(=O)N2CCC[C@H](C2)n3nc(c4ccc(Oc5ccccc5)cc4F)c6c(N)ncnc36,9.05
312,CHEMBL3702859,CCN1CCN(CC1)C(C)(C)\C=C(/C#N)\C(=O)N2CCC[C@H]2Cn3nc(c4ccc(Oc5ccccc5)cc4F)c6c(N)ncnc36,9.05
313,CHEMBL1916715,COc1cc2nc(Nc3ccccc3C)c4cncn4c2cc1NC(=O)\C=C\CN(C)C,9.05
314,CHEMBL3670081,CN1C=C(C=C(Nc2ccncn2)C1=O)c3cccc(N4CCc5c6CCCCc6sc5C4=O)c3CO,9.06
315,CHEMBL3647518,Nc1ncnc2c1c(nn2C3CC4(CCN(C4)C(=O)C=C)C3)c5ccc(Oc6ccccc6)cc5,9.06
316,CHEMBL3647519,CN1C(=NC=C(C1=O)c2ccc(c(F)c2)c3nn(C4CC5(C4)CN(C5)C(=O)C=C)c6ncnc(N)c36)Cc7ccccc7,9.07
317,CHEMBL1916713,COc1cc2nc(Nc3ccccc3C)c4cncn4c2cc1NC(=O)C#CCN5CCCCC5,9.07
318,CHEMBL1916712,COc1cc2nc(Nc3ccccc3C)c4cncn4c2cc1NC(=O)C#CCN5CCOCC5,9.07
319,CHEMBL3647516,CC#CC(=O)N1CC2(CC(C2)n3nc(c4ccc(Oc5ccccc5)cc4)c6c(N)ncnc36)C1,9.08
320,CHEMBL3652665,CC(C)(C)c1ccc2C(=O)N(N=Cc2c1)c3cccc(c3CO)n4cc(C(=O)N)c(Nc5cnccn5)n4,9.08
321,CHEMBL3647526,CC#CC(=O)N1CC[C@@]2(C[C@H](C2)n3nc(c4ccc(Oc5ccccc5)cn4)c6c(N)ncnc36)C1,9.13
322,CHEMBL3647969,Nc1ncnc2c1c(nn2C3CCCN(C3)C(=O)C#C)c4ccc(Oc5ccccc5)cc4,9.14
323,CHEMBL3182647,Nc1ncnc2c1c(nn2C3CCCN(C3)C(=O)C=C)c4ccc(Oc5ccccc5)cc4,9.14
324,CHEMBL3702844,CC(C)(\C=C(/C#N)\C(=O)N1CCC[C@H](C1)n2nc(c3ccc(Oc4ccccc4)cc3F)c5c(N)ncnc25)N6CCC(O)CC6,9.16
325,CHEMBL3702848,CC(C)N1CCN(CC1)C(C)(C)\C=C(/C#N)\C(=O)N2CCC[C@H](C2)n3nc(c4ccc(Oc5ccccc5)cc4F)c6c(N)ncnc36,9.16
326,CHEMBL3639560,Nc1n[nH]c2cc(nc(c3ccc(Oc4ccccc4)cc3)c12)c5ccc(cc5)C(=O)Nc6nnn[nH]6,9.16
327,CHEMBL3702849,CC(C)(C)N1CCN(CC1)C(C)(C)\C=C(/C#N)\C(=O)N2CCC[C@H](C2)n3nc(c4ccc(Oc5ccccc5)cc4F)c6c(N)ncnc36,9.22
328,CHEMBL3702839,CN(C1COC1)C(C)(C)\C=C(/C#N)\C(=O)N2CCC[C@H](C2)n3nc(c4ccc(Oc5ccccc5)cc4F)c6c(N)ncnc36,9.22
329,CHEMBL3652661,CC(C)(C)c1cc(F)c2C(=O)N(N=Cc2c1)c3cccc(c3CO)n4cc(C(=O)N)c(Nc5ccc(cn5)C(F)(F)F)n4,9.24
330,CHEMBL3647972,Nc1ncnc2c1c(nn2C3CCCN(C3)C(=O)CCl)c4ccc(Oc5ccccc5)cc4,9.24
331,CHEMBL3647967,Nc1ncnc2c1c(nn2[C@@H]3CC[C@@H](CC3)NC(=O)C=C)c4ccc(Oc5ccccc5)cc4,9.24
332,CHEMBL3652664,CC(C)(C)c1ccc2C(=O)N(N=Cc2c1)c3cccc(c3CO)n4cc(C(=O)N)c(Nc5ccc(F)cn5)n4,9.25
333,CHEMBL3647968,Nc1ncnc2c1c(nn2C3CCCN(C3)S(=O)(=O)C=C)c4ccc(Oc5ccccc5)cc4,9.28
334,CHEMBL3652663,Cc1cc(Nc2nn(cc2C(=O)N)c3cccc(N4N=Cc5cc(ccc5C4=O)C(C)(C)C)c3CO)nn1C,9.29
335,CHEMBL3397911,CN(CCCOc1cccc(Nc2ncc(C)c(n2)N(C)c3cccc(NC(=O)C=C)c3)c1)C(=O)CCCC(=O)NCCCOCCOCCOCCCNC(=O)CCCC[C@H]4SC[C@H]5NC(=O)N[C@@H]45,9.3
336,CHEMBL3652658,CC(C)(C)c1cc(F)c2C(=O)N(N=Cc2c1)c3cccc(c3CO)n4cc(C(=O)N)c(Nc5cnccn5)n4,9.37
337,CHEMBL3702832,CC(C)(\C=C(/[N+]#[C-])\C(=O)N1CCC[C@H](C1)n2nc(c3ccc(Oc4ccccc4)cc3F)c5c(N)ncnc25)N6CCNCC6,9.4
338,CHEMBL281957,CCN(CC)C\C=C\c1nc(O)c2c(ccc3nc(Nc4c(Cl)cccc4Cl)n(C)c23)c1C,9.4
339,CHEMBL3652682,CN(C)Cc1ccc(Nc2nn(cc2C(=O)N)c3cccc(N4N=Cc5cc(ccc5C4=O)C(C)(C)C)c3CO)nc1,9.41
340,CHEMBL3652655,CC(C)(C)c1cc(F)c2C(=O)N(N=Cc2c1)c3cccc(c3CO)n4cc(C(=O)N)c(Nc5ccccn5)n4,9.44
341,CHEMBL3702830,CN1CCN(CC1)C(C)(C)\C=C(/[N+]#[C-])\C(=O)N2CCC[C@H](C2)n3nc(c4ccc(Oc5ccccc5)cc4F)c6c(N)ncnc36,9.52
342,CHEMBL3652652,CC(C)(C)c1cc(F)c2C(=O)N(N=Cc2c1)c3cccc(c3CO)n4cc(C(=O)N)c(Nc5ccc(Cl)cn5)n4,9.54
343,CHEMBL3652660,Cc1cc(Nc2nn(cc2C(=O)N)c3cccc(N4N=Cc5cc(cc(F)c5C4=O)C(C)(C)C)c3CO)nn1C,9.54
344,CHEMBL458333,COC(C)(C)CCn1nc(Nc2c(C)cccc2C)c3cnc(Nc4ccc(OCCN5CCCC5)cc4)nc13,9.6
345,CHEMBL3652659,CC(C)(C)c1cc(F)c2C(=O)N(N=Cc2c1)c3cccc(c3CO)n4cc(C(=O)N)c(Nc5ccc(F)cn5)n4,9.62
346,CHEMBL3652662,Cc1ccc(Nc2nn(cc2C(=O)N)c3cccc(N4N=Cc5cc(cc(F)c5C4=O)C(C)(C)C)c3CO)nc1,9.62
347,CHEMBL3652657,Cn1ccc(Nc2nn(cc2C(=O)N)c3cccc(N4N=Cc5cc(cc(F)c5C4=O)C(C)(C)C)c3CO)n1,9.66
348,CHEMBL3652668,CC(C)(C)c1cc(F)c2C(=O)N(N=Cc2c1)c3cccc(c3CO)n4cc(C(=O)N)c(Nc5ccc(cn5)C#N)n4,9.75
349,CHEMBL3652653,CC(C)(CN1CCC1)Oc2ccc(Nc3nn(cc3C(=O)N)c4cccc(N5N=Cc6cc(cc(F)c6C5=O)C(C)(C)C)c4CO)nc2,9.75
350,CHEMBL3652667,CC(C)(C)c1cc(F)c2C(=O)N(N=Cc2c1)c3cccc(c3CO)n4cc(C(=O)N)c(Nc5ccc(cn5)S(=O)(=O)C)n4,9.77
351,CHEMBL3652680,CC(=O)c1ccc(Nc2nn(cc2C(=O)N)c3cccc(N4N=Cc5cc(ccc5C4=O)C(C)(C)C)c3CO)cc1,9.92
352,CHEMBL3652656,CC(C)(C)c1cc(F)c2C(=O)N(N=Cc2c1)c3cccc(c3CO)n4cc(C(=O)N)c(Nc5ccc(cc5)S(=O)(=O)C)n4,10.05
353,CHEMBL3652654,CN1CCn2nc(Nc3nn(cc3C(=O)N)c4cccc(N5N=Cc6cc(cc(F)c6C5=O)C(C)(C)C)c4CO)cc2C1,10.05
