,molecule_chembl_id,canonical_smiles,pchembl_value
0,CHEMBL3699626,CCN1C(=C(C(=O)N)C(=O)c2cnc(Nc3ccc(cc3OC)C4CCN(CCC(F)(F)F)CC4)nc12)N,7.66
1,CHEMBL271648,CNCCc1cn(C2=C(C(=O)NC2=O)c3c[nH]c4ccc(cc34)C(=O)OC)c5ccccc15,7.68
2,CHEMBL3699624,CCN1C(=C(C(=O)N)C(=O)c2cnc(Nc3ccc(cc3OC)C4CCN(CC4)C5CC5)nc12)N,7.77
3,CHEMBL402340,CNCCc1cn(C2=C(C(=O)NC2=O)c3c[nH]c4ccc(Cl)cc34)c5ccccc15,7.89
4,CHEMBL272978,NCCNc1cccc(c1)c2ccnc(Nc3cccc(Cl)c3)n2,7.92
5,CHEMBL255607,NCCc1cn(C2=C(C(=O)NC2=O)c3c[nH]c4ccc(Cl)cc34)c5ccccc15,8.0
6,CHEMBL270849,Clc1cccc(Nc2nccc(n2)c3cccc(c3)N4CCNCC4)c1,8.05
7,CHEMBL603469,C[C@]12O[C@H](C[C@]1(O)CO)n3c4ccccc4c5c6C(=O)NCc6c7c8ccccc8n2c7c35,8.06
8,CHEMBL3699629,CCN1C(=C(C(=O)N)C(=O)c2cnc(Nc3ccc(N4CCC(CC4)N5CCCC5)c(Cl)c3)nc12)N,8.1
9,CHEMBL3699625,CCN1C(=C(C(=O)N)C(=O)c2cnc(Nc3ccc(cc3OC)N4CCC(CC4)N5CCOCC5)nc12)N,8.7
10,CHEMBL3216550,Cl.Cl.Cl.Cl.Cl.CN1CCCC1CCNc2nc(Nc3ccc(Cl)c(Cl)c3)nc4ccc(Cl)cc24,8.7
11,CHEMBL388978,CN[C@@H]1C[C@H]2O[C@@](C)([C@@H]1OC)n3c4ccccc4c5c6CNC(=O)c6c7c8ccccc8n2c7c35,9.3
