,molecule_chembl_id,canonical_smiles,pchembl_value
0,CHEMBL388978,CN[C@@H]1C[C@H]2O[C@@](C)([C@@H]1OC)n3c4ccccc4c5c6CNC(=O)c6c7c8ccccc8n2c7c35,7.57
3,CHEMBL535,CCN(CC)CCNC(=O)c1c(C)[nH]c(\C=C\2/C(=O)Nc3ccc(F)cc23)c1C,5.7
14,CHEMBL1725279,Oc1c2ccccc2c3N=Nc4cccc1c34,5.39
22,CHEMBL398606,CC(C)NCc1ccc(Nc2cc([nH]n2)c3ccc(cc3)c4ccc(O)cc4O)cc1,5.67
40,CHEMBL221959,C[C@@H]1CCN(C[C@@H]1N(C)c2ncnc3[nH]ccc23)C(=O)CC#N,5.3
122,CHEMBL574738,CCN1CCN(Cc2ccc(NC(=O)Nc3ccc(Oc4cc(NC)ncn4)cc3)cc2C(F)(F)F)CC1,5.52
137,CHEMBL477772,CN(c1ccc2c(C)n(C)nc2c1)c3ccnc(Nc4ccc(C)c(c4)S(=O)(=O)N)n3,5.68
145,CHEMBL608533,CO[C@@H]1[C@@H](C[C@H]2O[C@]1(C)n3c4ccccc4c5c6CNC(=O)c6c7c8ccccc8n2c7c35)N(C)C(=O)c9ccccc9,5.7
153,CHEMBL1721885,Cc1[nH]c(\C=C\2/C(=O)Nc3ccc(F)cc23)c(C)c1C(=O)NC[C@H](O)CN4CCOCC4,5.48
188,CHEMBL603469,C[C@]12O[C@H](C[C@]1(O)CO)n3c4ccccc4c5c6C(=O)NCc6c7c8ccccc8n2c7c35,6.89
191,CHEMBL1240703,CO[C@@H]1[C@@H](C[C@H]2O[C@]1(C)n3c4ccccc4c5c6[C@H](O)NC(=O)c6c7c8ccccc8n2c7c35)N(C)C(=O)c9ccccc9,5.13
225,CHEMBL450786,Cc1[nH]c(\C=C\2/C(=O)Nc3ccc(cc23)S(=O)(=O)Cc4c(Cl)cccc4Cl)c(C)c1C(=O)N5CCC[C@@H]5CN6CCCC6,5.68
228,CHEMBL1789941,N#CC[C@H](C1CCCC1)n2cc(cn2)c3ncnc4[nH]ccc34,6.33
230,CHEMBL509032,COc1cc(ccc1Nc2ncc(Cl)c(Nc3ccccc3S(=O)(=O)C(C)C)n2)N4CCC(CC4)N5CCN(C)CC5,5.96
235,CHEMBL502835,COC(=O)c1ccc2\C(=C(\Nc3ccc(cc3)N(C)C(=O)CN4CCN(C)CC4)/c5ccccc5)\C(=O)Nc2c1,5.23
238,CHEMBL1230020,CCCS(=O)(=O)Nc1ccc(F)c(C(=O)c2c[nH]c3ncc(Cl)cc23)c1F,5.72
239,CHEMBL1287853,Cc1cnc(Nc2ccc(OCCN3CCCC3)cc2)nc1Nc4cccc(c4)S(=O)(=O)NC(C)(C)C,5.8
241,CHEMBL1230609,COc1cc2c(Oc3ccc(NC(=O)C4(CC4)C(=O)Nc5ccc(F)cc5)cc3F)ccnc2cc1OCCCN6CCOCC6,5.23
242,CHEMBL1908397,O=C(N1CCNCC1)c2ccc(\C=C\c3n[nH]c4ccccc34)cc2,5.85
257,CHEMBL521851,CS(=O)(=O)N1CCN(Cc2cc3nc(nc(N4CCOCC4)c3s2)c5cccc6[nH]ncc56)CC1,5.33
258,CHEMBL475251,COc1cc(Nc2ncc(F)c(Nc3ccc4OC(C)(C)C(=O)Nc4n3)n2)cc(OC)c1OC,6.64
297,CHEMBL1987034,NS(=O)(=O)c1cccc(Nc2ncc(Br)c(Nc3ccc(OCC#N)cc3)n2)c1,6.5
301,CHEMBL481491,NC(=O)c1sc(cc1OCc2ccccc2C(F)(F)F)n3cnc4ccccc34,5.7
334,CHEMBL1995592,Cc1cc(O)ccc1N2c3cc(Cl)ccc3C(=O)c4c(N)nc(N)nc24,5.3
349,CHEMBL1974870,Cc1n[nH]c2ccc(cc12)c3cncc(OCC(N)Cc4cccc(Cl)c4)c3,7.0
358,CHEMBL1972840,NC(COc1cncc(c1)c2cc3cnccc3s2)Cc4c[nH]c5ccccc45,5.2
362,CHEMBL2002165,CC(O)Cn1cc(cn1)c2cnc(N)c3c(csc23)c4ccc(NC(=O)Nc5cccc(F)c5)cc4,5.8
366,CHEMBL1998585,Nc1ncnc2scc(c3ccc(NC(=O)Nc4cc(ccc4F)C(F)(F)F)cc3)c12,5.6
374,CHEMBL504950,Cc1cc(C)c2c(n1)sc3c(N)ncnc23,6.0
377,CHEMBL1977041,COC(=O)c1c(C)n2ncnc(N)c2c1c3ccc(NC(=O)Nc4ccccc4)cc3,6.1
378,CHEMBL1968070,NC(=O)c1cccc2NC(=O)c3cc(Cl)nnc3Nc12,5.5
383,CHEMBL1998159,Cc1n[nH]c2cnc(cc12)c3cncc(OCC(N)Cc4cccc(c4)C(F)(F)F)c3,6.3
387,CHEMBL1988387,Cn1cc(cn1)c2cnc(N)c3c(csc23)c4ccc(NC(=O)Nc5ccc(OC(F)F)cc5)cc4,5.3
391,CHEMBL1974803,OC1=C(c2cc(Cl)ccc2O)c3c(Cl)cc(Cl)cc3NC1=O,5.4
393,CHEMBL1986970,COCCN(C)C(=O)c1c(nnn1Cc2ccccc2)c3ccc4[nH]ncc4c3,5.1
399,CHEMBL1972584,CC(=O)N1CCN(CC1)C2CCC(CC2)n3nc(c4ccc(NC(=O)c5cc6ccccc6n5C)cc4)c7c(N)ncnc37,5.9
403,CHEMBL1968791,Cc1c(c2cccc(OCc3ccccc3)c2)c4c(N)ncnc4n1C5CC(CN6CCCC6)C5,5.4
408,CHEMBL1973211,Cc1cccc(NC(=O)Nc2ccc(cc2)c3csc4c(cnc(N)c34)C#CCN5CCCC5)c1,5.7
411,CHEMBL2007151,Cc1c(c2cccc(OCc3ccccc3)c2)c4c(N)ncnc4n1C5CCC(CC5)N6CCCC6,5.2
436,CHEMBL1999918,NC(=O)c1cc2c(cncc2s1)c3ccc(Br)c(F)c3F,5.6
454,CHEMBL1982476,CNC(=O)c1cnc(N)c2c(csc12)c3ccc(NC(=O)Nc4cccc(Cl)c4)cc3,5.1
462,CHEMBL1977294,CC(C)c1ccc2c(c1)c(SC(C)(C)C)c(CC(C)(C)CNCCCO)n2Cc3ccc(Cl)cc3,5.1
463,CHEMBL2002479,NCCCOc1cc2C(=O)NCc2c(c1)c3ccc(Nc4oc5cc(Cl)ccc5n4)cc3,5.9
464,CHEMBL1993166,CN(CCCNC(=O)Nc1cc(cc(c1)C(=NNC(=N)N)C)C(=NNC(=N)N)C)CCCNC(=O)Nc2cc(cc(c2)C(=NNC(=N)N)C)C(=NNC(=N)N)C,5.2
475,CHEMBL2000832,COc1cc(ccc1O)c2ccc3C(=O)Nc4cc(ccc4Nc3c2)C(=O)NCc5cccc(F)c5,5.8
491,CHEMBL1980995,CNC1CC2OC(C)(C1OC)n3c4ccccc4c5c6CNC(=O)c6c7c8ccccc8n2c7c35,7.9
495,CHEMBL2004716,CCN(CC)CCNC(=O)C=Cc1cnc(N)c2c(csc12)c3ccc(NC(=O)Nc4cccc(C)c4)cc3,6.7
529,CHEMBL1966722,OC(C(=O)NNC(=S)Nc1ccc(Cl)cc1)(c2ccccc2)c3ccccc3,5.4
533,CHEMBL1964399,COc1ccc(Nc2nccc(NC3=C(NC(C)C(C)(C)C)C(=O)C3=O)n2)cc1OC,5.3
536,CHEMBL1965988,Cc1cccc(NC(=O)Nc2ccc(cc2)c3csc4c(cnc(N)c34)C#CCN)c1,5.8
564,CHEMBL1965836,Cc1n[nH]c2ccc(cc12)c3cncc(OCC(N)Cc4cccc(OC(F)(F)F)c4)c3,6.5
571,CHEMBL1975138,OC(C(=O)NNC(=S)Nc1ccc(F)cc1)(c2ccccc2)c3ccccc3,5.5
592,CHEMBL2000685,CC(=NNC(=N)N)c1cc(NC(=O)c2cccc(c2)C(=O)Nc3cc(cc(c3)C(=NNC(=N)N)C)C(=NNC(=N)N)C)cc(c1)C(=NNC(=N)N)C,5.8
603,CHEMBL2000271,Cc1n[nH]c2ccc(cc12)c3cncc(OCC(CN)Cc4ccccc4)c3,7.5
620,CHEMBL592030,NCCCn1cc(c2cc(c3cc4ccccc4s3)c5[nH]ncc5c2)c6nc(N)ncc16,5.5
629,CHEMBL1975490,NCCCOc1cc2C(=O)NCc2c(c1)c3ccc(Nc4oc5ccccc5n4)cc3,5.4
635,CHEMBL1979883,CN(C)CC#Cc1cnc(N)c2c(csc12)c3ccc(NC(=O)Nc4cccc(C)c4)cc3,5.8
636,CHEMBL1984162,COCCOC1CCC(CC1)n2nc(c3ccc(Nc4oc5c(C)cc(C)cc5n4)cc3)c6c(N)ncnc26,7.1
641,CHEMBL371206,Cc1cc(C)cc(NC(=O)Nc2ccc(cc2)c3c(C)sc4ncnc(N)c34)c1,5.7
645,CHEMBL196363,Cc1cccc(NC(=O)Nc2ccc(cc2)c3csc4ncnc(N)c34)c1,5.5
653,CHEMBL2000335,Cc1ccc(NC(=O)Nc2ccc(cc2)c3csc4ncnc(N)c34)cc1C,5.5
656,CHEMBL1974328,Cc1cccc(Nc2nc(NC3CCCCC3N)cnc2C(=O)N)c1,6.2
664,CHEMBL1988173,Cc1cc(Cl)ccc1NC(=S)NNC(=O)C(O)(c2ccccc2)c3ccccc3,5.5
669,CHEMBL1982980,CC(=C(C)c1cccc2c(CCCOc3cccc(Cl)c3Cl)c([nH]c12)C(=O)O)C,5.6
670,CHEMBL1983025,CCC(N)(CC)C#Cc1cnc(N)c2c(csc12)c3ccc(NC(=O)Nc4cccc(C)c4)cc3,5.6
675,CHEMBL1241473,COc1cc(Nc2ncc(c(Nc3ccccc3C(=O)N)n2)[N+](=O)[O-])cc(OC)c1OC,6.1
679,CHEMBL2001257,CCN(CC)CC#Cc1cnc(N)c2c(csc12)c3ccc(NC(=O)Nc4cccc(C)c4)cc3,5.4
686,CHEMBL1967531,Nc1ncnc2scc(c3ccc(NC(=O)Nc4ccccc4)cc3)c12,5.6
696,CHEMBL1991180,COCc1nnn(c1C(=O)NN=C(C)c2ccc(O)cc2O)c3nonc3N,5.1
716,CHEMBL1969190,COc1ccc(c2ccc(NC(=O)Nc3cc(F)cc(F)c3)cc2)c4c(N)noc14,5.5
721,CHEMBL1969102,Cc1cccc(NC(=O)Nc2ccc(cc2)c3csc4c(cnc(N)c34)c5cn[nH]c5)c1,5.2
729,CHEMBL1981725,CCN1CCN(CC1)c2ccc(Nc3nccc(n3)c4c(nc5ccccn45)c6cccc(c6)C(=O)Nc7ccccc7F)cc2,5.7
748,CHEMBL1971017,NC(=O)c1cc2c(cncc2s1)c3cccc(F)c3,5.6
775,CHEMBL2002702,Cc1cc(C)c(C=C2C(=O)Nc3ccccc23)[nH]1,5.3
779,CHEMBL207995,COc1cc(C=O)c(Cl)cc1NC(=O)Nc2cnc(cn2)C#N,5.1
794,CHEMBL2001751,NC(COc1cncc(c1)c2ccc3NC(=O)C(=Cc4occc4)c3c2)Cc5c[nH]c6ccccc56,5.9
803,CHEMBL1968850,Clc1cc2C(=O)Nc3ccccc3Nc2nn1,5.3
856,CHEMBL1971029,CNS(=O)(=O)c1ccccc1Nc2nc(Nc3cc(ccc3OC)N4CCN(CC4)C(=O)C)ncc2Br,6.6
867,CHEMBL1999556,NC(=O)c1cc2c(cncc2s1)c3ccccc3,5.3
871,CHEMBL1979577,Cc1cccc(NC(=O)Nc2ccc(cc2)c3csc4c(cnc(N)c34)C#CC(C)(C)N)c1,5.9
884,CHEMBL1990885,CCN(CC)CCNC(=O)c1c(C)[nH]c(C=C2C(=O)Nc3ccc(F)cc23)c1C,5.9
907,CHEMBL1991063,Cc1n[nH]c2ccc(cc12)c3cncc(OCC(N)Cc4ccc(Cl)c(Cl)c4)c3,6.6
913,CHEMBL2002726,Cc1n[nH]c2ccc(cc12)c3cncc(OCC(N)Cc4ccccc4)c3,6.9
917,CHEMBL1987054,COCCOC1CCC(CC1)n2nc(c3ccc(Nc4oc5c(Cl)cc(C)cc5n4)cc3)c6c(N)ncnc26,6.4
928,CHEMBL1991728,CC(=NNC(=N)N)c1cc(NC(=O)NCCCCCCNC(=O)Nc2cc(cc(c2)C(=NNC(=N)N)C)C(=NNC(=N)N)C)cc(c1)C(=NNC(=N)N)C,5.5
929,CHEMBL1975787,NC(=O)c1cc2c(cncc2s1)c3ccc(F)cc3F,5.4
952,CHEMBL1980715,CCCCCCCCCCCCOc1ccc(NC(=N)N)cc1NC(=N)N,5.4
956,CHEMBL1966524,NC(COc1cncc(c1)c2cc3ccncc3s2)Cc4c[nH]c5ccccc45,5.5
966,CHEMBL1967720,CC(C)(C(=O)N)n1cc(cn1)c2cnc(N)c3c(csc23)c4ccc(NC(=O)Nc5cccc(F)c5)cc4,5.8
985,CHEMBL1997617,CN1CCN(CC1)C2CCC(CC2)n3cc(c4ccc(Oc5ccccc5)cc4)c6c(N)ncnc36,5.5
991,CHEMBL1980297,Nc1ncc(c2cnn(CCO)c2)c3scc(c4ccc(NC(=O)Nc5cccc(F)c5)cc4)c13,6.0
997,CHEMBL1993661,CNS(=O)(=O)c1ccccc1Nc2nc(Nc3cc(OC)c(OC)c(OC)c3)ncc2Cl,6.5
1327,CHEMBL2312654,CN(C)C1CCC(CC1)Nc2nc(Nc3cc(Cl)cc(Cl)c3)ncc2c4onc(C)c4,5.41
1328,CHEMBL2312652,CN1CCC(CC1)NC(=O)c2cnc(Nc3cc(Cl)cc(Cl)c3)nc2N[C@@H]4COC[C@H]4O,4.52
1329,CHEMBL2312649,CN(C)C1CCC(CC1)Nc2nc(Nc3cc(Cl)cc(Cl)c3)ncc2C(=O)NC4CCN(C)CC4,4.71
