,molecule_chembl_id,canonical_smiles,pchembl_value
0,CHEMBL453629,CC(C)n1c(C)ncc1c2ccnc(Nc3ccc(C(=O)NCCN(C)C)c(F)c3)n2,7.54
1,CHEMBL3691684,CN(C)C(=O)c1cc2cnc(Nc3ccc(cn3)C(=O)N4C[C@H]5CC[C@@H](C4)N5)nc2n1C6CCCC6,7.54
2,CHEMBL400859,COCc1cccc2[nH]c(nc12)c3n[nH]c4ncc(cc34)c5cccnc5,7.54
3,CHEMBL1794055,NS(=O)(=O)c1ccc(NC=C2C(=O)Nc3ccc4ncsc4c23)cc1,7.54
4,CHEMBL271595,NS(=O)(=O)c1ccc(N\C=C\2/C(=O)Nc3ccc4ncsc4c23)cc1,7.54
5,CHEMBL172140,CCn1cnc2c(Nc3cccc(c3)C#N)nc(N[C@@H]4CC[C@@H](O)CC4)nc12,7.55
6,CHEMBL368215,CCn1cnc2c(Nc3cccc(c3)C(F)(F)F)nc(N[C@@H]4CC[C@@H](O)CC4)nc12,7.55
7,CHEMBL257831,CN(C)c1ccc(CC(=O)Nc2n[nH]c3ccc(cc23)N4CCCS4(=O)=O)cc1,7.55
8,CHEMBL2029908,CN1CCN(CC1)C(=O)c2cc(Nc3ncc4cc(c5ocnc5)n(C6CCCC6)c4n3)cn2C,7.55
9,CHEMBL216126,COc1ccccc1C(=O)c2cnc(NC3CCN(CC3)S(=O)(=O)C)nc2N,7.55
10,CHEMBL255718,Oc1ccc(CC(=O)Nc2n[nH]c3ccc(cc23)N4CCCS4(=O)=O)cc1,7.55
11,CHEMBL3648084,CCOC(=O)N=S(=O)(C)c1ccc(Nc2ncc(Br)c(N[C@H](C)C(C)(C)O)n2)cc1,7.57
12,CHEMBL3648119,COC[C@H](Nc1nc(Nc2ccc(cc2)S(=N)(=O)C)ncc1Br)[C@H](C)O,7.57
13,CHEMBL559487,C[C@@H]1CNc2c(sc3ccc(O)cc23)C(=O)N1,7.59
14,CHEMBL191893,CC(C)Oc1nc(Nc2ccc3[nH]cnc3c2)ncc1C(F)(F)F,7.6
15,CHEMBL367625,CCn1cnc2c(Nc3cccc(Cl)c3)nc(N[C@@H]4CCCC[C@@H]4N)nc12,7.6
16,CHEMBL553397,COc1ccc2sc3C(=O)N[C@H](CO)CNc3c2c1,7.6
17,CHEMBL556392,C[C@@H]1CNc2c(sc3ccc4nc(Cl)ccc4c23)C(=O)N1,7.6
18,CHEMBL3648108,C[C@H](Nc1nc(Nc2ccc(cc2)S(=N)(=O)CCO)ncc1Br)C(C)(C)O,7.6
19,CHEMBL424696,C1CCC(CC1)Oc2nccc(n2)c3cnc(Nc4ccccn4)s3,7.62
20,CHEMBL2012308,CC(C)n1ncc2cnc(Nc3cc(C(=O)N)n(C)c3)nc12,7.62
21,CHEMBL3644021,C[C@@H](O)[C@@H](C)Oc1nc(Nc2ccc(cc2)S(=O)(=O)C(F)F)ncc1C(F)(F)F,7.62
22,CHEMBL2012401,Cn1cc(Nc2ncc3cnn(C4CCC(C)(C)CC4)c3n2)cc1C(=O)N,7.62
23,CHEMBL2012402,Cn1cc(Nc2ncc3cnn(C4C[C@@H]5C[C@@H]5C4)c3n2)cc1C(=O)N,7.62
24,CHEMBL299756,O=C1Cc2c([nH]c3ccc(cc23)C#N)c4ccccc4N1,7.62
25,CHEMBL3644022,C[C@@H](O)[C@@H](C)Oc1nc(Nc2ccc(cc2)S(=O)(=O)C3CCCC3)ncc1C(F)(F)F,7.64
26,CHEMBL2402947,NC1CCC(CC1)Nc2nc(NCc3cc(Cl)ccc3O)c4ncn(C5CCCC5)c4n2,7.64
27,CHEMBL1800455,Nc1nc(cc(n1)c2cc(ccc2O)N3C[C@H](O)[C@@H](O)C3)C4CCCC4,7.64
28,CHEMBL391437,c1ccc2c(cncc2c1)c3cnc4[nH]nc(c5nc6ccccc6[nH]5)c4c3,7.64
29,CHEMBL402370,Brc1ccc(CC(=O)Nc2n[nH]c3ccc(cc23)N4CCCS4(=O)=O)cc1,7.66
30,CHEMBL3648103,CCC(Sc1nc(Nc2ccc(cc2)S(=N)(=O)C)ncc1Br)C(C)O,7.66
31,CHEMBL2012411,COC[C@@H]1CCCN1C(=O)c2cc(Nc3ncc4cnn(C5C[C@@H]6C[C@@H]6C5)c4n3)cn2C,7.66
32,CHEMBL372672,FC(F)(F)c1cnc(Nc2cccc(Cl)c2)nc1Nc3ccc4[nH]cnc4c3,7.66
33,CHEMBL210390,N[C@H](COc1cncc(c1)c2ccc3cnc(N)cc3c2)Cc4c[nH]c5ccccc45,7.66
34,CHEMBL3648093,CCOC(=O)N=S(=O)(C)c1ccc(Nc2ncc(Br)c(O[C@H](C)[C@H](C)O)n2)cc1,7.68
35,CHEMBL2012412,Cn1cc(Nc2ncc3cnn(C4C[C@@H]5C[C@@H]5C4)c3n2)cc1C(=O)N6CCC[C@H]6CN7CCOCC7,7.68
36,CHEMBL191336,OCCCNc1cc(ccn1)c2ncnc(Nc3cccc(Cl)c3)n2,7.68
37,CHEMBL1235529,Brc1cnc2Nc3cccc(c3)S(=O)(=O)NCCCNc1n2,7.7
38,CHEMBL3085239,CC(C)[C@H](CO)Nc1nc(NCc2ccc3OCOc3c2)c4ncn(C(C)C)c4n1,7.7
39,CHEMBL79049,CCCCOc1c(c[nH]c2nncc12)C(=O)c3c(F)cc(F)cc3F,7.7
40,CHEMBL1800450,Cc1cc(nc(N)n1)c2cc(ccc2O)N3C[C@H](O)[C@@H](O)C3,7.7
41,CHEMBL1800465,Nc1nc(NC2CCCCC2)cc(n1)c3cc(ccc3O)N4C[C@H](O)[C@@H](O)C4,7.7
42,CHEMBL235345,O=C1N=C(N[C@@H]2C[C@H]2c3ccccc3)S/C/1=C\c4ccc5ncccc5c4,7.7
43,CHEMBL269883,CC(C)COC(=O)c1ccc2NC(=O)\C(=C/Nc3ccc(cc3)S(=O)(=O)N)\c2c1,7.72
44,CHEMBL411224,CC(C)Cc1cccc2NC(=O)\C(=N/Nc3ccc(cc3)S(=O)(=O)N)\c12,7.72
45,CHEMBL3648104,CC(Sc1nc(Nc2ccc(cc2)S(=N)(=O)C)ncc1Br)C(C)(C)O,7.72
46,CHEMBL392776,Cc1cc(N2CCCS2(=O)=O)c3OC(=C(O)C(=O)c3c1)c4ccc(O)c(Br)c4,7.72
47,CHEMBL2012400,Cn1cc(Nc2ncc3cnn(C4CCC5(CC4)CC5)c3n2)cc1C(=O)N,7.72
48,CHEMBL1800464,Nc1nc(NC2CCCC2)cc(n1)c3cc(ccc3O)N4C[C@H](O)[C@@H](O)C4,7.72
49,CHEMBL393929,O=C1N=C(NCc2cccs2)S/C/1=C\c3ccc4ncccc4c3,7.72
50,CHEMBL1234087,O=C1Nc2ccc(cc2/C/1=C/Nc3ccc4CS(=O)(=O)Cc4c3)c5ocnc5,7.72
51,CHEMBL3648106,CC(CO)Sc1nc(Nc2ccc(cc2)S(=N)(=O)C)ncc1Br,7.75
52,CHEMBL388978,CN[C@@H]1C[C@H]2O[C@@](C)([C@@H]1OC)n3c4ccccc4c5c6CNC(=O)c6c7c8ccccc8n2c7c35,7.75
53,CHEMBL3691683,CN(C)C(=O)c1cc2cnc(Nc3ccc(cn3)C(=O)N4C[C@H]5CC[C@@H](C4)N5C)nc2n1C6CCCC6,7.76
54,CHEMBL3648102,CC(O)C(C)Sc1nc(Nc2ccc(cc2)S(=N)(=O)C)ncc1Br,7.77
55,CHEMBL385733,COc1cccc(F)c1C(=O)c2cnc(NC3CCN(CC3)S(=O)(=O)C)nc2N,7.77
56,CHEMBL270132,NS(=O)(=O)c1ccc(N\C=C\2/C(=O)Nc3ccc(cc23)c4ocnc4)cc1,7.77
57,CHEMBL300389,OCCCNc1cc(ccn1)c2ccnc(Nc3cccc(Cl)c3)n2,7.77
58,CHEMBL429142,CC(C)CC(=O)c1ccc2NC(=O)\C(=C/Nc3ccc(cc3)S(=O)(=O)N)\c2c1,7.8
59,CHEMBL3648085,CCOC(=O)N=S(=O)(C)c1ccc(Nc2ncc(Br)c(N[C@H](C)[C@H](C)O)n2)cc1,7.8
60,CHEMBL3648094,CCS(=N)(=O)c1ccc(Nc2ncc(Br)c(N[C@H](COC)[C@H](C)O)n2)cc1,7.8
61,CHEMBL3644032,C[C@@H](O)[C@@H](C)Oc1nc(Nc2ccc(cc2)S(=O)(=O)C3CC3)ncc1C(F)(F)F,7.8
62,CHEMBL2012398,Cn1cc(Nc2ncc3cnn([C@H]4CC[C@H]5CCC[C@@H]45)c3n2)cc1C(=O)N,7.8
63,CHEMBL270544,CC(=Cc1cccc2NC(=O)\C(=N/Nc3ccc(cc3)S(=O)(=O)N)\c12)C,7.82
64,CHEMBL3648120,CCS(=N)(=O)c1ccc(Nc2ncc(Br)c(N[C@H](COC)[C@@H](C)O)n2)cc1,7.82
65,CHEMBL1241849,CN(C)CCNS(=O)(=O)c1ccc(Nc2cccc(c2)c3cnc4ccccn34)cc1,7.82
66,CHEMBL72548,CN(C)CCNS(=O)(=O)c1ccc(Nc2nccc(n2)c3cnc4ccccn34)cc1,7.82
67,CHEMBL3648114,COc1cc(Nc2ncc(Br)c(N[C@H](C)[C@H](C)O)n2)ccc1S(=O)(=NC)C,7.82
68,CHEMBL444874,Cc1cccc(Nc2ncc(c(Nc3ccc4[nH]cnc4c3)n2)C(F)(F)F)c1,7.82
69,CHEMBL2012399,Cn1cc(Nc2ncc3cnn(C4CCCCCC4)c3n2)cc1C(=O)N,7.82
70,CHEMBL363138,FC(F)(F)c1ccc(Nc2ncc(c(Nc3ccc4[nH]cnc4c3)n2)C(F)(F)F)cc1,7.82
71,CHEMBL445945,NS(=O)(=O)c1ccc(N\C=C\2/C(=O)Nc3ccc4ncccc4c23)cc1,7.82
72,CHEMBL1800449,Nc1nccc(n1)c2cc(ccc2O)N3C[C@H](O)[C@@H](O)C3,7.82
73,CHEMBL372503,Brc1cnc(Nc2ccc3[nH]cnc3c2)nc1Nc4ccc5[nH]cnc5c4,7.85
74,CHEMBL249304,CN1CCN(CC1)c2ccc3[nH]c(nc3c2)c4n[nH]c5ncc(cc45)c6cncc7ccccc67,7.85
75,CHEMBL3648083,CN=S(=O)(C)c1ccc(Nc2ncc(Br)c(N[C@H](C)[C@H](C)O)n2)cc1,7.85
76,CHEMBL215086,COc1cc(F)c(F)cc1C(=O)c2cnc(NC3CCN(CC3)S(=O)(=O)C)nc2N,7.85
77,CHEMBL268507,COc1ccc(F)cc1C(=O)c2cnc(NC3CCN(CC3)S(=O)(=O)C)nc2N,7.85
78,CHEMBL3648074,C[C@@H](Nc1nc(Nc2ccc(cc2)S(=N)(=O)C3CC3)ncc1Br)C(C)(C)O,7.85
79,CHEMBL401064,CC(C)NCc1cccc2[nH]c(nc12)c3n[nH]c4ncc(cc34)c5cncc6ccccc56,7.89
80,CHEMBL3648073,C[C@H](O)[C@@H](C)Oc1nc(Nc2ccc(cc2)S(=N)(=O)C)ncc1Br,7.89
81,CHEMBL2012403,Cn1cc(Nc2ncc3cnn([C@@H]4CC[C@H]5CCC[C@@H]45)c3n2)cc1C(=O)N,7.89
82,CHEMBL509406,CC(C)n1c(C)ncc1c2nc(Nc3ccc(C(=O)NC4CCN(C)CC4)c(F)c3)ncc2F,7.92
83,CHEMBL409731,COC(=O)c1ccc2NC(=O)\C(=C/Nc3ccc(cc3)S(=O)(=O)N)\c2c1,7.92
84,CHEMBL99780,COc1ccc2sc3C(=O)N[C@H](C)CNc3c2c1,7.92
85,CHEMBL3644024,C[C@@H](O)[C@@H](C)Oc1nc(Nc2ccc(cc2)S(=O)(=O)C(C)C)ncc1C(F)(F)F,7.92
86,CHEMBL402157,Clc1ccc(CC(=O)Nc2n[nH]c3ccc(cc23)N4CCCS4(=O)=O)cc1,7.92
87,CHEMBL409892,NS(=O)(=O)c1ccc(N\N=C\2/C(=O)Nc3ccc4ncccc4c23)cc1,7.92
88,CHEMBL2158843,NS(=O)(=O)c1cccc(Nc2nccc(n2)c3ccnc(NCCCO)c3)c1,7.92
89,CHEMBL1964259,OCCOCCNS(=O)(=O)c1ccc(N\C=C\2/C(=O)Nc3ccc4ncsc4c23)cc1,7.92
90,CHEMBL563308,CC(C)COc1ccc2sc3C(=O)N[C@H](C)CNc3c2c1,7.96
91,CHEMBL460102,CC(C)n1c(C)ncc1c2nc(Nc3ccc(cc3)C(=O)N4CC[C@@H](C4)N(C)C)ncc2F,7.96
92,CHEMBL460103,CC(C)n1c(C)ncc1c2nc(Nc3ccc(cc3)C(=O)N4CC[C@H](C4)N(C)C)ncc2F,7.96
93,CHEMBL3648122,CCS(=N)(=O)c1ccc(Nc2ncc(Br)c(N[C@@H](C)[C@H](C)O)n2)cc1,7.96
94,CHEMBL3648118,COC[C@@H](Nc1nc(Nc2ccc(cc2)S(=N)(=O)C)ncc1Br)[C@@H](C)O,7.96
95,CHEMBL364935,FC(F)(F)c1cnc(Nc2ccc(Br)cc2)nc1Nc3ccc4[nH]cnc4c3,7.96
96,CHEMBL83320,CC(C)C(CO)Nc1nc(NCc2ccccc2O)c3ncn(C(C)C)c3n1,8.0
97,CHEMBL410261,CN(C)CCCOc1cc2c(cc1O)c3c4C(=O)NC(=O)c4c(cc3n2C)c5ccccc5Cl,8.0
98,CHEMBL3648072,C[C@@H](Nc1nc(Nc2ccc(cc2)S(=N)(=O)C)ncc1Br)C(C)(C)O,8.0
99,CHEMBL2012408,Cn1cc(Nc2ncc3cnn(C4C[C@@H]5C[C@@H]5C4)c3n2)cc1C(=O)N6CCC[C@H]6C(=O)N,8.0
100,CHEMBL2012409,Cn1cc(Nc2ncc3cnn(C4C[C@@H]5C[C@@H]5C4)c3n2)cc1C(=O)N6CCC[C@H]6CO,8.0
101,CHEMBL195641,FC(F)(F)c1cnc(Nc2ccc(NC#N)c(NC#N)c2)nc1Nc3ccc4[nH]cnc4c3,8.0
102,CHEMBL193519,FC(F)(F)c1cnc(Nc2ccc3[nH]cnc3c2)nc1Nc4ccc5[nH]cnc5c4,8.0
103,CHEMBL518383,Fc1ccc(NC(=O)c2n[nH]cc2NC(=O)c3c(F)cccc3F)cc1,8.0
104,CHEMBL269827,NS(=O)(=O)c1ccc(N\N=C\2/C(=O)Nc3ccc(cc23)c4ocnc4)cc1,8.0
105,CHEMBL319467,NS(=O)(=O)c1ccc(Nc2nc(OCC3CCCCC3)c4nc[nH]c4n2)cc1,8.02
106,CHEMBL271136,COc1cccc(OC)c1CNC(=O)c2ccc3NC(=O)\C(=N/Nc4ccc(cc4)S(=O)(=O)N)\c3c2,8.03
107,CHEMBL372465,Brc1cnc(Nc2ccc3[nH]cnc3c2)nc1Nc4ccc5OCOc5c4,8.05
108,CHEMBL48362,CN1CCC(CC1)c2c(O)cc(O)c3C(=O)\C(=C\c4ccc(cc4)S(=O)(=O)N)\Oc23,8.05
109,CHEMBL400906,CNCc1cncc(c1)c2cnc3[nH]nc(c4nc5cc(OC(F)(F)F)ccc5[nH]4)c3c2,8.05
110,CHEMBL460087,CN[C@H]1CCN(C1)C(=O)c2ccc(Nc3nccc(n3)c4cnc(C)n4C(C)C)cc2,8.05
111,CHEMBL3644033,C[C@@H](O)[C@@H](C)Oc1nc(Nc2ccc(cc2)S(=O)(=O)C)ncc1C(F)(F)F,8.05
112,CHEMBL3644034,C[C@@H](Oc1nc(Nc2ccc(cc2)S(=O)(=O)C)ncc1C(F)(F)F)C(C)(C)O,8.05
113,CHEMBL3648125,C[C@H](Nc1nc(Nc2ccc(c(C)c2)S(=N)(=O)C)ncc1Br)C(C)(C)O,8.05
114,CHEMBL370728,Clc1cccc(Nc2ncc(Br)c(Nc3ccc4[nH]cnc4c3)n2)c1,8.05
115,CHEMBL249500,C1CN(CCO1)c2ccc3[nH]c(nc3c2)c4n[nH]c5ncc(cc45)c6cncc7ccccc67,8.07
116,CHEMBL3648123,CCS(=N)(=O)c1ccc(Nc2ncc(Br)c(N[C@H](C)C(C)(C)O)n2)cc1,8.1
117,CHEMBL3648115,COc1cc(Nc2ncc(Br)c(N[C@H](C)C(C)(C)O)n2)ccc1S(=N)(=O)C,8.1
118,CHEMBL372464,COc1ccc(Nc2nc(Nc3ccc4[nH]cnc4c3)ncc2C(F)(F)F)cc1,8.1
119,CHEMBL3639469,C[C@@H](Nc1nc(Nc2ccc(c(C)c2)S(=N)(=O)C)ncc1Br)C(C)(C)O,8.1
120,CHEMBL400568,CCCNCc1cncc(c1)c2cnc3[nH]nc(c4nc5c(COC)cccc5[nH]4)c3c2,8.13
121,CHEMBL2158853,CCN(CC)c1cc(ccn1)c2ccnc(Nc3cccc(c3)S(=O)(=O)N)n2,8.13
122,CHEMBL411887,C\C(=C/1\C(=O)Nc2ccc(cc12)c3ocnc3)\Nc4ccc(cc4)S(=O)(=O)N,8.15
123,CHEMBL3648113,COc1cc(Nc2ncc(Br)c(N[C@H](C)[C@@H](C)O)n2)ccc1S(=O)(=NC)C,8.16
124,CHEMBL3648107,C[C@@H](Nc1nc(Nc2ccc(cc2)S(=N)(=O)CCO)ncc1Br)C(C)(C)O,8.16
125,CHEMBL23254,CC(C)[C@H](CO)Nc1nc(Nc2ccc(C(=O)O)c(Cl)c2)c3ncn(C(C)C)c3n1,8.22
126,CHEMBL2029901,CN1CCN(CC1)C(=O)c2cc(Nc3ncc4cc(C#N)n(C5CCCC5)c4n3)cn2C,8.22
127,CHEMBL73243,COCCCNS(=O)(=O)c1ccc(Nc2nccc(n2)c3cnc4ccccn34)cc1,8.22
128,CHEMBL291324,NC1=NC(=C(N=O)C(=O)N1)N,8.22
129,CHEMBL191003,Nc1nc(Nc2ccc(cc2)S(=O)(=O)N)nn1C(=O)c3c(F)cccc3F,8.22
130,CHEMBL248891,COCc1cccc2[nH]c(nc12)c3n[nH]c4ncc(cc34)c5cncc6ccccc56,8.25
131,CHEMBL462192,CC(C)n1c(C)ncc1c2nc(Nc3ccc(cc3)C(=O)N4CCCN(C)CC4)ncc2F,8.3
132,CHEMBL3648095,CCS(=N)(=O)c1ccc(Nc2ncc(Br)c(N[C@H](C)[C@H](C)O)n2)cc1,8.3
133,CHEMBL102926,CN(C)CC(O)COc1ccc(Nc2nccc(n2)c3c(C)nc4ccccn34)cc1,8.3
134,CHEMBL213713,COc1cc(F)c(F)c(F)c1C(=O)c2cnc(NC3CCN(CC3)S(=O)(=O)C)nc2N,8.3
135,CHEMBL3648082,COc1cc(Nc2ncc(Br)c(O[C@H](C)[C@H](C)O)n2)ccc1S(=N)(=O)C,8.3
136,CHEMBL3648076,C[C@@H](Nc1nc(Nc2ccc(cc2)S(=N)(=O)CC3CC3)ncc1Br)C(C)(C)O,8.3
137,CHEMBL562754,C[C@@H]1CNc2c(sc3ccc4OCCc4c23)C(=O)N1,8.3
138,CHEMBL3648116,C[C@H](Nc1nc(Nc2ccc(cc2)S(=N)(=O)C)ncc1Br)C(C)(C)O,8.3
139,CHEMBL3648117,C[C@H](O)[C@@H](C)Nc1nc(Nc2ccc(cc2)S(=N)(=O)C)ncc1Br,8.3
140,CHEMBL3648110,C[C@H](O)[C@@H](C)Nc1nc(Nc2ccc(cc2)S(=N)(=O)CCO)ncc1Br,8.3
141,CHEMBL318999,Nc1nc(Nc2ccc(cc2)S(=O)(=O)N)nc(OCC3CCCCC3)c1N=O,8.3
142,CHEMBL1999931,O=C(Nc1n[nH]c2ccc(cc12)c3cn(Cc4ccccc4)nn3)c5ccccc5,8.3
143,CHEMBL440411,O\N=C/1\C(=C/2\C(=O)Nc3ccc(cc23)S(=O)(=O)O)\Nc4ccccc14,8.3
144,CHEMBL337300,Oc1[nH]c2ccc(I)cc2c1c3[nH]c4ccccc4c3N=O,8.3
145,CHEMBL23327,CC(C)[C@H](CO)Nc1nc(Nc2cccc(Cl)c2)c3ncn(C(C)C)c3n1,8.4
146,CHEMBL3648096,C[C@H](O)[C@@H](C)Nc1nc(Nc2ccc(c(C)c2)S(=N)(=O)C)ncc1Br,8.4
147,CHEMBL370522,Cc1ccccc1Oc2nc(Nc3ccc4[nH]cnc4c3)ncc2C(F)(F)F,8.4
148,CHEMBL193367,FC(F)(F)c1cnc(Nc2ccc3[nH]cnc3c2)nc1Nc4ccc(Cl)cc4,8.4
149,CHEMBL195423,Fc1ccc(Nc2nc(Nc3ccc4[nH]cnc4c3)ncc2Br)cc1,8.4
150,CHEMBL400569,CCNCc1cncc(c1)c2cnc3[nH]nc(c4nc5cc(ccc5[nH]4)N6CCN(C)CC6)c3c2,8.52
151,CHEMBL2029900,CN1CCN(CC1)C(=O)c2cc(Nc3ncc4cc(\C=N\O)n(C5CCCC5)c4n3)cn2C,8.52
152,CHEMBL3648112,COc1cc(Nc2ncc(Br)c(N[C@H](C)[C@H](C)O)n2)ccc1S(=N)(=O)C,8.52
153,CHEMBL3648109,C[C@@H](O)[C@@H](C)Nc1nc(Nc2ccc(cc2)S(=N)(=O)CCO)ncc1Br,8.52
154,CHEMBL3644026,C[C@@H](O)[C@@H](C)Oc1nc(Nc2ccc(cc2)S(=O)(=O)CCO)ncc1C(F)(F)F,8.52
155,CHEMBL193922,FC(F)(F)c1cnc(Nc2ccc3[nH]cnc3c2)nc1Nc4cccc(Cl)c4,8.52
156,CHEMBL410883,NC(=O)c1ccc2NC(=O)\C(=N/Nc3ccc(cc3)S(=O)(=O)N)\c2c1,8.55
157,CHEMBL400749,CNCc1cncc(c1)c2cnc3[nH]nc(c4nc5c(COC)cccc5[nH]4)c3c2,8.6
158,CHEMBL192216,CC(C)COc1nc(Nc2ccc3[nH]cnc3c2)ncc1C(F)(F)F,8.7
159,CHEMBL455657,CN[C@H]1CCN(C1)C(=O)c2ccc(Nc3ncc(F)c(n3)c4cnc(C)n4C(C)C)cc2,8.7
160,CHEMBL3648111,COc1cc(Nc2ncc(Br)c(N[C@H](C)[C@@H](C)O)n2)ccc1S(=N)(=O)C,8.7
161,CHEMBL384304,COc1ccc(F)c(F)c1C(=O)c2cnc(NC3CCN(CC3)S(=O)(=O)C)nc2N,8.7
162,CHEMBL249303,CCN(CC)Cc1cccc2[nH]c(nc12)c3n[nH]c4ncc(cc34)c5cncc6ccccc56,8.75
163,CHEMBL248712,CCNCc1cncc(c1)c2cnc3[nH]nc(c4nc5cc(F)c(F)cc5[nH]4)c3c2,8.96
164,CHEMBL557318,C[C@@H]1CNc2c(sc3ccc4occc4c23)C(=O)N1,9.0
165,CHEMBL215803,C[C@@H]1C[C@H]2CN1CCn3nc4c(cccc4c3O)c5nc6c(O2)cccc6nc5O,9.0
166,CHEMBL194721,FC(F)(F)c1cnc(Nc2ccc3[nH]cnc3c2)nc1Nc4ccccc4Cl,9.0
167,CHEMBL429478,CCNCc1cncc(c1)c2cnc3[nH]nc(c4nc5cc(OC)ccc5[nH]4)c3c2,9.1
168,CHEMBL561334,C[C@@H]1CNc2c(sc3ccc4ncccc4c23)C(=O)N1,9.1
169,CHEMBL511394,CCNCc1cncc(c1)c2cnc3N=NC(c3c2)c4nc5cc(F)ccc5[nH]4,9.16
170,CHEMBL248713,CCNCc1cncc(c1)c2cnc3[nH]nc(c4nc5cc(F)ccc5[nH]4)c3c2,9.16
171,CHEMBL194540,NS(=O)(=O)c1ccc(Nc2ncc(c(Nc3ccc4[nH]cnc4c3)n2)C(F)(F)F)cc1,10.0
