,molecule_chembl_id,canonical_smiles,pchembl_value
0,CHEMBL401377,Brc1cnn2c(NCc3ccncc3)cc(nc12)c4ccccc4,7.54
1,CHEMBL565137,CNC(=O)c1nn(C)c2c3nc(Nc4ccc(OC5CCN(C)CC5)cc4)ncc3CC(C)(C)c12,7.54
2,CHEMBL185971,COc1cc(F)c(C(=S)c2c(N)nc3ccc(cn23)C(=O)c4c(F)cccc4F)c(F)c1,7.54
3,CHEMBL2426394,COc1ccc(cc1)c2nn(cc2C(=O)NC(=S)Nc3ccc(C)cc3)c4ccccc4,7.54
4,CHEMBL114917,COc1cccc(CC(=O)Nc2cc([nH]n2)C3CC3)c1,7.54
5,CHEMBL3642649,Fc1ccccc1c2cc(NCc3ccncc3)n4ncc(Cl)c4n2,7.54
6,CHEMBL495558,CC(C)(C)c1oc(CSc2cnc(NC3CCCC(O)C3)s2)nc1,7.55
7,CHEMBL3648087,CCOC(=O)N=S(=O)(C)c1ccc(Nc2ncc(Br)c(N[C@@H](COC)[C@H](C)O)n2)cc1,7.55
8,CHEMBL79356,NCC[S+]([O-])c1cc(c2ccc[nH]2)c3C(=O)Nc4ccc(F)c1c34,7.55
9,CHEMBL272668,NS(=O)(=O)c1ccc(N\C=C\2/C(=O)Nc3ccc(cc23)C(=O)O)cc1,7.55
10,CHEMBL3648105,CCC(Sc1nc(Nc2ccc(cc2)S(=N)(=O)C)ncc1Br)C(C)(C)O,7.57
11,CHEMBL3648123,CCS(=N)(=O)c1ccc(Nc2ncc(Br)c(N[C@H](C)C(C)(C)O)n2)cc1,7.57
12,CHEMBL491447,Cn1cc(C2=C(C(=O)NC2=O)c3coc4cc(CO)ccc34)c5cccc(CO)c15,7.57
13,CHEMBL1964256,CNS(=O)(=O)Cc1ccc(N\C=C\2/C(=O)Nc3ccc4ncsc4c23)cc1,7.59
14,CHEMBL186163,Nc1nc2ccc(cn2c1C(=S)c3c(F)cccc3F)C(=O)c4c(F)cccc4F,7.59
15,CHEMBL3823659,CC(=O)N1CCC(CC1)n2cc(Nc3ncc(Cl)c(n3)c4cnc5ccccn45)cn2,7.6
16,CHEMBL485431,CN(C)CCNS(=O)(=O)c1ccc(Nc2nccc(n2)c3cnc(C)n3C)cc1,7.6
17,CHEMBL3099753,COC[C@H](Cc1ccc(O)cc1)NC(=O)c2cc(C(=O)O)c3cc(\C=C\c4ccc(Cl)cc4)ccc3n2,7.6
18,CHEMBL2426395,COc1ccc(NC(=S)NC(=O)c2cn(nc2c3ccc(OC)cc3)c4ccccc4)cc1,7.6
19,CHEMBL3644028,CS(=O)(=O)c1ccc(Nc2ncc(c(OCC#C)n2)C(F)(F)F)cc1,7.6
20,CHEMBL3648078,C[C@@H](Nc1nc(Nc2ccc(cc2)S(=N)(=O)C3CCCC3)ncc1Br)C(C)(C)O,7.6
21,CHEMBL510578,Fc1cccc(F)c1C(=O)Nc2c[nH]nc2C(=O)NCC3CC3,7.6
22,CHEMBL272026,NS(=O)(=O)c1ccc(N\N=C\2/C(=O)Nc3ccc(cc23)C(=O)NCCCn4ccnc4)cc1,7.6
23,CHEMBL1761791,Nc1nc(Nc2cccnc2)sc1C(=O)c3ccccc3F,7.6
24,CHEMBL319685,COc1cccc(c1)c2cc(Nc3ccc(cc3)S(=O)(=O)N)[nH]n2,7.61
25,CHEMBL476518,CC(C)n1c(C)ncc1c2ccnc(Nc3ccc(cc3)N(C)C)n2,7.62
26,CHEMBL3648124,CCS(=N)(=O)c1ccc(Nc2ncc(Br)c(N[C@@H](C)C(C)(C)O)n2)cc1,7.62
27,CHEMBL216126,COc1ccccc1C(=O)c2cnc(NC3CCN(CC3)S(=O)(=O)C)nc2N,7.62
28,CHEMBL255463,Clc1ccccc1CC(=O)Nc2n[nH]c3ccc(cc23)N4CCCS4(=O)=O,7.62
29,CHEMBL560818,Cn1nc(C(=O)N)c2c1c3nc(Nc4ccccc4)ncc3CC2(C)C,7.62
30,CHEMBL3642646,Fc1ccccc1c2cc(NCc3ccncc3)n4ncc(Br)c4n2,7.62
31,CHEMBL1081628,N[C@H](CNc1nnc(s1)c2ccc3[nH]ncc3c2)Cc4ccc(cc4)C(F)(F)F,7.62
32,CHEMBL103285,NS(=O)(=O)c1ccc(Nc2cc([nH]n2)c3cccc(Br)c3)cc1,7.63
33,CHEMBL514913,CCn1c(C)ncc1c2ccnc(Nc3ccc(cc3)S(=O)(=O)C)n2,7.64
34,CHEMBL2158858,CNC(=O)Nc1ccc(cc1)c2cc(ccn2)c3ccnc(Nc4cccc(c4)S(=O)(=O)N)n3,7.64
35,CHEMBL3357951,C[C@@H](NC(=O)N1CCc2cnc(Nc3ccnn3C)nc2C1)c4ccc(Cl)c(Cl)c4,7.64
36,CHEMBL309767,NCCS(=O)(=O)c1cc(c2ccc[nH]2)c3C(=O)Nc4ccc(F)c1c34,7.64
37,CHEMBL191003,Nc1nc(Nc2ccc(cc2)S(=O)(=O)N)nn1C(=O)c3c(F)cccc3F,7.64
38,CHEMBL2035044,CN1C\C=C\CCOc2cc(ccn2)c3ccnc(Nc4cccc(C1)c4)n3,7.66
39,CHEMBL258805,COc1ccc2NC(=O)\C(=C/c3cnc[nH]3)\c2c1,7.66
40,CHEMBL254170,CS(=O)(=O)c1ccc(CC(=O)Nc2n[nH]c3ccc(cc23)N4CCCS4(=O)=O)cc1,7.66
41,CHEMBL412097,C\C(=C/1\C(=O)Nc2ccc(Cl)cc12)\Nc3ccc(cc3)S(=O)(=O)N,7.66
42,CHEMBL1207227,Oc1[nH]c2ccc(cc2c1C3=Nc4ccccc4C3=O)S(=O)(=O)O,7.66
43,CHEMBL271182,CCc1ccc2\C(=N\Nc3ccc(cc3)S(=O)(=O)N)\C(=O)Nc2c1,7.68
44,CHEMBL3644022,C[C@@H](O)[C@@H](C)Oc1nc(Nc2ccc(cc2)S(=O)(=O)C3CCCC3)ncc1C(F)(F)F,7.68
45,CHEMBL3644019,C[C@@H](Oc1nc(Nc2ccc(cc2)S(=O)(=O)C3CC3)ncc1C(F)(F)F)C(C)(C)O,7.68
46,CHEMBL3642648,Fc1ccccc1c2cc(NCc3cccnc3)n4ncc(Cl)c4n2,7.68
47,CHEMBL1794054,NS(=O)(=O)c1ccc(N\N=C\2/C(=O)Nc3cccc(CCc4ccncc4)c23)cc1,7.68
48,CHEMBL272217,NS(=O)(=O)c1ccc(N\N=C\2/C(=O)Nc3cccc(OCCc4ccncc4)c23)cc1,7.68
49,CHEMBL2158855,NS(=O)(=O)c1cccc(Nc2nccc(n2)c3ccnc(c3)N4CC5CCC(C4)O5)c1,7.68
50,CHEMBL1800449,Nc1nccc(n1)c2cc(ccc2O)N3C[C@H](O)[C@@H](O)C3,7.68
51,CHEMBL297570,CC(C)(C)c1oc(CSc2cnc(NC(=O)C3CCCNC3)s2)nc1,7.7
52,CHEMBL496567,CC(C)(C)c1oc(CSc2cnc(N[C@@H]3CC[C@@H](N)CC3)s2)nc1,7.7
53,CHEMBL3655765,CC[C@H](Nc1nc(NCc2cccc(F)c2)c3ncn(C(C)C)c3n1)[C@@H](C)O,7.7
54,CHEMBL3655762,CC[C@H](Nc1nc(NCc2cnc(C)cc2C)c3ncn(C(C)C)c3n1)[C@@H](C)O,7.7
55,CHEMBL295484,CN(C)c1ccc(Nc2nccc(n2)c3sc(C)nc3C)cc1[N+](=O)[O-],7.7
56,CHEMBL3421973,CN1CCN(CC1)c2ccc(Nc3ncc(Cl)c(n3)c4c[nH]c5cnccc45)cc2,7.7
57,CHEMBL186680,COc1cc(Nc2nccc(n2)c3cnn4nc(C)ccc34)cc(c1)C(F)(F)F,7.7
58,CHEMBL186288,COc1ccc2c(cnn2n1)c3ccnc(Nc4ccc(cc4)[N+](=O)[O-])n3,7.7
59,CHEMBL603097,COc1ccc2nc3[nH]nc(C)c3c(OC)c2c1,7.7
60,CHEMBL3648071,C[C@@H](O)[C@@H](C)Nc1nc(Nc2ccc(cc2)S(=N)(=O)C)ncc1Br,7.7
61,CHEMBL452602,C[C@@H]1CNC[C@@H](C1)C(=O)Nc2ncc(SCc3oc(cn3)C(C)(C)C)s2,7.7
62,CHEMBL191834,C[C@H](C(=O)Nc1cc([nH]n1)C2CC2)c3ccc(cc3)N4CCOC4=O,7.7
63,CHEMBL603469,C[C@]12O[C@H](C[C@]1(O)CO)n3c4ccccc4c5c6C(=O)NCc6c7c8ccccc8n2c7c35,7.7
64,CHEMBL255263,Fc1ccc(CC(=O)Nc2n[nH]c3ccc(cc23)N4CCCS4(=O)=O)cc1,7.7
65,CHEMBL254367,O=C(Cc1cccc2ccccc12)Nc3n[nH]c4ccc(cc34)N5CCCS5(=O)=O,7.7
66,CHEMBL188938,[O-][N+](=O)c1ccc(Nc2nccc(n2)c3cnn4ncccc34)cc1,7.7
67,CHEMBL457979,CC(C)n1c(C)ncc1c2ccnc(Nc3ccc(cc3)S(=O)(=O)Cc4ccccc4)n2,7.72
68,CHEMBL3648092,CCOC(=O)N=S(=O)(CC)c1ccc(Nc2ncc(Br)c(O[C@H](C)[C@H](C)O)n2)cc1,7.72
69,CHEMBL562104,CNC(=O)c1nn(C)c2c1CCc3cnc(Nc4ccccc4)nc23,7.72
70,CHEMBL1080913,Cc1n[nH]c2ccc(cc12)c3nnc(NC[C@@H](N)Cc4ccc(F)c(F)c4)s3,7.72
71,CHEMBL272684,NS(=O)(=O)c1ccc(N\N=C\2/C(=O)Nc3cccc(c4cc[nH]n4)c23)cc1,7.72
72,CHEMBL2158845,NS(=O)(=O)c1cccc(Nc2nccc(n2)c3ccnc(c3)N4CCOCC4)c1,7.72
73,CHEMBL457177,O[C@@H]1CC[C@H](CC1)NC(=O)c2n[nH]cc2NC(=O)c3c(F)cccc3F,7.72
74,CHEMBL451462,CC(C)n1c(C)ncc1c2nc(Nc3ccc(cc3)C(=O)N4CCN(C)CC4)ncc2F,7.75
75,CHEMBL3648103,CCC(Sc1nc(Nc2ccc(cc2)S(=N)(=O)C)ncc1Br)C(C)O,7.75
76,CHEMBL83775,COc1cc(c2ccc[nH]2)c3C(=O)Nc4ccc(F)c1c34,7.75
77,CHEMBL442186,Fc1ccc2NC(=O)c3c(cc(SC[C@@H]4CCCN4)c1c23)c5ccc[nH]5,7.75
78,CHEMBL79364,OCCCOc1cc(c2ccc[nH]2)c3C(=O)Nc4ccc(F)c1c34,7.75
79,CHEMBL103382,NS(=O)(=O)c1ccc(Nc2cc([nH]n2)c3ccc(F)cc3)cc1,7.76
80,CHEMBL509012,CC(C)C1CC(CCN1)C(=O)Nc2ncc(SCc3oc(cn3)C(C)(C)C)s2,7.77
81,CHEMBL180814,CC(C)c1cnn2c(Nc3ccc(cc3)S(=O)(=O)N(C)C)cc(O[C@@H]4CC[C@@H](N)CC4)nc12,7.77
82,CHEMBL487066,CC(C)n1c(C)ncc1c2ccnc(Nc3ccc(cc3)C(=O)NC4CC4)n2,7.77
83,CHEMBL477786,CC(C)n1c(C)ncc1c2ccnc(Nc3ccc(cc3)N4CCN(CC4)C(=O)CO)n2,7.77
84,CHEMBL409868,CN(C)C(=O)c1ccc2NC(=O)\C(=N/Nc3ccc(cc3)S(=O)(=O)N)\c2c1,7.77
85,CHEMBL563641,CN1CCN(CC1)c2ccc(Nc3ncc4CC(C)(C)c5c(nn(C)c5c4n3)C(=O)N)cc2,7.77
86,CHEMBL192042,C[C@H](C(=O)Nc1cc([nH]n1)C2CC2)c3ccc(cc3)N4CCN(C)C4=O,7.77
87,CHEMBL515311,C[C@H](O)C(=O)N1CCN(CC1)c2ccc(Nc3nccc(n3)c4cnc(C)n4C(C)C)cc2,7.77
88,CHEMBL1080911,Cc1n[nH]c2ccc(cc12)c3nnc(NC[C@@H](N)Cc4ccc(cc4)C(F)(F)F)s3,7.77
89,CHEMBL1080893,Cc1n[nH]c2ccc(cc12)c3nnc(NC[C@@H](N)Cc4cccc(Cl)c4)s3,7.77
90,CHEMBL3648126,CC(C)Nc1nc(Nc2ccc(cc2)S(=N)(=O)C)ncc1Br,7.8
91,CHEMBL478241,CC(C)n1c(C)ncc1c2ccnc(Nc3ccc(cc3)N4CCN(CC4)C(=O)CN(C)C)n2,7.8
92,CHEMBL3648127,CCC(CO)Sc1nc(Nc2ccc(cc2)S(=N)(=O)C)ncc1Br,7.8
93,CHEMBL307808,COCCNS(=O)(=O)c1ccc(Nc2nccc(n2)c3cnc4ccc(Sc5ccccc5)cn34)cc1,7.8
94,CHEMBL272389,CS(=O)(=O)c1ccc2NC(=O)\C(=N/Nc3ccc(cc3)S(=O)(=O)N)\c2c1,7.8
95,CHEMBL3644032,C[C@@H](O)[C@@H](C)Oc1nc(Nc2ccc(cc2)S(=O)(=O)C3CC3)ncc1C(F)(F)F,7.8
96,CHEMBL565459,Cc1cnc(Nc2ccccc2)nc1c3c[nH]c(c3)C(=O)N[C@H](CO)c4ccccc4,7.8
97,CHEMBL523735,NC(=O)c1ccc(Nc2nccc(n2)c3cnn4ncccc34)cc1,7.8
98,CHEMBL2158857,NS(=O)(=O)c1cccc(Nc2nccc(n2)c3ccnc(c3)N4CCCCC4)c1,7.8
99,CHEMBL361833,N[C@@H]1CC[C@H](CC1)Nc2cc(Nc3ccc(cc3)S(=O)(=O)c4ccccc4)n5ncc(Br)c5n2,7.8
100,CHEMBL255932,Nc1ccc(CC(=O)Nc2n[nH]c3ccc(cc23)N4CCCS4(=O)=O)cc1,7.8
101,CHEMBL3298414,OC[C@@H](NC(=O)N1CCc2cnc(NC3CCOCC3)nc2C1)c4ccc(F)c(Cl)c4,7.8
102,CHEMBL1081295,N[C@H](CNc1ncc(s1)c2ccc3cnc(N)cc3c2)Cc4ccc(cc4)C(F)(F)F,7.81
103,CHEMBL455194,CC1CC(CCN1)C(=O)Nc2ncc(SCc3oc(cn3)C(C)(C)C)s2,7.82
104,CHEMBL485619,COCCNS(=O)(=O)c1ccc(Nc2nccc(n2)c3cnc(C)n3CC(C)C)cc1,7.82
105,CHEMBL265903,CS(=O)(=O)N1CCC(CC1)Nc2ncc(C(=O)c3c(F)cccc3F)c(N)n2,7.82
106,CHEMBL412091,NS(=O)(=O)c1ccc(N\N=C\2/C(=O)Nc3ccc(cc23)S(=O)(=O)O)cc1,7.82
107,CHEMBL411886,NS(=O)(=O)c1ccc(N\N=C\2/C(=O)Nc3ccc(cc23)[N+](=O)[O-])cc1,7.82
108,CHEMBL1800464,Nc1nc(NC2CCCC2)cc(n1)c3cc(ccc3O)N4C[C@H](O)[C@@H](O)C4,7.82
109,CHEMBL310529,OCCS(=O)(=O)c1cc(c2ccc[nH]2)c3C(=O)Nc4ccc(F)c1c34,7.82
110,CHEMBL50894,[O-][N+](=O)c1ccc2[nH]c3c(CC(=O)Nc4ccccc34)c2c1,7.82
111,CHEMBL424696,C1CCC(CC1)Oc2nccc(n2)c3cnc(Nc4ccccn4)s3,7.85
112,CHEMBL454645,CC1CCC(CN1)C(=O)Nc2ncc(SCc3oc(cn3)C(C)(C)C)s2,7.85
113,CHEMBL3648093,CCOC(=O)N=S(=O)(C)c1ccc(Nc2ncc(Br)c(O[C@H](C)[C@H](C)O)n2)cc1,7.85
114,CHEMBL515854,COCCS(=O)(=O)c1ccc(Nc2nccc(n2)c3cnc(C)n3C(C)C)cc1,7.85
115,CHEMBL556881,Cn1nc(C(=O)N)c2CCc3cnc(Nc4ccc(cc4)N5CCOCC5)nc3c12,7.85
116,CHEMBL402759,O=C(Cc1ccc(cc1)c2ccccc2)Nc3n[nH]c4ccc(cc34)N5CCCS5(=O)=O,7.85
117,CHEMBL391229,O=C1Nc2ccc3ncsc3c2/C/1=C/Nc4ccc5CS(=O)(=O)Cc5c4,7.85
118,CHEMBL83369,OCCSc1cc(c2ccc[nH]2)c3C(=O)Nc4ccc(F)c1c34,7.85
119,CHEMBL473631,CN1CCN(CC1)c2cccc3[nH]c(nc23)c4n[nH]c5cc(ccc45)c6ccc(O)cc6,7.88
120,CHEMBL515839,CC(C)n1c(C)ncc1c2ccnc(Nc3ccc(cc3)S(=O)(=O)CC4CCCO4)n2,7.89
121,CHEMBL3298309,CC[C@@H](NC(=O)N1CCc2cnc(N[C@@H](C)CO)nc2C1)c3ccc(F)c(F)c3,7.89
122,CHEMBL385733,COc1cccc(F)c1C(=O)c2cnc(NC3CCN(CC3)S(=O)(=O)C)nc2N,7.89
123,CHEMBL3298984,C[C@@H](NC(=O)N1CCc2cnc(NC3CCOCC3)nc2C1)c4ccc(Cl)c(F)c4,7.89
124,CHEMBL411490,Cc1ccc2NC(=O)\C(=N/Nc3ccc(cc3)S(=O)(=O)N)\c2c1Cl,7.89
125,CHEMBL272833,NS(=O)(=O)c1ccc(N\N=C\2/C(=O)Nc3ccc4[nH]ncc4c23)cc1,7.89
126,CHEMBL409104,NS(=O)(=O)c1ccc(N\N=C\2/C(=O)Nc3cccc(Oc4ccccc4)c23)cc1,7.89
127,CHEMBL1964258,OCCNS(=O)(=O)Cc1ccc(N\C=C\2/C(=O)Nc3ccc4ncsc4c23)cc1,7.89
128,CHEMBL405145,Oc1ccc(cc1)c2ccc3c(NC(=O)C4CC4)n[nH]c3n2,7.89
129,CHEMBL103115,NS(=O)(=O)c1ccc(Nc2cc(n[nH]2)c3ccc(O)c(F)c3)cc1,7.9
130,CHEMBL1081263,N[C@H](CNc1ncc(s1)c2ccc3cnccc3c2)Cc4ccc(cc4)C(F)(F)F,7.91
131,CHEMBL3648085,CCOC(=O)N=S(=O)(C)c1ccc(Nc2ncc(Br)c(N[C@H](C)[C@H](C)O)n2)cc1,7.92
132,CHEMBL3298310,CC[C@@H](NC(=O)N1CCc2cnc(N[C@@H](C)CO)nc2C1)c3ccc(Cl)c(Cl)c3,7.92
133,CHEMBL309573,COCCNS(=O)(=O)c1ccc(Nc2nccc(n2)c3cnc4ccccn34)cc1,7.92
134,CHEMBL3644027,COC[C@@H](C)Oc1nc(Nc2ccc(cc2)S(=O)(=O)C)ncc1C(F)(F)F,7.92
135,CHEMBL260103,COc1ccc2NC(=O)\C(=N/Nc3ccc(cc3)S(=O)(=O)N)\c2c1,7.92
136,CHEMBL3644021,C[C@@H](O)[C@@H](C)Oc1nc(Nc2ccc(cc2)S(=O)(=O)C(F)F)ncc1C(F)(F)F,7.92
137,CHEMBL3644034,C[C@@H](Oc1nc(Nc2ccc(cc2)S(=O)(=O)C)ncc1C(F)(F)F)C(C)(C)O,7.92
138,CHEMBL456963,Fc1cccc(F)c1C(=O)Nc2c[nH]nc2C(=O)NC3CCCCC3,7.92
139,CHEMBL1171949,NC(=O)c1nn(CC2CCNCC2)c3c1CCc4cnc(Nc5ccccc5)nc34,7.92
140,CHEMBL82767,NCCNc1cc(c2ccc[nH]2)c3C(=O)Nc4ccc(F)c1c34,7.92
141,CHEMBL311992,NCCOc1cc(c2ccc[nH]2)c3C(=O)Nc4ccc(F)c1c34,7.92
142,CHEMBL272028,NS(=O)(=O)c1ccc(N\N=C\2/C(=O)Nc3ccc(cc23)C(=O)NCCc4c[nH]cn4)cc1,7.92
143,CHEMBL411865,NS(=O)(=O)c1ccc(N\N=C\2/C(=O)Nc3cccc(CCc4ccc(O)cc4)c23)cc1,7.92
144,CHEMBL432491,NS(=O)(=O)c1ccc2NC(=O)\C(=C/c3[nH]cc4C(=O)OCCc34)\c2c1,7.92
145,CHEMBL453895,CC(C)n1c(C)ncc1c2ccnc(Nc3ccc(C(=O)NC4CCN(C)CC4)c(F)c3)n2,7.96
146,CHEMBL3648104,CC(Sc1nc(Nc2ccc(cc2)S(=N)(=O)C)ncc1Br)C(C)(C)O,7.96
147,CHEMBL3648089,CCOC(=O)N=S(=O)(CC)c1ccc(Nc2ncc(Br)c(N[C@H](C)[C@H](C)O)n2)cc1,7.96
148,CHEMBL3644023,C[C@@H](Oc1nc(Nc2ccc(cc2)S(=O)(=O)CC=C)ncc1C(F)(F)F)C(C)(C)O,7.96
149,CHEMBL484738,Cc1ncc(c2ccnc(Nc3ccc(cc3)S(=O)(=O)N)n2)n1C,7.96
150,CHEMBL3642647,Fc1ccccc1c2cc(NCc3cccnc3)n4ncc(Br)c4n2,7.96
151,CHEMBL273060,NS(=O)(=O)c1ccc(N\N=C\2/C(=O)Nc3ccc(I)cc23)cc1,7.96
152,CHEMBL181114,N[C@@H]1CC[C@H](CC1)Nc2cc(Nc3ccc(cc3)S(=O)(=O)c4cccs4)n5ncc(Cl)c5n2,7.96
153,CHEMBL3298982,OC[C@@H](NC(=O)N1CCc2cnc(NC3CCOCC3)nc2C1)c4ccc(Cl)c(Cl)c4,7.96
154,CHEMBL421578,CS(=O)(=O)Nc1cccc(c1)c2cc(Nc3ccc(cc3)S(=O)(=O)N)[nH]n2,7.97
155,CHEMBL319103,NS(=O)(=O)c1ccc(Nc2cc([nH]n2)c3cccc(NS(=O)(=O)c4ccccc4)c3)cc1,7.97
156,CHEMBL189455,C1Oc2ccc(Nc3nccc(n3)c4cnn5ncccc45)cc2O1,8.0
157,CHEMBL359963,CC(C)c1ccc(Nc2nccc(n2)c3cnn4ncccc34)cc1,8.0
158,CHEMBL3655764,CC[C@H](Nc1nc(NCc2cccc(Cl)c2)c3ncn(C(C)C)c3n1)[C@@H](C)O,8.0
159,CHEMBL102926,CN(C)CC(O)COc1ccc(Nc2nccc(n2)c3c(C)nc4ccccn34)cc1,8.0
160,CHEMBL178785,CN(C)S(=O)(=O)c1ccc(Nc2cc(N[C@@H]3CC[C@@H](N)CC3)nc4c(Br)cnn24)cc1,8.0
161,CHEMBL257831,CN(C)c1ccc(CC(=O)Nc2n[nH]c3ccc(cc23)N4CCCS4(=O)=O)cc1,8.0
162,CHEMBL3354187,COC1CCN(CC1)c2nccc(Nc3cc4c(cn3)cc(c5cn[nH]c5)n4C(C)C)n2,8.0
163,CHEMBL359999,COc1cc(Nc2nccc(n2)c3cnn4ncccc34)cc(OC)c1,8.0
164,CHEMBL360206,COc1cc(Nc2nccc(n2)c3cnn4ncccc34)cc(c1)C(F)(F)F,8.0
165,CHEMBL415789,CSc1ccc(CC(=O)Nc2n[nH]c3ccc(cc23)N4CCCS4(=O)=O)cc1,8.0
166,CHEMBL3648073,C[C@H](O)[C@@H](C)Oc1nc(Nc2ccc(cc2)S(=N)(=O)C)ncc1Br,8.0
167,CHEMBL403605,Cc1cccc(CC(=O)Nc2n[nH]c3ccc(cc23)N4CCCS4(=O)=O)c1,8.0
168,CHEMBL402157,Clc1ccc(CC(=O)Nc2n[nH]c3ccc(cc23)N4CCCS4(=O)=O)cc1,8.0
169,CHEMBL404504,Clc1cccc(CC(=O)Nc2n[nH]c3ccc(cc23)N4CCCS4(=O)=O)c1,8.0
170,CHEMBL3642650,Clc1ccccc1c2cc(NCc3ccncc3)n4ncc(Br)c4n2,8.0
171,CHEMBL365229,FC(F)(F)c1cc(Br)cc(Nc2nccc(n2)c3cnn4ncccc34)c1,8.0
172,CHEMBL188665,FC(F)(F)c1cc(Nc2nccc(n2)c3cnn4ncccc34)ccc1Cl,8.0
173,CHEMBL255262,Fc1cccc(CC(=O)Nc2n[nH]c3ccc(cc23)N4CCCS4(=O)=O)c1,8.0
174,CHEMBL1171948,NC(=O)Cn1nc(C(=O)N)c2CCc3cnc(Nc4ccccc4)nc3c12,8.0
175,CHEMBL409690,NS(=O)(=O)c1ccc(N\N=C\2/C(=O)Nc3ccc(O)cc23)cc1,8.0
176,CHEMBL319903,NS(=O)(=O)c1ccc(Nc2cc([nH]n2)c3ccc(Br)cc3)cc1,8.0
177,CHEMBL1276446,O=C1Nc2ccc3ncsc3c2/C/1=C/Nc4ccc(cc4)S(=O)(=O)Nc5ccccn5,8.0
178,CHEMBL3298678,OC[C@@H](NC(=O)N1CCc2cnc(NC3CCOCC3)nc2C1)c4ccc(Cl)c(F)c4,8.0
179,CHEMBL271952,NS(=O)(=O)c1ccc(N\N=C\2/C(=O)Nc3ccc4[nH]nnc4c23)cc1,8.02
180,CHEMBL2112297,O=C1Nc2ccc3ncsc3c2/C/1=C/Nc4ccc(cc4)S(=O)(=O)N[n+]5ccc6ccccc6c5,8.02
181,CHEMBL272380,NS(=O)(=O)c1ccc(N\N=C\2/C(=O)Nc3cccc(\C=C\c4ccc(O)cc4)c23)cc1,8.03
182,CHEMBL103104,NS(=O)(=O)c1ccc(Nc2cc(n[nH]2)c3cccc(O)c3)cc1,8.04
183,CHEMBL496785,CC(C)(C)c1oc(CSc2cnc(NC3CCCCC3)s2)nc1,8.05
184,CHEMBL23254,CC(C)[C@H](CO)Nc1nc(Nc2ccc(C(=O)O)c(Cl)c2)c3ncn(C(C)C)c3n1,8.05
185,CHEMBL455467,CC(C)n1c(C)ncc1c2ccnc(Nc3ccc(cc3)C(=O)N4CCN(C)CC4)n2,8.05
186,CHEMBL514690,CC(C)n1c(C)ncc1c2ccnc(Nc3ccc(cc3)N4CCOCC4)n2,8.05
187,CHEMBL508739,CC(C)n1c(C)ncc1c2nc(Nc3ccc(C(=O)N(C)C)c(C)c3)ncc2F,8.05
188,CHEMBL3648084,CCOC(=O)N=S(=O)(C)c1ccc(Nc2ncc(Br)c(N[C@H](C)C(C)(C)O)n2)cc1,8.05
189,CHEMBL408210,CCOC(=O)c1cccc2NC(=O)\C(=C/Nc3ccc(cc3)S(=O)(=O)N)\c12,8.05
190,CHEMBL3648121,CCS(=N)(=O)c1ccc(Nc2ncc(Br)c(N[C@@H](COC)[C@H](C)O)n2)cc1,8.05
191,CHEMBL3648120,CCS(=N)(=O)c1ccc(Nc2ncc(Br)c(N[C@H](COC)[C@@H](C)O)n2)cc1,8.05
192,CHEMBL294884,CNS(=O)(=O)c1ccc2NC(=O)\C(=C/c3[nH]cc4C(=O)NCCc34)\c2c1,8.05
193,CHEMBL362560,COc1ccc(cc1)c2[nH]nc3c4cccc(NC(=O)NNC(=O)c5ccc(O)cc5)c4C(=O)c23,8.05
194,CHEMBL3298418,C[C@@H](NC(=O)N1CCc2cnc(Nc3ccnc(C)c3)nc2C1)c4ccc(Cl)c(Cl)c4,8.05
195,CHEMBL490480,Cc1cc(CC(=O)Nc2cc([nH]n2)C3CC3)ccc1c4ccccc4,8.05
196,CHEMBL2158844,Clc1cccc(Nc2nccc(n2)c3ccnc(c3)N4CCOCC4)c1,8.05
197,CHEMBL291324,NC1=NC(=C(N=O)C(=O)N1)N,8.05
198,CHEMBL272165,NS(=O)(=O)c1ccc(N\N=C\2/C(=O)Nc3ccc(cc23)C(=O)NCc4ccncc4)cc1,8.05
199,CHEMBL319467,NS(=O)(=O)c1ccc(Nc2nc(OCC3CCCCC3)c4nc[nH]c4n2)cc1,8.05
200,CHEMBL254979,O=C(Cc1ccc2ccccc2c1)Nc3n[nH]c4ccc(cc34)N5CCCS5(=O)=O,8.05
201,CHEMBL1234087,O=C1Nc2ccc(cc2/C/1=C/Nc3ccc4CS(=O)(=O)Cc4c3)c5ocnc5,8.05
202,CHEMBL58224,O=C1Nc2cccc(C3CCNCC3)c2/C/1=C/c4[nH]cc5C(=O)OCCc45,8.05
203,CHEMBL255718,Oc1ccc(CC(=O)Nc2n[nH]c3ccc(cc23)N4CCCS4(=O)=O)cc1,8.05
204,CHEMBL388978,CN[C@@H]1C[C@H]2O[C@@](C)([C@@H]1OC)n3c4ccccc4c5c6CNC(=O)c6c7c8ccccc8n2c7c35,8.09
205,CHEMBL3648128,CC(C)(O)CSc1nc(Nc2ccc(cc2)S(=N)(=O)C)ncc1Br,8.1
206,CHEMBL488085,CC(C)n1c(C)ncc1c2ccnc(Nc3ccc(cc3)C(=O)N(C)C)n2,8.1
207,CHEMBL515001,CC(C)n1c(C)ncc1c2nc(Nc3ccc(cc3)N4CCOCC4)ncc2F,8.1
208,CHEMBL3648102,CC(O)C(C)Sc1nc(Nc2ccc(cc2)S(=N)(=O)C)ncc1Br,8.1
209,CHEMBL485240,CCCS(=O)(=O)c1ccc(Nc2nccc(n2)c3cnc(C)n3C(C)C)cc1,8.1
210,CHEMBL411425,CCc1cccc2NC(=O)\C(=N/Nc3ccc(cc3)S(=O)(=O)N)\c12,8.1
211,CHEMBL484571,CN(C)CCNS(=O)(=O)c1ccc(Nc2nccc(n2)c3cnc4cccnn34)cc1,8.1
212,CHEMBL367150,CN(C)S(=O)(=O)c1ccc(Nc2cc(N[C@@H]3CC[C@@H](N)CC3)nc4c(Cl)cnn24)cc1,8.1
213,CHEMBL520187,COCCNS(=O)(=O)c1ccc(Nc2nccc(n2)c3cnc(C)n3C)cc1,8.1
214,CHEMBL3648082,COc1cc(Nc2ncc(Br)c(O[C@H](C)[C@H](C)O)n2)ccc1S(=N)(=O)C,8.1
215,CHEMBL478828,COc1ccc(Nc2nccc(n2)c3cnc(C)n3C(C)C)cc1,8.1
216,CHEMBL3648074,C[C@@H](Nc1nc(Nc2ccc(cc2)S(=N)(=O)C3CC3)ncc1Br)C(C)(C)O,8.1
217,CHEMBL3644033,C[C@@H](O)[C@@H](C)Oc1nc(Nc2ccc(cc2)S(=O)(=O)C)ncc1C(F)(F)F,8.1
218,CHEMBL359554,N(c1ccccc1)c2nccc(n2)c3cnn4ncccc34,8.1
219,CHEMBL187750,Oc1ccc2c(cnn2n1)c3ccnc(Nc4cccc(c4)C(F)(F)F)n3,8.1
220,CHEMBL1964257,NS(=O)(=O)Cc1ccc(N\C=C\2/C(=O)Nc3ccc4ncsc4c23)cc1,8.13
221,CHEMBL407709,NS(=O)(=O)c1ccc(N\N=C\2/C(=O)Nc3ccc4ncsc4c23)cc1,8.15
222,CHEMBL402370,Brc1ccc(CC(=O)Nc2n[nH]c3ccc(cc23)N4CCCS4(=O)=O)cc1,8.16
223,CHEMBL402158,Brc1cccc(CC(=O)Nc2n[nH]c3ccc(cc23)N4CCCS4(=O)=O)c1,8.16
224,CHEMBL495557,CC(C)(C)c1oc(CSc2cnc(N[C@@H]3CC[C@@H](O)CC3)s2)nc1,8.16
225,CHEMBL3648094,CCS(=N)(=O)c1ccc(Nc2ncc(Br)c(N[C@H](COC)[C@H](C)O)n2)cc1,8.16
226,CHEMBL360573,CN(C)S(=O)(=O)c1ccc(Nc2cc(N[C@@H]3CC[C@@H](N)CC3)nc4c(cnn24)C#N)cc1,8.16
227,CHEMBL3648083,CN=S(=O)(C)c1ccc(Nc2ncc(Br)c(N[C@H](C)[C@H](C)O)n2)cc1,8.16
228,CHEMBL268507,COc1ccc(F)cc1C(=O)c2cnc(NC3CCN(CC3)S(=O)(=O)C)nc2N,8.16
229,CHEMBL3639469,C[C@@H](Nc1nc(Nc2ccc(c(C)c2)S(=N)(=O)C)ncc1Br)C(C)(C)O,8.16
230,CHEMBL3648125,C[C@H](Nc1nc(Nc2ccc(c(C)c2)S(=N)(=O)C)ncc1Br)C(C)(C)O,8.16
231,CHEMBL3648110,C[C@H](O)[C@@H](C)Nc1nc(Nc2ccc(cc2)S(=N)(=O)CCO)ncc1Br,8.16
232,CHEMBL256558,Cc1ccc(CC(=O)Nc2n[nH]c3ccc(cc23)N4CCCS4(=O)=O)cc1,8.16
233,CHEMBL280074,Cn1cnc2c(NCc3ccccc3)nc(NCCO)nc12,8.16
234,CHEMBL312726,NCCCc1cc(c2ccc[nH]2)c3C(=O)Nc4ccc(F)c1c34,8.16
235,CHEMBL410072,CC(C)(CO)CNC(=O)c1ccc2NC(=O)\C(=N/Nc3ccc(cc3)S(=O)(=O)N)\c2c1,8.17
236,CHEMBL2158843,NS(=O)(=O)c1cccc(Nc2nccc(n2)c3ccnc(NCCCO)c3)c1,8.17
237,CHEMBL361894,C1COc2cc(Nc3nccc(n3)c4cnn5ncccc45)ccc2O1,8.22
238,CHEMBL186708,C1COc2ccc(Nc3nccc(n3)c4cnn5ncccc45)cc2OC1,8.22
239,CHEMBL520353,CC(C)OCCCNS(=O)(=O)c1ccc(Nc2nccc(n2)c3cnc(C)n3C)cc1,8.22
240,CHEMBL510436,CC(C)n1c(C)ncc1c2ccnc(Nc3ccc(C(=O)N(C)C)c(F)c3)n2,8.22
241,CHEMBL488436,CC(C)n1c(C)ncc1c2ccnc(Nc3ccc(cc3)S(=O)(=O)C)n2,8.22
242,CHEMBL460103,CC(C)n1c(C)ncc1c2nc(Nc3ccc(cc3)C(=O)N4CC[C@H](C4)N(C)C)ncc2F,8.22
243,CHEMBL476993,CC(C)n1c(C)ncc1c2nc(Nc3ccc(cc3)N4CCN(CC4)C(=O)CO)ncc2F,8.22
244,CHEMBL1241567,CCCCOc1c(ccc2[nH]ncc12)C(=O)c3c(F)cc(C)cc3F,8.22
245,CHEMBL3648119,COC[C@H](Nc1nc(Nc2ccc(cc2)S(=N)(=O)C)ncc1Br)[C@H](C)O,8.22
246,CHEMBL215086,COc1cc(F)c(F)cc1C(=O)c2cnc(NC3CCN(CC3)S(=O)(=O)C)nc2N,8.22
247,CHEMBL3648115,COc1cc(Nc2ncc(Br)c(N[C@H](C)C(C)(C)O)n2)ccc1S(=N)(=O)C,8.22
248,CHEMBL3648114,COc1cc(Nc2ncc(Br)c(N[C@H](C)[C@H](C)O)n2)ccc1S(=O)(=NC)C,8.22
249,CHEMBL3648072,C[C@@H](Nc1nc(Nc2ccc(cc2)S(=N)(=O)C)ncc1Br)C(C)(C)O,8.22
250,CHEMBL3644024,C[C@@H](O)[C@@H](C)Oc1nc(Nc2ccc(cc2)S(=O)(=O)C(C)C)ncc1C(F)(F)F,8.22
251,CHEMBL103355,Cc1ccc(F)c(Nc2ccnc(Nc3ccc(cc3)S(=O)(=O)N)n2)c1,8.22
252,CHEMBL434337,Cc1ccc2c(cnn2n1)c3ccnc(Nc4ccc5OCCOc5c4)n3,8.22
253,CHEMBL1234086,CNS(=O)(=O)Cc1ccc(N\N=C\2/C(=O)Nc3ccc4ncsc4c23)cc1,8.24
254,CHEMBL1964260,CS(=O)(=O)c1ccc(N\C=C\2/C(=O)Nc3ccc4ncsc4c23)cc1,8.24
255,CHEMBL1964253,CN(c1ccccn1)S(=O)(=O)c2ccc(N\C=C\3/C(=O)Nc4ccc5ncsc5c34)cc2,8.25
256,CHEMBL1964245,CNS(=O)(=O)c1ccc(N\C=C\2/C(=O)Nc3ccc4ncsc4c23)cc1,8.25
257,CHEMBL1964242,O=C1Nc2ccc3ncsc3c2/C/1=C/Nc4ccc(cc4)S(=O)(=O)NCc5ccccc5,8.25
258,CHEMBL70824,CN(C)CCCN(C)S(=O)(=O)c1ccc(Nc2nccc(n2)c3cnc4ccccn34)cc1,8.3
259,CHEMBL1241849,CN(C)CCNS(=O)(=O)c1ccc(Nc2cccc(c2)c3cnc4ccccn34)cc1,8.3
260,CHEMBL72548,CN(C)CCNS(=O)(=O)c1ccc(Nc2nccc(n2)c3cnc4ccccn34)cc1,8.3
261,CHEMBL3099763,COC(=O)[C@H](Cc1ccc(O)cc1)NC(=O)c2cc(C(=O)O)c3cc(\C=C\c4ccc(Cl)cc4)ccc3n2,8.3
262,CHEMBL3354186,COC1CCN(CC1)c2nccc(Nc3cc4[nH]c(cc4cn3)c5cn[nH]c5)n2,8.3
263,CHEMBL452601,C[C@H]1CNC[C@@H](C1)C(=O)Nc2ncc(SCc3oc(cn3)C(C)(C)C)s2,8.3
264,CHEMBL72509,Clc1cccc(Nc2nccc(n2)c3cnc4ccccn34)c1,8.3
265,CHEMBL415471,Fc1ccc2NC(=O)c3c(cc(CCC#N)c1c23)c4ccc[nH]4,8.3
266,CHEMBL79498,Fc1ccc2NC(=O)c3c(cc(S[C@H]4CCNC4)c1c23)c5ccc[nH]5,8.3
267,CHEMBL500804,O=C(NC1=NNC2=CC=CC12)C3CC3,8.3
268,CHEMBL481562,Oc1ccc(cc1)c2cc3[nH]nc(C(=O)NC4CC4)c3cc2Br,8.3
269,CHEMBL260163,Oc1ccc(cc1)c2ccc3c(NC(=O)C4CC4)n[nH]c3c2,8.3
270,CHEMBL260417,Oc1ccc(cc1)c2nc3[nH]nc(NC(=O)C4CC4)c3cc2Br,8.3
271,CHEMBL427909,Oc1ccc(cc1)c2nc3[nH]nc(NC(=O)C4CC4)c3cc2c5ccccc5,8.3
272,CHEMBL1964246,OCCNS(=O)(=O)c1ccc(N\C=C\2/C(=O)Nc3ccc4ncsc4c23)cc1,8.33
273,CHEMBL1964247,CN(C)S(=O)(=O)c1ccc(N\C=C\2/C(=O)Nc3ccc4ncsc4c23)cc1,8.34
274,CHEMBL272667,Cc1c2\C(=N\Nc3ccc(cc3)S(=O)(=O)N)\C(=O)Nc2ccc1[N+](=O)[O-],8.34
275,CHEMBL314397,NS(=O)(=O)c1ccc(cc1)N=Nc2c(O)[nH]c3cccc(I)c23,8.34
276,CHEMBL1964250,COCCOCCOCCOCCNS(=O)(=O)c1ccc(N\C=C\2/C(=O)Nc3ccc4ncsc4c23)cc1,8.35
277,CHEMBL410883,NC(=O)c1ccc2NC(=O)\C(=N/Nc3ccc(cc3)S(=O)(=O)N)\c2c1,8.35
278,CHEMBL1964244,O=C1Nc2ccc3ncsc3c2/C/1=C/Nc4ccc(cc4)S(=O)(=O)Nc5ccccc5,8.37
279,CHEMBL514197,COc1cc(ccc1O)c2ccc3c(n[nH]c3c2)c4nc5c(cccc5[nH]4)N6CCN(C)CC6,8.39
280,CHEMBL23327,CC(C)[C@H](CO)Nc1nc(Nc2cccc(Cl)c2)c3ncn(C(C)C)c3n1,8.4
281,CHEMBL3648106,CC(CO)Sc1nc(Nc2ccc(cc2)S(=N)(=O)C)ncc1Br,8.4
282,CHEMBL518826,CCCN(C)[C@H]1CCN(C1)C(=O)c2ccc(Nc3nccc(n3)c4cnc(C)n4C(C)C)cc2,8.4
283,CHEMBL3648122,CCS(=N)(=O)c1ccc(Nc2ncc(Br)c(N[C@@H](C)[C@H](C)O)n2)cc1,8.4
284,CHEMBL3648095,CCS(=N)(=O)c1ccc(Nc2ncc(Br)c(N[C@H](C)[C@H](C)O)n2)cc1,8.4
285,CHEMBL485618,CCn1c(C)ncc1c2ccnc(Nc3ccc(cc3)S(=O)(=O)NCCOC)n2,8.4
286,CHEMBL178179,CN(C)S(=O)(=O)c1ccc(Nc2cc(N[C@@H]3CC[C@@H](N)CC3)nc4c(cnn24)C5CCCC5)cc1,8.4
287,CHEMBL468963,CN1CCN(CC1)c2ccc(Nc3nccc(n3)c4cnn5ncccc45)cc2C(F)(F)F,8.4
288,CHEMBL60541,CNS(=O)(=O)c1ccc2NC(=O)\C(=C/c3[nH]cc4C(=O)OCCc34)\c2c1,8.4
289,CHEMBL73243,COCCCNS(=O)(=O)c1ccc(Nc2nccc(n2)c3cnc4ccccn34)cc1,8.4
290,CHEMBL3648118,COC[C@@H](Nc1nc(Nc2ccc(cc2)S(=N)(=O)C)ncc1Br)[C@@H](C)O,8.4
291,CHEMBL3648111,COc1cc(Nc2ncc(Br)c(N[C@H](C)[C@@H](C)O)n2)ccc1S(=N)(=O)C,8.4
292,CHEMBL3648113,COc1cc(Nc2ncc(Br)c(N[C@H](C)[C@@H](C)O)n2)ccc1S(=O)(=NC)C,8.4
293,CHEMBL3648112,COc1cc(Nc2ncc(Br)c(N[C@H](C)[C@H](C)O)n2)ccc1S(=N)(=O)C,8.4
294,CHEMBL3357950,C[C@@H](NC(=O)N1CCc2cnc(Nc3cnn(C)c3)nc2C1)c4ccc(Cl)c(Cl)c4,8.4
295,CHEMBL3648076,C[C@@H](Nc1nc(Nc2ccc(cc2)S(=N)(=O)CC3CC3)ncc1Br)C(C)(C)O,8.4
296,CHEMBL3648107,C[C@@H](Nc1nc(Nc2ccc(cc2)S(=N)(=O)CCO)ncc1Br)C(C)(C)O,8.4
297,CHEMBL3648108,C[C@H](Nc1nc(Nc2ccc(cc2)S(=N)(=O)CCO)ncc1Br)C(C)(C)O,8.4
298,CHEMBL3648096,C[C@H](O)[C@@H](C)Nc1nc(Nc2ccc(c(C)c2)S(=N)(=O)C)ncc1Br,8.4
299,CHEMBL489477,Fc1cc(CC(=O)Nc2cc([nH]n2)C3CC3)ccc1c4ccccc4,8.4
300,CHEMBL2163997,N[C@@H]1CC[C@H](CC1)Nc2cc(Nc3ccc(F)c(Cl)c3)n4ncc(C#N)c4n2,8.4
301,CHEMBL293068,OC(=O)c1ccc2NC(=O)\C(=C/c3[nH]cc4C(=O)OCCc34)\c2c1,8.4
302,CHEMBL1964251,O=C1Nc2ccc3ncsc3c2/C/1=C/Nc4ccc(cc4)S(=O)(=O)NCCc5c[nH]cn5,8.44
303,CHEMBL271160,CC(C)Oc1cccc2NC(=O)\C(=N/Nc3ccc(cc3)S(=O)(=O)N)\c12,8.47
304,CHEMBL2064555,CN(C)C[C@@H](NC(=O)c1ccc2[nH]nc(c3nc4ccccc4[nH]3)c2c1)c5ccccc5,8.47
305,CHEMBL215803,C[C@@H]1C[C@H]2CN1CCn3nc4c(cccc4c3O)c5nc6c(O2)cccc6nc5O,8.47
306,CHEMBL2163995,N[C@@H]1CC[C@H](CC1)Nc2cc(Nc3ccc(F)c(Cl)c3)n4ncc(Br)c4n2,8.47
307,CHEMBL1964255,NC(=N)NS(=O)(=O)c1ccc(N\C=C\2/C(=O)Nc3ccc4ncsc4c23)cc1,8.48
308,CHEMBL269883,CC(C)COC(=O)c1ccc2NC(=O)\C(=C/Nc3ccc(cc3)S(=O)(=O)N)\c2c1,8.52
309,CHEMBL453629,CC(C)n1c(C)ncc1c2ccnc(Nc3ccc(C(=O)NCCN(C)C)c(F)c3)n2,8.52
310,CHEMBL478407,CC(C)n1c(C)ncc1c2ccnc(Nc3ccc(F)cc3)n2,8.52
311,CHEMBL488084,CC(C)n1c(C)ncc1c2ccnc(Nc3ccc(cc3)C(=O)N)n2,8.52
312,CHEMBL477785,CC(C)n1c(C)ncc1c2ccnc(Nc3ccc(cc3)N4CCN(CC4)S(=O)(=O)CCN(C)C)n2,8.52
313,CHEMBL455195,CCC1CC(CCN1)C(=O)Nc2ncc(SCc3oc(cn3)C(C)(C)C)s2,8.52
314,CHEMBL453655,CNC(=O)c1ccc(Nc2ncc(F)c(n2)c3cnc(C)n3C(C)C)cc1,8.52
315,CHEMBL508129,CNC(=O)c1ccc(Nc2nccc(n2)c3cnc(C)n3C(C)C)cc1,8.52
316,CHEMBL384304,COc1ccc(F)c(F)c1C(=O)c2cnc(NC3CCN(CC3)S(=O)(=O)C)nc2N,8.52
317,CHEMBL3648109,C[C@@H](O)[C@@H](C)Nc1nc(Nc2ccc(cc2)S(=N)(=O)CCO)ncc1Br,8.52
318,CHEMBL3644026,C[C@@H](O)[C@@H](C)Oc1nc(Nc2ccc(cc2)S(=O)(=O)CCO)ncc1C(F)(F)F,8.52
319,CHEMBL186101,Cc1cc(C)cc(Nc2nccc(n2)c3cnn4ncccc34)c1,8.52
320,CHEMBL401303,Clc1ccccc1c2cc(NCc3cccnc3)n4ncc(Br)c4n2,8.52
321,CHEMBL518383,Fc1ccc(NC(=O)c2n[nH]cc2NC(=O)c3c(F)cccc3F)cc1,8.52
322,CHEMBL497564,N(c1cccc(c1)c2cocn2)c3nccc(n3)c4cnn5ncccc45,8.52
323,CHEMBL311464,NCCSc1cc(c2ccc[nH]2)c3C(=O)Nc4ccc(F)c1c34,8.52
324,CHEMBL2163996,N[C@@H]1CC[C@H](CC1)Nc2cc(Nc3ccc(F)c(Cl)c3)n4ncc(Cl)c4n2,8.52
325,CHEMBL490481,O=C(Cc1ccc(Cc2cccs2)cc1)Nc3cc([nH]n3)C4CC4,8.52
326,CHEMBL1794055,NS(=O)(=O)c1ccc(NC=C2C(=O)Nc3ccc4ncsc4c23)cc1,8.55
327,CHEMBL271595,NS(=O)(=O)c1ccc(N\C=C\2/C(=O)Nc3ccc4ncsc4c23)cc1,8.55
328,CHEMBL411426,CC(C)c1cccc2NC(=O)\C(=N/Nc3ccc(cc3)S(=O)(=O)N)\c12,8.6
329,CHEMBL270132,NS(=O)(=O)c1ccc(N\C=C\2/C(=O)Nc3ccc(cc23)c4ocnc4)cc1,8.6
330,CHEMBL269827,NS(=O)(=O)c1ccc(N\N=C\2/C(=O)Nc3ccc(cc23)c4ocnc4)cc1,8.64
331,CHEMBL269882,NS(=O)(=O)c1ccc(N\N=C\2/C(=O)Nc3ccc4[nH]nc(Cl)c4c23)cc1,8.66
332,CHEMBL409731,COC(=O)c1ccc2NC(=O)\C(=C/Nc3ccc(cc3)S(=O)(=O)N)\c2c1,8.68
333,CHEMBL271953,NS(=O)(=O)c1ccc(N\N=C\2/C(=O)Nc3ccc(cc23)C(=O)NCc4cccnc4)cc1,8.68
334,CHEMBL487067,CC(C)n1c(C)ncc1c2ccnc(Nc3ccc(cc3)C(=O)NCCO)n2,8.7
335,CHEMBL454648,CC(C)n1c(C)ncc1c2nc(Nc3ccc(C(=O)N(C)C)c(F)c3)ncc2F,8.7
336,CHEMBL462385,CC(C)n1c(C)ncc1c2nc(Nc3ccc(C(=O)NCCN(C)C)c(F)c3)ncc2F,8.7
337,CHEMBL453862,CC(C)n1c(C)ncc1c2nc(Nc3ccc(cc3)C(=O)N(C)C)ncc2F,8.7
338,CHEMBL462192,CC(C)n1c(C)ncc1c2nc(Nc3ccc(cc3)C(=O)N4CCCN(C)CC4)ncc2F,8.7
339,CHEMBL460102,CC(C)n1c(C)ncc1c2nc(Nc3ccc(cc3)C(=O)N4CC[C@@H](C4)N(C)C)ncc2F,8.7
340,CHEMBL3298985,CC[C@@H](NC(=O)N1CCc2cnc(NC3CCOCC3)nc2C1)c4ccc(C#N)c(Cl)c4,8.7
341,CHEMBL178769,CN(C)S(=O)(=O)c1ccc(Nc2cc(N[C@@H]3CC[C@@H](N)CC3)nc4c(Br)cnn24)cc1Cl,8.7
342,CHEMBL560817,CN1CCN(CC1)c2ccc(Nc3ncc4CCc5c(nn(C)c5c4n3)C(=O)N)cc2,8.7
343,CHEMBL488257,CNC(=O)c1ccc(Nc2nccc(n2)c3cnc(C)n3C4CCCC4)cc1,8.7
344,CHEMBL455657,CN[C@H]1CCN(C1)C(=O)c2ccc(Nc3ncc(F)c(n3)c4cnc(C)n4C(C)C)cc2,8.7
345,CHEMBL460087,CN[C@H]1CCN(C1)C(=O)c2ccc(Nc3nccc(n3)c4cnc(C)n4C(C)C)cc2,8.7
346,CHEMBL213713,COc1cc(F)c(F)c(F)c1C(=O)c2cnc(NC3CCN(CC3)S(=O)(=O)C)nc2N,8.7
347,CHEMBL187081,COc1cccc(Nc2nccc(n2)c3cnn4ncccc34)c1,8.7
348,CHEMBL3298199,C[C@@H](NC(=O)N1CCc2cnc(N[C@H]3CCO[C@@H](CO)C3)nc2C1)c4ccc(Cl)c(Cl)c4,8.7
349,CHEMBL192602,C[C@H](C(=O)Nc1cc([nH]n1)C2CC2)c3ccc(cc3)N4CCNC4=O,8.7
350,CHEMBL190446,C[C@H](C(=O)Nc1cc([nH]n1)C2CC2)c3ccc(cc3)N4Cc5ccccc5C4=O,8.7
351,CHEMBL3648116,C[C@H](Nc1nc(Nc2ccc(cc2)S(=N)(=O)C)ncc1Br)C(C)(C)O,8.7
352,CHEMBL3648117,C[C@H](O)[C@@H](C)Nc1nc(Nc2ccc(cc2)S(=N)(=O)C)ncc1Br,8.7
353,CHEMBL411887,C\C(=C/1\C(=O)Nc2ccc(cc12)c3ocnc3)\Nc4ccc(cc4)S(=O)(=O)N,8.7
354,CHEMBL298445,Cc1nc(N)sc1c2ccnc(Nc3cccc(c3)[N+](=O)[O-])n2,8.7
355,CHEMBL559845,Cn1nc(C(=O)N)c2CCc3cnc(Nc4ccccc4)nc3c12,8.7
356,CHEMBL194721,FC(F)(F)c1cnc(Nc2ccc3[nH]cnc3c2)nc1Nc4ccccc4Cl,8.7
357,CHEMBL364370,Fc1ccc(Nc2nccc(n2)c3cnn4ncccc34)cc1F,8.7
358,CHEMBL359794,N#Cc1ccc(Nc2nccc(n2)c3cnn4ncccc34)cc1,8.7
359,CHEMBL495696,N#Cc1cccc(Nc2nccc(n2)c3cnn4ncccc34)c1,8.7
360,CHEMBL73303,NS(=O)(=O)c1ccc(Nc2nccc(n2)c3cnc4ccccn34)cc1,8.7
361,CHEMBL260416,Oc1ccc(cc1Br)c2ccc3c(NC(=O)C4CC4)n[nH]c3n2,8.7
362,CHEMBL259838,Oc1ccc(cc1Cl)c2ccc3c(NC(=O)C4CC4)n[nH]c3n2,8.7
363,CHEMBL429142,CC(C)CC(=O)c1ccc2NC(=O)\C(=C/Nc3ccc(cc3)S(=O)(=O)N)\c2c1,8.72
364,CHEMBL271136,COc1cccc(OC)c1CNC(=O)c2ccc3NC(=O)\C(=N/Nc4ccc(cc4)S(=O)(=O)N)\c3c2,8.77
365,CHEMBL409892,NS(=O)(=O)c1ccc(N\N=C\2/C(=O)Nc3ccc4ncccc4c23)cc1,8.8
366,CHEMBL270544,CC(=Cc1cccc2NC(=O)\C(=N/Nc3ccc(cc3)S(=O)(=O)N)\c12)C,8.82
367,CHEMBL445945,NS(=O)(=O)c1ccc(N\C=C\2/C(=O)Nc3ccc4ncccc4c23)cc1,8.82
368,CHEMBL411224,CC(C)Cc1cccc2NC(=O)\C(=N/Nc3ccc(cc3)S(=O)(=O)N)\c12,8.92
369,CHEMBL318999,Nc1nc(Nc2ccc(cc2)S(=O)(=O)N)nc(OCC3CCCCC3)c1N=O,8.96
370,CHEMBL509406,CC(C)n1c(C)ncc1c2nc(Nc3ccc(C(=O)NC4CCN(C)CC4)c(F)c3)ncc2F,9.0
371,CHEMBL559513,CN1CCN(CC1)c2cccc(Nc3ncc4CCc5c(nn(C)c5c4n3)C(=O)N)c2,9.0
372,CHEMBL478409,COCCNS(=O)(=O)c1ccc(Nc2nccc(n2)c3cnc(C)n3C(C)C)cc1,9.0
373,CHEMBL1964249,COCCOCCOCCOCCN(C)S(=O)(=O)c1ccc(N\C=C\2/C(=O)Nc3ccc4ncsc4c23)cc1,9.0
374,CHEMBL186890,Clc1ccc(Nc2nccc(n2)c3cnn4ncccc34)cc1Cl,9.0
375,CHEMBL184510,Fc1cc(F)cc(Nc2nccc(n2)c3cnn4ncccc34)c1,9.0
376,CHEMBL1171950,NCCCn1nc(C(=O)N)c2CCc3cnc(Nc4ccccc4)nc3c12,9.0
377,CHEMBL14762,CC[C@H](CO)Nc1nc(NCc2ccccc2)c3ncn(C(C)C)c3n1,9.22
378,CHEMBL1964259,OCCOCCNS(=O)(=O)c1ccc(N\C=C\2/C(=O)Nc3ccc4ncsc4c23)cc1,9.27
379,CHEMBL476577,CC(C)n1c(C)ncc1c2nc(Nc3ccc(cc3)N4CC(C4)NC(=O)C)ncc2F,9.3
380,CHEMBL321517,Nc1ccc(cc1)c2cc(Nc3ccc(cc3)S(=O)(=O)N)[nH]n2,9.47
381,CHEMBL317703,NS(=O)(=O)c1ccc(Nc2cc([nH]n2)c3ccc(cc3)[N+](=O)[O-])cc1,9.48
382,CHEMBL526110,[O-][N+](=O)c1cccc(Nc2nccc(n2)c3cnn4ncccc34)c1,9.52
