,molecule_chembl_id,canonical_smiles,pchembl_value
0,palbociclib,CC(=O)C1=C(C)C2=C(N=C(NC3=NC=C(C=C3)N3CCNCC3)N=C2)N(C2CCCC2)C1=O,7.9586072
1,ribociclib,CN(C)C(=O)C1=CC2=C(N=C(NC3=NC=C(C=C3)N3CCNCC3)N=C2)N1C1CCCC1,8.0
2,CHEMBL3702036,CN1CCN(CC1)c2ccc(Nc3ncc4c5C=CNC(=O)c5n(C6CCCC6)c4n3)nn2,7.54
3,CHEMBL194721,FC(F)(F)c1cnc(Nc2ccc3[nH]cnc3c2)nc1Nc4ccccc4Cl,7.54
4,CHEMBL385415,Oc1nc2cccc3O[C@H]4CCN(CCn5nc6c(cccc6c5O)c1nc23)C4,7.54
5,CHEMBL3691594,CN(C)C(=O)c1cc2cnc(Nc3ccc(cn3)C(=O)N4CC5CCCC(C4)N5)nc2n1C6CCCC6,7.57
6,CHEMBL3691617,CN(C)C(=O)c1cc2cnc(Nc3ccc(cn3)N4CC5CC5(N)C4)nc2n1C6CCCC6,7.57
7,CHEMBL3691682,CN(C)C(=O)c1cc2cnc(Nc3ccc(cn3)N4CCN5CCC[C@@H]5C4=O)nc2n1C6CCCC6,7.57
8,CHEMBL3702247,CN(C)C1CCN(CC1)c2ccc(Nc3ncc4c5ccncc5n(C6CCC6)c4n3)nn2,7.57
9,CHEMBL3237447,N#Cc1nccc2c3cnc(Nc4ccc(cn4)N5CCNCC5)nc3n(C6CCCC6)c12,7.57
10,CHEMBL3702174,NC1[C@H]2CN(C[C@@H]12)c3ccc(Nc4ncc5c6ccncc6n(C7CCCC7)c5n4)nn3,7.57
11,CHEMBL520458,Oc1cccc(c1)c2ccc3C(=O)NC(=O)\C(=C/Nc4ccc(CN5CCCCC5)cc4)\c3c2,7.57
12,CHEMBL3702097,COC(=O)N1CCN(CC1)c2ccc(Nc3ncc4c5ccnc(F)c5n(C6CCCC6)c4n3)nc2,7.58
13,CHEMBL3702105,C1CCC(C1)n2c3nnccc3c4cnc(Nc5ccc(cn5)N6CCC(CC6)N7CCCC7)nc24,7.59
14,CHEMBL3691578,CC(CO)N1C2CCC1CN(C2)C(=O)c3ccc(Nc4ncc5cc(C(=O)N(C)C)n(C6CCCC6)c5n4)nc3,7.59
15,CHEMBL3654258,CN(C)C(=O)c1cc2cnc(Nc3ccc(cn3)N4CCN(CCO)CC4)nc2n1C5CCCC5,7.59
16,CHEMBL522718,CN1CCN(CC1)c2ccc(Nc3nccc(n3)c4cnn5nc(ccc45)c6ccc(F)cc6)cc2,7.59
17,CHEMBL496360,CCc1nn2ncccc2c1c3ccnc(Nc4ccc(cc4)N5CCN(C)CC5)n3,7.6
18,CHEMBL3691597,CN(C)C(=O)c1cc2cnc(Nc3ccc(cn3)C(=O)N4CC5CCC(C4)N5)nc2n1C6CCC6,7.6
19,CHEMBL359794,N#Cc1ccc(Nc2nccc(n2)c3cnn4ncccc34)cc1,7.6
20,CHEMBL3641985,C1CN(CCN1)c2ccc(Nc3ncc4c5ccncc5n([C@@H]6CCOC6)c4n3)nn2,7.62
21,CHEMBL3691590,CN(C)C(=O)c1cc2cnc(Nc3ccc(cn3)C(=O)N4CCN5CCC4CC5)nc2n1C6CCCC6,7.62
22,CHEMBL3642027,COC(=O)CNC1CCN(CC1)c2ccc(Nc3ncc4c5ccncc5n(C6CCCC6)c4n3)nc2,7.62
23,CHEMBL3644033,C[C@@H](O)[C@@H](C)Oc1nc(Nc2ccc(cc2)S(=O)(=O)C)ncc1C(F)(F)F,7.62
24,CHEMBL3644034,C[C@@H](Oc1nc(Nc2ccc(cc2)S(=O)(=O)C)ncc1C(F)(F)F)C(C)(C)O,7.62
25,CHEMBL3641993,C1CCC(C1)n2c3cnccc3c4cnc(Nc5ccc(nn5)N6CCC(CC6)N7CCCC7)nc24,7.64
26,CHEMBL3691593,CN(C)C(=O)c1cc2cnc(Nc3cc(C)c(cn3)C(O)N4CC5CCC(C4)N5)nc2n1C6CCCC6,7.64
27,CHEMBL3691659,CN(C)C(=O)c1cc2cnc(Nc3ccc(cn3)N4CC5CCC(CC4=O)N5)nc2n1C6CCCC6,7.64
28,CHEMBL3237710,C[C@@H]1CC[C@H](CC1)n2c3cnccc3c4cnc(Nc5ccc(nn5)N6CCC(CC6)N(C)C)nc24,7.64
29,CHEMBL3237719,C[C@@H]1CC[C@H](CC1)n2c3cnccc3c4cnc(Nc5ccc6CN(CCc6n5)C(=O)CO)nc24,7.64
30,CHEMBL3691649,CN(C)C(=O)c1cc2cnc(Nc3ccc(cn3)N4CC5CCC(C4)N5)nc2n1C6CCCC6,7.65
31,CHEMBL3702156,C1CCC(C1)n2c3cnccc3c4cnc(Nc5ccc(nn5)N6CCC=CC6)nc24,7.66
32,CHEMBL3698714,C1CCC(C1)n2c3cnccc3c4cnc(Nc5cnc(cn5)N6CCOCC6)nc24,7.66
33,CHEMBL3702219,CC[C@@H](C)n1c2cnccc2c3cnc(Nc4ccc(nn4)N5CC[C@@H](O)C5)nc13,7.66
34,CHEMBL3702237,CC[C@H](C)n1c2cnccc2c3cnc(Nc4ccc(nn4)N5CC[C@@H](O)C5)nc13,7.66
35,CHEMBL3691571,CN(C)C(=O)c1cc2cnc(Nc3ccc(cn3)C(=O)N4CC5CCC(C4)N5CCO)nc2n1C6CCCC6,7.66
36,CHEMBL3691577,CN(C)C1C2CCC1CN(C2)C(=O)c3ccc(Nc4ncc5cc(C(=O)N(C)C)n(C6CCCC6)c5n4)nc3,7.66
37,CHEMBL3702200,CN(C)C1CCN(CC1)c2ccc(Nc3ncc4c5ccccc5n(C6CCCC6)c4n3)nn2,7.66
38,CHEMBL1083785,CNc1nc(C)c(s1)c2ccnc(Nc3ccc(cc3)N4CCN(CC4)C(=O)C)n2,7.66
39,CHEMBL3691633,CN(C)C(=O)c1cc2cnc(Nc3ccc(cn3)N4C5CCN(CC5)CC4=O)nc2n1C6CCCCCC6,7.67
40,CHEMBL3702131,CN(C)C1CCN(CC1)S(=O)(=O)c2ccc(Nc3ncc4c5ccncc5n(C6CCCC6)c4n3)nc2,7.67
41,CHEMBL3641987,CC1(C)CN(CCN1)c2ccc(Nc3ncc4c5ccncc5n([C@@H]6CCOC6)c4n3)nn2,7.68
42,CHEMBL3691592,CN(C)C(=O)c1cc2cnc(Nc3ccc(C(=O)N4CC5CCC(C4)N5)c(C)n3)nc2n1C6CCCC6,7.68
43,CHEMBL3691616,CN(C)C(=O)c1cc2cnc(Nc3ccc(cn3)C(=O)N4CC5CCC(C4)N5)nc2n1[C@H]6C[C@@H]7CC[C@H]6C7,7.68
44,CHEMBL3691550,CN(C)C(=O)c1cc2cnc(Nc3ccc(cn3)C(=O)N4CC5CCC4C5O)nc2n1C6CCCCCC6,7.68
45,CHEMBL3702241,CN(C)C1CCN(CC1)c2ccc(Nc3ncc4c5ccncc5n(C6CCC6)c4n3)nc2,7.68
46,CHEMBL3702245,CNC1CCN(CC1)c2ccc(Nc3ncc4c5ccncc5n(C6CCC6)c4n3)nc2,7.68
47,CHEMBL3691662,CN(C)C(=O)c1cc2cnc(Nc3ccc(nn3)N4CC5CCC(C4)N5)nc2n1C6CCCCC6,7.69
48,CHEMBL3684983,C[C@@H]1CC[C@H](CC1)n2c3cnccc3c4cnc(Nc5ccc6CN(CCO)CC(C)c6n5)nc24,7.69
49,CHEMBL489629,CC(C)(C)c1ccc2C(=O)NC(=O)\C(=C/NCc3cc(O)c(cn3)c4cocc4)\c2c1,7.7
50,CHEMBL3702038,CC1(C)CN(CCN1)c2ccc(Nc3ncc4c5C=CNC(=O)c5n(C6CCCC6)c4n3)nn2,7.7
51,CHEMBL3702094,CC1CN(CC(C)N1)c2ccc(Nc3ncc4c5ccnc(F)c5n(C6CCCC6)c4n3)nc2,7.7
52,CHEMBL477861,CCCOc1ccc(CN\C=C\2/C(=O)NC(=O)c3ccc(I)cc23)cc1O,7.7
53,CHEMBL477863,CCCOc1ccc(CN\C=C\2/C(=O)NC(=O)c3ccc(I)cc23)nc1O,7.7
54,CHEMBL515631,CCCOc1cnc(CN\C=C\2/C(=O)NC(=O)c3ccc(cc23)C(C)(C)C)cc1O,7.7
55,CHEMBL40362,CCOc1ccc(NC2=CC(=O)c3sc(C)nc3C2=O)cc1,7.7
56,CHEMBL3691603,CN(C)C(=O)c1cc2cnc(Nc3ccc(cn3)C(=O)N4CC5CCC(C4)N5C(=O)C6CCCN6)nc2n1C7CCCC7,7.7
57,CHEMBL3691638,CN(C)C(=O)c1cc2cnc(Nc3ccc(cn3)N4CC5(CC6CCC(C5)N6)OC4=O)nc2n1C7CCCC7,7.7
58,CHEMBL3691641,CN(C)C(=O)c1cc2cnc(Nc3ccc(cn3)N4CC5(CCCN(C)CC5)OC4=O)nc2n1C6CCCC6,7.7
59,CHEMBL3702061,CN(C)C1CCN(CC1)c2ccc(Nc3ncc4c5ccnc(Cl)c5n(C6CCCC6)c4n3)nn2,7.7
60,CHEMBL3698715,CN(C)C1CCN(CC1)c2cnc(Nc3ncc4c5ccncc5n(C6CCCC6)c4n3)cn2,7.7
61,CHEMBL388978,CN[C@@H]1C[C@H]2O[C@@](C)([C@@H]1OC)n3c4ccccc4c5c6CNC(=O)c6c7c8ccccc8n2c7c35,7.7
62,CHEMBL3644032,C[C@@H](O)[C@@H](C)Oc1nc(Nc2ccc(cc2)S(=O)(=O)C3CC3)ncc1C(F)(F)F,7.7
63,CHEMBL3702244,C[C@H]1CN(CCN1)c2ccc(Nc3ncc4c5ccncc5n(C6CCC6)c4n3)nc2,7.7
64,CHEMBL3237445,Cc1nccc2c3cnc(Nc4ccc(cn4)N5CCNCC5)nc3n(C6CCCC6)c12,7.7
65,CHEMBL445813,Clc1cccc(Cl)c1C(=O)Nc2c[nH]nc2C(=O)NC3CCNCC3,7.7
66,CHEMBL188938,[O-][N+](=O)c1ccc(Nc2nccc(n2)c3cnn4ncccc34)cc1,7.7
67,CHEMBL3702028,CC1CCN(C1)c2ccc(Nc3ncc4c5ccncc5n(C6CCCC6)c4n3)nn2,7.72
68,CHEMBL3691557,CN(C)C(=O)c1cc2cnc(Nc3ccc(cn3)C(=O)N4CC5CC5(N)C4)nc2n1C6CCCC6,7.72
69,CHEMBL3691602,CN(C)C(=O)c1cc2cnc(Nc3ccc(cn3)C(=O)N4CC5CCC(C4)N5C(=O)CN)nc2n1C6CCCC6,7.72
70,CHEMBL3691587,CN(C)C(=O)c1cc2cnc(Nc3ccc(cn3)C(=O)N4CC5CCC(C4)N5C)nc2n1C6CCCC6,7.72
71,CHEMBL3691650,CN(C)C(=O)c1cc2cnc(Nc3ccc(cn3)N4CCC5(CCCN5)C4=O)nc2n1C6CCCC6,7.72
72,CHEMBL3691668,CN(C)C(=O)c1cc2cnc(Nc3ccc(cn3)N4C[C@@H]5CC[C@H](CC4=O)N5)nc2n1C6CCCCC6,7.72
73,CHEMBL3691679,CN(C)C(=O)c1cc2cnc(Nc3ccc(cn3)N4C[C@H]5CC[C@@H](CC4=O)N5CC(F)(F)F)nc2n1C6CCCC6,7.72
74,CHEMBL3642013,CN(CCO)C1CCN(CC1)c2ccc(Nc3ncc4c5ccncc5n(C6CCCC6)c4n3)nc2,7.72
75,CHEMBL3702175,COCC(C)(C)n1c2cnccc2c3cnc(Nc4ccc(cn4)N5CCC(CC5)N(C)C)nc13,7.72
76,CHEMBL3684985,C[C@@H]1CC[C@H](CC1)n2c3cnccc3c4cnc(Nc5ccc6CN(CCO)CC(O)c6n5)nc24,7.72
77,CHEMBL3702078,Cc1nc(Nc2ncc3c4ccnc(F)c4n(C5CCCC5)c3n2)ccc1N6CCNCC6,7.72
78,CHEMBL3684986,C[C@@H]1CC[C@H](CC1)n2c3cnccc3c4cnc(Nc5ccc6CN(C[C@@H](C)c6n5)C(=O)C)nc24,7.73
79,CHEMBL3684980,C[C@@H]1CC[C@H](CC1)n2c3cnccc3c4cnc(Nc5cc6CN(CCO)CCc6cn5)nc24,7.74
80,CHEMBL3702150,C1CCC2(CC1)CN(CCN2)c3ccc(Nc4ncc5c6ccncc6n(C7CCCC7)c5n4)nn3,7.75
81,CHEMBL3640010,CCN(CC)C1CCN(CC1)c2ccc(Nc3ncc4c5ccnc(F)c5n(C6CCCC6)c4n3)nn2,7.75
82,CHEMBL3691575,CN(C)C(=O)c1cc2cnc(Nc3ccc(cn3)C(=O)N4CC5CNCC5C4)nc2n1C6CCCC6,7.75
83,CHEMBL3691558,CN(C)C(=O)c1cc2cnc(Nc3ccc(cn3)C(=O)N4C[C@@H]5C[C@@]5(N)C4)nc2n1C6CCCC6,7.75
84,CHEMBL3691639,CN(C)C(=O)c1cc2cnc(Nc3ccc(cn3)N4CC5(CC6CCC(C5)N6C)OC4=O)nc2n1C7CCCC7,7.75
85,CHEMBL3698700,C1CCC(C1)n2c3cnccc3c4cnc(Nc5ccc(NC6CCNCC6)cn5)nc24,7.77
86,CHEMBL3702057,CC(=O)N1CCN(CC1)c2ccc(Nc3ncc4c5ccncc5n(C6CCCC6)c4n3)nc2,7.77
87,CHEMBL3702248,CC1(C)CN(CCN1)c2ccc(Nc3ncc4c5ccncc5n(C6CCC6)c4n3)nn2,7.77
88,CHEMBL3641989,CC1(C)CN(CCN1)c2ccc(Nc3ncc4c5ccncc5n([C@@H]6CCOC6)c4n3)nc2,7.77
89,CHEMBL3702032,CC1CN(CC(C)N1)c2ccc(Nc3ncc4c5C=CNC(=O)c5n(C6CCCC6)c4n3)nc2,7.77
90,CHEMBL3702070,CCC(CC)n1c2cnccc2c3cnc(Nc4ccc(nn4)N5CCC(CC5)N(C)C)nc13,7.77
91,CHEMBL3691544,CN(C)C(=O)c1cc2cnc(Nc3ccc(cn3)C(=O)N4C[C@H]5CNC[C@@H](C4)C5O)nc2n1C6CCCC6,7.77
92,CHEMBL3691640,CN(C)C(=O)c1cc2cnc(Nc3ccc(cn3)N4CC5(CCCNCC5)OC4=O)nc2n1C6CCCC6,7.77
93,CHEMBL3702177,CN(C)C1CCN(CC1)c2ccc(Nc3ncc4c5ccncc5n(C6CCSCC6)c4n3)nn2,7.77
94,CHEMBL3698704,COC1CCN(C1)c2ccc(Nc3ncc4c5ccncc5n(C6CCCC6)c4n3)nc2,7.77
95,CHEMBL3684984,C[C@@H]1CC[C@H](CC1)n2c3cnccc3c4cnc(Nc5ccc6CNCC(O)c6n5)nc24,7.78
96,CHEMBL3698726,C1CCC(C1)n2c3cnccc3c4cnc(Nc5ccc(NC6CCNCC6)nn5)nc24,7.79
97,CHEMBL3702047,CCN1CCN(CC1)c2ccc(Nc3ncc4c5ccncc5n(C6CCCC6)c4n3)nc2,7.8
98,CHEMBL3702232,CC[C@H](C)n1c2cnccc2c3cnc(Nc4ccc(nn4)N5CCNC(C)(C)C5)nc13,7.8
99,CHEMBL3691584,CN(C)C(=O)c1cc2cnc(Nc3ccc(cn3)C(=O)N4CC5(CNC5)C4)nc2n1C6CCCC6,7.8
100,CHEMBL3691561,CN(C)C(=O)c1cc2cnc(Nc3ccc(cn3)C(=O)N4CC5CCC(C4)N5)nc2n1C6CCCC6,7.8
101,CHEMBL3702132,CN(C)C1CCN(CC1)C(=O)c2ccc(Nc3ncc4c5ccncc5n(C6CCCC6)c4n3)nc2,7.8
102,CHEMBL3702037,C[C@H]1CN(CCN1)c2ccc(Nc3ncc4c5C=CNC(=O)c5n(C6CCCC6)c4n3)nn2,7.8
103,CHEMBL3702173,Fc1nccc2c3cnc(Nc4ccc(cn4)C5=CCS(=O)(=O)CC5)nc3n(C6CCCC6)c12,7.8
104,CHEMBL497564,N(c1cccc(c1)c2cocn2)c3nccc(n3)c4cnn5ncccc45,7.8
105,CHEMBL3702152,O=C1COC2(CCN(CC2)c3ccc(Nc4ncc5c6ccncc6n(C7CCCC7)c5n4)nn3)CN1,7.8
106,CHEMBL3691572,CC(C)N1C2CCC1CN(C2)C(=O)c3ccc(Nc4ncc5cc(C(=O)N(C)C)n(C6CCCC6)c5n4)nc3,7.81
107,CHEMBL3698690,C1CCC(C1)n2c3cncnc3c4cnc(Nc5ccc(cn5)N6CCNCC6)nc24,7.82
108,CHEMBL3702056,CCN(CC)C1CCN(CC1)c2ccc(Nc3ncc4c5ccnc(C)c5n(C6CCCC6)c4n3)nc2,7.82
109,CHEMBL3702222,CC[C@@H](C)n1c2cnccc2c3cnc(Nc4ccc(cn4)N5CC[C@@H](O)C5)nc13,7.82
110,CHEMBL3691585,CN(C)C(=O)c1cc2cnc(Nc3ccc(cn3)C(=O)N4C[C@@H]5[C@@H](N)[C@@H]5C4)nc2n1C6CCCC6,7.82
111,CHEMBL3691559,CN(C)C(=O)c1cc2cnc(Nc3ccc(cn3)C(=O)N4C[C@H]5C[C@@]5(N)C4)nc2n1C6CCCC6,7.82
112,CHEMBL3691643,CN(C)C(=O)c1cc2cnc(Nc3ccc(cn3)N4C[C@]5(CCCNCC5)OC4=O)nc2n1C6CCCC6,7.82
113,CHEMBL3698709,CN1CCN(CC1)c2cnc(Nc3ncc4c5ccncc5n(C6CCCC6)c4n3)cn2,7.82
114,CHEMBL3691661,CNC(=O)c1cc2cnc(Nc3ccc(cn3)N4C[C@H]5CC[C@@H](CC4=O)N5C)nc2n1C6CCCC6,7.82
115,CHEMBL3702136,FC(F)(F)c1cccc(c1)n2c3cnccc3c4cnc(Nc5ccc(cn5)N6CCNCC6)cc24,7.82
116,CHEMBL3702130,Fc1nccc2c3cnc(Nc4ccc(cn4)S(=O)(=O)N5CCNCC5)nc3n(C6CCCC6)c12,7.82
117,CHEMBL3642018,OC1CCN(CC1)C2CCN(CC2)c3ccc(Nc4ncc5c6ccncc6n(C7CCCC7)c5n4)nc3,7.82
118,CHEMBL3702086,O[C@H]1CCN(Cc2csc(Nc3ncc4c5ccnc(F)c5n(C6CCCC6)c4n3)n2)C1,7.82
119,CHEMBL3702108,CC1(C)CCC(CC1)n2c3cnccc3c4cnc(Nc5ccc(cn5)N6CCC(CC6)N7CCCC7)nc24,7.85
120,CHEMBL3702188,CN(C)[C@H]1CCN(C1)c2ccc(Nc3ncc4c5ccncc5n(C6CCCC6)c4n3)nc2,7.85
121,CHEMBL3641970,C[C@H](O)Cn1c2cnccc2c3cnc(Nc4ccc(nn4)N5CCN[C@@H](C)C5)nc13,7.85
122,CHEMBL3702165,OC1(CCS(=O)(=O)CC1)c2ccc(Nc3ncc4c5ccncc5n(C6CCCC6)c4n3)nc2,7.85
123,CHEMBL3702116,Oc1nccc2c3cnc(Nc4ccc(CN5CCNCC5)cn4)nc3n(C6CCCC6)c12,7.85
124,CHEMBL3698667,C(C1CCCCC1)n2c3cnccc3c4cnc(Nc5ccc(cn5)N6CCNCC6)nc24,7.89
125,CHEMBL3702206,CC1CN(CC(C)N1)c2ccc(Nc3ncc4c5ccccc5n(C6CCCC6)c4n3)nn2,7.89
126,CHEMBL3691580,CN(C)C(=O)c1cc2cnc(Nc3ccc(cn3)C(=O)N4CC5CCC(C4)N5)nc2n1[C@@H]6CC[C@H](CC6)C(C)(C)C,7.89
127,CHEMBL3691645,CN(C)C(=O)c1cc2cnc(Nc3ccc(cn3)N4CC5(CCCN(C)C5)OC4=O)nc2n1C6CCCC6,7.89
128,CHEMBL3691581,CN(C)C(=O)c1cc2cnc(Nc3ccc(nn3)C(=O)N4CC5CCC(C4)N5)nc2n1C6CCCC6,7.89
129,CHEMBL3702100,CN(CCO)C1CCN(CC1)c2ccc(Nc3ncc4c5ccnc(F)c5n(C6CCCC6)c4n3)nc2,7.89
130,CHEMBL3698638,CN1CCN(CC1)c2ccc(Nc3ncc4c5ccncc5n(C6CCCC6)c4n3)nc2,7.89
131,CHEMBL1189501,CN1CCOc2cccc3nc(O)c(nc23)c4cccc5c(O)n(CC1)nc45,7.89
132,CHEMBL3641990,CNC1CCN(CC1)c2ccc(Nc3ncc4c5ccncc5n(C6CCC6)c4n3)nn2,7.89
133,CHEMBL3641992,C[C@H](CO)NC1CCN(CC1)c2ccc(Nc3ncc4c5ccncc5n(C6CCCC6)c4n3)nc2,7.89
134,CHEMBL212049,Cc1cnc(OC2CCCCC2)nc1c3cnc(Nc4ccccn4)s3,7.89
135,CHEMBL3642007,O[C@@H]1CCCN(C1)C2CCN(CC2)c3ccc(Nc4ncc5c6ccncc6n(C7CCCC7)c5n4)nn3,7.89
136,CHEMBL3702125,Oc1nccc2c3cnc(Nc4ccc(cn4)C(=O)N5CCNCC5)nc3n(C6CCCC6)c12,7.89
137,CHEMBL3639975,C1CCC(C1)n2c3cnccc3c4cnc(Nc5cnc(NC6CCNCC6)cn5)nc24,7.92
138,CHEMBL3702033,CC1CN(CC(C)N1)c2ccc(Nc3ncc4c5C=CNC(=O)c5n(C6CCCC6)c4n3)nn2,7.92
139,CHEMBL3698710,CC1CN(CC(C)N1)c2cnc(Nc3ncc4c5ccncc5n(C6CCCC6)c4n3)cn2,7.92
140,CHEMBL513354,CCN(CC)Cc1cccc(Nc2nccc(n2)c3cnn4ncccc34)c1,7.92
141,CHEMBL3702217,CC[C@@H](C)n1c2cnccc2c3cnc(Nc4ccc(nn4)N5CCN[C@@H](C)C5)nc13,7.92
142,CHEMBL3691548,CN(C)C(=O)c1cc2cnc(Nc3ccc(cn3)C(=O)N4CCC5(CC4)CNC5)nc2n1C6CCCCCC6,7.92
143,CHEMBL3691656,CN(C)C(=O)c1cc2cnc(Nc3ccc(cn3)N4CC5(CCNCC5)OC4=O)nc2n1C6CCCC6,7.92
144,CHEMBL3691646,CN(C)C(=O)c1cc2cnc(Nc3ccc(cn3)N4C[C@@]5(CCCNC5)OC4=O)nc2n1C6CCCC6,7.92
145,CHEMBL3691642,CN(C)C(=O)c1cc2cnc(Nc3ccc(cn3)N4C[C@@]5(CCCNCC5)OC4=O)nc2n1C6CCCC6,7.92
146,CHEMBL495545,CN1CCN(CC1)c2ccc(Nc3nccc(n3)c4cnn5ncccc45)cc2,7.92
147,CHEMBL3641988,CNC1CCN(CC1)c2ccc(Nc3ncc4c5ccncc5n([C@@H]6CCOC6)c4n3)nc2,7.92
148,CHEMBL3698687,COc1nccc2c3cnc(Nc4ccc(cn4)N5CCNCC5)nc3n(C6CCCC6)c12,7.92
149,CHEMBL3642015,C[C@H](O)CNC1CCN(CC1)c2ccc(Nc3ncc4c5ccncc5n(C6CCCC6)c4n3)nc2,7.92
150,CHEMBL359554,N(c1ccccc1)c2nccc(n2)c3cnn4ncccc34,7.92
151,CHEMBL3698738,N[C@H]1CCN(C1)c2ccc(Nc3ncc4c5ccncc5n(C6CCCC6)c4n3)nn2,7.92
152,CHEMBL3642005,O[C@@H]1CCN(C1)C2CCN(CC2)c3ccc(Nc4ncc5c6ccncc6n(C7CCCC7)c5n4)nn3,7.92
153,CHEMBL3691610,CN(C)C(=O)c1cc2cnc(Nc3ccc(cn3)C(=O)N4CCC5CCC(C4)N5)nc2n1C6CCCC6,7.94
154,CHEMBL3702207,C1CCC(C1)n2c3ccccc3c4cnc(Nc5ccc(nn5)N6CCNCC6)nc24,7.96
155,CHEMBL3702170,C1CCC(C1)n2c3cnccc3c4cnc(Nc5ccc(OC6CCNCC6)nn5)nc24,7.96
156,CHEMBL3702058,C1CCC(C1)n2c3cnccc3c4cnc(Nc5ccc(cn5)N6CCN(CC6)C7CC7)nc24,7.96
157,CHEMBL3237451,C1CCC(CC1)n2c3cnccc3c4cnc(Nc5ccc(cn5)N6CCNCC6)nc24,7.96
158,CHEMBL3698669,C1CCCC(CC1)n2c3cnccc3c4cnc(Nc5ccc(cn5)N6CCNCC6)nc24,7.96
159,CHEMBL3702184,CCN(CC)C1CCN(CC1)c2ccc(Nc3ncc4c5ccnc(OC)c5n(C6CCCC6)c4n3)nn2,7.96
160,CHEMBL3702182,CCN(CC)C1CCN(CC1)c2ccc(Nc3ncc4c5ccnnc5n(C6CCCC6)c4n3)nc2,7.96
161,CHEMBL3702045,CCN1CCN(CC1)c2ccc(Nc3ncc4c5ccncc5n(C6CCCC6)c4n3)nn2,7.96
162,CHEMBL3702225,CC[C@@H](C)n1c2cnccc2c3cnc(Nc4ccc(cn4)N5CCC(CC5)NC)nc13,7.96
163,CHEMBL3702224,CC[C@@H](C)n1c2cnccc2c3cnc(Nc4ccc(nn4)N5CCNC(C)(C)C5)nc13,7.96
164,CHEMBL3702209,CN(C)C1CCN(CC1)c2ccc(Nc3ncc4c5ccccc5n(C6CCCC6)c4n3)nc2,7.96
165,CHEMBL3702111,COc1nccc2c3cnc(Nc4ccc(cn4)N5CCC(CC5)N6CCCC6)nc3n(C7CCC(C)(C)CC7)c12,7.96
166,CHEMBL3641937,C[C@@H](CO)n1c2cnccc2c3cnc(Nc4ccc(nn4)N5CCNC(C)(C)C5)nc13,7.96
167,CHEMBL539855,Cl.CN1CCOc2cccc3nc(O)c(nc23)c4cccc5C(=O)N(CC1)Sc45,7.96
168,CHEMBL3702074,FC(F)(F)C1CN(CCN1)c2ccc(Nc3ncc4c5ccncc5n(C6CCCC6)c4n3)nc2,7.96
169,CHEMBL3642025,FC(F)(F)CNC1CCN(CC1)c2ccc(Nc3ncc4c5ccncc5n(C6CCCC6)c4n3)nc2,7.96
170,CHEMBL3702208,NC1CCN(CC1)c2ccc(Nc3ncc4c5ccccc5n(C6CCCC6)c4n3)nn2,7.96
171,CHEMBL3702146,O=C(Cc1ccc(Nc2ncc3c4ccncc4n(C5CCCC5)c3n2)nc1)N6CCOCC6,7.96
172,CHEMBL3698679,OCC1(CCCC1)n2c3cnccc3c4cnc(Nc5ccc(cn5)N6CCNCC6)nc24,7.96
173,CHEMBL424722,Oc1nc2cccc3OCCCCCCN4Sc5c(cccc5c1nc23)C4=O,7.96
174,CHEMBL3684978,COCCN1CCc2nc(Nc3ncc4c5ccncc5n([C@@H]6CC[C@@H](C)CC6)c4n3)ccc2C1,7.98
175,CHEMBL361894,C1COc2cc(Nc3nccc(n3)c4cnn5ncccc45)ccc2O1,8.0
176,CHEMBL3691604,CC(C)[C@@H](N)C(=O)N1C2CCC1CN(C2)C(=O)c3ccc(Nc4ncc5cc(C(=O)N(C)C)n(C6CCCC6)c5n4)nc3,8.0
177,CHEMBL419720,CN(C)CC(O)COc1ccc(Nc2ncc(Br)c(n2)N(CCCC(F)(F)F)c3ccccc3)cc1,8.0
178,CHEMBL359999,COc1cc(Nc2nccc(n2)c3cnn4ncccc34)cc(OC)c1,8.0
179,CHEMBL489245,COc1ccc(CN\C=C\2/C(=O)NC(=O)c3ccc(I)cc23)cc1O,8.0
180,CHEMBL523780,COc1ccc(CN\C=C\2/C(=O)NC(=O)c3ccc(cc23)c4ccccc4)cc1O,8.0
181,CHEMBL3698652,COc1ccc(cc1)n2c3cnccc3c4cnc(Nc5ccc(cn5)N6CCNCC6)nc24,8.0
182,CHEMBL477063,COc1cnc(CN\C=C\2/C(=O)NC(=O)c3ccc(I)cc23)cc1O,8.0
183,CHEMBL3702109,COc1nccc2c3cnc(Nc4ccc(cn4)N5CCNCC5)nc3n(C6CCC(C)(C)CC6)c12,8.0
184,CHEMBL188665,FC(F)(F)c1cc(Nc2nccc(n2)c3cnn4ncccc34)ccc1Cl,8.0
185,CHEMBL3702118,OC1CCCN(Cc2ccc(Nc3ncc4c5ccncc5n(C6CCCC6)c4n3)nc2)C1,8.0
186,CHEMBL3642004,OC1CN(C1)C2CCN(CC2)c3ccc(Nc4ncc5c6ccncc6n(C7CCCC7)c5n4)nn3,8.0
187,CHEMBL3642006,O[C@H]1CCN(C1)C2CCN(CC2)c3ccc(Nc4ncc5c6ccncc6n(C7CCCC7)c5n4)nn3,8.0
188,CHEMBL452447,Oc1cc(CN\C=C\2/C(=O)NC(=O)c3ccc(I)cc23)ccc1c4cccnc4,8.0
189,CHEMBL3642028,CCN(CCO)C1CCN(CC1)c2ccc(Nc3ncc4c5ccncc5n(C6CCCC6)c4n3)nc2,8.01
190,CHEMBL3702113,CN(C)C1CCN(CC1)c2ccc(Nc3ncc4c5ccnc(O)c5n(C6CCC(C)(C)CC6)c4n3)nn2,8.01
191,CHEMBL3702223,CC[C@@H](C)n1c2cnccc2c3cnc(Nc4ccc(nn4)N5CCNCC5)nc13,8.02
192,CHEMBL3691655,CN(C)C(=O)c1cc2cnc(Nc3ccc(cn3)N4CC5(CC6CCC(C5)N6)CC4=O)nc2n1C7CCCC7,8.02
193,CHEMBL3698648,CN(C)C1CCN(CC1)c2ccc(Nc3ncc4c5ccncc5n(C6CCCC6)c4n3)nc2,8.02
194,CHEMBL3698696,O=S1(=O)CCC(C1)Nc2ccc(Nc3ncc4c5ccncc5n(C6CCCC6)c4n3)nc2,8.02
195,CHEMBL3702166,Oc1cc(ccn1)c2ccc(Nc3ncc4c5ccncc5n(C6CCCC6)c4n3)nn2,8.03
196,CHEMBL210540,CN1CCN(Cc2cnc(Nc3ncc(s3)c4cc(C)nc(OC5CCCCC5)n4)cn2)CC1,8.04
197,CHEMBL3698712,C[C@H]1CN(CCN1)c2cnc(Nc3ncc4c5ccncc5n(C6CCCC6)c4n3)cn2,8.04
198,CHEMBL3691554,CN(C)C(=O)c1cc2cnc(Nc3ccc(cn3)C(=O)N4C[C@H]5CN[C@H](C5)C4)nc2n1C6CCCC6,8.05
199,CHEMBL3691644,CN(C)C(=O)c1cc2cnc(Nc3ccc(cn3)N4CC5(CCCNC5)OC4=O)nc2n1C6CCCC6,8.05
200,CHEMBL3691664,CN(C)C(=O)c1cc2cnc(Nc3ccc(cn3)N4CC5CCC(CC4=O)N5)nc2n1c6ccccc6,8.05
201,CHEMBL3691666,CN(C)C(=O)c1cc2cnc(Nc3ccc(cn3)N4C[C@H]5CC[C@@H](CC4=O)N5)nc2n1c6ccccc6,8.05
202,CHEMBL428690,CN1CC[C@@H]([C@H](O)C1)c2c(O)cc(O)c3C(=O)C=C(Oc23)c4ccccc4Cl,8.05
203,CHEMBL3698722,C1CCC(C1)n2c3cnccc3c4cnc(Nc5ccc(N[C@H]6CCNC6)nn5)nc24,8.06
204,CHEMBL3702030,O=C1NC=Cc2c1n(C3CCCC3)c4nc(Nc5ccc(nn5)N6CCNCC6)ncc24,8.06
205,CHEMBL3702089,CN1C(=O)C=Cc2c1n(C3CCCC3)c4nc(Nc5ccc(cn5)N6CCNCC6)ncc24,8.07
206,CHEMBL3684990,C[C@@H]1CC[C@H](CC1)n2c3cnccc3c4cnc(Nc5ccc6CCNCc6n5)nc24,8.07
207,CHEMBL3702211,O[C@H]1CCN(C1)c2ccc(Nc3ncc4c5ccnc(F)c5n(C6CCCC6)c4n3)nn2,8.07
208,CHEMBL3702072,O[C@H]1CCN(Cc2csc(Nc3ncc4c5ccncc5n(C6CCCC6)c4n3)n2)C1,8.07
209,CHEMBL3698737,C1CCN(CC1)c2ccc(Nc3ncc4c5ccncc5n(C6CCCC6)c4n3)nn2,8.08
210,CHEMBL3698670,C1CCC(C1)n2c3ncccc3c4cnc(Nc5ccc(cn5)N6CCNCC6)nc24,8.09
211,CHEMBL3698656,C1CN(CCN1)c2ccc(Nc3ncc4c5ccncc5n(C6CCOCC6)c4n3)nc2,8.09
212,CHEMBL3658050,CC(C)N1CCN(CC1)c2ccc(Nc3ncc4cc(C(=O)N(C)C)n(C5CCCC5)c4n3)nc2,8.1
213,CHEMBL495751,CCN(CC)CCNC(=O)c1cccc(Nc2nccc(n2)c3cnn4ncccc34)c1,8.1
214,CHEMBL3691568,CN(C)C(=O)c1cc2cnc(Nc3ccc(cn3)C(=O)N4CCC[C@@H]5CCN[C@@H]5C4)nc2n1C6CCCC6,8.1
215,CHEMBL3691670,CN(C)C(=O)c1cc2cnc(Nc3ccc(cn3)N4CC5CCC(CC4=O)N5)nc2n1C6CCC6,8.1
216,CHEMBL3691654,CN(C)C(=O)c1cc2cnc(Nc3ccc(cn3)N4CCN5CCCC5C4)nc2n1C6CCCC6,8.1
217,CHEMBL3691647,CN(C)C(=O)c1cc2cnc(Nc3ccc(cn3)N4C[C@]5(CCCNC5)OC4=O)nc2n1C6CCCC6,8.1
218,CHEMBL3642034,CN(C)CCN(C)C1CCN(CC1)c2ccc(Nc3ncc4c5ccncc5n(C6CCCC6)c4n3)nn2,8.1
219,CHEMBL3691601,CSCC[C@@H](N)C(=O)N1C2CCC1CN(C2)C(=O)c3ccc(Nc4ncc5cc(C(=O)N(C)C)n(C6CCCC6)c5n4)nc3,8.1
220,CHEMBL3642036,OC[C@@H](O)CNC1CCN(CC1)c2ccc(Nc3ncc4c5ccncc5n(C6CCCC6)c4n3)nn2,8.1
221,CHEMBL477860,Oc1cc(CN\C=C\2/C(=O)NC(=O)c3ccc(I)cc23)ccc1c4ccncc4,8.1
222,CHEMBL3698719,N[C@H]1CCN(C1)c2cnc(Nc3ncc4c5ccncc5n(C6CCCC6)c4n3)cn2,8.12
223,CHEMBL3698651,Fc1ccc(cc1)n2c3cnccc3c4cnc(Nc5ccc(cn5)N6CCNCC6)nc24,8.13
224,CHEMBL3702147,O=C(Cc1ccc(Nc2ncc3c4ccncc4n(C5CCCC5)c3n2)nc1)N6CCNCC6,8.13
225,CHEMBL3702134,C1CCC(C1)n2c3cnccc3c4cnc(Nc5ccc(nn5)N6CCC7(CCCN7)CC6)nc24,8.14
226,CHEMBL3702189,CN(C)[C@@H]1CCN(C1)c2ccc(Nc3ncc4c5ccncc5n(C6CCCC6)c4n3)nc2,8.14
227,CHEMBL3642022,FCCNC1CCN(CC1)c2ccc(Nc3ncc4c5ccncc5n(C6CCCC6)c4n3)nc2,8.14
228,CHEMBL3702159,C1CCC(C1)n2c3cnccc3c4cnc(Nc5ccc(cn5)C6CCNCC6)nc24,8.16
229,CHEMBL3702044,CC1(C)CN(CCN1)c2ccc(Nc3ncc4c5ccncc5n(C6CCCC6)c4n3)nc2,8.16
230,CHEMBL3702063,CCC(C)(C)n1c2cnccc2c3cnc(Nc4ccc(nn4)N5CCC(CC5)N(C)C)nc13,8.16
231,CHEMBL3702221,CC[C@@H](C)n1c2cnccc2c3cnc(Nc4ccc(cn4)N5CCN[C@@H](C)C5)nc13,8.16
232,CHEMBL3691671,CN(C)C(=O)c1cc2cnc(Nc3ccc(cn3)N4C[C@@H]5CC[C@H](CC4=O)N5)nc2n1C6CCC6,8.16
233,CHEMBL3691632,CN(C)C(=O)c1cc2cnc(Nc3ccc(cn3)N4C[C@@H]5CN(C)C[C@@H]5C4=O)nc2n1C6CCCC6,8.16
234,CHEMBL3702145,CN(C)C1CCN(CC1)C(=O)Cc2ccc(Nc3ncc4c5ccncc5n(C6CCCC6)c4n3)nc2,8.16
235,CHEMBL38694,Cc1nc2C(=O)C(=CC(=O)c2s1)Nc3ccc(Cl)cc3,8.16
236,CHEMBL3642011,OC1CCN(CC1)C2CCN(CC2)c3ccc(Nc4ncc5c6ccncc6n(C7CCCC7)c5n4)nn3,8.16
237,CHEMBL3642008,O[C@H]1CCCN(C1)C2CCN(CC2)c3ccc(Nc4ncc5c6ccncc6n(C7CCCC7)c5n4)nn3,8.16
238,CHEMBL3702141,C1CN(CCN1)c2ccc(Nc3cc4c(cn3)c5ccncc5n4C6CCSC6)nc2,8.17
239,CHEMBL3702195,C[C@H](CO)Nc1ccc(Nc2ncc3c4ccncc4n(C5CCCC5)c3n2)nn1,8.17
240,CHEMBL142788,Cc1nc2C(=O)C(=CC(=O)c2s1)Nc3ccc(Br)cc3,8.17
241,CHEMBL140584,Cc1nc2C(=O)C(=CC(=O)c2s1)Nc3ccc(O)cc3,8.17
242,CHEMBL3698735,O[C@H]1CCCN(C1)c2ccc(Nc3ncc4c5ccncc5n(C6CCCC6)c4n3)nn2,8.17
243,CHEMBL3702112,CC1(C)CCC(CC1)n2c3nc(Nc4ccc(cn4)N5CCC(CC5)N6CCCC6)ncc3c7ccnc(O)c27,8.18
244,CHEMBL3698716,C1CCC(C1)n2c3cnccc3c4cnc(Nc5cnc(cn5)N6CCCNCC6)nc24,8.19
245,CHEMBL3691609,CN(C)C(=O)c1cc2cnc(Nc3ccc(cn3)C(=O)N4CC5CCC(C4)N5)nc2n1c6ccc(cc6)C(C)(C)C#N,8.19
246,CHEMBL3691562,CN(C)C(=O)c1cc2cnc(Nc3ccc(cn3)C(=O)N4C[C@@H]5CC4CN5)nc2n1C6CCCC6,8.19
247,CHEMBL215803,C[C@@H]1C[C@H]2CN1CCn3nc4c(cccc4c3O)c5nc6c(O2)cccc6nc5O,8.19
248,CHEMBL3702095,OCCC1CCN(CC1)c2ccc(Nc3ncc4c5ccnc(F)c5n(C6CCCC6)c4n3)nc2,8.19
249,CHEMBL3684992,C[C@@H]1CC[C@H](CC1)n2c3cnccc3c4cnc(Nc5ccc6CCN(Cc6n5)C(=O)CO)nc24,8.2
250,CHEMBL40326,Cc1nc2C(=O)C(=CC(=O)c2s1)Nc3ccc(F)cc3,8.2
251,CHEMBL3698730,C(Nc1ccc(Nc2ncc3c4ccncc4n(C5CCCC5)c3n2)nn1)C6COCCN6,8.21
252,CHEMBL3642038,CN(C)C1CN(CCC1O)c2ccc(Nc3ncc4c5ccncc5n(C6CCCC6)c4n3)nn2,8.21
253,CHEMBL3698721,C1CCC(C1)n2c3cnccc3c4cnc(Nc5ccc(N[C@@H]6CCNC6)nn5)nc24,8.22
254,CHEMBL3691556,CN(C)C(=O)c1cc2cnc(Nc3ccc(cn3)C(=O)N4CC5CC(C4)N(C)C5)nc2n1C6CCCC6,8.22
255,CHEMBL3691623,CN(C)C(=O)c1cc2cnc(Nc3ccc(cn3)N4C[C@@H]5CNC[C@@H]5C4=O)nc2n1C6CCCC6,8.22
256,CHEMBL3691629,CN(C)C(=O)c1cc2cnc(Nc3ccc(cn3)N4C[C@@H]5CNC[C@@H]5CC4=O)nc2n1C6CCCC6,8.22
257,CHEMBL3691628,CN(C)C(=O)c1cc2cnc(Nc3ccc(cn3)N4C[C@H]5CNC[C@H]5CC4=O)nc2n1C6CCCC6,8.22
258,CHEMBL468963,CN1CCN(CC1)c2ccc(Nc3nccc(n3)c4cnn5ncccc45)cc2C(F)(F)F,8.22
259,CHEMBL290904,Cc1ccc(NC2=CC(=O)c3sc(C)nc3C2=O)cc1,8.22
260,CHEMBL38693,Cc1nc2C(=O)C(=CC(=O)c2s1)Nc3ccccc3,8.22
261,CHEMBL3702124,Fc1nccc2c3cnc(Nc4ccc(cn4)C(=O)N5CCNCC5)nc3n(C6CCCC6)c12,8.22
262,CHEMBL383961,Oc1nc2cccc3OCCNCCN4Sc5c(cccc5c1nc23)C4=O,8.22
263,CHEMBL386467,Oc1nc2ccccc2nc1c3cccc4C(=O)N(Sc34)C5CCCC5,8.22
264,CHEMBL3698707,C1CCC(C1)n2c3cnccc3c4cnc(Nc5ccc(cn5)N6CCC(CC6)N7CCCC7)nc24,8.23
265,CHEMBL3698742,CN1CCN(CC1)c2ccc(Nc3ncc4c5ccncc5n(C6CCCC6)c4n3)nn2,8.23
266,CHEMBL3702194,C[C@H](O)CNc1ccc(Nc2ncc3c4ccncc4n(C5CCCC5)c3n2)nn1,8.23
267,CHEMBL3642024,CC(C)NC1CCN(CC1)c2ccc(Nc3ncc4c5ccncc5n(C6CCCC6)c4n3)nc2,8.24
268,CHEMBL3641996,CN(CCO)C1CCN(CC1)c2ccc(Nc3ncc4c5ccncc5n(C6CCCC6)c4n3)nn2,8.24
269,CHEMBL3702157,C1CCC(C1)n2c3cnccc3c4cnc(Nc5ccc(nn5)C6=CCNCC6)nc24,8.25
270,CHEMBL3702079,CC(C)(O)CN1CCN(CC1)c2ccc(Nc3ncc4c5ccnc(F)c5n(C6CCCC6)c4n3)nc2,8.25
271,CHEMBL143570,COc1ccc(NC2=CC(=O)c3sc(C)nc3C2=O)cc1,8.25
272,CHEMBL3698720,N[C@@H]1CCN(C1)c2cnc(Nc3ncc4c5ccncc5n(C6CCCC6)c4n3)cn2,8.25
273,CHEMBL3698733,OCC1CCN(CC1)c2ccc(Nc3ncc4c5ccncc5n(C6CCCC6)c4n3)nn2,8.25
274,CHEMBL3698747,C1CCC(C1)n2c3cnccc3c4cnc(Nc5ccc(nn5)N6CCCNCC6)nc24,8.26
275,CHEMBL3698662,CC(C)(C)n1c2cnccc2c3cnc(Nc4ccc(cn4)N5CCNCC5)nc13,8.26
276,CHEMBL3691607,CN(C)C(=O)c1cc2cnc(Nc3ccc(cn3)C(=O)N4CC5CCC(C4)N5)nc2n1C6CCCCC6,8.26
277,CHEMBL3691612,CN(C)C(=O)c1cc2cnc(Nc3ccc(cn3)C(=O)N4CC[C@@H]5CC[C@H](C4)N5)nc2n1C6CCCC6,8.26
278,CHEMBL3691676,CN(C)C(=O)c1cc2cnc(Nc3ccc(cn3)N4C[C@H]5CC[C@@H](CC4=O)N5C)nc2n1C6CCCC6,8.26
279,CHEMBL3691622,CN(C)C(=O)c1cc2cnc(Nc3ccc(cn3)N4C[C@H]5CNC[C@H]5C4=O)nc2n1C6CCCC6,8.26
280,CHEMBL3702196,C[C@@H](CO)Nc1ccc(Nc2ncc3c4ccncc4n(C5CCCC5)c3n2)nn1,8.26
281,CHEMBL3702073,OCCN1CCN(CC1)c2ccc(Nc3ncc4c5ccnc(Cl)c5n(C6CCCC6)c4n3)nc2,8.26
282,CHEMBL3702065,CN(C)C1CC2CCC(C1)N2c3ccc(Nc4ncc5c6ccncc6n(C7CCCC7)c5n4)nc3,8.27
283,CHEMBL3698697,O=S1(=O)CCN(CC1)c2ccc(Nc3ncc4c5ccncc5n(C6CCCC6)c4n3)nc2,8.27
284,CHEMBL3698668,CC1(CCC1)n2c3cnccc3c4cnc(Nc5ccc(cn5)N6CCNCC6)nc24,8.28
285,CHEMBL3642010,CCN(CCO)C1CCN(CC1)c2ccc(Nc3ncc4c5ccncc5n(C6CCCC6)c4n3)nn2,8.28
286,CHEMBL3702121,CCOC(=O)CN1CCN(Cc2ccc(Nc3ncc4c5ccncc5n(C6CCCC6)c4n3)nc2)CC1,8.28
287,CHEMBL3702035,CN(C)C1CCN(CC1)c2ccc(Nc3ncc4c5C=CNC(=O)c5n(C6CCCC6)c4n3)nn2,8.28
288,CHEMBL3698689,Fc1cncc2c1c3cnc(Nc4ccc(cn4)N5CCNCC5)nc3n2C6CCCC6,8.28
289,CHEMBL3698749,F[C@@H]1CCN(C1)c2ccc(Nc3ncc4c5ccncc5n(C6CCCC6)c4n3)nn2,8.29
290,CHEMBL189937,CC1=C(Br)C(=O)N(C2CCCC2)c3nc(Nc4ccc(cc4)N5CCNCC5)ncc13,8.3
291,CHEMBL3702185,CCN(CC)C1CCN(CC1)c2ccc(Nc3ncc4c5ccnc(O)c5n(C6CCCC6)c4n3)nc2,8.3
292,CHEMBL3691553,CN(C)C(=O)c1cc2cnc(Nc3ccc(cn3)C(=O)N4C[C@@H]5CN[C@@H](C5)C4)nc2n1C6CCCC6,8.3
293,CHEMBL3691545,CN(C)C(=O)c1cc2cnc(Nc3ccc(cn3)C(=O)N4C[C@H]5CNC[C@@H](C4)C5O)nc2n1C6CCCCCC6,8.3
294,CHEMBL3691663,CN(C)C(=O)c1cc2cnc(Nc3ccc(cn3)N4CC5CCC(CC4=O)N5)nc2n1c6ccc(cc6)C(C)(C)C#N,8.3
295,CHEMBL3691627,CN(C)C(=O)c1cc2cnc(Nc3ccc(cn3)N4CC5CNCC5CC4=O)nc2n1C6CCCC6,8.3
296,CHEMBL3691625,CN(C)C(=O)c1cc2cnc(Nc3ccc(cn3)N4C[C@H]5CNC[C@H]5CC4=O)nc2n1C6CCCCCC6,8.3
297,CHEMBL3702160,CN(C)[C@H]1CN(CC[C@@H]1O)c2ccc(Nc3ncc4c5ccncc5n(C6CCCC6)c4n3)nn2,8.3
298,CHEMBL3702210,CNC1CCN(CC1)c2ccc(Nc3ncc4c5ccnc(F)c5n(C6CCCC6)c4n3)nc2,8.3
299,CHEMBL3702083,C[C@@H]1CN(CCN1)c2ccc(Nc3ncc4c5ccnc(F)c5n(C6CCCC6)c4n3)nc2,8.3
300,CHEMBL3702082,C[C@H]1CNCCN1c2ccc(Nc3ncc4c5ccnc(F)c5n(C6CCCC6)c4n3)nc2,8.3
301,CHEMBL3642029,OC1CN(C1)C2CCN(CC2)c3ccc(Nc4ncc5c6ccncc6n(C7CCCC7)c5n4)nc3,8.3
302,CHEMBL3698729,C(Nc1ccc(Nc2ncc3c4ccncc4n(C5CCCC5)c3n2)nn1)C6CCCCN6,8.31
303,CHEMBL3698675,C1CN(CCN1)c2ccc(Nc3ncc4c5ccncc5n(C6CC7CCC6C7)c4n3)cc2,8.31
304,CHEMBL3642035,CN(C)CCNC1CCN(CC1)c2ccc(Nc3ncc4c5ccncc5n(C6CCCC6)c4n3)nn2,8.31
305,CHEMBL3698724,O=S1(=O)CCN(CC1)c2ccc(Nc3ncc4c5ccncc5n(C6CCCC6)c4n3)nn2,8.31
306,CHEMBL3702192,OCCNc1ccc(Nc2ncc3c4ccncc4n(C5CCCC5)c3n2)nn1,8.31
307,CHEMBL3641999,CNCCN(C)C1CCN(CC1)c2ccc(Nc3ncc4c5ccncc5n(C6CCCC6)c4n3)nn2,8.32
308,CHEMBL3642014,OCCNC1CCN(CC1)c2ccc(Nc3ncc4c5ccncc5n(C6CCCC6)c4n3)nc2,8.32
309,CHEMBL3642021,CCCNC1CCN(CC1)c2ccc(Nc3ncc4c5ccncc5n(C6CCCC6)c4n3)nc2,8.33
310,CHEMBL3684991,C[C@@H]1CC[C@H](CC1)n2c3cnccc3c4cnc(Nc5cc6CCNCc6cn5)nc24,8.33
311,CHEMBL3237446,Oc1nccc2c3cnc(Nc4ccc(cn4)N5CCNCC5)nc3n(C6CCCC6)c12,8.33
312,CHEMBL3698665,C1CC(C1)n2c3cnccc3c4cnc(Nc5ccc(cn5)N6CCNCC6)nc24,8.34
313,CHEMBL3702135,C1CN(CCN1)c2ccc(Nc3cc4c(cn3)c5ccncc5n4c6ccccc6)nc2,8.34
314,CHEMBL3702179,CCN(CC)C1CCN(CC1)c2ccc(Nc3ncc4c5ccnc(F)c5n(C6CCCC6)c4n3)nc2,8.34
315,CHEMBL3702193,C[C@@H](O)CNc1ccc(Nc2ncc3c4ccncc4n(C5CCCC5)c3n2)nn1,8.34
316,CHEMBL3680382,C[C@@H]1CC[C@H](CC1)n2c3cnccc3c4cnc(Nc5ccc6CN(CCCO)CCc6n5)nc24,8.34
317,CHEMBL3642009,OCCCNC1CCN(CC1)c2ccc(Nc3ncc4c5ccncc5n(C6CCCC6)c4n3)nn2,8.34
318,CHEMBL3702103,OC[C@@H]1CN(CCN1)c2ccc(Nc3ncc4c5ccncc5n(C6CCCC6)c4n3)nc2,8.34
319,CHEMBL3642016,C[C@@H](O)CNC1CCN(CC1)c2ccc(Nc3ncc4c5ccncc5n(C6CCCC6)c4n3)nc2,8.35
320,CHEMBL3680380,C[C@@H]1CC[C@H](CC1)n2c3cnccc3c4cnc(Nc5ccc6CN(CCc6n5)C(=O)C)nc24,8.35
321,CHEMBL3702104,OC[C@@H]1CN(CCN1)c2ccc(Nc3ncc4c5ccnc(F)c5n(C6CCCC6)c4n3)nc2,8.35
322,CHEMBL3702151,C1CCC(C1)n2c3cnccc3c4cnc(Nc5ccc(nn5)N6CCC7(CC6)COCCN7)nc24,8.36
323,CHEMBL3698741,C1CCC(C1)n2c3cnccc3c4cnc(Nc5ccc(nn5)N6CCCC6)nc24,8.36
324,CHEMBL3702142,C1CCC(CC1)n2c3cnccc3c4cnc(Nc5ccc(cn5)N6CCNCC6)cc24,8.36
325,CHEMBL3684982,C[C@@H]1CC[C@H](CC1)n2c3cnccc3c4cnc(Nc5ccc6CN(CC(C)c6n5)C(=O)C)nc24,8.36
326,CHEMBL3698725,NCC1CCCN(C1)c2ccc(Nc3ncc4c5ccncc5n(C6CCCC6)c4n3)nn2,8.36
327,CHEMBL3702117,OC1CCN(Cc2ccc(Nc3ncc4c5ccncc5n(C6CCCC6)c4n3)nc2)CC1,8.36
328,CHEMBL3702096,OCCN1CCN(CC1)c2ccc(Nc3ncc4c5ccncc5n(C6CCCC6)c4n3)nc2,8.36
329,CHEMBL3698672,C1CCC(C1)n2c3ccccc3c4cnc(Nc5ccc(cn5)N6CCNCC6)nc24,8.37
330,CHEMBL3702029,CCC1CN(CCN1)c2ccc(Nc3ncc4c5ccncc5n(C6CCCC6)c4n3)nn2,8.37
331,CHEMBL3642023,C1CCC(C1)n2c3cnccc3c4cnc(Nc5ccc(cn5)N6CCC(CC6)NC7CCC7)nc24,8.38
332,CHEMBL424696,C1CCC(CC1)Oc2nccc(n2)c3cnc(Nc4ccccn4)s3,8.38
333,CHEMBL3698743,CC1CN(CC(C)N1)c2ccc(Nc3ncc4c5ccncc5n(C6CCCC6)c4n3)nn2,8.38
334,CHEMBL3698748,N#CC1CCN(C1)c2ccc(Nc3ncc4c5ccncc5n(C6CCCC6)c4n3)nn2,8.38
335,CHEMBL3641994,OCCNC1CCN(CC1)c2ccc(Nc3ncc4c5ccncc5n(C6CCCC6)c4n3)nn2,8.38
336,CHEMBL3702102,OC[C@H]1CN(CCN1)c2ccc(Nc3ncc4c5ccncc5n(C6CCCC6)c4n3)nc2,8.38
337,CHEMBL3698702,C(Nc1ccc(Nc2ncc3c4ccncc4n(C5CCCC5)c3n2)nc1)C6CCCNC6,8.39
338,CHEMBL3642020,C1CCC(C1)n2c3cnccc3c4cnc(Nc5ccc(cn5)N6CCC(CC6)NC7CC7)nc24,8.39
339,CHEMBL3698699,CN(C1CCCNC1)c2ccc(Nc3ncc4c5ccncc5n(C6CCCC6)c4n3)nc2,8.39
340,CHEMBL3642026,CN(CC(=O)O)C1CCN(CC1)c2ccc(Nc3ncc4c5ccncc5n(C6CCCC6)c4n3)nc2,8.39
341,CHEMBL3702062,Cc1nc(Nc2ncc3c4ccnc(Cl)c4n(C5CCCC5)c3n2)ccc1N6CCNCC6,8.39
342,CHEMBL3698736,C1CCC(C1)n2c3cnccc3c4cnc(Nc5ccc(nn5)N6CCOCC6)nc24,8.4
343,CHEMBL3691547,CN(C)C(=O)c1cc2cnc(Nc3ccc(cn3)C(=O)N4CC5CCC(C4)N5)nc2n1C6CCCCCC6,8.4
344,CHEMBL3691667,CN(C)C(=O)c1cc2cnc(Nc3ccc(cn3)N4CC5CCC(CC4=O)N5)nc2n1C6CCCCC6,8.4
345,CHEMBL3691621,CN(C)C(=O)c1cc2cnc(Nc3ccc(cn3)N4C[C@@H]5CNC[C@@H]5C4=O)nc2n1C6CCCCCC6,8.4
346,CHEMBL489445,COc1ccc(CN\C=C\2/C(=O)NC(=O)c3ccc(cc23)n4cccc4)cc1O,8.4
347,CHEMBL495696,N#Cc1cccc(Nc2nccc(n2)c3cnn4ncccc34)c1,8.4
348,CHEMBL3698691,NCC1CCN(CC1)c2ccc(Nc3ncc4c5ccncc5n(C6CCCC6)c4n3)nc2,8.4
349,CHEMBL3698731,NCC1CCN(CC1)c2ccc(Nc3ncc4c5ccncc5n(C6CCCC6)c4n3)nn2,8.4
350,CHEMBL3702127,O=C1CN(Cc2ccc(Nc3ncc4c5ccncc5n(C6CCCC6)c4n3)nc2)CCN1,8.4
351,CHEMBL3698655,O[C@H]1CCN(C1)c2ccc(Nc3ncc4c5ccncc5n(C6CCCC6)c4n3)nn2,8.4
352,CHEMBL3702191,CN(CCO)c1ccc(Nc2ncc3c4ccncc4n(C5CCCC5)c3n2)nn1,8.41
353,CHEMBL3698664,C[C@@H](C1CCCCC1)n2c3cnccc3c4cnc(Nc5ccc(cn5)N6CCNCC6)nc24,8.41
354,CHEMBL3702155,C[C@@H]1CN(CCN1)c2ccc(Nc3ncc4c5ccnc(F)c5n(C6CCCC6)c4n3)nn2,8.41
355,CHEMBL3698640,C[C@@H]1CN(CCN1)c2ccc(Nc3ncc4c5ccncc5n(C6CCCC6)c4n3)nn2,8.41
356,CHEMBL3702051,COCCN1CCN(CC1)c2ccc(Nc3ncc4c5ccncc5n(C6CCCC6)c4n3)nn2,8.42
357,CHEMBL3698645,C[C@H]1CN(CCN1)c2ccc(Nc3ncc4c5ccncc5n(C6CCCC6)c4n3)nn2,8.42
358,CHEMBL3641995,C[C@H](O)CNC1CCN(CC1)c2ccc(Nc3ncc4c5ccncc5n(C6CCCC6)c4n3)nn2,8.43
359,CHEMBL3702071,C(N1CCNCC1)c2csc(Nc3ncc4c5ccncc5n(C6CCCC6)c4n3)n2,8.44
360,CHEMBL3698701,C(Nc1ccc(Nc2ncc3c4ccncc4n(C5CCCC5)c3n2)nc1)C6CCNC6,8.44
361,CHEMBL3702068,CCC(CC)n1c2cnccc2c3cnc(Nc4ccc(cn4)N5CCNCC5)nc13,8.44
362,CHEMBL3702119,CCOC(=O)CN1CCN(CC1)c2ccc(Nc3ncc4c5ccncc5n(C6CCCC6)c4n3)nn2,8.44
363,CHEMBL3702220,CC[C@@H](C)n1c2cnccc2c3cnc(Nc4ccc(cn4)N5CCNCC5)nc13,8.44
364,CHEMBL386796,Oc1nc2cccc3OCCCCCN4Sc5c(cccc5c1nc23)C4=O,8.44
365,CHEMBL3237704,CC1(C)CCC(CC1)n2c3cnccc3c4cnc(Nc5ccc(cn5)N6CCNCC6)nc24,8.46
366,CHEMBL3698711,C[C@@H]1CN(CCN1)c2cnc(Nc3ncc4c5ccncc5n(C6CCCC6)c4n3)cn2,8.46
367,CHEMBL3698694,C1CCC(C1)n2c3cnccc3c4cnc(Nc5ccc(N[C@@H]6CCNC6)cn5)nc24,8.47
368,CHEMBL3702149,C1CCC(C1)n2c3cnccc3c4cnc(Nc5ccc(nn5)N6CCNC7(CCCC7)C6)nc24,8.47
369,CHEMBL3702052,CCN(CC)C1CCN(CC1)c2ccc(Nc3ncc4c5ccncc5n(C6CCCC6)c4n3)nc2,8.47
370,CHEMBL3698740,COC1CCN(C1)c2ccc(Nc3ncc4c5ccncc5n(C6CCCC6)c4n3)nn2,8.47
371,CHEMBL3702084,C[C@H]1CN(CCN1)c2ccc(Nc3ncc4c5ccnc(F)c5n(C6CCCC6)c4n3)nc2,8.47
372,CHEMBL3702133,C1CCC(C1)n2c3cnccc3c4cnc(Nc5ccc(cn5)N6CCC7(CCCN7)CC6)nc24,8.48
373,CHEMBL3698734,O[C@@H]1CCCN(C1)c2ccc(Nc3ncc4c5ccncc5n(C6CCCC6)c4n3)nn2,8.48
374,CHEMBL3237442,C1CCC(C1)n2c3cnccc3c4cnc(Nc5ccc(cn5)N6CCNCC6)nc24,8.5
375,CHEMBL3702153,CN1CCOC2(CCN(CC2)c3ccc(Nc4ncc5c6ccncc6n(C7CCCC7)c5n4)nn3)C1,8.5
376,CHEMBL3702128,O=C1CNCCN1Cc2ccc(Nc3ncc4c5ccncc5n(C6CCCC6)c4n3)nc2,8.5
377,CHEMBL3698647,NC1CCN(CC1)c2ccc(Nc3ncc4c5ccncc5n(C6CCCC6)c4n3)nc2,8.51
378,CHEMBL3698723,O=S1(=O)CCC(C1)Nc2ccc(Nc3ncc4c5ccncc5n(C6CCCC6)c4n3)nn2,8.51
379,CHEMBL3698732,OC1CCN(CC1)c2ccc(Nc3ncc4c5ccncc5n(C6CCCC6)c4n3)nn2,8.51
380,CHEMBL3702168,Oc1ccc(cn1)c2ccc(Nc3ncc4c5ccncc5n(C6CCCC6)c4n3)nn2,8.51
381,CHEMBL3702066,CC(C)n1c2cnccc2c3cnc(Nc4ccc(cn4)N5CCNCC5)nc13,8.52
382,CHEMBL3684993,CCN(CC)CC(=O)N1CCc2nc(Nc3ncc4c5ccncc5n([C@@H]6CC[C@@H](C)CC6)c4n3)ccc2C1,8.52
383,CHEMBL3691608,CN(C)C(=O)c1cc2cnc(Nc3ccc(cn3)C(=O)N4CC5CC4CN5)nc2n1C6CCCCC6,8.52
384,CHEMBL3691579,CN(C)C(=O)c1cc2cnc(Nc3ccc(cn3)C(=O)N4CC5CCC(C4)N5)nc2n1[C@@H]6C[C@H]7CC[C@@H]6C7,8.52
385,CHEMBL3691595,CN(C)C(=O)c1cc2cnc(Nc3ccc(cn3)C(=O)N4CC5CCC(C4)N5)nc2n1c6ccc(cc6)C(C)(C)C,8.52
386,CHEMBL3691596,CN(C)C(=O)c1cc2cnc(Nc3ccc(cn3)C(=O)N4CC5CCC(C4)N5)nc2n1c6cccc(c6)C(C)(C)C,8.52
387,CHEMBL3691626,CN(C)C(=O)c1cc2cnc(Nc3ccc(cn3)N4C[C@@H]5CNC[C@@H]5CC4=O)nc2n1C6CCCCCC6,8.52
388,CHEMBL3691660,CN(C)C(=O)c1cc2cnc(Nc3ccc(cn3)N4C[C@H]5CC[C@@H](CC4=O)N5)nc2n1C6CCCC6,8.52
389,CHEMBL3691620,CN(C)C(=O)c1cc2cnc(Nc3ccc(cn3)N4C[C@H]5CNC[C@H]5C4=O)nc2n1C6CCCCCC6,8.52
390,CHEMBL3698708,CNC1CCN(CC1)c2ccc(Nc3ncc4c5ccncc5n(C6CCCC6)c4n3)nn2,8.52
391,CHEMBL142789,Cc1nc2C(=O)C(=CC(=O)c2s1)Nc3ccc(I)cc3,8.52
392,CHEMBL3702129,O=S(=O)(N1CCNCC1)c2ccc(Nc3ncc4c5ccncc5n(C6CCCC6)c4n3)nc2,8.52
393,CHEMBL3702059,OCC(=O)N1CCN(CC1)c2ccc(Nc3ncc4c5ccncc5n(C6CCCC6)c4n3)nc2,8.52
394,CHEMBL3702218,CC[C@@H](C)n1c2cnccc2c3cnc(Nc4ccc(nn4)N5CCC(CC5)NC)nc13,8.54
395,CHEMBL3702093,OCC1CCN(CC1)c2ccc(Nc3ncc4c5ccnc(F)c5n(C6CCCC6)c4n3)nc2,8.54
396,CHEMBL3698695,C1CCC(C1)n2c3cnccc3c4cnc(Nc5ccc(N[C@H]6CCNC6)cn5)nc24,8.55
397,CHEMBL3642003,C1CCC(C1)n2c3cnccc3c4cnc(Nc5ccc(nn5)N6CCC(CC6)N7CCOCC7)nc24,8.55
398,CHEMBL3702183,CCN(CC)C1CCN(CC1)c2ccc(Nc3ncc4c5ccnc(O)c5n(C6CCCC6)c4n3)nn2,8.55
399,CHEMBL3698676,N#Cc1ccc2c3cnc(Nc4ccc(cn4)N5CCNCC5)nc3n(C6CCCC6)c2c1,8.57
400,CHEMBL3702186,CCN(CC)C1CCN(CC1)c2ccc(Nc3ncc4c5ccnc(OC)c5n(C6CCCC6)c4n3)nc2,8.59
401,CHEMBL3702107,CN(C)C1CCN(CC1)c2ccc(Nc3ncc4c5ccncc5n(C6CCC(C)(C)CC6)c4n3)cn2,8.59
402,CHEMBL3642030,C[C@@H](CO)NC1CCN(CC1)c2ccc(Nc3ncc4c5ccncc5n(C6CCCC6)c4n3)nc2,8.59
403,CHEMBL3680381,C[C@@H]1CC[C@H](CC1)n2c3cnccc3c4cnc(Nc5ccc6CN(CCO)CCc6n5)nc24,8.59
404,CHEMBL3641972,C[C@H](O)Cn1c2cnccc2c3cnc(Nc4ccc(nn4)N5CC[C@@H](O)C5)nc13,8.59
405,CHEMBL3698713,NC1CCN(CC1)c2cnc(Nc3ncc4c5ccncc5n(C6CCCC6)c4n3)cn2,8.59
406,CHEMBL3698728,C(Nc1ccc(Nc2ncc3c4ccncc4n(C5CCCC5)c3n2)nn1)C6CCNC6,8.6
407,CHEMBL3702067,CC(C)n1c2cnccc2c3cnc(Nc4ccc(nn4)N5CCC(CC5)N(C)C)nc13,8.6
408,CHEMBL3698684,O=C(N1CCNCC1)c2csc(Nc3ncc4c5ccncc5n(C6CCCC6)c4n3)n2,8.6
409,CHEMBL3698666,OC1CCC(CC1)n2c3cnccc3c4cnc(Nc5ccc(cn5)N6CCNCC6)nc24,8.6
410,CHEMBL3702077,OCCN1CCN(CC1)c2ccc(Nc3ncc4c5ccnc(F)c5n(C6CCCC6)c4n3)nc2,8.6
411,CHEMBL3680385,C[C@@H]1CC[C@H](CC1)n2c3cnccc3c4cnc(Nc5ccc6CN(CCS(=O)(=O)C)CCc6n5)nc24,8.62
412,CHEMBL3702101,OC[C@H]1CN(CCN1)c2ccc(Nc3ncc4c5ccnc(F)c5n(C6CCCC6)c4n3)nc2,8.62
413,CHEMBL3698703,CC1CN(CC(C)N1)c2ccc(Nc3ncc4c5ccncc5n(C6CCCC6)c4n3)nc2,8.64
414,CHEMBL336242,Clc1ccc2C[C@@H](Cc2c1)NCc3cc(NC(=O)Nc4cccc5C(=O)N6CCC[C@H]6c45)[nH]n3,8.64
415,CHEMBL3698745,O=C1CN(CCN1)c2ccc(Nc3ncc4c5ccncc5n(C6CCCC6)c4n3)nn2,8.64
416,CHEMBL3702049,C(N1CCOCC1)c2ccc(Nc3ncc4c5ccncc5n(C6CCCC6)c4n3)nc2,8.66
417,CHEMBL3698650,C1CN(CCN1)c2ccc(Nc3ncc4c5ccncc5n(c6ccccc6)c4n3)nc2,8.66
418,CHEMBL3698646,CC1(C)CN(CCN1)c2ccc(Nc3ncc4c5ccncc5n(C6CCCC6)c4n3)nn2,8.66
419,CHEMBL3702167,O=S1(=O)CCC(=CC1)c2ccc(Nc3ncc4c5ccncc5n(C6CCCC6)c4n3)nc2,8.66
420,CHEMBL3642001,OCC(CO)NC1CCN(CC1)c2ccc(Nc3ncc4c5ccncc5n(C6CCCC6)c4n3)nn2,8.66
421,CHEMBL3698674,C1CCCC(CC1)n2c3ccccc3c4cnc(Nc5ccc(cn5)N6CCNCC6)nc24,8.68
422,CHEMBL3698673,C1CN(CCN1)c2ccc(Nc3ncc4c5ccccc5n(C6CCOCC6)c4n3)nc2,8.68
423,CHEMBL3680379,C[C@@H]1CC[C@H](CC1)n2c3cnccc3c4cnc(Nc5ccc6CNCCc6n5)nc24,8.68
424,CHEMBL190281,BrC1=Cc2cnc(Nc3ccc(cc3)N4CCNCC4)nc2N(C5CCCC5)C1=O,8.7
425,CHEMBL3698682,C1CCC(C1)n2c3ccccc3c4cnc(Nc5ccc(cc5)N6CCNCC6)nc24,8.7
426,CHEMBL3698681,C1CN(CCN1)c2ccc(Nc3ncc4c5ccccc5n(C6CCOCC6)c4n3)cc2,8.7
427,CHEMBL365847,CC(=O)C1=C(C)c2cnc(Nc3ccc(cc3)N4CCNCC4)nc2N(C5CCCC5)C1=O,8.7
428,CHEMBL3642019,CCNC1CCN(CC1)c2ccc(Nc3ncc4c5ccncc5n(C6CCCC6)c4n3)nc2,8.7
429,CHEMBL3702236,CC[C@H](C)n1c2cnccc2c3cnc(Nc4ccc(cn4)N5CC[C@@H](O)C5)nc13,8.7
430,CHEMBL3702154,CN(C)C1CCN(CC1)c2ccc(Nc3ncc4c5ccnc(F)c5n(C6CCCC6)c4n3)nn2,8.7
431,CHEMBL489646,COc1ccc(CN\C=C\2/C(=O)NC(=O)c3ccc(cc23)c4ccsc4)cc1O,8.7
432,CHEMBL489853,COc1ccc(CN\C=C\2/C(=O)NC(=O)c3ccc(cc23)c4cocc4)cc1O,8.7
433,CHEMBL3702085,C[C@@H]1CNCCN1c2ccc(Nc3ncc4c5ccnc(F)c5n(C6CCCC6)c4n3)nc2,8.7
434,CHEMBL3698693,C[C@H]1CN(CCN1)c2ccc(Nc3ncc4c5ccncc5n(C6CCCC6)c4n3)nc2,8.7
435,CHEMBL3237444,Clc1nccc2c3cnc(Nc4ccc(cn4)N5CCNCC5)nc3n(C6CCCC6)c12,8.7
436,CHEMBL3237443,Fc1nccc2c3cnc(Nc4ccc(cn4)N5CCNCC5)nc3n(C6CCCC6)c12,8.7
437,CHEMBL3698746,NC1CCCN(C1)c2ccc(Nc3ncc4c5ccncc5n(C6CCCC6)c4n3)nn2,8.7
438,CHEMBL3702034,NC1CCN(CC1)c2ccc(Nc3ncc4c5C=CNC(=O)c5n(C6CCCC6)c4n3)nn2,8.7
439,CHEMBL141247,O=C(Nc1ccccn1)Nc2cccc3C(=O)N4CCC[C@@H]4c23,8.7
440,CHEMBL3642032,OC(=O)CNC1CCN(CC1)c2ccc(Nc3ncc4c5ccncc5n(C6CCCC6)c4n3)nc2,8.7
441,CHEMBL3642033,OC(=O)CNC1CCN(CC1)c2ccc(Nc3ncc4c5ccncc5n(C6CCCC6)c4n3)nn2,8.7
442,CHEMBL3702092,O[C@H]1CCN(C1)c2ccc(Nc3ncc4c5ccnc(F)c5n(C6CCCC6)c4n3)nc2,8.7
443,CHEMBL3642000,C[C@H](CO)NC1CCN(CC1)c2ccc(Nc3ncc4c5ccncc5n(C6CCCC6)c4n3)nn2,8.72
444,CHEMBL3698739,N[C@@H]1CCN(C1)c2ccc(Nc3ncc4c5ccncc5n(C6CCCC6)c4n3)nn2,8.72
445,CHEMBL3702091,O[C@@H]1CCN(C1)c2ccc(Nc3ncc4c5ccnc(F)c5n(C6CCCC6)c4n3)nc2,8.72
446,CHEMBL3702110,CC1(C)CCC(CC1)n2c3nc(Nc4ccc(cn4)N5CCNCC5)ncc3c6ccnc(O)c26,8.75
447,CHEMBL3702050,COCCN1CCN(CC1)c2ccc(Nc3ncc4c5ccncc5n(C6CCCC6)c4n3)nc2,8.75
448,CHEMBL3642031,COC(=O)CNC1CCN(CC1)c2ccc(Nc3ncc4c5ccncc5n(C6CCCC6)c4n3)nn2,8.77
449,CHEMBL3641997,C[C@@H](O)CNC1CCN(CC1)c2ccc(Nc3ncc4c5ccncc5n(C6CCCC6)c4n3)nn2,8.77
450,CHEMBL3698692,C[C@@H]1CN(CCN1)c2ccc(Nc3ncc4c5ccncc5n(C6CCCC6)c4n3)nc2,8.77
451,CHEMBL3698683,C1CCC(C1)n2c3cnccc3c4cnc(Nc5ccc(cn5)N6CCCNCC6)nc24,8.8
452,CHEMBL3698661,C1CN(CCN1)c2ccc(Nc3ncc4c5ccncc5n(c4n3)C67CC8CC(CC(C8)C6)C7)nc2,8.8
453,CHEMBL3698744,NC1CCN(CC1)c2ccc(Nc3ncc4c5ccncc5n(C6CCCC6)c4n3)nn2,8.8
454,CHEMBL3698654,O[C@@H]1CCN(C1)c2ccc(Nc3ncc4c5ccncc5n(C6CCCC6)c4n3)nn2,8.8
455,CHEMBL3698642,C1CCC(C1)n2c3cnccc3c4cnc(Nc5ccc(nn5)N6CCNCC6)nc24,8.82
456,CHEMBL3641998,C[C@@H](CO)NC1CCN(CC1)c2ccc(Nc3ncc4c5ccncc5n(C6CCCC6)c4n3)nn2,8.82
457,CHEMBL3698643,C1CCC(C1)n2c3cnccc3c4cnc(Nc5ccc(nc5)N6CCNCC6)nc24,8.85
458,CHEMBL3698706,CNC1CCN(CC1)c2ccc(Nc3ncc4c5ccncc5n(C6CCCC6)c4n3)nc2,8.85
459,CHEMBL3702123,O=C(N1CCNCC1)c2ccc(Nc3ncc4c5ccncc5n(C6CCCC6)c4n3)nc2,8.85
460,CHEMBL3702197,OCCCNc1ccc(Nc2ncc3c4ccncc4n(C5CCCC5)c3n2)nn1,8.85
461,CHEMBL3702120,OC(=O)CN1CCN(CC1)c2ccc(Nc3ncc4c5ccncc5n(C6CCCC6)c4n3)nn2,8.86
462,CHEMBL3702158,C1CCC(C1)n2c3cnccc3c4cnc(Nc5ccc(cn5)C6=CCNCC6)nc24,8.89
463,CHEMBL3698658,C1CCC(CC1)n2c3ccccc3c4cnc(Nc5ccc(cn5)N6CCNCC6)nc24,8.89
464,CHEMBL3698698,NCC1CCCN(C1)c2ccc(Nc3ncc4c5ccncc5n(C6CCCC6)c4n3)nc2,8.89
465,CHEMBL3642002,OC[C@H](O)CNC1CCN(CC1)c2ccc(Nc3ncc4c5ccncc5n(C6CCCC6)c4n3)nn2,8.89
466,CHEMBL3702046,CC(C)N1CCN(CC1)c2ccc(Nc3ncc4c5ccncc5n(C6CCCC6)c4n3)nc2,8.92
467,CHEMBL3237702,CC1CCC(CC1)n2c3cnccc3c4cnc(Nc5ccc(cn5)N6CCNCC6)nc24,8.92
468,CHEMBL3698657,C1CCC(CC1)n2c3ccccc3c4cnc(Nc5ccc(cc5)N6CCNCC6)nc24,9.0
469,CHEMBL3702053,CCN(CC)C1CCN(CC1)c2ccc(Nc3ncc4c5ccncc5n(C6CCCC6)c4n3)nn2,9.0
470,CHEMBL3691546,CN(C)C(=O)c1cc2cnc(Nc3ccc(cn3)C(=O)N4CC5CC4CN5)nc2n1C6CCCCCC6,9.0
471,CHEMBL3702060,CN(C)C1CCN(CC1)c2ccc(Nc3ncc4c5ccnc(Cl)c5n(C6CCCC6)c4n3)nc2,9.0
472,CHEMBL3698649,CN(C)C1CCN(CC1)c2ccc(Nc3ncc4c5ccncc5n(C6CCCC6)c4n3)nn2,9.0
473,CHEMBL3642037,CN(C)[C@@H]1CN(CC[C@H]1O)c2ccc(Nc3ncc4c5ccncc5n(C6CCCC6)c4n3)nn2,9.0
474,CHEMBL3702122,OC(=O)CN1CCN(Cc2ccc(Nc3ncc4c5ccncc5n(C6CCCC6)c4n3)nc2)CC1,9.0
475,CHEMBL3698688,CN(C)C1CCN(CC1)c2ccc(Nc3ncc4c5ccncc5n(C6CCCC6)c4n3)cn2,9.01
476,CHEMBL3698659,C1CN(CCN1)c2ccc(Nc3ncc4c5ccncc5n(C6CC7CCC6C7)c4n3)nc2,9.03
477,CHEMBL3698641,Cc1cc(Nc2ncc3c4ccncc4n(C5CCCC5)c3n2)cnc1N6CCNCC6,9.04
478,CHEMBL3698671,C1CCC(C1)n2c3ncccc3c4cnc(Nc5ccc(cc5)N6CCNCC6)nc24,9.08
479,CHEMBL384304,COc1ccc(F)c(F)c1C(=O)c2cnc(NC3CCN(CC3)S(=O)(=O)C)nc2N,9.09
480,CHEMBL3698639,C1CCC(C1)n2c3cnccc3c4cnc(Nc5ccc(cc5)N6CCNCC6)nc24,9.35
481,CHEMBL3698653,C1CN(CCN1)c2ccc(Nc3ncc4c5ccncc5n(c6ccccc6)c4n3)cc2,9.5
482,CHEMBL526110,[O-][N+](=O)c1cccc(Nc2nccc(n2)c3cnn4ncccc34)c1,9.52
483,CHEMBL3698644,C1CCC(C1)n2c3cnccc3c4cnc(Nc5cnc(nc5)N6CCNCC6)nc24,9.89
