,molecule_chembl_id,canonical_smiles,pchembl_value
0,CHEMBL365855,O=C(Cc1ccccc1)Nc2ncc(s2)C3CCC3,7.6
1,CHEMBL3775677,CC(C)c1n[nH]c2c(NCc3ccc(cc3)c4ccccn4)nc(NCC(O)CO)nc12,7.68
2,CHEMBL3775608,CC(C)c1n[nH]c2c(NCc3ccc(cc3)c4ccccn4)nc(NCC(N)CO)nc12,7.77
3,CHEMBL186240,O=C(Cc1c[nH]c2ccccc12)Nc3ncc(s3)C4CCC4,7.8
4,CHEMBL187903,Cc1cc2ncn(CC(=O)Nc3ncc(s3)C4CCC4)c2cc1C,7.89
5,CHEMBL184404,O=C(Cc1cccc2cnccc12)Nc3ncc(s3)C4CCC4,7.89
6,CHEMBL187256,O=C(Nc1cccc2ncccc12)Nc3ncc(s3)C4CCC4,7.89
7,CHEMBL191003,Nc1nc(Nc2ccc(cc2)S(=O)(=O)N)nn1C(=O)c3c(F)cccc3F,7.9
8,CHEMBL186470,Cc1nc2ccc(CC(=O)Nc3ncc(s3)C4CCC4)cc2s1,7.92
9,CHEMBL363954,O=C(Cc1ccc2ncccc2c1)Nc3ncc(s3)C4CCC4,8.0
10,CHEMBL3774932,CCC(CO)Nc1nc(NCc2ccc(cc2)c3ccccn3)c4[nH]nc(C(C)C)c4n1,8.05
11,CHEMBL3775470,CC(C)c1n[nH]c2c(NCc3ccc(cc3)c4ccccn4)nc(NCCN)nc12,8.1
12,CHEMBL364213,O=C(Nc1cccc2cnccc12)Nc3ncc(s3)C4CCC4,8.1
13,CHEMBL384304,COc1ccc(F)c(F)c1C(=O)c2cnc(NC3CCN(CC3)S(=O)(=O)C)nc2N,8.13
14,CHEMBL186898,O=C(Cc1ccc2[nH]cnc2c1)Nc3ncc(s3)C4CCC4,8.16
15,CHEMBL23254,CC(C)[C@H](CO)Nc1nc(Nc2ccc(C(=O)O)c(Cl)c2)c3ncn(C(C)C)c3n1,8.22
16,CHEMBL3775509,CC(C)c1n[nH]c2c(NCc3ccc(cc3)c4ccccn4)nc(nc12)N5CCOCC5,8.3
17,CHEMBL3774632,CC(O)CNc1nc(NCc2ccc(cc2)c3ccccn3)c4[nH]nc(C(C)C)c4n1,8.3
18,CHEMBL362560,COc1ccc(cc1)c2[nH]nc3c4cccc(NC(=O)NNC(=O)c5ccc(O)cc5)c4C(=O)c23,8.3
19,CHEMBL1241758,O=C(Nc1cc(c[nH]1)C2CCC2)Nc3cccc4ccncc34,8.3
20,CHEMBL186342,O=C(Nc1cccc2ccncc12)Nc3ncc(s3)C4CCC4,8.3
21,CHEMBL388978,CN[C@@H]1C[C@H]2O[C@@](C)([C@@H]1OC)n3c4ccccc4c5c6CNC(=O)c6c7c8ccccc8n2c7c35,8.4
22,CHEMBL3775792,CC(C)c1n[nH]c2c(NCc3ccc(cc3)c4ccccn4)nc(NCC(C)(C)O)nc12,9.0
