,molecule_chembl_id,canonical_smiles,pchembl_value
0,palbociclib,CC(=O)C1=C(C)C2=C(N=C(NC3=NC=C(C=C3)N3CCNCC3)N=C2)N(C2CCCC2)C1=O,7.82390881
1,ribociclib,CN(C)C(=O)C1=CC2=C(N=C(NC3=NC=C(C=C3)N3CCNCC3)N=C2)N1C1CCCC1,7.40893555
2,CHEMBL2426395,COc1ccc(NC(=S)NC(=O)c2cn(nc2c3ccc(OC)cc3)c4ccccc4)cc1,7.54
3,CHEMBL3237449,C[C@@H](CO)n1c2cnccc2c3cnc(Nc4ccc(cn4)N5CCNCC5)nc13,7.54
4,CHEMBL3702243,CC1(C)CN(CCN1)c2ccc(Nc3ncc4c5ccncc5n(C6CCC6)c4n3)nc2,7.55
5,CHEMBL3642028,CCN(CCO)C1CCN(CC1)c2ccc(Nc3ncc4c5ccncc5n(C6CCCC6)c4n3)nc2,7.55
6,CHEMBL3702045,CCN1CCN(CC1)c2ccc(Nc3ncc4c5ccncc5n(C6CCCC6)c4n3)nn2,7.57
7,CHEMBL3702218,CC[C@@H](C)n1c2cnccc2c3cnc(Nc4ccc(nn4)N5CCC(CC5)NC)nc13,7.57
8,CHEMBL3702247,CN(C)C1CCN(CC1)c2ccc(Nc3ncc4c5ccncc5n(C6CCC6)c4n3)nn2,7.57
9,CHEMBL3702155,C[C@@H]1CN(CCN1)c2ccc(Nc3ncc4c5ccnc(F)c5n(C6CCCC6)c4n3)nn2,7.57
10,CHEMBL3702204,O[C@@H]1CCN(C1)c2ccc(Nc3ncc4c5ccccc5n(C6CCCC6)c4n3)nc2,7.57
11,CHEMBL3698728,C(Nc1ccc(Nc2ncc3c4ccncc4n(C5CCCC5)c3n2)nn1)C6CCNC6,7.58
12,CHEMBL3642003,C1CCC(C1)n2c3cnccc3c4cnc(Nc5ccc(nn5)N6CCC(CC6)N7CCOCC7)nc24,7.59
13,CHEMBL3642031,COC(=O)CNC1CCN(CC1)c2ccc(Nc3ncc4c5ccncc5n(C6CCCC6)c4n3)nn2,7.59
14,CHEMBL3702194,C[C@H](O)CNc1ccc(Nc2ncc3c4ccncc4n(C5CCCC5)c3n2)nn1,7.59
15,CHEMBL3702136,FC(F)(F)c1cccc(c1)n2c3cnccc3c4cnc(Nc5ccc(cn5)N6CCNCC6)cc24,7.59
16,CHEMBL3702086,O[C@H]1CCN(Cc2csc(Nc3ncc4c5ccnc(F)c5n(C6CCCC6)c4n3)n2)C1,7.59
17,CHEMBL3702064,CCC(C)(C)n1c2cnccc2c3cnc(Nc4ccc(cn4)N5CCNCC5)nc13,7.6
18,CHEMBL3698679,OCC1(CCCC1)n2c3cnccc3c4cnc(Nc5ccc(cn5)N6CCNCC6)nc24,7.6
19,CHEMBL3698736,C1CCC(C1)n2c3cnccc3c4cnc(Nc5ccc(nn5)N6CCOCC6)nc24,7.61
20,CHEMBL3698695,C1CCC(C1)n2c3cnccc3c4cnc(Nc5ccc(N[C@H]6CCNC6)cn5)nc24,7.62
21,CHEMBL3702160,CN(C)[C@H]1CN(CC[C@@H]1O)c2ccc(Nc3ncc4c5ccncc5n(C6CCCC6)c4n3)nn2,7.62
22,CHEMBL3698696,O=S1(=O)CCC(C1)Nc2ccc(Nc3ncc4c5ccncc5n(C6CCCC6)c4n3)nc2,7.62
23,CHEMBL3702211,O[C@H]1CCN(C1)c2ccc(Nc3ncc4c5ccnc(F)c5n(C6CCCC6)c4n3)nn2,7.62
24,CHEMBL3702223,CC[C@@H](C)n1c2cnccc2c3cnc(Nc4ccc(nn4)N5CCNCC5)nc13,7.64
25,CHEMBL3702202,C[C@H]1CN(CCN1)c2ccc(Nc3ncc4c5ccccc5n(C6CCCC6)c4n3)nn2,7.64
26,CHEMBL3702094,CC1CN(CC(C)N1)c2ccc(Nc3ncc4c5ccnc(F)c5n(C6CCCC6)c4n3)nc2,7.66
27,CHEMBL3702201,CN1CCN(CC1)c2ccc(Nc3ncc4c5ccccc5n(C6CCCC6)c4n3)nn2,7.66
28,CHEMBL3698687,COc1nccc2c3cnc(Nc4ccc(cn4)N5CCNCC5)nc3n(C6CCCC6)c12,7.66
29,CHEMBL3642004,OC1CN(C1)C2CCN(CC2)c3ccc(Nc4ncc5c6ccncc6n(C7CCCC7)c5n4)nn3,7.66
30,CHEMBL3698670,C1CCC(C1)n2c3ncccc3c4cnc(Nc5ccc(cn5)N6CCNCC6)nc24,7.68
31,CHEMBL3698669,C1CCCC(CC1)n2c3cnccc3c4cnc(Nc5ccc(cn5)N6CCNCC6)nc24,7.68
32,CHEMBL3702217,CC[C@@H](C)n1c2cnccc2c3cnc(Nc4ccc(nn4)N5CCN[C@@H](C)C5)nc13,7.68
33,CHEMBL3698652,COc1ccc(cc1)n2c3cnccc3c4cnc(Nc5ccc(cn5)N6CCNCC6)nc24,7.68
34,CHEMBL3702074,FC(F)(F)C1CN(CCN1)c2ccc(Nc3ncc4c5ccncc5n(C6CCCC6)c4n3)nc2,7.68
35,CHEMBL3642022,FCCNC1CCN(CC1)c2ccc(Nc3ncc4c5ccncc5n(C6CCCC6)c4n3)nc2,7.68
36,CHEMBL3702116,Oc1nccc2c3cnc(Nc4ccc(CN5CCNCC5)cn4)nc3n(C6CCCC6)c12,7.68
37,CHEMBL3702131,CN(C)C1CCN(CC1)S(=O)(=O)c2ccc(Nc3ncc4c5ccncc5n(C6CCCC6)c4n3)nc2,7.69
38,CHEMBL3698694,C1CCC(C1)n2c3cnccc3c4cnc(Nc5ccc(N[C@@H]6CCNC6)cn5)nc24,7.7
39,CHEMBL3642024,CC(C)NC1CCN(CC1)c2ccc(Nc3ncc4c5ccncc5n(C6CCCC6)c4n3)nc2,7.7
40,CHEMBL3702224,CC[C@@H](C)n1c2cnccc2c3cnc(Nc4ccc(nn4)N5CCNC(C)(C)C5)nc13,7.7
41,CHEMBL3698741,C1CCC(C1)n2c3cnccc3c4cnc(Nc5ccc(nn5)N6CCCC6)nc24,7.71
42,CHEMBL3698645,C[C@H]1CN(CCN1)c2ccc(Nc3ncc4c5ccncc5n(C6CCCC6)c4n3)nn2,7.71
43,CHEMBL3642023,C1CCC(C1)n2c3cnccc3c4cnc(Nc5ccc(cn5)N6CCC(CC6)NC7CCC7)nc24,7.72
44,CHEMBL3641990,CNC1CCN(CC1)c2ccc(Nc3ncc4c5ccncc5n(C6CCC6)c4n3)nn2,7.72
45,CHEMBL3642026,CN(CC(=O)O)C1CCN(CC1)c2ccc(Nc3ncc4c5ccncc5n(C6CCCC6)c4n3)nc2,7.75
46,CHEMBL3642018,OC1CCN(CC1)C2CCN(CC2)c3ccc(Nc4ncc5c6ccncc6n(C7CCCC7)c5n4)nc3,7.75
47,CHEMBL3642007,O[C@@H]1CCCN(C1)C2CCN(CC2)c3ccc(Nc4ncc5c6ccncc6n(C7CCCC7)c5n4)nn3,7.75
48,CHEMBL3702141,C1CN(CCN1)c2ccc(Nc3cc4c(cn3)c5ccncc5n4C6CCSC6)nc2,7.77
49,CHEMBL3642034,CN(C)CCN(C)C1CCN(CC1)c2ccc(Nc3ncc4c5ccncc5n(C6CCCC6)c4n3)nn2,7.77
50,CHEMBL3237443,Fc1nccc2c3cnc(Nc4ccc(cn4)N5CCNCC5)nc3n(C6CCCC6)c12,7.77
51,CHEMBL3702072,O[C@H]1CCN(Cc2csc(Nc3ncc4c5ccncc5n(C6CCCC6)c4n3)n2)C1,7.77
52,CHEMBL3702166,Oc1cc(ccn1)c2ccc(Nc3ncc4c5ccncc5n(C6CCCC6)c4n3)nn2,7.78
53,CHEMBL3702192,OCCNc1ccc(Nc2ncc3c4ccncc4n(C5CCCC5)c3n2)nn1,7.79
54,CHEMBL3702246,C1CC(C1)n2c3cnccc3c4cnc(Nc5ccc(nn5)N6CCNCC6)nc24,7.8
55,CHEMBL3702068,CCC(CC)n1c2cnccc2c3cnc(Nc4ccc(cn4)N5CCNCC5)nc13,7.8
56,CHEMBL3702070,CCC(CC)n1c2cnccc2c3cnc(Nc4ccc(nn4)N5CCC(CC5)N(C)C)nc13,7.8
57,CHEMBL3702132,CN(C)C1CCN(CC1)C(=O)c2ccc(Nc3ncc4c5ccncc5n(C6CCCC6)c4n3)nc2,7.8
58,CHEMBL3702241,CN(C)C1CCN(CC1)c2ccc(Nc3ncc4c5ccncc5n(C6CCC6)c4n3)nc2,7.8
59,CHEMBL3641999,CNCCN(C)C1CCN(CC1)c2ccc(Nc3ncc4c5ccncc5n(C6CCCC6)c4n3)nn2,7.8
60,CHEMBL3702051,COCCN1CCN(CC1)c2ccc(Nc3ncc4c5ccncc5n(C6CCCC6)c4n3)nn2,7.8
61,CHEMBL3702087,COc1ccc2c3cnc(Nc4ccc(cn4)N5CCNCC5)nc3n(C6CCCC6)c2n1,7.8
62,CHEMBL3702193,C[C@@H](O)CNc1ccc(Nc2ncc3c4ccncc4n(C5CCCC5)c3n2)nn1,7.8
63,CHEMBL3702173,Fc1nccc2c3cnc(Nc4ccc(cn4)C5=CCS(=O)(=O)CC5)nc3n(C6CCCC6)c12,7.8
64,CHEMBL3698738,N[C@H]1CCN(C1)c2ccc(Nc3ncc4c5ccncc5n(C6CCCC6)c4n3)nn2,7.8
65,CHEMBL3698723,O=S1(=O)CCC(C1)Nc2ccc(Nc3ncc4c5ccncc5n(C6CCCC6)c4n3)nn2,7.8
66,CHEMBL3642006,O[C@H]1CCN(C1)C2CCN(CC2)c3ccc(Nc4ncc5c6ccncc6n(C7CCCC7)c5n4)nn3,7.8
67,CHEMBL3698722,C1CCC(C1)n2c3cnccc3c4cnc(Nc5ccc(N[C@H]6CCNC6)nn5)nc24,7.82
68,CHEMBL3698673,C1CN(CCN1)c2ccc(Nc3ncc4c5ccccc5n(C6CCOCC6)c4n3)nc2,7.82
69,CHEMBL3702245,CNC1CCN(CC1)c2ccc(Nc3ncc4c5ccncc5n(C6CCC6)c4n3)nc2,7.82
70,CHEMBL3702118,OC1CCCN(Cc2ccc(Nc3ncc4c5ccncc5n(C6CCCC6)c4n3)nc2)C1,7.82
71,CHEMBL3702063,CCC(C)(C)n1c2cnccc2c3cnc(Nc4ccc(nn4)N5CCC(CC5)N(C)C)nc13,7.85
72,CHEMBL3642021,CCCNC1CCN(CC1)c2ccc(Nc3ncc4c5ccncc5n(C6CCCC6)c4n3)nc2,7.85
73,CHEMBL3641996,CN(CCO)C1CCN(CC1)c2ccc(Nc3ncc4c5ccncc5n(C6CCCC6)c4n3)nn2,7.85
74,CHEMBL3702196,C[C@@H](CO)Nc1ccc(Nc2ncc3c4ccncc4n(C5CCCC5)c3n2)nn1,7.85
75,CHEMBL3642015,C[C@H](O)CNC1CCN(CC1)c2ccc(Nc3ncc4c5ccncc5n(C6CCCC6)c4n3)nc2,7.85
76,CHEMBL3698734,O[C@@H]1CCCN(C1)c2ccc(Nc3ncc4c5ccncc5n(C6CCCC6)c4n3)nn2,7.85
77,CHEMBL3237447,N#Cc1nccc2c3cnc(Nc4ccc(cn4)N5CCNCC5)nc3n(C6CCCC6)c12,7.87
78,CHEMBL3237451,C1CCC(CC1)n2c3cnccc3c4cnc(Nc5ccc(cn5)N6CCNCC6)nc24,7.88
79,CHEMBL3642038,CN(C)C1CN(CCC1O)c2ccc(Nc3ncc4c5ccncc5n(C6CCCC6)c4n3)nn2,7.88
80,CHEMBL3237448,C1CCC(C1)n2c3nnccc3c4cnc(Nc5ccc(cn5)N6CCNCC6)nc24,7.89
81,CHEMBL3702210,CNC1CCN(CC1)c2ccc(Nc3ncc4c5ccnc(F)c5n(C6CCCC6)c4n3)nc2,7.89
82,CHEMBL3641998,C[C@@H](CO)NC1CCN(CC1)c2ccc(Nc3ncc4c5ccncc5n(C6CCCC6)c4n3)nn2,7.89
83,CHEMBL3698651,Fc1ccc(cc1)n2c3cnccc3c4cnc(Nc5ccc(cn5)N6CCNCC6)nc24,7.89
84,CHEMBL3642009,OCCCNC1CCN(CC1)c2ccc(Nc3ncc4c5ccncc5n(C6CCCC6)c4n3)nn2,7.89
85,CHEMBL3702197,OCCCNc1ccc(Nc2ncc3c4ccncc4n(C5CCCC5)c3n2)nn1,7.89
86,CHEMBL3698726,C1CCC(C1)n2c3cnccc3c4cnc(Nc5ccc(NC6CCNCC6)nn5)nc24,7.91
87,CHEMBL3642020,C1CCC(C1)n2c3cnccc3c4cnc(Nc5ccc(cn5)N6CCC(CC6)NC7CC7)nc24,7.92
88,CHEMBL3702135,C1CN(CCN1)c2ccc(Nc3cc4c(cn3)c5ccncc5n4c6ccccc6)nc2,7.92
89,CHEMBL3702248,CC1(C)CN(CCN1)c2ccc(Nc3ncc4c5ccncc5n(C6CCC6)c4n3)nn2,7.92
90,CHEMBL3702209,CN(C)C1CCN(CC1)c2ccc(Nc3ncc4c5ccccc5n(C6CCCC6)c4n3)nc2,7.92
91,CHEMBL3642016,C[C@@H](O)CNC1CCN(CC1)c2ccc(Nc3ncc4c5ccncc5n(C6CCCC6)c4n3)nc2,7.92
92,CHEMBL215803,C[C@@H]1C[C@H]2CN1CCn3nc4c(cccc4c3O)c5nc6c(O2)cccc6nc5O,7.92
93,CHEMBL3642029,OC1CN(C1)C2CCN(CC2)c3ccc(Nc4ncc5c6ccncc6n(C7CCCC7)c5n4)nc3,7.92
94,CHEMBL3641994,OCCNC1CCN(CC1)c2ccc(Nc3ncc4c5ccncc5n(C6CCCC6)c4n3)nn2,7.92
95,CHEMBL3642036,OC[C@@H](O)CNC1CCN(CC1)c2ccc(Nc3ncc4c5ccncc5n(C6CCCC6)c4n3)nn2,7.92
96,CHEMBL3698640,C[C@@H]1CN(CCN1)c2ccc(Nc3ncc4c5ccncc5n(C6CCCC6)c4n3)nn2,7.94
97,CHEMBL3698721,C1CCC(C1)n2c3cnccc3c4cnc(Nc5ccc(N[C@@H]6CCNC6)nn5)nc24,7.95
98,CHEMBL3642010,CCN(CCO)C1CCN(CC1)c2ccc(Nc3ncc4c5ccncc5n(C6CCCC6)c4n3)nn2,7.96
99,CHEMBL3702121,CCOC(=O)CN1CCN(Cc2ccc(Nc3ncc4c5ccncc5n(C6CCCC6)c4n3)nc2)CC1,7.96
100,CHEMBL3702220,CC[C@@H](C)n1c2cnccc2c3cnc(Nc4ccc(cn4)N5CCNCC5)nc13,7.96
101,CHEMBL3702221,CC[C@@H](C)n1c2cnccc2c3cnc(Nc4ccc(cn4)N5CCN[C@@H](C)C5)nc13,7.96
102,CHEMBL3698708,CNC1CCN(CC1)c2ccc(Nc3ncc4c5ccncc5n(C6CCCC6)c4n3)nn2,7.96
103,CHEMBL3642000,C[C@H](CO)NC1CCN(CC1)c2ccc(Nc3ncc4c5ccncc5n(C6CCCC6)c4n3)nn2,7.96
104,CHEMBL3698739,N[C@@H]1CCN(C1)c2ccc(Nc3ncc4c5ccncc5n(C6CCCC6)c4n3)nn2,7.96
105,CHEMBL3698732,OC1CCN(CC1)c2ccc(Nc3ncc4c5ccncc5n(C6CCCC6)c4n3)nn2,7.96
106,CHEMBL3237446,Oc1nccc2c3cnc(Nc4ccc(cn4)N5CCNCC5)nc3n(C6CCCC6)c12,7.96
107,CHEMBL3642035,CN(C)CCNC1CCN(CC1)c2ccc(Nc3ncc4c5ccncc5n(C6CCCC6)c4n3)nn2,8.0
108,CHEMBL3698638,CN1CCN(CC1)c2ccc(Nc3ncc4c5ccncc5n(C6CCCC6)c4n3)nc2,8.0
109,CHEMBL3702244,C[C@H]1CN(CCN1)c2ccc(Nc3ncc4c5ccncc5n(C6CCC6)c4n3)nc2,8.0
110,CHEMBL3698647,NC1CCN(CC1)c2ccc(Nc3ncc4c5ccncc5n(C6CCCC6)c4n3)nc2,8.0
111,CHEMBL3698744,NC1CCN(CC1)c2ccc(Nc3ncc4c5ccncc5n(C6CCCC6)c4n3)nn2,8.0
112,CHEMBL3698655,O[C@H]1CCN(C1)c2ccc(Nc3ncc4c5ccncc5n(C6CCCC6)c4n3)nn2,8.0
113,CHEMBL3702119,CCOC(=O)CN1CCN(CC1)c2ccc(Nc3ncc4c5ccncc5n(C6CCCC6)c4n3)nn2,8.01
114,CHEMBL3698724,O=S1(=O)CCN(CC1)c2ccc(Nc3ncc4c5ccncc5n(C6CCCC6)c4n3)nn2,8.04
115,CHEMBL3698668,CC1(CCC1)n2c3cnccc3c4cnc(Nc5ccc(cn5)N6CCNCC6)nc24,8.05
116,CHEMBL3642011,OC1CCN(CC1)C2CCN(CC2)c3ccc(Nc4ncc5c6ccncc6n(C7CCCC7)c5n4)nn3,8.05
117,CHEMBL3702207,C1CCC(C1)n2c3ccccc3c4cnc(Nc5ccc(nn5)N6CCNCC6)nc24,8.06
118,CHEMBL3698731,NCC1CCN(CC1)c2ccc(Nc3ncc4c5ccncc5n(C6CCCC6)c4n3)nn2,8.06
119,CHEMBL3702117,OC1CCN(Cc2ccc(Nc3ncc4c5ccncc5n(C6CCCC6)c4n3)nc2)CC1,8.09
120,CHEMBL3698650,C1CN(CCN1)c2ccc(Nc3ncc4c5ccncc5n(c6ccccc6)c4n3)nc2,8.1
121,CHEMBL3702198,CN1CCN(CC1)c2ccc(Nc3ncc4c5ccccc5n(C6CCCC6)c4n3)nc2,8.1
122,CHEMBL3642030,C[C@@H](CO)NC1CCN(CC1)c2ccc(Nc3ncc4c5ccncc5n(C6CCCC6)c4n3)nc2,8.1
123,CHEMBL3702208,NC1CCN(CC1)c2ccc(Nc3ncc4c5ccccc5n(C6CCCC6)c4n3)nn2,8.1
124,CHEMBL3702123,O=C(N1CCNCC1)c2ccc(Nc3ncc4c5ccncc5n(C6CCCC6)c4n3)nc2,8.1
125,CHEMBL210540,CN1CCN(Cc2cnc(Nc3ncc(s3)c4cc(C)nc(OC5CCCCC5)n4)cn2)CC1,8.11
126,CHEMBL3702095,OCCC1CCN(CC1)c2ccc(Nc3ncc4c5ccnc(F)c5n(C6CCCC6)c4n3)nc2,8.12
127,CHEMBL3698676,N#Cc1ccc2c3cnc(Nc4ccc(cn4)N5CCNCC5)nc3n(C6CCCC6)c2c1,8.14
128,CHEMBL3698735,O[C@H]1CCCN(C1)c2ccc(Nc3ncc4c5ccncc5n(C6CCCC6)c4n3)nn2,8.15
129,CHEMBL3702158,C1CCC(C1)n2c3cnccc3c4cnc(Nc5ccc(cn5)C6=CCNCC6)nc24,8.16
130,CHEMBL3698662,CC(C)(C)n1c2cnccc2c3cnc(Nc4ccc(cn4)N5CCNCC5)nc13,8.16
131,CHEMBL3702191,CN(CCO)c1ccc(Nc2ncc3c4ccncc4n(C5CCCC5)c3n2)nn1,8.16
132,CHEMBL3698747,C1CCC(C1)n2c3cnccc3c4cnc(Nc5ccc(nn5)N6CCCNCC6)nc24,8.17
133,CHEMBL3698642,C1CCC(C1)n2c3cnccc3c4cnc(Nc5ccc(nn5)N6CCNCC6)nc24,8.18
134,CHEMBL3702047,CCN1CCN(CC1)c2ccc(Nc3ncc4c5ccncc5n(C6CCCC6)c4n3)nc2,8.19
135,CHEMBL3698684,O=C(N1CCNCC1)c2csc(Nc3ncc4c5ccncc5n(C6CCCC6)c4n3)n2,8.19
136,CHEMBL3702168,Oc1ccc(cn1)c2ccc(Nc3ncc4c5ccncc5n(C6CCCC6)c4n3)nn2,8.19
137,CHEMBL3642001,OCC(CO)NC1CCN(CC1)c2ccc(Nc3ncc4c5ccncc5n(C6CCCC6)c4n3)nn2,8.2
138,CHEMBL3702071,C(N1CCNCC1)c2csc(Nc3ncc4c5ccncc5n(C6CCCC6)c4n3)n2,8.21
139,CHEMBL3698665,C1CC(C1)n2c3cnccc3c4cnc(Nc5ccc(cn5)N6CCNCC6)nc24,8.22
140,CHEMBL3698666,OC1CCC(CC1)n2c3cnccc3c4cnc(Nc5ccc(cn5)N6CCNCC6)nc24,8.23
141,CHEMBL3702053,CCN(CC)C1CCN(CC1)c2ccc(Nc3ncc4c5ccncc5n(C6CCCC6)c4n3)nn2,8.24
142,CHEMBL3698664,C[C@@H](C1CCCCC1)n2c3cnccc3c4cnc(Nc5ccc(cn5)N6CCNCC6)nc24,8.24
143,CHEMBL3641995,C[C@H](O)CNC1CCN(CC1)c2ccc(Nc3ncc4c5ccncc5n(C6CCCC6)c4n3)nn2,8.24
144,CHEMBL3642033,OC(=O)CNC1CCN(CC1)c2ccc(Nc3ncc4c5ccncc5n(C6CCCC6)c4n3)nn2,8.24
145,CHEMBL3698683,C1CCC(C1)n2c3cnccc3c4cnc(Nc5ccc(cn5)N6CCCNCC6)nc24,8.25
146,CHEMBL3702159,C1CCC(C1)n2c3cnccc3c4cnc(Nc5ccc(cn5)C6CCNCC6)nc24,8.28
147,CHEMBL3702065,CN(C)C1CC2CCC(C1)N2c3ccc(Nc4ncc5c6ccncc6n(C7CCCC7)c5n4)nc3,8.28
148,CHEMBL3698659,C1CN(CCN1)c2ccc(Nc3ncc4c5ccncc5n(C6CC7CCC6C7)c4n3)nc2,8.29
149,CHEMBL3641992,C[C@H](CO)NC1CCN(CC1)c2ccc(Nc3ncc4c5ccncc5n(C6CCCC6)c4n3)nc2,8.29
150,CHEMBL3642032,OC(=O)CNC1CCN(CC1)c2ccc(Nc3ncc4c5ccncc5n(C6CCCC6)c4n3)nc2,8.29
151,CHEMBL3642014,OCCNC1CCN(CC1)c2ccc(Nc3ncc4c5ccncc5n(C6CCCC6)c4n3)nc2,8.29
152,CHEMBL3702154,CN(C)C1CCN(CC1)c2ccc(Nc3ncc4c5ccnc(F)c5n(C6CCCC6)c4n3)nn2,8.3
153,CHEMBL3702050,COCCN1CCN(CC1)c2ccc(Nc3ncc4c5ccncc5n(C6CCCC6)c4n3)nc2,8.31
154,CHEMBL3702096,OCCN1CCN(CC1)c2ccc(Nc3ncc4c5ccncc5n(C6CCCC6)c4n3)nc2,8.31
155,CHEMBL3702067,CC(C)n1c2cnccc2c3cnc(Nc4ccc(nn4)N5CCC(CC5)N(C)C)nc13,8.32
156,CHEMBL3642002,OC[C@H](O)CNC1CCN(CC1)c2ccc(Nc3ncc4c5ccncc5n(C6CCCC6)c4n3)nn2,8.32
157,CHEMBL3702092,O[C@H]1CCN(C1)c2ccc(Nc3ncc4c5ccnc(F)c5n(C6CCCC6)c4n3)nc2,8.32
158,CHEMBL3702142,C1CCC(CC1)n2c3cnccc3c4cnc(Nc5ccc(cn5)N6CCNCC6)cc24,8.34
159,CHEMBL3702052,CCN(CC)C1CCN(CC1)c2ccc(Nc3ncc4c5ccncc5n(C6CCCC6)c4n3)nc2,8.34
160,CHEMBL3237442,C1CCC(C1)n2c3cnccc3c4cnc(Nc5ccc(cn5)N6CCNCC6)nc24,8.36
161,CHEMBL3698671,C1CCC(C1)n2c3ncccc3c4cnc(Nc5ccc(cc5)N6CCNCC6)nc24,8.36
162,CHEMBL3237702,CC1CCC(CC1)n2c3cnccc3c4cnc(Nc5ccc(cn5)N6CCNCC6)nc24,8.36
163,CHEMBL3237444,Clc1nccc2c3cnc(Nc4ccc(cn4)N5CCNCC5)nc3n(C6CCCC6)c12,8.37
164,CHEMBL3698641,Cc1cc(Nc2ncc3c4ccncc4n(C5CCCC5)c3n2)cnc1N6CCNCC6,8.38
165,CHEMBL3702130,Fc1nccc2c3cnc(Nc4ccc(cn4)S(=O)(=O)N5CCNCC5)nc3n(C6CCCC6)c12,8.41
166,CHEMBL3641997,C[C@@H](O)CNC1CCN(CC1)c2ccc(Nc3ncc4c5ccncc5n(C6CCCC6)c4n3)nn2,8.42
167,CHEMBL3698682,C1CCC(C1)n2c3ccccc3c4cnc(Nc5ccc(cc5)N6CCNCC6)nc24,8.43
168,CHEMBL3702120,OC(=O)CN1CCN(CC1)c2ccc(Nc3ncc4c5ccncc5n(C6CCCC6)c4n3)nn2,8.44
169,CHEMBL3698661,C1CN(CCN1)c2ccc(Nc3ncc4c5ccncc5n(c4n3)C67CC8CC(CC(C8)C6)C7)nc2,8.46
170,CHEMBL3702122,OC(=O)CN1CCN(Cc2ccc(Nc3ncc4c5ccncc5n(C6CCCC6)c4n3)nc2)CC1,8.48
171,CHEMBL3698674,C1CCCC(CC1)n2c3ccccc3c4cnc(Nc5ccc(cn5)N6CCNCC6)nc24,8.51
172,CHEMBL3642019,CCNC1CCN(CC1)c2ccc(Nc3ncc4c5ccncc5n(C6CCCC6)c4n3)nc2,8.51
173,CHEMBL3702129,O=S(=O)(N1CCNCC1)c2ccc(Nc3ncc4c5ccncc5n(C6CCCC6)c4n3)nc2,8.51
174,CHEMBL3702127,O=C1CN(Cc2ccc(Nc3ncc4c5ccncc5n(C6CCCC6)c4n3)nc2)CCN1,8.52
175,CHEMBL3698639,C1CCC(C1)n2c3cnccc3c4cnc(Nc5ccc(cc5)N6CCNCC6)nc24,8.54
176,CHEMBL3702060,CN(C)C1CCN(CC1)c2ccc(Nc3ncc4c5ccnc(Cl)c5n(C6CCCC6)c4n3)nc2,8.55
177,CHEMBL3702093,OCC1CCN(CC1)c2ccc(Nc3ncc4c5ccnc(F)c5n(C6CCCC6)c4n3)nc2,8.55
178,CHEMBL3702128,O=C1CNCCN1Cc2ccc(Nc3ncc4c5ccncc5n(C6CCCC6)c4n3)nc2,8.57
179,CHEMBL3702049,C(N1CCOCC1)c2ccc(Nc3ncc4c5ccncc5n(C6CCCC6)c4n3)nc2,8.59
180,CHEMBL3698675,C1CN(CCN1)c2ccc(Nc3ncc4c5ccncc5n(C6CC7CCC6C7)c4n3)cc2,8.59
181,CHEMBL3698649,CN(C)C1CCN(CC1)c2ccc(Nc3ncc4c5ccncc5n(C6CCCC6)c4n3)nn2,8.59
182,CHEMBL3698733,OCC1CCN(CC1)c2ccc(Nc3ncc4c5ccncc5n(C6CCCC6)c4n3)nn2,8.59
183,CHEMBL3698658,C1CCC(CC1)n2c3ccccc3c4cnc(Nc5ccc(cn5)N6CCNCC6)nc24,8.6
184,CHEMBL3702167,O=S1(=O)CCC(=CC1)c2ccc(Nc3ncc4c5ccncc5n(C6CCCC6)c4n3)nc2,8.66
185,CHEMBL3702091,O[C@@H]1CCN(C1)c2ccc(Nc3ncc4c5ccnc(F)c5n(C6CCCC6)c4n3)nc2,8.7
186,CHEMBL3698654,O[C@@H]1CCN(C1)c2ccc(Nc3ncc4c5ccncc5n(C6CCCC6)c4n3)nn2,8.82
187,CHEMBL3698643,C1CCC(C1)n2c3cnccc3c4cnc(Nc5ccc(nc5)N6CCNCC6)nc24,8.89
188,CHEMBL3698672,C1CCC(C1)n2c3ccccc3c4cnc(Nc5ccc(cn5)N6CCNCC6)nc24,8.92
189,CHEMBL3698644,C1CCC(C1)n2c3cnccc3c4cnc(Nc5cnc(nc5)N6CCNCC6)nc24,8.96
190,CHEMBL3237704,CC1(C)CCC(CC1)n2c3cnccc3c4cnc(Nc5ccc(cn5)N6CCNCC6)nc24,8.96
191,CHEMBL3698681,C1CN(CCN1)c2ccc(Nc3ncc4c5ccccc5n(C6CCOCC6)c4n3)cc2,9.13
192,CHEMBL3698657,C1CCC(CC1)n2c3ccccc3c4cnc(Nc5ccc(cc5)N6CCNCC6)nc24,9.39
193,CHEMBL3698653,C1CN(CCN1)c2ccc(Nc3ncc4c5ccncc5n(c6ccccc6)c4n3)cc2,9.44
