,molecule_chembl_id,canonical_smiles,pchembl_value
0,sunitinib,CCN(CC)CCNC(=O)c1c(C)[nH]c(\C=C\2/C(=O)Nc3ccc(F)cc23)c1C,8.15
1,CHEMBL2064666,COc1c2CC[C@H](CCc2ccc1Nc3ncc(Cl)c(N[C@@H]4[C@@H]5C[C@@H](C=C5)[C@@H]4C(=O)N)n3)N6CCOCC6,7.54
2,CHEMBL1650119,COc1ccc2c(N[C@H]3CCNC3)nc(nc2c1)c4ccccc4O,7.54
3,CHEMBL1650123,COc1cc2nc(nc(N[C@H]3CCNC3)c2cc1OC)c4ccccc4O,7.55
4,CHEMBL599171,NCCNC(=O)c1cc(cnc1N)c2scc3OCCOc23,7.55
5,CHEMBL1947253,O=C1NCC\C(=C/2\NC(=NC2=O)NCc3ccccc3)\c4cc([nH]c14)c5ccccc5,7.55
6,CHEMBL388978,CN[C@@H]1C[C@H]2O[C@@](C)([C@@H]1OC)n3c4ccccc4c5c6CNC(=O)c6c7c8ccccc8n2c7c35,7.57
7,CHEMBL1980391,COc1cc2Nc3n[nH]c(C)c3N=C(c4ccccc4Cl)c2cc1F,7.62
8,CHEMBL175879,Cc1ccc(Oc2ccc(cc2)c3nc4cc(ccc4[nH]3)C(=O)N)cc1,7.62
9,CHEMBL176164,COc1ccc(Oc2ccc(cc2)c3nc4cc(ccc4[nH]3)C(=O)N)cc1,7.64
10,CHEMBL250360,NC(=O)c1ccc2[nH]c(nc2c1)c3ccc(OCCC4CCN(CC4)C(=O)c5ccccc5)cc3,7.64
11,CHEMBL1650117,CC(C)(O)[C@@H]1CNC[C@H]1Nc2nc(nc3ccccc23)c4cc(F)ccc4O,7.68
12,CHEMBL1947250,NC1=NC(=O)\C(=C\2/CCNC(=O)c3[nH]c(cc23)c4ccccc4)\N1,7.7
13,CHEMBL195320,NC(=O)c1ccc2[nH]c(nc2c1)c3ccc(cc3)S(=O)(=O)Nc4ccccc4,7.75
14,CHEMBL178972,NC(=O)c1ccc2[nH]c(nc2c1)c3ccc(Oc4cccc(Cl)c4)cc3,7.77
15,CHEMBL179583,NC(=O)c1ccc2[nH]c(nc2c1)c3ccc(Oc4ccc(Cl)cc4)cc3,7.8
16,CHEMBL1650130,CC(C)(O)[C@@H]1CNC[C@H]1Nc2nc(nc3ccccc23)c4cc(ccc4O)c5cn[nH]c5,7.85
17,CHEMBL1947251,COc1ccc(cc1)c2cc3\C(=C\4/NC(=NC4=O)N)\CCNC(=O)c3[nH]2,7.85
18,CHEMBL1947252,COc1ccc(cc1OC)c2cc3\C(=C\4/NC(=NC4=O)N)\CCNC(=O)c3[nH]2,7.85
19,CHEMBL248935,NC(=O)c1ccc2[nH]c(nc2c1)c3ccc(OCC4CCCN(Cc5ccc(Cl)cc5)C4)cc3,7.85
20,CHEMBL195846,NC(=O)c1ccc2[nH]c(nc2c1)c3ccc(cc3)S(=O)(=O)Nc4ccc(Cl)cc4,7.85
21,CHEMBL253116,CC(CO)NC(=N)c1c(O)nsc1Nc2ccc(Nc3ccccc3)cc2,7.89
22,CHEMBL364978,NC(=O)c1ccc2[nH]c(nc2c1)c3ccc(cc3)[S+]([O-])c4ccc(Cl)cc4,7.89
23,CHEMBL1650125,COc1cc2nc(nc(N[C@H]3CCNC3)c2cc1OC)c4cc(F)ccc4O,7.92
24,CHEMBL362255,Cc1ccc(Oc2ccc(cc2)c3nc4cc(ccc4[nH]3)C(=O)N)cc1C,7.92
25,CHEMBL361378,NC(=O)c1ccc2[nH]c(nc2c1)c3ccc(Oc4cc(ccc4F)C(F)(F)F)cc3,7.92
26,CHEMBL369254,NC(=O)c1ccc2[nH]c(nc2c1)c3ccc(Oc4ccc5ccccc5c4)cc3,7.92
27,CHEMBL1650126,COCCOc1ccc2c(N[C@H]3CCNC3)nc(nc2c1)c4cc(F)ccc4O,7.96
28,CHEMBL1650129,COc1cc2nc(nc(N[C@@H]3CNC[C@H]3CO)c2cc1OC)c4cc(F)ccc4O,7.96
29,CHEMBL574737,CN[C@@H]1C[C@H]2O[C@@](C)([C@@H]1OC)n3c4ccccc4c5c6[C@H](O)NC(=O)c6c7c8ccccc8n2c7c35,8.0
30,CHEMBL175472,NC(=O)c1ccc2[nH]c(nc2c1)c3ccc(Oc4ccc(Cl)c(O)c4)cc3,8.01
31,CHEMBL1234108,Oc1ccc(cc1c2nc(N[C@H]3CCNC3)c4ccccc4n2)c5ccn[nH]5,8.05
32,CHEMBL191969,NC(=O)c1ccc2[nH]c(nc2c1)c3ccc(Sc4ccc(Cl)cc4)cc3,8.09
33,CHEMBL1650131,CC(C)(O)[C@@H]1CNC[C@H]1Nc2nc(nc3ccccc23)c4cc(ccc4O)c5cc[nH]n5,8.1
34,CHEMBL332551,Nc1nc(C2=C3C(=Nc4ccccc34)C(=O)NCC2)c(O)[nH]1,8.1
35,CHEMBL192161,CC1(COc2ccc(Cl)cc2NC(=O)Nc3cnc(cn3)C#N)COC1,8.16
36,CHEMBL193990,NC(=O)c1ccc2[nH]c(nc2c1)c3ccc(cc3)S(=O)(=O)c4ccc(Cl)cc4,8.18
37,CHEMBL175553,NC(=O)c1ccc2[nH]c(nc2c1)c3ccc(Oc4ccc(Cl)c(Cl)c4)cc3,8.26
38,CHEMBL1650128,COCCOc1cc2nc(nc(N[C@@H]3CNC[C@H]3C(C)(C)O)c2cc1OC)c4cc(F)ccc4O,8.3
39,CHEMBL179717,NC(=O)c1ccc2[nH]c(nc2c1)c3ccc(Oc4ccc(Cl)c(c4)C(F)(F)F)cc3,8.35
40,CHEMBL359881,Cc1ccc(Oc2ccc(cc2)c3nc4cc(ccc4[nH]3)C(=O)N)cc1Cl,8.36
41,CHEMBL195177,NC(=O)c1ccc2[nH]c(nc2c1)c3ccc(cc3)S(=O)(=O)Nc4ccc(Cl)c(Cl)c4,8.47
42,CHEMBL195041,NC(=O)c1ccc2[nH]c(nc2c1)c3ccc(Sc4ccc(O)cc4)cc3,8.64
