,molecule_chembl_id,canonical_smiles,pchembl_value
0,CHEMBL2164413,CC(C)(C)c1cc2c(ccnc2[nH]1)c3ccc(cc3)S(=O)(=O)NC4CCS(=O)(=O)CC4,7.6
1,CHEMBL561447,CNc1nc2[nH]c(cc2c3c1ncn3C)c4cccc(CNC(=O)CO)c4,7.6
2,CHEMBL360077,Nc1nc(cc(C2CCCNC2)c1C#N)c3ccccc3O,7.6
3,CHEMBL562370,CNc1nc2[nH]c(cc2c3c1ncn3C)c4cccc(CNC(=O)CCC(=O)N)c4,7.66
4,CHEMBL552183,CNc1nc2[nH]c(cc2c3c1ncn3C)c4cccc(CNC(=O)C)c4,7.85
5,CHEMBL483165,Cc1cc2c(ccnc2[nH]1)c3ccc(cc3)S(=O)(=O)NC4CCS(=O)(=O)CC4,7.9
6,CHEMBL562971,CNc1nc2[nH]c(cc2c3c1ncn3C)c4cccc(CNC(=O)CCOC)c4,7.92
7,CHEMBL562720,CNc1nc2[nH]c(cc2c3c1ncn3C)c4cccc(CN)c4,7.96
8,CHEMBL603469,C[C@]12O[C@H](C[C@]1(O)CO)n3c4ccccc4c5c6C(=O)NCc6c7c8ccccc8n2c7c35,8.05
9,CHEMBL551773,CNc1nc2[nH]c(cc2c3c1ncn3C)c4cccc(OC)c4,8.1
10,CHEMBL2164417,Cc1cc2c(ccnc2[nH]1)c3ccc(nc3)S(=O)(=O)NC4CCS(=O)(=O)CC4,8.1
11,CHEMBL549478,CNc1nc2[nH]c(cc2c3c1ncn3C)c4cccc(F)c4,8.16
12,CHEMBL558491,CNc1nc2[nH]c(cc2c3c1ncn3C)c4cccc(c4)C#N,8.16
13,CHEMBL2164411,CC(C)c1cc2c(ccnc2[nH]1)c3ccc(cc3)S(=O)(=O)NC4CCS(=O)(=O)CC4,8.2
14,CHEMBL2164410,CCc1cc2c(ccnc2[nH]1)c3ccc(cc3)S(=O)(=O)NC4CCS(=O)(=O)CC4,8.2
15,CHEMBL2164412,O=S(=O)(NC1CCS(=O)(=O)CC1)c2ccc(cc2)c3ccnc4[nH]c(cc34)C5CC5,8.2
16,CHEMBL388978,CN[C@@H]1C[C@H]2O[C@@](C)([C@@H]1OC)n3c4ccccc4c5c6CNC(=O)c6c7c8ccccc8n2c7c35,8.24
