,molecule_chembl_id,canonical_smiles,pchembl_value
0,sunitinib,CCN(CC)CCNC(=O)c1c(C)[nH]c(\C=C\2/C(=O)Nc3ccc(F)cc23)c1C,7.54
1,nintedanib,COC(=O)c1ccc2\C(=C(\Nc3ccc(cc3)N(C)C(=O)CN4CCN(C)CC4)/c5ccccc5)\C(=O)Nc2c1,7.74
2,CHEMBL1552755,C(Nc1ncnc2ccc(cc12)c3ccc4OCOc4c3)C5CCCO5,7.54
3,CHEMBL1318637,CN(Cc1sccc1C)c2ncnc3ccc(cc23)c4ccc5OCOc5c4,7.54
4,CHEMBL1877990,C(Nc1nccc(n1)c2ccc3OCOc3c2)c4cccnc4,7.7
5,CHEMBL1396483,CN(Cc1nccs1)c2ncnc3ccc(cc23)c4ccc5OCOc5c4,7.7
6,CHEMBL1899256,Brc1ccc(CNc2nccc(n2)c3ccc4OCOc4c3)cc1Br,7.75
7,CHEMBL3774448,O=C1NC(=S)S/C/1=C\c2ccc3ncccc3c2,7.75
8,CHEMBL388978,CN[C@@H]1C[C@H]2O[C@@](C)([C@@H]1OC)n3c4ccccc4c5c6CNC(=O)c6c7c8ccccc8n2c7c35,7.82
9,CHEMBL1473127,Cc1oc(CNc2ncnc3ccc(cc23)c4ccc5OCOc5c4)cc1,7.82
10,CHEMBL1515144,CCN(Cc1cccs1)c2ncnc3ccc(cc23)c4ccc5OCOc5c4,7.85
11,CHEMBL3735401,CCc1cc2C(=O)c3c([nH]c4cc(ccc34)C#N)C(C)(C)c2cc1c5cnn(CC(=O)N(C)C)c5,7.85
12,CHEMBL1898197,Clc1ccc(CNc2nccc(n2)c3ccc4OCOc4c3)cc1Cl,7.85
13,CHEMBL1904905,Clc1ccc(CNc2nccc(n2)c3ccc4OCCOc4c3)cc1Cl,7.89
14,CHEMBL1591577,CN(Cc1cccs1)c2ncnc3ccc(cc23)c4ccc5OCOc5c4,7.92
15,CHEMBL1474834,CN(Cc1csc(C)n1)c2ncnc3ccc(cc23)c4ccc5OCOc5c4,7.96
16,CHEMBL2392365,Brc1cc(Br)cc(CNc2nccc(n2)c3ccc4OCOc4c3)c1,8.05
17,CHEMBL3746678,CCc1cc2C(=O)c3c([nH]c4cc(ccc34)C#N)C(C)(C)c2cc1c5cnn(CCCN(C)C)c5,8.4
18,CHEMBL2392364,Clc1cc(Cl)cc(CNc2nccc(n2)c3ccc4OCOc4c3)c1,8.4
19,CHEMBL603469,C[C@]12O[C@H](C[C@]1(O)CO)n3c4ccccc4c5c6C(=O)NCc6c7c8ccccc8n2c7c35,8.52
20,CHEMBL379218,Cc1n[nH]c2ccc(cc12)c3cncc(OC[C@@H](N)Cc4ccccc4)c3,9.28
