,molecule_chembl_id,canonical_smiles,pchembl_value
0,CHEMBL2203560,COc1cnc(CCc2ccc(F)cc2)cc1c3cc4C(=O)NCCc4[nH]3,7.59
1,CHEMBL2203559,COc1cnc(COc2ccc(F)cc2)nc1c3cc4C(=O)NCCc4[nH]3,7.62
2,CHEMBL2203554,COc1cnc(CCc2ccc(F)cc2)nc1c3cc4C(=O)NCCc4[nH]3,7.77
3,CHEMBL2203556,COc1cnc(Nc2ccccc2)nc1c3cc4C(=O)NCCc4[nH]3,8.1
4,CHEMBL2203552,COc1cnc(nc1c2cc3C(=O)NCCc3[nH]2)c4cnc5ccccc5c4,8.1
5,CHEMBL2203563,COc1cnc(COc2ccc(F)c(F)c2)cc1c3cc4C(=O)NCCc4[nH]3,8.3
6,CHEMBL2203561,COc1cnc(COc2ccc(F)cc2)cc1c3cc4C(=O)NCCc4[nH]3,8.3
7,CHEMBL2203565,COc1cnc(COc2cc(F)c(F)cc2C)cc1c3cc4C(=O)NCCc4[nH]3,8.4
8,CHEMBL2203564,COc1cnc(COc2ccc(F)cc2C)cc1c3cc4C(=O)NCCc4[nH]3,8.52
9,CHEMBL2203562,COc1cnc(COc2ccc(F)cc2F)cc1c3cc4C(=O)NCCc4[nH]3,8.52
