,molecule_chembl_id,canonical_smiles,pchembl_value
0,sunitinib,CCN(CC)CCNC(=O)c1c(C)[nH]c(\C=C\2/C(=O)Nc3ccc(F)cc23)c1C,7.82
1,CHEMBL3235538,FC(F)(F)c1ccc2nc(NC(=O)Cc3cccc(Cl)c3)sc2c1,7.64
2,CHEMBL2203555,COc1cnc(NCc2ccccc2)nc1c3cc4C(=O)NCCc4[nH]3,7.66
3,CHEMBL2203556,COc1cnc(Nc2ccccc2)nc1c3cc4C(=O)NCCc4[nH]3,7.66
4,CHEMBL2203561,COc1cnc(COc2ccc(F)cc2)cc1c3cc4C(=O)NCCc4[nH]3,7.68
5,CHEMBL3235572,COc1cc(CC(=O)Nc2nc3ccc(cc3s2)C(F)(F)F)cc(OC)c1OC,7.82
6,CHEMBL2203553,COc1cnc(\C=C\c2ccc(F)cc2)nc1c3cc4C(=O)NCCc4[nH]3,7.82
7,CHEMBL2420701,Cn1cc(c2ccnc(CO)c2)c(n1)c3ccc(F)cc3,7.85
8,CHEMBL2420702,CNCc1cc(ccn1)c2cn(C)nc2c3ccc(F)cc3,7.89
9,CHEMBL1951415,Nc1nccc(n1)c2c(ncn2C3CCCCC3)c4ccc(F)cc4,7.89
10,CHEMBL3235552,COc1ccccc1CC(=O)Nc2nc3ccc(cc3s2)C(F)(F)F,8.0
11,CHEMBL2420704,Cn1cc(c2ccnc(c2)C3COCCN3)c(n1)c4ccc(F)cc4,8.18
12,CHEMBL2420703,Cn1cc(c2ccnc3CNCCOc23)c(n1)c4ccc(F)cc4,8.22
13,CHEMBL572006,COc1ccc(\C=C\C(=O)Nc2cc(ccn2)c3[nH]c(nc3c4ccc(F)cc4)[S+](C)[O-])c(OC)c1,8.3
14,CHEMBL569114,COc1ccc(\C=C\C(=O)Nc2cc(ccn2)c3[nH]c(SC)nc3c4ccc(F)cc4)c(OC)c1,8.4
