,molecule_chembl_id,canonical_smiles,pchembl_value
0,CHEMBL1287853,Cc1cnc(Nc2ccc(OCCN3CCCC3)cc2)nc1Nc4cccc(c4)S(=O)(=O)NC(C)(C)C,7.54
1,CHEMBL3103192,CN(CCN)c1ccc(Nc2cc(NC3CC3)n4ncc(C#N)c4n2)cc1NC(=O)C,8.0
2,CHEMBL388978,CN[C@@H]1C[C@H]2O[C@@](C)([C@@H]1OC)n3c4ccccc4c5c6CNC(=O)c6c7c8ccccc8n2c7c35,8.52
3,CHEMBL535,CCN(CC)CCNC(=O)c1c(C)[nH]c(\C=C\2/C(=O)Nc3ccc(F)cc23)c1C,6.33
5,CHEMBL91829,CN(C)C[C@@H]1CCn2cc(C3=C(C(=O)NC3=O)c4cn(CCO1)c5ccccc45)c6ccccc26,5.59
14,CHEMBL1725279,Oc1c2ccccc2c3N=Nc4cccc1c34,6.22
65,CHEMBL573339,Oc1cccc(c1)c2nc(N3CCOCC3)c4oc5ncccc5c4n2,5.57
66,CHEMBL608533,CO[C@@H]1[C@@H](C[C@H]2O[C@]1(C)n3c4ccccc4c5c6CNC(=O)c6c7c8ccccc8n2c7c35)N(C)C(=O)c9ccccc9,6.05
74,CHEMBL1721885,Cc1[nH]c(\C=C\2/C(=O)Nc3ccc(F)cc23)c(C)c1C(=O)NC[C@H](O)CN4CCOCC4,6.4
101,CHEMBL603469,C[C@]12O[C@H](C[C@]1(O)CO)n3c4ccccc4c5c6C(=O)NCc6c7c8ccccc8n2c7c35,7.2
133,CHEMBL1789941,N#CC[C@H](C1CCCC1)n2cc(cn2)c3ncnc4[nH]ccc34,7.01
135,CHEMBL509032,COc1cc(ccc1Nc2ncc(Cl)c(Nc3ccccc3S(=O)(=O)C(C)C)n2)N4CCC(CC4)N5CCN(C)CC5,6.06
136,CHEMBL513909,CC[C@H]1N(C2CCCC2)c3nc(Nc4ccc(cc4OC)C(=O)NC5CCN(C)CC5)ncc3N(C)C1=O,6.03
138,CHEMBL1908395,Cl.CN(C)CC(=O)N1CCC(CC1)c2ccc(NC(=O)c3nc(c[nH]3)C#N)c(c2)C4=CCCCC4,5.47
140,CHEMBL502835,COC(=O)c1ccc2\C(=C(\Nc3ccc(cc3)N(C)C(=O)CN4CCN(C)CC4)/c5ccccc5)\C(=O)Nc2c1,5.5
148,CHEMBL379218,Cc1n[nH]c2ccc(cc12)c3cncc(OC[C@@H](N)Cc4ccccc4)c3,5.6
151,CHEMBL1908397,O=C(N1CCNCC1)c2ccc(\C=C\c3n[nH]c4ccccc34)cc2,5.75
152,CHEMBL1241674,CC(C)n1nc(c2cc3cc(O)ccc3[nH]2)c4c(N)ncnc14,7.03
161,CHEMBL475251,COc1cc(Nc2ncc(F)c(Nc3ccc4OC(C)(C)C(=O)Nc4n3)n2)cc(OC)c1OC,7.21
175,CHEMBL464552,CNC(=O)c1c(F)cccc1Nc2nc(Nc3cc4N(CCc4cc3OC)C(=O)CN(C)C)nc5[nH]ccc25,5.96
179,CHEMBL1908394,C[C@@H](Oc1cc(sc1C(=O)N)n2cnc3ccc(CN4CCN(C)CC4)cc23)c5ccccc5C(F)(F)F,5.54
540,CHEMBL3799389,O\N=C/1\C(=C/2\C(=O)Nc3ccc(NC(=O)C4CC4)cc23)\Nc5ccccc15,6.77
541,CHEMBL3797466,CC(=CC(=O)Nc1ccc2NC(=O)\C(=C/3\C(\c4c(N3)cccc4)=N\O)\c2c1)C,6.24
543,CHEMBL513703,CC(C)(C)C(=O)Nc1ccc2NC(=O)\C(=C/3\C(\c4c(N3)cccc4)=N\O)\c2c1,6.08
544,CHEMBL3797480,CCCCC(=O)Nc1ccc2NC(=O)\C(=C/3\C(\c4c(N3)cccc4)=N\O)\c2c1,5.64
545,CHEMBL3799585,CCCC(=O)Nc1ccc2NC(=O)\C(=C/3\C(\c4c(N3)cccc4)=N\O)\c2c1,6.23
