,molecule_chembl_id,canonical_smiles,pchembl_value
0,sorafenib,CNC(=O)C1=CC(OC2=CC=C(NC(=O)NC3=CC=C(Cl)C(=C3)C(F)(F)F)C=C2)=CC=N1,8.82
1,dasatinib,CC1=NC(NC2=NC=C(S2)C(=O)NC2=C(C)C=CC=C2Cl)=CC(=N1)N1CCN(CCO)CC1,9.16
2,imatinib,CN1CCN(CC2=CC=C(C=C2)C(=O)NC2=CC=C(C)C(NC3=NC=CC(=N3)C3=CN=CC=C3)=C2)CC1,9.15
3,nilotinib,CC1=CN(C=N1)C1=CC(=CC(NC(=O)C2=CC(NC3=NC=CC(=N3)C3=CN=CC=C3)=C(C)C=C2)=C1)C(F)(F)F,8.96
4,vandetanib,COc1cc2c(Nc3ccc(Br)cc3F)ncnc2cc1OCC4CCN(C)CC4,7.96
5,nintedanib,COC(=O)c1ccc2\C(=C(\Nc3ccc(cc3)N(C)C(=O)CN4CCN(C)CC4)/c5ccccc5)\C(=O)Nc2c1,7.92
6,CHEMBL2336007,Cc1cc(Cl)cc(NC(=O)c2ccc(C)c(c2)C#Cc3cnc4ccnn4c3)c1,7.53
7,CHEMBL2336031,Cc1ccc(cc1C#Cc2cnc3ccnn3c2)C(=O)NC4CCCCC4,7.54
8,CHEMBL572878,CN1CCN(CC1)c2cc(Nc3cc(C)[nH]n3)nc(Sc4ccc(NC(=O)C5CC5)cc4)n2,7.55
9,CHEMBL2336018,COc1ccc(NC(=O)c2ccc(C)c(c2)C#Cc3cnc4ccnn4c3)cc1,7.65
10,CHEMBL2336020,Cc1ccc(cc1C#Cc2cnc3ccnn3c2)C(=O)Nc4cccc(I)c4,7.7
11,CHEMBL388978,CN[C@@H]1C[C@H]2O[C@@](C)([C@@H]1OC)n3c4ccccc4c5c6CNC(=O)c6c7c8ccccc8n2c7c35,7.72
12,CHEMBL2336025,Cc1ccc(cc1C#Cc2cnc3ccnn3c2)C(=O)Nc4cccc(c4)n5ccnc5,7.72
13,CHEMBL2336012,Cc1ccc(cc1C#Cc2cnc3ccnn3c2)C(=O)Nc4cc(CN5CCOCC5)cc(c4)C(F)(F)F,7.76
14,CHEMBL2336019,Cc1ccc(cc1C#Cc2cnc3ccnn3c2)C(=O)Nc4cccc(Br)c4,7.78
15,CHEMBL2336010,CN1CCN(Cc2cc(Cl)cc(NC(=O)c3ccc(C)c(c3)C#Cc4cnc5ccnn5c4)c2)CC1,7.86
16,CHEMBL2336011,COc1cc(CN2CCN(C)CC2)cc(NC(=O)c3ccc(C)c(c3)C#Cc4cnc5ccnn5c4)c1,7.88
17,CHEMBL558752,Cn1c(Nc2ccc(cc2)C(F)(F)F)nc3cc(Oc4ccnc(c4)c5ncc([nH]5)C(F)(F)F)ccc13,7.89
18,CHEMBL2336014,Cc1ccc(cc1C#Cc2cnc3ccnn3c2)C(=O)Nc4cc(CN5CCCC5)cc(c4)C(F)(F)F,7.9
19,CHEMBL1908396,COc1cc(Oc2ccnc3cc(OC)c(OC)cc23)ccc1NC(=O)NC(C)c4nccs4,7.92
20,CHEMBL2336016,CN1CCN(Cc2cc(NC(=O)c3ccc(Cl)c(c3)C#Cc4cnc5ccnn5c4)cc(c2)C(F)(F)F)CC1,8.0
21,CHEMBL2336024,CN(C)c1cccc(NC(=O)c2ccc(C)c(c2)C#Cc3cnc4ccnn4c3)c1,8.01
22,CHEMBL475251,COc1cc(Nc2ncc(F)c(Nc3ccc4OC(C)(C)C(=O)Nc4n3)n2)cc(OC)c1OC,8.03
23,CHEMBL1908395,Cl.CN(C)CC(=O)N1CCC(CC1)c2ccc(NC(=O)c3nc(c[nH]3)C#N)c(c2)C4=CCCCC4,8.03
24,CHEMBL3422019,CCN1CCN(Cc2ccc(cc2C(F)(F)F)C(=O)Nc3ccc(C)c(NCc4cnc5[nH]ccc5c4OC)c3)CC1,8.05
25,CHEMBL2336008,CN1CCN(Cc2cc(NC(=O)c3ccc(C)c(c3)C#Cc4cnc5ccnn5c4)cc(c2)C(F)(F)F)CC1,8.05
26,CHEMBL1908391,CN1CCN(Cc2ccc(cc2)C(=O)Nc3ccc(C)c(Nc4nc(cs4)c5cccnc5)c3)CC1,8.06
27,CHEMBL504075,C[C@H](Nc1cncc(Cl)n1)c2cccc(NC(=O)c3cccc(C)c3)c2,8.11
28,CHEMBL2336017,CN1CCN(Cc2cc(NC(=O)c3cccc(c3)C#Cc4cnc5ccnn5c4)cc(c2)C(F)(F)F)CC1,8.15
29,CHEMBL2336015,CCc1ccc(cc1C#Cc2cnc3ccnn3c2)C(=O)Nc4cc(CN5CCN(C)CC5)cc(c4)C(F)(F)F,8.17
30,CHEMBL2336009,CN1CCN(Cc2cc(C)cc(NC(=O)c3ccc(C)c(c3)C#Cc4cnc5ccnn5c4)c2)CC1,8.17
31,CHEMBL2336006,Cc1cc(C)cc(NC(=O)c2ccc(C)c(c2)C#Cc3cnc4ccnn4c3)c1,8.2
32,CHEMBL2336021,Cc1ccc(cc1C#Cc2cnc3ccnn3c2)C(=O)Nc4cccc(c4)C(F)(F)F,8.21
33,CHEMBL3608787,C[C@H](NC(=O)Nc1ccccc1)c2ccc(C)c(NC(=O)c3cnc4ccccn34)c2,8.22
34,CHEMBL2331602,Cc1cccc(NC(=O)c2ccc(C)c(c2)C#Cc3cnc4ccnn4c3)c1,8.23
35,CHEMBL3797933,Nc1oc2ccc(cc2n1)c3nn(CC4CCCC4)c5ncnc(N)c35,8.33
36,CHEMBL2336040,COc1cccc(NC(=O)c2ccc(C)c(c2)C#Cc3cnc4ccnn4c3)c1,8.39
37,CHEMBL2148120,Cc1nc(Nc2nc3ccc(nc3s2)c4cccc(c4)C(=O)Nc5cccc(c5)C(F)(F)F)cc(n1)N6CCNCC6,8.47
38,CHEMBL386051,CSc1cccc(Nc2ncc3C=C(C(=O)N(C)c3n2)c4c(Cl)cccc4Cl)c1,8.62
39,CHEMBL2336037,Cc1ccc(cc1C#Cc2cnc3ccnn3c2)C(=O)Nc4cccc(Cl)c4,8.64
40,CHEMBL103667,Cc1ccc(cc1)n2nc(cc2NC(=O)Nc3ccc(OCCN4CCOCC4)c5ccccc35)C(C)(C)C,8.72
41,CHEMBL491473,COc1cc2c(Oc3ccc4[nH]c(C)cc4c3F)ncnc2cc1OCCCN5CCCC5,8.77
42,CHEMBL574738,CCN1CCN(Cc2ccc(NC(=O)Nc3ccc(Oc4cc(NC)ncn4)cc3)cc2C(F)(F)F)CC1,9.16
43,CHEMBL1230609,COc1cc2c(Oc3ccc(NC(=O)C4(CC4)C(=O)Nc5ccc(F)cc5)cc3F)ccnc2cc1OCCCN6CCOCC6,9.7
