,molecule_chembl_id,canonical_smiles,pchembl_value
0,CHEMBL603469,C[C@]12O[C@H](C[C@]1(O)CO)n3c4ccccc4c5c6C(=O)NCc6c7c8ccccc8n2c7c35,7.54
1,CHEMBL388978,CN[C@@H]1C[C@H]2O[C@@](C)([C@@H]1OC)n3c4ccccc4c5c6CNC(=O)c6c7c8ccccc8n2c7c35,7.55
2,CHEMBL269538,COc1ccc2c(c1)[nH]c3c(C)nccc23,7.55
3,CHEMBL3094436,NCCC(NC(=O)c1ccc(Cl)c(NC(=O)C2=Cc3cnc(nc3NC2=O)N4CCC(N)CC4)c1)c5ccccc5,7.59
4,CHEMBL1474834,CN(Cc1csc(C)n1)c2ncnc3ccc(cc23)c4ccc5OCOc5c4,7.6
5,CHEMBL3421973,CN1CCN(CC1)c2ccc(Nc3ncc(Cl)c(n3)c4c[nH]c5cnccc45)cc2,7.6
6,CHEMBL2386769,COC(=N)c1nc2ccc3ncnc(Nc4ccc(cc4)C(F)(F)F)c3c2s1,7.6
7,CHEMBL3094456,COc1ncc2C=C(C(=O)Nc3cc(ccc3Cl)C(=O)NC(CCCN)c4ccccc4)C(=O)Nc2n1,7.68
8,CHEMBL3421975,CS(=O)(=O)c1ccc(cc1)c2nccc(n2)c3c[nH]c4cnccc34,7.68
9,CHEMBL2386761,COC(=N)c1nc2ccc3ncnc(Nc4ccc(OC)cc4)c3c2s1,7.72
10,CHEMBL2386751,COC(=N)c1nc2ccc3ncnc(Nc4cccc(Cl)c4)c3c2s1,7.73
11,CHEMBL2392365,Brc1cc(Br)cc(CNc2nccc(n2)c3ccc4OCOc4c3)c1,7.75
12,CHEMBL3094438,Cc1ncc2C=C(C(=O)Nc3cc(ccc3Cl)C(=O)NC(CCN)c4ccccc4)C(=O)Nc2n1,7.75
13,CHEMBL1868723,FC(F)(F)c1cccc(Nc2nccc(n2)c3ccc4OCOc4c3)c1,7.75
14,CHEMBL3094460,COc1ncc2C=C(C(=O)Nc3cc(ccc3Cl)C(=O)N[C@H](CCN)c4ccccc4)C(=O)Nc2n1,7.77
15,CHEMBL3421979,Cc1nccc(n1)c2c[nH]c3cnccc23,7.77
16,CHEMBL3421964,COc1cc(ccc1Nc2cc(ncn2)c3c[nH]c4cnccc34)N5CCN(CC5)C(=O)C,7.8
17,CHEMBL3421977,Cc1nccc2c(c[nH]c12)c3ccnc(n3)c4ccc(cc4)S(=O)(=O)C,7.85
18,CHEMBL3094455,COc1ncc2C=C(C(=O)Nc3cc(ccc3Cl)C(=O)NC(CCN)c4ccccc4)C(=O)Nc2n1,7.89
19,CHEMBL1877990,C(Nc1nccc(n1)c2ccc3OCOc3c2)c4cccnc4,7.92
20,CHEMBL3421976,Cn1cc(c2ccnc(n2)c3ccc(cc3)S(=O)(=O)C)c4ccncc14,7.92
21,CHEMBL2386743,COC(=N)c1nc2ccc3ncnc(Nc4ccc(OC)cc4OC)c3c2s1,7.95
22,CHEMBL2386752,COC(=N)c1nc2ccc3ncnc(Nc4ccc(O)c(F)c4)c3c2s1,7.96
23,CHEMBL3094462,COc1ncc2C=C(C(=O)Nc3cc(ccc3Cl)C(=O)NC(CCN)c4cccc(Cl)c4)C(=O)Nc2n1,7.96
24,CHEMBL2386765,COC(=N)c1nc2ccc3ncnc(Nc4ccc(F)cc4)c3c2s1,8.02
25,CHEMBL3421966,COc1cc(ccc1Nc2nccc(n2)c3c[nH]c4cnccc34)N5CCN(CC5)C(=O)C,8.05
26,CHEMBL3421971,COc1cc(ccc1Nc2nccc(n2)c3cn(C)c4c(C)nccc34)N5CCN(C)CC5,8.05
27,CHEMBL3094454,COc1ncc2C=C(C(=O)Nc3cc(ccc3Cl)C(=O)NC(CN)c4ccccc4)C(=O)Nc2n1,8.05
28,CHEMBL3094437,NCCC(NC(=O)c1ccc(Cl)c(NC(=O)C2=Cc3cnc(nc3NC2=O)N4CC5CCC(C4)O5)c1)c6ccccc6,8.1
29,CHEMBL2386754,CCOC(=N)c1nc2ccc3ncnc(Nc4ccc5OCOc5c4)c3c2s1,8.11
30,CHEMBL2386766,COC(=N)c1nc2ccc3ncnc(Nc4ccc(cc4)C#N)c3c2s1,8.11
31,CHEMBL2386760,COC(=O)c1nc2ccc3ncnc(Nc4ccc(Cl)cc4Cl)c3c2s1,8.11
32,CHEMBL3421978,C(=C\c1nccc(n1)c2c[nH]c3cnccc23)/c4ccccc4,8.16
33,CHEMBL3421980,Cc1nccc(n1)c2cn(Cc3ccccc3)c4cnccc24,8.16
34,CHEMBL2392364,Clc1cc(Cl)cc(CNc2nccc(n2)c3ccc4OCOc4c3)c1,8.16
35,CHEMBL2386770,COC(=N)c1nc2ccc3ncnc(Nc4ccc(F)cc4Br)c3c2s1,8.18
36,CHEMBL2386749,COC(=N)c1nc2ccc3ncnc(Nc4ccc(O)c(c4)[N+](=O)[O-])c3c2s1,8.25
37,CHEMBL3421970,COc1cc(ccc1Nc2nccc(n2)c3c[nH]c4c(C)nccc34)N5CCN(C)CC5,8.3
38,CHEMBL2386762,COC(=N)c1nc2ccc3ncnc(Nc4ccc(Cl)cc4)c3c2s1,8.32
39,CHEMBL2386753,COC(=N)c1nc2ccc3ncnc(Nc4ccc5OCOc5c4)c3c2s1,8.38
40,CHEMBL3421969,COc1cc(ccc1Nc2nccc(n2)c3c[nH]c4cnc(C)cc34)N5CCN(C)CC5,8.4
41,CHEMBL3421967,COc1cc(ccc1Nc2nccc(n2)c3c[nH]c4cnccc34)N5CCN(C)CC5,8.4
42,CHEMBL379218,Cc1n[nH]c2ccc(cc12)c3cncc(OC[C@@H](N)Cc4ccccc4)c3,8.41
43,CHEMBL2386763,COC(=N)c1nc2ccc3ncnc(Nc4ccccc4)c3c2s1,8.46
44,CHEMBL3421968,COc1cc(ccc1Nc2nccc(n2)c3cn(C)c4cnccc34)N5CCN(C)CC5,8.52
45,CHEMBL3421981,c1cc2c(c[nH]c2cn1)c3ccnc4[nH]ccc34,8.52
46,CHEMBL2386764,COC(=N)c1nc2ccc3ncnc(Nc4ccc(C)cc4)c3c2s1,8.55
47,CHEMBL3421962,CN1CCN(CC1)c2ccc(Nc3cc(ncn3)c4c[nH]c5cnccc45)cc2,8.7
48,CHEMBL2386746,COC(=N)c1nc2ccc3ncnc(Nc4ccc(F)cc4Cl)c3c2s1,8.79
49,CHEMBL2386748,COC(=N)c1nc2ccc3ncnc(Nc4ccc(F)cc4F)c3c2s1,8.97
50,CHEMBL3421963,COc1cc(ccc1Nc2cc(ncn2)c3c[nH]c4cnccc34)N5CCN(C)CC5,9.0
51,CHEMBL2386745,COC(=N)c1nc2ccc3ncnc(Nc4ccc(F)cc4OC)c3c2s1,9.23
52,CHEMBL2386747,COC(=N)c1nc2ccc3ncnc(Nc4ccc(Cl)cc4Cl)c3c2s1,9.55
53,CHEMBL2386744,COC(=N)c1nc2ccc3ncnc(Nc4ccc(Br)cc4F)c3c2s1,9.62
6,CHEMBL296468,CC(C)(C)c1oc(CSc2cnc(NC(=O)C3CCNCC3)s2)nc1,6.7
13,CHEMBL607707,CCOc1cc2ncc(C#N)c(Nc3ccc(F)c(Cl)c3)c2cc1NC(=O)\C=C\CN(C)C,5.4
15,CHEMBL428690,CN1CC[C@@H]([C@H](O)C1)c2c(O)cc(O)c3C(=O)C=C(Oc23)c4ccccc4Cl,7.08
22,CHEMBL91829,CN(C)C[C@@H]1CCn2cc(C3=C(C(=O)NC3=O)c4cn(CCO1)c5ccccc45)c6ccccc26,5.27
26,CHEMBL608533,CO[C@@H]1[C@@H](C[C@H]2O[C@]1(C)n3c4ccccc4c5c6CNC(=O)c6c7c8ccccc8n2c7c35)N(C)C(=O)c9ccccc9,6.48
28,CHEMBL14762,CC[C@H](CO)Nc1nc(NCc2ccccc2)c3ncn(C(C)C)c3n1,5.96
34,CHEMBL1721885,Cc1[nH]c(\C=C\2/C(=O)Nc3ccc(F)cc23)c(C)c1C(=O)NC[C@H](O)CN4CCOCC4,5.59
35,CHEMBL535,CCN(CC)CCNC(=O)c1c(C)[nH]c(\C=C\2/C(=O)Nc3ccc(F)cc23)c1C,5.64
40,CHEMBL408982,CCN1\C(=C\C(=O)C)\Sc2ccc(OC)cc12,6.89
41,CHEMBL567331,C(Nc1ncnc2ccc(cc12)c3ccc4OCOc4c3)c5cccs5,6.37
56,CHEMBL1082152,Cn1cc(C2=C(C(=O)NC2=O)c3cccc(NCC(O)CO)c3)c4cc(F)ccc14,7.06
152,CHEMBL1436585,C(Nc1ncnc2ccc(cc12)c3ccc4OCOc4c3)C5CCOC5,6.13
153,CHEMBL1473127,Cc1oc(CNc2ncnc3ccc(cc23)c4ccc5OCOc5c4)cc1,6.07
158,CHEMBL1435542,Cc1nc(CNc2ncnc3ccc(cc23)c4ccc5OCOc5c4)cs1,5.82
161,CHEMBL1397614,CN(Cc1ncc[nH]1)c2ncnc3ccc(cc23)c4ccc5OCOc5c4,5.39
165,CHEMBL1329627,CCOC(=O)c1oc(cc1)c2ccc3ncnc(NCc4oc(C)cc4)c3c2,5.1
170,CHEMBL1551169,CC(C)(C)CNc1ncnc2ccc(cc12)c3ccc4OCOc4c3,7.08
175,CHEMBL1612677,CN(Cc1sccc1C)c2ncnc3ccc(cc23)c4cocc4,6.52
176,CHEMBL1354134,C(Nc1ncnc2ccc(cc12)c3ccc4OCOc4c3)C5CCCC5,6.5
177,CHEMBL1770624,CCNCc1oc(cc1)c2ccc3ncnc(NCC(C)(C)C)c3c2,6.48
178,CHEMBL1476609,CN(Cc1sccc1C)c2ncnc3ccc(cc23)c4oc(CO)cc4,6.45
181,CHEMBL1374544,CN(Cc1occc1)c2ncnc3ccc(cc23)c4ccc5OCOc5c4,6.35
202,CHEMBL509032,COc1cc(ccc1Nc2ncc(Cl)c(Nc3ccccc3S(=O)(=O)C(C)C)n2)N4CCC(CC4)N5CCN(C)CC5,5.35
207,CHEMBL230011,Nc1nc(N)c2nc(c3cccc(O)c3)c(nc2n1)c4cccc(O)c4,6.14
208,CHEMBL502835,COC(=O)c1ccc2\C(=C(\Nc3ccc(cc3)N(C)C(=O)CN4CCN(C)CC4)/c5ccccc5)\C(=O)Nc2c1,5.8
212,CHEMBL1287853,Cc1cnc(Nc2ccc(OCCN3CCCC3)cc2)nc1Nc4cccc(c4)S(=O)(=O)NC(C)(C)C,5.02
213,CHEMBL1173655,CN(C)C\C=C\C(=O)Nc1cc2c(Nc3ccc(F)c(Cl)c3)ncnc2cc1O[C@H]4CCOC4,5.55
215,CHEMBL1908397,O=C(N1CCNCC1)c2ccc(\C=C\c3n[nH]c4ccccc34)cc2,6.03
229,CHEMBL521851,CS(=O)(=O)N1CCN(Cc2cc3nc(nc(N4CCOCC4)c3s2)c5cccc6[nH]ncc56)CC1,5.42
230,CHEMBL300138,Cn1cc(C2=C(C(=O)NC2=O)c3cn(C4CCN(Cc5ccccn5)CC4)c6ccccc36)c7ccccc17,6.0
236,CHEMBL384304,COc1ccc(F)c(F)c1C(=O)c2cnc(NC3CCN(CC3)S(=O)(=O)C)nc2N,6.6
242,CHEMBL464552,CNC(=O)c1c(F)cccc1Nc2nc(Nc3cc4N(CCc4cc3OC)C(=O)CN(C)C)nc5[nH]ccc25,6.01
244,CHEMBL1236107,Cn1cc(cn1)c2ccc3nnc(Sc4ccc5ncccc5c4)n3n2,5.75
254,CHEMBL445813,Clc1cccc(Cl)c1C(=O)Nc2c[nH]nc2C(=O)NC3CCNCC3,6.54
1012,CHEMBL1989267,COc1cc(ccc1NC(=O)c2cc3ccccc3n2C)c4csc5c(C=CC(=O)NCCN(C)C)cnc(N)c45,5.8
1015,CHEMBL2002105,Nc1n[nH]c2ncc(Br)cc12,4.9
1017,CHEMBL1983348,CCCCN(CCC#N)C(=O)c1ccc2nc([nH]c2c1)c3n[nH]c4ccccc34,6.3
1018,CHEMBL1970290,CCN(CC)CCNC(=O)c1cccc(c1)n2nc(cc2NC(=O)Nc3cccc4ccccc34)C(C)(C)C,6.2
1019,CHEMBL1968394,Cc1cccc(c1)c2ccc3CNC(=O)c3c2,4.7
1022,CHEMBL1993877,Nc1ncnc2c1c(cn2C3CCCC3)C#C,7.0
1023,CHEMBL1974480,CCOC(=O)Cc1nc2c3cc(Br)ccc3NC(=O)n2n1,6.1
1026,CHEMBL1980671,Nc1ncnc2Nc3ccccc3NC(=O)c12,4.2
1027,CHEMBL1973363,COc1cccc(NC(=O)N2CCC(CC2)c3nc4c(cccc4[nH]3)C(=O)N)c1,5.6
1032,CHEMBL1989423,C1c2ccccc2c3n[nH]cc13,4.3
1036,CHEMBL2000029,Cc1ccccc1c2c(nnn2Cc3ccccc3)c4ccc5[nH]nc(N)c5c4,6.8
1039,CHEMBL1973961,COc1cc(ccc1C(=O)Nc2n[nH]c3ccc(Cc4cc(F)cc(F)c4)cc23)N5CCN(C)CC5,5.6
1040,CHEMBL1971227,ON(C=O)C(CS(=O)(=O)c1ccc(cc1)c2ccc(cc2)C(F)(F)F)c3ccc(O)cc3,5.6
1041,CHEMBL1967998,CCN1CCN(CC1)c2ccc(Nc3ncc(Cl)c(Nc4ccc5[nH]ncc5c4)n3)cc2,6.8
1044,CHEMBL2001149,Oc1ccc2nc([nH]c2c1)c3ccc(Sc4ccc(cc4)c5nc6ccc(O)cc6[nH]5)cc3,6.0
1045,CHEMBL1974875,OC(=O)c1csc2C(=O)NCCNc12,5.0
1047,CHEMBL1996646,COc1cccc(OC)c1CNc2nc(NC3CCCCC3)nc4ccc(Cl)cc24,6.1
1049,CHEMBL1989471,CC(C)c1ccc2C(=O)c3c(C)ccnc3Nc2c1,6.2
1050,CHEMBL2002099,N#CCC(C1CCCC1)n2cc(cn2)c3ncnc4[nH]ccc34,6.1
1051,CHEMBL1992723,c1ccc(cc1)c2cccc3nccn23,4.2
1052,CHEMBL1996702,COc1cc(ccc1O)c2ccc3C(=O)Nc4cc(ccc4Nc3c2)C(=O)NCCCN(C)C,7.0
1055,CHEMBL1978195,NC(=O)c1cc2c(cncc2s1)c3ccc(Br)cc3,6.4
1057,CHEMBL2006439,Clc1cc(nc(NC2CCCCC2)n1)c3c[nH]c4ncccc34,8.1
1058,CHEMBL1985681,OC1CCCc2nc(ccc12)C3C(=O)Nc4ccc(cc34)C#N,6.9
1061,CHEMBL1991674,OC1CCC(CC1)Nc2cc(Cl)nc(n2)c3c[nH]c4ncccc34,6.5
1062,CHEMBL1982711,NC(=O)c1ccc(cc1)c2c[nH]c3nccc(Cl)c23,8.4
1063,CHEMBL262623,Nc1ncnc2NCCC(=Nc12)c3ccccc3,5.7
1066,CHEMBL1973516,CCN1CCN(CC1)c2ccc(Nc3ncc(C#N)c(Nc4ccc5[nH]ncc5c4)n3)cc2,6.6
1067,CHEMBL2003119,CC1N(CC2=Nc3scc(c4occc4)c3C(=O)N2)CCn5cccc15,5.6
1068,CHEMBL1996345,Nc1nc2ccc(cc2n1c3nc4CCCCc4s3)C#N,5.7
1069,CHEMBL2004025,COCOc1cccc(OCOC)c1c2ccc(NS(=O)(=O)C)cc2C(=O)OC,6.2
1072,CHEMBL1995211,CC(C)(C)Nc1ncnc2[nH]cc(c3ccccc3)c12,6.4
1074,CHEMBL461876,COc1cc2CCN(C(=O)CN(C)C)c2cc1Nc3nc(Nc4cccc(F)c4C(=O)N)c5cc[nH]c5n3,5.9
1076,CHEMBL1982753,NC1CCCCC1Nc2ccc(C(=O)N)c(Nc3cccc(Cl)c3)n2,5.6
1078,CHEMBL1972346,Oc1cc(O)cc(C=Cc2ccc(O)c(O)c2)c1,7.0
1079,CHEMBL1971519,Nc1n[nH]c2cccc(c3ccc(F)cc3)c12,5.2
1080,CHEMBL1997335,COc1ccc(cc1OC)C2=NNc3cccc4c(OC)ccc2c34,6.5
1082,CHEMBL1991818,CCN1c2cc(N)ccc2c3ccc(N)cc3C1(O)c4ccccc4,5.6
1085,CHEMBL1994808,Cc1nnc(c2ccccc2)c(n1)C#N,4.1
1087,CHEMBL1991867,Nc1n[nH]c2nc(Cl)sc12,4.8
1088,CHEMBL1972355,COc1c2C(=O)C=C(C)Oc2cc(O)c1c3nc4ccccc4[nH]3,6.4
1090,CHEMBL2001641,CC(C)(O)c1cn(nn1)c2ccc3[nH]ncc3c2,5.7
1091,CHEMBL1997193,Cc1ccc(s1)C2=C(C#N)C(=O)NC(=C2)c3cc(Br)ccc3O,6.1
1093,CHEMBL1973868,Oc1cnc2ccc(cc2c1)c3ccncc3,7.3
1097,CHEMBL1998228,Clc1cc2nnc(c3ccccc3)n2cn1,4.1
1098,CHEMBL1983715,CCNc1nc(C)c(s1)c2ccnc(Nc3ccc(cc3)N4CCN(CC4)C(=O)C)n2,7.0
1099,CHEMBL1984500,Brc1cccc2C(=O)NCc12,4.5
1101,CHEMBL2002992,CC(N)C1CCC(CC1)C(=O)Nc2ccnc3[nH]ccc23,6.8
1103,CHEMBL1966799,Nc1nnc2cccc(Cl)n12,4.2
1107,CHEMBL1977931,CC(=O)c1ccccc1c2ncnc3[nH]ccc23,4.7
1108,CHEMBL1976872,CC(=O)Nc1cc2ccccn2n1,4.2
1109,CHEMBL1969156,Nc1nccc2cnc(c3ccccc3)n12,4.1
1111,CHEMBL2007479,CCCCNc1nc(N)c(s1)C(=O)c2ccccc2,6.7
1115,CHEMBL1999120,CC(C)C1=CC(=O)NC2=C1C(=O)NN2,4.8
1117,CHEMBL1972583,NC(=O)c1cnn2c(ccnc12)c3ccccc3,4.8
1119,CHEMBL2003785,Fc1cccc(CNc2ncnc3[nH]cnc23)c1,4.9
1120,CHEMBL1973720,NC1CCC(CC1)Nc2nc(Cl)cc(n2)c3c[nH]c4ncccc34,7.8
1121,CHEMBL1987003,Clc1cccc2c1C(=O)NS2(=O)=O,4.3
1124,CHEMBL1967336,Fc1cc(F)c2nccc(NC(=O)Nc3cnccn3)c2c1,5.8
1128,CHEMBL1970340,Nc1noc2cccc(c3cccc(O)c3)c12,5.5
1129,CHEMBL1967992,N#Cc1ccc(cc1NCc2ccccc2)c3ccncc3,6.5
1133,CHEMBL2006450,CCCCC(=O)Nc1cc(cc(Cl)n1)c2c[nH]c3ncccc23,7.4
1134,CHEMBL1967538,Cc1nn(C)c2sc3C(=O)NC=Nc3c12,4.9
1137,CHEMBL1968515,O=C1CN2C(=NN1)COc3ccccc23,4.5
1142,CHEMBL1997611,CCOC(=O)c1nc2C(=O)Nc3cc(c(NC(=O)C)cc3n2c1C)[N+](=O)[O-],6.0
1144,CHEMBL2002723,CC(=O)Nc1ccc(cc1)n2nc3ccc(N)nc3n2,5.9
1149,CHEMBL1967878,CN1CCN(CC1)c2ccc(Nc3ncc(F)c(NC4C5CC(C=C5)C4C(=O)N)n3)cc2C,6.1
1151,CHEMBL1990254,NCC(NC(=O)c1ccc(cc1)c2ccncc2)c3ccccc3,5.8
1153,CHEMBL1972934,Nc1ncnc2sccc12,5.5
1155,CHEMBL1975911,O=C1NC=Cc2cnc(c3ccccc3)n12,4.1
1156,CHEMBL1992581,FC(F)Sc1ccc(NC(=O)Cc2ccc(cc2)c3cccnc3)cc1,5.9
1158,CHEMBL1975921,Brc1cnc2NC(=O)Nc2c1,5.0
1159,CHEMBL1983573,Nc1nnc2cccc(c3ccc(C=C)cc3)n12,4.0
1161,CHEMBL1984402,CN1N=C(C(=C(N)C1=O)C(=O)C)c2ccccc2,4.1
1162,CHEMBL2005449,Cc1cc(Nc2nc(Cl)cc(NCc3ccccc3)n2)n[nH]1,5.8
1166,CHEMBL1971534,NC(=O)c1cc2ccncc2s1,5.9
1168,CHEMBL242865,OC(=O)c1ccccc1Nc2ccnc(Nc3ccc(cc3)[N+](=O)[O-])n2,6.4
1171,CHEMBL2002480,Nc1nc2ncc(cn2n1)c3ccccc3,4.5
1172,CHEMBL189963,CC(=O)C1=C(C)c2cnc(Nc3ccc(cn3)N4CCNCC4)nc2N(C5CCCC5)C1=O,7.0
1173,CHEMBL1983884,Nc1ncnc2nc3ccccc3n12,4.7
1175,CHEMBL1978371,Clc1ccc(cc1)C2CC(=C(C#N)C(=O)C2C(=O)c3ccccc3)c4ccccc4,6.0
1177,CHEMBL550275,Nc1ccc2cc(NCCc3ccccc3)cc(Nc4ncccn4)c2n1,5.7
1179,CHEMBL1978166,Cc1cccc(NC(=O)Nc2ccc(cc2)c3csc4c(cnc(N)c34)C#CCCCCCCCCN)c1,6.2
1180,CHEMBL1972454,CC(=O)n1ncc2cc(N)ccc12,6.2
1181,CHEMBL1974617,OCc1cc(on1)c2ccc3[nH]ncc3c2,7.0
1183,CHEMBL1965660,NC(=O)c1cc([nH]c1c2ccc(Cl)cc2Cl)c3ccnc(N)n3,9.2
1184,CHEMBL1992125,COc1cc(Nc2ncnc(n2)N3CCCc4cc(C)ccc34)cc(OC)c1OC,5.7
1187,CHEMBL1178727,Nc1nc2c(Cc3ccccc23)s1,4.4
1188,CHEMBL379975,Oc1ccc2[nH]c3cc(c4ccccc4Cl)c5C(=O)NC(=O)c5c3c2c1,6.0
1189,CHEMBL1967612,Clc1ccc2c(c1)C(=O)NS2(=O)=O,4.7
1191,CHEMBL2001539,C1Cc2sccc2c3[nH]ncc13,5.2
1192,CHEMBL1980995,CNC1CC2OC(C)(C1OC)n3c4ccccc4c5c6CNC(=O)c6c7c8ccccc8n2c7c35,8.3
1193,CHEMBL1997041,Cc1cc(ccc1F)c2ncnc3[nH]ccc23,6.1
1194,CHEMBL550418,COc1cc(ccc1O)c2ccc3C(=O)Nc4cccc(O)c4Nc3c2,6.5
1195,CHEMBL1969664,Oc1[nH]c2ccc(cc2c1c3ccc(CN4CCOCC4)cn3)C#N,6.0
1197,CHEMBL1971289,CCOc1ccc(C=C2SC(=N)NC2=O)c(O)c1,7.8
1199,CHEMBL2007603,Fc1ccc2nccc(NC(=O)Nc3cccc(n3)C(F)(F)F)c2c1,5.7
1200,CHEMBL1421720,O=C(Cc1cccs1)Nc2nc3ccccc3s2,6.1
1202,CHEMBL1968130,Nc1nnc2cncc(Cl)n12,5.5
1203,CHEMBL1992607,Nc1ncnc2NCCNC(=O)c12,4.4
1207,CHEMBL1949855,Clc1cccc2C(=O)NC=Nc12,5.5
1209,CHEMBL1727312,O=C1Nc2ccccc2Nc3ccccc13,4.2
1213,CHEMBL101311,CN(C)CC(O)COc1ccc(Nc2nccc(Nc3cc(Cl)ccc3Cl)n2)cc1,5.6
1215,CHEMBL1973359,NC(=O)c1ccc2nc(cn2c1)c3oc(cc3)[N+](=O)[O-],7.1
1216,CHEMBL1988581,CN(C)CC1=C(O)C2=NC(=CC(=O)N2C=C1)C,7.8
1218,CHEMBL2006564,CCN(C(=O)C)c1ccc(Nc2nc(NC3CC3)c4nc[nH]c4n2)cc1,5.8
1219,CHEMBL1986943,OC1CCC(CC1)Nc2nc(Cl)cc(n2)c3c[nH]c4ncccc34,8.6
1220,CHEMBL1979690,CN1CCN(CC1)c2ccc(Nc3ncc(Cl)c(Nc4ccc5[nH]ncc5c4)n3)cc2,7.0
1221,CHEMBL1991008,Nc1n[nH]c2c(cccc12)c3ccccc3,4.3
1225,CHEMBL422897,CN1CCC(C(O)C1)c2c(O)cc(O)c3C(=O)C=C(Oc23)c4ccccc4Cl,6.9
1227,CHEMBL225519,O=C1NCCc2[nH]c(cc12)c3ccncc3,8.0
1228,CHEMBL1994159,CC(=O)c1cccc(c1)c2ccc3nccn3n2,4.5
1230,CHEMBL1983575,Oc1c(Br)cc(C=NNC(=O)Nc2ccccc2)cc1Br,7.7
1231,CHEMBL1968868,FC(F)(F)c1ccc2c(NC(=O)Nc3cccc(n3)C#N)ccnc2c1,5.6
1233,CHEMBL1998470,CCCC(=O)Nc1cc(cc(Cl)n1)c2c[nH]c3ncccc23,7.8
1235,CHEMBL1997197,COc1ccccc1CNC(=N)Nc2nccc(n2)c3cccs3,6.4
1236,CHEMBL1975903,COc1ccccc1c2ccnc(Nc3cccc(c3)S(=O)(=O)C)n2,6.1
1237,CHEMBL1983630,O=C1Cc2cc(cnc2N1)c3ccccc3,4.3
1238,CHEMBL117697,COc1cccc(Nc2ncnc3ccccc23)c1,6.1
1239,CHEMBL1973795,O=C1NCc2ccc(cc12)c3ccccc3,4.0
1240,CHEMBL1988805,Nc1nc2ccc(cc2n1c3nccs3)C#N,6.4
1241,CHEMBL458997,CNC(=O)c1ccccc1Nc2nc(Nc3ccc(cc3OC)N4CCOCC4)ncc2Cl,6.1
1246,CHEMBL1995765,NC1=CC(=O)NN1c2ccccn2,5.4
1248,CHEMBL1997846,Clc1cc(NC2CCCCC2)nc(n1)c3c[nH]c4ncccc34,6.3
1251,CHEMBL360847,CN(C)CC1CCn2cc(C3=C(C(=O)NC3=O)c4cn(CCO1)c5ccccc45)c6ccccc26,6.1
1252,CHEMBL2002802,Cn1c(N)nc2sc(cc12)C(=O)N,4.1
1253,CHEMBL1995811,Fc1ccc(F)c(c1)C(=O)Nc2n[nH]c3ccc(cc23)c4cn(Cc5ccccc5)nn4,8.3
1255,CHEMBL1995916,CNC(=O)c1cc([nH]n1)c2ccccc2,4.0
1256,CHEMBL1983111,CC(=O)NCC(=O)N1C2CCC1c3cc(Nc4ncc(c(NC5CCC5)n4)C(F)(F)F)ccc23,6.4
1257,CHEMBL1988141,CCC(=O)Nc1ccc(C(=O)N2CCNCC2)c(O)c1,7.2
1258,CHEMBL1992937,Cc1ccc(Nc2nc3ccc(cc3[nH]2)[N+](=O)[O-])nc1,6.8
1259,CHEMBL451401,NC(=O)c1cccc2cn[nH]c12,4.4
1261,CHEMBL1989624,NC(=O)c1ccccc1c2ncc[nH]2,4.2
1262,CHEMBL1985206,COCC#Cc1cccc2c1Cc3c(n[nH]c23)c4cccs4,5.6
1264,CHEMBL1991078,COc1ccc(cc1OC)C(=O)Nc2n[nH]c3ccc(cc23)c4cn(Cc5ccccc5)nn4,7.8
1266,CHEMBL1977749,ON=C1C=C(Oc2c(CC=C)cccc12)c3ccccc3,6.1
1267,CHEMBL2002450,COc1ccc(c2ccc(N)cc2)c3cnoc13,4.3
1268,CHEMBL1975212,Nc1ncnc2scc(c3ccccc3)c12,4.7
1269,CHEMBL2001613,Brc1ccc2NNC(=O)c2c1,5.5
1271,CHEMBL1983923,CN1CCN(CC1)c2cc(Nc3cc(C)[nH]n3)nc(C=Cc4ccccc4)n2,6.6
1274,CHEMBL1993904,NC(=O)c1cc2c(cnc(N)c2s1)c3ccc(Nc4oc5ccccc5n4)cc3,6.2
1276,CHEMBL1967513,FC(F)(F)c1cccc(NC(=O)Nc2ccnc3ccc(Cl)cc23)n1,5.8
1277,CHEMBL1980376,Cc1cccc(c1)c2cccc3onc(N)c23,5.0
1278,CHEMBL1988872,CS(=O)(=O)Nc1ccc(Nc2ccc3[nH]nc(N)c3c2)cc1,5.9
1279,CHEMBL2003545,COC(=O)c1csc2C=CC(=O)Nc12,4.2
1282,CHEMBL1982413,CN(Cc1cc(Cl)c(O)c2ncccc12)C3CCCCC3,6.3
1283,CHEMBL2002182,O=C1NN=C2N1C=CC=C2c3ccccc3,4.4
1284,CHEMBL1985042,CC1=CC(=O)NC2=C1C(=O)N(N2)c3ccccc3,4.9
1285,CHEMBL1987535,O=C(NCCc1cccs1)N2CCC(=CC2)c3c[nH]c4ncccc34,7.4
1289,CHEMBL1987815,NC(=O)c1cc(c2cccs2)n3nccc3n1,4.7
1290,CHEMBL2006674,CCc1cnn2c(NCc3ccc[n+]([O-])c3)cc(nc12)N4CCCCC4CCO,6.5
1292,CHEMBL1981133,NC(COc1cncc(c1)c2ccc3cnccc3c2)Cc4c[nH]c5ccccc45,8.7
1293,CHEMBL1992371,Oc1cccc2c(NC(=O)Nc3cnccn3)cccc12,6.2
1296,CHEMBL2002599,O=C(Nc1cnccn1)Nc2ccnc3ccc(cc23)N4CC5COCC5C4,6.1
1297,CHEMBL1992673,Clc1ccc2NC(=O)n3ncnc3c2c1,4.7
1299,CHEMBL1969151,CN(C)C1CCC(CC1)Nc2nc(Cl)cc(n2)c3c[nH]c4ncccc34,7.6
1300,CHEMBL1967252,Cc1n[nH]c2ccc(cc12)c3cccnc3,7.9
1301,CHEMBL1993335,Cn1cc(c2cc3nc(Br)cnc3[nH]2)c4cc(F)ccc14,5.9
1302,CHEMBL1981492,COC(=O)c1c(N)nc2ccccn12,4.7
1304,CHEMBL2007574,Nc1nc(Cl)cc(n1)c2c[nH]c3ncccc23,8.7
1305,CHEMBL2004637,CCN(CCN)C(=O)c1cccc(c1)n2nc(cc2NC(=O)Nc3cccc4ccccc34)C(C)(C)C,6.1
1306,CHEMBL1993374,CC(C)C(C)Nc1ncc(Cl)c(Nc2nccs2)n1,5.8
1308,CHEMBL592030,NCCCn1cc(c2cc(c3cc4ccccc4s3)c5[nH]ncc5c2)c6nc(N)ncc16,6.2
1309,CHEMBL1986391,O=C1NC(=S)N(C1=O)c2ccccc2,4.1
1313,CHEMBL1997007,CCCNC(=O)c1ccc(Nc2nc(CC)c3cc[nH]c3n2)cc1,5.9
1314,CHEMBL1970352,CCOC(=O)c1c(C)n(c2ccc(I)cc2)c3c4ccccc4c(O)cc13,5.6
1318,CHEMBL1975503,Nc1ccc(cc1)C2=CC=CN3C(=O)NN=C23,4.2
1319,CHEMBL1989468,Clc1ncc2NC(=O)Nc2n1,4.1
1323,CHEMBL2006765,CCCNC(=O)c1ccc(Nc2nc(NCC(F)(F)F)c3cc[nH]c3n2)cc1,6.3
1325,CHEMBL1870106,CCn1c(nc2cncc(C(=O)N3CCC(N)C3)c12)c4nonc4N,7.5
1327,CHEMBL1998477,CS(=O)(=O)c1cccc(c1)c2cnn3c(cc(nc23)c4ccccc4)C(=O)N,5.7
1328,CHEMBL1980246,NCc1cc(Nc2ncnc(n2)c3ccccc3)ccc1O,6.0
1329,CHEMBL1983980,OCc1ccc(cc1)c2sc(nc2C(=O)O)N3CCc4cccc(C(=O)Nc5nc6ccccc6s5)c4C3,6.1
1331,CHEMBL482538,c1ccc(cc1)c2ccnc3[nH]ccc23,5.4
1332,CHEMBL1999484,CNc1nc(C)c(s1)c2ccnc(Nc3ccc(cc3)N4CCNCC4)n2,7.8
1333,CHEMBL1973399,NC(=O)c1csc2C(=O)CCNc12,4.8
1334,CHEMBL1984296,Cc1ccc(C)c(NC(=O)c2cc(nc3ccccc23)c4occc4)c1,6.0
1337,CHEMBL1996837,Cc1nn(C)c2sc(C(=O)N)c(N)c12,5.2
1339,CHEMBL1965683,C1Cc2[nH]ncc2C1c3ccccc3,4.4
1340,CHEMBL1964718,CC1=CN2CC(=O)NN=C2C=C1,4.6
1341,CHEMBL1993661,CNS(=O)(=O)c1ccccc1Nc2nc(Nc3cc(OC)c(OC)c(OC)c3)ncc2Cl,6.5
1344,CHEMBL1991410,Fc1cccc(F)c1C(=O)Nc2cc(cc(Cl)n2)c3c[nH]c4ncccc34,7.3
1345,CHEMBL1980391,COc1cc2Nc3n[nH]c(C)c3N=C(c4ccccc4Cl)c2cc1F,7.5
1350,CHEMBL2000568,CC(=O)c1cccc(c1)c2cnc3[nH]ccc3c2,6.1
1352,CHEMBL2007097,NC1=NC(=O)Nc2sccc12,5.1
1356,CHEMBL1974328,Cc1cccc(Nc2nc(NC3CCCCC3N)cnc2C(=O)N)c1,6.1
1358,CHEMBL1980407,NC(COc1cncc(c1)c2ccc3NC(=O)C(=Cc4ccc[nH]4)c3c2)Cc5ccccc5,9.0
1360,CHEMBL1973013,CC(C)Nc1ncc(Br)c(Nc2ncc(C)s2)n1,5.9
1363,CHEMBL1993413,Clc1cc(cc(NC(=O)c2ccccc2)n1)c3c[nH]c4ncccc34,6.5
1364,CHEMBL1983945,NC(Cc1c[nH]c2ccccc12)C(=O)Nc3cncc(C=Cc4ccncc4)c3,6.6
1365,CHEMBL1975927,COc1ccc(cc1)n2ccc3cnc(Nc4cc(OC)c(OC)c(OC)c4)nc23,5.6
1367,CHEMBL289959,N(c1ccccc1)c2ncnc3ccccc23,4.8
1368,CHEMBL1997119,Nc1ncc2cccc(c3ccccc3)n12,4.4
1369,CHEMBL1977138,CC(Nc1cncc(n1)n2cnc3ccc(cc23)C#N)c4ccccc4F,7.6
1370,CHEMBL2000879,C1Cc2[nH]ncc2CC1c3ccccc3,4.6
1372,CHEMBL1980329,Oc1ccc(cc1)c2ccc3C(=Cc4ccc[nH]4)C(=O)Nc3c2,6.4
1373,CHEMBL2004515,C1Oc2ccc(cc2O1)c3ncnc4[nH]ccc34,6.6
1376,CHEMBL2001704,Nc1nnc2sc3ccccc3n12,4.2
1377,CHEMBL1967211,Fc1ccc(cn1)c2ccc3nccn3n2,4.8
1378,CHEMBL1991734,CN1c2ccc(N)cc2C(c3ccccc3)c4cc(N)ccc14,6.8
1384,CHEMBL1802358,O=C1NC(=N/C/1=C\c2ccc3OCOc3c2)Nc4ccccc4,6.85
1404,CHEMBL2386759,NC(=O)c1nc2ccc3ncnc(Nc4ccc(F)cc4Br)c3c2s1,7.5
1405,CHEMBL2386758,COC(=N)c1nc2ccc3ncnc(Nc4cc(OC)c(OC)c(OC)c4)c3c2s1,6.31
1406,CHEMBL2386755,N=C(OCc1ccccc1)c2nc3ccc4ncnc(Nc5ccc6OCOc6c5)c4c3s2,7.43
1411,CHEMBL2386750,COC(=N)c1nc2ccc3ncnc(Nc4cccc(c4)C#N)c3c2s1,7.14
1421,CHEMBL2386768,COC(=N)c1nc2ccc3ncnc(Nc4ccc(cc4)N(C)C)c3c2s1,7.19
1422,CHEMBL2386767,COC(=N)c1nc2ccc3ncnc(Nc4ccc(cc4)C(C)(C)C)c3c2s1,7.03
1432,CHEMBL1882945,Clc1ccc(CNc2ncncc2c3ccc4OCOc4c3)cc1,5.05
1433,CHEMBL2392361,COc1cccc(c1)c2ccnc(NCc3ccc(Cl)cc3)n2,5.17
1434,CHEMBL1885748,Clc1cc(Cl)cc(CNc2ncncc2c3ccc4OCOc4c3)c1,5.94
1435,CHEMBL1899640,Clc1ccc(Nc2nccc(n2)c3ccc4OCOc4c3)cc1,6.05
1436,CHEMBL2392359,COc1ccc(cc1)c2ccnc(NCc3ccc(Cl)cc3)n2,6.06
1437,CHEMBL1872011,C(Nc1ccnc(n1)c2ccc3cn[nH]c3c2)c4cccnc4,6.08
1438,CHEMBL2392367,Clc1ccc(CNc2nccc(n2)c3ccc4cn[nH]c4c3)cc1Cl,6.22
1439,CHEMBL1898211,Clc1ccc(CNc2ccnc(n2)c3ccc4[nH]ncc4c3)cc1Cl,6.29
1440,CHEMBL2392360,COc1ccc(cc1)c2ccnc(NCc3ccc(Cl)c(Cl)c3)n2,6.39
1441,CHEMBL1884711,C(Nc1ccnc(n1)c2ccc3[nH]ncc3c2)c4cccnc4,6.75
1443,CHEMBL2392368,FC(F)(F)c1cc(Br)cc(Nc2nccc(n2)c3ccc4OCOc4c3)c1,6.86
1444,CHEMBL1892019,Clc1ccc(CNc2nccc(n2)c3ccc4[nH]ncc4c3)cc1Cl,6.9
1445,CHEMBL1899256,Brc1ccc(CNc2nccc(n2)c3ccc4OCOc4c3)cc1Br,6.95
1446,CHEMBL1902528,C(Nc1nccc(n1)c2ccc3[nH]ncc3c2)c4cccnc4,7.03
1447,CHEMBL1904905,Clc1ccc(CNc2nccc(n2)c3ccc4OCCOc4c3)cc1Cl,7.26
1448,CHEMBL1885536,C1Oc2ccc(Nc3nccc(n3)c4ccc5OCOc5c4)cc2O1,7.38
1449,CHEMBL1898197,Clc1ccc(CNc2nccc(n2)c3ccc4OCOc4c3)cc1Cl,7.42
1461,CHEMBL3092863,NCCOCCOCCOCCOc1ccc(NC2=N\C(=C/c3ccc4OCOc4c3)\C(=O)N2)cc1,7.14
1462,CHEMBL3092862,NCCOCCOCCOc1ccc(NC2=N\C(=C/c3ccc4OCOc4c3)\C(=O)N2)cc1,6.96
1466,CHEMBL3094439,COc1nc(C)c2C=C(C(=O)Nc3cc(ccc3Cl)C(=O)NC(CCN)c4ccccc4)C(=O)Nc2n1,7.0
1470,CHEMBL3094435,CN1CCN(CCNc2ncc3C=C(C(=O)Nc4cc(ccc4Cl)C(=O)NC(CCN)c5ccccc5)C(=O)Nc3n2)CC1,7.51
1472,CHEMBL3094465,COc1ncc2C=C(C(=O)Nc3cc(ccc3Cl)C(=O)NC(CCN(C)C)c4cccc(Cl)c4)C(=O)Nc2n1,6.63
1474,CHEMBL3094463,COc1ncc2C=C(C(=O)Nc3cc(ccc3Cl)C(=O)NC4(CCNCC4)c5cccc(Cl)c5)C(=O)Nc2n1,5.72
1476,CHEMBL3094461,COc1ncc2C=C(C(=O)Nc3cc(ccc3Cl)C(=O)N[C@@H](CCN)c4ccccc4)C(=O)Nc2n1,5.94
1478,CHEMBL3094459,COc1ncc2C=C(C(=O)Nc3cc(ccc3Cl)C(=O)NC(CCN)C4CCCCC4)C(=O)Nc2n1,6.21
1479,CHEMBL3094458,COc1ncc2C=C(C(=O)Nc3cc(ccc3Cl)C(=O)NCCCN)C(=O)Nc2n1,6.11
1480,CHEMBL3094457,COc1ncc2C=C(C(=O)Nc3cc(ccc3Cl)C(=O)NC(CCCCN)c4ccccc4)C(=O)Nc2n1,6.0
1485,CHEMBL3094452,COc1ncc2C=C(C(=O)Nc3cc(ccc3Cl)C(=O)NCc4ccsc4)C(=O)Nc2n1,7.4
1486,CHEMBL3094451,COc1ncc2C=C(C(=O)Nc3cc(ccc3Cl)C(=O)NCc4cccs4)C(=O)Nc2n1,7.02
1487,CHEMBL3094450,COc1ncc2C=C(C(=O)Nc3cc(ccc3Cl)C(=O)N(C)Cc4cccc(Cl)c4)C(=O)Nc2n1,6.23
1488,CHEMBL3094449,COc1ncc2C=C(C(=O)Nc3cc(ccc3Cl)C(=O)NCCc4cccc(Cl)c4)C(=O)Nc2n1,6.87
1489,CHEMBL3094448,COc1ncc2C=C(C(=O)Nc3cc(ccc3Cl)C(=O)NCc4cccc(Cl)c4)C(=O)Nc2n1,7.17
1490,CHEMBL3094447,COc1ncc2C=C(C(=O)Nc3cc(ccc3Cl)C(=O)NCc4ccccc4)C(=O)Nc2n1,7.32
1491,CHEMBL3094446,COc1ncc2C=C(C(=O)Nc3cc(ccc3Cl)C(=O)Nc4ccccc4)C(=O)Nc2n1,5.53
1492,CHEMBL3094445,CNC(=O)c1ccc(Cl)c(NC(=O)C2=Cc3cnc(OC)nc3NC2=O)c1,6.61
1493,CHEMBL3094444,COc1ncc2C=C(C(=O)Nc3cc(ccc3Cl)C(=O)N)C(=O)Nc2n1,7.13
1495,CHEMBL3094442,COC(=O)c1ccc(Cl)c(NC(=O)C2=Cc3cnc(OC)nc3NC2=O)c1,6.87
1496,CHEMBL3094441,COC(=O)c1ccc(C)c(NC(=O)C2=Cc3cnc(OC)nc3NC2=O)c1,6.6
1497,CHEMBL3094440,COC(=O)c1ccc(C)c(NC(=O)C2=Cc3cc(OC)c(OC)cc3NC2=O)c1,6.25
1503,CHEMBL3297832,COc1c(O)ccc2C(=O)c3c(O)cc4OC(C)(C)C=Cc4c3Nc12,6.46
1506,CHEMBL3335350,Oc1cccc(c1)C(=O)c2cc3cc(O)ccc3s2,6.7
1507,CHEMBL3335351,Oc1cccc(c1)C(=O)c2oc3ccc(O)cc3c2,5.22
1508,CHEMBL3335353,Cn1c(cc2cc(O)ccc12)C(=O)c3cccc(O)c3,5.57
1509,CHEMBL3335354,Oc1ccc(cc1)C(=O)c2cc3cc(O)ccc3s2,6.1
1510,CHEMBL3335355,Oc1ccc(cc1)C(=O)c2oc3ccc(O)cc3c2,5.89
1511,CHEMBL3335356,Cc1ccc(cc1O)C(=O)c2cc3cc(O)ccc3s2,6.7
1512,CHEMBL3335357,Cc1cc(ccc1O)C(=O)c2cc3cc(O)ccc3s2,5.16
1513,CHEMBL3335358,Oc1ccc(F)c(c1)C(=O)c2cc3cc(O)ccc3s2,6.4
1514,CHEMBL3335359,Oc1ccc2sc(cc2c1)C(=O)c3ccc(F)c(O)c3,6.4
1515,CHEMBL3335360,Oc1ccc2sc(cc2c1)C(=O)c3cccc(c3)C#N,5.64
1516,CHEMBL3335361,Oc1ccc2sc(cc2c1)C(=O)c3ccccc3,6.0
1517,CHEMBL3335363,CC(=O)c1cc2cc(O)ccc2s1,7.0
1518,CHEMBL3335365,CON(C)C(=O)c1cc2cc(OC)ccc2s1,5.8
1519,CHEMBL3335366,Oc1cccc(c1)C(=O)c2ccc3cc(O)ccc3c2,5.64
1527,CHEMBL3421974,O=C(NC1CCCC1)c2ccc(cc2)c3nccc(n3)c4c[nH]c5cnccc45,7.01
1529,CHEMBL3421972,COc1cc(OC2CCN(C)CC2)ccc1Nc3nccc(n3)c4c[nH]c5cnccc45,6.85
1536,CHEMBL3421965,COc1cc(ccc1Nc2cc(ncn2)c3cn(C)c4cnccc34)N5CCN(CC5)C(=O)C,7.47
1540,CHEMBL3421636,CN1CCN(CC1)c2ccc(Nc3cc(ncn3)c4c[nH]c5ccccc45)cc2,7.07
1562,CHEMBL388853,O=C(NC1CCCC1)c2ccc(cc2)c3cc(ccn3)c4cc5C(=O)NCCc5[nH]4,7.37
1565,CHEMBL3589660,OC(=O)c1nc2ccccc2c3[nH]c4c(Cl)cccc4c13,6.68
1566,CHEMBL3589661,OC(=O)c1nc2ccccc2c3[nH]c4c(Br)cccc4c13,7.1
1567,CHEMBL3589662,OC(=O)c1nc2ccccc2c3[nH]c4c(I)cccc4c13,6.22
1568,CHEMBL3589664,COc1ccc2c(c1)nc(C(=O)O)c3c4cccc(F)c4[nH]c23,5.52
1569,CHEMBL3589665,COc1ccc2c(c1)nc(C(=O)O)c3c4cccc(Cl)c4[nH]c23,6.0
1570,CHEMBL3589666,COc1ccc2c(c1)nc(C(=O)O)c3c4cccc(Br)c4[nH]c23,6.64
1574,CHEMBL3589671,OC(=O)c1nc2ccc(I)cc2c3[nH]c4c(Cl)cccc4c13,5.31
1575,CHEMBL3589672,OC(=O)c1nc2ccc(I)cc2c3[nH]c4c(Br)cccc4c13,5.85
1576,CHEMBL3589674,COc1cccc(c1)c2ccc3nc(C(=O)O)c4c5cccc(Cl)c5[nH]c4c3c2,5.72
1577,CHEMBL3589775,OC(=O)c1nc2cccnc2c3[nH]c4c(Br)cccc4c13,5.89
1578,CHEMBL3597991,c1cncc(c1)c2csc(c2)c3cncs3,7.16
1589,CHEMBL568150,O=C1NC(=O)\C(=C\c2ccc3nccnc3c2)\S1,7.1
1591,CHEMBL3775754,O=C1NC(=S)N/C/1=C\c2ccc3ncsc3c2,6.05
1592,CHEMBL3774448,O=C1NC(=S)S/C/1=C\c2ccc3ncccc3c2,7.22
1593,CHEMBL3775393,O=C1NC(=S)S/C/1=C\c2ccc3ncsc3c2,7.16
1594,CHEMBL3774830,O=C1NC(=S)S/C/1=C\c2ccc3OCCc3c2,6.52
1595,CHEMBL3775949,COc1ccc(\C=C/2\SC(=S)NC2=O)cc1,5.82
1596,CHEMBL3774667,COc1ccc(\C=C\2/NC(=O)SC2=O)cc1,5.28
1599,CHEMBL3775538,CC1C\C(=C/c2ccc3ncsc3c2)\C(=O)O1,5.78
1600,CHEMBL3193172,O=C1OCC/C/1=C\c2ccc3OCOc3c2,5.58
1601,CHEMBL3774696,O=C1OCC/C/1=C\c2ccc3OCCOc3c2,5.37
1602,CHEMBL3774704,O=C1OCC/C/1=C\c2ccc3ncsc3c2,5.98
1603,CHEMBL3775111,CC1C\C(=C/c2ccc3OCCc3c2)\C(=O)O1,5.58
1604,CHEMBL3775821,O=C1OCC/C/1=C\c2ccc3OCCc3c2,5.66
1605,CHEMBL3775969,COc1ccc(\C=C\2/CC(C)OC2=O)cc1,4.98
1606,CHEMBL3774736,COc1ccc(\C=C\2/CCCOC2=O)cc1,5.24
1607,CHEMBL3775193,O=C1OCC/C/1=C\c2ccc3OCCCc3c2,5.17
1608,CHEMBL1612487,COc1ccc(\C=C\2/CCOC2=O)cc1,5.42
1616,CHEMBL3103192,CN(CCN)c1ccc(Nc2cc(NC3CC3)n4ncc(C#N)c4n2)cc1NC(=O)C,7.4
