,molecule_chembl_id,canonical_smiles,pchembl_value
0,CHEMBL3355038,COc1cc2ncnc(Nc3ccc4N(CCc4c3)C(=O)Cc5c(C)[nH]c6cc(F)ccc56)c2cc1OC,7.6
1,CHEMBL2441337,Cn1cc(c2ccc3N(CCc3c2)C(=O)Cc4cccnc4)c5c(N)ncnc15,7.63
2,CHEMBL3407856,CN1N(C(=O)C(=C1c2ccccc2)C(=O)c3ccc(C)c(c3N)c4ccc5nc(C)sc5c4)c6ccccc6,7.7
3,CHEMBL3355037,COc1cc2ncnc(Nc3ccc4N(CCc4c3)C(=O)Cc5c(C)[nH]c6ccccc56)c2cc1OC,7.7
4,CHEMBL3407846,Cn1cc(c2ccc3N(CC(=O)c4cc(F)cc(c4)C(F)(F)F)CCc3c2)c5c(N)ncnc15,7.7
5,CHEMBL2441336,Cn1cc(c2ccc3N(CCc3c2)C(=O)Cc4ccccn4)c5c(N)ncnc15,7.72
6,CHEMBL1667899,O\N=C\1/NCc2cc(Nc3c(oc4cnccc34)c5ncccn5)ccc12,7.75
7,CHEMBL2171145,Cc1ccc(CC(=O)N2CCc3cc(ccc23)c4cn(C)c5ncnc(N)c45)cc1,7.76
8,CHEMBL3407504,CNc1ncc2ccc(Oc3c(C)ccc(C(=O)C4=C(N(C)N(C4=O)c5ccccc5)c6ccccc6)c3N)cc2n1,7.77
9,CHEMBL2441344,Cc1ccnn1CC(=O)N2CCc3cc(ccc23)c4cn(C)c5ncnc(N)c45,7.78
10,CHEMBL1667911,CN1CCN(Cc2cnc(nc2)c3oc4cnccc4c3Nc5ccc6c(O)cccc6c5)CC1,7.8
11,CHEMBL3355046,COc1cc2ncnc(Nc3ccc4N(CCc4c3F)C(=O)Cc5c(C)[nH]c6ccccc56)c2cc1OC,7.9
12,CHEMBL3407863,Cc1nc(N)c2c(cn(C)c2n1)c3ccc4N(CC(=O)c5cc(F)cc(c5)C(F)(F)F)CCc4c3,7.92
13,CHEMBL2171133,Nc1nccc2scc(c3ccc4N(CCc4c3)C(=O)Cc5ccccc5)c12,7.93
14,CHEMBL3407858,CN1N(C(=O)C(=C1c2ccccc2)C(=O)c3ccc(C)c(c3N)c4ccc5nc(N)sc5c4)c6ccccc6,7.96
15,CHEMBL3407860,CN1N(C(=O)C(=C1c2ccccc2)C(=O)c3ccc(C)c(c3N)c4ccc5nc(sc5c4)C(F)F)c6ccccc6,7.96
16,CHEMBL2171127,Nc1ncnc2scc(c3ccc(NC(=O)Cc4cc(F)ccc4F)cc3)c12,7.96
17,CHEMBL3355045,COc1cc2ncnc(Nc3ccc4N(CCc4c3)C(=O)Cc5coc6ccccc56)c2cc1OC,8.0
18,CHEMBL3407857,CNc1nc2ccc(cc2s1)c3c(C)ccc(C(=O)C4=C(N(C)N(C4=O)c5ccccc5)c6ccccc6)c3N,8.05
19,CHEMBL2171137,Nc1nccc2occ(c3ccc4N(CCc4c3)C(=O)Cc5cc(F)ccc5F)c12,8.09
20,CHEMBL2171136,Nc1ncnc2occ(c3ccc4N(CCc4c3)C(=O)Cc5cc(F)ccc5F)c12,8.13
21,CHEMBL3355042,COc1cc2ncnc(Nc3ccc4N(CCc4c3)C(=O)Cn5ccc6ccccc56)c2cc1OC,8.2
22,CHEMBL3407862,CN1N(C(=O)C(=C1c2ccccc2)C(=O)c3ccc(C)c(c3N)c4ccc5nc(C)ccc5c4)c6ccccc6,8.22
23,CHEMBL3407859,CN1N(C(=O)C(=C1c2ccccc2)C(=O)c3ccc(C)c(c3N)c4ccc5nc(CF)sc5c4)c6ccccc6,8.22
24,CHEMBL3407853,CNc1ncc2c(Cl)cc(Oc3c(C)ccc(C(=O)C4=C(N(C)N(C4=O)c5ccccc5)c6ccccc6)c3N)cc2n1,8.22
25,CHEMBL2171138,Cn1nc(c2ccc3N(CCc3c2)C(=O)Cc4cc(F)ccc4F)c5c(N)ncnc15,8.27
26,CHEMBL3407854,CN1N(C(=O)C(=C1c2ccccc2)C(=O)c3ccc(C)c(Oc4ccc5cnc(C)nc5c4)c3N)c6ccccc6,8.3
27,CHEMBL3407851,CNc1ncc2ccc(Oc3cc(ccc3Cl)C(=O)C4=C(N(C)N(C4=O)c5ccccc5)c6ccccc6)cc2n1,8.3
28,CHEMBL3355043,COc1cc2ncnc(Nc3ccc4N(CCc4c3)C(=O)Cc5c[nH]c6ccccc56)c2cc1OC,8.3
29,CHEMBL1667910,Oc1cccc2cc(Nc3c(oc4cnccc34)c5ncccn5)ccc12,8.39
30,CHEMBL3407852,CNc1ncc2c(F)cc(Oc3c(C)ccc(C(=O)C4=C(N(C)N(C4=O)c5ccccc5)c6ccccc6)c3N)cc2n1,8.4
31,CHEMBL3407848,COc1cc2nccc(Oc3ccc(NC(=O)C4=C(N(C)N(C4=O)c5ccccc5)c6ccccc6)nc3)c2cc1OC,8.4
32,CHEMBL3355041,COc1cc2ncnc(Nc3ccc4N(CCc4c3)C(=O)Cn5c(C)cc6ccc(F)cc56)c2cc1OC,8.5
33,CHEMBL2171128,Nc1ncc(c2cccnc2)c3scc(c4ccc5N(CCc5c4)C(=O)Cc6ccccc6)c13,8.5
34,CHEMBL3407850,CNc1ncc2ccc(Oc3cc(ccc3N)C(=O)C4=C(N(C)N(C4=O)c5ccccc5)c6ccccc6)cc2n1,8.52
35,CHEMBL2441346,Cc1cc(C)n(CC(=O)N2CCc3c(F)c(ccc23)c4cn(C)c5ncnc(N)c45)n1,8.57
36,CHEMBL2441339,Cc1cccc(CC(=O)N2CCc3cc(ccc23)c4cn(C)c5ncnc(N)c45)n1,8.6
37,CHEMBL2171134,Nc1nccc2scc(c3ccc4N(CCc4c3)C(=O)Cc5cc(F)ccc5F)c12,8.6
38,CHEMBL2441345,Cc1cc(C)n(CC(=O)N2CCc3cc(ccc23)c4cn(C)c5ncnc(N)c45)n1,8.72
39,CHEMBL2171130,Nc1ncc(C2CCNCC2)c3scc(c4ccc5N(CCc5c4)C(=O)Cc6ccccc6)c13,8.72
40,CHEMBL3355040,COc1cc2ncnc(Nc3ccc4N(CCc4c3)C(=O)Cc5c(C)[nH]c6c(F)cccc56)c2cc1OC,8.8
41,CHEMBL2171142,Cn1cc(c2ccc3N(CCc3c2)C(=O)Cc4ccc(F)cc4)c5c(N)ncnc15,8.82
42,CHEMBL2171132,Cn1cc(cn1)c2cnc(N)c3c(csc23)c4ccc5N(CCc5c4)C(=O)Cc6ccccc6,8.89
43,CHEMBL2171129,Nc1ncc(c2ccncc2)c3scc(c4ccc5N(CCc5c4)C(=O)Cc6ccccc6)c13,8.92
44,CHEMBL3407849,CNc1ncc2ccc(Oc3cc(ccc3C)C(=O)C4=C(N(C)N(C4=O)c5ccccc5)c6ccccc6)cc2n1,9.0
45,CHEMBL2171121,Cn1cc(c2ccc3N(CCc3c2)C(=O)Cc4ccccc4Cl)c5c(N)ncnc15,9.05
46,CHEMBL2171131,Nc1ncc(c2cn[nH]c2)c3scc(c4ccc5N(CCc5c4)C(=O)Cc6ccccc6)c13,9.05
47,CHEMBL2441340,Cc1cccc(CC(=O)N2CCc3c(F)c(ccc23)c4cn(C)c5ncnc(N)c45)n1,9.1
48,CHEMBL2171140,Cn1cc(c2ccc3N(CCc3c2)C(=O)Cc4ccccc4F)c5c(N)ncnc15,9.16
49,CHEMBL2171135,Nc1ncnc2scc(c3ccc4N(CCc4c3)C(=O)Cc5cc(F)ccc5F)c12,9.22
50,CHEMBL2171123,COc1cccc(CC(=O)N2CCc3cc(ccc23)c4cn(C)c5ncnc(N)c45)c1,9.3
51,CHEMBL2441341,Cn1cc(c2ccc3N(CCc3c2)C(=O)Cc4cccc(n4)C(F)(F)F)c5c(N)ncnc15,9.3
52,CHEMBL2441342,Cn1cc(c2ccc3N(CCc3c2F)C(=O)Cc4cccc(n4)C(F)(F)F)c5c(N)ncnc15,9.3
53,CHEMBL3355039,COc1cc2ncnc(Nc3ccc4N(CCc4c3)C(=O)Cc5cc(F)ccc5F)c2cc1OC,9.4
54,CHEMBL2171139,Cn1cc(c2ccc3N(CCc3c2)C(=O)Cc4cc(F)ccc4F)c5c(N)ncnc15,9.4
55,CHEMBL2171124,Cn1cc(c2ccc3N(CCc3c2)C(=O)Cc4cccc(c4)C(F)(F)F)c5c(N)ncnc15,9.4
56,CHEMBL2171125,Cn1cc(c2ccc3N(CCc3c2)C(=O)Cc4cc(F)cc(c4)C(F)(F)F)c5c(N)ncnc15,9.52
57,CHEMBL2171144,Cc1cccc(CC(=O)N2CCc3cc(ccc23)c4cn(C)c5ncnc(N)c45)c1,9.7
58,CHEMBL2171143,Cc1ccccc1CC(=O)N2CCc3cc(ccc23)c4cn(C)c5ncnc(N)c45,9.7
59,CHEMBL2171126,Cn1cc(c2ccc3N(CCc3c2)C(=O)Cc4cc(F)cc(F)c4F)c5c(N)ncnc15,9.7
60,CHEMBL2171122,Cn1cc(c2ccc3N(CCc3c2)C(=O)Cc4cccc(Cl)c4)c5c(N)ncnc15,9.7
61,CHEMBL2171141,Cn1cc(c2ccc3N(CCc3c2)C(=O)Cc4cccc(F)c4)c5c(N)ncnc15,9.7
