,molecule_chembl_id,canonical_smiles,pchembl_value
0,dasatinib,CC1=NC(NC2=NC=C(S2)C(=O)NC2=C(C)C=CC=C2Cl)=CC(=N1)N1CCN(CCO)CC1,9.07
1,CHEMBL3577124,CNc1ncc2cc(c(C)nc2n1)c3cc(NC(=O)NCCC(C)(C)C)c(F)cc3C,7.7
2,CHEMBL1688860,CN(C)Cc1cc(cc(c1)C(F)(F)F)C(=O)N[C@@H]2CCc3ccc(Oc4ccnc5NC(=O)CCc45)cc3C2,7.75
3,bosutinib,COc1cc(Nc2c(cnc3cc(OCCCN4CCN(C)CC4)c(OC)cc23)C#N)c(Cl)cc1Cl,7.75
4,CHEMBL3426225,CCn1nc(C#Cc2cc(ccc2C)C(=O)Nc3ccc(CN4CCN(C)CC4)c(c3)C(F)(F)F)c5c(N)ncnc15,7.8
5,CHEMBL2029988,COc1cc2ncnc(Oc3cccc(NC(=O)Nc4cc(on4)C(C)(C)C(F)(F)F)c3)c2cc1OC,7.85
6,CHEMBL478629,C(CN1CCCCC1)Oc2ccc(cc2)c3cnc4c(cnn4c3)c5ccncc5,7.96
7,CHEMBL1688861,CC(C)(N)c1cc(cc(c1)C(F)(F)F)C(=O)N[C@@H]2CCc3ccc(Oc4ccnc5NC(=O)CCc45)cc3C2,7.96
8,CHEMBL249097,Cc1ccc(O)cc1Nc2ccnc(Nc3cccc(c3)C(=O)N)n2,8.1
9,CHEMBL386051,CSc1cccc(Nc2ncc3C=C(C(=O)N(C)c3n2)c4c(Cl)cccc4Cl)c1,8.42
10,CHEMBL1230609,COc1cc2c(Oc3ccc(NC(=O)C4(CC4)C(=O)Nc5ccc(F)cc5)cc3F)ccnc2cc1OCCCN6CCOCC6,8.44
11,CHEMBL566515,COc1ccccc1n2c(cn3c4C(=O)NC(=O)N(C)c4nc23)c5cc(O)ccc5C,8.64
12,CHEMBL1784637,CNC(=O)c1ncc(C#Cc2cc(ccc2C)C(=O)Nc3ccc(CN4CCN(CCO)CC4)c(c3)C(F)(F)F)n1C,9.22
6,CHEMBL1336,CNC(=O)c1cc(Oc2ccc(NC(=O)Nc3ccc(Cl)c(c3)C(F)(F)F)cc2)ccn1,5.32
9,CHEMBL388978,CN[C@@H]1C[C@H]2O[C@@](C)([C@@H]1OC)n3c4ccccc4c5c6CNC(=O)c6c7c8ccccc8n2c7c35,6.06
12,CHEMBL119385,Fc1ccc(SC2=NN3C=NC(=O)C(=C3C=C2)c4c(Cl)cccc4Cl)c(F)c1,5.68
13,CHEMBL103667,Cc1ccc(cc1)n2nc(cc2NC(=O)Nc3ccc(OCCN4CCOCC4)c5ccccc35)C(C)(C)C,5.51
18,CHEMBL24828,COc1cc2c(Nc3ccc(Br)cc3F)ncnc2cc1OCC4CCN(C)CC4,5.72
34,CHEMBL1421,Cc1nc(Nc2ncc(s2)C(=O)Nc3c(C)cccc3Cl)cc(n1)N4CCN(CCO)CC4,6.86
44,CHEMBL481968,OCc1oc(cc1)C(=O)N\N=C\c2cc(C(=O)O)c(Nc3ccc(I)cc3F)c(F)c2F,5.52
55,CHEMBL451523,COc1c(NC(=O)Nc2ccc(c3ccc(CN4CCOCC4)nc3)c5ccccc25)cc(cc1NS(=O)(=O)C)C(C)(C)C,5.28
70,CHEMBL515414,Cc1ccc(cc1)c2c(C(=O)CF)n(CCCO)c3ncnc(N)c23,6.12
73,CHEMBL574738,CCN1CCN(Cc2ccc(NC(=O)Nc3ccc(Oc4cc(NC)ncn4)cc3)cc2C(F)(F)F)CC1,6.8
78,CHEMBL558752,Cn1c(Nc2ccc(cc2)C(F)(F)F)nc3cc(Oc4ccnc(c4)c5ncc([nH]5)C(F)(F)F)ccc13,5.54
137,CHEMBL602471,C[C@@H](Oc1ccc2ncc(\C=C\C(=O)N)cc2c1)c3c(Cl)ccc(F)c3Cl,5.36
139,CHEMBL602472,C[C@@H](Oc1ccc2ncc(cc2c1)C3CC3C(=O)N)c4c(Cl)ccc(F)c4Cl,5.28
140,CHEMBL1081198,FC(F)(F)c1cccc(NC(=O)Nc2cccc(c2)c3cn4ccnc4c(NCc5ccncc5)n3)c1,7.46
144,CHEMBL1090360,O=C(Cc1ccccc1)Nc2cccc(c2)c3nc4sccn4c3c5ccnc(Nc6cccc(c6)N7CCOCC7)n5,6.43
164,CHEMBL603469,C[C@]12O[C@H](C[C@]1(O)CO)n3c4ccccc4c5c6C(=O)NCc6c7c8ccccc8n2c7c35,6.1
180,CHEMBL324153,C(CN1CCOCC1)Oc2ccc(cc2)c3cnc4c(cnn4c3)c5ccncc5,6.6
181,CHEMBL1271480,O=C1NC=C(C=C1)c2cnn3cc(cnc23)c4ccc(OCCN5CCOCC5)cc4,6.59
182,CHEMBL1271532,C(CN1CCOCC1)Oc2ccc(cc2)c3cnc4c(cnn4c3)c5cn[nH]c5,6.52
183,CHEMBL1271533,Nc1cc(ccn1)c2cnn3cc(cnc23)c4ccc(OCCN5CCOCC5)cc4,6.08
184,CHEMBL1271641,Oc1ccc(cc1O)c2cnn3cc(cnc23)c4ccc(OCCN5CCOCC5)cc4,6.13
186,CHEMBL1271692,NS(=O)(=O)c1ccc(Nc2oc(cn2)C3=CNC(=O)C=C3)cc1,5.25
227,CHEMBL601719,C[C@@H](Oc1cc(cnc1N)c2cnn(c2)C3CCNCC3)c4c(Cl)ccc(F)c4Cl,7.0
230,CHEMBL509032,COc1cc(ccc1Nc2ncc(Cl)c(Nc3ccccc3S(=O)(=O)C(C)C)n2)N4CCC(CC4)N5CCN(C)CC5,6.05
232,CHEMBL1908395,Cl.CN(C)CC(=O)N1CCC(CC1)c2ccc(NC(=O)c3nc(c[nH]3)C#N)c(c2)C4=CCCCC4,5.22
235,CHEMBL502835,COC(=O)c1ccc2\C(=C(\Nc3ccc(cc3)N(C)C(=O)CN4CCN(C)CC4)/c5ccccc5)\C(=O)Nc2c1,5.54
239,CHEMBL1287853,Cc1cnc(Nc2ccc(OCCN3CCCC3)cc2)nc1Nc4cccc(c4)S(=O)(=O)NC(C)(C)C,5.36
242,CHEMBL1908397,O=C(N1CCNCC1)c2ccc(\C=C\c3n[nH]c4ccccc34)cc2,5.82
258,CHEMBL475251,COc1cc(Nc2ncc(F)c(Nc3ccc4OC(C)(C)C(=O)Nc4n3)n2)cc(OC)c1OC,6.85
276,CHEMBL288441,COc1cc(Nc2c(cnc3cc(OCCCN4CCN(C)CC4)c(OC)cc23)C#N)c(Cl)cc1Cl,7.75
280,CHEMBL255863,Cc1cn(cn1)c2cc(NC(=O)c3ccc(C)c(Nc4nccc(n4)c5cccnc5)c3)cc(c2)C(F)(F)F,6.64
291,CHEMBL1929238,CN(C)CCN1CCN(CCC1=O)C(=O)c2cc(sc2NC(=O)Nc3cccc(Cl)c3Cl)C(C)(C)C,4.8
1059,CHEMBL213505,Nc1ncnc2onc(c3ccc(NC(=O)Nc4cccc(c4)C(F)(F)F)cc3)c12,7.4
1062,CHEMBL1987034,NS(=O)(=O)c1cccc(Nc2ncc(Br)c(Nc3ccc(OCC#N)cc3)n2)c1,5.6
1063,CHEMBL1993941,CCCn1cc(cn1)c2cnc(N)c3c(csc23)c4ccc(NC(=O)Nc5cccc(F)c5)cc4,7.1
1065,CHEMBL578061,N(c1ccccc1)c2ccnc(Nc3ccccc3)n2,5.3
1066,CHEMBL2005886,Cc1cc(cc2[nH]c(nc12)C3=C(NCC(O)c4cccc(Cl)c4)C=CNC3=O)N5CCOCC5,6.4
1069,CHEMBL1973142,CC(=O)Nc1c(sc2ccc(Cl)c(Cl)c12)C(=O)N,5.9
1079,CHEMBL244378,OC(=O)c1ccccc1Nc2ccnc(Nc3ccc4cn[nH]c4c3)n2,6.6
1095,CHEMBL1970142,CNC(=O)C(C)n1cc(cn1)c2cnc(N)c3c(csc23)c4ccc(NC(=O)Nc5ccc(C)cc5)cc4,5.8
1099,CHEMBL1988163,NS(=O)(=O)c1cccc(Nc2ncc3ccn(c4ccccc4)c3n2)c1,7.0
1112,CHEMBL1994321,Cc1cccc(NC(=O)Nc2ccc(cc2)c3csc4c(cnc(N)c34)C#CCNS(=O)(=O)C)c1,7.0
1127,CHEMBL1992306,CNC(=O)c1cc(Oc2ccc(NC(=O)Nc3cccc(c3)C(F)(F)F)cc2)ccn1,7.7
1128,CHEMBL2002165,CC(O)Cn1cc(cn1)c2cnc(N)c3c(csc23)c4ccc(NC(=O)Nc5cccc(F)c5)cc4,7.0
1131,CHEMBL1998585,Nc1ncnc2scc(c3ccc(NC(=O)Nc4cc(ccc4F)C(F)(F)F)cc3)c12,7.4
1138,CHEMBL2001485,CC(C(=O)N(C)C)n1cc(cn1)c2cnc(N)c3c(csc23)c4ccc(NC(=O)Nc5ccc(C)cc5)cc4,6.1
1144,CHEMBL1977041,COC(=O)c1c(C)n2ncnc(N)c2c1c3ccc(NC(=O)Nc4ccccc4)cc3,6.9
1149,CHEMBL178737,O=C(N1CCOCC1)N2CCn3cc(C4=C(C(=O)NC4=O)c5cnc6ccccn56)c7cccc(C2)c37,5.5
1154,CHEMBL1988387,Cn1cc(cn1)c2cnc(N)c3c(csc23)c4ccc(NC(=O)Nc5ccc(OC(F)F)cc5)cc4,7.0
1156,CHEMBL1989708,CC(O)Cn1cc(cn1)c2cnc(N)c3c(csc23)c4ccc(NC(=O)Nc5cccc(C)c5)cc4,7.8
1158,CHEMBL1970074,Cc1n[nH]c2cccc(c3ccc(NC(=O)Nc4cccc(c4)C(F)(F)F)cc3)c12,5.9
1159,CHEMBL1825138,CC(Oc1cc(cnc1N)c2cnn(c2)C3CCNCC3)c4c(Cl)ccc(F)c4Cl,6.9
1174,CHEMBL1973211,Cc1cccc(NC(=O)Nc2ccc(cc2)c3csc4c(cnc(N)c34)C#CCN5CCCC5)c1,7.1
1185,CHEMBL482767,OC(=Nc1cccc(Cl)c1)Nc2ncc(CCN=C3NC=Nc4ccsc34)s2,6.4
1192,CHEMBL1993424,NS(=O)(=O)c1cccc(Nc2ncc3ccn(Cc4ccccc4)c3n2)c1,6.7
1197,CHEMBL1964687,Cc1cc(C)cc(NC(=O)Nc2ccc3c(CCc4sc5ncnc(N)c5c34)c2)c1,6.8
1200,CHEMBL1974254,CCOc1ccc(NC(=O)Nc2ccc(cc2)c3csc4c(cnc(N)c34)c5cnn(C)c5)cc1,6.1
1207,CHEMBL485556,CN(C(=O)C1CCCCC1)c2ccc3c(c2)nc(NC(=O)c4ccc(cc4)C#N)n3CCC(=O)N,5.1
1211,CHEMBL2006778,CNC(=O)C=Cc1cnc(N)c2c(csc12)c3cc(F)c4[nH]c(C)cc4c3,6.5
1215,CHEMBL1968406,CCc1cccc(NC(=O)Nc2ccc3c(CCc4sc5ncnc(N)c5c34)c2)c1,7.7
1216,CHEMBL1982476,CNC(=O)c1cnc(N)c2c(csc12)c3ccc(NC(=O)Nc4cccc(Cl)c4)cc3,8.0
1222,CHEMBL1997623,Nc1n[nH]c2cc(ccc12)c3ccc(NC(=O)Nc4cccc(c4)C(F)(F)F)cc3,7.1
1236,CHEMBL1967116,Cc1cccc(NC(=O)Nc2ccc(cc2)c3csc4c(cnc(N)c34)c5cnn(C)c5)c1,7.7
1245,CHEMBL1991429,O=C(Cc1ccccc1)Nc2cccc(c2)c3nc4sccn4c3c5ccnc(Nc6cccc(c6)N7CCCC7=O)n5,7.0
1251,CHEMBL1980995,CNC1CC2OC(C)(C1OC)n3c4ccccc4c5c6CNC(=O)c6c7c8ccccc8n2c7c35,6.6
1255,CHEMBL2004716,CCN(CC)CCNC(=O)C=Cc1cnc(N)c2c(csc12)c3ccc(NC(=O)Nc4cccc(C)c4)cc3,7.7
1263,CHEMBL1993243,CNC(=O)C=Cc1cnc(N)c2c(csc12)c3ccc4OCOc4c3,7.7
1273,CHEMBL508928,Cc1cccc(NC(=O)Nc2ccc(cc2)c3cnc4c(cnn4c3N)c5cnn(C)c5)c1,7.1
1286,CHEMBL262433,Cc1ccc(F)c(NC(=O)Nc2ccc(cc2)c3nsc4ncnc(N)c34)c1,7.0
1287,CHEMBL306380,Cc1ccc(cc1)c2nn(c3ncnc(N)c23)C(C)(C)C,6.9
1291,CHEMBL394619,Cc1cccc(NC(=O)Nc2ccc(cc2)c3csc4ccnc(N)c34)c1,6.1
1294,CHEMBL411903,Nc1ncnc2NCCC(=Nc12)c3ccc(NC(=O)Nc4cc(ccc4F)C(F)(F)F)cc3,7.2
1295,CHEMBL1965988,Cc1cccc(NC(=O)Nc2ccc(cc2)c3csc4c(cnc(N)c34)C#CCN)c1,6.7
1296,CHEMBL422897,CN1CCC(C(O)C1)c2c(O)cc(O)c3C(=O)C=C(Oc23)c4ccccc4Cl,5.7
1301,CHEMBL1978200,Cc1nccn2c(c3ccnc(NCCC(C)(C)O)n3)c(nc12)c4ccc(F)cc4F,6.1
1304,CHEMBL402846,Cc1ccc(F)c(NC(=O)Nc2ccc(cc2)c3cncc4c3c(N)nn4C)c1,6.2
1307,CHEMBL1964692,Cn1nc(N)c2c(cncc12)c3ccc(NC(=O)Nc4cccc(c4)C(F)(F)F)cc3,7.8
1316,CHEMBL482967,Cc1nc(N)sc1c2ccnc(Nc3ccc(cc3)N4CCOCC4)n2,6.6
1321,CHEMBL1971021,Cc1cc(C)cc(NC(=O)Nc2ccc(c3cccc4C(=O)NCc34)c(c2)C(F)(F)F)c1,6.4
1332,CHEMBL1971947,Cc1cccc(NC(=O)Nc2ccc(cc2)c3csc4c(cnc(N)c34)C#Cc5cccnc5)c1,7.0
1339,CHEMBL1983111,CC(=O)NCC(=O)N1C2CCC1c3cc(Nc4ncc(c(NC5CCC5)n4)C(F)(F)F)ccc23,6.0
1350,CHEMBL1987359,CCCCNc1ccc2C(=O)N(CCNCCO)C(=O)c3cccc1c23,5.7
1356,CHEMBL1969502,O=C(Nc1cc2C(=O)NN=Cc3c[nH]c(c1)c23)C4CC4c5ccccc5,5.8
1361,CHEMBL1983963,Cc1cccc(NC(=O)Nc2ccc(cc2)c3coc4ncnc(N)c34)c1,6.6
1371,CHEMBL340384,NC(=O)C1=CN(c2ccc(O)cc2Cl)c3cc(ccc3C1=O)c4ccncc4,5.7
1383,CHEMBL1970317,Cn1cc(cn1)c2cnc(N)c3c(csc23)c4ccc(NC(=O)Nc5cccc(F)c5)cc4,6.6
1389,CHEMBL1975490,NCCCOc1cc2C(=O)NCc2c(c1)c3ccc(Nc4oc5ccccc5n4)cc3,5.9
1395,CHEMBL1979883,CN(C)CC#Cc1cnc(N)c2c(csc12)c3ccc(NC(=O)Nc4cccc(C)c4)cc3,7.0
1396,CHEMBL1984162,COCCOC1CCC(CC1)n2nc(c3ccc(Nc4oc5c(C)cc(C)cc5n4)cc3)c6c(N)ncnc26,7.5
1401,CHEMBL1996791,Nc1ncnc2c1c(I)nn2C3CCC(O)CC3,6.0
1402,CHEMBL371206,Cc1cc(C)cc(NC(=O)Nc2ccc(cc2)c3c(C)sc4ncnc(N)c34)c1,7.1
1403,CHEMBL1974664,COc1ccc(C=NNc2ncnc3c4ccccc4[nH]c23)cc1OC,7.9
1406,CHEMBL196363,Cc1cccc(NC(=O)Nc2ccc(cc2)c3csc4ncnc(N)c34)c1,7.0
1410,CHEMBL404367,Cc1cccc(NC(=O)Nc2ccc(cc2)c3cncc4c3c(N)nn4C)c1,6.1
1414,CHEMBL2000335,Cc1ccc(NC(=O)Nc2ccc(cc2)c3csc4ncnc(N)c34)cc1C,6.5
1415,CHEMBL1084546,CN(c1ncccc1CNc2nc(Nc3ccc4NC(=O)Cc4c3)ncc2C(F)(F)F)S(=O)(=O)C,5.9
1416,CHEMBL1988717,Cn1cc(cn1)c2cnn3c(N)c(cnc23)c4ccc(NC(=O)Nc5cccc(c5)C(F)(F)F)cc4,7.9
1427,CHEMBL1989805,NC(=O)C1=C2SC(=Cc3occc3)C(=O)N2C(=C(C#N)C1c4occc4)N,5.5
1430,CHEMBL1983025,CCC(N)(CC)C#Cc1cnc(N)c2c(csc12)c3ccc(NC(=O)Nc4cccc(C)c4)cc3,6.5
1436,CHEMBL1241473,COc1cc(Nc2ncc(c(Nc3ccccc3C(=O)N)n2)[N+](=O)[O-])cc(OC)c1OC,6.9
1439,CHEMBL2001257,CCN(CC)CC#Cc1cnc(N)c2c(csc12)c3ccc(NC(=O)Nc4cccc(C)c4)cc3,6.5
1457,CHEMBL1976420,CCc1c([nH]c2nccnc12)c3ccc(cc3)C(C)(C)O,5.6
1467,CHEMBL1973540,O=C1Nc2ccc3ncsc3c2C1=CNc4ccc(cc4)S(=O)(=O)Nc5ccccn5,6.1
1475,CHEMBL1973937,Cc1ccc(c2ccc(NC(=O)Nc3cccc(Br)c3)cc2)c4c(N)n[nH]c14,5.9
1478,CHEMBL1982711,NC(=O)c1ccc(cc1)c2c[nH]c3nccc(Cl)c23,5.8
1480,CHEMBL1969102,Cc1cccc(NC(=O)Nc2ccc(cc2)c3csc4c(cnc(N)c34)c5cn[nH]c5)c1,7.2
1488,CHEMBL1988838,Cc1cnc(Nc2cccc(c2)S(=O)(=O)N)nc1Nc3ccc(OCC(=O)N)cc3,5.9
1489,CHEMBL1981725,CCN1CCN(CC1)c2ccc(Nc3nccc(n3)c4c(nc5ccccn45)c6cccc(c6)C(=O)Nc7ccccc7F)cc2,7.0
1494,CHEMBL462120,NC1=C(c2ccccc2)c3cc(Cl)ccc3NC1=O,5.6
1497,CHEMBL1965570,Nc1ncc(c2cocc2)c3scc(c4ccc(NC(=O)Nc5ccccc5F)cc4)c13,5.6
1500,CHEMBL1082440,CC1CNCCCN1S(=O)(=O)c2cccc3cncc(C)c23,5.3
1517,CHEMBL183844,Cc1cccc(NC(=O)Nc2ccc(cc2C)c3cccc4C(=O)NCc34)c1,6.6
1554,CHEMBL211378,Cc1cccc(NC(=O)Nc2ccc(cc2)c3noc4ncnc(N)c34)c1,5.8
1555,CHEMBL1982465,Cc1cccc(NC(=O)Nc2ccc(cc2)c3csc4c(cnc(N)c34)C#CCN5CCOCC5)c1,6.9
1567,CHEMBL185569,Cc1cccc(NC(=O)Nc2ccc(cc2)c3cccc4C(=O)NCc34)c1,5.7
1573,CHEMBL1984711,COc1cc(Nc2nccc(Nc3onc(c3)C4CCCCC4)n2)cc(OC)c1OC,6.9
1580,CHEMBL2004290,COc1ccc(NC(=O)Nc2ccc(cc2)c3csc4c(cnc(N)c34)c5cnn(CC(C)(C)O)c5)cc1,5.9
1585,CHEMBL2004311,Cc1cc(C)cc(NC(=O)Nc2ccc(c(C)c2)c3cccc4C(=O)NCc34)c1,6.7
1587,CHEMBL1242373,Cc1cccc(NC(=O)Nc2ccc3c(CCc4sc5ncnc(N)c5c34)c2)c1,7.5
1594,CHEMBL260092,Nc1ncnc2NCCC(=Nc12)c3ccc(NC(=O)Nc4cccc(c4)C(F)(F)F)cc3,7.0
1595,CHEMBL253969,NC(=O)c1c(NC(=O)NCCCCN2CCCC2)snc1OCc3c(F)cc(Br)cc3F,6.3
1605,CHEMBL396523,OC(=O)c1ccccc1Nc2ccnc(Nc3ccc4[nH]ncc4c3)n2,6.2
1616,CHEMBL1971029,CNS(=O)(=O)c1ccccc1Nc2nc(Nc3cc(ccc3OC)N4CCN(CC4)C(=O)C)ncc2Br,5.9
1619,CHEMBL394790,Nc1nccc2scc(c3ccc(NC(=O)Nc4cccc(Cl)c4)cc3)c12,6.4
1625,CHEMBL474432,COc1cc2ncn(c3cc(OCc4ccccc4C(F)(F)F)c(s3)C(=O)O)c2cc1OC,5.5
1632,CHEMBL1998121,NCCC(C(=O)Nc1ccc2[nH]ncc2c1)c3ccc(Cl)c(Cl)c3,5.6
1633,CHEMBL1979577,Cc1cccc(NC(=O)Nc2ccc(cc2)c3csc4c(cnc(N)c34)C#CC(C)(C)N)c1,6.8
1642,CHEMBL483158,COc1cccc(F)c1C2=NCc3cnc(Nc4ccc(C(=O)O)c(OC)c4)nc3c5ccc(Cl)cc25,7.5
1644,CHEMBL1990884,Cc1cc(C)c2oc(Nc3ccc(cc3F)c4cccc(C(=O)N)c4N)nc2c1,7.3
1649,CHEMBL2004438,Nc1c(ccc2nccnc12)c3ccc(NC(=O)Nc4cccc(c4)C(F)(F)F)cc3,6.3
1651,CHEMBL271381,COc1ccc(c2ccc(NC(=O)Nc3cccc(Br)c3)cc2)c4c(N)noc14,6.4
1653,CHEMBL1982466,Cc1ccc(NC(=O)Nc2ccc(cc2)c3csc4c(cnc(N)c34)c5cnn(C)c5)cc1,5.7
1666,CHEMBL1981047,COC(C(=O)N1Cc2[nH]nc(NC(=O)c3ccc(cc3)N4CCN(C)CC4)c2C1)c5ccccc5,7.5
1669,CHEMBL1979093,COc1ccc(c2ccc(NC(=O)Nc3ccc(F)c(C)c3)cc2)c4c(N)noc14,5.7
1677,CHEMBL1987054,COCCOC1CCC(CC1)n2nc(c3ccc(Nc4oc5c(Cl)cc(C)cc5n4)cc3)c6c(N)ncnc26,7.0
1678,CHEMBL1970083,Nc1ncc(c2ccncc2)c3scc(c4ccc(NC(=O)Nc5cc(ccc5F)C(F)(F)F)cc4)c13,7.3
1680,CHEMBL2005631,CNC(=O)c1cnc(N)c2c(csc12)c3ccc(NC(=O)Nc4cc(C)ccc4F)cc3,7.7
1681,CHEMBL1994938,Nc1ncc(C=CC(=O)NCCCn2ccnc2)c3scc(c4ccc(Br)cc4)c13,8.5
1700,CHEMBL1991874,Cc1ccc(NC(=O)c2cnn3c(ccnc23)c4ccccc4)cc1C,5.7
1701,CHEMBL1983923,CN1CCN(CC1)c2cc(Nc3cc(C)[nH]n3)nc(C=Cc4ccccc4)n2,5.6
1714,CHEMBL1966514,Nc1ncc(c2cocc2)c3scc(c4ccc(NC(=O)Nc5cccc(F)c5)cc4)c13,6.3
1727,CHEMBL1967720,CC(C)(C(=O)N)n1cc(cn1)c2cnc(N)c3c(csc23)c4ccc(NC(=O)Nc5cccc(F)c5)cc4,6.7
1728,CHEMBL1624529,NC1C2CN(CC12)c3nc4N(C=C(C(=O)O)C(=O)c4cc3F)c5ccc(F)cc5F,6.4
1731,CHEMBL1979516,CCNC(=O)c1cnc(N)c2c(csc12)c3ccc(NC(=O)Nc4cccc(F)c4)cc3,6.9
1744,CHEMBL1976220,Nc1nccc2scc(c3ccc(NC(=O)Nc4cccc(Br)c4)cc3)c12,6.8
1752,CHEMBL1980297,Nc1ncc(c2cnn(CCO)c2)c3scc(c4ccc(NC(=O)Nc5cccc(F)c5)cc4)c13,7.2
1757,CHEMBL243088,OC(=O)c1ccccc1Nc2ccnc(Nc3cccc(O)c3)n2,6.5
1759,CHEMBL1993661,CNS(=O)(=O)c1ccccc1Nc2nc(Nc3cc(OC)c(OC)c(OC)c3)ncc2Cl,8.2
1761,CHEMBL1980391,COc1cc2Nc3n[nH]c(C)c3N=C(c4ccccc4Cl)c2cc1F,7.3
1768,CHEMBL2071457,C[C@H](NC(=O)c1cc(cnc1N)c2cnn(c2)C3CCOCC3)c4c(Cl)ccc(F)c4Cl,5.21
1769,CHEMBL2086760,CCN1CCC(CC1)Nc2ccc3NC(=O)C(=C(c4ccc(Cl)cc4)c5ncc[nH]5)c3c2,5.77
2095,CHEMBL2312654,CN(C)C1CCC(CC1)Nc2nc(Nc3cc(Cl)cc(Cl)c3)ncc2c4onc(C)c4,5.61
2096,CHEMBL2312652,CN1CCC(CC1)NC(=O)c2cnc(Nc3cc(Cl)cc(Cl)c3)nc2N[C@@H]4COC[C@H]4O,4.52
2097,CHEMBL2312649,CN(C)C1CCC(CC1)Nc2nc(Nc3cc(Cl)cc(Cl)c3)ncc2C(=O)NC4CCN(C)CC4,4.52
2100,CHEMBL1478,C[C@H](CCC(=O)O)[C@H]1CC[C@H]2[C@@H]3CC[C@@H]4C[C@H](O)CC[C@]4(C)[C@H]3CC[C@]12C,4.3
2108,CHEMBL2323556,C[C@H](CCC(=O)N[C@@H](Cc1ccc(O)cc1)C(=O)O)[C@H]2CC[C@H]3[C@@H]4CC[C@@H]5C[C@H](O)CC[C@]5(C)[C@H]4CC[C@]23C,4.01
2109,CHEMBL2323554,C[C@H](CCC(=O)N[C@@H](Cc1ccccc1)C(=O)O)[C@H]2CC[C@H]3[C@@H]4CC[C@@H]5C[C@H](O)CC[C@]5(C)[C@H]4CC[C@]23C,4.72
2110,CHEMBL2323552,CSCC[C@H](NC(=O)CC[C@@H](C)[C@H]1CC[C@H]2[C@@H]3CC[C@@H]4C[C@H](O)CC[C@]4(C)[C@H]3CC[C@]12C)C(=O)O,4.59
2112,CHEMBL2322994,CC(C)[C@H](NC(=O)CC[C@@H](C)[C@H]1CC[C@H]2[C@@H]3CC[C@@H]4C[C@H](O)CC[C@]4(C)[C@H]3CC[C@]12C)C(=O)O,4.15
2113,CHEMBL2322992,C[C@H](CCC(=O)N[C@@H](C)C(=O)O)[C@H]1CC[C@H]2[C@@H]3CC[C@@H]4C[C@H](O)CC[C@]4(C)[C@H]3CC[C@]12C,4.1
2116,CHEMBL2322990,C[C@H](CCC(=O)N[C@H](Cc1c[nH]c2ccccc12)C(=O)O)[C@H]3CC[C@H]4[C@@H]5CC[C@@H]6C[C@H](O)CC[C@]6(C)[C@H]5CC[C@]34C,4.69
2118,CHEMBL2322988,C[C@H](CCC(=O)N[C@H](Cc1ccc(O)cc1)C(=O)O)[C@H]2CC[C@H]3[C@@H]4CC[C@@H]5C[C@H](O)CC[C@]5(C)[C@H]4CC[C@]23C,4.0
2120,CHEMBL2323555,C[C@H](CCC(=O)N[C@H](Cc1ccccc1)C(=O)O)[C@H]2CC[C@H]3[C@@H]4CC[C@@H]5C[C@H](O)CC[C@]5(C)[C@H]4CC[C@]23C,5.12
2122,CHEMBL2323553,CSCC[C@@H](NC(=O)CC[C@@H](C)[C@H]1CC[C@H]2[C@@H]3CC[C@@H]4C[C@H](O)CC[C@]4(C)[C@H]3CC[C@]12C)C(=O)O,4.56
2128,CHEMBL2322997,C[C@H](CCC(=O)N[C@H](CO)C(=O)O)[C@H]1CC[C@H]2[C@@H]3CC[C@@H]4C[C@H](O)CC[C@]4(C)[C@H]3CC[C@]12C,4.22
2130,CHEMBL2322995,CC(C)[C@@H](NC(=O)CC[C@@H](C)[C@H]1CC[C@H]2[C@@H]3CC[C@@H]4C[C@H](O)CC[C@]4(C)[C@H]3CC[C@]12C)C(=O)O,4.76
2132,CHEMBL2322993,C[C@H](CCC(=O)N[C@H](C)C(=O)O)[C@H]1CC[C@H]2[C@@H]3CC[C@@H]4C[C@H](O)CC[C@]4(C)[C@H]3CC[C@]12C,4.51
2142,CHEMBL2336574,CC(C)C[C@H](NC(=O)[C@H](Cc1c[nH]c2ccccc12)NC(=O)[C@@H](N)CO)C(=O)N[C@@H](C)C(=O)N[C@@H](Cc3ccc(O)cc3)C(=O)N4CCC[C@H]4C(=O)NCC(=O)N[C@@H](C)C(=O)N[C@@H](C)C(=O)N[C@@H](CO)C(=O)N[C@@H](Cc5ccc(O)cc5)C(=O)N[C@@H](CCCNC(=N)N)C(=O)O,4.15
2148,CHEMBL2337012,CC(C)C[C@H](NC(=O)[C@H](C)NC(=O)[C@H](Cc1ccc(O)cc1)NC(=O)[C@@H]2CCCN2C(=O)CNC(=O)[C@H](C)NC(=O)[C@@H](NC(=O)[C@H](CO)NC(=O)[C@H](C)NC(=O)[C@H](CCCNC(=N)N)NC(=O)[C@H](CCCCNC(=O)CCCCCN)NC(=O)[C@H](CCCNC(=N)N)NC(=O)[C@H](Cc3ccc(O)cc3)NC(=O)[C@H](CO)NC(=O)[C@@H](NC(=O)[C@H](C)NC(=O)CNC(=O)[C@@H]4CCCN4C(=O)[C@H](Cc5ccc(O)cc5)NC(=O)[C@H](C)NC(=O)[C@H](CC(C)C)NC(=O)[C@H](Cc6c[nH]c7ccccc67)NC(=O)[C@@H](N)CO)C(C)C)C(C)C)C(=O)N[C@@H](Cc8c[nH]c9ccccc89)C(=O)N[C@@H](CO)C(=O)O,6.33
2149,CHEMBL2337011,CC(C)C[C@H](NC(=O)[C@H](C)NC(=O)[C@H](C)NC(=O)[C@@H]1CCCN1C(=O)CNC(=O)[C@H](C)NC(=O)[C@@H](NC(=O)[C@H](CO)NC(=O)[C@H](Cc2ccc(O)cc2)NC(=O)[C@H](CCCNC(=N)N)NC(=O)[C@H](CCCCNC(=O)CCCCCN)NC(=O)[C@H](CCCNC(=N)N)NC(=O)[C@H](Cc3ccc(O)cc3)NC(=O)[C@H](CO)NC(=O)[C@@H](NC(=O)[C@H](C)NC(=O)CNC(=O)[C@@H]4CCCN4C(=O)[C@H](Cc5ccc(O)cc5)NC(=O)[C@H](C)NC(=O)[C@H](CC(C)C)NC(=O)[C@H](Cc6c[nH]c7ccccc67)NC(=O)[C@@H](N)CO)C(C)C)C(C)C)C(=O)N[C@@H](Cc8c[nH]c9ccccc89)C(=O)N[C@@H](CO)C(=O)O,5.75
2153,CHEMBL2336586,CC(C)C[C@H](NC(=O)[C@H](Cc1c[nH]c2ccccc12)NC(=O)[C@@H](N)CO)C(=O)N[C@@H](C)C(=O)N[C@@H](Cc3ccc(O)cc3)C(=O)N4CCC[C@H]4C(=O)NCC(=O)N[C@@H](C)C(=O)N[C@@H](C(C)C)C(=O)N[C@@H](CO)C(=O)N[C@@H](Cc5ccc(O)cc5)C(=O)N[C@@H](C)C(=O)O,4.54
2154,CHEMBL2336585,CC(C)C[C@H](NC(=O)[C@H](Cc1c[nH]c2ccccc12)NC(=O)[C@@H](N)CO)C(=O)N[C@@H](C)C(=O)N[C@@H](Cc3ccc(O)cc3)C(=O)N4CCC[C@H]4C(=O)NCC(=O)N[C@@H](C)C(=O)N[C@@H](C(C)C)C(=O)N[C@@H](CO)C(=O)N[C@@H](C)C(=O)N[C@@H](CCCNC(=N)N)C(=O)O,4.82
2155,CHEMBL2336584,CC(C)C[C@H](NC(=O)[C@H](Cc1c[nH]c2ccccc12)NC(=O)[C@@H](N)CO)C(=O)N[C@@H](C)C(=O)N[C@@H](Cc3ccc(O)cc3)C(=O)N4CCC[C@H]4C(=O)NCC(=O)N[C@@H](C)C(=O)N[C@@H](C(C)C)C(=O)N[C@@H](C)C(=O)N[C@@H](Cc5ccc(O)cc5)C(=O)N[C@@H](CCCNC(=N)N)C(=O)O,4.85
2156,CHEMBL2336583,CC(C)C[C@H](NC(=O)[C@H](Cc1c[nH]c2ccccc12)NC(=O)[C@@H](N)CO)C(=O)N[C@@H](C)C(=O)N[C@@H](Cc3ccc(O)cc3)C(=O)N4CCC[C@H]4C(=O)NCC(=O)N[C@@H](CO)C(=O)N[C@@H](C(C)C)C(=O)N[C@@H](CO)C(=O)N[C@@H](Cc5ccc(O)cc5)C(=O)N[C@@H](CCCNC(=N)N)C(=O)O,4.89
2157,CHEMBL2336582,CC(C)C[C@H](NC(=O)[C@H](Cc1c[nH]c2ccccc12)NC(=O)[C@@H](N)CO)C(=O)N[C@@H](C)C(=O)N[C@@H](Cc3ccc(O)cc3)C(=O)N4CCC[C@H]4C(=O)N[C@@H](C)C(=O)N[C@@H](C)C(=O)N[C@@H](C(C)C)C(=O)N[C@@H](CO)C(=O)N[C@@H](Cc5ccc(O)cc5)C(=O)N[C@@H](CCCNC(=N)N)C(=O)O,4.03
2161,CHEMBL2336578,CC(C)[C@H](NC(=O)[C@H](C)NC(=O)CNC(=O)[C@@H]1CCCN1C(=O)[C@H](Cc2ccc(O)cc2)NC(=O)[C@H](C)NC(=O)[C@H](C)NC(=O)[C@H](Cc3c[nH]c4ccccc34)NC(=O)[C@@H](N)CO)C(=O)N[C@@H](CO)C(=O)N[C@@H](Cc5ccc(O)cc5)C(=O)N[C@@H](CCCNC(=N)N)C(=O)O,4.62
2163,CHEMBL2336576,CC(C)C[C@H](NC(=O)[C@H](Cc1c[nH]c2ccccc12)NC(=O)[C@H](C)N)C(=O)N[C@@H](C)C(=O)N[C@@H](Cc3ccc(O)cc3)C(=O)N4CCC[C@H]4C(=O)NCC(=O)N[C@@H](C)C(=O)N[C@@H](C(C)C)C(=O)N[C@@H](CO)C(=O)N[C@@H](Cc5ccc(O)cc5)C(=O)N[C@@H](CCCNC(=N)N)C(=O)O,5.2
2230,CHEMBL3322972,COc1cc2c(Nc3cccc(Cl)c3)ncnc2cc1OCC4CN(CCO4)C(=O)OC(C)(C)C,5.92
2231,CHEMBL3322978,COc1cc2c(Nc3cccc(Cl)c3)ncnc2cc1OCC4CNCCO4,6.24
2232,CHEMBL3322973,COc1cc2c(Nc3cccc(Cl)c3)ncnc2cc1OCC4CN(C)CCO4,5.83
2233,CHEMBL3322974,COc1cc2c(Nc3cccc(Br)c3)ncnc2cc1OCC4CN(CCO4)C(=O)OC(C)(C)C,5.6
2234,CHEMBL3322979,COc1cc2c(Nc3cccc(Br)c3)ncnc2cc1OCC4CNCCO4,6.14
2235,CHEMBL3322975,COc1cc2c(Nc3cccc(Br)c3)ncnc2cc1OCC4CN(C)CCO4,6.13
2236,CHEMBL3322976,COc1cc2c(Nc3ccc(Br)cc3)ncnc2cc1OCC4CN(CCO4)C(=O)OC(C)(C)C,5.64
2237,CHEMBL3322980,COc1cc2c(Nc3ccc(Br)cc3)ncnc2cc1OCC4CNCCO4,6.14
2238,CHEMBL3322977,COc1cc2c(Nc3ccc(Br)cc3)ncnc2cc1OCC4CN(C)CCO4,6.17
2239,CHEMBL3322981,COc1cc2c(Nc3ccc(F)cc3)ncnc2cc1OCC4CNCCO4,6.21
2240,CHEMBL3322983,COc1cc2c(Nc3ccc(C)c(Cl)c3)ncnc2cc1OCC4CNCCO4,6.52
2241,CHEMBL3322984,COc1cc2c(Nc3cc(Cl)cc(Cl)c3)ncnc2cc1OCC4CNCCO4,6.02
2242,CHEMBL3322985,COc1cc2c(Nc3ccc(F)c(c3)C(F)(F)F)ncnc2cc1OCC4CNCCO4,5.49
2243,CHEMBL3322986,COc1cc2c(Nc3ccc(F)cc3C)ncnc2cc1OCC4CNCCO4,6.7
2244,CHEMBL3322987,COc1cc2c(Nc3ccc(Cl)cc3F)ncnc2cc1OCC4CNCCO4,6.8
2245,CHEMBL3322988,COc1cc2c(Nc3ccc(Cl)c(c3)C(F)(F)F)ncnc2cc1OCC4CNCCO4,6.77
2246,CHEMBL3322989,COc1cc2c(Nc3ccc(Br)cc3F)ncnc2cc1OCC4CNCCO4,6.35
2247,CHEMBL3322990,COc1cc2c(Nc3ccc(Br)cc3Cl)ncnc2cc1OCC4CNCCO4,6.64
2248,CHEMBL3322991,COc1cc2c(Nc3ccc(Br)c(C)c3)ncnc2cc1OCC4CNCCO4,6.5
2290,CHEMBL3735509,C[C@H](CCC(=O)N[C@@H](Cc1c[nH]c2ccc(O)cc12)C(=O)O)[C@H]3CC[C@H]4[C@@H]5CC=C6C[C@@H](O)CC[C@]6(C)[C@H]5CC[C@]34C,4.86
2298,CHEMBL3736171,C[C@H](CCC(=O)N1Cc2[nH]c3ccccc3c2C[C@H]1C(=O)O)[C@H]4CC[C@H]5[C@@H]6CC=C7C[C@H](CC[C@]7(C)[C@H]6CC[C@]45C)OC(=O)C,5.2
2299,CHEMBL3736006,C[C@H](CCC(=O)N[C@@H](Cc1c[nH]c2ccccc12)C(=O)O)[C@H]3CC[C@H]4[C@@H]5CC=C6C[C@H](CC[C@]6(C)[C@H]5CC[C@]34C)OC(=O)C,4.05
2300,CHEMBL3735992,C[C@H](CCC(=O)N[C@H](CC(=O)O)Cc1c[nH]c2ccccc12)[C@H]3CC[C@H]4[C@@H]5CC=C6C[C@@H](O)CC[C@]6(C)[C@H]5CC[C@]34C,5.37
2301,CHEMBL3736217,COc1ccc2[nH]cc(C[C@H](NC(=O)CC[C@@H](C)[C@H]3CC[C@H]4[C@@H]5CC=C6C[C@@H](O)CC[C@]6(C)[C@H]5CC[C@]34C)C(=O)O)c2c1,4.32
2304,CHEMBL3736176,C[C@H](CCC(=O)N[C@@H](Cc1c[nH]c2ccc(Br)cc12)C(=O)O)[C@H]3CC[C@H]4[C@@H]5CC=C6C[C@@H](O)CC[C@]6(C)[C@H]5CC[C@]34C,4.65
2305,CHEMBL3736070,C[C@H](CCC(=O)N[C@@H](Cc1c[nH]c2ccc(F)cc12)C(=O)O)[C@H]3CC[C@H]4[C@@H]5CC=C6C[C@@H](O)CC[C@]6(C)[C@H]5CC[C@]34C,5.05
2306,CHEMBL3736250,C[C@H](CCC(=O)N[C@@H](Cc1cccc2ccccc12)C(=O)O)[C@H]3CC[C@H]4[C@@H]5CC=C6C[C@@H](O)CC[C@]6(C)[C@H]5CC[C@]34C,5.39
2307,CHEMBL3734937,C[C@H](CCC(=O)N[C@@H](Cc1cn(C)c2ccccc12)C(=O)O)[C@H]3CC[C@H]4[C@@H]5CC=C6C[C@@H](O)CC[C@]6(C)[C@H]5CC[C@]34C,5.3
2310,CHEMBL3735472,C[C@H](CCC(=O)N[C@@H](COc1ccccc1)C(=O)O)[C@H]2CC[C@H]3[C@@H]4CC=C5C[C@@H](O)CC[C@]5(C)[C@H]4CC[C@]23C,4.3
2313,CHEMBL169264,C[C@H](CCC(=O)O)[C@H]1CC[C@H]2[C@@H]3CC=C4C[C@@H](O)CC[C@]4(C)[C@H]3CC[C@]12C,4.4
