,molecule_chembl_id,canonical_smiles,pchembl_value
0,dasatinib,CC1=NC(NC2=NC=C(S2)C(=O)NC2=C(C)C=CC=C2Cl)=CC(=N1)N1CCN(CCO)CC1,9.41
1,bosutinib,COc1cc(Nc2c(cnc3cc(OCCCN4CCN(C)CC4)c(OC)cc23)C#N)c(Cl)cc1Cl,8.08
2,CHEMBL3426917,[2H]C([2H])([2H])Oc1cc2nccc(Oc3ccc(NC(=O)Nc4cc(C)on4)c(Cl)c3)c2cc1OC([2H])([2H])[2H],7.57
3,CHEMBL3426225,CCn1nc(C#Cc2cc(ccc2C)C(=O)Nc3ccc(CN4CCN(C)CC4)c(c3)C(F)(F)F)c5c(N)ncnc15,7.59
4,CHEMBL386051,CSc1cccc(Nc2ncc3C=C(C(=O)N(C)c3n2)c4c(Cl)cccc4Cl)c1,7.72
5,CHEMBL1289494,COc1cc2nccc(Oc3ccc(NC(=O)Nc4cc(C)on4)c(Cl)c3)c2cc1OC,7.76
6,CHEMBL249097,Cc1ccc(O)cc1Nc2ccnc(Nc3cccc(c3)C(=O)N)n2,8.16
7,CHEMBL1230609,COc1cc2c(Oc3ccc(NC(=O)C4(CC4)C(=O)Nc5ccc(F)cc5)cc3F)ccnc2cc1OCCCN6CCOCC6,8.41
8,CHEMBL566515,COc1ccccc1n2c(cn3c4C(=O)NC(=O)N(C)c4nc23)c5cc(O)ccc5C,8.92
