,molecule_chembl_id,canonical_smiles,pchembl_value
0,dasatinib,CC1=NC(NC2=NC=C(S2)C(=O)NC2=C(C)C=CC=C2Cl)=CC(=N1)N1CCN(CCO)CC1,10.41
1,crizotinib,[H][C@](C)(OC1=C(N)N=CC(=C1)C1=CN(N=C1)C1CCNCC1)C1=C(Cl)C=CC(F)=C1Cl,8.22
2,CHEMBL572878,CN1CCN(CC1)c2cc(Nc3cc(C)[nH]n3)nc(Sc4ccc(NC(=O)C5CC5)cc4)n2,7.55
3,CHEMBL1908396,COc1cc(Oc2ccnc3cc(OC)c(OC)cc23)ccc1NC(=O)NC(C)c4nccs4,8.3
4,CHEMBL386051,CSc1cccc(Nc2ncc3C=C(C(=O)N(C)c3n2)c4c(Cl)cccc4Cl)c1,8.7
5,CHEMBL1230609,COc1cc2c(Oc3ccc(NC(=O)C4(CC4)C(=O)Nc5ccc(F)cc5)cc3F)ccnc2cc1OCCCN6CCOCC6,8.89
