,molecule_chembl_id,canonical_smiles,pchembl_value
0,dasatinib,CC1=NC(NC2=NC=C(S2)C(=O)NC2=C(C)C=CC=C2Cl)=CC(=N1)N1CCN(CCO)CC1,7.74
1,bosutinib,COc1cc(Nc2c(cnc3cc(OCCCN4CCN(C)CC4)c(OC)cc23)C#N)c(Cl)cc1Cl,9.11
2,CHEMBL180022,CCOc1cc2ncc(C#N)c(Nc3ccc(OCc4ccccn4)c(Cl)c3)c2cc1NC(=O)\C=C\CN(C)C,8.11
3,CHEMBL2408045,CNC(=O)CN1CCC(CC1)Oc2cc3c(Nc4cccc(Cl)c4F)ncnc3cc2OC,8.4
18,CHEMBL491473,COc1cc2c(Oc3ccc4[nH]c(C)cc4c3F)ncnc2cc1OCCCN5CCCC5,6.75
28,CHEMBL1421,Cc1nc(Nc2ncc(s2)C(=O)Nc3c(C)cccc3Cl)cc(n1)N4CCN(CCO)CC4,7.75
35,CHEMBL553,COCCOc1cc2ncnc(Nc3cccc(c3)C#C)c2cc1OCCOC,5.96
39,CHEMBL1173655,CN(C)C\C=C\C(=O)Nc1cc2c(Nc3ccc(F)c(Cl)c3)ncnc2cc1O[C@H]4CCOC4,5.35
40,CHEMBL1230609,COc1cc2c(Oc3ccc(NC(=O)C4(CC4)C(=O)Nc5ccc(F)cc5)cc3F)ccnc2cc1OCCCN6CCOCC6,5.82
42,CHEMBL1241674,CC(C)n1nc(c2cc3cc(O)ccc3[nH]2)c4c(N)ncnc14,6.92
43,CHEMBL24828,COc1cc2c(Nc3ccc(Br)cc3F)ncnc2cc1OCC4CCN(C)CC4,6.8
46,CHEMBL428690,CN1CC[C@@H]([C@H](O)C1)c2c(O)cc(O)c3C(=O)C=C(Oc23)c4ccccc4Cl,5.04
47,CHEMBL554,CS(=O)(=O)CCNCc1oc(cc1)c2ccc3ncnc(Nc4ccc(OCc5cccc(F)c5)c(Cl)c4)c3c2,5.26
49,CHEMBL572878,CN1CCN(CC1)c2cc(Nc3cc(C)[nH]n3)nc(Sc4ccc(NC(=O)C5CC5)cc4)n2,5.15
52,CHEMBL525191,OCCn1cc(c2ccc3\C(=N\O)\CCc3c2)c(n1)c4ccncc4,5.64
62,CHEMBL939,COc1cc2ncnc(Nc3ccc(F)c(Cl)c3)c2cc1OCCCN4CCOCC4,6.1
76,CHEMBL288441,COc1cc(Nc2c(cnc3cc(OCCCN4CCN(C)CC4)c(OC)cc23)C#N)c(Cl)cc1Cl,9.11
82,CHEMBL31965,Fc1ccc(Nc2ncnc3cc(OCCCN4CCOCC4)c(NC(=O)C=C)cc23)cc1Cl,6.68
89,CHEMBL386051,CSc1cccc(Nc2ncc3C=C(C(=O)N(C)c3n2)c4c(Cl)cccc4Cl)c1,6.85
92,CHEMBL2325101,Clc1ccc(cc1Cl)C2=NN(C(C2)c3ccc4ccccc4c3)c5ccccc5,4.45
93,CHEMBL2325100,Cc1ccc(cc1)C2=NN(C(C2)c3ccc4ccccc4c3)c5ccccc5,4.34
94,CHEMBL2325092,COc1ccc(cc1)C2=NN(C(C2)c3cccc4ccccc34)c5ccccc5,4.4
95,CHEMBL2325087,NC(=S)N1N=C(CC1c2ccc3ccccc3c2)c4ccc(Cl)c(Cl)c4,4.29
96,CHEMBL2324873,Cc1ccc(cc1)C2=NN(C(C2)c3ccc4ccccc4c3)C(=S)N,4.2
97,CHEMBL2325106,COc1ccc(cc1)C2=NN(C(C2)c3cccc4ccccc34)C(=S)N,4.26
