,molecule_chembl_id,canonical_smiles,pchembl_value
0,CHEMBL3355996,CN1CCCC(C1)Nc2nccc(n2)c3cccnc3Oc4ccc(Nc5nc6ccccc6[nH]5)c7ccccc47,7.54
1,CHEMBL3665043,NC(=O)c1cccc(c1)c2ccc3c(C=O)c(O)ccc3c2,7.59
2,CHEMBL3665082,COc1ccc(C\N=C\c2cc(cc(OC)c2O)c3cccs3)cc1,7.64
3,CHEMBL3665027,Oc1ccc2cc(ccc2c1C=O)c3cccnc3,7.64
4,CHEMBL3660320,COc1cc(cc(C=O)c1O)c2cccs2,7.66
5,CHEMBL3356008,Cc1ccc2c(NS(=O)(=O)c3ccccc3Cl)cccc2c1Oc4ncccc4c5ccnc(N[C@@H]6CC[C@@H](N)CC6)n5,7.66
6,CHEMBL388978,CN[C@@H]1C[C@H]2O[C@@](C)([C@@H]1OC)n3c4ccccc4c5c6CNC(=O)c6c7c8ccccc8n2c7c35,7.68
7,CHEMBL3660455,COC(=O)c1ccc(cc1)c2cc(C=O)c(O)c(c2)[N+](=O)[O-],7.68
8,CHEMBL3665022,COc1cc(cc(C=O)c1O)c2cccc(c2)C(=O)NC3CCCCC3,7.72
9,CHEMBL3665083,COc1cc(cc(\C=N/CCO)c1O)c2cccs2,7.82
10,CHEMBL3355993,CN(C)CCNc1nccc(n1)c2cccnc2Oc3c(C)cc(Nc4nc5ccccc5[nH]4)c6ccccc36,7.85
11,CHEMBL3356007,Cc1cc(NS(=O)(=O)c2ccccc2Cl)c3ccccc3c1Oc4ncccc4c5ccnc(N[C@@H]6CC[C@@H](N)CC6)n5,7.85
12,CHEMBL3356003,Cc1cc(Nc2oc3ccccc3n2)c4ccccc4c1Oc5ncccc5c6ccnc(N[C@@H]7CC[C@@H](N)CC7)n6,7.85
13,CHEMBL3356009,Cc1ccc2c(NS(=O)(=O)c3ccccc3Cl)cccc2c1Oc4ncccc4c5ccnc(N[C@H]6CCCNC6)n5,7.89
14,CHEMBL3356006,Cc1cc(NS(=O)(=O)c2ccccc2C#N)c3ccccc3c1Oc4ncccc4c5ccnc(N[C@@H]6CC[C@@H](N)CC6)n5,7.92
15,CHEMBL3355999,N[C@@H]1CC[C@H](CC1)Nc2nccc(n2)c3cccnc3Oc4ccc(Nc5nc6ccccc6[nH]5)c7ccccc47,7.96
16,CHEMBL3355998,C1CNC[C@H](C1)Nc2nccc(n2)c3cccnc3Oc4ccc(Nc5nc6ccccc6[nH]5)c7ccccc47,8.01
17,CHEMBL3356001,Cc1cc(Nc2nc3ccccc3[nH]2)c4ccccc4c1Oc5ncccc5c6ccnc(N[C@@H]7CC[C@@H](N)CC7)n6,8.19
18,CHEMBL3665025,COc1cc(cc(C=O)c1O)c2cccc(c2)C(=O)NCc3ccccc3,8.22
19,CHEMBL603469,C[C@]12O[C@H](C[C@]1(O)CO)n3c4ccccc4c5c6C(=O)NCc6c7c8ccccc8n2c7c35,8.24
20,CHEMBL3356002,Cc1cc(Nc2nc3ccccc3[nH]2)c4ccccc4c1Oc5ncccc5c6ccnc(N[C@H]7CCCNC7)n6,8.29
21,CHEMBL3665060,CN1CCN(CC1)C(=O)c2ccc(s2)c3ccc4c(C=O)c(O)ccc4c3,8.3
22,CHEMBL3665053,CC(C)NC(=O)c1cccc(c1)c2ccc3c(C=O)c(O)ccc3c2,8.52
10,CHEMBL608533,CO[C@@H]1[C@@H](C[C@H]2O[C@]1(C)n3c4ccccc4c5c6CNC(=O)c6c7c8ccccc8n2c7c35)N(C)C(=O)c9ccccc9,5.64
11,CHEMBL535,CCN(CC)CCNC(=O)c1c(C)[nH]c(\C=C\2/C(=O)Nc3ccc(F)cc23)c1C,6.22
21,CHEMBL491473,COc1cc2c(Oc3ccc4[nH]c(C)cc4c3F)ncnc2cc1OCCCN5CCCC5,6.29
26,CHEMBL1789941,N#CC[C@H](C1CCCC1)n2cc(cn2)c3ncnc4[nH]ccc34,5.6
32,CHEMBL509032,COc1cc(ccc1Nc2ncc(Cl)c(Nc3ccccc3S(=O)(=O)C(C)C)n2)N4CCC(CC4)N5CCN(C)CC5,6.75
33,CHEMBL502835,COC(=O)c1ccc2\C(=C(\Nc3ccc(cc3)N(C)C(=O)CN4CCN(C)CC4)/c5ccccc5)\C(=O)Nc2c1,5.7
34,CHEMBL1908395,Cl.CN(C)CC(=O)N1CCC(CC1)c2ccc(NC(=O)c3nc(c[nH]3)C#N)c(c2)C4=CCCCC4,5.24
41,CHEMBL1287853,Cc1cnc(Nc2ccc(OCCN3CCCC3)cc2)nc1Nc4cccc(c4)S(=O)(=O)NC(C)(C)C,5.92
43,CHEMBL1908397,O=C(N1CCNCC1)c2ccc(\C=C\c3n[nH]c4ccccc34)cc2,5.46
51,CHEMBL572878,CN1CCN(CC1)c2cc(Nc3cc(C)[nH]n3)nc(Sc4ccc(NC(=O)C5CC5)cc4)n2,5.25
53,CHEMBL249697,Cc1ccc2nc(NCCN)c3ncc(C)n3c2c1,6.0
56,CHEMBL475251,COc1cc(Nc2ncc(F)c(Nc3ccc4OC(C)(C)C(=O)Nc4n3)n2)cc(OC)c1OC,5.8
75,CHEMBL574738,CCN1CCN(Cc2ccc(NC(=O)Nc3ccc(Oc4cc(NC)ncn4)cc3)cc2C(F)(F)F)CC1,5.22
92,CHEMBL1721885,Cc1[nH]c(\C=C\2/C(=O)Nc3ccc(F)cc23)c(C)c1C(=O)NC[C@H](O)CN4CCOCC4,5.72
100,CHEMBL3192687,Oc1ccc2ccccc2c1\C=N\S(=O)(=O)c3cccs3,5.0
101,CHEMBL3265255,Oc1ccc2ccccc2c1C=O,5.01
102,CHEMBL272357,CC1=CC(=O)Oc2c(C=O)c(O)ccc12,6.69
112,CHEMBL3265261,Oc1ccc2C3=C(CN(CC3)C(=O)OCC=C)C(=O)Oc2c1C=O,6.96
115,CHEMBL3265264,Oc1ccc2C3=C(CN(CC3)C(=O)OCC=C)C(=O)Oc2c1C4OCCCO4,5.52
116,CHEMBL3265265,Oc1ccc2C3=C(CN(CC3)C(=O)OCC=C)C(=O)Oc2c1C4SCCCS4,4.79
119,CHEMBL3265268,Oc1ccc2C3=C(CNCC3)C(=O)Oc2c1C4OCCCO4,5.91
120,CHEMBL3265269,CC(=O)N1CCC2=C(C1)C(=O)Oc3c(C=O)c(O)ccc23,6.51
121,CHEMBL3265270,CN1CCC2=C(C1)C(=O)Oc3c(C=O)c(O)ccc23,6.7
122,CHEMBL3265271,Oc1ccc2C3=C(CN(Cc4ccccc4)CC3)C(=O)Oc2c1C=O,6.95
123,CHEMBL3265272,Oc1ccc2C3=C(CN(Cc4ccc(F)cc4)CC3)C(=O)Oc2c1C=O,6.52
124,CHEMBL3265273,CC(=C)CN1CCC2=C(C1)C(=O)Oc3c(C=O)c(O)ccc23,6.59
125,CHEMBL3265274,NC(=N)N1CCC2=C(C1)C(=O)Oc3c(C=O)c(O)ccc23,7.33
128,CHEMBL3265277,CCOC(=O)\C=C\c1c(O)ccc2C3=C(CN(CC3)C(=O)OCC=C)C(=O)Oc12,5.77
130,CHEMBL3265279,OC(=O)c1c(O)ccc2C3=C(CN(CC3)C(=O)OCC=C)C(=O)Oc12,5.39
131,CHEMBL3265280,COC(=O)c1c(O)ccc2C3=C(CN(CC3)C(=O)OCC=C)C(=O)Oc12,5.25
133,CHEMBL3265282,Oc1ccc2C(=CC(=O)Oc2c1C=O)CNC(=O)OCC=C,6.33
134,CHEMBL3265283,Oc1ccc2C(=CC(=O)Oc2c1C=O)CCNC(=O)OCC=C,6.53
135,CHEMBL3265284,Oc1ccc2C(=CC(=O)Oc2c1C=O)CCCNC(=O)OCC=C,6.74
136,CHEMBL3265285,Oc1ccc2C(=CC(=O)Oc2c1C=O)CCCCNC(=O)OCC=C,6.93
137,CHEMBL3265286,Oc1ccc2C3=C(CN(CCC3)C(=O)OCC=C)C(=O)Oc2c1C=O,6.93
138,CHEMBL3265287,Oc1ccc2C3=C(CN(CCCC3)C(=O)OCC=C)C(=O)Oc2c1C=O,6.82
142,CHEMBL3356000,N[C@@H]1CC[C@@H](CC1)Nc2nccc(n2)c3cccnc3Oc4ccc(Nc5nc6ccccc6[nH]5)c7ccccc47,7.37
146,CHEMBL3356004,Cc1cc(NS(=O)(=O)c2ccccc2)c3ccccc3c1Oc4ncccc4c5ccnc(N[C@@H]6CC[C@@H](N)CC6)n5,7.35
147,CHEMBL3356005,COc1ccccc1S(=O)(=O)Nc2cc(C)c(Oc3ncccc3c4ccnc(N[C@@H]5CC[C@@H](N)CC5)n4)c6ccccc26,7.27
152,CHEMBL3356010,N[C@@H]1CC[C@H](CC1)Nc2nccc(n2)c3cccnc3Oc4ccc(NS(=O)(=O)c5ccccc5Cl)c6ccccc46,7.51
155,CHEMBL3355997,C1CNC[C@@H](C1)Nc2nccc(n2)c3cccnc3Oc4ccc(Nc5nc6ccccc6[nH]5)c7ccccc47,7.29
157,CHEMBL3355995,OCCNc1nccc(n1)c2cccnc2Oc3ccc(Nc4nc5ccccc5[nH]4)c6ccccc36,6.77
160,CHEMBL3355992,CN(C)CCNc1nccc(n1)c2cccnc2Oc3ccc(Nc4nc5ccccc5[nH]4)c6ccccc36,7.15
165,CHEMBL3660308,COc1cc(Br)c(Br)c(C=O)c1O,7.52
166,CHEMBL3660309,Oc1c(C=O)cc(cc1[N+](=O)[O-])c2cccs2,7.52
167,CHEMBL3660310,Oc1c(F)cc(cc1C=O)c2cccs2,7.4
168,CHEMBL3660311,Oc1c(F)cc(cc1C=O)c2cncnc2,7.16
169,CHEMBL93215,COc1ccc(Br)c(C=O)c1O,7.1
170,CHEMBL3660312,Oc1ccc(cc1C=O)c2cccs2,7.0
171,CHEMBL3660313,COc1cc(cc(C=O)c1O)c2ccc3OCCCOc3c2,6.96
172,CHEMBL3660314,COc1cc(C)cc(C=O)c1O,6.92
173,CHEMBL3660315,COc1cc(cc(C=O)c1O)[N+](=O)[O-],6.77
174,CHEMBL3660316,COc1cc(cc(C=O)c1O)c2cccc(c2)C(=O)O,6.77
175,CHEMBL3660317,COc1cc(Br)cc(C=O)c1O,6.62
176,CHEMBL3660318,COCc1ccc(cc1)c2cc(OC)c(O)c(C=O)c2,6.62
177,CHEMBL3660319,COc1cc(cc(C=O)c1O)c2ccc3OCOc3c2,6.6
179,CHEMBL3660321,COc1cc(Cl)cc(C=O)c1O,6.55
180,CHEMBL3660322,COc1cc(cc(C=O)c1O)c2cnn(C)c2,6.52
181,CHEMBL3660323,COc1cc(cc(C=O)c1O)c2ccc(O)cc2,6.46
182,CHEMBL3660324,COc1ccc(cc1OC)c2cc(OC)c(O)c(C=O)c2,6.42
183,CHEMBL3660325,COc1cccc(c1F)c2cc(OC)c(O)c(C=O)c2,6.42
184,CHEMBL3660326,COc1cc(cc(C=O)c1O)c2ccc(CO)cc2,6.41
185,CHEMBL3660327,Oc1c(C=O)cc(Cl)cc1C=O,6.4
186,CHEMBL3660328,COc1cc(cc(C=O)c1O)c2ccccc2F,6.4
187,CHEMBL3660329,COc1cccc(c1)c2cc(OC)c(O)c(C=O)c2,6.4
188,CHEMBL3660330,COc1cc(cc(C=O)c1O)c2ccc3OCCc3c2,6.39
189,CHEMBL3660331,Oc1c(I)cc(I)cc1C=O,6.36
190,CHEMBL3660332,COc1ccc(c(OC)n1)c2cc(C=O)c(O)c(c2)[N+](=O)[O-],6.29
191,CHEMBL3660333,COc1cc(cc(C=O)c1O)c2ccc3OCCOc3c2,6.27
192,CHEMBL3660334,Cc1onc(C)c1c2cc(C=O)c(O)c(C=O)c2,6.26
193,CHEMBL3660335,COCc1cccc(c1)c2cc(OC)c(O)c(C=O)c2,6.24
194,CHEMBL3660336,COc1cc(cc(C=O)c1O)c2ccncc2,6.24
196,CHEMBL3660337,COc1cc(cc(C=O)c1O)c2cc(F)ccc2OC,6.13
197,CHEMBL3660338,COc1ccc(c(F)c1)c2cc(OC)c(O)c(C=O)c2,6.13
198,CHEMBL3660339,COc1cc(cc(C=O)c1O)c2cc(OC)c(OC)c(OC)c2,6.1
199,CHEMBL3660340,CCOc1ccc(cc1)c2cc(OC)c(O)c(C=O)c2,6.0
200,CHEMBL3660341,COc1ccc(cc1F)c2cc(OC)c(O)c(C=O)c2,6.0
201,CHEMBL3660342,COc1cc(cc(C=O)c1O)c2ccc(OC(C)C)cc2,5.97
202,CHEMBL3660343,CCOc1ccc(cc1Cl)c2cc(OC)c(O)c(C=O)c2,5.96
203,CHEMBL3660344,Oc1ccc(cc1C=O)[N+](=O)[O-],5.89
204,CHEMBL3660345,COc1cc(cc(C=O)c1O)c2ccccc2Cl,5.89
205,CHEMBL3660346,Oc1c(Br)cc(Cl)cc1C=O,5.89
206,CHEMBL3660347,COc1ccc(c(OC)c1)c2cc(OC)c(O)c(C=O)c2,5.89
207,CHEMBL3660348,COc1cc(cc(C=O)c1O)c2ccc(OC)c(OC)c2OC,5.88
208,CHEMBL207194,Oc1ccc(Br)cc1C=O,5.88
209,CHEMBL3660349,COc1ccc(cc1)c2cc(OC)c(O)c(C=O)c2,5.86
210,CHEMBL3660350,Oc1ccc(I)cc1C=O,5.85
211,CHEMBL3660351,CCCOc1cccc(c1)c2cc(OC)c(O)c(C=O)c2,5.83
212,CHEMBL3660352,COc1cc(cc(C=O)c1O)c2ccccc2OC,5.8
213,CHEMBL3660353,COc1cc(cc(C=O)c1O)c2cc(Cl)ccc2OC,5.79
214,CHEMBL2063877,Oc1c(Cl)cc(Cl)cc1C=O,5.76
215,CHEMBL3660354,COc1cc(cc(C=O)c1O)c2ccc(Cl)cc2,5.74
216,CHEMBL3660355,COc1cc(cc(C=O)c1O)c2ccc3ccccc3c2,5.72
217,CHEMBL3660356,CCCOc1ccc(cc1)c2cc(OC)c(O)c(C=O)c2,5.71
218,CHEMBL3660357,COc1c(O)c(C=O)cc2ccccc12,5.65
219,CHEMBL13859,COc1cccc(C=O)c1O,5.63
220,CHEMBL3660358,CCOc1ccc(c(Cl)c1)c2cc(OC)c(O)c(C=O)c2,5.57
221,CHEMBL3660359,Oc1c(F)cccc1C=O,5.55
222,CHEMBL3660360,Oc1c(F)cc(F)cc1C=O,5.51
223,CHEMBL3660361,Oc1ccc(Cl)cc1C=O,5.51
224,CHEMBL3660362,COc1cc(cc(C=O)c1O)c2cccc(OCc3ccccc3)c2,5.39
225,CHEMBL3660363,Oc1c(C=O)cccc1[N+](=O)[O-],5.26
226,CHEMBL3660364,COc1cc(cc(C=O)c1O)c2ccc(OCc3ccccc3)c(F)c2,5.26
228,CHEMBL3660365,COc1cc(cc(C=O)c1O)c2ccc(Oc3ccccc3)cc2,5.2
229,CHEMBL3660366,Oc1c(C=O)cc(Br)cc1[N+](=O)[O-],5.18
230,CHEMBL3660367,COc1cc(O)c(C=O)c(OC)c1,5.17
231,CHEMBL3660368,COc1ccc(c(C=O)c1O)c2ccncc2,5.12
232,CHEMBL3660369,COc1ccc(c(C=O)c1O)c2ccc(cc2)C(C)C,5.09
233,CHEMBL3660370,COc1cc(cc(C=O)c1O)c2ccccc2OCc3ccccc3,5.07
234,CHEMBL3660371,COc1ccc(O)c(C=O)c1,5.05
235,CHEMBL3660372,COc1ccc(c(OC)n1)c2cc(OC)c(O)c(C=O)c2,5.03
236,CHEMBL3660373,COc1cc(cc(C=O)c1O)c2ccc(cc2)C(C)C,5.03
237,CHEMBL3660374,COc1ccc(c(C=O)c1O)c2ccc3ccccc3c2,5.01
239,CHEMBL491995,Oc1cccc(C=O)c1O,4.69
243,CHEMBL3660376,Oc1ccc(cc1C=O)c2ccncc2,6.83
244,CHEMBL3660377,Oc1c(F)cc(cc1C=O)c2cccnc2,6.79
245,CHEMBL3660378,COc1cc(cc(C=O)c1O)c2cccnc2,6.83
246,CHEMBL3660379,COc1cc(cc(C=O)c1O)c2ccc(C)s2,6.13
247,CHEMBL3660380,COc1ccc(cn1)c2cc(F)c(O)c(C=O)c2,6.78
248,CHEMBL3660381,COc1cc(cc(C=O)c1O)c2ccc(s2)C(=O)C,7.01
249,CHEMBL3660382,COc1ccc(cn1)c2cc(C=O)c(O)c(c2)[N+](=O)[O-],6.46
250,CHEMBL3660383,COc1cc(cc(C=O)c1O)c2cccc3ncccc23,6.03
251,CHEMBL3660384,Oc1c(F)cc(cc1C=O)c2cccc3ncccc23,6.52
252,CHEMBL3660385,Oc1c(C=O)cc(cc1[N+](=O)[O-])c2cccc3ncccc23,5.48
253,CHEMBL3660386,COc1cc(cc(C=O)c1O)c2cncc3ccccc23,7.0
254,CHEMBL3660387,COc1ccc(cn1)c2cc(OC)c(O)c(C=O)c2,7.13
255,CHEMBL3660388,Oc1c(C=O)cc(cc1[N+](=O)[O-])c2csc3ccccc23,5.63
256,CHEMBL3660389,COc1cc(cc(C=O)c1O)c2oc3ccccc3c2,7.09
257,CHEMBL3660390,Cc1onc(C)c1c2cc(F)c(O)c(C=O)c2,6.0
258,CHEMBL3660391,Oc1c(F)cc(cc1C=O)c2occc2,6.72
259,CHEMBL3660392,Oc1c(C=O)cc(cc1C(F)(F)F)c2cccnc2,6.1
260,CHEMBL3660393,CC(=O)c1ccc(s1)c2cc(F)c(O)c(C=O)c2,7.34
261,CHEMBL3660394,Oc1c(F)cc(cc1C=O)c2cncc3ccccc23,6.98
262,CHEMBL3660395,Oc1c(C=O)cc(cc1[N+](=O)[O-])c2cncc3ccccc23,6.12
263,CHEMBL3660396,Oc1c(C=O)cc(cc1C(F)(F)F)c2cncc3ccccc23,6.79
264,CHEMBL3660397,COc1cc(cc(C=O)c1O)c2cn[nH]c2,6.51
265,CHEMBL3660398,Cn1cc(cn1)c2cc(F)c(O)c(C=O)c2,6.63
266,CHEMBL3660399,Cn1cc(cn1)c2cc(C=O)c(O)c(c2)[N+](=O)[O-],6.27
269,CHEMBL3660400,COC(=O)c1ccc(cc1)c2cc(OC)c(O)c(C=O)c2,5.13
272,CHEMBL3639592,Oc1ccc(cc1C=O)c2cncnc2,6.77
273,CHEMBL3660401,COc1cc(cc(C=O)c1O)c2cncnc2,7.41
274,CHEMBL3660402,Oc1c(C=O)cc(cc1[N+](=O)[O-])c2cncnc2,6.48
275,CHEMBL3660403,COc1cc(cc(C=O)c1O)c2c(C)onc2C,5.95
278,CHEMBL3660404,COc1ccc(c(C=O)c1O)c2cccs2,6.46
279,CHEMBL3660405,Oc1c(C=O)cc(cc1[N+](=O)[O-])c2ccsc2,6.4
280,CHEMBL3660406,COc1cc(cc(C=O)c1O)c2cc3ccccc3s2,5.41
281,CHEMBL3660407,COc1cc(cc(C=O)c1O)c2csc3ccccc23,5.83
282,CHEMBL3660408,COc1cc(cc(C=O)c1O)c2ccsc2,6.7
283,CHEMBL3660409,Oc1ccc(cc1C=O)c2ccsc2,6.16
284,CHEMBL3660410,Cc1onc(C)c1c2ccc(O)c(C=O)c2,6.0
285,CHEMBL3660411,Cc1onc(C)c1c2cc(C=O)c(O)c(c2)[N+](=O)[O-],5.51
286,CHEMBL3660412,Oc1ccc(cc1C=O)c2ccc3OCCc3c2,5.75
287,CHEMBL3660413,Oc1c(F)cc(cc1C=O)c2ccc3OCCc3c2,6.42
288,CHEMBL3660414,Oc1c(F)cc(cc1C=O)c2ccsc2,7.13
290,CHEMBL3660416,Oc1ccc(cc1C=O)c2csc3ccccc23,5.35
291,CHEMBL3660417,Oc1ccc(cc1C=O)c2cocc2,6.36
292,CHEMBL3660418,COc1cc(cc(C=O)c1O)c2cocc2,6.94
293,CHEMBL3660419,COc1cc(cc(C=O)c1O)c2occc2,7.22
294,CHEMBL3660420,Oc1c(C=O)cc(cc1[N+](=O)[O-])c2occc2,6.65
295,CHEMBL3660421,Oc1c(C=O)cc(cc1[N+](=O)[O-])c2cocc2,7.09
296,CHEMBL3660422,Oc1c(C=O)cc(cc1[N+](=O)[O-])c2cc3ccccc3s2,6.38
297,CHEMBL3660423,Oc1c(F)cc(cc1C=O)c2cocc2,7.06
298,CHEMBL3660424,Oc1c(F)cc(cc1C=O)c2cc3ccccc3s2,5.79
299,CHEMBL3660425,Oc1c(C=O)cc(cc1C(F)(F)F)c2cccs2,6.15
300,CHEMBL3660426,Oc1ccc(cc1C=O)c2cccnc2,6.85
301,CHEMBL3660427,Oc1c(F)cc(cc1C=O)c2csc3ccccc23,6.34
302,CHEMBL3660428,COc1cc(cc(C=O)c1O)c2ccc(cc2)C(=O)N,7.09
303,CHEMBL3660429,COc1cc(cc(C=O)c1O)c2cccc(c2)C(=O)N(C)C,6.38
304,CHEMBL3660430,COc1cc(cc(C=O)c1O)c2ccc(cc2)C(=O)N(C)C,6.79
305,CHEMBL3660431,COc1cc(cc(C=O)c1O)c2cccc(c2)C(=O)N3CCOCC3,6.1
306,CHEMBL3660432,COc1cc(cc(C=O)c1O)c2cccc(c2)C(=O)N,6.76
307,CHEMBL3660433,COc1cc(cc(C=O)c1O)c2ccc(cc2)S(=O)(=O)C,6.42
308,CHEMBL3660434,NC(=O)c1cccc(c1)c2cc(F)c(O)c(C=O)c2,7.34
309,CHEMBL3660435,NC(=O)c1cccc(c1)c2cc(C=O)c(O)c(c2)C(F)(F)F,6.63
310,CHEMBL3660436,Oc1c(C=O)cc(cc1[N+](=O)[O-])c2cccc(c2)C(=O)N3CCOCC3,5.92
311,CHEMBL3660437,CS(=O)(=O)c1ccc(cc1)c2cc(C=O)c(O)c(c2)[N+](=O)[O-],5.55
312,CHEMBL3660438,CN(C)C(=O)c1ccc(cc1)c2cc(C=O)c(O)c(c2)[N+](=O)[O-],6.39
313,CHEMBL3660439,Oc1c(C=O)cc(cc1C(F)(F)F)c2ccc(cc2)C(=O)N3CCOCC3,6.46
314,CHEMBL3660440,COc1cc(cc(C=O)c1O)c2ccc(cc2)C(=O)O,6.27
315,CHEMBL3660441,CN(C)C(=O)c1cccc(c1)c2cc(C=O)c(O)c(c2)C(F)(F)F,5.44
316,CHEMBL3660442,CCOC(=O)c1ccccc1c2cc(OC)c(O)c(C=O)c2,5.48
317,CHEMBL3660443,COC(=O)c1cccc(c1)c2cc(OC)c(O)c(C=O)c2,6.72
318,CHEMBL3660444,COC(=O)c1cccc(c1)c2cc(C=O)c(O)c(c2)[N+](=O)[O-],6.13
319,CHEMBL3660445,COc1cc(cc(C=O)c1O)c2ccccc2C(=O)O,5.32
320,CHEMBL3660446,CCOC(=O)c1ccc(s1)c2cc(OC)c(O)c(C=O)c2,5.77
321,CHEMBL3660447,COc1cc(cc(C=O)c1O)c2ccc(s2)C(=O)O,6.64
322,CHEMBL3660448,NC(=O)c1ccc(cc1)c2ccc(O)c(C=O)c2,6.88
323,CHEMBL3660449,COC(=O)c1ccc(cc1)c2cc(F)c(O)c(C=O)c2,6.67
324,CHEMBL3660450,COC(=O)c1cccc(c1)c2cc(F)c(O)c(C=O)c2,6.33
325,CHEMBL3660451,OC(=O)c1cccc(c1)c2cc(F)c(O)c(C=O)c2,6.31
326,CHEMBL3660452,NC(=O)c1cccc(c1)c2ccc(O)c(C=O)c2,6.71
327,CHEMBL3660453,CN(C)C(=O)c1cccc(c1)c2ccc(O)c(C=O)c2,6.83
328,CHEMBL3660454,OC(=O)c1cccc(c1)c2cc(C=O)c(O)c(c2)[N+](=O)[O-],6.88
330,CHEMBL3660456,NC(=O)c1cccc(c1)c2cc(C=O)c(O)c(c2)[N+](=O)[O-],7.5
331,CHEMBL3660457,NC(=O)c1ccc(cc1)c2cc(C=O)c(O)c(c2)[N+](=O)[O-],6.81
332,CHEMBL3660458,CN(C)C(=O)c1cccc(c1)c2cc(C=O)c(O)c(c2)[N+](=O)[O-],5.91
333,CHEMBL3660459,OC(=O)c1ccc(cc1)c2cc(C=O)c(O)c(c2)[N+](=O)[O-],7.0
334,CHEMBL3660460,OC(=O)c1cccc(c1)c2ccc(O)c(C=O)c2,6.43
335,CHEMBL3660461,COC(=O)c1ccc(cc1)c2ccc(O)c(C=O)c2,6.46
336,CHEMBL3660462,COc1ccc(c(C=O)c1O)c2cncnc2,4.7
337,CHEMBL3660463,Oc1ccc(cc1C=O)c2occc2,6.65
338,CHEMBL3660464,COc1cc(cc(C=O)c1O)c2ccc(nc2)N3CCOCC3,6.44
339,CHEMBL3660465,OC(=O)c1ccc(cc1)c2cc(F)c(O)c(C=O)c2,6.67
340,CHEMBL3660466,NC(=O)c1ccc(cc1)c2cc(F)c(O)c(C=O)c2,7.07
341,CHEMBL3660467,CN(C)C(=O)c1cccc(c1)c2cc(F)c(O)c(C=O)c2,6.2
342,CHEMBL3660468,COC(=O)c1cccc(c1)c2ccc(O)c(C=O)c2,6.38
343,CHEMBL3660469,CN(C)C(=O)c1ccc(cc1)c2ccc(O)c(C=O)c2,6.38
344,CHEMBL3660470,Oc1ccc(cc1C=O)c2cccc(c2)C(=O)N3CCOCC3,6.18
345,CHEMBL3660471,Oc1ccc(cc1C=O)c2cccc(c2)C(=O)N3CCCCC3,6.4
346,CHEMBL3660472,OC(=O)c1ccc(cc1)c2ccc(O)c(C=O)c2,6.76
348,CHEMBL3660473,CN(C)C(=O)c1ccc(cc1)c2cc(F)c(O)c(C=O)c2,6.34
350,CHEMBL3660474,Oc1c(C=O)cc(cc1C(F)(F)F)c2cocc2,6.1
351,CHEMBL3660475,CN1CCN(CC1)C(=O)c2cccc(c2)c3cc(C=O)c(O)c(c3)[N+](=O)[O-],5.71
352,CHEMBL3660476,CC(C)NC(=O)c1cccc(c1)c2ccc(O)c(C=O)c2,6.31
353,CHEMBL3660477,Oc1ccc(cc1C=O)c2cccc(c2)C(=O)NC3CCCCC3,6.8
354,CHEMBL3660478,CCCNC(=O)c1cccc(c1)c2ccc(O)c(C=O)c2,7.0
355,CHEMBL3660479,Oc1ccc(cc1C=O)c2cccc(c2)C(=O)NCc3ccccc3,6.98
356,CHEMBL3660480,CC(C)NC(=O)c1cccc(c1)c2cc(F)c(O)c(C=O)c2,6.6
357,CHEMBL3665017,Oc1ccc(cc1C=O)c2cccc(c2)C(=O)NCCN3CCOCC3,7.08
358,CHEMBL3665018,COc1cc(cc(C=O)c1O)c2ccc(s2)C(=O)N3CCN(C)CC3,6.41
359,CHEMBL3665019,CN1CCN(CC1)C(=O)c2cccc(c2)c3cc(F)c(O)c(C=O)c3,6.41
360,CHEMBL3665020,Oc1ccc(cc1C=O)c2cccc(c2)C(=O)NCCN3CCCCC3,7.18
361,CHEMBL3665021,COc1ccc(CNC(=O)c2cccc(c2)c3cc(F)c(O)c(C=O)c3)cc1,7.4
363,CHEMBL3665023,COc1cc(cc(C=O)c1O)c2cccc(c2)C(=O)N3CCN(C)CC3,6.4
364,CHEMBL3665024,CCCNC(=O)c1cccc(c1)c2cc(C=O)c(O)c(c2)[N+](=O)[O-],7.03
366,CHEMBL3665026,COc1cc(cc(C=O)c1O)c2ccc(s2)C(=O)N3CCOCC3,6.19
369,CHEMBL3665028,Oc1ccc2cc(ccc2c1C=O)c3cncnc3,7.18
370,CHEMBL3665029,Oc1ccc2cc(ccc2c1C=O)c3cccc(c3)C(=O)N4CCOCC4,7.13
371,CHEMBL3665030,OC(=O)c1cccc(c1)c2ccc3c(C=O)c(O)ccc3c2,7.1
372,CHEMBL3665031,CN(C)C(=O)c1ccc(cc1)c2ccc3c(C=O)c(O)ccc3c2,7.44
373,CHEMBL3665032,Oc1ccc2cc(ccc2c1C=O)c3cocc3,5.38
374,CHEMBL3665033,OCc1ccc(cc1)c2ccc3c(C=O)c(O)ccc3c2,5.7
375,CHEMBL3665034,COc1ccc(cn1)c2ccc3c(C=O)c(O)ccc3c2,5.06
376,CHEMBL3665035,Oc1ccc2cc(ccc2c1C=O)c3ccsc3,5.03
377,CHEMBL3665036,Oc1ccc2cc(ccc2c1C=O)c3cncc4ccccc34,4.92
378,CHEMBL3665037,Oc1ccc2cc(ccc2c1C=O)c3cccc4ncccc34,5.2
383,CHEMBL3665042,NC(=O)c1ccc(cc1)c2ccc3c(C=O)c(O)ccc3c2,6.06
385,CHEMBL3665044,CN(C)C(=O)c1cccc(c1)c2ccc3c(C=O)c(O)ccc3c2,6.9
386,CHEMBL3665045,OC(=O)c1ccc(cc1)c2ccc3c(C=O)c(O)ccc3c2,6.23
388,CHEMBL3665047,Oc1ccc2cc(ccc2c1C=O)c3ccc(Cl)nc3,5.25
389,CHEMBL3665048,CCOC(=O)c1ccc(s1)c2ccc3c(C=O)c(O)ccc3c2,4.81
390,CHEMBL3665049,OC(=O)c1cccc(n1)c2ccc3c(C=O)c(O)ccc3c2,6.9
391,CHEMBL3665050,Oc1ccc2cc(ccc2c1C=O)c3cccc(c3)C(=O)N4CCCCC4,5.87
392,CHEMBL3665051,CN1CCN(CC1)C(=O)c2cccc(c2)c3ccc4c(C=O)c(O)ccc4c3,6.8
393,CHEMBL3665052,CN(Cc1ccccc1)C(=O)c2cccc(c2)c3ccc4c(C=O)c(O)ccc4c3,5.55
395,CHEMBL3639639,CN(Cc1ccccc1)C(=O)c2ccc(cc2)c3ccc4c(C=O)c(O)ccc4c3,5.42
396,CHEMBL3665054,CC(C)NC(=O)c1cccc(n1)c2ccc3c(C=O)c(O)ccc3c2,7.33
397,CHEMBL3665055,Oc1ccc2cc(ccc2c1C=O)c3cccc(n3)C(=O)N4CCOCC4,6.19
398,CHEMBL3665056,Oc1ccc2cc(ccc2c1C=O)c3ccc(cc3)C(=O)N4CCOCC4,7.17
399,CHEMBL3665057,Oc1ccc2cc(ccc2c1C=O)c3cccc(n3)C(=O)NCCN4CCOCC4,7.32
400,CHEMBL3665058,CN1CCN(CC1)C(=O)c2cccc(n2)c3ccc4c(C=O)c(O)ccc4c3,6.41
401,CHEMBL3665059,Oc1ccc2cc(ccc2c1C=O)c3ccc(s3)C(=O)N4CCOCC4,6.8
405,CHEMBL3665061,OC(=O)c1ccc(s1)c2ccc3c(C=O)c(O)ccc3c2,6.82
408,CHEMBL3665062,Oc1ccc2ncccc2c1C=O,6.77
409,CHEMBL3665063,Oc1cnc2ccccc2c1C=O,7.35
410,CHEMBL3665064,Oc1ccc2cccnc2c1C=O,5.91
411,CHEMBL3665065,Oc1ccc2cnccc2c1C=O,6.37
412,CHEMBL3665066,Cc1cc(O)nc2ccc(O)c(C=O)c12,6.04
413,CHEMBL3665067,COc1cc(Br)cc(C2NCC(S2)C(=O)O)c1O,5.06
414,CHEMBL3665068,CCOC(=O)C1CNC(S1)c2cc(Br)cc(OC)c2O,4.75
415,CHEMBL3665069,COc1cc(Br)cc(C2NCCS2)c1O,5.38
423,CHEMBL3665077,COc1cc(Br)cc(\C=N\CCSSCC\N=C\c2cc(Br)cc(OC)c2O)c1O,5.67
424,CHEMBL3665078,COc1ccc(C\N=C\c2cc(Br)cc(OC)c2O)cc1,6.66
425,CHEMBL3665079,COc1cc(Br)cc(\C=N\C2CC2)c1O,6.96
426,CHEMBL3665080,COc1cc(cc(\C=N\CCSSCC\N=C\c2cc(cc(OC)c2O)c3cccs3)c1O)c4cccs4,5.87
427,CHEMBL3665081,COc1cc(cc(\C=N\C2CC2)c1O)c3cccs3,7.47
430,CHEMBL3665084,OC(=O)c1ccc(Br)c(\C=N\C2CC2)c1O,5.02
432,CHEMBL3665086,COc1cc(Br)cc(\C=N\c2nnn[nH]2)c1O,6.23
433,CHEMBL3665087,COc1cc(cc(\C=N\c2nn[nH]n2)c1O)c3cccs3,6.8
434,CHEMBL3665088,COc1cc(Br)cc(\C=N\CCO)c1O,6.81
435,CHEMBL3665089,COc1cc(Br)cc(\C=N\c2nccs2)c1O,6.19
440,CHEMBL3665094,Oc1c(CN2CCOCC2)c3ccccc3cc1C=O,5.82
441,CHEMBL3665095,Oc1c(CN2CCCCC2)c3ccccc3cc1C=O,4.94
442,CHEMBL3665096,CN1CCN(Cc2c(O)c(C=O)cc3ccccc23)CC1,4.91
443,CHEMBL3665097,NC(=O)c1ccc(Br)c(C=O)c1O,7.33
444,CHEMBL3665098,Oc1c(C=O)c(Br)ccc1C(=O)N2CCOCC2,6.28
445,CHEMBL3665099,COc1cc(cc(C=O)c1O)c2ccccn2,6.97
446,CHEMBL3665100,Oc1c(F)cc(cc1C=O)c2ccc(cc2)C(=O)N3CCOCC3,6.66
447,CHEMBL3665101,COc1cc(cc(C=O)c1O)C2=CN(C)C(=O)N(C)C2=O,5.8
448,CHEMBL3665102,COc1cc(cc(C=O)c1O)c2cnc(OC)s2,6.89
451,CHEMBL3665103,Oc1ccc2cc(Br)ccc2c1C=O,6.29
459,CHEMBL3665104,Cc1nc2ccccc2c(C=O)c1O,4.44
462,CHEMBL3665105,COc1cc(cc(C=O)c1O)C#Cc2cccnc2,6.52
