,molecule_chembl_id,canonical_smiles,pchembl_value
0,palifermin,[H]N[C@@H](CO)C(=O)N[C@@H](CC1=CC=C(O)C=C1)C(=O)N[C@@H](CC(O)=O)C(=O)N[C@@H](CC1=CC=C(O)C=C1)C(=O)N[C@@H](CCSC)C(=O)N[C@@H](CCC(O)=O)C(=O)NCC(=O)NCC(=O)N[C@@H](CC(O)=O)C(=O)N[C@@H]([C@@H](C)CC)C(=O)N[C@@H](CCCNC(N)=N)C(=O)N[C@@H](C(C)C)C(=O)N[C@@H](CCCNC(N)=N)C(=O)N[C@@H](CCCNC(N)=N)C(=O)N[C@@H](CC(C)C)C(=O)N[C@@H](CC1=CC=CC=C1)C(=O)N[C@@H](CS)C(=O)N[C@@H](CCCNC(N)=N)C(=O)N[C@@H]([C@@H](C)O)C(=O)N[C@@H](CCC(N)=O)C(=O)N[C@@H](CC1=CNC2=C1C=CC=C2)C(=O)N[C@@H](CC1=CC=C(O)C=C1)C(=O)N[C@@H](CC(C)C)C(=O)N[C@@H](CCCNC(N)=N)C(=O)N[C@@H]([C@@H](C)CC)C(=O)N[C@@H](CC(O)=O)C(=O)N[C@@H](CCCCN)C(=O)N[C@@H](CCCNC(N)=N)C(=O)NCC(=O)N[C@@H](CCCCN)C(=O)N[C@@H](C(C)C)C(=O)N[C@@H](CCCCN)C(=O)NCC(=O)N[C@@H]([C@@H](C)O)C(=O)N[C@@H](CCC(N)=O)C(=O)N[C@@H](CCC(O)=O)C(=O)N[C@@H](CCSC)C(=O)N[C@@H](CCCCN)C(=O)N[C@@H](CC(N)=O)C(=O)N[C@@H](CC(N)=O)C(=O)N[C@@H](CC1=CC=C(O)C=C1)C(=O)N[C@@H](CC(N)=O)C(=O)N[C@@H]([C@@H](C)CC)C(=O)N[C@@H](CCSC)C(=O)N[C@@H](CCC(O)=O)C(=O)N[C@@H]([C@@H](C)CC)C(=O)N[C@@H](CCCNC(N)=N)C(=O)N[C@@H]([C@@H](C)O)C(=O)N[C@@H](C(C)C)C(=O)N[C@@H](C)C(=O)N[C@@H](C(C)C)C(=O)NCC(=O)N[C@@H]([C@@H](C)CC)C(=O)N[C@@H](C(C)C)C(=O)N[C@@H](C)C(=O)N[C@@H]([C@@H](C)CC)C(=O)N[C@@H](CCCCN)C(=O)NCC(=O)N[C@@H](C(C)C)C(=O)N[C@@H](CCC(O)=O)C(=O)N[C@@H](CO)C(=O)N[C@@H](CCC(O)=O)C(=O)N[C@@H](CC1=CC=CC=C1)C(=O)N[C@@H](CC1=CC=C(O)C=C1)C(=O)N[C@@H](CC(C)C)C(=O)N[C@@H](C)C(=O)N[C@@H](CCSC)C(=O)N[C@@H](CC(N)=O)C(=O)N[C@@H](CCCCN)C(=O)N[C@@H](CCC(O)=O)C(=O)NCC(=O)N[C@@H](CCCCN)C(=O)N[C@@H](CC(C)C)C(=O)N[C@@H](CC1=CC=C(O)C=C1)C(=O)N[C@@H](C)C(=O)N[C@@H](CCCCN)C(=O)N[C@@H](CCCCN)C(=O)N[C@@H](CCC(O)=O)C(=O)N[C@@H](CS)C(=O)N[C@@H](CC(N)=O)C(=O)N[C@@H](CCC(O)=O)C(=O)N[C@@H](CC(O)=O)C(=O)N[C@@H](CS)C(=O)N[C@@H](CC(N)=O)C(=O)N[C@@H](CC1=CC=CC=C1)C(=O)N[C@@H](CCCCN)C(=O)N[C@@H](CCC(O)=O)C(=O)N[C@@H](CC(C)C)C(=O)N[C@@H]([C@@H](C)CC)C(=O)N[C@@H](CC(C)C)C(=O)N[C@@H](CCC(O)=O)C(=O)N[C@@H](CC(N)=O)C(=O)N[C@@H](CC1=CNC=N1)C(=O)N[C@@H](CC1=CC=C(O)C=C1)C(=O)N[C@@H](CC(N)=O)C(=O)N[C@@H]([C@@H](C)O)C(=O)N[C@@H](CC1=CC=C(O)C=C1)C(=O)N[C@@H](C)C(=O)N[C@@H](CO)C(=O)N[C@@H](C)C(=O)N[C@@H](CCCCN)C(=O)N[C@@H](CC1=CNC2=C1C=CC=C2)C(=O)N[C@@H]([C@@H](C)O)C(=O)N[C@@H](CC1=CNC=N1)C(=O)N[C@@H](CC(N)=O)C(=O)NCC(=O)NCC(=O)N[C@@H](CCC(O)=O)C(=O)N[C@@H](CCSC)C(=O)N[C@@H](CC1=CC=CC=C1)C(=O)N[C@@H](C(C)C)C(=O)N[C@@H](C)C(=O)N[C@@H](CC(C)C)C(=O)N[C@@H](CC(N)=O)C(=O)N[C@@H](CCC(N)=O)C(=O)N[C@@H](CCCCN)C(=O)NCC(=O)N[C@@H]([C@@H](C)CC)C(=O)N1CCC[C@H]1C(=O)N[C@@H](C(C)C)C(=O)N[C@@H](CCCNC(N)=N)C(=O)NCC(=O)N[C@@H](CCCCN)C(=O)N[C@@H](CCCCN)C(=O)N[C@@H]([C@@H](C)O)C(=O)N[C@@H](CCCCN)C(=O)N[C@@H](CCCCN)C(=O)N[C@@H](CCC(O)=O)C(=O)N[C@@H](CCC(N)=O)C(=O)N[C@@H](CCCCN)C(=O)N[C@@H]([C@@H](C)O)C(=O)N[C@@H](C)C(=O)N[C@@H](CC1=CNC=N1)C(=O)N[C@@H](CC1=CC=CC=C1)C(=O)N[C@@H](CC(C)C)C(=O)N1CCC[C@H]1C(=O)N[C@@H](CCSC)C(=O)N[C@@H](C)C(=O)N[C@@H]([C@@H](C)CC)C(=O)N[C@@H]([C@@H](C)O)C(O)=O,
1,nintedanib,COC(=O)c1ccc2\C(=C(\Nc3ccc(cc3)N(C)C(=O)CN4CCN(C)CC4)/c5ccccc5)\C(=O)Nc2c1,6.46
2,CHEMBL3681283,Cc1nc2cc(ccc2[nH]1)n3ncc(C(=O)c4cc5c(NCCc6ccncc6)cccc5[nH]4)c3N,7.54
3,CHEMBL3681302,Cc1nc2cc(ccc2[nH]1)n3ncc(C(=O)c4cc5cc(F)c(cc5[nH]4)C(F)(F)F)c3N,7.54
4,CHEMBL3681257,COc1ncc(Cl)cc1c2ccc3cc([nH]c3c2)C(=O)c4cnn(c4N)c5ccc6[nH]c(C)nc6c5,7.55
5,CHEMBL3681293,Cc1nc2cc(ccc2[nH]1)n3ncc(C(=O)c4cc5c(F)cccc5[nH]4)c3N,7.55
6,CHEMBL3681241,COc1ncccc1c2ccc3cc([nH]c3c2)C(=O)c4cnn(c4N)c5ccc6[nH]c(C)nc6c5,7.57
7,CHEMBL3681305,CC(C)Oc1cccc2[nH]c(cc12)C(=O)c3cnn(c3N)c4ccc5[nH]c(C)nc5c4,7.59
8,CHEMBL3681255,Cc1nc2cc(ccc2[nH]1)n3ncc(C(=O)c4cc5c(F)cc(Br)cc5[nH]4)c3N,7.59
9,CHEMBL3681279,Cc1nc2cc(ccc2[nH]1)n3ncc(C(=O)c4cc5c(NCCN6CCOCC6)cccc5[nH]4)c3N,7.59
10,CHEMBL3681244,Cc1nc2cc(ccc2[nH]1)n3ncc(C(=O)c4cc5ccc(cc5[nH]4)c6ccccc6)c3N,7.59
11,CHEMBL3676330,Cc1nc2cc(ccc2[nH]1)n3ncc(C(=O)c4cc5ncccc5[nH]4)c3N,7.59
12,CHEMBL3681238,Cc1nc2cc(ccc2[nH]1)n3ncc(C(=O)c4cc5ccc(cc5[nH]4)c6ccc(nc6)N7CCOCC7)c3N,7.6
13,CHEMBL3797416,CCN1CCN(CC1)c2ccc3c(Nc4cc(CCc5cc(OC)cc(OC)c5)[nH]n4)nc(CC)nc3c2,7.61
14,CHEMBL3676326,COCCN(CCOC)Cc1ccc2cc([nH]c2c1)C(=O)C3C=NN(C3N)c4ccc5[nH]c(C)nc5c4,7.64
15,CHEMBL171509,COc1cc2c(Oc3ccc(Nc4ccc(cc4)C(C)(C)C)cc3)ccnc2cc1OCCN5CCC(CO)CC5,7.64
16,CHEMBL3676312,Cc1nc2cc(ccc2[nH]1)n3ncc(C(=O)C4=CC5C=CC=CC5N4)c3N,7.64
17,CHEMBL3676323,Cc1nc2cc(ccc2[nH]1)n3ncc(C(=O)c4cc5ccc(CO)cc5[nH]4)c3N,7.64
18,CHEMBL3676336,Cc1nc2cc(ccc2[nH]1)n3ncc(C(=O)c4cc5c(cccc5[nH]4)C#C)c3N,7.66
19,CHEMBL3681245,Cc1nc2cc(ccc2[nH]1)n3ncc(C(=O)c4cc5ccc(cc5[nH]4)c6cncc(c6)S(=O)(=O)C)c3N,7.66
20,CHEMBL3681310,Cc1nc2cc(ccc2[nH]1)n3ncc(C(=O)c4nc5ccccc5s4)c3N,7.66
21,CHEMBL3681297,COc1ccc2cc([nH]c2c1)C(=O)c3cnn(c3N)c4ccc5[nH]c(C)nc5c4,7.68
22,CHEMBL3676332,Cc1cccc2[nH]c(cc12)C(=O)c3cnn(c3N)c4ccc5[nH]c(C)nc5c4,7.68
23,CHEMBL3676321,Cc1nc2cc(ccc2[nH]1)n3ncc(C(=O)c4cc5cc(ccc5[nH]4)C(=O)NCC(F)(F)F)c3N,7.68
24,CHEMBL3681242,Cc1nc2cc(ccc2[nH]1)n3ncc(C(=O)c4cc5ccc(cc5[nH]4)C6CC6)c3N,7.68
25,CHEMBL3681317,Cc1nc2cc(ccc2[nH]1)n3ncc(C(=O)c4cc5ccc(cc5[nH]4)S(=O)(=O)C)c3N,7.68
26,CHEMBL3401358,CN1CCN(CC1)c2ccc(cc2)c3nc4c(N5CCN(CC(=O)Nc6nccs6)CC5)c(Cl)cnc4[nH]3,7.7
27,CHEMBL3348846,COc1cc(CCc2cc(NC(=O)c3ccc(cc3)N4C[C@@H](C)N[C@@H](C)C4)n[nH]2)cc(OC)c1,7.7
28,CHEMBL3681301,CSc1ccc2cc([nH]c2c1)C(=O)c3cnn(c3N)c4ccc5[nH]c(C)nc5c4,7.7
29,CHEMBL3681308,Cc1nc2cc(ccc2[nH]1)n3ncc(C(=O)c4cc5cc(ccc5[nH]4)n6ccnc6)c3N,7.7
30,CHEMBL3681315,Cc1nc2cc(ccc2[nH]1)n3ncc(C(=O)c4cc5ccc(OC6COC6)cc5[nH]4)c3N,7.7
31,CHEMBL3681281,COCCNc1cccc2[nH]c(cc12)C(=O)c3cnn(c3N)c4ccc5[nH]c(C)nc5c4,7.72
32,CHEMBL3676322,Cc1nc2cc(ccc2[nH]1)n3ncc(C(=O)c4cc5ccc(cc5[nH]4)c6ccc(cn6)C(F)(F)F)c3N,7.72
33,CHEMBL3681263,CC(C)N1CCC(CC1)c2cc3cc([nH]c3cc2C(F)(F)F)C(=O)c4cnn(c4N)c5ccc6[nH]c(C)nc6c5,7.75
34,CHEMBL3681316,Cc1nc2cc(ccc2[nH]1)n3ncc(C(=O)c4cc5ccc(O)cc5[nH]4)c3N,7.75
35,CHEMBL3797845,COc1cc(CCc2cc(Nc3ncnc4cc(ccc34)N5CCC(CC5)N(C)C)n[nH]2)cc(OC)c1,7.76
36,CHEMBL3681267,CC(C)N1CCC(CC1)c2ccc3[nH]c(cc3c2)C(=O)c4cnn(c4N)c5ccc6[nH]c(C)nc6c5,7.77
37,CHEMBL3676327,CN(CC#C)Cc1ccc2cc([nH]c2c1)C(=O)c3cnn(c3N)c4ccc5[nH]c(C)nc5c4,7.77
38,CHEMBL3799024,COc1cc(CCc2cc(Nc3ncnc4cccc(Cl)c34)n[nH]2)cc(OC)c1,7.77
39,CHEMBL3681256,Cc1ccc(cn1)c2ccc3cc([nH]c3c2)C(=O)c4cnn(c4N)c5ccc6[nH]c(C)nc6c5,7.77
40,CHEMBL3676337,Cc1nc2c(F)cc(cc2[nH]1)n3ncc(C(=O)c4cc5ccccc5[nH]4)c3N,7.8
41,CHEMBL3681304,Cc1nc2cc(ccc2[nH]1)n3ncc(C(=O)c4cc5ccc(OCc6ccccc6)cc5[nH]4)c3N,7.8
42,CHEMBL3681240,Cc1nc2cc(ccc2[nH]1)n3ncc(C(=O)c4cc5ccc(cc5[nH]4)c6cnn(C)c6)c3N,7.8
43,CHEMBL3676324,CN1CCN(CCOc2ccc3cc([nH]c3c2)C(=O)c4cnn(c4N)c5ccc6[nH]c(C)nc6c5)CC1,7.82
44,CHEMBL3681296,COc1cc(OC)c2cc([nH]c2c1)C(=O)c3cnn(c3N)c4ccc5[nH]c(C)nc5c4,7.82
45,CHEMBL3681298,Cc1cc(C)c2cc([nH]c2c1)C(=O)c3cnn(c3N)c4ccc5[nH]c(C)nc5c4,7.82
46,CHEMBL3681251,Cc1nc2cc(ccc2[nH]1)n3ncc(C(=O)c4cc5cc(Cl)c(OCC6CC6)cc5[nH]4)c3N,7.85
47,CHEMBL3681249,Cc1nc2cc(ccc2[nH]1)n3ncc(C(=O)c4cc5cc6OC(F)(F)Oc6cc5[nH]4)c3N,7.85
48,CHEMBL3798127,CCN1CCN(CC1)c2cccc3c(Nc4cc(CCc5cc(OC)cc(OC)c5)[nH]n4)ncnc23,7.86
49,CHEMBL3800352,COc1cc(CCc2cc(Nc3ncnc4cc(NCCN5CCOCC5)ccc34)n[nH]2)cc(OC)c1,7.88
50,CHEMBL3681271,CC1CCC(C)N1Cc2ccc3[nH]c(cc3c2)C(=O)c4cnn(c4N)c5ccc6[nH]c(C)nc6c5,7.92
51,CHEMBL3681236,CCCCOc1ccc2[nH]c(cc2c1)C(=O)c3cnn(c3N)c4ccc5[nH]c(C)nc5c4,7.92
52,CHEMBL3681280,CN1CCN(CC1)C(=O)c2ccc3[nH]c(cc3c2)C(=O)c4cnn(c4N)c5ccc6[nH]c(C)nc6c5,7.92
53,CHEMBL3681247,COCCOc1ccc2[nH]c(cc2c1)C(=O)c3cnn(c3N)c4ccc5[nH]c(C)nc5c4,7.92
54,CHEMBL3681274,Cc1nc2cc(ccc2[nH]1)n3ncc(C(=O)c4cc5cc(ccc5[nH]4)C6CCN(CC6)C7CCCC7)c3N,7.92
55,CHEMBL3676325,Cc1nc2cc(ccc2[nH]1)n3ncc(C(=O)c4cc5ccc(OCC6(C)COC6)cc5[nH]4)c3N,7.92
56,CHEMBL3681289,Cc1nc2C=C(CCc2[nH]1)n3ncc(C(=O)c4cc5cc(CN6CCN(CC6)S(=O)(=O)C)ccc5[nH]4)c3N,7.96
57,CHEMBL3797998,COc1cc(CCc2cc(Nc3ncnc4cc(ccc34)N5CCCN(C)CC5)n[nH]2)cc(OC)c1,7.97
58,CHEMBL3798924,COCCNc1ccc2c(Nc3cc(CCc4cc(OC)cc(OC)c4)[nH]n3)ncnc2c1,7.99
59,CHEMBL3797594,COc1cc(CCc2cc(Nc3ncnc4cc(ccc34)N5CCC(C5)N(C)C)n[nH]2)cc(OC)c1,8.0
60,CHEMBL3681295,Cc1nc2cc(ccc2[nH]1)n3ncc(C(=O)c4cc5cc(ccc5[nH]4)C(=O)O)c3N,8.0
61,CHEMBL3681246,Cc1nc2cc(ccc2[nH]1)n3ncc(C(=O)c4cc5ccc(cc5[nH]4)c6cccnn6)c3N,8.0
62,CHEMBL3681258,Cc1nc2cc(ccc2[nH]1)n3ncc(C(=O)c4cc5ccc(cc5[nH]4)c6cccs6)c3N,8.0
63,CHEMBL3701255,COc1cc(OC)cc(c1)C#Cc2nn(CC3CN(C3)C(=O)C=C)c4ncnc(N)c24,8.03
64,CHEMBL3681314,Cc1nc2cc(ccc2[nH]1)n3ncc(C(=O)c4cc5ccc(CN6CCC(F)(F)CC6)cc5[nH]4)c3N,8.03
65,CHEMBL3681285,Cc1nc2cc(ccc2[nH]1)n3ncc(C(=O)c4cc5cc(ccc5[nH]4)C(=O)N6CCOCC6)c3N,8.04
66,CHEMBL3800072,COc1cc(CCc2cc(Nc3ncnc4cc(ccc34)C5CCN(C)CC5)n[nH]2)cc(OC)c1,8.05
67,CHEMBL3676329,Cc1nc2cc(ccc2[nH]1)n3ncc(C(=O)c4cc5ccc(Br)cc5[nH]4)c3N,8.05
68,CHEMBL3701280,COc1cc(OC)cc(c1)C#Cc2cn([C@H]3C[C@H](N(C3)C(=O)C=C)c4oc(C)nn4)c5ncnc(N)c25,8.06
69,CHEMBL3681272,Cc1nc2cc(ccc2[nH]1)n3ncc(C(=O)c4cc5cc(CN6CCCC(F)C6)ccc5[nH]4)c3N,8.07
70,CHEMBL3676317,Cc1nc2cc(ccc2[nH]1)n3ncc(C(=O)c4cc5cc(F)c(Br)cc5[nH]4)c3N,8.07
71,CHEMBL3676331,Cc1nc2cc(ccc2[nH]1)n3ncc(C(=O)c4cc5ccc(I)cc5[nH]4)c3N,8.07
72,CHEMBL3681270,CN1CCC(CC1)c2ccc3cc([nH]c3c2)C(=O)c4cnn(c4N)c5ccc6[nH]c(C)nc6c5,8.08
73,CHEMBL3681248,Cc1nc2cc(ccc2[nH]1)n3ncc(C(=O)c4cc5cc(OCC6CC6)ccc5[nH]4)c3N,8.08
74,CHEMBL3701276,COc1cc(OC)cc(c1)C#Cc2cn(C3CCN(CC3)C(=O)C=C)c4ncnc(N)c24,8.1
75,CHEMBL3681306,Cc1nc2cc(ccc2[nH]1)n3ncc(C(=O)c4cc5cc6OCCOc6cc5[nH]4)c3N,8.12
76,CHEMBL3701253,CCOc1cc(OCC)cc(c1)C#Cc2nn(C3CN(C3)C(=O)C=C)c4ncnc(N)c24,8.14
77,CHEMBL3701240,CCOc1cc(OCC)cc(c1)C#Cc2nn([C@H]3CCN(C3)C(=O)C=C)c4ncnc(N)c24,8.16
78,CHEMBL3701277,COc1cc(OC)cc(c1)C#Cc2cn(C3CCN(CC3)C(=O)\C=C\CN(C)C)c4ncnc(N)c24,8.16
79,CHEMBL3701264,COc1cc(OC)cc(c1)C#Cc2cn([C@H]3CCN(C3)C(=O)\C=C\CN4CC[C@H](F)C4)c5ncnc(N)c25,8.16
80,CHEMBL3701263,COc1cc(OC)cc(c1)C#Cc2cn([C@H]3CCN(C3)C(=O)\C=C\CN4CC[C@@H](F)C4)c5ncnc(N)c25,8.17
81,CHEMBL3701252,COc1cc(OC)cc(c1)C#Cc2nn(C3CN(C3)C(=O)\C=C\CN4CC[C@@H](F)C4)c5ncnc(N)c25,8.17
82,CHEMBL3701260,COc1cc(OC)cc(c1)C#Cc2cn([C@H]3CCN(C3)C(=O)\C=C\CN4CCC(O)CC4)c5ncnc(N)c25,8.18
83,CHEMBL3681290,CC(=O)N1CCN(Cc2ccc3cc([nH]c3c2)C(=O)c4cnn(c4N)c5ccc6[nH]c(C)nc6c5)CC1,8.2
84,CHEMBL2216830,CCN(CC)CCCCNc1ncc2CN(C(=O)N(Cc3cccc(NC(=O)C=C)c3)c2n1)c4c(Cl)c(OC)cc(OC)c4Cl,8.21
85,CHEMBL3681264,Cc1nc2cc(ccc2[nH]1)n3ncc(C(=O)C4=CC5C=CC(=CC5N4)C#N)c3N,8.21
86,CHEMBL3681282,Cc1nc2cc(ccc2[nH]1)n3ncc(C(=O)c4cc5c(NC(CO)CO)cccc5[nH]4)c3N,8.22
87,CHEMBL388978,CN[C@@H]1C[C@H]2O[C@@](C)([C@@H]1OC)n3c4ccccc4c5c6CNC(=O)c6c7c8ccccc8n2c7c35,8.24
88,CHEMBL3701265,COc1cc(OC)cc(c1)C#Cc2cn([C@H]3CCN(C3)C(=O)\C=C\CN4CCCCC4)c5ncnc(N)c25,8.24
89,CHEMBL3701251,COc1cc(OC)cc(c1)C#Cc2nn(C3CN(C3)C(=O)\C=C\CN4CC[C@H](F)C4)c5ncnc(N)c25,8.25
90,CHEMBL3676314,Cc1nc2cc(ccc2[nH]1)n3ncc(C(=O)c4cc5ccc(CN6CCNCC6)cc5[nH]4)c3N,8.25
91,CHEMBL3681307,Cc1nc2cc(ccc2[nH]1)n3ncc(C(=O)c4cc5c(cc(cc5[nH]4)C(C)(C)C)C(C)(C)C)c3N,8.26
92,CHEMBL3676313,Cc1nc2cc(ccc2[nH]1)n3ncc(C(=O)c4cc5ccc(CN6CCC(O)CC6)cc5[nH]4)c3N,8.26
93,CHEMBL3681250,Cc1nc2cc(ccc2[nH]1)n3ncc(C(=O)c4cc5ccc(cc5[nH]4)c6ccc(F)cn6)c3N,8.26
94,CHEMBL3676320,Cc1nc2cc(ccc2[nH]1)n3ncc(C(=O)c4cc5cc(ccc5[nH]4)C(=O)N6CCCC(F)(F)C6)c3N,8.27
95,CHEMBL1834657,CCN1CCN(CC1)c2ccc(Nc3cc(ncn3)N(C)C(=O)Nc4c(Cl)c(OC)cc(OC)c4Cl)cc2.OP(=O)(O)O,8.31
96,CHEMBL3701258,COc1cc(OC)cc(c1)C#Cc2cn([C@H]3CCN(C3)C(=O)C=C)c4ncnc(N)c24,8.31
97,CHEMBL3681291,CN1CCN(Cc2ccc3[nH]c(cc3c2)C(=O)c4cnn(c4N)c5ccc6[nH]c(C)nc6c5)CC1,8.32
98,CHEMBL3799140,COc1cc(CCc2cc(Nc3ncnc4c(Cl)cccc34)n[nH]2)cc(OC)c1,8.32
99,CHEMBL3701257,COc1cc(OC)cc(c1)C#CC2=CC([C@H]3CCN(C3)C(=O)\C=C\CN(C)C)c4ncnc(N)c24,8.33
100,CHEMBL3681292,Cc1nc2cc(ccc2[nH]1)n3ncc(C(=O)c4cc5cc(CN6CCCC6)ccc5[nH]4)c3N,8.34
101,CHEMBL3701261,COc1cc(OC)cc(c1)C#Cc2cn([C@H]3CCN(C3)C(=O)C#CC)c4ncnc(N)c24,8.37
102,CHEMBL3701248,COc1cc(OC)cc(c1)C#Cc2nn(C3CN(C3)C(=O)\C=C\CNC(C)(C)C)c4ncnc(N)c24,8.37
103,CHEMBL3676328,C[C@H]1COCCN1Cc2ccc3cc([nH]c3c2)C(=O)c4cnn(c4N)c5ccc6[nH]c(C)nc6c5,8.37
104,CHEMBL3676316,Cc1nc2cc(ccc2[nH]1)n3ncc(C(=O)c4cc5ccc(OC6CCOCC6)cc5[nH]4)c3N,8.37
105,CHEMBL3701247,CCN(CC)C\C=C\C(=O)N1CC(C1)n2nc(C#Cc3cc(OC)cc(OC)c3)c4c(N)ncnc24,8.39
106,CHEMBL3681303,COc1cc2[nH]c(cc2cc1Cl)C(=O)c3cnn(c3N)c4ccc5[nH]c(C)nc5c4,8.4
107,CHEMBL3681284,Cc1nc2cc(ccc2[nH]1)n3ncc(C(=O)c4cc5ccc(cc5[nH]4)N6CCOCC6)c3N,8.4
108,CHEMBL3797238,COc1cc(CCc2cc(Nc3ncnc4c(OC)cccc34)n[nH]2)cc(OC)c1,8.41
109,CHEMBL3798342,COc1cc(CCc2cc(Nc3ncnc4cc(ccc34)N5CCOCC5)n[nH]2)cc(OC)c1,8.41
110,CHEMBL3701244,COc1cc(OC)cc(c1)C#Cc2nn(C3CN(C3)C(=O)\C=C\CNC(C)C)c4ncnc(N)c24,8.42
111,CHEMBL3701246,COc1cc(OC)cc(c1)C#Cc2nn(C3CN(C3)C(=O)\C=C\CNC4CCC4)c5ncnc(N)c25,8.42
112,CHEMBL3701254,COc1cc(OC)cc(c1)C#Cc2nn(C3C[C@@H](CO)N(C3)C(=O)C=C)c4ncnc(N)c24,8.43
113,CHEMBL3681294,Cc1nc2cc(ccc2[nH]1)n3ncc(C(=O)C4=CC5=CC(F)C(CN6CCOCC6)C=C5N4)c3N,8.44
114,CHEMBL3681278,Cc1nc2cc(ccc2[nH]1)n3ncc(C(=O)c4cc5ccc(CN6CCOCC6)cc5[nH]4)c3N,8.47
115,CHEMBL3701250,COc1cc(OC)cc(c1)C#Cc2nn(C3CN(C3)C(=O)\C=C\CN4CCCCC4)c5ncnc(N)c25,8.48
116,CHEMBL3797268,COc1cc(CCc2cc(Nc3ncnc4ccccc34)n[nH]2)cc(OC)c1,8.5
117,CHEMBL3701259,COc1cc(OC)cc(c1)C#Cc2cn([C@H]3CCN(C3)C(=O)\C=C\CN4CCCC4)c5ncnc(N)c25,8.5
118,CHEMBL3676315,Cc1nc2cc(ccc2[nH]1)n3ncc(C(=O)c4cc5ccc(OCCN6CCOCC6)cc5[nH]4)c3N,8.5
119,CHEMBL3701245,CCN(C)C\C=C\C(=O)N1CC(C1)n2nc(C#Cc3cc(OC)cc(OC)c3)c4c(N)ncnc24,8.52
120,CHEMBL3701249,COc1cc(OC)cc(c1)C#Cc2nn(C3CN(C3)C(=O)\C=C\CN(C)C(C)C)c4ncnc(N)c24,8.57
121,CHEMBL3701269,COc1cc(OC)cc(c1)C#Cc2cn(C3CN(C3)C(=O)\C=C\CN4CCC4)c5ncncc25,8.6
122,CHEMBL3701237,COc1cc(OC)cc(c1)C#Cc2nn(C3CCN(C3)C(=O)C=C)c4ncnc(N)c24,8.62
123,CHEMBL3701273,COc1cc(OC)cc(c1)C#Cc2cn(C3CN(C3)C(=O)\C=C\CN4CCC(O)CC4)c5ncnc(N)c25,8.64
124,CHEMBL3701243,COc1cc(OC)cc(c1)C#Cc2nn(C3CN(C3)C(=O)\C=C\CN(C)C)c4ncnc(N)c24,8.66
125,CHEMBL3701262,COc1cc(OC)cc(c1)C#Cc2cn([C@H]3CCN(C3)C(=O)C#CC(C)(C)O)c4ncnc(N)c24,8.7
126,CHEMBL3827178,C[C@@H](Oc1ccc2[nH]nc(c3nc4cc(ccc4[nH]3)N5CCN(C)CC5)c2c1)c6c(Cl)cncc6Cl,8.7
127,CHEMBL2071201,Cn1cc(Nc2ncc(Br)c(N[C@@H]3[C@@H]4C[C@@H](C=C4)[C@@H]3C(=O)N)n2)cn1,8.7
128,CHEMBL3800415,CCN1CCN(CC1)c2ccc3c(Nc4cc(CCc5cc(OC)cc(OC)c5)[nH]n4)nccc3c2,8.75
129,CHEMBL1784637,CNC(=O)c1ncc(C#Cc2cc(ccc2C)C(=O)Nc3ccc(CN4CCN(CCO)CC4)c(c3)C(F)(F)F)n1C,8.82
130,CHEMBL3701272,COCCN(C)C\C=C\C(=O)N1CC(C1)n2cc(C#Cc3cc(OC)cc(OC)c3)c4c(N)ncnc24,8.82
131,CHEMBL3701267,COc1cc(OC)cc(c1)C#Cc2cn(C3CN(C3)C(=O)\C=C\CN(C)C)c4ncnc(N)c24,8.82
132,CHEMBL3701270,COc1cc(OC)cc(c1)C#Cc2cn(C3CN(C3)C(=O)\C=C\CNC(C)C)c4ncnc(N)c24,8.82
133,CHEMBL3797507,CCN1CCN(CC1)c2ccc3c(Nc4cc(CCc5c(Cl)c(OC)cc(OC)c5Cl)[nH]n4)ncnc3c2,8.85
134,CHEMBL3701271,CCN(CC)C\C=C\C(=O)N1CC(C1)n2cc(C#Cc3cc(OC)cc(OC)c3)c4c(N)ncnc24,8.92
135,CHEMBL3798997,CCN1CCN(CC1)c2ccc3c(Nc4cc(CCc5cc(OC)cc(OC)c5)[nH]n4)ncnc3c2,8.92
136,CHEMBL3701279,COc1cc(OC)cc(c1)C#Cc2cn([C@H]3C[C@H](N(C3)C(=O)C=C)c4ocnn4)c5ncnc(N)c25,8.92
137,CHEMBL3701242,COc1cc(OC)cc(c1)C#Cc2nn(C3CN(C3)C(=O)C#CCO)c4ncnc(N)c24,8.92
138,CHEMBL3701241,COc1cc(OC)cc(c1)C#Cc2nn(C3CN(C3)C(=O)C=C)c4ncnc(N)c24,8.96
139,CHEMBL3701239,COc1cc(OC)cc(c1)C#Cc2nn([C@H]3CCN(C3)C(=O)C#C)c4ncnc(N)c24,8.96
140,CHEMBL3701238,COc1cc(OC)cc(c1)C#Cc2nn([C@H]3CCN(C3)C(=O)C=C)c4ncnc(N)c24,8.96
141,CHEMBL3799354,COc1cc(CCc2cc(Nc3ncnc4cc(ccc34)N5CCN(C)CC5)n[nH]2)cc(OC)c1,9.0
142,CHEMBL3701275,COc1cc(OC)cc(c1)C#Cc2cn(C3CN(C3)C(=O)\C=C\CN4CC[C@@H](O)C4)c5ncnc(N)c25,9.0
143,CHEMBL495727,O=C(NC1CC1)Nc2c[nH]nc2c3nc4cc(CN5CCOCC5)ccc4[nH]3,9.0
144,CHEMBL3798532,COCCOc1ccc2c(Nc3cc(CCc4cc(OC)cc(OC)c4)[nH]n3)ncnc2c1,9.05
145,CHEMBL3798911,COc1cc(CCc2cc(Nc3ncnc4cc(ccc34)N5CCNC(C)(C)C5)n[nH]2)cc(OC)c1,9.05
146,CHEMBL3800526,COc1cc(CCc2cc(Nc3ncnc4cc(ccc34)N5CCN6CCCCC6C5)n[nH]2)cc(OC)c1,9.1
147,CHEMBL3799885,CCCc1nc(Nc2cc(CCc3cc(OC)cc(OC)c3)[nH]n2)c4ccc(cc4n1)N5CCN(CC)CC5,9.16
148,CHEMBL3798940,COCCN1CCN(CC1)c2ccc3c(Nc4cc(CCc5cc(OC)cc(OC)c5)[nH]n4)ncnc3c2,9.16
149,CHEMBL3799611,CCN1CCN(CC1)c2ccc3c(Nc4cc(CCc5cc(OC)cc(OC)c5)[nH]n4)nc(C)nc3c2,9.22
150,CHEMBL3799093,CCN1CCN(CC1)c2ccc3c(Nc4cc(CCc5cc(OC)cc(OC)c5)[nH]n4)nc(Cl)nc3c2,9.22
151,CHEMBL3799403,COc1cc(CCc2cc(Nc3ncnc4cc(ccc34)N5CCN(CC5)C(C)C)n[nH]2)cc(OC)c1,9.22
152,CHEMBL3799426,COc1cc(CCc2cc(Nc3ncnc4cc(ccc34)N5CCN(CC5)C6CCC6)n[nH]2)cc(OC)c1,9.22
153,CHEMBL3701268,COc1cc(OC)cc(c1)C#Cc2cn(C3CN(C3)C(=O)\C=C\CN4CCCC4)c5ncnc(N)c25,9.22
154,CHEMBL3701256,COc1cc(OC)cc(c1)C#Cc2nn([C@H]3C[C@@H](C#C)N(C3)C(=O)C=C)c4ncnc(N)c24,9.4
155,CHEMBL3798625,COc1cc(CCc2cc(Nc3ncnc4cc(ccc34)N5C[C@@H](C)N(C)[C@@H](C)C5)n[nH]2)cc(OC)c1,9.7
