,molecule_chembl_id,canonical_smiles,pchembl_value
0,nintedanib,COC(=O)c1ccc2\C(=C(\Nc3ccc(cc3)N(C)C(=O)CN4CCN(C)CC4)/c5ccccc5)\C(=O)Nc2c1,5.74
1,CHEMBL3701267,COc1cc(OC)cc(c1)C#Cc2cn(C3CN(C3)C(=O)\C=C\CN(C)C)c4ncnc(N)c24,7.68
2,CHEMBL3401358,CN1CCN(CC1)c2ccc(cc2)c3nc4c(N5CCN(CC(=O)Nc6nccs6)CC5)c(Cl)cnc4[nH]3,7.7
3,CHEMBL3701274,COc1cc(OC)cc(c1)C#Cc2cn(C3CN(C3)C(=O)\C=C\CN4CC[C@H](O)C4)c5ncnc(N)c25,7.72
4,CHEMBL3701262,COc1cc(OC)cc(c1)C#Cc2cn([C@H]3CCN(C3)C(=O)C#CC(C)(C)O)c4ncnc(N)c24,7.96
5,CHEMBL3827178,C[C@@H](Oc1ccc2[nH]nc(c3nc4cc(ccc4[nH]3)N5CCN(C)CC5)c2c1)c6c(Cl)cncc6Cl,8.22
6,CHEMBL3701241,COc1cc(OC)cc(c1)C#Cc2nn(C3CN(C3)C(=O)C=C)c4ncnc(N)c24,8.31
7,CHEMBL3701238,COc1cc(OC)cc(c1)C#Cc2nn([C@H]3CCN(C3)C(=O)C=C)c4ncnc(N)c24,8.47
8,CHEMBL3701266,COc1cc(OC)cc(c1)C#CC2=CN(C3CN(C3)C(=O)C=C)C4N=CN=C(N)C24,8.77
9,CHEMBL3701239,COc1cc(OC)cc(c1)C#Cc2nn([C@H]3CCN(C3)C(=O)C#C)c4ncnc(N)c24,9.3
