,molecule_chembl_id,canonical_smiles,pchembl_value
0,pazopanib,CN(C1=CC2=NN(C)C(C)=C2C=C1)C1=NC(NC2=CC(=C(C)C=C2)S(N)(=O)=O)=NC=C1,6.21
1,nintedanib,COC(=O)c1ccc2\C(=C(\Nc3ccc(cc3)N(C)C(=O)CN4CCN(C)CC4)/c5ccccc5)\C(=O)Nc2c1,7.03
2,CHEMBL3690515,CCNC(=O)Nc1cccc(c1)c2cnc3cc(ccn23)c4ncc(F)c(N)n4,7.53
3,CHEMBL3694657,CCNC(=O)Nc1cccc(c1)c2cnc3cc(ccn23)C#Cc4cncn4C,7.54
4,CHEMBL3681303,COc1cc2[nH]c(cc2cc1Cl)C(=O)c3cnn(c3N)c4ccc5[nH]c(C)nc5c4,7.54
5,CHEMBL3348846,COc1cc(CCc2cc(NC(=O)c3ccc(cc3)N4C[C@@H](C)N[C@@H](C)C4)n[nH]2)cc(OC)c1,7.57
6,CHEMBL3681246,Cc1nc2cc(ccc2[nH]1)n3ncc(C(=O)c4cc5ccc(cc5[nH]4)c6cccnn6)c3N,7.57
7,CHEMBL3690406,FC(F)(F)CNC(=O)Nc1cccc(c1)c2cnc3cc(ccn23)c4cncnc4,7.57
8,CHEMBL3694717,Cc1oc(nn1)c2ccn3c(cnc3c2)c4cccc(NC(=O)N)c4,7.58
9,CHEMBL3694666,CC(C)COC(=O)Nc1nc(ncc1F)c2ccn3c(cnc3c2)c4cccc(NC(=O)NCC(F)(F)F)c4,7.59
10,CHEMBL3681281,COCCNc1cccc2[nH]c(cc12)C(=O)c3cnn(c3N)c4ccc5[nH]c(C)nc5c4,7.59
11,CHEMBL3690532,Fc1cnc(nc1NC2CC2)c3ccn4c(cnc4c3)c5cccc(NC(=O)NCC(F)(F)F)c5,7.59
12,CHEMBL2347053,[O-][N+](=O)c1ccccc1c2n[nH]cc2\C=C\3/C(=O)Nc4ccccc34,7.6
13,CHEMBL3690384,OCCC#Cc1ccn2c(cnc2c1)c3cccc(NC(=O)NCC(F)(F)F)c3,7.61
14,CHEMBL3694703,CNc1nc(ncc1N)c2ccn3c(cnc3c2)c4cccc(NC(=O)NCC(F)(F)F)c4,7.62
15,CHEMBL3690381,FC(F)(F)CNC(=O)Nc1cccc(c1)c2cnc3cc(ccn23)C#Cc4ccsc4,7.62
16,CHEMBL3690551,FC(F)(F)CNC(=O)Nc1cccc(c1)c2cnc3cc(ccn23)c4nccc(n4)N5CCC5,7.62
17,CHEMBL3690547,NC1CN(C1)c2ccnc(n2)c3ccn4c(cnc4c3)c5cccc(NC(=O)NCC(F)(F)F)c5,7.62
18,CHEMBL3690553,OC1CN(C1)c2ccnc(n2)c3ccn4c(cnc4c3)c5cccc(NC(=O)NCC(F)(F)F)c5,7.62
19,CHEMBL3690422,Cc1ccnc(n1)c2ccn3c(cnc3c2)c4cccc(NC(=O)NCC(F)(F)F)c4,7.63
20,CHEMBL3690587,CCNC(=O)Nc1cccc(c1)c2cnc3cc(ccn23)c4ccnc(n4)C(F)(F)F,7.64
21,CHEMBL3690514,CNc1nc(ncc1F)c2ccn3c(cnc3c2)c4cccc(NC(=O)NCC(F)(F)F)c4,7.64
22,CHEMBL491473,COc1cc2c(Oc3ccc4[nH]c(C)cc4c3F)ncnc2cc1OCCCN5CCCC5,7.64
23,CHEMBL3690467,Cc1cccnc1c2ccn3c(cnc3c2)c4cccc(NC(=O)NCC(F)(F)F)c4,7.64
24,CHEMBL3690528,Cc1cnc(N)nc1c2ccn3c(cnc3c2)c4cccc(NC(=O)NCC(F)(F)F)c4,7.64
25,CHEMBL3647340,FC(F)(F)CNC(=O)Nc1cccc(c1)c2cnc3cc(ccn23)C(=N)OC(=N)S,7.65
26,CHEMBL3653100,COc1cc(OC)c(Cl)c(c1Cl)c2ccc(C(=O)Nc3ccc(CN4CCN(C)CC4)cn3)c5nccnc25,7.66
27,CHEMBL3690412,COc1cc(OC)nc(n1)c2ccn3c(cnc3c2)c4cccc(NC(=O)NCC(F)(F)F)c4,7.66
28,CHEMBL3690393,Fc1ccc(cc1)c2ccn3c(cnc3c2)c4cccc(NC(=O)NC5CC5)c4,7.66
29,CHEMBL1684800,COc1ccc(Cn2ncc(NC(=O)c3cc(NC(=O)Nc4ccc(Cl)c(c4)C(F)(F)F)ccc3C)c2N)cc1,7.67
30,CHEMBL3694689,FC(F)(F)CNC(=O)Nc1cc(Cl)cc(c1)c2cnc3cc(ccn23)c4ccnc(n4)C(F)(F)F,7.68
31,CHEMBL3401358,CN1CCN(CC1)c2ccc(cc2)c3nc4c(N5CCN(CC(=O)Nc6nccs6)CC5)c(Cl)cnc4[nH]3,7.7
32,CHEMBL3653117,COc1cc(OC)c(Cl)c(c1Cl)c2ccc(C(=O)Nc3ccc(CN4CCN(CCO)CC4)cn3)c5nccnc25,7.7
33,CHEMBL3690571,CNC(=O)c1cc(C)nc(n1)c2ccn3c(cnc3c2)c4cccc(NC(=O)NCC(F)(F)F)c4,7.72
34,CHEMBL3681294,Cc1nc2cc(ccc2[nH]1)n3ncc(C(=O)C4=CC5=CC(F)C(CN6CCOCC6)C=C5N4)c3N,7.72
35,CHEMBL3694711,Nc1cc(nc(n1)c2ccn3c(cnc3c2)c4cccc(NC(=O)NCC(F)(F)F)c4)C(F)(F)F,7.72
36,CHEMBL3690516,OCCNc1nc(ncc1F)c2ccn3c(cnc3c2)c4cccc(NC(=O)NCC(F)(F)F)c4,7.72
37,CHEMBL3690472,OC1CCN(CC1)c2ccnc(n2)c3ccn4c(cnc4c3)c5cccc(NC(=O)NCC(F)(F)F)c5,7.73
38,CHEMBL3647345,CC#Cc1ccn2c(cnc2c1)c3cccc(NC(=O)NCC(F)(F)F)c3,7.74
39,CHEMBL3690550,CN(C)c1nc(ncc1C)c2ccn3c(cnc3c2)c4cccc(NC(=O)NCC(F)(F)F)c4,7.75
40,CHEMBL3681270,CN1CCC(CC1)c2ccc3cc([nH]c3c2)C(=O)c4cnn(c4N)c5ccc6[nH]c(C)nc6c5,7.75
41,CHEMBL388978,CN[C@@H]1C[C@H]2O[C@@](C)([C@@H]1OC)n3c4ccccc4c5c6CNC(=O)c6c7c8ccccc8n2c7c35,7.75
42,CHEMBL3676312,Cc1nc2cc(ccc2[nH]1)n3ncc(C(=O)C4=CC5C=CC=CC5N4)c3N,7.75
43,CHEMBL3681283,Cc1nc2cc(ccc2[nH]1)n3ncc(C(=O)c4cc5c(NCCc6ccncc6)cccc5[nH]4)c3N,7.75
44,CHEMBL3690498,FC(F)(F)CNC(=O)Nc1cccc(c1)c2cnc3cc(ccn23)c4nccnn4,7.75
45,CHEMBL3690566,OCCN1CC(C1)n2cc(cn2)c3ccn4c(cnc4c3)c5cccc(NC(=O)NCC(F)(F)F)c5,7.75
46,CHEMBL3690577,CCNC(=O)Nc1cccc(c1)c2cnc3cc(ccn23)c4ccc(F)c(C)n4,7.77
47,CHEMBL3694705,CCOC(=O)Nc1nc(ncc1F)c2ccn3c(cnc3c2)c4cccc(NC(=O)NCC(F)(F)F)c4,7.77
48,CHEMBL3690563,CN(C)c1cc(nc(n1)C(F)(F)F)c2ccn3c(cnc3c2)c4cccc(NC(=O)NCC(F)(F)F)c4,7.77
49,CHEMBL3690499,Cc1cnnc(n1)c2ccn3c(cnc3c2)c4cccc(NC(=O)NCC(F)(F)F)c4,7.77
50,CHEMBL3694691,FC(F)(F)CNC(=O)Nc1cc(cc(c1)c2cnc3cc(ccn23)c4ccnc(n4)C(F)(F)F)C#N,7.77
51,CHEMBL3690391,OCC#Cc1ccn2c(cnc2c1)c3cccc(NC(=O)NCC(F)(F)F)c3,7.77
52,CHEMBL3690592,FC(F)(F)CNC(=O)Nc1cccc(c1)c2cnc3cc(ccn23)c4ncc(cn4)C(F)(F)F,7.78
53,CHEMBL3690394,FC(F)(F)CNC(=O)Nc1cncc(c1)c2cnc3cc(ccn23)C#CC4CC4,7.78
54,CHEMBL3690544,CC(C)(C)OC(=O)NC1CN(C1)c2ccnc(n2)c3ccn4c(cnc4c3)c5cccc(NC(=O)NCC(F)(F)F)c5,7.79
55,CHEMBL3647341,CN(N)\N=C(/N)\c1ccn2c(cnc2c1)c3cccc(NC(=O)NCC(F)(F)F)c3,7.79
56,CHEMBL3653130,COc1cc(OC)c(Cl)c(c1Cl)c2ccc(C(=O)Nc3ncc(CN4CCN(C)CC4)[nH]3)c5nccnc25,7.8
57,CHEMBL3653127,COc1cc(OC)c(F)c(c1F)c2ccc(C(=O)Nc3ccc(CN4CCN(C)CC4)cn3)c5ncccc25,7.8
58,CHEMBL3653135,COc1cc(OC)c(F)c(c1F)c2ccc(C(=O)Nc3ncc(CN(C)C)[nH]3)c4nccnc24,7.8
59,CHEMBL3694683,Cc1cc(NC(=O)NCC(F)(F)F)cc(c1)c2cnc3cc(ccn23)c4ncc(F)c(N)n4,7.8
60,CHEMBL3647339,Cc1oc(nn1)c2ccn3c(cnc3c2)c4cccc(NC(=O)NCC(F)(F)F)c4,7.8
61,CHEMBL3683258,CN[C@@H]1CC2OC([C@@H]1OC)n3c4ccccc4c5c6CNC(=O)c6c7c8ccccc8n2c7c35,7.81
62,CHEMBL3690521,CN(C)c1nc(ncc1F)c2ccn3c(cnc3c2)c4cccc(NC(=O)NCC(F)(F)F)c4,7.82
63,CHEMBL3690421,Cc1cnc(nc1)c2ccn3c(cnc3c2)c4cccc(NC(=O)NCC(F)(F)F)c4,7.82
64,CHEMBL3681265,Cc1nc2cc(ccc2[nH]1)n3ncc(C(=O)c4cc5cc(ccc5[nH]4)C6=CCNCC6)c3N,7.82
65,CHEMBL3690423,Fc1cnc(nc1)c2ccn3c(cnc3c2)c4cccc(NC(=O)NCC(F)(F)F)c4,7.84
66,CHEMBL3653119,COc1cc(OC)c(Cl)c(c1Cl)c2ccc(C(=O)Nc3ccc(CN4CCN(C)CC4)cn3)c5nc(C)c(C)nc25,7.85
67,CHEMBL3694671,CS(=O)(=O)Nc1nc(ncc1F)c2ccn3c(cnc3c2)c4cccc(NC(=O)NCC(F)(F)F)c4,7.85
68,CHEMBL3690463,Cc1cncc(n1)c2ccn3c(cnc3c2)c4cccc(NC(=O)NCC(F)(F)F)c4,7.85
69,CHEMBL3690480,Cc1nnc(nc1C)c2ccn3c(cnc3c2)c4cccc(NC(=O)NCC(F)(F)F)c4,7.87
70,CHEMBL3690476,FC(F)(F)CNC(=O)Nc1cccc(c1)c2cnc3cc(ccn23)c4ncccn4,7.87
71,CHEMBL3690383,CC(O)C#Cc1ccn2c(cnc2c1)c3cccc(NC(=O)NCC(F)(F)F)c3,7.88
72,CHEMBL3690526,Nc1cnc(nc1)c2ccn3c(cnc3c2)c4cccc(NC(=O)NCC(F)(F)F)c4,7.88
73,CHEMBL3690561,CC(=O)N1CC(C1)n2cc(cn2)c3ccn4c(cnc4c3)c5cccc(NC(=O)NCC(F)(F)F)c5,7.89
74,CHEMBL3690392,CC1=CC(=O)N2N=C(SC2=N1)c3ccn4c(cnc4c3)c5cccc(NC(=O)NCC(F)(F)F)c5,7.89
75,CHEMBL3690482,CN(C)c1ccnc(n1)c2ccn3c(cnc3c2)c4cccc(NC(=O)NCC(F)(F)F)c4,7.89
76,CHEMBL459850,CN1C(=O)N(Cc2cnc(N)nc12)c3cc(NC(=O)c4cccc(c4)C(F)(F)F)ccc3C,7.89
77,CHEMBL3690586,Cc1nc(cc(n1)C(F)(F)F)c2ccn3c(cnc3c2)c4cccc(NC(=O)NCC(F)(F)F)c4,7.89
78,CHEMBL3676313,Cc1nc2cc(ccc2[nH]1)n3ncc(C(=O)c4cc5ccc(CN6CCC(O)CC6)cc5[nH]4)c3N,7.89
79,CHEMBL3690450,FC(F)(F)CNC(=O)Nc1cccc(c1)c2cnc3cc(ccn23)c4cnc(nc4)N5CC(F)(F)C5,7.89
80,CHEMBL3690570,FC(F)(F)CNC(=O)Nc1cccc(c1)c2cnc3cc(ccn23)c4nccc(n4)C(=O)N5CCOCC5,7.89
81,CHEMBL3690453,COc1cncc(n1)c2ccn3c(cnc3c2)c4cccc(NC(=O)NCC(F)(F)F)c4,7.91
82,CHEMBL3681271,CC1CCC(C)N1Cc2ccc3[nH]c(cc3c2)C(=O)c4cnn(c4N)c5ccc6[nH]c(C)nc6c5,7.92
83,CHEMBL2216830,CCN(CC)CCCCNc1ncc2CN(C(=O)N(Cc3cccc(NC(=O)C=C)c3)c2n1)c4c(Cl)c(OC)cc(OC)c4Cl,7.92
84,CHEMBL3681291,CN1CCN(Cc2ccc3[nH]c(cc3c2)C(=O)c4cnn(c4N)c5ccc6[nH]c(C)nc6c5)CC1,7.92
85,CHEMBL3653139,COc1cc(OC)c(Cl)c(c1F)c2ccc(C(=O)Nc3ncc(CN4CCNC(=O)C4)[nH]3)c5nccnc25,7.92
86,CHEMBL3694649,FC(F)(F)CNC(=O)Nc1cccc(c1)c2cnc3cc(ccn23)c4nccc(n4)C#N,7.92
87,CHEMBL3694662,FC(F)(F)CNC(=O)Nc1cccc(c1)c2cnc3cc(ccn23)c4nccc(n4)N5CCNCC5,7.92
88,CHEMBL3690533,COc1nccc(n1)c2ccn3c(cnc3c2)c4cccc(NC(=O)NCC(F)(F)F)c4,7.94
89,CHEMBL3694712,CC(C)c1cc(N)nc(n1)c2ccn3c(cnc3c2)c4cccc(NC(=O)NCC(F)(F)F)c4,7.96
90,CHEMBL3690379,CN(C)CC#Cc1ccn2c(cnc2c1)c3cccc(NC(=O)NCC(F)(F)F)c3,7.96
91,CHEMBL3653137,COc1cc(OC)c(Cl)c(c1F)c2ccc(C(=O)Nc3ncc(CN(C)C)[nH]3)c4nccnc24,7.96
92,CHEMBL3653120,COc1cc(OC)c(F)c(c1F)c2ccc(C(=O)Nc3ccc(CN(C)CC(=O)N)cn3)c4nccnc24,7.96
93,CHEMBL3653136,COc1cc(OC)c(F)c(c1F)c2ccc(C(=O)Nc3ncc(CN4CCOCC4)[nH]3)c5nccnc25,7.96
94,CHEMBL3690585,Cc1cc(nc(n1)C(F)(F)F)c2ccn3c(cnc3c2)c4cccc(NC(=O)NCC(F)(F)F)c4,7.96
95,CHEMBL3690540,Cn1ccnc1\C=C\c2ccn3c(cnc3c2)c4cccc(NC(=O)NCC(F)(F)F)c4,7.96
96,CHEMBL3690572,FC(F)(F)CNC(=O)Nc1cccc(c1)c2cnc3cc(ccn23)c4ccc(cn4)C(=O)N5CCOCC5,7.96
97,CHEMBL3690559,NC(=O)c1ccnc(c1)c2ccn3c(cnc3c2)c4cccc(NC(=O)NCC(F)(F)F)c4,7.96
98,CHEMBL1784637,CNC(=O)c1ncc(C#Cc2cc(ccc2C)C(=O)Nc3ccc(CN4CCN(CCO)CC4)c(c3)C(F)(F)F)n1C,7.98
99,CHEMBL3690376,FC(F)(F)CNC(=O)Nc1cccc(c1)c2cnc3cc(ccn23)C#Cc4cccnc4,7.98
100,CHEMBL3690407,NC(=O)c1sccc1c2ccn3c(cnc3c2)c4cccc(NC(=O)NCC(F)(F)F)c4,7.99
101,CHEMBL3653131,COc1cc(OC)c(Cl)c(c1Cl)c2ccc(C(=O)Nc3ncc(CN(C)C)[nH]3)c4nccnc24,8.0
102,CHEMBL3653142,COc1cc(OC)c(Cl)c(c1F)c2ccc(C(=O)Nc3ncc(CN(C)C)[nH]3)c4ncccc24,8.0
103,CHEMBL3674746,COc1cc(OC)c(F)c(c1F)c2ccc(C(=O)Nc3ccc(CN4CCN(C)CC4)cn3)c5nccnc25,8.0
104,CHEMBL3653134,COc1cc(OC)c(F)c(c1F)c2ccc(C(=O)Nc3ccc(CN4CCNCC4)cn3)c5nccnc25,8.0
105,CHEMBL3681292,Cc1nc2cc(ccc2[nH]1)n3ncc(C(=O)c4cc5cc(CN6CCCC6)ccc5[nH]4)c3N,8.0
106,CHEMBL3681285,Cc1nc2cc(ccc2[nH]1)n3ncc(C(=O)c4cc5cc(ccc5[nH]4)C(=O)N6CCOCC6)c3N,8.0
107,CHEMBL495727,O=C(NC1CC1)Nc2c[nH]nc2c3nc4cc(CN5CCOCC5)ccc4[nH]3,8.0
108,CHEMBL3694660,Cn1cncc1C#Cc2ccn3c(cnc3c2)c4cccc(NC(=O)N)c4,8.02
109,CHEMBL3690536,FC(F)(F)CNC(=O)Nc1cccc(c1)c2cnc3cc(ccn23)C4=CC(=O)NC=N4,8.02
110,CHEMBL3694723,COc1ccnc(n1)c2ccn3c(cnc3c2)c4cccc(NC(=O)NCC(F)(F)F)c4,8.03
111,CHEMBL3690549,FC(F)(F)CNC(=O)Nc1cccc(c1)c2cnc3cc(ccn23)c4ccnc(n4)C(F)(F)F,8.03
112,CHEMBL3690395,FC(F)(F)CNC(=O)Nc1cccc(c1)c2cnc3cc(ccn23)c4cnccn4,8.03
113,CHEMBL3694668,OCc1cnc(nc1)c2ccn3c(cnc3c2)c4cccc(NC(=O)NCC(F)(F)F)c4,8.03
114,CHEMBL3690523,Cc1cc(N)nc(n1)c2ccn3c(cnc3c2)c4cccc(NC(=O)NCC(F)(F)F)c4,8.04
115,CHEMBL3690456,Cc1cnc(cn1)c2ccn3c(cnc3c2)c4cccc(NC(=O)NCC(F)(F)F)c4,8.04
116,CHEMBL3694663,OCCN1CCN(CC1)c2ccnc(n2)c3ccn4c(cnc4c3)c5cccc(NC(=O)NCC(F)(F)F)c5,8.04
117,CHEMBL3653138,COc1cc(OC)c(Cl)c(c1F)c2ccc(C(=O)Nc3ncc(CN4CCN(C)CC4)[nH]3)c5nccnc25,8.05
118,CHEMBL3653141,COc1cc(OC)c(F)c(c1F)c2ccc(C(=O)Nc3ncc(CN(C)C)[nH]3)c4ncccc24,8.05
119,CHEMBL3694659,CC(C)n1ccnc1C#Cc2ccn3c(cnc3c2)c4cccc(NC(=O)NCC(F)(F)F)c4,8.06
120,CHEMBL3694682,COC(=O)c1cnc(nc1)c2ccn3c(cnc3c2)c4cccc(NC(=O)NCC(F)(F)F)c4,8.07
121,CHEMBL3690452,COc1cnc(cn1)c2ccn3c(cnc3c2)c4cccc(NC(=O)NCC(F)(F)F)c4,8.08
122,CHEMBL3681295,Cc1nc2cc(ccc2[nH]1)n3ncc(C(=O)c4cc5cc(ccc5[nH]4)C(=O)O)c3N,8.08
123,CHEMBL3694716,Cn1cncc1C#Cc2ccn3c(cnc3c2)c4cc(NC(=O)NCC(F)(F)F)ccc4F,8.09
124,CHEMBL3694699,FC(F)(F)CNC(=O)Nc1cc(Cl)cc(c1)c2cnc3cc(ccn23)c4ncccn4,8.09
125,CHEMBL3694721,OC(=O)c1cnc(nc1)c2ccn3c(cnc3c2)c4cccc(NC(=O)NCC(F)(F)F)c4,8.09
126,CHEMBL3686864,CCN1CCC(CC1)c2ccc(cc2)C(=O)Nc3cc(Oc4cc5ccn(C(=O)NC)c5cc4OC)ccn3,8.1
127,CHEMBL3690451,FC(F)(F)CNC(=O)Nc1cccc(c1)c2cnc3cc(ccn23)c4ccnnc4,8.1
128,CHEMBL3690389,FC(F)(F)CNC(=O)Nc1cncc(c1)c2cnc3cc(ccn23)c4nncs4,8.1
129,CHEMBL3690428,CN1CCC(O)(CC1)C#Cc2ccn3c(cnc3c2)c4cccc(NC(=O)NCC(F)(F)F)c4,8.11
130,CHEMBL3690496,COc1cnc(nc1)c2ccn3c(cnc3c2)c4cccc(NC(=O)NCC(F)(F)F)c4,8.11
131,CHEMBL3690556,OC\C=C\c1ccn2c(cnc2c1)c3cccc(NC(=O)NCC(F)(F)F)c3,8.11
132,CHEMBL3690537,NC(=O)c1ccnc(n1)c2ccn3c(cnc3c2)c4cccc(NC(=O)NCC(F)(F)F)c4,8.12
133,CHEMBL3690385,FC(F)(F)CNC(=O)Nc1cncc(c1)c2cnc3cc(ccn23)c4cccnn4,8.13
134,CHEMBL3690593,Nc1nc(cc(n1)C(F)(F)F)c2ccn3c(cnc3c2)c4cccc(NC(=O)NCC(F)(F)F)c4,8.13
135,CHEMBL3694674,Cn1ccnc1C#Cc2ccn3c(cnc3c2)c4cccc(NC(=O)NCC(F)(F)F)c4,8.14
136,CHEMBL3653123,COc1cc(OC)c(Cl)c(c1F)c2ccc(C(=O)Nc3ccc(CN4CCN(C)CC4)cn3)c5nccnc25,8.16
137,CHEMBL3653133,COc1cc(OC)c(F)c(c1F)c2ccc(C(=O)Nc3ncc(CN4CCCC4)[nH]3)c5nccnc25,8.16
138,CHEMBL3690520,Nc1nc(ncc1F)c2ccn3c(cnc3c2)c4cncc(NC(=O)NCC(F)(F)F)c4,8.16
139,CHEMBL3676316,Cc1nc2cc(ccc2[nH]1)n3ncc(C(=O)c4cc5ccc(OC6CCOCC6)cc5[nH]4)c3N,8.17
140,CHEMBL3690538,FC(F)(F)CNC(=O)Nc1cccc(c1)c2cnc3cc(\C=C\c4ccccn4)ccn23,8.17
141,CHEMBL3690545,Cc1nc(cc(n1)c2ccn3c(cnc3c2)c4cccc(NC(=O)NCC(F)(F)F)c4)N5CCN(CCO)CC5,8.19
142,CHEMBL3690386,Cc1ccc(nn1)c2ccn3c(cnc3c2)c4cncc(NC(=O)NCC(F)(F)F)c4,8.2
143,CHEMBL3690449,Cn1ccc(n1)C#Cc2ccn3c(cnc3c2)c4cccc(NC(=O)NCC(F)(F)F)c4,8.2
144,CHEMBL3690473,Nc1ccnc(n1)c2ccn3c(cnc3c2)c4cccc(NC(=O)NCC(F)(F)F)c4,8.2
145,CHEMBL3690468,FC(F)(F)CNC(=O)Nc1cccc(c1)c2cnc3cc(ccn23)C4=CNC(=O)C=N4,8.21
146,CHEMBL3686883,CNC(=O)n1ccc2cc(Oc3ccnc(NC(=O)c4ccc(cc4)C5CCN(C)CC5)c3)c(OCCOC)cc12,8.22
147,CHEMBL3690589,FC(F)(F)CNC(=O)Nc1cccc(c1)c2cnc3cc(ccn23)c4nnc(CCN5CCCC5)s4,8.22
148,CHEMBL3690539,COc1ncc(cc1C)c2ccn3c(cnc3c2)c4cccc(NC(=O)NCC(F)(F)F)c4,8.23
149,CHEMBL3690527,Cc1cnc(nc1N)c2ccn3c(cnc3c2)c4cccc(NC(=O)NCC(F)(F)F)c4,8.23
150,CHEMBL3690519,NC(=O)Nc1cccc(c1)c2cnc3cc(ccn23)c4ncc(F)c(N)n4,8.24
151,CHEMBL3694713,COCc1cc(N)nc(n1)c2ccn3c(cnc3c2)c4cccc(NC(=O)NCC(F)(F)F)c4,8.25
152,CHEMBL3681282,Cc1nc2cc(ccc2[nH]1)n3ncc(C(=O)c4cc5c(NC(CO)CO)cccc5[nH]4)c3N,8.25
153,CHEMBL3694692,Nc1nc(ncc1F)c2ccn3c(cnc3c2)c4cc(Cl)cc(NC(=O)NCC(F)(F)F)c4,8.26
154,CHEMBL3686884,CNC(=O)n1ccc2cc(Oc3ccnc(NC(=O)c4ccc(cc4)C5CCN(CCO)CC5)c3)c(OCCOC)cc12,8.27
155,CHEMBL3676328,C[C@H]1COCCN1Cc2ccc3cc([nH]c3c2)C(=O)c4cnn(c4N)c5ccc6[nH]c(C)nc6c5,8.27
156,CHEMBL3676315,Cc1nc2cc(ccc2[nH]1)n3ncc(C(=O)c4cc5ccc(OCCN6CCOCC6)cc5[nH]4)c3N,8.27
157,CHEMBL3694720,Nc1nc(ncc1CO)c2ccn3c(cnc3c2)c4cccc(NC(=O)NCC(F)(F)F)c4,8.27
158,CHEMBL3694684,CC(=O)c1cnc(nc1)c2ccn3c(cnc3c2)c4cccc(NC(=O)NCC(F)(F)F)c4,8.28
159,CHEMBL3694702,Nc1cnc(nc1N)c2ccn3c(cnc3c2)c4cccc(NC(=O)NCC(F)(F)F)c4,8.28
160,CHEMBL3694647,Fc1cc(NC(=O)NCC(F)(F)F)cc(c1)c2cnc3cc(ccn23)c4ccnc(n4)C(F)(F)F,8.29
161,CHEMBL3800526,COc1cc(CCc2cc(Nc3ncnc4cc(ccc34)N5CCN6CCCCC6C5)n[nH]2)cc(OC)c1,8.3
162,CHEMBL3690427,Cc1ncc(C#Cc2ccn3c(cnc3c2)c4cccc(NC(=O)NCC(F)(F)F)c4)n1C,8.31
163,CHEMBL3694661,NC(=O)Nc1cccc(c1)c2cnc3cc(ccn23)c4nncs4,8.31
164,CHEMBL3690448,Nc1cnc(cn1)c2ccn3c(cnc3c2)c4cccc(NC(=O)NCC(F)(F)F)c4,8.31
165,CHEMBL3647346,Cc1nsc(n1)c2ccn3c(cnc3c2)c4cccc(NC(=O)NCC(F)(F)F)c4,8.32
166,CHEMBL3690457,FC(F)(F)CNC(=O)Nc1cccc(c1)c2cnc3cc(ccn23)c4cnc(nc4)N5CCNC(=O)C5,8.32
167,CHEMBL3690465,Nc1nc(ncc1F)c2ccn3c(cnc3c2)c4cccc(NC(=O)NCC(F)(F)F)c4,8.32
168,CHEMBL3694679,CCOC(=O)c1cnc(nc1N)c2ccn3c(cnc3c2)c4cccc(NC(=O)NCC(F)(F)F)c4,8.34
169,CHEMBL3690419,Cn1cc(cn1)C#Cc2ccn3c(cnc3c2)c4cccc(NC(=O)NCC(F)(F)F)c4,8.34
170,CHEMBL3690508,Cn1cncc1\C=C\c2ccn3c(cnc3c2)c4cccc(NC(=O)NCC(F)(F)F)c4,8.34
171,CHEMBL3694646,FC(F)(F)CNC(=O)Nc1cccc(c1)c2cnc3cc(ccn23)c4nnc(NC5CC5)s4,8.34
172,CHEMBL3690378,Cn1cncc1C#Cc2ccn3c(cnc3c2)c4cccc(NC(=O)NCC(F)(F)F)c4,8.35
173,CHEMBL3694694,Fc1cc(NC(=O)NCC(F)(F)F)cc(c1)c2cnc3cc(ccn23)c4ncccn4,8.36
174,CHEMBL3694655,OCCn1ccnc1C#Cc2ccn3c(cnc3c2)c4cccc(NC(=O)NCC(F)(F)F)c4,8.36
175,CHEMBL3690594,CCN(CC)CCc1nnc(s1)c2ccn3c(cnc3c2)c4cccc(NC(=O)NCC(F)(F)F)c4,8.37
176,CHEMBL3694707,CC(C)(C)OC(=O)NCC1CCN(CC1)c2ccc(cn2)c3ccn4c(cnc4c3)c5cccc(NC(=O)NCC(F)(F)F)c5,8.38
177,CHEMBL3690462,CCOc1cccc(n1)c2ccn3c(cnc3c2)c4cccc(NC(=O)NCC(F)(F)F)c4,8.38
178,CHEMBL3690535,COc1cc(ncn1)c2ccn3c(cnc3c2)c4cccc(NC(=O)NCC(F)(F)F)c4,8.38
179,CHEMBL3690495,Cc1cnnc(c1)c2ccn3c(cnc3c2)c4cccc(NC(=O)NCC(F)(F)F)c4,8.38
180,CHEMBL3694706,Nc1nc(ncc1OCCO)c2ccn3c(cnc3c2)c4cccc(NC(=O)NCC(F)(F)F)c4,8.38
181,CHEMBL3690424,Cc1nccc(n1)c2ccn3c(cnc3c2)c4cccc(NC(=O)NCC(F)(F)F)c4,8.39
182,CHEMBL3690382,FC(F)(F)CNC(=O)Nc1cccc(c1)c2cnc3cc(ccn23)c4nnc(s4)C(F)(F)F,8.4
183,CHEMBL3690374,NC\C=C\C(=N)c1ccn2c(cnc2c1)c3cccc(NC(=O)NCC(F)(F)F)c3,8.4
184,CHEMBL3690525,COc1cnc(nc1N)c2ccn3c(cnc3c2)c4cccc(NC(=O)NCC(F)(F)F)c4,8.41
185,CHEMBL3690530,Nc1nc(ncc1C(F)(F)F)c2ccn3c(cnc3c2)c4cccc(NC(=O)NCC(F)(F)F)c4,8.41
186,CHEMBL3694670,CC(O)c1cnc(nc1)c2ccn3c(cnc3c2)c4cccc(NC(=O)NCC(F)(F)F)c4,8.42
187,CHEMBL3694685,CC(F)(F)c1cnc(nc1)c2ccn3c(cnc3c2)c4cccc(NC(=O)NCC(F)(F)F)c4,8.43
188,CHEMBL3690442,CN1CCN(CC1)c2ncc(cn2)c3ccn4c(cnc4c3)c5cccc(NC(=O)NCC(F)(F)F)c5,8.43
189,CHEMBL3690425,CN1N=C(C=CC1=O)c2ccn3c(cnc3c2)c4cccc(NC(=O)NCC(F)(F)F)c4,8.43
190,CHEMBL3690524,Cc1nc(ccc1F)c2ccn3c(cnc3c2)c4cccc(NC(=O)NCC(F)(F)F)c4,8.43
191,CHEMBL3676325,Cc1nc2cc(ccc2[nH]1)n3ncc(C(=O)c4cc5ccc(OCC6(C)COC6)cc5[nH]4)c3N,8.43
192,CHEMBL3694714,Cn1c(CO)cnc1C#Cc2ccn3c(cnc3c2)c4cccc(NC(=O)NCC(F)(F)F)c4,8.43
193,CHEMBL3690466,Fc1ccnc(c1)c2ccn3c(cnc3c2)c4cccc(NC(=O)NCC(F)(F)F)c4,8.43
194,CHEMBL3690493,Cc1cc(nnc1Cl)c2ccn3c(cnc3c2)c4cccc(NC(=O)NCC(F)(F)F)c4,8.45
195,CHEMBL3690503,Cc1cc(C)nc(c1)c2ccn3c(cnc3c2)c4cccc(NC(=O)NCC(F)(F)F)c4,8.46
196,CHEMBL3681278,Cc1nc2cc(ccc2[nH]1)n3ncc(C(=O)c4cc5ccc(CN6CCOCC6)cc5[nH]4)c3N,8.46
197,CHEMBL3639892,FC(F)(F)CNC(=O)Nc1cccc(c1)c2cnc3cc(ccn23)c4ccc(Cl)nn4,8.46
198,CHEMBL3690560,Nc1cc(nc(n1)C(F)(F)F)c2ccn3c(cnc3c2)c4cccc(NC(=O)NCC(F)(F)F)c4,8.46
199,CHEMBL3690576,FC(F)(F)CNC(=O)Nc1cccc(c1)c2cnc3cc(ccn23)c4cc(ncn4)C(F)(F)F,8.47
200,CHEMBL3647352,FC(F)(F)CNC(=O)Nc1cccc(c1)c2cnc3cc(ccn23)c4ncns4,8.48
201,CHEMBL3647337,Fc1ccc(cc1)c2ccn3c(cnc3c2)c4cccc(NC(=O)NCC(F)(F)F)c4,8.48
202,CHEMBL3690565,CN(C)S(=O)(=O)n1ccnc1c2ccnc(n2)c3ccn4c(cnc4c3)c5cccc(NC(=O)NCC(F)(F)F)c5,8.5
203,CHEMBL3676320,Cc1nc2cc(ccc2[nH]1)n3ncc(C(=O)c4cc5cc(ccc5[nH]4)C(=O)N6CCCC(F)(F)C6)c3N,8.51
204,CHEMBL522892,CN1CCN(CC1)c2ccc3nc([nH]c3c2)C4=C(N)c5c(F)cccc5NC4=O,8.52
205,CHEMBL3690569,CNC(=O)c1ccnc(n1)c2ccn3c(cnc3c2)c4cccc(NC(=O)NCC(F)(F)F)c4,8.52
206,CHEMBL3690398,FC(F)(F)CNC(=O)Nc1cccc(c1)c2cnc3cc(ccn23)c4ccncn4,8.52
207,CHEMBL3690517,Nc1nc(ncc1C#N)c2ccn3c(cnc3c2)c4cccc(NC(=O)NCC(F)(F)F)c4,8.52
208,CHEMBL3690504,CN(C(=O)OC(C)(C)C)c1ncc(cc1C)c2ccn3c(cnc3c2)c4cccc(NC(=O)NCC(F)(F)F)c4,8.54
209,CHEMBL3694651,CC(C)(O)c1cnc(nc1)c2ccn3c(cnc3c2)c4cccc(NC(=O)NCC(F)(F)F)c4,8.55
210,CHEMBL3690575,CC(C)c1nc(C)cc(n1)c2ccn3c(cnc3c2)c4cccc(NC(=O)NCC(F)(F)F)c4,8.55
211,CHEMBL3690431,CCN(CC)CCNC(=O)C(C)(C)\N=C\C(C=N)c1ccn2c(cnc2c1)c3cccc(NC(=O)NCC(F)(F)F)c3,8.55
212,CHEMBL3690464,COc1cccc(n1)c2ccn3c(cnc3c2)c4cccc(NC(=O)NCC(F)(F)F)c4,8.55
213,CHEMBL3690441,FC(F)(F)CNC(=O)Nc1cccc(c1)c2cnc3cc(ccn23)c4cccnc4,8.55
214,CHEMBL3690488,OCCN1N=C(C=CC1=O)c2ccn3c(cnc3c2)c4cccc(NC(=O)NCC(F)(F)F)c4,8.57
215,CHEMBL3690470,OCCc1cccc(c1)c2ccn3c(cnc3c2)c4cccc(NC(=O)NCC(F)(F)F)c4,8.57
216,CHEMBL3647351,Cc1ccc(nn1)c2ccn3c(cnc3c2)c4cccc(NC(=O)NCC(F)(F)F)c4,8.59
217,CHEMBL3690461,Cc1cccc(n1)c2ccn3c(cnc3c2)c4cccc(NC(=O)NCC(F)(F)F)c4,8.59
218,CHEMBL3694669,Nc1nc(ncc1C(=O)O)c2ccn3c(cnc3c2)c4cccc(NC(=O)NCC(F)(F)F)c4,8.59
219,CHEMBL3690582,Nc1cc(ncc1C(F)(F)F)c2ccn3c(cnc3c2)c4cccc(NC(=O)NCC(F)(F)F)c4,8.6
220,CHEMBL3690513,CNc1ncc(cc1C)c2ccn3c(cnc3c2)c4cccc(NC(=O)NCC(F)(F)F)c4,8.61
221,CHEMBL3690415,FC(F)(F)CNC(=O)Nc1cccc(c1)c2cnc3cc(ccn23)C4=NNC(=O)C=C4,8.61
222,CHEMBL3690500,CN(C)CCCOc1ccc(cn1)c2ccn3c(cnc3c2)c4cccc(NC(=O)NCC(F)(F)F)c4,8.62
223,CHEMBL3690489,FC(F)(F)CNC(=O)Nc1cccc(c1)c2cnc3cc(ccn23)c4ccc(OC5CCNCC5)nn4,8.64
224,CHEMBL3690507,NC(=O)Nc1cccc(c1)c2cnc3cc(ccn23)c4ccc(F)cc4,8.64
225,CHEMBL3690413,FC(F)(F)CNC(=O)Nc1cccc(c1)c2cnc3cc(ccn23)c4ccc(nc4)N5CCCCC5,8.65
226,CHEMBL3694653,Nc1nc(ncc1CN2CCC2)c3ccn4c(cnc4c3)c5cccc(NC(=O)NCC(F)(F)F)c5,8.65
227,CHEMBL3694698,CC(=O)c1cnc(nc1N)c2ccn3c(cnc3c2)c4cccc(NC(=O)NCC(F)(F)F)c4,8.66
228,CHEMBL3647350,Cc1cn(cn1)c2ccn3c(cnc3c2)c4cccc(NC(=O)NCC(F)(F)F)c4,8.66
229,CHEMBL3690568,Cc1nc2cc(ccc2s1)c3ccn4c(cnc4c3)c5cccc(NC(=O)NCC(F)(F)F)c5,8.68
230,CHEMBL1834657,CCN1CCN(CC1)c2ccc(Nc3cc(ncn3)N(C)C(=O)Nc4c(Cl)c(OC)cc(OC)c4Cl)cc2.OP(=O)(O)O,8.7
231,CHEMBL3694654,CN(C)Cc1cnc(nc1N)c2ccn3c(cnc3c2)c4cccc(NC(=O)NCC(F)(F)F)c4,8.7
232,CHEMBL3827178,C[C@@H](Oc1ccc2[nH]nc(c3nc4cc(ccc4[nH]3)N5CCN(C)CC5)c2c1)c6c(Cl)cncc6Cl,8.7
233,CHEMBL3647344,FC(F)(F)CNC(=O)Nc1cccc(c1)c2cnc3cc(ccn23)c4nncs4,8.72
234,CHEMBL3694709,CC(C)(O)c1cccc(c1)c2ccn3c(cnc3c2)c4cccc(NC(=O)NCC(F)(F)F)c4,8.75
235,CHEMBL3690414,COc1ccc(nn1)c2ccn3c(cnc3c2)c4cccc(NC(=O)NCC(F)(F)F)c4,8.76
236,CHEMBL3690459,Fc1ccc(nc1)c2ccn3c(cnc3c2)c4cccc(NC(=O)NCC(F)(F)F)c4,8.76
237,CHEMBL3690490,FC(F)(F)CNC(=O)Nc1cccc(c1)c2cnc3cc(ccn23)c4ccc(OC5CCCNC5)nn4,8.78
238,CHEMBL3694650,FC(F)(F)CNC(=O)Nc1cccc(c1)c2cnc3cc(ccn23)c4ccc(nn4)C#N,8.78
239,CHEMBL3681284,Cc1nc2cc(ccc2[nH]1)n3ncc(C(=O)c4cc5ccc(cc5[nH]4)N6CCOCC6)c3N,8.8
240,CHEMBL3647353,NCCn1cc(cn1)c2ccn3c(cnc3c2)c4cccc(NC(=O)NCC(F)(F)F)c4,8.8
241,CHEMBL3690446,FC(F)(F)CNC(=O)Nc1cccc(c1)c2cnc3cc(ccn23)c4ccncc4,8.81
242,CHEMBL3690558,Cc1nc(N)cc(n1)c2ccn3c(cnc3c2)c4cccc(NC(=O)NCC(F)(F)F)c4,8.82
243,CHEMBL3690435,CC(C)(\N=C\C(C=N)c1ccn2c(cnc2c1)c3cccc(NC(=O)NCC(F)(F)F)c3)C(=O)N,8.84
244,CHEMBL3690469,Nc1cccc(n1)c2ccn3c(cnc3c2)c4cccc(NC(=O)NCC(F)(F)F)c4,8.86
245,CHEMBL3690403,CC(C)(C)OC(=O)N1CCCC(C1)n2cc(cn2)c3ccn4c(cnc4c3)c5cccc(NC(=O)NCC(F)(F)F)c5,8.89
246,CHEMBL3690555,CSc1nc(N)cc(n1)c2ccn3c(cnc3c2)c4cccc(NC(=O)NCC(F)(F)F)c4,8.89
247,CHEMBL3690460,Cc1ccnc(c1)c2ccn3c(cnc3c2)c4cccc(NC(=O)NCC(F)(F)F)c4,8.89
248,CHEMBL3690471,Nc1ccnc(c1)c2ccn3c(cnc3c2)c4cccc(NC(=O)NCC(F)(F)F)c4,8.89
249,CHEMBL3694696,Nc1nc(ncc1F)c2ccn3c(cnc3c2)c4cc(F)cc(NC(=O)NCC(F)(F)F)c4,8.89
250,CHEMBL3690417,CC(C)(C)OC(=O)N1CCc2nc(sc2C1)c3ccn4c(cnc4c3)c5cccc(NC(=O)NCC(F)(F)F)c5,8.9
251,CHEMBL3690432,CNC(=O)C(C)(C)\N=C\C(C=N)c1ccn2c(cnc2c1)c3cccc(NC(=O)NCC(F)(F)F)c3,8.9
252,CHEMBL3647349,Cc1nc(c(C)n1C)c2ccn3c(cnc3c2)c4cccc(NC(=O)NCC(F)(F)F)c4,8.91
253,CHEMBL3681290,CC(=O)N1CCN(Cc2ccc3cc([nH]c3c2)C(=O)c4cnn(c4N)c5ccc6[nH]c(C)nc6c5)CC1,8.92
254,CHEMBL3690574,Cc1cn2nc(sc2n1)c3ccn4c(cnc4c3)c5cccc(NC(=O)NCC(F)(F)F)c5,8.92
255,CHEMBL3686062,FC(F)(F)CNC(=O)Nc1cccc(c1)c2cnc3cc(ccn23)c4ccccn4,8.92
256,CHEMBL3690485,FC(F)(F)CNC(=O)Nc1cncc(c1)c2cnc3cc(ccn23)c4cnn(c4)C5CNC5,8.92
257,CHEMBL3686064,CC(C)(C(=O)O)n1cc(cn1)c2ccn3c(cnc3c2)c4cccc(NC(=O)NCC(F)(F)F)c4,8.94
258,CHEMBL3690434,CC(C)(C(=O)NC1CC1)n2cc(cn2)c3ccn4c(cnc4c3)c5cccc(NC(=O)NCC(F)(F)F)c5,8.96
259,CHEMBL3690377,CN1CCN(CC1)c2ccc(nn2)c3ccn4c(cnc4c3)c5cccc(NC(=O)NCC(F)(F)F)c5,8.96
260,CHEMBL3690373,FC(F)(F)CNC(=O)Nc1cccc(c1)c2cnc3cc(ccn23)c4nc5CCCc5s4,8.96
261,CHEMBL3690557,NC(=O)c1ccc(nc1)c2ccn3c(cnc3c2)c4cccc(NC(=O)NCC(F)(F)F)c4,8.96
262,CHEMBL3690405,CN1CC(C1)n2cc(cn2)c3ccn4c(cnc4c3)c5cccc(NC(=O)NCC(F)(F)F)c5,8.98
263,CHEMBL3690567,CNc1cc(nc(SC)n1)c2ccn3c(cnc3c2)c4cccc(NC(=O)NCC(F)(F)F)c4,9.0
264,CHEMBL3694722,COCc1cc(nc(N)n1)c2ccn3c(cnc3c2)c4cccc(NC(=O)NCC(F)(F)F)c4,9.0
265,CHEMBL3690554,COc1ccc(nc1)c2ccn3c(cnc3c2)c4cccc(NC(=O)NCC(F)(F)F)c4,9.0
266,CHEMBL3694681,FC(F)(F)CNC(=O)Nc1cccc(c1)c2cnc3cc(ccn23)c4nnc(Nc5cccnc5)s4,9.0
267,CHEMBL3694656,OCCc1nnc(s1)c2ccn3c(cnc3c2)c4cccc(NC(=O)NCC(F)(F)F)c4,9.0
268,CHEMBL3694645,CC(C)Oc1cc(NC(=O)NCC(F)(F)F)cc(c1)c2cnc3cc(ccn23)c4nn5cc(C)nc5s4,9.02
269,CHEMBL3690506,FC(F)(F)CNC(=O)Nc1cncc(c1)c2cnc3cc(ccn23)c4cnn(c4)C5CCNCC5,9.03
270,CHEMBL3690455,OCc1ccc(nc1)c2ccn3c(cnc3c2)c4cccc(NC(=O)NCC(F)(F)F)c4,9.03
271,CHEMBL3690443,COCCNc1ccc(nn1)c2ccn3c(cnc3c2)c4cccc(NC(=O)NCC(F)(F)F)c4,9.05
272,CHEMBL3690474,OCCc1ccc(cc1)c2ccn3c(cnc3c2)c4cccc(NC(=O)NCC(F)(F)F)c4,9.05
273,CHEMBL3690583,CCNC(=O)Nc1cccc(c1)c2cnc3cc(ccn23)c4ncc(c(N)n4)C(F)(F)F,9.06
274,CHEMBL3686061,CCOC(=O)C(C)(C)n1cc(cn1)c2ccn3c(cnc3c2)c4cccc(NC(=O)NCC(F)(F)F)c4,9.07
275,CHEMBL3690590,CC(C)c1cnc(N)nc1c2ccn3c(cnc3c2)c4cccc(NC(=O)NCC(F)(F)F)c4,9.08
276,CHEMBL3690454,Cc1ccc(nc1)c2ccn3c(cnc3c2)c4cccc(NC(=O)NCC(F)(F)F)c4,9.08
277,CHEMBL3686060,FC(F)(F)CNC(=O)Nc1cccc(c1)c2cnc3cc(ccn23)c4nnc(s4)C5CCCO5,9.08
278,CHEMBL3690400,CN(C)C1CCN(CC1)c2ccc(nn2)c3ccn4c(cnc4c3)c5cccc(NC(=O)NCC(F)(F)F)c5,9.09
279,CHEMBL3690401,FC(F)(F)CNC(=O)Nc1cccc(c1)c2cnc3cc(ccn23)c4cnn(c4)C5CNC5,9.09
280,CHEMBL3647343,Cc1c(nnn1C)c2ccn3c(cnc3c2)c4cccc(NC(=O)NCC(F)(F)F)c4,9.1
281,CHEMBL3690486,Nc1ccc(nc1)c2ccn3c(cnc3c2)c4cccc(NC(=O)NCC(F)(F)F)c4,9.1
282,CHEMBL3647338,Cc1nnc(s1)c2ccn3c(cnc3c2)c4cccc(NC(=O)NCC(F)(F)F)c4,9.11
283,CHEMBL3690433,CN(C)C(=O)C(C)(C)\N=C\C(C=N)c1ccn2c(cnc2c1)c3cccc(NC(=O)NCC(F)(F)F)c3,9.13
284,CHEMBL3690439,CN1CCC(CC1)Nc2ccc(nn2)c3ccn4c(cnc4c3)c5cccc(NC(=O)NCC(F)(F)F)c5,9.14
285,CHEMBL3690491,CNc1ccc(nn1)c2ccn3c(cnc3c2)c4cccc(NC(=O)NCC(F)(F)F)c4,9.15
286,CHEMBL3690445,FC(F)(F)CNC(=O)Nc1cccc(c1)c2cnc3cc(ccn23)c4ccc(nn4)N5CCC5,9.15
287,CHEMBL3690387,FC(F)(F)CNC(=O)Nc1cccc(c1)c2cnc3cc(ccn23)c4nnc(CCN5CCCCC5)s4,9.15
288,CHEMBL3690484,OCCc1ccc(nc1)c2ccn3c(cnc3c2)c4cccc(NC(=O)NCC(F)(F)F)c4,9.15
289,CHEMBL3647347,OCCn1cc(cn1)c2ccn3c(cnc3c2)c4cccc(NC(=O)NCC(F)(F)F)c4,9.15
290,CHEMBL3701267,COc1cc(OC)cc(c1)C#Cc2cn(C3CN(C3)C(=O)\C=C\CN(C)C)c4ncnc(N)c24,9.16
291,CHEMBL3701274,COc1cc(OC)cc(c1)C#Cc2cn(C3CN(C3)C(=O)\C=C\CN4CC[C@H](O)C4)c5ncnc(N)c25,9.16
292,CHEMBL3690416,FC(F)(F)CNC(=O)Nc1cccc(c1)c2cnc3cc(ccn23)c4nc5CCNCc5s4,9.17
293,CHEMBL3694708,COCCc1nnc(s1)c2ccn3c(cnc3c2)c4cccc(NC(=O)NCC(F)(F)F)c4,9.19
294,CHEMBL3690380,N\C(=C/CC(=N)N1CCOCC1)\c2ccn3c(cnc3c2)c4cccc(NC(=O)NCC(F)(F)F)c4,9.19
295,CHEMBL3690397,CC(C)N1CC(C1)\N=C\C(C=N)c2ccn3c(cnc3c2)c4cccc(NC(=O)NCC(F)(F)F)c4,9.21
296,CHEMBL3690404,FC(F)(F)CNC(=O)Nc1cccc(c1)c2cnc3cc(ccn23)c4cnn(c4)C5CCCNC5,9.21
297,CHEMBL3690475,CN(C)c1ccc(nn1)c2ccn3c(cnc3c2)c4cccc(NC(=O)NCC(F)(F)F)c4,9.22
298,CHEMBL3690402,CN1CCCC(C1)\N=C\C(C=N)c2ccn3c(cnc3c2)c4cccc(NC(=O)NCC(F)(F)F)c4,9.22
299,CHEMBL3690409,FC(F)(F)CNC(=O)Nc1cccc(c1)c2cnc3cc(ccn23)c4cnn(c4)C5CCNC5,9.22
300,CHEMBL3690408,CCN1CCC(C1)\N=C\C(C=N)c2ccn3c(cnc3c2)c4cccc(NC(=O)NCC(F)(F)F)c4,9.24
301,CHEMBL3686063,FC(F)(F)CNC(=O)Nc1cccc(c1)c2cnc3cc(ccn23)c4cnn(c4)C5CCNCC5,9.24
302,CHEMBL3690501,CC(=O)N1CCN(CC1)c2ccc(cn2)c3ccn4c(cnc4c3)c5cccc(NC(=O)NCC(F)(F)F)c5,9.25
303,CHEMBL3690430,OCCNc1ccc(nn1)c2ccn3c(cnc3c2)c4cccc(NC(=O)NCC(F)(F)F)c4,9.25
304,CHEMBL3686065,CN1CCC(CC1)n2cc(cn2)c3ccn4c(cnc4c3)c5cccc(NC(=O)NCC(F)(F)F)c5,9.26
305,CHEMBL3686066,FC(F)(F)CNC(=O)Nc1cccc(c1)c2cnc3cc(ccn23)c4ccc(nn4)N5CCCCC5,9.26
306,CHEMBL3690411,FC(F)(F)CNC(=O)Nc1cccc(c1)c2cnc3cc(ccn23)c4cnn(c4)C5CCOC5,9.27
307,CHEMBL3690438,NC1CCN(CC1)c2ccc(nn2)c3ccn4c(cnc4c3)c5cccc(NC(=O)NCC(F)(F)F)c5,9.27
308,CHEMBL3639935,Nc1nnc(s1)c2ccn3c(cnc3c2)c4cccc(NC(=O)NCC(F)(F)F)c4,9.27
309,CHEMBL3690458,FC(F)(F)CNC(=O)Nc1cccc(c1)c2cnc3cc(ccn23)c4ccc(nn4)N5CCNC(=O)C5,9.28
310,CHEMBL3701262,COc1cc(OC)cc(c1)C#Cc2cn([C@H]3CCN(C3)C(=O)C#CC(C)(C)O)c4ncnc(N)c24,9.3
311,CHEMBL3701238,COc1cc(OC)cc(c1)C#Cc2nn([C@H]3CCN(C3)C(=O)C=C)c4ncnc(N)c24,9.3
312,CHEMBL3647342,Cn1cnc(c1)c2ccn3c(cnc3c2)c4cccc(NC(=O)NCC(F)(F)F)c4,9.31
313,CHEMBL3690492,OC1CCCN(C1)c2ccc(nn2)c3ccn4c(cnc4c3)c5cccc(NC(=O)NCC(F)(F)F)c5,9.32
314,CHEMBL3690562,FC(F)(F)CNC(=O)Nc1cccc(c1)c2cnc3cc(ccn23)c4nccc(n4)n5ccnc5,9.34
315,CHEMBL3690444,CC(C)(CO)Nc1ccc(nn1)c2ccn3c(cnc3c2)c4cccc(NC(=O)NCC(F)(F)F)c4,9.35
316,CHEMBL3701241,COc1cc(OC)cc(c1)C#Cc2nn(C3CN(C3)C(=O)C=C)c4ncnc(N)c24,9.52
317,CHEMBL3701239,COc1cc(OC)cc(c1)C#Cc2nn([C@H]3CCN(C3)C(=O)C#C)c4ncnc(N)c24,9.7
318,CHEMBL3701266,COc1cc(OC)cc(c1)C#CC2=CN(C3CN(C3)C(=O)C=C)C4N=CN=C(N)C24,10.0
