,molecule_chembl_id,canonical_smiles,pchembl_value
0,dasatinib,CC1=NC(NC2=NC=C(S2)C(=O)NC2=C(C)C=CC=C2Cl)=CC(=N1)N1CCN(CCO)CC1,9.1
1,CHEMBL475251,COc1cc(Nc2ncc(F)c(Nc3ccc4OC(C)(C)C(=O)Nc4n3)n2)cc(OC)c1OC,7.55
2,CHEMBL1778662,Cl.CC(CCCC(C)(C)O)Nc1nc(Nc2cc(C)[nH]n2)cc(C)c1C#N,7.55
3,CHEMBL306380,Cc1ccc(cc1)c2nn(c3ncnc(N)c23)C(C)(C)C,7.57
4,CHEMBL477817,Cc1c(Nc2c(cnc3sc(\C=C\C(=O)N4CCCC4)cc23)C#N)ccc5[nH]ccc15,7.6
5,CHEMBL436137,Cc1cccc(C)c1c2cc(C)c3nc(Nc4ccc(OCCN5CCCC5)cc4)nnc3c2,7.64
6,CHEMBL506247,Oc1cc(cc(O)c1O)C(=O)Oc2cc(cc(O)c2O)C(=O)OC[C@H]3O[C@@H](OC(=O)c4cc(O)c(O)c(OC(=O)c5cc(O)c(O)c(O)c5)c4)[C@H](OC(=O)c6cc(O)c(O)c(OC(=O)c7cc(O)c(O)c(O)c7)c6)[C@@H](OC(=O)c8cc(O)c(O)c(OC(=O)c9cc(O)c(O)c(O)c9)c8)[C@@H]3OC(=O)c%10cc(O)c(O)c(OC(=O)c%11cc(O)c(O)c(O)c%11)c%10,7.66
7,CHEMBL388978,CN[C@@H]1C[C@H]2O[C@@](C)([C@@H]1OC)n3c4ccccc4c5c6CNC(=O)c6c7c8ccccc8n2c7c35,7.82
8,CHEMBL3115681,CN1CCN(CC1)c2ccc(Nc3ncc4C=C(C#N)C(=O)N(C5CCCC5)c4n3)cc2,7.96
9,bosutinib,COc1cc(Nc2c(cnc3cc(OCCCN4CCN(C)CC4)c(OC)cc23)C#N)c(Cl)cc1Cl,7.96
10,CHEMBL3622137,CCn1c(cc2c1nc(Nc3nc(C)c(C)s3)c4ncn(C)c24)C(=O)N(C5CC5)C6CC6,8.0
11,CHEMBL90002,CNc1cc(Nc2nc3ccc(cc3s2)C(=O)Nc4c(C)cccc4Cl)ncn1,8.06
12,CHEMBL1163016,CC1(C)CC(CC(C)(C)N1[O])N=C(O)c2cccc(c2)c3cc4nccc(Nc5cccc(O)c5)n4n3,8.3
13,CHEMBL3426225,CCn1nc(C#Cc2cc(ccc2C)C(=O)Nc3ccc(CN4CCN(C)CC4)c(c3)C(F)(F)F)c5c(N)ncnc15,8.3
14,CHEMBL470808,CNC(=O)c1cc(Oc2ccc3c(c2)nc(Nc4cccc(c4)C(C)(C)C)n3C)ccn1,8.3
15,CHEMBL386051,CSc1cccc(Nc2ncc3C=C(C(=O)N(C)c3n2)c4c(Cl)cccc4Cl)c1,8.31
16,CHEMBL88009,Cc1cc(Nc2nc3ccc(cc3s2)C(=O)Nc4c(C)cccc4Cl)nc(NCCO)n1,8.4
17,CHEMBL272888,CN1CCN(CC1)c2ccc(Nc3ncc(NC(=O)c4cc(NC(=O)c5cccc(c5)C(F)(F)F)ccc4C)cn3)cc2,8.52
18,CHEMBL312933,Cc1cccc(Cl)c1NC(=O)c2ccc3nc(Nc4cccc(NCCO)n4)sc3c2,8.62
19,CHEMBL3824089,COc1cc(ccc1NC(=O)OC(C)(C)C)c2nn(CCN3CCC(CC3)N(C)C)c4ncnc(N)c24,8.68
20,CHEMBL3335371,CC(=O)Nc1cc(Oc2ccc3c(c2)nc(Nc4cccc(c4)C(C)(C)C)n3C)ccn1,8.7
21,CHEMBL432189,Cc1cc(Nc2nc3ccc(cc3s2)C(=O)Nc4c(C)cccc4Cl)nc(NCC5CCCO5)n1,8.96
22,CHEMBL364623,Cc1cc(Nc2ncc(s2)C(=O)Nc3c(C)cccc3Cl)nc(C)n1,9.0
23,CHEMBL249097,Cc1ccc(O)cc1Nc2ccnc(Nc3cccc(c3)C(=O)N)n2,9.4
0,CHEMBL322395,COc1cc(Nc2c(cnc3cc(ccc23)c4ccc(CN5CCOCC5)cc4)C#N)c(Cl)cc1Cl,5.93
1,CHEMBL317821,COc1cc(Nc2c(cnc3cc(ccc23)c4ccc(CN5CCN(C)CC5)cc4)C#N)c(Cl)cc1Cl,6.08
6,CHEMBL303786,COc1cc(Nc2c(cnc3cc(ccc23)c4csc(CN5CCN(C)CC5)c4)C#N)c(Cl)cc1Cl,6.24
7,CHEMBL60391,COc1cc(Nc2c(cnc3cc(ccc23)c4cc(CN5CCN(C)CC5)cs4)C#N)c(Cl)cc1Cl,6.2
8,CHEMBL8682,OC(=O)CNC(=O)c1ccc(cc1)[N+](=O)[O-],6.62
9,CHEMBL164585,OC(=O)c1ccsc1,6.16
10,CHEMBL539,CC(=O)O,6.05
11,CHEMBL165399,OC(=O)c1cc(cc(c1)S(=O)(=O)O)C(=O)O,7.22
12,CHEMBL349371,COc1cc(Br)c(cc1OC)C(=O)O,6.3
13,CHEMBL12253,OC(=O)CC1=CC(=O)Oc2cc(O)ccc12,6.82
41,CHEMBL288441,COc1cc(Nc2c(cnc3cc(OCCCN4CCN(C)CC4)c(OC)cc23)C#N)c(Cl)cc1Cl,6.39
42,CHEMBL47940,Nc1ncnc2c1c(cn2C3CCCC3)c4ccc(Oc5ccccc5)cc4,6.9
43,CHEMBL21156,CC(C)(C)c1nc2c3ccc(F)cc3c4C(=O)NC=Cc4c2[nH]1,6.3
44,CHEMBL131577,Cc1cccc(Cl)c1NC(=O)c2cnc(NC(=O)C3CC3)s2,7.15
50,CHEMBL122744,COc1cc2c(Nc3ccc(Cl)cc3Cl)c(cnc2cc1OCCCN4CCN(C)CC4)C#N,5.54
52,CHEMBL440160,COc1cc2c(Nc3ccc(Cl)cc3Cl)c(cnc2cc1OCCCN4CCOCC4)C#N,5.5
54,CHEMBL354289,COc1cc2c(Nc3ccc(Cl)cc3Cl)c(cnc2cc1OCCCN4CCC(O)CC4)C#N,5.35
55,CHEMBL293712,CNS(=O)(=O)c1ccc2NC(=O)\C(=C/c3[nH]c4CCCCc4c3CCCN5CCN(C)CC5)\c2c1,6.1
56,CHEMBL291759,CCOC(=O)CN1CCN(CCCc2c3CCCCc3[nH]c2\C=C\4/C(=O)Nc5ccc(cc45)S(=O)(=O)NC)CC1,6.3
57,CHEMBL56109,CNS(=O)(=O)c1ccc2NC(=O)\C(=C/c3[nH]c4CCCCc4c3CCCN5CCN(CCO)CC5)\c2c1,7.0
58,CHEMBL56569,CNS(=O)(=O)c1ccc2NC(=O)\C(=C/c3[nH]c4CCCCc4c3CCC(=O)N)\c2c1,7.3
59,CHEMBL59042,CCS(=O)(=O)c1ccc2NC(=O)\C(=C/c3[nH]c4CCCCc4c3CCCN(C)C)\c2c1,6.52
60,CHEMBL292930,CNS(=O)(=O)c1ccc2NC(=O)\C(=C/c3[nH]c4CCCCc4c3CCCN5CCN(CC(=O)O)CC5)\c2c1,6.4
61,CHEMBL55496,CNS(=O)(=O)c1ccc2NC(=O)\C(=C/c3[nH]c4CCCCc4c3CCCN5CCC(O)CC5)\c2c1,6.7
62,CHEMBL296185,CNS(=O)(=O)c1ccc2NC(=O)\C(=C/c3[nH]c4CCCCc4c3CCCN5CCOCC5)\c2c1,6.16
63,CHEMBL300853,CCS(=O)(=O)c1ccc2NC(=O)\C(=C/c3[nH]c4CCCCc4c3CCCN5CCN(CC(=O)O)CC5)\c2c1,6.4
64,CHEMBL57143,CCS(=O)(=O)c1ccc2NC(=O)\C(=C/c3[nH]c4CCCCc4c3CCCN5CCN(CCO)CC5)\c2c1,6.4
65,CHEMBL52513,CNS(=O)(=O)c1ccc2NC(=O)\C(=C/c3[nH]c4CCCCc4c3CCCN(C)C)\c2c1,7.22
66,CHEMBL54283,CCS(=O)(=O)c1ccc2NC(=O)\C(=C/c3[nH]c4CCCCc4c3CCCN5CCN(C)CC5)\c2c1,5.92
67,CHEMBL301143,CNS(=O)(=O)c1ccc2NC(=O)\C(=C/c3[nH]c4CCCCc4c3CN5CCOCC5)\c2c1,6.4
68,CHEMBL298566,CCS(=O)(=O)c1ccc2NC(=O)\C(=C/c3[nH]c4CCCCc4c3CCCN5CCC(O)CC5)\c2c1,6.22
69,CHEMBL55594,CCS(=O)(=O)c1ccc2NC(=O)\C(=C/c3[nH]c4CCCCc4c3CN5CCOCC5)\c2c1,5.85
70,CHEMBL301271,CCS(=O)(=O)c1ccc2NC(=O)\C(=C/c3[nH]c4CCCCc4c3CCC(=O)N)\c2c1,6.7
72,CHEMBL90976,CC[C@H](C)[C@H](NC(=O)[C@H](CCC(=O)O)NC(=O)[C@H](CCC(=O)O)NC(=O)[C@H](Cc1ccc(OP(=O)(O)O)cc1)NOC(=O)CC2=CC(=O)Oc3cc(O)ccc23)C(=O)N[C@@H](CCC(=O)O)C(=O)O,7.0
75,CHEMBL299477,CC[C@H](C)[C@H](NC(=O)[C@H](CCC(=O)O)NC(=O)[C@H](CCC(=O)O)NC(=O)[C@H](Cc1ccc(OP(=O)(O)O)cc1)NC(=O)C)C(=O)N[C@@H](CCC(=O)O)C(=O)O,5.96
77,CHEMBL430902,CC[C@H](C)[C@H](NC(=O)[C@H](CCC(=O)O)NC(=O)[C@H](CCC(=O)O)NC(=O)C(Cc1ccc(O)c(O)c1)NOC(=O)CC2=CCC(=O)c3cc(O)ccc23)C(=O)N[C@@H](CCC(=O)O)C(=O)O,4.11
78,CHEMBL90294,CC[C@H](C)[C@H](NC(=O)[C@H](CCC(=O)O)NC(=O)[C@H](C)NC(=O)[C@H](Cc1ccc(O)cc1)NC(=O)C)C(=O)N[C@@H](CCC(=O)O)C(=O)O,4.96
79,CHEMBL432649,CC[C@H](C)[C@H](NC(=O)[C@H](CCC(=O)O)NC(=O)[C@H](CCC(=O)O)NC(=O)[C@H](Cc1ccc(OP(=O)(O)O)cc1)N\C=C\c2ccc(O)c(O)c2)C(=O)N[C@@H](CCC(=O)O)C(=O)O,7.08
81,CHEMBL328034,CC[C@H](C)[C@H](NC(=O)[C@H](CCC(=O)O)NC(=O)[C@H](CCC(=O)O)NC(=O)[C@H](Cc1ccc(O)c(O)c1)NC(=O)\C=C\c2ccc(O)c(O)c2)C(=O)N[C@@H](CCC(=O)O)C(=O)O,4.48
82,CHEMBL327820,CC[C@H](C)[C@H](NC(=O)[C@H](CCC(=O)O)NC(=O)[C@H](CCC(=O)O)NC(=O)[C@H](Cc1ccc(O)cc1)NC(=O)\C=C\c2ccc(O)c(O)c2)C(=O)N[C@@H](CCC(=O)O)C(=O)O,4.35
84,CHEMBL100551,COCCOc1cc2Nc3ncnc(Nc4cc(OC)c(Cl)cc4Cl)c3Cc2cc1OC,5.0
89,CHEMBL67237,Cc1cccc(Cl)c1NC(=O)c2ccc3nc(NC(=O)NC(C)(C)C)sc3c2,7.0
91,CHEMBL45177,CN1CCN(CC1)[C@@H]2CC[C@H](CC2)n3cc(c4ccc(Oc5ccccc5)cc4)c6c(N)ncnc36,5.69
94,CHEMBL47203,CN1CCN(CC1)[C@@H]2CC[C@@H](CC2)n3cc(c4ccc(Oc5ccccc5)cc4)c6c(N)ncnc36,7.23
99,CHEMBL277743,CCCN(CCC)C1Cc2cc(O)c(O)cc2C1,5.0
100,CHEMBL416166,Oc1cc2CC(Cc2cc1O)N3CCCCC3,5.0
101,CHEMBL16028,CC1=CC(=O)C(=O)C=C1C,6.0
102,CHEMBL15285,Oc1cc2CC(Cc2cc1O)NCc3ccccc3,5.0
104,CHEMBL15887,CCCN(CCC)C1CCc2cc(O)c(O)cc2C1,4.3
105,CHEMBL277347,NC1Cc2cc(O)c(O)cc2C1,5.0
107,CHEMBL274926,CCCN(CCC)C1Cc2c(O)ccc(O)c2C1,4.3
109,CHEMBL416353,CCCC1Cc2cc(O)c(O)cc2C1,6.0
114,CHEMBL195029,COc1cc(Nc2c(cnc3cc4cc(OCCN5CCOCC5)c(OC)cc4cc23)C#N)c(Cl)cc1Cl,6.38
116,CHEMBL607707,CCOc1cc2ncc(C#N)c(Nc3ccc(F)c(Cl)c3)c2cc1NC(=O)\C=C\CN(C)C,5.8
118,CHEMBL535,CCN(CC)CCNC(=O)c1c(C)[nH]c(\C=C\2/C(=O)Nc3ccc(F)cc23)c1C,5.41
130,CHEMBL941,CN1CCN(Cc2ccc(cc2)C(=O)Nc3ccc(C)c(Nc4nccc(n4)c5cccnc5)c3)CC1,5.26
133,CHEMBL24828,COc1cc2c(Nc3ccc(Br)cc3F)ncnc2cc1OCC4CCN(C)CC4,5.24
135,CHEMBL120077,COc1cc2Cc3c(Nc4cccc(F)c4)[nH]nc3c2cc1OC,6.42
140,CHEMBL440213,COc1cc(ccc1NC(=O)c2cc3cc(ccc3n2C)C#N)c4nn(C5CCN(CC5)C6CCOCC6)c7ncnc(N)c47,4.49
141,CHEMBL199438,COc1cc(ccc1NC(=O)c2cc3cc(Cl)ccc3n2C)c4nn(C5CCN(CC5)C6CCOCC6)c7ncnc(N)c47,4.87
149,CHEMBL371295,COc1cc(ccc1NC(=O)c2ccc(cc2F)C(F)(F)F)c3nn(C4CCN(CC4)C5CCN(C)CC5)c6ncnc(N)c36,5.97
154,CHEMBL197603,COc1cc(ccc1NC(=O)c2cc3ccccc3n2C)c4nn([C@@H]5CC[C@H](CC5)N6CCN(CC6)C(=O)C)c7ncnc(N)c47,4.36
155,CHEMBL606964,COc1ccc(cc1)N2Cc3cnc(Nc4ccc(F)cc4)nc3N([C@@H]5CC[C@@H](O)C5)C2=O,6.33
186,CHEMBL209148,COc1cc(C)c(Sc2cnc(NC(=O)c3ccc(CNC(C)C(C)(C)C)cc3)s2)cc1C(=O)N4CCN(CC4)C(=O)C,5.96
190,CHEMBL1421,Cc1nc(Nc2ncc(s2)C(=O)Nc3c(C)cccc3Cl)cc(n1)N4CCN(CCO)CC4,9.7
194,CHEMBL324842,OC(=O)[C@@H](Cc1ccc(O)c(O)c1)OC(=O)\C=C\c2ccc(O)c(O)c2,5.89
210,CHEMBL390156,CN1CCN(Cc2ccc3c(Cc4c(n[nH]c34)c5csc(c5)C#CCOc6ccccc6)c2)CC1,4.56
216,CHEMBL232542,CCN(CC)C\C=C\c1cnc(N)c2c(csc12)c3ccc(NC(=O)c4cc5ccccc5n4C)c(OC)c3,4.36
217,CHEMBL395664,COc1cc(ccc1NC(=O)c2cc3ccccc3n2C)c4csc5c(\C=C\CNC6CCNCC6)cnc(N)c45,4.58
218,CHEMBL395665,COc1cc(ccc1NC(=O)c2cc3ccccc3n2C)c4csc5c(\C=C\CN[C@@H]6CC[C@@H](N)CC6)cnc(N)c45,4.59
219,CHEMBL395666,COc1cc(ccc1NC(=O)c2cc3ccccc3n2C)c4csc5c(\C=C\CN[C@@H]6CC[C@H](N)CC6)cnc(N)c45,4.58
220,CHEMBL233958,COc1cc(ccc1NC(=O)c2cc3ccccc3n2C)c4csc5c(\C=C\CN6CCC(O)CC6)cnc(N)c45,4.46
225,CHEMBL245769,COCC(=O)Nc1cccc2c1Cc3c2n[nH]c3c4csc(c4)C#CCOc5ccccc5,4.86
228,CHEMBL246166,COC(=O)C(=O)Nc1cccc2c1Cc3c2n[nH]c3c4csc(c4)C#CCOc5ccccc5,4.64
236,CHEMBL255955,Nc1n[nH]c2nccc(c3ccc(NC(=O)Nc4cccc(c4)C(F)(F)F)cc3)c12,4.93
239,CHEMBL264406,CC(C)(C)n1nc(c2cccc3ccccc23)c4c(N)ncnc14,6.22
243,CHEMBL605003,CN(C)S(=O)(=O)c1ccc2NC(=O)\C(=C/c3cc4CCCCc4[nH]3)\c2c1,6.77
252,CHEMBL460989,COc1ccc2c(CCc3c2c4C(=O)NCc4c5c6ccccc6n(CCO)c35)c1,5.47
253,CHEMBL460990,CC(C)Oc1ccc2c(CCc3c2c4C(=O)NCc4c5c6ccccc6n(CCO)c35)c1,5.92
291,CHEMBL481248,C[C@@H](NC1=C(Nc2ccnc(c2)c3ccsc3)C(=O)C1=O)c4ccccc4,4.82
296,CHEMBL572881,CC1(C)CNc2cc(NC(=O)c3cccnc3NCc4ccncc4)ccc12,5.55
297,CHEMBL574738,CCN1CCN(Cc2ccc(NC(=O)Nc3ccc(Oc4cc(NC)ncn4)cc3)cc2C(F)(F)F)CC1,7.3
301,CHEMBL522892,CN1CCN(CC1)c2ccc3nc([nH]c3c2)C4=C(N)c5c(F)cccc5NC4=O,6.36
302,CHEMBL558752,Cn1c(Nc2ccc(cc2)C(F)(F)F)nc3cc(Oc4ccnc(c4)c5ncc([nH]5)C(F)(F)F)ccc13,5.68
312,CHEMBL477772,CN(c1ccc2c(C)n(C)nc2c1)c3ccnc(Nc4ccc(C)c(c4)S(=O)(=O)N)n3,5.57
320,CHEMBL608533,CO[C@@H]1[C@@H](C[C@H]2O[C@]1(C)n3c4ccccc4c5c6CNC(=O)c6c7c8ccccc8n2c7c35)N(C)C(=O)c9ccccc9,5.68
328,CHEMBL1721885,Cc1[nH]c(\C=C\2/C(=O)Nc3ccc(F)cc23)c(C)c1C(=O)NC[C@H](O)CN4CCOCC4,5.59
339,CHEMBL565612,CN1CCN(CC1)c2nc(C3=C(C(=O)NC3=O)c4c[nH]c5ccccc45)c6ccccc6n2,5.26
350,CHEMBL606245,Cc1c(Nc2c(\C=C\CCN3CCC[C@@H](N)C3)cncc2C#N)ccc4[nH]ccc14,5.77
355,CHEMBL602471,C[C@@H](Oc1ccc2ncc(\C=C\C(=O)N)cc2c1)c3c(Cl)ccc(F)c3Cl,4.55
357,CHEMBL602472,C[C@@H](Oc1ccc2ncc(cc2c1)C3CC3C(=O)N)c4c(Cl)ccc(F)c4Cl,4.6
358,CHEMBL1081198,FC(F)(F)c1cccc(NC(=O)Nc2cccc(c2)c3cn4ccnc4c(NCc5ccncc5)n3)c1,4.3
360,CHEMBL1080994,CN1CCN(CC1)S(=O)(=O)c2cccc(\C=C\c3cncc(C#N)c3Nc4ccc5[nH]ccc5c4C)c2,6.85
362,CHEMBL1087650,CN1C[C@@H]2C[C@H]1CN2c3ccc(cc3)c4ccnc5c(c6cccc(O)c6)c(nn45)c7ccncc7,5.71
416,CHEMBL1221699,C=CC(=O)Nc1ccc2ncnc(Nc3ccccc3)c2c1,5.43
417,CHEMBL1221770,C=CC(=O)Nc1ccc2ncnc(Nc3cccc4ccccc34)c2c1,4.79
418,CHEMBL1221769,C=CC(=O)Nc1ccc2ncnc(Nc3ccc4ccccc4c3)c2c1,4.74
419,CHEMBL1221415,C=CC(=O)Nc1ccc2ncnc(NCc3cccc4ccccc34)c2c1,4.5
420,CHEMBL1221822,C=CC(=O)Nc1ccc2ncnc(NCCc3ccccc3)c2c1,4.4
427,CHEMBL603469,C[C@]12O[C@H](C[C@]1(O)CO)n3c4ccccc4c5c6C(=O)NCc6c7c8ccccc8n2c7c35,7.08
438,CHEMBL573578,CC(C)(C)n1nc(Cc2cccc3ccccc23)c4c(N)ncnc14,6.0
442,CHEMBL1240703,CO[C@@H]1[C@@H](C[C@H]2O[C@]1(C)n3c4ccccc4c5c6[C@H](O)NC(=O)c6c7c8ccccc8n2c7c35)N(C)C(=O)c9ccccc9,6.03
459,CHEMBL1738705,Cc1c2CCCN3CCC[C@@H]3CNc4cc(ccc4C(=O)N)n2c5CC(C)(C)CC(=O)c15,4.66
524,CHEMBL1834657,CCN1CCN(CC1)c2ccc(Nc3cc(ncn3)N(C)C(=O)Nc4c(Cl)c(OC)cc(OC)c4Cl)cc2.OP(=O)(O)O,5.72
527,CHEMBL180022,CCOc1cc2ncc(C#N)c(Nc3ccc(OCc4ccccn4)c(Cl)c3)c2cc1NC(=O)\C=C\CN(C)C,5.19
530,CHEMBL491473,COc1cc2c(Oc3ccc4[nH]c(C)cc4c3F)ncnc2cc1OCCCN5CCCC5,5.92
541,CHEMBL509032,COc1cc(ccc1Nc2ncc(Cl)c(Nc3ccccc3S(=O)(=O)C(C)C)n2)N4CCC(CC4)N5CCN(C)CC5,5.85
542,CHEMBL502835,COC(=O)c1ccc2\C(=C(\Nc3ccc(cc3)N(C)C(=O)CN4CCN(C)CC4)/c5ccccc5)\C(=O)Nc2c1,6.2
544,CHEMBL1908395,Cl.CN(C)CC(=O)N1CCC(CC1)c2ccc(NC(=O)c3nc(c[nH]3)C#N)c(c2)C4=CCCCC4,6.47
548,CHEMBL1908396,COc1cc(Oc2ccnc3cc(OC)c(OC)cc23)ccc1NC(=O)NC(C)c4nccs4,5.15
549,CHEMBL1230020,CCCS(=O)(=O)Nc1ccc(F)c(C(=O)c2c[nH]c3ncc(Cl)cc23)c1F,5.64
550,CHEMBL1287853,Cc1cnc(Nc2ccc(OCCN3CCCC3)cc2)nc1Nc4cccc(c4)S(=O)(=O)NC(C)(C)C,7.42
551,CHEMBL1230609,COc1cc2c(Oc3ccc(NC(=O)C4(CC4)C(=O)Nc5ccc(F)cc5)cc3F)ccnc2cc1OCCCN6CCOCC6,7.06
552,CHEMBL1908397,O=C(N1CCNCC1)c2ccc(\C=C\c3n[nH]c4ccccc34)cc2,6.18
561,CHEMBL1908391,CN1CCN(Cc2ccc(cc2)C(=O)Nc3ccc(C)c(Nc4nc(cs4)c5cccnc5)c3)CC1,6.85
591,CHEMBL255863,Cc1cn(cn1)c2cc(NC(=O)c3ccc(C)c(Nc4nccc(n4)c5cccnc5)c3)cc(c2)C(F)(F)F,5.8
625,CHEMBL221753,[Cl-].CC(C)(C)CC(C)(C)c1ccc(OCCOCC[N+](C)(C)Cc2ccccc2)cc1,6.12
627,CHEMBL319244,Oc1ccc(\C=C\C(=O)OCCc2ccccc2)cc1O,5.38
647,CHEMBL31184,c1ccc2c(c1)cc3ccc4cccc5ccc2c3c45,4.58
673,CHEMBL282575,C[C@]12CC[C@H]3[C@@H](CCc4cc(OC(=O)c5ccccc5)ccc34)[C@@H]1CC[C@@H]2O,4.64
693,CHEMBL26260,O=C1C=C(Oc2ccc3ccccc3c12)c4ccccc4,5.6
759,CHEMBL296419,COc1ccc(CCN2CCC(CC2)Nc3nc4ccccc4n3Cc5ccc(F)cc5)cc1,5.55
853,CHEMBL40583,Cc1ccc2cc3c(ccc4ccccc34)c5CCc1c25,4.6
865,CHEMBL633,CCCCc1oc2ccccc2c1C(=O)c3cc(I)c(OCCN(CC)CC)c(I)c3,6.09
937,CHEMBL1629810,CC(O)COC[C@@H]1OC[C@H]2O[C@@H]3[C@@H](O)[C@H](O)[C@@H](O[C@H]3COCC(C)O)O[C@@H]4[C@@H](O)[C@H](O)[C@@H](O[C@H]4COCC(C)O)O[C@@H]5[C@@H](O)[C@H](O)[C@@H](O[C@H]5COCC(C)O)O[C@@H]6[C@@H](O)[C@H](O)[C@@H](O[C@H]6COCC(C)O)O[C@@H]7[C@@H](O)[C@H](O)[C@@H](O[C@H]7COCC(C)O)O[C@@H]8[C@@H](O)[C@H](O)[C@@H](O[C@H]8COCC(C)O)O[C@@H]9[C@@H](O)[C@H](O)[C@@H](O[C@H]9COCC(C)O)O[C@@H]1[C@H]2O,5.52
985,CHEMBL305660,CC(C)(C)c1ccc(cc1)C(=O)CCCN2CCC(CC2)OC(c3ccccc3)c4ccccc4,6.09
995,CHEMBL808,Clc1ccc(COC(Cn2ccnc2)c3ccc(Cl)cc3Cl)cc1,4.92
1011,CHEMBL64894,[Cl-].CN(C)c1ccc(cc1)C(=C2C=CC(=[N+](C)C)C=C2)c3ccc(cc3)N(C)C,5.67
1023,CHEMBL496,Oc1c(Cl)cc(Cl)c(Cl)c1Cc2c(O)c(Cl)cc(Cl)c2Cl,5.46
1029,CHEMBL417,COc1cccc2C(=O)c3c(O)c4C[C@](O)(C[C@H](O[C@H]5C[C@H](N)[C@@H](O)[C@H](C)O5)c4c(O)c3C(=O)c12)C(=O)CO,5.29
1109,CHEMBL306043,OC(=O)CC(S[Au])C(=O)O,6.09
1113,CHEMBL53463,COc1cccc2C(=O)c3c(O)c4C[C@](O)(C[C@H](O[C@H]5C[C@H](N)[C@H](O)[C@H](C)O5)c4c(O)c3C(=O)c12)C(=O)CO,5.29
1135,CHEMBL726,OCCN1CCN(CCCN2c3ccccc3Sc4ccc(cc24)C(F)(F)F)CC1,5.1
1157,CHEMBL442,CN1C[C@@H](C=C2[C@H]1Cc3c[nH]c4cccc2c34)C(=O)N[C@]5(C)O[C@@]6(O)[C@@H]7CCCN7C(=O)[C@H](Cc8ccccc8)N6C5=O,5.5
1207,CHEMBL334255,[Br-].CCCCCCCCCCCCCCCC[n+]1ccccc1,6.53
1237,CHEMBL280998,Oc1ccccc1O,4.76
1311,CHEMBL407135,CCC(C)CCCC(=O)N[C@@H](CCN)C(=O)N[C@@H]([C@@H](C)O)C(=O)N[C@@H](CCN)C(=O)N[C@H]1CCNC(=O)[C@@H](NC(=O)[C@H](CCN)NC(=O)[C@H](CCN)NC(=O)[C@H](CC(C)C)NC(=O)[C@@H](CC(C)C)NC(=O)[C@H](CCN)NC1=O)[C@H](C)O,6.02
1325,CHEMBL12131,Cc1cc(C(C#N)c2ccc(Cl)cc2)c(Cl)cc1NC(=O)c3cc(I)cc(I)c3O,6.03
1357,CHEMBL104,Clc1ccccc1C(c2ccccc2)(c3ccccc3)n4ccnc4,4.5
1382,CHEMBL926,CC(CCc1ccc(O)cc1)NCCc2ccc(O)c(O)c2,5.4
1393,CHEMBL411,CC\C(=C(\CC)/c1ccc(O)cc1)\c2ccc(O)cc2,4.85
1425,CHEMBL954,CCN(CC)CCOc1ccc(cc1)\C(=C(\Cl)/c2ccccc2)\c3ccccc3,5.6
1433,CHEMBL71,CN(C)CCCN1c2ccccc2Sc3ccc(Cl)cc13,5.06
1618,CHEMBL428647,CC(=O)O[C@H]1C(=O)[C@]2(C)[C@@H](O)C[C@H]3OC[C@@]3(OC(=O)C)[C@H]2[C@H](OC(=O)c4ccccc4)[C@]5(O)C[C@H](OC(=O)[C@H](O)[C@@H](NC(=O)c6ccccc6)c7ccccc7)C(=C1C5(C)C)C,4.62
1622,CHEMBL75880,C(C(C1CCCCC1)C2CCCCC2)C3CCCCN3,5.39
1661,CHEMBL307145,Oc1cccc(O)c1O,6.0
1675,CHEMBL584,Cc1c(O)cccc1C(=O)N[C@@H](CSc2ccccc2)[C@H](O)CN3C[C@H]4CCCC[C@H]4C[C@H]3C(=O)NC(C)(C)C,5.1
1705,CHEMBL728,CN1CCN(CCCN2c3ccccc3Sc4ccc(Cl)cc24)CC1,5.25
1721,CHEMBL58,OCCNCCNc1ccc(NCCNCCO)c2C(=O)c3c(O)ccc(O)c3C(=O)c12,5.9
1777,CHEMBL22587,CCC(C)N1N=CN(C1=O)c2ccc(cc2)N3CCN(CC3)c4ccc(OC[C@H]5CO[C@@](Cn6cncn6)(O5)c7ccc(Cl)cc7Cl)cc4,5.41
1785,CHEMBL91,Clc1ccc(COC(Cn2ccnc2)c3ccc(Cl)cc3Cl)c(Cl)c1,5.38
1791,CHEMBL1221512,CC[C@H](C)[C@@H](CO[C@@H](Cc1ccccc1)C(=O)N[C@@H](CCS(=O)(=O)C)C(=O)OC(C)C)NC[C@@H](N)CS,6.09
1817,CHEMBL1276308,CC#C[C@]1(O)CC[C@H]2[C@@H]3CCC4=CC(=O)CCC4=C3[C@H](C[C@]12C)c5ccc(cc5)N(C)C,4.67
1851,CHEMBL787,CC(C)(O)c1ccccc1CC[C@@H](SCC2(CC(=O)O)CC2)c3cccc(\C=C\c4ccc5ccc(Cl)cc5n4)c3,5.33
1859,CHEMBL1009,N[C@@H](Cc1ccc(O)c(O)c1)C(=O)O,5.67
1867,CHEMBL459,C[C@](N)(Cc1ccc(O)c(O)c1)C(=O)O,5.29
1969,CHEMBL86754,Oc1c(I)cc(I)c2cccnc12,5.8
2025,CHEMBL141343,Cc1c(C)c2OC(C)(CN3CCN(CC3)c4cc(nc(n4)N5CCCC5)N6CCCC6)CCc2c(C)c1O,5.78
2051,CHEMBL1200679,[Cl-].[Cl-].[Zn+2],5.73
2095,CHEMBL1630578,C[C@@H]1C[C@H]2[C@@H]3CCC4=CC(=O)C=C[C@]4(C)C3=CC[C@]2(C)[C@H]1C(=O)CN5CCN(CC5)c6cc(nc(n6)N7CCCC7)N8CCCC8,5.95
2127,CHEMBL479,CSc1ccc2Sc3ccccc3N(CCC4CCCCN4C)c2c1,5.3
2143,CHEMBL83,CC\C(=C(/c1ccccc1)\c2ccc(OCCN(C)C)cc2)\c3ccccc3,5.92
2151,CHEMBL1221,Clc1ccc(CSC(Cn2ccnc2)c3ccc(Cl)cc3Cl)cc1,5.43
2219,CHEMBL588119,CCCCCCCCN[C@H](C)[C@@H](O)c1ccc(SC(C)C)cc1,6.14
2243,CHEMBL1306,CC(C)N1CCN(CC1)c2ccc(OC[C@H]3CO[C@@](Cn4cncn4)(O3)c5ccc(Cl)cc5Cl)cc2,4.96
2253,CHEMBL17157,CC(C)(C)c1ccc(cc1)C(O)CCCN2CCC(CC2)C(O)(c3ccccc3)c4ccccc4,5.21
2265,CHEMBL1200748,O.C[C@@](Cc1ccc(O)c(O)c1)(NN)C(=O)O,5.43
2277,CHEMBL81,Oc1ccc(cc1)c2sc3cc(O)ccc3c2C(=O)c4ccc(OCCN5CCCCC5)cc4,5.44
2359,CHEMBL1952210,COc1ccc(cc1)N2Cc3cnc(Nc4ccccc4)nc3N([C@@H]5CC[C@@H](O)C5)C2=O,6.49
3104,CHEMBL271381,COc1ccc(c2ccc(NC(=O)Nc3cccc(Br)c3)cc2)c4c(N)noc14,6.5
3106,CHEMBL1982466,Cc1ccc(NC(=O)Nc2ccc(cc2)c3csc4c(cnc(N)c34)c5cnn(C)c5)cc1,8.3
3107,CHEMBL1973359,NC(=O)c1ccc2nc(cn2c1)c3oc(cc3)[N+](=O)[O-],5.7
3108,CHEMBL1994638,Cc1cccc(NC(=O)Nc2ccc(c(F)c2)c3cccc4[nH]nc(N)c34)c1,6.3
3110,CHEMBL1985888,Cn1nc(N)c2c(ccnc12)c3ccc(NC(=O)Nc4cccc(c4)C(F)(F)F)cc3,6.3
3112,CHEMBL1979690,CN1CCN(CC1)c2ccc(Nc3ncc(Cl)c(Nc4ccc5[nH]ncc5c4)n3)cc2,6.8
3117,CHEMBL1999931,O=C(Nc1n[nH]c2ccc(cc12)c3cn(Cc4ccccc4)nn3)c5ccccc5,6.4
3118,CHEMBL1976376,Nc1ncnc2c1c(cn2C3CCOC3)c4ccc(Oc5ccc(CO)cc5)cc4,8.9
3123,CHEMBL1981047,COC(C(=O)N1Cc2[nH]nc(NC(=O)c3ccc(cc3)N4CCN(C)CC4)c2C1)c5ccccc5,7.3
3128,CHEMBL1979093,COc1ccc(c2ccc(NC(=O)Nc3ccc(F)c(C)c3)cc2)c4c(N)noc14,6.2
3130,CHEMBL1381197,Clc1ccc(CNc2ccc3nnc(c4ccccc4)n3n2)cc1,6.1
3134,CHEMBL336961,Brc1ccc2[nH]c3c(CC(=O)Nc4cccnc34)c2c1,7.0
3136,CHEMBL1987054,COCCOC1CCC(CC1)n2nc(c3ccc(Nc4oc5c(Cl)cc(C)cc5n4)cc3)c6c(N)ncnc26,7.6
3137,CHEMBL1970083,Nc1ncc(c2ccncc2)c3scc(c4ccc(NC(=O)Nc5cc(ccc5F)C(F)(F)F)cc4)c13,7.6
3140,CHEMBL1994938,Nc1ncc(C=CC(=O)NCCCn2ccnc2)c3scc(c4ccc(Br)cc4)c13,9.4
3143,CHEMBL1995765,NC1=CC(=O)NN1c2ccccn2,4.3
3152,CHEMBL2002407,COc1cc(C=C(C#N)c2n[nH]c(N)c2C#N)ccc1O,6.2
3157,CHEMBL1090356,O=C(Cc1ccccc1)Nc2cccc(c2)c3nc4sccn4c3c5ccnc(Nc6ccc(cc6)N7CCOCC7)n5,7.0
3164,CHEMBL1999112,CCOC(=O)C1=C2SC(=Cc3occc3)C(=O)N2C(=C(C#N)C1c4occc4)N,6.4
3175,CHEMBL1966514,Nc1ncc(c2cocc2)c3scc(c4ccc(NC(=O)Nc5cccc(F)c5)cc4)c13,6.8
3176,CHEMBL2003638,Fc1cccc(c1)C(=O)Nc2n[nH]c3ccc(cc23)c4cn(Cc5ccccc5)nn4,6.4
3177,CHEMBL296586,Brc1ccc2[nH]c3c(CC(=O)Nc4ccccc34)c2c1,7.2
3189,CHEMBL1967252,Cc1n[nH]c2ccc(cc12)c3cccnc3,4.1
3191,CHEMBL2004637,CCN(CCN)C(=O)c1cccc(c1)n2nc(cc2NC(=O)Nc3cccc4ccccc34)C(C)(C)C,5.4
3196,CHEMBL1967720,CC(C)(C(=O)N)n1cc(cn1)c2cnc(N)c3c(csc23)c4ccc(NC(=O)Nc5cccc(F)c5)cc4,7.3
3198,CHEMBL1979516,CCNC(=O)c1cnc(N)c2c(csc12)c3ccc(NC(=O)Nc4cccc(F)c4)cc3,7.5
3202,CHEMBL2000652,Nc1n[nH]c2cccc(c3ccc(NC(=O)Nc4cccc(Cl)c4)c(F)c3)c12,6.4
3204,CHEMBL1970352,CCOC(=O)c1c(C)n(c2ccc(I)cc2)c3c4ccccc4c(O)cc13,5.6
3213,CHEMBL2006765,CCCNC(=O)c1ccc(Nc2nc(NCC(F)(F)F)c3cc[nH]c3n2)cc1,6.2
3219,CHEMBL374044,Cc1cc(NC(=O)Nc2ccc(cc2)c3cccc4[nH]nc(N)c34)ccc1F,6.6
3222,CHEMBL1983980,OCc1ccc(cc1)c2sc(nc2C(=O)O)N3CCc4cccc(C(=O)Nc5nc6ccccc6s5)c4C3,5.7
3223,CHEMBL1999484,CNc1nc(C)c(s1)c2ccnc(Nc3ccc(cc3)N4CCNCC4)n2,5.9
3224,CHEMBL1980297,Nc1ncc(c2cnn(CCO)c2)c3scc(c4ccc(NC(=O)Nc5cccc(F)c5)cc4)c13,7.2
3230,CHEMBL1997822,Cc1cc2cc(ccc2[nH]1)c3csc4c(cnc(N)c34)c5cccc(c5)S(=O)(=O)C,6.8
3234,CHEMBL1974416,Fc1cccc(C(=O)Nc2cnc3[nH]cc(c4ccccc4)c3c2)c1F,7.0
3235,CHEMBL1993661,CNS(=O)(=O)c1ccccc1Nc2nc(Nc3cc(OC)c(OC)c(OC)c3)ncc2Cl,6.5
3236,CHEMBL1980391,COc1cc2Nc3n[nH]c(C)c3N=C(c4ccccc4Cl)c2cc1F,6.5
3240,CHEMBL202721,COc1cc2c(Nc3ccc(NC(=O)c4ccccc4)cc3)ncnc2cc1OCCCN5CCOCC5,7.1
3243,CHEMBL1987034,NS(=O)(=O)c1cccc(Nc2ncc(Br)c(Nc3ccc(OCC#N)cc3)n2)c1,7.6
3244,CHEMBL1993941,CCCn1cc(cn1)c2cnc(N)c3c(csc23)c4ccc(NC(=O)Nc5cccc(F)c5)cc4,7.7
3246,CHEMBL2005886,Cc1cc(cc2[nH]c(nc12)C3=C(NCC(O)c4cccc(Cl)c4)C=CNC3=O)N5CCOCC5,7.6
3250,CHEMBL1980407,NC(COc1cncc(c1)c2ccc3NC(=O)C(=Cc4ccc[nH]4)c3c2)Cc5ccccc5,6.4
3261,CHEMBL1973178,COc1ccc(c2ccc(NC(=O)Nc3ccc(OC(F)(F)F)cc3)cc2)c4c(N)noc14,7.1
3264,CHEMBL1988778,Cc1ccc(F)c(NC(=O)Nc2ccc(c(F)c2)c3cccc4[nH]nc(N)c34)c1,6.8
3268,CHEMBL1990583,Nc1ncnn2ccc(C(=O)Nc3ccc(NC(=O)Nc4cccc(F)c4)cc3)c12,6.4
3278,CHEMBL1991734,CN1c2ccc(N)cc2C(c3ccccc3)c4cc(N)ccc14,5.7
3280,CHEMBL1970142,CNC(=O)C(C)n1cc(cn1)c2cnc(N)c3c(csc23)c4ccc(NC(=O)Nc5ccc(C)cc5)cc4,7.8
3285,CHEMBL1968394,Cc1cccc(c1)c2ccc3CNC(=O)c3c2,4.7
3286,CHEMBL1976040,CN1CCN(CC1)c2ccc(Nc3ncc4C(=O)N(CC=C)N(c5cccc(n5)C(C)(C)O)c4n3)cc2,5.8
3287,CHEMBL1988163,NS(=O)(=O)c1cccc(Nc2ncc3ccn(c4ccccc4)c3n2)c1,7.0
3288,CHEMBL1974480,CCOC(=O)Cc1nc2c3cc(Br)ccc3NC(=O)n2n1,5.4
3289,CHEMBL1986177,Clc1cccc(NC(=O)Nc2nc(CCNc3ncnc4ccsc34)cs2)c1,5.3
3293,CHEMBL1985367,Cc1ccnc(Nc2cc(C)nc(n2)c3ccccc3)c1,5.5
3301,CHEMBL1967998,CCN1CCN(CC1)c2ccc(Nc3ncc(Cl)c(Nc4ccc5[nH]ncc5c4)n3)cc2,6.7
3302,CHEMBL1994321,Cc1cccc(NC(=O)Nc2ccc(cc2)c3csc4c(cnc(N)c34)C#CCNS(=O)(=O)C)c1,6.8
3303,CHEMBL1978562,Cn1cc(c2cc3nc(Br)cnc3[nH]2)c4cc(ccc14)C#N,5.5
3306,CHEMBL1989471,CC(C)c1ccc2C(=O)c3c(C)ccnc3Nc2c1,5.8
3307,CHEMBL2002099,N#CCC(C1CCCC1)n2cc(cn2)c3ncnc4[nH]ccc34,5.3
3315,CHEMBL1977148,COc1ccc(NC(=O)Nc2ccc(cc2)c3csc4c(cnc(N)c34)c5cnn(CCO)c5)cc1,8.2
3316,CHEMBL1966842,COc1ccc(CN(C)C)cc1Nc2nccc(n2)c3c(nc4sccn34)c5cccc(NC(=O)Cc6ccccc6)c5,5.8
3318,CHEMBL1992306,CNC(=O)c1cc(Oc2ccc(NC(=O)Nc3cccc(c3)C(F)(F)F)cc2)ccn1,6.6
3319,CHEMBL2002165,CC(O)Cn1cc(cn1)c2cnc(N)c3c(csc23)c4ccc(NC(=O)Nc5cccc(F)c5)cc4,7.6
3320,CHEMBL1998585,Nc1ncnc2scc(c3ccc(NC(=O)Nc4cc(ccc4F)C(F)(F)F)cc3)c12,7.1
3324,CHEMBL1973516,CCN1CCN(CC1)c2ccc(Nc3ncc(C#N)c(Nc4ccc5[nH]ncc5c4)n3)cc2,6.4
3327,CHEMBL2004025,COCOc1cccc(OCOC)c1c2ccc(NS(=O)(=O)C)cc2C(=O)OC,5.8
3328,CHEMBL1996048,Cc1ccc(cc1)c2cc3c(NCCN)ccc(C(=O)N)c3[nH]2,5.5
3332,CHEMBL2001485,CC(C(=O)N(C)C)n1cc(cn1)c2cnc(N)c3c(csc23)c4ccc(NC(=O)Nc5ccc(C)cc5)cc4,7.1
3334,CHEMBL504950,Cc1cc(C)c2c(n1)sc3c(N)ncnc23,6.2
3337,CHEMBL1978099,CNC(=O)COc1ccc(Nc2nc(Nc3ccc(C)c(c3)S(=O)(=O)N)ncc2F)cc1,6.5
3338,CHEMBL1977041,COC(=O)c1c(C)n2ncnc(N)c2c1c3ccc(NC(=O)Nc4ccccc4)cc3,7.8
3347,CHEMBL539474,O=C1CCCN1Cc2ccc3c(NC(=O)c4cccn34)c2,6.1
3349,CHEMBL1988387,Cn1cc(cn1)c2cnc(N)c3c(csc23)c4ccc(NC(=O)Nc5ccc(OC(F)F)cc5)cc4,8.2
3353,CHEMBL1989708,CC(O)Cn1cc(cn1)c2cnc(N)c3c(csc23)c4ccc(NC(=O)Nc5cccc(C)c5)cc4,7.8
3370,CHEMBL1969156,Nc1nccc2cnc(c3ccccc3)n12,4.8
3371,CHEMBL1973211,Cc1cccc(NC(=O)Nc2ccc(cc2)c3csc4c(cnc(N)c34)C#CCN5CCCC5)c1,6.5
3374,CHEMBL2007151,Cc1c(c2cccc(OCc3ccccc3)c2)c4c(N)ncnc4n1C5CCC(CC5)N6CCCC6,6.1
3378,CHEMBL1976134,c1cc2cc(cnc2[nH]1)c3ccc4cn[nH]c4c3,6.5
3382,CHEMBL1999414,CCN(CC)CCCNC(=O)c1cnc(N)c2c(csc12)c3ccc(NC(=O)Nc4cccc(C)c4)cc3,6.4
3384,CHEMBL2001228,Fc1ccccc1C(=O)Nc2cccc(c2Cl)c3nc4sccn4c3c5ccnc(Nc6cccc(c6)N7CCOCC7)n5,6.7
3392,CHEMBL1993424,NS(=O)(=O)c1cccc(Nc2ncc3ccn(Cc4ccccc4)c3n2)c1,7.2
3396,CHEMBL1994555,CCc1c([nH]c2nccnc12)c3ccc(cc3)C(=O)C,5.4
3398,CHEMBL1983640,Cc1ccc(F)c(NC(=O)Nc2ccc(cc2)c3coc4c(cnc(N)c34)C#CCN5CCOCC5)c1,5.7
3403,CHEMBL1974254,CCOc1ccc(NC(=O)Nc2ccc(cc2)c3csc4c(cnc(N)c34)c5cnn(C)c5)cc1,7.9
3404,CHEMBL1997924,C(Nc1nc(Nc2cc([nH]n2)C3CC3)c4sccc4n1)c5ccccc5,8.0
3417,CHEMBL2006778,CNC(=O)C=Cc1cnc(N)c2c(csc12)c3cc(F)c4[nH]c(C)cc4c3,7.4
3419,CHEMBL1996979,Fc1cccc(F)c1C(=O)Nc2cnc3[nH]cc(c4ccccc4)c3c2,8.5
3421,CHEMBL1975921,Brc1cnc2NC(=O)Nc2c1,4.0
3422,CHEMBL1982476,CNC(=O)c1cnc(N)c2c(csc12)c3ccc(NC(=O)Nc4cccc(Cl)c4)cc3,9.2
3425,CHEMBL2004033,BrC1=C2C=CC=CN2NC1=O,5.3
3426,CHEMBL1975923,CC(CCC(=O)O)(c1ccc(O)c(N)c1)c2ccc(O)c(N)c2,5.7
3427,CHEMBL2005449,Cc1cc(Nc2nc(Cl)cc(NCc3ccccc3)n2)n[nH]1,5.8
3433,CHEMBL1997623,Nc1n[nH]c2cc(ccc12)c3ccc(NC(=O)Nc4cccc(c4)C(F)(F)F)cc3,6.4
3438,CHEMBL1999590,Cc1cc(c2ccccc2)n(n1)c3cc(NN=Cc4occc4)ncn3,6.5
3440,CHEMBL1978166,Cc1cccc(NC(=O)Nc2ccc(cc2)c3csc4c(cnc(N)c34)C#CCCCCCCCCN)c1,6.1
3443,CHEMBL1967116,Cc1cccc(NC(=O)Nc2ccc(cc2)c3csc4c(cnc(N)c34)c5cnn(C)c5)c1,8.2
3445,CHEMBL1996176,O=C1Nc2ccccc2C1=Cc3ccc[nH]3,5.3
3448,CHEMBL1992125,COc1cc(Nc2ncnc(n2)N3CCCc4cc(C)ccc34)cc(OC)c1OC,5.3
3450,CHEMBL1993996,Cc1cc(NC(=O)Nc2ccc(cc2)c3c(F)ccc4[nH]nc(N)c34)ccc1F,6.5
3452,CHEMBL1980896,Nc1ncnc2sc(Br)c(c3ccc(NC(=O)Cc4cccc(Cl)c4)cc3)c12,6.6
3453,CHEMBL1970104,CC(C)(C)c1ccc2nc([nH]c2c1)c3n[nH]c4ccccc34,6.6
3454,CHEMBL1991429,O=C(Cc1ccccc1)Nc2cccc(c2)c3nc4sccn4c3c5ccnc(Nc6cccc(c6)N7CCCC7=O)n5,6.6
3457,CHEMBL1980995,CNC1CC2OC(C)(C1OC)n3c4ccccc4c5c6CNC(=O)c6c7c8ccccc8n2c7c35,7.3
3461,CHEMBL2004716,CCN(CC)CCNC(=O)C=Cc1cnc(N)c2c(csc12)c3ccc(NC(=O)Nc4cccc(C)c4)cc3,7.6
3467,CHEMBL1421720,O=C(Cc1cccs1)Nc2nc3ccccc3s2,5.3
3470,CHEMBL1993243,CNC(=O)C=Cc1cnc(N)c2c(csc12)c3ccc4OCOc4c3,8.7
3472,CHEMBL1992922,OCC(CO)Nc1ncnc2[nH]cc(c3ccccc3)c12,6.2
3475,CHEMBL1969537,S=C1NN=C2N1C3=NNC(=S)N3c4sc5CCCc5c24,7.0
3479,CHEMBL508928,Cc1cccc(NC(=O)Nc2ccc(cc2)c3cnc4c(cnn4c3N)c5cnn(C)c5)c1,8.3
3480,CHEMBL116070,NC(=O)c1cc2c(Oc3ccc(Br)cc3)cncc2s1,6.2
3485,CHEMBL101311,CN(C)CC(O)COc1ccc(Nc2nccc(Nc3cc(Cl)ccc3Cl)n2)cc1,6.3
3488,CHEMBL262433,Cc1ccc(F)c(NC(=O)Nc2ccc(cc2)c3nsc4ncnc(N)c34)c1,6.3
3489,CHEMBL373798,Nc1n[nH]c2cccc(c3ccc(NC(=O)Nc4cccc(F)c4)cc3)c12,6.2
3491,CHEMBL1988581,CN(C)CC1=C(O)C2=NC(=CC(=O)N2C=C1)C,6.6
3493,CHEMBL1975500,COc1cc(ccc1O)c2ccc3C(=O)Nc4cc(ccc4Nc3c2)C(=O)NCCNC(=O)C,6.2
3495,CHEMBL2006564,CCN(C(=O)C)c1ccc(Nc2nc(NC3CC3)c4nc[nH]c4n2)cc1,7.1
3501,CHEMBL1965988,Cc1cccc(NC(=O)Nc2ccc(cc2)c3csc4c(cnc(N)c34)C#CCN)c1,6.3
3511,CHEMBL1964692,Cn1nc(N)c2c(cncc12)c3ccc(NC(=O)Nc4cccc(c4)C(F)(F)F)cc3,6.3
3522,CHEMBL482967,Cc1nc(N)sc1c2ccnc(Nc3ccc(cc3)N4CCOCC4)n2,6.6
3535,CHEMBL1982957,NC(=O)c1cccc(c1)c2cnc3[nH]cc(c4ccccc4)c3c2,6.4
3546,CHEMBL1996255,Cc1ccc(F)c(NC(=O)Nc2ccc(cc2)c3c(F)ccc4[nH]nc(N)c34)c1,6.3
3547,CHEMBL49120,CCN(CC)CCOc1ccc(Nc2ncc3C=C(C(=O)N(C)c3n2)c4c(Cl)cccc4Cl)cc1,8.8
3551,CHEMBL1988141,CCC(=O)Nc1ccc(C(=O)N2CCNCC2)c(O)c1,6.1
3552,CHEMBL1982610,Clc1cccc(c1)c2cn3C(=O)NC=C(I)c3n2,6.1
3553,CHEMBL1977134,Nc1c(cnc2c(cnn12)c3ccc4OCOc4c3)c5ccc(NC(=O)Nc6cccc(c6)C(F)(F)F)cc5,6.5
3556,CHEMBL1988300,Nc1ccc(cc1)c2csc3c(C=Cc4nc5ccccc5[nH]4)cnc(N)c23,6.8
3558,CHEMBL1991078,COc1ccc(cc1OC)C(=O)Nc2n[nH]c3ccc(cc23)c4cn(Cc5ccccc5)nn4,6.6
3565,CHEMBL1980376,Cc1cccc(c1)c2cccc3onc(N)c23,4.1
3570,CHEMBL1982413,CN(Cc1cc(Cl)c(O)c2ncccc12)C3CCCCC3,5.3
3571,CHEMBL1969502,O=C(Nc1cc2C(=O)NN=Cc3c[nH]c(c1)c23)C4CC4c5ccccc5,7.4
3574,CHEMBL1983963,Cc1cccc(NC(=O)Nc2ccc(cc2)c3coc4ncnc(N)c34)c1,6.6
3581,CHEMBL2002586,Clc1cc(Nc2nc(NC3CC3)c4sccc4n2)ccc1N5CCOCC5,5.7
3584,CHEMBL2007421,CC(C)Oc1cc(Nc2nc(NC(C)c3ccc(F)cn3)ncc2Cl)n[nH]1,6.4
3588,CHEMBL1983268,CN1CCN(CC1)c2ccc(C(=O)Nc3n[nH]c4ccc(Cc5cc(F)cc(F)c5)cc34)c(NC6CCOCC6)c2,6.4
3592,CHEMBL1993335,Cn1cc(c2cc3nc(Br)cnc3[nH]2)c4cc(F)ccc14,6.1
3593,CHEMBL1988692,CC(C)NC1=NNC(=O)C1=Cc2cc3ccccc3[nH]2,6.3
3602,CHEMBL2000071,OCCCNc1ncnc2[nH]cc(c3ccccc3)c12,6.6
3604,CHEMBL1970317,Cn1cc(cn1)c2cnc(N)c3c(csc23)c4ccc(NC(=O)Nc5cccc(F)c5)cc4,8.0
3618,CHEMBL1979883,CN(C)CC#Cc1cnc(N)c2c(csc12)c3ccc(NC(=O)Nc4cccc(C)c4)cc3,6.7
3619,CHEMBL1984162,COCCOC1CCC(CC1)n2nc(c3ccc(Nc4oc5c(C)cc(C)cc5n4)cc3)c6c(N)ncnc26,8.1
3620,CHEMBL1997051,COc1ccc(CN(C)C)cc1Nc2nccc(n2)c3c(nc4sccn34)c5cccc(NC(=O)c6c(F)cccc6F)c5,5.6
3621,CHEMBL491758,Fc1cnc(Nc2ccccc2)nc1Nc3ccccc3,6.9
3622,CHEMBL1986590,O=C1Nc2ccccc2C1=Cc3c[nH]c4ccccc34,5.4
3626,CHEMBL1996791,Nc1ncnc2c1c(I)nn2C3CCC(O)CC3,6.4
3627,CHEMBL371206,Cc1cc(C)cc(NC(=O)Nc2ccc(cc2)c3c(C)sc4ncnc(N)c34)c1,6.7
3628,CHEMBL1974664,COc1ccc(C=NNc2ncnc3c4ccccc4[nH]c23)cc1OC,7.9
3629,CHEMBL406845,CC(C)(C)n1nc(c2ccc(Cl)cc2)c3c(N)ncnc13,7.5
3633,CHEMBL196363,Cc1cccc(NC(=O)Nc2ccc(cc2)c3csc4ncnc(N)c34)c1,6.6
3636,CHEMBL1964441,CNCC#Cc1cnc(N)c2c(csc12)c3ccc(NC(=O)Nc4cccc(C)c4)cc3,5.6
3638,CHEMBL546797,ON=C(c1nc2ccccc2[nH]1)c3nc4ccccc4[nH]3,5.3
3647,CHEMBL2000335,Cc1ccc(NC(=O)Nc2ccc(cc2)c3csc4ncnc(N)c34)cc1C,6.3
3648,CHEMBL1084546,CN(c1ncccc1CNc2nc(Nc3ccc4NC(=O)Cc4c3)ncc2C(F)(F)F)S(=O)(=O)C,5.7
3650,CHEMBL1988717,Cn1cc(cn1)c2cnn3c(N)c(cnc23)c4ccc(NC(=O)Nc5cccc(c5)C(F)(F)F)cc4,8.1
3651,CHEMBL1974328,Cc1cccc(Nc2nc(NC3CCCCC3N)cnc2C(=O)N)c1,6.2
3659,CHEMBL1973013,CC(C)Nc1ncc(Br)c(Nc2ncc(C)s2)n1,5.4
3664,CHEMBL1975927,COc1ccc(cc1)n2ccc3cnc(Nc4cc(OC)c(OC)c(OC)c4)nc23,5.5
3668,CHEMBL1997119,Nc1ncc2cccc(c3ccccc3)n12,4.2
3669,CHEMBL1980904,Nc1n[nH]c2cccc(c3ccc(NC(=O)Nc4cccc(c4)C(F)(F)F)c(F)c3)c12,7.0
3670,CHEMBL1977138,CC(Nc1cncc(n1)n2cnc3ccc(cc23)C#N)c4ccccc4F,6.4
3672,CHEMBL1241473,COc1cc(Nc2ncc(c(Nc3ccccc3C(=O)N)n2)[N+](=O)[O-])cc(OC)c1OC,7.9
3676,CHEMBL2001257,CCN(CC)CC#Cc1cnc(N)c2c(csc12)c3ccc(NC(=O)Nc4cccc(C)c4)cc3,6.1
3679,CHEMBL271441,Cc1ccc(F)c(NC(=O)Nc2ccc(cc2)c3cncc4[nH]nc(N)c34)c1,6.9
3684,CHEMBL1989267,COc1cc(ccc1NC(=O)c2cc3ccccc3n2C)c4csc5c(C=CC(=O)NCCN(C)C)cnc(N)c45,8.4
3687,CHEMBL1970290,CCN(CC)CCNC(=O)c1cccc(c1)n2nc(cc2NC(=O)Nc3cccc4ccccc34)C(C)(C)C,5.5
3688,CHEMBL1967531,Nc1ncnc2scc(c3ccc(NC(=O)Nc4ccccc4)cc3)c12,6.3
3692,CHEMBL1993877,Nc1ncnc2c1c(cn2C3CCCC3)C#C,5.3
3695,CHEMBL273187,Cc1cc(NC(=O)Nc2ccc(cc2)c3ccnc4[nH]nc(N)c34)ccc1F,7.1
3696,CHEMBL1973363,COc1cccc(NC(=O)N2CCC(CC2)c3nc4c(cccc4[nH]3)C(=O)N)c1,5.3
3700,CHEMBL1976420,CCc1c([nH]c2nccnc12)c3ccc(cc3)C(C)(C)O,5.8
3705,CHEMBL2002446,CN1CCN(Cc2ccc3c(Cc4c(n[nH]c34)c5csc(c5)C#CCOCC6CC6)c2)CC1,6.2
3716,CHEMBL2005478,COc1ccc2c(c1)c(cn2C)c3cc4nc(Br)cnc4[nH]3,6.4
3717,CHEMBL1973540,O=C1Nc2ccc3ncsc3c2C1=CNc4ccc(cc4)S(=O)(=O)Nc5ccccn5,6.7
3718,CHEMBL1996646,COc1cccc(OC)c1CNc2nc(NC3CCCCC3)nc4ccc(Cl)cc24,5.6
3721,CHEMBL2003657,CC(C)S(=O)(=O)n1c(N)nc2ccc(cc12)c3c(nc4sccn34)c5ccc(F)cc5,7.1
3723,CHEMBL2005482,Clc1ccc(cc1NC(=O)Cc2ccccc2)c3nc4sccn4c3c5ccnc(Nc6cccc(c6)N7CCOCC7)n5,6.1
3730,CHEMBL1969190,COc1ccc(c2ccc(NC(=O)Nc3cc(F)cc(F)c3)cc2)c4c(N)noc14,6.5
3738,CHEMBL1969102,Cc1cccc(NC(=O)Nc2ccc(cc2)c3csc4c(cnc(N)c34)c5cn[nH]c5)c1,9.5
3746,CHEMBL1998829,Clc1ccc(cc1)C(=O)Nc2cnc3[nH]cc(c4ccccc4)c3c2,6.2
3749,CHEMBL1988838,Cc1cnc(Nc2cccc(c2)S(=O)(=O)N)nc1Nc3ccc(OCC(=O)N)cc3,7.2
3750,CHEMBL1981725,CCN1CCN(CC1)c2ccc(Nc3nccc(n3)c4c(nc5ccccn45)c6cccc(c6)C(=O)Nc7ccccc7F)cc2,7.7
3756,CHEMBL1965170,COc1ccc(NC(=O)Nc2ccc(cc2)c3csc4c(cnc(N)c34)c5cnn(CC(O)CO)c5)cc1,6.0
3761,CHEMBL1965570,Nc1ncc(c2cocc2)c3scc(c4ccc(NC(=O)Nc5ccccc5F)cc4)c13,6.9
3762,CHEMBL1972355,COc1c2C(=O)C=C(C)Oc2cc(O)c1c3nc4ccccc4[nH]3,5.7
3764,CHEMBL2001641,CC(C)(O)c1cn(nn1)c2ccc3[nH]ncc3c2,4.0
3765,CHEMBL1997193,Cc1ccc(s1)C2=C(C#N)C(=O)NC(=C2)c3cc(Br)ccc3O,5.5
3772,CHEMBL1983715,CCNc1nc(C)c(s1)c2ccnc(Nc3ccc(cc3)N4CCN(CC4)C(=O)C)n2,6.2
3774,CHEMBL2006715,Fc1cccc(F)c1C(=O)Nc2cccc(c2)c3nc4sccn4c3c5ccnc(Nc6cccc(c6)N7CCCC7=O)n5,7.5
3788,CHEMBL1970879,COc1cc(ccc1NC(=O)c2cc3ccccc3n2C)c4nn(C5CCC(CC5)N6CCN(CC6)C(=O)C)c7ncnc(N)c47,9.0
3789,CHEMBL1989856,Cc1c(C=O)c(O)n2c3ccccc3nc2c1C#N,6.4
3796,CHEMBL2002702,Cc1cc(C)c(C=C2C(=O)Nc3ccccc23)[nH]1,6.1
3797,CHEMBL1972220,Nc1ncc(c2cnn(CCO)c2)c3scc(c4ccc(NC(=O)Nc5ccc(OC(F)F)cc5)cc4)c13,7.2
3817,CHEMBL415049,CCN(CCCOc1ccc2c(Nc3cc(CC(=O)Nc4cccc(F)c4)[nH]n3)ncnc2c1)CCOP(=O)(O)O,5.4
3824,CHEMBL2001751,NC(COc1cncc(c1)c2ccc3NC(=O)C(=Cc4occc4)c3c2)Cc5c[nH]c6ccccc56,6.4
3826,CHEMBL272938,Cc1cccc(NC(=O)Nc2ccc(cc2)c3cncc4[nH]nc(N)c34)c1,7.0
3828,CHEMBL2002723,CC(=O)Nc1ccc(cc1)n2nc3ccc(N)nc3n2,5.5
3829,CHEMBL1973395,OC1CCN(CC1)c2ncnc3[nH]cc(c4ccccc4)c23,6.1
3840,CHEMBL1969588,Clc1cc(cc(NCc2ccccc2)n1)c3c[nH]c4ncccc34,8.0
3841,CHEMBL1984711,COc1cc(Nc2nccc(Nc3onc(c3)C4CCCCC4)n2)cc(OC)c1OC,7.8
3842,CHEMBL1967878,CN1CCN(CC1)c2ccc(Nc3ncc(F)c(NC4C5CC(C=C5)C4C(=O)N)n3)cc2C,8.1
3848,CHEMBL1972934,Nc1ncnc2sccc12,4.1
3850,CHEMBL1992581,FC(F)Sc1ccc(NC(=O)Cc2ccc(cc2)c3cccnc3)cc1,5.8
3852,CHEMBL2004290,COc1ccc(NC(=O)Nc2ccc(cc2)c3csc4c(cnc(N)c34)c5cnn(CC(C)(C)O)c5)cc1,6.6
3856,CHEMBL2000393,Fc1ccc2ncn(c3ncc4NC(=O)N(C5CCOc6c(F)cccc56)c4n3)c2c1,6.6
3857,CHEMBL403402,Nc1n[nH]c2nccc(c3ccc(NC(=O)Nc4cc(ccc4F)C(F)(F)F)cc3)c12,6.7
3858,CHEMBL1983573,Nc1nnc2cccc(c3ccc(C=C)cc3)n12,5.0
3864,CHEMBL1988075,Cc1ccc(cn1)c2cnc(N)c3c(csc23)c4ccc(NC(=O)Nc5cccc(F)c5)cc4,6.3
3872,CHEMBL253969,NC(=O)c1c(NC(=O)NCCCCN2CCCC2)snc1OCc3c(F)cc(Br)cc3F,6.3
3873,CHEMBL1999811,Oc1ccc(C=NNC(=O)Nc2cccc3nsnc23)c(O)c1,7.0
3889,CHEMBL1968590,CNC(=O)C=Cc1cnc(N)c2c(csc12)c3ccc4sc(C)nc4c3,7.5
3890,CHEMBL1999749,COc1cc(Nc2ncnc3ccc(cc23)c4ccc(CN5CC6C(CO)C6C5)cc4)ccc1Oc7ccccc7,8.6
3895,CHEMBL1971029,CNS(=O)(=O)c1ccccc1Nc2nc(Nc3cc(ccc3OC)N4CCN(CC4)C(=O)C)ncc2Br,7.6
3904,CHEMBL379975,Oc1ccc2[nH]c3cc(c4ccccc4Cl)c5C(=O)NC(=O)c5c3c2c1,5.4
3906,CHEMBL474432,COc1cc2ncn(c3cc(OCc4ccccc4C(F)(F)F)c(s3)C(=O)O)c2cc1OC,6.4
3915,CHEMBL1968245,NC(COc1cc(C=Cc2ccncc2)cnc1Cl)Cc3c[nH]c4ccccc34,6.6
3916,CHEMBL1979577,Cc1cccc(NC(=O)Nc2ccc(cc2)c3csc4c(cnc(N)c34)C#CC(C)(C)N)c1,6.4
3917,CHEMBL1998121,NCCC(C(=O)Nc1ccc2[nH]ncc2c1)c3ccc(Cl)c(Cl)c3,6.5
3923,CHEMBL1996649,CCN(CC)CCCNC(=O)c1cnc(N)c2c(csc12)c3ccc(NC(=O)Nc4cccc(F)c4)cc3,6.3
3924,CHEMBL1996817,CCCCOc1ncnc2[nH]cc(c3ccccc3)c12,6.8
3927,CHEMBL409349,Cc1cc(C)cc(NC(=O)Nc2ccc(cc2)c3cccc4onc(N)c34)c1,6.5
3931,CHEMBL1990884,Cc1cc(C)c2oc(Nc3ccc(cc3F)c4cccc(C(=O)N)c4N)nc2c1,7.2
3932,CHEMBL1990885,CCN(CC)CCNC(=O)c1c(C)[nH]c(C=C2C(=O)Nc3ccc(F)cc23)c1C,6.6
3938,CHEMBL2042135,C[C@@H](Oc1cc(ccc1C(=O)N)c2cc(cnc2N)c3cc(CN(C)C)cs3)\C=C/C(F)(F)F,6.13
3949,CHEMBL2178804,Cn1cc(NC(=O)c2cnn3ccc(N)nc23)c(n1)c4cc(Cl)ccc4Cl,5.3
3954,CHEMBL2205426,CC(C)(C)NC1=C(Nc2ccnc(Nc3ccc(cc3)c4ccncc4)n2)C(=O)C1=O,6.48
4284,CHEMBL2333445,CCc1ccc(cc1)c2ccc3N(C)S(=O)(=O)c4cn[nH]c4c3c2,5.55
4299,CHEMBL2420911,C1CNCC2(C1)CCN(CC2)c3ncnc4[nH]cnc34,4.59
4382,CHEMBL3288854,CN1CCN(CCC(=O)Nc2c(C)[nH]c(\C=C\3/C(=O)Nc4ccc(F)cc34)c2C)CC1,5.75
4390,CHEMBL3335244,COc1cc(Br)c(Br)c(\C=N\c2ccc3NC(=O)Nc3c2)c1O,4.41
4391,CHEMBL3335245,CCOc1cc(Br)c(Br)c(\C=N\c2ccc3NC(=O)Nc3c2)c1O,4.16
4412,CHEMBL3578225,CCOc1ccc(cc1)c2[nH]ncc2CN3CCN(CC3)S(=O)(=O)N4CCCC4,5.65
4413,CHEMBL3578224,CCc1ccc2NC(=O)C(=Cc2c1)CN(Cc3ccc4OCOc4c3)C(=O)Nc5ccc(F)cc5,5.68
4414,CHEMBL3578223,COC(Cn1nc(c2ccccc2)c3c(N)nc(SC)nc13)c4ccccc4,5.0
4415,CHEMBL3578222,CNc1nc(SC)nc2c1c(nn2CCc3ccccc3)c4ccccc4,5.0
4416,CHEMBL3578221,CC(Cn1nc(c2ccc3[nH]ccc3c2)c4c(N)ncnc14)c5ccccc5,5.79
4417,CHEMBL3578220,CC(Cn1nc(c2ccc(cc2)C(=O)C)c3c(N)ncnc13)c4ccccc4,5.0
4418,CHEMBL3578219,CC(Cn1nc(c2ccc(C)cc2)c3c(N)ncnc13)c4ccccc4,6.0
4419,CHEMBL3577124,CNc1ncc2cc(c(C)nc2n1)c3cc(NC(=O)NCCC(C)(C)C)c(F)cc3C,7.04
4420,CHEMBL3578215,Cc1ccc(cc1)c2nn(CC(Cl)c3ccccc3)c4ncnc(N)c24,7.02
4421,CHEMBL3578216,COc1ccc(cc1)c2nn(CC(Cl)c3ccccc3)c4ncnc(N)c24,5.83
4422,CHEMBL3578217,CC(Cn1nc(c2ccccc2)c3c(N)ncnc13)c4ccccc4,5.48
4423,CHEMBL3578218,CC(Cn1nc(c2ccc(Cl)cc2)c3c(N)ncnc13)c4ccccc4,6.06
4425,CHEMBL3578204,CCCCSc1nc(Nc2cccc(Cl)c2)c3cnn(CC(Cl)c4ccccc4)c3n1,5.85
4429,CHEMBL1775040,CCCNc1nc(SCCN2CCOCC2)nc3c1cnn3CC(Cl)c4ccccc4,5.09
4430,CHEMBL1775038,Fc1ccc(CNc2nc(SCCN3CCOCC3)nc4c2cnn4CC(Cl)c5ccccc5)cc1,4.81
4432,CHEMBL1775035,ClC(Cn1ncc2c(Nc3ccccc3)nc(SCCN4CCOCC4)nc12)c5ccccc5,5.13
4436,CHEMBL3578213,Nc1ncnc2c1c(nn2CC(Cl)c3ccccc3)c4ccc(F)cc4,6.44
4437,CHEMBL3578212,Nc1ncnc2c1c(nn2CC(Cl)c3ccccc3)c4ccccc4,6.05
4438,CHEMBL411043,ClC(Cn1ncc2c(NCc3ccccc3)ncnc12)c4ccccc4,5.46
4439,CHEMBL3578211,ClC(Cn1ncc2c(NCc3ccccc3)nc(Cc4ccccc4)nc12)c5ccccc5,4.89
4440,CHEMBL3578208,CCC(C)Sc1nc(Nc2cccc(Cl)c2)c3cnn(CC(Cl)c4ccccc4)c3n1,4.9
4441,CHEMBL3578209,CSc1nc(NCCc2cccc(Cl)c2)c3cnn(\C=C\c4ccccc4)c3n1,4.8
4442,CHEMBL3578210,OCCNc1nc(NCc2ccccc2)c3cnn(\C=C\c4ccccc4)c3n1,5.94
4474,CHEMBL3632719,Cn1c(Nc2cccc(c2)C(C)(C)C)nc3cc(Oc4ccnc(c4)c5ncc([nH]5)C(F)(F)F)ccc13,6.66
4475,CHEMBL3632717,Cn1c(Nc2cccc(c2)C(C)(C)C)nc3cc(Oc4ccnc(c4)c5ncc[nH]5)ccc13,7.4
4519,CHEMBL3799221,CCOC(Cn1nc(c2cnc3[nH]ccc3c2)c4c(N)ncnc14)OCC,5.91
4528,CHEMBL3818247,CN1C(=O)COc2c1cnc3ccc(Sc4nnc5c(F)cc(cn45)c6cnn(C)c6)cc23,4.95
4532,CHEMBL3823212,CN(C)C1CCN(CCn2nc(c3ccc(C)cc3)c4c(N)ncnc24)CC1,6.51
4533,CHEMBL3823849,CN(C)CC1CCN(CCn2nc(c3ccc(C)cc3)c4c(N)ncnc24)CC1,6.04
4534,CHEMBL3822591,CN(C)CCC1CCN(CCn2nc(c3ccc(C)cc3)c4c(N)ncnc24)CC1,5.71
4537,CHEMBL3823861,CN(C)CC1CCN(CCn2nc(c3cnc4[nH]ccc4c3)c5c(N)ncnc25)CC1,7.42
