,molecule_chembl_id,canonical_smiles,pchembl_value
0,lithium citrate,[Li+].[Li+].[Li+].OC(CC([O-])=O)(CC([O-])=O)C([O-])=O,
1,CHEMBL296468,CC(C)(C)c1oc(CSc2cnc(NC(=O)C3CCNCC3)s2)nc1,7.55
2,CHEMBL388978,CN[C@@H]1C[C@H]2O[C@@](C)([C@@H]1OC)n3c4ccccc4c5c6CNC(=O)c6c7c8ccccc8n2c7c35,7.55
3,CHEMBL160586,OC(=O)c1cc(NC2=C(C(=O)NC2=O)c3ccccc3[N+](=O)[O-])ccc1Cl,7.55
4,CHEMBL407003,CCCC(=O)Nc1n[nH]c2ncc(cc12)c3ccccc3Cl,7.57
5,CHEMBL3673984,COc1ccccc1C2C3=C(CC(C)(C)CC3=O)Nc4n[nH]c(C)c24,7.57
6,CHEMBL2391133,[O-][N+](=O)c1ccccc1c2ccc(CSc3oc(nn3)c4ccncc4)cc2,7.57
7,CHEMBL156379,OC(=O)c1cc(NC2=C(C(=O)NC2=O)c3cccc(c3)[N+](=O)[O-])ccc1Cl,7.59
8,CHEMBL427909,Oc1ccc(cc1)c2nc3[nH]nc(NC(=O)C4CC4)c3cc2c5ccccc5,7.62
9,CHEMBL445813,Clc1cccc(Cl)c1C(=O)Nc2c[nH]nc2C(=O)NC3CCNCC3,7.64
10,CHEMBL253956,O=C1OC(Nc2ncc3nnn(c4ccccc4)c3n2)c5ccccc15,7.64
11,CHEMBL1242556,CN(C)CCC(=O)Nc1n[nH]c2nnc(cc12)c3ccccc3,7.66
12,CHEMBL259744,CN(C)CCCC(=O)Nc1n[nH]c2nnc(cc12)c3ccccc3,7.66
13,CHEMBL2205426,CC(C)(C)NC1=C(Nc2ccnc(Nc3ccc(cc3)c4ccncc4)n2)C(=O)C1=O,7.68
14,CHEMBL407730,CCN1CCN(CCCC(=O)Nc2n[nH]c3nc(ccc23)c4cccc(O)c4)CC1,7.68
15,CHEMBL2391100,CC(=O)Nc1cc(ccn1)c2oc(SCc3ccccc3)nn2,7.7
16,CHEMBL263907,CCCC(=O)Nc1n[nH]c2ncc(cc12)c3cccc(F)c3,7.7
17,CHEMBL404565,OC(=O)CCc1ccc(Nc2ncc3nnn(c4ccccc4)c3n2)cc1,7.7
18,CHEMBL261596,CC(C)C(=O)Nc1n[nH]c2ncc(cc12)c3ccccc3,7.72
19,CHEMBL2391126,COc1ccc(cc1)c2ccc(CSc3oc(nn3)c4ccc5OCCOc5c4)cc2,7.72
20,CHEMBL2064536,N#Cc1ccccc1c2ccc(CSc3oc(nn3)c4ccncc4)cc2,7.72
21,CHEMBL407373,CCCC(=O)Nc1n[nH]c2ncc(cc12)c3ccccc3F,7.75
22,CHEMBL101747,CCN1CCC(CC(=O)Nc2n[nH]c3nc(c(Br)cc23)c4cccs4)CC1,7.75
23,CHEMBL2391101,CC(=O)Nc1cc(ccn1)c2oc(SCc3cccc(c3)C#N)nn2,7.77
24,CHEMBL406644,Brc1cc2c(NC(=O)C3CCCC3)n[nH]c2nc1c4nccs4,7.8
25,CHEMBL2064539,COC[C@H]1COc2ccc(cc2O1)c3oc(SCc4ccc(cc4)c5ccccc5C#N)nn3,7.82
26,CHEMBL2064517,N#Cc1ccc(CSc2oc(nn2)c3ccc4OCOc4c3)cc1,7.82
27,CHEMBL2064516,N#Cc1cccc(CSc2oc(nn2)c3ccc4OCOc4c3)c1,7.82
28,CHEMBL260163,Oc1ccc(cc1)c2ccc3c(NC(=O)C4CC4)n[nH]c3c2,7.82
29,CHEMBL2391128,[O-][N+](=O)c1cccc(c1)c2ccc(CSc3oc(nn3)c4ccc5OCCOc5c4)cc2,7.82
30,CHEMBL2391120,[O-][N+](=O)c1cccc(c1)c2ccc(CSc3oc(nn3)c4ccc5OCOc5c4)cc2,7.82
31,CHEMBL317657,Brc1cc2c(NC(=O)C3CCN(Cc4ccccc4)C3)n[nH]c2nc1c5occc5,7.85
32,CHEMBL3673985,COc1ccccc1C2C3=C(CC(C)(C)CC3=O)Nc4n[nH]c(c24)C(F)(F)F,7.89
33,CHEMBL255735,OC(=O)\C=C/c1ccc(Nc2ncc3nnn(c4ccccc4)c3n2)cc1,7.89
34,CHEMBL410926,CN1CCC(CC1)C(=O)Nc2n[nH]c3nc(ccc23)c4ccc(O)cc4,7.92
35,CHEMBL2064520,COC(=O)c1ccc(CSc2oc(nn2)c3ccc4OCCOc4c3)cc1,7.92
36,CHEMBL408019,Oc1cccc(c1)c2ccc3c(NC(=O)C4CC4)n[nH]c3n2,7.92
37,CHEMBL407002,CCCC(=O)Nc1n[nH]c2ncc(cc12)c3cccnc3,7.96
38,CHEMBL261441,O=C(CCCN1CCCC1)Nc2n[nH]c3nnc(cc23)c4ccccc4,7.96
39,CHEMBL1092754,Cn1cc(\C=C\2/Oc3cccc(O)c3C2=O)c4c(ccnc14)c5ccc(cc5)C(=O)NCCO,7.98
40,CHEMBL412142,Cc1c[nH]c(n1)c2cnc(NCCNc3ccc(cn3)C#N)nc2c4ccc(Cl)cc4Cl,8.0
41,CHEMBL3661030,Cc1cc(Nc2n[nH]c3ncc(F)cc23)nc(c1C)c4ccccc4Cl,8.0
42,CHEMBL2064531,C(Sc1oc(nn1)c2ccc3OCOc3c2)c4ccc(cc4)c5ccccc5,8.05
43,CHEMBL406125,CN1CCC(CC1)C(=O)Nc2n[nH]c3nnc(cc23)c4ccccc4,8.05
44,CHEMBL2391130,N#Cc1cccc(c1)c2ccc(CSc3oc(nn3)c4ccc5OCCOc5c4)cc2,8.05
45,CHEMBL402541,OC(=O)COc1ccc(Nc2ncc3nnn(c4ccccc4)c3n2)cc1,8.05
46,CHEMBL3582401,[11CH3]n1cc(C2=C(C(=O)NC2=O)c3ccc(Cl)cc3Cl)c4ccccc14,8.05
47,CHEMBL405145,Oc1ccc(cc1)c2ccc3c(NC(=O)C4CC4)n[nH]c3n2,8.1
48,CHEMBL260345,Oc1ccc(cc1O)c2ccc3c(NC(=O)C4CC4)n[nH]c3n2,8.1
49,CHEMBL408564,Brc1cc2c(NC(=O)C3CC3)n[nH]c2nc1c4occc4,8.16
50,CHEMBL407980,Brc1cc2c(NC(=O)C3CCCC3)n[nH]c2nc1c4cccs4,8.16
51,CHEMBL261549,CCCC(=O)Nc1n[nH]c2cnc(cc12)c3ccccc3,8.16
52,CHEMBL264161,CCCC(=O)Nc1n[nH]c2ncc(cc12)c3cccc(F)c3F,8.16
53,CHEMBL409738,CCN1CCN(CCCC(=O)Nc2n[nH]c3nnc(cc23)c4ccccc4)CC1,8.16
54,CHEMBL2391119,COc1ccc(cc1)c2ccc(CSc3oc(nn3)c4ccc5OCOc5c4)cc2,8.16
55,CHEMBL259838,Oc1ccc(cc1Cl)c2ccc3c(NC(=O)C4CC4)n[nH]c3n2,8.16
56,CHEMBL260662,Cc1cc2c(NC(=O)C3CC3)n[nH]c2nc1c4ccc(O)cc4,8.22
57,CHEMBL2064515,N#Cc1ccc(cc1)c2ccc(CSc3oc(nn3)c4ccc5OCOc5c4)cc2,8.22
58,CHEMBL259271,CCN1CCN(CCCCC(=O)Nc2n[nH]c3nnc(cc23)c4ccccc4)CC1,8.3
59,CHEMBL41783,CN(C)CCCC(=O)Nc1n[nH]c2nnc(cc12)c3cccc(F)c3F,8.3
60,CHEMBL2391125,COc1ccc(c2ccc(CSc3oc(nn3)c4ccc5OCCOc5c4)cc2)c(c1)C#N,8.3
61,CHEMBL2391118,COc1ccc(c2ccc(CSc3oc(nn3)c4ccc5OCOc5c4)cc2)c(c1)C#N,8.3
62,CHEMBL261518,O=C(CCCN1CCOCC1)Nc2n[nH]c3nnc(cc23)c4ccccc4,8.3
63,CHEMBL258483,O=C(Nc1n[nH]c2ncc(cc12)c3ccccc3)C4CCCC4,8.3
64,CHEMBL409450,O\N=C/1\C(=C/2\C(=O)Nc3cc(Br)ccc23)\Nc4ccccc14,8.3
65,CHEMBL260416,Oc1ccc(cc1Br)c2ccc3c(NC(=O)C4CC4)n[nH]c3n2,8.3
66,CHEMBL402902,OC(=O)c1ccc(Nc2ncc(c(NC34CC5CC(CC(O)(C5)C3)C4)n2)[N+](=O)[O-])cc1,8.35
67,CHEMBL288143,CCCC(=O)Nc1n[nH]c2nnc(cc12)c3ccccc3,8.4
68,CHEMBL407981,CCN1CCN(CCCC(=O)Nc2n[nH]c3nc(c(Br)cc23)c4ccc(O)cc4)CC1,8.4
69,CHEMBL2391121,N#Cc1cccc(c1)c2ccc(CSc3oc(nn3)c4ccc5OCOc5c4)cc2,8.4
70,CHEMBL50894,[O-][N+](=O)c1ccc2[nH]c3c(CC(=O)Nc4ccccc34)c2c1,8.4
71,CHEMBL2391129,[O-][N+](=O)c1ccccc1c2ccc(CSc3oc(nn3)c4ccc5OCCOc5c4)cc2,8.4
72,CHEMBL3652550,CC(C)(O)c1cc(Nc2n[nH]c3ncc(F)cc23)nc(n1)C4CCCCC4,8.52
73,CHEMBL3652543,Cc1cc(Nc2n[nH]c3ncc(F)cc23)nc(n1)C4CCCCCC4,8.52
74,CHEMBL3652547,Cc1cc(Nc2n[nH]c3ncc(F)cc23)nc(n1)C4CCOCC4,8.52
75,CHEMBL3661029,Fc1cnc2[nH]nc(Nc3cc(cc(n3)c4ccccc4Cl)C(F)(F)F)c2c1,8.52
76,CHEMBL2391122,[O-][N+](=O)c1ccccc1c2ccc(CSc3oc(nn3)c4ccc5OCOc5c4)cc2,8.52
77,CHEMBL2391102,CC(=O)Nc1cc(ccn1)c2oc(SCc3ccc(cc3)c4ccccc4C#N)nn2,8.7
78,CHEMBL3652549,Cc1cc(Nc2c[nH]c3ncc(F)cc23)nc(n1)C45CC6CC(CC(C6)C4)C5,8.7
79,CHEMBL3652551,Cc1cc(Nc2n[nH]c3ccc(F)cc23)nc(n1)C4CCCCC4,8.7
80,CHEMBL3661031,Cc1cc(Nc2n[nH]c3ncc(F)cc23)nc(c1)c4ccccc4Cl,8.7
81,CHEMBL3652544,Cc1cc(Nc2n[nH]c3ncc(F)cc23)nc(n1)C4CCCC4,8.7
82,CHEMBL2064535,Fc1ccc(c2ccc(CSc3oc(nn3)c4ccc5OCCOc5c4)cc2)c(c1)C#N,8.7
83,CHEMBL2064532,Fc1ccc(c2ccc(CSc3oc(nn3)c4ccc5OCOc5c4)cc2)c(c1)C#N,8.7
84,CHEMBL1082152,Cn1cc(C2=C(C(=O)NC2=O)c3cccc(NCC(O)CO)c3)c4cc(F)ccc14,8.82
85,CHEMBL362558,Fc1cc2CN(CCn3cc(C4=C(C(=O)NC4=O)c5cnc6ccccn56)c(c1)c23)C(=O)N7CCCCC7,8.82
86,CHEMBL261129,CN1CCC(CC1)C(=O)Nc2n[nH]c3nc(c(Br)cc23)c4ccc(O)cc4,9.0
87,CHEMBL3652548,C[C@H]1CCCC[C@@H]1c2nc(C)cc(Nc3n[nH]c4ncc(F)cc34)n2,9.0
88,CHEMBL3652541,Cc1nc(Nc2n[nH]c3ncc(F)cc23)cc(n1)C4CCC(F)(F)CC4,9.0
89,CHEMBL260664,Oc1ccc(cc1)c2nc3[nH]nc(NC(=O)C4CC4)c3cc2Cl,9.0
90,CHEMBL260417,Oc1ccc(cc1)c2nc3[nH]nc(NC(=O)C4CC4)c3cc2Br,9.1
91,CHEMBL3652540,Cc1nc(nc(Nc2n[nH]c3ncc(F)cc23)c1C)C4CCCCC4,9.16
92,CHEMBL1080901,Nc1nc(NCCNc2ncc(c3ncc[nH]3)c(n2)c4ccc(Cl)cc4Cl)ccc1[N+](=O)[O-],9.19
93,CHEMBL3661033,Cc1cc(Nc2n[nH]c3ncc(F)cc23)nc(c1C)c4ccccc4,9.22
94,CHEMBL3652545,Cc1cc(Nc2n[nH]c3ncc(F)cc23)nc(n1)C4CCCCC4,9.3
1,CHEMBL261690,Brc1cc2c(NC(=O)C3CC3)n[nH]c2nc1c4nccs4,7.0
3,CHEMBL260929,O=C(Nc1n[nH]c2cc(ccc12)c3ccc[nH]3)C4CC4,6.5
6,CHEMBL405021,O=C(Nc1n[nH]c2cc(ccc12)c3ccccc3)C4CC4,6.3
8,CHEMBL260231,Brc1cc2c(NC(=O)C3CC3)n[nH]c2nc1c4cccs4,7.41
11,CHEMBL261660,Fc1cccc(c1)c2ccc3c(NC(=O)C4CC4)n[nH]c3c2,6.08
12,CHEMBL421207,O=C(Nc1n[nH]c2cc(ccc12)c3occc3)C4CC4,7.3
15,CHEMBL407113,NS(=O)(=O)c1cccc(c1)c2ccc3c(NC(=O)C4CC4)n[nH]c3c2,6.32
17,CHEMBL260928,O=C(Nc1n[nH]c2cc(ccc12)c3ccsc3)C4CC4,6.48
18,CHEMBL101804,O=C(Nc1n[nH]c2nc(ccc12)c3occc3)C4CC4,6.85
26,CHEMBL260243,O=C(Nc1n[nH]c2cc(ccc12)c3cocc3)C4CC4,7.46
31,CHEMBL261659,O=C(Nc1n[nH]c2cc(ccc12)c3ccc4[nH]ccc4c3)C5CC5,7.38
32,CHEMBL260135,Nc1n[nH]c2nnc(c3ccccc3)c(c4ccccc4)c12,6.6
33,CHEMBL259270,Brc1cc2c(NC(=O)C3CC3)n[nH]c2nc1c4ccccc4,7.13
36,CHEMBL318522,O=C(Nc1n[nH]c2cc(ccc12)c3cccs3)C4CC4,6.67
41,CHEMBL75680,CCCCc1c([nH]c2nccnc12)c3ccc(O)cc3,6.3
46,CHEMBL407374,CCCC(=O)Nc1n[nH]c2ncccc12,5.63
53,CHEMBL260329,CCCC(=O)Nc1n[nH]c2ncc(cc12)c3cccc4ccccc34,6.62
54,CHEMBL264162,CCCC(=O)Nc1n[nH]c2ncc(cc12)B3OC(C)(C)C(C)(C)O3,6.45
56,CHEMBL288448,CC(=O)Nc1n[nH]c2ncc(cc12)c3ccccc3,6.54
57,CHEMBL406701,CCC(=O)Nc1n[nH]c2ncc(cc12)c3ccccc3,7.37
66,CHEMBL261052,CCCC(=O)Nc1n[nH]c2ncc(cc12)c3ccc(cc3)c4ccccc4,6.07
67,CHEMBL261439,Nc1n[nH]c2ncc(cc12)c3ccccc3,6.37
68,CHEMBL259925,Nc1n[nH]c2cnc(cc12)c3ccccc3,5.9
69,CHEMBL406062,CCCC(=O)Nc1n[nH]c2ncc(cc12)c3ccc4ccccc4c3,6.77
70,CHEMBL261661,CCCC(=O)Nc1n[nH]c2cnc(nc12)c3ccccc3,5.57
71,CHEMBL408634,Nc1n[nH]c2nnc(cc12)c3ccccc3,6.28
73,CHEMBL261366,CCCC(=O)Nc1n[nH]c2ccc(cc12)c3ccccc3,7.0
77,CHEMBL258701,CCCC(=O)Nc1n[nH]c2ncc(cc12)c3ccccc3,7.25
79,CHEMBL408809,CCNC(=O)Nc1n[nH]c2ncc(cc12)c3ccccc3,5.55
81,CHEMBL261127,CCCC(=O)Nc1n[nH]c2nnc(c3ccccc3)c(c4ccccc4)c12,6.16
85,CHEMBL287731,CS(=O)(=O)Nc1n[nH]c2ncc(cc12)c3ccccc3,5.45
86,CHEMBL261264,CCCC(=O)Nc1n[nH]c2ncc(cc12)c3ccncc3,6.35
88,CHEMBL296682,Nc1nccc(n1)c2c[nH]c3c(Br)ccc(O)c23,6.05
99,CHEMBL345348,Oc1ccc(NC2=C(C(=O)NC2=O)c3cccc(c3)[N+](=O)[O-])cc1Cl,4.23
105,CHEMBL347134,Oc1c(Cl)cc(NC2=C(C(=O)NC2=O)c3ccc(Cl)cc3)cc1Cl,4.04
109,CHEMBL158208,COc1ccc(cc1)C2=C(Nc3cccc(Cl)c3)C(=O)NC2=O,6.81
110,CHEMBL322970,Oc1ccc(NC2=C(C(=O)NC2=O)c3ccccc3[N+](=O)[O-])cc1Cl,6.98
111,CHEMBL345801,[O-][N+](=O)c1cccc(c1)C2=C(Nc3cccc(Cl)c3)C(=O)NC2=O,4.16
114,CHEMBL159149,OC(=O)c1cccc(NC2=C(C(=O)NC2=O)c3cccc(c3)[N+](=O)[O-])c1,4.1
127,CHEMBL157258,Oc1c(Cl)cc(NC2=C(C(=O)NC2=O)c3ccccc3Cl)cc1Cl,4.03
133,CHEMBL160333,Oc1ccc(NC2=C(C(=O)NC2=O)c3cccc(Cl)c3)cc1Cl,4.03
139,CHEMBL352222,Oc1c(Cl)cc(NC2=C(C(=O)NC2=O)c3cccc(c3)[N+](=O)[O-])cc1Cl,4.7
141,CHEMBL160585,COc1ccccc1C2=C(N3CCc4ccccc34)C(=O)NC2=O,6.73
143,CHEMBL349810,COc1cccc(c1)C2=C(Nc3ccc(Cl)c(c3)C(=O)O)C(=O)NC2=O,4.07
145,CHEMBL346721,COc1ccc(cc1)C2=C(Nc3cc(Cl)c(O)c(Cl)c3)C(=O)NC2=O,4.08
160,CHEMBL345212,OC(=O)c1cc(NC2=C(C(=O)NC2=O)c3ccccc3Cl)ccc1Cl,4.13
164,CHEMBL422714,Oc1c(Cl)cc(NC2=C(C(=O)NC2=O)c3cccc(Cl)c3)cc1Cl,4.24
168,CHEMBL156987,OC(=O)c1cc(NC2=C(C(=O)NC2=O)c3cccc(Cl)c3)ccc1Cl,4.12
173,CHEMBL158885,Oc1c(Cl)cc(NC2=C(C(=O)NC2=O)c3ccccc3[N+](=O)[O-])cc1Cl,4.28
184,CHEMBL345800,COc1ccccc1C2=C(Nc3cc(Cl)c(O)c(Cl)c3)C(=O)NC2=O,4.09
185,CHEMBL347681,Oc1c(Cl)cc(NC2=C(C(=O)NC2=O)c3ccc(cc3)[N+](=O)[O-])cc1Cl,4.15
204,CHEMBL261882,CN1CCC(CC1)C(=O)Nc2n[nH]c3nc(c(Br)cc23)c4ccccc4,6.42
206,CHEMBL261883,Clc1cc2c(NC(=O)C3CC3)n[nH]c2nc1c4ccccc4,6.63
213,CHEMBL260344,O=C(Nc1n[nH]c2nc(ccc12)c3ccccc3)C4CC4,6.37
215,CHEMBL260663,Oc1ccccc1c2ccc3c(NC(=O)C4CC4)n[nH]c3n2,7.44
216,CHEMBL407958,O=C(Nc1n[nH]c2nc(c3ccccc3)c(cc12)c4ccccc4)C5CC5,6.38
219,CHEMBL406620,COc1cccc(c1)c2ccc3c(NC(=O)C4CC4)n[nH]c3n2,6.9
220,CHEMBL408979,COc1ccccc1c2ccc3c(NC(=O)C4CC4)n[nH]c3n2,5.8
225,CHEMBL261881,O=C(Nc1n[nH]c2nc(c3ccccc3)c(cc12)C#N)C4CC4,7.06
258,CHEMBL248757,Clc1cc2NC(=O)Nc3cnc(C#N)c(OCCCCOc2cc1NCc4cncs4)n3,6.04
272,CHEMBL257188,OC(=O)c1ccc(Nc2ncc(c(Nc3ccccc3)n2)[N+](=O)[O-])cc1,6.57
273,CHEMBL403856,OC(=O)c1ccc(Nc2ncc3NC(=O)CN(c4ccccc4)c3n2)cc1,5.17
274,CHEMBL253740,OC(=O)c1ccc(Nc2ncc3c(Cl)nn(c4ccccc4)c3n2)cc1,6.46
275,CHEMBL253533,COc1nn(c2ccccc2)c3nc(Nc4ccc(cc4)C(=O)O)ncc13,5.72
276,CHEMBL401918,CN1N(c2ccccc2)c3nc(Nc4ccc(cc4)C(=O)O)ncc3C1=O,5.99
277,CHEMBL256307,OC(=O)c1ccc(Nc2ncc(F)c(Nc3ccccc3)n2)cc1,5.43
278,CHEMBL256306,OC(=O)c1ccc(Nc2ncc(c(Nc3ccccc3)n2)C(F)(F)F)cc1,6.13
279,CHEMBL428596,OC(=O)c1ccc(Nc2ncc(C3C=NN=N3)c(Nc4ccccc4)n2)cc1,5.55
280,CHEMBL256987,OC(=O)c1ccc(Nc2ncc(c(Nc3ccccc3)n2)c4ccncc4)cc1,5.73
282,CHEMBL254587,O[C@@H]1CC[C@H](CC1)Nc2ncc(F)c(NC34CC5CC(CC(O)(C5)C3)C4)n2,5.82
283,CHEMBL257370,O[C@@H]1CC[C@H](CC1)Nc2ncc(Cl)c(NC34CC5CC(CC(O)(C5)C3)C4)n2,6.88
284,CHEMBL403385,O[C@@H]1CC[C@H](CC1)Nc2ncc(Br)c(NC34CC5CC(CC(O)(C5)C3)C4)n2,7.04
285,CHEMBL255905,O[C@@H]1CC[C@H](CC1)Nc2ncc(c(NC34CC5CC(CC(O)(C5)C3)C4)n2)C(F)(F)F,7.22
286,CHEMBL254155,O[C@@H]1CC[C@H](CC1)Nc2ncc3nnn(c3n2)C45CC6CC(CC(O)(C6)C4)C5,6.35
287,CHEMBL404174,O[C@@H]1CC[C@H](CC1)Nc2ncc(c(NC34CC5CC(CC(O)(C5)C3)C4)n2)[N+](=O)[O-],6.91
288,CHEMBL254350,OC(=O)COc1ccc(Nc2ncc3nnn(c3n2)C45CC6CC(CC(O)(C6)C4)C5)cc1,7.02
289,CHEMBL404175,OC(=O)CCc1ccc(Nc2ncc(c(NC34CC5CC(CC(C5)C3)C4)n2)[N+](=O)[O-])cc1,7.42
290,CHEMBL257575,OC(=O)c1ccc(Nc2ncc3nnn(c3n2)C45CC6CC(CC(O)(C6)C4)C5)cc1,7.18
292,CHEMBL257577,OC(=O)c1ccc(Nc2ncc3nnn(c3n2)C45CC6CC(CC(C6)C4)C5)cc1,7.1
293,CHEMBL253748,OC(=O)c1ccc(Nc2ncc(c(NC34CC5CC(CC(C5)C3)C4)n2)[N+](=O)[O-])cc1,7.47
295,CHEMBL404242,COC(=O)COc1ccc(Nc2ncc3nnn(c4ccccc4)c3n2)cc1,6.69
298,CHEMBL402969,OC(=O)COc1ccc(Nc2ncc(c(Nc3ccccc3)n2)[N+](=O)[O-])cc1,7.13
300,CHEMBL255948,O[C@@H]1CC[C@H](CC1)Nc2ncc3nnn(c4ccccc4)c3n2,6.91
301,CHEMBL256517,O[C@@H]1CC[C@H](CC1)Nc2ncc(c(Nc3ccccc3)n2)[N+](=O)[O-],6.76
303,CHEMBL402932,OC(=O)c1ccc(Nc2ncc3nnn(c4ccccc4)c3n2)cc1,7.5
304,CHEMBL256518,N(c1ccccc1)c2ncc3nnn(c4ccccc4)c3n2,6.48
315,CHEMBL523823,CCN1C2=C(C(=O)ON2)C(=O)c3cc(O)c(Cl)cc13,5.96
316,CHEMBL506669,CCOC(=N)c1nc2ccc3N=CN(CC)C(=O)c3c2s1,5.68
317,CHEMBL453130,CCN1C=Nc2ccc3nc(sc3c2C1=O)C(=N)OC(C)C,6.19
318,CHEMBL453131,CCCCOC(=N)c1nc2ccc3N=CN(CC)C(=O)c3c2s1,6.82
319,CHEMBL453132,CCN1C=Nc2ccc3nc(sc3c2C1=O)C(=N)OCc4ccccc4,6.77
320,CHEMBL453133,CCN1C=Nc2ccc3nc(sc3c2C1=O)C(=N)OCCc4ccccc4,6.52
321,CHEMBL510863,CCOC(=N)c1nc2ccc3N=CN(C(C)C)C(=O)c3c2s1,6.82
322,CHEMBL454126,CC(C)OC(=N)c1nc2ccc3N=CN(C(C)C)C(=O)c3c2s1,6.59
323,CHEMBL453128,CCCCOC(=N)c1nc2ccc3N=CN(C(C)C)C(=O)c3c2s1,6.55
324,CHEMBL453129,CC(C)N1C=Nc2ccc3nc(sc3c2C1=O)C(=N)OCc4ccccc4,6.89
325,CHEMBL208741,CCN1C=Nc2ccc3nc(sc3c2C1=O)C(=N)NC(C)C,5.14
326,CHEMBL454130,CCN1C=Nc2ccc3nc(sc3c2C1=O)C(=N)NCc4ccccc4,5.62
327,CHEMBL210474,CCN1C=Nc2ccc3nc(sc3c2C1=O)C(=N)NCCN(C)C,5.89
328,CHEMBL378190,CC(C)NC(=N)c1nc2ccc3N=CN(C(C)C)C(=O)c3c2s1,5.03
329,CHEMBL461739,CC(C)N1C=Nc2ccc3nc(sc3c2C1=O)C(=N)NCc4ccccc4,6.28
330,CHEMBL210229,CC(C)N1C=Nc2ccc3nc(sc3c2C1=O)C(=N)NCCN(C)C,6.25
358,CHEMBL428690,CN1CC[C@@H]([C@H](O)C1)c2c(O)cc(O)c3C(=O)C=C(Oc23)c4ccccc4Cl,5.89
363,CHEMBL191003,Nc1nc(Nc2ccc(cc2)S(=O)(=O)N)nn1C(=O)c3c(F)cccc3F,6.8
369,CHEMBL608533,CO[C@@H]1[C@@H](C[C@H]2O[C@]1(C)n3c4ccccc4c5c6CNC(=O)c6c7c8ccccc8n2c7c35)N(C)C(=O)c9ccccc9,5.6
392,CHEMBL590109,NCCn1cc(c2cc(c3cc4ccccc4s3)c5[nH]ncc5c2)c6nc(N)ncc16,6.77
444,CHEMBL603469,C[C@]12O[C@H](C[C@]1(O)CO)n3c4ccccc4c5c6C(=O)NCc6c7c8ccccc8n2c7c35,5.64
457,CHEMBL102714,Cn1cc(C2=C(C(=O)NC2=O)c3ccc(Cl)cc3Cl)c4ccccc14,7.47
469,CHEMBL1668411,COc1cc(O)c2C(=O)O[C@@H](C)C\C=C/C(=O)[C@@H](O)[C@H](O)C\C=C\c2c1,5.72
482,CHEMBL259850,COc1ccc(CNC(=O)Nc2ncc(s2)[N+](=O)[O-])cc1,4.16
492,CHEMBL1545694,O=C(CN1C(=O)CCC1=O)Nc2cccc3C(=O)NC(=O)c23,6.34
493,CHEMBL588859,Fc1ccc(cc1)C(=O)Nc2ccsc2C(=O)NC3CCCCC3,4.6
494,CHEMBL1904855,CCOc1ccccc1\C=N\NC(=O)c2nnn(c2CN3CCC(C)CC3)c4nonc4N,7.41
495,CHEMBL1731237,COc1ccc2nc3c(cc2c1)c(NC(=O)CC(C)C)nn3CC(C)C,5.83
497,CHEMBL1896042,O\N=C\c1cn(nc1c2ccc3OCCOc3c2)c4ccccc4,6.01
498,CHEMBL1903171,CN(C)Cc1c(nnn1c2nonc2N)C(=O)N\N=C\c3ccncc3,6.22
499,CHEMBL1471916,Fc1ccc(CSc2oc(nn2)c3ccncc3)cc1,5.47
500,CHEMBL1276446,O=C1Nc2ccc3ncsc3c2/C/1=C/Nc4ccc(cc4)S(=O)(=O)Nc5ccccn5,6.84
501,CHEMBL1344120,O=C(CSc1ccc2nnc(c3cccs3)n2n1)N4CCCC4,5.68
502,CHEMBL1884163,COc1cc(\C=N\Nc2ccc(cn2)[N+](=O)[O-])cc(OC)c1O,6.44
503,CHEMBL1310209,COC(=O)c1nnn(c1CSc2nc3ccccc3s2)c4nonc4N,5.37
504,CHEMBL1341040,Clc1cccc(NC(=O)Nc2ccnc(n2)c3cccnc3)c1,5.4
505,CHEMBL1881885,O=C1c2ccccc2c3onc4ccc(NCCCN5CCNC5)c1c34,6.28
506,CHEMBL1447858,Nc1nc(NCCCN2CCOCC2)nc(Nc3cccc(Cl)c3)c1[N+](=O)[O-],6.37
507,CHEMBL1896181,Nc1nonc1n2nnc(C(=O)N\N=C\c3ccccc3F)c2c4cccs4,6.38
508,CHEMBL1300063,CCOC(=O)c1ccc2ncc(C(=O)OCC)c(Nc3ccc(cc3)N4CCOCC4)c2c1,5.45
509,CHEMBL1890348,CCCN(CCC)Cc1c(nnn1c2nonc2N)C(=O)N\N=C\c3cocc3,5.91
510,CHEMBL1369106,COc1ccccc1Nc2nc(NCCO)nc(N)c2[N+](=O)[O-],6.56
512,CHEMBL1871132,Nc1nonc1n2nnc(C(=O)N\N=C\c3ccccc3Cl)c2CN4CCOCC4,5.25
513,CHEMBL1399850,C(CNc1nc(nc2ccccc12)c3ccccc3)Cn4ccnc4,4.95
514,CHEMBL1464354,COc1cccc(c1)C(=O)c2sc(NC(C)C)nc2N,6.54
515,CHEMBL1538986,Nc1nc(Nc2ccccc2)nc(NC3CCCCC3)c1[N+](=O)[O-],5.59
516,CHEMBL1547186,Cn1c(SCc2oc(nn2)c3ccc(F)cc3)nnc1C4COc5ccccc5O4,5.88
517,CHEMBL1431441,O=C(NCCN1CCCCCC1)c2ccc3S\C(=C/c4ccccc4)\C(=O)Nc3c2,4.2
518,CHEMBL1405580,Nc1nc(Nc2cccc(F)c2)nc(NCCO)c1[N+](=O)[O-],6.02
519,CHEMBL1498228,COc1ccc2nc(NC(=O)CCNC(=O)c3ccccc3Cl)sc2c1,5.1
520,CHEMBL1547788,C(Sc1oc(nn1)c2ccncc2)c3cccc4ccccc34,5.53
521,CHEMBL1870845,O\N=C\c1cn(nc1c2cccnc2)c3ccccc3,6.08
522,CHEMBL1585498,COC(=O)c1oc(CSc2ccc3nnc(c4ccc(OC)cc4)n3n2)cc1,5.17
523,CHEMBL1382985,Nc1nc(NCCCN2CCOCC2)nc(Nc3ccc(F)cc3)c1[N+](=O)[O-],5.9
524,CHEMBL1895793,C(CNc1nc(nc2ccccc12)c3cccnc3)Cn4cccc4,5.12
525,CHEMBL1521195,Nc1nc(NCCCN2CCOCC2)nc(Nc3cccc(F)c3)c1[N+](=O)[O-],6.16
526,CHEMBL1534168,CCCn1nc(NC(=O)c2cccs2)c3cc4cc(OC)ccc4nc13,5.02
527,CHEMBL1580903,CCOC(=O)c1nnn(c1CSc2ccc(C)cc2)c3nonc3N,5.08
528,CHEMBL1433424,COc1ccccc1Nc2nc(NCC=C)nc(N)c2[N+](=O)[O-],6.41
529,CHEMBL1301070,CCCn1nc(NC(=O)C(C)C)c2cc3cc(OC)ccc3nc12,4.42
530,CHEMBL1700288,COC(=O)c1ccc(CSc2oc(nn2)c3ccncc3)cc1,5.78
531,CHEMBL1905464,CCCCOC(=O)C1C(c2cccc(OC)c2OC)n3ncnc3N=C1C,6.01
548,CHEMBL1908395,Cl.CN(C)CC(=O)N1CCC(CC1)c2ccc(NC(=O)c3nc(c[nH]3)C#N)c(c2)C4=CCCCC4,6.42
549,CHEMBL502835,COC(=O)c1ccc2\C(=C(\Nc3ccc(cc3)N(C)C(=O)CN4CCN(C)CC4)/c5ccccc5)\C(=O)Nc2c1,6.37
558,CHEMBL379218,Cc1n[nH]c2ccc(cc12)c3cncc(OC[C@@H](N)Cc4ccccc4)c3,5.41
571,CHEMBL475251,COc1cc(Nc2ncc(F)c(Nc3ccc4OC(C)(C)C(=O)Nc4n3)n2)cc(OC)c1OC,5.6
577,CHEMBL384304,COc1ccc(F)c(F)c1C(=O)c2cnc(NC3CCN(CC3)S(=O)(=O)C)nc2N,6.55
597,CHEMBL494089,CCn1c(nc2c(ncc(OC[C@H]3CCCNC3)c12)C#CC(C)(C)O)c4nonc4N,5.28
609,CHEMBL1945950,CC(C)(O)c1ccc(cc1)c2cnc3NC(=O)N(CC4CCCCC4)c3n2,6.22
610,CHEMBL1946262,O=C1Nc2ncc(nc2N1CC3CCCCC3)c4ccc5[nH]cnc5c4,6.0
614,CHEMBL220241,CCn1c(nc2cnc(Oc3cccc(NC(=O)c4ccc(OCCN5CCOCC5)cc4)c3)cc12)c6nonc6N,5.9
615,CHEMBL1956071,CCn1c(nc2cncc(C(=O)N3CC[C@H](N)C3)c12)c4nonc4N,5.04
1354,CHEMBL1964290,Cc1cccc(c1C)c2[nH]c(cc2C(=O)N)c3ccnc(N)n3,7.6
1355,CHEMBL2003768,COc1ccc(CNC2=C(Nc3ccncc3)C(=O)C2=O)c(OC)c1,5.5
1358,CHEMBL1982880,COc1ccc(OC)c(Nc2ccc3nnc(c4ccccc4)n3n2)c1,5.6
1361,CHEMBL1987034,NS(=O)(=O)c1cccc(Nc2ncc(Br)c(Nc3ccc(OCC#N)cc3)n2)c1,7.0
1363,CHEMBL1980435,COc1cccc(c1)C(=O)Nc2n[nH]c3ccc(cc23)c4cn(Cc5ccccc5)nn4,8.2
1365,CHEMBL2005886,Cc1cc(cc2[nH]c(nc12)C3=C(NCC(O)c4cccc(Cl)c4)C=CNC3=O)N5CCOCC5,6.1
1367,CHEMBL1682345,C(c1ccccc1)n2cc(nn2)c3ccc4[nH]ncc4c3,7.0
1368,CHEMBL1980407,NC(COc1cncc(c1)c2ccc3NC(=O)C(=Cc4ccc[nH]4)c3c2)Cc5ccccc5,8.9
1370,CHEMBL1982924,COc1cccc(c1)C(=O)Nc2cnc3[nH]cc(c4ccccc4)c3c2,5.9
1371,CHEMBL2005936,CCCC(=O)Nc1n[nH]c2ccc(cc12)c3nnn(Cc4ccccc4)c3c5ccccc5,8.4
1372,CHEMBL1966628,NC1CCC(CC1)Nc2nccc(n2)c3c[nH]c4ncccc34,6.8
1374,CHEMBL1999778,COc1nc(N)c(C#N)c(c2ccc(Cl)cc2Cl)c1C#N,5.6
1376,CHEMBL1995813,NC1CCCCC1Nc2nccc(n2)c3c[nH]c4ncccc34,6.8
1377,CHEMBL1979718,Cc1c(C)n(Cc2ccccc2)c3ccc(cc13)C(=O)Nc4nc[nH]n4,5.8
1378,CHEMBL1993781,NC(COCc1ccccc1)COc2cncc(C=Cc3ccncc3)c2,5.5
1381,CHEMBL1562756,CC1(C)CC(=C2Sc3ccc(Cl)cc3N=C2C1)O,5.5
1382,CHEMBL1987430,CCCc1ccc2nccc(NC(=O)Nc3cccc(n3)C(F)(F)F)c2c1,8.3
1384,CHEMBL1969372,COCCNc1nccc(n1)c2c(nc3cnccn23)c4ccc(F)cc4,5.6
1386,CHEMBL1990583,Nc1ncnn2ccc(C(=O)Nc3ccc(NC(=O)Nc4cccc(F)c4)cc3)c12,5.8
1387,CHEMBL1986943,OC1CCC(CC1)Nc2nc(Cl)cc(n2)c3c[nH]c4ncccc34,7.2
1388,CHEMBL2006263,Cc1nc2ccc(NS(=O)(=O)c3ccc(N)cc3)cc2nc1C,6.5
1389,CHEMBL1993584,OC(COc1cncc(C=Cc2ccncc2)c1)Cc3c[nH]c4ccccc34,6.2
1390,CHEMBL2000114,CSc1c[nH]c2ncnc(NCCCO)c12,5.3
1393,CHEMBL1971172,CC(C)(CNc1cc(cc(Cl)n1)c2c[nH]c3ncccc23)CNS(=O)(=O)C,6.0
1394,CHEMBL1975647,Fc1cccc2c(NC(=O)Nc3cnccn3)ccnc12,8.3
1396,CHEMBL1967211,Fc1ccc(cn1)c2ccc3nccn3n2,4.1
1397,CHEMBL1964644,[O-][N+](=O)c1cnc(NC(=O)NCc2ccccc2)s1,7.1
1398,CHEMBL1991734,CN1c2ccc(N)cc2C(c3ccccc3)c4cc(N)ccc14,5.4
1399,CHEMBL1981782,Clc1ccc(CNC(=O)Nc2ccc3[nH]ncc3c2)cc1Cl,5.6
1400,CHEMBL1977681,CNC(=O)c1cc2c(n[nH]c2s1)c3ccccc3F,6.2
1406,CHEMBL1983348,CCCCN(CCC#N)C(=O)c1ccc2nc([nH]c2c1)c3n[nH]c4ccccc34,6.2
1408,CHEMBL1988163,NS(=O)(=O)c1cccc(Nc2ncc3ccn(c4ccccc4)c3n2)c1,7.1
1409,CHEMBL1995592,Cc1cc(O)ccc1N2c3cc(Cl)ccc3C(=O)c4c(N)nc(N)nc24,5.7
1410,CHEMBL1974480,CCOC(=O)Cc1nc2c3cc(Br)ccc3NC(=O)n2n1,5.8
1411,CHEMBL1980671,Nc1ncnc2Nc3ccccc3NC(=O)c12,5.6
1415,CHEMBL1983449,Cc1ccc(CNC2=C(Nc3ccncc3)C(=O)C2=O)cc1C,6.2
1416,CHEMBL1992323,Clc1ccc2oc3C(=O)NC=Nc3c2c1,5.4
1418,CHEMBL2003524,CCc1nc2C(=O)NC(=O)c2c3cc(OC)c(OC)cc13,7.3
1419,CHEMBL2002649,COc1ccc2NC(=O)C(=Cc3c[nH]cn3)c2c1,7.0
1420,CHEMBL1985367,Cc1ccnc(Nc2cc(C)nc(n2)c3ccccc3)c1,6.4
1422,CHEMBL1996510,O=C1NC(=O)C(=C1c2c[nH]c3ccccc23)c4nc(nc5ccccc45)N6CCNCC6,7.4
1423,CHEMBL437747,CCCn1c(nc(c2ccc(Cl)c(Cl)c2)c1c3ccnc(NC4CCCCC4)n3)C5CCNCC5,6.9
1428,CHEMBL1967998,CCN1CCN(CC1)c2ccc(Nc3ncc(Cl)c(Nc4ccc5[nH]ncc5c4)n3)cc2,5.5
1430,CHEMBL1978562,Cn1cc(c2cc3nc(Br)cnc3[nH]2)c4cc(ccc14)C#N,6.1
1431,CHEMBL1997129,O=C1NCCc2[nH]c(cc12)c3ccnc(C=Cc4ccccc4)c3,6.2
1435,CHEMBL1989471,CC(C)c1ccc2C(=O)c3c(C)ccnc3Nc2c1,6.6
1436,CHEMBL2002099,N#CCC(C1CCCC1)n2cc(cn2)c3ncnc4[nH]ccc34,5.8
1441,CHEMBL1978195,NC(=O)c1cc2c(cncc2s1)c3ccc(Br)cc3,7.3
1442,CHEMBL1994361,NC(COc1cncc(c1)c2ccc(N)c(c2)C(=O)c3ccccc3F)Cc4c[nH]c5ccccc45,6.0
1445,CHEMBL1972840,NC(COc1cncc(c1)c2cc3cnccc3s2)Cc4c[nH]c5ccccc45,6.5
1447,CHEMBL2003286,COc1cc(C=C2SC(=O)NC2=O)ccc1O,5.3
1453,CHEMBL1998585,Nc1ncnc2scc(c3ccc(NC(=O)Nc4cc(ccc4F)C(F)(F)F)cc3)c12,5.2
1456,CHEMBL2004934,COc1cccc(c1)C(C)NC(=O)c2ccc(c(F)c2)c3ccncc3,6.3
1457,CHEMBL1973516,CCN1CCN(CC1)c2ccc(Nc3ncc(C#N)c(Nc4ccc5[nH]ncc5c4)n3)cc2,6.1
1459,CHEMBL1975128,Nc1n[nH]c2ccc(cc12)c3nnn(Cc4ccccc4)c3I,7.5
1460,CHEMBL2004025,COCOc1cccc(OCOC)c1c2ccc(NS(=O)(=O)C)cc2C(=O)OC,6.2
1468,CHEMBL1971519,Nc1n[nH]c2cccc(c3ccc(F)cc3)c12,4.7
1469,CHEMBL504950,Cc1cc(C)c2c(n1)sc3c(N)ncnc23,5.3
1473,CHEMBL1978099,CNC(=O)COc1ccc(Nc2nc(Nc3ccc(C)c(c3)S(=O)(=O)N)ncc2F)cc1,6.2
1474,CHEMBL1977041,COC(=O)c1c(C)n2ncnc(N)c2c1c3ccc(NC(=O)Nc4ccccc4)cc3,6.0
1475,CHEMBL1968070,NC(=O)c1cccc2NC(=O)c3cc(Cl)nnc3Nc12,7.6
1478,CHEMBL1994808,Cc1nnc(c2ccccc2)c(n1)C#N,4.1
1480,CHEMBL1985723,CC(C)(CN)CNc1cc(cc(Cl)n1)c2c[nH]c3ncccc23,5.6
1481,CHEMBL1982563,COCC(C)(C)CNc1nccc(n1)c2c(nc3c(C)nccn23)c4ccc(F)cc4,5.2
1483,CHEMBL539474,O=C1CCCN1Cc2ccc3c(NC(=O)c4cccn34)c2,6.7
1484,CHEMBL1987679,NC(COc1cncc(c1)c2ccc3NC(=O)Oc3c2)Cc4c[nH]c5ccccc45,5.6
1485,CHEMBL1988387,Cn1cc(cn1)c2cnc(N)c3c(csc23)c4ccc(NC(=O)Nc5ccc(OC(F)F)cc5)cc4,5.1
1489,CHEMBL1994968,Cc1cccc(CNC(=O)c2cnn3c(ccnc23)c4ccccc4)c1C,5.1
1490,CHEMBL1990288,CC(Nc1nccc(n1)c2c(nc3occn23)c4ccc(F)cc4)c5ccccc5,5.5
1497,CHEMBL1986970,COCCN(C)C(=O)c1c(nnn1Cc2ccccc2)c3ccc4[nH]ncc4c3,6.9
1499,CHEMBL1958401,O=C1NC(=NC(=C1)c2ccncc2)NC3CCCCC3,6.8
1501,CHEMBL1984044,CCN(CC)CCOc1ccc(cc1)c2nc3c(cccc3[nH]2)C(=O)N,5.1
1502,CHEMBL2003456,O=C1Nc2cc(cnc2N1)c3ccccc3,5.6
1505,CHEMBL560813,OC(=O)c1ccc2cc(NC(=O)Nc3cnc(cn3)C#N)ccc2c1,5.5
1507,CHEMBL1890036,CC(=NNC(=O)c1nnn(c2nonc2N)c1c3ccccc3)c4occc4,5.5
1512,CHEMBL1985129,Cc1cc(O)nc2[nH]nc(c3cccc(c3)c4cccc(c4)C#N)c12,5.5
1514,CHEMBL1992732,CCOc1ccccc1C=NNC(=O)c2nnn(c2N3CCCC3)c4nonc4N,8.2
1515,CHEMBL1971186,Fc1ccc(cc1)c2nc3occn3c2c4ccnc(NC5CCNCC5)n4,5.4
1516,CHEMBL2003482,Clc1ccc(CC(=O)Nc2[nH]nc3CCCc23)cc1,7.0
1522,CHEMBL1971606,CCCOc1cccc(c1)C(C)NC(=O)c2ccc(cc2)c3ccncc3F,5.5
1523,CHEMBL1972125,NC(COc1cncc(c1)c2ccc(N)c(c2)C(=O)c3ccccc3)Cc4c[nH]c5ccccc45,5.4
1527,CHEMBL1972158,Nc1n[nH]c2ccc(cc12)c3nnn(Cc4ccccc4)c3c5ccccc5,7.8
1528,CHEMBL1981215,FC(F)Oc1ccc2c(NC(=O)Nc3cccc(n3)C(F)(F)F)ccnc2c1,7.8
1529,CHEMBL1974457,OC(=O)c1cc2c(cncc2s1)c3cccc(F)c3,6.4
1533,CHEMBL1967336,Fc1cc(F)c2nccc(NC(=O)Nc3cnccn3)c2c1,7.7
1538,CHEMBL1967992,N#Cc1ccc(cc1NCc2ccccc2)c3ccncc3,6.2
1545,CHEMBL1993424,NS(=O)(=O)c1cccc(Nc2ncc3ccn(Cc4ccccc4)c3n2)c1,6.2
1546,CHEMBL1966703,Cc1n[nH]c2NC3=C(C(c4ccccc4F)c12)C(=O)CC(C)(C)C3,7.8
1547,CHEMBL2001987,Fc1ccc(F)c2c(NC(=O)Nc3cccc(n3)C(F)(F)F)ccnc12,7.9
1548,CHEMBL1969561,CC(C)N(C)C(=O)c1c(nnn1Cc2ccccc2)c3ccc4[nH]ncc4c3,7.4
1549,CHEMBL1994555,CCc1c([nH]c2nccnc12)c3ccc(cc3)C(=O)C,6.0
1550,CHEMBL1975121,COc1cccc(c1)C(C)NC(=O)c2ccc(cc2)c3ccncc3,6.2
1552,CHEMBL1997023,CN(C)c1cc2sncc2cc1NC(=O)C(=O)O,5.6
1555,CHEMBL1999918,NC(=O)c1cc2c(cncc2s1)c3ccc(Br)c(F)c3F,7.6
1557,CHEMBL1988537,COc1ccc(cc1)C(=O)N2c3ccccc3Sc4c(Cl)cncc24,5.2
1558,CHEMBL1969049,COc1cccc(c1)C(C)NC(=O)c2ccc(c(C)c2)c3ccncc3,6.6
1564,CHEMBL1998611,NC(=O)c1sc2c(Br)ccc(Cl)c2c1N,5.7
1566,CHEMBL1975900,Clc1ccc(CNC2=C(Nc3ccncc3)C(=O)C2=O)cc1Cl,6.7
1567,CHEMBL1973098,COc1cc(C=C2SC(=S)NC2=O)ccc1O,5.7
1568,CHEMBL1972221,CCCS(=O)(=O)Nc1ccc(cc1)c2ccc3[nH]nc(NC(=O)CC)c3c2,7.5
1571,CHEMBL1996979,Fc1cccc(F)c1C(=O)Nc2cnc3[nH]cc(c4ccccc4)c3c2,6.0
1574,CHEMBL1975921,Brc1cnc2NC(=O)Nc2c1,4.2
1575,CHEMBL1982476,CNC(=O)c1cnc(N)c2c(csc12)c3ccc(NC(=O)Nc4cccc(Cl)c4)cc3,5.4
1577,CHEMBL1998545,OCC(Cc1ccccc1)NC(=O)c2ccc(cc2)c3ccncc3,5.4
1579,CHEMBL2004033,BrC1=C2C=CC=CN2NC1=O,5.4
1581,CHEMBL2005449,Cc1cc(Nc2nc(Cl)cc(NCc3ccccc3)n2)n[nH]1,7.3
1584,CHEMBL1971534,NC(=O)c1cc2ccncc2s1,5.4
1586,CHEMBL242865,OC(=O)c1ccccc1Nc2ccnc(Nc3ccc(cc3)[N+](=O)[O-])n2,7.8
1592,CHEMBL1966035,CC(NC1=C(Nc2ccncc2)C(=O)C1=O)c3ccccc3,6.1
1593,CHEMBL2003341,OCC(NC(=O)c1ccc(cc1)c2ccncc2)c3cc(Cl)cc(Cl)c3,6.1
1595,CHEMBL1982992,Oc1cccc(Nc2ncnc3scc(Cl)c23)c1,5.2
1596,CHEMBL1998110,[2H]C([2H])([2H])Oc1cccc(c1)C(C)NC(=O)c2sc(nc2C)c3ccncc3,5.5
1597,CHEMBL1999590,Cc1cc(c2ccccc2)n(n1)c3cc(NN=Cc4occc4)ncn3,6.2
1598,CHEMBL1981079,NC(=O)c1cc([nH]c1c2ccc(Cl)cc2F)c3ccnc(N)n3,7.5
1599,CHEMBL1978166,Cc1cccc(NC(=O)Nc2ccc(cc2)c3csc4c(cnc(N)c34)C#CCCCCCCCCN)c1,5.9
1600,CHEMBL1972276,CCN(CC)CCCNc1cccc(n1)c2nc3c(cccc3[nH]2)C(=O)N,5.6
1601,CHEMBL1980489,Clc1ccc(CNC2=C(Nc3ccncc3)C(=O)C2=O)cc1,6.3
1602,CHEMBL2000832,COc1cc(ccc1O)c2ccc3C(=O)Nc4cc(ccc4Nc3c2)C(=O)NCc5cccc(F)c5,6.6
1604,CHEMBL1972454,CC(=O)n1ncc2cc(N)ccc12,4.6
1607,CHEMBL513846,Cc1nc2ccccn2c1c3csc(Nc4ccc(O)cc4)n3,5.4
1610,CHEMBL1974617,OCc1cc(on1)c2ccc3[nH]ncc3c2,5.6
1611,CHEMBL1965660,NC(=O)c1cc([nH]c1c2ccc(Cl)cc2Cl)c3ccnc(N)n3,8.2
1612,CHEMBL1992125,COc1cc(Nc2ncnc(n2)N3CCCc4cc(C)ccc34)cc(OC)c1OC,5.8
1614,CHEMBL1969126,CC(C)n1nnc2ccc(cc12)c3c(nc4occn34)c5ccc(F)cc5F,6.7
1617,CHEMBL1970104,CC(C)(C)c1ccc2nc([nH]c2c1)c3n[nH]c4ccccc34,5.7
1618,CHEMBL1991429,O=C(Cc1ccccc1)Nc2cccc(c2)c3nc4sccn4c3c5ccnc(Nc6cccc(c6)N7CCCC7=O)n5,6.6
1619,CHEMBL1964777,NC(=O)c1cc2c(Oc3cccc(F)c3)cncc2s1,6.7
1624,CHEMBL1980995,CNC1CC2OC(C)(C1OC)n3c4ccccc4c5c6CNC(=O)c6c7c8ccccc8n2c7c35,7.8
1625,CHEMBL1984548,Cn1cc(Nc2ncc(Cl)c(Nc3ccccc3C(=O)N)n2)cn1,8.1
1626,CHEMBL1967302,NC(COc1cncc(c1)c2ccc3NC(=O)Cc3c2)Cc4c[nH]c5ccccc45,6.2
1628,CHEMBL1982506,COc1cc2cnc3C(=O)NC(=O)c3c2cc1OC,7.1
1633,CHEMBL2000894,Cc1cc(O)ccc1N2C=C(C(=O)NN)C(=O)c3ccc(cc23)c4ccncc4,6.1
1635,CHEMBL1968130,Nc1nnc2cncc(Cl)n12,4.7
1638,CHEMBL1976090,Nc1ncnc2c1sc3ncnc(N)c23,6.7
1639,CHEMBL2004771,O=C1NCc2c1cccc2c3ccc(Nc4oc5ccccc5n4)cc3,5.1
1640,CHEMBL1992922,OCC(CO)Nc1ncnc2[nH]cc(c3ccccc3)c12,6.4
1642,CHEMBL1997597,CCS(=O)(=O)Nc1ccc(cc1)c2ccc3[nH]nc(N)c3c2,5.1
1646,CHEMBL1996543,NC(COc1cncc(c1)c2ccc(F)cc2)Cc3c[nH]c4ccccc34,5.8
1647,CHEMBL1975256,Nc1nonc1n2nnc(C(=O)NN=Cc3cccs3)c2c4cccs4,7.3
1650,CHEMBL1983309,COc1ccc(C(=O)Nc2nc3ccc(Cl)cc3s2)c(OC)c1,6.0
1651,CHEMBL1949855,Clc1cccc2C(=O)NC=Nc12,4.6
1654,CHEMBL116070,NC(=O)c1cc2c(Oc3ccc(Br)cc3)cncc2s1,7.0
1658,CHEMBL2004872,COc1cccc(c1)C(C)NC(=O)c2ccc(cc2)c3ccncn3,6.2
1664,CHEMBL1981720,O=C(Nc1cnccn1)Nc2ccnc3ccccc23,7.4
1665,CHEMBL1993548,CC(N)COc1cnc(Cl)c(C=Cc2ccncc2)c1,5.6
1668,CHEMBL1966722,OC(C(=O)NNC(=S)Nc1ccc(Cl)cc1)(c2ccccc2)c3ccccc3,5.8
1669,CHEMBL1988581,CN(C)CC1=C(O)C2=NC(=CC(=O)N2C=C1)C,6.4
1671,CHEMBL1975500,COc1cc(ccc1O)c2ccc3C(=O)Nc4cc(ccc4Nc3c2)C(=O)NCCNC(=O)C,6.5
1674,CHEMBL2006564,CCN(C(=O)C)c1ccc(Nc2nc(NC3CC3)c4nc[nH]c4n2)cc1,5.6
1675,CHEMBL1964399,COc1ccc(Nc2nccc(NC3=C(NC(C)C(C)(C)C)C(=O)C3=O)n2)cc1OC,5.2
1677,CHEMBL411903,Nc1ncnc2NCCC(=Nc12)c3ccc(NC(=O)Nc4cc(ccc4F)C(F)(F)F)cc3,5.1
1678,CHEMBL1980253,Clc1cc(nc(NC2CCOCC2)n1)c3c[nH]c4ncccc34,6.5
1682,CHEMBL422897,CN1CCC(C(O)C1)c2c(O)cc(O)c3C(=O)C=C(Oc23)c4ccccc4Cl,6.1
1683,CHEMBL1989646,Cc1c(nnn1Cc2ccccc2)c3ccc4[nH]nc(N)c4c3,6.8
1684,CHEMBL1682357,C(c1ccccc1)c2cc(on2)c3ccc4[nH]ncc4c3,6.1
1685,CHEMBL225519,O=C1NCCc2[nH]c(cc12)c3ccncc3,7.2
1689,CHEMBL1994159,CC(=O)c1cccc(c1)c2ccc3nccn3n2,4.4
1691,CHEMBL1970522,COc1cc(C=C2SC(=Nc3ccccc3)NC2=O)ccc1O,5.1
1696,CHEMBL1964413,FC(F)(F)c1ccc(Cn2cc(nn2)c3ccc4[nH]ncc4c3)c(c1)C(F)(F)F,5.3
1697,CHEMBL1973483,FC(F)(F)c1ccc2c(NC(=O)Nc3cccc(n3)C(F)(F)F)ccnc2c1,8.3
1699,CHEMBL1984432,Cc1ccc(Cn2cc(nn2)c3ccc4[nH]ncc4c3)c(C)c1,5.1
1701,CHEMBL219722,Nc1n[nH]c2cccc(c3ccc(NC(=O)Nc4ccccc4)cc3)c12,5.2
1702,CHEMBL1975903,COc1ccccc1c2ccnc(Nc3cccc(c3)S(=O)(=O)C)n2,6.5
1704,CHEMBL1994669,Cn1cc(Nc2ncc(Br)c(Nc3ccccc3C(=O)N)n2)cn1,7.9
1714,CHEMBL1965836,Cc1n[nH]c2ccc(cc12)c3cncc(OCC(N)Cc4cccc(OC(F)(F)F)c4)c3,7.5
1715,CHEMBL583144,Clc1ccc(Cl)c2c3N=CNC(=O)c3sc12,6.0
1716,CHEMBL1974310,NC(=O)c1cc2c(cncc2s1)c3ccc(F)cc3,7.2
1720,CHEMBL1982957,NC(=O)c1cccc(c1)c2cnc3[nH]cc(c4ccccc4)c3c2,7.1
1721,CHEMBL1725279,Oc1c2ccccc2c3N=Nc4cccc1c34,5.9
1723,CHEMBL1975138,OC(C(=O)NNC(=S)Nc1ccc(F)cc1)(c2ccccc2)c3ccccc3,5.8
1729,CHEMBL2003271,NC(=O)c1sc2ccc(Cl)c(Cl)c2c1NC(=O)c3ccc(Cl)cc3,5.2
1730,CHEMBL1966808,O=C1Nc2sc3CCCCc3c2c4nc(nn14)c5ccncc5,7.2
1733,CHEMBL1983111,CC(=O)NCC(=O)N1C2CCC1c3cc(Nc4ncc(c(NC5CCC5)n4)C(F)(F)F)ccc23,6.4
1737,CHEMBL2004544,Oc1cccc2c(ccc(NCc3ccc4OCOc4c3)c12)S(=O)(=O)O,5.8
1738,CHEMBL1988141,CCC(=O)Nc1ccc(C(=O)N2CCNCC2)c(O)c1,6.5
1740,CHEMBL1999496,Cc1cccc(c1)C2(CC2C(=O)Nc3ccncc3)c4cccc(C)c4,6.0
1741,CHEMBL2006933,CSc1cnc2c(ccc3cnccc23)c1O,6.4
1747,CHEMBL1975212,Nc1ncnc2scc(c3ccccc3)c12,4.4
1749,CHEMBL2001613,Brc1ccc2NNC(=O)c2c1,4.4
1750,CHEMBL565612,CN1CCN(CC1)c2nc(C3=C(C(=O)NC3=O)c4c[nH]c5ccccc45)c6ccccc6n2,6.8
1752,CHEMBL1993904,NC(=O)c1cc2c(cnc(N)c2s1)c3ccc(Nc4oc5ccccc5n4)cc3,6.3
1753,CHEMBL1967513,FC(F)(F)c1cccc(NC(=O)Nc2ccnc3ccc(Cl)cc23)n1,7.2
1754,CHEMBL2000724,Cc1cc(O)nc2[nH]nc(c3cccc(c3)c4ccc(cc4)C#N)c12,5.4
1755,CHEMBL1985311,Nc1n[nH]c2cccc(c3ccc(NC(=O)Nc4cc(CO)ccc4F)cc3)c12,5.1
1756,CHEMBL1989265,CC1CSC2=C(C(=O)O)C(=O)c3cc(F)c(cc3N12)N4CCC(N)C4,5.6
1761,CHEMBL1682553,CC(C)Nc1c(nc2ncccn12)c3ccc4[nH]ncc4c3,7.7
1764,CHEMBL1997764,COc1ccc(cc1)C(=O)Nc2cnc3[nH]cc(c4ccccc4)c3c2,5.7
1765,CHEMBL2000271,Cc1n[nH]c2ccc(cc12)c3cncc(OCC(CN)Cc4ccccc4)c3,6.0
1766,CHEMBL1981792,Fc1cc2nccc(NC(=O)Nc3cccc(n3)C(F)(F)F)c2cc1F,7.4
1769,CHEMBL2004692,Nc1nonc1n2nnc(C(=O)NN=Cc3cccs3)c2c4ccccc4,6.0
1772,CHEMBL1987815,NC(=O)c1cc(c2cccs2)n3nccc3n1,4.4
1774,CHEMBL1981133,NC(COc1cncc(c1)c2ccc3cnccc3c2)Cc4c[nH]c5ccccc45,6.6
1780,CHEMBL1992673,Clc1ccc2NC(=O)n3ncnc3c2c1,4.3
1782,CHEMBL340384,NC(=O)C1=CN(c2ccc(O)cc2Cl)c3cc(ccc3C1=O)c4ccncc4,6.9
1783,CHEMBL1969151,CN(C)C1CCC(CC1)Nc2nc(Cl)cc(n2)c3c[nH]c4ncccc34,6.1
1784,CHEMBL1996587,CC(C)(CO)c1nnc2ccc(nn12)c3c(nc4CCCn34)c5ccc(F)cc5F,5.4
1785,CHEMBL1993335,Cn1cc(c2cc3nc(Br)cnc3[nH]2)c4cc(F)ccc14,6.7
1787,CHEMBL2007574,Nc1nc(Cl)cc(n1)c2c[nH]c3ncccc23,7.3
1788,CHEMBL443962,COc1ccc(cc1)c2cnc3c(Br)cnn3c2,6.1
1789,CHEMBL2000354,COc1ccc(C=C2SC(=Nc3ccccc3)NC2=O)cc1O,5.6
1791,CHEMBL274064,Nc1nccc(n1)c2c(ncn2C3CCNCC3)c4ccc(F)cc4,5.6
1793,CHEMBL1967564,CCCC(=O)Nc1n[nH]c2nc3ccccc3cc12,7.7
1794,CHEMBL592030,NCCCn1cc(c2cc(c3cc4ccccc4s3)c5[nH]ncc5c2)c6nc(N)ncc16,6.9
1795,CHEMBL2000071,OCCCNc1ncnc2[nH]cc(c3ccccc3)c12,5.9
1797,CHEMBL2002613,COc1cc(OC)cc(c1)C(=O)Nc2n[nH]c3ccc(cc23)c4cn(Cc5ccccc5)nn4,7.9
1800,CHEMBL1978014,CN1CCC(CC1)C(=O)n2nc(N)c3cc(ccc23)c4cn(Cc5ccccc5)nn4,6.1
1803,CHEMBL1994538,FC(F)(F)c1cccc2c(NC(=O)Nc3cnccn3)ccnc12,8.2
1804,CHEMBL1983195,CCN(CC)C(=O)Nc1ccc2nc(c3occc3)c(nc2c1)c4occc4,6.4
1810,CHEMBL1985580,NC(Cc1cccc2ccccc12)C(=O)Nc3cncc(C=Cc4ccncc4)c3,5.6
1813,CHEMBL1984162,COCCOC1CCC(CC1)n2nc(c3ccc(Nc4oc5c(C)cc(C)cc5n4)cc3)c6c(N)ncnc26,7.3
1814,CHEMBL1998432,NC1CCCC(C1)Nc2nc(Cl)cc(n2)c3c[nH]c4ncccc34,5.7
1815,CHEMBL491758,Fc1cnc(Nc2ccccc2)nc1Nc3ccccc3,5.8
1817,CHEMBL1986186,CC(NC1=C(Nc2ccncc2)C(=O)C1=O)C(C)(C)C,5.2
1818,CHEMBL1682360,C(N1CCCCC1)c2cc(on2)c3ccc4[nH]ncc4c3,5.7
1820,CHEMBL1870106,CCn1c(nc2cncc(C(=O)N3CCC(N)C3)c12)c4nonc4N,6.4
1822,CHEMBL1974664,COc1ccc(C=NNc2ncnc3c4ccccc4[nH]c23)cc1OC,6.8
1825,CHEMBL1974288,OCC(NC(=O)c1ccc(cc1)c2ccncc2)c3ccccc3,6.5
1828,CHEMBL1190711,COc1ccc(cc1OC)c2cc3nccn3c(Nc4ncccc4C(=O)N)n2,7.4
1833,CHEMBL546797,ON=C(c1nc2ccccc2[nH]1)c3nc4ccccc4[nH]3,5.5
1836,CHEMBL1967887,Cc1n[nH]c2ccc(cc12)c3cncc(OCCN)c3,5.2
1842,CHEMBL1977604,CC1CSC2=C(C(=O)O)C(=O)c3cc(F)c(N4CCC(N)C4)c(F)c3N12,5.7
1843,CHEMBL2007097,NC1=NC(=O)Nc2sccc12,4.3
1844,CHEMBL1084546,CN(c1ncccc1CNc2nc(Nc3ccc4NC(=O)Cc4c3)ncc2C(F)(F)F)S(=O)(=O)C,7.1
1847,CHEMBL1974328,Cc1cccc(Nc2nc(NC3CCCCC3N)cnc2C(=O)N)c1,5.6
1849,CHEMBL243298,OC(=O)c1ccccc1Nc2ccnc(Nc3cccc(F)c3)n2,7.7
1851,CHEMBL1972576,Cc1ccc(NC(=O)Nc2ccc(NC(=O)c3csc4ncnc(N)c34)cc2)cc1,5.1
1853,CHEMBL1990254,NCC(NC(=O)c1ccc(cc1)c2ccncc2)c3ccccc3,6.6
1854,CHEMBL1988173,Cc1cc(Cl)ccc1NC(=S)NNC(=O)C(O)(c2ccccc2)c3ccccc3,6.8
1855,CHEMBL1973013,CC(C)Nc1ncc(Br)c(Nc2ncc(C)s2)n1,5.8
1857,CHEMBL1989805,NC(=O)C1=C2SC(=Cc3occc3)C(=O)N2C(=C(C#N)C1c4occc4)N,5.8
1863,CHEMBL1983945,NC(Cc1c[nH]c2ccccc12)C(=O)Nc3cncc(C=Cc4ccncc4)c3,5.9
1864,CHEMBL1977135,O=C(NCc1ccccc1)c2ccc(cc2)c3ccncc3,5.9
1865,CHEMBL2001920,Brc1ccc2NC(=O)C(=C3SC(=S)NC3=O)c2c1,6.5
1866,CHEMBL2002322,NC(=O)c1cc2c(cncc2s1)c3cc(cc(c3)C(F)(F)F)C(F)(F)F,6.8
1867,CHEMBL1997119,Nc1ncc2cccc(c3ccccc3)n12,4.4
1868,CHEMBL1977138,CC(Nc1cncc(n1)n2cnc3ccc(cc23)C#N)c4ccccc4F,6.6
1869,CHEMBL2002323,Cc1ccc(F)c(c1)c2ccc3nnc(N)n3c2,5.4
1870,CHEMBL1241473,COc1cc(Nc2ncc(c(Nc3ccccc3C(=O)N)n2)[N+](=O)[O-])cc(OC)c1OC,8.5
1871,CHEMBL2000879,C1Cc2[nH]ncc2CC1c3ccccc3,4.0
1873,CHEMBL2004513,COC(=O)c1ccccc1c2ccc3C(=O)Nc4ccccc4Nc3c2,5.5
1875,CHEMBL1980329,Oc1ccc(cc1)c2ccc3C(=Cc4ccc[nH]4)C(=O)Nc3c2,6.2
1876,CHEMBL2004515,C1Oc2ccc(cc2O1)c3ncnc4[nH]ccc34,5.0
1878,CHEMBL1992042,Fc1ccc(cc1)C(=O)Nc2cccc(c2)C3Nc4ccc5ccccc5c4C6C=CCC36,5.7
1881,CHEMBL1992536,COc1ccc(CNC2=C(Nc3ccc4[nH]ncc4c3)C(=O)C2=O)cc1,7.2
1883,CHEMBL1994724,COc1cccc(c1)C(C)NC(=O)c2ccc(s2)c3ccncc3,6.0
1887,CHEMBL2006188,COc1cccc(c1)C(C)NC(=O)c2ccc(cc2NCCCN)c3ccncc3,5.4
1888,CHEMBL1970290,CCN(CC)CCNC(=O)c1cccc(c1)n2nc(cc2NC(=O)Nc3cccc4ccccc34)C(C)(C)C,5.7
1890,CHEMBL1970913,CCCC(=O)Nc1nn(C(=O)CC)c2nc3ccccc3cc12,7.3
1891,CHEMBL1973893,CCCS(=O)(=O)Nc1ccc(cc1)c2ccc3[nH]nc(NC(=O)C)c3c2,6.8
1894,CHEMBL1997534,COc1cccc(c1)C(C)NC(=O)c2cc(C)c(s2)c3ccc4[nH]nc(C)c4c3,7.7
1895,CHEMBL1993877,Nc1ncnc2c1c(cn2C3CCCC3)C#C,5.4
1897,CHEMBL1985095,NC(=O)Cn1cc(c2cc(c3cc4ccccc4s3)c5[nH]ncc5c2)c6nc(N)ncc16,7.3
1900,CHEMBL1973363,COc1cccc(NC(=O)N2CCC(CC2)c3nc4c(cccc4[nH]3)C(=O)N)c1,5.4
1901,CHEMBL1991180,COCc1nnn(c1C(=O)NN=C(C)c2ccc(O)cc2O)c3nonc3N,7.0
1903,CHEMBL1682540,c1cnc2nc(cn2c1)c3ccc4[nH]ncc4c3,7.0
1904,CHEMBL1978656,Cc1c(O)cccc1NC(=O)c2cnn3c(ccnc23)c4ccccc4,5.1
1905,CHEMBL1976420,CCc1c([nH]c2nccnc12)c3ccc(cc3)C(C)(C)O,5.6
1908,CHEMBL1981744,FC(F)(F)c1cccc(NC(=O)Nc2ccnc3cc(Cl)ccc23)n1,7.8
1909,CHEMBL1994864,Cc1ccc(CNC2=C(Nc3ccncc3)C(=O)C2=O)cc1,6.2
1911,CHEMBL497151,Ic1ccc(Oc2cncc3sc(cc23)C4=NC(=O)ON4)cc1,7.6
1912,CHEMBL2000029,Cc1ccccc1c2c(nnn2Cc3ccccc3)c4ccc5[nH]nc(N)c5c4,6.9
1914,CHEMBL246970,NCC1CCC(CNc2nc(NCc3ccccc3Cl)ncc2[N+](=O)[O-])CC1,6.2
1915,CHEMBL340921,Cc1cc(O)ccc1N2C=C(C(=O)N)C(=O)c3ccc(cc23)c4ccncc4,5.8
1919,CHEMBL1999718,FC(F)(F)c1ccc2c(NC(=O)Nc3ccc(cn3)C#N)ccnc2c1,8.2
1920,CHEMBL2005478,COc1ccc2c(c1)c(cn2C)c3cc4nc(Br)cnc4[nH]3,6.3
1921,CHEMBL1973540,O=C1Nc2ccc3ncsc3c2C1=CNc4ccc(cc4)S(=O)(=O)Nc5ccccn5,8.4
1922,CHEMBL1996646,COc1cccc(OC)c1CNc2nc(NC3CCCCC3)nc4ccc(Cl)cc24,5.7
1924,CHEMBL1977346,Ic1cc2C(=O)Nc3ccccc3Nc2nn1,7.1
1927,CHEMBL1996702,COc1cc(ccc1O)c2ccc3C(=O)Nc4cc(ccc4Nc3c2)C(=O)NCCCN(C)C,5.7
1931,CHEMBL2006439,Clc1cc(nc(NC2CCCCC2)n1)c3c[nH]c4ncccc34,6.1
1933,CHEMBL1985681,OC1CCCc2nc(ccc12)C3C(=O)Nc4ccc(cc34)C#N,7.1
1938,CHEMBL1991674,OC1CCC(CC1)Nc2cc(Cl)nc(n2)c3c[nH]c4ncccc34,7.5
1939,CHEMBL1982711,NC(=O)c1ccc(cc1)c2c[nH]c3nccc(Cl)c23,6.2
1940,CHEMBL262623,Nc1ncnc2NCCC(=Nc12)c3ccccc3,4.2
1945,CHEMBL1682346,Nc1n[nH]c2ccc(cc12)c3cn(Cc4ccccc4)nn3,6.9
1948,CHEMBL1994241,COc1cc(C=C(C#N)c2nc3ccccc3[nH]2)c(Br)cc1O,6.5
1951,CHEMBL1995211,CC(C)(C)Nc1ncnc2[nH]cc(c3ccccc3)c12,6.3
1952,CHEMBL1988838,Cc1cnc(Nc2cccc(c2)S(=O)(=O)N)nc1Nc3ccc(OCC(=O)N)cc3,6.0
1956,CHEMBL2006299,COc1cccc(CNC(=O)c2ccc(cc2)c3ccncc3)c1,5.5
1957,CHEMBL1972346,Oc1cc(O)cc(C=Cc2ccc(O)c(O)c2)c1,5.5
1965,CHEMBL2006609,CC(=O)Nc1nonc1n2nnc(C(=O)NN=Cc3cccs3)c2c4ccccc4,5.5
1967,CHEMBL462120,NC1=C(c2ccccc2)c3cc(Cl)ccc3NC1=O,5.1
1971,CHEMBL2007592,O=C1Nc2sc3CCCCc3c2c4nc(nn14)c5ccccc5,5.4
1972,CHEMBL1972355,COc1c2C(=O)C=C(C)Oc2cc(O)c1c3nc4ccccc4[nH]3,6.0
1974,CHEMBL2001641,CC(C)(O)c1cn(nn1)c2ccc3[nH]ncc3c2,4.9
1975,CHEMBL1997193,Cc1ccc(s1)C2=C(C#N)C(=O)NC(=C2)c3cc(Br)ccc3O,5.8
1980,CHEMBL1972362,CS(=O)(=O)c1ccc(cc1)c2cncc3sc(cc23)C(=O)N,7.4
1981,CHEMBL1984633,COc1cccc(c1)C(C)NC(=O)c2cnc(s2)c3ccncc3,6.0
1983,CHEMBL1965845,COc1cccc(c1)C(C)NC(=O)N2CCC(=CC2)c3c[nH]c4ncccc34,6.7
1985,CHEMBL1983715,CCNc1nc(C)c(s1)c2ccnc(Nc3ccc(cc3)N4CCN(CC4)C(=O)C)n2,5.8
1986,CHEMBL1982167,COc1ccc(OC)c(NC(=O)c2cnn3c(ccnc23)c4ccccc4)c1,5.2
1987,CHEMBL1971017,NC(=O)c1cc2c(cncc2s1)c3cccc(F)c3,7.4
1988,CHEMBL2006715,Fc1cccc(F)c1C(=O)Nc2cccc(c2)c3nc4sccn4c3c5ccnc(Nc6cccc(c6)N7CCCC7=O)n5,6.4
1989,CHEMBL1986597,NC(=O)c1cccc2[nH]c(nc12)c3ccc(NC(=O)c4cccc(c4)S(=O)(=O)N5CCOCC5)cc3,5.4
1990,CHEMBL1990482,NC(=O)c1cccc2[nH]c(nc12)c3ccncc3,5.3
1991,CHEMBL1990904,Fc1ccc(cc1)c2nc3cnccn3c2c4ccnc(NCC5CC5)n4,6.0
1992,CHEMBL2000104,CCS(=O)(=O)c1ccc(cc1)c2cncc3sc(cc23)C(=O)N,7.8
1999,CHEMBL1682545,N(c1ccccc1)c2nc(cs2)c3ccc4[nH]ncc4c3,6.3
2000,CHEMBL1974935,NC(COc1cncc(C=Cc2ccncc2)c1)Cc3c[nH]c4ccccc34,6.4
2006,CHEMBL1964937,OCC(NC(=O)N1CCC(=CC1)c2c[nH]c3ncccc23)c4ccccc4,5.6
2009,CHEMBL1977931,CC(=O)c1ccccc1c2ncnc3[nH]ccc23,4.2
2011,CHEMBL1989856,Cc1c(C=O)c(O)n2c3ccccc3nc2c1C#N,5.4
2012,CHEMBL2005899,CC(NC1=C(N(C(=O)C)c2ccncc2)C(=O)C1=O)C(C)(C)C,5.5
2013,CHEMBL1682552,C1CCC(CC1)Nc2c(nc3ncccn23)c4ccc5[nH]ncc5c4,7.2
2016,CHEMBL2007479,CCCCNc1nc(N)c(s1)C(=O)c2ccccc2,7.0
2018,CHEMBL1974870,Cc1n[nH]c2ccc(cc12)c3cncc(OCC(N)Cc4cccc(Cl)c4)c3,7.3
2021,CHEMBL1682359,CCCc1cc(on1)c2ccc3[nH]ncc3c2,5.6
2023,CHEMBL1970903,Cc1n[nH]c2ccc(cc12)c3cncc(OCC(N)Cc4c[nH]c5ccccc45)c3,6.9
2024,CHEMBL1991846,NC(COc1cncc(C=Cc2ccncc2)c1)Cc3ccccc3,6.2
2025,CHEMBL2003785,Fc1cccc(CNc2ncnc3[nH]cnc23)c1,4.3
2026,CHEMBL1973720,NC1CCC(CC1)Nc2nc(Cl)cc(n2)c3c[nH]c4ncccc34,6.4
2027,CHEMBL1969523,CC(NC1=C(Nc2ccnc(Nc3cccc(C)c3)n2)C(=O)C1=O)C(C)(C)C,6.3
2029,CHEMBL207995,COc1cc(C=O)c(Cl)cc1NC(=O)Nc2cnc(cn2)C#N,5.8
2031,CHEMBL1986781,CC(=O)N1CCC(CC1)Nc2nccc(n2)c3c(nc4occn34)c5ccc(F)cc5,6.2
2033,CHEMBL526133,O=C1NC(=CC(=N1)c2ccc3[nH]ncc3c2)c4ccccc4,7.7
2034,CHEMBL2003514,COc1cccc(c1)C(C)NC(=O)c2cnc(nc2)c3ccncc3,5.6
2037,CHEMBL1989043,CN1CCN(CC1)c2ccc(Nc3nc(N)c(s3)C(=O)c4c(Cl)cccc4Cl)cc2,5.5
2039,CHEMBL2002470,Clc1cccc(c1)C2=NCC(=O)Nc3sc4CCCCc4c23,5.4
2040,CHEMBL1967538,Cc1nn(C)c2sc3C(=O)NC=Nc3c12,4.3
2041,CHEMBL1979057,O=C1NCc2c1cccc2c3ccc(Nc4nc5ccccc5[nH]4)cc3,5.4
2044,CHEMBL1975418,C(c1ccccc1)n2nnc(c3ccc4[nH]ncc4c3)c2C5CC5,7.8
2045,CHEMBL1992796,Clc1ccc2NC(=O)C(=C(c3ccccc3)c2c1)C4=NNC(C4)c5ccccc5,5.1
2046,CHEMBL1968515,O=C1CN2C(=NN1)COc3ccccc23,4.3
2050,CHEMBL1999428,CC(NC(=O)c1ccc(cc1)c2ccncc2)c3ccccc3,6.4
2056,CHEMBL2001751,NC(COc1cncc(c1)c2ccc3NC(=O)C(=Cc4occc4)c3c2)Cc5c[nH]c6ccccc56,6.4
2061,CHEMBL2002723,CC(=O)Nc1ccc(cc1)n2nc3ccc(N)nc3n2,5.5
2062,CHEMBL1973395,OC1CCN(CC1)c2ncnc3[nH]cc(c4ccccc4)c23,5.9
2064,CHEMBL1970217,COc1cccc(c1)C(C)NC(=O)c2ccc(cc2)c3ccncc3C,6.3
2065,CHEMBL1971801,O=C1Nc2ccccc2Nc3nnccc13,6.7
2066,CHEMBL1968850,Clc1cc2C(=O)Nc3ccccc3Nc2nn1,7.0
2068,CHEMBL1984686,Brc1ccc2cnc(Nc3ccncn3)cc2c1,5.4
2075,CHEMBL1984711,COc1cc(Nc2nccc(Nc3onc(c3)C4CCCCC4)n2)cc(OC)c1OC,5.9
2078,CHEMBL1990212,COc1cc(OC)c(Nc2ccc3nnc(c4ccccc4)n3n2)cc1Cl,5.1
2081,CHEMBL1979252,FC(F)(F)c1cccc(CNC2=C(Nc3ccncc3)C(=O)C2=O)c1,6.3
2082,CHEMBL1986143,OCCC(NC(=O)c1ccc(cc1)c2ccncc2)c3ccccc3,5.9
2083,CHEMBL1972934,Nc1ncnc2sccc12,4.4
2086,CHEMBL1682341,C(c1ccccc1)c2cn(nn2)c3ccc4[nH]ncc4c3,6.5
2088,CHEMBL1986499,Nc1n[nH]c2ccc(cc12)c3nnn(Cc4ccccc4)c3c5ccc(F)cc5,8.0
2091,CHEMBL2000393,Fc1ccc2ncn(c3ncc4NC(=O)N(C5CCOc6c(F)cccc56)c4n3)c2c1,5.3
2092,CHEMBL2004072,COC(=O)c1cc2c(cncc2s1)c3cccc(F)c3,6.1
2097,CHEMBL1974157,Oc1ccc(C=C(C#N)C(=O)NCc2ccccc2)cc1O,5.6
2099,CHEMBL1984402,CN1N=C(C(=C(N)C1=O)C(=O)C)c2ccccc2,5.1
2107,CHEMBL260092,Nc1ncnc2NCCC(=Nc12)c3ccc(NC(=O)Nc4cccc(c4)C(F)(F)F)cc3,5.1
2109,CHEMBL1965495,Cc1n[nH]c2ncc(C#N)c(c3ccccc3)c12,6.5
2111,CHEMBL1985074,CSc1ccc2nc3C(=O)NCCc3c(Cl)c2c1,6.8
2115,CHEMBL1991725,CN(C)CC(=O)NC(COc1cncc(c1)c2ccc3cnccc3c2)Cc4c[nH]c5ccccc45,5.6
2118,CHEMBL2007296,CCCOc1cccc(c1)C(C)NC(=O)c2ccc(cc2)c3ccncc3,5.9
2120,CHEMBL396523,OC(=O)c1ccccc1Nc2ccnc(Nc3ccc4[nH]ncc4c3)n2,8.4
2122,CHEMBL1978371,Clc1ccc(cc1)C2CC(=C(C#N)C(=O)C2C(=O)c3ccccc3)c4ccccc4,5.4
2131,CHEMBL1983006,COc1cc(C(=O)O)c(Cl)cc1NC(=O)Nc2cnc(cn2)C#N,5.3
2133,CHEMBL1971029,CNS(=O)(=O)c1ccccc1Nc2nc(Nc3cc(ccc3OC)N4CCN(CC4)C(=O)C)ncc2Br,6.3
2135,CHEMBL226471,Fc1ccccc1c2cc(ccn2)c3cc4C(=O)NCCc4[nH]3,5.4
2136,CHEMBL1974702,CC1=Nc2c(sc3c(Br)ccc(Cl)c23)C(=O)O1,5.7
2137,CHEMBL1996111,CN(C)C(=O)c1c(nnn1Cc2ccccc2)c3ccc4[nH]ncc4c3,6.5
2138,CHEMBL1966175,CC1CCN(CC1c2ncc3cnc4[nH]ccc4n23)C(=O)CC#N,5.6
2140,CHEMBL2007375,CC#Cc1ccc2nccc(NC(=O)Nc3cccc(n3)C(F)(F)F)c2c1,7.4
2142,CHEMBL379975,Oc1ccc2[nH]c3cc(c4ccccc4Cl)c5C(=O)NC(=O)c5c3c2c1,6.2
2143,CHEMBL474432,COc1cc2ncn(c3cc(OCc4ccccc4C(F)(F)F)c(s3)C(=O)O)c2cc1OC,5.4
2146,CHEMBL1997041,Cc1cc(ccc1F)c2ncnc3[nH]ccc23,5.2
2147,CHEMBL1988153,Cc1oc(nn1)c2cc3c(Oc4ccc(cc4)C(F)(F)F)cncc3s2,8.2
2152,CHEMBL1999556,NC(=O)c1cc2c(cncc2s1)c3ccccc3,6.8
2156,CHEMBL1233887,COc1ccc2c(c1)c(cn2C)c3cc4nccnc4[nH]3,6.0
2164,CHEMBL1996817,CCCCOc1ncnc2[nH]cc(c3ccccc3)c12,6.6
2165,CHEMBL1979554,Clc1ccc(CNC2=C(Nc3ccc4[nH]ncc4c3)C(=O)C2=O)c(Cl)c1,6.3
2166,CHEMBL1986756,CCc1ccc2c(NC(=O)Nc3cccc(n3)C(F)(F)F)ccnc2c1,7.3
2167,CHEMBL1419458,Nc1nonc1n2nnc(C(=O)NN=Cc3ccncc3)c2c4ccccc4,5.9
2170,CHEMBL468280,CCN1C2=C(C(=O)ON2)C(=O)c3cc(F)c(Cl)cc13,5.4
2175,CHEMBL1980142,FC(F)(F)c1cccc(NC(=O)Nc2ccnc3c(cccc23)C(F)(F)F)n1,7.7
2183,CHEMBL1973359,NC(=O)c1ccc2nc(cn2c1)c3oc(cc3)[N+](=O)[O-],6.0
2184,CHEMBL1995740,COc1cc(ccc1O)c2ccc3C(=O)Nc4cc(ccc4Nc3c2)[N+](=O)[O-],6.4
2185,CHEMBL1996390,OC(=O)c1cc2c(cncc2s1)c3ccccc3,6.2
2187,CHEMBL1979690,CN1CCN(CC1)c2ccc(Nc3ncc(Cl)c(Nc4ccc5[nH]ncc5c4)n3)cc2,5.4
2189,CHEMBL1998414,Cc1n[nH]c2sc(cc12)C(=O)NCCc3ccc(Cl)cc3,5.1
2191,CHEMBL2000345,COc1cc(C=C(C#N)c2nc3cc(C)ccc3[nH]2)c(Br)cc1O,5.9
2193,CHEMBL1991640,Fc1cc2C(=O)C3=C(SNC3=O)N(C4CC4)c2c(F)c1NCc5ccccc5,5.3
2194,CHEMBL1983575,Oc1c(Br)cc(C=NNC(=O)Nc2ccccc2)cc1Br,6.1
2195,CHEMBL1968868,FC(F)(F)c1ccc2c(NC(=O)Nc3cccc(n3)C#N)ccnc2c1,7.4
2197,CHEMBL302449,Cn1c2ccccc2c3c4C(=O)NCc4c5c6ccccc6n(CCC#N)c5c13,7.2
2200,CHEMBL1991063,Cc1n[nH]c2ccc(cc12)c3cncc(OCC(N)Cc4ccc(Cl)c(Cl)c4)c3,7.0
2203,CHEMBL1976240,COc1cccc(c1)C(CN)NC(=O)c2ccc(cc2)c3ccncc3,5.8
2204,CHEMBL1997197,COc1ccccc1CNC(=N)Nc2nccc(n2)c3cccs3,5.9
2205,CHEMBL1983630,O=C1Cc2cc(cnc2N1)c3ccccc3,4.8
2207,CHEMBL1968151,O=C1Nc2sccc2c3nc(nn13)c4ccncc4,6.3
2209,CHEMBL1987009,COc1cccc(CNC(=O)c2cc3c(n[nH]c3s2)c4ccccc4)c1,5.3
2210,CHEMBL2002726,Cc1n[nH]c2ccc(cc12)c3cncc(OCC(N)Cc4ccccc4)c3,6.5
2211,CHEMBL2003817,FC(F)(F)c1ccc2c(NC(=O)Nc3cnccn3)ccnc2c1,7.6
2212,CHEMBL336961,Brc1ccc2[nH]c3c(CC(=O)Nc4cccnc34)c2c1,8.3
2213,CHEMBL1994830,Nc1oc(nn1)c2cc3c(Oc4ccc(Cl)cc4)cncc3s2,8.4
2214,CHEMBL1987054,COCCOC1CCC(CC1)n2nc(c3ccc(Nc4oc5c(Cl)cc(C)cc5n4)cc3)c6c(N)ncnc26,7.3
2219,CHEMBL1995765,NC1=CC(=O)NN1c2ccccn2,4.5
2222,CHEMBL1997846,Clc1cc(NC2CCCCC2)nc(n1)c3c[nH]c4ncccc34,5.9
2226,CHEMBL360847,CN(C)CC1CCn2cc(C3=C(C(=O)NC3=O)c4cn(CCO1)c5ccccc45)c6ccccc26,5.7
2228,CHEMBL1995811,Fc1ccc(F)c(c1)C(=O)Nc2n[nH]c3ccc(cc23)c4cn(Cc5ccccc5)nn4,8.4
2229,CHEMBL1975787,NC(=O)c1cc2c(cncc2s1)c3ccc(F)cc3F,7.7
2230,CHEMBL2002407,COc1cc(C=C(C#N)c2n[nH]c(N)c2C#N)ccc1O,5.8
2236,CHEMBL1972119,FC(F)(F)c1cccc2c(NC(=O)Nc3cccc(n3)N4CCOCC4)ccnc12,8.0
2237,CHEMBL1986328,CN(C)C(=O)Nc1ccc2nc(c3occc3)c(nc2c1)c4occc4,5.2
2240,CHEMBL2002450,COc1ccc(c2ccc(N)cc2)c3cnoc13,4.0
2241,CHEMBL1991874,Cc1ccc(NC(=O)c2cnn3c(ccnc23)c4ccccc4)cc1C,5.1
2243,CHEMBL1983923,CN1CCN(CC1)c2cc(Nc3cc(C)[nH]n3)nc(C=Cc4ccccc4)n2,6.0
2246,CHEMBL1982361,Fc1ccccc1CNC2=C(Nc3ccncc3)C(=O)C2=O,6.5
2247,CHEMBL1999112,CCOC(=O)C1=C2SC(=Cc3occc3)C(=O)N2C(=C(C#N)C1c4occc4)N,5.3
2248,CHEMBL1982122,OCCC(Nc1nc2ccc(cc2s1)c3ccncc3)c4ccccc4,5.5
2250,CHEMBL1682546,C(Nc1nc(cs1)c2ccc3[nH]ncc3c2)c4ccccc4,5.4
2252,CHEMBL1971245,CN1CCN(CC1)c2cccc(Nc3nccc(n3)c4c(nc5ccccn45)C(=O)N)c2,5.1
2254,CHEMBL1996780,CCOC(=O)C1=CN(c2ccc(O)cc2C)c3cc(ccc3C1=O)c4ccncc4,5.1
2258,CHEMBL296586,Brc1ccc2[nH]c3c(CC(=O)Nc4ccccc34)c2c1,8.1
2261,CHEMBL1966524,NC(COc1cncc(c1)c2cc3ccncc3s2)Cc4c[nH]c5ccccc45,7.6
2262,CHEMBL1993722,Nc1n[nH]c2cccc(c3ccc(NC(=O)Nc4cc(ccc4F)C(=O)O)cc3)c12,5.9
2263,CHEMBL1970806,O=C1Nc2sc3CCCCc3c2c4nc(nn14)c5cccnc5,5.2
2264,CHEMBL2006674,CCc1cnn2c(NCc3ccc[n+]([O-])c3)cc(nc12)N4CCCCC4CCO,5.8
2266,CHEMBL1992371,Oc1cccc2c(NC(=O)Nc3cnccn3)cccc12,5.8
2268,CHEMBL2002599,O=C(Nc1cnccn1)Nc2ccnc3ccc(cc23)N4CC5COCC5C4,8.0
2270,CHEMBL1967252,Cc1n[nH]c2ccc(cc12)c3cccnc3,5.4
2271,CHEMBL2004637,CCN(CCN)C(=O)c1cccc(c1)n2nc(cc2NC(=O)Nc3cccc4ccccc34)C(C)(C)C,5.6
2273,CHEMBL1969264,CC(C)(C)NC(=O)c1ccc2nc3[nH]c4ccccc4c3nc2c1,6.3
2275,CHEMBL1973711,OC1=C(C#N)C2=C(C(=N)Oc3ccc(Cl)cc23)C(=O)N1,7.0
2276,CHEMBL2006237,CN1CCN(CCCNc2cccc(n2)c3nc4c(cccc4[nH]3)C(=O)N)CC1,5.4
2286,CHEMBL1989029,CC(C)OC1=NNC(=O)C1=Cc2c[nH]c3ccccc23,5.6
2287,CHEMBL392642,CSc1ccccc1CNc2ncc(c(NCC3CCC(CN)CC3)n2)[N+](=O)[O-],5.9
2291,CHEMBL1991188,COc1cccc(c1)C(C)NC(=O)c2ccc(cc2OC)c3ccncc3F,7.0
2292,CHEMBL1980167,CN(C)c1ccc(cc1)c2cc(nc(NS(=O)(=O)c3ccc(N)cc3)n2)c4ccc(cc4)[N+](=O)[O-],6.1
2304,CHEMBL17370,CSc1ccc(cc1)c2nc(c3ccc(F)cc3)c([nH]2)c4ccncc4,5.5
2305,CHEMBL1980246,NCc1cc(Nc2ncnc(n2)c3ccccc3)ccc1O,5.5
2307,CHEMBL1983980,OCc1ccc(cc1)c2sc(nc2C(=O)O)N3CCc4cccc(C(=O)Nc5nc6ccccc6s5)c4C3,6.2
2310,CHEMBL1966069,C(c1cn(nn1)c2ccc3[nH]ncc3c2)n4nnc5ccccc45,6.2
2314,CHEMBL243088,OC(=O)c1ccccc1Nc2ccnc(Nc3cccc(O)c3)n2,8.1
2316,CHEMBL1993661,CNS(=O)(=O)c1ccccc1Nc2nc(Nc3cc(OC)c(OC)c(OC)c3)ncc2Cl,6.8
2317,CHEMBL1974416,Fc1cccc(C(=O)Nc2cnc3[nH]cc(c4ccccc4)c3c2)c1F,6.1
2320,CHEMBL1980391,COc1cc2Nc3n[nH]c(C)c3N=C(c4ccccc4Cl)c2cc1F,7.3
2322,CHEMBL1462726,Cc1cccc(OCC(=O)Nc2ccc3C(=O)NC(=O)c3c2)c1,5.1
2323,CHEMBL1313269,COc1ccc(cc1)S(=O)(=O)Nc2c([nH]c3ccc(OC)cc23)C(=O)O,5.26
2325,CHEMBL1426716,COC(=O)C(C)Sc1ccc2nnc(c3ccc(F)cc3)n2n1,5.28
2326,CHEMBL1970835,CCOc1ccccc1\C=N\NC(=O)c2nnn(c2CN3CCCCCC3)c4nonc4N,7.66
2328,CHEMBL561114,Nc1nc(Nc2ccccc2)sc1C(=O)c3ccccc3,6.78
2329,CHEMBL1339810,COc1cccc(\C=C/2\Sc3ccc(cc3NC2=O)C(=O)NCCCN4CCCC4)c1,4.41
2330,CHEMBL1996263,CCOc1cccc(c1)c2c(nnn2c3nonc3N)C(=O)N\N=C\c4sccc4C,6.32
2331,CHEMBL1996315,Cc1ccc(cc1)c2nnc(S)n2\N=C\c3ccncc3,5.11
2332,CHEMBL1341221,Clc1ccc(CSc2oc(nn2)c3ccncc3)c(Cl)c1,4.62
2333,CHEMBL583658,Cc1cccc(n1)C(=O)N[C@@H]2C[C@@H](C2)n3cnc(NC(=O)Cc4cccc5ccccc45)c3,6.44
2334,CHEMBL1467011,COC(=O)c1oc(CSc2ccc3nnc(c4ccc(F)cc4)n3n2)cc1,5.73
2335,CHEMBL1343500,Nc1nc(NCC2CCCO2)nc(Nc3ccc(Cl)cc3)c1[N+](=O)[O-],5.81
2336,CHEMBL1978079,COc1cc(\C=N\n2c(S)nnc2C3CCCCC3)cc(Br)c1O,4.99
2337,CHEMBL1450439,Nc1nc(NCC2CCCO2)nc(Nc3ccc(F)cc3)c1[N+](=O)[O-],5.62
2338,CHEMBL1326359,COc1cccc(Nc2nc(cs2)c3ccc(O)cc3)c1,5.09
2339,CHEMBL1568626,Fc1cccc(Nc2nc(nc3ccccc23)c4ccncc4)c1,4.53
2363,CHEMBL2064518,N#Cc1cccc(CSc2oc(nn2)c3ccc4OCCOc4c3)c1,7.02
2364,CHEMBL2064519,N#Cc1ccc(CSc2oc(nn2)c3ccc4OCCOc4c3)cc1,7.35
2366,CHEMBL2064521,N#Cc1cccc(CSc2oc(nn2)c3ccncc3)c1,5.49
2367,CHEMBL1352577,N#Cc1ccc(CSc2oc(nn2)c3ccncc3)cc1,5.13
2368,CHEMBL40439,C(Sc1oc(nn1)c2ccncc2)c3ccccc3,5.65
2369,CHEMBL288064,Ic1cccc(CSc2oc(nn2)c3ccncc3)c1,6.41
2370,CHEMBL2064522,C(Sc1oc(nn1)c2ccc3OCOc3c2)c4ccc(cc4)c5nnn[nH]5,6.97
2378,CHEMBL2064537,COCC1COc2ccc(cc2O1)c3oc(SCc4ccc(cc4)c5ccccc5C#N)nn3,7.27
2379,CHEMBL2064538,COC[C@@H]1COc2ccc(cc2O1)c3oc(SCc4ccc(cc4)c5ccccc5C#N)nn3,6.71
2385,CHEMBL2158866,CCN(CC)S(=O)(=O)c1cc(Nc2nccc(n2)c3ccnc(c3)c4ccc(NC(=O)NC)cc4)ccc1Cl,6.59
2386,CHEMBL1802358,O=C1NC(=N/C/1=C\c2ccc3OCOc3c2)Nc4ccccc4,6.26
2388,CHEMBL485053,CN1C(=N\C(=C/c2ccc3OCOc3c2)\C1=O)N,5.11
2722,CHEMBL464381,CC(CC\C=C(/C)\C[C@H]1OC(=O)C(=C1O)C)\C=C\C=C(/C)\CCCc2cocc2,5.79
2738,CHEMBL2391098,Fc1ccc(c2ccc(CSc3oc(nn3)c4ccncc4)cc2)c(c1)C#N,6.49
2739,CHEMBL2391131,COc1ccc(cc1)c2ccc(CSc3oc(nn3)c4ccncc4)cc2,6.62
2740,CHEMBL2391127,N#Cc1ccc(cc1)c2ccc(CSc3oc(nn3)c4ccc5OCCOc5c4)cc2,6.71
2741,CHEMBL2390958,N#Cc1ccc(cc1)c2ccc(CSc3oc(nn3)c4ccncc4)cc2,7.11
2742,CHEMBL2391099,C(Sc1oc(nn1)c2ccncc2)c3ccc(cc3)c4ccccc4,7.28
2743,CHEMBL2391117,Fc1cc(F)cc(c1)c2ccc(CSc3oc(nn3)c4ccc5OCOc5c4)cc2,7.29
2744,CHEMBL2391123,C(Sc1oc(nn1)c2ccc3OCCOc3c2)c4ccc(cc4)c5ccccc5,7.29
2745,CHEMBL2391132,N#Cc1cccc(c1)c2ccc(CSc3oc(nn3)c4ccncc4)cc2,7.34
2746,CHEMBL2391124,Fc1cc(F)cc(c1)c2ccc(CSc3oc(nn3)c4ccc5OCCOc5c4)cc2,7.46
2781,CHEMBL3408213,Cn1cc(cn1)c2ccc(cc2)c3cncc(Cl)c3N4CCC5(CCNC5=O)CC4,6.34
2792,CHEMBL3632824,NC(=O)c1cc(F)ccc1c2ccc(CSc3oc(nn3)c4ccc5OCCOc5c4)cc2,7.38
2808,CHEMBL3681949,COCCOCCOCCNC(=O)c1cc(Nc2nccc(Oc3ccc(NC(=O)Nc4cc(cc(NS(=O)(=O)C)c4OC)C(C)(C)C)c5ccccc35)n2)cc(c1)C#C,6.39
2815,CHEMBL3652542,Cc1nc(nc(Nc2n[nH]c3ncc(F)cc23)c1C)C4CCOCC4,7.52
2816,CHEMBL3673435,COc1cc(F)ccc1c2ccnc(NC(=O)C3CCC(C3)NC(=O)C)c2,7.0
2820,CHEMBL3652546,Cc1cc(Nc2n[nH]c3ccc(F)cc23)nc(n1)C4CCOCC4,7.52
2824,CHEMBL3673434,COc1cc(F)ccc1c2ccnc(NC(=O)[C@H]3CCC[C@H](C3)NC(=O)C)c2,6.8
2830,CHEMBL3661032,Cc1cc(nc(Nc2n[nH]c3ncc(F)cc23)c1C)c4ccccc4Cl,7.52
2833,CHEMBL3673983,Cc1[nH]nc2NC3=C([C@@H](c4ccccc4)c12)C(=O)CC(C)(C)C3,6.79
2834,CHEMBL3735506,COCCN1CCC(CNC(=O)c2n[nH]c3ccc(cc23)c4cccc(F)c4F)CC1,7.4
2835,CHEMBL3091673,COc1cc2CCN(CC(=O)Nc3ccc4NC(=O)\C(=C/c5cnc[nH]5)\c4c3)Cc2cc1OC,6.05
