,molecule_chembl_id,canonical_smiles,pchembl_value
0,bosutinib,COc1cc(Nc2c(cnc3cc(OCCCN4CCN(C)CC4)c(OC)cc23)C#N)c(Cl)cc1Cl,8.47
1,CHEMBL1242111,Nc1ncnc2c1c(nn2C3CCCC3)c4cccc(O)c4F,7.55
2,CHEMBL1076432,CN1CCC(CC1)Oc2cc(cc(c2)C(F)(F)F)C(=O)Nc3ccc(C)c(Nc4nc5ccccc5n4c6cc(N)ncn6)c3,7.57
3,CHEMBL1241945,CC(C)n1nc(c2ccc(O)c(F)c2)c3c(N)ncnc13,7.59
4,CHEMBL3781687,CNC(=O)Nc1cc(CCOc2ccc(NC(=O)Nc3cc(nn3c4ccc(C)cc4)C(C)(C)C)c5ccccc25)ccn1,7.59
5,CHEMBL3781532,COC(=O)Nc1cc(CCOc2ccc(NC(=O)Nc3cc(nn3c4ccc(C)cc4)C(C)(C)C)c5ccccc25)ccn1,7.59
6,CHEMBL477817,Cc1c(Nc2c(cnc3sc(\C=C\C(=O)N4CCCC4)cc23)C#N)ccc5[nH]ccc15,7.59
7,CHEMBL1242657,Nc1ncnc2c1c(nn2[C@H]3CCNC3)c4ccc(F)c(O)c4,7.6
8,CHEMBL3695589,CC(C)(C)c1cc(NC(=O)Nc2ccc(Oc3ccnc4NC(=O)C=Nc34)c5ccccc25)n(n1)c6ccc(CO)cc6,7.62
9,CHEMBL1241299,Cn1nc(c2ccc(Br)c(O)c2)c3c(N)ncnc13,7.62
10,CHEMBL1242024,CC(C)n1nc(c2ccc(O)cc2C)c3c(N)ncnc13,7.64
11,CHEMBL1230790,CC(C)n1nc(c2cccc(O)c2)c3c(N)ncnc13,7.64
12,CHEMBL3808884,COC(=O)c1cc2cc(NCc3cc(NC(=O)c4cc(cc(c4)C(F)(F)F)n5cnc(C)c5)ccc3C)cnc2[nH]1,7.66
13,CHEMBL3695594,COc1ccc(cc1)n2nc(cc2NC(=O)Nc3ccc(OCc4ccnc5NC(=O)C=Nc45)c6ccccc36)C(C)(C)C,7.66
14,CHEMBL1084234,CN1CCN(CC1)c2ccc(cc2)c3cnn4c(N)c(cnc34)c5ccc(NC(=O)NCC6CCCCC6)cc5,7.68
15,CHEMBL1242748,Nc1ncnc2c1c(nn2[C@H]3CCOC3)c4ccc(F)c(O)c4,7.68
16,CHEMBL1242662,CC(C)n1nc(c2ccc3cc(O)ccc3c2)c4c(N)ncnc14,7.7
17,CHEMBL1076436,CN1CCN(CC1)c2cc(cc(c2)C(F)(F)F)C(=O)Nc3ccc(C)c(Nc4nc5ccccc5n4c6cc(N)ncn6)c3,7.7
18,CHEMBL388978,CN[C@@H]1C[C@H]2O[C@@](C)([C@@H]1OC)n3c4ccccc4c5c6CNC(=O)c6c7c8ccccc8n2c7c35,7.7
19,CHEMBL1241677,Nc1ncnc2c1c(nn2[C@@H]3CCNC3)c4ccc(Cl)c(O)c4,7.7
20,CHEMBL1242109,CCC(C)n1nc(c2ccc(C)c(O)c2)c3c(N)ncnc13,7.72
21,CHEMBL3695588,CC(C)(C)c1cc(NC(=O)Nc2ccc(Oc3ccnc4NC(=O)C=Nc34)c5ccccc25)n(n1)c6ccc(O)cc6,7.75
22,CHEMBL1242574,CC(C)n1nc(c2ccc3cc[nH]c3c2)c4c(N)ncnc14,7.75
23,CHEMBL1242114,COc1ccc(cc1O)c2nn(C(C)C)c3ncnc(N)c23,7.75
24,CHEMBL1242201,COc1ccc(cc1O)c2nn(C3CCCC3)c4ncnc(N)c24,7.75
25,CHEMBL1163016,CC1(C)CC(CC(C)(C)N1[O])N=C(O)c2cccc(c2)c3cc4nccc(Nc5cccc(O)c5)n4n3,7.8
26,CHEMBL1076437,CCN1CCN(CC1)c2cc(cc(c2)C(F)(F)F)C(=O)Nc3ccc(C)c(Nc4nc5ccccc5n4c6cc(N)ncn6)c3,7.8
27,CHEMBL1242294,CC(C)n1nc(c2ccc3[nH]ccc3c2)c4c(N)ncnc14,7.82
28,CHEMBL1230609,COc1cc2c(Oc3ccc(NC(=O)C4(CC4)C(=O)Nc5ccc(F)cc5)cc3F)ccnc2cc1OCCCN6CCOCC6,7.82
29,CHEMBL1083001,CN1CCN(CC1)c2ccc(cc2)c3cnn4c(N)c(cnc34)c5ccc(NC(=O)CCC6CCCC6)cc5,7.85
30,CHEMBL1241487,Nc1ccc(cc1O)c2nn(C3CCCC3)c4ncnc(N)c24,7.89
31,CHEMBL1242376,Nc1ncnc2c1c(nn2C3CCCC3)c4ccc(Br)c(O)c4,7.92
32,CHEMBL1075628,CN1CCN(Cc2cc(nn2C(C)(C)C)C(=O)Nc3ccc(C)c(Nc4nc5ccccc5n4c6cc(N)ncn6)c3)CC1,7.96
33,CHEMBL1242566,Nc1ncnc2c1c(nn2C3CCC3)c4ccc(F)c(O)c4,7.96
34,CHEMBL1242285,CC(C)n1nc(c2cc(O)cc(Br)c2)c3c(N)ncnc13,8.0
35,CHEMBL1242293,CC(C)n1nc(c2cnc3[nH]ccc3c2)c4c(N)ncnc14,8.0
36,CHEMBL1242202,COc1ccc(cc1O)c2nn(C3CCC(C)C3)c4ncnc(N)c24,8.0
37,CHEMBL1242377,CC(C)n1nc(c2ccc(F)c(O)c2)c3c(N)ncnc13,8.04
38,CHEMBL1242852,CC(C)n1nc(c2ccc3c(ccn3C(=O)OC(C)(C)C)c2)c4c(N)ncnc14,8.05
39,CHEMBL1076433,CCN1CCN(Cc2ccc(cc2Cl)C(=O)Nc3ccc(C)c(Nc4nc5ccccc5n4c6cc(N)ncn6)c3)CC1,8.05
40,CHEMBL3695576,Cc1ccc(cc1)n2nc(cc2NC(=O)Nc3ccc(Oc4ccnc5NC(=O)C=Nc45)c6ccccc36)C7CC7,8.05
41,CHEMBL1242287,Nc1ncnc2c1c(nn2C3CCC3)c4ccc(Br)c(O)c4,8.05
42,CHEMBL1241678,Nc1ncnc2c1c(nn2[C@H]3CCOC3)c4ccc(Cl)c(O)c4,8.06
43,CHEMBL1083023,CN1CCN(CC1)c2ccc(cc2)c3cnn4c(N)c(cnc34)c5cccc(O)c5,8.1
44,CHEMBL3695585,COc1ccc(cc1)n2nc(cc2NC(=O)Nc3ccc(Oc4ccnc5NC(=O)N(C(C)C)c45)c6ccccc36)C(C)(C)C,8.1
45,CHEMBL3701217,Cc1ccc(cc1)n2nc(cc2NC(=O)Nc3ccc(Oc4ccnc(Nc5ccccc5)n4)c6ccccc36)C(C)(C)C,8.1
46,CHEMBL1081312,Nc1ncnc2c1c(nn2C3CCCC3)c4cnc5[nH]ccc5c4,8.1
47,CHEMBL1241768,Nc1ncnc2c1c(nn2[C@@H]3CCOC3)c4ccc(Cl)c(O)c4,8.1
48,CHEMBL3695570,CC(C)(C)c1cc(NC(=O)Nc2ccc(Oc3ccnc4NC(=O)Nc34)c5ncccc25)n(n1)c6ccccc6,8.16
49,CHEMBL1242656,CC1CCC(C1)n2nc(c3ccc(F)c(O)c3)c4c(N)ncnc24,8.24
50,CHEMBL1241580,Nc1ncnc2c1c(nn2C3CCC3)c4ccc(Cl)c(O)c4,8.24
51,CHEMBL1242295,Nc1ncnc2c1c(nn2C3CCCC3)c4ccc5[nH]ccc5c4,8.27
52,CHEMBL1242026,CC(C)n1nc(c2ccc(C)c(O)c2)c3c(N)ncnc13,8.29
53,CHEMBL406845,CC(C)(C)n1nc(c2ccc(Cl)cc2)c3c(N)ncnc13,8.3
54,CHEMBL1214135,CC1=Nc2c(Oc3ccc(NC(=O)Nc4cc(nn4c5ccc(C)cc5)C(C)(C)C)c6ccccc36)ccnc2NC1=O,8.3
55,CHEMBL3695584,CCN1C(=O)Nc2nccc(Oc3ccc(NC(=O)Nc4cc(nn4c5ccc(OC)cc5)C(C)(C)C)c6ccccc36)c12,8.3
56,CHEMBL3695590,COc1cc(ccc1CO)n2nc(cc2NC(=O)Nc3ccc(Oc4ccnc5NC(=O)C=Nc45)c6ccccc36)C(C)(C)C,8.3
57,CHEMBL3695573,COc1ccc(cc1)n2nc(cc2NC(=O)Nc3ccc(Oc4ccnc5NC(=O)C=Nc45)c6ccccc36)C(C)(C)C,8.3
58,CHEMBL3695572,COc1ccc(cn1)n2nc(cc2NC(=O)Nc3ccc(Oc4ccnc5NC(=O)N(C)c45)c6ccccc36)C(C)(C)C,8.3
59,CHEMBL1242664,Nc1ncnc2c1c(nn2C3CCCC3)c4ccc5cc[nH]c5c4,8.3
60,CHEMBL1242568,Nc1ncnc2c1c(nn2C3CCCC3)c4ccc(F)c(O)c4,8.35
61,CHEMBL1242199,Nc1ncnc2c1c(nn2C3CCCC3)c4cc(O)cc(F)c4,8.36
62,CHEMBL2336005,Oc1cccc(Nc2ccnc3cc(sc23)c4cccc(CN5CCOCC5)c4)c1,8.36
63,CHEMBL3695591,CC(C)(C)c1cc(NC(=O)Nc2ccc(Oc3ccnc4NC(=O)C=Nc34)c(Cl)c2Cl)n(n1)c5ccc(CO)cc5,8.4
64,CHEMBL3695580,CC(C)(C)c1cc(NC(=O)Nc2ccc(Oc3ccnc4NC(=O)C=Nc34)c5ccccc25)n(n1)c6ccc(Cl)c(Cl)c6,8.4
65,CHEMBL3695578,CC(C)c1cc(NC(=O)Nc2ccc(Oc3ccnc4NC(=O)C=Nc34)c5ccccc25)n(n1)c6ccc(C)cc6,8.4
66,CHEMBL1241578,CC(C)n1nc(c2ccc(Br)c(O)c2)c3c(N)ncnc13,8.4
67,CHEMBL3695586,COc1ccc(cc1)n2nc(cc2NC(=O)Nc3ccc(Oc4ccnc5NC(=O)N(C)c45)c(Cl)c3Cl)C(C)(C)C,8.4
68,CHEMBL3695581,CSc1ccc(cc1)n2nc(cc2NC(=O)Nc3ccc(Oc4ccnc5NC(=O)C=Nc45)c6ccccc36)C(C)(C)C,8.4
69,CHEMBL3695577,Cc1ccc(cc1)n2nc(cc2NC(=O)Nc3ccc(Oc4ccnc5NC(=O)C=Nc45)c6ccccc36)C7(C)CC7,8.4
70,CHEMBL386051,CSc1cccc(Nc2ncc3C=C(C(=O)N(C)c3n2)c4c(Cl)cccc4Cl)c1,8.48
71,CHEMBL3695592,CC(C)(C)c1cc(NC(=O)Nc2ccc(Oc3ccnc4NC(=O)C=Nc34)c5ccccc25)n(n1)c6ccc(CO)nc6,8.52
72,CHEMBL3695579,CC(C)(C)c1cc(NC(=O)Nc2ccc(Oc3ccnc4NC(=O)C=Nc34)c5ccccc25)n(n1)c6ccc(cc6)S(=O)(=O)C,8.52
73,CHEMBL1214131,CC(C)(C)c1cc(NC(=O)Nc2ccc(Oc3ccnc4NC(=O)C=Nc34)c5ccccc25)n(n1)c6ccccc6,8.52
74,CHEMBL1214132,CC1=Nc2c(Oc3ccc(NC(=O)Nc4cc(nn4c5ccccc5)C(C)(C)C)c6ccccc36)ccnc2NC1=O,8.52
75,CHEMBL3695574,CNS(=O)(=O)Cc1ccc(cc1)n2nc(cc2NC(=O)Nc3ccc(Oc4ccnc5NC(=O)C=Nc45)c6ccccc36)C(C)(C)C,8.52
76,CHEMBL3695569,COCC(=O)Nc1cc(Oc2ccc(NC(=O)Nc3cc(nn3c4ccc(C)cc4)C(C)(C)C)c5ccccc25)ccn1,8.52
77,CHEMBL3695583,COc1ccc(cc1)n2nc(cc2NC(=O)Nc3ccc(Oc4ccnc5NC(=O)N(C)c45)c6ccccc36)C(C)(C)C,8.52
78,CHEMBL1214134,Cc1ccc(cc1)n2nc(cc2NC(=O)Nc3ccc(Oc4ccnc5NC(=O)C=Nc45)c6ccccc36)C(C)(C)C,8.52
79,CHEMBL3695593,Cc1ccc(s1)n2nc(cc2NC(=O)Nc3ccc(Oc4ccnc5NC(=O)C=Nc45)c6ccccc36)C(C)(C)C,8.52
80,CHEMBL1241484,CC(C)n1nc(c2ccc(Cl)c(O)c2)c3c(N)ncnc13,8.7
81,CHEMBL1090979,CN1C(=O)Nc2nccc(Oc3ccc(NC(=O)Nc4cc(nn4c5ccc(C)cc5)C(C)(C)C)c6ccccc36)c12,8.7
82,CHEMBL1241581,COc1cc(ccc1N)c2nn(C3CCCC3)c4ncnc(N)c24,8.7
83,CHEMBL364623,Cc1cc(Nc2ncc(s2)C(=O)Nc3c(C)cccc3Cl)nc(C)n1,8.7
84,dasatinib,CC1=NC(NC2=NC=C(S2)C(=O)NC2=C(C)C=CC=C2Cl)=CC(=N1)N1CCN(CCO)CC1,9.46
85,CHEMBL1241676,Nc1ncnc2c1c(nn2C3CCCC3)c4ccc(Cl)c(O)c4,9.75
