,molecule_chembl_id,canonical_smiles,pchembl_value
0,mecasermin,[H]NCC(=O)N1CCC[C@H]1C(=O)N[C@@H](CCC(O)=O)C(=O)N[C@@H]([C@@H](C)O)C(=O)N[C@@H](CC(C)C)C(=O)N[C@H]1CSSC[C@@H]2NC(=O)[C@@H]3CSSC[C@H](NC(=O)[C@H](CO)NC(=O)[C@H](CCCNC(N)=N)NC(=O)[C@H](CC4=CC=CC=C4)NC2=O)C(=O)N[C@@H](CC(O)=O)C(=O)N[C@@H](CC(C)C)C(=O)N[C@@H](CCCNC(N)=N)C(=O)N[C@@H](CCCNC(N)=N)C(=O)N[C@@H](CC(C)C)C(=O)N[C@@H](CCC(O)=O)C(=O)N[C@@H](CCSC)C(=O)N[C@@H](CC2=CC=C(O)C=C2)C(=O)N[C@@H](CSSC[C@H](NC(=O)[C@@H](NC(=O)[C@H](CC2=CC=CC=C2)NC(=O)[C@H](CCC(N)=O)NC(=O)[C@H](CC(C)C)NC(=O)[C@H](C)NC(=O)[C@H](CC(O)=O)NC(=O)[C@@H](NC(=O)[C@H](CC(C)C)NC(=O)[C@H](CCC(O)=O)NC(=O)[C@H](C)NC(=O)CNC1=O)C(C)C)C(C)C)C(=O)NCC(=O)N[C@@H](CC(O)=O)C(=O)N[C@@H](CCCNC(N)=N)C(=O)NCC(=O)N[C@@H](CC1=CC=CC=C1)C(=O)N[C@@H](CC1=CC=C(O)C=C1)C(=O)N[C@@H](CC1=CC=CC=C1)C(=O)N[C@@H](CC(N)=O)C(=O)N[C@@H](CCCCN)C(=O)N1CCC[C@H]1C(=O)N[C@@H]([C@@H](C)O)C(=O)NCC(=O)N[C@@H](CC1=CC=C(O)C=C1)C(=O)NCC(=O)N[C@@H](CO)C(=O)N[C@@H](CO)C(=O)N[C@@H](CO)C(=O)N[C@@H](CCCNC(N)=N)C(=O)N[C@@H](CCCNC(N)=N)C(=O)N[C@@H](C)C(=O)N1CCC[C@H]1C(=O)N[C@@H](CCC(N)=O)C(=O)N[C@@H]([C@@H](C)O)C(=O)NCC(=O)N[C@@H]([C@@H](C)CC)C(=O)N[C@@H](C(C)C)C(=O)N[C@@H](CC(O)=O)C(=O)N[C@@H](CCC(O)=O)C(=O)N3)C(=O)N[C@@H](C)C(=O)N1CCC[C@H]1C(=O)N[C@@H](CC(C)C)C(=O)N[C@@H](CCCCN)C(=O)N1CCC[C@H]1C(=O)N[C@@H](C)C(=O)N[C@@H](CCCCN)C(=O)N[C@@H](CO)C(=O)N[C@@H](C)C(O)=O,8.30980396
1,CHEMBL3823914,CC(=O)N1CCC(CC1)n2nc(C)c(Nc3ncc(Cl)c(n3)c4cnn5ccccc45)c2C,7.54
2,CHEMBL3037918,CC(C)Oc1cc(nc2cc(ccc12)c3nc([C@@H]4C[C@@H](C4)N5CCN(C)CC5)n6ccnc(N)c36)c7ccccc7,7.54
3,CHEMBL3786558,CC12CCC(COc3cccc(c3)c4cn([C@@H]5C[C@H](CO)C5)c6ncnc(N)c46)(CC1)O2,7.54
4,CHEMBL3660891,COc1cc(ccc1Nc2ncc3C(C)Cc4nn(C)c(c5ccccc5Cl)c4c3n2)C(=O)O,7.54
5,CHEMBL474469,Cc1cc(cc2[nH]c(nc12)C3=C(NC[C@@H](O)c4cccc(Cl)c4)C=CNC3=O)N5CCC(CC5)N6C[C@@H]7C[C@@H]6CO7,7.54
6,CHEMBL1077339,Cc1cc(cc2[nH]c(nc12)C3=C(NC[C@@H](O)c4cccc(Cl)c4)C=CNC3=O)N5CCC(CC5)N6C[C@@H]7C[C@H]6CO7,7.54
7,CHEMBL520419,Cc1cc(cc2[nH]c(nc12)C3=C(NC[C@@H](O)c4cccc(Cl)c4)C=CNC3=O)N5CCC(O)CC5,7.54
8,CHEMBL3822587,Cc1nn(C2CCN(CC2)C(=O)CO)c(C)c1Nc3ncc(Cl)c(n3)c4cnn5ccccc45,7.54
9,CHEMBL3656579,Cn1nc2CCc3cnc(Nc4ccccc4)nc3c2c1Cc5ccccc5,7.54
10,CHEMBL1762178,CC(=O)Nc1cc(CN2C(=O)N(C(=O)C2(C)C)c3ccc(SC(F)(F)F)cc3)ccn1,7.55
11,CHEMBL451331,CN1CCN(CC1)C2CCN(CC2)c3cc(C)c4nc([nH]c4c3)C5=C(NC[C@@H](O)c6cccc(Cl)c6)C=CNC5=O,7.55
12,CHEMBL1098712,COCC(=O)N1CCN(CC1)c2cc(C)c3nc([nH]c3c2)C4=C(NC[C@@H](O)c5cccc(Cl)c5)C=CNC4=O,7.55
13,CHEMBL449110,COc1cc(ccc1Nc2nccc(n2)c3c(nc4ccccn34)c5cccc(c5)C(=O)Nc6c(F)cccc6F)N7CCC(CC7)N8CCN(C)CC8,7.55
14,CHEMBL515519,COc1cc2CCN(C(=O)CN(C)C)c2cc1Nc3nc(Nc4ccoc4C(=O)N)c5cc[nH]c5n3,7.55
15,CHEMBL468619,COc1ccc(NC(=O)CN(C)C)cc1Nc2nc(Nc3cccc(F)c3C(=O)N)c4cc[nH]c4n2,7.55
16,CHEMBL3656746,COc1ccccc1Nc2ncc3C(C)Cc4nn(C)c(C(C)C)c4c3n2,7.55
17,CHEMBL3655745,C[C@]1(CCCN1c2nc(Nc3cc([nH]n3)C(=O)N)c4cccn4n2)C(=O)Nc5ccc(N)nc5,7.55
18,CHEMBL3805643,Fc1cc(F)cc(Cc2ccc3[nH]nc(NC(=O)c4ccc(cc4NC5CCOCC5)N6CCNCC6)c3c2)c1,7.55
19,CHEMBL480544,Fc1cccc(Nc2nccc(n2)c3c(nc4ccccn34)c5cccc(c5)C(=O)Nc6c(F)cccc6F)c1,7.55
20,CHEMBL3735648,CC1(C)c2cc(ccc2C(=O)c3c1[nH]c4cc(ccc34)C#N)C5CCN(CC6CCOCC6)CC5,7.56
21,CHEMBL466397,CCc1cc(Nc2nccc(n2)c3c(nc4ccccn34)c5ccc(OC)c(c5)C(=O)Nc6c(F)cccc6F)c(OC)cc1N7CCC(CC7)N8CCN(CC8)S(=O)(=O)C,7.57
22,CHEMBL1667938,CN(C)C(=O)[C@@H]1CC[C@H](CC1)c2nc(c3ccc4ccc(nc4c3F)c5ccccc5)c6c(N)nccn26,7.57
23,CHEMBL1809066,COC(=O)N1CCN(CC1)c2ccc(Nc3ncc(Cl)c(n3)c4cnc5ccccn45)c(OC)c2,7.57
24,CHEMBL3823836,COc1cc(N2CCC(CC2)N3CCN(C)CC3)c(C)cc1Nc4ncc(Cl)c(Nc5ccccc5P(=O)(C)C)n4,7.57
25,CHEMBL3823017,COc1cc(ccc1Nc2ncc(Cl)c(Nc3ccccc3P(=O)(C)C)n2)N4CCC(O)CC4,7.57
26,CHEMBL1809069,COc1cc(ccc1Nc2ncc(Cl)c(n2)c3cnc4ccccn34)N5CCN(CC5)C(=O)CO,7.57
27,CHEMBL2032016,COc1ccc2c(Oc3ccc(NC(=O)C4=C(N(C)N(C4=O)c5ccccc5)c6cccnc6)nc3)ccnc2c1,7.57
28,CHEMBL452717,COc1ccccc1Cc2nc3ccc(cc3[nH]2)c4nn([C@@H]5CC[C@H](CC5)N6CCN(CC6)C(=O)C)c7ncnc(N)c47,7.57
29,CHEMBL480965,Cc1cc(cc2[nH]c(nc12)C3=C(NC[C@@H](O)c4cccc(Cl)c4)C=CNC3=O)N5CCC(CC5)N6CCCC6,7.57
30,CHEMBL1097425,Cc1cc(cc2[nH]c(nc12)C3=C(NC[C@@H](O)c4cccc(Cl)c4)C=CNC3=O)N5CCN(CC5)S(=O)(=O)C,7.57
31,CHEMBL3656591,Cn1nc2CCc3cnc(Nc4ccccc4)nc3c2c1C(C)(C)C,7.57
32,CHEMBL3787436,Nc1ncnc2c1c(cn2[C@@H]3C[C@H](CN4CC[S+]([O-])CC4)C3)c5cc(OC[C@@H]6CCCO6)ccc5F,7.57
33,CHEMBL1090364,O=C(Cc1ccccc1)Nc2cccc(c2)c3nc4sccn4c3c5ccnc(Nc6ccc7CNCCc7c6)n5,7.57
34,CHEMBL2031898,COc1cc2nccc(Oc3ccc(NC(=O)C4=C(C)N(C)N(C4=O)c5ccccc5)c(Cl)c3)c2cc1OC,7.58
35,CHEMBL3037922,CC(C)Oc1cc(nc2c(F)c(ccc12)c3nc([C@@H]4C[C@@H](C4)N5CCN(C)CC5)n6ccnc(N)c36)c7ccccc7,7.59
36,CHEMBL3660944,CCc1c2c(CCc3cnc(Nc4cc(Cl)c(cc4OC)C(=O)NC5CCN(C)CC5)nc23)nn1C,7.59
37,CHEMBL504379,CCn1c(C)c(C)nc1Sc2ccc(Nc3c(cnc4cc(NCCCN(CCO)CCO)c(OC)cc34)C#N)cc2Cl,7.59
38,CHEMBL461422,CN1CCC(CC1)c2cc(C)c3nc([nH]c3c2)C4=C(NCCn5cc(Cl)cn5)C=CNC4=O,7.59
39,CHEMBL3353405,COc1cc(N2CC(C2)N(C)C)c(NC(=O)C=C)cc1Nc3ncc(Cl)c(n3)c4cnn5ccccc45,7.59
40,CHEMBL1809052,COc1cc(OC2CNC2)ccc1Nc3ncc(Cl)c(n3)c4cnc5ccccn45,7.59
41,CHEMBL1809205,COc1cc(ccc1Nc2ncc(Cl)c(n2)c3cnc4cc(C)ccn34)N5CCN(CC5)C(=O)C,7.59
42,CHEMBL467438,COc1cc2c(Nc3ccc(Sc4nc(C)c(C)n4C)c(Cl)c3)c(cnc2cc1NCCCN(C)C)C#N,7.59
43,CHEMBL455208,COc1ccccc1Cc2nc3ccc(cc3[nH]2)c4nn([C@@H]5CC[C@H](CC5)N6CCNCC6)c7ncnc(N)c47,7.59
44,CHEMBL1097426,Cc1cc(cc2[nH]c(nc12)C3=C(NC[C@@H](O)c4cccc(Cl)c4)C=CNC3=O)N5CCN(CCO)CC5,7.59
45,CHEMBL1688360,Nc1ncnn2c(nc(c3ccc4ccc(nc4c3)c5ccccc5)c12)[C@@H]6C[C@@H](C6)N7CCN(CC7)C=O,7.59
46,CHEMBL517171,CCCN1CCC(CC1)Oc2cc(Nc3nc(Nc4cccc(F)c4C(=O)N)c5cc[nH]c5n3)c(OC)cc2Cl,7.6
47,CHEMBL3656626,CCCc1c2c(CCc3cnc(Nc4ccc(cc4OC)C(=O)NC5CCN(C)CC5)nc23)nn1C,7.6
48,CHEMBL3823095,CN(C)C(=O)CN1CCC(CC1)n2nc(C)c(Nc3ncc(Cl)c(n3)c4cnn5ccccc45)c2C,7.6
49,CHEMBL1688362,CN1CCN(CC1)[C@@H]2C[C@@H](C2)c3nc(c4ccc5ccc(nc5c4)c6ccccc6)c7c(N)ncnn37,7.6
50,CHEMBL3823962,CNC(=O)CN1CCC(CC1)n2nc(C)c(Nc3ncc(Cl)c(n3)c4cnn5ccccc45)c2C,7.6
51,CHEMBL457548,CNC(=O)c1cscc1Nc2nc(Nc3cc4N(CCc4cc3OC)C(=O)CN(C)C)nc5[nH]ccc25,7.6
52,CHEMBL3652812,COC(=O)c1ccc(Nc2ncc3CCc4nn(C)c(c5ccccc5Cl)c4c3n2)c(OC)c1,7.6
53,CHEMBL511013,COCCNC(=O)c1cc(F)ccc1Nc2nc(Nc3ccc(cc3OC)N4CCN(CC4)C(C)C)nc5[nH]ccc25,7.6
54,CHEMBL463322,COc1cc(ccc1Nc2nc(Nc3ccccc3n4cccn4)c5cc[nH]c5n2)N6CCN(CC6)C(C)C,7.6
55,CHEMBL3545311,COc1cc(ccc1Nc2ncc(Cl)c(Nc3ccccc3P(=O)(C)C)n2)N4CCC(CC4)N5CCN(C)CC5,7.6
56,CHEMBL1809204,COc1cc(ccc1Nc2ncc(Cl)c(n2)c3cnc4cc(F)ccn34)N5CCN(CC5)C(=O)C,7.6
57,CHEMBL459538,COc1cc2CCCN(C(=O)C)c2cc1Nc3nc(Nc4cccc(F)c4C(=O)N)c5cc[nH]c5n3,7.6
58,CHEMBL3822644,C[C@@H](N)C(=O)N1CCC(CC1)n2nc(C)c(Nc3ncc(Cl)c(n3)c4cnn5ccccc45)c2C,7.6
59,CHEMBL460996,Cc1cc(cc2[nH]c(nc12)C3=C(NCCn4cc(Cl)cn4)C=CNC3=O)C5CCN(CCO)CC5,7.6
60,CHEMBL3656745,Cn1ccc(Nc2ncc3CCc4nn(C)c(Cc5cccc(c5)C(F)(F)F)c4c3n2)n1,7.6
61,CHEMBL248877,Nc1ncnc2c1c(nn2[C@@H]3CC[C@H](CC3)N4CCOCC4)c5ccc6nc(Cc7cccs7)[nH]c6c5,7.6
62,CHEMBL2032019,COc1ccc2c(Oc3ccc(NC(=O)C4=C(N(C)N(C4=O)c5ccccc5)c6csc(C)n6)nc3)ccnc2c1,7.61
63,CHEMBL3822583,CC(=O)N1CCC(CC1)n2ncc(Nc3ncc(Cl)c(n3)c4cnc5ccccn45)c2C,7.62
64,CHEMBL3037917,CCOc1cc(nc2cc(ccc12)c3nc([C@@H]4C[C@@H](C4)N5CCN(C)CC5)n6ccnc(N)c36)c7ccccc7,7.62
65,CHEMBL457421,CCn1c(C)c(C)nc1Sc2ccc(Nc3c(cnc4cc(OCCCN(CCO)C(C)(C)C)c(OC)cc34)C#N)cc2Cl,7.62
66,CHEMBL1809229,COc1cc(ccc1Nc2ncc(Cl)c(n2)c3cnc4c(F)cc(F)cn34)N5CCN(CC5)C(=O)C,7.62
67,CHEMBL517947,COc1cc2CCN(C(=O)CN3CCCC3)c2cc1Nc4nc(Nc5cccc(F)c5C(=O)N)c6cc[nH]c6n4,7.62
68,CHEMBL1091644,C[C@@]1(O)C[C@@H](C1)c2nc(c3ccc4ccc(nc4c3)c5ccccc5)c6c(N)nccn26,7.62
69,CHEMBL3656744,CC(=O)N1CCC(CC1)n2cc(Nc3ncc4CCc5nn(C)c(Cc6cccc(c6)C(F)(F)F)c5c4n3)cn2,7.64
70,CHEMBL512126,COCCN1CCC(CC1)c2cc(C)c3nc([nH]c3c2)C4=C(NC[C@@H](O)c5ccc(OC)c(Cl)c5)C=CNC4=O,7.64
71,CHEMBL3656743,COCCn1ccc(Nc2ncc3CCc4nn(C)c(c5cccc(Cl)c5)c4c3n2)n1,7.64
72,CHEMBL1809048,COc1cc(ccc1Nc2ncc(Cl)c(n2)c3cnc4ccccn34)N5CCCN(CC5)C(=O)C,7.64
73,CHEMBL3656602,COc1cc(ccc1Nc2ncc3CCc4nn(C)c(c5occc5)c4c3n2)N6CCN(C)CC6,7.64
74,CHEMBL3656742,COc1cccc(c1)c2c3c(CCc4cnc(Nc5cnn(C)c5)nc34)nn2C,7.64
75,CHEMBL3037911,C[C@@]1(O)C[C@@H](C1)c2nc(c3ccc4c(Oc5ccccc5)cc(nc4c3)c6ccccc6)c7c(N)nccn27,7.64
76,CHEMBL3656741,Cc1cc(Nc2ncc3CCc4nn(C)c(Cc5ccccc5)c4c3n2)nn1C,7.64
77,CHEMBL3656558,Cc1ccc(c(C)c1)c2c3c(CCc4cnc(Nc5ccccc5)nc34)nn2C,7.64
78,CHEMBL3823154,Cc1nn(C2CCN(CC2)C(=O)CN)c(C)c1Nc3ncc(Cl)c(n3)c4cnn5ccccc45,7.64
79,CHEMBL589081,Nc1ncnc2c1c(nn2[C@@H]3CC[C@H](CC3)N4CCOCC4)c5ccc6CC(=Cc6c5)Cc7cccs7,7.64
80,CHEMBL1760056,C1CN(CCO1)c2ccc(Nc3nccc(Nc4cnc5ccccc5c4)n3)cc2,7.66
81,CHEMBL3656740,CCn1ccc(Nc2ncc3CCc4nn(C)c(Cc5cccc(c5)C(F)(F)F)c4c3n2)n1,7.66
82,CHEMBL3652854,CCn1nccc1Nc2ncc3CCc4nn(C)c(Cc5ccccc5)c4c3n2,7.66
83,CHEMBL461198,CN1CCC(CC1)c2cc(C)c3nc([nH]c3c2)C4=C(NC[C@@H](O)c5cccc(Cl)c5)C=CNC4=O,7.66
84,CHEMBL1256436,CN1CCN(CC1)[C@@H]2CC[C@H](CC2)n3nc(c4ccc(Nc5oc6c(Cl)cccc6n5)cc4C)c7c(N)ncnc37,7.66
85,CHEMBL3660957,COCCNC(=O)c1cc2cccc(Nc3ncc4CCc5nn(C)c(Cc6ccccc6)c5c4n3)c2s1,7.66
86,CHEMBL1809198,COc1cc(ccc1Nc2ncc(Cl)c(n2)c3cnc4c(F)cccn34)N5CCN(CC5)C(=O)C,7.66
87,CHEMBL3656597,COc1cc(ccc1Nc2ncc3CCc4nn(C)c(CCc5ccccc5)c4c3n2)N6CCN(C)CC6,7.66
88,CHEMBL3822982,COc1ccccc1Nc2nc(Nc3ccc(cc3OC)P(=O)(C)C)ncc2Cl,7.66
89,CHEMBL3822989,CC(=O)N1CCC(CC1)n2cc(Nc3ncc(Cl)c(n3)c4cnn5ccccc45)c(C)n2,7.68
90,CHEMBL3660901,CCOc1cc(ccc1Nc2ncc3CCc4nn(C)c(c5ccccc5)c4c3n2)C(=O)NC6CCN(CC6)C7CCOCC7,7.68
91,CHEMBL3660994,CCn1nc2CCc3cnc(Nc4ccc(cc4OC)C(=O)NC5CCN(C)CC5)nc3c2c1C6CC6,7.68
92,CHEMBL3656739,CN(C)C(=O)Cn1ccc(Nc2ncc3CCc4nn(C)c(Cc5cccc(OC(F)F)c5)c4c3n2)n1,7.68
93,CHEMBL540995,CN(C)C(=O)c1cccc(c1)c2cnc3[nH]cc(c4cccc(NC(=O)Nc5ccccc5Oc6ccccc6)c4)c3c2,7.68
94,CHEMBL411062,CN(C)C[C@@H]1C[C@H](C1)c2nc(c3ccc4ccc(nc4c3)c5ccccc5)c6c(N)nccn26,7.68
95,CHEMBL3660958,CNC(=O)c1cc2cccc(Nc3ncc4CCc5nn(C)c(Cc6ccccc6)c5c4n3)c2s1,7.68
96,CHEMBL3660889,COc1cc(ccc1Nc2ncc3CCc4nn(C)c(c5ccccc5Cl)c4c3n2)C(=O)O,7.68
97,CHEMBL3656549,COc1cc(ccc1Nc2ncc3CCc4nn(C)c(c5ccccc5OC)c4c3n2)N6CCN(C)CC6,7.68
98,CHEMBL3655744,C[C@]1(CCCN1c2nc(Nc3cc([nH]n3)C4CC4)c5cccn5n2)C(=O)Nc6ncccn6,7.68
99,CHEMBL1667949,Nc1nccn2c(nc(c3ccc4ccc(nc4c3F)c5ccccc5)c12)[C@@H]6CC[C@H](CC6)C(=O)Nc7ccc8[nH]ccc8c7,7.68
100,CHEMBL3786634,Nc1ncnc2c1c(cn2[C@@H]3C[C@H](CN4CC[S+]([O-])CC4)C3)c5cccc(OCC67CCC(CC6)O7)c5,7.68
101,CHEMBL3823031,COc1cc(ccc1Nc2ncc(Cl)c(Nc3ccccc3P(=O)(C)C)n2)N4CCC(CC4)N5CCCC5,7.69
102,CHEMBL3822611,COc1cc(ccc1Nc2ncc(Cl)c(Nc3ccccc3P(=O)(C)C)n2)N4CCN(C)CC4,7.69
103,CHEMBL3409716,CC1CCN(CC1)c2nc3CCCc3c(Nc4cc([nH]n4)C5CC5)n2,7.7
104,CHEMBL472846,CCCN1CCC=C(C1)c2ccc(Nc3nc(Nc4ccccc4C(=O)N)c5cc[nH]c5n3)c(c2)C(F)(F)F,7.7
105,CHEMBL504929,CCn1c(C)c(C)nc1Sc2ccc(Nc3c(cnc4cc(NCCCN5CCOCC5)c(OC)cc34)C#N)cc2Br,7.7
106,CHEMBL503167,CCn1c(C)c(C)nc1Sc2ccc(Nc3c(cnc4cc(OCCCN5CCC(O)C5)c(OC)cc34)C#N)cc2Cl,7.7
107,CHEMBL465374,COc1cc(C)c(cc1Nc2nc(Nc3cccc(F)c3C(=O)N)c4cc[nH]c4n2)N5CCN(CC5)C(C)C,7.7
108,CHEMBL1760050,COc1cc(Nc2nccc(Nc3cnc4ccccc4c3)n2)cc(OC)c1,7.7
109,CHEMBL1809061,COc1cc(ccc1Nc2ncc(Cl)c(n2)c3cnc4ccccn34)N5CCNCC5,7.7
110,CHEMBL3823297,COc1cc(ccc1Nc2ncc(Cl)c(n2)c3cnn4ccccc34)N5CCN(CC5)C(=O)C,7.7
111,CHEMBL3656555,COc1cc(ccc1Nc2ncc3CCc4nn(C)c(c5cc(C)ccc5Cl)c4c3n2)C(=O)NC6CCN(C)CC6,7.7
112,CHEMBL469292,COc1ccc(cc1Cl)[C@H](O)CNC2=C(C(=O)NC=C2)c3nc4c(C)cc(cc4[nH]3)C5CCN(CCCF)CC5,7.7
113,CHEMBL3656547,COc1ccccc1c2c3c(CCc4cnc(Nc5ccc(OCCN6CCCC6)cc5OC)nc34)nn2C,7.7
114,CHEMBL3824296,Cc1nn(C2CCNCC2)c(C)c1Nc3ncc(Cl)c(n3)c4cnn5ccccc45,7.7
115,CHEMBL558869,NCc1ccc(cc1)c2cnc3[nH]cc(c4cccc(NC(=O)Nc5cccc(Cl)c5)c4)c3c2,7.7
116,CHEMBL410659,Nc1nccn2c(nc(c3ccc4ccc(nc4c3)c5ccccc5)c12)[C@@H]6C[C@H](CN7CCC7)C6,7.7
117,CHEMBL1667944,Nc1nccn2c(nc(c3ccc4ccc(nc4c3F)c5ccccc5)c12)[C@@H]6CC[C@H](CC6)C(=O)Nc7ncn[nH]7,7.7
118,CHEMBL551524,Nc1nccn2cnc(c3ccc4ccc(nc4c3C5CC(C5)N6CC6)c7ccccc7)c12,7.7
119,CHEMBL1614712,Nc1ncnc2c1c(cn2[C@@H]3C[C@H](CN4CCC4)C3)c5cccc(OCc6ccccc6)c5,7.7
120,CHEMBL1760057,C(COc1ccc(Nc2nccc(Nc3cnc4ccccc4c3)n2)cc1)CN5CCCCC5,7.72
121,CHEMBL464344,CCN(C)CC(=O)N1CCc2cc(OC)c(Nc3nc(Nc4cccc(F)c4C(=O)N)c5cc[nH]c5n3)cc12,7.72
122,CHEMBL413828,CN(C)C[C@@H]1C[C@@H](C1)c2nc(c3ccc4ccc(nc4c3)c5ccccc5)c6c(N)nccn26,7.72
123,CHEMBL551263,CN1CCN(CC1)C2CC(C2)c3c(ccc4ccc(nc34)c5ccccc5)c6ncn7ccnc(N)c67,7.72
124,CHEMBL249295,CN1CCN(CC1)[C@@H]2C[C@@H](C2)c3nc(c4ccc5ccc(nc5c4)c6ccccc6)c7c(N)nccn37,7.72
125,CHEMBL3822976,CNCC(=O)N1CCC(CC1)n2nc(C)c(Nc3ncc(Cl)c(n3)c4cnn5ccccc45)c2C,7.72
126,CHEMBL3639556,COCCn1ccc(Nc2ncc3CCc4nn(C)c(c5cccc(C)c5)c4c3n2)n1,7.72
127,CHEMBL1760035,COc1cc(Nc2nccc(Nc3cnc4ccccc4c3)n2)cc(OC)c1OC,7.72
128,CHEMBL1809065,COc1cc(ccc1Nc2ncc(Cl)c(n2)c3cnc4ccccn34)N5CCN(CC5)S(=O)(=O)C,7.72
129,CHEMBL3656738,Cc1cccc(Cc2c3c(CCc4cnc(Nc5cc(C)n(C)n5)nc34)nn2C)c1,7.72
130,CHEMBL2032015,COc1ccc2c(Oc3ccc(NC(=O)C4=C(N(C)N(C4=O)c5ccccc5)c6ccccn6)nc3)ccnc2c1,7.73
131,CHEMBL3656737,CC(=O)N1CCC(CC1)n2cc(Nc3ncc4CCc5nn(C)c(Cc6c(Cl)cccc6Cl)c5c4n3)cn2,7.75
132,CHEMBL3656667,CCn1ccc(Nc2ncc3CCc4nn(C)c(c5cccc(Cl)c5)c4c3n2)n1,7.75
133,CHEMBL3656736,CN(C)C(=O)Cn1ccc(Nc2ncc3CCc4nn(C)c(Cc5ccccc5Cl)c4c3n2)n1,7.75
134,CHEMBL1097358,CN1CCN(CC1)c2cc(C)c3nc([nH]c3c2)C4=C(NC[C@@H](O)c5cccc(Cl)c5)C=CNC4=O,7.75
135,CHEMBL460997,COCCN1CCC(CC1)c2cc(C)c3nc([nH]c3c2)C4=C(NCCn5cc(Cl)cn5)C=CNC4=O,7.75
136,CHEMBL468671,COCCN1CCC(CC1)c2cc(C)c3nc([nH]c3c2)C4=C(NC[C@@H](O)c5cccc(Cl)c5)C=CNC4=O,7.75
137,CHEMBL3656734,COCCn1ccc(Nc2ncc3[C@@H](C)Cc4nn(C)c(c5ccccc5)c4c3n2)n1,7.75
138,CHEMBL1809057,COc1cc(ccc1Nc2ncc(Cl)c(n2)c3cnc4ccccn34)C(CO)CO,7.75
139,CHEMBL1809068,COc1cc(ccc1Nc2ncc(Cl)c(n2)c3cnc4ccccn34)N5CCN(CC5)C(=O)N(C)C,7.75
140,CHEMBL458864,COc1cc2CCCN(C(=O)CN(C)C)c2cc1Nc3nc(Nc4cccnc4C(=O)N)c5cc[nH]c5n3,7.75
141,CHEMBL1760049,COc1ccc(Nc2nccc(Nc3cnc4ccccc4c3)n2)cc1OC,7.75
142,CHEMBL3656735,COc1cccc(c1)c2c3c(CCc4cnc(Nc5ccn(CCN(C)C)n5)nc34)nn2C,7.75
143,CHEMBL3824103,C[C@H](N)C(=O)N1CCC(CC1)n2nc(C)c(Nc3ncc(Cl)c(n3)c4cnn5ccccc45)c2C,7.75
144,CHEMBL258648,Nc1nccn2c(nc(c3ccc4ccc(nc4c3)c5ccccc5)c12)[C@@H]6C[C@@H](C6)N7CCOCC7,7.75
145,CHEMBL411074,Nc1nccn2c(nc(c3ccc4ccc(nc4c3)c5ccccc5)c12)[C@@H]6C[C@H](CN7CCOCC7)C6,7.75
146,CHEMBL3823549,COc1cc(OCCCN2CCCC2)ccc1Nc3ncc(Cl)c(Nc4ccccc4P(=O)(C)C)n3,7.76
147,CHEMBL1098395,CCN1CCN(CC1)c2cc(C)c3nc([nH]c3c2)C4=C(NC[C@@H](O)c5cccc(Cl)c5)C=CNC4=O,7.77
148,CHEMBL442912,CCOC(=O)NN1CCN(CCCOc2cc3ncc(C#N)c(Nc4ccc(Sc5nc(C)c(C)n5CC)c(Cl)c4)c3cc2OC)CC1,7.77
149,CHEMBL3660898,CCOc1cc(ccc1Nc2ncc3CCc4nn(C)c(c5ccccc5)c4c3n2)C(=O)NC6CN(C)C6,7.77
150,CHEMBL3660897,CCOc1cc(ccc1Nc2ncc3CCc4nn(C)c(c5ccccc5)c4c3n2)C(=O)N[C@@H]6CC[C@H](CC6)N7CCOCC7,7.77
151,CHEMBL3656732,CCn1ccc(Nc2ncc3CCc4nn(C)c(c5cccc(C)c5)c4c3n2)n1,7.77
152,CHEMBL3656733,COCCn1ccc(Nc2ncc3CCc4nn(C)c(Cc5cccc(c5)C(F)(F)F)c4c3n2)n1,7.77
153,CHEMBL1809049,COc1cc(OC2CCN(CC2)C(=O)C)ccc1Nc3ncc(Cl)c(n3)c4cnc5ccccn45,7.77
154,CHEMBL1809044,COc1cc(ccc1Nc2ncc(Cl)c(n2)c3cnc4ccccn34)N5CCN(CC5)C(=O)C,7.77
155,CHEMBL1809062,COc1cc(ccc1Nc2ncc(Cl)c(n2)c3cnc4ccccn34)N5CCN(CCO)CC5,7.77
156,CHEMBL1809064,COc1cc(ccc1Nc2ncc(Cl)c(n2)c3cnc4ccccn34)N5CCN(CCS(=O)(=O)C)CC5,7.77
157,CHEMBL3656568,COc1cc(ccc1Nc2ncc3CCc4nn(C)c(c5occc5C)c4c3n2)C(=O)NC6CCN(C)CC6,7.77
158,CHEMBL1667935,C[C@@]1(O)C[C@@H](C1)c2nc(c3ccc4ccc(nc4c3F)c5ccccc5)c6c(N)ncnn26,7.77
159,CHEMBL3824323,Cc1nn(C2CCN(CCO)CC2)c(C)c1Nc3ncc(Cl)c(n3)c4cnn5ccccc45,7.77
160,CHEMBL3656573,Cn1nc(cc1Nc2ncc3CCc4nn(C)c(c5ccccc5Cl)c4c3n2)C6CC6,7.77
161,CHEMBL261253,Nc1nccn2c(nc(c3ccc4ccc(nc4c3)c5ccccc5)c12)[C@@H]6C[C@@H](CN7CCOCC7)C6,7.77
162,CHEMBL3785951,CC(=O)N1CCN(CC1)[C@@H]2C[C@@H](C2)n3cc(c4cc(OC[C@@H]5CCCO5)ccc4F)c6c(N)ncnc36,7.8
163,CHEMBL3787636,CC(=O)N1CCN(CC1)[C@@H]2C[C@@H](C2)n3cc(c4cccc(OCC56CCC(CC5)O6)c4)c7c(N)ncnc37,7.8
164,CHEMBL3786167,CC(=O)N1CCN(CC1)[C@@H]2C[C@@H](C2)n3cc(c4cccc(OC[C@@H]5CCCO5)c4F)c6c(N)ncnc36,7.8
165,CHEMBL499661,CCn1c(C)c(C)nc1Sc2ccc(Nc3c(cnc4cc(NCCCN5CCN(C)CC5)c(OC)cc34)C#N)cc2Cl,7.8
166,CHEMBL504954,CCn1c(C)c(C)nc1Sc2ccc(Nc3c(cnc4cc(OCCCN5CCN(CC5)C(=O)C)c(OC)cc34)C#N)cc2Cl,7.8
167,CHEMBL3656731,CN(C)C(=O)Cn1cc(Nc2ncc3CCc4nn(C)c(Cc5ccccc5)c4c3n2)cn1,7.8
168,CHEMBL454515,CN1CCN(CC1)C(=O)N2CCN(CC2)C3CCN(CC3)c4cc(C)c5nc([nH]c5c4)C6=C(NC[C@@H](O)c7cccc(Cl)c7)C=CNC6=O,7.8
169,CHEMBL1094165,COCCN1CCN(CC1)c2cc(C)c3nc([nH]c3c2)C4=C(NC[C@@H](O)c5cccc(Cl)c5)C=CNC4=O,7.8
170,CHEMBL450071,COc1cc(ccc1Nc2nc(Nc3ccc(F)cc3C(=O)NC[C@@H](O)CO)c4cc[nH]c4n2)N5CCN(CC5)C(C)C,7.8
171,CHEMBL1809071,COc1cc(ccc1Nc2ncc(Cl)c(n2)c3cnc4ccccn34)N5CCN(CC5)C(=O)[C@@H](C)O,7.8
172,CHEMBL3656622,COc1cc(ccc1Nc2ncc3CCc4nn(C)c(c5ccccc5)c4c3n2)C(=O)NC6CCN(C)CC6,7.8
173,CHEMBL3037916,COc1cc(nc2cc(ccc12)c3nc([C@@H]4C[C@@H](C4)N5CCN(C)CC5)n6ccnc(N)c36)c7ccccc7,7.8
174,CHEMBL516870,COc1cc2CCCN(C(=O)CN(C)C)c2cc1Nc3nc(Nc4cccc(F)c4C(=O)N)c5cc[nH]c5n3,7.8
175,CHEMBL517163,COc1cc2CCN(C(=O)CN(C)C)c2cc1Nc3nc(Nc4cccc5CNC(=O)c45)c6cc[nH]c6n3,7.8
176,CHEMBL3655738,C[C@]1(CCCN1c2nc(Nc3cc(n[nH]3)C4CC4)c5cccn5n2)C(=O)Nc6ncc(Cl)s6,7.8
177,CHEMBL3656730,Cc1cc(Nc2ncc3CCc4nn(C)c(Cc5ccccc5Cl)c4c3n2)nn1C,7.8
178,CHEMBL1095439,Cc1cc(cc2[nH]c(nc12)C3=C(NC[C@@H](O)c4cccc(Cl)c4)C=CNC3=O)N5CCN(CCCO)CC5,7.8
179,CHEMBL3656727,CC(C)c1c2c(CC(C)c3cnc(Nc4ccccc4)nc23)nn1C,7.82
180,CHEMBL3822943,CCOc1nn(cc1Nc2ncc(Cl)c(n2)c3cnn4ccccc34)C5CCN(CC5)C(=O)C,7.82
181,CHEMBL498816,CCn1c(C)c(C)nc1Sc2ccc(Nc3c(cnc4cc(OCCCN5CCOCC5)c(OC)cc34)C#N)cc2Cl,7.82
182,CHEMBL3660965,CNC(=O)c1ccc(Nc2ncc3CCc4nn(C)c(c5ccccc5)c4c3n2)c(OC)c1,7.82
183,CHEMBL3656552,COc1cc(OCCN2CCCC2)ccc1Nc3ncc4CCc5nn(C)c(c6cc(C)ccc6Cl)c5c4n3,7.82
184,CHEMBL1809196,COc1cc(ccc1Nc2ncc(c(n2)c3cnc4ccccn34)C(F)(F)F)N5CCN(CC5)C(=O)C,7.82
185,CHEMBL457105,COc1cc2CCCN(C(=O)CN(C)C)c2cc1Nc3nc(N4CCc5ccccc45)c6cc[nH]c6n3,7.82
186,CHEMBL3656610,COc1ccc(c(Cl)c1)c2c3c(CCc4cnc(Nc5ccccc5OC)nc34)nn2C,7.82
187,CHEMBL3656729,Cn1cc(Nc2ncc3CCc4nn(C)c(Cc5cccc(Cl)c5)c4c3n2)cn1,7.82
188,CHEMBL3656728,Cn1ccc(Nc2ncc3CCc4nn(C)c(c5ccc(Cl)cc5)c4c3n2)n1,7.82
189,CHEMBL3652817,Cn1nc2CCc3cnc(Nc4ccccc4)nc3c2c1c5ccccc5,7.82
190,CHEMBL3661014,CCOc1cc(ccc1Nc2ncc3CCc4nn(C)c(Cc5ccccc5)c4c3n2)N6CCN(CC6)S(=O)(=O)C,7.85
191,CHEMBL447951,CCn1c(C)c(C)nc1Sc2ccc(Nc3c(cnc4cc(OCCCN(C)CC(O)CO)c(OC)cc34)C#N)cc2Cl,7.85
192,CHEMBL512412,CCn1c(C)c(C)nc1Sc2ccc(Nc3c(cnc4cc(OCCCN(C)CCO)c(OC)cc34)C#N)cc2Cl,7.85
193,CHEMBL3656725,CCn1ccc(Nc2ncc3CCc4nn(C)c(c5ccccc5)c4c3n2)n1,7.85
194,CHEMBL1688363,CN1CCN(CC1)[C@@H]2C[C@@H](C2)c3nc(c4ccc5ccc(nc5c4F)c6ccccc6)c7c(N)ncnn37,7.85
195,CHEMBL482102,CNC1CCN(CC1)c2cc(C)c3nc([nH]c3c2)C4=C(NC[C@@H](O)c5cccc(Cl)c5)C=CNC4=O,7.85
196,CHEMBL3652813,COC(=O)c1cc2cccc(Nc3ncc4CCc5nn(C)c(Cc6ccccc6)c5c4n3)c2s1,7.85
197,CHEMBL1760040,COc1cc(Nc2nccc(Nc3cc4ccccc4cn3)n2)cc(OC)c1OC,7.85
198,CHEMBL3823030,C[C@@H](O)C(=O)N1CCC(CC1)n2nc(C)c(Nc3ncc(Cl)c(n3)c4cnn5ccccc45)c2C,7.85
199,CHEMBL3655760,C[C@]1(CCCN1c2nc(Nc3ncc(s3)C(=O)N)c4cccn4n2)C(=O)Nc5ccc(F)nc5,7.85
200,CHEMBL3822543,Cc1c(Nc2ncc(Cl)c(n2)c3cnc4ccccn34)cnn1C5CCNCC5,7.85
201,CHEMBL1667950,Cn1c(NC(=O)[C@@H]2CC[C@H](CC2)c3nc(c4ccc5ccc(nc5c4F)c6ccccc6)c7c(N)nccn37)nc8ccccc18,7.85
202,CHEMBL3656726,Cn1ccc(Nc2ncc3CCc4nn(C)c(c5ccc(F)cc5)c4c3n2)n1,7.85
203,CHEMBL563292,NCc1ccc(cc1)c2cnc3[nH]cc(c4cccc(NC(=O)Nc5ccccc5Oc6ccccc6)c4)c3c2,7.85
204,CHEMBL3785500,Nc1ncnc2c1c(cn2[C@@H]3C[C@H](CN4CCC4)C3)c5cccc(OCC67CCC(CC6)O7)c5,7.85
205,CHEMBL3787271,CC(=O)N1CCN(CC1)[C@@H]2C[C@@H](C2)n3cc(c4cc(OCC56CCC(CC5)O6)ccc4F)c7c(N)ncnc37,7.89
206,CHEMBL3656724,CC1Cc2nn(C)c(c3ccccc3)c2c4nc(Nc5ccn(CC(=O)N(C)C)n5)ncc14,7.89
207,CHEMBL3660900,CCOc1cc(ccc1Nc2ncc3CCc4nn(C)c(c5ccccc5)c4c3n2)C(=O)NC6CCN(C)CC6,7.89
208,CHEMBL505519,CCn1c(C)c(C)nc1Sc2ccc(Nc3c(cnc4cc(OCCCN(C)CCC5OCCO5)c(OC)cc34)C#N)cc2Cl,7.89
209,CHEMBL3661017,CN(C)CCCOc1ccc(Nc2ncc3CCc4nn(C)c(c5ccccc5C)c4c3n2)c(Cl)c1,7.89
210,CHEMBL3656723,CN(C)CCn1cc(Nc2ncc3CCc4nn(C)c(Cc5cccc(F)c5)c4c3n2)cn1,7.89
211,CHEMBL3652814,COC(=O)c1oc2c(Nc3ncc4CCc5nn(C)c(Cc6ccccc6)c5c4n3)cccc2c1,7.89
212,CHEMBL515036,COc1cc(C)c(CCCN(C)C)cc1Nc2nc(Nc3cccc(F)c3C(=O)N)c4cc[nH]c4n2,7.89
213,CHEMBL518354,COc1cc(Cl)c(OCCCN(C)C)cc1Nc2nc(Nc3cccc(F)c3C(=O)N)c4cc[nH]c4n2,7.89
214,CHEMBL1760034,COc1cc(Nc2ncnc(Nc3ccc4ccccc4c3)n2)cc(OC)c1OC,7.89
215,CHEMBL3656565,COc1cc(OCCN2CCCC2)ccc1Nc3ncc4CCc5nn(C)c(c6occc6C)c5c4n3,7.89
216,CHEMBL458437,COc1cc(ccc1Nc2nc(Nc3ccc4ncccc4c3)c5cc[nH]c5n2)N6CCN(CC6)C(C)C,7.89
217,CHEMBL3823235,COc1cc(ccc1Nc2ncc(Cl)c(Nc3ccccc3P(=O)(C)C)n2)N4CCN(CCO)CC4,7.89
218,CHEMBL1809199,COc1cc(ccc1Nc2ncc(Cl)c(n2)c3cnc4c(C)cccn34)N5CCN(CC5)C(=O)C,7.89
219,CHEMBL1809225,COc1cc(ccc1Nc2ncc(Cl)c(n2)c3cnc4ccc(C)cn34)N5CCN(CC5)C(=O)C,7.89
220,CHEMBL1809224,COc1cc(ccc1Nc2ncc(Cl)c(n2)c3cnc4ccc(F)cn34)N5CCN(CC5)C(=O)C,7.89
221,CHEMBL1809045,COc1cc(ccc1Nc2ncc(Cl)c(n2)c3cnc4ccccn34)C5CCN(CC5)C(=O)C,7.89
222,CHEMBL1809075,COc1cc(ccc1Nc2ncc(Cl)c(n2)c3cnc4ccccn34)N5CCN(CC5)C(=O)[C@@H](C)N,7.89
223,CHEMBL1809053,COc1cc(ccc1Nc2ncc(Cl)c(n2)c3cnc4ccccn34)N5CCOCC5,7.89
224,CHEMBL3656629,COc1cc(ccc1Nc2ncc3CCc4nn(C)c(C5CCC5)c4c3n2)C(=O)NC6CCN(C)CC6,7.89
225,CHEMBL501964,COc1cc2CCN(C(=O)CN3CCOCC3)c2cc1Nc4nc(Nc5cccc(F)c5C(=O)N)c6cc[nH]c6n4,7.89
226,CHEMBL461875,COc1ccc(CCCN(C)C)cc1Nc2nc(Nc3cccc(F)c3C(=O)N)c4cc[nH]c4n2,7.89
227,CHEMBL3656722,COc1ccccc1Cc2c3c(CCc4cnc(Nc5cnn(CCN(C)C)c5)nc34)nn2C,7.89
228,CHEMBL3656564,COc1ccccc1Nc2ncc3C(C)Cc4nn(C)c(c5ccccc5Cl)c4c3n2,7.89
229,CHEMBL3656613,Cc1cccc(c1Cl)c2c3c(CCc4cnc(Nc5ccccc5)nc34)nn2C,7.89
230,CHEMBL3660984,Cc1ccccc1c2c3c(CCc4cnc(Nc5ccc(cc5Cl)C(=O)NC6CCN(CC6)C7CC7)nc34)nn2C,7.89
231,CHEMBL3656618,Cn1nc2CCc3cnc(Nc4ccccc4)nc3c2c1c5ccc(F)cc5Cl,7.89
232,CHEMBL575681,O=C(Nc1ccccc1)[C@@H]2CCCN2c3nc(Nc4cc([nH]n4)C5CC5)c6cccn6n3,7.89
233,CHEMBL1257998,CN1CCN(CC1)[C@@H]2CC[C@H](CC2)n3nc(c4ccc(Nc5oc6c(Cl)cccc6n5)cc4)c7c(N)ncnc37,7.9
234,CHEMBL3661016,CN(C)CC(C)(C)COc1ccc(Nc2ncc3CCc4nn(C)c(c5ccccc5C)c4c3n2)c(Cl)c1,7.92
235,CHEMBL3822651,COCC(=O)N1CCC(CC1)n2nc(C)c(Nc3ncc(Cl)c(n3)c4cnn5ccccc45)c2C,7.92
236,CHEMBL499584,COCC(=O)N1CCN(CC1)C2CCN(CC2)c3cc(C)c4nc([nH]c4c3)C5=C(NC[C@@H](O)c6cccc(Cl)c6)C=CNC5=O,7.92
237,CHEMBL3660973,COCCNC(=O)c1ccc(Nc2ncc3CCc4nn(C)c(c5ccccc5C)c4c3n2)c(OC)c1,7.92
238,CHEMBL3656718,COCCn1cc(Nc2ncc3CCc4nn(C)c(Cc5ccccc5OC)c4c3n2)cn1,7.92
239,CHEMBL1809050,COc1cc(OC2CCNCC2)ccc1Nc3ncc(Cl)c(n3)c4cnc5ccccn45,7.92
240,CHEMBL1809063,COc1cc(ccc1Nc2ncc(Cl)c(n2)c3cnc4ccccn34)N5CCN(CC(=O)N(C)C)CC5,7.92
241,CHEMBL3656720,COc1cccc(Cc2c3c(CCc4cnc(Nc5cc(C)n(C)n5)nc34)nn2C)c1,7.92
242,CHEMBL3656719,COc1cccc(c1)c2c3c(CCc4cnc(Nc5cnn(c5)C6CCN(CC6)C(=O)C)nc34)nn2C,7.92
243,CHEMBL3652821,COc1ccccc1Nc2ncc3CCc4nn(C)c(c5ccccc5Cl)c4c3n2,7.92
244,CHEMBL3656577,Cc1ccccc1c2c3c(CCc4cnc(Nc5ccnn5C)nc34)nn2C,7.92
245,CHEMBL3656721,Cn1ccc(Nc2ncc3CCc4nn(C)c(Cc5cccc(Cl)c5)c4c3n2)n1,7.92
246,CHEMBL3787614,Nc1ncnc2c1c(cn2[C@@H]3C[C@H](CN4CCC4)C3)c5cccc(OC[C@@H]6CCCO6)c5,7.92
247,CHEMBL3785995,Nc1ncnc2c1c(cn2[C@@H]3C[C@H](CN4CC[S+]([O-])CC4)C3)c5ccc(F)c(OCC67CCC(CC6)O7)c5,7.92
248,CHEMBL453681,CCn1c(C)c(C)nc1Sc2ccc(Nc3c(cnc4cc(OCCCN5CCN(CCO)CC5)c(OC)cc34)C#N)cc2Cl,7.96
249,CHEMBL3656570,CCn1nccc1Nc2ncc3CCc4nn(C)c(c5ccccc5Cl)c4c3n2,7.96
250,CHEMBL3660948,COCCN1CCC(CC1)NC(=O)c2cc(OC)c(Nc3ncc4CCc5nn(C)c(C(C)C)c5c4n3)cc2C,7.96
251,CHEMBL3652852,COc1cc(OCCN2CCCC2)ccc1Nc3ncc4CCc5nn(C)c(C(C)c6ccccc6)c5c4n3,7.96
252,CHEMBL1809072,COc1cc(ccc1Nc2ncc(Cl)c(n2)c3cnc4ccccn34)N5CCN(CC5)C(=O)CN,7.96
253,CHEMBL3652844,COc1cc(ccc1Nc2ncc3CCc4nn(C)c(C5CCCC5)c4c3n2)C(=O)NC6CCN(C)CC6,7.96
254,CHEMBL3656595,COc1cc(ccc1Nc2ncc3CCc4nn(C)c(CC5CC5)c4c3n2)C(=O)NC6CCN(C)CC6,7.96
255,CHEMBL3656554,COc1cc(ccc1Nc2ncc3CCc4nn(C)c(c5cc(C)ccc5Cl)c4c3n2)N6CCN(C)CC6,7.96
256,CHEMBL3660906,COc1cc(ccc1Nc2ncc3CCc4nn(C)c(c5ccccc5)c4c3n2)C(=O)N[C@@H]6CC[C@H](CC6)N7CCN(CC8CC8)CC7,7.96
257,CHEMBL3656567,COc1cc(ccc1Nc2ncc3CCc4nn(C)c(c5occc5C)c4c3n2)N6CCN(C)CC6,7.96
258,CHEMBL467136,COc1cc2CCCN(C(=O)CN3CCCCC3)c2cc1Nc4nc(Nc5cccc(F)c5C(=O)N)c6cc[nH]c6n4,7.96
259,CHEMBL3656539,COc1ccc(Cc2c3c(CCc4cnc(Nc5ccc(cc5OC)C(=O)NC6CCN(C)CC6)nc34)nn2C)cc1,7.96
260,CHEMBL3660985,Cc1ccccc1c2c3c(CCc4cnc(Nc5ccc(cc5Cl)C(=O)NC6CCN(CC6)C7CCOCC7)nc34)nn2C,7.96
261,CHEMBL3652857,Cn1nccc1Nc2ncc3CCc4nn(C)c(Cc5ccccc5)c4c3n2,7.96
262,CHEMBL1222790,Fc1ccc(cn1)C(=O)N2[C@@H](CCC2=O)c3nc(Nc4cc([nH]n4)C5CC5)c6cccn6n3,7.96
263,CHEMBL3787567,Nc1ncnc2c1c(cn2[C@@H]3C[C@H](CO)C3)c4cccc(OCC56CCC(CC5)O6)c4,7.96
264,CHEMBL3409721,C1CCCN(CC1)c2nc3CCCc3c(Nc4cc([nH]n4)C5CC5)n2,8.0
265,CHEMBL3037914,CC(C)Oc1cc(nc2c(F)c(ccc12)c3nc([C@@H]4C[C@](C)(O)C4)n5ccnc(N)c35)c6ccccc6,8.0
266,CHEMBL3037910,CC(C)Oc1cc(nc2cc(ccc12)c3nc([C@@H]4C[C@](C)(O)C4)n5ccnc(N)c35)c6ccccc6,8.0
267,CHEMBL461662,CCn1c(C)c(C)nc1Sc2ccc(Nc3c(cnc4cc(NCCCN(C)C)c(OC)cc34)C#N)cc2Cl,8.0
268,CHEMBL3656712,CCn1ccc(Nc2ncc3CCc4nn(C)c(Cc5ccccc5OC)c4c3n2)n1,8.0
269,CHEMBL3656717,CN(C)CCn1ccc(Nc2ncc3CCc4nn(C)c(Cc5ccc6ccccc6c5)c4c3n2)n1,8.0
270,CHEMBL3656716,CN(C)CCn1ccc(Nc2ncc3CCc4nn(C)c(Cc5cccc(c5)C(F)(F)F)c4c3n2)n1,8.0
271,CHEMBL3660986,COCCN1CCC(CC1)NC(=O)c2ccc(Nc3ncc4CCc5nn(C)c(c6ccccc6C)c5c4n3)c(Cl)c2,8.0
272,CHEMBL3660896,COCCNC(=O)c1ccc(Nc2ncc3CCc4nn(C)c(c5ccccc5)c4c3n2)c(OC)c1,8.0
273,CHEMBL3656713,COCCn1ccc(Nc2ncc3CCc4nn(C)c(c5ccc(OC)cc5)c4c3n2)n1,8.0
274,CHEMBL1964271,COc1cc(ccc1Nc2nc(N3CCc4ccccc34)c5cc[nH]c5n2)N6CCN(CC6)C(C)C,8.0
275,CHEMBL1809222,COc1cc(ccc1Nc2ncc(Cl)c(n2)c3cnc4cc(Cl)ccn34)N5CCN(CC5)C(=O)C,8.0
276,CHEMBL3660970,COc1cc(ccc1Nc2ncc3CCc4nn(C)c(c5ccccc5C)c4c3n2)C(=O)N[C@@H]6CC[C@H](CC6)N7CCN(CC8CC8)CC7,8.0
277,CHEMBL465789,COc1cc2CCCN(C(=O)CCN(C)C)c2cc1Nc3nc(Nc4cccc(F)c4C(=O)N)c5cc[nH]c5n3,8.0
278,CHEMBL514873,COc1cc2CCN(C(=O)CN(C)C)c2cc1Nc3nc(Nc4ccsc4C(=O)N)c5cc[nH]c5n3,8.0
279,CHEMBL2031893,COc1cc2nccc(Oc3ccc(NC(=O)C4=C(C)N(C)N(C4=O)c5ccccc5)cc3F)c2cc1OC,8.0
280,CHEMBL3656714,COc1ccc(cc1)c2c3c(CCc4cnc(Nc5ccn(CC(=O)N(C)C)n5)nc34)nn2C,8.0
281,CHEMBL3822947,C[C@H](O)C(=O)N1CCC(CC1)n2nc(C)c(Nc3ncc(Cl)c(n3)c4cnn5ccccc45)c2C,8.0
282,CHEMBL3656715,Cc1cccc(Cc2c3c(CCc4cnc(Nc5ccn(C)n5)nc34)nn2C)c1,8.0
283,CHEMBL3660987,Cc1ccccc1c2c3c(CCc4cnc(Nc5ccc(cc5Cl)C(=O)NC6CCN(CCO)CC6)nc34)nn2C,8.0
284,CHEMBL447450,Fc1cccc(F)c1NC(=O)c2cccc(c2)c3nc4ccccn4c3c5ccnc(Nc6cccc(CN7CCCC7)c6)n5,8.0
285,CHEMBL1222791,Fc1ccc(NC(=O)[C@@H]2CCC[C@H]2c3nc(Nc4cc([nH]n4)C5CC5)c6cccn6n3)cn1,8.01
286,CHEMBL3785376,CC(=O)N1CCN(CC1)[C@@H]2C[C@@H](C2)n3cc(c4cccc(OCC56CCC(CC5)O6)c4F)c7c(N)ncnc37,8.02
287,CHEMBL3786567,CC1(C)CC[C@@H](COc2cccc(c2)c3cn([C@@H]4C[C@H](CN5CCC5)C4)c6ncnc(N)c36)O1,8.05
288,CHEMBL447167,CCN1CCN(CCCOc2cc3ncc(C#N)c(Nc4ccc(Sc5nc(C)c(C)n5CC)c(Cl)c4)c3cc2OC)CC1,8.05
289,CHEMBL3037921,CCOc1cc(nc2c(F)c(ccc12)c3nc([C@@H]4C[C@@H](C4)N5CCN(C)CC5)n6ccnc(N)c36)c7ccccc7,8.05
290,CHEMBL3656710,CN(C)CCn1ccc(Nc2ncc3CCc4nn(C)c(c5cccc(C)c5)c4c3n2)n1,8.05
291,CHEMBL1809073,CNCC(=O)N1CCN(CC1)c2ccc(Nc3ncc(Cl)c(n3)c4cnc5ccccn45)c(OC)c2,8.05
292,CHEMBL3656711,COCCn1ccc(Nc2ncc3CCc4nn(C)c(c5ccc(F)cc5)c4c3n2)n1,8.05
293,CHEMBL1809194,COc1cc(ccc1Nc2ncc(Br)c(n2)c3cnc4ccccn34)N5CCN(CC5)C(=O)C,8.05
294,CHEMBL1809046,COc1cc(ccc1Nc2ncc(Cl)c(n2)c3cnc4ccccn34)C5CCNCC5,8.05
295,CHEMBL1809074,COc1cc(ccc1Nc2ncc(Cl)c(n2)c3cnc4ccccn34)N5CCN(CC5)C(=O)[C@H](C)N,8.05
296,CHEMBL1809070,COc1cc(ccc1Nc2ncc(Cl)c(n2)c3cnc4ccccn34)N5CCN(CC5)C(=O)[C@H](C)O,8.05
297,CHEMBL3652845,COc1cc(ccc1Nc2ncc3CCc4nn(C)c(C5CCCCC5)c4c3n2)C(=O)NC6CCN(C)CC6,8.05
298,CHEMBL3660912,COc1cc(ccc1Nc2ncc3CCc4nn(C)c(c5ccccc5)c4c3n2)C(=O)NC6CCN(CC6)C7CCOCC7,8.05
299,CHEMBL3660989,COc1cc(ccc1Nc2ncc3CCc4nn(C)c(c5ccccc5)c4c3n2)C(=O)N[C@@H]6CC[C@H](CC6)N7CCOCC7,8.05
300,CHEMBL3037920,COc1cc(nc2c(F)c(ccc12)c3nc([C@@H]4C[C@@H](C4)N5CCN(C)CC5)n6ccnc(N)c36)c7ccccc7,8.05
301,CHEMBL458414,COc1cc2CCCN(C(=O)CN(C)C)c2cc1Nc3nc(Nc4ccoc4C(=O)N)c5cc[nH]c5n3,8.05
302,CHEMBL3656536,COc1ccc(Cc2c3c(CCc4cnc(Nc5ccc(OCCN6CCCC6)cc5OC)nc34)nn2C)cc1,8.05
303,CHEMBL459118,Cc1cc(cc2[nH]c(nc12)C3=C(NC[C@@H](O)c4cccc(Cl)c4)C=CNC3=O)N5CCC(CC5)N6CCN(CC6)C(=O)N7CCOCC7,8.05
304,CHEMBL590049,Cc1ccc(N2CCC(CC2)N3CCN(CC3)C(=O)N4CCOCC4)c5[nH]c(nc15)C6=C(N[C@@H](CO)Cc7ccccc7Br)C=CNC6=O,8.05
305,CHEMBL3786100,Nc1ncnc2c1c(cn2[C@@H]3C[C@H](CN4CC[S+]([O-])CC4)C3)c5cc(OCC67CCC(CC6)O7)ccc5F,8.05
306,CHEMBL573246,O=C(Nc1cccnc1)[C@@H]2CCCN2c3nc(Nc4cc([nH]n4)C5CC5)c6cccn6n3,8.05
307,CHEMBL3823045,COc1ccccc1Nc2nc(Nc3ccc(cc3OC)N4CCC(CC4)N5CCN(C)CC5)ncc2Cl,8.06
308,CHEMBL1738698,COc1cc(Nc2nccc(Nc3cnc4ccccc4c3)n2)ccc1N5CCOCC5,8.08
309,CHEMBL575448,C[C@]1(CCCN1c2nc(Nc3cc([nH]n3)C4CC4)c5cccn5n2)C(=O)Nc6ccc(F)nc6,8.08
310,CHEMBL3823190,COc1cc(ccc1Nc2ncc(Cl)c(Nc3ccccc3P(=O)(C)C)n2)C4CCN(C)CC4,8.09
311,CHEMBL3656709,CC(=O)N1CCC(CC1)n2cc(Nc3ncc4CCc5nn(C)c(Cc6cccc(Cl)c6)c5c4n3)cn2,8.1
312,CHEMBL3823301,CC(=O)N1CCC(CC1)n2ncc(Nc3ncc(Cl)c(n3)c4cnn5ccccc45)c2C,8.1
313,ceritinib,CC(C)Oc1cc(C2CCNCC2)c(C)cc1Nc3ncc(Cl)c(Nc4ccccc4S(=O)(=O)C(C)C)n3,8.1
314,CHEMBL3656707,CCn1ccc(Nc2ncc3CCc4nn(C)c(Cc5cccc(Cl)c5)c4c3n2)n1,8.1
315,CHEMBL3661020,CN(C)C(C)(C)COc1ccc(Nc2ncc3CCc4nn(C)c(c5ccccc5C)c4c3n2)c(Cl)c1,8.1
316,CHEMBL3656706,CN(C)CCn1cc(Nc2ncc3CCc4nn(C)c(c5ccc(Cl)cc5)c4c3n2)cn1,8.1
317,CHEMBL3656658,CN(C)CCn1ccc(Nc2ncc3CCc4nn(C)c(Cc5ccccc5Cl)c4c3n2)n1,8.1
318,CHEMBL3660950,COCCN1CCC(CC1)NC(=O)c2cc(OC)c(Nc3ncc4CCc5nn(C)c(C(C)C)c5c4n3)cc2Cl,8.1
319,CHEMBL3656704,COCCn1cc(Nc2ncc3CCc4nn(C)c(Cc5ccccc5Cl)c4c3n2)cn1,8.1
320,CHEMBL3656708,COCCn1ccc(Nc2ncc3CCc4nn(C)c(Cc5cccc(Cl)c5)c4c3n2)n1,8.1
321,CHEMBL3656705,COCCn1ccc(Nc2ncc3CCc4nn(C)c(Cc5ccccc5OC)c4c3n2)n1,8.1
322,CHEMBL515909,COc1c(C)c(ccc1Nc2nc(Nc3cccc(F)c3C(=O)N)c4cc[nH]c4n2)N5CCN(CC5)C(C)C,8.1
323,CHEMBL3660947,COc1cc(C(=O)NC2CCN(C)CC2)c(C)cc1Nc3ncc4CCc5nn(C)c(C(C)C)c5c4n3,8.1
324,CHEMBL457322,COc1cc(ccc1NC2=Nc3[nH]ccc3C4=Nc5cccc(F)c5C(=O)N24)N6CCN(CC6)C(C)C,8.1
325,CHEMBL1809067,COc1cc(ccc1Nc2ncc(Cl)c(n2)c3cnc4ccccn34)N5CCN(CC5)C(=O)N,8.1
326,CHEMBL3656628,COc1cc(ccc1Nc2ncc3CCc4nn(C)c(c4c3n2)C(C)(C)C)C(=O)NC5CCN(C)CC5,8.1
327,CHEMBL3660904,COc1cc(ccc1Nc2ncc3CCc4nn(C)c(c5ccccc5)c4c3n2)C(=O)NCCN6CCCC6,8.1
328,CHEMBL3660976,COc1cc(ccc1Nc2ncc3CCc4nn(C)c(c5ccccc5C)c4c3n2)C(=O)NC6CCN(CC6)C7CC7,8.1
329,CHEMBL3661001,COc1cc(ccc1Nc2ncc3CCc4nn(C)c(c5ccsc5)c4c3n2)C(=O)NC6CCN(C)CC6,8.1
330,CHEMBL517340,COc1cc2CCN(C(=O)CCN(C)C)c2cc1Nc3nc(Nc4cccc(F)c4C(=O)N)c5cc[nH]c5n3,8.1
331,CHEMBL459753,COc1ccc(OCCCN(C)C)cc1Nc2nc(Nc3cccc(F)c3C(=O)N)c4cc[nH]c4n2,8.1
332,CHEMBL1809206,COc1ccn2c(cnc2c1)c3nc(Nc4ccc(cc4OC)N5CCN(CC5)C(=O)C)ncc3Cl,8.1
333,CHEMBL3037915,C[C@@]1(O)C[C@@H](C1)c2nc(c3ccc4c(Oc5ccccc5)cc(nc4c3F)c6ccccc6)c7c(N)nccn27,8.1
334,CHEMBL1667936,Nc1nccn2c(nc(c3ccc4ccc(nc4c3F)c5ccccc5)c12)[C@@H]6CC[C@@H](CO)CC6,8.1
335,CHEMBL1667946,Nc1nccn2c(nc(c3ccc4ccc(nc4c3F)c5ccccc5)c12)[C@@H]6CC[C@H](CC6)C(=O)Nc7ccncn7,8.1
336,CHEMBL1688361,Nc1ncnn2c(nc(c3ccc4ccc(nc4c3F)c5ccccc5)c12)[C@@H]6C[C@@H](C6)N7CCN(CC7)C=O,8.1
337,CHEMBL1256432,CN1CCN(CC1)[C@@H]2CC[C@H](CC2)n3nc(c4ccc(Nc5oc6c(Cl)cccc6n5)c(F)c4)c7c(N)ncnc37,8.12
338,CHEMBL3037908,COc1cc(nc2cc(ccc12)c3nc([C@@H]4C[C@](C)(O)C4)n5ccnc(N)c35)c6ccccc6,8.15
339,CHEMBL448929,CCc1cc(Nc2nccc(n2)c3c(nc4ccccn34)c5cccc(c5)C(=O)Nc6c(F)cccc6F)c(OC)cc1N7CCC(CC7)N8CCN(CC8)S(=O)(=O)C,8.16
340,CHEMBL3661019,CN(C)CCOc1ccc(Nc2ncc3CCc4nn(C)c(c5ccccc5C)c4c3n2)c(Cl)c1,8.16
341,CHEMBL3660988,CN1CC(C1)NC(=O)c2ccc(Nc3ncc4CCc5nn(C)c(c6ccccc6C)c5c4n3)c(Cl)c2,8.16
342,CHEMBL3660981,CN1CCC(CC1)NC(=O)c2ccc(Nc3ncc4CCc5nn(C)c(c6ccccc6C)c5c4n3)c(Cl)c2,8.16
343,CHEMBL464552,CNC(=O)c1c(F)cccc1Nc2nc(Nc3cc4N(CCc4cc3OC)C(=O)CN(C)C)nc5[nH]ccc25,8.16
344,CHEMBL3660949,COc1cc(C(=O)NC2CCN(C)CC2)c(Cl)cc1Nc3ncc4CCc5nn(C)c(C(C)C)c5c4n3,8.16
345,CHEMBL3353403,COc1cc(N2CC[C@H](C2)N(C)C)c(NC(=O)C=C)cc1Nc3ncc(Cl)c(n3)c4cnn5ccccc45,8.16
346,CHEMBL1809058,COc1cc(ccc1Nc2ncc(Cl)c(n2)c3cnc4ccccn34)N5CC6CNCC(C5)O6,8.16
347,CHEMBL3656593,COc1cc(ccc1Nc2ncc3CCc4nn(C)c(C5CCC5)c4c3n2)N6CCN(C)CC6,8.16
348,CHEMBL3660902,COc1cc(ccc1Nc2ncc3CCc4nn(C)c(c5ccccc5)c4c3n2)C(=O)NCCN(C)C,8.16
349,CHEMBL3655739,C[C@]1(CCCN1c2nc(Nc3cc([nH]n3)C4CC4)c5cccn5n2)C(=O)Nc6ccncn6,8.16
350,CHEMBL3656703,Cc1cccc(Cc2c3c(CCc4cnc(Nc5cnn(C)c5)nc34)nn2C)c1,8.16
351,CHEMBL3661021,Cc1ccccc1c2c3c(CCc4cnc(Nc5ccc(OCCCN6CCCC6)cc5Cl)nc34)nn2C,8.16
352,CHEMBL3656543,Cc1ccccc1c2c3c(CCc4cnc(Nc5ccccc5)nc34)nn2C,8.16
353,CHEMBL1222710,Fc1ccc(cn1)C(=O)N2CCC[C@H]2c3nc(Nc4cc([nH]n4)C5CC5)c6cccn6n3,8.16
354,CHEMBL444031,Fc1cccc(F)c1NC(=O)c2cccc(c2)c3nc4ccccn4c3c5ccnc(Nc6ccc7OCCOc7c6)n5,8.16
355,CHEMBL475482,COc1cc(ccc1Nc2nc(Nc3ccc(F)cc3C(=O)NO)c4cc[nH]c4n2)N5CCN(CC5)C(C)C,8.2
356,CHEMBL3823016,COc1cc(ccc1Nc2ncc(Cl)c(Nc3ccccc3C(=O)N(C)C)n2)N4CCC(CC4)N5CCN(C)CC5,8.21
357,CHEMBL3822664,COc1cc(ccc1Nc2ncc(Cl)c(Nc3ccccc3I)n2)N4CCC(CC4)N5CCN(C)CC5,8.21
358,CHEMBL3656697,CC(=O)N1CCC(CC1)n2cc(Nc3ncc4CCc5nn(C)c(c6cccc(C)c6)c5c4n3)cn2,8.22
359,CHEMBL3656696,CC(=O)N1CCC(CC1)n2cc(Nc3ncc4CCc5nn(C)c(c6cccc(Cl)c6)c5c4n3)cn2,8.22
360,CHEMBL3656693,CC(C)n1ccc(Nc2ncc3CCc4nn(C)c(Cc5ccccc5)c4c3n2)n1,8.22
361,CHEMBL464347,CCCN1CCC(CC1)Oc2ccc(OC)c(Nc3nc(Nc4cccc(F)c4C(=O)N)c5cc[nH]c5n3)c2,8.22
362,CHEMBL3656701,CCn1ccc(Nc2ncc3CCc4nn(C)c(c5ccc(OC(F)F)cc5)c4c3n2)n1,8.22
363,CHEMBL3660982,CN(C)CCCNC(=O)c1ccc(Nc2ncc3CCc4nn(C)c(c5ccccc5Cl)c4c3n2)c(Cl)c1,8.22
364,CHEMBL3660983,CN(C)CCNC(=O)c1ccc(Nc2ncc3CCc4nn(C)c(c5ccccc5C)c4c3n2)c(Cl)c1,8.22
365,CHEMBL3656691,CN(C)CCn1cc(Nc2ncc3CCc4nn(C)c(Cc5ccccc5)c4c3n2)cn1,8.22
366,CHEMBL3656700,CN(C)CCn1cc(Nc2ncc3CCc4nn(C)c(c5ccc(OC(F)F)cc5)c4c3n2)cn1,8.22
367,CHEMBL3656698,CN(C)CCn1ccc(Nc2ncc3CCc4nn(C)c(c5ccc(F)cc5)c4c3n2)n1,8.22
368,CHEMBL3660960,CN1CCC(CC1)NC(=O)c2ccc(Nc3ncc4CCc5nn(C)c(c6ccccc6C)c5c4n3)c(C)c2,8.22
369,CHEMBL3656692,COCCn1cc(Nc2ncc3CCc4nn(C)c(Cc5ccccc5)c4c3n2)cn1,8.22
370,CHEMBL3656694,COCCn1ccc(Nc2ncc3CCc4nn(C)c(c5ccccc5)c4c3n2)n1,8.22
371,CHEMBL3660946,COc1cc(C(=O)NC2CCN(C)CC2)c(F)cc1Nc3ncc4CCc5nn(C)c(C(C)C)c5c4n3,8.22
372,CHEMBL3353404,COc1cc(N(C)CCN(C)C)c(NC(=O)C=C)cc1Nc2ncc(Cl)c(n2)c3cnn4ccccc34,8.22
373,CHEMBL1964270,COc1cc(ccc1Nc2nc(N3NC(=O)c4ccccc34)c5cc[nH]c5n2)N6CCN(CC6)C(C)C,8.22
374,CHEMBL3660967,COc1cc(ccc1Nc2ncc3CCc4nn(C)c(c5ccccc5C)c4c3n2)C(=O)N[C@@H]6CC[C@H](CC6)N7CCOCC7,8.22
375,CHEMBL3660964,COc1cc(ccc1Nc2ncc3CCc4nn(C)c(c5ccccc5Cl)c4c3n2)C(=O)NC6CCN(Cc7ccccc7)CC6,8.22
376,CHEMBL456252,COc1cc2CCCN(C(=O)CN(C)C)c2cc1Nc3nc(Nc4ccsc4C(=O)N)c5cc[nH]c5n3,8.22
377,CHEMBL460815,COc1cc2CCN(C(=O)C)c2cc1Nc3nc(Nc4cccc(F)c4C(=O)N)c5cc[nH]c5n3,8.22
378,CHEMBL507810,COc1cc2CCN(C(=O)CCN3CCOCC3)c2cc1Nc4nc(Nc5cccc(F)c5C(=O)N)c6cc[nH]c6n4,8.22
379,CHEMBL3656699,COc1ccc(cc1)c2c3c(CCc4cnc(Nc5ccn(C)n5)nc34)nn2C,8.22
380,CHEMBL3656695,COc1ccccc1Cc2c3c(CCc4cnc(Nc5cnn(c5)C6CCN(CC6)C(=O)C)nc34)nn2C,8.22
381,CHEMBL572581,C[C@]1(CCCN1c2nc(Nc3cc([nH]n3)C4CC4)c5cccn5n2)C(=O)Nc6cccnc6,8.22
382,CHEMBL3656575,Cc1cc(Nc2ncc3CCc4nn(C)c(c5ccccc5Cl)c4c3n2)nn1C,8.22
383,CHEMBL3656702,Cn1cc(Nc2ncc3CCc4nn(C)c(c5ccc(Cl)cc5)c4c3n2)cn1,8.22
384,CHEMBL1667940,NC(=O)[C@@H]1CC[C@H](CC1)c2nc(c3ccc4ccc(nc4c3F)c5ccccc5)c6c(N)nccn26,8.22
385,CHEMBL1667948,Nc1nccn2c(nc(c3ccc4ccc(nc4c3F)c5ccccc5)c12)[C@@H]6CC[C@H](CC6)C(=O)Nc7nc8ccccc8[nH]7,8.22
386,CHEMBL507714,COc1cc(ccc1Nc2nccc(n2)c3c(nc4ccccn34)c5cccc(c5)C(=O)Nc6c(F)cccc6F)N7CCC(CC7)N8CCN(CC8)S(=O)(=O)C,8.28
387,CHEMBL1222855,Fc1ccc(cn1)C(=O)NCc2nc(Nc3cc(n[nH]3)C4CC4)c5cccn5n2,8.28
388,CHEMBL3655751,CC(C)N1CCCC(C1)NC(=O)C2C[C@H](O)CN2c3nc(Nc4cn(cn4)C(C)C)c5cccn5n3,8.3
389,CHEMBL3656683,CC(C)n1ccc(Nc2ncc3CCc4nn(C)c(Cc5ccccc5Cl)c4c3n2)n1,8.3
390,CHEMBL3655758,CC1(CC1)c2cc(Nc3nc(nn4cccc34)N5C[C@H](F)C[C@H]5C(=O)Nc6ncns6)[nH]n2,8.3
391,CHEMBL3652828,CC1Cc2nn(C)c(c3ccccc3Cl)c2c4nc(Nc5ccccc5)ncc14,8.3
392,CHEMBL513897,CCCN1CCC=C(C1)c2ccc(Nc3nc(Nc4ccccc4C(=O)N)c5cc[nH]c5n3)c(C)c2,8.3
393,CHEMBL3660952,CCOc1cc(ccc1Nc2ncc3CCc4nn(C)c(Cc5ccccc5)c4c3n2)C(=O)NC6CCN(C)CC6,8.3
394,CHEMBL3660955,CCOc1cc(ccc1Nc2ncc3CCc4nn(C)c(Cc5ccccc5)c4c3n2)C(=O)NC6CCN(CC6)C7CC7,8.3
395,CHEMBL3037913,CCOc1cc(nc2c(F)c(ccc12)c3nc([C@@H]4C[C@](C)(O)C4)n5ccnc(N)c35)c6ccccc6,8.3
396,CHEMBL3656685,CCn1ccc(Nc2ncc3C(C)Cc4nn(C)c(c5ccccc5)c4c3n2)n1,8.3
397,CHEMBL3656688,CCn1ccc(Nc2ncc3CCc4nn(C)c(Cc5cccc(C)c5)c4c3n2)n1,8.3
398,CHEMBL3656690,CN(C)CCn1ccc(Nc2ncc3CCc4nn(C)c(Cc5cccc(Cl)c5)c4c3n2)n1,8.3
399,CHEMBL3656686,CN(C)CCn1ccc(Nc2ncc3CCc4nn(C)c(c5ccc(OC(F)F)cc5)c4c3n2)n1,8.3
400,CHEMBL3661018,CN1CCC(CC1)Oc2ccc(Nc3ncc4CCc5nn(C)c(c6ccccc6C)c5c4n3)c(Cl)c2,8.3
401,CHEMBL1667939,CNC(=O)[C@@H]1CC[C@H](CC1)c2nc(c3ccc4ccc(nc4c3F)c5ccccc5)c6c(N)nccn26,8.3
402,CHEMBL475074,CNC(=O)c1c(F)cccc1Nc2nc(Nc3ccc(cc3OC)N4CCN(CC4)C(C)C)nc5[nH]ccc25,8.3
403,CHEMBL3660909,COCCN1CCC(CC1)NC(=O)c2ccc(Nc3ncc4CCc5nn(C)c(c6ccccc6)c5c4n3)c(OC)c2,8.3
404,CHEMBL3660971,COCCN1CCC(CC1)NC(=O)c2ccc(Nc3ncc4CCc5nn(C)c(c6ccccc6C)c5c4n3)c(OC)c2,8.3
405,CHEMBL3656689,COCCn1ccc(Nc2ncc3CCc4nn(C)c(Cc5cccc(C)c5)c4c3n2)n1,8.3
406,CHEMBL3656682,COCCn1ccc(Nc2ncc3CCc4nn(C)c(Cc5ccccc5)c4c3n2)n1,8.3
407,CHEMBL3656680,COc1cc(OCCN2CCCC2)ccc1Nc3ncc4C(C)Cc5nn(C)c(C(C)C)c5c4n3,8.3
408,CHEMBL3652823,COc1cc(OCCN2CCCC2)ccc1Nc3ncc4CCc5nn(C)c(c6ccccc6)c5c4n3,8.3
409,CHEMBL3656679,COc1cc(OCCN2CCCC2)ccc1Nc3ncc4CCc5nn(C)c(c6ccsc6)c5c4n3,8.3
410,CHEMBL505983,COc1cc(ccc1Nc2nc(Nc3ccc(F)cc3C(=O)NCCO)c4cc[nH]c4n2)N5CCN(CC5)C(C)C,8.3
411,CHEMBL1964269,COc1cc(ccc1Nc2nc(Nc3ccsc3C(=O)N)c4cc[nH]c4n2)N5CCC(CC5)N6CCN(CC6)S(=O)(=O)C,8.3
412,CHEMBL3660999,COc1cc(ccc1Nc2ncc3C(C)Cc4nn(C)c(C(C)C)c4c3n2)C(=O)NC5CCN(C)CC5,8.3
413,CHEMBL3661000,COc1cc(ccc1Nc2ncc3CCc4nn(C)c(Cc5c(Cl)cccc5Cl)c4c3n2)C(=O)NC6CCN(C)CC6,8.3
414,CHEMBL3660911,COc1cc(ccc1Nc2ncc3CCc4nn(C)c(c5ccccc5)c4c3n2)C(=O)NC6CCN(CC6)C7CC7,8.3
415,CHEMBL3660910,COc1cc(ccc1Nc2ncc3CCc4nn(C)c(c5ccccc5)c4c3n2)C(=O)NC6CCN(CCO)CC6,8.3
416,CHEMBL3656538,COc1ccc(Cc2c3c(CCc4cnc(Nc5ccc(cc5OC)N6CCN(C)CC6)nc34)nn2C)cc1,8.3
417,CHEMBL3656681,COc1cccc(Cc2c3c(CCc4cnc(Nc5ccn(C)n5)nc34)nn2C)c1,8.3
418,CHEMBL3656684,COc1ccccc1Cc2c3c(CCc4cnc(Nc5ccn(CCN(C)C)n5)nc34)nn2C,8.3
419,CHEMBL3656687,Cn1nc2CCc3cnc(Nc4ccn(Cc5ccncc5)n4)nc3c2c1Cc6ccccc6Cl,8.3
420,CHEMBL1667945,Nc1nccn2c(nc(c3ccc4ccc(nc4c3F)c5ccccc5)c12)[C@@H]6CC[C@H](CC6)C(=O)Nc7ccccn7,8.3
421,CHEMBL1667942,Nc1nccn2c(nc(c3ccc4ccc(nc4c3F)c5ccccc5)c12)[C@@H]6CC[C@H](CC6)C(=O)Nc7ccn[nH]7,8.3
422,CHEMBL1667941,Nc1nccn2c(nc(c3ccc4ccc(nc4c3F)c5ccccc5)c12)[C@@H]6CC[C@H](CC6)C(=O)Nc7nncs7,8.3
423,CHEMBL3655749,O[C@@H]1C[C@H](N(C1)c2nc(Nc3cc(n[nH]3)C4CC4)c5cccn5n2)C(=O)Nc6nccs6,8.3
424,CHEMBL3787360,Nc1ncnc2c1c(cn2[C@@H]3C[C@H](CN4CC[S+]([O-])CC4)C3)c5cccc(OCC67CCC(CC6)O7)c5F,8.37
425,CHEMBL1256435,CN1CCN(CC1)[C@@H]2CC[C@H](CC2)n3nc(c4ccc(Nc5oc6c(Cl)cccc6n5)cc4Cl)c7c(N)ncnc37,8.39
426,CHEMBL3656678,CC(=O)N1CCC(CC1)n2cc(Nc3ncc4CCc5nn(C)c(Cc6cccc(C)c6)c5c4n3)cn2,8.4
427,CHEMBL3652840,CC1Cc2nn(C)c(c3ccccc3Cl)c2c4nc(Nc5cc(C)n(C)n5)ncc14,8.4
428,CHEMBL3652815,CCOc1cc(ccc1Nc2ncc3CCc4nn(C)c(Cc5ccccc5)c4c3n2)N6CCN(CC6)C(=O)C,8.4
429,CHEMBL3037909,CCOc1cc(nc2cc(ccc12)c3nc([C@@H]4C[C@](C)(O)C4)n5ccnc(N)c35)c6ccccc6,8.4
430,CHEMBL3660959,CN(C)CCNC(=O)c1cc2cccc(Nc3ncc4CCc5nn(C)c(Cc6ccccc6)c5c4n3)c2s1,8.4
431,CHEMBL564255,CN(C)CCNC(=O)c1ccc(cc1)c2cnc3[nH]cc(c4cccc(NC(=O)Nc5ccccc5Oc6ccccc6)c4)c3c2,8.4
432,CHEMBL542008,CN(C)CCNC(=O)c1cccc(c1)c2cnc3[nH]cc(c4cccc(NC(=O)Nc5ccccc5Oc6ccccc6)c4)c3c2,8.4
433,CHEMBL3656677,CN(C)CCn1ccc(Nc2ncc3CCc4nn(C)c(Cc5cccc(C)c5)c4c3n2)n1,8.4
434,CHEMBL3656673,CN(C)CCn1ccc(Nc2ncc3CCc4nn(C)c(Cc5ccccc5)c4c3n2)n1,8.4
435,CHEMBL3656676,COCCn1cc(Nc2ncc3CCc4nn(C)c(Cc5ccccc5C)c4c3n2)cn1,8.4
436,CHEMBL3656675,COCCn1ccc(Nc2ncc3CCc4nn(C)c(Cc5cccc(OC(F)F)c5)c4c3n2)n1,8.4
437,CHEMBL473254,COc1c(Nc2nc(Nc3cccc(F)c3C(=O)N)c4cc[nH]c4n2)ccc(N5CCN(CC5)C(C)C)c1F,8.4
438,CHEMBL1809059,COc1cc(ccc1Nc2ncc(Cl)c(n2)c3cnc4ccccn34)N5CC6CN(CCO)CC(C5)O6,8.4
439,CHEMBL3656624,COc1cc(ccc1Nc2ncc3CCc4nn(C)c(C(C)C)c4c3n2)C(=O)NC5CCN(C)CC5,8.4
440,CHEMBL3652850,COc1cc(ccc1Nc2ncc3CCc4nn(C)c(C(C)c5ccccc5)c4c3n2)N6CCN(C)CC6,8.4
441,CHEMBL3660905,COc1cc(ccc1Nc2ncc3CCc4nn(C)c(c5ccccc5)c4c3n2)C(=O)NCCCN(C)C,8.4
442,CHEMBL3660990,COc1cc(ccc1Nc2ncc3CCc4nn(C)c(c5ccccc5)c4c3n2)C(=O)N[C@@H]6CN7CCC6CC7,8.4
443,CHEMBL3660903,COc1cc(ccc1Nc2ncc3CCc4nn(C)c(c5ccccc5)c4c3n2)C(=O)N[C@H]6CN7CCC6CC7,8.4
444,CHEMBL3660972,COc1cc(ccc1Nc2ncc3CCc4nn(C)c(c5ccccc5C)c4c3n2)C(=O)NC6CCN(CC6)C7CCOCC7,8.4
445,CHEMBL3660969,COc1cc(ccc1Nc2ncc3CCc4nn(C)c(c5ccccc5C)c4c3n2)C(=O)NC6CCN(CCO)CC6,8.4
446,CHEMBL3660975,COc1cc(ccc1Nc2ncc3CCc4nn(C)c(c5ccccc5C)c4c3n2)C(=O)NC6CN(C)C6,8.4
447,CHEMBL3660928,COc1cc(ccc1Nc2ncc3CCc4nn(C)c(c5ccccc5Cl)c4c3n2)C(=O)NC6CCN(Cc7ccncc7)CC6,8.4
448,CHEMBL454796,COc1cc(ccc1Nc2nccc(n2)c3c(nc4ccccn34)c5cccc(c5)C(=O)Nc6c(F)cccc6F)N7CCC(CC7)N8C[C@@H](C)O[C@@H](C)C8,8.4
449,CHEMBL3037912,COc1cc(nc2c(F)c(ccc12)c3nc([C@@H]4C[C@](C)(O)C4)n5ccnc(N)c35)c6ccccc6,8.4
450,CHEMBL450919,COc1cc2CCN(C(=O)CCN3CCN(CC3)C(C)C)c2cc1Nc4nc(Nc5cccc(F)c5C(=O)N)c6cc[nH]c6n4,8.4
451,CHEMBL517729,COc1cc2CCN(C(=O)CN)c2cc1Nc3nc(Nc4cccc(F)c4C(=O)N)c5cc[nH]c5n3,8.4
452,CHEMBL2426288,COc1ccc(NC(=O)\C=C\CN(C)C)cc1Nc2ncc(Cl)c(n2)c3cnn4ccccc34,8.4
453,CHEMBL3656607,COc1ccc(c(Cl)c1)c2c3c(CCc4cnc(Nc5ccccc5)nc34)nn2C,8.4
454,CHEMBL516816,COc1ccc(cc1Nc2nc(Nc3cccc(F)c3C(=O)N)c4cc[nH]c4n2)N5CCN(CC5)C(C)C,8.4
455,CHEMBL3656671,COc1cccc(Cc2c3c(CCc4cnc(Nc5cnn(CCN(C)C)c5)nc34)nn2C)c1,8.4
456,CHEMBL577385,C[C@]1(CCCN1c2nc(Nc3cc([nH]n3)C4CC4)c5cccn5n2)C(=O)Nc6nccs6,8.4
457,CHEMBL3656674,Cn1cc(Nc2ncc3CCc4nn(C)c(c5ccccc5)c4c3n2)cn1,8.4
458,CHEMBL500003,Fc1cccc(F)c1NC(=O)c2cccc(c2)c3nc4ccccn4c3c5ccnc(Nc6ccc(CCN7CCOCC7)cc6)n5,8.4
459,CHEMBL1667947,Nc1ccccc1NC(=O)[C@@H]2CC[C@H](CC2)c3nc(c4ccc5ccc(nc5c4F)c6ccccc6)c7c(N)nccn37,8.4
460,CHEMBL1760058,COc1cc(Nc2nccc(Nc3cnc4ccccc4c3)n2)ccc1OCCCN5CCCCC5,8.42
461,CHEMBL1760041,COc1cc(Nc2nccc(Nc3ccc4ncccc4c3)n2)cc(OC)c1OC,8.48
462,CHEMBL473669,CCCN1CCC=C(C1)c2ccc(Nc3nc(Nc4cc(F)ccc4C(=O)N)c5cc[nH]c5n3)c(OC(C)C)c2,8.5
463,CHEMBL515602,CNC(=O)c1cc(F)ccc1Nc2nc(Nc3ccc(cc3OC)N4CCN(CC4)C(C)C)nc5[nH]ccc25,8.5
464,CHEMBL475286,COc1cc(N2CCN(CC2)C(C)C)c(OC)cc1Nc3nc(Nc4cccc(F)c4C(=O)N)c5cc[nH]c5n3,8.5
465,CHEMBL3397300,COc1cc(ccc1Nc2ncc(Cl)c(Nc3ccccc3P(=O)(C)C)n2)N4CCC(CC4)N(C)C,8.5
466,CHEMBL3656664,CC(=O)N1CCC(CC1)n2cc(Nc3ncc4CCc5nn(C)c(Cc6ccccc6)c5c4n3)cn2,8.52
467,CHEMBL3656670,CC(=O)N1CCC(CC1)n2cc(Nc3ncc4CCc5nn(C)c(c6ccc(OC(F)F)cc6)c5c4n3)cn2,8.52
468,CHEMBL3652839,CC(C)n1ccc(Nc2ncc3C(C)Cc4nn(C)c(c5ccccc5Cl)c4c3n2)n1,8.52
469,CHEMBL3652842,CC1Cc2nn(C)c(c3ccccc3Cl)c2c4nc(Nc5cc(C)nn5C)ncc14,8.52
470,CHEMBL3660907,CCN1CCC(CC1)NC(=O)c2ccc(Nc3ncc4CCc5nn(C)c(c6ccccc6)c5c4n3)c(OC)c2,8.52
471,CHEMBL3656665,CCn1ccc(Nc2ncc3CCc4nn(C)c(Cc5ccccc5)c4c3n2)n1,8.52
472,CHEMBL3656668,CN(C)CCn1ccc(Nc2ncc3CCc4nn(C)c(c5cccc(Cl)c5)c4c3n2)n1,8.52
473,CHEMBL3656666,CN(C)CCn1ccc(Nc2ncc3CCc4nn(C)c(c5ccccc5)c4c3n2)n1,8.52
474,CHEMBL3656663,COCCN(C)CCn1ccc(Nc2ncc3CCc4nn(C)c(c5ccccc5)c4c3n2)n1,8.52
475,CHEMBL3660979,COCCNC(=O)c1ccc(Nc2ncc3CCc4nn(C)c(c5ccccc5Cl)c4c3n2)c(OC)c1,8.52
476,CHEMBL3656669,COCCn1ccc(Nc2ncc3C(C)Cc4nn(C)c(c5ccccc5)c4c3n2)n1,8.52
477,CHEMBL3656661,COCCn1ccc(Nc2ncc3CCc4nn(C)c(c5sccc5C)c4c3n2)n1,8.52
478,CHEMBL3660940,COc1cc(ccc1Nc2ncc3C(C)Cc4nn(C)c(c5ccccc5Cl)c4c3n2)C(=O)N[C@@H]6CC[C@H](CC6)N7CCN(CC8CC8)CC7,8.52
479,CHEMBL3660908,COc1cc(ccc1Nc2ncc3CCc4nn(C)c(c5ccccc5)c4c3n2)C(=O)NC6CC7CC(C)CC(C6)N7,8.52
480,CHEMBL3660974,COc1cc(ccc1Nc2ncc3CCc4nn(C)c(c5ccccc5C)c4c3n2)C(=O)NCCCN(C)C,8.52
481,CHEMBL3660968,COc1cc(ccc1Nc2ncc3CCc4nn(C)c(c5ccccc5C)c4c3n2)C(=O)NCCN(C)C,8.52
482,CHEMBL3660929,COc1cc(ccc1Nc2ncc3CCc4nn(C)c(c5ccccc5Cl)c4c3n2)C(=O)NC6CC(C6)N7CCN(CCF)CC7,8.52
483,CHEMBL3660962,COc1cc(ccc1Nc2ncc3CCc4nn(C)c(c5ccccc5Cl)c4c3n2)C(=O)NC6CCN(CC(=O)N)CC6,8.52
484,CHEMBL3660931,COc1cc(ccc1Nc2ncc3CCc4nn(C)c(c5ccccc5Cl)c4c3n2)C(=O)NC6CCN(CC7CC7)CC6,8.52
485,CHEMBL3660930,COc1cc(ccc1Nc2ncc3CCc4nn(C)c(c5ccccc5Cl)c4c3n2)C(=O)NC6CCN(Cc7cccnc7)CC6,8.52
486,CHEMBL3652816,COc1cc(ccc1Nc2ncc3CCc4nn(C)c(c5ccccc5Cl)c4c3n2)N6CCN(CC6)C(=O)C,8.52
487,CHEMBL3656636,COc1cc(ccc1Nc2ncc3CCc4nn(C)c(c5ccsc5)c4c3n2)N6CCN(C)CC6,8.52
488,CHEMBL447639,COc1cc(ccc1Nc2nccc(n2)c3c(nc4ccccn34)c5cccc(c5)C(=O)Nc6c(F)cccc6F)N7CCC(CC7)N8CCN(CC8)C(=O)C,8.52
489,CHEMBL3656672,COc1ccc(cc1)c2c3c(CCc4cnc(Nc5cnn(C)c5)nc34)nn2C,8.52
490,CHEMBL575447,C[C@]1(CCCN1c2nc(Nc3cc([nH]n3)C4CC4)c5cccn5n2)C(=O)Nc6cnccn6,8.52
491,CHEMBL3656662,Cn1nc2CCc3cnc(Nc4ccn(CCN5CCCC5)n4)nc3c2c1c6ccccc6,8.52
492,CHEMBL3655761,F[C@H]1C[C@H](N(C1)c2nc(Nc3cc(n[nH]3)C4CC4)c5cccn5n2)C(=O)Nc6ncns6,8.52
493,CHEMBL3655755,O[C@H]1C[C@H](N(C1)c2nc(Nc3cc(n[nH]3)C4CC4)c5cccn5n2)C(=O)Nc6ncns6,8.52
494,CHEMBL509032,COc1cc(ccc1Nc2ncc(Cl)c(Nc3ccccc3S(=O)(=O)C(C)C)n2)N4CCC(CC4)N5CCN(C)CC5,8.57
495,CHEMBL1222709,Fc1ccc(NC(=O)[C@@H]2CCCN2c3nc(Nc4cc([nH]n4)C5CC5)c6cccn6n3)cn1,8.57
496,CHEMBL1760036,COc1cc(Nc2nccc(Nc3ccc4ccccc4c3)n2)cc(OC)c1OC,8.66
497,CHEMBL3655754,CC1(CC1)c2cc(Nc3nc(nn4cccc34)N5C[C@@H](O)C[C@H]5C(=O)Nc6cnccn6)[nH]n2,8.7
498,CHEMBL3661003,CC1Cc2nn(C)c(Cc3ccccc3Cl)c2c4nc(Nc5cnn(c5)C6CCNCC6)ncc14,8.7
499,CHEMBL3656659,CC1Cc2nn(C)c(c3ccccc3)c2c4nc(Nc5ccn(CCN(C)C)n5)ncc14,8.7
500,CHEMBL464757,CCN(CC)CC(=O)N1CCc2cc(OC)c(Nc3nc(Nc4cccc(F)c4C(=O)N)c5cc[nH]c5n3)cc12,8.7
501,CHEMBL3661015,CCOc1cc(ccc1Nc2ncc3CCc4nn(C)c(Cc5ccccc5)c4c3n2)N6CCN(CC6)C(=O)N(C)C,8.7
502,CHEMBL3652829,CCn1ccc(Nc2ncc3CCc4nn(C)c(c5ccccc5Cl)c4c3n2)n1,8.7
503,CHEMBL447668,CN(C)CCCc1ccc(Nc2nccc(n2)c3c(nc4ccccn34)c5cccc(c5)C(=O)Nc6c(F)cccc6F)cc1,8.7
504,CHEMBL3656660,CN(C)CCn1ccc(Nc2ncc3CCc4nn(C)c(Cc5cccc6ccccc56)c4c3n2)n1,8.7
505,CHEMBL3656654,CN(C)CCn1ccc(Nc2ncc3CCc4nn(C)c(c5sccc5C)c4c3n2)n1,8.7
506,CHEMBL3660953,CN1CCC(CC1)NC(=O)c2ccc(Nc3ncc4CCc5nn(C)c(Cc6ccccc6)c5c4n3)c(Cl)c2,8.7
507,CHEMBL461018,CNCC(=O)N1CCc2cc(OC)c(Nc3nc(Nc4cccc(F)c4C(=O)N)c5cc[nH]c5n3)cc12,8.7
508,CHEMBL3660918,COCCN1CCC(CC1)NC(=O)c2ccc(Nc3ncc4CCc5nn(C)c(c6ccccc6Cl)c5c4n3)c(OC)c2,8.7
509,CHEMBL3656655,COCCn1cc(Nc2ncc3CCc4nn(C)c(c5sccc5C)c4c3n2)cn1,8.7
510,CHEMBL3656657,COCCn1ccc(Nc2ncc3CCc4nn(C)c(Cc5ccccc5Cl)c4c3n2)n1,8.7
511,CHEMBL3655753,CO[C@H]1C[C@H](N(C1)c2nc(Nc3cc(n[nH]3)C4CC4)c5cccn5n2)C(=O)Nc6ncns6,8.7
512,CHEMBL2426277,COc1cc(N2CCN(C)CC2)c(NC(=O)C=C)cc1Nc3ncc(Cl)c(n3)c4cnn5ccccc45,8.7
513,CHEMBL475884,COc1cc(N2CCN(CC2)C(C)C)c(C)cc1Nc3nc(Nc4cccc(F)c4C(=O)N)c5cc[nH]c5n3,8.7
514,CHEMBL475883,COc1cc(N2CCN(CC2)C(C)C)c(F)cc1Nc3nc(Nc4cccc(F)c4C(=O)N)c5cc[nH]c5n3,8.7
515,CHEMBL3656557,COc1cc(OCCN2CCCC2)ccc1Nc3ncc4CCc5nn(C)c(c6ccc(C)cc6C)c5c4n3,8.7
516,CHEMBL3656617,COc1cc(OCCN2CCCC2)ccc1Nc3ncc4CCc5nn(C)c(c6ccc(F)cc6Cl)c5c4n3,8.7
517,CHEMBL507625,COc1cc(ccc1Nc2nc(Nc3cccc(F)c3C(=O)N)c4cc[nH]c4n2)N5CCN(CC5)C(C)C,8.7
518,CHEMBL3660935,COc1cc(ccc1Nc2ncc3C(C)Cc4nn(C)c(c5ccccc5Cl)c4c3n2)C(=O)NC6CCN(CC7CC7)CC6,8.7
519,CHEMBL3660943,COc1cc(ccc1Nc2ncc3C(C)Cc4nn(C)c(c5ccccc5Cl)c4c3n2)C(=O)N[C@@H]6CCC(C6)C7CCOCC7,8.7
520,CHEMBL3660938,COc1cc(ccc1Nc2ncc3C(C)Cc4nn(C)c(c5ccccc5Cl)c4c3n2)C(=O)N[C@@H]6CC[C@H](CC6)N7CCOCC7,8.7
521,CHEMBL3652848,COc1cc(ccc1Nc2ncc3CCc4nn(C)c(Cc5ccccc5)c4c3n2)C(=O)NC6CCN(C)CC6,8.7
522,CHEMBL3656560,COc1cc(ccc1Nc2ncc3CCc4nn(C)c(c5ccc(C)cc5C)c4c3n2)C(=O)NC6CCN(C)CC6,8.7
523,CHEMBL3656621,COc1cc(ccc1Nc2ncc3CCc4nn(C)c(c5ccc(F)cc5Cl)c4c3n2)C(=O)NC6CCN(C)CC6,8.7
524,CHEMBL3656616,COc1cc(ccc1Nc2ncc3CCc4nn(C)c(c5cccc(C)c5Cl)c4c3n2)C(=O)NC6CCN(C)CC6,8.7
525,CHEMBL3660966,COc1cc(ccc1Nc2ncc3CCc4nn(C)c(c5ccccc5)c4c3n2)C(=O)NC6CN(C)C6,8.7
526,CHEMBL3652825,COc1cc(ccc1Nc2ncc3CCc4nn(C)c(c5ccccc5)c4c3n2)N6CCN(C)CC6,8.7
527,CHEMBL3656545,COc1cc(ccc1Nc2ncc3CCc4nn(C)c(c5ccccc5C)c4c3n2)C(=O)NC6CCN(C)CC6,8.7
528,CHEMBL3660933,COc1cc(ccc1Nc2ncc3CCc4nn(C)c(c5ccccc5Cl)c4c3n2)C(=O)NC6CC(C6)N7CCOCC7,8.7
529,CHEMBL3660921,COc1cc(ccc1Nc2ncc3CCc4nn(C)c(c5ccccc5Cl)c4c3n2)C(=O)NC6CCC(CC6)N(C)C,8.7
530,CHEMBL3660917,COc1cc(ccc1Nc2ncc3CCc4nn(C)c(c5ccccc5Cl)c4c3n2)C(=O)NC6CCN(CC6)C7CC7,8.7
531,CHEMBL3660927,COc1cc(ccc1Nc2ncc3CCc4nn(C)c(c5ccccc5Cl)c4c3n2)C(=O)NCC(=O)N6CCN(C)CC6,8.7
532,CHEMBL3660924,COc1cc(ccc1Nc2ncc3CCc4nn(C)c(c5ccccc5Cl)c4c3n2)C(=O)NCCN6CCOCC6,8.7
533,CHEMBL3660920,COc1cc(ccc1Nc2ncc3CCc4nn(C)c(c5ccccc5Cl)c4c3n2)C(=O)N[C@@H]6CCN(C6)C7CCN(C)CC7,8.7
534,CHEMBL3660963,COc1cc(ccc1Nc2ncc3CCc4nn(C)c(c5ccccc5Cl)c4c3n2)C(=O)N[C@@H]6CCN(C6)C7CCOCC7,8.7
535,CHEMBL3660978,COc1cc(ccc1Nc2ncc3CCc4nn(C)c(c5ccccc5Cl)c4c3n2)C(=O)N[C@@H]6CC[C@H](CC6)N7CCN(CC8CC8)CC7,8.7
536,CHEMBL502198,COc1cc(ccc1Nc2nccc(n2)c3c(nc4ccccn34)c5cccc(c5)C(=O)Nc6c(F)cccc6F)N7CCC(CC7)N8CCCC8,8.7
537,CHEMBL506862,COc1cc(ccc1Nc2nccc(n2)c3c(nc4ccccn34)c5cccc(c5)C(=O)Nc6c(F)cccc6F)N7CCC(CC7)N8CCCCC8,8.7
538,CHEMBL502652,COc1cc(ccc1Nc2nccc(n2)c3c(nc4ccccn34)c5cccc(c5)C(=O)Nc6c(F)cccc6F)N7CCC(CC7)N8CCOCC8,8.7
539,CHEMBL508627,COc1cc(ccc1Nc2nccc(n2)c3c(nc4ccccn34)c5cccc(c5)C(=O)Nc6c(F)cccc6F)N7CCC(CC7)N8CC[C@@H](F)C8,8.7
540,CHEMBL3652865,COc1ccccc1Cc2c3c(CCc4cnc(Nc5ccc(cc5OC)C(=O)NC6CCN(C)CC6)nc34)nn2C,8.7
541,CHEMBL3656653,Cc1ccsc1c2c3c(CCc4cnc(Nc5ccccc5)nc34)nn2C,8.7
542,CHEMBL3655759,Cc1nnn(n1)[C@H]2C[C@H](N(C2)c3nc(Nc4cc(n[nH]4)C5CC5)c6cccn6n3)C(=O)Nc7ccc(F)nc7,8.7
543,CHEMBL3652820,Cn1nc2CCc3cnc(Nc4ccccc4)nc3c2c1c5ccccc5Cl,8.7
544,CHEMBL3656656,Cn1nc2CCc3cnc(Nc4ccn(CCN5CCOCC5)n4)nc3c2c1c6ccccc6,8.7
545,CHEMBL3652822,Cn1nccc1Nc2ncc3CCc4nn(C)c(c5ccccc5Cl)c4c3n2,8.7
546,CHEMBL3655757,F[C@@H]1C[C@H](N(C1)c2nc(Nc3cc(n[nH]3)C4CC4)c5cccn5n2)C(=O)Nc6ncns6,8.7
547,CHEMBL453438,Fc1cccc(F)c1NC(=O)c2cccc(c2)c3nc4ccccn4c3c5ccnc(Nc6ccc(cc6)N7CCC(CC7)N8CCCCC8)n5,8.7
548,CHEMBL1667943,Nc1nccn2c(nc(c3ccc4ccc(nc4c3F)c5ccccc5)c12)[C@@H]6CC[C@H](CC6)C(=O)Nc7nccs7,8.7
549,CHEMBL584355,O=C(Nc1nccs1)[C@@H]2CCCN2c3nc(Nc4cc([nH]n4)C5CC5)c6cccn6n3,8.7
550,CHEMBL3655747,O[C@H]1C[C@H](N(C1)c2nc(Nc3cc(n[nH]3)C4CC4)c5cccn5n2)C(=O)Nc6cnccn6,8.7
551,CHEMBL3822672,COc1cc(ccc1Nc2ncc(Cl)c(Nc3ccccc3S(=O)(=O)N(C)C)n2)N4CCC(CC4)N5CCN(C)CC5,8.71
552,CHEMBL3824304,COc1cc(ccc1Nc2ncc(Cl)c(Nc3ccccc3S(=O)(=O)C(C)C)n2)P(=O)(C)C,8.72
553,CHEMBL1964272,CCCN1CCC=C(C1)c2ccc(Nc3nc(Nc4ccccc4C(=O)N)c5cc[nH]c5n3)c(F)c2,8.8
554,CHEMBL476451,CCCN1CCC=C(C1)c2ccc(Nc3nc(Nc4ccccc4C(=O)N)c5cc[nH]c5n3)cc2,8.8
555,CHEMBL476059,CCCN1CCN(CC1)c2ccc(Nc3nc(Nc4cc(F)ccc4C(=O)N)c5cc[nH]c5n3)c(OC)c2,8.8
556,CHEMBL514615,COc1cc(N2CCN(CC2)C(C)C)c(Cl)cc1Nc3nc(Nc4cccc(F)c4C(=O)N)c5cc[nH]c5n3,8.8
557,CHEMBL477950,COc1cc(ccc1Nc2nc(Nc3cc(F)ccc3C(=O)N)c4cc[nH]c4n2)N5CCOCC5,8.8
558,CHEMBL514718,COc1cc(ccc1Nc2nc(Nc3ccsc3C(=O)N)c4cc[nH]c4n2)N5CCN(CC5)C(C)C,8.8
559,CHEMBL3824246,COc1cc(ccc1Nc2ncc(Cl)c(Nc3ccccc3C(=O)N)n2)N4CCC(CC4)N5CCN(C)CC5,8.85
560,CHEMBL3824301,COc1cc(ccc1Nc2ncc(Cl)c(Nc3ccccc3C(=O)C)n2)N4CCC(CC4)N5CCN(C)CC5,8.88
561,CHEMBL515846,CCCN1CCC(CC1)c2ccc(Nc3nc(Nc4ccsc4C(=O)N)c5cc[nH]c5n3)c(OC)c2,8.89
562,CHEMBL463932,COc1cc(ccc1Nc2nc(Nc3ccc(F)c(F)c3C(=O)N)c4cc[nH]c4n2)N5CCN(CC5)C(C)C,8.89
563,CHEMBL3655756,CC1(CC1)c2cc(Nc3nc(nn4cccc34)N5C[C@@H](O)C[C@H]5C(=O)Nc6ncns6)[nH]n2,9.0
564,CHEMBL3661012,CC1Cc2nn(C)c(Cc3ccccc3Cl)c2c4nc(Nc5cnn(c5)C6CCN(CC6)C7CCN(CC7)C(=O)C)ncc14,9.0
565,CHEMBL3661011,CC1Cc2nn(C)c(Cc3ccccc3Cl)c2c4nc(Nc5cnn(c5)C6CCN(CC6)C7CCOCC7)ncc14,9.0
566,CHEMBL3661013,CC1Cc2nn(C)c(Cc3ccccc3Cl)c2c4nc(Nc5cnn(c5)C6CCN(CCO)CC6)ncc14,9.0
567,CHEMBL3656651,CC1Cc2nn(C)c(c3ccccc3)c2c4nc(Nc5cnn(c5)C6CCN(CC6)C(=O)C)ncc14,9.0
568,CHEMBL3652841,CC1Cc2nn(C)c(c3ccccc3Cl)c2c4nc(Nc5ccn(C)n5)ncc14,9.0
569,CHEMBL3660936,CCN1CCC(CC1)NC(=O)c2ccc(Nc3ncc4C(C)Cc5nn(C)c(c6ccccc6Cl)c5c4n3)c(OC)c2,9.0
570,CHEMBL3661010,CCN1CCN(CC1)c2ccc(Nc3ncc4CCc5nn(C)c(Cc6cccc(Cl)c6)c5c4n3)c(OC)c2,9.0
571,CHEMBL448668,CN(C)CCOc1cccc(Nc2nccc(n2)c3c(nc4ccccn34)c5cccc(c5)C(=O)Nc6c(F)cccc6F)c1,9.0
572,CHEMBL500198,CN(C)C[C@H](O)COc1cccc(Nc2nccc(n2)c3c(nc4ccccn34)c5cccc(c5)C(=O)Nc6c(F)cccc6F)c1,9.0
573,CHEMBL3656650,CN1CCN(CCn2ccc(Nc3ncc4CCc5nn(C)c(c6ccccc6)c5c4n3)n2)CC1,9.0
574,CHEMBL3660937,COCCN1CCC(CC1)NC(=O)c2ccc(Nc3ncc4C(C)Cc5nn(C)c(c6ccccc6Cl)c5c4n3)c(OC)c2,9.0
575,CHEMBL3656652,COCCn1ccc(Nc2ncc3CCc4nn(C)c(Cc5ccccc5C)c4c3n2)n1,9.0
576,CHEMBL3656634,COCCn1ccc(Nc2ncc3[C@H](C)Cc4nn(C)c(c5ccccc5)c4c3n2)n1,9.0
577,CHEMBL3655750,CO[C@@H]1C[C@H](N(C1)c2nc(Nc3cc(n[nH]3)C4CC4)c5cccn5n2)C(=O)Nc6ccc(F)nc6,9.0
578,CHEMBL3655752,CO[C@H]1C[C@H](N(C1)c2nc(Nc3cc(n[nH]3)C4CC4)c5cccn5n2)C(=O)Nc6ccc(F)nc6,9.0
579,CHEMBL3656612,COc1cc(OCCN2CCCC2)ccc1Nc3ncc4CCc5nn(C)c(c6cccc(C)c6Cl)c5c4n3,9.0
580,CHEMBL3656542,COc1cc(OCCN2CCCC2)ccc1Nc3ncc4CCc5nn(C)c(c6ccccc6C)c5c4n3,9.0
581,CHEMBL514828,COc1cc(ccc1Nc2nc(Nc3ccccc3C(=O)N)c4cc[nH]c4n2)N5CCN(CC5)C(C)C,9.0
582,CHEMBL3656623,COc1cc(ccc1Nc2ncc3C(C)Cc4nn(C)c(c5ccccc5Cl)c4c3n2)C(=O)NC6CCN(C)CC6,9.0
583,CHEMBL3660934,COc1cc(ccc1Nc2ncc3C(C)Cc4nn(C)c(c5ccccc5Cl)c4c3n2)C(=O)NC6CCN(CC6)C(C)(C)C,9.0
584,CHEMBL3660941,COc1cc(ccc1Nc2ncc3C(C)Cc4nn(C)c(c5ccccc5Cl)c4c3n2)C(=O)NC6CCN(CC6)C7CCOCC7,9.0
585,CHEMBL3660939,COc1cc(ccc1Nc2ncc3C(C)Cc4nn(C)c(c5ccccc5Cl)c4c3n2)C(=O)NC6CCN(CCO)CC6,9.0
586,CHEMBL3660942,COc1cc(ccc1Nc2ncc3C(C)Cc4nn(C)c(c5ccccc5Cl)c4c3n2)C(=O)NC6CN(C)C6,9.0
587,CHEMBL3661008,COc1cc(ccc1Nc2ncc3CCc4nn(C)c(Cc5cccc(Cl)c5)c4c3n2)N6CCN(CC6)C7CCN(CC7)C(=O)C,9.0
588,CHEMBL3661007,COc1cc(ccc1Nc2ncc3CCc4nn(C)c(Cc5cccc(Cl)c5)c4c3n2)N6CCN(CC6)C7CCOCC7,9.0
589,CHEMBL3652849,COc1cc(ccc1Nc2ncc3CCc4nn(C)c(Cc5ccccc5)c4c3n2)N6CCN(C)CC6,9.0
590,CHEMBL3656559,COc1cc(ccc1Nc2ncc3CCc4nn(C)c(c5ccc(C)cc5C)c4c3n2)N6CCN(C)CC6,9.0
591,CHEMBL3656619,COc1cc(ccc1Nc2ncc3CCc4nn(C)c(c5ccc(F)cc5Cl)c4c3n2)N6CCN(C)CC6,9.0
592,CHEMBL3656614,COc1cc(ccc1Nc2ncc3CCc4nn(C)c(c5cccc(C)c5Cl)c4c3n2)N6CCN(C)CC6,9.0
593,CHEMBL3660919,COc1cc(ccc1Nc2ncc3CCc4nn(C)c(c5ccccc5Cl)c4c3n2)C(=O)NC6CC(C6)N7CCCC7,9.0
594,CHEMBL3660932,COc1cc(ccc1Nc2ncc3CCc4nn(C)c(c5ccccc5Cl)c4c3n2)C(=O)NC6CC(C6)N7CCN(C)CC7,9.0
595,CHEMBL3660926,COc1cc(ccc1Nc2ncc3CCc4nn(C)c(c5ccccc5Cl)c4c3n2)C(=O)NC6CCN(CC6)C(C)(C)C,9.0
596,CHEMBL3660914,COc1cc(ccc1Nc2ncc3CCc4nn(C)c(c5ccccc5Cl)c4c3n2)C(=O)NC6CCN(CC6)C7CCOCC7,9.0
597,CHEMBL3660922,COc1cc(ccc1Nc2ncc3CCc4nn(C)c(c5ccccc5Cl)c4c3n2)C(=O)NCC(C)(C)CN(C)C,9.0
598,CHEMBL3660925,COc1cc(ccc1Nc2ncc3CCc4nn(C)c(c5ccccc5Cl)c4c3n2)C(=O)NCC6CCN(C)CC6,9.0
599,CHEMBL3660977,COc1cc(ccc1Nc2ncc3CCc4nn(C)c(c5ccccc5Cl)c4c3n2)C(=O)NCCN(C)C,9.0
600,CHEMBL3660923,COc1cc(ccc1Nc2ncc3CCc4nn(C)c(c5ccccc5Cl)c4c3n2)C(=O)N[C@H]6CCCN(C6)C7CCOCC7,9.0
601,CHEMBL3660998,COc1cc(ccc1Nc2ncc3CCc4nn(C)c(c5sccc5C)c4c3n2)C(=O)NC6CCN(C)CC6,9.0
602,CHEMBL461876,COc1cc2CCN(C(=O)CN(C)C)c2cc1Nc3nc(Nc4cccc(F)c4C(=O)N)c5cc[nH]c5n3,9.0
603,CHEMBL465168,COc1cc2CCN(C(=O)CN3CCC3)c2cc1Nc4nc(Nc5cccc(F)c5C(=O)N)c6cc[nH]c6n4,9.0
604,CHEMBL3652862,COc1ccccc1Cc2c3c(CCc4cnc(Nc5ccc(OCCN6CCCC6)cc5OC)nc34)nn2C,9.0
605,CHEMBL3652864,COc1ccccc1Cc2c3c(CCc4cnc(Nc5ccc(cc5OC)N6CCN(C)CC6)nc34)nn2C,9.0
606,CHEMBL3656649,Cc1ccsc1c2c3c(CCc4cnc(Nc5cnn(C)c5)nc34)nn2C,9.0
607,CHEMBL3639546,O[C@H]1C[C@H](N(C1)c2nc(Nc3cc(n[nH]3)C4CC4)c5cccn5n2)C(=O)Nc6cccnc6,9.0
608,CHEMBL3656544,COc1cc(ccc1Nc2ncc3CCc4nn(C)c(c5ccccc5C)c4c3n2)N6CCN(C)CC6,9.04
609,CHEMBL458865,COc1cc(ccc1Nc2nc(Nc3ccc(F)cc3C(=O)N)c4cc[nH]c4n2)N5CCN(CC5)C(C)C,9.05
610,CHEMBL3656578,COc1cc(ccc1Nc2ncc3CCc4nn(C)c(c5ccccc5Cl)c4c3n2)C(=O)NC6CCN(C)CC6,9.06
611,CHEMBL3660980,COc1cc(ccc1Nc2ncc3CCc4nn(C)c(c5ccccc5Cl)c4c3n2)C(=O)NC6CN(C)C6,9.06
612,CHEMBL476044,CCCN1CCC=C(C1)c2ccc(Nc3nc(Nc4cc(F)ccc4C(=O)N)c5cc[nH]c5n3)c(OC)c2,9.1
613,CHEMBL3656562,COc1cc(OCCN2CCCC2)ccc1Nc3ncc4C(C)Cc5nn(C)c(c6ccccc6Cl)c5c4n3,9.1
614,CHEMBL464971,COc1cc(ccc1Nc2nc(Nc3cc(F)cc(F)c3C(=O)N)c4cc[nH]c4n2)N5CCN(CC5)C(C)C,9.1
615,CHEMBL459069,COc1cc(ccc1Nc2nc(Nc3cc(F)ccc3C(=O)N)c4cc[nH]c4n2)N5CCN(CC5)C(C)C,9.1
616,CHEMBL458415,COc1cc2CCN(C(=O)CN(C)C)c2cc1Nc3nc(N4CCc5ccccc45)c6cc[nH]c6n3,9.1
617,CHEMBL3822475,COc1cc(ccc1Nc2ncc(Cl)c(Nc3ccccc3S(=O)(=O)C)n2)N4CCC(CC4)N5CCN(C)CC5,9.12
618,CHEMBL3660913,COc1cc(ccc1Nc2ncc3CCc4nn(C)c(c5ccccc5Cl)c4c3n2)C(=O)NCCCN(C)C,9.13
619,CHEMBL3656648,COCCn1cc(Nc2ncc3CCc4nn(C)c(c5sccc5Cl)c4c3n2)cn1,9.16
620,CHEMBL3652847,COc1cc(ccc1Nc2ncc3CCc4nn(C)c([C@@H](C)c5ccccc5)c4c3n2)N6CCN(C)CC6,9.16
621,CHEMBL514258,COc1cc2CCN(C(=O)CN(C)C)c2cc1Nc3nc(Nc4cccnc4C(=O)N)c5cc[nH]c5n3,9.16
622,CHEMBL3661002,CCOc1cc(ccc1Nc2ncc3CCc4nn(C)c(Cc5ccccc5)c4c3n2)N6CCNCC6,9.2
623,CHEMBL3656644,CC(=O)N1CCC(CC1)n2cc(Nc3ncc4CCc5nn(C)c(c6sccc6C)c5c4n3)cn2,9.22
624,CHEMBL514868,CCCN1CCC=C(C1)c2ccc(Nc3nc(Nc4ccccc4C(=O)N)c5cc[nH]c5n3)c(OC)c2,9.22
625,CHEMBL3656646,CCn1ccc(Nc2ncc3CCc4nn(C)c(c5sccc5Cl)c4c3n2)n1,9.22
626,CHEMBL3656633,COCCN1CCN(CCn2ccc(Nc3ncc4CCc5nn(C)c(c6ccccc6)c5c4n3)n2)CC1,9.22
627,CHEMBL3656645,COCCn1ccc(Nc2ncc3CCc4nn(C)c(c5sccc5Cl)c4c3n2)n1,9.22
628,CHEMBL3656632,Cn1nc2CCc3cnc(Nc4ccn(CCN5CCN(CCO)CC5)n4)nc3c2c1c6ccccc6,9.22
629,CHEMBL3656647,Cn1nc2CCc3cnc(Nc4ccn(CCN5CCNCC5)n4)nc3c2c1c6ccccc6,9.22
630,CHEMBL3660954,CCOc1cc(ccc1Nc2ncc3CCc4nn(C)c(Cc5ccccc5)c4c3n2)C(=O)NC6CN(C)C6,9.24
631,CHEMBL3660915,COc1cc(ccc1Nc2ncc3CCc4nn(C)c(c5ccccc5Cl)c4c3n2)C(=O)NC6CCN(CCO)CC6,9.27
632,CHEMBL3656643,CC(=O)N1CCC(CC1)n2cc(Nc3ncc4CCc5nn(C)c(Cc6ccccc6C)c5c4n3)cn2,9.3
633,CHEMBL3656642,CN(C)CCn1ccc(Nc2ncc3CCc4nn(C)c(c5sccc5Cl)c4c3n2)n1,9.3
634,CHEMBL511765,COc1cc(C)c(NC(=O)CN(C)C)cc1Nc2nc(Nc3cccc(F)c3C(=O)N)c4cc[nH]c4n2,9.3
635,CHEMBL475073,COc1cc(ccc1Nc2nc(Nc3cc(F)c(F)cc3C(=O)N)c4cc[nH]c4n2)N5CCN(CC5)C(C)C,9.3
636,CHEMBL3661009,COc1cc(ccc1Nc2ncc3CCc4nn(C)c(Cc5cccc(Cl)c5)c4c3n2)N6CCN(CC6)C(C)C,9.3
637,CHEMBL3656606,COc1ccc(c(Cl)c1)c2c3c(CCc4cnc(Nc5ccc(OCCN6CCCC6)cc5OC)nc34)nn2C,9.3
638,CHEMBL3824326,COc1cc(ccc1Nc2ncc(Cl)c(Nc3ccccc3C(=O)C)n2)P(=O)(C)C,9.33
639,CHEMBL3661004,CCOc1cc(ccc1Nc2ncc3CCc4nn(C)c(Cc5ccccc5)c4c3n2)N6CCN(CC6)C7CCOCC7,9.37
640,CHEMBL477069,CCCN1CCCC(C1)c2ccc(Nc3nc(Nc4cc(F)ccc4C(=O)N)c5cc[nH]c5n3)c(OC)c2,9.4
641,CHEMBL3656640,CN(C)C1CCN(CCn2ccc(Nc3ncc4CCc5nn(C)c(c6ccccc6)c5c4n3)n2)CC1,9.4
642,CHEMBL3823256,COc1cc(ccc1Nc2ncc(Cl)c(Nc3ccccc3S(=O)(=O)C)n2)P(=O)(C)C,9.4
643,CHEMBL3660997,COc1cc(ccc1Nc2ncc3CCc4nn(C)c(Cc5ccccc5Cl)c4c3n2)C(=O)NC6CCN(C)CC6,9.4
644,CHEMBL3656609,COc1ccc(c(Cl)c1)c2c3c(CCc4cnc(Nc5ccc(cc5OC)C(=O)NC6CCN(C)CC6)nc34)nn2C,9.4
645,CHEMBL3656641,COc1ccc(cc1)c2c3c(CCc4cnc(Nc5cnn(c5)C6CCN(CC6)C(=O)C)nc34)nn2C,9.4
646,CHEMBL3656639,Cn1nc2CCc3cnc(Nc4ccccc4)nc3c2c1c5sccc5Cl,9.4
647,CHEMBL3661005,CCOc1cc(ccc1Nc2ncc3CCc4nn(C)c(Cc5ccccc5)c4c3n2)N6CCN(C)CC6,9.51
648,CHEMBL476259,CCCN1CCC(CC1)c2ccc(Nc3nc(Nc4cc(F)ccc4C(=O)N)c5cc[nH]c5n3)c(OC)c2,9.52
649,CHEMBL3656638,CCn1ccc(Nc2ncc3CCc4nn(C)c(c5sccc5C)c4c3n2)n1,9.52
650,CHEMBL3660996,COc1cc(ccc1Nc2ncc3CCc4nn(C)c(c5sccc5Cl)c4c3n2)C(=O)NC6CCN(C)CC6,9.52
651,CHEMBL3656608,COc1ccc(c(Cl)c1)c2c3c(CCc4cnc(Nc5ccc(cc5OC)N6CCN(C)CC6)nc34)nn2C,9.52
652,CHEMBL3639555,Cn1cc(Nc2ncc3CCc4nn(C)c(c5sccc5Cl)c4c3n2)cn1,9.52
653,CHEMBL3660916,COc1cc(ccc1Nc2ncc3CCc4nn(C)c(c5ccccc5Cl)c4c3n2)C(=O)N[C@@H]6CC[C@H](CC6)N7CCOCC7,9.57
654,CHEMBL3661006,CCOc1cc(ccc1Nc2ncc3CCc4nn(C)c(Cc5ccccc5)c4c3n2)N6CCN(CC6)C(C)C,9.59
655,CHEMBL3656635,CC(=O)N1CCC(CC1)n2cc(Nc3ncc4CCc5nn(C)c(c6sccc6Cl)c5c4n3)cn2,9.7
656,CHEMBL3656637,COCCn1ccc(Nc2ncc3CCc4nn(C)c(c5ccc(Cl)cc5)c4c3n2)n1,9.7
657,CHEMBL463931,COc1cc2c(cc1Nc3nc(Nc4ccsc4C(=O)N)c5cc[nH]c5n3)N(CCC2(C)C)C(=O)CN(C)C,9.7
658,CHEMBL3656563,COc1cc(ccc1Nc2ncc3C(C)Cc4nn(C)c(c5ccccc5Cl)c4c3n2)N6CCN(C)CC6,9.72
659,CHEMBL3656576,COc1cc(ccc1Nc2ncc3CCc4nn(C)c(c5ccccc5Cl)c4c3n2)N6CCN(C)CC6,9.72
660,CHEMBL3652826,COc1cc(OCCN2CCCC2)ccc1Nc3ncc4CCc5nn(C)c(c6ccccc6Cl)c5c4n3,9.75
661,CHEMBL3823268,COc1cc(ccc1Nc2ncc(Cl)c(Nc3ccccc3C(=O)N)n2)P(=O)(C)C,9.96
