,molecule_chembl_id,canonical_smiles,pchembl_value
0,CHEMBL591174,CN1CCCN(CC1)c2cc(C(=O)Nc3ccc4CCc5c(nn(c6ccc(F)cc6)c5c4c3)C(=O)N)c(Cl)cn2,7.54
1,CHEMBL249902,Cc1cnc2c(NCCN)nc3cc(sc3n12)c4cocc4,7.54
2,CHEMBL1807624,FCCCCCNc1ccc2ncc(c3ccc(C(=O)NC[C@@H]4C[C@@H](F)CN4)c(F)c3)n2n1,7.54
3,CHEMBL1923982,CNc1nc2[nH]c(cc2c3c1ncn3C)c4cccc(CNC(=O)c5csnn5)n4,7.55
4,CHEMBL505943,CNc1nc2sc(SC)nc2c3c1ncn3C,7.55
5,CHEMBL2375674,CNc1nc2sc(nc2c3c1ncn3C)c4ccc(SC)cc4,7.55
6,CHEMBL1642550,CNc1nc2sc(nc2c3c1ncn3C)c4cccc(c4)[C@@H](C)NC(=O)C,7.55
7,CHEMBL1642560,CCNc1nc2sc(nc2c3c1ncn3C)c4cccc(c4)[C@H](C)NC(=O)CNC(=O)C,7.57
8,CHEMBL1831203,CNC1=Nc2cc(sc2N3C1NC=C3C)c4ccccc4,7.57
9,CHEMBL249887,CNc1nc2cc(sc2n3c(C)cnc13)c4cccc(C[C@@H](N)C(=O)N)c4,7.57
10,CHEMBL249719,CNc1nc2cc(sc2n3c(C)cnc13)c4ccccc4,7.57
11,CHEMBL1807609,F[C@H]1CN[C@H](CNC(=O)c2ccc(cc2F)c3cnc4ccc(NCC5CC5)nn34)C1,7.57
12,CHEMBL600637,NC(=O)c1nn(c2ccc(F)cc2)c3c1CCc4ccc(NC(=O)c5cc(ncc5Cl)N6CCCNCC6)cc34,7.57
13,CHEMBL538910,CNc1nc2sc(nc2c3c1ncn3C)c4ccc(F)cc4,7.58
14,CHEMBL425346,Nc1nc(cc(C2CCCNC2)c1C#N)c3c(O)cccc3OCC4CCCCC4,7.58
15,CHEMBL2375685,CC(=O)c1oc2ccc(Nc3nccc(n3)c4ccc(cc4)S(=O)(=O)N5CCNCC5)cc2c1,7.59
16,CHEMBL335949,CC(=O)c1oc2ccc(cc2c1)c3ccc(Nc4nccc(n4)c5ccc(cc5)S(=O)(=O)N6CCNCC6)cc3,7.59
17,CHEMBL1807617,CCCCCNc1ccc2ncc(c3ccc(C(=O)NC[C@@H]4C[C@@H](F)CN4)c(F)c3)n2n1,7.59
18,CHEMBL1923980,CNc1nc2[nH]c(cc2c3c1ncn3C)c4cccc(CNC(=O)CC(C)C)n4,7.59
19,CHEMBL360691,CCCCCCOc1cccc(O)c1c2cc(C3CCNCC3)c(C#N)c(N)n2,7.6
20,CHEMBL1761514,CCS(=O)(=O)N1CCC(CC1)c2c[nH]c3c(cc(cc23)c4ccccc4)C(=O)N,7.6
21,CHEMBL592893,CN1CCN(CC1)c2cc(C(=O)Nc3ccc4CCc5c(nn(c6ccc(F)cc6)c5c4c3)C(=O)N)c(Cl)cn2,7.6
22,CHEMBL561447,CNc1nc2[nH]c(cc2c3c1ncn3C)c4cccc(CNC(=O)CO)c4,7.6
23,CHEMBL494162,CNc1nc2sc(nc2c3c1ncn3C)c4cccc(CNC(=O)c5oncc5)c4,7.6
24,CHEMBL1831214,NC(=O)Nc1cc(sc1C(=O)N)c2ccccc2,7.6
25,CHEMBL360077,Nc1nc(cc(C2CCCNC2)c1C#N)c3ccccc3O,7.6
26,CHEMBL200106,OCCCCc1ccc(s1)c2ccnc(Nc3ccc(cc3)C(=O)N4CCC(CC4)N5CCCC5)n2,7.6
27,CHEMBL369306,CCCOc1cccc(O)c1c2cc(C3CCNCC3)c(C#N)c(N)n2,7.62
28,CHEMBL249899,CNCCNc1nc2cc3ccccc3cc2n4c(C)cnc14,7.64
29,CHEMBL1923981,CNc1nc2[nH]c(cc2c3c1ncn3C)c4cccc(CNC(=O)c5cnccn5)n4,7.64
30,CHEMBL428754,CNc1nc2cc(sc2n3c(C)cnc13)c4cccc(CNCC(=O)N)c4,7.64
31,CHEMBL1669326,CO[C@H]1CCN[C@@H]1CNC(=O)c2ccc(cc2)c3cnc4ccc(NCC5CC5)nn34,7.64
32,CHEMBL249508,Cc1cnc2c(NCCN)nc3cc(sc3n12)c4ccc(CO)cc4,7.64
33,CHEMBL536520,Cl.CNCCNc1nc2cc3ccccc3cc2n4c(C)cnc14,7.64
34,CHEMBL562370,CNc1nc2[nH]c(cc2c3c1ncn3C)c4cccc(CNC(=O)CCC(=O)N)c4,7.66
35,CHEMBL454973,CNc1nc2sc(nc2c3c1ncn3C)c4cccc(CNC(=O)C)c4,7.66
36,CHEMBL249901,Cc1cnc2c(NCCN)nc3cc(sc3n12)c4ccccc4,7.66
37,CHEMBL1669329,F[C@H]1CN[C@H](CNC(=O)c2ccc(cc2)c3cnc4ccc(NCC5CC5)nn34)C1,7.66
38,CHEMBL249480,CNc1nc2cc(sc2n3c(C)cnc13)c4cccc(CCNC(=O)C)c4,7.68
39,CHEMBL249515,Cc1cnc2c(NCCN)nc3cc(sc3n12)c4cccc(CCO)c4,7.68
40,CHEMBL1669328,F[C@H]1CCN[C@@H]1CNC(=O)c2ccc(cc2)c3cnc4ccc(NCC5CC5)nn34,7.68
41,CHEMBL2164423,CC(C)(C)c1cc2c(ccnc2[nH]1)c3ccc(cc3)S(=O)(=O)NCCO,7.7
42,CHEMBL1761513,CC(C)S(=O)(=O)N1CCC(CC1)c2c[nH]c3c(cc(cc23)c4ccccc4)C(=O)N,7.7
43,CHEMBL361548,CCCCCOc1cccc(O)c1c2cc(C3CCNCC3)c(C#N)c(N)n2,7.7
44,CHEMBL1642565,CCNc1nc2sc(nc2c3c1ncn3C)c4cccc(c4)[C@H](C)NC(=O)C5CCNCC5,7.7
45,CHEMBL2164414,CN(C)Cc1cc2c(ccnc2[nH]1)c3ccc(cc3)S(=O)(=O)NC4CCS(=O)(=O)CC4,7.7
46,CHEMBL1923991,CNc1nc2[nH]c(cc2c3c1ncn3C)c4cccc(NCCOC)n4,7.7
47,CHEMBL2164427,C[C@@H](CO)NS(=O)(=O)c1ccc(cc1)c2ccnc3[nH]c(cc23)C(F)(F)F,7.7
48,CHEMBL483165,Cc1cc2c(ccnc2[nH]1)c3ccc(cc3)S(=O)(=O)NC4CCS(=O)(=O)CC4,7.7
49,CHEMBL482747,Cc1cc2c(ccnc2[nH]1)c3ccc(cc3)S(=O)(=O)NCCN,7.7
50,CHEMBL483557,Cc1cc2c(ccnc2[nH]1)c3ccc(cc3)S(=O)(=O)NCCO,7.7
51,CHEMBL257167,NC(=O)Nc1sc(cc1C(=O)N)c2ccc(F)cc2,7.7
52,CHEMBL519965,NCCNS(=O)(=O)c1ccc(cc1)c2ccnc3[nH]c(CC(=O)N)cc23,7.7
53,CHEMBL1085122,NS(=O)(=O)c1ccc(Nc2nccc(n2)c3ccc(NC(=O)Cc4cccs4)cc3)cc1,7.7
54,CHEMBL1807616,CCCCNc1ccc2ncc(c3ccc(C(=O)NC[C@@H]4C[C@@H](F)CN4)c(F)c3)n2n1,7.72
55,CHEMBL1642546,CCNc1nc2sc(nc2c3c1ncn3C)c4cccc(c4)[C@H](C)NC(=O)C,7.72
56,CHEMBL589338,CN(C)CCN(C)c1cc(C(=O)Nc2ccc3CCc4c(nn(c5ccc(F)cc5)c4c3c2)C(=O)N)c(Cl)cn1,7.72
57,CHEMBL1923989,CNc1nc2[nH]c(cc2c3c1ncn3C)c4cccc(CN(C)C(=O)COC)n4,7.72
58,CHEMBL1923972,CNc1nc2[nH]c(cc2c3c1ncn3C)c4cccc(CNC(=O)C)n4,7.72
59,CHEMBL399688,CNc1nc2cc(sc2n3c(C)cnc13)c4cccc(CCC(=O)N)c4,7.72
60,CHEMBL608154,COc1c(Cl)cc2c3ccncc3[nH]c2c1NC(=O)c4cccnc4C,7.72
61,CHEMBL569998,Cc1ccc(s1)c2ccnc(Nc3ccc(cc3)S(=O)(=O)N)n2,7.72
62,CHEMBL249481,CNc1nc2cc(sc2n3c(C)cnc13)c4cccc(CCNC(=O)N)c4,7.74
63,CHEMBL231530,CNc1nc2cc3ccccc3cc2n4c(C)cnc14,7.74
64,CHEMBL230184,Cc1cnc2c(NCCO)nc3cc4ccccc4cc3n12,7.74
65,CHEMBL1669332,CCN(C[C@@H]1C[C@@H](F)CN1)C(=O)c2ccc(cc2)c3cnc4ccc(NCC5CC5)nn34,7.75
66,CHEMBL602534,NC(=O)NC1=C(C=C(C1)c2ccc(F)cc2)C(=O)N,7.75
67,CHEMBL1669336,F[C@H]1CN[C@H](CN(Cc2ccc(Cl)cc2)C(=O)c3ccc(cc3)c4cnc5ccc(NCC6CC6)nn45)C1,7.77
68,CHEMBL1669335,F[C@H]1CN[C@H](CN(Cc2cccc(Cl)c2)C(=O)c3ccc(cc3)c4cnc5ccc(NCC6CC6)nn45)C1,7.77
69,CHEMBL1807618,F[C@H]1CN[C@H](CNC(=O)c2ccc(cc2F)c3cnc4ccc(NC5CCC5)nn34)C1,7.77
70,CHEMBL1669341,OC(=O)c1ccc(CN(C[C@@H]2C[C@@H](F)CN2)C(=O)c3ccc(cc3)c4cnc5ccc(NCC6CC6)nn45)cc1,7.77
71,CHEMBL1669333,CCCN(C[C@@H]1C[C@@H](F)CN1)C(=O)c2ccc(cc2)c3cnc4ccc(NCC5CC5)nn34,7.8
72,CHEMBL1642559,CCNc1nc2sc(nc2c3c1ncn3C)c4cccc(c4)[C@H](C)NC(=O)COCC,7.8
73,CHEMBL1923973,CNc1nc2[nH]c(cc2c3c1ncn3C)c4cccc(n4)C(C)NC(=O)C,7.8
74,CHEMBL522014,CNc1nc2sc(nc2c3c1ncn3C)c4cccc(CNC(=O)c5csnn5)c4,7.8
75,CHEMBL520473,Cc1cc2c(ccnc2[nH]1)c3ccc(NS(=O)(=O)CCN)cc3,7.8
76,CHEMBL1807619,F[C@H]1CN[C@H](CNC(=O)c2ccc(cc2F)c3cnc4ccc(NC5CCCC5)nn34)C1,7.8
77,CHEMBL2164416,O=S(=O)(NC1CCS(=O)(=O)CC1)c2ccc(cc2)c3ccnc4[nH]c(Cn5ccnn5)cc34,7.8
78,CHEMBL2164415,O=S(=O)(NC1CCS(=O)(=O)CC1)c2ccc(cc2)c3ccnc4[nH]c(cc34)C5CCNCC5,7.8
79,CHEMBL2164420,OCCNS(=O)(=O)c1ccc(cc1)c2ccnc3[nH]c(cc23)C(F)(F)F,7.8
80,CHEMBL1669342,CC(=O)Nc1ccc(CN(C[C@@H]2C[C@@H](F)CN2)C(=O)c3ccc(cc3)c4cnc5ccc(NCC6CC6)nn45)cc1,7.82
81,CHEMBL181434,CC(C)COc1cccc(O)c1c2cc(C3CCNCC3)c(C#N)c(N)n2,7.82
82,CHEMBL360337,CCCCOc1cccc(O)c1c2cc(C3CCNCC3)c(C#N)c(N)n2,7.82
83,CHEMBL2375676,CCNC(=O)c1ccc(cc1)c2nc3c(nc(NC)c4ncn(C)c34)s2,7.82
84,CHEMBL492527,CCNC(=O)c1nc2c(nc(NC)c3ncn(C)c23)s1,7.82
85,CHEMBL520308,CN(CCO)S(=O)(=O)c1ccc(cc1)c2ccnc3[nH]c(C)cc23,7.82
86,CHEMBL2375543,CNC(=O)c1ccc(cc1)c2nc3c(nc(NC)c4ncn(C)c34)s2,7.82
87,CHEMBL504727,CNC(=O)c1nc2c(nc(NC)c3ncn(C)c23)s1,7.82
88,CHEMBL492755,CNc1nc2sc(nc2c3c1ncn3C)C(=O)NCc4cccs4,7.82
89,CHEMBL2375677,CNc1nc2sc(nc2c3c1ncn3C)c4ccc(cc4)C(=O)NCc5cccs5,7.82
90,CHEMBL182358,Nc1nc(cc(C2CCCNC2)c1C#N)c3c(O)cccc3O,7.82
91,CHEMBL1669340,OCCN(C[C@@H]1C[C@@H](F)CN1)C(=O)c2ccc(cc2)c3cnc4ccc(NCC5CC5)nn34,7.82
92,CHEMBL181756,CCCCCCCOc1cccc(O)c1c2cc(C3CCCNC3)c(C#N)c(N)n2,7.85
93,CHEMBL182173,CCOc1cccc(O)c1c2cc(C3CCCNC3)c(C#N)c(N)n2,7.85
94,CHEMBL1669553,CN1CCN(CC1)c2cc(C(=O)Nc3ccc4CCc5c(nn(c6ccc(C)cc6)c5c4c3)C(=O)N)c(Cl)cn2,7.85
95,CHEMBL1923975,CNc1nc2[nH]c(cc2c3c1ncn3C)c4cccc(CN(C)C(=O)C)n4,7.85
96,CHEMBL552183,CNc1nc2[nH]c(cc2c3c1ncn3C)c4cccc(CNC(=O)C)c4,7.85
97,CHEMBL399689,CNc1nc2cc(sc2n3c(C)cnc13)c4cccc(C[C@H](N)C(=O)N)c4,7.85
98,CHEMBL1669564,Cn1cc(CN2CCN(CC2)c3cc(C(=O)Nc4ccc5CCc6c(nn(c7cccc(F)c7)c6c5c4)C(=O)N)c(Cl)cn3)cn1,7.85
99,CHEMBL562971,CNc1nc2[nH]c(cc2c3c1ncn3C)c4cccc(CNC(=O)CCOC)c4,7.89
100,CHEMBL1923985,CNc1nc2[nH]c(cc2c3c1ncn3C)c4cccc(CNC(=O)CO)n4,7.89
101,CHEMBL249886,CNc1nc2cc(sc2n3c(C)cnc13)c4cccc(CC(N)C(=O)O)c4,7.89
102,CHEMBL398253,CNc1nc2cc(sc2n3c(C)cnc13)c4cccc(CCNCC(=O)N)c4,7.89
103,CHEMBL1642547,C[C@H](NC(=O)C)c1cccc(c1)c2nc3c(nc(N)c4ncn(C)c34)s2,7.89
104,CHEMBL1669337,F[C@H]1CN[C@H](CN(C\C=C\c2ccccc2)C(=O)c3ccc(cc3)c4cnc5ccc(NCC6CC6)nn45)C1,7.89
105,CHEMBL404609,NC(=O)Nc1sc(cc1C(=O)N)c2ccccc2,7.89
106,CHEMBL1761512,CCCS(=O)(=O)N1CCC(CC1)c2c[nH]c3c(cc(cc23)c4ccccc4)C(=O)N,7.9
107,CHEMBL2164417,Cc1cc2c(ccnc2[nH]1)c3ccc(nc3)S(=O)(=O)NC4CCS(=O)(=O)CC4,7.9
108,CHEMBL1923986,CNc1nc2[nH]c(cc2c3c1ncn3C)c4cccc(CNC(=O)C(C)(C)O)n4,7.92
109,CHEMBL1923984,CNc1nc2[nH]c(cc2c3c1ncn3C)c4cccc(CNC(=O)CCOC)n4,7.92
110,CHEMBL603469,C[C@]12O[C@H](C[C@]1(O)CO)n3c4ccccc4c5c6C(=O)NCc6c7c8ccccc8n2c7c35,7.92
111,CHEMBL1669334,F[C@H]1CN[C@H](CN(Cc2ccccc2)C(=O)c3ccc(cc3)c4cnc5ccc(NCC6CC6)nn45)C1,7.92
112,CHEMBL361841,Nc1nc(cc(C2CCNCC2)c1C#N)c3c(O)cccc3OCC4CCC4,7.92
113,CHEMBL562720,CNc1nc2[nH]c(cc2c3c1ncn3C)c4cccc(CN)c4,7.96
114,CHEMBL390201,CNc1nc2cc3ccccc3cc2c4c(C)cnn14,7.96
115,CHEMBL493940,CNc1nc2oc(nc2c3c1ncn3C)c4ccccc4,7.96
116,CHEMBL131693,NS(=O)(=O)c1ccc(Nc2nccc(n2)c3ccc(cc3)S(=O)(=O)N4CCNCC4)cc1,7.96
117,CHEMBL1669606,NC(=O)c1nn(c2ccc(F)cc2)c3c1CCc4ccc(NC(=O)c5cc(ncc5Cl)N6CCN(Cc7cnn(CC(=O)N(CCO)CCO)c7)CC6)cc34,7.99
118,CHEMBL1082834,CC(C)(C)CC(=O)Nc1ccc(cc1)c2ccnc(Nc3ccc(cc3)S(=O)(=O)N)n2,8.0
119,CHEMBL1642564,CCNc1nc2sc(nc2c3c1ncn3C)c4cccc(c4)[C@H](C)NC(=O)C5CCN(C)CC5,8.0
120,CHEMBL1669557,CN1CCN(CC1)c2cc(C(=O)Nc3ccc4CCc5c(nn(c6ccc(F)c(F)c6)c5c4c3)C(=O)N)c(Cl)cn2,8.0
121,CHEMBL2164425,Cc1cc2c(ccnc2[nH]1)c3ccc(cc3)S(=O)(=O)NCC(C)(C)O,8.0
122,CHEMBL250106,Cc1cnc2c(NCCN)nc3cc(sc3n12)c4cn[nH]c4,8.0
123,CHEMBL610730,NC(=O)c1nn(c2ccc(F)cc2)c3c1CCc4ccc(NC(=O)c5cc(ncc5Cl)N6CCNCC6)cc34,8.0
124,CHEMBL1831202,CNC1=Nc2cc(sc2N3C1NC=C3C)c4cccc(CCC(=O)O)c4,8.04
125,CHEMBL361233,Nc1nc(cc(C2CCCNC2)c1C#N)c3c(O)cccc3OCc4ccccc4,8.04
126,CHEMBL1923983,CNc1nc2[nH]c(cc2c3c1ncn3C)c4cccc(CNC(=O)COC)n4,8.05
127,CHEMBL1642549,CNc1nc2sc(nc2c3c1ncn3C)c4cccc(c4)C(C)NC(=O)C,8.05
128,CHEMBL1831201,CNC1=Nc2cc(sc2N3C1NC=C3C)c4cccc(CN)c4,8.07
129,CHEMBL400077,CNc1nc2cc(sc2n3c(C)cnc13)c4cccc(CN)c4,8.07
130,CHEMBL2375673,Nc1nc(cc(C2CCNCC2)c1C#C)c3c(O)cccc3OCC4CC4,8.07
131,CHEMBL368427,Nc1nc(cc(C2CCNCC2)c1C#N)c3c(O)cccc3OCC4CC4,8.07
132,CHEMBL2164413,CC(C)(C)c1cc2c(ccnc2[nH]1)c3ccc(cc3)S(=O)(=O)NC4CCS(=O)(=O)CC4,8.1
133,CHEMBL2164421,CC(C)c1cc2c(ccnc2[nH]1)c3ccc(cc3)S(=O)(=O)NCCO,8.1
134,CHEMBL1761516,CCc1ccc(cc1)c2cc(C(=O)N)c(NC(=O)N)s2,8.1
135,CHEMBL1831200,CNC1=Nc2cc(sc2N3C1NC=C3C)c4cccc(CC(=O)N)c4,8.1
136,CHEMBL551773,CNc1nc2[nH]c(cc2c3c1ncn3C)c4cccc(OC)c4,8.1
137,CHEMBL1831076,CNc1nc2cc(sc2n3c(C)cnc13)c4cccc(CC(=O)C)c4,8.1
138,CHEMBL399486,CNc1nc2cc(sc2n3c(C)cnc13)c4cccc(CC(=O)N)c4,8.1
139,CHEMBL129857,COc1cccc2nc(nc(NN3C(=O)C=C(C)C3=O)c12)c4cccs4,8.1
140,CHEMBL2164426,C[C@@H](CO)NS(=O)(=O)c1ccc(cc1)c2ccnc3[nH]c(cc23)C4CC4,8.1
141,CHEMBL249104,Cc1cnc2c(NCCN)nc3cc(sc3n12)c4cccc(CO)c4,8.1
142,CHEMBL474802,Clc1ccc(OCCCCCCN\C(=N/C#C)\Nc2ccncc2)cc1,8.1
143,CHEMBL2164422,OCCNS(=O)(=O)c1ccc(cc1)c2ccnc3[nH]c(cc23)C4CC4,8.1
144,CHEMBL1669573,NC(=O)c1nn(c2ccc(F)cc2)c3c1CCc4ccc(NC(=O)c5cc(ncc5Cl)N6CCN(Cc7cnn(CCC#N)c7)CC6)cc34,8.12
145,CHEMBL549478,CNc1nc2[nH]c(cc2c3c1ncn3C)c4cccc(F)c4,8.15
146,CHEMBL558491,CNc1nc2[nH]c(cc2c3c1ncn3C)c4cccc(c4)C#N,8.15
147,CHEMBL249482,CNc1nc2cc(sc2n3c(C)cnc13)c4cccc(CCNS(=O)(=O)N)c4,8.15
148,CHEMBL1831199,CNC1=Nc2cc(sc2N3C1NC=C3C)c4cccc(CCNS(=O)(=O)N)c4,8.16
149,CHEMBL1669594,COCCOCCCn1cc(CN2CCN(CC2)c3cc(C(=O)Nc4ccc5CCc6c(nn(c7ccc(F)cc7)c6c5c4)C(=O)N)c(Cl)cn3)cn1,8.18
150,CHEMBL2164424,CC(C)(O)CNS(=O)(=O)c1ccc(cc1)c2ccnc3[nH]c(cc23)C4CC4,8.2
151,CHEMBL2164411,CC(C)c1cc2c(ccnc2[nH]1)c3ccc(cc3)S(=O)(=O)NC4CCS(=O)(=O)CC4,8.2
152,CHEMBL182749,CCCCCOc1cccc(O)c1c2cc(C3CCCNC3)c(C#N)c(N)n2,8.22
153,CHEMBL1642545,CNc1nc2sc(nc2c3c1ncn3C)c4cccc(c4)[C@H](C)NC(=O)C,8.22
154,CHEMBL521643,CNc1nc2sc(nc2c3c1ncn3C)c4ccccc4,8.22
155,CHEMBL1669561,COc1ccc(cc1)n2nc(C(=O)N)c3CCc4ccc(NC(=O)c5cc(ncc5Cl)N6CCN(C)CC6)cc4c23,8.22
156,CHEMBL1921823,CNC(=O)N(C)Cc1cccc(n1)c2cc3c(nc(NC)c4ncn(C)c34)[nH]2,8.24
157,CHEMBL181495,CC(C)COc1cccc(O)c1c2cc(C3CCCNC3)c(C#N)c(N)n2,8.3
158,CHEMBL181334,CCCOc1cccc(O)c1c2cc(C3CCCNC3)c(C#N)c(N)n2,8.3
159,CHEMBL1669566,CCOC(=O)Cn1cc(CN2CCN(CC2)c3cc(C(=O)Nc4ccc5CCc6c(nn(c7cccc(F)c7)c6c5c4)C(=O)N)c(Cl)cn3)cn1,8.3
160,CHEMBL2164410,CCc1cc2c(ccnc2[nH]1)c3ccc(cc3)S(=O)(=O)NC4CCS(=O)(=O)CC4,8.3
161,CHEMBL1923988,CNc1nc2[nH]c(cc2c3c1ncn3C)c4cccc(CNC(=O)CCN(C)C)n4,8.3
162,CHEMBL493974,CNc1nc2sc(nc2c3c1ncn3C)c4cccc(CNS(=O)(=O)C)c4,8.3
163,CHEMBL1669556,CN1CCN(CC1)c2cc(C(=O)Nc3ccc4CCc5c(nn(c6cccc(F)c6)c5c4c3)C(=O)N)c(Cl)cn2,8.32
164,CHEMBL1669598,CCOC(=O)CCn1cc(CN2CCN(CC2)c3cc(C(=O)Nc4ccc5CCc6c(nn(c7ccc(F)cc7)c6c5c4)C(=O)N)c(Cl)cn3)cn1,8.33
165,CHEMBL1669567,Cc1nn(C)cc1CN2CCN(CC2)c3cc(C(=O)Nc4ccc5CCc6c(nn(c7ccc(F)cc7)c6c5c4)C(=O)N)c(Cl)cn3,8.37
166,CHEMBL1669572,CCn1cc(CN2CCN(CC2)c3cc(C(=O)Nc4ccc5CCc6c(nn(c7ccc(F)cc7)c6c5c4)C(=O)N)c(Cl)cn3)cn1,8.38
167,CHEMBL183703,Nc1nc(cc(C2CCCNC2)c1C#N)c3c(O)cccc3OCC4CCC4,8.4
168,CHEMBL2164412,O=S(=O)(NC1CCS(=O)(=O)CC1)c2ccc(cc2)c3ccnc4[nH]c(cc34)C5CC5,8.4
169,CHEMBL1669570,Cn1cc(CN2CCN(CC2C(=O)O)c3cc(C(=O)Nc4ccc5CCc6c(nn(c7ccc(F)cc7)c6c5c4)C(=O)N)c(Cl)cn3)cn1,8.41
170,CHEMBL1669555,CN(C)CCCn1cc(CN2CCN(CC2)c3cc(C(=O)Nc4ccc5CCc6c(nn(c7ccc(F)cc7)c6c5c4)C(=O)N)c(Cl)cn3)cn1,8.43
171,CHEMBL1669554,CC1CN(CCN1Cc2cnn(C)c2)c3cc(C(=O)Nc4ccc5CCc6c(nn(c7ccc(F)cc7)c6c5c4)C(=O)N)c(Cl)cn3,8.46
172,CHEMBL1669558,CN1CCN(CC1)c2cc(C(=O)Nc3ccc4CCc5c(nn(c6ccc(O)cc6)c5c4c3)C(=O)N)c(Cl)cn2,8.46
173,CHEMBL1669607,CN(C)CCCNC(=O)Cn1cc(CN2CCN(CC2)c3cc(C(=O)Nc4ccc5CCc6c(nn(c7ccc(F)cc7)c6c5c4)C(=O)N)c(Cl)cn3)cn1,8.48
174,CHEMBL249280,CNc1nc2cc(sc2n3c(C)cnc13)c4cccc(CNS(=O)(=O)N)c4,8.52
175,CHEMBL1669552,Cn1cc(CN2CCN(CC2)c3cc(C(=O)Nc4ccc5CCc6c(nn(c7ccc(F)cc7)c6c5c4)C(=O)N)c(Cl)cn3)cn1,8.52
176,CHEMBL182407,Nc1nc(cc(C2CCCNC2)c1C#N)c3c(O)cccc3OCC4CC4,8.52
177,CHEMBL1669559,CN1CCN(CC1)c2cc(C(=O)Nc3ccc4CCc5c(nn(c6ccc(O)c(Cl)c6)c5c4c3)C(=O)N)c(Cl)cn2,8.55
178,CHEMBL1669593,COCCCn1cc(CN2CCN(CC2)c3cc(C(=O)Nc4ccc5CCc6c(nn(c7ccc(F)cc7)c6c5c4)C(=O)N)c(Cl)cn3)cn1,8.55
179,CHEMBL1669568,Cc1c(CN2CCN(CC2)c3cc(C(=O)Nc4ccc5CCc6c(nn(c7ccc(F)cc7)c6c5c4)C(=O)N)c(Cl)cn3)cnn1C,8.55
180,CHEMBL1669604,CSCCNC(=O)Cn1cc(CN2CCN(CC2)c3cc(C(=O)Nc4ccc5CCc6c(nn(c7ccc(F)cc7)c6c5c4)C(=O)N)c(Cl)cn3)cn1,8.6
181,CHEMBL250105,Cc1cnc2c(NCCN)nc3cc(sc3n12)c4ccc[nH]4,8.6
182,CHEMBL1669602,CN(C)C(=O)Cn1cc(CN2CCN(CC2)c3cc(C(=O)Nc4ccc5CCc6c(nn(c7ccc(F)cc7)c6c5c4)C(=O)N)c(Cl)cn3)cn1,8.64
183,CHEMBL1669560,CN1CCN(CC1)c2cc(C(=O)Nc3ccc4CCc5c(nn(c6ccc(Cl)c(O)c6)c5c4c3)C(=O)N)c(Cl)cn2,8.66
184,CHEMBL1669595,NC(=O)c1nn(c2ccc(F)cc2)c3c1CCc4ccc(NC(=O)c5cc(ncc5Cl)N6CCN(Cc7cnn(CCCO)c7)CC6)cc34,8.66
185,CHEMBL1669601,CC(C)NC(=O)Cn1cc(CN2CCN(CC2)c3cc(C(=O)Nc4ccc5CCc6c(nn(c7ccc(F)cc7)c6c5c4)C(=O)N)c(Cl)cn3)cn1,8.7
186,CHEMBL516203,Oc1cccc(OCC2CC2)c1c3cc([C@@H]4CCCNC4)c5COC(=O)Nc5n3,8.7
187,CHEMBL601079,COCCN1CCN(CC1)c2cc(C(=O)Nc3ccc4CCc5c(nn(c6ccc(F)cc6)c5c4c3)C(=O)N)c(Cl)cn2,8.72
188,CHEMBL1669571,NC(=O)c1nn(c2ccc(F)cc2)c3c1CCc4ccc(NC(=O)c5cc(ncc5Cl)N6CCN(Cc7cn[nH]c7)CC6)cc34,8.72
189,CHEMBL1669600,CNC(=O)Cn1cc(CN2CCN(CC2)c3cc(C(=O)Nc4ccc5CCc6c(nn(c7ccc(F)cc7)c6c5c4)C(=O)N)c(Cl)cn3)cn1,8.85
190,CHEMBL1669603,COCCNC(=O)Cn1cc(CN2CCN(CC2)c3cc(C(=O)Nc4ccc5CCc6c(nn(c7ccc(F)cc7)c6c5c4)C(=O)N)c(Cl)cn3)cn1,8.89
191,CHEMBL1669597,COCCOC(=O)Cn1cc(CN2CCN(CC2)c3cc(C(=O)Nc4ccc5CCc6c(nn(c7ccc(F)cc7)c6c5c4)C(=O)N)c(Cl)cn3)cn1,8.89
192,CHEMBL1669551,CN1CCN(CC1)c2cc(C(=O)Nc3ccc4CCc5c(nn(c6cccc(O)c6)c5c4c3)C(=O)N)c(Cl)cn2,8.92
193,CHEMBL1669596,COC(=O)Cn1cc(CN2CCN(CC2)c3cc(C(=O)Nc4ccc5CCc6c(nn(c7ccc(F)cc7)c6c5c4)C(=O)N)c(Cl)cn3)cn1,8.96
194,CHEMBL1669565,CCOC(=O)Cn1cc(CN2CCN(CC2)c3cc(C(=O)Nc4ccc5CCc6c(nn(c7ccc(F)cc7)c6c5c4)C(=O)N)c(Cl)cn3)cn1,9.0
195,CHEMBL388978,CN[C@@H]1C[C@H]2O[C@@](C)([C@@H]1OC)n3c4ccccc4c5c6CNC(=O)c6c7c8ccccc8n2c7c35,9.0
196,CHEMBL1669605,NC(=O)c1nn(c2ccc(F)cc2)c3c1CCc4ccc(NC(=O)c5cc(ncc5Cl)N6CCN(Cc7cnn(CC(=O)NCCO)c7)CC6)cc34,9.0
197,CHEMBL1669599,NC(=O)Cn1cc(CN2CCN(CC2)c3cc(C(=O)Nc4ccc5CCc6c(nn(c7ccc(F)cc7)c6c5c4)C(=O)N)c(Cl)cn3)cn1,9.05
198,CHEMBL1669563,COCCNc1cc(C(=O)Nc2ccc3CCc4c(nn(c5ccc(F)cc5)c4c3c2)C(=O)N)c(Cl)cn1,9.22
199,CHEMBL1669562,NC(=O)c1nn(c2ccc(F)cc2)c3c1CCc4ccc(NC(=O)c5cc(ncc5Cl)N6CCC(O)CC6)cc34,9.22
200,CHEMBL1669569,Cn1cc(CN2CCN(C(C2)C(=O)O)c3cc(C(=O)Nc4ccc5CCc6c(nn(c7ccc(F)cc7)c6c5c4)C(=O)N)c(Cl)cn3)cn1,9.3
201,CHEMBL1669608,NC(=O)c1nn(c2ccc(F)cc2)c3c1CCc4ccc(NC(=O)c5cc(ncc5Cl)N6CCN(Cc7cnn(CC(=O)O)c7)CC6)cc34,9.3
