,molecule_chembl_id,canonical_smiles,pchembl_value
0,sunitinib,CCN(CC)CCNC(=O)c1c(C)[nH]c(\C=C\2/C(=O)Nc3ccc(F)cc23)c1C,7.85
1,CHEMBL1721885,Cc1[nH]c(\C=C\2/C(=O)Nc3ccc(F)cc23)c(C)c1C(=O)NC[C@H](O)CN4CCOCC4,7.59
2,CHEMBL3735673,O[C@@H]1CC[C@H](CC1)n2c(NC(=O)c3cccc(c3)[N+](=O)[O-])nc4cc(CN5CCCCC5)ccc24,7.75
3,CHEMBL3746678,CCc1cc2C(=O)c3c([nH]c4cc(ccc34)C#N)C(C)(C)c2cc1c5cnn(CCCN(C)C)c5,7.82
4,CHEMBL3735401,CCc1cc2C(=O)c3c([nH]c4cc(ccc34)C#N)C(C)(C)c2cc1c5cnn(CC(=O)N(C)C)c5,7.85
5,CHEMBL3736465,OCCc1ccc(cc1)n2c(NC(=O)c3cccc(c3)C(F)(F)F)nc4cc(CN5CCCCC5)ccc24,7.92
6,CHEMBL475251,COc1cc(Nc2ncc(F)c(Nc3ccc4OC(C)(C)C(=O)Nc4n3)n2)cc(OC)c1OC,8.01
7,CHEMBL603469,C[C@]12O[C@H](C[C@]1(O)CO)n3c4ccccc4c5c6C(=O)NCc6c7c8ccccc8n2c7c35,8.22
8,CHEMBL2172308,CC(C)NC(=O)[C@@H]1CC[C@@H](CC1)N2\C(=N\C(=O)c3ccc(F)cc3)\Nc4ccc(CN5CCC(CC5)C(C)(C)O)cc24,8.24
9,CHEMBL2172315,CC(C)NC(=O)[C@@H]1CC[C@@H](CC1)N2\C(=N\C(=O)c3cc(F)cc(F)c3)\Nc4ccc(CN5CCC(CC5)C(C)(C)O)cc24,8.25
