,molecule_chembl_id,canonical_smiles,pchembl_value
0,ruxolitinib,N#CC[C@H](C1CCCC1)n2cc(cn2)c3ncnc4[nH]ccc34,10.05
1,tofacitinib,C[C@@H]1CCN(C[C@@H]1N(C)C1=C2C=CNC2=NC=N1)C(=O)CC#N,7.46
2,baricitinib,CCS(=O)(=O)N1CC(CC#N)(C1)n2cc(cn2)c3ncnc4[nH]ccc34,8.22914791
3,CHEMBL3655081,CCCS(=O)(=O)N[C@@H]1C[C@@H](C1)N(C)c2ncnc3[nH]ccc23,7.54
4,CHEMBL3655092,CCCS(=O)(=O)N[C@H]1CC[C@H](C1)N(C)c2ncnc3[nH]ccc23,7.54
5,CHEMBL3746067,COc1ccc(cc1)c2nc3c(NCC4CCNCC4)c(Cl)cnc3[nH]2,7.54
6,CHEMBL3589166,COc1cccc(c1)c2cc(C(=O)N)c3[nH]c4ccc(cc4c3c2)C(=O)N5CCOCC5,7.54
7,CHEMBL2386629,C[C@@H](O)c1nc2cnc3[nH]ccc3c2n1[C@@H]4CC[C@H](CC4)NCC(F)(F)F,7.54
8,CHEMBL3593592,C[C@@H]1CCN(C[C@@H]1N2C(=O)N(C)c3cnc4[nH]ccc4c23)C(=O)CC#N,7.54
9,CHEMBL3116052,C[C@H](Nc1nc(Nc2cn(C)cn2)c3ccn(C4CC4)c3n1)c5ncc(F)cn5,7.54
10,CHEMBL3670396,OC1CCC(CC1)NC(=O)c2cnn3ccc(NC4CCc5ccccc45)nc23,7.54
11,CHEMBL2152396,CC(C)CC(=O)N1CCC(CC1)n2cnc3cnc4[nH]ccc4c23,7.55
12,CHEMBL3655086,CN([C@@H]1C[C@@H](C1)NS(=O)(=O)CC2COC2)c3ncnc4[nH]ccc34,7.55
13,CHEMBL1089773,CN1CCN(CC1)c2ccc(cc2)c3cnc4cccc(c5cc(F)c(CN6CCOCC6)c(F)c5)c4n3,7.55
14,CHEMBL2206630,CS(=O)(=O)NCc1nc2cnc3[nH]ccc3c2n1C4CC5CCC4O5,7.55
15,CHEMBL2386635,C[C@@H](O)c1nc2cnc3[nH]ccc3c2n1[C@@H]4CC[C@@H](CC#N)CC4,7.55
16,CHEMBL3116065,C[C@H](Nc1nc(Nc2cn(C)cn2)c3ccncc3n1)c4ncc(F)cn4,7.55
17,CHEMBL3593580,C[C@H]1CCCC[C@H]1N2C(=O)Nc3cnc4[nH]ccc4c23,7.55
18,CHEMBL3694585,Clc1cnc2Nc3cccc(CCOc4cccc(CCNc1n2)c4)c3,7.55
19,CHEMBL2178257,Nc1ccn2ncc(C(=O)Nc3conc3c4cccc(Cl)c4)c2n1,7.55
20,CHEMBL1081978,COc1cc(Nc2oc3c(cccc3n2)c4ccc(cc4)C(=O)N5CCOCC5)cc(OC)c1OC,7.56
21,CHEMBL3360341,CCOc1ccc(cc1)c2cccc3nc(NC(=O)C4CC4)nn23,7.57
22,CHEMBL3360356,FC1(F)CCN(Cc2ccc(cc2)c3cccc4nc(NC(=O)C5CC5)nn34)CC1,7.57
23,CHEMBL3647800,NC(=O)c1cn(nc1Nc2ccc(Cl)cc2)[C@H]3CC[C@H](C[C@@H]3C#N)NC4(CC4)C(F)(F)F,7.57
24,CHEMBL3699475,NC(=O)c1cn(nc1Nc2ccccc2)C3C[C@H](O)CC[C@@H]3C#N,7.57
25,CHEMBL3593778,NC(=O)c1cnc2[nH]ccc2c1N[C@H]3CCN(C[C@H]3F)c4ccc(cn4)C#N,7.57
26,CHEMBL3335684,CCCS(=O)(=O)N1CCC[C@@H](C1)NC(=O)Nc2cnc3[nH]ccc3n2,7.59
27,CHEMBL3359915,C[C@@]1(O)CC[C@@H](Nc2c(cnn3cccc23)C(=O)N)C1(C)C,7.59
28,CHEMBL2159143,Cc1nc2cnc3[nH]ccc3c2n1C4CCN(CCC#N)CC4,7.59
29,CHEMBL3781876,O=C1NC=CC(=C1c2nc3ccccc3[nH]2)NC4CCCNC4,7.59
30,CHEMBL2392501,C(N1CCC[C@H](C1)n2nnc3cnc4[nH]ccc4c23)c5ccccc5,7.6
31,CHEMBL3671814,COc1ncc(cn1)c2cc3c(N[C@@H]4CC[C@](C)(N)C4(C)C)c(cnn3c2)C(=O)N,7.6
32,CHEMBL3647894,NC(=O)c1cn(nc1Nc2ccc(Cl)cc2)[C@H]3CC[C@@H](C[C@@H]3C#N)C(=O)NC(C4CC4)C5CC5,7.6
33,CHEMBL3601231,Clc1cnc(Nc2ccc(cc2)N3CCOCC3)nc1NCc4cccc(NC(=O)C=C)c4,7.61
34,CHEMBL2152301,C(N1CCC[C@H](C1)n2cnc3cnc4[nH]ccc4c23)c5ccccc5,7.62
35,CHEMBL3764277,CC(C)[C@H](C)N1C=C(c2cc(C3CCOCC3)n(C)n2)c4[nH]nc(N)c4C1=O,7.62
36,CHEMBL2325900,CC(NC(=O)c1c[nH]c2ncc(nc12)C3CC3)C4CC4,7.62
37,CHEMBL3359908,CC1(C)CCC[C@H]1Nc2c(cnn3cccc23)C(=O)N,7.62
38,CHEMBL3593582,CC1CCC(CC1)N2C(=O)Nc3cnc4[nH]ccc4c23,7.62
39,CHEMBL3116051,C[C@H](Nc1nc(Nc2cn(C)cn2)c3ccn(C)c3n1)c4ncc(F)cn4,7.62
40,CHEMBL3658103,Cc1ccc(NC(=O)c2cccc(c2)C(F)(F)F)cc1N3CCc4nc(Nc5ccc(nc5)C(=O)NC6CC6)ncc4C3,7.62
41,CHEMBL2206613,N#CCCN1CCC(CC1)n2c(CC3CCCO3)nc4cnc5[nH]ccc5c24,7.62
42,CHEMBL3699460,NC(=O)c1cn(nc1Nc2ccccc2)C3CCCC[C@H]3C#N,7.62
43,CHEMBL3652311,CN([C@@H]1CC[C@H](CS(=O)(=O)N2CCC[C@@H](C2)C#N)CC1)c3ncnc4[nH]ccc34,7.63
44,CHEMBL3699504,CC(C)(C)OC(=O)C1CCC(C(C1)C#N)n2cc(C(=O)N)c(Nc3ccc(cc3)S(=O)(=O)C(F)(F)F)n2,7.64
45,CHEMBL3652325,CC[C@H](O)C1CCN(CC1)S(=O)(=O)C[C@@H]2CC[C@H](CC2)N(C)c3ncnc4[nH]ccc34,7.64
46,CHEMBL2376142,CCn1cc(cn1)c2cnc3[nH]cc(C(=O)N[C@H](C)C(=O)N4CC(C4)C#N)c3n2,7.64
47,CHEMBL3639512,CN([C@@H]1CC[C@@H](CS(=O)(=O)N2CC(C2)c3cccnc3)CC1)c4ncnc5[nH]ccc45,7.64
48,CHEMBL3652320,CN([C@@H]1CC[C@@H](CS(=O)(=O)N2CCC(Cc3ccc(C)nn3)CC2)CC1)c4ncnc5[nH]ccc45,7.64
49,CHEMBL3360348,O=C(Nc1nc2cccc(c3ccc(NS(=O)(=O)C4CC4)cc3)n2n1)C5CC5,7.64
50,CHEMBL3652324,CCN(CC)C(=O)C1CCN(CC1)S(=O)(=O)C[C@@H]2CC[C@H](CC2)N(C)c3ncnc4[nH]ccc34,7.65
51,CHEMBL2152405,CC(C)N1CCC[C@H]1C(=O)N2CCC(CC2)n3cnc4cnc5[nH]ccc5c34,7.66
52,CHEMBL3116053,CC(Nc1nc(Nc2cn(C)cn2)c3cn[nH]c3n1)c4ncc(F)cn4,7.66
53,CHEMBL3622144,CCn1c(cc2c1nc(Nc3nc(C(=O)NC)c(C)s3)c4ncn(C)c24)C(=O)N(C5CC5)C6CC6,7.66
54,CHEMBL3655104,CN(CCC#N)S(=O)(=O)N[C@@H]1C[C@@H](C1)N(C)c2ncnc3[nH]ccc23,7.66
55,CHEMBL3655080,CN([C@@H]1C[C@@H](C1)NS(=O)(=O)CC(F)(F)F)c2ncnc3[nH]ccc23,7.66
56,CHEMBL2062805,CN1CCN(CC1)c2ccc(Nc3nc4c(cccn4n3)c5ccc(cc5)S(=O)(=O)C)cc2,7.66
57,CHEMBL3652326,CNC(=O)C1CCN(CC1)S(=O)(=O)C[C@@H]2CC[C@H](CC2)N(C)c3ncnc4[nH]ccc34,7.66
58,CHEMBL3652313,COC1CCN(CC1)S(=O)(=O)C[C@@H]2CC[C@H](CC2)N(C)c3ncnc4[nH]ccc34,7.66
59,CHEMBL3746463,COc1cc(F)c(cc1OC)c2nc3c(NCC4CCNCC4)c(Cl)cnc3[nH]2,7.66
60,CHEMBL1081484,COc1cc(Nc2oc3c(cccc3n2)c4ccc(C(=O)N5CCOCC5)c(F)c4)cc(OC)c1OC,7.66
61,CHEMBL3782012,CS(=O)(=O)c1ccc(Nc2nn(cc2C(=O)N)C3CCOCC3)cc1,7.66
62,CHEMBL2376146,C[C@@H](NC(=O)c1c[nH]c2ncc(nc12)c3nn(C)c4ccccc34)C(=O)N5CC(C5)C#N,7.66
63,CHEMBL3593776,NC(=O)c1cnc2[nH]ccc2c1NC3CCN(CC3)c4ccc(nn4)C#N,7.66
64,CHEMBL3667453,NC(=O)c1cnn2cc(cc2c1NC3CCOCC3)c4ccc(F)cc4,7.67
65,CHEMBL3699497,CC(C)(C)OC(=O)NCC1CC[C@H](C#N)[C@H](C1)n2cc(C(=O)N)c(Nc3ccc(F)cc3)n2,7.68
66,CHEMBL3667479,CC1(C)CN(CC[C@H]1Nc2c(cnn3cc(cc23)N4CC(CC4=O)c5ccccc5)C(=O)N)c6ccc(cn6)C#N,7.68
67,CHEMBL3359913,CC1(C)[C@H](O)CC[C@H]1Nc2c(cnn3cccc23)C(=O)N,7.68
68,CHEMBL3652341,CN([C@@H]1CC[C@@H](CS(=O)(=O)N2CC[C@H](F)C2)CC1)c3ncnc4[nH]ccc34,7.68
69,CHEMBL475251,COc1cc(Nc2ncc(F)c(Nc3ccc4OC(C)(C)C(=O)Nc4n3)n2)cc(OC)c1OC,7.68
70,CHEMBL2392497,F[C@@H]1CNCC[C@H]1n2nnc3cnc4[nH]ccc4c23,7.68
71,CHEMBL3647898,NC(=O)c1cn(nc1Nc2ccc(Cl)cc2)[C@@H]3CC[C@H](C[C@H]3C#N)C(=O)N[C@H](C4CC4)C(F)(F)F,7.68
72,CHEMBL3647893,NC(=O)c1cn(nc1Nc2ccc(Cl)cc2)[C@H]3CC[C@@H](C[C@@H]3C#N)C(=O)NC4CC(F)(F)C4,7.68
73,CHEMBL3702968,NC(=O)c1cn(nc1Nc2ccc(F)cc2)[C@@H]3CC[C@@H](C[C@H]3C#N)OCC4CC4,7.68
74,CHEMBL3647817,NC(=O)c1cn(nc1Nc2ccc(cc2)C(F)(F)F)[C@@H]3CC[C@@H](C[C@H]3C#N)NC4CC5(CCCC5)C4,7.68
75,CHEMBL3647855,NC(=O)c1cn(nc1Nc2ccc(nc2)C(F)(F)F)[C@H]3CC[C@H](O)C[C@@H]3C#N,7.68
76,CHEMBL2392498,N[C@@H]1CC[C@H](CC1)n2nnc3cnc4[nH]ccc4c23,7.68
77,CHEMBL191003,Nc1nc(Nc2ccc(cc2)S(=O)(=O)N)nn1C(=O)c3c(F)cccc3F,7.68
78,CHEMBL3702962,[C-]#[N+]C1=CCC[C@H](C1)OCC2CC2,7.68
79,CHEMBL3652338,CN([C@@H]1CC[C@@H](CS(=O)(=O)N2CCC[C@H](CS(=O)(=O)C)C2)CC1)c3ncnc4[nH]ccc34,7.69
80,CHEMBL2322143,C1CCC(CC1)c2ccc3cnc4[nH]ccc4n23,7.7
81,CHEMBL2322137,C1CCC(CC1)c2noc3cnc4[nH]ccc4c23,7.7
82,CHEMBL3647920,CC(=O)O[C@H]1C[C@H]([N+]#[C-])[C@H](C[C@@H]1O)n2cc(C(=O)N)c(Nc3ccc(cc3)C(F)(F)F)n2,7.7
83,CHEMBL3703065,CN(C)[C@H]1CC[C@@H]([C@H](C1)C#N)n2cc(C(=O)N)c(Nc3ccc(F)cc3)n2,7.7
84,CHEMBL3652327,CN([C@@H]1CC[C@@H](CS(=O)(=O)N2CCC(CC(=O)N)CC2)CC1)c3ncnc4[nH]ccc34,7.7
85,CHEMBL3652373,CN([C@@H]1CC[C@@H](CS(=O)(=O)N2CC[C@H](Cc3cnccn3)C2)CC1)c4ncnc5[nH]ccc45,7.7
86,CHEMBL3671825,C[C@]1(N)CC[C@@H](Nc2c(cnn3cc(cc23)N4CCCC4=O)C(=O)N)C1(C)C,7.7
87,CHEMBL2159198,Cc1nc2cnc3[nH]ccc3c2n1C4CCCCC4,7.7
88,CHEMBL3647885,NC(=O)c1cn(nc1Nc2ccc(Cl)cc2)[C@H]3CC[C@@H](C[C@@H]3C#N)C(=O)NC4CCC4,7.7
89,CHEMBL3699516,NC(=O)c1cn(nc1Nc2ccc(F)cc2)[C@H]3CCCC[C@H]3C#N,7.7
90,CHEMBL3593590,O=C(CC#N)N1CCC[C@H](C1)N2C(=O)Nc3cnc4[nH]ccc4c23,7.7
91,CHEMBL3652396,CN([C@@H]1CC[C@@H](CS(=O)(=O)N2CCS(=O)(=O)CC2)CC1)c3ncnc4[nH]ccc34,7.71
92,CHEMBL3652367,CN([C@@H]1CC[C@@H](CS(=O)(=O)N2CC[C@H](COCc3cccnc3)C2)CC1)c4ncnc5[nH]ccc45,7.71
93,CHEMBL3644623,CCc1cc(O)c(F)cc1c2ccc3c(n[nH]c3c2)c4nc5CCN(CCc5[nH]4)C(=O)c6cc(ccn6)C#N,7.72
94,CHEMBL3622143,CCn1c(cc2c1nc(Nc3nc(C)c(s3)C(=O)NC)c4ncn(C)c24)C(=O)N(C5CC5)C6CC6,7.72
95,CHEMBL3652346,CN([C@@H]1CC[C@@H](CS(=O)(=O)N2CC[C@@H](C2)NC(=O)C(F)(F)F)CC1)c3ncnc4[nH]ccc34,7.72
96,CHEMBL3359921,C[C@]1(N)CC[C@@H](Nc2c(cnn3cccc23)C(=O)N)C1(C)C,7.72
97,CHEMBL3699505,NC(=O)c1cn(nc1Nc2ccnc(c2)C(F)(F)F)[C@H]3CCCC[C@@H]3C#N,7.72
98,CHEMBL1287883,Nc1nc(Nc2cccc(c2)S(=O)(=O)N)nn1C(=O)c3c(F)cccc3F,7.72
99,CHEMBL2152394,O=C(CC#N)N1CCC(CC1)n2cnc3cnc4[nH]ccc4c23,7.72
100,CHEMBL3651604,O=C(Nc1nc2cccc(c3ccc(cc3)C(=O)N4CCS(=O)(=O)CC4)n2n1)C5CC5,7.74
101,CHEMBL3652376,CCN1CCN(C[C@H]2CCN(C2)S(=O)(=O)C[C@@H]3CC[C@H](CC3)N(C)c4ncnc5[nH]ccc45)C(=O)C1=O,7.75
102,CHEMBL3652375,CN([C@@H]1CC[C@@H](CS(=O)(=O)N2CC[C@H](Cc3ccccc3)C2)CC1)c4ncnc5[nH]ccc45,7.75
103,CHEMBL3655084,CN([C@@H]1C[C@@H](C1)NS(=O)(=O)[C@@H]2C[C@H](CC#N)C2)c3ncnc4[nH]ccc34,7.75
104,CHEMBL2206629,CS(=O)(=O)NCc1nc2cnc3[nH]ccc3c2n1C4CCCSC4,7.75
105,CHEMBL1287853,Cc1cnc(Nc2ccc(OCCN3CCCC3)cc2)nc1Nc4cccc(c4)S(=O)(=O)NC(C)(C)C,7.75
106,CHEMBL2159199,Cc1nc2cnc3[nH]ccc3c2n1C4CCOCC4,7.75
107,CHEMBL3593584,Cl.CC[C@@H]1CCCC[C@@H]1N2C(=O)Nc3cnc4[nH]ccc4c23,7.75
108,CHEMBL3589165,NC(=O)c1cc(cc2c3cc(ccc3[nH]c12)C(=O)N4CCOCC4)c5ccccc5,7.75
109,CHEMBL3699556,NC(=O)c1cn(nc1Nc2cc(Cl)cc(Cl)c2)[C@H]3CCCC[C@@H]3C#N,7.75
110,CHEMBL3699543,NC(=O)c1cn(nc1Nc2ccc(Cl)nc2)[C@H]3CCCC[C@@H]3C#N,7.75
111,CHEMBL3670394,Nc1ccn2ncc(C(=O)Nc3ccnn3c4cc(Cl)ccc4Cl)c2n1,7.75
112,CHEMBL2152395,O=C(N1CCC(CC1)n2cnc3cnc4[nH]ccc4c23)c5ccccc5,7.75
113,CHEMBL2436943,O=C1NC=Cc2c(N[C@@H]3CCC[C@@H]3C#N)nc(nc12)c4ccccc4,7.75
114,CHEMBL3652345,CC[C@@]1(CO)CCN(C1)S(=O)(=O)C[C@@H]2CC[C@H](CC2)N(C)c3ncnc4[nH]ccc34,7.76
115,CHEMBL3652365,CCc1ccc(COC[C@H]2CCN(C2)S(=O)(=O)C[C@@H]3CC[C@H](CC3)N(C)c4ncnc5[nH]ccc45)nc1,7.76
116,CHEMBL3671806,C[C@]1(N)CC[C@@H](Nc2c(cnn3cc(cc23)c4ccc(nc4)N5CCCC5)C(=O)N)C1(C)C,7.76
117,CHEMBL3671821,C[C@]1(O)CCCC[C@@H]1Nc2c(cnn3cc(cc23)c4ccccc4)C(=O)N,7.76
118,CHEMBL3699486,CC(C)(C)OC(=O)[C@H]1CCC([C@H](C1)C#N)n2cc(C(=O)N)c(Nc3ccc(F)cc3)n2,7.77
119,CHEMBL3658854,CN([C@@H]1C[C@@H](C1)NS(=O)(=O)N2C[C@@H]3C[C@]3(C2)C#N)c4ncnc5[nH]ccc45,7.77
120,CHEMBL3658859,CN([C@@H]1C[C@H](CS(=O)(=O)N2CC[C@@H](C2)C#N)C1)c3ncnc4[nH]ccc34,7.77
121,CHEMBL2376147,C[C@@H](NC(=O)c1c[nH]c2ncc(nc12)c3nn(C)c4cc(F)ccc34)C(=O)N5CC(C5)C#N,7.77
122,CHEMBL3699550,NC(=O)c1cn(nc1Nc2ccc(Cl)c(Cl)c2)[C@H]3CCCC[C@@H]3C#N,7.77
123,CHEMBL3652314,CN([C@@H]1CC[C@@H](CS(=O)(=O)N2CCC(CC2)C#N)CC1)c3ncnc4[nH]ccc34,7.78
124,CHEMBL3652388,CN([C@@H]1CC[C@@H](CS(=O)(=O)N2CCN(CC2)c3ccc(C)cn3)CC1)c4ncnc5[nH]ccc45,7.78
125,CHEMBL3652323,CC1CCN(CC1)S(=O)(=O)C[C@@H]2CC[C@H](CC2)N(C)c3ncnc4[nH]ccc34,7.79
126,CHEMBL3652381,CN([C@@H]1CC[C@@H](CS(=O)(=O)N2CC(C2)c3ncccn3)CC1)c4ncnc5[nH]ccc45,7.79
127,CHEMBL2392490,C(N1CCC(CC1)n2nnc3cnc4[nH]ccc4c23)c5cccnc5,7.8
128,CHEMBL2206619,CC(=O)NCc1nc2cnc3[nH]ccc3c2n1C4CCN(CCC#N)CC4,7.8
129,CHEMBL3647821,CC(C)CN(CC1CC1)[C@H]2CC[C@H]([C@@H](C2)C#N)n3cc(C(=O)N)c(Nc4ccc(cc4)C(F)(F)F)n3,7.8
130,CHEMBL3765822,CC(C)[C@@H](C)N1C=C(c2cc(n(C)n2)C(C)(C)O)c3[nH]nc(N)c3C1=O,7.8
131,CHEMBL3763213,CC(C)[C@H](C)N1C=C(c2cc(N3CCOCC3)n(C)n2)c4[nH]nc(N)c4C1=O,7.8
132,CHEMBL2386642,CC[C@H](O)c1nc2cnc3[nH]ccc3c2n1C4CCCCC4,7.8
133,CHEMBL3622150,CCn1c(cc2c1nc(Nc3cc(C)[nH]n3)c4ncn(C)c24)C(=O)N(C5CC5)C6CC6,7.8
134,CHEMBL3655088,CN([C@@H]1C[C@@H](C1)NS(=O)(=O)[C@@H]2C[C@@](C)(CC#N)C2)c3ncnc4[nH]ccc34,7.8
135,CHEMBL3647804,COCC(C)(C)N[C@H]1CCC([C@H](C1)C#N)n2cc(C(=O)N)c(Nc3ccccc3)n2,7.8
136,CHEMBL2376157,C[C@@H](NC(=O)c1c[nH]c2ncc(nc12)c3ncn4cc(F)ccc34)C(=O)N5CC(C5)C#N,7.8
137,CHEMBL3116054,C[C@H](Nc1nc(Nc2cn(C)cn2)c3cnn(C)c3n1)c4ncc(F)cn4,7.8
138,CHEMBL3702894,Cc1cncc(Nc2nn(cc2C(=O)N)[C@H]3CCCC[C@@H]3C#N)c1,7.8
139,CHEMBL3694583,Clc1cnc2Nc3cccc(OCCOc4cccc(CNc1n2)c4)c3,7.8
140,CHEMBL3360355,FC(F)(F)C(=O)NCc1ccc(cc1)c2cccc3nc(NC(=O)C4CC4)nn23,7.8
141,CHEMBL2206612,N#CCCN1CCC(CC1)n2c(CC3CCCC3)nc4cnc5[nH]ccc5c24,7.8
142,CHEMBL3647877,NC(=O)c1cn(nc1Nc2ccc(Cl)cc2)[C@@H]3CC[C@H](C[C@H]3C#N)C(=O)N4CC5(CCC5)C4,7.8
143,CHEMBL3699519,NC(=O)c1cn(nc1Nc2ccc(F)cc2)C3CCCC[C@@H]3C#N,7.8
144,CHEMBL3647921,NC(=O)c1cn(nc1Nc2ccc(cc2)S(=O)(=O)C(F)(F)F)[C@H]3CCCC[C@@H]3C#N,7.8
145,CHEMBL3699471,NC(=O)c1cn(nc1Nc2ccccc2)C3CCC[C@@H](O)[C@@H]3C#N,7.8
146,CHEMBL3593771,NC(=O)c1cnc2[nH]ccc2c1NC3CCN(CC3)c4ccc(cn4)C#N,7.8
147,CHEMBL2152303,C(N1CC[C@H](C1)n2cnc3cnc4[nH]ccc4c23)c5ccccc5,7.82
148,CHEMBL3335686,CC(C)(C)CS(=O)(=O)N1CCC[C@@H](C1)NC(=O)Nc2cnc3[nH]ccc3n2,7.82
149,CHEMBL21156,CC(C)(C)c1nc2c3ccc(F)cc3c4C(=O)NC=Cc4c2[nH]1,7.82
150,CHEMBL3763252,CC(C)C(C)N1C=C(c2ccc(cn2)N3CCOCC3)c4[nH]nc(N)c4C1=O,7.82
151,CHEMBL2152404,CN1CCC[C@H]1C(=O)N2CCC(CC2)n3cnc4cnc5[nH]ccc5c34,7.82
152,CHEMBL3703009,C[C@@H]1C[C@@H](C)N1[C@@H]2CC[C@@H]([C@H](C2)C#N)n3cc(C(=O)N)c(Nc4ccc(cc4)C(F)(F)F)n3,7.82
153,CHEMBL3359926,C[C@@]1(CCC[C@H]1Nc2c(cnn3cccc23)C(=O)N)C#N,7.82
154,CHEMBL3670391,Cc1ccccc1c2nc(C)sc2NC(=O)c3cnn4ccc(N)nc34,7.82
155,CHEMBL3694592,Clc1cnc2Nc3cccc(CCCOc4cc(Br)cc(CNc1n2)c4)c3,7.82
156,CHEMBL3647844,NC(=O)c1cn(nc1Nc2ccc(Cl)cc2)[C@H]3CC[C@@](O)(C[C@@H]3C#N)C4CC4,7.82
157,CHEMBL3699474,NC(=O)c1cn(nc1Nc2ccccc2)C3C[C@@H](O)CC[C@@H]3C#N,7.82
158,CHEMBL3699501,NC(=O)c1cn(nc1Nc2ccnc(F)c2)C3CC[C@@H](O)C[C@@H]3C#N,7.82
159,CHEMBL3335691,O=S(=O)(CC#N)N1CCC[C@@H](C1)Nc2ncccc2c3cnc4[nH]ccc4n3,7.82
160,CHEMBL3652282,CN([C@@H]1CC[C@@H](CS(=O)(=O)N2CCCC(CN3CCCC3)C2)CC1)c4ncnc5[nH]ccc45,7.83
161,CHEMBL3652292,CN([C@@H]1CC[C@@H](CS(=O)(=O)N2CCCC(O)(COc3cccc(F)c3)C2)CC1)c4ncnc5[nH]ccc45,7.83
162,CHEMBL3652395,CC[C@H]1CCCCC1NS(=O)(=O)C[C@@H]2CC[C@H](CC2)N(C)c3ncnc4[nH]ccc34,7.84
163,CHEMBL3652397,CN([C@@H]1CC[C@@H](CS(=O)(=O)N2CCCC3(CNC(=O)C3)C2)CC1)c4ncnc5[nH]ccc45,7.84
164,CHEMBL3652350,CN([C@@H]1CC[C@@H](CS(=O)(=O)N2C[C@](C)(CO)[C@](C)(CO)C2)CC1)c3ncnc4[nH]ccc34,7.84
165,CHEMBL3655082,CC(C)CS(=O)(=O)N[C@@H]1C[C@@H](C1)N(C)c2ncnc3[nH]ccc23,7.85
166,CHEMBL3652380,CN([C@@H]1CC[C@@H](CS(=O)(=O)N2CCC2)CC1)c3ncnc4[nH]ccc34,7.85
167,CHEMBL3658862,CN([C@@H]1C[C@H](CS(=O)(=O)CCC2CC2)C1)c3ncnc4[nH]ccc34,7.85
168,CHEMBL3699487,COC(=O)[C@H]1CCC([C@H](C1)C#N)n2cc(C(=O)N)c(Nc3ccc(F)cc3)n2,7.85
169,CHEMBL3593579,C[C@@H]1CCCC[C@@H]1N2C(=O)Nc3cnc4[nH]ccc4c23,7.85
170,CHEMBL2206617,N#CCCN1CCC(CC1)n2c(CCn3cccn3)nc4cnc5[nH]ccc5c24,7.85
171,CHEMBL3645122,NC(=O)[C@@H]1CCCN(C1)c2ccc(Nc3ncc(C(=O)N)c(NC4CC4)n3)cc2,7.85
172,CHEMBL3644644,CCc1cc(O)c(F)cc1c2ccc3c(n[nH]c3c2)c4nc5cc(Cc6ccc7C=CCNc7n6)cnc5[nH]4,7.86
173,CHEMBL3652393,CN([C@@H]1CC[C@@H](CS(=O)(=O)N2CCN(Cc3ccccn3)CC2)CC1)c4ncnc5[nH]ccc45,7.86
174,CHEMBL3652349,CN([C@@H]1CC[C@@H](CS(=O)(=O)N2C[C@@H](F)[C@H](F)C2)CC1)c3ncnc4[nH]ccc34,7.86
175,CHEMBL3652319,CN([C@@H]1CC[C@@H](CS(=O)(=O)N2CCC(CC2)C(C)(C)O)CC1)c3ncnc4[nH]ccc34,7.87
176,CHEMBL3671823,C[C@]1(F)CCC[C@H]1Nc2c(cnn3cc(cc23)N4CCOC4=O)C(=O)N,7.87
177,CHEMBL3671824,C[C@]1(F)CCC[C@H]1Nc2c(cnn3cc(cc23)N4CCOCC4=O)C(=O)N,7.87
178,CHEMBL3039513,CC[C@@](C)(Nc1ccnc(n1)c2c[nH]c3ncccc23)C(=O)NCC(F)(F)F,7.88
179,CHEMBL3652298,CN([C@@H]1CC[C@@H](CS(=O)(=O)N2CC[C@H](O)C2)CC1)c3ncnc4[nH]ccc34,7.88
180,CHEMBL2386641,CC(C)(O)c1nc2cnc3[nH]ccc3c2n1C4CCCCC4,7.89
181,CHEMBL3655099,CN([C@@H]1C[C@@H](C1)NS(=O)(=O)N2CC[C@@H](C2)C#N)c3ncnc4[nH]ccc34,7.89
182,CHEMBL2152423,COC(=O)N(C)[C@@H]1CC[C@H](CC1)n2cnc3cnc4[nH]ccc4c23,7.89
183,CHEMBL3652315,COCC1CCN(CC1)S(=O)(=O)C[C@@H]2CC[C@H](CC2)N(C)c3ncnc4[nH]ccc34,7.89
184,CHEMBL2206059,CS(=O)(=O)NCc1nc2cnc3[nH]ccc3c2n1[C@@H]4C[C@H]5CC[C@@H]4C5,7.89
185,CHEMBL3781636,Cc1[nH]c(nc1c2cnn(C)c2)C3=C(N[C@@H]4CC[C@H](N)CC4)C=CNC3=O,7.89
186,CHEMBL3694578,Clc1cnc2Nc3cccc(CCOc4cccc(CNc1n2)c4)c3,7.89
187,CHEMBL2206618,Cn1ccc(CCc2nc3cnc4[nH]ccc4c3n2C5CCN(CCC#N)CC5)n1,7.89
188,CHEMBL3647833,NC(=O)c1cn(nc1Nc2ccc(Cl)c(F)c2)[C@H]3CC[C@@](O)(C[C@@H]3[N+]#[C-])C4CC4,7.89
189,CHEMBL3647878,NC(=O)c1cn(nc1Nc2ccc(Cl)cc2)[C@@H]3CC[C@H](C[C@H]3C#N)C(=O)NC(C4CC4)C5CC5,7.89
190,CHEMBL3647891,NC(=O)c1cn(nc1Nc2ccc(Cl)cc2)[C@@H]3CC[C@H](C[C@H]3C#N)C(=O)NC4CC(F)(F)C4,7.89
191,CHEMBL3699472,NC(=O)c1cn(nc1Nc2ccccc2)C3CCC[C@H](O)[C@H]3C#N,7.89
192,CHEMBL3650681,NC(=O)c1cn(nc1Nc2ccccc2)[C@H]3CC4(CC[C@@H]3C#N)OCCO4,7.89
193,CHEMBL2436965,O=C1NC=Cc2c(N[C@@H]3CCC[C@@H]3C#N)ncnc12,7.89
194,CHEMBL3652382,CN([C@@H]1CC[C@@H](CS(=O)(=O)N2CC(F)C2)CC1)c3ncnc4[nH]ccc34,7.9
195,CHEMBL3652366,CN([C@@H]1CC[C@@H](CS(=O)(=O)N2CC[C@](CO)(CCO)C2)CC1)c3ncnc4[nH]ccc34,7.9
196,CHEMBL388978,CN[C@@H]1C[C@H]2O[C@@](C)([C@@H]1OC)n3c4ccccc4c5c6CNC(=O)c6c7c8ccccc8n2c7c35,7.9
197,CHEMBL3666891,C[C@@]1(N)CC[C@H](Nc2c(cnn3cc(cc23)c4ccc(cc4)C#N)C(=O)N)C1(C)C,7.9
198,CHEMBL2152416,C1CN(CCO1)[C@@H]2CC[C@H](CC2)n3cnc4cnc5[nH]ccc5c34,7.92
199,CHEMBL2206625,CC(=O)NCc1nc2cnc3[nH]ccc3c2n1C4CCN(CC(F)(F)F)CC4,7.92
200,CHEMBL2325895,CC(C)(C)[C@@H](NC(=O)c1c[nH]c2ncc(nc12)C3CC3)C(=O)N4CC(C4)C#N,7.92
201,CHEMBL3647779,CC1(CC1)N[C@@H]2CCC([C@H](C2)C#N)n3cc(C(=O)N)c(Nc4ccc(Cl)cc4)n3,7.92
202,CHEMBL3703094,CN(C)[C@@H]1CC[C@@H]([C@H](C1)C#N)n2cc(C(=O)N)c(Nc3ccnc(F)c3)n2,7.92
203,CHEMBL3652392,CN([C@@H]1CC[C@@H](CS(=O)(=O)N2CCN(CC2)c3ncccc3C#N)CC1)c4ncnc5[nH]ccc45,7.92
204,CHEMBL3647916,CN([C@@H]1CC[C@@H]([C@H](C1)C#N)n2cc(C(=O)N)c(Nc3ccc(Cl)cc3)n2)S(=O)(=O)C,7.92
205,CHEMBL3658126,CNC(=O)c1ccc(Nc2ncc3CN(CCc3n2)c4cc(NC(=O)c5cc(ccn5)C(F)(F)F)ccc4Cl)cc1,7.92
206,CHEMBL2392486,COC(=O)N[C@@H]1CC[C@H](C1)n2nnc3cnc4[nH]ccc4c23,7.92
207,CHEMBL2392483,COC(=O)N[C@@H]1CC[C@H](CC1)n2nnc3cnc4[nH]ccc4c23,7.92
208,CHEMBL3702893,COC(=O)c1cncc(Nc2nn(cc2C(=O)N)[C@H]3CCCC[C@@H]3C#N)c1,7.92
209,CHEMBL3652339,CO[C@@H]1CCN(C1)S(=O)(=O)C[C@@H]2CC[C@H](CC2)N(C)c3ncnc4[nH]ccc34,7.92
210,CHEMBL3667516,COc1cnc(cc1c2nn(CC(C)(C)O)cc2NC(=O)c3cnn4cccnc34)C(F)(F)F,7.92
211,CHEMBL2376151,C[C@@H](NC(=O)c1c[nH]c2ncc(nc12)c3nn(C)c4cc(ccc34)C(C)(C)C)C(=O)N5CC(C5)C#N,7.92
212,CHEMBL2386626,C[C@@H](O)c1nc2cnc3[nH]ccc3c2n1[C@@H]4CC[C@H](O)CC4,7.92
213,CHEMBL2152299,C[C@@H]1CCN(Cc2ccccc2)C[C@@H]1n3cnc4cnc5[nH]ccc5c34,7.92
214,CHEMBL3647798,NC(=O)c1cn(nc1Nc2ccc(Cl)cc2)[C@H]3CC[C@H](C[C@@H]3C#N)NCC(F)(F)F,7.92
215,CHEMBL3702901,NC(=O)c1cn(nc1Nc2ccc(nc2)C3CC3)[C@H]4CCCC[C@@H]4C#N,7.92
216,CHEMBL3702895,NC(=O)c1cn(nc1Nc2cncc(c2)C#N)[C@H]3CCCC[C@@H]3C#N,7.92
217,CHEMBL3699489,NCC1CCC([C@@H](C1)C#N)n2cc(C(=O)N)c(Nc3ccc(F)cc3)n2,7.92
218,CHEMBL2392499,O[C@@H]1CC[C@H](CC1)n2nnc3cnc4[nH]ccc4c23,7.92
219,CHEMBL3652321,CN([C@@H]1CC[C@@H](CS(=O)(=O)N2CCC(CS(=O)(=O)CC3CC3)CC2)CC1)c4ncnc5[nH]ccc45,7.93
220,CHEMBL3652310,CC1CN(CCN1C)S(=O)(=O)C[C@@H]2CC[C@H](CC2)N(C)c3ncnc4[nH]ccc34,7.94
221,CHEMBL3652295,CN([C@@H]1CC[C@@H](CS(=O)(=O)N2CC[C@H](O)[C@H](O)C2)CC1)c3ncnc4[nH]ccc34,7.94
222,CHEMBL3652294,CN([C@@H]1CC[C@@H](CS(=O)(=O)N2CCCC(Cc3ccccn3)C2)CC1)c4ncnc5[nH]ccc45,7.95
223,CHEMBL2152418,CC(C)C(=O)N[C@@H]1CC[C@H](CC1)n2cnc3cnc4[nH]ccc4c23,7.96
224,CHEMBL3647930,CC1(C)CC[C@H](C#N)[C@H](C1)n2cc(C(=O)N)c(Nc3ccccc3)n2,7.96
225,CHEMBL3652300,CCN[C@@H](C)[C@@H]1CCN(C1)S(=O)(=O)CC2CCC(CC2)N(C)c3ncnc4[nH]ccc34,7.96
226,CHEMBL3699490,CN(C)CC1CCC([C@@H](C1)C#N)n2cc(C(=O)N)c(Nc3ccc(F)cc3)n2,7.96
227,CHEMBL3652276,CN(C1CCC(CS(=O)(=O)N2CCC(CO)CC2)CC1)c3ncnc4[nH]ccc34,7.96
228,CHEMBL3647743,CN(CCC(F)(F)F)[C@@H]1CC[C@@H]([C@H](C1)C#N)n2cc(C(=O)N)c(Nc3ccc(cc3)S(=O)(=O)C(F)(F)F)n2,7.96
229,CHEMBL3652308,CN([C@@H]1CC[C@@H](CS(=O)(=O)N2CC[C@@H](CC#N)C2)CC1)c3ncnc4[nH]ccc34,7.96
230,CHEMBL2152406,CN1CCCC[C@H]1C(=O)N2CCC(CC2)n3cnc4cnc5[nH]ccc5c34,7.96
231,CHEMBL3645120,CNC(=O)[C@H]1CCCN(C1)c2ccc(Nc3ncc(C(=O)N)c(NC4CC4)n3)cc2,7.96
232,CHEMBL3652387,COC(=O)NC1CN(C1)S(=O)(=O)C[C@@H]2CC[C@H](CC2)N(C)c3ncnc4[nH]ccc34,7.96
233,CHEMBL3702993,C[C@H](N[C@@H]1CC[C@@H]([C@H](C1)C#N)n2cc(C(=O)N)c(Nc3ccc(OC(F)F)nc3)n2)C4CC4,7.96
234,CHEMBL3593779,C[C@H]1CN(CC[C@H]1Nc2c(cnc3[nH]ccc23)C(=O)N)c4ccc(cn4)C#N,7.96
235,CHEMBL3671792,Cn1nccc1c2cc3c(N[C@@H]4C[C@@H](O)[C@@H](O)C4(C)C)c(cnn3c2)C(=O)N,7.96
236,CHEMBL3699485,NC(=O)c1cn(nc1Nc2ccc(F)cc2)[C@H]3C[C@@H](CC[C@@H]3C#N)NCc4ccccc4,7.96
237,CHEMBL3699524,NC(=O)c1cn(nc1Nc2ccc(F)nc2)[C@@H]3CCCC[C@H]3C#N,7.96
238,CHEMBL3647853,NC(=O)c1cn(nc1Nc2ccc(OC(F)F)cc2)[C@H]3CC[C@H](O)C[C@@H]3C#N,7.96
239,CHEMBL3699517,NC(=O)c1cn(nc1Nc2ccc(cc2)C#N)[C@H]3CCCC[C@H]3C#N,7.96
240,CHEMBL3647824,NC(=O)c1cn(nc1Nc2ccc(cc2)C(F)(F)F)[C@H]3CC[C@H](C[C@@H]3C#N)NCc4c(F)cccc4F,7.96
241,CHEMBL1078178,O=C(NCC#N)c1ccc(cc1)c2ccnc(Nc3ccc(cc3)N4CCOCC4)n2,7.96
242,CHEMBL3601120,OCCn1cc(Nc2ncc(Cl)c(NCc3cccc(NC(=O)C=C)c3)n2)cn1,7.96
243,CHEMBL3652386,CN([C@@H]1CC[C@@H](CS(=O)(=O)N2CC(C2)S(=O)(=O)CC3CC3)CC1)c4ncnc5[nH]ccc45,7.97
244,CHEMBL3652385,CN([C@@H]1CC[C@@H](CS(=O)(=O)N2CC(O)C2)CC1)c3ncnc4[nH]ccc34,7.97
245,CHEMBL3652332,C[C@H]1CCCN(C1)S(=O)(=O)C[C@@H]2CC[C@H](CC2)N(C)c3ncnc4[nH]ccc34,7.97
246,CHEMBL3652391,CN([C@@H]1CC[C@@H](CS(=O)(=O)N2CCN(CC2)c3ncccc3C(=O)NC4CC4)CC1)c5ncnc6[nH]ccc56,7.98
247,CHEMBL3652374,CN([C@@H]1CC[C@@H](CS(=O)(=O)N2CC[C@@](O)(C2)c3ccccn3)CC1)c4ncnc5[nH]ccc45,7.98
248,CHEMBL3652356,CN([C@@H]1CC[C@@H](CS(=O)(=O)N2CC[C@@](O)(CCc3onc(C)c3)C2)CC1)c4ncnc5[nH]ccc45,7.98
249,CHEMBL3652306,C[C@H]1CN(C[C@H]1S(=O)(=O)C)S(=O)(=O)C[C@@H]2CC[C@H](CC2)N(C)c3ncnc4[nH]ccc34,7.98
250,CHEMBL2322134,C1CCC(CC1)c2ncc3cnc4[nH]ccc4n23,8.0
251,CHEMBL3780897,CC(=O)N1CCC(CC1)NC2=C(C(=O)NC=C2)c3nc4ccccc4[nH]3,8.0
252,CHEMBL2206631,CC(=O)NCc1nc2cnc3[nH]ccc3c2n1C4CCCCC4,8.0
253,CHEMBL3647903,CC1(O)CN(C1)C(=O)[C@H]2CC[C@@H]([C@H](C2)C#N)n3cc(C(=O)N)c(Nc4ccc(Cl)cc4)n3,8.0
254,CHEMBL3652348,CN(C)C(=O)CO[C@@H]1CCN(C1)S(=O)(=O)C[C@@H]2CC[C@H](CC2)N(C)c3ncnc4[nH]ccc34,8.0
255,CHEMBL2376150,C[C@@H](NC(=O)c1c[nH]c2ncc(nc12)c3nn(C)c4cc(ccc34)C5CC5)C(=O)N6CC(C6)C#N,8.0
256,CHEMBL3702928,C[C@@]1(CC[C@H](O)C[C@@H]1n2cc(C(=O)N)c(Nc3ccc(F)cc3)n2)C#N,8.0
257,CHEMBL2386639,C[C@H](O)c1nc2cnc3[nH]ccc3c2n1C4CCCCC4,8.0
258,CHEMBL2159141,Cc1nc2cnc3[nH]ccc3c2n1C4CCNCC4,8.0
259,CHEMBL3647909,NC(=O)c1cn(nc1Nc2ccc(Cl)cc2)[C@@H]3CC[C@H](C[C@H]3C#N)C(=O)N4CC5(COC5)C4,8.0
260,CHEMBL3647884,NC(=O)c1cn(nc1Nc2ccc(Cl)cc2)[C@@H]3CC[C@H](C[C@H]3C#N)C(=O)NC4CCC4,8.0
261,CHEMBL3647822,NC(=O)c1cn(nc1Nc2ccc(cc2)C(F)(F)F)[C@@H]3CC[C@@H](C[C@H]3C#N)N(CC4CC4)C5CCC5,8.0
262,CHEMBL3699514,NC(=O)c1cn(nc1Nc2cccnc2)[C@H]3CCCC[C@@H]3C#N,8.0
263,CHEMBL3301607,O=C(Nc1nc2cccc(c3ccc(CN4CCS(=O)(=O)CC4)cc3)n2n1)C5CC5,8.0
264,CHEMBL3652291,CN([C@@H]1CC[C@@H](CS(=O)(=O)N2CCCC(C2)c3oc(C)nn3)CC1)c4ncnc5[nH]ccc45,8.01
265,CHEMBL2152415,N[C@@H]1CC[C@@H](CC1)n2cnc3cnc4[nH]ccc4c23,8.01
266,CHEMBL2151053,COC(=O)N[C@@H]1CC[C@H](CC1)n2cnc3cnc4[nH]ccc4c23,8.02
267,CHEMBL3652340,COC[C@H]1CCCN1S(=O)(=O)C[C@@H]2CC[C@H](CC2)N(C)c3ncnc4[nH]ccc34,8.02
268,CHEMBL2152397,O=S(=O)(N1CCC(CC1)n2cnc3cnc4[nH]ccc4c23)c5ccccc5,8.02
269,CHEMBL2152419,C(N[C@@H]1CC[C@H](CC1)n2cnc3cnc4[nH]ccc4c23)C5CC5,8.03
270,CHEMBL2159203,Cc1nc2cnc3[nH]ccc3c2n1[C@@H]4CCNC[C@@H]4F,8.03
271,CHEMBL2206616,Cn1ccnc1CCc2nc3cnc4[nH]ccc4c3n2C5CCN(CCC#N)CC5,8.03
272,CHEMBL2206062,CC(C)c1nc2cnc3[nH]ccc3c2n1C4CCN(CCC#N)CC4,8.04
273,sunitinib,CCN(CC)CCNC(=O)c1c(C)[nH]c(\C=C\2/C(=O)Nc3ccc(F)cc23)c1C,8.04
274,CHEMBL3639511,CN([C@@H]1CC[C@@H](CS(=O)(=O)N2CCC(O)CC2)CC1)c3ncnc4[nH]ccc34,8.04
275,CHEMBL3647876,CC(C)(O)C1CN(C1)C(=O)[C@@H]2CC[C@H]([C@@H](C2)C#N)n3cc(C(=O)N)c(Nc4ccc(Cl)cc4)n3,8.05
276,CHEMBL3650676,CC1(C)CN(C1)C(=O)[C@@H]2CC[C@H]([C@@H](C2)[N+]#[C-])n3cc(C(=O)N)c(Nc4ccc(Cl)cc4)n3,8.05
277,CHEMBL3647904,CC1(CNC(=O)[C@H]2CC[C@@H]([C@H](C2)C#N)n3cc(C(=O)N)c(Nc4ccc(Cl)cc4)n3)COC1,8.05
278,CHEMBL3658860,CCCCS(=O)(=O)C[C@@H]1C[C@@H](C1)N(C)c2ncnc3[nH]ccc23,8.05
279,CHEMBL3672450,CC[C@@H]1CN(CC[C@H]1Nc2c(cnn3cc(cc23)c4cnn(C)c4)C(=O)N)C(=O)[C@@H](C)O,8.05
280,CHEMBL3647814,CN(C1COC1)[C@H]2CC[C@H]([C@@H](C2)[N+]#[C-])n3cc(C(=O)N)c(Nc4ccc(cc4)C(F)(F)F)n3,8.05
281,CHEMBL3652334,CN([C@@H]1CC[C@@H](CS(=O)(=O)N2CCC[C@@](C)(CO)C2)CC1)c3ncnc4[nH]ccc34,8.05
282,CHEMBL3658856,CN([C@@H]1C[C@H](CS(=O)(=O)N2CCC(F)(F)CC2)C1)c3ncnc4[nH]ccc34,8.05
283,CHEMBL3658864,CN([C@@H]1C[C@H](CS(=O)(=O)[C@H]2CC[C@@H](C2)C#N)C1)c3ncnc4[nH]ccc34,8.05
284,CHEMBL3746766,COc1ccc(c(C)c1)c2nc3c(NCC4CCNCC4)c(Cl)cnc3[nH]2,8.05
285,CHEMBL3702918,COc1cccc(c1)N2CCN(CC2)S(=O)(=O)c3ccc(Nc4nn(cc4C(=O)N)[C@H]5CCCC[C@@H]5C#N)cc3,8.05
286,CHEMBL3359927,C[C@]1(F)CCC[C@H]1Nc2c(cnn3cccc23)C(=O)N,8.05
287,CHEMBL3647906,NC(=O)c1cn(nc1Nc2ccc(Cl)cc2)[C@@H]3CC[C@H](C[C@H]3C#N)C(=O)N4CC(F)C4,8.05
288,CHEMBL3647889,NC(=O)c1cn(nc1Nc2ccc(Cl)cc2)[C@@H]3CC[C@H](C[C@H]3C#N)C(=O)N[C@@H](C4CC4)C(F)(F)F,8.05
289,CHEMBL3647887,NC(=O)c1cn(nc1Nc2ccc(Cl)cc2)[C@H]3CC[C@@H](C[C@@H]3C#N)C(=O)N[C@H](C4CC4)C(F)(F)F,8.05
290,CHEMBL3699465,NC(=O)c1cn(nc1Nc2ccccc2)C3CC4(CCC3C#N)OCCO4,8.05
291,CHEMBL3703075,NC(=O)c1cn(nc1Nc2ccnc(F)c2)[C@H]3CC[C@H](C[C@@H]3C#N)NCC(F)F,8.05
292,CHEMBL3652394,CN([C@@H]1CC[C@@H](CS(=O)(=O)N2CCSC2)CC1)c3ncnc4[nH]ccc34,8.06
293,CHEMBL603469,C[C@]12O[C@H](C[C@]1(O)CO)n3c4ccccc4c5c6C(=O)NCc6c7c8ccccc8n2c7c35,8.06
294,CHEMBL2206614,N#CCCN1CCC(CC1)n2c(CCC3CCCO3)nc4cnc5[nH]ccc5c24,8.06
295,CHEMBL2392487,C(N1CCC(CC1)n2nnc3cnc4[nH]ccc4c23)c5ccccc5,8.07
296,CHEMBL3652390,CN([C@@H]1CC[C@@H](CS(=O)(=O)N2CCN(CC2)c3ccccn3)CC1)c4ncnc5[nH]ccc45,8.07
297,CHEMBL2152408,CC1(CCN(Cc2cncnc2)CC1)n3cnc4cnc5[nH]ccc5c34,8.08
298,CHEMBL2206620,CCOC(=O)NCc1nc2cnc3[nH]ccc3c2n1C4CCN(CCC#N)CC4,8.08
299,CHEMBL3644621,CCc1cc(O)c(F)cc1c2ccc3c(n[nH]c3c2)c4nc5CN(CCc5[nH]4)S(=O)(=O)c6ccc(nc6)N7CCOCC7,8.08
300,CHEMBL3652322,CN([C@@H]1CC[C@@H](CS(=O)(=O)N2CCC(CC2)c3onc(CS(=O)(=O)C)n3)CC1)c4ncnc5[nH]ccc45,8.08
301,CHEMBL3652370,CN([C@@H]1CC[C@@H](CS(=O)(=O)N2CC[C@](C)(O)C2)CC1)c3ncnc4[nH]ccc34,8.08
302,CHEMBL3360350,OCc1cc(Cc2ccc(cc2)c3cccc4nc(NC(=O)C5CC5)nn34)ccc1O,8.08
303,CHEMBL3666882,CC(=O)Nc1cc2c(N[C@@H]3CC[C@@](C)(O)C3(C)C)c(cnn2c1)C(=O)N,8.09
304,CHEMBL3780249,CC(C)(C)OC(=O)NCC(C)(CN)CNC1=C(C(=O)NC=C1)c2nc3CCCCc3[nH]2,8.1
305,CHEMBL2392493,CC1(CCN(CC1)S(=O)(=O)C)n2nnc3cnc4[nH]ccc4c23,8.1
306,CHEMBL3652316,CCC1(CCN(CC1)S(=O)(=O)C[C@@H]2CC[C@H](CC2)N(C)c3ncnc4[nH]ccc34)C(=O)N,8.1
307,CHEMBL3703005,CN(C)[C@@H]1CC[C@@H]([C@H](C1)C#N)n2cc(C(=O)N)c(Nc3ccc(nc3)C(F)(F)F)n2,8.1
308,CHEMBL3703002,CN(C)[C@H]1CC[C@@H]([C@H](C1)C#N)n2cc(C(=O)N)c(Nc3ccc(nc3)C(F)(F)F)n2,8.1
309,CHEMBL3658853,CN([C@@H]1C[C@@H](C1)NS(=O)(=O)N2C[C@H]3C[C@]3(C2)C#N)c4ncnc5[nH]ccc45,8.1
310,CHEMBL3672469,CO[C@H]1CN(C[C@H]1Nc2c(cnn3cc(cc23)c4ccc(OC)nc4)C(=O)N)S(=O)(=O)C,8.1
311,CHEMBL3672471,COc1ccc(cn1)c2cc3c(N[C@H]4CCN(CC4(C)C)C(=O)[C@H](C)O)c(cnn3c2)C(=O)N,8.1
312,CHEMBL3703026,C[C@H](N[C@@H]1CC[C@@H]([C@H](C1)C#N)n2cc(C(=O)N)c(Nc3ccc(Cl)c(F)c3)n2)C4CC4,8.1
313,CHEMBL3702925,NC(=O)c1cn(nc1Nc2ccc(Cl)cc2)[C@H]3CCCC[C@@H]3C#N,8.1
314,CHEMBL3702938,NC(=O)c1cn(nc1Nc2ccc(OC(F)F)nc2)[C@H]3CC[C@@H](O)C[C@@H]3C#N,8.1
315,CHEMBL3703012,NC(=O)c1cn(nc1Nc2ccc(nc2)C(F)(F)F)[C@H]3CC[C@H](C[C@@H]3C#N)N4CCC4,8.1
316,CHEMBL3647854,NC(=O)c1cn(nc1Nc2ccc(nc2)C(F)F)[C@H]3CC[C@H](O)C[C@@H]3C#N,8.1
317,CHEMBL3699459,NC(=O)c1cn(nc1Nc2ccccc2)[C@H]3CCC[C@@H]3C#N,8.1
318,CHEMBL3652329,CN(C)S(=O)(=O)C[C@H]1CCCN(C1)S(=O)(=O)C[C@@H]2CC[C@H](CC2)N(C)c3ncnc4[nH]ccc34,8.11
319,CHEMBL3652296,CN([C@@H]1CC[C@@H](CS(=O)(=O)N2CCC(C)(O)CC2)CC1)c3ncnc4[nH]ccc34,8.11
320,CHEMBL3644639,Oc1cc(CC(F)(F)F)c(cc1F)c2ccc3c(n[nH]c3c2)c4nc5CN(CCc5[nH]4)C(=O)c6ccc(F)cc6,8.11
321,CHEMBL3667482,CC[C@H](O)C(=O)N1CC[C@@H](Nc2c(cnn3cc(cc23)c4cnn(C)c4)C(=O)N)[C@H](CC)C1,8.12
322,CHEMBL3652336,CN([C@@H]1CC[C@@H](CS(=O)(=O)N2CCC[C@@](C)(O)C2)CC1)c3ncnc4[nH]ccc34,8.12
323,CHEMBL3667486,CC[C@@H]1CN(CC[C@H]1Nc2c(cnn3cc(cc23)c4cnn(C)c4)C(=O)N)C(=O)CC(F)(F)F,8.13
324,CHEMBL3652353,CN([C@@H]1CC[C@@H](CS(=O)(=O)N2CC[C@@H](C2)S(=O)(=O)Cc3ccccc3)CC1)c4ncnc5[nH]ccc45,8.13
325,CHEMBL3652307,CN([C@@H]1CC[C@@H](CS(=O)(=O)N2CC[C@@H](F)C2)CC1)c3ncnc4[nH]ccc34,8.13
326,CHEMBL2376040,COc1cc(cc(OC)c1OC)c2cnc3[nH]cc(C(=O)N[C@H](C)C(=O)N4CC(C4)C#N)c3n2,8.13
327,CHEMBL3652399,C[C@@H]1C[C@@H](CS(=O)(=O)N2CCC(CO)CC2)CC[C@@H]1N(C)c3ncnc4[nH]ccc34,8.13
328,CHEMBL3670390,Cc1cc(NC(=O)c2cnn3ccc(N)nc23)n(n1)c4cc(Cl)ccc4C,8.13
329,CHEMBL3652280,CN([C@@H]1CC[C@@H](CS(=O)(=O)N2CCCC(C2)C(F)(F)F)CC1)c3ncnc4[nH]ccc34,8.14
330,CHEMBL2206621,CS(=O)(=O)NCc1nc2cnc3[nH]ccc3c2n1C4CCN(CCC#N)CC4,8.14
331,CHEMBL2159211,Cc1nc2cnc3[nH]ccc3c2n1[C@H]4CCC[C@@H](O)C4,8.14
332,CHEMBL2386644,OC[C@H](O)c1nc2cnc3[nH]ccc3c2n1C4CCCCC4,8.14
333,CHEMBL3652279,CN([C@@H]1CC[C@@H](CS(=O)(=O)N2CCCC(C2)C(=O)C)CC1)c3ncnc4[nH]ccc34,8.15
334,CHEMBL3699498,CC(C)(C)OC(=O)C1CC[C@H](C#N)C(C1)n2cc(C(=O)N)c(Nc3ccccc3)n2,8.16
335,CHEMBL3781476,CC(C)(CNC(=O)OC(C)(C)C)CNC1=C(C(=O)NC=C1)c2nc3CCCCc3[nH]2,8.16
336,CHEMBL3763991,CC(C)[C@H](C)N1C=C(c2ccc(cn2)N3CCOCC3)c4[nH]nc(N)c4C1=O,8.16
337,CHEMBL3647770,CC1(C)CCN1[C@@H]2CC[C@@H]([C@H](C2)C#N)n3cc(C(=O)N)c(Nc4ccc(cc4)C(F)(F)F)n3,8.16
338,CHEMBL3699494,CC1CCC(C#N)C(C1)n2cc(C(=O)N)c(Nc3ccccc3)n2,8.16
339,CHEMBL3647752,CN(C(C1CC1)C2CC2)[C@@H]3CC[C@@H]([C@H](C3)C#N)n4cc(C(=O)N)c(Nc5ccc(cc5)S(=O)(=O)C(F)(F)F)n4,8.16
340,CHEMBL3703017,CN(C)[C@@H]1CC[C@@H]([C@H](C1)C#N)n2cc(C(=O)N)c(Nc3ccc(Cl)c(F)c3)n2,8.16
341,CHEMBL3702994,CN(C)[C@@H]1CC[C@@H]([C@H](C1)C#N)n2cc(C(=O)N)c(Nc3ccc(OC(F)F)nc3)n2,8.16
342,CHEMBL3652286,CN([C@@H]1CC[C@@H](CS(=O)(=O)N2CC[C@@H](O)[C@@H](O)C2)CC1)c3ncnc4[nH]ccc34,8.16
343,CHEMBL3652371,CN([C@@H]1CC[C@@H](CS(=O)(=O)N2CC[C@H](C2)c3ccccc3)CC1)c4ncnc5[nH]ccc45,8.16
344,CHEMBL3652363,CN([C@H]1CCN(C1)S(=O)(=O)C[C@@H]2CC[C@H](CC2)N(C)c3ncnc4[nH]ccc34)C(=O)OC(C)(C)C,8.16
345,CHEMBL3699552,NC(=O)c1cn(nc1Nc2cc(F)cc(Cl)c2)[C@H]3CCCC[C@@H]3C#N,8.16
346,CHEMBL3647895,NC(=O)c1cn(nc1Nc2ccc(Cl)cc2)[C@H]3CC[C@@H](C[C@@H]3C#N)C(=O)NCC(F)(F)F,8.16
347,CHEMBL3647866,NC(=O)c1cn(nc1Nc2ccc(F)cc2)C3CC[C@@H](C[C@@H]3C#N)OC(=O)Nc4ccccc4,8.16
348,CHEMBL3647870,NC(=O)c1cn(nc1Nc2ccc(F)cc2)C3CC[C@H](C[C@@H]3C#N)OC(=O)NC4CCCCC4,8.16
349,CHEMBL3702900,NC(=O)c1cn(nc1Nc2cnc(C#N)c(F)c2)[C@H]3CCCC[C@@H]3C#N,8.16
350,CHEMBL3699548,NC(=O)c1cn(nc1Nc2cncc(Cl)c2)[C@H]3CCCC[C@@H]3C#N,8.16
351,CHEMBL2436967,O=C1NC=Cc2c(NC3CCCC3C#N)ncnc12,8.16
352,CHEMBL3652359,CN([C@@H]1CC[C@@H](CS(=O)(=O)N2CC[C@@H](C2)Oc3ccccc3C#N)CC1)c4ncnc5[nH]ccc45,8.17
353,CHEMBL3645119,COCC(=O)N1CCN(CC1)c2ccc(Nc3ncc(C(=O)N)c(NC4CC4)n3)cc2,8.17
354,CHEMBL3645121,CS(=O)(=O)N1CCN(CC1)c2ccc(Nc3ncc(C(=O)N)c(NC4CC4)n3)cc2,8.17
355,CHEMBL2159212,Cc1nc2cnc3[nH]ccc3c2n1[C@@H]4CC[C@H](O)CC4,8.17
356,CHEMBL3301606,CC1(C)CN(C1)C(=O)c2ccc(cc2)c3cccc4nc(NC(=O)C5CC5)nn34,8.18
357,CHEMBL3652330,CN([C@@H]1CC[C@@H](CS(=O)(=O)N2CCC[C@@H](C2)C(=O)N)CC1)c3ncnc4[nH]ccc34,8.19
358,CHEMBL3652389,CN([C@@H]1CC[C@@H](CS(=O)(=O)N2CCN(CC2)c3ccc(C)c(C)n3)CC1)c4ncnc5[nH]ccc45,8.19
359,CHEMBL3652401,C[C@@H]1C[C@@H](CS(=O)(=O)N2CC[C@@H](CO)C2)CC[C@@H]1N(C)c3ncnc4[nH]ccc34,8.19
360,CHEMBL3652357,C[C@H]1CCCN1S(=O)(=O)C[C@@H]2CC[C@H](CC2)N(C)c3ncnc4[nH]ccc34,8.19
361,CHEMBL3652301,CCOCCO[C@@H]1CCN(C1)S(=O)(=O)CC2CCC(CC2)N(C)c3ncnc4[nH]ccc34,8.2
362,CHEMBL3644637,CCc1cc(O)c(F)cc1c2ccc3c(n[nH]c3c2)c4nc5CN(Cc6ccc(Oc7ccccc7)nc6)CCc5[nH]4,8.21
363,CHEMBL2392489,CS(=O)(=O)N1CCC(CC1)n2nnc3cnc4[nH]ccc4c23,8.21
364,CHEMBL3672475,CS(=O)(=O)N1C[C@H](CF)[C@@H](C1)Nc2c(cnn3cc(cc23)c4ccc(nc4)C(F)(F)F)C(=O)N,8.21
365,CHEMBL2159207,CC(=O)N[C@@H]1CC[C@H](CC1)n2c(C)nc3cnc4[nH]ccc4c23,8.22
366,CHEMBL2152413,CC(C)(C)OC(=O)N[C@@H]1CC[C@@H](CC1)n2cnc3cnc4[nH]ccc4c23,8.22
367,CHEMBL2152412,CC(C)(C)OC(=O)N[C@@H]1CC[C@H](CC1)n2cnc3cnc4[nH]ccc4c23,8.22
368,CHEMBL3647819,CC(C)CN[C@H]1CC[C@H]([C@@H](C1)C#N)n2cc(C(=O)N)c(Nc3ccc(cc3)C(F)(F)F)n2,8.22
369,CHEMBL3647873,CC(C)NC(=O)O[C@H]1CCC([C@H](C1)C#N)n2cc(C(=O)N)c(Nc3ccc(F)cc3)n2,8.22
370,CHEMBL3647875,CC1(C)CN(C1)C(=O)[C@H]2CC[C@@H]([C@H](C2)[N+]#[C-])n3cc(C(=O)N)c(Nc4ccc(Cl)cc4)n3,8.22
371,CHEMBL3652290,CCCS(=O)(=O)CC1CCCN(C1)S(=O)(=O)C[C@@H]2CC[C@H](CC2)N(C)c3ncnc4[nH]ccc34,8.22
372,CHEMBL3647820,CN(C1CCC1)[C@H]2CC[C@H]([C@@H](C2)C#N)n3cc(C(=O)N)c(Nc4ccc(cc4)C(F)(F)F)n3,8.22
373,CHEMBL3652318,CN([C@@H]1CC[C@@H](CS(=O)(=O)N2CCC(Cc3ncccn3)CC2)CC1)c4ncnc5[nH]ccc45,8.22
374,CHEMBL3655096,CN([C@@H]1C[C@@H](C1)NS(=O)(=O)C2CN(C2)C3CC3)c4ncnc5[nH]ccc45,8.22
375,CHEMBL3655085,CN([C@@H]1C[C@@H](C1)NS(=O)(=O)CC2(CC#N)COC2)c3ncnc4[nH]ccc34,8.22
376,CHEMBL3655093,CN([C@@H]1C[C@@H](C1)NS(=O)(=O)CC2CC(F)(F)C2)c3ncnc4[nH]ccc34,8.22
377,CHEMBL3655083,CN([C@@H]1C[C@@H](C1)NS(=O)(=O)[C@@H]2C[C@@H](CC#N)C2)c3ncnc4[nH]ccc34,8.22
378,CHEMBL3658857,CN([C@@H]1C[C@H](CS(=O)(=O)N2CCC(O)(CC2)C(F)(F)F)C1)c3ncnc4[nH]ccc34,8.22
379,CHEMBL3658868,CN([C@@H]1C[C@H](CS(=O)(=O)c2cc(ccn2)C#N)C1)c3ncnc4[nH]ccc34,8.22
380,CHEMBL3702899,COC(=O)c1ncc(Nc2nn(cc2C(=O)N)[C@H]3CCCC[C@@H]3C#N)cc1C,8.22
381,CHEMBL3671797,C[C@@]1(O)CC[C@@H](CC1)Nc2c(cnn3cc(cc23)c4ccc(cc4)[N+]#[C-])C(=O)N,8.22
382,CHEMBL3780977,Cc1[nH]c(nc1c2ccccc2)C3=C(N[C@@H]4CC[C@H](N)CC4)C=CNC3=O,8.22
383,CHEMBL3702931,Cn1cc(cn1)c2cncc(Nc3nn(cc3C(=O)N)C4CCCC[C@@H]4C#N)c2,8.22
384,CHEMBL3699478,NC(=O)c1cn(nc1Nc2ccc(CC(=O)O)cc2)[C@H]3CCCC[C@H]3[N+]#[C-],8.22
385,CHEMBL3699559,NC(=O)c1cn(nc1Nc2ccc(F)c(Cl)c2)[C@H]3CCCC[C@@H]3C#N,8.22
386,CHEMBL3702937,NC(=O)c1cn(nc1Nc2ccc(OC(F)(F)F)cc2)[C@H]3CC[C@@H](O)C[C@@H]3[N+]#[C-],8.22
387,CHEMBL3703072,NC(=O)c1cn(nc1Nc2ccc(OC(F)F)cc2)[C@H]3CC[C@@H](C[C@@H]3C#N)N4CCC4,8.22
388,CHEMBL3702923,NC(=O)c1cn(nc1Nc2ccc(OC(F)F)nc2)[C@H]3CCCC[C@@H]3C#N,8.22
389,CHEMBL3702950,NC(=O)c1cn(nc1Nc2ccc(cc2)C3CC3)[C@H]4CC[C@@H](O)C[C@@H]4C#N,8.22
390,CHEMBL3702916,NC(=O)c1cn(nc1Nc2ccc(cc2)S(=O)(=O)Nc3ccc(cc3)C(F)(F)F)[C@H]4CCCC[C@@H]4C#N,8.22
391,CHEMBL3702896,NC(=O)c1cn(nc1Nc2ccc(nc2)C#N)[C@H]3CCCC[C@@H]3C#N,8.22
392,CHEMBL3702991,NC(=O)c1cn(nc1Nc2ccc(nc2)C(F)(F)F)[C@H]3CC[C@@H](C[C@@H]3C#N)N4CCC4,8.22
393,CHEMBL3699464,NC(=O)c1cn(nc1Nc2ccccc2)C3CC[C@@H](O)C[C@@H]3C#N,8.22
394,CHEMBL3702960,NC(=O)c1cn(nc1Nc2ccnc(F)c2)[C@@H]3CC[C@H](C[C@@H]3[N+]#[C-])OCC4CC4,8.22
395,CHEMBL3699561,NC(=O)c1cn(nc1Nc2cnc3ccc(Cl)cc3c2)[C@H]4CCCC[C@@H]4C#N,8.22
396,CHEMBL3644634,CCc1cc(O)c(F)cc1c2ccc3c(n[nH]c3c2)c4nc5CN(Cc6ccnc(c6)C#N)CCc5[nH]4,8.23
397,CHEMBL3652275,CN(C1CCC(CS(=O)(=O)N2CC[C@@H](O)C2)CC1)c3ncnc4[nH]ccc34,8.23
398,CHEMBL3652288,CN([C@@H]1CC[C@@H](CS(=O)(=O)N2CCCC(COc3ccc(F)cc3)C2)CC1)c4ncnc5[nH]ccc45,8.23
399,CHEMBL3652343,CN([C@@H]1CC[C@@H](CS(=O)(=O)N2C[C@@H](O)[C@H](O)C2)CC1)c3ncnc4[nH]ccc34,8.23
400,CHEMBL2392480,N#CCCN[C@@H]1CC[C@H](CC1)n2nnc3cnc4[nH]ccc4c23,8.23
401,CHEMBL2152421,N#Cc1cccc(CN[C@@H]2CC[C@H](CC2)n3cnc4cnc5[nH]ccc5c34)c1,8.23
402,CHEMBL3671831,CC1(C)[C@@H](CC[C@]1(C)C(=O)N)Nc2c(cnn3cc(cc23)c4ccc(nc4)C#N)C(=O)N,8.24
403,CHEMBL3589169,CN1CCN(CC1)C(=O)c2ccc3[nH]c4c(cc(cc4c3c2)c5ccc(Cl)cc5)C(=O)N,8.24
404,CHEMBL2206627,CS(=O)(=O)NCc1nc2cnc3[nH]ccc3c2n1C4CCCOC4,8.24
405,CHEMBL2159209,Cc1nc2cnc3[nH]ccc3c2n1[C@@H]4CC[C@@H](O)CC4,8.24
406,CHEMBL2152414,N[C@@H]1CC[C@H](CC1)n2cnc3cnc4[nH]ccc4c23,8.24
407,CHEMBL3652364,CN([C@@H]1CC[C@@H](CS(=O)(=O)N2CC[C@@H](C2)c3ccccc3F)CC1)c4ncnc5[nH]ccc45,8.26
408,CHEMBL2376155,Cn1nc(c2cnc3[nH]cc(C(=O)N[C@@H](C(=O)N4CC(C4)C#N)C(C)(C)C)c3n2)c5ccc(Cl)cc15,8.26
409,CHEMBL2206622,CC(C)CS(=O)(=O)NCc1nc2cnc3[nH]ccc3c2n1C4CCN(CCC#N)CC4,8.27
410,CHEMBL3644620,CCc1cc(O)c(F)cc1c2ccc3c(n[nH]c3c2)c4nc5CN(CCc5[nH]4)C(=O)c6cnc(cn6)N7CCCCC7,8.27
411,CHEMBL3652287,CN([C@@H]1CC[C@@H](CS(=O)(=O)N2CCC[C@H](O)C2)CC1)c3ncnc4[nH]ccc34,8.27
412,CHEMBL3652309,CN([C@@H]1CC[C@@H](CS(=O)(=O)N2C[C@@H](O)[C@@H](C2)C#N)CC1)c3ncnc4[nH]ccc34,8.27
413,CHEMBL2386625,C[C@@H](O)c1nc2cnc3[nH]ccc3c2n1[C@@H]4CC[C@@H](O)CC4,8.27
414,CHEMBL3671812,C[C@]1(N)CC[C@@H](Nc2c(cnn3cc(cc23)c4cccc5ncccc45)C(=O)N)C1(C)C,8.27
415,CHEMBL2159215,Cc1nc2cnc3[nH]ccc3c2n1[C@H]4CC[C@@H](O)C4,8.27
416,CHEMBL3652283,CN([C@@H]1CC[C@@H](CS(=O)(=O)N2CCCC(F)C2)CC1)c3ncnc4[nH]ccc34,8.28
417,CHEMBL3652302,CN([C@@H]1CC[C@@H](CS(=O)(=O)N2C[C@@H](O)[C@@H](C2)c3ccccc3)CC1)c4ncnc5[nH]ccc45,8.28
418,CHEMBL2206635,CS(=O)(=O)NCc1nc2cnc3[nH]ccc3c2n1C4CCCC4,8.28
419,CHEMBL2386649,C[C@@H](O)c1nc2cnc3[nH]ccc3c2n1[C@@H]4CCCN(C4)C(=O)CC#N,8.28
420,CHEMBL3652400,C[C@@H]1C[C@@H](CS(=O)(=O)N2CCC[C@H](O)C2)CC[C@@H]1N(C)c3ncnc4[nH]ccc34,8.28
421,CHEMBL3647900,CC1(O)CN(C1)C(=O)[C@@H]2CC[C@H]([C@@H](C2)C#N)n3cc(C(=O)N)c(Nc4ccc(Cl)cc4)n3,8.3
422,CHEMBL3703032,CN(C)[C@@H]1CC[C@@H]([C@H](C1)C#N)n2cc(C(=O)N)c(Nc3ccc(OC(F)(F)F)cc3)n2,8.3
423,CHEMBL3652297,CN([C@@H]1CC[C@@H](CS(=O)(=O)N2CCC(O)(CC2)c3ccccc3)CC1)c4ncnc5[nH]ccc45,8.3
424,CHEMBL3655094,CN([C@@H]1C[C@@H](C1)NS(=O)(=O)C2CC(F)(F)C2)c3ncnc4[nH]ccc34,8.3
425,CHEMBL3655098,CN([C@@H]1C[C@@H](C1)NS(=O)(=O)N2CC[C@H](C2)C#N)c3ncnc4[nH]ccc34,8.3
426,CHEMBL3658863,CN([C@@H]1C[C@H](CS(=O)(=O)CC2CC(F)(F)C2)C1)c3ncnc4[nH]ccc34,8.3
427,CHEMBL3658858,CN([C@@H]1C[C@H](CS(=O)(=O)N2CC[C@H](C2)C#N)C1)c3ncnc4[nH]ccc34,8.3
428,CHEMBL2206626,CS(=O)(=O)NCc1nc2cnc3[nH]ccc3c2n1C4CCN(CC(F)(F)F)CC4,8.3
429,CHEMBL3699462,CS(=O)(=O)c1ccc(Nc2nn(cc2C(=O)N)[C@H]3CCC[C@H]3C#N)cc1,8.3
430,CHEMBL3647837,C[C@@]1(O)CC[C@@H]([C@H](C1)C#N)n2cc(C(=O)N)c(Nc3ccc(Cl)c(F)c3)n2,8.3
431,CHEMBL3703011,C[C@H](N[C@H]1CC[C@@H]([C@H](C1)C#N)n2cc(C(=O)N)c(Nc3ccc(OC(F)F)nc3)n2)C4CC4,8.3
432,CHEMBL3702988,C[C@H](N[C@H]1CC[C@@H]([C@H](C1)C#N)n2cc(C(=O)N)c(Nc3ccc(nc3)C(F)(F)F)n2)C4CC4,8.3
433,CHEMBL3703000,C[C@H]1C[C@H](C)N1[C@@H]2CC[C@@H]([C@H](C2)C#N)n3cc(C(=O)N)c(Nc4ccc(cc4)C(F)(F)F)n3,8.3
434,CHEMBL3650675,NC(=O)c1cn(cc1Nc2ccc(OC(F)F)nc2)[C@H]3CC[C@H](C[C@@H]3[N+]#[C-])N4CCC4,8.3
435,CHEMBL3647905,NC(=O)c1cn(nc1Nc2ccc(Cl)cc2)[C@@H]3CC[C@H](C[C@H]3C#N)C(=O)N4CCC(F)(F)C4,8.3
436,CHEMBL3647892,NC(=O)c1cn(nc1Nc2ccc(Cl)cc2)[C@@H]3CC[C@H](C[C@H]3C#N)C(=O)NC4CC4,8.3
437,CHEMBL3647886,NC(=O)c1cn(nc1Nc2ccc(Cl)cc2)[C@@H]3CC[C@H](C[C@H]3C#N)C(=O)NC4COC4,8.3
438,CHEMBL3647799,NC(=O)c1cn(nc1Nc2ccc(Cl)cc2)[C@H]3CC[C@@H](C[C@@H]3C#N)NC4(CC4)C(F)(F)F,8.3
439,CHEMBL3647867,NC(=O)c1cn(nc1Nc2ccc(F)cc2)C3CC[C@@H](C[C@@H]3C#N)OC(=O)NC4CCCCC4,8.3
440,CHEMBL3699479,NC(=O)c1cn(nc1Nc2ccc(F)cc2)C3CC[C@@H](O)C[C@@H]3C#N,8.3
441,CHEMBL3647717,NC(=O)c1cn(nc1Nc2ccc(cc2)C(F)(F)F)[C@H]3CC[C@H](C[C@@H]3C#N)NC4CC4,8.3
442,CHEMBL3647851,NC(=O)c1cn(nc1Nc2ccc(cc2)C(F)(F)F)[C@H]3CC[C@H](O)C[C@@H]3C#N,8.3
443,CHEMBL3702915,NC(=O)c1cn(nc1Nc2ccc(cc2)S(=O)(=O)Nc3ccc4cccnc4c3)[C@H]5CCCC[C@@H]5C#N,8.3
444,CHEMBL3699473,NC(=O)c1cn(nc1Nc2ccccc2)C3CCC[C@H](O)[C@@H]3C#N,8.3
445,CHEMBL3702935,NC(=O)c1cn(nc1Nc2ccccc2)[C@H]3C(F)CCC[C@@H]3C#N,8.3
446,CHEMBL3699495,NC(=O)c1cn(nc1Nc2ccnc(F)c2)C3CCC4(CC4)C[C@H]3C#N,8.3
447,CHEMBL3781791,O=C(Nc1ccccc1)N2CCC(CC2)NC3=C(C(=O)NC=C3)c4nc5ccccc5[nH]4,8.3
448,CHEMBL3780485,O=C1NC=CC(=C1c2nc3ccccc3[nH]2)NC4CCN(Cc5ccccc5)CC4,8.3
449,CHEMBL3652372,CCN(CC)C(=O)CO[C@@H]1CCN(C1)S(=O)(=O)C[C@@H]2CC[C@H](CC2)N(C)c3ncnc4[nH]ccc34,8.31
450,CHEMBL2386628,CO[C@@H]1CC[C@H](CC1)n2c(nc3cnc4[nH]ccc4c23)[C@@H](C)O,8.31
451,CHEMBL3747305,COc1ccc(cc1OC)c2nc3c(NCC4CCNCC4)c(Cl)cnc3[nH]2,8.31
452,CHEMBL3652354,CN([C@@H]1CC[C@@H](CS(=O)(=O)N2CC[C@@H](C2)S(=O)(=O)CCc3ccccc3)CC1)c4ncnc5[nH]ccc45,8.32
453,nintedanib,COC(=O)c1ccc2\C(=C(\Nc3ccc(cc3)N(C)C(=O)CN4CCN(C)CC4)/c5ccccc5)\C(=O)Nc2c1,8.32
454,CHEMBL3667518,COc1ncc(cc1c2n[nH]cc2NC(=O)c3cnn4cccnc34)C#N,8.32
455,CHEMBL2159214,Cc1nc2cnc3[nH]ccc3c2n1[C@@H]4CC[C@@H](O)C4,8.32
456,CHEMBL2392484,CC(C)CC(=O)N[C@@H]1CC[C@H](CC1)n2nnc3cnc4[nH]ccc4c23,8.33
457,CHEMBL3652379,CN([C@@H]1CC[C@@H](CS(=O)(=O)N2CCC[C@H]2CN3CCCC3)CC1)c4ncnc5[nH]ccc45,8.33
458,CHEMBL3672457,CNC(=O)c1ccc(cn1)c2cc3c(N[C@@H]4CN(C[C@@H]4C)C(=O)OC)c(cnn3c2)C(=O)N,8.33
459,CHEMBL2206060,CCCc1nc2cnc3[nH]ccc3c2n1C4CCN(CCC#N)CC4,8.34
460,CHEMBL2376153,CC[C@@H](NC(=O)c1c[nH]c2ncc(nc12)c3nn(C)c4cc(Cl)ccc34)C(=O)N5CC(C5)C#N,8.34
461,CHEMBL3658869,CN([C@@H]1C[C@@H](C1)NS(=O)(=O)c2cnc(C)s2)c3ncnc4[nH]ccc34,8.34
462,CHEMBL2436939,CNc1nc(N[C@@H]2CCC[C@@H]2C#N)c3C=CNC(=O)c3n1,8.34
463,CHEMBL3667484,CC[C@@H]1CN(CC[C@H]1Nc2c(cnn3cc(cc23)c4ccnc(OC)c4)C(=O)N)C(=O)[C@H](C)O,8.35
464,CHEMBL3644624,CCc1cc(O)c(F)cc1c2ccc3c(n[nH]c3c2)c4nc5CCN(CCc5[nH]4)C(=O)c6ccc(F)cc6,8.35
465,CHEMBL3652360,COc1ccccc1CS(=O)(=O)[C@H]2CCN(C2)S(=O)(=O)C[C@@H]3CC[C@H](CC3)N(C)c4ncnc5[nH]ccc45,8.35
466,CHEMBL2159206,Cc1nc2cnc3[nH]ccc3c2n1[C@@H]4CC[C@H](CC4)NS(=O)(=O)C,8.35
467,CHEMBL2152420,N#CCCN[C@@H]1CC[C@H](CC1)n2cnc3cnc4[nH]ccc4c23,8.35
468,CHEMBL3652369,CN([C@@H]1CC[C@@H](CS(=O)(=O)N2CC[C@@H](C2)OCC(=O)N3CCCC3)CC1)c4ncnc5[nH]ccc45,8.36
469,CHEMBL3667515,COc1ccc(Cl)cc1c2c(NC(=O)c3cnn4cccnc34)cnn2CCO,8.36
470,CHEMBL3667466,COc1ccc(cn1)c2cc3c(N[C@@H]4CCN(CC4(C)C)C(=O)C(=O)N)c(cnn3c2)C(=O)N,8.36
471,CHEMBL3672461,CCNC(=O)c1ccc(cn1)c2cc3c(N[C@@H]4CN(C[C@@H]4CC)C(=O)C(C)(C)C#N)c(cnn3c2)C(=O)N,8.37
472,CHEMBL3644632,CCc1cc(O)c(F)cc1c2ccc3c(n[nH]c3c2)c4nc5CN(Cc6ccc(O)cc6)CCc5[nH]4,8.37
473,CHEMBL3652285,CN([C@@H]1CC[C@@H](CS(=O)(=O)N2CC[C@@H](O)[C@H](O)C2)CC1)c3ncnc4[nH]ccc34,8.37
474,CHEMBL3671827,COc1ccc(cn1)c2cc3c(N[C@@H]4CC[C@](C)(NS(=O)(=O)C)C4(C)C)c(cnn3c2)C(=O)N,8.37
475,CHEMBL2206611,N#CCCN1CCC(CC1)n2c(nc3cnc4[nH]ccc4c23)C5CCC5,8.37
476,CHEMBL3671818,NC(=O)c1cnn2cc(cc2c1NC34CC5CC(O)(CC(O)(C5)C3)C4)c6ccc7scnc7c6,8.37
477,CHEMBL3644631,CCc1cc(O)c(F)cc1c2ccc3c(n[nH]c3c2)c4nc5CN(Cc6ccc7ncccc7c6)CCc5[nH]4,8.38
478,CHEMBL3667517,COc1ccc(cc1c2nn(Cc3nncn3C)cc2NC(=O)c4cnn5cccnc45)C#N,8.38
479,CHEMBL2206628,CS(=O)(=O)NCc1nc2cnc3[nH]ccc3c2n1[C@@H]4CCC[C@@H](O)C4,8.38
480,CHEMBL3694581,Clc1cnc2Nc3cccc(CCCOc4cccc(CNc1n2)c4)c3,8.38
481,CHEMBL3652328,CN([C@@H]1CC[C@@H](CS(=O)(=O)N2CCC(COCC3CC3)CC2)CC1)c4ncnc5[nH]ccc45,8.39
482,CHEMBL3671815,COc1cncc(c1)c2cc3c(N[C@@H]4CC[C@](C)(N)C4(C)C)c(cnn3c2)C(=O)N,8.39
483,CHEMBL3593777,NC(=O)c1cnc2[nH]ccc2c1N[C@@H]3CCN(C[C@@H]3F)c4ccc(cn4)C#N,8.39
484,CHEMBL2322142,C1CCC(CC1)c2cnc3cnc4[nH]ccc4n23,8.4
485,CHEMBL3647784,CC(C)(O)C1CN(C1)[C@H]2CCC([C@H](C2)C#N)n3cc(C(=O)N)c(Nc4ccc(Cl)cc4)n3,8.4
486,CHEMBL3647803,CC1(COC1)N[C@H]2CCC([C@H](C2)C#N)n3cc(C(=O)N)c(Nc4ccccc4)n3,8.4
487,CHEMBL3644638,CCc1cc(O)c(F)cc1c2ccc3c(n[nH]c3c2)c4nc5CN(Cc6cccnc6C#N)CCc5[nH]4,8.4
488,CHEMBL3644643,CCc1cc(O)c(F)cc1c2ccc3c(n[nH]c3c2)c4nc5cc(Cc6ccc(nc6)N7CC=CC=C7)cnc5[nH]4,8.4
489,CHEMBL3647815,CN(CC1CC1)[C@@H]2CC[C@@H]([C@H](C2)C#N)n3cc(C(=O)N)c(Nc4ccc(cc4)C(F)(F)F)n3,8.4
490,CHEMBL3655102,CN([C@@H]1C[C@@H](C1)NS(=O)(=O)N2CC(C2)C#N)c3ncnc4[nH]ccc34,8.4
491,CHEMBL3658867,CN([C@@H]1C[C@H](CS(=O)(=O)c2ccc(F)c(Cl)c2)C1)c3ncnc4[nH]ccc34,8.4
492,CHEMBL3702929,C[C@@]1(CC[C@@H](F)C[C@@H]1n2cc(C(=O)N)c(Nc3ccc(F)cc3)n2)C#N,8.4
493,CHEMBL3703069,C[C@H](N[C@@H]1CC[C@@H]([C@H](C1)C#N)n2cc(C(=O)N)c(Nc3ccc(Cl)cc3)n2)C4CC4,8.4
494,CHEMBL3703033,C[C@H](N[C@@H]1CC[C@@H]([C@H](C1)C#N)n2cc(C(=O)N)c(Nc3ccc(OC(F)(F)F)cc3)n2)C4CC4,8.4
495,CHEMBL3702898,Cc1cc(Nc2nn(cc2C(=O)N)[C@H]3CCCC[C@@H]3C#N)cnc1C#N,8.4
496,CHEMBL3699507,Cc1noc(n1)c2ccc(Nc3nn(cc3C(=O)N)[C@H]4CCCC[C@@H]4C#N)cc2,8.4
497,CHEMBL3702983,NC(=O)c1cn(cc1Nc2ccc(OC(F)F)nc2)[C@H]3CC[C@@H](C[C@@H]3[N+]#[C-])N4CCC4,8.4
498,CHEMBL3699553,NC(=O)c1cn(nc1Nc2ccc(Cl)c(F)c2)[C@H]3CCCC[C@@H]3C#N,8.4
499,CHEMBL3703061,NC(=O)c1cn(nc1Nc2ccc(Cl)c(F)c2)[C@H]3CC[C@@H](C[C@@H]3C#N)NCC(F)F,8.4
500,CHEMBL3647791,NC(=O)c1cn(nc1Nc2ccc(Cl)cc2)C3CC[C@@H](C[C@@H]3C#N)NC4CCOCC4,8.4
501,CHEMBL3647860,NC(=O)c1cn(nc1Nc2ccc(Cl)nc2)[C@H]3CC[C@H](O)C[C@@H]3C#N,8.4
502,CHEMBL3703039,NC(=O)c1cn(nc1Nc2ccc(F)c(Cl)c2)[C@H]3CC[C@@H](C[C@@H]3C#N)NCC(F)F,8.4
503,CHEMBL3702921,NC(=O)c1cn(nc1Nc2ccc(F)c(F)c2)[C@H]3CCCC[C@@H]3C#N,8.4
504,CHEMBL3702967,NC(=O)c1cn(nc1Nc2ccc(F)cc2)[C@H]3CC[C@@H](C[C@@H]3C#N)OCC4CC4,8.4
505,CHEMBL3699483,NC(=O)c1cn(nc1Nc2ccc(F)cc2)[C@H]3C[C@H](CC[C@@H]3C#N)NCc4ccccc4,8.4
506,CHEMBL3647767,NC(=O)c1cn(nc1Nc2ccc(cc2)C(F)(F)F)[C@H]3CC[C@@H](C[C@@H]3C#N)N[C@@H](C4CC4)C(F)(F)F,8.4
507,CHEMBL3647737,NC(=O)c1cn(nc1Nc2ccc(cc2)S(=O)(=O)C(F)(F)F)[C@H]3CCC(C[C@@H]3C#N)NC(C4CC4)C5CC5,8.4
508,CHEMBL3702946,NC(=O)c1cn(nc1Nc2ccc(nc2)C(F)(F)F)[C@H]3CC[C@@H](O)C[C@@H]3C#N,8.4
509,CHEMBL3702934,NC(=O)c1cn(nc1Nc2ccccc2)C3CCC(F)C[C@@H]3C#N,8.4
510,CHEMBL3650673,NC(=O)c1cn(nc1Nc2ccccc2)C3CCCC[C@@H]3C#N,8.4
511,CHEMBL3699508,NC(=O)c1cn(nc1Nc2ccnc(Cl)c2)[C@H]3CCCC[C@@H]3C#N,8.4
512,CHEMBL3703071,NC(=O)c1cn(nc1Nc2ccnc(F)c2)[C@H]3CC[C@H](C[C@@H]3C#N)N4CCC4,8.4
513,CHEMBL3699562,NC(=O)c1cn(nc1Nc2cnc3cc(Cl)ccc3c2)[C@H]4CCCC[C@@H]4C#N,8.4
514,CHEMBL3137308,NC(=O)c1cnc2[nH]ccc2c1N[C@@H]3[C@@H]4CC5C[C@H]3C[C@@](O)(C5)C4,8.41
515,CHEMBL3667528,CCOc1ccc(Cl)cc1c2nn(cc2NC(=O)c3cnn4cccnc34)[C@H]5CCCC[C@@H]5O,8.42
516,CHEMBL2206058,CS(=O)(=O)NCc1nc2cnc3[nH]ccc3c2n1[C@H]4C[C@@H]5CC[C@H]4C5,8.42
517,CHEMBL3671794,C[C@]1(F)CCC[C@H]1Nc2c(cnn3cc(cc23)N4CCCC4=O)C(=O)N,8.42
518,CHEMBL2206623,CC(=O)NCCc1nc2cnc3[nH]ccc3c2n1C4CCN(CCC#N)CC4,8.43
519,CHEMBL2152425,CC(C)(C)OC(=O)N[C@H]1CC[C@H](C1)n2cnc3cnc4[nH]ccc4c23,8.43
520,CHEMBL3644619,CCc1cc(O)c(F)cc1c2ccc3c(n[nH]c3c2)c4nc5CN(CCc5[nH]4)C(=O)c6ccsn6,8.43
521,CHEMBL3652305,CN([C@@H]1CC[C@@H](CS(=O)(=O)N2CC[C@H](CC#N)C2)CC1)c3ncnc4[nH]ccc34,8.43
522,CHEMBL3667483,CC[C@@H]1CN(CC[C@H]1Nc2c(cnn3cc(cc23)c4ccnc(C)c4)C(=O)N)C(=O)C(C)(C)O,8.44
523,CHEMBL3652377,CN([C@@H]1CC[C@@H](CS(=O)(=O)N2CCC[C@@H]2Cc3cccc(C)n3)CC1)c4ncnc5[nH]ccc45,8.44
524,CHEMBL3667470,C[C@H]1[C@@H](C[C@@H]2CN(C[C@H]12)C(=O)C(C)(C)O)Nc3c(cnn4cc(cc34)c5cnc(N)nc5)C(=O)N,8.44
525,CHEMBL2386638,OCCc1nc2cnc3[nH]ccc3c2n1C4CCCCC4,8.46
526,CHEMBL3644630,CCc1cc(O)c(F)cc1c2ccc3c(n[nH]c3c2)c4nc5CCN(CCc5[nH]4)C(=O)c6ccc(nc6)C#N,8.47
527,CHEMBL2386647,C[C@@H](O)c1nc2cnc3[nH]ccc3c2n1C4CCN(CCC#N)CC4,8.47
528,CHEMBL2206636,CS(=O)(=O)NCc1nc2cnc3[nH]ccc3c2n1C4CCCCCC4,8.48
529,CHEMBL3652358,CN([C@@H]1CC[C@@H](CS(=O)(=O)N2CC[C@@H](C2)c3ncccn3)CC1)c4ncnc5[nH]ccc45,8.49
530,CHEMBL2152424,COC(=O)N[C@@H]1CC[C@H](C1)n2cnc3cnc4[nH]ccc4c23,8.5
531,CHEMBL2206638,CS(=O)(=O)NCc1nc2cnc3[nH]ccc3c2n1C4CC5CCC4C5,8.5
532,CHEMBL3779924,N[C@@H]1CC[C@@H](C1)NC2=C(C(=O)NC=C2)c3nc4ccccc4[nH]3,8.5
533,CHEMBL3667477,CCC(=O)N1C[C@H]2C[C@@H](Nc3c(cnn4cc(cc34)c5ccc(F)nc5)C(=O)N)[C@H](C)[C@H]2C1,8.51
534,CHEMBL3652337,CN([C@@H]1CC[C@@H](CS(=O)(=O)N2CCC[C@H](CS(=O)(=O)N)C2)CC1)c3ncnc4[nH]ccc34,8.51
535,CHEMBL3652303,CN([C@@H]1CC[C@@H](CS(=O)(=O)N2CC[C@@H](CO)C2)CC1)c3ncnc4[nH]ccc34,8.51
536,CHEMBL3652355,CN([C@@H]1CC[C@@H](CS(=O)(=O)N2CC[C@@](O)(COc3cccc(F)c3)C2)CC1)c4ncnc5[nH]ccc45,8.51
537,CHEMBL2322135,C1CCC(CC1)c2n[nH]c3cnc4[nH]ccc4c23,8.52
538,CHEMBL2206637,CC(=O)NCc1nc2cnc3[nH]ccc3c2n1C4CC5CCC4C5,8.52
539,CHEMBL3647782,CC(C)(N[C@@H]1CCC([C@H](C1)C#N)n2cc(C(=O)N)c(Nc3ccc(Cl)cc3)n2)C4CC4,8.52
540,CHEMBL3703008,CC(C)(O)C1CN(C1)[C@H]2CC[C@@H]([C@H](C2)C#N)n3cc(C(=O)N)c(Nc4ccc(cc4)C(F)(F)F)n3,8.52
541,CHEMBL3647911,CC(C)(O)[C@H]1CC[C@@H]([C@H](C1)[N+]#[C-])n2cc(C(=O)N)c(Nc3ccc(Cl)cc3)n2,8.52
542,CHEMBL3699529,CC(C)([C@H](O)C(F)(F)F)c1ccc(Nc2nn(cc2C(=O)N)[C@@H]3CCCC[C@H]3C#N)cc1,8.52
543,CHEMBL3644635,CCc1cc(O)c(F)cc1c2ccc3c(n[nH]c3c2)c4nc5CN(Cc6cccc(OC)c6)CCc5[nH]4,8.52
544,CHEMBL2436945,CCc1nc(N[C@@H]2CCC[C@@H]2C#N)c3C=CNC(=O)c3n1,8.52
545,CHEMBL3703095,CN(C)[C@H]1CC[C@@H]([C@H](C1)C#N)n2cc(C(=O)N)c(Nc3ccnc(F)c3)n2,8.52
546,CHEMBL3703082,CN(CC(F)F)[C@H]1CC[C@@H]([C@H](C1)C#N)n2cc(C(=O)N)c(Nc3ccc(cc3)S(=O)(=O)C(F)(F)F)n2,8.52
547,CHEMBL3652384,CN([C@@H]1CC[C@@H](CS(=O)(=O)N2CC(C2)S(=O)(=O)c3ccccc3)CC1)c4ncnc5[nH]ccc45,8.52
548,CHEMBL3652351,CN([C@@H]1CC[C@@H](CS(=O)(=O)N2C[C@H](F)[C@@H](CO)C2)CC1)c3ncnc4[nH]ccc34,8.52
549,CHEMBL3655089,CN([C@@H]1C[C@@H](C1)NS(=O)(=O)c2cc(ccn2)C#N)c3ncnc4[nH]ccc34,8.52
550,CHEMBL3647874,CNC(=O)O[C@H]1CCC([C@H](C1)C#N)n2cc(C(=O)N)c(Nc3ccc(F)cc3)n2,8.52
551,CHEMBL3781767,CNC(=O)c1c[nH]c(n1)C2=C(N[C@@H]3CC[C@H](N)CC3)C=CNC2=O,8.52
552,CHEMBL3702974,CN[C@H]1CCC([C@H](C1)C#N)n2cc(C(=O)N)c(Nc3ccc(cc3)S(=O)(=O)C(F)(F)F)n2,8.52
553,CHEMBL3702891,COC(=O)c1ccc(Nc2nn(cc2C(=O)N)[C@H]3CCCC[C@@H]3C#N)cn1,8.52
554,CHEMBL3640019,COC1CN(C1)[C@H]2CC[C@@H]([C@H](C2)C#N)n3cc(C(=O)N)c(Nc4ccc(cc4)C(F)(F)F)n3,8.52
555,CHEMBL3647881,CS(=O)(=O)C1CN(C1)C(=O)[C@@H]2CC[C@H]([C@@H](C2)C#N)n3cc(C(=O)N)c(Nc4ccc(Cl)cc4)n3,8.52
556,CHEMBL3650678,CS(=O)(=O)c1ccc(Nc2nn(cc2C(=O)N)[C@H]3CCCC[C@@H]3C#N)cc1,8.52
557,CHEMBL3699536,C[C@@](O)(c1ccc(Nc2nn(cc2C(=O)N)[C@H]3CCCC[C@@H]3C#N)cn1)C(F)(F)F,8.52
558,CHEMBL3647933,C[C@@]1(CC[C@H](F)C[C@@H]1n2cc(C(=O)N)c(Nc3ccc(F)cc3)n2)C#N,8.52
559,CHEMBL3647843,C[C@@]1(O)CC[C@@H]([C@H](C1)C#N)n2cc(C(=O)N)c(Nc3ccc(Cl)cc3)n2,8.52
560,CHEMBL3703001,C[C@H]1C[C@H](C)N1[C@H]2CC[C@@H]([C@H](C2)C#N)n3cc(C(=O)N)c(Nc4ccc(cc4)C(F)(F)F)n3,8.52
561,CHEMBL3699523,Cn1cc(cn1)c2cc(Nc3nn(cc3C(=O)N)[C@H]4CCCC[C@@H]4C#N)ccn2,8.52
562,CHEMBL3702943,NC(=O)c1cn(nc1Nc2ccc(Cl)c(Cl)c2)[C@H]3CC[C@@H](O)C[C@@H]3C#N,8.52
563,CHEMBL3647883,NC(=O)c1cn(nc1Nc2ccc(Cl)cc2)C3CC[C@H](C[C@H]3C#N)C(=O)NCC(F)(F)F,8.52
564,CHEMBL3647888,NC(=O)c1cn(nc1Nc2ccc(Cl)cc2)[C@@H]3CC[C@H](C[C@H]3C#N)C(=O)N4CC(F)(F)C4,8.52
565,CHEMBL3647907,NC(=O)c1cn(nc1Nc2ccc(Cl)cc2)[C@H]3CC[C@@H](C[C@@H]3C#N)C(=O)N4CC(F)C4,8.52
566,CHEMBL3647901,NC(=O)c1cn(nc1Nc2ccc(Cl)cc2)[C@H]3CC[C@@H](C[C@@H]3C#N)C(=O)N4CCC(F)(F)C4,8.52
567,CHEMBL3647797,NC(=O)c1cn(nc1Nc2ccc(Cl)cc2)[C@H]3CC[C@@H](C[C@@H]3C#N)NCC(F)(F)F,8.52
568,CHEMBL3699541,NC(=O)c1cn(nc1Nc2ccc(Cl)cc2)[C@H]3CC[C@@H](O)C[C@@H]3C#N,8.52
569,CHEMBL3647836,NC(=O)c1cn(nc1Nc2ccc(Cl)cc2)[C@H]3CC[C@](O)(C[C@@H]3C#N)C=C,8.52
570,CHEMBL3699545,NC(=O)c1cn(nc1Nc2ccc(Cl)nc2)[C@@H]3CCCC[C@H]3C#N,8.52
571,CHEMBL3702948,NC(=O)c1cn(nc1Nc2ccc(Cl)nc2)[C@H]3CC[C@@H](O)C[C@@H]3C#N,8.52
572,CHEMBL3699520,NC(=O)c1cn(nc1Nc2ccc(F)nc2)[C@H]3CCCC[C@@H]3C#N,8.52
573,CHEMBL3703074,NC(=O)c1cn(nc1Nc2ccc(cc2)C(F)(F)F)[C@H]3CC[C@@H](C[C@@H]3C#N)N4CC(F)C4,8.52
574,CHEMBL3702990,NC(=O)c1cn(nc1Nc2ccc(cc2)C(F)(F)F)[C@H]3CC[C@@H](C[C@@H]3C#N)NCC4CC4,8.52
575,CHEMBL3647862,NC(=O)c1cn(nc1Nc2ccc(cc2)C3CC3)[C@H]4CC[C@H](O)C[C@@H]4C#N,8.52
576,CHEMBL3647740,NC(=O)c1cn(nc1Nc2ccc(cc2)S(=O)(=O)C(F)(F)F)[C@H]3CC[C@H](C[C@@H]3C#N)NCCC(F)(F)F,8.52
577,CHEMBL3647922,NC(=O)c1cn(nc1Nc2ccc(cc2)S(=O)(=O)C(F)F)[C@@H]3CCCC[C@H]3C#N,8.52
578,CHEMBL3702888,NC(=O)c1cn(nc1Nc2ccc(cc2)S(=O)(=O)Nc3ccccn3)[C@@H]4CCCC[C@H]4C#N,8.52
579,CHEMBL3702952,NC(=O)c1cn(nc1Nc2ccc(nc2)C(F)F)[C@H]3CC[C@@H](O)C[C@@H]3C#N,8.52
580,CHEMBL3699463,NC(=O)c1cn(nc1Nc2ccccc2)[C@H]3CCCC[C@@H]3[N+]#[C-],8.52
581,CHEMBL3703083,NC(=O)c1cn(nc1Nc2ccnc(F)c2)[C@H]3CC[C@@H](C[C@@H]3C#N)NCC(F)F,8.52
582,CHEMBL3699555,NC(=O)c1cn(nc1Nc2ccnnc2)[C@H]3CCCC[C@@H]3C#N,8.52
583,CHEMBL3699546,NCc1ccc(Nc2nn(cc2C(=O)N)[C@H]3CCCC[C@@H]3C#N)cc1,8.52
584,CHEMBL3780091,N[C@@H]1CC[C@@H](CC1)NC2=C(C(=O)NC=C2)c3nc4ccccc4[nH]3,8.52
585,CHEMBL3652281,CN([C@@H]1CC[C@@H](CS(=O)(=O)N2CCCC(C2)OCC(=O)N)CC1)c3ncnc4[nH]ccc34,8.53
586,CHEMBL3652347,CN([C@@H]1CC[C@@H](CS(=O)(=O)N2CC[C@@H](C2)S(=O)(=O)C)CC1)c3ncnc4[nH]ccc34,8.53
587,CHEMBL3671819,CC1(C)CCC[C@H]1Nc2c(cnn3cc(cc23)c4ccccc4)C(=O)N,8.54
588,CHEMBL3644641,CCc1cc(O)c(F)cc1c2ccc3c(n[nH]c3c2)c4nc5CCN(CCc5[nH]4)C(=O)c6ccc(Cl)cn6,8.54
589,CHEMBL3652304,CN([C@@H]1CC[C@@H](CS(=O)(=O)N2CC[C@H](CO)C2)CC1)c3ncnc4[nH]ccc34,8.54
590,CHEMBL2178803,Cc1ccc(C)c(c1)c2nn(C)cc2NC(=O)c3cnn4ccc(N)nc34,8.54
591,CHEMBL2152400,FC(F)(F)CN1CCC(CC1)n2cnc3cnc4[nH]ccc4c23,8.54
592,CHEMBL2206061,N#CCCN1CCC(CC1)n2c(nc3cnc4[nH]ccc4c23)C5CC5,8.54
593,CHEMBL3360330,COc1ccc(cc1)c2cccc3nc(Nc4ccc(NC(=O)C)cc4)nn23,8.55
594,CHEMBL2386653,C[C@@H](O)c1nc2cnc3[nH]ccc3c2n1[C@H]4CCCOC4,8.55
595,CHEMBL2159200,Cc1nc2cnc3[nH]ccc3c2n1[C@H]4CCCOC4,8.55
596,CHEMBL3670393,Nc1ccn2ncc(C(=O)Nc3c[nH]nc3c4cc(Cl)ccc4Cl)c2n1,8.55
597,CHEMBL3652352,CNS(=O)(=O)[C@H]1CCN(C1)S(=O)(=O)C[C@@H]2CC[C@H](CC2)N(C)c3ncnc4[nH]ccc34,8.56
598,CHEMBL3652335,CN([C@@H]1CC[C@@H](CS(=O)(=O)N2CCC[C@@H](C2)C#N)CC1)c3ncnc4[nH]ccc34,8.57
599,CHEMBL2152422,CS(=O)(=O)N[C@@H]1CC[C@H](CC1)n2cnc3cnc4[nH]ccc4c23,8.57
600,CHEMBL2386627,C[C@@H](O)c1nc2cnc3[nH]ccc3c2n1[C@@H]4CCC[C@@H](O)C4,8.57
601,CHEMBL3671808,C[C@]1(N)CC[C@@H](Nc2c(cnn3cc(cc23)c4ccccc4C(=O)N)C(=O)N)C1(C)C,8.57
602,CHEMBL2206632,CC(=O)NCCc1nc2cnc3[nH]ccc3c2n1C4CCCCC4,8.59
603,CHEMBL3644633,CCc1cc(O)c(F)cc1c2ccc3c(n[nH]c3c2)c4nc5CN(Cc6cccc(O)c6)CCc5[nH]4,8.59
604,CHEMBL2159208,COC(=O)N[C@@H]1CC[C@H](CC1)n2c(C)nc3cnc4[nH]ccc4c23,8.59
605,CHEMBL2206633,CS(=O)(=O)NCc1nc2cnc3[nH]ccc3c2n1C4CCCCC4,8.59
606,CHEMBL2386646,C[C@@H](O)c1nc2cnc3[nH]ccc3c2n1C4CCN(CC(F)(F)F)CC4,8.59
607,CHEMBL3671791,C[C@@]1(CC[C@@H](Nc2c(cnn3cc(cc23)c4ccccc4)C(=O)N)C1(C)C)NS(=O)(=O)C,8.59
608,CHEMBL3644625,CCc1cc(O)c(F)cc1c2ccc3c(n[nH]c3c2)c4nc5CCN(CCc5[nH]4)C(=O)c6ccsn6,8.6
609,CHEMBL3644622,CCc1cc(O)c(F)cc1c2ccc3c(n[nH]c3c2)c4nc5CN(CCc5[nH]4)S(=O)(=O)c6ccc(Oc7ccccc7)nc6,8.6
610,CHEMBL3652378,CN([C@@H]1CC[C@@H](CS(=O)(=O)N2CC[C@@H](C2)c3ccccn3)CC1)c4ncnc5[nH]ccc45,8.6
611,CHEMBL3652342,CN([C@@H]1CC[C@@H](CS(=O)(=O)N2C[C@@H](O)[C@@H](O)C2)CC1)c3ncnc4[nH]ccc34,8.6
612,CHEMBL2152305,C(N1CCC(CC1)n2cnc3cnc4[nH]ccc4c23)c5ccccc5,8.62
613,CHEMBL2392485,CC(C)(C)OC(=O)N[C@@H]1CC[C@H](C1)n2nnc3cnc4[nH]ccc4c23,8.62
614,CHEMBL3667480,CC1(C)CN(CC[C@H]1Nc2c(cnn3cc(cc23)N4CCC(CCCC(=O)O)C4=O)C(=O)N)c5ncc(cn5)C#N,8.62
615,CHEMBL3652333,CN([C@@H]1CC[C@@H](CS(=O)(=O)N2CCC[C@H](CO)C2)CC1)c3ncnc4[nH]ccc34,8.62
616,CHEMBL3667525,COc1ccc(F)cc1c2nn(CC3(O)CCOCC3)cc2NC(=O)c4cnn5cccnc45,8.64
617,CHEMBL2152296,CC(C)(C)OC(=O)N[C@@H]1CC[C@H](C1)n2cnc3cnc4[nH]ccc4c23,8.66
618,CHEMBL3671830,CC1(C)[C@@H](CC[C@]1(C)C(=O)N)Nc2c(cnn3cc(cc23)c4ccc(F)nc4)C(=O)N,8.66
619,CHEMBL3652289,CN([C@@H]1CC[C@@H](CS(=O)(=O)N2CCCC(C2)C(=O)O)CC1)c3ncnc4[nH]ccc34,8.67
620,CHEMBL3667521,COc1ccc(Cl)cc1c2c(NC(=O)c3c(N)nn4cccnc34)cnn2CC(=O)N,8.68
621,CHEMBL2206634,CS(=O)(=O)NCCc1nc2cnc3[nH]ccc3c2n1C4CCCCC4,8.68
622,CHEMBL2392488,N#CCCN1CCC(CC1)n2nnc3cnc4[nH]ccc4c23,8.68
623,CHEMBL3671817,NC(=O)c1cnn2cc(cc2c1NC34CC5CC(O)(CC(O)(C5)C3)C4)c6ccc(F)cc6,8.68
624,CHEMBL2152307,C(N1CCC(CC1)n2cnc3cnc4[nH]ccc4c23)c5cncnc5,8.7
625,CHEMBL3647834,CC(C)(C(O)C(F)(F)F)c1ccc(Nc2nn(cc2C(=O)N)[C@H]3CC[C@@](C)(O)C[C@@H]3C#N)cc1,8.7
626,CHEMBL3699492,CC(C)(C)OC(=O)NC1CC[C@H](C#N)C(C1)n2cc(C(=O)N)c(Nc3ccc(F)cc3)n2,8.7
627,CHEMBL3647925,CC(C)(C)OC(=O)N[C@@H]1CC[C@H](C#N)C(C1)n2cc(C(=O)N)c(Nc3ccc(F)cc3)n2,8.7
628,CHEMBL3647794,CC(C)(O)CN[C@H]1CCC([C@H](C1)C#N)n2cc(C(=O)N)c(Nc3ccc(Cl)cc3)n2,8.7
629,CHEMBL3699534,CC(C)([C@@H](O)C(F)(F)F)c1ccc(Nc2nn(cc2C(=O)N)[C@H]3CCCC[C@@H]3C#N)cc1F,8.7
630,CHEMBL3699533,CC(C)([C@H](O)C(F)(F)F)c1ccc(Nc2nn(cc2C(=O)N)[C@H]3CCCC[C@@H]3C#N)cc1F,8.7
631,CHEMBL3647869,CC(C)NC(=O)O[C@@H]1CCC([C@H](C1)C#N)n2cc(C(=O)N)c(Nc3ccc(F)cc3)n2,8.7
632,CHEMBL3647776,CC1(C)CN(C1)[C@@H]2CC[C@@H]([C@H](C2)C#N)n3cc(C(=O)N)c(Nc4ccc(cc4)C(F)(F)F)n3,8.7
633,CHEMBL3647719,CC1(C)CN(C1)[C@@H]2CC[C@@H]([C@H](C2)C#N)n3cc(C(=O)N)c(Nc4ccnc(F)c4)n3,8.7
634,CHEMBL3647789,CC1(CC1)N[C@H]2CCC([C@H](C2)C#N)n3cc(C(=O)N)c(Nc4ccccc4)n3,8.7
635,CHEMBL3647790,CC1(CN[C@H]2CCC([C@H](C2)C#N)n3cc(C(=O)N)c(Nc4ccc(Cl)cc4)n3)COC1,8.7
636,CHEMBL3703067,CC1CN(C1)[C@H]2CC[C@@H]([C@H](C2)C#N)n3cc(C(=O)N)c(Nc4ccc(Cl)cc4)n3,8.7
637,CHEMBL2386648,CCN1CCC(n2c(nc3cnc4[nH]ccc4c23)[C@@H](C)O)C(F)(F)C1,8.7
638,CHEMBL3667485,CC[C@@H]1CN(CC[C@H]1Nc2c(cnn3cc(cc23)c4cnn(CC(C)C)c4)C(=O)N)C(=O)[C@H](C)O,8.7
639,CHEMBL3703092,CN(C)[C@@H]1CC[C@@H]([C@H](C1)C#N)n2cc(C(=O)N)c(Nc3ccc(Cl)cc3)n2,8.7
640,CHEMBL3703020,CN(C)[C@H]1CC[C@@H]([C@H](C1)C#N)n2cc(C(=O)N)c(Nc3ccc(Cl)c(F)c3)n2,8.7
641,CHEMBL3647744,CN(CCC(F)(F)F)[C@H]1CC[C@@H]([C@H](C1)C#N)n2cc(C(=O)N)c(Nc3ccc(cc3)S(=O)(=O)C(F)(F)F)n2,8.7
642,CHEMBL3703018,CN[C@@H]1CC[C@@H]([C@H](C1)C#N)n2cc(C(=O)N)c(Nc3ccc(Cl)c(F)c3)n2,8.7
643,CHEMBL3703021,CN[C@@H]1CC[C@@H]([C@H](C1)C#N)n2cc(C(=O)N)c(Nc3ccc(Cl)cc3)n2,8.7
644,CHEMBL3703022,CN[C@H]1CC[C@@H]([C@H](C1)C#N)n2cc(C(=O)N)c(Nc3ccc(Cl)c(F)c3)n2,8.7
645,CHEMBL3647801,COC(C)(C)CN[C@H]1CCC([C@H](C1)C#N)n2cc(C(=O)N)c(Nc3ccc(Cl)cc3)n2,8.7
646,CHEMBL3647807,COCC(C)(C)N(C)[C@H]1CCC([C@H](C1)C#N)n2cc(C(=O)N)c(Nc3ccc(Cl)cc3)n2,8.7
647,CHEMBL3647812,COCC(C)N(C)[C@H]1CCC([C@H](C1)C#N)n2cc(C(=O)N)c(Nc3ccc(Cl)cc3)n2,8.7
648,CHEMBL3647810,COCC(C)N[C@H]1CCC([C@H](C1)C#N)n2cc(C(=O)N)c(Nc3ccc(Cl)cc3)n2,8.7
649,CHEMBL3647811,COCCN(C)[C@H]1CCC([C@H](C1)C#N)n2cc(C(=O)N)c(Nc3ccc(Cl)cc3)n2,8.7
650,CHEMBL3647899,CS(=O)(=O)C1CN(C1)C(=O)[C@H]2CC[C@@H]([C@H](C2)C#N)n3cc(C(=O)N)c(Nc4ccc(Cl)cc4)n3,8.7
651,CHEMBL3647913,CS(=O)(=O)N[C@H]1CCC([C@H](C1)C#N)n2cc(C(=O)N)c(Nc3ccc(F)cc3)n2,8.7
652,CHEMBL3699509,CS(=O)(=O)c1ccc(Nc2nn(cc2C(=O)N)C3CCCC[C@@H]3C#N)cc1F,8.7
653,CHEMBL3699476,CS(=O)(=O)c1ccc(Nc2nn(cc2C(=O)N)C3CCCC[C@H]3C#N)cc1,8.7
654,CHEMBL3650683,CS(=O)(=O)c1ccc(Nc2nn(cc2C(=O)N)[C@@H]3CCCC[C@H]3C#N)cc1,8.7
655,CHEMBL2385096,C[C@@H](O)c1nc2cnc3[nH]ccc3c2n1[C@H]4CC[C@H](C4)NCC(F)(F)F,8.7
656,CHEMBL3702989,C[C@@H]1C[C@@H](C)N1[C@H]2CC[C@@H]([C@H](C2)C#N)n3cc(C(=O)N)c(Nc4ccc(cc4)C(F)(F)F)n3,8.7
657,CHEMBL3647763,C[C@H](N[C@@H]1CC[C@@H]([C@H](C1)C#N)n2cc(C(=O)N)c(Nc3ccc(cc3)C(F)(F)F)n2)C4CC4,8.7
658,CHEMBL3703045,C[C@H](N[C@H]1CC[C@@H]([C@H](C1)C#N)n2cc(C(=O)N)c(Nc3ccc(Cl)c(F)c3)n2)C4CC4,8.7
659,CHEMBL3699535,C[C@](O)(c1ccc(Nc2nn(cc2C(=O)N)[C@H]3CCCC[C@@H]3C#N)cn1)C(F)(F)F,8.7
660,CHEMBL3647847,C[C@]1(O)CC[C@@H]([C@H](C1)C#N)n2cc(C(=O)N)c(Nc3ccc(Cl)c(F)c3)n2,8.7
661,CHEMBL2159204,Cc1nc2cnc3[nH]ccc3c2n1C4CCNCC4(F)F,8.7
662,CHEMBL3702932,Cn1cc(cn1)c2ccc(Nc3nn(cc3C(=O)N)C4CCCC[C@@H]4C#N)cn2,8.7
663,CHEMBL3780647,FC(F)(F)CN[C@@H]1CC[C@@H](CC1)NC2=C(C(=O)NC=C2)c3nc4ccccc4[nH]3,8.7
664,CHEMBL261386,Fc1ccc2c(c1)c3C(=O)NC=Cc3c4[nH]c(nc24)c5ccccc5Cl,8.7
665,CHEMBL3647928,NC(=O)c1cn(nc1Nc2ccc(CC(=O)O)cc2)[C@H]3CCCC[C@@H]3[N+]#[C-],8.7
666,CHEMBL3647864,NC(=O)c1cn(nc1Nc2ccc(Cl)c(Cl)c2)[C@H]3CC[C@H](O)C[C@@H]3C#N,8.7
667,CHEMBL3703015,NC(=O)c1cn(nc1Nc2ccc(Cl)c(F)c2)[C@H]3CC[C@@H](C[C@@H]3C#N)N4CCC4,8.7
668,CHEMBL3703016,NC(=O)c1cn(nc1Nc2ccc(Cl)c(F)c2)[C@H]3CC[C@H](C[C@@H]3C#N)N4CCC4,8.7
669,CHEMBL3647850,NC(=O)c1cn(nc1Nc2ccc(Cl)c(F)c2)[C@H]3CC[C@H](O)C[C@@H]3C#N,8.7
670,CHEMBL3647796,NC(=O)c1cn(nc1Nc2ccc(Cl)cc2)C3CC[C@@H](C[C@@H]3C#N)NC4(CO)CC4,8.7
671,CHEMBL3647793,NC(=O)c1cn(nc1Nc2ccc(Cl)cc2)C3CC[C@H](C[C@@H]3C#N)NC4(O)CC4,8.7
672,CHEMBL3703077,NC(=O)c1cn(nc1Nc2ccc(Cl)cc2)[C@H]3CC[C@H](C[C@@H]3C#N)N4CCC4,8.7
673,CHEMBL3699488,NC(=O)c1cn(nc1Nc2ccc(F)cc2)C3CCC(CO)C[C@H]3C#N,8.7
674,CHEMBL3699480,NC(=O)c1cn(nc1Nc2ccc(F)cc2)C3CC[C@H](O)C[C@@H]3C#N,8.7
675,CHEMBL3703044,NC(=O)c1cn(nc1Nc2ccc(OC(F)(F)F)cc2)[C@H]3CC[C@H](C[C@@H]3C#N)N4CCC4,8.7
676,CHEMBL3702939,NC(=O)c1cn(nc1Nc2ccc(OC(F)F)nc2)[C@H]3CC[C@H](O)C[C@@H]3C#N,8.7
677,CHEMBL3702885,NC(=O)c1cn(nc1Nc2ccc(c(CO)c2)S(=O)(=O)C(F)F)C3CCCC[C@@H]3C#N,8.7
678,CHEMBL3702955,NC(=O)c1cn(nc1Nc2ccc(c(F)c2)C(F)(F)F)[C@H]3CC[C@@H](O)C[C@@H]3C#N,8.7
679,CHEMBL3647828,NC(=O)c1cn(nc1Nc2ccc(cc2)C(F)(F)F)[C@@H]3CC[C@@H](C[C@H]3C#N)NC4CCC4,8.7
680,CHEMBL3647827,NC(=O)c1cn(nc1Nc2ccc(cc2)C(F)(F)F)[C@@H]3CC[C@@H](C[C@H]3C#N)NCC4CCC4,8.7
681,CHEMBL3702926,NC(=O)c1cn(nc1Nc2ccc(cc2)C(F)(F)F)[C@H]3CCCC[C@@H]3C#N,8.7
682,CHEMBL3702997,NC(=O)c1cn(nc1Nc2ccc(cc2)C(F)(F)F)[C@H]3CC[C@@H](C[C@@H]3C#N)N4CC5(CCC5)C4,8.7
683,CHEMBL3647765,NC(=O)c1cn(nc1Nc2ccc(cc2)C(F)(F)F)[C@H]3CC[C@@H](C[C@@H]3C#N)N[C@H](C4CC4)C(F)(F)F,8.7
684,CHEMBL3647774,NC(=O)c1cn(nc1Nc2ccc(cc2)C(F)(F)F)[C@H]3CC[C@H](C[C@@H]3C#N)N4CC(O)(C4)C(F)(F)F,8.7
685,CHEMBL3699502,NC(=O)c1cn(nc1Nc2ccc(cc2)S(=O)(=O)C(F)(F)F)C3CCCC[C@@H]3C#N,8.7
686,CHEMBL3647924,NC(=O)c1cn(nc1Nc2ccc(cc2)S(=O)(=O)C(F)(F)F)C3CC[C@@H](O)C[C@@H]3C#N,8.7
687,CHEMBL3647735,NC(=O)c1cn(nc1Nc2ccc(cc2)S(=O)(=O)C(F)(F)F)[C@H]3CCC(C[C@@H]3C#N)N4CC[C@@H](F)C4,8.7
688,CHEMBL3703076,NC(=O)c1cn(nc1Nc2ccc(cc2)S(=O)(=O)C(F)(F)F)[C@H]3CC[C@@H](C[C@@H]3C#N)NCC(F)(F)F,8.7
689,CHEMBL3647739,NC(=O)c1cn(nc1Nc2ccc(cc2)S(=O)(=O)C(F)(F)F)[C@H]3CC[C@@H](C[C@@H]3C#N)NCCC(F)(F)F,8.7
690,CHEMBL3647923,NC(=O)c1cn(nc1Nc2ccc(cc2)S(=O)(=O)CC(F)(F)F)C3CCCC[C@H]3C#N,8.7
691,CHEMBL3702917,NC(=O)c1cn(nc1Nc2ccc(cc2)S(=O)(=O)NCc3ccc(cc3)C(F)(F)F)[C@H]4CCCC[C@@H]4C#N,8.7
692,CHEMBL3702963,NC(=O)c1cn(nc1Nc2ccc(cc2)[C@@H](O)C(F)(F)F)[C@H]3CC[C@H](C[C@@H]3C#N)OCC4CC4,8.7
693,CHEMBL3702922,NC(=O)c1cn(nc1Nc2ccc(nc2)C(F)(F)F)[C@H]3CCCC[C@@H]3C#N,8.7
694,CHEMBL3699560,NC(=O)c1cn(nc1Nc2ccc(nc2)C(F)F)[C@H]3CCCC[C@@H]3C#N,8.7
695,CHEMBL3703028,NC(=O)c1cn(nc1Nc2ccc(nc2)C(F)F)[C@H]3CC[C@H](C[C@@H]3C#N)N4CCC4,8.7
696,CHEMBL3702933,NC(=O)c1cn(nc1Nc2ccc(nc2)c3cn[nH]c3)C4CCCC[C@@H]4C#N,8.7
697,CHEMBL3699512,NC(=O)c1cn(nc1Nc2ccc3NC(=O)CCc3c2)C4CCCC[C@@H]4C#N,8.7
698,CHEMBL3639467,NC(=O)c1cn(nc1Nc2ccc3c(CCS3(=O)=O)c2)[C@@H]4CCCC[C@H]4C#N,8.7
699,CHEMBL3702958,NC(=O)c1cn(nc1Nc2ccccc2)[C@H]3CC[C@@H](O)C[C@@H]3C#N,8.7
700,CHEMBL3702959,NC(=O)c1cn(nc1Nc2ccnc(F)c2)[C@@H]3CC[C@H](C[C@H]3[N+]#[C-])OCC4CC4,8.7
701,CHEMBL3699503,NC(=O)c1cn(nc1Nc2ccnc(F)c2)[C@H]3CCCC[C@@H]3C#N,8.7
702,CHEMBL3703078,NC(=O)c1cn(nc1Nc2ccnc(F)c2)[C@H]3CC[C@@H](C[C@@H]3C#N)N4CCC4,8.7
703,CHEMBL3703090,NC(=O)c1cn(nc1Nc2ccnc(F)c2)[C@H]3CC[C@H](C[C@@H]3C#N)NCc4ccccc4,8.7
704,CHEMBL3699542,NC(=O)c1cn(nc1Nc2cnc3cc(F)ccc3c2)[C@H]4CCCC[C@@H]4C#N,8.7
705,CHEMBL3699549,NC(=O)c1cn(nc1Nc2cnc3ccc(F)cc3c2)[C@H]4CCCC[C@@H]4C#N,8.7
706,CHEMBL3781427,O=C1NC=CC(=C1c2nc3ccccc3[nH]2)NC4CCOCC4,8.7
707,CHEMBL2436944,O=C1NC=Cc2c(N[C@@H]3CCC[C@@H]3C#N)nc(nc12)c4cn[nH]c4,8.7
708,CHEMBL3672452,CC[C@H]1CN(C[C@H]1Nc2c(cnn3cc(cc23)c4cnn(C)c4)C(=O)N)c5ccc(cn5)C#N,8.72
709,CHEMBL3652362,CN([C@@H]1CC[C@@H](CS(=O)(=O)N2CC[C@](O)(C2)c3ccccc3)CC1)c4ncnc5[nH]ccc45,8.72
710,CHEMBL2386633,C[C@@H](O)c1nc2cnc3[nH]ccc3c2n1[C@@H]4CC[C@H](CC4)C#N,8.72
711,CHEMBL3672464,CCOc1ncc(cn1)c2cc3c(N[C@@H]4CN(C[C@@H]4CF)C(=O)C5(CC5)C#N)c(cnn3c2)C(=O)N,8.75
712,CHEMBL2386643,CC[C@@H](O)c1nc2cnc3[nH]ccc3c2n1C4CCCCC4,8.75
713,CHEMBL3652361,CN([C@@H]1CC[C@@H](CS(=O)(=O)N2CC[C@@](O)(Cn3cccn3)C2)CC1)c4ncnc5[nH]ccc45,8.75
714,CHEMBL2159210,Cc1nc2cnc3[nH]ccc3c2n1[C@@H]4CCC[C@@H](O)C4,8.75
715,CHEMBL2152409,CC1(CCN(CC1)S(=O)(=O)C)n2cnc3cnc4[nH]ccc4c23,8.77
716,CHEMBL3644636,CCc1cc(O)c(F)cc1c2ccc3c(n[nH]c3c2)c4nc5CN(Cc6cnc7ccccc7c6)CCc5[nH]4,8.77
717,CHEMBL3683258,CN[C@@H]1CC2OC([C@@H]1OC)n3c4ccccc4c5c6CNC(=O)c6c7c8ccccc8n2c7c35,8.77
718,CHEMBL3652344,COC[C@@H]1CCN(C1)S(=O)(=O)C[C@@H]2CC[C@H](CC2)N(C)c3ncnc4[nH]ccc34,8.77
719,CHEMBL3652331,CO[C@@H]1CCCN(C1)S(=O)(=O)C[C@@H]2CC[C@H](CC2)N(C)c3ncnc4[nH]ccc34,8.77
720,CHEMBL3667465,COc1ccc(cn1)c2cc3c(N[C@@H]4CN(C[C@@H]4C)C(=O)CC#N)c(cnn3c2)C(=O)N,8.77
721,CHEMBL2206624,CS(=O)(=O)NCCc1nc2cnc3[nH]ccc3c2n1C4CCN(CCC#N)CC4,8.77
722,CHEMBL3652398,C[C@@H]1C[C@@H](CS(=O)(=O)N2CCC[C@@H](O)C2)CC[C@@H]1N(C)c3ncnc4[nH]ccc34,8.77
723,CHEMBL3652293,CN([C@@H]1CC[C@@H](CS(=O)(=O)N2CCCC(CNC(=O)C)C2)CC1)c3ncnc4[nH]ccc34,8.78
724,CHEMBL3652317,COCCC1(CCN(CC1)S(=O)(=O)C[C@@H]2CC[C@H](CC2)N(C)c3ncnc4[nH]ccc34)C(=O)N,8.8
725,CHEMBL3667529,COc1ncc(Cl)cc1c2nn(CC(=O)N(C)C)cc2NC(=O)c3cnn4cccnc34,8.8
726,CHEMBL3781196,O=C1NC=CC(=C1c2nc3ccccc3[nH]2)NC4CCNCC4,8.8
727,CHEMBL2386645,OC[C@@H](O)c1nc2cnc3[nH]ccc3c2n1C4CCCCC4,8.8
728,CHEMBL3652383,CN([C@@H]1CC[C@@H](CS(=O)(=O)N2CC(C2)c3nnn[nH]3)CC1)c4ncnc5[nH]ccc45,8.81
729,CHEMBL3644642,CCc1cc(O)c(F)cc1c2ccc3c(n[nH]c3c2)c4nc5cc(cnc5[nH]4)C(=O)c6ccc(Oc7ccccc7F)cc6OCC(C)NN,8.82
730,CHEMBL3672468,CO[C@H]1CN(C[C@H]1Nc2c(cnn3cc(cc23)c4ccc(cc4)C#N)C(=O)N)C(=O)C5(CC5)C#N,8.82
731,CHEMBL3639663,COc1ccc(Cl)cc1c2nn(CC(O)(C(F)(F)F)C(F)(F)F)cc2NC(=O)c3cnn4cccnc34,8.82
732,CHEMBL3593591,C[C@@H]1CCN(C[C@@H]1N2C(=O)Nc3cnc4[nH]ccc4c23)C(=O)CC#N,8.82
733,CHEMBL3672455,C[C@H]1CN(C[C@H]1Nc2c(cnn3cc(cc23)c4ccc(F)nc4)C(=O)N)C(=O)CC#N,8.82
734,CHEMBL2159205,Cc1nc2cnc3[nH]ccc3c2n1[C@@H]4CC[C@H](CC4)NCCC#N,8.82
735,CHEMBL1835153,NC(=O)c1cnc(N[C@H](C2CC2)C(F)(F)F)c3c4ccc(cc4[nH]c13)c5cnc(N)nc5,8.82
736,CHEMBL2392500,O=C(CC#N)N1CCC[C@H](C1)n2nnc3cnc4[nH]ccc4c23,8.82
737,CHEMBL3652312,CN([C@@H]1CC[C@@H](CS(=O)(=O)N2CCC[C@@H](O)C2)CC1)c3ncnc4[nH]ccc34,8.84
738,CHEMBL3652299,CN([C@@H]1CC[C@@H](CS(=O)(=O)N2CC[C@@H](C2)NC(=O)OC(C)(C)C)CC1)c3ncnc4[nH]ccc34,8.84
739,CHEMBL3671828,CC1(C)[C@@H](CC[C@]1(C)C(=O)N)Nc2c(cnn3cc(cc23)c4ccccc4)C(=O)N,8.85
740,CHEMBL3667475,C[C@H]1[C@@H](C[C@@H]2CN(C[C@H]12)C(=O)C(C)(C)O)Nc3c(cnn4cc(cc34)c5cnn(C)c5)C(=O)N,8.85
741,CHEMBL3666890,C[C@]1(F)CCC[C@H]1Nc2c(cnn3cc(cc23)c4cccc(c4)C(=O)N)C(=O)N,8.85
742,CHEMBL3360351,O=C(Nc1nc2cccc(c3ccc(CNc4ccccc4CC#N)cc3)n2n1)C5CC5,8.85
743,CHEMBL3652368,CN([C@@H]1CC[C@@H](CS(=O)(=O)N2CC[C@@](O)(CSc3ccccn3)C2)CC1)c4ncnc5[nH]ccc45,8.87
744,CHEMBL3667472,C[C@H]1[C@@H](C[C@@H]2CN(C[C@H]12)S(=O)(=O)C)Nc3c(cnn4cc(cc34)c5nnn(C)n5)C(=O)N,8.89
745,CHEMBL3666889,Cc1cccc(c1)c2cc3c(N[C@@H]4CCC[C@]4(C)F)c(cnn3c2)C(=O)N,8.89
746,CHEMBL3671805,Cc1ccncc1c2cc3c(N[C@@H]4CC[C@](C)(N)C4(C)C)c(cnn3c2)C(=O)N,8.89
747,CHEMBL2159142,Cc1nc2cnc3[nH]ccc3c2n1C4CCN(Cc5ccccc5)CC4,8.89
748,CHEMBL3779939,N[C@@H]1CC[C@@H](CC1)NC2=C(C(=O)NC=C2)c3nc4CC(CCc4[nH]3)C(=O)O,8.89
749,CHEMBL3652277,CCOC1CCCN(C1)S(=O)(=O)CC2CCC(CC2)N(C)c3ncnc4[nH]ccc34,8.92
750,CHEMBL3672462,CC[C@H]1CN(C[C@H]1Nc2c(cnn3cc(cc23)c4ccnc(Cl)c4)C(=O)N)C(=O)C5(CCC5)C#N,8.92
751,CHEMBL3644626,CCc1cc(O)c(F)cc1c2ccc3c(n[nH]c3c2)c4nc5CN(CCc5[nH]4)S(=O)(=O)c6ccc(F)cc6,8.92
752,CHEMBL3671829,COc1ccc(cn1)c2cc3c(N[C@@H]4CC[C@](C)(C(=O)N)C4(C)C)c(cnn3c2)C(=O)N,8.92
753,CHEMBL2152398,CS(=O)(=O)N1CCC(CC1)n2cnc3cnc4[nH]ccc4c23,8.92
754,CHEMBL2386632,C[C@@H](O)c1nc2cnc3[nH]ccc3c2n1[C@H]4CC[C@@H](C4)NCC(F)(F)F,8.92
755,CHEMBL3667473,C[C@H]1[C@@H](C[C@@H]2CN(C[C@H]12)C(=O)CF)Nc3c(cnn4cc(cc34)c5cnc(N)c(F)c5)C(=O)N,8.92
756,CHEMBL2159202,Cc1nc2cnc3[nH]ccc3c2n1[C@@H]4CCNC[C@H]4F,8.92
757,CHEMBL3672458,CC[C@H]1CN(C[C@H]1Nc2c(cnn3cc(cc23)c4cn(C)nc4C)C(=O)N)C(=O)C5(CC5)C#N,8.96
758,CHEMBL3672467,CO[C@H]1CN(C[C@H]1Nc2c(cnn3cc(cc23)c4ccc(F)cc4)C(=O)N)C(=O)C5(CC5)C#N,8.96
759,CHEMBL2386630,C[C@@H](O)c1nc2cnc3[nH]ccc3c2n1[C@@H]4CC[C@H](CC4)NCC(F)F,8.96
760,CHEMBL2386637,OCc1nc2cnc3[nH]ccc3c2n1C4CCCCC4,8.96
761,CHEMBL3644645,Oc1cc(CC(F)(F)F)c(cc1F)c2ccc3c(n[nH]c3c2)c4nc5cc(cnc5[nH]4)C(=O)c6cnc(cn6)N7CCCCC7,8.96
762,CHEMBL3699554,CC(C)(C(=O)O)c1ccc(Nc2nn(cc2C(=O)N)[C@H]3CCCC[C@@H]3C#N)cc1,9.0
763,CHEMBL3702985,CC(C)(C)N[C@H]1CC[C@@H]([C@H](C1)C#N)n2cc(C(=O)N)c(Nc3ccc(Cl)cc3)n2,9.0
764,CHEMBL3702945,CC(C)(CF)c1ccc(Nc2nn(cc2C(=O)N)[C@H]3CC[C@@H](O)C[C@@H]3C#N)cc1,9.0
765,CHEMBL3647865,CC(C)(CF)c1ccc(Nc2nn(cc2C(=O)N)[C@H]3CC[C@H](O)C[C@@H]3C#N)cc1,9.0
766,CHEMBL3647783,CC(C)(CO)N[C@H]1CCC([C@H](C1)C#N)n2cc(C(=O)N)c(Nc3ccc(Cl)cc3)n2,9.0
767,CHEMBL3647787,CC(C)(N[C@H]1CCC([C@H](C1)C#N)n2cc(C(=O)N)c(Nc3ccccc3)n2)C4CC4,9.0
768,CHEMBL3647816,CC(C)(O)C1CC(CN[C@H]2CC[C@H]([C@@H](C2)C#N)n3cc(C(=O)N)c(Nc4ccc(cc4)C(F)(F)F)n3)C1,9.0
769,CHEMBL3647750,CC(N[C@@H]1CC[C@@H]([C@H](C1)C#N)n2cc(C(=O)N)c(Nc3ccc(cc3)S(=O)(=O)C(F)(F)F)n2)C4CC4,9.0
770,CHEMBL3647769,CC1(C)CCN1[C@H]2CC[C@@H]([C@H](C2)C#N)n3cc(C(=O)N)c(Nc4ccc(cc4)C(F)(F)F)n3,9.0
771,CHEMBL3647721,CC1(C)CN(C1)[C@H]2CC[C@@H]([C@H](C2)C#N)n3cc(C(=O)N)c(Nc4ccc(Cl)cc4)n3,9.0
772,CHEMBL3703099,CC1(C)CN(C1)[C@H]2CC[C@@H]([C@H](C2)C#N)n3cc(C(=O)N)c(Nc4ccnc(F)c4)n3,9.0
773,CHEMBL3671790,CC1(CCCC1Nc2c(cnn3cc(cc23)c4ccccc4)C(=O)N)C#N,9.0
774,CHEMBL3702996,CC1(CN[C@@H]2CC[C@@H]([C@H](C2)C#N)n3cc(C(=O)N)c(Nc4ccc(cc4)C(F)(F)F)n3)COC1,9.0
775,CHEMBL3647780,CC1(COC1)N[C@H]2CCC([C@H](C2)C#N)n3cc(C(=O)N)c(Nc4ccc(Cl)cc4)n3,9.0
776,CHEMBL3702954,CC1(COC1)c2ccc(Nc3nn(cc3C(=O)N)[C@H]4CC[C@@H](O)C[C@@H]4C#N)cc2,9.0
777,CHEMBL3647863,CC1(COC1)c2ccc(Nc3nn(cc3C(=O)N)[C@H]4CC[C@H](O)C[C@@H]4C#N)cc2,9.0
778,CHEMBL3703088,CC1CN(C1)[C@H]2CC[C@@H]([C@H](C2)C#N)n3cc(C(=O)N)c(Nc4ccc(cc4)C(F)(F)F)n3,9.0
779,CHEMBL3647718,CC1CN(C1)[C@H]2CC[C@@H]([C@H](C2)C#N)n3cc(C(=O)N)c(Nc4ccccc4)n3,9.0
780,CHEMBL3647831,CCN(C1CCC1)C2CC[C@@H]([C@H](C2)C#N)n3cc(C(=O)N)c(Nc4ccc(Cl)cc4)n3,9.0
781,CHEMBL3667481,CC[C@@H]1CN(CC[C@H]1Nc2c(cnn3cc(cc23)c4cnn(CCC#N)c4)C(=O)N)S(=O)(=O)C,9.0
782,CHEMBL3672459,CC[C@H]1CN(C[C@H]1Nc2c(cnn3cc(cc23)c4ccc(C)nc4)C(=O)N)C(=O)C5(CC5)C#N,9.0
783,CHEMBL3647730,CN(C)S(=O)(=O)CCNC1CC[C@@H]([C@H](C1)C#N)n2cc(C(=O)N)c(Nc3ccc(cc3)S(=O)(=O)C(F)(F)F)n2,9.0
784,CHEMBL3703066,CN(C)[C@@H]1CC[C@@H]([C@H](C1)C#N)n2cc(C(=O)N)c(Nc3ccc(OC(F)F)cc3)n2,9.0
785,CHEMBL3647830,CN(C1CCC1)C2CC[C@@H]([C@H](C2)C#N)n3cc(C(=O)N)c(Nc4ccc(Cl)cc4)n3,9.0
786,CHEMBL3647806,CN(CC(F)(F)F)[C@H]1CCC([C@H](C1)C#N)n2cc(C(=O)N)c(Nc3ccnc(F)c3)n2,9.0
787,CHEMBL3647792,CN(CC1(C)COC1)[C@H]2CCC([C@H](C2)C#N)n3cc(C(=O)N)c(Nc4ccc(Cl)cc4)n3,9.0
788,CHEMBL3655103,CN([C@@H]1C[C@@H](C1)NS(=O)(=O)N2CCC(CC2)c3cc[nH]n3)c4ncnc5[nH]ccc45,9.0
789,CHEMBL3647802,CN([C@H]1CCC([C@H](C1)C#N)n2cc(C(=O)N)c(Nc3ccc(Cl)cc3)n2)C(C)(C)C4CC4,9.0
790,CHEMBL3647917,CN([C@H]1CC[C@@H]([C@H](C1)C#N)n2cc(C(=O)N)c(Nc3ccc(Cl)cc3)n2)S(=O)(=O)C,9.0
791,CHEMBL3647871,CNC(=O)O[C@@H]1CCC([C@H](C1)C#N)n2cc(C(=O)N)c(Nc3ccc(F)cc3)n2,9.0
792,CHEMBL3702971,CN[C@H]1CCC([C@H](C1)C#N)n2cc(C(=O)N)c(Nc3ccc(F)cc3)n2,9.0
793,CHEMBL3702981,COCCN[C@H]1CCC([C@H](C1)C#N)n2cc(C(=O)N)c(Nc3ccc(cc3)S(=O)(=O)C(F)(F)F)n2,9.0
794,CHEMBL3667524,COc1ccc(cc1c2nn(CC3(O)CCCC3)cc2NC(=O)c4cnn5cccnc45)C#N,9.0
795,CHEMBL2376143,C[C@@H](NC(=O)c1c[nH]c2ncc(nc12)c3cn(C)c4cc(Cl)ccc34)C(=O)N5CC(C5)C#N,9.0
796,CHEMBL3699540,C[C@@](O)(C(F)F)c1ccc(Nc2nn(cc2C(=O)N)[C@H]3CCCC[C@@H]3C#N)cn1,9.0
797,CHEMBL3647841,C[C@@](O)(c1ccc(Nc2nn(cc2C(=O)N)[C@H]3CC[C@@](C)(O)C[C@@H]3C#N)cc1)C(F)(F)F,9.0
798,CHEMBL3703086,C[C@H](N[C@H]1CC[C@@H]([C@H](C1)C#N)n2cc(C(=O)N)c(Nc3ccc(Cl)cc3)n2)C4CC4,9.0
799,CHEMBL3703062,C[C@H](N[C@H]1CC[C@@H]([C@H](C1)C#N)n2cc(C(=O)N)c(Nc3ccc(OC(F)(F)F)cc3)n2)C4CC4,9.0
800,CHEMBL3647839,C[C@](O)(c1ccc(Nc2nn(cc2C(=O)N)[C@H]3CC[C@@](C)(O)C[C@@H]3C#N)cc1)C(F)(F)F,9.0
801,CHEMBL3647840,C[C@]1(O)CC[C@@H]([C@H](C1)C#N)n2cc(C(=O)N)c(Nc3ccc(Cl)cc3)n2,9.0
802,CHEMBL3702909,Cc1cccc(C)c1NS(=O)(=O)c2ccc(Nc3nn(cc3C(=O)N)[C@H]4CCCC[C@@H]4C#N)cc2,9.0
803,CHEMBL3699527,NC(=O)c1cn(nc1Nc2ccc(Br)cc2)[C@H]3CCCC[C@@H]3C#N,9.0
804,CHEMBL3702940,NC(=O)c1cn(nc1Nc2ccc(Cl)c(F)c2)[C@H]3CC[C@@H](O)C[C@@H]3C#N,9.0
805,CHEMBL3647786,NC(=O)c1cn(nc1Nc2ccc(Cl)cc2)C3CC[C@@H](C[C@@H]3C#N)N4CC(O)(C4)C(F)(F)F,9.0
806,CHEMBL3647832,NC(=O)c1cn(nc1Nc2ccc(Cl)cc2)[C@H]3CCC(C[C@@H]3C#N)N(CC4CC4)C5CCC5,9.0
807,CHEMBL3647723,NC(=O)c1cn(nc1Nc2ccc(Cl)cc2)[C@H]3CC[C@@H](C[C@@H]3C#N)N4CCC45COC5,9.0
808,CHEMBL3647842,NC(=O)c1cn(nc1Nc2ccc(Cl)cc2)[C@H]3CC[C@](O)(C[C@@H]3C#N)C4CC4,9.0
809,CHEMBL3702927,NC(=O)c1cn(nc1Nc2ccc(OC(F)(F)F)cc2)[C@H]3CCCC[C@@H]3C#N,9.0
810,CHEMBL3699518,NC(=O)c1cn(nc1Nc2ccc(c(CO)c2)S(=O)(=O)C(F)(F)F)[C@H]3CCCC[C@@H]3C#N,9.0
811,CHEMBL3699506,NC(=O)c1cn(nc1Nc2ccc(cc2)C#N)[C@H]3CCCC[C@@H]3C#N,9.0
812,CHEMBL3703084,NC(=O)c1cn(nc1Nc2ccc(cc2)C#N)[C@H]3CC[C@@H](C[C@@H]3C#N)NCC(F)F,9.0
813,CHEMBL3647773,NC(=O)c1cn(nc1Nc2ccc(cc2)C(F)(F)F)[C@H]3CC[C@@H](C[C@@H]3C#N)N4CC(O)(C4)C(F)(F)F,9.0
814,CHEMBL3702942,NC(=O)c1cn(nc1Nc2ccc(cc2)C(F)(F)F)[C@H]3CC[C@@H](O)C[C@@H]3C#N,9.0
815,CHEMBL3703091,NC(=O)c1cn(nc1Nc2ccc(cc2)C(F)(F)F)[C@H]3CC[C@H](C[C@@H]3C#N)N4CC5(COC5)C4,9.0
816,CHEMBL3703014,NC(=O)c1cn(nc1Nc2ccc(cc2)C(F)(F)F)[C@H]3CC[C@H](C[C@@H]3C#N)NCC4(O)CC4,9.0
817,CHEMBL3647754,NC(=O)c1cn(nc1Nc2ccc(cc2)S(=O)(=O)C(F)(F)F)[C@H]3CCC(C[C@@H]3C#N)N(C4CC4)C5CC5,9.0
818,CHEMBL3647732,NC(=O)c1cn(nc1Nc2ccc(cc2)S(=O)(=O)C(F)(F)F)[C@H]3CCC(C[C@@H]3C#N)N4CCC[C@@H]4CF,9.0
819,CHEMBL3647733,NC(=O)c1cn(nc1Nc2ccc(cc2)S(=O)(=O)C(F)(F)F)[C@H]3CCC(C[C@@H]3C#N)N4CCC[C@H]4CF,9.0
820,CHEMBL3647734,NC(=O)c1cn(nc1Nc2ccc(cc2)S(=O)(=O)C(F)(F)F)[C@H]3CCC(C[C@@H]3C#N)N4CC[C@H](F)C4,9.0
821,CHEMBL3650680,NC(=O)c1cn(nc1Nc2ccc(cc2)S(=O)(=O)C(F)(F)F)[C@H]3CCCC[C@H]3C#N,9.0
822,CHEMBL3703081,NC(=O)c1cn(nc1Nc2ccc(cc2)S(=O)(=O)C(F)(F)F)[C@H]3CC[C@@H](C[C@@H]3C#N)N4CC(F)C4,9.0
823,CHEMBL3702911,NC(=O)c1cn(nc1Nc2ccc(cc2)S(=O)(=O)NCc3ccc(Cl)cc3)[C@H]4CCCC[C@@H]4C#N,9.0
824,CHEMBL3702966,NC(=O)c1cn(nc1Nc2ccc(cc2)[C@@H](O)C(F)(F)F)[C@@H]3CC[C@H](C[C@H]3C#N)OCC4CC4,9.0
825,CHEMBL3702964,NC(=O)c1cn(nc1Nc2ccc(cc2)[C@H](O)C(F)(F)F)[C@@H]3CC[C@H](C[C@H]3C#N)OCC4CC4,9.0
826,CHEMBL3699539,NC(=O)c1cn(nc1Nc2ccc(nc2)[C@@H](O)C(F)F)[C@H]3CCCC[C@@H]3C#N,9.0
827,CHEMBL3699522,NC(=O)c1cn(nc1Nc2ccc3C(=O)N(CC(F)(F)F)Cc3c2)[C@@H]4CCCC[C@H]4C#N,9.0
828,CHEMBL3703101,NC(=O)c1cn(nc1Nc2ccccc2)[C@H]3CC[C@@H](C[C@@H]3C#N)N4CC5(CCC5)C4,9.0
829,CHEMBL3703079,NC(=O)c1cn(nc1Nc2ccnc(F)c2)[C@H]3CC[C@@H](C[C@@H]3C#N)NCC(F)(F)F,9.0
830,CHEMBL3647720,NC(=O)c1cn(nc1Nc2ccnc(F)c2)[C@H]3CC[C@H](C[C@@H]3C#N)N4CC5(CCC5)C4,9.0
831,CHEMBL3647813,N[C@H]1CCC([C@H](C1)C#N)n2cc(C(=O)N)c(Nc3ccc(F)cc3)n2,9.0
832,CHEMBL3647868,NC(=O)c1cn(nc1Nc2ccc(F)cc2)C3CC[C@H](C[C@@H]3C#N)OC(=O)Nc4ccccc4,9.02
833,CHEMBL3703087,NC(=O)c1cn(nc1Nc2ccc(cc2)C(F)(F)F)[C@H]3CC[C@@H](C[C@@H]3C#N)N4CC5(COC5)C4,9.02
834,CHEMBL3647716,CC1(C)CN(C1)[C@H]2CC[C@@H]([C@H](C2)C#N)n3cc(C(=O)N)c(Nc4ccccc4)n3,9.05
835,CHEMBL3647778,CC1(CC1)N[C@H]2CCC([C@H](C2)C#N)n3cc(C(=O)N)c(Nc4ccc(Cl)cc4)n3,9.05
836,CHEMBL3647809,COCCN[C@H]1CCC([C@H](C1)C#N)n2cc(C(=O)N)c(Nc3ccc(Cl)cc3)n2,9.05
837,CHEMBL3672463,COc1ncc(cn1)c2cc3c(N[C@@H]4CN(C[C@@H]4CF)C(=O)C5(CC5)C#N)c(cnn3c2)C(=O)N,9.05
838,CHEMBL3650677,CS(=O)(=O)N[C@@H]1CCC([C@@H](C1)C#N)n2cc(C(=O)N)c(Nc3ccc(F)cc3)n2,9.05
839,CHEMBL3647914,CS(=O)(=O)N[C@@H]1CC[C@@H]([C@H](C1)C#N)n2cc(C(=O)N)c(Nc3ccc(Cl)cc3)n2,9.05
840,CHEMBL2386634,C[C@@H](O)c1nc2cnc3[nH]ccc3c2n1[C@@H]4CC[C@@H](CC4)C#N,9.05
841,CHEMBL3647764,C[C@H](NC1CC[C@@H]([C@H](C1)C#N)n2cc(C(=O)N)c(Nc3ccc(cc3)C(F)(F)F)n2)C4CC4,9.05
842,CHEMBL3647715,NC(=O)c1cn(nc1Nc2ccc(cc2)C(F)(F)F)[C@H]3CC[C@@H](C[C@@H]3C#N)NC4CC4,9.05
843,CHEMBL3703097,NC(=O)c1cn(nc1Nc2ccc(cc2)C(F)(F)F)[C@H]3CC[C@H](C[C@@H]3C#N)N4CCC4,9.05
844,CHEMBL3702995,NC(=O)c1cn(nc1Nc2ccc(cc2)C(F)(F)F)[C@H]3CC[C@H](C[C@@H]3C#N)N4C[C@@H]5[C@@H](CO)[C@@H]5C4,9.05
845,CHEMBL3703089,NC(=O)c1cn(nc1Nc2ccc(cc2)S(=O)(=O)C(F)F)[C@H]3CCC(C[C@@H]3C#N)NCC(F)F,9.05
846,CHEMBL3702913,NC(=O)c1cn(nc1Nc2ccc(cc2)S(=O)(=O)N3CCC4(CC3)OCCO4)[C@H]5CCCC[C@@H]5C#N,9.05
847,CHEMBL3702906,NC(=O)c1cn(nc1Nc2ccc(cc2)S(=O)(=O)NCc3ccccn3)[C@H]4CCCC[C@@H]4C#N,9.05
848,CHEMBL3702965,NC(=O)c1cn(nc1Nc2ccc(cc2)[C@H](O)C(F)(F)F)[C@H]3CC[C@H](C[C@@H]3C#N)OCC4CC4,9.05
849,CHEMBL3780299,N[C@@H]1CC[C@@H](CC1)NC2=C(C(=O)NC=C2)c3nc4CCCCc4[nH]3,9.05
850,CHEMBL3647808,CC1(CCOCC1)N[C@H]2CCC([C@H](C2)C#N)n3cc(C(=O)N)c(Nc4ccc(Cl)cc4)n3,9.07
851,CHEMBL3647872,CCNC(=O)O[C@@H]1CCC([C@H](C1)C#N)n2cc(C(=O)N)c(Nc3ccc(F)cc3)n2,9.07
852,CHEMBL3647846,NC(=O)c1cn(nc1Nc2ccc(Cl)cc2)[C@H]3CC[C@@](O)(C[C@@H]3C#N)C=C,9.07
853,CHEMBL3639466,NC(=O)c1cn(nc1Nc2ccc(cc2)C(F)(F)F)[C@@H]3CC[C@@H](C[C@H]3C#N)NC4COC4,9.07
854,CHEMBL3647788,CC(C)(C)N[C@H]1CCC([C@H](C1)C#N)n2cc(C(=O)N)c(Nc3ccccc3)n2,9.1
855,CHEMBL3699493,CC(C)(C)OC(=O)NC1CC[C@@H](C#N)C(C1)n2cc(C(=O)N)c(Nc3ccc(F)cc3)n2,9.1
856,CHEMBL3672451,CC[C@H]1CN(C[C@H]1Nc2c(cnn3cc(cc23)C4=CN(C)C(=O)C=C4)C(=O)N)c5ccc(cn5)C#N,9.1
857,CHEMBL3672472,CC[C@H]1CN(C[C@H]1Nc2c(cnn3cc(cc23)c4cnn(C)c4)C(=O)N)c5ncc(C#N)s5,9.1
858,CHEMBL3672473,CC[C@H]1CN(C[C@H]1Nc2c(cnn3cc(cc23)c4cnn(CC(C)C)c4)C(=O)N)c5ncc(C#N)s5,9.1
859,CHEMBL3644627,CCc1cc(O)c(F)cc1c2ccc3c(n[nH]c3c2)c4nc5CCN(Cc6ccccc6)CCc5[nH]4,9.1
860,CHEMBL3640018,CN[C@@H]1CCC([C@H](C1)C#N)n2cc(C(=O)N)c(Nc3ccc(F)cc3)n2,9.1
861,CHEMBL3780467,COC(=O)C1CCc2[nH]c(nc2C1)C3=C(N[C@@H]4CC[C@H](N)CC4)C=CNC3=O,9.1
862,CHEMBL3647795,COCC(C)(C)N[C@H]1CCC([C@H](C1)C#N)n2cc(C(=O)N)c(Nc3ccc(Cl)cc3)n2,9.1
863,CHEMBL3780230,COCCN[C@@H]1CC[C@@H](CC1)NC2=C(C(=O)NC=C2)c3nc4ccccc4[nH]3,9.1
864,CHEMBL3647756,C[C@@H](N[C@@H]1CC[C@@H]([C@H](C1)C#N)n2cc(C(=O)N)c(Nc3ccc(cc3)S(=O)(=O)C(F)(F)F)n2)C4CC4,9.1
865,CHEMBL2386640,C[C@@H](O)c1nc2cnc3[nH]ccc3c2n1C4CCCCC4,9.1
866,CHEMBL3647758,C[C@H](N[C@@H]1CC[C@@H]([C@H](C1)C#N)n2cc(C(=O)N)c(Nc3ccc(cc3)S(=O)(=O)C(F)(F)F)n2)C4CC4,9.1
867,CHEMBL3667468,C[C@H]1[C@@H](C[C@@H]2CN(C[C@H]12)S(=O)(=O)C)Nc3c(cnn4cc(cc34)N5CCN(C(=O)C)C5=O)C(=O)N,9.1
868,CHEMBL2376154,Cn1nc(c2cnc3[nH]cc(C(=O)N[C@H](C4CC4)C(=O)N5CC(C5)C#N)c3n2)c6ccc(Cl)cc16,9.1
869,CHEMBL3647912,NC(=O)c1cn(nc1Nc2ccnc(F)c2)[C@H]3CC[C@H](CF)C[C@@H]3[N+]#[C-],9.1
870,CHEMBL3647775,CC1(C)CN(C1)[C@H]2CC[C@@H]([C@H](C2)C#N)n3cc(C(=O)N)c(Nc4ccc(cc4)C(F)(F)F)n3,9.13
871,CHEMBL3703057,CN(C)[C@H]1CC[C@@H]([C@H](C1)C#N)n2cc(C(=O)N)c(Nc3ccc(OC(F)(F)F)cc3)n2,9.13
872,CHEMBL3647838,C[C@](O)(c1ccc(Nc2nn(cc2C(=O)N)[C@H]3CC[C@](C)(O)C[C@@H]3C#N)cc1)C(F)(F)F,9.13
873,CHEMBL3702984,NC(=O)c1cn(nc1Nc2ccccc2)[C@H]3CC[C@@H](C[C@@H]3C#N)N4CCC4,9.13
874,CHEMBL3647861,CC(C)(C(O)C(F)(F)F)c1ccc(Nc2nn(cc2C(=O)N)[C@H]3CC[C@H](O)C[C@@H]3C#N)cc1,9.16
875,CHEMBL3647835,CC(C)(C(O)C(F)(F)F)c1ccc(Nc2nn(cc2C(=O)N)[C@H]3CC[C@](C)(O)C[C@@H]3C#N)cc1,9.16
876,CHEMBL3667478,CC1(C)CN(CC[C@H]1Nc2c(cnn3cc(cc23)N4CC[C@@H](O)C4=O)C(=O)N)c5ccc(cn5)C#N,9.16
877,CHEMBL3672465,CC[C@H]1CN(C[C@H]1Nc2c(cnn3cc(cc23)c4onc(C)c4)C(=O)N)C(=O)OC(C)(C)C,9.16
878,CHEMBL3644629,CCc1cc(O)c(F)cc1c2ccc3c(n[nH]c3c2)c4nc5CN(CCc5[nH]4)C(=O)c6ccc(nc6)C#N,9.16
879,CHEMBL3703019,CN[C@H]1CC[C@@H]([C@H](C1)C#N)n2cc(C(=O)N)c(Nc3ccc(Cl)cc3)n2,9.16
880,CHEMBL3667519,COc1ccc(Cl)cc1c2nc(C)sc2NC(=O)c3cnn4cccnc34,9.16
881,CHEMBL3667522,COc1ccc(Cl)cc1c2nn(CC(=O)N3CCCC3C)cc2NC(=O)c4cnn5cccnc45,9.16
882,CHEMBL3671811,C[C@]1(N)CC[C@@H](Nc2c(cnn3cc(cc23)c4ccc(CO)cc4)C(=O)N)C1(C)C,9.16
883,CHEMBL3671807,C[C@]1(N)CC[C@@H](Nc2c(cnn3cc(cc23)c4ccc(cc4)C(=O)NC5CC5)C(=O)N)C1(C)C,9.16
884,CHEMBL3671804,C[C@]1(N)CC[C@@H](Nc2c(cnn3cc(cc23)c4cccnc4)C(=O)N)C1(C)C,9.16
885,CHEMBL3781394,FC(F)CN[C@@H]1CC[C@@H](CC1)NC2=C(C(=O)NC=C2)c3nc4ccccc4[nH]3,9.16
886,CHEMBL3703049,NC(=O)c1cn(nc1Nc2ccc(CC(F)(F)F)cc2)[C@H]3CC[C@H](C[C@@H]3C#N)NC4COC4,9.16
887,CHEMBL3703070,NC(=O)c1cn(nc1Nc2ccc(Cl)cc2)[C@H]3CC[C@@H](C[C@@H]3C#N)N4CCC4,9.16
888,CHEMBL3703035,NC(=O)c1cn(nc1Nc2ccc(OC(F)(F)F)cc2)[C@H]3CC[C@@H](C[C@@H]3C#N)N4CCC4,9.16
889,CHEMBL3702924,NC(=O)c1cn(nc1Nc2ccc(OC(F)F)cc2)[C@H]3CCCC[C@@H]3C#N,9.16
890,CHEMBL3702975,NC(=O)c1cn(nc1Nc2ccc(cc2)S(=O)(=O)C(F)(F)F)C3CCC(C[C@@H]3C#N)NC4CC4,9.16
891,CHEMBL3699538,NC(=O)c1cn(nc1Nc2ccc(nc2)[C@H](O)C(F)F)[C@H]3CCCC[C@@H]3C#N,9.17
892,CHEMBL3703100,CN(C)[C@H]1CC[C@@H]([C@H](C1)C#N)n2cc(C(=O)N)c(Nc3ccccc3)n2,9.19
893,CHEMBL3647805,CN([C@H]1CCC([C@H](C1)C#N)n2cc(C(=O)N)c(Nc3ccc(Cl)cc3)n2)C4(C)COC4,9.19
894,CHEMBL3703056,NC(=O)c1cn(nc1Nc2ccc(cc2)[C@@H](O)C(F)(F)F)[C@H]3CC[C@H](C[C@@H]3C#N)N4CCC4,9.19
895,CHEMBL3699499,NC(=O)c1cn(nc1Nc2ccc(cc2)S(=O)(=O)C(F)(F)F)[C@H]3CC[C@H](O)C[C@@H]3C#N,9.21
896,CHEMBL3647785,CC(C)(O)C1CN(C1)[C@@H]2CCC([C@H](C2)C#N)n3cc(C(=O)N)c(Nc4ccc(Cl)cc4)n3,9.22
897,CHEMBL3699532,CC(C)([C@@H](O)C(F)(F)F)c1ccc(Nc2nn(cc2C(=O)N)[C@H]3CCCC[C@@H]3C#N)cc1,9.22
898,CHEMBL3671810,CN(C)C(=O)c1ccc(cc1)c2cc3c(N[C@@H]4CC[C@](C)(N)C4(C)C)c(cnn3c2)C(=O)N,9.22
899,CHEMBL3647726,COCCN(C)[C@H]1CC[C@@H]([C@H](C1)C#N)n2cc(C(=O)N)c(Nc3ccc(cc3)S(=O)(=O)C(F)(F)F)n2,9.22
900,CHEMBL2206639,CS(=O)(=O)NCCc1nc2cnc3[nH]ccc3c2n1C4CC5CCC4C5,9.22
901,CHEMBL3699477,CS(=O)(=O)c1ccc(Nc2nn(cc2C(=O)N)C3CCCCC3C#N)cc1,9.22
902,CHEMBL3702944,C[C@](O)(c1ccc(Nc2nn(cc2C(=O)N)[C@H]3CC[C@@H](O)C[C@@H]3C#N)cc1)C(F)(F)F,9.22
903,CHEMBL2152401,N#CCCN1CCC(CC1)n2cnc3cnc4[nH]ccc4c23,9.22
904,CHEMBL3703043,NC(=O)c1cn(nc1Nc2ccc(CC(F)(F)F)cc2)[C@H]3CC[C@@H](C[C@@H]3C#N)N4CCC4,9.22
905,CHEMBL3702956,NC(=O)c1cn(nc1Nc2ccc(OC(F)F)cc2)[C@H]3CC[C@@H](O)C[C@@H]3C#N,9.22
906,CHEMBL3703013,NC(=O)c1cn(nc1Nc2ccc(cc2)C(F)(F)F)[C@H]3CC[C@@H](C[C@@H]3C#N)N4C[C@@H]5[C@@H](CO)[C@@H]5C4,9.22
907,CHEMBL3703004,NC(=O)c1cn(nc1Nc2ccc(cc2)C(F)(F)F)[C@H]3CC[C@H](C[C@@H]3C#N)N4CC5(CCC5)C4,9.22
908,CHEMBL3647753,NC(=O)c1cn(nc1Nc2ccc(cc2)S(=O)(=O)C(F)(F)F)[C@H]3CC[C@@H](C[C@@H]3C#N)NC(C4CC4)C5CC5,9.22
909,CHEMBL3779913,N[C@@H]1CC[C@H](CC1)NC2=C(C(=O)NC=C2)c3nc4ccccc4[nH]3,9.22
910,CHEMBL3360349,O=C(Nc1nc2cccc(c3ccc(cc3)C(=O)NCCc4ccn(n4)c5ccccc5)n2n1)C6CC6,9.22
911,CHEMBL2325898,O=C(N[C@H](C1CC1)C(=O)N2CC[C@@H](C2)C#N)c3c[nH]c4ncc(nc34)C5CC5,9.23
912,CHEMBL3639983,CNC(=O)c1ccc(Nc2nn(cc2C(=O)N)[C@H]3CCCC[C@@H]3C#N)cc1,9.24
913,CHEMBL3703085,CN(C)[C@H]1CC[C@@H]([C@H](C1)C#N)n2cc(C(=O)N)c(Nc3ccc(Cl)cc3)n2,9.26
914,CHEMBL3702986,CN([C@H]1CC[C@@H]([C@H](C1)C#N)n2cc(C(=O)N)c(Nc3ccc(Cl)cc3)n2)C(C)(C)C,9.26
915,CHEMBL3702941,NC(=O)c1cn(nc1Nc2ccc(cc2)C#N)[C@H]3CC[C@@H](O)C[C@@H]3C#N,9.26
916,CHEMBL3702976,NC(=O)c1cn(nc1Nc2ccc(cc2)S(=O)(=O)C(F)(F)F)C3CC[C@@H](C[C@@H]3C#N)NCC(F)(F)F,9.26
917,CHEMBL3703058,NC(=O)c1cn(nc1Nc2ccc(cc2)[C@@H](O)C(F)(F)F)[C@H]3CC[C@@H](C[C@@H]3C#N)N4CCC4,9.26
918,CHEMBL3702897,NC(=O)c1cn(nc1Nc2cnc3C(=O)NCc3c2)[C@H]4CCCC[C@@H]4C#N,9.26
919,CHEMBL3699526,NC(=O)c1cn(nc1Nc2ccc(C=O)cc2)[C@H]3CCCC[C@@H]3C#N,9.28
920,CHEMBL3702910,CC(=O)N1CCN(CC1)S(=O)(=O)c2ccc(Nc3nn(cc3C(=O)N)[C@H]4CCCC[C@@H]4C#N)cc2,9.3
921,CHEMBL3672460,CC[C@H]1CN(C[C@H]1Nc2c(cnn3cc(cc23)c4cnn(CC(C)C)c4)C(=O)N)S(=O)(=O)C,9.3
922,CHEMBL3650674,CN(C)[C@@H]1CCC([C@H](C1)C#N)n2cc(C(=O)N)c(Nc3ccc(cc3)S(=O)(=O)C(F)(F)F)n2,9.3
923,CHEMBL3672466,CNC(=O)c1cccc(c1)c2cc3c(N[C@@H]4CN(C[C@@H]4OC)C(=O)C5(CC5)C#N)c(cnn3c2)C(=O)N,9.3
924,CHEMBL3667523,COc1ccc(Cl)cc1c2nn(CC(=O)N3CCC=CC3)cc2NC(=O)c4cnn5cccnc45,9.3
925,CHEMBL3647915,CS(=O)(=O)N[C@H]1CC[C@@H]([C@H](C1)C#N)n2cc(C(=O)N)c(Nc3ccc(Cl)cc3)n2,9.3
926,CHEMBL3699461,CS(=O)(=O)c1ccc(Nc2nn(cc2C(=O)N)[C@H]3CCC[C@@H]3C#N)cc1,9.3
927,CHEMBL2152297,C[C@@H]1CCN(C[C@@H]1n2cnc3cnc4[nH]ccc4c23)C(=O)CC#N,9.3
928,CHEMBL3672456,C[C@H]1CN(C[C@H]1Nc2c(cnn3cc(cc23)c4ccnc(F)c4)C(=O)N)C(=O)CC#N,9.3
929,CHEMBL3781359,FCCN[C@@H]1CC[C@@H](CC1)NC2=C(C(=O)NC=C2)c3nc4ccccc4[nH]3,9.3
930,CHEMBL3647848,NC(=O)c1cn(nc1Nc2ccc(OC(F)(F)F)cc2)[C@H]3CC[C@H](O)C[C@@H]3C#N,9.3
931,CHEMBL3647852,NC(=O)c1cn(nc1Nc2ccc(cc2)C#N)[C@H]3CC[C@H](O)C[C@@H]3C#N,9.3
932,CHEMBL3699510,NC(=O)c1cn(nc1Nc2ccc(cc2)S(=O)(=O)C(F)F)C3CCCC[C@@H]3C#N,9.3
933,CHEMBL3703093,NC(=O)c1cn(nc1Nc2ccc(cc2)S(=O)(=O)C(F)F)[C@H]3CC[C@@H](C[C@@H]3C#N)NCC(F)F,9.3
934,CHEMBL3702903,NC(=O)c1cn(nc1Nc2ccc(cc2)S(=O)(=O)NC3CCCCC3)[C@H]4CCCC[C@@H]4C#N,9.3
935,CHEMBL3702908,NC(=O)c1cn(nc1Nc2ccc(cc2)S(=O)(=O)NCCN3CCCC3)[C@H]4CCCC[C@@H]4C#N,9.3
936,CHEMBL3702912,NC(=O)c1cn(nc1Nc2ccc(cc2)S(=O)(=O)NCc3ccccc3Cl)[C@H]4CCCC[C@@H]4C#N,9.3
937,CHEMBL3703098,NC(=O)c1cn(nc1Nc2ccnc(F)c2)[C@H]3CC[C@@H](C[C@@H]3C#N)N4CC5(CCC5)C4,9.3
938,CHEMBL3699513,NC(=O)c1cn(nc1Nc2ccc(cc2)S(=O)(=O)CC(F)(F)F)C3CCCC[C@@H]3C#N,9.31
939,CHEMBL2325897,O=C(N[C@H](C1CC1)C(=O)N2CC[C@H](C2)C#N)c3c[nH]c4ncc(nc34)C5CC5,9.33
940,CHEMBL3703046,CC(C)(C(=O)O)c1ccc(Nc2nn(cc2C(=O)N)[C@H]3CCC(C[C@@H]3C#N)N4CCC4)cc1,9.35
941,CHEMBL3702947,COC(C)(C)c1ccc(Nc2nn(cc2C(=O)N)[C@H]3CC[C@@H](O)C[C@@H]3C#N)cc1,9.35
942,CHEMBL3647724,COC1CN(C1)C2CC[C@@H]([C@H](C2)C#N)n3cc(C(=O)N)c(Nc4ccc(cc4)S(=O)(=O)C(F)(F)F)n3,9.35
943,CHEMBL3647918,CO\N=C\c1ccc(Nc2nn(cc2C(=O)N)[C@H]3CCCC[C@@H]3[N+]#[C-])cc1,9.35
944,CHEMBL3647858,C[C@](O)(c1ccc(Nc2nn(cc2C(=O)N)[C@H]3CC[C@H](O)C[C@@H]3C#N)cc1)C(F)(F)F,9.35
945,CHEMBL3703041,NC(=O)c1cn(nc1Nc2ccc(C=O)cc2)[C@H]3CC[C@@H](C[C@@H]3C#N)N4CCC4,9.35
946,CHEMBL3703003,NC(=O)c1cn(nc1Nc2ccc(cc2)C(F)(F)F)[C@H]3CC[C@@H](C[C@@H]3C#N)NCC4(O)CC4,9.35
947,CHEMBL3647738,NC(=O)c1cn(nc1Nc2ccc(cc2)S(=O)(=O)C(F)(F)F)[C@H]3CC[C@@H](C[C@@H]3C#N)NCC(F)F,9.35
948,CHEMBL3703080,NC(=O)c1cn(nc1Nc2ccc(cc2)S(=O)(=O)C(F)(F)F)[C@H]3CC[C@H](C[C@@H]3C#N)N4CC(F)C4,9.35
949,CHEMBL3647857,NC(=O)c1cn(nc1Nc2ccc(cc2)[C@@H](O)C(F)(F)F)[C@H]3CC[C@H](O)C[C@@H]3C#N,9.35
950,CHEMBL3702884,NC(=O)c1cn(nc1Nc2ccc3c(C=CS3(=O)=O)c2)C4CCCC[C@@H]4C#N,9.35
951,CHEMBL3703054,CC(=O)c1ccc(Nc2nn(cc2C(=O)N)[C@H]3CC[C@H](C[C@@H]3C#N)N4CCC4)cc1,9.4
952,CHEMBL3703030,CC(C)(C)N[C@@H]1CC[C@@H]([C@H](C1)C#N)n2cc(C(=O)N)c(Nc3ccc(cc3)[C@H](O)C(F)(F)F)n2,9.4
953,CHEMBL3702987,CC(C)(O)C1CN(C1)[C@@H]2CC[C@@H]([C@H](C2)C#N)n3cc(C(=O)N)c(Nc4ccc(cc4)C(F)(F)F)n3,9.4
954,CHEMBL3703006,CC1(CN[C@H]2CC[C@@H]([C@H](C2)C#N)n3cc(C(=O)N)c(Nc4ccc(cc4)C(F)(F)F)n3)COC1,9.4
955,CHEMBL3703073,CN(C)[C@H]1CC[C@@H]([C@H](C1)C#N)n2cc(C(=O)N)c(Nc3ccc(OC(F)F)cc3)n2,9.4
956,CHEMBL3672474,CNC(=O)Cn1cc(cn1)c2cc3c(N[C@@H]4CN(C[C@@H]4C)c5ccc(Cl)cn5)c(cnn3c2)C(=O)N,9.4
957,CHEMBL3667471,CNC(=O)c1ccc(cn1)c2cc3c(N[C@@H]4C[C@@H]5CN(C[C@@H]5[C@H]4C)C(=O)C(C)(C)O)c(cnn3c2)C(=O)N,9.4
958,CHEMBL3703031,NC(=O)c1cn(nc1Nc2ccc(CC(F)(F)F)cc2)[C@H]3CC[C@H](C[C@@H]3C#N)N4CCC4,9.4
959,CHEMBL3702982,NC(=O)c1cn(nc1Nc2ccc(cc2)C(F)(F)F)[C@H]3CC[C@@H](C[C@@H]3[N+]#[C-])N4CCC4,9.4
960,CHEMBL3647729,NC(=O)c1cn(nc1Nc2ccc(cc2)S(=O)(=O)C(F)(F)F)[C@H]3CCC(C[C@@H]3C#N)NC4CCS(=O)(=O)C4,9.4
961,CHEMBL3639465,NC(=O)c1cn(nc1Nc2ccc(cc2)S(=O)(=O)C(F)(F)F)[C@H]3CCC(C[C@@H]3C#N)NCC4CCS(=O)(=O)C4,9.4
962,CHEMBL3702920,NC(=O)c1cn(nc1Nc2ccc(cc2)S(=O)(=O)N3CCOCC3)[C@H]4CCCC[C@@H]4C#N,9.4
963,CHEMBL3702889,NC(=O)c1cn(nc1Nc2ccc(cc2)S(=O)(=O)NCCN3CCOCC3)[C@@H]4CCCC[C@H]4C#N,9.4
964,CHEMBL3702930,NC(=O)c1cn(nc1Nc2ccc3c(CCS3(=O)=O)c2)C4CCCC[C@@H]4C#N,9.4
965,CHEMBL3781442,N[C@@H]1CC[C@@H](CC1)NC2=C(C(=O)NC=C2)c3nc4CC(CCc4[nH]3)C(F)F,9.4
966,CHEMBL2152300,O=C(CC#N)N1CCC[C@H](C1)n2cnc3cnc4[nH]ccc4c23,9.4
967,CHEMBL3699530,CC(C)([C@H](O)C(F)(F)F)c1ccc(Nc2nn(cc2C(=O)N)[C@H]3CCCC[C@@H]3C#N)cc1,9.44
968,CHEMBL3647748,CC(C)N[C@@H]1CC[C@@H]([C@H](C1)C#N)n2cc(C(=O)N)c(Nc3ccc(cc3)S(=O)(=O)C(F)(F)F)n2,9.46
969,CHEMBL3699511,CCS(=O)(=O)c1ccc(Nc2nn(cc2C(=O)N)C3CCCC[C@@H]3C#N)cc1,9.46
970,CHEMBL3647762,CN(C)[C@@H]1CC[C@@H]([C@H](C1)C#N)n2cc(C(=O)N)c(Nc3ccc(cc3)C(F)(F)F)n2,9.46
971,CHEMBL3647919,CO\N=C(/C)\c1ccc(Nc2nn(cc2C(=O)N)[C@H]3CCCC[C@@H]3[N+]#[C-])cc1,9.46
972,CHEMBL3647725,CS(=O)(=O)CCNC1CC[C@@H]([C@H](C1)C#N)n2cc(C(=O)N)c(Nc3ccc(cc3)S(=O)(=O)C(F)(F)F)n2,9.46
973,CHEMBL3702953,C[C@@](O)(c1ccc(Nc2nn(cc2C(=O)N)[C@H]3CC[C@@H](O)C[C@@H]3C#N)cc1)C(F)(F)F,9.46
974,CHEMBL3702980,NC(=O)c1cn(nc1Nc2ccc(cc2)S(=O)(=O)C(F)(F)F)C3CCC(C[C@@H]3C#N)NCCO,9.46
975,CHEMBL3702902,NC(=O)c1cn(nc1Nc2ccc(cc2)S(=O)(=O)Nc3ccncc3)[C@H]4CCCC[C@@H]4C#N,9.46
976,CHEMBL3699547,NC(=O)c1cn(nc1Nc2ccc(nc2)[C@@H](O)C(F)(F)F)[C@H]3CCCC[C@@H]3C#N,9.46
977,CHEMBL3647932,NC(=O)c1cn(nc1Nc2ccc(cc2)S(=O)(=O)C(F)(F)F)[C@H]3CC[C@H](O)C[C@H]3C#N,9.47
978,CHEMBL3702887,NC(=O)c1cn(nc1Nc2ccc(cc2)S(=O)(=O)NCC3CC3)[C@@H]4CCCC[C@H]4C#N,9.48
979,CHEMBL3699500,NC(=O)c1cn(nc1Nc2ccc(cc2)S(=O)(=O)C(F)F)C3CC[C@@H](O)C[C@@H]3C#N,9.5
980,CHEMBL3699528,CC(=O)c1ccc(Nc2nn(cc2C(=O)N)[C@H]3CCCC[C@@H]3C#N)cc1,9.52
981,CHEMBL3703055,CC(=O)c1ccc(Nc2nn(cc2C(=O)N)[C@H]3CC[C@@H](C[C@@H]3C#N)N4CCC4)cc1,9.52
982,CHEMBL3703052,CC(C)(C(=O)O)c1ccc(Nc2nn(cc2C(=O)N)[C@H]3CC[C@H](C[C@@H]3C#N)N4CCC4)cc1,9.52
983,CHEMBL3702914,CC(C)NS(=O)(=O)c1ccc(Nc2nn(cc2C(=O)N)[C@H]3CCCC[C@@H]3C#N)cc1,9.52
984,CHEMBL3647772,CC1(O)CN(C1)[C@@H]2CC[C@@H]([C@H](C2)C#N)n3cc(C(=O)N)c(Nc4ccc(cc4)C(F)(F)F)n3,9.52
985,CHEMBL3780636,CCN[C@@H]1CC[C@@H](CC1)NC2=C(C(=O)NC=C2)c3nc4ccccc4[nH]3,9.52
986,CHEMBL3702970,CN(C)[C@H]1CCC([C@H](C1)C#N)n2cc(C(=O)N)c(Nc3ccc(cc3)S(=O)(=O)C(F)(F)F)n2,9.52
987,CHEMBL3647761,CN(C)[C@H]1CC[C@@H]([C@H](C1)C#N)n2cc(C(=O)N)c(Nc3ccc(cc3)C(F)(F)F)n2,9.52
988,CHEMBL3647829,CN(C1CCC1)[C@H]2CC[C@@H]([C@H](C2)[N+]#[C-])n3cc(C(=O)N)c(Nc4ccc(cc4)C(F)(F)F)n3,9.52
989,CHEMBL2386636,C[C@@H](O)c1nc2cnc3[nH]ccc3c2n1[C@@H]4CC[C@@H](CCC#N)CC4,9.52
990,CHEMBL3672454,C[C@H]1CN(C[C@H]1Nc2c(cnn3cc(cc23)c4cnn(CC(=O)N5CCC(F)(F)C5)c4)C(=O)N)c6ccc(cn6)C#N,9.52
991,CHEMBL3667469,C[C@H]1[C@@H](C[C@@H]2CN(C[C@H]12)C(=O)CO)Nc3c(cnn4cc(cc34)c5ccc(cc5)C(=O)N)C(=O)N,9.52
992,CHEMBL3667474,C[C@H]1[C@@H](C[C@@H]2CN(C[C@H]12)C(=O)CO)Nc3c(cnn4cc(cc34)c5ccc(cc5)C(=O)NC6CC6)C(=O)N,9.52
993,CHEMBL3703060,C[C@](O)(c1ccc(Nc2nn(cc2C(=O)N)[C@H]3CC[C@@H](C[C@@H]3C#N)N4CC(C)(C)C4)cc1)C(F)(F)F,9.52
994,CHEMBL3703051,NC(=O)c1cn(nc1Nc2ccc(CC(F)(F)F)cc2)[C@H]3CC[C@@H](C[C@@H]3C#N)NC4COC4,9.52
995,CHEMBL3702978,NC(=O)c1cn(nc1Nc2ccc(cc2)S(=O)(=O)C(F)(F)F)C3CC[C@@H](C[C@@H]3C#N)N4CCOCC4,9.52
996,CHEMBL3647727,NC(=O)c1cn(nc1Nc2ccc(cc2)S(=O)(=O)C(F)(F)F)[C@H]3CC[C@H](C[C@@H]3C#N)N4CC(O)C4,9.52
997,CHEMBL3702977,NC(=O)c1cn(nc1Nc2ccc(cc2)S(=O)(=O)C(F)F)C3CC[C@@H](C[C@@H]3C#N)NCC(F)(F)F,9.52
998,CHEMBL3702905,NC(=O)c1cn(nc1Nc2ccc(cc2)S(=O)(=O)NCc3cccnc3)[C@H]4CCCC[C@@H]4C#N,9.52
999,CHEMBL3702951,NC(=O)c1cn(nc1Nc2ccc(cc2)[C@@H](O)C(F)(F)F)[C@H]3CC[C@@H](O)C[C@@H]3C#N,9.52
1000,CHEMBL3703025,NC(=O)c1cn(nc1Nc2ccc(cc2)[C@H](O)C(F)(F)F)[C@H]3CC[C@@H](C[C@@H]3C#N)N4CCC4,9.52
1001,CHEMBL3703040,NC(=O)c1cn(nc1Nc2ccc(cc2)[C@H](O)C(F)(F)F)[C@H]3CC[C@H](C[C@@H]3C#N)N4CCC4,9.52
1002,CHEMBL3647856,NC(=O)c1cn(nc1Nc2ccc(cc2)[C@H](O)C(F)(F)F)[C@H]3CC[C@H](O)C[C@@H]3C#N,9.52
1003,CHEMBL3703068,NC(=O)c1cn(nc1Nc2ccnc(F)c2)[C@H]3CC[C@@H](C[C@@H]3C#N)NCc4ccccc4,9.52
1004,CHEMBL3647742,NC(=O)c1cn(nc1Nc2ccc(cc2)S(=O)(=O)C(F)(F)F)[C@H]3CC[C@H](C[C@@H]3C#N)N4CCC4,9.54
1005,CHEMBL3702883,NC(=O)c1cn(nc1Nc2ccc3c(c2)C(O)CS3(=O)=O)C4CCCC[C@@H]4C#N,9.55
1006,CHEMBL3703047,CC(C)(C(=O)O)c1ccc(Nc2nn(cc2C(=O)N)[C@H]3CCC(C[C@@H]3C#N)N4CC5(CCC5)C4)cc1,9.6
1007,CHEMBL3702919,COCCNS(=O)(=O)c1ccc(Nc2nn(cc2C(=O)N)[C@H]3CCCC[C@@H]3C#N)cc1,9.6
1008,CHEMBL3703096,CS(=O)(=O)c1ccc(Nc2nn(cc2C(=O)N)[C@H]3CC[C@@H](C[C@@H]3C#N)N4CC5(CCC5)C4)cc1,9.6
1009,CHEMBL3647722,CS(=O)(=O)c1ccc(Nc2nn(cc2C(=O)N)[C@H]3CC[C@H](C[C@@H]3C#N)N4CC5(CCC5)C4)cc1,9.6
1010,CHEMBL3647845,C[C@@](O)(c1ccc(Nc2nn(cc2C(=O)N)[C@H]3CC[C@](C)(O)C[C@@H]3C#N)cc1)C(F)(F)F,9.6
1011,CHEMBL3647849,NC(=O)c1cn(nc1Nc2ccc(Cl)cc2)[C@H]3CC[C@H](O)C[C@@H]3C#N,9.6
1012,CHEMBL3702979,NC(=O)c1cn(nc1Nc2ccc(cc2)S(=O)(=O)C(F)(F)F)C3CC[C@@H](C[C@@H]3C#N)NCC(F)F,9.6
1013,CHEMBL3702907,NC(=O)c1cn(nc1Nc2ccc(cc2)S(=O)(=O)NCc3ccncc3)[C@H]4CCCC[C@@H]4C#N,9.6
1014,CHEMBL3702949,NC(=O)c1cn(nc1Nc2ccc(cc2)[C@H](O)C(F)(F)F)[C@H]3CC[C@@H](O)C[C@@H]3C#N,9.6
1015,CHEMBL3647731,NC(=O)c1cn(nc1Nc2ccc(cc2)S(=O)(=O)C(F)(F)F)[C@H]3CCC(C[C@@H]3C#N)NC4COC4,9.66
1016,CHEMBL3699558,CC(C)(C(=O)NCC(F)(F)F)c1ccc(Nc2nn(cc2C(=O)N)[C@H]3CCCC[C@@H]3C#N)cc1,9.7
1017,CHEMBL3647777,CC(C)(C)N[C@H]1CCC([C@H](C1)C#N)n2cc(C(=O)N)c(Nc3ccc(cc3)C(F)(F)F)n2,9.7
1018,CHEMBL3647749,CC(N[C@H]1CC[C@@H]([C@H](C1)C#N)n2cc(C(=O)N)c(Nc3ccc(cc3)S(=O)(=O)C(F)(F)F)n2)C4CC4,9.7
1019,CHEMBL3703053,CC1(C)CN(C1)[C@@H]2CC[C@@H]([C@H](C2)C#N)n3cc(C(=O)N)c(Nc4ccc(cc4)[C@@H](O)C(F)(F)F)n3,9.7
1020,CHEMBL3647760,CC1CN(C1)[C@@H]2CC[C@@H]([C@H](C2)C#N)n3cc(C(=O)N)c(Nc4ccc(cc4)S(=O)(=O)C(F)(F)F)n3,9.7
1021,CHEMBL3702972,CCNC1CCC([C@H](C1)C#N)n2cc(C(=O)N)c(Nc3ccc(cc3)S(=O)(=O)C(F)(F)F)n2,9.7
1022,CHEMBL3647859,C[C@@](O)(c1ccc(Nc2nn(cc2C(=O)N)[C@H]3CC[C@H](O)C[C@@H]3C#N)cc1)C(F)(F)F,9.7
1023,CHEMBL3647757,C[C@H](N[C@H]1CC[C@@H]([C@H](C1)C#N)n2cc(C(=O)N)c(Nc3ccc(cc3)S(=O)(=O)C(F)(F)F)n2)C4CC4,9.7
1024,CHEMBL3672453,C[C@H]1CN(C[C@H]1Nc2c(cnn3cc(cc23)c4cnn(CC(=O)N5CC(F)(F)C5)c4)C(=O)N)c6ccc(cn6)C#N,9.7
1025,CHEMBL3667467,C[C@H]1[C@@H](C[C@@H]2CN(C[C@H]12)S(=O)(=O)C)Nc3c(cnn4cc(cc34)c5cnc(N)nc5)C(=O)N,9.7
1026,CHEMBL3703050,C[C@](O)(c1ccc(Nc2nn(cc2C(=O)N)[C@H]3CC[C@@H](C[C@@H]3C#N)N4CCC4)cc1)C(F)(F)F,9.7
1027,CHEMBL3703024,C[C@](O)(c1ccc(Nc2nn(cc2C(=O)N)[C@H]3CC[C@H](C[C@@H]3C#N)N4CC(C)(C)C4)cc1)C(F)(F)F,9.7
1028,CHEMBL3647736,NC(=O)c1cn(nc1Nc2ccc(cc2)S(=O)(=O)C(F)(F)F)[C@H]3CCC(C[C@@H]3C#N)NCC(=O)O,9.7
1029,CHEMBL3647745,NC(=O)c1cn(nc1Nc2ccc(cc2)S(=O)(=O)C(F)(F)F)[C@H]3CC[C@@H](C[C@@H]3C#N)NCC4CC4,9.7
1030,CHEMBL3650684,NC(=O)c1cn(nc1Nc2ccc(cc2)S(=O)(=O)C(F)(F)F)[C@H]3CC[C@@H](O)C[C@@H]3C#N,9.7
1031,CHEMBL3702904,NC(=O)c1cn(nc1Nc2ccc(cc2)S(=O)(=O)NCc3ccccc3)[C@H]4CCCC[C@@H]4C#N,9.7
1032,CHEMBL3703036,NC(=O)c1cn(nc1Nc2ccc(cc2)[C@@H](O)C(F)(F)F)[C@H]3CC[C@@H](C[C@@H]3C#N)N4CC5(CCC5)C4,9.7
1033,CHEMBL3703029,NC(=O)c1cn(nc1Nc2ccc(cc2)[C@H](O)C(F)(F)F)[C@H]3CC[C@H](C[C@@H]3C#N)N4CC5(CCC5)C4,9.7
1034,CHEMBL3699551,NC(=O)c1cn(nc1Nc2ccc(nc2)[C@H](O)C(F)(F)F)[C@H]3CCCC[C@@H]3C#N,9.7
1035,CHEMBL3699537,NC(=O)c1cn(nc1Nc2ccc(cc2)[C@@H](O)C(F)(F)F)[C@H]3CCCC[C@@H]3C#N,9.72
1036,CHEMBL3699521,NC(=O)c1cn(nc1Nc2ccc3C(=O)N(CC(F)(F)F)Cc3c2)[C@H]4CCCC[C@@H]4C#N,9.77
1037,CHEMBL3702886,NC(=O)c1cn(nc1Nc2ccc(cc2)S(=O)(=O)CF)C3CCCC[C@@H]3C#N,9.8
1038,CHEMBL3647781,CC(C)(NC1CCC([C@H](C1)C#N)n2cc(C(=O)N)c(Nc3ccc(Cl)cc3)n2)C4CC4,9.82
1039,CHEMBL3647747,CC(C)N[C@H]1CC[C@@H]([C@H](C1)C#N)n2cc(C(=O)N)c(Nc3ccc(cc3)S(=O)(=O)C(F)(F)F)n2,9.82
1040,CHEMBL3647771,CC1(O)CN(C1)[C@H]2CC[C@@H]([C@H](C2)C#N)n3cc(C(=O)N)c(Nc4ccc(cc4)C(F)(F)F)n3,9.82
1041,CHEMBL3647759,CC1CN(C1)[C@H]2CC[C@@H]([C@H](C2)C#N)n3cc(C(=O)N)c(Nc4ccc(cc4)S(=O)(=O)C(F)(F)F)n3,9.82
1042,CHEMBL3647751,CN(C(C1CC1)C2CC2)[C@H]3CC[C@@H]([C@H](C3)C#N)n4cc(C(=O)N)c(Nc5ccc(cc5)S(=O)(=O)C(F)(F)F)n4,9.82
1043,CHEMBL3647755,C[C@@H](N[C@H]1CC[C@@H]([C@H](C1)C#N)n2cc(C(=O)N)c(Nc3ccc(cc3)S(=O)(=O)C(F)(F)F)n2)C4CC4,9.82
1044,CHEMBL3703027,C[C@@](O)(c1ccc(Nc2nn(cc2C(=O)N)[C@H]3CC[C@@H](C[C@@H]3C#N)N4CCC4)cc1)C(F)(F)F,9.82
1045,CHEMBL3703038,C[C@@](O)(c1ccc(Nc2nn(cc2C(=O)N)[C@H]3CC[C@H](C[C@@H]3C#N)N4CC(C)(C)C4)cc1)C(F)(F)F,9.82
1046,CHEMBL3703034,C[C@](O)(c1ccc(Nc2nn(cc2C(=O)N)[C@H]3CC[C@H](C[C@@H]3C#N)N4CCC4)cc1)C(F)(F)F,9.82
1047,CHEMBL3647741,NC(=O)c1cn(nc1Nc2ccc(cc2)S(=O)(=O)C(F)(F)F)[C@H]3CC[C@@H](C[C@@H]3C#N)N4CCC4,9.82
1048,CHEMBL3647746,NC(=O)c1cn(nc1Nc2ccc(cc2)S(=O)(=O)C(F)(F)F)[C@H]3CC[C@H](C[C@@H]3C#N)NCC4CC4,9.82
1049,CHEMBL3647728,NC(=O)c1cn(nc1Nc2ccc(cc2)S(=O)(=O)C(F)(F)F)[C@H]3CC[C@@H](C[C@@H]3C#N)N4CC(O)C4,9.89
1050,CHEMBL3699544,CC(C)(C(=O)O)c1ccc(Nc2nn(cc2C(=O)N)[C@@H]3CCCC[C@H]3C#N)cc1,9.92
1051,CHEMBL3699531,CC(C)([C@@H](O)C(F)(F)F)c1ccc(Nc2nn(cc2C(=O)N)[C@@H]3CCCC[C@H]3C#N)cc1,10.0
1052,CHEMBL3702957,CS(=O)(=O)c1ccc(Nc2nn(cc2C(=O)N)[C@H]3CC[C@@H](O)C[C@@H]3C#N)cc1,10.0
1053,CHEMBL3671816,C[C@@]1(O)CC[C@@H](Nc2c(cnn3cc(cc23)c4ccccc4)C(=O)N)C1(C)C,10.0
1054,CHEMBL3703063,NC(=O)c1cn(nc1Nc2ccc(cc2)[C@@H](O)C(F)(F)F)[C@H]3CC[C@H](C[C@@H]3C#N)N4CC5(CCC5)C4,10.0
1055,CHEMBL3703059,NC(=O)c1cn(nc1Nc2ccc(cc2)[C@H](O)C(F)(F)F)[C@H]3CC[C@@H](C[C@@H]3C#N)N4CC5(CCC5)C4,10.0
1056,CHEMBL3702973,CNC1CCC([C@H](C1)C#N)n2cc(C(=O)N)c(Nc3ccc(cc3)S(=O)(=O)C(F)(F)F)n2,10.1
1057,CHEMBL3703023,CC1(C)CN(C1)[C@@H]2CC[C@@H]([C@H](C2)C#N)n3cc(C(=O)N)c(Nc4ccc(cc4)[C@H](O)C(F)(F)F)n3,10.22
1058,CHEMBL3703037,CC1(C)CN(C1)[C@H]2CC[C@@H]([C@H](C2)C#N)n3cc(C(=O)N)c(Nc4ccc(cc4)[C@@H](O)C(F)(F)F)n3,10.22
1059,CHEMBL3703064,CC1(C)CN(C1)[C@H]2CC[C@@H]([C@H](C2)C#N)n3cc(C(=O)N)c(Nc4ccc(cc4)[C@H](O)C(F)(F)F)n3,10.22
1060,CHEMBL3703042,C[C@@](O)(c1ccc(Nc2nn(cc2C(=O)N)[C@H]3CC[C@@H](C[C@@H]3C#N)N4CC(C)(C)C4)cc1)C(F)(F)F,10.22
1061,CHEMBL3703048,C[C@@](O)(c1ccc(Nc2nn(cc2C(=O)N)[C@H]3CC[C@H](C[C@@H]3C#N)N4CCC4)cc1)C(F)(F)F,10.4
1062,CHEMBL3652410,CN([C@@H]1CC[C@@H](CS(=O)(=O)N2CCC[C@H](C2)OP(=O)(O)O)CC1)c3ncnc4[nH]ccc34,10.58
1063,CHEMBL3652405,CN([C@@H]1CC[C@@H](CS(=O)(=O)N2CCN(C)CC2)CC1)c3ncnc4[nH]ccc34,10.61
1064,CHEMBL3652409,CCOP(=O)(OCC)O[C@@H]1CCCN(C1)S(=O)(=O)C[C@@H]2CC[C@H](CC2)N(C)c3ncnc4[nH]ccc34,10.63
1065,CHEMBL3652403,CN([C@@H]1CC[C@@H](CS(=O)(=O)N2CCC[C@H](C2)OC(=O)C(C)(C)C)CC1)c3ncnc4[nH]ccc34,10.64
