,molecule_chembl_id,canonical_smiles,pchembl_value
0,tofacitinib,C[C@@H]1CCN(C[C@@H]1N(C)C1=C2C=CNC2=NC=N1)C(=O)CC#N,7.25181198
1,CHEMBL1630795,CC1CCN(CC1N(C)c2ncnc3[nH]ccc23)C(=O)C4CCC(=O)C4,7.54
2,CHEMBL3642404,CS(=O)(=O)c1ccc(cc1)c2cccn3nc(Nc4cccc(c4)N5CCN(CC(=O)N)CC5)nc23,7.54
3,CHEMBL3670397,Cc1cc(NC(=O)c2cnn3ccc(N)nc23)n(n1)c4ccccc4C,7.54
4,CHEMBL3335678,FC(F)(F)CN1CCCC(C1)NC(=O)Nc2cnc3[nH]ccc3n2,7.54
5,CHEMBL3114774,Fc1cc(NCCOc2cccc(NC3=C(C(=O)NC3=O)c4c[nH]c5ccccc45)c2)ccn1,7.54
6,CHEMBL3359914,C[C@]1(O)CC[C@@H](Nc2c(cnn3cccc23)C(=O)N)C1(C)C,7.55
7,CHEMBL1081190,Fc1ccc2OCCC(N3C(=O)Nc4cnc(nc34)n5cnc6ccccc56)c2c1,7.55
8,CHEMBL1081377,Fc1cccc2[C@@H](CCOc12)N3C(=O)Nc4cnc(nc34)n5cnc6ccccc56,7.55
9,CHEMBL3593590,O=C(CC#N)N1CCC[C@H](C1)N2C(=O)Nc3cnc4[nH]ccc4c23,7.55
10,CHEMBL3642411,CS(=O)(=O)CCN1CCC(CC1)c2cccc(Nc3nc4c(cccn4n3)c5ccc(cc5)S(=O)(=O)C)c2,7.56
11,CHEMBL218439,CN1CCN(CC1)c2cc(Oc3ccccc3Cl)nc(n2)n4cnc5ccncc45,7.57
12,CHEMBL3357978,CS(=O)(=O)N1CCC[C@@H](C1)Nc2nccnc2c3cnc4[nH]ccc4n3,7.57
13,CHEMBL3642262,CS(=O)(=O)c1ccc(cc1)c2cccn3nc(Nc4ccc(cc4)N5CCCCC5)nc23,7.57
14,CHEMBL3593580,C[C@H]1CCCC[C@H]1N2C(=O)Nc3cnc4[nH]ccc4c23,7.57
15,CHEMBL1235315,FC(F)(F)c1cnc(nc1C2=C(C(=O)NC2=O)c3c[nH]c4ccccc34)N5CCC(=O)CC5,7.57
16,CHEMBL3764463,Nc1n[nH]c2C(=CN(C(=O)c12)c3ccccc3Cl)c4ccccn4,7.57
17,CHEMBL323994,O=C1Nc2ccc(cc2/C/1=C/c3ccc[nH]3)c4cccnc4,7.57
18,CHEMBL234718,OCC1(O)Cn2c3ccccc3c4c5CNC(=O)c5c6c7ccccc7n(C1)c6c24,7.57
19,CHEMBL3642340,CS(=O)(=O)c1ccc(cc1)c2cccc3nc(Nc4ccc(CN5CCS(=O)(=O)CC5)cc4)nn23,7.58
20,CHEMBL240429,C(Nc1ccnc2oc(c3ccccc3)c(c4ccccc4)c12)[C@@H]5CCCO5,7.59
21,CHEMBL3642296,CN(c1ccc(cc1)c2cccn3nc(Nc4cccc(c4)N5CCN(C)CC5)nc23)S(=O)(=O)C,7.59
22,CHEMBL1630789,C[C@@H]1CCN(C[C@@H]1N(C)c2ncnc3[nH]ccc23)C(=O)Nc4cc(C)ns4,7.59
23,CHEMBL104963,O=C(c1ccc2NC(=O)\C(=C/c3ccc[nH]3)\c2c1)c4cccs4,7.59
24,CHEMBL240432,C(CN1CCNCC1)Nc2ccnc3oc(c4ccc(OCCn5ccnc5)cc4)c(c6ccccc6)c23,7.6
25,CHEMBL607707,CCOc1cc2ncc(C#N)c(Nc3ccc(F)c(Cl)c3)c2cc1NC(=O)\C=C\CN(C)C,7.6
26,CHEMBL2105759,CCS(=O)(=O)N1CC(CC#N)(C1)n2cc(cn2)c3ncnc4[nH]ccc34,7.6
27,CHEMBL3642324,COc1ccc(Nc2nc3cccc(c4ccc(CN5CCS(=O)(=O)CC5)cc4)n3n2)cc1,7.6
28,CHEMBL3671793,Cn1nccc1c2cc3c(N[C@@H]4CC[C@](C)(O)C4(C)C)c(cnn3c2)C(=O)N,7.6
29,CHEMBL3593772,NC(=O)c1cnc2[nH]ccc2c1NC3CCN(CC3)c4ccc(cn4)C(F)(F)F,7.6
30,CHEMBL3593769,NC(=O)c1cnc2[nH]ccc2c1NC3CCN(Cc4cccc(c4)C#N)CC3,7.6
31,CHEMBL3670394,Nc1ccn2ncc(C(=O)Nc3ccnn3c4cc(Cl)ccc4Cl)c2n1,7.6
32,CHEMBL569012,Nc1nn2cccnc2c1c3cc(NCc4ccc(Cl)cc4)ncn3,7.6
33,CHEMBL3359918,CC1(C)[C@H](N)CC[C@H]1Nc2c(cnn3cccc23)C(=O)N,7.62
34,CHEMBL3601239,CCN(CC)CCCCNc1ncc(Cl)c(NCc2cccc(NC(=O)C=C)c2)n1,7.62
35,CHEMBL3359924,C[C@]1(CO)CCC[C@H]1Nc2c(cnn3cccc23)C(=O)N,7.62
36,CHEMBL2392500,O=C(CC#N)N1CCC[C@H](C1)n2nnc3cnc4[nH]ccc4c23,7.62
37,CHEMBL3666884,C[C@@]1(O)CC[C@@H](Nc2c(cnn3cc(NS(=O)(=O)c4ccc(Cl)cc4)cc23)C(=O)N)C1(C)C,7.63
38,CHEMBL397664,OCC1Cn2c3ccccc3c4c5CNC(=O)c5c6c7cc(Br)ccc7n(C1)c6c24,7.63
39,CHEMBL3763991,CC(C)[C@H](C)N1C=C(c2ccc(cn2)N3CCOCC3)c4[nH]nc(N)c4C1=O,7.64
40,CHEMBL3622135,CCn1c(cc2c1nc(Nc3nc(C)cs3)c4ncn(C)c24)C(=O)N(C5CC5)C6CC6,7.64
41,CHEMBL3593765,NC(=O)c1cnc2[nH]ccc2c1NC3CCN(Cc4ccccc4)CC3,7.64
42,CHEMBL2062803,CS(=O)(=O)c1ccc(cc1)c2cccn3nc(Nc4ccc(cc4)N5CCOCC5)nc23,7.65
44,CHEMBL3335683,CS(=O)(=O)N1CCC[C@@H](C1)NC(=O)Nc2cnc3[nH]ccc3n2,7.66
45,CHEMBL2152299,C[C@@H]1CCN(Cc2ccccc2)C[C@@H]1n3cnc4cnc5[nH]ccc5c34,7.66
46,CHEMBL3666883,C[C@@]1(O)CC[C@@H](Nc2c(cnn3cc(NS(=O)(=O)c4ccccc4)cc23)C(=O)N)C1(C)C,7.66
47,CHEMBL2376436,C[C@H](NC(=O)c1c[nH]c2ncc(Oc3ccc4CC[C@@H](NC(=O)C)c4c3)nc12)C5CC5,7.66
48,CHEMBL233151,C[C@H](Nc1nc(nc2c1cc(C(=O)N3CCN(C)CC3)n2C)n4cnc5ccncc45)c6ccccc6,7.66
49,CHEMBL2159210,Cc1nc2cnc3[nH]ccc3c2n1[C@@H]4CCC[C@@H](O)C4,7.66
50,CHEMBL3644960,CC(C)(C)OC(=O)N1CCC(CC1)n2cc(Nc3nc4c(cccn4n3)c5ccc(cc5)S(=O)(=O)C)cn2,7.68
51,CHEMBL3593581,CC1CCCC(C1)N2C(=O)Nc3cnc4[nH]ccc4c23,7.68
52,CHEMBL3689518,CC1CN(C(=O)CC#N)C12CCN(C2)c3ncnc4[nH]ccc34,7.68
53,CHEMBL3667462,CS(=O)(=O)N1CCC[C@@H](C1)Nc2c(cnn3cc(cc23)c4ccccc4)C(=O)N,7.68
54,CHEMBL221029,C[C@H](Nc1ccnc(n1)n2cnc3ccncc23)c4ccccc4,7.68
55,CHEMBL1773082,C[C@H](Nc1nc(Nc2cc(C)[nH]n2)c(Cl)cc1C#N)c3ccc(F)cn3,7.68
56,CHEMBL3694580,Clc1cnc2Nc3cccc(c3)C(=O)Nc4cccc(CNc1n2)c4,7.68
57,CHEMBL3335689,CC(C)CS(=O)(=O)N1CCC[C@@H](C1)Nc2ncccc2c3cnc4[nH]ccc4n3,7.7
58,CHEMBL1630774,CC1CCC(C)C(C1)N(C)c2ncnc3[nH]ccc23,7.7
59,CHEMBL3601229,CN1CCN(CC1)c2c(Cl)cc(Nc3ncc(Cl)c(NCc4cccc(NC(=O)C=C)c4)n3)cc2Cl,7.7
60,CHEMBL3335682,CS(=O)(=O)N1CCCC(C1)NC(=O)Nc2cnc3[nH]ccc3n2,7.7
61,CHEMBL3642405,CS(=O)(=O)c1ccc(cc1)c2cccn3nc(Nc4cccc(c4)C5CCN(CC(=O)N)CC5)nc23,7.7
62,CHEMBL1630783,C[C@@H](CO)[C@H]1CC[C@@H](C)[C@H](C1)N(C)c2ncnc3[nH]ccc23,7.7
63,CHEMBL1630800,C[C@@H]1CCN(C[C@@H]1N(C)c2ncnc3[nH]ccc23)C(=O)CC4CC4,7.7
64,CHEMBL2381975,C[C@H](Nc1nc(Nc2cc(C)[nH]n2)nc(N3CCN(CC3)S(=O)(=O)C)c1F)c4ccc(F)cn4,7.7
65,CHEMBL2381980,C[C@H](Oc1nc(Nc2cc(C)[nH]n2)nc(N3CCOCC3)c1F)c4ncc(F)cn4,7.7
66,CHEMBL385937,Cc1ccc(cc1c2ccc3nc(N)ncc3c2)C(=O)Nc4cccc(c4)C(F)(F)F,7.7
67,CHEMBL3601235,Fc1cc(Nc2ncc(Cl)c(NCc3cccc(NC(=O)C=C)c3)n2)cc(F)c1N4CCOCC4,7.7
68,CHEMBL3652398,C[C@@H]1C[C@@H](CS(=O)(=O)N2CCC[C@@H](O)C2)CC[C@@H]1N(C)c3ncnc4[nH]ccc34,7.71
69,CHEMBL3622143,CCn1c(cc2c1nc(Nc3nc(C)c(s3)C(=O)NC)c4ncn(C)c24)C(=O)N(C5CC5)C6CC6,7.72
70,CHEMBL2325905,C[C@@H](NC(=O)c1c[nH]c2ncc(nc12)C3CC3)C(C)(C)O,7.72
71,CHEMBL1630801,C[C@@H]1CCN(C[C@@H]1N(C)c2ncnc3[nH]ccc23)C(=O)CC(F)(F)F,7.72
72,CHEMBL218579,C[C@H](Nc1cc(nc(n1)n2cnc3ccncc23)N(C)C)c4ccccc4,7.72
73,CHEMBL391492,CONC(=O)c1cc2c(N[C@@H](C)c3ccccc3)nc(nc2n1C)n4cnc5ccncc45,7.75
74,CHEMBL3601716,COc1cc(ccc1Nc2ncc(c(NCc3cccc(NC(=O)C=C)c3)n2)C(F)(F)F)N4CCN(C)CC4,7.75
75,CHEMBL3667515,COc1ccc(Cl)cc1c2c(NC(=O)c3cnn4cccnc34)cnn2CCO,7.75
76,CHEMBL3335694,CS(=O)(=O)N1CCC[C@@H](C1)Nc2nc(N)ncc2c3cnc4[nH]ccc4n3,7.75
77,CHEMBL3335698,CS(=O)(=O)N1CCC[C@@H](C1)Nc2nc(ncc2c3cnc4[nH]ccc4n3)N5CCOCC5,7.75
78,CHEMBL3642258,CS(=O)(=O)c1ccc(cc1)c2cccc3nc(Nc4ccc(cc4)N5CCOCC5)nn23,7.75
79,CHEMBL1908395,Cl.CN(C)CC(=O)N1CCC(CC1)c2ccc(NC(=O)c3nc(c[nH]3)C#N)c(c2)C4=CCCCC4,7.75
80,CHEMBL1938642,NC(=O)c1cnc(N)c2cc(sc12)c3ccc(cc3)N4CCOCC4,7.75
81,CHEMBL396449,OCC1Cn2c3ccccc3c4c5CNC(=O)c5c6c7ccccc7n(C1)c6c24,7.76
82,CHEMBL3601725,CN1CCN(CC1)c2ccc(Nc3ncc4c(n3)N(Cc5cccc(NC(=O)C=C)c5)C(=O)C4(C)C)cc2,7.77
83,CHEMBL3780467,COC(=O)C1CCc2[nH]c(nc2C1)C3=C(N[C@@H]4CC[C@H](N)CC4)C=CNC3=O,7.77
84,CHEMBL509032,COc1cc(ccc1Nc2ncc(Cl)c(Nc3ccccc3S(=O)(=O)C(C)C)n2)N4CCC(CC4)N5CCN(C)CC5,7.77
85,CHEMBL3335695,CS(=O)(=O)N1CCC[C@@H](C1)Nc2nc(O)ncc2c3cnc4[nH]ccc4n3,7.77
86,CHEMBL568816,C[C@@H](Nc1cc(ncn1)c2c(N)nn3cccnc23)c4ccccc4,7.77
87,CHEMBL3671798,C[C@@]1(O)CC[C@@H](CC1)Nc2c(cnn3cc(cc23)c4cncnc4)C(=O)N,7.77
88,CHEMBL2325904,C[C@H](NC(=O)c1c[nH]c2ncc(nc12)C3CC3)C(C)(C)O,7.77
89,CHEMBL3694577,Clc1cnc2Nc3cccc(COc4cccc(CNc1n2)c4)c3,7.77
90,CHEMBL1080332,Fc1cccc(CN2C(=O)Nc3cnc(nc23)n4cnc5ccc(cc45)C#N)c1F,7.77
91,CHEMBL366266,O=C1NC(=O)C(=C1Nc2ccccc2)c3cn(CCCn4ccnc4)c5ccccc35,7.77
92,CHEMBL3781427,O=C1NC=CC(=C1c2nc3ccccc3[nH]2)NC4CCOCC4,7.77
93,CHEMBL3359912,CC1(C)[C@@H](O)CC[C@H]1Nc2c(cnn3cccc23)C(=O)N,7.8
94,CHEMBL215019,CNc1ncc2cc(ccc2n1)c3cc(ccc3C)C(=O)Nc4ccc(Cl)c(c4)C(F)(F)F,7.8
95,CHEMBL212964,CNc1ncc2cc(ccc2n1)c3cc(ccc3C)C(=O)Nc4cccc(c4)C(F)(F)F,7.8
96,CHEMBL3670390,Cc1cc(NC(=O)c2cnn3ccc(N)nc23)n(n1)c4cc(Cl)ccc4C,7.8
97,CHEMBL3667461,CC1(F)COCC1Nc2c(cnn3cc(cc23)N4CCCC4=O)C(=O)N,7.82
98,CHEMBL557559,CN(C)C1CCN(C1)C(=O)[C@]2(O)Cn3c4ccccc4c5c6C(=O)NC(=O)c6c7c8ccccc8n(C[C@H]2O)c7c35,7.82
99,CHEMBL3335697,CS(=O)(=O)N1CCC[C@@H](C1)Nc2nc(ncc2c3cnc4[nH]ccc4n3)N5CC[C@@H](O)C5,7.82
100,CHEMBL3359917,C[C@@]1(O)C[C@@H](Nc2c(cnn3cccc23)C(=O)N)C(C)(C)C1,7.82
101,CHEMBL1774056,C[C@H](Nc1nc(Nc2cc(C)[nH]n2)c(F)cc1C#N)c3ccc(F)cn3,7.82
102,CHEMBL2381987,C[C@H](Nc1nc(Nc2cc(C)[nH]n2)nc(N3CCN(C)CC3)c1F)c4ccc(F)cn4,7.82
103,CHEMBL3671813,C[C@]1(N)CC[C@@H](Nc2c(cnn3cc(cc23)c4cncc(c4)C(=O)O)C(=O)N)C1(C)C,7.82
104,CHEMBL3694592,Clc1cnc2Nc3cccc(CCCOc4cc(Br)cc(CNc1n2)c4)c3,7.82
105,CHEMBL1081379,Fc1cccc2[C@@H](CCOc12)N3C(=O)Nc4cnc(nc34)n5cnc6ccc(Cl)cc56,7.82
106,CHEMBL231821,OCC1Cn2c3ccc(C=O)cc3c4c5CNC(=O)c5c6c7cc(Br)ccc7n(C1)c6c24,7.82
107,CHEMBL3642302,CN1CCN(CC1)c2ccc(Nc3nc4cccc(c5ccc(CN6CCS(=O)(=O)CC6)cc5)n4n3)cc2,7.83
108,CHEMBL3639411,CS(=O)(=O)c1ccc(cc1)c2cccn3nc(Nc4cccc(CN5CCOCC5)c4)nc23,7.83
109,CHEMBL1789941,N#CC[C@H](C1CCCC1)n2cc(cn2)c3ncnc4[nH]ccc34,7.84
110,CHEMBL3670396,OC1CCC(CC1)NC(=O)c2cnn3ccc(NC4CCc5ccccc45)nc23,7.84
111,CHEMBL3693606,CC1CCN(C(=O)CC#N)C12CCCN(C2)c3ncnc4[nH]ccc34,7.85
112,CHEMBL3689514,CC1CN(C(=O)CC#N)C12CCCN(C2)c3ncnc4[nH]ccc34,7.85
113,CHEMBL2376437,C[C@@H](NC(=O)c1c[nH]c2ncc(Oc3ccc4CC[C@@H](NC(=O)C)c4c3)nc12)C5CC5,7.85
114,CHEMBL1630788,C[C@@H]1CCN(C[C@@H]1N(C)c2ncnc3[nH]ccc23)S(=O)(=O)CC(F)(F)F,7.85
115,CHEMBL1080322,Clc1ccc2ncn(c3ncc4NC(=O)N(C5CCOCC5)c4n3)c2c1,7.85
116,CHEMBL3689519,O=C(CC#N)N1CCCC12CCCN(C2)c3ncnc4[nH]ccc34,7.85
117,CHEMBL232033,OCC1Cn2c3ccc(CO)cc3c4c5CNC(=O)c5c6c7cc(CO)ccc7n(C1)c6c24,7.85
118,CHEMBL3671812,C[C@]1(N)CC[C@@H](Nc2c(cnn3cc(cc23)c4cccc5ncccc45)C(=O)N)C1(C)C,7.86
119,CHEMBL234292,OCC1(CO)Cn2c3ccccc3c4c5CNC(=O)c5c6c7ccccc7n(C1)c6c24,7.87
120,CHEMBL3642412,CS(=O)(=O)c1ccc(cc1)c2cccn3nc(Nc4cccc(c4)[C@@H]5CCN(CC(=O)N)C[C@@H]5O)nc23,7.88
121,CHEMBL1630803,CC(C#N)C(=O)N1CCC(C)C(C1)N(C)c2ncnc3[nH]ccc23,7.89
122,CHEMBL3667519,COc1ccc(Cl)cc1c2nc(C)sc2NC(=O)c3cnn4cccnc34,7.89
123,CHEMBL1630786,C[C@@H](COCC(=O)NCc1ccccc1)[C@H]2CC[C@@H](C)[C@H](C2)N(C)c3ncnc4[nH]ccc34,7.89
124,CHEMBL3114761,Fc1cc(ccn1)N2CC[C@@H](C2)Oc3cccc(NC4=C(C(=O)NC4=O)c5c[nH]c6ccccc56)c3,7.89
125,CHEMBL3693624,O=C(CC#N)N1CCCCC12CCCN(C2)c3ncnc4[nH]ccc34,7.89
126,CHEMBL3670391,Cc1ccccc1c2nc(C)sc2NC(=O)c3cnn4ccc(N)nc34,7.91
127,CHEMBL570217,CC(C)[C@@H](Nc1cc(ncn1)c2c(N)nn3cccnc23)c4ccc(F)cc4,7.92
128,CHEMBL3359919,CC1(C)[C@@H](N)CC[C@H]1Nc2c(cnn3cccc23)C(=O)N,7.92
129,CHEMBL569966,CC[C@@H](Nc1cc(ncn1)c2c(N)nn3cccnc23)c4ccc(F)cc4,7.92
130,CHEMBL3642295,CN(c1ccc(cc1)c2cccn3nc(Nc4ccc(cc4)N5CCN(C)CC5)nc23)S(=O)(=O)C,7.92
131,CHEMBL388978,CN[C@@H]1C[C@H]2O[C@@](C)([C@@H]1OC)n3c4ccccc4c5c6CNC(=O)c6c7c8ccccc8n2c7c35,7.92
132,CHEMBL608533,CO[C@@H]1[C@@H](C[C@H]2O[C@]1(C)n3c4ccccc4c5c6CNC(=O)c6c7c8ccccc8n2c7c35)N(C)C(=O)c9ccccc9,7.92
133,CHEMBL3601711,COc1cc(ccc1Nc2ncc(Cl)c(SCc3cccc(NC(=O)C=C)c3)n2)N4CCN(C)CC4,7.92
134,CHEMBL3689516,FC1(F)CN(C(=O)CC#N)C12CCN(C2)c3ncnc4[nH]ccc34,7.92
135,CHEMBL3114786,Fc1cc(ccn1)N2CCC(C2)Oc3cccc(NC4=C(C(=O)NC4=O)c5c[nH]c6ccccc56)c3,7.92
136,CHEMBL558241,O[C@@H]1CCn2c3ccccc3c4c5CNC(=O)c5c6c7ccccc7n(CC[C@@H]1O)c6c24,7.92
137,CHEMBL3672464,CCOc1ncc(cn1)c2cc3c(N[C@@H]4CN(C[C@@H]4CF)C(=O)C5(CC5)C#N)c(cnn3c2)C(=O)N,7.93
138,CHEMBL3667479,CC1(C)CN(CC[C@H]1Nc2c(cnn3cc(cc23)N4CC(CC4=O)c5ccccc5)C(=O)N)c6ccc(cn6)C#N,7.94
139,CHEMBL3693601,CC1CCN(C(=O)CC#N)C12CCN(C2)c3ncnc4[nH]ccc34,7.96
140,CHEMBL3644644,CCc1cc(O)c(F)cc1c2ccc3c(n[nH]c3c2)c4nc5cc(Cc6ccc7C=CCNc7n6)cnc5[nH]4,7.96
141,CHEMBL3642343,CN(c1ccc(cc1)c2cccn3nc(Nc4ccc(CN5CCS(=O)(=O)CC5)cc4)nc23)S(=O)(=O)C,7.96
142,CHEMBL3671822,C[C@@]1(O)CC[C@@H](CC1)Nc2c(cnn3cc(cc23)c4cncnc4N)C(=O)N,7.96
143,CHEMBL243018,OCC1Cn2c3ccccc3c4c5CNC(=O)c5c6c7cc(\C=C\Cn8ccnc8)ccc7n(C1)c6c24,7.96
144,CHEMBL2376156,C[C@@H](NC(=O)c1c[nH]c2ncc(nc12)n3ncc4cc(Cl)ccc34)C(=O)N5CC(C5)C#N,7.98
145,CHEMBL3651054,CC(=C)C(=O)Nc1cccc(c1)c2ncnc3[nH]cc(c4cnc(C)s4)c23,7.99
146,CHEMBL3665164,CC(=O)N1CCC[C@@H](C1)Nc2ncccc2c3cnc4[nH]ncc4n3,8.0
147,CHEMBL3665169,CC(=O)N1CCC[C@@H](C1)Nc2ncccc2c3cnc4cc[nH]c4n3,8.0
148,CHEMBL3665166,CC(=O)N1CCC[C@@H](C1)Nc2ncccc2c3cnc4ccn(C)c4n3,8.0
149,CHEMBL21156,CC(C)(C)c1nc2c3ccc(F)cc3c4C(=O)NC=Cc4c2[nH]1,8.0
150,CHEMBL3665140,CC(C)CC(=O)N1CC[C@H](C1)Nc2ncccc2c3cnc4[nH]ccc4n3,8.0
151,CHEMBL3335684,CCCS(=O)(=O)N1CCC[C@@H](C1)NC(=O)Nc2cnc3[nH]ccc3n2,8.0
152,CHEMBL584944,CCC[C@@H](Nc1cc(ncn1)c2c(N)nn3cccnc23)c4ccc(F)cc4,8.0
153,CHEMBL3601722,CN1CCN(CC1)c2ccc(Nc3cc(NCc4cccc(NC(=O)C=C)c4)ncn3)cc2,8.0
154,CHEMBL3335699,CN1CCN(CC1)c2ncc(c(N[C@H]3CCCN(C3)S(=O)(=O)C)n2)c4cnc5[nH]ccc5n4,8.0
155,CHEMBL2376151,C[C@@H](NC(=O)c1c[nH]c2ncc(nc12)c3nn(C)c4cc(ccc34)C(C)(C)C)C(=O)N5CC(C5)C#N,8.0
156,CHEMBL3359926,C[C@@]1(CCC[C@H]1Nc2c(cnn3cccc23)C(=O)N)C#N,8.0
157,CHEMBL3689515,O=C(CC#N)N1CCC12CCCN(C2)c3ncnc4[nH]ccc34,8.0
158,CHEMBL3693599,O=C(NCC#N)N1CCCC12CCCN(C2)c3ncnc4[nH]ccc34,8.0
159,CHEMBL3651052,CC(=C)C(=O)Nc1cccc(c1)c2ncnc3[nH]cc(c4cccnc4)c23,8.01
160,CHEMBL3650981,CCOC(=O)c1c[nH]c2ncnc(c3ccc4cc[nH]c4c3)c12,8.01
161,CHEMBL3672475,CS(=O)(=O)N1C[C@H](CF)[C@@H](C1)Nc2c(cnn3cc(cc23)c4ccc(nc4)C(F)(F)F)C(=O)N,8.01
162,CHEMBL2325902,CC[C@H](C)NC(=O)c1c[nH]c2ncc(nc12)C3CC3,8.02
163,CHEMBL3671806,C[C@]1(N)CC[C@@H](Nc2c(cnn3cc(cc23)c4ccc(nc4)N5CCCC5)C(=O)N)C1(C)C,8.02
164,CHEMBL3666891,C[C@@]1(N)CC[C@H](Nc2c(cnn3cc(cc23)c4ccc(cc4)C#N)C(=O)N)C1(C)C,8.03
165,CHEMBL3651031,CCOC(=O)c1c[nH]c2ncnc(c3cccc(Nc4nc(Cl)ns4)c3)c12,8.04
166,CHEMBL3694578,Clc1cnc2Nc3cccc(CCOc4cccc(CNc1n2)c4)c3,8.04
167,CHEMBL3593774,NC(=O)c1cnc2[nH]ccc2c1NC3CCN(CC3)c4ccc(CO)cn4,8.04
168,CHEMBL3650984,CCCOC(=O)c1c[nH]c2ncnc(c3ccc4cn(C)nc4c3)c12,8.05
169,CHEMBL3703499,CCOC(=O)c1c[nH]c2ncnc(c3cccc(F)c3)c12,8.05
170,CHEMBL3672469,CO[C@H]1CN(C[C@H]1Nc2c(cnn3cc(cc23)c4ccc(OC)nc4)C(=O)N)S(=O)(=O)C,8.05
171,CHEMBL1078364,COc1cc(ccc1C(=O)NCC#N)c2ccnc(Nc3ccc(cc3)N4CCOCC4)n2,8.05
172,CHEMBL3671799,COc1cccc(c1)c2cc3c(NC4C5CC6CC4CC(O)(C6)C5)c(cnn3c2)C(=O)N,8.05
173,CHEMBL3672463,COc1ncc(cn1)c2cc3c(N[C@@H]4CN(C[C@@H]4CF)C(=O)C5(CC5)C#N)c(cnn3c2)C(=O)N,8.05
174,CHEMBL1774055,C[C@H](Nc1nc(Nc2cc(C)[nH]n2)c(F)cc1C#N)c3ccc(F)cc3,8.05
175,CHEMBL557846,O[C@@H]1Cn2c3ccccc3c4c5C(=O)NC(=O)c5c6c7ccccc7n(CC[C@@H]1O)c6c24,8.05
176,CHEMBL550791,O[C@@H]1Cn2c3ccccc3c4c5C(=O)NC(=O)c5c6c7ccccc7n(C[C@@]1(O)C(=O)O)c6c24,8.05
177,CHEMBL3703497,CCOC(=O)c1c[nH]c2ncnc(c3ccc4ccccc4c3)c12,8.06
178,CHEMBL2325912,C[C@@H](NC(=O)c1c[nH]c2ncc(nc12)C3CC3)C(=O)N4CCC(C4)C#N,8.06
179,CHEMBL3671826,C[C@]1(N)CC[C@@H](Nc2c(cnn3cc(cc23)N4CCC4=O)C(=O)N)C1(C)C,8.06
180,CHEMBL2325900,CC(NC(=O)c1c[nH]c2ncc(nc12)C3CC3)C4CC4,8.07
181,CHEMBL3672461,CCNC(=O)c1ccc(cn1)c2cc3c(N[C@@H]4CN(C[C@@H]4CC)C(=O)C(C)(C)C#N)c(cnn3c2)C(=O)N,8.07
182,CHEMBL3651063,CC(=C)C(=O)Nc1cccc(c1)c2ncnc3[nH]cc(C4CCOCC4)c23,8.08
183,CHEMBL3703494,CCOC(=O)c1c[nH]c2ncnc(c3ccc(CO)c(N)c3)c12,8.08
184,CHEMBL3703496,CCOC(=O)c1c[nH]c2ncnc(c3cccc(Cl)c3)c12,8.08
185,CHEMBL3651020,CCOC(=O)c1c[nH]c2ncnc(c3cccc(NC(=O)\C=C/C)c3)c12,8.08
186,CHEMBL3671814,COc1ncc(cn1)c2cc3c(N[C@@H]4CC[C@](C)(N)C4(C)C)c(cnn3c2)C(=O)N,8.08
187,CHEMBL3703492,CCOC(=O)c1c[nH]c2ncnc(c3ccc4c(F)n(C)nc4c3)c12,8.09
188,CHEMBL3651033,CCOC(=O)c1c[nH]c2ncnc(c3cccc(NS(=O)(=O)\C=C\C)c3)c12,8.09
189,CHEMBL3666886,CCS(=O)(=O)Nc1cc2c(N[C@@H]3CC[C@@](C)(O)C3(C)C)c(cnn2c1)C(=O)N,8.09
190,CHEMBL502835,COC(=O)c1ccc2\C(=C(\Nc3ccc(cc3)N(C)C(=O)CN4CCN(C)CC4)/c5ccccc5)\C(=O)Nc2c1,8.09
191,CHEMBL2325894,C[C@@H](NC(=O)c1c[nH]c2ncc(nc12)C3CC3)C(=O)N4CC(C4)C#N,8.09
192,CHEMBL3651062,CC(=C)C(=O)Nc1cccc(c1)c2ncnc3[nH]cc(c4occn4)c23,8.1
193,CHEMBL1650951,CC(C)(O)C(=O)N1CCN(CC1)c2ccc(c(c2)C3=C(C(=O)NC3=O)c4c[nH]c5ccccc45)C(F)(F)F,8.1
194,CHEMBL3335696,CC[C@H](CO)Nc1ncc(c(N[C@H]2CCCN(C2)S(=O)(=O)C)n1)c3cnc4[nH]ccc4n3,8.1
195,CHEMBL3359907,C[C@@H](Nc1c(cnn2cccc12)C(=O)N)C(C)(C)C,8.1
196,CHEMBL2381983,C[C@H](Nc1nc(Nc2cc(C)[nH]n2)nc(N3CCOCC3)c1F)c4ncc(F)cc4F,8.1
197,CHEMBL565066,OC1CCCn2c3ccccc3c4c5C(=O)NC(=O)c5c6c7ccccc7n(C1)c6c24,8.1
198,CHEMBL2325899,CC(C)[C@H](C)NC(=O)c1c[nH]c2ncc(nc12)C3CC3,8.11
199,CHEMBL3672450,CC[C@@H]1CN(CC[C@H]1Nc2c(cnn3cc(cc23)c4cnn(C)c4)C(=O)N)C(=O)[C@@H](C)O,8.11
200,CHEMBL3601123,COCCn1cc(Nc2ncc(Cl)c(NCc3cccc(NC(=O)C(=C)C)c3)n2)cn1,8.11
201,CHEMBL2386636,C[C@@H](O)c1nc2cnc3[nH]ccc3c2n1[C@@H]4CC[C@@H](CCC#N)CC4,8.11
202,CHEMBL3703502,CCOC(=O)c1c[nH]c2ncnc(c3cccc(C)c3)c12,8.12
203,CHEMBL3667453,NC(=O)c1cnn2cc(cc2c1NC3CCOCC3)c4ccc(F)cc4,8.12
204,CHEMBL3651051,CC(=C)C(=O)Nc1cccc(c1)c2ncnc3[nH]cc(c4cnc[nH]4)c23,8.13
205,CHEMBL3703491,CCOC(=O)c1c[nH]c2ncnc(c3ccc(Cl)c(N)c3)c12,8.13
206,CHEMBL3650982,CCOC(=O)c1c[nH]c2ncnc(c3ccc(cc3)n4cccn4)c12,8.13
207,CHEMBL3703498,CCOC(=O)c1c[nH]c2ncnc(c3ccccc3F)c12,8.13
208,CHEMBL3672457,CNC(=O)c1ccc(cn1)c2cc3c(N[C@@H]4CN(C[C@@H]4C)C(=O)OC)c(cnn3c2)C(=O)N,8.13
209,CHEMBL3601237,OC1CCN(CC1)c2c(F)cc(Nc3ncc(Cl)c(NCc4cccc(NC(=O)C=C)c4)n3)cc2F,8.13
210,CHEMBL3703486,CCOC(=O)c1c[nH]c2ncnc(c3ccc4cn(C)nc4c3)c12,8.14
211,CHEMBL3671818,NC(=O)c1cnn2cc(cc2c1NC34CC5CC(O)(CC(O)(C5)C3)C4)c6ccc7scnc7c6,8.14
212,CHEMBL3667483,CC[C@@H]1CN(CC[C@H]1Nc2c(cnn3cc(cc23)c4ccnc(C)c4)C(=O)N)C(=O)C(C)(C)O,8.15
213,CHEMBL3671824,C[C@]1(F)CCC[C@H]1Nc2c(cnn3cc(cc23)N4CCOCC4=O)C(=O)N,8.15
214,CHEMBL557101,CC(=O)\C\1=C\Cn2c3ccccc3c4c5C(=O)NC(=O)c5c6c7ccccc7n(C1)c6c24,8.16
215,CHEMBL3335685,CC(C)CS(=O)(=O)N1CCC[C@@H](C1)NC(=O)Nc2cnc3[nH]ccc3n2,8.16
216,CHEMBL3667484,CC[C@@H]1CN(CC[C@H]1Nc2c(cnn3cc(cc23)c4ccnc(OC)c4)C(=O)N)C(=O)[C@H](C)O,8.16
217,CHEMBL3601727,CN1CCN(CC1)c2ccc(Nc3ncc4CN(C)C(=O)N(Cc5cccc(NC(=O)C=C)c5)c4n3)cc2,8.16
218,CHEMBL3651058,COc1ccccc1c2c[nH]c3ncnc(c4ccc5cn(C)nc5c4)c23,8.16
219,CHEMBL583895,C[C@@H](Nc1cc(ncn1)c2c(N)nn3cccnc23)c4ccc(F)cc4,8.16
220,CHEMBL1080323,O=C1Nc2cnc(nc2N1C3CCOCC3)n4cnc5ccc(cc45)C#N,8.16
221,CHEMBL3650983,CCOC(=O)c1c[nH]c2ncnc(c3ccc(cc3)N4CCS(=O)(=O)CC4)c12,8.17
222,CHEMBL3667486,CC[C@@H]1CN(CC[C@H]1Nc2c(cnn3cc(cc23)c4cnn(C)c4)C(=O)N)C(=O)CC(F)(F)F,8.17
223,CHEMBL3671823,C[C@]1(F)CCC[C@H]1Nc2c(cnn3cc(cc23)N4CCOC4=O)C(=O)N,8.17
224,CHEMBL3693603,FC1(F)CCN(C(=O)CC#N)C12CCCN(C2)c3ncnc4[nH]ccc34,8.17
225,CHEMBL3644639,Oc1cc(CC(F)(F)F)c(cc1F)c2ccc3c(n[nH]c3c2)c4nc5CN(CCc5[nH]4)C(=O)c6ccc(F)cc6,8.17
226,CHEMBL3651061,CCOC(=O)c1c[nH]c2ncnc(c3cccc(NC(=O)\C(=C\CN(C)C)\C)c3)c12,8.18
227,CHEMBL3651023,CCOC(=O)c1c[nH]c2ncnc(c3cccc(NC(=O)\C=C\c4ccccn4)c3)c12,8.18
228,CHEMBL3672468,CO[C@H]1CN(C[C@H]1Nc2c(cnn3cc(cc23)c4ccc(cc4)C#N)C(=O)N)C(=O)C5(CC5)C#N,8.18
229,CHEMBL3601709,COc1cc(ccc1Nc2ncc(Cl)c(NC(C)c3cccc(NC(=O)C=C)c3)n2)N4CCN(C)CC4,8.18
230,CHEMBL3693602,FC1(F)CCN(C(=O)CC#N)C12CCN(C2)c3ncnc4[nH]ccc34,8.18
231,CHEMBL2087875,C(CN1CCCC1)Oc2ccc(cc2)c3[nH]c4ncnc(NCC5SCCS5)c4c3c6ccccc6,8.19
232,CHEMBL3764030,CC(C)[C@H](C)N1C=C(c2ccn(C)n2)c3[nH]nc(N)c3C1=O,8.19
233,CHEMBL3650979,CCOC(=O)c1c[nH]c2ncnc(c3ccc4[nH]ncc4c3)c12,8.19
234,CHEMBL3694583,Clc1cnc2Nc3cccc(OCCOc4cccc(CNc1n2)c4)c3,8.19
235,CHEMBL3671802,Cn1nccc1c2cc3c(NC4C5CC6CC4CC(O)(C6)C5)c(cnn3c2)C(=O)N,8.21
236,CHEMBL3601238,Fc1cc(Nc2ncc(Cl)c(NCc3cccc(NC(=O)C=C)c3)n2)cc(F)c1OCCN4CCOCC4,8.21
237,CHEMBL3359913,CC1(C)[C@H](O)CC[C@H]1Nc2c(cnn3cccc23)C(=O)N,8.22
238,CHEMBL3703490,CCOC(=O)c1c[nH]c2ncnc(C3=CCCCC3)c12,8.22
239,CHEMBL3671832,C[C@@]1(O)CC[C@@H](Nc2c(cnn3cc(NS(=O)(=O)C)cc23)C(=O)N)C1(C)C,8.22
240,CHEMBL3671808,C[C@]1(N)CC[C@@H](Nc2c(cnn3cc(cc23)c4ccccc4C(=O)N)C(=O)N)C1(C)C,8.22
241,CHEMBL364623,Cc1cc(Nc2ncc(s2)C(=O)Nc3c(C)cccc3Cl)nc(C)n1,8.22
242,CHEMBL3671803,Cc1ccc(cc1)c2cc3c(NC4C5CC6CC4CC(O)(C6)C5)c(cnn3c2)C(=O)N,8.22
243,CHEMBL3671805,Cc1ccncc1c2cc3c(N[C@@H]4CC[C@](C)(N)C4(C)C)c(cnn3c2)C(=O)N,8.22
244,CHEMBL1079523,Fc1cccc(F)c1CN2C(=O)Nc3cnc(nc23)n4cnc5ccc(cc45)C#N,8.22
245,CHEMBL559787,O[C@@H]1Cn2c3ccccc3c4c5CNC(=O)c5c6c7ccccc7n(C[C@@H]1O)c6c24,8.22
246,CHEMBL2386635,C[C@@H](O)c1nc2cnc3[nH]ccc3c2n1[C@@H]4CC[C@@H](CC#N)CC4,8.23
247,CHEMBL3703495,CCOC(=O)c1c[nH]c2ncnc(c3ccc(O)cc3)c12,8.24
248,CHEMBL3703487,CCOC(=O)c1c[nH]c2ncnc(c3ccc(OC)cc3)c12,8.24
249,CHEMBL3703501,CCOC(=O)c1c[nH]c2ncnc(c3cccc(O)c3)c12,8.25
250,CHEMBL3667482,CC[C@H](O)C(=O)N1CC[C@@H](Nc2c(cnn3cc(cc23)c4cnn(C)c4)C(=O)N)[C@H](CC)C1,8.25
251,CHEMBL3644633,CCc1cc(O)c(F)cc1c2ccc3c(n[nH]c3c2)c4nc5CN(Cc6cccc(O)c6)CCc5[nH]4,8.25
252,CHEMBL3671792,Cn1nccc1c2cc3c(N[C@@H]4C[C@@H](O)[C@@H](O)C4(C)C)c(cnn3c2)C(=O)N,8.25
253,CHEMBL3703485,CCOC(=O)c1c[nH]c2ncnc(c3ccccc3)c12,8.26
254,CHEMBL3667521,COc1ccc(Cl)cc1c2c(NC(=O)c3c(N)nn4cccnc34)cnn2CC(=O)N,8.26
255,CHEMBL3671815,COc1cncc(c1)c2cc3c(N[C@@H]4CC[C@](C)(N)C4(C)C)c(cnn3c2)C(=O)N,8.26
256,CHEMBL3651049,CC(=C)C(=O)Nc1cccc(c1)c2ncnc3[nH]cc(c4ccc(C)cc4)c23,8.27
257,CHEMBL3651048,CC(=C)C(=O)Nc1cccc(c1)c2ncnc3[nH]cc(c4ccccc4C)c23,8.28
258,CHEMBL3763252,CC(C)C(C)N1C=C(c2ccc(cn2)N3CCOCC3)c4[nH]nc(N)c4C1=O,8.28
259,CHEMBL3651022,CCOC(=O)c1c[nH]c2ncnc(c3cccc(NC(=O)\C=C\C(=O)C)c3)c12,8.28
260,CHEMBL2376142,CCn1cc(cn1)c2cnc3[nH]cc(C(=O)N[C@H](C)C(=O)N4CC(C4)C#N)c3n2,8.28
261,CHEMBL3601234,Fc1cc(N2CCOCC2)c(F)cc1Nc3ncc(Cl)c(NCc4cccc(NC(=O)C=C)c4)n3,8.28
262,CHEMBL3593773,NC(=O)c1ccc(nc1)N2CCC(CC2)Nc3c(cnc4[nH]ccc34)C(=O)N,8.28
263,CHEMBL3593761,C[C@@H]1CCCC[C@@H]1Nc2c(cnc3[nH]ccc23)C(=O)N,8.29
264,CHEMBL3671821,C[C@]1(O)CCCC[C@@H]1Nc2c(cnn3cc(cc23)c4ccccc4)C(=O)N,8.29
265,CHEMBL3651053,CC(=C)C(=O)Nc1cccc(c1)c2ncnc3[nH]cc(C4=CCOCC4)c23,8.3
266,CHEMBL3651065,CC(=C)C(=O)Nc1cccc(c1)c2ncnc3[nH]cc(c4ocnc4)c23,8.3
267,CHEMBL2376439,CC(=O)N[C@@H]1CCc2ccc(Oc3cnc4[nH]cc(C(=O)N[C@H](C5CC5)C(=O)N6CC(C6)C#N)c4n3)cc12,8.3
268,CHEMBL3335687,CC(C)CS(=O)(=O)N1C[C@@H](C)C[C@@H](C1)NC(=O)Nc2cnc3[nH]ccc3n2,8.3
269,CHEMBL3335692,CC(C)CS(=O)(=O)N1C[C@@H](C)C[C@@H](C1)Nc2ncccc2c3cnc4[nH]ccc4n3,8.3
270,CHEMBL3359908,CC1(C)CCC[C@H]1Nc2c(cnn3cccc23)C(=O)N,8.3
271,CHEMBL3593592,C[C@@H]1CCN(C[C@@H]1N2C(=O)N(C)c3cnc4[nH]ccc4c23)C(=O)CC#N,8.3
272,CHEMBL3359921,C[C@]1(N)CC[C@@H](Nc2c(cnn3cccc23)C(=O)N)C1(C)C,8.3
273,CHEMBL562934,OC1CCn2c3ccccc3c4c5C(=O)NC(=O)c5c6c7ccccc7n(C1)c6c24,8.3
274,CHEMBL3703505,CCOC(=O)c1c[nH]c2ncnc(c3cc4ccccc4s3)c12,8.32
275,CHEMBL3601223,COc1cc(ccc1Nc2ncc(Cl)c(NCc3cccc(NC(=O)C=C)c3)n2)N4CCN(C)CC4,8.32
276,CHEMBL3665170,CC(=O)N1CCCC(C1)Nc2ncccc2c3cnc4nc[nH]c4n3,8.33
277,CHEMBL3671817,NC(=O)c1cnn2cc(cc2c1NC34CC5CC(O)(CC(O)(C5)C3)C4)c6ccc(F)cc6,8.33
278,CHEMBL3764277,CC(C)[C@H](C)N1C=C(c2cc(C3CCOCC3)n(C)n2)c4[nH]nc(N)c4C1=O,8.34
279,CHEMBL3703489,CCOC(=O)c1c[nH]c2ncnc(c3ccc(C)c(N)c3)c12,8.34
280,CHEMBL3703493,CCOC(=O)c1c[nH]c2ncnc(c3ccc4CCNc4c3)c12,8.34
281,CHEMBL3601230,CN1CCN(CC1)c2cc(F)c(Nc3ncc(Cl)c(NCc4cccc(NC(=O)C=C)c4)n3)cc2F,8.34
282,CHEMBL3601127,Cn1cc(Nc2ncc(Cl)c(NCc3ccc(F)c(NC(=O)C=C)c3)n2)cn1,8.36
283,CHEMBL3703500,CCOC(=O)c1c[nH]c2ncnc(c3ccc(cc3)c4ccccc4)c12,8.38
284,CHEMBL3644638,CCc1cc(O)c(F)cc1c2ccc3c(n[nH]c3c2)c4nc5CN(Cc6cccnc6C#N)CCc5[nH]4,8.39
285,CHEMBL3645122,NC(=O)[C@@H]1CCCN(C1)c2ccc(Nc3ncc(C(=O)N)c(NC4CC4)n3)cc2,8.39
286,CHEMBL3765517,CC(C)[C@H](C)N1C=C(c2cc(N3CCS(=O)(=O)CC3)n(C)n2)c4[nH]nc(N)c4C1=O,8.4
287,CHEMBL1630781,CC1CC[C@@H](C[C@@H]1N(C)c2ncnc3[nH]ccc23)C(=C)C,8.4
288,CHEMBL3650985,CCOC(=O)c1c[nH]c2ncnc(c3cccc(NC(=O)C(=C)C)c3)c12,8.4
289,CHEMBL3650978,CCOC(=O)c1c[nH]c2ncnc(c3oc4ccccc4c3)c12,8.4
290,CHEMBL2381986,C[C@H](Nc1nc(Nc2cc(C)[nH]n2)nc(N3CCS(=O)(=O)CC3)c1F)c4ccc(F)cn4,8.4
291,CHEMBL3689517,FC1(F)CN(C(=O)CC#N)C12CCCN(C2)c3ncnc4[nH]ccc34,8.4
292,CHEMBL3651028,CCOC(=O)c1c[nH]c2ncnc(c3cccc(NC(=O)\C=C\c4nccs4)c3)c12,8.41
293,CHEMBL3652403,CN([C@@H]1CC[C@@H](CS(=O)(=O)N2CCC[C@H](C2)OC(=O)C(C)(C)C)CC1)c3ncnc4[nH]ccc34,8.41
294,CHEMBL3703504,CCOC(=O)c1c[nH]c2ncnc(c3ccc4OCOc4c3)c12,8.42
295,CHEMBL2152300,O=C(CC#N)N1CCC[C@H](C1)n2cnc3cnc4[nH]ccc4c23,8.42
296,CHEMBL3601236,CC(=O)N1CCN(CC1)c2c(F)cc(Nc3ncc(Cl)c(NCc4cccc(NC(=O)C=C)c4)n3)cc2F,8.44
297,CHEMBL3644642,CCc1cc(O)c(F)cc1c2ccc3c(n[nH]c3c2)c4nc5cc(cnc5[nH]4)C(=O)c6ccc(Oc7ccccc7F)cc6OCC(C)NN,8.44
298,CHEMBL3593775,NC(=O)c1cnc2[nH]ccc2c1NC3CCN(CC3)c4cnc(cn4)C#N,8.44
299,CHEMBL3703488,CCOC(=O)c1c[nH]c2ncnc(c3cccc(OCC(F)(F)F)c3)c12,8.46
300,CHEMBL3651057,COc1ccccc1c2c[nH]c3ncnc(c4ccccc4)c23,8.47
301,CHEMBL2376159,C[C@@H](NC(=O)c1c[nH]c2ncc(nc12)c3cnc4cc(Cl)ccn34)C(=O)N5CC(C5)C#N,8.47
302,CHEMBL3593770,NC(=O)c1cnc2[nH]ccc2c1NC3CCN(CC3)c4ccc(cc4)C#N,8.47
303,CHEMBL3765822,CC(C)[C@@H](C)N1C=C(c2cc(n(C)n2)C(C)(C)O)c3[nH]nc(N)c3C1=O,8.48
304,CHEMBL3703503,CCOC(=O)c1c[nH]c2ncnc(c3ccc(cc3)N(C)C)c12,8.48
305,CHEMBL3703506,CCOC(=O)c1c[nH]c2ncnc(c3cccc(OCc4ccccc4)c3)c12,8.48
306,CHEMBL3672471,COc1ccc(cn1)c2cc3c(N[C@H]4CCN(CC4(C)C)C(=O)[C@H](C)O)c(cnn3c2)C(=O)N,8.48
307,CHEMBL3665154,Cn1ccc2ncc(nc12)c3cccnc3N[C@H]4CCCN(C4)S(=O)(=O)C,8.49
308,CHEMBL3651056,COC(=O)Cc1ccc(OC)c(c1)c2c[nH]c3ncnc(c4ccccc4)c23,8.51
309,CHEMBL2376150,C[C@@H](NC(=O)c1c[nH]c2ncc(nc12)c3nn(C)c4cc(ccc34)C5CC5)C(=O)N6CC(C6)C#N,8.51
310,CHEMBL3665162,CCCS(=O)(=O)N1CCC[C@@H](C1)Nc2ncccc2c3cnc4nc[nH]c4n3,8.52
311,CHEMBL3645120,CNC(=O)[C@H]1CCCN(C1)c2ccc(Nc3ncc(C(=O)N)c(NC4CC4)n3)cc2,8.52
312,CHEMBL3665165,CS(=O)(=O)N1CCC[C@@H](C1)Nc2ncccc2c3cnc4cc[nH]c4n3,8.52
313,CHEMBL2376145,C[C@@H](NC(=O)c1c[nH]c2ncc(nc12)c3nn(C)c4ccc(Cl)cc34)C(=O)N5CC(C5)C#N,8.52
314,CHEMBL3593579,C[C@@H]1CCCC[C@@H]1N2C(=O)Nc3cnc4[nH]ccc4c23,8.52
315,CHEMBL3359915,C[C@@]1(O)CC[C@@H](Nc2c(cnn3cccc23)C(=O)N)C1(C)C,8.52
316,CHEMBL3593584,Cl.CC[C@@H]1CCCC[C@@H]1N2C(=O)Nc3cnc4[nH]ccc4c23,8.52
317,CHEMBL1079593,Fc1ccc2ncn(c3ncc4NC(=O)N([C@@H]5CCOc6c(F)cccc56)c4n3)c2c1,8.52
318,CHEMBL234066,OCC1Cn2c3ccc(CO)cc3c4c5CNC(=O)c5c6c7cc(\C=C\Cn8ccnc8)ccc7n(C1)c6c24,8.52
319,CHEMBL234936,OCC1Cn2c3ccc(CO)cc3c4c5CNC(=O)c5c6c7ccccc7n(C1)c6c24,8.52
320,CHEMBL563588,O[C@@H]1Cn2c3ccccc3c4c5C(=O)NC(=O)c5c6c7ccccc7n(C[C@@H]1O)c6c24,8.52
321,CHEMBL1934353,CN(c1ccccc1c2cc(Cl)c3cnc(Nc4ccc(cc4)C5CCN(CC(=O)N)CC5)nn23)S(=O)(=O)C,8.54
322,CHEMBL3645119,COCC(=O)N1CCN(CC1)c2ccc(Nc3ncc(C(=O)N)c(NC4CC4)n3)cc2,8.54
323,CHEMBL2376146,C[C@@H](NC(=O)c1c[nH]c2ncc(nc12)c3nn(C)c4ccccc34)C(=O)N5CC(C5)C#N,8.54
324,CHEMBL2178803,Cc1ccc(C)c(c1)c2nn(C)cc2NC(=O)c3cnn4ccc(N)nc34,8.54
325,CHEMBL3601244,Clc1cnc(Nc2conc2)nc1NCc3cccc(NC(=O)C=C)c3,8.54
326,CHEMBL3763213,CC(C)[C@H](C)N1C=C(c2cc(N3CCOCC3)n(C)n2)c4[nH]nc(N)c4C1=O,8.55
327,CHEMBL3645121,CS(=O)(=O)N1CCN(CC1)c2ccc(Nc3ncc(C(=O)N)c(NC4CC4)n3)cc2,8.57
328,CHEMBL3644635,CCc1cc(O)c(F)cc1c2ccc3c(n[nH]c3c2)c4nc5CN(Cc6cccc(OC)c6)CCc5[nH]4,8.59
329,CHEMBL3039513,CC[C@@](C)(Nc1ccnc(n1)c2c[nH]c3ncccc23)C(=O)NCC(F)(F)F,8.6
330,CHEMBL3780091,N[C@@H]1CC[C@@H](CC1)NC2=C(C(=O)NC=C2)c3nc4ccccc4[nH]3,8.6
331,CHEMBL3651025,CCOC(=O)c1c[nH]c2ncnc(c3cccc(NC(=O)\C=C\c4c[nH]c5ccccc45)c3)c12,8.62
332,CHEMBL3644637,CCc1cc(O)c(F)cc1c2ccc3c(n[nH]c3c2)c4nc5CN(Cc6ccc(Oc7ccccc7)nc6)CCc5[nH]4,8.62
333,CHEMBL3694581,Clc1cnc2Nc3cccc(CCCOc4cccc(CNc1n2)c4)c3,8.62
334,CHEMBL3665155,CS(=O)(=O)N1CCC[C@@H](C1)Nc2ncccc2c3cnc4nc[nH]c4n3,8.63
335,CHEMBL3650980,CCOC(=O)c1c[nH]c2ncnc(c3ccc(N)cc3)c12,8.64
336,CHEMBL3651001,CCOC(=O)c1c[nH]c2ncnc(c3ccc4CCN(C(=O)C(=C)C)c4c3)c12,8.64
337,CHEMBL3601715,COc1cc(ccc1Nc2ncc(Br)c(NCc3cccc(NC(=O)C=C)c3)n2)N4CCN(C)CC4,8.64
338,CHEMBL2376148,C[C@@H](NC(=O)c1c[nH]c2ncc(nc12)c3nn(C)c4cc(ccc34)C#N)C(=O)N5CC(C5)C#N,8.64
339,CHEMBL603469,C[C@]12O[C@H](C[C@]1(O)CO)n3c4ccccc4c5c6C(=O)NCc6c7c8ccccc8n2c7c35,8.64
340,CHEMBL3601862,Clc1cnc(Nc2cnn(CCOCCOCCOCCNC(=O)CCCC[C@@H]3SC[C@@H]4NC(=O)N[C@H]34)c2)nc1NCc5cccc(NC(=O)C=C)c5,8.64
341,CHEMBL3644632,CCc1cc(O)c(F)cc1c2ccc3c(n[nH]c3c2)c4nc5CN(Cc6ccc(O)cc6)CCc5[nH]4,8.66
342,CHEMBL3667465,COc1ccc(cn1)c2cc3c(N[C@@H]4CN(C[C@@H]4C)C(=O)CC#N)c(cnn3c2)C(=O)N,8.66
343,CHEMBL3651019,CCOC(=O)c1c[nH]c2ncnc(c3cccc(NC(=O)\C=C\COC)c3)c12,8.68
344,CHEMBL3335686,CC(C)(C)CS(=O)(=O)N1CCC[C@@H](C1)NC(=O)Nc2cnc3[nH]ccc3n2,8.7
345,CHEMBL3335690,CC(C)(C)CS(=O)(=O)N1CCC[C@@H](C1)Nc2ncccc2c3cnc4[nH]ccc4n3,8.7
346,CHEMBL3651024,CCOC(=O)c1c[nH]c2ncnc(c3cccc(NC(=O)\C=C\c4ccncc4)c3)c12,8.7
347,CHEMBL3601228,CN1CCN(CC1)c2ccc(Nc3ncc(Cl)c(NCc4cccc(NC(=O)C=C)c4)n3)cc2Cl,8.7
348,CHEMBL3601707,CNC(=O)Cn1cc(Nc2ncc(Cl)c(NCc3ccc(NC(=O)C=C)cc3)n2)cn1,8.7
349,CHEMBL3651035,COC(=O)c1c[nH]c2ncnc(c3cccc(NC(=O)C(=C)C)c3)c12,8.7
350,CHEMBL1630782,C[C@@H]1CC[C@@H](C[C@@H]1N(C)c2ncnc3[nH]ccc23)C(=C)C,8.7
351,CHEMBL3671830,CC1(C)[C@@H](CC[C@]1(C)C(=O)N)Nc2c(cnn3cc(cc23)c4ccc(F)nc4)C(=O)N,8.72
352,CHEMBL3651026,CCOC(=O)c1c[nH]c2ncnc(c3cccc(NC(=O)\C=C(\C)/C(F)(F)F)c3)c12,8.72
353,CHEMBL3644623,CCc1cc(O)c(F)cc1c2ccc3c(n[nH]c3c2)c4nc5CCN(CCc5[nH]4)C(=O)c6cc(ccn6)C#N,8.72
354,CHEMBL3644629,CCc1cc(O)c(F)cc1c2ccc3c(n[nH]c3c2)c4nc5CN(CCc5[nH]4)C(=O)c6ccc(nc6)C#N,8.72
355,CHEMBL3651055,CC(=C)C(=O)Nc1cccc(c1)c2ncnc3[nH]cc(c4cncs4)c23,8.75
356,CHEMBL3652409,CCOP(=O)(OCC)O[C@@H]1CCCN(C1)S(=O)(=O)C[C@@H]2CC[C@H](CC2)N(C)c3ncnc4[nH]ccc34,8.75
357,CHEMBL2376149,COc1ccc2c(nn(C)c2c1)c3cnc4[nH]cc(C(=O)N[C@H](C)C(=O)N5CC(C5)C#N)c4n3,8.75
358,CHEMBL2376152,C[C@@H](NC(=O)c1c[nH]c2ncc(nc12)c3nn(C)c4cc(Cl)cc(F)c34)C(=O)N5CC(C5)C#N,8.75
359,CHEMBL2325906,C[C@H](NC(=O)c1c[nH]c2ncc(nc12)C3CC3)C(C)(C)C#N,8.75
360,CHEMBL3667468,C[C@H]1[C@@H](C[C@@H]2CN(C[C@H]12)S(=O)(=O)C)Nc3c(cnn4cc(cc34)N5CCN(C(=O)C)C5=O)C(=O)N,8.75
361,CHEMBL3671827,COc1ccc(cn1)c2cc3c(N[C@@H]4CC[C@](C)(NS(=O)(=O)C)C4(C)C)c(cnn3c2)C(=O)N,8.77
362,CHEMBL3671825,C[C@]1(N)CC[C@@H](Nc2c(cnn3cc(cc23)N4CCCC4=O)C(=O)N)C1(C)C,8.77
363,CHEMBL3601243,Cc1nn(C)cc1Nc2ncc(Cl)c(NCc3cccc(NC(=O)C=C)c3)n2,8.77
364,CHEMBL3593778,NC(=O)c1cnc2[nH]ccc2c1N[C@H]3CCN(C[C@H]3F)c4ccc(cn4)C#N,8.77
365,CHEMBL3670393,Nc1ccn2ncc(C(=O)Nc3c[nH]nc3c4cc(Cl)ccc4Cl)c2n1,8.77
366,CHEMBL3650989,CCOC(=O)c1c[nH]c2ncnc(c3cccc(NC(=O)\C=C\C)c3)c12,8.8
367,CHEMBL3644626,CCc1cc(O)c(F)cc1c2ccc3c(n[nH]c3c2)c4nc5CN(CCc5[nH]4)S(=O)(=O)c6ccc(F)cc6,8.8
368,CHEMBL3601710,COCCn1cc(Nc2ncc(Cl)c(NC(C)c3cccc(NC(=O)C=C)c3)n2)cn1,8.8
369,CHEMBL3671797,C[C@@]1(O)CC[C@@H](CC1)Nc2c(cnn3cc(cc23)c4ccc(cc4)[N+]#[C-])C(=O)N,8.8
370,CHEMBL3671807,C[C@]1(N)CC[C@@H](Nc2c(cnn3cc(cc23)c4ccc(cc4)C(=O)NC5CC5)C(=O)N)C1(C)C,8.8
371,CHEMBL3651046,CC(=C)C(=O)Nc1cccc(c1)c2ncnc3[nH]cc(c4ccc(F)cc4)c23,8.82
372,CHEMBL3651047,CC(=C)C(=O)Nc1cccc(c1)c2ncnc3[nH]cc(c4cccc(F)c4Cl)c23,8.82
373,CHEMBL3651007,CCOC(=O)c1c[nH]c2ncnc(c3ccc(C(=O)N(C)C)c(NC(=O)C(=C)C)c3)c12,8.82
374,CHEMBL3651009,CCOC(=O)c1c[nH]c2ncnc(c3ccc(CN(C)C)c(NC(=O)C(=C)C)c3)c12,8.82
375,CHEMBL3650977,CCOC(=O)c1c[nH]c2ncnc(c3ccc4NCCc4c3)c12,8.82
376,CHEMBL3667481,CC[C@@H]1CN(CC[C@H]1Nc2c(cnn3cc(cc23)c4cnn(CCC#N)c4)C(=O)N)S(=O)(=O)C,8.82
377,CHEMBL3672458,CC[C@H]1CN(C[C@H]1Nc2c(cnn3cc(cc23)c4cn(C)nc4C)C(=O)N)C(=O)C5(CC5)C#N,8.82
378,CHEMBL3672452,CC[C@H]1CN(C[C@H]1Nc2c(cnn3cc(cc23)c4cnn(C)c4)C(=O)N)c5ccc(cn5)C#N,8.82
379,CHEMBL3644622,CCc1cc(O)c(F)cc1c2ccc3c(n[nH]c3c2)c4nc5CN(CCc5[nH]4)S(=O)(=O)c6ccc(Oc7ccccc7)nc6,8.82
380,CHEMBL3642285,CN1CCN(CC1)c2ccc(Nc3nc4c(cccn4n3)c5ccc(CS(=O)(=O)C)cc5)cc2,8.82
381,CHEMBL3672466,CNC(=O)c1cccc(c1)c2cc3c(N[C@@H]4CN(C[C@@H]4OC)C(=O)C5(CC5)C#N)c(cnn3c2)C(=O)N,8.82
382,CHEMBL3672467,CO[C@H]1CN(C[C@H]1Nc2c(cnn3cc(cc23)c4ccc(F)cc4)C(=O)N)C(=O)C5(CC5)C#N,8.82
383,CHEMBL3667475,C[C@H]1[C@@H](C[C@@H]2CN(C[C@H]12)C(=O)C(C)(C)O)Nc3c(cnn4cc(cc34)c5cnn(C)c5)C(=O)N,8.82
384,CHEMBL3667473,C[C@H]1[C@@H](C[C@@H]2CN(C[C@H]12)C(=O)CF)Nc3c(cnn4cc(cc34)c5cnc(N)c(F)c5)C(=O)N,8.82
385,CHEMBL3667480,CC1(C)CN(CC[C@H]1Nc2c(cnn3cc(cc23)N4CCC(CCCC(=O)O)C4=O)C(=O)N)c5ncc(cn5)C#N,8.85
386,CHEMBL3667477,CCC(=O)N1C[C@H]2C[C@@H](Nc3c(cnn4cc(cc34)c5ccc(F)nc5)C(=O)N)[C@H](C)[C@H]2C1,8.85
387,CHEMBL3667485,CC[C@@H]1CN(CC[C@H]1Nc2c(cnn3cc(cc23)c4cnn(CC(C)C)c4)C(=O)N)C(=O)[C@H](C)O,8.85
388,CHEMBL3672459,CC[C@H]1CN(C[C@H]1Nc2c(cnn3cc(cc23)c4ccc(C)nc4)C(=O)N)C(=O)C5(CC5)C#N,8.85
389,CHEMBL3644641,CCc1cc(O)c(F)cc1c2ccc3c(n[nH]c3c2)c4nc5CCN(CCc5[nH]4)C(=O)c6ccc(Cl)cn6,8.85
390,CHEMBL3644630,CCc1cc(O)c(F)cc1c2ccc3c(n[nH]c3c2)c4nc5CCN(CCc5[nH]4)C(=O)c6ccc(nc6)C#N,8.85
391,CHEMBL3644627,CCc1cc(O)c(F)cc1c2ccc3c(n[nH]c3c2)c4nc5CCN(Cc6ccccc6)CCc5[nH]4,8.85
392,CHEMBL3644631,CCc1cc(O)c(F)cc1c2ccc3c(n[nH]c3c2)c4nc5CN(Cc6ccc7ncccc7c6)CCc5[nH]4,8.85
393,CHEMBL3644634,CCc1cc(O)c(F)cc1c2ccc3c(n[nH]c3c2)c4nc5CN(Cc6ccnc(c6)C#N)CCc5[nH]4,8.85
394,CHEMBL3644643,CCc1cc(O)c(F)cc1c2ccc3c(n[nH]c3c2)c4nc5cc(Cc6ccc(nc6)N7CC=CC=C7)cnc5[nH]4,8.85
395,CHEMBL3651059,COc1ccc(F)cc1c2c[nH]c3ncnc(c4ccccc4)c23,8.85
396,CHEMBL2376144,C[C@@H](NC(=O)c1c[nH]c2ncc(nc12)c3nn(C)c4cc(Cl)ccc34)C(=O)N5CC(C5)C#N,8.85
397,CHEMBL2325903,C[C@H](NC(=O)c1c[nH]c2ncc(nc12)C3CC3)C(C)(C)C,8.85
398,CHEMBL3672455,C[C@H]1CN(C[C@H]1Nc2c(cnn3cc(cc23)c4ccc(F)nc4)C(=O)N)C(=O)CC#N,8.85
399,CHEMBL3672456,C[C@H]1CN(C[C@H]1Nc2c(cnn3cc(cc23)c4ccnc(F)c4)C(=O)N)C(=O)CC#N,8.85
400,CHEMBL3601106,FC(F)n1cc(Nc2ncc(Cl)c(NCc3cccc(NC(=O)C=C)c3)n2)cn1,8.85
401,CHEMBL3601232,Fc1cc(ccc1Nc2ncc(Cl)c(NCc3cccc(NC(=O)C=C)c3)n2)N4CCOCC4,8.85
402,CHEMBL3665160,CCCS(=O)(=O)N1CCC[C@@H](C1)Nc2ncccc2c3cnc4ccn(C)c4n3,8.89
403,CHEMBL3644624,CCc1cc(O)c(F)cc1c2ccc3c(n[nH]c3c2)c4nc5CCN(CCc5[nH]4)C(=O)c6ccc(F)cc6,8.89
404,CHEMBL3644621,CCc1cc(O)c(F)cc1c2ccc3c(n[nH]c3c2)c4nc5CN(CCc5[nH]4)S(=O)(=O)c6ccc(nc6)N7CCOCC7,8.89
405,CHEMBL3652405,CN([C@@H]1CC[C@@H](CS(=O)(=O)N2CCN(C)CC2)CC1)c3ncnc4[nH]ccc34,8.89
406,CHEMBL3601708,COCCn1cc(Nc2ncc(Cl)c(NCc3ccc(NC(=O)C=C)cc3)n2)cn1,8.89
407,CHEMBL3601231,Clc1cnc(Nc2ccc(cc2)N3CCOCC3)nc1NCc4cccc(NC(=O)C=C)c4,8.89
408,CHEMBL3593771,NC(=O)c1cnc2[nH]ccc2c1NC3CCN(CC3)c4ccc(cn4)C#N,8.89
409,CHEMBL3644636,CCc1cc(O)c(F)cc1c2ccc3c(n[nH]c3c2)c4nc5CN(Cc6cnc7ccccc7c6)CCc5[nH]4,8.92
410,CHEMBL3601226,CN1CCN(CC1)c2ccc(Nc3ncc(Cl)c(NCc4cccc(NC(=O)C=C)c4)n3)cc2,8.92
411,CHEMBL3601712,Cn1cc(Nc2ncc(Cl)c(SCc3cccc(NC(=O)C=C)c3)n2)cn1,8.92
412,CHEMBL3593776,NC(=O)c1cnc2[nH]ccc2c1NC3CCN(CC3)c4ccc(nn4)C#N,8.92
413,CHEMBL3665136,CC(C)CS(=O)(=O)N1CC[C@H](C1)Nc2ncccc2c3cnc4[nH]ccc4n3,8.94
414,CHEMBL3665168,CC(C)CS(=O)(=O)N1CCC[C@@H](C1)Nc2ncccc2c3cnc4cc[nH]c4n3,8.96
415,CHEMBL3651013,CCOC(=O)c1c[nH]c2ncnc(C3=CN(C)C(=O)C(=C3)NC(=O)C(=C)C)c12,8.96
416,CHEMBL3601111,CN(C)C(=O)Cn1cc(Nc2ncc(Cl)c(NCc3cccc(NC(=O)C=C)c3)n2)cn1,8.96
417,CHEMBL3593591,C[C@@H]1CCN(C[C@@H]1N2C(=O)Nc3cnc4[nH]ccc4c23)C(=O)CC#N,8.96
418,CHEMBL495727,O=C(NC1CC1)Nc2c[nH]nc2c3nc4cc(CN5CCOCC5)ccc4[nH]3,8.96
419,CHEMBL3665159,CCCS(=O)(=O)N1CCC[C@@H](C1)Nc2ncccc2c3cnc4cc[nH]c4n3,8.99
420,CHEMBL3665163,CC(C)CS(=O)(=O)N1CCC[C@@H](C1)Nc2ncccc2c3cnc4nc[nH]c4n3,9.0
421,CHEMBL3671831,CC1(C)[C@@H](CC[C@]1(C)C(=O)N)Nc2c(cnn3cc(cc23)c4ccc(nc4)C#N)C(=O)N,9.0
422,CHEMBL3644625,CCc1cc(O)c(F)cc1c2ccc3c(n[nH]c3c2)c4nc5CCN(CCc5[nH]4)C(=O)c6ccsn6,9.0
423,CHEMBL3644628,CCc1cc(O)c(F)cc1c2ccc3c(n[nH]c3c2)c4nc5CN(CCc5[nH]4)C(=O)c6ccc(Cl)cn6,9.0
424,CHEMBL3644619,CCc1cc(O)c(F)cc1c2ccc3c(n[nH]c3c2)c4nc5CN(CCc5[nH]4)C(=O)c6ccsn6,9.0
425,CHEMBL564940,COC(=O)[C@]1(O)Cn2c3ccccc3c4c5C(=O)NC(=O)c5c6c7ccccc7n(C[C@H]1O)c6c24,9.0
426,CHEMBL3671801,COc1ccccc1c2cc3c(NC4C5CC6CC4CC(O)(C6)C5)c(cnn3c2)C(=O)N,9.0
427,CHEMBL2376158,C[C@@H](NC(=O)c1c[nH]c2ncc(nc12)c3ncn4cc(F)cc(F)c34)C(=O)N5CC(C5)C#N,9.0
428,CHEMBL3671791,C[C@@]1(CC[C@@H](Nc2c(cnn3cc(cc23)c4ccccc4)C(=O)N)C1(C)C)NS(=O)(=O)C,9.0
429,CHEMBL3667470,C[C@H]1[C@@H](C[C@@H]2CN(C[C@H]12)C(=O)C(C)(C)O)Nc3c(cnn4cc(cc34)c5cnc(N)nc5)C(=O)N,9.0
430,CHEMBL3359927,C[C@]1(F)CCC[C@H]1Nc2c(cnn3cccc23)C(=O)N,9.0
431,CHEMBL1079594,Fc1cccc2[C@@H](CCOc12)N3C(=O)Nc4cnc(nc34)n5cnc6ccc(cc56)C#N,9.0
432,CHEMBL3335691,O=S(=O)(CC#N)N1CCC[C@@H](C1)Nc2ncccc2c3cnc4[nH]ccc4n3,9.0
433,CHEMBL3651045,CC(=C)C(=O)Nc1cccc(c1)c2ncnc3[nH]cc(c4ccccc4F)c23,9.02
434,CHEMBL3666882,CC(=O)Nc1cc2c(N[C@@H]3CC[C@@](C)(O)C3(C)C)c(cnn2c1)C(=O)N,9.05
435,CHEMBL3601227,CN1CCN(CC1)c2ccc(Nc3ncc(Cl)c(NCc4cccc(NC(=O)C=C)c4)n3)cc2F,9.05
436,CHEMBL3601726,CN1CCN(CC1)c2ccc(Nc3ncc4CNC(=O)N(Cc5cccc(NC(=O)C=C)c5)c4n3)cc2,9.05
437,CHEMBL3667466,COc1ccc(cn1)c2cc3c(N[C@@H]4CCN(CC4(C)C)C(=O)C(=O)N)c(cnn3c2)C(=O)N,9.05
438,CHEMBL2152297,C[C@@H]1CCN(C[C@@H]1n2cnc3cnc4[nH]ccc4c23)C(=O)CC#N,9.05
439,CHEMBL3601233,Fc1cc(Nc2ncc(Cl)c(NCc3cccc(NC(=O)C=C)c3)n2)ccc1N4CCOCC4,9.05
440,CHEMBL3601705,Clc1cnc(Nc2ccc(cc2)N3CCOCC3)nc1NCc4ccc(NC(=O)C=C)cc4,9.06
441,CHEMBL3665194,CSc1ncc(c(N[C@H]2CCCN(C2)C(=O)CC#N)n1)c3cnc4[nH]ccc4n3,9.07
442,CHEMBL3665135,CC(C)S(=O)(=O)N1CC[C@H](C1)Nc2ncccc2c3cnc4[nH]ccc4n3,9.09
443,CHEMBL3671810,CN(C)C(=O)c1ccc(cc1)c2cc3c(N[C@@H]4CC[C@](C)(N)C4(C)C)c(cnn3c2)C(=O)N,9.1
444,CHEMBL2376143,C[C@@H](NC(=O)c1c[nH]c2ncc(nc12)c3cn(C)c4cc(Cl)ccc34)C(=O)N5CC(C5)C#N,9.1
445,CHEMBL2376155,Cn1nc(c2cnc3[nH]cc(C(=O)N[C@@H](C(=O)N4CC(C4)C#N)C(C)(C)C)c3n2)c5ccc(Cl)cc15,9.1
446,CHEMBL3665132,CC(C)S(=O)(=O)N1CCC[C@H](C1)Nc2ncccc2c3cnc4[nH]ccc4n3,9.11
447,CHEMBL3593779,C[C@H]1CN(CC[C@H]1Nc2c(cnc3[nH]ccc23)C(=O)N)c4ccc(cn4)C#N,9.11
448,CHEMBL3665161,CC(C)CS(=O)(=O)N1CCC[C@@H](C1)Nc2ncccc2c3cnc4ccn(C)c4n3,9.12
449,CHEMBL3652410,CN([C@@H]1CC[C@@H](CS(=O)(=O)N2CCC[C@H](C2)OP(=O)(O)O)CC1)c3ncnc4[nH]ccc34,9.12
450,CHEMBL3137308,NC(=O)c1cnc2[nH]ccc2c1N[C@@H]3[C@@H]4CC5C[C@H]3C[C@@](O)(C5)C4,9.15
451,CHEMBL3665138,CCCC(=O)N1CC[C@H](C1)Nc2ncccc2c3cnc4[nH]ccc4n3,9.16
452,CHEMBL3601713,CN(Cc1cccc(NC(=O)C=C)c1)c2nc(Nc3cnn(C)c3)ncc2Cl,9.16
453,CHEMBL3601723,CN1CCN(CC1)c2ccc(Nc3ncc4ccn(Cc5cccc(NC(=O)C=C)c5)c4n3)cc2,9.16
454,CHEMBL3667471,CNC(=O)c1ccc(cn1)c2cc3c(N[C@@H]4C[C@@H]5CN(C[C@@H]5[C@H]4C)C(=O)C(C)(C)O)c(cnn3c2)C(=O)N,9.16
455,CHEMBL3601108,Clc1cnc(Nc2cnn(c2)C3CCOCC3)nc1NCc4cccc(NC(=O)C=C)c4,9.16
456,CHEMBL3601118,FC(F)OCCn1cc(Nc2ncc(Cl)c(NCc3cccc(NC(=O)C=C)c3)n2)cn1,9.16
457,CHEMBL3651011,CCOC(=O)c1c[nH]c2ncnc(c3cnc(OC)c(NC(=O)C(=C)C)c3)c12,9.17
458,CHEMBL3651029,CCOC(=O)c1c[nH]c2ncnc(c3cccc(NC(=O)C(=C)CN4CCOCC4)c3)c12,9.18
459,CHEMBL3665125,CC(=O)N1CCC(CC1)Nc2ncccc2c3cnc4[nH]ccc4n3,9.22
460,CHEMBL3601121,CC(C)(O)Cn1cc(Nc2ncc(Cl)c(NCc3cccc(NC(=O)C=C)c3)n2)cn1,9.22
461,CHEMBL3650990,CCOC(=O)c1c[nH]c2ncnc(c3cccc(NC(=O)C(=C)CC)c3)c12,9.22
462,CHEMBL3601119,COCC(C)(C)n1cc(Nc2ncc(Cl)c(NCc3cccc(NC(=O)C=C)c3)n2)cn1,9.22
463,CHEMBL3648433,CS(=O)(=O)OCC(=O)Nc1cccc(c1)c2cnc3ccccc3n2,9.22
464,CHEMBL2376147,C[C@@H](NC(=O)c1c[nH]c2ncc(nc12)c3nn(C)c4cc(F)ccc34)C(=O)N5CC(C5)C#N,9.22
465,CHEMBL3672454,C[C@H]1CN(C[C@H]1Nc2c(cnn3cc(cc23)c4cnn(CC(=O)N5CCC(F)(F)C5)c4)C(=O)N)c6ccc(cn6)C#N,9.22
466,CHEMBL3667467,C[C@H]1[C@@H](C[C@@H]2CN(C[C@H]12)S(=O)(=O)C)Nc3c(cnn4cc(cc34)c5cnc(N)nc5)C(=O)N,9.22
467,CHEMBL3601112,Clc1cnc(Nc2cnn(CC(=O)N3CCOCC3)c2)nc1NCc4cccc(NC(=O)C=C)c4,9.22
468,CHEMBL3601242,Cn1cc(Nc2ncc(Cl)c(NCc3cccc(NC(=O)C=C)c3)n2)cn1,9.22
469,CHEMBL272424,Fc1ccc2c(c1)c3C(=O)NC=Cc3c4[nH]c(nc24)c5c(F)cccc5Cl,9.22
470,CHEMBL3651044,CC(=C)C(=O)Nc1cccc(c1)c2ncnc3[nH]cc(c4cccc(F)c4)c23,9.23
471,CHEMBL3601706,Cn1cc(Nc2ncc(Cl)c(NCc3ccc(NC(=O)C=C)cc3)n2)cn1,9.24
472,CHEMBL3665143,CC(C)CCS(=O)(=O)N1CC[C@H](C1)Nc2ncccc2c3cnc4[nH]ccc4n3,9.26
473,CHEMBL3665134,CCCS(=O)(=O)N1CC[C@H](C1)Nc2ncccc2c3cnc4[nH]ccc4n3,9.27
474,CHEMBL3671819,CC1(C)CCC[C@H]1Nc2c(cnn3cc(cc23)c4ccccc4)C(=O)N,9.3
475,CHEMBL3672460,CC[C@H]1CN(C[C@H]1Nc2c(cnn3cc(cc23)c4cnn(CC(C)C)c4)C(=O)N)S(=O)(=O)C,9.3
476,CHEMBL3672465,CC[C@H]1CN(C[C@H]1Nc2c(cnn3cc(cc23)c4onc(C)c4)C(=O)N)C(=O)OC(C)(C)C,9.3
477,CHEMBL3644620,CCc1cc(O)c(F)cc1c2ccc3c(n[nH]c3c2)c4nc5CN(CCc5[nH]4)C(=O)c6cnc(cn6)N7CCCCC7,9.3
478,CHEMBL3672474,CNC(=O)Cn1cc(cn1)c2cc3c(N[C@@H]4CN(C[C@@H]4C)c5ccc(Cl)cn5)c(cnn3c2)C(=O)N,9.3
479,CHEMBL3671794,C[C@]1(F)CCC[C@H]1Nc2c(cnn3cc(cc23)N4CCCC4=O)C(=O)N,9.3
480,CHEMBL3666890,C[C@]1(F)CCC[C@H]1Nc2c(cnn3cc(cc23)c4cccc(c4)C(=O)N)C(=O)N,9.3
481,CHEMBL3671804,C[C@]1(N)CC[C@@H](Nc2c(cnn3cc(cc23)c4cccnc4)C(=O)N)C1(C)C,9.3
482,CHEMBL3601110,FC(F)(F)CNC(=O)Cn1cc(Nc2ncc(Cl)c(NCc3cccc(NC(=O)C=C)c3)n2)cn1,9.3
483,CHEMBL3651012,CCOC(=O)c1c[nH]c2ncnc(C3=CNC(=O)C(=C3)NC(=O)C(=C)C)c12,9.33
484,CHEMBL3665187,CN(C)c1ncc(c(N[C@H]2CCCN(C2)S(=O)(=O)C)n1)c3cnc4[nH]cc(C#N)c4n3,9.35
485,CHEMBL2325898,O=C(N[C@H](C1CC1)C(=O)N2CC[C@@H](C2)C#N)c3c[nH]c4ncc(nc34)C5CC5,9.36
486,CHEMBL3671828,CC1(C)[C@@H](CC[C@]1(C)C(=O)N)Nc2c(cnn3cc(cc23)c4ccccc4)C(=O)N,9.4
487,CHEMBL3672451,CC[C@H]1CN(C[C@H]1Nc2c(cnn3cc(cc23)C4=CN(C)C(=O)C=C4)C(=O)N)c5ccc(cn5)C#N,9.4
488,CHEMBL3651034,COC(=O)c1c[nH]c2ncnc(c3ccc(F)c(NC(=O)C(=C)C)c3)c12,9.4
489,CHEMBL2376040,COc1cc(cc(OC)c1OC)c2cnc3[nH]cc(C(=O)N[C@H](C)C(=O)N4CC(C4)C#N)c3n2,9.4
490,CHEMBL3672453,C[C@H]1CN(C[C@H]1Nc2c(cnn3cc(cc23)c4cnn(CC(=O)N5CC(F)(F)C5)c4)C(=O)N)c6ccc(cn6)C#N,9.4
491,CHEMBL3667476,C[C@H]1[C@@H](C[C@@H]2CN(C[C@H]12)C(=O)C)Nc3c(cnn4cc(cc34)c5cnn(C)c5)C(=O)N,9.4
492,CHEMBL3667469,C[C@H]1[C@@H](C[C@@H]2CN(C[C@H]12)C(=O)CO)Nc3c(cnn4cc(cc34)c5ccc(cc5)C(=O)N)C(=O)N,9.4
493,CHEMBL3667474,C[C@H]1[C@@H](C[C@@H]2CN(C[C@H]12)C(=O)CO)Nc3c(cnn4cc(cc34)c5ccc(cc5)C(=O)NC6CC6)C(=O)N,9.4
494,CHEMBL3667472,C[C@H]1[C@@H](C[C@@H]2CN(C[C@H]12)S(=O)(=O)C)Nc3c(cnn4cc(cc34)c5nnn(C)n5)C(=O)N,9.4
495,CHEMBL3665218,CS(=O)(=O)N1C[C@H](C[C@@H](C1)C(F)(F)F)Nc2ncccc2c3cnc4[nH]ccc4n3,9.41
496,CHEMBL3651002,CCOC(=O)c1c[nH]c2ncnc(c3ccc4ccn(C(=O)C(=C)C)c4c3)c12,9.47
497,CHEMBL3665121,COC(=O)N1CC[C@H](C1)Nc2ncccc2c3cnc4[nH]ccc4n3,9.47
498,CHEMBL3665223,FC(F)(F)C(CC#N)N1CCC[C@@H](C1)Nc2ncccc2c3cnc4[nH]ccc4n3,9.49
499,CHEMBL3665124,COC(=O)N1CCC(CC1)Nc2ncccc2c3cnc4[nH]ccc4n3,9.51
500,CHEMBL3648430,BrCC(=O)Nc1cccc(c1)c2cnc3ccccc3n2,9.52
501,CHEMBL2325895,CC(C)(C)[C@@H](NC(=O)c1c[nH]c2ncc(nc12)C3CC3)C(=O)N4CC(C4)C#N,9.52
502,CHEMBL3672462,CC[C@H]1CN(C[C@H]1Nc2c(cnn3cc(cc23)c4ccnc(Cl)c4)C(=O)N)C(=O)C5(CCC5)C#N,9.52
503,CHEMBL3672472,CC[C@H]1CN(C[C@H]1Nc2c(cnn3cc(cc23)c4cnn(C)c4)C(=O)N)c5ncc(C#N)s5,9.52
504,CHEMBL3652406,CN([C@@H]1CC[C@@H](CS(=O)(=O)N2CCC(C)(O)C2)CC1)c3ncnc4[nH]ccc34,9.52
505,CHEMBL3671829,COc1ccc(cn1)c2cc3c(N[C@@H]4CC[C@](C)(C(=O)N)C4(C)C)c(cnn3c2)C(=O)N,9.52
506,CHEMBL2376157,C[C@@H](NC(=O)c1c[nH]c2ncc(nc12)c3ncn4cc(F)ccc34)C(=O)N5CC(C5)C#N,9.52
507,CHEMBL3671811,C[C@]1(N)CC[C@@H](Nc2c(cnn3cc(cc23)c4ccc(CO)cc4)C(=O)N)C1(C)C,9.52
508,CHEMBL3666889,Cc1cccc(c1)c2cc3c(N[C@@H]4CCC[C@]4(C)F)c(cnn3c2)C(=O)N,9.52
509,CHEMBL2376154,Cn1nc(c2cnc3[nH]cc(C(=O)N[C@H](C4CC4)C(=O)N5CC(C5)C#N)c3n2)c6ccc(Cl)cc16,9.52
510,CHEMBL3593777,NC(=O)c1cnc2[nH]ccc2c1N[C@@H]3CCN(C[C@@H]3F)c4ccc(cn4)C#N,9.52
511,CHEMBL3665158,CC(C)CS(=O)(=O)N1CCC[C@@H](C1)Nc2ncccc2c3cnc4[nH]ncc4n3,9.54
512,CHEMBL3665156,CS(=O)(=O)N1CCC[C@@H](C1)Nc2ncccc2c3cnc4[nH]ncc4n3,9.61
513,CHEMBL3665139,CC(C)C(=O)N1CC[C@H](C1)Nc2ncccc2c3cnc4[nH]ccc4n3,9.66
514,CHEMBL3651018,CCOC(=O)c1c[nH]c2ncnc(c3cccc(NC(=O)C(=C)Cl)c3)c12,9.66
515,CHEMBL3665127,COC(=O)N1CC[C@@H](C1)Nc2ncccc2c3cnc4[nH]ccc4n3,9.66
516,CHEMBL3665147,FC(F)(F)CN1CCC[C@@H](C1)Nc2ncccc2c3cnc4[nH]ccc4n3,9.69
517,CHEMBL3667478,CC1(C)CN(CC[C@H]1Nc2c(cnn3cc(cc23)N4CC[C@@H](O)C4=O)C(=O)N)c5ccc(cn5)C#N,9.7
518,CHEMBL3671790,CC1(CCCC1Nc2c(cnn3cc(cc23)c4ccccc4)C(=O)N)C#N,9.7
519,CHEMBL3672473,CC[C@H]1CN(C[C@H]1Nc2c(cnn3cc(cc23)c4cnn(CC(C)C)c4)C(=O)N)c5ncc(C#N)s5,9.7
520,CHEMBL3671816,C[C@@]1(O)CC[C@@H](Nc2c(cnn3cc(cc23)c4ccccc4)C(=O)N)C1(C)C,9.7
521,CHEMBL3652404,C[C@H]1CN(C[C@@H]1CO)S(=O)(=O)C[C@@H]2CC[C@H](CC2)N(C)c3ncnc4[nH]ccc34,9.7
522,CHEMBL1427221,ClCC(=O)Nc1cccc(c1)c2cnc3ccccc3n2,9.7
523,CHEMBL3665137,CCC(=O)N1CC[C@H](C1)Nc2ncccc2c3cnc4[nH]ccc4n3,9.71
524,CHEMBL3651005,CCOC(=O)c1c[nH]c2ncnc(c3cc(C)cc(NC(=O)C(=C)C)c3)c12,9.72
525,CHEMBL3650994,CCOC(=O)c1c[nH]c2ncnc(c3cccc(NC(=O)C=C)c3C)c12,9.72
526,CHEMBL3665133,CCS(=O)(=O)N1CC[C@H](C1)Nc2ncccc2c3cnc4[nH]ccc4n3,9.72
527,CHEMBL3665221,C[C@H]1C[C@@H](CN(C1)C2(CC#N)COC2)Nc3ncccc3c4cnc5[nH]ccc5n4,9.72
528,CHEMBL3651043,CC(=C)C(=O)Nc1cccc(c1)c2ncnc3[nH]cc(c4cccc(C)c4)c23,9.77
529,CHEMBL3665204,CS(=O)(=O)N1CCC[C@@H](C1)Nc2nc(ncc2c3cnc4[nH]ccc4n3)C#N,9.79
530,CHEMBL3650992,CCOC(=O)c1c[nH]c2ncnc(c3ccc(C)c(NC(=O)C(=C)C)c3)c12,9.82
531,CHEMBL3665210,CS(=O)(=O)N1CCC[C@@H](C1)Nc2nc(Nc3ccncc3)ncc2c4cnc5[nH]ccc5n4,9.82
532,CHEMBL3651006,CCOC(=O)c1c[nH]c2ncnc(c3ccc(C#N)c(NC(=O)C(=C)C)c3)c12,9.85
533,CHEMBL3651027,CCOC(=O)c1c[nH]c2ncnc(c3cccc(NC(=O)C4=CC(=O)CC4)c3)c12,9.85
534,CHEMBL3665219,CC(C)CS(=O)(=O)N1C[C@H](C[C@@H](C1)C(F)(F)F)Nc2ncccc2c3cnc4[nH]ccc4n3,9.87
535,CHEMBL3652407,CC(C)COC1CCCN(C1)S(=O)(=O)C[C@@H]2CC[C@H](CC2)N(C)c3ncnc4[nH]ccc34,9.88
536,CHEMBL3651036,CCOC(=O)c1c[nH]c2ncnc(c3cccc(c3)N(C)C(=O)C=C)c12,9.89
537,CHEMBL3665157,CCCS(=O)(=O)N1CCC[C@@H](C1)Nc2ncccc2c3cnc4[nH]ncc4n3,9.9
538,CHEMBL3650998,CCOC(=O)c1c[nH]c2ncnc(c3cc(NC(=O)C(=C)C)ccc3F)c12,9.96
539,CHEMBL3651004,CCOC(=O)c1c[nH]c2ncnc(c3ccc(CO)c(NC(=O)C(=C)C)c3)c12,9.96
540,CHEMBL3651010,CCOC(=O)c1c[nH]c2ncnc(c3ccc(O)c(NC(=O)C(=C)C)c3)c12,9.96
541,CHEMBL3650997,CCOC(=O)c1c[nH]c2ncnc(c3ccc(OC)c(NC(=O)C(=C)C)c3)c12,9.96
542,CHEMBL3639498,CCOC(=O)c1c[nH]c2ncnc(c3ccc(OC)c(NC(=O)C=C)c3)c12,9.96
543,CHEMBL3665129,CC(=O)N1CCCCC(C1)Nc2ncccc2c3cnc4[nH]ccc4n3,9.97
544,CHEMBL3665220,N#CCC1(COC1)N2CCC[C@@H](C2)Nc3ncccc3c4cnc5[nH]ccc5n4,10.0
545,CHEMBL3665131,CS(=O)(=O)N1CCCCC(C1)Nc2ncccc2c3cnc4[nH]ccc4n3,10.01
546,CHEMBL3651008,CCOC(=O)c1c[nH]c2ncnc(c3ccc(c(NC(=O)C(=C)C)c3)S(=O)(=O)C)c12,10.06
547,CHEMBL3650986,CCOC(=O)c1c[nH]c2ncnc(c3cncc(NC(=O)C(=C)C)c3)c12,10.07
548,CHEMBL3651000,CCOC(=O)c1c[nH]c2ncnc(c3ccc4CCN(C(=O)C=C)c4c3)c12,10.09
549,CHEMBL3651016,CCOC(=O)c1c[nH]c2ncnc(c3cccc(NC(=O)C#CC)c3)c12,10.14
550,CHEMBL3650996,CCOC(=O)c1c[nH]c2ncnc(c3ccc(F)c(NC(=O)C(=C)C)c3)c12,10.15
551,CHEMBL3639640,CC(=O)N1CCCC(C1)Nc2nc(C)ccc2c3cnc4[nH]cc(Cl)c4n3,10.16
552,CHEMBL3651003,CCOC(=O)c1c[nH]c2ncnc(c3cc(NC(=O)C(=C)C)cc(c3)C#N)c12,10.17
553,CHEMBL3650995,CCOC(=O)c1c[nH]c2ncnc(c3ccc(Cl)c(NC(=O)C=C)c3)c12,10.18
554,CHEMBL3665178,CC(C)(C)NS(=O)(=O)N1CCC[C@@H](C1)Nc2ncccc2c3cnc4[nH]ccc4n3,10.19
555,CHEMBL3665208,CS(=O)(=O)N1CCC[C@@H](C1)Nc2nc(ncc2c3cnc4[nH]ccc4n3)N5CCN(CC5)c6ccccn6,10.19
556,CHEMBL3665126,CC(=O)N1CC[C@@H](C1)Nc2ncccc2c3cnc4[nH]ccc4n3,10.2
557,CHEMBL3665145,CC(=O)N1CCCC(C1)Nc2nc(C)ccc2c3cnc4[nH]ccc4n3,10.22
558,CHEMBL3651042,CCOC(=O)c1c[nH]c2ncnc(c3cccc(NC(=O)C4(C)CO4)c3)c12,10.25
559,CHEMBL3665186,CN(C)c1ncc(c(N[C@H]2CCCN(C2)S(=O)(=O)C)n1)c3cnc4[nH]ccc4n3,10.25
560,CHEMBL3651037,CCOC(=O)c1c[nH]c2ncnc(c3cccc(NC(=O)C(=C)CNS(=O)(=O)C)c3)c12,10.28
561,CHEMBL3665190,CS(=O)(=O)N1CCC[C@@H](C1)Nc2nc(Cl)ncc2c3cnc4[nH]ccc4n3,10.28
562,CHEMBL3665148,CCS(=O)(=O)N1CCCC(C1)Nc2nc(C)ccc2c3cnc4[nH]ccc4n3,10.29
563,CHEMBL3650999,CCOC(=O)c1c[nH]c2ncnc(c3cc(F)cc(NC(=O)C(=C)C)c3)c12,10.3
564,CHEMBL3665198,CS(=O)(=O)N1CCC[C@@H](C1)Nc2nc(NCCN)ncc2c3cnc4[nH]ccc4n3,10.3
565,CHEMBL3665196,CS(=O)(=O)N1CCC[C@@H](C1)Nc2nc(ncc2c3cnc4[nH]ccc4n3)N5CCS(=O)(=O)CC5,10.3
566,CHEMBL3665120,CC(=O)N1CC[C@H](C1)Nc2ncccc2c3cnc4[nH]ccc4n3,10.31
567,CHEMBL3665212,CCN1CCN(CC1)c2ncc(c(N[C@H]3CCCN(C3)S(=O)(=O)C)n2)c4cnc5[nH]ccc5n4,10.31
568,CHEMBL3650987,CCOC(=O)c1c[nH]c2ncnc(c3cc(NC(=O)C(=C)C)nc(OC)c3)c12,10.31
569,CHEMBL3651014,CCOC(=O)c1c[nH]c2ncnc(c3ccnc(NC(=O)C(=C)C)c3)c12,10.31
570,CHEMBL3665130,COC(=O)N1CCCCC(C1)Nc2ncccc2c3cnc4[nH]ccc4n3,10.31
571,CHEMBL3665177,CN(C)S(=O)(=O)N1CCC[C@@H](C1)Nc2ncccc2c3cnc4[nH]ccc4n3,10.32
572,CHEMBL3665185,CSc1ncc(c(N[C@H]2CCCN(C2)S(=O)(=O)C)n1)c3cnc4[nH]ccc4n3,10.32
573,CHEMBL3651017,CCOC(=O)c1c[nH]c2ncnc(c3cccc(NC(=O)C(=C)Br)c3)c12,10.37
574,CHEMBL3665205,CS(=O)(=O)N1CCC[C@@H](C1)Nc2nc(ncc2c3cnc4[nH]ccc4n3)N5CC[C@H](O)C5,10.37
575,CHEMBL3652402,C[C@@H]1C[C@@H](CS(=O)(=O)N2CC[C@H](CO)C2)CC[C@@H]1N(C)c3ncnc4[nH]ccc34,10.38
576,CHEMBL3665195,CC(C)(O)CNc1ncc(c(N[C@H]2CCCN(C2)S(=O)(=O)C)n1)c3cnc4[nH]ccc4n3,10.4
577,CHEMBL3650988,CCOC(=O)c1c[nH]c2ncnc(c3cccc(NC(=O)C=C)c3)c12,10.4
578,CHEMBL3665151,CS(=O)(=O)N1CCCC(CC1)Nc2ncccc2c3cnc4[nH]ccc4n3,10.4
579,CHEMBL3665149,Cc1ccc(c(NC2CCCN(C2)S(=O)(=O)CC3CC3)n1)c4cnc5[nH]ccc5n4,10.4
580,CHEMBL3651032,CCOC(=O)c1c[nH]c2ncnc(c3cccc(NS(=O)(=O)C=C)c3)c12,10.43
581,CHEMBL3652408,COCCOC1CCCN(C1)S(=O)(=O)C[C@@H]2CC[C@H](CC2)N(C)c3ncnc4[nH]ccc34,10.43
582,CHEMBL3665141,C[C@H]1C[C@@H](CN(C1)S(=O)(=O)C)Nc2ncccc2c3cnc4[nH]ccc4n3,10.43
583,CHEMBL3335693,CS(=O)(=O)N1CCC[C@@H](C1)Nc2ncncc2c3cnc4[nH]ccc4n3,10.44
584,CHEMBL3665153,Cc1ccc(c(NC2CCCN(C2)S(=O)(=O)CC3CC3)n1)c4cnc5[nH]cc(Cl)c5n4,10.45
585,CHEMBL3650993,CCOC(=O)c1c[nH]c2ncnc(c3ccc(C)c(NC(=O)C=C)c3)c12,10.48
586,CHEMBL3665191,CCOc1ncc(c(N[C@H]2CCCN(C2)S(=O)(=O)C)n1)c3cnc4[nH]ccc4n3,10.49
587,CHEMBL3665211,CN(C)CCNc1ncc(c(N[C@H]2CCCN(C2)S(=O)(=O)C)n1)c3cnc4[nH]ccc4n3,10.49
588,CHEMBL3335688,CS(=O)(=O)N1CCC[C@@H](C1)Nc2ncccc2c3cnc4[nH]ccc4n3,10.51
589,CHEMBL3665197,COC1CCN(CC1)c2ncc(c(N[C@H]3CCCN(C3)S(=O)(=O)C)n2)c4cnc5[nH]ccc5n4,10.52
590,CHEMBL3665144,CC(C)S(=O)(=O)N1C[C@@H](C)C[C@@H](C1)Nc2ncccc2c3cnc4[nH]ccc4n3,10.53
591,CHEMBL3665189,COc1ncc(c(N[C@H]2CCCN(C2)S(=O)(=O)C)n1)c3cnc4[nH]ccc4n3,10.57
592,CHEMBL3665217,C[C@H]1C[C@@H](CN(C1)S(=O)(=O)C)Nc2nc(ncc2c3cnc4[nH]ccc4n3)N5CCN(C)CC5,10.57
593,CHEMBL3665203,CN(C)C1CCN(CC1)c2ncc(c(N[C@H]3CCCN(C3)S(=O)(=O)C)n2)c4cnc5[nH]ccc5n4,10.59
594,CHEMBL3651030,CCOC(=O)c1c[nH]c2ncnc(c3cccc(NC(=O)C(=C)COC)c3)c12,10.6
595,CHEMBL3665201,CN1CCC(CC1)Nc2ncc(c(N[C@H]3CCCN(C3)S(=O)(=O)C)n2)c4cnc5[nH]ccc5n4,10.6
596,CHEMBL3651040,CCOC(=O)c1c[nH]c2ncnc(c3cccc(NC(=O)C(=C)CF)c3)c12,10.62
597,CHEMBL3651015,CCOC(=O)c1c[nH]c2ncnc(c3cccc(NC(=O)C(=C)F)c3)c12,10.62
598,CHEMBL3665209,CS(=O)(=O)N1CCC[C@@H](C1)Nc2nc(ncc2c3cnc4[nH]ccc4n3)N5CCC(CC(=O)O)CC5,10.63
599,CHEMBL3665167,CC(C)CS(=O)(=O)N1CCC[C@@H](C1)Nc2nccnc2c3cnc4[nH]ccc4n3,10.64
600,CHEMBL3665213,CN(C)[C@@H]1CCN(C1)c2ncc(c(N[C@H]3CCCN(C3)S(=O)(=O)C)n2)c4cnc5[nH]ccc5n4,10.66
601,CHEMBL3665173,CS(=O)(=O)N1CCC[C@@H](C1)Nc2ncccc2c3cnc4[nH]cc(C5CC5)c4n3,10.67
602,CHEMBL3651041,CCOC(=O)c1c[nH]c2ncnc(c3cccc(NC(=O)C(=C)CO)c3)c12,10.7
603,CHEMBL3651060,CCOC(=O)c1c[nH]c2ncnc(c3cccc(NC(=O)\C=C\CN(C)C)c3)c12,10.7
604,CHEMBL3665146,Cc1ccc(c(NC2CCCN(C2)S(=O)(=O)C)n1)c3cnc4[nH]ccc4n3,10.71
605,CHEMBL3665128,CS(=O)(=O)N1CC[C@@H](C1)Nc2ncccc2c3cnc4[nH]ccc4n3,10.75
606,CHEMBL3665171,CS(=O)(=O)N1CCC[C@@H](C1)Nc2ncccc2c3cnc4[nH]cc(C#N)c4n3,10.76
607,CHEMBL3665150,Cc1ccc(c(NC2CCCN(C2)S(=O)(=O)CC(C)(C)C)n1)c3cnc4[nH]ccc4n3,10.78
608,CHEMBL3665215,CC(C)CS(=O)(=O)N1C[C@@H](C)C[C@@H](C1)Nc2nc(ncc2c3cnc4[nH]ccc4n3)N5CCN(C)CC5,10.79
609,CHEMBL3651050,C=CC(=O)Nc1cccc(c1)c2ncnc3[nH]cc(c4ccccc4)c23,10.8
610,CHEMBL3665207,CS(=O)(=O)N1CCC[C@@H](C1)Nc2nc(NC3CCC(CC3)C#N)ncc2c4cnc5[nH]ccc5n4,10.87
611,CHEMBL3665123,CC(=O)N1CCC[C@H](C1)Nc2ncccc2c3cnc4[nH]ccc4n3,10.89
612,CHEMBL3650991,CCOC(=O)c1c[nH]c2ncnc(c3ccc(Cl)c(NC(=O)C(=C)C)c3)c12,10.89
613,CHEMBL3651021,CCOC(=O)c1c[nH]c2ncnc(c3ccc(F)c(NC(=O)C(=C)F)c3)c12,10.89
614,CHEMBL3665206,CS(=O)(=O)N1CCC[C@@H](C1)Nc2nc(ncc2c3cnc4[nH]ccc4n3)N5CC(C5)C#N,10.9
615,CHEMBL3665172,Cc1c[nH]c2ncc(nc12)c3cccnc3N[C@H]4CCCN(C4)S(=O)(=O)C,10.93
616,CHEMBL3665200,CC[C@@H](CO)Nc1ncc(c(N[C@H]2CCCN(C2)S(=O)(=O)C)n1)c3cnc4[nH]ccc4n3,10.96
617,CHEMBL3665193,COCCNc1ncc(c(N[C@H]2CCCN(C2)S(=O)(=O)C)n1)c3cnc4[nH]ccc4n3,10.97
618,CHEMBL3665184,CC(C)CS(=O)(=O)N1CCC[C@@H](C1)Nc2nc(ncc2c3cnc4[nH]ccc4n3)N5CCOCC5,10.98
619,CHEMBL3665122,CS(=O)(=O)N1CC[C@H](C1)Nc2ncccc2c3cnc4[nH]ccc4n3,10.98
