,molecule_chembl_id,canonical_smiles,pchembl_value
0,CHEMBL3641807,CNc1nc(Nc2ccc(cc2O)C(=O)N3CCOCC3)ncc1Cl,7.54
1,CHEMBL2170016,CNc1nc(Nc2ccc(cc2OC)C(=O)N3CCOCC3)ncc1Cl,7.54
2,CHEMBL3122120,CNc1nc(Nc2cnn(C3COC3)c2C)ncc1C(F)(F)F,7.54
3,CHEMBL3651763,COc1nccc2[nH]nc(c3ccnc(c3)N4CCOCC4)c12,7.54
4,CHEMBL3651802,CS(=O)(=O)c1cccc(c1)c2[nH]nc3ccnc(OC4CCOCC4)c23,7.54
5,CHEMBL2347823,CC(C)Nc1c(cnc2cc(ccc12)c3ccc(cc3)S(=O)(=O)C)C#N,7.55
6,CHEMBL2347805,CC(C)Nc1c(cnc2cc(ccc12)c3ccc(cc3)S(=O)(=O)N(C)C)C#N,7.55
7,sunitinib,CCN(CC)CCNC(=O)c1c(C)[nH]c(\C=C\2/C(=O)Nc3ccc(F)cc23)c1C,7.55
8,CHEMBL3641893,CCNc1nc(Nc2ccc(cc2OC(F)(F)F)C(=O)N3CCOCC3)ncc1C(F)(F)F,7.55
9,CHEMBL3797298,CC[C@H]1CNC(=O)c2c(SCC3CC3)sc(c4cc[nH]n4)c12,7.55
10,CHEMBL3641836,CNc1nc(Nc2cc(OC)c(cc2Cl)C(=O)NC(C)(C)C)ncc1Cl,7.55
11,CHEMBL2326726,CNc1nc(Nc2cnn(CC(C)(C)O)c2Cl)ncc1C(F)(F)F,7.55
12,CHEMBL3393354,COc1cccc(c1)c2c[nH]c3ncnc(N4CCOCC4)c23,7.55
13,CHEMBL3393343,N#Cc1cccc(c1)c2c[nH]c3ncnc(N4CCCCC4)c23,7.55
14,CHEMBL3641832,CNc1nc(Nc2cc(OC)c(cc2Cl)C(=O)NC3COC3)ncc1Cl,7.56
15,CHEMBL3651732,C1CC(CCO1)Nc2nccc3[nH]nc(c4ccnc(c4)N5CCOCC5)c23,7.57
16,CHEMBL2333126,CC(C)Nc1c(nnc2cc(ccc12)c3ccc(cc3)S(=O)(=O)C)C(=O)N,7.57
17,CHEMBL2178127,CCNc1nc(Nc2cc(OC)c(cc2Cl)C(=O)N3CCOCC3)ncc1C(F)(F)F,7.57
18,CHEMBL2347811,CN(C)c1c(cnc2cc(ccc12)c3ccc(cc3)S(=O)(=O)C)C#N,7.57
19,CHEMBL2178137,CNc1nc(Nc2cc(F)c(cc2OC)S(=O)(=O)C)ncc1C(F)(F)F,7.57
20,CHEMBL3694809,CNc1nc(Nc2cc3C=NN(C)C(=O)c3cc2OC)ncc1C(F)(F)F,7.57
21,CHEMBL475251,COc1cc(Nc2ncc(F)c(Nc3ccc4OC(C)(C)C(=O)Nc4n3)n2)cc(OC)c1OC,7.57
22,CHEMBL2333130,CS(=O)(=O)c1ccc(cc1)c2ccc3c(NCC4CC4)c(nnc3c2)C(=O)N,7.57
23,CHEMBL2347818,C[C@@H](Nc1c(cnc2cc(ccc12)c3ccc(cc3)N4C=COC4=O)C#N)C5CC5,7.57
24,CHEMBL3651795,O=C(NC1CC1)c2cccc(c2)c3[nH]nc4ccnc(OC5CCOCC5)c34,7.57
25,CHEMBL3641876,CNc1nc(Nc2ccc(cc2OC)C(=O)N3CCC3)ncc1C#N,7.58
26,CHEMBL3641883,COc1cc(ccc1Nc2ncc(Cl)c(NCCS(=O)(=O)C)n2)C(=O)N3CCOCC3,7.58
27,CHEMBL3655540,C1CC(CCO1)Oc2nccc3[nH]nc(c4ccnc(c4)c5ccncc5)c23,7.59
28,CHEMBL3651750,CC(C)n1cc(cn1)c2n[nH]c3ccnc(OCC(F)(F)F)c23,7.59
29,CHEMBL2348965,COc1cccc(Sc2ccc3nnc(c4cncs4)n3n2)c1,7.59
30,CHEMBL3651773,COc1nccc2[nH]nc(c3ccnc(c3)N4CCCC4)c12,7.59
31,CHEMBL3393359,N#Cc1cccc(n1)c2c[nH]c3ncnc(N4CCOCC4)c23,7.59
32,CHEMBL3655562,CNC(=O)c1cccc(c1)c2n[nH]c3ccnc(OC4CCOCC4)c23,7.6
33,CHEMBL3655559,COc1nccc2[nH]nc(c3ccnc(c3)N4C[C@@H](C)O[C@@H](C)C4)c12,7.6
34,CHEMBL3651754,COc1nccc2[nH]nc(c3cnn(CC(F)(F)F)c3)c12,7.6
35,CHEMBL2348946,FC(F)(F)c1cccc(Sc2ccc3nnc(c4nccs4)n3n2)c1,7.6
36,CHEMBL3655543,N#Cc1ccc(cc1)c2cc(ccn2)c3n[nH]c4ccnc(OC5CCOCC5)c34,7.6
37,CHEMBL3393348,N#Cc1cccc(c1)c2c[nH]c3ncnc(N4CCOCC4)c23,7.6
38,CHEMBL3651734,C1CCC(CC1)Oc2nccc3n[nH]c(C4CC4)c23,7.62
39,CHEMBL2178126,CNc1nc(Nc2cc(OC)c(cc2Cl)C(=O)N3CCOCC3)ncc1C(F)(F)F,7.62
40,CHEMBL3641863,CNc1nc(Nc2ccc(cc2C3CC3)C(=O)N4CCOCC4)ncc1Cl,7.62
41,CHEMBL3643948,COc1cc(C(=O)N2CCOCC2)c(Cl)cc1Nc3ncc(c(OC)n3)C(F)(F)F,7.62
42,CHEMBL2347827,CC(C)Nc1c(cnc2cc(ccc12)c3cnc(C)s3)C#N,7.64
43,CHEMBL3651811,COCCOc1nccc2[nH]nc(c3ccnc(c3)N4CCOCC4)c12,7.64
44,CHEMBL3655557,COc1nccc2[nH]nc(c3cnn(c3)C4CCOC4)c12,7.64
45,CHEMBL2333132,CS(=O)(=O)c1ccc(cc1)c2ccc3c(NC4CCOCC4)c(nnc3c2)C(=O)N,7.64
46,CHEMBL2348938,FC(F)(F)c1cccc(Sc2ccc3nnc(c4cccs4)n3n2)c1,7.64
47,CHEMBL3651778,FC1(F)CC1Cn2cnc3ccc(cc23)c4n[nH]c5ccnc(OC6CCOCC6)c45,7.64
48,CHEMBL2178141,CCNc1nc(Nc2cc3CN(CC(C)(C)O)C(=O)c3cc2OC)ncc1C(F)(F)F,7.66
49,CHEMBL3122118,CNc1nc(Nc2cnn(c2Cl)C3(CC3)C#N)ncc1C(F)(F)F,7.66
50,CHEMBL3651760,COc1cc(ccn1)c2n[nH]c3ccnc(OC4CCOCC4)c23,7.66
51,CHEMBL2397013,CS(=O)(=O)O.O=C1Nc2ccc(cc2/C/1=C/c3ccc[nH]3)c4cccnc4,7.66
52,CHEMBL3655539,C1CC(CCO1)Oc2nccc3[nH]nc(c4ccnc(c4)c5cccnc5)c23,7.68
53,CHEMBL3655547,CC(=O)Nc1ccc(cn1)c2cc(ccn2)c3n[nH]c4ccnc(OC5CCOCC5)c34,7.68
54,CHEMBL2178125,CNc1nc(Nc2cc(OC)c(cc2OC)C(=O)N3CCOCC3)ncc1C(F)(F)F,7.68
55,CHEMBL3641862,CNc1nc(Nc2ccc(cc2OC)C(=O)N3CC(F)(F)OC(F)(F)C3)ncc1C#N,7.68
56,CHEMBL2326710,CNc1nc(Nc2ccn(C)n2)ncc1C(F)(F)F,7.68
57,CHEMBL2333121,CC(C)Nc1c(nnc2cc(ccc12)c3cnsc3)C(=O)N,7.7
58,CHEMBL3651775,CC(C)n1cnc2ccc(cc12)c3n[nH]c4ccnc(OC5CCOCC5)c34,7.7
59,CHEMBL3393347,CCN(CC)c1ncnc2[nH]cc(c3cccc(c3)C#N)c12,7.7
60,CHEMBL3643974,CNc1nc(Nc2ccc(cc2C3CC3)C(=O)N4CCOCC4)ncc1C(F)(F)F,7.7
61,CHEMBL2171737,CNc1nc(Nc2ccccc2C)ncc1Cl,7.7
62,CHEMBL3122122,CNc1nc(Nc2cnn(C3CCN(CC3)C4COC4)c2C)ncc1C(F)(F)F,7.7
63,CHEMBL3122105,CNc1nc(Nc2cnn3CC(C)(C)OCc23)ncc1C(F)(F)F,7.7
64,CHEMBL3643949,COc1cc(ccc1Nc2ncc(c(OC)n2)C(F)(F)F)C(=O)N3CCOCC3,7.7
65,CHEMBL2171747,Cc1cc(cc(C)c1C)c2ccc3nc(Nc4ccccc4)nn3c2,7.7
66,CHEMBL3393448,Cc1noc(n1)C2CN(CCO2)c3ncnc4[nH]cc(c5cccc(c5)C#N)c34,7.7
67,CHEMBL3393356,Fc1c(cccc1c2c[nH]c3ncnc(N4CCOCC4)c23)C#N,7.7
68,CHEMBL3643995,CCNc1nc(Nc2cc(F)c(cc2OC)C(=O)N3C[C@@H](C)O[C@@H](C)C3)ncc1C#N,7.71
69,CHEMBL3651776,C1CC(CCO1)Oc2nccc3[nH]nc(c4ccc5c(c4)ncn5C6COC6)c23,7.72
70,CHEMBL2347804,CC(C)Nc1c(cnc2cc(ccc12)c3ccc(cc3)S(=O)(=O)N4CCCC4)C#N,7.72
71,CHEMBL3651742,CC(C)Oc1nccc2[nH]nc(c3cc(C(=O)N4CCCCC4)n(c3)C(C)C)c12,7.72
72,CHEMBL3655560,CC(C)Oc1nccc2[nH]nc(c3cc(C(=O)N4CCOCC4)n(c3)C(C)C)c12,7.72
73,CHEMBL3643945,COc1cc(C(=O)N2CCOCC2)c(F)cc1Nc3ncc(c(OC)n3)C(F)(F)F,7.72
74,CHEMBL2333129,CS(=O)(=O)c1ccc(cc1)c2ccc3c(NC4CCC4)c(nnc3c2)C(=O)N,7.72
75,CHEMBL3643955,FC(F)(F)c1cnc(Nc2ccc(cc2Br)C(=O)N3CCOCC3)nc1N4CCCC4,7.72
76,CHEMBL3122117,CNc1nc(Nc2cnn([C@H]3CCN(C[C@@H]3F)C4COC4)c2Cl)ncc1C(F)(F)F,7.73
77,CHEMBL3641878,COc1cc(ccc1Nc2ncc(Cl)c(NC3CCOC3)n2)C(=O)N4CCOCC4,7.74
78,CHEMBL2333116,CC(C)Nc1c(nnc2cc(ccc12)c3cn[nH]c3)C(=O)N,7.75
79,CHEMBL3651741,CC(C)Oc1nccc2[nH]nc(c3cc(C(=O)N(C)C)n(c3)C(C)C)c12,7.75
80,CHEMBL3655544,CN(C)C(=O)c1cccc(c1)c2cc(ccn2)c3n[nH]c4ccnc(OC5CCOCC5)c34,7.75
81,CHEMBL3676108,CNc1nc(Nc2ccc(cc2Cl)c3nnn(C)n3)ncc1C(F)(F)F,7.75
82,CHEMBL3122106,CNc1nc(Nc2cnn3CCOCc23)ncc1C(F)(F)F,7.75
83,CHEMBL3641906,COc1cc(ccc1Nc2ncc(Cl)c(n2)N3CCCC3)C(=O)N4CCOCC4,7.75
84,CHEMBL3393443,C[C@@H]1CN(CCO1)c2ncnc3[nH]cc(c4cccc(c4)C#N)c23,7.75
85,CHEMBL3393441,Cc1cncc(c1)c2c[nH]c3ncnc(N4CCOCC4)c23,7.75
86,CHEMBL2348945,FC(F)(F)c1cccc(Sc2ccc3nnc(c4cncs4)n3n2)c1,7.75
87,CHEMBL2178138,CCNc1nc(Nc2cnc(cc2OC)C(=O)N3CCOCC3)ncc1C(F)(F)F,7.77
88,CHEMBL3643976,CNc1nc(Nc2ccc(cc2Cl)C(=O)N3CCOCC3)ncc1C(F)(F)F,7.77
89,CHEMBL2333134,CS(=O)(=O)c1ccc(cc1)c2ccc3c(NC4CCOC4)c(nnc3c2)C(=O)N,7.77
90,CHEMBL3651792,N#CCc1cccc(c1)c2[nH]nc3ccnc(OC4CCOCC4)c23,7.77
91,CHEMBL3651731,O=C(CCc1[nH]nc2ccnc(NC3CCCCC3)c12)N4CCN(CC4)C5CC5,7.77
92,CHEMBL2333112,CC(C)Nc1c(nnc2cc(ccc12)c3ccncc3)C(=O)N,7.8
93,CHEMBL3651810,CC(Oc1nccc2[nH]nc(c3ccnc(c3)N4CCOCC4)c12)C(F)(F)F,7.8
94,CHEMBL2178133,CNc1nc(Nc2cc(F)c(cc2OC)C(=O)N3CCOCC3)ncc1C(F)(F)F,7.8
95,CHEMBL2347810,CS(=O)(=O)c1ccc(cc1)c2ccc3c(N4CCC4)c(cnc3c2)C#N,7.8
96,CHEMBL1933288,C[C@@H]1CCNC(=O)c2cc3ccc(cc3n12)C(=O)Nc4nc5ccccc5n4CCCN(C)C,7.8
97,CHEMBL3393341,C[C@H]1CCCN(C1)c2ncnc3[nH]cc(c4cccc(c4)C#N)c23,7.8
98,CHEMBL3641804,CNc1nc(Nc2ccc(cc2OC(C)C)C(=O)N3CCOCC3)ncc1Cl,7.81
99,CHEMBL3393346,CN(C)c1ncnc2[nH]cc(c3cccc(c3)C#N)c12,7.82
100,CHEMBL3639544,CNC(=O)c1cccc(c1)c2cc(ccn2)c3n[nH]c4ccnc(OC5CCOCC5)c34,7.82
101,CHEMBL3676116,CNc1nc(Nc2ccc(cc2OC)c3conc3)ncc1Cl,7.82
102,CHEMBL2206014,Oc1c(Br)cc(\C=C\2/C(=O)Nc3ccc(Cl)cc23)cc1Br,7.82
103,CHEMBL2178132,CNc1nc(Nc2ccc(C(=O)N3CCOCC3)c(F)c2OC)ncc1C(F)(F)F,7.84
104,CHEMBL3651785,C1CC(CCO1)Oc2nccc3[nH]nc(c4ccc5nc[nH]c5c4)c23,7.85
105,CHEMBL3393353,C1CN(CCO1)c2ncnc3[nH]cc(c4ccccc4)c23,7.85
106,CHEMBL2347826,CC(C)Nc1c(cnc2cc(ccc12)c3ccc(cc3)S(=O)(=O)N4CCOCC4)C#N,7.85
107,CHEMBL3122116,CNc1nc(Nc2cn(nc2C)[C@H]3CCN(C[C@H]3F)C4COC4)ncc1C(F)(F)F,7.85
108,CHEMBL3641859,COCCOc1nc(Nc2ccc(cc2OC3CCC3)C(=O)N4CCOCC4)ncc1Cl,7.85
109,CHEMBL3641814,COc1cc(ccc1Nc2ncc(Cl)c(NCC3CCOC3)n2)C(=O)N4CCOCC4,7.85
110,CHEMBL2403367,COc1ccc2NC(=O)\C(=C/c3cc4CN(CCc4[nH]3)C(=O)C)\c2c1,7.85
111,CHEMBL3651744,COc1nccc2[nH]nc(c3cc(C(=O)NC4COC4)n(c3)C(C)C)c12,7.85
112,CHEMBL3651730,O=C(CCc1[nH]nc2ccnc(OC3CCCCC3)c12)N4CCC[C@@H](C4)c5ccccc5,7.85
113,CHEMBL3641844,CNc1nc(Nc2cc(OC)c(cc2Cl)C(=O)NC3(CC3)C#N)ncc1Cl,7.86
114,CHEMBL3641899,CNc1nc(Nc2ccc(cc2OC)C(=O)N3C[C@H](F)[C@@H](F)C3)ncc1C#N,7.87
115,CHEMBL3641858,COCCNc1nc(Nc2ccc(cc2OC(C)C)C(=O)N3CCOCC3)ncc1Br,7.87
116,CHEMBL3651784,C1CC(CCO1)Oc2nccc3[nH]nc(c4ccc5cn[nH]c5c4)c23,7.89
117,CHEMBL3651816,C1CC(CCO1)Oc2nccc3[nH]nc(c4cnn(c4)C5CCOCC5)c23,7.89
118,CHEMBL3651818,C1CC(CO1)Oc2nccc3[nH]nc(c4ccnc(c4)N5CCOCC5)c23,7.89
119,CHEMBL3651751,CC(C)n1cc(cn1)c2n[nH]c3ccnc(OC(C)C(F)(F)F)c23,7.89
120,CHEMBL2171742,CNc1nc(Nc2ccc(cc2Br)C(=O)N3CCOCC3)ncc1Cl,7.89
121,CHEMBL2171743,CNc1nc(Nc2ccc(cc2OC)C(=O)N3CCOCC3)ncc1Br,7.89
122,CHEMBL2171746,CNc1nc(Nc2ccc(cc2OC)C(=O)N3CCOCC3)ncc1C#N,7.89
123,CHEMBL3643970,CNc1nc(Nc2ccc(cc2OC3COC3)C(=O)N4CCOCC4)ncc1Cl,7.89
124,CHEMBL3641789,COc1cc(ccc1Nc2ncc(Cl)c(OC(C)C)n2)C(=O)N3CCOCC3,7.89
125,CHEMBL2012582,COc1cc(ccc1Nc2ncc3N(C)C(=O)c4ccccc4N(C)c3n2)C(=O)N5CCC(CC5)N6CCN(C)CC6,7.89
126,CHEMBL3393355,Clc1cccc(c1)c2c[nH]c3ncnc(N4CCOCC4)c23,7.89
127,CHEMBL2347809,Cn1cc(cn1)c2ccc3c(N4CCC4)c(cnc3c2)C#N,7.89
128,CHEMBL3651786,Cn1ncc2cc(ccc12)c3n[nH]c4ccnc(OC5CCOCC5)c34,7.89
129,CHEMBL2348944,FC(F)(F)c1cccc(Sc2ccc3nnc(c4ccn[nH]4)n3n2)c1,7.89
130,CHEMBL3655545,C1CC(CCO1)Oc2nccc3[nH]nc(c4ccnc(c4)c5cn[nH]c5)c23,7.92
131,CHEMBL3651791,C1CC(CCO1)Oc2nccc3[nH]nc(c4cnc5ccccc5c4)c23,7.92
132,CHEMBL2333120,CC(C)Nc1c(nnc2cc(ccc12)N3CCOCC3)C(=O)N,7.92
133,CHEMBL2333118,CC(C)Nc1c(nnc2cc(ccc12)c3cnn(C)c3)C(=O)N,7.92
134,CHEMBL3655551,CCn1cc(cn1)c2cc(ccn2)c3n[nH]c4ccnc(OC5CCOCC5)c34,7.92
135,CHEMBL3681034,CNc1nc(Nc2cc(F)c(cc2OC)c3oc(C)nn3)ncc1C(F)(F)F,7.92
136,CHEMBL3681041,CNc1nc(Nc2cc(OC)c(cc2Cl)c3oc(C)nn3)ncc1Cl,7.92
137,CHEMBL3641872,CNc1nc(Nc2ccc(cc2OC)C(=O)NCC(F)F)ncc1C#N,7.92
138,CHEMBL3641905,COc1cc(ccc1Nc2ncc(Cl)c(n2)N3CCCCC3)C(=O)N4CCOCC4,7.92
139,CHEMBL3393439,Cn1cc(cn1)c2c[nH]c3ncnc(N4CCOCC4)c23,7.92
140,CHEMBL3641822,CNc1nc(Nc2cc(OC)c(cc2Cl)C(=O)N(C)C)ncc1Cl,7.93
141,CHEMBL3641825,CNC(=O)c1cc(Cl)c(Nc2ncc(Cl)c(NC)n2)cc1OC,7.95
142,CHEMBL3643993,CNc1nc(Nc2cc(F)c(cc2OC)C(=O)N3CCOCC3)ncc1C#N,7.95
143,CHEMBL3641894,CNc1nc(Nc2ccc(cc2OC(F)(F)F)C(=O)N3CCOCC3)ncc1C(F)(F)F,7.95
144,CHEMBL3651756,C(C1CCOCC1)n2cc(cn2)c3n[nH]c4ccnc(OC5CCOCC5)c34,7.96
145,CHEMBL3655549,CC(=O)Nc1ccc(cc1)c2cc(ccn2)c3n[nH]c4ccnc(OC5CCOCC5)c34,7.96
146,CHEMBL2436978,CN1CCN(Cc2ccc(cc2)c3cnc4[nH]cc(c5ccc6[nH]ccc6c5)c4c3)CC1,7.96
147,CHEMBL2178130,CNc1nc(Nc2cc(C)c(cc2OC)C(=O)N3CCOCC3)ncc1C(F)(F)F,7.96
148,CHEMBL3641824,CNc1nc(Nc2cc(OC)c(cc2Cl)C(=O)NCCO)ncc1Cl,7.96
149,CHEMBL3681036,CNc1nc(Nc2cc(OC)c(cc2Cl)c3cnn(C)c3)ncc1C(F)(F)F,7.96
150,CHEMBL2171736,CNc1nc(Nc2ccccc2)ncc1Cl,7.96
151,CHEMBL2326711,CNc1nc(Nc2ccnn2C)ncc1C(F)(F)F,7.96
152,CHEMBL3122121,CNc1nc(Nc2cnn(C3CCOCC3)c2C)ncc1C(F)(F)F,7.96
153,CHEMBL2403366,COc1ccc2NC(=O)\C(=C/c3cc4CN(CCc4[nH]3)C(=O)CCN)\c2c1,7.96
154,CHEMBL2204495,Fc1cc(ccn1)c2ccc(OCc3ccccc3)c(c2)C(=O)Nc4cccnc4,7.96
155,CHEMBL2178142,COc1cc(ccc1Nc2ncc(Cl)c(OC)n2)C(=O)N3CCOCC3,7.98
156,CHEMBL3651780,C1CC(CCO1)Oc2nccc3[nH]nc(c4ccc5c(c4)ncn5C6CCOC6)c23,8.0
157,CHEMBL3655548,CC(=O)Nc1cccc(c1)c2cc(ccn2)c3n[nH]c4ccnc(OC5CCOCC5)c34,8.0
158,CHEMBL2178140,CCNc1nc(Nc2cc(F)c(cc2OC)C(=O)NCC(C)(C)O)ncc1C(F)(F)F,8.0
159,CHEMBL3681048,CNc1nc(Nc2cc(F)c(cc2OC)c3cnn(c3)C4COC4)ncc1C(F)(F)F,8.0
160,CHEMBL3676124,CNc1nc(Nc2cc(F)c(cc2OC)c3nnnn3C)ncc1C(F)(F)F,8.0
161,CHEMBL3694815,CNc1nc(Nc2cc3CN(CC(C)(C)O)C(=O)c3cc2OC)ncc1C(F)(F)F,8.0
162,CHEMBL3676120,CNc1nc(Nc2ccc(cc2OC)c3nnn(C)n3)ncc1C(F)(F)F,8.0
163,CHEMBL3681052,CNc1nc(Nc2ccc(cc2OC)n3nc(C)cc3COC)ncc1C(F)(F)F,8.0
164,CHEMBL2348943,COC(=O)C(C)Sc1ccc2ncc(c3cccs3)n2n1,8.0
165,CHEMBL2171735,Cc1ccccc1Nc2nc3ccc(cn3n2)c4cc(C)c(O)c(C)c4,8.0
166,CHEMBL3651770,Cn1cc(cn1)c2cc(ccn2)c3n[nH]c4ccnc(OC5CCOCC5)c34,8.0
167,CHEMBL3641896,CCNc1nc(Nc2cc(F)c(cc2OC)C(=O)N(C)C)ncc1C#N,8.01
168,CHEMBL3641870,CCNC(=O)c1ccc(Nc2ncc(C#N)c(NC)n2)c(OC)c1,8.02
169,CHEMBL3641891,COC(C)CNc1nc(Nc2ccc(cc2OC)C(=O)N3CCOCC3)ncc1Cl,8.02
170,CHEMBL3641818,COCCNc1nc(Nc2ccc(cc2OCC(F)(F)F)C(=O)N3CCOCC3)ncc1Cl,8.02
171,CHEMBL3641828,CCNc1nc(Nc2cc(OC)c(cc2Cl)C(=O)NCCOC)ncc1C(F)(F)F,8.03
172,CHEMBL3641823,CNc1nc(Nc2cc(OC)c(cc2Cl)C(=O)N)ncc1Cl,8.03
173,CHEMBL3641879,CNc1nc(Nc2ccc(cc2OC(C)C)C(=O)N3CCOCC3)ncc1C(F)(F)F,8.03
174,CHEMBL3641866,CNc1nc(Nc2ccc(cc2OC)C(=O)N3CC[C@H](F)C3)ncc1C#N,8.03
175,CHEMBL3641817,COCCNc1nc(Nc2ccc(cc2OC)C(=O)N3CCOCC3)ncc1Cl,8.03
176,CHEMBL3643978,COc1cc(C(=O)N2CCOCC2)c(Cl)cc1Nc3ncc(Br)c(OC)n3,8.03
177,CHEMBL3641902,CNc1nc(Nc2cc(F)c(cc2OC)C(=O)N(C)CC(C)(C)O)ncc1C(F)(F)F,8.04
178,CHEMBL3651769,C1CN(C1)c2cc(ccn2)c3n[nH]c4ccnc(OC5CCOCC5)c34,8.05
179,CHEMBL3694810,CCN1Cc2c(OC)c(Nc3ncc(c(NC)n3)C(F)(F)F)ccc2C1=O,8.05
180,CHEMBL2178134,CCNc1nc(Nc2cc(F)c(cc2OC)C(=O)N3CCOCC3)ncc1C(F)(F)F,8.05
181,CHEMBL3643981,CCOc1cc(C(=O)N2CCOCC2)c(F)cc1Nc3ncc(c(NC)n3)C(F)(F)F,8.05
182,CHEMBL3655550,CN(C)C(=O)c1ccc(cc1)c2cc(ccn2)c3n[nH]c4ccnc(OC5CCOCC5)c34,8.05
183,CHEMBL2347825,CNS(=O)(=O)c1ccc(cc1)c2ccc3c(NC(C)C)c(cnc3c2)C#N,8.05
184,CHEMBL3641829,CNc1nc(Nc2cc(OC)c(cc2Cl)C(=O)N3CCNCC3)ncc1Cl,8.05
185,CHEMBL3641886,CNc1nc(Nc2ccc(CC(=O)N3CCOCC3)cc2OC)ncc1Cl,8.05
186,CHEMBL2171745,CNc1nc(Nc2ccc(cc2OC)C(=O)N3CCOCC3)ncc1C(F)(F)F,8.05
187,CHEMBL3694812,CNc1nc(Nc2ccc3C(=O)N(Cc3c2OC)C4COC4)ncc1C(F)(F)F,8.05
188,CHEMBL2178139,CNc1nc(Nc2cnc(cc2OC)C3CCOCC3)ncc1C(F)(F)F,8.05
189,CHEMBL2326725,CNc1nc(Nc2cnn(CC(C)(C)O)c2C)ncc1C(F)(F)F,8.05
190,CHEMBL2403369,COc1ccc2NC(=O)\C(=C/c3cc4CN(CCc4[nH]3)C(=O)N5CCN(C)CC5)\c2c1,8.05
191,CHEMBL3655542,N#Cc1cccc(c1)c2cc(ccn2)c3n[nH]c4ccnc(OC5CCOCC5)c34,8.05
192,CHEMBL3641885,CNc1nc(Nc2cc(OC)c(CC(=O)N3CCOCC3)cc2OC)ncc1Cl,8.06
193,CHEMBL3641831,CNc1nc(Nc2cc(OC)c(cc2Cl)C(=O)N3CCC(O)C3)ncc1Cl,8.07
194,CHEMBL3641875,CNc1nc(Nc2ccc(cc2OC)C(=O)N3CCC(F)(F)C3)ncc1C#N,8.09
195,CHEMBL3655553,CC(C)n1cc(cc1C(=O)N2CCC2)c3n[nH]c4ccnc(OC5CCOCC5)c34,8.1
196,CHEMBL3641903,CNc1nc(Nc2cc(F)c(cc2OC)C(=O)N3C[C@@H](C)O[C@@H](C)C3)ncc1C(F)(F)F,8.1
197,CHEMBL3643954,CNc1nc(Nc2cc(OC)c(cc2Cl)C(=O)N3CC(C)OC(C)C3)ncc1C(F)(F)F,8.1
198,CHEMBL3641849,CNc1nc(Nc2cc(OC)c(cc2Cl)C(=O)NCC(C)(C)O)ncc1C(F)(F)F,8.1
199,CHEMBL3676112,CNc1nc(Nc2cc(OC)c(cc2Cl)c3oc(C)nn3)ncc1C(F)(F)F,8.1
200,CHEMBL3694805,CNc1nc(Nc2cc3OC(C)(C)C(=O)N(C)c3cc2OC)ncc1C(F)(F)F,8.1
201,CHEMBL2178136,CNc1nc(Nc2ccc(cc2Cl)c3nnnn3C)ncc1C(F)(F)F,8.1
202,CHEMBL3641803,CNc1nc(Nc2ccc(cc2OC)C(=O)N3CCN(CC3)C4COC4)ncc1Br,8.1
203,CHEMBL2326713,CNc1nc(Nc2cn(C)nc2C)ncc1C(F)(F)F,8.1
204,CHEMBL2403371,COc1ccc2NC(=O)\C(=C/c3[nH]c4CCN(Cc4c3Cl)C(=O)C)\c2c1,8.1
205,CHEMBL3393449,Cc1onc(n1)[C@@H]2CN(CCO2)c3ncnc4[nH]cc(c5cccc(c5)C#N)c34,8.1
206,CHEMBL2348963,Clc1cccc(Sc2ccc3nnc(c4cncs4)n3n2)c1,8.1
207,CHEMBL3393344,N#Cc1cccc(c1)c2c[nH]c3ncnc(N4CCCC4)c23,8.1
208,CHEMBL3641840,CNc1nc(Nc2cc(OC)c(cc2Cl)C(=O)N(C)CCO)ncc1Cl,8.11
209,CHEMBL3641826,CNc1nc(Nc2cc(OC)c(cc2Cl)C(=O)N3CCC(F)(F)CC3)ncc1Cl,8.11
210,CHEMBL509032,COc1cc(ccc1Nc2ncc(Cl)c(Nc3ccccc3S(=O)(=O)C(C)C)n2)N4CCC(CC4)N5CCN(C)CC5,8.11
211,CHEMBL3641835,CNc1nc(Nc2cc(OC)c(cc2Cl)C(=O)N3CCCC3)ncc1Cl,8.13
212,CHEMBL3643975,CNc1nc(Nc2ccc(cc2Br)C(=O)N3CCOCC3)ncc1C(F)(F)F,8.13
213,CHEMBL2171741,CNc1nc(Nc2ccc(cc2C)C(=O)N3CCOCC3)ncc1Cl,8.13
214,CHEMBL2403377,CC(=O)N1CCc2[nH]c(\C=C\3/C(=O)Nc4ccc(cc34)C#N)cc2C1,8.16
215,CHEMBL2347824,CC(C)Nc1c(cnc2cc(ccc12)c3cnn(C)c3)C#N,8.16
216,CHEMBL3651804,CC(C)c1nc(n[nH]1)c2n[nH]c3ccnc(NC4CCOCC4)c23,8.16
217,CHEMBL3655556,CC(C)n1cc(cn1)c2n[nH]c3ccnc(OC4CCOC4)c23,8.16
218,CHEMBL3681033,CCNc1nc(Nc2cc(F)c(cc2OC)c3oc(C)nn3)ncc1C(F)(F)F,8.16
219,CHEMBL3651809,CN1C=CC=C(Nc2n[nH]c3ccnc(OC4CCOCC4)c23)C1=O,8.16
220,CHEMBL2178129,CNc1nc(Nc2cc(C)c(cc2Cl)C(=O)N3CCOCC3)ncc1C(F)(F)F,8.16
221,CHEMBL2178124,CNc1nc(Nc2cc(Cl)c(cc2OC)C(=O)N3CCOCC3)ncc1C(F)(F)F,8.16
222,CHEMBL3641839,CNc1nc(Nc2cc(OC)c(cc2Cl)C(=O)N3CCOC(CO)C3)ncc1Cl,8.16
223,CHEMBL2178131,CNc1nc(Nc2cc(OC)c(cc2F)C(=O)N3CCOCC3)ncc1C(F)(F)F,8.16
224,CHEMBL3694807,CNc1nc(Nc2cc3CCN(C)C(=O)c3cc2OC)ncc1C(F)(F)F,8.16
225,CHEMBL3676117,CNc1nc(Nc2ccc(cc2OC)c3nccn3C)ncc1Cl,8.16
226,CHEMBL3676114,CNc1nc(Nc2ccc(cc2OC)c3nnnn3C)ncc1Cl,8.16
227,CHEMBL3694803,CNc1nc(Nc2ccc3C(=O)N(Cc3c2OC)C4CC4)ncc1C(F)(F)F,8.16
228,CHEMBL2171740,CNc1nc(Nc2ccccc2OC(F)F)ncc1Cl,8.16
229,CHEMBL3641857,COCCNc1nc(Nc2cc(F)c(cc2OC)C(=O)N3CCOCC3)ncc1Br,8.16
230,CHEMBL2397014,COc1cc(ccc1Nc2ncc(F)c(Nc3ccccc3NS(=O)(=O)C)n2)N4CCOCC4,8.16
231,CHEMBL2403368,COc1ccc2NC(=O)\C(=C/c3cc4CN(CCc4[nH]3)C(=O)c5cnoc5C)\c2c1,8.16
232,CHEMBL2333128,C[C@@H](Nc1c(nnc2cc(ccc12)c3ccc(cc3)S(=O)(=O)C)C(=O)N)C4CC4,8.16
233,CHEMBL3393444,C[C@H]1CN(CCO1)c2ncnc3[nH]cc(c4cccc(c4)C#N)c23,8.16
234,CHEMBL3641868,CCN(CC)C(=O)c1ccc(Nc2ncc(C#N)c(NC)n2)c(OC)c1,8.17
235,CHEMBL3641837,CNc1nc(Nc2cc(OC)c(cc2Cl)C(=O)N(C)C)ncc1C(F)(F)F,8.17
236,CHEMBL3641877,CNc1nc(Nc2ccc(cc2OC)C(=O)N(C)C(C)C)ncc1C#N,8.17
237,CHEMBL3641867,CNC(=O)c1ccc(Nc2ncc(C#N)c(NC)n2)c(OC)c1,8.18
238,CHEMBL3643992,CCNc1nc(Nc2cc(F)c(cc2OC)C(=O)N3CCOCC3)ncc1C#N,8.19
239,CHEMBL3641797,CNc1nc(Nc2ccc(cc2OC)C(=O)N3CCC(C3)C(F)(F)F)ncc1Br,8.19
240,CHEMBL3641864,CNc1nc(Nc2ccc(cc2OC)C(=O)NC3CC(F)(F)C3)ncc1C#N,8.19
241,CHEMBL3643971,CNc1nc(Nc2ccc(cc2OCC3CC3)C(=O)N4CCOCC4)ncc1C(F)(F)F,8.19
242,CHEMBL3641854,CNc1nc(Nc2cc(OC)c(cc2Cl)C(=O)N(C)CC(C)(C)O)ncc1C(F)(F)F,8.2
243,CHEMBL3641861,CNc1nc(Nc2ccc(cc2OC)C(=O)N3CC4(COC4)C3)ncc1Cl,8.2
244,CHEMBL3641860,CNc1nc(Nc2ccc(cc2OC3CCCC3)C(=O)N4CC5(COC5)C4)ncc1Cl,8.2
245,CHEMBL3641773,CNc1nc(Nc2ccc(cc2OC)C(=O)N3CC(C)CC(C)C3)ncc1Cl,8.21
246,CHEMBL2348962,Brc1cccc(Sc2ccc3nnc(c4cncs4)n3n2)c1,8.22
247,CHEMBL3651739,C1CCC(C1)n2cc(cn2)c3n[nH]c4ccnc(OC5CCOCC5)c34,8.22
248,CHEMBL3655552,CC(C)Oc1nccc2[nH]nc(c3cc(C(=O)N4CCCC4)n(c3)C(C)C)c12,8.22
249,CHEMBL3651767,CC1CCCN(C1)c2cc(ccn2)c3n[nH]c4ccnc(OC5CCOCC5)c34,8.22
250,CHEMBL2326716,CCn1cc(Nc2ncc(c(NC)n2)C(F)(F)F)c(C)n1,8.22
251,CHEMBL3651733,CN1CCN(CC1)c2cc(ccn2)c3n[nH]c4ccnc(OC5CCOCC5)c34,8.22
252,CHEMBL3604124,CN1CCN(CC1)c2ccc(OCc3ccccc3)c(c2)C(=O)Nc4cccnc4,8.22
253,CHEMBL3643979,CNc1nc(Nc2cc(OC)c(cc2Cl)C(=O)N3CCOCC3)ncc1Cl,8.22
254,CHEMBL3694816,CNc1nc(Nc2cc3CN(C4COC4)C(=O)c3cc2OC)ncc1C(F)(F)F,8.22
255,CHEMBL3694818,CNc1nc(Nc2cc3c(cc2Cl)c(cn3C)C(=O)N(C)C)ncc1C(F)(F)F,8.22
256,CHEMBL2171748,CNc1nc(Nc2ccc(cc2)C(=O)N3CCOCC3)ncc1Cl,8.22
257,CHEMBL3641892,CNc1nc(Nc2ccc(cc2C)C(=O)N3CCC(O)CC3)ncc1Cl,8.22
258,CHEMBL3641819,CNc1nc(Nc2ccc(cc2Cl)C(=O)N3CCOCC3)ncc1Cl,8.22
259,CHEMBL3641769,CNc1nc(Nc2ccc(cc2OC)C(=O)N(C)C)ncc1Cl,8.22
260,CHEMBL2171738,CNc1nc(Nc2ccccc2OC)ncc1Cl,8.22
261,CHEMBL2326720,CNc1nc(Nc2cn(CCOC)nc2C)ncc1C(F)(F)F,8.22
262,CHEMBL2326718,CNc1nc(Nc2cn(nc2C)C(C)C)ncc1C(F)(F)F,8.22
263,CHEMBL2326723,CNc1nc(Nc2cnn(CCC#N)c2C)ncc1C(F)(F)F,8.22
264,CHEMBL3122107,CNc1nc(Nc2cnn3C[C@H](C)OC(C)c23)ncc1C(F)(F)F,8.22
265,CHEMBL3643980,COc1cc(ccc1Nc2ncc(Cl)c(OC)n2)C(=O)N3CCCC3,8.22
266,CHEMBL2333113,C[C@@H](Nc1c(nnc2cc(ccc12)c3ccncc3)C(=O)N)C4CC4,8.22
267,CHEMBL3651757,FC(F)(F)Cn1cc(cn1)c2n[nH]c3ccnc(OC4CCOCC4)c23,8.22
268,CHEMBL3643984,CNc1nc(Nc2cc(F)c(cc2OC)C(=O)N(C)CCOC)ncc1C(F)(F)F,8.23
269,CHEMBL3641841,CNc1nc(Nc2cc(OC)c(cc2Cl)C(=O)N3CCCOCC3)ncc1Cl,8.24
270,CHEMBL3641821,COCCOc1nc(Nc2ccc(cc2OC)C(=O)N3CCOCC3)ncc1Br,8.24
271,CHEMBL3639407,COc1cc(CC(=O)N2CCOCC2)ccc1Nc3ncc(Br)c(OC)n3,8.25
272,CHEMBL3641782,CCC1(CC)CN(CCO1)C(=O)c2ccc(Nc3ncc(Cl)c(NC)n3)c(OC)c2,8.26
273,CHEMBL3641874,CCN(C(C)C)C(=O)c1ccc(Nc2ncc(C#N)c(NC)n2)c(OC)c1,8.27
274,CHEMBL3641843,CNc1nc(Nc2cc(OC)c(cc2Cl)C(=O)N3CC(O)C3)ncc1Cl,8.27
275,CHEMBL3641833,CNc1nc(Nc2cc(OC)c(cc2Cl)C(=O)NC3CC3)ncc1C(F)(F)F,8.28
276,CHEMBL3641887,CNc1nc(Nc2ccc(CC(=O)N3CCOCC3)cc2OC)ncc1C(F)(F)F,8.28
277,CHEMBL3641775,CNc1nc(Nc2ccc(cc2OC)C(=O)N3CCC3)ncc1Cl,8.28
278,CHEMBL3643972,CNc1nc(Nc2ccc(cc2OCC3CCC3)C(=O)N4CCOCC4)ncc1C(F)(F)F,8.28
279,CHEMBL3643982,CNc1nc(Nc2ccc(cc2OC)C(=O)N(C)CCOC)ncc1C(F)(F)F,8.29
280,CHEMBL3641787,CNc1nc(Nc2ccc(cc2OC)C(=O)N)ncc1Cl,8.29
281,CHEMBL3641802,CNc1nc(Nc2ccc(cc2OC)C(=O)N3CC[C@@H](O)C3)ncc1Br,8.29
282,CHEMBL3651788,C1CC(CCO1)Oc2nccc3[nH]cc(c4cnn(c4)[C@@H]5CCOC5)c23,8.3
283,CHEMBL3651758,C1CC(CCO1)Oc2nccc3[nH]nc(c4cnn(c4)C5CCOC5)c23,8.3
284,CHEMBL2333115,CC(C)Nc1c(nnc2ccc(cc12)c3cn[nH]c3)C(=O)N,8.3
285,CHEMBL3643944,CCNc1nc(Nc2cc(OC)c(cc2Cl)C(=O)N3CCOCC3)ncc1Cl,8.3
286,CHEMBL3681051,CNc1nc(Nc2cc(F)c(cc2OC)n3nc(C)cc3COC)ncc1C(F)(F)F,8.3
287,CHEMBL3641900,CNc1nc(Nc2cc(OC)c(cc2Cl)C(=O)N3CCC(C3)OC)ncc1C(F)(F)F,8.3
288,CHEMBL3681032,CNc1nc(Nc2cc(OC)c(cc2Cl)c3ccnn3C)ncc1C(F)(F)F,8.3
289,CHEMBL3694800,CNc1nc(Nc2cc3C(=O)N(C)Cc3cc2OC)ncc1C(F)(F)F,8.3
290,CHEMBL3694813,CNc1nc(Nc2cc3CN(C)C(=O)c3cc2OC)ncc1C(F)(F)F,8.3
291,CHEMBL3694799,CNc1nc(Nc2cc3nc(C)oc3cc2Cl)ncc1C(F)(F)F,8.3
292,CHEMBL2326722,CNc1nc(Nc2cn(CCC#N)nc2C)ncc1C(F)(F)F,8.3
293,CHEMBL3122114,CNc1nc(Nc2cnn(c2C)C(C)(C)C#N)ncc1C(F)(F)F,8.3
294,CHEMBL2436982,COc1cc(cc(OC)c1OC)c2cnc3[nH]cc(c4ccc(N)nc4)c3c2,8.3
295,CHEMBL3641811,COc1cc(ccc1Nc2ncc(Br)c(OC)n2)C(=O)N3CC(C3)N4CCOCC4,8.3
296,CHEMBL2178123,COc1cc(ccc1Nc2ncc(Br)c(OC)n2)C(=O)N3CCOCC3,8.3
297,CHEMBL3651759,Cc1cc(cc(C)n1)c2n[nH]c3ccnc(OC4CCOCC4)c23,8.3
298,CHEMBL3651781,Clc1ccccc1C#Cc2[nH]nc3ccnc(OC4CCOCC4)c23,8.3
299,CHEMBL3393446,N#CCC1CN(CCO1)c2ncnc3[nH]cc(c4cccc(c4)C#N)c23,8.3
300,CHEMBL3643964,CNc1nc(Nc2ccc(cc2OC)C(=O)N3CC(C)OC(C)C3)ncc1C(F)(F)F,8.31
301,CHEMBL3641853,CNC(=O)c1cc(OC)c(Nc2ncc(c(NC)n2)C(F)(F)F)cc1F,8.33
302,CHEMBL3641780,CNc1nc(Nc2ccc(cc2OC)C(=O)N3CCCC3)ncc1Cl,8.33
303,CHEMBL3643953,CNC(=O)c1cc(Cl)c(Nc2ncc(c(NC)n2)C(F)(F)F)cc1OC,8.34
304,CHEMBL3641873,CNc1nc(Nc2ccc(cc2OC)C(=O)NC(C)(C)C)ncc1C#N,8.34
305,CHEMBL3641904,CCNc1nc(Nc2ccc(cc2OC(C)C)C(=O)N3CCOCC3)ncc1C(F)(F)F,8.35
306,CHEMBL3641845,CNc1nc(Nc2cc(OC)c(cc2Cl)C(=O)N3CCC(C3)C#N)ncc1Cl,8.35
307,CHEMBL3641834,CNc1nc(Nc2cc(OC)c(cc2Cl)C(=O)NC3CCN(C)CC3)ncc1Cl,8.35
308,CHEMBL3641790,CNc1nc(Nc2ccc(cc2OC)C(=O)N3CC4CC3CO4)ncc1Cl,8.35
309,CHEMBL3641783,CNc1nc(Nc2ccc(cc2OC)C(=O)N3CCOCC3CO)ncc1Cl,8.36
310,CHEMBL3641869,CNc1nc(Nc2ccc(cc2OC)C(=O)NC(C)C)ncc1C#N,8.36
311,CHEMBL3641786,CCOc1cc(ccc1Nc2ncc(Cl)c(NC)n2)C(=O)N3CCOCC3,8.37
312,CHEMBL3641880,CCOc1cc(ccc1Nc2ncc(c(NC)n2)C(F)(F)F)C(=O)N3CCOCC3,8.38
313,CHEMBL3643952,CNc1nc(Nc2cc(OC)c(cc2Cl)C(=O)NC3(CC3)C#N)ncc1C(F)(F)F,8.38
314,CHEMBL3641784,CNc1nc(Nc2ccc(cc2OC)C(=O)N3CCOC(CC(C)C)C3)ncc1Cl,8.38
315,CHEMBL3641865,CNc1nc(Nc2ccc(cc2OC)C(=O)NCC3CC3)ncc1C#N,8.38
316,CHEMBL3641850,CNc1nc(Nc2cc(OC)c(cc2Cl)C(=O)N3CCNCC3)ncc1C(F)(F)F,8.39
317,CHEMBL3641848,CNc1nc(Nc2cc(OC)c(cc2Cl)C(=O)NC3COC3)ncc1C(F)(F)F,8.39
318,CHEMBL3641798,CNc1nc(Nc2ccc(cc2OC)C(=O)N3CCC(CC3)C#N)ncc1Br,8.39
319,CHEMBL3643961,CNc1nc(Nc2ccc(cc2OC)C(=O)N3CCCC3)ncc1C(F)(F)F,8.39
320,CHEMBL3641890,COCCNc1nc(Nc2ccc(cc2OC)C(=O)N3CCOCC3)ncc1Br,8.39
321,CHEMBL2403374,CC(=O)Nc1ccc2NC(=O)\C(=C/c3cc4CN(CCc4[nH]3)C(=O)N5CCOCC5)\c2c1,8.4
322,CHEMBL2403375,CC(C)Oc1ccc2NC(=O)\C(=C/c3cc4CN(CCc4[nH]3)C(=O)C)\c2c1,8.4
323,CHEMBL2333127,CC[C@@H](C)Nc1c(nnc2cc(ccc12)c3ccc(cc3)S(=O)(=O)C)C(=O)N,8.4
324,CHEMBL3681053,CNc1nc(Nc2cc(F)c(cc2OC)n3nnnc3COC)ncc1C(F)(F)F,8.4
325,CHEMBL3676115,CNc1nc(Nc2cc(OC)c(cc2Cl)c3cnnn3C)ncc1C(F)(F)F,8.4
326,CHEMBL3694798,CNc1nc(Nc2cc3OC(=O)N(C)c3cc2Cl)ncc1C(F)(F)F,8.4
327,CHEMBL3694806,CNc1nc(Nc2cc3OC(=O)Nc3cc2Cl)ncc1Cl,8.4
328,CHEMBL3694819,CNc1nc(Nc2cc3c(cc2Cl)c(cn3C)C(=O)N4CCNCC4)ncc1C(F)(F)F,8.4
329,CHEMBL3676110,CNc1nc(Nc2ccc(cc2OC)c3cnn(C)c3)ncc1C(F)(F)F,8.4
330,CHEMBL3694811,CNc1nc(Nc2ccc3C(=O)N(Cc3c2OC)C(C)(C)O)ncc1C(F)(F)F,8.4
331,CHEMBL2326715,CNc1nc(Nc2cnn(C)c2Cl)ncc1C(F)(F)F,8.4
332,CHEMBL2178135,COc1cc(C(=O)N2CCOCC2)c(F)cc1Nc3ncc(c(NC4CC4)n3)C(F)(F)F,8.4
333,CHEMBL3641794,COc1cc(ccc1Nc2ncc(Cl)c(NCC(C)C)n2)C(=O)N3CCOCC3,8.4
334,CHEMBL3641889,CNc1nc(Nc2cc(OC)c(cc2Cl)C(=O)NCCCN)ncc1Cl,8.42
335,CHEMBL3641779,CNc1nc(Nc2ccc(cc2OC)C(=O)N3CCCC3C)ncc1Cl,8.42
336,CHEMBL3641800,CNc1nc(Nc2ccc(cc2OC)C(=O)N3CCN(CC(F)(F)F)CC3)ncc1Br,8.42
337,CHEMBL3641888,CNc1nc(Nc2cc(OC)c(CC(=O)N3CCOCC3)cc2OC)ncc1C(F)(F)F,8.43
338,CHEMBL3643958,CNc1nc(Nc2ccc(cc2OC)C(=O)NC3COC3)ncc1C(F)(F)F,8.43
339,CHEMBL3641838,CNc1nc(Nc2cc(OC)c(cc2Cl)C(=O)N3CCC(O)CC3)ncc1Cl,8.44
340,CHEMBL3641781,CNc1nc(Nc2ccc(cc2OC)C(=O)N3CCN(CC3)S(=O)(=O)C)ncc1Cl,8.44
341,CHEMBL603469,C[C@]12O[C@H](C[C@]1(O)CO)n3c4ccccc4c5c6C(=O)NCc6c7c8ccccc8n2c7c35,8.44
342,CHEMBL3643989,CCN(CCOC)C(=O)c1cc(OC)c(Nc2ncc(c(NC)n2)C(F)(F)F)cc1F,8.46
343,CHEMBL3641827,CCNc1nc(Nc2cc(OC)c(cc2Cl)C(=O)NC3CC3)ncc1C(F)(F)F,8.46
344,CHEMBL3641772,CNc1nc(Nc2ccc(cc2OC)C(=O)N3CCN4CCCCC4C3)ncc1Cl,8.46
345,CHEMBL3641884,CNc1nc(Nc2cc(OC)c(CC(=O)N3CCOCC3)cc2OC)ncc1Br,8.47
346,CHEMBL3641777,CNc1nc(Nc2ccc(cc2OC)C(=O)N3CCN(CC3)C(=O)C)ncc1Cl,8.47
347,CHEMBL3643962,CCN(CC)C(=O)c1ccc(Nc2ncc(c(NC)n2)C(F)(F)F)c(OC)c1,8.48
348,CHEMBL3641842,CNc1nc(Nc2cc(OC)c(cc2Cl)C(=O)N3CCC(CC3)C#N)ncc1Cl,8.48
349,CHEMBL3643960,CNc1nc(Nc2ccc(cc2OC)C(=O)N3CC4CC(C3)O4)ncc1C(F)(F)F,8.48
350,CHEMBL3641871,CNc1nc(Nc2ccc(cc2OC)C(=O)N3CCCCC3)ncc1C#N,8.48
351,CHEMBL388978,CN[C@@H]1C[C@H]2O[C@@](C)([C@@H]1OC)n3c4ccccc4c5c6CNC(=O)c6c7c8ccccc8n2c7c35,8.51
352,CHEMBL3651789,C1CC(CCO1)Oc2nccc3[nH]nc(c4cnn(c4)[C@H]5CCOC5)c23,8.52
353,CHEMBL3651766,C1CCN(C1)c2cc(ccn2)c3n[nH]c4ccnc(OC5CCOCC5)c34,8.52
354,CHEMBL3651747,CC(C)n1cc(cc1C(=O)NC2COC2)c3n[nH]c4ccnc(OC5CCOCC5)c34,8.52
355,CHEMBL3643986,CNc1nc(Nc2cc(F)c(cc2OC)C(=O)N3CCC[C@H]3COC)ncc1C(F)(F)F,8.52
356,CHEMBL3681046,CNc1nc(Nc2cc(F)c(cc2OC)n3nnnc3C)ncc1C(F)(F)F,8.52
357,CHEMBL3681028,CNc1nc(Nc2cc(OC)c(cc2Cl)c3c(C)nn(C)c3C)ncc1C(F)(F)F,8.52
358,CHEMBL3676123,CNc1nc(Nc2cc(OC)c(cc2Cl)c3cncn3C)ncc1C(F)(F)F,8.52
359,CHEMBL3676121,CNc1nc(Nc2cc(OC)c(cc2Cl)c3nccn3C)ncc1C(F)(F)F,8.52
360,CHEMBL3694801,CNc1nc(Nc2cc3CN(C)C(=O)c3cc2Cl)ncc1Cl,8.52
361,CHEMBL3694794,CNc1nc(Nc2cc3OCCN(C)C(=O)c3cc2Cl)ncc1C(F)(F)F,8.52
362,CHEMBL3694814,CNc1nc(Nc2cc3c(cc2Cl)c(cn3C)C(=O)N4CCOCC4)ncc1C(F)(F)F,8.52
363,CHEMBL3694824,CNc1nc(Nc2cc3c(cc2Cl)c(cn3C)C(=O)N4C[C@@H]5C[C@H]4CO5)ncc1C(F)(F)F,8.52
364,CHEMBL3676107,CNc1nc(Nc2ccc(cc2Cl)c3nnn[nH]3)ncc1C(F)(F)F,8.52
365,CHEMBL3641776,CNc1nc(Nc2ccc(cc2OC)C(=O)N3CCC(F)(F)CC3)ncc1Cl,8.52
366,CHEMBL3681043,CNc1nc(Nc2ccc(cc2OC)c3cnn(C)c3C)ncc1C(F)(F)F,8.52
367,CHEMBL3676125,CNc1nc(Nc2ccc(cc2OC)c3cnnn3C)ncc1Cl,8.52
368,CHEMBL3676122,CNc1nc(Nc2ccc(cc2OC)c3nnnn3C)ncc1C(F)(F)F,8.52
369,CHEMBL3676109,CNc1nc(Nc2ccc(cc2OC)n3cncn3)ncc1C(F)(F)F,8.52
370,CHEMBL3122113,CNc1nc(Nc2cn(nc2C)C(C)(C)C#N)ncc1C(F)(F)F,8.52
371,CHEMBL3122115,CNc1nc(Nc2cn(nc2C)C3(CC3)C#N)ncc1C(F)(F)F,8.52
372,CHEMBL2326719,CNc1nc(Nc2cnn(C(C)C)c2C)ncc1C(F)(F)F,8.52
373,CHEMBL2326724,CNc1nc(Nc2cnn(CC(C)(C)C#N)c2C)ncc1C(F)(F)F,8.52
374,CHEMBL3122108,CNc1nc(Nc2cnn3CCOC(C)c23)ncc1C(F)(F)F,8.52
375,CHEMBL2403370,COc1ccc2NC(=O)\C(=C/c3cc4CN(CCc4[nH]3)C(=O)N5CCOCC5)\c2c1,8.52
376,CHEMBL3641851,CNc1nc(Nc2cc(OC)c(cc2Cl)C(=O)N3CCC(C3)C#N)ncc1C(F)(F)F,8.54
377,CHEMBL3641898,CCNc1nc(Nc2ccc(C(=O)N3C[C@@H]4C[C@H]3CO4)c(F)c2OC)ncc1C(F)(F)F,8.55
378,CHEMBL3641830,CNc1nc(Nc2cc(OC)c(cc2Cl)C(=O)N3CCC(CC3)N(C)C)ncc1Cl,8.55
379,CHEMBL3641778,CNc1nc(Nc2ccc(cc2OC)C(=O)N3CCCC(C3)C(F)(F)F)ncc1Cl,8.55
380,CHEMBL3641785,CNc1nc(Nc2ccc(cc2OC)C(=O)N3CCNCC3)ncc1Cl,8.55
381,CHEMBL3641809,COc1nc(Nc2ccc(cc2OC3CCC3)C(=O)N4CCOCC4)ncc1Br,8.55
382,CHEMBL3643977,CNc1nc(Nc2cc(Cl)c(cc2OC)C(=O)N3CCOCC3)ncc1Cl,8.57
383,CHEMBL3641901,CNc1nc(Nc2cc(F)c(cc2OC)C(=O)N3CCC(C3)OC)ncc1C(F)(F)F,8.57
384,CHEMBL3641812,CNc1nc(Nc2ccc(cc2OC)C(=O)N3CC(C3)N4CCOCC4)ncc1Cl,8.57
385,CHEMBL3641805,COc1cc(ccc1Nc2ncc(Cl)c(NCC3CC3)n2)C(=O)N4CCOCC4,8.57
386,CHEMBL3643973,CNc1nc(Nc2cc(OC)c(cc2Cl)C(=O)N3CCOCC3)ncc1Br,8.59
387,CHEMBL3641808,CCN1CCN(CC1)C(=O)c2ccc(Nc3ncc(Br)c(OC)n3)c(OC)c2,8.6
388,CHEMBL3641810,CCNc1nc(Nc2cc(F)c(cc2OC)C(=O)N3CCOCC3)ncc1Cl,8.6
389,CHEMBL3639406,CNc1nc(Nc2ccc(cc2OC)C(=O)N3C4CCC3COC4)ncc1Cl,8.6
390,CHEMBL3641774,CNc1nc(Nc2ccc(cc2OC)C(=O)N3CCCCC3)ncc1Cl,8.6
391,CHEMBL3641882,CNc1nc(Nc2ccc(cc2OC3CC3)C(=O)N4CCOCC4)ncc1Br,8.6
392,CHEMBL3643956,CNc1nc(Nc2ccc(cc2OC3CCC3)C(=O)N4CCOCC4)ncc1C(F)(F)F,8.6
393,CHEMBL2152708,CC(C)Oc1nccc2[nH]nc(c3cc(C(=O)NC4COC4)n(c3)C(C)C)c12,8.62
394,CHEMBL3641796,CNc1nc(Nc2ccc(cc2OC)C(=O)N3CCC(CC3)C(C)(C)O)ncc1Br,8.62
395,CHEMBL3641801,CNc1nc(Nc2ccc(cc2OC)C(=O)N3CCC(CC3)OC)ncc1Br,8.62
396,CHEMBL3641770,CNc1nc(Nc2ccc(cc2OC)C(=O)NC3CC3)ncc1Cl,8.62
397,CHEMBL3643951,CNc1nc(Nc2ccc(cc2OCCF)C(=O)N3CCOCC3)ncc1C(F)(F)F,8.62
398,CHEMBL3641813,COc1cc(ccc1Nc2ncc(Cl)c(NC3(C)CCC3)n2)C(=O)N4CCOCC4,8.62
399,CHEMBL3643983,CCNc1nc(Nc2ccc(cc2OC)C(=O)N(C)CCOC)ncc1C(F)(F)F,8.64
400,CHEMBL3641799,CNc1nc(Nc2ccc(cc2OC)C(=O)N3CCN(CC3)C4CCC4)ncc1Br,8.64
401,CHEMBL3641792,CNc1nc(Nc2ccc(cc2OC)C(=O)NCCCN)ncc1Cl,8.64
402,CHEMBL3643967,CNc1nc(Nc2ccc(cc2OC)C(=O)NCCOC)ncc1C(F)(F)F,8.64
403,CHEMBL3641795,CNc1nc(Nc2ccc(cc2OC)C(=O)N3CCN(CC3)C(=O)C4CC4)ncc1Cl,8.66
404,CHEMBL3643990,CCNc1nc(Nc2cc(F)c(cc2OCC)C(=O)N3CCOCC3)ncc1C(F)(F)F,8.68
405,CHEMBL3641815,COc1cc(ccc1Nc2ncc(I)c(OC)n2)C(=O)N3CCOCC3,8.68
406,CHEMBL3694817,CCNc1nc(Nc2cc3CN(C4COC4)C(=O)c3cc2OC)ncc1C(F)(F)F,8.7
407,CHEMBL3641907,CCNc1nc(Nc2ccc(cc2OC)C(=O)N3CCOCC3)ncc1C(F)(F)F,8.7
408,CHEMBL2326717,CCn1ncc(Nc2ncc(c(NC)n2)C(F)(F)F)c1C,8.7
409,CHEMBL3681047,CNc1nc(Nc2cc(F)c(cc2OC)c3cnnn3C)ncc1C(F)(F)F,8.7
410,CHEMBL3694797,CNc1nc(Nc2cc3N(C)C(=O)N(C)c3cc2Cl)ncc1C(F)(F)F,8.7
411,CHEMBL3641791,CNc1nc(Nc2ccc(cc2OC)C(=O)N3CC4CCC(C3)O4)ncc1Cl,8.7
412,CHEMBL3643966,CNc1nc(Nc2ccc(cc2OC)C(=O)N3CCN(CC(F)(F)F)CC3)ncc1C(F)(F)F,8.7
413,CHEMBL3641788,CNc1nc(Nc2ccc(cc2OC)C(=O)NC(C)C)ncc1Cl,8.7
414,CHEMBL3681042,CNc1nc(Nc2ccc(cc2OC)c3cn(C)nc3C)ncc1C(F)(F)F,8.7
415,CHEMBL3676113,CNc1nc(Nc2ccc(cc2OC)c3cncn3C)ncc1C(F)(F)F,8.7
416,CHEMBL3676118,CNc1nc(Nc2ccc(cc2OC)c3cncn3C)ncc1Cl,8.7
417,CHEMBL3681039,CNc1nc(Nc2ccc(cc2OC)c3cnn(C)c3)ncc1Cl,8.7
418,CHEMBL3676119,CNc1nc(Nc2ccc(cc2OC)c3cnnn3C)ncc1C(F)(F)F,8.7
419,CHEMBL3681044,CNc1nc(Nc2ccc(cc2OC)c3nncn3C)ncc1C(F)(F)F,8.7
420,CHEMBL3681031,CNc1nc(Nc2ccc(cc2OC)n3cnnn3)ncc1C(F)(F)F,8.7
421,CHEMBL3641881,CNc1nc(Nc2ccc(cc2OC3CC3)C(=O)N4CCOCC4)ncc1Cl,8.7
422,CHEMBL2326714,CNc1nc(Nc2cnn(C)c2C)ncc1C(F)(F)F,8.7
423,CHEMBL2326721,CNc1nc(Nc2cnn(CCOC)c2C)ncc1C(F)(F)F,8.7
424,CHEMBL3641897,CCNc1nc(Nc2ccc(C(=O)N3CCOCC3)c(F)c2OC)ncc1C(F)(F)F,8.75
425,CHEMBL3641852,CNc1nc(Nc2cc(F)c(cc2OC)C(=O)N3CCC(C3)C#N)ncc1C(F)(F)F,8.75
426,CHEMBL3641816,COc1cc(ccc1Nc2ncc(Cl)c(NCCC3CC3)n2)C(=O)N4CCOCC4,8.75
427,CHEMBL3643959,CNc1nc(Nc2ccc(cc2OC)C(=O)N3CC4CCC(C3)O4)ncc1C(F)(F)F,8.77
428,CHEMBL3643965,CNc1nc(Nc2ccc(cc2OC)C(=O)N3CCC(CC3)C#N)ncc1C(F)(F)F,8.77
429,CHEMBL3643985,CCNc1nc(Nc2cc(F)c(cc2OC)C(=O)N(C)CCOC)ncc1C(F)(F)F,8.8
430,CHEMBL3639428,CNc1nc(Nc2ccc(cc2OC)C(=O)N3CCC(CC3)OC)ncc1C(F)(F)F,8.8
431,CHEMBL3641847,CNc1nc(Nc2cc(OC)c(cc2Cl)C(=O)NC3CCN(C)CC3)ncc1C(F)(F)F,8.82
432,CHEMBL3643957,CNc1nc(Nc2ccc(cc2OC)C(=O)N3CC(F)(F)C3)ncc1C(F)(F)F,8.82
433,CHEMBL3641806,COc1cc(ccc1Nc2ncc(Cl)c(NC3CCC3)n2)C(=O)N4CCOCC4,8.82
434,CHEMBL3643988,CCNc1nc(Nc2cc(F)c(cc2OC)C(=O)N(CC)CCOC)ncc1C(F)(F)F,8.85
435,CHEMBL3641895,CCNc1nc(Nc2cc(OC)c(cc2F)C(=O)N3CCOCC3)ncc1C(F)(F)F,8.85
436,CHEMBL3643969,CNc1nc(Nc2ccc(cc2OC)C(=O)NC3CCC(F)(F)CC3)ncc1C(F)(F)F,8.96
437,CHEMBL3694823,CCN1CCN(CC1)C(=O)c2cn(C)c3cc(Nc4ncc(c(NC)n4)C(F)(F)F)c(Cl)cc23,9.0
438,CHEMBL3694820,CCNc1nc(Nc2cc3c(cc2Cl)c(cn3C)C(=O)N4CCOCC4)ncc1C(F)(F)F,9.0
439,CHEMBL3681049,CNc1nc(Nc2cc(C)c(cc2OC)n3nnnc3C)ncc1C(F)(F)F,9.0
440,CHEMBL3681050,CNc1nc(Nc2cc(C)c(cc2OC)n3nnnc3COC)ncc1C(F)(F)F,9.0
441,CHEMBL3681045,CNc1nc(Nc2cc(F)c(cc2OC)c3cnn(C)c3C(=O)N(C)C)ncc1C(F)(F)F,9.0
442,CHEMBL3694802,CNc1nc(Nc2cc3CN(C)C(=O)c3cc2Cl)ncc1C(F)(F)F,9.0
443,CHEMBL3694795,CNc1nc(Nc2cc3OC(C)(C)C(=O)N(C)c3cc2OC)ncc1Cl,9.0
444,CHEMBL3694822,CNc1nc(Nc2cc3c(cc2Cl)c(cn3C)C(=O)N4CCN(C)CC4)ncc1C(F)(F)F,9.0
445,CHEMBL3694821,CNc1nc(Nc2cc3c(cc2OC)c(cn3C)C(=O)N4CCOCC4)ncc1C(F)(F)F,9.0
446,CHEMBL3694796,CNc1nc(Nc2cc3oc(cc3cc2OC)C(=O)N(C)C)ncc1C(F)(F)F,9.0
447,CHEMBL3681030,CNc1nc(Nc2ccc(cc2OC)c3c(C)onc3C)ncc1C(F)(F)F,9.0
448,CHEMBL3681029,CNc1nc(Nc2ccc(cc2OC)c3ccnn3C)ncc1C(F)(F)F,9.0
449,CHEMBL3694804,CNc1nc(Nc2ccc3C(=O)N(C)Cc3c2OC)ncc1C(F)(F)F,9.0
450,CHEMBL3643963,CNc1nc(Nc2ccc(cc2OC)C(=O)N3CCC(CC3)N(C)C)ncc1C(F)(F)F,9.1
451,CHEMBL3122119,CCNc1nc(Nc2cc(nn2C)C(C)(C)C#N)ncc1C(F)(F)F,9.16
452,CHEMBL3643987,CCNc1nc(Nc2cc(F)c(cc2OC)C(=O)N3CCC[C@H]3COC)ncc1C(F)(F)F,9.22
453,CHEMBL3643968,CNc1nc(Nc2ccc(cc2OC)C(=O)NC3CCN(C)CC3)ncc1C(F)(F)F,9.22
454,CHEMBL2152707,Cn1cc(\C=C\c2n[nH]c3ccnc(OC4CCCCC4)c23)cn1,9.52
