,molecule_chembl_id,canonical_smiles,pchembl_value
0,bosutinib,COc1cc(Nc2c(cnc3cc(OCCCN4CCN(C)CC4)c(OC)cc23)C#N)c(Cl)cc1Cl,8.38
1,CHEMBL47203,CN1CCN(CC1)[C@@H]2CC[C@@H](CC2)n3cc(c4ccc(Oc5ccccc5)cc4)c6c(N)ncnc36,7.54
2,CHEMBL536983,Cl.CN(C)C1CN(Cc2ccc(cc2C(F)(F)F)C(O)Nc3ccc(C)c(Nc4nccc(n4)c5cncnc5)c3)C1,7.54
3,CHEMBL477817,Cc1c(Nc2c(cnc3sc(\C=C\C(=O)N4CCCC4)cc23)C#N)ccc5[nH]ccc15,7.55
4,CHEMBL1076193,Cc1cn(cn1)c2cc(NC(=O)c3ccc(C)c(Nc4nc5ccccc5n4c6cc(N)ncn6)c3)cc(c2)C(F)(F)F,7.55
5,CHEMBL1092754,Cn1cc(\C=C\2/Oc3cccc(O)c3C2=O)c4c(ccnc14)c5ccc(cc5)C(=O)NCCO,7.56
6,CHEMBL272198,COc1cc2nccc(Oc3ccc4c(cccc4c3)C(=O)NC5CC5)c2cc1OC,7.57
7,CHEMBL475251,COc1cc(Nc2ncc(F)c(Nc3ccc4OC(C)(C)C(=O)Nc4n3)n2)cc(OC)c1OC,7.59
8,CHEMBL230686,Cc1cc(cc2nnc(Nc3ccc(OCCN4CCCC4)cc3)nc12)c5c(Cl)cccc5Cl,7.59
9,CHEMBL1090360,O=C(Cc1ccccc1)Nc2cccc(c2)c3nc4sccn4c3c5ccnc(Nc6cccc(c6)N7CCOCC7)n5,7.59
10,CHEMBL3683258,CN[C@@H]1CC2OC([C@@H]1OC)n3c4ccccc4c5c6CNC(=O)c6c7c8ccccc8n2c7c35,7.61
11,CHEMBL516913,COc1ccc(CN(C)C)cc1c2cc3c(Nc4ccc5[nH]ccc5c4C)c(cnc3s2)C#N,7.64
12,CHEMBL1916713,COc1cc2nc(Nc3ccccc3C)c4cncn4c2cc1NC(=O)C#CCN5CCCCC5,7.67
13,CHEMBL410295,CN1CCN(CC1)c2ccc(Nc3ncc4C(=O)N(c5c(C)cccc5C)c6nc7ccccc7n6c4n3)cc2,7.68
14,CHEMBL436137,Cc1cccc(C)c1c2cc(C)c3nc(Nc4ccc(OCCN5CCCC5)cc4)nnc3c2,7.68
15,CHEMBL1916906,CNc1cc2c(cc1F)nc(Nc3ccccc3C)c4cncn24,7.72
16,CHEMBL1087128,Cc1ccc(cc1Nc2nc3ccccc3n2c4cc(N)ncn4)C(=O)Nc5cccc(c5)C(C)(C)C,7.8
17,CHEMBL1087127,CC(C)c1cccc(NC(=O)c2ccc(C)c(Nc3nc4ccccc4n3c5cc(N)ncn5)c2)c1,7.82
18,CHEMBL1087524,Cc1ccc(cc1Nc2nc3ccccc3n2c4cc(N)ncn4)C(=O)Nc5cccc(c5)C(F)(F)F,7.82
19,CHEMBL574738,CCN1CCN(Cc2ccc(NC(=O)Nc3ccc(Oc4cc(NC)ncn4)cc3)cc2C(F)(F)F)CC1,7.85
20,CHEMBL1079945,Cc1ccc(NC(=O)c2cccc(c2)C(F)(F)F)cc1Nc3nc4ccccc4n3c5cc(N)ncn5,7.85
21,CHEMBL3182647,Nc1ncnc2c1c(nn2C3CCCN(C3)C(=O)C=C)c4ccc(Oc5ccccc5)cc4,7.85
22,CHEMBL1916888,CN(C)C\C=C\C(=O)N(C)c1ccc2nc(Nc3cc(O)ccc3C)c4cncn4c2c1,7.96
23,CHEMBL206834,CN(C)[C@H]1CCN(Cc2ccc(cc2C(F)(F)F)C(=O)Nc3ccc(C)c(Nc4nccc(n4)c5cncnc5)c3)C1,7.96
24,CHEMBL1916715,COc1cc2nc(Nc3ccccc3C)c4cncn4c2cc1NC(=O)\C=C\CN(C)C,7.96
25,CHEMBL1808264,CC(C)c1nc(c2ccc(F)c(NS(=O)(=O)c3c(F)cccc3F)c2)c(s1)c4ccnc(Nc5ccc(nc5)N6CCOCC6)n4,8.0
26,CHEMBL1076433,CCN1CCN(Cc2ccc(cc2Cl)C(=O)Nc3ccc(C)c(Nc4nc5ccccc5n4c6cc(N)ncn6)c3)CC1,8.0
27,CHEMBL1230609,COc1cc2c(Oc3ccc(NC(=O)C4(CC4)C(=O)Nc5ccc(F)cc5)cc3F)ccnc2cc1OCCCN6CCOCC6,8.04
28,CHEMBL1076437,CCN1CCN(CC1)c2cc(cc(c2)C(F)(F)F)C(=O)Nc3ccc(C)c(Nc4nc5ccccc5n4c6cc(N)ncn6)c3,8.05
29,CHEMBL205723,CN1CCN(Cc2ccc(cc2C(F)(F)F)C(=O)Nc3ccc(C)c(Nc4nccc(n4)c5cncnc5)c3)CC1,8.07
30,CHEMBL538337,Cl.CN(C)C[C@@H]1CCN(Cc2ccc(cc2C(F)(F)F)C(O)Nc3ccc(C)c(Nc4nccc(n4)c5cncnc5)c3)C1,8.12
31,CHEMBL1080475,Cc1ccc(NC(=O)c2ccncc2C(C)(C)C)cc1Nc3nc4ccccc4n3c5cc(N)ncn5,8.16
32,CHEMBL1076436,CN1CCN(CC1)c2cc(cc(c2)C(F)(F)F)C(=O)Nc3ccc(C)c(Nc4nc5ccccc5n4c6cc(N)ncn6)c3,8.22
33,CHEMBL1076432,CN1CCC(CC1)Oc2cc(cc(c2)C(F)(F)F)C(=O)Nc3ccc(C)c(Nc4nc5ccccc5n4c6cc(N)ncn6)c3,8.3
34,CHEMBL1086731,Cc1ccc(NC(=O)c2ccc(s2)C(C)(C)C)cc1Nc3nc4ccccc4n3c5cc(N)ncn5,8.3
35,CHEMBL203343,CN1CCN(Cc2ccc(cc2C(F)(F)F)C(=O)Nc3ccc(C)c(Nc4nccc(n4)c5cccnc5)c3)CC1,8.32
36,CHEMBL2336005,Oc1cccc(Nc2ccnc3cc(sc23)c4cccc(CN5CCOCC5)c4)c1,8.37
37,CHEMBL256101,Cc1cc(cc2nnc(Nc3ccc(OCC[N+]4([O-])CCCC4)cc3)nc12)c5c(Cl)cccc5Cl,8.38
38,CHEMBL364623,Cc1cc(Nc2ncc(s2)C(=O)Nc3c(C)cccc3Cl)nc(C)n1,8.4
39,CHEMBL2347053,[O-][N+](=O)c1ccccc1c2n[nH]cc2\C=C\3/C(=O)Nc4ccccc34,8.4
40,CHEMBL536073,Cl.CN(C)[C@@H]1CCN(Cc2ccc(cc2C(F)(F)F)C(=O)Nc3ccc(C)c(Nc4nccc(n4)c5cncnc5)c3)C1,8.47
41,CHEMBL383010,CN1CCN(Cc2ccc(cc2Br)C(=O)Nc3ccc(C)c(Nc4nccc(n4)c5cccnc5)c3)CC1,8.51
42,CHEMBL249097,Cc1ccc(O)cc1Nc2ccnc(Nc3cccc(c3)C(=O)N)n2,8.52
43,CHEMBL386051,CSc1cccc(Nc2ncc3C=C(C(=O)N(C)c3n2)c4c(Cl)cccc4Cl)c1,8.66
44,CHEMBL388978,CN[C@@H]1C[C@H]2O[C@@](C)([C@@H]1OC)n3c4ccccc4c5c6CNC(=O)c6c7c8ccccc8n2c7c35,8.68
45,CHEMBL281957,CCN(CC)C\C=C\c1nc(O)c2c(ccc3nc(Nc4c(Cl)cccc4Cl)n(C)c23)c1C,8.7
46,CHEMBL1916879,CN(C)C\C=C\C(=O)N(C)c1ccc2nc(Nc3cc(NC(=O)c4cccc(c4)C(F)(F)F)ccc3C)c5cncn5c2c1,8.81
47,CHEMBL249317,Cc1ccc(O)cc1Nc2ccnc(Nc3cccc(c3)S(=O)(=O)N)n2,9.0
48,CHEMBL272888,CN1CCN(CC1)c2ccc(Nc3ncc(NC(=O)c4cc(NC(=O)c5cccc(c5)C(F)(F)F)ccc4C)cn3)cc2,9.05
49,dasatinib,CC1=NC(NC2=NC=C(S2)C(=O)NC2=C(C)C=CC=C2Cl)=CC(=N1)N1CCN(CCO)CC1,9.24
