,molecule_chembl_id,canonical_smiles,pchembl_value
0,trametinib,CN1C(=O)C(C)=C2N(C(=O)N(C3CC3)C(=O)C2=C1NC1=C(F)C=C(I)C=C1)C1=CC(NC(C)=O)=CC=C1,9.036211999999999
1,CHEMBL388978,CN[C@@H]1C[C@H]2O[C@@](C)([C@@H]1OC)n3c4ccccc4c5c6CNC(=O)c6c7c8ccccc8n2c7c35,7.55
2,CHEMBL180022,CCOc1cc2ncc(C#N)c(Nc3ccc(OCc4ccccn4)c(Cl)c3)c2cc1NC(=O)\C=C\CN(C)C,7.59
3,CHEMBL2012519,COc1cc(O)c2C(=O)O[C@@H](C)C\C=C/C(=O)[C@@H](O)[C@@H](O)CCCc2c1,7.82
4,CHEMBL1230609,COc1cc2c(Oc3ccc(NC(=O)C4(CC4)C(=O)Nc5ccc(F)cc5)cc3F)ccnc2cc1OCCCN6CCOCC6,7.89
5,bosutinib,COc1cc(Nc2c(cnc3cc(OCCCN4CCN(C)CC4)c(OC)cc23)C#N)c(Cl)cc1Cl,8.0
6,CHEMBL603469,C[C@]12O[C@H](C[C@]1(O)CO)n3c4ccccc4c5c6C(=O)NCc6c7c8ccccc8n2c7c35,8.41
0,CHEMBL34704,N\C(=C(\C#N)/C(=C(\N)/Sc1ccccc1N)/C#N)\Sc2ccccc2N,7.22
4,CHEMBL261237,N\C(=C(\C#N)/c1ccccc1C(F)(F)F)\Sc2ccc(N)cc2,6.66
12,CHEMBL215152,CCN(CCO)CCCOc1ccc2c(Nc3cc(CC(=O)Nc4cccc(F)c4)[nH]n3)ncnc2c1,5.24
15,CHEMBL522892,CN1CCN(CC1)c2ccc3nc([nH]c3c2)C4=C(N)c5c(F)cccc5NC4=O,6.46
17,CHEMBL31965,Fc1ccc(Nc2ncnc3cc(OCCCN4CCOCC4)c(NC(=O)C=C)cc23)cc1Cl,5.8
20,CHEMBL1421,Cc1nc(Nc2ncc(s2)C(=O)Nc3c(C)cccc3Cl)cc(n1)N4CCN(CCO)CC4,5.85
21,CHEMBL607707,CCOc1cc2ncc(C#N)c(Nc3ccc(F)c(Cl)c3)c2cc1NC(=O)\C=C\CN(C)C,6.09
28,CHEMBL191003,Nc1nc(Nc2ccc(cc2)S(=O)(=O)N)nn1C(=O)c3c(F)cccc3F,5.25
37,CHEMBL278041,Oc1ccc(cc1)c2nc(c3ccc(F)cc3)c([nH]2)c4ccncc4,5.02
38,CHEMBL10,C[S+]([O-])c1ccc(cc1)c2nc(c3ccc(F)cc3)c([nH]2)c4ccncc4,5.02
42,CHEMBL1721885,Cc1[nH]c(\C=C\2/C(=O)Nc3ccc(F)cc23)c(C)c1C(=O)NC[C@H](O)CN4CCOCC4,6.92
43,CHEMBL535,CCN(CC)CCNC(=O)c1c(C)[nH]c(\C=C\2/C(=O)Nc3ccc(F)cc23)c1C,6.96
44,CHEMBL572878,CN1CCN(CC1)c2cc(Nc3cc(C)[nH]n3)nc(Sc4ccc(NC(=O)C5CC5)cc4)n2,5.7
46,CHEMBL24828,COc1cc2c(Nc3ccc(Br)cc3F)ncnc2cc1OCC4CCN(C)CC4,5.96
48,CHEMBL571823,CN1C(=O)NC(=O)[C@@]12Cc3ccc(NC(=O)CN(Cc4ccccc4)C(=O)C(C)(C)C)cc3C2,6.15
49,CHEMBL571580,CN1C(=O)NC(=O)C12Cc3ccc(NC(=O)CN(Cc4cccc(F)c4)C(=O)C(C)(C)C)cc3C2,5.85
50,CHEMBL570488,CN1C(=O)NC(=O)C12Cc3ccc(NC(=O)CN(Cc4ccc(F)cc4)C(=O)C(C)(C)C)cc3C2,5.43
51,CHEMBL568920,CN1C(=O)NC(=O)C12Cc3ccc(NC(=O)CN(Cc4cccc(Cl)c4)C(=O)C(C)(C)C)cc3C2,5.85
52,CHEMBL568921,CN1C(=O)NC(=O)C12Cc3ccc(NC(=O)CN(Cc4cccc(C)c4)C(=O)C(C)(C)C)cc3C2,5.75
53,CHEMBL571137,COc1cccc(CN(CC(=O)Nc2ccc3CC4(Cc3c2)N(C)C(=O)NC4=O)C(=O)C(C)(C)C)c1,5.01
54,CHEMBL572225,CN1C(=O)NC(=O)C12Cc3ccc(NC(=O)CN(Cc4cccc(c4)C#N)C(=O)C(C)(C)C)cc3C2,4.89
55,CHEMBL577304,CN1C(=O)NC(=O)C12Cc3ccc(NC(=O)CN(Cc4ccc(cc4)C(F)(F)F)C(=O)C(C)(C)C)cc3C2,5.21
56,CHEMBL569340,CN1C(=O)NC(=O)[C@@]12Cc3ccc(NC(=O)CN(Cc4cc(F)cc(F)c4)C(=O)C(C)(C)C)cc3C2,5.62
57,CHEMBL571797,CN1C(=O)NC(=O)[C@@]12Cc3ccc(NC(=O)CN(Cc4cc(F)cc(Cl)c4)C(=O)C(C)(C)C)cc3C2,5.75
58,CHEMBL569588,CN1C(=O)NC(=O)[C@@]12Cc3ccc(NC(=O)CN(Cc4cc(Cl)cc(Cl)c4)C(=O)C(C)(C)C)cc3C2,5.68
59,CHEMBL568880,C[C@H](N(CC(=O)Nc1ccc2C[C@@]3(Cc2c1)N(C)C(=O)NC3=O)C(=O)C(C)(C)C)c4ccccc4,4.8
60,CHEMBL583679,C[C@@H](N(CC(=O)Nc1ccc2C[C@@]3(Cc2c1)N(C)C(=O)NC3=O)C(=O)C(C)(C)C)c4ccccc4,6.17
61,CHEMBL570474,C[C@@H](N(CC(=O)Nc1ccc2C[C@@]3(Cc2c1)N(C)C(=O)NC3=O)C(=O)C(C)(C)C)c4cc(F)cc(F)c4,5.85
107,CHEMBL1651523,COc1cc(O)c2C(=O)O[C@@H](C)C\C=C/C(=O)CCCCCc2c1,5.17
110,CHEMBL105442,Fc1ccc(C(=O)NOCC2CC2)c(Nc3ccc(I)cc3Cl)c1F,6.43
112,CHEMBL386051,CSc1cccc(Nc2ncc3C=C(C(=O)N(C)c3n2)c4c(Cl)cccc4Cl)c1,5.72
114,CHEMBL491473,COc1cc2c(Oc3ccc4[nH]c(C)cc4c3F)ncnc2cc1OCCCN5CCCC5,5.51
117,CHEMBL450786,Cc1[nH]c(\C=C\2/C(=O)Nc3ccc(cc23)S(=O)(=O)Cc4c(Cl)cccc4Cl)c(C)c1C(=O)N5CCC[C@@H]5CN6CCCC6,6.01
119,CHEMBL1614701,Cn1cnc2c(F)c(Nc3ccc(Br)cc3Cl)c(cc12)C(=O)NOCCO,6.28
121,CHEMBL1789941,N#CC[C@H](C1CCCC1)n2cc(cn2)c3ncnc4[nH]ccc34,5.4
125,CHEMBL1908395,Cl.CN(C)CC(=O)N1CCC(CC1)c2ccc(NC(=O)c3nc(c[nH]3)C#N)c(c2)C4=CCCCC4,6.38
126,CHEMBL509032,COc1cc(ccc1Nc2ncc(Cl)c(Nc3ccccc3S(=O)(=O)C(C)C)n2)N4CCC(CC4)N5CCN(C)CC5,6.2
127,CHEMBL502835,COC(=O)c1ccc2\C(=C(\Nc3ccc(cc3)N(C)C(=O)CN4CCN(C)CC4)/c5ccccc5)\C(=O)Nc2c1,7.38
133,CHEMBL1908396,COc1cc(Oc2ccnc3cc(OC)c(OC)cc23)ccc1NC(=O)NC(C)c4nccs4,5.55
134,CHEMBL1230020,CCCS(=O)(=O)Nc1ccc(F)c(C(=O)c2c[nH]c3ncc(Cl)cc23)c1F,5.96
135,CHEMBL1287853,Cc1cnc(Nc2ccc(OCCN3CCCC3)cc2)nc1Nc4cccc(c4)S(=O)(=O)NC(C)(C)C,5.51
138,CHEMBL1908397,O=C(N1CCNCC1)c2ccc(\C=C\c3n[nH]c4ccccc34)cc2,6.07
149,CHEMBL475251,COc1cc(Nc2ncc(F)c(Nc3ccc4OC(C)(C)C(=O)Nc4n3)n2)cc(OC)c1OC,6.14
160,CHEMBL1289926,CNC(=O)c1ccccc1Sc2ccc3c(\C=C\c4ccccn4)n[nH]c3c2,5.59
189,CHEMBL202721,COc1cc2c(Nc3ccc(NC(=O)c4ccccc4)cc3)ncnc2cc1OCCCN5CCOCC5,6.7
193,CHEMBL2007097,NC1=NC(=O)Nc2sccc12,4.3
195,CHEMBL1084546,CN(c1ncccc1CNc2nc(Nc3ccc4NC(=O)Cc4c3)ncc2C(F)(F)F)S(=O)(=O)C,5.6
196,CHEMBL1973516,CCN1CCN(CC1)c2ccc(Nc3ncc(C#N)c(Nc4ccc5[nH]ncc5c4)n3)cc2,6.2
197,CHEMBL1974328,Cc1cccc(Nc2nc(NC3CCCCC3N)cnc2C(=O)N)c1,5.9
199,CHEMBL1980407,NC(COc1cncc(c1)c2ccc3NC(=O)C(=Cc4ccc[nH]4)c3c2)Cc5ccccc5,6.5
201,CHEMBL2002202,Clc1ccc(cc1)c2ccc3CNC(=O)c3c2,4.0
207,CHEMBL1975927,COc1ccc(cc1)n2ccc3cnc(Nc4cc(OC)c(OC)c(OC)c4)nc23,5.6
208,CHEMBL1986943,OC1CCC(CC1)Nc2nc(Cl)cc(n2)c3c[nH]c4ncccc34,7.3
209,CHEMBL1997119,Nc1ncc2cccc(c3ccccc3)n12,4.3
211,CHEMBL2000879,C1Cc2[nH]ncc2CC1c3ccccc3,4.1
214,CHEMBL2004515,C1Oc2ccc(cc2O1)c3ncnc4[nH]ccc34,5.2
215,CHEMBL1992042,Fc1ccc(cc1)C(=O)Nc2cccc(c2)C3Nc4ccc5ccccc5c4C6C=CCC36,6.4
217,CHEMBL1991734,CN1c2ccc(N)cc2C(c3ccccc3)c4cc(N)ccc14,5.8
218,CHEMBL21156,CC(C)(C)c1nc2c3ccc(F)cc3c4C(=O)NC=Cc4c2[nH]1,6.4
220,CHEMBL1989267,COc1cc(ccc1NC(=O)c2cc3ccccc3n2C)c4csc5c(C=CC(=O)NCCN(C)C)cnc(N)c45,7.2
224,CHEMBL1983348,CCCCN(CCC#N)C(=O)c1ccc2nc([nH]c2c1)c3n[nH]c4ccccc34,6.1
226,CHEMBL1970290,CCN(CC)CCNC(=O)c1cccc(c1)n2nc(cc2NC(=O)Nc3cccc4ccccc34)C(C)(C)C,6.0
229,CHEMBL1993877,Nc1ncnc2c1c(cn2C3CCCC3)C#C,6.1
230,CHEMBL1974480,CCOC(=O)Cc1nc2c3cc(Br)ccc3NC(=O)n2n1,5.7
232,CHEMBL1980671,Nc1ncnc2Nc3ccccc3NC(=O)c12,4.4
233,CHEMBL1973363,COc1cccc(NC(=O)N2CCC(CC2)c3nc4c(cccc4[nH]3)C(=O)N)c1,5.8
235,CHEMBL1989708,CC(O)Cn1cc(cn1)c2cnc(N)c3c(csc23)c4ccc(NC(=O)Nc5cccc(C)c5)cc4,6.5
239,CHEMBL1989423,C1c2ccccc2c3n[nH]cc13,4.1
240,CHEMBL1985367,Cc1ccnc(Nc2cc(C)nc(n2)c3ccccc3)c1,5.5
242,CHEMBL1996510,O=C1NC(=O)C(=C1c2c[nH]c3ccccc23)c4nc(nc5ccccc45)N6CCNCC6,5.9
247,CHEMBL1971227,ON(C=O)C(CS(=O)(=O)c1ccc(cc1)c2ccc(cc2)C(F)(F)F)c3ccc(O)cc3,5.7
248,CHEMBL1967998,CCN1CCN(CC1)c2ccc(Nc3ncc(Cl)c(Nc4ccc5[nH]ncc5c4)n3)cc2,7.0
251,CHEMBL2001149,Oc1ccc2nc([nH]c2c1)c3ccc(Sc4ccc(cc4)c5nc6ccc(O)cc6[nH]5)cc3,5.8
253,CHEMBL1996646,COc1cccc(OC)c1CNc2nc(NC3CCCCC3)nc4ccc(Cl)cc24,5.7
260,CHEMBL1978195,NC(=O)c1cc2c(cncc2s1)c3ccc(Br)cc3,6.0
262,CHEMBL1985681,OC1CCCc2nc(ccc12)C3C(=O)Nc4ccc(cc34)C#N,6.1
265,CHEMBL1982711,NC(=O)c1ccc(cc1)c2c[nH]c3nccc(Cl)c23,6.2
266,CHEMBL262623,Nc1ncnc2NCCC(=Nc12)c3ccccc3,5.2
269,CHEMBL1996795,Nc1cc(ccc1NC2CCCCC2)S(=O)(=O)NC(=O)c3ccc(cc3)c4ccc(F)cc4,5.6
272,CHEMBL2004025,COCOc1cccc(OCOC)c1c2ccc(NS(=O)(=O)C)cc2C(=O)OC,6.2
273,CHEMBL1996048,Cc1ccc(cc1)c2cc3c(NCCN)ccc(C(=O)N)c3[nH]2,5.7
275,CHEMBL1995211,CC(C)(C)Nc1ncnc2[nH]cc(c3ccccc3)c12,5.8
280,CHEMBL1971519,Nc1n[nH]c2cccc(c3ccc(F)cc3)c12,5.9
284,CHEMBL1965170,COc1ccc(NC(=O)Nc2ccc(cc2)c3csc4c(cnc(N)c34)c5cnn(CC(O)CO)c5)cc1,6.0
285,CHEMBL1994808,Cc1nnc(c2ccccc2)c(n1)C#N,4.3
288,CHEMBL1972355,COc1c2C(=O)C=C(C)Oc2cc(O)c1c3nc4ccccc4[nH]3,6.4
290,CHEMBL2001641,CC(C)(O)c1cn(nn1)c2ccc3[nH]ncc3c2,4.6
291,CHEMBL1997193,Cc1ccc(s1)C2=C(C#N)C(=O)NC(=C2)c3cc(Br)ccc3O,5.8
298,CHEMBL1983715,CCNc1nc(C)c(s1)c2ccnc(Nc3ccc(cc3)N4CCN(CC4)C(=O)C)n2,6.1
304,CHEMBL1980763,CC(C)Cc1nc(Nc2ccc(N3CCOCC3)c(Cl)c2)nc4[nH]ccc14,5.5
306,CHEMBL2004887,Nc1nccc2nc(cn12)c3ccccc3,4.1
307,CHEMBL1969156,Nc1nccc2cnc(c3ccccc3)n12,4.9
312,CHEMBL1972220,Nc1ncc(c2cnn(CCO)c2)c3scc(c4ccc(NC(=O)Nc5ccc(OC(F)F)cc5)cc4)c13,7.0
314,CHEMBL2003785,Fc1cccc(CNc2ncnc3[nH]cnc23)c1,4.4
315,CHEMBL1973720,NC1CCC(CC1)Nc2nc(Cl)cc(n2)c3c[nH]c4ncccc34,7.5
317,CHEMBL1999414,CCN(CC)CCCNC(=O)c1cnc(N)c2c(csc12)c3ccc(NC(=O)Nc4cccc(C)c4)cc3,6.4
323,CHEMBL1970340,Nc1noc2cccc(c3cccc(O)c3)c12,5.1
337,CHEMBL2002723,CC(=O)Nc1ccc(cc1)n2nc3ccc(N)nc3n2,5.8
343,CHEMBL1967878,CN1CCN(CC1)c2ccc(Nc3ncc(F)c(NC4C5CC(C=C5)C4C(=O)N)n3)cc2C,7.1
347,CHEMBL1972934,Nc1ncnc2sccc12,4.2
350,CHEMBL2004290,COc1ccc(NC(=O)Nc2ccc(cc2)c3csc4c(cnc(N)c34)c5cnn(CC(C)(C)O)c5)cc1,5.6
351,CHEMBL1975921,Brc1cnc2NC(=O)Nc2c1,4.3
352,CHEMBL1975923,CC(CCC(=O)O)(c1ccc(O)c(N)c1)c2ccc(O)c(N)c2,5.9
353,CHEMBL2004033,BrC1=C2C=CC=CN2NC1=O,5.8
360,CHEMBL242865,OC(=O)c1ccccc1Nc2ccnc(Nc3ccc(cc3)[N+](=O)[O-])n2,5.6
365,CHEMBL1978371,Clc1ccc(cc1)C2CC(=C(C#N)C(=O)C2C(=O)c3ccccc3)c4ccccc4,6.3
368,CHEMBL1978166,Cc1cccc(NC(=O)Nc2ccc(cc2)c3csc4c(cnc(N)c34)C#CCCCCCCCCN)c1,6.3
371,CHEMBL1974617,OCc1cc(on1)c2ccc3[nH]ncc3c2,4.8
372,CHEMBL1996176,O=C1Nc2ccccc2C1=Cc3ccc[nH]3,5.5
374,CHEMBL1992125,COc1cc(Nc2ncnc(n2)N3CCCc4cc(C)ccc34)cc(OC)c1OC,6.3
376,CHEMBL2007375,CC#Cc1ccc2nccc(NC(=O)Nc3cccc(n3)C(F)(F)F)c2c1,5.5
377,CHEMBL379975,Oc1ccc2[nH]c3cc(c4ccccc4Cl)c5C(=O)NC(=O)c5c3c2c1,7.4
380,CHEMBL2001539,C1Cc2sccc2c3[nH]ncc13,4.5
381,CHEMBL1980995,CNC1CC2OC(C)(C1OC)n3c4ccccc4c5c6CNC(=O)c6c7c8ccccc8n2c7c35,6.2
382,CHEMBL1997041,Cc1cc(ccc1F)c2ncnc3[nH]ccc23,5.4
388,CHEMBL1421720,O=C(Cc1cccs1)Nc2nc3ccccc3s2,6.1
391,CHEMBL1996649,CCN(CC)CCCNC(=O)c1cnc(N)c2c(csc12)c3ccc(NC(=O)Nc4cccc(F)c4)cc3,6.4
394,CHEMBL1949855,Clc1cccc2C(=O)NC=Nc12,4.1
395,CHEMBL1990885,CCN(CC)CCNC(=O)c1c(C)[nH]c(C=C2C(=O)Nc3ccc(F)cc23)c1C,7.3
400,CHEMBL101311,CN(C)CC(O)COc1ccc(Nc2nccc(Nc3cc(Cl)ccc3Cl)n2)cc1,5.5
402,CHEMBL2002471,Nc1cc2c(Oc3ccc(Cl)cc3)cncc2s1,5.9
403,CHEMBL1973359,NC(=O)c1ccc2nc(cn2c1)c3oc(cc3)[N+](=O)[O-],6.0
404,CHEMBL1988581,CN(C)CC1=C(O)C2=NC(=CC(=O)N2C=C1)C,6.9
406,CHEMBL2006564,CCN(C(=O)C)c1ccc(Nc2nc(NC3CC3)c4nc[nH]c4n2)cc1,6.3
408,CHEMBL1979690,CN1CCN(CC1)c2ccc(Nc3ncc(Cl)c(Nc4ccc5[nH]ncc5c4)n3)cc2,6.8
409,CHEMBL1965789,Oc1ccc(Cl)cc1C2=NNC(C2)c3ccc4OCCOc4c3,5.5
416,CHEMBL1994159,CC(=O)c1cccc(c1)c2ccc3nccn3n2,4.2
417,CHEMBL1976376,Nc1ncnc2c1c(cn2C3CCOC3)c4ccc(Oc5ccc(CO)cc5)cc4,8.2
419,CHEMBL1968868,FC(F)(F)c1ccc2c(NC(=O)Nc3cccc(n3)C#N)ccnc2c1,5.4
423,CHEMBL2002432,CC(C)Nc1nccc(Nc2ncc(s2)c3ccccc3)n1,5.9
426,CHEMBL1983630,O=C1Cc2cc(cnc2N1)c3ccccc3,4.3
428,CHEMBL458997,CNC(=O)c1ccccc1Nc2nc(Nc3ccc(cc3OC)N4CCOCC4)ncc2Cl,5.5
433,CHEMBL1995765,NC1=CC(=O)NN1c2ccccn2,4.4
434,CHEMBL1984760,CCCNC(=O)c1ccc(Nc2nc(CCC(F)(F)F)c3cc[nH]c3n2)cc1,5.5
438,CHEMBL49120,CCN(CC)CCOc1ccc(Nc2ncc3C=C(C(=O)N(C)c3n2)c4c(Cl)cccc4Cl)cc1,6.8
439,CHEMBL1983111,CC(=O)NCC(=O)N1C2CCC1c3cc(Nc4ncc(c(NC5CCC5)n4)C(F)(F)F)ccc23,6.6
440,CHEMBL1988141,CCC(=O)Nc1ccc(C(=O)N2CCNCC2)c(O)c1,6.7
442,CHEMBL451401,NC(=O)c1cccc2cn[nH]c12,4.6
447,CHEMBL2002450,COc1ccc(c2ccc(N)cc2)c3cnoc13,4.0
448,CHEMBL1975212,Nc1ncnc2scc(c3ccccc3)c12,5.2
450,CHEMBL1983923,CN1CCN(CC1)c2cc(Nc3cc(C)[nH]n3)nc(C=Cc4ccccc4)n2,6.5
452,CHEMBL1993904,NC(=O)c1cc2c(cnc(N)c2s1)c3ccc(Nc4oc5ccccc5n4)cc3,6.1
453,CHEMBL1997275,COc1ccc2[nH]cc(C=C3C(=O)Nc4ccccc34)c2c1,5.9
458,CHEMBL1982413,CN(Cc1cc(Cl)c(O)c2ncccc12)C3CCCCC3,5.5
459,CHEMBL1987535,O=C(NCCc1cccs1)N2CCC(=CC2)c3c[nH]c4ncccc34,5.5
463,CHEMBL1987815,NC(=O)c1cc(c2cccs2)n3nccc3n1,5.0
472,CHEMBL1969151,CN(C)C1CCC(CC1)Nc2nc(Cl)cc(n2)c3c[nH]c4ncccc34,6.5
473,CHEMBL1967252,Cc1n[nH]c2ccc(cc12)c3cccnc3,5.0
474,CHEMBL1993335,Cn1cc(c2cc3nc(Br)cnc3[nH]2)c4cc(F)ccc14,5.6
475,CHEMBL2007574,Nc1nc(Cl)cc(n1)c2c[nH]c3ncccc23,6.0
476,CHEMBL1988692,CC(C)NC1=NNC(=O)C1=Cc2cc3ccccc3[nH]2,6.0
477,CHEMBL2004637,CCN(CCN)C(=O)c1cccc(c1)n2nc(cc2NC(=O)Nc3cccc4ccccc34)C(C)(C)C,5.9
484,CHEMBL1997007,CCCNC(=O)c1ccc(Nc2nc(CC)c3cc[nH]c3n2)cc1,5.5
487,CHEMBL1980167,CN(C)c1ccc(cc1)c2cc(nc(NS(=O)(=O)c3ccc(N)cc3)n2)c4ccc(cc4)[N+](=O)[O-],6.5
490,CHEMBL2006765,CCCNC(=O)c1ccc(Nc2nc(NCC(F)(F)F)c3cc[nH]c3n2)cc1,6.6
493,CHEMBL406845,CC(C)(C)n1nc(c2ccc(Cl)cc2)c3c(N)ncnc13,6.4
494,CHEMBL1998477,CS(=O)(=O)c1cccc(c1)c2cnn3c(cc(nc23)c4ccccc4)C(=O)N,5.5
496,CHEMBL1983980,OCc1ccc(cc1)c2sc(nc2C(=O)O)N3CCc4cccc(C(=O)Nc5nc6ccccc6s5)c4C3,6.2
497,CHEMBL1999484,CNc1nc(C)c(s1)c2ccnc(Nc3ccc(cc3)N4CCNCC4)n2,6.0
498,CHEMBL482538,c1ccc(cc1)c2ccnc3[nH]ccc23,5.1
499,CHEMBL1980297,Nc1ncc(c2cnn(CCO)c2)c3scc(c4ccc(NC(=O)Nc5cccc(F)c5)cc4)c13,6.9
500,CHEMBL1984296,Cc1ccc(C)c(NC(=O)c2cc(nc3ccccc23)c4occc4)c1,5.5
502,CHEMBL1996837,Cc1nn(C)c2sc(C(=O)N)c(N)c12,4.4
504,CHEMBL1993661,CNS(=O)(=O)c1ccccc1Nc2nc(Nc3cc(OC)c(OC)c(OC)c3)ncc2Cl,7.2
505,CHEMBL1968705,CCCC(=O)Nc1cccc(c1)c2nc(Nc3ccc4[nH]ncc4c3)c5cc(OCCN6CCCC6)ccc5n2,5.5
508,CHEMBL1980391,COc1cc2Nc3n[nH]c(C)c3N=C(c4ccccc4Cl)c2cc1F,5.6
509,CHEMBL546797,ON=C(c1nc2ccccc2[nH]1)c3nc4ccccc4[nH]3,5.6
514,CHEMBL2029988,COc1cc2ncnc(Oc3cccc(NC(=O)Nc4cc(on4)C(C)(C)C(F)(F)F)c3)c2cc1OC,5.08
515,CHEMBL2057830,Oc1ccc(cc1)C2=NN3C(=NC(=O)\C(=C\c4ccc(O)c(O)c4)\C3=N)S2,5.89
547,CHEMBL2103875,CN1C(=O)C(=C2N(C(=O)N(C3CC3)C(=O)C2=C1Nc4ccc(I)cc4F)c5cccc(NC(=O)C)c5)C,8.8
