,molecule_chembl_id,canonical_smiles,pchembl_value
0,CHEMBL221536,O=C1NCc2c1c3c4ccccc4sc3c5[nH]c6ccccc6c25,7.59
1,CHEMBL290352,CCSCc1ccc2c(c1)c3c4CNC(=O)c4c5c6cc(CSCC)ccc6n7[C@H]8C[C@](O)(C(=O)OC)[C@](C)(O8)n2c3c57,7.64
2,CHEMBL374581,O=C1NCc2c1c3c4ccccc4[nH]c3c5CCc6ccccc6c25,7.66
3,CHEMBL288229,CCSCc1ccc2c(c1)c3c4CNC(=O)c4c5c6ccccc6n7[C@H]8C[C@](O)(C(=O)OC)[C@](C)(O8)n2c3c57,7.68
4,CHEMBL2436977,CN1CCN(Cc2ccc(cc2)c3cnc4[nH]cc(c5cnc6[nH]ccc6c5)c4c3)CC1,7.68
5,CHEMBL388978,CN[C@@H]1C[C@H]2O[C@@](C)([C@@H]1OC)n3c4ccccc4c5c6CNC(=O)c6c7c8ccccc8n2c7c35,7.7
6,CHEMBL2436981,Nc1ccc(cn1)c2cnc3[nH]cc(c4ccc5[nH]ccc5c4)c3c2,7.72
7,CHEMBL603469,C[C@]12O[C@H](C[C@]1(O)CO)n3c4ccccc4c5c6C(=O)NCc6c7c8ccccc8n2c7c35,7.75
8,CHEMBL608533,CO[C@@H]1[C@@H](C[C@H]2O[C@]1(C)n3c4ccccc4c5c6CNC(=O)c6c7c8ccccc8n2c7c35)N(C)C(=O)c9ccccc9,7.77
9,CHEMBL2436978,CN1CCN(Cc2ccc(cc2)c3cnc4[nH]cc(c5ccc6[nH]ccc6c5)c4c3)CC1,7.85
10,CHEMBL416056,COC(=O)[C@]1(O)C[C@@H]2O[C@@]1(C)n3c4ccccc4c5c6CNC(=O)c6c7c8ccccc8n2c7c35,7.89
11,CHEMBL386636,O=C1NC(=O)c2c1c3c(CCc4ccccc34)c5[nH]c6ccccc6c25,7.92
12,CHEMBL277817,CCOCc1ccc2c(c1)c3c4CNC(=O)c4c5c6cc(COCC)ccc6n7[C@H]8C[C@](O)(C(=O)OC)[C@](C)(O8)n2c3c57,7.96
13,CHEMBL289772,COC(=O)[C@@]1(O)C[C@H]2O[C@]1(C)n3c4ccc(CO)cc4c5c6CNC(=O)c6c7c8cc(CO)ccc8n2c7c35,7.96
14,CHEMBL288817,COCc1ccc2c(c1)c3c4CNC(=O)c4c5c6cc(COC)ccc6n7[C@H]8C[C@](O)(C(=O)OC)[C@](C)(O8)n2c3c57,7.96
15,CHEMBL475251,COc1cc(Nc2ncc(F)c(Nc3ccc4OC(C)(C)C(=O)Nc4n3)n2)cc(OC)c1OC,7.96
16,CHEMBL2436976,COc1cc(cc(OC)c1OC)c2cnc3[nH]cc(c4cnc(N)nc4)c3c2,8.05
17,CHEMBL2436982,COc1cc(cc(OC)c1OC)c2cnc3[nH]cc(c4ccc(N)nc4)c3c2,8.16
18,CHEMBL2436980,COc1cc(cc(OC)c1OC)c2cnc3[nH]cc(c4ccc5[nH]ccc5c4)c3c2,8.52
2,CHEMBL37529,CCCSCc1ccc2c(c1)c3c4C(=O)NCc4c5c6cc(CSCCC)ccc6n7c5c3n2[C@H]8C[C@](O)(C(=O)OC)[C@]7(C)O8,7.25
3,CHEMBL288818,COC(=O)[C@@]1(O)C[C@H]2O[C@]1(C)n3c4ccc(CSCC=C)cc4c5c6CNC(=O)c6c7c8cc(CSCC=C)ccc8n2c7c35,7.03
4,CHEMBL36891,CCSCc1ccc2c(c1)c3c4C(=O)NCc4c5c6ccccc6n7c5c3n2[C@H]8C[C@](O)(C(=O)OC)[C@]7(C)O8,7.36
6,CHEMBL29709,CCCCSCc1ccc2c(c1)c3c4C(=O)NCc4c5c6cc(CSCCCC)ccc6n7c5c3n2[C@H]8C[C@](O)(C(=O)OC)[C@]7(C)O8,6.85
8,CHEMBL288816,COC(=O)[C@@]1(O)C[C@H]2O[C@]1(C)n3c4ccc(CSC(C)C)cc4c5c6CNC(=O)c6c7c8cc(CSC(C)C)ccc8n2c7c35,7.51
10,CHEMBL38338,COC(=O)[C@@]1(O)C[C@H]2O[C@]1(C)n3c4ccc(CSCCN(C)C)cc4c5c6CNC(=O)c6c7c8cc(CSCCN(C)C)ccc8n2c7c35,6.91
13,CHEMBL148471,O=C1NCc2c1c3c4ccccc4[nH]c3c5Cc6ccccc6c25,7.06
14,CHEMBL384914,O=C1NCc2c1c3c4ccccc4sc3c5Cc6ccccc6c25,6.96
15,CHEMBL220497,O=C1NCc2c1c3c(Cc4ccccc34)c5sc6ccccc6c25,6.8
19,CHEMBL375220,O=C1NCc2c1c3c(Cc4ccccc34)c5Cc6ccccc6c25,6.56
21,CHEMBL374639,O=C1NCc2c1c3c(oc4ccccc34)c5[nH]c6ccccc6c25,5.96
22,CHEMBL426719,O=C1NCc2c1c3c4ccccc4[nH]c3c5oc6ccccc6c25,6.57
24,CHEMBL220799,O=C1NCc2c1c3c4ccccc4[nH]c3c5sc6ccccc6c25,6.77
26,CHEMBL126545,O=C1NC(=O)c2c1c3c4ccccc4[nH]c3c5sc6ccccc6c25,7.24
27,CHEMBL332575,O=C1NC(=O)c2c1c3c4ccccc4ccc3c5[nH]c6ccccc6c25,6.52
28,CHEMBL357490,O=C1NCc2c1c3c(Cc4ccccc34)c5[nH]c6ccccc6c25,7.4
29,CHEMBL375085,O=C1NCc2c1c3c(CCc4ccccc34)c5[nH]c6ccccc6c25,6.14
33,CHEMBL16958,O=C1NCc2c1c3c4ccccc4[nH]c3c5[nH]c6ccccc6c25,7.31
34,CHEMBL17031,O=C1NCc2c(cc3[nH]c4ccccc4c3c12)c5ccccc5,5.92
42,CHEMBL517117,COc1ccc2c(CCc3c2c4C(=O)NCc4c5c6ccccc6n(CCCO)c35)c1,7.06
44,CHEMBL492258,CC(C)Oc1ccc2c(CCc3c2c4C(=O)NCc4c5c6ccccc6[nH]c35)c1,6.8
45,CHEMBL492257,COc1ccc2c(CCc3c2c4C(=O)NCc4c5c6ccccc6[nH]c35)c1,6.56
47,CHEMBL510795,OCCn1c2ccccc2c3c4CNC(=O)c4c5c(CCc6ccccc56)c13,6.0
58,CHEMBL460989,COc1ccc2c(CCc3c2c4C(=O)NCc4c5c6ccccc6n(CCO)c35)c1,7.26
59,CHEMBL460990,CC(C)Oc1ccc2c(CCc3c2c4C(=O)NCc4c5c6ccccc6n(CCO)c35)c1,7.19
84,CHEMBL522892,CN1CCN(CC1)c2ccc3nc([nH]c3c2)C4=C(N)c5c(F)cccc5NC4=O,5.66
95,CHEMBL477772,CN(c1ccc2c(C)n(C)nc2c1)c3ccnc(Nc4ccc(C)c(c4)S(=O)(=O)N)n3,6.13
111,CHEMBL1721885,Cc1[nH]c(\C=C\2/C(=O)Nc3ccc(F)cc23)c(C)c1C(=O)NC[C@H](O)CN4CCOCC4,5.77
112,CHEMBL535,CCN(CC)CCNC(=O)c1c(C)[nH]c(\C=C\2/C(=O)Nc3ccc(F)cc23)c1C,5.89
141,CHEMBL1240703,CO[C@@H]1[C@@H](C[C@H]2O[C@]1(C)n3c4ccccc4c5c6[C@H](O)NC(=O)c6c7c8ccccc8n2c7c35)N(C)C(=O)c9ccccc9,6.57
164,CHEMBL509032,COc1cc(ccc1Nc2ncc(Cl)c(Nc3ccccc3S(=O)(=O)C(C)C)n2)N4CCC(CC4)N5CCN(C)CC5,6.38
165,CHEMBL502835,COC(=O)c1ccc2\C(=C(\Nc3ccc(cc3)N(C)C(=O)CN4CCN(C)CC4)/c5ccccc5)\C(=O)Nc2c1,6.16
172,CHEMBL1287853,Cc1cnc(Nc2ccc(OCCN3CCCC3)cc2)nc1Nc4cccc(c4)S(=O)(=O)NC(C)(C)C,5.51
174,CHEMBL1230609,COc1cc2c(Oc3ccc(NC(=O)C4(CC4)C(=O)Nc5ccc(F)cc5)cc3F)ccnc2cc1OCCCN6CCOCC6,6.47
175,CHEMBL1908397,O=C(N1CCNCC1)c2ccc(\C=C\c3n[nH]c4ccccc34)cc2,6.64
209,CHEMBL288441,COc1cc(Nc2c(cnc3cc(OCCCN4CCN(C)CC4)c(OC)cc23)C#N)c(Cl)cc1Cl,5.57
222,CHEMBL180022,CCOc1cc2ncc(C#N)c(Nc3ccc(OCc4ccccn4)c(Cl)c3)c2cc1NC(=O)\C=C\CN(C)C,5.24
223,CHEMBL386051,CSc1cccc(Nc2ncc3C=C(C(=O)N(C)c3n2)c4c(Cl)cccc4Cl)c1,6.26
232,CHEMBL2171124,Cn1cc(c2ccc3N(CCc3c2)C(=O)Cc4cccc(c4)C(F)(F)F)c5c(N)ncnc15,5.94
268,CHEMBL2436979,COc1cc(cc(OC)c1OC)c2cnc3NC(=O)N(c4ccc5[nH]ccc5c4)c3n2,7.4
271,CHEMBL2436983,Nc1ncc(cn1)c2cnc3[nH]cc(c4ccc5[nH]ccc5c4)c3c2,7.11
295,CHEMBL3393333,FC1(F)CCN(C1)c2cc(cc(Nc3cc(ccn3)C#N)n2)C4CCN(CC4)C5COC5,6.22
