,molecule_chembl_id,canonical_smiles,pchembl_value
0,CHEMBL288229,CCSCc1ccc2c(c1)c3c4CNC(=O)c4c5c6ccccc6n7[C@H]8C[C@](O)(C(=O)OC)[C@](C)(O8)n2c3c57,7.55
1,CHEMBL277817,CCOCc1ccc2c(c1)c3c4CNC(=O)c4c5c6cc(COCC)ccc6n7[C@H]8C[C@](O)(C(=O)OC)[C@](C)(O8)n2c3c57,7.7
2,CHEMBL288817,COCc1ccc2c(c1)c3c4CNC(=O)c4c5c6cc(COC)ccc6n7[C@H]8C[C@](O)(C(=O)OC)[C@](C)(O8)n2c3c57,7.8
3,CHEMBL603469,C[C@]12O[C@H](C[C@]1(O)CO)n3c4ccccc4c5c6C(=O)NCc6c7c8ccccc8n2c7c35,7.82
4,CHEMBL475251,COc1cc(Nc2ncc(F)c(Nc3ccc4OC(C)(C)C(=O)Nc4n3)n2)cc(OC)c1OC,8.42
5,CHEMBL290352,CCSCc1ccc2c(c1)c3c4CNC(=O)c4c5c6cc(CSCC)ccc6n7[C@H]8C[C@](O)(C(=O)OC)[C@](C)(O8)n2c3c57,8.7
