,molecule_chembl_id,canonical_smiles,pchembl_value
0,nintedanib,COC(=O)c1ccc2\C(=C(\Nc3ccc(cc3)N(C)C(=O)CN4CCN(C)CC4)/c5ccccc5)\C(=O)Nc2c1,8.39
1,CHEMBL2408611,Nc1ncc(c2cnn(c2)[C@@H]3CC[C@@H](O)CC3)c4c(Cl)c(oc14)c5cccc6nnsc56,7.55
2,CHEMBL2408616,Nc1ncc(c2cnn(c2)[C@@H]3CC[C@@H](O)CC3)c4c(C(F)F)c(oc14)c5cccc6nnsc56,7.7
3,CHEMBL2408612,Nc1ncc(c2cnn(c2)[C@@H]3CC[C@@H](O)CC3)c4c(C#N)c(oc14)c5cccc6nnsc56,7.77
4,CHEMBL3824212,COc1cc(ccc1NC(=O)c2csc3C(=O)NC=Nc23)C(=O)N4CCN(C)CC4,7.82
5,CHEMBL2408610,Nc1ncc(c2cnn(c2)[C@@H]3CC[C@@H](O)CC3)c4cc(oc14)c5cccc6nnsc56,7.82
6,CHEMBL3735673,O[C@@H]1CC[C@H](CC1)n2c(NC(=O)c3cccc(c3)[N+](=O)[O-])nc4cc(CN5CCCCC5)ccc24,7.82
7,CHEMBL3823335,COc1cc(ccc1NC(=O)c2csc3C(=O)NC=Nc23)C(=O)NCCCN4CCN(C)CC4,7.89
8,CHEMBL2407759,CC(=O)N1CCC(CC1)n2cc(cn2)c3cnc(N)c4oc(cc34)c5cccc6nnsc56,7.92
9,CHEMBL3823738,CC(C)Oc1c(NC(=O)c2csc3C(=O)NC=Nc23)cccc1C(=O)N4CCN(C)CC4,7.96
10,CHEMBL1077979,COc1cc(O)c2C(=O)O[C@@H](C)C\C=C/C(=O)[C@@H](O)[C@@H](O)C\C=C\c2c1,7.96
11,CHEMBL2407758,CC(=O)N1CCC(CC1)n2cc(cn2)c3cnc(N)c4oc(cc34)c5cccc6ncsc56,8.0
12,CHEMBL3822535,CCN(C)c1cc(ccc1NC(=O)c2csc3C(=O)NC=Nc23)C(=O)N4CCN(C)CC4,8.03
13,CHEMBL3823303,CCc1cc(Nc2ncc(F)c(n2)c3cnc4cccnn34)cc(OCCN5CCC(O)CC5)c1,8.1
14,CHEMBL3823892,CN1CCN(CC1)C(=O)c2ccc(NC(=O)c3csc4C(=O)NC=Nc34)c(Br)c2,8.14
15,CHEMBL1908395,Cl.CN(C)CC(=O)N1CCC(CC1)c2ccc(NC(=O)c3nc(c[nH]3)C#N)c(c2)C4=CCCCC4,8.14
16,CHEMBL3822889,CN1CCN(CC1)C(=O)c2ccc(NC(=O)c3csc4C(=O)NC=Nc34)c(c2)C5CCCCC5,8.17
17,CHEMBL3823000,CN1CCN(CC1)C(=O)c2ccc(NC(=O)c3csc4C(=O)NC=Nc34)c(Cl)c2,8.24
18,CHEMBL3822712,CN1CCN(CC1)C(=O)c2ccc(NC(=O)c3csc4C(=O)NC=Nc34)c(OC(C(F)(F)F)C(F)(F)F)c2,8.28
19,CHEMBL3822845,CN(C)c1cc(ccc1NC(=O)c2csc3C(=O)NC=Nc23)C(=O)N4CCN(C)CC4,8.3
20,CHEMBL3823882,CC(C)c1cc(ccc1NC(=O)c2csc3C(=O)NC=Nc23)C(=O)N4CCN(C)CC4,8.46
21,CHEMBL3823992,CC(F)Oc1cc(ccc1NC(=O)c2csc3C(=O)NC=Nc23)C(=O)N4CCN(C)CC4,8.52
22,CHEMBL603469,C[C@]12O[C@H](C[C@]1(O)CO)n3c4ccccc4c5c6C(=O)NCc6c7c8ccccc8n2c7c35,8.54
23,CHEMBL3823127,CN1CCN(CC1)C(=O)c2ccc(NC(=O)c3csc4C(=O)NC=Nc34)c(c2)c5ccccc5,8.64
24,CHEMBL574738,CCN1CCN(Cc2ccc(NC(=O)Nc3ccc(Oc4cc(NC)ncn4)cc3)cc2C(F)(F)F)CC1,8.82
