,molecule_chembl_id,canonical_smiles,pchembl_value
0,CHEMBL3733309,CC(C)(C)c1nc(cc(n1)c2cnc(N)c(OC(F)F)c2)N3C[C@@H]4C[C@H]3CO4,7.53
1,CHEMBL3728114,COCCN1C[C@@H]2[C@H](C1)[C@H]2c3cc(nc(n3)N4CCC4)c5cnc(N)c(OC(F)F)c5,7.53
2,CHEMBL3717079,Cc1c[nH]c2ncc(cc12)c3cc(C4CCOC4)n(CC5CC5)n3,7.54
3,CHEMBL3714930,CC(C)n1nc(cc1C2CCN(CC(F)(F)F)CC2)c3cnc4[nH]cc(C#N)c4c3,7.55
4,CHEMBL3732528,CC(Oc1cc(cnc1N)c2cc(nc(n2)C3CC3)N4CCC4)c5nccs5,7.55
5,CHEMBL3732343,CC1(O)CCN(C1)c2cc(nc(n2)C3CC3)c4cnc(N)c(OC(F)F)c4,7.55
6,CHEMBL3727513,CCc1nc(cc(n1)c2cnc(N)c(OC(F)F)c2)[C@H]3[C@@H]4CC(C[C@H]34)N5CCOCC5,7.55
7,CHEMBL3733122,Nc1ncc(cc1OC(F)F)c2cc(nc(n2)C34CCC(CC3)CC4)N5C[C@@H]6C[C@H]5CO6,7.55
8,CHEMBL3727772,Nc1ncc(cc1OC(F)F)c2cc(nc(n2)N3CCC4(CC3)COC4)N5C[C@@H]6C[C@H]5CO6,7.55
9,CHEMBL3733221,Nc1ncc(cn1)c2cc(nc(n2)N3CC4CC3C4)N5CC6CC6C5,7.55
10,CHEMBL3729883,CC(C1CC1)c2nc(cc(n2)c3cnc(N)c(OC(F)F)c3)N4C[C@@H]5C[C@H]4CO5,7.56
11,CHEMBL3728594,CC1(F)CCN(C1)c2nc(cc(n2)c3cnc(N)c(OC(F)(F)F)c3)N4C[C@@H]5C[C@H]4CO5,7.56
12,CHEMBL3730744,Nc1ncc(cc1SC(F)(F)F)c2cc(nc(n2)C3CC3)N4C[C@@H]5C[C@H]4CO5.OC=O,7.56
13,CHEMBL3717314,CC(C)(C)n1nc(cc1[C@H]2[C@@H]3CN(C[C@H]23)C4COC4)c5cnc(N)c(c5)C(F)(F)F,7.57
14,CHEMBL3715274,CC(C)n1nc(cc1C2CN(C2)C3COC3)c4cnc(N)c(c4)C(F)(F)F,7.57
15,CHEMBL3718090,COCCN1C[C@@H]2[C@H](C1)[C@H]2c3cc(nn3CC4CC4)c5cnc(N)c(Cl)c5,7.57
16,CHEMBL3717868,COCCN1C[C@@H]2[C@H](C1)[C@H]2c3cc(nn3CC4CCC4)c5cnc(N)c(c5)C(F)(F)F,7.57
17,CHEMBL3732135,Nc1ncc(cc1OC(F)F)c2cc(cc(n2)C3CC3)C4CCN(C4)C5COC5,7.57
18,CHEMBL3718197,CC(C)n1nc(cc1C2CN(C2)C(=O)C)c3cnc4[nH]cc(C)c4c3,7.59
19,CHEMBL3717099,Cc1c[nH]c2ncc(cc12)c3cc([C@@H]4CCOC4)n(CC5CC5)n3,7.59
20,CHEMBL3715643,Cc1c[nH]c2ncc(cc12)c3cc([C@H]4CCOC4)n(CC5CC5)n3,7.59
21,CHEMBL3733147,Nc1ncc(cc1C#N)c2cc(nc(n2)N3CC4CC3C4)N5C[C@@H]6C[C@H]5CO6,7.59
22,CHEMBL3728490,Nc1ncc(cc1OC(F)F)c2cc(nc(n2)C3CC3F)N4C[C@@H]5C[C@H]4CO5,7.59
23,CHEMBL3727776,Nc1ncc(cn1)c2cc(nc(n2)N3CCC4(CC4)C3)N5C[C@@H]6C[C@H]5CO6,7.59
24,CHEMBL3393328,CC(=O)N1CCC(CC1)c2cc(Nc3cc(ccn3)C#N)nc(c2)N4CCC(F)(F)C4,7.6
25,CHEMBL3715335,CC(C)n1nc(cc1[C@H]2[C@@H]3CN(C[C@H]23)C4COC4)c5cnc6[nH]cc(C#N)c6c5,7.6
26,CHEMBL3715928,CCc1c[nH]c2ncc(cc12)c3cc(C4CCOC4)n(n3)C5CC(F)(F)C5,7.6
27,CHEMBL3629019,N#Cc1ccnc(Nc2cc(C3CCN(C3)C4COC4)n(n2)C5CCCC5)c1,7.6
28,CHEMBL3718328,Nc1ncc(cc1Cl)c2cc([C@H]3[C@@H]4CN(C[C@H]34)C5COC5)n(CC6CC6)n2,7.6
29,CHEMBL3733157,Nc1ncc(cc1OC(F)F)c2cc(nc(n2)C3CC3)N4CC5CC(C4)N5C6COC6,7.6
30,CHEMBL3732927,COCCN1C[C@@H]2C[C@H]1CN2c3cc(nc(n3)C4CC4)c5cnc(N)c(OC(F)(F)F)c5,7.61
31,CHEMBL3728489,Nc1ncc(cc1OC(F)F)c2cc(nc(n2)C34CCC(CC3)C4)N5C[C@@H]6C[C@H]5CO6,7.61
32,CHEMBL3731616,CC(Oc1cc(cnc1N)c2cc(nc(n2)C3CC3)N4C[C@@H]5C[C@H]4CO5)c6ccnn6C,7.62
33,CHEMBL3731025,CC1(F)CCN(C1)c2nc(cc(n2)c3cnc(N)c(OC(F)F)c3)N4CC(C4)N5CCOCC5,7.62
34,CHEMBL3730670,CCc1nc(cc(n1)c2cnc(N)c(OC(F)F)c2)[C@H]3[C@@H]4CN(CCOC)C[C@H]34,7.62
35,CHEMBL3393312,Cc1nc(Nc2cc(ccn2)C(F)(F)F)cc(n1)C3CCCN(C3)C(=O)c4ccccc4,7.62
36,CHEMBL3717180,Nc1ncc(cc1Cl)c2cc([C@H]3[C@@H]4CN(C[C@H]34)C5COC5)n(n2)C6CCCC6,7.62
37,CHEMBL3729826,Nc1ncc(cc1Cl)c2cc(nc(n2)N3CC4CC3C4)N5C[C@@H]6C[C@H]5CO6,7.62
38,CHEMBL3732917,Nc1ncc(cc1OC(F)F)c2cc(nc(n2)N3CC(F)(F)C3)N4C[C@@H]5C[C@H]4CO5,7.62
39,CHEMBL3728061,CC1CN(CC1(F)F)c2nc(cc(n2)c3cnc(N)nc3)N4C[C@@H]5C[C@H]4CO5,7.63
40,CHEMBL3732147,CCc1nc(cc(n1)c2cnc(N)c(OC(F)F)c2)N3CC(C)(C3)OC,7.63
41,CHEMBL3729093,C[C@H]1CN(C[C@H]1F)c2nc(cc(n2)c3cnc(N)nc3)N4C[C@@H]5C[C@H]4CO5,7.63
42,CHEMBL3727400,Nc1ncc(cc1OC(F)F)c2cc(nc(n2)N3CCCC3)N4C[C@H]5C[C@@H]4CO5,7.64
43,CHEMBL3729456,CC1(F)CCN(C1)c2nc(cc(n2)c3cnc(N)nc3)N4C[C@@H]5C[C@H]4CO5,7.65
44,CHEMBL3731631,CCc1nc(cc(n1)c2cnc(N)c(OC(F)F)c2)[C@H]3[C@@H]4CN(C[C@H]34)C5CCOC5,7.65
45,CHEMBL3715836,CC(C)n1nc(cc1C2CCN(C2)C3COC3)c4cnc5[nH]cc(Cl)c5c4,7.66
46,CHEMBL3715323,CC(C)n1nc(cc1[C@H]2[C@@H]3CN(C[C@H]23)C4COC4)c5cnc(N)c(c5)C#N,7.66
47,CHEMBL3715738,CC(C)n1nc(cc1[C@H]2[C@@H]3CN(C[C@H]23)C4COC4)c5cnc(N)c(c5)C6CC6,7.66
48,CHEMBL3728848,COC1CCN(C1)c2nc(cc(n2)c3cnc(N)c(OC(F)F)c3)N4CC5CC4CO5,7.66
49,CHEMBL1230609,COc1cc2c(Oc3ccc(NC(=O)C4(CC4)C(=O)Nc5ccc(F)cc5)cc3F)ccnc2cc1OCCCN6CCOCC6,7.66
50,CHEMBL3716363,Nc1ncc(cc1Cl)c2cc([C@H]3[C@@H]4CN(C[C@H]34)C5COC5)n(CC(F)(F)F)n2,7.66
51,CHEMBL3727519,Nc1ncc(cc1OC(F)F)c2cc(nc(n2)N3CC[C@H](F)C3)[C@H]4CC[C@H](C4)N5CCOCC5,7.66
52,CHEMBL3717907,Nc1ncc(cc1C2CC2)c3cc([C@H]4[C@@H]5CN(C[C@H]45)C6COC6)n(CC7CC7)n3,7.68
53,CHEMBL3733035,Nc1ncc(cc1OC(F)F)c2cc(nc(n2)N3CCC(F)(F)CC3)N4C[C@@H]5C[C@H]4CO5,7.68
54,CHEMBL3729285,Nc1ncc(cc1OC(F)F)c2cc(cc(n2)N3CCC3)[C@H]4[C@@H]5CN(C[C@H]45)C6COC6,7.69
55,CHEMBL3731339,CC(=O)N1CC2C(C1)C2c3cc(nc(n3)N4CC5CC4C5)c6cnc(N)nc6,7.7
56,CHEMBL3732231,CC1CC1c2nc(cc(n2)c3cnc(N)c(OC(F)F)c3)N4C[C@@H]5C[C@H]4CO5,7.7
57,CHEMBL3719330,COc1cc(cnc1N)c2cc([C@H]3[C@@H]4CN(C[C@H]34)C5COC5)n(n2)C6CCC6,7.7
58,CHEMBL3729569,Nc1ncc(cc1C(F)(F)F)c2cc(nc(n2)N3CC4CC3C4)[C@@H]5[C@@H]6CN(C[C@H]56)C7COC7,7.7
59,CHEMBL3731159,Nc1ncc(cc1OC(F)(F)F)c2cc(nc(n2)C3CC3)N4C[C@@H]5C[C@H]4CO5,7.7
60,CHEMBL3733015,Nc1ncc(cc1OC(F)(F)F)c2cc(nc(n2)N3CC4CC3C4)[C@@H]5[C@@H]6CN(C[C@H]56)C7COC7,7.7
61,CHEMBL3732769,Nc1ncc(cc1OC(F)F)c2cc(cc(n2)C3CC3)C4CN(C4)C5COC5,7.7
62,CHEMBL3727638,Nc1ncc(cc1OC(F)F)c2cc(nc(n2)C3CC3)[C@@H]4[C@@H]5CN(C[C@H]45)C6COC6,7.7
63,CHEMBL3730851,Nc1ncc(cc1OC(F)F)c2cc(nc(n2)C3CCOC3)N4C[C@@H]5C[C@H]4CO5,7.7
64,CHEMBL3732234,Nc1ncc(cc1OC(F)F)c2cc(nc(n2)N3CC(F)C3)N4C[C@@H]5C[C@H]4CO5,7.7
65,CHEMBL3729945,Nc1ncc(cn1)c2cc(nc(n2)N3CC4CC3C4)N5C[C@@H]6C[C@H]5CO6,7.7
66,CHEMBL3728872,Nc1ncc(cc1OC(F)F)c2cc(nc(n2)C3(CC3)C(F)(F)F)N4C[C@@H]5C[C@H]4CO5,7.71
67,CHEMBL3717119,CC(C)n1nc(cc1C2CCN(CC2)C(=O)C)c3cnc4[nH]cc(C)c4c3,7.72
68,CHEMBL3729227,COCCN1C[C@@H]2[C@H](C1)[C@H]2c3cc(nc(n3)C4CC4)c5cnc(N)c(Oc6ccccn6)c5,7.72
69,CHEMBL3715141,FC(F)(F)c1c[nH]c2ncc(cc12)c3cc(C4CN(C4)C5COC5)n(n3)C6CCOC6,7.72
70,CHEMBL3729505,Nc1ncc(cc1OC(F)F)c2cc(nc(n2)N3CCC3)N4CCC5(CCOC5)C4,7.72
71,CHEMBL3729553,Nc1ncc(cc1OC(F)F)c2cc(nc(n2)N3CC[C@H](F)C3)N4CC(C4)N5CCOCC5,7.73
72,CHEMBL3733255,COCC1(F)CCN(C1)c2cc(nc(n2)N3CCC(F)(COC)C3)c4cnc(N)c(OC(F)F)c4,7.74
73,CHEMBL3729524,COCCN1C[C@@H]2C[C@H]1CN2c3cc(nc(n3)C4CC4)c5cnc(N)c(c5)C(F)(F)F,7.74
74,CHEMBL3729721,Nc1ncc(cc1OC(F)F)c2cc(nc(n2)N3CCC(F)CC3)N4C[C@@H]5C[C@H]4CO5,7.74
75,CHEMBL3393339,CCc1cc(cc(Nc2cc(ccn2)C#N)n1)C3CCN(CC3)C4COC4,7.75
76,CHEMBL3393315,Cc1nc(Nc2cc(ccn2)C3CC3)cc(n1)C4CCCN(C4)C(=O)c5ccccc5,7.75
77,CHEMBL3728313,Cc1nccn1c2cc(nc(n2)N3CC4CC3C4)c5cnc(N)c(OC(F)F)c5,7.75
78,CHEMBL3730377,Nc1ncc(cc1C(F)(F)F)c2cc(nc(n2)N3CC4CC3C4)N5C[C@@H]6C[C@H]5CO6,7.75
79,CHEMBL3716053,Nc1ncc(cc1Cl)c2cc([C@H]3[C@@H]4CN(C[C@H]34)C5COC5)n(n2)C6CCC6,7.75
80,CHEMBL3730808,Nc1ncc(cc1OC(F)F)c2cc(nc(n2)N3CC4CC3CC4F)N5C[C@@H]6C[C@H]5CO6,7.75
81,CHEMBL3727618,Nc1ncc(cc1OC(F)F)c2cc(nc(n2)N3C[C@@H](F)[C@@H](F)C3)N4CC(C4)N5CCOCC5,7.75
82,CHEMBL3728116,CCc1nc(cc(n1)c2cnc(N)c(OC(F)F)c2)[C@H]3[C@@H]4CN(CC(C)O)C[C@H]34,7.76
83,CHEMBL3731682,C[C@@]1(F)CCN(C1)c2nc(cc(n2)c3cnc(N)c(OC(F)F)c3)[C@@H]4C[C@@H](C4)N5CCOCC5,7.76
84,CHEMBL3730871,CC(c1nc(cc(n1)c2cnc(N)c(OC(F)F)c2)N3C[C@@H]4C[C@H]3CO4)C(F)(F)F,7.77
85,CHEMBL3727767,CCc1nc(cc(n1)c2cnc(N)c(OC(F)F)c2)N3CC(C3)OC,7.77
86,CHEMBL3731464,Nc1ncc(cc1OC(F)F)c2cc(nc(CC3CC3(F)F)n2)N4C[C@@H]5C[C@H]4CO5,7.77
87,CHEMBL3728939,Nc1ncc(cc1OC(F)F)c2cc(nc(n2)N3CC(C3)C(F)F)N4C[C@@H]5C[C@H]4CO5,7.77
88,CHEMBL3727844,Nc1ncc(cc1OC(F)F)c2cc(nc(n2)N3CCC3)N4CCC5(CC4)COC5,7.77
89,CHEMBL3733234,Nc1ncc(cc1OC(F)F)c2cc(nc(n2)N3CCC4(CCOC4)C3)N5C[C@@H]6C[C@H]5CO6,7.78
90,CHEMBL3732188,Nc1ncc(cc1OC(F)F)c2cc(nc(n2)N3C[C@H]4COC[C@H]4C3)N5C[C@@H]6C[C@H]5CO6,7.78
91,CHEMBL3729112,Nc1ncc(cc1OC2CC2)c3cc(nc(n3)N4CC5CC4C5)N6C[C@@H]7C[C@H]6CO7,7.78
92,CHEMBL3729252,Nc1ncc(cc1OC(F)F)c2cc(nc(n2)N3CC4CC3C4)[C@H]5[C@@H]6CN(C[C@H]56)c7nccs7,7.79
93,CHEMBL3729976,Nc1ncc(cc1OC(F)F)c2cc(nc(n2)N3CCC(F)(F)C3)C4CCN(C4)C5COC5,7.79
94,CHEMBL3728354,CC1CN(CCN1c2cc(nc(n2)C3CC3)c4cnc(N)c(OC(F)F)c4)C5COC5,7.8
95,CHEMBL3733208,COCCN1CCN(CC1C)c2cc(nc(n2)C3CC3)c4cnc(N)c(OC(F)F)c4,7.8
96,CHEMBL3717490,Nc1ncc(cc1C(F)F)c2cc([C@H]3[C@@H]4CN(C[C@H]34)C5COC5)n(n2)C6CCCC6,7.8
97,CHEMBL3732674,Nc1ncc(cc1OC(F)F)c2cc(nc(n2)C3CC3)N4CCC4,7.8
98,CHEMBL3732217,Nc1ncc(cc1OC(F)F)c2cc(nc(n2)N3CCC(F)(F)C3)N4CCN5CCCC5C4,7.8
99,CHEMBL3732158,Nc1ncc(cc1OC(F)F)c2cc(nc(n2)N3CC[C@H](F)C3)[C@H]4CC[C@@H](C4)N5CCOCC5,7.8
100,CHEMBL3728626,Nc1ncc(cc1OC(F)F)c2cc(nc(n2)C3CCC(F)(F)C3)N4C[C@@H]5C[C@H]4CO5,7.81
101,CHEMBL3716456,CC(C)n1nc(cc1C2CCN(CC2)C3COC3)c4cnc5[nH]cc(Cl)c5c4,7.82
102,CHEMBL3730465,CCc1nc(cc(n1)c2cnc(N)c(OC(F)F)c2)N3CC(F)C3,7.82
103,CHEMBL3714830,Cn1nc(cc1C2CCN(CC2)C3COC3)c4cnc5[nH]cc(c5c4)C(F)(F)F,7.82
104,CHEMBL3732998,Nc1ncc(cc1OC(F)F)c2cc(nc(n2)C3CC3)[C@H]4[C@@H]5CN(C[C@H]45)C6CCOC6,7.82
105,CHEMBL3731707,Nc1ncc(cc1OC(F)F)c2cc(nc(n2)N3CC4CC3C4)[C@H]5[C@@H]6COC[C@H]56,7.83
106,CHEMBL3733185,Nc1ncc(cc1OC(F)F)c2cc(nc(n2)N3CCC(F)(F)C3)[C@@H]4C[C@H](C4)N5CCOCC5,7.83
107,CHEMBL3731139,CN(C1CCOC1)C2CN(C2)c3cc(nc(n3)N4CCC(F)(F)C4)c5cnc(N)c(OC(F)F)c5,7.84
108,CHEMBL3730929,Nc1ncc(cc1OC(F)F)c2cc(nc(n2)N3CCC3)N4C[C@H]5COC[C@H]5C4,7.84
109,CHEMBL3393331,CC(C)(C#N)c1cc(Nc2cc(ccn2)C#N)nc(c1)N3CCC(F)(F)C3,7.85
110,CHEMBL3714890,CC(C)Oc1cc(cnc1N)c2cc([C@H]3[C@@H]4CN(C[C@H]34)C5COC5)n(n2)C(C)C,7.85
111,CHEMBL3729051,Nc1ncc(cc1OC(F)F)c2cc(nc(n2)C3CC3)N4C[C@H]5CN(C6COC6)[C@H]5C4,7.85
112,CHEMBL3731594,Nc1ncc(cc1OC(F)F)c2cc(nc(n2)N3CC4CCOC4C3)N5CC6CC5CO6,7.85
113,CHEMBL3729863,Nc1ncc(cc1OC(F)F)c2cc(nc(n2)N3CCC4(COC4)C3)N5C[C@@H]6C[C@H]5CO6,7.85
114,CHEMBL3733343,COCCN1C[C@@H]2C[C@H]1CN2c3cc(nc(n3)N4CC5CC4C5)c6cnc(N)c(OC(F)(F)F)c6,7.86
115,CHEMBL3733135,Nc1ncc(cc1OC(F)F)c2cc(nc(n2)N3CC4CC3CC4(F)F)N5C[C@@H]6C[C@H]5CO6,7.86
116,CHEMBL3731724,C[C@]1(F)CCN(C1)c2nc(cc(n2)c3cnc(N)c(Cl)c3)N4C[C@@H]5C[C@H]4CO5,7.89
117,CHEMBL3715873,FC(F)(F)c1c[nH]c2ncc(cc12)c3cc(C4CCOC4)n(n3)C5CCC(F)(F)C5,7.89
118,CHEMBL3718960,FC(F)(F)c1c[nH]c2ncc(cc12)c3cc(C4CN(C4)C5COC5)n(n3)C6CCC(F)(F)C6,7.89
119,CHEMBL3714846,Nc1ncc(cc1OC(F)(F)F)c2cc([C@H]3[C@@H]4CN(C[C@H]34)C5COC5)n(n2)C6CCC6,7.89
120,CHEMBL3715610,Nc1ncc(cc1OC(F)F)c2cc([C@H]3[C@@H]4CN(C[C@H]34)C5COC5)n(CC6CCC6)n2,7.89
121,CHEMBL3729443,Nc1ncc(cc1OC(F)F)c2cc(nc(n2)C3CC(F)(F)C3)N4C[C@@H]5C[C@H]4CO5,7.89
122,CHEMBL3732948,Nc1ncc(cc1OC(F)F)c2cc(nc(n2)C3CC3)N4CCC(C4)N5CCOCC5,7.89
123,CHEMBL3733034,Nc1ncc(cc1OC(F)F)c2cc(nc(n2)C3CCOCC3)N4C[C@@H]5C[C@H]4CO5,7.89
124,CHEMBL3729943,Nc1ncc(cc1OC(F)F)c2cc(nc(n2)N3CCC(F)(F)C3)C4CCC(C4)N5CCOCC5,7.89
125,CHEMBL3732543,CC1N(CCC1(F)F)c2nc(cc(n2)c3cnc(N)c(OC(F)F)c3)N4C[C@@H]5C[C@H]4CO5,7.9
126,CHEMBL3716132,CC(=O)N1CCC(CC1)c2cc(nn2C)c3cnc4[nH]cc(c4c3)C(F)(F)F,7.92
127,CHEMBL3727644,COC1(C)CN(C1)c2cc(nc(n2)C3CC3)c4cnc(N)c(OC(F)F)c4,7.92
128,CHEMBL3731841,COCCN1C[C@@H]2C[C@H]1CN2c3cc(nc(n3)N4CC5CC4C5)c6cnc(N)c(c6)C(F)(F)F,7.92
129,CHEMBL3732140,C[C@H]1CCCN1c2nc(cc(n2)c3cnc(N)c(OC(F)F)c3)N4C[C@@H]5C[C@H]4CO5,7.92
130,CHEMBL3715814,Nc1ncc(cc1C(F)F)c2cc([C@H]3[C@@H]4CN(C[C@H]34)C5COC5)n(n2)C6CC6,7.92
131,CHEMBL3731763,Nc1ncc(cc1OC(F)F)c2cc(nc(n2)C3CC3(F)F)N4C[C@@H]5C[C@H]4CO5,7.92
132,CHEMBL3732260,Nc1ncc(cc1OC(F)F)c2cc(nc(n2)N3CCC3)N4CCC4,7.92
133,CHEMBL3729651,Nc1ncc(cc1OC(F)F)c2cc(nc(n2)N3CCC(F)(F)C3)C4CC(O)C4,7.93
134,CHEMBL3730375,CCc1nc(cc(n1)c2cnc(N)c(OC(F)F)c2)N3CCC(C)(O)C3,7.94
135,CHEMBL3732627,COCCN1CC(C1)c2cc(nc(c2)c3cnc(N)c(OC(F)F)c3)C4CC4,7.94
136,CHEMBL3728310,Nc1ncc(cc1OC(F)F)c2cc(cc(n2)C3CC3)C4CCN(CC4)C5COC5,7.94
137,CHEMBL3728669,CC1(F)CCN(C1)c2nc(cc(n2)c3cnc(N)c(F)c3)N4C[C@@H]5C[C@H]4CO5,7.95
138,CHEMBL3732758,Nc1ncc(cc1OC(F)F)c2cc(nc(n2)N3CCC(F)(F)C3)N4CC(C4)N5CCC(F)(F)CC5,7.95
139,CHEMBL3728386,Nc1ncc(cc1OC(F)F)c2cc(nc(n2)N3CCC4(C3)CC4(F)F)N5C[C@@H]6C[C@H]5CO6,7.95
140,CHEMBL3717487,CC(C)Oc1cc(cnc1N)c2cc([C@H]3[C@@H]4CN(C[C@H]34)C5COC5)n(n2)C6CCC6,7.96
141,CHEMBL3718678,CC(C)n1nc(cc1[C@H]2[C@@H]3CN(CC(C)(C)O)C[C@H]23)c4cnc(N)c(c4)C(F)(F)F,7.96
142,CHEMBL3732256,CC1(F)CCN(C1)c2nc(cc(n2)c3cnc(N)nc3)N4C[C@@H]5C[C@H]4CN5CC(F)F,7.96
143,CHEMBL3718754,COCCN1C[C@@H]2[C@H](C1)[C@H]2c3cc(nn3CC(F)(F)F)c4cnc(N)c(Cl)c4,7.96
144,CHEMBL3716550,Nc1ncc(cc1C2CC2)c3cc([C@H]4[C@@H]5CN(C[C@H]45)C6COC6)n(n3)C7CCC7,7.96
145,CHEMBL3729085,Nc1ncc(cc1OC(F)F)c2cc(nc(n2)N3CC4CC3C(F)(F)C4)N5C[C@@H]6C[C@H]5CO6,7.96
146,CHEMBL3729751,Nc1ncc(cc1OC(F)F)c2cc(nc(n2)N3CCC(F)(F)C3)[C@@H]4C[C@H](C4)N5C[C@@H]6C[C@H]5CO6,7.96
147,CHEMBL3733205,CC1(F)CCN(C1)c2nc(cc(n2)c3cnc(N)c(OC(F)F)c3)C4CN(C4)C5COC5,7.97
148,CHEMBL3732465,Nc1ncc(cn1)c2cc(nc(n2)N3CCC4(C3)CC4(F)F)N5C[C@@H]6C[C@H]5CO6,7.97
149,CHEMBL3732320,CC(C)c1nc(cc(n1)c2cnc(N)c(OC(F)F)c2)N3C[C@@H]4C[C@H]3CO4,7.98
150,CHEMBL3732962,Nc1ncc(cc1OC(F)F)c2cc(nc(n2)N3CCC(F)(F)C3)[C@@H]4C[C@@H](C4)N5CCOCC5,7.98
151,CHEMBL3727899,Nc1ncc(cc1OC(F)F)c2cc(nc(n2)N3CC[C@@H](F)C3)N4C[C@@H]5C[C@H]4C[S+]5[O-],7.98
152,CHEMBL3732707,Nc1ncc(cc1OC(F)F)c2cc(nc(n2)C3CCC(F)C3)N4C[C@@H]5C[C@H]4CO5,7.99
153,CHEMBL3728371,Nc1ncc(cc1OC(F)F)c2cc(nc(n2)N3CC4CCC3C4)N5C[C@@H]6C[C@H]5CO6,7.99
154,CHEMBL3728693,Nc1ncc(cc1OC(F)F)c2cc(nc(n2)N3CCC(F)(F)C3)N4CC(C4)N5CCCC5,7.99
155,CHEMBL3717492,CC(=O)N1CC(C1)c2cc(nn2CC3CC3)c4cnc5[nH]cc(c5c4)C(F)(F)F,8.0
156,CHEMBL3732600,CC(=O)N1C[C@@H]2C[C@H]1CN2c3cc(nc(n3)N4CC5CC4C5)c6cnc(N)c(c6)C(F)(F)F,8.0
157,CHEMBL3727625,CC(=O)N1C[C@@H]2[C@H](C1)[C@H]2c3cc(nc(n3)C4CC4)c5cnc(N)c(OC(F)F)c5,8.0
158,CHEMBL3728240,CC(C)(O)CN1C[C@@H]2C[C@H]1CN2c3cc(nc(n3)N4CC5CC4C5)c6cnc(N)nc6,8.0
159,CHEMBL3732808,CC(C)(O)CN1C[C@@H]2[C@H](C1)[C@@H]2c3cc(nc(n3)N4CC5CC4C5)c6cnc(N)nc6,8.0
160,CHEMBL3730738,CC(Oc1cc(cnc1N)c2cc(nc(n2)C3CC3)N4CCC4)c5ccn(C)n5,8.0
161,CHEMBL3729672,CCC(=O)N1C[C@@H]2[C@H](C1)[C@H]2c3cc(nc(n3)C4CC4)c5cnc(N)c(OC(F)F)c5,8.0
162,CHEMBL3730836,COCCN1C[C@@H]2C[C@H]1CN2c3cc(nc(n3)N4CC5CC4C5)c6cnc(N)nc6,8.0
163,CHEMBL3729191,COCCN1C[C@@H]2[C@H](C1)[C@H]2c3cc(nc(n3)N4CC5CC4C5)c6cnc(N)c(OC(F)(F)F)c6,8.0
164,CHEMBL3729719,Nc1ncc(cc1OC(F)(F)F)c2cc(nc(n2)N3CC4CC3C4)N5C[C@@H]6C[C@H]5CO6,8.0
165,CHEMBL3731955,Nc1ncc(cc1OC(F)F)c2cc(nc(n2)N3CC4(CCC4)C3)N5C[C@@H]6C[C@H]5CO6,8.0
166,CHEMBL3732271,Nc1ncc(cc1OC(F)F)c2cc(nc(n2)N3CC4CC3C4)N5C[C@@H]6C[C@H]5CN6C7COC7,8.0
167,CHEMBL3732387,Nc1ncc(cc1OC(F)F)c2cc(nc(n2)N3CCC(F)(F)C3)N4CC(C4)n5cccn5,8.0
168,CHEMBL3732560,Nc1ncc(cn1)c2cc(nc(n2)N3CC4CC3C4)N5C[C@@H]6CC[C@H]5C6,8.0
169,CHEMBL3731771,Nc1ncc(cc1OC(F)F)c2cc(nc(n2)N3CC4C(C3)C4(Cl)Cl)N5C[C@@H]6C[C@H]5CO6,8.01
170,CHEMBL3728673,Nc1ncc(cc1OC(F)F)c2cc(nc(n2)N3CC4CC3C4)N5CCC(C5)N6CCOCC6,8.01
171,CHEMBL3732400,Nc1ncc(cc1OC(F)F)c2cc(nc(n2)N3CCC(F)(F)C3)N4CCC(C4)N5CCOCC5,8.01
172,CHEMBL3732042,C[C@@]1(F)CCN(C1)c2nc(cc(n2)c3cnc(N)c(OC(F)F)c3)N4C[C@H]5C[C@@H]4CO5,8.02
173,CHEMBL3719370,FC(F)(F)c1c[nH]c2ncc(cc12)c3cc([C@@H]4CCOC4)n(n3)[C@@H]5CCOC5,8.02
174,CHEMBL3717402,FC(F)(F)c1c[nH]c2ncc(cc12)c3cc([C@@H]4CCOC4)n(n3)[C@H]5CCOC5,8.02
175,CHEMBL3716996,FC(F)(F)c1c[nH]c2ncc(cc12)c3cc([C@H]4CCOC4)n(n3)[C@@H]5CCOC5,8.02
176,CHEMBL3715815,FC(F)(F)c1c[nH]c2ncc(cc12)c3cc([C@H]4CCOC4)n(n3)[C@H]5CCOC5,8.02
177,CHEMBL3732918,Nc1ncc(cc1OC(F)F)c2cc(nc(CC(F)F)n2)N3C[C@@H]4C[C@H]3CO4,8.02
178,CHEMBL3730483,Nc1ncc(cc1OC(F)F)c2cc(nc(n2)N3CC4CC3C4)N5CC(C5)N6CCOCC6,8.02
179,CHEMBL3727603,Nc1ncc(cc1OC(F)F)c2cc(nc(n2)N3CCC(F)(F)C3)[C@@H]4C[C@@H](C4)N5C[C@@H]6C[C@H]5CO6,8.02
180,CHEMBL3728681,Nc1ncc(cc1OC(F)F)c2cc(nc(n2)N3CCC3)N4CC5(CCOC5)C4,8.02
181,CHEMBL3732640,CC(C)(O)CN1CC(C1)c2cc(nc(c2)c3cnc(N)c(OC(F)F)c3)C4CC4,8.03
182,CHEMBL3716231,COCCN1C[C@@H]2[C@H](C1)[C@H]2c3cc(nn3C(C)C)c4cnc(N)c(c4)C(F)(F)F,8.03
183,CHEMBL3731838,Nc1ncc(cc1OC(F)F)c2cc(nc(n2)N3CCC(F)(F)C3)N4C[C@@H]5C[C@H]4CS5(=O)=O,8.03
184,CHEMBL3730817,Nc1ncc(cc1OC(F)F)c2cc(nc(n2)N3CCC3)N4C[C@@H]5C[C@H]4CS5,8.03
185,CHEMBL3718242,CC(C)n1nc(cc1[C@H]2[C@@H]3CN(C[C@H]23)C4COC4)c5cnc(N)c(c5)C(C)(F)F,8.04
186,CHEMBL3729103,CC(C)Oc1cc(cnc1N)c2cc(nc(n2)N3CC4CC3C4)N5C[C@@H]6C[C@H]5CO6,8.05
187,CHEMBL3718574,Nc1ncc(cc1C(F)(F)F)c2cc([C@H]3[C@@H]4CN(C[C@H]34)C5COC5)n(n2)C6CCCC6,8.05
188,CHEMBL3729060,Nc1ncc(cc1OC(F)F)c2cc(nc(n2)N3CC4CC(F)(F)C4C3)N5C[C@@H]6C[C@H]5CO6,8.05
189,CHEMBL3727553,Nc1ncc(cc1OC(F)F)c2cc(nc(n2)N3CC4CC3C4)N5CCC5,8.06
190,CHEMBL3728516,Nc1ncc(cc1OC(F)F)c2cc(nc(n2)N3CC4CC3C4)N5C[C@H]6C[C@@H]5CO6,8.06
191,CHEMBL3729913,CN(C)C1CN(C1)c2cc(nc(n2)N3CCC(F)(F)C3)c4cnc(N)c(OC(F)F)c4,8.07
192,CHEMBL3728459,COC1CN(C1)c2cc(nc(n2)C3CC3)c4cnc(N)c(OC(F)F)c4,8.07
193,CHEMBL3732429,Nc1ncc(cc1OC(F)F)c2cc(nc(n2)C3CC3)N4CC[C@@H](F)C4,8.08
194,CHEMBL3728789,Nc1ncc(cc1OC(F)F)c2cc(nc(n2)C3CC3)N4C[C@@H]5C[C@H]4CN5CC(F)F,8.08
195,CHEMBL3714822,Nc1ncc(cc1C(F)(F)F)c2cc([C@H]3[C@@H]4CN(C[C@H]34)C5COC5)n(CC6CCC6)n2,8.09
196,CHEMBL3731117,Nc1ncc(cc1OC(F)F)c2cc(nc(n2)N3CC4CC3C4)N5C[C@@H]6OC[C@H]5C6F,8.09
197,CHEMBL3730533,Nc1ncc(cc1OC(F)F)c2cc(nc(n2)N3CCC(F)(F)C3)N4CC(C4)N5CC(F)C5,8.09
198,CHEMBL3729121,Nc1ncc(cc1OC(F)F)c2cc(nc(n2)N3CCC(F)(F)C3)N4CC(C4)N5CCC(F)(F)C5,8.09
199,CHEMBL3727990,Nc1ncc(cc1OC(F)F)c2cc(nc(n2)N3CCC(F)(F)C3)N4C[C@@H]5OC[C@H]4C5F,8.09
200,CHEMBL3727946,Nc1ncc(cc1OC(F)F)c2cc(nc(n2)N3CC[C@@H](F)C3)N4C[C@@H]5C[C@H]4CS5(=O)=O,8.09
201,CHEMBL3731965,Nc1ncc(cc1OC(F)F)c2cc(nc(n2)N3C[C@@H](F)[C@@H](F)C3)[C@H]4CC[C@@H](C4)N5CCOCC5,8.09
202,CHEMBL3729351,CC(C)Oc1cc(cnc1N)c2cc(nc(n2)C3CC3)N4C[C@@H]5C[C@H]4CO5,8.1
203,CHEMBL3714987,CC(C)n1nc(cc1[C@H]2[C@@H]3CN(C[C@H]23)C4COC4)c5cnc(N)c(OC(F)F)c5,8.1
204,CHEMBL3732496,CC1(F)CCN(C1)c2nc(cc(n2)c3cnc(N)c(OC(F)F)c3)[C@@H]4C[C@H](C4)N5CCOCC5,8.1
205,CHEMBL3727659,CCC(=O)N1C[C@@H]2[C@H](C1)[C@@H]2c3cc(nc(n3)N4CC5CC4C5)c6cnc(N)c(OC(F)F)c6,8.1
206,CHEMBL3393335,COC1CN(C1)c2cc(cc(Nc3cc(ccn3)C#N)n2)C4CCN(CC4)C5COC5,8.1
207,CHEMBL3731696,COCC1(F)CCN(C1)c2nc(cc(n2)c3cnc(N)c(OC(F)F)c3)N4C[C@@H]5C[C@H]4CO5,8.1
208,CHEMBL3717538,COCCN1C[C@@H]2[C@H](C1)[C@H]2c3cc(nn3CC4CC4)c5cnc(N)c(c5)C(F)(F)F,8.1
209,CHEMBL3393336,N#Cc1ccnc(Nc2cc(cc(n2)N3CCC3)C4CCN(CC4)C5COC5)c1,8.1
210,CHEMBL3732209,Nc1ncc(cc1OC(F)F)c2cc(nc(n2)C3CCOC3)N4C[C@@H]5C[C@H]4CS5,8.1
211,CHEMBL3731804,Nc1ncc(cc1OC(F)F)c2cc(nc(n2)c3ccccn3)N4C[C@@H]5C[C@H]4CO5,8.1
212,CHEMBL3732198,C[C@@]1(F)CCN(C1)c2nc(cc(n2)c3cnc(N)c(OC(F)F)c3)N4C[C@@H]5C[C@H]4CO5,8.12
213,CHEMBL3730195,Nc1ncc(cc1OC(F)F)c2cc(nc(n2)N3CCC(F)(F)C3)N4CC(C4)N5CCCOCC5,8.12
214,CHEMBL3728986,CC1(F)CCN(C1)c2cc(cc(n2)c3cnc(N)c(OC(F)F)c3)C4CN(C4)C5COC5,8.13
215,CHEMBL3728651,CCC1(F)CCN(C1)c2nc(cc(n2)c3cnc(N)c(OC(F)F)c3)N4C[C@@H]5C[C@H]4CO5,8.13
216,CHEMBL3732417,COC1CCN(C1)c2cc(nc(n2)N3CC4CC3C4)c5cnc(N)c(OC(F)F)c5,8.13
217,CHEMBL3715469,COc1cc(cnc1N)c2cc([C@H]3[C@@H]4CN(C[C@H]34)C5COC5)n(n2)C(C)C,8.13
218,CHEMBL3719037,Nc1ncc(cc1OC(F)F)c2cc([C@H]3[C@@H]4CN(C[C@H]34)C5COC5)n(n2)C6CCCC6,8.13
219,CHEMBL3731106,Nc1ncc(cc1OC(F)F)c2cc(nc(n2)N3CCC(F)(F)C3)N4CC(C4)N5CC[C@H](F)C5,8.13
220,CHEMBL3728901,Nc1ncc(cc1OC(F)F)c2cc(nc(n2)C3CC3)N4CC[C@H](F)C4,8.14
221,CHEMBL3729735,Nc1ncc(cc1OC(F)F)c2cc(nc(n2)N3CC[C@H](F)C3)N4CCC4,8.14
222,CHEMBL3733168,C[C@]1(F)CCN(C1)c2nc(cc(n2)c3cnc(N)c(c3)C(F)(F)F)N4C[C@@H]5C[C@H]4CO5,8.15
223,CHEMBL3717622,Cc1c[nH]c2ncc(cc12)c3cc([C@@H]4CCOC4)n(n3)[C@@H]5CCC(F)(F)C5,8.15
224,CHEMBL3718463,Cc1c[nH]c2ncc(cc12)c3cc([C@@H]4CCOC4)n(n3)[C@H]5CCC(F)(F)C5,8.15
225,CHEMBL3719179,Cc1c[nH]c2ncc(cc12)c3cc([C@H]4CCOC4)n(n3)[C@@H]5CCC(F)(F)C5,8.15
226,CHEMBL3718217,Cc1c[nH]c2ncc(cc12)c3cc([C@H]4CCOC4)n(n3)[C@H]5CCC(F)(F)C5,8.15
227,CHEMBL3729547,CC1(CN2C[C@@H]3[C@H](C2)[C@H]3c4cc(nc(n4)C5CC5)c6cnc(N)c(OC(F)F)c6)COC1,8.16
228,CHEMBL3729567,COCCN1C[C@@H]2[C@H](C1)[C@H]2c3cc(nc(n3)N4CC5CC4C5)c6cnc(N)c(c6)C(F)(F)F,8.16
229,CHEMBL3393321,FC(F)(F)c1ccnc(Nc2cc(nc(n2)N3CCC(F)(F)C3)C4CCCNC4)c1,8.16
230,CHEMBL3393320,FC(F)(F)c1ccnc(Nc2cc(nc(n2)N3CCCC3)C4CCCNC4)c1,8.16
231,CHEMBL3730248,Nc1ncc(cc1OC(F)F)c2cc(nc(n2)N3C[C@@H](F)[C@@H](F)C3)[C@H]4CC[C@H](C4)N5CCOCC5,8.16
232,CHEMBL3730391,COC1(C)CN(C1)c2cc(nc(n2)N3CCC3)c4cnc(N)c(OC(F)F)c4,8.18
233,CHEMBL3730621,Nc1ncc(cc1OC(F)F)c2cc(nc(n2)C3CC3)N4CC(F)C4,8.18
234,CHEMBL3730475,Nc1ncc(cc1OC(F)F)c2cc(nc(n2)N3CCC(F)(F)C3)N4CC(C4)N5CC[C@@H](F)C5,8.18
235,CHEMBL3732667,Nc1ncc(cc1OC(F)F)c2cc(nc(n2)N3CC[C@@H]4C[C@H]34)N5C[C@@H]6C[C@H]5CO6,8.18
236,CHEMBL3717882,CC(C)n1nc(cc1C2CN(C2)C(=O)C)c3cnc4[nH]cc(c4c3)C(F)(F)F,8.19
237,CHEMBL3733212,CC1(F)CCN(C1)c2nc(cc(n2)c3cnc(N)c(OC(F)F)c3)N4CCCOCC4,8.19
238,CHEMBL3728640,Nc1ncc(cc1OC(F)F)c2cc(nc(n2)C3CC4CCC3C4)N5C[C@@H]6C[C@H]5CO6,8.19
239,CHEMBL3731322,Nc1ncc(cc1OC(F)F)c2cc(nc(n2)N3CC[C@@H](F)C3)N4C[C@@H]5C[C@H]4CS5.OC=O,8.19
240,CHEMBL3731770,Nc1ncc(cc1OC(F)F)c2cc(nc(n2)N3C[C@@H](F)[C@@H](F)C3)N4C[C@H]5C[C@@H]4CO5,8.19
241,CHEMBL3732966,COC1CC2CC1CN2c3cc(nc(n3)N4CCC(F)(F)C4)c5cnc(N)c(OC(F)F)c5,8.2
242,CHEMBL3728729,Nc1ncc(cc1OC(F)F)c2cc(nc(n2)N3CCC(F)(F)C3)N4CC(C4)N5CCOCC5,8.2
243,CHEMBL3731062,Nc1ncc(cc1OC(F)F)c2cc(nc(n2)N3CCC(F)(F)C3)N4CC(C4)N5C[C@@H]6C[C@H]5CO6,8.2
244,CHEMBL3729772,Nc1ncc(cc1OC(F)F)c2cc(nc(n2)N3CCC(F)(F)C3)N4CC(C4)N5CCC(F)CC5,8.21
245,CHEMBL3730513,Nc1ncc(cc1OC(F)F)c2cc(nc(n2)N3CCCC34CC4)N5C[C@@H]6C[C@H]5CO6,8.21
246,CHEMBL3714894,CC(C)n1nc(cc1[C@H]2[C@@H]3CN(CCC#N)C[C@H]23)c4cnc(N)c(c4)C(F)(F)F,8.23
247,CHEMBL3733088,CC(Oc1cc(cnc1N)c2cc(nc(n2)C3CC3)N4C[C@@H]5C[C@H]4CO5)c6ccccc6,8.23
248,CHEMBL3729163,Nc1ncc(cc1OC(F)F)c2cc(nc(n2)N3CC4CC3C4)N5CCC6(CC5)COC6,8.23
249,CHEMBL3727681,Nc1ncc(cc1OC(F)F)c2cc(nc(n2)N3CCCC(F)C3)N4C[C@@H]5C[C@H]4CO5,8.23
250,CHEMBL3728366,Nc1ncc(cc1OC(F)F)c2cc(nc(n2)N3C[C@@H](F)[C@@H](F)C3)N4CCC4,8.23
251,CHEMBL3715950,COCCN1C[C@@H]2[C@H](C1)[C@H]2c3cc(nn3C(C)C)c4cnc(N)c(OC(F)(F)F)c4,8.24
252,CHEMBL3730252,Nc1ncc(cc1OC(F)F)c2cc(nc(n2)C3CCC3)N4C[C@@H]5C[C@H]4CO5,8.24
253,CHEMBL3727721,Nc1ncc(cc1OC(F)F)c2cc(nc(n2)N3CCC(F)(F)C3)N4CC(C4)N5CCCC5=O,8.24
254,CHEMBL3727829,Nc1ncc(cc1OC(F)F)c2cc(nc(n2)N3CCC[C@H]3CF)N4C[C@@H]5C[C@H]4CO5,8.24
255,CHEMBL3716069,CC(C)OC(=O)N1C[C@@H]2[C@H](C1)[C@H]2c3cc(nn3C(C)C)c4cnc(N)c(c4)C(F)(F)F,8.25
256,CHEMBL3718265,CC(C)n1nc(cc1[C@H]2[C@@H]3CN(C[C@H]23)C(=O)C)c4cnc(N)c(c4)C(F)(F)F,8.25
257,CHEMBL3729007,CC(O)CN1C[C@@H]2[C@H](C1)[C@H]2c3cc(nc(n3)C4CC4)c5cnc(N)c(OC(F)F)c5,8.26
258,CHEMBL3718292,COCCN1C[C@@H]2[C@H](C1)[C@H]2c3cc(nn3C(C)C)c4cnc(N)c(OC(F)F)c4,8.26
259,CHEMBL3715482,Nc1ncc(cc1OC(F)F)c2cc([C@H]3[C@@H]4CN(C[C@H]34)C5COC5)n(n2)C6CCC6,8.26
260,CHEMBL3732434,Nc1ncc(cc1OC(F)F)c2cc(nc(n2)N3CCC4(CC4)C3)N5C[C@@H]6C[C@H]5CO6,8.26
261,CHEMBL3727660,CC(Oc1cc(cnc1N)c2cc(nc(n2)C3CC3)N4CCC4)c5ccccn5,8.27
262,CHEMBL3729886,C[C@]1(F)CCN(C1)c2nc(cc(n2)c3cnc(N)nc3)N4C[C@@H]5C[C@H]4CN5CC(F)F,8.27
263,CHEMBL3733164,Nc1ncc(cc1OC(F)F)c2cc(nc(n2)C3CC3)[C@H]4[C@@H]5CC(C[C@H]45)N6CCOCC6,8.28
264,CHEMBL3731104,Nc1ncc(cc1OC(F)F)c2cc(nc(n2)N3CC=C(F)C3)N4C[C@@H]5C[C@H]4CO5,8.29
265,CHEMBL3393332,CC(C)(O)c1cc(Nc2cc(ccn2)C#N)nc(c1)N3CCC(F)(F)C3,8.3
266,CHEMBL3393330,FC1(F)CCN(C1)c2cc(cc(Nc3cc(ccn3)C#N)n2)C4(CCOCC4)C#N,8.3
267,CHEMBL3731967,Nc1ncc(cc1OC(F)F)c2cc(nc(n2)C3CCC3)N4CCC4,8.3
268,CHEMBL3727535,Nc1ncc(cc1OC(F)F)c2cc(nc(n2)N3CC4CC3C4)N5CCOCC5,8.3
269,CHEMBL3728623,Nc1ncc(cc1OC(F)F)c2cc(nc(n2)N3CCC4(COC4)C3)N5C[C@@H]6C[C@H]5CS6,8.3
270,CHEMBL3727565,Nc1ncc(cc1OC(F)F)c2cc(nc(n2)N3CCC[C@H]3C(F)F)N4C[C@@H]5C[C@H]4CO5,8.3
271,CHEMBL3732123,Nc1ncc(cc1OC(F)F)c2cc(nc(n2)N3C[C@@H](F)[C@@H](F)C3)N4C[C@@H]5C[C@H]4CO5,8.3
272,CHEMBL3714884,CC(C)n1nc(cc1[C@H]2[C@@H]3CN(C[C@H]23)S(=O)(=O)C)c4cnc(N)c(c4)C(F)(F)F,8.31
273,CHEMBL3731156,CC1CCN(C1)c2nc(cc(n2)c3cnc(N)c(OC(F)F)c3)N4C[C@@H]5C[C@H]4CO5,8.31
274,CHEMBL3717966,Nc1ncc(cc1C(F)(F)F)c2cc([C@H]3[C@@H]4CN(C[C@H]34)C5COC5)n(n2)C6CC6,8.33
275,CHEMBL3716708,Nc1ncc(cc1OC(F)(F)F)c2cc([C@H]3[C@@H]4CN(C[C@H]34)C5COC5)n(n2)C6CCCC6,8.33
276,CHEMBL3730276,Nc1ncc(cc1OC(F)F)c2cc(nc(n2)c3nccs3)N4C[C@@H]5C[C@H]4CO5,8.33
277,CHEMBL3733108,Nc1ncc(cc1OC(F)F)c2cc(nc(n2)C3CC3)C4CC5CC(C4)CN(C5)C6COC6,8.34
278,CHEMBL3727508,Nc1ncc(cc1OC(F)F)c2cc(nc(n2)N3CC4CC3C4)N5CCC6(CCOC6)C5,8.34
279,CHEMBL3715377,CC(C)n1nc(cc1C2CCN(C2)C3COC3)c4cnc5[nH]cc(C)c5c4,8.35
280,CHEMBL3715745,CC(C)n1nc(cc1[C@H]2[C@@H]3CN(CC(F)(F)F)C[C@H]23)c4cnc(N)c(OC(F)F)c4,8.35
281,CHEMBL3728441,CC1CN(CC1F)c2nc(cc(n2)c3cnc(N)c(OC(F)F)c3)N4C[C@@H]5C[C@H]4CO5,8.35
282,CHEMBL3729605,CCc1cc(cc(n1)c2cnc(N)c(OC(F)F)c2)[C@H]3[C@@H]4CN(CCO)C[C@H]34,8.35
283,CHEMBL3729960,Nc1ncc(cc1OC(F)F)c2cc(nc(n2)N3CCC(F)(F)C3)N4CCC(C4)N5C[C@@H]6C[C@H]5CO6,8.35
284,CHEMBL3730390,Nc1ncc(cc1OC(F)F)c2cc(nc(n2)N3CCC(F)(F)C3)N4C[C@H]5C[C@@H]4CO5,8.35
285,CHEMBL3717559,CC(C)n1nc(cc1[C@H]2[C@@H]3CN(C[C@H]23)C(C)CC#N)c4cnc(N)c(c4)C(F)(F)F,8.36
286,CHEMBL3732702,Nc1ncc(cc1OC(F)F)c2cc(cc(n2)N3CC4CC3C4)C5CN(C5)C6COC6,8.37
287,CHEMBL3730793,COC1CN(C1)c2cc(nc(n2)N3CC4CC3C4)c5cnc(N)c(OC(F)F)c5,8.38
288,CHEMBL3730191,COCCN1CCN(C(C)C1)c2cc(nc(n2)C3CC3)c4cnc(N)c(OC(F)F)c4,8.38
289,CHEMBL3730967,Nc1ncc(cc1OC(F)F)c2cc(nc(n2)N3CC4CC3C4)N5C[C@H]6CCO[C@H]6C5,8.39
290,CHEMBL3731242,Nc1ncc(cc1OC(F)F)c2cc(nc(n2)N3CCC(F)(F)C3)N4CCC5CC4CO5,8.39
291,CHEMBL3730923,Nc1ncc(cc1OC(F)F)c2cc(nc(n2)N3CCC(F)C3)N4C[C@@H]5C[C@H]4CO5,8.39
292,CHEMBL3732744,CC(=O)N1C[C@@H]2C[C@H]1CN2c3cc(nc(n3)N4CC5CC4C5)c6cnc(N)c(OC(F)F)c6,8.4
293,CHEMBL3393314,CC(C)c1ccnc(Nc2cc(nc(C)n2)C3CCCN(C3)C(=O)c4ccccc4)c1,8.4
294,CHEMBL3729832,COCCN1CC2CC(CC(C2)c3cc(nc(n3)C4CC4)c5cnc(N)c(OC(F)F)c5)C1,8.4
295,CHEMBL3716545,Nc1ncc(cc1OC(F)F)c2cc([C@H]3[C@@H]4CN(C[C@H]34)C5COC5)n(CC6CC6)n2,8.41
296,CHEMBL3732323,Nc1ncc(cc1OC(F)F)c2cc(nc(n2)N3CCC(C3)C(F)F)N4C[C@@H]5C[C@H]4CO5,8.41
297,CHEMBL3730040,CC1C(c2nc(cc(n2)c3cnc(N)c(OC(F)F)c3)N4C[C@@H]5C[C@H]4CO5)C1(F)F,8.42
298,CHEMBL3718645,CC(C)n1nc(cc1C2CCN(CC2)C(=O)C)c3cnc4[nH]cc(c4c3)C(F)(F)F,8.43
299,CHEMBL3718912,CC(C)n1nc(cc1C2CCN(CC2)C3COC3)c4cnc5[nH]cc(C)c5c4,8.43
300,CHEMBL3732793,C[C@]1(F)CCN(C1)c2nc(cc(n2)c3cnc(N)c(OC(F)F)c3)N4CCN5CCC[C@@H]5C4,8.43
301,CHEMBL3733341,CO[C@@H](C)CN1C[C@@H]2[C@H](C1)[C@H]2c3cc(nc(n3)C4CC4)c5cnc(N)c(OC(F)F)c5,8.44
302,CHEMBL3731551,Nc1ncc(cc1OC(F)F)c2cc(nc(n2)N3CC[C@H](F)C3)N4C[C@H]5C[C@@H]4CO5,8.45
303,CHEMBL3732383,C[C@]1(F)CCN(C1)c2nc(cc(n2)c3cnc(N)c(OC(F)F)c3)N4C[C@@H]5C[C@H]4CS5(=O)=O,8.48
304,CHEMBL3728997,Nc1ncc(cc1OC(F)F)c2cc(nc(n2)N3CCC(F)(F)C3)N4CC5CC(C4)O5,8.48
305,CHEMBL3732864,Nc1ncc(cc1OC(F)F)c2cc(nc(n2)N3CCC(F)(F)C3)N4CC(C4)N5CCCCC5=O,8.49
306,CHEMBL3730236,Nc1ncc(cc1OC(F)F)c2cc(nc(n2)N3CCCC3)N4C[C@@H]5C[C@H]4CO5,8.49
307,CHEMBL3732088,CC1(C)CN(CCO1)C2CN(C2)c3cc(nc(n3)N4CCC(F)(F)C4)c5cnc(N)c(OC(F)F)c5,8.5
308,CHEMBL3730790,Nc1ncc(cc1OC(F)F)c2cc(nc(n2)C3CC3)N4C[C@@H]5C[C@H]4CS5,8.51
309,CHEMBL3727692,COCCN1C[C@@H]2[C@H](C1)[C@@H]2c3cc(nc(n3)C4CC4)c5cnc(N)c(OC(F)F)c5,8.52
310,CHEMBL3731011,Nc1ncc(cc1OC(F)F)c2cc(nc(n2)N3CC4CC3C4)[C@@H]5[C@@H]6CN(C[C@H]56)C7COC7,8.52
311,CHEMBL3727797,Nc1ncc(cc1OC(F)F)c2cc(nc(n2)N3CC4CC4C3)N5C[C@@H]6C[C@H]5CO6,8.52
312,CHEMBL3727942,Nc1ncc(cc1OC(F)F)c2cc(nc(n2)N3C[C@@H](F)[C@@H](F)C3)N4CCOCC4,8.52
313,CHEMBL3729389,CC1CN(CC1(F)F)c2nc(cc(n2)c3cnc(N)c(OC(F)F)c3)N4C[C@@H]5C[C@H]4CO5,8.53
314,CHEMBL3728798,Nc1ncc(cc1OC(F)F)c2cc(nc(n2)N3CC[C@@H](F)C3)N4C[C@@H]5C[C@H]4CO5,8.53
315,CHEMBL3728098,CC1=C(F)CN(C1)c2nc(cc(n2)c3cnc(N)c(OC(F)F)c3)N4C[C@@H]5C[C@H]4CO5,8.55
316,CHEMBL3729535,CC(Oc1cc(cnc1N)c2cc(nc(n2)C3CC3)N4C[C@@H]5C[C@H]4CO5)c6ccn(C)n6,8.56
317,CHEMBL3717481,CC(C)n1nc(cc1[C@H]2[C@@H]3CN(C[C@H]23)C4COC4)c5cnc(N)c(c5)C(F)(F)F,8.57
318,CHEMBL3731453,CCOC1(C)CN(C1)c2cc(nc(n2)N3CC4CC3C4)c5cnc(N)c(OC(F)F)c5,8.57
319,CHEMBL3732536,C[C@@H]1CCCN1c2nc(cc(n2)c3cnc(N)c(OC(F)F)c3)N4C[C@@H]5C[C@H]4CO5,8.58
320,CHEMBL3730695,C[C@]1(F)CCN(C1)c2nc(cc(n2)c3cnc(N)c(OC(F)F)c3)N4C[C@@H]5OC[C@H]4C5F,8.58
321,CHEMBL3732366,C[C@]1(F)CCN(C1)c2nc(cc(n2)c3cnc(N)c(OC(F)F)c3)[C@@H]4C[C@@H](C4)N5CCOCC5,8.59
322,CHEMBL3719039,Nc1ncc(cc1C(F)(F)F)c2cc([C@H]3[C@@H]4CNC[C@H]34)n(CC(F)(F)F)n2,8.62
323,CHEMBL3732975,CC1(F)CCN(C1)c2nc(cc(n2)c3cnc(N)c(OC(F)F)c3)N4C[C@@H]5C[C@H]4CN5CC(F)F,8.63
324,CHEMBL3732685,C[C@]1(F)CCN(C1)c2nc(cc(n2)c3cnc(N)c(OC(F)F)c3)[C@@H]4C[C@H](C4)N5C[C@@H]6C[C@H]5CO6,8.63
325,CHEMBL3718344,CC(C)n1nc(cc1C2CCN(CC2)C3COC3)c4cnc5[nH]cc(c5c4)C(F)(F)F,8.64
326,CHEMBL3732989,C[C@]1(F)CCN(C1)c2nc(cc(n2)c3cnc(N)c(OC(F)F)c3)N4C[C@H]5C[C@@H]4CO5,8.64
327,CHEMBL3731405,Nc1ncc(cc1OC(F)F)c2cc(nc(n2)N3CC4CC3C4)N5CCC6(COC6)C5,8.64
328,CHEMBL3733363,Nc1ncc(cc1OC(F)F)c2cc(nc(n2)N3CC[C@H](F)C3)N4C[C@@H]5C[C@H]4CS5,8.64
329,CHEMBL3731916,Nc1ncc(cc1OC(F)F)c2cc(nc(n2)N3CCCC(F)(F)C3)N4C[C@@H]5C[C@H]4CO5,8.69
330,CHEMBL3729369,CC(=O)N1C[C@@H]2[C@H](C1)[C@@H]2c3cc(nc(n3)N4CC5CC4C5)c6cnc(N)c(OC(F)F)c6,8.7
331,CHEMBL3393322,FC(F)(F)c1ccnc(Nc2cc(nc(n2)N3CCC(F)(F)C3)C4CCNCC4)c1,8.7
332,CHEMBL3728219,Nc1ncc(cc1OC(F)F)c2cc(nc(n2)N3CC4CC3C4)N5CC6CC6C5,8.7
333,CHEMBL3727991,Nc1ncc(cc1OC(F)F)c2cc(nc(n2)N3CC4CC3C4)N5C[C@@H]6CC[C@H]5C6,8.7
334,CHEMBL3728682,CC(Oc1cc(cnc1N)c2cc(nc(n2)C3CC3)N4C[C@@H]5C[C@H]4CO5)c6ccccn6,8.71
335,CHEMBL3728287,Nc1ncc(cc1OC(F)F)c2cc(cc(n2)C3CC3)[C@H]4[C@@H]5CN(C[C@H]45)C6COC6,8.71
336,CHEMBL3719135,CC(C)n1nc(cc1[C@H]2[C@@H]3CN(C[C@H]23)C4COC4)c5cnc(N)c(OC(F)(F)F)c5,8.72
337,CHEMBL3716725,COCCN1C[C@@H]2[C@H](C1)[C@H]2c3cc(nn3CC(F)(F)F)c4cnc(N)c(c4)C(F)(F)F,8.72
338,CHEMBL3729681,C[C@]1(F)CCN(C1)c2nc(cc(n2)c3cnc(N)c(OC(F)F)c3)N4CCN5CCC[C@H]5C4,8.72
339,CHEMBL3731498,CC(=O)N1C[C@@H]2CN(C[C@H]12)c3cc(nc(n3)C4CC4)c5cnc(N)c(OC(F)F)c5,8.75
340,CHEMBL3718522,Nc1ncc(cc1C(F)(F)F)c2cc([C@H]3[C@@H]4CN(C[C@H]34)C5COC5)n(CC(F)(F)F)n2,8.8
341,CHEMBL3727385,C[C@]1(F)CCN(C1)c2nc(cc(n2)c3cnc(N)c(OC(F)F)c3)N4C[C@@H]5C[C@H]4CO5,8.83
342,CHEMBL3730558,CC(Oc1cc(cnc1N)c2cc(nc(n2)C3CC3)N4CCC4)c5nc(C)cs5,8.85
343,CHEMBL3716760,COCC(C)N1C[C@@H]2[C@H](C1)[C@H]2c3cc(nn3C(C)C)c4cnc(N)c(c4)C(F)(F)F,8.89
344,CHEMBL3732684,COCCN1C[C@@H]2[C@H](C1)[C@H]2c3cc(nc(c3)c4cnc(N)c(OC(F)F)c4)C5CC5,8.9
345,CHEMBL3718810,Nc1ncc(cc1C(F)(F)F)c2cc([C@H]3[C@@H]4CN(C[C@H]34)C5COC5)n(n2)C6CCC6,8.92
346,CHEMBL3729696,Nc1ncc(cc1OC(F)F)c2cc(nc(n2)C3CCCC3)N4C[C@@H]5C[C@H]4CO5,8.92
347,CHEMBL3731609,C[C@]1(F)CCN(C1)c2nc(cc(n2)c3cnc(N)c(OC(F)F)c3)[C@@H]4C[C@@H](C4)N5CCCOCC5,8.94
348,CHEMBL3393327,CC(=O)N1CCC(CC1)c2cc(Nc3cc(ccn3)C(F)(F)F)nc(c2)N4CCC(F)(F)C4,9.0
349,CHEMBL3730273,CC(C)(O)CN1C[C@@H]2[C@H](C1)[C@@H]2c3cc(nc(n3)C4CC4)c5cnc(N)c(OC(F)F)c5,9.0
350,CHEMBL3730912,CC(C)(O)CN1C[C@@H]2[C@H](C1)[C@H]2c3cc(nc(n3)N4CC5CC4C5)c6cnc(N)c(OC(F)(F)F)c6,9.0
351,CHEMBL3729148,CC(C)(O)CN1C[C@@H]2[C@H](C1)[C@H]2c3cc(nc(n3)N4CC5CC4C5)c6cnc(N)c(OC(F)F)c6,9.0
352,CHEMBL3727449,CC(C)(O)CN1C[C@@H]2[C@H](C1)[C@H]2c3cc(nc(n3)N4CC5CC4C5)c6cnc(N)c(c6)C(F)(F)F,9.0
353,CHEMBL3717104,CC(C)n1nc(cc1C2CCN(CC2)C3CCC3)c4cnc5[nH]cc(c5c4)C(F)(F)F,9.0
354,CHEMBL3717769,CC(C)n1nc(cc1[C@H]2[C@@H]3CN(CC(F)F)C[C@H]23)c4cnc(N)c(c4)C(F)(F)F,9.0
355,CHEMBL3732912,COC(C)(C)C(=O)N1C[C@@H]2C[C@H]1CN2c3cc(nc(n3)N4CC5CC4C5)c6cnc(N)c(OC(F)F)c6,9.0
356,CHEMBL3727397,COCC(=O)N1C[C@@H]2C[C@H]1CN2c3cc(nc(n3)N4CC5CC4C5)c6cnc(N)c(OC(F)F)c6,9.0
357,CHEMBL3731284,COCCN1C[C@@H]2[C@H](C1)[C@@H]2c3cc(nc(n3)N4CC5CC4C5)c6cnc(N)c(OC(F)F)c6,9.0
358,CHEMBL3393340,N#Cc1ccnc(Nc2cc(cc(n2)C3CC3)C4CCN(CC4)C5COC5)c1,9.0
359,CHEMBL3727796,Nc1ncc(cc1OC(F)F)c2cc(nc(n2)N3CC4CC3C4)N5C[C@@H]6C[C@H]5CO6,9.0
360,CHEMBL3732012,Nc1ncc(cc1OC(F)F)c2cc(nc(n2)N3CCC(F)(F)C3)N4C[C@@H]5C[C@H]4CO5,9.0
361,CHEMBL3732360,Nc1ncc(cc1OC(F)F)c2cc(nc(n2)N3CC[C@H](F)C3)N4C[C@@H]5C[C@H]4CO5,9.0
362,CHEMBL3732447,Nc1ncc(cc1OC(F)F)c2cc(nc(n2)N3CC[C@H]4C[C@@H]34)N5C[C@@H]6C[C@H]5CO6,9.04
363,CHEMBL3393329,FC1(F)CCN(C1)c2cc(cc(Nc3cc(ccn3)C#N)n2)C4CCOCC4,9.05
364,CHEMBL3733275,COCCN1C[C@@H]2C[C@H]1CN2c3cc(nc(n3)C4CC4)c5cnc(N)c(OC(F)F)c5,9.11
365,CHEMBL3393334,FC1(F)CCN(C1)c2cc(cc(Nc3cc(ccn3)C#N)n2)C4CN(C4)C5COC5,9.16
366,CHEMBL3715788,CC1(Cn2nc(cc2[C@H]3[C@@H]4CN(C[C@H]34)C5COC5)c6cnc(N)c(c6)C(F)(F)F)CC1,9.17
367,CHEMBL3728902,Nc1ncc(cc1OC(F)F)c2cc(nc(n2)N3CCC(F)(F)C3)N4C[C@@H]5C[C@H]4CN5CC(F)F,9.24
368,CHEMBL3731122,CC1(F)CCN(C1)c2nc(cc(n2)c3cnc(N)c(OC(F)F)c3)N4C[C@@H]5C[C@H]4CO5,9.28
369,CHEMBL3730823,COCCN1C[C@@H]2C[C@H]1CN2c3cc(nc(n3)N4CC5CC4C5)c6cnc(N)c(OC(F)F)c6,9.29
370,CHEMBL3715325,CC(C)n1nc(cc1C2CN(C2)C3COC3)c4cnc5[nH]cc(c5c4)C(F)(F)F,9.32
371,CHEMBL3355005,CC(C)n1nc(cc1[C@H]2[C@@H]3CN(C[C@H]23)C4COC4)c5cnc6[nH]cc(c6c5)C(F)(F)F,9.4
372,CHEMBL3729613,Cn1ccnc1N2C[C@@H]3[C@H](C2)[C@H]3c4cc(nc(n4)N5CC6CC5C6)c7cnc(N)c(OC(F)F)c7,9.51
373,CHEMBL3393337,N#Cc1ccnc(Nc2cc(cc(OC3CCC3)n2)C4CCN(CC4)C5COC5)c1,9.7
374,CHEMBL3355003,CC(C)n1nc(cc1C2CCN(C)CC2)c3cnc4[nH]cc(c4c3)C(F)(F)F,9.77
375,CHEMBL3716226,CC(C)n1nc(cc1C2CCN(CC#N)CC2)c3cnc4[nH]cc(c4c3)C(F)(F)F,9.77
376,CHEMBL3715238,Nc1ncc(cc1C(F)(F)F)c2cc([C@H]3[C@@H]4CN(C[C@H]34)C5COC5)n(CC6CC6)n2,9.77
