,molecule_chembl_id,canonical_smiles,pchembl_value
0,CHEMBL288229,CCSCc1ccc2c(c1)c3c4CNC(=O)c4c5c6ccccc6n7[C@H]8C[C@](O)(C(=O)OC)[C@](C)(O8)n2c3c57,7.55
1,CHEMBL460990,CC(C)Oc1ccc2c(CCc3c2c4C(=O)NCc4c5c6ccccc6n(CCO)c35)c1,7.59
2,CHEMBL416056,COC(=O)[C@]1(O)C[C@@H]2O[C@@]1(C)n3c4ccccc4c5c6CNC(=O)c6c7c8ccccc8n2c7c35,7.66
3,CHEMBL386636,O=C1NC(=O)c2c1c3c(CCc4ccccc34)c5[nH]c6ccccc6c25,7.66
4,CHEMBL277817,CCOCc1ccc2c(c1)c3c4CNC(=O)c4c5c6cc(COCC)ccc6n7[C@H]8C[C@](O)(C(=O)OC)[C@](C)(O8)n2c3c57,7.72
5,CHEMBL2436978,CN1CCN(Cc2ccc(cc2)c3cnc4[nH]cc(c5ccc6[nH]ccc6c5)c4c3)CC1,7.72
6,CHEMBL288817,COCc1ccc2c(c1)c3c4CNC(=O)c4c5c6cc(COC)ccc6n7[C@H]8C[C@](O)(C(=O)OC)[C@](C)(O8)n2c3c57,7.8
7,CHEMBL289772,COC(=O)[C@@]1(O)C[C@H]2O[C@]1(C)n3c4ccc(CO)cc4c5c6CNC(=O)c6c7c8cc(CO)ccc8n2c7c35,7.82
8,CHEMBL608533,CO[C@@H]1[C@@H](C[C@H]2O[C@]1(C)n3c4ccccc4c5c6CNC(=O)c6c7c8ccccc8n2c7c35)N(C)C(=O)c9ccccc9,7.82
9,CHEMBL1240703,CO[C@@H]1[C@@H](C[C@H]2O[C@]1(C)n3c4ccccc4c5c6[C@H](O)NC(=O)c6c7c8ccccc8n2c7c35)N(C)C(=O)c9ccccc9,7.82
10,CHEMBL388978,CN[C@@H]1C[C@H]2O[C@@](C)([C@@H]1OC)n3c4ccccc4c5c6CNC(=O)c6c7c8ccccc8n2c7c35,8.0
11,CHEMBL475251,COc1cc(Nc2ncc(F)c(Nc3ccc4OC(C)(C)C(=O)Nc4n3)n2)cc(OC)c1OC,8.37
12,CHEMBL603469,C[C@]12O[C@H](C[C@]1(O)CO)n3c4ccccc4c5c6C(=O)NCc6c7c8ccccc8n2c7c35,8.46
