,molecule_chembl_id,canonical_smiles,pchembl_value
0,CHEMBL496594,Fc1ccc(Nc2c(cnc3c(Cl)cc(NCc4cn(CCN5CCCCCC5)nn4)cc23)C#N)cc1Cl,7.55
1,CHEMBL230654,CCCc1[nH]cnc1CNc2cc(Cl)c3ncc(C#N)c(Nc4ccc(F)c(Cl)c4)c3c2,7.6
2,CHEMBL397949,CC(=O)c1cc(NCc2c[nH]cn2)cc3c(Nc4ccc(F)c(Cl)c4)c(cnc13)C#N,7.64
3,CHEMBL497883,Fc1ccc(Nc2c(cnc3c(Br)cc(NCc4cn(CCC5CCCN5)nn4)cc23)C#N)cc1Cl,7.64
4,CHEMBL524069,CN1CCCC1CCn2cc(CNc3cc(Cl)c4ncc(C#N)c(Nc5ccc(F)c(Cl)c5)c4c3)nn2,7.66
5,CHEMBL497228,Fc1ccc(Nc2c(cnc3c(Cl)cc(NCc4cn(CCN5CCCCC5)nn4)cc23)C#N)cc1Cl,7.66
6,CHEMBL425834,CN(C)CCCn1cc(CNc2cc(Br)c3ncc(C#N)c(Nc4ccc(F)c(Cl)c4)c3c2)nn1,7.7
7,CHEMBL242206,C[S+]([O-])c1cc(NCc2c[nH]cn2)cc3c(Nc4ccc(F)c(Cl)c4)c(cnc13)C#N,7.7
8,CHEMBL524638,Fc1ccc(Nc2c(cnc3c(Br)cc(NCc4cn(Cc5cccnc5)nn4)cc23)C#N)cc1Cl,7.7
9,CHEMBL436817,Fc1ccc(Nc2c(cnc3c(Cl)cc(NCc4cnc[nH]4)cc23)C#N)cc1Cl,7.7
10,CHEMBL245212,Fc1ccc(Nc2c(cnc3c(F)cc(NCc4c[nH]cn4)cc23)C#N)cc1Cl,7.7
11,CHEMBL220037,Fc1ccc(Nc2c(cnc3ccc(NCc4c[nH]cn4)cc23)C#N)cc1Cl,7.7
12,CHEMBL483484,NCCCn1cc(CNc2cc(Cl)c3ncc(C#N)c(Nc4ccc(F)c(Cl)c4)c3c2)nn1,7.7
13,CHEMBL476442,Nc1ncc(c2cccc(c2)c3ccccc3)c4cc(sc14)C(=O)O,7.7
14,CHEMBL499853,CCN1CCC(CCn2cc(CNc3cc(Cl)c4ncc(C#N)c(Nc5ccc(F)c(Cl)c5)c4c3)nn2)CC1,7.75
15,CHEMBL230232,Fc1ccc(Nc2c(cnc3c(Br)cc(NCc4c[nH]nn4)cc23)C#N)cc1Cl,7.75
16,CHEMBL395573,[O-][n+]1ccccc1CNc2cc(Cl)c3ncc(C#N)c(Nc4ccc(F)c(Cl)c4)c3c2,7.75
17,CHEMBL482864,NCCn1cc(CNc2cc(Cl)c3ncc(C#N)c(Nc4ccc(F)c(Cl)c4)c3c2)nn1,7.77
18,CHEMBL230554,CC(C)c1[nH]cnc1CNc2cc(Cl)c3ncc(C#N)c(Nc4ccc(F)c(Cl)c4)c3c2,7.8
19,CHEMBL397986,CCc1[nH]cnc1CNc2cc(Cl)c3ncc(C#N)c(Nc4ccc(F)c(Cl)c4)c3c2,7.8
20,CHEMBL199230,C[C@@H](Nc1cc2c(Nc3ccc(F)c(Cl)c3)c(cnc2cn1)C#N)c4ccccc4,7.8
21,CHEMBL242852,Fc1ccc(Nc2c(cnc3c(Cl)cc(NCc4cccnc4)cc23)C#N)cc1Cl,7.8
22,CHEMBL219628,Cc1c(CNc2ccc3ncc(C#N)c(Nc4ccc(F)c(Cl)c4)c3c2)ncn1CCN5CCOCC5,7.85
23,CHEMBL483685,CN(C)CCn1cc(CNc2cc(Cl)c3ncc(C#N)c(Nc4ccc(F)c(Cl)c4)c3c2)nn1,7.89
24,CHEMBL241988,Fc1ccc(Nc2c(cnc3c(Br)cc(NCc4c[nH]cn4)cc23)C#N)cc1Cl,8.0
25,CHEMBL498222,Fc1ccc(Nc2c(cnc3c(Cl)cc(NCc4cn(Cc5cccnc5)nn4)cc23)C#N)cc1Cl,8.0
26,CHEMBL501709,Fc1ccc(Nc2c(cnc3c(Cl)cc(NCc4cn(nn4)C5CCN(CC5)C6CCC6)cc23)C#N)cc1Cl,8.0
27,CHEMBL491228,NC(=O)c1ccc(cc1)c2ccc(Oc3cncc4sc(cc34)c5nn[nH]n5)cc2,8.0
28,CHEMBL495584,OC(=O)Cn1cc(CNc2cc(Cl)c3ncc(C#N)c(Nc4ccc(F)c(Cl)c4)c3c2)nn1,8.02
29,CHEMBL523059,CC(C)N1CCC(CC1)n2cc(CNc3cc(Cl)c4ncc(C#N)c(Nc5ccc(F)c(Cl)c5)c4c3)nn2,8.04
30,CHEMBL495617,CCCN1CCC(CC1)n2cc(CNc3cc(Cl)c4ncc(C#N)c(Nc5ccc(F)c(Cl)c5)c4c3)nn2,8.09
31,CHEMBL496595,Fc1ccc(Nc2c(cnc3c(Cl)cc(NCc4cn(CCN5CCOCC5)nn4)cc23)C#N)cc1Cl,8.1
32,CHEMBL498072,Fc1ccc(Nc2c(cnc3c(Cl)cc(NCc4cn(nn4)c5cccnc5)cc23)C#N)cc1Cl,8.12
33,CHEMBL495867,OC(=O)Cn1cc(CNc2cc(Br)c3ncc(C#N)c(Nc4ccc(F)c(Cl)c4)c3c2)nn1,8.16
34,CHEMBL498028,Fc1ccc(Nc2c(cnc3c(Cl)cc(NCc4cn(nn4)C5CCNCC5)cc23)C#N)cc1Cl,8.28
35,CHEMBL498070,Fc1ccc(Nc2c(cnc3c(Cl)cc(NCc4cn(Cc5ccncc5)nn4)cc23)C#N)cc1Cl,8.4
36,CHEMBL221221,Cc1[nH]cnc1CNc2ccc3ncc(C#N)c(Nc4ccc(F)c(Cl)c4)c3c2,8.52
37,CHEMBL219682,Cc1c(CNc2ccc3ncc(C#N)c(Nc4ccc(F)c(Cl)c4)c3c2)ncn1C,8.52
38,CHEMBL482863,Fc1ccc(Nc2c(cnc3c(Cl)cc(NCc4cn(nn4)c5ccncc5)cc23)C#N)cc1Cl,8.52
39,CHEMBL498029,CN1CCC(CC1)n2cc(CNc3cc(Cl)c4ncc(C#N)c(Nc5ccc(F)c(Cl)c5)c4c3)nn2,8.66
40,CHEMBL498071,Fc1ccc(Nc2c(cnc3c(Cl)cc(NCc4cn(Cc5ccccn5)nn4)cc23)C#N)cc1Cl,8.7
41,CHEMBL230117,Fc1ccc(Nc2c(cnc3c(Cl)cc(NCc4nn[nH]n4)cc23)C#N)cc1Cl,8.7
42,CHEMBL527026,CCN1CCC(CC1)n2cc(CNc3cc(Cl)c4ncc(C#N)c(Nc5ccc(F)c(Cl)c5)c4c3)nn2,8.8
0,CHEMBL197538,Fc1ccc(Nc2c(cnc3cnc(NCCN4CCOCC4)cc23)C#N)cc1Cl,5.92
1,CHEMBL425213,Fc1ccc(Nc2c(cnc3cnc(NCCCN4CCCC4)cc23)C#N)cc1Cl,5.45
5,CHEMBL197382,CC[C@@H](Nc1cc2c(Nc3ccc(F)c(Cl)c3)c(cnc2cn1)C#N)c4ccccc4,6.38
7,CHEMBL370336,C[C@H](Nc1cc2c(Nc3ccc(F)c(Cl)c3)c(cnc2cn1)C#N)c4ccccc4,4.57
8,CHEMBL196919,Fc1ccc(Nc2c(cnc3cnc(NC(CN4CCOCC4)c5ccccc5)cc23)C#N)cc1Cl,5.75
9,CHEMBL200247,Fc1ccc(Nc2c(cnc3cnc(NCc4ccccc4)cc23)C#N)cc1Cl,7.14
10,CHEMBL200381,Fc1ccc(Nc2c(cnc3cnc(NCc4cccnc4)cc23)C#N)cc1Cl,7.3
11,CHEMBL370655,CN1CCN(CCCNc2cc3c(Nc4ccc(F)c(Cl)c4)c(cnc3cn2)C#N)CC1,4.68
12,CHEMBL198581,Fc1ccc(Nc2c(cnc3cnc(NCCCN4CCOCC4)cc23)C#N)cc1Cl,5.47
13,CHEMBL198905,Clc1cc(Cl)cc(Nc2c(cnc3cnc(NCCN4CCOCC4)cc23)C#N)c1,5.38
15,CHEMBL197164,Clc1ccc(Nc2c(cnc3cnc(NCCN4CCOCC4)cc23)C#N)cc1Cl,5.0
16,CHEMBL197006,Fc1cc(Cl)ccc1Nc2c(cnc3cnc(NCCN4CCOCC4)cc23)C#N,5.0
20,CHEMBL196918,O=C(c1ccccc1)c2ccc(Nc3c(cnc4cnc(NCCN5CCOCC5)cc34)C#N)cc2,5.34
22,CHEMBL371095,N#Cc1cnc2cnc(NCCN3CCOCC3)cc2c1Nc4ccc(Oc5ccccc5)cc4,6.42
23,CHEMBL199210,N#Cc1cnc2cnc(NCCN3CCOCC3)cc2c1Nc4ccc(Sc5ccccc5)cc4,8.22
24,CHEMBL371658,N#Cc1cnc2cnc(NCCN3CCOCC3)cc2c1Nc4ccc(Cc5ccccc5)cc4,8.7
38,CHEMBL374482,Fc1ccc(Nc2c(cnc3ccc(NCc4ccccn4)cc23)C#N)cc1Cl,7.05
40,CHEMBL223587,Cc1nc2ccc(NCc3c[nH]cn3)cc2c(Nc4ccc(F)c(Cl)c4)c1C#N,4.72
41,CHEMBL223877,Fc1ccc(Nc2c(cnc3cc(OCCCN4CCOCC4)c(NCc5c[nH]cn5)cc23)C#N)cc1Cl,5.04
46,CHEMBL223088,Cc1ncn(CCN2CCOCC2)c1CNc3ccc4ncc(C#N)c(Nc5ccc(F)c(Cl)c5)c4c3,6.59
47,CHEMBL375813,Cc1ncn(C)c1CNc2ccc3ncc(C#N)c(Nc4ccc(F)c(Cl)c4)c3c2,6.7
48,CHEMBL374241,CCc1nc(CNc2ccc3ncc(C#N)c(Nc4ccc(F)c(Cl)c4)c3c2)c[nH]1,6.19
51,CHEMBL426886,CCN1CCC[C@@H]1CNc2ccc3ncc(C#N)c(Nc4ccc(F)c(Cl)c4)c3c2,5.16
52,CHEMBL426924,CCN1CCC[C@H]1CNc2ccc3ncc(C#N)c(Nc4ccc(F)c(Cl)c4)c3c2,6.75
53,CHEMBL220685,Fc1ccc(Nc2c(cnc3ccc(NCC4CCCN4)cc23)C#N)cc1Cl,4.52
54,CHEMBL374071,Fc1ccc(Nc2c(cnc3ccc(NCC4CCCO4)cc23)C#N)cc1Cl,5.66
55,CHEMBL222666,[O-][n+]1ccccc1CNc2ccc3ncc(C#N)c(Nc4ccc(F)c(Cl)c4)c3c2,6.96
57,CHEMBL220233,Fc1ccc(Nc2c(cnc3ccc(NCc4cc[nH]n4)cc23)C#N)cc1Cl,7.13
58,CHEMBL221269,Fc1ccc(Nc2c(cnc3ccc(NCc4nccs4)cc23)C#N)cc1Cl,7.51
59,CHEMBL222467,Fc1ccc(Nc2c(cnc3ccc(NCc4occc4)cc23)C#N)cc1Cl,6.62
60,CHEMBL223011,NS(=O)(=O)c1ccc(CNc2ccc3ncc(C#N)c(Nc4ccc(F)c(Cl)c4)c3c2)cc1,6.96
61,CHEMBL222954,Nc1cccc(CNc2ccc3ncc(C#N)c(Nc4ccc(F)c(Cl)c4)c3c2)c1,6.85
62,CHEMBL221274,Fc1ccc(Nc2c(cnc3ccc(NCc4cccc(c4)C#N)cc23)C#N)cc1Cl,7.0
63,CHEMBL221005,CC(Nc1ccc2ncc(C#N)c(Nc3ccc(F)c(Cl)c3)c2c1)c4ccccn4,7.22
64,CHEMBL374852,Fc1ccc(Nc2c(cnc3ccc(NS(=O)(=O)c4ccccc4)cc23)C#N)cc1Cl,4.94
65,CHEMBL376288,Fc1ccc(Nc2c(cnc3ccc(NC(=O)c4ccccc4)cc23)C#N)cc1Cl,4.96
68,CHEMBL373480,Fc1ccc(Nc2c(cnc3ccc(NCc4ccccc4)cc23)C#N)cc1Cl,6.68
72,CHEMBL221330,Fc1ccc(Nc2c(cnc3ccc(NCCN4CCOCC4)cc23)C#N)cc1Cl,6.0
73,CHEMBL376501,Fc1ccc(Nc2c(cnc3cnc(NCc4ccccn4)cc23)C#N)cc1Cl,6.89
78,CHEMBL230871,CS(=O)(=O)CCn1cnc(CNc2cc(Br)c3ncc(C#N)c(Nc4ccc(F)c(Cl)c4)c3c2)c1,7.37
79,CHEMBL230870,Fc1ccc(Nc2c(cnc3c(Br)cc(NCc4cn(CCN5CCOCC5)cn4)cc23)C#N)cc1Cl,7.39
80,CHEMBL230763,Fc1ccc(Nc2c(cnc3c(Br)cc(NCc4c[nH]c(n4)c5ccccc5)cc23)C#N)cc1Cl,5.23
81,CHEMBL391305,Cn1cncc1CNc2cc(Cl)c3ncc(C#N)c(Nc4ccc(F)c(Cl)c4)c3c2,6.66
82,CHEMBL395575,Cc1nc(CNc2cc(Cl)c3ncc(C#N)c(Nc4ccc(F)c(Cl)c4)c3c2)c(C)[nH]1,6.66
83,CHEMBL230762,CCc1nc(CNc2cc(Cl)c3ncc(C#N)c(Nc4ccc(F)c(Cl)c4)c3c2)c(C)[nH]1,6.5
84,CHEMBL230761,Cn1cnc(CNc2cc(Br)c3ncc(C#N)c(Nc4ccc(F)c(Cl)c4)c3c2)c1,7.52
85,CHEMBL230656,CN(C)CCCc1[nH]cnc1CNc2cc(Cl)c3ncc(C#N)c(Nc4ccc(F)c(Cl)c4)c3c2,6.89
86,CHEMBL230655,COC(=O)c1[nH]cnc1CNc2cc(Br)c3ncc(C#N)c(Nc4ccc(F)c(Cl)c4)c3c2,7.06
90,CHEMBL230553,CC(C)c1[nH]cnc1CNc2cc(Br)c3ncc(C#N)c(Nc4ccc(F)c(Cl)c4)c3c2,6.89
93,CHEMBL230230,Fc1ccc(Nc2c(cnc3c(Cl)cc(NCC(=O)Nc4cccnc4)cc23)C#N)cc1Cl,6.96
94,CHEMBL395063,OC(=O)CNc1cc(Cl)c2ncc(C#N)c(Nc3ccc(F)c(Cl)c3)c2c1,6.7
96,CHEMBL230116,OCC(O)CNc1cc(Br)c2ncc(C#N)c(Nc3ccc(F)c(Cl)c3)c2c1,6.23
98,CHEMBL230755,Fc1ccc(Nc2c(cnc3c(Cl)cc(NCc4cccc(n4)N5CCOCC5)cc23)C#N)cc1Cl,6.46
99,CHEMBL389542,Cc1cccc(CNc2cc(Cl)c3ncc(C#N)c(Nc4ccc(F)c(Cl)c4)c3c2)n1,6.77
100,CHEMBL263802,CC(C)N1CCC(O)(CC1)c2cncc(CNc3cc(Cl)c4ncc(C#N)c(Nc5ccc(F)c(Cl)c5)c4c3)c2,6.3
103,CHEMBL242638,Fc1ccc(Nc2c(cnc3c(Cl)cc(NCc4cnc5ccccn45)cc23)C#N)cc1Cl,6.55
104,CHEMBL242637,Fc1ccc(Nc2c(cnc3c(Br)cc(NCc4ccnn4c5ccccc5)cc23)C#N)cc1Cl,6.6
105,CHEMBL428714,Cn1nccc1CNc2cc(Br)c3ncc(C#N)c(Nc4ccc(F)c(Cl)c4)c3c2,7.01
106,CHEMBL397950,Cn1cc(CNc2cc(Cl)c3ncc(C#N)c(Nc4ccc(F)c(Cl)c4)c3c2)cn1,6.54
108,CHEMBL242427,Fc1ccc(Nc2c(cnc3c(Cl)cc(NCCc4c[nH]cn4)cc23)C#N)cc1Cl,6.89
109,CHEMBL242426,OCC(O)COc1cc(NCc2c[nH]cn2)cc3c(Nc4ccc(F)c(Cl)c4)c(cnc13)C#N,6.08
110,CHEMBL242425,OCC(O)Cc1cc(NCc2c[nH]cn2)cc3c(Nc4ccc(F)c(Cl)c4)c(cnc13)C#N,6.04
112,CHEMBL242208,CN(C)C(=O)c1cc(NCc2c[nH]cn2)cc3c(Nc4ccc(F)c(Cl)c4)c(cnc13)C#N,6.89
113,CHEMBL242207,CS(=O)(=O)c1cc(NCc2c[nH]cn2)cc3c(Nc4ccc(F)c(Cl)c4)c(cnc13)C#N,6.72
115,CHEMBL241990,COc1cc(NCc2c[nH]cn2)cc3c(Nc4ccc(F)c(Cl)c4)c(cnc13)C#N,6.89
116,CHEMBL395997,Oc1cc(NCc2c[nH]cn2)cc3c(Nc4ccc(F)c(Cl)c4)c(cnc13)C#N,4.95
117,CHEMBL241989,Fc1ccc(Nc2c(cnc3c(cc(NCc4c[nH]cn4)cc23)C(F)(F)F)C#N)cc1Cl,6.8
123,CHEMBL404939,ClC1=C(N2C(=O)CCC2=O)C(=O)c3ccccc3C1=O,7.3
124,CHEMBL261238,CN(c1cccnc1)c2cc3c(Nc4ccc(F)c(Cl)c4)c(cnc3cn2)C#N,7.3
128,CHEMBL523921,OC(=O)c1cc2c(Oc3ccc(I)cc3)cncc2s1,6.03
131,CHEMBL497151,Ic1ccc(Oc2cncc3sc(cc23)C4=NC(=O)ON4)cc1,5.95
132,CHEMBL498385,Ic1ccc(Oc2cncc3sc(cc23)c4nn[nH]n4)cc1,6.39
133,CHEMBL498592,ONC(=O)c1cc2c(Oc3ccc(I)cc3)cncc2s1,6.27
134,CHEMBL524468,O(c1ccccc1)c2cncc3sc(cc23)c4nn[nH]n4,5.66
135,CHEMBL498593,O(c1ccccc1c2ccccc2)c3cncc4sc(cc34)c5nn[nH]n5,4.82
136,CHEMBL497367,O(c1cccc(c1)c2ccccc2)c3cncc4sc(cc34)c5nn[nH]n5,5.77
137,CHEMBL496536,O(c1ccc(cc1)c2ccccc2)c3cncc4sc(cc34)c5nn[nH]n5,6.82
138,CHEMBL526487,Cc1ccc(Oc2cncc3sc(cc23)c4nn[nH]n4)cc1,5.13
139,CHEMBL498599,Brc1ccc(Oc2cncc3sc(cc23)c4nn[nH]n4)cc1,5.8
140,CHEMBL507453,Clc1ccc(Oc2cncc3sc(cc23)c4nn[nH]n4)cc1,6.15
141,CHEMBL539169,CC(C)(C)c1ccc(Oc2cncc3sc(cc23)c4nn[nH]n4)cc1,6.22
142,CHEMBL497791,COc1ccccc1c2ccc(Oc3cncc4sc(cc34)c5nn[nH]n5)cc2,6.5
143,CHEMBL496543,COc1cccc(c1)c2ccc(Oc3cncc4sc(cc34)c5nn[nH]n5)cc2,6.62
144,CHEMBL496752,COc1ccc(cc1)c2ccc(Oc3cncc4sc(cc34)c5nn[nH]n5)cc2,6.89
145,CHEMBL491434,Clc1ccccc1c2ccc(Oc3cncc4sc(cc34)c5nn[nH]n5)cc2,6.82
146,CHEMBL522129,Clc1cccc(c1)c2ccc(Oc3cncc4sc(cc34)c5nn[nH]n5)cc2,6.92
147,CHEMBL524274,Clc1ccc(cc1)c2ccc(Oc3cncc4sc(cc34)c5nn[nH]n5)cc2,7.05
148,CHEMBL497792,N#Cc1ccc(cc1)c2ccc(Oc3cncc4sc(cc34)c5nn[nH]n5)cc2,6.51
149,CHEMBL491435,Fc1ccc(cc1)c2ccc(Oc3cncc4sc(cc34)c5nn[nH]n5)cc2,6.77
150,CHEMBL491635,Nc1ccc(cc1)c2ccc(Oc3cncc4sc(cc34)c5nn[nH]n5)cc2,6.64
151,CHEMBL490423,FC(F)(F)c1ccc(cc1)c2ccc(Oc3cncc4sc(cc34)c5nn[nH]n5)cc2,6.55
152,CHEMBL489812,CN(C)C(=O)c1ccc(cc1)c2ccc(Oc3cncc4sc(cc34)c5nn[nH]n5)cc2,7.3
153,CHEMBL491029,OCc1ccc(cc1)c2ccc(Oc3cncc4sc(cc34)c5nn[nH]n5)cc2,7.4
171,CHEMBL505892,OC(=O)c1cc2c(Nc3ccc(cc3)c4ccccc4)cncc2s1,6.85
172,CHEMBL450984,NC(=O)c1cc2c(Nc3ccc(cc3)c4ccccc4)cncc2s1,6.55
173,CHEMBL447512,N(c1ccc(cc1)c2ccccc2)c3cncc4sc(cc34)c5nnn[nH]5,6.68
174,CHEMBL476230,OC(=O)c1cc2c(cncc2s1)c3cccc(c3)c4ccccc4,7.3
175,CHEMBL476228,NC(=O)c1cc2c(cncc2s1)c3cccc(c3)c4ccccc4,5.54
176,CHEMBL514360,c1ccc(cc1)c2cccc(c2)c3cncc4sc(cc34)c5nnn[nH]5,7.1
177,CHEMBL476229,OC(=O)c1cc2c(Oc3ccc(cc3)c4ccccc4)cncc2s1,6.51
181,CHEMBL445178,NC(=O)c1cc2c(cnc(N)c2s1)c3cccc(c3)c4ccccc4,6.8
192,CHEMBL529663,COc1cc(cc(OC)c1OC)C2=C(CNC2=O)c3c[nH]c4ccccc34,4.5
193,CHEMBL488811,COc1cc(cc(OC)c1OC)C2=C(CNC2=O)c3cn(COc4ccccc4)c5ccccc35,4.4
194,CHEMBL488646,COc1cc(cc(OC)c1OC)C2=C(CNC2=O)c3cn(COC(C)(C)C)c4ccccc34,5.02
196,CHEMBL522217,Fc1ccc(Nc2c(cnc3c(Br)cc(NCc4cn(nn4)c5ccccc5)cc23)C#N)cc1Cl,4.4
197,CHEMBL496590,CC(C)(C)n1cc(CNc2cc(Cl)c3ncc(C#N)c(Nc4ccc(F)c(Cl)c4)c3c2)nn1,6.77
198,CHEMBL526840,Fc1ccc(Nc2c(cnc3c(Cl)cc(NCc4cn(Cc5ccccc5)nn4)cc23)C#N)cc1Cl,6.85
199,CHEMBL496591,Fc1ccc(Nc2c(cnc3c(Cl)cc(NCc4cn(nn4)c5ccccc5)cc23)C#N)cc1Cl,6.92
200,CHEMBL495866,CC(C)(C)n1cc(CNc2cc(Br)c3ncc(C#N)c(Nc4ccc(F)c(Cl)c4)c3c2)nn1,7.22
201,CHEMBL495585,Fc1ccc(Nc2c(cnc3c(Cl)cc(NCc4cn(CCC5CCCN5)nn4)cc23)C#N)cc1Cl,7.4
202,CHEMBL496388,Fc1ccc(Nc2c(cnc3c(Cl)cc(NCc4c[nH]nn4)cc23)C#N)cc1Cl,7.4
267,CHEMBL1808569,CCNCc1cncc(c1C)c2ccc3[nH]nc(c4nc5cc(CN6CCCCC6)ccc5[nH]4)c3c2,5.5
268,CHEMBL1808570,CCNCc1cncc(c1C)c2ccc3[nH]nc(c4nc5cc(C)c(C)cc5[nH]4)c3c2,6.62
269,CHEMBL1808571,CCNCc1cncc(c1C)c2ccc3[nH]nc(c4nc5cc(C)ccc5[nH]4)c3c2,6.38
270,CHEMBL1808572,CCNCc1cncc(c1C)c2ccc3[nH]nc(c4nc5ccccc5[nH]4)c3c2,6.96
271,CHEMBL1808573,CCNCc1cncc(c1C)c2ccc3[nH]nc(c4nc5cc(Br)ccc5[nH]4)c3c2,5.95
272,CHEMBL1808574,CCNCc1cncc(c1C)c2ccc3[nH]nc(c4nc5cc(Cl)c(C)cc5[nH]4)c3c2,5.76
273,CHEMBL1808575,CCNCc1cncc(c1C)c2ccc3[nH]nc(c4nc5cc(ccc5[nH]4)C(C)(C)C)c3c2,5.7
274,CHEMBL1808576,CCNCc1cncc(c1C)c2ccc3[nH]nc(c4nc5cc(COC(C)C)ccc5[nH]4)c3c2,5.84
275,CHEMBL1808577,CCNCc1cncc(c1C)c2ccc3[nH]nc(c4nc5cc(ccc5[nH]4)C#N)c3c2,5.57
276,CHEMBL1808578,CCNCc1cncc(c1C)c2ccc3[nH]nc(c4nc5cc(C#N)c(F)cc5[nH]4)c3c2,5.31
277,CHEMBL1808579,CCNCc1cncc(c1C)c2ccc3[nH]nc(c4nc5c(F)c(F)ccc5[nH]4)c3c2,4.68
278,CHEMBL1808580,CCNCc1cncc(c1C)c2ccc3[nH]nc(c4nc5cc(F)c(F)cc5[nH]4)c3c2,4.67
279,CHEMBL1808581,CCNCc1cncc(c1C)c2ccc3[nH]nc(c4nc5c(Cl)c(Cl)ccc5[nH]4)c3c2,4.99
280,CHEMBL1808582,CCNCc1cncc(c1C)c2ccc3[nH]nc(c4ncc[nH]4)c3c2,4.6
282,CHEMBL1808584,CCNCc1cncc(c1C)c2ccc3[nH]nc(c4nc5CCCCc5[nH]4)c3c2,4.42
283,CHEMBL1808585,CCNCc1cncc(c1C)c2ccc3[nH]nc(c4nc5cnccc5[nH]4)c3c2,4.55
284,CHEMBL1808586,CCNCc1cncc(c1C)c2ccc3[nH]nc(c4nc(CC(C)C)c(C)[nH]4)c3c2,4.73
285,CHEMBL1808587,CCNCc1cncc(c1C)c2ccc3[nH]nc(c4nc(c(C)[nH]4)c5ccccc5)c3c2,5.52
286,CHEMBL1808588,CCNCc1cncc(c1C)c2ccc3[nH]nc(c4nc(c[nH]4)c5cccc(F)c5)c3c2,5.35
287,CHEMBL1808589,Cc1c(CNCCO)cncc1c2ccc3[nH]nc(c4nc5ccccc5[nH]4)c3c2,7.33
288,CHEMBL1808590,CC(C)CNCc1cncc(c1C)c2ccc3[nH]nc(c4nc5ccccc5[nH]4)c3c2,4.8
289,CHEMBL1808591,CCNCc1cncc(c1Cl)c2ccc3[nH]nc(c4nc5ccccc5[nH]4)c3c2,5.03
295,CHEMBL1836724,CC(=O)Nc1ccc(cc1)c2cc3ncnc(SCC(=O)O)c3s2,6.75
296,CHEMBL1836641,OC(=O)COc1ncnc2cc(sc12)c3ccc4[nH]ncc4c3,6.0
297,CHEMBL1836717,OC(=O)CSc1ncnc2cc(sc12)c3ccc(cc3)C#N,5.96
298,CHEMBL1836714,OC(=O)CSc1ncnc2cc(sc12)c3ccc(Cl)cc3,5.92
299,CHEMBL1836721,NC(=O)c1ccc(cc1)c2cc3ncnc(SCC(=O)O)c3s2,5.82
300,CHEMBL1836715,Cc1ccc(cc1)c2cc3ncnc(SCC(=O)O)c3s2,5.77
301,CHEMBL1836718,COc1ccc(cc1)c2cc3ncnc(SCC(=O)O)c3s2,5.77
302,CHEMBL1836640,OC(=O)COc1ncnc2cc(sc12)c3ccc4[nH]ccc4c3,5.64
303,CHEMBL1836716,Cc1cccc(c1)c2cc3ncnc(SCC(=O)O)c3s2,5.46
304,CHEMBL1836712,OC(=O)CSc1ncnc2cc(sc12)c3ccc(Br)cc3,5.32
305,CHEMBL1836726,CCOC(=O)CSc1ncnc2cc(I)sc12,5.29
306,CHEMBL1836639,OC(=O)COc1ncnc2cc(sc12)c3ccc4NC(=O)CCc4c3,5.21
307,CHEMBL1836722,NC(=O)c1cccc(c1)c2cc3ncnc(SCC(=O)O)c3s2,5.15
308,CHEMBL1836713,OC(=O)CSc1ncnc2cc(sc12)c3ccc(F)cc3,5.09
309,CHEMBL1836638,CC(=O)Nc1ccc(cc1)c2cc3ncnc(OCC(=O)O)c3s2,5.0
310,CHEMBL1836727,OC(=O)CSc1ncnc2cc(I)sc12,4.75
311,CHEMBL1836728,COc1ccc(cn1)c2cc3ncnc(SCC(=O)O)c3s2,4.66
312,CHEMBL1836719,CSc1ccc(cc1)c2cc3ncnc(SCC(=O)O)c3s2,4.47
313,CHEMBL1836637,OC(=O)COc1ncnc2cc(sc12)c3ccc(Cl)cc3,4.47
337,CHEMBL6246,Oc1cc2C(=O)Oc3c(O)c(O)cc4C(=O)Oc(c1O)c2c34,5.63
340,CHEMBL2333163,O\N=C(/Cc1cc(Br)c(O)c(Oc2ccc(CCNC(=O)\C(=N\O)\Cc3cc(Br)c(O)c(c3)c4cc(C\C(=N/O)\C(=O)NCCc5ccc(O)c(Br)c5)cc(Br)c4O)cc2Br)c1)\C(=O)NCCc6ccc(O)c(Br)c6,5.89
341,CHEMBL505637,O\N=C(\Cc1cc(Br)c(O)c(c1)c2cc(C\C(=N\O)\C(=O)NCCc3ccc(O)c(Br)c3)cc(Br)c2O)/C(=O)NCCc4ccc(O)c(Br)c4,5.8
342,CHEMBL510730,O\N=C\1/Cc2cc(Br)c(Oc3cc(C\C(=N/O)\C(=O)NCCc4cc(Br)c(Oc5cc(CCNC1=O)cc(Br)c5O)c(Br)c4)cc(Br)c3O)c(Br)c2,5.32
343,CHEMBL360190,O\N=C\1/Cc2ccc(Oc3cc(C\C(=N/O)\C(=O)N\C=C\c4ccc(Oc5cc(CCNC1=O)cc(Br)c5O)c(Br)c4)cc(Br)c3O)c(Br)c2,5.48
