,molecule_chembl_id,canonical_smiles,pchembl_value
0,bosutinib,COc1cc(Nc2c(cnc3cc(OCCCN4CCN(C)CC4)c(OC)cc23)C#N)c(Cl)cc1Cl,8.09
1,CHEMBL388978,CN[C@@H]1C[C@H]2O[C@@](C)([C@@H]1OC)n3c4ccccc4c5c6CNC(=O)c6c7c8ccccc8n2c7c35,7.62
2,CHEMBL603469,C[C@]12O[C@H](C[C@]1(O)CO)n3c4ccccc4c5c6C(=O)NCc6c7c8ccccc8n2c7c35,7.64
3,CHEMBL3754283,CS(=O)(=O)c1ccc(cc1)c2cc(cnc2N)c3ccc(O)cc3,7.68
4,CHEMBL3754730,Nc1ncc(cc1c2ccc(Cl)cc2)C3=CC(=O)NC=C3,7.7
5,CHEMBL2312654,CN(C)C1CCC(CC1)Nc2nc(Nc3cc(Cl)cc(Cl)c3)ncc2c4onc(C)c4,7.75
6,CHEMBL3623128,NC(=O)c1cnc(N)c2cc(ccc12)c3cccc(F)c3,7.75
7,CHEMBL3262587,Nc1ncnc2ccc(nc12)c3cccc(F)c3,7.77
8,CHEMBL3623130,Nc1ncc(C(=O)NC2CC2)c3ccc(cc13)c4cccc(F)c4,7.8
9,CHEMBL574738,CCN1CCN(Cc2ccc(NC(=O)Nc3ccc(Oc4cc(NC)ncn4)cc3)cc2C(F)(F)F)CC1,7.82
10,CHEMBL3623134,CNC(=O)N1CC(C1)NC(=O)c2cnc(N)c3cc(ccc23)c4cccc(F)c4,7.82
11,CHEMBL3754123,Nc1ncc(cn1)c2cnc(N)c(c2)c3ccc(Cl)cc3,7.83
12,CHEMBL3753424,NC(=O)c1ccc(cc1)c2cnc(N)c(c2)c3ccc(Cl)cc3,7.89
13,CHEMBL3326751,O=C(c1cn[nH]c1)c2cc3c(Nc4ccncc4)ncnn3c2,8.0
14,CHEMBL3326749,O=C(c1cocc1)c2cc3c(Nc4ccncc4)ncnn3c2,8.0
15,CHEMBL3326742,N(c1ccncc1)c2ncnn3cc(cc23)c4ccccc4,8.1
16,CHEMBL3754515,Nc1ccc(cn1)c2cnc(N)c(c2)c3ccc(Cl)cc3,8.43
17,CHEMBL3623138,Nc1ncc(C(=O)NC2CN(C2)C(=O)C3CC3)c4ccc(nc14)c5cccc(F)c5,8.43
18,CHEMBL3623136,Nc1ncc(C(=O)N[C@@H]2C[C@H](O)C2)c3ccc(nc13)c4cccc(F)c4,8.43
19,CHEMBL3623137,CCC(=O)N1CC(C1)NC(=O)c2cnc(N)c3nc(ccc23)c4cccc(F)c4,8.46
20,CHEMBL3623139,CNC(=O)N1CC(C1)NC(=O)c2cnc(N)c3nc(ccc23)c4cccc(F)c4,8.8
21,CHEMBL3623135,Nc1ncc(C(=O)NC2CC2)c3ccc(nc13)c4cccc(F)c4,8.85
42,CHEMBL103667,Cc1ccc(cc1)n2nc(cc2NC(=O)Nc3ccc(OCCN4CCOCC4)c5ccccc35)C(C)(C)C,7.05
44,CHEMBL522892,CN1CCN(CC1)c2ccc3nc([nH]c3c2)C4=C(N)c5c(F)cccc5NC4=O,6.8
45,CHEMBL558752,Cn1c(Nc2ccc(cc2)C(F)(F)F)nc3cc(Oc4ccnc(c4)c5ncc([nH]5)C(F)(F)F)ccc13,5.89
49,CHEMBL1421,Cc1nc(Nc2ncc(s2)C(=O)Nc3c(C)cccc3Cl)cc(n1)N4CCN(CCO)CC4,5.51
50,CHEMBL607707,CCOc1cc2ncc(C#N)c(Nc3ccc(F)c(Cl)c3)c2cc1NC(=O)\C=C\CN(C)C,6.48
63,CHEMBL608533,CO[C@@H]1[C@@H](C[C@H]2O[C@]1(C)n3c4ccccc4c5c6CNC(=O)c6c7c8ccccc8n2c7c35)N(C)C(=O)c9ccccc9,6.19
67,CHEMBL10,C[S+]([O-])c1ccc(cc1)c2nc(c3ccc(F)cc3)c([nH]2)c4ccncc4,5.43
69,CHEMBL1336,CNC(=O)c1cc(Oc2ccc(NC(=O)Nc3ccc(Cl)c(c3)C(F)(F)F)cc2)ccn1,5.32
71,CHEMBL1721885,Cc1[nH]c(\C=C\2/C(=O)Nc3ccc(F)cc23)c(C)c1C(=O)NC[C@H](O)CN4CCOCC4,6.59
72,CHEMBL535,CCN(CC)CCNC(=O)c1c(C)[nH]c(\C=C\2/C(=O)Nc3ccc(F)cc23)c1C,6.85
75,CHEMBL24828,COc1cc2c(Nc3ccc(Br)cc3F)ncnc2cc1OCC4CCN(C)CC4,5.85
80,CHEMBL583144,Clc1ccc(Cl)c2c3N=CNC(=O)c3sc12,6.09
81,CHEMBL576620,OCCC#Cc1nc(c2ccc(F)cc2)c(c3ccncc3)n1C#C,5.38
122,CHEMBL576982,CC(C)(C)c1onc(NC(=O)Nc2ccc(cc2)c3cn4c5ccc(OCCN6CCOCC6)cc5sc4n3)c1,5.6
143,CHEMBL180022,CCOc1cc2ncc(C#N)c(Nc3ccc(OCc4ccccn4)c(Cl)c3)c2cc1NC(=O)\C=C\CN(C)C,6.48
144,CHEMBL386051,CSc1cccc(Nc2ncc3C=C(C(=O)N(C)c3n2)c4c(Cl)cccc4Cl)c1,6.06
146,CHEMBL491473,COc1cc2c(Oc3ccc4[nH]c(C)cc4c3F)ncnc2cc1OCCCN5CCCC5,5.7
149,CHEMBL450786,Cc1[nH]c(\C=C\2/C(=O)Nc3ccc(cc23)S(=O)(=O)Cc4c(Cl)cccc4Cl)c(C)c1C(=O)N5CCC[C@@H]5CN6CCCC6,6.55
156,CHEMBL1908395,Cl.CN(C)CC(=O)N1CCC(CC1)c2ccc(NC(=O)c3nc(c[nH]3)C#N)c(c2)C4=CCCCC4,6.85
158,CHEMBL509032,COc1cc(ccc1Nc2ncc(Cl)c(Nc3ccccc3S(=O)(=O)C(C)C)n2)N4CCC(CC4)N5CCN(C)CC5,6.01
159,CHEMBL502835,COC(=O)c1ccc2\C(=C(\Nc3ccc(cc3)N(C)C(=O)CN4CCN(C)CC4)/c5ccccc5)\C(=O)Nc2c1,6.82
167,CHEMBL1230609,COc1cc2c(Oc3ccc(NC(=O)C4(CC4)C(=O)Nc5ccc(F)cc5)cc3F)ccnc2cc1OCCCN6CCOCC6,6.72
168,CHEMBL1908397,O=C(N1CCNCC1)c2ccc(\C=C\c3n[nH]c4ccccc34)cc2,7.48
171,CHEMBL379218,Cc1n[nH]c2ccc(cc12)c3cncc(OC[C@@H](N)Cc4ccccc4)c3,6.85
179,CHEMBL525191,OCCn1cc(c2ccc3\C(=N\O)\CCc3c2)c(n1)c4ccncc4,5.64
189,CHEMBL377300,C[C@@H](O)COc1cn2ncnc(Oc3ccc4[nH]c(C)cc4c3F)c2c1C,6.23
192,CHEMBL1289926,CNC(=O)c1ccccc1Sc2ccc3c(\C=C\c4ccccn4)n[nH]c3c2,6.46
967,CHEMBL1964290,Cc1cccc(c1C)c2[nH]c(cc2C(=O)N)c3ccnc(N)n3,5.9
968,CHEMBL1230164,FC(F)(F)C1=CC(=O)Nc2[nH]nc(c3cccc(c3)C(F)(F)F)c12,5.3
970,CHEMBL213505,Nc1ncnc2onc(c3ccc(NC(=O)Nc4cccc(c4)C(F)(F)F)cc3)c12,5.9
974,CHEMBL1987034,NS(=O)(=O)c1cccc(Nc2ncc(Br)c(Nc3ccc(OCC#N)cc3)n2)c1,7.2
975,CHEMBL1993941,CCCn1cc(cn1)c2cnc(N)c3c(csc23)c4ccc(NC(=O)Nc5cccc(F)c5)cc4,6.7
976,CHEMBL1980435,COc1cccc(c1)C(=O)Nc2n[nH]c3ccc(cc23)c4cn(Cc5ccccc5)nn4,6.0
977,CHEMBL1989293,Fc1cnccc1c2ccc3C(=O)Nc4ccccc4Nc3c2,6.1
979,CHEMBL2005886,Cc1cc(cc2[nH]c(nc12)C3=C(NCC(O)c4cccc(Cl)c4)C=CNC3=O)N5CCOCC5,7.3
980,CHEMBL481491,NC(=O)c1sc(cc1OCc2ccccc2C(F)(F)F)n3cnc4ccccc34,5.1
981,CHEMBL1973142,CC(=O)Nc1c(sc2ccc(Cl)c(Cl)c12)C(=O)N,6.1
982,CHEMBL1980407,NC(COc1cncc(c1)c2ccc3NC(=O)C(=Cc4ccc[nH]4)c3c2)Cc5ccccc5,8.3
983,CHEMBL2007009,COc1cccc(c1)n2nc(C)c3C(=O)c4cc(Cl)ccc4N(O)c23,5.2
985,CHEMBL1982924,COc1cccc(c1)C(=O)Nc2cnc3[nH]cc(c4ccccc4)c3c2,6.8
986,CHEMBL2005936,CCCC(=O)Nc1n[nH]c2ccc(cc12)c3nnn(Cc4ccccc4)c3c5ccccc5,6.2
987,CHEMBL1966628,NC1CCC(CC1)Nc2nccc(n2)c3c[nH]c4ncccc34,7.2
990,CHEMBL1995813,NC1CCCCC1Nc2nccc(n2)c3c[nH]c4ncccc34,7.5
991,CHEMBL1993781,NC(COCc1ccccc1)COc2cncc(C=Cc3ccncc3)c2,5.3
992,CHEMBL1964288,C(c1ccccc1)n2cc(nn2)c3ccc4[nH]nc(c5cn(Cc6ccccc6)nn5)c4c3,7.0
994,CHEMBL244378,OC(=O)c1ccccc1Nc2ccnc(Nc3ccc4cn[nH]c4c3)n2,7.2
996,CHEMBL2001957,CC(C)(CO)CNc1nccc(n1)c2c(nc3c(OCC(F)(F)F)nccn23)c4ccc(F)cc4,5.1
997,CHEMBL1969372,COCCNc1nccc(n1)c2c(nc3cnccn23)c4ccc(F)cc4,5.9
998,CHEMBL1993413,Clc1cc(cc(NC(=O)c2ccccc2)n1)c3c[nH]c4ncccc34,5.6
999,CHEMBL289959,N(c1ccccc1)c2ncnc3ccccc23,4.4
1000,CHEMBL2006263,Cc1nc2ccc(NS(=O)(=O)c3ccc(N)cc3)cc2nc1C,6.6
1001,CHEMBL1988662,CN(C)CCCOc1cc(cc2[nH]nc(N)c12)c3ccncc3,6.1
1002,CHEMBL1993584,OC(COc1cncc(C=Cc2ccncc2)c1)Cc3c[nH]c4ccccc34,6.5
1003,CHEMBL1986263,CCN1C(=O)SC(=C1C)c2ccnc(Nc3cccc(OC)c3)n2,7.4
1004,CHEMBL2000114,CSc1c[nH]c2ncnc(NCCCO)c12,6.0
1007,CHEMBL1971172,CC(C)(CNc1cc(cc(Cl)n1)c2c[nH]c3ncccc23)CNS(=O)(=O)C,6.8
1008,CHEMBL1975647,Fc1cccc2c(NC(=O)Nc3cnccn3)ccnc12,6.3
1009,CHEMBL1968380,CCC1N(C2CCCC2)c3nc(Nc4ccc(cc4OC)C(=O)NC5CCN(C)CC5)ncc3N(C)C1=O,6.2
1010,CHEMBL1997643,COc1ccccc1C(=O)Nc2n[nH]c3ccc(cc23)c4cn(Cc5ccccc5)nn4,7.1
1012,CHEMBL1991734,CN1c2ccc(N)cc2C(c3ccccc3)c4cc(N)ccc14,6.3
1014,CHEMBL1977681,CNC(=O)c1cc2c(n[nH]c2s1)c3ccccc3F,6.7
1015,CHEMBL1970142,CNC(=O)C(C)n1cc(cn1)c2cnc(N)c3c(csc23)c4ccc(NC(=O)Nc5ccc(C)cc5)cc4,7.5
1017,CHEMBL1990912,OCCNc1cc2cc(ccc2cn1)c3cccnc3,6.5
1018,CHEMBL2002105,Nc1n[nH]c2ncc(Br)cc12,4.1
1020,CHEMBL1983348,CCCCN(CCC#N)C(=O)c1ccc2nc([nH]c2c1)c3n[nH]c4ccccc34,5.8
1021,CHEMBL1976040,CN1CCN(CC1)c2ccc(Nc3ncc4C(=O)N(CC=C)N(c5cccc(n5)C(C)(C)O)c4n3)cc2,5.8
1022,CHEMBL1988163,NS(=O)(=O)c1cccc(Nc2ncc3ccn(c4ccccc4)c3n2)c1,7.4
1024,CHEMBL1980671,Nc1ncnc2Nc3ccccc3NC(=O)c12,4.8
1030,CHEMBL1969735,CC(C)(CO)CNc1nccc(n1)c2c(nc3c(Cl)nccn23)c4ccc(F)cc4,5.3
1031,CHEMBL2002649,COc1ccc2NC(=O)C(=Cc3c[nH]cn3)c2c1,7.3
1032,CHEMBL1983589,NC1CCC(CC1)Nc2cc(Cl)nc(n2)c3c[nH]c4ncccc34,7.9
1033,CHEMBL1985367,Cc1ccnc(Nc2cc(C)nc(n2)c3ccccc3)c1,6.3
1035,CHEMBL1996510,O=C1NC(=O)C(=C1c2c[nH]c3ccccc23)c4nc(nc5ccccc45)N6CCNCC6,6.7
1036,CHEMBL2005718,CS(=O)(=O)NCCNc1cc(cc(Cl)n1)c2c[nH]c3ncccc23,7.6
1039,CHEMBL1967998,CCN1CCN(CC1)c2ccc(Nc3ncc(Cl)c(Nc4ccc5[nH]ncc5c4)n3)cc2,6.2
1040,CHEMBL1994321,Cc1cccc(NC(=O)Nc2ccc(cc2)c3csc4c(cnc(N)c34)C#CCNS(=O)(=O)C)c1,6.3
1042,CHEMBL1984788,NC(=O)c1cc(Cl)cc2[nH]c(nc12)c3ccc(cc3F)C4CCCNC4,6.4
1043,CHEMBL1974875,OC(=O)c1csc2C(=O)NCCNc12,4.5
1044,CHEMBL1996604,COc1ccc(C=C2SC(=Nc3ccccc3)NC2=O)cc1OC,5.4
1045,CHEMBL1989471,CC(C)c1ccc2C(=O)c3c(C)ccnc3Nc2c1,5.5
1046,CHEMBL2002099,N#CCC(C1CCCC1)n2cc(cn2)c3ncnc4[nH]ccc34,5.4
1047,CHEMBL2000508,Fc1ccc(cc1)c2nc3sccn3c2c4ccncc4,6.7
1049,CHEMBL2001547,CCc1nccn2c(c3ccnc(NCC(C)(C)O)n3)c(nc12)c4ccc(F)cc4F,5.6
1052,CHEMBL1986603,Cc1onc(NC(=O)CCNC(=O)Nc2nc(C)c(s2)c3ccc(cc3)n4cccn4)c1,6.9
1054,CHEMBL1977148,COc1ccc(NC(=O)Nc2ccc(cc2)c3csc4c(cnc(N)c34)c5cnn(CCO)c5)cc1,5.7
1055,CHEMBL1966842,COc1ccc(CN(C)C)cc1Nc2nccc(n2)c3c(nc4sccn34)c5cccc(NC(=O)Cc6ccccc6)c5,5.5
1057,CHEMBL2003286,COc1cc(C=C2SC(=O)NC2=O)ccc1O,5.6
1058,CHEMBL1992306,CNC(=O)c1cc(Oc2ccc(NC(=O)Nc3cccc(c3)C(F)(F)F)cc2)ccn1,5.0
1059,CHEMBL2002165,CC(O)Cn1cc(cn1)c2cnc(N)c3c(csc23)c4ccc(NC(=O)Nc5cccc(F)c5)cc4,7.0
1062,CHEMBL1989518,NCCOc1cncc(C=Cc2ccncc2)c1,5.5
1063,CHEMBL1998585,Nc1ncnc2scc(c3ccc(NC(=O)Nc4cc(ccc4F)C(F)(F)F)cc3)c12,6.1
1065,CHEMBL519697,CN(C(=O)C1CCCCC1)c2ccc3c(c2)nc(NC(=O)c4ccc(cc4)C#N)n3C,5.7
1066,CHEMBL2004934,COc1cccc(c1)C(C)NC(=O)c2ccc(c(F)c2)c3ccncc3,5.2
1067,CHEMBL1987261,CC(C)(CN)CNc1cc(cc(F)n1)c2c[nH]c3ncccc23,6.8
1068,CHEMBL1981947,CC(C)Oc1ccc(cc1C(F)(F)F)c2noc(n2)c3ccc(NC4CCC(C4)C(=O)O)cc3,5.1
1069,CHEMBL1968459,CCCCNc1cc(ncn1)c2c[nH]c3ncccc23,7.8
1070,CHEMBL1973516,CCN1CCN(CC1)c2ccc(Nc3ncc(C#N)c(Nc4ccc5[nH]ncc5c4)n3)cc2,6.2
1071,CHEMBL1996345,Nc1nc2ccc(cc2n1c3nc4CCCCc4s3)C#N,7.0
1072,CHEMBL1975128,Nc1n[nH]c2ccc(cc12)c3nnn(Cc4ccccc4)c3I,6.3
1074,CHEMBL1996048,Cc1ccc(cc1)c2cc3c(NCCN)ccc(C(=O)N)c3[nH]2,7.4
1079,CHEMBL2001485,CC(C(=O)N(C)C)n1cc(cn1)c2cnc(N)c3c(csc23)c4ccc(NC(=O)Nc5ccc(C)cc5)cc4,6.9
1081,CHEMBL1971519,Nc1n[nH]c2cccc(c3ccc(F)cc3)c12,4.7
1082,CHEMBL1997335,COc1ccc(cc1OC)C2=NNc3cccc4c(OC)ccc2c34,6.4
1083,CHEMBL1966425,CN(C)CCCOc1cc2C(=O)NCc2c(c1)c3ccc(Nc4oc5ccccc5n4)cc3,5.2
1084,CHEMBL1984363,Cc1cc(NC(=O)Cc2ccc(cc2)c3cccc4[nH]nc(N)c34)ccc1F,5.2
1085,CHEMBL1978099,CNC(=O)COc1ccc(Nc2nc(Nc3ccc(C)c(c3)S(=O)(=O)N)ncc2F)cc1,5.9
1086,CHEMBL1988608,CC(=O)Nc1cccc(CNC2=C(Nc3ccc4[nH]ncc4c3)C(=O)C2=O)c1,5.3
1087,CHEMBL184847,Cc1ccc(NC(=O)Nc2ccc(cc2)c3cccc4C(=O)NCc34)cc1C,5.5
1089,CHEMBL1984367,CN(C)c1ccc(CNC(=O)c2cc3c(n[nH]c3s2)c4ccccc4)cc1,6.0
1090,CHEMBL1985723,CC(C)(CN)CNc1cc(cc(Cl)n1)c2c[nH]c3ncccc23,6.8
1091,CHEMBL178737,O=C(N1CCOCC1)N2CCn3cc(C4=C(C(=O)NC4=O)c5cnc6ccccn56)c7cccc(C2)c37,5.5
1092,CHEMBL1982563,COCC(C)(C)CNc1nccc(n1)c2c(nc3c(C)nccn23)c4ccc(F)cc4,5.6
1094,CHEMBL539474,O=C1CCCN1Cc2ccc3c(NC(=O)c4cccn34)c2,6.4
1095,CHEMBL1987679,NC(COc1cncc(c1)c2ccc3NC(=O)Oc3c2)Cc4c[nH]c5ccccc45,6.0
1096,CHEMBL1988387,Cn1cc(cn1)c2cnc(N)c3c(csc23)c4ccc(NC(=O)Nc5ccc(OC(F)F)cc5)cc4,7.5
1097,CHEMBL1973868,Oc1cnc2ccc(cc2c1)c3ccncc3,6.0
1100,CHEMBL1990288,CC(Nc1nccc(n1)c2c(nc3occn23)c4ccc(F)cc4)c5ccccc5,6.2
1101,CHEMBL1989708,CC(O)Cn1cc(cn1)c2cnc(N)c3c(csc23)c4ccc(NC(=O)Nc5cccc(C)c5)cc4,6.9
1104,CHEMBL1965702,CN(C)C1CCCC(C1)Nc2nc(Cl)cc(n2)c3c[nH]c4ncccc34,6.6
1108,CHEMBL2002456,CC(C)(C)Oc1cc(cc2[nH]nc(N)c12)c3ccncc3,6.6
1109,CHEMBL2005112,CC1=NN(C(=O)C1=Cc2c(C)c(C#N)c3nc4ccccc4n3c2O)c5cccc(Br)c5,5.1
1110,CHEMBL1958401,O=C1NC(=NC(=C1)c2ccncc2)NC3CCCCC3,6.3
1112,CHEMBL1984044,CCN(CC)CCOc1ccc(cc1)c2nc3c(cccc3[nH]2)C(=O)N,6.0
1113,CHEMBL2003456,O=C1Nc2cc(cnc2N1)c3ccccc3,5.7
1114,CHEMBL1966816,Fc1cccc2c(NC(=O)Nc3cccc(n3)C(F)(F)F)ccnc12,7.7
1115,CHEMBL1972584,CC(=O)N1CCN(CC1)C2CCC(CC2)n3nc(c4ccc(NC(=O)c5cc6ccccc6n5C)cc4)c7c(N)ncnc37,5.4
1117,CHEMBL560813,OC(=O)c1ccc2cc(NC(=O)Nc3cnc(cn3)C#N)ccc2c1,6.3
1118,CHEMBL207253,CCCON1c2ccc(Cl)cc2C(=O)c3c(C)nn(C)c13,5.8
1120,CHEMBL1968791,Cc1c(c2cccc(OCc3ccccc3)c2)c4c(N)ncnc4n1C5CC(CN6CCCC6)C5,5.3
1121,CHEMBL2002682,Cc1cccc(Cl)c1c2cccc3c(CCCOc4cccc5ccccc45)c([nH]c23)C(=O)NCCOCCOCCN,5.5
1122,CHEMBL1985129,Cc1cc(O)nc2[nH]nc(c3cccc(c3)c4cccc(c4)C#N)c12,5.3
1124,CHEMBL1971186,Fc1ccc(cc1)c2nc3occn3c2c4ccnc(NC5CCNCC5)n4,5.7
1126,CHEMBL1976872,CC(=O)Nc1cc2ccccn2n1,4.2
1127,CHEMBL2006456,CC(C)CNC1CCC(CC1)Nc2nc(Cl)cc(n2)c3c[nH]c4ncccc34,6.9
1128,CHEMBL1973211,Cc1cccc(NC(=O)Nc2ccc(cc2)c3csc4c(cnc(N)c34)C#CCN5CCCC5)c1,6.1
1129,CHEMBL1984700,CC(C)Oc1nccn2c(c3ccnc(NCC(C)(C)O)n3)c(nc12)c4ccc(F)cc4F,5.6
1131,CHEMBL1987899,CN(C1=C(NCc2ccc(Cl)cc2Cl)C(=O)C1=O)c3ccc4[nH]ncc4c3,5.1
1135,CHEMBL1461728,Fc1cccc(c1)C(=O)Nc2ccc3[nH]ncc3c2,5.2
1137,CHEMBL1999120,CC(C)C1=CC(=O)NC2=C1C(=O)NN2,4.0
1138,CHEMBL1976134,c1cc2cc(cnc2[nH]1)c3ccc4cn[nH]c4c3,6.8
1139,CHEMBL1965131,Cc1ccc(cc1)C(=O)Nc2c(sc3ccc(Cl)c(Cl)c23)C(=O)N,5.9
1140,CHEMBL1999279,CC(C)(Nc1nccc(n1)c2c[nH]c3ncccc23)c4ccccc4,7.8
1141,CHEMBL1972158,Nc1n[nH]c2ccc(cc12)c3nnn(Cc4ccccc4)c3c5ccccc5,6.3
1144,CHEMBL2006580,Oc1ccc(Nc2ncnc3scc(Cl)c23)cc1,5.7
1145,CHEMBL1999414,CCN(CC)CCCNC(=O)c1cnc(N)c2c(csc12)c3ccc(NC(=O)Nc4cccc(C)c4)cc3,5.5
1150,CHEMBL1970340,Nc1noc2cccc(c3cccc(O)c3)c12,4.7
1157,CHEMBL1975534,NCC(O)C(O)Cn1cc(I)c2c(N)ncnc12,5.5
1158,CHEMBL1993424,NS(=O)(=O)c1cccc(Nc2ncc3ccn(Cc4ccccc4)c3n2)c1,6.6
1161,CHEMBL243518,Cc1ccc(Nc2nccc(Nc3ccccc3C(=O)O)n2)cc1F,6.7
1162,CHEMBL1969561,CC(C)N(C)C(=O)c1c(nnn1Cc2ccccc2)c3ccc4[nH]ncc4c3,5.2
1163,CHEMBL1994555,CCc1c([nH]c2nccnc12)c3ccc(cc3)C(=O)C,5.5
1165,CHEMBL1997554,NC(=O)c1ccccc1Nc2nc(Nc3ccccc3)ncc2C(F)(F)F,7.6
1166,CHEMBL1983640,Cc1ccc(F)c(NC(=O)Nc2ccc(cc2)c3coc4c(cnc(N)c34)C#CCN5CCOCC5)c1,5.8
1167,CHEMBL1997023,CN(C)c1cc2sncc2cc1NC(=O)C(=O)O,5.1
1168,CHEMBL1964687,Cc1cc(C)cc(NC(=O)Nc2ccc3c(CCc4sc5ncnc(N)c5c34)c2)c1,5.4
1170,CHEMBL1974254,CCOc1ccc(NC(=O)Nc2ccc(cc2)c3csc4c(cnc(N)c34)c5cnn(C)c5)cc1,7.2
1171,CHEMBL1997924,C(Nc1nc(Nc2cc([nH]n2)C3CC3)c4sccc4n1)c5ccccc5,7.1
1172,CHEMBL1988537,COc1ccc(cc1)C(=O)N2c3ccccc3Sc4c(Cl)cncc24,5.9
1174,CHEMBL2005828,Cc1ccc(NC(=O)Nc2ccc(cc2)c3coc4ncnc(N)c34)cc1,6.4
1175,CHEMBL2002240,CC(=O)Nc1cc(N)c(C#N)c(n1)c2ccc3ccccc3c2,5.1
1177,CHEMBL1971485,CN(C)c1c(NC(=O)Cc2ccccc2)cccc1c3nc4sccn4c3c5ccnc(Nc6cccc(c6)N7CCOCC7)n5,5.8
1178,CHEMBL363648,CCc1nc(c2cccc(C)c2)c(s1)c3ccnc(NC(=O)c4ccccc4)c3,7.6
1181,CHEMBL1980178,CC(=O)NC1CCCC(C1)Nc2nc(Cl)cc(n2)c3c[nH]c4ncccc34,6.8
1182,CHEMBL1998611,NC(=O)c1sc2c(Br)ccc(Cl)c2c1N,6.5
1183,CHEMBL1975900,Clc1ccc(CNC2=C(Nc3ccncc3)C(=O)C2=O)cc1Cl,5.3
1184,CHEMBL1973098,COc1cc(C=C2SC(=S)NC2=O)ccc1O,5.7
1186,CHEMBL2006778,CNC(=O)C=Cc1cnc(N)c2c(csc12)c3cc(F)c4[nH]c(C)cc4c3,8.5
1187,CHEMBL1981511,Cc1cc(ccn1)c2ccc3C(=O)Nc4ccccc4Nc3c2,6.1
1189,CHEMBL1996979,Fc1cccc(F)c1C(=O)Nc2cnc3[nH]cc(c4ccccc4)c3c2,7.3
1190,CHEMBL1997025,NC(=O)c1cccc2[nH]c(nc12)c3ccc(cc3F)C4CCCNC4,6.2
1191,CHEMBL1968406,CCc1cccc(NC(=O)Nc2ccc3c(CCc4sc5ncnc(N)c5c34)c2)c1,5.5
1192,CHEMBL1975921,Brc1cnc2NC(=O)Nc2c1,4.3
1193,CHEMBL1984274,O=C1NNC(=O)c2c(NN=C3C(=O)N(N=C3c4ccccc4)c5ccccc5)cccc12,5.9
1200,CHEMBL1682558,Fc1ccc(cc1)c2ncn(CCN3CCOCC3)c2c4ccc5[nH]ncc5c4,6.4
1201,CHEMBL1971534,NC(=O)c1cc2ccncc2s1,4.6
1202,CHEMBL1990496,CN1C(=NC(=C(C1=O)c2ccc3ccccc3c2)c4ccncc4)NCC(N)Cc5ccccc5,6.7
1204,CHEMBL1998068,COCC(C)Nc1cc(cc(Cl)n1)c2c[nH]c3ncccc23,8.0
1205,CHEMBL2002479,NCCCOc1cc2C(=O)NCc2c(c1)c3ccc(Nc4oc5cc(Cl)ccc5n4)cc3,5.6
1206,CHEMBL2002480,Nc1nc2ncc(cn2n1)c3ccccc3,4.3
1207,CHEMBL1967094,Clc1ccc(CNC(=O)c2cc3c(n[nH]c3s2)c4ccccc4)cc1,5.9
1209,CHEMBL2003341,OCC(NC(=O)c1ccc(cc1)c2ccncc2)c3cc(Cl)cc(Cl)c3,5.4
1211,CHEMBL1982992,Oc1cccc(Nc2ncnc3scc(Cl)c23)c1,5.7
1213,CHEMBL1999590,Cc1cc(c2ccccc2)n(n1)c3cc(NN=Cc4occc4)ncn3,6.3
1215,CHEMBL1978166,Cc1cccc(NC(=O)Nc2ccc(cc2)c3csc4c(cnc(N)c34)C#CCCCCCCCCN)c1,6.1
1217,CHEMBL1980489,Clc1ccc(CNC2=C(Nc3ccncc3)C(=O)C2=O)cc1,5.2
1218,CHEMBL2000832,COc1cc(ccc1O)c2ccc3C(=O)Nc4cc(ccc4Nc3c2)C(=O)NCc5cccc(F)c5,6.7
1219,CHEMBL1967116,Cc1cccc(NC(=O)Nc2ccc(cc2)c3csc4c(cnc(N)c34)c5cnn(C)c5)c1,7.0
1222,CHEMBL513846,Cc1nc2ccccn2c1c3csc(Nc4ccc(O)cc4)n3,5.4
1223,CHEMBL1996176,O=C1Nc2ccccc2C1=Cc3ccc[nH]3,6.5
1225,CHEMBL1974617,OCc1cc(on1)c2ccc3[nH]ncc3c2,4.7
1226,CHEMBL1965660,NC(=O)c1cc([nH]c1c2ccc(Cl)cc2Cl)c3ccnc(N)n3,5.8
1227,CHEMBL1992125,COc1cc(Nc2ncnc(n2)N3CCCc4cc(C)ccc34)cc(OC)c1OC,5.9
1228,CHEMBL1998112,COc1ccc(cc1OC)c2cc3nccn3c(Nc4ccccc4C(=O)N)n2,5.4
1229,CHEMBL1972290,NCCNc1cc(cc(Cl)n1)c2c[nH]c3ncccc23,7.4
1230,CHEMBL1969126,CC(C)n1nnc2ccc(cc12)c3c(nc4occn34)c5ccc(F)cc5F,7.2
1231,CHEMBL1980896,Nc1ncnc2sc(Br)c(c3ccc(NC(=O)Cc4cccc(Cl)c4)cc3)c12,5.0
1233,CHEMBL1970104,CC(C)(C)c1ccc2nc([nH]c2c1)c3n[nH]c4ccccc34,6.5
1234,CHEMBL1991429,O=C(Cc1ccccc1)Nc2cccc(c2)c3nc4sccn4c3c5ccnc(Nc6cccc(c6)N7CCCC7=O)n5,7.3
1235,CHEMBL1967612,Clc1ccc2c(c1)C(=O)NS2(=O)=O,4.2
1236,CHEMBL1964777,NC(=O)c1cc2c(Oc3cccc(F)c3)cncc2s1,5.9
1240,CHEMBL1994040,CC(C)(O)CNc1nccc(n1)c2c(nc3c(CC4CC4)nccn23)c5ccc(F)cc5F,5.8
1241,CHEMBL1980995,CNC1CC2OC(C)(C1OC)n3c4ccccc4c5c6CNC(=O)c6c7c8ccccc8n2c7c35,8.8
1242,CHEMBL1984548,Cn1cc(Nc2ncc(Cl)c(Nc3ccccc3C(=O)N)n2)cn1,7.4
1243,CHEMBL1967302,NC(COc1cncc(c1)c2ccc3NC(=O)Cc3c2)Cc4c[nH]c5ccccc45,6.2
1245,CHEMBL1982506,COc1cc2cnc3C(=O)NC(=O)c3c2cc1OC,5.4
1246,CHEMBL2004716,CCN(CC)CCNC(=O)C=Cc1cnc(N)c2c(csc12)c3ccc(NC(=O)Nc4cccc(C)c4)cc3,6.5
1247,CHEMBL1968127,CN(C)CC(C)(C)CNc1nccc(n1)c2c(nc3occn23)c4ccc(F)cc4,5.4
1248,CHEMBL1975233,COc1cc(C)c(Cl)cc1NC(=O)Nc2cnc(cn2)C#N,5.8
1249,CHEMBL1985406,CCCC(=O)Nc1n[nH]c2ccc(cc12)c3cccc(F)c3F,5.8
1252,CHEMBL2000894,Cc1cc(O)ccc1N2C=C(C(=O)NN)C(=O)c3ccc(cc23)c4ccncc4,5.7
1254,CHEMBL1968130,Nc1nnc2cncc(Cl)n12,4.3
1256,CHEMBL1982135,Cc1ccccc1NC(=O)Nc2ccc3c(CCc4sc5ncnc(N)c5c34)c2,5.7
1257,CHEMBL1976090,Nc1ncnc2c1sc3ncnc(N)c23,6.1
1258,CHEMBL1993243,CNC(=O)C=Cc1cnc(N)c2c(csc12)c3ccc4OCOc4c3,7.4
1259,CHEMBL2004771,O=C1NCc2c1cccc2c3ccc(Nc4oc5ccccc5n4)cc3,6.7
1260,CHEMBL1992922,OCC(CO)Nc1ncnc2[nH]cc(c3ccccc3)c12,6.4
1261,CHEMBL1997597,CCS(=O)(=O)Nc1ccc(cc1)c2ccc3[nH]nc(N)c3c2,5.1
1262,CHEMBL1969537,S=C1NN=C2N1C3=NNC(=S)N3c4sc5CCCc5c24,6.1
1263,CHEMBL38380,O=S(=O)(N1CCCNCC1)c2cccc3cnccc23,5.6
1266,CHEMBL210032,CC(=O)Nc1cc(N)c(C#N)c(n1)c2ccccc2,5.4
1268,CHEMBL508928,Cc1cccc(NC(=O)Nc2ccc(cc2)c3cnc4c(cnn4c3N)c5cnn(C)c5)c1,6.6
1269,CHEMBL1991356,COc1cccc(c1)c2cc3C(=O)Nc4ccccc4n3c2,6.8
1271,CHEMBL2004892,CS(=O)(=O)Nc1ccc(cc1)c2ccc3[nH]nc(N)c3c2,5.3
1272,CHEMBL1949855,Clc1cccc2C(=O)NC=Nc12,4.9
1274,CHEMBL1997503,CC(C)Oc1ccc(cc1Cl)c2noc(n2)c3ccc(NC4CCC(C4)C(=O)O)cc3,6.6
1275,CHEMBL1972339,Cc1n[nH]c2ccc(cc12)c3nnn(Cc4ccccc4)c3c5ccc(F)cc5,6.6
1276,CHEMBL116070,NC(=O)c1cc2c(Oc3ccc(Br)cc3)cncc2s1,5.9
1278,CHEMBL1968340,CC(C)(O)c1nnc2ccc(nn12)c3c(nc4occn34)c5ccc(F)cc5F,5.5
1279,CHEMBL1970314,NC(=O)c1cc(cc2cccnc12)c3cccc(N)c3,5.9
1280,CHEMBL2004871,OCCCn1cnc(c2ccc(F)cc2)c1c3ccncc3,5.4
1286,CHEMBL101311,CN(C)CC(O)COc1ccc(Nc2nccc(Nc3cc(Cl)ccc3Cl)n2)cc1,5.6
1287,CHEMBL1981720,O=C(Nc1cnccn1)Nc2ccnc3ccccc23,6.2
1288,CHEMBL1967704,Cc1n[nH]c2ccc(cc12)c3cncc(OCCNS(=O)(=O)C)c3,7.1
1289,CHEMBL1993548,CC(N)COc1cnc(Cl)c(C=Cc2ccncc2)c1,6.1
1290,CHEMBL262433,Cc1ccc(F)c(NC(=O)Nc2ccc(cc2)c3nsc4ncnc(N)c34)c1,5.2
1291,CHEMBL306380,Cc1ccc(cc1)c2nn(c3ncnc(N)c23)C(C)(C)C,5.8
1292,CHEMBL1966722,OC(C(=O)NNC(=S)Nc1ccc(Cl)cc1)(c2ccccc2)c3ccccc3,5.4
1294,CHEMBL1988581,CN(C)CC1=C(O)C2=NC(=CC(=O)N2C=C1)C,6.8
1296,CHEMBL1975500,COc1cc(ccc1O)c2ccc3C(=O)Nc4cc(ccc4Nc3c2)C(=O)NCCNC(=O)C,6.3
1297,CHEMBL394619,Cc1cccc(NC(=O)Nc2ccc(cc2)c3csc4ccnc(N)c34)c1,5.6
1298,CHEMBL2006564,CCN(C(=O)C)c1ccc(Nc2nc(NC3CC3)c4nc[nH]c4n2)cc1,5.8
1299,CHEMBL1996831,OC(=O)c1c2CCC(=C3CCCC3)c2nc4ccccc14,5.4
1300,CHEMBL411903,Nc1ncnc2NCCC(=Nc12)c3ccc(NC(=O)Nc4cc(ccc4F)C(F)(F)F)cc3,6.9
1301,CHEMBL1991008,Nc1n[nH]c2c(cccc12)c3ccccc3,4.6
1302,CHEMBL1980253,Clc1cc(nc(NC2CCOCC2)n1)c3c[nH]c4ncccc34,7.7
1305,CHEMBL1965988,Cc1cccc(NC(=O)Nc2ccc(cc2)c3csc4c(cnc(N)c34)C#CCN)c1,6.1
1306,CHEMBL1969221,CN(C)c1ccc(cc1)c2c(nnn2Cc3ccccc3)c4ccc5[nH]nc(N)c5c4,7.1
1308,CHEMBL1989646,Cc1c(nnn1Cc2ccccc2)c3ccc4[nH]nc(N)c4c3,6.0
1310,CHEMBL1978200,Cc1nccn2c(c3ccnc(NCCC(C)(C)O)n3)c(nc12)c4ccc(F)cc4F,6.2
1312,CHEMBL1994159,CC(=O)c1cccc(c1)c2ccc3nccn3n2,4.1
1314,CHEMBL1970522,COc1cc(C=C2SC(=Nc3ccccc3)NC2=O)ccc1O,6.0
1315,CHEMBL1990415,O=C(Nc1n[nH]c2nc3ccccc3cc12)c4ccncc4,5.6
1316,CHEMBL1966087,C1CC(CN1)Oc2cncc(C=Cc3ccncc3)c2,5.2
1317,CHEMBL1986767,CN1C=C(C2=NC(=CC(=O)N12)c3ccncc3)c4ccccc4,5.9
1319,CHEMBL1964692,Cn1nc(N)c2c(cncc12)c3ccc(NC(=O)Nc4cccc(c4)C(F)(F)F)cc3,6.1
1322,CHEMBL1973483,FC(F)(F)c1ccc2c(NC(=O)Nc3cccc(n3)C(F)(F)F)ccnc2c1,5.5
1323,CHEMBL1998470,CCCC(=O)Nc1cc(cc(Cl)n1)c2c[nH]c3ncccc23,6.1
1324,CHEMBL1996980,CNCC(=O)NC1CCC(CC1)Nc2nc(Cl)cc(n2)c3c[nH]c4ncccc34,8.2
1326,CHEMBL1970735,CCCOc1nc(NC(=O)C)cc(N)c1C#N,5.2
1327,CHEMBL1975903,COc1ccccc1c2ccnc(Nc3cccc(c3)S(=O)(=O)C)n2,6.1
1328,CHEMBL1994669,Cn1cc(Nc2ncc(Br)c(Nc3ccccc3C(=O)N)n2)cn1,7.4
1330,CHEMBL2004365,CCOC(=O)C1=C(N)N2C(=O)C(=Cc3cccs3)SC2=C(C1c4cccs4)C(=O)N,6.0
1331,CHEMBL117697,COc1cccc(Nc2ncnc3ccccc23)c1,4.6
1332,CHEMBL482967,Cc1nc(N)sc1c2ccnc(Nc3ccc(cc3)N4CCOCC4)n2,6.6
1333,CHEMBL1989474,Cn1cc(c2ccncn2)c(n1)c3ccc(F)cc3,5.4
1334,CHEMBL1090360,O=C(Cc1ccccc1)Nc2cccc(c2)c3nc4sccn4c3c5ccnc(Nc6cccc(c6)N7CCOCC7)n5,7.3
1335,CHEMBL226232,Clc1cc(ccn1)c2cc3C(=O)NCCc3[nH]2,7.0
1336,CHEMBL210887,OCCCn1c(NC(=O)c2cccc(c2)[N+](=O)[O-])nc3ccccc13,6.7
1337,CHEMBL1988805,Nc1nc2ccc(cc2n1c3nccs3)C#N,5.9
1340,CHEMBL1965836,Cc1n[nH]c2ccc(cc12)c3cncc(OCC(N)Cc4cccc(OC(F)(F)F)c4)c3,8.2
1342,CHEMBL1974310,NC(=O)c1cc2c(cncc2s1)c3ccc(F)cc3,5.9
1343,CHEMBL1969942,Fc1cccc(NC(=O)Nc2ccc(cc2)c3ccc4cn[nH]c4c3)c1,5.9
1345,CHEMBL1982660,COc1ccc2c(NC(=O)Nc3cccc(n3)C(F)(F)F)ccnc2c1,7.2
1346,CHEMBL1994693,Nc1ncnc2sc3CCc4cc(NC(=O)Nc5ccccc5)ccc4c3c12,5.9
1347,CHEMBL1725279,Oc1c2ccccc2c3N=Nc4cccc1c34,6.5
1349,CHEMBL1975138,OC(C(=O)NNC(=S)Nc1ccc(F)cc1)(c2ccccc2)c3ccccc3,5.4
1350,CHEMBL2005767,Clc1ccc(OCC2CN(Cc3c[nH]c4ncccc34)CCO2)cc1,5.9
1357,CHEMBL2003271,NC(=O)c1sc2ccc(Cl)c(Cl)c2c1NC(=O)c3ccc(Cl)cc3,6.1
1359,CHEMBL49120,CCN(CC)CCOc1ccc(Nc2ncc3C=C(C(=O)N(C)c3n2)c4c(Cl)cccc4Cl)cc1,7.1
1362,CHEMBL1983111,CC(=O)NCC(=O)N1C2CCC1c3cc(Nc4ncc(c(NC5CCC5)n4)C(F)(F)F)ccc23,7.0
1363,CHEMBL1973860,OCCNc1cc2cc(ccc2cn1)c3ccsc3,6.4
1367,CHEMBL2004544,Oc1cccc2c(ccc(NCc3ccc4OCOc4c3)c12)S(=O)(=O)O,5.7
1368,CHEMBL1983157,CCCCNc1cc(cc2[nH]nc(N)c12)c3ccncc3,6.5
1370,CHEMBL1982610,Clc1cccc(c1)c2cn3C(=O)NC=C(I)c3n2,5.1
1371,CHEMBL1989569,CN(C)CCOc1cccc(c1)c2nc3c(cccc3[nH]2)C(=O)N,5.7
1372,CHEMBL1966040,FC(F)(F)c1cccc(CNc2cc(ncn2)c3c[nH]c4ncccc34)c1,7.5
1377,CHEMBL375293,N(c1cccnc1)c2ncc(c3ccncn3)c(n2)c4occc4,5.2
1378,CHEMBL1988300,Nc1ccc(cc1)c2csc3c(C=Cc4nc5ccccc5[nH]4)cnc(N)c23,6.5
1380,CHEMBL1991078,COc1ccc(cc1OC)C(=O)Nc2n[nH]c3ccc(cc23)c4cn(Cc5ccccc5)nn4,6.3
1382,CHEMBL1977749,ON=C1C=C(Oc2c(CC=C)cccc12)c3ccccc3,6.2
1383,CHEMBL1975212,Nc1ncnc2scc(c3ccccc3)c12,5.0
1384,CHEMBL2001613,Brc1ccc2NNC(=O)c2c1,4.7
1385,CHEMBL565612,CN1CCN(CC1)c2nc(C3=C(C(=O)NC3=O)c4c[nH]c5ccccc45)c6ccccc6n2,6.8
1387,CHEMBL1993904,NC(=O)c1cc2c(cnc(N)c2s1)c3ccc(Nc4oc5ccccc5n4)cc3,5.6
1388,CHEMBL1994438,NC1CCCCC1Nc2nc(Cl)cc(n2)c3c[nH]c4ncccc34,7.1
1389,CHEMBL1980376,Cc1cccc(c1)c2cccc3onc(N)c23,5.0
1397,CHEMBL1969502,O=C(Nc1cc2C(=O)NN=Cc3c[nH]c(c1)c23)C4CC4c5ccccc5,6.5
1398,CHEMBL1996447,CCCCOc1cc(cc2[nH]nc(N)c12)c3ccncc3,6.6
1399,CHEMBL1682553,CC(C)Nc1c(nc2ncccn12)c3ccc4[nH]ncc4c3,5.5
1400,CHEMBL1971430,CN1C(=NC(=C(C1=O)c2cccc(C)c2)c3ccncc3)NCC(N)Cc4ccccc4,5.7
1401,CHEMBL1983963,Cc1cccc(NC(=O)Nc2ccc(cc2)c3coc4ncnc(N)c34)c1,6.4
1402,CHEMBL1997764,COc1ccc(cc1)C(=O)Nc2cnc3[nH]cc(c4ccccc4)c3c2,6.7
1404,CHEMBL1987535,O=C(NCCc1cccs1)N2CCC(=CC2)c3c[nH]c4ncccc34,6.1
1405,CHEMBL1985092,Oc1ccc(cc1)c2n[nH]c(Nc3cccc(Cl)c3)c2c4ccc(O)cc4,6.0
1410,CHEMBL1981133,NC(COc1cncc(c1)c2ccc3cnccc3c2)Cc4c[nH]c5ccccc45,5.3
1412,CHEMBL1991434,COc1ccc(C=C2C(=O)ON=C2c3ccc(Br)cc3)cc1OC,5.8
1413,CHEMBL1967544,CN(C)c1cccc2c(cccc12)S(=O)(=O)N(CCN)c3cncc(c3)c4ccc5cnccc5c4,5.2
1415,CHEMBL223367,OCCCc1cc2OCCCCCOc3nc(NC(=O)Nc2cc1Cl)cnc3C#N,6.3
1416,CHEMBL1992673,Clc1ccc2NC(=O)n3ncnc3c2c1,4.3
1417,CHEMBL1983268,CN1CCN(CC1)c2ccc(C(=O)Nc3n[nH]c4ccc(Cc5cc(F)cc(F)c5)cc34)c(NC6CCOCC6)c2,5.7
1418,CHEMBL340384,NC(=O)C1=CN(c2ccc(O)cc2Cl)c3cc(ccc3C1=O)c4ccncc4,6.1
1419,CHEMBL1969151,CN(C)C1CCC(CC1)Nc2nc(Cl)cc(n2)c3c[nH]c4ncccc34,7.4
1420,CHEMBL1996587,CC(C)(CO)c1nnc2ccc(nn12)c3c(nc4CCCn34)c5ccc(F)cc5F,7.1
1421,CHEMBL1981492,COC(=O)c1c(N)nc2ccccn12,4.9
1423,CHEMBL1988692,CC(C)NC1=NNC(=O)C1=Cc2cc3ccccc3[nH]2,6.2
1424,CHEMBL2007574,Nc1nc(Cl)cc(n1)c2c[nH]c3ncccc23,6.4
1425,CHEMBL1964804,CS(=O)(=O)NCCOc1cncc(c1)c2ccc3cnccc3c2,5.9
1426,CHEMBL443962,COc1ccc(cc1)c2cnc3c(Br)cnn3c2,6.3
1427,CHEMBL2000354,COc1ccc(C=C2SC(=Nc3ccccc3)NC2=O)cc1O,6.3
1428,CHEMBL1965507,Cc1cccc(NC(=O)Nc2ccc(NC(=O)c3csc4ncnc(N)c34)cc2)c1,7.6
1429,CHEMBL274064,Nc1nccc(n1)c2c(ncn2C3CCNCC3)c4ccc(F)cc4,6.1
1431,CHEMBL1967564,CCCC(=O)Nc1n[nH]c2nc3ccccc3cc12,5.1
1433,CHEMBL2000071,OCCCNc1ncnc2[nH]cc(c3ccccc3)c12,7.2
1435,CHEMBL1970317,Cn1cc(cn1)c2cnc(N)c3c(csc23)c4ccc(NC(=O)Nc5cccc(F)c5)cc4,6.2
1437,CHEMBL2000408,Cc1cn2c(c3ccnc(NCC(C)(C)CO)n3)c(nc2c(C)n1)c4ccc(F)cc4F,5.8
1438,CHEMBL248757,Clc1cc2NC(=O)Nc3cnc(C#N)c(OCCCCOc2cc1NCc4cncs4)n3,7.2
1441,CHEMBL1974250,O=C(NCc1ccccc1)C2=CNN3C(=O)C=C(N=C23)c4ccncc4,7.0
1442,CHEMBL1997007,CCCNC(=O)c1ccc(Nc2nc(CC)c3cc[nH]c3n2)cc1,5.5
1443,CHEMBL1994538,FC(F)(F)c1cccc2c(NC(=O)Nc3cnccn3)ccnc12,5.4
1444,CHEMBL1983195,CCN(CC)C(=O)Nc1ccc2nc(c3occc3)c(nc2c1)c4occc4,5.6
1445,CHEMBL1975490,NCCCOc1cc2C(=O)NCc2c(c1)c3ccc(Nc4oc5ccccc5n4)cc3,5.1
1447,CHEMBL1989957,OCCNc1cc2cc(ccc2cn1)c3ccccc3,6.1
1449,CHEMBL1986139,Clc1csc2ncnc(Nc3ccccc3)c12,5.2
1450,CHEMBL1980540,FC(F)(F)c1cccc(NC(=O)Nc2ccnc3c(Cl)cccc23)n1,7.2
1452,CHEMBL2003229,CN(C)c1cc(cc2[nH]nc(N)c12)c3ccncc3,7.0
1453,CHEMBL1979883,CN(C)CC#Cc1cnc(N)c2c(csc12)c3ccc(NC(=O)Nc4cccc(C)c4)cc3,6.2
1454,CHEMBL1984162,COCCOC1CCC(CC1)n2nc(c3ccc(Nc4oc5c(C)cc(C)cc5n4)cc3)c6c(N)ncnc26,5.4
1455,CHEMBL1988331,Cc1cccc(CNc2cc(cc(Cl)n2)c3c[nH]c4ncccc34)c1C,8.4
1456,CHEMBL1997051,COc1ccc(CN(C)C)cc1Nc2nccc(n2)c3c(nc4sccn34)c5cccc(NC(=O)c6c(F)cccc6F)c5,5.5
1457,CHEMBL1998432,NC1CCCC(C1)Nc2nc(Cl)cc(n2)c3c[nH]c4ncccc34,7.6
1458,CHEMBL491758,Fc1cnc(Nc2ccccc2)nc1Nc3ccccc3,6.1
1459,CHEMBL1986590,O=C1Nc2ccccc2C1=Cc3c[nH]c4ccccc34,5.6
1461,CHEMBL1998826,CN(CCOc1cncc(c1)c2ccc3[nH]nc(C)c3c2)S(=O)(=O)C,6.9
1464,CHEMBL1996791,Nc1ncnc2c1c(I)nn2C3CCC(O)CC3,5.1
1465,CHEMBL371206,Cc1cc(C)cc(NC(=O)Nc2ccc(cc2)c3c(C)sc4ncnc(N)c34)c1,5.0
1466,CHEMBL1974664,COc1ccc(C=NNc2ncnc3c4ccccc4[nH]c23)cc1OC,6.3
1469,CHEMBL1974288,OCC(NC(=O)c1ccc(cc1)c2ccncc2)c3ccccc3,5.7
1470,CHEMBL482538,c1ccc(cc1)c2ccnc3[nH]ccc23,5.4
1472,CHEMBL213207,C(Nc1nccc(n1)c2c[nH]c3ncccc23)C4CCCCC4,7.7
1473,CHEMBL196363,Cc1cccc(NC(=O)Nc2ccc(cc2)c3csc4ncnc(N)c34)c1,6.1
1474,CHEMBL1996837,Cc1nn(C)c2sc(C(=O)N)c(N)c12,4.0
1475,CHEMBL1190711,COc1ccc(cc1OC)c2cc3nccn3c(Nc4ncccc4C(=O)N)n2,7.0
1477,CHEMBL1964441,CNCC#Cc1cnc(N)c2c(csc12)c3ccc(NC(=O)Nc4cccc(C)c4)cc3,5.7
1480,CHEMBL404367,Cc1cccc(NC(=O)Nc2ccc(cc2)c3cncc4c3c(N)nn4C)c1,6.0
1481,CHEMBL1966343,CC(C)Cc1cc(on1)c2ccc3[nH]nc(N)c3c2,5.5
1483,CHEMBL1967887,Cc1n[nH]c2ccc(cc12)c3cncc(OCCN)c3,7.7
1486,CHEMBL2000568,CC(=O)c1cccc(c1)c2cnc3[nH]ccc3c2,6.3
1488,CHEMBL2000335,Cc1ccc(NC(=O)Nc2ccc(cc2)c3csc4ncnc(N)c34)cc1C,6.0
1490,CHEMBL1993648,Fc1cccc(c1)c2c[nH]c3ncccc23,8.5
1491,CHEMBL1084546,CN(c1ncccc1CNc2nc(Nc3ccc4NC(=O)Cc4c3)ncc2C(F)(F)F)S(=O)(=O)C,6.2
1493,CHEMBL1988717,Cn1cc(cn1)c2cnn3c(N)c(cnc23)c4ccc(NC(=O)Nc5cccc(c5)C(F)(F)F)cc4,5.4
1494,CHEMBL1974328,Cc1cccc(Nc2nc(NC3CCCCC3N)cnc2C(=O)N)c1,7.3
1497,CHEMBL1971951,NC(=O)c1ccc(cc1N2CCCCC2)c3ccnc(N)n3,5.9
1498,CHEMBL1973808,Clc1ccc(cc1)C(=O)Nc2ccc3[nH]ncc3c2,6.0
1499,CHEMBL2000429,CC(C)Oc1nccn2c(c3ccnc(NCC(C)(C)CO)n3)c(nc12)c4ccc(F)cc4F,5.7
1500,CHEMBL1972576,Cc1ccc(NC(=O)Nc2ccc(NC(=O)c3csc4ncnc(N)c34)cc2)cc1,7.3
1502,CHEMBL1990254,NCC(NC(=O)c1ccc(cc1)c2ccncc2)c3ccccc3,6.5
1503,CHEMBL1992342,CCCS(=O)(=O)Nc1ccc(cc1)c2ccc3[nH]nc(N)c3c2,5.1
1504,CHEMBL2003682,Fc1cc(F)cc(CNC2=NC(=CC(=O)N2)c3ccncc3)c1,7.2
1505,CHEMBL1988173,Cc1cc(Cl)ccc1NC(=S)NNC(=O)C(O)(c2ccccc2)c3ccccc3,6.2
1506,CHEMBL1973013,CC(C)Nc1ncc(Br)c(Nc2ncc(C)s2)n1,5.6
1508,CHEMBL535331,N(N=Cc1c[nH]c2ccccc12)c3nc4ccccc4[nH]3,5.6
1509,CHEMBL1989805,NC(=O)C1=C2SC(=Cc3occc3)C(=O)N2C(=C(C#N)C1c4occc4)N,6.5
1510,CHEMBL1966204,Fc1ccc(cc1)C(=O)Nc2n[nH]c3ccc(cc23)c4cn(Cc5ccccc5)nn4,5.9
1513,CHEMBL1965423,CC(C)Cn1c(N)nc2ccc(cc12)c3c(nc4sccn34)c5ccc(F)cc5,7.5
1514,CHEMBL1983025,CCC(N)(CC)C#Cc1cnc(N)c2c(csc12)c3ccc(NC(=O)Nc4cccc(C)c4)cc3,5.6
1517,CHEMBL1999153,FC(F)(F)c1ccccc1CNc2nccc(n2)c3c[nH]c4ncccc34,7.7
1518,CHEMBL1969473,C(c1ccccc1)n2nnc(c3ccc4[nH]ncc4c3)c2c5ccccc5,6.1
1519,CHEMBL1977135,O=C(NCc1ccccc1)c2ccc(cc2)c3ccncc3,5.3
1520,CHEMBL2001920,Brc1ccc2NC(=O)C(=C3SC(=S)NC3=O)c2c1,6.2
1521,CHEMBL1985654,COCCN(CCOC)c1cc(cc(Cl)n1)c2c[nH]c3ncccc23,7.7
1522,CHEMBL1997119,Nc1ncc2cccc(c3ccccc3)n12,4.2
1523,CHEMBL1977138,CC(Nc1cncc(n1)n2cnc3ccc(cc23)C#N)c4ccccc4F,6.2
1524,CHEMBL1241473,COc1cc(Nc2ncc(c(Nc3ccccc3C(=O)N)n2)[N+](=O)[O-])cc(OC)c1OC,7.8
1526,CHEMBL1972258,NCCCOc1cncc(C=Cc2ccncc2)c1,5.6
1529,CHEMBL1983855,CNCCOc1cncc(c1)c2ccc3[nH]nc(C)c3c2,7.1
1530,CHEMBL1980329,Oc1ccc(cc1)c2ccc3C(=Cc4ccc[nH]4)C(=O)Nc3c2,7.7
1531,CHEMBL2004515,C1Oc2ccc(cc2O1)c3ncnc4[nH]ccc34,5.4
1532,CHEMBL2001257,CCN(CC)CC#Cc1cnc(N)c2c(csc12)c3ccc(NC(=O)Nc4cccc(C)c4)cc3,5.9
1534,CHEMBL1987793,Cc1ccccc1c2c(C(=O)O)n(CCCOc3cccc4ccccc34)c5ccccc25,5.2
1538,CHEMBL1994724,COc1cccc(c1)C(C)NC(=O)c2ccc(s2)c3ccncc3,5.3
1539,CHEMBL1989267,COc1cc(ccc1NC(=O)c2cc3ccccc3n2C)c4csc5c(C=CC(=O)NCCN(C)C)cnc(N)c45,6.6
1540,CHEMBL2002373,OCCCn1cnc(c2ccccc2)c1c3ccncc3,5.7
1545,CHEMBL1967531,Nc1ncnc2scc(c3ccc(NC(=O)Nc4ccccc4)cc3)c12,5.8
1546,CHEMBL1970913,CCCC(=O)Nc1nn(C(=O)CC)c2nc3ccccc3cc12,5.0
1548,CHEMBL2004631,Nc1n[nH]c2ccc(cc12)c3nnn(Cc4ccccc4)c3C5CC5,6.0
1549,CHEMBL1995736,CCOC(=O)c1cccc2[nH]c(nc12)c3ccc(cc3)N4CCC(N)C4,5.2
1551,CHEMBL1997534,COc1cccc(c1)C(C)NC(=O)c2cc(C)c(s2)c3ccc4[nH]nc(C)c4c3,7.2
1552,CHEMBL1993877,Nc1ncnc2c1c(cn2C3CCCC3)C#C,5.6
1553,CHEMBL1985095,NC(=O)Cn1cc(c2cc(c3cc4ccccc4s3)c5[nH]ncc5c2)c6nc(N)ncc16,7.1
1554,CHEMBL1996500,Cc1nccn2c(c3ccnc(NCC(C)(C)O)n3)c(nc12)c4ccc(F)cc4F,5.6
1555,CHEMBL1998551,CC(C)(O)c1nnc2ccc(nn12)c3c(nc4CCCn34)c5ccc(F)cc5F,6.3
1556,CHEMBL1977374,CC(C)c1nnc2ccc(nn12)c3c(nc4CCCn34)c5ccc(F)cc5F,6.5
1559,CHEMBL1983315,Cc1ccccc1c2c(nnn2Cc3ccccc3)c4ccc5[nH]nc(C)c5c4,6.8
1560,CHEMBL1976420,CCc1c([nH]c2nccnc12)c3ccc(cc3)C(C)(C)O,6.4
1564,CHEMBL2002446,CN1CCN(Cc2ccc3c(Cc4c(n[nH]c34)c5csc(c5)C#CCOCC6CC6)c2)CC1,6.1
1565,CHEMBL497151,Ic1ccc(Oc2cncc3sc(cc23)C4=NC(=O)ON4)cc1,6.4
1566,CHEMBL2000029,Cc1ccccc1c2c(nnn2Cc3ccccc3)c4ccc5[nH]nc(N)c5c4,5.4
1568,CHEMBL246970,NCC1CCC(CNc2nc(NCc3ccccc3Cl)ncc2[N+](=O)[O-])CC1,6.0
1569,CHEMBL340921,Cc1cc(O)ccc1N2C=C(C(=O)N)C(=O)c3ccc(cc23)c4ccncc4,5.5
1576,CHEMBL1996646,COc1cccc(OC)c1CNc2nc(NC3CCCCC3)nc4ccc(Cl)cc24,5.9
1577,CHEMBL1995712,CN(C)CC(=O)NC1CCCC(C1)Nc2nc(Cl)cc(n2)c3c[nH]c4ncccc34,6.5
1579,CHEMBL1977346,Ic1cc2C(=O)Nc3ccccc3Nc2nn1,5.2
1580,CHEMBL1971649,Cc1ccc(F)c(NC(=O)Nc2ccc(cc2)c3ccc4nccnc4c3N)c1,5.5
1581,CHEMBL1992723,c1ccc(cc1)c2cccc3nccn23,4.5
1582,CHEMBL2005482,Clc1ccc(cc1NC(=O)Cc2ccccc2)c3nc4sccn4c3c5ccnc(Nc6cccc(c6)N7CCOCC7)n5,6.8
1583,CHEMBL1996702,COc1cc(ccc1O)c2ccc3C(=O)Nc4cc(ccc4Nc3c2)C(=O)NCCCN(C)C,5.8
1587,CHEMBL1975440,NC(=O)c1ccc(Nc2ncnc3[nH]cc(c4ccccc4)c23)cc1,7.4
1588,CHEMBL1998435,OCCNc1cc2cc(ccc2cn1)c3ccncc3,5.9
1589,CHEMBL2006439,Clc1cc(nc(NC2CCCCC2)n1)c3c[nH]c4ncccc34,6.9
1590,CHEMBL2006156,CC(C)N(C(C)C)C(=O)Nc1ccc2nc(c3occc3)c(nc2c1)c4occc4,5.4
1591,CHEMBL1985681,OC1CCCc2nc(ccc12)C3C(=O)Nc4ccc(cc34)C#N,6.5
1592,CHEMBL1969190,COc1ccc(c2ccc(NC(=O)Nc3cc(F)cc(F)c3)cc2)c4c(N)noc14,5.5
1594,CHEMBL1973937,Cc1ccc(c2ccc(NC(=O)Nc3cccc(Br)c3)cc2)c4c(N)n[nH]c14,5.8
1598,CHEMBL1982711,NC(=O)c1ccc(cc1)c2c[nH]c3nccc(Cl)c23,7.3
1599,CHEMBL262623,Nc1ncnc2NCCC(=Nc12)c3ccccc3,6.1
1601,CHEMBL1984842,CC(C)COc1nccn2c(c3ccnc(NCC(C)(C)CO)n3)c(nc12)c4ccc(F)cc4,5.4
1602,CHEMBL2004118,CCc1nc(Nc2ccc(N3CCOCC3)c(Cl)c2)nc4[nH]ccc14,5.7
1604,CHEMBL1994241,COc1cc(C=C(C#N)c2nc3ccccc3[nH]2)c(Br)cc1O,7.4
1605,CHEMBL2007044,CCN(CC)CC#Cc1ccc2Cc3c(n[nH]c3c2c1)c4ccc(nc4)C#N,6.3
1606,CHEMBL223460,CS(=O)(=O)Nc1cc2OCCCCCOc3nc(NC(=O)Nc2cc1Cl)cnc3C#N,6.8
1607,CHEMBL1998829,Clc1ccc(cc1)C(=O)Nc2cnc3[nH]cc(c4ccccc4)c3c2,6.7
1608,CHEMBL50894,[O-][N+](=O)c1ccc2[nH]c3c(CC(=O)Nc4ccccc34)c2c1,7.4
1609,CHEMBL1995211,CC(C)(C)Nc1ncnc2[nH]cc(c3ccccc3)c12,5.5
1610,CHEMBL1988838,Cc1cnc(Nc2cccc(c2)S(=O)(=O)N)nc1Nc3ccc(OCC(=O)N)cc3,6.2
1611,CHEMBL1981725,CCN1CCN(CC1)c2ccc(Nc3nccc(n3)c4c(nc5ccccn45)c6cccc(c6)C(=O)Nc7ccccc7F)cc2,7.0
1612,CHEMBL1982753,NC1CCCCC1Nc2ccc(C(=O)N)c(Nc3cccc(Cl)c3)n2,6.5
1614,CHEMBL1972346,Oc1cc(O)cc(C=Cc2ccc(O)c(O)c2)c1,6.3
1615,CHEMBL1980562,CS(=O)(=O)NC1CCC(CC1)Nc2nc(Cl)cc(n2)c3c[nH]c4ncccc34,7.3
1617,CHEMBL1991818,CCN1c2cc(N)ccc2c3ccc(N)cc3C1(O)c4ccccc4,5.5
1619,CHEMBL1965170,COc1ccc(NC(=O)Nc2ccc(cc2)c3csc4c(cnc(N)c34)c5cnn(CC(O)CO)c5)cc1,6.1
1620,CHEMBL1982866,COCCn1cc(c2ccncn2)c(n1)c3ccc(Cl)cc3,5.6
1622,CHEMBL2005792,COc1nccn2c(c3ccnc(NCC(C)(C)CO)n3)c(nc12)c4ccc(F)cc4,5.9
1623,CHEMBL1968926,C(Sc1nc(n[nH]1)c2ccncc2)c3ccccc3,5.5
1624,CHEMBL462120,NC1=C(c2ccccc2)c3cc(Cl)ccc3NC1=O,5.3
1625,CHEMBL1991867,Nc1n[nH]c2nc(Cl)sc12,4.3
1628,CHEMBL2007592,O=C1Nc2sc3CCCCc3c2c4nc(nn14)c5ccccc5,5.2
1629,CHEMBL1965570,Nc1ncc(c2cocc2)c3scc(c4ccc(NC(=O)Nc5ccccc5F)cc4)c13,6.6
1630,CHEMBL1972355,COc1c2C(=O)C=C(C)Oc2cc(O)c1c3nc4ccccc4[nH]3,5.3
1632,CHEMBL2001641,CC(C)(O)c1cn(nn1)c2ccc3[nH]ncc3c2,4.4
1633,CHEMBL1976936,OC1CCCC(C1)Nc2cc(Cl)nc(n2)c3c[nH]c4ncccc34,8.0
1637,CHEMBL1082440,CC1CNCCCN1S(=O)(=O)c2cccc3cncc(C)c23,5.9
1638,CHEMBL1614705,OCC(=O)N1CCC(CC1)c2[nH]nc(c3ccc(Cl)cc3F)c2c4ccncn4,6.0
1640,CHEMBL1982400,C(c1ccccc1)n2cc(nn2)c3ccc4[nH]nc(c5ccccc5)c4c3,7.4
1642,CHEMBL1972988,Clc1cc(ncn1)c2c[nH]c3ncccc23,6.1
1643,CHEMBL1965845,COc1cccc(c1)C(C)NC(=O)N2CCC(=CC2)c3c[nH]c4ncccc34,7.3
1645,CHEMBL1983715,CCNc1nc(C)c(s1)c2ccnc(Nc3ccc(cc3)N4CCN(CC4)C(=O)C)n2,6.5
1646,CHEMBL2006715,Fc1cccc(F)c1C(=O)Nc2cccc(c2)c3nc4sccn4c3c5ccnc(Nc6cccc(c6)N7CCCC7=O)n5,7.0
1647,CHEMBL1986597,NC(=O)c1cccc2[nH]c(nc12)c3ccc(NC(=O)c4cccc(c4)S(=O)(=O)N5CCOCC5)cc3,6.2
1648,CHEMBL1990482,NC(=O)c1cccc2[nH]c(nc12)c3ccncc3,6.0
1649,CHEMBL1990904,Fc1ccc(cc1)c2nc3cnccn3c2c4ccnc(NCC5CC5)n4,6.6
1650,CHEMBL2005475,O=C(NCC1CCCCC1)c2cc3c(n[nH]c3s2)c4ccccc4,5.4
1651,CHEMBL1987448,Nc1cc(cc(Cl)n1)c2c[nH]c3ncccc23,7.0
1653,CHEMBL402846,Cc1ccc(F)c(NC(=O)Nc2ccc(cc2)c3cncc4c3c(N)nn4C)c1,5.7
1654,CHEMBL1997349,CC1=NN(C(=O)C1=Cc2c(C)c(C#N)c3nc4ccccc4n3c2O)c5ccc(Cl)c(Cl)c5,5.9
1656,CHEMBL220057,Cc1cccc(NC(=O)Nc2ccc(cc2)c3cccc4[nH]nc(N)c34)c1,5.8
1657,CHEMBL1682545,N(c1ccccc1)c2nc(cs2)c3ccc4[nH]ncc4c3,6.3
1658,CHEMBL1974935,NC(COc1cncc(C=Cc2ccncc2)c1)Cc3c[nH]c4ccccc34,6.4
1661,CHEMBL1976732,CC(C)(O)Cc1nnc2ccc(nn12)c3c(nc4occn34)c5ccc(F)cc5F,6.2
1662,CHEMBL1982982,NC(=O)c1ccc(cc1NCc2cccc(F)c2)c3ccncc3,5.7
1663,CHEMBL2005216,CS(=O)(=O)NC1CCC(CC1)Nc2cc(Cl)nc(n2)c3c[nH]c4ncccc34,7.8
1664,CHEMBL1969506,CC(C)(C)OC(=O)n1ncc2cc(NC3=C(NCc4ccc(cc4)S(=O)(=O)N)C(=O)C3=O)ccc12,5.8
1665,CHEMBL1980763,CC(C)Cc1nc(Nc2ccc(N3CCOCC3)c(Cl)c2)nc4[nH]ccc14,5.4
1666,CHEMBL1964937,OCC(NC(=O)N1CCC(=CC1)c2c[nH]c3ncccc23)c4ccccc4,6.8
1668,CHEMBL1977931,CC(=O)c1ccccc1c2ncnc3[nH]ccc23,4.3
1670,CHEMBL1972568,COc1cncc(C=Cc2ccncc2)c1,5.7
1673,CHEMBL1995635,CC(C)Oc1ccc(cc1Cl)c2noc(n2)c3ccc(CN4CC(C4)C(=O)O)cc3,5.3
1674,CHEMBL1987745,Clc1cnccc1c2ccc3C(=O)Nc4ccccc4Nc3c2,6.1
1676,CHEMBL2002702,Cc1cc(C)c(C=C2C(=O)Nc3ccccc23)[nH]1,6.7
1677,CHEMBL1972220,Nc1ncc(c2cnn(CCO)c2)c3scc(c4ccc(NC(=O)Nc5ccc(OC(F)F)cc5)cc4)c13,7.6
1678,CHEMBL1970903,Cc1n[nH]c2ccc(cc12)c3cncc(OCC(N)Cc4c[nH]c5ccccc45)c3,7.3
1679,CHEMBL2003785,Fc1cccc(CNc2ncnc3[nH]cnc23)c1,4.1
1680,CHEMBL1973720,NC1CCC(CC1)Nc2nc(Cl)cc(n2)c3c[nH]c4ncccc34,7.7
1681,CHEMBL1969523,CC(NC1=C(Nc2ccnc(Nc3cccc(C)c3)n2)C(=O)C1=O)C(C)(C)C,6.6
1682,CHEMBL1988995,CC(C)c1nnc2ccc(nn12)c3c(nc4occn34)c5ccc(F)cc5F,6.4
1684,CHEMBL1986781,CC(=O)N1CCC(CC1)Nc2nccc(n2)c3c(nc4occn34)c5ccc(F)cc5,5.8
1687,CHEMBL526133,O=C1NC(=CC(=N1)c2ccc3[nH]ncc3c2)c4ccccc4,6.2
1689,CHEMBL1230122,CN1C(=O)C(=Cc2cnc(NC3CCOCC3)nc12)Oc4ccc(F)cc4F,5.6
1692,CHEMBL1979057,O=C1NCc2c1cccc2c3ccc(Nc4nc5ccccc5[nH]4)cc3,6.1
1693,CHEMBL387971,COCCOCC#Cc1cc(cs1)c2n[nH]c3c4ccc(CN5CCN(C)CC5)cc4C(=O)c23,5.7
1696,CHEMBL1999428,CC(NC(=O)c1ccc(cc1)c2ccncc2)c3ccccc3,5.8
1700,CHEMBL211378,Cc1cccc(NC(=O)Nc2ccc(cc2)c3noc4ncnc(N)c34)c1,5.9
1701,CHEMBL1682358,Nc1n[nH]c2ccc(cc12)c3onc(Cc4ccccc4)c3,6.3
1702,CHEMBL1982465,Cc1cccc(NC(=O)Nc2ccc(cc2)c3csc4c(cnc(N)c34)C#CCN5CCOCC5)c1,6.0
1703,CHEMBL2001751,NC(COc1cncc(c1)c2ccc3NC(=O)C(=Cc4occc4)c3c2)Cc5c[nH]c6ccccc56,8.4
1705,CHEMBL1984586,Cc1ccccc1NC(=O)Nc2ccc(cc2)c3coc4ncnc(N)c34,5.5
1708,CHEMBL1970217,COc1cccc(c1)C(C)NC(=O)c2ccc(cc2)c3ccncc3C,5.6
1709,CHEMBL2005528,CCOC(=O)c1ccc2[nH]c3C(=O)NCCc3c2c1,6.2
1712,CHEMBL2006113,CC(C)Oc1ccc(cc1Cl)c2noc(n2)c3ccc(OCC(O)CO)cc3,5.7
1713,CHEMBL185569,Cc1cccc(NC(=O)Nc2ccc(cc2)c3cccc4C(=O)NCc34)c1,6.4
1715,CHEMBL2007002,COc1cc(ccc1O)c2ccc3[nH]nc(C(=O)Nc4ccccc4)c3c2,7.9
1717,CHEMBL1987007,CN1CCC(CC1)NC(=O)c2cc3c(n[nH]c3s2)c4ccccc4,5.6
1719,CHEMBL1973793,ON=C1c2ccccc2c3ccc(NS(=O)(=O)c4cccc(Br)c4)cc13,5.4
1720,CHEMBL1984711,COc1cc(Nc2nccc(Nc3onc(c3)C4CCCCC4)n2)cc(OC)c1OC,5.3
1721,CHEMBL1967878,CN1CCN(CC1)c2ccc(Nc3ncc(F)c(NC4C5CC(C=C5)C4C(=O)N)n3)cc2C,7.3
1723,CHEMBL484390,CCCCn1c(NC(=O)c2ccc(cc2)C#N)nc3cc(ccc13)N(C)C(=O)C4CCCCC4,5.4
1727,CHEMBL1972934,Nc1ncnc2sccc12,4.6
1729,CHEMBL1992581,FC(F)Sc1ccc(NC(=O)Cc2ccc(cc2)c3cccnc3)cc1,6.0
1730,CHEMBL2004290,COc1ccc(NC(=O)Nc2ccc(cc2)c3csc4c(cnc(N)c34)c5cnn(CC(C)(C)O)c5)cc1,7.0
1731,CHEMBL1986499,Nc1n[nH]c2ccc(cc12)c3nnn(Cc4ccccc4)c3c5ccc(F)cc5,6.1
1733,CHEMBL2000393,Fc1ccc2ncn(c3ncc4NC(=O)N(C5CCOc6c(F)cccc56)c4n3)c2c1,5.6
1734,CHEMBL1089101,NC(=O)c1cccc2[nH]c(nc12)c3ccc(cc3F)C4CCCCN4,5.7
1735,CHEMBL2001477,NC(=O)c1ccc(cc1NCc2ccccc2)c3ccncc3,5.4
1736,CHEMBL2004311,Cc1cc(C)cc(NC(=O)Nc2ccc(c(C)c2)c3cccc4C(=O)NCc34)c1,5.1
1737,CHEMBL1992634,Brc1cnc2[nH]cc(c3ccccc3)c2c1,8.1
1738,CHEMBL1242373,Cc1cccc(NC(=O)Nc2ccc3c(CCc4sc5ncnc(N)c5c34)c2)c1,5.6
1741,CHEMBL316264,Fc1ccc(cc1)c2nc(c3ccc(F)cc3)c([nH]2)c4ccncc4,6.2
1742,CHEMBL1988075,Cc1ccc(cn1)c2cnc(N)c3c(csc23)c4ccc(NC(=O)Nc5cccc(F)c5)cc4,6.6
1744,CHEMBL1988076,Cc1ccccc1Nc2nccc(n2)c3c(nc4sccn34)c5cccc(NC(=O)c6ccccc6)c5,5.8
1745,CHEMBL1991678,Cc1nccn2c(c3ccnc(NCC(C)(C)CO)n3)c(nc12)c4ccc(F)cc4F,5.7
1746,CHEMBL2001239,Nc1ncnc(Nc2cc(CNC(=O)C(F)(F)F)c(O)c(c2)c3ccc(Cl)cc3)n1,6.3
1747,CHEMBL1988594,Nc1ncnc2scc(C(=O)Nc3ccc(NC(=O)Nc4ccccc4)cc3)c12,7.1
1749,CHEMBL1992363,CN(C)c1ccc(cc1)C(=O)Nc2n[nH]c3ccc(cc23)c4cn(Cc5ccccc5)nn4,6.8
1750,CHEMBL253969,NC(=O)c1c(NC(=O)NCCCCN2CCCC2)snc1OCc3c(F)cc(Br)cc3F,6.8
1751,CHEMBL1999811,Oc1ccc(C=NNC(=O)Nc2cccc3nsnc23)c(O)c1,6.0
1753,CHEMBL1985074,CSc1ccc2nc3C(=O)NCCc3c(Cl)c2c1,5.1
1754,CHEMBL2000481,NCCNS(=O)(=O)c1cccc(c1)C(=O)Nc2ccc(cc2)C3=NNC(=O)c4ccccc34,6.1
1755,CHEMBL1982874,Nc1nc2ccc(cc2n1CC3CC3)c4c(nc5sccn45)c6ccc(F)cc6,7.1
1758,CHEMBL1982271,CN(C)CC(=O)NC1CCC(CC1)Nc2nc(Cl)cc(n2)c3c[nH]c4ncccc34,7.9
1759,CHEMBL189963,CC(=O)C1=C(C)c2cnc(Nc3ccc(cn3)N4CCNCC4)nc2N(C5CCCC5)C1=O,5.9
1761,CHEMBL208637,CCOc1nc(NC(=O)C)cc(N)c1C#N,5.3
1763,CHEMBL396523,OC(=O)c1ccccc1Nc2ccnc(Nc3ccc4[nH]ncc4c3)n2,6.9
1765,CHEMBL1970203,Cc1cc(C)cc(NC(=O)Nc2ccc(NC(=O)c3csc4ncnc(N)c34)cc2)c1,7.2
1766,CHEMBL1986530,Fc1ccc(CC2=NNC(=O)C3=C2CCCC3)cc1C(=O)N4CCN(CC4)c5ncccn5,6.3
1769,CHEMBL2007336,CC(=O)c1cccc(c1)c2cnc3ccccc3c2,5.9
1770,CHEMBL1968590,CNC(=O)C=Cc1cnc(N)c2c(csc12)c3ccc4sc(C)nc4c3,6.5
1771,CHEMBL385478,C1CCC(CC1)Nc2nccc(n2)c3c[nH]c4ncccc34,8.4
1772,CHEMBL2005375,CCC1N(C2CCCC2)c3nc(Nc4ccc(cc4OC)C(=O)NC5CCCCC5)ncc3N(C)C1=O,5.6
1773,CHEMBL1984191,Clc1ccc(cc1Cl)c2n[nH]cc2c3ccncn3,6.2
1776,CHEMBL1971029,CNS(=O)(=O)c1ccccc1Nc2nc(Nc3cc(ccc3OC)N4CCN(CC4)C(=O)C)ncc2Br,7.8
1777,CHEMBL1980592,Cc1sc2NC(=O)n3nc(nc3c2c1C)c4ccncc4,5.3
1778,CHEMBL394790,Nc1nccc2scc(c3ccc(NC(=O)Nc4cccc(Cl)c4)cc3)c12,5.5
1779,CHEMBL226471,Fc1ccccc1c2cc(ccn2)c3cc4C(=O)NCCc4[nH]3,7.6
1783,CHEMBL1965589,Cc1nccn2c(c3ccnc(NCC4(O)CC4)n3)c(nc12)c5ccc(F)cc5F,5.7
1790,CHEMBL2001539,C1Cc2sccc2c3[nH]ncc13,4.4
1791,CHEMBL1997041,Cc1cc(ccc1F)c2ncnc3[nH]ccc23,5.1
1792,CHEMBL1988153,Cc1oc(nn1)c2cc3c(Oc4ccc(cc4)C(F)(F)F)cncc3s2,6.2
1794,CHEMBL2003637,[O-][N+](=O)c1cccc(c1)c2nnc3ccc(nn23)N4CCCCC4,6.2
1795,CHEMBL1986666,OC(=O)c1ccccc1Nc2ncnc(Nc3ccc4cn[nH]c4c3)n2,5.7
1799,CHEMBL1988437,CNC(=O)c1ccccc1Sc2ccc3c(C=Cc4ccccn4)n[nH]c3c2,6.8
1800,CHEMBL1968646,O=C1Oc2ccccc2c3[nH]c(nc13)c4ccccc4,5.3
1801,CHEMBL1979577,Cc1cccc(NC(=O)Nc2ccc(cc2)c3csc4c(cnc(N)c34)C#CC(C)(C)N)c1,6.3
1802,CHEMBL1998121,NCCC(C(=O)Nc1ccc2[nH]ncc2c1)c3ccc(Cl)c(Cl)c3,5.2
1804,CHEMBL1992607,Nc1ncnc2NCCNC(=O)c12,4.5
1805,CHEMBL1991800,CC(C)(CO)CNc1nccc(n1)c2c(nc3c(CC4CC4)nccn23)c5ccc(F)cc5,5.4
1809,CHEMBL1979357,Cn1cc(C(CN)c2cncc(C=Cc3ccncc3)c2)c4ccccc14,5.2
1811,CHEMBL1989006,OCCNc1cc(cc(Cl)n1)c2c[nH]c3ncccc23,8.4
1812,CHEMBL1996817,CCCCOc1ncnc2[nH]cc(c3ccccc3)c12,7.5
1817,CHEMBL1990884,Cc1cc(C)c2oc(Nc3ccc(cc3F)c4cccc(C(=O)N)c4N)nc2c1,5.1
1818,CHEMBL1990885,CCN(CC)CCNC(=O)c1c(C)[nH]c(C=C2C(=O)Nc3ccc(F)cc23)c1C,7.5
1819,CHEMBL256835,COc1nccc(n1)c2c(ncn2C3CCC(O)CC3)c4ccc(F)cc4,7.4
1825,CHEMBL2006276,COc1cccc2NC(=O)c3ccc(Nc4ccncc4)cc3Nc12,5.9
1827,CHEMBL271381,COc1ccc(c2ccc(NC(=O)Nc3cccc(Br)c3)cc2)c4c(N)noc14,5.9
1829,CHEMBL1982466,Cc1ccc(NC(=O)Nc2ccc(cc2)c3csc4c(cnc(N)c34)c5cnn(C)c5)cc1,7.3
1830,CHEMBL1973359,NC(=O)c1ccc2nc(cn2c1)c3oc(cc3)[N+](=O)[O-],6.4
1831,CHEMBL1995740,COc1cc(ccc1O)c2ccc3C(=O)Nc4cc(ccc4Nc3c2)[N+](=O)[O-],5.5
1832,CHEMBL1990162,O=C(Nc1n[nH]c2ccc(cc12)c3cn(Cc4ccccc4)nn3)c5ccc(cc5)C#N,5.3
1833,CHEMBL1992220,CCNC(=O)NC1CCC(CC1)Nc2nc(Cl)cc(n2)c3c[nH]c4ncccc34,8.2
1835,CHEMBL1979690,CN1CCN(CC1)c2ccc(Nc3ncc(Cl)c(Nc4ccc5[nH]ncc5c4)n3)cc2,6.4
1837,CHEMBL1998414,Cc1n[nH]c2sc(cc12)C(=O)NCCc3ccc(Cl)cc3,5.1
1838,CHEMBL1995832,COc1nccn2c(c3ccnc(NCC(C)(C)CO)n3)c(nc12)c4ccc(F)cc4F,6.1
1839,CHEMBL1969042,Oc1ccc(Nc2[nH]nc(c3ccc(O)cc3)c2c4ccc(O)cc4)cc1,6.6
1840,CHEMBL2000345,COc1cc(C=C(C#N)c2nc3cc(C)ccc3[nH]2)c(Br)cc1O,7.4
1841,CHEMBL1999931,O=C(Nc1n[nH]c2ccc(cc12)c3cn(Cc4ccccc4)nn3)c5ccccc5,7.7
1842,CHEMBL1076555,Oc1ccc(Nc2nc(cs2)c3ccc(Cl)cc3)cc1,6.0
1844,CHEMBL1988622,C(=Cc1ccc2nccn2n1)c3ccccc3,5.1
1845,CHEMBL1983575,Oc1c(Br)cc(C=NNC(=O)Nc2ccccc2)cc1Br,6.2
1846,CHEMBL1375418,Cc1ccc(CNc2ccc3nnc(c4ccccc4)n3n2)cc1,5.1
1848,CHEMBL2007064,Cc1[nH]c(C=C2C(=O)Nc3ccccc23)c(C)c1CCC(=O)O,6.8
1849,CHEMBL1981047,COC(C(=O)N1Cc2[nH]nc(NC(=O)c3ccc(cc3)N4CCN(C)CC4)c2C1)c5ccccc5,5.7
1851,CHEMBL1976240,COc1cccc(c1)C(CN)NC(=O)c2ccc(cc2)c3ccncc3,5.7
1852,CHEMBL1987948,CS(=O)(=O)NC1CCCC(C1)Nc2nc(Cl)cc(n2)c3c[nH]c4ncccc34,6.7
1854,CHEMBL1983630,O=C1Cc2cc(cnc2N1)c3ccccc3,4.1
1855,CHEMBL1968151,O=C1Nc2sccc2c3nc(nn13)c4ccncc4,5.2
1856,CHEMBL1979093,COc1ccc(c2ccc(NC(=O)Nc3ccc(F)c(C)c3)cc2)c4c(N)noc14,5.5
1857,CHEMBL1987009,COc1cccc(CNC(=O)c2cc3c(n[nH]c3s2)c4ccccc4)c1,6.2
1858,CHEMBL2002726,Cc1n[nH]c2ccc(cc12)c3cncc(OCC(N)Cc4ccccc4)c3,8.2
1859,CHEMBL2003817,FC(F)(F)c1ccc2c(NC(=O)Nc3cnccn3)ccnc2c1,5.7
1860,CHEMBL1994830,Nc1oc(nn1)c2cc3c(Oc4ccc(Cl)cc4)cncc3s2,6.6
1861,CHEMBL226403,O=C1NCCc2[nH]c(cc12)c3ccnc(c3)c4cnc5ccccc5c4,6.8
1862,CHEMBL2005631,CNC(=O)c1cnc(N)c2c(csc12)c3ccc(NC(=O)Nc4cc(C)ccc4F)cc3,6.6
1863,CHEMBL1994938,Nc1ncc(C=CC(=O)NCCCn2ccnc2)c3scc(c4ccc(Br)cc4)c13,7.6
1866,CHEMBL1995765,NC1=CC(=O)NN1c2ccccn2,4.2
1867,CHEMBL1966279,NCCCNS(=O)(=O)c1cccc(c1)C(=O)Nc2ccc(cc2)C3=NNC(=O)c4ccccc34,5.8
1868,CHEMBL1236126,CC(C)(C)C(=O)Oc1ccc2c(c1)nc(NC(=O)c3cccc(c3)[N+](=O)[O-])n2CCCO,5.3
1871,CHEMBL2004419,CC(C)Cn1c(N)nc2c(F)cc(cc12)c3c(nc4sccn34)c5ccc(F)cc5,5.6
1874,CHEMBL1995811,Fc1ccc(F)c(c1)C(=O)Nc2n[nH]c3ccc(cc23)c4cn(Cc5ccccc5)nn4,5.7
1875,CHEMBL1972489,Clc1ccc(cc1)C(=O)Nc2ccc3cn[nH]c3c2,5.2
1876,CHEMBL1994074,Brc1ccc2[nH]nc(c3ccccc3)c2c1,7.0
1878,CHEMBL451401,NC(=O)c1cccc2cn[nH]c12,4.3
1879,CHEMBL1968930,CC(C)(CN)CNc1nc(Cl)cc(n1)c2c[nH]c3ncccc23,7.3
1881,CHEMBL1986328,CN(C)C(=O)Nc1ccc2nc(c3occc3)c(nc2c1)c4occc4,5.7
1882,CHEMBL95692,COc1nccc(n1)c2c(ncn2C3CCNCC3)c4ccc(F)cc4,6.1
1883,CHEMBL1090356,O=C(Cc1ccccc1)Nc2cccc(c2)c3nc4sccn4c3c5ccnc(Nc6ccc(cc6)N7CCOCC7)n5,5.6
1884,CHEMBL1976455,FC(F)(F)c1ccc2nccc(NC(=O)Nc3cnccn3)c2c1,5.2
1886,CHEMBL1983923,CN1CCN(CC1)c2cc(Nc3cc(C)[nH]n3)nc(C=Cc4ccccc4)n2,5.4
1888,CHEMBL1983534,C(Nc1nc2ccc(cc2s1)c3ccncc3)c4ccccc4,6.1
1889,CHEMBL1970950,OC(=O)c1ccccc1Nc2ccnc(NCc3cccc(O)c3)n2,6.2
1890,CHEMBL1982361,Fc1ccccc1CNC2=C(Nc3ccncc3)C(=O)C2=O,5.1
1891,CHEMBL1999112,CCOC(=O)C1=C2SC(=Cc3occc3)C(=O)N2C(=C(C#N)C1c4occc4)N,5.8
1893,CHEMBL1982122,OCCC(Nc1nc2ccc(cc2s1)c3ccncc3)c4ccccc4,6.1
1896,CHEMBL1991395,CC(C)(CO)CNc1nccc(n1)c2c(nc3cnccn23)c4ccc(F)cc4,5.7
1898,CHEMBL1972142,O=C(NCc1ccccc1)c2cccc(c2)c3cnc4[nH]ccc4c3,7.0
1899,CHEMBL1966514,Nc1ncc(c2cocc2)c3scc(c4ccc(NC(=O)Nc5cccc(F)c5)cc4)c13,6.3
1900,CHEMBL2003638,Fc1cccc(c1)C(=O)Nc2n[nH]c3ccc(cc23)c4cn(Cc5ccccc5)nn4,6.3
1901,CHEMBL1983393,Fc1cccc(NC(=O)Nc2cccc(c2)c3ccc4cn[nH]c4c3)c1,6.2
1904,CHEMBL1993722,Nc1n[nH]c2cccc(c3ccc(NC(=O)Nc4cc(ccc4F)C(=O)O)cc3)c12,5.8
1906,CHEMBL1984236,CN(C)c1ccc(Nc2cc([nH]n2)c3csc(Br)c3)cc1,5.9
1907,CHEMBL1992371,Oc1cccc2c(NC(=O)Nc3cnccn3)cccc12,5.3
1908,CHEMBL1375640,Cc1nc(COc2ccccc2Cl)sc1c3ccnc(N)n3,5.8
1911,CHEMBL249282,N#Cc1ccc(cn1)c2n[nH]c3c2Cc4ccc(OCCN5CCOCC5)cc34,6.8
1912,CHEMBL1967252,Cc1n[nH]c2ccc(cc12)c3cccnc3,5.6
1913,CHEMBL1992473,CN(C)c1c(NC(=O)c2c(F)cccc2F)cccc1c3nc4sccn4c3c5ccnc(Nc6cccc(c6)N7CCOCC7)n5,5.9
1914,CHEMBL1970821,OCCCCNc1cc(cc(Cl)n1)c2c[nH]c3ncccc23,8.5
1915,CHEMBL2004637,CCN(CCN)C(=O)c1cccc(c1)n2nc(cc2NC(=O)Nc3cccc4ccccc34)C(C)(C)C,5.3
1919,CHEMBL1974094,Clc1ccc(cc1)c2cc3C(=O)Nc4ccccc4n3c2,5.8
1921,CHEMBL1967720,CC(C)(C(=O)N)n1cc(cn1)c2cnc(N)c3c(csc23)c4ccc(NC(=O)Nc5cccc(F)c5)cc4,6.7
1922,CHEMBL2005509,CNC(=O)NC1CCC(CC1)Nc2nc(Cl)cc(n2)c3c[nH]c4ncccc34,7.9
1925,CHEMBL1979516,CCNC(=O)c1cnc(N)c2c(csc12)c3ccc(NC(=O)Nc4cccc(F)c4)cc3,6.4
1930,CHEMBL1989029,CC(C)OC1=NNC(=O)C1=Cc2c[nH]c3ccccc23,5.8
1931,CHEMBL392642,CSc1ccccc1CNc2ncc(c(NCC3CCC(CN)CC3)n2)[N+](=O)[O-],6.5
1935,CHEMBL1980144,Cc1ccccc1NC(=O)Nc2ccc(NC(=O)c3csc4ncnc(N)c34)cc2,7.0
1936,CHEMBL1991188,COc1cccc(c1)C(C)NC(=O)c2ccc(cc2OC)c3ccncc3F,5.1
1937,CHEMBL1682554,CCCCNc1c(nc2ncccn12)c3ccc4[nH]ncc4c3,5.8
1939,CHEMBL1972849,CC(C)(CO)c1nnc2ccc(nn12)c3c(nc4occn34)c5ccc(F)cc5F,6.7
1941,CHEMBL1986855,COc1ccc(CNc2cc(cc(F)n2)c3c[nH]c4ncccc34)cc1,8.1
1943,CHEMBL231209,Nc1nccc2scc(c3ccc(NC(=O)Nc4cccc(F)c4)cc3)c12,5.7
1945,CHEMBL1976220,Nc1nccc2scc(c3ccc(NC(=O)Nc4cccc(Br)c4)cc3)c12,5.7
1946,CHEMBL1989136,O=C1Nc2ccccc2Nc3cc(ccc13)c4ccncc4,5.9
1947,CHEMBL2006765,CCCNC(=O)c1ccc(Nc2nc(NCC(F)(F)F)c3cc[nH]c3n2)cc1,6.2
1949,CHEMBL1997617,CN1CCN(CC1)C2CCC(CC2)n3cc(c4ccc(Oc5ccccc5)cc4)c6c(N)ncnc36,6.6
1950,CHEMBL1969301,CCCCn1c(NC(=O)c2cccc(c2)C#N)nc3cc(ccc13)N(C)C(=O)C4CCCCC4,6.4
1951,CHEMBL1982383,CC(C)(CO)CNc1nccc(n1)c2c(nc3c(CCN)nccn23)c4ccc(F)cc4,5.9
1952,CHEMBL17370,CSc1ccc(cc1)c2nc(c3ccc(F)cc3)c([nH]2)c4ccncc4,6.2
1954,CHEMBL1987910,Nc1nccc2scc(c3ccc(NC(=O)Nc4ccccc4C(F)(F)F)cc3)c12,5.3
1955,CHEMBL1983932,COc1ccc2c(NC(=O)Nc3cccc(Br)n3)ccnc2c1,8.0
1956,CHEMBL1983980,OCc1ccc(cc1)c2sc(nc2C(=O)O)N3CCc4cccc(C(=O)Nc5nc6ccccc6s5)c4C3,5.3
1958,CHEMBL1980297,Nc1ncc(c2cnn(CCO)c2)c3scc(c4ccc(NC(=O)Nc5cccc(F)c5)cc4)c13,7.3
1960,CHEMBL1991285,Cc1cc(OCC2CCC(C2)C(=O)O)c(NC(=O)Nc3cnc(cn3)C#N)cc1Cl,5.6
1961,CHEMBL1997822,Cc1cc2cc(ccc2[nH]1)c3csc4c(cnc(N)c34)c5cccc(c5)S(=O)(=O)C,7.4
1962,CHEMBL243088,OC(=O)c1ccccc1Nc2ccnc(Nc3cccc(O)c3)n2,6.7
1964,CHEMBL1974416,Fc1cccc(C(=O)Nc2cnc3[nH]cc(c4ccccc4)c3c2)c1F,6.8
1965,CHEMBL1993661,CNS(=O)(=O)c1ccccc1Nc2nc(Nc3cc(OC)c(OC)c(OC)c3)ncc2Cl,6.4
1966,CHEMBL2004615,CSc1nn(c(N)c1C(=O)N)c2ccccn2,5.1
1969,CHEMBL1997872,O=C(N1CCOCC1)c2cccc(c2)c3cnc4[nH]ccc4c3,6.8
1978,CHEMBL2312652,CN1CCC(CC1)NC(=O)c2cnc(Nc3cc(Cl)cc(Cl)c3)nc2N[C@@H]4COC[C@H]4O,5.61
1979,CHEMBL2312649,CN(C)C1CCC(CC1)Nc2nc(Nc3cc(Cl)cc(Cl)c3)ncc2C(=O)NC4CCN(C)CC4,6.92
1994,CHEMBL2333445,CCc1ccc(cc1)c2ccc3N(C)S(=O)(=O)c4cn[nH]c4c3c2,5.8
2004,CHEMBL2397315,C[C@@H](CC(F)(F)F)C(=O)Nc1nc(C)c(s1)c2ccc(N)nc2,5.1
2038,CHEMBL3262562,Nc1cccc(c1)c2ocnc2,3.66
2039,CHEMBL3262563,Cc1onc(N)c1c2cccc(N)c2,3.46
2040,CHEMBL3262564,Nc1cccc(c1)c2cccnc2N,4.19
2041,CHEMBL3262565,CNc1ncc(cn1)c2cccc(N)c2,4.55
2042,CHEMBL3262566,Nc1cccc(c1)c2cnc(N)nc2,3.76
2043,CHEMBL3262567,Cc1cc(cnc1N)c2cccc(N)c2,4.17
2044,CHEMBL3262568,Nc1cccc(c1)c2ccc(N)nc2,3.29
2045,CHEMBL3262569,Nc1cccc(c1)c2ccc3ncnc(N)c3c2,5.37
2047,CHEMBL3262570,Nc1ncnc2ccc(cc12)c3ccccc3,6.92
2048,CHEMBL3262571,COc1ccccc1c2ccc3ncnc(N)c3c2,6.26
2049,CHEMBL3262572,COc1cccc(c1)c2ccc3ncnc(N)c3c2,6.48
2050,CHEMBL3262573,COc1ccc(cc1)c2ccc3ncnc(N)c3c2,6.16
2051,CHEMBL3262574,Cc1cccc(c1)c2ccc3ncnc(N)c3c2,6.37
2052,CHEMBL3262575,Nc1ncnc2ccc(cc12)c3cccc(c3)C#N,6.65
2053,CHEMBL3262576,Nc1ncnc2ccc(cc12)c3ccc(cc3)C#N,5.77
2054,CHEMBL3262577,Nc1cc(ccc1F)c2ccc3ncnc(N)c3c2,6.41
2055,CHEMBL3262578,Nc1ccc(F)c(c1)c2ccc3ncnc(N)c3c2,6.46
2056,CHEMBL3262579,Nc1cc(F)cc(c1)c2ccc3ncnc(N)c3c2,7.22
2057,CHEMBL3262580,Nc1ncnc2ccc(cc12)c3cccc(F)c3,7.24
2058,CHEMBL3262581,Nc1ncnc2ccc(cc12)c3ccccc3F,6.53
2059,CHEMBL3262582,Nc1ncnc2ccc(cc12)c3ccc(F)cc3,6.42
2060,CHEMBL3262583,Nc1ncnc2ccc(cc12)c3cccc(Cl)c3,7.11
2061,CHEMBL3262584,Nc1ncnc2ccc(cc12)c3cc(F)cc(F)c3,6.88
2062,CHEMBL3262585,Nc1ncnc2ncc(cc12)c3cccc(Cl)c3,5.23
2063,CHEMBL3262586,Nc1ncnc2cnc(cc12)c3cccc(F)c3,5.67
2076,CHEMBL3326804,CNC(=O)C(C)(C)n1cc(cn1)c2ccc(cc2)c3cc4c(Nc5ccncc5)ncnn4c3,5.1
2077,CHEMBL3326803,CNC(=O)Cn1cc(cn1)c2ccc(cc2)c3cc4c(Nc5ccncc5)ncnn4c3,5.0
2078,CHEMBL3326802,CC(C)(O)Cn1cc(cn1)c2ccc(cc2)c3cc4c(Nc5ccncc5)ncnn4c3,5.3
2079,CHEMBL3326801,OCCn1cc(cn1)c2ccc(cc2)c3cc4c(Nc5ccncc5)ncnn4c3,5.52
2080,CHEMBL3326800,C(Cn1cc(cn1)c2ccc(cc2)c3cc4c(Nc5ccncc5)ncnn4c3)N6CCOCC6,5.22
2081,CHEMBL3326763,CNS(=O)(=O)c1ccc(cc1)c2cc3c(Nc4ccncc4)ncnn3c2,5.7
2082,CHEMBL3326764,CN1CCN(CC1)c2ccc(cc2)c3cc4c(Nc5ccncc5)ncnn4c3,6.0
2083,CHEMBL3326765,C1CN(CCO1)c2ccc(cc2)c3cc4c(Nc5ccncc5)ncnn4c3,5.7
2084,CHEMBL3326766,CN1CCN(CC1)c2ccc(cn2)c3cc4c(Nc5ccncc5)ncnn4c3,5.7
2085,CHEMBL3326799,C1CN(CCO1)c2ccc(cn2)c3cc4c(Nc5ccncc5)ncnn4c3,5.7
2086,CHEMBL3326762,CCS(=O)(=O)c1ccc(cc1)c2cc3c(Nc4ccncc4)ncnn3c2,5.7
2087,CHEMBL3326761,CS(=O)(=O)c1ccc(cc1)c2cc3c(Nc4ccncc4)ncnn3c2,5.4
2088,CHEMBL3326760,CN(C)Cc1ccc(cc1)c2cc3c(Nc4ccncc4)ncnn3c2,6.0
2089,CHEMBL3326759,OCc1ccc(cc1)c2cc3c(Nc4ccncc4)ncnn3c2,5.22
2090,CHEMBL3326758,Fc1ccc(cc1)c2cc3c(Nc4ccncc4)ncnn3c2,5.0
2091,CHEMBL3326757,OCc1cccc(c1)c2cc3c(Nc4ccncc4)ncnn3c2,5.52
2092,CHEMBL3326756,Clc1cccc(c1)c2cc3c(Nc4ccncc4)ncnn3c2,4.64
2093,CHEMBL3326755,Cc1cccc(c1)c2cc3c(Nc4ccncc4)ncnn3c2,5.16
2094,CHEMBL3326754,Clc1ccccc1c2cc3c(Nc4ccncc4)ncnn3c2,4.43
2095,CHEMBL3326753,Cc1ccccc1c2cc3c(Nc4ccncc4)ncnn3c2,4.72
2096,CHEMBL3326752,Fc1ccccc1c2cc3c(Nc4ccncc4)ncnn3c2,4.96
2098,CHEMBL3326750,O=C(c1cc2c(Nc3ccncc3)ncnn2c1)c4nnn[nH]4,7.16
2100,CHEMBL3326748,O=C(N1CCOCC1)c2cc3c(Nc4ccncc4)ncnn3c2,6.75
2101,CHEMBL3326747,O=C(N1CCC1)c2cc3c(Nc4ccncc4)ncnn3c2,6.89
2102,CHEMBL3326746,CCNC(=O)c1cc2c(Nc3ccncc3)ncnn2c1,6.19
2103,CHEMBL3326745,NC(=O)c1cc2c(Nc3ccncc3)ncnn2c1,6.52
2104,CHEMBL3326744,CC(C)(O)c1cc2c(Nc3ccncc3)ncnn2c1,6.08
2105,CHEMBL3326743,OCc1cc2c(Nc3ccncc3)ncnn2c1,6.8
2107,CHEMBL3326741,N#Cc1cc2c(Nc3ccncc3)ncnn2c1,6.15
2108,CHEMBL3326740,CCOC(=O)c1cc2c(Nc3ccncc3)ncnn2c1,7.16
2109,CHEMBL3326650,Nc1ncnn2cccc12,4.06
2110,CHEMBL3326651,CNc1ncnn2cccc12,3.81
2111,CHEMBL3326652,CC(C)Nc1ncnn2cccc12,3.9
2112,CHEMBL3326653,N(c1cn[nH]c1)c2ncnn3cccc23,4.77
2113,CHEMBL3326654,N(c1cccnc1)c2ncnn3cccc23,4.32
2114,CHEMBL3326655,N(c1ccncc1)c2ncnn3cccc23,5.06
2115,CHEMBL3326656,C1CN(CCO1)c2ncnn3cccc23,3.29
2116,CHEMBL3326657,O(c1cccnc1)c2ncnn3cccc23,3.16
2118,CHEMBL3326739,Brc1cc2c(Nc3ccncc3)ncnn2c1,6.82
2170,CHEMBL3623129,Nc1ncc(C(=O)NCC#N)c2ccc(cc12)c3cccc(F)c3,7.34
2171,CHEMBL3623131,Nc1ncc(C(=O)NC2CC(O)C2)c3ccc(cc13)c4cccc(F)c4,7.39
2172,CHEMBL3623132,Nc1ncc(C(=O)NC2CNC2)c3ccc(cc13)c4cccc(F)c4,6.4
2173,CHEMBL3623133,CC(=O)N1CC(C1)NC(=O)c2cnc(N)c3cc(ccc23)c4cccc(F)c4,7.5
2189,CHEMBL3752536,NC(=O)c1ccc(cc1)c2oc(cn2)c3ccc(Cl)cc3,7.03
2190,CHEMBL3754588,NC(=O)c1ccc(cc1)c2cncc(c2)c3ccc(Cl)cc3,7.34
2191,CHEMBL3754611,NC(=O)c1ccc(cc1)n2cc(cn2)c3ccc(Cl)cc3,6.61
2192,CHEMBL3753891,NC(=O)c1ccc(cc1)c2cn(cn2)c3ccc(Cl)cc3,6.57
2193,CHEMBL3753160,Cn1c(cnc1c2ccc(cc2)C(=O)N)c3ccc(Cl)cc3,5.82
2194,CHEMBL3754522,NC(=O)c1ccc(cc1)c2nccc(n2)c3ccc(Cl)cc3,6.07
2195,CHEMBL3752670,NC(=O)c1ccc(cc1)c2cc(ccn2)c3ccc(Cl)cc3,5.76
2196,CHEMBL3752854,COc1ccc(cc1)c2cncc(c2)c3ccc(cc3)C(=O)N,7.35
2197,CHEMBL3752433,NC(=O)c1ccc(cc1)c2cncc(c2)c3ccc(OC4CC4)cc3,7.32
2199,CHEMBL3753371,Nc1ncc(cc1c2ccc(Cl)cc2)c3ccccc3,7.08
2200,CHEMBL3754304,CS(=O)(=O)c1ccc(cc1)c2cc(cnc2N)c3ccc(cc3)C(=O)N,7.19
2202,CHEMBL3754762,Nc1ncc(cc1c2ccc(Cl)cc2)C3=CNC(=O)C=C3,7.02
