,molecule_chembl_id,canonical_smiles,pchembl_value
0,CHEMBL1779349,Fc1ccccc1c2nccc(n2)c3cc4C(=O)NCC5(CCNCC5)c4[nH]3,7.54
1,CHEMBL272309,NCC1CNC(=O)c2cc3ccc(cc3n2C1)C(=O)Nc4cccnc4,7.54
2,CHEMBL562754,C[C@@H]1CNc2c(sc3ccc4OCCc4c23)C(=O)N1,7.55
3,CHEMBL1738780,NCCn1nc(cc1C(=O)O)c2ccnc(c2)c3cnc4ccccc4c3,7.55
4,CHEMBL1779369,O=C1NCC2(CCCNC2)c3[nH]c(cc13)c4ccnc(n4)c5ccc6OCOc6c5,7.55
5,CHEMBL2385538,O=C1Nc2ccc(cc2Cc3cc(oc13)c4ccc(cc4)C#N)C5CCNCC5,7.55
6,CHEMBL1801377,COc1ccc(cc1)c2cc3c(ccc4c5C(=O)NCc5[nH]c34)cn2,7.57
7,CHEMBL1801283,Fc1ccc(cn1)c2cc3c(CCc4c3[nH]c5c4C(=O)NCC56CC6)cn2,7.57
8,CHEMBL1940650,O=C(N(Cc1ccccc1c2cncnc2)c3ccc(cc3)N4CCNCC4)c5oc(cc5)c6ccc(cc6)C#N,7.57
9,CHEMBL3314156,Clc1ccc(cc1)c2oc(cc2)c3nccn3c4ccc(cc4)C5CCCNC5,7.59
10,CHEMBL3314140,Clc1ccc(cc1)c2oc(cc2)c3nccn3c4ccc(cc4)N5CCNCC5,7.59
11,CHEMBL3315290,OC1(CCNCC1)c2ccc(cc2)n3ccnc3c4oc(cc4)c5ccc(Cl)cc5,7.59
12,CHEMBL3315292,OC1(CCNCC1)c2ccc(cc2)n3ccnc3c4oc(cc4)c5ccc(cc5)C#N,7.59
13,CHEMBL3315291,FC1(CCNCC1)c2ccc(cc2)n3ccnc3c4oc(cc4)c5ccc(cc5)C#N,7.6
14,CHEMBL1801315,O=C1NOCc2[nH]c3c(ccc4cnc(\C=C\c5ccccc5)cc34)c12,7.6
15,CHEMBL388619,Oc1cccc(c1)c2cc(ccn2)c3cc4C(=O)NCCc4[nH]3,7.6
16,CHEMBL1940654,COc1cc(ccn1)c2ccccc2CN(C(=O)c3oc(cc3)c4ccc(cc4)C#N)c5ccc(cc5)N6CCNCC6,7.62
17,CHEMBL1779370,COc1cncc(c1)c2nccc(n2)c3cc4C(=O)NCC5(CCCNC5)c4[nH]3,7.62
18,CHEMBL3314143,N#Cc1ccc(cc1)c2oc(cc2)c3nncn3c4ccc(cc4)N5CCNCC5,7.63
19,CHEMBL1801316,COc1ccc(cc1)c2cc3c(ccc4c5C(=O)NN(C)Cc5[nH]c34)cn2,7.64
20,CHEMBL549585,C[C@@H]1CNc2c(sc3ccc4nc(ccc4c23)c5cncnc5)C(=O)N1,7.64
21,CHEMBL3314150,Brc1cc(ccc1n2ccnc2c3oc(cc3)c4ccc(cc4)C#N)N5CCNCC5,7.65
22,CHEMBL2385543,Clc1ccc(cc1)c2oc3C(=O)N(Cc4ccccc4c5cccnc5)c6ccc(cc6Cc3c2)N7CCNCC7,7.66
23,CHEMBL389658,OC(=O)c1ccc(cc1)c2cc(ccn2)c3cc4C(=O)NCCc4[nH]3,7.66
24,CHEMBL3704901,CC1=CC(=C(Cl)C(=O)N1c2cc(ncc2C)c3ccnc(n3)C(C)(C)O)OCc4ncc(F)cc4F,7.68
25,CHEMBL246090,CC1CNC(=O)c2[nH]c3ccc(cc3c12)C(=O)Nc4nc(cs4)C(=O)NCCC(=O)N,7.68
26,CHEMBL1779371,COCCCOc1ccc(cn1)c2nccc(n2)c3cc4C(=O)NCC5(CCCNC5)c4[nH]3,7.68
27,CHEMBL2385541,COc1cc(ccn1)c2ccccc2CN3C(=O)c4oc(cc4Cc5cc(ccc35)N6CCNCC6)c7ccc(Cl)cc7,7.68
28,CHEMBL1940644,Cc1onc(C)c1c2ccccc2CN(C(=O)c3oc(cc3)c4ccc(cc4)C#N)c5ccc(cc5)N6CCNCC6,7.68
29,CHEMBL2385544,O=C1N(Cc2ccccc2c3cccnc3)c4ccc(cc4Cc5cc(oc15)c6ccc(cc6)C#N)N7CCNCC7,7.68
30,CHEMBL374177,Oc1ccc(cc1)c2cc(ccn2)c3cc4C(=O)NCCc4[nH]3,7.68
31,CHEMBL409727,CC1CNC(=O)c2cc3ccc(cc3n12)C(=O)Nc4nc(cs4)C(=O)NC5CCCCC5,7.7
32,CHEMBL1783710,CCCc1cnc(N)c(CNC(=S)Nc2ccc3NC(=O)Oc3c2)n1,7.7
33,CHEMBL562137,COc1ccccc1c2ccc3c(ccc4sc5C(=O)N[C@H](C)CNc5c34)n2,7.7
34,CHEMBL1940656,COc1ccccc1c2ccccc2CN(C(=O)c3oc(cc3)c4ccc(cc4)C#N)c5ccc(cc5)N6CCNCC6,7.7
35,CHEMBL1940651,COc1cncc(c1)c2ccccc2CN(C(=O)c3oc(cc3)c4ccc(cc4)C#N)c5ccc(cc5)N6CCNCC6,7.7
36,CHEMBL1801311,Cn1c2c(CCc3cnc(cc23)c4ccccc4F)c5C(=O)NCC6(CNC6)c15,7.7
37,CHEMBL594090,Nc1ncc2c(n1)c(cn2CCC(=O)O)c3cc(c4cc5ccccc5s4)c6[nH]ncc6c3,7.7
38,CHEMBL270150,CC1(C)CNC(=O)c2cc3ccc(cc3n12)C(=O)Nc4nc(cs4)C(=O)NC5CCCCC5,7.72
39,CHEMBL590109,NCCn1cc(c2cc(c3cc4ccccc4s3)c5[nH]ncc5c2)c6nc(N)ncc16,7.72
40,CHEMBL1940646,O=C(N(Cc1ccccc1c2cccc(c2)C#N)c3ccc(cc3)N4CCNCC4)c5oc(cc5)c6ccc(cc6)C#N,7.72
41,CHEMBL1938691,Clc1ccc(cc1)c2oc3c(COc4cc(ccc4n5ccnc35)N6CCNCC6)c2,7.75
42,CHEMBL1779487,O=C1NCC2(CCCNC2)c3[nH]c(cc13)c4ccnc(n4)c5cccnc5,7.75
43,CHEMBL3314149,Cc1cc(ccc1n2ccnc2c3oc(cc3)c4ccc(cc4)C#N)N5CCNCC5,7.76
44,CHEMBL396160,CC1CNC(=O)c2[nH]c3ccc(cc3c12)C(=O)Nc4nc(cs4)C(=O)NCCN,7.77
45,CHEMBL1801284,Fc1ccccc1c2cc3c(CCc4c3[nH]c5c4C(=O)NCC56CNC6)cn2,7.77
46,CHEMBL226261,O=C(NC1CCCCC1)c2ccc(cc2)c3cc(ccn3)c4cc5C(=O)NCCc5[nH]4,7.77
47,CHEMBL3314147,Fc1cc(ccc1n2ccnc2c3oc(cc3)c4ccc(cc4)C#N)N5CCNCC5,7.79
48,CHEMBL557318,C[C@@H]1CNc2c(sc3ccc4occc4c23)C(=O)N1,7.8
49,CHEMBL1801387,O=C1NCCc2[nH]c3c(ccc4cnc(cc34)c5cccc(OCCN6CCOCC6)c5)c12,7.8
50,CHEMBL1801386,COc1ccc(cc1F)c2cc3c(ccc4c5C(=O)NCCc5[nH]c34)cn2,7.82
51,CHEMBL1779356,FC(F)(F)c1cccc(c1)c2nccc(n2)c3cc4C(=O)NCC5(CCNCC5)c4[nH]3,7.82
52,CHEMBL1933167,Fc1ccc(cc1)C(=O)Nc2nccc(n2)c3cc4C(=O)NCC5(CCNCC5)c4[nH]3,7.82
53,CHEMBL1938688,Fc1ccc(cc1)c2oc3c(Cc4cc(ccc4n5cnnc35)N6CCNCC6)c2,7.82
54,CHEMBL1779364,Nc1ccc(cn1)c2nccc(n2)c3cc4C(=O)NCC5(CCNCC5)c4[nH]3,7.82
55,CHEMBL1783712,Nc1ncc(nc1CNC(=S)Nc2ccc3NC(=O)Oc3c2)C4CC4,7.82
56,CHEMBL226206,O=C(NC1CC1)c2ccc(cc2)c3cc(ccn3)c4cc5C(=O)NCCc5[nH]4,7.82
57,CHEMBL553397,COc1ccc2sc3C(=O)N[C@H](CO)CNc3c2c1,7.85
58,CHEMBL554286,C[C@@H]1CNc2c(sc3ccc4nc(ccc4c23)c5ccccc5F)C(=O)N1,7.85
59,CHEMBL552339,C[C@@H]1CNc2c(sc3ccc4nc(ccc4c23)c5ccncc5)C(=O)N1,7.85
60,CHEMBL3314142,Clc1ccc(cc1)c2oc(cc2)c3nncn3c4ccc(cc4)N5CCNCC5,7.85
61,CHEMBL2385537,Clc1ccc(cc1)c2oc3C(=O)Nc4ccc(cc4Cc3c2)C5CCNCC5,7.85
62,CHEMBL2385540,Fc1cncc(c1)c2ccccc2CN3C(=O)c4oc(cc4Cc5cc(ccc35)N6CCNCC6)c7ccc(cc7)C#N,7.85
63,CHEMBL1801313,NCc1[nH]c2c(ccc3cnc(\C=C\c4ccccc4)cc23)c1C(=O)O,7.85
64,CHEMBL1940649,O=C(N(Cc1ccccc1c2ccccn2)c3ccc(cc3)N4CCNCC4)c5oc(cc5)c6ccc(cc6)C#N,7.85
65,CHEMBL1933165,O=C(Nc1nccc(n1)c2cc3C(=O)NCC4(CCNCC4)c3[nH]2)c5cccc6ccccc56,7.85
66,CHEMBL1801312,CN1CC2(CNC(=O)c3c4CCc5cnc(cc5c4n(C)c23)c6ccccc6F)C1,7.89
67,CHEMBL1779353,CN1CCC2(CC1)CNC(=O)c3cc([nH]c23)c4ccnc(n4)c5oc6ccccc6c5,7.89
68,CHEMBL3314148,Clc1cc(ccc1n2ccnc2c3oc(cc3)c4ccc(cc4)C#N)N5CCNCC5,7.89
69,CHEMBL272072,CC1CNC(=O)c2cc3ccc(cc3n12)C(=O)Nc4nc(cs4)C(=O)NC5CCOCC5,7.92
70,CHEMBL1614995,COCCOc1cncc(c1)c2cc3c(ccc4c5C(=O)NCCc5[nH]c34)cn2,7.92
71,CHEMBL1801294,COc1ccc(cc1)c2cc3c(CCc4c3[nH]c5CC6(CNC6)NC(=O)c45)cn2,7.92
72,CHEMBL1940647,COc1cccc(c1)c2ccccc2CN(C(=O)c3oc(cc3)c4ccc(cc4)C#N)c5ccc(cc5)N6CCNCC6,7.92
73,CHEMBL1940657,COc1ccccc1c2ncccc2CN(C(=O)c3oc(cc3)c4ccc(cc4)C#N)c5ccc(cc5)N6CCNCC6,7.92
74,CHEMBL2385532,Clc1ccc(cc1)c2oc3C(=O)N(CC=C)c4ccc(cc4Cc3c2)N5CCNCC5,7.92
75,CHEMBL1940521,Fc1ccccc1c2ccccc2CN(C(=O)c3oc(cc3)c4ccc(cc4)C#N)c5ccc(cc5)N6CCNCC6,7.92
76,CHEMBL1940524,O=C(N(Cc1ccccc1c2ccncc2)c3ccc(cc3)N4CCNCC4)c5oc(cc5)c6ccc(cc6)C#N,7.92
77,CHEMBL1779355,CC(=O)c1cccc(c1)c2nccc(n2)c3cc4C(=O)NCC5(CCNCC5)c4[nH]3,7.96
78,CHEMBL1933183,FC(F)(F)Oc1cccc(c1)C(=O)Nc2cc(ccn2)c3cc4C(=O)NCC5(CCCNC5)c4[nH]3,7.96
79,CHEMBL1779368,O=C1NCC2(CCCNC2)c3[nH]c(cc13)c4ccnc(n4)c5oc6ccccc6c5,7.96
80,CHEMBL246301,CC1CNC(=O)c2[nH]c3ccc(cc3c12)C(=O)Nc4nc(cs4)C(=O)NC5CCN(C)CC5,8.0
81,CHEMBL1779347,O=C1NCC2(CCNCC2)c3[nH]c(cc13)c4ccnc(n4)c5ccc6OCCCOc6c5,8.0
82,CHEMBL1801388,O=C1NCCc2[nH]c3c(ccc4cnc(cc34)c5cncc(OCCN6CCOCC6)c5)c12,8.0
83,CHEMBL1801375,O=C1NCc2[nH]c3c(ccc4cnc(\C=C\c5cccc(CCN6CCOCC6)c5)cc34)c12,8.0
84,CHEMBL1801373,O=C1NCc2[nH]c3c(ccc4cnc(\C=C\c5ccccc5)cc34)c12,8.0
85,CHEMBL1779346,CC(=O)c1ccc(cc1)c2nccc(n2)c3cc4C(=O)NCC5(CCNCC5)c4[nH]3,8.01
86,CHEMBL1779374,COc1cncc(c1)c2nccc(n2)c3cc4C(=O)NC[C@@]5(CCCNC5)c4[nH]3,8.03
87,CHEMBL1938686,Clc1ccc(cc1)c2oc3c(Cc4cc(ccc4n5cnnc35)N6CCNCC6)c2,8.03
88,CHEMBL1938689,Cc1cnc2c3oc(cc3Cc4cc(ccc4n12)N5CCNCC5)c6ccc(Cl)cc6,8.04
89,CHEMBL1933184,FC(F)(F)c1ccc(cc1)C(=O)Nc2cc(ccn2)c3cc4C(=O)NCC5(CCCNC5)c4[nH]3,8.04
90,CHEMBL403286,CC1CNC(=O)c2cc3ccc(cc3n12)C(=O)Nc4nc(cs4)C(=O)NC5CCN(Cc6ccccc6)CC5,8.05
91,CHEMBL1940658,COc1ccncc1c2ncccc2CN(C(=O)c3oc(cc3)c4ccc(cc4)C#N)c5ccc(cc5)N6CCNCC6,8.05
92,CHEMBL564076,C[C@@H]1CNc2c(sc3ccc4nc(ccc4c23)c5ccccc5)C(=O)N1,8.05
93,CHEMBL2385550,FC1(F)c2cc(ccc2N(Cc3ccccc3c4cncnc4)C(=O)c5oc(cc15)c6ccc(cc6)C#N)C7CCNCC7,8.05
94,CHEMBL1933181,Fc1ccc(cc1)C(=O)Nc2cc(ccn2)c3cc4C(=O)NCC5(CCCNC5)c4[nH]3,8.05
95,CHEMBL1940518,O=C(N(Cc1ccccc1c2ccccc2)c3ccc(cc3)N4CCNCC4)c5oc(cc5)c6ccc(cc6)C#N,8.05
96,CHEMBL1940648,O=C(N(Cc1ccccc1c2cccnc2)c3ccc(cc3)N4CCNCC4)c5oc(cc5)c6ccc(cc6)C#N,8.05
97,CHEMBL226403,O=C1NCCc2[nH]c(cc12)c3ccnc(c3)c4cnc5ccccc5c4,8.07
98,CHEMBL2385545,COc1ncccc1c2ccccc2CN3C(=O)c4oc(cc4Cc5cc(ccc35)N6CCNCC6)c7ccc(cc7)C#N,8.08
99,CHEMBL1779350,Fc1cccc(c1)c2nccc(n2)c3cc4C(=O)NCC5(CCNCC5)c4[nH]3,8.08
100,CHEMBL1933178,Cc1ccc(cc1C)C(=O)Nc2cc(ccn2)c3cc4C(=O)NCC5(CCCNC5)c4[nH]3,8.09
101,CHEMBL1940652,COc1ccncc1c2ccccc2CN(C(=O)c3oc(cc3)c4ccc(cc4)C#N)c5ccc(cc5)N6CCNCC6,8.1
102,CHEMBL1801274,Fc1cccc(c1)c2cc3c(CCc4c3[nH]c5CCNC(=O)c45)cn2,8.1
103,CHEMBL2036616,N#Cc1ccc(cc1)c2oc(cc2)C3=NOC(N3c4ccc(cc4)N5CCNCC5)c6ccccc6c7cncnc7,8.1
104,CHEMBL1940645,O=C(N(Cc1ccccc1c2ccc(cc2)C#N)c3ccc(cc3)N4CCNCC4)c5oc(cc5)c6ccc(cc6)C#N,8.1
105,CHEMBL388853,O=C(NC1CCCC1)c2ccc(cc2)c3cc(ccn3)c4cc5C(=O)NCCc5[nH]4,8.1
106,CHEMBL388530,O=C(NCc1ccccc1)c2ccc(cc2)c3cc(ccn3)c4cc5C(=O)NCCc5[nH]4,8.1
107,CHEMBL1801374,O=C1NCc2[nH]c3c(ccc4cnc(\C=C\c5ccc(CN6CCOCC6)cc5)cc34)c12,8.1
108,CHEMBL3314153,Clc1cc(ccc1N2CCNCC2)n3ccnc3c4oc(cc4)c5ccc(cc5)C#N,8.11
109,CHEMBL1933179,O=C(Nc1cc(ccn1)c2cc3C(=O)NCC4(CCCNC4)c3[nH]2)c5ccc6ccccc6c5,8.12
110,CHEMBL1779372,O=C1NC[C@@]2(CCCNC2)c3[nH]c(cc13)c4ccnc(n4)c5ccc6OCOc6c5,8.13
111,CHEMBL256196,CCN1CCC(CC1)NC(=O)c2csc(NC(=O)c3ccc4cc5C(=O)NCC(C)n5c4c3)n2,8.16
112,CHEMBL1091928,CN1C(=O)C(=Cc2cnn(c12)c3c(F)cccc3F)c4cc(ccc4Cl)C(=O)NC5CC5,8.16
113,CHEMBL1801307,CN1CC2(CNC(=O)c3c4CCc5cnc(nc5c4[nH]c23)c6ccc(F)nc6)C1,8.16
114,CHEMBL1779485,COCCCOc1ccc(cn1)c2nccc(n2)c3cc4C(=O)NC[C@@]5(CCCNC5)c4[nH]3,8.16
115,CHEMBL1779363,COc1cncc(c1)c2nccc(n2)c3cc4C(=O)NCC5(CCNCC5)c4[nH]3,8.16
116,CHEMBL1938684,Clc1ccc(cc1)c2oc3c(Cc4cc(ccc4n5ccnc35)N6CCNCC6)c2,8.16
117,CHEMBL1779357,FC(F)(F)c1ccc(cc1)c2nccc(n2)c3cc4C(=O)NCC5(CCNCC5)c4[nH]3,8.16
118,CHEMBL2385546,COc1ccncc1c2ccccc2CN3C(=O)c4oc(cc4Cc5cc(ccc35)N6CCNCC6)c7ccc(cc7)C#N,8.17
119,CHEMBL1092754,Cn1cc(\C=C\2/Oc3cccc(O)c3C2=O)c4c(ccnc14)c5ccc(cc5)C(=O)NCCO,8.19
120,CHEMBL1779488,O=C1NC[C@@]2(CCCNC2)c3[nH]c(cc13)c4ccnc(n4)c5cccnc5,8.19
121,CHEMBL1779361,O=C1NCC2(CCNCC2)c3[nH]c(cc13)c4ccnc(n4)c5cnc6ccccc6c5,8.2
122,CHEMBL1779358,CC(C)(C)c1ccc(cc1)c2nccc(n2)c3cc4C(=O)NCC5(CCNCC5)c4[nH]3,8.21
123,CHEMBL1933182,Fc1cccc(c1)C(=O)Nc2cc(ccn2)c3cc4C(=O)NCC5(CCCNC5)c4[nH]3,8.21
124,CHEMBL1801305,CN1CC2(CNC(=O)c3c4CCc5cnc(nc5c4[nH]c23)c6cccc(F)c6)C1,8.22
125,CHEMBL1801304,COCCOc1cncc(c1)c2ncc3CCc4c([nH]c5c4C(=O)NCC56CN(C)C6)c3n2,8.22
126,CHEMBL1779352,O=C1NCC2(CCNCC2)c3[nH]c(cc13)c4ccnc(n4)c5oc6ccccc6c5,8.23
127,CHEMBL1091199,CN1C(=O)C(=Cc2cnn(c12)c3ccc(F)cc3F)c4cc(ccc4C)C(=O)NC5CC5,8.24
128,CHEMBL2385547,Clc1ccc(cc1)c2oc3C(=O)N(Cc4ccccc4c5cncnc5)c6ccc(cc6Cc3c2)N7CCNCC7,8.24
129,CHEMBL1933180,O=C(Nc1cc(ccn1)c2cc3C(=O)NCC4(CCCNC4)c3[nH]2)c5cccc6ccccc56,8.29
130,CHEMBL1933163,O=C(Nc1nccc(n1)c2cc3C(=O)NCC4(CCNCC4)c3[nH]2)c5ccc6ccccc6c5,8.29
131,CHEMBL1779359,O=C1NCC2(CCNCC2)c3[nH]c(cc13)c4ccnc(n4)c5ccc6ccccc6c5,8.29
132,CHEMBL429504,CC1(C)CNC(=O)c2cc3ccc(cc3n12)C(=O)Nc4nc(cs4)C(=O)NC5CCN(Cc6ccccc6)CC5,8.3
133,CHEMBL271309,CC1CNC(=O)c2cc3ccc(cc3n12)C(=O)Nc4nc(cs4)C(=O)NC5CCN(C)CC5,8.3
134,CHEMBL270148,CN1CCC(CC1)NC(=O)c2csc(NC(=O)c3ccc4cc5C(=O)NCC(C)(C)n5c4c3)n2,8.3
135,CHEMBL1801382,COCCOc1cncc(c1)c2cc3c(ccc4c5C(=O)NCc5[nH]c34)cn2,8.3
136,CHEMBL555205,COc1ccc2sc3C(=O)N[C@H](CN)CNc3c2c1,8.3
137,CHEMBL1231206,C[C@@H]1CNc2c(sc3ccc4nc(ccc4c23)c5ccc(C)nc5)C(=O)N1,8.3
138,CHEMBL560075,C[C@@H]1CNc2c(sc3ccc4nc(ccc4c23)c5cccnc5)C(=O)N1,8.3
139,CHEMBL549915,C[C@@H]1CNc2c(sc3ccc4nc(ccc4c23)c5cnccc5C)C(=O)N1,8.3
140,CHEMBL1801385,O=C1NCCc2[nH]c3c(ccc4cnc(\C=C\c5cccc(CCN6CCOCC6)c5)cc34)c12,8.3
141,CHEMBL1801381,O=C1NCc2[nH]c3c(ccc4cnc(cc34)c5cncc(OCCN6CCOCC6)c5)c12,8.3
142,CHEMBL2385542,COc1cncc(c1)c2ccccc2CN3C(=O)c4oc(cc4Cc5cc(ccc35)N6CCNCC6)c7ccc(cc7)C#N,8.31
143,CHEMBL1779360,Clc1cc(Cl)cc(c1)c2nccc(n2)c3cc4C(=O)NCC5(CCNCC5)c4[nH]3,8.35
144,CHEMBL1089865,CN1C(=O)C(=Cc2cnn(c12)c3c(F)cccc3F)c4cc(ccc4C)C(=O)NC5CC5,8.37
145,CHEMBL1738702,O=C1NCC2(CCNCC2)c3[nH]c(cc13)c4ccnc(n4)c5ccc6OCOc6c5,8.37
146,CHEMBL1933185,O=C(Nc1cc(ccn1)c2cc3C(=O)NCC4(CCCNC4)c3[nH]2)c5ccccn5,8.38
147,CHEMBL1933193,O=C(Nc1cc(ccn1)c2cc3C(=O)NCC4(CCNC4)c3[nH]2)c5ccccn5,8.39
148,CHEMBL255991,CC(C)CN1CCC(CC1)NC(=O)c2csc(NC(=O)c3ccc4cc5C(=O)NCC(C)n5c4c3)n2,8.4
149,CHEMBL1801296,CN1CCC2(CC1)CNC(=O)c3c4CCc5cnc(cc5c4[nH]c23)c6ccccc6F,8.4
150,CHEMBL1938687,N#Cc1ccc(cc1)c2oc3c(Cc4cc(ccc4n5cnnc35)N6CCNCC6)c2,8.42
151,CHEMBL1779365,CCC(=O)Nc1ccc(cn1)c2nccc(n2)c3cc4C(=O)NCC5(CCNCC5)c4[nH]3,8.44
152,CHEMBL1933187,FC(F)(F)c1cccc(c1)C(=O)Nc2cc(ccn2)c3cc4C(=O)NCC5(CCCNC5)c4[nH]3,8.48
153,CHEMBL1933161,Cc1ccc(cc1C)C(=O)Nc2nccc(n2)c3cc4C(=O)NCC5(CCNCC5)c4[nH]3,8.51
154,CHEMBL256194,CC1CNC(=O)c2cc3ccc(cc3n12)C(=O)Nc4nc(cs4)C(=O)NC5CCN(CC(C)(C)C)CC5,8.52
155,CHEMBL403258,O=C(NC1CCN(Cc2ccccc2)CC1)c3csc(NC(=O)c4ccc5cc6C(=O)NCC7(CCC7)n6c5c4)n3,8.52
156,CHEMBL2385549,O=C1N(Cc2ccccc2c3cncnc3)c4ccc(cc4Cc5cc(oc15)c6ccc(cc6)C#N)C7CCNCC7,8.52
157,CHEMBL1938685,N#Cc1ccc(cc1)c2oc3c(Cc4cc(ccc4n5ccnc35)N6CCNCC6)c2,8.54
158,CHEMBL1933174,CN1CCC2(CC1)CNC(=O)c3cc([nH]c23)c4ccnc(NC(=O)c5cccc(OC(F)(F)F)c5)c4,8.57
159,CHEMBL1933170,CN1CCC2(CC1)CNC(=O)c3cc([nH]c23)c4ccnc(NC(=O)c5ccc6ccccc6c5)c4,8.59
160,CHEMBL1933177,O=C(Nc1cc(ccn1)c2cc3C(=O)NCC4(CCNCC4)c3[nH]2)c5ccncc5,8.59
161,CHEMBL1933172,CN1CCC2(CC1)CNC(=O)c3cc([nH]c23)c4ccnc(NC(=O)c5cccc(F)c5)c4,8.6
162,CHEMBL1933186,Fc1cc(F)cc(c1)C(=O)Nc2cc(ccn2)c3cc4C(=O)NCC5(CCCNC5)c4[nH]3,8.6
163,CHEMBL1933169,CN1CCC2(CC1)CNC(=O)c3cc([nH]c23)c4ccnc(NC(=O)c5ccc(C)c(C)c5)c4,8.64
164,CHEMBL1779366,Nc1ncc(cn1)c2nccc(n2)c3cc4C(=O)NCC5(CCNCC5)c4[nH]3,8.68
165,CHEMBL403154,CC(C)(C)CN1CCC(CC1)NC(=O)c2csc(NC(=O)c3ccc4cc5C(=O)NCC(C)(C)n5c4c3)n2,8.7
166,CHEMBL257834,CC(C)(C)CN1CCC(CC1)NC(=O)c2csc(NC(=O)c3ccc4cc5C(=O)NCC6(CCC6)n5c4c3)n2,8.7
167,CHEMBL258045,CN1CCC(CC1)NC(=O)c2csc(NC(=O)c3ccc4cc5C(=O)NCC6(CCC6)n5c4c3)n2,8.7
168,CHEMBL556392,C[C@@H]1CNc2c(sc3ccc4nc(Cl)ccc4c23)C(=O)N1,8.7
169,CHEMBL1933191,Fc1cccc(c1)C(=O)Nc2cc(ccn2)c3cc4C(=O)NCC5(CCNC5)c4[nH]3,8.72
170,CHEMBL2385548,O=C1N(Cc2ccccc2c3cncnc3)c4ccc(cc4Cc5cc(oc15)c6ccc(cc6)C#N)N7CCNCC7,8.72
171,CHEMBL1779367,O=C1NCC2(CCNCC2)c3[nH]c(cc13)c4ccnc(n4)c5cnc(NC6CCCC6)nc5,8.77
172,CHEMBL1933192,FC(F)(F)Oc1cccc(c1)C(=O)Nc2cc(ccn2)c3cc4C(=O)NCC5(CCNC5)c4[nH]3,8.8
173,CHEMBL1933175,FC(F)(F)c1ccc(cc1)C(=O)Nc2cc(ccn2)c3cc4C(=O)NCC5(CCNCC5)c4[nH]3,8.8
174,CHEMBL1933168,Fc1ccc(cc1)C(=O)Nc2cc(ccn2)c3cc4C(=O)NCC5(CCNCC5)c4[nH]3,8.8
175,CHEMBL1933173,FC(F)(F)Oc1cccc(c1)C(=O)Nc2cc(ccn2)c3cc4C(=O)NCC5(CCNCC5)c4[nH]3,8.82
176,CHEMBL1933176,O=C(Nc1cc(ccn1)c2cc3C(=O)NCC4(CCNCC4)c3[nH]2)c5ccccn5,8.85
177,CHEMBL1933190,Fc1ccc(cc1)C(=O)Nc2cc(ccn2)c3cc4C(=O)NCC5(CCNC5)c4[nH]3,8.89
178,CHEMBL1933171,Fc1cccc(c1)C(=O)Nc2cc(ccn2)c3cc4C(=O)NCC5(CCNCC5)c4[nH]3,8.96
179,CHEMBL1779362,O=C1NCC2(CCNCC2)c3[nH]c(cc13)c4ccnc(n4)c5cccnc5,8.96
180,CHEMBL561334,C[C@@H]1CNc2c(sc3ccc4ncccc4c23)C(=O)N1,9.0
181,CHEMBL1933162,Cc1ccc(cc1C)C(=O)Nc2cc(ccn2)c3cc4C(=O)NCC5(CCNCC5)c4[nH]3,9.0
182,CHEMBL1801384,O=C1NCCc2[nH]c3c(ccc4cnc(\C=C\c5ccc(CN6CCOCC6)cc5)cc34)c12,9.0
183,CHEMBL1933166,O=C(Nc1cc(ccn1)c2cc3C(=O)NCC4(CCNCC4)c3[nH]2)c5cccc6ccccc56,9.02
184,CHEMBL1933164,O=C(Nc1cc(ccn1)c2cc3C(=O)NCC4(CCNCC4)c3[nH]2)c5ccc6ccccc6c5,9.14
185,CHEMBL1933188,Cc1ccc(cc1C)C(=O)Nc2cc(ccn2)c3cc4C(=O)NCC5(CCNC5)c4[nH]3,9.15
186,CHEMBL1933189,O=C(Nc1cc(ccn1)c2cc3C(=O)NCC4(CCNC4)c3[nH]2)c5ccc6ccccc6c5,9.21
