,molecule_chembl_id,canonical_smiles,pchembl_value
0,CHEMBL1230122,CN1C(=O)C(=Cc2cnc(NC3CCOCC3)nc12)Oc4ccc(F)cc4F,7.54
1,CHEMBL221246,CNCC(=O)NCCCN(C1=NN(C(=O)C=C1)c2ccccc2Cl)c3ccccc3Cl,7.54
2,CHEMBL221648,Clc1ccccc1N(CCCNC(=O)C2CCNCC2)C3=NN(C(=O)C=C3)c4ccccc4Cl,7.54
3,CHEMBL1236810,C[C@H](CS(=O)(=O)C)Nc1n[nH]c2nc(Oc3ccc(F)cc3F)ncc12,7.6
4,CHEMBL1088752,Cc1c(F)cc(cc1c2ccc(cn2)C(=O)NCC(C)(C)C)C(=O)NC3CC3,7.6
5,CHEMBL1784172,Cc1c(F)cc(cc1c2ccc(cn2)C(=O)NCC3CC3)C(=O)NC4CC4,7.6
6,CHEMBL478649,Cc1ccc(cc1c2ccc(cc2)C(=O)NCC3CC3)C(=O)NC4CC4,7.62
7,CHEMBL1938400,CC(C)(C)c1cc(NC(=O)NCc2ccccc2Sc3ccc4nnc(c5ccccc5SCCO)n4c3)n(n1)c6ccc(O)c(Cl)c6,7.64
8,CHEMBL225088,CONC(=O)c1ccc(C)c(Nc2nc(nc(n2)N3CCCN(C)CC3)N(C)CC(C)(C)C)c1,7.66
9,CHEMBL221595,Fc1ccc(N(CCCN2C(=O)c3ccccc3C2=O)C4=NN(C(=O)C=C4)c5ccccc5Cl)c(Cl)c1,7.7
10,CHEMBL1807446,Cc1ccc(cc1Nc2ncnn3cc(C(=O)c4ccccc4)c(C)c23)C(=O)NC5CC5,7.72
11,CHEMBL2401978,Cc1ccc(cc1NC(=O)c2cnc(s2)c3ccccc3Cl)C(=O)NC4CC4,7.75
12,CHEMBL1795685,CC1=C(OCc2ccc(F)cc2F)N=CN(C1=O)c3cc(ccc3C)C(=O)NCCO,7.77
13,CHEMBL1090090,NC(=O)N(c1ccc(C(=O)N)c(n1)c2ccc(F)cc2F)c3c(F)cccc3F,7.77
14,CHEMBL252128,CCNC(=O)c1cn2ncnc(Nc3cc(ccc3C)C(=O)NOC)c2c1C,7.82
15,CHEMBL514201,C[C@@H]1CN(Cc2ccc(F)cc2)[C@@H](C)CN1C(=O)c3cc4c(cn(C)c4cc3Cl)C(=O)C(=O)N(C)C,7.82
16,CHEMBL221547,Clc1ccccc1N(CCCN2C(=O)c3ccccc3C2=O)C4=NN(C(=O)C=C4)c5ccccc5Cl,7.82
17,CHEMBL412281,CNC(=O)c1ccc(C)c(Nc2nc(NC)nc3c2cnn3c4ccccc4)c1,7.92
18,CHEMBL316275,CS(=O)(=O)c1ccc(cc1)c2cc(c3ccncc3)c([nH]2)c4ccc(F)cc4,8.0
19,CHEMBL1232769,C[C@H](CS(=O)(=O)C)Nc1ncc2C=C(Oc3ccc(F)cc3F)C(=O)N(C)c2n1,8.06
20,CHEMBL88486,C[S+]([O-])c1ccc(cc1)c2cc(c3ccncc3)c([nH]2)c4ccc(F)cc4,8.09
21,CHEMBL103667,Cc1ccc(cc1)n2nc(cc2NC(=O)Nc3ccc(OCCN4CCOCC4)c5ccccc35)C(C)(C)C,8.14
22,CHEMBL2401979,Cc1ccc(cc1NC(=O)c2cnn(c2C)c3ncccc3C(F)(F)F)C(=O)NC4CC4,8.21
23,CHEMBL1795686,CCC1=C(OCc2ccc(F)cc2F)N=CN(C1=O)c3cc(ccc3C)C(=O)NCCO,8.22
24,CHEMBL1082158,Fc1cccc(F)c1n2ncc3c(Nc4cc(ccc4Cl)C(=O)NC5CC5)nncc23,8.4
25,CHEMBL1089865,CN1C(=O)C(=Cc2cnn(c12)c3c(F)cccc3F)c4cc(ccc4C)C(=O)NC5CC5,8.6
26,CHEMBL258202,CC[C@@H](C)Nc1ncc(s1)C(=O)Nc2cc(ccc2C)C(=O)NC,8.7
27,CHEMBL221700,FC(F)(F)C1CCC(CC1)C(=O)NCCCN(C2=NN(C(=O)C=C2)c3ccccc3Cl)c4ccccc4Cl,8.7
28,CHEMBL523374,CNc1noc2c(c(C)ccc12)c3ccc4c(nncc4c3)N5CCOC[C@@H]5C,8.75
29,CHEMBL199679,CC(C)(C)N1CCC(CC1)c2cc3N(C(=O)C=Cc3c(c2)c4ccc(F)cc4F)c5c(Cl)cccc5Cl,9.6
30,CHEMBL303144,C[C@H](Nc1cc(ccn1)c2c(nc(C3CCNCC3)n2C)c4cccc(c4)C(F)(F)F)c5ccccc5,10.0
