,molecule_chembl_id,canonical_smiles,pchembl_value
0,sorafenib,CNC(=O)C1=CC(OC2=CC=C(NC(=O)NC3=CC=C(Cl)C(=C3)C(F)(F)F)C=C2)=CC=N1,7.74
1,CHEMBL3798257,CC(NC(=O)c1ccc2[nH]nc(c3ccnc(C)c3)c2c1)c4c(Cl)cncc4Cl,7.53
2,CHEMBL3799113,Fc1c(Cl)ccc(CNC(=O)c2ccc3[nH]nc(c4ccncc4)c3c2)c1Cl,7.54
3,CHEMBL3799614,Clc1cc(CNC(=O)c2ccc3[nH]nc(c4ccncc4)c3c2)ccn1,7.58
4,CHEMBL3797756,OC[C@@H](NC(=O)c1ccc2[nH]nc(c3ccncc3)c2c1)c4cccc(Cl)c4,7.58
5,CHEMBL527029,OCCCn1cc(c2ccc3\C(=N\O)\CCc3c2)c(n1)c4ccncc4,7.59
6,CHEMBL3577566,COc1cccc(c1)N2C(=O)\C(=C\c3ccc(OCC(=O)Nc4ccc(C)cc4)cc3)\N=C2c5ccccc5,7.6
7,CHEMBL3577643,COc1ccc(cc1)N2C(=O)\C(=C\c3ccc(OCC(=O)Nc4ccccc4Cl)cc3)\N=C2c5ccccc5,7.62
8,CHEMBL3577642,COc1ccc(NC(=O)COc2ccc(\C=C\3/N=C(N(C3=O)c4ccc(OC)cc4)c5ccccc5)cc2)cc1,7.64
9,CHEMBL3577639,COc1ccc(cc1)N2C(=O)\C(=C\c3ccc(OCC(=O)Nc4ccc(C)cc4)cc3)\N=C2c5ccccc5,7.64
10,CHEMBL3577636,COc1ccc(cc1)N2C(=O)\C(=C\c3ccc(OCC(=O)Nc4ccccc4)cc3)\N=C2c5ccccc5,7.64
11,CHEMBL3799117,CC(NC(=O)c1ccc2[nH]nc(c3ccnc(C)c3)c2c1)c4c(Cl)cnc(Cl)c4Cl,7.65
12,CHEMBL498317,OCC(O)Cn1cc(c2ccc3\C(=N\O)\CCc3c2)c(n1)c4ccncc4,7.66
13,CHEMBL3577641,COc1ccc(cc1)N2C(=O)\C(=C\c3ccc(OCC(=O)Nc4cccc(OC)c4)cc3)\N=C2c5ccccc5,7.68
14,CHEMBL3577565,COc1cccc(c1)N2C(=O)\C(=C\c3ccc(OCC(=O)Nc4cccc(C)c4)cc3)\N=C2c5ccccc5,7.7
15,CHEMBL498496,NCCCn1cc(c2ccc3\C(=N\O)\CCc3c2)c(n1)c4ccncc4,7.7
16,CHEMBL3798624,C[C@H](NC(=O)c1ccc2[nH]nc(c3ccnc(C)c3)c2c1)c4c(Cl)cccc4Cl,7.71
17,CHEMBL502816,CCn1cc(c2ccc3\C(=N\O)\CCc3c2)c(n1)c4ccncc4,7.75
18,CHEMBL498688,CNC1CCCC(C1)n2cc(c3ccc4\C(=N\O)\CCc4c3)c(n2)c5ccncc5,7.75
19,CHEMBL521562,O\N=C\1/CCc2cc(ccc12)c3cn(nc3c4ccncc4)[C@@H]5CCC[C@@H](O)C5,7.77
20,CHEMBL3797917,Cc1cc(ccn1)c2n[nH]c3ccc(cc23)C(=O)NCc4c(Cl)cnc(Cl)c4Cl,7.78
21,CHEMBL498674,CN1CCC(CC1)n2cc(c3ccc4\C(=N\O)\CCc4c3)c(n2)c5ccncc5,8.0
22,CHEMBL526479,O\N=C\1/CCc2cc(ccc12)c3cn(nc3c4ccncc4)C5CCNCC5,8.05
23,CHEMBL498344,O\N=C\1/CCc2cc(ccc12)c3cn(nc3c4ccncc4)[C@@H]5CCC[C@H](O)C5,8.16
24,CHEMBL3590107,O=C(CN1CC[C@H](C1)C(=O)Nc2ccc3[nH]nc(c4ccncc4)c3c2)N5CCN(CC5)c6ccc(cc6)c7ncccn7,8.4
25,CHEMBL3544964,Cn1nccc1Nc2nccc(n2)C3=CC(=O)N(C=C3)[C@H](CO)c4ccc(Cl)c(F)c4,8.92
