,molecule_chembl_id,canonical_smiles,pchembl_value
0,sunitinib,CCN(CC)CCNC(=O)c1c(C)[nH]c(\C=C\2/C(=O)Nc3ccc(F)cc23)c1C,7.54
1,bosutinib,COc1cc(Nc2c(cnc3cc(OCCCN4CCN(C)CC4)c(OC)cc23)C#N)c(Cl)cc1Cl,8.49
2,CHEMBL180022,CCOc1cc2ncc(C#N)c(Nc3ccc(OCc4ccccn4)c(Cl)c3)c2cc1NC(=O)\C=C\CN(C)C,7.54
3,CHEMBL1908397,O=C(N1CCNCC1)c2ccc(\C=C\c3n[nH]c4ccccc34)cc2,7.6
4,CHEMBL522892,CN1CCN(CC1)c2ccc3nc([nH]c3c2)C4=C(N)c5c(F)cccc5NC4=O,8.04
5,CHEMBL3754515,Nc1ccc(cn1)c2cnc(N)c(c2)c3ccc(Cl)cc3,8.1
6,CHEMBL574738,CCN1CCN(Cc2ccc(NC(=O)Nc3ccc(Oc4cc(NC)ncn4)cc3)cc2C(F)(F)F)CC1,8.11
7,CHEMBL1938400,CC(C)(C)c1cc(NC(=O)NCc2ccccc2Sc3ccc4nnc(c5ccccc5SCCO)n4c3)n(n1)c6ccc(O)c(Cl)c6,8.22
8,CHEMBL603469,C[C@]12O[C@H](C[C@]1(O)CO)n3c4ccccc4c5c6C(=O)NCc6c7c8ccccc8n2c7c35,8.44
9,CHEMBL388978,CN[C@@H]1C[C@H]2O[C@@](C)([C@@H]1OC)n3c4ccccc4c5c6CNC(=O)c6c7c8ccccc8n2c7c35,9.0
40,CHEMBL288441,COc1cc(Nc2c(cnc3cc(OCCCN4CCN(C)CC4)c(OC)cc23)C#N)c(Cl)cc1Cl,7.66
42,CHEMBL608533,CO[C@@H]1[C@@H](C[C@H]2O[C@]1(C)n3c4ccccc4c5c6CNC(=O)c6c7c8ccccc8n2c7c35)N(C)C(=O)c9ccccc9,6.77
43,CHEMBL535,CCN(CC)CCNC(=O)c1c(C)[nH]c(\C=C\2/C(=O)Nc3ccc(F)cc23)c1C,7.54
60,CHEMBL491473,COc1cc2c(Oc3ccc4[nH]c(C)cc4c3F)ncnc2cc1OCCCN5CCCC5,6.27
63,CHEMBL450786,Cc1[nH]c(\C=C\2/C(=O)Nc3ccc(cc23)S(=O)(=O)Cc4c(Cl)cccc4Cl)c(C)c1C(=O)N5CCC[C@@H]5CN6CCCC6,6.6
65,CHEMBL601719,C[C@@H](Oc1cc(cnc1N)c2cnn(c2)C3CCNCC3)c4c(Cl)ccc(F)c4Cl,5.36
68,CHEMBL513909,CC[C@H]1N(C2CCCC2)c3nc(Nc4ccc(cc4OC)C(=O)NC5CCN(C)CC5)ncc3N(C)C1=O,5.8
69,CHEMBL1421,Cc1nc(Nc2ncc(s2)C(=O)Nc3c(C)cccc3Cl)cc(n1)N4CCN(CCO)CC4,6.37
71,CHEMBL509032,COc1cc(ccc1Nc2ncc(Cl)c(Nc3ccccc3S(=O)(=O)C(C)C)n2)N4CCC(CC4)N5CCN(C)CC5,6.48
72,CHEMBL502835,COC(=O)c1ccc2\C(=C(\Nc3ccc(cc3)N(C)C(=O)CN4CCN(C)CC4)/c5ccccc5)\C(=O)Nc2c1,7.09
73,CHEMBL553,COCCOc1cc2ncnc(Nc3cccc(c3)C#C)c2cc1OCCOC,5.89
74,CHEMBL1908395,Cl.CN(C)CC(=O)N1CCC(CC1)c2ccc(NC(=O)c3nc(c[nH]3)C#N)c(c2)C4=CCCCC4,7.09
78,CHEMBL1908396,COc1cc(Oc2ccnc3cc(OC)c(OC)cc23)ccc1NC(=O)NC(C)c4nccs4,5.59
79,CHEMBL1230020,CCCS(=O)(=O)Nc1ccc(F)c(C(=O)c2c[nH]c3ncc(Cl)cc23)c1F,5.15
80,CHEMBL1287853,Cc1cnc(Nc2ccc(OCCN3CCCC3)cc2)nc1Nc4cccc(c4)S(=O)(=O)NC(C)(C)C,5.05
81,CHEMBL1230609,COc1cc2c(Oc3ccc(NC(=O)C4(CC4)C(=O)Nc5ccc(F)cc5)cc3F)ccnc2cc1OCCCN6CCOCC6,5.59
84,CHEMBL24828,COc1cc2c(Nc3ccc(Br)cc3F)ncnc2cc1OCC4CCN(C)CC4,5.47
85,CHEMBL379218,Cc1n[nH]c2ccc(cc12)c3cncc(OC[C@@H](N)Cc4ccccc4)c3,7.0
86,CHEMBL103667,Cc1ccc(cc1)n2nc(cc2NC(=O)Nc3ccc(OCCN4CCOCC4)c5ccccc35)C(C)(C)C,6.51
87,CHEMBL428690,CN1CC[C@@H]([C@H](O)C1)c2c(O)cc(O)c3C(=O)C=C(Oc23)c4ccccc4Cl,5.89
90,CHEMBL572878,CN1CCN(CC1)c2cc(Nc3cc(C)[nH]n3)nc(Sc4ccc(NC(=O)C5CC5)cc4)n2,5.96
93,CHEMBL525191,OCCn1cc(c2ccc3\C(=N\O)\CCc3c2)c(n1)c4ccncc4,6.0
94,CHEMBL300138,Cn1cc(C2=C(C(=O)NC2=O)c3cn(C4CCN(Cc5ccccn5)CC4)c6ccccc36)c7ccccc17,5.46
100,CHEMBL91829,CN(C)C[C@@H]1CCn2cc(C3=C(C(=O)NC3=O)c4cn(CCO1)c5ccccc45)c6ccccc26,6.51
102,CHEMBL377300,C[C@@H](O)COc1cn2ncnc(Oc3ccc4[nH]c(C)cc4c3F)c2c1C,6.51
103,CHEMBL939,COc1cc2ncnc(Nc3ccc(F)c(Cl)c3)c2cc1OCCCN4CCOCC4,5.75
106,CHEMBL1289926,CNC(=O)c1ccccc1Sc2ccc3c(\C=C\c4ccccn4)n[nH]c3c2,6.25
123,CHEMBL31965,Fc1ccc(Nc2ncnc3cc(OCCCN4CCOCC4)c(NC(=O)C=C)cc23)cc1Cl,5.68
130,CHEMBL386051,CSc1cccc(Nc2ncc3C=C(C(=O)N(C)c3n2)c4c(Cl)cccc4Cl)c1,6.22
131,CHEMBL1721885,Cc1[nH]c(\C=C\2/C(=O)Nc3ccc(F)cc23)c(C)c1C(=O)NC[C@H](O)CN4CCOCC4,7.16
885,CHEMBL1964290,Cc1cccc(c1C)c2[nH]c(cc2C(=O)N)c3ccnc(N)n3,5.5
887,CHEMBL213505,Nc1ncnc2onc(c3ccc(NC(=O)Nc4cccc(c4)C(F)(F)F)cc3)c12,5.4
888,CHEMBL1987034,NS(=O)(=O)c1cccc(Nc2ncc(Br)c(Nc3ccc(OCC#N)cc3)n2)c1,6.5
889,CHEMBL1993941,CCCn1cc(cn1)c2cnc(N)c3c(csc23)c4ccc(NC(=O)Nc5cccc(F)c5)cc4,6.6
890,CHEMBL1980435,COc1cccc(c1)C(=O)Nc2n[nH]c3ccc(cc23)c4cn(Cc5ccccc5)nn4,5.7
892,CHEMBL2005886,Cc1cc(cc2[nH]c(nc12)C3=C(NCC(O)c4cccc(Cl)c4)C=CNC3=O)N5CCOCC5,6.6
894,CHEMBL1973142,CC(=O)Nc1c(sc2ccc(Cl)c(Cl)c12)C(=O)N,5.5
896,CHEMBL1982924,COc1cccc(c1)C(=O)Nc2cnc3[nH]cc(c4ccccc4)c3c2,6.0
897,CHEMBL2005936,CCCC(=O)Nc1n[nH]c2ccc(cc12)c3nnn(Cc4ccccc4)c3c5ccccc5,5.3
898,CHEMBL1966628,NC1CCC(CC1)Nc2nccc(n2)c3c[nH]c4ncccc34,6.6
900,CHEMBL1995813,NC1CCCCC1Nc2nccc(n2)c3c[nH]c4ncccc34,6.9
902,CHEMBL244378,OC(=O)c1ccccc1Nc2ccnc(Nc3ccc4cn[nH]c4c3)n2,6.9
905,CHEMBL1969372,COCCNc1nccc(n1)c2c(nc3cnccn23)c4ccc(F)cc4,5.5
907,CHEMBL1986943,OC1CCC(CC1)Nc2nc(Cl)cc(n2)c3c[nH]c4ncccc34,8.5
908,CHEMBL2006263,Cc1nc2ccc(NS(=O)(=O)c3ccc(N)cc3)cc2nc1C,5.6
909,CHEMBL2001646,Cc1ccccc1c2cccc3c2c(Nc4ccccc4)c(C(=O)O)n3CCCOc5cccc6ccccc56,5.8
910,CHEMBL1993584,OC(COc1cncc(C=Cc2ccncc2)c1)Cc3c[nH]c4ccccc34,6.0
911,CHEMBL1986263,CCN1C(=O)SC(=C1C)c2ccnc(Nc3cccc(OC)c3)n2,6.5
912,CHEMBL2000114,CSc1c[nH]c2ncnc(NCCCO)c12,5.3
914,CHEMBL1971172,CC(C)(CNc1cc(cc(Cl)n1)c2c[nH]c3ncccc23)CNS(=O)(=O)C,6.8
915,CHEMBL1975647,Fc1cccc2c(NC(=O)Nc3cnccn3)ccnc12,5.3
916,CHEMBL1968380,CCC1N(C2CCCC2)c3nc(Nc4ccc(cc4OC)C(=O)NC5CCN(C)CC5)ncc3N(C)C1=O,5.6
919,CHEMBL1977681,CNC(=O)c1cc2c(n[nH]c2s1)c3ccccc3F,5.9
920,CHEMBL1970142,CNC(=O)C(C)n1cc(cn1)c2cnc(N)c3c(csc23)c4ccc(NC(=O)Nc5ccc(C)cc5)cc4,7.6
921,CHEMBL1990912,OCCNc1cc2cc(ccc2cn1)c3cccnc3,5.7
924,CHEMBL1988163,NS(=O)(=O)c1cccc(Nc2ncc3ccn(c4ccccc4)c3n2)c1,6.3
929,CHEMBL1969735,CC(C)(CO)CNc1nccc(n1)c2c(nc3c(Cl)nccn23)c4ccc(F)cc4,5.2
930,CHEMBL2002649,COc1ccc2NC(=O)C(=Cc3c[nH]cn3)c2c1,6.0
931,CHEMBL1983589,NC1CCC(CC1)Nc2cc(Cl)nc(n2)c3c[nH]c4ncccc34,7.9
932,CHEMBL2005718,CS(=O)(=O)NCCNc1cc(cc(Cl)n1)c2c[nH]c3ncccc23,7.9
933,CHEMBL1995172,Brc1ccc2Cc3cn[nH]c3c2c1,5.1
934,CHEMBL1994321,Cc1cccc(NC(=O)Nc2ccc(cc2)c3csc4c(cnc(N)c34)C#CCNS(=O)(=O)C)c1,5.8
935,CHEMBL1997129,O=C1NCCc2[nH]c(cc12)c3ccnc(C=Cc4ccccc4)c3,7.2
936,CHEMBL1984788,NC(=O)c1cc(Cl)cc2[nH]c(nc12)c3ccc(cc3F)C4CCCNC4,6.3
937,CHEMBL2000508,Fc1ccc(cc1)c2nc3sccn3c2c4ccncc4,5.8
939,CHEMBL2001547,CCc1nccn2c(c3ccnc(NCC(C)(C)O)n3)c(nc12)c4ccc(F)cc4F,5.1
941,CHEMBL1986603,Cc1onc(NC(=O)CCNC(=O)Nc2nc(C)c(s2)c3ccc(cc3)n4cccn4)c1,6.1
944,CHEMBL1966842,COc1ccc(CN(C)C)cc1Nc2nccc(n2)c3c(nc4sccn34)c5cccc(NC(=O)Cc6ccccc6)c5,5.3
945,CHEMBL2003286,COc1cc(C=C2SC(=O)NC2=O)ccc1O,5.2
946,CHEMBL1992306,CNC(=O)c1cc(Oc2ccc(NC(=O)Nc3cccc(c3)C(F)(F)F)cc2)ccn1,5.1
947,CHEMBL2002165,CC(O)Cn1cc(cn1)c2cnc(N)c3c(csc23)c4ccc(NC(=O)Nc5cccc(F)c5)cc4,6.5
951,CHEMBL1998585,Nc1ncnc2scc(c3ccc(NC(=O)Nc4cc(ccc4F)C(F)(F)F)cc3)c12,6.4
954,CHEMBL1987261,CC(C)(CN)CNc1cc(cc(F)n1)c2c[nH]c3ncccc23,6.8
955,CHEMBL1981947,CC(C)Oc1ccc(cc1C(F)(F)F)c2noc(n2)c3ccc(NC4CCC(C4)C(=O)O)cc3,5.6
956,CHEMBL1975128,Nc1n[nH]c2ccc(cc12)c3nnn(Cc4ccccc4)c3I,6.0
957,CHEMBL1996048,Cc1ccc(cc1)c2cc3c(NCCN)ccc(C(=O)N)c3[nH]2,7.2
959,CHEMBL461876,COc1cc2CCN(C(=O)CN(C)C)c2cc1Nc3nc(Nc4cccc(F)c4C(=O)N)c5cc[nH]c5n3,5.4
960,CHEMBL2001485,CC(C(=O)N(C)C)n1cc(cn1)c2cnc(N)c3c(csc23)c4ccc(NC(=O)Nc5ccc(C)cc5)cc4,7.0
964,CHEMBL1978099,CNC(=O)COc1ccc(Nc2nc(Nc3ccc(C)c(c3)S(=O)(=O)N)ncc2F)cc1,5.2
967,CHEMBL1984367,CN(C)c1ccc(CNC(=O)c2cc3c(n[nH]c3s2)c4ccccc4)cc1,5.6
968,CHEMBL1985723,CC(C)(CN)CNc1cc(cc(Cl)n1)c2c[nH]c3ncccc23,7.2
970,CHEMBL1998159,Cc1n[nH]c2cnc(cc12)c3cncc(OCC(N)Cc4cccc(c4)C(F)(F)F)c3,8.4
971,CHEMBL1982563,COCC(C)(C)CNc1nccc(n1)c2c(nc3c(C)nccn23)c4ccc(F)cc4,5.5
974,CHEMBL1988387,Cn1cc(cn1)c2cnc(N)c3c(csc23)c4ccc(NC(=O)Nc5ccc(OC(F)F)cc5)cc4,7.0
975,CHEMBL1977128,O=C(Nc1n[nH]c2ccc(cc12)c3cn(Cc4ccccc4)nn3)c5cccc(c5)C#N,5.8
976,CHEMBL1990288,CC(Nc1nccc(n1)c2c(nc3occn23)c4ccc(F)cc4)c5ccccc5,5.9
977,CHEMBL1989708,CC(O)Cn1cc(cn1)c2cnc(N)c3c(csc23)c4ccc(NC(=O)Nc5cccc(C)c5)cc4,6.4
978,CHEMBL1974803,OC1=C(c2cc(Cl)ccc2O)c3c(Cl)cc(Cl)cc3NC1=O,5.8
980,CHEMBL1965702,CN(C)C1CCCC(C1)Nc2nc(Cl)cc(n2)c3c[nH]c4ncccc34,6.2
984,CHEMBL1958401,O=C1NC(=NC(=C1)c2ccncc2)NC3CCCCC3,5.9
985,CHEMBL1984044,CCN(CC)CCOc1ccc(cc1)c2nc3c(cccc3[nH]2)C(=O)N,5.8
986,CHEMBL2003456,O=C1Nc2cc(cnc2N1)c3ccccc3,5.3
989,CHEMBL2002992,CC(N)C1CCC(CC1)C(=O)Nc2ccnc3[nH]ccc23,5.5
990,CHEMBL560813,OC(=O)c1ccc2cc(NC(=O)Nc3cnc(cn3)C#N)ccc2c1,5.2
991,CHEMBL207253,CCCON1c2ccc(Cl)cc2C(=O)c3c(C)nn(C)c13,5.3
992,CHEMBL1990635,CC1CCCN1CCc2cc3cc(ccc3[nH]2)c4ccc(OC(F)(F)F)cc4,5.1
995,CHEMBL1971186,Fc1ccc(cc1)c2nc3occn3c2c4ccnc(NC5CCNCC5)n4,5.4
997,CHEMBL2006456,CC(C)CNC1CCC(CC1)Nc2nc(Cl)cc(n2)c3c[nH]c4ncccc34,6.9
998,CHEMBL1973211,Cc1cccc(NC(=O)Nc2ccc(cc2)c3csc4c(cnc(N)c34)C#CCN5CCCC5)c1,6.0
999,CHEMBL1984700,CC(C)Oc1nccn2c(c3ccnc(NCC(C)(C)O)n3)c(nc12)c4ccc(F)cc4F,5.5
1004,CHEMBL1976134,c1cc2cc(cnc2[nH]1)c3ccc4cn[nH]c4c3,6.4
1005,CHEMBL1965131,Cc1ccc(cc1)C(=O)Nc2c(sc3ccc(Cl)c(Cl)c23)C(=O)N,5.5
1006,CHEMBL482767,OC(=Nc1cccc(Cl)c1)Nc2ncc(CCN=C3NC=Nc4ccsc34)s2,5.6
1007,CHEMBL2006580,Oc1ccc(Nc2ncnc3scc(Cl)c23)cc1,5.1
1008,CHEMBL2001228,Fc1ccccc1C(=O)Nc2cccc(c2Cl)c3nc4sccn4c3c5ccnc(Nc6cccc(c6)N7CCOCC7)n5,5.4
1011,CHEMBL1978645,Cc1ccc(Nc2c(C(=O)O)n(CCCOc3cccc4ccccc34)c5cccc(c6ccccc6C)c25)cc1,5.2
1012,CHEMBL1970340,Nc1noc2cccc(c3cccc(O)c3)c12,5.5
1015,CHEMBL1975534,NCC(O)C(O)Cn1cc(I)c2c(N)ncnc12,5.2
1016,CHEMBL1993424,NS(=O)(=O)c1cccc(Nc2ncc3ccn(Cc4ccccc4)c3n2)c1,5.7
1019,CHEMBL1975121,COc1cccc(c1)C(C)NC(=O)c2ccc(cc2)c3ccncc3,5.1
1022,CHEMBL1971943,Cc1c[nH]c2nccc(Oc3c(F)cc(Nc4cc(Cl)nc(N)n4)cc3F)c12,6.3
1023,CHEMBL1974254,CCOc1ccc(NC(=O)Nc2ccc(cc2)c3csc4c(cnc(N)c34)c5cnn(C)c5)cc1,6.7
1024,CHEMBL1997924,C(Nc1nc(Nc2cc([nH]n2)C3CC3)c4sccc4n1)c5ccccc5,6.8
1026,CHEMBL2005828,Cc1ccc(NC(=O)Nc2ccc(cc2)c3coc4ncnc(N)c34)cc1,5.9
1030,CHEMBL363648,CCc1nc(c2cccc(C)c2)c(s1)c3ccnc(NC(=O)c4ccccc4)c3,7.0
1033,CHEMBL1980178,CC(=O)NC1CCCC(C1)Nc2nc(Cl)cc(n2)c3c[nH]c4ncccc34,7.1
1036,CHEMBL1973098,COc1cc(C=C2SC(=S)NC2=O)ccc1O,5.3
1038,CHEMBL2006778,CNC(=O)C=Cc1cnc(N)c2c(csc12)c3cc(F)c4[nH]c(C)cc4c3,7.6
1040,CHEMBL1996979,Fc1cccc(F)c1C(=O)Nc2cnc3[nH]cc(c4ccccc4)c3c2,6.4
1041,CHEMBL1997025,NC(=O)c1cccc2[nH]c(nc12)c3ccc(cc3F)C4CCCNC4,6.2
1043,CHEMBL1984274,O=C1NNC(=O)c2c(NN=C3C(=O)N(N=C3c4ccccc4)c5ccccc5)cccc12,5.5
1048,CHEMBL1990496,CN1C(=NC(=C(C1=O)c2ccc3ccccc3c2)c4ccncc4)NCC(N)Cc5ccccc5,6.2
1049,CHEMBL2002479,NCCCOc1cc2C(=O)NCc2c(c1)c3ccc(Nc4oc5cc(Cl)ccc5n4)cc3,5.4
1050,CHEMBL1967094,Clc1ccc(CNC(=O)c2cc3c(n[nH]c3s2)c4ccccc4)cc1,5.2
1054,CHEMBL1999590,Cc1cc(c2ccccc2)n(n1)c3cc(NN=Cc4occc4)ncn3,5.7
1059,CHEMBL1967116,Cc1cccc(NC(=O)Nc2ccc(cc2)c3csc4c(cnc(N)c34)c5cnn(C)c5)c1,7.6
1062,CHEMBL1965660,NC(=O)c1cc([nH]c1c2ccc(Cl)cc2Cl)c3ccnc(N)n3,5.8
1063,CHEMBL1972290,NCCNc1cc(cc(Cl)n1)c2c[nH]c3ncccc23,6.7
1064,CHEMBL1969126,CC(C)n1nnc2ccc(cc12)c3c(nc4occn34)c5ccc(F)cc5F,6.2
1067,CHEMBL1970104,CC(C)(C)c1ccc2nc([nH]c2c1)c3n[nH]c4ccccc34,5.9
1068,CHEMBL1991429,O=C(Cc1ccccc1)Nc2cccc(c2)c3nc4sccn4c3c5ccnc(Nc6cccc(c6)N7CCCC7=O)n5,6.4
1069,CHEMBL1964777,NC(=O)c1cc2c(Oc3cccc(F)c3)cncc2s1,5.5
1073,CHEMBL1994040,CC(C)(O)CNc1nccc(n1)c2c(nc3c(CC4CC4)nccn23)c5ccc(F)cc5F,5.3
1074,CHEMBL1984548,Cn1cc(Nc2ncc(Cl)c(Nc3ccccc3C(=O)N)n2)cn1,7.5
1075,CHEMBL1967302,NC(COc1cncc(c1)c2ccc3NC(=O)Cc3c2)Cc4c[nH]c5ccccc45,5.5
1078,CHEMBL2004716,CCN(CC)CCNC(=O)C=Cc1cnc(N)c2c(csc12)c3ccc(NC(=O)Nc4cccc(C)c4)cc3,7.0
1081,CHEMBL1985406,CCCC(=O)Nc1n[nH]c2ccc(cc12)c3cccc(F)c3F,5.4
1086,CHEMBL1976090,Nc1ncnc2c1sc3ncnc(N)c23,5.3
1087,CHEMBL1993243,CNC(=O)C=Cc1cnc(N)c2c(csc12)c3ccc4OCOc4c3,7.0
1088,CHEMBL1992922,OCC(CO)Nc1ncnc2[nH]cc(c3ccccc3)c12,5.8
1095,CHEMBL508928,Cc1cccc(NC(=O)Nc2ccc(cc2)c3cnc4c(cnn4c3N)c5cnn(C)c5)c1,5.9
1100,CHEMBL1997503,CC(C)Oc1ccc(cc1Cl)c2noc(n2)c3ccc(NC4CCC(C4)C(=O)O)cc3,6.3
1101,CHEMBL1972339,Cc1n[nH]c2ccc(cc12)c3nnn(Cc4ccccc4)c3c5ccc(F)cc5,6.8
1103,CHEMBL1990821,Cc1cc(C)c(C)c(OCCCc2c([nH]c3c(cccc23)c4ccccc4C)C(=O)O)c1,6.1
1104,CHEMBL1970314,NC(=O)c1cc(cc2cccnc12)c3cccc(N)c3,5.4
1108,CHEMBL1981720,O=C(Nc1cnccn1)Nc2ccnc3ccccc23,5.8
1109,CHEMBL1993548,CC(N)COc1cnc(Cl)c(C=Cc2ccncc2)c1,5.5
1115,CHEMBL394619,Cc1cccc(NC(=O)Nc2ccc(cc2)c3csc4ccnc(N)c34)c1,5.3
1116,CHEMBL1996831,OC(=O)c1c2CCC(=C3CCCC3)c2nc4ccccc14,5.2
1117,CHEMBL411903,Nc1ncnc2NCCC(=Nc12)c3ccc(NC(=O)Nc4cc(ccc4F)C(F)(F)F)cc3,6.5
1118,CHEMBL1980253,Clc1cc(nc(NC2CCOCC2)n1)c3c[nH]c4ncccc34,7.8
1119,CHEMBL1965988,Cc1cccc(NC(=O)Nc2ccc(cc2)c3csc4c(cnc(N)c34)C#CCN)c1,6.0
1122,CHEMBL225519,O=C1NCCc2[nH]c(cc12)c3ccncc3,6.3
1123,CHEMBL1978200,Cc1nccn2c(c3ccnc(NCCC(C)(C)O)n3)c(nc12)c4ccc(F)cc4F,5.6
1129,CHEMBL1964692,Cn1nc(N)c2c(cncc12)c3ccc(NC(=O)Nc4cccc(c4)C(F)(F)F)cc3,6.2
1132,CHEMBL1998470,CCCC(=O)Nc1cc(cc(Cl)n1)c2c[nH]c3ncccc23,7.0
1133,CHEMBL1996980,CNCC(=O)NC1CCC(CC1)Nc2nc(Cl)cc(n2)c3c[nH]c4ncccc34,8.3
1137,CHEMBL1994669,Cn1cc(Nc2ncc(Br)c(Nc3ccccc3C(=O)N)n2)cn1,7.8
1138,CHEMBL2004365,CCOC(=O)C1=C(N)N2C(=O)C(=Cc3cccs3)SC2=C(C1c4cccs4)C(=O)N,5.3
1141,CHEMBL1090360,O=C(Cc1ccccc1)Nc2cccc(c2)c3nc4sccn4c3c5ccnc(Nc6cccc(c6)N7CCOCC7)n5,5.8
1142,CHEMBL210887,OCCCn1c(NC(=O)c2cccc(c2)[N+](=O)[O-])nc3ccccc13,5.6
1143,CHEMBL458997,CNC(=O)c1ccccc1Nc2nc(Nc3ccc(cc3OC)N4CCOCC4)ncc2Cl,5.3
1145,CHEMBL1965836,Cc1n[nH]c2ccc(cc12)c3cncc(OCC(N)Cc4cccc(OC(F)(F)F)c4)c3,7.2
1148,CHEMBL1982660,COc1ccc2c(NC(=O)Nc3cccc(n3)C(F)(F)F)ccnc2c1,5.8
1151,CHEMBL1725279,Oc1c2ccccc2c3N=Nc4cccc1c34,6.7
1152,CHEMBL1975138,OC(C(=O)NNC(=S)Nc1ccc(F)cc1)(c2ccccc2)c3ccccc3,5.9
1157,CHEMBL2003271,NC(=O)c1sc2ccc(Cl)c(Cl)c2c1NC(=O)c3ccc(Cl)cc3,5.7
1158,CHEMBL49120,CCN(CC)CCOc1ccc(Nc2ncc3C=C(C(=O)N(C)c3n2)c4c(Cl)cccc4Cl)cc1,7.5
1160,CHEMBL1992231,OC(=O)c1ccccc1Nc2ncnc(Nc3ccc(F)cc3)n2,5.7
1161,CHEMBL1983111,CC(=O)NCC(=O)N1C2CCC1c3cc(Nc4ncc(c(NC5CCC5)n4)C(F)(F)F)ccc23,6.8
1162,CHEMBL1973860,OCCNc1cc2cc(ccc2cn1)c3ccsc3,6.0
1165,CHEMBL2004544,Oc1cccc2c(ccc(NCc3ccc4OCOc4c3)c12)S(=O)(=O)O,5.4
1168,CHEMBL1988300,Nc1ccc(cc1)c2csc3c(C=Cc4nc5ccccc5[nH]4)cnc(N)c23,6.0
1169,CHEMBL1991078,COc1ccc(cc1OC)C(=O)Nc2n[nH]c3ccc(cc23)c4cn(Cc5ccccc5)nn4,6.6
1171,CHEMBL565612,CN1CCN(CC1)c2nc(C3=C(C(=O)NC3=O)c4c[nH]c5ccccc45)c6ccccc6n2,8.1
1172,CHEMBL1994438,NC1CCCCC1Nc2nc(Cl)cc(n2)c3c[nH]c4ncccc34,6.7
1176,CHEMBL1969502,O=C(Nc1cc2C(=O)NN=Cc3c[nH]c(c1)c23)C4CC4c5ccccc5,5.6
1178,CHEMBL1971430,CN1C(=NC(=C(C1=O)c2cccc(C)c2)c3ccncc3)NCC(N)Cc4ccccc4,5.1
1179,CHEMBL1983963,Cc1cccc(NC(=O)Nc2ccc(cc2)c3coc4ncnc(N)c34)c1,5.6
1180,CHEMBL1997764,COc1ccc(cc1)C(=O)Nc2cnc3[nH]cc(c4ccccc4)c3c2,6.1
1181,CHEMBL1985092,Oc1ccc(cc1)c2n[nH]c(Nc3cccc(Cl)c3)c2c4ccc(O)cc4,5.8
1183,CHEMBL1981410,CNc1ncnc2NCCC(=Nc12)c3ccc(NC(=O)Nc4cccc(c4)C(F)(F)F)cc3,5.9
1188,CHEMBL340384,NC(=O)C1=CN(c2ccc(O)cc2Cl)c3cc(ccc3C1=O)c4ccncc4,5.6
1189,CHEMBL1969151,CN(C)C1CCC(CC1)Nc2nc(Cl)cc(n2)c3c[nH]c4ncccc34,7.5
1191,CHEMBL443962,COc1ccc(cc1)c2cnc3c(Br)cnn3c2,5.6
1192,CHEMBL2000354,COc1ccc(C=C2SC(=Nc3ccccc3)NC2=O)cc1O,5.5
1193,CHEMBL1965507,Cc1cccc(NC(=O)Nc2ccc(NC(=O)c3csc4ncnc(N)c34)cc2)c1,6.5
1194,CHEMBL274064,Nc1nccc(n1)c2c(ncn2C3CCNCC3)c4ccc(F)cc4,5.9
1196,CHEMBL592030,NCCCn1cc(c2cc(c3cc4ccccc4s3)c5[nH]ncc5c2)c6nc(N)ncc16,7.0
1197,CHEMBL2000071,OCCCNc1ncnc2[nH]cc(c3ccccc3)c12,6.5
1199,CHEMBL2000408,Cc1cn2c(c3ccnc(NCC(C)(C)CO)n3)c(nc2c(C)n1)c4ccc(F)cc4F,5.6
1203,CHEMBL1983195,CCN(CC)C(=O)Nc1ccc2nc(c3occc3)c(nc2c1)c4occc4,5.1
1205,CHEMBL1964444,Cc1ccc2nccc(NC(=O)Nc3cccc(n3)C(F)(F)F)c2c1,6.7
1206,CHEMBL1989957,OCCNc1cc2cc(ccc2cn1)c3ccccc3,5.3
1209,CHEMBL1979883,CN(C)CC#Cc1cnc(N)c2c(csc12)c3ccc(NC(=O)Nc4cccc(C)c4)cc3,6.1
1210,CHEMBL1984162,COCCOC1CCC(CC1)n2nc(c3ccc(Nc4oc5c(C)cc(C)cc5n4)cc3)c6c(N)ncnc26,5.6
1212,CHEMBL1998432,NC1CCCC(C1)Nc2nc(Cl)cc(n2)c3c[nH]c4ncccc34,7.7
1213,CHEMBL491758,Fc1cnc(Nc2ccccc2)nc1Nc3ccccc3,5.6
1216,CHEMBL1996791,Nc1ncnc2c1c(I)nn2C3CCC(O)CC3,5.1
1217,CHEMBL371206,Cc1cc(C)cc(NC(=O)Nc2ccc(cc2)c3c(C)sc4ncnc(N)c34)c1,5.2
1220,CHEMBL1974288,OCC(NC(=O)c1ccc(cc1)c2ccncc2)c3ccccc3,5.1
1221,CHEMBL196363,Cc1cccc(NC(=O)Nc2ccc(cc2)c3csc4ncnc(N)c34)c1,5.1
1222,CHEMBL1190711,COc1ccc(cc1OC)c2cc3nccn3c(Nc4ncccc4C(=O)N)n2,5.7
1225,CHEMBL404367,Cc1cccc(NC(=O)Nc2ccc(cc2)c3cncc4c3c(N)nn4C)c1,5.3
1227,CHEMBL1967887,Cc1n[nH]c2ccc(cc12)c3cncc(OCCN)c3,6.5
1228,CHEMBL2000568,CC(=O)c1cccc(c1)c2cnc3[nH]ccc3c2,5.7
1231,CHEMBL1084546,CN(c1ncccc1CNc2nc(Nc3ccc4NC(=O)Cc4c3)ncc2C(F)(F)F)S(=O)(=O)C,6.2
1233,CHEMBL1974328,Cc1cccc(Nc2nc(NC3CCCCC3N)cnc2C(=O)N)c1,7.0
1234,CHEMBL1985507,Cc1n[nH]c2OC(=C(C#N)C(c3ccccc3F)c12)N,5.3
1239,CHEMBL2000429,CC(C)Oc1nccn2c(c3ccnc(NCC(C)(C)CO)n3)c(nc12)c4ccc(F)cc4F,5.8
1240,CHEMBL1972576,Cc1ccc(NC(=O)Nc2ccc(NC(=O)c3csc4ncnc(N)c34)cc2)cc1,6.6
1242,CHEMBL1990254,NCC(NC(=O)c1ccc(cc1)c2ccncc2)c3ccccc3,5.6
1244,CHEMBL1988173,Cc1cc(Cl)ccc1NC(=S)NNC(=O)C(O)(c2ccccc2)c3ccccc3,6.1
1249,CHEMBL1965423,CC(C)Cn1c(N)nc2ccc(cc12)c3c(nc4sccn34)c5ccc(F)cc5,6.2
1250,CHEMBL1982980,CC(=C(C)c1cccc2c(CCCOc3cccc(Cl)c3Cl)c([nH]c12)C(=O)O)C,5.8
1251,CHEMBL1983025,CCC(N)(CC)C#Cc1cnc(N)c2c(csc12)c3ccc(NC(=O)Nc4cccc(C)c4)cc3,5.2
1255,CHEMBL1241473,COc1cc(Nc2ncc(c(Nc3ccccc3C(=O)N)n2)[N+](=O)[O-])cc(OC)c1OC,6.7
1260,CHEMBL2001257,CCN(CC)CC#Cc1cnc(N)c2c(csc12)c3ccc(NC(=O)Nc4cccc(C)c4)cc3,5.9
1262,CHEMBL1987793,Cc1ccccc1c2c(C(=O)O)n(CCCOc3cccc4ccccc34)c5ccccc25,6.1
1267,CHEMBL1967531,Nc1ncnc2scc(c3ccc(NC(=O)Nc4ccccc4)cc3)c12,5.9
1272,CHEMBL1997534,COc1cccc(c1)C(C)NC(=O)c2cc(C)c(s2)c3ccc4[nH]nc(C)c4c3,6.6
1273,CHEMBL1996500,Cc1nccn2c(c3ccnc(NCC(C)(C)O)n3)c(nc12)c4ccc(F)cc4F,5.3
1274,CHEMBL1985095,NC(=O)Cn1cc(c2cc(c3cc4ccccc4s3)c5[nH]ncc5c2)c6nc(N)ncc16,6.3
1275,CHEMBL1977374,CC(C)c1nnc2ccc(nn12)c3c(nc4CCCn34)c5ccc(F)cc5F,6.5
1278,CHEMBL1976420,CCc1c([nH]c2nccnc12)c3ccc(cc3)C(C)(C)O,6.3
1280,CHEMBL2002446,CN1CCN(Cc2ccc3c(Cc4c(n[nH]c34)c5csc(c5)C#CCOCC6CC6)c2)CC1,6.0
1281,CHEMBL497151,Ic1ccc(Oc2cncc3sc(cc23)C4=NC(=O)ON4)cc1,5.6
1283,CHEMBL246970,NCC1CCC(CNc2nc(NCc3ccccc3Cl)ncc2[N+](=O)[O-])CC1,6.2
1288,CHEMBL1995712,CN(C)CC(=O)NC1CCCC(C1)Nc2nc(Cl)cc(n2)c3c[nH]c4ncccc34,6.2
1291,CHEMBL2005482,Clc1ccc(cc1NC(=O)Cc2ccccc2)c3nc4sccn4c3c5ccnc(Nc6cccc(c6)N7CCOCC7)n5,6.8
1295,CHEMBL2006439,Clc1cc(nc(NC2CCCCC2)n1)c3c[nH]c4ncccc34,8.1
1296,CHEMBL2006156,CC(C)N(C(C)C)C(=O)Nc1ccc2nc(c3occc3)c(nc2c1)c4occc4,6.0
1297,CHEMBL1969190,COc1ccc(c2ccc(NC(=O)Nc3cc(F)cc(F)c3)cc2)c4c(N)noc14,5.7
1298,CHEMBL1973937,Cc1ccc(c2ccc(NC(=O)Nc3cccc(Br)c3)cc2)c4c(N)n[nH]c14,5.3
1299,CHEMBL1991674,OC1CCC(CC1)Nc2cc(Cl)nc(n2)c3c[nH]c4ncccc34,8.4
1300,CHEMBL1982711,NC(=O)c1ccc(cc1)c2c[nH]c3nccc(Cl)c23,7.0
1303,CHEMBL1994241,COc1cc(C=C(C#N)c2nc3ccccc3[nH]2)c(Br)cc1O,5.7
1305,CHEMBL1998829,Clc1ccc(cc1)C(=O)Nc2cnc3[nH]cc(c4ccccc4)c3c2,5.8
1306,CHEMBL50894,[O-][N+](=O)c1ccc2[nH]c3c(CC(=O)Nc4ccccc34)c2c1,7.1
1307,CHEMBL1988838,Cc1cnc(Nc2cccc(c2)S(=O)(=O)N)nc1Nc3ccc(OCC(=O)N)cc3,5.6
1308,CHEMBL1980562,CS(=O)(=O)NC1CCC(CC1)Nc2nc(Cl)cc(n2)c3c[nH]c4ncccc34,7.4
1313,CHEMBL1965570,Nc1ncc(c2cocc2)c3scc(c4ccc(NC(=O)Nc5ccccc5F)cc4)c13,6.6
1314,CHEMBL2007592,O=C1Nc2sc3CCCCc3c2c4nc(nn14)c5ccccc5,5.2
1315,CHEMBL1976936,OC1CCCC(C1)Nc2cc(Cl)nc(n2)c3c[nH]c4ncccc34,8.2
1317,CHEMBL1082440,CC1CNCCCN1S(=O)(=O)c2cccc3cncc(C)c23,5.2
1318,CHEMBL1614705,OCC(=O)N1CCC(CC1)c2[nH]nc(c3ccc(Cl)cc3F)c2c4ccncn4,5.4
1321,CHEMBL1972988,Clc1cc(ncn1)c2c[nH]c3ncccc23,6.1
1323,CHEMBL2006715,Fc1cccc(F)c1C(=O)Nc2cccc(c2)c3nc4sccn4c3c5ccnc(Nc6cccc(c6)N7CCCC7=O)n5,5.6
1324,CHEMBL1986597,NC(=O)c1cccc2[nH]c(nc12)c3ccc(NC(=O)c4cccc(c4)S(=O)(=O)N5CCOCC5)cc3,5.4
1326,CHEMBL1990904,Fc1ccc(cc1)c2nc3cnccn3c2c4ccnc(NCC5CC5)n4,6.0
1327,CHEMBL1987448,Nc1cc(cc(Cl)n1)c2c[nH]c3ncccc23,6.3
1330,CHEMBL402846,Cc1ccc(F)c(NC(=O)Nc2ccc(cc2)c3cncc4c3c(N)nn4C)c1,5.1
1333,CHEMBL220057,Cc1cccc(NC(=O)Nc2ccc(cc2)c3cccc4[nH]nc(N)c34)c1,5.1
1334,CHEMBL1682545,N(c1ccccc1)c2nc(cs2)c3ccc4[nH]ncc4c3,5.5
1338,CHEMBL1976732,CC(C)(O)Cc1nnc2ccc(nn12)c3c(nc4occn34)c5ccc(F)cc5F,6.9
1339,CHEMBL2005216,CS(=O)(=O)NC1CCC(CC1)Nc2cc(Cl)nc(n2)c3c[nH]c4ncccc34,7.9
1341,CHEMBL1964937,OCC(NC(=O)N1CCC(=CC1)c2c[nH]c3ncccc23)c4ccccc4,6.4
1346,CHEMBL1995635,CC(C)Oc1ccc(cc1Cl)c2noc(n2)c3ccc(CN4CC(C4)C(=O)O)cc3,5.2
1347,CHEMBL1974870,Cc1n[nH]c2ccc(cc12)c3cncc(OCC(N)Cc4cccc(Cl)c4)c3,7.6
1348,CHEMBL2002702,Cc1cc(C)c(C=C2C(=O)Nc3ccccc23)[nH]1,5.9
1349,CHEMBL1970903,Cc1n[nH]c2ccc(cc12)c3cncc(OCC(N)Cc4c[nH]c5ccccc45)c3,7.7
1350,CHEMBL1973720,NC1CCC(CC1)Nc2nc(Cl)cc(n2)c3c[nH]c4ncccc34,7.7
1352,CHEMBL1988995,CC(C)c1nnc2ccc(nn12)c3c(nc4occn34)c5ccc(F)cc5F,5.7
1353,CHEMBL1986781,CC(=O)N1CCC(CC1)Nc2nccc(n2)c3c(nc4occn34)c5ccc(F)cc5,5.4
1355,CHEMBL387971,COCCOCC#Cc1cc(cs1)c2n[nH]c3c4ccc(CN5CCN(C)CC5)cc4C(=O)c23,5.7
1356,CHEMBL1979057,O=C1NCc2c1cccc2c3ccc(Nc4nc5ccccc5[nH]4)cc3,5.4
1362,CHEMBL1982465,Cc1cccc(NC(=O)Nc2ccc(cc2)c3csc4c(cnc(N)c34)C#CCN5CCOCC5)c1,6.0
1363,CHEMBL2001751,NC(COc1cncc(c1)c2ccc3NC(=O)C(=Cc4occc4)c3c2)Cc5c[nH]c6ccccc56,7.4
1365,CHEMBL1984586,Cc1ccccc1NC(=O)Nc2ccc(cc2)c3coc4ncnc(N)c34,6.0
1368,CHEMBL2005528,CCOC(=O)c1ccc2[nH]c3C(=O)NCCc3c2c1,5.7
1372,CHEMBL2006113,CC(C)Oc1ccc(cc1Cl)c2noc(n2)c3ccc(OCC(O)CO)cc3,5.2
1373,CHEMBL2007002,COc1cc(ccc1O)c2ccc3[nH]nc(C(=O)Nc4ccccc4)c3c2,6.4
1376,CHEMBL1967878,CN1CCN(CC1)c2ccc(Nc3ncc(F)c(NC4C5CC(C=C5)C4C(=O)N)n3)cc2C,7.4
1377,CHEMBL1984711,COc1cc(Nc2nccc(Nc3onc(c3)C4CCCCC4)n2)cc(OC)c1OC,5.1
1381,CHEMBL2004290,COc1ccc(NC(=O)Nc2ccc(cc2)c3csc4c(cnc(N)c34)c5cnn(CC(C)(C)O)c5)cc1,6.8
1382,CHEMBL1986499,Nc1n[nH]c2ccc(cc12)c3nnn(Cc4ccccc4)c3c5ccc(F)cc5,6.6
1384,CHEMBL2000393,Fc1ccc2ncn(c3ncc4NC(=O)N(C5CCOc6c(F)cccc56)c4n3)c2c1,5.3
1385,CHEMBL1089101,NC(=O)c1cccc2[nH]c(nc12)c3ccc(cc3F)C4CCCCN4,5.9
1386,CHEMBL2004311,Cc1cc(C)cc(NC(=O)Nc2ccc(c(C)c2)c3cccc4C(=O)NCc34)c1,5.1
1387,CHEMBL1992634,Brc1cnc2[nH]cc(c3ccccc3)c2c1,7.4
1389,CHEMBL1974157,Oc1ccc(C=C(C#N)C(=O)NCc2ccccc2)cc1O,5.5
1390,CHEMBL1988075,Cc1ccc(cn1)c2cnc(N)c3c(csc23)c4ccc(NC(=O)Nc5cccc(F)c5)cc4,6.5
1393,CHEMBL1991678,Cc1nccn2c(c3ccnc(NCC(C)(C)CO)n3)c(nc12)c4ccc(F)cc4F,5.9
1394,CHEMBL2001239,Nc1ncnc(Nc2cc(CNC(=O)C(F)(F)F)c(O)c(c2)c3ccc(Cl)cc3)n1,5.1
1395,CHEMBL1988594,Nc1ncnc2scc(C(=O)Nc3ccc(NC(=O)Nc4ccccc4)cc3)c12,6.5
1397,CHEMBL1992363,CN(C)c1ccc(cc1)C(=O)Nc2n[nH]c3ccc(cc23)c4cn(Cc5ccccc5)nn4,7.1
1398,CHEMBL253969,NC(=O)c1c(NC(=O)NCCCCN2CCCC2)snc1OCc3c(F)cc(Br)cc3F,6.6
1399,CHEMBL1999811,Oc1ccc(C=NNC(=O)Nc2cccc3nsnc23)c(O)c1,5.8
1401,CHEMBL1982874,Nc1nc2ccc(cc2n1CC3CC3)c4c(nc5sccn45)c6ccc(F)cc6,6.7
1405,CHEMBL1982271,CN(C)CC(=O)NC1CCC(CC1)Nc2nc(Cl)cc(n2)c3c[nH]c4ncccc34,8.0
1406,CHEMBL2007296,CCCOc1cccc(c1)C(C)NC(=O)c2ccc(cc2)c3ccncc3,6.6
1407,CHEMBL396523,OC(=O)c1ccccc1Nc2ccnc(Nc3ccc4[nH]ncc4c3)n2,7.0
1409,CHEMBL1970203,Cc1cc(C)cc(NC(=O)Nc2ccc(NC(=O)c3csc4ncnc(N)c34)cc2)c1,6.6
1412,CHEMBL1968590,CNC(=O)C=Cc1cnc(N)c2c(csc12)c3ccc4sc(C)nc4c3,6.2
1414,CHEMBL1984191,Clc1ccc(cc1Cl)c2n[nH]cc2c3ccncn3,5.8
1416,CHEMBL1971029,CNS(=O)(=O)c1ccccc1Nc2nc(Nc3cc(ccc3OC)N4CCN(CC4)C(=O)C)ncc2Br,6.7
1417,CHEMBL394790,Nc1nccc2scc(c3ccc(NC(=O)Nc4cccc(Cl)c4)cc3)c12,5.4
1418,CHEMBL226471,Fc1ccccc1c2cc(ccn2)c3cc4C(=O)NCCc4[nH]3,6.6
1423,CHEMBL379975,Oc1ccc2[nH]c3cc(c4ccccc4Cl)c5C(=O)NC(=O)c5c3c2c1,8.9
1425,CHEMBL1988153,Cc1oc(nn1)c2cc3c(Oc4ccc(cc4)C(F)(F)F)cncc3s2,5.6
1428,CHEMBL1969664,Oc1[nH]c2ccc(cc2c1c3ccc(CN4CCOCC4)cn3)C#N,5.2
1429,CHEMBL1988437,CNC(=O)c1ccccc1Sc2ccc3c(C=Cc4ccccn4)n[nH]c3c2,6.4
1431,CHEMBL1979577,Cc1cccc(NC(=O)Nc2ccc(cc2)c3csc4c(cnc(N)c34)C#CC(C)(C)N)c1,5.9
1432,CHEMBL1991800,CC(C)(CO)CNc1nccc(n1)c2c(nc3c(CC4CC4)nccn23)c5ccc(F)cc5,5.5
1436,CHEMBL1996817,CCCCOc1ncnc2[nH]cc(c3ccccc3)c12,6.4
1441,CHEMBL1990885,CCN(CC)CCNC(=O)c1c(C)[nH]c(C=C2C(=O)Nc3ccc(F)cc23)c1C,7.1
1442,CHEMBL256835,COc1nccc(n1)c2c(ncn2C3CCC(O)CC3)c4ccc(F)cc4,6.4
1444,CHEMBL2006276,COc1cccc2NC(=O)c3ccc(Nc4ccncc4)cc3Nc12,5.3
1445,CHEMBL271381,COc1ccc(c2ccc(NC(=O)Nc3cccc(Br)c3)cc2)c4c(N)noc14,5.8
1447,CHEMBL1982466,Cc1ccc(NC(=O)Nc2ccc(cc2)c3csc4c(cnc(N)c34)c5cnn(C)c5)cc1,6.1
1450,CHEMBL1992220,CCNC(=O)NC1CCC(CC1)Nc2nc(Cl)cc(n2)c3c[nH]c4ncccc34,8.2
1453,CHEMBL1995832,COc1nccn2c(c3ccnc(NCC(C)(C)CO)n3)c(nc12)c4ccc(F)cc4F,5.9
1455,CHEMBL1969042,Oc1ccc(Nc2[nH]nc(c3ccc(O)cc3)c2c4ccc(O)cc4)cc1,5.8
1456,CHEMBL2000345,COc1cc(C=C(C#N)c2nc3cc(C)ccc3[nH]2)c(Br)cc1O,6.5
1457,CHEMBL1076555,Oc1ccc(Nc2nc(cs2)c3ccc(Cl)cc3)cc1,5.6
1459,CHEMBL2007064,Cc1[nH]c(C=C2C(=O)Nc3ccccc23)c(C)c1CCC(=O)O,5.4
1460,CHEMBL1991063,Cc1n[nH]c2ccc(cc12)c3cncc(OCC(N)Cc4ccc(Cl)c(Cl)c4)c3,7.7
1461,CHEMBL1976240,COc1cccc(c1)C(CN)NC(=O)c2ccc(cc2)c3ccncc3,5.1
1462,CHEMBL1987948,CS(=O)(=O)NC1CCCC(C1)Nc2nc(Cl)cc(n2)c3c[nH]c4ncccc34,6.9
1463,CHEMBL1979093,COc1ccc(c2ccc(NC(=O)Nc3ccc(F)c(C)c3)cc2)c4c(N)noc14,5.7
1464,CHEMBL1987009,COc1cccc(CNC(=O)c2cc3c(n[nH]c3s2)c4ccccc4)c1,5.9
1465,CHEMBL2002726,Cc1n[nH]c2ccc(cc12)c3cncc(OCC(N)Cc4ccccc4)c3,7.3
1468,CHEMBL226403,O=C1NCCc2[nH]c(cc12)c3ccnc(c3)c4cnc5ccccc5c4,5.5
1469,CHEMBL2005631,CNC(=O)c1cnc(N)c2c(csc12)c3ccc(NC(=O)Nc4cc(C)ccc4F)cc3,6.5
1470,CHEMBL1994938,Nc1ncc(C=CC(=O)NCCCn2ccnc2)c3scc(c4ccc(Br)cc4)c13,6.8
1474,CHEMBL1966279,NCCCNS(=O)(=O)c1cccc(c1)C(=O)Nc2ccc(cc2)C3=NNC(=O)c4ccccc34,5.2
1475,CHEMBL1997846,Clc1cc(NC2CCCCC2)nc(n1)c3c[nH]c4ncccc34,8.2
1476,CHEMBL2004419,CC(C)Cn1c(N)nc2c(F)cc(cc12)c3c(nc4sccn34)c5ccc(F)cc5,5.2
1479,CHEMBL1994074,Brc1ccc2[nH]nc(c3ccccc3)c2c1,5.8
1480,CHEMBL1992937,Cc1ccc(Nc2nc3ccc(cc3[nH]2)[N+](=O)[O-])nc1,5.9
1481,CHEMBL1968930,CC(C)(CN)CNc1nc(Cl)cc(n1)c2c[nH]c3ncccc23,6.9
1484,CHEMBL95692,COc1nccc(n1)c2c(ncn2C3CCNCC3)c4ccc(F)cc4,5.4
1487,CHEMBL1983923,CN1CCN(CC1)c2cc(Nc3cc(C)[nH]n3)nc(C=Cc4ccccc4)n2,5.4
1490,CHEMBL1999112,CCOC(=O)C1=C2SC(=Cc3occc3)C(=O)N2C(=C(C#N)C1c4occc4)N,5.7
1493,CHEMBL1991395,CC(C)(CO)CNc1nccc(n1)c2c(nc3cnccn23)c4ccc(F)cc4,5.4
1494,CHEMBL1972142,O=C(NCc1ccccc1)c2cccc(c2)c3cnc4[nH]ccc4c3,6.1
1495,CHEMBL1966514,Nc1ncc(c2cocc2)c3scc(c4ccc(NC(=O)Nc5cccc(F)c5)cc4)c13,6.0
1496,CHEMBL2003638,Fc1cccc(c1)C(=O)Nc2n[nH]c3ccc(cc23)c4cn(Cc5ccccc5)nn4,6.3
1498,CHEMBL1993722,Nc1n[nH]c2cccc(c3ccc(NC(=O)Nc4cc(ccc4F)C(=O)O)cc3)c12,5.1
1500,CHEMBL1375640,Cc1nc(COc2ccccc2Cl)sc1c3ccnc(N)n3,5.3
1502,CHEMBL249282,N#Cc1ccc(cn1)c2n[nH]c3c2Cc4ccc(OCCN5CCOCC5)cc34,5.8
1505,CHEMBL1967720,CC(C)(C(=O)N)n1cc(cn1)c2cnc(N)c3c(csc23)c4ccc(NC(=O)Nc5cccc(F)c5)cc4,6.3
1506,CHEMBL2005509,CNC(=O)NC1CCC(CC1)Nc2nc(Cl)cc(n2)c3c[nH]c4ncccc34,8.2
1514,CHEMBL1989029,CC(C)OC1=NNC(=O)C1=Cc2c[nH]c3ccccc23,5.5
1515,CHEMBL392642,CSc1ccccc1CNc2ncc(c(NCC3CCC(CN)CC3)n2)[N+](=O)[O-],5.9
1518,CHEMBL1980144,Cc1ccccc1NC(=O)Nc2ccc(NC(=O)c3csc4ncnc(N)c34)cc2,6.7
1520,CHEMBL1972849,CC(C)(CO)c1nnc2ccc(nn12)c3c(nc4occn34)c5ccc(F)cc5F,7.0
1521,CHEMBL377408,CCOc1nc(cc(N)c1C#N)C(=O)NCc2ccccc2S(=O)(=O)N,5.3
1522,CHEMBL1986855,COc1ccc(CNc2cc(cc(F)n2)c3c[nH]c4ncccc34)cc1,8.1
1523,CHEMBL231209,Nc1nccc2scc(c3ccc(NC(=O)Nc4cccc(F)c4)cc3)c12,5.5
1525,CHEMBL1976220,Nc1nccc2scc(c3ccc(NC(=O)Nc4cccc(Br)c4)cc3)c12,5.2
1527,CHEMBL1997617,CN1CCN(CC1)C2CCC(CC2)n3cc(c4ccc(Oc5ccccc5)cc4)c6c(N)ncnc36,5.6
1528,CHEMBL1982383,CC(C)(CO)CNc1nccc(n1)c2c(nc3c(CCN)nccn23)c4ccc(F)cc4,5.3
1529,CHEMBL1969301,CCCCn1c(NC(=O)c2cccc(c2)C#N)nc3cc(ccc13)N(C)C(=O)C4CCCCC4,5.4
1530,CHEMBL17370,CSc1ccc(cc1)c2nc(c3ccc(F)cc3)c([nH]2)c4ccncc4,5.5
1532,CHEMBL1980297,Nc1ncc(c2cnn(CCO)c2)c3scc(c4ccc(NC(=O)Nc5cccc(F)c5)cc4)c13,7.3
1534,CHEMBL1997822,Cc1cc2cc(ccc2[nH]1)c3csc4c(cnc(N)c34)c5cccc(c5)S(=O)(=O)C,7.1
1536,CHEMBL243088,OC(=O)c1ccccc1Nc2ccnc(Nc3cccc(O)c3)n2,6.1
1538,CHEMBL1993661,CNS(=O)(=O)c1ccccc1Nc2nc(Nc3cc(OC)c(OC)c(OC)c3)ncc2Cl,7.2
1539,CHEMBL1974416,Fc1cccc(C(=O)Nc2cnc3[nH]cc(c4ccccc4)c3c2)c1F,5.8
1542,CHEMBL1997872,O=C(N1CCOCC1)c2cccc(c2)c3cnc4[nH]ccc4c3,6.1
