,molecule_chembl_id,canonical_smiles,pchembl_value
0,CHEMBL3640011,CC(C)Oc1ncccc1Nc2ncnc3sc(C(=O)NCCCN(C)C)c(C)c23,7.54
1,CHEMBL3702315,CC(Oc1cc(F)ccc1Nc2ncnc3sc(C(=O)NCCO)c(C)c23)C(=O)NCCN,7.54
2,CHEMBL3659484,CCOc1cc(ccc1Nc2ncnc3sc(C(=O)N)c(C)c23)C(=O)N,7.55
3,CHEMBL3659486,CN(C)CCCNC(=O)c1sc2ncnc(Nc3ccc(F)cc3OC4CCOCC4)c2c1C,7.57
4,CHEMBL3702284,CNC(=O)CNC(=O)c1sc2ncnc(Nc3cccnc3OC(C)C)c2c1C,7.57
5,CHEMBL3702347,Cc1c(sc2ncnc(Nc3ccc(F)cc3OCCO)c12)C(=O)N,7.57
6,CHEMBL3702295,CC(C)Oc1ncccc1Nc2ncnc3sc(C(=O)NCC#N)c(C)c23,7.59
7,CHEMBL3702280,CCNC(=O)c1sc2ncnc(Nc3cccnc3OC(C)C)c2c1C,7.59
8,CHEMBL3702353,CN(C)CCCNC(=O)c1sc2ncnc(Nc3ccc(F)cc3OCCC(F)(F)F)c2c1C,7.59
9,CHEMBL3702258,COCC(C)Oc1ncccc1Nc2ncnc3sc(C(=O)N)c(C)c23,7.59
10,CHEMBL3702339,COCC(CF)Oc1cc(F)ccc1Nc2ncnc3sc(C(=O)NCCO)c(C)c23,7.59
11,CHEMBL3702282,CC(C)Oc1ncccc1Nc2ncnc3sc(C(=O)NCC4CNCCO4)c(C)c23,7.6
12,CHEMBL3698944,CC(CC(C)(C)O)Oc1cc(F)ccc1Nc2ncnc3sc(C(=O)O)c(C)c23,7.6
13,CHEMBL3702355,CC(CC(F)(F)F)Oc1cc(F)ccc1Nc2ncnc3sc(C(=O)NC4CCN(C)CC4)c(C)c23,7.6
14,CHEMBL3702308,CN(C)CC#CCNC(=O)c1sc2ncnc(Nc3ccc(cc3OC(CF)CF)C#N)c2c1C,7.6
15,CHEMBL3702351,COCC(C)Oc1cc(F)ccc1Nc2ncnc3sc(C(=O)NCCO)c(C)c23,7.6
16,CHEMBL3702340,COCC(CF)Oc1cc(F)ccc1Nc2ncnc3sc(C(=O)NCCCN(C)C)c(C)c23,7.6
17,CHEMBL3702292,CC(C)Oc1ncccc1Nc2ncnc3sc(C(=O)NCc4cn(C)cn4)c(C)c23,7.62
18,CHEMBL3702300,CC(CCNS(=O)(=O)C)Oc1ncccc1Nc2ncnc3sc(C(=O)O)c(C)c23,7.62
19,CHEMBL3698951,CC(Oc1ncccc1Nc2ncnc3sc(C(=O)NCC#CCN(C)C)c(C)c23)C(F)(F)F,7.62
20,CHEMBL3702335,CN(C)CCCNC(=O)c1sc2ncnc(Nc3ccc(F)cc3OCC(F)F)c2c1C,7.64
21,CHEMBL3698915,CNC(=O)c1sc2ncnc(Nc3ccc(F)cc3OC(C)CN)c2c1C,7.64
22,CHEMBL3702321,COCC(CF)Oc1cc(F)ccc1Nc2ncnc3sc(C(=O)O)c(C)c23,7.64
23,CHEMBL3702293,CC(C)Oc1ncccc1Nc2ncnc3sc(C(=O)NCC#CCN(C)C)c(C)c23,7.66
24,CHEMBL3805074,CCN1CCN(Cc2ccc(NC(=O)Cc3ccc(Oc4cc(NC)ncn4)cc3)cc2C(F)(F)F)CC1,7.66
25,CHEMBL388978,CN[C@@H]1C[C@H]2O[C@@](C)([C@@H]1OC)n3c4ccccc4c5c6CNC(=O)c6c7c8ccccc8n2c7c35,7.66
26,CHEMBL3702301,CC(CCNS(=O)(=O)C)Oc1ncccc1Nc2ncnc3sc(C(=O)N)c(C)c23,7.7
27,CHEMBL3698952,CC(Oc1ncccc1Nc2ncnc3sc(C(=O)NCCO)c(C)c23)C(F)(F)F,7.7
28,CHEMBL574738,CCN1CCN(Cc2ccc(NC(=O)Nc3ccc(Oc4cc(NC)ncn4)cc3)cc2C(F)(F)F)CC1,7.7
29,CHEMBL3702271,CCNC(=O)C(C)Oc1cc(F)ccc1Nc2ncnc3sc(C(=O)NCCCN(C)C)c(C)c23,7.7
30,CHEMBL3798066,CN(C)C(=O)c1cccc(c1)c2cnc(N)c(n2)c3nc4cccc(N5CCNCC5)c4[nH]3,7.7
31,CHEMBL3702263,Cc1c(sc2ncnc(Nc3cccnc3OCC(F)F)c12)C(=O)O,7.7
32,CHEMBL3702285,CC(C)Oc1ncccc1Nc2ncnc3sc(C(=O)NCc4ocnc4)c(C)c23,7.72
33,CHEMBL3702268,CCNC(=O)C(C)Oc1cc(F)ccc1Nc2ncnc3sc(C(=O)O)c(C)c23,7.72
34,CHEMBL3702318,Cc1c(sc2ncnc(Nc3ccc(F)cc3OCC4(CC#N)CC4)c12)C(=O)O,7.72
35,CHEMBL3702336,Cc1c(sc2ncnc(Nc3ccc(F)cc3OCC4CC4(F)F)c12)C(=O)NCCO,7.72
36,CHEMBL3698918,CC(CNS(=O)(=O)C)Oc1cc(F)ccc1Nc2ncnc3sc(C(=O)NCCCN(C)C)c(C)c23,7.75
37,CHEMBL3632745,CCNC(=O)c1sc2ncnc(Nc3ccc(F)cc3OC(C)C)c2c1C,7.75
38,CHEMBL3632744,CNC(=O)c1sc2ncnc(Nc3ccc(F)cc3OC(C)C)c2c1C,7.75
39,CHEMBL3702324,COCC(C)Oc1cc(F)ccc1Nc2ncnc3sc(C(=O)O)c(C)c23,7.75
40,CHEMBL3702264,Cc1c(sc2ncnc(Nc3cccnc3OCC(F)F)c12)C(=O)N,7.75
41,CHEMBL3702317,CC(Oc1cc(F)ccc1Nc2ncnc3sc(C(=O)NCCCN(C)C)c(C)c23)C#N,7.77
42,CHEMBL3698960,CN(C)CCNC(=O)c1sc2ncnc(Nc3ccc(F)cc3OC(CF)CF)c2c1C,7.77
43,CHEMBL3805771,CCN1CCN(Cc2ccc(NC(=O)CNc3ccc(cc3)c4ccc(NC(=O)C5CC5)nc4)cc2C(F)(F)F)CC1,7.8
44,CHEMBL3702333,Cc1c(sc2ncnc(Nc3ccc(F)cc3OCC(F)F)c12)C(=O)N,7.8
45,CHEMBL3702274,Cc1c(sc2ncnc(Nc3cccnc3OCC4(CC#N)CC4)c12)C(=O)N,7.8
46,CHEMBL3698946,CC(Oc1ncccc1Nc2ncnc3sc(C(=O)O)c(C)c23)C(F)(F)F,7.82
47,CHEMBL3702276,Cc1c(sc2ncnc(Nc3cccnc3OCC4CC4(F)F)c12)C(=O)N,7.82
48,CHEMBL3702296,CC(C)Oc1ncccc1Nc2ncnc3sc(C(=O)NCC#CCN)c(C)c23,7.85
49,CHEMBL3698925,CC(CN)Oc1cc(F)ccc1Nc2ncnc3sc(C(=O)O)c(C)c23,7.85
50,CHEMBL3805956,CCN1CCN(Cc2ccc(NC(=O)COc3ccc(cc3)c4cccnc4)cc2C(F)(F)F)CC1,7.85
51,CHEMBL3702325,Cc1c(sc2ncnc(Nc3ccc(F)cc3OCCC(F)(F)F)c12)C(=O)O,7.85
52,CHEMBL3702270,CCNC(=O)C(C)Oc1cc(F)ccc1Nc2ncnc3sc(C(=O)NC)c(C)c23,7.89
53,CHEMBL3702306,CN1CCC(CC1)NC(=O)c2sc3ncnc(Nc4ccc(cc4OC(CF)CF)C#N)c3c2C,7.89
54,CHEMBL3698958,Cc1c(sc2ncnc(Nc3ccc(F)cc3OC(CF)CF)c12)C(=O)N[C@@H]4C[C@H]4NC(=O)OC(C)(C)C,7.89
55,CHEMBL3702319,Cc1c(sc2ncnc(Nc3ccc(F)cc3OCC(F)F)c12)C(=O)O,7.89
56,CHEMBL3702323,Cc1c(sc2ncnc(Nc3ccc(F)cc3OCCO)c12)C(=O)O,7.89
57,CHEMBL259084,OC(=O)c1ccc(Nc2ncc3CN=C(c4cc(Cl)ccc4c3n2)c5c(F)cccc5F)cc1,7.89
58,CHEMBL3702356,CC(CC(F)(F)F)Oc1cc(F)ccc1Nc2ncnc3sc(C(=O)NCCCN4CCCC4)c(C)c23,7.92
59,CHEMBL3702327,CC(CF)Oc1cc(F)ccc1Nc2ncnc3sc(C(=O)NCCC4CCN(C)C4)c(C)c23,7.92
60,CHEMBL3702326,CC(F)COc1cc(F)ccc1Nc2ncnc3sc(C(=O)O)c(C)c23,7.92
61,CHEMBL3698950,CNC(=O)c1sc2ncnc(Nc3cccnc3OC(C)C(F)(F)F)c2c1C,7.92
62,CHEMBL3702277,COC(=O)c1sc2ncnc(Nc3cccnc3OC(C)C)c2c1C,7.92
63,CHEMBL3702253,Cc1c(sc2ncnc(Nc3ccc(F)cc3OC(CF)CF)c12)C(=O)N[C@@H]4C[C@H]4N,7.92
64,CHEMBL3702304,Cc1c(sc2ncnc(Nc3ccc(cc3OC(CF)CF)C#N)c12)C(=O)NCCCN4CCCC4,7.92
65,CHEMBL3805029,FC(F)(F)c1cc(NC(=O)COc2ccc(cc2)c3cccnc3)ccc1CN4CCNCC4,7.92
66,CHEMBL3416305,CC(=O)C1=C(O)C=C2Oc3c(C(=O)N)c(O)cc(O)c3[C@@]2(C)C1=O,7.96
67,CHEMBL3702329,CC(CF)Oc1cc(F)ccc1Nc2ncnc3sc(C(=O)NC4CCN(C)CC4)c(C)c23,7.96
68,CHEMBL3702310,CC(Oc1cc(F)ccc1Nc2ncnc3sc(C(=O)N)c(C)c23)C#N,7.96
69,CHEMBL3698947,CC(Oc1ncccc1Nc2ncnc3sc(C(=O)N)c(C)c23)C(F)(F)F,7.96
70,CHEMBL3806261,CCN1CCN(Cc2ccc(NC(=O)CNc3ccc(cc3)c4cccnc4)cc2C(F)(F)F)CC1,7.96
71,CHEMBL3702269,CCNC(=O)C(C)Oc1cc(F)ccc1Nc2ncnc3sc(C(=O)N)c(C)c23,7.96
72,CHEMBL3805114,CCN1CCN(Cc2ccc(NC(=O)Cc3ccc(Oc4ccncc4)cc3)cc2C(F)(F)F)CC1,8.0
73,CHEMBL3698959,CN(C)CCCNC(=O)c1sc2ncnc(Nc3ccc(F)cc3OC(CF)CF)c2c1C,8.0
74,CHEMBL3806189,CN1CCN(Cc2ccc(NC(=O)CNc3ccc(cc3F)c4ccc(NC(=O)C5CC5)nc4)cc2C(F)(F)F)CC1,8.0
75,CHEMBL3702307,Cc1c(sc2ncnc(Nc3ccc(cc3OC(CF)CF)C#N)c12)C(=O)NCCO,8.0
76,CHEMBL3698937,CC(CCN)Oc1ncccc1Nc2ncnc3sc(C(=O)O)c(C)c23,8.1
77,CHEMBL3804952,CCN1CCN(Cc2ccc(NC(=O)Cc3ccc(Oc4ccnc(NC)c4)cc3)cc2C(F)(F)F)CC1,8.1
78,CHEMBL3702305,CN(C)CCCNC(=O)c1sc2ncnc(Nc3ccc(cc3OC(CF)CF)C#N)c2c1C,8.1
79,CHEMBL3698957,CNC(=O)c1sc2ncnc(Nc3ccc(F)cc3OC(CF)CF)c2c1C,8.1
80,CHEMBL3702352,COCC(C)Oc1cc(F)ccc1Nc2ncnc3sc(C(=O)N)c(C)c23,8.1
81,CHEMBL3702249,Cc1c(sc2ncnc(Nc3ccc(F)cc3OC(CF)CF)c12)C(=O)NCCO,8.1
82,CHEMBL3702337,Cc1c(sc2ncnc(Nc3ccc(F)cc3OCC4CC4(F)F)c12)C(=O)N,8.1
83,CHEMBL3702320,Cc1c(sc2ncnc(Nc3ccc(F)cc3OCC4CC4(F)F)c12)C(=O)O,8.1
84,CHEMBL3805330,FC(F)(F)c1cc(NC(=O)CNc2ccc(cc2)c3ccc(NC(=O)C4CC4)nc3)ccc1CN5CCNCC5,8.1
85,CHEMBL3702341,CC(CF)Oc1cc(F)ccc1Nc2ncnc3sc(C(=O)NCCCN(C)C)c(C)c23,8.16
86,CHEMBL3702342,CC(CF)Oc1cc(F)ccc1Nc2ncnc3sc(C(=O)NCCO)c(C)c23,8.16
87,CHEMBL3702250,CN(C)CC#CCNC(=O)c1sc2ncnc(Nc3ccc(F)cc3OC(CF)CF)c2c1C,8.16
88,CHEMBL3702251,Cc1c(sc2ncnc(Nc3ccc(F)cc3OC(CF)CF)c12)C(=O)NCCCN4CCCC4,8.16
89,CHEMBL3702252,Cc1c(sc2ncnc(Nc3ccc(F)cc3OC(CF)CF)c12)C(=O)NS(=O)(=O)C,8.16
90,CHEMBL3702309,Cc1c(sc2ncnc(Nc3ccc(cc3OC(CF)CF)C#N)c12)C(=O)NCC#N,8.16
91,CHEMBL3659491,CC(C)Oc1cc(F)ccc1Nc2ncnc3sc(C(=O)NCCCN(C)C)c(C)c23,8.22
92,CHEMBL3702328,CC(CF)Oc1cc(F)ccc1Nc2ncnc3sc(C(=O)NCCCN4CCCC4)c(C)c23,8.22
93,CHEMBL3698955,Cc1c(sc2ncnc(Nc3ccc(F)cc3OC(CF)CF)c12)C(=O)O,8.22
94,CHEMBL3702322,CC(CF)Oc1cc(F)ccc1Nc2ncnc3sc(C(=O)O)c(C)c23,8.3
95,CHEMBL3632739,COC(=O)c1sc2ncnc(Nc3ccc(F)cc3OC(C)C)c2c1C,8.4
96,CHEMBL3698956,Cc1c(sc2ncnc(Nc3ccc(F)cc3OC(CF)CF)c12)C(=O)N,8.4
97,CHEMBL1230609,COc1cc2c(Oc3ccc(NC(=O)C4(CC4)C(=O)Nc5ccc(F)cc5)cc3F)ccnc2cc1OCCCN6CCOCC6,8.43
98,CHEMBL3702343,CC(CF)Oc1cc(F)ccc1Nc2ncnc3sc(C(=O)N)c(C)c23,8.52
99,CHEMBL3800585,C[C@H]1CN(CCN1)c2cccc3nc(c4nc(cnc4N)c5cc(ccn5)C(=O)N(C)C)n(C)c23,8.52
100,CHEMBL3797828,CN(C)C(=O)c1cccc(c1)c2cnc(N)c(c2)c3nc4cccc(N5CCNCC5)c4[nH]3,8.7
101,CHEMBL603469,C[C@]12O[C@H](C[C@]1(O)CO)n3c4ccccc4c5c6C(=O)NCc6c7c8ccccc8n2c7c35,8.85
102,CHEMBL3798762,CN(C)C(=O)c1cccc(c1)c2cnc(N)c(n2)c3nc4cccc(N5CCNCC5)c4n3C,9.0
103,CHEMBL3797873,C[C@H]1CN(CCN1)c2cccc3nc(c4nc(cnc4N)c5cccc(c5)C(=O)N(C)C)n(C)c23,9.16
