,molecule_chembl_id,canonical_smiles,pchembl_value
0,CHEMBL1271532,C(CN1CCOCC1)Oc2ccc(cc2)c3cnc4c(cnn4c3)c5cn[nH]c5,7.57
1,CHEMBL574738,CCN1CCN(Cc2ccc(NC(=O)Nc3ccc(Oc4cc(NC)ncn4)cc3)cc2C(F)(F)F)CC1,7.59
2,CHEMBL478629,C(CN1CCCCC1)Oc2ccc(cc2)c3cnc4c(cnn4c3)c5ccncc5,7.96
3,CHEMBL3354999,CCNC(=O)C1CCc2[nH]c3ncnc(Nc4cc5cn[nH]c5cc4OC)c3c2C1,8.22
4,CHEMBL3354997,COc1cc(Cl)c(Cl)cc1Nc2ncnc3[nH]c4CCC(Cc4c23)C(=O)NC5CC5,8.22
5,CHEMBL3354998,CC(C)Oc1cc2[nH]ncc2cc1Nc3ncnc4[nH]c5CCCCc5c34,8.3
6,CHEMBL3797828,CN(C)C(=O)c1cccc(c1)c2cnc(N)c(c2)c3nc4cccc(N5CCNCC5)c4[nH]3,8.4
7,CHEMBL3800585,C[C@H]1CN(CCN1)c2cccc3nc(c4nc(cnc4N)c5cc(ccn5)C(=O)N(C)C)n(C)c23,8.52
8,CHEMBL3798762,CN(C)C(=O)c1cccc(c1)c2cnc(N)c(n2)c3nc4cccc(N5CCNCC5)c4n3C,8.7
9,CHEMBL3797873,C[C@H]1CN(CCN1)c2cccc3nc(c4nc(cnc4N)c5cccc(c5)C(=O)N(C)C)n(C)c23,8.82
10,CHEMBL3355002,CC(C)Oc1cc2[nH]ncc2cc1Nc3ncnc4[nH]c5CCC(Cc5c34)C(=O)NCCCS(=O)(=O)C,9.0
11,CHEMBL3355000,COc1cc2[nH]ncc2cc1Nc3ncnc4[nH]c5CCC(Cc5c34)C(=O)NCc6ccccc6,9.0
