,molecule_chembl_id,canonical_smiles,pchembl_value
0,sunitinib,CCN(CC)CCNC(=O)c1c(C)[nH]c(\C=C\2/C(=O)Nc3ccc(F)cc23)c1C,7.64
1,CHEMBL94678,COC(=O)[C@]1(O)C[C@H]2O[C@]1(C)n3c4ccccc4c5c6CNC(=O)c6c7c8ccccc8n2c7c35,7.6
2,CHEMBL281948,COC(=O)[C@@]1(O)C[C@H]2O[C@]1(C)n3c4ccccc4c5c6CNC(=O)c6c7c8ccccc8n2c7c35,7.66
3,CHEMBL155929,Cn1c2ccccc2c3c4C(=O)NCc4c5c6ccccc6n(CCCN)c5c13,7.75
4,CHEMBL416056,COC(=O)[C@]1(O)C[C@@H]2O[C@@]1(C)n3c4ccccc4c5c6CNC(=O)c6c7c8ccccc8n2c7c35,7.77
5,CHEMBL3218297,CS(=O)(=O)O.Oc1cccc(CNC(=O)Nc2nc(cs2)c3ccncc3)c1,7.81
6,CHEMBL388978,CN[C@@H]1C[C@H]2O[C@@](C)([C@@H]1OC)n3c4ccccc4c5c6CNC(=O)c6c7c8ccccc8n2c7c35,7.82
7,CHEMBL603469,C[C@]12O[C@H](C[C@]1(O)CO)n3c4ccccc4c5c6C(=O)NCc6c7c8ccccc8n2c7c35,7.89
8,CHEMBL464552,CNC(=O)c1c(F)cccc1Nc2nc(Nc3cc4N(CCc4cc3OC)C(=O)CN(C)C)nc5[nH]ccc25,7.96
2,CHEMBL421565,Cn1cc(C2=C(C(=O)NC2=O)c3c4CC(CN)CCn4c5ccccc35)c6ccccc16,5.43
3,CHEMBL1202927,Cl.CN(C)CC1CCn2c(C1)c(C3=C(C(=O)NC3=O)c4cn(C)c5ccccc45)c6ccccc26,4.75
5,CHEMBL428496,COC[C@H]1OC(=O)c2coc3C(=O)C4=C([C@@H](C[C@@]5(C)[C@H]4CCC5=O)OC(=O)C)[C@]1(C)c23,5.72
7,CHEMBL156433,COc1ccc2c(c1)c3c4C(=O)NC(=O)c4c5c6ccccc6n(C)c5c3n2CCCC#N,7.5
8,CHEMBL346467,COc1ccc2c(c1)c3c4C(=O)NCc4c5c6cc(OC)ccc6n(CCC#N)c5c3n2C,5.8
9,CHEMBL348563,Cn1c2ccc(O)cc2c3c4C(=O)NCc4c5c6cc(O)ccc6n(CCC#N)c5c13,7.52
10,CHEMBL348177,Cn1c2ccccc2c3c4C(=O)NC(=O)c4c5c6ccccc6n(CCC#N)c5c13,7.26
12,CHEMBL157822,COc1ccc2c(c1)c3c4C(=O)NC(=O)c4c5c6ccccc6n(C)c5c3n2CC(O)CN(C)C,6.92
13,CHEMBL157892,CN(C)CCCn1c2ccccc2c3c4CNC(=O)c4c5c6ccccc6n(C)c5c13,6.6
14,CHEMBL346038,CN(C)CC(O)Cn1c2ccccc2c3c4CNC(=O)c4c5c6ccccc6n(C)c5c13,5.26
15,CHEMBL156172,CN(C)CC(O)Cn1c2ccccc2c3c4C(=O)NC(=O)c4c5c6ccccc6n(C)c5c13,6.92
16,CHEMBL157967,COc1ccc2[nH]c3c(c4C(=O)NCc4c5c6cc(OC)ccc6n(CCCN(C)C)c35)c2c1,6.66
17,CHEMBL157528,CN(C)CCCn1c2ccc(O)cc2c3c4CNC(=O)c4c5c6cc(O)ccc6[nH]c5c13,6.51
18,CHEMBL302449,Cn1c2ccccc2c3c4C(=O)NCc4c5c6ccccc6n(CCC#N)c5c13,5.24
19,CHEMBL154245,CN(C)CCCn1c2ccccc2c3c4CNC(=O)c4c5c6ccccc6[nH]c5c13,6.41
20,CHEMBL345593,COc1ccc2c(c1)c3c4C(=O)NC(=O)c4c5c6ccccc6n(C)c5c3n2CCC#N,6.7
21,CHEMBL348902,COc1ccc2c(c1)c3c4C(=O)NC(=O)c4c5c6cc(OC)ccc6n(CCC#N)c5c3n2C,6.75
22,CHEMBL347154,COc1ccc2c(c1)c3c4C(=O)NC(=O)c4c5c6ccccc6n(CCC#N)c5c3n2C,7.31
23,CHEMBL345639,COc1ccc2c(c1)c3c4CNC(=O)c4c5c6ccccc6n(C)c5c3n2CC(O)CN(C)C,5.04
26,CHEMBL541401,Cl.Cn1cc(C2=C(C(=O)NC2=O)c3ccc4cc5CC(CN)CCn5c4c3)c6ccccc16,5.43
27,CHEMBL219301,NCCNS(=O)(=O)c1cccc2c(Cl)cccc12,5.13
28,CHEMBL537897,Cl.COCc1cc(O)c(O)c(O)c1c2c(O)c(O)c(O)cc2COC,4.75
29,CHEMBL38380,O=S(=O)(N1CCCNCC1)c2cccc3cnccc23,5.44
30,CHEMBL406821,C[C@H]1CNCCCN1S(=O)(=O)c2cccc3cncc(C)c23,5.0
31,CHEMBL104264,Brc1ccc(\C=C\CNCCNS(=O)(=O)c2cccc3cnccc23)cc1,4.55
34,CHEMBL429298,Clc1cccc2c(cccc12)S(=O)(=O)N3CCCNCC3,5.42
35,CHEMBL69863,Oc1cc(O)cc(\C=C\c2ccc(O)c(O)c2)c1,4.92
44,CHEMBL408019,Oc1cccc(c1)c2ccc3c(NC(=O)C4CC4)n[nH]c3n2,6.82
50,CHEMBL164,OC1=C(Oc2cc(O)cc(O)c2C1=O)c3cc(O)c(O)c(O)c3,5.77
145,CHEMBL522892,CN1CCN(CC1)c2ccc3nc([nH]c3c2)C4=C(N)c5c(F)cccc5NC4=O,5.46
158,CHEMBL191003,Nc1nc(Nc2ccc(cc2)S(=O)(=O)N)nn1C(=O)c3c(F)cccc3F,5.68
164,CHEMBL608533,CO[C@@H]1[C@@H](C[C@H]2O[C@]1(C)n3c4ccccc4c5c6CNC(=O)c6c7c8ccccc8n2c7c35)N(C)C(=O)c9ccccc9,5.7
172,CHEMBL1721885,Cc1[nH]c(\C=C\2/C(=O)Nc3ccc(F)cc23)c(C)c1C(=O)NC[C@H](O)CN4CCOCC4,6.44
173,CHEMBL535,CCN(CC)CCNC(=O)c1c(C)[nH]c(\C=C\2/C(=O)Nc3ccc(F)cc23)c1C,6.55
189,CHEMBL594151,COc1cc(O)c2C(=O)OC3(C)C=C(O)C(=O)C=C3c2c1,6.16
211,CHEMBL1240928,Cc1occ2Cc3c(O)ccc(O)c3C(=O)c12,5.0
212,CHEMBL576982,CC(C)(C)c1onc(NC(=O)Nc2ccc(cc2)c3cn4c5ccc(OCCN6CCOCC6)cc5sc4n3)c1,6.39
227,CHEMBL1270522,Clc1ccc(cc1)S(=O)(=O)Nc2ccnc(NCCc3ccccc3)n2,4.29
228,CHEMBL1271447,O=S(=O)(Nc1nc(NCCc2ccccc2)nc3CCN(Cc4ccccc4)Cc13)c5ccc6ccccc6c5,6.05
229,CHEMBL1270331,Cc1c(Cl)cccc1S(=O)(=O)Nc2nc(NCCc3ccccc3)nc4CCN(Cc5ccccc5)Cc24,4.44
251,CHEMBL249089,Ic1cccc2c(cccc12)S(=O)(=O)N3CCCNCC3,6.52
276,CHEMBL450786,Cc1[nH]c(\C=C\2/C(=O)Nc3ccc(cc23)S(=O)(=O)Cc4c(Cl)cccc4Cl)c(C)c1C(=O)N5CCC[C@@H]5CN6CCCC6,5.1
280,CHEMBL1789941,N#CC[C@H](C1CCCC1)n2cc(cn2)c3ncnc4[nH]ccc34,6.44
281,CHEMBL513909,CC[C@H]1N(C2CCCC2)c3nc(Nc4ccc(cc4OC)C(=O)NC5CCN(C)CC5)ncc3N(C)C1=O,7.01
283,CHEMBL1908395,Cl.CN(C)CC(=O)N1CCC(CC1)c2ccc(NC(=O)c3nc(c[nH]3)C#N)c(c2)C4=CCCCC4,6.23
285,CHEMBL509032,COc1cc(ccc1Nc2ncc(Cl)c(Nc3ccccc3S(=O)(=O)C(C)C)n2)N4CCC(CC4)N5CCN(C)CC5,6.66
286,CHEMBL502835,COC(=O)c1ccc2\C(=C(\Nc3ccc(cc3)N(C)C(=O)CN4CCN(C)CC4)/c5ccccc5)\C(=O)Nc2c1,6.54
293,CHEMBL1287853,Cc1cnc(Nc2ccc(OCCN3CCCC3)cc2)nc1Nc4cccc(c4)S(=O)(=O)NC(C)(C)C,6.28
296,CHEMBL1908397,O=C(N1CCNCC1)c2ccc(\C=C\c3n[nH]c4ccccc34)cc2,6.13
297,CHEMBL1241674,CC(C)n1nc(c2cc3cc(O)ccc3[nH]2)c4c(N)ncnc14,6.48
299,CHEMBL379218,Cc1n[nH]c2ccc(cc12)c3cncc(OC[C@@H](N)Cc4ccccc4)c3,6.06
308,CHEMBL475251,COc1cc(Nc2ncc(F)c(Nc3ccc4OC(C)(C)C(=O)Nc4n3)n2)cc(OC)c1OC,5.19
331,CHEMBL288441,COc1cc(Nc2c(cnc3cc(OCCCN4CCN(C)CC4)c(OC)cc23)C#N)c(Cl)cc1Cl,6.31
669,CHEMBL2333445,CCc1ccc(cc1)c2ccc3N(C)S(=O)(=O)c4cn[nH]c4c3c2,5.4
724,CHEMBL3618203,CC(=O)C1=C(C)N=C2Sc3ccccc3N2C1c4ccccc4Cl,5.01
725,CHEMBL3618282,CC(=O)C1=C(C)N=C2Sc3ccccc3N2C1c4ccc(Cl)cc4,5.04
726,CHEMBL3618283,CC(=O)C1=C(C)N=C2Sc3ccccc3N2C1c4ccc(F)cc4,5.14
727,CHEMBL3618284,CC(=O)C1=C(C)N=C2Sc3ccccc3N2C1c4ccccc4O,5.37
728,CHEMBL3618285,CC(=O)C1=C(C)N=C2Sc3ccccc3N2C1c4ccc(O)cc4,5.38
729,CHEMBL3618286,COc1ccc(cc1)C2N3C(=NC(=C2C(=O)C)C)Sc4ccccc34,5.67
730,CHEMBL3618287,CC(=O)C1=C(C)N=C2Sc3ccccc3N2C1c4cccc(c4)[N+](=O)[O-],5.69
731,CHEMBL3618288,CC(=O)C1=C(C)N=C2Sc3ccccc3N2C1c4ccc(cc4)[N+](=O)[O-],5.69
732,CHEMBL3618289,CN(C)c1ccc(cc1)C2N3C(=NC(=C2C(=O)C)C)Sc4ccccc34,5.36
733,CHEMBL3618290,COc1cc(ccc1O)C2N3C(=NC(=C2C(=O)C)C)Sc4ccccc34,5.44
734,CHEMBL3618291,CCC(=O)C1=C(C)N=C2Sc3ccccc3N2C1c4ccccc4Cl,4.97
735,CHEMBL3618292,CCC(=O)C1=C(C)N=C2Sc3ccccc3N2C1c4ccc(Cl)cc4,4.96
736,CHEMBL3618293,CCC(=O)C1=C(C)N=C2Sc3ccccc3N2C1c4ccc(F)cc4,4.88
737,CHEMBL3618294,CCC(=O)C1=C(C)N=C2Sc3ccccc3N2C1c4ccccc4O,5.33
738,CHEMBL3618295,CCC(=O)C1=C(C)N=C2Sc3ccccc3N2C1c4ccc(O)cc4,5.23
739,CHEMBL3618296,CCC(=O)C1=C(C)N=C2Sc3ccccc3N2C1c4ccc(OC)cc4,5.66
740,CHEMBL3618297,CCC(=O)C1=C(C)N=C2Sc3ccccc3N2C1c4cccc(c4)[N+](=O)[O-],5.68
741,CHEMBL3618298,CCC(=O)C1=C(C)N=C2Sc3ccccc3N2C1c4ccc(cc4)[N+](=O)[O-],5.52
742,CHEMBL3618299,CCC(=O)C1=C(C)N=C2Sc3ccccc3N2C1c4ccc(cc4)N(C)C,5.13
743,CHEMBL3618300,CCC(=O)C1=C(C)N=C2Sc3ccccc3N2C1c4ccc(O)c(OC)c4,5.44
747,CHEMBL562342,CCOC(=O)C1=C(C)NC(OC)N(CC(=O)c2ccccc2)C1c3ccccc3,4.63
748,CHEMBL563281,CCOC(=O)C1=C(C)NC(OC)N(CC(=O)c2ccc(Cl)cc2)C1c3ccccc3,4.48
749,CHEMBL564764,CCOC(=O)C1=C(C)NC(OC)N(CC(=O)c2ccc(OC)cc2)C1c3ccccc3,4.88
750,CHEMBL558460,CCOC(=O)C1=C(C)NC(OC)N(CC(=O)c2ccccc2)C1c3ccc(Cl)cc3,4.5
751,CHEMBL550608,CCOC(=O)C1=C(C)NC(OC)N(CC(=O)c2ccc(Cl)cc2)C1c3ccc(Cl)cc3,4.38
752,CHEMBL3618202,CCOC(=O)C1=C(C)NC(OC)N(CC(=O)c2ccc(OC)cc2)C1c3ccc(Cl)cc3,4.74
753,CHEMBL564992,CCOC(=O)C1=C(C)NC(OC)N(CC(=O)c2ccccc2)C1c3ccc(O)cc3,4.99
754,CHEMBL550810,CCOC(=O)C1=C(C)NC(OC)N(CC(=O)c2ccc(Cl)cc2)C1c3ccc(O)cc3,4.82
755,CHEMBL550811,CCOC(=O)C1=C(C)NC(OC)N(CC(=O)c2ccc(OC)cc2)C1c3ccc(O)cc3,5.01
756,CHEMBL558723,CCOC(=O)C1=C(C)NC(OC)N(CC(=O)c2ccccc2)C1c3ccc(C)cc3,4.72
757,CHEMBL558925,CCOC(=O)C1=C(C)NC(OC)N(CC(=O)c2ccc(Cl)cc2)C1c3ccc(C)cc3,4.54
758,CHEMBL558858,CCOC(=O)C1=C(C)NC(OC)N(CC(=O)c2ccc(OC)cc2)C1c3ccc(C)cc3,5.29
759,CHEMBL563385,CCOC(=O)C1=C(C)NC(OC)N(CC(=O)c2ccccc2)C1c3ccc(OC)cc3,5.13
760,CHEMBL558859,CCOC(=O)C1=C(C)NC(OC)N(CC(=O)c2ccc(Cl)cc2)C1c3ccc(OC)cc3,4.52
761,CHEMBL551014,CCOC(=O)C1=C(C)NC(OC)N(CC(=O)c2ccc(OC)cc2)C1c3ccc(OC)cc3,5.39
762,CHEMBL193,COC(=O)C1=C(C)NC(=C(C1c2ccccc2[N+](=O)[O-])C(=O)OC)C,5.7
