,molecule_chembl_id,canonical_smiles,pchembl_value
0,CHEMBL3672288,CC[C@@H](N)c1ccc(cc1)c2c(O)cc(Cl)c3NC(=O)c4sccc4c23,7.59
1,CHEMBL3667237,COc1cc(F)c2NC(=O)c3sccc3c2c1c4ccc(CN)cc4,7.59
2,CHEMBL3672332,CNCCc1ccc(cc1F)c2c(O)cc(C)c3NC(=O)c4sccc4c23,7.6
3,CHEMBL3667253,CC(=O)c1ccc(cc1)c2c(O)ccc3NC(=O)c4sccc4c23,7.64
4,CHEMBL3667231,CC(N(C)C)c1ccc(cc1)c2c(O)cc(F)c3NC(=O)c4sccc4c23,7.64
5,CHEMBL3672324,COc1ccc2NC(=O)c3sccc3c2c1c4ccc(cc4)C(CN)C5CCCC5,7.64
6,CHEMBL3672231,Oc1ccc2NC(=O)c3sccc3c2c1c4ccc(cc4)S(=O)(=O)NCCCl,7.64
7,CHEMBL3672379,COc1cc(C)c2NC(=O)c3sc(F)cc3c2c1c4ccc(cc4)[C@@H](C)CN,7.66
8,CHEMBL3672366,COc1cc(C)c2NC(=O)c3sccc3c2c1c4ccc([C@@H](C)CN)c(F)c4,7.66
9,CHEMBL3667216,COc1ccc2NC(=O)c3sccc3c2c1c4ccc(CCN)cc4,7.66
10,CHEMBL3672343,Cc1cc(O)c(c2ccc(c(F)c2)C(C)(C)CN)c3c1NC(=O)c4sccc34,7.66
11,CHEMBL3672268,NCC1(CC1)c2ccc(cc2)c3c(O)cc(Cl)c4NC(=O)c5sccc5c34,7.66
12,CHEMBL3667228,COc1ccc2NC(=O)c3sccc3c2c1c4ccc(cc4)C(C)N5CCCC5,7.68
13,CHEMBL3672348,CC(C)C(CN)c1ccc(cc1F)c2c(O)cc(C)c3NC(=O)c4sccc4c23,7.7
14,CHEMBL3672308,COc1cc(Cl)c2NC(=O)c3sccc3c2c1c4ccc(cc4)[C@@H](C)CN,7.7
15,CHEMBL3672278,NCCc1ccc(cc1)c2c(O)cc(Cl)c3NC(=O)c4sccc4c23,7.7
16,CHEMBL3672363,CCC(CN)c1ccc(cc1)c2c(O)cc(Cl)c3NC(=O)c4sccc4c23,7.72
17,CHEMBL3672260,CN[C@@H](C)c1ccc(cc1)c2c(O)cc(Cl)c3NC(=O)c4sccc4c23,7.72
18,CHEMBL3672305,Cc1cc(O)c(c2ccc(CCN)cc2)c3c1NC(=O)c4sccc34,7.72
19,CHEMBL3672312,NCCc1ccc(cc1F)c2c(O)cc(Br)c3NC(=O)c4sccc4c23,7.72
20,CHEMBL3672341,CC(C)C(CN)c1ccc(cc1)c2c(O)cc(C)c3NC(=O)c4sccc4c23,7.75
21,CHEMBL3672287,CC[C@@H](N)c1ccc(cc1)c2c(O)cc(C)c3NC(=O)c4sccc4c23,7.75
22,CHEMBL3672359,CNC[C@H](C)c1ccc(cc1)c2c(O)cc(C)c3NC(=O)c4sccc4c23,7.75
23,CHEMBL3672352,CNCC(C(C)C)c1ccc(cc1F)c2c(O)cc(C)c3NC(=O)c4sccc4c23,7.77
24,CHEMBL3672362,C[C@@H](CN(C)C)c1ccc(cc1F)c2c(O)cc(C)c3NC(=O)c4sccc4c23,7.77
25,CHEMBL3672298,C[C@@H](CN)c1ccc(cc1)c2c(O)cc(Br)c3NC(=O)c4sccc4c23,7.77
26,CHEMBL3672261,CCC(N)c1ccc(cc1)c2c(O)cc(Cl)c3NC(=O)c4sccc4c23,7.8
27,CHEMBL3672322,C[C@H](CN)c1ccc(cc1)c2c(O)cc(C)c3NC(=O)c4sccc4c23,7.8
28,CHEMBL3672319,C[C@H](N)c1ccc(cc1)c2c(O)cc(C)c3NC(=O)c4sccc4c23,7.8
29,CHEMBL3672311,NCCc1cc(Cl)c(cc1O)c2c(O)cc(Cl)c3NC(=O)c4sccc4c23,7.8
30,CHEMBL3667264,NCc1ccc(cc1)c2c(O)cc(Cl)c3NC(=O)c4sccc4c23,7.8
31,CHEMBL3672309,CC(CCl)NS(=O)(=O)c1ccc(cc1)c2c(O)ccc3NC(=O)c4sccc4c23,7.82
32,CHEMBL3672350,CCC(CN)c1ccc(cc1)c2c(O)cc(C)c3NC(=O)c4sccc4c23,7.82
33,CHEMBL3672358,COc1cc(C)c2NC(=O)c3sccc3c2c1c4ccc(cc4)[C@@H](C)CN,7.82
34,CHEMBL3667238,Oc1ccc2NC(=O)c3sccc3c2c1c4ccc(CC#N)c(F)c4,7.82
35,CHEMBL3672277,CN[C@H](C)c1ccc(cc1)c2c(O)cc(Cl)c3NC(=O)c4sccc4c23,7.85
36,CHEMBL3672357,C[C@H](CN)c1ccc(cc1F)c2c(O)cc(C)c3NC(=O)c4sccc4c23,7.85
37,CHEMBL3672291,CCC(C#N)c1ccc(cc1)c2c(O)ccc3NC(=O)c4sccc4c23,7.89
38,CHEMBL3667262,NCc1ccc(cc1)c2c(ccc3NC(=O)c4sccc4c23)C#N,7.89
39,CHEMBL3672282,Oc1ccc2NC(=O)C3=C(CCC3)c2c1c4ccc(cc4)S(=O)(=O)NCCCl,7.89
40,CHEMBL3667254,Oc1ccc2NC(=O)c3sccc3c2c1c4ccc(c(F)c4)S(=O)(=O)NCCBr,7.89
41,CHEMBL3672256,CC(N)c1ccc(cc1)c2c(O)cc(C)c3NC(=O)c4sccc4c23,7.92
42,CHEMBL3672252,CC(N)c1ccc(cc1)c2c(O)cc(Cl)c3NC(=O)c4sccc4c23,7.92
43,CHEMBL3672334,CN[C@H](C)c1ccc(cc1)c2c(O)cc(C)c3NC(=O)c4sccc4c23,7.92
44,CHEMBL3667210,CS(=O)(=O)N1CCN(CC1)c2ccc(cc2)c3c(O)ccc4NC(=O)c5sccc5c34,7.92
45,CHEMBL3672371,C[C@@H](CN)c1ccc(cc1)c2c(O)cc(C)c3NC(=O)c4sc(C)cc4c23,7.92
46,CHEMBL3667206,Oc1ccc2NC(=O)c3sccc3c2c1c4ccc(CC#N)cc4,7.92
47,CHEMBL3667226,Oc1ccc2NC(=O)c3sccc3c2c1c4ccc(cc4)S(=O)(=O)NCCBr,7.95
48,CHEMBL3672376,COc1cc(C)c2NC(=O)c3sc(Cl)cc3c2c1c4ccc(cc4)[C@@H](C)CN,7.96
49,CHEMBL3667214,COc1ccc2NC(=O)c3sccc3c2c1c4ccc(CN(C)C)cc4,7.96
50,CHEMBL3672233,CC(C)(N)c1ccc(cc1)c2c(O)cc(Cl)c3NC(=O)c4sccc4c23,8.0
51,CHEMBL3672344,CC(CN)c1ccc(cc1Cl)c2c(O)ccc3NC(=O)c4sccc4c23,8.0
52,CHEMBL3672349,Cc1cc(O)c(c2ccc(cc2)C3(CN)CCC3)c4c1NC(=O)c5sccc45,8.0
53,CHEMBL3672262,Oc1ccc2NC(=O)C3=C(CCC3)c2c1c4ccc(cc4)S(=O)(=O)NCCBr,8.0
54,CHEMBL3672331,Cc1cc(O)c(c2ccc(cc2)C3(CN)CC3)c4c1NC(=O)c5sccc45,8.02
55,CHEMBL3672286,CC[C@H](NC)c1ccc(cc1)c2c(O)cc(Cl)c3NC(=O)c4sccc4c23,8.03
56,CHEMBL3667211,COc1ccc2NC(=O)c3sccc3c2c1c4ccc(CN5CCC(CNC(=O)OC(C)(C)C)CC5)cc4,8.03
57,CHEMBL3672241,CC(N(C)C)c1ccc(cc1)c2cccc3NC(=O)c4sccc4c23,8.04
58,CHEMBL3672351,CNCC(C)c1ccc(cc1F)c2c(O)cc(C)c3NC(=O)c4sccc4c23,8.05
59,CHEMBL3672295,C[C@@H](CN)c1ccc(cc1)c2c(O)cc(C)c3NC(=O)c4sccc4c23,8.05
60,CHEMBL3672280,CC(CN)c1ccc(cc1)c2c(O)cc(Cl)c3NC(=O)c4sccc4c23,8.07
61,CHEMBL3672258,C[C@@H](N)c1ccc(cc1)c2c(O)cc(Cl)c3NC(=O)c4sccc4c23,8.07
62,CHEMBL3672370,Cc1cc(O)c(c2ccc(cc2)C(C)(C)N)c3c1NC(=O)c4sccc34,8.08
63,CHEMBL3672364,CNC[C@H](C)c1ccc(cc1F)c2c(O)cc(C)c3NC(=O)c4sccc4c23,8.09
64,CHEMBL3667218,CCN(CC)Cc1ccc(cc1)c2c(O)ccc3NC(=O)c4sccc4c23,8.11
65,CHEMBL3667220,CNCc1ccc(cc1)c2c(OC)ccc3NC(=O)c4sccc4c23,8.11
66,CHEMBL3667232,COc1ccc2NC(=O)c3sccc3c2c1c4ccc(cc4)[C@H](C)N,8.13
67,CHEMBL3667215,CN(C)Cc1ccc(cc1)c2c(O)ccc3NC(=O)c4sccc4c23,8.16
68,CHEMBL3672318,NCCc1cc(Br)c(cc1O)c2c(O)ccc3NC(=O)c4sccc4c23,8.19
69,CHEMBL3667243,CCNCc1ccc(cc1)c2c(OC)ccc3NC(=O)c4sccc4c23,8.22
70,CHEMBL3672271,C[C@@H](N)c1ccc(cc1)c2c(O)cc(C)c3NC(=O)c4sccc4c23,8.23
71,CHEMBL3667227,CS(=O)(=O)NCc1ccc(cc1)c2c(O)ccc3NC(=O)c4sccc4c23,8.26
72,CHEMBL3672317,NCCc1ccc(cc1F)c2c(O)cc(Cl)c3NC(=O)c4sccc4c23,8.26
73,CHEMBL3667208,CN(C)CCc1ccc(cc1)c2c(O)ccc3NC(=O)c4sccc4c23,8.27
74,CHEMBL3672236,CCC(N)c1ccc(cc1)c2c(OC)ccc3NC(=O)c4sccc4c23,8.28
75,CHEMBL3672304,CC(CN)c1ccc(cc1F)c2c(O)cc(C)c3NC(=O)c4sccc4c23,8.29
76,CHEMBL3672315,Cc1cc(O)c(c2ccc(CCN)c(F)c2)c3c1NC(=O)c4sccc34,8.33
77,CHEMBL3672323,NCC(C1CCCC1)c2ccc(cc2)c3c(O)ccc4NC(=O)c5sccc5c34,8.34
78,CHEMBL3667225,CCN(CC)C(C)c1ccc(cc1)c2c(O)ccc3NC(=O)c4sccc4c23,8.35
79,CHEMBL3672294,C[C@@H](CN)c1ccc(cc1)c2c(O)cc(Cl)c3NC(=O)c4sccc4c23,8.36
80,CHEMBL3667209,Cc1cc2c(s1)C(=O)Nc3ccc(O)c(c4ccc(CN)cc4)c23,8.36
81,CHEMBL3667239,CC(N1CCCCC1)c2ccc(cc2)c3c(O)ccc4NC(=O)c5sccc5c34,8.37
82,CHEMBL3639660,CC(C)NCc1ccc(cc1)c2c(O)ccc3NC(=O)c4sccc4c23,8.38
83,CHEMBL3672330,COc1ccc2NC(=O)c3sccc3c2c1c4ccc(cc4)C(CN)C(C)C,8.39
84,CHEMBL3672375,C[C@@H](CN)c1ccc(cc1)c2c(O)cc(C)c3NC(=O)c4sc(Cl)cc4c23,8.4
85,CHEMBL3672296,C[C@H](CN(C)C)c1ccc(cc1)c2c(O)ccc3NC(=O)c4sccc4c23,8.4
86,CHEMBL3672250,CCNC(C)c1ccc(cc1)c2c(O)ccc3NC(=O)c4sccc4c23,8.41
87,CHEMBL3672338,NCCc1ccc(cc1Cl)c2c(O)cc(Cl)c3NC(=O)c4sccc4c23,8.41
88,CHEMBL3667240,COc1ccc2NC(=O)c3sccc3c2c1c4ccc(CCN)c(F)c4,8.42
89,CHEMBL3667247,COc1ccc2NC(=O)c3sccc3c2c1c4ccc(cc4)[C@@H](C)N,8.42
90,CHEMBL3667222,CC(NS(=O)(=O)C)c1ccc(cc1)c2c(O)ccc3NC(=O)c4sccc4c23,8.43
91,CHEMBL3672237,CCC(N(CC)CC)c1ccc(cc1)c2c(O)ccc3NC(=O)c4sccc4c23,8.43
92,CHEMBL3672381,C[C@@H](CN)c1ccc(cc1)c2c(O)cc(C)c3NC(=O)c4sc(F)cc4c23,8.43
93,CHEMBL3672245,CCN(CC)C(C)c1ccc(cc1F)c2c(O)ccc3NC(=O)c4sccc4c23,8.44
94,CHEMBL3672249,CN(C)CC1(CC1)c2ccc(cc2)c3c(O)ccc4NC(=O)c5sccc5c34,8.44
95,CHEMBL3672367,C[C@@H](CN)c1ccc(cc1F)c2c(O)cc(C)c3NC(=O)c4sccc4c23,8.44
96,CHEMBL3667202,Oc1ccc2NC(=O)c3sccc3c2c1c4ccc5cn[nH]c5c4,8.46
97,CHEMBL3672267,CC(CN(C)C)c1ccc(cc1)c2c(O)ccc3NC(=O)c4sccc4c23,8.48
98,CHEMBL3672248,COc1ccc2NC(=O)c3sccc3c2c1c4ccc(cc4)C(C)CN,8.5
99,CHEMBL3667256,C[C@@H](NS(=O)(=O)C)c1ccc(cc1)c2c(O)ccc3NC(=O)c4sccc4c23,8.5
100,CHEMBL3667252,Oc1ccc2NC(=O)c3sccc3c2c1c4ccc(CCC#N)cc4,8.5
101,CHEMBL3672303,CNC[C@H](C)c1ccc(cc1)c2c(OC)ccc3NC(=O)c4sccc4c23,8.52
102,CHEMBL3672299,COc1ccc2NC(=O)c3sccc3c2c1c4ccc(C(C)CN)c(F)c4,8.52
103,CHEMBL3672336,Cc1cc(O)c(c2ccc(CCN)c(Cl)c2)c3c1NC(=O)c4sccc34,8.52
104,CHEMBL3667235,Cc1cc(ccc1NS(=O)(=O)C)c2c(O)ccc3NC(=O)c4sccc4c23,8.52
105,CHEMBL3672270,CC[C@H](N)c1ccc(cc1)c2c(OC)ccc3NC(=O)c4sccc4c23,8.54
106,CHEMBL3672234,C[C@H](N(C)C)c1ccc(cc1)c2c(O)ccc3NC(=O)c4sccc4c23,8.54
107,CHEMBL3667223,CC(N1CCCC1)c2ccc(cc2)c3c(O)ccc4NC(=O)c5sccc5c34,8.55
108,CHEMBL3667260,CC(NC1CCCC1)c2ccc(cc2)c3c(O)ccc4NC(=O)c5sccc5c34,8.55
109,CHEMBL3667258,CN(C)CC(C)(C)c1ccc(cc1)c2c(O)ccc3NC(=O)c4sccc4c23,8.55
110,CHEMBL3672307,CNC[C@@H](C)c1ccc(cc1)c2c(O)ccc3NC(=O)c4sccc4c23,8.55
111,CHEMBL3667205,CS(=O)(=O)Nc1ccc(cc1)c2c(O)ccc3NC(=O)c4sccc4c23,8.59
112,CHEMBL3672285,CC[C@@H](N(C)C)c1ccc(cc1)c2c(O)ccc3NC(=O)c4sccc4c23,8.6
113,CHEMBL3672255,CN[C@@H](C)c1ccc(cc1)c2c(OC)ccc3NC(=O)c4sccc4c23,8.6
114,CHEMBL3672302,C[C@@H](CN(C)C)c1ccc(cc1)c2c(O)ccc3NC(=O)c4sccc4c23,8.6
115,CHEMBL3667236,NCc1ccc(cc1)c2c(O)cc(F)c3NC(=O)c4sccc4c23,8.6
116,CHEMBL3667229,Nc1ccc(cc1O)c2c(O)ccc3NC(=O)c4sccc4c23,8.64
117,CHEMBL3672275,CC[C@H](N(C)C)c1ccc(cc1)c2c(O)ccc3NC(=O)c4sccc4c23,8.66
118,CHEMBL3667259,CC(O)c1ccc(cc1)c2c(O)ccc3NC(=O)c4sccc4c23,8.7
119,CHEMBL3667242,CCNCc1ccc(cc1)c2c(O)ccc3NC(=O)c4sccc4c23,8.7
120,CHEMBL3672290,COc1ccc2NC(=O)c3sccc3c2c1c4ccc(cc4)[C@@H](C)CN,8.7
121,CHEMBL3672244,Oc1ccc2NC(=O)c3sccc3c2c1c4ccc5CCNCc5c4,8.7
122,CHEMBL3667221,CC(N(C)C)c1ccc(cc1)c2c(O)ccc3NC(=O)c4sccc4c23,8.72
123,CHEMBL3672243,CC(N(C)C)c1ccc(cc1F)c2c(O)ccc3NC(=O)c4sccc4c23,8.72
124,CHEMBL3672238,CCC(N(C)C)c1ccc(cc1)c2c(O)ccc3NC(=O)c4sccc4c23,8.72
125,CHEMBL3667263,CN(C)CCc1ccc(cc1F)c2c(O)ccc3NC(=O)c4sccc4c23,8.72
126,CHEMBL3672242,NCC1(CC1)c2ccc(cc2)c3c(O)ccc4NC(=O)c5sccc5c34,8.72
127,CHEMBL3672310,CCC(CC)(CN)c1ccc(cc1)c2c(O)ccc3NC(=O)c4sccc4c23,8.75
128,CHEMBL3667203,NS(=O)(=O)c1ccc(cc1)c2c(O)ccc3NC(=O)c4sccc4c23,8.75
129,CHEMBL3672355,NCC1(CCC1)c2ccc(cc2)c3c(O)ccc4NC(=O)c5sccc5c34,8.77
130,CHEMBL3672297,CC(CN)c1ccc(cc1F)c2c(O)ccc3NC(=O)c4sccc4c23,8.82
131,CHEMBL3672329,CC(C)C(CN)c1ccc(cc1)c2c(O)ccc3NC(=O)c4sccc4c23,8.85
132,CHEMBL3672274,CCN[C@H](CC)c1ccc(cc1)c2c(O)ccc3NC(=O)c4sccc4c23,8.85
133,CHEMBL3672266,CC(CN)c1ccc(cc1)c2c(O)ccc3NC(=O)c4sccc4c23,8.89
134,CHEMBL3672263,CC(N)Cc1ccc(cc1)c2c(O)ccc3NC(=O)c4sccc4c23,8.89
135,CHEMBL3672276,CC[C@@H](N)c1ccc(cc1)c2c(O)ccc3NC(=O)c4sccc4c23,8.89
136,CHEMBL3672283,CC[C@H](NC)c1ccc(cc1)c2c(O)ccc3NC(=O)c4sccc4c23,8.89
137,CHEMBL3672301,CNC[C@H](C)c1ccc(cc1)c2c(O)ccc3NC(=O)c4sccc4c23,8.89
138,CHEMBL3672253,CN[C@H](C)c1ccc(cc1)c2c(O)ccc3NC(=O)c4sccc4c23,8.89
139,CHEMBL3672292,C[C@H](CN)c1ccc(cc1)c2c(O)ccc3NC(=O)c4sccc4c23,8.89
140,CHEMBL3672240,NC1Cc2ccc(cc2C1)c3c(O)ccc4NC(=O)c5sccc5c34,8.92
141,CHEMBL3667217,NCCc1ccc(cc1)c2c(O)ccc3NC(=O)c4sccc4c23,8.92
142,CHEMBL3672259,CN[C@@H](C)c1ccc(cc1)c2c(O)ccc3NC(=O)c4sccc4c23,8.96
143,CHEMBL3672339,CC(C)(CN)c1ccc(cc1F)c2c(O)ccc3NC(=O)c4sccc4c23,9.0
144,CHEMBL3667251,OC1CCN(Cc2ccc(cc2F)c3c(O)ccc4NC(=O)c5sccc5c34)C1,9.01
145,CHEMBL3672246,CC(N)c1ccc(cc1F)c2c(O)ccc3NC(=O)c4sccc4c23,9.04
146,CHEMBL3667219,CNCc1ccc(cc1)c2c(O)ccc3NC(=O)c4sccc4c23,9.05
147,CHEMBL3672269,CC[C@H](N)c1ccc(cc1)c2c(O)ccc3NC(=O)c4sccc4c23,9.06
148,CHEMBL3667245,C[C@@H](N(C)C)c1ccc(cc1)c2c(O)ccc3NC(=O)c4sccc4c23,9.06
149,CHEMBL3672235,CCC(N)c1ccc(cc1)c2c(O)ccc3NC(=O)c4sccc4c23,9.09
150,CHEMBL3667233,C[C@H](N)c1ccc(cc1)c2c(O)ccc3NC(=O)c4sccc4c23,9.09
151,CHEMBL3667241,NCc1ccc(s1)c2c(O)ccc3NC(=O)c4sccc4c23,9.11
152,CHEMBL3667207,Oc1ccc2NC(=O)c3sccc3c2c1C4=CCNCC4,9.11
153,CHEMBL3672360,CCC(CN)c1ccc(cc1)c2c(O)ccc3NC(=O)c4sccc4c23,9.13
154,CHEMBL3667246,NCCCc1ccc(cc1)c2c(O)ccc3NC(=O)c4sccc4c23,9.13
155,CHEMBL3667224,CC(N)c1ccc(cc1)c2c(O)ccc3NC(=O)c4sccc4c23,9.14
156,CHEMBL3667250,CC(C)(CN)c1ccc(cc1)c2c(O)ccc3NC(=O)c4sccc4c23,9.17
157,CHEMBL3672289,C[C@@H](CN)c1ccc(cc1)c2c(O)ccc3NC(=O)c4sccc4c23,9.19
158,CHEMBL3667204,NCc1ccc(cc1)c2c(O)ccc3NC(=O)c4sccc4c23,9.2
159,CHEMBL3667234,NCC1CCN(Cc2ccc(cc2F)c3c(O)ccc4NC(=O)c5sccc5c34)CC1,9.24
160,CHEMBL3667248,C[C@@H](N)c1ccc(cc1)c2c(O)ccc3NC(=O)c4sccc4c23,9.27
161,CHEMBL3667249,NCCc1ccc(cc1F)c2c(O)ccc3NC(=O)c4sccc4c23,9.3
162,CHEMBL3667261,CC(C)(N)c1ccc(cc1)c2c(O)ccc3NC(=O)c4sccc4c23,9.37
