,molecule_chembl_id,canonical_smiles,pchembl_value
0,CHEMBL475251,COc1cc(Nc2ncc(F)c(Nc3ccc4OC(C)(C)C(=O)Nc4n3)n2)cc(OC)c1OC,7.8
9,CHEMBL388978,CN[C@@H]1C[C@H]2O[C@@](C)([C@@H]1OC)n3c4ccccc4c5c6CNC(=O)c6c7c8ccccc8n2c7c35,5.17
45,CHEMBL522892,CN1CCN(CC1)c2ccc3nc([nH]c3c2)C4=C(N)c5c(F)cccc5NC4=O,5.04
125,CHEMBL601719,C[C@@H](Oc1cc(cnc1N)c2cnn(c2)C3CCNCC3)c4c(Cl)ccc(F)c4Cl,6.1
131,CHEMBL509032,COc1cc(ccc1Nc2ncc(Cl)c(Nc3ccccc3S(=O)(=O)C(C)C)n2)N4CCC(CC4)N5CCN(C)CC5,6.1
137,CHEMBL1230609,COc1cc2c(Oc3ccc(NC(=O)C4(CC4)C(=O)Nc5ccc(F)cc5)cc3F)ccnc2cc1OCCCN6CCOCC6,6.33
140,CHEMBL1287853,Cc1cnc(Nc2ccc(OCCN3CCCC3)cc2)nc1Nc4cccc(c4)S(=O)(=O)NC(C)(C)C,6.82
143,CHEMBL1908397,O=C(N1CCNCC1)c2ccc(\C=C\c3n[nH]c4ccccc34)cc2,6.28
171,CHEMBL1908394,C[C@@H](Oc1cc(sc1C(=O)N)n2cnc3ccc(CN4CCN(C)CC4)cc23)c5ccccc5C(F)(F)F,5.96
