,molecule_chembl_id,canonical_smiles,pchembl_value
0,nintedanib,COC(=O)c1ccc2\C(=C(\Nc3ccc(cc3)N(C)C(=O)CN4CCN(C)CC4)/c5ccccc5)\C(=O)Nc2c1,7.72
1,CHEMBL3582436,Fc1cccc(c1)C2CCCN2c3ccc4ncc(c5ccc(cc5)C#N)n4n3,7.54
2,CHEMBL2037218,CN1CCN(CC1)c2cc(cc(c2)C(F)(F)F)C(=O)Nc3cccc(Nc4ccc5\C(=C\c6cc(c[nH]6)C#N)\C(=O)Nc5c4)c3,7.57
3,bosutinib,COc1cc(Nc2c(cnc3cc(OCCCN4CCN(C)CC4)c(OC)cc23)C#N)c(Cl)cc1Cl,7.57
4,CHEMBL3582431,OCc1ccc(cc1)c2cnc3ccc(NCc4cccc(F)c4)nn23,7.57
5,CHEMBL3673475,CCC(Oc1ccc(Cn2c(N)nc3cc(cnc23)c4cnn(C)c4)cc1OC)c5ccc(OC)nc5,7.59
6,CHEMBL3673464,COc1ccc(COc2ccc(Cn3cnc4cc(cnc34)c5noc(n5)C6CCNCC6)cc2OC)cn1,7.62
7,CHEMBL3673437,COc1ccc(COc2ccc(Cn3c(N)nc4cc(ccc34)c5cncnc5)cc2OC)cc1,7.64
8,CHEMBL3286830,C[C@H]1Oc2cc(cnc2N)c3c(CN(C)C(=O)c4ccc(F)cc14)nn(C)c3C#N,7.64
9,CHEMBL3673459,COc1ccc(COc2ccc(Cn3cnc4cc(cnc34)N5CC6(CCNCC6)C5)cc2OC)cn1,7.68
10,CHEMBL3582429,Fc1cccc(CNc2ccc3ncc(c4ccc(cc4)C#N)n3n2)c1,7.68
11,CHEMBL2037221,CCN(CC)CCNC(=O)c1c[nH]c(\C=C\2/C(=O)Nc3cc(Nc4cccc(NC(=O)c5cc(cc(c5)C(F)(F)F)N6CCN(C)CC6)c4)ccc23)c1,7.72
12,CHEMBL3673468,COc1ccc(COc2ccc(Cn3cnc4cc(cnc34)n5cc(nn5)C6CCCNC6)cc2OC)cn1,7.75
13,CHEMBL2037220,CN1CCN(CC1)c2cc(cc(c2)C(F)(F)F)C(=O)Nc3cccc(Nc4ccc5\C(=C\c6cc(c[nH]6)C(=O)O)\C(=O)Nc5c4)c3,7.77
14,CHEMBL3673484,COc1ccc(COc2ccc(Cn3c(N)nc4cc(cnc34)c5cncnc5)cc2OC)cn1,7.8
15,CHEMBL2037223,CN(C)CCCNC(=O)c1c(C)[nH]c(\C=C\2/C(=O)Nc3cc(Nc4cccc(NC(=O)c5cc(cc(c5)C(F)(F)F)N6CCN(C)CC6)c4)ccc23)c1C,7.82
16,CHEMBL3678295,COc1cc(ccc1OCc2ccc(nc2)C(F)(F)F)C(C)n3cnc4cc(ccc34)c5cnn(C)c5,7.85
17,CHEMBL603469,C[C@]12O[C@H](C[C@]1(O)CO)n3c4ccccc4c5c6C(=O)NCc6c7c8ccccc8n2c7c35,7.85
18,CHEMBL3673485,COc1ccc(COc2ccc(Cn3c(N)nc4cc(cnc34)c5c(C)nn(C)c5C)cc2OC)cn1,7.89
19,CHEMBL3673461,COc1ccc(COc2ccc(Cn3cnc4cc(cnc34)N5CCC[C@H]5C(=O)O)cc2OC)cn1,7.89
20,CHEMBL3678303,COc1ccc(cn1)C(C)Oc2ccc(Cn3cnc4cc(cnc34)c5cnn(C)c5)cc2OC,7.89
21,CHEMBL3582433,NS(=O)(=O)c1ccc(cc1)c2cnc3ccc(NCc4cccc(F)c4)nn23,7.89
22,CHEMBL2037226,Cc1ccc(NC(=O)Nc2cc(ccc2F)C(F)(F)F)cc1Nc3ccc4\C(=C\c5ccc[nH]5)\C(=O)Nc4c3,7.92
23,CHEMBL23254,CC(C)[C@H](CO)Nc1nc(Nc2ccc(C(=O)O)c(Cl)c2)c3ncn(C(C)C)c3n1,7.96
24,CHEMBL3582438,Fc1cccc(c1)[C@H]2CCCN2c3ccc4ncc(c5ccc(cc5)C#N)n4n3,7.96
25,CHEMBL3408947,COc1ccc2NC(=O)[C@@]3(C[C@H]3c4ccc5c(\C=C\c6ccc(CN7C[C@@H](C)O[C@@H](C)C7)cc6)n[nH]c5c4)c2c1,8.05
26,CHEMBL2037211,CN1CCN(CC1)c2cc(cc(c2)C(F)(F)F)C(=O)Nc3cccc(Nc4ccc5\C(=C\c6ccc[nH]6)\C(=O)Nc5c4)c3,8.16
27,CHEMBL3582432,Fc1cccc(CNc2ccc3ncc(c4ccc(NC(=O)C5CCOCC5)cc4)n3n2)c1,8.16
28,CHEMBL3673440,COc1ccc(COc2ccc(Cn3c(N)nc4cc(ccc34)c5ccc(nc5)P(=O)(C)C)cc2OC)cc1,8.22
29,CHEMBL2010872,CC(C)Cn1c2ccc(Nc3ncccn3)cc2c4c5CNC(=O)c5c6c(CCc7nn(C)cc67)c14,8.3
30,CHEMBL3673442,COc1ccc(COc2ccc(Cn3cnc4cc(ccc34)c5cnn(c5)C6CCNCC6)cc2OC)cn1,8.3
31,CHEMBL518051,CS(=O)(=O)O.OC(=Nc1cccc(Cl)c1)Nc2ncc(CCN=C3NC=Nc4ccsc34)s2,8.3
32,CHEMBL388978,CN[C@@H]1C[C@H]2O[C@@](C)([C@@H]1OC)n3c4ccccc4c5c6CNC(=O)c6c7c8ccccc8n2c7c35,8.35
33,CHEMBL1230609,COc1cc2c(Oc3ccc(NC(=O)C4(CC4)C(=O)Nc5ccc(F)cc5)cc3F)ccnc2cc1OCCCN6CCOCC6,8.39
34,CHEMBL3678302,COc1cc(Cn2cnc3cc(cnc23)C#CCCO)ccc1OCc4ccc(nc4)C(F)F,8.4
35,CHEMBL3673438,COc1ccc(COc2ccc(Cn3c(N)nc4cc(ccc34)c5ccncc5)cc2OC)cc1,8.4
36,CHEMBL3673482,COc1ccc(COc2ccc(Cn3c(N)nc4cc(cnc34)c5ccc(F)cc5)cc2OC)cn1,8.4
37,CHEMBL3673481,COc1ccc(COc2ccc(Cn3c(N)nc4cc(cnc34)c5ccccc5)cc2OC)cn1,8.4
38,CHEMBL3128069,C[C@@H](Oc1cc(cnc1N)c2sc(nc2C)[C@](C)(O)CO)c3cc(F)ccc3n4nccn4,8.4
39,CHEMBL3582442,OC1CCN(CC1)c2cc(ccn2)c3cnc4ccc(nn34)N5CCC[C@@H]5c6cccc(F)c6,8.4
40,CHEMBL3582440,OC1CCN(CC1)c2cccc(n2)c3cnc4ccc(nn34)N5CCC[C@@H]5c6cccc(F)c6,8.4
41,CHEMBL3671309,C[C@@H](Cc1c(F)c(F)cc(F)c1F)NC2=C(C(=O)NC=C2)c3nc4cc5C(=O)N(Cc5cc4[nH]3)C6CCN(C)CC6,8.46
42,CHEMBL1983268,CN1CCN(CC1)c2ccc(C(=O)Nc3n[nH]c4ccc(Cc5cc(F)cc(F)c5)cc34)c(NC6CCOCC6)c2,8.52
43,CHEMBL3678298,COc1cc(ccc1OCc2ccc(cc2)C(F)(F)F)[C@@H](C)n3c(N)nc4cc(cnc34)c5cnn(C)c5,8.52
44,CHEMBL3678289,COc1ccc(COc2ccc(Cn3c(N)nc4cc(cnc34)C#CCCO)cc2OC)cn1,8.52
45,CHEMBL3671311,C[C@@H](Cc1c(F)c(F)cc(F)c1F)NC2=C(C(=O)NC=C2)c3nc4cc5C(=O)N(CCN(C)C)Cc5cc4[nH]3,8.69
46,CHEMBL3673488,COc1ccc(COc2ccc(Cn3c(N)nc4cc(cnc34)c5ccccn5)cc2OC)cn1,8.7
47,CHEMBL3673487,COc1ccc(COc2ccc(Cn3c(N)nc4cc(cnc34)c5cccnc5)cc2OC)cn1,8.7
48,CHEMBL3673483,COc1ccc(COc2ccc(Cn3c(N)nc4cc(cnc34)c5ccn(C)n5)cc2OC)cn1,8.7
49,crizotinib,[H][C@](C)(OC1=C(N)N=CC(=C1)C1=CN(N=C1)C1CCNCC1)C1=C(Cl)C=CC(F)=C1Cl,8.7
50,CHEMBL1980995,CNC1CC2OC(C)(C1OC)n3c4ccccc4c5c6CNC(=O)c6c7c8ccccc8n2c7c35,8.93
51,CHEMBL3678301,COc1cc(ccc1OCc2ccc(nc2)C(F)(F)F)C(C)n3c(N)nc4cc(cnc34)C#CCCO,9.0
52,CHEMBL3678299,COc1cc(ccc1OCc2ccc(nc2)C(F)(F)F)C(C)n3cnc4cc(cnc34)c5cnn(C)c5,9.0
53,CHEMBL3673439,COc1ccc(COc2ccc(Cn3c(N)nc4cc(ccc34)c5cnn(CCN6CCOCC6)c5)cc2OC)cc1,9.0
54,CHEMBL3678292,COc1ccc(COc2ccc(cc2OC)C(C)n3c(N)nc4cc(ccc34)c5cnn(C)c5)cn1,9.0
55,CHEMBL3582439,Fc1cccc(c1)[C@H]2CCCN2c3ccc4ncc(c5ccccn5)n4n3,9.0
56,CHEMBL3582441,OC(=O)CN1CCN(CC1)c2cc(ccn2)c3cnc4ccc(nn34)N5CCC[C@@H]5c6cccc(F)c6,9.0
57,CHEMBL3673462,COc1ccc(COc2ccc(Cn3cnc4cc(cnc34)c5cnn(c5)C6CCNCC6)cc2OC)cn1,9.05
58,CHEMBL3673486,COc1ccc(COc2ccc(Cn3c(N)nc4cc(cnc34)c5ccncc5)cc2OC)cn1,9.16
59,CHEMBL3678284,COc1cc(Cn2c(N)nc3cc(cnc23)c4cnn(C)c4)ccc1OCc5ccc(SC(F)(F)F)cc5,9.22
60,CHEMBL3673489,COc1cc(Cn2c(N)nc3cc(cnc23)c4cnn(C)c4)ccc1OCc5ccc(cc5)C(F)(F)C(F)(F)F,9.22
61,CHEMBL3673463,COc1cc(Cn2cnc3cc(cnc23)c4cnn(c4)C5CCNCC5)ccc1OCc6ccc(C)nc6,9.22
62,CHEMBL3678297,COc1cc(ccc1OCc2ccc(cc2)C(F)(F)F)[C@H](C)n3c(N)nc4cc(cnc34)c5cnn(C)c5,9.22
63,CHEMBL3678300,COc1cc(ccc1OCc2ccc(nc2)C(F)(F)F)C(C)n3c(N)nc4cc(cnc34)c5cnn(C)c5,9.22
64,CHEMBL3673436,COc1ccc(COc2ccc(Cn3c(N)nc4cc(ccc34)c5cnn(C)c5)cc2OC)cc1,9.3
65,CHEMBL3286820,C[C@H]1Oc2cc(cnc2N)c3c(C)nn(C)c3CN(C)C(=O)c4ccc(F)cc14,9.3
66,CHEMBL3286829,C[C@H]1Oc2cc(cnc2N)c3c(CN(C)C(=O)c4ccc(F)cc14)n(C)nc3C5CC5,9.4
67,CHEMBL3678286,COc1cc(Cn2c(N)nc3cc(cnc23)c4cnn(C)c4)ccc1OCc5ccc(CC(F)(F)F)cc5,9.52
68,CHEMBL3673478,COc1cc(Cn2c(N)nc3cc(cnc23)c4cnn(C)c4)ccc1OCc5ccc(cc5)C(F)(F)F,9.52
69,CHEMBL3673476,COc1ccc(COc2ccc(Cn3c(N)nc4cc(cnc34)c5cnn(C)c5)cc2OC)cn1,9.52
70,CHEMBL3678283,COc1cc(Cn2c(N)nc3cc(cnc23)c4cnn(C)c4)ccc1OCc5ccc(OC(F)(F)F)cc5,9.7
71,CHEMBL3678285,COc1cc(Cn2c(N)nc3cc(cnc23)c4cnn(C)c4)ccc1OCc5ccc(nc5)C(C)C,9.7
72,CHEMBL3673477,COc1cc(Cn2c(N)nc3cc(cnc23)c4cnn(C)c4)ccc1OCc5ccc(nc5)C(F)(F)F,9.7
73,CHEMBL3673479,COc1cc(Cn2c(N)nc3cc(cnc23)c4cnn(C)c4)ccc1OCc5ccc(nc5)C6CC6,9.7
74,CHEMBL3673480,COc1cc(Cn2c(N)nc3cc(cnc23)c4cnn(C)c4)ccc1OCc5csc(C)n5,9.7
75,CHEMBL3678287,COc1cc(Cn2c(N)nc3cc(cnc23)c4cnn(C)c4)ccc1OCc5csc(n5)C(F)(F)F,9.7
76,CHEMBL3673453,COc1ccc(COc2ccc(Cn3c(N)nc4cc(cnc34)c5ccc(nc5)P(=O)(C)C)cc2OC)cc1,9.7
77,CHEMBL3673452,COc1ccc(COc2ccc(Cn3c(N)nc4cc(cnc34)c5cnn(C)c5)cc2OC)cc1,10.0
