,molecule_chembl_id,canonical_smiles,pchembl_value
0,nintedanib,COC(=O)c1ccc2\C(=C(\Nc3ccc(cc3)N(C)C(=O)CN4CCN(C)CC4)/c5ccccc5)\C(=O)Nc2c1,8.35
1,CHEMBL212317,CC(Cc1ccc(Cl)cc1)Sc2nsc(Nc3cccnc3)c2C(=O)N,7.54
2,CHEMBL2113065,C[C@]12O[C@H](C[C@@]1(O)C(=O)N)n3c4ccccc4c5c6C(=O)NCc6c7c8ccccc8n2c7c35,7.54
3,CHEMBL3298161,OC(=O)c1cc2cc(ccc2n1CCOc3ccc(OC(F)(F)F)cc3)c4cc[nH]n4,7.54
4,CHEMBL3675919,O[C@@H]1C[C@@H](N(C1)c2ccn3ncc(C(=O)NC4CC4)c3n2)c5cccc(F)c5,7.54
5,CHEMBL377243,NC(=O)c1c(SCc2ccccc2Cl)nsc1Nc3ccncc3,7.55
6,CHEMBL3661615,CC(C)(CO)n1cc(C(=O)c2cncc(NC(=O)Cc3ccc(cc3)C#N)c2)c4cncnc14,7.56
7,CHEMBL3426225,CCn1nc(C#Cc2cc(ccc2C)C(=O)Nc3ccc(CN4CCN(C)CC4)c(c3)C(F)(F)F)c5c(N)ncnc15,7.57
8,CHEMBL2037212,CN1CCN(CC1)c2ccc(cc2C(F)(F)F)C(=O)Nc3cccc(Nc4ccc5\C(=C\c6ccc[nH]6)\C(=O)Nc5c4)c3,7.57
9,CHEMBL3298266,COc1cc(ccc1n2cnc(C)c2)c3cn(CC(=O)Nc4cc(nn4c5ccccc5)C6CC6)nn3,7.57
10,CHEMBL3676044,C[C@H](O)[C@@H](CO)NC(=O)c1cnn2ccc(nc12)N3CCCC3c4cc(F)ccc4F,7.57
11,CHEMBL3675961,NC(=O)c1cnn2ccc(nc12)N3CCC[C@@H]3c4cc(F)ccc4OCCN5CCOCC5,7.57
12,CHEMBL3582433,NS(=O)(=O)c1ccc(cc1)c2cnc3ccc(NCc4cccc(F)c4)nn23,7.57
13,CHEMBL2152271,CN(C)c1cccc(c1)c2cnc3[nH]cc(c4ccncc4)c3c2,7.58
14,CHEMBL3675990,C[C@@H](CO)NC(=O)c1cnn2ccc(nc12)N3CCCC3c4cncc(F)c4,7.58
15,CHEMBL3676010,O[C@@H]1CCCC[C@H]1NC(=O)c2cnn3ccc(nc23)N4CCC[C@@H]4c5cncc(F)c5,7.58
16,CHEMBL3661499,CC(C)c1cn(CC(=O)Nc2cncc(c2)C(=O)c3cn(C(C)C)c4ncncc34)nn1,7.59
17,CHEMBL3661494,CC(C)n1cc(C(=O)c2cncc(NC(=O)Cc3ccc4cccnc4c3)c2)c5cncnc15,7.59
18,CHEMBL3671381,CC(C)n1cc(C(=O)c2cncc(NC(=O)c3cn(cn3)C4CCC4)c2)c5cncnc15,7.59
19,CHEMBL3673464,COc1ccc(COc2ccc(Cn3cnc4cc(cnc34)c5noc(n5)C6CCNCC6)cc2OC)cn1,7.59
20,CHEMBL3676031,COc1ncc(F)cc1[C@H]2CCCN2c3ccn4ncc(C(=O)NC(CO)CO)c4n3,7.59
21,CHEMBL3661625,CC(CO)(CO)n1cc(C(=O)c2cncc(NC(=O)Cc3ccc(cc3)C(F)(F)F)c2)c4cncnc14,7.6
22,CHEMBL3673459,COc1ccc(COc2ccc(Cn3cnc4cc(cnc34)N5CC6(CCNCC6)C5)cc2OC)cn1,7.6
23,CHEMBL2152274,Nc1ccc(cc1)c2cnc3[nH]cc(c4ccncc4)c3c2,7.6
24,CHEMBL3675979,O[C@H]1CC[C@@H](C1)NC(=O)c2cnn3ccc(nc23)N4CCCC4c5cncc(F)c5,7.6
25,CHEMBL3675945,CS(=O)(=O)N1CCC(CC1)NC(=O)c2cnn3ccc(nc23)N4CCCC4c5cncc(F)c5,7.62
26,CHEMBL516136,C[C@H](Nc1nc(NC[C@@H](O)CO)cc(Nc2cc([nH]n2)C3CC3)n1)c4ccc(F)cc4,7.62
27,CHEMBL3286830,C[C@H]1Oc2cc(cnc2N)c3c(CN(C)C(=O)c4ccc(F)cc14)nn(C)c3C#N,7.62
28,CHEMBL3596879,Cn1cc(cn1)c2cncc(Oc3cccc(NC(=O)Nc4cc(on4)C(C)(C)C)c3)n2,7.62
29,CHEMBL3666252,CC(C)c1cn(CC(=O)Nc2cncc(c2)C(=O)c3cn(C(C)C)c4nc(N)ncc34)nn1,7.63
30,CHEMBL3661465,CC(C)n1cc(C(=O)c2cncc(NC(=O)Cc3ccccc3OC4CC4)c2)c5cncnc15,7.64
31,CHEMBL2152272,COc1cccc(c1)c2cnc3[nH]cc(c4ccncc4)c3c2,7.64
32,CHEMBL3675994,O[C@H]1CCCC1NC(=O)c2cnn3ccc(nc23)N4CCCC4c5cncc(F)c5,7.64
33,CHEMBL3666421,CC(C)n1cc(C(=O)c2cncc(NC(=O)c3cc4c(C)coc4cn3)c2)c5cncnc15,7.65
34,CHEMBL3661628,CC(CO)(CO)n1cc(C(=O)c2cncc(NC(=O)Cn3ccc(n3)C(F)(F)F)c2)c4cncnc14,7.65
35,CHEMBL3675992,COCC(C)NC(=O)c1cnn2ccc(nc12)N3CCCC3c4cncc(F)c4,7.65
36,CHEMBL2152277,Cc1ccc(cc1N)c2cnc3[nH]cc(c4ccncc4)c3c2,7.65
37,CHEMBL3596889,CC(C)(C)c1onc(NC(=O)Nc2cccc(Oc3cncc(n3)c4ccc(F)cc4)c2)c1,7.66
38,CHEMBL3661592,CC(C)(C)n1cc(C(=O)c2cncc(NC(=O)Cc3coc(n3)C4CC4)c2)c5cncnc15,7.66
39,CHEMBL3661484,CC(C)n1cc(C(=O)c2cncc(NC(=O)Cc3ccc4ocnc4c3)c2)c5cncnc15,7.66
40,CHEMBL288441,COc1cc(Nc2c(cnc3cc(OCCCN4CCN(C)CC4)c(OC)cc23)C#N)c(Cl)cc1Cl,7.66
41,CHEMBL3676103,COc1ncc(F)cc1[C@H]2CCCN2c3ccn4ncc(C(=O)Nc5ccn(C)n5)c4n3,7.66
42,CHEMBL3671422,COCC(C)(C)n1cc(C(=O)c2cncc(NC(=O)Cc3ccc(F)cn3)c2)c4cnc(N)nc14,7.67
43,CHEMBL3671439,CC(C)(CO)n1cc(C(=O)c2cncc(NC(=O)Cc3ccc(OC(F)(F)F)cc3)c2)c4cnc(N)nc14,7.68
44,CHEMBL3666339,CC(C)(CO)n1cc(C(=O)c2cncc(NC(=O)Cc3ccc(cn3)C#N)c2)c4cnc(N)nc14,7.68
45,CHEMBL254690,CCC(=O)N1CCN(CC1)C(=O)c2cc(Sc3cnc(Nc4cccc(Br)n4)s3)ccc2C,7.68
46,CHEMBL3582438,Fc1cccc(c1)[C@H]2CCCN2c3ccc4ncc(c5ccc(cc5)C#N)n4n3,7.68
47,CHEMBL3675959,OC(=O)C1(CC1)NC(=O)c2cnn3ccc(nc23)N4CCCC4c5cc(F)ccc5F,7.68
48,CHEMBL3671453,CC(C)n1cc(C(=O)C2=CNC(=O)C(=C2)NC(=O)Cn3nc(cc3C)C(F)(F)F)c4cncnc14,7.69
49,CHEMBL3671410,C[C@@H](CO)n1cc(C(=O)c2cncc(NC(=O)Cc3ccc(OC(F)(F)F)cc3)c2)c4cncnc14,7.69
50,CHEMBL3661498,CC(C)c1cc(C)n(CC(=O)Nc2cncc(c2)C(=O)c3cn(C(C)C)c4ncncc34)n1,7.7
51,CHEMBL3671366,COc1cncc(c1)C(=O)Nc2cncc(c2)C(=O)c3cn(C(C)C)c4ncncc34,7.7
52,CHEMBL2113062,C[C@@]1(O)C[C@H]2O[C@]1(C)n3c4ccccc4c5c6CNC(=O)c6c7c8ccccc8n2c7c35,7.7
53,CHEMBL456986,C[C@H](Nc1nccc(Nc2cc([nH]n2)C3CC3)n1)c4ccc(F)cc4,7.7
54,CHEMBL3666292,Cn1cc(C(=O)c2cncc(NC(=O)Nc3ccc(Cl)cc3)c2)c4cncnc14,7.7
55,CHEMBL3676069,CC(C)(C)NC(=O)c1cnn2ccc(nc12)N3CCC[C@@H]3C4=CC(=CNC4=O)F,7.71
56,CHEMBL3661493,CC(C)n1cc(C(=O)c2cncc(NC(=O)Cc3ccc4cn[nH]c4c3)c2)c5cncnc15,7.71
57,CHEMBL3666285,CC(C)n1cc(C(=O)c2cncc(NC(=O)[C@H](N)Cc3ccc(cc3)C(=O)c4ccccc4)c2)c5cncnc15,7.71
58,CHEMBL3661629,CC(C)n1cc(C(=O)c2cncc(NC(=O)Cn3cc(nn3)C(F)(F)F)c2)c4cnc(N)nc14,7.72
59,CHEMBL208881,NC(=O)c1c(SCc2ccc(Cl)cc2)nsc1Nc3cccnc3,7.72
60,CHEMBL2158230,O=C(Nc1ccc(cc1C2=CCCCC2)C3CCN(CCN4CCOCC4)CC3)c5nc(c[nH]5)C#N,7.72
61,CHEMBL2152280,COc1cc(N)cc(c1)c2cnc3[nH]cc(c4ccncc4)c3c2,7.73
62,CHEMBL3676023,COc1ncc(F)cc1[C@H]2CCCN2c3ccn4ncc(C(=O)NOCCOC(C)(C)C)c4n3,7.74
63,CHEMBL3671438,CC(C)(CO)n1cc(C(=O)c2cncc(NC(=O)Cc3ccc(OC(F)F)cc3)c2)c4cnc(N)nc14,7.75
64,CHEMBL3671445,CC1(COC1)n2cc(C(=O)c3cncc(NC(=O)Cc4ccc(c(F)c4)C(F)(F)F)c3)c5cncnc25,7.75
65,CHEMBL386637,CN(C)[C@H]1CCCN(C1)c2ccc(cc2NC(=O)c3cc(ccc3F)C#Cc4cnc(N)nc4)C(F)(F)F,7.75
66,CHEMBL3675935,CC(C)(C)NC(=O)c1cnn2ccc(nc12)N3CC(F)(F)C[C@@H]3c4cccc(F)c4,7.77
67,CHEMBL3678302,COc1cc(Cn2cnc3cc(cnc23)C#CCCO)ccc1OCc4ccc(nc4)C(F)F,7.77
68,CHEMBL3128069,C[C@@H](Oc1cc(cnc1N)c2sc(nc2C)[C@](C)(O)CO)c3cc(F)ccc3n4nccn4,7.77
69,CHEMBL514571,C[C@H](Nc1ncc(F)c(Nc2cc([nH]n2)C3CC3)n1)c4ccc(F)cc4,7.77
70,CHEMBL3676049,Cc1ncc(F)cc1[C@H]2CCCN2c3ccn4ncc(C(=O)NC5CC5)c4n3,7.77
71,CHEMBL3676075,NC(=O)c1cnn2ccc(nc12)N3CCC[C@@H]3c4cc(F)cc(OCC(O)CO)c4,7.77
72,CHEMBL3666263,CC(C)n1ncc(CC(=O)Nc2cncc(c2)C(=O)c3cn(c4nc(N)ncc34)C(C)(C)CO)c1C(F)(F)F,7.78
73,CHEMBL3676070,CC1(C)OCC(COc2ccc(F)cc2[C@H]3CCCN3c4ccn5ncc(C(=O)NC6CC6)c5n4)O1,7.78
74,CHEMBL3671424,COCC(C)(C)n1cc(C(=O)c2cncc(NC(=O)Cn3cc(nn3)C(F)(F)F)c2)c4cnc(N)nc14,7.79
75,CHEMBL3639749,C[C@@H](O)[C@H](CO)NC(=O)c1cnn2ccc(nc12)N3CCCC3c4cc(F)ccc4F,7.79
76,CHEMBL3675962,Fc1ccc(OCCN2CCOCC2)c(c1)[C@H]3CCCN3c4ccn5ncc(C(=O)NC6CC6)c5n4,7.79
77,CHEMBL3675981,OCC1(CC1)NC(=O)c2cnn3ccc(nc23)N4CCCC4c5cncc(F)c5,7.79
78,CHEMBL3676091,CN1C=C(F)C=C([C@H]2CCCN2c3ccn4ncc(C(=O)Nc5ccc(C)nc5)c4n3)C1=O,7.8
79,CHEMBL2037210,CN1CCN(CC1)c2cc(C)cc(c2)C(=O)Nc3cccc(Nc4ccc5\C(=C\c6ccc[nH]6)\C(=O)Nc5c4)c3,7.8
80,CHEMBL210340,CNC(=O)Nc1snc(SC(C(C)C)c2ccc(Cl)cc2)c1C(=O)N,7.8
81,CHEMBL2152264,Nc1cccc(c1)c2cnc3[nH]cc(c4ccncc4)c3c2,7.8
82,CHEMBL3676007,O[C@@H]1CCC[C@H]1NC(=O)c2cnn3ccc(nc23)N4CCC[C@@H]4c5cncc(F)c5,7.8
83,CHEMBL3676061,Cc1ncc(F)cc1C2CCCN2c3ccn4ncc(C(=O)NC5(CO)CC5)c4n3,7.81
84,CHEMBL3676080,CC(C)NC(=O)c1cnn2ccc(nc12)N3[C@H](CO)CC[C@@H]3c4cncc(F)c4,7.82
85,CHEMBL1908842,CN(C)CC(=O)N1CCC(CC1)c2ccc(NC(=O)c3nc(c[nH]3)C#N)c(c2)C4=CCCCC4,7.82
86,CHEMBL456985,CNC(=O)C[C@H](Nc1ncc(Cl)c(Nc2cc([nH]n2)C3CC3)n1)c4ccc(F)cc4,7.82
87,CHEMBL3675989,C[C@H](CO)NC(=O)c1cnn2ccc(nc12)N3CCCC3c4cncc(F)c4,7.82
88,CHEMBL3671466,Cn1cc(C(=O)c2cncc(c2)N(N)C(=O)Cc3n[nH]c4CCCc34)c5cncnc15,7.82
89,CHEMBL3661618,CC(C)(CO)n1cc(C(=O)c2cncc(NC(=O)Cc3ccc4cccnc4c3)c2)c5cncnc15,7.83
90,CHEMBL3661500,CC(C)n1cc(C(=O)c2cncc(NC(=O)Cn3cc(nn3)C(F)(F)F)c2)c4cncnc14,7.83
91,CHEMBL3676071,CC1(C)OCC(COc2ccc(F)cc2[C@H]3CCCN3c4ccn5ncc(C(=O)N)c5n4)O1,7.85
92,CHEMBL3671446,CC1(COC1)n2cc(C(=O)c3cncc(NC(=O)c4cccc(c4)C(F)(F)F)c3)c5cncnc25,7.85
93,CHEMBL3673485,COc1ccc(COc2ccc(Cn3c(N)nc4cc(cnc34)c5c(C)nn(C)c5C)cc2OC)cn1,7.85
94,CHEMBL3659504,C[C@H](Nc1ccc2ncn(c3cc(C)[nH]n3)c2n1)c4ccc(F)cn4,7.85
95,CHEMBL404561,C[C@H](OC(=O)NCCCCl)[C@H]1c2ccccc2c3c1c4[nH]c5ccccc5c4c6CNC(=O)c36,7.85
96,CHEMBL2152282,CN(C)CCOc1cc(N)cc(c1)c2cnc3[nH]cc(c4ccncc4)c3c2,7.87
97,CHEMBL3675999,CC(C)(CO)CNC(=O)c1cnn2ccc(nc12)N3CCC[C@@H]3c4cncc(F)c4,7.89
98,CHEMBL516142,CN(C)C(=O)C[C@H](Nc1ncc(Cl)c(Nc2cc([nH]n2)C3CC3)n1)c4ccc(F)cc4,7.89
99,CHEMBL3676090,CN1C=C(F)C=C([C@H]2CCCN2c3ccn4ncc(C(=O)NC5CC5)c4n3)C1=O,7.89
100,CHEMBL281948,COC(=O)[C@@]1(O)C[C@H]2O[C@]1(C)n3c4ccccc4c5c6CNC(=O)c6c7c8ccccc8n2c7c35,7.89
101,CHEMBL416056,COC(=O)[C@]1(O)C[C@@H]2O[C@@]1(C)n3c4ccccc4c5c6CNC(=O)c6c7c8ccccc8n2c7c35,7.89
102,CHEMBL3298265,Cc1cn2cc(CNc3ncnc4ccc(nc34)N5CCC[C@@H]5c6cc(F)ccc6F)nc2s1,7.89
103,CHEMBL3763303,O=C(CCc1occc1)Nc2nc(cs2)c3ccccc3,7.89
104,CHEMBL3661617,CC(C)c1cn(CC(=O)Nc2cncc(c2)C(=O)c3cn(c4ncncc34)C(C)(C)CO)nn1,7.9
105,CHEMBL3671392,CC(C)n1cc(C(=O)c2cncc(NC(=O)c3n[nH]c4ccc(F)cc34)c2)c5cncnc15,7.9
106,CHEMBL3676067,CCc1ncc(F)cc1C2CCCN2c3ccn4ncc(C(=O)N[C@H]5CC[C@H](O)C5)c4n3,7.9
107,CHEMBL3675949,NC(=O)c1cnn2ccc(nc12)N3CCC[C@@H]3c4cccc(F)c4,7.9
108,CHEMBL3676016,NCCCNC(=O)c1cnn2ccc(nc12)N3CCC[C@@H]3C4=CC(=CNC4=O)F,7.9
109,CHEMBL3676048,CC(C)(C)[C@@H](CO)NC(=O)c1cnn2ccc(nc12)N3CCC[C@@H]3c4cc(F)ccc4F,7.91
110,CHEMBL3666260,CC(C)(CO)n1cc(C(=O)c2cncc(NC(=O)Cc3ccc4ocnc4c3)c2)c5cnc(N)nc15,7.91
111,CHEMBL3676089,CC(C)NC(=O)c1cnn2ccc(nc12)N3CCC[C@@H]3C4=CC(=CN(C)C4=O)F,7.91
112,CHEMBL3661488,CC(C)n1cc(C(=O)c2cncc(NC(=O)Cn3cc4ccccc4n3)c2)c5cncnc15,7.91
113,CHEMBL3661501,CC(C)n1cc(C(=O)c2cncc(NC(=O)Cn3ncc4cccc(F)c34)c2)c5cncnc15,7.91
114,CHEMBL3661598,C[C@H](CO)n1cc(C(=O)c2cncc(NC(=O)Cc3cccc(c3)C(F)(F)F)c2)c4cncnc14,7.91
115,CHEMBL3676043,C[C@H](O)[C@H](CO)NC(=O)c1cnn2ccc(nc12)N3CCCC3c4cc(F)ccc4F,7.91
116,CHEMBL3671440,CC(C)(CO)n1cc(C(=O)c2cncc(NC(=O)Cc3ccc(F)c(F)c3)c2)c4cnc(N)nc14,7.92
117,CHEMBL3661463,CC(C)n1cc(C(=O)c2cncc(NC(=O)Cc3ccc(Cl)c(Cl)c3)c2)c4cncnc14,7.92
118,CHEMBL518051,CS(=O)(=O)O.OC(=Nc1cccc(Cl)c1)Nc2ncc(CCN=C3NC=Nc4ccsc34)s2,7.92
119,CHEMBL3659495,C[C@H](Nc1ncc2ncn(c3cc([nH]n3)C4CC4)c2n1)c5ncc(F)cn5,7.92
120,CHEMBL172179,Cn1cc(\C=C\2/C(=O)Nc3ncccc23)c4ccccc14,7.92
121,CHEMBL3596893,Cn1cc(cn1)c2cncc(n2)c3ccc(NC(=O)Nc4cc(nn4C)C(C)(C)C)cc3,7.92
122,CHEMBL456587,OC[C@H](Nc1nc(NCCN2CCOCC2)c(Cl)c(Nc3cc([nH]n3)C4CC4)n1)c5ccc(F)cc5,7.92
123,CHEMBL3666261,CC(C)(CO)n1cc(C(=O)c2cncc(NC(=O)Cc3cccc(c3)S(=O)(=O)C)c2)c4cnc(N)nc14,7.93
124,CHEMBL3675975,Fc1cncc(c1)[C@H]2CCCN2c3ccn4ncc(C(=O)NC5CCC5)c4n3,7.93
125,CHEMBL3676039,OC1CCN(CCNC(=O)c2cnn3ccc(nc23)N4CCC[C@@H]4c5cc(F)ccc5F)CC1,7.94
126,CHEMBL3671401,OCC1(CC1)n2cc(C(=O)c3cncc(NC(=O)Cc4ccc(Cl)cn4)c3)c5cncnc25,7.94
127,CHEMBL3109645,CC(C)N(Cc1c[nH]c2ncccc12)C(=O)Nc3ccc(OC(F)(F)F)cc3,7.95
128,CHEMBL3676050,CCc1ncc(F)cc1[C@H]2CCCN2c3ccn4ncc(C(=O)NC5CC5)c4n3,7.95
129,CHEMBL3676102,COc1ncc(F)cc1C2CCCN2c3ccn4ncc(C(=O)Nc5cc(C)n[nH]5)c4n3,7.95
130,CHEMBL3661464,CC(C)n1cc(C(=O)c2cncc(NC(=O)Cc3ccc(Cl)cc3)c2)c4cncnc14,7.96
131,CHEMBL254702,CC1CCN(CC1)c2cc(ccc2NC(=O)c3cc(c[nH]3)C#N)N4CCN(C)CC4,7.96
132,CHEMBL3297748,CN1CCN(CC1)c2ccc(Nc3ncnc4ccc(NCc5cccc(Cl)c5)nc34)cc2,7.96
133,CHEMBL3671408,C[C@@H](CO)n1cc(C(=O)c2cncc(NC(=O)Cn3cc4ccccc4n3)c2)c5cncnc15,7.96
134,CHEMBL3676096,CN1C=C(F)C=C([C@H]2CCCN2c3ccn4ncc(C(=O)N[C@@H]5CCCC[C@H]5O)c4n3)C1=O,7.97
135,CHEMBL3675930,CC(C)(C)NC(=O)c1cnn2ccc(nc12)N3CCC[C@@H]3c4cncc(F)c4,7.98
136,CHEMBL3676088,CN1C=C(F)C=C([C@H]2CCCN2c3ccn4ncc(C(=O)NC(C)(C)C)c4n3)C1=O,7.98
137,CHEMBL3671413,COCC(C)(C)n1cc(C(=O)c2cncc(NC(=O)Cc3ccc(F)cn3)c2)c4cncnc14,7.98
138,CHEMBL3675909,OC1CN(C1)C(=O)c2cnn3ccc(nc23)N4CCC[C@@H]4c5cc(F)ccc5F,7.98
139,CHEMBL3661593,CC(C)(C)n1cc(C(=O)c2cncc(NC(=O)Cc3cccc(c3)S(=O)(=O)C)c2)c4cncnc14,8.0
140,CHEMBL254268,CN(CCC#N)C(=O)c1cc(Sc2cnc(Nc3cccc(Br)n3)s2)ccc1C,8.0
141,CHEMBL3676101,CN1C=C(F)C=C([C@H]2CCCN2c3ccn4ncc(C(=O)Nc5ccc(F)cn5)c4n3)C1=O,8.0
142,CHEMBL3676029,COc1ncc(F)cc1[C@H]2CCCN2c3ccn4ncc(C(=O)NCC(C)(C)O)c4n3,8.0
143,CHEMBL456354,C[C@H](Nc1ncc(C)c(Nc2cc([nH]n2)C3CC3)n1)c4ccc(F)cc4,8.0
144,CHEMBL445660,NC(=O)Nc1snc(SC2CCc3cc(Cl)ccc23)c1C(=O)N,8.0
145,CHEMBL3582442,OC1CCN(CC1)c2cc(ccn2)c3cnc4ccc(nn34)N5CCC[C@@H]5c6cccc(F)c6,8.0
146,CHEMBL514257,OC[C@H](Nc1ncc(Cl)c(Nc2cc([nH]n2)C3CC3)n1)c4ccc(F)cc4,8.0
147,CHEMBL3671471,Nc1ncc2c(cn(c2n1)C34CC(C3)C4)C(=O)c5cncc(NC(=O)Cc6ccc(cc6)C#N)c5,8.01
148,CHEMBL3671444,CC1(COC1)n2cc(C(=O)c3cncc(NC(=O)Cc4cccc(c4)C(F)(F)F)c3)c5cncnc25,8.02
149,CHEMBL3671431,CN(c1ccc(CC(=O)Nc2cncc(c2)C(=O)c3cn(c4nc(N)ncc34)C(C)(C)CO)cc1)S(=O)(=O)C,8.02
150,CHEMBL3671403,OCC1(CC1)n2cc(C(=O)c3cncc(NC(=O)Cn4ccc(n4)C(F)(F)F)c3)c5cncnc25,8.02
151,CHEMBL3675934,CC(C)(N)CNC(=O)c1cnn2ccc(nc12)N3CCC[C@@H]3c4cc(F)ccc4F,8.03
152,CHEMBL3661627,CC(CO)(CO)n1cc(C(=O)c2cncc(NC(=O)Cc3cccc(c3)C(F)(F)F)c2)c4cncnc14,8.03
153,CHEMBL3676015,COc1ncc(F)cc1[C@H]2CCCN2c3ccn4ncc(C(=O)NCCCNC(=O)OC(C)(C)C)c4n3,8.03
154,CHEMBL3675960,Fc1cc(OCCN2CCOCC2)cc(c1)[C@H]3CCCN3c4ccn5ncc(C(=O)NC6CC6)c5n4,8.03
155,CHEMBL2152285,Nc1cc(NS(=O)(=O)c2ccccc2)cc(c1)c3cnc4[nH]cc(c5ccncc5)c4c3,8.03
156,CHEMBL3298268,CC(C)(C)c1cc(NC(=O)Cn2cc(nn2)c3ccc(nc3)n4ccnc4)n(n1)c5cccnc5,8.05
157,CHEMBL425066,CCC(Sc1nsc(NC(=O)NC)c1C(=O)N)c2ccc(Cl)cc2,8.05
158,CHEMBL3676105,CCc1cc(NC(=O)c2cnn3ccc(nc23)N4CCCC4c5cc(F)cnc5OC)[nH]n1,8.05
159,CHEMBL2037222,CN1CCN(CC1)c2cc(cc(c2)C(F)(F)F)C(=O)Nc3cccc(Nc4ccc5\C(=C\c6[nH]c(C)c(C(=O)O)c6C)\C(=O)Nc5c4)c3,8.05
160,CHEMBL3673482,COc1ccc(COc2ccc(Cn3c(N)nc4cc(cnc34)c5ccc(F)cc5)cc2OC)cn1,8.05
161,CHEMBL3676104,COc1ncc(F)cc1[C@H]2CCCN2c3ccn4ncc(C(=O)Nc5cc(n[nH]5)C6CC6)c4n3,8.05
162,CHEMBL456801,C[C@H](Nc1nc(NC[C@@H](O)CO)c(Cl)c(Nc2cc([nH]n2)C3CC3)n1)c4ccc(F)cc4,8.05
163,CHEMBL254555,C[C@H](OC(=O)NCC=C)[C@H]1c2ccccc2c3c1c4[nH]c5ccccc5c4c6CNC(=O)c36,8.05
164,CHEMBL2037225,Cc1ccc(NC(=O)Nc2cccc(c2)C(F)(F)F)cc1Nc3ccc4\C(=C\c5ccc[nH]5)\C(=O)Nc4c3,8.05
165,CHEMBL3298267,Cc1cn(cn1)c2ccc(cc2)c3cn(CC(=O)Nc4cc(nn4c5ccccc5)C6CC6)nn3,8.05
166,CHEMBL3675973,Fc1cncc(c1)[C@H]2CCCN2c3ccn4ncc(C(=O)NC5(CC5)C(F)(F)F)c4n3,8.05
167,CHEMBL1276446,O=C1Nc2ccc3ncsc3c2/C/1=C/Nc4ccc(cc4)S(=O)(=O)Nc5ccccn5,8.05
168,CHEMBL3675946,CC(C)(CF)NC(=O)c1cnn2ccc(nc12)N3CCC[C@@H]3c4cncc(F)c4,8.06
169,CHEMBL3666262,CC(C)(CO)n1cc(C(=O)c2cncc(NC(=O)Cc3ccc(cc3)C#N)c2)c4cnc(N)nc14,8.06
170,CHEMBL3666246,CC(C)n1cc(C(=O)c2cncc(NC(=O)Cc3ccc(Cl)cn3)c2)c4cnc(N)nc14,8.06
171,CHEMBL3661485,CC(C)n1cc(C(=O)c2cncc(NC(=O)Cn3ccc(n3)C4CC4)c2)c5cncnc15,8.06
172,CHEMBL3676093,CN1C=C(F)C=C([C@H]2CCCN2c3ccn4ncc(C(=O)Nc5cccnc5)c4n3)C1=O,8.06
173,CHEMBL3676047,CC(C)[C@@H](CO)NC(=O)c1cnn2ccc(nc12)N3CCCC3c4cc(F)ccc4F,8.07
174,CHEMBL3676079,CC1(CC1)NC(=O)c2cnn3ccc(nc23)N4[C@H](CO)CC[C@@H]4c5cncc(F)c5,8.07
175,CHEMBL3676053,Cc1ncc(F)cc1C2CCCN2c3ccn4ncc(C(=O)NC5CCC5)c4n3,8.07
176,CHEMBL388978,CN[C@@H]1C[C@H]2O[C@@](C)([C@@H]1OC)n3c4ccccc4c5c6CNC(=O)c6c7c8ccccc8n2c7c35,8.08
177,CHEMBL603469,C[C@]12O[C@H](C[C@]1(O)CO)n3c4ccccc4c5c6C(=O)NCc6c7c8ccccc8n2c7c35,8.08
178,CHEMBL2152283,Nc1cc(OCCN2CCOCC2)cc(c1)c3cnc4[nH]cc(c5ccncc5)c4c3,8.08
179,CHEMBL3671468,CS(=O)(=O)c1cccc(CC(=O)Nc2cncc(c2)C(=O)c3cn(c4nc(N)ncc34)C56CC(C5)C6)c1,8.09
180,CHEMBL427901,CCNC(=O)O[C@@H](C)[C@H]1c2ccccc2c3c1c4[nH]c5ccccc5c4c6CNC(=O)c36,8.1
181,CHEMBL211883,CNC(=O)Nc1snc(SC2CCc3cc(Cl)ccc23)c1C(=O)N,8.1
182,CHEMBL3673438,COc1ccc(COc2ccc(Cn3c(N)nc4cc(ccc34)c5ccncc5)cc2OC)cc1,8.1
183,CHEMBL3673461,COc1ccc(COc2ccc(Cn3cnc4cc(cnc34)N5CCC[C@H]5C(=O)O)cc2OC)cn1,8.1
184,CHEMBL176857,COc1ccccc1c2cc(\C=C\3/C(=O)Nc4ncc(Br)cc34)cc(Br)c2O,8.1
185,CHEMBL3676017,COc1ncc(F)cc1[C@H]2CCCN2c3ccn4ncc(C(=O)NC[C@H](O)CO)c4n3,8.1
186,CHEMBL3676003,C[C@@H](NC(=O)c1cnn2ccc(nc12)N3CCCC3c4cncc(F)c4)C(F)(F)F,8.1
187,CHEMBL2037226,Cc1ccc(NC(=O)Nc2cc(ccc2F)C(F)(F)F)cc1Nc3ccc4\C(=C\c5ccc[nH]5)\C(=O)Nc4c3,8.1
188,CHEMBL1794056,O=C1Nc2ccccc2/C/1=C/Nc3ccc(cc3)n4cncn4,8.1
189,CHEMBL3298162,OC(=O)c1cc2c(nccc2n1Cc3noc(n3)c4ccccc4)c5cccc6ccccc56,8.1
190,CHEMBL3676062,Cc1ncc(F)cc1C2CCCN2c3ccn4ncc(C(=O)NC5CCC(O)CC5)c4n3,8.11
191,CHEMBL3675980,Fc1cncc(c1)C2CCCN2c3ccn4ncc(C(=O)NCC5CC5)c4n3,8.11
192,CHEMBL3661502,CC(C)n1cc(C(=O)c2cncc(NC(=O)Cn3nc4ccccc4n3)c2)c5cncnc15,8.12
193,CHEMBL3671426,COCC(C)(C)n1cc(C(=O)c2cncc(NC(=O)Cn3cc(nn3)C4CC4)c2)c5cnc(N)nc15,8.12
194,CHEMBL3676052,CC(C)NC(=O)c1cnn2ccc(nc12)N3CCC[C@@H]3c4cc(F)cnc4C,8.13
195,CHEMBL3676008,FC(F)CNC(=O)c1cnn2ccc(nc12)N3CCC[C@@H]3c4cncc(F)c4,8.13
196,CHEMBL3675929,Fc1cncc(c1)[C@H]2CCCN2c3ccn4ncc(C(=O)NC5CC5)c4n3,8.13
197,CHEMBL3671396,CC(C)n1cc(C(=O)c2cncc(NC(=O)C(O)c3ccccc3)c2)c4cncnc14,8.14
198,CHEMBL2037211,CN1CCN(CC1)c2cc(cc(c2)C(F)(F)F)C(=O)Nc3cccc(Nc4ccc5\C(=C\c6ccc[nH]6)\C(=O)Nc5c4)c3,8.16
199,CHEMBL378978,CNC(=O)Nc1snc(SCc2ccc(Cl)cc2)c1C(=O)N,8.16
200,CHEMBL3675950,CONC(=O)c1cnn2ccc(nc12)N3CCC[C@@H]3c4cccc(F)c4,8.16
201,CHEMBL3678299,COc1cc(ccc1OCc2ccc(nc2)C(F)(F)F)C(C)n3cnc4cc(cnc34)c5cnn(C)c5,8.16
202,CHEMBL3673440,COc1ccc(COc2ccc(Cn3c(N)nc4cc(ccc34)c5ccc(nc5)P(=O)(C)C)cc2OC)cc1,8.16
203,CHEMBL3678289,COc1ccc(COc2ccc(Cn3c(N)nc4cc(cnc34)C#CCCO)cc2OC)cn1,8.16
204,CHEMBL457393,C[C@H](Nc1ncc(F)c(Nc2cc([nH]n2)C3CC3)n1)c4ccc(F)cn4,8.16
205,CHEMBL2037209,Cc1cn(cn1)c2cc(cc(c2)C(F)(F)F)C(=O)Nc3cccc(Nc4ccc5\C(=C\c6ccc[nH]6)\C(=O)Nc5c4)c3,8.16
206,CHEMBL3676051,Cc1ncc(F)cc1[C@H]2CCCN2c3ccn4ncc(C(=O)NC(C)(C)C)c4n3,8.16
207,CHEMBL2037224,FC(F)(F)c1cccc(NC(=O)Nc2cccc(Nc3ccc4\C(=C\c5ccc[nH]5)\C(=O)Nc4c3)c2)c1,8.16
208,CHEMBL2037208,FC(F)(F)c1cccc(c1)C(=O)Nc2cccc(Nc3ccc4\C(=C\c5ccc[nH]5)\C(=O)Nc4c3)c2,8.16
209,CHEMBL1794057,O=C1Nc2ccc(N\C=C\3/C(=O)Nc4ccccc34)cc2N1,8.16
210,CHEMBL3675974,OC1CCC(CC1)NC(=O)c2cnn3ccc(nc23)N4CCC[C@@H]4c5cncc(F)c5,8.16
211,CHEMBL3676078,CC(NC(=O)c1cnn2ccc(nc12)N3C(CO)CCC3c4cncc(F)c4)C(F)(F)F,8.17
212,CHEMBL3676063,Cc1ncc(F)cc1C2CCCN2c3ccn4ncc(C(=O)N[C@H]5CC[C@H](O)C5)c4n3,8.17
213,CHEMBL3639748,CC1(C)CC[C@@H](N1c2ccn3ncc(C(=O)NC4CC4)c3n2)c5cc(F)ccc5F,8.18
214,CHEMBL3109646,CC(C)N(Cc1c[nH]c2ncccc12)C(=O)Nc3ccc(SC(F)(F)F)cc3,8.19
215,CHEMBL3675997,C[C@@H](NC(=O)c1cnn2ccc(nc12)N3CCC[C@@H]3c4cncc(F)c4)C5CC5,8.19
216,CHEMBL3675972,FC(CCl)CNC(=O)c1cnn2ccc(nc12)N3CCC[C@@H]3c4cncc(F)c4,8.21
217,CHEMBL3675963,OC[C@H](O)CONC(=O)c1cnn2ccc(nc12)N3CCC[C@@H]3c4cc(F)ccc4F,8.21
218,CHEMBL458286,CC(C)Oc1cc(Nc2nc(N[C@@H](C)c3ccc(F)cc3)ncc2Cl)n[nH]1,8.22
219,CHEMBL3659501,CC[C@H](Nc1ccc2ncn(c3cc(OC(C)C)[nH]n3)c2n1)c4ccc(F)cn4,8.22
220,CHEMBL3673481,COc1ccc(COc2ccc(Cn3c(N)nc4cc(cnc34)c5ccccc5)cc2OC)cn1,8.22
221,CHEMBL3673442,COc1ccc(COc2ccc(Cn3cnc4cc(ccc34)c5cnn(c5)C6CCNCC6)cc2OC)cn1,8.22
222,CHEMBL3408947,COc1ccc2NC(=O)[C@@]3(C[C@H]3c4ccc5c(\C=C\c6ccc(CN7C[C@@H](C)O[C@@H](C)C7)cc6)n[nH]c5c4)c2c1,8.22
223,CHEMBL3676020,COc1ncc(F)cc1[C@H]2CCCN2c3ccn4ncc(C(=O)NCC(O)CO)c4n3,8.22
224,CHEMBL1794058,CS(=O)(=O)Nc1ccc(N\C=C\2/C(=O)Nc3ccccc23)cc1,8.22
225,CHEMBL456976,C[C@H](Nc1ncc(Br)c(Nc2cc([nH]n2)C3CC3)n1)c4ccc(F)cc4,8.22
226,CHEMBL3582432,Fc1cccc(CNc2ccc3ncc(c4ccc(NC(=O)C5CCOCC5)cc4)n3n2)c1,8.22
227,CHEMBL3671461,Nc1ncc2c(cn(c2n1)C34CC(C3)C4)C(=O)c5cncc(NC(=O)Cc6ccc(F)cn6)c5,8.22
228,CHEMBL175321,Oc1ccc2\C(=C\3/C(=O)Nc4ccccc34)\CCc2c1,8.22
229,CHEMBL3671406,CC(C)(C)n1cc(C(=O)c2cncc(NC(=O)Cc3ccc(cn3)C#N)c2)c4cnc(N)nc14,8.23
230,CHEMBL3676082,CC(C)NC(=O)c1cnn2ccc(nc12)N3C[C@@H](O)C[C@@H]3c4cccc(F)c4,8.24
231,CHEMBL3676021,COc1ncc(F)cc1[C@H]2CCCN2c3ccn4ncc(C(=O)NC[C@@H](O)CO)c4n3,8.24
232,CHEMBL3671432,CC(C)(CO)n1cc(C(=O)c2cncc(NC(=O)Cc3nc4ccccc4[nH]3)c2)c5cnc(N)nc15,8.26
233,CHEMBL3661490,CC(C)n1cc(C(=O)c2cncc(NC(=O)Cn3nc(cc3C)C(F)(F)F)c2)c4cncnc14,8.26
234,CHEMBL3671388,CC(C)n1cc(C(=O)c2cncc(NC(=O)c3[nH]nc4ccccc34)c2)c5cncnc15,8.26
235,CHEMBL3666427,CCc1ccnc(c1)C(=O)Nc2cncc(c2)C(=O)c3cn(C(C)C)c4ncncc34,8.26
236,CHEMBL2152289,CC(=O)Nc1cc(N)cc(c1)c2cnc3[nH]cc(c4ccncc4)c3c2,8.27
237,CHEMBL3671420,CC(C)(C)n1cc(C(=O)c2cncc(NC(=O)Cc3ccc(F)cc3)c2)c4cncnc14,8.27
238,CHEMBL3675952,COCCOc1cc(F)cc(c1)[C@H]2CCCN2c3ccn4ncc(C(=O)NC5CC5)c4n3,8.27
239,CHEMBL3675970,Fc1ccc(NC(=O)c2cnn3ccc(nc23)N4CCC[C@@H]4c5cncc(F)c5)nc1,8.27
240,CHEMBL3675976,CC1(CCC1)NC(=O)c2cnn3ccc(nc23)N4CCCC4c5cncc(F)c5,8.28
241,CHEMBL3675910,CC1(O)CN(C1)C(=O)c2cnn3ccc(nc23)N4CCC[C@@H]4c5cc(F)ccc5F,8.28
242,CHEMBL3675968,CC(C)NC(=O)c1cnn2ccc(nc12)N3CCC[C@@H]3c4cncc(F)c4,8.29
243,CHEMBL3661492,CC(C)n1cc(C(=O)c2cncc(NC(=O)Cc3ccc(Cl)cn3)c2)c4cncnc14,8.29
244,CHEMBL3666256,CC(C)n1cc(C(=O)c2cncc(NC(=O)Cn3ccc(n3)C(F)(F)F)c2)c4cnc(N)nc14,8.29
245,CHEMBL3666395,CC(C)n1cc(C(=O)c2cncc(NC(=O)c3c[nH]c4ncc(C)cc34)c2)c5cncnc15,8.29
246,CHEMBL3675943,CC1(C)CC[C@@H](N1c2ccn3ncc(C(=O)N)c3n2)c4cc(F)ccc4F,8.29
247,CHEMBL94678,COC(=O)[C@]1(O)C[C@H]2O[C@]1(C)n3c4ccccc4c5c6CNC(=O)c6c7c8ccccc8n2c7c35,8.3
248,CHEMBL3678298,COc1cc(ccc1OCc2ccc(cc2)C(F)(F)F)[C@@H](C)n3c(N)nc4cc(cnc34)c5cnn(C)c5,8.3
249,CHEMBL3673487,COc1ccc(COc2ccc(Cn3c(N)nc4cc(cnc34)c5cccnc5)cc2OC)cn1,8.3
250,CHEMBL3659496,C[C@H](Nc1ncc2ncn(c3cc([nH]n3)C4CC4)c2n1)c5ccc(F)cn5,8.3
251,CHEMBL3596892,Cn1cc(cn1)c2cncc(n2)c3ccc(NC(=O)Nc4onc(c4)C(C)(C)C)cc3,8.3
252,CHEMBL3676005,Fc1cncc(c1)[C@H]2CCCN2c3ccn4ncc(C(=O)NCC(F)(F)F)c4n3,8.3
253,CHEMBL3582440,OC1CCN(CC1)c2cccc(n2)c3cnc4ccc(nn34)N5CCC[C@@H]5c6cccc(F)c6,8.3
254,CHEMBL3661491,CC(C)n1cc(C(=O)c2cncc(NC(=O)Cn3ccc(n3)C(F)(F)F)c2)c4cncnc14,8.31
255,CHEMBL1230609,COc1cc2c(Oc3ccc(NC(=O)C4(CC4)C(=O)Nc5ccc(F)cc5)cc3F)ccnc2cc1OCCCN6CCOCC6,8.32
256,CHEMBL3676064,Cc1ncc(F)cc1C2CCCN2c3ccn4ncc(C(=O)N[C@@H]5CCC[C@H]5O)c4n3,8.32
257,CHEMBL3666248,CC(C)n1cc(C(=O)c2cncc(NC(=O)Cc3ccc(cc3)C(F)(F)F)c2)c4cnc(N)nc14,8.33
258,CHEMBL3666249,CC(C)n1cc(C(=O)c2cncc(NC(=O)Cc3cccc(c3)C(F)(F)F)c2)c4cnc(N)nc14,8.33
259,CHEMBL3676040,CN1CCN(CCNC(=O)c2cnn3ccc(nc23)N4CCCC4c5cc(F)ccc5F)CC1,8.33
260,CHEMBL3671467,Cn1cc(cn1)n2nc(cc2NC(=O)Nc3cncc(c3)C(=O)c4cn(C)c5ncncc45)C(C)(C)C,8.33
261,CHEMBL3671398,CC(C)(C)n1cc(C(=O)c2cncc(NC(=O)Cc3ccc(cc3)C#N)c2)c4cnc(N)nc14,8.34
262,CHEMBL2152286,Cc1ccc(cc1)S(=O)(=O)Nc2cc(N)cc(c2)c3cnc4[nH]cc(c5ccncc5)c4c3,8.34
263,CHEMBL3671402,OCC1(CC1)n2cc(C(=O)c3cncc(NC(=O)Cc4ccc(cc4)C(F)(F)F)c3)c5cncnc25,8.34
264,CHEMBL3675939,OC[C@H](O)CNC(=O)c1cnn2ccc(nc12)N3CCC[C@@H]3c4cc(F)ccc4C(F)(F)F,8.34
265,CHEMBL3676094,CN1C=C(F)C=C([C@H]2CCCN2c3ccn4ncc(C(=O)NCC5CC5)c4n3)C1=O,8.35
266,CHEMBL3671427,CC(C)(CO)n1cc(C(=O)c2cncc(NC(=O)Cn3cc4ccccc4n3)c2)c5cnc(N)nc15,8.36
267,CHEMBL3661606,CC(CO)n1cc(C(=O)c2cncc(NC(=O)Cc3cccc(c3)C(F)(F)F)c2)c4cnc(N)nc14,8.36
268,CHEMBL3676030,COc1ncc(F)cc1[C@H]2CCCN2c3ccn4ncc(C(=O)NC5CCN(CCO)CC5)c4n3,8.37
269,CHEMBL3661597,C[C@@H](CO)n1cc(C(=O)c2cncc(NC(=O)Cc3cccc(c3)C(F)(F)F)c2)c4cncnc14,8.37
270,CHEMBL3675927,CC(C)(O)CNC(=O)c1cnn2ccc(nc12)N3CCCC3c4cc(F)ccc4CO,8.38
271,CHEMBL3661462,CC(C)n1cc(C(=O)c2cncc(NC(=O)Cc3ccc(cc3)C(F)(F)F)c2)c4cncnc14,8.38
272,CHEMBL3676077,NC(=O)c1cnn2ccc(nc12)N3CCC[C@@H]3c4cc(F)ccc4OCC(O)CO,8.38
273,CHEMBL3666440,CC(C)n1cc(C(=O)c2cncc(NC(=O)c3csc(n3)C4CCC4)c2)c5cncnc15,8.39
274,CHEMBL3671415,COCC(C)(C)n1cc(C(=O)c2cncc(NC(=O)Cc3ccc(F)cc3)c2)c4cncnc14,8.39
275,CHEMBL456324,CC(C)Oc1cc(Nc2nc(N[C@@H](C)c3ccc(F)cc3)nc(NC(CO)CO)c2Cl)n[nH]1,8.4
276,CHEMBL3659502,CC(C)Oc1cc(n[nH]1)n2cnc3cc(Cl)c(N[C@@H](C)c4ccc(F)cn4)nc23,8.4
277,CHEMBL3639603,CC(C)n1cc(C(=O)c2cncc(NC(=O)Cn3ncc4cc(F)ccc34)c2)c5cncnc15,8.4
278,CHEMBL370493,CC1(C)O[C@H](C[C@@]1(O)CO)n2c3ccccc3c4c5C(=O)NCc5c6c7ccccc7[nH]c6c24,8.4
279,CHEMBL365585,CC1(C)O[C@H](C[C@]1(O)CO)n2c3ccccc3c4c5C(=O)NCc5c6c7ccccc7[nH]c6c24,8.4
280,CHEMBL2037221,CCN(CC)CCNC(=O)c1c[nH]c(\C=C\2/C(=O)Nc3cc(Nc4cccc(NC(=O)c5cc(cc(c5)C(F)(F)F)N6CCN(C)CC6)c4)ccc23)c1,8.4
281,CHEMBL211160,CC[C@@H](Sc1nsc(NC(=O)NC)c1C(=O)N)c2ccc(Cl)cc2,8.4
282,CHEMBL3673488,COc1ccc(COc2ccc(Cn3c(N)nc4cc(cnc34)c5ccccn5)cc2OC)cn1,8.4
283,CHEMBL3671405,CC(C)(C)n1cc(C(=O)c2cncc(NC(=O)Cc3ccc(Br)cn3)c2)c4cnc(N)nc14,8.41
284,CHEMBL3675933,CC(C)(CNS(=O)(=O)C)NC(=O)c1cnn2ccc(nc12)N3CCCC3c4cc(F)ccc4F,8.41
285,CHEMBL3666257,CC(C)n1cc(C(=O)c2cncc(NC(=O)Cn3ccc(n3)C4CC4)c2)c5cnc(N)nc15,8.41
286,CHEMBL3676072,CC1(C)OCC(COc2cc(F)cc(c2)[C@H]3CCCN3c4ccn5ncc(C(=O)NC6CC6)c5n4)O1,8.41
287,CHEMBL3671421,COCC(C)(C)n1cc(C(=O)c2cncc(NC(=O)Cc3ccc(Cl)cn3)c2)c4cnc(N)nc14,8.41
288,CHEMBL3671435,CC(C)(CO)n1cc(C(=O)c2cncc(NC(=O)Cc3ccc(cn3)C(F)(F)F)c2)c4cnc(N)nc14,8.43
289,CHEMBL3661616,CC(C)(CO)n1cc(C(=O)c2cncc(NC(=O)Cc3cccc(c3)C(F)(F)F)c2)c4cncnc14,8.44
290,CHEMBL3676066,CCc1ncc(F)cc1[C@H]2CCCN2c3ccn4ncc(C(=O)NC5CCC(O)CC5)c4n3,8.44
291,CHEMBL3675964,COCCOc1ccc(F)cc1[C@H]2CCCN2c3ccn4ncc(C(=O)N)c4n3,8.44
292,CHEMBL3671152,Fc1ccc(F)c(c1)[C@H]2CCCN2c3ccn4ncc(C(=O)NCCN5CCNC5=O)c4n3,8.44
293,CHEMBL3661461,CC(C)n1cc(C(=O)c2cncc(NC(=O)Cc3cccc(c3)C(F)(F)F)c2)c4cncnc14,8.45
294,CHEMBL3671137,CC(C)(CN1CCOCC1)NC(=O)c2cnn3ccc(nc23)N4CCC[C@@H]4c5cc(F)ccc5F,8.46
295,CHEMBL3666254,CC(C)n1cc(C(=O)c2cncc(NC(=O)Cc3ccc(Cl)cc3)c2)c4cnc(N)nc14,8.46
296,CHEMBL3298164,CCOc1cccc(c1)c2nccc3c2cc(C(=O)O)n3CCOc4ccc(Cl)cc4,8.46
297,CHEMBL3675924,CS(=O)(=O)NCCNC(=O)c1cnn2ccc(nc12)N3CCCC3c4cc(F)ccc4F,8.48
298,CHEMBL3676076,OCC(O)COc1ccc(F)cc1[C@H]2CCCN2c3ccn4ncc(C(=O)NC5CC5)c4n3,8.48
299,CHEMBL3671423,COCC(C)(C)n1cc(C(=O)c2cncc(NC(=O)Cn3ccc(n3)C(F)(F)F)c2)c4cnc(N)nc14,8.49
300,CHEMBL3671470,Nc1ncc2c(cn(c2n1)C34CC(C3)C4)C(=O)c5cncc(NC(=O)Cn6cc(nn6)C(F)(F)F)c5,8.49
301,CHEMBL3675987,CC(NC(=O)c1cnn2ccc(nc12)N3CCCC3c4cncc(F)c4)C5CC5,8.5
302,CHEMBL3675966,CC1(CC1)NC(=O)c2cnn3ccc(nc23)N4CCC[C@@H]4c5cncc(F)c5,8.5
303,CHEMBL3671430,Cc1ccc(CC(=O)Nc2cncc(c2)C(=O)c3cn(c4nc(N)ncc34)C(C)(C)CO)nc1,8.5
304,CHEMBL3671436,CC(C)(CO)n1cc(C(=O)c2cncc(NC(=O)Cn3cc(cn3)C(F)(F)F)c2)c4cnc(N)nc14,8.51
305,CHEMBL3676081,CC(NC(=O)c1cnn2ccc(nc12)N3CC(O)CC3c4cccc(F)c4)C(F)(F)F,8.51
306,CHEMBL3671447,CC1(COC1)n2cc(C(=O)c3cncc(NC(=O)c4cccc(OC(F)(F)F)c4)c3)c5cncnc25,8.51
307,CHEMBL2010872,CC(C)Cn1c2ccc(Nc3ncccn3)cc2c4c5CNC(=O)c5c6c(CCc7nn(C)cc67)c14,8.52
308,CHEMBL2151321,CC(C)Oc1cc(n[nH]1)n2cnc3ccc(N[C@@H](C)c4ccc(F)cn4)nc23,8.52
309,CHEMBL3659497,CC(C)Oc1cc(n[nH]1)n2cnc3ccc(N[C@@H](C)c4ncc(F)cn4)nc23,8.52
310,CHEMBL2151322,CC(C)Oc1cc(n[nH]1)n2cnc3ccc(N[C@@H](CO)c4ccc(F)cn4)nc23,8.52
311,CHEMBL2151323,CC(C)Oc1cc(n[nH]1)n2cnc3cnc(N[C@@H](C)c4ncc(F)cn4)nc23,8.52
312,CHEMBL3659500,CCOc1cc(n[nH]1)n2cnc3ccc(N[C@@H](C)c4ccc(F)cn4)nc23,8.52
313,CHEMBL3659499,CCOc1cc(n[nH]1)n2cnc3ccc(N[C@@H](C)c4ncc(F)cn4)nc23,8.52
314,CHEMBL3639583,CCOc1cc(n[nH]1)n2cnc3ccc(N[C@@H](CC)c4ccc(F)cn4)nc23,8.52
315,CHEMBL3659498,CCOc1cc(n[nH]1)n2cnc3ccc(N[C@@H](CO)c4ccc(F)cn4)nc23,8.52
316,CHEMBL3676092,CN1C=C(F)C=C([C@H]2CCCN2c3ccn4ncc(C(=O)NC5CCC5)c4n3)C1=O,8.52
317,CHEMBL1983268,CN1CCN(CC1)c2ccc(C(=O)Nc3n[nH]c4ccc(Cc5cc(F)cc(F)c5)cc34)c(NC6CCOCC6)c2,8.52
318,CHEMBL209466,CNC(=O)Nc1snc(SC(C)c2ccc(Cl)cc2)c1C(=O)N,8.52
319,CHEMBL3673439,COc1ccc(COc2ccc(Cn3c(N)nc4cc(ccc34)c5cnn(CCN6CCOCC6)c5)cc2OC)cc1,8.52
320,CHEMBL3673483,COc1ccc(COc2ccc(Cn3c(N)nc4cc(cnc34)c5ccn(C)n5)cc2OC)cn1,8.52
321,CHEMBL3678292,COc1ccc(COc2ccc(cc2OC)C(C)n3c(N)nc4cc(ccc34)c5cnn(C)c5)cn1,8.52
322,CHEMBL3676032,COc1ncc(F)cc1[C@H]2CCCN2c3ccn4ncc(C(=O)NC5=CNC(=O)C=C5)c4n3,8.52
323,CHEMBL3659494,C[C@H](Nc1ccc2ncn(c3cc([nH]n3)C4CC4)c2n1)c5ccc(F)cn5,8.52
324,CHEMBL2151319,C[C@H](Nc1ccc2ncn(c3cc([nH]n3)C4CC4)c2n1)c5ncc(F)cn5,8.52
325,CHEMBL456322,C[C@H](Nc1nc(NC(CO)CO)c(Cl)c(Nc2cc([nH]n2)C3CC3)n1)c4ccc(F)cc4,8.52
326,CHEMBL456802,C[C@H](Nc1nc(NCCO)c(Cl)c(Nc2cc([nH]n2)C3CC3)n1)c4ccc(F)cc4,8.52
327,CHEMBL1774056,C[C@H](Nc1nc(Nc2cc(C)[nH]n2)c(F)cc1C#N)c3ccc(F)cn3,8.52
328,CHEMBL1231124,C[C@H](Nc1ncc(Cl)c(Nc2cc(C)n[nH]2)n1)c3ncc(F)cn3,8.52
329,CHEMBL2113063,C[C@]1(O)C[C@H]2O[C@]1(C)n3c4ccccc4c5c6CNC(=O)c6c7c8ccccc8n2c7c35,8.52
330,CHEMBL3582439,Fc1cccc(c1)[C@H]2CCCN2c3ccc4ncc(c5ccccn5)n4n3,8.52
331,CHEMBL2037213,OC1CCN(CC1)c2cc(cc(c2)C(F)(F)F)C(=O)Nc3cccc(Nc4ccc5\C(=C\c6ccc[nH]6)\C(=O)Nc5c4)c3,8.52
332,CHEMBL3671419,CC(C)(C)n1cc(C(=O)c2cncc(NC(=O)Cc3ccc(Cl)cc3)c2)c4cncnc14,8.53
333,CHEMBL3671149,Cn1cnc(CNC(=O)c2cnn3ccc(nc23)N4CCC[C@@H]4c5cc(F)ccc5F)c1,8.53
334,CHEMBL2152287,Nc1cc(NS(=O)(=O)c2ccc(F)cc2F)cc(c1)c3cnc4[nH]cc(c5ccncc5)c4c3,8.53
335,CHEMBL3671443,CC1(COC1)n2cc(C(=O)c3cncc(NC(=O)Cc4ccc(cc4)C(F)(F)F)c3)c5cncnc25,8.54
336,CHEMBL2113064,CO[C@]1(CO)C[C@H]2O[C@]1(C)n3c4ccccc4c5c6CNC(=O)c6c7c8ccccc8n2c7c35,8.54
337,CHEMBL3675998,C[C@H](NC(=O)c1cnn2ccc(nc12)N3CCC[C@@H]3c4cncc(F)c4)C5CC5,8.54
338,CHEMBL3676028,COc1ncc(F)cc1[C@H]2CCCN2c3ccn4ncc(C(=O)NC[C@@H](C)O)c4n3,8.55
339,CHEMBL3676097,C[C@@H](NC(=O)c1cnn2ccc(nc12)N3CCC[C@@H]3C4=CC(=CN(C)C4=O)F)C5CC5,8.55
340,CHEMBL3671156,Fc1ccc(F)c(c1)[C@H]2CCCN2c3ccn4ncc(C(=O)NCCn5ccnc5)c4n3,8.55
341,CHEMBL3671425,COCC(C)(C)n1cc(C(=O)c2cncc(NC(=O)Cn3cc(cn3)C(F)(F)F)c2)c4cnc(N)nc14,8.56
342,CHEMBL3675957,NC(=O)c1cnn2ccc(nc12)N3CCCC3c4cc(F)cnc4CO,8.59
343,CHEMBL3676046,CC[C@@H](CO)NC(=O)c1cnn2ccc(nc12)N3CCC[C@@H]3c4cc(F)ccc4F,8.6
344,CHEMBL3676041,COCCNC(=O)c1cnn2ccc(nc12)N3CCCC3c4cc(F)ccc4F,8.6
345,CHEMBL3675938,OC[C@@H](O)CNC(=O)c1cnn2ccc(nc12)N3CCC[C@@H]3c4cc(F)ccc4C(F)(F)F,8.6
346,CHEMBL3676035,C[C@H](O)CNC(=O)c1cnn2ccc(nc12)N3CCC[C@@H]3c4cc(F)ccc4F,8.62
347,CHEMBL3676058,Cc1ncc(F)cc1C2CCCN2c3ccn4ncc(C(=O)NC5(C)CC5)c4n3,8.62
348,CHEMBL3675932,OCC(O)CNC(=O)c1cnn2ccc(nc12)N3CCCC3c4cc(F)ccc4CO,8.62
349,CHEMBL3671131,Cc1cccnc1NC(=O)c2cnn3ccc(nc23)N4CCC[C@@H]4c5cc(F)ccc5F,8.64
350,CHEMBL3671404,CC(C)(C)n1cc(C(=O)c2cncc(NC(=O)Cc3nc4ccccc4[nH]3)c2)c5cnc(N)nc15,8.65
351,CHEMBL3675936,CC(CO)(CO)NC(=O)c1cnn2ccc(nc12)N3CCC[C@@H]3c4cc(F)ccc4F,8.65
352,CHEMBL3675931,OCc1ccc(F)cc1C2CCCN2c3ccn4ncc(C(=O)NCCN5CCOCC5)c4n3,8.65
353,CHEMBL3676033,COc1ncc(F)cc1[C@H]2CCCN2c3ccn4ncc(C(=O)NC5CCN(CC5)S(=O)(=O)C)c4n3,8.66
354,CHEMBL3676036,C[C@@H](O)CNC(=O)c1cnn2ccc(nc12)N3CCCC3c4cc(F)ccc4F,8.66
355,CHEMBL3676098,C[C@H](NC(=O)c1cnn2ccc(nc12)N3CCC[C@@H]3C4=CC(=CN(C)C4=O)F)C5CC5,8.66
356,CHEMBL3671145,CC(C)(O)CNC(=O)c1cnn2ccc(nc12)N3CCC[C@@H]3c4cc(F)ccc4F,8.67
357,CHEMBL3675914,CC(C)(C)NC(=O)c1cnn2ccc(nc12)N3CCC[C@@H]3c4cccc(F)c4,8.68
358,CHEMBL3676099,CN1C=C(F)C=C([C@H]2CCCN2c3ccn4ncc(C(=O)NC5(C)CC5)c4n3)C1=O,8.68
359,CHEMBL3676024,CNC(=O)c1cnn2ccc(nc12)N3CCC[C@@H]3c4cc(F)cnc4OC,8.68
360,CHEMBL3676027,COc1ncc(F)cc1[C@H]2CCCN2c3ccn4ncc(C(=O)NC[C@H](C)O)c4n3,8.68
361,CHEMBL3671150,Cn1cc(CNC(=O)c2cnn3ccc(nc23)N4CCC[C@@H]4c5cc(F)ccc5F)cn1,8.68
362,CHEMBL515062,CC(C)Oc1cc(Nc2nc(N[C@@H](C)c3ccc(F)cn3)nc(OC(CO)CO)c2Cl)n[nH]1,8.7
363,CHEMBL455920,CC(C)Oc1cc(Nc2nc(N[C@@H](C)c3ncc(F)cn3)ncc2Cl)n[nH]1,8.7
364,CHEMBL254267,CN(CC#N)C(=O)c1cc(Sc2cnc(Nc3cccc(Br)n3)s2)ccc1C,8.7
365,CHEMBL3673486,COc1ccc(COc2ccc(Cn3c(N)nc4cc(cnc34)c5ccncc5)cc2OC)cn1,8.7
366,CHEMBL176544,Cn1cc(\C=C\2/C(=O)Nc3cccnc23)c4ccccc14,8.7
367,CHEMBL3675937,F[C@H]1CNCC[C@H]1NC(=O)c2cnn3ccc(nc23)N4CCC[C@@H]4c5cc(F)ccc5F,8.71
368,CHEMBL3675908,NC(=O)c1cnn2ccc(nc12)N3CCC[C@@H]3c4cc(F)ccc4F,8.71
369,CHEMBL3671449,CC(C)(C)n1cc(C(=O)c2cncc(NC(=O)Cn3cc(cn3)C4CC4)c2)c5cnc(N)nc15,8.72
370,CHEMBL3676100,CN1C=C(F)C=C([C@H]2CCCN2c3ccn4ncc(C(=O)NC5CCC(O)CC5)c4n3)C1=O,8.72
371,CHEMBL3675955,CC(C)(C)NC(=O)c1cnn2ccc(nc12)N3CCCC3c4cc(F)cnc4CO,8.75
372,CHEMBL3675958,CONC(=O)c1cnn2ccc(nc12)N3CCCC3c4cc(F)cnc4CO,8.75
373,CHEMBL3676045,C[C@@H](CO)NC(=O)c1cnn2ccc(nc12)N3CCC[C@@H]3c4cc(F)ccc4F,8.75
374,CHEMBL3676004,C[C@H](NC(=O)c1cnn2ccc(nc12)N3CCCC3c4cncc(F)c4)C(F)(F)F,8.77
375,CHEMBL3676074,OCC(O)COc1cc(F)cc(c1)[C@H]2CCCN2c3ccn4ncc(C(=O)NC5CC5)c4n3,8.77
376,CHEMBL3326006,CCCCNc1ncc2c(cn([C@@H]3CC[C@@H](O)CC3)c2n1)c4ccc(CN5CCN(C)CC5)cc4,8.78
377,CHEMBL3675915,Fc1cccc(c1)[C@H]2CCCN2c3ccn4ncc(C(=O)NC5CC5)c4n3,8.78
378,CHEMBL2152288,Nc1cc(NS(=O)(=O)c2cccc(c2)C(F)(F)F)cc(c1)c3cnc4[nH]cc(c5ccncc5)c4c3,8.78
379,CHEMBL3671437,CC(C)(CO)n1cc(C(=O)c2cncc(NC(=O)Cc3ccc(NS(=O)(=O)C)cc3)c2)c4cnc(N)nc14,8.8
380,CHEMBL3671412,COCC(C)(C)n1cc(C(=O)c2cncc(NC(=O)Cc3ccc(Cl)cn3)c2)c4cncnc14,8.8
381,CHEMBL3675940,NC(=O)c1cnn2ccc(nc12)N3CCC[C@@H]3c4cc(F)ccc4C(F)(F)F,8.8
382,CHEMBL3671134,Cn1ccc(NC(=O)c2cnn3ccc(nc23)N4CCC[C@@H]4c5cc(F)ccc5F)n1,8.81
383,CHEMBL3671460,CC(C)n1cc(C(=O)c2cncc(NC(=O)Nc3cc(nn3c4cnn(C)c4)C5CC5)c2)c6cncnc16,8.82
384,CHEMBL3671414,COCC(C)(C)n1cc(C(=O)c2cncc(NC(=O)Cn3ccc(n3)C4CC4)c2)c5cncnc15,8.82
385,CHEMBL3675922,CS(=O)(=O)N1CCC(CC1)NC(=O)c2cnn3ccc(nc23)N4CCCC4c5cc(F)ccc5F,8.82
386,CHEMBL3675925,NS(=O)(=O)CCNC(=O)c1cnn2ccc(nc12)N3CCCC3c4cc(F)ccc4F,8.82
387,CHEMBL3675911,OC(=O)C1CCC(CC1)NC(=O)c2cnn3ccc(nc23)N4CCCC4c5cc(F)ccc5F,8.82
388,CHEMBL3676042,OCC(CO)NC(=O)c1cnn2ccc(nc12)N3CCC[C@@H]3c4cc(F)ccc4F,8.82
389,CHEMBL3676022,COc1ncc(F)cc1[C@H]2CCCN2c3ccn4ncc(C(=O)NCCCCO)c4n3,8.85
390,CHEMBL3675923,NS(=O)(=O)N1CCC(CC1)NC(=O)c2cnn3ccc(nc23)N4CCCC4c5cc(F)ccc5F,8.85
391,CHEMBL3675916,CC(C)(NC(=O)c1cnn2ccc(nc12)N3CCCC3c4cc(F)ccc4F)C#N,8.89
392,CHEMBL3676025,COc1ncc(F)cc1[C@H]2CCCN2c3ccn4ncc(C(=O)N[C@H]5CC[C@H](O)C5)c4n3,8.89
393,CHEMBL3671157,OC[C@@H](O)CNC(=O)c1cnn2ccc(nc12)N3CCC[C@@H]3c4cc(F)ccc4F,8.89
394,CHEMBL3671154,OC[C@H](O)CNC(=O)c1cnn2ccc(nc12)N3CCC[C@@H]3c4cc(F)ccc4F,8.89
395,CHEMBL3675954,OCc1ncc(F)cc1C2CCCN2c3ccn4ncc(C(=O)NC5CC5)c4n3,8.89
396,CHEMBL3675928,CC1(O)CCC(CC1)NC(=O)c2cnn3ccc(nc23)N4CCC[C@@H]4c5cc(F)ccc5F,8.91
397,CHEMBL3676037,CC(C)(CO)CNC(=O)c1cnn2ccc(nc12)N3CCCC3c4cc(F)ccc4F,8.92
398,CHEMBL3675913,O[C@@H]1CC[C@H](CC1)NC(=O)c2cnn3ccc(nc23)N4CCC[C@@H]4c5cccc(F)c5,8.92
399,CHEMBL3675956,CC(C)(CF)NC(=O)c1cnn2ccc(nc12)N3CCCC3c4cc(F)cnc4CO,8.94
400,CHEMBL3671136,CC(C)(CO)NC(=O)c1cnn2ccc(nc12)N3CCC[C@@H]3c4cc(F)ccc4F,8.96
401,CHEMBL3666259,CC(C)(CO)n1cc(C(=O)c2cncc(NC(=O)Cc3cccc(c3)C(F)(F)F)c2)c4cnc(N)nc14,8.96
402,CHEMBL3676019,COc1ncc(F)cc1[C@H]2CCCN2c3ccn4ncc(C(=O)NCCCO)c4n3,8.96
403,CHEMBL3671151,Cn1cncc1CCNC(=O)c2cnn3ccc(nc23)N4CCC[C@@H]4c5cc(F)ccc5F,8.96
404,CHEMBL3676034,OCCNC(=O)c1cnn2ccc(nc12)N3CCCC3c4cc(F)ccc4F,8.96
405,CHEMBL3675912,OCc1ccc(F)cc1C2CCCN2c3ccn4ncc(C(=O)NC5CCC(O)CC5)c4n3,8.96
406,CHEMBL3671138,CNC(=O)c1cnn2ccc(nc12)N3CCC[C@@H]3c4cc(F)ccc4F,8.98
407,CHEMBL254050,CC(=O)N1CCN(CC1)C(=O)c2cc(Sc3cnc(Nc4cccc(Br)n4)s3)ccc2C,9.0
408,CHEMBL513953,CC(C)Oc1cc(Nc2nc(N[C@@H](C)c3ccc(F)cn3)nc(NC[C@@H](O)CO)c2Cl)n[nH]1,9.0
409,CHEMBL457614,CC(C)Oc1cc(Nc2nc(N[C@@H](C)c3ccc(F)cn3)ncc2Cl)n[nH]1,9.0
410,CHEMBL3678301,COc1cc(ccc1OCc2ccc(nc2)C(F)(F)F)C(C)n3c(N)nc4cc(cnc34)C#CCCO,9.0
411,CHEMBL3673436,COc1ccc(COc2ccc(Cn3c(N)nc4cc(ccc34)c5cnn(C)c5)cc2OC)cc1,9.0
412,CHEMBL3673462,COc1ccc(COc2ccc(Cn3cnc4cc(cnc34)c5cnn(c5)C6CCNCC6)cc2OC)cn1,9.0
413,CHEMBL251796,C[C@@H](N)C(=O)N1CCN(CC1)C(=O)c2cc(Sc3cnc(Nc4cccc(Br)n4)s3)ccc2C,9.0
414,CHEMBL251795,C[C@H](N)C(=O)N1CCN(CC1)C(=O)c2cc(Sc3cnc(Nc4cccc(Br)n4)s3)ccc2C,9.0
415,CHEMBL457608,C[C@H](Nc1ncc(Cl)c(Nc2cc([nH]n2)C3CC3)n1)c4ccc(F)cn4,9.0
416,CHEMBL3582441,OC(=O)CN1CCN(CC1)c2cc(ccn2)c3cnc4ccc(nn34)N5CCC[C@@H]5c6cccc(F)c6,9.0
417,CHEMBL3675965,COCCOc1ccc(F)cc1[C@H]2CCCN2c3ccn4ncc(C(=O)NC5CC5)c4n3,9.02
418,CHEMBL3671133,Cc1oc(CNC(=O)c2cnn3ccc(nc23)N4CCC[C@@H]4c5cc(F)ccc5F)cc1,9.02
419,CHEMBL3671132,Fc1ccc(F)c(c1)[C@H]2CCCN2c3ccn4ncc(C(=O)NCCN5CCOCC5)c4n3,9.02
420,CHEMBL3673463,COc1cc(Cn2cnc3cc(cnc23)c4cnn(c4)C5CCNCC5)ccc1OCc6ccc(C)nc6,9.05
421,CHEMBL3676014,COc1ncc(F)cc1[C@H]2CCCN2c3ccn4ncc(C(=O)NC5CCC(O)CC5)c4n3,9.05
422,CHEMBL3671144,OCC1(CC1)NC(=O)c2cnn3ccc(nc23)N4CCC[C@@H]4c5cc(F)ccc5F,9.05
423,CHEMBL3676038,O[C@H]1CC[C@@H](C1)NC(=O)c2cnn3ccc(nc23)N4CCC[C@@H]4c5cc(F)ccc5F,9.05
424,CHEMBL3671469,Nc1ncc2c(cn(c2n1)C34CC(C3)C4)C(=O)c5cncc(NC(=O)Cn6ccc(n6)C(F)(F)F)c5,9.08
425,CHEMBL3675918,CC(C)(CF)NC(=O)c1cnn2ccc(nc12)N3CCC[C@@H]3c4cc(F)ccc4F,9.1
426,CHEMBL3671129,CC(C)(C)NC(=O)c1cnn2ccc(nc12)N3CCC[C@@H]3c4cc(F)ccc4F,9.16
427,CHEMBL3675917,Fc1ccc(F)c(c1)C2CCCN2c3ccn4ncc(C(=O)NCC#N)c4n3,9.16
428,CHEMBL3671130,Fc1ccc(F)c(c1)[C@H]2CCCN2c3ccn4ncc(C(=O)Nc5ccccn5)c4n3,9.16
429,CHEMBL3671472,Nc1ncc2c(cn(c2n1)C34CC(C3)C4)C(=O)c5cncc(NC(=O)Cc6ccc(Cl)cn6)c5,9.17
430,CHEMBL3675941,CONC(=O)c1cnn2ccc(nc12)N3CCC[C@@H]3c4cc(F)ccc4F,9.22
431,CHEMBL3673476,COc1ccc(COc2ccc(Cn3c(N)nc4cc(cnc34)c5cnn(C)c5)cc2OC)cn1,9.22
432,CHEMBL254895,Cc1ccc(Sc2cnc(Nc3cccc(Br)n3)s2)cc1C(=O)N4CCN(CC4)C(=O)CN,9.22
433,CHEMBL3671148,Fc1ccc(F)c(c1)[C@H]2CCCN2c3ccn4ncc(C(=O)NC5CCOCC5)c4n3,9.22
434,CHEMBL3671143,Fc1ccc(F)c(c1)[C@H]2CCCN2c3ccn4ncc(C(=O)N[C@H]5CC6CCC5C6)c4n3,9.22
435,CHEMBL3675926,OCc1ccc(F)cc1C2CCCN2c3ccn4ncc(C(=O)NC5CC5)c4n3,9.22
436,CHEMBL3675942,Fc1ccc(F)c(c1)[C@H]2CCCN2c3ccn4ncc(C(=O)NOCC5CC5)c4n3,9.24
437,CHEMBL3671142,Fc1ccc(F)c(c1)[C@H]2CCCN2c3ccn4ncc(C(=O)NC5CCC5)c4n3,9.26
438,CHEMBL3673480,COc1cc(Cn2c(N)nc3cc(cnc23)c4cnn(C)c4)ccc1OCc5csc(C)n5,9.3
439,CHEMBL3673453,COc1ccc(COc2ccc(Cn3c(N)nc4cc(cnc34)c5ccc(nc5)P(=O)(C)C)cc2OC)cc1,9.3
440,CHEMBL3671141,Fc1ccc(F)c(c1)[C@H]2CCCN2c3ccn4ncc(C(=O)NC5CC5)c4n3,9.3
441,CHEMBL3671135,O[C@@H]1CC[C@H](CC1)NC(=O)c2cnn3ccc(nc23)N4CCC[C@@H]4c5cc(F)ccc5F,9.35
442,CHEMBL3678300,COc1cc(ccc1OCc2ccc(nc2)C(F)(F)F)C(C)n3c(N)nc4cc(cnc34)c5cnn(C)c5,9.4
443,CHEMBL3671153,Fc1ccc(F)c(c1)[C@H]2CCCN2c3ccn4ncc(C(=O)NCCc5cnc[nH]5)c4n3,9.4
444,CHEMBL3673489,COc1cc(Cn2c(N)nc3cc(cnc23)c4cnn(C)c4)ccc1OCc5ccc(cc5)C(F)(F)C(F)(F)F,9.52
445,CHEMBL3678297,COc1cc(ccc1OCc2ccc(cc2)C(F)(F)F)[C@H](C)n3c(N)nc4cc(cnc34)c5cnn(C)c5,9.52
446,CHEMBL3673452,COc1ccc(COc2ccc(Cn3c(N)nc4cc(cnc34)c5cnn(C)c5)cc2OC)cc1,9.52
447,CHEMBL3678286,COc1cc(Cn2c(N)nc3cc(cnc23)c4cnn(C)c4)ccc1OCc5ccc(CC(F)(F)F)cc5,9.7
448,CHEMBL3678283,COc1cc(Cn2c(N)nc3cc(cnc23)c4cnn(C)c4)ccc1OCc5ccc(OC(F)(F)F)cc5,9.7
449,CHEMBL3678284,COc1cc(Cn2c(N)nc3cc(cnc23)c4cnn(C)c4)ccc1OCc5ccc(SC(F)(F)F)cc5,9.7
450,CHEMBL3673478,COc1cc(Cn2c(N)nc3cc(cnc23)c4cnn(C)c4)ccc1OCc5ccc(cc5)C(F)(F)F,9.7
451,CHEMBL3678285,COc1cc(Cn2c(N)nc3cc(cnc23)c4cnn(C)c4)ccc1OCc5ccc(nc5)C(C)C,9.7
452,CHEMBL3673477,COc1cc(Cn2c(N)nc3cc(cnc23)c4cnn(C)c4)ccc1OCc5ccc(nc5)C(F)(F)F,9.7
453,CHEMBL3673479,COc1cc(Cn2c(N)nc3cc(cnc23)c4cnn(C)c4)ccc1OCc5ccc(nc5)C6CC6,9.7
454,CHEMBL3678287,COc1cc(Cn2c(N)nc3cc(cnc23)c4cnn(C)c4)ccc1OCc5csc(n5)C(F)(F)F,9.7
455,CHEMBL3676026,COc1ncc(F)cc1[C@H]2CCCN2c3ccn4ncc(C(=O)NCCO)c4n3,9.7
