,molecule_chembl_id,canonical_smiles,pchembl_value
0,sunitinib,CCN(CC)CCNC(=O)c1c(C)[nH]c(\C=C\2/C(=O)Nc3ccc(F)cc23)c1C,10.12
1,pazopanib,CN(C1=CC2=NN(C)C(C)=C2C=C1)C1=NC(NC2=CC(=C(C)C=C2)S(N)(=O)=O)=NC=C1,8.7
2,sorafenib,CNC(=O)C1=CC(OC2=CC=C(NC(=O)NC3=CC=C(Cl)C(=C3)C(F)(F)F)C=C2)=CC=N1,7.43
3,dasatinib,CC1=NC(NC2=NC=C(S2)C(=O)NC2=C(C)C=CC=C2Cl)=CC(=N1)N1CCN(CCO)CC1,9.2
4,imatinib,CN1CCN(CC2=CC=C(C=C2)C(=O)NC2=CC=C(C)C(NC3=NC=CC(=N3)C3=CN=CC=C3)=C2)CC1,7.85
5,nintedanib,COC(=O)c1ccc2\C(=C(\Nc3ccc(cc3)N(C)C(=O)CN4CCN(C)CC4)/c5ccccc5)\C(=O)Nc2c1,7.82
6,CHEMBL125431,COc1cc2c(ncnc2cc1OCCCN3CCCC(F)(F)C3)N4CCN(CC4)C(=O)Nc5ccc(OC(C)C)cc5,7.54
7,CHEMBL126699,COc1cc2c(ncnc2cc1OCCCN3CCCCC3C)N4CCN(CC4)C(=O)Nc5ccc(cc5)C#N,7.54
8,CHEMBL603469,C[C@]12O[C@H](C[C@]1(O)CO)n3c4ccccc4c5c6C(=O)NCc6c7c8ccccc8n2c7c35,7.54
9,CHEMBL1258603,Cc1cc(C=C2C(=O)Nc3ccc(F)cc23)c4ccccc(OCCN5CCC[C@H]5CO)c14,7.55
10,CHEMBL3297896,Cc1oc2nc(C)nc(Nc3cccc4[nH]ccc34)c2c1,7.55
11,CHEMBL1908395,Cl.CN(C)CC(=O)N1CCC(CC1)c2ccc(NC(=O)c3nc(c[nH]3)C#N)c(c2)C4=CCCCC4,7.55
12,CHEMBL3297899,CCN(c1ccc(OC)cc1)c2nc(C)nc3oc(C)cc23,7.57
13,CHEMBL1945803,CN(C)CCCc1cncc(Nc2ncc3CC(=S)Nc4cc(Cl)ccc4c3n2)c1,7.57
14,CHEMBL1945502,COc1ccc(Nc2ncc3CC(=S)Nc4cc(Cl)ccc4c3n2)cc1CCCN(C)C,7.57
15,CHEMBL3651212,Cc1ccc(F)cc1c2cc3nnc(Nc4ccc(OCCN5CCCC5)cc4)nc3cc2C,7.58
16,CHEMBL3115681,CN1CCN(CC1)c2ccc(Nc3ncc4C=C(C#N)C(=O)N(C5CCCC5)c4n3)cc2,7.59
17,CHEMBL340137,COCCOc1cc2ncnc(N3CCN(CC3)C(=O)Nc4ccc(Oc5ccc(C)cc5)cc4)c2cc1OCCOC,7.59
18,CHEMBL124660,COc1cc2c(ncnc2cc1OCCCN3CCCCC3)N4CCN(CC4)C(=O)Nc5ccc(OC(C)C)cc5,7.59
19,CHEMBL3403514,CN(c1ccc2occc2c1)c3nc(C)nc4oc(C)cc34,7.6
20,CHEMBL101253,Clc1ccc(Nc2nnc(Cc3ccncc3)c4ccccc24)cc1,7.6
21,CHEMBL3403513,CN(c1ccc2OCCc2c1)c3nc(C)nc4oc(C)cc34,7.61
22,CHEMBL231237,Cc1ccccc1c2cc3nnc(Nc4ccc(cc4)S(=O)(=O)NCCN5CCCC5)nc3cc2C,7.61
23,CHEMBL3690083,CN1CCN(CC1)C2CCc3cc(ccc23)C(=O)Nc4ccc(C)c(Nc5nccc(n5)c6ccncc6)c4,7.62
24,CHEMBL3696075,NC(=O)c1c(NC(=O)NCCCN2CCOCC2)snc1c3ccc(NC(=O)Nc4cc(ccc4F)C(F)(F)F)cc3,7.62
25,CHEMBL3651219,Cc1cc(cc2nnc(Nc3cccnc3)nc12)c4cc(O)ccc4Cl,7.63
26,CHEMBL1945501,CN(C)CCCc1cc(Nc2ncc3CC(=S)Nc4cc(Cl)ccc4c3n2)ccc1F,7.64
27,CHEMBL2430261,CN(C)CCNC(=O)c1c(C)[nH]c2\C(=C\3/C(=O)Nc4ccc(F)cc34)\CCCc12,7.64
28,CHEMBL3297999,COc1ccc(cc1)N(C(C)C)c2nc(C)nc3oc(C)cc23,7.64
29,CHEMBL3297898,COc1ccc(cc1)N(C)c2nc(C)nc3oc(C)cc23,7.64
30,CHEMBL3690079,CN1CCN(CC1)C2CCc3cc(ccc23)C(=O)Nc4ccc(C)c(Nc5nccc(n5)c6cncnc6)c4,7.66
31,CHEMBL445636,COc1cc2c(ncnc2cc1OCCCN3CCC(C)CC3)N4CCN(CC4)C(=O)Nc5ccc(cc5)C#N,7.66
32,CHEMBL3298000,Cl.COc1ccc(cc1)N(C)c2nc(C)nc3oc(C)cc23,7.66
33,CHEMBL2430247,CCN(CC)CCCNC(=O)c1c(C)[nH]c2\C(=C\3/C(=O)Nc4ccc(F)cc34)\CCCc12,7.67
34,CHEMBL3690081,CN(C)[C@@H]1CCN(C1)C2CCc3cc(ccc23)C(=O)Nc4ccc(C)c(Nc5nccc(n5)c6cccnc6)c4,7.68
35,CHEMBL3651236,CN(C)c1cccc(Nc2nnc3cc(cc(C)c3n2)c4cc(O)ccc4Cl)c1,7.68
36,CHEMBL2409790,Cc1cc(C(=O)Nc2cccc(Oc3ccc4nc(NC(=O)C5CC5)sc4c3)c2)n(C)n1,7.68
37,CHEMBL3696072,NC(=O)c1c(NC(=O)NCCCN2CCOCC2)snc1c3ccc(NC(=O)Nc4ccccc4)cc3,7.68
38,CHEMBL343209,CCOCCOc1cc2ncnc(N3CCN(CC3)C(=O)Nc4ccc(Oc5ccccc5)cc4)c2cc1OC,7.7
39,CHEMBL7600,COCC(=O)Oc1ccc2[nH]c(cc2c1)C(=O)c3cc4ccccc4[nH]3,7.7
40,CHEMBL144725,COCCOc1cc2c(ncnc2cc1OC)N3CCN(CC3)C(=O)Nc4ccc(Oc5ccccc5)cc4,7.7
41,CHEMBL340157,COCCOc1cc2ncnc(N3CCN(CC3)C(=O)Nc4ccc(Oc5cccc6NCCc56)cc4)c2cc1OCCOC,7.7
42,CHEMBL3358999,COc1cc(ccc1O)C2=CNC(=O)C(=N2)c3cc(OC)c(OC)c(OC)c3,7.7
43,CHEMBL365271,COc1cc2c(ncnc2cc1OCCCN3CCCCC3)N4CCN(CC4)\C(=N/Cc5ccc(Cl)nc5)\S,7.7
44,CHEMBL186618,COc1cc2c(ncnc2cc1OCCCN3CCCCC3)N4CCN(CC4)\C(=N/Cc5ccc(nc5)c6ccccc6)\S,7.7
45,CHEMBL125898,COc1cc2c(ncnc2cc1OCCCN3CCOCC3)N4CCN(CC4)C(=O)Nc5ccc(OC(C)C)cc5,7.7
46,CHEMBL184227,COc1cc2c(ncnc2cc1OCCN3CCCCC3)N4CCN(CC4)\C(=N/Cc5ccc6OCOc6c5)\S,7.7
47,CHEMBL105227,COc1cc2ncnc(N3CCN(CC3)C(=O)Nc4ccc(Oc5ccc(C)cc5)cc4)c2cc1OC,7.7
48,CHEMBL105183,COc1cc2ncnc(N3CCN(CC3)C(=O)Nc4ccc(Oc5ccc(Cl)cc5)cc4)c2cc1OC,7.7
49,CHEMBL104067,COc1cc2ncnc(N3CCN(CC3)C(=O)Nc4ccc(cc4)C(C)C)c2cc1OC,7.7
50,CHEMBL1940275,COc1cc2ncnc(Nc3ccc(CC(=O)Nc4cnn(c4)C(C)C)cc3)c2cc1OC,7.7
51,CHEMBL2023496,COc1ccc2c(Oc3cnc(CC(=O)Nc4cn(C)nc4C)c(OC)c3)ccnc2c1,7.7
52,CHEMBL1940267,COc1cccc(COc2ccc(Oc3ncnc4cc(OC)c(OC)cc34)cc2)c1,7.7
53,CHEMBL3690077,Cc1ccc(NC(=O)c2ccc3C(CCc3c2)N4CCN(CCO)CC4)cc1Nc5nccc(n5)c6cccnc6,7.7
54,CHEMBL3702661,Cc1ccc(cc1N2CCc3nc(N)ncc3C2)C(=O)Nc4cccc(c4)C(F)(F)F,7.7
55,CHEMBL431996,OC(=O)CCc1c2CCCCc2[nH]c1\C=C\3/C(=O)Nc4ccc(cc34)C(=O)O,7.7
56,CHEMBL377345,OC1=C(C(=O)Nc2ccccc12)c3nc4ccccc4[nH]3,7.7
57,CHEMBL2430250,CCN(CC)CC(O)CNC(=O)c1c(C)[nH]c2\C(=C\3/C(=O)Nc4ccc(F)cc34)\CCCc12,7.71
58,CHEMBL2430259,Cc1[nH]c2\C(=C\3/C(=O)Nc4ccc(F)cc34)\CCCc2c1C(=O)NCCN5CCCCC5,7.71
59,CHEMBL1945170,CN(C)CCCc1cccc(Nc2ncc3CC(=S)Nc4cc(Cl)ccc4c3n2)c1,7.72
60,CHEMBL3288854,CN1CCN(CCC(=O)Nc2c(C)[nH]c(\C=C\3/C(=O)Nc4ccc(F)cc34)c2C)CC1,7.72
61,CHEMBL2409775,Cc1cc(C(=O)Nc2cccc(Oc3ccc4nc(NC(=O)C5CC5)nn4c3)c2)n(C)n1,7.72
62,CHEMBL3690076,CC(C)N1CCN(CC1)C2CCc3cc(ccc23)C(=O)Nc4ccc(C)c(Nc5nccc(n5)c6cccnc6)c4,7.75
63,CHEMBL371949,COc1ccc2Cc3c(Nc4ccccc4)[nH]nc3c2c1,7.75
64,CHEMBL2430248,Cc1[nH]c2\C(=C\3/C(=O)Nc4ccc(F)cc34)\CCCc2c1C(=O)NCCCN5CCOCC5,7.75
65,CHEMBL275117,CCN(CC)CCNC(=O)c1c(C)[nH]c(\C=C\2/C(=O)Nc3ccccc23)c1C,7.77
66,CHEMBL3690072,CN1CCN(CC1)C2CCc3cc(ccc23)C(=O)Nc4ccc(C)c(Nc5nccc(n5)c6cccnc6)c4,7.77
67,CHEMBL121161,COc1cc2Cc3c(n[nH]c3c2cc1OC)c4ccccc4,7.77
68,CHEMBL3343366,COc1cc2c(Oc3ccc(NC(=O)c4nnn(c5ccc(F)cc5)c4C(F)(F)F)cc3F)ccnc2cc1OCCCN6CCCC6,7.79
69,CHEMBL218597,Cc1cccc(C)c1c2cc(C)c3nc(Nc4cccc(c4)S(=O)(=O)N)nnc3c2,7.79
70,CHEMBL3297892,Cc1oc2nc(C)nc(Nc3cccc(c3)C#C)c2c1,7.79
71,CHEMBL390479,Cc1cccc(C)c1c2cc(NS(=O)(=O)C)c3nc(Nc4ccc(OCCN5CCCC5)cc4)nnc3c2,7.8
72,nilotinib,CC1=CN(C=N1)C1=CC(=CC(NC(=O)C2=CC(NC3=NC=CC(=N3)C3=CN=CC=C3)=C(C)C=C2)=C1)C(F)(F)F,7.8
73,CHEMBL2430266,CCN(CC)CCNC(=O)c1c(C)[nH]c2\C(=C\3/C(=O)Nc4ccc(C)cc34)\CCCc12,7.81
74,CHEMBL3690075,CCN1CCN(CC1)C2CCc3cc(ccc23)C(=O)Nc4ccc(C)c(Nc5nccc(n5)c6cccnc6)c4,7.82
75,CHEMBL3690080,CN(C)C1CCN(C1)C2CCc3cc(ccc23)C(=O)Nc4ccc(C)c(Nc5nccc(n5)c6cccnc6)c4,7.82
76,CHEMBL3644553,COC(=O)c1cncc2CN(CCc12)c3cccc(c3)C(=O)Nc4cccc(c4)C(C)C,7.82
77,CHEMBL230686,Cc1cc(cc2nnc(Nc3ccc(OCCN4CCCC4)cc3)nc12)c5c(Cl)cccc5Cl,7.82
78,CHEMBL2206666,FC(F)(F)c1cccc(c1)C(=O)Nc2cccc(Oc3ccc4nccn4n3)c2,7.82
79,CHEMBL3651225,Cc1cc(cc2nnc(Nc3oc(cc3)C(=O)NCCN4CCCC4)nc12)c5cc(O)ccc5Cl,7.84
80,CHEMBL526836,CN1CCN(CC1)c2ccc3[nH]c(nc3c2)C4=C(N)c5cccc(F)c5NC4=O,7.85
81,CHEMBL2409778,Cc1cc(C(=O)Nc2cc(Oc3ccc4nc(NC(=O)C5CC5)nn4c3)ccc2F)n(C)n1,7.85
82,CHEMBL2430254,CCN(CC)CCNC(=O)c1c(C)[nH]c2\C(=C\3/C(=O)Nc4ccc(cc34)[N+](=O)[O-])\CCCc12,7.88
83,CHEMBL2430258,Cc1[nH]c2\C(=C\3/C(=O)Nc4ccc(F)cc34)\CCCc2c1C(=O)NCCN5CCOCC5,7.88
84,CHEMBL1277161,CCN(CC)CCN1CCCCc2[nH]c(\C=C\3/C(=O)Nc4ccc(F)cc34)c(C)c2C1=O,7.89
85,CHEMBL2180604,Cc1cc(C(=O)Nc2cc(Oc3ccc4nc(NC(=O)C5CC5)cn4n3)ccc2C)n(C)n1,7.89
86,CHEMBL3696084,Cc1ccc(NC(=O)Nc2ccc(cc2)c3nsc(NC(=O)NCCCO)c3C(=O)N)cc1,7.89
87,CHEMBL2430262,Cc1[nH]c2\C(=C\3/C(=O)Nc4ccc(F)cc34)\CCCc2c1C(=O)NCCO,7.9
88,CHEMBL2430264,CCN(CC)CCNC(=O)c1c(C)[nH]c2\C(=C\3/C(=O)Nc4ccc(Cl)cc34)\CCCc12,7.92
89,CHEMBL125721,COCCOc1cc2ncnc(N3CCN(CC3)C(=O)Nc4ccc(Oc5ccc(cc5)C(C)(C)C)cc4)c2cc1OCCOC,7.92
90,CHEMBL331760,COc1cc2Cc3c(Nc4cccc(C)c4)[nH]nc3c2cc1OC,7.92
91,CHEMBL2311806,Cc1cc(NC(=O)c2ccc(C)c(Nc3nccc(n3)c4cccnc4)c2)cc(c1)n5cnc(C)c5,7.92
92,CHEMBL498206,Cc1cc2nc([nH]c2cc1C)C3=C(N)c4ccccc4NC3=O,7.92
93,CHEMBL3696095,Cc1ccc(NC(=O)Nc2ccc(cc2)c3nsc(NC(=O)NCCCN4CCCC4)c3C(=O)N)cc1,7.92
94,CHEMBL3696076,Cc1ccc(NC(=O)Nc2ccc(cc2)c3nsc(NC(=O)NCCCN4CCOCC4)c3C(=O)N)cc1,7.92
95,CHEMBL3690074,Cc1ccc(NC(=O)c2ccc3C(CCc3c2)N4CCNCC4)cc1Nc5nccc(n5)c6cccnc6,7.92
96,CHEMBL231251,CC(=O)Nc1cc(cc2nnc(Nc3ccc(OCCN4CCCC4)cc3)nc12)c5c(C)cccc5C,7.94
97,CHEMBL1277072,Cc1c(\C=C\2/C(=O)Nc3ccc(F)cc23)[nH]c4CCCN(C[C@H](O)CN5CCOCC5)C(=O)c14,7.96
98,CHEMBL1276981,CCN(CC)CCN1CCCc2[nH]c(\C=C\3/C(=O)Nc4ccc(F)cc34)c(C)c2C1=O,8.0
99,CHEMBL2180602,CCN(CC)CCNC(=O)c1c(C)[nH]c2\C(=C\3/C(=O)Nc4ccc(F)cc34)\CCCc12,8.0
100,CHEMBL102911,CCOc1cc2ncnc(N3CCN(CC3)C(=O)Nc4ccc(Oc5ccccc5)cc4)c2cc1OC,8.0
101,CHEMBL1940269,CCn1ccc(NC(=O)Cc2ccc(Oc3ncnc4cc(OC)c(OC)cc34)cc2)n1,8.0
102,CHEMBL470808,CNC(=O)c1cc(Oc2ccc3c(c2)nc(Nc4cccc(c4)C(C)(C)C)n3C)ccn1,8.0
103,CHEMBL339685,COCCOc1cc2ncnc(N3CCN(CC3)C(=O)Nc4ccc(Oc5ccccc5)cc4)c2cc1OC,8.0
104,CHEMBL125717,COCCOc1cc2ncnc(N3CCN(CC3)C(=O)Nc4ccc(Oc5ccccc5)cc4)c2cc1OCCOC,8.0
105,CHEMBL364601,COc1cc2c(N3CCN(CC3)\C(=N/Cc4ccc(nc4)C(F)(F)F)\S)c(cnc2cc1OCCCN5CCCCC5)C#N,8.0
106,CHEMBL184642,COc1cc2c(N3CCN(CC3)\C(=N/Cc4ccc(nc4)c5ccccc5)\S)c(cnc2cc1OCCCN6CCCCC6)C#N,8.0
107,CHEMBL2023490,COc1cc2nccc(Oc3ccc(CC(=O)Nc4cn(C)nc4C)cc3)c2cc1OC,8.0
108,CHEMBL1940103,COc1cc2ncnc(Nc3cnn(CC(=O)Nc4cccc(F)c4)c3)c2cc1OC,8.0
109,CHEMBL1940260,COc1cccc(NC(=O)Cc2ccc(Nc3ncnc4cc(OC)c(OC)cc34)cc2)c1,8.0
110,CHEMBL1940104,COc1cccc(NC(=O)Cn2cc(Nc3ncnc4cc(OC)c(OC)cc34)cn2)c1,8.0
111,CHEMBL120634,COc1cccc(Nc2[nH]nc3c2Cc4cc(OC)c(OC)cc34)c1,8.0
112,CHEMBL149201,Cc1[nH]c(\C=C\2/C(=O)Nc3cc(ccc23)c4ccccc4)c(C)c1CCC(=O)O,8.0
113,CHEMBL267293,Cc1[nH]c(\C=C\2/C(=O)Nc3ccc(F)cc23)c(C)c1C(=O)NCCn4cncn4,8.0
114,CHEMBL1276891,Cc1c(\C=C\2/C(=O)Nc3ccc(F)cc23)[nH]c4CCN(CCN5CCOCC5)C(=O)c14,8.0
115,CHEMBL3696083,Cc1ccc(NC(=O)Nc2ccc(cc2)c3nsc(NC(=O)NCCCC(=O)O)c3C(=O)N)cc1,8.0
116,CHEMBL3696074,Cc1cccc(NC(=O)Nc2ccc(cc2)c3nsc(NC(=O)NCCCN4CCOCC4)c3C(=O)N)c1,8.0
117,CHEMBL383417,NC1=C(C(=O)Nc2ccccc12)c3nc4ccccc4[nH]3,8.0
118,CHEMBL3690082,CN1CCN(CC1)[C@H]2CCc3cc(ccc23)C(=O)Nc4ccc(C)c(Nc5nccc(n5)c6cccnc6)c4,8.02
119,CHEMBL231218,Cc1cccc(C)c1c2cc(C)c3nc(Nc4ccc(cc4)S(=O)(=O)NCCN5CCCC5)nnc3c2,8.03
120,CHEMBL572881,CC1(C)CNc2cc(NC(=O)c3cccnc3NCc4ccncc4)ccc12,8.04
121,CHEMBL449593,CNc1ccc2C(=C(C(=O)Nc2c1)c3nc4cc(ccc4[nH]3)N5CCN(C)CC5)N,8.05
122,CHEMBL124949,COCCOc1cc2ncnc(N3CCN(CC3)C(=O)Nc4ccc(Oc5ccc6[nH]ccc6c5)cc4)c2cc1OC,8.05
123,CHEMBL432219,COc1cc2Cc3c(Nc4ccccc4)[nH]nc3c2cc1OC,8.05
124,CHEMBL2023491,COc1ccc2c(Oc3ccc(CC(=O)Nc4cnn(C)c4C)c(OC)c3)ccnc2c1,8.05
125,CHEMBL1940262,COc1cccc(NC(=O)NCc2ccc(Oc3ncnc4cc(OC)c(OC)cc34)cc2)c1,8.05
126,CHEMBL2311807,Cc1cn(cn1)c2cc(F)cc(NC(=O)c3ccc(C)c(Nc4nccc(n4)c5cccnc5)c3)c2,8.07
127,CHEMBL1908391,CN1CCN(Cc2ccc(cc2)C(=O)Nc3ccc(C)c(Nc4nc(cs4)c5cccnc5)c3)CC1,8.08
128,CHEMBL2409781,Cc1cc(C(=O)Nc2cccc(Oc3ccc4nc(NC(=O)C5CC5)sc4n3)c2)n(C)n1,8.08
129,CHEMBL574738,CCN1CCN(Cc2ccc(NC(=O)Nc3ccc(Oc4cc(NC)ncn4)cc3)cc2C(F)(F)F)CC1,8.09
130,CHEMBL3322565,COc1ccc(NC(=O)CC(=O)Nc2ccc3\C(=C\c4[nH]c(C)c(C(=O)O)c4C)\C(=O)Nc3c2)cc1,8.09
131,CHEMBL523745,CN1CCN(CC1)c2ccc3[nH]c(nc3c2)C4=C(N)c5cc(Cl)ccc5NC4=O,8.1
132,CHEMBL3621299,CSCCCNC(=O)c1ccc2NC(=O)\C(=C/c3[nH]c(C)cc3C)\c2c1,8.1
133,CHEMBL1276980,Cc1c(\C=C\2/C(=O)Nc3ccc(F)cc23)[nH]c4CCN(C[C@H](O)CN5CCOCC5)C(=O)c14,8.1
134,CHEMBL400303,Cc1cc(cc2nnc(Nc3ccc(cc3)S(=O)(=O)NCCN4CCCC4)nc12)c5c(Cl)ccc(O)c5Cl,8.1
135,CHEMBL576982,CC(C)(C)c1onc(NC(=O)Nc2ccc(cc2)c3cn4c5ccc(OCCN6CCOCC6)cc5sc4n3)c1,8.11
136,CHEMBL2430265,CCN(CC)CCNC(=O)c1c(C)[nH]c2\C(=C\3/C(=O)Nc4ccc(Br)cc34)\CCCc12,8.12
137,CHEMBL3651217,Cc1cc2nc(Nc3ccc(OCCN4CCCC4)cc3)nnc2cc1c5cccc(O)c5,8.13
138,CHEMBL2311808,Cc1cn(cn1)c2cccc(NC(=O)c3ccc(C)c(Nc4nccc(n4)c5cccnc5)c3)c2,8.14
139,CHEMBL1081509,CC(C)(C)c1onc(NC(=O)Nc2ccc(NC(=O)c3cc4ccccc4cn3)cc2)c1,8.16
140,CHEMBL2023475,CCn1cc(NC(=O)Cc2ccc(Oc3ccnc4ccc(F)cc34)cc2OC)cn1,8.16
141,CHEMBL495529,CN(C)c1ccc2NC(=O)C(=C(N)c2c1)c3nc4cc(ccc4[nH]3)N5CCN(C)CC5,8.16
142,CHEMBL496764,CN1CCN(CC1)c2ccc3[nH]c(nc3c2)C4=C(N)c5cc(N)ccc5NC4=O,8.16
143,CHEMBL2023474,CCn1cc(NC(=O)Cc2ccc(Oc3ccnc4cc(F)ccc34)cc2OC)cn1,8.22
144,CHEMBL459850,CN1C(=O)N(Cc2cnc(N)nc12)c3cc(NC(=O)c4cccc(c4)C(F)(F)F)ccc3C,8.22
145,CHEMBL3651206,CN1CCN(CC1)C(=O)c2ccc(Nc3nnc4cc(c(C)cc4n3)c5cc(Cl)ccc5C)cc2,8.22
146,CHEMBL2023480,COc1cc(Oc2ccnc3cc(F)ccc23)ccc1CC(=O)Nc4noc(C)c4C,8.22
147,CHEMBL2023488,COc1cc(Oc2ccnc3cc(OC)c(OC)cc23)ccc1CC(=O)Nc4cn(C)nc4C,8.22
148,CHEMBL1940105,COc1cc2ncnc(Nc3cnn(CC(=O)Nc4ccc(cc4)N(C)C)c3)c2cc1OC,8.22
149,CHEMBL436137,Cc1cccc(C)c1c2cc(C)c3nc(Nc4ccc(OCCN5CCCC5)cc4)nnc3c2,8.22
150,CHEMBL558752,Cn1c(Nc2ccc(cc2)C(F)(F)F)nc3cc(Oc4ccnc(c4)c5ncc([nH]5)C(F)(F)F)ccc13,8.22
151,CHEMBL253968,OC[C@H]1CCCN1CCCOc2ccc3c(Nc4cnn(CC(=O)Nc5cccc(F)c5F)c4)nncc3c2,8.22
152,CHEMBL2409779,Cc1cc(C(=O)Nc2cccc(Oc3ccc4nc(NC(=O)C5CC5)cn4c3)c2)n(C)n1,8.23
153,CHEMBL3651296,Cc1cccc(C)c1c2cc(C)c3nc(Nc4ccc(OCCC5CCCC5)cc4)nnc3c2,8.23
154,CHEMBL3651257,Cc1cc2nc(Nc3ccc(OCCN4CCCC4)cc3)nnc2cc1c5cc(O)ccc5Cl,8.24
155,CHEMBL2348996,Cc1cc(C(=O)Nc2cccc(Oc3ccc4nc(NC(=O)C5CC5)cn4n3)c2)n(C)n1,8.26
156,CHEMBL3651228,CN(C)CCNC(=O)c1cccc(Nc2nnc3cc(cc(C)c3n2)c4cc(O)ccc4Cl)c1,8.28
157,CHEMBL13629,CCN(CC)CCNC(=O)c1c(C)[nH]c(\C=C\2/C(=O)Nc3ccc(Br)cc23)c1C,8.3
158,CHEMBL523071,CN1CCCN(CC1)c2ccc3[nH]c(nc3c2)C4=C(N)c5ccccc5NC4=O,8.3
159,CHEMBL498347,CN1CCN(CC1)c2ccc3[nH]c(nc3c2)C4=C(N)c5c(F)cc(F)cc5NC4=O,8.3
160,CHEMBL522892,CN1CCN(CC1)c2ccc3nc([nH]c3c2)C4=C(N)c5c(F)cccc5NC4=O,8.3
161,CHEMBL2023481,COc1cc(Oc2ccnc3ccc(F)cc23)ccc1CC(=O)Nc4noc(C)c4C,8.3
162,CHEMBL120862,COc1cc2Cc3c(Nc4cccc(Br)c4)[nH]nc3c2cc1OC,8.3
163,CHEMBL186719,COc1cc2c(N3CCN(CC3)\C(=N/c4ccc(cc4)C#N)\S)c(cnc2cc1OCCCN5CCCCC5)C#N,8.3
164,CHEMBL360756,COc1cc2c(ncnc2cc1OCCCN3CCOCC3)N4CCN(CC4)\C(=N/Cc5ccc(nc5)C(F)(F)F)\S,8.3
165,CHEMBL184078,COc1cc2c(ncnc2cc1OCCN3CCCC3)N4CCN(CC4)\C(=N/Cc5ccc6OCOc6c5)\S,8.3
166,CHEMBL1940118,COc1cc2ncnc(Oc3ccc(CC(=O)Nc4ccc(cn4)N(C)C)cc3)c2cc1OC,8.3
167,CHEMBL2018882,COc1cc2ncnc(Oc3ccc(NC(=O)Nc4cccc(Br)c4)cc3)c2cc1OC,8.3
168,CHEMBL2023494,COc1ccc2c(Oc3ccc(CC(=O)Nc4cc(C)cc(CN(C)C)c4)c(OC)c3)ccnc2c1,8.3
169,CHEMBL2023493,COc1ccc2c(Oc3ccc(CC(=O)Nc4cc(C)nn4C)c(OC)c3)ccnc2c1,8.3
170,CHEMBL2023492,COc1ccc2c(Oc3ccc(CC(=O)Nc4cnn(C)c4)c(OC)c3)ccnc2c1,8.3
171,CHEMBL2023479,COc1ccc2nccc(Oc3ccc(CC(=O)Nc4noc(C)c4C)c(OC)c3)c2c1,8.3
172,CHEMBL1277071,Cc1c(\C=C\2/C(=O)Nc3ccc(F)cc23)[nH]c4CCCN(CCN5CCOCC5)C(=O)c14,8.3
173,CHEMBL526658,NC1=C(C(=O)Nc2ccccc12)c3nc4cc(OCCN5CCOCC5)ccc4[nH]3,8.3
174,CHEMBL204426,NC1=C(C(=O)Nc2ccccc12)c3nc4cc(ccc4[nH]3)N5CCOCC5,8.3
175,CHEMBL3774451,Fc1ccc(cc1)n2nnc(C(=O)Nc3ccc(Oc4ccnc5[nH]ccc45)c(F)c3)c2C(F)(F)F,8.34
176,CHEMBL3288526,Nc1ncnc2scc(c3ccc4c(cccc4c3)C(=O)Nc5ccccc5)c12,8.34
177,CHEMBL388978,CN[C@@H]1C[C@H]2O[C@@](C)([C@@H]1OC)n3c4ccccc4c5c6CNC(=O)c6c7c8ccccc8n2c7c35,8.37
178,CHEMBL120077,COc1cc2Cc3c(Nc4cccc(F)c4)[nH]nc3c2cc1OC,8.38
179,CHEMBL1278146,CCN(CC)CCN1CCc2[nH]c(\C=C\3/C(=O)Nc4ccc(F)cc34)c(C)c2C1=O,8.4
180,CHEMBL2023801,CCc1[nH]nc(NC(=O)Cc2ncc(Oc3ccnc4cc(OC)c(OC)cc34)cc2OC)c1C,8.4
181,CHEMBL1940268,CCc1cc(NC(=O)Cc2ccc(Oc3ncnc4cc(OC)c(OC)cc34)cc2)n[nH]1,8.4
182,CHEMBL1940116,CCn1cc(NC(=O)Cn2cc(Oc3ncnc4cc(OC)c(OC)cc34)cn2)cn1,8.4
183,CHEMBL496150,CN(C)[C@H]1CCN(C1)c2ccc3[nH]c(nc3c2)C4=C(N)c5ccccc5NC4=O,8.4
184,CHEMBL1940274,COc1cc2ncnc(Oc3ccc(CC(=O)Nc4cnn(c4)C(C)C)cc3)c2cc1OC,8.4
185,CHEMBL2023489,COc1ccc2c(Oc3ccc(CC(=O)Nc4cn(C)nc4C)c(OC)c3)ccnc2c1,8.4
186,CHEMBL2023483,COc1ccc2c(Oc3ccc(CC(=O)Nc4n[nH]c(C)c4C)c(OC)c3)ccnc2c1,8.4
187,CHEMBL1940266,COc1cccc(CC(=O)Nc2ccc(Oc3ncnc4cc(OC)c(OC)cc34)cc2)c1,8.4
188,CHEMBL1276890,Cc1c(\C=C\2/C(=O)Nc3ccc(F)cc23)[nH]c4CCN(CCN5CCCC5)C(=O)c14,8.4
189,CHEMBL314995,OC(=O)CCc1c2CCCCc2[nH]c1\C=C\3/C(=O)Nc4ccc(Br)cc34,8.4
190,CHEMBL3651210,CN1CCN(CC1)C(=O)c2ccc(Nc3nnc4cc(c(C)cc4n3)c5cc(O)ccc5Cl)cc2,8.43
191,CHEMBL3651202,COc1ccc(Cl)c(c1)c2cc3nnc(Nc4ccc(cc4)C(=O)N5CCN(C)CC5)nc3cc2C,8.46
192,CHEMBL475251,COc1cc(Nc2ncc(F)c(Nc3ccc4OC(C)(C)C(=O)Nc4n3)n2)cc(OC)c1OC,8.48
193,CHEMBL250019,CN(CCN1CCCC1)S(=O)(=O)c2ccc(Nc3nnc4cc(cc(C)c4n3)c5cc(O)ccc5Cl)cc2,8.51
194,CHEMBL1278233,CCN(CC)CCN1CCc2[nH]c(\C=C\3/C(=O)Nc4ccc(Br)cc34)c(C)c2C1=O,8.52
195,CHEMBL13485,CCN(CC)CCNC(=O)c1c(C)[nH]c(\C=C\2/C(=O)Nc3ccc(Cl)cc23)c1C,8.52
196,CHEMBL2023802,CCOc1cc2nccc(Oc3cnc(CC(=O)Nc4n[nH]c(CC)c4C)c(OC)c3)c2cc1OC,8.52
197,CHEMBL2023800,CCn1cc(NC(=O)Cc2ccc(Oc3ccnc4cc(OC)c(OC)cc34)cn2)cn1,8.52
198,CHEMBL2023119,CCn1cc(NC(=O)Cc2ccc(Oc3ccnc4ccc(OC)cc34)cc2OC)cn1,8.52
199,CHEMBL1940272,CCn1cc(NC(=O)Cc2ccc(Oc3ncnc4cc(OC)c(OC)cc34)cc2)cn1,8.52
200,CHEMBL2023115,CCn1cc(NC(=O)Cc2ccc(Oc3ncnc4cc(OC)c(OC)cc34)cc2OC)cn1,8.52
201,CHEMBL1278234,CN(C)CCN1CCc2[nH]c(\C=C\3/C(=O)Nc4ccc(F)cc34)c(C)c2C1=O,8.52
202,CHEMBL13983,CN1CCC(CNC(=O)c2c(C)[nH]c(\C=C\3/C(=O)Nc4ccc(F)cc34)c2C)CC1,8.52
203,CHEMBL522732,CN1CCN(CC1)c2ccc3[nH]c(nc3c2)C4=C(N)c5cc(F)c(F)cc5NC4=O,8.52
204,CHEMBL200735,COc1cc2Cc3c(Nc4cccc(Cl)c4)[nH]nc3c2cc1OC,8.52
205,CHEMBL1940107,COc1cc2ncnc(Oc3cnn(CC(=O)Nc4ccc(cn4)N(C)C)c3)c2cc1OC,8.52
206,CHEMBL1940111,COc1cccc(NC(=O)Cn2cc(Oc3ncnc4cc(OC)c(OCCN5CCCCC5)cc34)cn2)c1,8.52
207,CHEMBL1980297,Nc1ncc(c2cnn(CCO)c2)c3scc(c4ccc(NC(=O)Nc5cccc(F)c5)cc4)c13,8.52
208,CHEMBL399268,Cc1cc(cc2nnc(Nc3ccc(cc3)S(=O)(=O)CCCN4CCCC4)nc12)c5cc(O)ccc5Cl,8.54
209,CHEMBL250625,Cc1cc(cc2nnc(Nc3ccc(cc3)S(=O)(=O)C4CCNCC4)nc12)c5cc(O)ccc5Cl,8.55
210,CHEMBL1079545,CC(C)(C)c1onc(NC(=O)Nc2ccc(NC(=O)c3ncccc3O)cc2)c1,8.59
211,CHEMBL1784637,CNC(=O)c1ncc(C#Cc2cc(ccc2C)C(=O)Nc3ccc(CN4CCN(CCO)CC4)c(c3)C(F)(F)F)n1C,8.59
212,CHEMBL2206277,CN1C(C)(C)CC(CC1(C)C)Oc2ccc(nc2)C(=O)Nc3ccc(NC(=O)Nc4cc(on4)C(C)(C)C)cc3,8.6
213,CHEMBL125805,COCCOc1cc2ncnc(N3CCN(CC3)C(=O)Nc4ccc(Oc5ccc(Br)cc5)cc4)c2cc1OCCOC,8.62
214,CHEMBL504075,C[C@H](Nc1cncc(Cl)n1)c2cccc(NC(=O)c3cccc(C)c3)c2,8.64
215,CHEMBL575925,CC(C)(C)c1onc(NC(=O)Nc2ccc(NC(=O)c3cn4c5ccccc5sc4n3)cc2)c1,8.66
216,CHEMBL3651249,Cc1cc(cc2nnc(Nc3ccc(nc3)N4CCOCC4)nc12)c5cc(O)ccc5Cl,8.68
217,CHEMBL1278147,CCN(CC)CCN1CCc2[nH]c(\C=C\3/C(=O)Nc4ccc(Cl)cc34)c(C)c2C1=O,8.7
218,CHEMBL2023484,CCc1c[nH]nc1NC(=O)Cc2ccc(Oc3ccnc4cc(OC)ccc34)cc2OC,8.7
219,CHEMBL2023495,CCn1cc(NC(=O)Cc2ncc(Oc3ccnc4cc(OC)ccc34)cc2OC)cn1,8.7
220,CHEMBL204427,CN1CCN(CC1)c2ccc3[nH]c(nc3c2)C4=C(N)c5ccccc5NC4=O,8.7
221,CHEMBL495961,CN1CCN(Cc2ccc3[nH]c(nc3c2)C4=C(N)c5ccccc5NC4=O)CC1,8.7
222,CHEMBL496762,CNc1cccc2NC(=O)C(=C(N)c12)c3nc4cc(ccc4[nH]3)N5CCN(C)CC5,8.7
223,CHEMBL1940110,COCCOc1cc2c(Oc3cnn(CC(=O)Nc4cccc(OC)c4)c3)ncnc2cc1OC,8.7
224,CHEMBL121829,COCCOc1ccc2c(ncnc2c1)N3CCN(CC3)C(=O)Nc4ccc(Oc5ccc6[nH]ccc6c5)cc4,8.7
225,CHEMBL2029988,COc1cc2ncnc(Oc3cccc(NC(=O)Nc4cc(on4)C(C)(C)C(F)(F)F)c3)c2cc1OC,8.7
226,CHEMBL1940115,COc1cccc(NC(=O)Cn2cc(Oc3ccnc4cc(OC)c(OC)cc34)cn2)c1,8.7
227,CHEMBL1940114,COc1cccc(NC(=O)Cn2cc(Oc3ccnc4cc(OC)c(cc34)C#N)cn2)c1,8.7
228,CHEMBL1940113,COc1cccc(NC(=O)Cn2cc(Oc3ncnc4cc(OC)cc(OC)c34)cn2)c1,8.7
229,CHEMBL13354,Cc1[nH]c(\C=C\2/C(=O)Nc3ccc(F)cc23)c(C)c1C(=O)NCCN4CCOCC4,8.7
230,CHEMBL3651246,Cc1cc2nc(Nc3ccc(cc3)S(=O)(=O)NCCN4CCCC4)nnc2cc1c5cc(O)ccc5Cl,8.72
231,CHEMBL223360,Cc1ccc(F)c(NC(=O)Nc2ccc(cc2)c3cccc4[nH]nc(N)c34)c1,8.72
232,CHEMBL249821,Cc1cc(cc2nnc(Nc3ccc(cc3)S(=O)(=O)NCCN4CCCC4)nc12)c5cc(O)ccc5Cl,8.77
233,CHEMBL125811,COCCOc1cc2ncnc(N3CCN(CC3)C(=O)Nc4ccc(Oc5cccc6ncccc56)cc4)c2cc1OCCOC,8.8
234,CHEMBL3322566,COc1ccc(NC(=O)CC(=O)Nc2ccc3\C(=C\c4[nH]c(C)c(C(=O)NCCN5CCCC5)c4C)\C(=O)Nc3c2)cc1,8.81
235,CHEMBL341258,COCCOc1cc2ncnc(N3CCN(CC3)C(=O)Nc4ccc(cc4)C(C)(C)C)c2cc1OCCOC,8.85
236,CHEMBL2435999,COc1cc2c(Oc3ccc(NC(=O)c4cc(ccn4)c5ccc(C)cc5)cc3F)ccnc2cc1OCCCN6CCN(C)CC6,8.85
237,CHEMBL386051,CSc1cccc(Nc2ncc3C=C(C(=O)N(C)c3n2)c4c(Cl)cccc4Cl)c1,8.85
238,CHEMBL2086760,CCN1CCC(CC1)Nc2ccc3NC(=O)C(=C(c4ccc(Cl)cc4)c5ncc[nH]5)c3c2,8.89
239,CHEMBL2203434,CCN1CCC(CC1)Oc2ccc(nc2)C(=O)Nc3ccc(NC(=O)Nc4cc(on4)C(C)(C)C)cc3,8.89
240,CHEMBL250214,Cc1cc(cc2nnc(Nc3ccc(cc3)C(=O)N4CCNCC4)nc12)c5cc(O)ccc5Cl,8.92
241,CHEMBL400402,Cc1cc(cc2nnc(Nc3ccc(OCCN4CCCC4)cc3)nc12)c5cc(O)ccc5Cl,8.96
242,CHEMBL3335371,CC(=O)Nc1cc(Oc2ccc3c(c2)nc(Nc4cccc(c4)C(C)(C)C)n3C)ccn1,9.0
243,CHEMBL2206278,CCN1C(C)(C)CC(CC1(C)C)Oc2ccc(nc2)C(=O)Nc3ccc(NC(=O)Nc4cc(on4)C(C)(C)C)cc3,9.0
244,CHEMBL495962,CN(C)CC(=O)N(C)c1ccc2[nH]c(nc2c1)C3=C(N)c4ccccc4NC3=O,9.0
245,CHEMBL496763,CN1CCN(CC1)c2ccc3[nH]c(nc3c2)C4=C(N)c5cc(F)ccc5NC4=O,9.0
246,CHEMBL125277,COCCOc1cc2ncnc(N3CCN(CC3)C(=O)Nc4ccc(Oc5cccc6[nH]ccc56)cc4)c2cc1OCCOC,9.0
247,CHEMBL2023478,COc1ccc2c(Oc3ccc(CC(=O)Nc4noc(C)c4C)c(OC)c3)ccnc2c1,9.0
248,CHEMBL1940112,COc1cccc(NC(=O)Cn2cc(Oc3ncnc4cc(OCCN5CCCC5)c(OC)cc34)cn2)c1,9.0
249,CHEMBL13608,Cc1[nH]c(\C=C\2/C(=O)Nc3ccc(F)cc23)c(C)c1C(=O)NCCN4CCCC4,9.0
250,CHEMBL268731,Cc1[nH]c(\C=C\2/C(=O)Nc3ccc(F)cc23)c(C)c1C(=O)NCc4ccncc4,9.0
251,CHEMBL3632719,Cn1c(Nc2cccc(c2)C(C)(C)C)nc3cc(Oc4ccnc(c4)c5ncc([nH]5)C(F)(F)F)ccc13,9.0
252,CHEMBL1230609,COc1cc2c(Oc3ccc(NC(=O)C4(CC4)C(=O)Nc5ccc(F)cc5)cc3F)ccnc2cc1OCCCN6CCOCC6,9.02
253,CHEMBL2023117,CCn1cc(NC(=O)Cc2ccc(Oc3ccnc4cc(OC)c(OC)cc34)cc2OC)cn1,9.05
254,CHEMBL498214,CN1CCN(CC1)C(=O)c2ccc3[nH]c(nc3c2)C4=C(N)c5ccccc5NC4=O,9.05
255,CHEMBL1940259,COc1cccc(NC(=O)Cc2ccc(Oc3ncnc4cc(OC)c(OC)cc34)cc2)c1,9.05
256,CHEMBL526285,O=C1Nc2ccccc2C(=C1c3nc4ccccc4[nH]3)NCC5CCNCC5,9.05
257,CHEMBL1940108,COc1cccc(NC(=O)Cn2cc(Oc3ncnc4cc(OC)c(OC)cc34)cn2)c1,9.1
258,CHEMBL2023118,CCn1cc(NC(=O)Cc2ccc(Oc3ccnc4cc(OC)ccc34)cc2OC)cn1,9.16
259,CHEMBL495763,CN1CCN(CC1)c2ccc3[nH]c(nc3c2)C4=C(N)c5c(C)cccc5NC4=O,9.16
260,CHEMBL495735,CN1CCN(CC1)c2ccc3[nH]c(nc3c2)C4=C(N)c5cc(NCc6ccccc6)ccc5NC4=O,9.22
261,axitinib,CNC(=O)C1=C(SC2=CC=C3C(NN=C3\C=C\C3=CC=CC=N3)=C2)C=CC=C1,9.24
262,CHEMBL2023486,CCc1cc(NC(=O)Cc2ccc(Oc3ccnc4cc(OC)ccc34)cc2OC)n[nH]1,9.3
263,CHEMBL13976,CN(C)CCNC(=O)c1c(C)[nH]c(\C=C\2/C(=O)Nc3ccc(F)cc23)c1C,9.3
264,CHEMBL2023482,CCc1onc(NC(=O)Cc2ccc(Oc3ccnc4cc(OC)ccc34)cc2OC)c1,9.4
265,CHEMBL1940273,CCn1cc(NC(=O)Cc2ccc(Oc3ccnc4cc(OC)c(OC)cc34)cc2)cn1,9.4
266,CHEMBL498013,CN1CCN(CC1)c2ccc3[nH]c(nc3c2)C4=C(N)c5ccc(F)cc5NC4=O,9.4
267,CHEMBL340284,COCCOc1cc2ncnc(N3CCN(CC3)C(=O)Nc4ccc(Oc5ccc6ccccc6c5)cc4)c2cc1OCCOC,9.4
268,CHEMBL123928,COCCOc1cc2ncnc(N3CCN(CC3)C(=O)Nc4ccc(Oc5cccc6cnccc56)cc4)c2cc1OCCOC,9.4
269,CHEMBL2347053,[O-][N+](=O)c1ccccc1c2n[nH]cc2\C=C\3/C(=O)Nc4ccccc34,9.4
270,CHEMBL491473,COc1cc2c(Oc3ccc4[nH]c(C)cc4c3F)ncnc2cc1OCCCN5CCCC5,9.5
271,CHEMBL495762,CN1CCN(CC1)c2ccc3[nH]c(nc3c2)C4=C(N)c5c(Cl)cccc5NC4=O,9.52
272,CHEMBL498551,CN1CCN(CC1)c2cccc3NC(=O)C(=C(N)c23)c4nc5ccccc5[nH]4,9.52
273,CHEMBL1940109,COCCOc1cc2ncnc(Oc3cnn(CC(=O)Nc4cccc(OC)c4)c3)c2cc1OC,9.52
274,CHEMBL2023476,COc1ccc2c(Oc3ccc(CC(=O)Nc4ncc(C)s4)c(OC)c3)ccnc2c1,9.52
275,CHEMBL1908396,COc1cc(Oc2ccnc3cc(OC)c(OC)cc23)ccc1NC(=O)NC(C)c4nccs4,9.54
276,CHEMBL1721885,Cc1[nH]c(\C=C\2/C(=O)Nc3ccc(F)cc23)c(C)c1C(=O)NC[C@H](O)CN4CCOCC4,9.54
277,CHEMBL495984,CCC1CCN(C)C(C1)NC2=C(C(=O)Nc3ccccc23)c4nc5ccccc5[nH]4,9.7
278,CHEMBL2023485,CCc1cc(NC(=O)Cc2ccc(Oc3ccnc4cc(OC)c(OC)cc34)cc2OC)n[nH]1,9.7
279,CHEMBL2023477,COc1cc(Oc2ccnc3cc(OC)c(OC)cc23)ccc1CC(=O)Nc4noc(C)c4C,9.7
280,CHEMBL495749,CN1CCCC(C1)Oc2cccc3NC(=O)C(=C(N)c23)c4nc5ccccc5[nH]4,10.0
281,CHEMBL526507,CN1CCN(CC1)c2ccc3[nH]c(nc3c2)C4=C(N)c5cc(ccc5NC4=O)C(=O)NCc6ccccc6,10.0
