,molecule_chembl_id,canonical_smiles,pchembl_value
0,CHEMBL3422678,Cc1onc(C)c1Cn2nc(C#N)c3cc(Oc4ccc(NC(=O)[C@@H]5CCCN5)cc4)ccc23,7.6
1,CHEMBL3422677,CC(C)Cn1nc(C#N)c2cc(Oc3ccc(NC(=O)[C@@H]4CCCN4)cc3)ccc12,7.82
0,CHEMBL3422654,N[C@@H](CO)C(=O)Nc1ccc(Oc2ccc3[nH]c(N)c(C#N)c3c2)cc1,4.57
2,CHEMBL3422656,NCC(=O)Nc1ccc(Oc2ccc3[nH]c(N)c(C#N)c3c2)cc1,4.27
4,CHEMBL3422653,Cn1c(N)c(C#N)c2cc(Oc3ccc(NC(=O)CN)cc3)ccc12,4.68
5,CHEMBL3422652,CCn1c(N)c(C#N)c2cc(Oc3ccc(NC(=O)CN)cc3)ccc12,5.04
6,CHEMBL3422657,CC(C)Cn1c(N)c(C#N)c2cc(Oc3ccc(NC(=O)CN)cc3)ccc12,5.6
7,CHEMBL3422658,NCC(=O)Nc1ccc(Oc2ccc3c(c2)c(C#N)c(N)n3Cc4ccccc4)cc1,5.83
8,CHEMBL3422659,CN(C)C(=O)Cn1c(N)c(C#N)c2cc(Oc3ccc(NC(=O)CN)cc3)ccc12,5.17
9,CHEMBL3422660,NCC(=O)Nc1ccc(Oc2ccc3[nH]cc(C#N)c3c2)cc1,4.2
10,CHEMBL3422661,CCn1cc(C#N)c2cc(Oc3ccc(NC(=O)CN)cc3)ccc12,4.64
11,CHEMBL3422662,CCn1cc(C#N)c2cc(Oc3ccc(NC(=O)CNC)cc3)ccc12,4.6
12,CHEMBL3422663,CCn1cc(C#N)c2cc(Oc3ccc(NC(=O)CN(C)C)cc3)ccc12,4.12
13,CHEMBL3422664,CCn1cc(C#N)c2cc(Oc3ccc(NC(=O)[C@@H]4CCCN4)cc3)ccc12,5.74
15,CHEMBL3422666,CCn1cc(C#N)c2cc(Oc3ccc(cc3)N(C)C(=O)[C@@H]4CCCN4)ccc12,4.12
17,CHEMBL3422668,CCn1cc(C#N)c2cc(Oc3ccc(NC(=O)[C@@H]4CCCCN4)cc3)ccc12,4.66
19,CHEMBL3422651,CC(C)Cn1cc(C#N)c2cc(Oc3ccc(NC(=O)[C@@H]4CCCN4)cc3)ccc12,6.42
20,CHEMBL3422670,CNC(=O)Cn1cc(C#N)c2cc(Oc3ccc(NC(=O)[C@@H]4CCCN4)cc3)ccc12,5.63
22,CHEMBL3422672,O=C(Nc1ccc(Oc2ccc3c(c2)c(cn3CC4CCOCC4)C#N)cc1)[C@@H]5CCCN5,6.37
23,CHEMBL3422673,O=C(Nc1ccc(Oc2ccc3c(c2)c(cn3c4ccccc4)C#N)cc1)[C@@H]5CCCN5,6.43
24,CHEMBL3422674,CN1Cc2cc(ccc2C1=O)n3cc(C#N)c4cc(Oc5ccc(NC(=O)[C@@H]6CCCN6)cc5)ccc34,6.97
25,CHEMBL3422675,O=C(Nc1ccc(Oc2ccc3c(c2)c(cn3Cc4ccccc4)C#N)cc1)[C@@H]5CCCN5,6.73
26,CHEMBL3422676,Cc1onc(C)c1Cn2cc(C#N)c3cc(Oc4ccc(NC(=O)[C@@H]5CCCN5)cc4)ccc23,6.8
29,CHEMBL3422679,Cn1cc(cn1)c2n[nH]c3ccc(Oc4ccc(NC(=O)CN)cc4)cc23,4.93
30,CHEMBL3422680,Cn1cc(cn1)c2c[nH]c3ccc(Oc4ccc(NC(=O)[C@@H]5CCCN5)cc4)cc23,5.45
31,CHEMBL3421731,Cn1cc(cn1)c2cn(C)c3ccc(Oc4ccc(NC(=O)[C@@H]5CCCN5)cc4)cc23,6.09
32,CHEMBL3421732,CC(C)Cn1cc(C#N)c2cc(Nc3ccc(NC(=O)[C@@H]4CCCN4)cc3)ccc12,5.21
33,CHEMBL3421733,CC(C)Cn1cc(C#N)c2cc(ccc12)N(C)c3ccc(NC(=O)[C@@H]4CCCN4)cc3,6.85
34,CHEMBL3421734,CC(C)Cn1cc(C#N)c2cc(Sc3ccc(NC(=O)[C@@H]4CCCN4)cc3)ccc12,6.72
36,CHEMBL3421736,CC(C)Cn1cc(C#N)c2cc(Cc3ccc(NC(=O)[C@@H]4CCCN4)cc3)ccc12,5.84
