,molecule_chembl_id,canonical_smiles,pchembl_value
0,CHEMBL3422673,O=C(Nc1ccc(Oc2ccc3c(c2)c(cn3c4ccccc4)C#N)cc1)[C@@H]5CCCN5,7.57
1,CHEMBL3422651,CC(C)Cn1cc(C#N)c2cc(Oc3ccc(NC(=O)[C@@H]4CCCN4)cc3)ccc12,7.64
2,CHEMBL3421731,Cn1cc(cn1)c2cn(C)c3ccc(Oc4ccc(NC(=O)[C@@H]5CCCN5)cc4)cc23,7.68
3,CHEMBL3422675,O=C(Nc1ccc(Oc2ccc3c(c2)c(cn3Cc4ccccc4)C#N)cc1)[C@@H]5CCCN5,7.7
4,CHEMBL3422676,Cc1onc(C)c1Cn2cc(C#N)c3cc(Oc4ccc(NC(=O)[C@@H]5CCCN5)cc4)ccc23,7.96
5,CHEMBL3422674,CN1Cc2cc(ccc2C1=O)n3cc(C#N)c4cc(Oc5ccc(NC(=O)[C@@H]6CCCN6)cc5)ccc34,8.1
6,CHEMBL3422677,CC(C)Cn1nc(C#N)c2cc(Oc3ccc(NC(=O)[C@@H]4CCCN4)cc3)ccc12,8.4
7,CHEMBL3422678,Cc1onc(C)c1Cn2nc(C#N)c3cc(Oc4ccc(NC(=O)[C@@H]5CCCN5)cc4)ccc23,8.52
11,CHEMBL3105833,CC(=O)c1nnn(C2=C(Br)C(=O)N(CCc3ccccc3)N=C2)c1C,5.59
12,CHEMBL3105832,CC(=O)c1nnn(C2=C(Br)C(=O)N(Cc3ccc(I)cc3)N=C2)c1C,5.06
14,CHEMBL3105830,CC(=O)c1nnn(C2=C(Br)C(=O)N(Cc3ccccc3)N=C2)c1C,5.47
18,CHEMBL3105826,CC(=O)c1nnn(C2=C(Br)C(=O)N(N=C2)c3ccc(cc3)C#N)c1C,5.08
19,CHEMBL3105825,CCOC(=O)c1cn(nn1)C2=C(N3CC4(COC4)C3)C(=O)N(N=C2)c5ccccc5,4.26
22,CHEMBL3105845,CC(=O)c1nnn(C2=C(I)C(=O)N(N=C2)c3ccccc3)c1C,4.89
23,CHEMBL3105844,CC(=O)c1nnn(C2=C(Cl)C(=O)N(N=C2)c3ccccc3)c1C,4.59
30,CHEMBL3105838,OC(=O)c1ccc(NS(=O)(=O)c2cccc3ccccc23)cc1O,6.31
34,CHEMBL234338,Oc1ccc(cc1)C2=CC(=O)c3c(O)c(O)c(O)c(O)c3O2,5.89
43,CHEMBL3422654,N[C@@H](CO)C(=O)Nc1ccc(Oc2ccc3[nH]c(N)c(C#N)c3c2)cc1,6.24
45,CHEMBL3422656,NCC(=O)Nc1ccc(Oc2ccc3[nH]c(N)c(C#N)c3c2)cc1,5.64
47,CHEMBL3422653,Cn1c(N)c(C#N)c2cc(Oc3ccc(NC(=O)CN)cc3)ccc12,6.09
48,CHEMBL3422652,CCn1c(N)c(C#N)c2cc(Oc3ccc(NC(=O)CN)cc3)ccc12,6.29
49,CHEMBL3422657,CC(C)Cn1c(N)c(C#N)c2cc(Oc3ccc(NC(=O)CN)cc3)ccc12,6.75
50,CHEMBL3422658,NCC(=O)Nc1ccc(Oc2ccc3c(c2)c(C#N)c(N)n3Cc4ccccc4)cc1,6.98
51,CHEMBL3422659,CN(C)C(=O)Cn1c(N)c(C#N)c2cc(Oc3ccc(NC(=O)CN)cc3)ccc12,6.47
52,CHEMBL3422660,NCC(=O)Nc1ccc(Oc2ccc3[nH]cc(C#N)c3c2)cc1,5.7
53,CHEMBL3422661,CCn1cc(C#N)c2cc(Oc3ccc(NC(=O)CN)cc3)ccc12,6.25
54,CHEMBL3422662,CCn1cc(C#N)c2cc(Oc3ccc(NC(=O)CNC)cc3)ccc12,6.08
55,CHEMBL3422663,CCn1cc(C#N)c2cc(Oc3ccc(NC(=O)CN(C)C)cc3)ccc12,5.01
56,CHEMBL3422664,CCn1cc(C#N)c2cc(Oc3ccc(NC(=O)[C@@H]4CCCN4)cc3)ccc12,6.95
57,CHEMBL3422665,CCn1cc(C#N)c2cc(Oc3ccc(NC(=O)[C@H]4CCCN4)cc3)ccc12,4.15
58,CHEMBL3422666,CCn1cc(C#N)c2cc(Oc3ccc(cc3)N(C)C(=O)[C@@H]4CCCN4)ccc12,4.64
59,CHEMBL3422667,CCn1cc(C#N)c2cc(Oc3ccc(NC(=O)[C@@H]4CCN4)cc3)ccc12,7.07
60,CHEMBL3422668,CCn1cc(C#N)c2cc(Oc3ccc(NC(=O)[C@@H]4CCCCN4)cc3)ccc12,5.66
61,CHEMBL3422669,CCn1cc(C#N)c2cc(Oc3ccc(cc3)N(C)C(=O)[C@@H]4CCC(=O)N4)ccc12,6.28
63,CHEMBL3422670,CNC(=O)Cn1cc(C#N)c2cc(Oc3ccc(NC(=O)[C@@H]4CCCN4)cc3)ccc12,6.96
64,CHEMBL3422671,CN(C)CCn1cc(C#N)c2cc(Oc3ccc(NC(=O)[C@@H]4CCCN4)cc3)ccc12,6.59
65,CHEMBL3422672,O=C(Nc1ccc(Oc2ccc3c(c2)c(cn3CC4CCOCC4)C#N)cc1)[C@@H]5CCCN5,7.32
72,CHEMBL3422679,Cn1cc(cn1)c2n[nH]c3ccc(Oc4ccc(NC(=O)CN)cc4)cc23,6.31
73,CHEMBL3422680,Cn1cc(cn1)c2c[nH]c3ccc(Oc4ccc(NC(=O)[C@@H]5CCCN5)cc4)cc23,6.94
75,CHEMBL3421732,CC(C)Cn1cc(C#N)c2cc(Nc3ccc(NC(=O)[C@@H]4CCCN4)cc3)ccc12,5.8
76,CHEMBL3421733,CC(C)Cn1cc(C#N)c2cc(ccc12)N(C)c3ccc(NC(=O)[C@@H]4CCCN4)cc3,7.13
77,CHEMBL3421734,CC(C)Cn1cc(C#N)c2cc(Sc3ccc(NC(=O)[C@@H]4CCCN4)cc3)ccc12,6.96
78,CHEMBL3421735,CC(C)Cn1cc(C#N)c2cc(ccc12)S(=O)(=O)c3ccc(NC(=O)[C@@H]4CCCN4)cc3,4.42
79,CHEMBL3421736,CC(C)Cn1cc(C#N)c2cc(Cc3ccc(NC(=O)[C@@H]4CCCN4)cc3)ccc12,6.7
139,CHEMBL3718122,Cc1cccc2ccc(\C=C\C(=O)c3ccncc3)nc12,6.68
140,CHEMBL3719281,Fc1cc(ccn1)C(=O)\C=C\c2ccc3ccccc3n2,6.18
141,CHEMBL3715765,Fc1cccc2ccc(\C=C\C(=O)c3ccncc3)nc12,6.53
142,CHEMBL3718454,Oc1ccc2nc(\C=C\C(=O)c3ccncc3)ccc2c1,6.09
143,CHEMBL3715165,CNc1cccc2ccc(\C=C\C(=O)c3ccncc3)nc12,6.54
144,CHEMBL3718298,Cc1ccc2ccc(\C=C\C(=O)c3ccncc3)nc2c1,6.21
145,CHEMBL3730645,Clc1ccc(c(Cl)c1Cl)S(=O)(=O)Nc2cccc(c2)c3nnn[nH]3,6.55
146,CHEMBL3731266,O=S(=O)(Nc1cccc(c1)c2nnn[nH]2)c3ccc(s3)c4ocnc4,5.41
147,CHEMBL3731843,CC(C)c1ccc2sc(c(C)c2c1)S(=O)(=O)Nc3cccc(c3)C(=O)O,7.52
148,CHEMBL3732818,CC(C)c1ccc2sc(c(C)c2c1)S(=O)(=O)Nc3nc(C)c(s3)C(=O)O,6.22
149,CHEMBL3729209,CC(C)c1ccc2sc(c(C)c2c1)S(=O)(=O)Nc3cncc(c3)C(=O)O,6.14
150,CHEMBL3730209,CC(C)c1ccc2sc(c(C)c2c1)S(=O)(=O)Nc3cccc(n3)C(=O)O,6.09
151,CHEMBL3732838,CC(C)c1ccc2sc(c(C)c2c1)S(=O)(=O)Nc3cc(cc(c3)[N+](=O)[O-])C(=O)O,6.07
152,CHEMBL3730585,CC(C)c1ccc2sc(c(C)c2c1)S(=O)(=O)Nc3cccc(c3)c4nnn(CC(=O)O)n4,5.99
153,CHEMBL3731845,CC(C)c1ccc2oc(c(C)c2c1)S(=O)(=O)Nc3cccc(c3)c4nn[nH]n4,7.1
154,CHEMBL3727558,CC(C)c1ccc2oc(c(C)c2c1)S(=O)(=O)Nc3cccc(c3)C(=O)O,6.55
155,CHEMBL3733025,CC(C)c1ccc2sc(c(C)c2c1)S(=O)(=O)Nc3cccc(CC(=O)O)c3,6.64
156,CHEMBL3732586,Fc1ccc(cc1)c2cccc(c2)S(=O)(=O)Nc3cccc(c3)c4nnn[nH]4,6.35
157,CHEMBL3730947,COc1ccc(cc1)c2cccc(c2)S(=O)(=O)Nc3cccc(c3)c4nnn[nH]4,6.14
158,CHEMBL3731400,O=S(=O)(Nc1cccc(c1)c2nnn[nH]2)c3ccc4ccccc4c3,6.07
159,CHEMBL3728560,Cc1nc(cs1)c2ccc(s2)S(=O)(=O)Nc3cccc(c3)c4nnn[nH]4,6.51
160,CHEMBL3731930,O=S(=O)(Nc1cccc(c1)c2nnn[nH]2)c3ccc(cc3)c4ccccc4,5.86
161,CHEMBL3728731,Cc1c(sc2ccc(Cl)cc12)S(=O)(=O)Nc3cccc(c3)C(=O)O,6.75
162,CHEMBL3727922,Cc1c(sc2ccc(N)cc12)S(=O)(=O)Nc3cccc(c3)c4nnn[nH]4,6.44
163,CHEMBL3729341,CC(=O)Nc1ccc2sc(c(C)c2c1)S(=O)(=O)Nc3cccc(c3)C(=O)O,5.3
164,CHEMBL3728996,Clc1cc(Cl)cc(c1)c2cccc(c2)S(=O)(=O)Nc3cccc(c3)c4nnn[nH]4,5.6
165,CHEMBL3731007,Cc1cc(Cl)cc(Cl)c1S(=O)(=O)Nc2cccc(c2)c3nnn[nH]3,5.75
166,CHEMBL3732083,FC(F)(F)c1ccc(cc1)c2cccc(c2)S(=O)(=O)Nc3cccc(c3)c4nnn[nH]4,5.24
167,CHEMBL3732963,FC(F)(F)c1cc(Br)ccc1S(=O)(=O)Nc2cccc(c2)c3nnn[nH]3,5.95
168,CHEMBL3731629,NC(=O)c1cccc(c1)c2ccc(s2)S(=O)(=O)Nc3cccc(c3)c4nnn[nH]4,6.27
169,CHEMBL3732760,Clc1nc(ns1)c2ccc(s2)S(=O)(=O)Nc3cccc(c3)c4nnn[nH]4,6.25
170,CHEMBL3732215,OC(=O)c1cccc(NS(=O)(=O)c2ccc(s2)c3ccccn3)c1,5.18
171,CHEMBL3730560,OC(=O)c1cccc(NS(=O)(=O)c2ccc(s2)c3ccon3)c1,5.2
172,CHEMBL3729323,Fc1ccc(c(Cl)c1)S(=O)(=O)Nc2cccc(c2)c3nnn[nH]3,5.01
173,CHEMBL3730282,O=S(=O)(Nc1cccc(c1)c2nnn[nH]2)c3ccc(cc3)c4ocnc4,5.07
174,CHEMBL3731204,Fc1cc(F)cc(c1)c2ccc(s2)S(=O)(=O)Nc3cccc(c3)c4nnn[nH]4,6.21
175,CHEMBL3731193,Cc1ccc2sc(c(C)c2c1)S(=O)(=O)Nc3cccc(c3)c4nnn[nH]4,6.89
176,CHEMBL3732914,CC(O)CNC(=O)COc1cccc(c1)C(C)Nc2cc(nc(C)n2)c3ccc4ncsc4c3,6.3
183,CHEMBL3727892,CC(Nc1cc(nc(C)n1)c2ccc3ncsc3c2)c4ccnc(Cl)c4,6.3
184,CHEMBL3728163,C[C@H](Nc1cc(nc(C)n1)c2ccc3ccn(C)c3c2)c4ccc(C)cc4,6.3
185,CHEMBL3728138,CCOC(=O)CCCOc1cccc(c1)C(C)Nc2cc(nc(C)n2)c3ccc4ccn(C)c4c3,6.3
186,CHEMBL3733060,COc1cccc(c1)[C@H](C)Nc2cc(nc(C)n2)c3cccc(F)c3,6.3
187,CHEMBL3732230,COc1cccc(c1Cl)c2cc(N[C@@H]3CCCc4ccccc34)nc(C)n2,6.3
188,CHEMBL3729008,CNC(=O)COc1cccc(c1)C(C)Nc2cc(nc(C)n2)c3cccc(OC)c3Cl,6.3
189,CHEMBL3728189,CNC(=O)COc1cccc(c1)C(C)Nc2cc(nc(C)n2)c3ccc4OCOc4c3,6.3
190,CHEMBL3728020,COc1cccc(c1)c2cc(NC(C)c3cccc(c3)S(=O)(=O)NCC#N)nc(C)n2,6.3
191,CHEMBL3731061,COc1cccc(c1)c2cc(NC(C)c3cccc(OCC#N)c3)nc(C)n2,6.3
192,CHEMBL3727863,COc1cccc(c1Cl)c2cc(NC(C)c3cccc(c3)S(=O)(=O)N)nc(C)n2,6.3
193,CHEMBL3730841,COc1cccc(c1)[C@H](C)Nc2cc(nc(C)n2)c3cccc(OC)c3F,6.3
194,CHEMBL3732850,COc1cccc(c1Cl)c2cc(NC3CCc4ccccc34)nc(C)n2,6.3
195,CHEMBL3727978,CNC(=O)COc1cccc(c1)C(C)Nc2cc(nc(C)n2)c3cccc(OC)c3,6.3
196,CHEMBL3733265,COc1cccc(c1Cl)c2cc(NC(C)c3cccc(Br)c3)nc(C)n2,6.3
211,CHEMBL3731265,CC(Nc1cc(nc(C)n1)c2ccc3ncsc3c2)c4cccc(c4)S(=O)(=O)NCCO,6.3
214,CHEMBL3727985,CC(Nc1cc(nc(C)n1)c2ccc3ncsc3c2)c4cccc(OCc5noc(C)n5)c4,6.3
219,CHEMBL3730102,CC(Nc1cc(nc(C)n1)c2ccc3[nH]ccc3c2)c4cccc(c4)c5cnn(C)c5,6.3
220,CHEMBL3731706,CC(Nc1cc(nc(C)n1)c2cccc(C)c2)c3cccc(c3)c4cnn(C)c4,6.3
222,CHEMBL3727439,CC(Nc1cc(nc(C)n1)c2ccccc2)c3cccc(c3)c4cnn(C)c4,6.3
223,CHEMBL3730072,COc1ccc(cc1)c2cc(NC(C)c3cccc(c3)c4cnn(C)c4)nc(C)n2,6.3
224,CHEMBL3731069,CC(Nc1cc(nc(C)n1)c2ccc(Cl)cc2Cl)c3cccc(c3)c4cnn(C)c4,6.3
228,CHEMBL3728632,CCCCC(CC)CNc1cc(nc(C)n1)c2ccc3ncsc3c2,6.3
229,CHEMBL3731555,CC(Nc1cc(nc(C)n1)c2ccc3ncsc3c2)c4cccnc4,6.3
230,CHEMBL3728524,Cc1nc(NC2Cc3ccccc3C2)cc(n1)c4ccc5ncsc5c4,6.3
245,CHEMBL3728397,Cc1c(sc2ccccc12)S(=O)(=O)Nc3cccc(c3)c4nnn[nH]4,6.55
246,CHEMBL3731790,O=S(=O)(Nc1cccc(c1)c2nnn[nH]2)c3ccc(s3)c4ccccc4,5.89
247,CHEMBL3727932,CSc1ncc(cn1)c2ccc(s2)S(=O)(=O)Nc3cccc(c3)C(=O)O,5.65
248,CHEMBL3728309,Clc1cc(Cl)c(cc1Cl)S(=O)(=O)Nc2cccc(c2)c3nnn[nH]3,5.62
249,CHEMBL3732505,Clc1ccc(c2nonc12)S(=O)(=O)Nc3cccc(c3)c4nnn[nH]4,6.24
250,CHEMBL3729531,OC(=O)c1cccc(NS(=O)(=O)c2cccc(c2)c3ccccc3)c1,5.51
251,CHEMBL3731612,Clc1ccc(cc1Cl)c2ccc(cc2)S(=O)(=O)Nc3cccc(c3)c4nnn[nH]4,5.55
252,CHEMBL3728974,FC(F)(F)c1cccc(c1)c2ccc(s2)S(=O)(=O)Nc3cccc(c3)c4nnn[nH]4,5.85
253,CHEMBL3727404,OC(=O)c1cccc(NS(=O)(=O)c2cc(c(Cl)s2)c3ccccc3O)c1O,5.29
254,CHEMBL3730365,Cc1c(sc2ccc(Cl)cc12)S(=O)(=O)Nc3ccc(O)c(c3)C(=O)O,5.04
262,CHEMBL3729363,CC(Nc1cc(nc(C)n1)c2ccc3ncsc3c2)c4cccc(c4)C#N,6.3
264,CHEMBL3732610,CC(Nc1cc(nc(C)n1)c2ccc3ncsc3c2)c4cccc(OC(C)(C)C(=O)N)c4,6.3
267,CHEMBL3732926,CC(Nc1cc(nc(C)n1)c2ccc3ncsc3c2)c4cccc(c4)C(=N)N,6.3
270,CHEMBL3731501,Cc1ccc(cc1O)c2cc(N[C@@H]3CCCc4ccccc34)nc(C)n2,6.3
294,CHEMBL3731084,CC(Nc1cc(nc(C)n1)c2ccc3occ(C)c3c2)c4cccc(C)c4,6.3
298,CHEMBL3731331,CC(Nc1cc(nc(C)n1)c2cc3ccccc3n2C)c4cccc(OCc5cc(C)nn5C)c4,6.3
299,CHEMBL3729294,C[C@H](Nc1cc(nc(C)n1)c2ccc3occ(C)c3c2)c4ccc(C)cc4,6.3
306,CHEMBL3729623,C[C@@H](Nc1cc(nc(C)n1)c2ccc3occ(C)c3c2)c4cccc(c4)c5cnn(C)c5,6.3
308,CHEMBL3727563,COc1cccc(CNc2cc(nc(C)n2)c3ccc4occ(C)c4c3)c1,6.3
313,CHEMBL3728785,COc1cccc(c1)[C@H](C)Nc2cc(nc(C)n2)c3cc4ccccc4n3C,6.3
325,CHEMBL3731678,CCOC(=O)CNC(=O)COc1cccc(c1)C(C)Nc2cc(nc(C)n2)c3ccc4ccn(C)c4c3,6.3
344,CHEMBL3731388,Cc1cccc(c1)c2cc(N[C@@H]3CCCc4ccccc34)nc(C)n2,6.3
345,CHEMBL3730887,COc1cccc(c1)[C@H](C)Nc2cc(nc(C)n2)c3cccc(C)c3,6.3
346,CHEMBL3731463,COc1ccc2C(CCCc2c1)Nc3cc(nc(C)n3)c4ccc5ncsc5c4,6.3
368,CHEMBL3730949,Cc1nc(N[C@@H]2CCCc3ccccc23)cc(n1)c4ccc5ccccc5c4,6.3
369,CHEMBL3731945,Cc1nc(N[C@@H]2CCCc3ccccc23)cc(n1)c4cccc(O)c4,6.3
383,CHEMBL3731886,COc1cccc(c1)[C@H](C)Nc2cc(nc(C)n2)c3ccc(C)c(OC)c3,6.3
386,CHEMBL3732257,CC(Nc1cc(nc(C)n1)c2ccc3ncsc3c2)c4cccc(OCc5cc[nH]n5)c4,6.3
388,CHEMBL3727474,CC(Nc1cc(nc(C)n1)c2ccc3ncsc3c2)c4cccc(OCc5ccon5)c4,6.3
390,CHEMBL3732016,COc1cc(ccc1C)c2cc(NC(C)c3cccc(OCc4ccn(C)n4)c3)nc(C)n2,6.3
392,CHEMBL3731585,COc1cc(ccc1C)c2cc(NC(C)c3cccc(OCC(=O)N)c3)nc(C)n2,6.3
393,CHEMBL3728738,CC(Nc1cc(nc(C)n1)c2ccc3ncsc3c2)c4cccc(c4)S(=O)(=O)NCC#C,6.3
398,CHEMBL3727489,COc1cccc(c1)[C@H](C)Nc2cc(nc(C)n2)c3ccc4OCCc4c3,6.3
402,CHEMBL3729648,CC(Nc1cc(nc(C)n1)c2ccc3ncsc3c2)c4cccc(OCc5cc(C)on5)c4,6.3
403,CHEMBL3729561,CC(Nc1cc(nc(C)n1)c2ccc3ccn(C)c3c2)c4cccc(OCC#N)c4,6.3
404,CHEMBL3727871,CC(Nc1cc(nc(C)n1)c2ccc3ncsc3c2)c4cccc(OCC#C)c4,6.3
408,CHEMBL3731911,CC(Nc1cc(nc(C)n1)c2ccc3ncsc3c2)c4cccc(OCC(=O)N5CCOCC5)c4,6.3
411,CHEMBL3729619,CC(Nc1cc(nc(C)n1)c2ccc3ncsc3c2)c4cccc(OCC(=O)N5CCCC5)c4,6.3
416,CHEMBL3729973,CC(Nc1cc(nc(C)n1)c2ccc3ncsc3c2)c4cccc(O)c4,6.3
417,CHEMBL3731658,CC(Nc1cc(nc(C)n1)c2ccc3ccn(C)c3c2)c4cccc(OCC(=O)O)c4,6.3
418,CHEMBL3731652,CC(Nc1cc(nc(C)n1)c2ccc3ncsc3c2)c4cccc(OCCCC(=O)O)c4,6.3
435,CHEMBL3731574,COC(=O)c1cc(ccc1Cl)c2cc(N[C@@H]3CCCc4ccccc34)nc(C)n2,6.3
436,CHEMBL3727931,Cc1nc(N[C@@H]2CCCc3ccccc23)cc(n1)c4ccc(F)cc4,6.3
437,CHEMBL3730547,CNc1ccc(cc1)c2cc(N[C@@H]3CCCc4ccccc34)nc(C)n2,6.3
438,CHEMBL3728028,Cc1nc(N[C@@H]2CCCc3ccccc23)cc(n1)c4cccc(Cl)c4,6.3
484,CHEMBL3732506,Cc1nc(N[C@@H]2CCCc3ccccc23)cc(n1)c4ccc5OCCNc5c4,6.3
485,CHEMBL3733133,Cc1nc(N[C@H]2CCCc3ccccc23)cc(n1)c4ccc5ncsc5c4,6.3
486,CHEMBL3730954,COc1cccc(c1)[C@H](C)Nc2cc(nc(C)n2)c3cccc(Cl)c3,6.3
487,CHEMBL3729815,Cc1nc(N[C@@H]2CCCc3ccccc23)cc(n1)c4ccc5cnn(C)c5c4,6.3
520,CHEMBL3731868,CC(Nc1cc(nc(C)n1)c2ccc3ncsc3c2)c4cccc(OCC5CCNCC5)c4,6.3
521,CHEMBL3728844,CC(Nc1cc(nc(C)n1)c2ccc3OCCN(C)c3c2)c4cccc(c4)c5cnn(C)c5,6.3
529,CHEMBL3727575,Cc1nc(NCc2cc(O)ccc2F)cc(n1)c3ccc4ncsc4c3,6.3
542,CHEMBL3729803,COc1ccc(F)c(CNc2cc(nc(C)n2)c3ccc4ncsc4c3)c1,6.3
589,CHEMBL3732847,CC(Nc1cc(nc(C)n1)c2ccc3occc3c2)c4cccc(OCc5ccn(C)n5)c4,6.3
590,CHEMBL3732896,C[C@H](Nc1cc(nc(C)n1)c2ccc3occ(C)c3c2)c4cccc(c4)c5ccccc5,6.3
592,CHEMBL3731294,CC(Nc1cc(nc(C)n1)c2ccc3ncsc3c2)c4cccc(c4)N5CCOCC5,6.3
596,CHEMBL3733031,CC(Nc1cc(nc(C)n1)c2ccc3ncsc3c2)c4cccc(OCC(O)CF)c4,6.3
597,CHEMBL3732184,CC(Nc1cc(nc(C)n1)c2ccc3ncsc3c2)c4cccc(Br)c4,6.3
599,CHEMBL3730973,CC(Nc1cc(nc(C)n1)c2ccc3ncsc3c2)c4cccc(OCCCC(=O)N(C)C)c4,6.3
609,CHEMBL3732581,CC(Nc1cc(nc(C)n1)c2ccc3ncsc3c2)c4cccc(OCCCN(C)C)c4,6.3
610,CHEMBL3733001,COc1cc(ccn1)C(C)Nc2cc(nc(C)n2)c3ccc4ncsc4c3,6.3
612,CHEMBL3728161,CC(Nc1cc(nc(C)n1)c2ccc3ncsc3c2)c4cccc(OCC(=O)NC5CCCCC5)c4,6.3
615,CHEMBL3728510,Cc1nc(NCc2ccccc2F)cc(n1)c3ccc4ncsc4c3,6.3
632,CHEMBL3730004,CCc1ccc(cc1)c2cc(NC(C)c3cccc(c3)c4cnn(C)c4)nc(C)n2,6.3
634,CHEMBL3732406,Cc1nc(NCC2CCCN(C2)C(=O)C3(C)CC3)cc(n1)c4ccc5ncsc5c4,6.3
635,CHEMBL3730750,Cc1nc(NCC2CCCN(C2)C(=O)C3CCCC3)cc(n1)c4ccc5ncsc5c4,6.3
638,CHEMBL3731123,CC(C)CCNc1cc(nc(C)n1)c2ccc3ncsc3c2,6.3
639,CHEMBL3733029,Cc1nc(NCCC2=CCCCC2)cc(n1)c3ccc4ncsc4c3,6.3
648,CHEMBL3729678,C[C@H](Nc1cc(nc(C)n1)c2ccc3ncsc3c2)c4cccc(c4)c5ccn[nH]5,6.3
650,CHEMBL3730221,CC(Nc1cc(nc(C)n1)c2ccc3ncsc3c2)c4cccc(OCC(=O)NCCN(C)C)c4,6.3
653,CHEMBL3729334,CC(Nc1cc(nc(C)n1)c2ccc3ncsc3c2)c4cccc(c4)[N+](=O)[O-],6.3
655,CHEMBL3727948,CC(Nc1cc(nc(C)n1)c2ccc3ncsc3c2)c4cccc(OCc5occ(n5)C(=O)O)c4,6.3
658,CHEMBL3732035,Cc1nc(NC2CC(C)(C)Oc3ccccc23)cc(n1)c4ccc5ncsc5c4,6.3
663,CHEMBL3729627,CC(Nc1cc(nc(C)n1)c2ccc3occ(C)c3c2)c4cccc(c4)c5cocc5,6.3
666,CHEMBL3728631,CC(Nc1cc(nc(C)n1)c2ccc3ncsc3c2)c4cccc(OCc5cccnc5)c4,6.3
668,CHEMBL3729518,CC(Nc1cc(nc(C)n1)c2ccc3ncsc3c2)c4cccc(OCc5csc(C)n5)c4,6.3
677,CHEMBL3732274,Cc1nc(N[C@@H]2CCCc3ccccc23)cc(n1)c4ccc5c(ccn5C)c4,6.3
683,CHEMBL3729636,Cc1nc(N[C@@H]2CCCc3ccccc23)cc(n1)c4cnc5ccccc5c4,6.3
686,CHEMBL3730857,CC(Nc1cc(nc(C)n1)c2ccc3ncsc3c2)c4cccc(OCCF)c4,6.3
702,CHEMBL3731828,C[C@@H](Nc1cc(nc(C)n1)c2ccc3occ(C)c3c2)c4cccc(c4)n5cnnn5,6.3
707,CHEMBL3731662,CC(Nc1cc(nc(C)n1)c2ccc3ncsc3c2)c4cccc(c4)c5ccc(nc5)N(C)C,6.3
738,CHEMBL3730870,CC(Nc1cc(nc(C)n1)c2ccc3ncsc3c2)c4cccc(c4)c5ccnc(C)c5,6.3
756,CHEMBL3730098,CC(Nc1cc(nc(C)n1)c2cccc(O)c2)c3cccc(c3)c4cnn(C)c4,6.3
757,CHEMBL3731527,CC(Nc1cc(nc(C)n1)c2ccc3OCCc3c2)c4cccc(c4)c5cnn(C)c5,6.3
758,CHEMBL3727504,COc1cccc(c1F)c2cc(NC(C)c3cccc(c3)c4cnn(C)c4)nc(C)n2,6.3
762,CHEMBL3729912,CC(Nc1cc(nc(C)n1)c2ccc3ncsc3c2)c4cccc(c4)c5ccc(F)nc5C,6.3
1048,CHEMBL3729335,C[C@H](Nc1cc(nc(C)n1)c2ccc3ncsc3c2)c4cccc(\C=C\C(=O)NC(C)(C)C)c4,6.3
1162,CHEMBL3732162,CCN(CC)c1ncc(cn1)c2cccc(c2)[C@H](C)Nc3cc(nc(C)n3)c4ccc5ncsc5c4,6.3
1179,CHEMBL3732122,CC(Nc1cc(nc(C)n1)c2ccc(F)c(F)c2)c3cccc(c3)c4cnn(C)c4,6.3
1184,CHEMBL3730693,CC(Nc1cc(nc(C)n1)c2cc(F)c(F)c(F)c2)c3cccc(c3)c4cnn(C)c4,6.3
1258,CHEMBL3729850,C[C@H](Nc1cc(nc(C)n1)c2ccc3ncsc3c2)c4cccc(c4)c5cnc(nc5)N6CCCCC6,6.3
