,molecule_chembl_id,canonical_smiles,pchembl_value
0,CHEMBL241708,Cc1ccc(CN2C(=O)COc3ccc(\C=C\4/SC(=S)NC4=O)cc23)cc1,7.53
1,CHEMBL3092376,CC(=O)Nc1nc(C)c(s1)c2onc(n2)N3CCCC(O)C3,7.54
2,CHEMBL377152,COC(=O)c1ccc(c(O)c1)c2oc(\C=C\3/SC(=O)NC3=O)cc2,7.54
3,CHEMBL2165269,COc1ccc(Nc2ncccc2c3nc(C)nc(N)n3)cn1,7.54
4,CHEMBL209159,Oc1c(F)cc(F)cc1c2ccc(\C=C\3/SC(=O)NC3=O)s2,7.54
5,CHEMBL3325884,Oc1c(F)cc(F)cc1c2oc(\C=C\3/SC(=O)NC3=O)cc2,7.54
6,CHEMBL3092367,CC(=O)Nc1nc(C)c(s1)c2onc(CC(F)(F)F)n2,7.55
7,CHEMBL1241944,CC(C)n1nc(c2ccc(C#N)c(O)c2)c3c(N)ncnc13,7.55
8,CHEMBL3652162,COc1ccc(CCCO)c(Nc2nc3ccccc3nc2NS(=O)(=O)c4cn(C)c(CN(C)C)n4)c1,7.55
9,CHEMBL2171930,Cc1c(nc2cc(F)ccc2c1N3CC(C)(C)c4ncc(cc34)c5ccnc(N)n5)c6ccccn6,7.55
10,CHEMBL469202,Cc1ccc(cn1)c2ccc3OCCN(c3c2)c4nc5CC(C)(C)NC(=O)c5s4,7.55
11,CHEMBL596597,O=C(Nc1ccncc1)Nc2ccc(cc2)c3nc(nc(n3)N4CCOCC4)N5CCOCC5,7.55
12,CHEMBL398988,COc1ccc(CCN2C(=O)COc3ccc(\C=C\4/SC(=S)NC4=O)cc23)cc1,7.56
13,CHEMBL240620,FC(F)(F)c1ccc(CN2C(=O)COc3ccc(\C=C\4/SC(=S)NC4=O)cc23)cc1,7.56
14,CHEMBL3652125,COc1ccc(CC2CCOCC2)c(Nc3nc4ccccc4nc3NS(=O)(=O)c5cccnc5)c1,7.57
15,CHEMBL3652184,COc1ccc(CCO)c(Nc2nc3ccccc3nc2NS(=O)(=O)c4ccc(NC(=O)CN(C)C)cc4)c1,7.57
16,CHEMBL2087479,CS(=O)(=O)N1CCN(Cc2cn3cc(nc(N4CCOCC4)c3n2)c5cnc(N)nc5C(F)(F)F)CC1,7.57
17,CHEMBL604908,O=C(Nc1ccccc1)Nc2ccc(cc2)c3nc(nc(n3)N4CCOCC4)N5CCOCC5,7.57
18,CHEMBL2152132,CNC(=O)c1nc(cnc1N)c2ccc(Cl)c(c2)S(=O)(=O)N,7.59
19,CHEMBL2152146,CNC(=O)c1nc(cnc1N)c2ccc(Cl)c(c2)S(=O)(=O)Nc3ccc(Cl)cc3,7.59
20,CHEMBL1760165,CNC(=O)c1oc(Nc2nc3ccccc3n2c4nc(C)nc(N)n4)cc1,7.59
21,CHEMBL3652198,COc1ccc(CC2CCC(O)CC2)c(Nc3nc4ccccc4nc3NS(=O)(=O)c5ccc(CN(C)C)cc5)c1,7.59
22,CHEMBL3652213,COc1ccc(CCCO)c(Nc2nc3ccccc3nc2NS(=O)(=O)C4CCNCC4)c1,7.59
23,CHEMBL3652203,COc1ccc(CCO)c(Nc2nc3ccccc3nc2NS(=O)(=O)c4ccc(CN(C)C)cc4)c1,7.59
24,CHEMBL3109142,OCc1ccc(NC(=O)Nc2ccc(cc2)c3nc(N4CCOCC4)c5ncccc5n3)cc1,7.59
25,CHEMBL573339,Oc1cccc(c1)c2nc(N3CCOCC3)c4oc5ncccc5c4n2,7.59
26,CHEMBL2204790,CC(=O)Nc1nc(C)c(s1)c2oc(nc2)C(C)(C)O,7.6
27,CHEMBL2064571,CC(C)(C)NS(=O)(=O)c1cncc(c1)c2cc(F)c3nc(N)nn3c2,7.6
28,CHEMBL2059909,CC(C)(C)NS(=O)(=O)c1cncc(c1)c2ccc3nc(N)nn3c2,7.6
29,CHEMBL2057364,CC(C)(C)NS(=O)(=O)c1cncc(c1)c2ccc3nc(NC(=O)NCCn4cccn4)nn3c2,7.6
30,CHEMBL2205765,CC(C)NS(=O)(=O)c1cncc(c1)c2ccn3nc(N)nc3c2,7.6
31,CHEMBL3393066,CC(C)n1c(C)nc2c(nc(nc12)N3CCOCC3)c4cnc(N)nc4,7.6
32,CHEMBL2205772,CC1(C)CCN1S(=O)(=O)c2cncc(c2)c3ccn4nc(N)nc4c3,7.6
33,CHEMBL589612,CCn1nnc2c(nc(nc12)c3ccc(NC(=O)Nc4ccc(cc4)C(=O)NCCN5CCN(C)CC5)cc3)N6CCOCC6,7.6
34,CHEMBL589103,CCn1nnc2c(nc(nc12)c3ccc(NC(=O)Nc4cccnc4)cc3)N5CCOCC5,7.6
35,CHEMBL2205774,CNS(=O)(=O)c1cncc(c1)c2ccn3nc(N)nc3c2,7.6
36,CHEMBL3582359,COc1ccc(cn1)c2cc(CNc3ccc(cc3)S(=O)(=O)Nc4nnc(C)s4)cc(c2)C(=O)NC(CO)CO,7.6
37,CHEMBL1088835,COc1ccc2[nH]c(C)c(\C=C\3/Oc4cc(O)cc(O)c4C3=O)c2c1,7.6
38,CHEMBL1922095,Cc1c(CN2CCN(CC2)C(=O)C(C)(C)O)sc3c(nc(nc13)c4cnc(N)nc4)N5CCOCC5,7.6
39,CHEMBL2057362,Cc1onc(C)c1CCNC(=O)Nc2nc3ccc(cn3n2)c4cncc(c4)S(=O)(=O)NC(C)(C)C,7.6
40,CHEMBL2205766,CC(C)(C)NS(=O)(=O)c1cncc(c1)c2ccn3nc(N)nc3c2,7.61
41,CHEMBL1808987,CC(C)Oc1nc(nc(n1)c2ccc(NC(=O)Nc3ccc(cc3)C(=O)NCCN(C)C)cc2)N4CCOCC4,7.61
42,CHEMBL600258,CC(C)n1nnc2c(nc(nc12)c3ccc(NC(=O)Nc4ccc(CO)cc4)cc3)N5CCOCC5,7.61
43,CHEMBL240623,O=C1COc2ccc(\C=C\3/SC(=S)NC3=O)cc2N1CCc4ccccc4,7.61
44,CHEMBL2204782,CC(=O)Nc1nc(C)c(s1)c2oc(Nc3ccc(Cl)nc3)nc2,7.62
45,CHEMBL2204793,CC(=O)Nc1nc(C)c(s1)c2oc(nc2)N3CCOCC3,7.62
46,CHEMBL489596,CN(C)c1ccc(Nc2ccc3OCCN(c3c2)c4nc5CC(C)(C)NC(=O)c5s4)nn1,7.62
47,CHEMBL2165026,COc1ccc(Nc2ncc(CO)cc2c3nc(C)nc(N)n3)cn1,7.62
48,CHEMBL2170097,Cc1nc(N)nc(n1)c2cc(CN3CCN(CC3)S(=O)(=O)C)cnc2Nc4cncc(F)c4,7.62
49,CHEMBL3355012,Nc1ncnc(N2CCC[C@H]2C3=Nc4cccc(Cl)c4C(=O)N3c5ccccc5)c1C#N,7.62
50,CHEMBL3652151,COc1ccc(CCO)c(Nc2nc3ccccc3nc2NS(=O)(=O)c4ccc(F)cc4)c1,7.64
51,CHEMBL3218575,Cc1ccc(cc1)S(=O)(=O)Nc2nc3ccccc3nc2Nc4ccc5nsnc5c4,7.64
52,CHEMBL2165038,Cc1nc(c2cccnc2Nc3cccc4[nH]ccc34)c5nc[nH]c5n1,7.64
53,CHEMBL599667,O=C(Nc1ccc(cc1)c2nc(nc(n2)N3CCOCC3)N4CCOCC4)Nc5cccs5,7.64
54,CHEMBL391998,O=C1COc2ccc(\C=C\3/SC(=S)NC3=O)cc2N1Cc4ccccc4,7.64
55,CHEMBL512092,CC1(C)Cc2nc(sc2C(=O)N1)N3CCOc4ccc(cc34)c5cn[nH]c5,7.66
56,CHEMBL3601925,CCN(CC)CCNC(=O)Nc1nc2ccc(cn2n1)c3cnc(OC)c(NS(=O)(=O)c4ccc(F)cc4)c3,7.66
57,CHEMBL590357,CCn1nnc2c(nc(nc12)c3ccc(NC(=O)Nc4ccc(cc4)C(=O)NCCc5ccccn5)cc3)N6CCOCC6,7.66
58,CHEMBL3652149,COc1ccc(CCO)c(Nc2nc3ccccc3nc2NS(=O)(=O)c4ccc(cc4)C#N)c1,7.66
59,CHEMBL2165023,COc1ccc(Nc2ncc(Br)cc2c3nc(C)nc(N)n3)cn1,7.66
60,CHEMBL3356901,COc1cncc(c1)c2ccc3nc(NC(=O)NCCc4cncn4C)sc3c2,7.66
61,CHEMBL2204777,CSc1oc(cn1)c2sc(NC(=O)C)nc2C,7.66
62,CHEMBL589600,Cn1nnc2c(nc(nc12)c3ccc(NC(=O)Nc4cccs4)cc3)N5CCOCC5,7.66
63,CHEMBL590074,CC(C)n1nnc2c(nc(nc12)c3ccc(NC(=O)Nc4ccncc4)cc3)N5CCOCC5,7.67
64,CHEMBL605121,OCCc1ccc(NC(=O)Nc2ccc(cc2)c3nc(nc(n3)N4CCOCC4)N5CCOCC5)cc1,7.67
65,CHEMBL3787634,CC(=O)Nc1nc(C)c(s1)c2ccc(Br)c(c2)S(=O)(=O)NCCO,7.68
66,CHEMBL3356891,CC(=O)Nc1nc2ccc(cc2s1)c3cnc4nccnc4c3,7.68
67,CHEMBL2152149,CNC(=O)c1nc(cnc1N)c2ccc(Cl)c(c2)S(=O)(=O)Nc3cccc(F)c3Cl,7.68
68,CHEMBL2152125,CNC(=O)c1nc(cnc1N)c2cccc(c2)c3nnn[nH]3,7.68
69,CHEMBL3652117,COC(=O)c1ccc(OC)cc1Nc2nc3ccccc3nc2NS(=O)(=O)c4cn(C)cn4,7.68
70,CHEMBL3652143,COc1ccc(CCCO)c(Nc2nc3ccccc3nc2NS(=O)(=O)c4cn(C)cn4)c1,7.68
71,CHEMBL2165031,COc1ccc(Nc2ncc(cc2c3nc(C)nc(N)n3)N4CCN(C)CC4)cn1,7.68
72,CHEMBL2170096,COc1ncc(Nc2ncc(CN3CCN(CC3)S(=O)(=O)C)cc2c4nc(C)nc(N)n4)cc1F,7.68
73,CHEMBL3577921,COc1ncc(cc1NS(=O)(=O)c2ccc(F)cc2F)c3cc4c(ncnc4s3)c5ccncc5,7.68
74,CHEMBL246857,Cc1cccc(CCN2C(=O)COc3ccc(\C=C\4/SC(=S)NC4=O)cc23)c1,7.68
75,CHEMBL2170092,Cc1nc(N)nc(n1)c2cc(CN3CCN(CC3)S(=O)(=O)C)cnc2Nc4ccc(Cl)nc4,7.68
76,CHEMBL1808978,COc1nc(nc(n1)c2ccc(NC(=O)Nc3ccc(cc3)C(=O)NCCN4CCCCC4)cc2)N5CCOCC5,7.69
77,CHEMBL429657,Fc1ccc(CCN2C(=O)COc3ccc(\C=C\4/SC(=S)NC4=O)cc23)cc1F,7.69
78,CHEMBL1760155,CC(=O)Nc1ccc(Nc2nc3ccccc3n2c4nc(C)nc(N)n4)cc1,7.7
79,CHEMBL2205768,CC(C)(NS(=O)(=O)c1cncc(c1)c2ccn3nc(N)nc3c2)C(F)(F)F,7.7
80,CHEMBL597825,CNC(=O)c1ccc(NC(=O)Nc2ccc(cc2)c3nc(nc(n3)N4CCOCC4)N5CCOCC5)cc1,7.7
81,CHEMBL2152145,CNC(=O)c1nc(cnc1N)c2ccc(Cl)c(c2)S(=O)(=O)Nc3ccccc3Cl,7.7
82,CHEMBL3652138,COc1ccc(CC2CCC(O)CC2)c(Nc3nc4ccccc4nc3NS(=O)(=O)c5cccnc5)c1,7.7
83,CHEMBL522910,COc1ccc(Nc2ccc3OCCN(c3c2)c4nc5CC(C)(C)NC(=O)c5s4)nn1,7.7
84,CHEMBL2152256,COc1nc(N)ncc1c2ccc(Cl)c(c2)S(=O)(=O)Nc3cccc(F)c3F,7.7
85,CHEMBL2170084,COc1ncc(Nc2ncc(cc2c3nc(C)nc(N)n3)[C@@H](N4CCN(CC4)S(=O)(=O)C)C(F)(F)F)cc1F,7.7
86,CHEMBL1086923,CS(=O)(=O)N1CCN(Cc2cc3nc(nc(N4CCOCC4)c3s2)c5cccc(O)c5)CC1,7.7
87,CHEMBL1922092,Cc1c(CN2CCN(CC2)C(=O)C(C)(C)N)sc3c(nc(nc13)c4cnc(N)nc4)N5CCOCC5,7.7
88,CHEMBL490428,Cc1ccc(Nc2ccc3OCCN(c3c2)c4nc5CC(C)(C)NC(=O)c5s4)nn1,7.7
89,CHEMBL1213085,Cc1ccccc1N2C(=Nc3cccc(C)c3C2=O)Cn4nc(c5ccc(O)c(F)c5)c6c(N)ncnc46,7.7
90,CHEMBL2071341,Cc1nc(NC(=O)NCCC(=O)OC(C)(C)C)sc1c2ccc(c(F)c2)S(=O)(=O)C,7.7
91,CHEMBL241718,Clc1ccc(CCN2C(=O)COc3ccc(\C=C\4/SC(=S)NC4=O)cc23)cc1,7.7
92,CHEMBL2205773,Nc1nc2cc(ccn2n1)c3cncc(c3)S(=O)(=O)N,7.7
93,CHEMBL2205767,Nc1nc2cc(ccn2n1)c3cncc(c3)S(=O)(=O)NCC(F)(F)F,7.7
94,CHEMBL211819,Oc1ccc(O)c(c1)c2oc(\C=C\3/SC(=O)NC3=O)cc2,7.7
95,CHEMBL211173,Oc1ccc(c(O)c1)c2oc(\C=C\3/SC(=O)NC3=O)cc2,7.7
96,CHEMBL601073,O=C(Nc1ccc(cc1)c2nc(N3CCOCC3)c4nnn(C5CC5)c4n2)Nc6cccs6,7.71
97,CHEMBL2381262,CC(C)n1ncnc1c2nc3c(CCOc4cc(ccc34)C(O)CO)s2,7.72
98,CHEMBL3356890,CCc1ncc(cc1OC)c2ccc3nc(NC(=O)C)sc3c2,7.72
99,CHEMBL428496,COC[C@H]1OC(=O)c2coc3C(=O)C4=C([C@@H](C[C@@]5(C)[C@H]4CCC5=O)OC(=O)C)[C@]1(C)c23,7.72
100,CHEMBL3356902,COc1cncc(c1)c2ccc3nc(NC(=O)NCCOc4ccccc4)sc3c2,7.72
101,CHEMBL1086924,CS(=O)(=O)N1CCN(Cc2cc3nc(nc(N4CCOCC4)c3s2)c5cccnc5)CC1,7.72
102,CHEMBL2216892,C[C@H](Nc1ncnc(N)c1C#N)c2nc3ccc(F)cc3c(NCCS(=O)(=O)C)c2c4ccccc4,7.72
103,CHEMBL590073,CCn1nnc2c(nc(nc12)c3ccc(NC(=O)Nc4ccncc4)cc3)N5CCOCC5,7.73
104,CHEMBL246647,Clc1ccc(CCN2C(=O)COc3ccc(\C=C\4/SC(=S)NC4=O)cc23)c(Cl)c1,7.74
105,CHEMBL392914,Clc1ccc(CCN2C(=O)COc3ccc(\C=C\4/SC(=S)NC4=O)cc23)cc1Cl,7.74
106,CHEMBL1808986,CC(C)Oc1nc(nc(n1)c2ccc(NC(=O)Nc3ccc(cc3)C(=O)N(C)CCN(C)C)cc2)N4CCOCC4,7.75
107,CHEMBL2152127,CC(C)c1ccc(cc1)c2ncccc2N3CCN(CC3)S(=O)(=O)c4cccc(c4)c5cnc(N)nc5,7.75
108,CHEMBL2152126,CC(C)c1ccc(cc1)c2nccnc2N3CCN(CC3)S(=O)(=O)c4cccc(c4)c5cnc(N)nc5,7.75
109,CHEMBL2152144,CNC(=O)c1nc(cnc1N)c2ccc(Cl)c(c2)S(=O)(=O)Nc3cccc(Cl)c3,7.75
110,CHEMBL2152250,CNC(=O)c1nc(cnc1N)c2ccc(Cl)c(c2)S(=O)(=O)Nc3cccc(Cl)c3Cl,7.75
111,CHEMBL2152252,CNC(=O)c1nc(cnc1N)c2ccc(Cl)c(c2)S(=O)(=O)Nc3cccc(F)c3F,7.75
112,CHEMBL2165015,COC(=O)N1CCN(Cc2cnc(Nc3ccc(OC)nc3)c(c2)c4nc(C)nc(N)n4)CC1,7.75
113,CHEMBL3652137,COc1ccc(CC2CCC(O)CC2)c(Nc3nc4ccccc4nc3NS(=O)(=O)c5cn(C)cn5)c1,7.75
114,CHEMBL1241857,COc1ccc2C3=NCCN3C(=Nc2c1OC)NC(=O)c4cccnc4,7.75
115,CHEMBL496542,Cc1nn(C)cc1c2ccc3OCCN(c3c2)c4nc5CC(C)(C)NC(=O)c5s4,7.75
116,CHEMBL246441,Clc1cccc(CCN2C(=O)COc3ccc(\C=C\4/SC(=S)NC4=O)cc23)c1,7.75
117,CHEMBL591760,CC(C)n1nnc2c(nc(nc12)c3ccc(NC(=O)Nc4ccc(cc4)C(=O)N)cc3)N5CCOCC5,7.76
118,CHEMBL591357,CCNC(=O)c1ccc(NC(=O)Nc2ccc(cc2)c3nc(N4CCOCC4)c5nnn(CC)c5n3)cc1,7.76
119,CHEMBL1229535,CC(=O)\N=C/1\NC(=C(S1)c2ccc(Cl)c(c2)S(=O)(=O)NCCO)C,7.77
120,CHEMBL3092375,CC(O)C(C)(C)Cc1noc(n1)c2sc(NC(=O)C)nc2C,7.77
121,CHEMBL2152131,CNC(=O)c1nc(cnc1N)c2ccc(Cl)c(c2)S(=O)(=O)NC,7.77
122,CHEMBL2165010,COc1ccc(Nc2ncc(CN3CCOCC3)cc2c4nc(C)nc(N)n4)cn1,7.77
123,CHEMBL1922090,Cc1c(CN2CCN(CC2)C(=O)CN)sc3c(nc(nc13)c4cnc(N)nc4)N5CCOCC5,7.77
124,CHEMBL2204785,CC(=O)Nc1nc(C)c(s1)c2oc(Sc3cccnc3)nc2,7.8
125,CHEMBL2205763,CC(C)(C)NS(=O)(=O)c1cncc(c1)c2cc(F)n3nc(N)nc3c2,7.8
126,CHEMBL2059913,CC(C)(C)NS(=O)(=O)c1cncc(c1)c2ccc3nc(NC(=O)NCCN4CCOCC4)nn3c2,7.8
127,CHEMBL3609522,CC(C)(C)c1ncc2CCc3nc(NC(=O)N4CCC[C@H]4C(=O)N)sc3c2n1,7.8
128,CHEMBL1084926,CC(C)(O)c1cc2nc(nc(N3CCOCC3)c2s1)c4cnc(N)nc4,7.8
129,CHEMBL589258,CCn1nnc2c(nc(nc12)c3ccc(NC(=O)Nc4ccc(cc4)C(=O)N5CCN(C)CC5)cc3)N6CCOCC6,7.8
130,CHEMBL2057370,CNC(=O)CNC(=O)Nc1nc2ccc(cn2n1)c3cncc(c3)S(=O)(=O)NC(C)(C)C,7.8
131,CHEMBL2170095,COc1ncc(Nc2ncc(CN3CCN(CC3)S(=O)(=O)C)cc2c4nc(C)nc(N)n4)cn1,7.8
132,CHEMBL1914736,Fc1ccc(cc1)S(=O)(=O)Nc2cc(cnc2Cl)c3ccc4ncc(NCCN5CCOCC5)nc4c3,7.8
133,CHEMBL2064512,Nc1nc2ccc(cn2n1)c3cncc(c3)S(=O)(=O)NCC4CC4,7.8
134,CHEMBL1085160,CS(=O)(=O)N1CCN(Cc2cc3nc(nc(N4CCOCC4)c3s2)c5cccc(CO)c5)CC1,7.82
135,CHEMBL3609526,C[C@@H]1CCN([C@@H]1C(=O)N)C(=O)Nc2nc3CCc4cnc(nc4c3s2)C(C)(C)C(F)(F)F,7.82
136,CHEMBL1091978,Cc1c(CN2CCN(CC2)S(=O)(=O)C)sc3c(nc(nc13)c4cnc(N)nc4)N5CCOCC5,7.82
137,CHEMBL1085178,Cc1nc(N)ncc1c2nc(N3CCOCC3)c4sc(cc4n2)C(C)(C)O,7.82
138,CHEMBL597004,OCc1ccc(NC(=O)Nc2ccc(cc2)c3nc(nc(n3)N4CCOCC4)N5CCOCC5)cc1,7.84
139,CHEMBL2204794,CC(=O)Nc1nc(C)c(s1)c2oc(nc2)N3CCCC(O)C3,7.85
140,CHEMBL3092365,CC(=O)Nc1nc(C)c(s1)c2onc(n2)C(C)(C)C,7.85
141,CHEMBL1928541,CN(\N=C\c1cnn2ccc(cc12)C#N)S(=O)(=O)c3cc(ccc3C)[N+](=O)[O-],7.85
142,CHEMBL1808991,CN1CCN(CC1)C(=O)c2ccc(NC(=O)Nc3ccc(cc3)c4nc(O[C@H]5CCOC5)nc(n4)N6CCOCC6)cc2,7.85
143,CHEMBL2206906,COCCOc1cnc(Nc2cnc(Cl)c(NS(=O)(=O)C)c2)c(c1)c3nc(C)nc(N)n3,7.85
144,CHEMBL3601923,COc1ncc(cc1NS(=O)(=O)c2ccc(F)cc2)c3ccc4nc(NC(=O)NC5CC5)nn4c3,7.85
145,CHEMBL1922094,C[C@H](O)C(=O)N1CCN(Cc2sc3c(nc(nc3c2C)c4cnc(N)nc4)N5CCOCC5)CC1,7.85
146,CHEMBL1808982,COc1nc(nc(n1)c2ccc(NC(=O)Nc3ccc(cc3)C(=O)N4CCN(C)CC4)cc2)N5CCOCC5,7.87
147,CHEMBL590325,O=C(Nc1ccncc1)Nc2ccc(cc2)c3nc(N4CCOCC4)c5nnn(C6CC6)c5n3,7.87
148,CHEMBL3356883,CC(=O)Nc1nc2ccc(cc2s1)c3cncc(C)c3,7.89
149,CHEMBL1914742,CC(C)N1CCN(CC1)c2cnc3ccc(cc3n2)c4cnc(Cl)c(NS(=O)(=O)c5ccc(F)cc5)c4,7.89
150,CHEMBL1760154,CNC(=O)Nc1ccc(Nc2nc3ccccc3n2c4nc(C)nc(N)n4)cc1,7.89
151,CHEMBL3403670,COCCNc1c(c2ccccc2)c(nc3ccc(F)cc13)[C@H](C)Nc4ncnc(N)c4C#N,7.89
152,CHEMBL2418943,COc1cc(cnc1N)c2ccc3nc(NC(=O)C)sc3c2,7.89
153,CHEMBL1914727,Fc1ccc(cc1)S(=O)(=O)Nc2cc(cnc2Cl)c3ccc4nccc(c5ccncc5)c4c3,7.89
154,CHEMBL2059910,CNC(=O)Nc1nc2ccc(cn2n1)c3cncc(c3)S(=O)(=O)NC(C)(C)C,7.9
155,CHEMBL230098,COc1cccc(c1)c2nc3nc(N)nc(N)c3nc2c4cccc(OC)c4,7.9
156,CHEMBL591358,CCn1nnc2c(nc(nc12)c3ccc(NC(=O)Nc4ccc(cc4)C(=O)N(C)C)cc3)N5CCOCC5,7.91
157,CHEMBL591759,CCn1nnc2c(nc(nc12)c3ccc(NC(=O)Nc4ccc(cc4)C(=O)N)cc3)N5CCOCC5,7.91
158,CHEMBL2204779,CC(=O)Nc1nc(C)c(s1)c2oc(Nc3cccc(c3)C(=O)O)nc2,7.92
159,CHEMBL2203302,CC(=O)Nc1nc(C)c(s1)c2oc(Nc3cccnc3)nc2,7.92
160,CHEMBL2204778,CC(=O)Nc1nc(C)c(s1)c2oc(nc2)S(=O)(=O)C,7.92
161,CHEMBL590587,CCn1nnc2c(nc(nc12)c3ccc(NC(=O)Nc4ccc(cc4)C(=O)NCCN(C)C)cc3)N5CCOCC5,7.92
162,CHEMBL3652216,COc1ccc(CCCO)c(Nc2nc3ccccc3nc2NS(=O)(=O)c4cccc(NC(=O)CO)c4)c1,7.92
163,CHEMBL2165039,COc1ccc(Nc2ncccc2c3nc(C)nc4[nH]cnc34)cn1,7.92
164,CHEMBL2170086,COc1ncc(Nc2ncc(cc2c3nc(C)nc(N)n3)[C@@H](C)N4CCN(C[C@H]4C)S(=O)(=O)C)cc1F,7.92
165,CHEMBL2170087,COc1ncc(Nc2ncc(cc2c3nc(C)nc(N)n3)[C@H](C)N4CCN(C[C@H]4C)S(=O)(=O)C)cc1F,7.92
166,CHEMBL2165052,Cc1nc(N)nc(n1)c2cccnc2Nc3cccc(O)c3,7.92
167,CHEMBL2165037,Cc1nc(c2cccnc2Nc3cccc4[nH]ncc34)c5nc[nH]c5n1,7.92
168,CHEMBL394235,COc1cc(CCN2C(=O)COc3ccc(\C=C\4/SC(=S)NC4=O)cc23)cc(OC)c1,7.93
169,CHEMBL590084,CCn1nnc2c(nc(nc12)c3ccc(NC(=O)Nc4cccs4)cc3)N5CCOCC5,7.94
170,CHEMBL246859,COc1cccc(CCN2C(=O)COc3ccc(\C=C\4/SC(=S)NC4=O)cc23)c1,7.95
171,CHEMBL394234,Cc1cc(C)cc(CCN2C(=O)COc3ccc(\C=C\4/SC(=S)NC4=O)cc23)c1,7.95
172,CHEMBL2381272,CC(C)n1ncnc1c2nc3c(CCOc4cc(ccc34)C5=CC=CNC5=O)s2,7.96
173,CHEMBL592445,CN(C)C1CCN(CC1)C(=O)c2ccc(NC(=O)Nc3ccc(cc3)c4nc(nc(n4)N5CCOCC5)N6CCOCC6)cc2,7.96
174,CHEMBL2152139,CNC(=O)c1nc(cnc1N)c2ccc(Cl)c(NS(=O)(=O)c3cccc(Cl)c3)c2,7.96
175,CHEMBL3403665,COc1c(c2ccccc2)c(nc3ccc(F)cc13)[C@H](C)Nc4ncnc(N)c4C#N,7.96
176,CHEMBL3652146,COc1ccc(CCCN(C)C)c(Nc2nc3ccccc3nc2NS(=O)(=O)c4cn(C)cn4)c1,7.96
177,CHEMBL2165006,COc1ccc(Nc2ncc(Cc3ccccc3)cc2c4nc(C)nc(N)n4)cn1,7.96
178,CHEMBL1090115,COc1ccc2[nH]c(c(\C=C\3/Oc4cc(O)cc(O)c4C3=O)c2c1)c5ccccc5,7.96
179,CHEMBL392349,Cc1ccc(CN2C(=O)COc3ccc(\C=C\4/SC(=S)NC4=O)cc23)cc1C,7.96
180,CHEMBL1928561,Cc1ccc(cc1S(=O)(=O)N(CCO)\N=C\c2cnn3ccc(cc23)C#N)[N+](=O)[O-],7.96
181,CHEMBL1808980,COc1nc(nc(n1)c2ccc(NC(=O)Nc3ccc(cc3)C(=O)NCCN(C)C)cc2)N4CCOCC4,7.98
182,CHEMBL241710,CC(C)(C)c1ccc(CN2C(=O)COc3ccc(\C=C\4/SC(=S)NC4=O)cc23)cc1,7.99
183,CHEMBL3577925,Fc1ccc(c(F)c1)S(=O)(=O)Nc2cc(cnc2Cl)c3cc4c(ncnc4s3)c5ccncc5,7.99
184,CHEMBL246440,Brc1ccc(CCN2C(=O)COc3ccc(\C=C\4/SC(=S)NC4=O)cc23)cc1,8.0
185,CHEMBL2164280,CC(=O)Nc1nc(C)c(s1)c2csc(Nc3cccc(c3)C(=O)O)n2,8.0
186,CHEMBL2204788,CC(=O)Nc1nc(C)c(s1)c2oc(CC(F)(F)F)nc2,8.0
187,CHEMBL2057367,CC(C)(C)NS(=O)(=O)c1cncc(c1)c2ccc3nc(NC(=O)NCCc4oc(nn4)C5CC5)nn3c2,8.0
188,CHEMBL3652199,COc1ccc(CC2CCS(=O)(=O)CC2)c(Nc3nc4ccccc4nc3NS(=O)(=O)c5ccc(CN(C)C)cc5)c1,8.0
189,CHEMBL2151050,COc1ccc(cc1)c2nccnc2N3CCN(CC3)S(=O)(=O)c4cccc(c4)c5cnc(N)nc5,8.0
190,CHEMBL3582351,COc1ccc(cn1)c2cc(CNc3ccc(cc3)S(=O)(=O)Nc4nnc(C)s4)cc(c2)C(=O)NCCC(C)C,8.0
191,CHEMBL1093445,COc1ccc2[nH]c(c(\C=C\3/Oc4cc(O)cc(O)c4C3=O)c2c1)c5cccnc5,8.0
192,CHEMBL1922093,Cc1c(CN2CCN(CC2)C(=O)CO)sc3c(nc(nc13)c4cnc(N)nc4)N5CCOCC5,8.0
193,CHEMBL592461,O=C(Nc1ccc(cc1)C(=O)N2CCC(CC2)N3CCCC3)Nc4ccc(cc4)c5nc(nc(n5)N6CCOCC6)N7CCOCC7,8.0
194,CHEMBL592619,O=C(Nc1ccc(cc1)C(=O)N2CCC(CC2)N3CCCCC3)Nc4ccc(cc4)c5nc(nc(n5)N6CCOCC6)N7CCOCC7,8.0
195,CHEMBL1808984,CN1CCN(CC1)C(=O)c2ccc(NC(=O)Nc3ccc(cc3)c4nc(OC5COC5)nc(n4)N6CCOCC6)cc2,8.02
196,CHEMBL1808981,CNCCN(C)C(=O)c1ccc(NC(=O)Nc2ccc(cc2)c3nc(OC)nc(n3)N4CCOCC4)cc1,8.02
197,CHEMBL3646796,CC(=O)Nc1nc(C)c(s1)c2csc(Nc3cccc(c3)c4nnn[nH]4)n2,8.05
198,CHEMBL590594,CCn1nnc2c(nc(nc12)c3ccc(NC(=O)Nc4ccc(cc4)C(=O)NCCCN(C)C)cc3)N5CCOCC5,8.05
199,CHEMBL2165027,COCc1cnc(Nc2ccc(OC)nc2)c(c1)c3nc(C)nc(N)n3,8.05
200,CHEMBL3349370,COc1cc(Nc2nc3ccccc3nc2NS(=O)(=O)c4ccc(NC(=O)c5ccc(C)c(OC)c5)cc4)cc(OC)c1,8.05
201,CHEMBL1672328,COc1ccc(Nc2cc(nc(n2)N3CCOCC3)c4cnc(N)nc4)cn1,8.05
202,CHEMBL2165019,COc1ccc(Nc2ncc(CN3CCC(CC3)S(=O)(=O)C)cc2c4nc(C)nc(N)n4)cn1,8.05
203,CHEMBL2165018,COc1ccc(Nc2ncc(CN3CCN(CC3)S(=O)(=O)N(C)C)cc2c4nc(C)nc(N)n4)cn1,8.05
204,CHEMBL2165025,COc1cnc(Nc2ccc(OC)nc2)c(c1)c3nc(C)nc(N)n3,8.05
205,CHEMBL3356892,COc1cncc(c1)c2ccc3nc(NC(=O)N(C)C)sc3c2,8.05
206,CHEMBL2170083,COc1ncc(Nc2ncc(CN3CCN(C[C@@H]3C)S(=O)(=O)C)cc2c4nc(C)nc(N)n4)cc1F,8.05
207,CHEMBL2170082,COc1ncc(Nc2ncc(CN3CCN(C[C@H]3C)S(=O)(=O)C)cc2c4nc(C)nc(N)n4)cc1F,8.05
208,CHEMBL2170090,COc1ncc(Nc2ncc(cc2c3nc(C)nc(N)n3)C(C)(C)N4CCN(CC4)S(=O)(=O)C)cc1F,8.05
209,CHEMBL2170089,COc1ncc(Nc2ncc(cc2c3nc(C)nc(N)n3)[C@H](C)N4CCN(C[C@@H]4C)S(=O)(=O)C)cc1F,8.05
210,CHEMBL239374,Cc1ccc(CCN2C(=O)COc3ccc(\C=C\4/SC(=S)NC4=O)cc23)cc1,8.05
211,CHEMBL1204015,Cl.CN(C)CCN(C)C(=O)c1ccc(NC(=O)Nc2ccc(cc2)c3nc(nc(n3)N4CCOCC4)N5CCOCC5)cc1,8.05
212,CHEMBL1204014,Cl.CN1CCN(CC1)C(=O)c2ccc(NC(=O)Nc3ccc(cc3)c4nc(nc(n4)N5CCOCC5)N6CCOCC6)cc2,8.05
213,CHEMBL568150,O=C1NC(=O)\C(=C\c2ccc3nccnc3c2)\S1,8.05
214,CHEMBL2381261,CC(C)n1ncnc1c2nc3c(CCOc4cc(CO)ccc34)s2,8.08
215,CHEMBL2381268,CC(C)n1ncnc1c2nc3c(CCOc4cc(ccc34)C5CCNCC5)s2,8.08
216,CHEMBL1083192,CS(=O)(=O)N1CCN(Cc2cc3nc(nc(N4CCOCC4)c3s2)c5cnc(N)nc5)CC1,8.08
217,CHEMBL2418954,CC(=O)Nc1cn2cc(ccc2n1)c3cnc(N)c(c3)C(F)(F)F,8.09
218,CHEMBL3827894,CN(Cc1nc2c(nc(nc2n1C)c3cnc(N)nc3)N4CCOCC4)c5ncc(cn5)C(=O)NO,8.09
219,CHEMBL393121,FC(F)(F)c1ccc(CCN2C(=O)COc3ccc(\C=C\4/SC(=S)NC4=O)cc23)cc1,8.09
220,CHEMBL1738719,Fc1ccc(cc1)S(=O)(=O)Nc2cc(cnc2Cl)c3ccc4nccc(N5CCOCC5)c4c3,8.09
221,CHEMBL2064501,CC(=O)Nc1nc2ccc(cn2n1)c3cncc(CS(=O)(=O)N)c3,8.1
222,CHEMBL2205771,CCN(CC)S(=O)(=O)c1cncc(c1)c2ccn3nc(N)nc3c2,8.1
223,CHEMBL592615,CN(C)CCNC(=O)c1ccc(NC(=O)Nc2ccc(cc2)c3nc(nc(n3)N4CCOCC4)N5CCOCC5)cc1,8.1
224,CHEMBL2152150,CNC(=O)c1nc(cnc1N)c2ccc(Cl)c(c2)S(=O)(=O)Nc3ccc(Cl)cc3Cl,8.1
225,CHEMBL2165020,COc1ccc(Nc2ncc(CC3CCN(CC3)S(=O)(=O)C)cc2c4nc(C)nc(N)n4)cn1,8.1
226,CHEMBL2165016,COc1ccc(Nc2ncc(CN3CCN(CC3)C(=O)N(C)C)cc2c4nc(C)nc(N)n4)cn1,8.1
227,CHEMBL2165017,COc1ccc(Nc2ncc(CN3CCN(CC3)S(=O)(=O)C)cc2c4nc(C)nc(N)n4)cn1,8.1
228,CHEMBL2165032,COc1ccc(Nc2ncc(cc2c3nc(C)nc(N)n3)c4ccc(C)nc4)cn1,8.1
229,CHEMBL2170088,COc1ncc(Nc2ncc(cc2c3nc(C)nc(N)n3)[C@@H](C)N4CCN(C[C@@H]4C)S(=O)(=O)C)cc1F,8.1
230,CHEMBL3121333,COc1ncc(cc1NS(=O)(=O)c2ccc(F)cc2F)c3ccc4nc(N)c(nc4c3)c5ccccc5,8.1
231,CHEMBL2057365,Cc1nc(CCNC(=O)Nc2nc3ccc(cn3n2)c4cncc(c4)S(=O)(=O)NC(C)(C)C)cs1,8.1
232,CHEMBL1762788,Cc1nc(N)nc(n1)n2c(Nc3cccc(O)c3)nc4ccccc24,8.1
233,CHEMBL1257653,Cn1ncc2c(Oc3ccc(cc3)S(=O)(=O)C)cc(nc12)c4cccc5[nH]ncc45,8.1
234,CHEMBL2064507,Nc1nc2ccc(cn2n1)c3cncc(c3)S(=O)(=O)Nc4cccc5ccccc45,8.1
235,CHEMBL1808989,O=C(Nc1ccc(cc1)C(=O)NCCN2CCCCC2)Nc3ccc(cc3)c4nc(O[C@H]5CCOC5)nc(n4)N6CCOCC6,8.1
236,CHEMBL1914726,Fc1ccc(cc1)S(=O)(=O)Nc2cc(cnc2Cl)c3ccc4nccc(c5cccnc5)c4c3,8.11
237,CHEMBL3092373,CC(=O)Nc1nc(C)c(s1)c2onc(CC(C)(C)CO)n2,8.14
238,CHEMBL393276,Clc1ccc(CN2C(=O)COc3ccc(\C=C\4/SC(=S)NC4=O)cc23)cc1,8.15
239,CHEMBL3356893,CCNC(=O)Nc1nc2ccc(cc2s1)c3cncc(OC)c3,8.16
240,CHEMBL2165007,COc1ccc(Nc2ncc(Cc3ccc(cc3)S(=O)(=O)C)cc2c4nc(C)nc(N)n4)cn1,8.16
241,CHEMBL2170098,COc1cncc(Nc2ncc(CN3CCN(CC3)S(=O)(=O)C)cc2c4nc(C)nc(N)n4)c1,8.16
242,CHEMBL3356898,COc1cncc(c1)c2ccc3nc(NC(=O)NCCc4cn(C)cn4)sc3c2,8.16
243,CHEMBL1808979,COc1nc(nc(n1)c2ccc(NC(=O)Nc3ccc(cc3)C(=O)N(C)CCN(C)C)cc2)N4CCOCC4,8.16
244,CHEMBL2170099,COc1ncc(Nc2ncc(cc2c3nc(C)nc(N)n3)[C@H](C)N4CCN(CC4)S(=O)(=O)C)cc1F,8.16
245,CHEMBL1921986,C[C@@H](O)C(=O)N1CCN(Cc2sc3c(nc(nc3c2C)c4cnc(N)nc4)N5CCOCC5)CC1,8.17
246,CHEMBL1808988,CN(C)C1CCN(CC1)C(=O)c2ccc(NC(=O)Nc3ccc(cc3)c4nc(O[C@H]5CCOC5)nc(n4)N6CCOCC6)cc2,8.19
247,CHEMBL1914724,Fc1ccc(cc1)S(=O)(=O)Nc2cc(cnc2Cl)c3ccc4nccc(N5CCN(Cc6ccncc6)CC5)c4c3,8.19
248,CHEMBL2057371,CC(C)(C)NS(=O)(=O)c1cncc(c1)c2ccc3nc(NC(=O)NCC(=O)N4CCCC4)nn3c2,8.2
249,CHEMBL2057366,CC(C)(C)NS(=O)(=O)c1cncc(c1)c2ccc3nc(NC(=O)NCCc4cnccn4)nn3c2,8.2
250,CHEMBL3121323,COc1ncc(cc1NS(=O)(=O)c2cccnc2)c3ccc4N=C(N)N(C(=O)c4c3)c5ccccc5,8.2
251,CHEMBL2064508,Nc1nc2ccc(cn2n1)c3cncc(NS(=O)(=O)c4ccc(Cl)cc4)c3,8.2
252,CHEMBL3356885,CCOc1cncc(c1)c2ccc3nc(NC(=O)C)sc3c2,8.22
253,CHEMBL2165033,COc1ccc(Nc2ncc(cc2c3nc(C)nc(N)n3)c4cnn(C)c4)cn1,8.22
254,CHEMBL3356895,COc1cncc(c1)c2ccc3nc(NC(=O)NCC(=O)NCC(F)(F)F)sc3c2,8.22
255,CHEMBL2152257,Nc1ncc(c(OCC(F)(F)F)n1)c2ccc(Cl)c(c2)S(=O)(=O)Nc3cccc(F)c3F,8.22
256,CHEMBL1808990,O=C(Nc1ccc(cc1)C(=O)NCCN2CCCC2)Nc3ccc(cc3)c4nc(O[C@H]5CCOC5)nc(n4)N6CCOCC6,8.22
257,CHEMBL1910998,Oc1cccc2c1nc(C(F)F)n2c3nc(nc(n3)N4CCOCC4)N5CCOCC5,8.22
258,CHEMBL1765602,Nc1ccc(cn1)c2ccc3ncc4C=CC(=O)N(c5cccc(c5)C(F)(F)F)c4c3c2,8.25
259,CHEMBL3618245,COc1ncc(Nc2nc3ccc(cn3c2c4nc(C)nc(N)n4)C(C)(C)O)cc1F,8.28
260,CHEMBL1085177,Cc1nc(N)ncc1c2nc(N3CCOCC3)c4sc(CN5CCN(CC5)S(=O)(=O)C)cc4n2,8.28
261,CHEMBL230011,Nc1nc(N)c2nc(c3cccc(O)c3)c(nc2n1)c4cccc(O)c4,8.28
262,CHEMBL3787013,CC(=O)Nc1nc(C)c(s1)c2ccc(Cl)c(c2)S(=O)(=O)Nc3ccc(O)cc3,8.3
263,CHEMBL1879463,CN1C(=O)N(c2ccc(cc2)C(C)(C)C#N)c3c1cnc4ccc(cc34)c5cnc6ccccc6c5,8.3
264,CHEMBL1796761,CNC(=O)c1ccc2c(OCCc3cc(sc23)C(=O)N(C)c4ccc(cc4Cl)C(=O)N(C)C)c1,8.3
265,CHEMBL2152148,CNC(=O)c1nc(cnc1N)c2ccc(Cl)c(c2)S(=O)(=O)Nc3ccc(F)cc3Cl,8.3
266,CHEMBL2165004,COc1ccc(Nc2ncc(CN3CCC(C3)S(=O)(=O)C)cc2c4nc(C)nc(N)n4)cn1,8.3
267,CHEMBL3356897,COc1cncc(c1)c2ccc3nc(NC(=O)NCCc4c[nH]cn4)sc3c2,8.3
268,CHEMBL3609525,C[C@@H]1CCN([C@@H]1C(=O)N)C(=O)Nc2nc3CCc4cnc(nc4c3s2)C(C)(C)C,8.3
269,CHEMBL1762790,Cc1nc(N)nc(n1)n2c(Nc3cc(O)cc(O)c3)nc4ccccc24,8.3
270,CHEMBL586702,FC(F)c1nc2ccccc2n1c3nc(nc(n3)N4CCOCC4)N5CCOCC5,8.3
271,CHEMBL3797933,Nc1oc2ccc(cc2n1)c3nn(CC4CCCC4)c5ncnc(N)c35,8.3
272,CHEMBL1808977,CN(C)CCN(C)C(=O)c1ccc(NC(=O)Nc2ccc(cc2)c3nc(O[C@H]4CCOC4)nc(n3)N5CCOCC5)cc1,8.32
273,CHEMBL1615189,CC(=O)Nc1nc2ccc(cc2s1)c3cnc(Cl)c(NS(=O)(=O)c4ccc(F)cc4)c3,8.33
274,CHEMBL3582350,COc1ccc(cn1)c2cc(CNc3ccc(cc3)S(=O)(=O)Nc4nnc(C)s4)cc(c2)C(=O)NCCc5ccccc5F,8.36
275,CHEMBL2381266,CC(C)n1ncnc1c2nc3c(CCOc4cc(ccc34)C5CCNC5)s2,8.37
276,CHEMBL2057372,CC(C)(C)NS(=O)(=O)c1cncc(c1)c2ccc3nc(NC(=O)NCC(=O)N4CCOCC4)nn3c2,8.4
277,CHEMBL3765587,CCOC(=O)N1CCN(CC#Cc2ccnc3ccc(cc23)c4cnc(OC)c(NS(=O)(=O)c5ccc(F)cc5F)c4)CC1,8.4
278,CHEMBL1213118,CN1CCN(CC1)c2nc3ccccc3cc2Cn4nc(c5ccc6nc(N)sc6c5)c7c(N)ncnc47,8.4
279,CHEMBL2165029,COc1ccc(Nc2ncc(cc2c3nc(C)nc(N)n3)N4CCOCC4)cn1,8.4
280,CHEMBL3356884,COc1cncc(c1)c2ccc3nc(NC(=O)C)sc3c2,8.4
281,CHEMBL1808983,COc1nc(nc(n1)c2ccc(NC(=O)Nc3ccc(cc3)C(=O)N4CCNC(C)(C)C4)cc2)N5CCOCC5,8.4
282,CHEMBL3121334,COc1ncc(cc1NS(=O)(=O)c2ccc(F)cc2F)c3ccc4N=C(N)N(C(=O)c4c3)c5ccccc5,8.4
283,CHEMBL2165051,Cc1ncnc(n1)n2c(Nc3cccc(O)c3)nc4ccccc24,8.4
284,CHEMBL3582357,Cc1nnc(NS(=O)(=O)c2ccc(NCc3cc(cc(c3)c4ccc5OCOc5c4)C(=O)O)cc2)s1,8.4
285,CHEMBL2381273,CC(C)n1ncnc1c2nc3c(CCOc4cc(ccc34)c5ccc(N)nc5)s2,8.43
286,CHEMBL2381265,CC(C)n1ncnc1c2nc3c(CCOc4cc(ccc34)C5CNC5)s2,8.46
287,CHEMBL2057363,CN(C)C(=O)CNC(=O)Nc1nc2ccc(cn2n1)c3cncc(c3)S(=O)(=O)NC(C)(C)C,8.5
288,CHEMBL2204791,CC(=O)Nc1nc(C)c(s1)c2oc(nc2)C(C)(C)C,8.52
289,CHEMBL2204786,CC(=O)Nc1nc(C)c(s1)c2oc(nc2)c3cccnc3,8.52
290,CHEMBL2381253,CC(C)n1ncnc1c2nc3c(CCOc4ccccc34)s2,8.52
291,CHEMBL3763244,COc1ncc(cc1NS(=O)(=O)c2ccc(F)cc2F)c3ccc4nccc(C#CCN5CCN(CC5)S(=O)(=O)C)c4c3,8.57
292,CHEMBL3582354,COc1ccc(cn1)c2cc(CNc3ccc(cc3)S(=O)(=O)Nc4nnc(C)s4)cc(c2)C(=O)O,8.59
293,CHEMBL2057368,CC(C)(C)NS(=O)(=O)c1cncc(c1)c2ccc3nc(NC(=O)NCCn4nnc(n4)C5CC5)nn3c2,8.6
294,CHEMBL2057373,CN1CCN(CC1)C(=O)CNC(=O)Nc2nc3ccc(cn3n2)c4cncc(c4)S(=O)(=O)NC(C)(C)C,8.6
295,CHEMBL3121327,COc1ncc(cc1NS(=O)(=O)c2ccc(F)cc2F)c3ccc4ncnc(N5CCOCC5)c4c3,8.6
296,CHEMBL1082621,COc1cc(F)c2[nH]c(c(\C=C/3\Oc4ccc(NC(=O)Nc5ccc(cc5)C(=O)N(C)CCN(C)C)cc4C3=O)c2c1)c6c(C)nn(C)c6C,8.62
297,CHEMBL2206913,Cc1nc(N)nc(n1)c2cccnc2Nc3cnc(Cl)c(NS(=O)(=O)C)c3,8.62
298,CHEMBL1914743,Fc1ccc(cc1)S(=O)(=O)Nc2cc(cnc2Cl)c3ccc4ncc(nc4c3)N5CCOCC5,8.62
299,CHEMBL3774448,O=C1NC(=S)S/C/1=C\c2ccc3ncccc3c2,8.64
300,CHEMBL3775393,O=C1NC(=S)S/C/1=C\c2ccc3ncsc3c2,8.64
301,CHEMBL2322764,CC(C)n1ncnc1c2cc3CCOc4cc(ccc4c3s2)C(=O)N,8.66
302,CHEMBL2206904,COc1cnc(Nc2cnc(Cl)c(NS(=O)(=O)N(C)C)c2)c(c1)c3nc(C)nc(N)n3,8.66
303,CHEMBL3356900,CCCn1cnc(CCNC(=O)Nc2nc3ccc(cc3s2)c4cncc(OC)c4)c1,8.7
304,CHEMBL3356899,CCn1cnc(CCNC(=O)Nc2nc3ccc(cc3s2)c4cncc(OC)c4)c1,8.7
305,CHEMBL2165030,COc1ccc(Nc2ncc(cc2c3nc(C)nc(N)n3)C4=CCOCC4)cn1,8.7
306,CHEMBL3582356,Cc1nnc(NS(=O)(=O)c2ccc(NCc3cc(cc(c3)c4ccc5OCCOc5c4)C(=O)O)cc2)s1,8.7
307,CHEMBL1822054,CC(=O)Nc1cn2nc(ccc2n1)c3cnc(Cl)c(NS(=O)(=O)c4ccc(F)cc4)c3,8.72
308,CHEMBL2381270,CC(C)n1ncnc1c2nc3c(CCOc4cc(ccc34)c5ncc[nH]5)s2,8.82
309,CHEMBL2381379,CC(C)(O)Cn1cc(cn1)c2ccc3c(OCCc4sc(nc34)c5ncnn5CC(F)(F)F)c2,8.85
310,CHEMBL521851,CS(=O)(=O)N1CCN(Cc2cc3nc(nc(N4CCOCC4)c3s2)c5cccc6[nH]ncc56)CC1,8.85
311,CHEMBL2206921,CN(C)S(=O)(=O)Nc1cc(Nc2ncc(Cl)cc2c3nc(C)nc(N)n3)cnc1Cl,9.0
312,CHEMBL3356889,COc1cc(cnc1OC)c2ccc3nc(NC(=O)C)sc3c2,9.0
313,CHEMBL3356896,COc1cncc(c1)c2ccc3nc(NC(=O)NCCC(=O)NCC(F)(F)F)sc3c2,9.0
314,CHEMBL2170081,COc1ncc(Nc2ncc(cc2c3nc(C)nc(N)n3)[C@@H](C)N4CCN(CC4)S(=O)(=O)C)cc1F,9.0
315,CHEMBL2387080,CC(C)n1nc(C)nc1c2cn3CCOc4cc(ccc4c3n2)c5cnn(c5)C(C)(C)C(=O)N,9.01
316,CHEMBL2381269,CC(C)n1ncnc1c2nc3c(CCOc4cc(ccc34)c5cn[nH]c5)s2,9.16
317,CHEMBL2381271,CC(C)n1ncnc1c2nc3c(CCOc4cc(ccc34)c5cn(C)cn5)s2,9.22
318,CHEMBL1236962,COc1ncc(cc1NS(=O)(=O)c2ccc(F)cc2F)c3ccc4nccc(c5ccnnc5)c4c3,9.22
319,CHEMBL2381373,CC(C)n1ncnc1c2nc3c(CCOc4cc(ccc34)c5cnn(CCO)c5)s2,9.26
320,CHEMBL3586667,COc1ccc(cn1)N2CCc3nc(NC(=O)C)sc3C2,9.48
321,CHEMBL3586665,CC(=O)Nc1nc2CCN(Cc2s1)c3cccnc3,9.8
322,CHEMBL2331664,C[C@H](O)C(=O)N1CCC(CC1)N2C(=O)N(C)c3cnc4ccc(nc4c23)c5ccc(C)nc5,9.96
323,CHEMBL3586671,CCNC(=O)Nc1nc2CCN(Cc2s1)c3cncc(OC)c3,10.18
324,CHEMBL3586666,COc1cncc(c1)N2CCc3nc(NC(=O)C)sc3C2,10.32
325,CHEMBL3586675,COc1cncc(c1)N2CCc3nc(NC(=O)NCCc4cn(CC(C)C)cn4)sc3C2,10.47
326,CHEMBL3586680,COc1cncc(c1)N2CCc3nc(NC(=O)NCCc4cn(CCO)cn4)sc3C2,10.6
327,CHEMBL3586669,COc1cc(cnc1Cl)N2CCc3nc(NC(=O)C)sc3C2,10.62
328,CHEMBL3586670,COc1cncc(n1)N2CCc3nc(NC(=O)C)sc3C2,10.77
329,CHEMBL3586673,COc1cncc(c1)N2CCc3nc(NC(=O)NCCc4cn(cn4)C(C)C)sc3C2,10.8
330,CHEMBL3586668,COc1cc(cnc1OC)N2CCc3nc(NC(=O)C)sc3C2,10.89
331,CHEMBL3586672,CCCOCCNC(=O)Nc1nc2CCN(Cc2s1)c3cncc(OC)c3,10.96
332,CHEMBL3586674,CCCn1cnc(CCNC(=O)Nc2nc3CCN(Cc3s2)c4cncc(OC)c4)c1,11.0
