,molecule_chembl_id,canonical_smiles,pchembl_value
0,CHEMBL2322764,CC(C)n1ncnc1c2cc3CCOc4cc(ccc4c3s2)C(=O)N,7.54
1,CHEMBL3656400,CC(N(C)c1ccc(F)cc1)c2cc(cc3C(=O)C=C(Oc23)N4CCOCC4)C(=O)N(C)C,7.54
2,CHEMBL3319496,C[C@@H](Nc1cc(F)cc(F)c1)C2=CC(=CN3C(=O)C=C(N=C23)N4CCOCC4)C(=O)N5CCN(C)CC5,7.54
3,CHEMBL1922091,C[C@H](N)C(=O)N1CCN(Cc2sc3c(nc(nc3c2C)c4cnc(N)nc4)N5CCOCC5)CC1,7.54
4,CHEMBL2064341,Fc1ccc2c(c1)nc(CC3=NC(=CC(=O)N3)N4CCOCC4)n2C5CC5,7.54
5,CHEMBL2064328,CC(Nc1ccccc1)c2cc(C)cc3C(=O)C=C(Oc23)N4CCOCC4,7.55
6,CHEMBL3112865,CC1(C)CN(C(=O)CC2=NC(=CC(=O)N2)N3CCOCC3)c4ccccc14,7.55
7,CHEMBL2165037,Cc1nc(c2cccnc2Nc3cccc4[nH]ncc34)c5nc[nH]c5n1,7.55
8,CHEMBL1911117,COc1cc(N)cc2c1nc(C(F)F)n2c3nc(nc(n3)N4CCOCC4)N5CCOCC5,7.57
9,CHEMBL1921986,C[C@@H](O)C(=O)N1CCN(Cc2sc3c(nc(nc3c2C)c4cnc(N)nc4)N5CCOCC5)CC1,7.57
10,CHEMBL1922094,C[C@H](O)C(=O)N1CCN(Cc2sc3c(nc(nc3c2C)c4cnc(N)nc4)N5CCOCC5)CC1,7.57
11,CHEMBL2064340,CCn1c(CC2=NC(=CC(=O)N2)N3CCOCC3)nc4ccccc14,7.59
12,CHEMBL2064347,Cn1c(CC2=NC(=CC(=O)N2)N3CCOCC3)nc4c(cccc14)c5ccccc5,7.59
13,CHEMBL2322668,FC(F)c1nc2ccccc2n1c3nc(nc(n3)N4CCN(CC4)C(=O)[C@@H]5CCCN5)N6CCOCC6,7.59
14,CHEMBL2151048,Fc1ccc(NC(=O)CC2=NC(=CC(=O)N2)N3CCOCC3)cc1Br,7.59
15,CHEMBL2064352,Fc1ccc2oc(CC3=NC(=CC(=O)N3)N4CCOCC4)nc2c1,7.59
16,CHEMBL3319493,CC(Nc1cc(F)cc(F)c1F)C2=CC(=CN3C(=O)C=C(N=C23)N4CCOCC4)C(=O)N(C)C,7.6
17,CHEMBL2018217,CC1CN(CCO1)C2=CC(=O)N3N=C(C)N(Cc4cccc(Cl)c4Cl)C3=N2,7.6
18,CHEMBL1910999,COc1cccc2c1nc(C(F)F)n2c3nc(nc(n3)N4CCOCC4)N5CCOCC5,7.6
19,CHEMBL1949915,CS(=O)(=O)N1CCC(Cc2cc3c(nc(nc3s2)c4cnc(N)nc4)N5CCOCC5)CC1,7.6
20,CHEMBL3319495,C[C@@H](Nc1cc(F)cc(F)c1)C2=CC(=CN3C(=O)C=C(N=C23)N4CCOCC4)C(=O)N5CCOCC5,7.6
21,CHEMBL1957869,C[C@H]1CN(CCO1)C2=CC(=O)N3C=CN(Cc4cccc(c4C)C(F)(F)F)C3=N2,7.6
22,CHEMBL2322337,Cc1c(Cc2cnn3c(O)cc(nc23)c4ccncc4)cccc1C(F)(F)F,7.6
23,CHEMBL2089097,Cc1ccccc1CN2C=NC(=O)c3sc(nc23)N4CCOCC4,7.6
24,CHEMBL1085178,Cc1nc(N)ncc1c2nc(N3CCOCC3)c4sc(cc4n2)C(C)(C)O,7.6
25,CHEMBL2322350,Cc1nn2c(cc(nc2c1Cc3cccc(c3C)C(F)(F)F)N4CCOCC4)C(=O)N,7.6
26,CHEMBL1765464,Cc1onc(n1)c2cnc3ccc(cn23)c4cncc(NS(=O)(=O)c5ccccc5)c4,7.6
27,CHEMBL1957848,Clc1cccc(CN2C=CN3C(=O)C=C(N=C23)N4CCOCC4)c1,7.6
28,CHEMBL1957864,FC1=C(N=C2N(Cc3cccc(Cl)c3Cl)C=CN2C1=O)N4CCOCC4,7.6
29,CHEMBL3125385,NC(=O)c1sc(nc1CC(=O)N2CCc3ccccc23)N4CCOCC4,7.6
30,CHEMBL3125380,OC(=O)c1sc(nc1CC(=O)N2CCc3cc(F)ccc23)N4CCOCC4,7.6
31,CHEMBL3656422,CC(Nc1cccc(F)c1C#N)c2cc(cc3C(=O)C=C(Oc23)N4CCOCC4)C(=O)N(C)C,7.62
32,CHEMBL3408246,CC(Nc1cccc(F)c1F)c2cc(cc3C(=O)C=C(Oc23)N4CCOCC4)C(=O)N(C)C,7.62
33,CHEMBL2089106,CC1=NC(=O)c2sc(nc2N1Cc3cccc(c3C)C(F)(F)F)N4CCOCC4,7.62
34,CHEMBL3112855,O=C(CC1=NC(=CC(=O)N1)N2CCOCC2)N3CCc4c3cccc4c5ccccc5,7.62
35,CHEMBL1258517,O=C(Nc1ccncc1)Nc2ccc(cc2)c3nc(nc(n3)N4C5CCC4COC5)N6CCOCC6,7.62
36,CHEMBL3319647,CC(Nc1ccccc1F)C2=CC(=CN3C(=O)C=C(N=C23)N4CCOCC4)C(=O)NCCN(C)C,7.64
37,CHEMBL3765587,CCOC(=O)N1CCN(CC#Cc2ccnc3ccc(cc23)c4cnc(OC)c(NS(=O)(=O)c5ccc(F)cc5F)c4)CC1,7.64
38,CHEMBL1213117,CN1CCN(CC1)c2nc3ccccc3cc2Cn4nc(c5ccc6nc(NC(=O)C)sc6c5)c7c(N)ncnc47,7.64
39,CHEMBL3656438,COCCCNC(=O)c1cc(C(C)Nc2cc(F)cc(F)c2)c3OC(=CC(=O)c3c1)N4CCOCC4,7.64
40,CHEMBL2165269,COc1ccc(Nc2ncccc2c3nc(C)nc(N)n3)cn1,7.64
41,CHEMBL3112866,C[C@H]1Cc2ccccc2N1C(=O)CC3=NC(=CC(=O)N3)N4CCOCC4,7.64
42,CHEMBL490428,Cc1ccc(Nc2ccc3OCCN(c3c2)c4nc5CC(C)(C)NC(=O)c5s4)nn1,7.64
43,CHEMBL3125378,OC(=O)c1sc(nc1CC(=O)N2CCc3c(Cl)cccc23)N4CCOCC4,7.64
44,CHEMBL3577921,COc1ncc(cc1NS(=O)(=O)c2ccc(F)cc2F)c3cc4c(ncnc4s3)c5ccncc5,7.65
45,CHEMBL1972466,CC(Nc1ccccc1)C2=CC(=CN3C(=O)C=C(N=C23)N4CCOCC4)C,7.66
46,CHEMBL3112864,CC1CN(C(=O)CC2=NC(=CC(=O)N2)N3CCOCC3)c4ccccc14,7.66
47,CHEMBL1796761,CNC(=O)c1ccc2c(OCCc3cc(sc23)C(=O)N(C)c4ccc(cc4Cl)C(=O)N(C)C)c1,7.66
48,CHEMBL2165034,COc1ccc(Nc2ncc(CN3CCC3)cc2c4nc(C)nc(N)n4)cn1,7.66
49,CHEMBL3125390,NC(=O)c1sc(nc1CC(=O)N2CCc3c(Br)cccc23)N4CCOCC4,7.66
50,CHEMBL3125391,NC(=O)c1sc(nc1CC(=O)N2CCc3cc(F)ccc23)N4CCOCC4,7.66
51,CHEMBL2064413,O=C1NC(=NC(=C1)N2CCOCC2)Cc3oc4cccc(c5cccs5)c4n3,7.66
52,CHEMBL3656425,CC(N(C)c1cc(F)cc(F)c1F)c2cc(cc3C(=O)C=C(Oc23)N4CCOCC4)C(=O)N(C)C,7.68
53,CHEMBL3656454,CC(Nc1cc(F)cc(F)c1)c2cc(cc3C(=O)C=C(Oc23)N4CCOC[C@@H]4C)C(=O)N(C)C,7.68
54,CHEMBL573339,Oc1cccc(c1)c2nc(N3CCOCC3)c4oc5ncccc5c4n2,7.68
55,CHEMBL2381261,CC(C)n1ncnc1c2nc3c(CCOc4cc(CO)ccc34)s2,7.69
56,CHEMBL3585581,CC(N(C)c1ccccc1)C2=CC(=CN3C(=O)C=C(N=C23)N4CCOCC4)C,7.7
57,CHEMBL3218574,CC1=CN2C(=O)C=C(N=C2C(=C1)NCc3ccccc3C)N4CCOCC4,7.7
58,CHEMBL3125375,CC1Cc2cc(F)ccc2N1C(=O)Cc3nc(sc3C(=O)N)N4CCOCC4,7.7
59,CHEMBL3112861,CN1C(=O)C=C(N=C1CC(=O)N2CCc3ccccc23)N4CCOCC4,7.7
60,CHEMBL2165027,COCc1cnc(Nc2ccc(OC)nc2)c(c1)c3nc(C)nc(N)n3,7.7
61,CHEMBL3408250,C[C@@H](Nc1cccc(Cl)c1F)c2cc(cc3C(=O)C=C(Oc23)N4CCOCC4)C(=O)N(C)C,7.7
62,CHEMBL3585584,Cc1ccccc1NCC2=CC=CN3C(=O)C=C(N=C23)N4CCOCC4,7.7
63,CHEMBL2322356,Cc1nn2c(NC(=O)N)cc(nc2c1Cc3cccc(c3C)C(F)(F)F)N4CCOCC4,7.7
64,CHEMBL2018216,Clc1cccc(CN2C(=NN3C(=O)C=C(N=C23)N4CCOCC4)C5CC5)c1Cl,7.7
65,CHEMBL1957871,OCC1CN(CCO1)C2=CC(=O)N3C=CN(Cc4cccc(Cl)c4Cl)C3=N2,7.7
66,CHEMBL3408249,CC(Nc1cc(F)ccc1F)c2cc(cc3C(=O)C=C(Oc23)N4CCOCC4)C(=O)N(C)C,7.72
67,CHEMBL2089107,CC1=NC(=O)c2sc(nc2N1Cc3cccc(Cl)c3C)N4CCOCC4,7.72
68,CHEMBL1922093,Cc1c(CN2CCN(CC2)C(=O)CO)sc3c(nc(nc13)c4cnc(N)nc4)N5CCOCC5,7.72
69,CHEMBL2064411,O=C1NC(=NC(=C1)N2CCOCC2)Cc3oc4cccc(c5ccccc5)c4n3,7.72
70,CHEMBL1911119,COc1cc(cc2c1nc(C(F)F)n2c3nc(nc(n3)N4CCOCC4)N5CCOCC5)N(C)C,7.73
71,CHEMBL3408244,CC(Nc1ccc(F)cc1)c2cc(cc3C(=O)C=C(Oc23)N4CCOCC4)C(=O)N(C)C,7.75
72,CHEMBL2165015,COC(=O)N1CCN(Cc2cnc(Nc3ccc(OC)nc3)c(c2)c4nc(C)nc(N)n4)CC1,7.75
73,CHEMBL2171930,Cc1c(nc2cc(F)ccc2c1N3CC(C)(C)c4ncc(cc34)c5ccnc(N)n5)c6ccccn6,7.75
74,CHEMBL1949914,Nc1ncc(cn1)c2nc(N3CCOCC3)c4cc(CC5CCN(CC(F)(F)F)CC5)sc4n2,7.75
75,CHEMBL2381264,CC(C)n1ncnc1c2nc3c(CCOc4cc(CNCCO)ccc34)s2,7.76
76,CHEMBL3656424,CC(N(C)c1cc(F)c(F)c(F)c1)c2cc(cc3C(=O)C=C(Oc23)N4CCOCC4)C(=O)N(C)C,7.77
77,CHEMBL3408255,CC(Nc1cc(Cl)cc(Cl)c1)c2cc(cc3C(=O)C=C(Oc23)N4CCOCC4)C(=O)N(C)C,7.77
78,CHEMBL3408266,CC(Nc1cc(F)cc(F)c1)c2cc(cc3C(=O)C=C(Oc23)N4CCOCC4)C(=O)N5CCC(O)CC5,7.77
79,CHEMBL3319641,CC(Nc1cccc(Cl)c1)C2=CC(=CN3C(=O)C=C(N=C23)N4CCOCC4)C,7.77
80,CHEMBL3125395,CC1Cc2c(Br)cccc2N1C(=O)Cc3nc(sc3C(=O)N)N4CCOCC4,7.77
81,CHEMBL1760154,CNC(=O)Nc1ccc(Nc2nc3ccccc3n2c4nc(C)nc(N)n4)cc1,7.77
82,CHEMBL3408259,COCCN(C)C(=O)c1cc(C(C)Nc2cc(F)cc(F)c2)c3OC(=CC(=O)c3c1)N4CCOCC4,7.77
83,CHEMBL3800314,COCCN(Cc1cc(cc2C(=O)C=C(Oc12)N3CCOCC3)C(=O)N(C)C)c4cc(F)cc(F)c4,7.77
84,CHEMBL2165013,COc1ccc(Nc2ncc(CN3CCNCC3)cc2c4nc(C)nc(N)n4)cn1,7.77
85,CHEMBL3618245,COc1ncc(Nc2nc3ccc(cn3c2c4nc(C)nc(N)n4)C(C)(C)O)cc1F,7.77
86,CHEMBL521851,CS(=O)(=O)N1CCN(Cc2cc3nc(nc(N4CCOCC4)c3s2)c5cccc6[nH]ncc56)CC1,7.77
87,CHEMBL3408247,C[C@@H](Nc1ccc(F)c(F)c1)c2cc(cc3C(=O)C=C(Oc23)N4CCOCC4)C(=O)N(C)C,7.77
88,CHEMBL3408275,C[C@@H](Oc1cc(F)cc(F)c1)c2cc(cc3C(=O)C=C(Oc23)N4CCOCC4)C(=O)N(C)C,7.77
89,CHEMBL2151919,Cc1cccc(NC(=O)CC2=NC(=CC(=O)N2)N3CCOCC3)c1,7.77
90,CHEMBL2064348,Cn1c(CC2=NC(=CC(=O)N2)N3CCOCC3)nc4cccc(c5ccccc5)c14,7.77
91,CHEMBL3112857,O=C(CC1=NC(=CC(=O)N1)N2CCOCC2)N3CCc4c3cccc4c5cccnc5,7.77
92,CHEMBL3408251,CC(Nc1ccc(F)c(Cl)c1)c2cc(cc3C(=O)C=C(Oc23)N4CCOCC4)C(=O)N(C)C,7.8
93,CHEMBL2089108,CCC1=NC(=O)c2sc(nc2N1Cc3cccc(c3C)C(F)(F)F)N4CCOCC4,7.8
94,CHEMBL3408261,CCN(CC)C(=O)c1cc(C(C)Nc2cc(F)cc(F)c2)c3OC(=CC(=O)c3c1)N4CCOCC4,7.8
95,CHEMBL2206906,COCCOc1cnc(Nc2cnc(Cl)c(NS(=O)(=O)C)c2)c(c1)c3nc(C)nc(N)n3,7.8
96,CHEMBL2165016,COc1ccc(Nc2ncc(CN3CCN(CC3)C(=O)N(C)C)cc2c4nc(C)nc(N)n4)cn1,7.8
97,CHEMBL2431396,Cc1c(Cl)cccc1Cn2c(C)nc3c(cc(nc23)N4CCOCC4)C(=O)O,7.8
98,CHEMBL541643,Cl.Oc1cccc(c1)c2nc(N3CCOCC3)c4sccc4n2,7.8
99,CHEMBL2064333,Cn1c(CC2=NC(=CC(=O)N2)N3CCOCC3)nc4cc(F)ccc14,7.8
100,CHEMBL188678,O=C1C=C(Oc2c1cccc2c3cccc4c5ccccc5sc34)N6CCOCC6,7.8
101,CHEMBL2381379,CC(C)(O)Cn1cc(cn1)c2ccc3c(OCCc4sc(nc34)c5ncnn5CC(F)(F)F)c2,7.82
102,CHEMBL2381373,CC(C)n1ncnc1c2nc3c(CCOc4cc(ccc34)c5cnn(CCO)c5)s2,7.82
103,CHEMBL3408253,CC(Nc1cc(C)cc(F)c1)c2cc(cc3C(=O)C=C(Oc23)N4CCOCC4)C(=O)N(C)C,7.82
104,CHEMBL3408260,CC(Nc1cc(F)cc(F)c1)c2cc(cc3C(=O)C=C(Oc23)N4CCOCC4)C(=O)N(C)CCO,7.82
105,CHEMBL3125381,CC1Cc2cc(F)ccc2N1C(=O)Cc3nc(sc3C(=O)O)N4CCOCC4,7.82
106,CHEMBL428496,COC[C@H]1OC(=O)c2coc3C(=O)C4=C([C@@H](C[C@@]5(C)[C@H]4CCC5=O)OC(=O)C)[C@]1(C)c23,7.82
107,CHEMBL3408254,COc1cc(F)cc(NC(C)c2cc(cc3C(=O)C=C(Oc23)N4CCOCC4)C(=O)N(C)C)c1,7.82
108,CHEMBL2165020,COc1ccc(Nc2ncc(CC3CCN(CC3)S(=O)(=O)C)cc2c4nc(C)nc(N)n4)cn1,7.82
109,CHEMBL2151922,COc1cccc(NC(=O)CC2=NC(=CC(=O)N2)N3CCOCC3)c1,7.82
110,CHEMBL2165025,COc1cnc(Nc2ccc(OC)nc2)c(c1)c3nc(C)nc(N)n3,7.82
111,CHEMBL3408274,C[C@@H](N(C)c1cc(F)cc(F)c1)c2cc(cc3C(=O)C=C(Oc23)N4CCOCC4)C(=O)N(C)C,7.82
112,CHEMBL1914743,Fc1ccc(cc1)S(=O)(=O)Nc2cc(cnc2Cl)c3ccc4ncc(nc4c3)N5CCOCC5,7.82
113,CHEMBL1914724,Fc1ccc(cc1)S(=O)(=O)Nc2cc(cnc2Cl)c3ccc4nccc(N5CCN(Cc6ccncc6)CC5)c4c3,7.82
114,CHEMBL1914727,Fc1ccc(cc1)S(=O)(=O)Nc2cc(cnc2Cl)c3ccc4nccc(c5ccncc5)c4c3,7.82
115,CHEMBL3112690,O=C(CC1=NC(=CC(=O)N1)N2CCOCC2)N3CCc4ccccc34,7.82
116,CHEMBL2381279,CC(C)n1ncnc1c2nc3c(CCOc4cc(ccc34)C5CN(C5)C(C)(C)C(=O)N)s2,7.85
117,CHEMBL2381374,CC(C)n1ncnc1c2nc3c(CCOc4cc(ccc34)c5cnn(CC(C)(C)O)c5)s2,7.85
118,CHEMBL3656427,CC(N(C)c1cc(F)cc(c1)C#C)c2cc(cc3C(=O)C=C(Oc23)N4CCOCC4)C(=O)N(C)C,7.85
119,CHEMBL3408264,CC(Nc1cc(F)cc(F)c1)c2cc(cc3C(=O)C=C(Oc23)N4CCOCC4)C(=O)N5CCCCC5,7.85
120,CHEMBL3408268,CCNC(=O)c1cc(C(C)Nc2cc(F)cc(F)c2)c3OC(=CC(=O)c3c1)N4CCOCC4,7.85
121,CHEMBL1085160,CS(=O)(=O)N1CCN(Cc2cc3nc(nc(N4CCOCC4)c3s2)c5cccc(CO)c5)CC1,7.85
122,CHEMBL1086924,CS(=O)(=O)N1CCN(Cc2cc3nc(nc(N4CCOCC4)c3s2)c5cccnc5)CC1,7.85
123,CHEMBL2381278,CC(C)n1ncnc1c2nc3c(CCOc4cc(ccc34)C5CN(C5)C(=O)C(C)(C)N)s2,7.89
124,CHEMBL2381273,CC(C)n1ncnc1c2nc3c(CCOc4cc(ccc34)c5ccc(N)nc5)s2,7.89
125,CHEMBL3408276,CC(N(C)c1cc(F)cc(F)c1)c2cc(cc3C(=O)C=C(Oc23)N4CCOCC4)C(=O)N5CCCC5,7.89
126,CHEMBL3656411,CC(Nc1cc(C)cc(c1)C#N)c2cc(cc3C(=O)C=C(Oc23)N4CCOCC4)C(=O)N(C)C,7.89
127,CHEMBL1957860,CC1=C(C)N2C(=O)C=C(N=C2N1Cc3cccc(Cl)c3Cl)N4CCOCC4,7.89
128,CHEMBL1957866,CC1CN(CCO1)C2=CC(=O)N3C=CN(Cc4cccc(Cl)c4Cl)C3=N2,7.89
129,CHEMBL3125394,CC1Cc2c(Cl)cccc2N1C(=O)Cc3nc(sc3C(=O)N)N4CCOCC4,7.89
130,CHEMBL410643,COC[C@H]1OC(=O)\C(=C\N(C)CCCN(C)C)\C2=C(O)C(=O)C3=C([C@@H](C[C@]4(C)[C@@H](O)CC[C@@H]34)OC(=O)C)[C@@]12C,7.89
131,CHEMBL2165005,COc1ccc(Nc2ncc(CN3CCS(=O)(=O)CC3)cc2c4nc(C)nc(N)n4)cn1,7.89
132,CHEMBL2018215,CSC1=NN2C(=O)C=C(N=C2N1Cc3cccc(Cl)c3Cl)N4CCOCC4,7.89
133,CHEMBL2018218,CSC1=NN2C(=O)C=C(N=C2N1Cc3cccc(Cl)c3Cl)c4ccncc4,7.89
134,CHEMBL3408256,C[C@@H](Nc1cc(F)c(F)c(F)c1)c2cc(cc3C(=O)C=C(Oc23)N4CCOCC4)C(=O)N(C)C,7.89
135,CHEMBL1957872,Cc1c(CN2C=CN3C(=O)C=C(N=C23)C4=CCOCC4)cccc1C(F)(F)F,7.89
136,CHEMBL1957840,Clc1cccc(CN2C=CN3C(=O)C=C(N=C23)N4CCOCC4)c1Cl,7.89
137,CHEMBL2151821,Fc1ccc(NC(=O)CC2=NC(=CC(=O)N2)N3CCOCC3)cc1,7.89
138,CHEMBL1738719,Fc1ccc(cc1)S(=O)(=O)Nc2cc(cnc2Cl)c3ccc4nccc(N5CCOCC5)c4c3,7.89
139,CHEMBL3769902,Nc1ncc(cn1)c2nc(N3CCOCC3)c4ccc(Nc5cccnc5C#N)cc4n2,7.89
140,CHEMBL2322339,CCc1nn2c(O)cc(nc2c1Cc3cccc(Cl)c3Cl)C4CCOCC4,7.9
141,CHEMBL1084926,CC(C)(O)c1cc2nc(nc(N3CCOCC3)c2s1)c4cnc(N)nc4,7.92
142,CHEMBL3656423,CC(N(C)c1cc(F)cc(Cl)c1)c2cc(cc3C(=O)C=C(Oc23)N4CCOCC4)C(=O)N(C)C,7.92
143,CHEMBL3656451,CC(N(C)c1cc(F)cc(F)c1)c2cc(cc3C(=O)C=C(Oc23)N4CCO[C@H](C)C4)C(=O)N(C)C,7.92
144,CHEMBL3319645,CC(Nc1ccc(F)cc1)C2=CC(=CN3C(=O)C=C(N=C23)N4CCOCC4)C(=O)NCCN(C)C,7.92
145,CHEMBL3407508,CC(Nc1cccc(F)c1)c2cc(cc3C(=O)C=C(Oc23)N4CCOCC4)C(=O)N(C)C,7.92
146,CHEMBL3799831,CN(C)C(=O)c1cc(CN2CCOc3c(F)cccc23)c4OC(=CC(=O)c4c1)N5CCOCC5,7.92
147,CHEMBL3408278,C[C@@H](N(C)c1cc(F)cc(F)c1)c2cc(cc3C(=O)C=C(Oc23)N4CCOCC4)C(=O)N5CCC(O)CC5,7.92
148,CHEMBL3318708,C[C@@H](Nc1ccccc1C(=O)NS(=O)(=O)C)C2=CC(=CN3C(=O)C=C(N=C23)N4CCOCC4)C,7.92
149,CHEMBL3799504,C[C@@H]1CN(CCO1)C2=CC(=O)c3cc(cc(CN4CCOc5ccc(F)cc45)c3O2)C(=O)N6CCOCC6,7.92
150,CHEMBL3112867,C[C@@H]1Cc2ccccc2N1C(=O)CC3=NC(=CC(=O)N3)N4CCOCC4,7.92
151,CHEMBL3408271,C[C@H](Nc1cc(F)cc(F)c1)c2cc(cc3C(=O)C=C(Oc23)N4CCO[C@@H](C)C4)C(=O)N(C)C,7.92
152,CHEMBL3656452,CC(N(C)c1cc(F)cc(F)c1)c2cc(cc3C(=O)C=C(Oc23)N4CCO[C@H](C)C4)C(=O)N(C)CCO,7.96
153,CHEMBL3656401,CC(N(C)c1ccc(F)c(Cl)c1)c2cc(cc3C(=O)C=C(Oc23)N4CCOCC4)C(=O)N(C)C,7.96
154,CHEMBL3656397,CC(N(C)c1ccc(F)cc1)c2cc(cc3C(=O)C=C(Oc23)N4CCOCC4)C(=O)N(C)CCN(C)C,7.96
155,CHEMBL3319492,CC(Nc1cc(F)c(F)c(F)c1)C2=CC(=CN3C(=O)C=C(N=C23)N4CCOCC4)C(=O)N(C)C,7.96
156,CHEMBL3319491,CC(Nc1cc(F)cc(Cl)c1)C2=CC(=CN3C(=O)C=C(N=C23)N4CCOCC4)C(=O)N(C)C,7.96
157,CHEMBL3408265,CC(Nc1cc(F)cc(F)c1)c2cc(cc3C(=O)C=C(Oc23)N4CCOCC4)C(=O)N5CCOCC5,7.96
158,CHEMBL3656449,CC(Nc1cc(F)cc(F)c1)c2cc(cc3C(=O)C=C(Oc23)N4CCO[C@@H](C)C4)C(=O)N(C)C,7.96
159,CHEMBL3656398,CC(Nc1cccc(Cl)c1F)c2cc(cc3C(=O)C=C(Oc23)N4CCOCC4)C(=O)N(C)C,7.96
160,CHEMBL3318711,CC(Nc1ccccc1)C2=CC(=CN3C(=O)C=C(N=C23)N4CCOCC4)C(=O)N(C)C,7.96
161,CHEMBL2165009,COc1ccc(Nc2ncc(CN3CCCCC3)cc2c4nc(C)nc(N)n4)cn1,7.96
162,CHEMBL1086923,CS(=O)(=O)N1CCN(Cc2cc3nc(nc(N4CCOCC4)c3s2)c5cccc(O)c5)CC1,7.96
163,CHEMBL1922090,Cc1c(CN2CCN(CC2)C(=O)CN)sc3c(nc(nc13)c4cnc(N)nc4)N5CCOCC5,7.96
164,CHEMBL3125383,OC(=O)c1sc(nc1CC(=O)N2CCc3c(Br)cccc23)N4CCOCC4,7.96
165,CHEMBL3319643,CC(Nc1cccc(Cl)c1)C2=CC(=CN3C(=O)C=C(N=C23)N4CCOCC4)C(=O)NCCN(C)C,8.0
166,CHEMBL3408245,CC(Nc1cccc(Cl)c1)c2cc(cc3C(=O)C=C(Oc23)N4CCOCC4)C(=O)N(C)C,8.0
167,CHEMBL3656406,CC(Nc1cccc(c1)C#N)c2cc(cc3C(=O)C=C(Oc23)N4CCOCC4)C(=O)N(C)C,8.0
168,CHEMBL3125384,CC1Cc2c(Br)cccc2N1C(=O)Cc3nc(sc3C(=O)O)N4CCOCC4,8.0
169,CHEMBL3408273,CN(C)C(=O)c1cc(CN(C)c2cc(F)cc(F)c2)c3OC(=CC(=O)c3c1)N4CCOCC4,8.0
170,CHEMBL3797750,CN(C)C(=O)c1cc(CN2CCOc3c(F)cc(F)cc23)c4OC(=CC(=O)c4c1)N5CCOCC5,8.0
171,CHEMBL3799187,CN(C)C(=O)c1cc(CN2CCOc3ccc(F)cc23)c4OC(=CC(=O)c4c1)N5CCOCC5,8.0
172,CHEMBL3644646,COc1c(OCC(O)CN2CCOCC2)ccc3C4=NCCN4C(=Nc13)NC(=O)c5cccnc5,8.0
173,CHEMBL3644658,COc1c(OCC(O)CN2CCSCC2)ccc3C4=NCCN4C(=Nc13)NC(=O)c5cccnc5,8.0
174,CHEMBL3408277,C[C@@H](N(C)c1cc(F)cc(F)c1)c2cc(cc3C(=O)C=C(Oc23)N4CCOCC4)C(=O)N(C)CCO,8.0
175,CHEMBL2165191,C[C@@H](Nc1ccccc1C(=O)O)C2=CC(=CN3C(=O)C=C(N=C23)N4CCOCC4)C,8.0
176,CHEMBL3797698,C[C@@H]1CN(CCO1)C2=CC(=O)c3cc(cc(CN(C)c4cc(F)cc(F)c4)c3O2)C(=O)N(C)C,8.0
177,CHEMBL3797812,C[C@@H]1CN(CCO1)C2=CC(=O)c3cc(cc(CN4CCOc5c(F)cc(F)cc45)c3O2)C(=O)N(C)C,8.0
178,CHEMBL3798914,C[C@@H]1CN(CCO1)C2=CC(=O)c3cc(cc(CN4CCOc5c(F)cccc45)c3O2)C(=O)N(C)C,8.0
179,CHEMBL3799511,C[C@@H]1CN(CCO1)C2=CC(=O)c3cc(cc(CN4CCOc5ccc(F)cc45)c3O2)C(=O)N(C)C,8.0
180,CHEMBL2089103,Clc1cccc(CN2C=NC(=O)c3sc(nc23)N4CCOCC4)c1Cl,8.0
181,CHEMBL3112853,FC(F)(F)c1cccc2N(CCc12)C(=O)CC3=NC(=CC(=O)N3)N4CCOCC4,8.0
182,CHEMBL1914726,Fc1ccc(cc1)S(=O)(=O)Nc2cc(cnc2Cl)c3ccc4nccc(c5cccnc5)c4c3,8.0
183,CHEMBL3112858,O=C(CC1=NC(=CC(=O)N1)N2CCOCC2)N3CCc4c3cccc4c5ccncc5,8.0
184,CHEMBL2064346,O=C1NC(=NC(=C1)N2CCOCC2)Cc3nc4c(cccc4[nH]3)c5ccccc5,8.0
185,CHEMBL1914736,Fc1ccc(cc1)S(=O)(=O)Nc2cc(cnc2Cl)c3ccc4ncc(NCCN5CCOCC5)nc4c3,8.01
186,CHEMBL1914742,CC(C)N1CCN(CC1)c2cnc3ccc(cc3n2)c4cnc(Cl)c(NS(=O)(=O)c5ccc(F)cc5)c4,8.02
187,CHEMBL2381271,CC(C)n1ncnc1c2nc3c(CCOc4cc(ccc34)c5cn(C)cn5)s2,8.03
188,CHEMBL3644647,COc1c(OCC(O)CN2CCOCC2)ccc3C4=NCCN4C(=Nc13)NC(=O)c5ccc(N)nc5,8.03
189,CHEMBL3763244,COc1ncc(cc1NS(=O)(=O)c2ccc(F)cc2F)c3ccc4nccc(C#CCN5CCN(CC5)S(=O)(=O)C)c4c3,8.03
190,CHEMBL2387080,CC(C)n1nc(C)nc1c2cn3CCOc4cc(ccc4c3n2)c5cnn(c5)C(C)(C)C(=O)N,8.04
191,CHEMBL2381380,CC(C)n1nc(N)nc1c2nc3c(CCOc4cc(ccc34)c5cnn(CC(C)(C)O)c5)s2,8.04
192,CHEMBL3656453,CC(N(C)c1cc(F)cc(F)c1)c2cc(cc3C(=O)C=C(Oc23)N4CCO[C@H](C)C4)C(=O)N5CCC(O)CC5,8.05
193,CHEMBL3656415,CC(Nc1c(F)ccc(F)c1F)c2cc(cc3C(=O)C=C(Oc23)N4CCOCC4)C(=O)N(C)C,8.05
194,CHEMBL3319642,CC(Nc1cc(F)cc(F)c1)C2=CC(=CN3C(=O)C=C(N=C23)N4CCOCC4)C,8.05
195,CHEMBL3656434,CC(Nc1cc(F)cc(F)c1)c2cc(cc3C(=O)C=C(Oc23)N4CCOCC4)C(=O)N5CC(F)C5,8.05
196,CHEMBL3408263,CC(Nc1cc(F)cc(F)c1)c2cc(cc3C(=O)C=C(Oc23)N4CCOCC4)C(=O)N5CCCC5,8.05
197,CHEMBL3656389,CC(Nc1cccc(Cl)c1F)c2cc(cc3C(=O)C=C(Oc23)N4CCOCC4)C(=O)NCCN(C)C,8.05
198,CHEMBL3656436,CCCNC(=O)c1cc(C(C)Nc2cc(F)cc(F)c2)c3OC(=CC(=O)c3c1)N4CCOCC4,8.05
199,CHEMBL1213118,CN1CCN(CC1)c2nc3ccccc3cc2Cn4nc(c5ccc6nc(N)sc6c5)c7c(N)ncnc47,8.05
200,CHEMBL3408269,COCCNC(=O)c1cc(C(C)Nc2cc(F)cc(F)c2)c3OC(=CC(=O)c3c1)N4CCOCC4,8.05
201,CHEMBL3644676,COc1c(OC[C@H](O)CN2CCOCC2)ccc3C4=NCCN4C(=Nc13)NC(=O)c5cnc6[nH]cnc6c5,8.05
202,CHEMBL2165029,COc1ccc(Nc2ncc(cc2c3nc(C)nc(N)n3)N4CCOCC4)cn1,8.05
203,CHEMBL2089109,Cc1c(CN2C(=NC(=O)c3sc(nc23)N4CCOCC4)C5CC5)cccc1C(F)(F)F,8.05
204,CHEMBL2165268,Cc1nc(N)nc(n1)c2cccnc2Nc3cccc4[nH]ccc34,8.05
205,CHEMBL1762788,Cc1nc(N)nc(n1)n2c(Nc3cccc(O)c3)nc4ccccc24,8.05
206,CHEMBL2381276,CC(C)n1ncnc1c2nc3c(CCOc4cc(ccc34)C5CN(CC(C)(C)O)C5)s2,8.07
207,CHEMBL2381268,CC(C)n1ncnc1c2nc3c(CCOc4cc(ccc34)C5CCNCC5)s2,8.08
208,CHEMBL3644675,COc1c(OCC(O)CN2CCOCC2)ccc3C4=NCCN4C(=Nc13)NC(=O)c5cnc(N)nc5,8.08
209,CHEMBL3403665,COc1c(c2ccccc2)c(nc3ccc(F)cc13)[C@H](C)Nc4ncnc(N)c4C#N,8.09
210,CHEMBL2381269,CC(C)n1ncnc1c2nc3c(CCOc4cc(ccc34)c5cn[nH]c5)s2,8.1
211,CHEMBL3656444,CC(N(C)c1cc(F)cc(F)c1)c2cc(cc3C(=O)C=C(Oc23)N4CCOCC4)C(=O)N5CCC(O)CC5,8.1
212,CHEMBL3656419,CC(Nc1c(F)ccc(Cl)c1F)c2cc(cc3C(=O)C=C(Oc23)N4CCOCC4)C(=O)N(C)C,8.1
213,CHEMBL3319494,CC(Nc1cc(F)cc(F)c1)C2=CC(=CN3C(=O)C=C(N=C23)N4CCOCC4)C(=O)N(C)CCO,8.1
214,CHEMBL3656430,CC(Nc1cc(F)cc(F)c1)c2cc(cc3C(=O)C=C(Oc23)N4CCOCC4)C(=O)N5CCSCC5,8.1
215,CHEMBL3318715,CC(Nc1ccccc1)C2=CC(=CN3C(=O)C=C(N=C23)N4CCOCC4)C(=O)NCCN(C)C,8.1
216,CHEMBL2018222,CC1CN(CCO1)C2=CC(=O)N3N=C(C)N(Cc4cccc(c4C)C(F)(F)F)C3=N2,8.1
217,CHEMBL3125379,CC1Cc2c(Cl)cccc2N1C(=O)Cc3nc(sc3C(=O)O)N4CCOCC4,8.1
218,CHEMBL3408258,CCN(C)C(=O)c1cc(C(C)Nc2cc(F)cc(F)c2)c3OC(=CC(=O)c3c1)N4CCOCC4,8.1
219,CHEMBL3408272,CN(C)C(=O)c1cc(CNc2cc(F)cc(F)c2)c3OC(=CC(=O)c3c1)N4CCOCC4,8.1
220,CHEMBL3408257,C[C@@H](Nc1cc(F)cc(F)c1F)c2cc(cc3C(=O)C=C(Oc23)N4CCOCC4)C(=O)N(C)C,8.1
221,CHEMBL2089115,Cc1c(Cl)cccc1CN2C(=O)NC(=O)c3sc(nc23)N4CCOCC4,8.1
222,CHEMBL1957859,Clc1cccc(CN2C3=NC(=CC(=O)N3c4ccccc24)N5CCOCC5)c1Cl,8.1
223,CHEMBL2064417,Fc1ccc2oc(CC3=NC(=CC(=O)N3)N4CCOCC4)nc2c1c5ccccc5,8.1
224,CHEMBL2322345,Nc1nn2c(O)cc(nc2c1Cc3cccc(Cl)c3Cl)C4CCOCC4,8.1
225,CHEMBL2064344,O=C1NC(=NC(=C1)N2CCOCC2)Cc3nc4ccccc4n3c5ccccc5,8.1
226,CHEMBL2381277,CC(C)n1ncnc1c2nc3c(CCOc4cc(ccc34)C5CN(C5)C(=O)CO)s2,8.12
227,CHEMBL2381377,CC(C)n1ncnc1c2nc3c(CCOc4cc(ccc34)c5cnn(c5)C(C)(C)C(=O)N)s2,8.13
228,CHEMBL3644674,COc1c(OC[C@H](O)CN2CCOCC2)ccc3C4=NCCN4C(=Nc13)NC(=O)c5ccc(N)nc5C,8.14
229,CHEMBL3644656,COc1c(OC[C@H](O)CN2C[C@@H](C)O[C@@H](C)C2)ccc3C4=NCCN4C(=Nc13)NC(=O)c5cncs5,8.14
230,CHEMBL3656455,CC(C(C)c1cc(cc2C(=O)C=C(Oc12)N3CCOCC3)C(=O)NCCN(C)C)c4ccc(F)cc4,8.16
231,CHEMBL2381378,CC(C)n1nc(C)nc1c2nc3c(CCOc4cc(ccc34)c5cnn(CCO)c5)s2,8.16
232,CHEMBL3656445,CC(N(C)c1cc(F)cc(F)c1)c2cc(cc3C(=O)C=C(Oc23)N4CCOCC4)C(=O)N5CCC(O)C5,8.16
233,CHEMBL3656446,CC(N(C)c1cc(F)cc(F)c1)c2cc(cc3C(=O)C=C(Oc23)N4CCOCC4)C(=O)N5CCC[C@@H]5CO,8.16
234,CHEMBL3656395,CC(Nc1cc(F)cc(F)c1)c2cc(cc3C(=O)C=C(Oc23)N4CCOCC4)C(=O)N5CC[C@H](O)C5,8.16
235,CHEMBL3319489,CC(Nc1ccc(F)c(F)c1)C2=CC(=CN3C(=O)C=C(N=C23)N4CCOCC4)C(=O)N(C)C,8.16
236,CHEMBL3656390,CC(Nc1ccc(F)cc1)c2cc(cc3C(=O)C=C(Oc23)N4CCOCC4)C(=O)N(C)CCN(C)C,8.16
237,CHEMBL3319485,CC(Nc1cccc(Cl)c1F)C2=CC(=CN3C(=O)C=C(N=C23)N4CCOCC4)C(=O)NCCN(C)C,8.16
238,CHEMBL3319644,CC(Nc1ccccc1Cl)C2=CC(=CN3C(=O)C=C(N=C23)N4CCOCC4)C(=O)NCCN(C)C,8.16
239,CHEMBL3753450,CC(Oc1nc(cnc1N)c2ccc3nc(NC(=O)C)cn3c2)C(F)(F)F,8.16
240,CHEMBL589258,CCn1nnc2c(nc(nc12)c3ccc(NC(=O)Nc4ccc(cc4)C(=O)N5CCN(C)CC5)cc3)N6CCOCC6,8.16
241,CHEMBL1949913,CN1CCN(Cc2cc3c(nc(nc3s2)c4cnc(N)nc4)N5CCOCC5)CC1,8.16
242,CHEMBL2165018,COc1ccc(Nc2ncc(CN3CCN(CC3)S(=O)(=O)N(C)C)cc2c4nc(C)nc(N)n4)cn1,8.16
243,CHEMBL2165010,COc1ccc(Nc2ncc(CN3CCOCC3)cc2c4nc(C)nc(N)n4)cn1,8.16
244,CHEMBL2165031,COc1ccc(Nc2ncc(cc2c3nc(C)nc(N)n3)N4CCN(C)CC4)cn1,8.16
245,CHEMBL2165175,Cc1cc(ccn1)C2=CC(=O)NC(=N2)NCc3cccc4ccccc34,8.16
246,CHEMBL3112847,Fc1ccc2N(CCc2c1)C(=O)CC3=NC(=CC(=O)N3)N4CCOCC4,8.16
247,CHEMBL3644662,COc1c(OC[C@H](O)CN(C)C)ccc2C3=NCCN3C(=Nc12)NC(=O)c4cnc(N)nc4,8.17
248,CHEMBL1911114,COc1ccc2c(nc(C(F)F)n2c3nc(nc(n3)N4CCOCC4)N5CCOCC5)c1O,8.17
249,CHEMBL3644657,COc1c(OC[C@H](O)CN2CCC2)ccc3C4=NCCN4C(=Nc13)NC(=O)c5cncs5,8.2
250,CHEMBL2322342,Oc1cc(nc2c(Cc3cccc(Cl)c3Cl)c(nn12)C(F)(F)F)C4CCOCC4,8.2
251,CHEMBL3644650,COc1c(OC[C@@H](O)CN2CCOCC2)ccc3C4=NCCN4C(=Nc13)NC(=O)c5cccnc5,8.21
252,CHEMBL1085177,Cc1nc(N)ncc1c2nc(N3CCOCC3)c4sc(CN5CCN(CC5)S(=O)(=O)C)cc4n2,8.21
253,CHEMBL3112850,Brc1cccc2N(CCc12)C(=O)CC3=NC(=CC(=O)N3)N4CCOCC4,8.22
254,CHEMBL3656396,CC(C(C)c1cc(cc2C(=O)C=C(Oc12)N3CCOCC3)C(=O)NCCN(C)C)c4ccc(F)c(F)c4,8.22
255,CHEMBL3656399,CC(Nc1cc(F)cc(F)c1)c2cc(cc3C(=O)C=C(Oc23)N4CCOCC4)C(=O)N(C)C,8.22
256,CHEMBL3656403,CC(Nc1cc(F)cc(F)c1F)c2cc(cc3C(=O)C=C(Oc23)N4CCOCC4)C(=O)N(C)C,8.22
257,CHEMBL3656405,CC(Nc1cc(F)cc(c1)C#N)c2cc(cc3C(=O)C=C(Oc23)N4CCOCC4)C(=O)N(C)C,8.22
258,CHEMBL3656391,CC(Nc1ccc(F)c(Cl)c1)c2cc(cc3C(=O)C=C(Oc23)N4CCOCC4)C(=O)N5CCC(O)CC5,8.22
259,CHEMBL3656394,CC(Nc1cccc(Cl)c1F)c2cc(cc3C(=O)C=C(Oc23)N4CCOCC4)C(=O)N5CCC(O)CC5,8.22
260,CHEMBL1957861,CC1=C(C)N2C(=O)C=C(N=C2N1Cc3cccc(c3C)C(F)(F)F)N4CCOCC4,8.22
261,CHEMBL1957868,CC1CN(CCO1)C2=CC(=O)N3C=CN(Cc4cccc(c4C)C(F)(F)F)C3=N2,8.22
262,CHEMBL3112862,CC1Cc2ccccc2N1C(=O)CC3=NC(=CC(=O)N3)N4CCOCC4,8.22
263,CHEMBL592445,CN(C)C1CCN(CC1)C(=O)c2ccc(NC(=O)Nc3ccc(cc3)c4nc(nc(n4)N5CCOCC5)N6CCOCC6)cc2,8.22
264,CHEMBL3408267,CNC(=O)c1cc([C@@H](C)Nc2cc(F)cc(F)c2)c3OC(=CC(=O)c3c1)N4CCOCC4,8.22
265,CHEMBL2089116,COC1=NC(=O)c2sc(nc2N1Cc3cccc(Cl)c3C)N4CCOCC4,8.22
266,CHEMBL3656418,COc1c(F)cccc1NC(C)c2cc(cc3C(=O)C=C(Oc23)N4CCOCC4)C(=O)N(C)C,8.22
267,CHEMBL3656412,COc1ccc(F)cc1NC(C)c2cc(cc3C(=O)C=C(Oc23)N4CCOCC4)C(=O)N(C)C,8.22
268,CHEMBL2165033,COc1ccc(Nc2ncc(cc2c3nc(C)nc(N)n3)c4cnn(C)c4)cn1,8.22
269,CHEMBL1957875,C[C@@H](Nc1ccccc1)C2=CC(=CN3C(=O)C=C(N=C23)N4CCOCC4)C,8.22
270,CHEMBL3799673,C[C@@H]1CN(CCO1)C2=CC(=O)c3cc(cc(CN4CCOc5c(F)cc(F)cc45)c3O2)C(=O)N6CCOCC6,8.22
271,CHEMBL2089114,Cc1c(Cl)cccc1CN2C(=NC(=O)c3sc(nc23)N4CCOCC4)CO,8.22
272,CHEMBL2151925,Cc1cc(NC(=O)CC2=NC(=CC(=O)N2)N3CCOCC3)ccc1F,8.22
273,CHEMBL586702,FC(F)c1nc2ccccc2n1c3nc(nc(n3)N4CCOCC4)N5CCOCC5,8.22
274,CHEMBL3112848,Fc1cccc2N(CCc12)C(=O)CC3=NC(=CC(=O)N3)N4CCOCC4,8.22
275,CHEMBL3644663,COc1c(OC[C@H](O)CN(C(C)C)C(C)C)ccc2C3=NCCN3C(=Nc12)NC(=O)c4cncs4,8.23
276,CHEMBL3644677,COc1c(OC[C@H](O)CN2CCOCC2)ccc3C4=NCCN4C(=Nc13)NC(=O)c5cncs5,8.23
277,CHEMBL3644669,COc1c(OC[C@H](O)CN2CCCC2)ccc3C4=NCCN4C(=Nc13)NC(=O)c5scnc5C,8.25
278,CHEMBL2381253,CC(C)n1ncnc1c2nc3c(CCOc4ccccc34)s2,8.26
279,CHEMBL3644659,COc1c(OCC(O)CN(C)C)ccc2C3=NCCN3C(=Nc12)NC(=O)c4cccnc4,8.26
280,CHEMBL3644649,COc1c(OC[C@H](O)CN2C[C@@H](C)O[C@@H](C)C2)ccc3C4=NCCN4C(=Nc13)NC(=O)c5cnc(N)nc5,8.26
281,CHEMBL2381267,CC(C)n1ncnc1c2nc3c(CCOc4cc(ccc34)C5CCCN5)s2,8.27
282,CHEMBL3644679,COc1c(OC[C@H](O)CN2CCOCC2)ccc3C4=NCCN4C(=Nc13)NC(=O)c5sc(N)nc5C,8.27
283,CHEMBL3644654,COc1c(OC[C@H](O)CN2C[C@@H](C)O[C@@H](C)C2)ccc3C4=NCCN4C(=Nc13)NC(=O)c5cccnc5C,8.27
284,CHEMBL2018220,CSC1=NN2C(=O)C=C(N=C2N1Cc3cccc(c3C)C(F)(F)F)N4CCOCC4,8.29
285,CHEMBL2151923,Brc1cccc(NC(=O)CC2=NC(=CC(=O)N2)N3CCOCC3)c1,8.3
286,CHEMBL3656432,CC(Nc1cc(F)cc(F)c1)c2cc(cc3C(=O)C=C(Oc23)N4CCOCC4)C(=O)N5CCC5,8.3
287,CHEMBL3656442,CC(Nc1cc(F)cc(F)c1)c2cc(cc3C(=O)C=C(Oc23)N4CCOCC4)C(=O)N5CCCOCC5,8.3
288,CHEMBL3656439,CC(Nc1cc(F)cc(F)c1)c2cc(cc3C(=O)C=C(Oc23)N4CCOCC4)C(=O)N5CCC[C@@H]5CO,8.3
289,CHEMBL3656447,CC(Nc1ccc(F)cc1)c2cc(cc3C(=O)C=C(Oc23)N4CCO[C@H](C)C4)C(=O)N(C)C,8.3
290,CHEMBL3656417,CC(Nc1cccc(C#N)c1C)c2cc(cc3C(=O)C=C(Oc23)N4CCOCC4)C(=O)N(C)C,8.3
291,CHEMBL3656407,CC(Nc1cccc(Cl)c1Cl)c2cc(cc3C(=O)C=C(Oc23)N4CCOCC4)C(=O)N(C)C,8.3
292,CHEMBL3656393,CC(Nc1cccc(Cl)c1F)c2cc(cc3C(=O)C=C(Oc23)N4CCOCC4)C(=O)N(C)CCO,8.3
293,CHEMBL3656408,CC(Nc1cccc(c1)C#C)c2cc(cc3C(=O)C=C(Oc23)N4CCOCC4)C(=O)N(C)C,8.3
294,CHEMBL3800231,COCCN(Cc1cc(cc2C(=O)C=C(Oc12)N3CCO[C@H](C)C3)C(=O)N(C)C)c4cc(F)cc(F)c4,8.3
295,CHEMBL2165004,COc1ccc(Nc2ncc(CN3CCC(C3)S(=O)(=O)C)cc2c4nc(C)nc(N)n4)cn1,8.3
296,CHEMBL2165019,COc1ccc(Nc2ncc(CN3CCC(CC3)S(=O)(=O)C)cc2c4nc(C)nc(N)n4)cn1,8.3
297,CHEMBL2165017,COc1ccc(Nc2ncc(CN3CCN(CC3)S(=O)(=O)C)cc2c4nc(C)nc(N)n4)cn1,8.3
298,CHEMBL3408252,C[C@@H](Nc1cc(F)cc(Cl)c1)c2cc(cc3C(=O)C=C(Oc23)N4CCOCC4)C(=O)N(C)C,8.3
299,CHEMBL3319490,C[C@@H](Nc1cc(F)cc(F)c1)C2=CC(=CN3C(=O)C=C(N=C23)N4CCOCC4)C(=O)N(C)C,8.3
300,CHEMBL2322336,Cc1c(Cc2cnn3c(O)cc(nc23)N4CCOCC4)cccc1C(F)(F)F,8.3
301,CHEMBL2089117,Cc1c(Cl)cccc1CN2C(=NC(=O)c3sc(nc23)N4CCOCC4)S,8.3
302,CHEMBL2431398,Cc1c(Cn2c(C)nc3c(cc(nc23)N4CCOCC4)C(=O)O)cccc1C(F)(F)F,8.3
303,CHEMBL3112851,Cc1cccc2N(CCc12)C(=O)CC3=NC(=CC(=O)N3)N4CCOCC4,8.3
304,CHEMBL2431397,Cc1nc2c(cc(nc2n1Cc3cccc(Cl)c3Cl)N4CCOCC4)C(=O)O,8.3
305,CHEMBL2322349,Cc1nn2c(cc(nc2c1Cc3cccc(c3C)C(F)(F)F)N4CCOCC4)C(=O)O,8.3
306,CHEMBL3644651,COc1c(OC[C@H](O)CN2C[C@@H](C)O[C@@H](C)C2)ccc3C4=NCCN4C(=Nc13)NC(=O)c5cccnc5,8.31
307,CHEMBL3644660,COc1c(OC[C@H](O)CN(C(C)C)C(C)C)ccc2C3=NCCN3C(=Nc12)NC(=O)c4cccnc4,8.32
308,CHEMBL3644655,COc1c(OC[C@H](O)CN2CC3CCC(C2)O3)ccc4C5=NCCN5C(=Nc14)NC(=O)c6cnc(N)nc6,8.33
309,CHEMBL2206904,COc1cnc(Nc2cnc(Cl)c(NS(=O)(=O)N(C)C)c2)c(c1)c3nc(C)nc(N)n3,8.33
310,CHEMBL2381274,CC(C)n1ncnc1c2nc3c(CCOc4cc(ccc34)C5CN(CCO)C5)s2,8.34
311,CHEMBL2206913,Cc1nc(N)nc(n1)c2cccnc2Nc3cnc(Cl)c(NS(=O)(=O)C)c3,8.36
312,CHEMBL3644661,COc1c(OC[C@H](O)CN(C(C)C)C(C)C)ccc2C3=NCCN3C(=Nc12)NC(=O)c4cccnc4C,8.38
313,CHEMBL2018221,Cc1c(CN2C(=NN3C(=O)C=C(N=C23)N4CCOCC4)C5CC5)cccc1C(F)(F)F,8.39
314,CHEMBL2381275,CC(C)n1ncnc1c2nc3c(CCOc4cc(ccc34)C5CN(C[C@H](O)CO)C5)s2,8.4
315,CHEMBL3656416,CC(Nc1cc(Cl)ccc1C)c2cc(cc3C(=O)C=C(Oc23)N4CCOCC4)C(=O)N(C)C,8.4
316,CHEMBL3656402,CC(Nc1cc(F)c(F)c(F)c1)c2cc(cc3C(=O)C=C(Oc23)N4CCOCC4)C(=O)N(C)C,8.4
317,CHEMBL3656404,CC(Nc1cc(F)cc(Cl)c1)c2cc(cc3C(=O)C=C(Oc23)N4CCOCC4)C(=O)N(C)C,8.4
318,CHEMBL3656433,CC(Nc1cc(F)cc(F)c1)c2cc(cc3C(=O)C=C(Oc23)N4CCOCC4)C(=O)N5CC(O)C5,8.4
319,CHEMBL3656431,CC(Nc1cc(F)cc(F)c1)c2cc(cc3C(=O)C=C(Oc23)N4CCOCC4)C(=O)N5CCCCCC5,8.4
320,CHEMBL3656440,CC(Nc1cc(F)cc(F)c1)c2cc(cc3C(=O)C=C(Oc23)N4CCOCC4)C(=O)N5CCC[C@H]5CO,8.4
321,CHEMBL3656428,CC(Nc1cc(F)cc(F)c1)c2cc(cc3C(=O)C=C(Oc23)N4CCOCC4)C(=O)N5CCN(C)CC5,8.4
322,CHEMBL3656429,CC(Nc1cc(F)cc(F)c1)c2cc(cc3C(=O)C=C(Oc23)N4CCOCC4)C(=O)N5CCNCC5,8.4
323,CHEMBL3656437,CC(Nc1cc(F)cc(F)c1)c2cc(cc3C(=O)C=C(Oc23)N4CCOCC4)C(=O)NCCF,8.4
324,CHEMBL3656435,CC(Nc1cc(F)cc(F)c1)c2cc(cc3C(=O)C=C(Oc23)N4CCOCC4)C(=O)NCCO,8.4
325,CHEMBL3656448,CC(Nc1cc(F)cc(F)c1)c2cc(cc3C(=O)C=C(Oc23)N4CCO[C@H](C)C4)C(=O)N(C)C,8.4
326,CHEMBL3656420,CC(Nc1cc(F)cc(c1)C#C)c2cc(cc3C(=O)C=C(Oc23)N4CCOCC4)C(=O)N(C)C,8.4
327,CHEMBL3656410,CC(Nc1cc(F)ccc1C)c2cc(cc3C(=O)C=C(Oc23)N4CCOCC4)C(=O)N(C)C,8.4
328,CHEMBL3656414,CC(Nc1cc(F)ccc1Cl)c2cc(cc3C(=O)C=C(Oc23)N4CCOCC4)C(=O)N(C)C,8.4
329,CHEMBL3656392,CC(Nc1ccc(F)c(Cl)c1)c2cc(cc3C(=O)C=C(Oc23)N4CCOCC4)C(=O)N(C)CCO,8.4
330,CHEMBL3639553,CNC(=O)c1cc(C(C)Nc2cc(F)cc(F)c2)c3OC(=CC(=O)c3c1)N4CCOCC4,8.4
331,CHEMBL3656443,COC1CCN(CC1)C(=O)c2cc(C(C)Nc3cc(F)cc(F)c3)c4OC(=CC(=O)c4c2)N5CCOCC5,8.4
332,CHEMBL3408248,C[C@@H](Nc1cc(F)cc(F)c1)c2cc(cc3C(=O)C=C(Oc23)N4CCOCC4)C(=O)N(C)C,8.4
333,CHEMBL3408262,C[C@@H](Nc1cc(F)cc(F)c1)c2cc(cc3C(=O)C=C(Oc23)N4CCOCC4)C(=O)N5CCC5,8.4
334,CHEMBL3408270,C[C@@H](Nc1cc(F)cc(F)c1)c2cc(cc3C(=O)C=C(Oc23)N4CCO[C@@H](C)C4)C(=O)N(C)C,8.4
335,CHEMBL3799158,C[C@@H]1CN(CCO1)C2=CC(=O)c3cc(cc(CN4CCOc5c(F)cccc45)c3O2)C(=O)N6CCOCC6,8.4
336,CHEMBL2165051,Cc1ncnc(n1)n2c(Nc3cccc(O)c3)nc4ccccc24,8.4
337,CHEMBL2322333,Cc1nn2c(O)cc(nc2c1Cc3cccc(c3C)C(F)(F)F)C4CCOCC4,8.4
338,CHEMBL1957862,O=C1C=C(N=C2N(Cc3cccc4ccccc34)c5ccccc5N12)N6CCOCC6,8.4
339,CHEMBL2381381,CC(C)N1C(=O)NN=C1c2nc3c(CCOc4cc(ccc34)c5cnn(CC(C)(C)O)c5)s2,8.41
340,CHEMBL2381266,CC(C)n1ncnc1c2nc3c(CCOc4cc(ccc34)C5CCNC5)s2,8.41
341,CHEMBL3644653,COc1c(OC[C@H](O)CN2CCC2)ccc3C4=NCCN4C(=Nc13)NC(=O)c5cccnc5C,8.41
342,CHEMBL3644666,COc1c(OC[C@H](O)CN2CCCC2)ccc3C4=NCCN4C(=Nc13)NC(=O)c5cccnc5C,8.41
343,CHEMBL3644652,COc1c(OC[C@H](O)CN2CC3CCC(C2)O3)ccc4C5=NCCN5C(=Nc14)NC(=O)c6cccnc6,8.43
344,CHEMBL3577925,Fc1ccc(c(F)c1)S(=O)(=O)Nc2cc(cnc2Cl)c3cc4c(ncnc4s3)c5ccncc5,8.44
345,CHEMBL1822054,CC(=O)Nc1cn2nc(ccc2n1)c3cnc(Cl)c(NS(=O)(=O)c4ccc(F)cc4)c3,8.46
346,CHEMBL1910998,Oc1cccc2c1nc(C(F)F)n2c3nc(nc(n3)N4CCOCC4)N5CCOCC5,8.46
347,CHEMBL3644668,COc1c(OC[C@H](O)CN2CCCC2)ccc3C4=NCCN4C(=Nc13)NC(=O)c5cncs5,8.47
348,CHEMBL3644670,COc1c(OC[C@H](O)CN2CCCC2)ccc3C4=NCCN4C(=Nc13)NC(=O)c5ocnc5,8.51
349,CHEMBL3644672,COc1c(OC[C@H](O)CN2CCOCC2)ccc3C4=NCCN4C(=Nc13)NC(=O)c5cccnc5C,8.51
350,CHEMBL3656441,CC(Nc1cc(F)cc(F)c1)c2cc(cc3C(=O)C=C(Oc23)N4CCOCC4)C(=O)NCC5CC5,8.52
351,CHEMBL2151927,COc1cc(NC(=O)CC2=NC(=CC(=O)N2)N3CCOCC3)ccc1F,8.52
352,CHEMBL2165030,COc1ccc(Nc2ncc(cc2c3nc(C)nc(N)n3)C4=CCOCC4)cn1,8.52
353,CHEMBL2089113,Cc1c(CN2C(=NC(=O)c3sc(nc23)N4CCOCC4)CN)cccc1C(F)(F)F,8.52
354,CHEMBL2089111,Cc1c(CN2C(=NC(=O)c3sc(nc23)N4CCOCC4)Cc5ccccc5)cccc1C(F)(F)F,8.52
355,CHEMBL1957855,Cc1c(CN2C=CN3C(=O)C=C(N=C23)N4CCOCC4)cccc1C(F)(F)F,8.52
356,CHEMBL2089104,Cc1c(CN2C=NC(=O)c3sc(nc23)N4CCOCC4)cccc1C(F)(F)F,8.52
357,CHEMBL2089120,Cc1c(Cl)cccc1CN2C(=NC(=O)c3sc(nc23)N4CCOCC4)N,8.52
358,CHEMBL2089105,Cc1c(Cl)cccc1CN2C=NC(=O)c3sc(nc23)N4CCOCC4,8.52
359,CHEMBL2165052,Cc1nc(N)nc(n1)c2cccnc2Nc3cccc(O)c3,8.52
360,CHEMBL538346,Cl.Oc1cccc(c1)c2nc(N3CCOCC3)c4oc5ncccc5c4n2,8.52
361,CHEMBL3112849,Clc1cccc2N(CCc12)C(=O)CC3=NC(=CC(=O)N3)N4CCOCC4,8.52
362,CHEMBL1957841,O=C1C=C(N=C2N(Cc3cccc4ccccc34)C=CN12)N5CCOCC5,8.52
363,CHEMBL3644678,COc1c(OC[C@H](O)CN2CCCCC2)ccc3C4=NCCN4C(=Nc13)NC(=O)c5cncs5,8.53
364,CHEMBL3644648,COc1c(OC[C@H](O)CN2CCOCC2)ccc3C4=NCCN4C(=Nc13)NC(=O)c5cccnc5,8.53
365,CHEMBL3644673,COc1c(OC[C@H](O)CN2CCCCC2)ccc3C4=NCCN4C(=Nc13)NC(=O)c5cccnc5C,8.56
366,CHEMBL3644665,COc1c(OC[C@H](O)CN2CCCC2)ccc3C4=NCCN4C(=Nc13)NC(=O)c5cccnc5,8.58
367,CHEMBL2322335,CC1CN(CCO1)c2cc(O)n3nc(C)c(Cc4cccc(c4C)C(F)(F)F)c3n2,8.6
368,CHEMBL2322341,Oc1cc(nc2c(Cc3cccc(Cl)c3Cl)c(nn12)C(F)(F)F)c4ccncc4,8.6
369,CHEMBL2381376,CC(C)n1ncnc1c2nc3c(CCOc4cc(ccc34)c5cnn(CCN)c5)s2,8.62
370,CHEMBL3644664,COc1c(OC[C@H](O)CN2CCC2)ccc3C4=NCCN4C(=Nc13)NC(=O)c5cccnc5,8.65
371,CHEMBL1615189,CC(=O)Nc1nc2ccc(cc2s1)c3cnc(Cl)c(NS(=O)(=O)c4ccc(F)cc4)c3,8.7
372,CHEMBL3656386,CC(Nc1ccc(F)cc1)c2cc(cc3C(=O)C=C(Oc23)N4CCOCC4)C(=O)NCCN(C)C,8.7
373,CHEMBL3319646,CC(Nc1cccc(F)c1)C2=CC(=CN3C(=O)C=C(N=C23)N4CCOCC4)C(=O)NCCN(C)C,8.7
374,CHEMBL3656388,CC(Nc1ccccc1)c2cc(cc3C(=O)C=C(Oc23)N4CCOCC4)C(=O)NCCN(C)C,8.7
375,CHEMBL1957856,CC1=CN2C(=O)C=C(N=C2N1Cc3cccc(Cl)c3Cl)N4CCOCC4,8.7
376,CHEMBL2018361,CC1=NN2C(=O)N=C(C=C2N1Cc3cccc(c3C)C(F)(F)F)N4CCOCC4,8.7
377,CHEMBL1957858,CCC1=CN2C(=O)C=C(N=C2N1Cc3cccc(c3C)C(F)(F)F)N4CCOCC4,8.7
378,CHEMBL3644667,COc1c(OC[C@H](O)CN2CCCC2)ccc3C4=NCCN4C(=Nc13)NC(=O)c5cncnc5,8.7
379,CHEMBL3644671,COc1c(OC[C@H](O)CN2CCCCC2)ccc3C4=NCCN4C(=Nc13)NC(=O)c5cccnc5,8.7
380,CHEMBL2165007,COc1ccc(Nc2ncc(Cc3ccc(cc3)S(=O)(=O)C)cc2c4nc(C)nc(N)n4)cn1,8.7
381,CHEMBL2151926,Fc1ccc(NC(=O)CC2=NC(=CC(=O)N2)N3CCOCC3)cc1Cl,8.7
382,CHEMBL2381382,CC(C)n1nc(N)nc1c2nc3c(CCOc4cc(ccc34)c5cnn(CCO)c5)s2,8.75
383,CHEMBL2381375,CC(C)n1ncnc1c2nc3c(CCOc4cc(ccc34)c5cnn(CS(=O)(=O)C)c5)s2,8.75
384,CHEMBL3639435,COc1c(OC[C@H](O)CN(C)C)ccc2C3=NCCN3C(=Nc12)NC(=O)c4cccnc4,8.8
385,CHEMBL2018219,CC1=NN2C(=O)C=C(N=C2N1Cc3cccc(c3C)C(F)(F)F)N4CCOCC4,8.82
386,CHEMBL1957857,CC1=CN2C(=O)C=C(N=C2N1Cc3cccc(c3C)C(F)(F)F)N4CCOCC4,8.89
387,CHEMBL2018214,CC1=NN2C(=O)C=C(N=C2N1Cc3cccc(Cl)c3Cl)N4CCOCC4,8.89
388,CHEMBL2322344,COc1nn2c(O)cc(nc2c1Cc3cccc(Cl)c3Cl)c4ccncc4,8.9
389,CHEMBL1236962,COc1ncc(cc1NS(=O)(=O)c2ccc(F)cc2F)c3ccc4nccc(c5ccnnc5)c4c3,8.92
390,CHEMBL3656387,CC(Nc1cccc(F)c1)c2cc(cc3C(=O)C=C(Oc23)N4CCOCC4)C(=O)NCCN(C)C,9.0
391,CHEMBL2018360,CSC1=NN2C(=O)C=C(N=C2N1Cc3cccc(c3C)C(F)(F)F)N4CCOC(C)C4,9.0
392,CHEMBL1957870,C[C@@H]1CN(CCO1)C2=CC(=O)N3C=CN(Cc4cccc(c4C)C(F)(F)F)C3=N2,9.0
393,CHEMBL2322332,Cc1nn2c(O)cc(nc2c1Cc3cccc4ccccc34)N5CCOCC5,9.0
394,CHEMBL1911118,CNc1cc(OC)c2nc(C(F)F)n(c3nc(nc(n3)N4CCOCC4)N5CCOCC5)c2c1,9.04
395,CHEMBL2381265,CC(C)n1ncnc1c2nc3c(CCOc4cc(ccc34)C5CNC5)s2,9.05
396,CHEMBL3188551,Cc1c(Cn2c(C)nc3c(cc(cc23)N4CCOCC4)C(=O)O)cccc1C(F)(F)F,9.05
397,CHEMBL1911122,Oc1cccc2c1nc(C(F)F)n2c3nc(cc(n3)N4CCOCC4)N5CCOCC5,9.09
398,CHEMBL1082621,COc1cc(F)c2[nH]c(c(\C=C/3\Oc4ccc(NC(=O)Nc5ccc(cc5)C(=O)N(C)CCN(C)C)cc4C3=O)c2c1)c6c(C)nn(C)c6C,9.16
399,CHEMBL2322338,CCc1nn2c(O)cc(nc2c1Cc3cccc(Cl)c3Cl)c4ccncc4,9.2
400,CHEMBL2206921,CN(C)S(=O)(=O)Nc1cc(Nc2ncc(Cl)cc2c3nc(C)nc(N)n3)cnc1Cl,9.22
401,CHEMBL1086377,CCN1CCN(CC(=O)Nc2ccc(c3cccc4C(=O)C=C(Oc34)N5CCOCC5)c6sc7ccccc7c26)CC1,9.3
402,CHEMBL2322331,Cc1nn2c(O)cc(nc2c1Cc3cccc(c3C)C(F)(F)F)N4CCOCC4,9.4
403,CHEMBL2322340,Oc1cc(nc2c(Cc3cccc(Cl)c3Cl)c(nn12)C(F)(F)F)N4CCOCC4,9.4
404,CHEMBL2089118,CSC1=NC(=O)c2sc(nc2N1Cc3cccc(Cl)c3C)N4CCOCC4,9.52
405,CHEMBL2089112,Cc1c(CN2C(=NC(=O)c3sc(nc23)N4CCOCC4)CO)cccc1C(F)(F)F,9.7
406,CHEMBL1762790,Cc1nc(N)nc(n1)n2c(Nc3cc(O)cc(O)c3)nc4ccccc24,9.7
407,CHEMBL2089119,Cc1c(Cl)cccc1CN2C(=NC(=O)c3sc(nc23)N4CCOCC4)SCC(=O)O,10.3
