,molecule_chembl_id,canonical_smiles,pchembl_value
0,CHEMBL3687446,C[C@H]1C[C@H](C[C@@H](N)[C@H]1[S+](C)[O-])c2ccncc2NC(=O)c3ccc(F)c(n3)c4c(F)cccc4F,7.53
1,CHEMBL2035630,Brc1ccc2oc3C(=O)NC(=Nc3c2c1)c4ccc(NCC5CCNCC5)cc4,7.54
2,CHEMBL575254,CN(C)CC1=Nc2c(sc3ccc(cc23)c4ccc(OC(F)(F)F)cc4)C(=O)N1,7.54
3,CHEMBL1952142,COc1cc(NCC2CCNCC2)nc3c1nnn3c4cccc(OC(F)(F)F)c4,7.54
4,CHEMBL3652012,C[C@H]1CN(C[C@@H](N)[C@@H]1O)c2ccncc2NC(=O)c3ccc(F)c(n3)c4cccnc4,7.54
5,CHEMBL3691917,C[C@H]1C[C@H](C[C@@H](N)[C@H]1OCCS(=O)(=O)C)c2ccncc2NC(=O)c3csc(n3)c4c(F)cccc4F,7.54
6,CHEMBL2035628,Clc1cc(CNC2CCNCC2)ccc1C3=Nc4c(oc5ccc(Br)cc45)C(=O)N3,7.54
7,CHEMBL3393695,Fc1cccc(F)c1c2ccc3[nH]nc(c4cncc(n4)N5CCNCC5)c3c2,7.54
8,CHEMBL3676290,N[C@H]1CCC[C@H](C1)c2ccncc2NC(=O)c3csc(n3)c4c(F)cccc4F,7.54
9,CHEMBL572513,O[C@H]1CCN(CC2=Nc3c(sc4ccc(Cl)cc34)C(=O)N2)C1,7.54
10,CHEMBL573045,O[C@H]1CCN(CC2=Nc3c(sc4ccc(cc34)c5ccc(cc5)C#N)C(=O)N2)C1,7.54
11,CHEMBL3394170,CCOc1cncc(n1)c2c[nH]c3ccc(cc23)c4nnc(N)s4,7.55
12,CHEMBL2017360,CNC(=O)c1cccc2c1nc(Nc3ccccc3Cl)c4ccsc24,7.55
13,CHEMBL388978,CN[C@@H]1C[C@H]2O[C@@](C)([C@@H]1OC)n3c4ccccc4c5c6CNC(=O)c6c7c8ccccc8n2c7c35,7.55
14,CHEMBL2017351,COc1cccc(Nc2nc3c(cccc3c4sccc24)c5nnc[nH]5)c1,7.55
15,CHEMBL3651935,C[C@@H]1C[C@H](N)C[C@@H](C1)c2ccncc2NC(=O)c3nc(ccc3F)c4ccc(O)cc4F,7.55
16,CHEMBL3652635,Cn1ncc(NC(=O)c2nc(ccc2N)c3ccccc3F)c1N4CC[C@@H](N)C4,7.55
17,CHEMBL3652631,Cn1ncc(NC(=O)c2nc(sc2N)c3c(F)cccc3F)c1OC4CCNCC4,7.55
18,CHEMBL1915641,Fc1cc(OCCN2CCCC2)ccc1Nc3nc4c(cccc4c5cnccc35)c6nnc[nH]6,7.55
19,CHEMBL3651911,CCc1ccc(F)c(c1F)c2cccc(n2)C(=O)Nc3cnccc3[C@@H]4C[C@H](C)[C@@H](O)[C@H](N)C4,7.57
20,CHEMBL3691975,COC(=O)N[C@H]1[C@@H](C)C[C@H](C[C@H]1N)c2ccncc2NC(=O)c3ccc(F)c(n3)c4c(F)cc(OC)cc4F,7.57
21,CHEMBL3676297,C[C@H]1C[C@H](C[C@@H](N)[C@@H]1O)c2ccncc2NC(=O)c3csc(n3)c4c(F)cccc4F,7.57
22,CHEMBL3651937,Cc1ccc(F)c(c1F)c2cccc(n2)C(=O)Nc3cnccc3[C@@H]4CC[C@H](O)[C@H](N)C4,7.57
23,CHEMBL495030,NCCCNc1cncc(n1)c2cccc(\C=C\C(=O)O)c2,7.57
24,CHEMBL3793221,Nc1cc(ncn1)c2ccncc2NC(=O)c3nc(ccc3N)c4c(F)cccc4F,7.57
25,CHEMBL3652629,Cn1ncc(NC(=O)c2nc(ccc2N)c3ccccc3F)c1OC4CCNCC4,7.58
26,CHEMBL1915430,C1CCC(C1)Nc2nc3c(cccc3c4cnccc24)c5nnc[nH]5,7.59
27,CHEMBL3634763,C1COCC(C1)c2cc3c(n[nH]c3cn2)c4cccc(n4)N5CCNCC5,7.59
28,CHEMBL3660041,CC(C)(CN)COc1cc(F)cc2ccc(nc12)c3nnc4ccccn34,7.59
29,CHEMBL1910911,CC[C@H](N)COc1cncc(n1)c2ccc3[nH]cc(c4ccc(N)nc4F)c3c2,7.59
30,CHEMBL1915434,COc1cccc(Nc2nc3c(cccc3c4cnccc24)c5nnc[nH]5)c1,7.59
31,CHEMBL3651950,C[C@@H]1C[C@H](N)C[C@@H](C1)c2ccncc2NC(=O)c3ccc(F)c(n3)[C@@H]4CC[C@H](O)CC4,7.59
32,CHEMBL2017334,C1CC1Nc2nc3c(cccc3c4sccc24)c5nnc[nH]5,7.6
33,CHEMBL2037200,CN1CCCN(CC1)C(=O)c2cccc(c2)c3oc(\C=C/4\C(=O)Nc5ccc(Cl)cc45)cc3,7.6
34,CHEMBL3687436,C[C@H]1C[C@H](C[C@@H](N)[C@H]1NC(=O)C)c2ccncc2NC(=O)c3ccc(F)c(n3)c4c(F)cccc4F,7.6
35,CHEMBL3660096,Fc1cc(OCC2(F)CCNCC2)c3nc(ccc3c1)c4nnc5ccccn45,7.6
36,CHEMBL3651977,N[C@H]1CCC[C@H](C1)c2ccncc2NC(=O)c3ccc(F)c(n3)c4cc(F)ccc4F,7.6
37,CHEMBL2048863,N[C@H]1CCN(C1)c2c(Cl)cccc2\C=C\3/SC(=O)NC3=O,7.6
38,CHEMBL3394172,Nc1nnc(s1)c2ccc3[nH]cc(c4cncc(OC5CCCC5)n4)c3c2,7.6
39,CHEMBL455255,OC(=O)\C=C\c1cccc(c1)c2cncc(NCC3CCNCC3)n2,7.6
40,CHEMBL3687516,COCCOc1cc(F)c(c(F)c1)c2nc(ccc2F)C(=O)Nc3cnccc3[C@@H]4C[C@H](C)[C@H](NC(=O)OC)[C@H](N)C4,7.61
41,CHEMBL3703178,CSc1ncc2CCc3c(cn(C(C)C)c3c2n1)C(=O)N,7.62
42,CHEMBL2017344,Fc1cc(F)cc(Nc2nc3c(cccc3c4sccc24)c5nnc[nH]5)c1,7.62
43,CHEMBL2442305,NCCNc1ccn2ncc(c3ccc4cn[nH]c4c3)c2n1,7.62
44,CHEMBL3652028,N[C@H]1CCC[C@H](C1)c2ccncc2NC(=O)c3nc(c(F)cc3N)c4ccncc4F,7.62
45,CHEMBL3691984,COC(=O)N[C@H]1[C@@H](C)C[C@H](C[C@H]1N)c2ccncc2NC(=O)c3ccc(F)c(n3)c4c(F)cc(cc4F)C5(F)CCOCC5,7.63
46,CHEMBL576734,CN(C)CC1=Nc2c(sc3ccc(cc23)C#CCCCCN4CCCCC4)C(=O)N1,7.64
47,CHEMBL3703185,CSc1ncc2ccc3c(cn(C4CCNCC4)c3c2n1)C(=O)N,7.64
48,CHEMBL3676260,N[C@@H]1CN(CC[C@H]1F)c2ccncc2NC(=O)c3csc(n3)c4c(F)cccc4F,7.64
49,CHEMBL3652000,N[C@H]1CCC[C@H](C1)c2ccncc2NC(=O)c3nc(ccc3N)C4CCCCC4,7.64
50,CHEMBL3394166,CCOc1cccc(n1)c2c[nH]c3ccc(cc23)c4nnc(N)s4,7.66
51,CHEMBL575675,CN(C)CC1=Nc2c(sc3ccc(cc23)c4ccc(Cl)c(F)c4)C(=O)N1,7.66
52,CHEMBL3691918,CO[C@@H]1[C@@H](C)C[C@H](C[C@H]1N)c2ccncc2NC(=O)c3csc(n3)c4c(F)cccc4F,7.66
53,CHEMBL2037201,Clc1ccc2NC(=O)\C(=C\c3oc(cc3)c4cccc(c4)C(=O)N5CCCNCC5)\c2c1,7.66
54,CHEMBL2017337,N(c1cccnc1)c2nc3c(cccc3c4sccc24)c5nnc[nH]5,7.66
55,CHEMBL3660044,NC1CCC(CC1)Oc2cccc3ccc(nc23)c4nnc5ccccn45,7.66
56,CHEMBL454281,NCCCCNc1cncc(n1)c2cccc(\C=C\C(=O)O)c2,7.66
57,CHEMBL3687456,COC(=O)N(C)[C@@H]1[C@H](C)C[C@@H](C[C@@H]1N)c2ccncc2NC(=O)c3nc(sc3N)c4c(F)cccc4F,7.67
58,CHEMBL583691,CC(C)c1ccc2sc3C(=O)NC(=Nc3c2c1)CN(C)C,7.68
59,CHEMBL573702,CN(C)CC1=Nc2c(sc3ccc(cc23)c4ccc(cc4)C#N)C(=O)N1,7.68
60,CHEMBL493937,CN1CCCN(CC1)c2cncc(n2)c3cccc(\C=C\C(=O)O)c3,7.68
61,CHEMBL2017343,COc1cccc(Nc2nc3c(cccc3c4sccc24)c5nnc[nH]5)c1Cl,7.68
62,CHEMBL3651985,C[C@H]1C[C@H](C[C@@H](N)[C@@H]1O)c2ccncc2NC(=O)c3ccc(F)c(n3)C4CCCCC4,7.68
63,CHEMBL1915437,Clc1ccc(Nc2nc3c(cccc3c4cnccc24)c5nnc[nH]5)cc1,7.68
64,CHEMBL2387477,F[C@@H]1CNCC[C@@H]1CNc2ccn3ncc(C(=O)Nc4c[nH]c5ncccc45)c3n2,7.68
65,CHEMBL3676277,NC1CC(CN(C1)c2ccncc2NC(=O)c3csc(n3)C4CCCCC4)C(F)(F)F,7.68
66,CHEMBL1782516,NC[C@@H]1CC[C@H](CC1)Nc2cncc(n2)c3ccc4oc(cc4c3)C(=O)O,7.68
67,CHEMBL3394069,Nc1nnc(s1)c2ccc3[nH]cc(c4cccc(NC5CCCC5)n4)c3c2,7.68
68,CHEMBL3687421,CCOC(=O)N[C@H]1[C@@H](C)C[C@H](C[C@H]1N)c2ccncc2NC(=O)c3ccc(F)c(n3)c4c(F)cccc4F,7.69
69,CHEMBL3687451,C[C@H]1C[C@H](C[C@@H](N)[C@@H]1OS(=O)(=O)C)c2ccncc2NC(=O)c3ccc(F)c(n3)c4c(F)cccc4F,7.69
70,CHEMBL1915429,C1CC(C1)Nc2nc3c(cccc3c4cnccc24)c5nnc[nH]5,7.7
71,CHEMBL3676306,CC(C)Oc1ccc(F)c(c1F)c2nc(cs2)C(=O)Nc3cnccc3[C@@H]4C[C@H](C)C[C@H](N)C4,7.7
72,CHEMBL3652029,CC1CC(O)C=C(C1)c2ccncc2NC(=O)c3ccc(F)c(n3)c4c(F)cccc4F,7.7
73,CHEMBL84558,CCCOc1ccc(\C=C\2/SC(=O)NC2=O)cc1,7.7
74,CHEMBL1915642,CN(C)CCOc1ccc(Nc2nc3c(cccc3c4cnccc24)c5nnc[nH]5)c(F)c1,7.7
75,CHEMBL3651901,C[C@H]1C[C@H](C[C@@H](N)[C@@H]1O)c2ccncc2NC(=O)c3ccc(F)c(n3)c4cc(O)ccc4F,7.7
76,CHEMBL3652623,Cn1ncc(NC(=O)c2nc(sc2N)c3ccccc3F)c1N4CCC[C@H](N)C4,7.7
77,CHEMBL2017332,Fc1ccccc1Nc2nc3c(cccc3n4cccc24)c5nnc[nH]5,7.7
78,CHEMBL1910915,N[C@@H](COc1cncc(n1)c2ccc3[nH]cc(c4ccc(N)nc4F)c3c2)c5ccccc5,7.7
79,CHEMBL3651975,N[C@H]1CCC[C@H](C1)c2ccncc2NC(=O)c3ccc(F)c(n3)c4cccc(F)c4F,7.7
80,CHEMBL3685745,N[C@H]1C[C@@H](CF)CN(C1)c2ccncc2Nc3cccc4cnc(nc34)c5c(F)cccc5F,7.7
81,CHEMBL2442304,NCCNc1ccn2ncc(c3ccc4NC(=O)Nc4c3)c2n1,7.72
82,CHEMBL2048873,N[C@@H]1CCCN(C1)c2c(\C=C\3/SC(=O)NC3=O)cccc2c4ccncc4,7.72
83,CHEMBL494355,N[C@@H]1CC[C@@H](CC1)Nc2cncc(n2)c3cccc(\C=C\C(=O)O)c3,7.72
84,CHEMBL3676276,CC1CC(N)CN(C1)c2ccncc2NC(=O)c3csc(n3)C4CCCCC4,7.75
85,CHEMBL1915422,CNC(=O)c1cccc2c3cnccc3c(Nc4cccc(Cl)c4)nc12,7.75
86,CHEMBL3651898,C[C@@H]1C[C@H](O)C[C@@H](C1)c2ccncc2NC(=O)c3ccc(F)c(n3)c4c(F)cccc4F,7.75
87,CHEMBL3652014,C[C@H]1CN(C[C@@H](N)[C@@H]1O)c2ccncc2NC(=O)c3ccc(F)c(n3)c4ccncc4,7.75
88,CHEMBL1915426,Clc1cccc(Nc2nc3c(cccc3c4cnccc24)c5nnc[nH]5)c1,7.75
89,CHEMBL2387476,F[C@H]1CNCC[C@H]1CNc2ccn3ncc(C(=O)Nc4c[nH]c5ncccc45)c3n2,7.75
90,CHEMBL3393699,Fc1cccc(F)c1c2ccc3[nH]nc(c4cncc(NC5CCNC5)n4)c3c2,7.75
91,CHEMBL3354513,Fc1cccc(F)c1c2nc(cs2)C(=O)Nc3cnccc3OC4CCNCC4,7.75
92,CHEMBL3676302,N[C@H]1CCCN(C1)c2ccncc2NC(=O)c3csc(n3)c4ccccc4,7.75
93,CHEMBL3394165,Nc1nnc(s1)c2ccc3[nH]cc(c4cncc(NC5CCCCC5)n4)c3c2,7.75
94,CHEMBL3652643,Cn1ncc(NC(=O)c2ccc(F)c(n2)c3c(F)cccc3F)c1N4CCC[C@@H](N)CC4,7.76
95,CHEMBL3660024,CC(C)(CO)COc1cccc2ccc(nc12)c3nnc4cc(CN)ccn34,7.77
96,CHEMBL3394171,CC(C)Oc1cncc(n1)c2c[nH]c3ccc(cc23)c4nnc(N)s4,7.77
97,CHEMBL3687460,CO[C@H]1[C@@H](C)C[C@H](C[C@H]1N)c2ccncc2NC(=O)c3csc(n3)c4c(F)cccc4F,7.77
98,CHEMBL3651970,C[C@H]1C[C@H](C[C@@H](N)[C@H]1O)c2ccncc2NC(=O)c3cccc(n3)c4cc(C)ccc4F,7.77
99,CHEMBL2017325,N(c1ccccc1)c2nc3c(cccc3c4cscc24)c5nnc[nH]5,7.77
100,CHEMBL2017357,NC(=O)c1ccc(Nc2nc3c(cccc3c4sccc24)c5nnc[nH]5)cc1,7.77
101,CHEMBL523534,NCC1CCN(CC1)c2cncc(n2)c3cccc(\C=C\C(=O)O)c3,7.77
102,CHEMBL3634764,O=C1CN(CCN1)c2cc3c(n[nH]c3cn2)c4cccc(n4)N5CCNCC5,7.77
103,CHEMBL3691985,CCOCc1cc(F)c(c(F)c1)c2nc(ccc2F)C(=O)Nc3cnccc3[C@@H]4C[C@H](C)[C@H](NC(=O)OC)[C@H](N)C4,7.79
104,CHEMBL3687425,CO\N=C\1/[C@@H](C)C[C@H](C[C@H]1N)c2ccncc2NC(=O)c3ccc(F)c(n3)c4c(F)cccc4F,7.79
105,CHEMBL3393705,CC1(C)CCNCC1Oc2cncc(n2)c3n[nH]c4ccc(cc34)c5c(F)cccc5F,7.8
106,CHEMBL3676301,CC1(C)C[C@H](N)C[C@@H](C1)c2ccncc2NC(=O)c3csc(n3)c4c(F)cccc4F,7.8
107,CHEMBL575470,CN(C)CC1=Nc2c(sc3ccc(Br)cc23)C(=O)N1,7.8
108,CHEMBL3652026,C[C@@H]1C[C@H](C[C@@H](N)[C@H]1O)c2ccncc2NC(=O)c3ccc(F)c(n3)c4c(F)cccc4F,7.8
109,CHEMBL1915441,Fc1ccc(Nc2nc3c(cccc3c4cnccc24)c5nnc[nH]5)cc1,7.8
110,CHEMBL3393702,Fc1cccc(F)c1c2ccc3[nH]nc(c4cncc(OC5CCCNC5)n4)c3c2,7.8
111,CHEMBL3103863,N[C@H]1CCCN(C1)c2ccncc2NC(=O)c3nc(ccc3N)c4ccnc(N)n4,7.8
112,CHEMBL408019,Oc1cccc(c1)c2ccc3c(NC(=O)C4CC4)n[nH]c3n2,7.8
113,CHEMBL1915439,CN(c1ccccc1Cl)c2nc3c(cccc3c4cnccc24)c5nnc[nH]5,7.82
114,CHEMBL3676308,C[C@@H]1C[C@H](N)C[C@@H](C1)c2ccncc2NC(=O)c3csc(n3)c4c(F)ccc(F)c4F,7.82
115,CHEMBL1915638,Fc1ccc(Nc2nc3c(cccc3c4cnccc24)c5nnc[nH]5)c(F)c1,7.82
116,CHEMBL2017349,Fc1ccc(Nc2nc3c(cccc3c4sccc24)c5nnc[nH]5)cc1F,7.82
117,CHEMBL3393698,Fc1cccc(F)c1c2ccc3[nH]nc(c4cncc(NC5CCCNC5)n4)c3c2,7.82
118,CHEMBL1915433,N(c1ccccc1)c2nc3c(cccc3c4cnccc24)c5nnc[nH]5,7.82
119,CHEMBL2017322,N(c1ccccc1)c2nc3c(cccc3c4sccc24)c5nnc[nH]5,7.82
120,CHEMBL3651974,N[C@@H]1C[C@@H](CC[C@@H]1O)c2ccncc2NC(=O)c3cccc(n3)c4c(F)cccc4F,7.82
121,CHEMBL3691962,COC(=O)N[C@H]1[C@@H](C)C[C@H](C[C@H]1N)c2ccncc2NC(=O)c3ccc(F)c(n3)c4c(F)cc(cc4F)C5(O)CCOCC5,7.83
122,CHEMBL3652633,Cn1ncc(NC(=O)c2nc(cnc2N)c3ccccc3F)c1N4CCC(N)CC4,7.83
123,CHEMBL3687463,COC(=O)N(C)[C@H]1[C@@H](C)C[C@H](C[C@H]1N)c2ccncc2NC(=O)c3ccc(F)c(n3)c4c(F)cc(C)cc4F,7.84
124,CHEMBL3634765,C1CN(CCN1)c2cccc(n2)c3n[nH]c4cnc(cc34)N5CCOCC5,7.85
125,CHEMBL1915448,Clc1cc(OCCN2CCOCC2)ccc1Nc3nc4c(cccc4c5cnccc35)c6nnc[nH]6,7.85
126,CHEMBL3354511,Fc1cccc(F)c1c2nc(cs2)C(=O)Nc3cnccc3O[C@H]4CCNC4,7.85
127,CHEMBL2017327,N(c1ccccc1)c2nc3c(cccc3c4ccsc24)c5nnc[nH]5,7.85
128,CHEMBL2048865,N[C@@H]1CCCN(C1)c2ccccc2\C=C\3/SC(=O)NC3=O,7.85
129,CHEMBL3691954,COC(=O)N[C@H]1[C@@H](C)C[C@H](C[C@H]1N)c2ccncc2NC(=O)c3ccc(F)c(n3)c4c(F)cc(OC5CCOCC5)cc4F,7.86
130,CHEMBL3687423,COC(=O)N[C@H]1[C@@H](C)C[C@H](C[C@H]1N)c2ccncc2NC(=O)c3ccc(F)c(n3)c4c(F)cccc4F,7.86
131,CHEMBL3691979,C[C@H]1C[C@H](C[C@@H](N)[C@H]1n2ccnn2)c3ccncc3NC(=O)c4ccc(F)c(n4)c5c(F)cc(cc5F)C6(F)CCOCC6,7.86
132,CHEMBL3687470,COC(=O)N(C)[C@H]1[C@@H](C)C[C@H](C[C@H]1N)c2ccncc2NC(=O)c3ccc(F)c(n3)c4c(F)cccc4F,7.87
133,CHEMBL3691969,C[C@H]1C[C@H](C[C@@H](N)[C@H]1n2cc(nn2)C#N)c3ccncc3NC(=O)c4ccc(F)c(n4)c5c(F)cccc5F,7.88
134,CHEMBL3651917,CCc1ccc(F)c(c1F)c2cccc(n2)C(=O)Nc3cnccc3[C@@H]4C[C@H](C)C[C@H](N)C4,7.89
135,CHEMBL3651913,CCc1ccc(F)c(c1F)c2cccc(n2)C(=O)Nc3cnccc3[C@@H]4C[C@H](C)[C@H](O)[C@H](N)C4,7.89
136,CHEMBL575255,CN(C)CC1=Nc2c(sc3ccc(cc23)c4ccc(cc4)N(C)C)C(=O)N1,7.89
137,CHEMBL582844,CN(C)CC1=Nc2c(sc3ccc(cc23)c4cccc(Cl)c4)C(=O)N1,7.89
138,CHEMBL573705,CN(C)CC1=Nc2c(sc3ccc(cc23)c4cccc(F)c4)C(=O)N1,7.89
139,CHEMBL3651973,C[C@@H]1C[C@H](N)C[C@@H](C1)c2ccncc2NC(=O)c3ccc(F)c(n3)c4ccc(F)cc4F,7.89
140,CHEMBL3651998,N[C@H]1C[C@@H](CC[C@@H]1O)c2ccncc2NC(=O)c3nc(ccc3N)c4c(F)cccc4F,7.89
141,CHEMBL3652648,Cn1ncc(NC(=O)c2nc(sc2N)c3c(F)cccc3F)c1C4CCC(N)CC4,7.9
142,CHEMBL3687450,C[C@H]1C[C@H](C[C@@H](N)[C@H]1OS(=O)(=O)C)c2ccncc2NC(=O)c3ccc(F)c(n3)c4c(F)cccc4F,7.91
143,CHEMBL3651906,CC1(C)C[C@H](N)C[C@@H](C1)c2ccncc2NC(=O)c3ccc(F)c(n3)c4ccc(O)cc4F,7.92
144,CHEMBL572550,CCc1ccc(cc1)c2ccc3sc4C(=O)NC(=Nc4c3c2)CN(C)C,7.92
145,CHEMBL1915449,CN1CCN(CC1)c2ccc(Nc3nc4c(cccc4c5cnccc35)c6nnc[nH]6)c(Cl)c2,7.92
146,CHEMBL1915637,COc1cccc(F)c1Nc2nc3c(cccc3c4cnccc24)c5nnc[nH]5,7.92
147,CHEMBL3703181,CSc1ncc2ccc3c(C(=O)N)c(C)n(C(C)C)c3c2n1,7.92
148,CHEMBL3651986,C[C@@H]1C[C@H](N)C[C@@H](C1)c2ccncc2NC(=O)c3ccc(F)c(n3)C4CCCCC4,7.92
149,CHEMBL3676309,C[C@@H]1C[C@H](N)C[C@@H](C1)c2ccncc2NC(=O)c3csc(n3)c4c(F)ccc(Cl)c4F,7.92
150,CHEMBL3651926,C[C@H]1C[C@H](C[C@@H](N)[C@@H]1O)c2ccncc2NC(=O)c3cccc(n3)c4c(F)ccc(C)c4F,7.92
151,CHEMBL3687478,C[C@H]1C[C@H](C[C@@H](N)[C@H]1C#N)c2ccncc2NC(=O)c3ccc(F)c(n3)c4c(F)cccc4F,7.92
152,CHEMBL1915639,Fc1ccc(Cl)cc1Nc2nc3c(cccc3c4cnccc24)c5nnc[nH]5,7.92
153,CHEMBL2017355,N#Cc1cccc(Nc2nc3c(cccc3c4sccc24)c5nnc[nH]5)c1,7.92
154,CHEMBL2017359,NC(=O)c1cccc2c1nc(Nc3ccccc3Cl)c4ccsc24,7.92
155,CHEMBL494354,N[C@@H]1CC[C@H](CC1)Nc2cncc(n2)c3cccc(\C=C\C(=O)O)c3,7.92
156,CHEMBL3103861,N[C@H]1CCCN(C1)c2ccncc2NC(=O)c3nc(ccc3N)c4cccnc4,7.92
157,CHEMBL3651902,N[C@H]1CCC[C@H](C1)c2ccncc2NC(=O)c3cccc(n3)c4ccc(O)cc4F,7.92
158,CHEMBL3394073,Nc1nnc(s1)c2ccc3[nH]cc(c4cncc(n4)N5CCOCC5)c3c2,7.92
159,CHEMBL3687465,C[C@H]1CN(C[C@@H](N)[C@H]1C#N)c2ccncc2NC(=O)c3ccc(F)c(n3)c4c(F)cc(C)cc4F,7.95
160,CHEMBL3651951,C[C@@H]1C[C@H](N)C[C@@H](C1)c2ccncc2NC(=O)c3ccc(F)c(n3)[C@@H]4CC[C@@H](O)CC4,7.96
161,CHEMBL3651924,Cc1ccc(F)c(c1F)c2cccc(n2)C(=O)Nc3cnccc3[C@@H]4CCC[C@H](N)C4,7.96
162,CHEMBL3676259,N[C@@H]1CN(CC[C@H]1O)c2ccncc2NC(=O)c3csc(n3)c4c(F)cccc4F,7.96
163,CHEMBL3651984,N[C@@H]1C[C@@H](CC[C@@H]1O)c2ccncc2NC(=O)c3ccc(F)c(n3)c4c(F)cccc4F,7.96
164,CHEMBL3687480,CO[C@@H]1[C@@H](C)C[C@H](C[C@H]1N)c2ccncc2NC(=O)c3nc(ncc3N)c4c(F)cccc4F,7.97
165,CHEMBL3687442,C[C@H]1C[C@H](C[C@@H](N)[C@@H]1[S+](C)[O-])c2ccncc2NC(=O)c3ccc(F)c(n3)c4c(F)cccc4F,7.98
166,CHEMBL3687520,C[C@H]1C[C@H](C[C@@H](N)[C@H]1S(=O)(=O)C)c2ccncc2NC(=O)c3ccc(F)c(n3)c4c(F)cc(cc4F)C5(F)CCOCC5,7.98
167,CHEMBL3652637,Cn1ncc(NC(=O)c2nc(sc2N)c3c(F)cccc3F)c1N4CC[C@H](CN)C4,7.98
168,CHEMBL3691955,C[C@H]1C[C@H](C[C@@H](N)[C@H]1n2ccnn2)c3ccncc3NC(=O)c4ccc(F)c(n4)c5c(F)cc(OC6CCOCC6)cc5F,7.99
169,CHEMBL3652636,Cn1ncc(NC(=O)c2nc(ccc2N)c3ccccc3F)c1N4CCC[C@H](CN)C4,7.99
170,CHEMBL1915436,C#Cc1cccc(Nc2nc3c(cccc3c4cnccc24)c5nnc[nH]5)c1,8.0
171,CHEMBL2017335,C1CN(CCO1)c2nc3c(cccc3c4sccc24)c5nnc[nH]5,8.0
172,CHEMBL3394074,CC(C)Nc1cncc(n1)c2c[nH]c3ccc(cc23)c4nnc(N)s4,8.0
173,CHEMBL3394167,CC(C)Oc1cccc(n1)c2c[nH]c3ccc(cc23)c4nnc(N)s4,8.0
174,CHEMBL1915640,COCCOc1ccc(Nc2nc3c(cccc3c4cnccc24)c5nnc[nH]5)c(F)c1,8.0
175,CHEMBL3651991,C[C@@H]1C[C@@H](C[C@@H](N)[C@H]1O)c2ccncc2NC(=O)c3nc(ccc3N)c4c(F)cccc4F,8.0
176,CHEMBL3639508,C[C@H]1C[C@H](C[C@@H](N)[C@@H]1O)c2ccncc2NC(=O)c3nc(ccc3N)C4CCCCC4,8.0
177,CHEMBL3651908,Cc1ccc(F)c(c1F)c2cccc(n2)C(=O)Nc3cnccc3[C@H]4C[C@@H](N)CC(C)(C)C4,8.0
178,CHEMBL3393703,Fc1cccc(F)c1c2ccc3[nH]nc(c4cncc(OC5CNCCC5=C)n4)c3c2,8.0
179,CHEMBL1915649,NC(=O)c1cccc2c3cnccc3c(Nc4ccccc4F)nc12,8.0
180,CHEMBL1910914,N[C@H](COc1cncc(n1)c2ccc3[nH]cc(c4ccc(N)nc4F)c3c2)c5ccccc5,8.0
181,CHEMBL3676303,N[C@H]1CCCN(C1)c2ccncc2NC(=O)c3csc(n3)c4ccccc4F,8.0
182,CHEMBL510884,OC(=O)\C=C\c1cccc(c1)c2cncc(n2)N3CCCNCC3,8.0
183,CHEMBL572781,O[C@H]1CCN(CC2=Nc3c(sc4ccc(cc34)c5ccccc5)C(=O)N2)C1,8.0
184,CHEMBL3687440,C[C@H]1C[C@H](C[C@@H](N)[C@H]1N=[N+]=[N-])c2ccncc2NC(=O)c3ccc(F)c(n3)c4c(F)cccc4F,8.03
185,CHEMBL3687528,COCCOc1cc(F)c(c(F)c1)c2nc(ccc2F)C(=O)Nc3cnccc3[C@@H]4C[C@H](C)[C@@H]([C@H](N)C4)S(=O)(=O)C,8.04
186,CHEMBL3676307,CCOc1ccc(F)c(c1F)c2nc(cs2)C(=O)Nc3cnccc3[C@@H]4C[C@H](C)C[C@H](N)C4,8.05
187,CHEMBL3691933,COC(=O)N[C@H]1[C@@H](C)C[C@H](C[C@H]1N)c2ccncc2NC(=O)c3ccc(F)c(n3)c4c(F)cc(OC(C)C)cc4F,8.05
188,CHEMBL3685747,C[C@@H]1C[C@H](N)CN(C1)c2ccncc2Nc3cccc4cnc(nc34)c5c(F)cccc5F,8.05
189,CHEMBL2017329,Clc1ccccc1Nc2nc3c(cccc3c4scnc24)c5nnc[nH]5,8.05
190,CHEMBL2017342,Fc1ccc(Nc2nc3c(cccc3c4sccc24)c5nnc[nH]5)c(Cl)c1,8.05
191,CHEMBL3651987,NC1C=C(CCC1O)c2ccncc2NC(=O)c3nc(ccc3N)c4c(F)cccc4F,8.05
192,CHEMBL3393692,NC1CCN(CC1)c2cncc(n2)c3n[nH]c4ccc(cc34)c5c(F)cccc5F,8.05
193,CHEMBL3651929,N[C@H]1CCC[C@H](C1)c2ccncc2NC(=O)c3ccc(F)c(n3)c4cc(O)ccc4F,8.05
194,CHEMBL1915428,C1CC1Nc2nc3c(cccc3c4cnccc24)c5nnc[nH]5,8.1
195,CHEMBL3393715,C1CC2(CC2)[C@H](CN1)Oc3cncc(n3)c4n[nH]c5ccc(cc45)c6nccs6,8.1
196,CHEMBL3676275,CC1CCN(CC1N)c2ccncc2NC(=O)c3csc(n3)c4c(F)cccc4F,8.1
197,CHEMBL3651964,CCCOc1ccc(F)c(c1)c2ccc(N)c(n2)C(=O)Nc3cnccc3[C@@H]4CC[C@H](O)[C@H](N)C4,8.1
198,CHEMBL583273,CN(C)CC1=Nc2c(sc3ccc(cc23)c4ccccc4)C(=O)N1,8.1
199,CHEMBL3103864,COc1ccccc1c2ccc(N)c(n2)C(=O)Nc3cnccc3N4CCC[C@H](N)C4,8.1
200,CHEMBL3687445,CS[C@@H]1[C@@H](C)C[C@H](C[C@H]1N)c2ccncc2NC(=O)c3ccc(F)c(n3)c4c(F)cccc4F,8.1
201,CHEMBL3651997,C[C@@H]1CN(C[C@@H](N)[C@H]1O)c2ccncc2NC(=O)c3nc(ccc3N)c4c(F)cccc4F,8.1
202,CHEMBL3651954,C[C@@H]1C[C@H](N)C[C@@H](C1)c2ccncc2NC(=O)c3cccc(n3)c4cc(C)ccc4F,8.1
203,CHEMBL3651969,C[C@H]1C[C@H](C[C@@H](N)[C@H]1O)c2ccncc2NC(=O)c3ccc(F)c(n3)c4cc(C)ccc4F,8.1
204,CHEMBL3651971,C[C@H]1C[C@H](C[C@@H](N)[C@H]1O)c2ccncc2NC(=O)c3ccc(F)c(n3)c4ccccc4F,8.1
205,CHEMBL1915634,Cc1cc(F)ccc1Nc2nc3c(cccc3c4cnccc24)c5nnc[nH]5,8.1
206,CHEMBL1915635,Cc1ccc(F)cc1Nc2nc3c(cccc3c4cnccc24)c5nnc[nH]5,8.1
207,CHEMBL2017326,Clc1ccccc1Nc2nc3c(cccc3c4cscc24)c5nnc[nH]5,8.1
208,CHEMBL1915643,NC(=O)c1cccc2c3cnccc3c(Nc4ccccc4Cl)nc12,8.1
209,CHEMBL3651988,N[C@@H]1C=C(CC[C@@H]1O)c2ccncc2NC(=O)c3nc(ccc3N)c4c(F)cccc4F,8.1
210,CHEMBL3676258,N[C@H]1CCCN(C1)c2ccncc2NC(=O)c3csc(n3)c4c(F)cccc4F,8.1
211,CHEMBL3651905,N[C@H]1CCC[C@H](C1)c2ccncc2NC(=O)c3ccc(F)c(n3)c4ccc(O)cc4F,8.1
212,CHEMBL3651903,N[C@H]1CCC[C@H](C1)c2ccncc2NC(=O)c3cccc(n3)c4cc(O)ccc4F,8.1
213,CHEMBL3793927,Nc1cc(ccn1)c2ccncc2NC(=O)c3nc(ccc3N)c4c(F)cccc4F,8.1
214,CHEMBL3687517,C[C@H]1C[C@H](C[C@@H](N)[C@H]1S(=O)(=O)C)c2ccncc2NC(=O)c3ccc(F)c(n3)c4c(F)cc(OC5CCOCC5)cc4F,8.11
215,CHEMBL2387470,O=C(Nc1c[nH]c2ncccc12)c3cnn4ccc(NCC5CCNCC5)nc34,8.11
216,CHEMBL3687433,C[C@H]1CN(C[C@@H](N)[C@H]1NC(=O)C)c2ccncc2NC(=O)c3ccc(F)c(n3)c4c(F)cccc4F,8.12
217,CHEMBL3691964,COC(=O)N[C@H]1[C@@H](C)C[C@H](C[C@H]1N)c2ccncc2NC(=O)c3ccc(F)c(n3)c4c(F)cc(C)cc4F,8.13
218,CHEMBL3687522,COc1cc(F)c(c(F)c1)c2nc(ccc2F)C(=O)Nc3cnccc3[C@@H]4C[C@H](C)[C@@H]([C@H](N)C4)S(=O)(=O)C,8.13
219,CHEMBL2442291,Cc1oc(nn1)c2cccc(c2)c3cnn4ccc(NCCN)nc34,8.14
220,CHEMBL3651995,CC(=O)O[C@H]1CC[C@H](C[C@H]1N)c2ccncc2NC(=O)c3nc(ccc3N)c4c(F)cccc4F,8.16
221,CHEMBL3651963,CCCOc1ccc(F)c(c1)c2nc(C(=O)Nc3cnccc3[C@@H]4CC[C@H](O)[C@H](N)C4)c(N)cc2F,8.16
222,CHEMBL584563,CN(C)CC1=Nc2c(sc3ccc(cc23)c4cscc4C)C(=O)N1,8.16
223,CHEMBL3703183,CSc1ncc2CCc3c(cn([C@@H]4CC[C@H](N)CC4)c3c2n1)C(=O)N,8.16
224,CHEMBL3651933,C[C@@H]1C[C@H](N)C[C@@H](C1)c2ccncc2NC(=O)c3cccc(n3)c4ccc(O)cc4F,8.16
225,CHEMBL3651958,C[C@@H]1C[C@H](N)C[C@@H](C1)c2ccncc2NC(=O)c3cccc(n3)c4ccccc4F,8.16
226,CHEMBL3676300,C[C@@H]1C[C@H](N)C[C@@H](C1)c2ccncc2NC(=O)c3csc(n3)c4c(F)cccc4F,8.16
227,CHEMBL3651965,C[C@@H]1C[C@H](N)C[C@@H](C1)c2ccncc2NC(=O)c3nc(ccc3F)c4c(F)cccc4F,8.16
228,CHEMBL3652024,C[C@H]1C[C@H](C[C@@H](N)[C@@H]1O)c2ccncc2NC(=O)c3nc(c(F)cc3N)c4c(F)cccc4F,8.16
229,CHEMBL3651927,C[C@H]1C[C@H](C[C@@H](N)[C@H]1O)c2ccncc2NC(=O)c3cccc(n3)c4c(F)ccc(C)c4F,8.16
230,CHEMBL3652002,Cc1ccc(F)c(c1)c2cccc(n2)C(=O)Nc3cnccc3[C@H]4C[C@@H](N)C[C@H](C4)C(F)(F)F,8.16
231,CHEMBL3651916,Cc1ccc(F)c(c1F)c2nc(ccc2F)C(=O)Nc3cnccc3[C@@H]4CCC[C@H](N)C4,8.16
232,CHEMBL2017347,Fc1ccc(Nc2nc3c(cccc3c4sccc24)c5nnc[nH]5)cc1,8.16
233,CHEMBL3652001,NC1CCCC(=C1)c2ccncc2NC(=O)c3nc(ccc3N)c4c(F)cccc4F,8.16
234,CHEMBL3651961,N[C@@H]1C[C@@H](CC[C@@H]1O)c2ccncc2NC(=O)c3nc(c(F)cc3N)c4c(F)cccc4F,8.16
235,CHEMBL3103865,N[C@H]1CCCN(C1)c2ccncc2NC(=O)c3nc(ccc3N)c4ccccc4C(F)(F)F,8.16
236,CHEMBL3687419,C[C@H]1C[C@H](C[C@@H](N)/C/1=N\O)c2ccncc2NC(=O)c3ccc(F)c(n3)c4c(F)cccc4F,8.17
237,CHEMBL3687432,COCCS(=O)(=O)[C@H]1[C@@H](C)C[C@H](C[C@H]1N)c2ccncc2NC(=O)c3ccc(F)c(n3)c4c(F)cccc4F,8.18
238,CHEMBL3687467,C[C@H]1CN(C[C@@H](N)[C@H]1C#N)c2ccncc2NC(=O)c3ccc(F)c(n3)c4c(F)cccc4F,8.19
239,CHEMBL3634755,Cn1cc(cn1)c2cc3c(n[nH]c3cn2)c4cccc(O[C@@H]5CCCNC5)n4,8.21
240,CHEMBL3651999,CC1CC(O)C=C(C1)c2ccncc2NC(=O)c3nc(ccc3N)c4c(F)cccc4F,8.22
241,CHEMBL576388,CN(C)CC1=Nc2c(sc3ccc(cc23)c4ccc(OCCCN)cc4)C(=O)N1,8.22
242,CHEMBL572784,CN(C)CC1=Nc2c(sc3ccc(cc23)c4cocc4)C(=O)N1,8.22
243,CHEMBL3691951,COC(=O)N[C@H]1[C@@H](C)C[C@H](C[C@H]1N)c2ccncc2NC(=O)c3ccc(F)c(n3)c4c(F)cc(cc4F)C5(O)CCC5,8.22
244,CHEMBL2017352,COc1ccc(Nc2nc3c(cccc3c4sccc24)c5nnc[nH]5)cc1,8.22
245,CHEMBL3651957,C[C@@H]1C[C@H](N)C[C@@H](C1)c2ccncc2NC(=O)c3ccc(F)c(n3)c4cc(F)ccc4F,8.22
246,CHEMBL3651931,C[C@@H]1C[C@H](N)C[C@@H](C1)c2ccncc2NC(=O)c3cccc(n3)c4cc(O)ccc4F,8.22
247,CHEMBL3651939,C[C@@H]1C[C@H](N)C[C@@H](C1)c2ccncc2NC(=O)c3nc(ccc3F)c4cc(O)ccc4F,8.22
248,CHEMBL3652011,C[C@H]1C[C@H](C[C@@H](O)[C@@H]1O)c2ccncc2NC(=O)c3ccc(F)c(n3)c4c(F)cccc4F,8.22
249,CHEMBL2017361,Cc1cc2c(Nc3ccccc3F)nc4c(cccc4c2s1)c5nnc[nH]5,8.22
250,CHEMBL1915443,Cc1ccccc1Nc2nc3c(cccc3c4cnccc24)c5nnc[nH]5,8.22
251,CHEMBL2017339,Clc1cccc(Nc2nc3c(cccc3c4sccc24)c5nnc[nH]5)c1,8.22
252,CHEMBL2017328,Clc1ccccc1Nc2nc3c(cccc3c4ccsc24)c5nnc[nH]5,8.22
253,CHEMBL1915438,Clc1ccccc1Nc2nc3c(cccc3c4cnccc24)c5nnc[nH]5,8.22
254,CHEMBL3393697,Fc1cccc(F)c1c2ccc3[nH]nc(c4cncc(NC5CCNCC5)n4)c3c2,8.22
255,CHEMBL3393710,Fc1cccnc1c2ccc3[nH]nc(c4cncc(O[C@H]5CNCCC56CC6)n4)c3c2,8.22
256,CHEMBL3393712,Fc1cnccc1c2ccc3[nH]nc(c4cncc(O[C@H]5CNCCC56CC6)n4)c3c2,8.22
257,CHEMBL3103860,N[C@H]1CCCN(C1)c2ccncc2NC(=O)c3nc(ccc3N)c4ccccn4,8.22
258,CHEMBL3103862,N[C@H]1CCCN(C1)c2ccncc2NC(=O)c3nc(ccc3N)c4ccncc4,8.22
259,CHEMBL3394164,Nc1nnc(s1)c2ccc3[nH]cc(c4cncc(NC5CCCC5)n4)c3c2,8.22
260,CHEMBL3687530,C[C@H]1C[C@H](C[C@@H](N)[C@H]1S(=O)(=O)C)c2ccncc2NC(=O)c3ccc(F)c(n3)c4c(F)cc(cc4F)C5(O)CCOCC5,8.23
261,CHEMBL2387478,F[C@H]1CNCC[C@@H]1CNc2ccn3ncc(C(=O)Nc4c[nH]c5ncccc45)c3n2,8.23
262,CHEMBL3687526,CCOCc1cc(F)c(c(F)c1)c2nc(ccc2F)C(=O)Nc3cnccc3[C@@H]4C[C@H](C)[C@@H]([C@H](N)C4)S(=O)(=O)C,8.24
263,CHEMBL3634773,C1CN(CCN1)c2cccc(n2)c3n[nH]c4cnc(cc34)n5ccnc5,8.27
264,CHEMBL3691952,COCCOc1cc(F)c(c(F)c1)c2nc(ccc2F)C(=O)Nc3cnccc3[C@@H]4C[C@H](C)[C@@H]([C@H](N)C4)n5ccnn5,8.28
265,CHEMBL3691972,C[C@H]1C[C@H](C[C@@H](N)[C@H]1n2cc(nn2)C(C)(C)O)c3ccncc3NC(=O)c4ccc(F)c(n4)c5c(F)cccc5F,8.28
266,CHEMBL3691981,CC(C)NC(=O)c1ccc(F)c(c1)c2ccc(N)c(n2)C(=O)Nc3cnccc3N4C[C@H](C)[C@@H]([C@H](N)C4)n5ccnn5,8.29
267,CHEMBL3691983,COC(=O)N[C@H]1[C@@H](C)C[C@H](C[C@H]1N)c2ccncc2NC(=O)c3nc(ccc3N)c4cc(ccc4F)C(=O)NC(C)C,8.29
268,CHEMBL2017356,C#Cc1cccc(Nc2nc3c(cccc3c4sccc24)c5nnc[nH]5)c1,8.3
269,CHEMBL1915648,CC(C)CNC(=O)c1cccc2c3cnccc3c(Nc4ccccc4Cl)nc12,8.3
270,CHEMBL573957,CN(C)CC1=Nc2c(sc3ccc(cc23)N4CCCC4)C(=O)N1,8.3
271,CHEMBL572514,CN(C)CC1=Nc2c(sc3ccc(cc23)c4ccc(O)c(F)c4)C(=O)N1,8.3
272,CHEMBL2037204,CN1CCCN(CC1)C(=O)c2ccc(F)c(c2)c3oc(\C=C/4\C(=O)Nc5ccc(Cl)cc45)cc3,8.3
273,CHEMBL1915645,CNC(=O)c1cccc2c3cnccc3c(Nc4cccc(OC)c4Cl)nc12,8.3
274,CHEMBL1915644,CNC(=O)c1cccc2c3cnccc3c(Nc4ccccc4Cl)nc12,8.3
275,CHEMBL2048868,COc1cccc(\C=C\2/SC(=O)NC2=O)c1N3CCC[C@@H](N)C3,8.3
276,CHEMBL3651990,C[C@@H]1C[C@@H](C[C@H](N)[C@H]1O)c2ccncc2NC(=O)c3nc(ccc3N)c4c(F)cccc4F,8.3
277,CHEMBL3651992,C[C@@H]1C[C@H](C[C@@H](N)[C@H]1O)c2ccncc2NC(=O)c3nc(ccc3N)c4c(F)cccc4F,8.3
278,CHEMBL3651956,C[C@@H]1C[C@H](N)C[C@@H](C1)c2ccncc2NC(=O)c3ccc(F)c(n3)c4cccc(F)c4F,8.3
279,CHEMBL3676288,C[C@@H]1C[C@H](O)C[C@@H](C1)c2ccncc2NC(=O)c3nc(sc3N)c4c(F)cccc4F,8.3
280,CHEMBL3651919,C[C@H]1CN(C[C@@H](N)[C@@H]1O)c2ccncc2NC(=O)c3cccc(n3)c4ccccc4F,8.3
281,CHEMBL3652031,C[C@H]1C[C@H](C[C@@H](N)[C@H]1F)c2ccncc2NC(=O)c3ccc(F)c(n3)c4c(F)cccc4F,8.3
282,CHEMBL3652025,C[C@H]1C[C@H](C[C@@H](N)[C@H]1O)c2ccncc2NC(=O)c3nc(c(F)cc3N)c4c(F)cccc4F,8.3
283,CHEMBL3651907,Cc1ccc(F)c(c1F)c2nc(ccc2F)C(=O)Nc3cnccc3[C@H]4C[C@@H](N)CC(C)(C)C4,8.3
284,CHEMBL2017346,Fc1cccc(Nc2nc3c(cccc3c4sccc24)c5nnc[nH]5)c1,8.3
285,CHEMBL1915442,Fc1ccccc1Nc2nc3c(cccc3c4cnccc24)c5nnc[nH]5,8.3
286,CHEMBL3393711,Fc1ccncc1c2ccc3[nH]nc(c4cncc(O[C@H]5CNCCC56CC6)n4)c3c2,8.3
287,CHEMBL2048866,N[C@@H]1CCCN(C1)c2c(Cl)cccc2\C=C\3/SC(=O)NC3=O,8.3
288,CHEMBL2048872,N[C@@H]1CCCN(C1)c2c(\C=C\3/SC(=O)NC3=O)cccc2c4ccccc4,8.3
289,CHEMBL3652005,N[C@@H]1C[C@@H](C[C@@H](C1)C(F)(F)F)c2ccncc2NC(=O)c3ccc(F)c(n3)C4CCCCC4,8.3
290,CHEMBL3651993,N[C@H]1CCC[C@H](C1)c2ccncc2NC(=O)c3ccc(F)c(n3)c4c(F)cccc4F,8.3
291,CHEMBL2387462,FC1(CNc2ccn3ncc(C(=O)Nc4c[nH]c5ncccc45)c3n2)CCNCC1,8.31
292,CHEMBL3687426,CO\N=C/1\[C@@H](C)C[C@H](C[C@H]1N)c2ccncc2NC(=O)c3ccc(F)c(n3)c4c(F)cccc4F,8.32
293,CHEMBL3687502,CO[C@H]1[C@@H](C)C[C@H](C[C@H]1N)c2ccncc2NC(=O)c3ccc(F)c(n3)c4c(F)cccc4F,8.33
294,CHEMBL3687464,C[C@H]1CN(C[C@@H](N)[C@H]1C#N)c2ccncc2NC(=O)c3nc(sc3N)c4c(F)cccc4F,8.33
295,CHEMBL3652645,CN[C@H]1CCCN(CC1)c2c(NC(=O)c3nc(sc3N)c4c(F)cccc4F)cnn2C,8.36
296,CHEMBL3691976,COc1cc(F)c(c(F)c1)c2nc(ccc2F)C(=O)Nc3cnccc3[C@@H]4C[C@H](C)[C@@H]([C@H](N)C4)n5ccnn5,8.36
297,CHEMBL3393709,C1CC2(CC2)[C@H](CN1)Oc3cncc(n3)c4n[nH]c5ccc(cc45)c6ccccc6,8.37
298,CHEMBL3687417,C[C@H]1CN(C[C@@H](N)[C@H]1n2cc(nn2)c3ccsc3)c4ccncc4NC(=O)c5ccc(F)c(n5)c6c(F)cccc6F,8.37
299,CHEMBL3691970,C[C@H]1C[C@H](C[C@@H](N)[C@H]1n2cc(nn2)C3CC3)c4ccncc4NC(=O)c5ccc(F)c(n5)c6c(F)cccc6F,8.39
300,CHEMBL3676270,CC1CC(N)CN(C1)c2ccncc2NC(=O)c3csc(n3)c4c(F)cccc4F,8.4
301,CHEMBL583913,CN(C)CC1=Nc2c(sc3ccc(cc23)c4cccc(O)c4)C(=O)N1,8.4
302,CHEMBL1915650,CNC(=O)c1cccc2c3cnccc3c(Nc4ccccc4F)nc12,8.4
303,CHEMBL3687533,COCCOc1cc(F)c(c(F)c1)c2nc(ccc2F)C(=O)Nc3cnccc3[C@@H]4C[C@H](C)[C@@H](OC)[C@H](N)C4,8.4
304,CHEMBL3652017,COc1cc(F)c(c(F)c1)c2nc(ccc2F)C(=O)Nc3cnccc3[C@H]4C[C@@H](N)CC(C)(C)C4,8.4
305,CHEMBL3794146,COc1cc(cc(N)n1)c2ccncc2NC(=O)c3nc(ccc3N)c4c(F)cccc4F,8.4
306,CHEMBL3651943,COc1ccc(F)c(c1F)c2nc(ccc2F)C(=O)Nc3cnccc3[C@@H]4C[C@H](C)[C@@H](O)[C@H](N)C4,8.4
307,CHEMBL3676305,COc1ccc(F)c(c1F)c2nc(cs2)C(=O)Nc3cnccc3[C@@H]4C[C@H](C)C[C@H](N)C4,8.4
308,CHEMBL3651934,C[C@@H]1C[C@H](N)C[C@@H](C1)c2ccncc2NC(=O)c3ccc(F)c(n3)c4ccc(O)cc4F,8.4
309,CHEMBL3651953,C[C@@H]1C[C@H](N)C[C@@H](C1)c2ccncc2NC(=O)c3ccc(F)c(n3)c4ccccc4F,8.4
310,CHEMBL3676310,C[C@@H]1C[C@H](N)C[C@@H](C1)c2ccncc2NC(=O)c3csc(n3)c4c(F)cc(O)cc4F,8.4
311,CHEMBL3651947,C[C@@H]1C[C@H](N)C[C@@H](C1)c2ccncc2NC(=O)c3nc(c(F)cc3N)c4c(F)cccc4F,8.4
312,CHEMBL3652013,C[C@H]1CN(C[C@@H](N)[C@@H]1O)c2ccncc2NC(=O)c3ccc(F)c(n3)c4ccncc4F,8.4
313,CHEMBL3651909,C[C@H]1CN(C[C@@H](N)[C@@H]1O)c2ccncc2NC(=O)c3cccc(n3)c4c(F)ccc(C)c4F,8.4
314,CHEMBL3792742,Cc1cc(cc(N)n1)c2ccncc2NC(=O)c3nc(ccc3N)c4ccccc4F,8.4
315,CHEMBL3651925,Cc1ccc(F)c(c1F)c2cccc(n2)C(=O)Nc3cnccc3C4C[C@@H](N)C[C@@H](N)C4,8.4
316,CHEMBL3393713,Fc1ncccc1c2ccc3[nH]nc(c4cncc(O[C@H]5CNCCC56CC6)n4)c3c2,8.4
317,CHEMBL1915651,NC(=O)c1cccc2c3cnccc3c(Nc4c(F)cccc4F)nc12,8.4
318,CHEMBL1782530,N[C@@H]1CC[C@@H](CC1)Nc2cc(Br)cc3cc(oc23)C(=O)O,8.4
319,CHEMBL3651962,N[C@@H]1C[C@@H](CC[C@@H]1O)c2ccncc2NC(=O)c3nc(c(F)cc3N)c4ccccc4F,8.4
320,CHEMBL3651996,N[C@@H]1C[C@@H](CC[C@@H]1O)c2ccncc2NC(=O)c3nc(ccc3N)c4c(F)cccc4F,8.4
321,CHEMBL3676294,N[C@@H]1C[C@@H](CC[C@@H]1O)c2ccncc2NC(=O)c3nc(sc3N)c4c(F)cccc4F,8.4
322,CHEMBL3747207,N[C@H]1CCCN(C1)c2ccncc2NC(=O)c3nc(ccc3N)C4CCCCC4,8.4
323,CHEMBL3651928,N[C@H]1CCC[C@H](C1)c2ccncc2NC(=O)c3ccc(F)c(n3)c4c(F)cc(O)cc4F,8.4
324,CHEMBL3651904,N[C@H]1CCC[C@H](C1)c2ccncc2NC(=O)c3cccc(n3)c4c(F)cc(O)cc4F,8.4
325,CHEMBL2017341,Oc1ccc(Nc2nc3c(cccc3c4sccc24)c5nnc[nH]5)c(Cl)c1,8.4
326,CHEMBL3687531,C[C@H]1C[C@H](C[C@@H](N)[C@H]1S(=O)(=O)C)c2ccncc2NC(=O)c3ccc(F)c(n3)c4c(F)cc(C)cc4F,8.42
327,CHEMBL3687515,COCCOc1cc(F)c(c(F)c1)c2nc(ccc2F)C(=O)Nc3cnccc3N4C[C@H](C)[C@H](NC(=O)OC)[C@H](N)C4,8.43
328,CHEMBL3687503,COCCOc1cc(F)c(c(F)c1)c2nc(ccc2F)C(=O)Nc3cnccc3[C@@H]4C[C@H](C)[C@H](OC)[C@H](N)C4,8.43
329,CHEMBL3639862,C[C@H]1C[C@H](C[C@@H](N)[C@H]1S(=O)(=O)CCO)c2ccncc2NC(=O)c3ccc(F)c(n3)c4c(F)cccc4F,8.45
330,CHEMBL3652639,Cn1ncc(NC(=O)c2nc(cnc2N)c3ccccc3F)c1N4CCC[C@@H](N)CC4,8.45
331,CHEMBL3687485,CO[C@@H]1[C@@H](C)C[C@H](C[C@H]1N)c2ccncc2NC(=O)c3ccc(F)c(n3)c4c(F)cccc4F,8.47
332,CHEMBL3687510,CCOCc1cc(F)c(c(F)c1)c2nc(ccc2F)C(=O)Nc3cnccc3[C@@H]4C[C@H](C)[C@H](OC)[C@H](N)C4,8.48
333,CHEMBL3691963,C[C@H]1C[C@H](C[C@@H](N)[C@H]1n2ccnn2)c3ccncc3NC(=O)c4ccc(F)c(n4)c5c(F)cc(cc5F)C6(O)CCOCC6,8.5
334,CHEMBL3652640,Cn1ncc(NC(=O)c2nc(ccc2N)c3ccccc3F)c1N4CCC[C@H](N)CC4,8.5
335,CHEMBL3691967,C[C@H]1C[C@H](C[C@@H](N)[C@H]1OCCC#N)c2ccncc2NC(=O)c3ccc(F)c(n3)c4c(F)cc(OC5CCOCC5)cc4F,8.51
336,CHEMBL3651945,CC1(C)C[C@H](N)C[C@@H](C1)c2ccncc2NC(=O)c3ccc(F)c(n3)c4c(F)cccc4F,8.52
337,CHEMBL3676281,CC[C@@H]1C[C@H](N)CN(C1)c2ccncc2NC(=O)c3csc(n3)c4c(F)cccc4F,8.52
338,CHEMBL585182,CN(C)CC1=Nc2c(sc3ccc(cc23)c4ccc(O)cc4)C(=O)N1,8.52
339,CHEMBL572783,CN(C)CC1=Nc2c(sc3ccc(cc23)c4ccc[nH]4)C(=O)N1,8.52
340,CHEMBL575461,CN(C)CC1=Nc2c(sc3ccc(cc23)c4cccnc4)C(=O)N1,8.52
341,CHEMBL3691927,CO[C@@H]1[C@@H](C)C[C@H](C[C@H]1N)c2ccncc2NC(=O)c3ccc(F)c(n3)c4c(F)cc(OC)cc4F,8.52
342,CHEMBL3687511,CO[C@H]1[C@@H](C)C[C@H](C[C@H]1N)c2ccncc2NC(=O)c3ccc(F)c(n3)c4c(F)cc(OC(C)C)cc4F,8.52
343,CHEMBL3651923,C[C@@H]1C[C@H](N)C[C@@H](C1)c2ccncc2NC(=O)c3ccc(F)c(n3)c4c(F)ccc(C)c4F,8.52
344,CHEMBL3652023,C[C@@H]1C[C@H](N)C[C@@H](C1)c2ccncc2NC(=O)c3ccc(F)c(n3)c4c(F)ccc(F)c4F,8.52
345,CHEMBL3651955,C[C@@H]1C[C@H](N)C[C@@H](C1)c2ccncc2NC(=O)c3ccc(F)c(n3)c4cc(C)ccc4F,8.52
346,CHEMBL3651932,C[C@@H]1C[C@H](N)C[C@@H](C1)c2ccncc2NC(=O)c3cccc(n3)c4c(F)cc(O)cc4F,8.52
347,CHEMBL3651959,C[C@@H]1C[C@H](N)C[C@@H](C1)c2ccncc2NC(=O)c3cccc(n3)c4c(F)cccc4F,8.52
348,CHEMBL3651912,C[C@H]1CN(C[C@@H](N)[C@@H]1O)c2ccncc2NC(=O)c3ccc(F)c(n3)C4CCCCC4,8.52
349,CHEMBL3676292,C[C@H]1CN(C[C@@H](N)[C@@H]1O)c2ccncc2NC(=O)c3csc(n3)c4c(F)cccc4F,8.52
350,CHEMBL3652008,C[C@H]1CN(C[C@@H](O)[C@@H]1O)c2ccncc2NC(=O)c3ccc(F)c(n3)c4ccccc4F,8.52
351,CHEMBL3651900,C[C@H]1C[C@H](C[C@@H](N)[C@@H]1O)c2ccncc2NC(=O)c3ccc(F)c(n3)c4c(F)cc(O)cc4F,8.52
352,CHEMBL3651946,C[C@H]1C[C@H](C[C@@H](N)[C@@H]1O)c2ccncc2NC(=O)c3ccc(F)c(n3)c4c(F)cccc4F,8.52
353,CHEMBL3651948,C[C@H]1C[C@H](C[C@@H](N)[C@@H]1O)c2ccncc2NC(=O)c3cccc(n3)c4c(F)cccc4F,8.52
354,CHEMBL3651936,C[C@H]1C[C@H](C[C@@H](N)[C@H]1O)c2ccncc2NC(=O)c3ccc(F)c(n3)c4c(F)ccc(C)c4F,8.52
355,CHEMBL3651981,C[C@H]1C[C@H](C[C@@H](N)[C@H]1O)c2ccncc2NC(=O)c3ccc(F)c(n3)c4c(F)cccc4F,8.52
356,CHEMBL3651972,C[C@H]1C[C@H](C[C@@H](N)[C@H]1O)c2ccncc2NC(=O)c3cccc(n3)c4c(F)cccc4F,8.52
357,CHEMBL3651989,C[C@H]1C[C@H](C[C@@H](N)[C@H]1O)c2ccncc2NC(=O)c3nc(ccc3N)c4c(F)cccc4F,8.52
358,CHEMBL3687447,C[C@H]1C[C@H](C[C@@H](N)[C@H]1S(=O)(=O)C)c2ccncc2NC(=O)c3ccc(F)c(n3)c4c(F)cccc4F,8.52
359,CHEMBL3393704,Fc1cccc(F)c1c2ccc3[nH]nc(c4cncc(OC5CNCCC56CC6)n4)c3c2,8.52
360,CHEMBL3676272,NC1CC(CF)CN(C1)c2ccncc2NC(=O)c3csc(n3)c4c(F)cccc4F,8.52
361,CHEMBL3676271,NC1CC(CN(C1)c2ccncc2NC(=O)c3csc(n3)c4c(F)cccc4F)C(F)(F)F,8.52
362,CHEMBL3634779,NC1CCN(CC1)c2cncc(n2)c3cc4c(n[nH]c4cn3)c5ccccc5F,8.52
363,CHEMBL3634780,NCCNc1cccc(n1)c2n[nH]c3cnc(cc23)c4cccnc4,8.52
364,CHEMBL3676262,N[C@@H]1CN(CC[C@@H]1O)c2ccncc2NC(=O)c3csc(n3)c4c(F)cccc4F,8.52
365,CHEMBL3676289,N[C@H]1CCC[C@H](C1)c2ccncc2NC(=O)c3nc(sc3N)c4c(F)cccc4F,8.52
366,CHEMBL3676283,N[C@H]1C[C@H](CN(C1)c2ccncc2NC(=O)c3csc(n3)c4c(F)cccc4F)C(F)(F)F,8.52
367,CHEMBL573012,O[C@H]1CCN(CC2=Nc3c(sc4ccc(cc34)c5ccsc5)C(=O)N2)C1,8.52
368,CHEMBL3687472,CO[C@@H]1[C@@H](C)C[C@H](C[C@H]1N)c2ccncc2NC(=O)c3ccc(F)c(n3)c4c(F)cc(C)cc4F,8.54
369,CHEMBL3691982,COC(=O)N[C@H]1[C@@H](C)CN(C[C@H]1N)c2ccncc2NC(=O)c3ccc(F)c(n3)c4c(F)cc(cc4F)C5(F)CCOCC5,8.55
370,CHEMBL3691971,C[C@H]1C[C@H](C[C@@H](N)[C@H]1n2cc(nn2)C(=C)C)c3ccncc3NC(=O)c4ccc(F)c(n4)c5c(F)cccc5F,8.55
371,CHEMBL2387468,Oc1cc(Cc2ccc(cc2)C#N)nc3c(cnn13)C(=O)Nc4c[nH]c5ncccc45,8.55
372,CHEMBL3691957,COC(=O)N[C@H]1[C@@H](C)CN(C[C@H]1N)c2ccncc2NC(=O)c3ccc(F)c(n3)c4c(F)cc(OC)cc4F,8.57
373,CHEMBL3691924,C[C@H]1C[C@H](C[C@@H](N)[C@@H]1OCCS(=O)(=O)C)c2ccncc2NC(=O)c3ccc(F)c(n3)c4c(F)cc(OC5CCOCC5)cc4F,8.57
374,CHEMBL3691980,CC(C)NC(=O)c1ccc(F)c(c1)c2ccc(N)c(n2)C(=O)Nc3cnccc3[C@@H]4C[C@H](C)[C@@H]([C@H](N)C4)n5ccnn5,8.59
375,CHEMBL3687535,CO[C@@H]1[C@@H](C)C[C@H](C[C@H]1N)c2ccncc2NC(=O)c3nc(ccc3N)c4cc(ccc4F)C(=O)NC(C)C,8.59
376,CHEMBL3687489,CO[C@H]1[C@@H](C)C[C@H](C[C@H]1N)c2ccncc2NC(=O)c3nc(ncc3N)c4c(F)cccc4F,8.59
377,CHEMBL3687431,C[C@H]1CN(C[C@@H](N)[C@H]1NS(=O)(=O)C)c2ccncc2NC(=O)c3ccc(F)c(n3)c4c(F)cccc4F,8.59
378,CHEMBL3691915,C[C@H]1CN(C[C@@H](N)[C@H]1n2ccnn2)c3ccncc3NC(=O)c4csc(n4)c5c(F)cccc5F,8.59
379,CHEMBL3691914,COCCOc1cc(F)c(c(F)c1)c2nc(ccc2F)C(=O)Nc3cnccc3[C@@H]4C[C@H](C)[C@H](OCCS(=O)(=O)C)[C@H](N)C4,8.6
380,CHEMBL3687414,C[C@H]1C[C@H](C[C@@H](N)[C@H]1n2ccnn2)c3ccncc3NC(=O)c4ccc(F)c(n4)c5c(F)cccc5F,8.6
381,CHEMBL3652625,Cn1ncc(NC(=O)c2nc(ccc2N)c3ccccc3F)c1N4CCC[C@@H](N)C4,8.6
382,CHEMBL3691913,C[C@H]1C[C@H](C[C@@H](N)[C@H]1OCCS(=O)(=O)C)c2ccncc2NC(=O)c3ccc(F)c(n3)c4c(F)cc(cc4F)C5(F)CCOCC5,8.61
383,CHEMBL3687525,C[C@H]1C[C@H](C[C@@H](N)[C@H]1S(=O)(=O)C)c2ccncc2NC(=O)c3nc(sc3N)c4c(F)cccc4F,8.61
384,CHEMBL3687506,CO[C@H]1[C@@H](C)C[C@H](C[C@H]1N)c2ccncc2NC(=O)c3ccc(F)c(n3)c4c(F)cc(cc4F)C5(F)CCOCC5,8.62
385,CHEMBL3687498,CCO[C@H]1[C@@H](C)C[C@H](C[C@H]1N)c2ccncc2NC(=O)c3ccc(F)c(n3)c4c(F)cccc4F,8.63
386,CHEMBL3687504,CO[C@H]1[C@@H](C)C[C@H](C[C@H]1N)c2ccncc2NC(=O)c3ccc(F)c(n3)c4c(F)cc(cc4F)C5CCS(=O)(=O)CC5,8.63
387,CHEMBL3687518,C[C@H]1C[C@H](C[C@@H](N)[C@H]1S(=O)(=O)C)c2ccncc2NC(=O)c3ccc(F)c(n3)c4c(F)cc(cc4F)C5(O)CCC5,8.63
388,CHEMBL3687501,CCO[C@H]1[C@@H](C)C[C@H](C[C@H]1N)c2ccncc2NC(=O)c3ccc(F)c(n3)c4c(F)cc(C)cc4F,8.65
389,CHEMBL3691939,CCOCc1cc(F)c(c(F)c1)c2nc(ccc2F)C(=O)Nc3cnccc3[C@@H]4C[C@H](C)[C@@H]([C@H](N)C4)n5ccnn5,8.66
390,CHEMBL3639908,COC(=O)N[C@H]1[C@@H](C)CN(C[C@H]1N)c2ccncc2NC(=O)c3nc(ccc3N)c4cc(ccc4F)C(=O)NC(C)C,8.66
391,CHEMBL3687512,CO[C@H]1[C@@H](C)C[C@H](C[C@H]1N)c2ccncc2NC(=O)c3ccc(F)c(n3)c4c(F)cc(C)cc4F,8.66
392,CHEMBL3634768,Cn1cc(cn1)c2cc3c(n[nH]c3cn2)c4cccc(n4)C5CCNCC5,8.66
393,CHEMBL2387469,O=C(Nc1c[nH]c2ncccc12)c3cnn4ccc(NCCc5ccccc5)nc34,8.66
394,CHEMBL3691959,COC(=O)N[C@H]1[C@@H](C)C[C@H](C[C@H]1N)c2ccncc2NC(=O)c3nc(c(F)cc3N)c4c(F)cccc4F,8.67
395,CHEMBL3652630,Cn1ncc(NC(=O)c2nc(cnc2N)c3ccccc3F)c1N4CCC[C@H](N)C4,8.67
396,CHEMBL3691965,C[C@H]1C[C@H](C[C@@H](N)[C@H]1n2ccnn2)c3ccncc3NC(=O)c4ccc(F)c(n4)c5c(F)cc(C)cc5F,8.68
397,CHEMBL3691935,C[C@H]1CN(C[C@@H](N)[C@H]1n2ccnn2)c3ccncc3NC(=O)c4ccc(F)c(n4)c5c(F)cc(cc5F)C6(F)CCOCC6,8.69
398,CHEMBL3691968,C[C@H]1C[C@H](C[C@@H](N)[C@H]1OCCC#N)c2ccncc2NC(=O)c3ccc(F)c(n3)c4c(F)cc(cc4F)C5(O)CCC5,8.69
399,CHEMBL1915647,CC(C)NC(=O)c1cccc2c3cnccc3c(Nc4ccccc4Cl)nc12,8.7
400,CHEMBL3652016,CC1(C)C[C@H](N)C[C@@H](C1)c2ccncc2NC(=O)c3ccc(F)c(n3)c4c(F)cc(O)cc4F,8.7
401,CHEMBL3809623,CCCCNc1nc2c(cccc2nc1C)c3cc4C(=O)NCCc4[nH]3,8.7
402,CHEMBL3808459,CCCNc1nc2c(cccc2nc1C)c3cc4C(=O)NCCc4[nH]3,8.7
403,CHEMBL1915646,CCNC(=O)c1cccc2c3cnccc3c(Nc4ccccc4Cl)nc12,8.7
404,CHEMBL576387,CN(C)CC1=Nc2c(sc3ccc(\C=C\C4CC4)cc23)C(=O)N1,8.7
405,CHEMBL574169,CN(C)CC1=Nc2c(sc3ccc(cc23)c4ccc(N)cc4)C(=O)N1,8.7
406,CHEMBL575463,CN(C)CC1=Nc2c(sc3ccc(cc23)c4ccc(OCC(O)CO)cc4)C(=O)N1,8.7
407,CHEMBL575263,CN(C)CC1=Nc2c(sc3ccc(cc23)c4ccsc4)C(=O)N1,8.7
408,CHEMBL1914471,CNC(=O)c1cccc2c3cnccc3c(Nc4c(F)cccc4F)nc12,8.7
409,CHEMBL3687536,CO[C@@H]1[C@@H](C)C[C@H](C[C@H]1N)c2ccncc2NC(=O)c3ccc(F)c(n3)c4c(F)cc(cc4F)C5(F)CCOCC5,8.7
410,CHEMBL3652003,COc1cc(F)c(c(F)c1)c2cccc(n2)C(=O)Nc3cnccc3[C@H]4C[C@@H](N)C[C@H](C4)C(F)(F)F,8.7
411,CHEMBL3651941,COc1ccc(F)c(c1)c2nc(ccc2F)C(=O)Nc3cnccc3[C@@H]4C[C@H](C)C[C@H](N)C4,8.7
412,CHEMBL3676284,C[C@@H]1C[C@H](N)CN(C1)c2ccncc2NC(=O)c3csc(n3)c4c(F)cccc4F,8.7
413,CHEMBL3651966,C[C@@H]1C[C@H](N)C[C@@H](C1)c2ccncc2NC(=O)c3ccc(F)c(n3)c4c(F)cccc4F,8.7
414,CHEMBL3651942,C[C@@H]1C[C@H](N)C[C@@H](C1)c2ccncc2NC(=O)c3ccc(F)c(n3)c4cc(O)ccc4F,8.7
415,CHEMBL3651938,C[C@@H]1C[C@H](N)C[C@@H](C1)c2ccncc2NC(=O)c3nc(ccc3F)c4c(F)cc(O)cc4F,8.7
416,CHEMBL3651918,C[C@H]1CN(C[C@@H](N)[C@@H]1O)c2ccncc2NC(=O)c3ccc(F)c(n3)c4c(F)ccc(C)c4F,8.7
417,CHEMBL3651921,C[C@H]1CN(C[C@@H](N)[C@@H]1O)c2ccncc2NC(=O)c3ccc(F)c(n3)c4ccccc4F,8.7
418,CHEMBL3651922,C[C@H]1CN(C[C@@H](N)[C@@H]1O)c2ccncc2NC(=O)c3cccc(n3)c4c(F)cccc4F,8.7
419,CHEMBL3651920,C[C@H]1CN(C[C@@H](N)[C@@H]1O)c2ccncc2NC(=O)c3nc(ccc3F)c4c(F)cccc4F,8.7
420,CHEMBL3652009,C[C@H]1CN(C[C@@H](O)[C@@H]1O)c2ccncc2NC(=O)c3cccc(n3)c4c(F)cccc4F,8.7
421,CHEMBL3651940,C[C@H]1C[C@H](C[C@@H](N)[C@@H]1O)c2ccncc2NC(=O)c3ccc(F)c(n3)c4c(F)ccc(C)c4F,8.7
422,CHEMBL3810085,Cc1nc2cccc(c3cc4C(=O)NCCc4[nH]3)c2nc1Nc5ccccc5,8.7
423,CHEMBL2017323,Clc1ccccc1Nc2nc3c(cccc3c4sccc24)c5nnc[nH]5,8.7
424,CHEMBL2387479,F[C@@H]1CNCC[C@H]1CNc2ccn3ncc(C(=O)Nc4c[nH]c5ncccc45)c3n2,8.7
425,CHEMBL2017348,Fc1ccc(Nc2nc3c(cccc3c4sccc24)c5nnc[nH]5)c(F)c1,8.7
426,CHEMBL2017324,Fc1ccccc1Nc2nc3c(cccc3c4sccc24)c5nnc[nH]5,8.7
427,CHEMBL3676285,N[C@H]1CCCN(C1)c2ccncc2NC(=O)c3nc(sc3N)c4c(F)cccc4F,8.7
428,CHEMBL3652018,N[C@H]1CCC[C@H](C1)c2ccncc2NC(=O)c3ccc(F)c(n3)c4c(F)ccc(O)c4F,8.7
429,CHEMBL583187,O[C@H]1CCN(CC2=Nc3c(sc4ccc(cc34)c5ccc(O)cc5)C(=O)N2)C1,8.7
430,CHEMBL1915445,Oc1ccc(Nc2nc3c(cccc3c4cnccc24)c5nnc[nH]5)c(Cl)c1,8.7
431,CHEMBL3687452,C[C@H]1C[C@H](C[C@@H](N)C12OCCO2)c3ccncc3NC(=O)c4ccc(F)c(n4)c5c(F)cccc5F,8.71
432,CHEMBL3691961,COC(=O)N[C@H]1[C@@H](C)CN(C[C@H]1N)c2ccncc2NC(=O)c3ccc(F)c(n3)c4c(F)cc(cc4F)C5(O)CCOCC5,8.72
433,CHEMBL3691944,C[C@H]1CN(C[C@@H](N)[C@H]1n2ccnn2)c3ccncc3NC(=O)c4ccc(F)c(n4)c5c(F)cc(cc5F)C6(O)CCOCC6,8.72
434,CHEMBL3691928,COc1cc(F)c(c(F)c1)c2nc(ccc2F)C(=O)Nc3cnccc3[C@@H]4C[C@H](C)[C@H](OCCS(=O)(=O)C)[C@H](N)C4,8.73
435,CHEMBL3691947,C[C@H]1C[C@H](C[C@@H](N)[C@H]1OCCC#N)c2ccncc2NC(=O)c3ccc(F)c(n3)c4c(F)cc(cc4F)C5COC5,8.74
436,CHEMBL3687534,CCOCc1cc(F)c(c(F)c1)c2nc(ccc2F)C(=O)Nc3cnccc3[C@@H]4C[C@H](C)[C@H](OCCS(=O)(=O)C)[C@H](N)C4,8.75
437,CHEMBL3691977,COc1cc(F)c(c(F)c1)c2nc(ccc2F)C(=O)Nc3cnccc3N4C[C@H](C)[C@@H]([C@H](N)C4)n5ccnn5,8.75
438,CHEMBL3687427,COCc1cn(nn1)[C@H]2[C@@H](C)CN(C[C@H]2N)c3ccncc3NC(=O)c4ccc(F)c(n4)c5c(F)cccc5F,8.76
439,CHEMBL3687508,CO[C@H]1[C@@H](C)C[C@H](C[C@H]1N)c2ccncc2NC(=O)c3ccc(F)c(n3)c4c(F)cc(cc4F)C5(O)CCC5,8.76
440,CHEMBL3691931,CC(C)Oc1cc(F)c(c(F)c1)c2nc(ccc2F)C(=O)Nc3cnccc3N4C[C@H](C)[C@@H]([C@H](N)C4)n5ccnn5,8.77
441,CHEMBL3687481,CCO[C@H]1[C@@H](C)C[C@H](C[C@H]1N)c2ccncc2NC(=O)c3nc(sc3N)c4c(F)cccc4F,8.77
442,CHEMBL3691956,C[C@H]1C[C@H](C[C@@H](N)[C@H]1n2ccnn2)c3ccncc3NC(=O)c4ccc(F)c(n4)c5c(F)cc(cc5F)C6(O)CCC6,8.77
443,CHEMBL3634777,Fc1ccccc1c2n[nH]c3cnc(cc23)c4cnccc4O[C@@H]5CCCNC5,8.77
444,CHEMBL3691986,CCOCc1cc(F)c(c(F)c1)c2nc(ccc2F)C(=O)Nc3cnccc3N4C[C@H](C)[C@H](NC(=O)OC)[C@H](N)C4,8.78
445,CHEMBL3691946,COC(=O)N[C@H]1[C@@H](C)CN(C[C@H]1N)c2ccncc2NC(=O)c3ccc(F)c(n3)c4c(F)cc(cc4F)C5COC5,8.78
446,CHEMBL3652627,Cn1ncc(NC(=O)c2nc(ccc2N)c3ccccc3F)c1N4CCCC(N)CC4,8.78
447,CHEMBL3687519,CC(C)NC(=O)c1ccc(F)c(c1)c2ccc(N)c(n2)C(=O)Nc3cnccc3[C@@H]4C[C@H](C)[C@@H]([C@H](N)C4)S(=O)(=O)C,8.79
448,CHEMBL3691978,C[C@H]1CN(C[C@@H](N)[C@H]1n2ccnn2)c3ccncc3NC(=O)c4nc(c(F)cc4N)c5c(F)cccc5F,8.81
449,CHEMBL3687468,COC(=O)N(C)[C@H]1[C@@H](C)CN(C[C@H]1N)c2ccncc2NC(=O)c3ccc(F)c(n3)c4c(F)cc(C)cc4F,8.82
450,CHEMBL3639863,CO[C@@H]1[C@@H](C)C[C@H](C[C@H]1N)c2ccncc2NC(=O)c3ccc(F)c(n3)c4c(F)cc(cc4F)C5(O)CCOCC5,8.82
451,CHEMBL3393719,CS(=O)(=O)c1ccc(c(F)c1)c2ccc3[nH]nc(c4cncc(O[C@H]5CNCCC56CC6)n4)c3c2,8.82
452,CHEMBL3687466,C[C@H]1CN(C[C@@H](N)[C@H]1n2cncn2)c3ccncc3NC(=O)c4ccc(F)c(n4)c5c(F)cccc5F,8.82
453,CHEMBL3687532,C[C@H]1C[C@H](C[C@@H](N)[C@H]1Oc2ccccn2)c3ccncc3NC(=O)c4ccc(F)c(n4)c5c(F)cccc5F,8.82
454,CHEMBL3691920,CCOCc1cc(F)c(c(F)c1)c2nc(ccc2F)C(=O)Nc3cnccc3[C@@H]4C[C@H](C)[C@@H](OC)[C@H](N)C4,8.83
455,CHEMBL3691916,COCCOc1cc(F)c(c(F)c1)c2nc(ccc2F)C(=O)Nc3cnccc3C4C[C@H](C)[C@@H]([C@H](N)C4)n5ccnn5,8.84
456,CHEMBL3687487,C[C@H]1C[C@H](C[C@@H](N)[C@H]1OCCS(=O)(=O)C)c2ccncc2NC(=O)c3ccc(F)c(n3)c4c(F)cccc4F,8.84
457,CHEMBL3687505,CO[C@H]1[C@@H](C)C[C@H](C[C@H]1N)c2ccncc2NC(=O)c3ccc(F)c(n3)c4c(F)cc(cc4F)C(C)C,8.86
458,CHEMBL3687420,C[C@H]1CN(C[C@@H](N)[C@H]1n2cc(C)nn2)c3ccncc3NC(=O)c4ccc(F)c(n4)c5c(F)cccc5F,8.86
459,CHEMBL3687483,C[C@H]1C[C@H](C[C@@H](N)[C@H]1OCCS(=O)(=O)C)c2ccncc2NC(=O)c3ccc(F)c(n3)c4c(F)cc(C)cc4F,8.86
460,CHEMBL3687507,CO[C@H]1[C@@H](C)C[C@H](C[C@H]1N)c2ccncc2NC(=O)c3ccc(F)c(n3)c4c(F)cc(cc4F)C(C)(C)O,8.88
461,CHEMBL2387472,Fc1cccc(F)c1c2ccc3[nH]cc(NC(=O)c4cnn5ccc(NCC6CCNCC6)nc45)c3c2,8.89
462,CHEMBL3393708,Fc1ccccc1c2ccc3[nH]nc(c4cncc(O[C@H]5CNCCC56CC6)n4)c3c2,8.89
463,CHEMBL3634759,Cn1cc(cn1)c2cc3c(n[nH]c3cn2)c4cccc(c4)N5CCC[C@@H](N)C5,8.9
464,CHEMBL3691922,CO[C@@H]1[C@@H](C)C[C@H](C[C@H]1N)c2ccncc2NC(=O)c3ccc(F)c(n3)c4c(F)cc(cc4F)C5(O)CCC5,8.91
465,CHEMBL3687418,C[C@H]1CN(C[C@@H](N)[C@H]1n2ccnn2)c3ccncc3NC(=O)c4ccc(F)c(n4)c5c(F)cccc5F,8.91
466,CHEMBL3691923,C[C@H]1C[C@H](C[C@@H](N)[C@@H]1OCCS(=O)(=O)C)c2ccncc2NC(=O)c3ccc(F)c(n3)c4c(F)cc(cc4F)C5(O)CCC5,8.91
467,CHEMBL3687527,C[C@H]1C[C@H](C[C@@H](N)[C@H]1OCCS(=O)(=O)C)c2ccncc2NC(=O)c3ccc(F)c(n3)c4c(F)cc(cc4F)C5(O)CCOCC5,8.91
468,CHEMBL3687537,CC(C)NC(=O)c1ccc(F)c(c1)c2ccc(N)c(n2)C(=O)Nc3cnccc3[C@@H]4C[C@H](C)[C@H](OCCS(=O)(=O)C)[C@H](N)C4,8.92
469,CHEMBL3691941,CCOCc1cc(F)c(c(F)c1)c2nc(ccc2F)C(=O)Nc3cnccc3N4C[C@H](C)[C@@H]([C@H](N)C4)n5ccnn5,8.92
470,CHEMBL3687459,C[C@H]1C[C@H](C[C@@H](N)[C@H]1n2cncn2)c3ccncc3NC(=O)c4ccc(F)c(n4)c5c(F)cccc5F,8.92
471,CHEMBL3691925,CC(C)Oc1cc(F)c(c(F)c1)c2nc(ccc2F)C(=O)Nc3cnccc3[C@@H]4C[C@H](C)[C@H](OCCS(=O)(=O)C)[C@H](N)C4,8.93
472,CHEMBL3687479,CO[C@@H]1[C@@H](C)C[C@H](C[C@H]1N)c2ccncc2NC(=O)c3nc(sc3N)c4c(F)cccc4F,8.93
473,CHEMBL3687476,C[C@H]1CN(C[C@@H](N)[C@H]1n2cc(CO)nn2)c3ccncc3NC(=O)c4ccc(F)c(n4)c5c(F)cccc5F,8.93
474,CHEMBL3691949,COc1cc(F)c(c(F)c1)c2nc(ccc2F)C(=O)Nc3cnccc3[C@@H]4C[C@H](C)[C@H](OCCC#N)[C@H](N)C4,8.95
475,CHEMBL3687495,C[C@H]1C[C@H](C[C@@H](N)[C@H]1OCCC#N)c2ccncc2NC(=O)c3ccc(F)c(n3)c4c(F)cccc4F,8.95
476,CHEMBL3691943,COC(=O)N[C@H]1[C@@H](C)CN(C[C@H]1N)c2ccncc2NC(=O)c3ccc(F)c(n3)c4c(F)cc(OC5CCOCC5)cc4F,8.96
477,CHEMBL3393706,Fc1cccc(F)c1c2ccc3[nH]nc(c4cncc(O[C@H]5CNCCC56CC6)n4)c3c2,8.96
478,CHEMBL3634775,NC(=O)Nc1cc2c(n[nH]c2cn1)c3cccc(n3)N4CCNCC4,8.96
479,CHEMBL3687471,COC(=O)N(C)[C@H]1[C@@H](C)CN(C[C@H]1N)c2ccncc2NC(=O)c3ccc(F)c(n3)c4c(F)cccc4F,8.97
480,CHEMBL3687509,CO[C@H]1[C@@H](C)C[C@H](C[C@H]1N)c2ccncc2NC(=O)c3ccc(F)c(n3)c4c(F)cc(cc4F)C5CCOCC5,8.97
481,CHEMBL3691938,C[C@H]1C[C@H](C[C@@H](N)[C@H]1n2ccnn2)c3ccncc3NC(=O)c4nc(sc4N)c5c(F)cccc5F,8.98
482,CHEMBL3691921,CO[C@@H]1[C@@H](C)C[C@H](C[C@H]1N)c2ccncc2NC(=O)c3ccc(F)c(n3)c4c(F)cc(OC5CCOCC5)cc4F,8.99
483,CHEMBL1915633,COc1cccc(Nc2nc3c(cccc3c4cnccc24)c5nnc[nH]5)c1Cl,9.0
484,CHEMBL3703184,CSc1ncc2ccc3c(cn([C@@H]4CC[C@H](N)CC4)c3c2n1)C(=O)N,9.0
485,CHEMBL3652022,C[C@@H]1C[C@H](N)C[C@@H](C1)c2ccncc2NC(=O)c3ccc(F)c(n3)c4c(F)cc(O)cc4F,9.0
486,CHEMBL3652019,C[C@@H]1C[C@H](N)C[C@@H](C1)c2ccncc2NC(=O)c3ccc(F)c(n3)c4c(F)ccc(O)c4F,9.0
487,CHEMBL3651899,C[C@H]1CN(C[C@@H](N)[C@@H]1O)c2ccncc2NC(=O)c3ccc(F)c(n3)c4c(F)cc(O)cc4F,9.0
488,CHEMBL3105022,C[C@H]1CN(C[C@@H](N)[C@@H]1O)c2ccncc2NC(=O)c3ccc(F)c(n3)c4c(F)cccc4F,9.0
489,CHEMBL3105021,C[C@H]1CN(C[C@@H](N)[C@@H]1O)c2ccncc2NC(=O)c3nc(c(F)cc3N)c4c(F)cccc4F,9.0
490,CHEMBL3652010,C[C@H]1CN(C[C@@H](O)[C@@H]1O)c2ccncc2NC(=O)c3ccc(F)c(n3)c4c(F)cccc4F,9.0
491,CHEMBL3687474,C[C@H]1C[C@H](C[C@@H](N)[C@H]1OCCC#N)c2ccncc2NC(=O)c3nc(sc3N)c4c(F)cccc4F,9.0
492,CHEMBL3652015,C[C@H]1C[C@H](C[C@@H](O)[C@@H]1O)c2ccncc2NC(=O)c3nc(c(F)cc3N)c4c(F)cccc4F,9.0
493,CHEMBL3808445,Cc1nc2cccc3c4cc5C(=O)NC[C@@H](C\C=C/CNc1nc23)c5[nH]4,9.0
494,CHEMBL3809044,Cc1nc2cccc3c4cc5C(=O)NC[C@@H](C\C=C\CNc1nc23)c5[nH]4,9.0
495,CHEMBL1915636,Fc1cccc(F)c1Nc2nc3c(cccc3c4cnccc24)c5nnc[nH]5,9.0
496,CHEMBL3652004,N[C@@H]1C[C@@H](C[C@@H](C1)C(F)(F)F)c2ccncc2NC(=O)c3nc(c(F)cc3N)c4c(F)cccc4F,9.0
497,CHEMBL3652006,N[C@@H]1C[C@@H](C[C@@H](C1)C(F)(F)F)c2ccncc2NC(=O)c3nc(ccc3N)c4c(F)cccc4F,9.0
498,CHEMBL3651994,N[C@H]1CCC[C@H](C1)c2ccncc2NC(=O)c3nc(c(F)cc3N)c4c(F)cccc4F,9.0
499,CHEMBL3354518,Nc1sc(nc1C(=O)Nc2cnccc2O[C@H]3CCNC3)c4c(F)cccc4F,9.0
500,CHEMBL3687491,COC(=O)N[C@H]1[C@@H](C)CN(C[C@H]1N)c2ccncc2NC(=O)c3ccc(F)c(n3)c4c(F)cccc4F,9.05
501,CHEMBL3691929,CO[C@@H]1[C@@H](C)C[C@H](C[C@H]1N)c2ccncc2NC(=O)c3nc(c(F)cc3N)c4c(F)cccc4F,9.05
502,CHEMBL573463,O[C@H]1CCN(CC2=Nc3c(sc4ccc(\C=C\C5CC5)cc34)C(=O)N2)C1,9.05
503,CHEMBL3691945,C[C@H]1CN(C[C@@H](N)[C@H]1n2ccnn2)c3ccncc3NC(=O)c4ccc(F)c(n4)c5c(F)cc(C)cc5F,9.06
504,CHEMBL3687430,C[C@H]1CN(C[C@@H](N)[C@H]1N)c2ccncc2NC(=O)c3ccc(F)c(n3)c4c(F)cccc4F,9.07
505,CHEMBL3687482,COC(=O)N[C@H]1[C@@H](C)CN(C[C@H]1N)c2ccncc2NC(=O)c3nc(sc3N)c4c(F)cccc4F,9.08
506,CHEMBL3687490,COC(=O)N[C@H]1[C@@H](C)CN(C[C@H]1N)c2ccncc2NC(=O)c3ccc(F)c(n3)c4c(F)cc(C)cc4F,9.09
507,CHEMBL3691942,COC(=O)N[C@H]1[C@@H](C)CN(C[C@H]1N)c2ccncc2NC(=O)c3ccc(F)c(n3)c4c(F)cc(cc4F)C5(O)CCC5,9.09
508,CHEMBL3691932,COC(=O)N[C@H]1[C@@H](C)CN(C[C@H]1N)c2ccncc2NC(=O)c3ccc(F)c(n3)c4c(F)cc(OC(C)C)cc4F,9.1
509,CHEMBL3691926,CO[C@@H]1[C@@H](C)C[C@H](C[C@H]1N)c2ccncc2NC(=O)c3ccc(F)c(n3)c4c(F)cc(OC(C)C)cc4F,9.1
510,CHEMBL3691940,C[C@H]1CN(C[C@@H](N)[C@H]1n2ccnn2)c3ccncc3NC(=O)c4nc(sc4N)c5c(F)cccc5F,9.11
511,CHEMBL3691919,C[C@H]1C[C@H](C[C@@H](N)[C@H]1OCCS(=O)(=O)C)c2ccncc2NC(=O)c3nc(sc3N)c4c(F)cccc4F,9.11
512,CHEMBL3691960,C[C@H]1C[C@H](C[C@@H](N)[C@H]1n2ccnn2)c3ccncc3NC(=O)c4nc(c(F)cc4N)c5c(F)cccc5F,9.11
513,CHEMBL3687521,CC(C)NC(=O)c1ccc(F)c(c1)c2ccc(N)c(n2)C(=O)Nc3cnccc3[C@@H]4C[C@H](C)[C@H](OCCC#N)[C@H](N)C4,9.13
514,CHEMBL3687497,C[C@H]1CN(C[C@@H](N)[C@H]1N=[N+]=[N-])c2ccncc2NC(=O)c3ccc(F)c(n3)c4c(F)cccc4F,9.13
515,CHEMBL3691937,C[C@H]1C[C@H](C[C@@H](N)[C@H]1OCCC#N)c2ccncc2NC(=O)c3ccc(F)c(n3)c4c(F)cc(cc4F)C5(F)CCOCC5,9.13
516,CHEMBL3634756,Cn1cc(cn1)c2cc3c(n[nH]c3cn2)c4cccc(n4)N5CCC[C@@H](N)C5,9.14
517,CHEMBL3393717,Oc1ccc(c(F)c1)c2ccc3[nH]nc(c4cncc(O[C@H]5CNCCC56CC6)n4)c3c2,9.16
518,CHEMBL3687443,CS[C@H]1[C@@H](C)C[C@H](C[C@H]1N)c2ccncc2NC(=O)c3ccc(F)c(n3)c4c(F)cccc4F,9.17
519,CHEMBL3691958,COC(=O)N[C@H]1[C@@H](C)CN(C[C@H]1N)c2ccncc2NC(=O)c3nc(c(F)cc3N)c4c(F)cccc4F,9.19
520,CHEMBL2387475,Fc1cccc(F)c1c2cnc3[nH]cc(NC(=O)c4cnn5ccc(OCC6CCNCC6)nc45)c3c2,9.19
521,CHEMBL3687493,C[C@H]1C[C@H](C[C@@H](N)[C@H]1OCCC#N)c2ccncc2NC(=O)c3ccc(F)c(n3)c4c(F)cc(C)cc4F,9.2
522,CHEMBL3687492,CO[C@H]1[C@@H](C)C[C@H](C[C@H]1N)c2ccncc2NC(=O)c3nc(sc3N)c4c(F)cccc4F,9.21
523,CHEMBL3393720,CS(=O)(=O)Nc1ccc(c(F)c1)c2ccc3[nH]nc(c4cncc(O[C@H]5CNCCC56CC6)n4)c3c2,9.22
524,CHEMBL3393718,NC(=O)c1ccc(c(F)c1)c2ccc3[nH]nc(c4cncc(O[C@H]5CNCCC56CC6)n4)c3c2,9.22
525,CHEMBL3634770,Cn1cc(cn1)c2cc3c(n[nH]c3cn2)c4cccc(n4)N5CCNCC5,9.24
526,CHEMBL2387473,Fc1cccc(F)c1c2ccc3[nH]cc(NC(=O)c4cnn5ccc(NCC6CCNCC6)nc45)c3n2,9.28
527,CHEMBL3634781,C1CN(CCN1)c2cccc(n2)c3n[nH]c4cnc(cc34)c5cccnc5,9.3
528,CHEMBL3809691,C[C@H]1Nc2nc3c(cccc3nc2C)c4cc5C(=O)NC[C@H](C\C=C/1)c5[nH]4,9.3
529,CHEMBL3809463,Cc1nc2cccc3c4cc5C(=O)NC[C@H](C\C=C\CNc1nc23)c5[nH]4,9.3
530,CHEMBL3664634,FC1(COc2cccc3ccc(nc23)c4nnc5ccccn45)CCNCC1,9.3
531,CHEMBL3634761,CCn1cc(cn1)c2cc3c(n[nH]c3cn2)c4cccc(n4)N5CCNCC5,9.33
532,CHEMBL3691930,C[C@H]1C[C@H](C[C@@H](N)[C@H]1OCCS(=O)(=O)C)c2ccncc2NC(=O)c3nc(c(F)cc3N)c4c(F)cccc4F,9.33
533,CHEMBL3634757,Cn1cc(cn1)c2cc3c(n[nH]c3cn2)c4cccc(n4)N5CC[C@@H](N)C5,9.37
534,CHEMBL3809377,C[C@@H]1CC[C@H]2CNC(=O)c3cc([nH]c23)c4cccc5nc(C)c(NC1)nc45,9.4
535,CHEMBL3809127,C[C@H]1CCC[C@H]2CNC(=O)c3cc([nH]c23)c4cccc5nc(C)c(N1)nc45,9.4
536,CHEMBL3691950,C[C@H]1C[C@H](C[C@@H](N)[C@H]1OCCC#N)c2ccncc2NC(=O)c3nc(c(F)cc3N)c4c(F)cccc4F,9.4
537,CHEMBL3393716,Nc1ccc(c(F)c1)c2ccc3[nH]nc(c4cncc(O[C@H]5CNCCC56CC6)n4)c3c2,9.4
538,CHEMBL3652626,Cn1ncc(NC(=O)c2nc(sc2N)c3c(F)cccc3F)c1N4CCCC(N)CC4,9.5
539,CHEMBL3809986,C[C@@H]1Nc2nc3c(cccc3nc2C)c4cc5C(=O)NC[C@H](C\C=C\1)c5[nH]4,9.52
540,CHEMBL3809565,C[C@H]1CC[C@H]2CNC(=O)c3cc([nH]c23)c4cccc5nc(C)c(NC1)nc45,9.52
541,CHEMBL3634782,Cc1cncc(c1)c2cc3c(n[nH]c3cn2)c4cccc(n4)N5CCNCC5,9.52
542,CHEMBL3634758,Cn1cc(cn1)c2cc3c(n[nH]c3cn2)c4cccc(n4)N5CCC[C@H](N)C5,9.59
543,CHEMBL3634772,C(C1CC1)n2cc(cn2)c3cc4c(n[nH]c4cn3)c5cccc(n5)N6CCNCC6,9.6
544,CHEMBL3810095,C[C@@H]1CCC[C@H]2CNC(=O)c3cc([nH]c23)c4cccc5nc(C)c(N1)nc45,9.7
545,CHEMBL3809940,C\C\1=C\C[C@H]2CNC(=O)c3cc([nH]c23)c4cccc5nc(C)c(NC1)nc45,9.7
546,CHEMBL3808942,Cc1nc2cccc3c4cc5C(=O)NC[C@@H](CCCCNc1nc23)c5[nH]4,9.7
547,CHEMBL3634767,Cn1cc(cn1)c2cc3c(n[nH]c3cn2)c4cccc(n4)N5CCCNCC5,9.77
548,CHEMBL2387474,Fc1cccc(F)c1c2cnc3[nH]cc(NC(=O)c4cnn5ccc(CCC6CCNCC6)nc45)c3c2,9.77
549,CHEMBL3652638,Cn1ncc(NC(=O)c2nc(sc2N)c3c(F)cccc3F)c1N4CCC[C@@H](N)CC4,9.78
550,CHEMBL3634769,CCN1C=NC=C(C1=O)c2cc3c(n[nH]c3cn2)c4cccc(n4)N5CCNCC5,9.84
551,CHEMBL3634771,N#CCn1cc(cn1)c2cc3c(n[nH]c3cn2)c4cccc(n4)N5CCNCC5,9.9
552,CHEMBL2387463,Fc1ccccc1c2cnc3[nH]cc(NC(=O)c4cnn5ccc(NCC6CCNCC6)nc45)c3c2,10.03
553,CHEMBL3634760,Cc1ccc(nc1N2CCC[C@H](N)C2)c3n[nH]c4cnc(cc34)c5cnn(C)c5,10.06
554,CHEMBL3808662,C\C\1=C/C[C@H]2CNC(=O)c3cc([nH]c23)c4cccc5nc(C)c(NC1)nc45,10.1
555,CHEMBL2387471,Fc1cccc(F)c1c2cnc3[nH]cc(NC(=O)c4cnn5ccc(NCC6CCNCC6)nc45)c3c2,10.12
556,CHEMBL3810121,Cc1nc2cccc3c4cc5C(=O)NC[C@H](C\C=C/CNc1nc23)c5[nH]4,10.15
557,CHEMBL3808887,C[C@H]1Nc2nc3c(cccc3nc2C)c4cc5C(=O)NC[C@H](C\C=C\1)c5[nH]4,10.3
558,CHEMBL3808669,Cc1nc2cccc3c4cc5C(=O)NC[C@H](CCCCNc1nc23)c5[nH]4,10.3
559,CHEMBL3634783,Cc1cncc(n1)c2cc3c(n[nH]c3cn2)c4cccc(n4)N5CCNCC5,10.31
560,CHEMBL2387465,F[C@H]1CNCC[C@@H]1CNc2ccn3ncc(C(=O)Nc4c[nH]c5ncc(cc45)c6c(F)cccc6F)c3n2,10.43
561,CHEMBL2387464,F[C@H]1CNCC[C@@H]1CNc2ccn3ncc(C(=O)Nc4c[nH]c5ncc(cc45)c6ccccc6F)c3n2,10.49
