,molecule_chembl_id,canonical_smiles,pchembl_value
0,ruboxistaurin,[H][C@@]1(CN(C)C)CCN2C=C(C3=CC=CC=C23)C2=C(C(=O)NC2=O)C2=CN(CCO1)C1=CC=CC=C21,7.92
1,CHEMBL3691966,COC(=O)N[C@H]1[C@@H](C)C[C@H](C[C@H]1N)c2ccncc2NC(=O)c3ccc(F)c(n3)c4c(F)cc(cc4F)C5COC5,7.53
2,CHEMBL3651985,C[C@H]1C[C@H](C[C@@H](N)[C@@H]1O)c2ccncc2NC(=O)c3ccc(F)c(n3)C4CCCCC4,7.54
3,CHEMBL3687446,C[C@H]1C[C@H](C[C@@H](N)[C@H]1[S+](C)[O-])c2ccncc2NC(=O)c3ccc(F)c(n3)c4c(F)cccc4F,7.54
4,CHEMBL3394071,Nc1cncc(n1)c2c[nH]c3ccc(cc23)c4nnc(N)s4,7.54
5,CHEMBL3652007,C[C@@H]1CN(C[C@H](N)[C@H]1O)c2ccncc2NC(=O)c3ccc(F)c(n3)c4c(F)cccc4F,7.55
6,CHEMBL1952136,FC(F)(F)c1cccc(c1)n2nnc3ccc(NCC4CC5(CCNCC5)C4)nc23,7.55
7,CHEMBL3652021,C[C@H]1C[C@H](C[C@@H](N)[C@@H]1O)c2ccncc2NC(=O)c3ccc(F)c(n3)c4cccc(c4F)C(F)(F)F,7.57
8,CHEMBL2048864,Clc1cccc(\C=C\2/SC(=O)NC2=O)c1N3CCNCC3,7.59
9,CHEMBL3354526,NC(=O)c1ccc(cc1)c2c[nH]c3ncnc(NCCO)c23,7.59
10,CHEMBL3627997,O=Cc1cn2CCCCCn3c4ccccc4c5ccc1c2c35,7.59
11,CHEMBL3691962,COC(=O)N[C@H]1[C@@H](C)C[C@H](C[C@H]1N)c2ccncc2NC(=O)c3ccc(F)c(n3)c4c(F)cc(cc4F)C5(O)CCOCC5,7.6
12,CHEMBL2147845,COc1ccc2C(=O)\C(=C\c3n[nH]c4ccccc34)\Oc2c1CN5CCNCC5,7.6
13,CHEMBL3691984,COC(=O)N[C@H]1[C@@H](C)C[C@H](C[C@H]1N)c2ccncc2NC(=O)c3ccc(F)c(n3)c4c(F)cc(cc4F)C5(F)CCOCC5,7.61
14,CHEMBL1241009,Brc1cccc2c3ccc4c(C=O)c[nH]c4c3[nH]c12,7.62
15,CHEMBL3652647,CCn1ncc(NC(=O)c2nc(sc2N)c3ccccc3F)c1N4CCC[C@@H](N)CC4,7.62
16,CHEMBL1952329,CN1CCC(CNc2ccc3ncc(c4cccc(OC(F)(F)F)c4)n3n2)CC1,7.62
17,CHEMBL3651950,C[C@@H]1C[C@H](N)C[C@@H](C1)c2ccncc2NC(=O)c3ccc(F)c(n3)[C@@H]4CC[C@H](O)CC4,7.62
18,CHEMBL3676269,NC1CC(CO)CN(C1)c2ccncc2NC(=O)c3csc(n3)c4c(F)cccc4F,7.62
19,CHEMBL3676282,N[C@@H]1C[C@H](CN(C1)c2ccncc2NC(=O)c3csc(n3)c4c(F)cccc4F)C(F)(F)F,7.62
20,CHEMBL1952125,FC(F)(F)Oc1cccc(c1)n2nnc3ccc(NC4CC5(CCNCC5)C4)nc23,7.64
21,CHEMBL2035620,Fc1ccc(C2=Nc3c(oc4ccc(Br)cc34)C(=O)N2)c(Cl)c1,7.64
22,CHEMBL2035622,Fc1cccc(Cl)c1C2=Nc3c(oc4ccc(Br)cc34)C(=O)N2,7.64
23,CHEMBL2387467,Oc1cc(Cc2ccc(cc2)C#N)nc3c(cnn13)C(=O)Nc4ccc(F)cc4,7.64
24,CHEMBL3691953,C[C@H]1C[C@H](C[C@@H](N)[C@H]1n2ccnn2)c3ccncc3NC(=O)c4csc(n4)c5c(F)cccc5F,7.65
25,CHEMBL3264253,CN(C)CCOc1cncc(n1)c2ccc3[nH]cc(c4ccnc(N)n4)c3c2,7.66
26,CHEMBL3687449,C[C@H]1C[C@H](C[C@@H](N)[C@H]1OP(=O)(C)C)c2ccncc2NC(=O)c3ccc(F)c(n3)c4c(F)cccc4F,7.66
27,CHEMBL3394070,Nc1nnc(s1)c2ccc3[nH]cc(c4cccc(NC5CCCCC5)n4)c3c2,7.66
28,CHEMBL1910894,Oc1ccc(cc1)c2ccc3c(c[nH]c3c2)c4ccc(cc4)N5CCNCC5,7.66
29,CHEMBL3814423,c1ccc2c(c1)[nH]c3c4[nH]c5ccccc5c4c6[nH]ncc6c23,7.66
30,CHEMBL3687423,COC(=O)N[C@H]1[C@@H](C)C[C@H](C[C@H]1N)c2ccncc2NC(=O)c3ccc(F)c(n3)c4c(F)cccc4F,7.68
31,CHEMBL2035625,COc1cccc(C2=Nc3c(oc4ccc(Br)cc34)C(=O)N2)c1Cl,7.68
32,CHEMBL3651986,C[C@@H]1C[C@H](N)C[C@@H](C1)c2ccncc2NC(=O)c3ccc(F)c(n3)C4CCCCC4,7.68
33,CHEMBL3793440,Nc1ccc(nc1C(=O)Nc2cnccc2c3ccncc3)c4ccccc4F,7.68
34,CHEMBL3393696,OC1CCN(CC1)c2cncc(n2)c3n[nH]c4ccc(cc34)c5c(F)cccc5F,7.68
35,CHEMBL3264255,CN(C)CCCOc1cncc(n1)c2ccc3[nH]cc(c4ccnc(N)n4)c3c2,7.69
36,CHEMBL2035627,Clc1cc(ccc1C2=Nc3c(oc4ccc(Br)cc34)C(=O)N2)C(=O)NCCN5CCCCC5,7.7
37,CHEMBL3676277,NC1CC(CN(C1)c2ccncc2NC(=O)c3csc(n3)C4CCCCC4)C(F)(F)F,7.7
38,CHEMBL2048866,N[C@@H]1CCCN(C1)c2c(Cl)cccc2\C=C\3/SC(=O)NC3=O,7.7
39,CHEMBL3103858,N[C@H]1CCCN(C1)c2ccncc2NC(=O)c3ncccc3N,7.7
40,CHEMBL3103857,N[C@H]1CCCN(C1)c2ccncc2NC(=O)c3nccnc3N,7.7
41,CHEMBL3326555,[O-][N+](=O)c1cc2[nH]ncc2c3c4ccccc4cnc13,7.7
42,CHEMBL3691985,CCOCc1cc(F)c(c(F)c1)c2nc(ccc2F)C(=O)Nc3cnccc3[C@@H]4C[C@H](C)[C@H](NC(=O)OC)[C@H](N)C4,7.71
43,CHEMBL3687424,C[C@H]1C[C@H](C[C@@H](N)C1=O)c2ccncc2NC(=O)c3ccc(F)c(n3)c4c(F)cccc4F,7.71
44,CHEMBL3685747,C[C@@H]1C[C@H](N)CN(C1)c2ccncc2Nc3cccc4cnc(nc34)c5c(F)cccc5F,7.72
45,CHEMBL3652646,Nc1sc(nc1C(=O)Nc2cnn(CCF)c2)c3c(F)cccc3F,7.72
46,CHEMBL3691983,COC(=O)N[C@H]1[C@@H](C)C[C@H](C[C@H]1N)c2ccncc2NC(=O)c3nc(ccc3N)c4cc(ccc4F)C(=O)NC(C)C,7.74
47,CHEMBL3687422,CC(C)OC(=O)N[C@H]1[C@@H](C)C[C@H](C[C@H]1N)c2ccncc2NC(=O)c3ccc(F)c(n3)c4c(F)cccc4F,7.75
48,CHEMBL2035636,CN1C[C@@H]2CC[C@H]1CN2CC3=Nc4c(oc5ccc(Br)cc45)C(=O)N3,7.75
49,CHEMBL3676263,COC1CCN(CC1N)c2ccncc2NC(=O)c3csc(n3)c4c(F)cccc4F,7.75
50,CHEMBL3735628,COc1ccc2C(=O)\C(=C\c3n[nH]c4ncccc34)\Oc2c1CN5CCNC[C@H]5C,7.75
51,CHEMBL3676311,C[C@H]1C[C@H](C[C@@H](N)[C@H]1F)c2ccncc2NC(=O)c3csc(n3)c4c(F)cccc4F,7.75
52,CHEMBL3687520,C[C@H]1C[C@H](C[C@@H](N)[C@H]1S(=O)(=O)C)c2ccncc2NC(=O)c3ccc(F)c(n3)c4c(F)cc(cc4F)C5(F)CCOCC5,7.75
53,CHEMBL603469,C[C@]12O[C@H](C[C@]1(O)CO)n3c4ccccc4c5c6C(=O)NCc6c7c8ccccc8n2c7c35,7.75
54,CHEMBL2035603,Clc1ccccc1C2=Nc3c(oc4ccc(Br)cc34)C(=O)N2,7.75
55,CHEMBL1952137,FC(F)(F)c1cccc(c1)n2nnc3ccc(NC4CC5(CCNCC5)C4)nc23,7.75
56,CHEMBL3685735,N[C@@H]1CN(CC[C@@H]1O)c2ccncc2Nc3cccc4cnc(nc34)c5c(F)cccc5F,7.75
57,CHEMBL3685750,N[C@H]1CCCN(C1)c2ccncc2Nc3cccc4cnc(nc34)c5ccccc5F,7.75
58,CHEMBL3394169,Nc1nnc(s1)c2ccc3[nH]cc(c4cccc(OC5CCCCC5)n4)c3c2,7.75
59,CHEMBL3652020,C[C@H]1C[C@H](C[C@@H](N)[C@@H]1O)c2ccncc2NC(=O)c3ccc(F)c(n3)c4cc(ccc4F)C(F)(F)F,7.77
60,CHEMBL2035624,Clc1ccc(C2=Nc3c(oc4ccc(Br)cc34)C(=O)N2)c(Cl)c1,7.77
61,CHEMBL3687516,COCCOc1cc(F)c(c(F)c1)c2nc(ccc2F)C(=O)Nc3cnccc3[C@@H]4C[C@H](C)[C@H](NC(=O)OC)[C@H](N)C4,7.78
62,CHEMBL3676276,CC1CC(N)CN(C1)c2ccncc2NC(=O)c3csc(n3)C4CCCCC4,7.8
63,CHEMBL2037200,CN1CCCN(CC1)C(=O)c2cccc(c2)c3oc(\C=C/4\C(=O)Nc5ccc(Cl)cc45)cc3,7.8
64,CHEMBL3687415,COCC(=O)N[C@H]1[C@@H](C)C[C@H](C[C@H]1N)c2ccncc2NC(=O)c3ccc(F)c(n3)c4c(F)cccc4F,7.8
65,CHEMBL3687425,CO\N=C\1/[C@@H](C)C[C@H](C[C@H]1N)c2ccncc2NC(=O)c3ccc(F)c(n3)c4c(F)cccc4F,7.8
66,CHEMBL3687436,C[C@H]1C[C@H](C[C@@H](N)[C@H]1NC(=O)C)c2ccncc2NC(=O)c3ccc(F)c(n3)c4c(F)cccc4F,7.8
67,CHEMBL1952144,FC(F)(F)Oc1cccc(c1)n2nnc3cc(Cl)c(NCC4CCNCC4)nc23,7.8
68,CHEMBL3685749,N[C@H]1CCCN(C1)c2ccncc2Nc3cccc4cnc(nc34)c5c(F)cccc5F,7.8
69,CHEMBL3676299,C[C@H]1C[C@H](C[C@@H](N)[C@H]1O)c2ccncc2NC(=O)c3csc(n3)c4c(F)cccc4F,7.82
70,CHEMBL3103859,N[C@H]1CCCN(C1)c2ccncc2NC(=O)c3nc(Oc4ccccc4)ccc3N,7.82
71,CHEMBL3792905,Nc1cc(nc(N)n1)c2ccncc2NC(=O)c3nc(ccc3N)c4ccccc4F,7.82
72,CHEMBL3394066,Nc1nnc(s1)c2ccc3[nH]cc(c4cccc(n4)N5CCCC5)c3c2,7.82
73,CHEMBL3687478,C[C@H]1C[C@H](C[C@@H](N)[C@H]1C#N)c2ccncc2NC(=O)c3ccc(F)c(n3)c4c(F)cccc4F,7.83
74,CHEMBL3687421,CCOC(=O)N[C@H]1[C@@H](C)C[C@H](C[C@H]1N)c2ccncc2NC(=O)c3ccc(F)c(n3)c4c(F)cccc4F,7.85
75,CHEMBL3691979,C[C@H]1C[C@H](C[C@@H](N)[C@H]1n2ccnn2)c3ccncc3NC(=O)c4ccc(F)c(n4)c5c(F)cc(cc5F)C6(F)CCOCC6,7.85
76,CHEMBL3393707,Fc1cccc(F)c1c2ccc3[nH]nc(c4cncc(O[C@@H]5CNCCC56CC6)n4)c3c2,7.85
77,CHEMBL3652000,N[C@H]1CCC[C@H](C1)c2ccncc2NC(=O)c3nc(ccc3N)C4CCCCC4,7.85
78,CHEMBL2035621,Fc1ccc(Cl)c(c1)C2=Nc3c(oc4ccc(Br)cc34)C(=O)N2,7.89
79,CHEMBL3676261,N[C@H]1C[C@@H](O)CN(C1)c2ccncc2NC(=O)c3csc(n3)c4c(F)cccc4F,7.89
80,CHEMBL1950228,O=Cc1cn2CCCCn3c4ccccc4c5ccc1c2c35,7.89
81,CHEMBL3691951,COC(=O)N[C@H]1[C@@H](C)C[C@H](C[C@H]1N)c2ccncc2NC(=O)c3ccc(F)c(n3)c4c(F)cc(cc4F)C5(O)CCC5,7.9
82,CHEMBL1240961,Brc1cccc2[nH]c3c(ccc4c(C=O)c[nH]c34)c12,7.91
83,CHEMBL3687442,C[C@H]1C[C@H](C[C@@H](N)[C@@H]1[S+](C)[O-])c2ccncc2NC(=O)c3ccc(F)c(n3)c4c(F)cccc4F,7.91
84,CHEMBL2030389,Brc1ccc2oc3C(=O)NC(=Nc3c2c1)CN4CCCC4,7.92
85,CHEMBL3687526,CCOCc1cc(F)c(c(F)c1)c2nc(ccc2F)C(=O)Nc3cnccc3[C@@H]4C[C@H](C)[C@@H]([C@H](N)C4)S(=O)(=O)C,7.92
86,CHEMBL91829,CN(C)C[C@@H]1CCn2cc(C3=C(C(=O)NC3=O)c4cn(CCO1)c5ccccc45)c6ccccc26,7.92
87,CHEMBL3297762,CN1CCN(C[C@@H](NC(=O)C[C@H]2CNC(=O)c3cc(cn23)c4cccc(Cl)c4)C5CCCCC5)CC1,7.92
88,CHEMBL3651935,C[C@@H]1C[C@H](N)C[C@@H](C1)c2ccncc2NC(=O)c3nc(ccc3F)c4ccc(O)cc4F,7.92
89,CHEMBL3639508,C[C@H]1C[C@H](C[C@@H](N)[C@@H]1O)c2ccncc2NC(=O)c3nc(ccc3N)C4CCCCC4,7.92
90,CHEMBL3676274,NC1CN(CCC1Cl)c2ccncc2NC(=O)c3csc(n3)c4c(F)cccc4F,7.92
91,CHEMBL3676295,N[C@@H]1C[C@@H](CC[C@H]1O)c2ccncc2NC(=O)c3csc(n3)c4c(F)cccc4F,7.92
92,CHEMBL3651910,N[C@H]1CCC[C@H](C1)c2ccncc2NC(=O)c3ccc(F)c(n3)c4cc(F)cc(F)c4F,7.92
93,CHEMBL3793600,Nc1ccc(cn1)c2ccncc2NC(=O)c3nc(ccc3N)c4ccccc4F,7.92
94,CHEMBL1910893,Oc1ccc(cc1)c2ccc3c(n[nH]c3n2)c4ccc(cc4)N5CCNCC5,7.92
95,CHEMBL3687519,CC(C)NC(=O)c1ccc(F)c(c1)c2ccc(N)c(n2)C(=O)Nc3cnccc3[C@@H]4C[C@H](C)[C@@H]([C@H](N)C4)S(=O)(=O)C,7.95
96,CHEMBL1952134,CN(C)c1cccc(c1)n2nnc3ccc(NCC4CCNCC4)nc23,7.96
97,CHEMBL2035633,CN1CCN(CC2=Nc3c(oc4ccc(Br)cc34)C(=O)N2)CC1,7.96
98,CHEMBL2035640,CN1CCN(CC2=Nc3c(oc4ccc(I)cc34)C(=O)N2)CC1,7.96
99,CHEMBL3687419,C[C@H]1C[C@H](C[C@@H](N)/C/1=N\O)c2ccncc2NC(=O)c3ccc(F)c(n3)c4c(F)cccc4F,7.96
100,CHEMBL583144,Clc1ccc(Cl)c2c3N=CNC(=O)c3sc12,7.96
101,CHEMBL3354514,Fc1cccc(F)c1c2nc(cs2)C(=O)Nc3cnccc3OC4CCCCC4,7.96
102,CHEMBL3676293,N[C@@H]1C[C@@H](CC[C@@H]1O)c2ccncc2NC(=O)c3csc(n3)c4c(F)cccc4F,7.96
103,CHEMBL3652005,N[C@@H]1C[C@@H](C[C@@H](C1)C(F)(F)F)c2ccncc2NC(=O)c3ccc(F)c(n3)C4CCCCC4,7.96
104,CHEMBL2030387,N[C@H]1CCN(CC2=Nc3c(oc4ccc(Br)cc34)C(=O)N2)C1,7.96
105,CHEMBL3394172,Nc1nnc(s1)c2ccc3[nH]cc(c4cncc(OC5CCCC5)n4)c3c2,7.96
106,CHEMBL2035638,OC1CN(CC2=Nc3c(oc4ccc(Br)cc34)C(=O)N2)C1,7.96
107,CHEMBL3687470,COC(=O)N(C)[C@H]1[C@@H](C)C[C@H](C[C@H]1N)c2ccncc2NC(=O)c3ccc(F)c(n3)c4c(F)cccc4F,7.97
108,CHEMBL3687463,COC(=O)N(C)[C@H]1[C@@H](C)C[C@H](C[C@H]1N)c2ccncc2NC(=O)c3ccc(F)c(n3)c4c(F)cc(C)cc4F,7.98
109,CHEMBL3691917,C[C@H]1C[C@H](C[C@@H](N)[C@H]1OCCS(=O)(=O)C)c2ccncc2NC(=O)c3csc(n3)c4c(F)cccc4F,7.98
110,CHEMBL3687530,C[C@H]1C[C@H](C[C@@H](N)[C@H]1S(=O)(=O)C)c2ccncc2NC(=O)c3ccc(F)c(n3)c4c(F)cc(cc4F)C5(O)CCOCC5,7.98
111,CHEMBL3691918,CO[C@@H]1[C@@H](C)C[C@H](C[C@H]1N)c2ccncc2NC(=O)c3csc(n3)c4c(F)cccc4F,7.99
112,CHEMBL2035632,Brc1ccc2oc3C(=O)NC(=Nc3c2c1)CN4CCC4,8.0
113,CHEMBL1910913,CC(C)(C)[C@H](N)COc1cncc(n1)c2ccc3[nH]cc(c4ccc(N)nc4F)c3c2,8.0
114,CHEMBL3264258,CCN(CC)CCNc1cncc(n1)c2ccc3[nH]cc(c4ccnc(N)n4)c3c2,8.0
115,CHEMBL2048868,COc1cccc(\C=C\2/SC(=O)NC2=O)c1N3CCC[C@@H](N)C3,8.0
116,CHEMBL3354522,Fc1cccc(F)c1c2nc3c(Nc4cnccc4O[C@H]5CCNC5)cccc3s2,8.0
117,CHEMBL2048867,N[C@@H]1CCCN(C1)c2c(Br)cccc2\C=C\3/SC(=O)NC3=O,8.0
118,CHEMBL583972,O=Cc1c[nH]c2c1ccc3c4ccccc4[nH]c23,8.0
119,CHEMBL2030376,O[C@H]1CCN(CC2=Nc3c(oc4ccc(Br)cc34)C(=O)N2)C1,8.0
120,CHEMBL3691975,COC(=O)N[C@H]1[C@@H](C)C[C@H](C[C@H]1N)c2ccncc2NC(=O)c3ccc(F)c(n3)c4c(F)cc(OC)cc4F,8.01
121,CHEMBL3691954,COC(=O)N[C@H]1[C@@H](C)C[C@H](C[C@H]1N)c2ccncc2NC(=O)c3ccc(F)c(n3)c4c(F)cc(OC5CCOCC5)cc4F,8.01
122,CHEMBL2035635,CN1C[C@@H]2C[C@H]1CN2CC3=Nc4c(oc5ccc(Br)cc45)C(=O)N3,8.05
123,CHEMBL3676291,C[C@@H]1CN(C[C@@H](N)[C@H]1O)c2ccncc2NC(=O)c3csc(n3)c4c(F)cccc4F,8.05
124,CHEMBL3652012,C[C@H]1CN(C[C@@H](N)[C@@H]1O)c2ccncc2NC(=O)c3ccc(F)c(n3)c4cccnc4,8.05
125,CHEMBL3651901,C[C@H]1C[C@H](C[C@@H](N)[C@@H]1O)c2ccncc2NC(=O)c3ccc(F)c(n3)c4cc(O)ccc4F,8.05
126,CHEMBL3687440,C[C@H]1C[C@H](C[C@@H](N)[C@H]1N=[N+]=[N-])c2ccncc2NC(=O)c3ccc(F)c(n3)c4c(F)cccc4F,8.05
127,CHEMBL3634778,Cc1n[nH]c2cnc(cc12)c3cncc(n3)N4CCC(N)CC4,8.05
128,CHEMBL2048872,N[C@@H]1CCCN(C1)c2c(\C=C\3/SC(=O)NC3=O)cccc2c4ccccc4,8.05
129,CHEMBL2048865,N[C@@H]1CCCN(C1)c2ccccc2\C=C\3/SC(=O)NC3=O,8.05
130,CHEMBL3651978,N[C@H]1CCC[C@H](C1)c2ccncc2NC(=O)c3ccc(F)c(n3)c4ccc(F)cc4F,8.05
131,CHEMBL3651944,N[C@H]1CCC[C@H](C1)c2ccncc2NC(=O)c3cccc(n3)c4cc(F)cc(F)c4F,8.05
132,CHEMBL3652028,N[C@H]1CCC[C@H](C1)c2ccncc2NC(=O)c3nc(c(F)cc3N)c4ccncc4F,8.05
133,CHEMBL3394072,Nc1nnc(s1)c2ccc3[nH]cc(c4cncc(n4)N5CCCC5)c3c2,8.05
134,CHEMBL3687450,C[C@H]1C[C@H](C[C@@H](N)[C@H]1OS(=O)(=O)C)c2ccncc2NC(=O)c3ccc(F)c(n3)c4c(F)cccc4F,8.06
135,CHEMBL3652620,Cn1cc(NC(=O)c2nc(sc2N)c3c(F)cccc3F)cn1,8.06
136,CHEMBL3676304,CC(C)NC(=O)c1ccc(F)c(c1)c2nc(cs2)C(=O)Nc3cnccc3N4CCC[C@H](N)C4,8.08
137,CHEMBL3687480,CO[C@@H]1[C@@H](C)C[C@H](C[C@H]1N)c2ccncc2NC(=O)c3nc(ncc3N)c4c(F)cccc4F,8.09
138,CHEMBL2035630,Brc1ccc2oc3C(=O)NC(=Nc3c2c1)c4ccc(NCC5CCNCC5)cc4,8.1
139,CHEMBL3394170,CCOc1cncc(n1)c2c[nH]c3ccc(cc23)c4nnc(N)s4,8.1
140,CHEMBL3691933,COC(=O)N[C@H]1[C@@H](C)C[C@H](C[C@H]1N)c2ccncc2NC(=O)c3ccc(F)c(n3)c4c(F)cc(OC(C)C)cc4F,8.1
141,CHEMBL3652026,C[C@@H]1C[C@H](C[C@@H](N)[C@H]1O)c2ccncc2NC(=O)c3ccc(F)c(n3)c4c(F)cccc4F,8.1
142,CHEMBL3676287,C[C@@H]1C[C@H](O)C[C@@H](C1)c2ccncc2NC(=O)c3csc(n3)c4c(F)cccc4F,8.1
143,CHEMBL3676297,C[C@H]1C[C@H](C[C@@H](N)[C@@H]1O)c2ccncc2NC(=O)c3csc(n3)c4c(F)cccc4F,8.1
144,CHEMBL3652024,C[C@H]1C[C@H](C[C@@H](N)[C@@H]1O)c2ccncc2NC(=O)c3nc(c(F)cc3N)c4c(F)cccc4F,8.1
145,CHEMBL2035628,Clc1cc(CNC2CCNCC2)ccc1C3=Nc4c(oc5ccc(Br)cc45)C(=O)N3,8.1
146,CHEMBL2035623,Clc1cccc(C2=Nc3c(oc4ccc(Br)cc34)C(=O)N2)c1Cl,8.1
147,CHEMBL2035626,NCc1ccc(C2=Nc3c(oc4ccc(Br)cc34)C(=O)N2)c(Cl)c1,8.1
148,CHEMBL3676267,N[C@H]1C[C@@H](F)CN(C1)c2ccncc2NC(=O)c3csc(n3)c4c(F)cccc4F,8.1
149,CHEMBL3676273,N[C@H]1C[C@H](F)CN(C1)c2ccncc2NC(=O)c3csc(n3)c4c(F)cccc4F,8.1
150,CHEMBL3264261,CN(C)CCN(C)c1cncc(n1)c2ccc3[nH]cc(c4ccnc(N)n4)c3c2,8.11
151,CHEMBL3687535,CO[C@@H]1[C@@H](C)C[C@H](C[C@H]1N)c2ccncc2NC(=O)c3nc(ccc3N)c4cc(ccc4F)C(=O)NC(C)C,8.11
152,CHEMBL3691980,CC(C)NC(=O)c1ccc(F)c(c1)c2ccc(N)c(n2)C(=O)Nc3cnccc3[C@@H]4C[C@H](C)[C@@H]([C@H](N)C4)n5ccnn5,8.16
153,CHEMBL3652029,CC1CC(O)C=C(C1)c2ccncc2NC(=O)c3ccc(F)c(n3)c4c(F)cccc4F,8.16
154,CHEMBL3651980,CCCOc1ccc(F)c(c1)c2cccc(n2)C(=O)Nc3cnccc3[C@@H]4CC[C@H](O)[C@H](N)C4,8.16
155,CHEMBL3651915,CCc1ccc(F)c(c1F)c2cccc(n2)C(=O)Nc3cnccc3[C@@H]4CCC[C@H](N)C4,8.16
156,CHEMBL3651914,CCc1ccc(F)c(c1F)c2cccc(n2)C(=O)Nc3cnccc3[C@@H]4CC[C@H](O)[C@H](N)C4,8.16
157,CHEMBL3651991,C[C@@H]1C[C@@H](C[C@@H](N)[C@H]1O)c2ccncc2NC(=O)c3nc(ccc3N)c4c(F)cccc4F,8.16
158,CHEMBL3651947,C[C@@H]1C[C@H](N)C[C@@H](C1)c2ccncc2NC(=O)c3nc(c(F)cc3N)c4c(F)cccc4F,8.16
159,CHEMBL3652014,C[C@H]1CN(C[C@@H](N)[C@@H]1O)c2ccncc2NC(=O)c3ccc(F)c(n3)c4ccncc4,8.16
160,CHEMBL1952113,FC(F)(F)Oc1cccc(c1)n2nnc3ccc(NCC4CCNCC4)nc23,8.16
161,CHEMBL3393694,Fc1cccc(F)c1c2ccc3[nH]nc(c4cncc(n4)N5CCCNCC5)c3c2,8.16
162,CHEMBL3354516,Fc1cccc(F)c1c2nc(cs2)C(=O)Nc3cnccc3OCC4CCOCC4,8.16
163,CHEMBL3651976,N[C@H]1CCC[C@H](C1)c2ccncc2NC(=O)c3nc(ccc3F)c4c(F)cccc4F,8.16
164,CHEMBL3394059,Nc1ncc(s1)c2ccc3[nH]nc(c4cnc5ccccc5c4)c3c2,8.16
165,CHEMBL3687432,COCCS(=O)(=O)[C@H]1[C@@H](C)C[C@H](C[C@H]1N)c2ccncc2NC(=O)c3ccc(F)c(n3)c4c(F)cccc4F,8.17
166,CHEMBL3691964,COC(=O)N[C@H]1[C@@H](C)C[C@H](C[C@H]1N)c2ccncc2NC(=O)c3ccc(F)c(n3)c4c(F)cc(C)cc4F,8.18
167,CHEMBL3735412,CC(N1CCNCC1)c2c(OCCO)ccc3C(=O)\C(=C\c4n[nH]c5ncccc45)\Oc23,8.19
168,CHEMBL3264257,CN(C)CCNc1cncc(n1)c2ccc3[nH]cc(c4ccnc(N)n4)c3c2,8.19
169,CHEMBL3687465,C[C@H]1CN(C[C@@H](N)[C@H]1C#N)c2ccncc2NC(=O)c3ccc(F)c(n3)c4c(F)cc(C)cc4F,8.2
170,CHEMBL3652644,Cn1ncc(NC(=O)c2nc(sc2N)c3c(F)cccc3F)c1C4CCNCC4,8.21
171,CHEMBL1910912,CC(C)[C@H](N)COc1cncc(n1)c2ccc3[nH]cc(c4ccc(N)nc4F)c3c2,8.22
172,CHEMBL3651906,CC1(C)C[C@H](N)C[C@@H](C1)c2ccncc2NC(=O)c3ccc(F)c(n3)c4ccc(O)cc4F,8.22
173,CHEMBL2048869,CCOc1cccc(\C=C\2/SC(=O)NC2=O)c1N3CCC[C@@H](N)C3,8.22
174,CHEMBL3651917,CCc1ccc(F)c(c1F)c2cccc(n2)C(=O)Nc3cnccc3[C@@H]4C[C@H](C)C[C@H](N)C4,8.22
175,CHEMBL3651911,CCc1ccc(F)c(c1F)c2cccc(n2)C(=O)Nc3cnccc3[C@@H]4C[C@H](C)[C@@H](O)[C@H](N)C4,8.22
176,CHEMBL3651990,C[C@@H]1C[C@@H](C[C@H](N)[C@H]1O)c2ccncc2NC(=O)c3nc(ccc3N)c4c(F)cccc4F,8.22
177,CHEMBL3652030,C[C@@H]1C[C@H](C[C@@H](O)[C@H]1O)c2ccncc2NC(=O)c3ccc(F)c(n3)c4c(F)cccc4F,8.22
178,CHEMBL3651965,C[C@@H]1C[C@H](N)C[C@@H](C1)c2ccncc2NC(=O)c3nc(ccc3F)c4c(F)cccc4F,8.22
179,CHEMBL3651898,C[C@@H]1C[C@H](O)C[C@@H](C1)c2ccncc2NC(=O)c3ccc(F)c(n3)c4c(F)cccc4F,8.22
180,CHEMBL3652025,C[C@H]1C[C@H](C[C@@H](N)[C@H]1O)c2ccncc2NC(=O)c3nc(c(F)cc3N)c4c(F)cccc4F,8.22
181,CHEMBL1243129,FC(F)(F)c1cccc2c3ccc4c(C=O)c[nH]c4c3[nH]c12,8.22
182,CHEMBL3393700,Fc1cccc(F)c1c2ccc3[nH]nc(c4cncc(NC5CNC5)n4)c3c2,8.22
183,CHEMBL3393695,Fc1cccc(F)c1c2ccc3[nH]nc(c4cncc(n4)N5CCNCC5)c3c2,8.22
184,CHEMBL3652001,NC1CCCC(=C1)c2ccncc2NC(=O)c3nc(ccc3N)c4c(F)cccc4F,8.22
185,CHEMBL3393693,NC1CCN(C1)c2cncc(n2)c3n[nH]c4ccc(cc34)c5c(F)cccc5F,8.22
186,CHEMBL2030388,N[C@@H]1CCN(CC2=Nc3c(oc4ccc(Br)cc34)C(=O)N2)C1,8.22
187,CHEMBL3651961,N[C@@H]1C[C@@H](CC[C@@H]1O)c2ccncc2NC(=O)c3nc(c(F)cc3N)c4c(F)cccc4F,8.22
188,CHEMBL3634793,N[C@H]1CCCN(C1)c2ccncc2c3cc4c(n[nH]c4cn3)c5ccccc5F,8.22
189,CHEMBL3651930,N[C@H]1CCC[C@H](C1)c2ccncc2NC(=O)c3nc(ccc3F)c4cc(O)ccc4F,8.22
190,CHEMBL3792474,Nc1cncc(n1)c2ccncc2NC(=O)c3nc(ccc3N)c4ccccc4F,8.22
191,CHEMBL3394067,Nc1nnc(s1)c2ccc3[nH]cc(c4cccc(n4)N5CCOCC5)c3c2,8.22
192,CHEMBL3687467,C[C@H]1CN(C[C@@H](N)[C@H]1C#N)c2ccncc2NC(=O)c3ccc(F)c(n3)c4c(F)cccc4F,8.24
193,CHEMBL3687518,C[C@H]1C[C@H](C[C@@H](N)[C@H]1S(=O)(=O)C)c2ccncc2NC(=O)c3ccc(F)c(n3)c4c(F)cc(cc4F)C5(O)CCC5,8.24
194,CHEMBL3652622,Cn1ncc(NC(=O)c2nc(sc2N)c3c(F)cccc3F)c1NCC4CCNCC4,8.24
195,CHEMBL3691913,C[C@H]1C[C@H](C[C@@H](N)[C@H]1OCCS(=O)(=O)C)c2ccncc2NC(=O)c3ccc(F)c(n3)c4c(F)cc(cc4F)C5(F)CCOCC5,8.26
196,CHEMBL3687460,CO[C@H]1[C@@H](C)C[C@H](C[C@H]1N)c2ccncc2NC(=O)c3csc(n3)c4c(F)cccc4F,8.27
197,CHEMBL3687489,CO[C@H]1[C@@H](C)C[C@H](C[C@H]1N)c2ccncc2NC(=O)c3nc(ncc3N)c4c(F)cccc4F,8.27
198,CHEMBL3687517,C[C@H]1C[C@H](C[C@@H](N)[C@H]1S(=O)(=O)C)c2ccncc2NC(=O)c3ccc(F)c(n3)c4c(F)cc(OC5CCOCC5)cc4F,8.27
199,CHEMBL2387466,Oc1cc(nc2c(cnn12)C(=O)Nc3ccc(F)cc3)C4CCNCC4,8.27
200,CHEMBL3652642,CN1CCC(CC1)c2c(NC(=O)c3nc(sc3N)c4c(F)cccc4F)cnn2C,8.28
201,CHEMBL3687528,COCCOc1cc(F)c(c(F)c1)c2nc(ccc2F)C(=O)Nc3cnccc3[C@@H]4C[C@H](C)[C@@H]([C@H](N)C4)S(=O)(=O)C,8.28
202,CHEMBL3687445,CS[C@@H]1[C@@H](C)C[C@H](C[C@H]1N)c2ccncc2NC(=O)c3ccc(F)c(n3)c4c(F)cccc4F,8.28
203,CHEMBL3687426,CO\N=C/1\[C@@H](C)C[C@H](C[C@H]1N)c2ccncc2NC(=O)c3ccc(F)c(n3)c4c(F)cccc4F,8.29
204,CHEMBL3691963,C[C@H]1C[C@H](C[C@@H](N)[C@H]1n2ccnn2)c3ccncc3NC(=O)c4ccc(F)c(n4)c5c(F)cc(cc5F)C6(O)CCOCC6,8.29
205,CHEMBL3651995,CC(=O)O[C@H]1CC[C@H](C[C@H]1N)c2ccncc2NC(=O)c3nc(ccc3N)c4c(F)cccc4F,8.3
206,CHEMBL3394068,CC(C)Nc1cccc(n1)c2c[nH]c3ccc(cc23)c4nnc(N)s4,8.3
207,CHEMBL3676270,CC1CC(N)CN(C1)c2ccncc2NC(=O)c3csc(n3)c4c(F)cccc4F,8.3
208,CHEMBL3676275,CC1CCN(CC1N)c2ccncc2NC(=O)c3csc(n3)c4c(F)cccc4F,8.3
209,CHEMBL3651960,CCCOc1ccc(F)c(c1)c2nc(ccc2F)C(=O)Nc3cnccc3[C@@H]4CC[C@H](O)[C@H](N)C4,8.3
210,CHEMBL1910911,CC[C@H](N)COc1cncc(n1)c2ccc3[nH]cc(c4ccc(N)nc4F)c3c2,8.3
211,CHEMBL3651913,CCc1ccc(F)c(c1F)c2cccc(n2)C(=O)Nc3cnccc3[C@@H]4C[C@H](C)[C@H](O)[C@H](N)C4,8.3
212,CHEMBL3687506,CO[C@H]1[C@@H](C)C[C@H](C[C@H]1N)c2ccncc2NC(=O)c3ccc(F)c(n3)c4c(F)cc(cc4F)C5(F)CCOCC5,8.3
213,CHEMBL3651992,C[C@@H]1C[C@H](C[C@@H](N)[C@H]1O)c2ccncc2NC(=O)c3nc(ccc3N)c4c(F)cccc4F,8.3
214,CHEMBL3651933,C[C@@H]1C[C@H](N)C[C@@H](C1)c2ccncc2NC(=O)c3cccc(n3)c4ccc(O)cc4F,8.3
215,CHEMBL3676308,C[C@@H]1C[C@H](N)C[C@@H](C1)c2ccncc2NC(=O)c3csc(n3)c4c(F)ccc(F)c4F,8.3
216,CHEMBL3651989,C[C@H]1C[C@H](C[C@@H](N)[C@H]1O)c2ccncc2NC(=O)c3nc(ccc3N)c4c(F)cccc4F,8.3
217,CHEMBL3687447,C[C@H]1C[C@H](C[C@@H](N)[C@H]1S(=O)(=O)C)c2ccncc2NC(=O)c3ccc(F)c(n3)c4c(F)cccc4F,8.3
218,CHEMBL3651937,Cc1ccc(F)c(c1F)c2cccc(n2)C(=O)Nc3cnccc3[C@@H]4CC[C@H](O)[C@H](N)C4,8.3
219,CHEMBL2035629,Clc1cc(NC(=O)CCN2CCCCC2)ccc1C3=Nc4c(oc5ccc(Br)cc45)C(=O)N3,8.3
220,CHEMBL3652629,Cn1ncc(NC(=O)c2nc(ccc2N)c3ccccc3F)c1OC4CCNCC4,8.3
221,CHEMBL3393702,Fc1cccc(F)c1c2ccc3[nH]nc(c4cncc(OC5CCCNC5)n4)c3c2,8.3
222,CHEMBL3354515,Fc1cccc(F)c1c2nc(cs2)C(=O)Nc3cnccc3OC4CCOCC4,8.3
223,CHEMBL3354523,Fc1cccc(F)c1c2nc(cs2)c3ccc4nccc(N5CCNCC5)c4c3,8.3
224,CHEMBL3651987,NC1C=C(CCC1O)c2ccncc2NC(=O)c3nc(ccc3N)c4c(F)cccc4F,8.3
225,CHEMBL1910915,N[C@@H](COc1cncc(n1)c2ccc3[nH]cc(c4ccc(N)nc4F)c3c2)c5ccccc5,8.3
226,CHEMBL3651988,N[C@@H]1C=C(CC[C@@H]1O)c2ccncc2NC(=O)c3nc(ccc3N)c4c(F)cccc4F,8.3
227,CHEMBL1910907,N[C@@H]1CC[C@H](CC1)Oc2cncc(n2)c3ccc4[nH]cc(c5ccc(N)nc5F)c4c3,8.3
228,CHEMBL3676260,N[C@@H]1CN(CC[C@H]1F)c2ccncc2NC(=O)c3csc(n3)c4c(F)cccc4F,8.3
229,CHEMBL3651984,N[C@@H]1C[C@@H](CC[C@@H]1O)c2ccncc2NC(=O)c3ccc(F)c(n3)c4c(F)cccc4F,8.3
230,CHEMBL3651983,N[C@@H]1C[C@@H](CC[C@@H]1O)c2ccncc2NC(=O)c3ccc(F)c(n3)c4ccccc4F,8.3
231,CHEMBL3651979,N[C@@H]1C[C@@H](CC[C@@H]1O)c2ccncc2NC(=O)c3cccc(n3)c4ccccc4F,8.3
232,CHEMBL3103862,N[C@H]1CCCN(C1)c2ccncc2NC(=O)c3nc(ccc3N)c4ccncc4,8.3
233,CHEMBL3651977,N[C@H]1CCC[C@H](C1)c2ccncc2NC(=O)c3ccc(F)c(n3)c4cc(F)ccc4F,8.3
234,CHEMBL2046468,N[C@H]1CCN(C1)c2cc(Cl)ccc2\C=C\3/SC(=O)NC3=O,8.3
235,CHEMBL3651998,N[C@H]1C[C@@H](CC[C@@H]1O)c2ccncc2NC(=O)c3nc(ccc3N)c4c(F)cccc4F,8.3
236,CHEMBL3793221,Nc1cc(ncn1)c2ccncc2NC(=O)c3nc(ccc3N)c4c(F)cccc4F,8.3
237,CHEMBL3793267,Nc1ccc(nc1C(=O)Nc2cnccc2c3ccnc(N)n3)c4c(F)cccc4F,8.3
238,CHEMBL3394069,Nc1nnc(s1)c2ccc3[nH]cc(c4cccc(NC5CCCC5)n4)c3c2,8.3
239,CHEMBL3394168,Nc1nnc(s1)c2ccc3[nH]cc(c4cccc(OC5CCCC5)n4)c3c2,8.3
240,CHEMBL3634790,c1ccc(cc1)c2n[nH]c3cnc(cc23)c4cccnc4,8.3
241,CHEMBL3652621,N[C@H]1CCCN(C1)c2[nH]ncc2NC(=O)c3nc(sc3N)c4c(F)cccc4F,8.31
242,CHEMBL3691939,CCOCc1cc(F)c(c(F)c1)c2nc(ccc2F)C(=O)Nc3cnccc3[C@@H]4C[C@H](C)[C@@H]([C@H](N)C4)n5ccnn5,8.32
243,CHEMBL3687536,CO[C@@H]1[C@@H](C)C[C@H](C[C@H]1N)c2ccncc2NC(=O)c3ccc(F)c(n3)c4c(F)cc(cc4F)C5(F)CCOCC5,8.35
244,CHEMBL3634765,C1CN(CCN1)c2cccc(n2)c3n[nH]c4cnc(cc34)N5CCOCC5,8.36
245,CHEMBL3687522,COc1cc(F)c(c(F)c1)c2nc(ccc2F)C(=O)Nc3cnccc3[C@@H]4C[C@H](C)[C@@H]([C@H](N)C4)S(=O)(=O)C,8.38
246,CHEMBL3676303,N[C@H]1CCCN(C1)c2ccncc2NC(=O)c3csc(n3)c4ccccc4F,8.38
247,CHEMBL3687537,CC(C)NC(=O)c1ccc(F)c(c1)c2ccc(N)c(n2)C(=O)Nc3cnccc3[C@@H]4C[C@H](C)[C@H](OCCS(=O)(=O)C)[C@H](N)C4,8.39
248,CHEMBL3651999,CC1CC(O)C=C(C1)c2ccncc2NC(=O)c3nc(ccc3N)c4c(F)cccc4F,8.4
249,CHEMBL3651964,CCCOc1ccc(F)c(c1)c2ccc(N)c(n2)C(=O)Nc3cnccc3[C@@H]4CC[C@H](O)[C@H](N)C4,8.4
250,CHEMBL3736117,COc1ccc2C(=O)\C(=C\c3n[nH]c4ncccc34)\Oc2c1CN5CCN[C@H](C)C5,8.4
251,CHEMBL3651997,C[C@@H]1CN(C[C@@H](N)[C@H]1O)c2ccncc2NC(=O)c3nc(ccc3N)c4c(F)cccc4F,8.4
252,CHEMBL3651957,C[C@@H]1C[C@H](N)C[C@@H](C1)c2ccncc2NC(=O)c3ccc(F)c(n3)c4cc(F)ccc4F,8.4
253,CHEMBL3676300,C[C@@H]1C[C@H](N)C[C@@H](C1)c2ccncc2NC(=O)c3csc(n3)c4c(F)cccc4F,8.4
254,CHEMBL3676288,C[C@@H]1C[C@H](O)C[C@@H](C1)c2ccncc2NC(=O)c3nc(sc3N)c4c(F)cccc4F,8.4
255,CHEMBL3651926,C[C@H]1C[C@H](C[C@@H](N)[C@@H]1O)c2ccncc2NC(=O)c3cccc(n3)c4c(F)ccc(C)c4F,8.4
256,CHEMBL3652031,C[C@H]1C[C@H](C[C@@H](N)[C@H]1F)c2ccncc2NC(=O)c3ccc(F)c(n3)c4c(F)cccc4F,8.4
257,CHEMBL3651969,C[C@H]1C[C@H](C[C@@H](N)[C@H]1O)c2ccncc2NC(=O)c3ccc(F)c(n3)c4cc(C)ccc4F,8.4
258,CHEMBL3651927,C[C@H]1C[C@H](C[C@@H](N)[C@H]1O)c2ccncc2NC(=O)c3cccc(n3)c4c(F)ccc(C)c4F,8.4
259,CHEMBL3651970,C[C@H]1C[C@H](C[C@@H](N)[C@H]1O)c2ccncc2NC(=O)c3cccc(n3)c4cc(C)ccc4F,8.4
260,CHEMBL3651908,Cc1ccc(F)c(c1F)c2cccc(n2)C(=O)Nc3cnccc3[C@H]4C[C@@H](N)CC(C)(C)C4,8.4
261,CHEMBL3651907,Cc1ccc(F)c(c1F)c2nc(ccc2F)C(=O)Nc3cnccc3[C@H]4C[C@@H](N)CC(C)(C)C4,8.4
262,CHEMBL3393703,Fc1cccc(F)c1c2ccc3[nH]nc(c4cncc(OC5CNCCC5=C)n4)c3c2,8.4
263,CHEMBL3676272,NC1CC(CF)CN(C1)c2ccncc2NC(=O)c3csc(n3)c4c(F)cccc4F,8.4
264,CHEMBL3676271,NC1CC(CN(C1)c2ccncc2NC(=O)c3csc(n3)c4c(F)cccc4F)C(F)(F)F,8.4
265,CHEMBL3393722,NC1CCCN(C1)c2cncc(n2)c3n[nH]c4ccc(cc34)c5c(F)cccc5F,8.4
266,CHEMBL2048873,N[C@@H]1CCCN(C1)c2c(\C=C\3/SC(=O)NC3=O)cccc2c4ccncc4,8.4
267,CHEMBL3676280,N[C@@H]1CN(CC(F)(F)C1)c2ccncc2NC(=O)c3csc(n3)c4c(F)cccc4F,8.4
268,CHEMBL3676259,N[C@@H]1CN(CC[C@H]1O)c2ccncc2NC(=O)c3csc(n3)c4c(F)cccc4F,8.4
269,CHEMBL3651996,N[C@@H]1C[C@@H](CC[C@@H]1O)c2ccncc2NC(=O)c3nc(ccc3N)c4c(F)cccc4F,8.4
270,CHEMBL3103861,N[C@H]1CCCN(C1)c2ccncc2NC(=O)c3nc(ccc3N)c4cccnc4,8.4
271,CHEMBL3676290,N[C@H]1CCC[C@H](C1)c2ccncc2NC(=O)c3csc(n3)c4c(F)cccc4F,8.4
272,CHEMBL1910908,Nc1ccc(c(F)n1)c2c[nH]c3ccc(cc23)c4cncc(n4)N5CCNCC5,8.4
273,CHEMBL3394073,Nc1nnc(s1)c2ccc3[nH]cc(c4cncc(n4)N5CCOCC5)c3c2,8.4
274,CHEMBL2030386,O[C@@H]1CCN(CC2=Nc3c(oc4ccc(Br)cc34)C(=O)N2)C1,8.4
275,CHEMBL584161,Oc1cccc(NCC2=Nc3c(sc4ccc(Br)cc34)C(=O)N2)c1,8.4
276,CHEMBL3687531,C[C@H]1C[C@H](C[C@@H](N)[C@H]1S(=O)(=O)C)c2ccncc2NC(=O)c3ccc(F)c(n3)c4c(F)cc(C)cc4F,8.42
277,CHEMBL3652635,Cn1ncc(NC(=O)c2nc(ccc2N)c3ccccc3F)c1N4CC[C@@H](N)C4,8.42
278,CHEMBL3687510,CCOCc1cc(F)c(c(F)c1)c2nc(ccc2F)C(=O)Nc3cnccc3[C@@H]4C[C@H](C)[C@H](OC)[C@H](N)C4,8.43
279,CHEMBL3687502,CO[C@H]1[C@@H](C)C[C@H](C[C@H]1N)c2ccncc2NC(=O)c3ccc(F)c(n3)c4c(F)cccc4F,8.43
280,CHEMBL3634766,Cn1cc(cn1)c2cc3c(n[nH]c3cn2)c4ccccn4,8.43
281,CHEMBL3691982,COC(=O)N[C@H]1[C@@H](C)CN(C[C@H]1N)c2ccncc2NC(=O)c3ccc(F)c(n3)c4c(F)cc(cc4F)C5(F)CCOCC5,8.45
282,CHEMBL3634776,CN1C(=O)CN(C1=O)c2cc3c(n[nH]c3cn2)c4cccc(n4)N5CCNCC5,8.48
283,CHEMBL3687431,C[C@H]1CN(C[C@@H](N)[C@H]1NS(=O)(=O)C)c2ccncc2NC(=O)c3ccc(F)c(n3)c4c(F)cccc4F,8.49
284,CHEMBL3639863,CO[C@@H]1[C@@H](C)C[C@H](C[C@H]1N)c2ccncc2NC(=O)c3ccc(F)c(n3)c4c(F)cc(cc4F)C5(O)CCOCC5,8.51
285,CHEMBL3687485,CO[C@@H]1[C@@H](C)C[C@H](C[C@H]1N)c2ccncc2NC(=O)c3ccc(F)c(n3)c4c(F)cccc4F,8.51
286,CHEMBL3676306,CC(C)Oc1ccc(F)c(c1F)c2nc(cs2)C(=O)Nc3cnccc3[C@@H]4C[C@H](C)C[C@H](N)C4,8.52
287,CHEMBL3394171,CC(C)Oc1cncc(n1)c2c[nH]c3ccc(cc23)c4nnc(N)s4,8.52
288,CHEMBL3393705,CC1(C)CCNCC1Oc2cncc(n2)c3n[nH]c4ccc(cc34)c5c(F)cccc5F,8.52
289,CHEMBL3676301,CC1(C)C[C@H](N)C[C@@H](C1)c2ccncc2NC(=O)c3csc(n3)c4c(F)cccc4F,8.52
290,CHEMBL3651963,CCCOc1ccc(F)c(c1)c2nc(C(=O)Nc3cnccc3[C@@H]4CC[C@H](O)[C@H](N)C4)c(N)cc2F,8.52
291,CHEMBL3676307,CCOc1ccc(F)c(c1F)c2nc(cs2)C(=O)Nc3cnccc3[C@@H]4C[C@H](C)C[C@H](N)C4,8.52
292,CHEMBL3394166,CCOc1cccc(n1)c2c[nH]c3ccc(cc23)c4nnc(N)s4,8.52
293,CHEMBL3676281,CC[C@@H]1C[C@H](N)CN(C1)c2ccncc2NC(=O)c3csc(n3)c4c(F)cccc4F,8.52
294,CHEMBL3687456,COC(=O)N(C)[C@@H]1[C@H](C)C[C@@H](C[C@@H]1N)c2ccncc2NC(=O)c3nc(sc3N)c4c(F)cccc4F,8.52
295,CHEMBL3639908,COC(=O)N[C@H]1[C@@H](C)CN(C[C@H]1N)c2ccncc2NC(=O)c3nc(ccc3N)c4cc(ccc4F)C(=O)NC(C)C,8.52
296,CHEMBL3735657,COCCOc1ccc2C(=O)\C(=C\c3n[nH]c4ncccc34)\Oc2c1C(C)N5CCNCC5,8.52
297,CHEMBL3651943,COc1ccc(F)c(c1F)c2nc(ccc2F)C(=O)Nc3cnccc3[C@@H]4C[C@H](C)[C@@H](O)[C@H](N)C4,8.52
298,CHEMBL3651973,C[C@@H]1C[C@H](N)C[C@@H](C1)c2ccncc2NC(=O)c3ccc(F)c(n3)c4ccc(F)cc4F,8.52
299,CHEMBL3651934,C[C@@H]1C[C@H](N)C[C@@H](C1)c2ccncc2NC(=O)c3ccc(F)c(n3)c4ccc(O)cc4F,8.52
300,CHEMBL3651956,C[C@@H]1C[C@H](N)C[C@@H](C1)c2ccncc2NC(=O)c3ccc(F)c(n3)c4cccc(F)c4F,8.52
301,CHEMBL3651932,C[C@@H]1C[C@H](N)C[C@@H](C1)c2ccncc2NC(=O)c3cccc(n3)c4c(F)cc(O)cc4F,8.52
302,CHEMBL3651954,C[C@@H]1C[C@H](N)C[C@@H](C1)c2ccncc2NC(=O)c3cccc(n3)c4cc(C)ccc4F,8.52
303,CHEMBL3651931,C[C@@H]1C[C@H](N)C[C@@H](C1)c2ccncc2NC(=O)c3cccc(n3)c4cc(O)ccc4F,8.52
304,CHEMBL3651958,C[C@@H]1C[C@H](N)C[C@@H](C1)c2ccncc2NC(=O)c3cccc(n3)c4ccccc4F,8.52
305,CHEMBL3676309,C[C@@H]1C[C@H](N)C[C@@H](C1)c2ccncc2NC(=O)c3csc(n3)c4c(F)ccc(Cl)c4F,8.52
306,CHEMBL3651912,C[C@H]1CN(C[C@@H](N)[C@@H]1O)c2ccncc2NC(=O)c3ccc(F)c(n3)C4CCCCC4,8.52
307,CHEMBL3651918,C[C@H]1CN(C[C@@H](N)[C@@H]1O)c2ccncc2NC(=O)c3ccc(F)c(n3)c4c(F)ccc(C)c4F,8.52
308,CHEMBL3651909,C[C@H]1CN(C[C@@H](N)[C@@H]1O)c2ccncc2NC(=O)c3cccc(n3)c4c(F)ccc(C)c4F,8.52
309,CHEMBL3651919,C[C@H]1CN(C[C@@H](N)[C@@H]1O)c2ccncc2NC(=O)c3cccc(n3)c4ccccc4F,8.52
310,CHEMBL3676292,C[C@H]1CN(C[C@@H](N)[C@@H]1O)c2ccncc2NC(=O)c3csc(n3)c4c(F)cccc4F,8.52
311,CHEMBL3651971,C[C@H]1C[C@H](C[C@@H](N)[C@H]1O)c2ccncc2NC(=O)c3ccc(F)c(n3)c4ccccc4F,8.52
312,CHEMBL3652002,Cc1ccc(F)c(c1)c2cccc(n2)C(=O)Nc3cnccc3[C@H]4C[C@@H](N)C[C@H](C4)C(F)(F)F,8.52
313,CHEMBL3651925,Cc1ccc(F)c(c1F)c2cccc(n2)C(=O)Nc3cnccc3C4C[C@@H](N)C[C@@H](N)C4,8.52
314,CHEMBL3651916,Cc1ccc(F)c(c1F)c2nc(ccc2F)C(=O)Nc3cnccc3[C@@H]4CCC[C@H](N)C4,8.52
315,CHEMBL3393699,Fc1cccc(F)c1c2ccc3[nH]nc(c4cncc(NC5CCNC5)n4)c3c2,8.52
316,CHEMBL1910909,NC1CCCN(C1)c2cncc(n2)c3ccc4[nH]cc(c5ccc(N)nc5F)c4c3,8.52
317,CHEMBL3651974,N[C@@H]1C[C@@H](CC[C@@H]1O)c2ccncc2NC(=O)c3cccc(n3)c4c(F)cccc4F,8.52
318,CHEMBL3676294,N[C@@H]1C[C@@H](CC[C@@H]1O)c2ccncc2NC(=O)c3nc(sc3N)c4c(F)cccc4F,8.52
319,CHEMBL3747207,N[C@H]1CCCN(C1)c2ccncc2NC(=O)c3nc(ccc3N)C4CCCCC4,8.52
320,CHEMBL3103865,N[C@H]1CCCN(C1)c2ccncc2NC(=O)c3nc(ccc3N)c4ccccc4C(F)(F)F,8.52
321,CHEMBL3103860,N[C@H]1CCCN(C1)c2ccncc2NC(=O)c3nc(ccc3N)c4ccccn4,8.52
322,CHEMBL3103863,N[C@H]1CCCN(C1)c2ccncc2NC(=O)c3nc(ccc3N)c4ccnc(N)n4,8.52
323,CHEMBL3651928,N[C@H]1CCC[C@H](C1)c2ccncc2NC(=O)c3ccc(F)c(n3)c4c(F)cc(O)cc4F,8.52
324,CHEMBL3651993,N[C@H]1CCC[C@H](C1)c2ccncc2NC(=O)c3ccc(F)c(n3)c4c(F)cccc4F,8.52
325,CHEMBL3651929,N[C@H]1CCC[C@H](C1)c2ccncc2NC(=O)c3ccc(F)c(n3)c4cc(O)ccc4F,8.52
326,CHEMBL3651975,N[C@H]1CCC[C@H](C1)c2ccncc2NC(=O)c3ccc(F)c(n3)c4cccc(F)c4F,8.52
327,CHEMBL3651902,N[C@H]1CCC[C@H](C1)c2ccncc2NC(=O)c3cccc(n3)c4ccc(O)cc4F,8.52
328,CHEMBL3676289,N[C@H]1CCC[C@H](C1)c2ccncc2NC(=O)c3nc(sc3N)c4c(F)cccc4F,8.52
329,CHEMBL3676283,N[C@H]1C[C@H](CN(C1)c2ccncc2NC(=O)c3csc(n3)c4c(F)cccc4F)C(F)(F)F,8.52
330,CHEMBL3792428,Nc1cc(ccn1)c2ccncc2NC(=O)c3nc(ccc3N)c4ccccc4F,8.52
331,CHEMBL3676286,Nc1sc(nc1C(=O)Nc2cnccc2N3CCC(F)CC3)c4c(F)cccc4F,8.52
332,CHEMBL3691961,COC(=O)N[C@H]1[C@@H](C)CN(C[C@H]1N)c2ccncc2NC(=O)c3ccc(F)c(n3)c4c(F)cc(cc4F)C5(O)CCOCC5,8.53
333,CHEMBL3691970,C[C@H]1C[C@H](C[C@@H](N)[C@H]1n2cc(nn2)C3CC3)c4ccncc4NC(=O)c5ccc(F)c(n5)c6c(F)cccc6F,8.54
334,CHEMBL3687504,CO[C@H]1[C@@H](C)C[C@H](C[C@H]1N)c2ccncc2NC(=O)c3ccc(F)c(n3)c4c(F)cc(cc4F)C5CCS(=O)(=O)CC5,8.55
335,CHEMBL3691956,C[C@H]1C[C@H](C[C@@H](N)[C@H]1n2ccnn2)c3ccncc3NC(=O)c4ccc(F)c(n4)c5c(F)cc(cc5F)C6(O)CCC6,8.57
336,CHEMBL3687501,CCO[C@H]1[C@@H](C)C[C@H](C[C@H]1N)c2ccncc2NC(=O)c3ccc(F)c(n3)c4c(F)cc(C)cc4F,8.58
337,CHEMBL3652624,Cn1ncc(NC(=O)c2nc(ccc2N)c3ccccc3)c1N4CCC(N)CC4,8.58
338,CHEMBL3691922,CO[C@@H]1[C@@H](C)C[C@H](C[C@H]1N)c2ccncc2NC(=O)c3ccc(F)c(n3)c4c(F)cc(cc4F)C5(O)CCC5,8.59
339,CHEMBL3691920,CCOCc1cc(F)c(c(F)c1)c2nc(ccc2F)C(=O)Nc3cnccc3[C@@H]4C[C@H](C)[C@@H](OC)[C@H](N)C4,8.6
340,CHEMBL3691959,COC(=O)N[C@H]1[C@@H](C)C[C@H](C[C@H]1N)c2ccncc2NC(=O)c3nc(c(F)cc3N)c4c(F)cccc4F,8.6
341,CHEMBL1952143,COc1cc(NCC2CCNCC2)nc3c1nnn3c4cccc(c4)N(C)C,8.6
342,CHEMBL3735890,COc1ccc2C(=O)\C(=C\c3n[nH]c4ncccc34)\Oc2c1C(C)N5CCNCC5,8.6
343,CHEMBL3691955,C[C@H]1C[C@H](C[C@@H](N)[C@H]1n2ccnn2)c3ccncc3NC(=O)c4ccc(F)c(n4)c5c(F)cc(OC6CCOCC6)cc5F,8.6
344,CHEMBL3687414,C[C@H]1C[C@H](C[C@@H](N)[C@H]1n2ccnn2)c3ccncc3NC(=O)c4ccc(F)c(n4)c5c(F)cccc5F,8.6
345,CHEMBL3652643,Cn1ncc(NC(=O)c2ccc(F)c(n2)c3c(F)cccc3F)c1N4CCC[C@@H](N)CC4,8.61
346,CHEMBL3687534,CCOCc1cc(F)c(c(F)c1)c2nc(ccc2F)C(=O)Nc3cnccc3[C@@H]4C[C@H](C)[C@H](OCCS(=O)(=O)C)[C@H](N)C4,8.62
347,CHEMBL3676302,N[C@H]1CCCN(C1)c2ccncc2NC(=O)c3csc(n3)c4ccccc4,8.64
348,CHEMBL3691944,C[C@H]1CN(C[C@@H](N)[C@H]1n2ccnn2)c3ccncc3NC(=O)c4ccc(F)c(n4)c5c(F)cc(cc5F)C6(O)CCOCC6,8.65
349,CHEMBL3691927,CO[C@@H]1[C@@H](C)C[C@H](C[C@H]1N)c2ccncc2NC(=O)c3ccc(F)c(n3)c4c(F)cc(OC)cc4F,8.66
350,CHEMBL3687507,CO[C@H]1[C@@H](C)C[C@H](C[C@H]1N)c2ccncc2NC(=O)c3ccc(F)c(n3)c4c(F)cc(cc4F)C(C)(C)O,8.66
351,CHEMBL3691935,C[C@H]1CN(C[C@@H](N)[C@H]1n2ccnn2)c3ccncc3NC(=O)c4ccc(F)c(n4)c5c(F)cc(cc5F)C6(F)CCOCC6,8.66
352,CHEMBL3691981,CC(C)NC(=O)c1ccc(F)c(c1)c2ccc(N)c(n2)C(=O)Nc3cnccc3N4C[C@H](C)[C@@H]([C@H](N)C4)n5ccnn5,8.68
353,CHEMBL3687512,CO[C@H]1[C@@H](C)C[C@H](C[C@H]1N)c2ccncc2NC(=O)c3ccc(F)c(n3)c4c(F)cc(C)cc4F,8.68
354,CHEMBL3691976,COc1cc(F)c(c(F)c1)c2nc(ccc2F)C(=O)Nc3cnccc3[C@@H]4C[C@H](C)[C@@H]([C@H](N)C4)n5ccnn5,8.68
355,CHEMBL3639862,C[C@H]1C[C@H](C[C@@H](N)[C@H]1S(=O)(=O)CCO)c2ccncc2NC(=O)c3ccc(F)c(n3)c4c(F)cccc4F,8.68
356,CHEMBL3691971,C[C@H]1C[C@H](C[C@@H](N)[C@H]1n2cc(nn2)C(=C)C)c3ccncc3NC(=O)c4ccc(F)c(n4)c5c(F)cccc5F,8.69
357,CHEMBL3394167,CC(C)Oc1cccc(n1)c2c[nH]c3ccc(cc23)c4nnc(N)s4,8.7
358,CHEMBL3652016,CC1(C)C[C@H](N)C[C@@H](C1)c2ccncc2NC(=O)c3ccc(F)c(n3)c4c(F)cc(O)cc4F,8.7
359,CHEMBL3651945,CC1(C)C[C@H](N)C[C@@H](C1)c2ccncc2NC(=O)c3ccc(F)c(n3)c4c(F)cccc4F,8.7
360,CHEMBL3687533,COCCOc1cc(F)c(c(F)c1)c2nc(ccc2F)C(=O)Nc3cnccc3[C@@H]4C[C@H](C)[C@@H](OC)[C@H](N)C4,8.7
361,CHEMBL3652003,COc1cc(F)c(c(F)c1)c2cccc(n2)C(=O)Nc3cnccc3[C@H]4C[C@@H](N)C[C@H](C4)C(F)(F)F,8.7
362,CHEMBL3652017,COc1cc(F)c(c(F)c1)c2nc(ccc2F)C(=O)Nc3cnccc3[C@H]4C[C@@H](N)CC(C)(C)C4,8.7
363,CHEMBL3651941,COc1ccc(F)c(c1)c2nc(ccc2F)C(=O)Nc3cnccc3[C@@H]4C[C@H](C)C[C@H](N)C4,8.7
364,CHEMBL3676305,COc1ccc(F)c(c1F)c2nc(cs2)C(=O)Nc3cnccc3[C@@H]4C[C@H](C)C[C@H](N)C4,8.7
365,CHEMBL3676284,C[C@@H]1C[C@H](N)CN(C1)c2ccncc2NC(=O)c3csc(n3)c4c(F)cccc4F,8.7
366,CHEMBL3651923,C[C@@H]1C[C@H](N)C[C@@H](C1)c2ccncc2NC(=O)c3ccc(F)c(n3)c4c(F)ccc(C)c4F,8.7
367,CHEMBL3652023,C[C@@H]1C[C@H](N)C[C@@H](C1)c2ccncc2NC(=O)c3ccc(F)c(n3)c4c(F)ccc(F)c4F,8.7
368,CHEMBL3651966,C[C@@H]1C[C@H](N)C[C@@H](C1)c2ccncc2NC(=O)c3ccc(F)c(n3)c4c(F)cccc4F,8.7
369,CHEMBL3651955,C[C@@H]1C[C@H](N)C[C@@H](C1)c2ccncc2NC(=O)c3ccc(F)c(n3)c4cc(C)ccc4F,8.7
370,CHEMBL3651942,C[C@@H]1C[C@H](N)C[C@@H](C1)c2ccncc2NC(=O)c3ccc(F)c(n3)c4cc(O)ccc4F,8.7
371,CHEMBL3651953,C[C@@H]1C[C@H](N)C[C@@H](C1)c2ccncc2NC(=O)c3ccc(F)c(n3)c4ccccc4F,8.7
372,CHEMBL3651959,C[C@@H]1C[C@H](N)C[C@@H](C1)c2ccncc2NC(=O)c3cccc(n3)c4c(F)cccc4F,8.7
373,CHEMBL3676310,C[C@@H]1C[C@H](N)C[C@@H](C1)c2ccncc2NC(=O)c3csc(n3)c4c(F)cc(O)cc4F,8.7
374,CHEMBL3651938,C[C@@H]1C[C@H](N)C[C@@H](C1)c2ccncc2NC(=O)c3nc(ccc3F)c4c(F)cc(O)cc4F,8.7
375,CHEMBL3651939,C[C@@H]1C[C@H](N)C[C@@H](C1)c2ccncc2NC(=O)c3nc(ccc3F)c4cc(O)ccc4F,8.7
376,CHEMBL3651921,C[C@H]1CN(C[C@@H](N)[C@@H]1O)c2ccncc2NC(=O)c3ccc(F)c(n3)c4ccccc4F,8.7
377,CHEMBL3652013,C[C@H]1CN(C[C@@H](N)[C@@H]1O)c2ccncc2NC(=O)c3ccc(F)c(n3)c4ccncc4F,8.7
378,CHEMBL3651922,C[C@H]1CN(C[C@@H](N)[C@@H]1O)c2ccncc2NC(=O)c3cccc(n3)c4c(F)cccc4F,8.7
379,CHEMBL3651900,C[C@H]1C[C@H](C[C@@H](N)[C@@H]1O)c2ccncc2NC(=O)c3ccc(F)c(n3)c4c(F)cc(O)cc4F,8.7
380,CHEMBL3651940,C[C@H]1C[C@H](C[C@@H](N)[C@@H]1O)c2ccncc2NC(=O)c3ccc(F)c(n3)c4c(F)ccc(C)c4F,8.7
381,CHEMBL3651946,C[C@H]1C[C@H](C[C@@H](N)[C@@H]1O)c2ccncc2NC(=O)c3ccc(F)c(n3)c4c(F)cccc4F,8.7
382,CHEMBL3651948,C[C@H]1C[C@H](C[C@@H](N)[C@@H]1O)c2ccncc2NC(=O)c3cccc(n3)c4c(F)cccc4F,8.7
383,CHEMBL3651936,C[C@H]1C[C@H](C[C@@H](N)[C@H]1O)c2ccncc2NC(=O)c3ccc(F)c(n3)c4c(F)ccc(C)c4F,8.7
384,CHEMBL3651981,C[C@H]1C[C@H](C[C@@H](N)[C@H]1O)c2ccncc2NC(=O)c3ccc(F)c(n3)c4c(F)cccc4F,8.7
385,CHEMBL3651972,C[C@H]1C[C@H](C[C@@H](N)[C@H]1O)c2ccncc2NC(=O)c3cccc(n3)c4c(F)cccc4F,8.7
386,CHEMBL3652011,C[C@H]1C[C@H](C[C@@H](O)[C@@H]1O)c2ccncc2NC(=O)c3ccc(F)c(n3)c4c(F)cccc4F,8.7
387,CHEMBL3652015,C[C@H]1C[C@H](C[C@@H](O)[C@@H]1O)c2ccncc2NC(=O)c3nc(c(F)cc3N)c4c(F)cccc4F,8.7
388,CHEMBL3651924,Cc1ccc(F)c(c1F)c2cccc(n2)C(=O)Nc3cnccc3[C@@H]4CCC[C@H](N)C4,8.7
389,CHEMBL3393698,Fc1cccc(F)c1c2ccc3[nH]nc(c4cncc(NC5CCCNC5)n4)c3c2,8.7
390,CHEMBL3393701,Fc1cccc(F)c1c2ccc3[nH]nc(c4cncc(OC5CCNCC5)n4)c3c2,8.7
391,CHEMBL3354511,Fc1cccc(F)c1c2nc(cs2)C(=O)Nc3cnccc3O[C@H]4CCNC4,8.7
392,CHEMBL3651962,N[C@@H]1C[C@@H](CC[C@@H]1O)c2ccncc2NC(=O)c3nc(c(F)cc3N)c4ccccc4F,8.7
393,CHEMBL3676258,N[C@H]1CCCN(C1)c2ccncc2NC(=O)c3csc(n3)c4c(F)cccc4F,8.7
394,CHEMBL3676285,N[C@H]1CCCN(C1)c2ccncc2NC(=O)c3nc(sc3N)c4c(F)cccc4F,8.7
395,CHEMBL3651905,N[C@H]1CCC[C@H](C1)c2ccncc2NC(=O)c3ccc(F)c(n3)c4ccc(O)cc4F,8.7
396,CHEMBL3651904,N[C@H]1CCC[C@H](C1)c2ccncc2NC(=O)c3cccc(n3)c4c(F)cc(O)cc4F,8.7
397,CHEMBL3651903,N[C@H]1CCC[C@H](C1)c2ccncc2NC(=O)c3cccc(n3)c4cc(O)ccc4F,8.7
398,CHEMBL3394165,Nc1nnc(s1)c2ccc3[nH]cc(c4cncc(NC5CCCCC5)n4)c3c2,8.7
399,CHEMBL3354517,O[C@@H]1CC[C@H](CC1)Oc2ccncc2NC(=O)c3csc(n3)c4c(F)cccc4F,8.7
400,CHEMBL3691952,COCCOc1cc(F)c(c(F)c1)c2nc(ccc2F)C(=O)Nc3cnccc3[C@@H]4C[C@H](C)[C@@H]([C@H](N)C4)n5ccnn5,8.71
401,CHEMBL3687503,COCCOc1cc(F)c(c(F)c1)c2nc(ccc2F)C(=O)Nc3cnccc3[C@@H]4C[C@H](C)[C@H](OC)[C@H](N)C4,8.73
402,CHEMBL3687524,C[C@H]1C[C@H](C[C@@H](N)[C@H]1S(=O)(=O)C)c2ccncc2NC(=O)c3nc(c(F)cc3N)c4c(F)cccc4F,8.73
403,CHEMBL3735816,COc1ccc2C(=O)\C(=C\c3n[nH]c4ncccc34)\Oc2c1CN5CCNCC5,8.75
404,CHEMBL2442291,Cc1oc(nn1)c2cccc(c2)c3cnn4ccc(NCCN)nc34,8.75
405,CHEMBL3687464,C[C@H]1CN(C[C@@H](N)[C@H]1C#N)c2ccncc2NC(=O)c3nc(sc3N)c4c(F)cccc4F,8.76
406,CHEMBL3687527,C[C@H]1C[C@H](C[C@@H](N)[C@H]1OCCS(=O)(=O)C)c2ccncc2NC(=O)c3ccc(F)c(n3)c4c(F)cc(cc4F)C5(O)CCOCC5,8.76
407,CHEMBL3691965,C[C@H]1C[C@H](C[C@@H](N)[C@H]1n2ccnn2)c3ccncc3NC(=O)c4ccc(F)c(n4)c5c(F)cc(C)cc5F,8.76
408,CHEMBL3691914,COCCOc1cc(F)c(c(F)c1)c2nc(ccc2F)C(=O)Nc3cnccc3[C@@H]4C[C@H](C)[C@H](OCCS(=O)(=O)C)[C@H](N)C4,8.77
409,CHEMBL3687515,COCCOc1cc(F)c(c(F)c1)c2nc(ccc2F)C(=O)Nc3cnccc3N4C[C@H](C)[C@H](NC(=O)OC)[C@H](N)C4,8.79
410,CHEMBL3687487,C[C@H]1C[C@H](C[C@@H](N)[C@H]1OCCS(=O)(=O)C)c2ccncc2NC(=O)c3ccc(F)c(n3)c4c(F)cccc4F,8.79
411,CHEMBL3687508,CO[C@H]1[C@@H](C)C[C@H](C[C@H]1N)c2ccncc2NC(=O)c3ccc(F)c(n3)c4c(F)cc(cc4F)C5(O)CCC5,8.8
412,CHEMBL3687417,C[C@H]1CN(C[C@@H](N)[C@H]1n2cc(nn2)c3ccsc3)c4ccncc4NC(=O)c5ccc(F)c(n5)c6c(F)cccc6F,8.81
413,CHEMBL3691923,C[C@H]1C[C@H](C[C@@H](N)[C@@H]1OCCS(=O)(=O)C)c2ccncc2NC(=O)c3ccc(F)c(n3)c4c(F)cc(cc4F)C5(O)CCC5,8.81
414,CHEMBL3691941,CCOCc1cc(F)c(c(F)c1)c2nc(ccc2F)C(=O)Nc3cnccc3N4C[C@H](C)[C@@H]([C@H](N)C4)n5ccnn5,8.82
415,CHEMBL3691986,CCOCc1cc(F)c(c(F)c1)c2nc(ccc2F)C(=O)Nc3cnccc3N4C[C@H](C)[C@H](NC(=O)OC)[C@H](N)C4,8.82
416,CHEMBL3687532,C[C@H]1C[C@H](C[C@@H](N)[C@H]1Oc2ccccn2)c3ccncc3NC(=O)c4ccc(F)c(n4)c5c(F)cccc5F,8.82
417,CHEMBL3691915,C[C@H]1CN(C[C@@H](N)[C@H]1n2ccnn2)c3ccncc3NC(=O)c4csc(n4)c5c(F)cccc5F,8.83
418,CHEMBL3687511,CO[C@H]1[C@@H](C)C[C@H](C[C@H]1N)c2ccncc2NC(=O)c3ccc(F)c(n3)c4c(F)cc(OC(C)C)cc4F,8.84
419,CHEMBL3691937,C[C@H]1C[C@H](C[C@@H](N)[C@H]1OCCC#N)c2ccncc2NC(=O)c3ccc(F)c(n3)c4c(F)cc(cc4F)C5(F)CCOCC5,8.84
420,CHEMBL3687525,C[C@H]1C[C@H](C[C@@H](N)[C@H]1S(=O)(=O)C)c2ccncc2NC(=O)c3nc(sc3N)c4c(F)cccc4F,8.84
421,CHEMBL3687521,CC(C)NC(=O)c1ccc(F)c(c1)c2ccc(N)c(n2)C(=O)Nc3cnccc3[C@@H]4C[C@H](C)[C@H](OCCC#N)[C@H](N)C4,8.85
422,CHEMBL3687505,CO[C@H]1[C@@H](C)C[C@H](C[C@H]1N)c2ccncc2NC(=O)c3ccc(F)c(n3)c4c(F)cc(cc4F)C(C)C,8.85
423,CHEMBL3634764,O=C1CN(CCN1)c2cc3c(n[nH]c3cn2)c4cccc(n4)N5CCNCC5,8.85
424,CHEMBL3691924,C[C@H]1C[C@H](C[C@@H](N)[C@@H]1OCCS(=O)(=O)C)c2ccncc2NC(=O)c3ccc(F)c(n3)c4c(F)cc(OC5CCOCC5)cc4F,8.87
425,CHEMBL3691957,COC(=O)N[C@H]1[C@@H](C)CN(C[C@H]1N)c2ccncc2NC(=O)c3ccc(F)c(n3)c4c(F)cc(OC)cc4F,8.88
426,CHEMBL3691942,COC(=O)N[C@H]1[C@@H](C)CN(C[C@H]1N)c2ccncc2NC(=O)c3ccc(F)c(n3)c4c(F)cc(cc4F)C5(O)CCC5,8.88
427,CHEMBL3652636,Cn1ncc(NC(=O)c2nc(ccc2N)c3ccccc3F)c1N4CCC[C@H](CN)C4,8.88
428,CHEMBL3687472,CO[C@@H]1[C@@H](C)C[C@H](C[C@H]1N)c2ccncc2NC(=O)c3ccc(F)c(n3)c4c(F)cc(C)cc4F,8.89
429,CHEMBL2147767,COc1ccc2C(=O)\C(=C\c3c[nH]c4ncccc34)\Oc2c1CN5CCNCC5,8.89
430,CHEMBL3687509,CO[C@H]1[C@@H](C)C[C@H](C[C@H]1N)c2ccncc2NC(=O)c3ccc(F)c(n3)c4c(F)cc(cc4F)C5CCOCC5,8.9
431,CHEMBL3691925,CC(C)Oc1cc(F)c(c(F)c1)c2nc(ccc2F)C(=O)Nc3cnccc3[C@@H]4C[C@H](C)[C@H](OCCS(=O)(=O)C)[C@H](N)C4,8.91
432,CHEMBL3687498,CCO[C@H]1[C@@H](C)C[C@H](C[C@H]1N)c2ccncc2NC(=O)c3ccc(F)c(n3)c4c(F)cccc4F,8.91
433,CHEMBL3691928,COc1cc(F)c(c(F)c1)c2nc(ccc2F)C(=O)Nc3cnccc3[C@@H]4C[C@H](C)[C@H](OCCS(=O)(=O)C)[C@H](N)C4,8.91
434,CHEMBL3691978,C[C@H]1CN(C[C@@H](N)[C@H]1n2ccnn2)c3ccncc3NC(=O)c4nc(c(F)cc4N)c5c(F)cccc5F,8.93
435,CHEMBL3687459,C[C@H]1C[C@H](C[C@@H](N)[C@H]1n2cncn2)c3ccncc3NC(=O)c4ccc(F)c(n4)c5c(F)cccc5F,8.94
436,CHEMBL3735633,COc1ccc2C(=O)\C(=C\c3n[nH]c4ncccc34)\Oc2c1CN5CCNC[C@@H]5C,8.96
437,CHEMBL3652631,Cn1ncc(NC(=O)c2nc(sc2N)c3c(F)cccc3F)c1OC4CCNCC4,8.96
438,CHEMBL3691916,COCCOc1cc(F)c(c(F)c1)c2nc(ccc2F)C(=O)Nc3cnccc3C4C[C@H](C)[C@@H]([C@H](N)C4)n5ccnn5,8.97
439,CHEMBL3652628,Cn1ncc(NC(=O)c2nc(sc2N)c3c(F)cccc3F)c1OCC4CCNCC4,8.97
440,CHEMBL3691931,CC(C)Oc1cc(F)c(c(F)c1)c2nc(ccc2F)C(=O)Nc3cnccc3N4C[C@H](C)[C@@H]([C@H](N)C4)n5ccnn5,8.99
441,CHEMBL3687427,COCc1cn(nn1)[C@H]2[C@@H](C)CN(C[C@H]2N)c3ccncc3NC(=O)c4ccc(F)c(n4)c5c(F)cccc5F,8.99
442,CHEMBL3634763,C1COCC(C1)c2cc3c(n[nH]c3cn2)c4cccc(n4)N5CCNCC5,9.0
443,CHEMBL3394074,CC(C)Nc1cncc(n1)c2c[nH]c3ccc(cc23)c4nnc(N)s4,9.0
444,CHEMBL573702,CN(C)CC1=Nc2c(sc3ccc(cc23)c4ccc(cc4)C#N)C(=O)N1,9.0
445,CHEMBL3652022,C[C@@H]1C[C@H](N)C[C@@H](C1)c2ccncc2NC(=O)c3ccc(F)c(n3)c4c(F)cc(O)cc4F,9.0
446,CHEMBL3652019,C[C@@H]1C[C@H](N)C[C@@H](C1)c2ccncc2NC(=O)c3ccc(F)c(n3)c4c(F)ccc(O)c4F,9.0
447,CHEMBL3651899,C[C@H]1CN(C[C@@H](N)[C@@H]1O)c2ccncc2NC(=O)c3ccc(F)c(n3)c4c(F)cc(O)cc4F,9.0
448,CHEMBL3105022,C[C@H]1CN(C[C@@H](N)[C@@H]1O)c2ccncc2NC(=O)c3ccc(F)c(n3)c4c(F)cccc4F,9.0
449,CHEMBL3105021,C[C@H]1CN(C[C@@H](N)[C@@H]1O)c2ccncc2NC(=O)c3nc(c(F)cc3N)c4c(F)cccc4F,9.0
450,CHEMBL3651920,C[C@H]1CN(C[C@@H](N)[C@@H]1O)c2ccncc2NC(=O)c3nc(ccc3F)c4c(F)cccc4F,9.0
451,CHEMBL3687430,C[C@H]1CN(C[C@@H](N)[C@H]1N)c2ccncc2NC(=O)c3ccc(F)c(n3)c4c(F)cccc4F,9.0
452,CHEMBL3652010,C[C@H]1CN(C[C@@H](O)[C@@H]1O)c2ccncc2NC(=O)c3ccc(F)c(n3)c4c(F)cccc4F,9.0
453,CHEMBL3652008,C[C@H]1CN(C[C@@H](O)[C@@H]1O)c2ccncc2NC(=O)c3ccc(F)c(n3)c4ccccc4F,9.0
454,CHEMBL3652009,C[C@H]1CN(C[C@@H](O)[C@@H]1O)c2ccncc2NC(=O)c3cccc(n3)c4c(F)cccc4F,9.0
455,CHEMBL3687452,C[C@H]1C[C@H](C[C@@H](N)C12OCCO2)c3ccncc3NC(=O)c4ccc(F)c(n4)c5c(F)cccc5F,9.0
456,CHEMBL3354521,Fc1cccc(F)c1c2cccc(n2)C(=O)Nc3cnccc3OC4CCNCC4,9.0
457,CHEMBL3354513,Fc1cccc(F)c1c2nc(cs2)C(=O)Nc3cnccc3OC4CCNCC4,9.0
458,CHEMBL3393692,NC1CCN(CC1)c2cncc(n2)c3n[nH]c4ccc(cc34)c5c(F)cccc5F,9.0
459,CHEMBL3676262,N[C@@H]1CN(CC[C@@H]1O)c2ccncc2NC(=O)c3csc(n3)c4c(F)cccc4F,9.0
460,CHEMBL3652004,N[C@@H]1C[C@@H](C[C@@H](C1)C(F)(F)F)c2ccncc2NC(=O)c3nc(c(F)cc3N)c4c(F)cccc4F,9.0
461,CHEMBL3652006,N[C@@H]1C[C@@H](C[C@@H](C1)C(F)(F)F)c2ccncc2NC(=O)c3nc(ccc3N)c4c(F)cccc4F,9.0
462,CHEMBL3652018,N[C@H]1CCC[C@H](C1)c2ccncc2NC(=O)c3ccc(F)c(n3)c4c(F)ccc(O)c4F,9.0
463,CHEMBL3651994,N[C@H]1CCC[C@H](C1)c2ccncc2NC(=O)c3nc(c(F)cc3N)c4c(F)cccc4F,9.0
464,CHEMBL3394164,Nc1nnc(s1)c2ccc3[nH]cc(c4cncc(NC5CCCC5)n4)c3c2,9.0
465,CHEMBL3354518,Nc1sc(nc1C(=O)Nc2cnccc2O[C@H]3CCNC3)c4c(F)cccc4F,9.0
466,CHEMBL3691949,COc1cc(F)c(c(F)c1)c2nc(ccc2F)C(=O)Nc3cnccc3[C@@H]4C[C@H](C)[C@H](OCCC#N)[C@H](N)C4,9.02
467,CHEMBL3687495,C[C@H]1C[C@H](C[C@@H](N)[C@H]1OCCC#N)c2ccncc2NC(=O)c3ccc(F)c(n3)c4c(F)cccc4F,9.02
468,CHEMBL3652633,Cn1ncc(NC(=O)c2nc(cnc2N)c3ccccc3F)c1N4CCC(N)CC4,9.02
469,CHEMBL3691921,CO[C@@H]1[C@@H](C)C[C@H](C[C@H]1N)c2ccncc2NC(=O)c3ccc(F)c(n3)c4c(F)cc(OC5CCOCC5)cc4F,9.03
470,CHEMBL3687433,C[C@H]1CN(C[C@@H](N)[C@H]1NC(=O)C)c2ccncc2NC(=O)c3ccc(F)c(n3)c4c(F)cccc4F,9.04
471,CHEMBL3687483,C[C@H]1C[C@H](C[C@@H](N)[C@H]1OCCS(=O)(=O)C)c2ccncc2NC(=O)c3ccc(F)c(n3)c4c(F)cc(C)cc4F,9.04
472,CHEMBL572550,CCc1ccc(cc1)c2ccc3sc4C(=O)NC(=Nc4c3c2)CN(C)C,9.05
473,CHEMBL3691929,CO[C@@H]1[C@@H](C)C[C@H](C[C@H]1N)c2ccncc2NC(=O)c3nc(c(F)cc3N)c4c(F)cccc4F,9.05
474,CHEMBL3691968,C[C@H]1C[C@H](C[C@@H](N)[C@H]1OCCC#N)c2ccncc2NC(=O)c3ccc(F)c(n3)c4c(F)cc(cc4F)C5(O)CCC5,9.05
475,CHEMBL3691926,CO[C@@H]1[C@@H](C)C[C@H](C[C@H]1N)c2ccncc2NC(=O)c3ccc(F)c(n3)c4c(F)cc(OC(C)C)cc4F,9.06
476,CHEMBL3687420,C[C@H]1CN(C[C@@H](N)[C@H]1n2cc(C)nn2)c3ccncc3NC(=O)c4ccc(F)c(n4)c5c(F)cccc5F,9.07
477,CHEMBL3691960,C[C@H]1C[C@H](C[C@@H](N)[C@H]1n2ccnn2)c3ccncc3NC(=O)c4nc(c(F)cc4N)c5c(F)cccc5F,9.08
478,CHEMBL3687490,COC(=O)N[C@H]1[C@@H](C)CN(C[C@H]1N)c2ccncc2NC(=O)c3ccc(F)c(n3)c4c(F)cc(C)cc4F,9.1
479,CHEMBL1952142,COc1cc(NCC2CCNCC2)nc3c1nnn3c4cccc(OC(F)(F)F)c4,9.1
480,CHEMBL3735861,COc1ccc2C(=O)\C(=C\c3n[nH]c4ncccc34)\Oc2c1CN5CCN[C@@H](C)C5,9.1
481,CHEMBL3691940,C[C@H]1CN(C[C@@H](N)[C@H]1n2ccnn2)c3ccncc3NC(=O)c4nc(sc4N)c5c(F)cccc5F,9.1
482,CHEMBL3691945,C[C@H]1CN(C[C@@H](N)[C@H]1n2ccnn2)c3ccncc3NC(=O)c4ccc(F)c(n4)c5c(F)cc(C)cc5F,9.12
483,CHEMBL3691943,COC(=O)N[C@H]1[C@@H](C)CN(C[C@H]1N)c2ccncc2NC(=O)c3ccc(F)c(n3)c4c(F)cc(OC5CCOCC5)cc4F,9.13
484,CHEMBL3687491,COC(=O)N[C@H]1[C@@H](C)CN(C[C@H]1N)c2ccncc2NC(=O)c3ccc(F)c(n3)c4c(F)cccc4F,9.13
485,CHEMBL3691967,C[C@H]1C[C@H](C[C@@H](N)[C@H]1OCCC#N)c2ccncc2NC(=O)c3ccc(F)c(n3)c4c(F)cc(OC5CCOCC5)cc4F,9.13
486,CHEMBL3691938,C[C@H]1C[C@H](C[C@@H](N)[C@H]1n2ccnn2)c3ccncc3NC(=O)c4nc(sc4N)c5c(F)cccc5F,9.13
487,CHEMBL3652648,Cn1ncc(NC(=O)c2nc(sc2N)c3c(F)cccc3F)c1C4CCC(N)CC4,9.13
488,CHEMBL3687476,C[C@H]1CN(C[C@@H](N)[C@H]1n2cc(CO)nn2)c3ccncc3NC(=O)c4ccc(F)c(n4)c5c(F)cccc5F,9.14
489,CHEMBL582844,CN(C)CC1=Nc2c(sc3ccc(cc23)c4cccc(Cl)c4)C(=O)N1,9.16
490,CHEMBL3393697,Fc1cccc(F)c1c2ccc3[nH]nc(c4cncc(NC5CCNCC5)n4)c3c2,9.16
491,CHEMBL3393704,Fc1cccc(F)c1c2ccc3[nH]nc(c4cncc(OC5CNCCC56CC6)n4)c3c2,9.16
492,CHEMBL3687497,C[C@H]1CN(C[C@@H](N)[C@H]1N=[N+]=[N-])c2ccncc2NC(=O)c3ccc(F)c(n3)c4c(F)cccc4F,9.17
493,CHEMBL3634775,NC(=O)Nc1cc2c(n[nH]c2cn1)c3cccc(n3)N4CCNCC4,9.17
494,CHEMBL3634773,C1CN(CCN1)c2cccc(n2)c3n[nH]c4cnc(cc34)n5ccnc5,9.19
495,CHEMBL3687418,C[C@H]1CN(C[C@@H](N)[C@H]1n2ccnn2)c3ccncc3NC(=O)c4ccc(F)c(n4)c5c(F)cccc5F,9.19
496,CHEMBL3687493,C[C@H]1C[C@H](C[C@@H](N)[C@H]1OCCC#N)c2ccncc2NC(=O)c3ccc(F)c(n3)c4c(F)cc(C)cc4F,9.19
497,CHEMBL3691977,COc1cc(F)c(c(F)c1)c2nc(ccc2F)C(=O)Nc3cnccc3N4C[C@H](C)[C@@H]([C@H](N)C4)n5ccnn5,9.21
498,CHEMBL3687466,C[C@H]1CN(C[C@@H](N)[C@H]1n2cncn2)c3ccncc3NC(=O)c4ccc(F)c(n4)c5c(F)cccc5F,9.21
499,CHEMBL3687443,CS[C@H]1[C@@H](C)C[C@H](C[C@H]1N)c2ccncc2NC(=O)c3ccc(F)c(n3)c4c(F)cccc4F,9.22
500,CHEMBL2387468,Oc1cc(Cc2ccc(cc2)C#N)nc3c(cnn13)C(=O)Nc4c[nH]c5ncccc45,9.22
501,CHEMBL3683258,CN[C@@H]1CC2OC([C@@H]1OC)n3c4ccccc4c5c6CNC(=O)c6c7c8ccccc8n2c7c35,9.24
502,CHEMBL3652623,Cn1ncc(NC(=O)c2nc(sc2N)c3ccccc3F)c1N4CCC[C@H](N)C4,9.24
503,CHEMBL3691932,COC(=O)N[C@H]1[C@@H](C)CN(C[C@H]1N)c2ccncc2NC(=O)c3ccc(F)c(n3)c4c(F)cc(OC(C)C)cc4F,9.26
504,CHEMBL3687481,CCO[C@H]1[C@@H](C)C[C@H](C[C@H]1N)c2ccncc2NC(=O)c3nc(sc3N)c4c(F)cccc4F,9.27
505,CHEMBL388978,CN[C@@H]1C[C@H]2O[C@@](C)([C@@H]1OC)n3c4ccccc4c5c6CNC(=O)c6c7c8ccccc8n2c7c35,9.29
506,CHEMBL585182,CN(C)CC1=Nc2c(sc3ccc(cc23)c4ccc(O)cc4)C(=O)N1,9.3
507,CHEMBL3687468,COC(=O)N(C)[C@H]1[C@@H](C)CN(C[C@H]1N)c2ccncc2NC(=O)c3ccc(F)c(n3)c4c(F)cc(C)cc4F,9.31
508,CHEMBL3687471,COC(=O)N(C)[C@H]1[C@@H](C)CN(C[C@H]1N)c2ccncc2NC(=O)c3ccc(F)c(n3)c4c(F)cccc4F,9.31
509,CHEMBL3687482,COC(=O)N[C@H]1[C@@H](C)CN(C[C@H]1N)c2ccncc2NC(=O)c3nc(sc3N)c4c(F)cccc4F,9.37
510,CHEMBL3691958,COC(=O)N[C@H]1[C@@H](C)CN(C[C@H]1N)c2ccncc2NC(=O)c3nc(c(F)cc3N)c4c(F)cccc4F,9.39
511,CHEMBL3687479,CO[C@@H]1[C@@H](C)C[C@H](C[C@H]1N)c2ccncc2NC(=O)c3nc(sc3N)c4c(F)cccc4F,9.4
512,CHEMBL3393706,Fc1cccc(F)c1c2ccc3[nH]nc(c4cncc(O[C@H]5CNCCC56CC6)n4)c3c2,9.4
513,CHEMBL583187,O[C@H]1CCN(CC2=Nc3c(sc4ccc(cc34)c5ccc(O)cc5)C(=O)N2)C1,9.4
514,CHEMBL3691930,C[C@H]1C[C@H](C[C@@H](N)[C@H]1OCCS(=O)(=O)C)c2ccncc2NC(=O)c3nc(c(F)cc3N)c4c(F)cccc4F,9.41
515,CHEMBL3691950,C[C@H]1C[C@H](C[C@@H](N)[C@H]1OCCC#N)c2ccncc2NC(=O)c3nc(c(F)cc3N)c4c(F)cccc4F,9.44
516,CHEMBL3652637,Cn1ncc(NC(=O)c2nc(sc2N)c3c(F)cccc3F)c1N4CC[C@H](CN)C4,9.46
517,CHEMBL3652625,Cn1ncc(NC(=O)c2nc(ccc2N)c3ccccc3F)c1N4CCC[C@@H](N)C4,9.47
518,CHEMBL3687492,CO[C@H]1[C@@H](C)C[C@H](C[C@H]1N)c2ccncc2NC(=O)c3nc(sc3N)c4c(F)cccc4F,9.5
519,CHEMBL583273,CN(C)CC1=Nc2c(sc3ccc(cc23)c4ccccc4)C(=O)N1,9.52
520,CHEMBL3652630,Cn1ncc(NC(=O)c2nc(cnc2N)c3ccccc3F)c1N4CCC[C@H](N)C4,9.52
521,CHEMBL2387477,F[C@@H]1CNCC[C@@H]1CNc2ccn3ncc(C(=O)Nc4c[nH]c5ncccc45)c3n2,9.52
522,CHEMBL572781,O[C@H]1CCN(CC2=Nc3c(sc4ccc(cc34)c5ccccc5)C(=O)N2)C1,9.52
523,CHEMBL3652639,Cn1ncc(NC(=O)c2nc(cnc2N)c3ccccc3F)c1N4CCC[C@@H](N)CC4,9.53
524,CHEMBL3634759,Cn1cc(cn1)c2cc3c(n[nH]c3cn2)c4cccc(c4)N5CCC[C@@H](N)C5,9.54
525,CHEMBL3691919,C[C@H]1C[C@H](C[C@@H](N)[C@H]1OCCS(=O)(=O)C)c2ccncc2NC(=O)c3nc(sc3N)c4c(F)cccc4F,9.59
526,CHEMBL2387476,F[C@H]1CNCC[C@H]1CNc2ccn3ncc(C(=O)Nc4c[nH]c5ncccc45)c3n2,9.59
527,CHEMBL3652640,Cn1ncc(NC(=O)c2nc(ccc2N)c3ccccc3F)c1N4CCC[C@H](N)CC4,9.61
528,CHEMBL3687474,C[C@H]1C[C@H](C[C@@H](N)[C@H]1OCCC#N)c2ccncc2NC(=O)c3nc(sc3N)c4c(F)cccc4F,9.66
529,CHEMBL576387,CN(C)CC1=Nc2c(sc3ccc(\C=C\C4CC4)cc23)C(=O)N1,9.7
530,CHEMBL3634780,NCCNc1cccc(n1)c2n[nH]c3cnc(cc23)c4cccnc4,9.7
531,CHEMBL2387469,O=C(Nc1c[nH]c2ncccc12)c3cnn4ccc(NCCc5ccccc5)nc34,9.72
532,CHEMBL3652645,CN[C@H]1CCCN(CC1)c2c(NC(=O)c3nc(sc3N)c4c(F)cccc4F)cnn2C,9.75
533,CHEMBL3634755,Cn1cc(cn1)c2cc3c(n[nH]c3cn2)c4cccc(O[C@@H]5CCCNC5)n4,9.8
534,CHEMBL3652627,Cn1ncc(NC(=O)c2nc(ccc2N)c3ccccc3F)c1N4CCCC(N)CC4,9.8
535,CHEMBL2387472,Fc1cccc(F)c1c2ccc3[nH]cc(NC(=O)c4cnn5ccc(NCC6CCNCC6)nc45)c3c2,9.85
536,CHEMBL3634768,Cn1cc(cn1)c2cc3c(n[nH]c3cn2)c4cccc(n4)C5CCNCC5,9.92
537,CHEMBL3634777,Fc1ccccc1c2n[nH]c3cnc(cc23)c4cnccc4O[C@@H]5CCCNC5,9.96
538,CHEMBL3634779,NC1CCN(CC1)c2cncc(n2)c3cc4c(n[nH]c4cn3)c5ccccc5F,10.0
539,CHEMBL2387473,Fc1cccc(F)c1c2ccc3[nH]cc(NC(=O)c4cnn5ccc(NCC6CCNCC6)nc45)c3n2,10.01
540,CHEMBL3634769,CCN1C=NC=C(C1=O)c2cc3c(n[nH]c3cn2)c4cccc(n4)N5CCNCC5,10.15
541,CHEMBL2387478,F[C@H]1CNCC[C@@H]1CNc2ccn3ncc(C(=O)Nc4c[nH]c5ncccc45)c3n2,10.21
542,CHEMBL2387475,Fc1cccc(F)c1c2cnc3[nH]cc(NC(=O)c4cnn5ccc(OCC6CCNCC6)nc45)c3c2,10.21
543,CHEMBL2387470,O=C(Nc1c[nH]c2ncccc12)c3cnn4ccc(NCC5CCNCC5)nc34,10.28
544,CHEMBL3634761,CCn1cc(cn1)c2cc3c(n[nH]c3cn2)c4cccc(n4)N5CCNCC5,10.39
545,CHEMBL3634782,Cc1cncc(c1)c2cc3c(n[nH]c3cn2)c4cccc(n4)N5CCNCC5,10.43
546,CHEMBL2387462,FC1(CNc2ccn3ncc(C(=O)Nc4c[nH]c5ncccc45)c3n2)CCNCC1,10.44
547,CHEMBL2387474,Fc1cccc(F)c1c2cnc3[nH]cc(NC(=O)c4cnn5ccc(CCC6CCNCC6)nc45)c3c2,10.6
548,CHEMBL3652626,Cn1ncc(NC(=O)c2nc(sc2N)c3c(F)cccc3F)c1N4CCCC(N)CC4,10.66
549,CHEMBL2387479,F[C@@H]1CNCC[C@H]1CNc2ccn3ncc(C(=O)Nc4c[nH]c5ncccc45)c3n2,10.66
550,CHEMBL2387471,Fc1cccc(F)c1c2cnc3[nH]cc(NC(=O)c4cnn5ccc(NCC6CCNCC6)nc45)c3c2,10.66
551,CHEMBL2387463,Fc1ccccc1c2cnc3[nH]cc(NC(=O)c4cnn5ccc(NCC6CCNCC6)nc45)c3c2,10.66
552,CHEMBL3634756,Cn1cc(cn1)c2cc3c(n[nH]c3cn2)c4cccc(n4)N5CCC[C@@H](N)C5,10.68
553,CHEMBL2387465,F[C@H]1CNCC[C@@H]1CNc2ccn3ncc(C(=O)Nc4c[nH]c5ncc(cc45)c6c(F)cccc6F)c3n2,10.72
554,CHEMBL3634770,Cn1cc(cn1)c2cc3c(n[nH]c3cn2)c4cccc(n4)N5CCNCC5,10.77
555,CHEMBL3634772,C(C1CC1)n2cc(cn2)c3cc4c(n[nH]c4cn3)c5cccc(n5)N6CCNCC6,10.8
556,CHEMBL3634758,Cn1cc(cn1)c2cc3c(n[nH]c3cn2)c4cccc(n4)N5CCC[C@H](N)C5,10.82
557,CHEMBL3634757,Cn1cc(cn1)c2cc3c(n[nH]c3cn2)c4cccc(n4)N5CC[C@@H](N)C5,10.82
558,CHEMBL3634767,Cn1cc(cn1)c2cc3c(n[nH]c3cn2)c4cccc(n4)N5CCCNCC5,10.89
559,CHEMBL3634771,N#CCn1cc(cn1)c2cc3c(n[nH]c3cn2)c4cccc(n4)N5CCNCC5,10.89
560,CHEMBL3634781,C1CN(CCN1)c2cccc(n2)c3n[nH]c4cnc(cc34)c5cccnc5,11.0
561,CHEMBL3634783,Cc1cncc(n1)c2cc3c(n[nH]c3cn2)c4cccc(n4)N5CCNCC5,11.0
562,CHEMBL3652638,Cn1ncc(NC(=O)c2nc(sc2N)c3c(F)cccc3F)c1N4CCC[C@@H](N)CC4,11.0
