,molecule_chembl_id,canonical_smiles,pchembl_value
0,CHEMBL1230609,COc1cc2c(Oc3ccc(NC(=O)C4(CC4)C(=O)Nc5ccc(F)cc5)cc3F)ccnc2cc1OCCCN6CCOCC6,7.55
4,CHEMBL1435542,Cc1nc(CNc2ncnc3ccc(cc23)c4ccc5OCOc5c4)cs1,6.55
5,CHEMBL1436585,C(Nc1ncnc2ccc(cc12)c3ccc4OCOc4c3)C5CCOC5,6.51
6,CHEMBL1474834,CN(Cc1csc(C)n1)c2ncnc3ccc(cc23)c4ccc5OCOc5c4,6.44
9,CHEMBL386051,CSc1cccc(Nc2ncc3C=C(C(=O)N(C)c3n2)c4c(Cl)cccc4Cl)c1,6.64
13,CHEMBL941,CN1CCN(Cc2ccc(cc2)C(=O)Nc3ccc(C)c(Nc4nccc(n4)c5cccnc5)c3)CC1,6.42
19,CHEMBL573339,Oc1cccc(c1)c2nc(N3CCOCC3)c4oc5ncccc5c4n2,6.21
20,CHEMBL513909,CC[C@H]1N(C2CCCC2)c3nc(Nc4ccc(cc4OC)C(=O)NC5CCN(C)CC5)ncc3N(C)C1=O,6.96
23,CHEMBL509032,COc1cc(ccc1Nc2ncc(Cl)c(Nc3ccccc3S(=O)(=O)C(C)C)n2)N4CCC(CC4)N5CCN(C)CC5,5.64
25,CHEMBL553,COCCOc1cc2ncnc(Nc3cccc(c3)C#C)c2cc1OCCOC,6.0
27,CHEMBL230011,Nc1nc(N)c2nc(c3cccc(O)c3)c(nc2n1)c4cccc(O)c4,6.28
32,CHEMBL1287853,Cc1cnc(Nc2ccc(OCCN3CCCC3)cc2)nc1Nc4cccc(c4)S(=O)(=O)NC(C)(C)C,5.39
36,CHEMBL1241674,CC(C)n1nc(c2cc3cc(O)ccc3[nH]2)c4c(N)ncnc14,6.11
38,CHEMBL428690,CN1CC[C@@H]([C@H](O)C1)c2c(O)cc(O)c3C(=O)C=C(Oc23)c4ccccc4Cl,6.06
46,CHEMBL475251,COc1cc(Nc2ncc(F)c(Nc3ccc4OC(C)(C)C(=O)Nc4n3)n2)cc(OC)c1OC,6.92
55,CHEMBL939,COc1cc2ncnc(Nc3ccc(F)c(Cl)c3)c2cc1OCCCN4CCOCC4,5.13
65,CHEMBL1236107,Cn1cc(cn1)c2ccc3nnc(Sc4ccc5ncccc5c4)n3n2,5.48
72,CHEMBL255863,Cc1cn(cn1)c2cc(NC(=O)c3ccc(C)c(Nc4nccc(n4)c5cccnc5)c3)cc(c2)C(F)(F)F,5.06
77,CHEMBL477772,CN(c1ccc2c(C)n(C)nc2c1)c3ccnc(Nc4ccc(C)c(c4)S(=O)(=O)N)n3,6.55
84,CHEMBL2205766,CC(C)(C)NS(=O)(=O)c1cncc(c1)c2ccn3nc(N)nc3c2,5.97
104,CHEMBL1371147,Cn1nnnc1Sc2ncnc3scc(c4ccccc4)c23,5.45
105,CHEMBL1404898,Cn1nnnc1Sc2ncnc3scc(c4ccccc4F)c23,5.2
106,CHEMBL1490041,Cn1nnnc1Sc2ncnc3scc(c4cccc(F)c4)c23,5.2
107,CHEMBL1378851,Cn1nnnc1Sc2ncnc3scc(c4ccc(F)cc4)c23,4.9
108,CHEMBL1526989,Cn1nnnc1Sc2ncnc3scc(c4ccccc4Cl)c23,4.85
109,CHEMBL1435847,Cn1nnnc1Sc2ncnc3scc(c4cccc(Cl)c4)c23,4.95
110,CHEMBL1396351,Cn1nnnc1Sc2ncnc3scc(c4ccc(Cl)cc4)c23,4.55
112,CHEMBL1437083,Cn1nnnc1Sc2ncnc3scc(c4cccc(Br)c4)c23,5.55
113,CHEMBL1553183,Cn1nnnc1Sc2ncnc3scc(c4ccc(Br)cc4)c23,4.4
114,CHEMBL1436077,Cn1nnnc1Sc2ncnc3scc(c4ccccc4C(F)(F)F)c23,4.2
115,CHEMBL1496788,Cn1nnnc1Sc2ncnc3scc(c4cccc(c4)C(F)(F)F)c23,5.2
117,CHEMBL1315320,Cc1ccccc1c2csc3ncnc(Sc4nnnn4C)c23,4.35
118,CHEMBL1592304,Cc1cccc(c1)c2csc3ncnc(Sc4nnnn4C)c23,4.95
119,CHEMBL1590625,Cc1ccc(cc1)c2csc3ncnc(Sc4nnnn4C)c23,4.85
120,CHEMBL1516227,COc1ccccc1c2csc3ncnc(Sc4nnnn4C)c23,4.1
121,CHEMBL1396223,COc1cccc(c1)c2csc3ncnc(Sc4nnnn4C)c23,5.4
122,CHEMBL1486329,COc1ccc(cc1)c2csc3ncnc(Sc4nnnn4C)c23,4.95
123,CHEMBL1436204,Cn1nnnc1Sc2ncnc3scc(c4ccccc4C#N)c23,5.2
124,CHEMBL1597259,Cn1nnnc1Sc2ncnc3scc(c4cccc(c4)C#N)c23,5.6
125,CHEMBL1484208,Cn1nnnc1Sc2ncnc3scc(c4ccc(cc4)C#N)c23,4.9
126,CHEMBL1593817,Cn1nnnc1Sc2ncnc3scc(c4ccccc4[N+](=O)[O-])c23,4.95
127,CHEMBL1324313,Cn1nnnc1Sc2ncnc3scc(c4cccc(c4)[N+](=O)[O-])c23,5.8
128,CHEMBL1415412,Cn1nnnc1Sc2ncnc3scc(c4ccc(cc4)[N+](=O)[O-])c23,5.2
129,CHEMBL1317123,Cn1nnnc1Sc2ncnc3scc(c4cccc(N)c4)c23,5.4
130,CHEMBL1397580,Cn1nnnc1Sc2ncnc3scc(c4ccc(N)cc4)c23,5.25
131,CHEMBL1456711,CC(=O)c1ccccc1c2csc3ncnc(Sc4nnnn4C)c23,4.35
134,CHEMBL1378392,Cn1nnnc1Sc2ncnc3scc(c4cccc(c4)S(=O)(=O)C)c23,6.2
135,CHEMBL1516307,Cn1nnnc1Sc2ncnc3scc(c4ccc(cc4)[S+](=O)(C)[O-])c23,5.1
139,CHEMBL1328990,Cn1nnnc1Sc2ncnc3scc(c4cccs4)c23,5.55
140,CHEMBL1475514,Cn1nnnc1Sc2ncnc3scc(c4ccsc4)c23,5.1
141,CHEMBL1394653,Cn1nnnc1Sc2ncnc3scc(c4ccc[nH]4)c23,5.25
142,CHEMBL1476017,Cn1nnnc1Sc2ncnc3scc(c4oc5ccccc5c4)c23,5.55
143,CHEMBL1593156,Cn1nnnc1Sc2ncnc3scc(c4ccc5ccccc5c4)c23,4.2
145,CHEMBL1359120,Cn1nnnc1Sc2ncnc3scc(c4ccc5OCOc5c4)c23,4.9
146,CHEMBL1358682,Cn1nnnc1Sc2ncnc3scc(c4ccc5C(=O)C=COc5c4)c23,5.7
148,CHEMBL1436389,Cn1nnnc1Sc2ncnc3scc(Br)c23,5.95
149,CHEMBL1554143,Cn1nnnc1Sc2ncnc3scc(I)c23,6.05
150,CHEMBL3729099,CS(=O)(=O)c1cccc(c1)c2csc3ncnc(Sc4nccs4)c23,6.0
151,CHEMBL3727398,Cc1csc(Sc2ncnc3scc(c4cccc(c4)S(=O)(=O)C)c23)n1,6.0
152,CHEMBL3729321,CCc1oc(Sc2ncnc3scc(c4cccc(c4)S(=O)(=O)C)c23)nn1,5.8
153,CHEMBL3731638,Cc1cnc(Nc2ncnc3scc(c4cccc(c4)S(=O)(=O)C)c23)s1,5.8
154,CHEMBL3729792,CS(=O)(=O)c1cccc(c1)c2csc3ncnc(Sc4ccncc4)c23,5.75
155,CHEMBL3730832,CS(=O)(=O)c1cccc(c1)c2csc3ncnc(Nc4nccs4)c23,5.7
156,CHEMBL3731120,CS(=O)(=O)c1cccc(c1)c2csc3ncnc(Sc4nncs4)c23,5.7
157,CHEMBL3729376,CS(=O)(=O)c1cccc(c1)c2csc3ncnc(Sc4nc5ccccc5[nH]4)c23,5.65
158,CHEMBL3731341,CS(=O)(=O)c1cccc(c1)c2csc3ncnc(Nc4ccncc4)c23,5.55
159,CHEMBL3732764,CS(=O)(=O)c1cccc(c1)c2csc3ncnc(Sc4nnc[nH]4)c23,5.5
160,CHEMBL3729001,CS(=O)(=O)c1cccc(c1)c2csc3ncnc(N4N=C5C=CC=CN5C4=S)c23,5.5
161,CHEMBL3728003,CCc1nnc(Nc2ncnc3scc(c4cccc(c4)S(=O)(=O)C)c23)s1,5.5
162,CHEMBL3729140,CS(=O)(=O)c1cccc(c1)c2csc3ncnc(Sc4nc5ccccc5s4)c23,5.5
163,CHEMBL3730934,Cc1cc(Nc2ncnc3scc(c4cccc(c4)S(=O)(=O)C)c23)n(C)n1,5.45
164,CHEMBL3729993,Cc1csc(Nc2ncnc3scc(c4cccc(c4)S(=O)(=O)C)c23)n1,5.4
165,CHEMBL3727411,CN1N=CN(C1=S)c2ncnc3scc(c4cccc(c4)S(=O)(=O)C)c23,5.3
166,CHEMBL3732475,Cc1nnc(Nc2ncnc3scc(c4cccc(c4)S(=O)(=O)C)c23)s1,5.3
167,CHEMBL3729186,Cc1oc(Sc2ncnc3scc(c4cccc(c4)S(=O)(=O)C)c23)nn1,5.2
168,CHEMBL3732136,CS(=O)(=O)c1cccc(c1)c2csc3ncnc(NCc4ccccn4)c23,5.15
169,CHEMBL3730118,CS(=O)(=O)c1cccc(c1)c2csc3ncnc(NCCc4ccc(O)cc4)c23,5.15
170,CHEMBL3729616,CS(=O)(=O)c1cccc(c1)c2csc3ncnc(Nc4ccncn4)c23,4.85
171,CHEMBL3731056,CS(=O)(=O)c1cccc(c1)c2csc3ncnc(NCc4ccncc4)c23,4.5
172,CHEMBL3730302,Cc1occc1Sc2ncnc3scc(c4cccc(c4)S(=O)(=O)C)c23,4.5
173,CHEMBL3731579,CS(=O)(=O)c1cccc(c1)c2csc3ncnc(NCCCN)c23,4.4
174,CHEMBL3728695,CS(=O)(=O)c1cccc(c1)c2csc3ncnc(Sc4nnc5ccccn45)c23,4.3
175,CHEMBL3730668,Cn1cnnc1Sc2ncnc3scc(c4cccc(c4)S(=O)(=O)C)c23,4.25
177,CHEMBL3731659,Cn1nnnc1Sc2ncnc3[nH]nc(c4ccccc4)c23,5.15
178,CHEMBL3730640,Cn1nnnc1Sc2ncnc3[nH]nc(c4cccc(c4)S(=O)(=O)C)c23,5.8
