,molecule_chembl_id,canonical_smiles,pchembl_value
0,CHEMBL1091503,O=S(=O)(N1CCN(CC1)S(=O)(=O)c2ccc3OCCOc3c2)c4ccc(cc4)C#N,7.54
1,CHEMBL1091078,COc1cc(F)c(c(F)c1)S(=O)(=O)N2CCN(CC2)S(=O)(=O)c3ccc4OCCOc4c3,7.55
2,CHEMBL1091760,COc1cc(F)c(c(F)c1)S(=O)(=O)N2CCN(CC2)S(=O)(=O)c3cccc(N)c3,7.59
3,CHEMBL1086566,C[S+]([O-])c1cc2c(s1)c3C=NN(Cc4ccccc4F)C(=O)c3n2C,7.6
4,CHEMBL1086565,CSc1cc2c(s1)c3C=NN(Cc4ccccc4F)C(=O)c3n2C,7.62
5,CHEMBL1235112,O[C@H](COP(=O)(O)O)[C@@H](O)[C@H](O)C(=O)COP(=O)(O)O,7.64
6,CHEMBL2385099,COc1cccc(NS(=O)(=O)c2cc3OCC(=O)Nc3cc2Cl)c1,7.66
7,CHEMBL1086349,Cn1c2C(=O)N(Cc3ccccc3F)N=Cc2c4sc(cc14)[N+](=O)[O-],7.75
8,CHEMBL3335791,COc1ccccc1N2CCN(CC2)C(=O)c3ccc(NS(=O)(=O)c4cccc5cccnc45)cc3,7.77
9,CHEMBL1085647,Cn1c2C(=O)N(Cc3ccccc3F)N=Cc2c4sc(C=O)cc14,7.8
10,CHEMBL1084899,CC(=O)c1cc2c(s1)c3C=NN(Cc4ccccc4F)C(=O)c3n2C,7.96
11,CHEMBL3104587,Oc1ccc(CN(CC2CCC2)C(=O)c3cc(n[nH]3)C(F)(F)F)c(F)c1,7.96
