,molecule_chembl_id,canonical_smiles,pchembl_value
0,CHEMBL608533,CO[C@@H]1[C@@H](C[C@H]2O[C@]1(C)n3c4ccccc4c5c6CNC(=O)c6c7c8ccccc8n2c7c35)N(C)C(=O)c9ccccc9,8.03
1,CHEMBL1214929,NCCNc1nc(cc2cnccc12)c3ccncc3,8.16
2,CHEMBL603469,C[C@]12O[C@H](C[C@]1(O)CO)n3c4ccccc4c5c6C(=O)NCc6c7c8ccccc8n2c7c35,8.28
3,CHEMBL388978,CN[C@@H]1C[C@H]2O[C@@](C)([C@@H]1OC)n3c4ccccc4c5c6CNC(=O)c6c7c8ccccc8n2c7c35,8.89
0,CHEMBL38380,O=S(=O)(N1CCCNCC1)c2cccc3cnccc23,5.77
2,CHEMBL221959,C[C@@H]1CCN(C[C@@H]1N(C)c2ncnc3[nH]ccc23)C(=O)CC#N,6.7
10,CHEMBL522892,CN1CCN(CC1)c2ccc3nc([nH]c3c2)C4=C(N)c5c(F)cccc5NC4=O,6.75
18,CHEMBL428690,CN1CC[C@@H]([C@H](O)C1)c2c(O)cc(O)c3C(=O)C=C(Oc23)c4ccccc4Cl,5.46
25,CHEMBL91829,CN(C)C[C@@H]1CCn2cc(C3=C(C(=O)NC3=O)c4cn(CCO1)c5ccccc45)c6ccccc26,6.46
37,CHEMBL1721885,Cc1[nH]c(\C=C\2/C(=O)Nc3ccc(F)cc23)c(C)c1C(=O)NC[C@H](O)CN4CCOCC4,5.72
38,CHEMBL535,CCN(CC)CCNC(=O)c1c(C)[nH]c(\C=C\2/C(=O)Nc3ccc(F)cc23)c1C,6.15
39,CHEMBL572878,CN1CCN(CC1)c2cc(Nc3cc(C)[nH]n3)nc(Sc4ccc(NC(=O)C5CC5)cc4)n2,5.82
90,CHEMBL1240703,CO[C@@H]1[C@@H](C[C@H]2O[C@]1(C)n3c4ccccc4c5c6[C@H](O)NC(=O)c6c7c8ccccc8n2c7c35)N(C)C(=O)c9ccccc9,7.24
101,CHEMBL466154,Cc1cc(O)cc2Oc3cc(O)cc(O)c3C(=O)c12,4.26
102,CHEMBL454440,Cc1c(O)c(O)cc2Oc3cc(O)cc(O)c3C(=O)c12,4.34
121,CHEMBL509032,COc1cc(ccc1Nc2ncc(Cl)c(Nc3ccccc3S(=O)(=O)C(C)C)n2)N4CCC(CC4)N5CCN(C)CC5,6.47
122,CHEMBL502835,COC(=O)c1ccc2\C(=C(\Nc3ccc(cc3)N(C)C(=O)CN4CCN(C)CC4)/c5ccccc5)\C(=O)Nc2c1,6.13
124,CHEMBL1908395,Cl.CN(C)CC(=O)N1CCC(CC1)c2ccc(NC(=O)c3nc(c[nH]3)C#N)c(c2)C4=CCCCC4,5.62
130,CHEMBL1287853,Cc1cnc(Nc2ccc(OCCN3CCCC3)cc2)nc1Nc4cccc(c4)S(=O)(=O)NC(C)(C)C,5.96
132,CHEMBL1908397,O=C(N1CCNCC1)c2ccc(\C=C\c3n[nH]c4ccccc34)cc2,6.24
135,CHEMBL379218,Cc1n[nH]c2ccc(cc12)c3cncc(OC[C@@H](N)Cc4ccccc4)c3,6.68
144,CHEMBL300138,Cn1cc(C2=C(C(=O)NC2=O)c3cn(C4CCN(Cc5ccccn5)CC4)c6ccccc36)c7ccccc17,5.29
145,CHEMBL475251,COc1cc(Nc2ncc(F)c(Nc3ccc4OC(C)(C)C(=O)Nc4n3)n2)cc(OC)c1OC,6.18
167,CHEMBL288441,COc1cc(Nc2c(cnc3cc(OCCCN4CCN(C)CC4)c(OC)cc23)C#N)c(Cl)cc1Cl,5.54
169,CHEMBL494089,CCn1c(nc2c(ncc(OC[C@H]3CCCNC3)c12)C#CC(C)(C)O)c4nonc4N,7.47
186,CHEMBL1945559,Cn1c2C(=O)NC3(CCNCC3)C(C#N)c2c4ccc(Cl)c(Cl)c14,6.51
229,CHEMBL2178352,CN1CCN(CC1)c2ccc(Nc3ncc4nc(Nc5ccccc5)n(C6CCCC6)c4n3)cc2,5.22
239,CHEMBL50,OC1=C(Oc2cc(O)cc(O)c2C1=O)c3ccc(O)c(O)c3,5.24
241,CHEMBL3104855,Cc1c(O)c(O)c2oc(cc2c1C=O)c3c(C)c(O)c(O)c(O)c3C=O,5.05
242,CHEMBL3104854,Cc1c(O)c(O)c(O)c2C(=O)OCc12,4.73
245,CHEMBL3104851,Cc1c(O)c(O)c2O[C@H]3O[C@H](C(=O)c4c(O)c(O)c(O)c(C)c34)c2c1C=O,5.35
253,CHEMBL2147538,CC(C)(N)CNc1nc(cc2cnccc12)c3ccncc3,7.46
254,CHEMBL3338837,CC(C)(N)CNc1nc(nc2cnccc12)c3ccncc3,7.0
255,CHEMBL3338838,CC(C)(N)CNc1nc(nc2cnccc12)c3ccc4[nH]ncc4c3,6.26
257,CHEMBL3338840,C1CN(CCN1)c2nc(nc3ccccc23)c4ccc5[nH]ncc5c4,6.0
266,CHEMBL3651966,C[C@@H]1C[C@H](N)C[C@@H](C1)c2ccncc2NC(=O)c3ccc(F)c(n3)c4c(F)cccc4F,5.31
270,CHEMBL3787112,Nc1ncnc2c1c(cn2[C@@H]3C[C@H](CN4CCC4)C3)c5cccc(O)c5,5.59
271,CHEMBL3785500,Nc1ncnc2c1c(cn2[C@@H]3C[C@H](CN4CCC4)C3)c5cccc(OCC67CCC(CC6)O7)c5,5.01
