,molecule_chembl_id,canonical_smiles,pchembl_value
0,CHEMBL2205425,CC(C)(C)NC1=C(Nc2ccnc(Nc3ccc(cc3)c4cccnc4)n2)C(=O)C1=O,7.55
1,CHEMBL560808,CC(C)NCc1ccc([C@@H](C)Oc2cc(sc2C(=O)N)c3cnc4ccccn34)c(Cl)c1,7.55
2,CHEMBL1933583,CN1CCN(CC1)c2ccc(OC(F)(F)F)c(Nc3nccc(n3)c4cc5C(=O)NCCc5n4CC(F)(F)F)c2,7.55
3,CHEMBL516248,COc1cccc(COc2cc(sc2C(=O)N)n3cnc4ccccc34)c1,7.55
4,CHEMBL482349,COc1cc2ncn(c3cc(OCc4occc4)c(s3)C(=O)N)c2cc1OC,7.57
5,CHEMBL564067,C[C@@H](Oc1cc(sc1C(=O)N)c2cnc3ccccn23)c4ccc(CN5CCC(O)CC5)cc4Cl,7.57
6,CHEMBL3652220,CNC(=O)c1nn(C)c2c1CCc3cnc(Nc4cc(ccc4OC)N5CCN(C)CC5)nc23,7.59
7,CHEMBL2392547,COc1c(F)c(ccc1Nc2ncc3N(C)C(=O)C(F)(F)CN(C4CCCC4)c3n2)C(=O)NC5CCN(C)CC5,7.59
8,CHEMBL3652221,NC(=O)c1nn(CCF)c2c1CCc3cnc(Nc4ccccc4OC(F)(F)F)nc23,7.59
9,CHEMBL1272195,CN1CCCN(CC1)c2ccc(OC(F)(F)F)c(Nc3ncc4CCc5c(nn(C)c5c4n3)C(=O)N)c2,7.6
10,CHEMBL564529,C[C@@H](Oc1cc(sc1C(=O)N)c2cnc3ccccn23)c4ccc(CNC5CCCC5)cc4Cl,7.6
11,CHEMBL428496,COC[C@H]1OC(=O)c2coc3C(=O)C4=C([C@@H](C[C@@]5(C)[C@H]4CCC5=O)OC(=O)C)[C@]1(C)c23,7.62
12,CHEMBL477407,CCN1C(=O)[C@H](CNc2ccc(NC(=O)NCCN3CCCC3)cc2)S/C/1=C(/C#N)\C(=O)OCC=C,7.64
13,CHEMBL563411,C[C@@H](Oc1cc(sc1C(=O)N)c2cnc3ccccn23)c4ccc(CNC(C)(C)CO)cc4Cl,7.64
14,CHEMBL2205465,CC(C)(C)NC1=C(Nc2ccnc(Nc3ccc4OCCc4c3)n2)C(=O)C1=O,7.66
15,CHEMBL563387,C[C@@H](Oc1cc(sc1C(=O)N)c2cnc3ccccn23)c4ccc(CN(C)C)cc4Cl,7.66
16,CHEMBL445277,NC(=O)c1sc(cc1OCc2cccc(Cl)c2)n3cnc4ccccc34,7.66
17,CHEMBL564431,NC(=O)c1sc(cc1OCc2ccccc2C(F)(F)F)c3cnc4ccccn34,7.66
18,CHEMBL551483,CCNCc1ccc([C@@H](C)Oc2cc(sc2C(=O)N)c3cnc4ccccn34)c(Cl)c1,7.68
19,CHEMBL475783,COc1cc2ncn(c3cc(OCc4cccc(N)c4)c(s3)C(=O)N)c2cc1OC,7.68
20,CHEMBL551545,C[C@@H](Oc1cc(sc1C(=O)N)c2cnc3ccccn23)c4ccc(CNC(C)(C)C)cc4Cl,7.68
21,CHEMBL563363,C[C@@H](Oc1cc(sc1C(=O)N)c2cnc3ccccn23)c4ccc(CNCCO)cc4Cl,7.68
22,CHEMBL484473,C[C@H](Nc1cc2c(cn1)c(C)nn2c3cc(Cl)cc(CCC(=O)O)c3)c4ccccc4,7.68
23,CHEMBL481492,Cc1ccccc1COc2cc(sc2C(=O)N)n3cnc4cc(Cl)ccc34,7.68
24,CHEMBL2205422,CC(=O)N1CCc2cc(Nc3nccc(NC4=C(NC(C)(C)C)C(=O)C4=O)n3)ccc12,7.7
25,CHEMBL509032,COc1cc(ccc1Nc2ncc(Cl)c(Nc3ccccc3S(=O)(=O)C(C)C)n2)N4CCC(CC4)N5CCN(C)CC5,7.7
26,CHEMBL562735,C[C@@H](Oc1cc(sc1C(=O)N)c2cnc3ccccn23)c4ccc(CN5CCC(O)C5)cc4Cl,7.7
27,CHEMBL551078,C[C@@H](Oc1cc(sc1C(=O)N)c2cnc3ccccn23)c4ccc(CNC(C)(C)C)cc4C(F)F,7.7
28,CHEMBL1222044,NC(=O)c1sc2c(cc(SC(F)(F)F)cc2[n+]1[O-])[N+](=O)[O-],7.7
29,CHEMBL552084,C[C@@H](Oc1cc(sc1C(=O)N)c2cnc3ccccn23)c4ccc(CNCCCO)cc4Cl,7.72
30,CHEMBL1933577,CN1CCN(CC1)c2ccc(OC(F)(F)F)c(Nc3nccc(n3)c4cc(cn4CC(F)(F)F)C(=O)N)c2,7.75
31,CHEMBL1209604,C[C@@H](Oc1cc(sc1C(=O)N)n2cnc3ccc(cc23)c4ccccc4)c5ccccc5C(F)(F)F,7.75
32,CHEMBL1933578,Cn1cc(cc1c2ccnc(Nc3cc(ccc3OC(F)(F)F)N4CCNCC4)n2)C(=O)N,7.75
33,CHEMBL2205466,CC(C)(C)NC1=C(Nc2ccnc(Nc3ccc4[nH]ncc4c3)n2)C(=O)C1=O,7.77
34,CHEMBL520080,COc1cc2ncn(c3cc(OCC4CCCCC4)c(s3)C(=O)N)c2cc1OC,7.77
35,CHEMBL514634,COc1cc2ncn(c3cc(OCc4ccccc4C(=O)C)c(s3)C(=O)N)c2cc1OC,7.77
36,CHEMBL480383,COc1cc2ncn(c3cc(OCc4ccsc4)c(s3)C(=O)N)c2cc1OC,7.77
37,CHEMBL557126,C[C@@H](Oc1cc(sc1C(=O)N)c2cnc3ccccn23)c4ccc(CN5CCN(C)CC5)cc4Cl,7.77
38,CHEMBL555970,CNCc1ccc([C@@H](C)Oc2cc(sc2C(=O)N)c3cnc4ccccn34)c(Cl)c1,7.8
39,CHEMBL552348,C[C@@H](Oc1cc(sc1C(=O)N)c2cnc3ccccn23)c4ccc(CN5CCS(=O)(=O)CC5)cc4Cl,7.8
40,CHEMBL2205461,CC(C)(C)NC1=C(Nc2ccnc(Nc3ccc(cc3)c4csnn4)n2)C(=O)C1=O,7.82
41,CHEMBL1933576,CN1CCN(CC1)c2ccc(OC(F)(F)F)c(Nc3nccc(n3)c4cc(cn4C)C(=O)N)c2,7.82
42,CHEMBL1793894,COCCn1nc(C(=O)N)c2CCc3cnc(Nc4cc(ccc4OC(F)(F)F)N5CCN(C)CC5)nc3c12,7.82
43,CHEMBL2392550,COc1cc(Nc2ncc3N(C)C(=O)C(F)(F)CN(C4CCCC4)c3n2)ccc1C(=O)NC5CCN(C)CC5,7.82
44,CHEMBL1094477,Cc1ccccc1Nc2ncc3CCc4c(nn(C)c4c3n2)C(=O)N,7.82
45,CHEMBL481491,NC(=O)c1sc(cc1OCc2ccccc2C(F)(F)F)n3cnc4ccccc34,7.82
46,CHEMBL2205457,CC(C)(C)NC1=C(Nc2ccnc(Nc3ccc(cc3)c4ccccc4)n2)C(=O)C1=O,7.85
47,CHEMBL475763,COc1cc2ncn(c3cc(OCc4ccnc(Br)c4)c(s3)C(=O)N)c2cc1OC,7.85
48,CHEMBL508763,NC(=O)c1sc(cc1OCc2ccccc2F)n3cnc4ccccc34,7.85
49,CHEMBL2205456,CCC(C)(C)NC1=C(Nc2ccnc(Nc3ccc(cc3)c4ccccc4)n2)C(=O)C1=O,7.89
50,CHEMBL1793895,CN1CCN(CC1)c2ccc(OC(F)(F)F)c(Nc3ncc4CCc5c(nn(CCCl)c5c4n3)C(=O)N)c2,7.89
51,CHEMBL514643,COc1ccc(COc2cc(sc2C(=O)N)n3cnc4cc(OC)c(OC)cc34)cc1,7.89
52,CHEMBL563469,C[C@@H](Oc1cc(sc1C(=O)N)c2cnc3ccccn23)c4ccc(CN5CCC(F)CC5)cc4Cl,7.89
53,CHEMBL1241473,COc1cc(Nc2ncc(c(Nc3ccccc3C(=O)N)n2)[N+](=O)[O-])cc(OC)c1OC,7.92
54,CHEMBL2392552,COc1cc(ccc1Nc2ncc3N(C)C(=O)CCN(C4CCCC4)c3n2)C(=O)NC5CCN(C)CC5,7.92
55,CHEMBL475857,COc1cc2ncn(c3cc(OCc4ccccc4)c(s3)C(=O)N)c2cc1OC,7.92
56,CHEMBL475597,COc1ccccc1COc2cc(sc2C(=O)N)n3cnc4ccccc34,7.92
57,CHEMBL514826,CS(=O)(=O)c1ccc2ncn(c3cc(OCc4ccccc4C(F)(F)F)c(s3)C(=O)N)c2c1,7.92
58,CHEMBL550475,C[C@@H](Oc1cc(sc1C(=O)N)c2cnc3ccccn23)c4ccc(CN5CCNC(=O)C5)cc4Cl,7.92
59,CHEMBL561286,C[C@@H](Oc1cc(sc1C(=O)N)c2cnc3ccccn23)c4ccc(CNC5CC5)cc4Cl,7.92
60,CHEMBL449608,Cc1cccc(COc2cc(sc2C(=O)N)n3cnc4ccccc34)c1,7.92
61,CHEMBL518956,Cc1ccccc1COc2cc(sc2C(=O)N)n3cnc4ccccc34,7.92
62,CHEMBL474603,NC(=O)c1sc(cc1OCc2ccccc2Cl)n3cnc4ccccc34,7.92
63,CHEMBL480382,COc1cc2ncn(c3cc(OCc4cccs4)c(s3)C(=O)N)c2cc1OC,7.96
64,CHEMBL518953,NC(=O)c1sc(cc1OCc2ccccc2Br)n3cnc4ccccc34,7.96
65,CHEMBL2205423,CC(C)(C)NC1=C(Nc2ccnc(Nc3ccc(cc3)c4cn[nH]c4)n2)C(=O)C1=O,8.0
66,CHEMBL2205462,CC(C)(C)NC1=C(Nc2ccnc(Nc3ccc4c(c3)[nH]c5ccccc45)n2)C(=O)C1=O,8.0
67,CHEMBL3652219,CN1CCN(CC1)c2ccc(OC(F)(F)F)c(Nc3ncc4CCc5c(nn(C)c5c4n3)C(=O)O)c2,8.0
68,CHEMBL1094408,COc1ccc(cc1Nc2ncc3CCc4c(nn(C)c4c3n2)C(=O)N)N5CCN(C)CC5,8.0
69,CHEMBL551079,C[C@@H](Oc1cc(sc1C(=O)N)c2cnc3ccccn23)c4ccc(CNC(C)(C)C)cc4OC(F)F,8.01
70,CHEMBL1933582,CN1CCN(CC1)c2ccc(OC(F)(F)F)c(Nc3nccc(n3)c4cc5C(=O)NCCc5n4C)c2,8.05
71,CHEMBL1241855,COc1cc(OC)c(\C=C\S(=O)(=O)Cc2ccc(OC)c(NCC(=O)O)c2)c(OC)c1,8.05
72,CHEMBL481510,NC(=O)c1sc(cc1OCc2ccccc2Br)n3cnc4ccc(cc34)C(F)(F)F,8.05
73,CHEMBL1271590,CCN1CCN(CC1)c2ccc(OC(F)(F)F)c(Nc3ncc4CCc5c(nn(C)c5c4n3)C(=O)N)c2,8.1
74,CHEMBL2401963,CC[C@H]1N(C2CCCC2)c3nc(ncc3N(C)C1=O)n4ccnc4c5ccccc5,8.1
75,CHEMBL1774327,CN1CCC(=CC1)c2ccc(OC(F)(F)F)c(Nc3ncc4CCc5c(nn(C)c5c4n3)C(=O)N)c2,8.1
76,CHEMBL514968,COc1ccc2c(c1)ncn2c3cc(OCc4ccccc4C(F)(F)F)c(s3)C(=O)N,8.1
77,CHEMBL474054,COc1ccccc1COc2cc(sc2C(=O)N)n3cnc4cc(OC)c(OC)cc34,8.1
78,CHEMBL1208894,C[C@@H](Oc1cc(sc1C(=O)N)n2cnc3cc(ccc23)c4ccnc(c4)N5CCNCC5)c6ccccc6Cl,8.1
79,CHEMBL563447,C[C@@H](Oc1cc(sc1C(=O)N)c2cnc3ccc(CO)cn23)c4ccccc4Cl,8.14
80,CHEMBL3609307,CC[C@H]1N(CC(C)C)c2nc(Nc3ccc(cc3OC)C(=O)NC4CCN(C)CC4)ncc2N(C)C1=O,8.16
81,CHEMBL3652224,COc1ccc(CO)cc1Nc2ncc3CCc4c(nn(C)c4c3n2)C(=O)N,8.16
82,CHEMBL560014,C[C@@H](Oc1cc(sc1C(=O)N)c2cnc3ccccn23)c4ccccc4Cl,8.16
83,CHEMBL1794068,C[C@@H](Oc1cc(sc1C(=O)N)n2cnc3ccc(OCC4CCN(C)CC4)cc23)c5ccccc5C(F)(F)F,8.16
84,CHEMBL1793893,CCn1nc(C(=O)N)c2CCc3cnc(Nc4cc(ccc4OC(F)(F)F)N5CCN(C)CC5)nc3c12,8.22
85,CHEMBL1774328,CN1CCC(CC1)c2ccc(OC(F)(F)F)c(Nc3ncc4CCc5c(cn(C)c5c4n3)C(=O)N)c2,8.22
86,CHEMBL1793896,CN1CCN(CC1)c2ccc(OC(F)(F)F)c(Nc3ncc4CCc5c(nn(C=C)c5c4n3)C(=O)N)c2,8.22
87,CHEMBL474029,COc1cc2ncn(c3cc(OCc4ccccc4C#N)c(s3)C(=O)N)c2cc1OC,8.22
88,CHEMBL482151,COc1cc2ncn(c3cc(OCc4ccccc4C(F)(F)F)c(s3)C(=S)N)c2cc1OC,8.22
89,CHEMBL1209603,C[C@@H](Oc1cc(sc1C(=O)N)n2cnc3cc(ccc23)c4ccccc4)c5ccccc5C(F)(F)F,8.22
90,CHEMBL1209756,C[C@@H](Oc1cc(sc1C(=O)N)n2cnc3cc(ccc23)c4ccccn4)c5ccccc5C(F)(F)F,8.22
91,CHEMBL1794069,C[C@@H](Oc1cc(sc1C(=O)N)n2cnc3ccc(OCC4CCN(C)CC4)cc23)c5ccccc5Cl,8.22
92,CHEMBL1095709,NC(=O)c1nn(CC(F)(F)F)c2c1CCc3cnc(Nc4ccccc4)nc23,8.22
93,CHEMBL3609308,CC[C@H]1N(Cc2cccc(Br)c2)c3nc(Nc4ccc(cc4OC)C(=O)NC5CCN(C)CC5)ncc3N(C)C1=O,8.24
94,CHEMBL2205426,CC(C)(C)NC1=C(Nc2ccnc(Nc3ccc(cc3)c4ccncc4)n2)C(=O)C1=O,8.3
95,CHEMBL3652222,CN1CCN(CC1)c2ccc(C)c(Nc3ncc4CCc5c(nn(C)c5c4n3)C(=O)O)c2,8.3
96,CHEMBL1793892,CN1CCN(CC1)c2ccc(OC(F)(F)F)c(Nc3ncc4CCc5c(nn(CCF)c5c4n3)C(=O)N)c2,8.3
97,CHEMBL2392558,COc1cc(ccc1Nc2ncc3N(C)C(=O)[C@](F)(CN(C4CCCC4)c3n2)C=C)C(=O)NC5CCN(C)CC5,8.3
98,CHEMBL474053,COc1cc2ncn(c3cc(OCc4ccccc4OC(F)(F)F)c(s3)C(=O)N)c2cc1OC,8.3
99,CHEMBL1209758,C[C@@H](Oc1cc(sc1C(=O)N)n2cnc3cc(ccc23)c4ccc[nH]4)c5ccccc5C(F)(F)F,8.3
100,CHEMBL1208960,C[C@@H](Oc1cc(sc1C(=O)N)n2cnc3cc(ccc23)c4ccnc(c4)N5CCOCC5)c6ccccc6C(F)(F)F,8.3
101,CHEMBL560488,C[C@@H](Oc1cc(sc1C(=O)N)c2cnc3ccccn23)c4ccc(CO)cc4Cl,8.31
102,CHEMBL3609306,COc1cc(ccc1Nc2ncc3N(Cc4ccccc4)C(=O)[C@@H](Cc5ccccc5)N(C6CCCC6)c3n2)C(=O)NC7CCN(C)CC7,8.38
103,CHEMBL2205458,CC(C)(C)NC1=C(Nc2ccnc(Nc3ccc4c(Cc5ccccc45)c3)n2)C(=O)C1=O,8.4
104,CHEMBL1793891,CN1CCN(CC1)c2ccc(OC(F)(F)F)c(Nc3ncc4CCc5c(n[nH]c5c4n3)C(=O)N)c2,8.4
105,CHEMBL2392553,COc1cc(ccc1Nc2ncc3N(C)C(=O)C(F)(F)CN(C4CCCC4)c3n2)C(=O)NC5CCN(C)CC5,8.4
106,CHEMBL1208833,C[C@@H](Oc1cc(sc1C(=O)N)n2cnc3cc(ccc23)c4ccnc(Cl)c4)c5ccccc5C(F)(F)F,8.4
107,CHEMBL1964261,C[C@@H](Oc1cc(sc1C(=O)N)n2cnc3ccc(OCCCN(C)C)cc23)c4ccccc4Cl,8.4
108,CHEMBL1964265,C[C@@H](Oc1cc(sc1C(=O)N)n2cnc3ccc(O[C@@H]4CCCN(C)CC4)cc23)c5ccccc5Cl,8.4
109,CHEMBL519120,Cc1ccccc1COc2cc(sc2C(=O)N)n3cnc4ccc(Cl)cc34,8.4
110,CHEMBL513909,CC[C@H]1N(C2CCCC2)c3nc(Nc4ccc(cc4OC)C(=O)NC5CCN(C)CC5)ncc3N(C)C1=O,8.52
111,CHEMBL1272140,CN1CCN(CC1)c2ccc(OC(F)(F)F)c(Nc3ncc4CCc5c(nn(C)c5c4n3)C(=O)N)c2,8.52
112,CHEMBL1738758,CN1CCN(CC1)c2ccc(OC(F)(F)F)c(Nc3ncc4CCc5c(nn(CCO)c5c4n3)C(=O)N)c2,8.52
113,CHEMBL3344193,COc1cc(CNCc2ccncc2)ccc1OCc3ccc(Cl)cc3,8.52
114,CHEMBL2392544,COc1cc(ccc1Nc2ncc3N(C)C(=O)[C@](F)(CN(C4CCCC4)c3n2)C=C)C(=O)NN5CCN(C)CC5,8.52
115,CHEMBL522709,COc1ccc2ncn(c3cc(O[C@H](C)c4ccccc4C(F)(F)F)c(s3)C(=O)N)c2c1,8.52
116,CHEMBL1209757,C[C@@H](Oc1cc(sc1C(=O)N)n2cnc3cc(ccc23)c4cccs4)c5ccccc5C(F)(F)F,8.52
117,CHEMBL1208961,C[C@@H](Oc1cc(sc1C(=O)N)n2cnc3cc(ccc23)c4ccnc(NCCN(C)C)c4)c5ccccc5C(F)(F)F,8.52
118,CHEMBL1208959,C[C@@H](Oc1cc(sc1C(=O)N)n2cnc3cc(ccc23)c4ccnc(c4)N5CCN(C)CC5)c6ccccc6C(F)(F)F,8.52
119,CHEMBL1964263,C[C@@H](Oc1cc(sc1C(=O)N)n2cnc3ccc(OC4CCNCC4)cc23)c5ccccc5C(F)(F)F,8.52
120,CHEMBL1964262,C[C@@H](Oc1cc(sc1C(=O)N)n2cnc3ccc(OC[C@H](O)CN4CCCC4)cc23)c5ccccc5Cl,8.52
121,CHEMBL1964264,C[C@@H](Oc1cc(sc1C(=O)N)n2cnc3ccc(O[C@H]4CCCN(C)CC4)cc23)c5ccccc5Cl,8.52
122,CHEMBL2392554,CC[C@@]1(F)CN(C2CCCC2)c3nc(Nc4ccc(cc4OC)C(=O)NC5CCN(C)CC5)ncc3N(C)C1=O,8.7
123,CHEMBL2392545,COc1cc(C(=O)NC2CCN(C)CC2)c(F)cc1Nc3ncc4N(C)C(=O)C(F)(F)CN(C5CCCC5)c4n3,8.7
124,CHEMBL474028,COc1cc2ncn(c3cc(OCc4ccccc4Br)c(s3)C(=O)N)c2cc1OC,8.7
125,CHEMBL514499,COc1cc2ncn(c3cc(OCc4ccccc4C(F)(F)F)c(s3)C(=O)N)c2cc1OC,8.7
126,CHEMBL474432,COc1cc2ncn(c3cc(OCc4ccccc4C(F)(F)F)c(s3)C(=O)O)c2cc1OC,8.7
127,CHEMBL514162,COc1cc2ncn(c3cc(OCc4ccccc4Cl)c(s3)C(=O)N)c2cc1OC,8.7
128,CHEMBL480545,COc1cc2ncn(c3cc(OCc4sccc4Cl)c(s3)C(=O)N)c2cc1OC,8.7
129,CHEMBL474843,COc1ccc2ncn(c3cc(OCc4ccccc4C(F)(F)F)c(s3)C(=O)N)c2c1,8.7
130,CHEMBL1208965,C[C@@H](Oc1cc(sc1C(=O)N)n2cnc3cc(ccc23)c4ccc(NC5CCN(C)CC5)nc4)c6ccccc6Cl,8.7
131,CHEMBL1208958,C[C@@H](Oc1cc(sc1C(=O)N)n2cnc3cc(ccc23)c4ccnc(c4)N5CCN(C)CC5)c6ccccc6Cl,8.7
132,CHEMBL1209017,C[C@@H](Oc1cc(sc1C(=O)N)n2cnc3cc(ccc23)c4cnn(CCCN(C)C)c4)c5ccccc5Cl,8.7
133,CHEMBL1615278,C[C@@H](Oc1cc(sc1C(=O)N)n2cnc3ccc(OC4CCN(C)CC4)cc23)c5ccccc5C(F)(F)F,8.7
134,CHEMBL1794070,C[C@@H](Oc1cc(sc1C(=O)N)n2cnc3ccc(OC4CCN(C)CC4)cc23)c5ccccc5Cl,8.7
135,CHEMBL1209677,C[C@@H](Oc1cc(sc1C(=O)N)n2cnc3ccc(cc23)c4cccnc4)c5ccccc5C(F)(F)F,8.7
136,CHEMBL1209606,C[C@@H](Oc1cc(sc1C(=O)N)n2cnc3ccc(cc23)c4ccncc4)c5ccccc5C(F)(F)F,8.7
137,CHEMBL1209675,C[C@@H](Oc1cc(sc1C(=O)N)n2cnc3ccc(cc23)c4ccncc4)c5ccccc5Cl,8.7
138,CHEMBL1271644,Cn1nc(C(=O)N)c2CCc3cnc(Nc4cc(ccc4OC(F)(F)F)N5CCNCC5)nc3c12,8.7
139,CHEMBL1209018,CCN1CCN(CCCn2cc(cn2)c3ccc4c(c3)ncn4c5cc(O[C@H](C)c6ccccc6Cl)c(s5)C(=O)N)CC1,9.0
140,CHEMBL2392548,CN1CCC(CC1)NC(=O)c2ccc(Nc3ncc4N(C)C(=O)C(F)(F)CN(C5CCCC5)c4n3)cc2,9.0
141,CHEMBL2392549,COc1cc(C(=O)NC2CCN(C)CC2)c(Cl)cc1Nc3ncc4N(C)C(=O)C(F)(F)CN(C5CCCC5)c4n3,9.0
142,CHEMBL2392556,COc1cc(ccc1Nc2ncc3N(C)C(=O)[C@@H](CC=C)CN(C4CCCC4)c3n2)C(=O)NC5CCN(C)CC5,9.0
143,CHEMBL493326,COc1ccc2ncn(c3cc(O[C@H](C)c4ccccc4Cl)c(s3)C(=O)N)c2c1,9.0
144,CHEMBL1209676,C[C@@H](Oc1cc(sc1C(=O)N)n2cnc3cc(ccc23)c4cccnc4)c5ccccc5C(F)(F)F,9.0
145,CHEMBL1209844,C[C@@H](Oc1cc(sc1C(=O)N)n2cnc3cc(ccc23)c4ccnc(C)c4)c5ccccc5C(F)(F)F,9.0
146,CHEMBL1208835,C[C@@H](Oc1cc(sc1C(=O)N)n2cnc3cc(ccc23)c4ccnc(N)c4)c5ccccc5C(F)(F)F,9.0
147,CHEMBL1208892,C[C@@H](Oc1cc(sc1C(=O)N)n2cnc3cc(ccc23)c4ccnc(N)n4)c5ccccc5C(F)(F)F,9.0
148,CHEMBL1208964,C[C@@H](Oc1cc(sc1C(=O)N)n2cnc3cc(ccc23)c4ccnc(NC5CCN(C)CC5)c4)c6ccccc6Cl,9.0
149,CHEMBL1208966,C[C@@H](Oc1cc(sc1C(=O)N)n2cnc3cc(ccc23)c4ccnc(NC5CCN(C)CC5)n4)c6ccccc6Cl,9.0
150,CHEMBL1208963,C[C@@H](Oc1cc(sc1C(=O)N)n2cnc3cc(ccc23)c4ccnc(NCCO)c4)c5ccccc5Cl,9.0
151,CHEMBL1208962,C[C@@H](Oc1cc(sc1C(=O)N)n2cnc3cc(ccc23)c4ccnc(NCCS(=O)(=O)C)c4)c5ccccc5Cl,9.0
152,CHEMBL1209605,C[C@@H](Oc1cc(sc1C(=O)N)n2cnc3cc(ccc23)c4ccncc4)c5ccccc5C(F)(F)F,9.0
153,CHEMBL1209674,C[C@@H](Oc1cc(sc1C(=O)N)n2cnc3cc(ccc23)c4ccncc4)c5ccccc5Cl,9.0
154,CHEMBL1209759,C[C@@H](Oc1cc(sc1C(=O)N)n2cnc3cc(ccc23)c4cn[nH]c4)c5ccccc5C(F)(F)F,9.0
155,CHEMBL1208893,C[C@@H](Oc1cc(sc1C(=O)N)n2cnc3cc(ccc23)c4cnc(N)nc4)c5ccccc5C(F)(F)F,9.0
156,CHEMBL1209841,C[C@@H](Oc1cc(sc1C(=O)N)n2cnc3cc(ccc23)c4cnn(C)c4)c5ccccc5C(F)(F)F,9.0
157,CHEMBL1209842,C[C@@H](Oc1cc(sc1C(=O)N)n2cnc3cc(ccc23)c4cnn(C)c4)c5ccccc5Cl,9.0
158,CHEMBL1209016,C[C@@H](Oc1cc(sc1C(=O)N)n2cnc3cc(ccc23)c4cnn(CCN5CCN(C)CC5)c4)c6ccccc6Cl,9.0
159,CHEMBL1209015,C[C@@H](Oc1cc(sc1C(=O)N)n2cnc3cc(ccc23)c4cnn(CCN5CCOCC5)c4)c6ccccc6Cl,9.0
160,CHEMBL1794067,C[C@@H](Oc1cc(sc1C(=O)N)n2cnc3ccc(OC[C@@H](O)CO)cc23)c4ccccc4Cl,9.0
161,CHEMBL1209843,C[C@@H](Oc1cc(sc1C(=O)N)n2cnc3ccc(cc23)c4cnn(C)c4)c5ccccc5Cl,9.0
162,CHEMBL3609300,CC[C@H]1N(C2CCCC2)c3nc(Nc4ccc(cc4OC)C(=O)NC5CCN(C)CC5)ncc3N(CC)C1=O,9.04
163,CHEMBL1233528,CC[C@H]1N(C(C)C)c2nc(Nc3ccc(cc3OC)C(=O)N[C@@H]4CC[C@H](CC4)N5CCN(CC6CC6)CC5)ncc2N(C)C1=O,9.06
164,CHEMBL3609314,CC[C@H]1N(C2CCCC2)c3nc(Nc4ccc(cc4OC5CCCC5)C(=O)NC6CCN(C)CC6)ncc3N(C)C1=O,9.08
165,CHEMBL222419,COc1cc2ncn(c3cc(O[C@H](C)c4ccccc4Cl)c(s3)C(=O)N)c2cc1OC,9.1
166,CHEMBL3609310,CC[C@H]1N(C2CCCC2)c3nc(Nc4ccc(C(=O)NC5CCN(C)CC5)c(OC)c4)ncc3N(C)C1=O,9.28
167,CHEMBL3609305,CC[C@@H]1N(C2CCCC2)c3nc(Nc4ccc(cc4OC)C(=O)NC5CCN(C)CC5)ncc3N(C)C1=O,9.38
168,CHEMBL1908394,C[C@@H](Oc1cc(sc1C(=O)N)n2cnc3ccc(CN4CCN(C)CC4)cc23)c5ccccc5C(F)(F)F,10.03
