,molecule_chembl_id,canonical_smiles,pchembl_value
0,CHEMBL1095771,Cn1nc(C(=O)N)c2CCc3cnc(Nc4ccccc4F)nc3c12,7.57
1,CHEMBL2401965,CC[C@H]1N(C(C)C)c2nc(ncc2N(C)C1=O)n3ccnc3c4ccccc4,7.6
2,CHEMBL1094135,COc1ccccc1Nc2ncc3CCc4c(nn(C)c4c3n2)C(=O)N,7.62
3,CHEMBL2401972,CC[C@H]1N([C@@H]2CCOC2)c3nc(ncc3N(C)C1=O)n4ccnc4c5ccccc5,7.68
4,CHEMBL2402080,CC[C@H]1N(c2cnn(C)c2)c3nc(ncc3N(C)C1=O)n4ccnc4c5ccc(F)cc5,7.68
5,CHEMBL551079,C[C@@H](Oc1cc(sc1C(=O)N)c2cnc3ccccn23)c4ccc(CNC(C)(C)C)cc4OC(F)F,7.68
6,CHEMBL2401974,CCC1N(c2ccccc2)c3nc(ncc3N(C)C1=O)n4ccnc4c5ccccc5,7.77
7,CHEMBL2401975,CCC1N(c2ccc(F)cc2)c3nc(ncc3N(C)C1=O)n4ccnc4c5ccc(F)cc5,7.82
8,CHEMBL1094478,CSc1ccccc1Nc2ncc3CCc4c(nn(C)c4c3n2)C(=O)N,7.85
9,CHEMBL2401968,CCC1N(C2CCC(F)(F)C2)c3nc(ncc3N(C)C1=O)n4ccnc4c5ccc(F)cc5,7.89
10,CHEMBL2401969,CC[C@H]1N(C2CC(F)(F)C2)c3nc(ncc3N(C)C1=O)n4ccnc4c5ccc(F)cc5,7.92
11,CHEMBL2402078,CC[C@H]1N(c2cn[nH]c2)c3nc(ncc3N(C)C1=O)n4ccnc4c5ccc(F)cc5,7.92
12,CHEMBL1095457,CNc1ccccc1Nc2ncc3CCc4c(nn(C)c4c3n2)C(=O)N,7.92
13,CHEMBL1097022,Cn1nc(C(=O)N)c2CCc3cnc(Nc4ccccc4N)nc3c12,7.92
14,CHEMBL2402079,CCC1N(c2cc[nH]n2)c3nc(ncc3N(C)C1=O)n4ccnc4c5ccc(F)cc5,8.05
15,CHEMBL2401966,CC[C@H]1N(CCC(F)(F)F)c2nc(ncc2N(C)C1=O)n3ccnc3c4ccccc4,8.05
16,CHEMBL559845,Cn1nc(C(=O)N)c2CCc3cnc(Nc4ccccc4)nc3c12,8.05
17,CHEMBL2401971,CC[C@H]1N([C@H]2CCOC2)c3nc(ncc3N(C)C1=O)n4ccnc4c5ccccc5,8.1
18,CHEMBL2402081,CC[C@H]1N(c2ccn(C)n2)c3nc(ncc3N(C)C1=O)n4ccnc4c5ccc(F)cc5,8.16
19,CHEMBL2401963,CC[C@H]1N(C2CCCC2)c3nc(ncc3N(C)C1=O)n4ccnc4c5ccccc5,8.3
20,CHEMBL522618,C[C@H](Nc1cc2c(noc2cn1)c3ccc4OCOc4c3)c5ccccc5,8.4
21,CHEMBL2205426,CC(C)(C)NC1=C(Nc2ccnc(Nc3ccc(cc3)c4ccncc4)n2)C(=O)C1=O,8.7
22,CHEMBL1094477,Cc1ccccc1Nc2ncc3CCc4c(nn(C)c4c3n2)C(=O)N,8.7
23,CHEMBL513909,CC[C@H]1N(C2CCCC2)c3nc(Nc4ccc(cc4OC)C(=O)NC5CCN(C)CC5)ncc3N(C)C1=O,9.09
