,molecule_chembl_id,canonical_smiles,pchembl_value
0,CHEMBL471790,COc1cc(N)ccc1c2ccc3c(n[nH]c3c2)c4nc5c(cccc5[nH]4)N6CCN(C)CC6,7.63
1,CHEMBL474619,COc1cc(O)ccc1c2ccc3c(n[nH]c3c2)c4nc5c(cccc5[nH]4)N6CCN(C)CC6,7.66
2,CHEMBL2393451,CCOC(=O)c1c(N)scc1c2ccc(OC)cc2F,8.0
3,CHEMBL473631,CN1CCN(CC1)c2cccc3[nH]c(nc23)c4n[nH]c5cc(ccc45)c6ccc(O)cc6,8.25
4,CHEMBL480391,CN1CCN(CC1)c2cccc3nc([nH]c23)c4n[nH]c5cc(ccc45)c6ccc(N)cc6,8.29
5,CHEMBL2393423,COc1ccc(cc1OC)c2csc(N)c2C(=O)OC(C)C,8.52
6,CHEMBL200027,O=C(N1CCC(CC1)N2CCCC2)c3ccc(Nc4nccc(n4)c5cc6ccccc6s5)cc3,8.52
7,CHEMBL514197,COc1cc(ccc1O)c2ccc3c(n[nH]c3c2)c4nc5c(cccc5[nH]4)N6CCN(C)CC6,8.65
8,CHEMBL2393450,CCOC(=O)c1c(N)scc1c2ccc3OCOc3c2,8.7
9,CHEMBL2393427,COc1ccc(cc1OC)c2csc(N)c2C(=O)OCc3ccccc3,8.7
10,CHEMBL2393447,CCOC(=O)c1c(N)scc1c2ccc(N)cc2,9.0
11,CHEMBL2393448,CCOC(=O)c1c(N)scc1c2ccc(cc2)N(C)C,9.0
12,CHEMBL2393431,COc1cccc(COC(=O)c2c(N)scc2c3ccc(OC)c(OC)c3)c1,9.0
