,molecule_chembl_id,canonical_smiles,pchembl_value
0,CHEMBL2420257,CN1CCN(CC1)C(=O)COc2ccc(c3cccc4C(=O)C=C(Oc34)N5CCOCC5)c6sc7ccccc7c26,7.54
1,CHEMBL1234815,Cn1nc(c2ccc3ccccc3c2)c4c(N)ncnc14,7.54
2,CHEMBL2420274,OCCN1CCN(CCC(=O)Nc2ccc(c3cccc4C(=O)C=C(Oc34)N5CCOCC5)c6sc7ccccc7c26)CC1,7.54
3,CHEMBL2420267,OCCOCCN1CCN(CCC(=O)Nc2ccc(c3cccc4C(=O)C=C(Oc34)N5CCOCC5)c6sc7ccccc7c26)CC1,7.54
4,CHEMBL2420319,CN1CCN(CCC(=O)Nc2ccc(c3cccc4C(=O)C=C(Oc34)N5CCOCC5)c6sc7ccccc7c26)CC1,7.55
5,CHEMBL1241678,Nc1ncnc2c1c(nn2[C@H]3CCOC3)c4ccc(Cl)c(O)c4,7.55
6,CHEMBL188678,O=C1C=C(Oc2c1cccc2c3cccc4c5ccccc5sc34)N6CCOCC6,7.55
7,CHEMBL1766779,CS(=O)(=O)c1ccc(cc1)c2cnc(N)c(n2)C(=O)Nc3ccccc3,7.59
8,CHEMBL2420320,OCCN(CCO)CCC(=O)Nc1ccc(c2cccc3C(=O)C=C(Oc23)N4CCOCC4)c5sc6ccccc6c15,7.59
9,CHEMBL2420269,O=C(CCN1CCN(CC1)c2ccccn2)Nc3ccc(c4cccc5C(=O)C=C(Oc45)N6CCOCC6)c7sc8ccccc8c37,7.62
10,CHEMBL2420424,O=C(CN1CCNCC1)Nc2ccc(c3cccc4C(=O)C=C(Oc34)N5CCOCC5)c6sc7ccccc7c26,7.62
11,CHEMBL2420304,CC(=O)N1CCN(CCC(=O)Nc2ccc(c3cccc4C(=O)C=C(Oc34)N5CCOCC5)c6sc7ccccc7c26)CC1,7.64
12,CHEMBL198750,O=C1C=C(Oc2c1cccc2c3cccc4c5CCCCc5sc34)N6CCOCC6,7.64
13,CHEMBL2420283,CCN(CC)CCOc1ccc(c2cccc3C(=O)C=C(Oc23)N4CCOCC4)c5sc6ccccc6c15,7.66
14,CHEMBL2420322,NCCNCCC(=O)Nc1ccc(c2cccc3C(=O)C=C(Oc23)N4CCOCC4)c5sc6ccccc6c15,7.66
15,CHEMBL2420312,O=C(CN1CCCNCC1)Nc2ccc(c3cccc4C(=O)C=C(Oc34)N5CCOCC5)c6sc7ccccc7c26,7.66
16,CHEMBL2420324,O=C(CN1CCCCC1)Nc2ccc(c3cccc4C(=O)C=C(Oc34)N5CCOCC5)c6sc7ccccc7c26,7.68
17,CHEMBL174207,COC[C@H]1OC(=O)c2coc3C(=O)C4=C([C@@H](C[C@@]5(C)C4CCC5=O)C(=O)OC)[C@]1(C)c23,7.7
18,CHEMBL2420280,O=C1C=C(Oc2c1cccc2c3ccc(OCCN4CCCCC4)c5c6ccccc6sc35)N7CCOCC7,7.7
19,CHEMBL488881,O=C1C=C(Oc2c1cccc2c3cccc(c3)c4ccsc4)N5CCOCC5,7.7
20,CHEMBL1242666,CC(C)n1nc(c2ccc3c(C=O)c[nH]c3c2)c4c(N)ncnc14,7.72
21,CHEMBL2420266,COCCN1CCN(CCC(=O)Nc2ccc(c3cccc4C(=O)C=C(Oc34)N5CCOCC5)c6sc7ccccc7c26)CC1,7.72
22,CHEMBL1242287,Nc1ncnc2c1c(nn2C3CCC3)c4ccc(Br)c(O)c4,7.72
23,CHEMBL2420256,O=C(COc1ccc(c2cccc3C(=O)C=C(Oc23)N4CCOCC4)c5sc6ccccc6c15)N7CCCCC7,7.72
24,CHEMBL2420313,CN(C)CC(=O)Nc1ccc(c2cccc3C(=O)C=C(Oc23)N4CCOCC4)c5sc6ccccc6c15,7.75
25,CHEMBL2420427,COCCN(CCOC)CC(=O)Nc1ccc(c2cccc3C(=O)C=C(Oc23)N4CCOCC4)c5sc6ccccc6c15,7.75
26,CHEMBL2420271,O=C(CCN1CCN(CC1)c2ncccn2)Nc3ccc(c4cccc5C(=O)C=C(Oc45)N6CCOCC6)c7sc8ccccc8c37,7.75
27,CHEMBL529223,O=C1C=C(Oc2c1cccc2c3cccc(c3)c4cccs4)N5CCOCC5,7.75
28,CHEMBL1241578,CC(C)n1nc(c2ccc(Br)c(O)c2)c3c(N)ncnc13,7.77
29,CHEMBL1241484,CC(C)n1nc(c2ccc(Cl)c(O)c2)c3c(N)ncnc13,7.77
30,CHEMBL2420261,CC(=O)N1CCN(CC1)C(=O)COc2ccc(c3cccc4C(=O)C=C(Oc34)N5CCOCC5)c6sc7ccccc7c26,7.8
31,CHEMBL2420263,CC(C)N1CCN(CC1)C(=O)COc2ccc(c3cccc4C(=O)C=C(Oc34)N5CCOCC5)c6sc7ccccc7c26,7.8
32,CHEMBL2420429,NCCNCC(=O)Nc1ccc(c2cccc3C(=O)C=C(Oc23)N4CCOCC4)c5sc6ccccc6c15,7.8
33,CHEMBL3586573,CCN1C(=O)CNc2ncc(nc12)c3ccc(nc3C)c4nc[nH]n4,7.82
34,CHEMBL2420306,Fc1ccc(cc1)N2CCN(CC(=O)Nc3ccc(c4cccc5C(=O)C=C(Oc45)N6CCOCC6)c7sc8ccccc8c37)CC2,7.82
35,CHEMBL1241949,CC(C)n1nc(c2ccc3nc(N)ccc3c2)c4c(N)ncnc14,7.85
36,CHEMBL3393500,Cc1ccc2C(=O)C=C(Oc2c1c3cccc4c5ccccc5sc34)N6CCOCC6,7.85
37,CHEMBL1669170,O=C(CN1CCOCC1)Nc2ccc(cc2c3ccccc3)c4cccc5C(=O)C=C(Oc45)N6CCOCC6,7.85
38,CHEMBL2420436,O=C(CNCC1CCCO1)Nc2ccc(c3cccc4C(=O)C=C(Oc34)N5CCOCC5)c6sc7ccccc7c26,7.85
39,CHEMBL573339,Oc1cccc(c1)c2nc(N3CCOCC3)c4oc5ncccc5c4n2,7.85
40,CHEMBL2420302,CN1CCCC1CCNCCC(=O)Nc2ccc(c3cccc4C(=O)C=C(Oc34)N5CCOCC5)c6sc7ccccc7c26,7.89
41,CHEMBL1241857,COc1ccc2C3=NCCN3C(=Nc2c1OC)NC(=O)c4cccnc4,7.89
42,CHEMBL1241676,Nc1ncnc2c1c(nn2C3CCCC3)c4ccc(Cl)c(O)c4,7.89
43,CHEMBL2420311,O=C(CNCCCN1CCOCC1)Nc2ccc(c3cccc4C(=O)C=C(Oc34)N5CCOCC5)c6sc7ccccc7c26,7.89
44,CHEMBL3393499,O=C1C=C(N=C2N1C=CC=C2c3cccc4c5ccccc5sc34)N6CCOCC6,7.89
45,CHEMBL2420293,CCN(CC)CCC(=O)Nc1ccc(c2cccc3C(=O)C=C(Oc23)N4CCOCC4)c5sc6ccccc6c15,7.92
46,CHEMBL2420425,CN1CCN(CC(=O)Nc2ccc(c3cccc4C(=O)C=C(Oc34)N5CCOCC5)c6sc7ccccc7c26)CC1,7.92
47,CHEMBL1241299,Cn1nc(c2ccc(Br)c(O)c2)c3c(N)ncnc13,7.92
48,CHEMBL2420434,NCC(=O)Nc1ccc(c2cccc3C(=O)C=C(Oc23)N4CCOCC4)c5sc6ccccc6c15,7.92
49,CHEMBL2420277,O=C(CCNCc1ccncc1)Nc2ccc(c3cccc4C(=O)C=C(Oc34)N5CCOCC5)c6sc7ccccc7c26,7.92
50,CHEMBL2420435,O=C(CNCCN1CCOCC1)Nc2ccc(c3cccc4C(=O)C=C(Oc34)N5CCOCC5)c6sc7ccccc7c26,7.92
51,CHEMBL2420265,CN(CC(=O)N)C(=O)COc1ccc(c2cccc3C(=O)C=C(Oc23)N4CCOCC4)c5sc6ccccc6c15,7.96
52,CHEMBL2420291,O=C(CCN1CCCCCC1)Nc2ccc(c3cccc4C(=O)C=C(Oc34)N5CCOCC5)c6sc7ccccc7c26,7.96
53,CHEMBL2420323,O=C(CN1CCOCC1)Nc2ccc(c3cccc4C(=O)C=C(Oc34)N5CCOCC5)c6sc7ccccc7c26,7.96
54,CHEMBL1242476,CC(C)n1nc(c2ccc3c(N)n[nH]c3c2)c4c(N)ncnc14,8.0
55,CHEMBL2420308,CN(C)CCN1CCN(CC(=O)Nc2ccc(c3cccc4C(=O)C=C(Oc34)N5CCOCC5)c6sc7ccccc7c26)CC1,8.0
56,CHEMBL2420272,CN(C)CCN1CCN(CCC(=O)Nc2ccc(c3cccc4C(=O)C=C(Oc34)N5CCOCC5)c6sc7ccccc7c26)CC1,8.0
57,CHEMBL2420282,CN1CCCN(CCOc2ccc(c3cccc4C(=O)C=C(Oc34)N5CCOCC5)c6sc7ccccc7c26)CC1,8.0
58,CHEMBL2420286,C[C@@H]1CN(CCOc2ccc(c3cccc4C(=O)C=C(Oc34)N5CCOCC5)c6sc7ccccc7c26)C[C@H](C)O1,8.0
59,CHEMBL2420262,O=C(COc1ccc(c2cccc3C(=O)C=C(Oc23)N4CCOCC4)c5sc6ccccc6c15)NCc7ccncc7,8.0
60,CHEMBL2420321,OCCNCCC(=O)Nc1ccc(c2cccc3C(=O)C=C(Oc23)N4CCOCC4)c5sc6ccccc6c15,8.0
61,CHEMBL2420315,CC(C)N1CCN(CC(=O)Nc2ccc(c3cccc4C(=O)C=C(Oc34)N5CCOCC5)c6sc7ccccc7c26)CC1,8.05
62,CHEMBL1241944,CC(C)n1nc(c2ccc(C#N)c(O)c2)c3c(N)ncnc13,8.05
63,CHEMBL2420292,COc1ccc(CNCCC(=O)Nc2ccc(c3cccc4C(=O)C=C(Oc34)N5CCOCC5)c6sc7ccccc7c26)cc1,8.05
64,CHEMBL2420299,C[C@@H]1CN(CCC(=O)Nc2ccc(c3cccc4C(=O)C=C(Oc34)N5CCOCC5)c6sc7ccccc7c26)C[C@H](C)O1,8.05
65,CHEMBL2420276,O=C(CCNCCCN1CCOCC1)Nc2ccc(c3cccc4C(=O)C=C(Oc34)N5CCOCC5)c6sc7ccccc7c26,8.05
66,CHEMBL1233882,CC(C)n1nc(c2ccc3ncccc3c2)c4c(N)ncnc14,8.1
67,CHEMBL2420440,CCN(CC(=O)Nc1ccc(c2cccc3C(=O)C=C(Oc23)N4CCOCC4)c5sc6ccccc6c15)Cc7ccncc7,8.1
68,CHEMBL2420288,CN(C)CCOc1ccc(c2cccc3C(=O)C=C(Oc23)N4CCOCC4)c5sc6ccccc6c15,8.1
69,CHEMBL2420303,COCCNCCC(=O)Nc1ccc(c2cccc3C(=O)C=C(Oc23)N4CCOCC4)c5sc6ccccc6c15,8.1
70,CHEMBL2420294,NCCC(=O)Nc1ccc(c2cccc3C(=O)C=C(Oc23)N4CCOCC4)c5sc6ccccc6c15,8.1
71,CHEMBL1669154,O=C(CN1CCOCC1)Nc2ccc(cc2OCC3CC3)c4cccc5C(=O)C=C(Oc45)N6CCOCC6,8.1
72,CHEMBL2420314,O=C(CNCc1ccncc1)Nc2ccc(c3cccc4C(=O)C=C(Oc34)N5CCOCC5)c6sc7ccccc7c26,8.1
73,CHEMBL2420279,O=C1C=C(Oc2c1cccc2c3ccc(OCCN4CCOCC4)c5c6ccccc6sc35)N7CCOCC7,8.1
74,CHEMBL2420428,OCCNCC(=O)Nc1ccc(c2cccc3C(=O)C=C(Oc23)N4CCOCC4)c5sc6ccccc6c15,8.1
75,CHEMBL2420281,CN1CCN(CCOc2ccc(c3cccc4C(=O)C=C(Oc34)N5CCOCC5)c6sc7ccccc7c26)CC1,8.16
76,CHEMBL2420443,COCCNCC(=O)Nc1ccc(c2cccc3C(=O)C=C(Oc23)N4CCOCC4)c5sc6ccccc6c15,8.16
77,CHEMBL2420296,O=C(CCNCC1CCCO1)Nc2ccc(c3cccc4C(=O)C=C(Oc34)N5CCOCC5)c6sc7ccccc7c26,8.16
78,CHEMBL2420305,O=C(CN1CCN(CC1)c2ccccn2)Nc3ccc(c4cccc5C(=O)C=C(Oc45)N6CCOCC6)c7sc8ccccc8c37,8.16
79,CHEMBL2420441,O=C(CNCCN1CCNC1=O)Nc2ccc(c3cccc4C(=O)C=C(Oc34)N5CCOCC5)c6sc7ccccc7c26,8.16
80,CHEMBL2420284,O=C1C=C(Oc2c1cccc2c3ccc(OCCNCCN4CCOCC4)c5c6ccccc6sc35)N7CCOCC7,8.16
81,CHEMBL1256459,CCC(=O)N1CCN(CC1)c2ccc(cc2C(F)(F)F)N3C(=O)C=Cc4cnc5ccc(cc5c34)c6cnc7ccccc7c6,8.2
82,CHEMBL2420307,CC(C)NCC(=O)CN1CCN(CC(=O)Nc2ccc(c3cccc4C(=O)C=C(Oc34)N5CCOCC5)c6sc7ccccc7c26)CC1,8.22
83,CHEMBL1766797,CC(CN(C)C)S(=O)(=O)c1ccc(cc1)c2cnc(N)c(n2)C(=O)Nc3ccccc3,8.22
84,CHEMBL1796761,CNC(=O)c1ccc2c(OCCc3cc(sc23)C(=O)N(C)c4ccc(cc4Cl)C(=O)N(C)C)c1,8.22
85,CHEMBL2420264,COC(=O)[C@H](CO)NC(=O)COc1ccc(c2cccc3C(=O)C=C(Oc23)N4CCOCC4)c5sc6ccccc6c15,8.22
86,CHEMBL2420445,COCCN1CCN(CC(=O)Nc2ccc(c3cccc4C(=O)C=C(Oc34)N5CCOCC5)c6sc7ccccc7c26)CC1,8.22
87,CHEMBL2420301,O=C(CCNCCN1CCNC1=O)Nc2ccc(c3cccc4C(=O)C=C(Oc34)N5CCOCC5)c6sc7ccccc7c26,8.22
88,CHEMBL2420295,O=C(CCNCCN1CCOCC1)Nc2ccc(c3cccc4C(=O)C=C(Oc34)N5CCOCC5)c6sc7ccccc7c26,8.22
89,CHEMBL2420426,OCCN(CCO)CC(=O)Nc1ccc(c2cccc3C(=O)C=C(Oc23)N4CCOCC4)c5sc6ccccc6c15,8.22
90,CHEMBL2420446,OCCOCCN1CCN(CC(=O)Nc2ccc(c3cccc4C(=O)C=C(Oc34)N5CCOCC5)c6sc7ccccc7c26)CC1,8.22
91,CHEMBL2420444,CC(=O)N1CCN(CC(=O)Nc2ccc(c3cccc4C(=O)C=C(Oc34)N5CCOCC5)c6sc7ccccc7c26)CC1,8.3
92,CHEMBL1086377,CCN1CCN(CC(=O)Nc2ccc(c3cccc4C(=O)C=C(Oc34)N5CCOCC5)c6sc7ccccc7c26)CC1,8.3
93,CHEMBL2420285,CN(C)CCN(C)CCOc1ccc(c2cccc3C(=O)C=C(Oc23)N4CCOCC4)c5sc6ccccc6c15,8.3
94,CHEMBL2420310,OCCN1CCN(CC(=O)Nc2ccc(c3cccc4C(=O)C=C(Oc34)N5CCOCC5)c6sc7ccccc7c26)CC1,8.3
95,CHEMBL2420439,C[C@@H]1CN(CC(=O)Nc2ccc(c3cccc4C(=O)C=C(Oc34)N5CCOCC5)c6sc7ccccc7c26)C[C@H](C)O1,8.4
96,CHEMBL1914743,Fc1ccc(cc1)S(=O)(=O)Nc2cc(cnc2Cl)c3ccc4ncc(nc4c3)N5CCOCC5,8.47
97,CHEMBL1615189,CC(=O)Nc1nc2ccc(cc2s1)c3cnc(Cl)c(NS(=O)(=O)c4ccc(F)cc4)c3,8.52
98,CHEMBL2420253,CC(C)N1CCN(CCOc2ccc(c3cccc4C(=O)C=C(Oc34)N5CCOCC5)c6sc7ccccc7c26)CC1,8.52
99,CHEMBL2420255,CN(CCOc1ccc(c2cccc3C(=O)C=C(Oc23)N4CCOCC4)c5sc6ccccc6c15)CC(=O)N,8.52
100,CHEMBL3797933,Nc1oc2ccc(cc2n1)c3nn(CC4CCCC4)c5ncnc(N)c35,8.52
101,CHEMBL1738719,Fc1ccc(cc1)S(=O)(=O)Nc2cc(cnc2Cl)c3ccc4nccc(N5CCOCC5)c4c3,8.64
102,CHEMBL2420287,CC(=O)N1CCN(CCOc2ccc(c3cccc4C(=O)C=C(Oc34)N5CCOCC5)c6sc7ccccc7c26)CC1,8.7
103,CHEMBL2420254,COC(=O)[C@H](CO)NCCOc1ccc(c2cccc3C(=O)C=C(Oc23)N4CCOCC4)c5sc6ccccc6c15,8.7
104,CHEMBL2420289,O=C1C=C(Oc2c1cccc2c3ccc(OCCNc4cccnc4)c5c6ccccc6sc35)N7CCOCC7,8.7
105,CHEMBL3672674,COc1cc2ncc3N(C)C(=O)N(c4ccc(cc4F)C#N)c3c2cc1OC(CN)c5ccc(F)cc5,9.13
106,CHEMBL1241776,CC(C)n1nc(c2ccc3N=CNC(=O)c3c2)c4c(N)ncnc14,9.3
107,CHEMBL1765602,Nc1ccc(cn1)c2ccc3ncc4C=CC(=O)N(c5cccc(c5)C(F)(F)F)c4c3c2,9.3
108,CHEMBL3646752,CCCn1nc(c2ccc(cc2)C#N)c3c4cc(OC)c(OC)cc4ncc13,9.52
109,CHEMBL3646768,CCN1CCN(CC1)c2ccc(cc2)c3nn(C)c4cnc5cc(OC)c(OC)cc5c34,9.52
110,CHEMBL3646741,CCN1CCN(CCNC(=O)C(Oc2cc3c(cc2OC)ncc4c3c(nn4C)c5ccc(cc5)C#N)c6ccc(F)cc6)CC1,9.52
111,CHEMBL3646750,CCn1nc(c2ccc(cc2F)C#N)c3c4cc(OC)c(OC)cc4ncc13,9.52
112,CHEMBL3646712,COC(=O)C(Oc1cc2c(cc1OC)ncc3c2c(nn3C)c4ccc(cc4)C#N)c5ccc(F)cc5,9.52
113,CHEMBL3667683,COCCNC(=O)C(Oc1cc2c3N(C(=O)N(C)c3cnc2cc1OC)c4ccc(cc4F)C#N)c5ccc(F)cc5,9.52
114,CHEMBL3672683,COc1cc2ncc3N(C)C(=O)N(c4ccc(cc4F)C#N)c3c2cc1CCc5ccsc5,9.52
115,CHEMBL3672673,COc1cc2ncc3N(C)C(=O)N(c4ccc(cc4F)C#N)c3c2cc1OC(CN)c5cccs5,9.52
116,CHEMBL3667686,COc1cc2ncc3N(C)C(=O)N(c4ccc(cc4F)C#N)c3c2cc1OCc5sccc5S(=O)(=O)N6CCOCC6,9.52
117,CHEMBL3672684,COc1cc2ncc3N(C)C(=O)N(c4ccc(cc4F)C#N)c3c2cc1\C=C\c5ccccc5,9.52
118,CHEMBL3672681,COc1cc2ncc3N(C)C(=O)N(c4ccc(cc4F)C#N)c3c2cc1c5cc(nn5C)C(F)(F)F,9.52
119,CHEMBL3672679,COc1cc2ncc3N(C)C(=O)N(c4ccc(cc4F)C#N)c3c2cc1c5ccnn5C,9.52
120,CHEMBL3646758,COc1cc2ncc3c(c(nn3C#N)c4ccc(cc4)C#N)c2cc1OC,9.52
121,CHEMBL3646753,COc1cc2ncc3c(c(nn3C(C)C)c4ccc(cc4)C#N)c2cc1OC,9.52
122,CHEMBL3646742,COc1cc2ncc3c(c(nn3C)c4ccc(cc4)C#N)c2cc1OC(C(=O)NCCN(C)C)c5ccc(F)cc5,9.52
123,CHEMBL3646745,COc1cc2ncc3c(c(nn3C)c4ccc(cc4)C#N)c2cc1OC(C(=O)NCCS(=O)(=O)N)c5ccc(F)cc5,9.52
124,CHEMBL3646744,COc1cc2ncc3c(c(nn3C)c4ccc(cc4)C#N)c2cc1OC(C(=O)NOCC#N)c5ccc(F)cc5,9.52
125,CHEMBL3646711,COc1cc2ncc3c(c(nn3C)c4ccc(cc4)C#N)c2cc1OC(F)(F)c5ccccc5,9.52
126,CHEMBL3646726,COc1cc2ncc3c(c(nn3C)c4ccc(cc4)C#N)c2cc1OCc5cccc(CN)c5,9.52
127,CHEMBL3646722,COc1cc2ncc3c(c(nn3C)c4ccc(cc4)C#N)c2cc1OCc5cccc(CN6CCOCC6)c5,9.52
128,CHEMBL3646735,COc1cc2ncc3c(c(nn3C)c4ccc(cc4)C#N)c2cc1OCc5cccc(c5)N(C)C,9.52
129,CHEMBL3639456,COc1cc2ncc3c(c(nn3C)c4ccc(cc4)C#N)c2cc1OCc5cccc(c5)c6csc(C)n6,9.52
130,CHEMBL3646708,COc1cc2ncc3c(c(nn3C)c4ccc(cc4)C#N)c2cc1OCc5ccccc5C#N,9.52
131,CHEMBL3646732,COc1cc2ncc3c(c(nn3C)c4ccc(cc4)C#N)c2cc1OCc5ccnc(c5)C#N,9.52
132,CHEMBL3646724,COc1cc2ncc3c(c(nn3C)c4ccc(cc4)C#N)c2cc1OCc5cnc6[nH]ccc6c5,9.52
133,CHEMBL3646719,COc1cc2ncc3c(c(nn3C)c4ccc(cc4)C#N)c2cc1OP(=O)(O)c5ccccc5,9.52
134,CHEMBL3646718,COc1cc2ncc3c(c(nn3C)c4ccc(cc4)C#N)c2cc1OS(=O)(=O)c5ccc(C)cc5,9.52
135,CHEMBL3646755,COc1cc2ncc3c(c(nn3C4CC4)c5ccc(cc5)C#N)c2cc1OC,9.52
136,CHEMBL3646761,COc1cc2ncc3c(c(nn3CC(=O)N)c4ccc(cc4)C#N)c2cc1OC,9.52
137,CHEMBL3646760,COc1cc2ncc3c(c(nn3CC(=O)O)c4ccc(cc4)C#N)c2cc1OC,9.52
138,CHEMBL3646756,COc1cc2ncc3c(c(nn3CC=C)c4ccc(cc4)C#N)c2cc1OC,9.52
0,CHEMBL104450,Oc1ccc(cc1)c2cccc(c2)C3=CC(=O)C=C(S3)N4CCOCC4,6.46
1,CHEMBL98350,O=C1C=C(Oc2c1cccc2c3ccccc3)N4CCOCC4,5.85
3,CHEMBL276746,O=C1C=C(SC(=C1)c2ccccc2)N3CCOCC3,6.14
4,CHEMBL102529,CC(C)(C)c1ccc(cc1)C2=CC(=O)C=C(O2)N3CCOCC3,6.32
5,CHEMBL105613,O=C1C=C(OC(=C1)c2ccccc2)N3CCOCC3,5.96
6,CHEMBL105612,Clc1ccc(cc1)C2=CC(=O)C=C(O2)N3CCOCC3,6.75
7,CHEMBL431228,COC(=O)\C=C\c1ccccc1c2cccc(c2)C3=CC(=O)C=C(S3)N4CCOCC4,6.08
8,CHEMBL319909,Fc1cccc(c1)C2=CC(=O)C=C(O2)N3CCOCC3,6.28
9,CHEMBL323136,Clc1ccc(cc1)C2=CC(=O)C=C(S2)N3CCOCC3,6.28
10,CHEMBL102581,O=C1C=C(SC(=C1)c2ccc(cc2)c3csc4ccccc34)N5CCOCC5,6.48
11,CHEMBL105256,COc1ccccc1C2=CC(=O)C=C(O2)N3CCOCC3,6.42
12,CHEMBL316769,Brc1ccc(cc1)C2=CC(=O)C=C(S2)N3CCOCC3,6.17
13,CHEMBL321784,COc1ccc(cc1)C2=CC(=O)C=C(S2)N3CCOCC3,6.55
14,CHEMBL102396,CC(C)(C)c1ccc(cc1)C2=CC(=O)C=C(S2)N3CCOCC3,6.04
15,CHEMBL105678,O=C1C=C(SC(=C1)c2ccc(cc2)c3cccc4ccccc34)N5CCOCC5,6.72
16,CHEMBL104682,Cc1ccc(c2ccc(cc2)C3=CC(=O)C=C(S3)N4CCOCC4)c5ccccc15,6.59
17,CHEMBL106543,COc1cccc(c1)C2=CC(=O)C=C(O2)N3CCOCC3,6.27
18,CHEMBL319261,COc1ccc(cc1)C2=CC(=O)C=C(O2)N3CCOCC3,6.66
19,CHEMBL104468,O=C1C=C(Oc2c1ccc3ccccc23)N4CCOCC4,6.64
20,CHEMBL105521,Fc1ccc(cc1)C2=CC(=O)C=C(O2)N3CCOCC3,6.46
21,CHEMBL323145,Brc1cccc(c1)C2=CC(=O)C=C(S2)N3CCOCC3,6.1
22,CHEMBL104644,Oc1cccc(c1)c2cccc(c2)C3=CC(=O)C=C(S3)N4CCOCC4,6.04
23,CHEMBL316835,N\N=C\c1nc(O)c(cc1c2ccncc2)C#N,4.0
27,CHEMBL262054,CO[C@H]1C[C@H](C)CC2=C(NCCCCCOc3ccc4C(=O)C=C(Oc4c3)N5CCOCC5)C(=O)C=C(NC(=O)\C(=C\C=C/[C@H](OC)[C@@H](OC(=O)N)\C(=C\[C@H](C)[C@H]1O)\C)\C)C2=O,5.3
29,CHEMBL367315,O=C1C=C(Oc2ccccc12)N3CCOCC3,5.37
30,CHEMBL422731,CO[C@H]1C[C@H](C)CC2=C(NCCOCCOc3ccc4C(=O)C=C(Oc4c3C)N5CCOCC5)C(=O)C=C(NC(=O)\C(=C\C=C/[C@H](OC)[C@@H](OC(=O)N)\C(=C\[C@H](C)[C@H]1O)\C)\C)C2=O,4.91
32,CHEMBL355195,CO[C@H]1C[C@H](C)CC2=C(NCCCCCCOc3ccc4C(=O)C=C(Oc4c3)N5CCOCC5)C(=O)C=C(NC(=O)\C(=C\C=C/[C@H](OC)[C@@H](OC(=O)N)\C(=C\[C@H](C)[C@H]1O)\C)\C)C2=O,5.22
33,CHEMBL173055,CO[C@H]1C[C@H](C)CC2=C(NCCCCCCCCOc3ccc4C(=O)C=C(Oc4c3C)N5CCOCC5)C(=O)C=C(NC(=O)\C(=C\C=C/[C@H](OC)[C@@H](OC(=O)N)\C(=C\[C@H](C)[C@H]1O)\C)\C)C2=O,5.76
34,CHEMBL366754,CO[C@H]1C[C@H](C)CC2=C(NCC#Cc3cccc4C(=O)C=C(Oc34)N5CCOCC5)C(=O)C=C(NC(=O)\C(=C\C=C/[C@H](OC)[C@@H](OC(=O)N)\C(=C\[C@H](C)[C@H]1O)\C)\C)C2=O,5.52
35,CHEMBL424579,CO[C@H]1C[C@H](C)CC2=C(NCCOCCOc3ccc4C(=O)C=C(Oc4c3)N5CCOCC5)C(=O)C=C(NC(=O)\C(=C\C=C/[C@H](OC)[C@@H](OC(=O)N)\C(=C\[C@H](C)[C@H]1O)\C)\C)C2=O,4.48
36,CHEMBL173928,CO[C@H]1C[C@H](C)CC2=C(NCCCOc3ccc4C(=O)C=C(Oc4c3)N5CCOCC5)C(=O)C=C(NC(=O)\C(=C\C=C/[C@H](OC)[C@@H](OC(=O)N)\C(=C\[C@H](C)[C@H]1O)\C)\C)C2=O,4.55
37,CHEMBL263287,CO[C@H]1C[C@H](C)CC2=C(NCCCCCCCOc3ccc4C(=O)C=C(Oc4c3C)N5CCOCC5)C(=O)C=C(NC(=O)\C(=C\C=C/[C@H](OC)[C@@H](OC(=O)N)\C(=C\[C@H](C)[C@H]1O)\C)\C)C2=O,5.43
39,CHEMBL366637,CO[C@H]1C[C@H](C)CC2=C(NCCCCOc3ccc4C(=O)C=C(Oc4c3)N5CCOCC5)C(=O)C=C(NC(=O)\C(=C\C=C/[C@H](OC)[C@@H](OC(=O)N)\C(=C\[C@H](C)[C@H]1O)\C)\C)C2=O,4.86
40,CHEMBL366755,CO[C@H]1C[C@H](C)CC2=C(NCCCC#Cc3cccc4C(=O)C=C(Oc34)N5CCOCC5)C(=O)C=C(NC(=O)\C(=C\C=C/[C@H](OC)[C@@H](OC(=O)N)\C(=C\[C@H](C)[C@H]1O)\C)\C)C2=O,4.87
42,CHEMBL265502,Cc1ccc(cc1NC(=O)c2cccc(NC(=O)Nc3cccc(c3)C(=O)Nc4cc(ccc4C)C(=O)Nc5ccc(c6cc(cc(c56)S(=O)(=O)O)S(=O)(=O)O)S(=O)(=O)O)c2)C(=O)Nc7ccc(c8cc(cc(c78)S(=O)(=O)O)S(=O)(=O)O)S(=O)(=O)O,5.77
43,CHEMBL179914,O=C1C=C(Oc2c1ccc3ccccc23)N4CCCC4,5.21
44,CHEMBL367141,O=C1C=C(Oc2c1ccc3ccccc23)N4CCCOCC4,5.7
46,CHEMBL435542,O=C1C=C(Oc2c1ccc3ccccc23)N4C[C@H]5C[C@@H]4CO5,5.5
49,CHEMBL175892,OC1CCN(C1)C2=CC(=O)c3ccc4ccccc4c3O2,5.03
52,CHEMBL435507,CC1CN(CCO1)C2=CC(=O)c3ccc4ccccc4c3O2,6.72
53,CHEMBL179412,CC1CN(CC(C)O1)C2=CC(=O)c3ccc4ccccc4c3O2,5.38
54,CHEMBL176280,CC1(C)CN(CCO1)C2=CC(=O)c3ccc4ccccc4c3O2,5.45
57,CHEMBL367262,O=C1Oc2ccccc2C(=C1)N3CCOCC3,5.32
58,CHEMBL176114,O=C1Oc2ccccc2C(=C1)N3CCCCC3,5.06
59,CHEMBL361588,Cc1ccc2OC(=O)C=C(N3CCOCC3)c2c1,5.27
60,CHEMBL369452,Cc1cccc2C(=CC(=O)Oc12)N3CCOCC3,5.09
62,CHEMBL175510,COc1ccc2OC(=O)C=C(N3CCOCC3)c2c1,5.76
63,CHEMBL177241,COc1ccc2C(=CC(=O)Oc2c1)N3CCOCC3,4.95
64,CHEMBL176325,COc1cccc2C(=CC(=O)Oc12)N3CCOCC3,4.96
65,CHEMBL179591,Clc1ccc2OC(=O)C=C(N3CCOCC3)c2c1,5.49
67,CHEMBL283196,O=C1C=C(Oc2c1ccc3ccccc23)c4ccccc4,5.3
71,CHEMBL361608,Fc1ccccc1C2=CC(=O)c3ccc4ccccc4c3O2,5.07
72,CHEMBL436080,Fc1cccc(c1)C2=CC(=O)c3ccc4ccccc4c3O2,5.24
77,CHEMBL179276,Nc1ccc(cc1)C2=CC(=O)c3ccc4ccccc4c3O2,5.11
80,CHEMBL177938,O=C1C=C(Oc2c1ccc3ccccc23)c4cccnc4,5.72
83,CHEMBL179043,O=C1C=C(N=C2C=CC=CN12)N3CCOCC3,5.7
84,CHEMBL179168,O=C1C=C(N=C2N1C=Cc3ccccc23)N4CCSCC4,5.77
85,CHEMBL179002,O=C1C=C(N=C2N1C=Cc3ccccc23)N4CCCC4,5.18
86,CHEMBL361530,O=C1C=C(N=C2N1C=Cc3ccccc23)N4CC=CC4,5.55
87,CHEMBL180023,O[C@@H]1CCN(C1)C2=CC(=O)N3C=Cc4ccccc4C3=N2,5.19
90,CHEMBL176436,C[C@@H]1CN(C[C@H](C)O1)C2=CC(=O)N3C=Cc4ccccc4C3=N2,5.49
91,CHEMBL176193,CC1(C)CN(CCO1)C2=CC(=O)N3C=Cc4ccccc4C3=N2,5.17
98,CHEMBL177997,OCC(O)CNC1=CC(=O)N2C=Cc3ccccc3C2=N1,5.07
104,CHEMBL180529,CN(CC(O)c1ccccc1)C2=CC(=O)N3C=Cc4ccccc4C3=N2,4.98
105,CHEMBL428496,COC[C@H]1OC(=O)c2coc3C(=O)C4=C([C@@H](C[C@@]5(C)[C@H]4CCC5=O)OC(=O)C)[C@]1(C)c23,6.92
109,CHEMBL176233,S=C1C=C(Oc2c1ccc3ccccc23)N4CCOCC4,6.59
110,CHEMBL360038,O=C1C=C(Oc2c1ccc3ccccc23)N4CCSCC4,5.86
111,CHEMBL179108,O=C1C=C(Oc2c3CCCCc3ccc12)N4CCOCC4,6.44
112,CHEMBL175883,O=C1C=C(Oc2cc3ccccc3cc12)N4CCOCC4,6.41
113,CHEMBL367537,O=C1C=C(Oc2ccc3ccccc3c12)N4CCOCC4,5.9
114,CHEMBL177279,O=C1Oc2cc3ccccc3cc2C(=C1)N4CCOCC4,5.49
115,CHEMBL179640,O=C1Oc2cc3ccccc3cc2C(=C1)N4CCSCC4,5.29
116,CHEMBL179641,O=C1Oc2c(ccc3ccccc23)C(=C1)N4CCOCC4,5.18
117,CHEMBL178969,O=C1Oc2ccc3ccccc3c2C(=C1)N4CCOCC4,5.72
118,CHEMBL179242,O=C1C=C(N=C2N1C=Cc3ccccc23)N4CCOCC4,6.55
120,CHEMBL179635,Cc1cccc2C(=O)C=C(Oc12)N3CCOCC3,5.78
121,CHEMBL175459,COc1ccc2C(=O)C=C(Oc2c1)N3CCOCC3,6.02
122,CHEMBL97024,COc1cccc2C(=O)C=C(Oc12)N3CCOCC3,5.92
123,CHEMBL369146,O=C1C=C(Oc2ccc(cc12)c3ccccc3)N4CCOCC4,5.65
124,CHEMBL176064,O=C1C=C(Oc2c1cccc2c3ccccc3)N4CCCCC4,5.33
125,CHEMBL175944,O=C1C=C(Oc2c1cccc2c3ccccc3)N4CCSCC4,5.79
126,CHEMBL433802,[O-][S+]1CCN(CC1)C2=CC(=O)c3cccc(c3O2)c4ccccc4,5.24
127,CHEMBL367468,O=C1C=C(Oc2c1ccc3ccccc23)N4CCCCC4,5.42
128,CHEMBL186048,O=C1C=C(Oc2c1cccc2c3cccc4c3oc5ccccc45)N6CCOCC6,7.4
133,CHEMBL363755,COc1ccc(cc1)c2cccc3C(=O)C=C(Oc23)N4CCOCC4,6.05
134,CHEMBL189552,OCc1ccc(cc1)c2cccc3C(=O)C=C(Oc23)N4CCOCC4,6.22
135,CHEMBL362729,O=C1C=C(Oc2c1cccc2c3cccs3)N4CCOCC4,6.16
136,CHEMBL187562,CC(=O)c1ccc(s1)c2cccc3C(=O)C=C(Oc23)N4CCOCC4,6.1
137,CHEMBL362521,O=C1C=C(Oc2c1cccc2c3cc4ccccc4s3)N5CCOCC5,6.1
139,CHEMBL360183,O=C1C=C(Oc2c1cccc2c3ccsc3)N4CCOCC4,6.52
143,CHEMBL197536,Oc1ccc2C(=O)C=C(Oc2c1)N3CCOCC3,6.35
144,CHEMBL197003,O=C1C=C(Oc2ccc(OCN3C(=O)c4ccccc4C3=O)cc12)N5CCOCC5,5.37
145,CHEMBL373031,O=C1C=C(Oc2ccc(OCc3ccc(cc3)C#N)cc12)N4CCOCC4,5.4
146,CHEMBL198675,Oc1cc(nc2c3ccccc3cc[n+]12)N4CCOCC4,6.6
152,CHEMBL197218,CC(=O)c1ccc(cc1)c2cccc3C(=O)C=C(Oc23)N4CCOCC4,6.0
153,CHEMBL371468,O=C1C=C(Oc2c1cccc2c3ccc(OCc4ccccc4)cc3)N5CCOCC5,5.7
154,CHEMBL197551,O=C1C=C(Oc2c1cccc2c3cccc4Sc5ccccc5Oc34)N6CCOCC6,5.24
155,CHEMBL198898,CC(=O)Nc1ccc(cc1)c2cccc3C(=O)C=C(Oc23)N4CCOCC4,5.92
157,CHEMBL426296,O=C1C=C(Oc2c1cccc2c3cccc(CN4C(=O)c5ccccc5C4=O)c3)N6CCOCC6,5.01
159,CHEMBL199616,CC(C)(C)c1ccccc1c2cccc3C(=O)C=C(Oc23)N4CCOCC4,5.21
162,CHEMBL200567,O=C1C=C(Oc2c1cccc2c3ccc4[nH]ccc4c3)N5CCOCC5,5.59
163,CHEMBL200517,Oc1ccc(cc1)c2cccc3C(=O)C=C(Oc23)N4CCOCC4,5.59
164,CHEMBL200685,Oc1cccc(c1)c2cccc3C(=O)C=C(Oc23)N4CCOCC4,5.92
166,CHEMBL200548,OCc1cccc(c1)c2cccc3C(=O)C=C(Oc23)N4CCOCC4,5.4
167,CHEMBL200547,OCc1ccccc1c2cccc3C(=O)C=C(Oc23)N4CCOCC4,5.54
168,CHEMBL200733,Clc1ccc(cc1)c2cccc3C(=O)C=C(Oc23)N4CCOCC4,5.62
170,CHEMBL383376,CCOC(=O)c1cccc(c1)c2cccc3C(=O)C=C(Oc23)N4CCOCC4,5.57
172,CHEMBL380796,CC(C)(C)Oc1cccc(c1)c2cccc3C(=O)C=C(Oc23)N4CCOCC4,5.37
174,CHEMBL372633,Fc1ccc(\C=C\c2cccc3C(=O)C=C(Oc23)N4CCOCC4)cc1,5.96
175,CHEMBL369990,O=C1C=C(Oc2c1cccc2c3occc3)N4CCOCC4,5.55
176,CHEMBL200340,O=C1C=C(Oc2c1cccc2c3ccc4ccccc4c3)N5CCOCC5,5.52
177,CHEMBL200201,FC(F)(F)Oc1ccc(cc1)c2cccc3C(=O)C=C(Oc23)N4CCOCC4,5.85
180,CHEMBL200631,CC(=O)Nc1cccc(c1)c2cccc3C(=O)C=C(Oc23)N4CCOCC4,4.83
181,CHEMBL425391,O=C1C=C(Oc2c1cccc2c3ccccc3c4ccccc4)N5CCOCC5,4.98
183,CHEMBL382723,O=C1C=C(Oc2c1cccc2c3csc4ccccc34)N5CCOCC5,5.51
184,CHEMBL197284,CC(=O)c1ccccc1c2cccc3C(=O)C=C(Oc23)N4CCOCC4,4.83
185,CHEMBL198476,O=C1C=C(Oc2c(\C=C\c3ccccc3)cccc12)N4CCOCC4,5.82
186,CHEMBL198956,Cc1ccc(c2cccc3C(=O)C=C(Oc23)N4CCOCC4)c5ccccc15,5.06
190,CHEMBL372630,O=C1C=C(Oc2c1cccc2c3ccc(cc3)C#N)N4CCOCC4,5.31
191,CHEMBL199178,O=C1C=C(Oc2c1cccc2c3cccc(OCc4ccccc4)c3)N5CCOCC5,5.23
192,CHEMBL199129,O=C1C=C(Oc2c1cccc2c3ccccc3OCc4ccccc4)N5CCOCC5,4.58
193,CHEMBL371036,O=C(OCc1ccccc1)c2ccc(cc2)c3cccc4C(=O)C=C(Oc34)N5CCOCC5,5.46
194,CHEMBL200591,[O-][n+]1ccc(COc2ccc3C(=O)C=C(Oc3c2)N4CCOCC4)cc1,5.09
196,CHEMBL200444,[O-][n+]1ccccc1COc2ccc3C(=O)C=C(Oc3c2)N4CCOCC4,5.03
198,CHEMBL200439,O=C1C=C(Oc2cc(OCCS(=O)(=O)Cc3ccccc3)ccc12)N4CCOCC4,5.25
199,CHEMBL200661,CCS(=O)(=O)CCOc1ccc2C(=O)C=C(Oc2c1)N3CCOCC3,5.05
200,CHEMBL427194,O=C1C=C(Oc2cc(OCCS(=O)(=O)c3ccccc3)ccc12)N4CCOCC4,6.33
201,CHEMBL372138,O=C1C=C(Oc2cc(OCCOc3ccc4ccccc4c3)ccc12)N5CCOCC5,5.09
202,CHEMBL198955,Clc1ccc(OCCOc2ccc3C(=O)C=C(Oc3c2)N4CCOCC4)cc1,5.07
203,CHEMBL197391,Clc1ccccc1OCCOc2ccc3C(=O)C=C(Oc3c2)N4CCOCC4,5.64
204,CHEMBL372804,O=C1C=C(Oc2cc(OCCOc3ccccc3)ccc12)N4CCOCC4,5.34
205,CHEMBL196920,CCOCCOc1ccc2C(=O)C=C(Oc2c1)N3CCOCC3,5.08
206,CHEMBL197108,COc1ccc(CCOc2ccc3C(=O)C=C(Oc3c2)N4CCOCC4)cc1,5.51
208,CHEMBL200272,Brc1ccc(CCOc2ccc3C(=O)C=C(Oc3c2)N4CCOCC4)cc1,5.38
209,CHEMBL199127,O=C1C=C(Oc2cc(OCCc3ccccc3)ccc12)N4CCOCC4,5.52
211,CHEMBL196954,CC(C)(C)c1ccc(COc2ccc3C(=O)C=C(Oc3c2)N4CCOCC4)cc1,5.03
212,CHEMBL199082,COc1cccc(COc2ccc3C(=O)C=C(Oc3c2)N4CCOCC4)c1,5.43
214,CHEMBL196752,Cc1ccc(COc2ccc3C(=O)C=C(Oc3c2)N4CCOCC4)cc1,5.41
215,CHEMBL372143,Brc1ccc(COc2ccc3C(=O)C=C(Oc3c2)N4CCOCC4)cc1,5.7
216,CHEMBL199165,Brc1cccc(COc2ccc3C(=O)C=C(Oc3c2)N4CCOCC4)c1,5.72
217,CHEMBL197487,Fc1ccc(COc2ccc3C(=O)C=C(Oc3c2)N4CCOCC4)cc1F,5.6
218,CHEMBL197004,Fc1ccc(COc2ccc3C(=O)C=C(Oc3c2)N4CCOCC4)cc1,6.36
219,CHEMBL196921,Fc1cccc(COc2ccc3C(=O)C=C(Oc3c2)N4CCOCC4)c1,5.52
220,CHEMBL196870,Cc1cccc(COc2ccc3C(=O)C=C(Oc3c2)N4CCOCC4)c1,6.1
221,CHEMBL198576,Clc1cccc(COc2ccc3C(=O)C=C(Oc3c2)N4CCOCC4)c1,6.31
222,CHEMBL382068,COC(=O)c1ccc(COc2ccc3C(=O)C=C(Oc3c2)N4CCOCC4)cc1,5.41
223,CHEMBL372627,COC(=O)c1cccc(COc2ccc3C(=O)C=C(Oc3c2)N4CCOCC4)c1,6.08
224,CHEMBL371947,O=C1C=C(Oc2cc(OCc3ccc(cc3)C#N)ccc12)N4CCOCC4,6.16
225,CHEMBL198944,O=C(Oc1ccc2C(=O)C=C(Oc2c1)N3CCOCC3)c4ccccc4,5.78
226,CHEMBL197379,O=C1C=C(Oc2cc(OCc3ccc4ccccc4c3)ccc12)N5CCOCC5,6.36
227,CHEMBL198482,O=C1C=C(Oc2cc(OCCCN3C(=O)c4ccccc4C3=O)ccc12)N5CCOCC5,6.46
228,CHEMBL383178,O=C1C=C(Oc2cc(OCCN3C(=O)c4ccccc4C3=O)ccc12)N5CCOCC5,5.36
229,CHEMBL201988,CSc1ccc(COc2ccc3C(=O)C=C(Oc3c2)N4CCOCC4)cc1,6.15
231,CHEMBL199577,Clc1ccc(COc2ccc3C(=O)C=C(Oc3c2)N4CCOCC4)cc1,6.3
232,CHEMBL198138,Clc1ccccc1COc2ccc3C(=O)C=C(Oc3c2)N4CCOCC4,6.1
233,CHEMBL95298,O=C1C=C(Oc2cc(OCc3ccccc3)ccc12)N4CCOCC4,6.42
234,CHEMBL372830,O=C1C=C(Oc2cc(OCC3CCCCC3)ccc12)N4CCOCC4,6.03
235,CHEMBL426099,CCCOc1ccc2C(=O)C=C(Oc2c1)N3CCOCC3,5.88
240,CHEMBL200411,CN(CCO)C1=CC(=O)c2ccc3ccccc3c2O1,5.0
398,CHEMBL225150,Oc1cc(nc(c1)c2ccc(Cl)cc2)N3CCOCC3,5.09
401,CHEMBL222264,O=C1C=C(SC2=C1CCCC2)N3CCOCC3,5.14
403,CHEMBL375210,O=C1C=C(SC(=C1)c2ccc(cc2)C#N)N3CCOCC3,5.72
405,CHEMBL221403,O=C1C=C(SC(=C1)c2cccc3Sc4ccccc4Sc23)N5CCOCC5,5.68
412,CHEMBL224827,CC(C)(C)C1=CC(=O)C=C(S1)N2CCOCC2,5.98
413,CHEMBL222929,CC(C)C1=CC(=O)C=C(S1)N2CCOCC2,5.23
418,CHEMBL224142,CC(C)(C)c1ccc(cc1)C2=CC(=CC(=O)O2)N3CCOCC3,5.5
419,CHEMBL222821,Clc1ccc(cc1)C2=CC(=CC(=O)O2)N3CCOCC3,6.33
420,CHEMBL221410,COc1ccc(cc1)C2=CC(=CC(=O)O2)N3CCOCC3,6.28
421,CHEMBL221409,O=C1OC(=CC(=C1)N2CCOCC2)c3ccccc3,5.75
433,CHEMBL224092,Fc1ccccc1C2=CC(=O)C=C(O2)N3CCOCC3,6.41
533,CHEMBL223559,O=C1C=C(OC(=C1)N2CCOCC2)\C=C\c3ccccc3,5.38
542,CHEMBL223436,CC(=O)c1cccc(c1)C2=CC(=O)C=C(O2)N3CCOCC3,5.33
543,CHEMBL225796,O=C1C=C(OC(=C1)c2ccc(OCc3ccccc3)cc2)N4CCOCC4,6.04
544,CHEMBL223980,O=C1C=C(OC(=C1)c2cccc(OCc3ccccc3)c2)N4CCOCC4,5.89
545,CHEMBL221459,O=C1C=C(OC(=C1)c2ccccc2OCc3ccccc3)N4CCOCC4,5.06
546,CHEMBL221412,FC(F)(F)Oc1ccc(cc1)C2=CC(=O)C=C(O2)N3CCOCC3,6.0
547,CHEMBL222766,FC(F)(F)Oc1cccc(c1)C2=CC(=O)C=C(O2)N3CCOCC3,5.44
548,CHEMBL222765,O=C1C=C(OC(=C1)c2ccc(cc2)C#N)N3CCOCC3,5.6
549,CHEMBL223034,O=C1C=C(OC(=C1)c2cccc(c2)C#N)N3CCOCC3,5.51
550,CHEMBL222179,O=C(Nc1ccc(cc1)C2=CC(=O)C=C(O2)N3CCOCC3)OCc4ccccc4,5.75
551,CHEMBL221565,CC(C)(C)OC(=O)Nc1ccc(cc1)C2=CC(=O)C=C(O2)N3CCOCC3,5.38
552,CHEMBL375346,Nc1ccccc1C2=CC(=O)C=C(O2)N3CCOCC3,5.11
553,CHEMBL223610,FC(F)(F)c1ccccc1C2=CC(=O)C=C(O2)N3CCOCC3,5.2
554,CHEMBL225273,CC(=O)OCc1cccc(c1)C2=CC(=O)C=C(O2)N3CCOCC3,5.44
555,CHEMBL224782,COC(=O)c1ccc(C2=CC(=O)C=C(O2)N3CCOCC3)c(N)c1,4.96
556,CHEMBL426894,O=C1C=C(OC(=C1)c2ccc(cc2)c3ccccc3)N4CCOCC4,6.1
557,CHEMBL222815,O=C(OCc1ccccc1)c2ccc(cc2)C3=CC(=O)C=C(O3)N4CCOCC4,6.0
558,CHEMBL222181,COC(=O)c1cccc(c1)C2=CC(=O)C=C(O2)N3CCOCC3,4.82
559,CHEMBL373526,COC(=O)c1ccccc1C2=CC(=O)C=C(O2)N3CCOCC3,4.72
560,CHEMBL222180,OC(=O)c1cccc(c1)C2=CC(=O)C=C(O2)N3CCOCC3,5.14
561,CHEMBL223437,O=Cc1cccc(c1)C2=CC(=O)C=C(O2)N3CCOCC3,5.6
562,CHEMBL223382,O=Cc1ccc(C2=CC(=O)C=C(O2)N3CCOCC3)c4ccccc14,5.01
563,CHEMBL389267,Cc1ccc(C2=CC(=O)C=C(O2)N3CCOCC3)c4ccccc14,5.89
564,CHEMBL225609,O=C1C=C(OC(=C1)c2ccc3ccccc3c2)N4CCOCC4,5.89
565,CHEMBL225608,O=C1C=C(OC(=C1)c2cccc3ccccc23)N4CCOCC4,5.64
566,CHEMBL222545,O=C1C=C(OC(=C1)c2oc3ccccc3c2)N4CCOCC4,6.1
567,CHEMBL222544,O=C1C=C(OC(=C1)c2cc3ccccc3s2)N4CCOCC4,6.22
568,CHEMBL374930,O=C1C=C(OC(=C1)c2csc3ccccc23)N4CCOCC4,5.44
569,CHEMBL222745,O=C1C=C(OC(=C1)c2ccc3[nH]ccc3c2)N4CCOCC4,6.4
570,CHEMBL222525,O=Cc1sccc1C2=CC(=O)C=C(O2)N3CCOCC3,5.38
571,CHEMBL223775,O=C1C=C(OC(=C1)c2occc2)N3CCOCC3,6.0
572,CHEMBL223381,O=C1C=C(OC(=C1)c2ccsc2)N3CCOCC3,5.8
573,CHEMBL374133,O=C1C=C(OC(=C1)c2cccs2)N3CCOCC3,5.96
574,CHEMBL374290,O=C1C=C(OC(=C1)c2ccc(CN3C(=O)c4ccccc4C3=O)cc2)N5CCOCC5,6.3
575,CHEMBL373699,O=C1C=C(OC(=C1)c2cccc(CN3C(=O)c4ccccc4C3=O)c2)N5CCOCC5,5.5
576,CHEMBL223667,COC(=O)\C=C\c1cccc(c1)C2=CC(=O)C=C(O2)N3CCOCC3,5.96
577,CHEMBL222102,O=C1C=C(OC(=C1)c2cccc3Sc4ccccc4Sc23)N5CCOCC5,5.75
578,CHEMBL373979,O=C1C=C(OC(=C1)c2cccc3c2oc4ccccc34)N5CCOCC5,5.92
579,CHEMBL223041,O=C1C=C(OC(=C1)c2cccc3cccnc23)N4CCOCC4,6.05
603,CHEMBL413188,O=C1NC(=O)c2c1c3c4ccccc4[nH]c3n5cncc25,5.0
606,CHEMBL478980,Oc1cc(ccc1C(=O)c2ccccc2)N3CCOCC3,6.57
608,CHEMBL462201,O=C1C=C(Oc2c1cccc2c3ccnc(c3)c4cccc5cnccc45)N6CCCCC6,5.35
609,CHEMBL462200,O=C1C=C(Oc2c1cccc2c3ccnc(c3)c4ccc5cc[nH]c5c4)N6CCCCC6,6.22
610,CHEMBL518820,O=C1C=C(Oc2c1cccc2c3ncc(s3)c4cccnc4)N5CCCCC5,6.29
611,CHEMBL462199,O=C1C=C(Oc2c1cccc2c3ncc(s3)c4cocc4)N5CCCCC5,6.62
612,CHEMBL518667,O=C1C=C(Oc2c1cccc2c3ccnc(c3)c4ccncc4)N5CCCCC5,5.76
613,CHEMBL462008,O=C1C=C(Oc2c1cccc2c3cc(ccn3)c4cncnc4)N5CCCCC5,5.85
614,CHEMBL517898,O=C1C=C(Oc2c1cccc2c3cc(ccn3)c4cccnc4)N5CCCCC5,5.63
615,CHEMBL460953,O=C1C=C(Oc2c1cccc2c3cc(ccn3)c4cocc4)N5CCCCC5,5.91
616,CHEMBL460952,O=C1C=C(Oc2c1cccc2c3cc(ccn3)c4ccsc4)N5CCCCC5,6.52
617,CHEMBL452577,O=C1C=C(Oc2c1cccc2c3ccnc(c3)c4ccccc4)N5CCCCC5,6.17
618,CHEMBL509606,O=C1C=C(Oc2c1cccc2c3cc(ccn3)c4ccccc4)N5CCCCC5,5.81
619,CHEMBL454660,O=C1C=C(Oc2c1cccc2c3ncc(s3)c4ccncc4)N5CCCCC5,6.77
620,CHEMBL508976,O=C1C=C(Oc2c1cccc2c3ncc(s3)c4ccsc4)N5CCCCC5,6.62
621,CHEMBL454659,O=C1C=C(Oc2c1cccc2c3ncc(s3)c4cccs4)N5CCCCC5,6.32
622,CHEMBL454658,O=C1C=C(Oc2c1cccc2c3ncc(s3)c4ccccc4)N5CCCCC5,6.43
623,CHEMBL454429,O=C1C=C(Oc2c1cccc2c3ccc(s3)c4cccc5cnccc45)N6CCCCC6,6.15
624,CHEMBL453884,O=C1C=C(Oc2c1cccc2c3ccc(s3)c4ccc5[nH]ccc5c4)N6CCCCC6,6.47
625,CHEMBL453883,O=C1C=C(Oc2c1cccc2c3ccc(s3)c4cccc5ccccc45)N6CCCCC6,5.61
626,CHEMBL508479,O=C1C=C(Oc2c1cccc2c3cc(cs3)c4ccsc4)N5CCCCC5,7.05
627,CHEMBL454422,O=C1C=C(Oc2c1cccc2c3cc(cs3)c4ccccc4)N5CCCCC5,7.05
628,CHEMBL454423,O=C1C=C(Oc2c1cccc2c3ccc(s3)c4ccccc4)N5CCCCC5,6.4
629,CHEMBL453889,O=C1C=C(Oc2c1cccc2c3cccc(c3)c4cncnc4)N5CCOCC5,5.8
630,CHEMBL453888,O=C1C=C(Oc2c1cccc2c3cccc(c3)c4ncccn4)N5CCOCC5,5.52
631,CHEMBL503589,O=C1C=C(Oc2c1cccc2c3cccc(c3)c4ccncc4)N5CCOCC5,6.29
632,CHEMBL529668,O=C1C=C(Oc2c1cccc2c3cccc(c3)c4ccccn4)N5CCOCC5,6.06
633,CHEMBL488893,Cn1cncc1c2cccc(c2)c3cccc4C(=O)C=C(Oc34)N5CCOCC5,5.91
634,CHEMBL488892,Cn1ccnc1c2cccc(c2)c3cccc4C(=O)C=C(Oc34)N5CCOCC5,5.52
635,CHEMBL488903,O=C1C=C(Oc2c1cccc2c3cccc(c3)c4nccs4)N5CCOCC5,6.31
636,CHEMBL529898,O=C1C=C(Oc2c1cccc2c3cccc(c3)c4cc[nH]c4)N5CCOCC5,5.74
637,CHEMBL487033,O=C1C=C(Oc2c1cccc2c3cccc(c3)c4cocc4)N5CCOCC5,6.57
638,CHEMBL487032,O=C1C=C(Oc2c1cccc2c3cccc(c3)c4occc4)N5CCOCC5,6.42
639,CHEMBL488213,Cc1cscc1c2cccc(c2)c3cccc4C(=O)C=C(Oc34)N5CCOCC5,6.19
640,CHEMBL488212,Cc1cc(cs1)c2cccc(c2)c3cccc4C(=O)C=C(Oc34)N5CCOCC5,5.95
641,CHEMBL521403,Cc1ccsc1c2cccc(c2)c3cccc4C(=O)C=C(Oc34)N5CCOCC5,6.44
642,CHEMBL488882,Cc1ccc(s1)c2cccc(c2)c3cccc4C(=O)C=C(Oc34)N5CCOCC5,5.97
645,CHEMBL488880,COC(=O)c1cc(N)cc(c1)c2cccc(c2)c3cccc4C(=O)C=C(Oc34)N5CCOCC5,6.59
646,CHEMBL486876,Nc1cc(cc(c1)c2cccc(c2)c3cccc4C(=O)C=C(Oc34)N5CCOCC5)C(=O)O,6.29
647,CHEMBL488024,NCc1ccc(cc1)c2cccc(c2)c3cccc4C(=O)C=C(Oc34)N5CCOCC5,5.72
648,CHEMBL488023,OCc1ccc(cc1)c2cccc(c2)c3cccc4C(=O)C=C(Oc34)N5CCOCC5,6.0
649,CHEMBL519754,O=Cc1ccc(cc1)c2cccc(c2)c3cccc4C(=O)C=C(Oc34)N5CCOCC5,5.96
650,CHEMBL471336,O=C1C=C(Oc2c1cccc2c3cccc(c3)c4ccc(cc4)C#N)N5CCOCC5,5.83
651,CHEMBL513231,COc1ccc(cc1)c2cccc(c2)c3cccc4C(=O)C=C(Oc34)N5CCOCC5,6.08
652,CHEMBL471335,Oc1ccc(cc1)c2cccc(c2)c3cccc4C(=O)C=C(Oc34)N5CCOCC5,6.85
653,CHEMBL512322,O=C1C=C(Oc2c1cccc2c3cccc(c3)c4ccccc4)N5CCOCC5,6.75
654,CHEMBL459887,O=C1C=C(Oc2c1cccc2c3cc(ccn3)c4cccs4)N5CCCCC5,5.9
656,CHEMBL521851,CS(=O)(=O)N1CCN(Cc2cc3nc(nc(N4CCOCC4)c3s2)c5cccc6[nH]ncc56)CC1,5.91
667,CHEMBL1083623,O=C1Oc2ccc(cc2C(=C1)N3CCOCC3)c4ccccc4,5.75
668,CHEMBL1083624,O=C1Oc2ccc(cc2C(=C1)N3CCOCC3)c4cccs4,5.92
669,CHEMBL1082366,O=C1Oc2ccc(cc2C(=C1)N3CCOCC3)c4cccc(c4)c5ccccc5,5.8
674,CHEMBL1083005,O=C1Oc2cc(ccc2C(=C1)N3CCOCC3)c4ccccc4,5.77
675,CHEMBL1085747,O=C1Oc2cc(ccc2C(=C1)N3CCOCC3)c4cccs4,6.22
678,CHEMBL1085001,O=C1Oc2cc(ccc2C(=C1)N3CCOCC3)c4cccc5c6ccccc6sc45,5.68
679,CHEMBL1085262,O=C1Oc2cc(ccc2C(=C1)N3CCOCC3)c4cccc5c4oc6ccccc56,5.68
681,CHEMBL1083639,COc1cccc2C(=O)OC(=Cc12)N3CCOCC3,5.5
682,CHEMBL1084236,O=C1OC(=Cc2c1cccc2c3ccccc3)N4CCOCC4,5.59
683,CHEMBL1084237,O=C1OC(=Cc2c1cccc2c3cccc(c3)c4ccccc4)N5CCOCC5,6.17
684,CHEMBL1082377,O=C1OC(=Cc2c1cccc2c3cccc4c5ccccc5sc34)N6CCOCC6,6.47
685,CHEMBL1082378,O=C1OC(=Cc2c1cccc2c3cccc4c3oc5ccccc45)N6CCOCC6,6.48
688,CHEMBL1242285,CC(C)n1nc(c2cc(O)cc(Br)c2)c3c(N)ncnc13,6.51
689,CHEMBL1242286,COCOc1cc(ccc1Br)c2nn(C(C)C)c3ncnc(N)c23,6.66
692,CHEMBL1242376,Nc1ncnc2c1c(nn2C3CCCC3)c4ccc(Br)c(O)c4,7.52
693,CHEMBL1242377,CC(C)n1nc(c2ccc(F)c(O)c2)c3c(N)ncnc13,7.06
694,CHEMBL1242378,C[C@H](CN)n1nc(c2ccc(F)c(O)c2)c3c(N)ncnc13,5.79
695,CHEMBL1242468,C[C@@H](CN)n1nc(c2ccc(F)c(O)c2)c3c(N)ncnc13,6.3
696,CHEMBL1242469,Nc1ncnc2c1c(nn2CCCC#N)c3ccc(F)c(O)c3,6.71
697,CHEMBL1242470,Nc1ncnc2c1c(nn2CCCCC#N)c3ccc(F)c(O)c3,6.83
698,CHEMBL1242566,Nc1ncnc2c1c(nn2C3CCC3)c4ccc(F)c(O)c4,6.47
699,CHEMBL1242567,Nc1ncnc2c1c(nn2C3CNC3)c4ccc(F)c(O)c4,6.62
700,CHEMBL1242568,Nc1ncnc2c1c(nn2C3CCCC3)c4ccc(F)c(O)c4,6.96
701,CHEMBL1242656,CC1CCC(C1)n2nc(c3ccc(F)c(O)c3)c4c(N)ncnc24,6.97
702,CHEMBL1242657,Nc1ncnc2c1c(nn2[C@H]3CCNC3)c4ccc(F)c(O)c4,6.27
703,CHEMBL1242658,Nc1ncnc2c1c(nn2[C@@H]3CCNC3)c4ccc(F)c(O)c4,6.22
704,CHEMBL1242748,Nc1ncnc2c1c(nn2[C@H]3CCOC3)c4ccc(F)c(O)c4,6.82
705,CHEMBL1242749,Nc1ncnc2c1c(nn2[C@@H]3CCOC3)c4ccc(F)c(O)c4,6.56
706,CHEMBL1242750,Nc1ncnc2c1c(nn2C3CCCCCC3)c4ccc(F)c(O)c4,6.43
707,CHEMBL1242844,Nc1ncnc2c1c(nn2CC3CCNCC3)c4ccc(F)c(O)c4,5.56
708,CHEMBL1242845,Cc1nn(nc1Cn2nc(c3ccc(F)c(O)c3)c4c(N)ncnc24)c5ccccc5,7.31
709,CHEMBL1241482,Nc1ncnc2c1c(nn2Cc3ocnc3c4ccccc4)c5ccc(F)c(O)c5,5.43
710,CHEMBL1241483,COc1cc(ccc1F)c2nn(C(C)C)c3ncnc(N)c23,6.08
712,CHEMBL1241579,C[C@H](CN)n1nc(c2ccc(Cl)c(O)c2)c3c(N)ncnc13,6.75
713,CHEMBL1240544,C[C@@H](CN)n1nc(c2ccc(Cl)c(O)c2)c3c(N)ncnc13,7.19
714,CHEMBL1241580,Nc1ncnc2c1c(nn2C3CCC3)c4ccc(Cl)c(O)c4,7.37
715,CHEMBL1241481,COc1cc(ccc1NC(=O)OC(C)(C)C)c2nn(C(C)C)c3ncnc(N)c23,5.19
717,CHEMBL1081312,Nc1ncnc2c1c(nn2C3CCCC3)c4cnc5[nH]ccc5c4,7.22
719,CHEMBL1233881,COc1ccc(cc1OC)c2nn(C3CCC3)c4ncnc(N)c24,7.33
720,CHEMBL1241674,CC(C)n1nc(c2cc3cc(O)ccc3[nH]2)c4c(N)ncnc14,6.39
721,CHEMBL1241675,Nc1ncnc2c1c(nn2C3CCCC3)c4ccn5ccnc5c4,7.28
722,CHEMBL1241767,Cc1ccccc1N2C(=Nc3cccc(C)c3C2=O)Cn4nc(c5cccc(O)c5)c6c(N)ncnc46,4.32
723,CHEMBL1230790,CC(C)n1nc(c2cccc(O)c2)c3c(N)ncnc13,6.72
725,CHEMBL1241104,Nc1ncnc2[nH]nc(c3ccccc3)c12,5.8
726,CHEMBL1241142,Cc1ccc(cc1)c2n[nH]c3ncnc(N)c23,5.89
727,CHEMBL1241143,Cc1cccc(c1)c2n[nH]c3ncnc(N)c23,5.96
728,CHEMBL1241144,Cc1ccccc1c2n[nH]c3ncnc(N)c23,5.15
729,CHEMBL1241145,Cc1cccc(c1C)c2n[nH]c3ncnc(N)c23,5.43
730,CHEMBL1241240,CC(C)(C)c1ccc(cc1)c2n[nH]c3ncnc(N)c23,5.3
731,CHEMBL1241241,CC(C)n1nc(c2ccc(O)cc2)c3c(N)ncnc13,6.21
732,CHEMBL1241242,Nc1ncnc2[nH]nc(c3cccc(O)c3)c12,6.36
733,CHEMBL1241269,CC(C)n1cc(c2cccc(O)c2)c3c(N)ncnc13,6.6
735,CHEMBL1242024,CC(C)n1nc(c2ccc(O)cc2C)c3c(N)ncnc13,6.72
736,CHEMBL1242025,Cc1ccc(cc1OCc2ccccc2)c3n[nH]c4ncnc(N)c34,4.61
737,CHEMBL1241270,Cc1ccc(cc1O)c2n[nH]c3ncnc(N)c23,6.32
738,CHEMBL1241271,Cc1ccc(cc1O)c2nn(C)c3ncnc(N)c23,6.76
739,CHEMBL1242026,CC(C)n1nc(c2ccc(C)c(O)c2)c3c(N)ncnc13,6.67
740,CHEMBL1242109,CCC(C)n1nc(c2ccc(C)c(O)c2)c3c(N)ncnc13,6.47
741,CHEMBL1242110,CC(C)n1nc(c2cccc(O)c2F)c3c(N)ncnc13,6.6
742,CHEMBL1242111,Nc1ncnc2c1c(nn2C3CCCC3)c4cccc(O)c4F,6.73
743,CHEMBL1242198,CC(C)n1nc(c2cc(O)cc(F)c2)c3c(N)ncnc13,6.13
744,CHEMBL1242199,Nc1ncnc2c1c(nn2C3CCCC3)c4cc(O)cc(F)c4,6.04
745,CHEMBL1242200,COc1cc(Br)cc(c1)c2nn(C(C)C)c3ncnc(N)c23,6.08
746,CHEMBL1242380,COc1ccc(cc1OC)c2nn(C[C@H](C)CO)c3ncnc(N)c23,6.15
747,CHEMBL1242381,COc1ccc(cc1OC)c2nn(C[C@@H](C)CO)c3ncnc(N)c23,6.18
748,CHEMBL1240553,COc1ccc(cc1OC)c2nn(C3CCCC3)c4ncnc(N)c24,6.33
749,CHEMBL1242471,CCOc1ccc(cc1OC)c2n[nH]c3ncnc(N)c23,5.7
750,CHEMBL1242472,CCOc1ccc(cc1OC)c2nn(C(C)C)c3ncnc(N)c23,6.07
751,CHEMBL1242569,CCOc1ccc(cc1OC)c2nn(CC=C)c3ncnc(N)c23,6.26
752,CHEMBL1240554,CCOc1ccc(cc1OC)c2nn(C3CCCC3)c4ncnc(N)c24,6.62
753,CHEMBL1242659,CCOc1ccc(cc1OC)c2nn(C3CCCCC3)c4ncnc(N)c24,5.6
754,CHEMBL1242660,COc1cc(cc(OC)c1OC)c2nn(C(C)C)c3ncnc(N)c23,5.47
755,CHEMBL1242751,COc1cccc(c1OC)c2nn(C(C)C)c3ncnc(N)c23,5.64
756,CHEMBL1242752,CCOc1cc(ccc1OC)c2nn(C(C)C)c3ncnc(N)c23,6.2
757,CHEMBL1242753,CCOc1cc(ccc1OC)c2nn(CCO)c3ncnc(N)c23,5.42
758,CHEMBL1242846,COc1ncc(c(OC)n1)c2nn(C(C)C)c3ncnc(N)c23,6.1
759,CHEMBL1242847,COc1ccc(cc1)c2nn(C(C)C)c3ncnc(N)c23,6.48
760,CHEMBL1241355,Nc1ncnc2[nH]nc(c3ccccc3O)c12,4.92
761,CHEMBL1242848,CC(C)n1nc(c2ccc(N)c(O)c2)c3c(N)ncnc13,6.14
762,CHEMBL1241485,COc1cc(ccc1N)c2nn(C(C)C)c3ncnc(N)c23,6.19
763,CHEMBL1241486,COc1cc(ccc1NC(C)CO)c2nn(C(C)C)c3ncnc(N)c23,5.24
764,CHEMBL1241487,Nc1ccc(cc1O)c2nn(C3CCCC3)c4ncnc(N)c24,4.0
765,CHEMBL1241581,COc1cc(ccc1N)c2nn(C3CCCC3)c4ncnc(N)c24,6.29
766,CHEMBL1241356,Nc1ccc(cc1)c2n[nH]c3ncnc(N)c23,6.4
767,CHEMBL1241357,Nc1cccc(c1)c2n[nH]c3ncnc(N)c23,5.62
768,CHEMBL1241358,Nc1ncnc2[nH]nc(c3ccc(cc3)[N+](=O)[O-])c12,4.0
769,CHEMBL1241389,Nc1ncnc2[nH]nc(c3cccc(c3)[N+](=O)[O-])c12,5.3
770,CHEMBL1241582,CC(C)n1nc(c2cccc(CO)c2)c3c(N)ncnc13,5.87
771,CHEMBL1241583,CC(C)n1nc(c2cccc(CC#N)c2)c3c(N)ncnc13,6.05
772,CHEMBL1240545,CC(C)n1nc(c2ccc(CC#N)cc2)c3c(N)ncnc13,5.57
773,CHEMBL1241679,CC(C)n1nc(c2cccc(c2)C#N)c3c(N)ncnc13,5.91
774,CHEMBL1241680,CC(C)n1nc(c2ccc(F)c(c2)C#N)c3c(N)ncnc13,5.22
775,CHEMBL1241771,CC(C)n1nc(c2ccc(C#N)c(F)c2)c3c(N)ncnc13,5.59
776,CHEMBL1241772,CC(C)n1nc(c2ccc(nc2)C#N)c3c(N)ncnc13,5.37
777,CHEMBL1241390,CC(C)n1nc(c2cccnc2)c3c(N)ncnc13,5.56
778,CHEMBL1241391,CC(C)n1nc(c2cncnc2)c3c(N)ncnc13,5.0
779,CHEMBL1241773,CC(C)n1nc(c2ccc(cc2)C(=O)C)c3c(N)ncnc13,5.71
780,CHEMBL1241860,CC(C)n1nc(c2ccc(C=O)c(F)c2)c3c(N)ncnc13,6.67
781,CHEMBL1241861,CC(C)n1nc(c2cc(F)c(C=O)c(F)c2)c3c(N)ncnc13,4.0
782,CHEMBL1241862,CC(C)n1nc(c2ccc(C(=O)N)c(Cl)c2)c3c(N)ncnc13,6.25
783,CHEMBL1241946,CC(C)n1nc(c2cccc(c2)C(=O)C)c3c(N)ncnc13,5.93
784,CHEMBL1241439,CC(C)n1nc(c2occ(C=O)c2)c3c(N)ncnc13,6.13
785,CHEMBL1241947,CC(C)n1nc(c2cc(C)c(C=O)s2)c3c(N)ncnc13,6.74
786,CHEMBL1241948,CC(C)n1nc(c2cccc(NS(=O)(=O)C)c2)c3c(N)ncnc13,6.44
787,CHEMBL1242030,CC(C)n1nc(c2ccc(NS(=O)(=O)C)cc2)c3c(N)ncnc13,6.01
788,CHEMBL1242031,CC(C)n1nc(c2cccc(c2)S(=O)(=O)N)c3c(N)ncnc13,6.15
789,CHEMBL1242032,CC(C)n1nc(c2ccc(cc2)S(=O)(=O)N)c3c(N)ncnc13,6.05
790,CHEMBL1242115,CC(C)n1nc(c2cccc(c2)C(=O)NC3=NCCS3)c4c(N)ncnc14,6.47
791,CHEMBL1242116,Nc1ncnc2[nH]nc(c3ccc(NC(=O)c4ccc(cc4)c5ccccc5)cc3)c12,4.0
792,CHEMBL1242204,Nc1ncnc2[nH]nc(c3ccc(Oc4ccccc4)cc3)c12,5.3
793,CHEMBL1242205,Nc1ncnc2[nH]nc(c3cccc(Oc4ccccc4)c3)c12,4.0
794,CHEMBL1242206,Cn1nc(c2ccc(OCc3ccccc3)cc2)c4c(N)ncnc14,5.0
795,CHEMBL1242291,Nc1ncnc2[nH]nc(c3cccc(OCc4ccccc4)c3)c12,6.17
796,CHEMBL1242292,Nc1ncnc2[nH]nc(c3cccc(OCc4c(Cl)cccc4Cl)c3)c12,4.0
797,CHEMBL1242382,Nc1ncnc2c1c(nn2CCc3ccccc3)c4ccc5ccccc5c4,6.47
798,CHEMBL1242383,NC(=O)Cn1nc(c2ccc3ccccc3c2)c4c(N)ncnc14,6.2
799,CHEMBL1242473,Nc1ncnc2c1c(nn2CC3CC3)c4ccc5ccccc5c4,6.4
800,CHEMBL1242474,CC(C)CCn1nc(c2ccc3ccccc3c2)c4c(N)ncnc14,5.96
801,CHEMBL1242570,Nc1ncnc2c1c(nn2C\C=C\c3ccccc3)c4ccc5ccccc5c4,5.96
803,CHEMBL1241677,Nc1ncnc2c1c(nn2[C@@H]3CCNC3)c4ccc(Cl)c(O)c4,7.11
805,CHEMBL1241768,Nc1ncnc2c1c(nn2[C@@H]3CCOC3)c4ccc(Cl)c(O)c4,7.46
806,CHEMBL1241769,Nc1ncnc2c1c(nn2CC3CCCN3)c4ccc(Cl)c(O)c4,6.44
807,CHEMBL1241770,Nc1ncnc2c1c(nn2CC3CCNC3)c4ccc(Cl)c(O)c4,6.77
808,CHEMBL1241858,Nc1ncnc2c1c(nn2CC3CCCNC3)c4ccc(Cl)c(O)c4,5.71
809,CHEMBL1241859,Nc1ncnc2c1c(nn2CC3CCNCC3)c4ccc(Cl)c(O)c4,6.39
810,CHEMBL1241943,Nc1ncnc2c1c(nn2CCC3CCCNC3)c4ccc(Cl)c(O)c4,6.75
812,CHEMBL1241945,CC(C)n1nc(c2ccc(O)c(F)c2)c3c(N)ncnc13,7.44
813,CHEMBL1242027,COc1cc(F)c(cc1F)c2nn(C(C)C)c3ncnc(N)c23,6.06
814,CHEMBL1242028,CC(C)n1nc(c2cc(F)c(O)cc2F)c3c(N)ncnc13,7.32
815,CHEMBL1242029,COc1cccc(c1)c2nn(C(C)C)c3ncnc(N)c23,5.9
816,CHEMBL1242112,COc1cc(ccc1O)c2nn(C(C)C)c3ncnc(N)c23,6.34
817,CHEMBL1241300,COc1ccc(cc1O)c2n[nH]c3ncnc(N)c23,6.24
818,CHEMBL1241301,COc1ccc(cc1O)c2nn(C)c3ncnc(N)c23,6.82
819,CHEMBL1242113,CCn1nc(c2ccc(OC)c(O)c2)c3c(N)ncnc13,6.67
820,CHEMBL1242114,COc1ccc(cc1O)c2nn(C(C)C)c3ncnc(N)c23,6.67
821,CHEMBL1242201,COc1ccc(cc1O)c2nn(C3CCCC3)c4ncnc(N)c24,6.96
822,CHEMBL1242202,COc1ccc(cc1O)c2nn(C3CCC(C)C3)c4ncnc(N)c24,6.81
823,CHEMBL1242203,COc1ccc(cc1O)c2nn(C3CNC3)c4ncnc(N)c24,6.17
824,CHEMBL1242288,COc1ccc(cc1O)c2nn([C@@H]3CCNC3)c4ncnc(N)c24,5.88
825,CHEMBL1242289,CCOc1ccc(cc1O)c2nn(C3CCCC3)c4ncnc(N)c24,6.42
826,CHEMBL1242290,COc1ccc(cc1OC)c2nn(C(C)C)c3ncnc(N)c23,6.36
827,CHEMBL1242379,COc1ccc(cc1OC)c2nn(c3ncnc(N)c23)C(C)(C)C,5.89
828,CHEMBL1242571,Nc1ncnc2c1c(nn2CC#C)c3ccc4ccccc4c3,6.55
829,CHEMBL1242661,CCOc1ccc2cc(ccc2c1)c3nn(C)c4ncnc(N)c34,6.59
830,CHEMBL1242662,CC(C)n1nc(c2ccc3cc(O)ccc3c2)c4c(N)ncnc14,7.0
831,CHEMBL1242663,CC(C)n1nc(c2cc3ccccc3nc2Cl)c4c(N)ncnc14,5.96
832,CHEMBL1242754,CC(C)n1nc(c2cnc3ccccc3c2)c4c(N)ncnc14,6.5
833,CHEMBL1242755,Nc1ncnc2c1c(nn2C3CCCC3)c4cnc5ccccc5c4,6.67
834,CHEMBL1242756,Cn1nc(c2ccc3ncccc3c2)c4c(N)ncnc14,7.44
835,CHEMBL1242849,Cn1nc(c2cccc(c2)c3ccccc3)c4c(N)ncnc14,6.07
836,CHEMBL1242850,Nc1ncnc2[nH]nc(c3ccc(cc3)c4ccccc4)c12,4.0
837,CHEMBL1241440,Nc1ncnc2[nH]nc(C3CCc4ccccc4C3)c12,5.36
838,CHEMBL1241441,Nc1ncnc2[nH]nc(c3ccc4ccccc4c3)c12,6.82
839,CHEMBL1242851,CCn1nc(c2ccc3ccccc3c2)c4c(N)ncnc14,6.68
840,CHEMBL1241488,Nc1ncnc2c1c(nn2CC=C)c3ccc4ccccc4c3,6.46
841,CHEMBL1241489,CC(C)n1nc(c2ccc3ccccc3c2)c4c(N)ncnc14,6.7
842,CHEMBL1231371,CC(C)(C)n1nc(c2ccc3ccccc3c2)c4c(N)ncnc14,6.38
843,CHEMBL1241584,Nc1ncnc2c1c(nn2C3CCCC3)c4ccc5ccccc5c4,6.11
844,CHEMBL1241585,Nc1ncnc2c1c(nn2Cc3ccccc3)c4ccc5ccccc5c4,5.68
845,CHEMBL1241681,Nc1ncnc2c1c(nn2C3CCCC3)c4ccc5ncccc5c4,7.33
846,CHEMBL1241682,CC(C)n1nc(c2ccc3nc(C)ccc3c2)c4c(N)ncnc14,6.99
847,CHEMBL1241683,CC(C)n1nc(c2ccc3nc(Cl)ccc3c2)c4c(N)ncnc14,7.1
848,CHEMBL1241774,CC(C)n1nc(c2ccc3nccnc3c2)c4c(N)ncnc14,6.9
849,CHEMBL1241775,CC(C)n1nc(c2cnc3nccnc3c2)c4c(N)ncnc14,5.09
851,CHEMBL1241863,CC(C)n1nc(c2ccc3NC(=O)C=Cc3c2)c4c(N)ncnc14,4.75
852,CHEMBL1241864,Nc1ncnc2c1c(nn2C3CCCC3)c4ccc5NC(=O)C=Cc5c4,4.0
854,CHEMBL1241950,CC(C)n1nc(c2ccc3nc(NN)ccc3c2)c4c(N)ncnc14,6.5
855,CHEMBL1242033,CC(C)n1nc(c2ccc3nccc(NC(=O)OC(C)(C)C)c3c2)c4c(N)ncnc14,5.72
856,CHEMBL1242034,CC(C)n1nc(c2ccc3nccc(N)c3c2)c4c(N)ncnc14,5.7
857,CHEMBL1242117,Cn1nc(c2ccc3OC=CC(=O)c3c2)c4c(N)ncnc14,6.55
858,CHEMBL1242118,CC(C)n1nc(c2ccc3OC=CC(=O)c3c2)c4c(N)ncnc14,6.59
859,CHEMBL1242119,Nc1ncnc2c1c(nn2C3CCCC3)c4ccc5OC=CC(=O)c5c4,7.34
860,CHEMBL1242207,CC(C)n1nc(c2ccc3cnccc3c2)c4c(N)ncnc14,5.57
861,CHEMBL1242208,CC(C)n1nc(c2ccc3ccncc3c2)c4c(N)ncnc14,7.31
862,CHEMBL1242209,CC(C)n1nc(c2ccc3ccc(C)nc3c2)c4c(N)ncnc14,6.45
863,CHEMBL1240565,Cn1nc(c2cnc3[nH]ccc3c2)c4c(N)ncnc14,6.92
864,CHEMBL1242293,CC(C)n1nc(c2cnc3[nH]ccc3c2)c4c(N)ncnc14,7.15
865,CHEMBL1242294,CC(C)n1nc(c2ccc3[nH]ccc3c2)c4c(N)ncnc14,7.05
866,CHEMBL1242295,Nc1ncnc2c1c(nn2C3CCCC3)c4ccc5[nH]ccc5c4,7.1
867,CHEMBL1242384,CC(C)n1nc(c2ccc3c(ccn3C)c2)c4c(N)ncnc14,6.46
868,CHEMBL1242385,Cn1ccc2cc(ccc12)c3nn(C4CCCC4)c5ncnc(N)c35,6.61
869,CHEMBL1242386,CC(C)n1nc(c2ccc3[nH]ncc3c2)c4c(N)ncnc14,6.98
870,CHEMBL1242475,Nc1ncnc2c1c(nn2C3CCCC3)c4ccc5[nH]ncc5c4,7.07
872,CHEMBL1242477,CC(C)n1nc(c2ccc3cn[nH]c3c2)c4c(N)ncnc14,7.11
873,CHEMBL1242572,Nc1ncnc2c1c(nn2C3CCCC3)c4ccc5cn[nH]c5c4,6.96
874,CHEMBL1242573,CC(C)n1nc(c2cc(F)c3cn[nH]c3c2)c4c(N)ncnc14,5.47
875,CHEMBL1240566,Cn1nc(c2ccc3cc[nH]c3c2)c4c(N)ncnc14,6.82
876,CHEMBL1242574,CC(C)n1nc(c2ccc3cc[nH]c3c2)c4c(N)ncnc14,7.06
877,CHEMBL1242664,Nc1ncnc2c1c(nn2C3CCCC3)c4ccc5cc[nH]c5c4,7.27
878,CHEMBL1242665,CC(C)n1nc(c2ccn3ccnc3c2)c4c(N)ncnc14,6.65
880,CHEMBL1242757,CC(C)n1nc(c2cccc3[nH]ccc23)c4c(N)ncnc14,6.02
881,CHEMBL1242758,Nc1ncnc2c1c(nn2C3CCCC3)c4cccc5[nH]ccc45,6.03
882,CHEMBL1242852,CC(C)n1nc(c2ccc3c(ccn3C(=O)OC(C)(C)C)c2)c4c(N)ncnc14,6.37
883,CHEMBL1242853,CC(C)(C)OC(=O)n1ccc2cc(ccc12)c3nn(C4CCCC4)c5ncnc(N)c35,6.04
884,CHEMBL1241490,CC(C)n1nc(c2ccc3occc3c2)c4c(N)ncnc14,6.52
885,CHEMBL1241491,Nc1ncnc2c1c(nn2C3CCCC3)c4ccc5occc5c4,6.66
886,CHEMBL1241492,CC(C)n1nc(c2ccc3nonc3c2)c4c(N)ncnc14,5.92
887,CHEMBL1241586,CC(C)n1nc(c2ccc3NC(=O)Nc3c2)c4c(N)ncnc14,6.73
888,CHEMBL1241587,CC(C)n1nc(c2ccc3OCCc3c2)c4c(N)ncnc14,6.26
889,CHEMBL1240567,Nc1ncnc2[nH]nc(c3ccc4OCOc4c3)c12,6.06
890,CHEMBL1241588,CC(C)n1nc(c2ccc3OCCOc3c2)c4c(N)ncnc14,6.31
891,CHEMBL1240594,Cn1nc(c2cc3ccccc3s2)c4c(N)ncnc14,7.07
892,CHEMBL1241684,CC(C)n1nc(c2cc3cc(C=O)ccc3s2)c4c(N)ncnc14,6.54
897,CHEMBL1257653,Cn1ncc2c(Oc3ccc(cc3)S(=O)(=O)C)cc(nc12)c4cccc5[nH]ncc45,5.99
904,CHEMBL1669155,CC1(COc2cc(ccc2NC(=O)CN3CCOCC3)c4cccc5C(=O)C=C(Oc45)N6CCOCC6)COC1,6.16
905,CHEMBL1669156,COc1cc(ccc1NC(=O)CN2CCOCC2)c3cccc4C(=O)C=C(Oc34)N5CCOCC5,6.54
906,CHEMBL1669157,Oc1cc(ccc1NC(=O)CN2CCOCC2)c3cccc4C(=O)C=C(Oc34)N5CCOCC5,7.1
907,CHEMBL1669158,CCOc1cc(ccc1NC(=O)CN2CCOCC2)c3cccc4C(=O)C=C(Oc34)N5CCOCC5,6.55
908,CHEMBL1669159,CC(C)Oc1cc(ccc1NC(=O)CN2CCOCC2)c3cccc4C(=O)C=C(Oc34)N5CCOCC5,6.48
909,CHEMBL1669160,CC(C)COc1cc(ccc1NC(=O)CN2CCOCC2)c3cccc4C(=O)C=C(Oc34)N5CCOCC5,6.75
910,CHEMBL1669161,C=CCOc1cc(ccc1NC(=O)CN2CCOCC2)c3cccc4C(=O)C=C(Oc34)N5CCOCC5,6.77
911,CHEMBL1669162,NC(=O)COc1cc(ccc1NC(=O)CN2CCOCC2)c3cccc4C(=O)C=C(Oc34)N5CCOCC5,5.48
912,CHEMBL1669163,COCCOc1cc(ccc1NC(=O)CN2CCOCC2)c3cccc4C(=O)C=C(Oc34)N5CCOCC5,5.59
914,CHEMBL1669165,O=C(CN1CCOCC1)Nc2ccc(cc2OCC3CCC3)c4cccc5C(=O)C=C(Oc45)N6CCOCC6,6.8
915,CHEMBL1669166,O=C(CN1CCOCC1)Nc2ccc(cc2OCCC3CC3)c4cccc5C(=O)C=C(Oc45)N6CCOCC6,6.3
916,CHEMBL1669167,CC1(COc2cc(ccc2NC(=O)CN3CCOCC3)c4cccc5C(=O)C=C(Oc45)N6CCOCC6)CCC1,6.96
917,CHEMBL1669168,OCCOc1cc(ccc1NC(=O)CN2CCOCC2)c3cccc4C(=O)C=C(Oc34)N5CCOCC5,6.0
918,CHEMBL1669169,NCCOc1cc(ccc1NC(=O)CN2CCOCC2)c3cccc4C(=O)C=C(Oc34)N5CCOCC5,4.92
930,CHEMBL1766764,Nc1ncc(nc1C(=O)Nc2ccccc2)c3ccncc3,5.3
931,CHEMBL1766765,Nc1ncc(nc1C(=O)Nc2ccccc2)c3ccccc3C#N,6.14
932,CHEMBL1766766,C[S+]([O-])c1ccccc1c2cnc(N)c(n2)C(=O)Nc3ccccc3,5.7
936,CHEMBL1766770,Nc1ncc(nc1C(=O)Nc2ccccc2)c3ccccc3Cl,5.42
937,CHEMBL1766771,Cc1ccccc1c2cnc(N)c(n2)C(=O)Nc3ccccc3,5.85
938,CHEMBL1766772,Nc1ncc(nc1C(=O)Nc2ccccc2)c3cccc(c3)C#N,5.66
939,CHEMBL1766773,CS(=O)(=O)c1cccc(c1)c2cnc(N)c(n2)C(=O)Nc3ccccc3,6.13
940,CHEMBL1766774,Nc1ncc(nc1C(=O)Nc2ccccc2)c3cccc(O)c3,5.66
941,CHEMBL1766775,COc1cccc(c1)c2cnc(N)c(n2)C(=O)Nc3ccccc3,5.38
946,CHEMBL1766780,Nc1ncc(nc1C(=O)Nc2ccccc2)c3ccc(O)cc3,5.75
947,CHEMBL1766781,COc1ccc(cc1)c2cnc(N)c(n2)C(=O)Nc3ccccc3,5.18
950,CHEMBL1766784,NC(=O)c1ccc(cc1)c2cnc(N)c(n2)C(=O)Nc3ccccc3,5.92
951,CHEMBL1766785,CNC(=O)c1ccc(cc1)c2cnc(N)c(n2)C(=O)Nc3ccccc3,5.16
954,CHEMBL1766788,Nc1ncc(nc1C(=O)Nc2ccccc2)c3ccc(cc3)C(=O)N4CCCC4,5.55
957,CHEMBL1766791,C[S+]([O-])c1ccc(cc1)c2cnc(N)c(n2)C(=O)Nc3ccccc3,5.17
958,CHEMBL1766792,CCS(=O)(=O)c1ccc(cc1)c2cnc(N)c(n2)C(=O)Nc3ccccc3,5.24
959,CHEMBL1766793,CC(C)S(=O)(=O)c1ccc(cc1)c2cnc(N)c(n2)C(=O)Nc3ccccc3,5.25
964,CHEMBL1766798,CC(CCO)S(=O)(=O)c1ccc(cc1)c2cnc(N)c(n2)C(=O)Nc3ccccc3,5.5
965,CHEMBL1766799,Nc1ncc(nc1C(=O)Nc2ccccc2)c3ccc(cc3)S(=O)(=O)[C@@H]4CCOC4,5.36
967,CHEMBL1766801,CS(=O)(=O)c1ccc(cc1)c2cnc(N)c(n2)c3nc4ccccc4[nH]3,5.68
968,CHEMBL1766802,CS(=O)(=O)c1ccc(cc1)c2cnc(N)c(n2)c3oc4ccccc4n3,5.85
969,CHEMBL1766803,CS(=O)(=O)c1ccc(cc1)c2cnc(N)c(n2)c3nc4ccccc4s3,5.54
970,CHEMBL1766804,CS(=O)(=O)c1ccc(cc1)c2cnc(N)c(n2)c3cc4ccccc4[nH]3,5.62
975,CHEMBL1795742,O=C1N=C(Oc2ccc3ccccc3c12)N4CCOCC4,6.14
976,CHEMBL1795743,O=C1N=C(Oc2c1ccc3ccccc23)N4CCOCC4,6.38
977,CHEMBL1795744,O=C1N=C(Oc2cc3ccccc3cc12)N4CCOCC4,5.19
978,CHEMBL1795745,O=C1N=C(Oc2c1cc(OCc3ccccn3)c4ccccc24)N5CCOCC5,5.61
979,CHEMBL1795746,O=C1N=C(Oc2c1cc(OCc3cccnc3)c4ccccc24)N5CCOCC5,6.14
980,CHEMBL1795747,O=C1N=C(Oc2cc3ccc(OCc4ccccn4)cc3cc12)N5CCOCC5,7.02
981,CHEMBL1795748,O=C1N=C(Oc2cc3ccc(OCc4cccnc4)cc3cc12)N5CCOCC5,5.77
982,CHEMBL1795749,O=C1N=C(Oc2cc3c(OCc4ccccn4)cccc3cc12)N5CCOCC5,6.03
983,CHEMBL1795750,O=C1N=C(Oc2cc3c(OCc4cccnc4)cccc3cc12)N5CCOCC5,6.48
984,CHEMBL1795751,CN1CCN(CCOc2cc3C(=O)N=C(Oc3c4ccccc24)N5CCOCC5)CC1,6.12
985,CHEMBL1795752,CN1CCN(CCOc2ccc3cc4OC(=NC(=O)c4cc3c2)N5CCOCC5)CC1,6.72
986,CHEMBL1795753,CN1CCN(CCOc2cccc3cc4C(=O)N=C(Oc4cc23)N5CCOCC5)CC1,5.51
1006,CHEMBL2181110,Oc1cc(ccc1C=O)N2CCOCC2,6.4
1007,CHEMBL2181109,COc1cc(Br)c(C=O)cc1OC,4.52
1008,CHEMBL1332518,COc1cc(C=O)c(cc1OC)[N+](=O)[O-],4.82
1010,CHEMBL422,CN1CCN(CCCN2c3ccccc3Sc4ccc(cc24)C(F)(F)F)CC1,4.0
1014,CHEMBL2181112,Cc1ccc2c3ccccc3sc2c1c4cccc5C(=O)C=C(Oc45)N6CCOCC6,5.92
1024,CHEMBL2181107,CO[C@@H]1C[C@H](C)CC2=C(NCCCCCCOc3ccc4C(=O)C=C(Oc4c3)N5CCOCC5)C(=O)C=C(NC(=O)\C(=C\C=C\[C@@H](OC)[C@H](OC(=O)N)\C(=C\[C@@H](C)[C@@H]1O)\C)\C)C2=O,5.22
1025,CHEMBL2181108,CCc1[nH]c(\C=C\2/C(=O)Nc3ccc(cc23)S(=O)(=O)Nc4ccccc4)c(CC)c1CCC(=O)O,6.89
1028,CHEMBL2203800,Cc1c(OCc2cccnc2)ccc3C(=O)N(Cc4cccnc4)C(=O)Oc13,5.0
1029,CHEMBL2203798,Cc1c(OCc2cccnc2)ccc3C(=O)N=C(Oc13)N(Cc4cccnc4)c5cccnc5,5.6
1030,CHEMBL2204550,O=C1N=C(Oc2cc(OCc3cccnc3)ccc12)N(Cc4cccnc4)c5cccnc5,4.83
1031,CHEMBL2204549,O=C1N=C(Oc2cc(OCc3ccccn3)ccc12)N(Cc4ccccn4)c5cccnc5,5.24
1032,CHEMBL2204548,O=C1N=C(Oc2c(OCc3cccnc3)cccc12)N(Cc4cccnc4)c5cccnc5,4.87
1033,CHEMBL2204547,O=C1N=C(Oc2c(OCc3ccccn3)cccc12)N(Cc4ccccn4)c5cccnc5,5.11
1034,CHEMBL2204546,Cc1cccc2C(=O)N=C(Oc12)N(Cc3ccccn3)c4cccnc4,4.6
1035,CHEMBL2204545,O=C1N=C(Oc2c(OCc3ccccn3)cccc12)N4CCOCC4,6.21
1036,CHEMBL1276773,O=C1N=C(Oc2c(OCc3ccncc3)cccc12)N4CCOCC4,5.8
1037,CHEMBL1276748,Cc1c(OCc2ccncc2)ccc3C(=O)N=C(Oc13)N4CCOCC4,5.92
1038,CHEMBL1276718,O=C1N=C(Oc2c(OCc3cccnc3)cccc12)N4CCOCC4,6.44
1039,CHEMBL1276684,Cc1c(OCc2cccnc2)ccc3C(=O)N=C(Oc13)N4CCOCC4,6.55
1040,CHEMBL1276747,O=C1N=C(Oc2cc(OCc3ccncc3)ccc12)N4CCOCC4,5.38
1041,CHEMBL1276683,O=C1N=C(Oc2cc(OCc3cccnc3)ccc12)N4CCOCC4,5.6
1042,CHEMBL1276651,Cc1c(OCc2ccccn2)ccc3C(=O)N=C(Oc13)N4CCOCC4,5.89
1043,CHEMBL1276622,O=C1N=C(Oc2cc(OCc3ccccn3)ccc12)N4CCOCC4,5.57
1044,CHEMBL244672,CN1CCN(CCOc2ccc3C(=O)N=C(Oc3c2C)N4CCOCC4)CC1,6.3
1045,CHEMBL1276533,CN1CCN(CCOc2cccc3C(=O)N=C(Oc23)N4CCOCC4)CC1,5.77
1046,CHEMBL244253,CN1CCN(CCOc2ccc3C(=O)N=C(Oc3c2)N4CCOCC4)CC1,5.17
1047,CHEMBL243810,O=C1N=C(Oc2c1cccc2c3ccccc3)N4CCOCC4,6.52
1050,CHEMBL2030442,CS(=O)(=O)Cc1cc(nc(n1)c2cccc3[nH]ccc23)N4CCOCC4,5.57
1051,CHEMBL2333365,Cc1c(F)c(ccc1C(=O)N2CCOc3ccc(cc3C2)c4ccc(N)nc4)S(=O)(=O)C,5.05
1069,CHEMBL2420433,CCN(CC)CC(=O)Nc1ccc(c2cccc3C(=O)C=C(Oc23)N4CCOCC4)c5sc6ccccc6c15,7.08
1077,CHEMBL2420298,CN(C)CCN(C)CCC(=O)Nc1ccc(c2cccc3C(=O)C=C(Oc23)N4CCOCC4)c5sc6ccccc6c15,7.11
1084,CHEMBL2420437,O=C(CNCCN1CCCCC1)Nc2ccc(c3cccc4C(=O)C=C(Oc34)N5CCOCC5)c6sc7ccccc7c26,7.22
1085,CHEMBL2420260,C[C@@H]1CN(C[C@H](C)O1)C(=O)COc2ccc(c3cccc4C(=O)C=C(Oc34)N5CCOCC5)c6sc7ccccc7c26,7.22
1093,CHEMBL2420438,CN(C)CCN(C)CC(=O)Nc1ccc(c2cccc3C(=O)C=C(Oc23)N4CCOCC4)c5sc6ccccc6c15,7.24
1094,CHEMBL2420430,CN1CCCN(CC(=O)Nc2ccc(c3cccc4C(=O)C=C(Oc34)N5CCOCC5)c6sc7ccccc7c26)CC1,7.26
1095,CHEMBL2420259,CN(C)CCN(C)C(=O)COc1ccc(c2cccc3C(=O)C=C(Oc23)N4CCOCC4)c5sc6ccccc6c15,7.28
1096,CHEMBL2420431,O=C(CN1CCCCCC1)Nc2ccc(c3cccc4C(=O)C=C(Oc34)N5CCOCC5)c6sc7ccccc7c26,7.29
1099,CHEMBL2420273,CCN1CCCC1CNCCC(=O)Nc2ccc(c3cccc4C(=O)C=C(Oc34)N5CCOCC5)c6sc7ccccc7c26,7.31
1100,CHEMBL2420258,CN1CCCN(CC1)C(=O)COc2ccc(c3cccc4C(=O)C=C(Oc34)N5CCOCC5)c6sc7ccccc7c26,7.36
1101,CHEMBL2420442,CN1CCCC1CCNCC(=O)Nc2ccc(c3cccc4C(=O)C=C(Oc34)N5CCOCC5)c6sc7ccccc7c26,7.37
1102,CHEMBL2420275,OCCN1CCCN(CCC(=O)Nc2ccc(c3cccc4C(=O)C=C(Oc34)N5CCOCC5)c6sc7ccccc7c26)CC1,7.38
1103,CHEMBL2420290,CN1CCCN(CCC(=O)Nc2ccc(c3cccc4C(=O)C=C(Oc34)N5CCOCC5)c6sc7ccccc7c26)CC1,7.39
1104,CHEMBL2420316,O=C(CCN1CCOCC1)Nc2ccc(c3cccc4C(=O)C=C(Oc34)N5CCOCC5)c6sc7ccccc7c26,7.39
1106,CHEMBL2420432,COc1ccc(CNCC(=O)Nc2ccc(c3cccc4C(=O)C=C(Oc34)N5CCOCC5)c6sc7ccccc7c26)cc1,7.42
1107,CHEMBL2420318,O=C(CCN1CCNCC1)Nc2ccc(c3cccc4C(=O)C=C(Oc34)N5CCOCC5)c6sc7ccccc7c26,7.43
1108,CHEMBL2420278,CC(C)N1CCN(CCC(=O)Nc2ccc(c3cccc4C(=O)C=C(Oc34)N5CCOCC5)c6sc7ccccc7c26)CC1,7.43
1109,CHEMBL2420297,O=C(CCNCCN1CCCCC1)Nc2ccc(c3cccc4C(=O)C=C(Oc34)N5CCOCC5)c6sc7ccccc7c26,7.48
1110,CHEMBL2420268,CCN1CCN(CCC(=O)Nc2ccc(c3cccc4C(=O)C=C(Oc34)N5CCOCC5)c6sc7ccccc7c26)CC1,7.48
1111,CHEMBL2420300,CCN(CCC(=O)Nc1ccc(c2cccc3C(=O)C=C(Oc23)N4CCOCC4)c5sc6ccccc6c15)Cc7ccncc7,7.51
1112,CHEMBL2420309,CCN1CCCC1CNCC(=O)Nc2ccc(c3cccc4C(=O)C=C(Oc34)N5CCOCC5)c6sc7ccccc7c26,7.52
1113,CHEMBL2417580,OCCN1CCCN(CC(=O)Nc2ccc(c3cccc4C(=O)C=C(Oc34)N5CCOCC5)c6sc7ccccc7c26)CC1,7.52
1114,CHEMBL2420270,Fc1ccc(cc1)N2CCN(CCC(=O)Nc3ccc(c4cccc5C(=O)C=C(Oc45)N6CCOCC6)c7sc8ccccc8c37)CC2,7.52
1152,CHEMBL2420317,O=C(CCN1CCCCC1)Nc2ccc(c3cccc4C(=O)C=C(Oc34)N5CCOCC5)c6sc7ccccc7c26,7.43
1176,CHEMBL3112866,C[C@H]1Cc2ccccc2N1C(=O)CC3=NC(=CC(=O)N3)N4CCOCC4,5.7
1177,CHEMBL3218580,[NH3+]C(=N)NCCCC(NC(=O)CCC(=O)OC[N+]1(CCOCC1)C2=CC(=O)c3cccc(c3O2)c4ccccc4)C(=O)NCC(=O)NC(CC(=O)[O-])C(=O)NC(CO)C(=O)[O-],6.45
1178,CHEMBL3349370,COc1cc(Nc2nc3ccccc3nc2NS(=O)(=O)c4ccc(NC(=O)c5ccc(C)c(OC)c5)cc4)cc(OC)c1,6.82
1181,CHEMBL3218571,Fc1ccc(CN2C(=O)COc3ccc(\C=C/4\SC(=S)NC4=O)cc23)cc1Cl,5.82
1182,CHEMBL1229535,CC(=O)\N=C/1\NC(=C(S1)c2ccc(Cl)c(c2)S(=O)(=O)NCCO)C,7.19
1183,CHEMBL2216870,CC[C@H](Nc1ncnc2[nH]cnc12)C3=Nc4cccc(F)c4C(=O)N3c5ccccc5,5.17
1184,CHEMBL3355072,C[C@@H]1Cn2ncc(c2CN1c3ccnc4[nH]ccc34)c5ccc(cc5)S(=O)(=O)C,6.85
1185,CHEMBL3355073,C[C@@H]1Cn2ncc(C3CCN(CC3)S(=O)(=O)C)c2CN1c4ccnc5[nH]ccc45,5.19
1186,CHEMBL3355074,C[C@@H]1Cn2ncc(C3CCN(CC3)S(=O)(=O)C)c2CN1c4cc(Cl)nc5[nH]ccc45,5.8
1205,CHEMBL1317546,CC(=O)c1ccc(cc1O)N2CCOCC2,6.92
1206,CHEMBL3393501,Oc1ccc(cc1)C(=O)c2ccc(cc2O)N3CCOCC3,7.46
1207,CHEMBL3288951,Oc1cc(cc2OC(=CC(=O)c12)c3ccccc3)N4CCOCC4,7.47
1210,CHEMBL3586678,COc1cncc(n1)N2CCc3nc(NC(=O)NCCc4cn(CC(F)F)cn4)sc3C2,5.89
1336,CHEMBL3747513,Cc1cc2c(cccc2n1c3nc4CCOCc4c(NCc5ccccc5)n3)C(=O)N,6.3
1339,CHEMBL3764119,O=C1N=C(Oc2c1cccc2c3cccs3)N4CCOCC4,5.15
1340,CHEMBL3765523,O=C1N=C(Oc2c1cccc2c3cccnc3)N4CCOCC4,4.11
1341,CHEMBL3763707,NC(=O)c1ccc(cc1)c2cccc3C(=O)N=C(Oc23)N4CCOCC4,5.06
1342,CHEMBL3765681,Nc1cccc(c1)c2cccc3C(=O)N=C(Oc23)N4CCOCC4,4.2
1343,CHEMBL3763205,OCc1ccc(cc1)c2cccc3C(=O)N=C(Oc23)N4CCOCC4,4.8
1344,CHEMBL3763897,Clc1ccc(cc1)c2cccc3C(=O)N=C(Oc23)N4CCOCC4,4.96
1345,CHEMBL3765105,COc1ccc(cc1)c2cccc3C(=O)N=C(Oc23)N4CCOCC4,5.0
1346,CHEMBL3765574,O=C1N=C(Oc2c1cccc2c3ccsc3)N4CCOCC4,5.01
1347,CHEMBL3765457,O=C1N=C(Oc2c1cccc2c3cccc4ccccc34)N5CCOCC5,4.69
1348,CHEMBL3763392,O=C1N=C(Oc2c1cccc2c3cccc4c3oc5ccccc45)N6CCOCC6,6.57
1349,CHEMBL3764883,O=C1N=C(Oc2c1cccc2c3cccc4c5ccccc5sc34)N6CCOCC6,7.47
1350,CHEMBL3763878,O=C1N=C(Oc2c1cccc2c3cc4ccccc4s3)N5CCOCC5,5.67
1351,CHEMBL3764880,COc1ccc(cc1)c2cc(Cl)cc3C(=O)N=C(Oc23)N4CCOCC4,4.91
1352,CHEMBL3763764,Clc1cc2C(=O)N=C(Oc2c(c1)c3cccs3)N4CCOCC4,5.22
1353,CHEMBL3765110,Clc1cc2C(=O)N=C(Oc2c(c1)c3cc4ccccc4s3)N5CCOCC5,5.24
1354,CHEMBL3763722,Clc1cc2C(=O)N=C(Oc2c(c1)c3cccc4c5ccccc5sc34)N6CCOCC6,6.25
1371,CHEMBL3799831,CN(C)C(=O)c1cc(CN2CCOc3c(F)cccc23)c4OC(=CC(=O)c4c1)N5CCOCC5,6.16
1372,CHEMBL3800481,CCOC(Cn1nc(c2ccc3oc(N)nc3c2)c4c(N)ncnc14)OCC,6.5
1375,CHEMBL3797834,Nc1oc2ccc(cc2n1)c3nn(CC4CCCO4)c5ncnc(N)c35,7.32
