,molecule_chembl_id,canonical_smiles,pchembl_value
0,CHEMBL1215220,NC(=O)c1cc(N[C@@H]2CCNC2)nc(c1)c3ccnc(NC4CCCCC4)c3,7.75
1,CHEMBL1214857,CC(C)NC(=O)C1CCN(CC1)c2nc(cc3cnccc23)c4ccnc(NC5CCOCC5)c4,7.8
2,CHEMBL1214999,NC(=O)c1cc(nc(c1)c2ccnc(NC3CCCCC3)c2)N4CCNCC4,8.05
3,CHEMBL1215001,NC(=O)c1cc(nc(c1)c2ccnc(NC3CCOCC3)c2)N4CCNCC4,8.05
4,CHEMBL603469,C[C@]12O[C@H](C[C@]1(O)CO)n3c4ccccc4c5c6C(=O)NCc6c7c8ccccc8n2c7c35,8.09
5,CHEMBL1215002,CC(C)Nc1cc(ccn1)c2cc(cc(n2)N3CCNCC3)C(=O)N,8.1
6,CHEMBL1215075,NC(=O)c1cc(nc(c1)c2ccnc(Nc3ccccc3Cl)c2)N4CCNCC4,8.1
7,CHEMBL1215074,Cn1ccc(Nc2cc(ccn2)c3cc(cc(n3)N4CCNCC4)C(=O)N)n1,8.16
8,CHEMBL1214998,C1CCC(CC1)Nc2cc(ccn2)c3cc4cnccc4c(n3)N5CCNCC5,8.7
9,CHEMBL1215219,C1CN(CCN1)c2cc(cc(n2)c3ccnc(NC4CCOCC4)c3)c5cn[nH]c5,8.7
10,CHEMBL1215153,CC(C)Nc1cc(ccn1)c2cc(cc(n2)N3CCNCC3)c4cn[nH]c4,8.7
11,CHEMBL1215151,C1CCC(CC1)Nc2cc(ccn2)c3cc(cc(n3)N4CCNCC4)c5cn[nH]c5,9.0
12,CHEMBL1215000,NC(=O)c1cc(nc(c1)c2ccnc(Nc3ccccc3)c2)N4CCNCC4,9.0
