,molecule_chembl_id,canonical_smiles,pchembl_value
0,CHEMBL2029180,CN=[S+](C)([O-])c1ccc(Nc2ncc(c(N[C@@H]3CCC[C@H]3N(C)C)n2)C(F)(F)F)cc1,7.54
1,CHEMBL475251,COc1cc(Nc2ncc(F)c(Nc3ccc4OC(C)(C)C(=O)Nc4n3)n2)cc(OC)c1OC,7.54
2,CHEMBL487057,CN(C)[C@@H]1CCC[C@H]1Nc2nc(Nc3ccc4c(CN(C)S4(=O)=O)c3)ncc2C(F)(F)F,7.6
3,CHEMBL2207439,Cc1ccc(cc1)n2nc(cc2NC(=O)Nc3cc([nH]n3)c4ccc5nccn5c4)C(C)(C)C,7.6
4,CHEMBL2448536,CC[S+](=NC)([O-])c1ccc(Nc2ncc(c(N[C@@H]3CCC[C@H]3N(C)C)n2)C(F)(F)F)cc1,7.62
5,CHEMBL2029182,CC(C)N=[S+](C)([O-])c1ccc(Nc2ncc(c(N[C@@H]3CCC[C@H]3N(C)C)n2)C(F)(F)F)cc1,7.66
6,CHEMBL2029181,CCN=[S+](C)([O-])c1ccc(Nc2ncc(c(N[C@@H]3CCC[C@H]3N(C)C)n2)C(F)(F)F)cc1,7.66
7,CHEMBL529889,FC(F)(F)c1cnc(Nc2ccc3NC(=O)Cc3c2)nc1NCc4ccccc4S(=O)(=O)N5CCCC5,7.77
8,CHEMBL488089,CS(=O)(=O)c1ccccc1CNc2nc(Nc3ccc4NC(=O)Cc4c3)ncc2C(F)(F)F,7.82
9,CHEMBL1084546,CN(c1ncccc1CNc2nc(Nc3ccc4NC(=O)Cc4c3)ncc2C(F)(F)F)S(=O)(=O)C,7.85
10,CHEMBL2430359,CN(c1ncccc1CNc2nc(Nc3ccc4NC(=O)Cc4c3)ncc2C(F)(F)F)S(=O)(=O)C.OS(=O)(=O)c5ccccc5,7.85
11,CHEMBL1230609,COc1cc2c(Oc3ccc(NC(=O)C4(CC4)C(=O)Nc5ccc(F)cc5)cc3F)ccnc2cc1OCCCN6CCOCC6,7.85
12,CHEMBL3286830,C[C@H]1Oc2cc(cnc2N)c3c(CN(C)C(=O)c4ccc(F)cc14)nn(C)c3C#N,7.85
13,CHEMBL2207441,Cc1ccc(cc1)n2nc(cc2NC(=O)Nc3cc([nH]n3)c4ccc5nccnc5c4)C(C)(C)C,7.9
14,CHEMBL3128069,C[C@@H](Oc1cc(cnc1N)c2sc(nc2C)[C@](C)(O)CO)c3cc(F)ccc3n4nccn4,7.92
15,CHEMBL472212,CN(c1ccccc1CNc2nc(Nc3ccc4NC(=O)Cc4c3)ncc2C(F)(F)F)S(=O)(=O)C,7.96
16,CHEMBL261641,CN(c1cccc(Cl)c1)S(=O)(=O)c2ccc3NC(=O)\C(=C/c4[nH]c(C)c(C(=O)N5CCN(C)CC5)c4C)\c3c2,7.98
17,CHEMBL514409,CCS(=O)(=O)Nc1ccc2NC(=O)\C(=C(/Nc3ccc(CN4CCCCC4)cc3)\c5ccccc5)\c2c1,8.0
18,CHEMBL2207440,Cc1ccc(cc1)n2nc(cc2NC(=O)Nc3cc([nH]n3)c4ccc5ncccc5c4)C(C)(C)C,8.19
19,CHEMBL455680,CN(C)[C@@H]1CCC[C@H]1Nc2nc(Nc3ccc4C5CCC(N5C(=O)C)c4c3)ncc2C(F)(F)F,8.22
20,CHEMBL487229,CN(c1ccccc1CNc2nc(Nc3ccc4C(=O)NCc4c3)ncc2C(F)(F)F)S(=O)(=O)C,8.3
21,CHEMBL388978,CN[C@@H]1C[C@H]2O[C@@](C)([C@@H]1OC)n3c4ccccc4c5c6CNC(=O)c6c7c8ccccc8n2c7c35,8.46
22,CHEMBL452341,CN(c1ccccc1CNc2nc(Nc3ccc4NS(=O)(=O)Cc4c3)ncc2C(F)(F)F)S(=O)(=O)C,8.7
23,CHEMBL509032,COc1cc(ccc1Nc2ncc(Cl)c(Nc3ccccc3S(=O)(=O)C(C)C)n2)N4CCC(CC4)N5CCN(C)CC5,8.96
