,molecule_chembl_id,canonical_smiles,pchembl_value
0,CHEMBL207084,COc1cc(Nc2ncc3ccn(c4cccc(c4)C(=O)NCCN)c3n2)cc(OC)c1OC,7.54
1,CHEMBL3657336,COc1cc(ccc1Nc2ncc(F)c(Oc3cccc4CCC(=O)c34)n2)N5CCN(C)CC5,7.54
2,CHEMBL3657327,COc1ccc(Nc2ncc(C(C)C)c(Oc3cccc4CCC(=O)c34)n2)c(OC)c1,7.54
3,CHEMBL3657375,COc1cc(OC2CCN(C)C2)c(F)cc1Nc3ncc(c(Oc4cccc5CN(C)C(=O)c45)n3)C(F)(F)F,7.55
4,CHEMBL3665937,CCN(c1ccccc1Oc2nc(Nc3ccc(cc3OC)C(=O)NC4CCN(C)CC4)ncc2C(F)(F)F)S(=O)(=O)C,7.57
5,CHEMBL3657314,COc1cc(ccc1Nc2ncc(F)c(Oc3cccc4CCC(=O)c34)n2)C(=O)NC5CCN(C)CC5,7.59
6,CHEMBL3657301,OC(=O)c1ccc(Nc2ncc(c(Oc3cccc4CCC(=O)c34)n2)C(F)(F)F)cc1,7.59
7,CHEMBL3665876,COc1cc(ccc1Nc2ncc(c(Oc3cccc(c3)C(=O)N)n2)C(F)(F)F)C(=O)NC4CCN(C)CC4,7.6
8,CHEMBL1934343,CS(=O)(=O)c1cccc(c1)c2ccc3cnc(Nc4ccc(cc4)C5CCN(CC(=O)N)CC5)nn23,7.6
9,CHEMBL3692186,NC(=O)Cc1ccccc1CCc2nc(Nc3ccc4CNCCc4c3)ncc2C(F)(F)F,7.6
10,CHEMBL2315584,CN(c1ncccc1CNc2c(cnc3[nH]c(cc23)c4ccc(F)cc4)C(F)(F)F)S(=O)(=O)C,7.62
11,CHEMBL2315583,CN(c1ncccc1CNc2c(cnc3[nH]c(cc23)c4ccnc(C)c4)C#N)S(=O)(=O)C,7.62
12,CHEMBL3692203,CCN1CCC(CC1)c2ccc(Nc3ncc(c(CCc4ncccc4CC(=O)N)n3)C(F)(F)F)cc2,7.64
13,CHEMBL3692204,NC(=O)Cc1cccnc1CCc2nc(Nc3ccc(cc3)C4CCCNC4)ncc2C(F)(F)F,7.64
14,CHEMBL3642416,CN(c1ccccc1COc2cccn3nc(Nc4ccc(cc4)N5CCN(C)CC5)nc23)S(=O)(=O)C,7.66
15,CHEMBL3692180,CNC(=O)Cc1ccccc1CCc2nc(Nc3ccc(cc3)N4CCNCC4)ncc2C(F)(F)F,7.68
16,CHEMBL1934334,COc1ccccc1c2ccc3cnc(Nc4ccc(cc4OC)C5CCN(CC(=O)N)CC5)nn23,7.68
17,CHEMBL1934339,CS(=O)(=O)Nc1cccc(c1)c2ccc3cnc(Nc4ccc(cc4)C5CCN(CC(=O)N)CC5)nn23,7.68
18,CHEMBL3665907,COc1cc(ccc1Nc2ncc(c(Oc3ccc(Cl)cc3C#N)n2)C(F)(F)F)C(=O)NC4CCN(C)CC4,7.7
19,CHEMBL3692191,NC(=O)Cc1nccnc1CCc2nc(Nc3ccc(cc3)C4CCNCC4)ncc2C(F)(F)F,7.7
20,CHEMBL3665886,COc1cc(ccc1Nc2ncc(c(Oc3cccc4nc[nH]c34)n2)C(F)(F)F)C(=O)NC5CCN(C)CC5,7.72
21,CHEMBL3665929,COc1cc(ccc1Nc2ncc(c(Oc3ccccc3c4ccon4)n2)C(F)(F)F)C(=O)NC5CCN(C)CC5,7.72
22,CHEMBL471357,FC(F)(F)c1cnc(Nc2ccc3NC(=O)Cc3c2)nc1NCc4ccccn4,7.72
23,CHEMBL3642420,CN(c1ccccc1CNc2cccn3nc(Nc4ccc5CCC(CCc5c4)N6CCOCC6)nc23)S(=O)(=O)C,7.74
24,CHEMBL3265344,CN(C)CCN(Cc1ccc(Cl)cc1)c2ccc3ccccc3n2,7.75
25,CHEMBL3642388,CN(c1ccccc1CNc2cccn3nc(Nc4ccc5CN(C)Cc5c4)nc23)S(=O)(=O)C,7.75
26,CHEMBL2151321,CC(C)Oc1cc(n[nH]1)n2cnc3ccc(N[C@@H](C)c4ccc(F)cn4)nc23,7.76
27,CHEMBL3657298,CCc1cc(ccc1Nc2ncc(c(Oc3cccc4CCC(=O)c34)n2)C(F)(F)F)C(=O)N[C@@H]5CC[C@H](CC5)N6CCOCC6,7.77
28,CHEMBL388978,CN[C@@H]1C[C@H]2O[C@@](C)([C@@H]1OC)n3c4ccccc4c5c6CNC(=O)c6c7c8ccccc8n2c7c35,7.77
29,CHEMBL1822511,COc1cc(Nc2ncc3ccc(c4ccccc4)n3n2)cc(OC)c1OC,7.77
30,CHEMBL3665877,COc1cc(ccc1Nc2ncc(c(Oc3cccc(CC(=O)N)c3)n2)C(F)(F)F)C(=O)NC4CCN(C)CC4,7.77
31,CHEMBL3286830,C[C@H]1Oc2cc(cnc2N)c3c(CN(C)C(=O)c4ccc(F)cc14)nn(C)c3C#N,7.77
32,CHEMBL3692192,CN1CCC(CC1)c2ccc(Nc3ncc(c(CCc4nccnc4CC(=O)N)n3)C(F)(F)F)cc2,7.78
33,CHEMBL3692198,CN1CCC(CC1)c2ccc(Nc3ncc(c(CCc4ncccc4CC(=O)N)n3)C(F)(F)F)cc2,7.8
34,CHEMBL3692201,CN1CCN(Cc2ccc(Nc3ncc(c(CCc4ccccc4CC(=O)N)n3)C(F)(F)F)cc2)CC1,7.8
35,CHEMBL3657258,COc1cc(C(=O)NC2CCN(C)CC2)c(F)cc1Nc3ncc(c(Oc4ccc(Cl)c5C(C)CC(=O)c45)n3)C(F)(F)F,7.8
36,CHEMBL3657349,COc1cc(ccc1Nc2nccc(Oc3cccc4CN(C)C(=O)c34)n2)C(=O)NC5CCN(C)CC5,7.8
37,CHEMBL3665917,COc1cccc(COc2nc(Nc3ccc(cc3OC)C(=O)NC4CCN(C)CC4)ncc2C(F)(F)F)c1,7.8
38,CHEMBL3128069,C[C@@H](Oc1cc(cnc1N)c2sc(nc2C)[C@](C)(O)CO)c3cc(F)ccc3n4nccn4,7.8
39,CHEMBL471526,FC(F)(F)c1cnc(Nc2ccc3[nH]ncc3c2)nc1NCc4ccccn4,7.8
40,CHEMBL3657264,COc1cc(C(=O)N[C@H]2CCN(C)C2)c(Cl)cc1Nc3ncc(c(Oc4ccc(C)c5CCC(=O)c45)n3)C(F)(F)F,7.82
41,CHEMBL3665919,COc1cc(ccc1Nc2ncc(c(OCC3CCCO3)n2)C(F)(F)F)C(=O)NC4CCN(C)CC4,7.82
42,CHEMBL3692187,NC(=O)Cc1ccccc1CCc2nc(Nc3ccc(cc3)C4CNCCO4)ncc2C(F)(F)F,7.82
43,CHEMBL3692202,NC(=O)c1cccc(CCc2nc(Nc3ccc(CN4CCNCC4)cc3)ncc2C(F)(F)F)c1,7.82
44,CHEMBL3642371,CN(c1ccccc1CNc2cccn3nc(Nc4cccc(c4)N5CCN(C)CC5)nc23)S(=O)(=O)C,7.84
45,CHEMBL1934336,CN(c1ccccc1c2ccc3cnc(Nc4ccc(cc4)C5CCN(CC(=O)N)CC5)nn23)S(=O)(=O)C,7.85
46,CHEMBL1934344,CN(c1ncccc1c2ccc3cnc(Nc4ccc(cc4)C5CCN(CC(=O)N)CC5)nn23)S(=O)(=O)C,7.85
47,CHEMBL3657338,CN1Cc2cccc(Oc3nc(Nc4ccc(O[C@H]5CCOC5)cc4)ncc3C(F)(F)F)c2C1=O,7.85
48,CHEMBL3692190,NC(=O)Cc1ccccc1CCc2nc(Nc3ccc(CN4CCNCC4)cc3)ncc2C(F)(F)F,7.85
49,CHEMBL3642372,CN(c1ccccc1CNc2cccn3nc(Nc4ccc(cc4)C5CCN(C)CC5)nc23)S(=O)(=O)C,7.87
50,CHEMBL3642373,CN(c1ccccc1CNc2cccn3nc(Nc4ccc(OCCN5CCCC5)cc4)nc23)S(=O)(=O)C,7.89
51,CHEMBL3692183,CNC(=O)Cc1ccccc1CCc2nc(Nc3cccc(c3)N4CCN(C)CC4)ncc2C(F)(F)F,7.89
52,CHEMBL3692188,CC(=O)N1CCC(CC1)c2ccc(Nc3ncc(c(CCc4ccccc4CC(=O)N)n3)C(F)(F)F)cc2,7.92
53,CHEMBL3692179,CC(C(=O)N)c1ccccc1CCc2nc(Nc3ccc(cc3)C4CCNCC4)ncc2C(F)(F)F,7.92
54,CHEMBL3692196,CCN1CCC(CC1)c2ccc(Nc3ncc(c(CCc4ccccc4CC(=O)N)n3)C(F)(F)F)cc2,7.92
55,CHEMBL3692173,CN1CCCC(C1)c2ccc(Nc3ncc(c(CCc4ccccc4CC(=O)N)n3)C(F)(F)F)cc2,7.92
56,CHEMBL2315563,CNC(=O)c1ccccc1Nc2c(cnc3[nH]c(cc23)c4cccnc4)C(F)(F)F,7.92
57,CHEMBL3665938,COc1cc(C(=O)NC2CCN(C)CC2)c(F)cc1Nc3ncc(c(Oc4ccccc4N(C)S(=O)(=O)C)n3)C(F)(F)F,7.92
58,CHEMBL3665943,COc1cc(ccc1Nc2ncc(c(Oc3cc(C)ccc3NS(=O)(=O)C)n2)C(F)(F)F)C(=O)NC4CCN(C)CC4,7.92
59,CHEMBL3657286,COc1cc(ccc1Nc2ncc(c(Oc3cccc4CCC(=O)c34)n2)C(F)(F)F)C(=O)NC5CCN(CC5)c6ncccn6,7.92
60,CHEMBL3657272,COc1cc(ccc1Nc2ncc(c(Oc3cccc4CCC(=O)c34)n2)C(F)(F)F)n5ccnn5,7.92
61,CHEMBL3665901,COc1cc(ccc1Nc2ncc(c(Oc3ccccc3c4csnn4)n2)C(F)(F)F)C(=O)NC5CCN(C)CC5,7.92
62,CHEMBL3692194,NC(=O)Cc1cncnc1CCc2nc(Nc3ccc(cc3)C4CCNCC4)ncc2C(F)(F)F,7.92
63,CHEMBL3642370,CN(c1ccccc1CNc2cccn3nc(Nc4ccc(cc4)N5CCN(C)CC5)nc23)S(=O)(=O)C,7.94
64,CHEMBL3657288,CCc1cc(ccc1Nc2ncc(c(Oc3cccc4CCC(=O)c34)n2)C(F)(F)F)C(=O)NOC,7.96
65,CHEMBL1934352,CN(c1ccccc1c2cc(C)c3cnc(Nc4ccc(cc4)C5CCN(CC(=O)N)CC5)nn23)S(=O)(=O)C,7.96
66,CHEMBL3692181,CN1CCC(CC1)c2ccc(Nc3ncc(c(CCc4ccccc4CC(=O)N)n3)C(F)(F)F)cc2,7.96
67,CHEMBL3692195,CN1CCC(CC1)c2ccc(Nc3ncc(c(CCc4ncncc4CC(=O)N)n3)C(F)(F)F)cc2,7.96
68,CHEMBL3665869,COC(=O)c1ccccc1Oc2nc(Nc3cc(F)c(cc3OC)C(=O)NC4CCN(C)CC4)ncc2C(F)(F)F,7.96
69,CHEMBL3657340,COc1cc(OC2CCOCC2)ccc1Nc3ncc(c(Oc4cccc5CN(C)C(=O)c45)n3)C(F)(F)F,7.96
70,CHEMBL3661433,COc1cc(ccc1Nc2ncc(c(Oc3cccc4CN(C)C(=O)c34)n2)C(F)(F)F)C(=O)NC5CCCCC5,7.96
71,CHEMBL514554,CS(=O)(=O)c1cccc(CNc2nc(Nc3ccc4NC(=O)CCc4c3)ncc2C(F)(F)F)c1,7.96
72,CHEMBL3657293,Cc1nc2ccc(Nc3ncc(c(Oc4cccc5CCC(=O)c45)n3)C(F)(F)F)cc2n1C,7.96
73,CHEMBL3657271,FC(F)(F)c1cnc(Nc2ccc3NC(=O)Cc3c2)nc1Oc4cccc5CCC(=O)c45,7.96
74,CHEMBL3657296,CCN1CCC(CC1)NC(=O)c2ccc(Nc3ncc(c(Oc4cccc5CCC(=O)c45)n3)C(F)(F)F)c(CC)c2,8.0
75,CHEMBL3692193,CN1CCc2cc(Nc3ncc(c(CCc4ccccc4CC(=O)N)n3)C(F)(F)F)ccc2C1,8.0
76,CHEMBL3661419,COc1cc(C(=O)NC2CCN(C)CC2)c(F)cc1Nc3ncc(c(Oc4cccc5OCCN(C)C(=O)c45)n3)C(F)(F)F,8.0
77,CHEMBL3657257,COc1cc(ccc1Nc2ncc(c(Oc3ccc(Cl)c4C(C)CC(=O)c34)n2)C(F)(F)F)C(=O)NC5CCN(C)CC5,8.0
78,CHEMBL3665941,COc1cc(ccc1Nc2ncc(c(Oc3ccc(Cl)cc3NS(=O)(=O)C)n2)C(F)(F)F)C(=O)NC4CCN(C)CC4,8.0
79,CHEMBL3657266,COc1cc(ccc1Nc2ncc(c(Oc3cccc4CCC(=O)c34)n2)C(F)(F)F)C(=O)NC(C)(C)C,8.0
80,CHEMBL3665936,COc1cc(ccc1Nc2ncc(c(Oc3ccccc3N(C)S(=O)(=O)C)n2)C(F)(F)F)C(=O)NC4CCN(C)CC4,8.0
81,CHEMBL3657276,Fc1c(Nc2ncc(c(Oc3cccc4COC(=O)c34)n2)C(F)(F)F)ccc5NC(=O)Cc15,8.0
82,CHEMBL3692169,NC(=O)Cc1ccccc1CCc2nc(Nc3ccc(cc3)N4CCNCC4)ncc2C(F)(F)F,8.0
83,CHEMBL3689075,CCN1CCC(CC1)c2ccc(Nc3ncc(c(Cc4ccccc4C(=O)N)n3)C(F)(F)F)c(OC)c2,8.03
84,CHEMBL3657287,CCc1cc(ccc1Nc2ncc(c(Oc3cccc4CCC(=O)c34)n2)C(F)(F)F)C(=O)NC,8.05
85,CHEMBL3657299,CCc1cc(ccc1Nc2ncc(c(Oc3cccc4CCC(=O)c34)n2)C(F)(F)F)C(=O)NC5CCCN(C)C5,8.05
86,CHEMBL3657295,CCc1cc(ccc1Nc2ncc(c(Oc3cccc4CCC(=O)c34)n2)C(F)(F)F)C(=O)NC5CCN(C)CC5,8.05
87,CHEMBL2315566,CNC(=O)c1ccccc1Nc2c(cnc3[nH]c(cc23)c4ccc(nc4)N5CCOCC5)C(F)(F)F,8.05
88,CHEMBL3665931,COc1cc(C(=O)NC2CCN(C)CC2)c(F)cc1Nc3ncc(c(Oc4cccc(C)c4C#N)n3)C(F)(F)F,8.05
89,CHEMBL3657256,COc1cc(C(=O)N[C@H]2CCN(C)C[C@@H]2F)c(F)cc1Nc3ncc(c(Oc4cccc5CCC(=O)c45)n3)C(F)(F)F,8.05
90,CHEMBL3657413,COc1cc(ccc1Nc2ncc(c(Oc3cccc4OCCN(C)C(=O)c34)n2)C(F)(F)F)C(=O)NC5CCN(C)CC5,8.05
91,CHEMBL487246,CS(=O)(=O)c1cccc(CNc2nc(Nc3ccc4NC(=O)Cc4c3)ncc2C(F)(F)F)c1,8.05
92,CHEMBL3657270,Fc1c2CC(=O)Nc2ccc1Nc3ncc(c(Oc4cccc5CCC(=O)c45)n3)C(F)(F)F,8.05
93,CHEMBL3657297,CCc1cc(ccc1Nc2ncc(c(Oc3cccc4CCC(=O)c34)n2)C(F)(F)F)C(=O)NC5CCN(CC5)C(C)C,8.1
94,CHEMBL3665875,COC(=O)c1ccccc1Oc2nc(Nc3ccc(cc3OC)C(=O)NC4CCN(C)CC4)ncc2C(F)(F)F,8.1
95,CHEMBL3665904,COc1cc(ccc1Nc2ncc(c(Oc3cccc(Cl)c3C#N)n2)C(F)(F)F)C(=O)NC4CCN(C)CC4,8.1
96,CHEMBL3661434,COc1cc(ccc1Nc2ncc(c(Oc3cccc4CN(C)C(=O)c34)n2)C(F)(F)F)C(=O)NC5CCC(F)(F)CC5,8.1
97,CHEMBL3692184,Cc1ccc(CCc2nc(Nc3ccc(cc3)N4CCNCC4)ncc2C(F)(F)F)cc1C(=O)N,8.11
98,CHEMBL3692200,NC(=O)Cc1ccccc1CCc2nc(Nc3ccc(cc3)C4CCNC4)ncc2C(F)(F)F,8.11
99,CHEMBL3689073,COc1cc(ccc1Nc2ncc(c(CCc3cccc(c3)C(=O)N)n2)C(F)(F)F)C4CCNCC4,8.14
100,CHEMBL3689070,COc1cc(ccc1Nc2ncc(c(CCc3ccccc3CC(=O)N)n2)C(F)(F)F)C4CCNCC4,8.15
101,CHEMBL3692176,CN1CCCCC1c2ccc(Nc3ncc(c(CCc4ccccc4CC(=O)N)n3)C(F)(F)F)cc2,8.16
102,CHEMBL458997,CNC(=O)c1ccccc1Nc2nc(Nc3ccc(cc3OC)N4CCOCC4)ncc2Cl,8.16
103,CHEMBL3657291,COc1cc(C(=O)NC2CCN(C)CC2)c(F)cc1Nc3ncc(c(Oc4cccc5OC(C)(C)C(=O)c45)n3)C(F)(F)F,8.16
104,CHEMBL3665911,COc1cc(C(=O)NC2CCN(C)CC2)c(F)cc1Nc3ncc(c(Oc4ccccc4C#N)n3)C(F)(F)F,8.16
105,CHEMBL3657255,COc1cc(C(=O)N[C@@H]2CCN(C)C[C@H]2F)c(F)cc1Nc3ncc(c(Oc4cccc5CCC(=O)c45)n3)C(F)(F)F,8.16
106,CHEMBL3657267,COc1cc(ccc1Nc2ncc(c(Oc3cccc4CCC(=O)c34)n2)C(F)(F)F)C(=O)NC5CCOCC5,8.16
107,CHEMBL3692174,CN1CCN(CC1)c2cccc(Nc3ncc(c(CCc4cccc(c4)C(=O)N)n3)C(F)(F)F)c2,8.2
108,CHEMBL3661429,CN1Cc2cccc(Oc3nc(Nc4ccc(cc4C)C(=O)NC5CCC(F)(F)CC5)ncc3C(F)(F)F)c2C1=O,8.22
109,CHEMBL3657364,COc1cc(C(=O)NC[C@@H]2CCCO2)c(F)cc1Nc3ncc(c(Oc4cccc5CN(C)C(=O)c45)n3)C(F)(F)F,8.22
110,CHEMBL3657263,COc1cc(C(=O)N[C@@H]2CCN(C)C2)c(Cl)cc1Nc3ncc(c(Oc4ccc(C)c5CCC(=O)c45)n3)C(F)(F)F,8.22
111,CHEMBL3665940,COc1cc(ccc1Nc2ncc(c(Oc3c(Cl)cccc3NS(=O)(=O)C)n2)C(F)(F)F)C(=O)NC4CCN(C)CC4,8.22
112,CHEMBL3665910,COc1cc(ccc1Nc2ncc(c(Oc3ccccc3C#N)n2)C(F)(F)F)C(=O)NC4CCN(C)CC4,8.22
113,CHEMBL3692175,NC(=O)Cc1ccccc1CCc2nc(Nc3ccc(cc3)C4CCCCN4)ncc2C(F)(F)F,8.22
114,CHEMBL1934337,CC(C)(C)NS(=O)(=O)c1cccc(c1)c2ccc3cnc(Nc4ccc(cc4)C5CCN(CC(=O)N)CC5)nn23,8.24
115,CHEMBL3692199,CN1CCC(CC1)c2ccc(Nc3ncc(c(CCc4cc(ccn4)C(=O)N)n3)C(F)(F)F)cc2,8.24
116,CHEMBL3689081,CN1CCC(CC1)c2ccc(Nc3ncc(c(CCc4ccccc4CC(=O)N)n3)C(F)(F)F)c(F)c2,8.25
117,CHEMBL3689076,CCc1cc(ccc1Nc2ncc(c(CCc3ccccc3CC(=O)N)n2)C(F)(F)F)C4CCNCC4,8.28
118,CHEMBL3692197,NC(=O)Cc1cccnc1CCc2nc(Nc3ccc(cc3)C4CCNCC4)ncc2C(F)(F)F,8.29
119,CHEMBL3657300,CCN1Cc2cccc(Oc3nc(Nc4ccc(cc4OC)C(=O)NC5CCN(C)CC5)ncc3C(F)(F)F)c2C1=O,8.3
120,CHEMBL1934353,CN(c1ccccc1c2cc(Cl)c3cnc(Nc4ccc(cc4)C5CCN(CC(=O)N)CC5)nn23)S(=O)(=O)C,8.3
121,CHEMBL3657262,COc1cc(C(=O)NC2CCN(C)CC2)c(Cl)cc1Nc3ncc(c(Oc4ccc(C)c5CCC(=O)c45)n3)C(F)(F)F,8.3
122,CHEMBL3657393,COc1cc(C(=O)NCC2CCCO2)c(F)cc1Nc3ncc(c(Oc4cccc5CN(C)C(=O)c45)n3)C(F)(F)F,8.3
123,CHEMBL3657261,COc1cc(C(=O)N[C@H]2CCN(C)C2)c(Cl)cc1Nc3ncc(c(Oc4cccc5CCC(=O)c45)n3)C(F)(F)F,8.3
124,CHEMBL3657254,COc1cc(C(=O)N[C@H]2CCN(C)C[C@H]2F)c(F)cc1Nc3ncc(c(Oc4cccc5CCC(=O)c45)n3)C(F)(F)F,8.3
125,CHEMBL3657269,COc1cc(ccc1Nc2ncc(c(Oc3cccc4CCC(=O)c34)n2)C(F)(F)F)C(=O)NC5CCC(O)CC5,8.3
126,CHEMBL3657245,COc1cc(ccc1Nc2ncc(c(Oc3cccc4CCC(=O)c34)n2)C(F)(F)F)C(=O)NC5CCN(CC5)C6CCOCC6,8.3
127,CHEMBL3657251,COc1cc(ccc1Nc2ncc(c(Oc3cccc4CCC(=O)c34)n2)C(F)(F)F)C(=O)N[C@@H]5CCN(C)C[C@H]5F,8.3
128,CHEMBL3657292,COc1cc(ccc1Nc2ncc(c(Oc3cccc4CCC(=O)c34)n2)C(F)(F)F)C(=O)O,8.3
129,CHEMBL3657290,COc1cc(ccc1Nc2ncc(c(Oc3cccc4OC(C)(C)C(=O)c34)n2)C(F)(F)F)C(=O)NC5CCN(C)CC5,8.3
130,CHEMBL3692185,NC1CCN(CC1)c2ccc(Nc3ncc(c(CCc4ccccc4CC(=O)N)n3)C(F)(F)F)cc2,8.3
131,CHEMBL1684800,COc1ccc(Cn2ncc(NC(=O)c3cc(NC(=O)Nc4ccc(Cl)c(c4)C(F)(F)F)ccc3C)c2N)cc1,8.38
132,CHEMBL3692177,CCN1CCN(CC1)c2ccc(Nc3ncc(c(CCc4ccccc4CC(=O)N)n3)C(F)(F)F)cc2,8.4
133,CHEMBL3657410,CON1Cc2cccc(Oc3nc(Nc4cc(F)c(cc4OC)C(=O)NC5CCOCC5)ncc3C(F)(F)F)c2C1=O,8.4
134,CHEMBL3657268,COc1cc(C(=O)NC2CCN(C)CC2)c(F)cc1Nc3ncc(c(Oc4cccc5CCC(=O)c45)n3)C(F)(F)F,8.4
135,CHEMBL3657248,COc1cc(C(=O)NC2CCN(C)CC2)c(F)cc1Nc3ncc(c(Oc4cccc5COC(=O)c45)n3)C(F)(F)F,8.4
136,CHEMBL3657280,COc1cc(C(=O)NC2CCN(C)CC2)c(F)cc1Nc3ncc(c(Oc4cccc5[C@@H](C)N(CCF)C(=O)c45)n3)C(F)(F)F,8.4
137,CHEMBL3657279,COc1cc(C(=O)NC2CCN(C)CC2)c(F)cc1Nc3ncc(c(Oc4cccc5[C@H](C)N(CCF)C(=O)c45)n3)C(F)(F)F,8.4
138,CHEMBL3657260,COc1cc(C(=O)N[C@@H]2CCN(C)C2)c(Cl)cc1Nc3ncc(c(Oc4cccc5CCC(=O)c45)n3)C(F)(F)F,8.4
139,CHEMBL3657305,COc1cc(C(=O)N[C@@H]2CCN(C)C[C@@H]2F)c(Cl)cc1Nc3ncc(c(Oc4cccc5CN(C)C(=O)c45)n3)C(F)(F)F,8.4
140,CHEMBL3657253,COc1cc(C(=O)N[C@@H]2CCN(C)C[C@@H]2F)c(F)cc1Nc3ncc(c(Oc4cccc5CCC(=O)c45)n3)C(F)(F)F,8.4
141,CHEMBL207491,COc1cc(Nc2ncc3ccn(c4cccc(CCC(=O)O)n4)c3n2)cc(OC)c1OC,8.4
142,CHEMBL3657337,COc1cc(O[C@H]2CCOC2)ccc1Nc3ncc(c(Oc4cccc5CN(C)C(=O)c45)n3)C(F)(F)F,8.4
143,CHEMBL3661458,COc1cc(\C=C\C(=O)N(C)C)ccc1Nc2ncc(c(Oc3cccc4CN(C)C(=O)c34)n2)C(F)(F)F,8.4
144,CHEMBL3665942,COc1cc(ccc1Nc2ncc(c(Oc3cc(F)ccc3NS(=O)(=O)C)n2)C(F)(F)F)C(=O)NC4CCN(C)CC4,8.4
145,CHEMBL3661449,COc1cc(ccc1Nc2ncc(c(Oc3cccc4CN(C)C(=O)c34)n2)C(F)(F)F)C#CC(=O)N(C)C,8.4
146,CHEMBL3657275,FC(F)(F)c1cnc(Nc2ccc3NC(=O)Cc3c2)nc1Oc4cccc5COC(=O)c45,8.4
147,CHEMBL3692172,NC(=O)Cc1ccccc1CCc2nc(Nc3ccc(cc3)C4CCCNC4)ncc2C(F)(F)F,8.4
148,CHEMBL3692189,CC(=O)C1CCN(CC1)c2ccc(Nc3ncc(c(CCc4ccccc4CC(=O)N)n3)C(F)(F)F)cc2,8.41
149,CHEMBL3689072,CCN1CCC(CC1)c2ccc(Nc3ncc(c(CCc4ccccc4CC(=O)N)n3)C(F)(F)F)c(OC)c2,8.44
150,CHEMBL3689077,CCc1cc(ccc1Nc2ncc(c(CCc3ccccc3CC(=O)N)n2)C(F)(F)F)C4CCN(C)CC4,8.44
151,CHEMBL3689080,CN1CCC(CC1)c2ccc(Nc3ncc(c(CCc4ccccc4CC(=O)N)n3)C(F)(F)F)c(C)c2,8.44
152,CHEMBL3692182,CN1CCN(CC1)c2cccc(Nc3ncc(c(CCc4ccccc4CC(=O)N)n3)C(F)(F)F)c2,8.46
153,CHEMBL3661426,CN1Cc2cccc(Oc3nc(Nc4ccc(cc4C)C(=O)NC5CCN(CC5)C(=O)C)ncc3C(F)(F)F)c2C1=O,8.52
154,CHEMBL3661440,COCCCNC(=O)c1ccc(Nc2ncc(c(Oc3cccc4CN(C)C(=O)c34)n2)C(F)(F)F)c(OC)c1,8.52
155,CHEMBL3661438,CONC(=O)c1ccc(Nc2ncc(c(Oc3cccc4CN(C)C(=O)c34)n2)C(F)(F)F)c(C)c1,8.52
156,CHEMBL3657380,COc1cc(C(=O)N(C)C)c(C)cc1Nc2ncc(c(Oc3cccc4CN(C)C(=O)c34)n2)C(F)(F)F,8.52
157,CHEMBL3657259,COc1cc(C(=O)NC2CCN(C)CC2)c(Cl)cc1Nc3ncc(c(Oc4cccc5CCC(=O)c45)n3)C(F)(F)F,8.52
158,CHEMBL3657284,COc1cc(C(=O)NC2CCN(C)CC2)c(F)cc1Nc3ncc(c(Oc4ccc(C)c5CCC(=O)c45)n3)C(F)(F)F,8.52
159,CHEMBL3657363,COc1cc(C(=O)NC2CCOC2)c(F)cc1Nc3ncc(c(Oc4cccc5CN(C)C(=O)c45)n3)C(F)(F)F,8.52
160,CHEMBL3657394,COc1cc(C(=O)N[C@@H]2CC[C@H](CC2)N3CCN(CC4CC4)CC3)c(F)cc1Nc5ncc(c(Oc6cccc7CN(C)C(=O)c67)n5)C(F)(F)F,8.52
161,CHEMBL3639561,COc1cc(O[C@@H]2CO[C@@H]3[C@H](O)CO[C@H]23)ccc1Nc4ncc(c(Oc5cccc6CN(C)C(=O)c56)n4)C(F)(F)F,8.52
162,CHEMBL3657324,COc1cc(ccc1Nc2ncc(C(C)C)c(Oc3cccc4CCC(=O)c34)n2)C(=O)NC5CCN(C)CC5,8.52
163,CHEMBL3657273,COc1cc(ccc1Nc2ncc(c(Oc3cccc4C(C)N(CCF)C(=O)c34)n2)C(F)(F)F)C(=O)NC5CCN(C)CC5,8.52
164,CHEMBL3657250,COc1cc(ccc1Nc2ncc(c(Oc3cccc4CCC(=O)c34)n2)C(F)(F)F)C(=O)N[C@@H]5CCN(C)C[C@@H]5F,8.52
165,CHEMBL3657252,COc1cc(ccc1Nc2ncc(c(Oc3cccc4CCC(=O)c34)n2)C(F)(F)F)C(=O)N[C@H]5CCN(C)C[C@@H]5F,8.52
166,CHEMBL3657384,COc1cc(ccc1Nc2ncc(c(Oc3cccc4CN(C)C(=O)c34)n2)C(F)(F)F)C(=O)NC5CCOCC5,8.52
167,CHEMBL3661459,COc1cc(ccc1Nc2ncc(c(Oc3cccc4CN(C)C(=O)c34)n2)C(F)(F)F)\C(=C\C(=O)N(C)C)\C,8.52
168,CHEMBL3657247,COc1cc(ccc1Nc2ncc(c(Oc3cccc4COC(=O)c34)n2)C(F)(F)F)C(=O)NC5CCN(C)CC5,8.52
169,CHEMBL3657274,COc1cc(ccc1Nc2ncc(c(Oc3cccc4COC(=O)c34)n2)C(F)(F)F)C(=O)NC5CCOCC5,8.52
170,CHEMBL3665934,COc1cc(ccc1Nc2ncc(c(Oc3ccccc3NS(=O)(=O)C)n2)C(F)(F)F)C(=O)NC4CCN(C)CC4,8.52
171,CHEMBL3692178,NC(=O)Cc1ccccc1CCc2nc(Nc3ccc(cc3)C4CCNCC4)ncc2C(F)(F)F,8.52
172,CHEMBL3689074,COc1cc(ccc1Nc2ncc(c(CCc3cccc(c3)C(=O)N)n2)C(F)(F)F)C4CCN(C)CC4,8.54
173,CHEMBL3689078,NC(=O)Cc1ccccc1CCc2nc(Nc3ccc(cc3OC(F)(F)F)C4CCNCC4)ncc2C(F)(F)F,8.57
174,CHEMBL3692170,CN1CCN(CC1)c2ccc(Nc3ncc(c(CCc4cccc(c4)C(=O)N)n3)C(F)(F)F)cc2,8.6
175,CHEMBL3689079,CN1CCC(CC1)c2ccc(Nc3ncc(c(CCc4ccccc4CC(=O)N)n3)C(F)(F)F)c(OC(F)(F)F)c2,8.66
176,CHEMBL3689071,COc1cc(ccc1Nc2ncc(c(CCc3ccccc3CC(=O)N)n2)C(F)(F)F)C4CCN(C)CC4,8.66
177,CHEMBL3657302,CCN1CCC(CC1)NC(=O)c2cc(OC)c(Nc3ncc(c(Oc4cccc5CN(C)C(=O)c45)n3)C(F)(F)F)cc2Cl,8.7
178,CHEMBL3657309,CCN1CCC(CC1)NC(=O)c2cc(OC)c(Nc3ncc(c(Oc4cccc5CN(C)C(=O)c45)n3)C(F)(F)F)cc2F,8.7
179,CHEMBL3657303,CCN1CCC(CC1)NC(=O)c2ccc(Nc3ncc(c(Oc4cccc5CN(C)C(=O)c45)n3)C(F)(F)F)c(OC)c2,8.7
180,CHEMBL3657342,CN1CCC(CC1)Nc2ccc(Nc3ncc(c(Oc4cccc5CN(C)C(=O)c45)n3)C(F)(F)F)cc2F,8.7
181,CHEMBL3661431,CNC(=O)c1ccc(Nc2ncc(c(Oc3cccc4CN(C)C(=O)c34)n2)C(F)(F)F)c(C)c1,8.7
182,CHEMBL3661432,CNC(=O)c1ccc(Nc2ncc(c(Oc3cccc4CN(C)C(=O)c34)n2)C(F)(F)F)c(OC)c1,8.7
183,CHEMBL3661427,COCCNC(=O)c1ccc(Nc2ncc(c(Oc3cccc4CN(C)C(=O)c34)n2)C(F)(F)F)c(C)c1,8.7
184,CHEMBL3661446,CON(C)C(=O)CN1CCN(CC1)c2ccc(Nc3ncc(c(Oc4cccc5CN(C)C(=O)c45)n3)C(F)(F)F)c(OC)c2,8.7
185,CHEMBL3657282,CON1Cc2cccc(Oc3nc(Nc4ccc(cc4OC)C(=O)NC5CCN(C)CC5)ncc3C(F)(F)F)c2C1=O,8.7
186,CHEMBL3661448,CO[C@@H]1CN(C)CCC1NC(=O)c2cc(OC)c(Nc3ncc(c(Oc4cccc5CN(C)C(=O)c45)n3)C(F)(F)F)cc2F,8.7
187,CHEMBL3657353,COc1cc(C(=O)NC2CCN(C)CC2)c(F)cc1Nc3ncc(C#N)c(Oc4cccc5CCC(=O)c45)n3,8.7
188,CHEMBL3657369,COc1cc(C(=O)NC2CCN(C)CC2)c(F)cc1Nc3ncc(Cl)c(Oc4cccc5CCC(=O)c45)n3,8.7
189,CHEMBL3657348,COc1cc(C(=O)NC2CCN(C)CC2)c(F)cc1Nc3ncc(Cl)c(Oc4cccc5CN(C)C(=O)c45)n3,8.7
190,CHEMBL3661450,COc1cc(C(=O)NC2CCN(C)CC2)c(F)cc1Nc3ncc(c(Oc4ccc(C)c5CN(C)C(=O)c45)n3)C(F)(F)F,8.7
191,CHEMBL3657367,COc1cc(C(=O)NC2CCN(CC2)C3CC3)c(F)cc1Nc4ncc(c(Oc5cccc6CN(C)C(=O)c56)n4)C(F)(F)F,8.7
192,CHEMBL3657395,COc1cc(C(=O)NC2CCN(CC2)C3CCOCC3)c(F)cc1Nc4ncc(c(Oc5cccc6CN(C)C(=O)c56)n4)C(F)(F)F,8.7
193,CHEMBL3657362,COc1cc(C(=O)NCC(C)(C)CN(C)C)c(F)cc1Nc2ncc(c(Oc3cccc4CN(C)C(=O)c34)n2)C(F)(F)F,8.7
194,CHEMBL3657391,COc1cc(C(=O)NCC2CC2)c(C)cc1Nc3ncc(Cl)c(Oc4cccc5CN(C)C(=O)c45)n3,8.7
195,CHEMBL3657406,COc1cc(C(=O)N[C@@H]2CCN(C)C[C@@H]2F)c(F)cc1Nc3ncc(Cl)c(Oc4cccc5CN(C)C(=O)c45)n3,8.7
196,CHEMBL3657308,COc1cc(C(=O)N[C@@H]2CCN(C)C[C@@H]2F)c(F)cc1Nc3ncc(c(Oc4cccc5CN(C)C(=O)c45)n3)C(F)(F)F,8.7
197,CHEMBL3657366,COc1cc(C(=O)N[C@@H]2CC[C@@H](O)CC2)c(F)cc1Nc3ncc(c(Oc4cccc5CN(C)C(=O)c45)n3)C(F)(F)F,8.7
198,CHEMBL3657390,COc1cc(C(=O)N[C@@H]2CC[C@H](CC2)N3CCN(CC4CC4)CC3)c(C)cc1Nc5ncc(Cl)c(Oc6cccc7CN(C)C(=O)c67)n5,8.7
199,CHEMBL3657304,COc1cc(C(=O)N[C@H]2CCN(C)C[C@H]2F)c(Cl)cc1Nc3ncc(c(Oc4cccc5CN(C)C(=O)c45)n3)C(F)(F)F,8.7
200,CHEMBL3657404,COc1cc(C(=O)N[C@H]2CCN(C[C@H]2F)C(C)C)c(F)cc1Nc3ncc(Cl)c(Oc4cccc5[C@H](C)N(C)C(=O)c45)n3,8.7
201,CHEMBL3661441,COc1cc(CN(C)C)ccc1Nc2ncc(Cl)c(Oc3cccc4CN(C)C(=O)c34)n2,8.7
202,CHEMBL3657319,COc1cc(ccc1Nc2ncc(Br)c(Oc3cccc4CCC(=O)c34)n2)C(=O)NC5CCN(C)CC5,8.7
203,CHEMBL3657325,COc1cc(ccc1Nc2ncc(Cl)c(Oc3cccc4CCC(=O)c34)n2)N5CCN(C)CC5,8.7
204,CHEMBL3657283,COc1cc(ccc1Nc2ncc(c(Oc3ccc(C)c4CCC(=O)c34)n2)C(F)(F)F)C(=O)NC5CCN(C)CC5,8.7
205,CHEMBL3657265,COc1cc(ccc1Nc2ncc(c(Oc3cccc4CCC(=O)c34)n2)C(F)(F)F)C(=O)NC5CCN(C)CC5,8.7
206,CHEMBL3657249,COc1cc(ccc1Nc2ncc(c(Oc3cccc4CCC(=O)c34)n2)C(F)(F)F)C(=O)N[C@H]5CCN(C)C[C@H]5F,8.7
207,CHEMBL3657318,COc1cc(ccc1Nc2ncc(c(Oc3cccc4CCN(C)C(=O)c34)n2)C(F)(F)F)C(=O)NC5CCN(C)CC5,8.7
208,CHEMBL3661447,COc1cc(ccc1Nc2ncc(c(Oc3cccc4CN(C)C(=O)c34)n2)C(F)(F)F)N5CCN(CC5)C6COC6,8.7
209,CHEMBL3657374,COc1cc(ccc1Nc2ncc(c(Oc3cccc4CN(C)C(=O)c34)n2)C(F)(F)F)N5CCN(CC6CC6)CC5,8.7
210,CHEMBL3657278,COc1cc(ccc1Nc2ncc(c(Oc3cccc4[C@@H](C)N(CCF)C(=O)c34)n2)C(F)(F)F)C(=O)NC5CCN(C)CC5,8.7
211,CHEMBL3657277,COc1cc(ccc1Nc2ncc(c(Oc3cccc4[C@H](C)N(CCF)C(=O)c34)n2)C(F)(F)F)C(=O)NC5CCN(C)CC5,8.7
212,CHEMBL513744,CN(c1cccc(CNc2nc(Nc3ccc4NC(=O)Cc4c3)ncc2C(F)(F)F)c1)S(=O)(=O)C,8.72
213,CHEMBL3692171,CN1CCN(CC1)c2ccc(Nc3ncc(c(CCc4ccccc4CC(=O)N)n3)C(F)(F)F)cc2,8.72
214,CHEMBL3689069,COc1cc(ccc1Nc2ncc(c(CCc3ccccc3CC(=O)N)n2)C(F)(F)F)N4CCNCC4,8.72
215,CHEMBL472212,CN(c1ccccc1CNc2nc(Nc3ccc4NC(=O)Cc4c3)ncc2C(F)(F)F)S(=O)(=O)C,8.82
216,CHEMBL1084546,CN(c1ncccc1CNc2nc(Nc3ccc4NC(=O)Cc4c3)ncc2C(F)(F)F)S(=O)(=O)C,8.82
217,CHEMBL2430359,CN(c1ncccc1CNc2nc(Nc3ccc4NC(=O)Cc4c3)ncc2C(F)(F)F)S(=O)(=O)C.OS(=O)(=O)c5ccccc5,8.82
218,CHEMBL2430358,Cl.CNC(=O)c1ccccc1Nc2cc(Nc3ccc(cc3OC)N4CCOCC4)ncc2C(F)(F)F,8.82
219,CHEMBL509032,COc1cc(ccc1Nc2ncc(Cl)c(Nc3ccccc3S(=O)(=O)C(C)C)n2)N4CCC(CC4)N5CCN(C)CC5,8.96
220,CHEMBL3657403,CCN1CC[C@H](NC(=O)c2cc(OC)c(Nc3ncc(Cl)c(Oc4cccc5[C@H](C)N(C)C(=O)c45)n3)cc2F)[C@H](F)C1,9.0
221,CHEMBL452341,CN(c1ccccc1CNc2nc(Nc3ccc4NS(=O)(=O)Cc4c3)ncc2C(F)(F)F)S(=O)(=O)C,9.0
222,CHEMBL3661437,CN1CCC(CC1)NC(=O)c2ccc(Nc3ncc(c(Oc4cccc5CN(C)C(=O)c45)n3)C(F)(F)F)c(C)c2,9.0
223,CHEMBL3661436,CN1CCCC(C1)NC(=O)c2ccc(Nc3ncc(c(Oc4cccc5CN(C)C(=O)c45)n3)C(F)(F)F)c(C)c2,9.0
224,CHEMBL3661428,CN1Cc2cccc(Oc3nc(Nc4ccc(cc4C)C(=O)NC5CCN(CCO)CC5)ncc3C(F)(F)F)c2C1=O,9.0
225,CHEMBL3657381,CNC(=O)c1cc(OC)c(Nc2ncc(c(Oc3cccc4CN(C)C(=O)c34)n2)C(F)(F)F)cc1C,9.0
226,CHEMBL3661430,COCCN1CCC(CC1)NC(=O)c2ccc(Nc3ncc(c(Oc4cccc5CN(C)C(=O)c45)n3)C(F)(F)F)c(C)c2,9.0
227,CHEMBL3661435,COCCN1CCC(CC1)NC(=O)c2ccc(Nc3ncc(c(Oc4cccc5CN(C)C(=O)c45)n3)C(F)(F)F)c(OC)c2,9.0
228,CHEMBL3661439,COCCNC(=O)c1ccc(Nc2ncc(c(Oc3cccc4CN(C)C(=O)c34)n2)C(F)(F)F)c(OC)c1,9.0
229,CHEMBL3657355,CON1Cc2cccc(Oc3nc(Nc4cc(F)c(cc4OC)C(=O)NC5CCN(C)CC5)ncc3C(F)(F)F)c2C1=O,9.0
230,CHEMBL3657323,CON1Cc2cccc(Oc3nc(Nc4cc(F)c(cc4OC)C(=O)NC5CCN(C)CC5)ncc3Cl)c2C1=O,9.0
231,CHEMBL3657356,CON1Cc2cccc(Oc3nc(Nc4cc(F)c(cc4OC)C(=O)N[C@@H]5CCCN(C)C5)ncc3C(F)(F)F)c2C1=O,9.0
232,CHEMBL3657396,CON1Cc2cccc(Oc3nc(Nc4cc(F)c(cc4OC)C(=O)N[C@H]5CCN(C)C[C@H]5F)ncc3Cl)c2C1=O,9.0
233,CHEMBL3657357,CON1Cc2cccc(Oc3nc(Nc4ccc(cc4OC)C(=O)N[C@@H]5CCCN(C)C5)ncc3C(F)(F)F)c2C1=O,9.0
234,CHEMBL3661425,CONC(=O)c1ccc(Nc2ncc(c(Oc3cccc4CN(C)C(=O)c34)n2)C(F)(F)F)c(OC)c1,9.0
235,CHEMBL3661452,CO[C@@H]1CN(C)CCC1NC(=O)c2cc(OC)c(Nc3ncc(Cl)c(Oc4cccc5c4C(=O)N(C)C5(C)C)n3)cc2C,9.0
236,CHEMBL3661451,CO[C@@H]1CN(C)CCC1NC(=O)c2ccc(Nc3ncc(c(Oc4cccc5CN(C)C(=O)c45)n3)C(F)(F)F)c(OC)c2,9.0
237,CHEMBL3657392,CO[C@@H]1CN(C)CC[C@@H]1NC(=O)c2cc(OC)c(Nc3ncc(Cl)c(Oc4cccc5[C@H](C)N(C)C(=O)c45)n3)cc2Cl,9.0
238,CHEMBL3661456,CO[C@@H]1CN(C)CC[C@H]1NC(=O)c2cc(OC)c(Nc3ncc(c(Oc4cccc5CN(C)C(=O)c45)n3)C(F)(F)F)cc2C,9.0
239,CHEMBL3661457,CO[C@H]1CN(C)CC[C@@H]1NC(=O)c2cc(OC)c(Nc3ncc(c(Oc4cccc5CN(C)C(=O)c45)n3)C(F)(F)F)cc2C,9.0
240,CHEMBL3661453,CO[C@H]1CN(C)CC[C@@H]1NC(=O)c2cc(OC)c(Nc3ncc(c(Oc4cccc5CN(C)C(=O)c45)n3)C(F)(F)F)cc2F,9.0
241,CHEMBL3661454,CO[C@H]1CN(C)CC[C@@H]1NC(=O)c2ccc(Nc3ncc(c(Oc4cccc5CN(C)C(=O)c45)n3)C(F)(F)F)c(OC)c2,9.0
242,CHEMBL3657408,CO[C@H]1CN(C)CC[C@H]1NC(=O)c2cc(OC)c(Nc3ncc(Cl)c(Oc4cccc5CN(C)C(=O)c45)n3)cc2C,9.0
243,CHEMBL3657372,CO[C@H]1CN(C)CC[C@H]1NC(=O)c2cc(OC)c(Nc3ncc(Cl)c(Oc4cccc5CN(C)C(=O)c45)n3)cc2Cl,9.0
244,CHEMBL3657407,CO[C@H]1CN(C)CC[C@H]1NC(=O)c2cc(OC)c(Nc3ncc(Cl)c(Oc4cccc5CN(C)C(=O)c45)n3)cc2F,9.0
245,CHEMBL3657397,CO[C@H]1CN(C)CC[C@H]1NC(=O)c2cc(OC)c(Nc3ncc(Cl)c(Oc4cccc5CN(OC)C(=O)c45)n3)cc2F,9.0
246,CHEMBL3657398,CO[C@H]1CN(C)CC[C@H]1NC(=O)c2cc(OC)c(Nc3ncc(Cl)c(Oc4cccc5[C@@H](C)N(C)C(=O)c45)n3)cc2Cl,9.0
247,CHEMBL3657402,CO[C@H]1CN(C)CC[C@H]1NC(=O)c2cc(OC)c(Nc3ncc(Cl)c(Oc4cccc5[C@@H](C)N(C)C(=O)c45)n3)cc2F,9.0
248,CHEMBL3657400,CO[C@H]1CN(C)CC[C@H]1NC(=O)c2cc(OC)c(Nc3ncc(Cl)c(Oc4cccc5[C@H](C)N(C)C(=O)c45)n3)cc2F,9.0
249,CHEMBL3657411,CO[C@H]1CN(C)CC[C@H]1NC(=O)c2cc(OC)c(Nc3ncc(Cl)c(Oc4cccc5c4C(=O)N(C)C5(C)C)n3)cc2C,9.0
250,CHEMBL3657359,CO[C@H]1CN(C)CC[C@H]1NC(=O)c2cc(OC)c(Nc3ncc(c(Oc4cccc5CN(C)C(=O)c45)n3)C(F)(F)F)cc2F,9.0
251,CHEMBL3657361,CO[C@H]1CN(C)CC[C@H]1NC(=O)c2cc(OC)c(Nc3ncc(c(Oc4cccc5c4C(=O)N(C)C5(C)C)n3)C(F)(F)F)cc2Cl,9.0
252,CHEMBL3657376,COc1cc(C(=O)NC2CCCN(C)C2)c(C)cc1Nc3ncc(c(Oc4cccc5CN(C)C(=O)c45)n3)C(F)(F)F,9.0
253,CHEMBL3657383,COc1cc(C(=O)NC2CCN(C)CC2)c(C)cc1Nc3ncc(Cl)c(Oc4cccc5CN(C)C(=O)c45)n3,9.0
254,CHEMBL3657382,COc1cc(C(=O)NC2CCN(C)CC2)c(C)cc1Nc3ncc(c(Oc4cccc5CN(C)C(=O)c45)n3)C(F)(F)F,9.0
255,CHEMBL3657354,COc1cc(C(=O)NC2CCN(C)CC2)c(Cl)cc1Nc3ncc(C#N)c(Oc4cccc5CCC(=O)c45)n3,9.0
256,CHEMBL3657332,COc1cc(C(=O)NC2CCN(C)CC2)c(Cl)cc1Nc3ncc(Cl)c(Oc4cccc5CN(C)C(=O)c45)n3,9.0
257,CHEMBL3657386,COc1cc(C(=O)NC2CCN(C)CC2)c(Cl)cc1Nc3ncc(Cl)c(Oc4cccc5[C@@H](C)N(C)C(=O)c45)n3,9.0
258,CHEMBL3657385,COc1cc(C(=O)NC2CCN(C)CC2)c(Cl)cc1Nc3ncc(Cl)c(Oc4cccc5[C@H](C)N(C)C(=O)c45)n3,9.0
259,CHEMBL3657351,COc1cc(C(=O)NC2CCN(C)CC2)c(Cl)cc1Nc3ncc(c(Oc4cccc5C(C)N(C)C(=O)c45)n3)C(F)(F)F,9.0
260,CHEMBL3657310,COc1cc(C(=O)NC2CCN(C)CC2)c(Cl)cc1Nc3ncc(c(Oc4cccc5CN(C)C(=O)c45)n3)C(F)(F)F,9.0
261,CHEMBL3657388,COc1cc(C(=O)NC2CCN(C)CC2)c(F)cc1Nc3ncc(Cl)c(Oc4cccc5[C@@H](C)N(C)C(=O)c45)n3,9.0
262,CHEMBL3657387,COc1cc(C(=O)NC2CCN(C)CC2)c(F)cc1Nc3ncc(Cl)c(Oc4cccc5[C@H](C)N(C)C(=O)c45)n3,9.0
263,CHEMBL3657311,COc1cc(C(=O)NC2CCN(C)CC2)c(F)cc1Nc3ncc(c(Oc4cccc5CN(C)C(=O)c45)n3)C(F)(F)F,9.0
264,CHEMBL3657358,COc1cc(C(=O)NC2CCN(C)CC2)c(F)cc1Nc3ncc(c(Oc4cccc5c4C(=O)N(C)C5(C)C)n3)C(F)(F)F,9.0
265,CHEMBL3657389,COc1cc(C(=O)NC2CCN(CC2)C3CCOCC3)c(C)cc1Nc4ncc(Cl)c(Oc5cccc6CN(C)C(=O)c56)n4,9.0
266,CHEMBL3657373,COc1cc(C(=O)NC2CCN(CC2)C3CCOCC3)c(Cl)cc1Nc4ncc(Cl)c(Oc5cccc6CN(C)C(=O)c56)n4,9.0
267,CHEMBL3657379,COc1cc(C(=O)NCCN(C)C)c(C)cc1Nc2ncc(c(Oc3cccc4CN(C)C(=O)c34)n2)C(F)(F)F,9.0
268,CHEMBL3657365,COc1cc(C(=O)NCCN(C)C)c(F)cc1Nc2ncc(c(Oc3cccc4CN(C)C(=O)c34)n2)C(F)(F)F,9.0
269,CHEMBL3657368,COc1cc(C(=O)NC[C@H](O)CO)c(F)cc1Nc2ncc(c(Oc3cccc4CN(C)C(=O)c34)n2)C(F)(F)F,9.0
270,CHEMBL3657377,COc1cc(C(=O)N[C@@H]2CCCN(C)C2)c(C)cc1Nc3ncc(c(Oc4cccc5CN(C)C(=O)c45)n3)C(F)(F)F,9.0
271,CHEMBL3657378,COc1cc(C(=O)N[C@H]2CCCN(C)C2)c(C)cc1Nc3ncc(c(Oc4cccc5CN(C)C(=O)c45)n3)C(F)(F)F,9.0
272,CHEMBL3657370,COc1cc(C(=O)N[C@H]2CCCN(C)C2)c(Cl)cc1Nc3ncc(c(Oc4cccc5CN(C)C(=O)c45)n3)C(F)(F)F,9.0
273,CHEMBL3657409,COc1cc(C(=O)N[C@H]2CCN(C)C[C@H]2F)c(C)cc1Nc3ncc(Cl)c(Oc4cccc5CN(C)C(=O)c45)n3,9.0
274,CHEMBL3657412,COc1cc(C(=O)N[C@H]2CCN(C)C[C@H]2F)c(C)cc1Nc3ncc(Cl)c(Oc4cccc5c4C(=O)N(C)C5(C)C)n3,9.0
275,CHEMBL3657246,COc1cc(C(=O)N[C@H]2CCN(C)C[C@H]2F)c(Cl)cc1Nc3ncc(Cl)c(Oc4cccc5C(C)C(C)C(=O)c45)n3,9.0
276,CHEMBL3657371,COc1cc(C(=O)N[C@H]2CCN(C)C[C@H]2F)c(Cl)cc1Nc3ncc(Cl)c(Oc4cccc5CN(C)C(=O)c45)n3,9.0
277,CHEMBL3657399,COc1cc(C(=O)N[C@H]2CCN(C)C[C@H]2F)c(Cl)cc1Nc3ncc(Cl)c(Oc4cccc5[C@@H](C)N(C)C(=O)c45)n3,9.0
278,CHEMBL3657289,COc1cc(C(=O)N[C@H]2CCN(C)C[C@H]2F)c(Cl)cc1Nc3ncc(Cl)c(Oc4cccc5[C@H](C)N(C)C(=O)c45)n3,9.0
279,CHEMBL3657360,COc1cc(C(=O)N[C@H]2CCN(C)C[C@H]2F)c(Cl)cc1Nc3ncc(c(Oc4cccc5c4C(=O)N(C)C5(C)C)n3)C(F)(F)F,9.0
280,CHEMBL3657401,COc1cc(C(=O)N[C@H]2CCN(C)C[C@H]2F)c(F)cc1Nc3ncc(Cl)c(Oc4cccc5[C@@H](C)N(C)C(=O)c45)n3,9.0
281,CHEMBL3657405,COc1cc(C(=O)N[C@H]2CCN(C)C[C@H]2F)c(F)cc1Nc3ncc(Cl)c(Oc4cccc5[C@H](C)N(C)C(=O)c45)n3,9.0
282,CHEMBL3657307,COc1cc(C(=O)N[C@H]2CCN(C)C[C@H]2F)c(F)cc1Nc3ncc(c(Oc4cccc5CN(C)C(=O)c45)n3)C(F)(F)F,9.0
283,CHEMBL3657333,COc1cc(CN(C)C)ccc1Nc2ncc(c(Oc3cccc4CN(C)C(=O)c34)n2)C(F)(F)F,9.0
284,CHEMBL3657334,COc1cc(CN2CCCC2)ccc1Nc3ncc(c(Oc4cccc5CN(C)C(=O)c45)n3)C(F)(F)F,9.0
285,CHEMBL3661442,COc1cc(C[C@@H](O)CO)ccc1Nc2ncc(c(Oc3cccc4CN(C)C(=O)c34)n2)C(F)(F)F,9.0
286,CHEMBL3661443,COc1cc(C[C@H](O)CO)ccc1Nc2ncc(c(Oc3cccc4CN(C)C(=O)c34)n2)C(F)(F)F,9.0
287,CHEMBL3657345,COc1cc(O[C@@H]2CO[C@@H]3[C@H](O)CO[C@H]23)ccc1Nc4ncc(c(Oc5cccc6C(C)N(C)C(=O)c56)n4)C(F)(F)F,9.0
288,CHEMBL3657352,COc1cc(ccc1Nc2ncc(C#N)c(Oc3cccc4CCC(=O)c34)n2)N5CCN(C)CC5,9.0
289,CHEMBL3657331,COc1cc(ccc1Nc2ncc(Cl)c(Oc3cccc4C(C)N(C)C(=O)c34)n2)N5CCN(C)CC5,9.0
290,CHEMBL3657320,COc1cc(ccc1Nc2ncc(Cl)c(Oc3cccc4CN(C)C(=O)c34)n2)C(=O)NC5CCN(C)CC5,9.0
291,CHEMBL3657344,COc1cc(ccc1Nc2ncc(c(Oc3cccc4C(C)N(C)C(=O)c34)n2)C(F)(F)F)C(=O)NC5CCN(C)CC5,9.0
292,CHEMBL3657330,COc1cc(ccc1Nc2ncc(c(Oc3cccc4C(C)N(C)C(=O)c34)n2)C(F)(F)F)C(=O)N[C@H]5CCN(C)C[C@H]5F,9.0
293,CHEMBL3661455,COc1cc(ccc1Nc2ncc(c(Oc3cccc4CN(C)C(=O)c34)n2)C(F)(F)F)C#CCN(C)C,9.0
294,CHEMBL3657281,COc1cc(ccc1Nc2ncc(c(Oc3cccc4CN(C)C(=O)c34)n2)C(F)(F)F)C(=O)NC5CCN(C)CC5,9.0
295,CHEMBL3661424,COc1cc(ccc1Nc2ncc(c(Oc3cccc4CN(C)C(=O)c34)n2)C(F)(F)F)C(=O)NC5CCN(CCO)CC5,9.0
296,CHEMBL3657306,COc1cc(ccc1Nc2ncc(c(Oc3cccc4CN(C)C(=O)c34)n2)C(F)(F)F)C(=O)N[C@@H]5CCN(C)C[C@@H]5F,9.0
297,CHEMBL3657312,COc1cc(ccc1Nc2ncc(c(Oc3cccc4CN(C)C(=O)c34)n2)C(F)(F)F)C(=O)N[C@H]5CCN(C)C[C@H]5F,9.0
298,CHEMBL3657341,COc1cc(ccc1Nc2ncc(c(Oc3cccc4CN(C)C(=O)c34)n2)C(F)(F)F)N5CCN(C)CC5,9.0
299,CHEMBL3661445,COc1cc(ccc1Nc2ncc(c(Oc3cccc4CN(C)C(=O)c34)n2)C(F)(F)F)N5CCN(CC(=O)N(C)C)CC5,9.0
300,CHEMBL3661444,COc1cc(ccc1Nc2ncc(c(Oc3cccc4CN(C)C(=O)c34)n2)C(F)(F)F)N5CCN(CC5)C(C)C,9.0
301,CHEMBL488247,CN(c1ccccc1CNc2nc(Nc3ccc(cc3)S(=O)(=O)C)ncc2C(F)(F)F)S(=O)(=O)C,9.03
302,CHEMBL3639910,CC(=O)N1CCN(CC1)c2ccc(Nc3ncc(c(CCc4ccccc4CC(=O)N)n3)C(F)(F)F)cc2,9.22
303,CHEMBL487229,CN(c1ccccc1CNc2nc(Nc3ccc4C(=O)NCc4c3)ncc2C(F)(F)F)S(=O)(=O)C,9.3
