,molecule_chembl_id,canonical_smiles,pchembl_value
0,CHEMBL3823499,CC(C)(C)S(=O)(=O)c1ccc2nccc(Nc3n[nH]c4ccc(F)cc34)c2c1,7.8
12,CHEMBL3735309,C1Oc2cccc(c2O1)c3nc4cccnn4c3c5ccncc5,5.26
15,CHEMBL3735315,CN1CCN(CC1)c2ccc3nc(c4cccc(c4)c5ccsc5)c(c6ccncc6)n3n2,6.52
16,CHEMBL3735817,CN1CCN(CC1)c2ccc3nc(c4cccc(c4)c5cccs5)c(c6ccncc6)n3n2,6.57
17,CHEMBL3736408,CN1CCN(CC1)c2ccc3nc(c4cccc(c4)c5ccccc5)c(c6ccncc6)n3n2,6.35
19,CHEMBL3735563,CCOc1ccc2c(cccc2c1)c3nc4ccc(nn4c3c5ccncc5)N6CCN(C)CC6,5.77
20,CHEMBL3736103,COc1ccc2c(cccc2c1)c3nc4ccc(nn4c3c5ccncc5)N6CCN(C)CC6,5.92
21,CHEMBL3735482,CN1CCN(CC1)c2ccc3nc(c4cccc5ccccc45)c(c6ccncc6)n3n2,6.06
25,CHEMBL3735590,CN1CCN(CC1)c2ccc3nc(c4ccc5OCOc5c4)c(c6ccncc6)n3n2,5.12
26,CHEMBL3735196,CN1CCN(CC1)c2ccc3nc(c4cccc5OCOc45)c(c6ccncc6)n3n2,5.6
