,molecule_chembl_id,canonical_smiles,pchembl_value
0,sunitinib,CCN(CC)CCNC(=O)c1c(C)[nH]c(\C=C\2/C(=O)Nc3ccc(F)cc23)c1C,7.77
1,CHEMBL2023714,NC(=N)NCCC[C@@H](NC(=O)[C@@H](CCCNC(=N)N)NC(=O)[C@@H](CCCNC(=N)N)NC(=O)[C@@H](CCCNC(=N)N)NC(=O)[C@@H](CCCNC(=N)N)NC(=O)[C@@H](CCCNC(=N)N)NC(=O)CCCCCNCCNS(=O)(=O)c1cccc2cnccc12)C(=O)N,7.59
2,CHEMBL189773,NCCCn1c(nc2cnccc12)c3nonc3N,7.66
3,CHEMBL493911,CCn1c(nc2cncc(OC3CCNCC3)c12)c4nonc4N,7.68
4,CHEMBL189299,CCn1c(nc2cnccc12)c3nccnc3N,7.7
5,CHEMBL388978,CN[C@@H]1C[C@H]2O[C@@](C)([C@@H]1OC)n3c4ccccc4c5c6CNC(=O)c6c7c8ccccc8n2c7c35,7.7
6,CHEMBL189094,CCn1c(nc2cc(O)ccc12)c3nonc3N,7.77
7,CHEMBL363054,Nc1nonc1c2nc3cnccc3n2C4CCNCC4,7.77
8,CHEMBL506153,CCn1c(nc2cncc(C(=O)NCCNC)c12)c3nonc3N,7.82
9,CHEMBL1956071,CCn1c(nc2cncc(C(=O)N3CC[C@H](N)C3)c12)c4nonc4N,7.85
10,CHEMBL188457,CCCC(N)n1c(nc2cnccc12)c3nonc3N,7.89
11,CHEMBL494662,CCn1c(nc2cncc(C(=O)NC3CCNCC3)c12)c4nonc4N,7.89
12,CHEMBL363258,NCCCCn1c(nc2cnccc12)c3nonc3N,7.89
13,CHEMBL2023841,CC1(C)C2=C3C=C4C(CC[N+]5=C4C(C)(C)c6cc(ccc56)S(=C)(=O)O)OC3CCN2c7ccc(CC(=O)NCCCC[C@@H](NC(=O)[C@@H](CCCNC(=N)N)NC(=O)[C@@H](CCCNC(=N)N)NC(=O)[C@@H](CCCNC(=N)N)NC(=O)[C@@H](CCCNC(=N)N)NC(=O)[C@@H](CCCNC(=N)N)NC(=O)[C@@H](CCCNC(=N)N)NC(=O)CCCCCNC(=O)[C@@H](CCCNC(=N)N)NC(=O)CCCCCCCNCCNS(=O)(=O)c8cccc9cnccc89)C(=O)N)cc17,7.92
14,CHEMBL493067,CCn1c(nc2cncc(C(=O)NC3CCCNC3)c12)c4nonc4N,7.96
15,CHEMBL188433,Nc1nonc1c2nc3cnccc3n2c4ccccc4,7.96
16,CHEMBL188620,CC(CN)n1c(nc2cnccc12)c3nonc3N,8.05
17,CHEMBL365832,CCn1c(nc2cncc(Br)c12)c3nonc3N,8.05
18,CHEMBL364413,CCn1c(nc2c(C)nccc12)c3nonc3N,8.1
19,CHEMBL188434,CCn1c(nc2cncc(CNC3CCNCC3)c12)c4nonc4N,8.1
20,CHEMBL6291,Cn1cc(C2=C(C(=O)NC2=O)c3cn(CCCSC(=N)N)c4ccccc34)c5ccccc15,8.1
21,CHEMBL360219,CCn1c(nc2cncc(CN3CCCCC3)c12)c4nonc4N,8.16
22,CHEMBL2023845,CN(C)C1C=CC2=C(c3ccc(cc3OC2=C1)N(C)C)c4ccc(cc4C(=O)N[C@H](CCCCN)C(=O)NC(=N)NCCC[C@@H](NC(=O)[C@@H](CCCNC(=N)N)NC(=O)[C@@H](CCCNC(=N)N)NC(=O)[C@@H](CCCNC(=N)N)NC(=O)[C@@H](CCCNC(=N)N)NC(=O)[C@@H](CCCNC(=N)N)NC(=O)CCCCCNCCNS(=O)(=O)c5cccc6cnccc56)C(=O)N)C(=O)O,8.28
23,CHEMBL187340,CCn1c(nc2c(Cl)nccc12)c3nonc3N,8.4
24,CHEMBL188268,NCc1ccc(cc1)n2c(nc3cnccc23)c4nonc4N,8.4
25,CHEMBL2347053,[O-][N+](=O)c1ccccc1c2n[nH]cc2\C=C\3/C(=O)Nc4ccccc34,8.4
26,CHEMBL523695,CCn1c(nc2cncc(C(=O)N3CC[C@@H](N)C3)c12)c4nonc4N,8.52
27,CHEMBL426440,CCn1c(nc2cncc(CN3CCC(N)CC3)c12)c4nonc4N,8.52
28,CHEMBL189657,CCn1c(nc2cnccc12)c3nonc3N,8.52
29,CHEMBL189231,Nc1nonc1c2nc3cnccc3n2C4CCCCC4,8.52
30,CHEMBL186317,NCc1cccc(c1)n2c(nc3cnccc23)c4nonc4N,8.6
31,CHEMBL188806,Nc1nonc1c2nc3cnccc3n2C4CCCNC4,8.7
32,CHEMBL185962,Nc1nonc1c2nc3cnccc3n2C4CC4,8.75
33,CHEMBL415770,CCn1c(nc2cncc(CN3CCNCC3)c12)c4nonc4N,8.85
34,CHEMBL521823,CCn1c(nc2cncc(OCC3CCNCC3)c12)c4nonc4N,9.0
