,molecule_chembl_id,canonical_smiles,pchembl_value
0,CHEMBL3673640,C[C@H]1NC(=O)c2cc3ccc(nc3n2[C@H]1C)C(=O)Nc4nc5ccccc5n4CCCN(C)C,7.54
1,CHEMBL3673633,CC1CCNC(=O)c2cc3ccc(nc3n12)C(=O)Nc4nc5ccccc5n4CCCN(C)C,7.57
2,CHEMBL1933290,CN(C)CCCn1c(NC(=O)c2ccc3cc4C(=O)NCC(C)(C)Cn4c3c2)nc5ccccc15,7.57
3,CHEMBL3673635,CCn1c(NC(=O)c2ccc3cc4C(=O)NC[C@@H](C)n4c3n2)nc5ccccc15,7.58
4,CHEMBL1933145,CC(C)c1cc(NC(=O)c2ccc3cc4C(=O)NCCCn4c3c2)on1,7.59
5,CHEMBL1938792,O=C(Nc1ncc[nH]1)c2ccc3cc4C(=O)NCCCn4c3c2,7.59
6,CHEMBL3673593,CC(C)n1ncc2cc(NC(=O)c3ccc4cc5C(=O)NCCCn5c4n3)cnc12,7.6
7,CHEMBL3673600,CC1(C)CNC(=O)c2cc3ccc(nc3n2C1)C(=O)Nc4cnc5c(cnn5CC6CCOC6)c4,7.6
8,CHEMBL2012703,CN(C)CCNc1cc(Cl)cc(N2CCN(CC2)c3ncnc4[nH]nc(c34)C(F)(F)F)c1C,7.62
9,CHEMBL3604771,Oc1ccc(cc1)c2cn[nH]c2c3ccc(O)cc3,7.62
10,CHEMBL3604887,CC(C)Nc1ncc(c2cc(F)c(O)c(F)c2)c(n1)c3ccc(C)cc3,7.64
11,CHEMBL3673580,CCn1c(NC(=O)c2ccc3nc4C(=O)NCCCn4c3c2)nc5cccnc15,7.64
12,CHEMBL3604883,CC(C)CNc1cc(c2ccc(cc2)N3CCN(C)CC3)c(cn1)c4cc(F)c(O)c(F)c4,7.66
13,CHEMBL1933283,CN(C)CCCn1c(NC(=O)c2ccc3cc4C(=O)NCCCn4c3c2)nc5ccccc15,7.68
14,CHEMBL1938786,NC(=O)c1ccccc1NC(=O)c2ccc3cc4C(=O)NCCCn4c3c2,7.68
15,CHEMBL3604888,CC(C)Nc1ncc(c2cc(F)c(O)c(F)c2)c(n1)c3ccc(cc3)N4CCN(C)CC4,7.7
16,CHEMBL1933281,CC(C)n1c(NC(=O)c2ccc3cc4C(=O)NCCCn4c3c2)nc5ccccc15,7.7
17,CHEMBL2321925,CCC[C@@H]1O[C@@H](OC2=C(Oc3cc(O)cc(O)c3C2=O)c4ccc(O)cc4)[C@H](O)[C@H](OC(=O)C)[C@H]1OC(=O)C,7.7
18,CHEMBL1933286,CN(C)CCCn1c(NC(=O)c2ccc3cc4C(=O)NCCCn4c3c2)nc5ccc(Cl)cc15,7.7
19,CHEMBL3604791,CNC(=O)c1ccc(cc1)c2ccncc2c3cc(F)c(O)c(F)c3,7.7
20,CHEMBL1933288,C[C@@H]1CCNC(=O)c2cc3ccc(cc3n12)C(=O)Nc4nc5ccccc5n4CCCN(C)C,7.7
21,CHEMBL1221698,Cc1ccc(cc1)c2c(C(=O)CF)n(CCCNCC#N)c3ncnc(N)c23,7.7
22,CHEMBL3673588,Fc1cccc(NC(=O)c2ccc3cc4C(=O)NCCCn4c3n2)c1,7.7
23,CHEMBL3673596,O=C(Nc1cnc2c(cnn2C3CCOCC3)c1)c4ccc5cc6C(=O)NCCCn6c5n4,7.7
24,CHEMBL3673642,CC(C)(C)c1onc(NC(=O)c2ccc3cc4C(=O)NCCCn4c3n2)c1,7.72
25,CHEMBL1933143,Cc1cc(NC(=O)c2ccc3cc4C(=O)NCCCn4c3c2)on1,7.72
26,CHEMBL3673643,Cc1onc(NC(=O)c2ccc3cc4C(=O)NCCCn4c3n2)c1,7.72
27,CHEMBL1933068,O=C(Nc1onc(c1)C2CC2)c3ccc4cc5C(=O)NCCCn5c4c3,7.75
28,CHEMBL3604786,Oc1c(F)cc(cc1F)c2cnccc2c3cccc(c3)N4CCOCC4,7.75
29,CHEMBL509032,COc1cc(ccc1Nc2ncc(Cl)c(Nc3ccccc3S(=O)(=O)C(C)C)n2)N4CCC(CC4)N5CCN(C)CC5,7.77
30,CHEMBL3673667,O=C(Nc1cccc(c1)c2c[nH]cn2)c3ccc4cc5C(=O)NCCCn5c4n3,7.77
31,CHEMBL3673632,CCn1c(NC(=O)c2ccc3cc4C(=O)NCCC(C)n4c3n2)nc5ccccc15,7.82
32,CHEMBL3604882,CNc1cc(c2ccc(cc2)N3CCN(C)CC3)c(cn1)c4cc(F)c(O)c(F)c4,7.85
33,CHEMBL1933289,C[C@H]1CCNC(=O)c2cc3ccc(cc3n12)C(=O)Nc4nc5ccccc5n4CCCN(C)C,7.85
34,CHEMBL3673659,CC1CCNC(=O)c2cc3ccc(nc3n12)C(=O)Nc4onc(Cc5ccccc5)c4,7.89
35,CHEMBL3604886,CNc1ncc(c2cc(F)c(O)c(F)c2)c(n1)c3ccc(C)cc3,7.89
36,CHEMBL2064666,COc1c2CC[C@H](CCc2ccc1Nc3ncc(Cl)c(N[C@@H]4[C@@H]5C[C@@H](C=C5)[C@@H]4C(=O)N)n3)N6CCOCC6,7.89
37,CHEMBL3673599,O=C(Nc1cnc2c(cnn2CC3CCOC3)c1)c4ccc5cc6C(=O)NCCCn6c5n4,7.89
38,CHEMBL1933147,O=C(Nc1onc(Cc2ccccc2)c1)c3ccc4cc5C(=O)NCCCn5c4c3,7.89
39,CHEMBL3673611,CC1(C)CNC(=O)c2cc3ccc(nc3n2C1)C(=O)Nc4cnn(Cc5ccccc5)c4,7.92
40,CHEMBL1933285,CCn1c(NC(=O)c2ccc3cc4C(=O)NCCCn4c3c2)nc5ccc(Cl)cc15,7.92
41,CHEMBL3673623,C[C@H]1CNC(=O)c2cc3ccc(nc3n12)C(=O)Nc4cnn(Cc5ccccc5)c4,7.92
42,CHEMBL3673636,CCn1c(NC(=O)c2ccc3cc4C(=O)N[C@H](C)[C@H](C)n4c3n2)nc5ccccc15,7.94
43,CHEMBL1933148,Cn1cc(NC(=O)c2ccc3cc4C(=O)NCCCn4c3c2)cn1,7.96
44,CHEMBL3604885,Cc1ccc(cc1)c2nc(N)ncc2c3cc(F)c(O)c(F)c3,8.0
45,CHEMBL6291,Cn1cc(C2=C(C(=O)NC2=O)c3cn(CCCSC(=N)N)c4ccccc34)c5ccccc15,8.0
46,CHEMBL1933277,O=C(Nc1cnn(Cc2ccccn2)c1)c3ccc4cc5C(=O)NCCCn5c4c3,8.0
47,CHEMBL3673607,CC(C)(C)n1cc(NC(=O)c2ccc3cc4C(=O)NCCCn4c3n2)cn1,8.01
48,CHEMBL3673586,O=C(Nc1cnc2ccccc2c1)c3ccc4cc5C(=O)NCCCn5c4n3,8.04
49,CHEMBL1933279,Cn1c(NC(=O)c2ccc3cc4C(=O)NCCCn4c3c2)nc5ccccc15,8.05
50,CHEMBL3604790,COc1ccc(cc1)c2ccncc2c3cc(F)c(O)c(F)c3,8.1
51,CHEMBL3604789,Cc1ccc(cc1)c2ccncc2c3cc(F)c(O)c(F)c3,8.16
52,CHEMBL1933149,O=C(Nc1cnn(CC2CCCCC2)c1)c3ccc4cc5C(=O)NCCCn5c4c3,8.16
53,CHEMBL3673612,Clc1cc(CN2CCOCC2)c3[nH]c(NC(=O)c4ccc5cc6C(=O)NCCCn6c5n4)nc3c1,8.17
54,CHEMBL3673647,C[C@@H]1CNC(=O)c2cc3ccc(nc3n12)C(=O)Nc4cc(C)on4,8.18
55,CHEMBL1933284,CCn1c(NC(=O)c2ccc3cc4C(=O)NCCCn4c3c2)nc5cc(Cl)ccc15,8.22
56,CHEMBL3604881,CN1CCN(CC1)c2ccc(cc2)c3cc(N)ncc3c4cc(F)c(O)c(F)c4,8.22
57,CHEMBL3604884,CN1CCN(CC1)c2ccc(cc2)c3cc(Nc4ccc(C)cc4)ncc3c5cc(F)c(O)c(F)c5,8.22
58,CHEMBL3673630,Clc1ccc2[nH]c(NC(=O)c3ccc4cc5C(=O)NCCCn5c4n3)nc2c1,8.22
59,CHEMBL3604792,Oc1c(F)cc(cc1F)c2cnccc2c3ccc(cc3)N4CCNCC4,8.22
60,CHEMBL3604775,Oc1ccc(cc1)c2cn[nH]c2c3cc(F)c(O)c(F)c3,8.22
61,CHEMBL3673567,CCn1c(NC(=O)c2ccc3nc4C(=O)NCCCn4c3c2)nc5ccccc15,8.26
62,CHEMBL3673645,CC1CCNC(=O)c2cc3ccc(nc3n12)C(=O)Nc4cc(C)on4,8.28
63,CHEMBL3673662,C[C@H]1NC(=O)c2cc3ccc(nc3n2[C@H]1C)C(=O)Nc4cc(Cc5ccccc5)on4,8.29
64,CHEMBL3604793,CN1CCN(CC1)c2ccc(cc2)c3ccncc3c4cc(F)c(O)c(F)c4,8.3
65,CHEMBL3604785,Oc1c(F)cc(cc1F)c2cnccc2c3cccc(c3)c4cn[nH]c4,8.3
66,CHEMBL3673604,Cn1cc(NC(=O)c2ccc3cc4C(=O)NCCCn4c3n2)cn1,8.32
67,CHEMBL3673581,CC(C)n1c(NC(=O)c2ccc3nc4C(=O)NCCC(C)(C)n4c3c2)nc5ccccc15,8.33
68,CHEMBL3673644,O=C(Nc1onc(c1)c2ccccc2)c3ccc4cc5C(=O)NCCCn5c4n3,8.37
69,CHEMBL3604889,CC(C)CCN1[C@H](C)C(=O)N(C)c2cnc(Nc3cc(F)c(O)c(F)c3)nc12,8.4
70,CHEMBL3673629,CC(C)n1ncc2cc(NC(=O)c3ccc4cc5C(=O)NC[C@@H](C)n5c4n3)cnc12,8.4
71,CHEMBL1933287,CCn1c(NC(=O)c2ccc3cc4C(=O)NCCCn4c3c2)nc5cccnc15,8.4
72,CHEMBL3604787,CN1CCN(CC1)c2cccc(c2)c3ccncc3c4cc(F)c(O)c(F)c4,8.4
73,CHEMBL2216829,Cc1ccc(cc1)c2c(\C=C(/C#N)\C(=O)NC(C)(C)C)n(CCCO)c3ncnc(N)c23,8.4
74,CHEMBL3604784,NCCOc1cccc(c1)c2ccncc2c3cc(F)c(O)c(F)c3,8.4
75,CHEMBL1938803,O=C(Nc1nc2ccccc2[nH]1)c3ccc4cc5C(=O)NCCCn5c4c3,8.4
76,CHEMBL3604794,Oc1c(F)cc(cc1F)c2cnccc2c3ccc(cc3)N4CCOCC4,8.4
77,CHEMBL3673661,C[C@@H]1CNC(=O)c2cc3ccc(nc3n12)C(=O)Nc4cc(Cc5ccccc5)on4,8.41
78,CHEMBL3673601,Cc1ccnc(NC(=O)c2ccc3cc4C(=O)NCCCn4c3n2)c1,8.42
79,CHEMBL3673610,O=C(Nc1cnn(Cc2ccccc2)c1)c3ccc4cc5C(=O)NCCCn5c4n3,8.42
80,CHEMBL3673658,O=C(Nc1onc(Cc2ccccc2)c1)c3ccc4cc5C(=O)NCCCn5c4n3,8.44
81,CHEMBL3673657,CC1CCNC(=O)c2cc3ccc(nc3n12)C(=O)Nc4cc(Cc5ccccc5)on4,8.48
82,CHEMBL2086760,CCN1CCC(CC1)Nc2ccc3NC(=O)C(=C(c4ccc(Cl)cc4)c5ncc[nH]5)c3c2,8.52
83,CHEMBL3673627,C[C@@H]1CNC(=O)c2cc3ccc(nc3n12)C(=O)Nc4cnc5ccccc5c4,8.52
84,CHEMBL3673625,C[C@@H]1NC(=O)c2cc3ccc(nc3n2[C@H]1C)C(=O)Nc4cnn(Cc5ccccc5)c4,8.52
85,CHEMBL3673648,C[C@H]1NC(=O)c2cc3ccc(nc3n2[C@H]1C)C(=O)Nc4cc(C)on4,8.59
86,CHEMBL3673595,CC1CCNC(=O)c2cc3ccc(nc3n12)C(=O)Nc4cnc5c(cnn5C6CCOCC6)c4,8.64
87,CHEMBL3673589,NC(=O)c1ccccc1NC(=O)c2ccc3cc4C(=O)NCCCn4c3n2,8.64
88,CHEMBL3673592,CC(C)n1ncc2cc(NC(=O)c3ccc4cc5C(=O)NCCC(C)n5c4n3)cnc12,8.68
89,CHEMBL1933278,O=C(Nc1cnn(Cc2ccncc2)c1)c3ccc4cc5C(=O)NCCCn5c4c3,8.7
90,CHEMBL3673598,CC1CCNC(=O)c2cc3ccc(nc3n12)C(=O)Nc4cnc5c(cnn5CC6CCOC6)c4,8.8
91,CHEMBL3639725,Cn1cc(NC(=O)c2ccc3cc4C(=O)NCCCn4c3n2)nc1C(=O)NC5CCCC5,8.8
92,CHEMBL2347053,[O-][N+](=O)c1ccccc1c2n[nH]cc2\C=C\3/C(=O)Nc4ccccc34,8.8
93,CHEMBL3673606,CC1CCNC(=O)c2cc3ccc(nc3n12)C(=O)Nc4cnn(c4)C(C)(C)C,8.96
94,CHEMBL1933280,CCn1c(NC(=O)c2ccc3cc4C(=O)NCCCn4c3c2)nc5ccccc15,9.0
95,CHEMBL495727,O=C(NC1CC1)Nc2c[nH]nc2c3nc4cc(CN5CCOCC5)ccc4[nH]3,9.0
96,CHEMBL3673603,CC1CCNC(=O)c2cc3ccc(nc3n12)C(=O)Nc4cnn(C)c4,9.11
97,CHEMBL3673609,CC1CCNC(=O)c2cc3ccc(nc3n12)C(=O)Nc4cnn(Cc5ccccc5)c4,9.41
98,CHEMBL3673624,C[C@H]1NC(=O)c2cc3ccc(nc3n2[C@H]1C)C(=O)Nc4cnn(Cc5ccccc5)c4,9.47
99,CHEMBL3673631,CC1CCNC(=O)c2cc3ccc(nc3n12)C(=O)Nc4cnn(Cc5ccncc5)c4,9.57
100,CHEMBL3673622,C[C@@H]1CNC(=O)c2cc3ccc(nc3n12)C(=O)Nc4cnn(Cc5ccccc5)c4,9.7
