,molecule_chembl_id,canonical_smiles,pchembl_value
0,CHEMBL3680427,C[C@@H](Nc1ncnc2c(cccc12)C(=O)N)c3cccc(NC(=O)c4cc(ccc4Cl)C(F)(F)F)c3,7.54
1,CHEMBL3680426,Cc1cc(C)cc(CNc2ncnc3c(cccc23)C(=O)N)c1,7.54
2,CHEMBL3680425,NC(=O)c1cccc2c(NC(CCN3CCCCC3)c4cccc(NC(=O)c5ccc(F)cc5F)c4)ncnc12,7.54
3,CHEMBL3680424,NC(=O)c1cccc2c(NCc3cccc(NC(=O)c4cccc(OCCO)c4)c3)ncnc12,7.54
4,CHEMBL3670481,NC(=O)c1cccc2c(N[C@H](Cn3ccnn3)c4ccccc4)ncnc12,7.54
5,CHEMBL3670500,NC(CNc1ncnc2c(cccc12)C(=O)N)c3ccc(Cl)c(c3)C(F)(F)F,7.54
6,CHEMBL3680420,CC(C)c1cc([nH]n1)C(=O)Nc2cccc(c2)C(C)Nc3ncnc4c(cccc34)C(=O)N,7.55
7,CHEMBL3680421,CCn1nc(cc1C(=O)Nc2cccc(c2)C(C)Nc3ncnc4c(cccc34)C(=O)N)C(F)(F)F,7.55
8,CHEMBL3680422,CNCC(Nc1ncnc2c(cc(OCc3ccccc3)cc12)C(=O)N)c4ccccc4,7.55
9,CHEMBL3680423,NC(=O)c1cccc2c(N[C@H](CNC3CC3)c4ccccc4)ncnc12,7.55
10,CHEMBL3680418,CN(C)CCC(Nc1ncnc2c(cccc12)C(=O)N)C3=CCCC(=C3)NC(=O)c4c(F)cccc4F,7.57
11,CHEMBL3680419,NC(=O)c1cccc2c(NC(CCN3CCCCC3)c4cccc(NC(=O)c5c(F)cccc5F)c4)ncnc12,7.57
12,CHEMBL3675353,NC(=O)c1cccc2c(NCc3ccc4OCOc4c3)ncnc12,7.57
13,CHEMBL3680417,NC(=O)c1cccc2c(NCc3cccc(NC(=O)c4ccc5OCCc5c4)c3)ncnc12,7.57
14,CHEMBL3680414,CC(C)NC[C@@H](Nc1ncnc2c(cccc12)C(=O)N)c3ccccc3,7.59
15,CHEMBL3680413,CN(C)CCOc1cccc(c1)C(=O)Nc2cccc(CNc3ncnc4c(cccc34)C(=O)N)c2,7.59
16,CHEMBL3680412,CN(C)Cc1cccc(c1)C(=O)Nc2cccc(CNc3ncnc4c(cccc34)C(=O)N)c2,7.59
17,CHEMBL3680411,COCCN(C)c1cc(ccn1)C(=O)Nc2cccc(CNc3ncnc4c(cccc34)C(=O)N)c2,7.59
18,CHEMBL3680416,COc1ncc(cn1)C(=O)Nc2cccc(c2)[C@@H](C)Nc3ncnc4c(cccc34)C(=O)N,7.59
19,CHEMBL3680415,Cc1cc(F)cc(CNc2ncnc3c(cccc23)C(=O)N)c1,7.59
20,CHEMBL3680409,NC(=O)c1cccc2c(NC3CNCC(C3)c4ccccc4)ncnc12,7.59
21,CHEMBL3680410,NC(=O)c1cccc2c(NCc3cccc(NC(=O)c4cccc(OCCCO)c4)c3)ncnc12,7.59
22,CHEMBL1078427,Nc1nonc1c2nc3ccccc3n2c4ccccc4C#N,7.59
23,CHEMBL2016892,CCC(=O)c1cc(NCCN2CCCC2)c(C)c(c1)N3CCN(CC3)c4ncnc5[nH]nc(Br)c45,7.6
24,CHEMBL3680407,CN(C)CCC(Nc1ncnc2c(cccc12)C(=O)N)c3cccc(c3)[N+](=O)[O-],7.6
25,CHEMBL3680406,COCCC(Nc1ncnc2c(cccc12)C(=O)N)C3=CCCC(=C3)NC(=O)c4ccccc4F,7.6
26,CHEMBL3680408,C[C@@H](Nc1ncnc2c(cccc12)C(=O)N)c3cccc(NC(=O)c4cncc(c4)C(F)(F)F)c3,7.6
27,CHEMBL3670493,NC(=O)c1cccc2c(NCc3cccc(NC(=O)c4ccnc(Cl)c4)c3)ncnc12,7.6
28,CHEMBL3675363,NC(=O)c1cccc2c(NCc3cccc(O)c3)ncnc12,7.61
29,CHEMBL3675328,COCCCOc1cc(C(=O)N)c2ncnc(NCc3ccc(cc3)C(F)(F)F)c2c1,7.62
30,CHEMBL3680402,COc1ccc(cc1F)C(=O)Nc2cc(ccc2F)[C@@H](C)Nc3nccc4c(cccc34)C(=O)N,7.62
31,CHEMBL3680405,NC(=O)c1cccc2c(NCC3=CC(=CCC3)Cl)ncnc12,7.62
32,CHEMBL3680403,NC(=O)c1cccc2c(NCc3cccc(NC(=O)c4ccc(Cl)c(Cl)c4)c3)ncnc12,7.62
33,CHEMBL3680404,NC(=O)c1cccc2c(NCc3cccc(NC(=O)c4ccnc(c4)N5CCOCC5)c3)ncnc12,7.62
34,CHEMBL3675354,COc1cccc(CNc2ncnc3c(cccc23)C(=O)N)c1,7.63
35,CHEMBL3753341,CC(C)n1nc(c2cc(on2)C3CC3)c4c(N)ncnc14,7.64
36,CHEMBL3680399,CC(Nc1ncnc2c(cccc12)C(=O)N)c3cccc(NC(=O)c4cnc(C)cn4)c3,7.64
37,CHEMBL3680400,CNCC(Nc1ncnc2c(cc(OCCN(C)C)cc12)C(=O)N)c3cccc(F)c3,7.64
38,CHEMBL3639792,COCCC(Nc1ncnc2c(cccc12)C(=O)N)c3cccc(NC(=O)c4ccccc4)c3,7.64
39,CHEMBL3680401,COc1ccc(C(=O)Nc2cccc(c2)[C@@H](C)Nc3ncnc4c(cccc34)C(=O)N)c(Cl)n1,7.64
40,CHEMBL3670499,NC(=O)c1cc(O)cc2c(NCc3ccc(cc3)C(F)(F)F)ncnc12,7.64
41,CHEMBL1079040,CC(C)Cn1c(nc2ccccc12)c3nonc3N,7.66
42,CHEMBL3680394,CCC(Nc1ncnc2c(cccc12)C(=O)N)c3cccc(NC(=O)c4ccc(OC(F)(F)F)cc4)c3,7.66
43,CHEMBL3680397,CCN(C)CC(Nc1ncnc2c(cccc12)C(=O)N)c3ccccc3,7.66
44,CHEMBL3680395,CN(C)CCC(Nc1ncnc2c(cccc12)C(=O)N)c3cccc(NC(=O)c4ccc(OC(F)(F)F)cc4)c3,7.66
45,CHEMBL3680398,CNCC(Nc1ncnc2c(cc(cc12)c3ccsc3)C(=O)N)c4ccccc4,7.66
46,CHEMBL3680396,NC(=O)c1cccc2c(NC(CCO)C3=CCCC(=C3)NC(=O)c4ccccc4)ncnc12,7.66
47,CHEMBL3680388,CC(Nc1ncnc2c(cccc12)C(=O)N)c3cccc(NC(=O)c4ccccc4)c3,7.68
48,CHEMBL3680389,CC(Nc1ncnc2c(cccc12)C(=O)N)c3cccc(NC(=O)c4ccoc4C)c3,7.68
49,CHEMBL3680393,CN(C)CCC(Nc1ncnc2c(cccc12)C(=O)N)C3=CCCC(=C3)NC(=O)c4ccccc4F,7.68
50,CHEMBL3675540,CN(CCC(Nc1ncnc2c(cccc12)C(=O)N)c3cccc(NC(=O)c4ccccc4)c3)CC=C,7.68
51,CHEMBL3680387,CN(CCO)c1ccc(cn1)C(=O)Nc2cccc(CNc3ncnc4c(cccc34)C(=O)N)c2,7.68
52,CHEMBL1095621,COc1cc2ncc3c(N)nc(cc3c2cc1OC)c4cncc(OC[C@@H](N)Cc5ccc(F)cc5)c4,7.68
53,CHEMBL3680391,COc1ccc(C(=O)NC2=CC(=CCC2)C(CCN(C)C)Nc3ncnc4c(cccc34)C(=O)N)c(F)c1,7.68
54,CHEMBL3680390,NC(=O)C1=C2N=CN=C(NC(CCN3CCCC3)c4cccc(NC(=O)c5ccc(Br)cc5)c4)C2=CCC1,7.68
55,CHEMBL3680392,NC(=O)c1cccc2c(NCc3cccc(NC(=O)c4ccnc(c4)N5CCCC5)c3)ncnc12,7.68
56,CHEMBL3675344,NC(=O)c1cccc2c(NCc3cccc(c3)C(F)(F)F)ncnc12,7.68
57,CHEMBL3675538,COCCC(Nc1ncnc2c(cccc12)C(=O)N)c3cccc(NC(=O)c4ccc(F)c(F)c4)c3,7.7
58,CHEMBL3670467,COc1ccc(cc1)C(=O)Nc2cccc(CNc3ncnc4c(cccc34)C(=O)N)c2,7.7
59,CHEMBL3675539,C[C@@H](Nc1ncnc2c(cccc12)C(=O)N)c3cccc(NC(=O)c4ccc(nc4C)C(F)(F)F)c3,7.7
60,CHEMBL3675537,C[C@@H](Nc1ncnc2c(cccc12)C(=O)N)c3cccc(Nc4cc(ccn4)C#N)c3,7.7
61,CHEMBL3675534,CCCC[C@H](C)Nc1ncnc2c(cccc12)C(=O)N,7.72
62,CHEMBL3675532,CNc1cc(ccn1)C(=O)Nc2cccc(CNc3ncnc4c(cccc34)C(=O)N)c2,7.72
63,CHEMBL3675536,COCCNC[C@@H](Nc1ncnc2c(cccc12)C(=O)N)c3ccccc3,7.72
64,CHEMBL1097972,COc1cc2ncc3c(N)nc(cc3c2cc1OC)c4cncc(OC[C@@H](N)Cc5ccc(Cl)c(Cl)c5)c4,7.72
65,CHEMBL3675535,COc1ccc(cc1C)C(=O)Nc2cccc(c2)[C@@H](C)NC3=NC=NC4=C(CCC=C34)C(=O)N,7.72
66,CHEMBL1079135,Cc1ccc2c(c1)nc(c3nonc3N)n2C4CCC4,7.72
67,CHEMBL3675533,NC(=O)c1cccc2c(NCc3cccc(NC(=O)c4cncc(c4)N5CCOCC5)c3)ncnc12,7.72
68,CHEMBL3675526,CC(C)N(C)C[C@@H](Nc1ncnc2c(cccc12)C(=O)N)c3ccccc3,7.75
69,CHEMBL3675529,CCC(Nc1ncnc2c(cccc12)C(=O)N)c3cc(F)cc(F)c3,7.75
70,CHEMBL3675527,COCCOc1cc(C(=O)N)c2ncnc(NC(CN(C)C)c3cccc(F)c3)c2c1,7.75
71,CHEMBL3675528,COc1cc(C(=O)N)c2ncnc(NC(CN(C)C)c3ccc(F)cc3)c2c1,7.75
72,CHEMBL3675531,COc1ccc(C(=O)Nc2cccc(c2)[C@@H](C)Nc3ncnc4c(cccc34)C(=O)N)c(F)c1,7.75
73,CHEMBL3675530,C[C@@H](Nc1ncnc2c(cccc12)C(=O)N)c3cccc(NC(=O)c4cc(n[nH]4)C(F)(F)F)c3,7.75
74,CHEMBL3675524,COc1ccc(cc1)C(=O)Nc2cccc(c2)C(CCO)Nc3ncnc4c(cccc34)C(=O)N,7.77
75,CHEMBL2016888,Cc1c(NCCN2CCCC2)cc(COCC(F)(F)F)cc1N3CCN(CC3)c4ncnc5[nH]nc(Br)c45,7.77
76,CHEMBL3675525,NC(=O)c1cccc2c(NCc3cccc(NC(O)c4cc(ccc4F)C(F)(F)F)c3)ncnc12,7.77
77,CHEMBL3675520,CC(Nc1ncnc2c(cccc12)C(=O)N)c3cccc(NC(=O)c4ccc5OCCOc5c4)c3,7.8
78,CHEMBL3675522,CN(C)CC(Nc1ncnc2c(cc(O)cc12)C(=O)N)c3cccc(F)c3,7.8
79,CHEMBL3675521,CN(CC(Nc1ncnc2c(cccc12)C(=O)N)c3cccc(NC(=O)c4c(F)cccc4F)c3)C(=O)OC(C)(C)C,7.8
80,CHEMBL3675519,COCC(Nc1ncnc2c(cccc12)C(=O)N)c3cccc(NC(=O)c4ccc(OC)cc4)c3,7.8
81,CHEMBL3675516,COc1ccc(cc1)C(=O)Nc2cccc(c2)C(CCN(C)CC=C)Nc3ncnc4c(cccc34)C(=O)N,7.8
82,CHEMBL3675517,C[C@@H](Nc1ncnc2c(cccc12)C(=O)N)c3cccc(NC(=O)c4ccc(C)c(Cl)c4)c3,7.8
83,CHEMBL3675518,NC(=O)c1cccc2c(NC(CCN3CCC3)c4cccc(NC(=O)c5ccc(Br)cc5)c4)ncnc12,7.8
84,CHEMBL3675523,NC(=O)c1cncnc(cccc1)N[C@H](CNCCS)c2ccccc2,7.8
85,CHEMBL1080970,Nc1nonc1c2nc3cc(CO)ccc3n2C4CCC4,7.8
86,CHEMBL3675512,CC(Nc1ncnc2c(cccc12)C(=O)N)c3cccc(NC(=O)c4cccc(F)c4)c3,7.82
87,CHEMBL3675514,CN(C)CC(Nc1ncnc2c(cc(O)cc12)C(=O)N)c3cccc(Cl)c3,7.82
88,CHEMBL3675513,CN(C)CC(Nc1ncnc2c(cc(OC3CCC3)cc12)C(=O)N)c4cccc(F)c4,7.82
89,CHEMBL3670413,CNCC(Nc1ncnc2c(cccc12)C(=O)N)c3ccccc3,7.82
90,CHEMBL3675511,COCCC(Nc1ncnc2c(cccc12)C(=O)N)C3=CCCC(=C3)NC(=O)c4cc(F)ccc4F,7.82
91,CHEMBL3675508,COCCC(Nc1ncnc2c(cccc12)C(=O)N)c3cccc(NC(=O)c4ccc(Br)cc4)c3,7.82
92,CHEMBL3675509,C[C@@H](Nc1ncnc2c(cccc12)C(=O)N)c3cccc(NC(=O)c4ccc(nc4)C(F)(F)F)c3,7.82
93,CHEMBL3675515,C[C@@H](Nc1ncnc2c(cccc12)C(=O)N)c3cccc(NC(=O)c4ccc5OCCOc5c4)c3,7.82
94,CHEMBL6291,Cn1cc(C2=C(C(=O)NC2=O)c3cn(CCCSC(=N)N)c4ccccc34)c5ccccc15,7.82
95,CHEMBL3675510,NC(=O)c1cccc2c(NCc3cccc(NC(=O)C4=CC(F)C(Cl)C=C4)c3)ncnc12,7.82
96,CHEMBL3670497,CN(C)c1ccc(cn1)C(=O)Nc2cccc(CNc3ncnc4c(cccc34)C(=O)N)c2,7.83
97,CHEMBL3670473,NC(=O)c1cccc2c(NCc3cccc(NC(=O)c4ccc(F)c(F)c4)c3)ncnc12,7.84
98,CHEMBL3675507,CN(C)CC(Nc1ncnc2c(cccc12)C(=O)N)c3cccc(N)c3,7.85
99,CHEMBL2016887,Cc1c(NCCN2CCCC2)cc(cc1N3CCN(CC3)c4ncnc5[nH]nc(Br)c45)C(=O)Nc6ccccc6,7.85
100,CHEMBL3675506,NC(=O)c1cccc2c(NCc3ccc(F)c(NC(=O)c4ccc(Br)cc4)c3)ncnc12,7.85
101,CHEMBL3675378,NC(=O)c1cccc2c(NCc3ccc4occc4c3)ncnc12,7.85
102,CHEMBL3675368,NC(=O)c1cccc2c(NCc3cccc(NC(=O)c4ccc(F)cc4)c3)ncnc12,7.85
103,CHEMBL3685330,NC[C@@H](Nc1ccnc2c(cccc12)C(=O)N)c3ccccc3,7.85
104,CHEMBL3670429,CS(=O)(=O)c1ccc(CNc2ncnc3c(cccc23)C(=O)N)cc1,7.86
105,CHEMBL3675377,NC(=O)c1cccc2c(NCc3ccc4OCCc4c3)ncnc12,7.88
106,CHEMBL3675504,CN(C)CCC(Nc1ncnc2c(cccc12)C(=O)N)C3=CCCC(=C3)NC(=O)c4cccc(F)c4F,7.89
107,CHEMBL3675503,CN1CCN(CC1)c2ccc(cn2)C(=O)Nc3cccc(CNc4ncnc5c(cccc45)C(=O)N)c3,7.89
108,CHEMBL2016890,Cc1noc(n1)c2cc(NCCN3CCCC3)c(C)c(c2)N4CCN(CC4)c5ncnc6[nH]nc(Br)c56,7.89
109,CHEMBL3675505,NC(=O)c1cccc2c(NC(CCN3CCCC3)c4cccc(NC(=O)c5ccc(F)cc5F)c4)ncnc12,7.89
110,CHEMBL1079295,Nc1nonc1c2nc3ccccc3n2C4CCCC4,7.89
111,CHEMBL3675500,CC(Nc1ncnc2c(cccc12)C(=O)N)c3cccc(NC(=O)c4cc(n[nH]4)C(F)F)c3,7.92
112,CHEMBL3675501,CC(Nc1ncnc2c(cccc12)C(=O)N)c3cccc(NC(=O)c4ccc(C)nc4)c3,7.92
113,CHEMBL3639693,CN(C)c1cc(ccn1)C(=O)Nc2cccc(CNc3ncnc4c(cccc34)C(=O)N)c2,7.92
114,CHEMBL3675502,COc1ccc(COc2cc(C(=O)N)c3ncnc(NC(CN(C)C)c4cccc(F)c4)c3c2)cc1,7.92
115,CHEMBL1078929,Nc1nonc1c2nc3ccccc3n2C4CCCCC4,7.92
116,CHEMBL1078930,Nc1nonc1c2nc3ccccc3n2CC4CC4,7.92
117,CHEMBL3670479,CCOc1cc(C(=O)N)c2ncnc(NCc3cccc(NC(=O)c4ccc(F)cc4)c3)c2c1,7.93
118,CHEMBL3670470,CN(C)c1ccc(cc1)C(=O)Nc2cccc(CNc3ncnc4c(cccc34)C(=O)N)c2,7.93
119,CHEMBL3670485,NC(=O)c1cccc2c(NCc3cccc(NC(=O)c4ccc(Cl)nc4)c3)ncnc12,7.94
120,CHEMBL3670419,NC(=O)c1cccc2c(NCc3cccc(Br)c3)ncnc12,7.95
121,CHEMBL2023845,CN(C)C1C=CC2=C(c3ccc(cc3OC2=C1)N(C)C)c4ccc(cc4C(=O)N[C@H](CCCCN)C(=O)NC(=N)NCCC[C@@H](NC(=O)[C@@H](CCCNC(=N)N)NC(=O)[C@@H](CCCNC(=N)N)NC(=O)[C@@H](CCCNC(=N)N)NC(=O)[C@@H](CCCNC(=N)N)NC(=O)[C@@H](CCCNC(=N)N)NC(=O)CCCCCNCCNS(=O)(=O)c5cccc6cnccc56)C(=O)N)C(=O)O,7.96
122,CHEMBL3675497,CNCC(Nc1ncnc2c(cc(O)cc12)C(=O)N)c3ccccc3,7.96
123,CHEMBL3675498,C[C@@H](Nc1ncnc2c(cccc12)C(=O)N)c3cccc(NC(=O)c4cc(F)ccc4F)c3,7.96
124,CHEMBL3675499,C[C@@H](Nc1ncnc2c(cccc12)C(=O)N)c3cccc(NC(=O)c4cnc(C)s4)c3,7.96
125,CHEMBL3675493,CC(Nc1ncnc2c(cccc12)C(=O)N)c3cccc(NC(=O)C4=CCC(Cl)N=C4)c3,8.0
126,CHEMBL3675491,CC(Nc1ncnc2c(cccc12)C(=O)N)c3cccc(NC(=O)c4ccc(Cl)c(F)c4)c3,8.0
127,CHEMBL3675494,CCC(Nc1ncnc2c(cccc12)C(=O)N)c3cccc(F)c3,8.0
128,CHEMBL3675492,COCCC(Nc1ncnc2c(cccc12)C(=O)N)c3cccc(NC(=O)c4cccc(F)c4F)c3,8.0
129,CHEMBL3675495,C[C@@H](Nc1ncnc2c(cccc12)C(=O)N)c3cccc(NC(=O)c4cccc(F)c4F)c3,8.0
130,CHEMBL3675496,NC[C@H](Cc1ccccc1)Nc2ncnc3c(cccc23)C(=O)N,8.0
131,CHEMBL3670471,NC(=O)c1cccc2c(NCc3cccc(NC(=O)c4ccc5OCOc5c4)c3)ncnc12,8.01
132,CHEMBL3675489,CCNC[C@@H](Nc1ncnc2c(cc(OC)cc12)C(=O)N)c3cccc(F)c3,8.02
133,CHEMBL3675490,C[C@@H](Nc1ncnc2c(cccc12)C(=O)N)c3cccc(NC(=O)c4sc(C)nc4C)c3,8.02
134,CHEMBL3675486,CC(Nc1ncnc2c(cccc12)C(=O)N)c3cccc(NC(=O)c4ccc(C#N)c(F)c4)c3,8.03
135,CHEMBL3675487,CCC(Nc1ncnc2c(cccc12)C(=O)N)c3cccc(NC(=O)c4ccc(nc4)C(F)(F)F)c3,8.03
136,CHEMBL3675488,CN(CC(Nc1ncnc2c(cccc12)C(=O)N)c3cccc(NC(=O)c4ccc(F)c(F)c4)c3)C(=O)OC(C)(C)C,8.03
137,CHEMBL3675485,CNCCC(Nc1ncnc2c(cccc12)C(=O)N)c3cccc(c3)[N+](=O)[O-],8.03
138,CHEMBL3675483,CC(Nc1ncnc2c(cccc12)C(=O)N)c3cccc(NC(=O)c4ccc(nc4)C(F)(F)F)c3,8.04
139,CHEMBL3675484,COc1ccc(cn1)C(=O)Nc2cccc(c2)C(C)Nc3ncnc4c(cccc34)C(=O)N,8.04
140,CHEMBL1254209,COc1ccccc1N2CCN(CC2)c3ncnc4[nH]nc(Br)c34,8.04
141,CHEMBL3675479,CN(C)CC(Nc1ncnc2c(cccc12)C(=O)N)c3ccc(F)cc3,8.05
142,CHEMBL3675480,COCCC(Nc1ncnc2c(cccc12)C(=O)N)c3cccc(NC(=O)c4ccc(cc4)C(F)(F)F)c3,8.05
143,CHEMBL3675481,COc1ccc(C(=O)Nc2cccc(c2)C(CN(C)C(=O)OC(C)(C)C)Nc3ncnc4c(cccc34)C(=O)N)c(F)c1,8.05
144,CHEMBL3670468,NC(=O)c1cccc2c(NCc3cccc(NC(=O)c4ccc(Br)cc4)c3)ncnc12,8.05
145,CHEMBL3675482,NCC(Cc1ccccc1)Nc2ncnc3c(cccc23)C(=O)N,8.05
146,CHEMBL3675478,NCC[C@@H](Nc1ncnc2c(cccc12)C(=O)N)c3ccccc3,8.06
147,CHEMBL3675477,COc1cc(F)c(C(=O)Nc2cccc(c2)[C@@H](C)Nc3ncnc4c(cccc34)C(=O)N)c(F)c1,8.07
148,CHEMBL3675474,CC(Nc1ncnc2c(cccc12)C(=O)N)c3cccc(NC(=O)c4ccc(Br)c(F)c4)c3,8.09
149,CHEMBL3675475,COCC(Nc1ncnc2c(cccc12)C(=O)N)c3cccc(NC(=O)c4ccccc4)c3,8.09
150,CHEMBL3675476,C[C@@H](Nc1ncnc2c(cccc12)C(=O)N)c3cccc(NC(=O)c4c(F)cccc4F)c3,8.09
151,CHEMBL3675473,CCNC[C@@H](Nc1ncnc2c(cccc12)C(=O)N)c3ccccc3,8.13
152,CHEMBL3675471,CCOc1cc(C(=O)N)c2ncnc(NC(CN(C)C)c3cccc(F)c3)c2c1,8.14
153,CHEMBL3675472,COc1cc(cnc1OC)C(=O)Nc2cccc(c2)[C@@H](C)Nc3ncnc4c(cccc34)C(=O)N,8.14
154,CHEMBL3675470,C[C@@H](Nc1ncnc2c(cccc12)C(=O)N)c3cccc(NC(=O)c4ccc(Cl)c(C)c4)c3,8.15
155,CHEMBL2023841,CC1(C)C2=C3C=C4C(CC[N+]5=C4C(C)(C)c6cc(ccc56)S(=C)(=O)O)OC3CCN2c7ccc(CC(=O)NCCCC[C@@H](NC(=O)[C@@H](CCCNC(=N)N)NC(=O)[C@@H](CCCNC(=N)N)NC(=O)[C@@H](CCCNC(=N)N)NC(=O)[C@@H](CCCNC(=N)N)NC(=O)[C@@H](CCCNC(=N)N)NC(=O)[C@@H](CCCNC(=N)N)NC(=O)CCCCCNC(=O)[C@@H](CCCNC(=N)N)NC(=O)CCCCCCCNCCNS(=O)(=O)c8cccc9cnccc89)C(=O)N)cc17,8.16
156,CHEMBL3675469,COCCC(Nc1ncnc2c(cccc12)C(=O)N)c3cccc(NC(=O)c4c(F)cccc4F)c3,8.16
157,CHEMBL593490,Cc1[nH]nc2ccc(cc12)c3cc(OC[C@@H](N)Cc4c[nH]c5ccccc45)cnc3c6cocc6,8.16
158,CHEMBL3675468,COc1cccc(c1)C(CN(C)C)Nc2ncnc3c(cccc23)C(=O)N,8.17
159,CHEMBL3675466,CC(Nc1ncnc2c(cccc12)C(=O)N)c3cccc(NC(=O)C4=CCC(Br)C=C4)c3,8.18
160,CHEMBL3675465,CC(Nc1ncnc2c(cccc12)C(=O)N)c3cccc(NC(=O)c4cc(n[nH]4)C(C)(C)C)c3,8.18
161,CHEMBL3675467,CN(CC(Nc1ncnc2c(cccc12)C(=O)N)c3cccc(NC(=O)c4ccccc4)c3)C(=O)OC(C)(C)C,8.18
162,CHEMBL3670415,NC(=O)c1cccc2c(NCc3ccc(Br)cc3)ncnc12,8.18
163,CHEMBL3675464,C[C@@H](Nc1ncnc2c(cccc12)C(=O)N)c3cccc(NC(=O)c4ccc5OCOc5c4)c3,8.19
164,CHEMBL2023714,NC(=N)NCCC[C@@H](NC(=O)[C@@H](CCCNC(=N)N)NC(=O)[C@@H](CCCNC(=N)N)NC(=O)[C@@H](CCCNC(=N)N)NC(=O)[C@@H](CCCNC(=N)N)NC(=O)[C@@H](CCCNC(=N)N)NC(=O)CCCCCNCCNS(=O)(=O)c1cccc2cnccc12)C(=O)N,8.19
165,CHEMBL3675463,COc1cc(ccn1)C(=O)Nc2cccc(c2)[C@@H](C)Nc3ncnc4c(cccc34)C(=O)N,8.2
166,CHEMBL3675462,C[C@@H](Nc1ncnc2c(cccc12)C(=O)N)c3cccc(NC(=O)c4cc(n[nH]4)C(C)(C)C)c3,8.2
167,CHEMBL3675461,COc1ncc(cc1Cl)C(=O)Nc2cccc(c2)[C@@H](C)Nc3ncnc4c(cccc34)C(=O)N,8.23
168,CHEMBL3675329,COc1ccccc1C(CN)Nc2ncnc3c(cccc23)C(=O)N,8.24
169,CHEMBL3675460,C[C@@H](Nc1ncnc2c(cccc12)C(=O)N)c3cccc(NC(=O)c4ccc(nc4)C#N)c3,8.28
170,CHEMBL3675459,CN(C)CCC(Nc1ncnc2c(cccc12)C(=O)N)c3cccc(NC(=O)c4ccc(Br)cc4)c3,8.29
171,CHEMBL3675458,CN(CCO)c1cc(ccn1)C(=O)Nc2cccc(CNc3ncnc4c(cccc34)C(=O)N)c2,8.3
172,CHEMBL3675457,C[C@@H](Nc1ncnc2c(cccc12)C(=O)N)c3cccc(NC(=O)c4cc(ccc4F)C(F)(F)F)c3,8.3
173,CHEMBL3675456,CNCC(Nc1ncnc2c(cc(OCc3ccccc3)cc12)C(=O)N)c4cccc(Cl)c4,8.31
174,CHEMBL3675455,C[C@@H](Nc1ncnc2c(cccc12)C(=O)N)c3cccc(NC(=O)c4ccc(C)c(C)c4)c3,8.32
175,CHEMBL3675454,CN(C)CC(Nc1ncnc2c(cc(OCC3CC3)cc12)C(=O)N)c4cccc(F)c4,8.34
176,CHEMBL3670486,COc1cc(C(=O)N)c2ncnc(NCc3ccc(cc3)C(F)(F)F)c2c1,8.34
177,CHEMBL3675453,NC(=O)c1cccc2c(NCc3cccc(NC(=O)c4cncc(c4)N5CCCC5)c3)ncnc12,8.35
178,CHEMBL3675451,CN(C)CC(Nc1ncnc2c(cccc12)C(=O)N)c3cccc(c3)[N+](=O)[O-],8.36
179,CHEMBL3675450,COCCC(Nc1ncnc2c(cccc12)C(=O)N)C3=CCCC(=C3)NC(=O)c4ccc(F)cc4F,8.36
180,CHEMBL3675452,NC(=O)c1cccc2c(NCCc3c[nH]c4ccccc34)ncnc12,8.36
181,CHEMBL3675449,CN(C)CCC(Nc1ncnc2c(cccc12)C(=O)N)c3cccc(NC(=O)c4ccc(cc4)C(F)(F)F)c3,8.39
182,CHEMBL3639743,C[C@@H](Nc1ncnc2c(cccc12)C(=O)N)c3cccc(NC(=O)c4ccc(C)nc4)c3,8.39
183,CHEMBL3675447,CCC(Nc1ncnc2c(cccc12)C(=O)N)c3cccc(NC(=O)c4ccc(OC)nc4)c3,8.4
184,CHEMBL3675448,CNCC(NC1=NC=NC2=C(CCC=C12)C(=O)N)c3cccc(NC(=O)c4ccc(cc4)C(F)(F)F)c3,8.4
185,CHEMBL3675446,NC(=O)c1cccc2c(NCc3cccc(NC(=O)c4ccc(Cl)cc4Cl)c3)ncnc12,8.4
186,CHEMBL1079294,Nc1nonc1c2nc3ccccc3n2C4CCC4,8.4
187,CHEMBL3675445,CN(C)CCC(Nc1ncnc2c(cccc12)C(=O)N)c3cccc(NC(=O)c4ccc(F)cc4F)c3,8.41
188,CHEMBL3675443,CC(Nc1ncnc2c(cccc12)C(=O)N)c3cccc(NC(=O)C4=CCC(C)C(=C4)F)c3,8.43
189,CHEMBL3675444,CC(Nc1ncnc2c(cccc12)C(=O)N)c3cccc(NC(=O)c4ccc(F)c(O)c4)c3,8.43
190,CHEMBL3675442,CN(C)C[C@@H](Nc1ncnc2c(cccc12)C(=O)N)c3ccccc3,8.46
191,CHEMBL3675441,NC(=O)c1cccc2c(NCc3cccc(NC(=O)c4ccc(F)cc4F)c3)ncnc12,8.46
192,CHEMBL3675439,CC(C)c1cc([nH]n1)C(=O)Nc2cccc(c2)[C@@H](C)Nc3ncnc4c(cccc34)C(=O)N,8.47
193,CHEMBL3675440,CN(CC(Nc1ncnc2c(cccc12)C(=O)N)c3cccc(c3)[N+](=O)[O-])C(=O)OC(C)(C)C,8.47
194,CHEMBL3670411,COc1cccc(c1)C(CN)Nc2ncnc3c(cccc23)C(=O)N,8.47
195,CHEMBL3675438,CC(Nc1ncnc2c(cccc12)C(=O)N)c3cccc(NC(=O)c4ccc5OCOc5c4)c3,8.48
196,CHEMBL3675437,COc1ccc(cn1)C(=O)Nc2cccc(c2)[C@@H](C)Nc3ncnc4c(cccc34)C(=O)N,8.48
197,CHEMBL3675436,CN(CCC(Nc1ncnc2c(cccc12)C(=O)N)c3cccc(NC(=O)c4ccc(Br)cc4)c3)CC=C,8.5
198,CHEMBL3670460,COc1cc(C(=O)N)c2ncnc(NCc3cccc(c3)C(F)(F)F)c2c1,8.51
199,CHEMBL3670414,NC(=O)c1cccc2c(N[C@H](CC#N)c3ccccc3)ncnc12,8.51
200,CHEMBL2012699,CCc1n[nH]c2ncnc(N3CCN(CC3)c4cc(Cl)cc(NCCN5CCCC5)c4C)c12,8.52
201,CHEMBL3675435,CCNC[C@@H](NC1=NC=NC2=C(CCC=C12)C(=O)N)c3cccc(F)c3,8.54
202,CHEMBL3675433,CCNC[C@@H](Nc1ncnc2c(cc(OC)cc12)C(=O)N)c3ccccc3,8.55
203,CHEMBL3675434,COc1cc(C(=O)N)c2ncnc(N[C@H](CN(C)C)c3cccc(F)c3)c2c1,8.55
204,CHEMBL3670494,COc1cc(C(=O)N)c2ncnc(NCc3ccc(Cl)c(Cl)c3)c2c1,8.57
205,CHEMBL3675432,C[C@@H](Nc1ncnc2c(cccc12)C(=O)N)c3cccc(NC(=O)c4ccc(cc4F)C(F)(F)F)c3,8.57
206,CHEMBL3675431,COc1ccc(cc1F)C(=O)Nc2cccc(c2)C(CN(C)C)NC3=NC=NC4=C(CCC=C34)C(=O)N,8.59
207,CHEMBL3675355,NC(=O)c1cccc2c(NCc3ccc(cc3)C(F)(F)F)ncnc12,8.6
208,CHEMBL3675430,CCN(CC)C1CCN(C1)c2cc(ccn2)C(=O)Nc3cccc(c3)C(CN(C)C)Nc4ncnc5c(cccc45)C(=O)N,8.62
209,CHEMBL3675429,CNC[C@@H](Nc1ncnc2c(cc(OC)cc12)C(=O)N)c3ccccc3,8.66
210,CHEMBL3675428,CC1CCCN1c2cc(ccn2)C(=O)Nc3cccc(c3)C(CN(C)C)Nc4ncnc5c(cccc45)C(=O)N,8.68
211,CHEMBL3675427,CNCC(Nc1ncnc2c(cccc12)C(=O)N)c3cccc(NC(=O)c4ccc(OC)cc4F)c3,8.68
212,CHEMBL2016885,CCOc1cc(NCCN2CCCC2)c(C)c(c1)N3CCN(CC3)c4ncnc5[nH]nc(Br)c45,8.7
213,CHEMBL2012701,CCc1n[nH]c2ncnc(N3CCN(CC3)c4cc(Cl)cc(NCCN(C)C)c4C)c12,8.7
214,CHEMBL2012702,CN(C)CCNc1cc(Cl)cc(N2CCN(CC2)c3ncnc4[nH]nc(Br)c34)c1C,8.7
215,CHEMBL2016891,COC(=O)c1cc(NCCN2CCCC2)c(C)c(c1)N3CCN(CC3)c4ncnc5[nH]nc(Br)c45,8.7
216,CHEMBL2016889,Cc1c(NCCN2CCCC2)cc(CCC(C)(C)C)cc1N3CCN(CC3)c4ncnc5[nH]nc(Br)c45,8.7
217,CHEMBL2016771,Cc1c(NCCN2CCCC2)cc(Cl)cc1N3CCN(CC3)c4ncnc5[nH]nc(Br)c45,8.7
218,CHEMBL2016893,Cc1c(NCCN2CCCC2)cc(cc1N3CCN(CC3)c4ncnc5[nH]nc(Br)c45)C(=O)CCC(F)(F)F,8.7
219,CHEMBL3670482,COc1cc(C(=O)N)c2ncnc(NCc3ccc(Cl)c(c3)C(F)(F)F)c2c1,8.75
220,CHEMBL3670476,COc1cc(C(=O)N)c2ncnc(NCc3cccc(NC(=O)c4ccc(F)cc4)c3)c2c1,8.77
221,CHEMBL3675339,NC(=O)c1cccc2c(NCc3ccc(Cl)c(Cl)c3)ncnc12,8.8
222,CHEMBL3670412,NCC(Nc1ncnc2c(cccc12)C(=O)N)c3cccc(NC(=O)c4ccc(F)cc4)c3,8.82
223,CHEMBL3675425,CNCC(Nc1ncncc(cccc1)C(=O)N)c2cccc(NC(=O)c3ccc(OC(F)(F)F)cc3)c2,8.85
224,CHEMBL3675426,COc1cc(C(=O)N)c2ncnc(NC(CN(C)C)c3ccc(Cl)cc3)c2c1,8.85
225,CHEMBL3675423,CNCC(Nc1ncnc2c(ccc(OC)c12)C(=O)N)c3ccccc3,8.89
226,CHEMBL3675424,CNCC(Nc1ncnc2c(cccc12)C(=O)N)c3ccc(OC)cc3,8.89
227,CHEMBL388978,CN[C@@H]1C[C@H]2O[C@@](C)([C@@H]1OC)n3c4ccccc4c5c6CNC(=O)c6c7c8ccccc8n2c7c35,8.89
228,CHEMBL3675422,COc1ccc(cc1)C(=O)Nc2cccc(c2)C(CN(C)C)Nc3ncnc4c(cccc34)C(=O)N,8.89
229,CHEMBL3675365,NC(=O)c1cccc2c(NCc3ccc(Cl)c(c3)C(F)(F)F)ncnc12,8.92
230,CHEMBL3675421,CN(C)CC(Nc1ncnc2c(cccc12)C(=O)N)c3cccc(Cl)c3,8.96
231,CHEMBL3675420,CN(C)CC(Nc1ncnc2c(cccc12)C(=O)N)c3cccc(NC(=O)c4cncc(c4)N5CCCC5)c3,8.96
232,CHEMBL3675419,CNCC(Nc1ncnc2c(cccc12)C(=O)N)c3cccc(NC(=O)c4ccc(OC)cc4)c3,8.96
233,CHEMBL2016886,CC(C)COc1cc(NCCN2CCCC2)c(C)c(c1)N3CCN(CC3)c4ncnc5[nH]nc(Br)c45,9.0
234,CHEMBL3675417,CN(C)CC(Nc1ncnc2c(cccc12)C(=O)N)c3cccc(NC(=O)c4ccc(cc4F)C(F)(F)F)c3,9.0
235,CHEMBL3675418,CN(C)CC(Nc1ncnc2c(cccc12)C(=O)N)c3cccc(NC(=O)c4ccnc(c4)N(C)C)c3,9.0
236,CHEMBL3675416,CNCC(Nc1ncnc2c(cccc12)C(=O)N)c3cccc(NC(=O)c4ccc(OC)c(F)c4)c3,9.0
237,CHEMBL3675415,CNCC(Nc1ncnc2c(cccc12)C(=O)N)c3cccc(F)c3,9.02
238,CHEMBL3675414,CN(C)CC(Nc1ncnc2c(cccc12)C(=O)N)c3cccc(Br)c3,9.05
239,CHEMBL3675413,CNCC(Nc1ncnc2c(cccc12)C(=O)N)c3cccc(NC(=O)c4c(F)cccc4F)c3,9.08
240,CHEMBL3675411,CN(C)CC(Nc1ncnc2c(cccc12)C(=O)N)c3cccc(NC(=O)c4ccnc(Cl)c4)c3,9.09
241,CHEMBL3675412,CNCC(Nc1ncnc2c(cccc12)C(=O)N)c3cccc(NC(=O)c4ccccc4)c3,9.09
242,CHEMBL3675409,CN(C)CC(Nc1ncnc2c(cccc12)C(=O)N)c3ccc(Cl)c(Cl)c3,9.1
243,CHEMBL3675410,CN(C)CC(Nc1ncnc2c(cccc12)C(=O)N)c3cccc(NC(=O)c4ccnc(c4)N5CCCCC5)c3,9.1
244,CHEMBL2347053,[O-][N+](=O)c1ccccc1c2n[nH]cc2\C=C\3/C(=O)Nc4ccccc34,9.13
245,CHEMBL3675408,CNCC(Nc1ncnc2c(cc(OC)cc12)C(=O)N)c3cccc(Cl)c3,9.14
246,CHEMBL3670495,COc1ccc(cc1)C(CN)Nc2ncnc3c(cccc23)C(=O)N,9.16
247,CHEMBL3675406,CN(C)CC(Nc1ncnc2c(cccc12)C(=O)N)c3cccc(NC(=O)c4ccnc(c4)N5CCCC5)c3,9.17
248,CHEMBL3675407,CNC[C@@H](Nc1ncnc2c(cc(OC)cc12)C(=O)N)c3cccc(F)c3,9.17
249,CHEMBL3675405,CNCC(Nc1ncnc2c(cccc12)C(=O)N)c3cccc(Cl)c3,9.18
250,CHEMBL3675404,CN(C)CC(Nc1ncnc2c(cccc12)C(=O)N)c3cccc(NC(=O)c4ccc(Br)cc4)c3,9.19
251,CHEMBL3675403,CNCC(Nc1ncnc2c(cccc12)C(=O)N)c3cccc(NC(=O)c4ccc(Br)cc4)c3,9.22
252,CHEMBL3685329,CNC[C@@H](Nc1ncnc2c(cccc12)C(=O)N)c3cccc(F)c3,9.22
253,CHEMBL3670404,Cc1ccc(cc1)C(CN)Nc2ncnc3c(cccc23)C(=O)N,9.22
254,CHEMBL3670464,NC[C@@H](Nc1ncnc2c(cccc12)C(=O)N)c3ccccc3,9.22
255,CHEMBL3675402,CN(C)CC(Nc1ncnc2c(cccc12)C(=O)N)c3cccc(NC(=O)c4ccccc4F)c3,9.24
256,CHEMBL3675401,CN(C)CC(Nc1ncnc2c(cccc12)C(=O)N)c3cccc(NC(=O)c4ccc(cc4)C(F)(F)F)c3,9.26
257,CHEMBL3675400,Cc1ccc(CNc2ncnc3c(cccc23)C(=O)N)cc1C,9.28
258,CHEMBL3675331,COc1ccc(cc1OC)C(CN)Nc2ncnc3c(cccc23)C(=O)N,9.3
259,CHEMBL3670401,NCC(Nc1ncnc2c(cccc12)C(=O)N)c3ccc(Cl)c(Cl)c3,9.3
260,CHEMBL3675326,NCC(Nc1ncnc2c(cccc12)C(=O)N)c3cccc(F)c3,9.3
261,CHEMBL3675399,CNCC(Nc1ncnc2c(cc(OC)cc12)C(=O)N)c3cccc(F)c3,9.38
262,CHEMBL3675398,CNCC(Nc1ncnc2c(cccc12)C(=O)N)c3cccc(NC(=O)c4ccc(F)c(F)c4)c3,9.38
263,CHEMBL3675397,COc1cc(C(=O)N)c2ncnc(N[C@H](CN)c3ccccc3)c2c1,9.41
264,CHEMBL3675396,CNCC(Nc1ncnc2c(cccc12)C(=O)N)c3ccc(Cl)c(Cl)c3,9.44
265,CHEMBL3675395,CNC[C@H](\N=C/1\NC=NC2C=CCC=C12)c3ccccc3,9.55
266,CHEMBL3685328,CNC[C@@H](Nc1ncnc2c(cc(OC)cc12)C(=O)N)c3cccc(Cl)c3,9.7
267,CHEMBL3675394,CN(C)CC(Nc1ncnc2c(cccc12)C(=O)N)c3ccc(cc3)C(F)(F)F,9.85
268,CHEMBL3675393,CNCC(Nc1ncnc2c(cc(OC)cc12)C(=O)N)c3ccccc3,9.92
