,molecule_chembl_id,canonical_smiles,pchembl_value
0,CHEMBL603469,C[C@]12O[C@H](C[C@]1(O)CO)n3c4ccccc4c5c6C(=O)NCc6c7c8ccccc8n2c7c35,7.55
1,CHEMBL493251,CCn1c(nc2c(ncc(OCCCN)c12)c3ccc[nH]3)c4nonc4N,7.89
2,CHEMBL493875,CCn1c(nc2c(ncc(OCCCN)c12)C#CCCO)c3nonc3N,8.22
3,CHEMBL388978,CN[C@@H]1C[C@H]2O[C@@](C)([C@@H]1OC)n3c4ccccc4c5c6CNC(=O)c6c7c8ccccc8n2c7c35,8.92
4,CHEMBL523523,CCn1c(nc2c(ncc(OCCCN)c12)C#CCO)c3nonc3N,9.0
5,CHEMBL3683258,CN[C@@H]1CC2OC([C@@H]1OC)n3c4ccccc4c5c6CNC(=O)c6c7c8ccccc8n2c7c35,9.72
18,CHEMBL384073,CC1=C(C(NC(=O)N1)c2ccc(F)cc2)C(=O)Nc3ccc4[nH]ncc4c3,5.51
19,CHEMBL218654,CC1=C(C(CC(=O)N1)c2ccc(F)cc2)C(=O)Nc3ccc4[nH]ncc4c3,5.85
20,CHEMBL427058,CC1=C(C(CC(=O)N1)c2ccc(cc2)C(F)(F)F)C(=O)Nc3cc(Cl)c4[nH]ncc4c3,7.05
21,CHEMBL375312,CC1=C(C(CC(=O)N1)c2ccc(cc2)C(F)(F)F)C(=O)Nc3cc4cn[nH]c4cc3F,6.11
23,CHEMBL218720,CC1=C(C(CC(=O)N1)c2ccc(cc2)C(F)(F)F)C(=O)Nc3ccc4[nH]nc(C)c4c3,5.71
24,CHEMBL441702,CC1=C(C(CC(=O)N1)c2ccc3ccccc3c2)C(=O)Nc4ccc5[nH]ncc5c4,5.96
25,CHEMBL374453,CC1=C(C(CC(=O)N1)c2ccc(Cl)c(Cl)c2)C(=O)Nc3ccc4[nH]ncc4c3,6.21
26,CHEMBL218719,CC1=C(C(CC(=O)N1)c2ccc(cc2)C(F)(F)F)C(=O)Nc3ccc4[nH]ncc4c3,6.13
60,CHEMBL493250,CCn1c(nc2c(ncc(OCCCN)c12)c3ccccc3)c4nonc4N,7.36
61,CHEMBL1794064,CCn1c(nc2c(ncc(OCCCN)c12)C#CCN)c3nonc3N.OC(=O)C(F)(F)F,6.6
64,CHEMBL493874,CCn1c(nc2c(ncc(OCCCN)c12)C#CC(C)(C)O)c3nonc3N,5.9
65,CHEMBL494882,CCn1c(nc2c(ncc(OCCCN)c12)C#CC3CC3)c4nonc4N,6.6
68,CHEMBL445180,CCn1c(nc2c(ncc(OCCCN)c12)c3cocc3)c4nonc4N,7.15
70,CHEMBL523859,CCn1c(nc2c(ncc(OCC[C@@H](N)Cc3ccccc3)c12)C#CC(C)(C)O)c4nonc4N,5.81
71,CHEMBL1794065,CCn1c(nc2c(ncc(OCC3CCNCC3)c12)C#CC(C)(C)O)c4nonc4N.OC(=O)C(F)(F)F,5.6
72,CHEMBL493269,CCn1c(nc2c(ncc(OCCCCN)c12)C#CC(C)(C)O)c3nonc3N,6.1
73,CHEMBL453510,CCn1c(nc2c(ncc(OCCN)c12)C#CC(C)(C)O)c3nonc3N,6.3
74,CHEMBL494088,CCn1c(nc2c(ncc(OCC3CCNC3)c12)C#CC(C)(C)O)c4nonc4N,5.7
75,CHEMBL1794066,CCn1c(nc2c(ncc(OC3CCNCC3)c12)C#CC(C)(C)O)c4nonc4N.OC(=O)C(F)(F)F,5.4
76,CHEMBL494089,CCn1c(nc2c(ncc(OC[C@H]3CCCNC3)c12)C#CC(C)(C)O)c4nonc4N,5.9
77,CHEMBL521642,CCn1c(nc2c(ncc(OC[C@@H]3CCCNC3)c12)C#CC(C)(C)O)c4nonc4N,5.8
78,CHEMBL494060,CCn1c(nc2c(ncc(OCCCNCCc3ccc(OC)cc3)c12)C#CC(C)(C)O)c4nonc4N,5.6
79,CHEMBL522351,CCn1c(nc2c(ncc(OCCCNC[C@H](O)CO)c12)C#CC(C)(C)O)c3nonc3N,6.3
85,CHEMBL519680,CC1=C(C(N=C(N1)c2ccccc2)c3ccc(F)cc3)C(=O)Nc4ccc5[nH]ncc5c4,5.28
86,CHEMBL520828,COc1ccc(cc1)C2=NC(C(=C(C)N2)C(=O)Nc3ccc4[nH]ncc4c3)c5ccc(Cl)cc5F,6.29
87,CHEMBL521347,CC1=C(C(N=C(N1)c2ccnc(Cl)c2)c3ccc(Cl)cc3F)C(=O)Nc4cc5cn[nH]c5cc4F,6.4
97,CHEMBL504574,COc1ccc(NC(=S)N\N=C\2/C(=O)Nc3ccccc23)cc1,4.46
116,CHEMBL466496,C[C@@H](NC1=C(Nc2ccncc2)C(=O)C1=O)c3ccccc3,6.09
117,CHEMBL467079,NC(=O)C(NC1=C(Nc2ccncc2)C(=O)C1=O)c3ccccc3,6.11
118,CHEMBL511410,NC(=O)C(NC1=C(Nc2ccncc2)C(=O)C1=O)c3cccc(O)c3,6.54
204,CHEMBL522892,CN1CCN(CC1)c2ccc3nc([nH]c3c2)C4=C(N)c5c(F)cccc5NC4=O,6.35
212,CHEMBL428690,CN1CC[C@@H]([C@H](O)C1)c2c(O)cc(O)c3C(=O)C=C(Oc23)c4ccccc4Cl,5.64
217,CHEMBL191003,Nc1nc(Nc2ccc(cc2)S(=O)(=O)N)nn1C(=O)c3c(F)cccc3F,5.4
223,CHEMBL608533,CO[C@@H]1[C@@H](C[C@H]2O[C@]1(C)n3c4ccccc4c5c6CNC(=O)c6c7c8ccccc8n2c7c35)N(C)C(=O)c9ccccc9,6.16
231,CHEMBL1721885,Cc1[nH]c(\C=C\2/C(=O)Nc3ccc(F)cc23)c(C)c1C(=O)NC[C@H](O)CN4CCOCC4,6.75
232,CHEMBL535,CCN(CC)CCNC(=O)c1c(C)[nH]c(\C=C\2/C(=O)Nc3ccc(F)cc23)c1C,6.85
318,CHEMBL606245,Cc1c(Nc2c(\C=C\CCN3CCC[C@@H](N)C3)cncc2C#N)ccc4[nH]ccc14,4.96
329,CHEMBL1087650,CN1C[C@@H]2C[C@H]1CN2c3ccc(cc3)c4ccnc5c(c6cccc(O)c6)c(nn45)c7ccncc7,5.01
333,CHEMBL1092754,Cn1cc(\C=C\2/Oc3cccc(O)c3C2=O)c4c(ccnc14)c5ccc(cc5)C(=O)NCCO,7.34
430,CHEMBL324153,C(CN1CCOCC1)Oc2ccc(cc2)c3cnc4c(cnn4c3)c5ccncc5,5.68
431,CHEMBL1271480,O=C1NC=C(C=C1)c2cnn3cc(cnc23)c4ccc(OCCN5CCOCC5)cc4,5.68
432,CHEMBL1271532,C(CN1CCOCC1)Oc2ccc(cc2)c3cnc4c(cnn4c3)c5cn[nH]c5,6.66
433,CHEMBL1271533,Nc1cc(ccn1)c2cnn3cc(cnc23)c4ccc(OCCN5CCOCC5)cc4,5.96
434,CHEMBL1271641,Oc1ccc(cc1O)c2cnn3cc(cnc23)c4ccc(OCCN5CCOCC5)cc4,6.25
435,CHEMBL1271642,NS(=O)(=O)c1ccc(Nc2oc(cn2)c3ccc(O)c(O)c3)cc1,5.47
537,CHEMBL513909,CC[C@H]1N(C2CCCC2)c3nc(Nc4ccc(cc4OC)C(=O)NC5CCN(C)CC5)ncc3N(C)C1=O,5.27
543,CHEMBL509032,COc1cc(ccc1Nc2ncc(Cl)c(Nc3ccccc3S(=O)(=O)C(C)C)n2)N4CCC(CC4)N5CCN(C)CC5,6.8
545,CHEMBL502835,COC(=O)c1ccc2\C(=C(\Nc3ccc(cc3)N(C)C(=O)CN4CCN(C)CC4)/c5ccccc5)\C(=O)Nc2c1,6.75
549,CHEMBL1908395,Cl.CN(C)CC(=O)N1CCC(CC1)c2ccc(NC(=O)c3nc(c[nH]3)C#N)c(c2)C4=CCCCC4,5.68
561,CHEMBL1287853,Cc1cnc(Nc2ccc(OCCN3CCCC3)cc2)nc1Nc4cccc(c4)S(=O)(=O)NC(C)(C)C,5.92
567,CHEMBL1908397,O=C(N1CCNCC1)c2ccc(\C=C\c3n[nH]c4ccccc34)cc2,5.47
591,CHEMBL300138,Cn1cc(C2=C(C(=O)NC2=O)c3cn(C4CCN(Cc5ccccn5)CC4)c6ccccc36)c7ccccc17,5.8
599,CHEMBL475251,COc1cc(Nc2ncc(F)c(Nc3ccc4OC(C)(C)C(=O)Nc4n3)n2)cc(OC)c1OC,6.31
623,CHEMBL464552,CNC(=O)c1c(F)cccc1Nc2nc(Nc3cc4N(CCc4cc3OC)C(=O)CN(C)C)nc5[nH]ccc25,6.39
659,CHEMBL180022,CCOc1cc2ncc(C#N)c(Nc3ccc(OCc4ccccn4)c(Cl)c3)c2cc1NC(=O)\C=C\CN(C)C,5.13
663,CHEMBL1910608,Cl.NC(=N)N\N=C/c1c(nc2sc(Br)cn12)c3ccc(cc3)[N+](=O)[O-],5.93
684,CHEMBL220241,CCn1c(nc2cnc(Oc3cccc(NC(=O)c4ccc(OCCN5CCOCC5)cc4)c3)cc12)c6nonc6N,6.88
685,CHEMBL1956071,CCn1c(nc2cncc(C(=O)N3CC[C@H](N)C3)c12)c4nonc4N,7.46
1454,CHEMBL2153264,Nc1nc2c(nccc2[nH]1)c3ccccn3,6.28
1936,CHEMBL3702566,CN1C(=O)C(=Cc2cnc(Nc3ccc4[nH]ccc4c3)nc12)Sc5ccc(F)cc5,5.37
