,molecule_chembl_id,canonical_smiles,pchembl_value
0,CHEMBL3092466,Cc1ccc(F)c(c1)S(=O)(=O)Nc2ccc(cc2)c3cnc4c(C)n[nH]c4n3,7.54
1,CHEMBL3356061,Cc1n[nH]c2nc(cnc12)c3ccc(NS(=O)(=O)c4cc(F)ccc4F)cc3,7.54
2,CHEMBL2023841,CC1(C)C2=C3C=C4C(CC[N+]5=C4C(C)(C)c6cc(ccc56)S(=C)(=O)O)OC3CCN2c7ccc(CC(=O)NCCCC[C@@H](NC(=O)[C@@H](CCCNC(=N)N)NC(=O)[C@@H](CCCNC(=N)N)NC(=O)[C@@H](CCCNC(=N)N)NC(=O)[C@@H](CCCNC(=N)N)NC(=O)[C@@H](CCCNC(=N)N)NC(=O)[C@@H](CCCNC(=N)N)NC(=O)CCCCCNC(=O)[C@@H](CCCNC(=N)N)NC(=O)CCCCCCCNCCNS(=O)(=O)c8cccc9cnccc89)C(=O)N)cc17,7.55
3,CHEMBL3356016,Nc1n[nH]c2cc(ccc12)c3ccc(NS(=O)(=O)Cc4cc(F)ccc4F)cc3,7.55
4,CHEMBL3092461,Nc1n[nH]c2nc(cnc12)c3ccc(NS(=O)(=O)c4cc(Cl)ccc4Cl)cc3,7.6
5,CHEMBL3356046,Nc1n[nH]c2nc(cnc12)c3ccc(NS(=O)(=O)c4ccccc4F)cc3,7.66
6,CHEMBL3356042,Nc1n[nH]c2nc(cnc12)c3ccc(NS(=O)(=O)c4cccc(F)c4Cl)cc3,7.68
7,CHEMBL550110,CCc1cc(ccc1C(=O)O)c2c[nH]c3ncc(cc23)c4ccccc4,7.7
8,CHEMBL3356020,Nc1n[nH]c2cc(ccc12)c3ccc(NS(=O)(=O)c4occc4)cc3,7.72
9,CHEMBL3355036,Nc1n[nH]c2nc(ncc12)c3ccc(NS(=O)(=O)c4cc(Cl)ccc4F)cc3,7.72
10,CHEMBL3356028,Nc1n[nH]c2cc(ccc12)c3ccc(NS(=O)(=O)c4cc(Cl)ccc4C#N)cc3,7.77
11,CHEMBL3356038,Nc1n[nH]c2nc(cnc12)c3ccc(NS(=O)(=O)c4cccc5ccccc45)cc3,7.8
12,CHEMBL3356047,Nc1n[nH]c2nc(cnc12)c3ccc(NS(=O)(=O)c4cc(F)ccc4F)cc3,7.82
13,CHEMBL388978,CN[C@@H]1C[C@H]2O[C@@](C)([C@@H]1OC)n3c4ccccc4c5c6CNC(=O)c6c7c8ccccc8n2c7c35,7.85
14,CHEMBL3356019,Cn1cc(c(n1)C(F)(F)F)S(=O)(=O)Nc2ccc(cc2)c3ccc4c(N)n[nH]c4c3,7.85
15,CHEMBL3356025,Nc1n[nH]c2cc(ccc12)c3ccc(NS(=O)(=O)c4cc(Cl)ccc4Cl)cc3,7.85
16,CHEMBL3356041,Nc1n[nH]c2nc(cnc12)c3ccc(NS(=O)(=O)c4ccccc4Cl)cc3,7.85
17,CHEMBL3356058,Cc1n[nH]c2nc(cnc12)c3ccc(NS(=O)(=O)c4cccc(Cl)c4Cl)cc3,7.89
18,CHEMBL3092463,Nc1n[nH]c2nc(cnc12)c3ccc(NS(=O)(=O)c4cc(Cl)ccc4Cl)c(F)c3,7.89
19,CHEMBL558642,OC(=O)c1ccc(cc1C2CCCC2)c3c[nH]c4ncc(cc34)c5ccccc5,7.89
20,CHEMBL3356059,Cc1n[nH]c2nc(cnc12)c3ccc(NS(=O)(=O)c4cc(Cl)ccc4Cl)cc3,7.96
21,CHEMBL3355033,Cc1ccc(F)c(c1)S(=O)(=O)Nc2ccc(cc2)c3nc(OCC4CNCCO4)c5cn[nH]c5n3,8.0
22,CHEMBL3356051,Nc1n[nH]c2nc(cnc12)c3ccc(NS(=O)(=O)c4cc(Cl)ccc4C#N)cc3,8.0
23,CHEMBL3356031,Nc1n[nH]c2cc(ccc12)c3ccc(NS(=O)(=O)c4cccc(F)c4F)cc3,8.05
24,CHEMBL3356037,Nc1n[nH]c2cc(ccc12)c3ccc(NS(=O)(=O)c4cc(Cl)ccc4F)cc3,8.16
25,CHEMBL3355032,Cc1ccc(F)c(c1)S(=O)(=O)Nc2ccc(cc2)c3nc(C4CC4)c5cn[nH]c5n3,8.19
26,CHEMBL3356035,Nc1n[nH]c2cc(ccc12)c3ccc(NS(=O)(=O)c4cc(Br)ccc4F)cc3,8.22
27,CHEMBL3356026,Nc1n[nH]c2cc(ccc12)c3ccc(NS(=O)(=O)c4cccc(Cl)c4C#N)cc3,8.22
28,CHEMBL564555,CC(C)Cc1cc(ccc1C(=O)O)c2c[nH]c3ncc(cc23)c4ccccc4,8.3
29,CHEMBL3218297,CS(=O)(=O)O.Oc1cccc(CNC(=O)Nc2nc(cs2)c3ccncc3)c1,8.3
30,CHEMBL3356050,COc1ccc(F)c(c1)S(=O)(=O)Nc2ccc(cc2)c3cnc4c(N)n[nH]c4n3,8.4
31,CHEMBL3092464,Cc1n[nH]c2nc(cnc12)c3ccc(NS(=O)(=O)c4cc(Cl)ccc4F)cc3,8.4
32,CHEMBL3356034,Nc1n[nH]c2cc(ccc12)c3ccc(NS(=O)(=O)c4cc(Br)ccc4Cl)cc3,8.4
33,CHEMBL3356039,Nc1n[nH]c2nc(cnc12)c3ccc(NS(=O)(=O)c4cc(Cl)sc4Cl)cc3,8.4
34,CHEMBL3092465,Cc1ccc(C#N)c(c1)S(=O)(=O)Nc2ccc(cc2)c3cnc4c(C)n[nH]c4n3,8.52
35,CHEMBL3356052,Cc1ccc(C#N)c(c1)S(=O)(=O)Nc2ccc(cc2)c3cnc4c(N)n[nH]c4n3,8.52
36,CHEMBL3356060,Cc1n[nH]c2nc(cnc12)c3ccc(NS(=O)(=O)c4cc(Cl)ccc4C#N)cc3,8.52
37,CHEMBL3356018,Nc1n[nH]c2cc(ccc12)c3ccc(NS(=O)(=O)c4ccc(Br)s4)cc3,8.52
38,CHEMBL3356054,Nc1n[nH]c2nc(cnc12)c3ccc(NS(=O)(=O)c4cccc(Cl)c4Cl)c(F)c3,8.52
39,CHEMBL3092460,Nc1n[nH]c2nc(cnc12)c3ccc(NS(=O)(=O)c4cccc(Cl)c4Cl)cc3,8.52
40,CHEMBL3356053,COc1ccc(C#N)c(c1)S(=O)(=O)Nc2ccc(cc2)c3cnc4c(N)n[nH]c4n3,8.7
41,CHEMBL3092467,COc1ccc(Cl)c(c1)S(=O)(=O)Nc2ccc(cc2)c3cnc4c(C)n[nH]c4n3,8.7
42,CHEMBL3356044,COc1ccc(Cl)c(c1)S(=O)(=O)Nc2ccc(cc2)c3cnc4c(N)n[nH]c4n3,8.7
43,CHEMBL3356049,Cc1ccc(F)c(c1)S(=O)(=O)Nc2ccc(cc2)c3cnc4c(N)n[nH]c4n3,8.7
44,CHEMBL3356024,Nc1n[nH]c2cc(ccc12)c3ccc(NS(=O)(=O)c4cccc(Cl)c4Cl)cc3,8.7
45,CHEMBL3356048,Nc1n[nH]c2nc(cnc12)c3ccc(NS(=O)(=O)c4cc(Cl)c(F)cc4F)cc3,8.7
46,CHEMBL3092462,Nc1n[nH]c2nc(cnc12)c3ccc(NS(=O)(=O)c4cc(Cl)ccc4F)c(F)c3,8.7
47,CHEMBL3355031,COc1nc(nc2[nH]ncc12)c3ccc(NS(=O)(=O)c4cc(C)ccc4F)cc3,8.82
48,CHEMBL3356029,Nc1n[nH]c2cc(ccc12)c3ccc(NS(=O)(=O)c4cc(ccc4F)C(F)(F)F)cc3,9.0
49,CHEMBL3092468,Nc1n[nH]c2nc(cnc12)c3ccc(NS(=O)(=O)c4cc(Cl)ccc4F)cc3,9.0
