,molecule_chembl_id,canonical_smiles,pchembl_value
0,dasatinib,CC1=NC(NC2=NC=C(S2)C(=O)NC2=C(C)C=CC=C2Cl)=CC(=N1)N1CCN(CCO)CC1,8.19
1,bosutinib,COc1cc(Nc2c(cnc3cc(OCCCN4CCN(C)CC4)c(OC)cc23)C#N)c(Cl)cc1Cl,7.54
2,CHEMBL386051,CSc1cccc(Nc2ncc3C=C(C(=O)N(C)c3n2)c4c(Cl)cccc4Cl)c1,7.59
3,CHEMBL509032,COc1cc(ccc1Nc2ncc(Cl)c(Nc3ccccc3S(=O)(=O)C(C)C)n2)N4CCC(CC4)N5CCN(C)CC5,7.77
4,CHEMBL603469,C[C@]12O[C@H](C[C@]1(O)CO)n3c4ccccc4c5c6C(=O)NCc6c7c8ccccc8n2c7c35,7.82
5,CHEMBL3770443,CNc1ncc2C=C(C(=O)N(C[C@@H]3OC[C@@H](N)CO3)c2n1)c4ccc(cc4Cl)c5cccc(C)n5,8.05
6,CHEMBL3326006,CCCCNc1ncc2c(cn([C@@H]3CC[C@@H](O)CC3)c2n1)c4ccc(CN5CCN(C)CC5)cc4,8.24
7,CHEMBL3780091,N[C@@H]1CC[C@@H](CC1)NC2=C(C(=O)NC=C2)c3nc4ccccc4[nH]3,8.4
8,CHEMBL388978,CN[C@@H]1C[C@H]2O[C@@](C)([C@@H]1OC)n3c4ccccc4c5c6CNC(=O)c6c7c8ccccc8n2c7c35,8.96
