,molecule_chembl_id,canonical_smiles,pchembl_value
0,CHEMBL2158854,NS(=O)(=O)c1cccc(Nc2nccc(n2)c3ccnc(c3)N4C5CCC4COC5)c1,7.6
1,CHEMBL2158843,NS(=O)(=O)c1cccc(Nc2nccc(n2)c3ccnc(NCCCO)c3)c1,7.66
2,CHEMBL2158845,NS(=O)(=O)c1cccc(Nc2nccc(n2)c3ccnc(c3)N4CCOCC4)c1,7.96
3,CHEMBL2158855,NS(=O)(=O)c1cccc(Nc2nccc(n2)c3ccnc(c3)N4CC5CCC(C4)O5)c1,8.22
4,CHEMBL2158853,CCN(CC)c1cc(ccn1)c2ccnc(Nc3cccc(c3)S(=O)(=O)N)n2,8.52
5,CHEMBL2158857,NS(=O)(=O)c1cccc(Nc2nccc(n2)c3ccnc(c3)N4CCCCC4)c1,8.52
6,CHEMBL2158863,CCN(CC)S(=O)(=O)c1cc(Nc2nccc(n2)c3ccnc(c3)c4ccc(NC(=O)NC)cc4)ccc1C,9.7
7,CHEMBL2158011,CCN(CC)S(=O)(=O)c1cccc(Nc2nccc(n2)c3ccnc(c3)c4ccc(NC(=O)NC)cc4)c1,9.7
8,CHEMBL2158866,CCN(CC)S(=O)(=O)c1cc(Nc2nccc(n2)c3ccnc(c3)c4ccc(NC(=O)NC)cc4)ccc1Cl,9.96
9,CHEMBL2158859,CNC(=O)Nc1ccc(cc1)c2cc(ccn2)c3ccnc(Nc4cccc(c4)S(=O)(=O)NC)n3,10.0
