,molecule_chembl_id,canonical_smiles,pchembl_value
0,CHEMBL3134157,Cc1cc(CS(=O)(=O)c2ccccc2)cc(OCc3ccc(CN4CCC[C@@H]4CO)cc3)c1,7.55
1,CHEMBL1209544,O[C@H]1CCN[C@@H]1C(=O)NCc2ccc(cc2)c3noc(CCC4CCCCC4)n3,7.6
2,CHEMBL1209685,C[C@H](NC(=O)[C@H]1NCC[C@@H]1O)c2ccc(cc2)c3noc(CCC4CCCCC4)n3,7.7
3,CHEMBL2409865,OC[C@H]1C[C@@H](O)CCN1CCc2ccc(Nc3nc(cs3)c4ccc(Cl)c(Cl)c4)cc2,7.7
4,CHEMBL2409891,OC[C@H]1C[C@@H](O)CCN1CCc2ccc(Nc3nc(cs3)c4ccc(cc4)C(F)(F)F)cc2,7.7
5,CHEMBL2409861,OC[C@H]1C[C@@H](O)CCN1CCc2ccc(Nc3nc(cs3)c4ccc5ccccc5c4)cc2,7.7
6,CHEMBL2409883,OC[C@H]1C[C@@H](O)CCN1CCc2ccc(Nc3nc(cs3)c4cccc(Cl)c4)cc2,7.7
7,CHEMBL2409880,OC[C@H]1C[C@@H](O)CCN1CCc2ccc(Nc3nc(cs3)c4ccccc4F)cc2,7.7
8,CHEMBL3763321,OC[C@H]1C[C@H](O)CN1CCCc2ccc(Nc3nc(cs3)c4cccc(c4)C(F)(F)F)cc2,7.7
9,CHEMBL1209686,CC[C@H](NC(=O)[C@H]1NCC[C@@H]1O)c2ccc(cc2)c3noc(CCC4CCCCC4)n3,8.0
10,CHEMBL2409884,Cc1cccc(c1)c2csc(Nc3ccc(CCN4CC[C@H](O)C[C@@H]4CO)cc3)n2,8.0
11,CHEMBL2407198,OC[C@H]1C[C@@H](O)CCN1CCc2ccc(Nc3nc(cs3)C4CCCCC4)cc2,8.0
12,CHEMBL2409881,OC[C@H]1C[C@@H](O)CCN1CCc2ccc(Nc3nc(cs3)c4ccccc4Cl)cc2,8.0
13,CHEMBL2409888,OC[C@H]1C[C@@H](O)CCN1CCc2ccc(Nc3nc(cs3)c4ccc(Cl)cc4)cc2,8.1
14,CHEMBL2409889,Cc1ccc(cc1)c2csc(Nc3ccc(CCN4CC[C@H](O)C[C@@H]4CO)cc3)n2,8.16
15,CHEMBL2407197,OC[C@H]1C[C@@H](O)CCN1CCc2ccc(Nc3nc(cs3)C45CC6CC(CC(C6)C4)C5)cc2,8.3
16,CHEMBL2409886,OC[C@H]1C[C@@H](O)CCN1CCc2ccc(Nc3nc(cs3)c4cccc(c4)C(F)(F)F)cc2,8.3
17,CHEMBL2409848,OC[C@H]1C[C@@H](O)CCN1CCc2ccc(Nc3nc(cs3)c4cccc(c4F)C(F)(F)F)cc2,8.3
18,CHEMBL3348835,Cc1cc(CS(=O)(=O)c2ccccc2)cc(OCc3ccc(CN4CCC[C@H]4CO)cc3)c1,8.37
19,CHEMBL2409849,OC[C@H]1C[C@@H](O)CCN1CCc2ccc(Nc3nc(cs3)c4ccc(cc4F)C(F)(F)F)cc2,8.4
20,CHEMBL2409850,OC[C@H]1C[C@@H](O)CCN1CCc2ccc(Nc3nc(cs3)c4cc(ccc4F)C(F)(F)F)cc2,8.52
21,CHEMBL2409847,OC[C@H]1C[C@@H](O)CCN1CCc2ccc(Nc3nc(cs3)c4ccc(Cl)cc4Cl)cc2,8.52
