,molecule_chembl_id,canonical_smiles,pchembl_value
0,sunitinib,CCN(CC)CCNC(=O)c1c(C)[nH]c(\C=C\2/C(=O)Nc3ccc(F)cc23)c1C,9.0
1,CHEMBL3799505,CC(C)(C)CC(=O)Nc1ccc2NC(=O)\C(=C/3\C(\c4c(N3)cccc4)=N\O)\c2c1,7.62
2,CHEMBL1721885,Cc1[nH]c(\C=C\2/C(=O)Nc3ccc(F)cc23)c(C)c1C(=O)NC[C@H](O)CN4CCOCC4,7.62
3,CHEMBL3798563,O\N=C/1\C(=C/2\C(=O)Nc3ccc(NC(=O)c4cc(cc(c4)[N+](=O)[O-])[N+](=O)[O-])cc23)\Nc5ccccc15,7.62
4,CHEMBL388978,CN[C@@H]1C[C@H]2O[C@@](C)([C@@H]1OC)n3c4ccccc4c5c6CNC(=O)c6c7c8ccccc8n2c7c35,7.64
5,CHEMBL3799389,O\N=C/1\C(=C/2\C(=O)Nc3ccc(NC(=O)C4CC4)cc23)\Nc5ccccc15,7.68
6,CHEMBL3334980,COc1ccc(cc1OC)c2cnc3scc(NC(=O)C4CCCCC4)c3n2,7.89
7,CHEMBL3774448,O=C1NC(=S)S/C/1=C\c2ccc3ncccc3c2,7.89
8,CHEMBL3799585,CCCC(=O)Nc1ccc2NC(=O)\C(=C/3\C(\c4c(N3)cccc4)=N\O)\c2c1,7.92
9,CHEMBL495727,O=C(NC1CC1)Nc2c[nH]nc2c3nc4cc(CN5CCOCC5)ccc4[nH]3,8.0
10,CHEMBL3334979,COc1ccc(cc1OC)c2cnc3scc(NC(=O)C4CCCCC4)c3c2,8.31
11,CHEMBL603469,C[C@]12O[C@H](C[C@]1(O)CO)n3c4ccccc4c5c6C(=O)NCc6c7c8ccccc8n2c7c35,8.47
12,CHEMBL1908397,O=C(N1CCNCC1)c2ccc(\C=C\c3n[nH]c4ccccc34)cc2,8.54
