,molecule_chembl_id,canonical_smiles,pchembl_value
0,CHEMBL3641671,O=C(C1CCCO1)N2CCN(CC2)C(=O)c3cc4cc(Nc5nccc(n5)c6ccccn6)ccc4[nH]3,7.53
1,CHEMBL1793842,CC(C)C[C@H](NC(=O)[C@@H](NC(=O)[C@H](CCC(=O)O)NC(=O)[C@H](Cc1ccc(OP(=O)(O)O)cc1)NC(=O)c2ccc(cc2)C#CCNC(=O)c3ccc(cc3)C#CCNC(=O)[C@H](CC(C)C)NC(=O)CNC(=O)[C@@H](NC(=O)[C@H](Cc4ccc(OP(=O)(O)O)cc4)NC(=O)C)[C@@H](C)O)[C@@H](C)O)C(=O)N,7.54
2,CHEMBL3668874,CCN(Cc1nccn1C)C(=O)c2cc3cc(Nc4nccc(n4)c5cn(C)cn5)cc(C)c3[nH]2,7.54
3,CHEMBL3641626,CCN1CCC(CC1)N2CCN(CC2)C(=O)c3cc4cc(Nc5nccc(n5)c6ccccn6)ccc4[nH]3,7.54
4,CHEMBL3641627,CN(CC1CCN(C)CC1)C(=O)c2cc3cc(Nc4nccc(n4)c5ccccn5)ccc3[nH]2,7.54
5,CHEMBL3641593,CN1CCN(CC1)C(=O)c2cc3cc(Nc4nccc(n4)c5cc(OC[C@@H]6CCCO6)ccn5)ccc3[nH]2,7.54
6,CHEMBL3641644,COCCCN(C)C(=O)c1cc2cc(Nc3nccc(n3)c4ccccn4)ccc2[nH]1,7.54
7,CHEMBL3643790,COCc1ccnc(c1)c2ccnc(Nc3ccc4[nH]c(cc4c3)C(=O)N5CCn6ccnc6C5)n2,7.54
8,CHEMBL3641657,O=C(N1CCC(CN2CCOCC2)CC1)c3cc4cc(Nc5nccc(n5)c6ccccn6)ccc4[nH]3,7.54
9,CHEMBL3641654,O=C(N1CCN(CCN2CCCC2)CC1)c3cc4cc(Nc5nccc(n5)c6ccccn6)ccc4[nH]3,7.54
10,CHEMBL3641512,O=C([C@@H]1CCCO1)N2CCN(CC2)C(=O)c3cc4cc(Nc5nccc(n5)c6ccccn6)ccc4[nH]3,7.54
11,CHEMBL3641437,CN1C=Nc2cc(nc(N[C@@H]3CC[C@@H](O)C3)c2C1=O)c4ccc(cc4)N5CCOCC5,7.55
12,CHEMBL3641538,CN1CCN(CC1)C(=O)c2cc3cc(Nc4nccc(n4)c5cc(OCCCF)ccn5)ccc3[nH]2,7.55
13,CHEMBL3641350,CN1CCN(CC1)c2ccc(cc2)c3cc4N=CN(C)C(=O)c4c(N[C@@H]5CCOC5)n3,7.55
14,CHEMBL459147,COc1cc(Nc2nc(N[C@H]3CCCC[C@H]3N)n4cc(nc4c2C(=O)N)c5ccccc5)cc(OC)c1,7.55
15,CHEMBL512319,COc1cc(Nc2nccc(n2)c3nccs3)cc(c1)C(F)(F)F,7.55
16,CHEMBL3265009,COc1ccc(Nc2nc(cn3ccnc23)c4ccc(C)c(c4)C(=O)N)cc1OC,7.55
17,CHEMBL106226,COc1ccc2[nH]cc(\C=C\3/C(=O)Nc4ccc(cc34)S(=O)(=O)N)c2c1,7.55
18,CHEMBL3641683,O=C(CN1CCN(CC1)C(=O)c2cc3cc(Nc4nccc(n4)c5ccccn5)ccc3[nH]2)N6CCCC6,7.55
19,CHEMBL3641672,O=C(N1CCOCC1)N2CCN(CC2)C(=O)c3cc4cc(Nc5nccc(n5)c6ccccn6)ccc4[nH]3,7.55
20,CHEMBL3641675,O=C(N1CCn2ccnc2C1)c3cc4cc(Nc5nccc(n5)c6ccccn6)ccc4[nH]3,7.55
21,CHEMBL3641684,OCCN1CCN(CC1)C(=O)c2cc3cc(Nc4nccc(n4)c5ccccn5)ccc3[nH]2,7.55
22,CHEMBL3653827,COc1cc(cnc1OC)c2cc(O[C@H](C)[C@H]3CNC(=O)C3)c4cccnc4c2,7.56
23,CHEMBL3696016,COc1ccc(cc1OC)c2cc3ncccc3c(OC[C@H]4CNC(=O)N4)n2,7.56
24,CHEMBL3698049,CC(C)Nc1nc(cc2N=CN(C)C(=O)c12)c3ccc(NC4CCN(C)CC4)c(c3)S(=O)(=O)C,7.57
25,CHEMBL3643524,CN1C=Nc2cc(nc(OCCc3cn[nH]c3)c2C1=O)c4ccc(cc4)N5CCOCC5,7.57
26,CHEMBL2170582,CNC(=O)COc1cccc(Nc2ncc(F)c(Nc3ccc4OC(F)(F)C(=O)Nc4c3)n2)c1,7.57
27,CHEMBL3698421,COC(=O)c1ccc2c(CCCC2(O)c3ncc(s3)c4cc(C)cc(Nc5cc(ccn5)C(F)(F)F)n4)c1Br,7.57
28,CHEMBL3265005,COc1ccc(Nc2nc(cn3ccnc23)c4cccc(c4)C(=O)N)cc1OC,7.57
29,CHEMBL106095,COc1ccc2c(c1)c(\C=C\3/C(=O)Nc4ccc(cc34)S(=O)(=O)N)cn2Cc5cccc(c5)C(=O)O,7.57
30,CHEMBL3701572,C[C@H](O)CNc1ccc(cc1S(=O)(=O)C)c2cc3N=CN(C)C(=O)c3c(N[C@@H]4CCOC4)n2,7.57
31,CHEMBL3265027,N(c1ccccc1)c2nc(cn3ccnc23)c4ccc5cn[nH]c5c4,7.57
32,CHEMBL3641660,[O-][S+]1CCN(CC1)C2CCN(CC2)C(=O)c3cc4cc(Nc5nccc(n5)c6ccccn6)ccc4[nH]3,7.58
33,CHEMBL3265032,C1CN(CCO1)c2ccc(Nc3nc(cn4ccnc34)c5ccc6cn[nH]c6c5)cc2,7.59
34,CHEMBL2347996,CC(C)(C)NC(=O)c1c[nH]c2ncc(nc12)c3ncn4CCCCc34,7.59
35,CHEMBL3643734,CN1CCN(CC1)C(=O)c2cc3cc(Nc4nccc(n4)c5cc(OCCC6CC6)ccn5)ccc3[nH]2,7.59
36,CHEMBL3698096,COCCNc1nc(cc2N=CN(C)C(=O)c12)c3ccc(NCCN4CCOCC4)c(c3)S(=O)(=O)C,7.59
37,CHEMBL3622205,C[C@@H](Oc1nc(cc2ncsc12)c3cnn(C)c3)[C@H]4CNC(=O)C4,7.59
38,CHEMBL3641362,C[C@H](CO)Nc1nc(cc2N=CN(C)C(=O)c12)c3ccc(cc3)N4CCN(C)CC4,7.59
39,CHEMBL3685791,Cc1cc(Nc2nccc(n2)C(F)(F)F)cc(c1)c3cnc(s3)C(=O)NC(CO)CO,7.59
40,CHEMBL249097,Cc1ccc(O)cc1Nc2ccnc(Nc3cccc(c3)C(=O)N)n2,7.59
41,CHEMBL3641641,O=C(N1CCC(CC1)OCCN2CCCC2)c3cc4cc(Nc5nccc(n5)c6ccccn6)ccc4[nH]3,7.59
42,CHEMBL3641687,O=C(N1CCOCC1)c2cc3cc(Nc4nccc(n4)c5ccccn5)ccc3[nH]2,7.59
43,CHEMBL475254,OCCCOc1cc(Nc2nccc(n2)c3nccs3)cc(c1)C(F)(F)F,7.59
44,CHEMBL2177734,CC1CCCN1c2cccc(Nc3cc(nn4ccnc34)c5cccc(CO)c5)n2,7.6
45,CHEMBL3641619,CCN(CC)CC(O)CN1CCN(CC1)C(=O)c2cc3cc(Nc4nccc(n4)c5ccccn5)ccc3[nH]2,7.6
46,CHEMBL3641385,CN1C=Nc2cc(nc(N[C@@H]3CCOC3)c2C1=O)c4ccc(cc4)C5CCNCC5,7.6
47,CHEMBL3643733,CN1CCN(CC1)C(=O)c2cc3cc(Nc4nccc(n4)c5cc(OC6CCC6)ccn5)ccc3[nH]2,7.6
48,CHEMBL3641592,CN1CCN(CC1)C(=O)c2cc3cc(Nc4nccc(n4)c5cc(O[C@@H]6CCOC6)ccn5)ccc3[nH]2,7.6
49,CHEMBL3641501,CN1CCN(CC1)C(=O)c2sc3ccc(Nc4nccc(n4)c5ccccn5)cc3c2C,7.6
50,CHEMBL3695951,COc1cc(cc(Cl)c1OC)c2cc3ncccc3c(OC[C@H]4CNC(=O)C4)n2,7.6
51,CHEMBL3641558,COc1ccnc(c1)c2ccnc(Nc3ccc4[nH]c(cc4c3)C(=O)N5CCC5)n2,7.6
52,CHEMBL3685797,Cc1cc(Nc2nccc(n2)C(C)(C)C)cc(c1)c3cnc(s3)C4(O)CCC4,7.6
53,CHEMBL3237566,Cc1ccc(Nc2cc(NCCN)nnc2C(=O)N)nc1C,7.6
54,CHEMBL1835057,Cc1cccc(Nc2nc(N[C@@H]3CCNC3)ncc2C(=O)N)c1,7.6
55,CHEMBL3237560,Cc1nc(Nc2cc(N[C@@H]3CCCC[C@@H]3N)nnc2C(=O)N)ccc1F,7.6
56,CHEMBL2336005,Oc1cccc(Nc2ccnc3cc(sc23)c4cccc(CN5CCOCC5)c4)c1,7.6
57,CHEMBL3641577,CCCC(C)(CO)COc1ccnc(c1)c2ccnc(Nc3ccc4[nH]c(cc4c3)C(=O)N5CCN(C)CC5)n2,7.61
58,CHEMBL3668852,CN(Cc1nccn1C)C(=O)c2cc3cc(Nc4nccc(n4)c5cn(C)cn5)cc(C)c3[nH]2,7.61
59,CHEMBL3668866,CN(Cc1nccs1)C(=O)c2cc3cc(Nc4nccc(n4)c5cn(C)cn5)cc(C)c3[nH]2,7.61
60,CHEMBL3641604,CN1CCN(CC1)C(=O)c2cc3cc(Nc4nccc(n4)c5cc(OCC(CO)CO)ccn5)ccc3[nH]2,7.61
61,CHEMBL3643532,CN1CCN(CC1)c2ccc(cc2)c3cc4N=CN(C)C(=O)c4c(OCCc5cnn[nH]5)n3,7.61
62,CHEMBL3668824,Cc1cc(Nc2nccc(n2)c3cn(C)cn3)cc4cc([nH]c14)C(=O)NCc5cncn5C,7.61
63,CHEMBL3657546,Cc1oc2ccc(Nc3nccc(n3)n4cc(CN5CC(O)C5)c(C)n4)cc2c1Cl,7.61
64,CHEMBL2347998,CC(C)(CO)NC(=O)c1c[nH]c2ncc(nc12)n3ncc4ccc(Cl)cc34,7.62
65,CHEMBL3641682,CC(C)N1CCCN(CC1)C(=O)c2cc3cc(Nc4nccc(n4)c5ccccn5)ccc3[nH]2,7.62
66,CHEMBL3643535,CN1C=Nc2cc(nc(N[C@@H]3CCOC3)c2C1=O)c4ccc(cc4)N5CCC(CC5)N6CCCC6,7.62
67,CHEMBL3641273,CN1CCN(CC1)c2ccc(cc2)c3cc4N=CN(C)C(=O)c4c(NCc5cnn[nH]5)n3,7.62
68,CHEMBL3641614,CNC1CC2(CCN(C2)C(=O)c3cc4cc(Nc5nccc(n5)c6ccccn6)ccc4[nH]3)C1,7.62
69,CHEMBL3265014,COc1ccc(Nc2nc(cn3ccnc23)c4ccc(C(=O)N)c(OC)c4)cc1OC,7.62
70,CHEMBL3265017,COc1ccc(Nc2nc(cn3ccnc23)c4ccc5cn[nH]c5c4)cc1OC,7.62
71,CHEMBL3641517,COc1ccnc(c1)c2ccnc(Nc3ccc4[nH]c(cc4c3)C(=O)N5CCCN(CC5)C(C)C)n2,7.62
72,CHEMBL3685816,CSc1ccnc(Nc2cc(C)cc(c2)c3cnc(s3)C4(O)CCC4)n1,7.62
73,CHEMBL3641381,C[C@H](CO)Nc1nc(cc2N=CN(C)C(=O)c12)c3ccc(cc3)N4CCN(CC4)C(C)C,7.62
74,CHEMBL3641636,O=C(N1CCC(CC1)N2CCOCC2)c3cc4cc(Nc5nccc(n5)c6ccccn6)ccc4[nH]3,7.62
75,CHEMBL3641549,CN(C)C(=O)c1cc2cc(Nc3nccc(n3)c4ccccn4)ccc2[nH]1,7.63
76,CHEMBL3664167,CN(C)C(=O)c1cc2cc(Nc3nccc(n3)c4cn(C)cn4)cc(Cl)c2n1C,7.63
77,CHEMBL3265036,C1COCCN(C1)c2ccc(Nc3nc(cn4ccnc34)c5ccc6cn[nH]c6c5)cc2,7.64
78,CHEMBL3643741,CCCOc1ccnc(c1)c2ccnc(Nc3ccc4[nH]c(cc4c3)C(=O)N5CCN(C)CC5)n2,7.64
79,CHEMBL3668822,CCN(Cc1cnn(C)c1)C(=O)c2cc3cc(Nc4nccc(n4)c5cn(C)cn5)cc(C)c3[nH]2,7.64
80,CHEMBL3641509,CCOc1ccnc(c1)c2ccnc(Nc3ccc4[nH]c(cc4c3)C(=O)N5CCN(C)CC5)n2,7.64
81,CHEMBL3622954,CCn1ccc2cc(Nc3nccc(n3)n4cc(CN5CC(O)C5)c(C)n4)ccc12,7.64
82,CHEMBL3641638,CN(CCCN1CCOCC1)C(=O)c2cc3cc(Nc4nccc(n4)c5ccccn5)ccc3[nH]2,7.64
83,CHEMBL451450,COc1cc(Nc2nccc(n2)c3ncc(C)s3)cc(c1)C(F)(F)F,7.64
84,CHEMBL3696031,COc1ccc(cc1OC)c2cc3ncccc3c(NC[C@H]4CC(=O)N[C@@H]4C)n2,7.64
85,CHEMBL470780,Cc1cc(C)cc(Nc2nccc(n2)c3ncc(C)s3)c1,7.64
86,CHEMBL508339,NCCNc1ncc(C(=O)N)c(Nc2cccc(Br)c2)n1,7.64
87,CHEMBL3641633,CC1CN(CCN1C(=O)N2CCCC2)C(=O)c3cc4cc(Nc5nccc(n5)c6ccccn6)ccc4[nH]3,7.65
88,CHEMBL3643811,CN(C)C(=O)c1cc2cc(Nc3nccc(n3)c4cc(ccn4)C(C)(C)C#N)cc(Cl)c2[nH]1,7.65
89,CHEMBL3695958,COc1c(F)cc(cc1F)c2cc3ncccc3c(OC[C@H]4CNC(=O)C4)n2,7.65
90,CHEMBL3653785,COc1ccc(cn1)c2cc(OCc3ncccc3C(=O)N)c4cccnc4c2,7.65
91,CHEMBL3664177,CN1CCN(CC1)C(=O)c2cc3cc(Nc4nccc(n4)c5cn(C)cn5)cc(C)c3[nH]2,7.66
92,CHEMBL3685793,COc1nc(Nc2cc(C)cc(c2)c3cnc(s3)C(C)(O)CO)ncc1F,7.66
93,CHEMBL3668840,Cc1cc(Nc2nccc(n2)c3cn(C)cn3)cc4cc([nH]c14)C(=O)N5CCn6cncc6C5,7.66
94,CHEMBL475249,Cc1cc(Nc2nccc(n2)c3nc(C)c(CCO)s3)cc(c1)C(F)(F)F,7.66
95,CHEMBL3262624,N[C@H]1COCC[C@H]1Nc2cc3C=CNC(=O)c3c(Nc4cccc5cc[nH]c45)n2,7.66
96,CHEMBL3664158,CC(C)n1cnc(c1)c2ccnc(Nc3cc(Cl)c4[nH]c(cc4c3)C(=O)N(C)C)n2,7.67
97,CHEMBL3668842,CN(Cc1ccn(C)n1)C(=O)c2cc3cc(Nc4nccc(n4)c5cn(C)cn5)cc(C)c3[nH]2,7.67
98,CHEMBL3641561,COc1ccnc(c1)c2ccnc(Nc3ccc4sc(cc4c3)C(=O)N5CCN(C)CC5)n2,7.67
99,CHEMBL3668868,Cc1cc(Nc2nccc(n2)c3cn(C)cn3)cc4cc([nH]c14)C(=O)N5CCn6c(C)ncc6C5,7.67
100,CHEMBL3668809,Cc1cc(Nc2nccc(n2)c3cn(C)cn3)cc4cc([nH]c14)C(=O)NCC(F)F,7.67
101,CHEMBL3641588,CN1CCN(CC1)C(=O)c2cc3cc(Nc4nccc(n4)c5cc(O[C@H]6CCOC6)ccn5)ccc3[nH]2,7.68
102,CHEMBL3653831,CN1CCc2ccc(cc2CC1)c3cc(OCc4ncccc4C(=O)N)c5cccnc5c3,7.68
103,CHEMBL3698106,CNc1ccc(cc1S(=O)(=O)C)c2cc3N=CN(C)C(=O)c3c(N[C@@H]4CCOC4)n2,7.68
104,CHEMBL3641506,COCc1ccnc(c1)c2ccnc(Nc3ccc4[nH]c(cc4c3)C(C)(C)C)n2,7.68
105,CHEMBL3653748,COc1cc(ccc1O)c2cc(OC[C@H]3CNC(=O)C3)c4cccnc4c2,7.68
106,CHEMBL3265023,COc1ccc(Nc2nc(cn3ccnc23)c4ccc5c(cnn5C)c4)cc1OC,7.68
107,CHEMBL3262618,C[C@H](N)CNc1cc2N=CNC(=O)c2c(Nc3cccc4cc[nH]c34)n1,7.68
108,CHEMBL475248,Cc1cc(C)cc(Nc2nc(N[C@H](CN)c3ccccc3)n4ccnc4c2C(=O)N)c1,7.68
109,CHEMBL3685802,Cc1cc(Nc2nccc(n2)C(F)(F)F)cc(c1)c3cnc(s3)c4cc[nH]n4,7.68
110,CHEMBL3664175,Cc1cc(Nc2nccc(n2)c3cn(C)cn3)cc4cc([nH]c14)C(=O)N5CCN(CC5)C(=O)C6CCCO6,7.68
111,CHEMBL3643723,O=C(N1CCN(CC1)C2CCCC2)c3cc4cc(Nc5nccc(n5)c6ccccn6)ccc4[nH]3,7.68
112,CHEMBL3641666,O=C(N1CCN(CCCN2CCCC2)CC1)c3cc4cc(Nc5nccc(n5)c6ccccn6)ccc4[nH]3,7.68
113,CHEMBL3641576,CC(O)CCC(C)Oc1ccnc(c1)c2ccnc(Nc3ccc4[nH]c(cc4c3)C(=O)N5CCN(C)CC5)n2,7.69
114,CHEMBL3622951,CN1CCc2cc(Nc3nccc(n3)n4cc(CN5CC(O)C5)c(C)n4)ccc12,7.69
115,CHEMBL3641522,COc1ccnc(c1)c2ccnc(Nc3ccc4[nH]ccc4c3)n2,7.69
116,CHEMBL3695999,Cc1cc2ncccc2c(OC[C@H]3CNC(=O)C3)n1,7.69
117,CHEMBL30381,CCN(CC)c1ccc(cc1)c2cc3ncccc3c(NCCCN)n2,7.7
118,CHEMBL3664146,CN(C)C(=O)c1cc2cc(Nc3nccc(n3)c4cn(C)cn4)cc(C)c2[nH]1,7.7
119,CHEMBL3641504,CN(C)C(=O)c1sc2ccc(Nc3nccc(n3)c4ccccn4)cc2c1C,7.7
120,CHEMBL104519,CNS(=O)(=O)c1ccc2NC(=O)\C(=C/c3cn(C)c4ccc(OC)cc34)\c2c1,7.7
121,CHEMBL3265037,COc1cc(Nc2nc(cn3ccnc23)c4ccc5cn[nH]c5c4)ccc1N6CCOCC6,7.7
122,CHEMBL3685795,COc1nc(Nc2cc(C)cc(c2)c3cnc(s3)[C@@]4(O)CC[C@H](C(=O)O)C(C)(C)C4)ncc1C(F)(F)F,7.7
123,CHEMBL3262617,N[C@H]1COCC[C@H]1Nc2cc3N=CNC(=O)c3c(Nc4cccc5cc[nH]c45)n2,7.7
124,CHEMBL3641680,CN1C(=O)COCC12CCN(CC2)C(=O)c3cc4cc(Nc5nccc(n5)c6ccccn6)ccc4[nH]3,7.71
125,CHEMBL3643784,COCc1ccnc(c1)c2ccnc(Nc3cc(Cl)c4[nH]c(cc4c3)C(=O)N(C)C)n2,7.71
126,CHEMBL3641531,COc1ccnc(c1)c2ccnc(Nc3ccc4c(c3)cc(C(=O)N5CCN(C)CC5)n4C)n2,7.71
127,CHEMBL3622959,Cc1nn(cc1CN2CC(O)C2)c3ccnc(Nc4ccc5c(cnn5C)c4)n3,7.71
128,CHEMBL3643774,CCc1cc(Nc2nccc(n2)c3ccccn3)cc4cc([nH]c14)C(=O)N(C)C,7.72
129,CHEMBL3643812,CN(C)C(=O)c1cc2cc(Nc3nccc(n3)c4cc(ccn4)C(C)(C)C#N)cc(C)c2[nH]1,7.72
130,CHEMBL282342,CN(C)c1ccc(cc1)c2cc3ncccc3c(NCCCCN)n2,7.72
131,CHEMBL3641354,CN1C=Nc2cc(nc(N[C@@H]3CCOC3)c2C1=O)c4ccc(cc4)N5CCNCC5,7.72
132,CHEMBL2347416,CN1CC(Cn2nc(c3cnc4[nH]cc(C(=O)NC(C)(C)C)c4n3)c5cc(OC(F)F)ccc25)C1,7.72
133,CHEMBL2347999,CN1CCC(CC1)c2nn(c3cnc4[nH]cc(C(=O)NC(C)(C)CO)c4n3)c5ccccc25,7.72
134,CHEMBL475251,COc1cc(Nc2ncc(F)c(Nc3ccc4OC(C)(C)C(=O)Nc4n3)n2)cc(OC)c1OC,7.72
135,CHEMBL3641366,C[C@H](CO)Nc1nc(cc2N=CN(C)C(=O)c12)c3ccc(cc3)N4CCNCC4,7.72
136,CHEMBL3415582,Cc1cc(C)nc(Nc2cc(N[C@@H]3CCCC[C@@H]3N)ncc2C(=O)N)c1,7.72
137,CHEMBL3416021,N[C@H]1CCCC[C@H]1Nc2ccc(C(=O)N)c(Nc3cccc(c3)n4nccn4)n2,7.72
138,CHEMBL3641630,O=C(N1CCN(CC2CC2)CC1)c3cc4cc(Nc5nccc(n5)c6ccccn6)ccc4[nH]3,7.72
139,CHEMBL3641617,CCN1CCC2(CCN(C2)C(=O)c3cc4cc(Nc5nccc(n5)c6ccccn6)ccc4[nH]3)C1,7.73
140,CHEMBL3643810,CN(C)C(=O)c1cc2cc(Nc3nccc(n3)c4cccc(F)n4)cc(C)c2[nH]1,7.73
141,CHEMBL3265012,COc1ccc(Nc2nc(cn3ccnc23)c4ccc(C(=O)N)c(F)c4)cc1OC,7.73
142,CHEMBL3641524,COc1ccnc(c1)c2ccnc(Nc3ccc4cc[nH]c4c3)n2,7.73
143,CHEMBL3668876,Cc1cc(Nc2nccc(n2)c3cn(C)cn3)cc4cc([nH]c14)C(=O)N5CCc6nocc6C5,7.73
144,CHEMBL3641621,O=C(N1CCN2CCCC2C1)c3cc4cc(Nc5nccc(n5)c6ccccn6)ccc4[nH]3,7.73
145,CHEMBL3641662,CN(Cc1cncn1C)C(=O)c2cc3cc(Nc4nccc(n4)c5ccccn5)ccc3[nH]2,7.74
146,CHEMBL3641647,CN1CCN(C2CCN(CC2)C(=O)c3cc4cc(Nc5nccc(n5)c6ccccn6)ccc4[nH]3)C1=O,7.74
147,CHEMBL3641605,CN1CCN(CC1)C(=O)c2cc3cc(Nc4nccc(n4)c5cc(OCC6(C)COC6)ccn5)ccc3[nH]2,7.74
148,CHEMBL3668823,CCn1cc(CNC(=O)c2cc3cc(Nc4nccc(n4)c5cn(C)cn5)cc(C)c3[nH]2)cn1,7.75
149,CHEMBL3641553,CN1CCN(CC1)C(=O)c2cc3cc(Nc4nccc(n4)c5ccccn5)ccc3s2,7.75
150,CHEMBL3643816,CNC(=O)c1c[nH]c2ccc(Nc3nccc(n3)c4ccccn4)cc12,7.75
151,CHEMBL3259820,COc1ccc(Nc2nc(cn3ccnc23)c4ccc(cc4)C(=O)N)cc1OC,7.75
152,CHEMBL3643789,COc1ccnc(c1)c2ccnc(Nc3ccc4[nH]c(cc4c3)C(=O)N(C)CC5(C)COC5)n2,7.75
153,CHEMBL3622937,Cc1cc(C)cc(Nc2nccc(n2)n3cc(C)c(CN4CC[C@@H](C4)C(=O)O)c3)c1,7.75
154,CHEMBL3643804,CN(C)C(=O)c1cc2cc(Nc3nccc(n3)c4cccc(F)n4)cc(Cl)c2[nH]1,7.76
155,CHEMBL3668847,CN(Cc1cn(C)nc1C)C(=O)c2cc3cc(Nc4nccc(n4)c5cn(C)cn5)cc(C)c3[nH]2,7.76
156,CHEMBL3641595,CN1CCN(CC1)C(=O)c2cc3cc(Nc4nccc(n4)c5cc(OCC6CNC(=O)C6)ccn5)ccc3[nH]2,7.76
157,CHEMBL3695968,CN1CCOc2cc(cnc12)c3cc4ncccc4c(OCC5CNC(=O)C5)n3,7.76
158,CHEMBL3695976,COc1cc(cc(OC)c1OC)c2cc3ncccc3c(OC(C)C4CC(=O)NO4)n2,7.76
159,CHEMBL3695980,COc1cc(cc(OC)c1OC)c2cc3ncccc3c(OC[C@H]4CNC(=O)[C@@H]4C)n2,7.76
160,CHEMBL3622939,Cc1cc(Nc2nccc(n2)n3cc(C)c(CN4CC[C@@H](O)C4)c3)cc(C)c1OCCO,7.76
161,CHEMBL3657555,Cc1nn(cc1CCN2CC[C@@H](O)C2)c3ccnc(Nc4ccc5c(c4)c(Cl)c(C)n5C)n3,7.76
162,CHEMBL3641686,O=C(N1CCC(CC1)N2CCCCC2)c3cc4cc(Nc5nccc(n5)c6ccccn6)ccc4[nH]3,7.76
163,CHEMBL3641639,O=C(N1CCCOCC1)c2cc3cc(Nc4nccc(n4)c5ccccn5)ccc3[nH]2,7.76
164,CHEMBL3643801,CN(C)C(=O)c1cc2ccc(Nc3nccc(n3)c4cc(OCCO)ccn4)cc2n1C,7.77
165,CHEMBL3641632,CN1CCN(CC1)C2CCN(CC2)C(=O)c3cc4cc(Nc5nccc(n5)c6ccccn6)ccc4[nH]3,7.77
166,CHEMBL2103830,COc1cc(Nc2ncc(F)c(Nc3ccc4OC(C)(C)C(=O)N(COP(=O)(O)O)c4n3)n2)cc(OC)c1OC,7.77
167,CHEMBL3643729,Cc1cc(Nc2nccc(n2)c3ccccn3)cc4OC(=O)Nc14,7.77
168,CHEMBL2105644,[Na+].[Na+].COc1cc(Nc2ncc(F)c(Nc3ccc4OC(C)(C)C(=O)N(COP(=O)([O-])[O-])c4n3)n2)cc(OC)c1OC,7.77
169,CHEMBL3668848,CCCn1ccc(CNC(=O)c2cc3cc(Nc4nccc(n4)c5cn(C)cn5)cc(C)c3[nH]2)n1,7.78
170,CHEMBL3641643,CN1CCC(CN2CCN(CC2)C(=O)c3cc4cc(Nc5nccc(n5)c6ccccn6)ccc4[nH]3)CC1,7.78
171,CHEMBL3643780,COCc1ccnc(c1)c2ccnc(Nc3cc(C)c4[nH]c(cc4c3)C(=O)N(C)C)n2,7.78
172,CHEMBL3643786,COCc1ccnc(c1)c2ccnc(Nc3ccc4[nH]c(cc4c3)C(=O)N(C)C5CCOCC5)n2,7.78
173,CHEMBL3265002,COc1ccc(Nc2nc(cn3ccnc23)c4cccc(c4)C(=O)Nc5ccc(cc5)c6ncc[nH]6)cc1OC,7.78
174,CHEMBL3668834,Cc1cc(Nc2nccc(n2)c3cn(C)cn3)cc4cc([nH]c14)C(=O)N5CCn6ccnc6C5,7.78
175,CHEMBL3668819,Cc1cc(Nc2nccc(n2)c3cn(C)cn3)cc4cc([nH]c14)C(=O)NCc5ccccc5,7.78
176,CHEMBL3653826,Cn1cnc2cc(ccc12)c3cc(OCc4ncccc4C(=O)N)c5cccnc5c3,7.78
177,CHEMBL3643793,OCCCOc1ccnc(c1)c2ccnc(Nc3ccc4[nH]c(cc4c3)C(=O)N5CCOCC5)n2,7.78
178,CHEMBL3653744,COc1c(F)cc(cc1F)c2cc(OC[C@H]3CNC(=O)O3)c4cccnc4c2,7.79
179,CHEMBL3695988,COc1cc(cc(OC)c1OC2CCOCC2)c3cc4ncccc4c(OC[C@H]5CNC(=O)C5)n3,7.79
180,CHEMBL2347990,CC(C)(CO)NC(=O)c1c[nH]c2ncc(nc12)c3nn(CCC(O)CO)c4cc(F)ccc34,7.8
181,CHEMBL2347992,CC(C)(CO)NC(=O)c1c[nH]c2ncc(nc12)c3nn(CCCS(=O)(=O)C)c4cc(F)ccc34,7.8
182,CHEMBL3668821,CC(C)n1ncc2CN(CCc12)C(=O)c3cc4cc(Nc5nccc(n5)c6cn(C)cn6)cc(C)c4[nH]3,7.8
183,CHEMBL2177735,CC1CCCN1c2cccc(Nc3cc(nn4ccnc34)c5cccc(CN)c5)n2,7.8
184,CHEMBL3641606,CN1CCN(CC1)C(=O)c2cc3cc(Nc4nccc(n4)c5cc(OC6CC=CC6)ccn5)ccc3[nH]2,7.8
185,CHEMBL3668808,COC(=O)c1cc2cc(Nc3nccc(n3)c4cn(C)cn4)cc(Cl)c2[nH]1,7.8
186,CHEMBL3698419,COC(=O)c1ccc2c(CCC2(O)c3ncc(s3)c4cc(C)cc(Nc5cc(ccn5)C(F)(F)F)n4)c1,7.8
187,CHEMBL3696032,COc1ccc(cc1OC)c2cc3ncccc3c(NCC4=CNC(=O)C=C4)n2,7.8
188,CHEMBL3653793,COc1cncc(c1)c2cc(O[C@H](C)[C@H]3CNC(=O)C3)c4cccnc4c2,7.8
189,CHEMBL3622209,C[C@@H](Oc1cc(cc2nscc12)c3cnn(C)c3)[C@H]4CNC(=O)O4,7.8
190,CHEMBL3622697,C[C@@H](Oc1cc(cc2nscc12)c3cnn(c3)C(F)F)[C@H]4CNC(=O)O4,7.8
191,CHEMBL3668813,Cc1cc(Nc2nccc(n2)c3cn(C)cn3)cc4cc([nH]c14)C(=O)N5CCc6cnn(C)c6C5,7.8
192,CHEMBL3668851,Cc1cc(Nc2nccc(n2)c3cn(C)cn3)cc4cc([nH]c14)C(=O)N5Cc6nc(C)sc6C5,7.8
193,CHEMBL3237562,Cc1nc(Nc2cc(N[C@@H]3CCCC[C@@H]3N)nnc2C(=O)N)ccc1Cl,7.8
194,CHEMBL3641554,CN(C)C(=O)c1cc2cc(Nc3nccc(n3)c4ccccn4)ccc2s1,7.81
195,CHEMBL3643798,CN(C)C(=O)c1cc2ccc(Nc3nccc(n3)c4cc(OCC5CNC(=O)C5)ccn4)cc2n1C,7.81
196,CHEMBL3641611,CN(Cc1ccccn1)C(=O)c2cc3cc(Nc4nccc(n4)c5ccccn5)ccc3[nH]2,7.81
197,CHEMBL3641563,COc1ccnc(c1)c2ccnc(Nc3ccc4sc(cc4c3)C(=O)N(C)C)n2,7.81
198,CHEMBL3653761,CS(=O)(=O)c1ccc(cc1F)c2cc(OCc3ncccc3C(=O)N)c4cccnc4c2,7.81
199,CHEMBL3685817,CC1(C)Oc2c(NC1=O)cc(Nc3nccc(n3)C(F)(F)F)cc2c4cnc(s4)C(O)C(F)F,7.82
200,CHEMBL3265031,CC1(O)CCN(CC1)c2ccc(Nc3nc(cn4ccnc34)c5ccc6cn[nH]c6c5)cc2,7.82
201,CHEMBL3698434,CCOP(=O)(OCC)c1ccc2c(CCC[C@]2(O)c3ncc(s3)c4cc(C)cc(Nc5cc(ccn5)C(F)(F)F)n4)c1,7.82
202,CHEMBL3664159,CN(C)C(=O)c1cc2cc(Nc3nccc(n3)c4cn(C)cn4)cc(SCc5cccs5)c2[nH]1,7.82
203,CHEMBL3641505,CN1CCN(CC1)C(=O)c2cc3cc(Nc4nccc(n4)c5cc(C)ccn5)ccc3[nH]2,7.82
204,CHEMBL3641544,CN1CCN(CC1)C(=O)c2cc3cc(Nc4nccc(n4)c5cc(OCCO)ccn5)ccc3[nH]2,7.82
205,CHEMBL3264996,COC(=O)c1ccc(NC(=O)c2cccc(c2)c3cn4ccnc4c(Nc5ccc(OC)c(OC)c5)n3)cc1,7.82
206,CHEMBL3645121,CS(=O)(=O)N1CCN(CC1)c2ccc(Nc3ncc(C(=O)N)c(NC4CC4)n3)cc2,7.82
207,CHEMBL3641511,C[C@@H](O)[C@@H](C)Oc1ccnc(c1)c2ccnc(Nc3ccc4[nH]c(cc4c3)C(=O)N5CCN(C)CC5)n2,7.82
208,CHEMBL3653803,Cc1ccc2cc(ccc2n1)c3cc(OCc4ncccc4C(=O)N)c5cccnc5c3,7.82
209,CHEMBL3641500,NC(=O)c1ccccc1c2ccnc(c2)c3ccnc(Nc4ccc5COCc5c4)n3,7.82
210,CHEMBL3696000,O=C1C[C@@H](COc2nc(cc3ncccc23)c4ccc5OCOc5c4)CN1,7.82
211,CHEMBL3668816,CN(Cc1cc(C)nn1C)C(=O)c2cc3cc(Nc4nccc(n4)c5cn(C)cn5)cc(C)c3[nH]2,7.83
212,CHEMBL3641590,CN1CCN(CC1)C(=O)c2cc3cc(Nc4nccc(n4)c5cc(OCCC(C)(C)O)ccn5)ccc3[nH]2,7.83
213,CHEMBL3668863,Cc1cc(Nc2nccc(n2)c3cn(C)cn3)cc4cc([nH]c14)C(=O)N5CCN(CCN6CCOCC6)CC5,7.83
214,CHEMBL3643732,CN1CCN(CC1)C(=O)c2cc3cc(Nc4nccc(n4)c5cc(OCC6CC6)ccn5)ccc3[nH]2,7.84
215,CHEMBL3695962,COc1cc(ccc1Cl)c2cc3ncccc3c(OC[C@H]4CNC(=O)C4)n2,7.84
216,CHEMBL3622941,Cc1cn(cc1CN2CC[C@@H](O)C2)c3ccnc(Nc4cc(C)c(OCC(=O)N5CCCC5)c(C)c4)n3,7.84
217,CHEMBL3653755,CC(=O)Nc1ccc(cn1)c2cc(OCc3ncccc3C(=O)N)c4cccnc4c2,7.85
218,CHEMBL3664176,CC(C)N1CCCN(CC1)C(=O)c2cc3cc(Nc4nccc(n4)c5cn(C)cn5)cc(C)c3[nH]2,7.85
219,CHEMBL388978,CN[C@@H]1C[C@H]2O[C@@](C)([C@@H]1OC)n3c4ccccc4c5c6CNC(=O)c6c7c8ccccc8n2c7c35,7.85
220,CHEMBL472478,COc1cc(Nc2nccc(n2)c3nccs3)cc(OC)c1,7.85
221,CHEMBL2348850,COc1cc(cc(OC)c1OC)c2cnc3[nH]cc(C(=O)NC(C)C)c3n2,7.85
222,CHEMBL3695993,COc1cc(ccc1F)c2cc3ncccc3c(OC[C@H]4CNC(=O)C4)n2,7.85
223,CHEMBL319613,COc1ccc2c(c1)c(\C=C\3/C(=O)Nc4ccc(cc34)S(=O)(=O)N)cn2CCCC(=O)O,7.85
224,CHEMBL3664179,Cc1cc(Nc2nccc(n2)c3cn(C)cn3)cc4cc([nH]c14)C(=O)NCCCN5CCOCC5,7.85
225,CHEMBL3701217,Cc1ccc(cc1)n2nc(cc2NC(=O)Nc3ccc(Oc4ccnc(Nc5ccccc5)n4)c6ccccc36)C(C)(C)C,7.85
226,CHEMBL104279,Cn1cc(\C=C\2/C(=O)Nc3ccc(cc23)S(=O)(=O)N)c4ccccc14,7.85
227,CHEMBL3416027,N[C@H]1CCCC[C@H]1Nc2nnc(C(=O)N)c(Nc3cccc4[nH]ccc34)n2,7.85
228,CHEMBL101797,O=C1Nc2ccccc2/C/1=C\c3ccc[nH]3,7.85
229,CHEMBL3641503,CC(C)(C)c1cc2cc(Nc3nccc(n3)c4cc(ccn4)c5cc[nH]c5)ccc2[nH]1,7.86
230,CHEMBL3641645,CN(CC1CCOCC1)C(=O)c2cc3cc(Nc4nccc(n4)c5ccccn5)ccc3[nH]2,7.86
231,CHEMBL3668814,Cc1cc(Nc2nccc(n2)c3cn(C)cn3)cc4cc([nH]c14)C(=O)NCc5ccc(Cl)cc5,7.86
232,CHEMBL3643724,O=C(CN1CCN(CC1)C(=O)c2cc3cc(Nc4nccc(n4)c5ccccn5)ccc3[nH]2)N6CCOCC6,7.86
233,CHEMBL3668850,CC(C)n1ccnc1CNC(=O)c2cc3cc(Nc4nccc(n4)c5cn(C)cn5)cc(C)c3[nH]2,7.87
234,CHEMBL3664215,CN(CCCN1CCN(C)CC1)C(=O)c2cc3cc(Nc4nccc(n4)c5cn(C)cn5)cc(Cl)c3[nH]2,7.87
235,CHEMBL3641586,CN1CCN(CC1)C(=O)c2cc3cc(Nc4nccc(n4)c5cc(OC6COCC6O)ccn5)ccc3[nH]2,7.87
236,CHEMBL3695963,COc1cc(C)cc(OC)c1OCCN2CCOCC2,7.87
237,CHEMBL3696048,C[C@@H](Oc1nc(cc2ncccc12)c3ccccc3F)[C@H]4CNC(=O)C4,7.87
238,CHEMBL3668861,CC1CN(CC(C)N1C)C(=O)c2cc3cc(Nc4nccc(n4)c5cn(C)cn5)cc(Cl)c3[nH]2,7.88
239,CHEMBL3664161,CN(C)C(=O)c1cc2cc(Nc3nccc(n3)c4cn(cn4)C5CC5)cc(Cl)c2[nH]1,7.88
240,CHEMBL3643746,CN1CCN(CC1)C(=O)c2cc3cc(Nc4nccc(n4)c5cc(OCC=C)ccn5)ccc3[nH]2,7.88
241,CHEMBL3695983,COc1cc(cc(OC)c1OC)c2cc3ncccc3c(N[C@H](C)[C@H]4CNC(=O)C4)n2,7.88
242,CHEMBL3695946,C[C@@H](Oc1nc(cc2ncccc12)c3ccc(OC(F)(F)F)c(F)c3)[C@H]4CNC(=O)C4,7.88
243,CHEMBL3622936,Cc1cc(C)cc(Nc2nccc(n2)n3cc(C)c(CN4CC[C@@H](N)C4)c3)c1,7.88
244,CHEMBL3664142,CN(C)C(=O)c1cc2cc(Nc3nccc(n3)c4ncn(C)c4C)cc(C)c2[nH]1,7.89
245,CHEMBL3641550,CN(C)C(=O)c1cc2ccc(Nc3nccc(n3)c4ccccn4)cc2[nH]1,7.89
246,CHEMBL3664211,CN(C1CCN(C)CC1)C(=O)c2cc3cc(Nc4nccc(n4)c5cn(C)cn5)cc(Cl)c3[nH]2,7.89
247,CHEMBL3698027,CN1C=Nc2cc(nc(NC3CC3)c2C1=O)c4ccc(NCCN5CCCC5)c(c4)S(=O)(=O)C,7.89
248,CHEMBL3641600,CN1CCN(CC1)C(=O)c2cc3cc(Nc4nccc(n4)c5cc(OC6CCCC[C@@H]6O)ccn5)ccc3[nH]2,7.89
249,CHEMBL3409422,CN1CCN(CC1)c2ccc(Nc3ncc(F)c(Nc4ccc5nc(C)cc(N)c5c4)n3)cc2,7.89
250,CHEMBL3641655,CN1[C@@H]2CC[C@H]1CN(C2)C(=O)c3cc4cc(Nc5nccc(n5)c6ccccn6)ccc4[nH]3,7.89
251,CHEMBL3698393,COC(=O)c1cc2CCCC(O)(c2cc1F)c3ncc(s3)c4cc(C)cc(Nc5cc(ccn5)C(F)(F)F)n4,7.89
252,CHEMBL2348855,C[C@@H](CO)NC(=O)c1c[nH]c2ncc(nc12)c3nn(C)c4cc(Cl)ccc34,7.89
253,CHEMBL3685826,Cc1cc(Nc2nccc(n2)C(F)(F)F)cc(c1)c3cnc(s3)[C@]4(O)CC[C@@H](CO)C(C)(C)C4,7.89
254,CHEMBL3657553,Cc1nn(cc1CN2C[C@H](O)C[C@H]2C(=O)O)c3ccnc(Nc4ccc5c(c4)c(Cl)c(C)n5C)n3,7.89
255,CHEMBL2177736,N[C@H]1CCCC[C@H]1Nc2ncc(C(=O)N)c(Nc3cccc(c3)n4nccn4)n2,7.89
256,CHEMBL3685818,OC1(CCC1)c2ncc(s2)c3cc(Nc4nccc(n4)C(F)(F)F)cc(c3)N5CCOCC5,7.89
257,CHEMBL3657545,CC(C)n1nc(Cl)c2cc(Nc3nccc(n3)n4cc(CN5CC(O)C5)c(C)n4)ccc12,7.9
258,CHEMBL3668801,CN(C)CCN(C)C(=O)c1cc2cc(Nc3nccc(n3)c4cn(C)cn4)cc(Cl)c2[nH]1,7.9
259,CHEMBL3668804,COC(=O)c1cc2cc(Nc3nccc(n3)c4cn(C)cn4)cc(C)c2[nH]1,7.9
260,CHEMBL3265019,COc1ccc(Nc2nc(cn3ccnc23)c4ccc5nn[nH]c5c4)cc1OC,7.9
261,CHEMBL1835065,Cc1cccc(Nc2nc(N[C@@H]3CCOC[C@@H]3N)ncc2C(=O)N)c1,7.9
262,CHEMBL3643806,OCCCOc1ccnc(c1)c2ccnc(Nc3ccc4[nH]c(cc4c3)C(=O)N5CCCOCC5)n2,7.9
263,CHEMBL3641677,CN1CCN(CC1)C2CN(C2)C(=O)c3cc4cc(Nc5nccc(n5)c6ccccn6)ccc4[nH]3,7.91
264,CHEMBL3695978,COCC[C@@H](Oc1nc(cc2ncccc12)c3cc(OC)c(OC)c(OC)c3)[C@H]4CNC(=O)C4,7.91
265,CHEMBL3265022,COc1ccc(Nc2nc(cn3ccnc23)c4ccc5cnn(C)c5c4)cc1OC,7.91
266,CHEMBL3653749,COc1ccc(cn1)c2cc(OC[C@H]3CNC(=O)O3)c4cccnc4c2,7.91
267,CHEMBL3695947,C[C@@H](Oc1nc(cc2ncccc12)c3cc(F)c(Cl)c(F)c3)[C@H]4CNC(=O)C4,7.91
268,CHEMBL3643796,Cc1cc(Nc2nccc(n2)c3ccccn3)cc4cc([nH]c14)C(=O)N5CCC(CC5)N6CCCC6=O,7.91
269,CHEMBL3641637,O=C(NCC1CCOCC1)c2cc3cc(Nc4nccc(n4)c5ccccn5)ccc3[nH]2,7.91
270,CHEMBL3664199,CN(C)C1CCN(CC1)C(=O)c2cc3cc(Nc4nccc(n4)c5cn(C)cn5)cc(Cl)c3[nH]2,7.92
271,CHEMBL3668854,COC1CCN(CC1)C(=O)c2cc3cc(Nc4nccc(n4)c5cn(C)cn5)cc(Cl)c3[nH]2,7.92
272,CHEMBL3695950,COc1ccc(cc1C(F)(F)F)c2cc3ncccc3c(OC[C@H]4CNC(=O)C4)n2,7.92
273,CHEMBL1190711,COc1ccc(cc1OC)c2cc3nccn3c(Nc4ncccc4C(=O)N)n2,7.92
274,CHEMBL431645,COc1ccc2c(c1)c(\C=C\3/C(=O)Nc4ccc(cc34)S(=O)(=O)N)cn2CCCC(=O)N,7.92
275,CHEMBL3685814,Cc1cc(Nc2nccc(n2)C(F)(F)F)cc(c1)c3cnc(CNC4(CCC4)C(=O)O)s3,7.92
276,CHEMBL3668875,Cc1cc(Nc2nccc(n2)c3cn(C)cn3)cc4cc([nH]c14)C(=O)NCc5ccc(F)cc5,7.92
277,CHEMBL3641541,CN1CCN(CC1)C(=O)c2cc3cc(Nc4nccc(n4)c5cc(OCC(C)(C)C)ccn5)ccc3[nH]2,7.93
278,CHEMBL3668811,COCCn1cnc(c1)c2ccnc(Nc3cc(Cl)c4[nH]c(cc4c3)C(=O)N(C)C)n2,7.93
279,CHEMBL3695986,COc1cc(cc(OC)c1OC)c2cc3ncccc3c(OC[C@H]4CNC(=O)C4(C)C)n2,7.93
280,CHEMBL3265003,COc1ccc(Nc2nc(cn3ccnc23)c4cccc(c4)C(=O)Nc5ccc(cc5)c6cc[nH]n6)cc1OC,7.93
281,CHEMBL3696021,COc1ccc(cc1OC)c2cc3ncccc3c(NC[C@H]4CNC(=O)C4)n2,7.93
282,CHEMBL3698414,Cc1cc(Nc2cc(ccn2)C(F)(F)F)nc(c1)c3cnc(s3)[C@]4(O)CCCCc5ccc(cc45)C(=O)O,7.93
283,CHEMBL3653812,Cc1nc2ccc(cc2s1)c3cc(OCc4ncccc4C(=O)N)c5cccnc5c3,7.93
284,CHEMBL3653765,NC(=O)c1cccnc1COc2cc(cc3ncccc23)c4ccc(cc4)S(=O)(=O)C(F)(F)F,7.93
285,CHEMBL3641542,CN1CCN(CC1)C(=O)c2cc3cc(Nc4nccc(n4)c5ccccn5)ccc3[nH]2,7.94
286,CHEMBL3664144,CN1CCN(CC1)C(=O)c2cc3cc(Nc4nccc(n4)c5cn(C)cn5)cc(Cl)c3[nH]2,7.94
287,CHEMBL3643787,COCc1ccnc(c1)c2ccnc(Nc3ccc4[nH]c(cc4c3)C(=O)N5CCCOCC5)n2,7.94
288,CHEMBL3668872,Cc1cc(Nc2nccc(n2)c3cn(C)cn3)cc4cc([nH]c14)C(=O)N5CCc6oncc6C5,7.94
289,CHEMBL3668815,Cc1cc(Nc2nccc(n2)c3cn(C)cn3)cc4cc([nH]c14)C(=O)NC[C@@H]5CCCO5,7.94
290,CHEMBL3622942,Cc1cc(Nc2nccc(n2)n3cc(C)c(CN4CC(O)C4)c3)cc(C)c1OCCN5CCCC5,7.94
291,CHEMBL3668858,CN1C(=O)COCC12CCN(CC2)C(=O)c3cc4cc(Nc5nccc(n5)c6cn(C)cn6)ccc4[nH]3,7.95
292,CHEMBL475780,COc1cc(Nc2nc(NC3CCCC[C@H]3N)n4nc(C)nc4c2C(=O)N)cc(OC)c1,7.95
293,CHEMBL3664180,Cc1cc(Nc2nccc(n2)c3cn(C)cn3)cc4cc([nH]c14)C(=O)NCCN5CCOCC5,7.95
294,CHEMBL3664213,Cn1cnc(c1)c2ccnc(Nc3cc(Cl)c4[nH]c(cc4c3)C(=O)N[C@@H]5CC[C@H](CC5)N6CCOCC6)n2,7.95
295,CHEMBL3668859,CC1CN(CCO1)C(=O)c2cc3cc(Nc4nccc(n4)c5cn(C)cn5)cc(Cl)c3[nH]2,7.96
296,CHEMBL3668825,CCn1cc(CNC(=O)c2cc3cc(Nc4nccc(n4)c5cn(C)cn5)cc(C)c3[nH]2)c(C)n1,7.96
297,CHEMBL3643802,CN(C)C(=O)c1cc2ccc(Nc3nccc(n3)c4cc(OCCCO)ccn4)cc2n1C,7.96
298,CHEMBL3643791,CN(C)C(=O)c1cc2ccc(Nc3nccc(n3)c4cc(OCCO)ccn4)cc2[nH]1,7.96
299,CHEMBL3698113,CN1CCC(CC1)Nc2ccc(cc2S(=O)(=O)C)c3cc4N=CN(C)C(=O)c4c(N[C@@H]5CCOC5)n3,7.96
300,CHEMBL3641574,CN1CCN(CC1)C(=O)c2cc3cc(Nc4nccc(n4)c5cc(OC6CCCC(O)C6)ccn5)ccc3[nH]2,7.96
301,CHEMBL3265004,COc1ccc(Nc2nc(cn3ccnc23)c4cccc(c4)C(=O)Nc5ccc(cc5)c6cn[nH]c6)cc1OC,7.96
302,CHEMBL105438,COc1ccc2c(c1)c(\C=C\3/C(=O)Nc4ccc(cc34)S(=O)(=O)N)cn2CCCCC(=O)O,7.96
303,CHEMBL3664178,Cc1cc(Nc2nccc(n2)c3cn(C)cn3)cc4cc([nH]c14)C(=O)N5CCC(CC5)N6CCCC6=O,7.96
304,CHEMBL3622961,Cc1nn(cc1CN2CC(O)C2)c3ccnc(Nc4ccc5c(c4)c(Cl)nn5C)n3,7.96
305,CHEMBL3664200,Cn1cnc(c1)c2ccnc(Nc3cc(Cl)c4[nH]c(cc4c3)C(=O)NC5CCCNC5)n2,7.96
306,CHEMBL3664201,Cn1cnc(c1)c2ccnc(Nc3cc(Cl)c4[nH]c(cc4c3)C(=O)N[C@H]5[C@@H]6CNC[C@H]56)n2,7.96
307,CHEMBL3685790,NC(=O)N1CCC(O)(C1)c2ncc(s2)c3cccc(Nc4nccc(n4)C(F)(F)F)c3,7.96
308,CHEMBL3643726,O=C(N1CCC(CC1)N2CCCC2=O)c3cc4cc(Nc5nccc(n5)c6ccccn6)ccc4[nH]3,7.96
309,CHEMBL3695991,COc1ccc(cc1OC)c2cc3ncccc3c(OC[C@H]4CNC(=O)C4)n2,7.97
310,CHEMBL3668786,Cn1cnc(c1)c2ccnc(Nc3cc(Cl)c4[nH]c(cc4c3)C(=O)N5CCC(CC5)N6CC(O)C6)n2,7.97
311,CHEMBL3643778,CN(C)C(=O)c1cc2ccc(Nc3nccc(n3)c4cc(OC5CCC(O)C5)ccn4)cc2[nH]1,7.98
312,CHEMBL3668796,CN(C)CC[C@@H]1CC[C@@H](CC1)NC(=O)c2cc3cc(Nc4nccc(n4)c5cn(C)cn5)cc(Cl)c3[nH]2,7.98
313,CHEMBL3641615,CN1CCC2(CCN(C2)C(=O)c3cc4cc(Nc5nccc(n5)c6ccccn6)ccc4[nH]3)C1,7.98
314,CHEMBL3265021,COc1ccc(Nc2nc(cn3ccnc23)c4ccc5[nH]ncc5c4)cc1OC,7.98
315,CHEMBL3664160,CN(C)C(=O)c1cc2cc(Nc3nccc(n3)c4cn(C)cn4)cc(c5cnn(C)c5)c2[nH]1,7.99
316,CHEMBL3695970,COc1cc(cc(OC)c1OC)c2cc3ncccc3c(NCC4=NNC(=O)N4)n2,7.99
317,CHEMBL3668867,Cc1cc(Nc2nccc(n2)c3cn(C)cn3)cc4cc([nH]c14)C(=O)NCc5cnn(C)c5,7.99
318,CHEMBL3664208,Cn1cnc(c1)c2ccnc(Nc3cc(Cl)c4[nH]c(cc4c3)C(=O)NC5CCNCC5)n2,7.99
319,CHEMBL3643818,FC(F)(F)c1cc(Nc2nccc(n2)c3ccccn3)cc4[nH]c(nc14)C(F)(F)F,7.99
320,CHEMBL2347407,CC(C)(C)NC(=O)c1c[nH]c2ncc(nc12)c3n[nH]c4c(cccc34)C(C)(C)O,8.0
321,CHEMBL3643731,CC(C)COc1ccnc(c1)c2ccnc(Nc3ccc4[nH]c(cc4c3)C(=O)N5CCN(C)CC5)n2,8.0
322,CHEMBL3698028,CC(C)Nc1nc(cc2N=CN(C)C(=O)c12)c3ccc(NCCN4CCCC4)c(c3)S(=O)(=O)C,8.0
323,CHEMBL3668877,CN(Cc1cnn(C)c1)C(=O)c2cc3cc(Nc4nccc(n4)c5cn(C)cn5)cc(C)c3[nH]2,8.0
324,CHEMBL3643738,CN1CCN(CC1)C(=O)c2cc3cc(Nc4nccc(n4)c5cc(OCC6(CC#N)CC6)ccn5)ccc3[nH]2,8.0
325,CHEMBL3237578,COc1ccc(Nc2cc(NCCN)nnc2C(=O)N)nc1C(C)C,8.0
326,CHEMBL3237575,COc1ccc(Nc2cc(N[C@@H]3CCCC[C@@H]3N)nnc2C(=O)N)nc1C(C)C,8.0
327,CHEMBL3237576,COc1ccc(Nc2cc(N[C@@H]3CCOC[C@@H]3N)nnc2C(=O)N)nc1C(C)C,8.0
328,CHEMBL3696015,COc1ccc(cc1OC)c2cc3ncccc3c(OCC4CC(=O)NO4)n2,8.0
329,CHEMBL2170585,COc1ccc(cc1OC)c2cc3nccn3c(Nc4ccc5cn[nH]c5c4)n2,8.0
330,CHEMBL3641528,COc1ccnc(c1)c2ccnc(Nc3ccc4[nH]c(C)cc4c3)n2,8.0
331,CHEMBL3641516,COc1ccnc(c1)c2ccnc(Nc3ccc4[nH]c(cc4c3)C(=O)NCCN5CCOCC5)n2,8.0
332,CHEMBL3657557,C[C@@H]1C[C@@H](O)CN1Cc2cn(nc2C)c3ccnc(Nc4ccc5c(c4)c(Cl)c(C)n5C)n3,8.0
333,CHEMBL511811,Cc1cc(C)cc(Nc2nccc(n2)c3nc(CO)cs3)c1,8.0
334,CHEMBL485731,Cc1cc(Nc2nccc(n2)c3nc(CO)cs3)cc(c1)C(F)(F)F,8.0
335,CHEMBL1835070,Cc1ccc(Nc2nc(N[C@@H]3CCCC[C@@H]3N)ncc2C(=O)N)cc1,8.0
336,CHEMBL3695960,Cc1ccc(OC2CCOCC2)c(c1)C(F)(F)F,8.0
337,CHEMBL3233058,Cc1cccc(Nc2cc(N[C@@H]3CCCC[C@@H]3N)nnc2C(=O)N)n1,8.0
338,CHEMBL541400,Cl.Cl.COc1ccc(cc1OC)c2cc3nccn3c(Nc4ncccc4C(=O)N)n2,8.0
339,CHEMBL3664203,Cn1cnc(c1)c2ccnc(Nc3cc(Cl)c4[nH]c(cc4c3)C(=O)N5CCN(CC5)c6nccn6C)n2,8.0
340,CHEMBL2347414,Cn1nc(c2cnc3[nH]cc(C(=O)N[C@@]4(C)C[C@H](N)C4)c3n2)c5ccc(F)cc15,8.0
341,CHEMBL3237564,N[C@H]1CCCC[C@H]1Nc2cc(Nc3ccc4CCCc4n3)c(nn2)C(=O)N,8.0
342,CHEMBL3643747,CN1CCN(CC1)C(=O)c2cc3cc(Nc4nccc(n4)c5cc(OCC(F)(F)F)ccn5)ccc3[nH]2,8.01
343,CHEMBL3668841,Cc1cc(Nc2nccc(n2)c3cn(C)cn3)cc4cc([nH]c14)C(=O)NCc5cccc(F)c5,8.01
344,CHEMBL3668790,Cn1cnc(c1)c2ccnc(Nc3cc(Cl)c4[nH]c(cc4c3)C(=O)NCCCN5CCOCC5)n2,8.01
345,CHEMBL603469,C[C@]12O[C@H](C[C@]1(O)CO)n3c4ccccc4c5c6C(=O)NCc6c7c8ccccc8n2c7c35,8.02
346,CHEMBL3668869,Cc1oc(CNC(=O)c2cc3cc(Nc4nccc(n4)c5cn(C)cn5)cc(C)c3[nH]2)nn1,8.02
347,CHEMBL3641548,CN1CCN(CC1)C(=O)c2cc3cc(Nc4nccc(n4)c5cc(ccn5)C(C)(C)C)ccc3[nH]2,8.03
348,CHEMBL3645122,NC(=O)[C@@H]1CCCN(C1)c2ccc(Nc3ncc(C(=O)N)c(NC4CC4)n3)cc2,8.03
349,CHEMBL3622953,CCn1ccc2cc(Nc3nccc(n3)n4cc(CN5CC(O)C5)c(n4)C6CC6)ccc12,8.04
350,CHEMBL3668844,Cc1cc(Nc2nccc(n2)c3cn(C)cn3)cc4cc([nH]c14)C(=O)NCC5CNC(=O)C5,8.04
351,CHEMBL3668827,Cc1cc(Nc2nccc(n2)c3cn(C)cn3)cc4cc([nH]c14)C(=O)NCc5cscn5,8.04
352,CHEMBL3668806,Cc1cc(Nc2nccc(n2)c3cn(C)cn3)cc4cc([nH]c14)C(=O)O,8.04
353,CHEMBL3664212,Cn1cnc(c1)c2ccnc(Nc3cc(Cl)c4[nH]c(cc4c3)C(=O)N5CCN(CC5)c6ccccn6)n2,8.04
354,CHEMBL474582,COc1cc(Nc2nc(NCCN)n3cnnc3c2C(=O)N)cc(OC)c1,8.05
355,CHEMBL514012,COc1cc(Nc2nc(N[C@@H]3CCCC[C@@H]3N)n4cnnc4c2C(=O)N)cc(OC)c1,8.05
356,CHEMBL475609,COc1cc(Nc2nc(N[C@H]3CCCC[C@H]3N)n4cnnc4c2C(=O)N)cc(OC)c1,8.05
357,CHEMBL3264997,COc1ccc(Nc2nc(cn3ccnc23)c4cccc(c4)C(=O)Nc5cccc(c5)C(=O)O)cc1OC,8.05
358,CHEMBL512172,C[C@@H](CO)NC(=O)c1sc(nc1C)c2ccnc(Nc3cc(C)cc(C)c3)n2,8.05
359,CHEMBL3622698,C[C@@H](Oc1cc(cc2ncsc12)c3cnn(c3)C(F)F)[C@H]4CNC(=O)O4,8.05
360,CHEMBL473229,C[C@H](CO)NC(=O)c1sc(nc1C)c2ccnc(Nc3cc(C)cc(C)c3)n2,8.05
361,CHEMBL3664173,Cc1cc(Nc2nccc(n2)c3cn(C)cn3)cc4cc([nH]c14)C(=O)N5CCCOCC5,8.05
362,CHEMBL3668817,Cc1cc(Nc2nccc(n2)c3cn(C)cn3)cc4cc([nH]c14)C(=O)N5Cc6cnn(C)c6C5,8.05
363,CHEMBL3622943,Cc1cc(Nc2nccc(n2)n3cc(CN4CC(O)C4)c(C)n3)cc(C)c1OCCN5CCCC5,8.05
364,CHEMBL3415596,Cc1cc(cc(Nc2cc(N[C@@H]3CCCC[C@@H]3N)cnc2C(=O)N)n1)C(C)(C)O,8.05
365,CHEMBL3668800,CCN1CC2(CCN(C2)C(=O)c3cc4cc(Nc5nccc(n5)c6cn(C)cn6)cc(Cl)c4[nH]3)C1,8.06
366,CHEMBL3643777,CN1CCN(CC1)C(=O)c2cc3cc(Nc4nccc(n4)c5ccccn5)cc(C)c3[nH]2,8.06
367,CHEMBL3698397,COC(=O)c1ccc2c(CCCC2(O)c3ncc(s3)c4cc(C)cc(Nc5cc(ccn5)C(F)(F)F)n4)c1,8.06
368,CHEMBL3641545,COc1ccnc(c1)c2ccnc(Nc3ccc4[nH]c(cc4c3)C(=O)N5CCN(C)CC5)n2,8.06
369,CHEMBL3415584,Cc1cc(C)cc(Nc2cc(N[C@@H]3CCCC[C@@H]3N)cnc2C(=O)N)c1,8.06
370,CHEMBL3664198,CN1CCc2ccc(NC(=O)c3cc4cc(Nc5nccc(n5)c6cn(C)cn6)cc(Cl)c4[nH]3)cc2CC1,8.07
371,CHEMBL3265020,COc1ccc(Nc2nc(cn3ccnc23)c4ccc5[nH]ccc5c4)cc1OC,8.07
372,CHEMBL3265028,COc1cccc(Nc2nc(cn3ccnc23)c4ccc5cn[nH]c5c4)c1,8.07
373,CHEMBL3641515,COc1ccnc(c1)c2ccnc(Nc3ccc4[nH]c(cc4c3)C(=O)NCCCN(C)C)n2,8.07
374,CHEMBL3664155,Cn1cnc(c1)c2ccnc(Nc3cc(Cl)c4[nH]c(cc4c3)C(=O)N5CCCNCC5)n2,8.07
375,CHEMBL3664171,CC(C)Cn1cnc(c1)c2ccnc(Nc3cc(Cl)c4[nH]c(cc4c3)C(=O)N5CCN(C)CC5)n2,8.08
376,CHEMBL3641589,CN1CCN(CC1)C(=O)c2cc3cc(Nc4nccc(n4)c5cc(OC6CCOCC6)ccn5)ccc3[nH]2,8.08
377,CHEMBL3641584,CN1CCN(CC1)C(=O)c2cc3cc(Nc4nccc(n4)c5cc(OCCCO)ccn5)ccc3[nH]2,8.08
378,CHEMBL3650446,COc1ccc(cc1OC)c2cc(OC[C@H]3CNC(=O)C3)c4cccnc4c2,8.08
379,CHEMBL3668843,Cc1cc(Nc2nccc(n2)c3cn(C)cn3)cc4cc([nH]c14)C(=O)NCc5c[nH]nc5C,8.08
380,CHEMBL3668855,Cn1cnc(c1)c2ccnc(Nc3cc(Cl)c4[nH]c(cc4c3)C(=O)N5CC[S+]([O-])CC5)n2,8.08
381,CHEMBL3668807,Cn1cnc(c1)c2ccnc(Nc3cc(Cl)c4[nH]c(cc4c3)C(=O)O)n2,8.08
382,CHEMBL3696029,COc1ccc(cc1OC)c2cc3ncccc3c(OCCC4CNC(=O)C4)n2,8.09
383,CHEMBL3653810,Cn1cnc2ccc(cc12)c3cc(OCc4ncccc4C(=O)N)c5cccnc5c3,8.09
384,CHEMBL3641587,CC(CO)COc1ccnc(c1)c2ccnc(Nc3ccc4[nH]c(cc4c3)C(=O)N5CCN(C)CC5)n2,8.1
385,CHEMBL2017551,CCOc1cc2[nH]c(nc2cc1F)c3n[nH]cc3NC(=O)N(CC)CC,8.1
386,CHEMBL3664207,CN1CCC(CC1)NC(=O)c2cc3cc(Nc4nccc(n4)c5cn(C)cn5)cc(Cl)c3[nH]2,8.1
387,CHEMBL3668788,CN1CCCN(CC1)C(=O)c2cc3cc(Nc4nccc(n4)c5cn(C)cn5)cc(Cl)c3[nH]2,8.1
388,CHEMBL3641534,CN1CCN(CC1)C(=O)c2cc3cc(Nc4nccc(n4)c5cc(OC6CCCC6)ccn5)ccc3[nH]2,8.1
389,CHEMBL3641526,COc1ccnc(c1)c2ccnc(Nc3ccc4[nH]c(cc4c3)C(C)(C)C)n2,8.1
390,CHEMBL3653795,COc1ncc(cc1F)c2cc(O[C@H](C)[C@H]3CNC(=O)C3)c4cccnc4c2,8.1
391,CHEMBL509161,Cc1cc(C)cc(Nc2nccc(n2)c3nccs3)c1,8.1
392,CHEMBL3622946,Cc1cn(cc1CN2CC[C@@H](O)C2)c3ccnc(Nc4cc(C)c(OS(=O)(=O)C)c(C)c4)n3,8.1
393,CHEMBL3622960,Cc1nn(cc1CN2CC(O)C2)c3ccnc(Nc4ccc5c(cnn5C6CC6)c4)n3,8.1
394,CHEMBL512345,NCCCNc1nc(cc2ccccc12)c3ccc(cc3)N4CCOCC4,8.1
395,CHEMBL287478,NCCCNc1nc(cc2ncccc12)c3ccc(cc3)N4CCOCC4,8.1
396,CHEMBL3641582,CC(O)C(C)Oc1ccnc(c1)c2ccnc(Nc3ccc4[nH]c(cc4c3)C(=O)N5CCN(C)CC5)n2,8.11
397,CHEMBL3664196,Cn1cnc(c1)c2ccnc(Nc3cc(Cl)c4[nH]c(cc4c3)C(=O)NC(C)(C)CN5CCCC5)n2,8.11
398,CHEMBL3653780,NC(=O)c1cccnc1COc2cc(cc3ncccc23)c4ccc5C(=O)NCCc5c4,8.11
399,CHEMBL3265035,CN(CCO)c1ccc(Nc2nc(cn3ccnc23)c4ccc5cn[nH]c5c4)cc1,8.12
400,CHEMBL3668837,Cc1cc(Nc2nccc(n2)c3cn(C)cn3)cc4cc([nH]c14)C(=O)NCc5csc(C)n5,8.12
401,CHEMBL3664152,Cn1cnc(c1)c2ccnc(Nc3cc(Cl)c4[nH]c(cc4c3)C(=O)N5CCn6cnnc6C5)n2,8.12
402,CHEMBL3664205,CN(CCN1CCN(C)CC1)C(=O)c2cc3cc(Nc4nccc(n4)c5cn(C)cn5)cc(Cl)c3[nH]2,8.13
403,CHEMBL1242100,Cl.COc1ccc(cc1OC)c2cc3nccn3c(Nc4ncccc4C(=O)N)n2,8.13
404,CHEMBL3696056,O=C1C[C@@H](COc2nc(cc3ncccc23)c4ccccc4)CN1,8.13
405,CHEMBL3664209,CN(C)CC#CCNC(=O)c1cc2cc(Nc3nccc(n3)c4cn(C)cn4)cc(Cl)c2[nH]1,8.14
406,CHEMBL3668846,CN(Cc1ccnn1C)C(=O)c2cc3cc(Nc4nccc(n4)c5cn(C)cn5)cc(C)c3[nH]2,8.14
407,CHEMBL3643824,CNC(=O)c1cc2cc(Nc3nccc(n3)c4cc(COC)ccn4)cc(C)c2[nH]1,8.14
408,CHEMBL3695961,COc1ccc(cc1Cl)c2cc3ncccc3c(OC[C@H]4CNC(=O)C4)n2,8.14
409,CHEMBL3639949,COc1ccc(cc1OC)c2cc3ncccc3c(OC(CC(C)C)[C@H]4CNC(=O)C4)n2,8.14
410,CHEMBL3696049,C[C@@H](Oc1nc(cc2ncccc12)c3ccccn3)[C@H]4CNC(=O)C4,8.14
411,CHEMBL3622929,Cc1cc(C)cc(Nc2nccc(n2)n3cc(CN4CC(O)C4)c(C)n3)c1,8.14
412,CHEMBL3622940,Cc1cn(cc1CN2CC(O)C2)c3ccnc(Nc4cc(C)c(OCC(=O)N5CCCC5)c(C)c4)n3,8.14
413,CHEMBL3668785,Cn1cnc(c1)c2ccnc(Nc3cc(Cl)c4[nH]c(cc4c3)C(=O)NCCCCCN5CCOCC5)n2,8.14
414,CHEMBL3664150,CNC(=O)c1cc2cc(Nc3nccc(n3)c4cn(C)cn4)cc(OC)c2[nH]1,8.15
415,CHEMBL3695977,COc1cc(cc(OC)c1OC)c2cc3ncccc3c(OCC4CNC(=O)C4)n2,8.15
416,CHEMBL3668803,CN1CCC(CNC(=O)c2cc3cc(Nc4nccc(n4)c5cn(C)cn5)cc(Cl)c3[nH]2)CC1,8.16
417,CHEMBL474832,COc1cc(Nc2nc(NC3CCCC[C@H]3N)n4nc(nc4c2C(=O)N)c5cccc(O)c5)cc(OC)c1,8.16
418,CHEMBL3265029,COc1ccc(Nc2nc(cn3ccnc23)c4ccc5cn[nH]c5c4)cc1,8.16
419,CHEMBL2177737,COc1ccc(Nc2nc(nc3scnc23)c4cccc(c4)C(=O)Nc5ccc(cc5)C(=O)O)cc1OC,8.16
420,CHEMBL3415585,Cc1cc(C)nc(Nc2cc(NC[C@@H](N)CC(F)F)cnc2C(=O)N)c1,8.16
421,CHEMBL3685808,Cc1cc(Nc2nccc(n2)C(F)(F)F)cc(c1)c3cnc(CC(C)(C)c4ocnn4)s3,8.16
422,CHEMBL2348853,Cn1nc(c2cnc3[nH]cc(C(=O)NC(C)(C)C)c3n2)c4ccc(Cl)cc14,8.16
423,CHEMBL3415608,N[C@H]1CCCC[C@H]1Nc2cnc(C(=O)N)c(c2)c3nc4ccccc4[nH]3,8.16
424,CHEMBL3664156,CN(C)C(=O)c1cc2cc(Nc3nccc(n3)c4cn(C)cn4)cc(Br)c2[nH]1,8.17
425,CHEMBL3641602,CN1CCN(CC1)C(=O)c2cc3cc(Nc4nccc(n4)c5cc(OCC6(CO)CC6)ccn5)ccc3[nH]2,8.17
426,CHEMBL3698424,Cc1cc(Nc2cc(ccn2)C(F)(F)F)nc(c1)c3cnc(s3)C4(O)CCCc5cc(Br)ccc45,8.17
427,CHEMBL3668793,Cn1cnc(c1)c2ccnc(Nc3cc(Cl)c4[nH]c(cc4c3)C(=O)NCCCCN5CCCC5=O)n2,8.17
428,CHEMBL3657554,COC[C@@H]1C[C@@H](O)CN1Cc2cn(nc2C)c3ccnc(Nc4ccc5c(c4)c(Cl)c(C)n5C)n3,8.18
429,CHEMBL3641507,COCc1ccnc(c1)c2ccnc(Nc3ccc4[nH]c(cc4c3)C(=O)N5CCN(C)CC5)n2,8.18
430,CHEMBL3668798,Cn1cnc(c1)c2ccnc(Nc3cc(Cl)c4[nH]c(cc4c3)C(=O)NCCCN5CC[C@@H](F)C5)n2,8.18
431,CHEMBL3668797,CC(C)N1CCN(CC1)C(=O)c2cc3cc(Nc4nccc(n4)c5cn(C)cn5)cc(Cl)c3[nH]2,8.19
432,CHEMBL3664197,CN1CCCC(C1)NC(=O)c2cc3cc(Nc4nccc(n4)c5cn(C)cn5)cc(Cl)c3[nH]2,8.19
433,CHEMBL3237572,CC(C)C[C@H](CN)Nc1cc(Nc2cccc(n2)C(C)(C)C)c(nn1)C(=O)N,8.2
434,CHEMBL3696006,COc1cc(ccc1OC2CCOCC2)c3cc4ncccc4c(NCC5=CNC(=O)C=C5)n3,8.2
435,CHEMBL3265018,COc1ccc(Nc2nc(cn3ccnc23)c4ccc5nc[nH]c5c4)cc1OC,8.2
436,CHEMBL3695992,COc1ccc(cc1F)c2cc3ncccc3c(OC[C@H]4CNC(=O)C4)n2,8.2
437,CHEMBL3668878,Cc1cc(Nc2nccc(n2)c3cn(C)cn3)cc4cc([nH]c14)C(=O)NCc5c[nH]cn5,8.2
438,CHEMBL1235110,Cc1cccc(Nc2nc(N[C@@H]3CCCC[C@@H]3N)ncc2C(=O)N)c1,8.2
439,CHEMBL3622945,Cc1cn(cc1CN2CC(O)C2)c3ccnc(Nc4cc(C)c(OS(=O)(=O)C)c(C)c4)n3,8.2
440,CHEMBL3622930,CN(C)Cc1cn(cc1C)c2ccnc(Nc3cc(C)cc(C)c3)n2,8.21
441,CHEMBL3664210,COC1CN(C1)C2CCN(CC2)C(=O)c3cc4cc(Nc5nccc(n5)c6cn(C)cn6)cc(Cl)c4[nH]3,8.21
442,CHEMBL3685801,CC(=O)NCc1cc(Nc2nccc(n2)C(F)(F)F)cc(c1)c3cnc(s3)[C@@]4(O)CC[C@H](C(=O)N)C(C)(C)C4,8.22
443,CHEMBL3643779,CCOc1ccnc(c1)c2ccnc(Nc3cc(C)c4[nH]c(cc4c3)C(=O)N5CCN(C)CC5)n2,8.22
444,CHEMBL3643775,CN(C)C(=O)c1cc2cc(Nc3nccc(n3)c4ccccn4)cc(C)c2[nH]1,8.22
445,CHEMBL3643803,CN(C)C(=O)c1cc2ccc(Nc3nccc(n3)c4cc(ccn4)C(C)(C)C#N)cc2[nH]1,8.22
446,CHEMBL485204,COc1cc(Nc2nc(N[C@H]3CCCC[C@H]3N)n4ccnc4c2C(=O)N)cc(OC)c1,8.22
447,CHEMBL3653747,COc1cc(cc(OC)c1OC)c2cc(OC[C@H]3CNC(=O)O3)c4cccnc4c2,8.22
448,CHEMBL3696027,COc1ccc(cc1OC)c2cc3ncccc3c(OC[C@H]4CNC(=O)[C@@H]4C)n2,8.22
449,CHEMBL474655,Cc1cc(C)cc(Nc2nc(N[C@@H]3CCCC[C@@H]3N)n4ccnc4c2C(=O)N)c1,8.22
450,CHEMBL459146,Cc1cc(C)cc(Nc2nc(N[C@H]3CCCC[C@H]3N)n4ccnc4c2C(=O)N)c1,8.22
451,CHEMBL3668830,Cc1cc(Nc2nccc(n2)c3cn(C)cn3)cc4cc([nH]c14)C(=O)NCc5oc6ccccc6n5,8.22
452,CHEMBL2348856,Cn1nc(c2cnc3[nH]cc(C(=O)NC(C)(C)CO)c3n2)c4ccc(Cl)cc14,8.22
453,CHEMBL3643809,CN(C)C(=O)c1cc2cc(Nc3nccc(n3)c4cc(ccn4)C(C)(C)C#N)ccc2[nH]1,8.23
454,CHEMBL3641623,CCN(CC)C1CN(C1)C(=O)c2cc3cc(Nc4nccc(n4)c5ccccn5)ccc3[nH]2,8.24
455,CHEMBL3641565,CN(C)C(=O)c1cc2ccc(Nc3nccc(n3)c4ccccn4)cc2n1C,8.24
456,CHEMBL3643808,CN(C1CCOCC1)C(=O)c2cc3cc(Nc4nccc(n4)c5cc(ccn5)C(C)(C)C#N)ccc3[nH]2,8.24
457,CHEMBL3698407,COC(=O)c1cccc2c1CCC[C@]2(O)c3ncc(s3)c4cc(C)cc(Nc5cc(ccn5)C(F)(F)F)n4,8.24
458,CHEMBL3622944,COc1c(C)cc(Nc2nccc(n2)n3cc(C)c(CN4CC(O)C4)c3)cc1C,8.24
459,CHEMBL3696036,COc1ccc(cc1OC)c2cc3ncccc3c(OC[C@H]4CNC(=O)C4(C)C)n2,8.24
460,CHEMBL3641521,COc1ccnc(c1)c2ccnc(Nc3ccc4[nH]c(cc4c3)C(=O)N5CCN(CC5)C(=O)[C@@H]6CCCO6)n2,8.24
461,CHEMBL3668812,Cc1cc(CNC(=O)c2cc3cc(Nc4nccc(n4)c5cn(C)cn5)cc(C)c3[nH]2)n(C)n1,8.24
462,CHEMBL3641466,CN1C=Nc2cc(nc(N[C@@H]3CC[C@H](N)CC3)c2C1=O)c4ccc(cc4)N5CCC(C)(O)CC5,8.25
463,CHEMBL3698404,Cc1c(Br)c(Nc2cc(ccn2)C(F)(F)F)nc(c1Br)c3cnc(s3)[C@@]4(O)CCCc5cc(ccc45)C(=O)O,8.25
464,CHEMBL3668835,Cc1cc(Nc2nccc(n2)c3cn(C)cn3)cc4cc([nH]c14)C(=O)NCc5cc(C)n(C)n5,8.25
465,CHEMBL3696022,COCCC(Oc1nc(cc2ncccc12)c3ccc(OC)c(OC)c3)[C@H]4CNC(=O)C4,8.26
466,CHEMBL3664172,Cc1cc(Nc2nccc(n2)c3cn(C)cn3)cc4cc([nH]c14)C(=O)N5CCC5,8.26
467,CHEMBL3653832,C[C@@H](Oc1cc(cc2ncccc12)c3ccc(OC(F)F)nc3)[C@H]4CNC(=O)C4,8.27
468,CHEMBL3622926,Cc1cc(C)cc(Nc2nccc(n2)n3cc(C)c(CN4CC(O)C4)c3)c1,8.27
469,CHEMBL3641533,CC(C)C(C)Oc1ccnc(c1)c2ccnc(Nc3ccc4[nH]c(cc4c3)C(=O)N5CCN(C)CC5)n2,8.28
470,CHEMBL3643529,CN1C=Nc2cc(nc(O[C@@H]3CC[C@H](N)CC3)c2C1=O)c4ccc(cc4)N5CCOCC5,8.28
471,CHEMBL3653811,C[C@@H](Oc1cc(cc2ncccc12)c3ccc4nc(cn4c3)C(F)(F)F)[C@H]5CNC(=O)C5,8.28
472,CHEMBL3641530,CN(C)C(=O)c1cc2cc(Nc3nccc(n3)c4cc(OCC(C)(C)CO)ccn4)ccc2[nH]1,8.29
473,CHEMBL3664183,CN(CCCN1CCOCC1)C(=O)c2cc3cc(Nc4nccc(n4)c5cn(C)cn5)cc(Cl)c3[nH]2,8.29
474,CHEMBL3664149,CNC(=O)c1cc2cc(Nc3nccc(n3)c4cn(C)cn4)cc(C)c2[nH]1,8.29
475,CHEMBL3668860,Cn1cnc(c1)c2ccnc(Nc3cc(Cl)c4[nH]c(cc4c3)C(=O)N5CCC(CC5)C#N)n2,8.29
476,CHEMBL2347991,CC(C)(C)NC(=O)c1c[nH]c2ncc(nc12)c3nn(CCC(O)CO)c4cc(F)ccc34,8.3
477,CHEMBL2347989,CC(C)(C)NC(=O)c1c[nH]c2ncc(nc12)c3nn(CCCS(=O)(=O)C)c4cc(F)ccc34,8.3
478,CHEMBL3237557,CCCc1cccc(Nc2cc(N[C@@H]3CCCC[C@@H]3N)nnc2C(=O)N)n1,8.3
479,CHEMBL3237574,CCCc1nc(Nc2cc(N[C@@H]3CCCC[C@@H]3N)nnc2C(=O)N)ccc1OC,8.3
480,CHEMBL2347415,CN(C)CCCn1nc(c2cnc3[nH]cc(C(=O)NC(C)(C)C)c3n2)c4cc(OC(F)F)ccc14,8.3
481,CHEMBL3664214,CN(C)CCNC(=O)c1cc2cc(Nc3nccc(n3)c4cn(C)cn4)cc(Cl)c2[nH]1,8.3
482,CHEMBL3695954,COc1cc(cc(Cl)c1OC)c2cc3c(ccc[n+]3[O-])c(O[C@H](C)[C@H]4CNC(=O)C4)n2,8.3
483,CHEMBL3695969,COc1cc(cc(OC)c1OC)c2cc3ncccc3c(NCC4=NNC(=O)O4)n2,8.3
484,CHEMBL3622208,COc1ccc(cc1OC)c2cc3ncsc3c(O[C@H](C)[C@H]4CNC(=O)C4)n2,8.3
485,CHEMBL471424,COc1ccc2N(C)CC(\C=C\3/C(=O)Nc4ccc(cc34)S(=O)(=O)N)c2c1,8.3
486,CHEMBL104333,COc1ccc2c(c1)c(\C=C\3/C(=O)Nc4ccc(cc34)S(=O)(=O)N)cn2C,8.3
487,CHEMBL3415591,Cc1cc(C)nc(Nc2cc(NC[C@@H](N)CCS(=O)(=O)C)cnc2C(=O)N)c1,8.3
488,CHEMBL3237563,Cc1cc(C)nc(Nc2cc(N[C@@H]3CCCC[C@@H]3N)nnc2C(=O)N)c1,8.3
489,CHEMBL3685813,Cc1cc(Nc2nccc(n2)C(F)(F)F)cc(c1)c3cnc(CNCCS(=O)(=O)N)s3,8.3
490,CHEMBL3237561,Cc1ccc(Nc2cc(N[C@@H]3CCCC[C@@H]3N)nnc2C(=O)N)nc1C,8.3
491,CHEMBL3622938,Cc1cn(cc1CN2CC(O)C2)c3ccnc(Nc4cc(C)c(OCCO)c(C)c4)n3,8.3
492,CHEMBL2348858,Cn1nc(c2cnc3[nH]cc(C(=O)NC(C)(C)C)c3n2)c4cc(CO)ccc14,8.3
493,CHEMBL3262355,N[C@H]1CCCC[C@H]1Nc2cc3N=CNC(=O)c3c(Nc4cccc(c4)n5nccn5)n2,8.3
494,CHEMBL3416024,N[C@H]1CCCC[C@H]1Nc2cnc(C(=O)N)c(Nc3cccc4cc[nH]c34)n2,8.3
495,CHEMBL3416025,N[C@H]1CCCC[C@H]1Nc2nnc(C(=O)N)c(Nc3cccc(c3)n4nccn4)n2,8.3
496,CHEMBL3653835,C[C@@H](Oc1cc(cc2ncccc12)c3ccc4nc(C)nc(C)c4c3)[C@H]5CNC(=O)C5,8.31
497,CHEMBL3696012,COc1ccc(cc1OC)c2cc3ncccc3c(O[C@H]([C@H]4CNC(=O)C4)C(F)(F)F)n2,8.32
498,CHEMBL3698443,COc1ccnc(Nc2cc(C)cc(n2)c3cnc(s3)[C@@]4(O)CCCc5cc(ccc45)C(=O)O)c1,8.32
499,CHEMBL3668833,Cc1csc(CNC(=O)c2cc3cc(Nc4nccc(n4)c5cn(C)cn5)cc(C)c3[nH]2)n1,8.32
500,CHEMBL3643781,CN1CCN(CC1)C(=O)c2cc3cc(Nc4nccc(n4)c5ccccn5)cc(Cl)c3[nH]2,8.33
501,CHEMBL3641620,COc1cc(Nc2nccc(n2)c3ccccn3)cc4cc([nH]c14)C(=O)N5CCN(C)CC5,8.33
502,CHEMBL3265026,COc1ccc(Nc2nc(cn3ccnc23)c4ccc5OCCNc5c4)cc1OC,8.33
503,CHEMBL3696040,COc1ccc(cc1OC)c2cc3ncccc3c(OC(C(C)C)[C@H]4CNC(=O)C4)n2,8.33
504,CHEMBL3641656,O=C(N1CCC(C1)N2CCCC2)c3cc4cc(Nc5nccc(n5)c6ccccn6)ccc4[nH]3,8.33
505,CHEMBL3643807,CC(C)(C#N)c1ccnc(c1)c2ccnc(Nc3ccc4[nH]c(cc4c3)C(=O)N5CCOCC5)n2,8.35
506,CHEMBL3643821,COCc1ccnc(c1)c2ccnc(Nc3cc(Cl)c4[nH]c(cc4c3)C(=O)N5CCC(CC5)N6CCCC6=O)n2,8.35
507,CHEMBL3696043,COc1cc(cc(C)c1OC)c2cc3ncccc3c(OC[C@H]4CNC(=O)C4)n2,8.35
508,CHEMBL3653830,COc1cc(ccc1C(F)(F)F)c2cc(O[C@H](C)[C@H]3CNC(=O)C3)c4cccnc4c2,8.35
509,CHEMBL3698431,Cc1cc(Nc2cc(ccn2)C(F)(F)F)nc(c1)c3cnc(s3)[C@@]4(O)CCCc5cc(ccc45)C(=O)NS(=O)(=O)C(F)(F)F,8.35
510,CHEMBL3668832,Cc1cc(Nc2nccc(n2)c3cn(C)cn3)cc4cc([nH]c14)C(=O)NCc5cn(C)cn5,8.35
511,CHEMBL3668839,Cc1cc(Nc2nccc(n2)c3cn(C)cn3)cc4cc([nH]c14)C(=O)NCc5nc6ccccc6[nH]5,8.35
512,CHEMBL2017552,CC(C)(O)c1ccc2cc([nH]c2c1)c3n[nH]c4ccsc34,8.36
513,CHEMBL3643740,CN1CCN(CC1)C(=O)c2cc3cc(Nc4nccc(n4)c5cc(OCC6(C)CC6)ccn5)ccc3[nH]2,8.37
514,CHEMBL3668810,COc1cc(Nc2nccc(n2)c3cn(C)cn3)cc4cc([nH]c14)C(=O)N(C)C,8.37
515,CHEMBL3695981,COc1cc(cc(OC)c1OC)c2cc3c(ccc[n+]3[O-])c(O[C@H](C)[C@H]4CNC(=O)C4)n2,8.37
516,CHEMBL3264999,COc1ccc(Nc2nc(cn3ccnc23)c4cccc(c4)C(=O)Nc5ccc(cc5)C(=O)N)cc1OC,8.37
517,CHEMBL3696038,COc1ccc(cc1OC)c2cc3ncccc3c(OC(C=C)[C@H]4CNC(=O)C4)n2,8.37
518,CHEMBL3668862,Cc1cc(Nc2nccc(n2)c3cn(C)cn3)cc4cc([nH]c14)C(=O)NCC5CCOCC5,8.37
519,CHEMBL3668880,CC(=O)NNC(=O)c1cc2cc(Nc3nccc(n3)c4cn(C)cn4)cc(C)c2[nH]1,8.38
520,CHEMBL3641642,CNC(=O)c1cc2cc(Nc3nccc(n3)c4ccccn4)cc(OC)c2[nH]1,8.39
521,CHEMBL3695971,COc1cc(cc(OC)c1OC)c2cc3ncccc3c(OC([C@H]4CNC(=O)C4)C(F)(F)F)n2,8.39
522,CHEMBL3696008,COc1ccc(cc1OC)c2cc3ncccc3c(OCC4=NNC(=O)O4)n2,8.39
523,CHEMBL3698436,Cc1cc(Nc2cc(ccn2)C(F)(F)F)nc(c1)c3cnc(s3)[C@@]4(O)CCCc5cc(ccc45)B(O)O,8.39
524,CHEMBL3664184,Cn1cnc(c1)c2ccnc(Nc3cc(Cl)c4[nH]c(cc4c3)C(=O)N5CCCOCC5)n2,8.39
525,CHEMBL2347994,CC(C)(C)NC(=O)c1c[nH]c2ncc(nc12)c3nn(C4CCNCC4)c5cc(F)ccc35,8.4
526,CHEMBL2347417,CC(C)(C)NC(=O)c1c[nH]c2ncc(nc12)c3nn(CCCN4CC(C4)C#N)c5ccc(OC(F)F)cc35,8.4
527,CHEMBL3237559,CC(C)c1cccc(Nc2cc(N[C@@H]3CCCC[C@@H]3N)nnc2C(=O)N)n1,8.4
528,CHEMBL3685815,CC1(CCC(O)(CC1)c2ncc(s2)c3cccc(Nc4nccc(n4)C(F)(F)F)c3)C(=O)O,8.4
529,CHEMBL474654,COc1cc(Nc2nc(N[C@@H]3CCCC[C@@H]3N)n4ncnc4c2C(=O)N)cc(OC)c1,8.4
530,CHEMBL475575,COc1cc(Nc2nc(N[C@H]3CCCC[C@H]3N)n4ncnc4c2C(=O)N)cc(OC)c1,8.4
531,CHEMBL3237565,COc1ccc(Nc2cc(N[C@@H]3CCCC[C@@H]3N)nnc2C(=O)N)nc1OC,8.4
532,CHEMBL3264995,COc1ccc(Nc2nc(cn3ccnc23)c4cccc(c4)C(=O)Nc5ccc(cc5)C(=O)O)cc1OC,8.4
533,CHEMBL511670,Cc1cc(C)cc(Nc2nccc(n2)c3ncc(CO)s3)c1,8.4
534,CHEMBL3685825,Cc1cc(Nc2nccc(n2)C(F)(F)F)cc(c1)c3cnc(s3)C4(O)CCC(CC4)N5CCCC5=O,8.4
535,CHEMBL3668865,Cc1cc(Nc2nccc(n2)c3cn(C)cn3)cc4cc([nH]c14)C(=O)NCc5cc[nH]n5,8.4
536,CHEMBL249317,Cc1ccc(O)cc1Nc2ccnc(Nc3cccc(c3)S(=O)(=O)N)n2,8.4
537,CHEMBL1835069,Cc1cccc(Nc2nc(N[C@@H]3CC(F)(F)CC[C@@H]3N)ncc2C(=O)N)c1,8.4
538,CHEMBL3668795,Cn1cnc(c1)c2ccnc(Nc3cc(Cl)c4[nH]c(cc4c3)C(=O)N5CCN(CCN6CCOCC6)CC5)n2,8.4
539,CHEMBL2348854,Cn1nc(c2cnc3[nH]cc(C(=O)NC(C)(C)C)c3n2)c4ccc(F)cc14,8.4
540,CHEMBL2347413,Cn1nc(c2cnc3[nH]cc(C(=O)N[C@@]4(C)C[C@@H](N)C4)c3n2)c5ccc(F)cc15,8.4
541,CHEMBL3639526,NC(=O)c1cccnc1COc2cc(cc3ncccc23)c4ccc5[nH]cnc5c4,8.4
542,CHEMBL3262623,N[C@H]1CCCC[C@H]1Nc2cc3C=CNC(=O)c3c(Nc4cccc5c(Cl)c[nH]c45)n2,8.4
543,CHEMBL3262356,N[C@H]1CCCC[C@H]1Nc2cc3N=CNC(=O)c3c(Nc4cccc5cc[nH]c45)n2,8.4
544,CHEMBL3265030,CC1(O)CN(C1)c2ccc(Nc3nc(cn4ccnc34)c5ccc6cn[nH]c6c5)cc2,8.41
545,CHEMBL3668836,CCn1nccc1CNC(=O)c2cc3cc(Nc4nccc(n4)c5cn(C)cn5)cc(C)c3[nH]2,8.41
546,CHEMBL3643503,CN1C=Nc2cc(nc(N[C@@H]3CC[C@H](N)CC3)c2C1=O)c4ccc(cc4)N5CCOCC5,8.41
547,CHEMBL3668787,Cn1cnc(c1)c2ccnc(Nc3cc(Cl)c4[nH]c(cc4c3)C(=O)NCCN5CCOCC5)n2,8.41
548,CHEMBL3265034,C1CC(CCO1)c2ccc(Nc3nc(cn4ccnc34)c5ccc6cn[nH]c6c5)cc2,8.42
549,CHEMBL3696041,CCCCC(Oc1nc(cc2ncccc12)c3ccc(OC)c(OC)c3)[C@H]4CNC(=O)C4,8.42
550,CHEMBL3668799,CN(C)CCCNC(=O)c1cc2cc(Nc3nccc(n3)c4cn(C)cn4)cc(Cl)c2[nH]1,8.42
551,CHEMBL3643744,CN1CCN(CC1)C(=O)c2cc3cc(Nc4nccc(n4)c5cc(OCC(C)(F)F)ccn5)ccc3[nH]2,8.42
552,CHEMBL3639404,CN1CCN(CC1)C(=O)c2cc3cc(Nc4nccc(n4)c5cc(OCC(F)F)ccn5)ccc3[nH]2,8.42
553,CHEMBL3668871,Cc1cc(Nc2nccc(n2)c3cn(C)cn3)cc4cc([nH]c14)C(=O)NCc5cccnn5,8.42
554,CHEMBL3664192,Cn1cnc(c1)c2ccnc(Nc3cc(Cl)c4[nH]c(cc4c3)C(=O)N5CCN(CCO)CC5)n2,8.42
555,CHEMBL3696051,CC(C)Oc1ccc(cc1)c2cc3ncccc3c(OC[C@H]4CNC(=O)C4)n2,8.43
556,CHEMBL3643759,CN(C)C(=O)c1cc2cc(Nc3nccc(n3)c4cc(O[C@H]5CCC(=O)NC5)ccn4)ccc2[nH]1,8.43
557,CHEMBL3664204,CN(C)CCCN(C)C(=O)c1cc2cc(Nc3nccc(n3)c4cn(C)cn4)cc(Cl)c2[nH]1,8.43
558,CHEMBL516061,COc1cc(Nc2nc(NC3CCCC[C@H]3N)n4cnnc4c2C(=O)N)cc(OC)c1,8.43
559,CHEMBL3695948,C[C@@H](Oc1nc(cc2ncccc12)c3ccc(nc3)C(F)(F)F)[C@H]4CNC(=O)C4,8.43
560,CHEMBL3622934,Cc1cc(C)cc(Nc2nccc(n2)n3cc(CN4CC[C@@H](O)C4)c(c3)C5CC5)c1,8.43
561,CHEMBL3668849,Cc1cc(Nc2nccc(n2)c3cn(C)cn3)cc4cc([nH]c14)C(=O)NC[C@H]5CCCO5,8.43
562,CHEMBL3668856,Cn1cnc(c1)c2ccnc(Nc3cc(Cl)c4[nH]c(cc4c3)C(=O)N5CCS(=O)(=O)CC5)n2,8.43
563,CHEMBL3653819,C[C@@H](Oc1cc(cc2ncccc12)c3ccc4C(=O)N(C)C=Nc4c3)[C@H]5CNC(=O)C5,8.44
564,CHEMBL3664191,Cn1cnc(c1)c2ccnc(Nc3cc(Cl)c4[nH]c(cc4c3)C(=O)N5CCN(CC(=O)N6CCCC6)CC5)n2,8.44
565,CHEMBL3668794,Cn1cnc(c1)c2ccnc(Nc3cc(Cl)c4[nH]c(cc4c3)C(=O)N5CCN6CCCC6C5)n2,8.44
566,CHEMBL3698408,COC(=O)c1cccc2c1CCC[C@@]2(O)c3ncc(s3)c4cc(C)cc(Nc5cc(ccn5)C(F)(F)F)n4,8.45
567,CHEMBL3622928,Cc1cc(C)cc(Nc2nccc(n2)n3cc(CN4CC[C@@H](O)C4)c(C)n3)c1,8.46
568,CHEMBL3698411,Cc1cc(Nc2cc(ccn2)C(F)(F)F)nc(c1)c3cnc(s3)[C@@]4(O)CCc5ccc(cc45)C(=O)O,8.46
569,CHEMBL3668870,Cc1cc(Nc2nccc(n2)c3cn(C)cn3)cc4cc([nH]c14)C(=O)NCc5nccn5C,8.46
570,CHEMBL3653839,C[C@@H](Oc1cc(cc2ncccc12)c3ccc(OCC(F)(F)F)nc3)[C@H]4CNC(=O)C4,8.47
571,CHEMBL3698425,Cc1cc(Nc2cc(ccn2)C(F)(F)F)nc(c1)c3cnc(s3)C4(O)CCCc5cc(ccc45)C#N,8.47
572,CHEMBL3668853,Cc1cc(Nc2nccc(n2)c3cn(C)cn3)cc4cc([nH]c14)C(=O)NCc5cn(C)nc5C,8.47
573,CHEMBL3668879,Cc1cc(Nc2nccc(n2)c3cn(C)cn3)cc4cc([nH]c14)c5onc(C)n5,8.47
574,CHEMBL3639676,Cc1cnc(CNC(=O)c2cc3cc(Nc4nccc(n4)c5cn(C)cn5)cc(C)c3[nH]2)s1,8.47
575,CHEMBL3653768,NC(=O)c1cccnc1COc2cc(cc3ncccc23)c4ccc(CN5CCOCC5)cc4,8.47
576,CHEMBL3664169,CC(C)n1cnc(c1)c2ccnc(Nc3cc(Cl)c4[nH]c(cc4c3)C(=O)N5CCN(C)CC5)n2,8.48
577,CHEMBL3643737,CC(Oc1ccnc(c1)c2ccnc(Nc3ccc4[nH]c(cc4c3)C(=O)N5CCN(C)CC5)n2)C(F)(F)F,8.48
578,CHEMBL3698396,Cc1cc(Nc2cc(ccn2)C(F)(F)F)nc(c1)c3cnc(s3)C4(O)CCCc5cc(CO)c(F)cc45,8.48
579,CHEMBL3668838,Cc1cc(Nc2nccc(n2)c3cn(C)cn3)cc4cc([nH]c14)C(=O)NCc5nccs5,8.48
580,CHEMBL3237573,CC(C)c1nc(Nc2cc(N[C@@H]3CCCC[C@@H]3N)nnc2C(=O)N)ccc1C,8.5
581,CHEMBL3237580,CC(C)c1nc(Nc2cc(N[C@@H]3CCOC[C@@H]3N)nnc2C(=O)N)ccc1F,8.5
582,CHEMBL3237556,CCc1cccc(Nc2cc(N[C@@H]3CCCC[C@@H]3N)nnc2C(=O)N)n1,8.5
583,CHEMBL3668802,CN(C)CCCCNC(=O)c1cc2cc(Nc3nccc(n3)c4cn(C)cn4)cc(Cl)c2[nH]1,8.5
584,CHEMBL3641547,CN1CCN(CC1)C(=O)c2cc3cc(Nc4nccc(n4)c5cc(ccn5)C(C)(C)C#N)ccc3n2C,8.5
585,CHEMBL3641607,CCC1(COc2ccnc(c2)c3ccnc(Nc4ccc5[nH]c(cc5c4)C(=O)N6CCN(C)CC6)n3)COC1,8.51
586,CHEMBL3653801,COc1cc(ccn1)c2cc(O[C@H](C)[C@H]3CNC(=O)C3)c4cccnc4c2,8.51
587,CHEMBL2347406,CC(C)(C)NC(=O)c1c[nH]c2ncc(nc12)c3n[nH]c4c(CO)cccc34,8.52
588,CHEMBL2347418,CC(C)(C)NC(=O)c1c[nH]c2ncc(nc12)c3nn(CCCN4CCOCC4)c5ccc(OC(F)F)cc35,8.52
589,CHEMBL2347420,CC(C)(C)NC(=O)c1c[nH]c2ncc(nc12)c3nn(CCCS(=O)(=O)C)c4ccc(OC(F)F)cc34,8.52
590,CHEMBL3695953,COc1cc(cc(OC)c1Cl)c2cc3ncccc3c(O[C@H](C)[C@H]4CNC(=O)C4)n2,8.52
591,CHEMBL2177725,COc1ccc(Nc2cc(cn3ncnc23)c4cccc(c4)C(=O)Nc5ccc(cc5)C(=O)O)nc1OC,8.52
592,CHEMBL3262625,Cc1c[nH]c2c(Nc3nc(N[C@@H]4CCCC[C@@H]4N)cc5C=CNC(=O)c35)cccc12,8.52
593,CHEMBL3685800,Cc1cc(Nc2nccc(OCCO)n2)cc(c1)c3cnc(s3)[C@@]4(O)CC[C@H](C(=O)N)C(C)(C)C4,8.52
594,CHEMBL3685807,Cc1cc(Nc2nccc(n2)C(F)(F)F)cc(c1)c3cnc(CCC(=O)O)s3,8.52
595,CHEMBL3685824,Cc1cc(Nc2nccc(n2)C3CC3)cc(c1)c4cnc(s4)C5(N)CCC5,8.52
596,CHEMBL3668829,Cc1cc(Nc2nccc(n2)c3cn(C)cn3)cc4cc([nH]c14)C(=O)NCc5ccccc5F,8.54
597,CHEMBL3668882,Cc1cc(Nc2nccc(n2)c3cn(C)cn3)cc4cc([nH]c14)C(=O)NNC=O,8.54
598,CHEMBL3668789,Cn1cnc(c1)c2ccnc(Nc3cc(Cl)c4[nH]c(cc4c3)C(=O)N5CCC(CC5)N6CCOCC6)n2,8.54
599,CHEMBL3664151,CN(C)C(=O)c1cc2cc(Nc3nccc(n3)c4cn(C)cn4)cc(C5CC5)c2[nH]1,8.55
600,CHEMBL3664147,CN(C)C(=O)c1cc2cc(Nc3nccc(n3)c4cn(C)cn4)cc(Cl)c2[nH]1,8.55
601,CHEMBL3260318,Cc1cc(C)nc(Nc2cc(N[C@@H]3CCCC[C@@H]3N)ccc2C(=O)N)c1,8.55
602,CHEMBL3668831,Cc1cc(Nc2nccc(n2)c3cn(C)cn3)cc4cc([nH]c14)C(=O)NCc5nc6ccncc6[nH]5,8.55
603,CHEMBL3698392,Cc1cc(Nc2cc(ccn2)C(F)(F)F)nc(c1)c3cnc(s3)[C@@]4(O)CCCc5cc(ccc45)C(=O)O,8.56
604,CHEMBL3668791,CN1CCN(CC1=O)C(=O)c2cc3cc(Nc4nccc(n4)c5cn(C)cn5)cc(Cl)c3[nH]2,8.57
605,CHEMBL3643817,CNC(=O)c1cc2cc(Nc3nccc(n3)c4ccccn4)cc(C)c2[nH]1,8.57
606,CHEMBL3695994,COC[C@H](C)Oc1ccc(cc1OC)c2cc3ncccc3c(OC[C@H]4CNC(=O)C4)n2,8.57
607,CHEMBL3265016,COc1ccc(Nc2nc(cn3ccnc23)c4ccc5cc[nH]c5c4)cc1OC,8.57
608,CHEMBL3653753,CS(=O)(=O)c1ccc(cc1)c2cc(OCc3ncccc3C(=O)N)c4cccnc4c2,8.57
609,CHEMBL3264998,COc1ccc(Nc2nc(cn3ccnc23)c4cccc(c4)C(=O)Nc5ccc(CC(=O)O)cc5)cc1OC,8.59
610,CHEMBL3653817,C[C@@H](Oc1cc(cc2ncccc12)c3ccc(OC(C)(C)C)nc3)[C@H]4CNC(=O)C4,8.59
611,CHEMBL3641525,CN(C)C(=O)c1cc2cc(Nc3nccc(n3)c4cc(OCC(F)F)ccn4)ccc2[nH]1,8.6
612,CHEMBL3641543,CN1CCN(CC1)C(=O)c2cc3cc(Nc4nccc(n4)c5cc(ccn5)C(C)(C)C#N)ccc3[nH]2,8.6
613,CHEMBL3653743,COc1c(F)cc(cc1F)c2cc(O[C@H](C)[C@H]3CNC(=O)C3)c4cccnc4c2,8.6
614,CHEMBL3653745,COc1cc(ccc1OC(C)C)c2cc(OC[C@H]3CNC(=O)O3)c4cccnc4c2,8.6
615,CHEMBL3653760,C[C@@H](Oc1cc(cc2ncccc12)c3ccc(nc3)C(F)(F)F)[C@H]4CNC(=O)C4,8.6
616,CHEMBL504558,Cc1cc(C)cc(Nc2nc(CC3CCCC[C@H]3N)n4ccnc4c2C(=O)N)c1,8.6
617,CHEMBL3653836,Cc1nc2cc(ccc2[nH]1)c3cc(OCc4ncccc4C(=O)N)c5cccnc5c3,8.6
618,CHEMBL3237558,N[C@H]1CCCC[C@H]1Nc2cc(Nc3cccc(n3)C4CC4)c(nn2)C(=O)N,8.6
619,CHEMBL3415609,N[C@H]1CCS(=O)(=O)C[C@H]1Nc2cnc(C(=O)N)c(n2)c3cc4ccccc4[nH]3,8.6
620,CHEMBL3698441,Cc1cc(Nc2cc(ccn2)C(F)(F)F)nc(c1)c3cnc(s3)[C@]4(N)CCCc5cc(ccc45)C(=O)O,8.61
621,CHEMBL3641552,CC(C)c1ccnc(c1)c2ccnc(Nc3ccc4[nH]c(cc4c3)C(=O)N5CCN(C)CC5)n2,8.62
622,CHEMBL3698446,CCCOc1ccnc(Nc2cc(C)cc(n2)c3cnc(s3)[C@]4(O)CCCc5cc(ccc45)C(=O)O)c1,8.62
623,CHEMBL3641532,CC[C@@H](C)Oc1ccnc(c1)c2ccnc(Nc3ccc4[nH]c(cc4c3)C(=O)N5CCN(C)CC5)n2,8.62
624,CHEMBL3668792,COCCN1CCN(CC1)C(=O)c2cc3cc(Nc4nccc(n4)c5cn(C)cn5)cc(Cl)c3[nH]2,8.62
625,CHEMBL3643820,Cc1nc2c(cc(Nc3nccc(n3)c4ccccn4)cc2[nH]1)C(F)(F)F,8.62
626,CHEMBL3653792,NC(=O)c1cccnc1COc2cc(cc3ncccc23)c4ccc5NC(=O)OCc5c4,8.62
627,CHEMBL3698394,Cc1cc(Nc2cc(ccn2)C(F)(F)F)nc(c1)c3cnc(s3)[C@]4(O)CCCc5cc(C(=O)O)c(F)cc45,8.63
628,CHEMBL3695995,COC[C@@H](C)Oc1ccc(cc1OC)c2cc3ncccc3c(OC[C@H]4CNC(=O)C4)n2,8.64
629,CHEMBL3265024,COc1ccc(Nc2nc(cn3ccnc23)c4ccc5OCC(=O)Nc5c4)cc1OC,8.64
630,CHEMBL3622924,Cc1cc(C)cc(Nc2nccc(n2)n3cc(C)c(CN4CC[C@@H](O)C4)c3)c1,8.64
631,CHEMBL3664202,Cn1cnc(c1)c2ccnc(Nc3cc(Cl)c4[nH]c(cc4c3)C(=O)N5CCN(CC5)C6CCOCC6)n2,8.64
632,CHEMBL3643783,COCc1ccnc(c1)c2ccnc(Nc3cc(Cl)c4[nH]c(cc4c3)C(=O)N5CCN(C)CC5)n2,8.66
633,CHEMBL3265000,COc1ccc(Nc2nc(cn3ccnc23)c4cccc(c4)C(=O)Nc5ccc(cc5)C(=O)NS(=O)(=O)C)cc1OC,8.66
634,CHEMBL3668845,Cc1cc(CNC(=O)c2cc3cc(Nc4nccc(n4)c5cn(C)cn5)cc(C)c3[nH]2)[nH]n1,8.66
635,CHEMBL3668881,Cc1oc(nn1)c2cc3cc(Nc4nccc(n4)c5cn(C)cn5)cc(C)c3[nH]2,8.66
636,CHEMBL3664186,Cn1cnc(c1)c2ccnc(Nc3cc(Cl)c4[nH]c(cc4c3)C(=O)N5CCC(C5)N6CCCC6)n2,8.66
637,CHEMBL3653782,NC(=O)c1cccnc1COc2cc(cc3ncccc23)c4ccc(CN5CCCCC5=O)cc4,8.66
638,CHEMBL3643800,CN(C)C(=O)c1cc2ccc(Nc3nccc(n3)c4cc(O[C@H]5CCC(=O)NC5)ccn4)cc2n1C,8.68
639,CHEMBL3696050,COc1ccc(cc1)c2cc3ncccc3c(OC[C@H]4CNC(=O)C4)n2,8.68
640,CHEMBL3698416,Cc1cc(Nc2cc(ccn2)C(F)(F)F)nc(c1)c3cnc(s3)[C@]4(O)CCCCc5cc(ccc45)C(=O)O,8.68
641,CHEMBL3668820,Cc1cc(Nc2nccc(n2)c3cn(C)cn3)cc4cc([nH]c14)C(=O)NCc5cnn(C)c5C,8.68
642,CHEMBL3657548,Cc1nn(cc1CN2CC(O)C2)c3ccnc(Nc4ccc5c(c4)c(cn5C)c6nccs6)n3,8.68
643,CHEMBL3265033,O=S1(=O)CCN(CC1)c2ccc(Nc3nc(cn4ccnc34)c5ccc6cn[nH]c6c5)cc2,8.68
644,CHEMBL2347405,CC(C)(C)NC(=O)c1c[nH]c2ncc(nc12)c3n[nH]c4ccc(OC(F)F)cc34,8.7
645,CHEMBL2347988,CC(C)(C)NC(=O)c1c[nH]c2ncc(nc12)c3nn(CCC(O)CO)c4ccc(OC(F)F)cc34,8.7
646,CHEMBL3415607,CC(C)c1cccc(Nc2cc(N[C@@H]3CS(=O)(=O)CC[C@@H]3N)cnc2C(=O)N)n1,8.7
647,CHEMBL3685822,CO[C@@]1(CC[C@H](C(=O)O)C(C)(C)C1)c2ncc(s2)c3cc(C)cc(Nc4nccc(n4)C(F)(F)F)c3,8.7
648,CHEMBL3650451,COc1ccc(cc1OC)c2cc(OC[C@H]3CNC(=O)O3)c4cccnc4c2,8.7
649,CHEMBL3262357,Cc1c[nH]c2c(Nc3nc(N[C@@H]4CCCC[C@@H]4N)cc5N=CNC(=O)c35)cccc12,8.7
650,CHEMBL3685799,Cc1cc(Nc2nccc(C)n2)cc(c1)c3cnc(s3)[C@@]4(O)CC[C@H](C(=O)NCC#N)C(C)(C)C4,8.7
651,CHEMBL3685819,Cc1cc(Nc2nccc(n2)C(F)(F)F)cc(c1)c3cnc(s3)C4(CCC(CC4)NC(=O)CO)C(=O)N,8.7
652,CHEMBL3685823,Cc1cc(Nc2nccc(n2)C(F)(F)F)cc(c1)c3cnc(s3)[C@]4(O)CC[C@@H](C(=O)O)C(C)(C)C4,8.7
653,CHEMBL3698403,Cc1cc(nc(Nc2cc(ccn2)C(F)(F)F)c1Br)c3cnc(s3)[C@@]4(O)CCCc5cc(ccc45)C(=O)O,8.7
654,CHEMBL3653774,Cn1cc(cn1)c2cc(OCc3ncccc3C(=O)N)c4cccnc4c2,8.7
655,CHEMBL3664188,Cn1cnc(c1)c2ccnc(Nc3cc(Cl)c4[nH]c(cc4c3)C(=O)N5CCN(CC5)C(=O)C6CCCO6)n2,8.7
656,CHEMBL3664190,CC(C)N1CCCN(CC1)C(=O)c2cc3cc(Nc4nccc(n4)c5cn(C)cn5)cc(Cl)c3[nH]2,8.72
657,CHEMBL3695949,COc1cc(ccc1OC(F)(F)F)c2cc3ncccc3c(O[C@H](C)[C@H]4CNC(=O)C4)n2,8.72
658,CHEMBL3653789,C[C@@H](Oc1cc(cc2ncccc12)c3ccc4nc(C)cn4c3)[C@H]5CNC(=O)C5,8.72
659,CHEMBL3622935,Cc1cc(C)cc(Nc2nccc(n2)n3cc(CN4CC(O)C4)c(c3)C5CC5)c1,8.72
660,CHEMBL3668826,Cc1cc(Nc2nccc(n2)c3cn(C)cn3)cc4cc([nH]c14)C(=O)NCc5ccnn5C,8.72
661,CHEMBL3643814,CNC(=O)c1cc2cc(Nc3nccc(n3)c4ccccn4)cc(Cl)c2[nH]1,8.75
662,CHEMBL3696004,COc1cc(ccc1O[C@H]2CCCOC2)c3cc4ncccc4c(OC[C@H]5CNC(=O)C5)n3,8.75
663,CHEMBL3653759,C[C@@H](Oc1cc(cc2ncccc12)c3ccc(NC(=O)C)nc3)[C@H]4CNC(=O)C4,8.75
664,CHEMBL3668873,Cc1cc(Nc2nccc(n2)c3cn(C)cn3)cc4cc([nH]c14)C(=O)NCc5cccnc5,8.75
665,CHEMBL3664154,Cc1cc(Nc2nccc(n2)c3cn(C)cn3)cc4cc([nH]c14)C(=O)NCc5ccn(C)n5,8.75
666,CHEMBL3622955,Cc1nn(cc1CN2CC(O)C2)c3ccnc(Nc4ccc5c(c4)c(Cl)cn5C)n3,8.75
667,CHEMBL3698388,Cc1cc(Nc2cc(ccn2)C3CCCCC3)nc(c1)c4cnc(s4)C5(O)CCCc6cc(ccc56)C(=O)O,8.76
668,CHEMBL3696039,CCCC(Oc1nc(cc2ncccc12)c3ccc(OC)c(OC)c3)[C@H]4CNC(=O)C4,8.77
669,CHEMBL3668818,CCn1ccc(CNC(=O)c2cc3cc(Nc4nccc(n4)c5cn(C)cn5)cc(C)c3[nH]2)n1,8.77
670,CHEMBL3650445,C[C@@H](Oc1cc(cc2ncccc12)c3ccccn3)[C@H]4CNC(=O)C4,8.77
671,CHEMBL3653764,Cc1cc(ccc1S(=O)(=O)C)c2cc(OCc3ncccc3C(=O)N)c4cccnc4c2,8.77
672,CHEMBL3622958,Cc1nn(cc1CN2CC(O)C2)c3ccnc(Nc4ccc5c(c4)c(C)c(C)n5C)n3,8.77
673,CHEMBL3664153,Cn1cnc(c1)c2ccnc(Nc3cc(Cl)c4[nH]c(cc4c3)C(=O)NCc5ccn(C)n5)n2,8.77
674,CHEMBL3698400,COC(=O)c1ccc2c(CCC[C@]2(O)c3ncc(s3)c4cc(C)cc(Nc5cc(ccn5)c6c[nH]nn6)n4)c1,8.79
675,CHEMBL3653778,CCN(Cc1ccc(cc1)c2cc(OCc3ncccc3C(=O)N)c4cccnc4c2)C(=O)C,8.8
676,CHEMBL3641535,CC[C@H](C)Oc1ccnc(c1)c2ccnc(Nc3ccc4[nH]c(cc4c3)C(=O)N5CCN(C)CC5)n2,8.8
677,CHEMBL3653786,CN(Cc1ccc(cc1)c2cc(OCc3ncccc3C(=O)N)c4cccnc4c2)C(=O)C,8.8
678,CHEMBL3664170,CN1CCN(CC1)C(=O)c2cc3cc(Nc4nccc(n4)c5cn(cn5)C6CC6)cc(Cl)c3[nH]2,8.8
679,CHEMBL515910,COc1cc(Nc2nc(NC3CCCCC[C@H]3N)n4ccnc4c2C(=O)N)cc(OC)c1,8.8
680,CHEMBL3653809,C[C@@H](Oc1cc(cc2ncccc12)c3ccc4ncn(C)c4c3)[C@H]5CNC(=O)C5,8.8
681,CHEMBL3664187,Cn1cnc(c1)c2ccnc(Nc3cc(Cl)c4[nH]c(cc4c3)C(=O)N5CCC(CC5)N6CC[S+]([O-])CC6)n2,8.8
682,CHEMBL3664206,Cn1cnc(c1)c2ccnc(Nc3cc(Cl)c4[nH]c(cc4c3)C(=O)NCc5nccn5C)n2,8.8
683,CHEMBL3653773,NC(=O)c1cccnc1COc2cc(cc3ncccc23)c4ccc(nc4)N5CCOCC5,8.8
684,CHEMBL3653845,CCCn1cc(cn1)c2cc(OCc3ncccc3C(=O)N)c4cccnc4c2,8.82
685,CHEMBL3643745,CN1CCN(CC1)C(=O)c2cc3cc(Nc4nccc(n4)c5cc(OCC6CC6(F)F)ccn5)ccc3[nH]2,8.82
686,CHEMBL3265001,COc1ccc(Nc2nc(cn3ccnc23)c4cccc(c4)C(=O)Nc5ccc(cc5)c6nn[nH]n6)cc1OC,8.82
687,CHEMBL3653804,C[C@@H](Oc1cc(cc2ncccc12)c3ccc(cc3)C(=O)N4CCN(C)CC4)[C@H]5CNC(=O)C5,8.82
688,CHEMBL3657549,Cc1cn(cc1CN2CC(O)C2)c3nc(Nc4ccc5c(c4)c(Cl)nn5C)ncc3F,8.82
689,CHEMBL3664195,CN(CC1CCOCC1)C(=O)c2cc3cc(Nc4nccc(n4)c5cn(C)cn5)cc(Cl)c3[nH]2,8.85
690,CHEMBL3664148,CNC(=O)c1cc2cc(Nc3nccc(n3)c4cn(C)cn4)cc(Cl)c2[nH]1,8.85
691,CHEMBL3653784,CNC(=O)c1ccc(cn1)c2cc(O[C@H](C)[C@H]3CNC(=O)C3)c4cccnc4c2,8.85
692,CHEMBL3695996,COc1cc(ccc1O[C@H]2CCOC2)c3cc4ncccc4c(OC[C@H]5CNC(=O)C5)n3,8.85
693,CHEMBL3653815,C[C@@H](Oc1cc(cc2ncccc12)c3cnn(c3)C(F)(F)F)[C@H]4CNC(=O)C4,8.85
694,CHEMBL3643795,Clc1cc(Nc2nccc(n2)c3ccccn3)cc4cc([nH]c14)C(=O)N5CCC(CC5)N6CCCC6=O,8.85
695,CHEMBL3664182,Cn1cnc(c1)c2ccnc(Nc3cc(Cl)c4[nH]c(cc4c3)C(=O)NCC5CCOCC5)n2,8.85
696,CHEMBL3657552,CC(=O)c1c[nH]c2ccc(Nc3nccc(n3)n4cc(CN5CC(O)C5)c(C)n4)cc12,8.89
697,CHEMBL3657544,CC(=O)c1cn(C)c2ccc(Nc3nccc(n3)n4cc(CN5CC(O)C5)c(C)n4)cc12,8.89
698,CHEMBL3664194,CN1CCC2(CCN(C2)C(=O)c3cc4cc(Nc5nccc(n5)c6cn(C)cn6)cc(Cl)c4[nH]3)C1,8.89
699,CHEMBL3653800,C[C@@H](Oc1cc(cc2ncccc12)c3ccc(OC4CCOCC4)nc3)[C@H]5CNC(=O)C5,8.89
700,CHEMBL3668828,Cc1cc(Nc2nccc(n2)c3cn(C)cn3)cc4cc([nH]c14)C(=O)NCc5nc6ccccc6n5C,8.89
701,CHEMBL3653834,Cc1nc2cc(ccc2n1C)c3cc(OCc4ncccc4C(=O)N)c5cccnc5c3,8.89
702,CHEMBL3657559,CCCn1c(C)c(Cl)c2cc(Nc3nccc(n3)n4cc(CN5CC(O)C5)c(C)n4)ccc12,8.92
703,CHEMBL3641529,CN(C)C(=O)c1cc2cc(Nc3nccc(n3)c4cc(OC5CCC(O)C5)ccn4)ccc2[nH]1,8.92
704,CHEMBL3695972,COc1cc(cc(OC)c1OC)c2cc3ncccc3c(OC[C@H]4CNC(=O)O4)n2,8.92
705,CHEMBL3641518,COc1ccnc(c1)c2ccnc(Nc3ccc4[nH]c(cc4c3)C(=O)N5CCC6(CC5)COCC(=O)N6C)n2,8.92
706,CHEMBL3653840,C[C@@H](Oc1cc(cc2ncccc12)c3cnn(C)c3C)[C@H]4CNC(=O)C4,8.92
707,CHEMBL3643819,Clc1cc(Nc2nccc(n2)c3ccccn3)cc4nc[nH]c14,8.92
708,CHEMBL3698429,Cc1ccc(cc1)S(=O)(=O)NC(=O)c2ccc3c(CCC[C@]3(O)c4ncc(s4)c5cc(C)cc(Nc6cc(ccn6)C(F)(F)F)n5)c2,8.93
709,CHEMBL3653823,C[C@@H](Oc1cc(cc2ncccc12)c3ccc(CS(=O)(=O)C)nc3)[C@H]4CNC(=O)C4,8.96
710,CHEMBL3668864,Cc1cc(Nc2nccc(n2)c3cn(C)cn3)cc4cc([nH]c14)C(=O)NCc5ccccn5,8.96
711,CHEMBL3698399,Cc1cc(Nc2cc(ccn2)C(F)(F)F)nc(c1)c3cnc(s3)C4(O)CCCc5cc(ccc45)C(=O)N,8.97
712,CHEMBL3698384,Cc1cc(Nc2cc(OC3CCCCC3)ccn2)nc(c1)c4cnc(s4)C5(O)CCCc6cc(ccc56)C(=O)O,8.99
713,CHEMBL3698442,CC(=O)NC1(CCCc2cc(ccc12)C(=O)O)c3ncc(s3)c4cc(C)cc(Nc5cc(ccn5)C(F)(F)F)n4,9.0
714,CHEMBL3653794,CC(C)Oc1ccc(cn1)c2cc(O[C@H](C)[C@H]3CNC(=O)C3)c4cccnc4c2,9.0
715,CHEMBL3685804,CC1(C)C[C@](O)(CC[C@@H]1C(=O)O)c2ncc(s2)c3cc(Cl)cc(Nc4nccc(n4)C(F)(F)F)c3,9.0
716,CHEMBL3685786,CC1(C)C[C@](O)(CC[C@@H]1C(=O)O)c2ncc(s2)c3cc(Nc4nccc(n4)C(F)(F)F)cc(c3)C5CC5,9.0
717,CHEMBL3653805,CCn1cc(cn1)c2cc(OCc3ncccc3C(=O)N)c4cccnc4c2,9.0
718,CHEMBL3643782,CN(C)C(=O)c1cc2cc(Nc3nccc(n3)c4ccccn4)cc(Cl)c2[nH]1,9.0
719,CHEMBL471948,COc1cc(Nc2nc(NC3CCCC[C@H]3N)n4ncnc4c2C(=O)N)cc(OC)c1,9.0
720,CHEMBL3650442,COc1cc(cc(OC)c1OC)c2cc(O[C@H](C)[C@H]3CNC(=O)C3)c4cccnc4c2,9.0
721,CHEMBL3653742,COc1cc(ccc1O)c2cc(OC[C@H]3CNC(=O)O3)c4cccnc4c2,9.0
722,CHEMBL3695955,COc1cc(ccc1OC2CCS(=O)(=O)CC2)c3cc4ncccc4c(OC[C@H]5CNC(=O)C5)n3,9.0
723,CHEMBL3695997,COc1cc(ccc1O[C@@H]2CCOC2)c3cc4ncccc4c(OC[C@H]5CNC(=O)C5)n3,9.0
724,CHEMBL2177726,COc1ccc(Nc2cc(nn3ccnc23)c4cccc(c4)C(=O)Nc5ccc(cc5)C(=O)O)nc1OC,9.0
725,CHEMBL3695967,C[C@@H](Oc1nc(cc2ncccc12)C3=CNC(=O)C=C3)[C@H]4CNC(=O)C4,9.0
726,CHEMBL3685821,C[C@@H]1C[C@](O)(CC[C@@H]1C(=O)O)c2ncc(s2)c3cc(C)cc(Nc4nccc(n4)C(F)(F)F)c3,9.0
727,CHEMBL3262620,Cc1c[nH]c2c(Nc3nc(N[C@@H]4CCOC[C@@H]4N)cc5N=CNC(=O)c35)cccc12,9.0
728,CHEMBL3415605,Cc1cc(Nc2cc(N[C@@H]3CS(=O)(=O)CC[C@@H]3N)cnc2C(=O)N)nc(C)c1c4cnn(C)c4,9.0
729,CHEMBL3685796,Cc1cc(Nc2nccc(C)n2)cc(c1)c3cnc(s3)[C@@]4(O)CC[C@H](C(=O)O)C(C)(C)C4,9.0
730,CHEMBL3685820,Cc1cc(Nc2nccc(n2)C(F)(F)F)cc(c1)c3cnc(s3)[C@@]4(O)CC[C@H](C(=O)NCCCN5CCCC5=O)C(C)(C)C4,9.0
731,CHEMBL3685806,Cc1cc(Nc2nccc(n2)c3cccs3)cc(c1)c4cnc(s4)C5(O)CCC(CC5)C(=O)O,9.0
732,CHEMBL3622956,Cc1nn(cc1CN2CC(O)C2)c3ccnc(Nc4ccc5c(c4)c(Cl)c(C)n5C)n3,9.0
733,CHEMBL3657547,Cc1nn(cc1CN2CC(O)C2)c3nc(Nc4ccc5c(c4)c(Cl)c(C)n5C)ncc3F,9.0
734,CHEMBL3622957,Cc1nn(cc1CN2CC[C@@H](O)C2)c3ccnc(Nc4ccc5c(c4)c(Cl)c(C)n5C)n3,9.0
735,CHEMBL3262622,Cn1cc2c(Nc3nc(N[C@@H]4CCOC[C@@H]4N)cc5C=CNC(=O)c35)cccc2n1,9.0
736,CHEMBL3664193,Cn1cnc(c1)c2ccnc(Nc3cc(Cl)c4[nH]c(cc4c3)C(=O)N5CCC(CC5)N6CCCC6=O)n2,9.0
737,CHEMBL2346686,Cn1nc(c2cnc3[nH]cc(C(=O)NC(C)(C)C)c3n2)c4cc(OC(F)F)ccc14,9.0
738,CHEMBL3653772,Cn1ncc2ccc(cc12)c3cc(OCc4ncccc4C(=O)N)c5cccnc5c3,9.0
739,CHEMBL3262616,N[C@H]1CCCC[C@H]1Nc2cc3N=CNC(=O)c3c(Nc4cccc5[nH]ccc45)n2,9.0
740,CHEMBL3416023,N[C@H]1CCCC[C@H]1Nc2cnc(C(=O)N)c(Nc3cccc(c3)n4nccn4)n2,9.0
741,CHEMBL3698413,Cc1cc(Nc2cc(ccn2)C(F)(F)F)nc(c1)c3cnc(s3)[C@@]4(O)CCCCc5ccc(cc45)C(=O)O,9.02
742,CHEMBL3698448,Cc1cc(Nc2cc(c(Cl)cn2)C(F)(F)F)nc(c1)c3cnc(s3)C4(O)CCCc5cc(ccc45)C(=O)O,9.03
743,CHEMBL3641570,CN1CCN(CC1)C(=O)c2cc3cc(Nc4nccc(n4)c5cc(OCC(C)(C)CO)ccn5)ccc3[nH]2,9.05
744,CHEMBL3696042,COc1cc(ccc1OCC2CCOCC2)c3cc4ncccc4c(OC[C@H]5CNC(=O)C5)n3,9.05
745,CHEMBL3653750,COc1ccc(cn1)c2cc(O[C@H](C)[C@H]3CNC(=O)C3)c4cccnc4c2,9.05
746,CHEMBL3653781,C[C@@H](Oc1cc(cc2ncccc12)c3ccc4C(=O)NCCc4c3)[C@H]5CNC(=O)C5,9.05
747,CHEMBL3653770,C[C@@H](Oc1cc(cc2ncccc12)c3ccc4cnn(C)c4c3)[C@H]5CNC(=O)C5,9.05
748,CHEMBL3653828,C[C@@H](Oc1cc(cc2ncccc12)c3cnc4OCCCc4c3)[C@H]5CNC(=O)C5,9.05
749,CHEMBL3415595,Cc1cc(CC(C)(C)O)cc(Nc2cc(N[C@@H]3CCCC[C@@H]3N)cnc2C(=O)N)n1,9.05
750,CHEMBL3664145,Cc1cc(Nc2nccc(n2)c3cn(C)cn3)cc4cc([nH]c14)C(=O)N,9.05
751,CHEMBL3668883,Cc1cc(Nc2nccc(n2)c3cn(C)cn3)cc4cc([nH]c14)c5ocnn5,9.05
752,CHEMBL3698405,CC(=O)Nc1cc(Nc2cc(ccn2)C(F)(F)F)nc(c1)c3cnc(s3)[C@@]4(O)CCCc5cc(ccc45)C(=O)O,9.08
753,CHEMBL3664185,CN1CCN(C2CCN(CC2)C(=O)c3cc4cc(Nc5nccc(n5)c6cn(C)cn6)cc(Cl)c4[nH]3)C1=O,9.1
754,CHEMBL3415588,COC[C@H](N)CNc1cnc(C(=O)N)c(Nc2cc(C)cc(C)n2)c1,9.1
755,CHEMBL3415593,COc1cc(C)nc(Nc2cc(N[C@@H]3CCCC[C@@H]3N)cnc2C(=O)N)c1,9.1
756,CHEMBL3695964,COc1cc(cc(OC)c1OCCN2CCOCC2)c3cc4ncccc4c(O[C@H](C)[C@H]5CNC(=O)C5)n3,9.1
757,CHEMBL3698438,Cc1cc(Nc2cc(ccn2)C(F)(F)F)nc(c1)c3cnc(s3)C4(F)CCCc5cc(ccc45)C(=O)O,9.11
758,CHEMBL3698433,CONC(=O)c1ccc2c(CCC[C@]2(O)c3ncc(s3)c4cc(C)cc(Nc5cc(ccn5)C(F)(F)F)n4)c1,9.13
759,CHEMBL3698430,Cc1cc(Nc2cc(ccn2)C(F)(F)F)nc(c1)c3cnc(s3)[C@@]4(O)CCCc5cc(ccc45)C(=O)NC#N,9.13
760,CHEMBL3698383,Cc1cc(Nc2cc(ccn2)c3ccsc3)nc(c1)c4cnc(s4)C5(O)CCCc6cc(ccc56)C(=O)O,9.14
761,CHEMBL3695998,CCOc1cc(cc(OCC)c1OCC)c2cc3ncccc3c(O[C@H](C)[C@H]4CNC(=O)C4)n2,9.16
762,CHEMBL3695965,CC[C@@H](Oc1nc(cc2ncccc12)c3cc(OC)c(OCCN4CCOCC4)c(OC)c3)[C@H]5CNC(=O)C5,9.16
763,CHEMBL3664189,CN1C(=O)COCC12CCN(CC2)C(=O)c3cc4cc(Nc5nccc(n5)c6cn(C)cn6)cc(Cl)c4[nH]3,9.16
764,CHEMBL3695959,COc1c(F)cc(cc1F)c2cc3ncccc3c(O[C@H](C)[C@H]4CNC(=O)C4)n2,9.16
765,CHEMBL3695966,COc1cc(cc2OCOc12)c3cc4ncccc4c(O[C@H](C)[C@H]5CNC(=O)C5)n3,9.16
766,CHEMBL3696045,COc1cc(ccc1OC(C)C)c2cc3ncccc3c(OC[C@H]4CNC(=O)C4)n2,9.16
767,CHEMBL3696003,COc1cc(ccc1O[C@@H]2CCCOC2)c3cc4ncccc4c(OC[C@H]5CNC(=O)C5)n3,9.16
768,CHEMBL3696010,COc1ccc(cc1OC)c2cc3ncccc3c(NCC4=NNC(=O)N4)n2,9.16
769,CHEMBL3415610,COc1cccc2[nH]c(cc12)c3nc(N[C@@H]4CCOC[C@@H]4N)cnc3C(=O)N,9.16
770,CHEMBL3653762,C[C@@H](Oc1cc(cc2ncccc12)c3ccc4nc(C)ccc4c3)[C@H]5CNC(=O)C5,9.16
771,CHEMBL3657558,Cc1nn(cc1CN2C[C@@H](O)[C@@H](O)C2)c3ccnc(Nc4ccc5c(c4)c(nn5C)S(=O)(=O)C)n3,9.16
772,CHEMBL3698387,Cc1cc(Nc2cc(OC3CCCC3)ccn2)nc(c1)c4cnc(s4)C5(O)CCCc6cc(ccc56)C(=O)O,9.17
773,CHEMBL3698426,Cc1cc(Nc2cc(ccn2)C(F)(F)F)nc(c1)c3cnc(s3)C4(O)CCCc5cc(ccc45)c6nnn[nH]6,9.17
774,CHEMBL3416026,N[C@H]1CCCC[C@H]1Nc2nnc(C(=O)N)c(Nc3cccc4cc[nH]c34)n2,9.19
775,CHEMBL3664181,CCN(CC)C1CN(C1)C(=O)c2cc3cc(Nc4nccc(n4)c5cn(C)cn5)cc(Cl)c3[nH]2,9.22
776,CHEMBL3664174,CN1C(=O)COCC12CCN(CC2)C(=O)c3cc4cc(Nc5nccc(n5)c6cn(C)cn6)cc(C)c4[nH]3,9.22
777,CHEMBL3657556,CO[C@@H]1CN(Cc2cn(nc2C)c3ccnc(Nc4ccc5c(c4)c(Cl)c(C)n5C)n3)C[C@@H]1O,9.22
778,CHEMBL3415599,COc1cc(C)nc(Nc2cc(N[C@@H]3CS(=O)(=O)CC[C@@H]3N)cnc2C(=O)N)c1,9.22
779,CHEMBL3650450,COc1cc(ccc1O)c2cc(O[C@H](C)[C@H]3CNC(=O)C3)c4cccnc4c2,9.22
780,CHEMBL3653754,COc1ccc(cc1OC)c2cc(OCc3ncccc3C(=O)N)c4cccnc4c2,9.22
781,CHEMBL3650447,COc1ccc(cc1OC)c2cc(O[C@H](C)[C@H]3CNC(=O)C3)c4cccnc4c2,9.22
782,CHEMBL3698444,COc1ccnc(Nc2cc(C)cc(n2)c3cnc(s3)[C@]4(O)CCCc5cc(ccc45)C(=O)O)c1,9.22
783,CHEMBL3653818,C[C@@H](Oc1cc(cc2ncccc12)c3ccc(OC4CCC4)nc3)[C@H]5CNC(=O)C5,9.22
784,CHEMBL3653848,C[C@@H](Oc1cc(cc2ncccc12)c3ccc(nc3)C(F)F)[C@H]4CNC(=O)C4,9.22
785,CHEMBL3698455,Cc1cc(Nc2cc(ccn2)C(C)(C)C)nc(c1)c3cnc(s3)C4(O)CCCc5cc(ccc45)C(=O)O,9.25
786,CHEMBL3698439,Cc1cc(Nc2cc(ccn2)C(F)(F)F)nc(c1)c3cnc(s3)C4(N)CCCc5cc(ccc45)C(=O)O,9.26
787,CHEMBL3653841,CC(C)n1cc(cn1)c2cc(OCc3ncccc3C(=O)N)c4cccnc4c2,9.3
788,CHEMBL3696028,COc1cc(OC)cc(c1)c2cc3ncccc3c(O[C@H](C)[C@H]4CNC(=O)C4)n2,9.3
789,CHEMBL3695952,COc1cc(cc(Cl)c1OC)c2cc3ncccc3c(O[C@H](C)[C@H]4CNC(=O)C4)n2,9.3
790,CHEMBL3696002,COc1cc(ccc1OC2CCOCC2)c3cc4ncccc4c(OC[C@H]5CNC(=O)C5)n3,9.3
791,CHEMBL3653777,C[C@@H](Oc1cc(cc2ncccc12)c3ccc(cn3)C(F)(F)F)[C@H]4CNC(=O)C4,9.3
792,CHEMBL3415587,Cc1cc(C)nc(Nc2cc(NCC3(N)CC3)cnc2C(=O)N)c1,9.3
793,CHEMBL3698418,Cc1cc(Nc2cc(ccn2)C(F)(F)F)nc(c1)c3cnc(s3)[C@]4(O)CCc5cc(ccc45)C(=O)O,9.3
794,CHEMBL3415592,N[C@H]1CCCC[C@H]1Nc2cnc(C(=O)N)c(Nc3cccc(n3)C(F)(F)F)c2,9.3
795,CHEMBL3414584,N[C@H]1CCCC[C@H]1Nc2cnc(C(=O)N)c(n2)c3cc4ccccc4[nH]3,9.3
796,CHEMBL3650449,COc1cc(ccc1OC(C)C)c2cc(O[C@H](C)[C@H]3CNC(=O)C3)c4cccnc4c2,9.4
797,CHEMBL3696009,COc1ccc(cc1OC)c2cc3ncccc3c(NCC4=NNC(=O)O4)n2,9.4
798,CHEMBL3695990,COc1ccc(cn1)c2cc3ncccc3c(O[C@H](C)[C@H]4CNC(=O)C4)n2,9.4
799,CHEMBL3653829,C[C@@H](Oc1cc(cc2ncccc12)c3ccc4CCNCc4c3)[C@H]5CNC(=O)C5,9.4
800,CHEMBL3653837,C[C@@H](Oc1cc(cc2ncccc12)c3ccc4[nH]c(C)nc4c3)[C@H]5CNC(=O)C5,9.4
801,CHEMBL3653821,C[C@@H](Oc1cc(cc2ncccc12)c3ccc4[nH]c(nc4c3)C(F)(F)F)[C@H]5CNC(=O)C5,9.4
802,CHEMBL3653763,C[C@@H](Oc1cc(cc2ncccc12)c3ccc4ccccc4n3)[C@H]5CNC(=O)C5,9.4
803,CHEMBL3650441,C[C@@H](Oc1cc(cc2ncccc12)c3ccccc3)[C@H]4CNC(=O)C4,9.4
804,CHEMBL3696053,C[C@@H](Oc1nc(cc2ncccc12)c3ccc(cc3)C#N)[C@H]4CNC(=O)C4,9.4
805,CHEMBL3415604,Cc1cc(CCC(C)(C)O)cc(Nc2cc(N[C@@H]3CCCC[C@@H]3N)cnc2C(=O)N)n1,9.4
806,CHEMBL3653790,NC(=O)c1cccnc1COc2cc(cc3ncccc23)c4ccc(c(Cl)c4)C5(N)CC5,9.4
807,CHEMBL3696033,CCC(Oc1nc(cc2ncccc12)c3ccc(OC)c(OC)c3)[C@H]4CNC(=O)C4,9.52
808,CHEMBL3653797,CCOc1ccc(cn1)c2cc(O[C@H](C)[C@H]3CNC(=O)C3)c4cccnc4c2,9.52
809,CHEMBL3695985,CC[C@@H](Oc1nc(cc2ncccc12)c3cc(OC)c(OC)c(OC)c3)[C@H]4CNC(=O)C4,9.52
810,CHEMBL3696014,COc1ccc(cc1OC)c2cc3ncccc3c(OC[C@H]4CNC(=O)O4)n2,9.52
811,CHEMBL3696024,COc1ccc(cc1OC)c2cc3ncccc3c(O[C@@H](C)C4CNC(=O)C4)n2,9.52
812,CHEMBL3653816,COc1ccc(nc1)c2cc(O[C@H](C)[C@H]3CNC(=O)C3)c4cccnc4c2,9.52
813,CHEMBL3653783,C[C@@H](Oc1cc(cc2ncccc12)c3ccc(CN4CCCCC4=O)cc3)[C@H]5CNC(=O)C5,9.52
814,CHEMBL3653771,C[C@@H](Oc1cc(cc2ncccc12)c3ccc(CN4CCOCC4)cc3)[C@H]5CNC(=O)C5,9.52
815,CHEMBL3653769,C[C@@H](Oc1cc(cc2ncccc12)c3ccc4[nH]cnc4c3)[C@H]5CNC(=O)C5,9.52
816,CHEMBL3653822,C[C@@H](Oc1cc(cc2ncccc12)c3ccc4c(c3)ncn4C)[C@H]5CNC(=O)C5,9.52
817,CHEMBL3653758,C[C@@H](Oc1cc(cc2ncccc12)c3ccc4ncccc4c3)[C@H]5CNC(=O)C5,9.52
818,CHEMBL3653796,CCN(Cc1ccc(cc1)c2cc(O[C@H](C)[C@H]3CNC(=O)C3)c4cccnc4c2)C(=O)C,9.7
819,CHEMBL3653806,CCn1cc(cn1)c2cc(O[C@H](C)[C@H]3CNC(=O)C3)c4cccnc4c2,9.7
820,CHEMBL3696023,COCC[C@@H](Oc1nc(cc2ncccc12)c3ccc(OC)c(OC)c3)[C@H]4CNC(=O)C4,9.7
821,CHEMBL3695979,COc1cc(cc(OC)c1OC)c2cc3ncccc3c(O[C@H](C)[C@H]4CNC(=O)C4)n2,9.7
822,CHEMBL3696013,COc1ccc(cc1OC)c2cc3ncccc3c(O[C@@H]([C@H]4CNC(=O)C4)C(F)(F)F)n2,9.7
823,CHEMBL3653814,C[C@@H](Oc1cc(cc2ncccc12)c3ccc(c(Cl)c3)C4(N)CC4)[C@H]5CNC(=O)C5,9.7
824,CHEMBL3653833,C[C@@H](Oc1cc(cc2ncccc12)c3ccc4c(c3)nc(C)n4C)[C@H]5CNC(=O)C5,9.7
825,CHEMBL3653813,C[C@@H](Oc1cc(cc2ncccc12)c3ccc4nc(C)sc4c3)[C@H]5CNC(=O)C5,9.7
826,CHEMBL3653775,C[C@@H](Oc1cc(cc2ncccc12)c3cnn(C)c3)[C@H]4CNC(=O)C4,9.7
827,CHEMBL3696058,C[C@@H](Oc1nc(cc2ncccc12)c3ccccc3)[C@H]4CNC(=O)C4,9.7
828,CHEMBL3415597,Cc1nc(Nc2cc(N[C@@H]3CCCC[C@@H]3N)cnc2C(=O)N)cc(OCC(C)(C)O)n1,9.7
829,CHEMBL3696047,CC[C@@H](Oc1nc(cc2ncccc12)c3ccc(OC(C)C)c(OC)c3)[C@H]4CNC(=O)C4,10.0
830,CHEMBL3696035,CC[C@@H](Oc1nc(cc2ncccc12)c3ccc(OC)c(OC)c3)[C@H]4CNC(=O)C4,10.0
831,CHEMBL3696007,CC[C@@H](Oc1nc(cc2ncccc12)c3ccc(OC4CCOCC4)c(OC)c3)[C@H]5CNC(=O)C5,10.0
832,CHEMBL3696044,COc1cc(cc(C)c1OC)c2cc3ncccc3c(O[C@H](C)[C@H]4CNC(=O)C4)n2,10.0
833,CHEMBL3696046,COc1cc(ccc1OC(C)C)c2cc3ncccc3c(O[C@H](C)[C@H]4CNC(=O)C4)n2,10.0
834,CHEMBL3696011,COc1ccc(cc1OC)c2cc3ncccc3c(OC([C@H]4CNC(=O)C4)C(F)(F)F)n2,10.0
835,CHEMBL3696026,COc1ccc(cc1OC)c2cc3ncccc3c(O[C@H](C)[C@H]4CNC(=O)C4)n2,10.0
836,CHEMBL3653776,C[C@@H](Oc1cc(cc2ncccc12)c3ccc(nc3)N4CCOCC4)[C@H]5CNC(=O)C5,10.0
837,CHEMBL3653791,C[C@@H](Oc1cc(cc2ncccc12)c3ccc4NC(=O)OCc4c3)[C@H]5CNC(=O)C5,10.0
838,CHEMBL3653846,C[C@@H](Oc1cc(cc2ncccc12)c3cnn(CCO)c3)[C@H]4CNC(=O)C4,10.0
839,CHEMBL3653847,C[C@@H](Oc1cc(cc2ncccc12)c3cnn(CCOC(=O)C)c3)[C@H]4CNC(=O)C4,10.0
840,CHEMBL3695989,C[C@@H](Oc1nc(cc2ncccc12)c3ccc(nc3)N4CCOCC4)[C@H]5CNC(=O)C5,10.0
841,CHEMBL3415589,Cc1cc(C)nc(Nc2cc(N[C@@H]3CS(=O)(=O)CC[C@@H]3N)cnc2C(=O)N)c1,10.0
842,CHEMBL3415594,Cc1cc(Nc2cc(N[C@@H]3CCCC[C@@H]3N)cnc2C(=O)N)nc(C)c1c4cnn(C)c4,10.0
843,CHEMBL3657551,Cc1nn(cc1CN2CC[C@@H](O)C2)c3cccc(Nc4ccc5c(c4)c(cn5C)C(=O)C(F)(F)F)n3,10.0
844,CHEMBL3657550,Cc1nn(cc1CN2CC[C@@H](O)C2)c3ccnc(Nc4ccc5c(c4)c(cn5C)C(=O)C6CC6)n3,10.0
845,CHEMBL3415606,N[C@H]1CCCC[C@H]1Nc2cnc(C(=O)N)c(Nc3cccc(n3)n4nccn4)c2,10.0
846,CHEMBL3415583,Cc1cc(C)nc(Nc2cc(N[C@@H]3CCCC[C@@H]3N)cnc2C(=O)N)c1,10.22
847,CHEMBL3415598,Cc1cc(Nc2cc(N[C@@H]3CCCC[C@@H]3N)cnc2C(=O)N)nc(n1)n4nccn4,11.0
