,molecule_chembl_id,canonical_smiles,pchembl_value
0,CHEMBL574738,CCN1CCN(Cc2ccc(NC(=O)Nc3ccc(Oc4cc(NC)ncn4)cc3)cc2C(F)(F)F)CC1,7.54
1,CHEMBL509032,COc1cc(ccc1Nc2ncc(Cl)c(Nc3ccccc3S(=O)(=O)C(C)C)n2)N4CCC(CC4)N5CCN(C)CC5,7.6
2,CHEMBL388978,CN[C@@H]1C[C@H]2O[C@@](C)([C@@H]1OC)n3c4ccccc4c5c6CNC(=O)c6c7c8ccccc8n2c7c35,9.35
22,CHEMBL603469,C[C@]12O[C@H](C[C@]1(O)CO)n3c4ccccc4c5c6C(=O)NCc6c7c8ccccc8n2c7c35,6.3
24,CHEMBL1336,CNC(=O)c1cc(Oc2ccc(NC(=O)Nc3ccc(Cl)c(c3)C(F)(F)F)cc2)ccn1,6.27
25,CHEMBL535,CCN(CC)CCNC(=O)c1c(C)[nH]c(\C=C\2/C(=O)Nc3ccc(F)cc23)c1C,6.05
34,CHEMBL1270230,NC(=O)c1cc([nH]c1c2ccccc2)c3ccnc(N)n3,6.38
48,CHEMBL386051,CSc1cccc(Nc2ncc3C=C(C(=O)N(C)c3n2)c4c(Cl)cccc4Cl)c1,6.09
49,CHEMBL1721885,Cc1[nH]c(\C=C\2/C(=O)Nc3ccc(F)cc23)c(C)c1C(=O)NC[C@H](O)CN4CCOCC4,5.92
53,CHEMBL450786,Cc1[nH]c(\C=C\2/C(=O)Nc3ccc(cc23)S(=O)(=O)Cc4c(Cl)cccc4Cl)c(C)c1C(=O)N5CCC[C@@H]5CN6CCCC6,6.34
56,CHEMBL601719,C[C@@H](Oc1cc(cnc1N)c2cnn(c2)C3CCNCC3)c4c(Cl)ccc(F)c4Cl,5.92
57,CHEMBL1789941,N#CC[C@H](C1CCCC1)n2cc(cn2)c3ncnc4[nH]ccc34,5.89
61,CHEMBL1908395,Cl.CN(C)CC(=O)N1CCC(CC1)c2ccc(NC(=O)c3nc(c[nH]3)C#N)c(c2)C4=CCCCC4,5.77
66,CHEMBL230011,Nc1nc(N)c2nc(c3cccc(O)c3)c(nc2n1)c4cccc(O)c4,6.32
68,CHEMBL1230609,COc1cc2c(Oc3ccc(NC(=O)C4(CC4)C(=O)Nc5ccc(F)cc5)cc3F)ccnc2cc1OCCCN6CCOCC6,5.43
71,CHEMBL1287853,Cc1cnc(Nc2ccc(OCCN3CCCC3)cc2)nc1Nc4cccc(c4)S(=O)(=O)NC(C)(C)C,5.89
72,CHEMBL379218,Cc1n[nH]c2ccc(cc12)c3cncc(OC[C@@H](N)Cc4ccccc4)c3,6.33
74,CHEMBL1908397,O=C(N1CCNCC1)c2ccc(\C=C\c3n[nH]c4ccccc34)cc2,5.75
75,CHEMBL1241674,CC(C)n1nc(c2cc3cc(O)ccc3[nH]2)c4c(N)ncnc14,6.89
77,CHEMBL428690,CN1CC[C@@H]([C@H](O)C1)c2c(O)cc(O)c3C(=O)C=C(Oc23)c4ccccc4Cl,6.85
80,CHEMBL572878,CN1CCN(CC1)c2cc(Nc3cc(C)[nH]n3)nc(Sc4ccc(NC(=O)C5CC5)cc4)n2,6.54
85,CHEMBL475251,COc1cc(Nc2ncc(F)c(Nc3ccc4OC(C)(C)C(=O)Nc4n3)n2)cc(OC)c1OC,6.31
87,CHEMBL223360,Cc1ccc(F)c(NC(=O)Nc2ccc(cc2)c3cccc4[nH]nc(N)c34)c1,6.5
88,CHEMBL296468,CC(C)(C)c1oc(CSc2cnc(NC(=O)C3CCNCC3)s2)nc1,5.89
90,CHEMBL91829,CN(C)C[C@@H]1CCn2cc(C3=C(C(=O)NC3=O)c4cn(CCO1)c5ccccc45)c6ccccc26,5.75
91,CHEMBL384304,COc1ccc(F)c(F)c1C(=O)c2cnc(NC3CCN(CC3)S(=O)(=O)C)nc2N,6.22
98,CHEMBL464552,CNC(=O)c1c(F)cccc1Nc2nc(Nc3cc4N(CCc4cc3OC)C(=O)CN(C)C)nc5[nH]ccc25,5.48
106,CHEMBL558752,Cn1c(Nc2ccc(cc2)C(F)(F)F)nc3cc(Oc4ccnc(c4)c5ncc([nH]5)C(F)(F)F)ccc13,5.41
108,CHEMBL288441,COc1cc(Nc2c(cnc3cc(OCCCN4CCN(C)CC4)c(OC)cc23)C#N)c(Cl)cc1Cl,5.89
109,CHEMBL445813,Clc1cccc(Cl)c1C(=O)Nc2c[nH]nc2C(=O)NC3CCNCC3,6.89
110,CHEMBL494089,CCn1c(nc2c(ncc(OC[C@H]3CCCNC3)c12)C#CC(C)(C)O)c4nonc4N,6.21
111,CHEMBL255863,Cc1cn(cn1)c2cc(NC(=O)c3ccc(C)c(Nc4nccc(n4)c5cccnc5)c3)cc(c2)C(F)(F)F,5.33
116,CHEMBL477772,CN(c1ccc2c(C)n(C)nc2c1)c3ccnc(Nc4ccc(C)c(c4)S(=O)(=O)N)n3,6.62
120,CHEMBL1964290,Cc1cccc(c1C)c2[nH]c(cc2C(=O)N)c3ccnc(N)n3,6.3
123,CHEMBL213505,Nc1ncnc2onc(c3ccc(NC(=O)Nc4cccc(c4)C(F)(F)F)cc3)c12,6.1
126,CHEMBL1825138,CC(Oc1cc(cnc1N)c2cnn(c2)C3CCNCC3)c4c(Cl)ccc(F)c4Cl,5.6
127,CHEMBL1987034,NS(=O)(=O)c1cccc(Nc2ncc(Br)c(Nc3ccc(OCC#N)cc3)n2)c1,7.7
128,CHEMBL1993941,CCCn1cc(cn1)c2cnc(N)c3c(csc23)c4ccc(NC(=O)Nc5cccc(F)c5)cc4,6.1
130,CHEMBL2005886,Cc1cc(cc2[nH]c(nc12)C3=C(NCC(O)c4cccc(Cl)c4)C=CNC3=O)N5CCOCC5,5.5
133,CHEMBL1980407,NC(COc1cncc(c1)c2ccc3NC(=O)C(=Cc4ccc[nH]4)c3c2)Cc5ccccc5,6.6
138,CHEMBL1966628,NC1CCC(CC1)Nc2nccc(n2)c3c[nH]c4ncccc34,6.5
141,CHEMBL1995813,NC1CCCCC1Nc2nccc(n2)c3c[nH]c4ncccc34,5.4
144,CHEMBL244378,OC(=O)c1ccccc1Nc2ccnc(Nc3ccc4cn[nH]c4c3)n2,7.0
145,CHEMBL362558,Fc1cc2CN(CCn3cc(C4=C(C(=O)NC4=O)c5cnc6ccccn56)c(c1)c23)C(=O)N7CCCCC7,5.1
146,CHEMBL2001957,CC(C)(CO)CNc1nccc(n1)c2c(nc3c(OCC(F)(F)F)nccn23)c4ccc(F)cc4,5.3
147,CHEMBL1969372,COCCNc1nccc(n1)c2c(nc3cnccn23)c4ccc(F)cc4,5.2
149,CHEMBL1986943,OC1CCC(CC1)Nc2nc(Cl)cc(n2)c3c[nH]c4ncccc34,6.3
150,CHEMBL2006263,Cc1nc2ccc(NS(=O)(=O)c3ccc(N)cc3)cc2nc1C,5.6
151,CHEMBL2001646,Cc1ccccc1c2cccc3c2c(Nc4ccccc4)c(C(=O)O)n3CCCOc5cccc6ccccc56,5.0
153,CHEMBL1986263,CCN1C(=O)SC(=C1C)c2ccnc(Nc3cccc(OC)c3)n2,6.3
157,CHEMBL1975647,Fc1cccc2c(NC(=O)Nc3cnccn3)ccnc12,5.1
158,CHEMBL1968380,CCC1N(C2CCCC2)c3nc(Nc4ccc(cc4OC)C(=O)NC5CCN(C)CC5)ncc3N(C)C1=O,5.1
160,CHEMBL1991734,CN1c2ccc(N)cc2C(c3ccccc3)c4cc(N)ccc14,5.9
163,CHEMBL1970142,CNC(=O)C(C)n1cc(cn1)c2cnc(N)c3c(csc23)c4ccc(NC(=O)Nc5ccc(C)cc5)cc4,5.4
167,CHEMBL1983348,CCCCN(CCC#N)C(=O)c1ccc2nc([nH]c2c1)c3n[nH]c4ccccc34,5.3
168,CHEMBL1976040,CN1CCN(CC1)c2ccc(Nc3ncc4C(=O)N(CC=C)N(c5cccc(n5)C(C)(C)O)c4n3)cc2,6.0
169,CHEMBL1988163,NS(=O)(=O)c1cccc(Nc2ncc3ccn(c4ccccc4)c3n2)c1,6.8
171,CHEMBL1980671,Nc1ncnc2Nc3ccccc3NC(=O)c12,4.6
177,CHEMBL1969735,CC(C)(CO)CNc1nccc(n1)c2c(nc3c(Cl)nccn23)c4ccc(F)cc4,5.2
178,CHEMBL2002649,COc1ccc2NC(=O)C(=Cc3c[nH]cn3)c2c1,5.7
181,CHEMBL1996510,O=C1NC(=O)C(=C1c2c[nH]c3ccccc23)c4nc(nc5ccccc45)N6CCNCC6,6.0
184,CHEMBL1967998,CCN1CCN(CC1)c2ccc(Nc3ncc(Cl)c(Nc4ccc5[nH]ncc5c4)n3)cc2,7.6
185,CHEMBL1994321,Cc1cccc(NC(=O)Nc2ccc(cc2)c3csc4c(cnc(N)c34)C#CCNS(=O)(=O)C)c1,6.4
187,CHEMBL1997129,O=C1NCCc2[nH]c(cc12)c3ccnc(C=Cc4ccccc4)c3,6.0
190,CHEMBL1989471,CC(C)c1ccc2C(=O)c3c(C)ccnc3Nc2c1,5.5
191,CHEMBL2002099,N#CCC(C1CCCC1)n2cc(cn2)c3ncnc4[nH]ccc34,5.7
199,CHEMBL1977148,COc1ccc(NC(=O)Nc2ccc(cc2)c3csc4c(cnc(N)c34)c5cnn(CCO)c5)cc1,5.0
200,CHEMBL1966842,COc1ccc(CN(C)C)cc1Nc2nccc(n2)c3c(nc4sccn34)c5cccc(NC(=O)Cc6ccccc6)c5,5.7
202,CHEMBL1992306,CNC(=O)c1cc(Oc2ccc(NC(=O)Nc3cccc(c3)C(F)(F)F)cc2)ccn1,7.1
203,CHEMBL2002165,CC(O)Cn1cc(cn1)c2cnc(N)c3c(csc23)c4ccc(NC(=O)Nc5cccc(F)c5)cc4,6.2
207,CHEMBL1998585,Nc1ncnc2scc(c3ccc(NC(=O)Nc4cc(ccc4F)C(F)(F)F)cc3)c12,6.6
208,CHEMBL127898,CN1C(=C(C=C(C#N)C1=O)c2ccc(OC(F)(F)F)cc2)COC(c3ccc(cc3)C#N)c4cncn4C,5.4
209,CHEMBL519697,CN(C(=O)C1CCCCC1)c2ccc3c(c2)nc(NC(=O)c4ccc(cc4)C#N)n3C,5.7
211,CHEMBL1973516,CCN1CCN(CC1)c2ccc(Nc3ncc(C#N)c(Nc4ccc5[nH]ncc5c4)n3)cc2,7.0
218,CHEMBL461876,COc1cc2CCN(C(=O)CN(C)C)c2cc1Nc3nc(Nc4cccc(F)c4C(=O)N)c5cc[nH]c5n3,5.7
220,CHEMBL2001485,CC(C(=O)N(C)C)n1cc(cn1)c2cnc(N)c3c(csc23)c4ccc(NC(=O)Nc5ccc(C)cc5)cc4,5.0
222,CHEMBL1997335,COc1ccc(cc1OC)C2=NNc3cccc4c(OC)ccc2c34,6.0
223,CHEMBL1966425,CN(C)CCCOc1cc2C(=O)NCc2c(c1)c3ccc(Nc4oc5ccccc5n4)cc3,5.4
225,CHEMBL1978099,CNC(=O)COc1ccc(Nc2nc(Nc3ccc(C)c(c3)S(=O)(=O)N)ncc2F)cc1,6.2
227,CHEMBL184847,Cc1ccc(NC(=O)Nc2ccc(cc2)c3cccc4C(=O)NCc34)cc1C,5.0
231,CHEMBL1998159,Cc1n[nH]c2cnc(cc12)c3cncc(OCC(N)Cc4cccc(c4)C(F)(F)F)c3,7.5
232,CHEMBL1982563,COCC(C)(C)CNc1nccc(n1)c2c(nc3c(C)nccn23)c4ccc(F)cc4,5.3
234,CHEMBL539474,O=C1CCCN1Cc2ccc3c(NC(=O)c4cccn34)c2,5.2
236,CHEMBL1988387,Cn1cc(cn1)c2cnc(N)c3c(csc23)c4ccc(NC(=O)Nc5ccc(OC(F)F)cc5)cc4,6.2
239,CHEMBL1990288,CC(Nc1nccc(n1)c2c(nc3occn23)c4ccc(F)cc4)c5ccccc5,5.5
240,CHEMBL1989708,CC(O)Cn1cc(cn1)c2cnc(N)c3c(csc23)c4ccc(NC(=O)Nc5cccc(C)c5)cc4,6.7
241,CHEMBL1974803,OC1=C(c2cc(Cl)ccc2O)c3c(Cl)cc(Cl)cc3NC1=O,5.1
242,CHEMBL1970074,Cc1n[nH]c2cccc(c3ccc(NC(=O)Nc4cccc(c4)C(F)(F)F)cc3)c12,5.9
251,CHEMBL1966816,Fc1cccc2c(NC(=O)Nc3cccc(n3)C(F)(F)F)ccnc12,5.1
256,CHEMBL1990635,CC1CCCN1CCc2cc3cc(ccc3[nH]2)c4ccc(OC(F)(F)F)cc4,5.1
257,CHEMBL1968791,Cc1c(c2cccc(OCc3ccccc3)c2)c4c(N)ncnc4n1C5CC(CN6CCCC6)C5,5.2
258,CHEMBL2002682,Cc1cccc(Cl)c1c2cccc3c(CCCOc4cccc5ccccc45)c([nH]c23)C(=O)NCCOCCOCCN,5.2
260,CHEMBL1971186,Fc1ccc(cc1)c2nc3occn3c2c4ccnc(NC5CCNCC5)n4,5.9
262,CHEMBL1973211,Cc1cccc(NC(=O)Nc2ccc(cc2)c3csc4c(cnc(N)c34)C#CCN5CCCC5)c1,6.7
263,CHEMBL1984700,CC(C)Oc1nccn2c(c3ccnc(NCC(C)(C)O)n3)c(nc12)c4ccc(F)cc4F,5.5
270,CHEMBL1976134,c1cc2cc(cnc2[nH]1)c3ccc4cn[nH]c4c3,5.2
276,CHEMBL1999414,CCN(CC)CCCNC(=O)c1cnc(N)c2c(csc12)c3ccc(NC(=O)Nc4cccc(C)c4)cc3,6.9
289,CHEMBL1993424,NS(=O)(=O)c1cccc(Nc2ncc3ccn(Cc4ccccc4)c3n2)c1,6.5
293,CHEMBL1994555,CCc1c([nH]c2nccnc12)c3ccc(cc3)C(=O)C,5.7
297,CHEMBL1964687,Cc1cc(C)cc(NC(=O)Nc2ccc3c(CCc4sc5ncnc(N)c5c34)c2)c1,5.5
299,CHEMBL1974254,CCOc1ccc(NC(=O)Nc2ccc(cc2)c3csc4c(cnc(N)c34)c5cnn(C)c5)cc1,5.2
300,CHEMBL1997924,C(Nc1nc(Nc2cc([nH]n2)C3CC3)c4sccc4n1)c5ccccc5,6.9
310,CHEMBL1998611,NC(=O)c1sc2c(Br)ccc(Cl)c2c1N,5.6
313,CHEMBL1973098,COc1cc(C=C2SC(=S)NC2=O)ccc1O,5.2
314,CHEMBL1972221,CCCS(=O)(=O)Nc1ccc(cc1)c2ccc3[nH]nc(NC(=O)CC)c3c2,5.1
315,CHEMBL2006778,CNC(=O)C=Cc1cnc(N)c2c(csc12)c3cc(F)c4[nH]c(C)cc4c3,6.4
317,CHEMBL1996979,Fc1cccc(F)c1C(=O)Nc2cnc3[nH]cc(c4ccccc4)c3c2,5.3
319,CHEMBL1968406,CCc1cccc(NC(=O)Nc2ccc3c(CCc4sc5ncnc(N)c5c34)c2)c1,5.7
320,CHEMBL1975921,Brc1cnc2NC(=O)Nc2c1,4.9
321,CHEMBL1984274,O=C1NNC(=O)c2c(NN=C3C(=O)N(N=C3c4ccccc4)c5ccccc5)cccc12,5.7
325,CHEMBL1975923,CC(CCC(=O)O)(c1ccc(O)c(N)c1)c2ccc(O)c(N)c2,5.7
326,CHEMBL2005449,Cc1cc(Nc2nc(Cl)cc(NCc3ccccc3)n2)n[nH]1,5.9
330,CHEMBL1990496,CN1C(=NC(=C(C1=O)c2ccc3ccccc3c2)c4ccncc4)NCC(N)Cc5ccccc5,5.6
332,CHEMBL242865,OC(=O)c1ccccc1Nc2ccnc(Nc3ccc(cc3)[N+](=O)[O-])n2,6.0
333,CHEMBL2002479,NCCCOc1cc2C(=O)NCc2c(c1)c3ccc(Nc4oc5cc(Cl)ccc5n4)cc3,5.5
339,CHEMBL1999590,Cc1cc(c2ccccc2)n(n1)c3cc(NN=Cc4occc4)ncn3,5.1
340,CHEMBL1981079,NC(=O)c1cc([nH]c1c2ccc(Cl)cc2F)c3ccnc(N)n3,5.9
341,CHEMBL1978166,Cc1cccc(NC(=O)Nc2ccc(cc2)c3csc4c(cnc(N)c34)C#CCCCCCCCCN)c1,6.2
344,CHEMBL2000832,COc1cc(ccc1O)c2ccc3C(=O)Nc4cc(ccc4Nc3c2)C(=O)NCc5cccc(F)c5,7.2
345,CHEMBL1967116,Cc1cccc(NC(=O)Nc2ccc(cc2)c3csc4c(cnc(N)c34)c5cnn(C)c5)c1,7.0
346,CHEMBL1972454,CC(=O)n1ncc2cc(N)ccc12,5.2
349,CHEMBL513846,Cc1nc2ccccn2c1c3csc(Nc4ccc(O)cc4)n3,5.3
352,CHEMBL1974617,OCc1cc(on1)c2ccc3[nH]ncc3c2,4.1
353,CHEMBL1965660,NC(=O)c1cc([nH]c1c2ccc(Cl)cc2Cl)c3ccnc(N)n3,6.6
354,CHEMBL1992125,COc1cc(Nc2ncnc(n2)N3CCCc4cc(C)ccc34)cc(OC)c1OC,6.1
357,CHEMBL1980896,Nc1ncnc2sc(Br)c(c3ccc(NC(=O)Cc4cccc(Cl)c4)cc3)c12,5.4
359,CHEMBL1970104,CC(C)(C)c1ccc2nc([nH]c2c1)c3n[nH]c4ccccc34,5.4
360,CHEMBL1991429,O=C(Cc1ccccc1)Nc2cccc(c2)c3nc4sccn4c3c5ccnc(Nc6cccc(c6)N7CCCC7=O)n5,6.5
366,CHEMBL1980995,CNC1CC2OC(C)(C1OC)n3c4ccccc4c5c6CNC(=O)c6c7c8ccccc8n2c7c35,8.0
367,CHEMBL1967302,NC(COc1cncc(c1)c2ccc3NC(=O)Cc3c2)Cc4c[nH]c5ccccc45,5.0
370,CHEMBL2004716,CCN(CC)CCNC(=O)C=Cc1cnc(N)c2c(csc12)c3ccc(NC(=O)Nc4cccc(C)c4)cc3,6.8
372,CHEMBL1975233,COc1cc(C)c(Cl)cc1NC(=O)Nc2cnc(cn2)C#N,5.2
373,CHEMBL1985406,CCCC(=O)Nc1n[nH]c2ccc(cc12)c3cccc(F)c3F,5.8
376,CHEMBL2000894,Cc1cc(O)ccc1N2C=C(C(=O)NN)C(=O)c3ccc(cc23)c4ccncc4,5.5
377,CHEMBL1421720,O=C(Cc1cccs1)Nc2nc3ccccc3s2,5.2
378,CHEMBL1968130,Nc1nnc2cncc(Cl)n12,4.2
382,CHEMBL1993243,CNC(=O)C=Cc1cnc(N)c2c(csc12)c3ccc4OCOc4c3,5.1
384,CHEMBL1992922,OCC(CO)Nc1ncnc2[nH]cc(c3ccccc3)c12,5.2
386,CHEMBL1969537,S=C1NN=C2N1C3=NNC(=S)N3c4sc5CCCc5c24,5.8
390,CHEMBL1975256,Nc1nonc1n2nnc(C(=O)NN=Cc3cccs3)c2c4cccs4,5.4
391,CHEMBL508928,Cc1cccc(NC(=O)Nc2ccc(cc2)c3cnc4c(cnn4c3N)c5cnn(C)c5)c1,5.5
395,CHEMBL1949855,Clc1cccc2C(=O)NC=Nc12,5.0
399,CHEMBL1990821,Cc1cc(C)c(C)c(OCCCc2c([nH]c3c(cccc23)c4ccccc4C)C(=O)O)c1,5.2
408,CHEMBL101311,CN(C)CC(O)COc1ccc(Nc2nccc(Nc3cc(Cl)ccc3Cl)n2)cc1,6.5
411,CHEMBL262433,Cc1ccc(F)c(NC(=O)Nc2ccc(cc2)c3nsc4ncnc(N)c34)c1,5.3
412,CHEMBL306380,Cc1ccc(cc1)c2nn(c3ncnc(N)c23)C(C)(C)C,5.7
413,CHEMBL1966722,OC(C(=O)NNC(=S)Nc1ccc(Cl)cc1)(c2ccccc2)c3ccccc3,5.5
414,CHEMBL1988581,CN(C)CC1=C(O)C2=NC(=CC(=O)N2C=C1)C,6.4
416,CHEMBL1975500,COc1cc(ccc1O)c2ccc3C(=O)Nc4cc(ccc4Nc3c2)C(=O)NCCNC(=O)C,6.2
417,CHEMBL394619,Cc1cccc(NC(=O)Nc2ccc(cc2)c3csc4ccnc(N)c34)c1,5.9
418,CHEMBL2006564,CCN(C(=O)C)c1ccc(Nc2nc(NC3CC3)c4nc[nH]c4n2)cc1,7.2
419,CHEMBL1996831,OC(=O)c1c2CCC(=C3CCCC3)c2nc4ccccc14,5.7
420,CHEMBL411903,Nc1ncnc2NCCC(=Nc12)c3ccc(NC(=O)Nc4cc(ccc4F)C(F)(F)F)cc3,5.2
422,CHEMBL1965988,Cc1cccc(NC(=O)Nc2ccc(cc2)c3csc4c(cnc(N)c34)C#CCN)c1,6.4
423,CHEMBL422897,CN1CCC(C(O)C1)c2c(O)cc(O)c3C(=O)C=C(Oc23)c4ccccc4Cl,6.1
425,CHEMBL225519,O=C1NCCc2[nH]c(cc12)c3ccncc3,5.6
426,CHEMBL1978200,Cc1nccn2c(c3ccnc(NCCC(C)(C)O)n3)c(nc12)c4ccc(F)cc4F,5.4
432,CHEMBL1964692,Cn1nc(N)c2c(cncc12)c3ccc(NC(=O)Nc4cccc(c4)C(F)(F)F)cc3,6.7
436,CHEMBL1973483,FC(F)(F)c1ccc2c(NC(=O)Nc3cccc(n3)C(F)(F)F)ccnc2c1,5.3
440,CHEMBL1975903,COc1ccccc1c2ccnc(Nc3cccc(c3)S(=O)(=O)C)n2,5.6
442,CHEMBL2004365,CCOC(=O)C1=C(N)N2C(=O)C(=Cc3cccs3)SC2=C(C1c4cccs4)C(=O)N,5.5
444,CHEMBL482967,Cc1nc(N)sc1c2ccnc(Nc3ccc(cc3)N4CCOCC4)n2,5.7
446,CHEMBL1090360,O=C(Cc1ccccc1)Nc2cccc(c2)c3nc4sccn4c3c5ccnc(Nc6cccc(c6)N7CCOCC7)n5,6.6
447,CHEMBL210887,OCCCn1c(NC(=O)c2cccc(c2)[N+](=O)[O-])nc3ccccc13,5.1
449,CHEMBL458997,CNC(=O)c1ccccc1Nc2nc(Nc3ccc(cc3OC)N4CCOCC4)ncc2Cl,5.5
450,CHEMBL1971021,Cc1cc(C)cc(NC(=O)Nc2ccc(c3cccc4C(=O)NCc34)c(c2)C(F)(F)F)c1,5.2
451,CHEMBL1965836,Cc1n[nH]c2ccc(cc12)c3cncc(OCC(N)Cc4cccc(OC(F)(F)F)c4)c3,5.9
452,CHEMBL583144,Clc1ccc(Cl)c2c3N=CNC(=O)c3sc12,5.7
456,CHEMBL1994693,Nc1ncnc2sc3CCc4cc(NC(=O)Nc5ccccc5)ccc4c3c12,5.4
457,CHEMBL1982957,NC(=O)c1cccc(c1)c2cnc3[nH]cc(c4ccccc4)c3c2,6.2
458,CHEMBL1725279,Oc1c2ccccc2c3N=Nc4cccc1c34,5.3
460,CHEMBL1975138,OC(C(=O)NNC(=S)Nc1ccc(F)cc1)(c2ccccc2)c3ccccc3,5.4
463,CHEMBL412142,Cc1c[nH]c(n1)c2cnc(NCCNc3ccc(cn3)C#N)nc2c4ccc(Cl)cc4Cl,5.4
466,CHEMBL2003271,NC(=O)c1sc2ccc(Cl)c(Cl)c2c1NC(=O)c3ccc(Cl)cc3,5.2
468,CHEMBL49120,CCN(CC)CCOc1ccc(Nc2ncc3C=C(C(=O)N(C)c3n2)c4c(Cl)cccc4Cl)cc1,8.2
470,CHEMBL1983111,CC(=O)NCC(=O)N1C2CCC1c3cc(Nc4ncc(c(NC5CCC5)n4)C(F)(F)F)ccc23,7.0
475,CHEMBL2004544,Oc1cccc2c(ccc(NCc3ccc4OCOc4c3)c12)S(=O)(=O)O,5.4
476,CHEMBL1988141,CCC(=O)Nc1ccc(C(=O)N2CCNCC2)c(O)c1,5.6
482,CHEMBL1991078,COc1ccc(cc1OC)C(=O)Nc2n[nH]c3ccc(cc23)c4cn(Cc5ccccc5)nn4,5.3
486,CHEMBL1975212,Nc1ncnc2scc(c3ccccc3)c12,4.2
487,CHEMBL2001613,Brc1ccc2NNC(=O)c2c1,4.1
488,CHEMBL565612,CN1CCN(CC1)c2nc(C3=C(C(=O)NC3=O)c4c[nH]c5ccccc45)c6ccccc6n2,5.9
490,CHEMBL1993904,NC(=O)c1cc2c(cnc(N)c2s1)c3ccc(Nc4oc5ccccc5n4)cc3,6.1
493,CHEMBL2002418,Nc1cc(Nc2ccc(O)c(CNC(=O)C(F)(F)F)c2)ncn1,5.8
497,CHEMBL1982413,CN(Cc1cc(Cl)c(O)c2ncccc12)C3CCCCC3,5.3
499,CHEMBL1969502,O=C(Nc1cc2C(=O)NN=Cc3c[nH]c(c1)c23)C4CC4c5ccccc5,5.1
500,CHEMBL1682553,CC(C)Nc1c(nc2ncccn12)c3ccc4[nH]ncc4c3,5.2
502,CHEMBL1983963,Cc1cccc(NC(=O)Nc2ccc(cc2)c3coc4ncnc(N)c34)c1,5.8
512,CHEMBL2007421,CC(C)Oc1cc(Nc2nc(NC(C)c3ccc(F)cn3)ncc2Cl)n[nH]1,5.6
516,CHEMBL223367,OCCCc1cc2OCCCCCOc3nc(NC(=O)Nc2cc1Cl)cnc3C#N,5.1
517,CHEMBL1983268,CN1CCN(CC1)c2ccc(C(=O)Nc3n[nH]c4ccc(Cc5cc(F)cc(F)c5)cc34)c(NC6CCOCC6)c2,5.5
518,CHEMBL340384,NC(=O)C1=CN(c2ccc(O)cc2Cl)c3cc(ccc3C1=O)c4ccncc4,6.0
521,CHEMBL1981492,COC(=O)c1c(N)nc2ccccn12,4.0
524,CHEMBL2007574,Nc1nc(Cl)cc(n1)c2c[nH]c3ncccc23,6.4
527,CHEMBL2000354,COc1ccc(C=C2SC(=Nc3ccccc3)NC2=O)cc1O,5.1
535,CHEMBL1970317,Cn1cc(cn1)c2cnc(N)c3c(csc23)c4ccc(NC(=O)Nc5cccc(F)c5)cc4,6.2
536,CHEMBL2000408,Cc1cn2c(c3ccnc(NCC(C)(C)CO)n3)c(nc2c(C)n1)c4ccc(F)cc4F,5.5
540,CHEMBL1997007,CCCNC(=O)c1ccc(Nc2nc(CC)c3cc[nH]c3n2)cc1,5.4
542,CHEMBL1983195,CCN(CC)C(=O)Nc1ccc2nc(c3occc3)c(nc2c1)c4occc4,5.4
543,CHEMBL1975490,NCCCOc1cc2C(=O)NCc2c(c1)c3ccc(Nc4oc5ccccc5n4)cc3,5.8
550,CHEMBL1979883,CN(C)CC#Cc1cnc(N)c2c(csc12)c3ccc(NC(=O)Nc4cccc(C)c4)cc3,6.7
551,CHEMBL1984162,COCCOC1CCC(CC1)n2nc(c3ccc(Nc4oc5c(C)cc(C)cc5n4)cc3)c6c(N)ncnc26,5.8
552,CHEMBL1997051,COc1ccc(CN(C)C)cc1Nc2nccc(n2)c3c(nc4sccn34)c5cccc(NC(=O)c6c(F)cccc6F)c5,6.4
553,CHEMBL491758,Fc1cnc(Nc2ccccc2)nc1Nc3ccccc3,5.2
559,CHEMBL371206,Cc1cc(C)cc(NC(=O)Nc2ccc(cc2)c3c(C)sc4ncnc(N)c34)c1,6.6
564,CHEMBL1984296,Cc1ccc(C)c(NC(=O)c2cc(nc3ccccc23)c4occc4)c1,5.4
565,CHEMBL196363,Cc1cccc(NC(=O)Nc2ccc(cc2)c3csc4ncnc(N)c34)c1,6.3
568,CHEMBL1964441,CNCC#Cc1cnc(N)c2c(csc12)c3ccc(NC(=O)Nc4cccc(C)c4)cc3,6.4
571,CHEMBL404367,Cc1cccc(NC(=O)Nc2ccc(cc2)c3cncc4c3c(N)nn4C)c1,6.2
579,CHEMBL2000335,Cc1ccc(NC(=O)Nc2ccc(cc2)c3csc4ncnc(N)c34)cc1C,6.8
581,CHEMBL1084546,CN(c1ncccc1CNc2nc(Nc3ccc4NC(=O)Cc4c3)ncc2C(F)(F)F)S(=O)(=O)C,6.7
583,CHEMBL1988717,Cn1cc(cn1)c2cnn3c(N)c(cnc23)c4ccc(NC(=O)Nc5cccc(c5)C(F)(F)F)cc4,5.6
584,CHEMBL1974328,Cc1cccc(Nc2nc(NC3CCCCC3N)cnc2C(=O)N)c1,5.8
587,CHEMBL2000429,CC(C)Oc1nccn2c(c3ccnc(NCC(C)(C)CO)n3)c(nc12)c4ccc(F)cc4F,6.0
588,CHEMBL1972576,Cc1ccc(NC(=O)Nc2ccc(NC(=O)c3csc4ncnc(N)c34)cc2)cc1,5.4
592,CHEMBL1988173,Cc1cc(Cl)ccc1NC(=S)NNC(=O)C(O)(c2ccccc2)c3ccccc3,6.3
593,CHEMBL1973013,CC(C)Nc1ncc(Br)c(Nc2ncc(C)s2)n1,5.3
596,CHEMBL1989805,NC(=O)C1=C2SC(=Cc3occc3)C(=O)N2C(=C(C#N)C1c4occc4)N,5.9
598,CHEMBL1982980,CC(=C(C)c1cccc2c(CCCOc3cccc(Cl)c3Cl)c([nH]c12)C(=O)O)C,5.3
599,CHEMBL1965423,CC(C)Cn1c(N)nc2ccc(cc12)c3c(nc4sccn34)c5ccc(F)cc5,5.3
600,CHEMBL1983025,CCC(N)(CC)C#Cc1cnc(N)c2c(csc12)c3ccc(NC(=O)Nc4cccc(C)c4)cc3,6.3
601,CHEMBL1975927,COc1ccc(cc1)n2ccc3cnc(Nc4cc(OC)c(OC)c(OC)c4)nc23,5.3
604,CHEMBL2001920,Brc1ccc2NC(=O)C(=C3SC(=S)NC3=O)c2c1,5.3
605,CHEMBL1977138,CC(Nc1cncc(n1)n2cnc3ccc(cc23)C#N)c4ccccc4F,5.7
606,CHEMBL1241473,COc1cc(Nc2ncc(c(Nc3ccccc3C(=O)N)n2)[N+](=O)[O-])cc(OC)c1OC,6.6
610,CHEMBL1969483,CN(C)c1ccc(cc1NC(=O)Cc2ccccc2)c3nc4sccn4c3c5ccnc(Nc6cccc(c6)N7CCOCC7)n5,6.6
611,CHEMBL1980329,Oc1ccc(cc1)c2ccc3C(=Cc4ccc[nH]4)C(=O)Nc3c2,6.4
612,CHEMBL2001257,CCN(CC)CC#Cc1cnc(N)c2c(csc12)c3ccc(NC(=O)Nc4cccc(C)c4)cc3,6.8
614,CHEMBL1987793,Cc1ccccc1c2c(C(=O)O)n(CCCOc3cccc4ccccc34)c5ccccc25,5.4
617,CHEMBL1992740,CCN1CCN(CCCC(=O)Nc2n[nH]c3nnc(cc23)c4cccc(F)c4F)CC1,5.4
619,CHEMBL1989267,COc1cc(ccc1NC(=O)c2cc3ccccc3n2C)c4csc5c(C=CC(=O)NCCN(C)C)cnc(N)c45,5.8
624,CHEMBL1967531,Nc1ncnc2scc(c3ccc(NC(=O)Nc4ccccc4)cc3)c12,5.6
626,CHEMBL1973893,CCCS(=O)(=O)Nc1ccc(cc1)c2ccc3[nH]nc(NC(=O)C)c3c2,5.2
629,CHEMBL1997534,COc1cccc(c1)C(C)NC(=O)c2cc(C)c(s2)c3ccc4[nH]nc(C)c4c3,5.2
632,CHEMBL1985095,NC(=O)Cn1cc(c2cc(c3cc4ccccc4s3)c5[nH]ncc5c2)c6nc(N)ncc16,5.6
635,CHEMBL1973363,COc1cccc(NC(=O)N2CCC(CC2)c3nc4c(cccc4[nH]3)C(=O)N)c1,6.0
643,CHEMBL497151,Ic1ccc(Oc2cncc3sc(cc23)C4=NC(=O)ON4)cc1,5.1
644,CHEMBL2000029,Cc1ccccc1c2c(nnn2Cc3ccccc3)c4ccc5[nH]nc(N)c5c4,5.3
646,CHEMBL246970,NCC1CCC(CNc2nc(NCc3ccccc3Cl)ncc2[N+](=O)[O-])CC1,5.2
647,CHEMBL340921,Cc1cc(O)ccc1N2C=C(C(=O)N)C(=O)c3ccc(cc23)c4ccncc4,5.4
649,CHEMBL2001149,Oc1ccc2nc([nH]c2c1)c3ccc(Sc4ccc(cc4)c5nc6ccc(O)cc6[nH]5)cc3,5.9
653,CHEMBL1973540,O=C1Nc2ccc3ncsc3c2C1=CNc4ccc(cc4)S(=O)(=O)Nc5ccccn5,5.8
654,CHEMBL1996646,COc1cccc(OC)c1CNc2nc(NC3CCCCC3)nc4ccc(Cl)cc24,5.7
658,CHEMBL2005482,Clc1ccc(cc1NC(=O)Cc2ccccc2)c3nc4sccn4c3c5ccnc(Nc6cccc(c6)N7CCOCC7)n5,6.1
659,CHEMBL1996702,COc1cc(ccc1O)c2ccc3C(=O)Nc4cc(ccc4Nc3c2)C(=O)NCCCN(C)C,5.8
665,CHEMBL2006156,CC(C)N(C(C)C)C(=O)Nc1ccc2nc(c3occc3)c(nc2c1)c4occc4,5.4
667,CHEMBL1969190,COc1ccc(c2ccc(NC(=O)Nc3cc(F)cc(F)c3)cc2)c4c(N)noc14,5.2
669,CHEMBL1973937,Cc1ccc(c2ccc(NC(=O)Nc3cccc(Br)c3)cc2)c4c(N)n[nH]c14,6.3
672,CHEMBL1991674,OC1CCC(CC1)Nc2cc(Cl)nc(n2)c3c[nH]c4ncccc34,5.6
673,CHEMBL1982711,NC(=O)c1ccc(cc1)c2c[nH]c3nccc(Cl)c23,5.7
674,CHEMBL262623,Nc1ncnc2NCCC(=Nc12)c3ccccc3,4.1
676,CHEMBL1984842,CC(C)COc1nccn2c(c3ccnc(NCC(C)(C)CO)n3)c(nc12)c4ccc(F)cc4,5.3
680,CHEMBL1994241,COc1cc(C=C(C#N)c2nc3ccccc3[nH]2)c(Br)cc1O,5.1
681,CHEMBL223460,CS(=O)(=O)Nc1cc2OCCCCCOc3nc(NC(=O)Nc2cc1Cl)cnc3C#N,5.2
684,CHEMBL1995211,CC(C)(C)Nc1ncnc2[nH]cc(c3ccccc3)c12,5.5
685,CHEMBL1988838,Cc1cnc(Nc2cccc(c2)S(=O)(=O)N)nc1Nc3ccc(OCC(=O)N)cc3,6.8
686,CHEMBL1981725,CCN1CCN(CC1)c2ccc(Nc3nccc(n3)c4c(nc5ccccn45)c6cccc(c6)C(=O)Nc7ccccc7F)cc2,7.4
689,CHEMBL1972346,Oc1cc(O)cc(C=Cc2ccc(O)c(O)c2)c1,6.0
691,CHEMBL1991818,CCN1c2cc(N)ccc2c3ccc(N)cc3C1(O)c4ccccc4,5.5
692,CHEMBL1081312,Nc1ncnc2c1c(nn2C3CCCC3)c4cnc5[nH]ccc5c4,5.6
695,CHEMBL2005792,COc1nccn2c(c3ccnc(NCC(C)(C)CO)n3)c(nc12)c4ccc(F)cc4,5.5
699,CHEMBL1965570,Nc1ncc(c2cocc2)c3scc(c4ccc(NC(=O)Nc5ccccc5F)cc4)c13,5.1
701,CHEMBL1972355,COc1c2C(=O)C=C(C)Oc2cc(O)c1c3nc4ccccc4[nH]3,5.4
703,CHEMBL2001641,CC(C)(O)c1cn(nn1)c2ccc3[nH]ncc3c2,4.1
713,CHEMBL1983715,CCNc1nc(C)c(s1)c2ccnc(Nc3ccc(cc3)N4CCN(CC4)C(=O)C)n2,6.3
714,CHEMBL2006715,Fc1cccc(F)c1C(=O)Nc2cccc(c2)c3nc4sccn4c3c5ccnc(Nc6cccc(c6)N7CCCC7=O)n5,7.8
717,CHEMBL1990904,Fc1ccc(cc1)c2nc3cnccn3c2c4ccnc(NCC5CC5)n4,5.6
720,CHEMBL402846,Cc1ccc(F)c(NC(=O)Nc2ccc(cc2)c3cncc4c3c(N)nn4C)c1,5.8
721,CHEMBL1997349,CC1=NN(C(=O)C1=Cc2c(C)c(C#N)c3nc4ccccc4n3c2O)c5ccc(Cl)c(Cl)c5,5.4
723,CHEMBL220057,Cc1cccc(NC(=O)Nc2ccc(cc2)c3cccc4[nH]nc(N)c34)c1,6.0
724,CHEMBL1682545,N(c1ccccc1)c2nc(cs2)c3ccc4[nH]ncc4c3,5.3
725,CHEMBL1974935,NC(COc1cncc(C=Cc2ccncc2)c1)Cc3c[nH]c4ccccc34,5.9
728,CHEMBL1976732,CC(C)(O)Cc1nnc2ccc(nn12)c3c(nc4occn34)c5ccc(F)cc5F,5.1
729,CHEMBL1969506,CC(C)(C)OC(=O)n1ncc2cc(NC3=C(NCc4ccc(cc4)S(=O)(=O)N)C(=O)C3=O)ccc12,5.7
733,CHEMBL1977931,CC(=O)c1ccccc1c2ncnc3[nH]ccc23,4.4
735,CHEMBL1682552,C1CCC(CC1)Nc2c(nc3ncccn23)c4ccc5[nH]ncc5c4,5.4
738,CHEMBL1974870,Cc1n[nH]c2ccc(cc12)c3cncc(OCC(N)Cc4cccc(Cl)c4)c3,6.5
741,CHEMBL1972220,Nc1ncc(c2cnn(CCO)c2)c3scc(c4ccc(NC(=O)Nc5ccc(OC(F)F)cc5)cc4)c13,6.1
747,CHEMBL1986781,CC(=O)N1CCC(CC1)Nc2nccc(n2)c3c(nc4occn34)c5ccc(F)cc5,5.6
748,CHEMBL1983070,CCOc1ccccc1c2cccc(c2)c3n[nH]c4nc(O)cc(C)c34,7.2
752,CHEMBL1230122,CN1C(=O)C(=Cc2cnc(NC3CCOCC3)nc12)Oc4ccc(F)cc4F,5.5
753,CHEMBL1989043,CN1CCN(CC1)c2ccc(Nc3nc(N)c(s3)C(=O)c4c(Cl)cccc4Cl)cc2,6.7
755,CHEMBL1979057,O=C1NCc2c1cccc2c3ccc(Nc4nc5ccccc5[nH]4)cc3,5.0
761,CHEMBL1997611,CCOC(=O)c1nc2C(=O)Nc3cc(c(NC(=O)C)cc3n2c1C)[N+](=O)[O-],5.6
763,CHEMBL211378,Cc1cccc(NC(=O)Nc2ccc(cc2)c3noc4ncnc(N)c34)c1,5.3
764,CHEMBL1982465,Cc1cccc(NC(=O)Nc2ccc(cc2)c3csc4c(cnc(N)c34)C#CCN5CCOCC5)c1,6.0
765,CHEMBL2001751,NC(COc1cncc(c1)c2ccc3NC(=O)C(=Cc4occc4)c3c2)Cc5c[nH]c6ccccc56,6.9
769,CHEMBL2002723,CC(=O)Nc1ccc(cc1)n2nc3ccc(N)nc3n2,5.3
773,CHEMBL1984686,Brc1ccc2cnc(Nc3ccncn3)cc2c1,5.2
774,CHEMBL185569,Cc1cccc(NC(=O)Nc2ccc(cc2)c3cccc4C(=O)NCc34)c1,5.1
776,CHEMBL2007002,COc1cc(ccc1O)c2ccc3[nH]nc(C(=O)Nc4ccccc4)c3c2,5.3
781,CHEMBL1969588,Clc1cc(cc(NCc2ccccc2)n1)c3c[nH]c4ncccc34,6.5
782,CHEMBL1984711,COc1cc(Nc2nccc(Nc3onc(c3)C4CCCCC4)n2)cc(OC)c1OC,5.6
783,CHEMBL1967878,CN1CCN(CC1)c2ccc(Nc3ncc(F)c(NC4C5CC(C=C5)C4C(=O)N)n3)cc2C,7.1
785,CHEMBL484390,CCCCn1c(NC(=O)c2ccc(cc2)C#N)nc3cc(ccc13)N(C)C(=O)C4CCCCC4,5.4
787,CHEMBL1983255,CCCCOc1ccccc1CCc2cccc3nc(N)nc(N)c23,5.0
795,CHEMBL2000393,Fc1ccc2ncn(c3ncc4NC(=O)N(C5CCOc6c(F)cccc56)c4n3)c2c1,5.3
796,CHEMBL2004311,Cc1cc(C)cc(NC(=O)Nc2ccc(c(C)c2)c3cccc4C(=O)NCc34)c1,5.1
797,CHEMBL1992634,Brc1cnc2[nH]cc(c3ccccc3)c2c1,5.8
798,CHEMBL1242373,Cc1cccc(NC(=O)Nc2ccc3c(CCc4sc5ncnc(N)c5c34)c2)c1,5.4
799,CHEMBL1974157,Oc1ccc(C=C(C#N)C(=O)NCc2ccccc2)cc1O,5.4
800,CHEMBL1984847,CC(=O)OCCn1nc(c2cccc(Br)c2)c3C(=CC(=O)Nc13)C(F)(F)F,7.6
802,CHEMBL1988075,Cc1ccc(cn1)c2cnc(N)c3c(csc23)c4ccc(NC(=O)Nc5cccc(F)c5)cc4,5.7
804,CHEMBL1988076,Cc1ccccc1Nc2nccc(n2)c3c(nc4sccn34)c5cccc(NC(=O)c6ccccc6)c5,6.2
805,CHEMBL1991678,Cc1nccn2c(c3ccnc(NCC(C)(C)CO)n3)c(nc12)c4ccc(F)cc4F,5.2
806,CHEMBL2001239,Nc1ncnc(Nc2cc(CNC(=O)C(F)(F)F)c(O)c(c2)c3ccc(Cl)cc3)n1,5.8
809,CHEMBL253969,NC(=O)c1c(NC(=O)NCCCCN2CCCC2)snc1OCc3c(F)cc(Br)cc3F,6.5
810,CHEMBL1999811,Oc1ccc(C=NNC(=O)Nc2cccc3nsnc23)c(O)c1,5.5
813,CHEMBL2000481,NCCNS(=O)(=O)c1cccc(c1)C(=O)Nc2ccc(cc2)C3=NNC(=O)c4ccccc34,5.2
814,CHEMBL1982874,Nc1nc2ccc(cc2n1CC3CC3)c4c(nc5sccn45)c6ccc(F)cc6,5.4
817,CHEMBL189963,CC(=O)C1=C(C)c2cnc(Nc3ccc(cn3)N4CCNCC4)nc2N(C5CCCC5)C1=O,6.3
820,CHEMBL396523,OC(=O)c1ccccc1Nc2ccnc(Nc3ccc4[nH]ncc4c3)n2,7.1
822,CHEMBL1978371,Clc1ccc(cc1)C2CC(=C(C#N)C(=O)C2C(=O)c3ccccc3)c4ccccc4,5.6
832,CHEMBL1971029,CNS(=O)(=O)c1ccccc1Nc2nc(Nc3cc(ccc3OC)N4CCN(CC4)C(=O)C)ncc2Br,7.1
833,CHEMBL394790,Nc1nccc2scc(c3ccc(NC(=O)Nc4cccc(Cl)c4)cc3)c12,5.8
834,CHEMBL2001451,CN(C)CCCCNC(=O)c1cccc(c1)n2nc(cc2NC(=O)Nc3cccc4ccccc34)C(C)(C)C,5.4
836,CHEMBL1974702,CC1=Nc2c(sc3c(Br)ccc(Cl)c23)C(=O)O1,5.3
839,CHEMBL1965589,Cc1nccn2c(c3ccnc(NCC4(O)CC4)n3)c(nc12)c5ccc(F)cc5F,5.3
842,CHEMBL379975,Oc1ccc2[nH]c3cc(c4ccccc4Cl)c5C(=O)NC(=O)c5c3c2c1,5.8
846,CHEMBL2001539,C1Cc2sccc2c3[nH]ncc13,4.6
848,CHEMBL550418,COc1cc(ccc1O)c2ccc3C(=O)Nc4cccc(O)c4Nc3c2,5.5
849,CHEMBL1972584,CC(=O)N1CCN(CC1)C2CCC(CC2)n3nc(c4ccc(NC(=O)c5cc6ccccc6n5C)cc4)c7c(N)ncnc37,6.0
853,CHEMBL1979577,Cc1cccc(NC(=O)Nc2ccc(cc2)c3csc4c(cnc(N)c34)C#CC(C)(C)N)c1,6.9
856,CHEMBL1991800,CC(C)(CO)CNc1nccc(n1)c2c(nc3c(CC4CC4)nccn23)c5ccc(F)cc5,5.1
861,CHEMBL1996649,CCN(CC)CCCNC(=O)c1cnc(N)c2c(csc12)c3ccc(NC(=O)Nc4cccc(F)c4)cc3,6.5
862,CHEMBL1996817,CCCCOc1ncnc2[nH]cc(c3ccccc3)c12,5.8
876,CHEMBL191003,Nc1nc(Nc2ccc(cc2)S(=O)(=O)N)nn1C(=O)c3c(F)cccc3F,7.6
877,CHEMBL271381,COc1ccc(c2ccc(NC(=O)Nc3cccc(Br)c3)cc2)c4c(N)noc14,5.9
879,CHEMBL1982466,Cc1ccc(NC(=O)Nc2ccc(cc2)c3csc4c(cnc(N)c34)c5cnn(C)c5)cc1,5.5
880,CHEMBL1973359,NC(=O)c1ccc2nc(cn2c1)c3oc(cc3)[N+](=O)[O-],5.9
882,CHEMBL1995740,COc1cc(ccc1O)c2ccc3C(=O)Nc4cc(ccc4Nc3c2)[N+](=O)[O-],5.1
884,CHEMBL1979690,CN1CCN(CC1)c2ccc(Nc3ncc(Cl)c(Nc4ccc5[nH]ncc5c4)n3)cc2,7.3
886,CHEMBL1995832,COc1nccn2c(c3ccnc(NCC(C)(C)CO)n3)c(nc12)c4ccc(F)cc4F,5.9
888,CHEMBL1969042,Oc1ccc(Nc2[nH]nc(c3ccc(O)cc3)c2c4ccc(O)cc4)cc1,5.5
889,CHEMBL2000345,COc1cc(C=C(C#N)c2nc3cc(C)ccc3[nH]2)c(Br)cc1O,5.1
890,CHEMBL1999931,O=C(Nc1n[nH]c2ccc(cc12)c3cn(Cc4ccccc4)nn3)c5ccccc5,5.8
892,CHEMBL1983575,Oc1c(Br)cc(C=NNC(=O)Nc2ccccc2)cc1Br,5.2
894,CHEMBL1375418,Cc1ccc(CNc2ccc3nnc(c4ccccc4)n3n2)cc1,5.2
896,CHEMBL1981047,COC(C(=O)N1Cc2[nH]nc(NC(=O)c3ccc(cc3)N4CCN(C)CC4)c2C1)c5ccccc5,5.4
897,CHEMBL1991063,Cc1n[nH]c2ccc(cc12)c3cncc(OCC(N)Cc4ccc(Cl)c(Cl)c4)c3,6.2
900,CHEMBL1997197,COc1ccccc1CNC(=N)Nc2nccc(n2)c3cccs3,5.3
901,CHEMBL1979093,COc1ccc(c2ccc(NC(=O)Nc3ccc(F)c(C)c3)cc2)c4c(N)noc14,5.2
904,CHEMBL2002726,Cc1n[nH]c2ccc(cc12)c3cncc(OCC(N)Cc4ccccc4)c3,6.0
908,CHEMBL2005631,CNC(=O)c1cnc(N)c2c(csc12)c3ccc(NC(=O)Nc4cc(C)ccc4F)cc3,7.0
909,CHEMBL1994938,Nc1ncc(C=CC(=O)NCCCn2ccnc2)c3scc(c4ccc(Br)cc4)c13,5.1
914,CHEMBL1984760,CCCNC(=O)c1ccc(Nc2nc(CCC(F)(F)F)c3cc[nH]c3n2)cc1,5.3
917,CHEMBL360847,CN(C)CC1CCn2cc(C3=C(C(=O)NC3=O)c4cn(CCO1)c5ccccc45)c6ccccc26,5.6
922,CHEMBL1992937,Cc1ccc(Nc2nc3ccc(cc3[nH]2)[N+](=O)[O-])nc1,5.8
924,CHEMBL1986328,CN(C)C(=O)Nc1ccc2nc(c3occc3)c(nc2c1)c4occc4,5.4
926,CHEMBL1090356,O=C(Cc1ccccc1)Nc2cccc(c2)c3nc4sccn4c3c5ccnc(Nc6ccc(cc6)N7CCOCC7)n5,6.5
929,CHEMBL1983923,CN1CCN(CC1)c2cc(Nc3cc(C)[nH]n3)nc(C=Cc4ccccc4)n2,6.1
932,CHEMBL1999112,CCOC(=O)C1=C2SC(=Cc3occc3)C(=O)N2C(=C(C#N)C1c4occc4)N,5.3
937,CHEMBL1991395,CC(C)(CO)CNc1nccc(n1)c2c(nc3cnccn23)c4ccc(F)cc4,5.1
938,CHEMBL1971245,CN1CCN(CC1)c2cccc(Nc3nccc(n3)c4c(nc5ccccn45)C(=O)N)c2,5.1
939,CHEMBL1993634,CC(C)(C)c1cc(NC(=O)Nc2cccc3ccccc23)n(n1)c4cccc(c4)C(=O)N(CCN)CCO,5.6
941,CHEMBL1966514,Nc1ncc(c2cocc2)c3scc(c4ccc(NC(=O)Nc5cccc(F)c5)cc4)c13,5.6
942,CHEMBL2003638,Fc1cccc(c1)C(=O)Nc2n[nH]c3ccc(cc23)c4cn(Cc5ccccc5)nn4,5.6
944,CHEMBL1983393,Fc1cccc(NC(=O)Nc2cccc(c2)c3ccc4cn[nH]c4c3)c1,5.3
946,CHEMBL1993722,Nc1n[nH]c2cccc(c3ccc(NC(=O)Nc4cc(ccc4F)C(=O)O)cc3)c12,5.7
948,CHEMBL2006674,CCc1cnn2c(NCc3ccc[n+]([O-])c3)cc(nc12)N4CCCCC4CCO,5.6
952,CHEMBL1979970,CCCC(=O)Nc1n[nH]c2nnc(cc12)c3cccc(F)c3F,5.7
955,CHEMBL1967252,Cc1n[nH]c2ccc(cc12)c3cccnc3,4.3
958,CHEMBL1994318,CC(C)N(CCCN)C(=O)c1cccc(c1)n2nc(cc2NC(=O)Nc3cccc4ccccc34)C(C)(C)C,6.1
960,CHEMBL1974094,Clc1ccc(cc1)c2cc3C(=O)Nc4ccccc4n3c2,5.5
962,CHEMBL1967720,CC(C)(C(=O)N)n1cc(cn1)c2cnc(N)c3c(csc23)c4ccc(NC(=O)Nc5cccc(F)c5)cc4,5.9
966,CHEMBL1979516,CCNC(=O)c1cnc(N)c2c(csc12)c3ccc(NC(=O)Nc4cccc(F)c4)cc3,5.7
971,CHEMBL1968499,OC(=O)C1CN(Cc2ccc(OCc3ccc(Cl)cc3Cl)cc2)C1,6.0
982,CHEMBL231209,Nc1nccc2scc(c3ccc(NC(=O)Nc4cccc(F)c4)cc3)c12,5.5
984,CHEMBL2006765,CCCNC(=O)c1ccc(Nc2nc(NCC(F)(F)F)c3cc[nH]c3n2)cc1,6.5
985,CHEMBL1976220,Nc1nccc2scc(c3ccc(NC(=O)Nc4cccc(Br)c4)cc3)c12,6.1
987,CHEMBL1997617,CN1CCN(CC1)C2CCC(CC2)n3cc(c4ccc(Oc5ccccc5)cc4)c6c(N)ncnc36,5.2
991,CHEMBL1980246,NCc1cc(Nc2ncnc(n2)c3ccccc3)ccc1O,6.2
992,CHEMBL1987910,Nc1nccc2scc(c3ccc(NC(=O)Nc4ccccc4C(F)(F)F)cc3)c12,5.1
993,CHEMBL1983932,COc1ccc2c(NC(=O)Nc3cccc(Br)n3)ccnc2c1,5.2
994,CHEMBL1983980,OCc1ccc(cc1)c2sc(nc2C(=O)O)N3CCc4cccc(C(=O)Nc5nc6ccccc6s5)c4C3,6.5
995,CHEMBL1980297,Nc1ncc(c2cnn(CCO)c2)c3scc(c4ccc(NC(=O)Nc5cccc(F)c5)cc4)c13,6.2
996,CHEMBL1999484,CNc1nc(C)c(s1)c2ccnc(Nc3ccc(cc3)N4CCNCC4)n2,6.8
999,CHEMBL1997822,Cc1cc2cc(ccc2[nH]1)c3csc4c(cnc(N)c34)c5cccc(c5)S(=O)(=O)C,5.4
1000,CHEMBL1985690,CCCCOc1ccc(cc1S(=O)(=O)Nc2ccc(cc2)c3csc4ncnc(N)c34)C(C)(C)CC,5.1
1001,CHEMBL243088,OC(=O)c1ccccc1Nc2ccnc(Nc3cccc(O)c3)n2,6.6
1004,CHEMBL1993661,CNS(=O)(=O)c1ccccc1Nc2nc(Nc3cc(OC)c(OC)c(OC)c3)ncc2Cl,7.6
1008,CHEMBL1980391,COc1cc2Nc3n[nH]c(C)c3N=C(c4ccccc4Cl)c2cc1F,5.4
1013,CHEMBL1802358,O=C1NC(=N/C/1=C\c2ccc3OCOc3c2)Nc4ccccc4,5.77
1363,CHEMBL3718164,O=C(CNC(=O)c1ccc(cc1)n2ccnc2)NC3CCCc4ccccc34,6.3
1364,CHEMBL3718523,O=C(CNC(=O)c1ccc(cc1)c2ocnc2)NC3CCCc4ccccc34,7.3
1375,CHEMBL3715956,CCc1ccc(cc1)c2ccc(cc2)C(=O)NCC(=O)NCc3ccccc3C,7.3
1380,CHEMBL3715942,CCc1ccc(cc1)c2ccc(cc2)C(=O)NCC(=O)NC(C)c3ccccc3,6.3
1381,CHEMBL3718940,O=C(CNC(=O)c1ccc(cc1)N2CCCCC2)NC3CCCc4ccccc34,6.3
1382,CHEMBL3716416,CCc1ccc(cc1)c2ccc(cc2)C(=O)NCC(=O)NCc3ccccc3C(F)(F)F,7.3
1383,CHEMBL3717713,O=C(CNC(=O)c1ccc2ncccc2c1)NC3CCCc4ccccc34,6.3
1386,CHEMBL3716774,CCC(NC(=O)CNC(=O)c1ccc(cc1)c2ccc(CC)cc2)c3ccccc3,6.3
1393,CHEMBL3719051,COc1cc2cc([nH]c2cc1OC)C(=O)NCC(=O)NC3CCCc4ccccc34,6.3
1396,CHEMBL3716849,Oc1ccc(cc1)C(=O)NCC(=O)NC2CCCc3ccccc23,7.3
1402,CHEMBL3719286,O=C(CNC(=O)c1ccc(cc1)C2CCCCC2)NC3CCCc4ccccc34,7.3
1403,CHEMBL3717468,O=C(CNC(=O)c1ccc(Oc2ccccc2)cc1)NC3CCCc4ccccc34,7.3
1407,CHEMBL3718965,FC(F)(F)Oc1ccc(cc1)C(=O)NCC(=O)NC2CCCc3ccccc23,6.3
1408,CHEMBL3715041,O=C(CNC(=O)c1ccc2ccccc2c1)NC3CCCc4ccccc34,6.3
1410,CHEMBL3718453,O=C(NCC1COc2ccccc2O1)c3ccc4Nc5ccccc5C(=O)Nc4c3,7.3
1412,CHEMBL3718473,COc1ccc2nc(NC(=O)CNC(=O)CN3C=Nc4sc(C)c(C)c4C3=O)sc2c1,7.3
1413,CHEMBL3715362,CCOCCCN1C(=S)Nc2cc(ccc2C1=O)C(=O)NCC3COc4ccccc4O3,7.3
1419,CHEMBL3716567,CC(C)(C)c1ccc(OCC(=O)NCC(=O)NC2CCCc3ccccc23)cc1,6.3
1420,CHEMBL3714849,CC(C)CC(NC(=O)c1ccc(cc1)c2ccccc2)C(=O)NC3CCCc4ccccc34,6.3
1421,CHEMBL3719165,FC(F)(F)Oc1ccc(OCC(=O)NCC(=O)NC2CCCc3ccccc23)cc1,6.3
1422,CHEMBL3717584,COc1ccc(\C=C\C(=O)N[C@@H](COCc2ccccc2)C(=O)NC(c3ccccc3)c4ccccc4)cc1OC,6.3
1423,CHEMBL3715050,CCCCc1ccc(cc1)C(=O)NCC(=O)NC2CCCc3ccccc23,6.3
1424,CHEMBL3718891,COc1cccc(OCC(=O)NCC(=O)NC2CCCc3ccccc23)c1,6.3
1425,CHEMBL3718736,CCCCOc1ccc(cc1)C(=O)NCC(=O)NC2CCCc3ccccc23,6.3
1426,CHEMBL3715005,O=C(NC1CCCc2ccccc12)C(NC(=O)c3ccc(cc3)N=Nc4ccccc4)c5cccnc5,6.3
1427,CHEMBL3718166,Clc1ccc(CNC(=O)CNC(=O)COc2ccc(Br)cc2)cc1Cl,7.3
1428,CHEMBL3717484,CC(C)c1ccc(NC(=O)N2CCC[C@@]2(N)C(=O)NCc3ccc(Cl)c(Cl)c3)cc1,7.3
1429,CHEMBL3717193,COc1ccc2nc(NC(=O)CCCNC(=O)CN3C=Nc4sc5CCCCc5c4C3=O)sc2c1,7.3
1430,CHEMBL3719326,CCCCc1ccc(NC(=O)N2CCC[C@@]2(N)C(=O)NCc3ccc(Cl)c(Cl)c3)cc1,7.3
1431,CHEMBL3715589,CCCCOc1ccc(NC(=O)N[C@@H](COCc2ccccc2)C(=O)NCCc3ccccc3)cc1,7.3
1432,CHEMBL3718066,Cc1cc(cc(C)c1OCc2ccccc2)C(=O)NCC(=O)NC3CCCc4ccccc34,7.3
1433,CHEMBL3716968,CC(NC(=O)c1ccc(OCc2ccccc2)cc1)C(=O)NC3CCc4ccccc4C3,7.3
1434,CHEMBL3716744,CCCCOc1ccc(cc1)C(=O)NC(C)C(=O)NC2CCc3ccccc3C2,7.3
1435,CHEMBL3717452,COc1ccc(\C=C\C(=O)N[C@@H](Cc2c[nH]c3ccccc23)C(=O)NC4CCCc5ccccc45)cc1OC,7.3
1436,CHEMBL3715987,O=C(NC1CCCc2ccccc12)C(NC(=O)c3ccc(cc3)n4cncn4)c5cccnc5,7.3
1437,CHEMBL3718397,COc1ccc(\C=C\C(=O)N2Cc3[nH]cnc3CC2C(=O)NCCc4cccc(Cl)c4)cc1OC,7.3
1438,CHEMBL3715806,CCCCOc1ccc(cc1)C(=O)N[C@@H](Cc2c[nH]c3ccccc23)C(=O)NC4CCCc5ccccc45,7.3
1439,CHEMBL3717236,COc1cc2CC(Nc2cc1OC)C(=O)N[C@@H](Cc3c[nH]c4ccccc34)C(=O)NC5CCCc6ccccc56,7.3
1440,CHEMBL3716597,CCCCCCCc1ccc(cc1)C(=O)NCC(=O)NC2CCCc3ccccc23,7.3
1441,CHEMBL3717391,CCCCCc1ccc(cc1)C(=O)NCC(=O)NC2CCCc3ccccc23,7.3
1442,CHEMBL3717287,CCCCCCc1ccc(cc1)C(=O)NCC(=O)NC2CCCc3ccccc23,7.3
1443,CHEMBL3716788,CCCCCOc1ccc(cc1)C(=O)NC(C)C(=O)NC2CCc3ccccc3C2,7.3
1444,CHEMBL3715872,CCCCCCCOc1ccc(cc1)C(=O)NCC(=O)NC2CCCc3ccccc23,7.3
1445,CHEMBL3715380,O=C(NC1CCCc2ccccc12)C(NC(=O)C(C3CCCC3)c4ccccc4)c5cccnc5,7.3
1449,CHEMBL3715148,Brc1ccc(OCC(=O)NCC(=O)NC2CCCc3ccccc23)cc1,7.3
1450,CHEMBL3715887,O=C(CNC(=O)COc1ccc(OCc2ccccc2)cc1)NC3CCCc4ccccc34,7.3
1452,CHEMBL3715546,O=C(CC(NC(=O)c1ccccc1)c2ccccc2)NCC(=O)Nc3nc4ccccc4s3,7.3
1454,CHEMBL3716742,O=C(CC(NC(=O)c1ccccc1)c2ccccc2)NCC(=O)Nc3nccs3,6.3
1458,CHEMBL3717335,CCc1ccc(cc1)c2ccc(cc2)C(=O)NCC(=O)NC3CNCc4ccccc34,6.3
1460,CHEMBL3717424,Oc1ccc2nc(NC(=O)CNC(=O)CC(NC(=O)c3ccccc3)c4ccccc4)sc2c1,7.3
