,molecule_chembl_id,canonical_smiles,pchembl_value
0,CHEMBL2087982,Cc1cccc(n1)c2nc(NCc3cccc(F)c3F)sc2c4ccc5ncnn5c4,7.53
1,CHEMBL1271470,CCN(C)C(=O)c1ccc2\C(=C(\Nc3ccc(cc3)N(C)C(=O)CN(C)C)/c4ccccc4)\C(=O)Nc2c1,7.54
2,CHEMBL3261095,Cc1cccc(n1)c2nn(CC(=S)Nc3ccccc3F)cc2c4ccc5ncnn5c4,7.54
3,CHEMBL2208004,CCCC(=O)N(C)Cc1nc(c2nc(C)cs2)c([nH]1)c3ccc4ncsc4c3,7.55
4,CHEMBL205156,Cc1ccc(cc1)c2cc(ccn2)c3c[nH]nc3c4ccccn4,7.55
5,CHEMBL203436,COC(=O)c1ccc(cc1)c2cc(ccn2)c3c[nH]nc3c4ccccn4,7.57
6,CHEMBL578235,Cc1cc(Oc2ccnc(Nc3ccc(cc3)S(=O)(=O)N)c2)c(nc1C)c4ccccn4,7.57
7,CHEMBL3261088,Cc1cccc(n1)c2[nH]c(CNC(=S)c3ccccc3F)nc2c4ccc5ncnn5c4,7.57
8,CHEMBL3261093,Cc1cccc(n1)c2nn(CC(=O)Nc3cccc(c3)C#N)cc2c4ccc5ncnn5c4,7.57
9,CHEMBL568357,OC(=O)c1ccc(cc1)c2cc(ccn2)c3c[nH]nc3c4ccccn4,7.57
10,CHEMBL261454,c1ccc(nc1)c2n[nH]cc2c3ccnc4ccccc34,7.57
11,CHEMBL2208013,CC(=O)NCCCc1nc(c2nc(C)cs2)c([nH]1)c3ccc4ncsc4c3,7.59
12,CHEMBL1165374,Cc1cccc(n1)c2[nH]c(Cc3cccc(c3)C#N)nc2c4ccc5ncccc5c4,7.59
13,CHEMBL2088220,Cc1cccc(n1)c2nc(NCc3ccc(cc3)C(=O)N)sc2c4ccc5ncnn5c4,7.59
14,CHEMBL1824442,Cc1cccc(n1)c2nn(CC(=S)Nc3cccc(c3)C#N)cc2c4ccc5nccnc5c4,7.59
15,CHEMBL2208003,Cc1csc(n1)c2nc(CN3CCCC3=O)[nH]c2c4ccc5ncsc5c4,7.59
16,CHEMBL202943,CC(=O)COc1ccc(cc1)c2cc(ccn2)c3c[nH]nc3c4ccccn4,7.6
17,CHEMBL585505,CC(C)c1nc(c2cccc(C)n2)c([nH]1)c3ccnc(c3)c4ccc(cc4)C(=O)NC5CCOCC5,7.6
18,CHEMBL2208012,CCC(=O)NCCc1nc(c2nc(C)cs2)c([nH]1)c3ccc4ncsc4c3,7.6
19,CHEMBL3260609,Cc1cccc(n1)c2[nH]c(CNc3ccc(CC#N)cc3)nc2c4ccc5ncnn5c4,7.6
20,CHEMBL537968,Cc1cccc(n1)c2nc(Nc3ccc4[nH]ncc4c3)c5ccccc5n2,7.6
21,CHEMBL570533,Cc1cccc(n1)c2nc(Nc3ccncc3)c4ccccc4n2,7.6
22,CHEMBL1766450,Cc1cccc(n1)c2nn(CCC(=O)Nc3ccccc3)cc2c4ccc5ncccc5c4,7.6
23,CHEMBL2088222,Cc1cccc(n1)c2sc(NCc3cccc(c3)C#N)nc2c4ccc5ncnn5c4,7.6
24,CHEMBL1765876,Nc1nc(Nc2ccccc2)cc(n1)c3ccc4c(N)n[nH]c4c3,7.6
25,CHEMBL2087975,COc1ccc(CNc2nc(c3cccc(C)n3)c(s2)c4ccc5ncnn5c4)cc1,7.61
26,CHEMBL2088221,Cc1cccc(n1)c2sc(NCc3ccccc3)nc2c4ccc5ncnn5c4,7.61
27,CHEMBL1271472,CCNC(=O)c1ccc2\C(=C(\Nc3ccc(CN4CCCCC4)cc3)/c5ccccc5)\C(=O)Nc2c1,7.62
28,CHEMBL409525,CN(C)CCOc1ccc2c(ccnc2c1)c3c4CCCn4nc3c5ccccn5,7.62
29,CHEMBL593710,CN1N(C)C(=C(C1=O)c2cccc(CC#N)c2)c3ccc4nccnc4c3,7.62
30,CHEMBL202891,COc1ccc(cc1)c2cc(ccn2)c3c[nH]nc3c4ccccn4,7.62
31,CHEMBL445934,Cc1cccc(n1)c2[nH]c(NCc3ccc(cc3)C#N)nc2c4ccc5OCOc5c4,7.62
32,CHEMBL226734,Cc1cccc(n1)c2[nH]c(NCc3cccc(c3)C#N)nc2c4ccc5OCOc5c4,7.62
33,CHEMBL383523,FC(F)(F)c1ccc(cc1)c2cc(ccn2)c3c[nH]nc3c4ccccn4,7.62
34,CHEMBL3704648,Cc1cccc(n1)n2nccc2c3cc4cnccc4s3,7.63
35,CHEMBL3260588,Cc1cccc(n1)c2[nH]c(CNc3cccc(OC(F)(F)F)c3)nc2c4ccc5ncnn5c4,7.64
36,CHEMBL2208000,Cc1csc(n1)c2nc([nH]c2c3ccc4ncsc4c3)C5CCC(=O)CC5,7.64
37,CHEMBL2088215,Cc1cc(C)cc(CNc2nc(c3cccc(C)n3)c(s2)c4ccc5ncnn5c4)c1,7.66
38,CHEMBL585367,Cc1ccc(Oc2ccnc(Nc3ccc(cc3)S(=O)(=O)N)c2)c(C)n1,7.66
39,CHEMBL3261090,Cc1cccc(n1)c2[nH]c(CNC(=S)c3cccc(c3)C(=O)N)nc2c4ccc5ncnn5c4,7.66
40,CHEMBL3260630,Cc1cccc(n1)c2[nH]c(CNc3cccc(CN4CCCC4)c3F)nc2c5ccc6ncnn6c5,7.66
41,CHEMBL560815,Cc1cccc(n1)c2cc(Nc3ccncc3)c4ccccc4n2,7.66
42,CHEMBL2087986,Cc1cccc(n1)c2nc(NCc3ccc(Cl)c(Cl)c3)sc2c4ccc5ncnn5c4,7.66
43,CHEMBL2088214,Cc1cccc(n1)c2nc(NCc3cccc(C)c3C)sc2c4ccc5ncnn5c4,7.66
44,CHEMBL556871,Cc1cccc(n1)c2nc(Nc3ccncc3)c4sccc4n2,7.66
45,CHEMBL1766441,Cc1cccc(n1)c2nn(CC(=O)Nc3cccc(c3)C#N)cc2c4ccc5ncccc5c4,7.66
46,CHEMBL204966,Cc1cccc(n1)c2nn3CCCc3c2c4ccc5ncn(C)c5c4,7.66
47,CHEMBL2088224,Cc1cccc(n1)c2sc(NCc3ccccc3F)nc2c4ccc5ncnn5c4,7.67
48,CHEMBL574415,COc1cc(Nc2cc(Oc3ccc(C)nc3C)ccn2)cc(OC)c1OC,7.68
49,CHEMBL229597,Cc1cccc(n1)c2[nH]c(CNc3ccc(cc3)C(=O)N)nc2c4ccc5OCOc5c4,7.68
50,CHEMBL3260618,Cc1cccc(n1)c2[nH]c(CNc3cccc(C#N)c3C#N)nc2c4ccc5ncnn5c4,7.68
51,CHEMBL389078,Cc1cccc(n1)c2[nH]c(CNc3cccc(c3)C(=O)N)nc2c4ccc5OCOc5c4,7.68
52,CHEMBL3260565,Cc1cccc(n1)c2[nH]c(CSc3ccccc3)nc2c4ccc5ncnn5c4,7.68
53,CHEMBL2208001,Cc1csc(n1)c2nc([nH]c2c3ccc4ncsc4c3)C5CCOCC5,7.68
54,CHEMBL3260567,Cc1cccc(n1)c2[nH]c(CNc3ccccc3F)nc2c4ccc5ncnn5c4,7.69
55,CHEMBL604261,CN1N(C)C(=C(C1=O)c2cccc(C)c2)c3ccc4nccnc4c3,7.7
56,CHEMBL583964,COc1cc(Nc2cc(Oc3ccc(C)nc3c4ccccn4)ccn2)cc(OC)c1OC,7.7
57,CHEMBL606376,COc1cccc(c1)C2=C(N(C)N(C)C2=O)c3ccc4nccnc4c3,7.7
58,CHEMBL3260577,Cc1cccc(n1)c2[nH]c(CNc3ccccc3C#N)nc2c4ccc5ncnn5c4,7.7
59,CHEMBL185238,Cc1cccc(n1)c2n[nH]cc2c3ccc4ncccc4n3,7.7
60,CHEMBL360034,Cc1cccc(n1)c2nc(N)sc2c3ccc4ncccc4n3,7.7
61,CHEMBL541777,Cc1csc(n1)c2nc(Nc3ccncc3)c4ccccc4n2,7.7
62,CHEMBL365663,Nc1nc(c2cccc(Cl)c2)c(s1)c3ccc4ncccc4n3,7.7
63,CHEMBL181361,Nc1nc(c2ccccn2)c(s1)c3ccc4ncccc4n3,7.7
64,CHEMBL492634,Cc1cccc(n1)c2[nH]c(Cc3cccc(c3)C(=O)N)nc2c4ccc5nccnc5c4,7.71
65,CHEMBL2087970,Cc1cccc(n1)c2nc(NCc3cccc(OC(F)(F)F)c3)sc2c4ccc5ncnn5c4,7.71
66,CHEMBL205570,C(N1CCCC1)c2ccc(cc2)c3cc(ccn3)c4c[nH]nc4c5ccccn5,7.72
67,CHEMBL1272289,CCNC(=O)c1ccc2\C(=C(\Nc3ccc(CN(C)C)cc3)/c4ccccc4)\C(=O)Nc2c1,7.72
68,CHEMBL592977,CN1N(C)C(=C(C1=O)c2cccc(Cl)c2)c3ccc4nccnc4c3,7.72
69,CHEMBL607429,CN1N(C)C(=C(C1=O)c2cccc(NS(=O)(=O)C)c2)c3ccc4nccnc4c3,7.72
70,CHEMBL480731,COCCC(=O)Nc1nc(c2ccc(F)c(C)n2)c([nH]1)c3ccc4nccnc4c3,7.72
71,CHEMBL3704655,Cc1cccc(n1)n2nc3CCCc3c2c4cc5ccncc5s4,7.72
72,CHEMBL204575,ClCCOc1ccc(cc1)c2cc(ccn2)c3c[nH]nc3c4ccccn4,7.72
73,CHEMBL183354,c1ccc(nc1)c2n[nH]cc2c3ccc4ncccc4n3,7.72
74,CHEMBL565814,CN(C)CCNC(=O)Nc1ccc2c(ccnc2c1)c3c4CCCn4nc3c5ccccn5,7.75
75,CHEMBL3260902,Cc1cccc(n1)c2[nH]c(CNc3cc(CN4CCCC4)cc(c3)C#N)nc2c5ccc6ncnn6c5,7.75
76,CHEMBL3260616,Cc1cccc(n1)c2[nH]c(CNc3cccc(C)c3C)nc2c4ccc5ncnn5c4,7.75
77,CHEMBL3261096,Cc1cccc(n1)c2nn(CC(=S)Nc3cccc(c3)C#N)cc2c4ccc5ncnn5c4,7.75
78,CHEMBL202887,O=C(NC1CCOCC1)c2ccc(cc2)c3cc(ccn3)c4c[nH]nc4c5ccccn5,7.75
79,CHEMBL2208015,CCCS(=O)(=O)NCc1nc(c2nc(C)cs2)c([nH]1)c3ccc4ncsc4c3,7.77
80,CHEMBL1271965,CCNC(=O)c1ccc2\C(=C\Nc3ccc(cc3)N(CCCN(C)C)C(=O)C)\C(=O)Nc2c1,7.77
81,CHEMBL3260595,COC(=O)c1cccc(NCc2nc(c3ccc4ncnn4c3)c([nH]2)c5cccc(C)n5)c1,7.77
82,CHEMBL3260600,Cc1cccc(n1)c2[nH]c(CNc3ccc(Br)cc3)nc2c4ccc5ncnn5c4,7.77
83,CHEMBL3260621,Cc1cccc(n1)c2[nH]c(CNc3ccc(C)c(C)c3)nc2c4ccc5ncnn5c4,7.77
84,CHEMBL3260598,Cc1cccc(n1)c2[nH]c(CNc3ccc(F)cc3)nc2c4ccc5ncnn5c4,7.77
85,CHEMBL2087980,Cc1cccc(n1)c2nc(NCc3ccccc3C)sc2c4ccc5ncnn5c4,7.77
86,CHEMBL2207989,Cc1csc(n1)c2nc(C)[nH]c2c3ccc4ncsc4c3,7.77
87,CHEMBL440084,NC(=O)c1ccc(cc1)c2nc(c3ccccn3)c([nH]2)c4ccc5OCOc5c4,7.77
88,CHEMBL2088218,COc1cc(CNc2nc(c3cccc(C)n3)c(s2)c4ccc5ncnn5c4)cc(OC)c1,7.78
89,CHEMBL480581,CN1CCN(CC1)c2nc(c3ccc(F)c(C)n3)c([nH]2)c4ccc5ncnn5c4,7.79
90,CHEMBL3260586,CC(C)c1cccc(NCc2nc(c3ccc4ncnn4c3)c([nH]2)c5cccc(C)n5)c1,7.8
91,CHEMBL3260601,Cc1ccc(NCc2nc(c3ccc4ncnn4c3)c([nH]2)c5cccc(C)n5)cc1,7.8
92,CHEMBL2087973,Cc1cccc(n1)c2nc(NCc3ccc(Cl)cc3)sc2c4ccc5ncnn5c4,7.8
93,CHEMBL564250,Cc1cccc(n1)c2nc(Nc3ccncc3)c4c(C)csc4n2,7.8
94,CHEMBL2087979,Cc1cccc(n1)c2nc(NCc3ccccc3Cl)sc2c4ccc5ncnn5c4,7.81
95,CHEMBL1835533,Cc1cccc(n1)c2nn(cc2c3ccc4ncnn4c3)C(=S)Nc5ccc(cc5)C(=O)N,7.81
96,CHEMBL480582,CC(=O)N1CCN(CC1)c2nc(c3ccc(F)c(C)n3)c([nH]2)c4ccc5ncnn5c4,7.82
97,CHEMBL3260597,CC(=O)Nc1cccc(NCc2nc(c3ccc4ncnn4c3)c([nH]2)c5cccc(C)n5)c1,7.82
98,CHEMBL1272020,CCNC(=O)c1ccc2\C(=C\Nc3ccc(cc3)N(C)C(=O)CN4CCN(C)CC4)\C(=O)Nc2c1,7.82
99,CHEMBL376119,CCc1cccc(n1)c2[nH]c(CNc3cccc(c3)C(=O)N)nc2c4ccc5nccnc5c4,7.82
100,CHEMBL567706,CN(C)CCCc1cccc(c1)c2cc(ccn2)c3c[nH]nc3c4ccccn4,7.82
101,CHEMBL424676,CN(C)CCOc1ccc(cc1)c2cc(ccn2)c3c[nH]nc3c4ccccn4,7.82
102,CHEMBL3260628,CN(C)Cc1ccc(F)c(NCc2nc(c3ccc4ncnn4c3)c([nH]2)c5cccc(C)n5)c1,7.82
103,CHEMBL3260624,Cc1cccc(n1)c2[nH]c(CNc3cc(Cl)cc(Cl)c3)nc2c4ccc5ncnn5c4,7.82
104,CHEMBL3260596,Cc1cccc(n1)c2[nH]c(CNc3cccc(NS(=O)(=O)C)c3)nc2c4ccc5ncnn5c4,7.82
105,CHEMBL3260579,Cc1cccc(n1)c2[nH]c(CNc3ccccc3NS(=O)(=O)C)nc2c4ccc5ncnn5c4,7.82
106,CHEMBL2088213,Cc1cccc(n1)c2nc(NCc3cc(Cl)cc(Cl)c3)sc2c4ccc5ncnn5c4,7.82
107,CHEMBL520104,Cc1nc(ccc1F)c2nc([nH]c2c3ccc4ncnn4c3)N5CCOCC5,7.82
108,CHEMBL3260572,CC(C)c1ccccc1NCc2nc(c3ccc4ncnn4c3)c([nH]2)c5cccc(C)n5,7.85
109,CHEMBL3260626,COc1cc(NCc2nc(c3ccc4ncnn4c3)c([nH]2)c5cccc(C)n5)cc(OC)c1,7.85
110,CHEMBL3260587,COc1cccc(NCc2nc(c3ccc4ncnn4c3)c([nH]2)c5cccc(C)n5)c1,7.85
111,CHEMBL3260573,COc1ccccc1NCc2nc(c3ccc4ncnn4c3)c([nH]2)c5cccc(C)n5,7.85
112,CHEMBL3260625,Cc1cc(C)cc(NCc2nc(c3ccc4ncnn4c3)c([nH]2)c5cccc(C)n5)c1,7.85
113,CHEMBL3260570,Cc1cccc(n1)c2[nH]c(CNc3ccccc3C)nc2c4ccc5ncnn5c4,7.85
114,CHEMBL3260576,Cc1cccc(n1)c2[nH]c(CNc3ccccc3C=C)nc2c4ccc5ncnn5c4,7.85
115,CHEMBL2207994,Cc1csc(n1)c2nc([nH]c2c3ccc4ncsc4c3)C(C)(C)C,7.85
116,CHEMBL3634801,Cc1nc(ccc1F)c2[nH]c(CNc3cccc(C=C)c3)nc2c4ccc5ncnn5c4,7.86
117,CHEMBL2088219,Cc1cccc(n1)c2nc(NCc3cccc(c3)C(=O)N)sc2c4ccc5ncnn5c4,7.87
118,CHEMBL3260594,CC(=O)c1cccc(NCc2nc(c3ccc4ncnn4c3)c([nH]2)c5cccc(C)n5)c1,7.89
119,CHEMBL2208005,CCCCNCc1nc(c2nc(C)cs2)c([nH]1)c3ccc4ncsc4c3,7.89
120,CHEMBL2024684,CN1C=Nc2ccc(cc2C1=O)c3ccnn3c4cccc(C)n4,7.89
121,CHEMBL3260566,Cc1cccc(n1)c2[nH]c(CNc3ccccc3)nc2c4ccc5ncnn5c4,7.89
122,CHEMBL3260564,Cc1cccc(n1)c2[nH]c(COc3ccccc3)nc2c4ccc5ncnn5c4,7.89
123,CHEMBL1824440,Cc1cccc(n1)c2nn(CC(=S)Nc3ccccc3)cc2c4ccc5nccnc5c4,7.89
124,CHEMBL3704652,Cc1cccc(n1)n2nc3CCCc3c2c4cc5cnccc5s4,7.89
125,CHEMBL3634712,Cc1nc(ccc1F)c2[nH]c(CNc3ccccc3F)nc2c4ccc5ncnn5c4,7.9
126,CHEMBL205158,C(CN1CCOCC1)Oc2ccc(cc2)c3cc(ccn3)c4c[nH]nc4c5ccccn5,7.92
127,CHEMBL2208008,CCNC(=O)CCc1nc(c2nc(C)cs2)c([nH]1)c3ccc4ncsc4c3,7.92
128,CHEMBL575923,CN(C)C(=O)c1ccc(Nc2cc(Oc3cc(C)c(C)nc3c4ccccn4)ccn2)cc1,7.92
129,CHEMBL595556,CN1N(C)C(=C(C1=O)c2cccc(Br)c2)c3ccc4nccnc4c3,7.92
130,CHEMBL593708,CN1N(C)C(=C(C1=O)c2cccc(C=C)c2)c3ccc4nccnc4c3,7.92
131,CHEMBL3634705,Cc1ccc(F)c(n1)c2[nH]c(CNc3ccccc3F)nc2c4ccc5ncnn5c4,7.92
132,CHEMBL3260590,Cc1cccc(n1)c2[nH]c(CNc3cccc(C=C)c3)nc2c4ccc5ncnn5c4,7.92
133,CHEMBL3260615,Cc1cccc(n1)c2[nH]c(CNc3cccc(Cl)c3Cl)nc2c4ccc5ncnn5c4,7.92
134,CHEMBL387748,Cc1cccc(n1)c2[nH]c(CNc3cccc(c3)C#N)nc2c4ccc5nccnc5c4,7.92
135,CHEMBL3260574,Cc1cccc(n1)c2[nH]c(CNc3ccccc3OC(F)(F)F)nc2c4ccc5ncnn5c4,7.92
136,CHEMBL2088223,Cc1cccc(n1)c2sc(NCc3cccc(c3)C(=O)N)nc2c4ccc5ncnn5c4,7.92
137,CHEMBL2207999,Cc1csc(n1)c2nc([nH]c2c3ccc4ncsc4c3)C5CCCCC5,7.92
138,CHEMBL2087969,COc1cccc(CNc2nc(c3cccc(C)n3)c(s2)c4ccc5ncnn5c4)c1,7.94
139,CHEMBL2087968,Cc1cccc(CNc2nc(c3cccc(C)n3)c(s2)c4ccc5ncnn5c4)c1,7.95
140,CHEMBL2087965,Cc1cccc(n1)c2nc(NCc3ccccc3)sc2c4ccc5ncnn5c4,7.95
141,CHEMBL2208021,CCCCCOC(=O)NCc1nc(c2nc(C)cs2)c([nH]1)c3ccc4ncsc4c3,7.96
142,CHEMBL2208014,CCNC(=O)NCc1nc(c2nc(C)cs2)c([nH]1)c3ccc4ncsc4c3,7.96
143,CHEMBL3260571,CCc1ccccc1NCc2nc(c3ccc4ncnn4c3)c([nH]2)c5cccc(C)n5,7.96
144,CHEMBL3260629,CN(C)Cc1cccc(NCc2nc(c3ccc4ncnn4c3)c([nH]2)c5cccc(C)n5)c1F,7.96
145,CHEMBL593725,CN1N(C)C(=C(C1=O)c2ccccn2)c3ccc4nccnc4c3,7.96
146,CHEMBL3634707,Cc1ccc(F)c(n1)c2[nH]c(CNc3cccc(c3)C(=O)N)nc2c4ccc5ncnn5c4,7.96
147,CHEMBL3260599,Cc1cccc(n1)c2[nH]c(CNc3ccc(Cl)cc3)nc2c4ccc5ncnn5c4,7.96
148,CHEMBL3260593,Cc1cccc(n1)c2[nH]c(CNc3cccc(CC#N)c3)nc2c4ccc5ncnn5c4,7.96
149,CHEMBL361237,Nc1nc(c2ccc(F)cc2)c(s1)c3ccc4ncccc4n3,7.96
150,CHEMBL3634800,Cc1nc(ccc1F)c2[nH]c(CNc3cccc(c3)C(=O)N)nc2c4ccc5ncnn5c4,7.97
151,CHEMBL2087978,Cc1cccc(n1)c2nc(NCc3ccccc3F)sc2c4ccc5ncnn5c4,7.98
152,CHEMBL2087967,Cc1cccc(n1)c2nc(NCc3cccc(Cl)c3)sc2c4ccc5ncnn5c4,7.99
153,CHEMBL1808264,CC(C)c1nc(c2ccc(F)c(NS(=O)(=O)c3c(F)cccc3F)c2)c(s1)c4ccnc(Nc5ccc(nc5)N6CCOCC6)n4,8.0
154,CHEMBL3260575,CSc1ccccc1NCc2nc(c3ccc4ncnn4c3)c([nH]2)c5cccc(C)n5,8.0
155,CHEMBL3260619,Cc1cccc(n1)c2[nH]c(CNc3ccc(F)c(F)c3)nc2c4ccc5ncnn5c4,8.0
156,CHEMBL229599,Cc1cccc(n1)c2[nH]c(CNc3cccc(c3)C(=O)N)nc2c4ccc5nccnc5c4,8.0
157,CHEMBL1835523,Cc1cccc(n1)c2nn(cc2c3ccc4ncnn4c3)C(=S)Nc5cccc(OC(F)(F)F)c5,8.0
158,CHEMBL3634708,Cc1ccc(F)c(n1)c2[nH]c(CNc3cccc(C=C)c3)nc2c4ccc5ncnn5c4,8.01
159,CHEMBL3634704,Cc1ccc(F)c(n1)c2[nH]c(CNc3ccccc3)nc2c4ccc5ncnn5c4,8.01
160,CHEMBL2087971,Cc1cccc(n1)c2nc(NCc3cccc(c3)C#N)sc2c4ccc5ncnn5c4,8.03
161,CHEMBL2208238,Cc1csc(n1)c2nc(CNC(=O)OCC(C)(C)C)[nH]c2c3ccc4ncsc4c3,8.03
162,CHEMBL2208020,CCCCOC(=O)NCc1nc(c2nc(C)cs2)c([nH]1)c3ccc4ncsc4c3,8.04
163,CHEMBL3634706,Cc1ccc(F)c(n1)c2[nH]c(CNc3cccc(c3)C#N)nc2c4ccc5ncnn5c4,8.04
164,CHEMBL3634711,Cc1nc(ccc1F)c2[nH]c(CNc3ccccc3)nc2c4ccc5ncnn5c4,8.04
165,CHEMBL2207993,CC(C)Cc1nc(c2nc(C)cs2)c([nH]1)c3ccc4ncsc4c3,8.05
166,CHEMBL2208006,CCCC(=O)CCc1nc(c2nc(C)cs2)c([nH]1)c3ccc4ncsc4c3,8.05
167,CHEMBL1271796,CCN(C)C(=O)c1ccc2\C(=C(\Nc3ccc(cc3)N(CCCN(C)C)C(=O)C)/c4ccccc4)\C(=O)Nc2c1,8.05
168,CHEMBL1271853,CCNC(=O)c1ccc2\C(=C(\Nc3ccc(cc3)N(C)C(=O)CN4CCN(C)CC4)/c5ccccc5)\C(=O)Nc2c1,8.05
169,CHEMBL2207990,CCc1nc(c2nc(C)cs2)c([nH]1)c3ccc4ncsc4c3,8.05
170,CHEMBL3260584,Cc1cccc(NCc2nc(c3ccc4ncnn4c3)c([nH]2)c5cccc(C)n5)c1,8.05
171,CHEMBL3260581,Cc1cccc(n1)c2[nH]c(CNc3cccc(F)c3)nc2c4ccc5ncnn5c4,8.05
172,CHEMBL3260614,Cc1cccc(n1)c2[nH]c(CNc3cccc(F)c3F)nc2c4ccc5ncnn5c4,8.05
173,CHEMBL3260592,Cc1cccc(n1)c2[nH]c(CNc3cccc(c3)C(=O)N)nc2c4ccc5ncnn5c4,8.05
174,CHEMBL3260568,Cc1cccc(n1)c2[nH]c(CNc3ccccc3Cl)nc2c4ccc5ncnn5c4,8.05
175,CHEMBL2087984,Cc1cccc(n1)c2nc(NCc3cc(F)cc(F)c3)sc2c4ccc5ncnn5c4,8.05
176,CHEMBL521441,CCC(=O)Nc1nc(c2ccc(F)c(C)n2)c([nH]1)c3ccc4nccnc4c3,8.06
177,CHEMBL2087974,Cc1ccc(CNc2nc(c3cccc(C)n3)c(s2)c4ccc5ncnn5c4)cc1,8.06
178,CHEMBL2207997,Cc1csc(n1)c2nc([nH]c2c3ccc4ncsc4c3)C5CC5,8.06
179,CHEMBL2207998,Cc1csc(n1)c2nc([nH]c2c3ccc4ncsc4c3)C5CCCC5,8.06
180,CHEMBL2207988,Cc1csc(n1)c2nc[nH]c2c3ccc4ncsc4c3,8.06
181,CHEMBL2208022,CC(C)OC(=O)NCc1nc(c2nc(C)cs2)c([nH]1)c3ccc4ncsc4c3,8.07
182,CHEMBL2087972,Cc1cccc(n1)c2nc(NCc3ccc(F)cc3)sc2c4ccc5ncnn5c4,8.07
183,CHEMBL2208010,Cc1csc(n1)c2nc(CCCCC(=O)N)[nH]c2c3ccc4ncsc4c3,8.08
184,CHEMBL2207992,CC(C)c1nc(c2nc(C)cs2)c([nH]1)c3ccc4ncsc4c3,8.09
185,CHEMBL1957675,CCCC(=O)NCc1nc(c2nc(C)cs2)c([nH]1)c3ccc4ncsc4c3,8.09
186,CHEMBL2207991,CCCc1nc(c2nc(C)cs2)c([nH]1)c3ccc4ncsc4c3,8.09
187,CHEMBL3260899,Cc1cccc(n1)c2[nH]c(CNc3cccc(C#N)c3CN4CCOCC4)nc2c5ccc6ncnn6c5,8.09
188,CHEMBL2208017,Cc1csc(n1)c2nc(CN3CCOC3=O)[nH]c2c4ccc5ncsc5c4,8.09
189,CHEMBL1272291,CCN(C)C(=O)c1ccc2\C(=C(\Nc3ccc(cc3)N(CCN(C)C)C(=O)C)/c4ccccc4)\C(=O)Nc2c1,8.1
190,CHEMBL3260585,CCc1cccc(NCc2nc(c3ccc4ncnn4c3)c([nH]2)c5cccc(C)n5)c1,8.1
191,CHEMBL3260620,Cc1cccc(n1)c2[nH]c(CNc3ccc(Cl)c(Cl)c3)nc2c4ccc5ncnn5c4,8.1
192,CHEMBL3704654,Cc1cccc(n1)n2ncc(C)c2c3cc4ccncc4s3,8.1
193,CHEMBL2208018,COC(=O)NCc1nc(c2nc(C)cs2)c([nH]1)c3ccc4ncsc4c3,8.11
194,CHEMBL3634799,Cc1nc(ccc1F)c2[nH]c(CNc3cccc(c3)C#N)nc2c4ccc5ncnn5c4,8.12
195,CHEMBL2087983,Cc1cccc(n1)c2nc(NCc3ccc(F)c(F)c3)sc2c4ccc5ncnn5c4,8.13
196,CHEMBL2208019,CCCOC(=O)NCc1nc(c2nc(C)cs2)c([nH]1)c3ccc4ncsc4c3,8.14
197,CHEMBL2208011,CCNC(=O)OCc1nc(c2nc(C)cs2)c([nH]1)c3ccc4ncsc4c3,8.14
198,CHEMBL479262,COCC(=O)Nc1nc(c2ccc(F)c(C)n2)c([nH]1)c3ccc4nccnc4c3,8.14
199,CHEMBL519939,CC(=O)Nc1nc(c2ccc(F)c(C)n2)c([nH]1)c3ccc4nccnc4c3,8.15
200,CHEMBL2087966,Cc1cccc(n1)c2nc(NCc3cccc(F)c3)sc2c4ccc5ncnn5c4,8.15
201,CHEMBL2207995,CCCCCCc1nc(c2nc(C)cs2)c([nH]1)c3ccc4ncsc4c3,8.16
202,CHEMBL1269806,CCN(C)C(=O)c1ccc2\C(=C(\Nc3ccc(cc3)N(C)C(=O)CN4CCN(C)CC4)/c5ccccc5)\C(=O)Nc2c1,8.16
203,CHEMBL1272182,CCN(C)C(=O)c1ccc2\C(=C(\Nc3ccc(cc3)N(CCN(C)C)S(=O)(=O)C)/c4ccccc4)\C(=O)Nc2c1,8.16
204,CHEMBL575492,COc1ccccc1Nc2cc(Oc3cc(C)c(C)nc3c4ccccn4)ccn2,8.16
205,CHEMBL3260589,CSc1cccc(NCc2nc(c3ccc4ncnn4c3)c([nH]2)c5cccc(C)n5)c1,8.16
206,CHEMBL3260569,Cc1cccc(n1)c2[nH]c(CNc3ccccc3Br)nc2c4ccc5ncnn5c4,8.16
207,CHEMBL3260906,Cc1cccc(n1)c2[nH]c(CNc3cc(ccc3CN4CCCC4)C#N)nc2c5ccc6ncnn6c5,8.17
208,CHEMBL3260631,Cc1cccc(n1)c2[nH]c(CNc3cccc(CN4CCOCC4)c3F)nc2c5ccc6ncnn6c5,8.17
209,CHEMBL1835528,Cc1ccc(NC(=S)n2cc(c3ccc4ncnn4c3)c(n2)c5cccc(C)n5)cc1,8.18
210,CHEMBL3640035,Cc1cccc(n1)n2ncc(C)c2c3cc4cnccc4s3,8.18
211,CHEMBL594371,CCc1cccc(c1)C2=C(N(C)N(C)C2=O)c3ccc4nccnc4c3,8.22
212,CHEMBL574413,Cc1cc(Oc2ccnc(Nc3cccc(c3)N4CCOCC4)c2)c(nc1C)c5ccccn5,8.22
213,CHEMBL3260623,Cc1cccc(n1)c2[nH]c(CNc3cc(F)cc(F)c3)nc2c4ccc5ncnn5c4,8.22
214,CHEMBL3260582,Cc1cccc(n1)c2[nH]c(CNc3cccc(Cl)c3)nc2c4ccc5ncnn5c4,8.22
215,CHEMBL2024690,Cc1cccc(n1)n2nccc2c3ccc4N=CNC(=O)c4c3,8.22
216,CHEMBL576062,Cc1cccnc1c2nc(N)sc2c3ccc4ncccc4n3,8.22
217,CHEMBL2207996,Cc1csc(n1)c2nc([nH]c2c3ccc4ncsc4c3)C(F)(F)F,8.24
218,CHEMBL1835620,COc1ccccc1NC(=S)n2cc(c3ccc4ncnn4c3)c(n2)c5cccc(C)n5,8.25
219,CHEMBL3260898,Cc1cccc(n1)c2[nH]c(CNc3cccc(C#N)c3CN4CCCC4)nc2c5ccc6ncnn6c5,8.25
220,CHEMBL2208237,CC(C)COC(=O)NCc1nc(c2nc(C)cs2)c([nH]1)c3ccc4ncsc4c3,8.26
221,CHEMBL1835534,Cc1cccc(n1)c2nn(cc2c3ccc4ncnn4c3)C(=S)Nc5ccccc5F,8.27
222,CHEMBL1835625,Cc1cccc(n1)c2nn(cc2c3ccc4ncnn4c3)C(=S)Nc5cc(Cl)cc(Cl)c5,8.29
223,CHEMBL606632,CN1N(C)C(=C(C1=O)c2cccc(C)n2)c3ccc4nccnc4c3,8.3
224,CHEMBL3260583,Cc1cccc(n1)c2[nH]c(CNc3cccc(Br)c3)nc2c4ccc5ncnn5c4,8.3
225,CHEMBL3260591,Cc1cccc(n1)c2[nH]c(CNc3cccc(c3)C#N)nc2c4ccc5ncnn5c4,8.3
226,CHEMBL2024693,Cc1cccc(n1)n2nc3CCCc3c2c4ccc5N=CNC(=O)c5c4,8.3
227,CHEMBL3260901,CN(C)Cc1cc(NCc2nc(c3ccc4ncnn4c3)c([nH]2)c5cccc(C)n5)cc(c1)C#N,8.31
228,CHEMBL3260907,Cc1cccc(n1)c2[nH]c(CNc3cc(ccc3CN4CCOCC4)C#N)nc2c5ccc6ncnn6c5,8.32
229,CHEMBL2208016,CCOC(=O)NCc1nc(c2nc(C)cs2)c([nH]1)c3ccc4ncsc4c3,8.35
230,CHEMBL1835518,Cc1cccc(n1)c2nn(cc2c3ccc4ncnn4c3)C(=S)Nc5cccc(F)c5,8.35
231,CHEMBL1835524,Cc1cccc(n1)c2nn(cc2c3ccc4ncnn4c3)C(=S)Nc5cccc(c5)C#N,8.35
232,CHEMBL3704651,CCc1cnn(c2cccc(C)n2)c1c3cc4cnccc4s3,8.36
233,CHEMBL1835629,COc1ccc(NC(=S)n2cc(c3ccc4ncnn4c3)c(n2)c5cccc(C)n5)cc1OC,8.36
234,CHEMBL1835628,Cc1cccc(n1)c2nn(cc2c3ccc4ncnn4c3)C(=S)Nc5cc(cc(c5)C(F)(F)F)C(F)(F)F,8.39
235,CHEMBL1835526,Cc1cccc(n1)c2nn(cc2c3ccc4ncnn4c3)C(=S)Nc5ccc(F)cc5,8.39
236,CHEMBL2024686,CN1C=Nc2ccc(cc2C1=O)c3c(C)cnn3c4cccc(C)n4,8.4
237,CHEMBL575721,COc1cccc(Nc2cc(Oc3cc(C)c(C)nc3c4ccccn4)ccn2)c1,8.4
238,CHEMBL1835627,Cc1cc(C)cc(NC(=S)n2cc(c3ccc4ncnn4c3)c(n2)c5cccc(C)n5)c1,8.4
239,CHEMBL1835520,Cc1cccc(NC(=S)n2cc(c3ccc4ncnn4c3)c(n2)c5cccc(C)n5)c1,8.4
240,CHEMBL1835536,Cc1cccc(n1)c2nn(cc2c3ccc4ncnn4c3)C(=S)Nc5ccccc5C,8.4
241,CHEMBL1835621,Cc1cccc(n1)c2nn(cc2c3ccc4ncnn4c3)C(=S)Nc5ccccc5OC(F)(F)F,8.4
242,CHEMBL2024685,Cc1cccc(n1)n2nccc2c3ccc4N=CN(C=C)C(=O)c4c3,8.4
243,CHEMBL1835527,Cc1cccc(n1)c2nn(cc2c3ccc4ncnn4c3)C(=S)Nc5ccc(Cl)cc5,8.41
244,CHEMBL1835624,Cc1cccc(n1)c2nn(cc2c3ccc4ncnn4c3)C(=S)Nc5ccc(Cl)c(Cl)c5,8.42
245,CHEMBL1835626,Cc1cccc(n1)c2nn(cc2c3ccc4ncnn4c3)C(=S)Nc5ccc(C)c(C)c5,8.45
246,CHEMBL1835525,Cc1cccc(n1)c2nn(cc2c3ccc4ncnn4c3)C(=S)Nc5cccc(c5)C(=O)N,8.46
247,CHEMBL3260903,Cc1cccc(n1)c2[nH]c(CNc3cc(CN4CCOCC4)cc(c3)C#N)nc2c5ccc6ncnn6c5,8.48
248,CHEMBL1835531,Cc1cccc(n1)c2nn(cc2c3ccc4ncnn4c3)C(=S)Nc5ccc(OC(F)(F)F)cc5,8.48
249,CHEMBL1835623,Cc1cccc(n1)c2nn(cc2c3ccc4ncnn4c3)C(=S)Nc5cc(F)cc(F)c5,8.5
250,CHEMBL234655,Fc1ccc(Br)cc1c2nc(Nc3ccncc3C(=O)NCCCN4CCCC4=O)c5nccnc5n2,8.5
251,CHEMBL3260905,CN(C)Cc1ccc(cc1NCc2nc(c3ccc4ncnn4c3)c([nH]2)c5cccc(C)n5)C#N,8.51
252,CHEMBL1271736,CCNC(=O)c1ccc2\C(=C(\Nc3ccc(cc3)N(CCCN(C)C)C(=O)C)/c4ccccc4)\C(=O)Nc2c1,8.52
253,CHEMBL1272238,CCNC(=O)c1ccc2\C(=C(\Nc3ccc(cc3)N(CCN(C)C)C(=O)C)/c4ccccc4)\C(=O)Nc2c1,8.52
254,CHEMBL2024687,CN1C=Nc2ccc(cc2C1=O)c3cc(C)nn3c4cccc(C)n4,8.52
255,CHEMBL1835529,Cc1cccc(n1)c2nn(cc2c3ccc4ncnn4c3)C(=S)Nc5ccc(cc5)C(F)(F)F,8.52
256,CHEMBL1835521,Cc1cccc(n1)c2nn(cc2c3ccc4ncnn4c3)C(=S)Nc5cccc(c5)C(F)(F)F,8.52
257,CHEMBL480583,Cc1nc(ccc1F)c2nc([nH]c2c3ccc4ncnn4c3)N5CCN(CC5)S(=O)(=O)C,8.52
258,CHEMBL450161,CC(=O)Nc1nc(c2cccc(C)n2)c([nH]1)c3ccc4ncnn4c3,8.53
259,CHEMBL1835532,Cc1cccc(n1)c2nn(cc2c3ccc4ncnn4c3)C(=S)Nc5ccc(cc5)C#N,8.53
260,CHEMBL3260627,CN(C)c1ccc(F)c(NCc2nc(c3ccc4ncnn4c3)c([nH]2)c5cccc(C)n5)c1,8.54
261,CHEMBL1835112,Cc1cccc(n1)c2nn(cc2c3ccc4ncnn4c3)C(=S)Nc5ccccc5,8.55
262,CHEMBL1835535,Cc1cccc(n1)c2nn(cc2c3ccc4ncnn4c3)C(=S)Nc5ccccc5Cl,8.55
263,CHEMBL3260900,CN(C)c1cc(NCc2nc(c3ccc4ncnn4c3)c([nH]2)c5cccc(C)n5)cc(c1)C#N,8.59
264,CHEMBL1835630,COc1cc(NC(=S)n2cc(c3ccc4ncnn4c3)c(n2)c5cccc(C)n5)cc(OC)c1,8.6
265,CHEMBL3260897,CN(C)Cc1c(NCc2nc(c3ccc4ncnn4c3)c([nH]2)c5cccc(C)n5)cccc1C#N,8.62
266,CHEMBL1835519,Cc1cccc(n1)c2nn(cc2c3ccc4ncnn4c3)C(=S)Nc5cccc(Cl)c5,8.63
267,CHEMBL1835522,COc1cccc(NC(=S)n2cc(c3ccc4ncnn4c3)c(n2)c5cccc(C)n5)c1,8.65
268,CHEMBL1835622,Cc1cccc(n1)c2nn(cc2c3ccc4ncnn4c3)C(=S)Nc5ccc(F)c(F)c5,8.67
269,CHEMBL517068,CC(=O)Nc1nc(c2ccc(F)c(C)n2)c([nH]1)c3ccc4ncnn4c3,8.68
270,CHEMBL2024691,CCc1cnn(c2cccc(C)n2)c1c3ccc4N=CNC(=O)c4c3,8.7
271,CHEMBL3818173,Clc1cnc2OCOc2c1Nc3ccnc(NC(=O)C4CC4)c3,8.72
272,CHEMBL3260904,CN(C)c1ccc(cc1NCc2nc(c3ccc4ncnn4c3)c([nH]2)c5cccc(C)n5)C#N,8.89
273,CHEMBL1272128,CCNC(=O)c1ccc2\C(=C(\Nc3ccc(cc3)N(CCN(C)C)S(=O)(=O)C)/c4ccccc4)\C(=O)Nc2c1,9.0
274,CHEMBL2024689,CCc1cc(c2ccc3N=CN(C)C(=O)c3c2)n(n1)c4cccc(C)n4,9.0
275,CHEMBL2024688,Cc1cccc(n1)n2ncc(C)c2c3ccc4N=CNC(=O)c4c3,9.0
276,CHEMBL480742,Cc1nc(ccc1F)c2nc(N)[nH]c2c3ccc4nccnc4c3,9.16
277,CHEMBL1835530,COc1ccc(NC(=S)n2cc(c3ccc4ncnn4c3)c(n2)c5cccc(C)n5)cc1,9.24
278,CHEMBL519948,Cc1cccc(n1)c2nc(N)sc2c3ccc4nccnc4c3,9.48
0,CHEMBL10,C[S+]([O-])c1ccc(cc1)c2nc(c3ccc(F)cc3)c([nH]2)c4ccncc4,4.52
3,CHEMBL129677,Cc1cccc(n1)c2[nH]ncc2c3ccnc4ccccc34,7.47
6,CHEMBL118928,Cc1cccc(n1)c2n[nH]cc2c3ccc(O)cc3,7.51
9,CHEMBL126789,Cc1cccc(n1)c2[nH]ncc2c3ccc(F)c(F)c3,6.82
12,CHEMBL129760,COc1ccc(cc1)c2cn(C)nc2c3cccc(C)n3,7.36
15,CHEMBL341280,Brc1cccc(n1)c2[nH]ncc2c3ccnc4ccccc34,7.51
18,CHEMBL341534,Clc1ccc(nc1)c2n[nH]cc2c3ccnc4ccccc34,5.75
21,CHEMBL129153,Cc1cccc(n1)c2[nH]nc(C)c2c3ccnc4ccccc34,7.09
24,CHEMBL129553,Cc1cccc(n1)c2[nH]ncc2c3ccccc3,6.27
27,CHEMBL129678,FC(F)(F)c1cccc(c1)c2n[nH]cc2c3ccnc4ccccc34,6.66
30,CHEMBL126180,C(c1ccccc1)n2cc(c3ccnc4ccccc34)c(n2)c5ccccn5,6.43
33,CHEMBL337978,Fc1ccc(cc1)c2c[nH]nc2c3ccccn3,6.56
36,CHEMBL129280,c1ccc(cc1)c2c[nH]nc2c3ccccn3,5.4
39,CHEMBL125846,Cc1cccc(n1)c2[nH]ncc2c3ccc(F)cc3,7.16
42,CHEMBL125738,Cc1cccc(n1)c2[nH]ncc2c3ccc(Cl)cc3,7.24
45,CHEMBL126676,c1ccc(cc1)c2n[nH]cc2c3ccnc4ccccc34,6.42
48,CHEMBL340203,Fc1ccc(nc1)c2n[nH]cc2c3ccnc4ccccc34,7.04
51,CHEMBL338196,C1CC1c2[nH]nc(c3ccccn3)c2c4ccnc5ccccc45,6.69
54,CHEMBL338713,c1ccc(nc1)c2c[nH]nc2c3ccnc4ccccc34,6.82
57,CHEMBL130025,c1ccc2c(ccnc2c1)c3c[nH]nc3c4cccs4,6.45
63,CHEMBL269339,OC(=O)c1ccc(cc1)c2nc(c3ccc(F)cc3)c([nH]2)c4ccccn4,5.82
64,CHEMBL267228,OCc1ccc(cc1)c2nc(c3ccccn3)c([nH]2)c4ccc5OCOc5c4,6.59
65,CHEMBL266706,Fc1ccc(cc1)c2c(nc3SCCn23)c4ccccn4,5.8
66,CHEMBL6250,OC(=O)c1ccc(cc1)c2nc(c3ccc4OCOc4c3)c([nH]2)c5ccccn5,6.77
67,CHEMBL6304,Fc1ccc(cc1)c2c(nc3CCCn23)c4ccccn4,5.24
70,CHEMBL6252,OC(=O)c1ccc(cc1)c2nc(c3ccc(F)cc3)c([nH]2)c4ccncc4,6.4
71,CHEMBL269341,N#Cc1ccc(cc1)c2nc(c3ccc4OCOc4c3)c([nH]2)c5ccccn5,5.53
72,CHEMBL6204,COc1ccc(cc1)c2c(nc3CCCn23)c4ccccn4,5.29
74,CHEMBL268889,C1Cc2nc(c3ccccn3)c(c4ccc5OCOc5c4)n2C1,6.34
76,CHEMBL181640,Nc1nc(c2ccccn2)c(s1)c3ccnc4ccccc34,6.14
78,CHEMBL359724,Nc1nc(c2cccnc2)c(s1)c3ccnc4ccccc34,5.4
80,CHEMBL184746,Nc1nc(c2ccccc2F)c(s1)c3ccnc4ccccc34,5.9
84,CHEMBL182678,Nc1nc(c2cc(Cl)ccn2)c(s1)c3ccnc4ccccc34,5.99
88,CHEMBL181958,Nc1nc(c2ccccn2)c(s1)c3ccnc4ncccc34,5.1
95,CHEMBL182354,Cc1ccnc2ccc(nc12)c3sc(N)nc3c4ccccn4,7.52
109,CHEMBL362710,Nc1nc(c2nccs2)c(s1)c3ccnc4ccccc34,5.93
111,CHEMBL447486,Nc1nc(c2ccc(Cl)cn2)c(s1)c3ccnc4ccccc34,5.75
113,CHEMBL365918,Nc1nc(c2ccccn2)c(s1)c3cccc4ccccc34,4.96
115,CHEMBL186966,Nc1nc(c2ccccn2)c(s1)c3ccc4ccccc4n3,5.45
117,CHEMBL425177,Cc1ccc2nccc(c3sc(N)nc3c4ccccn4)c2n1,6.42
124,CHEMBL204158,C(COC1CCCCO1)Cn2cnc3cc(ccc23)c4c5CCCn5nc4c6ccccn6,5.18
125,CHEMBL202625,Cc1cccc(n1)c2nn3CCCc3c2c4ccc5c(c4)ncn5CCCOC6CCCCO6,5.74
126,CHEMBL203214,Cn1cnc2cc(ccc12)c3c4CCCn4nc3c5ccccn5,5.32
127,CHEMBL204139,C1Cc2c(c3ccc4[nH]cnc4c3)c(nn2C1)c5ccccn5,5.77
128,CHEMBL378167,C(CN1CCCC1)Cn2cnc3ccc(cc23)c4c5CCCn5nc4c6ccccn6,6.61
129,CHEMBL202730,CN(C)CCCn1cnc2ccc(cc12)c3c4CCCn4nc3c5ccccn5,6.4
130,CHEMBL377711,Cc1cccc(n1)c2nn3CCCc3c2c4ccc5ncn(CCCN6CCCCC6)c5c4,6.81
131,CHEMBL206233,Cc1cccc(n1)c2nn3CCCc3c2c4ccc5ncn(CCCN6CCCC6)c5c4,7.13
132,CHEMBL381532,Cc1cccc(n1)c2nn3CCCc3c2c4ccc5ncn(CCCN6CCOCC6)c5c4,7.16
133,CHEMBL203791,CCN(CC)CCCn1cnc2ccc(cc12)c3c4CCCn4nc3c5cccc(C)n5,6.91
134,CHEMBL441176,CN(C)CCCn1cnc2ccc(cc12)c3c4CCCn4nc3c5cccc(C)n5,7.07
135,CHEMBL203619,OCCCn1cnc2ccc(cc12)c3c4CCCn4nc3c5ccccn5,7.1
136,CHEMBL204063,Cc1cccc(n1)c2nn3CCCc3c2c4ccc5ncn(CCCO)c5c4,7.39
137,CHEMBL204170,Cn1cnc2ccc(cc12)c3c4CCCn4nc3c5ccccn5,7.13
139,CHEMBL382838,Cc1cccc(n1)c2nn3CCCc3c2c4ccc5[nH]cnc5c4,7.33
140,CHEMBL427211,Cn1ccc2cc(ccc12)c3c4CCCn4nc3c5ccccn5,4.91
141,CHEMBL377717,Cc1cccc(n1)c2nn3CCCc3c2c4ccc5c(ccn5C)c4,5.39
163,CHEMBL205736,c1ccc(cc1)c2cc(ccn2)c3c[nH]nc3c4ccccn4,6.97
164,CHEMBL206017,O=C(Nc1ccc(cc1)c2cc(ccn2)c3c[nH]nc3c4ccccn4)C5CCOCC5,6.95
165,CHEMBL205271,CN(C1CCOCC1)C(=O)c2ccc(cc2)c3cc(ccn3)c4c[nH]nc4c5ccccn5,6.67
167,CHEMBL436944,O=C(N1CCOCC1)c2ccc(cc2)c3cc(ccn3)c4c[nH]nc4c5ccccn5,6.91
168,CHEMBL380916,O=C(N1CCCC1)c2ccc(cc2)c3cc(ccn3)c4c[nH]nc4c5ccccn5,6.96
169,CHEMBL205151,COCCNC(=O)c1ccc(cc1)c2cc(ccn2)c3c[nH]nc3c4ccccn4,7.04
170,CHEMBL204211,C(NC1CCOCC1)c2ccc(cc2)c3cc(ccn3)c4c[nH]nc4c5ccccn5,7.33
171,CHEMBL1237161,Cl.C(N1CCOCC1)c2ccc(cc2)c3cc(ccn3)c4c[nH]nc4c5ccccn5,7.38
173,CHEMBL208437,C(Cn1ccnc1)Oc2ccc(cc2)c3cc(ccn3)c4c[nH]nc4c5ccccn5,7.52
175,CHEMBL202994,C(CN1CCCC1)Oc2ccc(cc2)c3cc(ccn3)c4c[nH]nc4c5ccccn5,7.4
179,CHEMBL379700,C(CC1CCCCC1)Oc2ccc(cc2)c3cc(ccn3)c4c[nH]nc4c5ccccn5,7.09
180,CHEMBL437118,N#Cc1ccc(cc1)c2cc(ccn2)c3c[nH]nc3c4ccccn4,7.46
182,CHEMBL204838,Clc1ccc(cc1)c2cc(ccn2)c3c[nH]nc3c4ccccn4,7.37
183,CHEMBL206544,CC(C)c1ccc(cc1)c2cc(ccn2)c3c[nH]nc3c4ccccn4,7.5
184,CHEMBL381948,Fc1ccc(cc1)c2cc(ccn2)c3c[nH]nc3c4ccccn4,7.32
188,CHEMBL382799,COc1cccc(c1)c2cc(ccn2)c3c[nH]nc3c4ccccn4,6.94
189,CHEMBL382466,FC(F)(F)c1cccc(c1)c2cc(ccn2)c3c[nH]nc3c4ccccn4,6.62
190,CHEMBL205260,Cc1cccc(c1)c2cc(ccn2)c3c[nH]nc3c4ccccn4,6.72
191,CHEMBL426852,FC(F)(F)c1ccccc1c2cc(ccn2)c3c[nH]nc3c4ccccn4,5.03
192,CHEMBL383433,Cc1ccccc1c2cc(ccn2)c3c[nH]nc3c4ccccn4,5.4
193,CHEMBL205427,Fc1ccccc1c2cc(ccn2)c3c[nH]nc3c4ccccn4,7.23
195,CHEMBL387747,Cc1cccc(n1)c2[nH]c(CNc3cccc(c3)C#N)nc2c4ccc5OCOc5c4,7.34
199,CHEMBL226733,CCc1cccc(n1)c2[nH]c(CNc3ccc(cc3)C(=O)N)nc2c4ccc5nccnc5c4,7.04
201,CHEMBL229654,Cc1cccc(n1)c2[nH]c(CNc3ccc(cc3)C(=O)N)nc2c4ccc5nccnc5c4,7.13
203,CHEMBL389079,CCc1cccc(n1)c2[nH]c(CNc3ccc(cc3)C(=O)N)nc2c4ccc5OCOc5c4,6.42
204,CHEMBL229598,CCc1cccc(n1)c2[nH]c(CNc3cccc(c3)C(=O)N)nc2c4ccc5OCOc5c4,7.34
207,CHEMBL229548,CCc1cccc(n1)c2[nH]c(CNc3ccc(cc3)C#N)nc2c4ccc5nccnc5c4,7.33
208,CHEMBL229547,CCc1cccc(n1)c2[nH]c(CNc3cccc(c3)C#N)nc2c4ccc5nccnc5c4,6.92
209,CHEMBL229546,Cc1cccc(n1)c2[nH]c(CNc3ccc(cc3)C#N)nc2c4ccc5nccnc5c4,7.38
211,CHEMBL229497,CCc1cccc(n1)c2[nH]c(CNc3ccc(cc3)C#N)nc2c4ccc5OCOc5c4,6.44
212,CHEMBL229496,CCc1cccc(n1)c2[nH]c(CNc3cccc(c3)C#N)nc2c4ccc5OCOc5c4,7.14
213,CHEMBL229495,Cc1cccc(n1)c2[nH]c(CNc3ccc(cc3)C#N)nc2c4ccc5OCOc5c4,6.76
277,CHEMBL238125,Fc1ccc(Cl)cc1c2nc(Nc3ccncc3)c4nccnc4n2,7.28
279,CHEMBL237570,COc1ccc2cc(ccc2c1)c3c(nc(c4ccc(cc4C)[S+](C)[O-])n3C)c5ccncc5,6.53
362,CHEMBL410456,NC(=O)c1ccc(cc1)c2nc(c3ccc4OCCOc4c3)c([nH]2)c5ccccn5,6.3
364,CHEMBL406407,Clc1cc(c2c3CCCn3nc2c4ccccn4)c5ccccc5n1,4.7
365,CHEMBL261702,CN(C)C(=O)c1ccc(Oc2ccc3c(ccnc3c2)c4c5CCCn5nc4c6ccccn6)cc1,5.96
366,CHEMBL261701,OC(=O)c1ccc(Oc2ccc3c(ccnc3c2)c4c5CCCn5nc4c6ccccn6)cc1,5.32
367,CHEMBL260729,NC(=O)c1ccc(Oc2ccc3c(ccnc3c2)c4c5CCCn5nc4c6ccccn6)cc1,5.96
368,CHEMBL258641,N#Cc1ccc(Oc2ccc3c(ccnc3c2)c4c5CCCn5nc4c6ccccn6)cc1,5.92
369,CHEMBL406411,CN1CCCC1CCCOc2ccc3c(ccnc3c2)c4c5CCCn5nc4c6ccccn6,7.14
370,CHEMBL409158,C(Oc1ccc2c(ccnc2c1)c3c4CCCn4nc3c5ccccn5)C6CCCO6,6.89
371,CHEMBL409356,CN1CCN(CC1)C(=O)COc2ccc3c(ccnc3c2)c4c5CCCn5nc4c6ccccn6,7.31
372,CHEMBL411855,CN(C)CCCCCOc1ccc2c(ccnc2c1)c3c4CCCn4nc3c5ccccn5,7.33
373,CHEMBL260015,C(CN1CCOCC1)Oc2ccc3c(ccnc3c2)c4c5CCCn5nc4c6ccccn6,7.16
374,CHEMBL409331,CN1CCN(CCOc2ccc3c(ccnc3c2)c4c5CCCn5nc4c6ccccn6)CC1,7.0
375,CHEMBL411297,CCN(C)CCOc1ccc2c(ccnc2c1)c3c4CCCn4nc3c5ccccn5,7.07
377,CHEMBL261762,ClCCOc1ccc2c(ccnc2c1)c3c4CCCn4nc3c5ccccn5,7.48
378,CHEMBL261674,CN1CCN(CCCOc2ccc3c(ccnc3c2)c4c5CCCn5nc4c6ccccn6)CC1,7.13
379,CHEMBL260147,Oc1ccc2c(ccnc2c1)c3c4CCCn4nc3c5ccccn5,6.8
383,CHEMBL410308,CN(C)CCNC(=O)c1ccc2nccc(c3c4CCCn4nc3c5cccc(C)n5)c2c1,6.71
384,CHEMBL408181,COC(=O)c1ccc2nccc(c3c4CCCn4nc3c5cccc(C)n5)c2c1,6.28
385,CHEMBL260240,Cc1cccc(n1)c2nn3CCCc3c2c4ccnc5ccc(OC(F)(F)F)cc45,6.85
386,CHEMBL260923,Cc1cccc(n1)c2nn3CCCc3c2c4ccnc5ccc(Br)cc45,7.05
387,CHEMBL411741,Cc1cccc(n1)c2nn3CCCc3c2c4ccnc5c(F)cccc45,6.03
388,CHEMBL261625,COc1cc(OC)c2nccc(c3c4CCCn4nc3c5cccc(C)n5)c2c1,5.42
389,CHEMBL260239,CN(C)Cc1ccc(Oc2ccc3c(ccnc3c2)c4c5CCCn5nc4c6ccccn6)cc1,6.13
391,CHEMBL482728,COc1cc2nccc(Oc3ccccc3C(=O)c4ccccc4)c2cc1OC,4.8
392,CHEMBL482729,Cl.COc1cc2nccc(Oc3ccc(C)cc3C(=O)c4ccccc4)c2cc1OC,5.57
393,CHEMBL484907,COc1cc2nccc(Oc3ccc(C)cc3C(=O)C)c2cc1OC,5.36
394,CHEMBL500149,COc1cc2nccc(Oc3cc(C)c(C)cc3C(=O)C)c2cc1OC,6.2
481,CHEMBL481546,Cc1nc(ccc1F)c2nc([nH]c2c3ccc4ncnn4c3)N5CCCCC5,7.27
507,CHEMBL564660,N(c1ccncc1)c2nc(nc3ccccc23)c4ccccc4,6.71
508,CHEMBL571451,Clc1cccc(c1)c2nc(Nc3ccncc3)c4ccccc4n2,7.31
511,CHEMBL560415,Cc1cccc(n1)c2nc(Nc3ccnc(C)c3)c4ccccc4n2,6.7
512,CHEMBL563421,Cc1cccc(n1)c2nc(Nc3cccc(c3)C(=O)N)c4ccccc4n2,6.58
513,CHEMBL571452,Cc1cccc(n1)c2nc(Nc3ccncn3)c4ccccc4n2,7.4
515,CHEMBL550482,Cc1cccc(n1)c2nc(Nc3ccc4c(cnn4C)c3)c5ccccc5n2,6.23
516,CHEMBL550483,Cc1cccc(n1)c2nc(Nc3ccc4ncsc4c3)c5ccccc5n2,6.19
517,CHEMBL563207,Cc1cccc(n1)c2nc(Nc3ccc4nn[nH]c4c3)c5ccccc5n2,5.43
518,CHEMBL552232,Cc1cccc(n1)c2nc(C)cc(Nc3ccncc3)n2,7.03
617,CHEMBL31965,Fc1ccc(Nc2ncnc3cc(OCCCN4CCOCC4)c(NC(=O)C=C)cc23)cc1Cl,5.02
620,CHEMBL1421,Cc1nc(Nc2ncc(s2)C(=O)Nc3c(C)cccc3Cl)cc(n1)N4CCN(CCO)CC4,6.64
641,CHEMBL388978,CN[C@@H]1C[C@H]2O[C@@](C)([C@@H]1OC)n3c4ccccc4c5c6CNC(=O)c6c7c8ccccc8n2c7c35,5.7
648,CHEMBL575099,COc1cc(Nc2cc(Oc3cc(C)c(C)nc3c4ccccn4)ccn2)cc(OC)c1OC,7.36
651,CHEMBL574621,COc1cc(Nc2cc(Oc3cccnc3)ccn2)cc(OC)c1OC,6.64
652,CHEMBL573735,COc1cc(Nc2cc(Oc3ccc(C)nc3)ccn2)cc(OC)c1OC,6.97
653,CHEMBL572823,COc1cc(Nc2cc(Oc3cccnc3C)ccn2)cc(OC)c1OC,6.97
655,CHEMBL575720,Cc1cc(Oc2ccnc(Nc3ccccc3N4CCOCC4)c2)c(nc1C)c5ccccn5,6.13
658,CHEMBL573287,COc1ccc(Nc2cc(Oc3cc(C)c(C)nc3c4ccccn4)ccn2)cc1,7.52
659,CHEMBL575311,Cc1cc(Oc2ccnc(Nc3ccc(cc3)N4CCOCC4)c2)c(nc1C)c5ccccn5,6.96
662,CHEMBL574199,Cc1cc(Oc2ccnc(Nc3ccc(F)cc3)c2)c(nc1C)c4ccccn4,6.89
688,CHEMBL330814,Cc1cccc(n1)c2nn3CCCc3c2c4ccc(O)cc4,7.33
690,CHEMBL119976,Cc1cccc(n1)c2nn3CCCc3c2c4ccnc5ccccc45,7.11
692,CHEMBL325405,Fc1ccc(nc1)c2nn3CCCc3c2c4ccnc5ccccc45,6.82
696,CHEMBL333798,Fc1ccc(cc1)c2c3CCCn3nc2c4cccc(n4)C(F)(F)F,6.06
700,CHEMBL566256,CS(=O)(=O)c1ccc(cc1)c2c3CCCn3nc2c4ccccn4,4.71
701,CHEMBL278724,CCc1nc([nH]c1c2ccncc2)c3ccc(OC)cc3,4.52
712,CHEMBL565643,Cc1cccc2ccc(nc12)c3sc(N)nc3c4ccccn4,7.52
714,CHEMBL585117,OCCC(=O)Nc1ccc2c(ccnc2c1)c3c4CCCn4nc3c5ccccn5,7.5
715,CHEMBL565645,COCCC(=O)Nc1ccc2c(ccnc2c1)c3c4CCCn4nc3c5ccccn5,7.47
717,CHEMBL584928,COC(=O)Nc1ccc2c(ccnc2c1)c3c4CCCn4nc3c5ccccn5,7.4
720,CHEMBL203162,C(N1CCOCC1)c2ccc(cc2)c3cc(ccn3)c4c[nH]nc4c5ccccn5,7.38
724,CHEMBL566234,C(NC1CCCOC1)c2ccc(cc2)c3cc(ccn3)c4c[nH]nc4c5ccccn5,7.33
726,CHEMBL332344,Cc1cccc(n1)c2nn3CCCc3c2c4ccnc5cc(Cl)ccc45,7.32
729,CHEMBL121554,Clc1ccc2c(ccnc2c1)c3c4CCCn4nc3c5ccccn5,7.27
731,CHEMBL585700,Nc1ccc2c(ccnc2c1)c3c4CCCn4nc3c5ccccn5,7.23
732,CHEMBL259821,CN(C)CC(=O)Nc1ccc2c(ccnc2c1)c3c4CCCn4nc3c5ccccn5,7.19
733,CHEMBL122583,CCc1cccc(n1)c2nn3CCCc3c2c4ccnc5ccccc45,7.15
736,CHEMBL566439,OCCOC(=O)Nc1ccc2c(ccnc2c1)c3c4CCCn4nc3c5ccccn5,7.1
738,CHEMBL565815,CC(=O)Nc1ccc2c(ccnc2c1)c3c4CCCn4nc3c5ccccn5,7.06
739,CHEMBL120587,CCOc1ccc2c(ccnc2c1)c3c4CCCn4nc3c5cccc(C)n5,7.06
743,CHEMBL121795,C1Cc2c(c3ccnc4ccccc34)c(nn2C1)c5ccccn5,6.98
745,CHEMBL567287,O=C(CN1CCCC1)Nc2ccc(cc2)c3cc(ccn3)c4c[nH]nc4c5ccccn5,6.96
746,CHEMBL119936,CCSc1ccc2c(ccnc2c1)c3c4CCCn4nc3c5ccccn5,6.96
749,CHEMBL3707019,CCc1cccc(n1)c2[nH]c(CNc3cccc(c3)C#C)nc2c4ccc5nccnc5c4,6.92
752,CHEMBL3707020,Cc1cccc(n1)c2[nH]c(NCc3ccc(cc3)C#C)nc2c4ccc5OCOc5c4,6.82
754,CHEMBL3707023,Cc1cccc(n1)c2[nH]c(CNc3ccc(cc3)C#C)nc2c4ccc5OCOc5c4,6.76
759,CHEMBL585109,CN(C)CCCNC(=O)Nc1ccc2c(ccnc2c1)c3c4CCCn4nc3c5ccccn5,6.59
762,CHEMBL120718,Cc1cccc(n1)c2nn3CCCc3c2c4ccc(F)c(F)c4,6.47
767,CHEMBL565644,CN(C)CCCn1cnc2cc(ccc12)c3c4CCCn4nc3c5ccccn5,6.4
768,CHEMBL120907,COc1ccc(cc1)c2c3CCCn3nc2c4ccccn4,6.19
771,CHEMBL120245,CC(C)c1cccc(n1)c2nn3CCCc3c2c4ccnc5ccccc45,5.89
772,CHEMBL121790,Cc1cccc(n1)c2nn3CCCc3c2c4ccc(F)cc4,5.88
775,CHEMBL584901,Cc1cccc(n1)c2nn3CCCc3c2c4ccc5c(c4)ncn5C,5.77
777,CHEMBL582791,Nc1nc(c2cccc(Cl)n2)c(s1)c3ccnc4ccccc34,5.75
778,CHEMBL122414,OCc1cccc(n1)c2nn3CCCc3c2c4ccc(F)cc4,5.58
780,CHEMBL118339,Cc1ccc(cc1)c2c3CCCn3nc2c4cccc(C)n4,5.4
781,CHEMBL566254,C[S+]([O-])c1ccc(cc1)C2=NC(C(N2)c3ccncc3)c4ccc(F)cc4,5.22
782,CHEMBL331703,CCS(=O)(=O)c1ccc2c(ccnc2c1)c3c4CCCn4nc3c5ccccn5,5.03
784,CHEMBL566440,Fc1ccc(cc1)C2C(NC3SCCN23)c4ccncc4,4.3
805,CHEMBL592999,CN1N(C)C(=C(C1=O)c2ccccc2)c3ccc4nccnc4c3,7.11
809,CHEMBL605302,CN1N(C)C(=C(C1=O)c2ccccc2O)c3ccc4nccnc4c3,4.11
811,CHEMBL593965,CN1N(C)C(=C(C1=O)c2cccc(O)c2)c3ccc4nccnc4c3,4.28
820,CHEMBL605942,CN1N(C)C(=C(C1=O)c2cccc(c2)C#N)c3ccc4nccnc4c3,4.35
827,CHEMBL595578,CSc1cccc(c1)C2=C(N(C)N(C)C2=O)c3ccc4nccnc4c3,7.22
831,CHEMBL594867,CN1N(C)C(=C(C1=O)c2cccc(c2)C(F)(F)F)c3ccc4nccnc4c3,6.96
833,CHEMBL606919,COCc1cccc(c1)C2=C(N(C)N(C)C2=O)c3ccc4nccnc4c3,7.46
835,CHEMBL595332,CN1N(C)C(=C(C1=O)c2cccc(CO)c2)c3ccc4nccnc4c3,6.43
839,CHEMBL603433,CN1N(C)C(=C(C1=O)c2cccc(c2)C(=O)C)c3ccc4nccnc4c3,6.39
841,CHEMBL593950,COC(=O)c1cccc(c1)C2=C(N(C)N(C)C2=O)c3ccc4nccnc4c3,6.36
842,CHEMBL593000,CN1N(C)C(=C(C1=O)c2cccc(F)c2)c3ccc4nccnc4c3,7.11
850,CHEMBL593945,CN1N(C)C(=C(C1=O)c2cccc(NC(=O)C)c2)c3ccc4nccnc4c3,6.04
853,CHEMBL610195,CN1N(C)C(=C(C1=O)c2occc2)c3ccc4nccnc4c3,6.72
855,CHEMBL609582,CN1N(C)C(=C(C1=O)c2cocc2)c3ccc4nccnc4c3,7.14
857,CHEMBL593704,CN1N(C)C(=C(C1=O)c2cccs2)c3ccc4nccnc4c3,6.44
858,CHEMBL593951,CN1N(C)C(=C(C1=O)c2ccsc2)c3ccc4nccnc4c3,7.27
860,CHEMBL594600,CN1N(C)C(=C(C1=O)c2ccc3nonc3c2)c4ccc5nccnc5c4,6.19
861,CHEMBL603642,CN1N(C)C(=C(C1=O)c2csc3ccccc23)c4ccc5nccnc5c4,5.73
862,CHEMBL605726,CN1N(C)C(=C(C1=O)c2ccc3[nH]ccc3c2)c4ccc5nccnc5c4,5.95
1065,CHEMBL603469,C[C@]12O[C@H](C[C@]1(O)CO)n3c4ccccc4c5c6C(=O)NCc6c7c8ccccc8n2c7c35,6.92
1071,CHEMBL496862,CCN(C)C(=O)c1ccc2\C(=C(\Nc3ccc(CN4CCCCC4)cc3)/c5ccccc5)\C(=O)Nc2c1,7.47
1073,CHEMBL497724,CNC(=O)c1ccc2\C(=C(\Nc3ccc(CN4CCCCC4)cc3)/c5ccccc5)\C(=O)Nc2c1,7.5
1074,CHEMBL496861,CN(C)C(=O)c1ccc2\C(=C(\Nc3ccc(CN4CCCCC4)cc3)/c5ccccc5)\C(=O)Nc2c1,7.46
1075,CHEMBL1271578,CCCCNC(=O)c1ccc2\C(=C(\Nc3ccc(CN4CCCCC4)cc3)/c5ccccc5)\C(=O)Nc2c1,7.04
1076,CHEMBL1271632,O=C(C1CCCN1)c2ccc3\C(=C(\Nc4ccc(CN5CCCCC5)cc4)/c6ccccc6)\C(=O)Nc3c2,6.61
1077,CHEMBL524647,CC(C)NC(=O)c1ccc2\C(=C(\Nc3ccc(CN4CCCCC4)cc3)/c5ccccc5)\C(=O)Nc2c1,6.5
1078,CHEMBL497949,NC(=O)c1ccc2\C(=C(\Nc3ccc(CN4CCCCC4)cc3)/c5ccccc5)\C(=O)Nc2c1,6.43
1079,CHEMBL1271910,OCCNC(=O)c1ccc2\C(=C(\Nc3ccc(CN4CCCCC4)cc3)/c5ccccc5)\C(=O)Nc2c1,6.37
1080,CHEMBL1271966,CCN(CC)C(=O)c1ccc2\C(=C(\Nc3ccc(CN4CCCCC4)cc3)/c5ccccc5)\C(=O)Nc2c1,6.2
1081,CHEMBL1272022,O=C(NCc1ccccc1)c2ccc3\C(=C(\Nc4ccc(CN5CCCCC5)cc4)/c6ccccc6)\C(=O)Nc3c2,5.82
1082,CHEMBL500435,O=C1Nc2ccccc2/C/1=C(/Nc3ccc(CN4CCCCC4)cc3)\c5ccccc5,5.46
1083,CHEMBL1272078,CN(C)C(=O)c1ccc2NC(=O)\C(=C(/Nc3ccc(CN4CCCCC4)cc3)\c5ccccc5)\c2c1,6.73
1094,CHEMBL1272290,CCNC(=O)c1ccc2\C(=C(\Nc3ccc(cc3)N(C)C(=O)CN(C)C)/c4ccccc4)\C(=O)Nc2c1,7.46
1096,CHEMBL1271471,CCNCc1ccc(N\C(=C\2/C(=O)Nc3cc(ccc23)C(=O)N(C)CC)\c4ccccc4)cc1,7.5
1097,CHEMBL1271524,CCNC(=O)c1ccc2\C(=C(\Nc3ccc(cc3)C(=O)NCCN(CC)CC)/c4ccccc4)\C(=O)Nc2c1,7.48
1098,CHEMBL1271576,CCN(CC)CCNC(=O)c1ccc(N\C(=C\2/C(=O)Nc3cc(ccc23)C(=O)N(C)CC)\c4ccccc4)cc1,7.19
1099,CHEMBL1271577,CCNC(=O)c1ccc2\C(=C(\Nc3ccc(CCN(C)C)cc3)/c4ccccc4)\C(=O)Nc2c1,7.33
1100,CHEMBL1271631,CCN(C)C(=O)c1ccc2\C(=C(\Nc3ccc(CCN(C)C)cc3)/c4ccccc4)\C(=O)Nc2c1,7.19
1101,CHEMBL1271683,CCN(C)C(=O)c1ccc2\C(=C(\Nc3ccc(cc3)N(CC(=O)N(C)C)S(=O)(=O)C)/c4ccccc4)\C(=O)Nc2c1,7.07
1102,CHEMBL1272127,CCN(C)C(=O)c1ccc2\C(=C(\Nc3ccc(cc3)N(C)S(=O)(=O)C)/c4ccccc4)\C(=O)Nc2c1,6.64
1103,CHEMBL1272180,CCN(CC)Cc1cccc(N\C(=C\2/C(=O)Nc3cc(ccc23)C(=O)N(C)CC)\c4ccccc4)c1,6.21
1104,CHEMBL1272181,CCN(C)C(=O)c1ccc2\C(=C(\Nc3ccc(cc3)C(=O)O)/c4ccccc4)\C(=O)Nc2c1,6.11
1105,CHEMBL1272236,CCN(C)C(=O)c1ccc2\C(=C(\Nc3ccc(cc3)C(=O)OC)/c4ccccc4)\C(=O)Nc2c1,5.71
1106,CHEMBL1272237,CCN(C)C(=O)c1ccc2\C(=C(\Nc3ccccc3)/c4ccccc4)\C(=O)Nc2c1,5.59
1109,CHEMBL1272021,CCNC(=O)c1ccc2\C(=C\Nc3ccc(CN4CCCCC4)cc3)\C(=O)Nc2c1,7.16
1110,CHEMBL1272076,CCNC(=O)c1ccc2\C(=C\Nc3ccc(cc3)N(C)C(=O)CN(C)C)\C(=O)Nc2c1,7.28
1155,CHEMBL1766440,Cc1cccc(n1)c2nn(CC(=O)Nc3ccccc3)cc2c4ccc5ncccc5c4,6.68
1159,CHEMBL1766444,Cc1cccc(n1)c2nn(CC(=O)Nc3cccc(c3)C(=O)N)cc2c4ccc5ncccc5c4,7.13
1166,CHEMBL1766451,Cc1cccc(n1)c2nn(CCC(=O)Nc3cccc(c3)C#N)cc2c4ccc5ncccc5c4,7.0
1168,CHEMBL1766453,Cc1cccc(n1)c2nn(CC(=S)Nc3ccccc3)cc2c4ccc5ncccc5c4,7.03
1169,CHEMBL1766454,Cc1cccc(n1)c2nn(CC(=S)Nc3cccc(c3)C#N)cc2c4ccc5ncccc5c4,7.29
1170,CHEMBL1766455,Cc1cccc(n1)c2nn(CCC(=S)Nc3ccccc3)cc2c4ccc5ncccc5c4,7.06
1175,CHEMBL1765730,C[C@@H]1CCCCN1c2cc(nc(N)n2)c3ccc4c(N)n[nH]c4c3,5.1
1182,CHEMBL1614775,C[C@@H]1CC[C@@H](CN1c2cc(nc(N)n2)c3ccc4c(N)[nH]nc4c3)C(=O)Nc5ccccc5,5.2
1202,CHEMBL1688215,Nc1nccc(n1)c2ccc3c(N)n[nH]c3c2,5.8
1203,CHEMBL1765756,Cc1cc(nc(N)n1)c2ccc3c(N)n[nH]c3c2,5.1
1204,CHEMBL1765757,CC(C)c1cc(nc(N)n1)c2ccc3c(N)n[nH]c3c2,5.7
1205,CHEMBL1765758,Nc1nc(cc(n1)c2ccc3c(N)n[nH]c3c2)c4ccccc4,5.5
1206,CHEMBL1765759,COc1cc(nc(N)n1)c2ccc3c(N)n[nH]c3c2,5.5
1207,CHEMBL1765760,CNc1cc(nc(N)n1)c2ccc3c(N)n[nH]c3c2,6.4
1208,CHEMBL1614771,CCNc1cc(nc(N)n1)c2ccc3c(N)[nH]nc3c2,6.3
1209,CHEMBL1765761,CC(C)Nc1cc(nc(N)n1)c2ccc3c(N)n[nH]c3c2,6.3
1210,CHEMBL1765762,Nc1nc(NC2CCCC2)cc(n1)c3ccc4c(N)n[nH]c4c3,6.4
1212,CHEMBL1765877,CN(C)c1cc(nc(N)n1)c2ccc3c(N)n[nH]c3c2,5.3
1216,CHEMBL1766456,Cc1cccc(n1)c2nn(CCC(=S)Nc3cccc(c3)C#N)cc2c4ccc5ncccc5c4,6.64
1245,CHEMBL1824226,Cc1cccc(n1)c2nn(CC(=O)Nc3ccccc3)cc2c4ccc5nccnc5c4,7.42
1247,CHEMBL1824432,Cc1cccc(n1)c2nn(CC(=O)Nc3cccc(c3)C#N)cc2c4ccc5nccnc5c4,6.82
1249,CHEMBL1824434,Cc1cccc(n1)c2c(cnn2CC(=O)Nc3ccccc3)c4ccc5nccnc5c4,6.85
1251,CHEMBL1824436,Cc1cccc(n1)c2c(cnn2CC(=O)Nc3cccc(c3)C#N)c4ccc5nccnc5c4,6.13
1253,CHEMBL1824438,Cc1cccc(n1)c2nn(CCC(=O)Nc3ccccc3)cc2c4ccc5nccnc5c4,7.09
1259,CHEMBL1824444,Cc1cccc(n1)c2nn(CC(=O)Nc3cccc(c3)C(=O)N)cc2c4ccc5nccnc5c4,7.32
1261,CHEMBL1824446,Cl.Cc1cccc(n1)c2[nH]c(nc2c3ccc4OCOc4c3)C(C)(C)C,7.27
1286,CHEMBL1835713,Cc1cccc(n1)c2nn(cc2c3ccc4nc(C)nn4c3)C(=S)Nc5cccc(c5)C(=O)N,5.18
1287,CHEMBL1835712,Cc1cccc(n1)c2nn(cc2c3ccc4nc(C)nn4c3)C(=S)Nc5cccc(c5)C#N,5.5
1288,CHEMBL1835711,Cc1cccc(n1)c2nn(cc2c3ccc4nc(C)nn4c3)C(=S)Nc5ccccc5,5.14
1289,CHEMBL1835710,Cc1cccc(n1)c2nn(cc2c3ccc4ncnn4c3)C(=S)NC5CCN(Cc6ccccc6)CC5,6.22
1290,CHEMBL1835709,CN1CCC(CC1)NC(=S)n2cc(c3ccc4ncnn4c3)c(n2)c5cccc(C)n5,6.31
1399,CHEMBL491473,COc1cc2c(Oc3ccc4[nH]c(C)cc4c3F)ncnc2cc1OCCCN5CCCC5,5.77
1401,CHEMBL386051,CSc1cccc(Nc2ncc3C=C(C(=O)N(C)c3n2)c4c(Cl)cccc4Cl)c1,5.82
1407,CHEMBL601719,C[C@@H](Oc1cc(cnc1N)c2cnn(c2)C3CCNCC3)c4c(Cl)ccc(F)c4Cl,6.0
1410,CHEMBL509032,COc1cc(ccc1Nc2ncc(Cl)c(Nc3ccccc3S(=O)(=O)C(C)C)n2)N4CCC(CC4)N5CCN(C)CC5,6.72
1413,CHEMBL1908395,Cl.CN(C)CC(=O)N1CCC(CC1)c2ccc(NC(=O)c3nc(c[nH]3)C#N)c(c2)C4=CCCCC4,5.96
1416,CHEMBL502835,COC(=O)c1ccc2\C(=C(\Nc3ccc(cc3)N(C)C(=O)CN4CCN(C)CC4)/c5ccccc5)\C(=O)Nc2c1,5.38
1424,CHEMBL1241674,CC(C)n1nc(c2cc3cc(O)ccc3[nH]2)c4c(N)ncnc14,7.0
1432,CHEMBL525191,OCCn1cc(c2ccc3\C(=N\O)\CCc3c2)c(n1)c4ccncc4,5.31
1439,CHEMBL475251,COc1cc(Nc2ncc(F)c(Nc3ccc4OC(C)(C)C(=O)Nc4n3)n2)cc(OC)c1OC,5.59
1472,CHEMBL1957648,NC(=O)c1ccc(cc1)c2nc(c3nccs3)c([nH]2)c4ccc5OCOc5c4,5.96
1473,CHEMBL1957649,Cc1csc(n1)c2nc([nH]c2c3ccc4OCOc4c3)c5ccc(cc5)C(=O)N,7.27
1474,CHEMBL1957650,CCc1csc(n1)c2nc([nH]c2c3ccc4OCOc4c3)c5ccc(cc5)C(=O)N,6.47
1475,CHEMBL1957623,NC(=O)c1ccc(cc1)c2nc(c3nc(Br)cs3)c([nH]2)c4ccc5OCOc5c4,6.57
1476,CHEMBL1957651,Cc1nc(cs1)c2nc([nH]c2c3ccc4OCOc4c3)c5ccc(cc5)C(=O)N,6.43
1477,CHEMBL1957652,Cc1csc(n1)c2nc(CN)[nH]c2c3ccc4OCOc4c3,6.1
1478,CHEMBL1957653,Cc1csc(n1)c2nc(CCN)[nH]c2c3ccc4OCOc4c3,5.66
1479,CHEMBL1957654,Cc1csc(n1)c2nc(CCCN)[nH]c2c3ccc4OCOc4c3,6.09
1480,CHEMBL1957655,Cc1csc(n1)c2nc(CNC(=O)c3ccccc3)[nH]c2c4ccc5OCOc5c4,6.82
1481,CHEMBL1957656,CCCC(=O)NCc1nc(c2nc(C)cs2)c([nH]1)c3ccc4OCOc4c3,7.2
1482,CHEMBL1957657,CCCC(=O)NCCc1nc(c2nc(C)cs2)c([nH]1)c3ccc4OCOc4c3,6.38
1483,CHEMBL1957658,CCCC(=O)NCCCc1nc(c2nc(C)cs2)c([nH]1)c3ccc4OCOc4c3,6.22
1484,CHEMBL1957659,Cc1csc(n1)c2nc([nH]c2c3ccc4OCOc4c3)C(=O)O,6.72
1485,CHEMBL1957660,Cc1csc(n1)c2nc(CCC(=O)O)[nH]c2c3ccc4OCOc4c3,6.28
1486,CHEMBL1957661,Cc1csc(n1)c2nc(CCCC(=O)O)[nH]c2c3ccc4OCOc4c3,6.89
1487,CHEMBL1957662,Cc1csc(n1)c2nc(CCCCC(=O)O)[nH]c2c3ccc4OCOc4c3,7.52
1490,CHEMBL1957665,CCCNC(=O)CCc1nc(c2nc(C)cs2)c([nH]1)c3ccc4OCOc4c3,6.42
1491,CHEMBL1957666,CCCNC(=O)CCCc1nc(c2nc(C)cs2)c([nH]1)c3ccc4OCOc4c3,6.29
1492,CHEMBL1955884,Cc1csc(n1)c2nc(CCCCC(=O)Nc3ccccc3)[nH]c2c4ccc5OCOc5c4,6.77
1493,CHEMBL1957667,CCCNC(=O)CCCCc1nc(c2nc(C)cs2)c([nH]1)c3ccc4OCOc4c3,6.89
1494,CHEMBL1957668,Cc1csc(n1)c2nc(CCCCC(=O)N)[nH]c2c3ccc4OCOc4c3,6.96
1495,CHEMBL1957669,CC(=O)Nc1nc(c2nc(C)cs2)c([nH]1)c3ccc4OCOc4c3,5.96
1496,CHEMBL1957670,Cc1csc(n1)c2nc(N)[nH]c2c3ccc4OCOc4c3,7.05
1499,CHEMBL1957673,CCCC(=O)NCc1nc(c2nc(C)cs2)c([nH]1)c3ccc(O)cc3,6.89
1500,CHEMBL1957674,CCCC(=O)NCc1nc(c2nc(C)cs2)c([nH]1)c3ccc(F)cc3,5.75
1540,CHEMBL2024692,CCN1C=Nc2ccc(cc2C1=O)c3ccnn3c4cccc(C)n4,7.16
1552,CHEMBL2088217,COc1ccc(CNc2nc(c3cccc(C)n3)c(s2)c4ccc5ncnn5c4)cc1OC,7.32
1553,CHEMBL2088216,COc1cccc(CNc2nc(c3cccc(C)n3)c(s2)c4ccc5ncnn5c4)c1OC,7.36
1558,CHEMBL2087985,Cc1cccc(n1)c2nc(NCc3cccc(Cl)c3Cl)sc2c4ccc5ncnn5c4,7.47
1562,CHEMBL2087981,Cc1cccc(n1)c2nc(NCc3ccccc3OC(F)(F)F)sc2c4ccc5ncnn5c4,7.45
1566,CHEMBL2087977,Cc1cccc(n1)c2nc(NCc3ccc(cc3)C#N)sc2c4ccc5ncnn5c4,7.51
1567,CHEMBL2087976,Cc1cccc(n1)c2nc(NCc3ccc(OC(F)(F)F)cc3)sc2c4ccc5ncnn5c4,7.22
1636,CHEMBL2208009,CNC(=O)CCCc1nc(c2nc(C)cs2)c([nH]1)c3ccc4ncsc4c3,6.64
1638,CHEMBL2208007,CCCCNC(=O)c1nc(c2nc(C)cs2)c([nH]1)c3ccc4ncsc4c3,6.38
2012,CHEMBL2325040,Cc1cccc(n1)n2nnc(Cc3ccccc3)c2c4ccc5nccnc5c4,5.33
2016,CHEMBL2324833,COc1ccccc1c2nnn(c3cccc(C)n3)c2c4ccc5nccnc5c4,4.46
2020,CHEMBL2324829,Cc1cccc(n1)n2nnc(CCCCO)c2c3ccc4nccnc4c3,4.29
2021,CHEMBL2324828,CC(C)CCc1nnn(c2cccc(C)n2)c1c3ccc4nccnc4c3,5.07
2022,CHEMBL2321907,CCCCc1nnn(c2cccc(C)n2)c1c3ccc4nccnc4c3,5.13
2034,CHEMBL2028663,CC(C)(C)c1nc(c2cccc(NS(=O)(=O)c3c(F)cccc3F)c2F)c(s1)c4ccnc(N)n4,5.43
2039,CHEMBL511563,COc1ccc(cc1)c2cnc3c(cnn3c2)c4ccnc5ccccc45,4.48
2041,CHEMBL2385579,C1CN(CCO1)c2ccc(cc2)c3cnc4c(cnn4c3)c5cn[nH]c5,4.96
2042,CHEMBL2385591,C1CN(CCN1)c2ccc(cc2)c3cnc4c(cnn4c3)c5cccc6ncccc56,5.4
2043,CHEMBL2385586,C1CN(CCN1)c2ccc(cc2)c3cnc4c(cnn4c3)c5cn[nH]c5,5.48
2044,CHEMBL513147,C1CN(CCN1)c2ccc(cc2)c3cnc4c(cnn4c3)c5ccnc6ccccc56,6.25
2045,CHEMBL2385582,C1CN(CCO1)c2ccc(cc2)c3cnc4c(cnn4c3)c5ccnc6ccccc56,6.75
2046,CHEMBL2385596,CN1CCN(CC1)c2ccc(cc2)c3cnc4c(cnn4c3)c5ccnc6ccccc56,7.13
2154,CHEMBL3261086,Cc1cccc(n1)c2[nH]c(CNC(=O)c3cccc(c3)C(=O)N)nc2c4ccc5ncnn5c4,6.98
2155,CHEMBL3261085,Cc1cccc(n1)c2[nH]c(CNC(=O)c3cccc(c3)C#N)nc2c4ccc5ncnn5c4,7.05
2156,CHEMBL3261092,Cc1cccc(n1)c2nn(CC(=O)Nc3ccccc3F)cc2c4ccc5ncnn5c4,7.07
2157,CHEMBL3261091,Cc1cccc(n1)c2nn(CC(=O)Nc3ccccc3)cc2c4ccc5ncnn5c4,7.11
2158,CHEMBL3261083,Cc1cccc(n1)c2[nH]c(CNC(=O)c3ccccc3)nc2c4ccc5ncnn5c4,7.24
2160,CHEMBL3261087,Cc1cccc(n1)c2[nH]c(CNC(=S)c3ccccc3)nc2c4ccc5ncnn5c4,7.32
2161,CHEMBL3261084,Cc1cccc(n1)c2[nH]c(CNC(=O)c3ccccc3F)nc2c4ccc5ncnn5c4,7.43
2162,CHEMBL3261094,Cc1cccc(n1)c2nn(CC(=O)Nc3cccc(c3)C(=O)N)cc2c4ccc5ncnn5c4,7.44
2163,CHEMBL3261089,Cc1cccc(n1)c2[nH]c(CNC(=S)c3cccc(c3)C#N)nc2c4ccc5ncnn5c4,7.44
2187,CHEMBL3260617,COc1cccc(NCc2nc(c3ccc4ncnn4c3)c([nH]2)c5cccc(C)n5)c1OC,7.24
2192,CHEMBL3260622,COc1ccc(NCc2nc(c3ccc4ncnn4c3)c([nH]2)c5cccc(C)n5)cc1OC,7.36
2262,CHEMBL3260578,Cc1cccc(n1)c2[nH]c(CNc3ccccc3C(=O)N)nc2c4ccc5ncnn5c4,7.52
2264,CHEMBL3260580,CC(=O)Nc1ccccc1NCc2nc(c3ccc4ncnn4c3)c([nH]2)c5cccc(C)n5,7.4
2286,CHEMBL3260602,CC(C)c1ccc(NCc2nc(c3ccc4ncnn4c3)c([nH]2)c5cccc(C)n5)cc1,7.34
2287,CHEMBL3260603,COc1ccc(NCc2nc(c3ccc4ncnn4c3)c([nH]2)c5cccc(C)n5)cc1,7.32
2288,CHEMBL3260604,Cc1cccc(n1)c2[nH]c(CNc3ccc(OC(F)(F)F)cc3)nc2c4ccc5ncnn5c4,7.22
2289,CHEMBL3260605,CSc1ccc(NCc2nc(c3ccc4ncnn4c3)c([nH]2)c5cccc(C)n5)cc1,7.4
2290,CHEMBL3260606,Cc1cccc(n1)c2[nH]c(CNc3ccc(C=C)cc3)nc2c4ccc5ncnn5c4,7.52
2291,CHEMBL3260607,Cc1cccc(n1)c2[nH]c(CNc3ccc(cc3)C#N)nc2c4ccc5ncnn5c4,7.5
2292,CHEMBL3260608,Cc1cccc(n1)c2[nH]c(CNc3ccc(cc3)C(=O)N)nc2c4ccc5ncnn5c4,7.26
2294,CHEMBL3260610,CC(=O)c1ccc(NCc2nc(c3ccc4ncnn4c3)c([nH]2)c5cccc(C)n5)cc1,7.23
2295,CHEMBL3260611,COC(=O)c1ccc(NCc2nc(c3ccc4ncnn4c3)c([nH]2)c5cccc(C)n5)cc1,7.11
2296,CHEMBL3260612,Cc1cccc(n1)c2[nH]c(CNc3ccc(NS(=O)(=O)C)cc3)nc2c4ccc5ncnn5c4,7.33
2297,CHEMBL3260613,CC(=O)Nc1ccc(NCc2nc(c3ccc4ncnn4c3)c([nH]2)c5cccc(C)n5)cc1,7.41
2394,CHEMBL3634710,Cc1cc(F)cc(n1)c2[nH]c(CNc3ccccc3F)nc2c4ccc5ncnn5c4,7.38
2395,CHEMBL3634709,Cc1cc(F)cc(n1)c2[nH]c(CNc3ccccc3)nc2c4ccc5ncnn5c4,7.14
2405,CHEMBL3701790,CC(C)(C)OC(=O)N1CCC(CNS(=O)(=O)c2cccc(c2)S(=O)(=O)Nc3ccccc3)CC1,4.57
2406,CHEMBL3701791,COc1ccc(NS(=O)(=O)c2cccc(c2)S(=O)(=O)NCC3CCN(CC3)C(=O)OC(C)(C)C)cc1,4.77
2407,CHEMBL3701792,COc1cccc(NS(=O)(=O)c2cccc(c2)S(=O)(=O)NCC3CCN(CC3)C(=O)OC(C)(C)C)c1,4.66
2408,CHEMBL3701793,COc1ccccc1NS(=O)(=O)c2cccc(c2)S(=O)(=O)NCC3CCN(CC3)C(=O)OC(C)(C)C,4.52
2409,CHEMBL3701794,CC(C)(C)OC(=O)N1CCC(CNS(=O)(=O)c2cccc(c2)S(=O)(=O)Nc3ccc(cc3)C(F)(F)F)CC1,5.1
2410,CHEMBL3701795,CC(=O)Nc1ccccc1NS(=O)(=O)c2cccc(c2)S(=O)(=O)NCC3CCN(CC3)C(=O)OC(C)(C)C,4.75
2411,CHEMBL3701796,Cc1ccccc1NS(=O)(=O)c2cccc(c2)S(=O)(=O)NCC3CCN(CC3)C(=O)OC(C)(C)C,4.85
2412,CHEMBL3701797,CC(C)(C)OC(=O)N1CCC(CNS(=O)(=O)c2cccc(c2)S(=O)(=O)Nc3ccc(cc3)C(C)(C)C)CC1,5.7
2413,CHEMBL3701798,CC(C)(C)OC(=O)N1CCC(CNS(=O)(=O)c2cccc(c2)S(=O)(=O)Nc3ccc(cc3)N4CCCCC4)CC1,5.62
2414,CHEMBL3701799,CCN(CC)c1ccc(NS(=O)(=O)c2cccc(c2)S(=O)(=O)NCC3CCN(CC3)C(=O)OC(C)(C)C)cc1,5.44
2415,CHEMBL3701800,CN(C)c1ccc(NS(=O)(=O)c2cccc(c2)S(=O)(=O)NCC3CCN(CC3)C(=O)OC(C)(C)C)cc1,4.82
2416,CHEMBL3701801,CC(C)(C)OC(=O)N1CCC(CNS(=O)(=O)c2cccc(c2)S(=O)(=O)Nc3ccc(cc3)N4CCOCC4)CC1,4.62
2417,CHEMBL3701802,CC(C)(C)OC(=O)N1CCC(CNS(=O)(=O)c2cccc(c2)S(=O)(=O)Nc3ccc(O)cc3)CC1,4.8
2418,CHEMBL3701803,CC(C)(C)OC(=O)N1CCC(CNS(=O)(=O)c2cccc(c2)S(=O)(=O)Nc3ccc(cc3)N=[N+]=[N-])CC1,6.16
2419,CHEMBL3701804,CC(C)(C)OC(=O)N1CCC(CNS(=O)(=O)c2cccc(c2)S(=O)(=O)Nc3ccc(cc3)N4CCN(CC4)C(=O)OC(C)(C)C)CC1,5.82
2420,CHEMBL3701805,CC(C)(C)OC(=O)N1CCC(CNS(=O)(=O)c2cccc(c2)S(=O)(=O)Nc3ccc(cc3)N4CCN(CC4)C(=O)c5ccccc5)CC1,5.14
2421,CHEMBL3701806,CN(C)c1ccc(NS(=O)(=O)c2cccc(c2)S(=O)(=O)NCC3CCN(CC3)C(=O)OC(C)(C)C)cc1c4occc4,6.22
2422,CHEMBL3701807,CC(C)(C)OC(=O)N1CCC(CNS(=O)(=O)c2cccc(c2)S(=O)(=O)Nc3ccc(N4CCCCC4)c(c3)c5occc5)CC1,5.6
2423,CHEMBL3701808,CC(C)(C)OC(=O)N1CCC(CNS(=O)(=O)c2cccc(c2)S(=O)(=O)Nc3cccc(c3)c4occc4)CC1,5.17
2424,CHEMBL3641467,CC(C)(C)OC(=O)N1CCC(CNS(=O)(=O)c2cccc(c2)S(=O)(=O)Nc3cccc(c3)c4cccs4)CC1,5.34
2426,CHEMBL3704649,Cc1cccc(n1)n2nc(C)cc2c3cc4cnccc4s3,7.03
2427,CHEMBL3704650,CCc1cc(c2cc3cnccc3s2)n(n1)c4cccc(C)n4,6.97
2430,CHEMBL3704653,Cc1cccc(n1)n2nc(C)c(C)c2c3cc4cnccc4s3,7.45
2434,CHEMBL3668019,CN(C)CCCOc1ccc(cc1)c2cnc3c(cnn3c2)c4ccnc5ccccc45,6.0
2435,CHEMBL2385590,C1CN(CCN1)c2ccc(cc2)c3cnc4c(cnn4c3)c5ccccc5,6.25
2436,CHEMBL3668018,C(CN1CCOCC1)Oc2ccc(cc2)c3cnc4c(cnn4c3)c5ccnc6ccccc56,5.8
2453,CHEMBL3823478,COc1cc(cc(OC)c1CN(C)C)C2=CN(C)C(=O)c3cnccc23,5.42
2454,CHEMBL3823101,COc1cc(C2=CN(C)C(=O)c3cnccc23)c(OC)cc1CN(C)C,5.29
