,molecule_chembl_id,canonical_smiles,pchembl_value
0,CHEMBL52609,CC1=CN([C@H]2C[C@H](O)[C@@H](CO)O2)C(=O)NC1=O,7.59
1,CHEMBL132598,CC1=CN(Cc2ccccc2COC(c3ccccc3)(c4ccccc4)c5ccccc5)C(=O)NC1=O,8.1
13,CHEMBL1160993,CC1=CN([C@H]2C[C@H](CF)[C@@H](COP(=O)(O)O)O2)C(=O)NC1=O,4.4
16,CHEMBL1161004,CC1=CN([C@H]2C[C@H](CN)[C@@H](COP(=O)(O)O)O2)C(=O)NC1=O,5.33
17,CHEMBL1160994,CC1=CN([C@H]2C[C@H](CN=[N+]=[N-])[C@@H](COP(=O)(O)O)O2)C(=O)NC1=O,4.5
19,CHEMBL1161003,CC1=CN([C@H]2C[C@H](CO)[C@@H](COP(=O)(O)O)O2)C(=O)NC1=O,4.36
108,CHEMBL306477,Nc1nc(O)c2ncn(CC=C(CO)CO)c2n1,4.6
109,CHEMBL431234,CC1=CN(C\C=C/CNC(=O)c2cccc(c2)C(F)(F)F)C(=O)NC1=O,4.55
115,CHEMBL316971,CC1=CN(C\C=C/CN(Cc2ccccc2)Cc3ccccc3)C(=O)NC1=O,5.46
118,CHEMBL322466,CC1=CN(C\C=C/CNC(=O)C2c3ccccc3Oc4ccccc24)C(=O)NC1=O,4.48
121,CHEMBL318978,CC1=CN(C\C=C/CNCc2ccccc2)C(=O)NC1=O,4.24
124,CHEMBL105288,CC1=CN(C\C=C/CNC(=O)Cc2ccc(Cl)cc2)C(=O)NC1=O,4.64
127,CHEMBL102986,CC1=CN(C\C=C/CNC(=O)C(c2ccccc2)c3ccccc3)C(=O)NC1=O,4.57
130,CHEMBL101135,CC1=CN(C\C=C/COC(c2ccccc2)(c3ccccc3)c4ccccc4)C(=O)NC1=O,5.82
133,CHEMBL102650,CC1=CN(C\C=C/CNC(=O)Cc2ccc(cc2)c3ccccc3)C(=O)NC1=O,5.39
136,CHEMBL322230,CC1=CN(C\C=C/CNC(c2ccccc2)(c3ccccc3)c4ccccc4)C(=O)NC1=O,5.64
241,CHEMBL416236,CCO[C@H]1O[C@H](C[C@@H]1O)N2C=C(C)C(=O)NC2=O,4.3
247,CHEMBL289626,CC1=CN([C@H]2C[C@H](O)[C@@H](OCCc3ccccc3)O2)C(=O)NC1=O,4.6
249,CHEMBL289441,CO[C@H]1O[C@H](C[C@@H]1O)N2C=C(C)C(=O)NC2=O,5.3
253,CHEMBL289100,CC1=CN([C@H]2C[C@H](O)[C@H](O2)C#C)C(=O)NC1=O,5.52
255,CHEMBL41698,CC1=CN([C@H]2C[C@H](O)[C@@H](OCCCc3ccccc3)O2)C(=O)NC1=O,5.0
261,CHEMBL146350,OC[C@@]12C[C@@H]1[C@H](C[C@@H]2O)N3C=C(\C=C\Br)C(=O)NC3=O,4.2
263,CHEMBL413063,OC[C@@]12C[C@@H]1[C@H](C[C@@H]2O)N3C=C(Br)C(=O)NC3=O,4.16
265,CHEMBL406254,OCCCCn1cnc2C(=O)NC(=Nc12)Nc3ccccc3,7.3
266,CHEMBL2311131,OC[C@H]1C[C@H](C[C@@H]1O)N2C=C(I)C(=O)NC2=O,6.68
268,CHEMBL31634,OC[C@H]1O[C@H](C[C@@H]1O)N2C=C(\C=C\Br)C(=O)NC2=O,7.0
270,CHEMBL146673,CC1=CN([C@H]2C[C@H](O)[C@]3(CO)C[C@H]23)C(=O)NC1=O,4.79
273,CHEMBL788,OC[C@H]1O[C@H](C[C@@H]1O)N2C=C(I)C(=O)NC2=O,7.05
276,CHEMBL258513,NC1=Nc2c(ncn2CCCCO)C(=O)N1,5.69
277,CHEMBL344107,OC[C@@]12C[C@@H]1[C@H](C[C@@H]2O)N3C=C(I)C(=O)NC3=O,4.07
279,CHEMBL341644,OC[C@@H]1C[C@@H](C[C@H]1O)N2C=C(\C=C\Br)C(=O)NC2=O,6.66
281,CHEMBL1790740,CC1=CN([C@H]2C[C@H](O)[C@@H](CO)O2)C(=O)NC1=S,4.92
289,CHEMBL1790742,CC1=CN([C@H]2C[C@H](N=[N+]=[N-])[C@@H](CO)O2)C(=O)NC1=S,4.27
298,CHEMBL222280,OC[C@H]1O[C@H](C[C@@H]1O)N2C=C(Br)C(=O)NC2=O,5.3
322,CHEMBL422810,CC1=CN(C\C=C\COC(c2ccccc2)(c3ccccc3)c4ccccc4)C(=O)NC1=O,4.6
330,CHEMBL134449,CCCCCCC(=O)O\C=C/CN1C=C(C)C(=O)NC1=O,4.96
334,CHEMBL435798,CC1=CN(C\C=C/COC(=O)C(C)(C)C)C(=O)NC1=O,4.4
340,CHEMBL335521,CC1=CN(C\C=C/COC(=O)c2ccccc2)C(=O)NC1=O,4.52
346,CHEMBL2403290,CC1=CN([C@H]2C[C@H](O)[C@@H](COC(c3ccccc3)(c4ccccc4)c5ccccc5)O2)C(=O)NC1=O,4.48
350,CHEMBL337264,IC1=CN(\C=C/COC(c2ccccc2)(c3ccccc3)c4ccccc4)C(=O)NC1=O,5.34
352,CHEMBL132921,CC1=CN(C\C=C/COCc2ccccc2)C(=O)NC1=O,4.66
356,CHEMBL135079,CC1=CN(C\C=C/OC(=O)CC(C)(C)C)C(=O)NC1=O,4.55
360,CHEMBL334803,CCC1=CN(\C=C/COC(c2ccccc2)(c3ccccc3)c4ccccc4)C(=O)NC1=O,4.7
362,CHEMBL134471,CC1=CN(CCCCOC(c2ccccc2)(c3ccccc3)c4ccccc4)C(=O)NC1=O,5.48
364,CHEMBL134857,CC1CN(C\C=C/COC(c2ccccc2)(c3ccccc3)c4ccccc4)C(=O)NC1=O,5.01
368,CHEMBL135496,CCCCCCCCCCCC\C=C/CN1C=C(C)C(=O)NC1=O,4.72
372,CHEMBL335866,CC1=CN(C\C=C/COC(=O)C(c2ccccc2)c3ccccc3)C(=O)NC1=O,5.34
374,CHEMBL135863,CC1=CN(CC(O)C(O)COC(c2ccccc2)(c3ccccc3)c4ccccc4)C(=O)NC1=O,4.77
376,CHEMBL341163,CC1=CN(CCC(O)COC(c2ccccc2)(c3ccccc3)c4ccccc4)C(=O)NC1=O,5.44
511,CHEMBL450901,CSS[C@H]1C[C@@H](O[C@@H]1CO)N2C=C(C)C(=O)NC2=O,4.14
512,CHEMBL487410,CC1=CN([C@H]2C[C@H](SSCCN)[C@@H](CO)O2)C(=O)NC1=O,5.0
513,CHEMBL470689,CC1=CN([C@H]2C[C@H](SSCCO)[C@@H](CO)O2)C(=O)NC1=O,4.75
514,CHEMBL469885,CC1=CN([C@H]2C[C@H](SSC(Cl)(Cl)Cl)[C@@H](CO)O2)C(=O)NC1=O,4.89
525,CHEMBL1090132,CC1=CN([C@H]2C[C@@H]([C@@H](CO)O2)n3cc(nn3)c4ccccc4)C(=O)NC1=O,4.27
528,CHEMBL1089867,CC1=CN([C@H]2C[C@@H]([C@@H](CO)O2)n3cc(nn3)c4ccc(Cl)cc4)C(=O)NC1=O,4.15
529,CHEMBL1090868,CC1=CN([C@H]2C[C@@H]([C@@H](CO)O2)n3cc(nn3)c4ccc(Cl)c(Cl)c4)C(=O)NC1=O,4.13
543,CHEMBL1098549,CC1=CN([C@H]2C[C@@H]([C@@H](CO)O2)n3cc(nn3)c4ccc(F)cc4)C(=O)NC1=O,4.36
545,CHEMBL1096828,CC1=CN([C@H]2C[C@@H]([C@@H](CO)O2)n3cc(CCc4ccccc4)nn3)C(=O)NC1=O,4.22
548,CHEMBL1096815,CC1=CN([C@H]2C[C@@H]([C@@H](CO)O2)n3cc(CCCCl)nn3)C(=O)NC1=O,4.07
623,CHEMBL221982,CCCC1=CN([C@H]2C[C@H](O)[C@@H](CO)O2)C(=O)NC1=O,4.7
