,molecule_chembl_id,canonical_smiles,pchembl_value
0,dasatinib,CC1=NC(NC2=NC=C(S2)C(=O)NC2=C(C)C=CC=C2Cl)=CC(=N1)N1CCN(CCO)CC1,8.25
1,bosutinib,COc1cc(Nc2c(cnc3cc(OCCCN4CCN(C)CC4)c(OC)cc23)C#N)c(Cl)cc1Cl,7.54
2,CHEMBL2325959,COc1cc(ccc1C(=O)c2ccccc2)c3nc([C@@H]4C[C@](C)(O)C4)n5ccnc(N)c35,7.54
3,CHEMBL3426880,CCCC(=O)N1CCN(CC1)c2ccc(Nc3ncc(C(=O)Nc4c(F)cccc4Cl)c(NCC5CCCO5)n3)cc2,7.55
4,CHEMBL2325960,C[C@@]1(O)C[C@@H](C1)c2nc(c3ccc(cc3F)C(=O)c4ccccc4)c5c(N)nccn25,7.55
5,CHEMBL386051,CSc1cccc(Nc2ncc3C=C(C(=O)N(C)c3n2)c4c(Cl)cccc4Cl)c1,7.57
6,CHEMBL521379,COC(C)(C)CCn1nc(Nc2c(C)cc(F)cc2C)c3cnc(Nc4ccccc4)nc13,7.59
7,CHEMBL247070,C(Nc1ncnc2oc(c3ccccc3)c(c4ccccc4)c12)[C@@H]5CCCO5,7.62
8,CHEMBL437754,C(Cc1cccnc1)Nc2ccnc3oc(c4ccc(OCCN5CCCCC5)cc4)c(c6ccccc6)c23,7.7
9,CHEMBL459044,CCOc1ccccc1Oc2nc(Nc3ccc(cc3)N4CCNCC4)ncc2C(=O)Nc5c(C)cccc5C,7.7
10,CHEMBL487054,CN(C)CCCn1nc(Nc2c(Cl)cccc2Cl)c3cnc(Nc4ccccc4)nc13,7.7
11,CHEMBL2087668,CN(C)CCOc1ccc(cc1)c2[nH]c3ncnc(NC[C@@H]4CCCO4)c3c2C5=CCCC5,7.7
12,CHEMBL488061,CN(C)[C@@H]1CCN(CCn2nc(Nc3c(Cl)cccc3Cl)c4cnc(Nc5ccccc5)nc24)C1,7.7
13,CHEMBL514919,COC(C)(C)CCn1nc(Nc2c(C)cc(F)cc2C)c3cnc(Nc4ccc(cc4)N5CCN(C)CC5)nc13,7.7
14,CHEMBL502156,COC(C)(C)CCn1nc(Nc2c(C)cccc2C)c3cnc(Nc4ccc(OCCN5CCCC5)c(F)c4)nc13,7.7
15,CHEMBL458333,COC(C)(C)CCn1nc(Nc2c(C)cccc2C)c3cnc(Nc4ccc(OCCN5CCCC5)cc4)nc13,7.7
16,CHEMBL487897,COC(C)(C)CCn1nc(Nc2c(C)cccc2C)c3cnc(Nc4ccc(cc4)N5CCN(C)CC5)nc13,7.7
17,CHEMBL472392,COC(C)(C)CCn1nc(Nc2c(C)cccc2C)c3cnc(Nc4ccc(cc4)N5CCNCC5)nc13,7.7
18,CHEMBL487242,COC(C)(C)CCn1nc(Nc2c(C)cccc2C)c3cnc(Nc4ccccc4)nc13,7.7
19,CHEMBL2087881,CO[C@@H]1CC[C@H]1CNc2ncnc3[nH]c(c4ccc(OCCN(C)C)cc4)c(c5ccccc5)c23,7.7
20,CHEMBL2087871,Cc1ccccc1c2c([nH]c3ncnc(NC[C@@H]4CCCO4)c23)c5ccc(OCCN6CCCC6)cc5,7.7
21,CHEMBL461159,OC[C@H](O)CCn1nc(Nc2c(Cl)cccc2Cl)c3cnc(Nc4ccccc4)nc13,7.7
22,CHEMBL247880,C(CN1CCNCC1)Nc2ncnc3oc(c4ccc(cc4)N5CCOCC5)c(c6ccccc6)c23,7.77
23,CHEMBL388978,CN[C@@H]1C[C@H]2O[C@@](C)([C@@H]1OC)n3c4ccccc4c5c6CNC(=O)c6c7c8ccccc8n2c7c35,7.77
24,CHEMBL3286830,C[C@H]1Oc2cc(cnc2N)c3c(CN(C)C(=O)c4ccc(F)cc14)nn(C)c3C#N,7.77
25,CHEMBL247480,C(CN1CCCC1)Oc2ccc(cc2)c3oc4ncnc(NC[C@@H]5CCCO5)c4c3c6ccccc6,7.8
26,CHEMBL3128069,C[C@@H](Oc1cc(cnc1N)c2sc(nc2C)[C@](C)(O)CO)c3cc(F)ccc3n4nccn4,7.82
27,CHEMBL3218297,CS(=O)(=O)O.Oc1cccc(CNC(=O)Nc2nc(cs2)c3ccncc3)c1,7.85
28,CHEMBL247878,CCN1CCN(CC1)C(=O)c2ccc(cc2)c3oc4ncnc(NC[C@@H]5CCCO5)c4c3c6ccccc6,7.89
29,CHEMBL2087877,CN(C)CCOc1ccc(cc1)c2oc3ncnc(NCC4OCCO4)c3c2c5ccccc5,7.89
30,CHEMBL2087663,CNC(=O)c1ccc(cc1)c2oc3ncnc(NC[C@@H]4CCCO4)c3c2c5ccccc5,7.89
31,CHEMBL459220,COC(C)(C)CCn1nc(Nc2c(C)cc(C)cc2C)c3cnc(Nc4ccc(cc4)N5CCN(C)CC5)nc13,7.92
32,CHEMBL487896,COC(C)(C)CCn1nc(Nc2c(Cl)cccc2Cl)c3cnc(Nc4ccc(cc4)N5CCNCC5)nc13,7.92
33,CHEMBL247479,CN(C)CCOc1ccc(cc1)c2oc3ncnc(NC[C@@H]4CCCO4)c3c2c5ccccc5,7.96
34,CHEMBL3586447,Cc1cc2cn[nH]c2cc1c3cccc4c(N)c(nnc34)C(=O)N,7.96
35,CHEMBL2087875,C(CN1CCCC1)Oc2ccc(cc2)c3[nH]c4ncnc(NCC5SCCS5)c4c3c6ccccc6,8.0
36,CHEMBL2087661,CN(C)C(=O)c1ccc(cc1)c2oc3ncnc(NC[C@@H]4CCCO4)c3c2c5ccccc5,8.0
37,CHEMBL2087667,CN(C)CCOc1ccc(cc1)c2[nH]c3ncnc(NC[C@@H]4CCCO4)c3c2C5=CCCCC5,8.0
38,CHEMBL462189,CN1CCN(CCn2nc(Nc3c(Cl)cccc3Cl)c4cnc(Nc5ccccc5)nc24)CC1,8.0
39,CHEMBL2087671,COc1cccc(c1)c2c([nH]c3ncnc(NC[C@@H]4CCCO4)c23)c5ccc(OCCN6CCCC6)cc5,8.0
40,CHEMBL2087876,CN(C)CCOc1ccc(cc1)c2oc3ncnc(NCC4CCCS4)c3c2c5ccccc5,8.1
41,CHEMBL2087650,CS(=O)(=O)c1ccc(cc1)c2oc3ncnc(NC[C@@H]4CCCO4)c3c2c5ccccc5,8.1
42,CHEMBL247677,CN1CCN(Cc2ccc(cc2)c3oc4ncnc(NC[C@@H]5CCCO5)c4c3c6ccccc6)CC1,8.16
43,CHEMBL487243,COC(C)(C)CCn1nc(Nc2c(Cl)cccc2Cl)c3cnc(Nc4ccccc4)nc13,8.16
44,CHEMBL2087651,CS(=O)(=O)c1ccc(cc1)c2[nH]c3ncnc(NC[C@@H]4CCCO4)c3c2c5ccccc5,8.16
45,CHEMBL603469,C[C@]12O[C@H](C[C@]1(O)CO)n3c4ccccc4c5c6C(=O)NCc6c7c8ccccc8n2c7c35,8.18
46,CHEMBL2087658,C(CN1CCCC1)Oc2ccc(cc2)c3[nH]c4ncnc(NC[C@@H]5CCCO5)c4c3c6ccccc6,8.22
47,CHEMBL2087657,C(CN1CCOCC1)Oc2ccc(cc2)c3[nH]c4ncnc(NC[C@@H]5CCCO5)c4c3c6ccccc6,8.22
48,CHEMBL2087647,C(Nc1ncnc2[nH]c(c3ccccc3)c(c4ccccc4)c12)[C@@H]5CCCO5,8.22
49,CHEMBL2087655,CN(C)CCOc1ccc(cc1)c2[nH]c3ncnc(NC[C@@H]4CCCO4)c3c2c5ccccc5,8.22
50,CHEMBL2087649,COc1ccc(cc1)c2[nH]c3ncnc(NC[C@@H]4CCCO4)c3c2c5ccccc5,8.22
51,CHEMBL2087666,O=C(N1CCOCC1)c2ccc(cc2)c3[nH]c4ncnc(NC[C@@H]5CCCO5)c4c3c6ccccc6,8.22
52,CHEMBL2087665,O=C(N1CCOCC1)c2ccc(cc2)c3oc4ncnc(NC[C@@H]5CCCO5)c4c3c6ccccc6,8.22
53,CHEMBL487241,CN(C)CCn1nc(Nc2c(Cl)cccc2Cl)c3cnc(Nc4ccccc4)nc13,8.3
54,CHEMBL2087648,COc1ccc(cc1)c2oc3ncnc(NC[C@@H]4CCCO4)c3c2c5ccccc5,8.3
55,CHEMBL2087656,C(CN1CCOCC1)Oc2ccc(cc2)c3oc4ncnc(NC[C@@H]5CCCO5)c4c3c6ccccc6,8.4
56,CHEMBL2087879,CN(C)CCOc1ccc(cc1)c2oc3ncnc(NCC4SCCCS4)c3c2c5ccccc5,8.4
57,CHEMBL2087653,CNS(=O)(=O)c1ccc(cc1)c2oc3ncnc(NC[C@@H]4CCCO4)c3c2c5ccccc5,8.4
58,CHEMBL2087872,Fc1ccccc1c2c([nH]c3ncnc(NC[C@@H]4CCCO4)c23)c5ccc(OCCN6CCCC6)cc5,8.4
59,CHEMBL2087660,O=C1CCCN1CCOc2ccc(cc2)c3[nH]c4ncnc(NC[C@@H]5CCCO5)c4c3c6ccccc6,8.4
60,CHEMBL2087659,O=C1CCCN1CCOc2ccc(cc2)c3oc4ncnc(NC[C@@H]5CCCO5)c4c3c6ccccc6,8.4
61,CHEMBL2087664,CNC(=O)c1ccc(cc1)c2[nH]c3ncnc(NC[C@@H]4CCCO4)c3c2c5ccccc5,8.52
62,CHEMBL450918,COC(C)(C)CCn1nc(Nc2c(C)cccc2C)c3cnc(Nc4ccc(OCCCN5CCCCC5)c(F)c4)nc13,8.52
63,CHEMBL2087662,CN(C)C(=O)c1ccc(cc1)c2[nH]c3ncnc(NC[C@@H]4CCCO4)c3c2c5ccccc5,8.7
64,CHEMBL2087652,CN(C)S(=O)(=O)c1ccc(cc1)c2[nH]c3ncnc(NC[C@@H]4CCCO4)c3c2c5ccccc5,8.7
65,CHEMBL2087654,CNS(=O)(=O)c1ccc(cc1)c2[nH]c3ncnc(NC[C@@H]4CCCO4)c3c2c5ccccc5,8.7
66,CHEMBL504331,COC(C)(C)CCn1nc(Nc2c(Cl)cccc2Cl)c3cnc(Nc4ccc(OCCN5CCCC5)c(F)c4)nc13,8.7
67,CHEMBL509032,COc1cc(ccc1Nc2ncc(Cl)c(Nc3ccccc3S(=O)(=O)C(C)C)n2)N4CCC(CC4)N5CCN(C)CC5,8.7
68,CHEMBL1672987,COc1cc(ccc1Nc2ncc3NC(=O)c4ccccc4N(C)c3n2)N5CCN(C)CC5,8.7
69,CHEMBL247667,C(Cc1ccccc1)Nc2ncnc3oc(c4ccc(OCCN5CCCC5)cc4)c(c6ccccc6)c23,9.0
70,CHEMBL2087873,CN(C)CCOc1ccc(cc1)c2[nH]c3ncnc(NCC4SCCS4)c3c2c5ccccc5,9.52
71,CHEMBL2087874,CN(C)CCOc1ccc(cc1)c2oc3ncnc(NCC4SCCS4)c3c2c5ccccc5,9.52
