,molecule_chembl_id,canonical_smiles,pchembl_value
0,dasatinib,CC1=NC(NC2=NC=C(S2)C(=O)NC2=C(C)C=CC=C2Cl)=CC(=N1)N1CCN(CCO)CC1,7.96
1,CHEMBL3815093,CNS(=O)(=O)c1ccc(N(C)C)c(Nc2ncnc3cc(OC)c(OC)cc23)c1,7.6
2,CHEMBL3814923,CNS(=O)(=O)c1ccc(N(C)C)c(Nc2ncnc3cc(OCCCN4CCOCC4)ccc23)c1,7.6
3,CHEMBL3814871,CNS(=O)(=O)c1ccc(N(C)C)c(Nc2ncnc3cc(OCCCOC)ccc23)c1,7.6
4,CHEMBL3815116,CNS(=O)(=O)c1ccc(N(C)C)c(Nc2ncnc3cc[nH]c23)c1,7.6
5,CHEMBL3814635,CNS(=O)(=O)c1ccc(OCC(F)(F)F)c(Nc2ncnc3cc(OC)c(OC)cc23)c1,7.6
6,CHEMBL3814442,CNS(=O)(=O)c1ccc(OCC(F)(F)F)c(Nc2ncnc3cc(OCCCOC)ccc23)c1,7.6
7,CHEMBL3613184,CNS(=O)(=O)c1cccc(Nc2ncnc3[nH]c(cc23)c4ccccc4)c1,7.6
8,CHEMBL3613193,CNS(=O)(=O)c1ccc(Cl)c(Nc2ncnc3[nH]ccc23)c1,7.7
9,CHEMBL3613190,CNS(=O)(=O)c1cccc(Nc2ncnc3[nH]c(cc23)c4ccncc4)c1,7.7
10,CHEMBL3613307,CNS(=O)(=O)c1ccc(N(C)C)c(Nc2ncnc3[nH]c(cc23)c4cccc(c4)C(F)(F)F)c1,7.8
11,CHEMBL3814010,CNS(=O)(=O)c1ccc(N(C)C)c(Nc2ncnc3ccn(C)c23)c1,7.8
12,CHEMBL3613309,CNS(=O)(=O)c1ccc(N2CCOCC2)c(Nc3ncnc4[nH]c(cc34)c5cccc(c5)C(F)(F)F)c1,7.8
13,CHEMBL3814998,CCOc1cc2ncnc(Nc3cc(ccc3OCC(F)(F)F)S(=O)(=O)NC)c2cc1OC,7.89
14,CHEMBL3613199,CNS(=O)(=O)c1ccc(N2CCOCC2)c(Nc3ncnc4[nH]cc(C)c34)c1,7.89
15,CHEMBL3813948,CNS(=O)(=O)c1ccc(OCC(F)(F)F)c(Nc2ncnc3cc(OC)cc(OC)c23)c1,7.89
16,CHEMBL3813957,CNS(=O)(=O)c1ccc(OCC(F)(F)F)c(Nc2ncnc3cc(OCCCN4CCOCC4)ccc23)c1,7.89
17,CHEMBL3613187,CNS(=O)(=O)c1cccc(Nc2ncnc3[nH]c(cc23)c4ccc(C)cc4)c1,7.89
18,CHEMBL3613189,CNS(=O)(=O)c1cccc(Nc2ncnc3[nH]c(cc23)c4ccc(O)cc4)c1,7.89
19,CHEMBL3613186,CNS(=O)(=O)c1cccc(Nc2ncnc3[nH]c(cc23)c4cccc(C)c4)c1,7.89
20,CHEMBL3613185,CNS(=O)(=O)c1cccc(Nc2ncnc3[nH]c(cc23)c4ccccc4C)c1,7.89
21,CHEMBL3814834,CNS(=O)(=O)c1ccc(N(C)C)c(Nc2ncnc3cc(OC)cc(OC)c23)c1,8.0
22,CHEMBL3613305,CNS(=O)(=O)c1ccc(N2CCOCC2)c(Nc3ncnc4[nH]cc(Br)c34)c1,8.2
23,CHEMBL3613197,CNS(=O)(=O)c1ccc(N(C)C)c(Nc2ncnc3[nH]cc(C)c23)c1,8.8
24,CHEMBL3613198,CNS(=O)(=O)c1ccc(N(C)C)c(Nc2ncnc3[nH]cc(Br)c23)c1,9.16
2,CHEMBL572881,CC1(C)CNc2cc(NC(=O)c3cccnc3NCc4ccncc4)ccc12,6.66
3,CHEMBL574738,CCN1CCN(Cc2ccc(NC(=O)Nc3ccc(Oc4cc(NC)ncn4)cc3)cc2C(F)(F)F)CC1,6.77
8,CHEMBL558752,Cn1c(Nc2ccc(cc2)C(F)(F)F)nc3cc(Oc4ccnc(c4)c5ncc([nH]5)C(F)(F)F)ccc13,5.23
9,CHEMBL31965,Fc1ccc(Nc2ncnc3cc(OCCCN4CCOCC4)c(NC(=O)C=C)cc23)cc1Cl,5.25
12,CHEMBL1421,Cc1nc(Nc2ncc(s2)C(=O)Nc3c(C)cccc3Cl)cc(n1)N4CCN(CCO)CC4,7.96
13,CHEMBL607707,CCOc1cc2ncc(C#N)c(Nc3ccc(F)c(Cl)c3)c2cc1NC(=O)\C=C\CN(C)C,5.14
14,CHEMBL553,COCCOc1cc2ncnc(Nc3cccc(c3)C#C)c2cc1OCCOC,6.24
15,CHEMBL428690,CN1CC[C@@H]([C@H](O)C1)c2c(O)cc(O)c3C(=O)C=C(Oc23)c4ccccc4Cl,7.26
19,CHEMBL941,CN1CCN(Cc2ccc(cc2)C(=O)Nc3ccc(C)c(Nc4nccc(n4)c5cccnc5)c3)CC1,5.37
20,CHEMBL191003,Nc1nc(Nc2ccc(cc2)S(=O)(=O)N)nn1C(=O)c3c(F)cccc3F,5.85
30,CHEMBL10,C[S+]([O-])c1ccc(cc1)c2nc(c3ccc(F)cc3)c([nH]2)c4ccncc4,5.46
32,CHEMBL1336,CNC(=O)c1cc(Oc2ccc(NC(=O)Nc3ccc(Cl)c(c3)C(F)(F)F)cc2)ccn1,6.55
33,CHEMBL388978,CN[C@@H]1C[C@H]2O[C@@](C)([C@@H]1OC)n3c4ccccc4c5c6CNC(=O)c6c7c8ccccc8n2c7c35,6.0
38,CHEMBL24828,COc1cc2c(Nc3ccc(Br)cc3F)ncnc2cc1OCC4CCN(C)CC4,5.55
53,CHEMBL603469,C[C@]12O[C@H](C[C@]1(O)CO)n3c4ccccc4c5c6C(=O)NCc6c7c8ccccc8n2c7c35,5.68
62,CHEMBL386051,CSc1cccc(Nc2ncc3C=C(C(=O)N(C)c3n2)c4c(Cl)cccc4Cl)c1,7.33
70,CHEMBL601719,C[C@@H](Oc1cc(cnc1N)c2cnn(c2)C3CCNCC3)c4c(Cl)ccc(F)c4Cl,6.96
73,CHEMBL509032,COc1cc(ccc1Nc2ncc(Cl)c(Nc3ccccc3S(=O)(=O)C(C)C)n2)N4CCC(CC4)N5CCN(C)CC5,5.7
81,CHEMBL230011,Nc1nc(N)c2nc(c3cccc(O)c3)c(nc2n1)c4cccc(O)c4,5.85
83,CHEMBL1230609,COc1cc2c(Oc3ccc(NC(=O)C4(CC4)C(=O)Nc5ccc(F)cc5)cc3F)ccnc2cc1OCCCN6CCOCC6,6.89
85,CHEMBL1287853,Cc1cnc(Nc2ccc(OCCN3CCCC3)cc2)nc1Nc4cccc(c4)S(=O)(=O)NC(C)(C)C,5.75
89,CHEMBL1241674,CC(C)n1nc(c2cc3cc(O)ccc3[nH]2)c4c(N)ncnc14,6.06
99,CHEMBL475251,COc1cc(Nc2ncc(F)c(Nc3ccc4OC(C)(C)C(=O)Nc4n3)n2)cc(OC)c1OC,6.51
105,CHEMBL384304,COc1ccc(F)c(F)c1C(=O)c2cnc(NC3CCN(CC3)S(=O)(=O)C)nc2N,5.42
122,CHEMBL288441,COc1cc(Nc2c(cnc3cc(OCCCN4CCN(C)CC4)c(OC)cc23)C#N)c(Cl)cc1Cl,6.77
126,CHEMBL255863,Cc1cn(cn1)c2cc(NC(=O)c3ccc(C)c(Nc4nccc(n4)c5cccnc5)c3)cc(c2)C(F)(F)F,6.44
138,CHEMBL3612641,CNS(=O)(=O)c1cccc(Nc2ncnc3[nH]cnc23)c1,6.3
140,CHEMBL3612642,CNS(=O)(=O)c1cccc(Nc2nc(F)nc3[nH]cnc23)c1,5.5
141,CHEMBL3612644,CNS(=O)(=O)c1cccc(Nc2nc(N)nc3[nH]cnc23)c1,5.1
142,CHEMBL3612645,CNS(=O)(=O)c1cccc(Nc2nc(Cl)nc3[nH]cnc23)c1,4.8
143,CHEMBL3612646,CNS(=O)(=O)c1cccc(Nc2ncnc3[nH]ncc23)c1,7.3
144,CHEMBL3612647,CNS(=O)(=O)c1cccc(Nc2ncnc3[nH]ccc23)c1,7.1
146,CHEMBL3612649,CNS(=O)(=O)c1cccc(Nc2ccnc3[nH]ccc23)c1,5.1
147,CHEMBL3612650,CNS(=O)(=O)c1cccc(Nc2ncnc3NC(=O)Cc23)c1,6.4
148,CHEMBL3612651,CCNS(=O)(=O)c1cccc(Nc2ncnc3[nH]cnc23)c1,5.7
149,CHEMBL3612652,NS(=O)(=O)c1cccc(Nc2ncnc3[nH]cnc23)c1,4.4
150,CHEMBL3612653,ONS(=O)(=O)c1cccc(Nc2ncnc3[nH]cnc23)c1,4.7
151,CHEMBL3612654,CN(C)S(=O)(=O)c1cccc(Nc2ncnc3[nH]cnc23)c1,5.1
152,CHEMBL3612655,CCS(=O)(=O)c1cccc(Nc2ncnc3[nH]cnc23)c1,5.2
153,CHEMBL3612656,CNS(=O)(=O)c1cc(Nc2ncnc3[nH]cnc23)ccc1C,4.89
154,CHEMBL3612657,CNS(=O)(=O)c1ccc(C)c(Nc2ncnc3[nH]cnc23)c1,6.3
155,CHEMBL3612658,CNS(=O)(=O)c1cccc(c1)N(C)c2ncnc3[nH]ccc23,5.3
156,CHEMBL3612659,CNS(=O)(=O)c1cccc(Oc2ncnc3[nH]ccc23)c1,4.8
157,CHEMBL3612660,CNS(=O)(=O)c1cncc(Nc2ncnc3[nH]ccc23)c1,6.6
158,CHEMBL3612661,CNS(=O)(=O)c1cccc(Nc2ncnc3[nH]cc(C)c23)c1,7.4
159,CHEMBL3612662,CNS(=O)(=O)c1cccc(Nc2ncnc3[nH]cc(C(C)C)c23)c1,6.9
160,CHEMBL3612663,CNS(=O)(=O)c1cccc(Nc2ncnc3[nH]cc(CC(C)C)c23)c1,6.9
161,CHEMBL3612664,CNS(=O)(=O)c1cccc(Nc2ncnc3[nH]cc(F)c23)c1,6.9
162,CHEMBL3612665,CNS(=O)(=O)c1cccc(Nc2ncnc3[nH]cc(Cl)c23)c1,7.5
163,CHEMBL3612666,CNS(=O)(=O)c1cccc(Nc2ncnc3[nH]cc(Br)c23)c1,7.5
164,CHEMBL3612667,CNS(=O)(=O)c1cccc(Nc2ncnc3[nH]cc(c4ccccc4)c23)c1,7.4
165,CHEMBL3613176,CNS(=O)(=O)c1cccc(Nc2ncnc3[nH]cc(c4ccccc4Cl)c23)c1,7.4
166,CHEMBL3613177,CNS(=O)(=O)c1cccc(Nc2ncnc3[nH]cc(c4cccc(Cl)c4)c23)c1,7.2
167,CHEMBL3613178,CNS(=O)(=O)c1cccc(Nc2ncnc3[nH]cc(c4ccc(Cl)cc4)c23)c1,7.0
168,CHEMBL3613179,CNS(=O)(=O)c1cccc(Nc2ncnc3[nH]cc(c4ccc(OC)cc4)c23)c1,7.3
169,CHEMBL3613180,CNS(=O)(=O)c1cccc(Nc2ncnc3[nH]cc(c4ccncc4)c23)c1,7.0
170,CHEMBL3613181,CNS(=O)(=O)c1cccc(Nc2ncnc3[nH]cc(c4ccc(CN)cc4)c23)c1,7.5
171,CHEMBL3613182,CNS(=O)(=O)c1cccc(Nc2ncnc3[nH]cc(c4ccc(cc4)C(=O)O)c23)c1,7.0
172,CHEMBL3613183,CNS(=O)(=O)c1cccc(Nc2ncnc3[nH]c(Br)cc23)c1,7.3
177,CHEMBL3613188,CNS(=O)(=O)c1cccc(Nc2ncnc3[nH]c(cc23)c4cccc(c4)C(F)(F)F)c1,7.2
180,CHEMBL3612079,CNS(=O)(=O)c1cccc(Nc2ncnc3[nH]c(cc23)C(=O)O)c1,6.8
181,CHEMBL3613192,CNS(=O)(=O)c1ccc(C)c(Nc2ncnc3[nH]ccc23)c1,6.2
183,CHEMBL3613194,CNc1ccc(cc1Nc2ncnc3[nH]ccc23)S(=O)(=O)NC,5.2
184,CHEMBL3613195,CNS(=O)(=O)c1ccc(N(C)C)c(Nc2ncnc3[nH]ccc23)c1,7.3
185,CHEMBL3613196,CNS(=O)(=O)c1ccc(N2CCOCC2)c(Nc3ncnc4[nH]ccc34)c1,7.4
190,CHEMBL3613306,CNS(=O)(=O)c1ccc(N(C)C)c(Nc2ncnc3[nH]c(Br)cc23)c1,7.4
192,CHEMBL3613308,CNS(=O)(=O)c1ccc(N2CCOCC2)c(Nc3ncnc4[nH]c(Br)cc34)c1,6.9
205,CHEMBL3613191,CNS(=O)(=O)c1cccc(Nc2ncnc3[nH]c4ccccc4c23)c1,7.0
217,CHEMBL3814179,CNS(=O)(=O)c1ccc(N(C)C)c(Nc2ncnc3ccccc23)c1,6.7
218,CHEMBL3814515,CNS(=O)(=O)c1ccc(N(C)C)c(Nc2ncnc3ccsc23)c1,6.7
221,CHEMBL3813871,CNS(=O)(=O)c1ccc(N(C)C)c(Nc2ncnc3ccc(OC)cc23)c1,7.1
222,CHEMBL3814121,CNS(=O)(=O)c1ccc(N(C)C)c(Nc2ncnc3ccc(N)cc23)c1,7.5
223,CHEMBL3813902,CNc1ccc2ncnc(Nc3cc(ccc3N(C)C)S(=O)(=O)NC)c2c1,7.3
224,CHEMBL3814727,CNS(=O)(=O)c1ccc(N(C)C)c(Nc2ncnc3cc(N)ccc23)c1,7.2
225,CHEMBL3813872,CNc1ccc2c(Nc3cc(ccc3N(C)C)S(=O)(=O)NC)ncnc2c1,7.4
233,CHEMBL3814685,CNS(=O)(=O)c1ccc(OCC(F)(F)F)c(Nc2ncnc3cc(OC(C)C)c(OC)cc23)c1,6.89
