,molecule_chembl_id,canonical_smiles,pchembl_value
0,dasatinib,CC1=NC(NC2=NC=C(S2)C(=O)NC2=C(C)C=CC=C2Cl)=CC(=N1)N1CCN(CCO)CC1,8.68
1,CHEMBL398422,Cc1ccc2[nH]ncc2c1Nc3ccnc(Nc4cccc(c4)C(=O)N)n3,7.55
2,CHEMBL249097,Cc1ccc(O)cc1Nc2ccnc(Nc3cccc(c3)C(=O)N)n2,8.0
3,CHEMBL3290142,Cc1ccc(NC(=O)c2cccc(c2)C(F)(F)F)cc1C(=O)Nc3cnc(Nc4cccc(NC(=O)C=C)c4)nc3,8.72
4,CHEMBL3290148,Cc1ccc(NC(=O)c2cccc(c2)C(F)(F)F)cc1C(=O)Nc3cnc(Nc4cccc(NC(=O)CNC(=O)C=C)c4)nc3,8.85
5,CHEMBL249317,Cc1ccc(O)cc1Nc2ccnc(Nc3cccc(c3)S(=O)(=O)N)n2,9.4
