,molecule_chembl_id,canonical_smiles,pchembl_value
0,CHEMBL2018015,CC(C)(NC(=O)c1nc(cnc1N)c2cccc(c2)c3ccc(N)nc3)C4CCNCC4,7.55
1,CHEMBL3092792,CCCCNc1ncc(c(N[C@@H]2CC[C@@H](O)CC2)n1)c3ccc(cn3)S(=O)(=O)N4CCOCC4,7.55
2,CHEMBL3092795,CCCCNc1ncc(c(N[C@@H]2CC[C@@H](O)CC2)n1)c3ccc(CNC4CCCCC4)cn3,7.62
3,CHEMBL3092793,CCCCNc1ncc(c(N[C@@H]2CC[C@@H](O)CC2)n1)c3ccc(cn3)C(=O)NC4CCN(C)CC4,7.62
4,CHEMBL2036805,N[C@@H]1CC[C@@H](Cn2nc(c3ccc(nc3)N4CCNCC4)c5cnc(NCCCc6ccccc6)nc25)CC1,7.66
5,CHEMBL3092791,CCCCNc1ncc(c(N[C@@H]2CC[C@@H](O)CC2)n1)c3ccc(CN(C)C)cn3,7.68
6,CHEMBL3092797,CCCCNc1ncc(c(N[C@@H]2CC[C@@H](O)CC2)n1)c3ccc(CNCCO)cn3,7.68
7,CHEMBL2018146,CCn1cc(cn1)c2cccc(c2)c3cnc(N)c(n3)C(=O)N[C@@H]4C5CC6CC4C[C@@](O)(C6)C5,7.7
8,CHEMBL2018145,Cn1cc(cn1)c2cccc(c2)c3cnc(N)c(n3)C(=O)N[C@@H]4C5CC6CC4C[C@@](O)(C6)C5,7.7
9,CHEMBL2036803,NC1CCC(Cn2nc(c3ccccc3)c4cnc(NCCc5ccccc5)nc24)CC1,7.75
10,CHEMBL3326006,CCCCNc1ncc2c(cn([C@@H]3CC[C@@H](O)CC3)c2n1)c4ccc(CN5CCN(C)CC5)cc4,7.77
11,CHEMBL3326007,CN1CCN(Cc2ccc(cc2)c3cn([C@@H]4CC[C@@H](O)CC4)c5nc(NCCC6CC6)ncc35)CC1,7.77
12,CHEMBL2312657,O[C@@H]1COC[C@H]1Nc2nc(Nc3cc(Cl)cc(Cl)c3)ncc2Br,7.82
13,CHEMBL2036804,CCCCNc1ncc2c(nn(C[C@@H]3CC[C@@H](N)CC3)c2n1)c4ccc(nc4)N5CCNCC5,7.85
14,CHEMBL2312652,CN1CCC(CC1)NC(=O)c2cnc(Nc3cc(Cl)cc(Cl)c3)nc2N[C@@H]4COC[C@H]4O,8.0
15,CHEMBL2312650,CN1CCC(CC1)NC(=O)c2cnc(Nc3cc(Cl)cc(Cl)c3)nc2NC4CCOCC4,8.05
16,CHEMBL2312651,CN1CCC(CC1)NC(=O)c2cnc(Nc3cc(Cl)cc(Cl)c3)nc2N[C@H]4CCCCNC4=O,8.22
17,CHEMBL2036807,N[C@@H]1CC[C@@H](Cn2nc(c3ccc(cc3)N4CCNCC4)c5cnc(NCCCc6ccccc6)nc25)CC1,8.23
18,CHEMBL460702,CCOC1=C(C(=O)Nc2ccc(Oc3ccnc(N)c3Cl)c(F)c2)C(=O)N(C=C1)c4ccc(F)cc4,8.37
19,CHEMBL2311550,CC[C@@H](CO)Nc1nc(Nc2cc(Cl)cc(Cl)c2)ncc1C(=O)NC3CCN(C)CC3,8.52
20,CHEMBL2036806,CCCCNc1ncc2c(nn(C[C@@H]3CC[C@@H](N)CC3)c2n1)c4ccc(cc4)N5CCNCC5,8.54
21,CHEMBL2312649,CN(C)C1CCC(CC1)Nc2nc(Nc3cc(Cl)cc(Cl)c3)ncc2C(=O)NC4CCN(C)CC4,8.7
22,CHEMBL1230609,COc1cc2c(Oc3ccc(NC(=O)C4(CC4)C(=O)Nc5ccc(F)cc5)cc3F)ccnc2cc1OCCCN6CCOCC6,8.7
23,CHEMBL2312654,CN(C)C1CCC(CC1)Nc2nc(Nc3cc(Cl)cc(Cl)c3)ncc2c4onc(C)c4,9.16
