,molecule_chembl_id,canonical_smiles,pchembl_value
0,CHEMBL2047087,Cc1ccc(cc1)c2oc3ccc(OCc4ccc(F)c(F)c4)cc3c2C(=O)O,5.05
1,CHEMBL2047094,OC(=O)c1c(oc2ccc(OCc3cccc(Cl)c3)cc12)c4ccc5ccccc5c4,5.11
2,CHEMBL2047089,Cc1ccc(cc1)c2oc3ccc(OCc4ccccc4Br)cc3c2C(=O)O,5.2
3,CHEMBL2046973,COc1ccc(cc1)c2oc3ccc(OCc4cccc(I)c4)cc3c2C(=O)O,5.23
4,CHEMBL2047099,OC(=O)c1c(oc2ccc(OCc3ccccc3Br)cc12)c4ccc5ccccc5c4,5.28
5,CHEMBL2047093,OC(=O)c1c(oc2ccc(OCc3ccc(Br)cc3)cc12)c4ccc5ccccc5c4,5.31
6,CHEMBL2047091,OC(=O)c1c(oc2ccc(OCc3cccc(F)c3)cc12)c4ccc5ccccc5c4,5.42
7,CHEMBL2047083,Cc1ccc(cc1)c2oc3ccc(OCc4ccc(Br)cc4)cc3c2C(=O)O,5.48
8,CHEMBL2047097,OC(=O)c1c(oc2ccc(OCc3ccc(F)c(F)c3)cc12)c4ccc5ccccc5c4,5.5
9,CHEMBL2047098,OC(=O)c1c(oc2ccc(OCc3ccc(F)cc3)cc12)c4ccc5ccccc5c4,5.5
10,CHEMBL2047095,OC(=O)c1c(oc2ccc(OCc3c(F)cccc3F)cc12)c4ccc5ccccc5c4,5.55
0,CHEMBL2046972,COc1ccc(cc1)c2oc3ccc(OCc4cccc(F)c4)cc3c2C(=O)O,4.54
2,CHEMBL2046974,COc1ccc(cc1)c2oc3ccc(OCc4ccc(Br)cc4)cc3c2C(=O)O,4.79
3,CHEMBL2047075,COc1ccc(cc1)c2oc3ccc(OCc4cccc(Cl)c4)cc3c2C(=O)O,4.54
4,CHEMBL2047076,COc1ccc(cc1)c2oc3ccc(OCc4c(F)cccc4F)cc3c2C(=O)O,4.57
6,CHEMBL2047078,COc1ccc(cc1)c2oc3ccc(OCc4ccc(F)c(F)c4)cc3c2C(=O)O,4.63
7,CHEMBL2047079,COc1ccc(cc1)c2oc3ccc(OCc4ccc(F)cc4)cc3c2C(=O)O,4.67
8,CHEMBL2047080,COc1ccc(cc1)c2oc3ccc(OCc4ccccc4Br)cc3c2C(=O)O,4.95
9,CHEMBL2047081,COc1ccc(cc1)c2oc3ccc(OCc4cccc(c4)c5ccccc5)cc3c2C(=O)O,4.59
10,CHEMBL2046450,Cc1ccc(cc1)c2oc3ccc(OCc4cccc(F)c4)cc3c2C(=O)O,4.81
11,CHEMBL2047082,Cc1ccc(cc1)c2oc3ccc(OCc4cccc(I)c4)cc3c2C(=O)O,4.97
13,CHEMBL2047084,Cc1ccc(cc1)c2oc3ccc(OCc4cccc(Cl)c4)cc3c2C(=O)O,4.88
14,CHEMBL2047085,Cc1ccc(cc1)c2oc3ccc(OCc4c(F)cccc4F)cc3c2C(=O)O,4.64
15,CHEMBL2047086,Cc1ccc(cc1)c2oc3ccc(OCc4cccc(c4)C(F)(F)F)cc3c2C(=O)O,4.88
17,CHEMBL2047088,Cc1ccc(cc1)c2oc3ccc(OCc4ccc(F)cc4)cc3c2C(=O)O,4.76
19,CHEMBL2047090,Cc1ccc(cc1)c2oc3ccc(OCc4cccc(c4)c5ccccc5)cc3c2C(=O)O,4.79
21,CHEMBL2047092,OC(=O)c1c(oc2ccc(OCc3cccc(I)c3)cc12)c4ccc5ccccc5c4,4.91
25,CHEMBL2047096,OC(=O)c1c(oc2ccc(OCc3cccc(c3)C(F)(F)F)cc12)c4ccc5ccccc5c4,4.98
29,CHEMBL2047100,OC(=O)c1c(oc2ccc(OCc3cccc(c3)c4ccccc4)cc12)c5ccc6ccccc6c5,4.57
