,molecule_chembl_id,canonical_smiles,pchembl_value
0,amiloride,NC(=N)NC(=O)C1=C(N)N=C(N)C(Cl)=N1,5.36
1,nafamostat,NC(=N)NC1=CC=C(C=C1)C(=O)OC1=CC=C2C=C(C=CC2=C1)C(N)=N,5.6
2,CHEMBL1770753,CCCc1cc(N)c2cc(ccc2n1)C(=O)NCCc3ccc(Cl)cc3,5.02
3,CHEMBL1770730,Cc1cccc(Nc2nccc3ccoc23)n1,5.05
4,CHEMBL1770746,FC(F)(F)c1cccc(c1)c2ccc3CNCCc3c2,5.15
5,CHEMBL1770738,Nc1ccnc(c1)c2ccccc2,5.16
6,CHEMBL1800332,NC(=N)c1ccc2cc(ccc2c1)C#Cc3ccccc3,5.2
7,CHEMBL1770741,Nc1cc(Cc2ccccn2)nc(c1)c3ccccc3,5.24
8,CHEMBL1800333,NCc1ccc2cc(ccc2c1)C#Cc3ccccc3,5.32
9,CHEMBL1800439,CC(N(C)C)c1cccc(c1)C#Cc2ccc3c(Cl)c(CN)sc3c2,5.37
10,CHEMBL1770752,Cc1cccc(Nc2ccc(cc2)c3ccc(nc3)N4CCNCC4)n1,5.42
11,CHEMBL1800334,NC(=N)c1sc2cc(ccc2c1Cl)C#Cc3ccccc3,5.47
12,CHEMBL1770744,Clc1cc(Cl)cc(c1)c2ccc3CNCCc3c2,5.48
13,CHEMBL1770750,CN1CCN(CC1)c2ccc(cc2C(F)(F)F)c3ccc4CNCCc4c3,5.51
14,CHEMBL1800427,NCc1sc2cc(ccc2c1Cl)C#Cc3ccccc3,5.55
15,CHEMBL1770739,Nc1ccnc(c1)c2cccc(c2)C#CCCO,5.59
16,CHEMBL1800438,NCc1sc2cc(ccc2c1Cl)C#Cc3cccc4C(CCCc34)N5CCCC5,5.6
17,CHEMBL1770745,CC1CCCCN1c2cccc(n2)c3ccc4CNCCc4c3,5.77
18,CHEMBL1770740,Nc1ccnc(c1)c2cccc(c2)C#Cc3ccccc3,5.92
19,CHEMBL1800431,CN1CCc2ccc(cc2C1)C#Cc3ccc4c(Cl)c(CN)sc4c3,6.17
20,CHEMBL467724,NC(=NC(=O)c1ncc(nc1N)c2cccc(c2)c3ccsc3)N,6.19
21,CHEMBL1800437,CCN(CC)N1CCCc2c(cccc12)C#Cc3ccc4c(Cl)c(CN)sc4c3,6.29
22,CHEMBL466668,NC(=NC(=O)c1nc(Cl)c(Nc2ccc3ccccc3c2)nc1N)N,6.29
23,CHEMBL513153,NC(=NC(=O)c1ncc(nc1N)c2cccc(c2)c3ccccc3)N,6.31
24,CHEMBL1800331,CC(C)C1N(C)CCc2ccc(cc12)C#Cc3ccc4cc(ccc4c3)C(=N)N,6.34
25,CHEMBL1800433,CC(C)N1CCc2ccc(cc2C1)C#Cc3ccc4c(Cl)c(CN)sc4c3,6.51
26,CHEMBL1800428,CC1N(C)CCc2ccc(cc12)C#Cc3ccc4c(Cl)c(CN)sc4c3,6.57
27,CHEMBL1800432,CCN1CCc2ccc(cc2C1)C#Cc3ccc4c(Cl)c(CN)sc4c3,6.64
28,CHEMBL1800436,CN(C)C1CCCc2c(cccc12)C#Cc3ccc4c(Cl)c(CN)sc4c3,6.64
29,CHEMBL1800430,NCc1sc2cc(ccc2c1Cl)C#Cc3ccc4CCNCc4c3,6.66
30,CHEMBL1800440,CN(C)C1CCc2c(cccc12)C#Cc3ccc4c(Cl)c(CN)sc4c3,6.72
