,molecule_chembl_id,canonical_smiles,pchembl_value
0,cilnidipine,COCCOC(=O)C1=C(C)NC(C)=C(C1C1=CC(=CC=C1)[N+]([O-])=O)C(=O)OC\C=C\C1=CC=CC=C1,
1,dexniguldipine,COC(=O)C1=C(C)NC(C)=C([C@@H]1C1=CC(=CC=C1)[N+]([O-])=O)C(=O)OCCCN1CCC(CC1)(C1=CC=CC=C1)C1=CC=CC=C1,
2,manidipine,COC(=O)C1=C(C)NC(C)=C(C1C1=CC(=CC=C1)[N+]([O-])=O)C(=O)OCCN1CCN(CC1)C(C1=CC=CC=C1)C1=CC=CC=C1,
3,nilvadipine,COC(=O)C1=C(NC(C)=C(C1C1=CC(=CC=C1)[N+]([O-])=O)C(=O)OC(C)C)C#N,
4,levamlodipine,CCOC(=O)C1=C(COCCN)NC(C)=C([C@@H]1C1=C(Cl)C=CC=C1)C(=O)OC,
5,bepridil,CC(C)COCC(CN(CC1=CC=CC=C1)C1=CC=CC=C1)N1CCCC1,
6,verapamil,COC1=C(OC)C=C(CCN(C)CCCC(C#N)(C(C)C)C2=CC(OC)=C(OC)C=C2)C=C1,6.0
7,isradipine,COC(=O)C1=C(C)NC(C)=C(C1C1=CC=CC2=NON=C12)C(=O)OC(C)C,
8,felodipine,CCOC(=O)C1=C(C)NC(C)=C(C1C1=C(Cl)C(Cl)=CC=C1)C(=O)OC,
9,diltiazem,COC1=CC=C(C=C1)[C@@H]1SC2=CC=CC=C2N(CCN(C)C)C(=O)[C@@H]1OC(C)=O,7.3188
10,clevidipine,CCCC(=O)OCOC(=O)C1=C(C)NC(C)=C(C1C1=C(Cl)C(Cl)=CC=C1)C(=O)OC,
11,amlodipine,[H]C1(C2=C(Cl)C=CC=C2)C(C(=O)OC)=C(C)NC(COCCN)=C1C(=O)OCC,
12,nisoldipine,COC(=O)C1=C(C)NC(C)=C(C1C1=C(C=CC=C1)[N+]([O-])=O)C(=O)OCC(C)C,7.29999971
13,nitrendipine,CCOC(=O)C1=C(C)NC(C)=C(C1C1=CC(=CC=C1)[N+]([O-])=O)C(=O)OC,7.69999981
14,nimodipine,COCCOC(=O)C1=C(C)NC(C)=C(C1C1=CC(=CC=C1)[N+]([O-])=O)C(=O)OC(C)C,6.80000019
15,nifedipine,COC(=O)C1=C(C)NC(C)=C(C1C1=C(C=CC=C1)[N+]([O-])=O)C(=O)OC,9.4
16,efonidipine,CC1=C(C(C2=CC(=CC=C2)[N+]([O-])=O)C(=C(C)N1)P1(=O)OCC(C)(C)CO1)C(=O)OCCN(CC1=CC=CC=C1)C1=CC=CC=C1,
17,aranidipine,COC(=O)C1=C(C)NC(C)=C(C1C1=C(C=CC=C1)[N+]([O-])=O)C(=O)OCC(C)=O,
18,(S)-nicardipine,COC(=O)C1=C(C)NC(C)=C([C@H]1C1=CC(=CC=C1)[N+]([O-])=O)C(=O)OCCN(C)CC1=CC=CC=C1,
19,barnidipine,COC(=O)C1=C(C)NC(C)=C([C@H]1C1=CC(=CC=C1)[N+]([O-])=O)C(=O)O[C@H]1CCN(CC2=CC=CC=C2)C1,
20,azelnidipine,CC(C)OC(=O)C1=C(C)NC(N)=C(C1C1=CC(=CC=C1)[N+]([O-])=O)C(=O)OC1CN(C1)C(C1=CC=CC=C1)C1=CC=CC=C1,
21,nicardipine,COC(=O)C1=C(C)NC(C)=C(C1C1=CC(=CC=C1)[N+]([O-])=O)C(=O)OCCN(C)CC1=CC=CC=C1,
22,lacidipine,CCOC(=O)C1=C(C)NC(C)=C(C1C1=C(\C=C\C(=O)OC(C)(C)C)C=CC=C1)C(=O)OCC,
23,(S)-nitrendipine,CCOC(=O)C1=C(C)NC(C)=C([C@@H]1C1=CC(=CC=C1)[N+]([O-])=O)C(=O)OC,
24,benidipine,COC(=O)C1=C(C)NC(C)=C(C1C1=CC(=CC=C1)[N+]([O-])=O)C(=O)O[C@@H]1CCCN(CC2=CC=CC=C2)C1,
25,lercanidipine,COC(=O)C1=C(C)NC(C)=C(C1C1=CC=CC(=C1)[N+]([O-])=O)C(=O)OC(C)(C)CN(C)CCC(C1=CC=CC=C1)C1=CC=CC=C1,
26,CHEMBL2418806,CC1CCCN(C1C)C(=O)c2csc(Nc3ccc(C)cc3)n2,5.0
27,CHEMBL2418811,C[C@H]1CCCN([C@H]1C)C(=O)c2nc(Nc3ccc(Cl)cc3F)sc2C,5.0
28,CHEMBL1684585,Nc1nc(CC(=O)Nc2ccc(C[C@@H]3CC[C@@H](N3)[C@H](O)c4ccccc4)cc2)cs1,5.09
29,CHEMBL551921,O=C(NC1CC1c2ccccc2)N3CCC(CC3)c4onc(n4)c5ccc6ccccc6n5,5.17
30,CHEMBL2110301,CCO\C(=C/1\[C@@H]2[C@@H](C(=O)OCC)[C@@](C)(Sc3c2cccc3[N+](=O)[O-])N=C1C)\O,5.22
31,CHEMBL3115195,COC(=O)C(CCC(=O)N1CCN(CC1)c2ccccc2OC)(C(C)C)c3ccc(Br)cc3,5.23
32,CHEMBL3115194,COC(=O)C(CCC(=O)N(C)CCCc1nc2ccccc2[nH]1)(C(C)C)c3ccc(Br)cc3,5.27
33,CHEMBL1777878,CC#C[C@H]([C@H]1OC(=O)NC1=O)c2ccc(Oc3ccc(cc3OC(F)F)C(F)(F)F)cc2,5.29
34,CHEMBL2110167,CCO\C(=C/1\[C@@H]2[C@H](C(=O)OCC)[C@@](C)(Sc3cc(ccc23)[N+](=O)[O-])N=C1C)\O,5.3
35,CHEMBL2110170,CCO\C(=C/1\[C@@H]2[C@H](C(=O)OCC)[C@@](C)(Sc3ccccc23)N=C1C)\O,5.3
36,CHEMBL247828,CC(C)N1C(=O)[C@@H](CCc2ccccc12)NC(=O)[C@@H](Cc3ccccc3OC(F)(F)F)NC(=O)OC(C)(C)C,5.46
37,CHEMBL3392278,CCOC(=O)C1=C(C)NC(=NC1c2cccc(c2)[N+](=O)[O-])N(C)C,5.47
38,CHEMBL2180891,CCCN(C1CCN(Cc2c(OC)cccc2OC)CC1)S(=O)(=O)c3cccc(c3)C(F)(F)F,5.5
39,CHEMBL2110298,CCO\C(=C/1\[C@@H]2[C@@H](C(=O)OCC)[C@@](C)(Sc3cc(ccc23)[N+](=O)[O-])N=C1C)\O,5.52
40,CHEMBL552061,O=C(NC1CC1c2ccccc2)N3CCC(CC3)c4onc(n4)c5nccc6ccccc56,5.52
41,CHEMBL23451,COC(=O)C1=C(C)N=C(NC1c2cc(ccc2SC)[N+](=O)[O-])SC,5.57
42,CHEMBL3609820,CO[C@]1(CCN(C)CCCc2nc3ccccc3[nH]2)C[C@@H]4CC[C@H]1c5ccccc45,5.57
43,CHEMBL561788,FC(F)(F)c1ccccc1c2noc(n2)C3CCN(CC3)C(=O)NC4CC4c5ccccc5,5.7
44,CHEMBL247829,CC(C)N1C(=O)[C@H](CCc2ccccc12)NC(=O)[C@@H](Cc3ccccc3OC(F)(F)F)NC(=O)OC(C)(C)C,5.76
45,CHEMBL111201,O[C@@H](CNCCc1ccc(NS(=O)(=O)c2ccc(cc2)c3nc(cs3)c4ccc(cc4)C(F)(F)F)cc1)c5cccnc5,5.77
46,CHEMBL279029,COC(=O)C1=C(C)N=C(NC1c2ccccc2SC)SC,5.82
47,CHEMBL25763,CSC1=NC2\C(=C(\O)/OCCCCCSc3ccc(cc23)[N+](=O)[O-])\C(=N1)C,6.06
48,CHEMBL3608944,COCC(=O)O[C@]1(CCN(C)CCCc2nc3ccccc3[nH]2)C[C@@H]4CC[C@H]1c5ccccc45,6.13
49,CHEMBL3608945,CC(C)C(=O)O[C@]1(CCN(C)CCCc2nc3ccccc3[nH]2)C[C@@H]4CC[C@H]1c5ccccc45,6.16
50,CHEMBL3608947,CC(C)C(=O)O[C@]1(CCN(C)CCCc2nc3ccccc3[nH]2)C[C@@H]4CCC[C@H]1c5ccccc45,6.19
51,CHEMBL2110169,CCO\C(=C/1\[C@@H]2[C@H](C(=O)OCC)[C@@](C)(Sc3ccc(cc23)[N+](=O)[O-])N=C1C)\O,6.19
52,CHEMBL3609825,CO[C@@H]1C[C@@](CCN(C)CCCc2nc3ccccc3[nH]2)(OC(=O)C(C)C)[C@@H](C(C)C)c4ccc(F)cc14,6.23
53,CHEMBL343771,COc1ccc(CCNC2CCCC(C2)C(C#N)(C(C)C)c3ccc(OC)c(OC)c3)cc1OC,6.27
54,CHEMBL3608942,CC(C)[C@H]1c2ccc(F)cc2[C@H](O)C[C@@]1(CCN(C)CCCc3nc4ccccc4[nH]3)OC(=O)C(C)C,6.3
55,CHEMBL2110303,CCO\C(=C/1\[C@@H]2[C@@H](C(=O)OCC)[C@@](C)(Sc3ccccc23)N=C1C)\O,6.3
56,CHEMBL138302,COc1ccc(CCN(C)C2CCCC(C2)C(C#N)(C(C)C)c3ccc(OC)c(OC)c3)cc1OC,6.3
57,CHEMBL345843,COC(=O)C1=C(C)N(CCN(C)C)c2ccccc2SC1c3cccc(c3)[N+](=O)[O-],6.31
58,CHEMBL282279,COC(=O)C1=C(C)N=C(NC1c2cccc(c2)[N+](=O)[O-])SC,6.32
59,CHEMBL3609818,CC(C)C(=O)O[C@@]1(CCN(C)CCCc2nc3ccccc3[nH]2)C[C@H]4CCC[C@@H]1c5ccccc45,6.34
60,CHEMBL3609823,COCC(=O)O[C@]1(CCN(C)CCCc2nc3ccccc3[nH]2)CC(C)(C)c4cc(F)ccc4[C@@H]1C(C)C,6.36
61,CHEMBL3609817,CC(C)C(=O)O[C@@]1(CCN(C)CCCc2nc3ccccc3[nH]2)C[C@H]4CC[C@@H]1c5ccccc45,6.37
62,CHEMBL3608943,CC(C)[C@H]1c2ccc(F)cc2[C@@H](O)C[C@@]1(CCN(C)CCCc3nc4ccccc4[nH]3)OC(=O)C(C)C,6.37
63,CHEMBL75770,CCO\C(=C/1\C(C(=C(C)N=C1C)C(=O)OCC)c2c(onc2c3ccccc3)C(C)C)\O,6.38
64,CHEMBL3608940,CO[C@H]1C[C@@](CCN(C)CCCc2nc3ccccc3[nH]2)(OC(=O)C(C)C)[C@@H](C(C)C)c4ccc(F)cc14,6.4
65,CHEMBL3609819,COc1cccc2nc(CCCN(C)CC[C@@]3(C[C@H]4CCC[C@@H]3c5ccccc45)OC(=O)C(C)C)[nH]c12,6.41
66,CHEMBL158853,CO\C(=C/1\C(Sc2ccccc2N=C1C)c3cccc(c3)[N+](=O)[O-])\O,6.44
67,CHEMBL3609822,CC(C)[C@H]1c2ccc(F)cc2CC[C@@]1(CCN(C)CCCc3nc4ccccc4[nH]3)OC(=O)C(C)C,6.46
68,CHEMBL3392229,CCOC(=O)C1=C(C)NC(=C(C#N)[C@@H]1c2cnccc2c3cccc4ccccc34)C,6.57
69,CHEMBL3392227,CCOC(=O)C1=C(C)NC(=C(C#N)[C@@H]1c2cnccc2c3ccccc3)C,6.6
70,CHEMBL2110168,CCO\C(=C/1\[C@@H]2[C@H](C(=O)OCC)[C@@](C)(Sc3c2cccc3[N+](=O)[O-])N=C1C)\O,6.6
71,CHEMBL3608316,CC(C)[C@H]1c2ccc(F)cc2[C@H](C[C@@]1(CCN(C)CCCc3nc4ccccc4[nH]3)OC(=O)C(C)C)OCc5ccccc5,6.65
72,CHEMBL45816,COCC(=O)O[C@]1(CCN(C)CCCc2nc3ccccc3[nH]2)CCc4cc(F)ccc4[C@@H]1C(C)C,6.7
73,CHEMBL3609824,CCCC[C@@H]1C[C@@](CCN(C)CCCc2nc3ccccc3[nH]2)(OC(=O)COC)[C@@H](C(C)C)c4ccc(F)cc14,6.76
74,CHEMBL3608941,CC(C)[C@H]1c2ccc(F)cc2[C@@H](C[C@@]1(CCN(C)CCCc3nc4ccccc4[nH]3)OC(=O)C(C)C)OCc5ccccc5,6.81
75,CHEMBL3608946,CN(CCCc1nc2ccccc2[nH]1)CC[C@]3(C[C@@H]4CC[C@H]3c5ccccc45)OC(=O)C6CC6,6.85
76,CHEMBL73647,CO\C(=C/1\C(C(=C(C)N=C1C)C(=O)OC)c2c(C)onc2C)\O,6.91
77,CHEMBL88149,CCOC(=O)C1=C(C)N=C(NC1c2cccc(c2)[N+](=O)[O-])OC,6.98
78,CHEMBL3392230,CCOC(=O)C1=C(C)NC(=C(C#N)[C@@H]1c2cnccc2c3ccc4ccccc4c3)C,7.0
79,CHEMBL105893,CCO\C(=C/1\C(C(=C(C)N=C1C)C(=O)OCC)c2c(C)noc2CCc3ccccc3c4ccccc4)\O,7.04
80,CHEMBL72717,CCCCCc1onc(c2ccccc2)c1C3C(=C(C)N=C(C)/C/3=C(/O)\OCC)C(=O)OCC,7.1
81,CHEMBL161165,CCO\C(=C/1\C(C(=C(C)N=C1C)C(=O)OCC)c2cc(ccc2SC)[N+](=O)[O-])\O,7.1
82,CHEMBL107213,CCO\C(=C/1\C(C(=C(C)N=C1C)C(=O)OCC)c2c(CCc3ccccc3)onc2c4ccccc4)\O,7.14
83,CHEMBL72620,CCO\C(=C/1\C(C(=C(C)N=C1C)C(=O)OCC)c2c(C)noc2CC)\O,7.28
84,CHEMBL539426,CCO\C(=C/1\C(C(=C(C)N=C1C)C(=O)OCC)c2c(CCc3cccc(OC)c3)onc2c4ccccc4)\O,7.4
85,CHEMBL3392285,CCOC(=O)C1=C(C)NC(=NC1c2ccccc2C(F)(F)F)SC,7.46
86,CHEMBL2110302,CCO\C(=C/1\[C@@H]2[C@@H](C(=O)OCC)[C@@](C)(Sc3ccc(cc23)[N+](=O)[O-])N=C1C)\O,7.52
87,CHEMBL280926,COC(=O)C1=C(C)N=C(NC1c2cccc(c2SC)[N+](=O)[O-])SC,7.52
88,CHEMBL2114104,[2H]C1(C(=C(C)NC(=C1C(=O)OCC)C)C(=O)OCC)c2c(C)onc2C,7.55
89,CHEMBL74944,CCO\C(=C/1\C(C(=C(C)N=C1C)C(=O)OCC)c2c(C)onc2C)\O,7.57
90,CHEMBL39925,CCOC(=O)C1=C(C)NC(=NC1c2cccc(c2)[N+](=O)[O-])SC,7.64
91,CHEMBL323782,CCO\C(=C/1\C(C(=C(C)N=C1C)C(=O)OCC)c2c(C)noc2CCc3ccccc3)\O,7.64
92,CHEMBL317651,CCO\C(=C/1\C(C(=C(C)N=C1C)C(=O)OCC)c2c(C)noc2CCc3ccc4ccccc4c3)\O,7.7
93,CHEMBL104082,CCO\C(=C/1\C(C(=C(C)N=C1C)C(=O)OCC)c2c(C)noc2CCc3ccc(cc3)c4ccccc4)\O,7.74
94,CHEMBL283013,CO\C(=C/1\[C@@H](C(=C(C)N=C1C)[N+](=O)[O-])c2ccccc2C(F)(F)F)\O,7.75
95,CHEMBL282706,CSC1=NC2\C(=C(\O)/OCCCCCSc3ccccc23)\C(=N1)C,7.75
96,CHEMBL305903,CCO\C(=C/1\C(C(=C(C)N=C1C)C(=O)OCC)c2c(C)onc2c3ccccc3)\O,7.86
97,CHEMBL2398396,CSC1=NC(C(=C(C)N1)C(=O)OC(C)C)c2cccc(c2)[N+](=O)[O-],7.92
98,CHEMBL325811,CCO\C(=C/1\C(C(=C(C)N=C1C)C(=O)OCC)c2c(CCc3cccc(Br)c3)onc2c4ccccc4)\O,8.16
99,CHEMBL23692,CSC1=NC2\C(=C(\O)/OCCCCCSc3c2cccc3[N+](=O)[O-])\C(=N1)C,8.3
100,CHEMBL104455,CCO\C(=C/1\C(C(=C(C)N=C1C)C(=O)OCC)c2c(C)noc2CCc3cccc4ccccc34)\O,8.39
101,CHEMBL3392281,CCC(C)OC(=O)C1=C(C)NC(=NC1c2cccc(c2)[N+](=O)[O-])SC,8.59
102,CHEMBL159854,CCO\C(=C/1\C(C(=C(C)N=C1C)C(=O)OCC)c2cccc(c2SC)[N+](=O)[O-])\O,9.0
