,molecule_chembl_id,canonical_smiles,pchembl_value
0,gabapentin enacarbil,[H]C(C)(OC(=O)NCC1(CC(O)=O)CCCCC1)OC(=O)C(C)C,
1,pregabalin,CC(C)C[C@H](CN)CC(O)=O,7.0969
2,gabapentin,NCC1(CC(O)=O)CCCCC1,7.26
3,CHEMBL79342,CC(C)(Cc1ccccc1)NCc2cccc(COc3nn4c(nnc4c5ccccc35)C(F)(F)F)n2,5.0
4,CHEMBL299681,CC(CCCN1CCCC1)Nc2c3ccccc3nc4ccccc24,5.0
5,CHEMBL315405,CN(CCc1ccccc1)Cc2cccc(COc3nn4c(nnc4c5ccccc35)C(F)(F)F)n2,5.0
6,CHEMBL83372,C[C@@H](NCCc1ccccc1)c2cccc(COc3nn4c(nnc4c5ccccc35)C(F)(F)F)n2,5.0
7,CHEMBL59089,CCN(CC)CCCCC(C)Nc1c2ccccc2nc3ccccc13,5.22
8,CHEMBL293816,CC(CCCN1[C@H](C)CCC[C@@H]1C)Nc2c3ccccc3nc4ccccc24,5.23
9,CHEMBL56754,CC(C)NCCCC(C)Nc1c2ccccc2nc3ccccc13,5.29
10,CHEMBL439916,CCCOc1ccc(cc1)n2c(C)c3c(C)nnc(C)c3c2C,5.29
11,CHEMBL23400,CCOc1ccc(cc1)n2c(C)c3c(C)nnc(c4ccccc4Cl)c3c2C,5.36
12,CHEMBL309390,COc1ccccc1CCNCc2cccc(COc3nn4c(nnc4c5ccccc35)C(F)(F)F)n2,5.5
13,CHEMBL383342,CCOc1ccc(cc1)n2c(C)c3c(C)nnc(N4CCN(C)CC4)c3c2C,5.53
14,CHEMBL25675,CCOc1ccc(cc1)n2c(C)c3c(C)nnc(OC)c3c2C,5.66
15,CHEMBL287053,CCOc1ccccc1n2c(C)c3c(C)nnc(C)c3c2C,5.73
16,CHEMBL24611,CCOc1ccc(cc1)n2c(C)c3c(C)nnc(c4ccc(OC(F)(F)F)cc4)c3c2C,5.76
17,CHEMBL202001,CCOc1ccc(cc1)n2c(C)c3c(C)nnc(N4CCOCC4)c3c2C,5.77
18,CHEMBL24612,CCOc1ccc(cc1)n2c(C)c3c(C)nnc(c4cccc(Cl)c4)c3c2C,5.8
19,CHEMBL311519,CC(Cc1ccccc1)NCc2cccc(COc3nn4c(nnc4c5ccccc35)C(F)(F)F)n2,5.86
20,CHEMBL24711,CCOc1ccc(cc1)n2c(C)c3c(C)nnc(c4ccc(cc4)c5ccccc5)c3c2C,5.9
21,CHEMBL56880,CCN(CC)CCCC(Nc1c2ccccc2nc3ccccc13)c4ccccc4,5.96
22,CHEMBL59208,CCN(CC)CCCC(C)Nc1cc(nc2ccccc12)c3ccccc3,6.02
23,CHEMBL315485,COc1ccc(CCNCc2cccc(COc3nn4c(nnc4c5ccccc35)C(F)(F)F)n2)cc1,6.08
24,CHEMBL300325,CCN(CC)CCC[C@@H](C)Nc1c2CCCCc2nc3CCCCc13,6.12
25,CHEMBL283223,CCOc1ccc(cc1)n2c(C)c3c(C)nnc(c4ccccc4OC)c3c2C,6.13
26,CHEMBL202544,CCOc1ccc(cc1)n2c(C)c3c(C)nnc(N4CC(C)CC(C)C4)c3c2C,6.15
27,CHEMBL202255,CCOc1ccc(cc1)n2c(C)c3c(C)nnc(NCc4ccc(OC)cc4)c3c2C,6.15
28,CHEMBL26121,CCOc1ccc(cc1)n2c(C)c3c(C)nnc(c4ccc(Cl)cc4)c3c2C,6.15
29,CHEMBL79964,C[C@@H](Cc1ccccc1)NCc2cccc(COc3nn4c(nnc4c5ccccc35)C(F)(F)F)n2,6.16
30,CHEMBL420593,Fc1ccc(CCNCc2cccc(COc3nn4c(nnc4c5ccccc35)C(F)(F)F)n2)cc1,6.2
31,CHEMBL278347,CCOc1ccc(cc1)n2c(C)c3c(C)nnc(c4ccc(OC)cc4OC)c3c2C,6.22
32,CHEMBL23426,CCOc1ccc(cc1)n2c(C)c3c(C)nnc(CC(C)CC(C)(C)C)c3c2C,6.24
33,CHEMBL281221,CCOc1ccc(cc1)n2c(C)c3c(C)nnc(c4ccc(F)cc4)c3c2C,6.28
34,CHEMBL83029,Cc1ccccc1CCNCc2cccc(COc3nn4c(nnc4c5ccccc35)C(F)(F)F)n2,6.35
35,CHEMBL24225,CCOc1ccc(cc1)n2c(C)c3c(C)nnc(Nc4ccc(OC)cc4)c3c2C,6.36
36,CHEMBL292915,CCN(CC)CCCC(C)Nc1c2CCCCc2nc3ccccc13,6.38
37,CHEMBL283052,CCOc1ccc(cc1)n2c(C)c3c(C)nnc(c4ccccc4)c3c2C,6.42
38,CHEMBL202210,CCOc1ccc(cc1)n2c(C)c3c(C)nnc(N4CCC(C)CC4)c3c2C,6.43
39,CHEMBL24324,CCCCCc1nnc(C)c2c(C)n(c(C)c12)c3ccc(OCC)cc3,6.44
40,CHEMBL202403,CCOc1ccc(cc1)n2c(C)c3c(C)nnc(Nc4ccc5[nH]nnc5c4)c3c2C,6.46
41,CHEMBL81851,CC(C)c1nnc2c3ccccc3c(OCc4cccc(CNCCc5ccccc5)n4)nn12,6.47
42,CHEMBL25986,CCOc1ccc(cc1)n2c(C)c3c(C)nnc(c4cccc(OC)c4)c3c2C,6.48
43,CHEMBL372100,CCOc1ccc(cc1)n2c(C)c3c(C)nnc(NC(C)CC(C)C)c3c2C,6.53
44,CHEMBL79618,Fc1ccccc1CCNCc2cccc(COc3nn4c(nnc4c5ccccc35)C(F)(F)F)n2,6.54
45,CHEMBL82891,C(Cc1ccccc1)NCc2cccc(COc3nn4c(nnc4c5ccccc35)C6CC6)n2,6.57
46,CHEMBL59368,CCN(CC)CCCC(C)(C)Nc1c2ccccc2nc3ccccc13,6.57
47,CHEMBL26293,CCOc1ccc(cc1)n2c(C)c3c(C)nnc(CCC(C)C)c3c2C,6.58
48,CHEMBL79559,Cc1ccc(CCNCc2cccc(COc3nn4c(nnc4c5ccccc35)C(F)(F)F)n2)cc1,6.59
49,CHEMBL286992,CCOc1ccc(cc1)n2c(C)c3c(C)nnc(CC)c3c2C,6.6
50,CHEMBL201958,CCOc1ccc(cc1)n2c(C)c3c(C)nnc(NCc4cccc(OC)c4)c3c2C,6.62
51,CHEMBL24700,CCOc1ccc(cc1)n2c(C)c3c(C)nnc(Nc4ccc(C)cc4)c3c2C,6.62
52,CHEMBL418920,CCc1nnc2c3ccccc3c(OCc4cccc(CNCCc5ccccc5)n4)nn12,6.62
53,CHEMBL25287,CCOc1ccc(cc1)n2c(C)c3c(C)nnc(C4CCCCC4)c3c2C,6.63
54,CHEMBL79423,C(Cc1ccccc1)NCc2cccc(COc3nn4cnnc4c5ccccc35)n2,6.64
55,CHEMBL310316,FC(F)(F)c1nnc2c3ccccc3c(OCc4cccc(CNC5C[C@H]5c6ccccc6)n4)nn12,6.64
56,CHEMBL59367,CCN(CC)CCCC(C)Nc1c2ccccc2nc3ccccc13,6.66
57,CHEMBL382959,CCOc1ccc(cc1)n2c(C)c3c(C)nnc(N4CCCCC4)c3c2C,6.66
58,CHEMBL81141,Cc1onc(c1)c2nnc3c4ccccc4c(OCc5cccc(CNCCc6ccccc6)n5)nn23,6.66
59,CHEMBL1801211,CCOc1ccc(cc1)n2nc3c(nnc(C)c3c2C)N4CCNCC4,6.67
60,CHEMBL24785,CCOc1ccc(cc1)n2c(C)c3c(C)nnc(CC4CCCC4)c3c2C,6.68
61,CHEMBL379452,CCOc1ccc(cc1)n2c(C)c3c(C)nnc(Nc4ccc5OCOc5c4)c3c2C,6.68
62,CHEMBL79606,CC(CNCc1cccc(COc2nn3c(nnc3c4ccccc24)C(F)(F)F)n1)c5ccccc5,6.7
63,CHEMBL382058,CCOc1ccc(cc1)n2c(C)c3c(C)nnc(Nc4ccc5CCCc5c4)c3c2C,6.7
64,CHEMBL1801190,COC1CN(C1)c2nnc(C)c3c(C)n(nc23)c4ccc(Cl)cc4Cl,6.7
65,CHEMBL310209,C(Cc1ccccc1)NCc2cccc(COc3nn4c(nnc4c5ccccc35)c6ccccc6)n2,6.71
66,CHEMBL79400,CSc1nnc2c3ccccc3c(OCc4cccc(CNCCc5ccccc5)n4)nn12,6.71
67,CHEMBL283359,CCOc1ccc(cc1)n2c(C)c3c(C)nnc(C4CCCC4)c3c2C,6.73
68,CHEMBL81495,CCC(NCCc1ccccc1)c2cccc(COc3nn4c(nnc4c5ccccc35)C(F)(F)F)n2,6.74
69,CHEMBL26114,CCOc1ccc(cc1)n2c(C)c3c(C)nnc(C)c3c2C,6.75
70,CHEMBL201100,CCOc1ccc(cc1)n2c(C)c3c(C)nnc(N(C)CCc4ccccn4)c3c2C,6.75
71,CHEMBL372098,CCOc1ccc(cc1)n2c(C)c3c(C)nnc(N4CCCC4)c3c2C,6.75
72,CHEMBL309198,CC(C)C(NCCc1ccccc1)c2cccc(COc3nn4c(nnc4c5ccccc35)C(F)(F)F)n2,6.76
73,CHEMBL25612,CCOc1ccc(cc1)n2c(C)c3c(C)nnc(C4CC4)c3c2C,6.77
74,CHEMBL26225,CCOc1ccc(cc1)n2c(C)c3c(C)nnc(CC(C)C)c3c2C,6.77
75,CHEMBL24747,CCOc1ccc(cc1)n2c(C)c3c(C)nnc(N(C)C)c3c2C,6.77
76,CHEMBL1801212,CCOc1ccc(cc1)n2nc3c(nnc(C)c3c2C)N4CCN(C)CC4,6.77
77,CHEMBL202184,CCOc1ccc(cc1)n2c(C)c3c(C)nnc(NC4CCCc5ccccc45)c3c2C,6.79
78,CHEMBL79762,Fc1cccc(CCNCc2cccc(COc3nn4c(nnc4c5ccccc35)C(F)(F)F)n2)c1,6.79
79,CHEMBL58047,CCN(CC)CCCC(C)Nc1c2CCCCc2nc3CCCCc13,6.8
80,CHEMBL24399,CCOc1ccc(cc1)n2c(C)c3c(C)nnc(c4ccc(OC)cc4)c3c2C,6.81
81,CHEMBL26344,CCOc1ccc(cc1)c2nnc(C)c3c(C)n(c(C)c23)c4ccc(OCC)cc4,6.82
82,CHEMBL383739,CCOc1ccc(cc1)n2c(C)c3c(C)nnc(N4CCC(C4)(c5ccccc5)c6ccccc6)c3c2C,6.82
83,CHEMBL24440,CCOc1ccc(cc1)n2c(C)c3c(C)nnc(CCC4CCCC4)c3c2C,6.83
84,CHEMBL79968,C(Cc1ccccc1)NCc2cccc(COc3nn4c(nnc4c5ccccc35)C6CCCCC6)n2,6.84
85,CHEMBL370873,CCOc1ccc(cc1)n2c(C)c3c(C)nnc(N4CCC(C4)NC(=O)C)c3c2C,6.84
86,CHEMBL81225,Cc1nnc2c3ccccc3c(OCc4cccc(CNCCc5ccccc5)n4)nn12,6.84
87,CHEMBL201801,CCOc1ccc(cc1)n2c(C)c3c(C)nnc(N4CCC5=C(C4)NC6C=CC=CC56)c3c2C,6.87
88,CHEMBL81850,COCc1nnc2c3ccccc3c(OCc4cccc(CNCCc5ccccc5)n4)nn12,6.88
89,CHEMBL1801189,COC1CN(C1)c2nnc(C)c3c(C)n(nc23)c4ccc(OCC(F)(F)F)cc4,6.9
90,CHEMBL202283,CCOc1ccc(cc1)n2c(C)c3c(C)nnc(NCc4cccnc4)c3c2C,6.92
91,CHEMBL311873,COc1cccc(CCNCc2cccc(COc3nn4c(nnc4c5ccccc35)C(F)(F)F)n2)c1,6.94
92,CHEMBL56397,CCN(CC)CCC[C@H](C)Nc1c2ccccc2nc3ccccc13,6.96
93,CHEMBL22649,CCOc1ccc(cc1)n2c(C)c3c(C)nnc(c4ccc(CC)cc4)c3c2C,6.97
94,CHEMBL202170,CCOc1ccc(cc1)n2c(C)c3c(C)nnc(NCc4ccc(F)cc4)c3c2C,7.03
95,CHEMBL26288,CCOc1ccc(cc1)n2c(C)c3c(C)nnc(c4ccc(C)cc4)c3c2C,7.07
96,CHEMBL383133,CCOc1ccc(cc1)n2c(C)c3c(C)nnc(N4C[C@@H]5CCc6ccccc6[C@@H]5C4)c3c2C,7.08
97,CHEMBL202489,CCOc1ccc(cc1)n2c(C)c3c(C)nnc(NCC(C)CC)c3c2C,7.08
98,CHEMBL380574,CCOc1ccc(cc1)n2c(C)c3c(C)nnc(NCc4cccc(C)n4)c3c2C,7.08
99,CHEMBL383430,CCOc1ccc(cc1)n2c(C)c3c(C)nnc(NCc4ccncc4)c3c2C,7.08
100,CHEMBL1801181,Cc1nnc(N2CCCC2)c3nn(c(C)c13)c4ccc(OC(F)(F)F)cc4,7.1
101,CHEMBL202224,CCOc1ccc(cc1)n2c(C)c3c(C)nnc(NCc4ccccc4OC)c3c2C,7.12
102,CHEMBL26552,CCOc1ccc(cc1)n2c(C)c3c(C)nnc(Nc4ccccc4)c3c2C,7.13
103,CHEMBL84067,FC(F)(F)c1nnc2c3ccccc3c(OCc4cccc(CNCCc5ccccc5)n4)nn12,7.14
104,CHEMBL201992,CCOc1ccc(cc1)n2c(C)c3c(C)nnc(NCc4cccc5[nH]ccc45)c3c2C,7.16
105,CHEMBL201848,CCOc1ccc(cc1)n2c(C)c3c(C)nnc(NCc4cnn(C)c4)c3c2C,7.16
106,CHEMBL202058,CCOc1ccc(cc1)n2c(C)c3c(C)nnc(NC(C)C)c3c2C,7.17
107,CHEMBL381840,CCOc1ccc(cc1)n2c(C)c3c(C)nnc(NCc4n[nH]cc4C5CC5)c3c2C,7.17
108,CHEMBL202603,CCOc1ccc(cc1)n2c(C)c3c(C)nnc(NCc4ccc(Cl)cc4)c3c2C,7.19
109,CHEMBL382053,CCOn1c(C)c2c(C)nnc(NNCc3cnn(CC)c3)c2c1C,7.19
110,CHEMBL383428,CCOc1ccc(cc1)n2c(C)c3c(C)nnc(NCc4cccc5cccnc45)c3c2C,7.2
111,CHEMBL201818,CCCCNc1nnc(C)c2c(C)n(c(C)c12)c3ccc(OCC)cc3,7.22
112,CHEMBL1801213,CCOc1ccc(cc1)n2nc3c(nnc(C)c3c2C)N4CCCNCC4,7.24
113,CHEMBL382960,CCOc1ccc(cc1)n2c(C)c3c(C)nnc(NC4CCc5ccccc45)c3c2C,7.27
114,CHEMBL299461,CCN(CC)CCCC(Nc1c2ccccc2nc3ccccc13)C4CC4,7.28
115,CHEMBL425397,CCOc1ccc(cc1)n2c(C)c3c(C)nnc(NCC4CCCO4)c3c2C,7.3
116,CHEMBL56743,CCN(CC)CCC[C@H](C)Nc1c2CCCCc2nc3CCCCc13,7.37
117,CHEMBL1801209,CCOc1ccc(cc1)n2nc3c(nnc(C)c3c2C)N4CCCCC4,7.38
118,CHEMBL287371,CCOc1ccc(cc1)n2c(C)c3c(C)nnc(NC)c3c2C,7.4
119,CHEMBL57487,CCC(CCCN(CC)CC)Nc1c2ccccc2nc3ccccc13,7.42
120,CHEMBL201824,CCOc1ccc(cc1)n2c(C)c3c(C)nnc(NCc4cccc(Cl)c4)c3c2C,7.43
121,CHEMBL79184,CC(NCCc1ccccc1)c2cccc(COc3nn4c(nnc4c5ccccc35)C(F)(F)F)n2,7.44
122,CHEMBL202354,CCOc1ccc(cc1)n2c(C)c3c(C)nnc(Nc4ccc5[nH]ncc5c4)c3c2C,7.44
123,CHEMBL1801183,CC(C)Oc1ccc(cc1)n2nc3c(nnc(C)c3c2C)N4CCCC4,7.5
124,CHEMBL202570,CCOc1ccc(cc1)n2c(C)c3c(C)nnc(NCc4ccc5CCCNc5n4)c3c2C,7.5
125,CHEMBL1801176,CCOc1ccc(cc1)n2nc3c(nnc(C)c3c2C)N4CCC(O)CC4,7.5
126,CHEMBL1801188,Cc1nnc(N2CC[C@@H](F)C2)c3nn(c(C)c13)c4ccc(OCC(F)(F)F)cc4,7.5
127,CHEMBL202297,CCOc1ccc(cc1)n2c(C)c3c(C)nnc(Nc4ccc5[nH]ccc5c4)c3c2C,7.52
128,CHEMBL446627,C[C@H](NCCc1ccccc1)c2cccc(COc3nn4c(nnc4c5ccccc35)C(F)(F)F)n2,7.52
129,CHEMBL1169381,[3H]c1cccc(CCN[C@@H](C)c2cccc(COc3nn4c(nnc4c5ccccc35)C(F)(F)F)n2)c1,7.52
130,CHEMBL430820,CC(NCCc1cccc(C)c1)c2cccc(COc3nn4c(nnc4c5ccccc35)C(F)(F)F)n2,7.54
131,CHEMBL310121,C[C@H](NCCc1cccc(Br)c1)c2cccc(COc3nn4c(nnc4c5ccccc35)C(F)(F)F)n2,7.55
132,CHEMBL1801187,CCOc1ccc(cc1)n2nc3c(nnc(C)c3c2C)N4CCC(F)(F)C4,7.6
133,CHEMBL1801184,Cc1nnc(N2CCCC2)c3nn(c(C)c13)c4ccc(Cl)cc4Cl,7.6
134,CHEMBL1801208,CCOc1ccc(cc1)n2nc3c(NC)nnc(C)c3c2C,7.66
135,CHEMBL1801210,CCOc1ccc(cc1)n2nc3c(nnc(C)c3c2C)N4CCCCCC4,7.66
136,CHEMBL1801182,Cc1nnc(N2CCCC2)c3nn(c(C)c13)c4ccc(OCC(F)(F)F)cc4,7.7
137,CHEMBL57657,CCCC(CCCN(CC)CC)Nc1c2ccccc2nc3ccccc13,7.75
138,CHEMBL202120,CCOc1ccc(cc1)n2c(C)c3c(C)nnc(NCc4cccc(F)c4)c3c2C,7.75
139,CHEMBL84228,Cc1cccc(CCNCc2cccc(COc3nn4c(nnc4c5ccccc35)C(F)(F)F)n2)c1,7.82
140,CHEMBL418138,CCC[C@@H](CCCN(CC)CC)Nc1c2ccccc2nc3ccccc13,8.05
141,CHEMBL1801192,CCOc1ccc(c(F)c1)n2nc3c(nnc(C)c3c2C)N4CC(C4)OC,8.1
142,CHEMBL1801191,COC1CN(C1)c2nnc(C)c3c(C)n(nc23)c4ccc(Cl)cc4OC(F)(F)F,8.1
143,CHEMBL1801205,CCOc1ccc(cc1)n2nc3c(nnc(C)c3c2C)N(C)C,8.16
144,CHEMBL1801179,CCOc1ccc(cc1)n2nc3c(nnc(C)c3c2C)N4CC[C@H](C4)OC,8.22
145,CHEMBL1801180,CCOc1ccc(cc1)n2nc3c(nnc(C)c3c2C)N4CC(C4)OC,8.3
146,CHEMBL1801178,CCOc1ccc(cc1)n2nc3c(nnc(C)c3c2C)N4CC[C@@H](O)C4,8.3
147,CHEMBL1801186,CCOc1ccc(cc1)n2nc3c(nnc(C)c3c2C)N4CC[C@@H](F)C4,8.52
148,CHEMBL1801185,Cc1nnc(N2CCCC2)c3nn(c(C)c13)c4ccc(Cl)cc4OC(F)(F)F,8.52
149,CHEMBL1801206,CCOc1ccc(cc1)n2nc3c(nnc(C)c3c2C)N4CCCC4,8.7
150,CHEMBL1801177,CCOc1ccc(cc1)n2nc3c(nnc(C)c3c2C)N4CC[C@H](N)C4,8.7
151,CHEMBL1801207,CCOc1ccc(cc1)n2nc3c(nnc(C)c3c2C)N4CCC4,9.0
38,CHEMBL292822,CCN(CC)CCC[C@@H](C)Nc1c2ccccc2nc3ccccc13,4.96
47,CHEMBL940,NCC1(CC(=O)O)CCCCC1,7.57
53,CHEMBL61092,CCN(CC)CCCCNc1c2ccccc2nc3ccccc13,4.89
