,molecule_chembl_id,canonical_smiles,pchembl_value
0,trimethadione,CN1C(=O)OC(C)(C)C1=O,
1,ethosuximide,CCC1(C)CC(=O)NC1=O,
2,paramethadione,CCC1(C)OC(=O)N(C)C1=O,
3,phensuximide,CN1C(=O)CC(C1=O)C1=CC=CC=C1,
4,methsuximide,CN1C(=O)CC(C)(C1=O)C1=CC=CC=C1,
5,flunarizine,Fc1ccc(cc1)C(N2CCN(C\C=C\c3ccccc3)CC2)c4ccc(F)cc4,6.28
6,CHEMBL1171598,CCCc1oc(CNCCN2CCN(CC2)c3ccc(OC)cc3)c(n1)c4ccccc4,5.04
7,CHEMBL590614,COC(=O)CC1N(CCCCCN)C(=Nc2ccccc12)Nc3ccccc3,5.04
8,CHEMBL224778,Fc1ccc(CN2C(=O)Nc3cc(ccc3C2=O)C(=O)NCCN4CCCCC4)cc1,5.04
9,CHEMBL536308,Cl.Fc1ccc(CN2C(=O)c3ccc(cc3C2=O)C(=O)NCCN4CCCCC4)cc1,5.05
10,CHEMBL1170572,CCCc1oc(CNCCCN2CCN(CC2)c3ccccc3C)c(n1)c4ccccc4,5.06
11,CHEMBL1645161,COC(=O)c1coc(CN2CCN(CC2)C(=O)CC(c3ccc(F)cc3)c4ccc(Cl)cc4)n1,5.06
12,CHEMBL536307,Cl.Fc1cccc(CN2C(=O)c3ccc(cc3C2=O)C(=O)NCCN4CCCCC4)c1,5.07
13,CHEMBL538833,Cl.Cc1ccccc1CN2C(=O)c3ccc(cc3C2=O)C(=O)NCCN4CCCCC4,5.08
14,CHEMBL223962,CCC1CCCCN1CCNC(=O)c2ccc3C(=O)N(Cc4ccc(F)cc4)C(=O)Nc3c2,5.1
15,CHEMBL224304,O=C(NCCN1CCCC1)c2ccc3C(=O)N(C4CCCCC4)C(=O)Nc3c2,5.1
16,CHEMBL1170816,CCCc1oc(CNCCN2CCN(CC2)C(c3ccccc3)c4ccccc4)c(n1)c5ccccc5,5.13
17,CHEMBL3613802,NC(=O)c1cccc(NCc2oc(cc2)c3ccc(Oc4ccc(cc4)C#N)cc3)c1,5.13
18,CHEMBL1170781,CCCc1oc(CNCCCN2CCN(CC2)c3ccc(cc3)C(F)(F)F)c(n1)c4ccccc4,5.14
19,CHEMBL1836263,Cl.COc1cc(OC)cc(c1)C(=O)NCC2(CCN(Cc3ccc(cc3)C(F)(F)F)CC2)C(=O)O,5.14
20,CHEMBL1171764,CCCc1oc(CNCCN2CCN(CC2)c3ccc(F)cc3)c(n1)c4ccccc4,5.15
21,CHEMBL3613810,COc1cc(CNCc2ccc(Oc3ccc(cc3)C#N)cc2)cc(OC)c1OC,5.19
22,CHEMBL224116,CCC1CCCCN1CCNC(=O)c2ccc3C(=O)N(Cc4ccc(OC)cc4)C(=O)Nc3c2,5.22
23,CHEMBL225744,Clc1ccc(NC(=O)CCCN2CCN(CC2)c3ccccc3Cl)cc1,5.22
24,CHEMBL245610,COC(=O)CC1N(C(=Nc2ccccc12)N(C)CCCCCN3CCCC3)c4ccccc4,5.23
25,CHEMBL535405,Cl.Cc1ccc(CN2C(=O)c3ccc(cc3C2=O)C(=O)NCCN4CCCCC4)cc1,5.24
26,CHEMBL536309,Cl.Clc1ccccc1CN2C(=O)c3ccc(cc3C2=O)C(=O)NCCN4CCCCC4,5.24
27,CHEMBL3613811,COc1cc(CNCc2c[nH]c3ccc(Cl)cc23)cc(OC)c1OC,5.28
28,CHEMBL539092,Cl.COc1ccc(CN2C(=O)c3ccc(cc3C2=O)C(=O)NCCN4CCCCC4)cc1,5.28
29,CHEMBL224907,CC1CCCCN1CCCNC(=O)c2ccc3C(=O)N(Cc4ccc(F)cc4)C(=O)Nc3c2,5.33
30,CHEMBL376574,CN(CCCNC(=O)c1ccc2C(=O)N(Cc3ccc(Cl)cc3)C(=S)Nc2c1)Cc4ccccc4,5.33
31,CHEMBL384090,CCN1C(CC(=O)NCc2ccccc2)c3ccccc3N=C1N4CCCCC4,5.34
32,CHEMBL604453,NCCCCCN1C(CC(=O)NCc2ccccc2)c3ccccc3N=C1Nc4ccccc4,5.34
33,CHEMBL226189,Clc1ccc(NC(=O)CCCN2CCN(CC2)c3ccccc3)cc1,5.35
34,CHEMBL1170207,CCCc1oc(CNCCN2CCN(CC2)c3ccccc3Cl)c(n1)c4ccccc4,5.36
35,CHEMBL1172362,CCCc1oc(CNCCN2CCN(CC2)c3ccccc3C)c(n1)c4ccccc4,5.37
36,CHEMBL2334273,O[C@H](COc1ccc(cc1)C(F)(F)F)CN2CCN(Cc3ccc(Cl)cc3)CC2,5.37
37,CHEMBL393304,CN(CCCCCN1CCCC1)C2=Nc3ccccc3C(CC(=O)NCc4ccccc4)N2c5ccccc5,5.38
38,CHEMBL1836167,COC(=O)C1(CNC(=O)c2cc(OC)cc(OC)c2)CCN(Cc3ccc(cc3)C(F)(F)F)CC1,5.38
39,CHEMBL389636,Clc1ccc(NC(=O)CCCN2CCN(CC2)c3ccccc3)c(Cl)c1,5.38
40,CHEMBL214951,CCN1C(CC(=O)NCc2ccc(NS(=O)(=O)c3ccc(F)cc3)cc2)c4ccccc4N=C1N(C)C,5.39
41,CHEMBL538584,Cl.Clc1cccc(CN2C(=O)c3ccc(cc3C2=O)C(=O)NCCN4CCCCC4)c1,5.39
42,CHEMBL1097702,CCc1cccc(CC)c1NCC(=O)N2CCCN(Cc3nc4ccccc4[nH]3)CC2,5.4
43,CHEMBL226406,COc1cccc(c1)N2CCN(CCCC(=O)Nc3ccc(Cl)cc3Cl)CC2,5.42
44,CHEMBL224227,CC1CCCCN1CCCNC(=O)c2ccc3C(=O)N(Cc4ccc(Cl)cc4)C(=O)Nc3c2,5.43
45,CHEMBL1215246,NCCCC(=O)N1CCN(CC1)C(c2ccccc2)c3ccc(Cl)cc3,5.43
46,CHEMBL226239,Fc1ccccc1N2CCN(CCCC(=O)Nc3ccc(Cl)cc3)CC2,5.44
47,CHEMBL534966,Cl.CC1CCCCN1CCCNC(=O)c2ccc3C(=O)N(Cc4ccc(C)cc4)C(=O)c3c2,5.45
48,CHEMBL224863,Clc1ccc(NC(=O)CCCN2CCN(Cc3ccccc3)CC2)cc1,5.45
49,CHEMBL387853,Fc1ccc(cc1)N2CCN(CCCC(=O)Nc3ccc(Cl)cc3)CC2,5.46
50,CHEMBL225485,CCC1CCCCN1CCNC(=O)c2ccc3C(=O)N(Cc4ccc(Cl)cc4)C(=O)Nc3c2,5.47
51,CHEMBL226092,Clc1ccc(CN2CCN(CCCCC(=O)N3CCN(CC3)c4ccccc4)CC2)cc1,5.47
52,CHEMBL223910,CCC1CCCCN1CCCNC(=O)c2ccc3C(=O)N(Cc4ccc(F)cc4)C(=O)Nc3c2,5.48
53,CHEMBL1172513,CCCc1oc(CNCCN2CCN(CC2)c3cccc(F)c3)c(n1)c4ccccc4,5.48
54,CHEMBL226355,COc1ccccc1N2CCN(CCCC(=O)Nc3ccc(Cl)cc3Cl)CC2,5.48
55,CHEMBL1170602,CCCc1oc(CNCCCN2CCN(CC2)c3ccc(F)cc3)c(n1)c4ccccc4,5.49
56,CHEMBL3115345,COC(=O)C(CCCN1CCC(=CC1)c2ccccc2OC)(C(C)C)c3ccc(Br)cc3,5.49
57,CHEMBL3115193,COc1ccccc1N2CCN(CCCC(C(C)C)(C(=O)O)c3ccc(Br)cc3)CC2,5.49
58,CHEMBL225859,Fc1cccc(Cl)c1CN2CCN(CCCC(=O)Nc3ccc(Cl)cc3)CC2,5.49
59,CHEMBL225987,Clc1ccc(NC(=O)CCCN2CCN(Cc3ccccc3)CC2)c(Cl)c1,5.5
60,CHEMBL1098851,FC(F)(F)c1ccccc1NCC(=O)N2CCCN(Cc3nc4ccccc4[nH]3)CC2,5.5
61,CHEMBL224286,COc1ccc(CN2C(=O)Nc3cc(ccc3C2=O)C(=O)NCCCN4CCCCC4)cc1,5.51
62,CHEMBL591335,NCCCCCNC1=Nc2ccccc2C(CC(=O)NCc3ccccc3)N1c4ccccc4,5.51
63,CHEMBL1171410,CCCc1oc(CNCCCN2CCN(CC2)c3ccc(C)c(C)c3)c(n1)c4ccccc4,5.52
64,CHEMBL1170601,CCCc1oc(CNCCCN2CCN(CC2)c3cccc(F)c3)c(n1)c4ccccc4,5.52
65,CHEMBL1819497,Fc1ccc(cc1)C2(CNC(=O)C3CCCCN3Cc4ccccc4)CCCCC2,5.52
66,CHEMBL389861,Clc1ccc(CN2CCN(CCCCC(=O)N3CCN(CC3)c4ccccc4)CC2)cc1Cl,5.54
67,CHEMBL225328,CCC1CCCCN1CCCNC(=O)c2ccc3C(=O)N(Cc4ccccc4Cl)C(=O)Nc3c2,5.55
68,CHEMBL1170569,CCCc1oc(CNCCCN2CCN(CC2)c3ccccc3Cl)c(n1)c4ccccc4,5.55
69,CHEMBL1170393,CCCc1oc(CNCCN2CCN(CC2)c3ccc(Cl)cc3)c(n1)c4ccccc4,5.55
70,CHEMBL224807,COc1cccc(c1)N2CCN(CCCC(=O)Nc3ccc(Cl)cc3)CC2,5.56
71,CHEMBL376611,Clc1ccc(NC(=O)CCCN2CCN(Cc3ccc4OCOc4c3)CC2)cc1,5.56
72,CHEMBL3115346,COC(=O)C(CCCN1CCC(CC1)c2ccccc2OC)(C(C)C)c3ccc(Br)cc3,5.58
73,CHEMBL446375,COc1ccccc1N2CCN(CCCC(=O)Nc3ccc(Cl)cc3)CC2,5.58
74,CHEMBL390955,Clc1ccc(NC(=O)CCCN2CCN(CC2)c3ccc(Cl)cc3)cc1,5.58
75,CHEMBL2334263,O[C@H](COc1ccc(F)cc1)CN2CCN(Cc3cccc(Cl)c3)CC2,5.59
76,CHEMBL228257,CCN1CCN(CCCNC(=O)c2ccc3C(=O)N(Cc4ccc(Cl)cc4)C(=S)Nc3c2)CC1,5.6
77,CHEMBL3613804,COc1cc(CNCc2oc(cc2)c3cccc(c3)C(F)(F)F)cc(OC)c1OC,5.6
78,CHEMBL1645184,COc1ccc(cc1)C(CC(=O)N2CCN(Cc3oc4cc(C)ccc4n3)CC2)c5ccccc5,5.61
79,CHEMBL388401,Clc1ccc(CN2C(=O)Nc3cc(ccc3C2=O)C(=O)NCCN4CCCC4)cc1,5.61
80,CHEMBL226091,Fc1ccccc1N2CCN(CC2)C(=O)CCCCN3CCN(Cc4cccc(Cl)c4)CC3,5.61
81,CHEMBL3613808,COc1ccc(cc1Cl)c2oc(CNCc3cc(OC)c(OC)c(OC)c3)cc2,5.62
82,CHEMBL1098197,Cc1ccc(NC(=O)CN2CCCN(Cc3nc4ccccc4[nH]3)CC2)cc1C,5.62
83,CHEMBL226042,Fc1cccc(Cl)c1CN2CCN(CCCC(=O)Nc3ccc(Cl)cc3Cl)CC2,5.62
84,CHEMBL325950,[O-][N+](=O)c1ccc(CNC(=O)CC2N(C(=Nc3ccccc23)N4CCCCC4)c5ccccc5)cc1,5.63
85,CHEMBL1215392,CN(C)c1ccc(CNCCCC(=O)N2CCN(CC2)C(c3ccccc3)c4ccc(Cl)cc4)cc1,5.64
86,CHEMBL589636,COC(=O)CC1N(CCCCCNC(=O)OC(C)(C)C)C(=Nc2ccccc12)Nc3ccccc3,5.64
87,CHEMBL1172703,CCCc1oc(CNCCN2CCN(CC2)c3ccc(C)c(C)c3)c(n1)c4ccccc4,5.65
88,CHEMBL1170358,CCCc1oc(CNCCN2CCN(CC2)c3ccc(C)cc3C)c(n1)c4ccccc4,5.65
89,CHEMBL591802,CCN1C(CC(=O)NCc2ccc(cc2)[N+](=O)[O-])c3ccccc3N=C1N(C)C,5.66
90,CHEMBL1819503,Fc1ccc(cc1)C2(CNC(=O)C3CCN(Cc4ccccc4)CC3)CCOCC2,5.66
91,CHEMBL1171599,CCCc1oc(CNCCN2CCN(CC2)c3ccccc3C(F)(F)F)c(n1)c4ccccc4,5.68
92,CHEMBL1098858,CCc1cccc(CC)c1NC(=O)CN2CCCN(Cc3nc4ccccc4[nH]3)CC2,5.68
93,CHEMBL537891,Cl.CC1CCCCN1CCCNC(=O)c2ccc3C(=O)N(Cc4ccccc4C)C(=O)c3c2,5.68
94,CHEMBL225601,Clc1ccc(CN2C(=O)Nc3cc(ccc3C2=O)C(=O)NCCN4CCCCC4)cc1,5.68
95,CHEMBL227453,Clc1ccc(CN2C(=S)Nc3cc(ccc3C2=O)C(=O)NCCCN4CCCCC4)cc1,5.68
96,CHEMBL2334599,O[C@@H](COc1ccc(F)cc1)CN2CCN(Cc3cccc(Cl)c3)CC2,5.68
97,CHEMBL436133,COc1ccccc1c2cc(CNCCN3CCN(CC3)c4cccc(c4)C(F)(F)F)on2,5.69
98,CHEMBL558988,Cl.CC1CCCCN1CCCNC(=O)c2ccc3C(=O)N(Cc4ccc(F)cc4)C(=O)c3c2,5.69
99,CHEMBL592038,COC(=O)CC1N(C(=Nc2ccccc12)NCCCCCNC(=O)OC(C)(C)C)c3ccccc3,5.7
100,CHEMBL425478,COc1ccccc1c2cc(CNCCN3CCN(CC3)c4ccc(C)cc4C)on2,5.7
101,CHEMBL1819505,Fc1ccc(cc1)C2(CCC(=O)C3CCN(Cc4ccccc4)CC3)CCCCC2,5.7
102,CHEMBL1171770,CCCc1oc(CNCCN2CCN(CC2)c3cccc(c3)C(F)(F)F)c(n1)c4ccccc4,5.71
103,CHEMBL558015,Cl.Cc1cccc(CN2C(=O)c3ccc(cc3C2=O)C(=O)NCCN4CCCCC4)c1,5.71
104,CHEMBL224246,Clc1ccc(CN2C(=O)Nc3cc(ccc3C2=O)C(=O)NCCCN4CCCCC4)cc1,5.71
105,CHEMBL3613806,COc1cc(CNCc2oc(cc2)c3ccc(Cl)cc3)cc(OC)c1OC,5.72
106,CHEMBL226085,Clc1cccc(c1)N2CCN(CCCCC(=O)Nc3ccccc3Cl)CC2,5.72
107,CHEMBL3233073,CN(C)CCN1CCN(CC1)C2=Nc3ccccc3C(CC(=O)OCc4ccccc4)N2c5ccc(cc5)c6ccccc6,5.74
108,CHEMBL592037,COC(=O)CC1N(C(=Nc2ccccc12)NCCCCCN)c3ccccc3,5.74
109,CHEMBL535187,Cl.CC1CCCCN1CCCNC(=O)c2ccc3C(=O)N(Cc4cccc(C)c4)C(=O)c3c2,5.74
110,CHEMBL540376,Cl.CC1CCCCN1CCCNC(=O)c2ccc3C(=O)N(Cc4cccc(Cl)c4)C(=O)c3c2,5.74
111,CHEMBL389860,Fc1ccccc1N2CCN(CC2)C(=O)CCCCN3CCN(Cc4ccc(Cl)cc4)CC3,5.74
112,CHEMBL1171223,CCCc1oc(CNCCCN2CCN(CC2)c3cccc(C)c3C)c(n1)c4ccccc4,5.75
113,CHEMBL2334606,COc1ccccc1N2CCN(C[C@@H](O)COc3ccc(cc3)C(F)(F)F)CC2,5.75
114,CHEMBL225803,Clc1ccc(NC(=O)CCCN2CCN(Cc3cccc(Cl)c3)CC2)cc1,5.75
115,CHEMBL1170570,CCCc1oc(CNCCCN2CCN(CC2)c3cccc(Cl)c3)c(n1)c4ccccc4,5.76
116,CHEMBL1645167,COC(=O)c1coc(CN2CCN(CC2)C(=O)CC(c3ccc(F)cc3)c4ccc(cc4)C(F)(F)F)n1,5.76
117,CHEMBL1170357,CCCc1oc(CNCCN2CCN(CC2)c3cccc(C)c3C)c(n1)c4ccccc4,5.77
118,CHEMBL226041,Clc1ccc(NC(=O)CCCN2CCN(Cc3ccc4OCOc4c3)CC2)c(Cl)c1,5.78
119,CHEMBL1215315,Clc1ccc(cc1)C(N2CCN(CC2)C(=O)CCCNCc3ccccc3)c4ccccc4,5.78
120,CHEMBL558369,Cl.Clc1ccc(CN2C(=O)c3ccc(cc3C2=O)C(=O)NCCCN4CCCC4)cc1,5.79
121,CHEMBL1215249,CCC(CC)CNCCCC(=O)N1CCN(CC1)C(c2ccccc2)c3ccc(Cl)cc3,5.81
122,CHEMBL2334264,O[C@H](COc1ccc(F)cc1)CN2CCN(Cc3ccc(Cl)cc3)CC2,5.81
123,CHEMBL376596,CCC1CCCCN1CCCNC(=O)c2ccc3C(=O)N(Cc4ccc(Cl)cc4)C(=O)Nc3c2,5.82
124,CHEMBL227532,Cc1ccc(N2CCN(CCNCc3onc(c3)c4ccccc4C(F)(F)F)CC2)c(C)c1,5.82
125,CHEMBL537670,Cl.CC1CCCCN1CCCNC(=O)c2ccc3C(=O)N(Cc4ccccc4Cl)C(=O)c3c2,5.82
126,CHEMBL388287,Clc1ccc(NC(=O)CCCN2CCN(Cc3cccc(Cl)c3)CC2)c(Cl)c1,5.83
127,CHEMBL1096152,Clc1ccccc1NC(=O)CN2CCCN(Cc3nc4ccccc4[nH]3)CC2,5.83
128,CHEMBL1170208,CCCc1oc(CNCCN2CCN(CC2)c3cccc(Cl)c3)c(n1)c4ccccc4,5.84
129,CHEMBL45816,COCC(=O)O[C@]1(CCN(C)CCCc2nc3ccccc3[nH]2)CCc4cc(F)ccc4[C@@H]1C(C)C,5.85
130,CHEMBL427281,Clc1ccc(CN2C(=S)Nc3cc(ccc3C2=O)C(=O)NCCCN4CCCCCC4)cc1,5.85
131,CHEMBL2334620,O[C@H](COc1ccc(Cl)cc1)CN2CCN(Cc3c(F)cccc3Cl)CC2,5.85
132,CHEMBL3115192,CC(C)C(CCCN(C)CCCc1nc2ccccc2[nH]1)(C(=O)O)c3ccc(Br)cc3,5.87
133,CHEMBL1170571,CCCc1oc(CNCCCN2CCN(CC2)c3ccc(Cl)cc3)c(n1)c4ccccc4,5.88
134,CHEMBL1170810,CCCc1oc(CNCCN2CCN(CC2)c3ccc(cc3)C(F)(F)F)c(n1)c4ccccc4,5.89
135,CHEMBL1645172,Cc1ccc2nc(CN3CCN(CC3)C(=O)CC(c4ccccc4)c5ccc(F)cc5)oc2c1,5.89
136,CHEMBL2334610,O[C@@H](COc1ccc(cc1)C(F)(F)F)CN2CCN(Cc3ccc(Cl)c(Cl)c3)CC2,5.9
137,CHEMBL1097701,FC(F)(F)c1ccc(NC(=O)CN2CCCN(Cc3nc4ccccc4[nH]3)CC2)cc1,5.91
138,CHEMBL592036,CC(C)(C)OC(=O)NCCCCCN1C(CC(=O)NCc2ccccc2)c3ccccc3N=C1Nc4ccccc4,5.92
139,CHEMBL1171952,CCCc1oc(CNCCCN2CCN(CC2)c3cccc(C)c3)c(n1)c4ccccc4,5.92
140,CHEMBL1819498,Fc1ccc(cc1)C2(CNC(=O)C3CCCN(Cc4ccccc4)C3)CCCCC2,5.92
141,CHEMBL1819504,Fc1ccc(cc1)C2(CNCC3CCN(Cc4ccccc4)CC3)CCCCC2,5.92
142,CHEMBL388299,Clc1ccc(CN2C(=S)Nc3cc(ccc3C2=O)C(=O)NCCCN4CCCC4)cc1,5.94
143,CHEMBL114695,O=C(CC1N(C(=Nc2ccccc12)N3CCCCC3)c4ccccc4)NCc5ccccc5,5.94
144,CHEMBL214498,CCN1C(CC(=O)NCc2ccc(NS(=O)(=O)c3ccc(C)cc3)cc2)c4ccccc4N=C1N(C)C,5.95
145,CHEMBL226876,CC1CCN(CCCNC(=O)c2ccc3C(=O)N(Cc4ccc(Cl)cc4)C(=S)Nc3c2)CC1,5.96
146,CHEMBL2334618,O[C@H](COc1ccc(Cl)cc1)CN2CCN(Cc3ccc(Cl)cc3)CC2,5.97
147,CHEMBL480968,CCN1C(CC(=O)NCc2ccc(NS(=O)(=O)c3ccc(F)cc3)cc2)c4ccccc4N=C1N5CCCCC5,5.98
148,CHEMBL3233078,Cl.CN(C)CCN1CCN(CC1)C2=Nc3ccccc3C(CC(=O)NCc4ccccc4)N2c5ccc(cc5)C6CCCCC6,5.98
149,CHEMBL1215393,Clc1ccc(cc1)C(N2CCN(CC2)C(=O)CCCNCc3c(Cl)cccc3Cl)c4ccccc4,5.99
150,CHEMBL227905,FC(F)(F)c1cccc(c1)N2CCN(CCNCc3onc(c3)c4ccccc4C(F)(F)F)CC2,5.99
151,CHEMBL376836,Clc1ccc(CN2CCN(CCCCC(=O)Nc3ccccc3Cl)CC2)cc1Cl,6.0
152,CHEMBL226354,Clc1ccc(NC(=O)CCCN2CCN(CC2)c3cccc(Cl)c3)c(Cl)c1,6.0
153,CHEMBL600857,O=C(CC1N(C(=Nc2ccccc12)N3CCCCC3)c4ccccc4)NS(=O)(=O)c5cccs5,6.0
154,CHEMBL217660,CCN1C(CC(=O)NCc2ccc(NS(=O)(=O)c3ccc(C)cc3)cc2)c4ccccc4N=C1N5CCCCC5,6.02
155,CHEMBL537442,Cl.Clc1ccc(CN2C(=O)c3ccc(cc3C2=O)C(=O)NCCN4CCCCC4)cc1,6.02
156,CHEMBL558593,Cl.CC1CCCCN1CCCNC(=O)c2ccc3C(=O)N(Cc4ccc(Cl)cc4)C(=O)c3c2,6.03
157,CHEMBL590128,CCN1C(CC(=O)NCc2ccc(cc2)[N+](=O)[O-])c3ccccc3N=C1N4CCCCC4,6.06
158,CHEMBL1645164,COC(=O)c1coc(CN2CCN(CC2)C(=O)CC(c3ccc(F)cc3)c4ccc(Br)cc4)n1,6.07
159,CHEMBL1819507,Fc1ccc(cc1)C2(CC(=O)NC3CCN(Cc4ccccc4)CC3)CCCCC2,6.07
160,CHEMBL1819526,CCC(CC)(CNC(=O)C1CCN(CCc2ccc(OC)cc2)CC1)c3ccc(F)cc3,6.11
161,CHEMBL2334275,O[C@H](COc1ccc(cc1)C(F)(F)F)CN2CCN(Cc3c(F)cccc3Cl)CC2,6.12
162,CHEMBL1819506,CN(CC1(CCCCC1)c2ccc(F)cc2)C(=O)C3CCN(Cc4ccccc4)CC3,6.13
163,CHEMBL225989,Clc1ccc(NC(=O)CCCN2CCN(Cc3ccc(Cl)c(Cl)c3)CC2)c(Cl)c1,6.13
164,CHEMBL3233075,Cl.COc1ccc(CNC(=O)CC2N(C(=Nc3ccccc23)N(C)CCCCCCN(C)C)c4ccc5ccccc5c4)cc1,6.14
165,CHEMBL182968,COC(=O)CC1N(C(=Nc2ccccc12)NCCCCCNC(=O)OC(C)(C)C)c3ccc(cc3)c4ccccc4,6.17
166,CHEMBL3115195,COC(=O)C(CCC(=O)N1CCN(CC1)c2ccccc2OC)(C(C)C)c3ccc(Br)cc3,6.18
167,CHEMBL1170780,CCCc1oc(CNCCCN2CCN(CC2)c3cccc(c3)C(F)(F)F)c(n1)c4ccccc4,6.19
168,CHEMBL460646,CN(C)C1=Nc2ccccc2C(CC(=O)NCc3ccc(NS(=O)(=O)c4ccc(C)cc4)cc3)N1c5ccccc5,6.2
169,CHEMBL3233076,Cl.CN(C)C(=O)NCCCN(C)C1=Nc2ccccc2C(CC(=O)NCc3ccc(F)cc3)N1c4ccc(cc4)c5ccccc5,6.22
170,CHEMBL1215316,[O-][N+](=O)c1ccc(CNCCCC(=O)N2CCN(CC2)C(c3ccccc3)c4ccc(Cl)cc4)cc1,6.22
171,CHEMBL481134,CC(C)(C)OC(=O)NCCCCCNC1=Nc2ccccc2C(CC(=O)NCc3ccccc3)N1c4ccccc4,6.24
172,CHEMBL360359,COC(=O)CC1N(C(=Nc2ccccc12)NCCCCCN)c3ccc(cc3)c4ccccc4,6.25
173,CHEMBL3093777,CN(C)CCCCCCN(C)C1=Nc2ccccc2C(CC(=O)NCc3ccccc3)N1c4ccc(cc4)c5ccccc5,6.26
174,CHEMBL3233080,Cl.CN(C)CCN1CCN(CC1)C2=Nc3ccccc3C(CC(=O)NCc4ccc(cc4)N(S(=O)(=O)C)S(=O)(=O)C)N2c5ccc(cc5)c6ccccc6,6.28
175,CHEMBL1819499,Fc1ccc(cc1)C2(CNC(=O)C3CCN(Cc4ccccc4)CC3)CCCCC2,6.29
176,CHEMBL2334271,COc1cccc(c1)N2CCN(C[C@H](O)COc3ccc(cc3)C(F)(F)F)CC2,6.32
177,CHEMBL3093779,CN(C)CCN1CCN(CC1)C2=Nc3ccccc3C(CC(=O)NCc4ccc(C)cc4)N2c5ccc(cc5)c6ccccc6,6.34
178,CHEMBL593659,CN(C)C1=Nc2ccccc2C(CC(=O)NCc3ccc(NS(=O)(=O)c4ccc(F)cc4)cc3)N1c5ccccc5,6.37
179,CHEMBL1215247,CCNCCCC(=O)N1CCN(CC1)C(c2ccccc2)c3ccc(Cl)cc3,6.38
180,CHEMBL3093774,COc1ccc(CNC(=O)CC2N(C(=Nc3ccccc23)N(C)CCCCCN(C)C)c4ccc(cc4)c5ccccc5)cc1,6.41
181,CHEMBL1819502,Fc1ccc(cc1)C2(CNC(=O)C3CCN(Cc4ccccc4)CC3)CCC2,6.41
182,CHEMBL459245,CN(C)C1=Nc2ccccc2C(CC(=O)NCc3ccc(N)cc3)N1c4ccccc4,6.42
183,CHEMBL1819510,CCCC(CCC)(CNC(=O)C1CCN(Cc2ccccc2)CC1)c3ccc(F)cc3,6.43
184,CHEMBL182518,COC(=O)CC1N(CCCCCNC(=O)OC(C)(C)C)C(=Nc2ccccc12)Nc3ccc(cc3)c4ccccc4,6.43
185,CHEMBL225857,Clc1ccc(CN2CCN(CCCC(=O)Nc3ccc(Cl)cc3)CC2)cc1,6.43
186,CHEMBL1215248,CC(C)CNCCCC(=O)N1CCN(CC1)C(c2ccccc2)c3ccc(Cl)cc3,6.44
187,CHEMBL457084,CN(C)C1=Nc2ccccc2C(CC(=O)NCc3ccc(cc3)[N+](=O)[O-])N1c4ccccc4,6.46
188,CHEMBL239375,COC(=O)CC1N(C(=Nc2ccccc12)N(C)CCCCCN3CCCC3)c4ccc(cc4)c5ccccc5,6.47
189,CHEMBL3093780,CN(C)CCN1CCN(CC1)C2=Nc3ccccc3C(CC(=O)NCc4ccc(F)cc4)N2c5ccc(cc5)c6ccccc6,6.5
190,CHEMBL1819500,COc1ccc(CN2CCC(CC2)C(=O)NCC3(CCCCC3)c4ccc(F)cc4)cc1OC,6.5
191,CHEMBL3093776,CN(C)CCCCN(C)C1=Nc2ccccc2C(CC(=O)NCc3ccccc3)N1c4ccc(cc4)c5ccccc5,6.51
192,CHEMBL3093781,COc1ccc(CNC(=O)CC2N(C(=Nc3ccccc23)N4CCN(CCN(C)C)CC4)c5ccc(cc5)c6ccccc6)cc1,6.51
193,CHEMBL182332,COC(=O)CC1N(CCCCCN)C(=Nc2ccccc12)Nc3ccc(cc3)c4ccccc4,6.52
194,CHEMBL1215391,CC(C)c1ccc(CNCCCC(=O)N2CCN(CC2)C(c3ccccc3)c4ccc(Cl)cc4)cc1,6.55
195,CHEMBL225988,Clc1ccc(CN2CCN(CCCC(=O)Nc3ccc(Cl)cc3Cl)CC2)cc1,6.55
196,CHEMBL1819514,CCC(CC)(CNC(=O)C1CCN(CCOc2ccccc2)CC1)c3ccc(F)cc3,6.59
197,CHEMBL394956,CN(C)CCCCCN(C)C1=Nc2ccccc2C(CC(=O)NCc3ccccc3)N1c4ccc(cc4)c5ccccc5,6.59
198,CHEMBL248088,CN(CCCCCN1CCCC1)C2=Nc3ccccc3C(CC(=O)NCc4ccccc4)N2c5ccc(cc5)c6ccccc6,6.59
199,CHEMBL3144390,Cl.Cl.CN(C)CCCCCN(C)C1=Nc2ccccc2C(CC(=O)NCc3ccccc3)N1c4ccc(cc4)c5ccccc5,6.59
200,CHEMBL1819513,CCC(CC)(CNC(=O)C1CCN(CCCCc2ccccc2)CC1)c3ccc(F)cc3,6.6
201,CHEMBL112601,Cc1ccc(cc1)S(=O)(=O)Nc2ccc(CNC(=O)CC3N(C(=Nc4ccccc34)N5CCCCC5)c6ccccc6)cc2,6.6
202,CHEMBL1819512,CCC(CC)(CNC(=O)C1CCN(CCCc2ccccc2)CC1)c3ccc(F)cc3,6.62
203,CHEMBL400229,COC(=O)CC1N(C(=Nc2ccccc12)N(C)CCCCCN(C)C)c3ccc(cc3)c4ccccc4,6.64
204,CHEMBL2334265,O[C@H](COc1ccc(F)cc1)CN2CCN(Cc3ccc(Cl)c(Cl)c3)CC2,6.64
205,CHEMBL1819501,Fc1ccc(cc1)C2(CNC(=O)C3CCN(Cc4ccccc4)CC3)CCCC2,6.66
206,CHEMBL1819520,CCC(CC)(CNC(=O)C1CCN(Cc2ccc(OC)cc2)CC1)c3ccc(F)cc3,6.7
207,CHEMBL251949,Fc1ccc(cc1)S(=O)(=O)Nc2ccc(CNC(=O)CC3N(C(=Nc4ccccc34)N5CCCCC5)c6ccccc6)cc2,6.7
208,CHEMBL1215314,Clc1ccc(cc1)C(N2CCN(CC2)C(=O)CCCNCC3CCCCC3)c4ccccc4,6.72
209,CHEMBL1819523,CCC(CC)(CNC(=O)C1CCN(CCc2ccc(F)cc2)CC1)c3ccc(F)cc3,6.75
210,CHEMBL362667,CC(C)(C)OC(=O)NCCCCCN1C(CC(=O)NCc2ccccc2)c3ccccc3N=C1Nc4ccc(cc4)c5ccccc5,6.77
211,CHEMBL1819524,CCC(CC)(CNC(=O)C1CCN(CCc2ccccc2OC)CC1)c3ccc(F)cc3,6.77
212,CHEMBL51435,CC(C)(C)OC(=O)NCCCCCNC1=Nc2ccccc2C(CC(=O)NCc3ccccc3)N1c4ccc(cc4)c5ccccc5,6.8
213,CHEMBL1819525,CCC(CC)(CNC(=O)C1CCN(CCc2cccc(OC)c2)CC1)c3ccc(F)cc3,6.85
214,CHEMBL185318,NCCCCCN1C(CC(=O)NCc2ccccc2)c3ccccc3N=C1Nc4ccc(cc4)c5ccccc5,6.85
215,CHEMBL1819508,CC(C)(CNC(=O)C1CCN(Cc2ccccc2)CC1)c3ccc(F)cc3,6.89
216,CHEMBL1819522,CCC(CC)(CNC(=O)C1CCN(CCc2cccc(F)c2)CC1)c3ccc(F)cc3,6.89
217,CHEMBL1819516,CCC(CC)(CNC(=O)C1CCN(Cc2cccc(F)c2)CC1)c3ccc(F)cc3,6.89
218,CHEMBL425534,NCCCCCNC1=Nc2ccccc2C(CC(=O)NCc3ccccc3)N1c4ccc(cc4)c5ccccc5,6.89
219,CHEMBL1819518,CCC(CC)(CNC(=O)C1CCN(Cc2ccccc2OC)CC1)c3ccc(F)cc3,6.92
220,CHEMBL223908,CCC1CCCCN1CCCNC(=O)c2ccc3C(=O)N(Cc4ccc(Cl)cc4)C(=S)Nc3c2,7.0
221,CHEMBL2334601,O[C@@H](COc1ccc(F)cc1)CN2CCN(Cc3ccc(Cl)c(Cl)c3)CC2,7.0
222,CHEMBL513338,COC(=O)C(CCCN1CCN(CC1)c2ccccc2OC)(C(C)C)c3ccc(Br)cc3,7.02
223,CHEMBL1819519,CCC(CC)(CNC(=O)C1CCN(Cc2cccc(OC)c2)CC1)c3ccc(F)cc3,7.03
224,CHEMBL1819511,CCC(CC)(CNC(=O)C1CCN(CCc2ccccc2)CC1)c3ccc(F)cc3,7.05
225,CHEMBL1819521,CCC(CC)(CNC(=O)C1CCN(CCc2ccccc2F)CC1)c3ccc(F)cc3,7.05
226,CHEMBL1684954,C[C@@H](NC(=O)Cc1ccc(cc1)C2CC2)c3ccc(OCC(F)(F)F)cn3,7.05
227,CHEMBL1819509,CCC(CC)(CNC(=O)C1CCN(Cc2ccccc2)CC1)c3ccc(F)cc3,7.07
228,CHEMBL1819517,CCC(CC)(CNC(=O)C1CCN(Cc2ccc(F)cc2)CC1)c3ccc(F)cc3,7.09
229,CHEMBL3115194,COC(=O)C(CCC(=O)N(C)CCCc1nc2ccccc2[nH]1)(C(C)C)c3ccc(Br)cc3,7.25
230,CHEMBL493677,CC(C)(C)CCN1CC[C@H](CNC(=O)c2cc(Cl)cc(Cl)c2)[C@H](F)C1,7.37
231,CHEMBL1423,Fc1ccc(cc1)C(CCCN2CCC(CC2)N3C(=O)Nc4ccccc34)c5ccc(F)cc5,7.4
232,CHEMBL1819515,CCC(CC)(CNC(=O)C1CCN(Cc2ccccc2F)CC1)c3ccc(F)cc3,7.44
233,CHEMBL468397,COC(=O)C(CCCN(C)CCCc1nc2ccccc2[nH]1)(C(C)C)c3ccc(Br)cc3,8.09
66,CHEMBL384456,C[C@H](NC(=O)[C@H]1COC(=O)[C@H](Cc2ccc(Cl)cc2)N1)c3ccccc3,5.88
444,CHEMBL537443,Cl.COc1cccc(CN2C(=O)c3ccc(cc3C2=O)C(=O)NCCN4CCCCC4)c1,4.85
453,CHEMBL536087,Cl.Fc1ccccc1CN2C(=O)c3ccc(cc3C2=O)C(=O)NCCN4CCCCC4,4.83
454,CHEMBL534967,Cl.O=C(NCCN1CCCCC1)c2ccc3C(=O)N(Cc4ccccc4)C(=O)c3c2,4.64
576,CHEMBL601082,CCN1C(CC(=O)NCc2ccc(N)cc2)c3ccc(N)cc3N=C1N(C)C,4.9
702,CHEMBL30008,Fc1ccc(cc1)C(N2CCN(C\C=C\c3ccccc3)CC2)c4ccc(F)cc4,6.28
710,CHEMBL1215317,COc1ccc(CNCCCC(=O)N2CCN(CC2)C(c3ccccc3)c4ccc(Cl)cc4)cc1,4.79
851,CHEMBL2334269,O[C@H](COc1ccc(cc1)C(F)(F)F)CN2CCN(CC2)c3ccc(F)cc3,4.81
852,CHEMBL2334266,O[C@H](COc1ccc(F)cc1)CN2CCN(Cc3c(F)cccc3Cl)CC2,4.94
860,CHEMBL2334602,O[C@@H](COc1ccc(F)cc1)CN2CCN(Cc3c(F)cccc3Cl)CC2,4.91
863,CHEMBL2334598,COc1cccc(c1)N2CCN(C[C@@H](O)COc3ccc(F)cc3)CC2,4.92
