,molecule_chembl_id,canonical_smiles,pchembl_value
0,gabapentin enacarbil,[H]C(C)(OC(=O)NCC1(CC(O)=O)CCCCC1)OC(=O)C(C)C,
1,pregabalin,CC(C)C[C@H](CN)CC(O)=O,7.25963736
2,gabapentin,NCC1(CC(O)=O)CCCCC1,6.92811823
3,CHEMBL1801190,COC1CN(C1)c2nnc(C)c3c(C)n(nc23)c4ccc(Cl)cc4Cl,5.2
4,CHEMBL1801191,COC1CN(C1)c2nnc(C)c3c(C)n(nc23)c4ccc(Cl)cc4OC(F)(F)F,5.4
5,CHEMBL1801210,CCOc1ccc(cc1)n2nc3c(nnc(C)c3c2C)N4CCCCCC4,5.67
6,CHEMBL1801189,COC1CN(C1)c2nnc(C)c3c(C)n(nc23)c4ccc(OCC(F)(F)F)cc4,5.7
7,CHEMBL1801181,Cc1nnc(N2CCCC2)c3nn(c(C)c13)c4ccc(OC(F)(F)F)cc4,5.7
8,CHEMBL1801178,CCOc1ccc(cc1)n2nc3c(nnc(C)c3c2C)N4CC[C@@H](O)C4,5.8
9,CHEMBL1801212,CCOc1ccc(cc1)n2nc3c(nnc(C)c3c2C)N4CCN(C)CC4,5.97
10,CHEMBL1801213,CCOc1ccc(cc1)n2nc3c(nnc(C)c3c2C)N4CCCNCC4,6.0
11,CHEMBL1801211,CCOc1ccc(cc1)n2nc3c(nnc(C)c3c2C)N4CCNCC4,6.0
12,CHEMBL1801187,CCOc1ccc(cc1)n2nc3c(nnc(C)c3c2C)N4CCC(F)(F)C4,6.1
13,CHEMBL1801185,Cc1nnc(N2CCCC2)c3nn(c(C)c13)c4ccc(Cl)cc4OC(F)(F)F,6.1
14,CHEMBL1801184,Cc1nnc(N2CCCC2)c3nn(c(C)c13)c4ccc(Cl)cc4Cl,6.2
15,CHEMBL1801188,Cc1nnc(N2CC[C@@H](F)C2)c3nn(c(C)c13)c4ccc(OCC(F)(F)F)cc4,6.2
16,CHEMBL1801208,CCOc1ccc(cc1)n2nc3c(NC)nnc(C)c3c2C,6.27
17,CHEMBL1801176,CCOc1ccc(cc1)n2nc3c(nnc(C)c3c2C)N4CCC(O)CC4,6.4
18,CHEMBL1801182,Cc1nnc(N2CCCC2)c3nn(c(C)c13)c4ccc(OCC(F)(F)F)cc4,6.4
19,CHEMBL1801183,CC(C)Oc1ccc(cc1)n2nc3c(nnc(C)c3c2C)N4CCCC4,6.5
20,CHEMBL1801192,CCOc1ccc(c(F)c1)n2nc3c(nnc(C)c3c2C)N4CC(C4)OC,6.7
21,CHEMBL1801205,CCOc1ccc(cc1)n2nc3c(nnc(C)c3c2C)N(C)C,6.8
22,CHEMBL1801180,CCOc1ccc(cc1)n2nc3c(nnc(C)c3c2C)N4CC(C4)OC,6.9
23,CHEMBL1801186,CCOc1ccc(cc1)n2nc3c(nnc(C)c3c2C)N4CC[C@@H](F)C4,7.07
24,CHEMBL1801179,CCOc1ccc(cc1)n2nc3c(nnc(C)c3c2C)N4CC[C@H](C4)OC,7.1
25,CHEMBL1801207,CCOc1ccc(cc1)n2nc3c(nnc(C)c3c2C)N4CCC4,7.23
26,CHEMBL1801206,CCOc1ccc(cc1)n2nc3c(nnc(C)c3c2C)N4CCCC4,7.66
27,CHEMBL1801177,CCOc1ccc(cc1)n2nc3c(nnc(C)c3c2C)N4CC[C@H](N)C4,8.0
