,molecule_chembl_id,canonical_smiles,pchembl_value
0,nifedipine,COC(=O)C1=C(C)NC(C)=C(C1C1=C(C=CC=C1)[N+]([O-])=O)C(=O)OC,6.30000019
1,nitrendipine,CCOC(=O)C1=C(C)NC(C)=C(C1C1=CC(=CC=C1)[N+]([O-])=O)C(=O)OC,6.0
2,diltiazem,COC1=CC=C(C=C1)[C@@H]1SC2=CC=CC=C2N(CCN(C)C)C(=O)[C@@H]1OC(C)=O,6.42
3,verapamil,COC1=C(OC)C=C(CCN(C)CCCC(C#N)(C(C)C)C2=CC(OC)=C(OC)C=C2)C=C1,
4,CHEMBL164760,CNCCN1C(=O)[C@H](OC(=O)C)[C@@H](Cc2c1cccc2C(F)(F)F)c3ccc(OCCOC)cc3,5.24
5,CHEMBL348940,COc1ccccc1[C@@H]2Cc3cc(Cl)ccc3N(CCN(C)C)C(=O)[C@@H]2OC(=O)C,5.24
6,CHEMBL89099,COc1ccc(cc1)[C@@H]2Cc3ccccc3N(CCN(C)C)C(=O)[C@@H]2OC(=O)C,5.29
7,CHEMBL354353,COc1cccc(c1)[C@@H]2Cc3cc(Cl)ccc3N(CCN(C)C)C(=O)[C@@H]2OC(=O)C,5.46
8,CHEMBL163719,CCOC(=O)c1cccc2N(CCN(C)C)C(=O)[C@H](OC(=O)C)[C@@H](Cc12)c3ccc(OC)cc3,5.7
9,CHEMBL410539,COc1ccc(cc1OC)[C@@H]2Cc3c(cccc3C(F)(F)F)N(CCN(C)C)C(=O)[C@@H]2C,5.7
10,CHEMBL165217,COc1ccc(cc1)[C@@H]2Cc3c(OC)cccc3N(CCN(C)C)C(=O)[C@@H]2OC(=O)C,5.75
11,CHEMBL167147,COc1ccc(cc1)[C@@H]2Cc3c(cccc3C(F)(F)F)N(CCN(C)CC#C)C(=O)[C@@H]2OC(=O)C,5.75
12,CHEMBL354933,COc1ccc(cc1)[C@@H]2Cc3cc(OC)ccc3N(CCN(C)C)C(=O)[C@@H]2OC(=O)C,5.8
13,CHEMBL167512,C[C@@H]1[C@@H](Cc2c(cccc2C(F)(F)F)N(CCN(C)C)C1=O)c3ccc(O)cc3,5.8
14,CHEMBL164917,COc1ccc(cc1)[C@@H]2Cc3c(cccc3C(=O)OCc4ccccc4)N(CCN(C)C)C(=O)[C@@H]2OC(=O)C,5.85
15,CHEMBL315809,COc1ccc(cc1)[C@@H]2Cc3cc(Cl)ccc3N(CCN(C)C)C(=O)[C@@H]2OC(=O)C,5.85
16,CHEMBL167384,CSc1ccc(cc1)[C@@H]2Cc3c(cccc3C(F)(F)F)N(CCN(C)C)C(=O)[C@@H]2C,5.96
17,CHEMBL165049,CCc1ccc(cc1)[C@@H]2Cc3c(cccc3C(F)(F)F)N(CCN(C)C)C(=O)[C@@H]2C,6.0
18,CHEMBL352750,[I-].COc1ccc(cc1)[C@@H]2Cc3c(cccc3C(F)(F)F)N(CC[N+](C)(C)C)C(=O)[C@@H]2C,6.08
19,CHEMBL351235,COc1ccc(cc1)[C@@H]2Cc3c(cccc3C(F)(F)F)N(CCN(C)C)C(=O)[C@@H]2O,6.18
20,CHEMBL98189,COc1ccc(cc1)[C@@H]2Cc3ccccc3N(CCN(C)C)C(=O)[C@@H]2C,6.19
21,CHEMBL349193,CC[C@@H]1[C@@H](Cc2c(cccc2C(F)(F)F)N(CCN(C)C)C1=O)c3ccc(OC)cc3,6.22
22,CHEMBL167987,COc1ccc(cc1)[C@@H]2Cc3c(cccc3C(F)(F)F)N(C(C)CN(C)C)C(=O)[C@@H]2C,6.22
23,CHEMBL355684,CNc1ccc(cc1)[C@@H]2Cc3c(cccc3C(F)(F)F)N(CCN(C)C)C(=O)[C@@H]2C,6.24
24,CHEMBL262509,COc1ccc(cc1)[C@@H]2Sc3ccccc3N(CCN(C)C)C(=O)[C@@H]2C,6.27
25,CHEMBL165444,CCCN(C)CCN1C(=O)[C@H](OC(=O)C)[C@@H](Cc2c1cccc2C(F)(F)F)c3ccc(OC)cc3,6.28
26,CHEMBL164134,COc1ccc(cc1)[C@@H]2Cc3c(cccc3C(F)(F)F)N(CCN(C)CC=C)C(=O)[C@@H]2OC(=O)C,6.38
27,CHEMBL168099,COc1ccc(cc1)[C@@H]2Cc3c(OC)cccc3N(CCN(C)C)C(=O)[C@@H]2C,6.4
28,CHEMBL349753,COc1ccc(cc1)[C@@H]2Cc3c(cccc3C(F)(F)F)N(CC(C)N(C)C)C(=O)[C@@H]2C,6.5
29,CHEMBL350321,CCC[C@@H]1[C@@H](Cc2ccccc2N(CCN(C)C)C1=O)c3ccc(OC)cc3,6.6
30,CHEMBL163771,COc1ccc(cc1)[C@@H]2Cc3c(cccc3C(F)(F)F)N(CCN(C)CCCCc4ccccc4)C(=O)[C@@H]2OC(=O)C,6.66
31,CHEMBL164399,CNCCN1C(=O)[C@H](OC(=O)C)[C@@H](Cc2c1cccc2C(F)(F)F)c3ccc(OC)cc3,6.8
32,CHEMBL353566,COc1ccc(cc1)[C@@H]2Cc3c(cccc3C(F)(F)F)N(CCN(C)C(C)C)C(=O)[C@@H]2C,6.89
33,CHEMBL165086,COc1ccc(cc1)[C@@H]2Cc3c(OC)c(Br)ccc3N(CCN(C)C)C(=O)[C@@H]2C,6.92
34,CHEMBL353757,COc1ccc(cc1)[C@@H]2Cc3c(OC)c(Br)ccc3N(CCN(C)C)C(=O)[C@@H]2OC(=O)C,6.92
35,CHEMBL168066,COc1ccc(cc1)[C@@H]2Cc3c(cccc3C(F)(F)F)N(CCN)C(=O)[C@@H]2OC(=O)C,6.92
36,CHEMBL96454,COc1ccc(cc1)[C@@H]2Sc3cc(OC)ccc3N(CCN(C)C)C(=O)[C@@H]2C,7.07
37,CHEMBL167935,COc1ccc(cc1)[C@@H]2Cc3c(cccc3C(F)(F)F)N(CCN(C)C)C(=O)[C@@H]2C,7.13
38,CHEMBL163740,COc1ccc(cc1)[C@@H]2Cc3ccccc3N(CCN(C)C)C(=O)[C@@H]2CC=C,7.28
39,CHEMBL319525,COc1ccc(cc1)[C@@H]2Sc3cc(OC)ccc3N(CCN(C)C)C(=O)[C@@H]2OC(=O)C,7.38
