,molecule_chembl_id,canonical_smiles,pchembl_value
0,mibefradil,COCC(=O)O[C@]1(CCN(C)CCCc2nc3ccccc3[nH]2)CCc4cc(F)ccc4[C@@H]1C(C)C,6.6021
1,bepridil,CC(C)COCC(CN(CC1=CC=CC=C1)C1=CC=CC=C1)N1CCCC1,5.1487
2,paramethadione,CCC1(C)OC(=O)N(C)C1=O,
3,phensuximide,CN1C(=O)CC(C1=O)C1=CC=CC=C1,
4,methsuximide,CN1C(=O)CC(C)(C1=O)C1=CC=CC=C1,
5,verapamil,COC1=C(OC)C=C(CCN(C)CCCC(C#N)(C(C)C)C2=CC(OC)=C(OC)C=C2)C=C1,4.4854
6,flunarizine,Fc1ccc(cc1)C(N2CCN(C\C=C\c3ccccc3)CC2)c4ccc(F)cc4,5.44
7,CHEMBL3589094,CC1Cc2ccccc2N1S(=O)(=O)c3cccc(c3)C(=O)NCC4CCCCC4,5.3
8,CHEMBL2337983,CC(C)(C)NCCN1CCN(CC(=O)NC23CC4CC(CC(C4)C2)C3)CC1,5.31
9,CHEMBL1210766,Fc1cc(F)cc(NC(=O)N2CCC3(CC2)C(N(C3=O)c4cccc(Cl)c4)c5ccccn5)c1,5.46
10,CHEMBL1210444,Fc1cccc(c1)N2CC3(CCN(CC3)C(=O)Nc4cc(F)cc(F)c4)C2c5ccc(Cl)cc5,5.46
11,CHEMBL2338408,CC(C)(C)NC(=O)NCCN1CCOC(CNC(=O)c2cc(Cl)cc(Cl)c2)C1,5.48
12,CHEMBL1210441,COC(=O)[C@H](CO)NC(=O)N1CCC2(CC1)C(N(C2=O)c3cccc(F)c3)c4ccc(Cl)cc4,5.48
13,CHEMBL1210027,CC[C@H](C)[C@H](NC(=O)N1CCC2(CC1)CN(C(C)C)C2c3ccc(Cl)cc3)C(=O)OC,5.5
14,CHEMBL1210266,CC[C@H](C)[C@H](NC(=O)N1CCC2(CC1)CN(C2c3ccc(Cl)cc3)c4cccc(F)c4)C(=O)OC,5.5
15,CHEMBL2338398,CC(C)(C)C(=O)NCCN1CCN(CC(=O)NC23CC4CC(CC(C4)C2)C3)CC1,5.52
16,CHEMBL1486348,CC1CC(C)CN(C1)C(=O)c2cccc(c2)S(=O)(=O)N3C(C)Cc4ccccc34,5.52
17,CHEMBL2338403,CC(C)(C)S(=O)(=O)CCCN1CCN(CC(=O)NC23CC4CC(CC(C4)C2)C3)CC1,5.62
18,CHEMBL1209968,Fc1cc(F)cc(NC(=O)N2CCC3(CC2)C(N(C3=O)c4cccc(c4)C#N)c5ccccn5)c1,5.62
19,CHEMBL3589557,Cl.Fc1ccccc1NS(=O)(=O)c2cc(C(=O)N3CCN4CCC[C@@H]4C3)c(Cl)cc2F,5.64
20,CHEMBL1210265,Fc1cc(F)cc(NC(=O)N2CCC3(CC2)C(N(C4CC4)C3=O)c5ccc(Cl)cc5)c1,5.65
21,CHEMBL3609821,CC(C)C(=O)O[C@]1(CCN(C)CCCc2nc3ccccc3[nH]2)C[C@@H]4CC[C@H]1c5nccnc45,5.69
22,CHEMBL1210767,[O-][n+]1ccccc1C2N(C(=O)C23CCN(CC3)C(=O)Nc4ccc(F)c(F)c4)c5cccc(Cl)c5,5.82
23,CHEMBL2338399,CC(C)(C)C(=O)NCCCN1CCN(CC(=O)NC23CC4CC(CC(C4)C2)C3)CC1,5.89
24,CHEMBL1210443,CCC(C)NC(=O)N1CCC2(CC1)C(N(C2=O)c3cccc(F)c3)c4ccc(Cl)cc4,5.9
25,CHEMBL2338402,CC(C)(C)NC(=O)NCCCN1CCN(CC(=O)NC23CC4CC(CC(C4)C2)C3)CC1,5.92
26,CHEMBL2337981,CC(C)(C)NC(=O)NCCN1CCC(CO)(CNC(=O)c2cc(Cl)cc(Cl)c2)CC1,5.92
27,CHEMBL2338401,CC(C)(C)OC(=O)NCCN1CCN(CC(=O)NC23CC4CC(CC(C4)C2)C3)CC1,5.92
28,CHEMBL1210506,Fc1cccc(c1)N2C(c3ccc(Cl)cc3)C4(CCN(CC4)C(=O)Nc5cccc(c5)C#N)C2=O,5.98
29,CHEMBL2337984,CC(C)(C)NC(=O)CN1CCN(CC(=O)NC23CC4CC(CC(C4)C2)C3)CC1,6.0
30,CHEMBL1210203,CC(C)N1CC2(CCN(CC2)C(=O)Nc3cc(F)cc(F)c3)C1c4ccc(F)cc4,6.0
31,CHEMBL1210139,CN1C(c2ccc(Cl)cc2)C3(CCN(CC3)C(=O)Nc4cc(F)cc(F)c4)C1=O,6.04
32,CHEMBL2338404,CC(C)(C)CS(=O)(=O)NCCN1CCN(CC(=O)NC23CC4CC(CC(C4)C2)C3)CC1,6.05
33,CHEMBL1210267,CC[C@H](C)[C@H](NC(=O)N1CCC2(CC1)C(N(C2=O)c3cccc(F)c3)c4ccc(Cl)cc4)C(=O)OC,6.06
34,CHEMBL1210693,Clc1cccc(c1)N2C(c3ccccn3)C4(CCN(CC4)C(=O)Nc5cccc(c5)C#N)C2=O,6.07
35,CHEMBL1210985,COC(=O)[C@H](C)NC(=O)N1CCC2(CC1)C(N(C2=O)c3cccc(F)c3)c4ccc(Cl)cc4,6.08
36,CHEMBL2337977,CC(C)(C)NC(=O)NCCN1CC(C1)NC(=O)c2cc(Cl)cc(Cl)c2,6.1
37,CHEMBL2337978,CC(C)(C)NC(=O)NCCN1CCC(C1)NC(=O)c2cc(Cl)cc(Cl)c2,6.1
38,CHEMBL1210138,CC[C@H](C)[C@H](NC(=O)N1CCC2(CC1)C(N(C)C2=O)c3ccc(Cl)cc3)C(=O)OC,6.1
39,CHEMBL1210984,CC[C@H](C)[C@H](NC(=O)N1CCC2(CC1)CN(C3CC3)C2c4ccc(Cl)cc4)C(=O)OC,6.15
40,CHEMBL1210692,Fc1ccc(NC(=O)N2CCC3(CC2)C(N(C3=O)c4cccc(Cl)c4)c5ccccn5)cc1F,6.19
41,CHEMBL2337980,CC(C)(C)NC(=O)NCCN1CCC(O)(CNC(=O)c2cc(Cl)cc(Cl)c2)CC1,6.22
42,CHEMBL1210505,Fc1cccc(c1)N2C(c3ccc(Cl)cc3)C4(CCN(CC4)C(=O)Nc5cc(F)cc(F)c5)C2=O,6.23
43,CHEMBL3609825,CO[C@@H]1C[C@@](CCN(C)CCCc2nc3ccccc3[nH]2)(OC(=O)C(C)C)[C@@H](C(C)C)c4ccc(F)cc14,6.25
44,CHEMBL1210835,Fc1cc(F)cc(NC(=O)N2CCC3(CC2)C(N(C3=O)c4cncc(Cl)c4)c5ccccn5)c1,6.29
45,CHEMBL2338406,CC(C)(C)NC(=O)NCCN1CCC(CNC(=O)c2cc(Cl)cc(Cl)c2)CC1,6.3
46,CHEMBL2337979,CC(C)(C)NC(=O)NCCN1CCCC(C1)NC(=O)c2cc(Cl)cc(Cl)c2,6.3
47,CHEMBL2338407,CC(C)(C)NC(=O)NCCN1CCCC(CNC(=O)c2cc(Cl)cc(Cl)c2)C1,6.3
48,CHEMBL2338400,CC(C)(C)NC(=O)NCCN1CCN(CC(=O)NC23CC4CC(CC(C4)C2)C3)CC1,6.3
49,CHEMBL3608945,CC(C)C(=O)O[C@]1(CCN(C)CCCc2nc3ccccc3[nH]2)C[C@@H]4CC[C@H]1c5ccccc45,6.37
50,CHEMBL1210136,CC[C@H](C)[C@H](NC(=O)N1CCC2(CC1)CN(C)C2c3ccc(Cl)cc3)C(=O)OC,6.39
51,CHEMBL1210204,CN1CC2(CCN(CC2)C(=O)Nc3cc(F)cc(F)c3)C1c4ccc(F)cc4,6.39
52,CHEMBL2338409,CC(C)(C)NC(=O)NCCN1CCC(CNC(=O)c2cc(Cl)cc(Cl)c2)C1,6.4
53,CHEMBL3609817,CC(C)C(=O)O[C@@]1(CCN(C)CCCc2nc3ccccc3[nH]2)C[C@H]4CC[C@@H]1c5ccccc45,6.4
54,CHEMBL1210205,Fc1cc(F)cc(NC(=O)N2CCC3(CC2)CN(C4CC4)C3c5ccc(Cl)cc5)c1,6.4
55,CHEMBL1210628,Fc1ccc(NC(=O)N2CCC3(CC2)C(N(C3=O)c4ccc(F)c(Cl)c4)c5ccccn5)cc1F,6.4
56,CHEMBL3608944,COCC(=O)O[C@]1(CCN(C)CCCc2nc3ccccc3[nH]2)C[C@@H]4CC[C@H]1c5ccccc45,6.44
57,CHEMBL1209966,C[C@@H](NC(=O)N1CCC2(CC1)C(N(C2=O)c3cccc(F)c3)c4ccc(Cl)cc4)c5ccccc5,6.46
58,CHEMBL1210080,CC(C)N1CC2(CCN(CC2)C(=O)Nc3ccc(F)c(F)c3)C1c4ccc(Cl)cc4,6.47
59,CHEMBL1210081,CC(C)N1CC2(CCN(CC2)C(=O)Nc3cc(F)cc(F)c3)C1c4ccc(Cl)cc4,6.48
60,CHEMBL3608940,CO[C@H]1C[C@@](CCN(C)CCCc2nc3ccccc3[nH]2)(OC(=O)C(C)C)[C@@H](C(C)C)c4ccc(F)cc14,6.5
61,CHEMBL2338405,CC(C)(C)NC(=O)NCCN1CCN(CC(=O)Nc2cc(Cl)cc(Cl)c2)CC1,6.52
62,CHEMBL1210564,Fc1cc(F)cc(NC(=O)N2CCC3(CC2)CN(C3c4ccccn4)c5ccc(F)c(Cl)c5)c1,6.54
63,CHEMBL1210629,Fc1ccc(cc1F)N2C(c3ccccn3)C4(CCN(CC4)C(=O)Nc5cccc(c5)C(F)(F)F)C2=O,6.55
64,CHEMBL1210202,CC[C@H](C)[C@H](NC(=O)N1CCC2(CC1)CN(C(C)C)C2c3ccc(F)cc3)C(=O)OC,6.59
65,CHEMBL1210372,COC(=O)[C@H](COC(C)(C)C)NC(=O)N1CCC2(CC1)C(N(C2=O)c3cccc(F)c3)c4ccc(Cl)cc4,6.6
66,CHEMBL3608947,CC(C)C(=O)O[C@]1(CCN(C)CCCc2nc3ccccc3[nH]2)C[C@@H]4CCC[C@H]1c5ccccc45,6.65
67,CHEMBL1209967,CC[C@H](NC(=O)N1CCC2(CC1)C(N(C2=O)c3cccc(F)c3)c4ccc(Cl)cc4)c5ccccc5,6.65
68,CHEMBL3609820,CO[C@]1(CCN(C)CCCc2nc3ccccc3[nH]2)C[C@@H]4CC[C@H]1c5ccccc45,6.65
69,CHEMBL1210137,CN1CC2(CCN(CC2)C(=O)Nc3cc(F)cc(F)c3)C1c4ccc(Cl)cc4,6.67
70,CHEMBL3608946,CN(CCCc1nc2ccccc2[nH]1)CC[C@]3(C[C@@H]4CC[C@H]3c5ccccc45)OC(=O)C6CC6,6.68
71,CHEMBL3609823,COCC(=O)O[C@]1(CCN(C)CCCc2nc3ccccc3[nH]2)CC(C)(C)c4cc(F)ccc4[C@@H]1C(C)C,6.68
72,CHEMBL3609824,CCCC[C@@H]1C[C@@](CCN(C)CCCc2nc3ccccc3[nH]2)(OC(=O)COC)[C@@H](C(C)C)c4ccc(F)cc14,6.71
73,CHEMBL3609818,CC(C)C(=O)O[C@@]1(CCN(C)CCCc2nc3ccccc3[nH]2)C[C@H]4CCC[C@@H]1c5ccccc45,6.74
74,CHEMBL1210371,CC[C@H](C)[C@H](NC(=O)N1CCC2(CC1)C(N(C2=O)c3cccc(F)c3)c4ccc(Cl)cc4)C(=O)NC,6.74
75,CHEMBL1210140,CC(C)CN1CC2(CCN(CC2)C(=O)Nc3cc(F)cc(F)c3)C1c4ccc(Cl)cc4,6.75
76,CHEMBL1210565,Fc1cc(F)cc(NC(=O)N2CCC3(CC2)C(N(C3=O)c4ccc(F)c(Cl)c4)c5ccccn5)c1,6.75
77,CHEMBL3609822,CC(C)[C@H]1c2ccc(F)cc2CC[C@@]1(CCN(C)CCCc3nc4ccccc4[nH]3)OC(=O)C(C)C,6.83
78,CHEMBL1209965,C[C@H](NC(=O)N1CCC2(CC1)C(N(C2=O)c3cccc(F)c3)c4ccc(Cl)cc4)c5ccccc5,6.86
79,CHEMBL3608941,CC(C)[C@H]1c2ccc(F)cc2[C@@H](C[C@@]1(CCN(C)CCCc3nc4ccccc4[nH]3)OC(=O)C(C)C)OCc5ccccc5,6.88
80,CHEMBL3608316,CC(C)[C@H]1c2ccc(F)cc2[C@H](C[C@@]1(CCN(C)CCCc3nc4ccccc4[nH]3)OC(=O)C(C)C)OCc5ccccc5,6.95
81,CHEMBL3608942,CC(C)[C@H]1c2ccc(F)cc2[C@H](O)C[C@@]1(CCN(C)CCCc3nc4ccccc4[nH]3)OC(=O)C(C)C,6.97
82,CHEMBL1210902,Fc1ccc(cc1Cl)N2C(c3ccccn3)C4(CCN(CC4)c5nc6cc(F)c(cc6[nH]5)C(F)(F)F)C2=O,6.98
83,CHEMBL1684954,C[C@@H](NC(=O)Cc1ccc(cc1)C2CC2)c3ccc(OCC(F)(F)F)cn3,7.04
84,CHEMBL3609819,COc1cccc2nc(CCCN(C)CC[C@@]3(C[C@H]4CCC[C@@H]3c5ccccc45)OC(=O)C(C)C)[nH]c12,7.08
85,CHEMBL1210901,Fc1ccc(cc1Cl)N2C(c3ccccn3)C4(CCN(CC4)c5nc6cc(F)c(Cl)cc6[nH]5)C2=O,7.08
86,CHEMBL1210442,C[C@H](NC(=O)N1CCC2(CC1)C(N(C2=O)c3cccc(F)c3)c4ccc(Cl)cc4)c5ccc(F)cc5,7.09
87,CHEMBL1210900,Fc1ccc(cc1Cl)N2C(c3ccccn3)C4(CCN(CC4)c5nc6ccc(Cl)cc6[nH]5)C2=O,7.11
88,CHEMBL3608943,CC(C)[C@H]1c2ccc(F)cc2[C@@H](O)C[C@@]1(CCN(C)CCCc3nc4ccccc4[nH]3)OC(=O)C(C)C,7.12
89,CHEMBL1210899,Fc1cc2nc([nH]c2cc1C(F)(F)F)N3CCC4(CC3)C(N(C4=O)c5cccc(Cl)c5)c6ccccn6,7.2
90,CHEMBL1210370,CC[C@H](C)[C@H](NC(=O)N1CCC2(CC1)C(N(C2=O)c3cccc(F)c3)c4ccc(Cl)cc4)C(=O)OC(C)C,7.35
91,CHEMBL1210983,CC[C@H](C)[C@H](NC(=O)N1CCC2(CC1)C(N(C2=O)c3cccc(F)c3)c4ccc(Cl)cc4)C(=O)OC#N,7.46
