,molecule_chembl_id,canonical_smiles,pchembl_value
0,cilnidipine,COCCOC(=O)C1=C(C)NC(C)=C(C1C1=CC(=CC=C1)[N+]([O-])=O)C(=O)OC\C=C\C1=CC=CC=C1,
1,dexniguldipine,COC(=O)C1=C(C)NC(C)=C([C@@H]1C1=CC(=CC=C1)[N+]([O-])=O)C(=O)OCCCN1CCC(CC1)(C1=CC=CC=C1)C1=CC=CC=C1,
2,manidipine,COC(=O)C1=C(C)NC(C)=C(C1C1=CC(=CC=C1)[N+]([O-])=O)C(=O)OCCN1CCN(CC1)C(C1=CC=CC=C1)C1=CC=CC=C1,
3,nilvadipine,COC(=O)C1=C(NC(C)=C(C1C1=CC(=CC=C1)[N+]([O-])=O)C(=O)OC(C)C)C#N,
4,levamlodipine,CCOC(=O)C1=C(COCCN)NC(C)=C([C@@H]1C1=C(Cl)C=CC=C1)C(=O)OC,
5,(S)-nitrendipine,CCOC(=O)C1=C(C)NC(C)=C([C@@H]1C1=CC(=CC=C1)[N+]([O-])=O)C(=O)OC,8.39999962
6,verapamil,COC1=C(OC)C=C(CCN(C)CCCC(C#N)(C(C)C)C2=CC(OC)=C(OC)C=C2)C=C1,
7,bepridil,CC(C)COCC(CN(CC1=CC=CC=C1)C1=CC=CC=C1)N1CCCC1,
8,nifedipine,COC(=O)C1=C(C)NC(C)=C(C1C1=C(C=CC=C1)[N+]([O-])=O)C(=O)OC,7.69999981
9,isradipine,COC(=O)C1=C(C)NC(C)=C(C1C1=CC=CC2=NON=C12)C(=O)OC(C)C,9.30000019
10,felodipine,CCOC(=O)C1=C(C)NC(C)=C(C1C1=C(Cl)C(Cl)=CC=C1)C(=O)OC,
11,clevidipine,CCCC(=O)OCOC(=O)C1=C(C)NC(C)=C(C1C1=C(Cl)C(Cl)=CC=C1)C(=O)OC,
12,amlodipine,[H]C1(C2=C(Cl)C=CC=C2)C(C(=O)OC)=C(C)NC(COCCN)=C1C(=O)OCC,7.0
13,nisoldipine,COC(=O)C1=C(C)NC(C)=C(C1C1=C(C=CC=C1)[N+]([O-])=O)C(=O)OCC(C)C,6.69999981
14,nimodipine,COCCOC(=O)C1=C(C)NC(C)=C(C1C1=CC(=CC=C1)[N+]([O-])=O)C(=O)OC(C)C,6.1500001
15,efonidipine,CC1=C(C(C2=CC(=CC=C2)[N+]([O-])=O)C(=C(C)N1)P1(=O)OCC(C)(C)CO1)C(=O)OCCN(CC1=CC=CC=C1)C1=CC=CC=C1,
16,aranidipine,COC(=O)C1=C(C)NC(C)=C(C1C1=C(C=CC=C1)[N+]([O-])=O)C(=O)OCC(C)=O,
17,(S)-nicardipine,COC(=O)C1=C(C)NC(C)=C([C@H]1C1=CC(=CC=C1)[N+]([O-])=O)C(=O)OCCN(C)CC1=CC=CC=C1,
18,barnidipine,COC(=O)C1=C(C)NC(C)=C([C@H]1C1=CC(=CC=C1)[N+]([O-])=O)C(=O)O[C@H]1CCN(CC2=CC=CC=C2)C1,
19,azelnidipine,CC(C)OC(=O)C1=C(C)NC(N)=C(C1C1=CC(=CC=C1)[N+]([O-])=O)C(=O)OC1CN(C1)C(C1=CC=CC=C1)C1=CC=CC=C1,
20,nitrendipine,CCOC(=O)C1=C(C)NC(C)=C(C1C1=CC(=CC=C1)[N+]([O-])=O)C(=O)OC,8.39999962
21,nicardipine,COC(=O)C1=C(C)NC(C)=C(C1C1=CC(=CC=C1)[N+]([O-])=O)C(=O)OCCN(C)CC1=CC=CC=C1,
22,lacidipine,CCOC(=O)C1=C(C)NC(C)=C(C1C1=C(\C=C\C(=O)OC(C)(C)C)C=CC=C1)C(=O)OCC,
23,benidipine,COC(=O)C1=C(C)NC(C)=C(C1C1=CC(=CC=C1)[N+]([O-])=O)C(=O)O[C@@H]1CCCN(CC2=CC=CC=C2)C1,
24,lercanidipine,COC(=O)C1=C(C)NC(C)=C(C1C1=CC=CC(=C1)[N+]([O-])=O)C(=O)OC(C)(C)CN(C)CCC(C1=CC=CC=C1)C1=CC=CC=C1,
25,CHEMBL3260888,CCCC1=C(C(C=C(N1)c2ccccc2)c3ccccc3)C(=O)OCC,5.0
26,CHEMBL3221239,CCOC(=O)C1=C(C)NC(=CC1c2ccccc2)c3ccc(Cl)cc3,5.03
27,CHEMBL29067,CCOC(=O)C1=C(NC(=C(C1c2ccccc2Cl)C(=O)Nc3ccccn3)C)c4ccc(cc4)n5c(C)nc6cnccc56,5.17
28,CHEMBL1164066,CC1(C)CC2=C(C(C=C(N2)c3ccccc3)c4ccccc4)C(=O)C1,5.55
0,CHEMBL150618,CO\C(=C/1\C(C(=C(C)N=C1C)C(=O)OC)c2ccccc2OCc3no[n+]([O-])c3C)\O,7.4
2,CHEMBL151447,CO\C(=C/1\C(C(=C(C)N=C1C)C(=O)OC)c2cccc(OCc3no[n+]([O-])c3C#N)c2)\O,6.3
4,CHEMBL150802,CO\C(=C/1\C(C(=C(C)N=C1C)C(=O)OC)c2cccc(OCc3c(no[n+]3[O-])C#N)c2)\O,6.3
6,CHEMBL433514,CO\C(=C/1\C(C(=C(C)N=C1C)C(=O)OC)c2ccccc2OCc3c(no[n+]3[O-])C#N)\O,7.17
8,CHEMBL151273,CO\C(=C/1\C(C(=C(C)N=C1C)C(=O)OC)c2cccc(OCc3nonc3C(=O)N)c2)\O,5.29
10,CHEMBL193,COC(=O)C1=C(C)NC(=C(C1c2ccccc2[N+](=O)[O-])C(=O)OC)C,8.57
12,CHEMBL346151,CO\C(=C/1\C(C(=C(C)N=C1C)C(=O)OC)c2ccccc2OCc3c(C)no[n+]3[O-])\O,7.14
14,CHEMBL150872,CO\C(=C/1\C(C(=C(C)N=C1C)C(=O)OC)c2ccccc2OCc3nonc3C#N)\O,8.0
16,CHEMBL25676,CO\C(=C\1/C(C(=C(C)N=C1C)C(=O)OC)c2cccc(c2)[N+](=O)[O-])\O,8.59
18,CHEMBL150921,CO\C(=C/1\C(C(=C(C)N=C1C)C(=O)OC)c2cccc(OCc3nonc3C)c2)\O,6.14
20,CHEMBL348676,CO\C(=C/1\C(C(=C(C)N=C1C)C(=O)OC)c2cccc(OCc3no[n+]([O-])c3C)c2)\O,6.09
22,CHEMBL151759,CO\C(=C/1\C(C(=C(C)N=C1C)C(=O)OC)c2cccc(OCc3no[n+]([O-])c3C(=O)N)c2)\O,5.7
24,CHEMBL150469,CO\C(=C/1\C(C(=C(C)N=C1C)C(=O)OC)c2ccccc2OCc3no[n+]([O-])c3C(=O)N)\O,5.82
26,CHEMBL150433,CO\C(=C/1\C(C(=C(C)N=C1C)C(=O)OC)c2ccccc2OCc3nonc3C(=O)N)\O,6.06
28,CHEMBL150319,CO\C(=C/1\C(C(=C(C)N=C1C)C(=O)OC)c2cccc(OCc3c(C)no[n+]3[O-])c2)\O,6.22
30,CHEMBL358157,CO\C(=C/1\C(C(=C(C)N=C1C)C(=O)OC)c2ccccc2OCCO[N+](=O)[O-])\O,7.07
32,CHEMBL345530,CO\C(=C/1\C(C(=C(C)N=C1C)C(=O)OC)c2cccc(OCc3c(no[n+]3[O-])C(=O)N)c2)\O,5.44
34,CHEMBL149907,CO\C(=C/1\C(C(=C(C)N=C1C)C(=O)OC)c2ccccc2OCc3no[n+]([O-])c3C#N)\O,7.57
36,CHEMBL151643,CO\C(=C/1\C(C(=C(C)N=C1C)C(=O)OC)c2ccccc2OCc3c(no[n+]3[O-])C(=O)N)\O,6.11
38,CHEMBL150851,CO\C(=C/1\C(C(=C(C)N=C1C)C(=O)OC)c2cccc(OCCO[N+](=O)[O-])c2)\O,6.01
40,CHEMBL150632,CO\C(=C/1\C(C(=C(C)N=C1C)C(=O)OC)c2cccc(OCc3nonc3C#N)c2)\O,6.23
42,CHEMBL150486,CO\C(=C/1\C(C(=C(C)N=C1C)C(=O)OC)c2ccccc2OCc3nonc3C)\O,7.23
44,CHEMBL283244,COc1ccc(cc1)[C@@H]2Sc3cc(Cl)ccc3n4c(CN(C)C)ccc4[C@@H]2OC(=O)C,5.3
45,CHEMBL24998,CCC(C)NCc1ccc2C(Sc3ccccc3n12)C4=CCC(OC)(OC)C=C4,7.92
46,CHEMBL278804,COc1ccc(cc1)[C@@H]2Sc3ccc(Cl)cc3n4c(CN(C)C)ccc4[C@@H]2OC(=O)C,8.48
47,CHEMBL281311,COC1(CC=C(C=C1)C2(Sc3ccc(cc3n4cccc24)C(F)(F)F)C5=CCC(OC)(OC)C=C5)OC,5.3
48,CHEMBL25278,COc1ccc(cc1)[C@@H]2Sc3c(Cl)cccc3n4c(CN(C)C)ccc4[C@@H]2OC(=O)C,7.66
49,CHEMBL26495,S1c2ccccc2n3cccc3C1(c4ccccc4)c5ccccc5,6.33
50,CHEMBL282989,COc1ccc(CCN(C)Cc2ccc3C(Sc4ccccc4n23)c5ccccc5)cc1OC,6.7
51,CHEMBL280391,COc1ccc(C2Sc3ccccc3n4c(CN(C)CCc5ccc(OC)c(OC)c5)ccc24)c(OC)c1,5.8
52,CHEMBL283615,COc1ccc(cc1)[C@@H]2Sc3ccccc3n4c(CN(C)C)ccc4[C@@H]2OC(=O)C,6.87
53,CHEMBL275195,COc1ccc(C2Sc3ccccc3n4c(CN(C)C)ccc24)c(OC)c1,6.82
54,CHEMBL277363,COc1ccc(cc1)C2Sc3ccccc3n4c(CN(C)C)ccc24,9.37
55,CHEMBL25124,CN(C)Cc1ccc2[C@H](OC(=O)C)[C@@H](Sc3ccc(cc3n12)C(F)(F)F)c4ccccc4,6.52
56,CHEMBL281664,COc1ccc(cc1)[C@@H]2Sc3ccc(cc3n4c(CN(C)C)ccc4[C@@H]2OC(=O)C)C(F)(F)F,5.3
57,CHEMBL26239,COc1ccc(cc1)C2Sc3ccccc3n4c(CN5CCOCC5)ccc24,5.3
58,CHEMBL442147,CN(C)Cc1ccc2[C@H](OC(=O)C)[C@@H](Sc3ccccc3n12)c4ccccc4,5.3
59,CHEMBL284195,CN(C)Cc1ccc2[C@H](OC(=O)C)[C@@H](Sc3c(Cl)cccc3n12)c4ccccc4,7.54
60,CHEMBL24675,COc1ccc(cc1)C2Sc3ccccc3n4c(CN(C)CCc5ccc(OC)c(OC)c5)ccc24,7.28
61,CHEMBL281762,COc1ccc(C2Sc3ccccc3n4c(CN5CCOCC5)ccc24)c(OC)c1,5.91
62,CHEMBL24243,FC(F)(F)c1ccc2SC(c3ccccc3)(c4ccccc4)c5cccn5c2c1,5.69
63,CHEMBL26442,Clc1ccc2SC(c3ccccc3)(c4ccccc4)c5cccn5c2c1,5.36
64,CHEMBL278171,Clc1cccc2c1SC(c3ccccc3)(c4ccccc4)c5cccn25,6.5
65,CHEMBL429774,COC1(CC=C(C=C1)C2(Sc3ccccc3n4cccc24)C5=CCC(OC)(OC)C=C5)OC,5.3
66,CHEMBL277293,CN(C)Cc1ccc2C(Sc3ccccc3n12)c4ccccc4,6.5
67,CHEMBL26172,CN(C)Cc1ccc2n1c3cc(ccc3SC2(c4ccccc4)c5ccccc5)C(F)(F)F,6.97
68,CHEMBL24086,CN(C)Cc1ccc2n1c3cccc(Cl)c3SC2(c4ccccc4)c5ccccc5,7.09
69,CHEMBL24085,COc1ccc(C2Sc3ccccc3n4c(CNCCc5ccc(OC)c(OC)c5)ccc24)c(OC)c1,6.66
70,CHEMBL26605,CC(=O)OC1(Sc2ccccc2n3cccc13)c4ccccc4,5.33
71,CHEMBL287054,CN(C)Cc1ccc2CSc3ccccc3n12,6.11
72,CHEMBL18988,CCC(C)NCc1ccc2C(Sc3ccccc3n12)c4ccc(OC)cc4OC,7.82
73,CHEMBL287410,COc1ccc(CCNCc2ccc3C(Sc4ccccc4n23)C5=CCC(OC)(OC)C=C5)cc1OC,6.4
74,CHEMBL24662,O=C1CC[C@H]2[C@@H](Sc3ccccc3N12)c4ccccc4,9.11
75,CHEMBL23,COc1ccc(cc1)[C@@H]2Sc3ccccc3N(CCN(C)C)C(=O)[C@@H]2OC(=O)C,7.34
76,CHEMBL282348,COc1ccc(cc1)C2(OC(=O)C)Sc3ccccc3n4cccc24,7.52
77,CHEMBL282651,CC(=O)OC1(Sc2ccc(cc2n3cccc13)C(F)(F)F)c4ccccc4,7.19
78,CHEMBL282854,CC(=O)OC1(Sc2c(Cl)cccc2n3cccc13)c4ccccc4,5.8
79,CHEMBL279886,COC1(CC=C(C=C1)C2(Sc3ccccc3n4c(CN(C)C)ccc24)C5=CC=CC(C5)(OC)OC)OC,5.66
80,CHEMBL24620,CN(C)Cc1ccc2n1c3ccccc3SC2(c4ccccc4)c5ccccc5,5.3
81,CHEMBL25512,COc1ccc(cc1)[C@@H]2Sc3ccccc3N4[C@H]2CCC4=O,8.36
82,CHEMBL24529,CN(C)Cc1ccc2[C@H](OC(=O)C)[C@@H](Sc3ccc(Cl)cc3n12)c4ccccc4,5.91
83,CHEMBL1096376,CCCC1=C(C(C(=C(C)N1)C(=O)OCC)c2cccc(c2)[N+](=O)[O-])C(=O)OCC,6.98
84,CHEMBL1094989,CCCCC1=C(C(C(=C(C)N1)C(=O)OCC)c2cccc(c2)[N+](=O)[O-])C(=O)OCC,7.7
85,CHEMBL1096377,CCOC(=O)C1=C(C)NC(=C(C1c2ccccc2[N+](=O)[O-])C(=O)OC)COC,6.1
86,CHEMBL1096378,CCOC(=O)C1=C(C)NC(=C(C1c2cccc(c2)[N+](=O)[O-])C(=O)OC)COC,7.02
87,CHEMBL1094404,COCC1=C(C(C(=C(C)N1)C(=O)OC)c2cccc(c2)[N+](=O)[O-])C(=O)OC,6.46
88,CHEMBL1094405,CCOC(=O)C1=C(C)NC(=C(C1c2cccc(c2)[N+](=O)[O-])C(=O)OCC)CO,7.35
89,CHEMBL1094406,CCOC(=O)C1=C(C)NC(=C(C1c2cccc(c2)[N+](=O)[O-])C(=O)OCC)CCl,7.28
90,CHEMBL1094740,CCOC(=O)C1=C(C)NC(=C(C1c2cccc(c2)[N+](=O)[O-])C(=O)OCC)COC(=O)C,7.43
91,CHEMBL1099060,CCOC(=O)C1=C(C)NC(=C(C1c2cccc(c2)[N+](=O)[O-])C(=O)OCC)COC(=O)c3ccccc3,6.77
92,CHEMBL1098062,CCOC(OCC)C1=C(C(C(=C(C)N1)C(=O)OCC)c2cccc(c2)[N+](=O)[O-])C(=O)OCC,6.21
93,CHEMBL1098063,CCOC(=O)C1=C(C)NC(=C(C1c2cccc(c2)[N+](=O)[O-])C(=O)OCC)CN3CCN(CC3)c4ccccc4,6.22
94,CHEMBL1098064,CCOC(=O)C1=C(C)NC(=C(C1c2cccc(c2)[N+](=O)[O-])C(=O)OCC)\C=C\C#N,7.35
95,CHEMBL1095091,CCOC(=O)C1=C(C)NC(=C(C1c2cccc(c2)[N+](=O)[O-])C(=O)OCC)C=CC(=O)OC,6.67
96,CHEMBL1095092,CCOC(=O)C1=C(C)NC(=C(C1c2cccc(c2)[N+](=O)[O-])C(=O)OCC)\C=C\c3ccc(cc3)[N+](=O)[O-],5.69
97,CHEMBL1098515,COC(=O)C1=C(C)NC(=C(C1c2cccc(c2)[N+](=O)[O-])C(=O)O)C,6.03
98,CHEMBL1098210,COC(=O)C1=C(C)NC(=C(C1c2ccccc2[N+](=O)[O-])C(=O)OCC=C)C,8.0
99,CHEMBL1098209,COC(=O)C1=C(C)NC(=C(C1c2cccc(c2)[N+](=O)[O-])C(=O)OCC=C)C,7.82
100,CHEMBL1096518,CCOC(=O)C1=C(C)NC(=C(C1c2cccc(c2)[N+](=O)[O-])C(=O)OCC=C)C,7.82
101,CHEMBL1098001,COC(=O)C1=C(C)NC(=C(C1c2cccc(c2)[N+](=O)[O-])C(=O)OCCC#C)C,7.46
102,CHEMBL1094560,COC(=O)C1=C(C)NC(=C(C1c2cccc(c2)[N+](=O)[O-])C(=O)OCCC(=C)C)C,7.33
103,CHEMBL1097858,COC(=O)C1=C(C)NC(=C(C1c2cccc(c2)[N+](=O)[O-])C(=O)OCC3CC3)C,7.68
104,CHEMBL1097857,CCOC(=O)C1=C(C)NC(=C(C1c2cccc(c2)[N+](=O)[O-])C(=O)OCCOC)C,7.09
105,CHEMBL1097657,COC(=O)C1=C(C)NC(=C(C1c2cccc(c2)[N+](=O)[O-])C(=O)OCCCl)C,7.66
106,CHEMBL1098474,COC(=O)C1=C(C)NC(=C(C1c2cccc(c2)[N+](=O)[O-])C(=O)OCC(F)(F)F)C,7.68
107,CHEMBL1098473,COC(=O)C1=C(C)NC(=C(C1c2cccc(c2)[N+](=O)[O-])C(=O)OCCC#N)C,7.11
108,CHEMBL1096160,COC(=O)C1=C(C)NC(=C(C1c2cccc(c2)[N+](=O)[O-])C(=O)OCC(C)[N+](=O)[O-])C,6.96
109,CHEMBL1097285,CCCCCOC(=O)C1=C(C)NC(=C(C1c2cccc(c2)[N+](=O)[O-])C(=O)OCC)C,6.89
110,CHEMBL1097880,CCOC(=O)C1=C(C)NC(=C(C1c2cccc(c2)[N+](=O)[O-])C(=O)OCCOC(=O)C(=C)C)C,8.0
111,CHEMBL1097879,COC(=O)C1=C(C)NC(=C(C1c2cccc(c2)[N+](=O)[O-])C(=O)OCCNC(=O)C(F)(F)F)C,6.26
112,CHEMBL1095559,COC(=O)C1=C(C)NC(=C(C1c2cccc(c2)[N+](=O)[O-])C(=O)OCc3ccccc3)C,7.82
113,CHEMBL1096976,CCOC(=O)C1=C(C)NC(=C(C1c2cccc(c2)[N+](=O)[O-])C(=O)OC=O)C,4.86
114,CHEMBL1095558,COC(=O)C1=C(C)NC(=C(C1c2cccc(c2)[N+](=O)[O-])C(=O)OC3CCCC=C3)C,8.0
115,CHEMBL1095557,CCOC(=O)C1=C(C)NC(=C(C1c2cccc(c2)[N+](=O)[O-])C(=O)OCc3ccc(cc3)[N+](=O)[O-])C,6.85
116,CHEMBL1097464,COC(=O)C1=C(C)NC(=C(C1c2cccc(c2)[N+](=O)[O-])C(=O)OCc3cc(cc(c3)[N+](=O)[O-])[N+](=O)[O-])C,7.4
117,CHEMBL1097157,COC(=O)C1=C(C)NC(=C(C1c2cccc(c2)[N+](=O)[O-])C(=O)OCc3cccc(F)c3)C,7.55
118,CHEMBL1098864,COC(=O)C1=C(C)NC(=C(C1c2cccc(c2)[N+](=O)[O-])C(=O)OCc3ccc(F)c(F)c3)C,7.7
119,CHEMBL1095231,COC(=O)C1=C(C)NC(=C(C1c2cccc(c2)[N+](=O)[O-])C(=O)OCc3c(Cl)cc(Cl)cc3Cl)C,7.47
120,CHEMBL1099071,COC(=O)C1=C(C)NC(=C(C1c2cccc(c2)[N+](=O)[O-])C(=O)OCc3ccc(OC)cc3)C,7.1
121,CHEMBL1099070,COC(=O)C1=C(C)NC(=C(C1c2cccc(c2)[N+](=O)[O-])C(=O)OCc3ccc(OC)c(OC)c3)C,6.93
122,CHEMBL1098802,COC(=O)C1=C(C)NC(=C(C1c2cccc(c2)[N+](=O)[O-])C(=O)OCc3ccc4OCOc4c3)C,7.66
123,CHEMBL1098803,COC(=O)C1=C(C)NC(=C(C1c2cccc(c2)[N+](=O)[O-])C(=O)OCc3occc3)C,7.82
124,CHEMBL1098804,COC(=O)C1=C(C)NC(=C(C1c2cccc(c2)[N+](=O)[O-])C(=O)OCc3cccs3)C,7.64
125,CHEMBL1094892,COC(=O)C1=C(C)NC(=C(C1c2cccc(c2)[N+](=O)[O-])C(=O)OC3Cc4ccccc4C3)C,7.37
126,CHEMBL1096843,COC(=O)C1=C(C)NC(=C(C1c2cccc(c2)[N+](=O)[O-])C(=O)OCCOc3ccccc3Cl)C,7.34
127,CHEMBL1096842,COC(=O)C1=C(C)NC(=C(C1c2cccc(c2)[N+](=O)[O-])C(=O)OC\C=C\c3ccccc3)C,7.43
128,CHEMBL1096841,COC(=O)C1=C(C)NC(=C(C1c2cccc(c2)[N+](=O)[O-])C(=O)OCCc3ccc(Cl)cc3)C,7.41
129,CHEMBL1096501,COC(=O)C1=C(C)NC(=C(C1c2cccc(c2)[N+](=O)[O-])C(=O)OCCCCc3ccccc3)C,7.42
130,CHEMBL1098840,COC(=O)C1=C(C)NC(=C(C1c2cccc(c2)[N+](=O)[O-])C(=O)OCCC(C)c3ccccc3)C,7.96
131,CHEMBL1098841,COC(=O)C1=C(C)NC(=C(C1c2cccc(c2)[N+](=O)[O-])C(=O)OCCCCc3ccc(OC)cc3)C,7.42
132,CHEMBL1098856,COC(=O)C1=C(C)NC(=C(C1c2cccc(c2)[N+](=O)[O-])C(=O)OCCOCc3ccccc3)C,7.92
133,CHEMBL1098871,COC(=O)C1=C(C)NC(=C(C1c2cccc(c2)[N+](=O)[O-])C(=O)OCCCOc3ccccc3)C,7.96
134,CHEMBL1095532,COC(=O)C1=C(C)NC(=C(C1c2cccc(c2)[N+](=O)[O-])C(=O)OCc3ccc(cc3)c4ccccc4)C,7.13
135,CHEMBL1097472,COC(=O)C1=C(C)NC(=C(C1c2cccc(c2)[N+](=O)[O-])C(=O)OCCC(c3ccccc3)c4ccccc4)C,6.57
136,CHEMBL1097473,COC(=O)C1=C(C)NC(=C(C1c2cccc(c2)[N+](=O)[O-])C(=O)OCC34CC5CC(C)(CC(C)(C5)C3)C4)C,5.3
137,CHEMBL1099188,CCOC(=O)C1=C(C)NC(=C(C1c2cccc(F)c2F)C(=O)OCC)C,8.0
138,CHEMBL1094352,CCOC(=O)C1=C(C)NC(=C(C1c2ccc(F)cc2F)C(=O)OCC)C,7.24
139,CHEMBL1099189,CC1=C(C#N)C(C(=C(C)N1)C#N)c2cccc(F)c2F,5.94
140,CHEMBL1086836,COC(=O)C1=C(C)NC(=C(C1c2ccccc2SC)C(=O)OC)C,7.46
141,CHEMBL1099222,CCOC(=O)C1=C(C)NC(=C(C1c2ccccc2SC)C(=O)OCC)C,7.82
142,CHEMBL30392,CO\C(=C\1/C(=NC(=C(C(=O)OC)C1(C)c2ccccc2)C)C)\O,5.64
143,CHEMBL1098491,CCOC(=O)C1=C(C)NC(=C(C(=O)OCC)C1(C)c2ccccc2)C,5.67
145,CHEMBL1094566,CCOC(=O)C1=C(C)OC(=C(C1c2cccc(c2)[N+](=O)[O-])C(=O)OCC)C,5.72
146,CHEMBL1097873,CCOC(=O)C1=C(C)NC(=C(C1c2ccc3ccccc3c2)C(=O)OCC=C)C,5.67
147,CHEMBL1096201,CCOC(=O)C1=C(C)NC(=C(C1c2ccc3ccccc3c2)C(=O)C)C,5.64
148,CHEMBL1098794,COC(=O)C1=C(C)NC(=C([C@H]1c2cccc(c2)[N+](=O)[O-])C(=O)OCCC#N)C,6.23
149,CHEMBL1098795,COC(=O)C1=C(C)NC(=C([C@@H]1c2cccc(c2)[N+](=O)[O-])C(=O)OCCC#N)C,6.4
150,CHEMBL1098796,CCOC(=O)C1=C(C)NC(=C([C@H]1c2cccc(c2)[N+](=O)[O-])C(=O)OCCC#N)C,6.68
151,CHEMBL1095663,CCOC(=O)C1=C(C)NC(=C([C@@H]1c2cccc(c2)[N+](=O)[O-])C(=O)OCCC#N)C,6.86
206,CHEMBL2381006,CC1(C)CCC[C@H]1N2C(=O)CC(=O)N(CCc3cccc(c3)C(F)(F)F)C2=O,5.57
207,CHEMBL2381005,FC(F)(F)c1cccc(CCN2C(=O)CC(=O)N([C@@H]3C[C@@H]4CC[C@H]3C4)C2=O)c1,5.68
208,CHEMBL2381004,FC(F)(F)c1cccc(CCN2C(=O)CC(=O)N([C@H]3C[C@H]4CC[C@@H]3C4)C2=O)c1,5.52
209,CHEMBL2381003,FC(F)(F)c1cccc(CCN2C(=O)CC(=O)N(C3CC4CCC3C4)C2=O)c1,5.62
210,CHEMBL2380926,Clc1cc(Cl)cc(CCN2C(=O)CC(=O)N(C3CC4CCC3C4)C2=O)c1,5.57
211,CHEMBL2380925,FC(F)(F)c1cc(CCN2C(=O)CC(=O)N(C3CC4CCC3C4)C2=O)cc(c1)C(F)(F)F,5.75
212,CHEMBL2380924,CC(C)(CN1C(=O)CC(=O)N(C2CC3CCC2C3)C1=O)c4cccc(Cl)c4,5.64
213,CHEMBL2380923,CC(CN1C(=O)CC(=O)N(C2CC3CCC2C3)C1=O)c4cccc(Cl)c4,5.62
214,CHEMBL2380922,CC(Cc1ccc(Cl)cc1)N2C(=O)CC(=O)N(C3CC4CCC3C4)C2=O,5.44
215,CHEMBL2380921,CC(CN1C(=O)CC(=O)N(C2CC3CCC2C3)C1=O)c4ccc(Cl)cc4,5.47
216,CHEMBL2380920,CC(C)(CN1C(=O)CC(=O)N(C2CCCC2)C1=O)c3cccc(c3)C(F)(F)F,5.66
217,CHEMBL2380919,CC(C)(CN1C(=O)CC(=O)N(C2CCCC2)C1=O)c3cccc(Cl)c3,5.62
218,CHEMBL2380918,CC(CN1C(=O)CC(=O)N(C2CCCC2)C1=O)c3cccc(Cl)c3,5.38
219,CHEMBL2380917,Clc1ccc(cc1)C2(CN3C(=O)CC(=O)N(C4CCCC4)C3=O)CC2,5.14
220,CHEMBL2380916,COC(=O)C(Cc1ccc(Cl)cc1)N2C(=O)CC(=O)N(C3CCCC3)C2=O,5.13
221,CHEMBL2380915,COC(=O)[C@@H](Cc1ccccc1)N2C(=O)CC(=O)N(C3CCCC3)C2=O,4.26
223,CHEMBL2380913,O=C1CC(=O)N(C2CCCC2)C(=O)N1CCc3ccc(OCc4ccccc4)cc3,4.47
224,CHEMBL2380912,O=C1CC(=O)N(C2CCCC2)C(=O)N1CCc3ccc(cc3)c4ccccc4,5.36
225,CHEMBL2380911,O=C1CC(=O)N(C2CCCC2)C(=O)N1CCC(c3ccccc3)c4ccccc4,5.39
226,CHEMBL2380910,O=C1CC(=O)N(C2CCCC2)C(=O)N1CC(c3ccccc3)c4ccccc4,5.28
227,CHEMBL2380909,CC(C)c1ccc(CCN2C(=O)CC(=O)N(C3CCCC3)C2=O)cc1,4.41
228,CHEMBL2380908,FC(F)(F)c1cc(CCN2C(=O)CC(=O)N(C3CCCC3)C2=O)cc(c1)C(F)(F)F,5.85
229,CHEMBL2380907,Clc1ccc(CCN2C(=O)CC(=O)N(C3CCCC3)C2=O)cc1Cl,5.92
230,CHEMBL2380906,Clc1cc(Cl)cc(CCN2C(=O)CC(=O)N(C3CCCC3)C2=O)c1,5.85
231,CHEMBL2380905,O=C1CC(=O)N(C2CCCC2)C(=O)N1CCCc3ccccc3,5.12
232,CHEMBL2380904,Clc1ccc(CN2C(=O)CC(=O)N(C3CCCC3)C2=O)cc1,4.75
233,CHEMBL2380903,Clc1cccc(CN2C(=O)CC(=O)N(C3CCCC3)C2=O)c1,4.37
235,CHEMBL2380901,C[C@@H](N1C(=O)CC(=O)N(C2CCCC2)C1=O)c3cccc4ccccc34,5.34
236,CHEMBL2380900,O=C1CC(=O)N(C2Cc3ccccc3C2)C(=O)N1C4CCCC4,4.84
237,CHEMBL2380899,O=C1CC(=O)N(C2CCc3ccccc23)C(=O)N1C4CCCC4,4.7
238,CHEMBL2380898,O=C1CC(=O)N(C2CCCc3ccccc23)C(=O)N1C4CCCC4,4.71
239,CHEMBL2380897,C[C@@H](N1C(=O)CC(=O)N(CCc2cccc(Cl)c2)C1=O)c3cccc4ccccc34,4.97
240,CHEMBL2380318,C[C@H]1CC[C@@H]([C@@H]1C)N2C(=O)CC(=O)N(CCc3cccc(Cl)c3)C2=O,5.51
241,CHEMBL2380896,CCC(CC)N1C(=O)CC(=O)N(CCc2cccc(Cl)c2)C1=O,4.93
242,CHEMBL2380895,CC(C)C(=O)O[C@H]1CCC[C@@H]1N2C(=O)CC(=O)N(CCc3cccc(Cl)c3)C2=O,4.86
243,CHEMBL2380894,CCOC(=O)[C@@H]1CCC[C@@H]1N2C(=O)CC(=O)N(CCc3cccc(Cl)c3)C2=O,4.92
244,CHEMBL2380893,CC(=O)O[C@@H]1CCC[C@@H]1N2C(=O)CC(=O)N(CCc3cccc(Cl)c3)C2=O,4.41
246,CHEMBL2380891,CO[C@H]1CCC[C@@H]1N2C(=O)CC(=O)N(CCc3cccc(Cl)c3)C2=O,4.52
248,CHEMBL2380889,Fc1cccc(CCOC(=O)[C@H]2CC[C@H](C2)N3C(=O)CC(=O)N(CCc4cccc(Cl)c4)C3=O)c1,5.01
250,CHEMBL2380887,CC(C)OC(=O)[C@H]1CC[C@H](C1)N2C(=O)CC(=O)N(CCc3cccc(Cl)c3)C2=O,4.98
252,CHEMBL2380885,Clc1cccc(CCN2C(=O)CC(=O)N([C@H]3CCN(C3)C(=O)OCc4ccccc4)C2=O)c1,4.3
253,CHEMBL2380884,CC(C)C(=O)OCC1(CCCC1)N2C(=O)CC(=O)N(CCc3cccc(Cl)c3)C2=O,4.92
254,CHEMBL2380883,CC(=O)OCC1(CCCC1)N2C(=O)CC(=O)N(CCc3cccc(Cl)c3)C2=O,4.41
255,CHEMBL2380882,COC(=O)C1(CCCC1)N2C(=O)CC(=O)N(CCc3cccc(Cl)c3)C2=O,4.49
256,CHEMBL2380881,C[C@@H]1[C@H](C[C@H]2C[C@@H]1C2(C)C)N3C(=O)CC(=O)N(CCc4ccc(Cl)cc4)C3=O,4.66
257,CHEMBL2381046,C[C@H]1[C@@H](C[C@@H]2C[C@H]1C2(C)C)N3C(=O)CC(=O)N(CCc4ccc(Cl)cc4)C3=O,4.75
260,CHEMBL2381043,Clc1ccc(CCN2C(=O)CC(=O)N([C@@H]3C[C@@H]4CC[C@H]3C4)C2=O)cc1,5.72
261,CHEMBL2381042,Clc1ccc(CCN2C(=O)CC(=O)N([C@H]3C[C@H]4CC[C@@H]3C4)C2=O)cc1,5.68
263,CHEMBL2381040,C[C@H](C1CCCCC1)N2C(=O)CC(=O)N(CCc3ccc(Cl)cc3)C2=O,5.09
264,CHEMBL2381039,C[C@@H](C1CCCCC1)N2C(=O)CC(=O)N(CCc3ccc(Cl)cc3)C2=O,5.08
265,CHEMBL2381038,C[C@H]1CCCC[C@H]1N2C(=O)CC(=O)N(CCc3ccc(Cl)cc3)C2=O,5.22
266,CHEMBL2381037,CC1CCC(CC1)N2C(=O)CC(=O)N(CCc3ccc(Cl)cc3)C2=O,4.96
267,CHEMBL2381036,C[C@H]1CCC[C@@H]1N2C(=O)CC(=O)N(CCc3ccc(Cl)cc3)C2=O,5.16
268,CHEMBL2381035,CCC1CCC(C1)N2C(=O)CC(=O)N(CCc3ccc(Cl)cc3)C2=O,5.17
269,CHEMBL2381034,CC1(C)CCC(C1)N2C(=O)CC(=O)N(CCc3ccc(Cl)cc3)C2=O,5.43
270,CHEMBL2381033,CC1CCC(C1)N2C(=O)CC(=O)N(CCc3ccc(Cl)cc3)C2=O,5.01
271,CHEMBL2381032,CC1(C)CCC[C@H]1N2C(=O)CC(=O)N(CCc3ccc(Cl)cc3)C2=O,5.33
272,CHEMBL2381031,CC1(C)CCC[C@@H]1N2C(=O)CC(=O)N(CCc3ccc(Cl)cc3)C2=O,5.77
273,CHEMBL2381030,C[C@H]1CCC[C@H]1N2C(=O)CC(=O)N(CCc3ccc(Cl)cc3)C2=O,5.55
274,CHEMBL2381029,C[C@@H]1CCC[C@@H]1N2C(=O)CC(=O)N(CCc3ccc(Cl)cc3)C2=O,5.51
275,CHEMBL2381028,Clc1ccc(CCN2C(=O)CC(=O)N(C3CC4CCC3C4)C2=O)cc1,5.25
278,CHEMBL2381025,CC1(C)[C@@H]2CC[C@H](CN3C(=O)CC(=O)N(CCc4cccc(Cl)c4)C3=O)[C@H]1C2,4.4
280,CHEMBL2381023,Clc1cccc(CCN2C(=O)CC(=O)N([C@@H]3C[C@@H]4CC[C@H]3C4)C2=O)c1,5.7
281,CHEMBL2381022,Clc1cccc(CCN2C(=O)CC(=O)N([C@H]3C[C@H]4CC[C@@H]3C4)C2=O)c1,5.46
283,CHEMBL2381020,C[C@H](C1CCCCC1)N2C(=O)CC(=O)N(CCc3cccc(Cl)c3)C2=O,5.01
284,CHEMBL2381019,C[C@@H](C1CCCCC1)N2C(=O)CC(=O)N(CCc3cccc(Cl)c3)C2=O,5.37
285,CHEMBL2381018,C[C@H]1CCCC[C@H]1N2C(=O)CC(=O)N(CCc3cccc(Cl)c3)C2=O,5.43
286,CHEMBL2381017,CC1CCC(CC1)N2C(=O)CC(=O)N(CCc3cccc(Cl)c3)C2=O,4.46
287,CHEMBL2381016,C[C@H]1CCC[C@@H]1N2C(=O)CC(=O)N(CCc3cccc(Cl)c3)C2=O,4.96
288,CHEMBL2381015,CCC1CCC(C1)N2C(=O)CC(=O)N(CCc3cccc(Cl)c3)C2=O,5.14
289,CHEMBL2381014,CC1(C)CCC(C1)N2C(=O)CC(=O)N(CCc3cccc(Cl)c3)C2=O,5.25
290,CHEMBL2381013,CC1CCC(C1)N2C(=O)CC(=O)N(CCc3cccc(Cl)c3)C2=O,5.43
291,CHEMBL2381012,CC1(C)CCC[C@H]1N2C(=O)CC(=O)N(CCc3cccc(Cl)c3)C2=O,5.6
292,CHEMBL2381011,CC1(C)CCC[C@@H]1N2C(=O)CC(=O)N(CCc3cccc(Cl)c3)C2=O,5.68
293,CHEMBL2381010,C[C@H]1CCC[C@H]1N2C(=O)CC(=O)N(CCc3cccc(Cl)c3)C2=O,5.14
294,CHEMBL2381009,C[C@@H]1CCC[C@@H]1N2C(=O)CC(=O)N(CCc3cccc(Cl)c3)C2=O,5.26
295,CHEMBL2381008,Clc1cccc(CCN2C(=O)CC(=O)N(C3CCCC3)C2=O)c1,5.2
301,CHEMBL167975,CC(C)OC(=O)C1=C(C)NC(=O)NC1c2cccc(c2)[N+](=O)[O-],4.33
302,CHEMBL2398403,COC(=O)N1[C@H](C(=C(C)NC1=O)C(=O)OC(C)C)c2cccc(c2)[N+](=O)[O-],4.46
303,CHEMBL2398416,CCOC(=O)N1C(C(=C(NC1=O)C(C)C)C(=O)OC)c2cccc(c2)[N+](=O)[O-],4.61
304,CHEMBL2398410,COC(=O)C1=C(C)NC(=O)NC1c2cccc(c2)[N+](=O)[O-],4.72
305,CHEMBL2398413,CC(C)OC(=O)C1=C(C)NC(=S)NC1c2cccc(c2)[N+](=O)[O-],4.8
306,CHEMBL2398424,CCOC(=O)N1C(C(=C(C)N(C(=O)OCC)C1=O)C(=O)OC)c2cccc(c2)[N+](=O)[O-],4.86
307,CHEMBL2398395,COC(=O)C1=C(C)OC(=C(C1c2cccc(c2)[N+](=O)[O-])C(=O)OC(C)C)NC(=O)C,4.87
308,CHEMBL2398405,COC(=O)N1[C@H](C(=C(C)NC1=S)C(=O)OC(C)C)c2cccc(c2)[N+](=O)[O-],4.89
309,CHEMBL2398398,COC(=O)N1C(C(=C(C)N=C1SC)C(=O)OC(C)C)c2cccc(c2)[N+](=O)[O-],4.97
310,CHEMBL282279,COC(=O)C1=C(C)N=C(NC1c2cccc(c2)[N+](=O)[O-])SC,4.97
311,CHEMBL2398420,COC(=O)C1=C(NC(=O)N(C1c2cccc(c2)[N+](=O)[O-])C(=O)OC(C)C)C(C)C,5.0
312,CHEMBL2398394,CCOC(=O)C1=C(NC(=O)C)OC(=C(C1c2cccc(c2)[N+](=O)[O-])C(=O)OC)C,5.0
313,CHEMBL2398393,CCOC(=O)C1=C(NC(=O)C(C)C)OC(=C(C1c2cccc(c2)[N+](=O)[O-])C(=O)OC)C,5.0
314,CHEMBL2398423,COC(=O)N1C(C(=C(C)N(C(=O)OC)C1=O)C(=O)OC(C)C)c2cccc(c2)[N+](=O)[O-],5.23
315,CHEMBL2398397,COC(=O)C1=C(C)N=C(SC)N(C1c2cccc(c2)[N+](=O)[O-])C(=O)OC(C)C,5.25
316,CHEMBL2398419,COC(=O)C1=C(C)NC(=O)N(C1c2cccc(c2)[N+](=O)[O-])C(=O)OC(C)C,5.34
317,CHEMBL2398422,CC(C)OC(=O)N1C(C(=C(NC1=O)C(C)C)C(=O)OC(C)C)c2cccc(c2)[N+](=O)[O-],5.37
318,CHEMBL2398399,CNC1=NC(=C(C(N1C(=O)OC(C)C)c2cccc(c2)[N+](=O)[O-])C(=O)OC)C,5.38
319,CHEMBL2398400,CNC1=NC(=C(C(N1C(=O)OC)c2cccc(c2)[N+](=O)[O-])C(=O)OC(C)C)C,5.49
320,CHEMBL2398414,COC(=O)N1C(C(=C(C)NC1=O)C(=O)OC(C)C)c2cccc(c2)[N+](=O)[O-],5.53
321,CHEMBL2398425,CCOC(=O)C1=C(N)OC(=C(C1c2cccc(c2)[N+](=O)[O-])C(=O)OC)C,5.57
323,CHEMBL2398407,CC(C)OC(=O)N1[C@H](C(=C(C)NC1=O)C(=O)OC(C)C)c2cccc(c2)[N+](=O)[O-],5.71
324,CHEMBL2398402,COC(=O)N1[C@@H](C(=C(C)NC1=O)C(=O)OC(C)C)c2cccc(c2)[N+](=O)[O-],5.72
325,CHEMBL2398396,CSC1=NC(C(=C(C)N1)C(=O)OC(C)C)c2cccc(c2)[N+](=O)[O-],5.73
326,CHEMBL2398408,COC(=O)C1=C(C)OC(=C(C1c2cccc(c2)[N+](=O)[O-])C(=O)OC(C)C)N,5.74
327,CHEMBL2398409,CC(C)OC(=O)C1=C(C)OC(=C(C1c2cccc(c2)[N+](=O)[O-])C(=O)OC(C)C)N,5.86
328,CHEMBL2398401,COC(=O)SC1=NC(=C(C(N1C(=O)OC)c2cccc(c2)[N+](=O)[O-])C(=O)OC(C)C)C,5.96
329,CHEMBL2398418,CC(C)OC(=O)C1=C(C)NC(=O)N(C1c2cccc(c2)[N+](=O)[O-])C(=O)C(C)C,6.0
330,CHEMBL2381007,COC(=O)C1=C(C)NC(=S)N(C1c2cccc(c2)[N+](=O)[O-])C(=O)OC(C)C,6.06
331,CHEMBL2398421,CC(C)OC(=O)N1C(C(=C(C)NC1=O)C(=O)OC(C)C)c2cccc(c2)[N+](=O)[O-],6.18
332,CHEMBL2398404,COC(=O)N1[C@@H](C(=C(C)NC1=S)C(=O)OC(C)C)c2cccc(c2)[N+](=O)[O-],6.25
333,CHEMBL2398415,COC(=O)N1C(C(=C(C)NC1=S)C(=O)OC(C)C)c2cccc(c2)[N+](=O)[O-],6.26
335,CHEMBL1648,COC(=O)C1=C(C)NC(=C(C1c2cccc3nonc23)C(=O)OC(C)C)C,6.66
