,molecule_chembl_id,canonical_smiles,pchembl_value
0,ziconotide,[H]N[C@H]1CSSC[C@@H]2NC(=O)[C@@H]3CSSC[C@H](NC(=O)[C@H](CCCCN)NC(=O)CNC(=O)[C@H](CO)NC(=O)[C@H](CCCNC(N)=N)NC(=O)[C@H](CSSC[C@H](NC(=O)[C@H](CCCCN)NC(=O)[C@H](C)NC(=O)CNC(=O)[C@H](CCCCN)NC(=O)CNC(=O)[C@H](CCCCN)NC1=O)C(=O)N[C@@H](CO)C(=O)N[C@@H](CCCNC(N)=N)C(=O)N[C@@H](CC(C)C)C(=O)N[C@@H](CCSC)C(=O)N[C@@H](CC1=CC=C(O)C=C1)C(=O)N[C@@H](CC(O)=O)C(=O)N3)NC(=O)[C@H](CO)NC(=O)CNC(=O)[C@@H](NC2=O)[C@@H](C)O)C(N)=O,8.55000019
1,CHEMBL420771,COc1ccc(CCCCN2CCc3c(O)c(CN4CCCCCC4)ccc3C2)cc1,5.0
2,CHEMBL3613811,COc1cc(CNCc2c[nH]c3ccc(Cl)cc23)cc(OC)c1OC,5.02
3,CHEMBL3613810,COc1cc(CNCc2ccc(Oc3ccc(cc3)C#N)cc2)cc(OC)c1OC,5.03
4,CHEMBL231826,COc1ccc(cc1)c2ncccc2C3SCC(=O)N3CC(C)C,5.05
5,CHEMBL234511,Fc1ccc(cc1Br)C2N(CCc3ccccn3)C(=O)CS2(=O)=O,5.09
6,CHEMBL80681,Oc1c(CN2CCCCCC2)ccc3CN(CCC(c4ccccc4)c5ccccc5)CCc13,5.13
7,CHEMBL3613804,COc1cc(CNCc2oc(cc2)c3cccc(c3)C(F)(F)F)cc(OC)c1OC,5.17
8,CHEMBL171631,CC(C)C[C@H](N1CCOCC1)C(=O)N[C@@H](Cc2ccc(OC(=O)c3ccccc3)cc2)C(=O)NC(C)(C)C,5.19
9,CHEMBL3613808,COc1ccc(cc1Cl)c2oc(CNCc3cc(OC)c(OC)c(OC)c3)cc2,5.23
10,CHEMBL171526,COc1ccc(COC(=O)[C@@H](N)CSCC2CCCCC2)cc1,5.24
11,CHEMBL210514,COc1nc(NCCCN2CCOCC2)nc(OC)c1NC(=O)c3oc(Oc4cc5c(CCC5(C)C)cc4C)cc3,5.28
12,CHEMBL2414772,CN[C@@H](CC(C)C)C(=O)N[C@H]1CC[C@@H]2CN(C[C@H]12)c3ccc(OC(F)(F)F)cc3,5.29
13,CHEMBL80735,Oc1c(CN2CCCCCC2)ccc3CN(CCCCc4ccc(F)cc4)CCc13,5.29
14,CHEMBL394578,CC(C)CN1C(SCC1=O)c2cccnc2c3ccc(F)cc3,5.31
15,CHEMBL3144390,Cl.Cl.CN(C)CCCCCN(C)C1=Nc2ccccc2C(CC(=O)NCc3ccccc3)N1c4ccc(cc4)c5ccccc5,5.31
16,CHEMBL2180891,CCCN(C1CCN(Cc2c(OC)cccc2OC)CC1)S(=O)(=O)c3cccc(c3)C(F)(F)F,5.32
17,CHEMBL80856,Oc1c(CN2CCCCCC2)ccc3CN(CCCCC(c4ccccc4)c5ccccc5)CCc13,5.32
18,CHEMBL234274,CC(C)CN1C(OCC1=O)c2cnccc2c3ccc(Br)cc3,5.36
19,CHEMBL171442,CCOC(=O)CN(C)[C@@H](CC(C)C)C(=O)N[C@@H](Cc1ccc(OC(=O)c2ccccc2)cc1)C(=O)NC(C)(C)C,5.36
20,CHEMBL312381,Oc1c(CN2CCCCC2)cc(Cc3cc(CN4CCCCC4)c(O)c5ncccc35)c6ccncc16,5.36
21,CHEMBL3613806,COc1cc(CNCc2oc(cc2)c3ccc(Cl)cc3)cc(OC)c1OC,5.37
22,CHEMBL234491,CC(C)CN1C(SCC1=O)c2ccncc2c3ccc(F)cc3,5.38
23,CHEMBL232034,CC(C)CN1C(SCC1=O)c2cnccc2c3ccccc3,5.4
24,CHEMBL234273,CC(C)CN1C([S+]([O-])CC1=O)c2cnccc2c3ccc(Br)cc3,5.4
25,CHEMBL171282,CC(C)C[C@H](N)C(=O)N[C@@H](Cc1ccc(OC(=O)c2ccccc2)cc1)C(=O)NC(C)(C)C,5.42
26,CHEMBL398158,CC(C)CN1[C@H](SCC1=O)c2cnccc2c3ccc(cc3)C(F)(F)F,5.48
27,CHEMBL115845,CC(C)Oc1cc(OCCc2ccc(cc2)C(=N)N)cc(OCc3ccccc3CCc4ccc(O)cc4)c1,5.48
28,CHEMBL173056,CC(C)C[C@H](N(C)C1CCOCC1)C(=O)N[C@@H](Cc2ccc(OC(=O)c3ccccc3)cc2)C(=O)NC(C)(C)C,5.51
29,CHEMBL451812,COC(OC)C1=C(C(C(=C(C)N1)C(=O)O)c2cccc(Cl)c2)C(=O)OC\C=C\c3ccccc3,5.52
30,CHEMBL353259,CC(C)C[C@H](N(C)C(C)C)C(=O)N[C@@H](Cc1ccc(OC(=O)c2ccccc2)cc1)C(=O)NC(C)(C)C,5.55
31,CHEMBL2414775,CC(C)C[C@H](NS(=O)(=O)C)C(=O)N[C@@H]1CC[C@H]2CN(Cc3cccc(c3)C(F)(F)F)C[C@@H]12,5.55
32,CHEMBL116780,CC(C)Oc1cc(OCCc2ccc(cc2)C(=N)N)cc(OCc3ccccc3CCc4cccc(O)c4)c1,5.57
33,CHEMBL176918,COc1ccc(COC(=O)[C@H](CSCC2CCCCC2)NC(=O)[C@@H]3CSCN3)cc1,5.57
34,CHEMBL2180887,CS(=O)(=O)c1ccc(F)cc1C(=O)N2CCC(CC2)N(C3CC3)S(=O)(=O)c4cc(ccc4F)C(F)(F)F,5.6
35,CHEMBL312166,Oc1c(CN2CCCCCC2)ccc3CN(CCCCC=C(c4ccccc4)c5ccccc5)CCc13,5.6
36,CHEMBL29188,COc1ccc(CN2CCN(CC2)C(c3ccc(F)cc3)c4ccc(F)cc4)c(OC)c1OC,5.61
37,CHEMBL390704,FC(F)(F)c1cccc(c1)C2SCC(=O)N2CCc3ccccn3,5.62
38,CHEMBL354153,CC(C)C[C@H](N(C)C)C(=O)N[C@@H](Cc1ccc(OC(=O)c2ccccc2)cc1)C(=O)NC(C)(C)C,5.64
39,CHEMBL354624,CN[C@@H](CC(C)C)C(=O)N[C@@H](Cc1ccc(OC(=O)c2ccccc2)cc1)C(=O)NC(C)(C)C,5.64
40,CHEMBL173002,CC(C)C[C@H](N(C)CCC(C)O)C(=O)N[C@@H](Cc1ccc(OC(=O)c2ccccc2)cc1)C(=O)NC(C)(C)C,5.66
41,CHEMBL398157,CC(C)CN1C(SCC1=O)c2cccnc2c3ccc(C)cc3,5.71
42,CHEMBL66001,CC(C)C[C@H](N(C)CCCc1ccccc1)C(=O)N[C@@H](Cc2ccc(OC(=O)c3ccccc3)cc2)C(=O)NC(C)(C)C,5.72
43,CHEMBL2414774,CN[C@@H](CC(C)C)C(=O)N[C@@H]1CC[C@H]2CN(Cc3cccc(c3)C(F)(F)F)C[C@@H]12,5.72
44,CHEMBL173582,COc1ccc(COC(=O)[C@H](CSCC2CCCCC2)NC(=O)c3cscn3)cc1,5.72
45,CHEMBL2414773,FC(F)(F)c1cccc(CN2C[C@@H]3CC[C@@H](NC(=O)C(C4CCCCC4)C5CCCCC5)[C@@H]3C2)c1,5.73
46,CHEMBL177237,CC(C)(C)OC(=O)N1CSC[C@H]1C(=O)N[C@@H](CSCC2CCCCC2)C(=O)NCc3ccc(O)cc3,5.75
47,CHEMBL419253,CC(C)C[C@H](N(C)CCc1ccccc1)C(=O)N[C@@H](Cc2ccc(OC(=O)c3ccccc3)cc2)C(=O)NC(C)(C)C,5.77
48,CHEMBL419068,CC(C)C[C@H](N(C)Cc1cccnc1)C(=O)N[C@@H](Cc2ccc(OC(=O)c3ccccc3)cc2)C(=O)NC(C)(C)C,5.77
49,flunarizine,Fc1ccc(cc1)C(N2CCN(C\C=C\c3ccccc3)CC2)c4ccc(F)cc4,5.78
50,CHEMBL390703,Fc1ccc(cc1Br)C2SCC(=O)N2CCc3ccccn3,5.78
51,CHEMBL302506,CC(C)C[C@H](N(C)Cc1occc1)C(=O)N[C@@H](Cc2ccc(OC(=O)c3ccccc3)cc2)C(=O)NC(C)(C)C,5.8
52,CHEMBL2030598,OC(=O)C1=CNC=C(C1c2cccc(Cl)c2)C(=O)OC\C=C\c3ccccc3,5.8
53,CHEMBL2414783,CC(C)(C)[C@H](N)C(=O)N[C@H]1CC[C@@H]2CN(C[C@H]12)S(=O)(=O)c3ccc(cc3)C(F)(F)F,5.82
54,CHEMBL352393,CCC(C)N(C)[C@@H](CC(C)C)C(=O)N[C@@H](Cc1ccc(OC(=O)c2ccccc2)cc1)C(=O)NC(C)(C)C,5.82
55,CHEMBL2030595,COC(OC)C1=C(C(C(=CN1)C(=O)O)c2ccc(OC)c(Cl)c2)C(=O)OC\C=C\c3ccccc3,5.82
56,CHEMBL171586,CC(C)C[C@H](N1CCCCC1)C(=O)N[C@@H](Cc2ccc(OC(=O)c3ccccc3)cc2)C(=O)NC(C)(C)C,5.85
57,CHEMBL234698,COc1ccc(cc1)c2cnccc2C3SCC(=O)N3CC(C)C,5.85
58,CHEMBL234916,FC(F)(F)c1ccc(cc1)c2cnccc2C3SCC(=O)N3C4CCCC4,5.86
59,CHEMBL390705,CC(C)CNC(=O)C1SC(N(CCc2ccccn2)C1=O)c3ccc(F)c(Br)c3,5.87
60,CHEMBL45816,COCC(=O)O[C@]1(CCN(C)CCCc2nc3ccccc3[nH]2)CCc4cc(F)ccc4[C@@H]1C(C)C,5.87
61,CHEMBL412849,Brc1ccc(cc1)c2ccncc2C3SCC(=O)N3C4CCCCC4,5.88
62,CHEMBL232848,CC(C)CN1C(SCC1=O)c2cccnc2c3ccc(C=C)cc3,5.88
63,CHEMBL395982,Brc1ccc(cc1)c2ccncc2C3SCC(=O)N3C4CC4,5.89
64,CHEMBL395109,CC(C)CN1C(SCC1=O)c2cnccc2c3ccc(F)cc3,5.89
65,CHEMBL234510,CC(C)CNC(=O)C1SC(N(CCc2ccccn2)C1=O)c3cccc(c3)C(F)(F)F,5.89
66,CHEMBL424169,COc1ccc(COC(=O)[C@H](CSCC2CCCCC2)NC(=O)C3CCCCC3)cc1,5.89
67,CHEMBL2030602,COc1ccc(cc1Cl)C2C(=CNC=C2C(=O)OC\C=C\c3ccccc3)C(=O)O,5.89
68,CHEMBL81663,Oc1c(CN2CCCCCC2)ccc3CN(CCCC(c4ccc(F)cc4)c5ccc(F)cc5)CCc13,5.89
69,CHEMBL234943,CC(C)CN1C(SCC1=O)c2cccnc2c3ccc(Cl)cc3,5.9
70,CHEMBL2414771,CN[C@@H](CC(C)C)C(=O)N[C@H]1CC[C@@H]2CN(C[C@H]12)c3ccc(cc3)C(F)(F)F,5.91
71,CHEMBL2414770,CN[C@@H](CC(C)C)C(=O)N[C@H]1CC[C@@H]2CN(C[C@H]12)c3cccc(c3)C(F)(F)F,5.92
72,CHEMBL2030596,COC(OC)C1=C(C(C(=CN1)C(=O)O)c2cc(Cl)c(OC)c(Cl)c2)C(=O)OC\C=C\c3ccccc3,5.92
73,CHEMBL171817,COc1ccc(COC(=O)[C@H](CSCC2CCCCC2)NC(=O)CC(C)C)cc1,5.92
74,CHEMBL2030599,OC(=O)C1=CNC=C(C1c2ccc(Cl)cc2)C(=O)OC\C=C\c3ccccc3,5.92
75,CHEMBL2030601,OC(=O)C1=CNC=C(C1c2cccc(c2)C(F)(F)F)C(=O)OC\C=C\c3ccccc3,5.92
76,CHEMBL1643719,CC(O)Cn1c(cc2cc(ccc12)C(C)(C)C(=O)NCC(F)(F)F)c3cc(C)cc(C)c3,5.93
77,CHEMBL1643718,CC(O)Cn1c(cc2cc(ccc12)C(C)(C)C(=O)NC3CC3)c4cc(C)cc(C)c4,5.94
78,CHEMBL2030592,COC(OC)C1=C(C(C(=CN1)C(=O)O)c2ccc(Cl)cc2)C(=O)OC\C=C\c3ccccc3,5.96
79,CHEMBL2030591,COC(OC)C1=C(C(C(=CN1)C(=O)O)c2cccc(Cl)c2)C(=O)OC\C=C\c3ccccc3,5.96
80,CHEMBL2030597,COC(OC)C1=C(C(C(=CN1)C(=O)O)c2cccc(c2)C(F)(F)F)C(=O)OC\C=C\c3ccccc3,5.96
81,CHEMBL2180889,CS(=O)(=O)c1ccc(F)cc1C(=O)N2CCC(CC2)N(C3CC3)S(=O)(=O)c4cccc(OC(F)(F)F)c4,5.96
82,CHEMBL310432,Oc1c(CN2CCCCCC2)ccc3CN(CCCCCC(c4ccccc4)c5ccccc5)CCc13,5.96
83,CHEMBL389103,CC(C)CN1C(SCC1=O)c2cnccc2c3ccc(cc3)C(F)(F)F,5.97
84,CHEMBL2414776,CC(C)C[C@H](N)C(=O)N[C@@H]1CC[C@H]2CN(C[C@@H]12)S(=O)(=O)c3cccc(c3)C(F)(F)F,5.98
85,CHEMBL307098,CC(C)C[C@H](N(C)Cc1ccc(O)cc1)C(=O)N[C@@H](Cc2ccc(OC(=O)c3ccccc3)cc2)C(=O)NC(C)(C)C,6.0
86,CHEMBL69748,CC(C)C[C@H](N(C)Cc1cccc(Cl)c1)C(=O)N[C@@H](Cc2ccc(OC(=O)c3ccccc3)cc2)C(=O)NC(C)(C)C,6.0
87,CHEMBL2030593,COC(OC)C1=C(C(C(=CN1)C(=O)O)c2cc(Cl)cc(Cl)c2)C(=O)OC\C=C\c3ccccc3,6.0
88,CHEMBL3092211,CS(=O)(=O)c1ccc(F)cc1C(=O)N2CC(C2)N(C3CC3)S(=O)(=O)c4cccc(c4)C(F)(F)F,6.01
89,CHEMBL2414781,CCC[C@H](NC)C(=O)N[C@H]1CC[C@@H]2CN(C[C@H]12)S(=O)(=O)c3ccc(cc3)C(F)(F)F,6.02
90,CHEMBL2414784,CC(C)(C)C[C@H](N)C(=O)N[C@H]1CC[C@@H]2CN(C[C@H]12)S(=O)(=O)c3ccc(cc3)C(F)(F)F,6.03
91,CHEMBL170403,COc1ccc(COC(=O)[C@H](CSCC2CCCCC2)NC(=O)C3CCCC3)cc1,6.04
92,CHEMBL1643714,CC(O)Cn1c(cc2cc(ccc12)C(C)(C)C(=O)N(C)C)c3cc(C)cc(C)c3,6.06
93,CHEMBL1643712,CCCN[C@@H](C)c1c([nH]c2ccc(cc12)C(C)(C)C(=O)N3C4CCC3CC4)c5cc(C)cc(C)c5,6.06
94,CHEMBL243019,CCc1ccc(cc1)c2ccncc2C3SCC(=O)N3CC(C)C,6.06
95,CHEMBL2414786,CN[C@@H](Cc1ccccc1)C(=O)N[C@H]2CC[C@@H]3CN(C[C@H]23)S(=O)(=O)c4ccc(cc4)C(F)(F)F,6.06
96,CHEMBL366890,COc1ccc(COC(=O)[C@H](CSCC2CCCCC2)NC(=O)[C@@H]3CCCN3C(=O)OC(C)(C)C)cc1,6.06
97,CHEMBL2414778,CN[C@@H](CC(C)C)C(=O)N[C@@H]1CC[C@H]2CN(C[C@@H]12)S(=O)(=O)c3ccc(cc3)C(F)(F)F,6.07
98,CHEMBL2414780,CN[C@@H](CC(C)C)C(=O)N[C@H]1CC[C@@H]2CN(C[C@H]12)S(=O)(=O)c3ccc(cc3)C(F)(F)F,6.07
99,CHEMBL2414785,CN[C@@H](CC(C)(C)C)C(=O)N[C@H]1CC[C@@H]2CN(C[C@H]12)S(=O)(=O)c3ccc(cc3)C(F)(F)F,6.08
100,CHEMBL2030603,COc1c(Cl)cc(cc1Cl)C2C(=CNC=C2C(=O)OC\C=C\c3ccccc3)C(=O)O,6.08
101,CHEMBL3092207,NC(=O)c1ccc(C(=O)N2CCC(CC2)N(C3CC3)S(=O)(=O)c4cccc(c4)C(F)(F)F)c(c1)C(F)(F)F,6.12
102,CHEMBL2414782,CCCC[C@H](NC)C(=O)N[C@H]1CC[C@@H]2CN(C[C@H]12)S(=O)(=O)c3ccc(cc3)C(F)(F)F,6.13
103,CHEMBL2030600,OC(=O)C1=CNC=C(C1c2ccc(Cl)c(Cl)c2)C(=O)OC\C=C\c3ccccc3,6.13
104,CHEMBL232849,CC(C)CN1[C@H](SCC1=O)c2cnccc2c3ccc(C)cc3,6.14
105,CHEMBL353717,COc1ccc(COC(=O)[C@H](CSCC2CCCCC2)NC(=O)OCC(C)C)cc1,6.14
106,CHEMBL3092209,CC1(CCN(CC1)C(=O)c2cc(F)ccc2S(=O)(=O)C)N(C3CC3)S(=O)(=O)c4cccc(c4)C(F)(F)F,6.15
107,CHEMBL231799,CC(C)CN1C(SCC1=O)c2cccnc2c3ccc(Br)cc3,6.16
108,CHEMBL420920,CC(C)C[C@H](N(C)CC1CCCCC1)C(=O)N[C@@H](Cc2ccc(OC(=O)c3ccccc3)cc2)C(=O)NC(C)(C)C,6.16
109,CHEMBL1643720,CC(O)Cn1c(cc2cc(ccc12)C(=O)NC(C)(C)C)c3cc(C)cc(C)c3,6.17
110,CHEMBL3092199,CS(=O)(=O)c1ccc(cc1C(=O)N2CCC(CC2)N(C3CC3)S(=O)(=O)c4cccc(c4)C(F)(F)F)C#N,6.17
111,CHEMBL75902,CC(C)(C)OC(=O)N1CSC[C@H]1C(=O)N[C@@H](CSCC2CCCCC2)C(=O)N3CCC(CC3)Nc4ccccc4,6.18
112,CHEMBL234938,CC(C)CN1C(SCC1=O)c2cnccc2c3ccc(Br)cc3,6.18
113,CHEMBL2180902,CS(=O)(=O)c1ccccc1C(=O)N2CCC(CC2)N(C3CC3)S(=O)(=O)c4cccc(c4)C(F)(F)F,6.18
114,CHEMBL1643723,Cc1cc(C)cc(c1)c2cc3cc(ccc3n2CC(=O)OC(C)(C)C)C(C)(C)C(=O)NC(C)(C)C,6.18
115,CHEMBL431324,COc1ccc(CNC(=O)[C@H](CSCC2CCCC2)NC(=O)OC(C)(C)C)cc1,6.19
116,CHEMBL232032,Brc1ccc(cc1)c2ccncc2C3SCC(=O)N3C4CCCC4,6.2
117,CHEMBL2414777,CN[C@@H](CC(C)C)C(=O)N[C@@H]1CC[C@H]2CN(C[C@@H]12)S(=O)(=O)c3cccc(c3)C(F)(F)F,6.2
118,CHEMBL172239,CC(C)(C)OC(=O)N1CSC[C@H]1C(=O)N[C@@H](CSCC2CCCCC2)C(=O)NCc3ccc(cc3)[N+](=O)[O-],6.22
119,CHEMBL245171,CC(C)CN1C(SCC1=O)c2cnccc2c3ccc(Cl)cc3,6.22
120,CHEMBL1643713,CCOC(=O)C(C)(C)c1ccc2c(c1)c([C@H](C)CO)c(c3cc(C)cc(C)c3)n2C(=O)OC(C)(C)C,6.22
121,CHEMBL366590,CN(C)c1ccc(CNC(=O)[C@H](CSCC2CCCCC2)NC(=O)[C@@H]3CSCN3C(=O)OC(C)(C)C)cc1,6.22
122,CHEMBL173121,COc1ccc(COC(=O)[C@H](CSCC2CCCCC2)NC(=O)OC(C)(C)C)cc1,6.22
123,CHEMBL234914,CC(C)CN1C(SCC1=O)c2ccncc2c3ccc(C)cc3,6.23
124,CHEMBL334438,CC(C)C[C@H](NC(=O)N1CCCCCC1)C(=O)N[C@@H](Cc2ccc(OC(=O)c3ccccc3)cc2)C(=O)NC(C)(C)C,6.23
125,CHEMBL234490,CC(C)CN1C(SCC1=O)c2ccncc2c3ccc(Cl)cc3,6.24
126,CHEMBL2414769,CCN[C@@H](CC(C)(C)C)C(=O)N[C@H]1CC[C@@H]2CN(C[C@H]12)S(=O)(=O)c3ccc(cc3)C(F)(F)F,6.24
127,CHEMBL67766,CC(C)C[C@H](N(C)Cc1ccccc1Cl)C(=O)N[C@@H](Cc2ccc(OC(=O)c3ccccc3)cc2)C(=O)NC(C)(C)C,6.25
128,CHEMBL2180905,CS(=O)(=O)c1ccc(F)cc1C(=O)N2CCC(CC2)N(C3CC3)S(=O)(=O)c4cccc(c4)C(F)(F)F,6.25
129,CHEMBL268157,FC(F)(F)c1ccc(cc1)c2ncccc2C3SCC(=O)N3C4CCCC4,6.25
130,CHEMBL1643726,Cc1cc(C)cc(c1)c2cc3cc(ccc3n2Cc4c(C)onc4C)C(C)(C)C(=O)NC(C)(C)C,6.27
131,CHEMBL234915,CC(C)CN1C(SCC1=O)c2ccncc2c3ccc(C=C)cc3,6.28
132,CHEMBL2030594,COC(OC)C1=C(C(C(=CN1)C(=O)O)c2ccc(Cl)c(Cl)c2)C(=O)OC\C=C\c3ccccc3,6.28
133,CHEMBL1643725,COCCn1c(cc2cc(ccc12)C(C)(C)C(=O)NC(C)(C)C)c3cc(C)cc(C)c3,6.28
134,CHEMBL3092198,CC(C)(C1CCN(CC1)C(=O)c2cc(F)ccc2S(=O)(=O)C)S(=O)(=O)c3cccc(c3)C(F)(F)F,6.29
135,CHEMBL233855,CC(C)CN1C(SCC1=O)c2cnccc2c3ccc(C=C)cc3,6.29
136,CHEMBL306399,CC(C)(C)OC(=O)N1CSC[C@H]1C(=O)N[C@@H](CSCC2CCCCC2)C(=O)N3CCC(CC3)NCc4ccccc4,6.3
137,CHEMBL170243,CC(C)(C)OC(=O)N1CSC[C@H]1C(=O)N[C@@H](CSCC2CCCCC2)C(=O)NCc3ccc(OCc4ccccc4)cc3,6.3
138,CHEMBL389993,CC(C)CN1C(SCC1=O)c2ccncc2c3ccc(Br)cc3,6.3
139,CHEMBL419805,COc1ccc(CN(C)[C@@H](CC(C)C)C(=O)N[C@@H](Cc2ccc(OC(=O)c3ccccc3)cc2)C(=O)NC(C)(C)C)cc1,6.3
140,CHEMBL245173,CC(C)CN1C(SCC1=O)c2cnccc2c3ccc(C)cc3,6.31
141,CHEMBL3092216,CCN(C1CCN(CC1)C(=O)c2ccccc2OC(F)(F)F)S(=O)(=O)c3cccc(c3)C(F)(F)F,6.33
142,CHEMBL2414779,CC(C)C[C@H](N(C)C)C(=O)N[C@@H]1CC[C@H]2CN(C[C@@H]12)S(=O)(=O)c3cccc(c3)C(F)(F)F,6.34
143,CHEMBL3092215,CN(C1CCN(CC1)C(=O)c2ccccc2S(=O)(=O)C)S(=O)(=O)c3cccc(c3)C(F)(F)F,6.34
144,CHEMBL78017,Oc1c(CN2CCCCCC2)ccc3CN(CCCC(c4ccccc4)c5ccccc5)CCc13,6.34
145,CHEMBL3092200,CS(=O)(=O)c1cc(ccc1C(=O)N2CCC(CC2)N(C3CC3)S(=O)(=O)c4cccc(c4)C(F)(F)F)C#N,6.35
146,CHEMBL3092213,C[C@H]1[C@@H](CN1C(=O)c2cc(F)ccc2S(=O)(=O)C)N(C3CC3)S(=O)(=O)c4cccc(c4)C(F)(F)F,6.37
147,CHEMBL170471,CC(C)C[C@H](N(C)CCC(C)(C)C)C(=O)N[C@@H](Cc1ccc(OC(=O)c2ccccc2)cc1)C(=O)NC(C)(C)C,6.4
148,CHEMBL433125,CC(C)(C)OC(=O)N1CSC[C@H]1C(=O)N[C@@H](CSCC2CCCCC2)C(=O)N3CCN(CC3)c4ccccc4,6.41
149,CHEMBL2414787,CC(C)N[C@@H](CC(C)(C)C)C(=O)N[C@H]1CC[C@@H]2CN(C[C@H]12)S(=O)(=O)c3ccc(cc3)C(F)(F)F,6.41
150,CHEMBL170453,COc1ccc(COC(=O)[C@H](CSCC2CCCCC2)NC(=O)[C@@H]3CSCN3C(=O)OC(C)(C)C)cc1,6.41
151,CHEMBL3092208,NC(=O)c1ccc(C(=O)N2CCC(CC2)N(C3CC3)S(=O)(=O)c4cccc(c4)C(F)(F)F)c(OC(F)(F)F)c1,6.41
152,CHEMBL308984,CC(C)(C)OC(=O)N1CSC[C@H]1C(=O)N[C@@H](CSCC2CCCCC2)C(=O)NCCNCc3ccccc3,6.42
153,CHEMBL369244,CC(C)C[C@H](N(C)CC(C)C)C(=O)N[C@@H](Cc1ccc(OC(=O)c2ccccc2)cc1)C(=O)NC(C)(C)C,6.42
154,CHEMBL2180897,COC(=O)c1cccc(c1)C(=O)N2CCC(CC2)N(C3CC3)S(=O)(=O)c4cccc(c4)C(F)(F)F,6.42
155,CHEMBL3092212,C[C@@H]1[C@@H](CN1C(=O)c2cc(F)ccc2S(=O)(=O)C)N(C3CC3)S(=O)(=O)c4cccc(c4)C(F)(F)F,6.42
156,CHEMBL72446,CC(C)(C)OC(=O)N1CSC[C@H]1C(=O)N[C@@H](CSCC2CCCCC2)C(=O)N3CCN(Cc4ccccc4)CC3,6.43
157,CHEMBL3092223,CC(C1CCN(CC1)C(=O)c2ccc(cc2OC(F)(F)F)S(=O)(=O)C)S(=O)(=O)c3cccc(c3)C(F)(F)F,6.43
158,CHEMBL3092210,CS(=O)(=O)c1ccc(F)cc1C(=O)N2CCC(C2)N(C3CC3)S(=O)(=O)c4cccc(c4)C(F)(F)F,6.43
159,CHEMBL2180895,FC(F)(F)Oc1cccc(c1)C(=O)N2CCC(CC2)N(C3CC3)S(=O)(=O)c4cccc(c4)C(F)(F)F,6.43
160,CHEMBL170618,CC(C)COC(=O)N1CSC[C@H]1C(=O)N[C@@H](CSCC2CCCCC2)C(=O)NCc3ccc(Oc4ccccc4)cc3,6.44
161,CHEMBL303609,CC(C)C[C@H](N(C)Cc1ccccc1)C(=O)N[C@@H](Cc2ccc(OC(=O)c3ccccc3)cc2)C(=O)NC(C)(C)C,6.44
162,CHEMBL3092222,CS(=O)(=O)c1ccc(C(=O)N2CCC(CS(=O)(=O)c3cccc(c3)C(F)(F)F)CC2)c(OC(F)(F)F)c1,6.44
163,CHEMBL3092203,CS(=O)(=O)c1ccc(C(=O)N2CCC(CC2)N(C3CC3)S(=O)(=O)c4cccc(c4)C(F)(F)F)c(F)c1,6.46
164,CHEMBL172384,OCCN1CSC[C@H]1C(=O)N[C@@H](CSCC2CCCCC2)C(=O)NCc3ccc(Oc4ccccc4)cc3,6.46
165,CHEMBL3092202,CS(=O)(=O)c1ccc(Cl)c(c1)C(=O)N2CCC(CC2)N(C3CC3)S(=O)(=O)c4cccc(c4)C(F)(F)F,6.47
166,CHEMBL170698,C=CCOC(=O)N1CSC[C@H]1C(=O)N[C@@H](CSCC2CCCCC2)C(=O)NCc3ccc(Oc4ccccc4)cc3,6.48
167,CHEMBL73525,CC(C)(C)OC(=O)N1CSC[C@H]1C(=O)N[C@@H](CSCC2CCCCC2)C(=O)NC3CCN(Cc4ccccc4)CC3,6.48
168,CHEMBL277085,CC(C)CCN(C)[C@@H](CC(C)C)C(=O)N[C@@H](Cc1ccc(OC(=O)c2ccccc2)cc1)C(=O)NC(C)(C)C,6.5
169,CHEMBL135329,CC(C)C[C@H](NC(=O)N1CCCCCC1)C(=O)N[C@@H](Cc2ccc(OC(=O)c3ccccc3)cc2)C(=O)OC(C)(C)C,6.5
170,CHEMBL3092219,CS(=O)(=O)c1ccc(C(=O)N2CCC3(CCN(CC3)S(=O)(=O)c4cccc(c4)C(F)(F)F)C2)c(c1)C(F)(F)F,6.51
171,CHEMBL2180896,FC(F)(F)Oc1ccc(cc1)C(=O)N2CCC(CC2)N(C3CC3)S(=O)(=O)c4cccc(c4)C(F)(F)F,6.52
172,CHEMBL3092204,CS(=O)(=O)c1ccc(C(=O)N2CCC(CC2)N(C3CC3)S(=O)(=O)c4cccc(c4)C(F)(F)F)c(Cl)c1,6.54
173,CHEMBL353606,O=C(NCc1ccc(Oc2ccccc2)cc1)[C@H](CSCC3CCCCC3)NC(=O)[C@@H]4CSCN4,6.54
174,CHEMBL68088,CC(C)C[C@H](N(C)Cc1ccc(cc1)N(C)C)C(=O)N[C@@H](Cc2ccc(OC(=O)c3ccccc3)cc2)C(=O)NC(C)(C)C,6.55
175,CHEMBL173060,CCCCN(C)[C@@H](CC(C)C)C(=O)N[C@@H](Cc1ccc(OC(=O)c2ccccc2)cc1)C(=O)NC(C)(C)C,6.55
176,CHEMBL3092217,CS(=O)(=O)c1ccc(C(=O)N2CC(C2)N(C3CC3)S(=O)(=O)c4cccc(c4)C(F)(F)F)c(c1)C(F)(F)F,6.57
177,CHEMBL2180898,CN(C)c1cccc(c1)C(=O)N2CCC(CC2)N(C3CC3)S(=O)(=O)c4cccc(c4)C(F)(F)F,6.62
178,CHEMBL303039,CC(C)C[C@H](N(C)Cc1ccc(Cl)cc1)C(=O)N[C@@H](Cc2ccc(OC(=O)c3ccccc3)cc2)C(=O)NC(C)(C)C,6.64
179,CHEMBL231820,CCC(C)N1C(SCC1=O)c2cnccc2c3ccc(Br)cc3,6.68
180,CHEMBL422741,CC(C)C[C@H](N(C)C1CCCCC1)C(=O)N[C@@H](Cc2ccc(OC(=O)c3ccccc3)cc2)C(=O)NC(C)(C)C,6.7
181,CHEMBL554925,COCCN1CSC[C@H]1C(=O)N[C@@H](CSCC2CCCCC2)C(=O)NCc3ccc(Oc4ccccc4)cc3,6.7
182,CHEMBL3092214,CS(=O)(=O)c1ccc(F)cc1C(=O)N2CCC3(CCN(CC3)S(=O)(=O)c4cccc(c4)C(F)(F)F)C2,6.72
183,CHEMBL1643724,Cc1cc(C)cc(c1)c2cc3cc(ccc3n2CC(=O)NC(C)(C)C)C(C)(C)C(=O)NC(C)(C)C,6.72
184,CHEMBL76163,CC(C)(C)OC(=O)N1CSC[C@H]1C(=O)N[C@@H](CSCC2CCCCC2)C(=O)NC3CCN(CC3)c4ccccc4,6.82
185,CHEMBL74345,CC(C)(C)OC(=O)N1CSC[C@H]1C(=O)N[C@@H](CSCC2CCCCC2)C(=O)NCc3ccc(Oc4ccccc4)cc3,6.85
186,CHEMBL430996,CC(C)C[C@H](N(C)Cc1ccc(Br)cc1)C(=O)N[C@@H](Cc2ccc(OC(=O)c3ccccc3)cc2)C(=O)NC(C)(C)C,6.89
187,CHEMBL355833,COC(=O)N1CSC[C@H]1C(=O)N[C@@H](CSCC2CCCCC2)C(=O)NCc3ccc(Oc4ccccc4)cc3,6.92
188,CHEMBL355254,COCC(=O)N1CSC[C@H]1C(=O)N[C@@H](CSCC2CCCCC2)C(=O)NCc3ccc(Oc4ccccc4)cc3,6.92
189,CHEMBL2180894,FC(F)(F)Oc1ccccc1C(=O)N2CCC(CC2)N(C3CC3)S(=O)(=O)c4cccc(c4)C(F)(F)F,6.92
190,CHEMBL3092197,CC(C)(C1CCN(CC1)C(=O)c2ccc(cc2OC(F)(F)F)S(=O)(=O)C)S(=O)(=O)c3cccc(c3)C(F)(F)F,7.04
191,CHEMBL3092220,CS(=O)(=O)c1cc(ccc1C(=O)N2CCC3(CCN(CC3)S(=O)(=O)c4cccc(c4)C(F)(F)F)C2)C(F)(F)F,7.14
192,CHEMBL2180892,COc1cccc(OC)c1CN2CCC(CC2)N(C3CC3)S(=O)(=O)c4cccc(c4)C(F)(F)F,7.22
193,CHEMBL3092206,CS(=O)(=O)c1ccc(C(=O)N2CCC(CC2)N(C3CC3)S(=O)(=O)c4cccc(c4)C(F)(F)F)c(OC(F)(F)F)c1,7.32
194,CHEMBL3092218,C[C@H]1[C@@H](CN1C(=O)c2ccc(cc2Cl)S(=O)(=O)C)N(C3CC3)S(=O)(=O)c4cccc(c4)C(F)(F)F,7.32
195,CHEMBL304309,CC(C)C[C@H](N(C)Cc1ccc(cc1)C(C)(C)C)C(=O)N[C@@H](Cc2ccc(OC(=O)c3ccccc3)cc2)C(=O)NC(C)(C)C,7.44
196,CHEMBL3092201,CS(=O)(=O)c1cc(ccc1C(=O)N2CCC(CC2)N(C3CC3)S(=O)(=O)c4cccc(c4)C(F)(F)F)C(F)(F)F,7.57
197,CHEMBL3092205,CS(=O)(=O)c1ccc(C(=O)N2CCC(CC2)N(C3CC3)S(=O)(=O)c4cccc(c4)C(F)(F)F)c(c1)C(F)(F)F,7.68
0,CHEMBL275614,CC(C)CCN1CCN(C)CC1C(=O)N[C@@H](Cc2ccc(OC(=O)c3ccccc3)cc2)C(=O)OC(C)(C)C,6.0
1,CHEMBL13798,CC(C)CCN1CCC(CC1C(=O)N[C@@H](Cc2ccc(OC(=O)c3ccccc3)cc2)C(=O)OC(C)(C)C)C(C)C,6.31
2,CHEMBL275612,CC(C)CCN[C@@H](CC(C)C)C(=O)N[C@@H](Cc1ccc(OC(=O)c2ccccc2)cc1)C(=O)NC(C)(C)C,6.52
3,CHEMBL277819,CC(C)CCN[C@@H](CC(C)C)C(=O)N[C@@H](Cc1ccc(OC(=O)c2ccccc2)cc1)C(=O)OC(C)(C)C,6.4
4,CHEMBL430104,CC(C)CCN(C)[C@H](CC(C)C)C(=O)N[C@@H](Cc1ccc(OC(=O)c2ccccc2)cc1)C(=O)NC(C)(C)C,6.43
6,CHEMBL13674,CC(C)CCN1C(C)CCCC1C(=O)N[C@@H](Cc2ccc(OC(=O)c3ccccc3)cc2)C(=O)OC(C)(C)C,6.5
7,CHEMBL13944,CC(C)CCN1CCCCC1C(=O)N[C@@H](Cc2ccc(OC(=O)c3ccccc3)cc2)C(=O)OC(C)(C)C,6.0
8,CHEMBL273705,CC(C)CCN(C)[C@@H](C(C)C)C(=O)N[C@@H](Cc1ccc(OC(=O)c2ccccc2)cc1)C(=O)NC(C)(C)C,6.08
9,CHEMBL14091,CC(C)CCN(C)CC(=O)N[C@@H](Cc1ccc(OC(=O)c2ccccc2)cc1)C(=O)NC(C)(C)C,5.8
10,CHEMBL13989,CC(C)CCN1CCCC(C)C1C(=O)N[C@@H](Cc2ccc(OC(=O)c3ccccc3)cc2)C(=O)OC(C)(C)C,5.96
11,CHEMBL273893,CC(C)CCN1CCC(CC1)C(=O)N[C@@H](Cc2ccc(OC(=O)c3ccccc3)cc2)C(=O)OC(C)(C)C,5.82
12,CHEMBL13959,CC(C)CCN1CCC(C)CC1C(=O)N[C@@H](Cc2ccc(OC(=O)c3ccccc3)cc2)C(=O)OC(C)(C)C,6.11
36,CHEMBL314816,CC(C)CCN(C1CCN(CC1)C(=O)[C@H](CC(C)C)NC(=O)N2CCCCCC2)c3ccc(NCCC(C)O)cc3,5.75
37,CHEMBL315003,CC(C)CCN(C1CCN(CC1)C(=O)[C@H](CC(C)C)NC(=O)N2CCCCCC2)c3ccc(O)cc3,5.96
38,CHEMBL311456,CC(C)CCN(C1CCN(CC1)C(=O)[C@H](CC(C)C)NC(=O)N2CCCCCC2)c3ccc(NCc4ccccn4)cc3,5.96
39,CHEMBL81861,CC(C)CCN(C1CCN(CC1)C(=O)[C@H](CC(C)C)NC(=O)N2CCCCCC2)c3ccc(NCC4CCCCC4)cc3,6.54
40,CHEMBL79649,CC(C)CCN(C1CCN(CC1)C(=O)[C@H](CC(C)C)NC(=O)N2CCCCCC2)c3ccc(NCCC(C)(C)C)cc3,6.75
41,CHEMBL312235,CC(C)C[C@H](NC(=O)N1CCCCCC1)C(=O)N2CCC(CC2)N(CC=C(C)C)c3ccc(CCc4ccccc4)cc3,6.17
42,CHEMBL82536,CC(C)CCN(C1CCN(CC1)C(=O)[C@H](CC(C)C)NC(=O)N2CCCCCC2)c3ccc(NCc4ccccc4)cc3,6.4
43,CHEMBL81629,CC(C)CCN(C1CCN(CC1)C(=O)[C@H](CC(C)C)NC(=O)N2CCCCCC2)c3ccc(N)cc3,5.66
44,CHEMBL81973,CC(C)CCN(C1CCN(CC1)C(=O)[C@H](CC(C)C)NC(=O)N2CCCCCC2)c3ccc(NCc4ccc(O)cc4)cc3,6.16
45,CHEMBL81511,CC(C)CCN(C1CCN(CC1)C(=O)[C@H](CC(C)C)NC(=O)N2CCCCCC2)c3ccc(NCc4ccc(cc4)N(C)C)cc3,6.31
47,CHEMBL311867,CC(C)C[C@H](NC(=O)N1CCCCCC1)C(=O)N2CCC(CC2)N(CC=C(C)C)c3ccc(OCc4ccccc4)cc3,6.47
48,CHEMBL80994,CC(C)CCN(C1CCN(CC1)C(=O)[C@H](CC(C)C)NC(=O)N2CCCCCC2)c3ccc(OCc4ccccc4)cc3,6.72
49,CHEMBL79868,CC(C)C[C@H](NC(=O)N1CCCCCC1)C(=O)N2CCC(CC2)N(CC=C(C)C)c3ccccc3,6.0
76,CHEMBL452325,Cl.CN[C@@H](CC(C)C)C(=O)NCCCC(c1ccc(F)cc1)c2ccc(F)cc2,5.82
102,CHEMBL309614,CC(CCCN(Cc1ccccc1)Cc2ccccc2)(c3ccc(O)c(CN4CCCCCC4)c3)c5ccc(O)c(CN6CCCCCC6)c5,6.37
105,CHEMBL310428,CC(CCC(O)(c1ccccc1)c2ccccc2)(c3ccc(O)c(CN4CCCCCC4)c3)c5ccc(O)c(CN6CCCCCC6)c5,6.31
106,CHEMBL310442,Oc1ccc(cc1CN2CCCCCC2)C(CNC(=O)c3ccccc3)c4ccc(O)c(CN5CCCCCC5)c4,4.77
108,CHEMBL78968,Oc1c(CN2CCCCCC2)ccc3cnccc13,4.46
109,CHEMBL81155,Oc1c(\C=N/C2CCCCC2)ccc3cnccc13,4.46
110,CHEMBL79068,Oc1c(CN2CCCCCC2)ccc3CN(CCCCc4ccccc4)CCc13,4.82
111,CHEMBL309411,CC(NC(=O)c1ccccc1)C(c2ccc(O)c(CN3CCCCCC3)c2)c4ccc(O)c(CN5CCCCCC5)c4,4.85
112,CHEMBL310763,Oc1ccc(cc1CN2CCCCCC2)C(CNC(=O)C(c3ccccc3)c4ccccc4)c5ccc(O)c(CN6CCCCCC6)c5,5.75
115,CHEMBL78546,CC(CCC(O)(c1ccccc1)c2ccccc2)(c3ccc(O)cc3)c4ccc(O)c(CN5CCCCCC5)c4,5.75
118,CHEMBL84404,CC(CCC(c1ccccc1)c2ccccc2)(c3ccc(O)c(CN4CCCCCC4)c3)c5ccc(O)c(CN6CCCCCC6)c5,6.13
123,CHEMBL421719,CC(C)(c1ccc(O)c(CN2CCCCCC2)c1)c3ccc(O)c(CN4CCCCCC4)c3,6.01
124,CHEMBL292090,COc1ccccc1COC(=O)[C@H](CC(=O)OC2CCCC2)NC(=O)OC(C)(C)C,5.27
125,CHEMBL408390,CC(C)C[C@H](N(C)CC1CCCCC1)C(=O)N[C@@H](Cc2ccc(OCc3ccccc3)cc2)C(=O)NCCN4CCCCC4,6.0
126,CHEMBL172936,CC(C)C[C@H](N(C)CC1CCCCC1)C(=O)N[C@@H](Cc2ccc(OCc3ccccc3)cc2)C(=O)N4CCN(C)CC4,5.92
128,CHEMBL135637,CCN(C1CCN(CC1)C(=O)[C@H](CC(C)C)NC(=O)N2CCCCCC2)c3ccc(OCc4ccccc4)cc3,6.08
129,CHEMBL423302,CC(C)C[C@H](N(C)C1CCCCC1)C(=O)N[C@@H](Cc2ccc(OCc3ccccc3)cc2)C(=O)NC(C)(C)C,6.7
130,CHEMBL297029,CC(C)CCN(C)[C@@H](CC(C)C)C(=O)N[C@@H](Cc1ccc(OCc2ccccc2)cc1)C(=O)N3CCCCC3,6.18
131,CHEMBL65467,COc1ccc(CN(C)C(=O)[C@H](COCC2CCCCC2)NC(=O)OC(C)(C)C)cc1,5.75
132,CHEMBL52200,CC(C)C[C@H](N(C)C1CCCCC1)C(=O)N[C@@H](Cc2ccc(OCc3ccccc3)cc2)C(=O)N4CCN(Cc5ccccc5)CC4,6.12
133,CHEMBL65117,COc1ccc(COC(=O)[C@H](CC(=O)OC2CCCCCC2)NC(=O)OC(C)(C)C)cc1,5.59
134,CHEMBL50210,CC(C)C[C@H](N(C)CC1CCCCC1)C(=O)N[C@@H](Cc2ccc(OCc3ccccc3)cc2)C(=O)NC(C)(C)C,6.3
135,CHEMBL54019,CC(C)C[C@H](N(C)C)C(=O)N[C@@H](Cc1ccc(OCc2ccccc2)cc1)C(=O)N3CCN(C)CC3,4.89
136,CHEMBL336328,CC(C)C[C@H](NC(=O)N1CCCCCC1)C(=O)NC(C)(C)CN(CC=C(C)C)c2ccc(OCc3ccccc3)cc2,6.59
137,CHEMBL132914,CC(C)C[C@H](NC(C)C)C(=O)N1CCC(CC1)N(CC=C(C)C)c2ccc(OCc3ccccc3)cc2,6.13
138,CHEMBL294369,COc1cccc(COC(=O)[C@H](CC(=O)OC2CCCC2)NC(=O)OC(C)(C)C)c1,5.42
139,CHEMBL300261,CC(C)C[C@H](N(C)Cc1ccc(cc1)C(C)(C)C)C(=O)N[C@@H](Cc2ccc(OCc3ccccc3)cc2)C(=O)N4CCCCC4,7.05
140,CHEMBL300626,CC(C)C[C@H](N(C)Cc1ccc(cc1)C(C)(C)C)C(=O)N[C@@H](Cc2ccc(OCc3ccccc3)cc2)C(=O)N4CCN(Cc5ccccc5)CC4,6.3
141,CHEMBL66138,COc1ccc(COC(=O)[C@H](CC(=O)OC2CCCCC2)NC(=O)OC(C)(C)C)cc1,5.64
142,CHEMBL52679,CC(C)CCN(C)[C@@H](CC(C)C)C(=O)N[C@@H](Cc1ccc(OCc2ccccc2)cc1)C(=O)N3CCN(Cc4ccccc4)CC3,6.23
143,CHEMBL62518,COc1ccc(COC(=O)[C@H](CC(=O)OC2CCCC2)NC(=O)OC(C)(C)C)cc1,5.47
145,CHEMBL135401,CC(C)C[C@H](NC(=O)N1CCCCCC1)C(=O)N2CCC(CC2)N(Cc3ccccc3)c4ccc(OCc5ccccc5)cc4,6.37
146,CHEMBL135774,CC(C)CCN[C@@H](CC(C)C)C(=O)N1CCC(CC1)N(CC=C(C)C)c2ccc(OCc3ccccc3)cc2,6.32
147,CHEMBL402674,CC(C)C[C@H](N(C)CC1CCCCC1)C(=O)N[C@@H](Cc2ccc(OCc3ccccc3)cc2)C(=O)NC4CCN(Cc5ccccc5)CC4,6.51
148,CHEMBL293426,CC(C)(C)OC(=O)N[C@@H](CC(=O)OC1CCCC1)C(=O)OCc2ccc(Cl)cc2,5.48
149,CHEMBL137037,CC(=CCN(C1CCNCC1)c2ccc(OCc3ccccc3)cc2)C,5.33
150,CHEMBL337744,CC(C)C[C@H](NC(=O)N1CCCCCC1)C(=O)N2CCC(CC2)N(CCC(C)O)c3ccc(OCc4ccccc4)cc3,5.34
151,CHEMBL292011,CC(C)CCN(C)[C@@H](CC(C)C)C(=O)N[C@@H](Cc1ccc(OCc2ccccc2)cc1)C(=O)NC(C)(C)C,6.5
152,CHEMBL300198,CC(C)CCN(C)[C@@H](CC(C)C)C(=O)N[C@@H](Cc1ccc(OCc2ccccc2)cc1)C(=O)NCCN3CCCCC3,5.96
153,CHEMBL53176,CC(C)C[C@H](N(C)C1CCCCC1)C(=O)N[C@@H](Cc2ccc(OCc3ccccc3)cc2)C(=O)N4CCCCC4,6.42
154,CHEMBL300890,CC(C)C[C@H](N(C)C)C(=O)N[C@@H](Cc1ccc(OCc2ccccc2)cc1)C(=O)N3CCN(Cc4ccccc4)CC3,5.92
155,CHEMBL302628,CC(C)(C)OC(=O)N[C@@H](CC(=O)OC1CCCC1)C(=O)OCc2ccc(Br)cc2,5.47
158,CHEMBL53604,CC(C)C[C@H](N(C)C1CCCCC1)C(=O)N[C@@H](Cc2ccc(OCc3ccccc3)cc2)C(=O)N4CCN(C)CC4,5.25
159,CHEMBL300652,CC(C)C[C@H](N(C)C)C(=O)N[C@@H](Cc1ccc(OCc2ccccc2)cc1)C(=O)N3CCCCC3,5.72
160,CHEMBL65402,COc1ccc(COC(=O)[C@H](COC(=O)C2CCCCC2)NC(=O)OC(C)(C)C)cc1,5.8
161,CHEMBL305133,COc1ccc(CNC(=O)[C@H](CCOC2CCCCC2)NC(=O)OC(C)(C)C)cc1,5.4
162,CHEMBL299749,CC(C)C[C@H](N(C)Cc1ccc(cc1)C(C)(C)C)C(=O)N[C@@H](Cc2ccc(OCc3ccccc3)cc2)C(=O)NC(C)(C)C,7.4
163,CHEMBL300706,CC(C)CCN(C)[C@@H](CC(C)C)C(=O)N[C@@H](Cc1ccc(OCc2ccccc2)cc1)C(=O)N3CCN(C)CC3,5.92
164,CHEMBL52199,CC(C)C[C@H](N(C)C1CCCCC1)C(=O)N[C@@H](Cc2ccc(OCc3ccccc3)cc2)C(=O)NC4CCN(Cc5ccccc5)CC4,5.89
165,CHEMBL132818,CC(C)C[C@H](N)C(=O)N1CCC(CC1)N(CC=C(C)C)c2ccc(OCc3ccccc3)cc2,6.17
166,CHEMBL300478,CC(C)C[C@H](N(C)CC1CCCCC1)C(=O)N[C@@H](Cc2ccc(OCc3ccccc3)cc2)C(=O)N4CCCCC4,6.5
167,CHEMBL65360,COc1ccc(CNC(=O)[C@H](COCC2CCCCC2)NC(=O)OC(C)(C)C)cc1,6.02
170,CHEMBL52699,CC(C)C[C@H](N(C)Cc1ccc(cc1)C(C)(C)C)C(=O)N[C@@H](Cc2ccc(OCc3ccccc3)cc2)C(=O)NCCN4CCCCC4,6.51
171,CHEMBL422096,CC(C)C[C@H](NC(=O)N1CCCCCC1)C(=O)N2CCC(CC2)Nc3ccc(OCc4ccccc4)cc3,5.6
172,CHEMBL53077,CC(C)C[C@H](N(C)Cc1ccc(cc1)C(C)(C)C)C(=O)N[C@@H](Cc2ccc(OCc3ccccc3)cc2)C(=O)N4CCN(C)CC4,6.36
173,CHEMBL52732,CC(C)CCN(C)[C@@H](CC(C)C)C(=O)N[C@@H](Cc1ccc(OCc2ccccc2)cc1)C(=O)NC3CCN(Cc4ccccc4)CC3,6.06
174,CHEMBL305303,COc1ccc(COC(=O)[C@H](COCC2CCCCC2)NC(=O)OC(C)(C)C)cc1,5.92
175,CHEMBL301152,CC(C)C[C@H](N(C)C1CCCCC1)C(=O)N[C@@H](Cc2ccc(OCc3ccccc3)cc2)C(=O)NCCN4CCCCC4,6.06
176,CHEMBL52611,CC(C)C[C@H](N(C)C)C(=O)N[C@@H](Cc1ccc(OCc2ccccc2)cc1)C(=O)NC(C)(C)C,5.55
177,CHEMBL65110,COc1ccc(CNC(=O)[C@H](CSCC2CCCCC2)NC(=O)OC(C)(C)C)cc1,6.22
179,CHEMBL336605,CC(C)C[C@H](NC1CCCCC1)C(=O)N2CCC(CC2)N(CC=C(C)C)c3ccc(OCc4ccccc4)cc3,6.29
180,CHEMBL52649,CC(C)C[C@H](N(C)Cc1ccc(cc1)C(C)(C)C)C(=O)N[C@@H](Cc2ccc(OCc3ccccc3)cc2)C(=O)NC4CCN(Cc5ccccc5)CC4,6.57
181,CHEMBL62825,COc1ccc(COC(=O)[C@H](CC(=O)OC2CCC2)NC(=O)OC(C)(C)C)cc1,4.82
183,CHEMBL337010,CC(C)C[C@H](NC(=O)N1CCCCCC1)C(=O)N2CCCC(C2)N(CC=C(C)C)c3ccc(OCc4ccccc4)cc3,5.82
184,CHEMBL298909,CC(C)C[C@H](N(C)C)C(=O)N[C@@H](Cc1ccc(OCc2ccccc2)cc1)C(=O)NCCN3CCCCC3,5.39
185,CHEMBL2114022,COc1ccc(COC(=O)[C@@H](CC(=O)OC2CCCC2)NC(=O)OC(C)(C)C)cc1,5.7
186,CHEMBL135646,CC(C)C[C@H](NC(=O)N1CCCCCC1)C(=O)N[C@@H](C)CN(CC=C(C)C)c2ccc(OCc3ccccc3)cc2,6.0
187,CHEMBL53111,CC(C)C[C@H](N(C)CC1CCCCC1)C(=O)N[C@@H](Cc2ccc(OCc3ccccc3)cc2)C(=O)N4CCN(Cc5ccccc5)CC4,6.38
188,CHEMBL54081,CC(C)C[C@H](N(C)C)C(=O)N[C@@H](Cc1ccc(OCc2ccccc2)cc1)C(=O)NC3CCN(Cc4ccccc4)CC3,5.59
189,CHEMBL65145,COC(=O)C[C@H](NC(=O)OC(C)(C)C)C(=O)OCc1ccc(OC)cc1,4.59
199,CHEMBL536956,Cl.COc1ccc(cc1OC)C(CCCNC2CCN(CCOc3ccccc3)CC2)(C#N)C(C)C,5.42
201,CHEMBL534704,Cl.NC1CCN(CC1)C(=O)CCC(c2ccc(F)cc2)c3ccc(F)cc3,5.99
203,CHEMBL558362,Cl.CNC(CC(C)C)C(=O)NC1CCN(CC1)C(=O)CCC(c2ccc(F)cc2)c3ccc(F)cc3,5.52
205,CHEMBL439485,CSCC[C@H](NC(=O)[C@H](CC(C)C)NC(=O)[C@H](CCCN=C(N)N)NC(=O)[C@H](CO)NC(=O)[C@@H]1CSSC[C@@H](N)C(=O)N[C@H](CCCCN)C(=O)NCC(=O)N[C@H](CCCCN)C(=O)NCC(=O)N[C@H](C)C(=O)N[C@@H](CCCCN)C(=O)N1)C(=O)N[C@@H](Cc2ccc(O)cc2)C(=O)N[C@@H](CC(=O)O)C(=O)N[C@@H]3CSSC[C@H](NC3=O)C(=O)N[C@@H]([C@@H](C)O)C(=O)NCC(=O)N[C@@H](CO)C(=O)N[C@H]4CSSC[C@@H](NC(=O)[C@@H](CCCCN)NC(=O)CNC(=O)[C@@H](CO)NC(=O)[C@H](CCCN=C(N)N)NC4=O)C(=O)N,6.22
207,CHEMBL190784,COc1ccc(cc1OC)C(CCCN2CCC(CC2)NCCOc3ccccc3)(C#N)C(C)C.OC(=O)C(=O)O,6.16
213,CHEMBL452076,COCCOC(=O)C1=C(C)NC(=C(C1c2cccc(c2)[N+](=O)[O-])C(=O)OC\C=C\c3ccccc3)C,5.8
214,CHEMBL370409,CC1=C(C(C(=C(N1)C(F)(F)F)C(=O)OCCC(c2ccccc2)c3ccccc3)c4cccc(Cl)c4)C(=O)O,5.77
215,CHEMBL380499,CC1=C(C(\C(=C(/O)\OCCC(c2ccccn2)c3ccccn3)\C(=N1)C)c4cccc(Cl)c4)C(=O)O,5.0
216,CHEMBL201258,CC1=C(C(\C(=C(/O)\OCCC(c2ccccc2)c3ccccc3)\C(=N1)C)c4cccc(Cl)c4)C(=O)O,5.96
217,CHEMBL372748,CC1=C(C(\C(=C(/O)\OCC=C(c2ccccc2)c3ccccc3)\C(=N1)C)c4cccc(Cl)c4)C(=O)O,5.41
218,CHEMBL201860,CC1=C(C(\C(=C(/O)\OCc2ccc3ccccc3c2)\C(=N1)C)c4cccc(Cl)c4)C(=O)O,6.0
219,CHEMBL202605,CC1=C(C(\C(=C(/O)\OCC(=O)Nc2ccccc2)\C(=N1)C)c3cccc(Cl)c3)C(=O)O,4.55
220,CHEMBL201566,C\C(=C/c1ccccc1)\CO\C(=C/2\C(C(=C(C)N=C2C)C(=O)O)c3cccc(Cl)c3)\O,6.17
221,CHEMBL202459,CC1=C(C(\C(=C(/O)\OC\C=C\c2ccncc2)\C(=N1)C)c3cccc(Cl)c3)C(=O)O,5.21
222,CHEMBL203041,CC1=C(C(\C(=C(/O)\OC\C=C\c2ccc(C)cc2)\C(=N1)C)c3cccc(Cl)c3)C(=O)O,6.05
223,CHEMBL382528,CC1=C(C(\C(=C(/O)\OC\C=C\c2ccc(Cl)cc2)\C(=N1)C)c3cccc(Cl)c3)C(=O)O,5.82
224,CHEMBL201984,CC1=C(C(\C(=C(/O)\OC\C=C\C2CCCCC2)\C(=N1)C)c3cccc(Cl)c3)C(=O)O,6.08
225,CHEMBL201599,CC1=C(C(C(=C(C)N1)C(=O)NC\C=C\c2ccccc2)c3cccc(Cl)c3)C(=O)O,5.35
226,CHEMBL382629,CC1=C(C(\C(=C(/O)\OC\C=C\c2ccccc2)\C(=N1)C)c3cocc3)C(=O)O,4.96
227,CHEMBL382236,CC1=C(C(\C(=C(/O)\OC\C=C\c2ccccc2)\C(=N1)C)c3ccsc3)C(=O)O,5.54
228,CHEMBL203470,CC1=C(C(\C(=C(/O)\OC\C=C\c2ccccc2)\C(=N1)C)c3cccnc3)C(=O)O,4.62
229,CHEMBL201057,CC1=NC(=C(C(/C/1=C(\O)/OC\C=C\c2ccccc2)c3cccc(I)c3)C(=O)O)C,5.77
230,CHEMBL369934,CC1=NC(=C(C(/C/1=C(\O)/OC\C=C\c2ccccc2)c3cccc(Br)c3)C(=O)O)C,6.1
231,CHEMBL382072,CC1=NC(=C(C(/C/1=C(\O)/OC\C=C\c2ccccc2)c3cccc(Cl)c3)C(=O)O)C,6.0
232,CHEMBL201306,CC1=NC(=C(C(/C/1=C(\O)/OC\C=C\c2ccccc2)c3cccc(F)c3)C(=O)O)C,5.89
233,CHEMBL202374,CC1=NC(=C(C(/C/1=C(\O)/OC\C=C\c2ccccc2)c3cccc(C)c3)C(=O)O)C,5.75
234,CHEMBL201401,CC1=C(C(\C(=C(/O)\OC\C=C\c2ccccc2)\C(=N1)C)c3cccc(c3)C(=O)O)C(=O)O,4.43
235,CHEMBL201257,COC(=O)c1cccc(c1)C2\C(=C(/O)\OC\C=C\c3ccccc3)\C(=NC(=C2C(=O)O)C)C,5.34
236,CHEMBL202464,CC1=C(C(\C(=C(/O)\OC\C=C\c2ccccc2)\C(=N1)C)c3ccccc3)C(=O)O,5.7
237,CHEMBL382450,CC1=C(C(\C(=C(/O)\OC\C=C\c2ccccc2)\C(=N1)C)c3ccc(cc3)[N+](=O)[O-])C(=O)O,4.68
238,CHEMBL204486,CC1=C(C(\C(=C(/O)\OC\C=C\c2ccccc2)\C(=N1)C)c3ccccc3[N+](=O)[O-])C(=O)O,4.43
239,CHEMBL508181,CC1=C(C(C(=C(C)N1)C(=O)OC\C=C\c2ccccc2)c3cccc(c3)[N+](=O)[O-])C(=O)O,5.46
278,CHEMBL390187,CN(C)c1ccc(cc1)c2cnccc2C3SCC(=O)N3C4CCCC4,4.97
300,CHEMBL30008,Fc1ccc(cc1)C(N2CCN(C\C=C\c3ccccc3)CC2)c4ccc(F)cc4,5.78
301,CHEMBL234719,[O-][S+]1CC(=O)N(CCc2ccccn2)C1c3ccc(F)c(Br)c3,4.53
322,CHEMBL1097701,FC(F)(F)c1ccc(NC(=O)CN2CCCN(Cc3nc4ccccc4[nH]3)CC2)cc1,4.54
430,CHEMBL1651027,C[C@@H](O)[C@@H]1NC(=O)[C@H](Cc2ccc(O)cc2)NC(=O)[C@@H]3C[C@@H](O)CN3C(=O)[C@H](CC(=O)N)NC(=O)[C@@H]4CSSC[C@@H]5NC(=O)[C@H](CO)NC(=O)[C@H](CO)NC(=O)CNC(=O)[C@@H]6C[C@@H](O)CN6C(=O)[C@H](CO)NC(=O)[C@H](CCCCN)NC(=O)[C@@H](N)CSSC[C@H](NC(=O)[C@H](CSSC[C@H](NC(=O)[C@H](CCCNC(=N)N)NC(=O)[C@H](CCCCN)NC1=O)C(=O)N[C@@H](Cc7ccc(O)cc7)C(=O)N)NC(=O)[C@H](CC(=O)N)NC(=O)[C@H](Cc8ccc(O)cc8)NC(=O)[C@H](CO)NC(=O)[C@@H](NC(=O)[C@@H]9C[C@@H](O)CN9C(=O)[C@H](CO)NC5=O)[C@@H](C)O)C(=O)N[C@@H](CCCNC(=N)N)C(=O)N[C@@H](CO)C(=O)N4,7.7
433,CHEMBL1094304,CC[C@H](CO)Nc1nc(NCc2ccccc2O)c3ncn(C(C)C)c3n1,4.1
434,CHEMBL2206241,CC[C@H](CO)Nc1nc(NCc2ccc(C)s2)c3ncn(C)c3n1,4.52
435,CHEMBL14762,CC[C@H](CO)Nc1nc(NCc2ccccc2)c3ncn(C(C)C)c3n1,4.56
436,CHEMBL2206262,CCCn1cnc2c(NCc3ccccc3)nc(N[C@H](CC)CO)nc12,4.85
437,CHEMBL2206239,CC[C@H](CO)Nc1nc(NCc2ccc(C)s2)c3ncn(C(C)C)c3n1,4.95
438,CHEMBL2206242,CCCn1cnc2c(NCc3ccc(C)s3)nc(N[C@H](CC)CO)nc12,5.14
