,molecule_chembl_id,canonical_smiles,pchembl_value
0,ivacaftor,CC(C)(C)C1=CC(=C(NC(=O)C2=CNC3=CC=CC=C3C2=O)C=C1O)C(C)(C)C,6.63
1,lumacaftor,CC1=CC=C(NC(=O)C2(CC2)C2=CC=C3OC(F)(F)OC3=C2)N=C1C1=CC=CC(=C1)C(O)=O,6.45593214
2,CHEMBL3597884,CSc1cccc(Nc2nc(cs2)c3nccs3)c1,5.02
3,CHEMBL3323404,COc1ccc(Cl)cc1Nc2nc3c(CCCCc4nc(N)sc34)s2,5.04
4,CHEMBL3323399,COc1ccc(Cl)cc1Nc2nc3c(CCCc4nc(NC(=O)C5CC5)sc34)s2,5.05
5,CHEMBL451804,OC(=O)c1ccc(NC(=S)C2SC(=S)N(C2=O)c3cccc(c3)C(F)(F)F)cc1,5.05
6,CHEMBL28,Oc1ccc(cc1)C2=CC(=O)c3c(O)cc(O)cc3O2,5.05
7,CHEMBL3323402,COC(=O)CCC(=O)Nc1nc2CCCc3sc(Nc4cc(Cl)ccc4OC)nc3c2s1,5.06
8,CHEMBL3323407,COc1ccc(Cl)cc1Nc2nc3c(CCCCc4nc(NC(=O)C(C)C)sc34)s2,5.06
9,CHEMBL513068,[O-][n+]1ccc(\C=C\2/SC(=S)N(C2=O)c3cccc(c3)C(F)(F)F)cc1,5.06
10,CHEMBL1099214,CCOC(=O)c1cc(nn1Cc2ccccc2)c3sc(NC(=O)C(C)(C)C)nc3C,5.07
11,CHEMBL3597882,CSc1cccc(Nc2nc(cs2)c3cccs3)c1,5.07
12,CHEMBL3356628,O=C(Nc1ccccc1CC#N)C2=CNc3ccccc3C2=O,5.07
13,CHEMBL3323409,COC(=O)CCC(=O)Nc1nc2CCCCc3sc(Nc4cc(Cl)ccc4OC)nc3c2s1,5.08
14,CHEMBL472190,Cc1c(cccc1C(F)(F)F)N2C(=S)S\C(=C/c3ccc(cc3)C(=O)O)\C2=O,5.09
15,CHEMBL2018593,Cc1cc(C)c2cc(C#N)c(NCCCNC(=O)c3ccncc3)nc2c1,5.09
16,CHEMBL1221533,CN1C(=O)N(C)c2c(C1=O)c(c3cccc(C)c3)n4c2C(Nc5ccccc45)c6cccc(F)c6,5.1
17,CHEMBL461576,Oc1c(Br)cc(\C=C\2/SC(=S)N(C2=O)c3cccc(c3)C(F)(F)F)c(O)c1Br,5.1
18,CHEMBL3298812,C[C@@]1(O)[C@H](O)[C@](C)([NH+]=C2N1C=Nc3c2ncn3CC=C)C(=O)[O-],5.13
19,CHEMBL2018578,Cc1cc(C)c2cc(C#N)c(NCCNC(=O)c3ccncc3)nc2c1,5.14
20,CHEMBL3323412,Cc1cccnc1Nc2nc3c(CCCc4nc(NC(=O)C(C)(C)C)sc34)s2,5.14
21,CHEMBL3323411,CN(C)c1ccc(Cl)cc1Nc2nc3c(CCCc4nc(NC(=O)C(C)(C)C)sc34)s2,5.16
22,CHEMBL461575,Cc1cccc(N2C(=S)S\C(=C/c3ccc(cc3)C(=O)O)\C2=O)c1C,5.16
23,CHEMBL3357127,Nc1cccc(NC(=O)C2=CNc3ccccc3C2=O)c1,5.16
24,CHEMBL487654,OC(=O)c1ccc(SC2CC(=O)N(C2=O)c3cccc(c3)C(F)(F)F)cc1,5.16
25,CHEMBL518808,Oc1c(Br)cc(\C=C\2/SC(=S)N(C2=O)c3cccc(c3)C(F)(F)F)cc1Br,5.16
26,CHEMBL2018582,Cc1cc(C)c2cc(C#N)c(NCCNC(=O)c3cnccn3)nc2c1,5.17
27,CHEMBL3323401,CCC(C)C(=O)Nc1nc2CCCc3sc(Nc4cc(Cl)ccc4OC)nc3c2s1,5.18
28,CHEMBL3323410,COc1ccc(Cl)cc1Nc2nc3c(CCCCc4nc(NC(=O)c5oncc5)sc34)s2,5.18
29,CHEMBL3597874,CSc1cccc(Nc2nc(cs2)c3ccc4NC(=O)Oc4c3)c1,5.19
30,CHEMBL3356636,Cn1ccc2ccc(NC(=O)C3=CNc4ccccc4C3=O)cc12,5.19
31,CHEMBL260775,COc1ccc(Cl)cc1Nc2nc(cs2)c3sc(NC(=O)c4ccccc4)nc3C,5.22
32,CHEMBL3357128,Cc1ccc(NC(=O)C2=CNc3ccccc3C2=O)cc1N,5.22
33,CHEMBL3356634,O=C(Nc1ccc2[nH]ccc2c1)C3=CNc4ccccc4C3=O,5.22
34,CHEMBL3323400,COc1ccc(Cl)cc1Nc2nc3c(CCCc4nc(NC(=O)C(C)C)sc34)s2,5.24
35,CHEMBL3597889,CSc1cccc(Nc2nc(cs2)c3sc(nc3C)c4ccccc4)c1,5.24
36,CHEMBL3356638,O=C(Nc1ccc2cn[nH]c2c1)C3=CNc4ccccc4C3=O,5.25
37,CHEMBL3323417,CN(C)c1cccc(Nc2nc3c(CCCCc4nc(NC(=O)C(C)(C)C)sc34)s2)c1,5.28
38,CHEMBL3597853,CSc1cccc(Nc2nc(cs2)c3cccc(Cl)c3)c1,5.28
39,CHEMBL3323416,Cc1cccnc1Nc2nc3c(CCCCc4nc(NC(=O)C(C)(C)C)sc34)s2,5.28
40,CHEMBL3357138,CC(C)(C)c1ccc(NC(=O)C2=CNc3ccccc3C2=O)cc1S(=O)(=O)N,5.29
41,CHEMBL1221532,CN1C(=O)N(C)c2c(C1=O)c(c3ccccc3C)n4c2C(Nc5ccccc45)c6ccccc6,5.3
42,CHEMBL450222,Cc1cccc(c1)N2C(=S)S\C(=C/c3ccc(cc3)C(=O)O)\C2=O,5.3
43,CHEMBL461381,OC(=O)c1cccc(\C=C\2/SC(=S)N(C2=O)c3ccc(F)c(c3)C(F)(F)F)c1,5.3
44,CHEMBL1221576,Oc1c(Br)cc(\C=N\NC(=O)CNc2ccc3ccccc3c2)c(O)c1Br,5.3
45,CHEMBL2069571,CNc1nc(c2sc(NC(=O)C(C)(C)C)nc2C)c(s1)n3cc(nn3)c4ccccc4,5.31
46,CHEMBL3323403,COc1ccc(Cl)cc1Nc2nc3c(CCCc4nc(NC(=O)c5oncc5)sc34)s2,5.32
47,CHEMBL2069649,COC(=O)c1cn(nn1)c2sc(Nc3cc(Cl)ccc3OC)nc2c4sc(NC(=O)C(C)(C)C)nc4C,5.34
48,CHEMBL2018589,COc1cccc(c1)C(=O)NCCCNc2nc3cc(C)cc(C)c3cc2C#N,5.34
49,CHEMBL1222340,CN1C(=O)N(C)c2c(C1=O)c(c3ccccc3)n4c2C(Nc5ccccc45)c6ccc(O)cc6,5.35
50,CHEMBL3323406,COc1ccc(Cl)cc1Nc2nc3c(CCCCc4nc(NC(=O)C5CC5)sc34)s2,5.35
51,CHEMBL2018590,COc1ccc(cc1)C(=O)NCCCNc2nc3cc(C)cc(C)c3cc2C#N,5.37
52,CHEMBL2018580,COc1ccc(C(=O)NCCNc2nc3cc(C)cc(C)c3cc2C#N)c(OC)c1,5.38
53,CHEMBL3323405,COc1ccc(Cl)cc1Nc2nc3c(CCCCc4nc(NC(=O)C(C)(C)C)sc34)s2,5.39
54,CHEMBL2018584,COc1cccc(OC)c1C(=O)NCCNc2nc3cc(C)cc(C)c3cc2C#N,5.43
55,CHEMBL3323414,COc1ccc(cc1Nc2nc3c(CCCc4nc(NC(=O)C(C)(C)C)sc34)s2)[N+](=O)[O-],5.44
56,CHEMBL3357134,COC(=O)Nc1cc(NC(=O)C2=CNc3ccccc3C2=O)ccc1C(C)(C)C,5.46
57,CHEMBL3747330,COc1ccc(CN2CCc3nc(nc(N4CCC(CC4)C(=O)N)c3C2)c5ccccn5)cc1,5.46
58,CHEMBL3356625,Oc1c(ccc2ccccc12)C(=O)N(Cc3ccccc3)Cc4ccccc4,5.46
59,CHEMBL1098166,COc1ccc(NC(=O)c2cc(c3sc(NC(=O)C(C)(C)C)nc3C)n(n2)c4ccc(Br)cc4)cc1,5.47
60,CHEMBL3746756,CN1CCN(CCCNc2nc(nc3CCN(Cc4ccccc4)Cc23)c5ccccn5)CC1,5.51
61,CHEMBL1221531,CN1C(=O)N(C)c2c(C1=O)c(c3ccccc3C)n4c2C(Nc5ccccc45)c6cccc(C)c6,5.52
62,CHEMBL1098233,COc1ccc(Cl)cc1Cn2nc(cc2c3sc(NC(=O)C(C)(C)C)nc3C)C(=O)NCCO,5.52
63,CHEMBL2018575,COc1ccc(cc1)C(=O)NCCNc2nc3cc(C)cc(C)c3cc2C#N,5.52
64,CHEMBL1221530,COc1cccc(c1)C2Nc3ccccc3n4c2c5N(C)C(=O)N(C)C(=O)c5c4c6ccccc6C,5.52
65,CHEMBL2018592,Cc1cc(C)c2cc(C#N)c(NCCCNC(=O)c3cccnc3)nc2c1,5.52
66,CHEMBL1097860,Cc1nc(NC(=O)C(C)(C)C)sc1c2cc(nn2CC=C)C(=O)NCc3ccccc3,5.52
67,CHEMBL3323408,CCC(C)C(=O)Nc1nc2CCCCc3sc(Nc4cc(Cl)ccc4OC)nc3c2s1,5.54
68,CHEMBL3747654,NC(=O)CN1CCN(CC1)c2nc(nc3CCN(Cc4ccccc4)Cc23)c5ccccn5,5.55
69,CHEMBL3745884,OC1CCCN(C1)c2nc(nc3CCN(Cc4ccccc4)Cc23)c5ccccn5,5.55
70,CHEMBL2018583,COc1ccc(nc1)C(=O)NCCNc2nc3cc(C)cc(C)c3cc2C#N,5.57
71,CHEMBL2018577,Cc1cc(C)c2cc(C#N)c(NCCNC(=O)c3cccnc3)nc2c1,5.57
72,CHEMBL461941,OC(=O)COc1ccc(\C=C\2/SC(=S)N(C2=O)c3cccc(c3)C(F)(F)F)cc1,5.59
73,CHEMBL1221484,CN1C(=O)N(C)c2c(C1=O)c(c3cccc(C)c3)n4c2C(Nc5ccccc45)c6ccccc6F,5.6
74,CHEMBL1222339,CN1C(=O)N(C)c2c(C1=O)c(c3ccccc3)n4c2C(Nc5ccccc45)c6ccccc6,5.6
75,CHEMBL1221483,CN1C(=O)N(C)c2c(C1=O)c(c3ccccc3F)n4c2C(Nc5ccccc45)c6cccc(Cl)c6,5.6
76,CHEMBL3746321,COc1ccc(CN2CCc3nc(nc(N4CCN(CC(=O)N)CC4)c3C2)c5ccccn5)cc1,5.64
77,CHEMBL495336,COc1ccc(Cl)cc1Nc2nc3c(CCCc4nc(NC(=O)C(C)(C)C)sc34)s2,5.64
78,CHEMBL3323413,CN(C)c1cccc(Nc2nc3c(CCCc4nc(NC(=O)C(C)(C)C)sc34)s2)c1,5.66
79,CHEMBL1257047,COc1ccc(cc1)S(=O)(=O)N2CCN(CC2)C(C)c3nc(OC4CCCCC4)c5ccccc5n3,5.66
80,CHEMBL2018574,COc1cccc(c1)C(=O)NCCNc2nc3cc(C)cc(C)c3cc2C#N,5.66
81,CHEMBL3323415,CN(C)c1ccc(Cl)cc1Nc2nc3c(CCCCc4nc(NC(=O)C(C)(C)C)sc34)s2,5.68
82,CHEMBL3298813,C[C@]1(O)[C@@H](O)[C@](C)([NH+]=C2N1C=Nc3c2ncn3CC=C)C(=O)[O-],5.68
83,CHEMBL3354672,O=C(N(Cc1ccccc1)Cc2ccccc2)C3=CNc4ccccc4C3=O,5.68
84,CHEMBL1221481,CN1C(=O)N(C)c2c(C1=O)c(c3cccc(C)c3)n4c2C(Nc5ccccc45)c6cccc(c6F)[N+](=O)[O-],5.7
85,CHEMBL1222338,CN1C(=O)N(C)c2c(C1=O)c(c3ccccc3)n4c2C(Nc5ccccc45)c6ccccc6F,5.7
86,CHEMBL1221482,CN1C(=O)N(C)c2c(C1=O)c(c3ccccc3C)n4c5ccccc5NC(c6cccc(c6)[N+](=O)[O-])c24,5.7
87,CHEMBL1222406,COc1cccc(c1)C2Nc3ccccc3n4c2c5N(C)C(=O)N(C)C(=O)c5c4c6ccccc6F,5.7
88,CHEMBL3745838,CC(=O)NC1CCN(CC1)c2nc(nc3CCN(Cc4ccc(Cl)cc4)Cc23)c5ccccn5,5.72
89,CHEMBL3357129,CCc1ccc(NC(=O)C2=CNc3ccccc3C2=O)cc1N,5.77
90,CHEMBL1222404,CN1C(=O)N(C)c2c(C1=O)c(c3cccc(C)c3)n4c2C(Nc5ccccc45)c6ccc(O)cc6,5.77
91,CHEMBL1222405,COc1cccc(c1)C2Nc3ccccc3n4c2c5N(C)C(=O)N(C)C(=O)c5c4c6cccc(C)c6,5.77
92,CHEMBL1222337,COc1cccc(c1)C2Nc3ccccc3n4c2c5N(C)C(=O)N(C)C(=O)c5c4c6ccccc6,5.77
93,CHEMBL2069648,COc1ccc(Cl)cc1Nc2nc(c3sc(NC(=O)C(C)(C)C)nc3C)c(s2)n4cc(CO)nn4,5.8
94,CHEMBL3356629,CCc1cccc(CC)c1NC(=O)C2=CNc3ccccc3C2=O,5.82
95,CHEMBL3747046,CN(C)CCN1CCN(CC1)c2nc(nc3CCN(Cc4ccccc4)Cc23)c5ccccn5,5.82
96,CHEMBL1222278,CN1C(=O)N(C)c2c(C1=O)c(c3ccccc3)n4c2C(Nc5cc(C)c(C)cc45)c6ccc(O)cc6,5.82
97,CHEMBL1222276,CN1C(=O)N(C)c2c(C1=O)c(c3ccccc3F)n4c2C(Nc5cc(C)c(C)cc45)c6oc(C)cc6,5.82
98,CHEMBL2018581,COc1ccc(cc1OC)C(=O)NCCNc2nc3cc(C)cc(C)c3cc2C#N,5.82
99,CHEMBL2069570,Cc1nc(NC(=O)C(C)(C)C)sc1c2nc(N)sc2n3cc(nn3)c4ccccc4,5.82
100,CHEMBL460075,OC(=O)c1ccc(\C=C\2/SC(=S)N(C2=O)c3ccc(F)c(c3)C(F)(F)F)cc1,5.82
101,CHEMBL461759,OC(=O)c1cccc(\C=C\2/SC(=S)N(C2=O)c3cccc(c3)C(F)(F)F)c1,5.82
102,CHEMBL1949981,CN(C)c1ccc(Cl)c(Nc2nc(cs2)c3sc(NC(=O)c4ccc([19F])cc4)nc3C)c1,5.85
103,CHEMBL1949982,COc1ccc(Cl)cc1Nc2nc(cs2)c3sc(NC(=O)c4ccc([19F])cc4)nc3C,5.85
104,CHEMBL3746059,NC(=O)C1CCN(CC1)c2nc(nc3CCN(Cc4ccccc4)Cc23)c5ccccn5,5.85
105,CHEMBL461375,OC(=O)c1cc(\C=C\2/SC(=S)N(C2=O)c3cccc(c3)C(F)(F)F)ccc1O,5.85
106,CHEMBL488824,OC(=O)c1ccc(\C=C\2/SC(=O)N(C2=O)c3cccc(c3)C(F)(F)F)cc1,5.85
107,CHEMBL3356626,O=C(Nc1ccccc1)C2=CNc3ccccc3C2=O,5.89
108,CHEMBL1222277,CN1C(=O)N(C)c2c(C1=O)c(c3ccccc3)n4c2C(Nc5ccccc45)c6cccc(F)c6F,5.92
109,CHEMBL1080548,CN1C(=O)N(C)c2c(C1=O)c(c3ccccc3)n4c2C(Nc5ccccc45)c6cccc(c6)[N+](=O)[O-],5.92
110,CHEMBL260774,CCCCCCC(=O)Nc1nc(C)c(s1)c2csc(Nc3cc(OC)ccc3OC)n2,5.96
111,CHEMBL262886,COc1ccc(OC)c(Nc2nc(cs2)c3sc(NC(=O)c4ccc(Cl)cc4)nc3C)c1,5.96
112,CHEMBL411307,COc1ccccc1Nc2nc(cs2)c3sc(NC(=O)C(C)(C)C)nc3C,5.96
113,CHEMBL262629,Cc1ccc(Nc2nc(cs2)c3sc(NC(=O)c4ccc(Cl)cc4)nc3C)cc1,5.96
114,CHEMBL258750,Cc1nc(NC(=O)c2ccc(Cl)cc2)sc1c3csc(Nc4ccc(Cl)cc4)n3,5.96
115,CHEMBL1096523,COc1ccc(Cl)cc1Cn2nc(cc2c3sc(NC(=O)C(C)(C)C)nc3C)C(=O)N4CCOCC4,6.0
116,CHEMBL1098499,COc1ccc(NC(=O)c2cc(c3sc(NC(=O)C(C)(C)C)nc3C)n(Cc4cc(Cl)ccc4OC)n2)cc1,6.0
117,CHEMBL1098779,COc1ccc(NC(=O)c2cc(c3sc(NC(=O)C(C)(C)C)nc3C)n(CC=C)n2)cc1,6.03
118,CHEMBL3747604,CN(C)CCN1CCN(CC1)c2nc(nc3CCN(CC4CCCCC4)Cc23)c5ccccn5,6.05
119,CHEMBL3323418,COc1ccc(cc1Nc2nc3c(CCCCc4nc(NC(=O)C(C)(C)C)sc34)s2)[N+](=O)[O-],6.05
120,CHEMBL262627,COc1ccc(Cl)cc1Nc2nc(cs2)c3sc(NC(=O)C(C)(C)C)nc3C,6.06
121,CHEMBL258749,CCOc1ccccc1Nc2nc(cs2)c3sc(NC(=O)C(C)(C)C)nc3C,6.1
122,CHEMBL3356631,CCc1ccc(NC(=O)C2=CNc3ccccc3C2=O)cc1,6.1
123,CHEMBL1081471,CN1C(=O)N(C)c2c(C1=O)c(c3ccccc3)n4c2C(Nc5cc(C)c(C)cc45)c6oc(C)cc6,6.1
124,CHEMBL1087004,CN1C(=O)N(C)c2c(C1=O)c(c3ccccc3)n4c2C(Nc5ccccc45)c6oc(C)cc6,6.1
125,CHEMBL1222176,CN1C(=O)N(C)c2c(C1=O)c(c3ccccc3C)n4c2C(Nc5ccccc45)c6oc(C)cc6,6.1
126,CHEMBL258536,Cc1nc(NC(=O)c2ccc(cc2)[N+](=O)[O-])sc1c3csc(Nc4ccc(Cl)cc4)n3,6.1
127,CHEMBL3356633,O=C(Nc1ccc2ccccc2c1)C3=CNc4ccccc4C3=O,6.1
128,CHEMBL461940,FC(F)(F)c1cccc(c1)N2C(=S)S\C(=C/c3ccc(cc3)c4nn[nH]n4)\C2=O,6.12
129,CHEMBL3358691,COc1ccc(Cl)cc1Nc2oc(cn2)c3sc(NC(=O)C(C)(C)C)nc3C,6.13
130,CHEMBL1097861,Cc1nc(NC(=O)C(C)(C)C)sc1c2cc(nn2Cc3ccccc3)C(=O)NCc4ccccc4,6.13
131,CHEMBL1222175,CN1C(=O)N(C)c2c(C1=O)c(c3cccc(C)c3)n4c2C(Nc5ccccc45)c6oc(C)cc6,6.16
132,CHEMBL3358692,COc1ccc(Cl)cc1Nc2oc(nn2)c3csc(NC(=O)C(C)(C)C)n3,6.18
133,CHEMBL3358694,COc1ccc(Cl)cc1Nc2nc(cs2)c3oc(NC(=O)C(C)(C)C)nn3,6.23
134,CHEMBL3747159,Fc1ccc(CN2CCc3nc(nc(NCCN4CCCC4)c3C2)c5ccccn5)cc1,6.3
135,CHEMBL3745927,CC(=O)NCCNc1nc(nc2CCN(Cc3ccc(F)cc3)Cc12)c4ccccn4,6.4
136,CHEMBL3357131,CCCc1ccc(NC(=O)C2=CNc3ccccc3C2=O)cc1N,6.4
137,CHEMBL3746769,COc1ccc(CN2CCc3nc(nc(N4CCN(CCO)CC4)c3C2)c5ccccn5)cc1,6.4
138,CHEMBL3356635,O=C(Nc1ccc2CCNc2c1)C3=CNc4ccccc4C3=O,6.4
139,CHEMBL461939,OC(=O)c1ccc(\C=C\2/SC(=S)N(C2=O)c3cccc(c3)C(F)(F)F)cc1,6.42
140,CHEMBL3747771,CC(C)c1ccc(CN2CCc3nc(nc(N4CCN(CCN(C)C)CC4)c3C2)c5ccccn5)cc1,6.52
141,CHEMBL3357130,CC(C)c1ccc(NC(=O)C2=CNc3ccccc3C2=O)cc1N,6.52
142,CHEMBL3746126,CCN(C1CCN(C1)c2nc(nc3CCN(Cc4ccc(OC)cc4)Cc23)c5ccccn5)C(=O)C,6.52
143,CHEMBL3356632,CC(C)c1ccc(NC(=O)C2=CNc3ccccc3C2=O)cc1,6.7
144,CHEMBL3356630,CC(C)c1ccccc1NC(=O)C2=CNc3ccccc3C2=O,6.7
145,CHEMBL3356627,CCc1ccccc1NC(=O)C2=CNc3ccccc3C2=O,6.7
146,CHEMBL3746133,CN(C)CCN1CCN(CC1)c2nc(nc3CCN(Cc4ccsc4)Cc23)c5ccccn5,6.7
147,CHEMBL3746547,COc1ccc(CN2CCc3nc(nc(NCCCn4ccnc4)c3C2)c5ccccn5)cc1,6.7
148,CHEMBL75680,CCCCc1c([nH]c2nccnc12)c3ccc(O)cc3,6.82
149,CHEMBL2069572,COc1ccc(Cl)cc1Nc2nc(c3sc(NC(=O)C(C)(C)C)nc3C)c(s2)n4cc(nn4)c5ccccc5,6.85
150,CHEMBL3357139,CC(C)(C)c1ccc(NC(=O)C2=CNc3ccccc3C2=O)cc1,7.0
151,CHEMBL3357136,CC(C)(C)c1ccc(NC(=O)C2=CNc3ccccc3C2=O)cc1CO,7.0
152,CHEMBL3357140,CC(C)(C)c1ccc(NC(=O)C2=CNc3ccccc3C2=O)cc1F,7.0
153,CHEMBL3357132,CC(C)(C)c1ccc(NC(=O)C2=CNc3ccccc3C2=O)cc1N,7.0
154,CHEMBL3356645,CCc1c[nH]c2cc(NC(=O)C3=CNc4ccccc4C3=O)ccc12,7.0
155,CHEMBL1831059,CN1C(=O)N(C)c2c(C1=O)c(c3ccccc3)n4c2C(Nc5ccccc45)c6oc(I)cc6,7.0
156,CHEMBL3354673,O=C(Nc1ccc2cc[nH]c2c1)C3=CNc4ccccc4C3=O,7.0
157,CHEMBL3357126,CC(C)(C)c1cc2cc[nH]c2cc1NC(=O)C3=CNc4ccccc4C3=O,7.01
158,CHEMBL1831064,CN1C(=O)N(C)c2c(C1=O)c(c3ccccc3)n4c2C(Oc5ccccc45)c6oc(Br)cc6,7.05
159,CHEMBL1831058,CN1C(=O)N(C)c2c(C1=O)c(c3ccccc3)n4c2C(Nc5ccccc45)c6oc(Br)cc6,7.3
160,CHEMBL3357142,CC(C)(C)c1cc(F)c(NC(=O)C2=CNc3ccccc3C2=O)cc1O,7.35
161,CHEMBL3356646,CC(C)(C)c1c[nH]c2cc(NC(=O)C3=CNc4ccccc4C3=O)ccc12,7.38
162,CHEMBL1831073,CCOC(=O)c1ccc2OC(c3oc(Br)cc3)c4c5N(C)C(=O)N(C)C(=O)c5c(c6ccccc6)n4c2c1,7.6
163,CHEMBL1831069,CN1C(=O)N(C)c2c(C1=O)c(c3ccccc3)n4c2C(Oc5ccc(cc45)[N+](=O)[O-])c6oc(Br)cc6,7.6
164,CHEMBL1831070,CN1C(=O)N(C)c2c(C1=O)c(c3ccccc3)n4c2C(Oc5ccc(cc45)[N+](=O)[O-])c6oc(C)cc6,7.6
165,CHEMBL3357143,CC(C)(C)c1cc(c(NC(=O)C2=CNc3ccccc3C2=O)cc1O)C(F)(F)F,7.66
166,CHEMBL3357125,CCc1cc2cc[nH]c2cc1NC(=O)C3=CNc4ccccc4C3=O,7.7
167,CHEMBL1779950,Cc1nc2c3ccccc3cc[n+]2c(C)c1[O-],7.8
168,CHEMBL1779954,C[C@@]1(O)[C@@H](O)[C@](C)([NH+]=C2N1C=Cc3ccccc23)C(=O)[O-],7.82
169,CHEMBL1779953,C[C@@]1(O)[C@H](O)[C@](C)([NH+]=C2N1C=Cc3ccccc23)C(=O)[O-],7.82
170,CHEMBL1831075,CN1C(=O)N(C)c2c(C1=O)c(c3ccccc3)n4c2C(Oc5ccc(cc45)C(=O)O)c6oc(Br)cc6,8.1
171,CHEMBL3357141,CC(C)(C)c1ccc(NC(=O)C2=CNc3ccccc3C2=O)cc1O,8.3
172,CHEMBL1779949,Cc1nc2cccc[n+]2c(C)c1[O-],8.3
173,CHEMBL2386374,CC(C)N.CN1C(=O)N(C)c2c(C1=O)c(c3ccccc3)n4c5cc(ccc5O[C@@H](c6oc(Br)cc6)c24)C(=O)O,8.4
