,molecule_chembl_id,canonical_smiles,pchembl_value
0,nicotine,CN1CCC[C@H]1C1=CC=CN=C1,7.07000017
1,CHEMBL314772,C[C@@H]1NC[C@@H](O)[C@H](O)[C@@H]1O,8.01
0,CHEMBL497939,O=C1C=CC=C2[C@H]3CNC[C@H](C3)CN12,5.0
2,CHEMBL111580,CN1CCCC1c2cncc(c2)C#C,4.0
3,CHEMBL6623,Clc1ccc(cn1)C2CC3CCC2N3,7.0
4,CHEMBL25619,CC(=O)C1=CCCC2CCC1N2,8.6
6,CHEMBL63102,Clc1ccc(cn1)C2=CCCC3CCC2N3,9.47
8,CHEMBL3,CN1CCC[C@H]1c2cccnc2,4.7
9,CHEMBL334809,[I-].CC(=O)C1=CC[N+](C)(C)CC1,4.0
15,CHEMBL1398031,CN[C@]1(C)[C@@H]2CC[C@@H](C2)C1(C)C,6.7
22,CHEMBL667,CC(=O)OCC[N+](C)(C)C,4.4
23,CHEMBL152530,CN1CCC(=CC1)C(=O)Cc2ccccc2,6.02
24,CHEMBL346466,CN1CCC=C(C1)C(=O)c2ccccc2,6.75
26,CHEMBL157267,CN1CCC=C(C1)C(=O)C,7.49
27,CHEMBL153298,CCCC(=O)C1=CCCN(C)C1,7.88
28,CHEMBL152775,CCCCC(=O)C1=CCCN(C)C1,7.21
29,CHEMBL156793,CN1CCC(=CC1)C(=O)c2ccccc2,6.12
30,CHEMBL351805,CCC(=O)C1=CCN(C)CC1,7.59
31,CHEMBL152310,CN1CCC=C(C1)C(=O)Cc2ccccc2,6.91
32,CHEMBL346802,CCC(=O)C1=CCCN(C)C1,8.24
33,CHEMBL154329,CC#CC(=O)C1=CCCN(C)C1,8.24
34,CHEMBL7303,COC(=O)C1=CCCN(C)C1,6.65
35,CHEMBL152050,CCCCC(=O)C1=CCN(C)CC1,6.83
36,CHEMBL265553,CN1CCC(=CC1)C(=O)C,7.32
37,CHEMBL439821,CCCC(=O)C1=CCN(C)CC1,7.17
38,CHEMBL154941,CN1CCC(=CC1)C(=O)C(C)(C)C,7.25
39,CHEMBL154385,CC#CC(=O)C1=CCN(C)CC1,7.66
41,CHEMBL104700,C(N1C2CCC1CC2)c3cccnc3,7.01
42,CHEMBL47814,[I-].C[N+]1(C)CCN(CC1)c2ccccc2,6.6
43,CHEMBL317388,[I-].CC[N+](C)(C)CCOc1ccc(Br)nc1,8.3
45,CHEMBL317361,[Cl-].COc1ccc(OCC[N+](C)(C)C)cn1,7.43
46,CHEMBL174900,CN1CCCC1c2ccc(Cl)c(Cl)c2,7.17
47,CHEMBL174595,CN1CCCC1c2ccc(F)c(F)c2,6.38
48,CHEMBL98857,[Cl-].CC[N+](C)(C)CCOc1cccnc1,8.66
49,CHEMBL174506,COc1cccc(c1)C2CCCN2C,6.22
50,CHEMBL330212,[I-].C[N+](C)(C)CCOc1ccc(Cl)nc1,8.89
51,CHEMBL612082,CN(C)CCOc1cccnc1.OC(=O)C(=O)O,7.62
52,CHEMBL442779,CN1CCCC1c2cccc(F)c2,6.4
53,CHEMBL99367,[Cl-].C[N+](C)(C)CCOc1cccnc1,9.3
54,CHEMBL180376,CN1CCCC1c2ccc(C)cc2,5.88
55,CHEMBL175250,COc1ccc(cc1)C2CCCN2C,6.15
56,CHEMBL180530,CN1CCCC1c2ccccc2C,5.05
57,CHEMBL177579,CN1CCCC1c2ccc(Br)cc2,7.13
59,CHEMBL174624,CN1CCCC1c2cccc(Cl)c2,6.64
60,CHEMBL279352,CN1CCCC1c2ccc(Cl)cc2,6.79
61,CHEMBL329710,[Cl-].CC(C)[N+](C)(C)CCOc1cccnc1,7.86
62,CHEMBL177873,COc1cc(ccc1O)C2CCCN2C,5.08
63,CHEMBL446533,CO[C@@H]1C[C@@]23N(CCc4cc(O)c(OC)cc24)CC=C3C=C1,8.3
64,CHEMBL176939,CN1CCCC1c2cccc(C)c2,6.14
65,CHEMBL177388,CN1CCCC1c2ccc3OCOc3c2,7.34
66,CHEMBL177884,CN1CCCC1c2ccc(F)cc2,6.68
68,CHEMBL173085,COc1ccc(cc1OC)C2CCCN2C,5.01
70,CHEMBL368831,CN1CCCC1c2ccc3OCCOc3c2,5.91
71,CHEMBL174594,CN1CCCC1c2ccc(cc2)C(F)(F)F,6.03
72,CHEMBL316872,[Cl-].CCC[N+](C)(C)CCOc1cccnc1,7.54
73,CHEMBL369366,C1CNC(C1)c2ccccc2,5.06
74,CHEMBL367126,CN1CCCC1c2ccccc2,6.35
76,CHEMBL441291,COCc1cc(on1)[C@H]2CCCN2C,7.66
79,CHEMBL423919,CCCCc1cc(on1)[C@H]2CCCN2,5.3
80,CHEMBL139502,CN1CCC[C@@H]1c2onc(c2)c3ccccc3,6.1
81,CHEMBL341937,CCc1cc(on1)[C@H]2CCCN2C,8.12
83,CHEMBL343496,CN1CCC[C@@H]1c2cc(C)ns2,6.65
85,CHEMBL9732,CN1CCC[C@@H]1c2cccnc2,7.8
87,CHEMBL10096,Cc1cc(on1)[C@@H]2CCCN2,8.13
89,CHEMBL6200,C1CN[C@@H](C1)c2cccnc2,7.66
91,CHEMBL337777,CN1CCC[C@@H]1c2onc(c2)C(F)(F)F,8.22
93,CHEMBL264213,C1CN[C@H](C1)c2cccnc2,7.77
95,CHEMBL138471,CCCc1cc(on1)[C@H]2CCCN2C,7.85
97,CHEMBL335566,CCc1cc(on1)[C@@H]2CCCN2,7.93
99,CHEMBL268750,CN1CCC[C@@H]1c2onc(C)c2,8.38
103,CHEMBL139264,Cc1cc(sn1)[C@@H]2CCCN2,6.64
105,CHEMBL138514,C(c1ccccc1)c2cc(on2)[C@H]3CCCN3,5.46
107,CHEMBL139012,CCc1cc(on1)[C@@H]2CCCN2C,7.15
109,CHEMBL137920,CCCCc1cc(on1)[C@H]2CCCN2C,7.62
111,CHEMBL141310,Cc1cc(sn1)[C@H]2CCCN2,7.29
113,CHEMBL142124,CN1CCC[C@@H]1c2onc(Cc3ccccc3)c2,8.13
117,CHEMBL342644,CN1CCC[C@@H]1c2cc(C)on2,5.88
118,CHEMBL138188,CCN1CCC[C@@H]1c2onc(C)c2,7.47
120,CHEMBL138525,CN1CCC[C@@H]1c2onc(CO)c2,6.9
122,CHEMBL136337,CCc1cc(on1)[C@H]2CCCN2,6.26
124,CHEMBL274524,Cc1cc(on1)[C@H]2CCCN2,6.48
126,CHEMBL140648,CCOC(=O)c1cc(on1)[C@H]2CCCN2C,6.05
127,CHEMBL139562,CN1CCC[C@H]1c2cc(C)ns2,6.68
129,CHEMBL324020,C[C@H](COc1cnc(Cl)c(Br)c1)N(C)C,7.92
130,CHEMBL112989,CNCCOc1cnc(Cl)c(Cl)c1,7.89
131,CHEMBL112083,CN[C@@H](C)COc1ccc(Cl)nc1,7.39
132,CHEMBL109271,C[C@@H](N)COc1ccc(Cl)nc1,8.28
133,CHEMBL112127,C[C@@H](N)COc1cnc(Cl)c(\C=C\c2ccncc2)c1,10.09
134,CHEMBL344573,Cc1cc(on1)\C(=C\2/CN3CCC2CC3)\F,6.59
135,CHEMBL61616,CN(C)CCOc1cccnc1,7.49
136,CHEMBL112749,C[C@@H](COc1ccc(Cl)nc1)N(C)C,7.38
137,CHEMBL320325,C[C@@H](COc1cnc(Cl)c(C)c1)N(C)C,8.02
138,CHEMBL324939,CN(C)[C@@H](CCCl)COc1cncc(c1)C(F)(F)F,8.26
139,CHEMBL112860,CC[C@@H](COc1ccc(F)nc1)NC,6.66
140,CHEMBL324726,N[C@H](COc1cnc(Cl)c(Br)c1)Cc2ccccc2,7.0
141,CHEMBL111821,CC[C@H](N)COc1ccc(Cl)nc1,7.82
142,CHEMBL148432,C\C(=C/1\CN2CCC1CC2)\c3onc(C)c3,6.15
143,CHEMBL112154,CN(C)CCOc1ccc(C)nc1,6.85
144,CHEMBL113391,C[C@H](N)COc1cnc(Cl)c(C)c1,9.28
145,CHEMBL342567,C1CN2CCC1\C(=C\c3oncc3)\C2,8.78
146,CHEMBL332720,CN(C)CCOc1cnc(Cl)c(Br)c1,8.15
147,CHEMBL112221,CNCCOc1cccnc1,7.77
149,CHEMBL113101,CNCCOc1ccc(Cl)nc1,7.66
150,CHEMBL323697,CN[C@H](C)COc1cnc(Cl)c(Br)c1,8.82
151,CHEMBL326051,CN(C)CCOc1ccc(Cl)nc1,7.1
153,CHEMBL148107,Cc1cnoc1\C=C\2/CN3CCC2C3,9.5
154,CHEMBL113625,CN(C)CCOc1cncc(c1)[N+](=O)[O-],6.59
155,CHEMBL325737,CNCCOc1ccc(OC)nc1,6.21
156,CHEMBL114881,CN[C@H](C)COc1ccc(Cl)nc1,8.23
157,CHEMBL110202,N[C@H](COc1cnc(Cl)c(\C=C\c2ccncc2)c1)Cc3ccccc3,8.0
159,CHEMBL291442,Cc1cc(on1)\C=C/2\CN3CCC2C3,7.64
161,CHEMBL14,[Cl-].C[N+](C)(C)CCOC(=O)N,6.35
162,CHEMBL115106,CNCCOc1cncc(c1)[N+](=O)[O-],6.25
163,CHEMBL342546,COCc1cc(on1)\C=C\2/CN3CCC2CC3,6.66
165,CHEMBL112316,CC[C@@H](COc1cnc(Cl)c(\C=C\c2ccncc2)c1)N(C)C,8.44
166,CHEMBL110803,NCCOc1cncc(Cl)c1,6.85
168,CHEMBL323696,CN[C@H](C)COc1cnc(Cl)c(C)c1,9.24
169,CHEMBL113240,C[C@H](N)COc1ccc(F)nc1,8.06
171,CHEMBL293142,Cc1cc(on1)\C=C/2\CN3CCC2CC3,6.3
172,CHEMBL60656,Cc1cc(on1)\C=C\2/CN3CCCC2C3,6.89
173,CHEMBL144412,CN1CC\C(=C\c2onc(C)c2)\C1,6.11
176,CHEMBL112677,C[C@@H](COc1cnc(Cl)c(Br)c1)N(C)C,7.51
177,CHEMBL111905,CN[C@H](C)COc1ccc(F)nc1,7.96
178,CHEMBL441650,C[C@H](N)COc1cnc(Cl)c(Br)c1,8.82
180,CHEMBL115886,CN(C)CCOc1cncc(Br)c1,7.3
181,CHEMBL113488,CC[C@H](N)COc1cnc(Cl)c(Br)c1,7.82
182,CHEMBL113557,COc1ccc(OCCN(C)C)cn1,6.39
183,CHEMBL325352,C[C@H](COc1cnc(Cl)c(\C=C\c2ccncc2)c1)N(C)C,10.0
184,CHEMBL114505,CN[C@@H](C)COc1cnc(Cl)c(C)c1,8.26
185,CHEMBL147965,CCc1cc(on1)\C=C\2/CN3CCC2CC3,7.0
187,CHEMBL419932,C[C@H](N)COc1cnc(Cl)c(\C=C\c2ccncc2)c1,10.12
190,CHEMBL113431,C[C@H](COc1cnc(Cl)c(C)c1)N(C)C,8.14
191,CHEMBL420496,CNCCOc1cncc(N)c1,7.57
192,CHEMBL112467,CC[C@H](N)COc1cnc(Cl)c(\C=C\c2ccncc2)c1,9.75
193,CHEMBL333162,CN[C@H](C)COc1cnc(Cl)c(\C=C\c2ccncc2)c1,10.11
194,CHEMBL113076,CN(C)CCOc1cncc(Cl)c1,7.13
195,CHEMBL113295,CNCCOc1cnc(Cl)c(Br)c1,7.85
196,CHEMBL113454,CN[C@H](COc1cnc(Cl)c(Br)c1)Cc2ccccc2,7.07
197,CHEMBL144540,Cc1cc(on1)\C=C/2\CN3CCCC2C3,7.28
198,CHEMBL113260,CN[C@@H](C)COc1cnc(Cl)c(Br)c1,7.96
199,CHEMBL113130,CN[C@H](COc1cnc(Cl)c(\C=C\c2ccncc2)c1)Cc3ccccc3,8.59
201,CHEMBL148738,Cc1cc(on1)\C=C/2\CCCNC2,7.06
202,CHEMBL324757,CN(C)CCOc1cncc(c1)C(F)(F)F,6.6
204,CHEMBL112254,C[C@@H](COc1cnc(Cl)c(\C=C\c2ccncc2)c1)N(C)C,9.43
205,CHEMBL109767,C[C@@H](N)COc1ccc(F)nc1,8.18
206,CHEMBL115098,C[C@@H](N)COc1cnc(Cl)c(C)c1,9.01
209,CHEMBL59986,C(Oc1cccnc1)[C@@H]2CCN2,9.66
210,CHEMBL326536,CN(C)CCOc1cnc(Cl)c(Cl)c1,7.8
211,CHEMBL112961,CN(C)[C@H](COc1cnc(Cl)c(\C=C\c2ccncc2)c1)Cc3ccccc3,8.34
212,CHEMBL112471,CC[C@H](N)COc1ccc(F)nc1,7.41
213,CHEMBL343458,Cc1cnoc1\C=C\2/CN3CCC2CC3,8.5
214,CHEMBL325898,C[C@H](COc1ccc(Cl)nc1)N(C)C,7.38
215,CHEMBL58416,Cc1cc(on1)\C=C\2/CN3CCC2CC3,8.41
216,CHEMBL113190,C[C@@H](COc1ccc(F)nc1)N(C)C,7.0
217,CHEMBL324704,CNCCOc1cncc(c1)C(F)(F)F,5.82
218,CHEMBL432643,C[C@H](N)COc1ccc(Cl)nc1,8.35
219,CHEMBL325212,CNCCOc1cncc(Cl)c1,7.43
220,CHEMBL326918,CNCCOc1ccc(C)nc1,7.37
221,CHEMBL112746,CN[C@H](COc1cccnc1)Cc2ccccc2,6.16
222,CHEMBL358977,CCCc1cc(on1)\C=C\2/CN3CCC2CC3,6.78
223,CHEMBL148144,CC(C)c1cc(on1)\C=C\2/CN3CCC2CC3,6.97
227,CHEMBL55138,Ic1cncc(O[C@H]2CCN2)c1,9.85
228,CHEMBL113319,CN[C@@H](C)COc1ccc(F)nc1,7.16
229,CHEMBL111935,C[C@@H](N)COc1cnc(Cl)c(Br)c1,8.82
230,CHEMBL420129,CN(C)[C@H](COc1cnc(Cl)c(Br)c1)Cc2ccccc2,6.5
231,CHEMBL291780,Cc1cc(on1)\C=C\2/CN3CCC2C3,7.54
232,CHEMBL920,C[N+](C)(C)CCO,4.38
233,CHEMBL112744,C[C@H](COc1ccc(F)nc1)N(C)C,7.16
236,CHEMBL421553,OC1CC2CC(C(C1)N2)c3ccc(Cl)nc3,7.75
238,CHEMBL419230,CN1C[C@H](C[C@H]1c2cccnc2)OC(=O)C,6.99
239,CHEMBL116706,CN1C[C@@H](CF)C[C@H]1c2cccnc2,7.96
240,CHEMBL334222,CC1CN(C)[C@@H](C1C)c2cccnc2,7.02
245,CHEMBL117339,CN1C[C@@H](O)C[C@H]1c2cccnc2,7.56
246,CHEMBL326597,CO[C@H]1C[C@H](N(C)C1)c2cccnc2,7.44
247,CHEMBL334001,CN1C[C@@H](CC#N)C[C@H]1c2cccnc2,7.28
248,CHEMBL443018,CN1[C@@H](CC[C@@H]1c2ccccc2)c3cccnc3,5.91
249,CHEMBL432837,C[C@H]1C[C@H](N(C)C1)c2cccnc2,8.37
256,CHEMBL119019,CC1CCN(C)[C@@H]1c2cccnc2,7.6
259,CHEMBL118849,CN1C[C@@H](CO)C[C@H]1c2cccnc2,6.8
260,CHEMBL434607,CN1C[C@H](CO)C[C@H]1c2cccnc2,6.53
264,CHEMBL119352,CN1C[C@@H](C[C@H]1c2cccnc2)C#N,7.09
265,CHEMBL116998,CN1[C@@H](CC[C@H]1c2cccnc2)c3ccccc3,5.48
267,CHEMBL119016,CN1CCC(CF)[C@H]1c2cccnc2,7.01
268,CHEMBL119144,CSC[C@H]1C[C@H](N(C)C1)c2cccnc2,6.31
269,CHEMBL115793,CC[C@H]1C[C@H](N(C)C1)c2cccnc2,7.3
273,CHEMBL420694,CN1C[C@@H](Cc2ccccc2)C[C@H]1c3cccnc3,6.92
275,CHEMBL118038,C[C@@H]1CC[C@H](N1C)c2cccnc2,5.92
278,CHEMBL119186,CN1C[C@H](C[C@H]1c2cccnc2)OS(=O)(=O)C,6.44
279,CHEMBL119020,COCC1CCN(C)[C@@H]1c2cccnc2,5.69
283,CHEMBL119227,COC[C@H]1C[C@H](N(C)C1)c2cccnc2,6.29
284,CHEMBL116645,C[C@H]1CC[C@H](N1C)c2cccnc2,7.46
285,CHEMBL119574,CCCC[C@@H]1CC[C@H](N1C)c2cccnc2,5.86
287,CHEMBL316780,Nc1ccc(cc1)c2cc(on2)\C=C/3\CN4CCC3CC4,6.15
288,CHEMBL313865,Oc1ccc(cc1O)c2cc(on2)\C=C/3\CN4CCC3CC4,6.31
289,CHEMBL119581,CCCC[C@H]1CC[C@H](N1C)c2cccnc2,6.9
292,CHEMBL325426,CN1CCC(CO)[C@H]1c2cccnc2,6.21
299,CHEMBL292655,CCN(C)Cc1ccc(Br)nc1,7.21
300,CHEMBL59420,CCN(C)Cc1cnc2cc3ccncc3cc2c1,5.96
301,CHEMBL58616,CCN(C)CCOc1cncc(Br)c1,6.35
302,CHEMBL61520,C1CNC(C1)c2cnc3ccccc3c2,7.03
304,CHEMBL61772,CN1CCCC1c2cncc(Br)c2,8.16
305,CHEMBL61013,CN1CCCC1c2cncc(Cl)c2,9.2
306,CHEMBL60792,CCN(C)Cc1cccnc1,7.55
307,CHEMBL59967,CCN(C)Cc1cnccc1F,7.03
308,CHEMBL57912,CCN(C)CCOc1cccnc1,7.66
309,CHEMBL294499,CCN(C)Cc1cncc(Br)c1,6.07
311,CHEMBL60356,CCN(C)CCOc1ccc(OC)nc1,5.39
312,CHEMBL127071,Cc1ncccc1OC[C@@H]2CCCN2,7.78
313,CHEMBL84692,CN1CCC[C@H]1COc2cccnc2C,7.57
314,CHEMBL294757,CN1CCCC1c2ccc(C)nc2,8.75
315,CHEMBL60937,CCN(C)CCOc1ccc(Br)nc1,6.54
318,CHEMBL58231,CN1CCCC1c2ccc(Br)nc2,9.35
322,CHEMBL126692,Cc1ncccc1OC[C@H]2CCCN2,7.41
323,CHEMBL61165,CCN(C)Cc1ccc(OC)nc1,6.19
324,CHEMBL60124,CCN(C)Cc1ccc(C)nc1,7.18
326,CHEMBL292114,COc1ccc(cn1)C2CCCN2C,7.66
327,CHEMBL62128,CN1CCCC1c2cncc(F)c2,8.99
328,CHEMBL61883,CN1CCCC1c2cnc3cc4ccncc4cc3c2,7.95
329,CHEMBL129609,CN1CCC[C@@H]1COc2cccnc2C,5.52
331,CHEMBL303530,COc1cncc(c1)C2CCCN2C,7.85
332,CHEMBL60141,CCN(C)Cc1cnccc1Cl,7.39
333,CHEMBL62015,CCN(C)CCOc1cncc(OC)c1,7.8
334,CHEMBL61527,CCN(C)Cc1cncc(OC)c1,6.94
335,CHEMBL61764,CCN(C)CCOc1cnc2cc3ccncc3cc2c1,5.61
336,CHEMBL293435,CN1CC[C@H]1COc2cccnc2,9.35
337,CHEMBL168780,CN1CC[C@@H]1COc2cccnc2,8.46
339,CHEMBL354602,CN1CCC[C@@H]1COc2cccnc2,7.71
340,CHEMBL440195,C(Oc1cccnc1)[C@H]2CCCN2,9.85
342,CHEMBL262769,C(Oc1cccnc1)[C@H]2CCN2,10.3
347,CHEMBL1132,C1CNC(C1)c2cccnc2,7.1
354,CHEMBL99886,Ic1cncc(OCC2CCN2)c1,11.0
355,CHEMBL97605,Fc1ncccc1OCC2CCN2,10.21
356,CHEMBL149667,C1CC2NC1CCc3ccncc23,8.3
360,CHEMBL148848,Cc1nccc2CCC3CCC(N3)c12,6.05
364,CHEMBL423579,CN1C2CCC1c3cnccc3CC2,6.0
372,CHEMBL339402,CN1[C@@H](CC(=O)c2ccccc2)CCC[C@H]1\C=C\c3ccccc3,5.97
373,CHEMBL433194,C[N+]1(C)[C@H](C[C@H](O)c2ccccc2)CCC[C@@H]1CC(=O)c3ccccc3,5.69
374,CHEMBL333898,CN1[C@H](C[C@H](Cl)c2ccccc2)CCC[C@@H]1CC(=O)c3ccccc3,8.3
376,CHEMBL122317,CN1[C@H](C[C@H](O)c2ccccc2)CCC[C@@H]1CCc3ccccc3,6.63
377,CHEMBL121876,CN1CCCCC1CCc2ccccc2,5.6
378,CHEMBL125511,CN1[C@H](CCc2ccccc2)CCC[C@@H]1C[C@@H](O)c3ccccc3,6.47
379,CHEMBL122270,CN1[C@H](C[C@H](O)c2ccccc2)CCC[C@@H]1CC(=O)c3ccccc3,8.4
380,CHEMBL332074,CN1CCCCC1CC(=O)c2ccccc2,5.66
381,CHEMBL124219,CN1[C@H](C[C@H](O)c2ccccc2)CCC[C@@H]1\C=C\c3ccccc3,5.88
382,CHEMBL50115,CN(C)CCC(=O)c1ccccc1,5.23
383,CHEMBL331161,CN1[C@H](CC(=O)c2ccccc2)CCC[C@@H]1CC(=O)c3ccccc3,5.11
386,CHEMBL122425,CN1[C@H](CCc2ccccc2)CCC[C@@H]1CC(=O)c3ccccc3,6.96
389,CHEMBL122676,CN1[C@H](C[C@H](O)c2ccccc2)CCC[C@@H]1C[C@@H](O)c3ccccc3,6.52
392,CHEMBL133570,CN1CC[C@H]1COc2ccc(Cl)nc2,8.8
394,CHEMBL141433,CN1CCN=C1CCc2cccnc2,7.02
395,CHEMBL143898,CN1CCN=C1NCc2cccnc2,6.38
396,CHEMBL142049,CN(C)CCc1cccnc1,7.33
397,CHEMBL357126,CN1CCN=C1COc2cccnc2,7.24
398,CHEMBL141389,CN1CCN=C1CCCc2cccnc2,5.38
399,CHEMBL141332,CCN1CCN=C1\C=C\c2cccnc2,5.3
402,CHEMBL142258,CCN(C)C(=N)Cc1cccnc1,8.31
405,CHEMBL141612,C(N1CCN=C1Cc2cccnc2)c3ccccc3,6.07
406,CHEMBL430497,Clc1ccc(OC[C@H]2CCN2)cn1,10.4
407,CHEMBL343099,CC(C1=NCCN1C)c2cccnc2,6.94
408,CHEMBL328323,C1CN[C@H](C1)c2oc3cccnc3c2,8.29
411,CHEMBL91005,C1CN[C@@H](C1)c2oc3cccnc3c2,7.12
412,CHEMBL93883,CN1CCC[C@H]1c2oc3cccnc3c2,8.56
413,CHEMBL356954,CN1CCN=C1CSc2cccnc2,5.39
414,CHEMBL132486,Clc1ccc(OC[C@@H]2CCCN2)cn1,9.35
416,CHEMBL142000,CN(C)C\C=C\c1cccnc1,5.56
417,CHEMBL327441,CN1CCC[C@@H]1c2oc3cccnc3c2,7.01
418,CHEMBL143945,CN1CCN=C1Nc2cccnc2,7.03
421,CHEMBL14049,C1CN=C(N1)c2cccnc2,5.45
422,CHEMBL331904,CN(C)Cc1cccnc1,6.27
425,CHEMBL334860,Clc1ccc(OC[C@H]2CCCN2)cn1,10.05
429,CHEMBL142696,NC(=N)Cc1cccnc1,5.82
430,CHEMBL313631,CN1CCN=C1Cc2cccnc2,8.11
431,CHEMBL142469,C(Oc1cccnc1)C2=NCCN2,5.85
432,CHEMBL356996,CCN1CCN=C1Cc2cccnc2,6.82
434,CHEMBL343169,C(C1=NCCN1)c2cccnc2,6.49
435,CHEMBL423736,C\N=C(\N)/Cc1cccnc1,5.24
436,CHEMBL142259,CN(C)C(=N)Cc1cccnc1,6.55
440,CHEMBL142360,CN1CCN=C1CNc2cccnc2,6.51
442,CHEMBL329602,CN1CCN=C1c2cccnc2,6.69
443,CHEMBL358285,CN1CCN=C1\C=C\c2cccnc2,7.21
456,CHEMBL435616,CC1(C)[C@H]2CC[C@]1(C)C(=O)/C/2=C/C3CCCC[N+]3(C)C,4.91
462,CHEMBL609396,CN1CCCCC1CCC(=O)c2cccs2,4.61
466,CHEMBL338918,C[N+]1(C)CCC[C@H]1\C=C\2/CCCCC2=O,6.08
468,CHEMBL612092,CN1CCC[C@H]1\C=C\2/[C@@H]3CC[C@](C)(C2=O)C3(C)C,4.45
470,CHEMBL609140,CN1CCCCC1CCC(=O)C,5.43
473,CHEMBL609144,CN1CCC[C@H]1\C=C\2/CCCC2=O,6.32
477,CHEMBL609399,CN1CCCCC1\C=C\2/[C@@H]3CC[C@](C)(C2=O)C3(C)C,4.28
479,CHEMBL338558,C[N+]1(C)CCC[C@H]1\C=C\2/CCCC2=O,6.92
483,CHEMBL612091,CN1CCCCC1\C=C\2/CCCCC2=O,4.63
485,CHEMBL609406,CC1CCC\C(=C/[C@@H]2CCCN2C)\C1=O,6.34
492,CHEMBL609397,CN1CCCCC1\C=C\2/CCCC2=O,4.95
502,CHEMBL127620,CN1CCCCC1CC2(SCCCS2)c3cccnc3,4.27
503,CHEMBL124471,CC(=O)CCC1CCCC[N+]1(C)C,5.75
505,CHEMBL339474,C[N+]1(C)CCCCC1\C=C\2/CCCC2=O,5.82
507,CHEMBL332008,CC1CCC\C(=C/[C@@H]2CCC[N+]2(C)C)\C1=O,6.13
509,CHEMBL609142,CN1CCC(C1)N2CCCC2=O,4.11
511,CHEMBL125190,CC1CCC\C(=C\[C@@H]2CCC[N+]2(C)C)\C1=O,4.69
513,CHEMBL123508,CCC(=O)\C(=C\C1CCCC[N+]1(C)C)\C,4.16
518,CHEMBL340894,CN1CCCCC1CCC2(SCCCS2)c3ccc(Cl)cc3,4.37
519,CHEMBL339483,CN1CCCCC1CCC2(SCCCS2)c3ccc(F)cc3,4.23
520,CHEMBL609139,CN1CCCCC1CCC(=O)c2ccc(F)cc2,4.63
521,CHEMBL609401,CN1CCCCC1CN2CCCC2=O,4.58
523,CHEMBL609395,CN1CCC[C@H]1\C=C\2/CCc3ccccc3C2=O,4.9
526,CHEMBL1161006,CC1(C)[C@H]2CC[C@]1(C)C(=O)/C/2=C/C3CCCCN3,4.24
528,CHEMBL124568,C[N+]1(C)CCCCC1CCC(=O)c2ccc(Cl)cc2,4.2
537,CHEMBL127640,CN1CCCCC1CC2[C@@H]3CC[C@](C)(C2=O)C3(C)C,4.49
539,CHEMBL612094,CN1CCC[C@H]1CN2CCCC2=O,4.7
541,CHEMBL126015,C[N+]1(C)CCC[C@H]1CN2CCCC2=O,4.03
543,CHEMBL609400,CN1CCCCC1CC(=O)c2occc2,5.22
549,CHEMBL420152,C[N+]1(C)CCCCC1CCC(=O)c2cccs2,4.54
550,CHEMBL612086,CN1CCCCC1CC(=O)c2cccs2,4.98
553,CHEMBL332009,C[N+]1(C)CCCCC1\C=C\2/CCCCC2=O,5.19
556,CHEMBL609145,CN1CCC[C@H]1\C=C\2/CCCCC2=O,6.03
560,CHEMBL127580,CN1CCCCC1CCC2(SCCCS2)c3cccs3,4.23
561,CHEMBL612093,CC1CCC\C(=C\[C@@H]2CCCN2C)\C1=O,5.26
563,CHEMBL338898,C[N+]1(C)CCC[C@@H]1\C=C\2/CCC\C(=C/[C@@H]3CCC[N+]3(C)C)\C2=O,4.05
616,CHEMBL664,CN1C(CCC1=O)c2cccnc2,6.21
745,CHEMBL280963,C1CCC(NC1)c2cccnc2,5.59
