,molecule_chembl_id,canonical_smiles,pchembl_value
0,decamethonium,C[N+](C)(C)CCCCCCCCCC[N+](C)(C)C,
1,suxamethonium,C[N+](C)(C)CCOC(=O)CCC(=O)OCC[N+](C)(C)C,
2,doxacurium,[H]C1(CC2=CC(OC)=C(OC)C(OC)=C2)C2=C(OC)C(OC)=C(OC)C=C2CC[N+]1(C)CCCOC(=O)CCC(=O)OCCC[N+]1(C)CCC2=CC(OC)=C(OC)C(OC)=C2C1([H])CC1=CC(OC)=C(OC)C(OC)=C1,
3,vecuronium,[H][C@@]12C[C@@H]([C@H](OC(C)=O)[C@@]1(C)CC[C@@]1([H])[C@@]2([H])CC[C@@]2([H])C[C@H](OC(C)=O)[C@H](C[C@]12C)N1CCCCC1)[N+]1(C)CCCCC1,7.8239
4,tubocurarine,[H][C@]12CC3=CC=C(OC4=C5C(CC[N+](C)(C)[C@]5([H])CC5=CC=C(O)C(OC6=CC1=C(CCN2C)C=C6OC)=C5)=CC(OC)=C4O)C=C3,7.6198
5,rocuronium,[H][C@@]12C[C@@H]([C@H](OC(C)=O)[C@@]1(C)CC[C@@]1([H])[C@@]2([H])CC[C@@]2([H])C[C@H](O)[C@H](C[C@]12C)N1CCOCC1)[N+]1(CC=C)CCCC1,7.7696
6,pipecuronium,[H][C@@]12C[C@@H]([C@H](OC(C)=O)[C@@]1(C)CC[C@@]1([H])[C@@]2([H])CC[C@@]2([H])C[C@H](OC(C)=O)[C@H](C[C@]12C)N1CC[N+](C)(C)CC1)N1CC[N+](C)(C)CC1,
7,pancuronium,[H][C@@]12C[C@@H]([C@H](OC(C)=O)[C@@]1(C)CC[C@@]1([H])[C@@]2([H])CC[C@@]2([H])C[C@H](OC(C)=O)[C@H](C[C@]12C)[N+]1(C)CCCCC1)[N+]1(C)CCCCC1,8.2007
8,mivacurium,COC1=CC(C[C@@H]2C3=CC(OC)=C(OC)C=C3CC[N+]2(C)CCCOC(=O)CC\C=C\CCC(=O)OCCC[N+]2(C)CCC3=CC(OC)=C(OC)C=C3[C@H]2CC2=CC(OC)=C(OC)C(OC)=C2)=CC(OC)=C1OC,
9,dimethyltubocurarinium,[H][C@]12CC3=CC=C(OC4=C5C(CC[N+](C)(C)[C@]5([H])CC5=CC=C(OC)C(OC6=CC1=C(CC[N+]2(C)C)C=C6OC)=C5)=CC(OC)=C4OC)C=C3,7.7447
10,cisatracurium,COC1=C(OC)C=C(C[C@@H]2C3=CC(OC)=C(OC)C=C3CC[N@+]2(C)CCC(=O)OCCCCCOC(=O)CC[N@@+]2(C)CCC3=CC(OC)=C(OC)C=C3[C@H]2CC2=CC(OC)=C(OC)C=C2)C=C1,8.0
11,atracurium,COC1=C(OC)C=C(CC2C3=CC(OC)=C(OC)C=C3CC[N+]2(C)CCC(=O)OCCCCCOC(=O)CC[N+]2(C)CCC3=CC(OC)=C(OC)C=C3C2CC2=CC(OC)=C(OC)C=C2)C=C1,7.7696
12,rapacuronium,[H][C@@]12C[C@@H]([C@H](OC(=O)CC)[C@@]1(C)CC[C@@]1([H])[C@@]2([H])CC[C@@]2([H])C[C@H](OC(C)=O)[C@H](C[C@]12C)N1CCCCC1)[N+]1(CC=C)CCCCC1,
13,CHEMBL16259,CCCC(=O)N[C@@H](Cc1ccc(O)cc1)C(=O)NCCCCCCCCN,5.01
14,CHEMBL16607,CCCC(=O)N[C@@H](Cc1ccc(O)cc1)C(=O)NCCCCCCCCCCN,5.06
15,CHEMBL16184,CCCC(=O)N[C@@H](Cc1ccc(O)cc1)C(=O)NCCCCCCCN,5.26
16,CHEMBL15998,CCCC(=O)N[C@@H](Cc1ccc(O)cc1)C(=O)NCCCCCCCCCCCCN,5.82
17,CHEMBL16044,CCCC(=O)N[C@@H](Cc1ccc(O)cc1)C(=O)NCCCCCCCCCCCN,6.24
