,molecule_chembl_id,canonical_smiles,pchembl_value
0,CHEMBL3808687,CC[C@H](C)[C@H](NC(=O)[C@H](CCCNC(=N)N)NC(=O)[C@H](CCCNC(=N)N)NC(=O)[C@H](CC(C)C)NC(=O)[C@H](Cc1c[nH]c2ccccc12)NC(=O)[C@H](C)NC(=O)[C@H](CCCCN)NC(=O)[C@@H](NC(=O)[C@H](CCCNC(=N)N)NC(=O)[C@H](CCCNC(=N)N)NC(=O)[C@H](CC(C)C)NC(=O)[C@@H](N)Cc3c[nH]c4ccccc34)[C@@H](C)CC)C(=O)N[C@@H](CCCCN)C(=O)N[C@@H](C)C(=O)N[C@@H](CC(C)C)C(=O)N[C@@H](CC(=O)N)C(=O)N[C@@H](CCCNC(=N)N)C(=O)N[C@@H](CCC(=O)N)C(=O)N[C@@H](CC(C)C)C(=O)NCC(=O)N[C@@H](C(C)C)C(=O)N[C@@H](C)C(=O)N[C@@H](C)C(=O)O,6.13
4,CHEMBL75277,N#Cc1cccc(OC[C@@H]2CCCN2)c1,7.75
5,CHEMBL418900,C(Oc1ccccc1)[C@@H]2CCCN2,6.71
6,CHEMBL73141,Fc1cc(F)cc(OC[C@@H]2CCCN2)c1,7.75
7,CHEMBL74636,CN1CCC[C@H]1COc2ccc3OCOc3c2,6.77
8,CHEMBL309428,C(Nc1ccccc1)[C@@H]2CCCN2,5.29
9,CHEMBL73249,N#CCN1CCC[C@H]1COc2ccccc2,5.98
10,CHEMBL75575,CN1CCC[C@H]1COc2ccc3cccnc3c2,5.3
11,CHEMBL310032,CN1CCC[C@H]1COc2ccccc2F,6.52
12,CHEMBL73287,C(Oc1cccc2ccccc12)[C@@H]3CCCN3,5.54
13,CHEMBL73786,CN1CCC[C@H]1COc2ccccc2,7.38
14,CHEMBL72198,Fc1cccc(OC[C@H]2CCCN2)c1,7.89
15,CHEMBL305820,COc1cccc(OC[C@@H]2CCCN2C)c1,6.76
16,CHEMBL73276,CN1CCC[C@H]1COc2ccccc2C(F)(F)F,5.61
17,CHEMBL73294,Fc1ccc(OC[C@@H]2CCCN2)cc1F,7.76
18,CHEMBL306293,CCN1CCC[C@H]1COc2ccccc2,5.29
19,CHEMBL72015,CN1CCC[C@H]1COc2cccc(c2)C#N,7.29
21,CHEMBL75672,CN1CCC[C@@H]1COc2ccccc2,6.69
22,CHEMBL76268,COc1cccc(OC[C@@H]2CCCN2)c1,6.33
23,CHEMBL307954,Fc1cccc(SC[C@@H]2CCCN2)c1,5.27
24,CHEMBL73784,C(Oc1ccccc1)[C@H]2CCCN2,6.97
25,CHEMBL306055,Fc1cccc(OC[C@@H]2CCCN2)c1F,7.11
26,CHEMBL76287,CN1CCC[C@H]1COc2ccc3c(OC(=O)S3(=O)=O)c2,6.47
27,CHEMBL312749,Fc1c(F)c(F)c(OC[C@@H]2CCCN2)c(F)c1F,5.51
28,CHEMBL309589,CN1CCC[C@H]1COc2cccc3ccccc23,6.23
29,CHEMBL306845,CN1CCC[C@H]1COc2ccc(Cl)c3CCCc23,5.73
30,CHEMBL72502,CN1CC[C@H]1COc2cccc(F)c2,7.84
32,CHEMBL73293,CN1CCC[C@H]1COc2ccc(F)c(F)c2,7.75
33,CHEMBL306594,FC(F)(F)c1cccc(OC[C@@H]2CCCN2)c1,6.28
34,CHEMBL308250,CN1CCC[C@H]1COc2ccc(Cl)c(Cl)c2,6.95
35,CHEMBL73275,CN1CCC[C@H]1COc2ccccc2C(=O)C,5.48
36,CHEMBL75446,CN1CC[C@H]1COc2ccccc2,7.0
37,CHEMBL312342,NC(=O)c1cccc(OC[C@@H]2CCCN2)c1,6.87
38,CHEMBL76321,CN1CCC[C@H]1COc2cccc(c2)C(F)(F)F,6.25
39,CHEMBL72968,CN1CCC[C@H]1COc2cccc(F)c2F,7.16
40,CHEMBL73381,CN1CCC[C@H]1COc2cccc(Cl)c2,7.43
41,CHEMBL74984,CN1CCC[C@H]1CSc2cccc(F)c2,5.92
42,CHEMBL74045,Fc1cccc(OC[C@@H]2CCCN2)c1,7.85
43,CHEMBL72031,C(Oc1ccccc1)[C@@H]2CCN2,7.28
44,CHEMBL305674,Fc1cccc(OC[C@@H]2CCN2)c1,8.51
45,CHEMBL73657,CN1CCC[C@H]1COc2ccc(Cl)cc2,6.22
46,CHEMBL74845,CN1CCC[C@H]1COc2cc(F)cc(F)c2,7.71
47,CHEMBL72197,CN1CCC[C@@H]1COc2cccc(F)c2,7.11
48,CHEMBL74249,CN1CCC[C@H]1COc2cccc(F)c2,8.3
49,CHEMBL541458,C(Oc1ccc2ccccc2c1)[C@@H]3CCCN3,5.16
50,CHEMBL510275,CCN1C[C@]2(COC(=O)c3ccccc3N4C(=O)C[C@H](C)C4=O)CC[C@H](OC)[C@@]56[C@@H]7C[C@@H]8[C@H](C[C@@](O)([C@H]7[C@H]8OC)[C@](O)([C@@H](OC)[C@H]25)[C@H]16)OC,5.89
