,molecule_chembl_id,canonical_smiles,pchembl_value
0,decamethonium,C[N+](C)(C)CCCCCCCCCC[N+](C)(C)C,
1,suxamethonium,C[N+](C)(C)CCOC(=O)CCC(=O)OCC[N+](C)(C)C,
2,doxacurium,[H]C1(CC2=CC(OC)=C(OC)C(OC)=C2)C2=C(OC)C(OC)=C(OC)C=C2CC[N+]1(C)CCCOC(=O)CCC(=O)OCCC[N+]1(C)CCC2=CC(OC)=C(OC)C(OC)=C2C1([H])CC1=CC(OC)=C(OC)C(OC)=C1,
3,vecuronium,[H][C@@]12C[C@@H]([C@H](OC(C)=O)[C@@]1(C)CC[C@@]1([H])[C@@]2([H])CC[C@@]2([H])C[C@H](OC(C)=O)[C@H](C[C@]12C)N1CCCCC1)[N+]1(C)CCCCC1,7.8239
4,tubocurarine,[H][C@]12CC3=CC=C(OC4=C5C(CC[N+](C)(C)[C@]5([H])CC5=CC=C(O)C(OC6=CC1=C(CCN2C)C=C6OC)=C5)=CC(OC)=C4O)C=C3,7.6198
5,rocuronium,[H][C@@]12C[C@@H]([C@H](OC(C)=O)[C@@]1(C)CC[C@@]1([H])[C@@]2([H])CC[C@@]2([H])C[C@H](O)[C@H](C[C@]12C)N1CCOCC1)[N+]1(CC=C)CCCC1,7.7696
6,pipecuronium,[H][C@@]12C[C@@H]([C@H](OC(C)=O)[C@@]1(C)CC[C@@]1([H])[C@@]2([H])CC[C@@]2([H])C[C@H](OC(C)=O)[C@H](C[C@]12C)N1CC[N+](C)(C)CC1)N1CC[N+](C)(C)CC1,
7,pancuronium,[H][C@@]12C[C@@H]([C@H](OC(C)=O)[C@@]1(C)CC[C@@]1([H])[C@@]2([H])CC[C@@]2([H])C[C@H](OC(C)=O)[C@H](C[C@]12C)[N+]1(C)CCCCC1)[N+]1(C)CCCCC1,8.2007
8,mivacurium,COC1=CC(C[C@@H]2C3=CC(OC)=C(OC)C=C3CC[N+]2(C)CCCOC(=O)CC\C=C\CCC(=O)OCCC[N+]2(C)CCC3=CC(OC)=C(OC)C=C3[C@H]2CC2=CC(OC)=C(OC)C(OC)=C2)=CC(OC)=C1OC,
9,dimethyltubocurarinium,[H][C@]12CC3=CC=C(OC4=C5C(CC[N+](C)(C)[C@]5([H])CC5=CC=C(OC)C(OC6=CC1=C(CC[N+]2(C)C)C=C6OC)=C5)=CC(OC)=C4OC)C=C3,7.7447
10,cisatracurium,COC1=C(OC)C=C(C[C@@H]2C3=CC(OC)=C(OC)C=C3CC[N@+]2(C)CCC(=O)OCCCCCOC(=O)CC[N@@+]2(C)CCC3=CC(OC)=C(OC)C=C3[C@H]2CC2=CC(OC)=C(OC)C=C2)C=C1,8.0
11,atracurium,COC1=C(OC)C=C(CC2C3=CC(OC)=C(OC)C=C3CC[N+]2(C)CCC(=O)OCCCCCOC(=O)CC[N+]2(C)CCC3=CC(OC)=C(OC)C=C3C2CC2=CC(OC)=C(OC)C=C2)C=C1,7.7696
12,rapacuronium,[H][C@@]12C[C@@H]([C@H](OC(=O)CC)[C@@]1(C)CC[C@@]1([H])[C@@]2([H])CC[C@@]2([H])C[C@H](OC(C)=O)[C@H](C[C@]12C)N1CCCCC1)[N+]1(CC=C)CCCCC1,
13,CHEMBL72675,Clc1ccc(CN2C=CSC2=N)cn1,5.1
14,CHEMBL1823382,C1C[C@@H]2CC[C@@H](N2)C(=C1)c3onc(c3)c4ccccc4,5.11
15,CHEMBL71046,Clc1ccc(CN2CCSC2=N)cn1,5.22
16,CHEMBL1823381,CC(C)c1cc(on1)C2=CCC[C@@H]3CC[C@H]2N3,5.26
17,CHEMBL1823380,CCc1cc(on1)C2=CCC[C@@H]3CC[C@H]2N3,5.38
18,CHEMBL3341967,Clc1cncc(c1)N2CCCNCC2,6.03
19,CHEMBL6623,Clc1ccc(cn1)C2CC3CCC2N3,6.8
24,CHEMBL84149,CN1CCC[C@H]1COc2cccnc2,4.47
26,CHEMBL454407,CN1[C@@H](C[C@H](CN2CCCCC2)C1=O)C#Cc3ccccc3,4.9
27,CHEMBL459689,CN1[C@@H](C[C@H](CN2CCCCC2)C1=O)C#Cc3ccc4c(ccn4C)c3,5.4
28,CHEMBL459900,CN1[C@@H](C[C@H](CN2CCCCC2)C1=O)C#Cc3ccc4occc4c3,4.0
29,CHEMBL503427,CN1[C@@H](C[C@H](CN2CCCCC2)C1=O)C#Cc3ccc4OCCc4c3,5.2
37,CHEMBL1210703,Cc1ccc(NC(=O)c2cc(c3ccccc3)c(s2)N4CCOCC4)c(C)c1,6.0
38,CHEMBL1210515,O=C(CN1N=C(C=C(Cc2occc2)C1=O)C3CCCCC3)NC4Cc5ccccc5C4,6.1
49,CHEMBL2022495,COc1cc(NC(=O)c2ccccc2F)ccc1c3oc(NCCCN4CCCCC4)nn3,5.4
50,CHEMBL2022739,Fc1ccccc1C(=O)Nc2ccc(c(F)c2)c3oc(NCCCCN4CCOCC4)nn3,5.2
56,CHEMBL309804,Clc1ccc(CN2CCNC2=N)cn1,4.96
57,CHEMBL2270633,[O-][N+](=O)\C=C/1\NCCCN1Cc2ccc(Cl)nc2,4.09
