,molecule_chembl_id,canonical_smiles,pchembl_value
0,varenicline,[H][C@]12C[C@]([H])(CNC1)C1=C2C=C2N=CC=NC2=C1,9.3979
1,nicotine,CN1CCC[C@H]1C1=CC=CN=C1,8.56
2,CHEMBL445169,CC(CCCC(=O)N(C)C)N(C)C,5.0
3,CHEMBL466398,CC(CCOC(=O)N(C)c1ccc(cc1)C#N)N(C)C,5.0
4,CHEMBL479623,CC(CCOC(=O)N(C)c1ccccc1)N(C)C,5.0
5,CHEMBL501227,CC(CCOC(=O)NCCO)N(C)C,5.09
6,CHEMBL468903,CC(CCOC(=S)N(C)C)N(C)C,5.16
7,CHEMBL479429,CN(C)C(CCOC(=O)N(C)C)c1ccccc1,5.18
8,CHEMBL503940,CNC(=O)\C=C\CC(C)N(C)C,5.18
9,CHEMBL480799,CN(C)C(CCOC(=O)N(C)C)C1CC1,5.19
10,CHEMBL491846,C1CCC(CC1)c2cc(on2)c3cnn(c3)C4CCNCC4,5.34
11,CHEMBL479622,CC(CCOC(=O)N(C)CCO)N(C)C,5.4
12,CHEMBL499575,CC(CCOC(=O)N(C)c1ccc(Cl)cc1)N(C)C,5.4
13,CHEMBL480798,CN(C)C(CO)CCOC(=O)N(C)C,5.4
14,CHEMBL479015,CN(C)C(CCOC(=O)N(C)C)c1ccsc1,5.5
15,CHEMBL468697,CC(C\C=C\C(=O)N(C)C)N(C)C,5.6
16,CHEMBL449334,CC(CCOC(=O)N)N(C)C,5.68
17,CHEMBL448084,CC(CCOC(=O)NCCCc1ccccc1)N(C)C,5.8
18,CHEMBL480797,CC(CCSC(=O)N(C)C)N(C)C,5.8
19,CHEMBL466399,CCCNC(=O)OCCC(C)N(C)C,5.8
20,CHEMBL509878,Cc1cc(on1)c2cnn(c2)C3CCNCC3,5.89
21,CHEMBL498187,Cc1c(cnn1C2CCNCC2)c3onc(c3)c4ccccc4,5.92
22,CHEMBL451633,CCNC(=O)OCCC(C)N(C)C,6.1
23,CHEMBL210598,Cc1ncc(cc1Cl)N2CCNCC2,6.28
24,CHEMBL491861,C(N1C2CCC1CC(C2)OC3c4ccccc4CCc5ccccc35)c6ccccc6,6.34
25,CHEMBL500318,CC(CCOC(=O)N(C)Cc1ccccc1)N(C)C,6.38
26,CHEMBL490819,Clc1cccc(Cl)c1c2cc(on2)c3cnn(c3)C4CCNCC4,6.39
27,CHEMBL497990,CN(Cc1onc(c1)c2ccccc2Cl)C(=O)C3CCNCC3,6.46
28,CHEMBL68563,Clc1cncc(c1)N2CCNCC2,6.51
29,CHEMBL497163,Fc1ccc(Cl)c(c1)c2cc(on2)c3cnn(c3)C4CCNCC4,6.57
30,CHEMBL208754,Clc1cncc(OC2CCCNC2)c1,6.62
31,CHEMBL377443,Clc1ncc(cc1Br)N2CCNCC2,6.64
32,CHEMBL483462,Fc1cccc(c1Cl)c2cc(on2)c3cnn(c3)C4CCNCC4,6.64
33,CHEMBL522077,Fc1ccc(c(Cl)c1)c2cc(on2)c3cnn(c3)C4CCNCC4,6.66
34,CHEMBL2179559,O=C(N1CC2CNCC2C1)c3cocc3,6.66
35,CHEMBL3676971,CC(=O)Nc1oc(cc1)C(=O)N2CC3CNCC(C3)C2,6.68
36,CHEMBL490843,C[N+]1(C)C2CCC1CC(C2)OC3c4ccccc4CCc5ccccc35,6.68
37,CHEMBL483665,Clc1cnccc1c2cc(on2)c3cnn(c3)C4CCNCC4,6.7
38,CHEMBL9965,C1CNCC(C1)Oc2cccnc2,6.72
39,CHEMBL208765,C=COc1cncc(c1)N2CCNCC2,6.72
40,CHEMBL209824,Brc1ccc(cn1)N2CCNCC2,6.74
41,CHEMBL382985,COc1cc(cnc1Br)N2CCNCC2,6.74
42,CHEMBL3676969,COc1cc(on1)C(=O)N2CC3CNCC(C3)C2,6.75
43,CHEMBL71068,CCSc1ccc(cn1)N2CCCNCC2,6.77
44,CHEMBL71067,COc1ccc(cn1)N2CCCNCC2,6.77
45,CHEMBL2179971,O=C(N1CC2CNCC2C1)c3ccncc3,6.8
46,CHEMBL523966,Clc1sccc1c2cc(on2)c3cnn(c3)C4CCNCC4,6.89
47,CHEMBL3676968,FC(F)c1occ(c1)C(=O)N2CC3CNCC3C2,6.89
48,CHEMBL526090,Clc1ccccc1c2cc(on2)c3cnn(c3)C4CCNCC4,6.92
49,CHEMBL273218,C1CC(CN1)Oc2cccnc2,7.0
50,CHEMBL3676955,COc1ccoc1C(=O)N2CC3CNCC3C2,7.0
51,CHEMBL3676972,Cc1onc(c1)C(=O)N2CC3CNCC(C3)C2,7.02
52,CHEMBL3676949,O=C(N1CC2CNCC2C1)c3occ(c3)c4cocc4,7.02
53,CHEMBL3676964,O=C(N1CC2CNCC2C1)c3ccon3,7.05
54,CHEMBL3676988,O=C(N1CC2CNCC(C2)C1)c3occn3,7.07
55,CHEMBL3676948,O=C(N1CC2CNCC2C1)c3occ(c3)c4ccccc4,7.07
56,CHEMBL3676950,Cc1onc(c1)C(=O)N2CC3CNCC3C2,7.08
57,CHEMBL3676976,O=C(N1CC2CNCC(C2)C1)c3cc(on3)C4CC4,7.08
58,CHEMBL2179532,Brc1oc(cc1)C(=O)N2CC3CNCC3C2,7.14
59,CHEMBL2179956,O=C(N1CC2CNCC2C1)c3oncc3,7.16
60,CHEMBL3676973,Cc1ncoc1C(=O)N2CC3CNCC(C3)C2,7.19
61,CHEMBL3676954,O=CNc1oc(cc1)C(=O)N2CC3CNCC3C2,7.2
62,CHEMBL3676987,Cc1oc(C(=O)N2CC3CNCC(C3)C2)c(F)c1,7.21
63,CHEMBL3676977,Nc1coc(c1)C(=O)N2CC3CNCC(C3)C2,7.21
64,CHEMBL2179542,Fc1ccoc1C(=O)N2CC3CNCC(C3)C2,7.24
65,CHEMBL2179539,Cc1ccoc1C(=O)N2CC3CNCC3C2,7.27
66,CHEMBL3319405,CN1CCC(CC1)S(=O)(=O)c2ccc3nc(NC(=O)NC(=O)c4cc(ccc4Cl)N5CCOCC5)sc3c2,7.28
67,CHEMBL2179546,Brc1oc(cc1)C(=O)N2CC3CNCC(C3)C2,7.29
68,CHEMBL3676960,C=Cc1ccoc1C(=O)N2CC3CNCC3C2,7.29
69,CHEMBL522076,Fc1cccc(Cl)c1c2cc(on2)c3cnn(c3)C4CCNCC4,7.32
70,CHEMBL3676965,O=C(N1CC2CNCC2C1)c3oc(cc3)C#C,7.32
71,CHEMBL3676975,Cc1cc(on1)C(=O)N2CC3CNCC(C3)C2,7.33
72,CHEMBL3676985,O=C(N1CC2CNCC(C2)C1)c3oc(cc3)C#C,7.33
73,CHEMBL3676956,Cc1oc(C(=O)N2CC3CNCC3C2)c(c1)C(F)(F)F,7.35
74,CHEMBL3676945,Brc1cc(on1)C(=O)N2CC3CNCC3C2,7.36
75,CHEMBL3676944,O=C(N1CC2CNCC2C1)c3oc(cc3)C#Cc4ccccc4,7.37
76,CHEMBL2179552,Cc1oc(cc1)C(=O)N2CC3CNCC(C3)C2,7.38
77,CHEMBL3676946,COc1coc(C(=O)N2CC3CNCC3C2)c1OC,7.4
78,CHEMBL3676966,O=C(N1CC2CNCC2C1)c3oc(cc3)[N+]#[C-],7.4
79,CHEMBL3676957,FC(F)(F)c1coc(c1)C(=O)N2CC3CNCC3C2,7.44
80,CHEMBL3676979,O=C(N1CC2CNCC(C2)C1)c3occ(c3)c4cocc4,7.46
81,CHEMBL490430,Cn1c(cnc1C2(F)CCNCC2)c3onc(c3)c4c(F)cccc4Cl,7.47
82,CHEMBL522640,Clc1ccccc1c2cc(on2)c3cnc(s3)C4CCNCC4,7.48
83,CHEMBL2179966,O=C(N1CC2CNCC2C1)c3occc3,7.48
84,CHEMBL3676952,Cc1cc(on1)C(=O)N2CC3CNCC3C2,7.51
85,CHEMBL3676990,Cc1oncc1C(=O)N2CC3CNCC(C3)C2,7.51
86,CHEMBL2179551,O=C(N1CC2CNCC(C2)C1)c3occc3C#N,7.51
87,CHEMBL3676942,[O-][N+](=O)c1oc(cc1)C(=O)N2CC3CNCC3C2,7.51
88,CHEMBL3676991,O=C(N1CC2CNCC(C2)C1)c3oncc3,7.52
89,CHEMBL3676953,Cc1occc1C(=O)N2CC3CNCC3C2,7.54
90,CHEMBL2179545,Clc1ccoc1C(=O)N2CC3CNCC(C3)C2,7.54
91,CHEMBL3676983,COc1ccoc1C(=O)N2CC3CNCC(C3)C2,7.55
92,CHEMBL2179538,Cc1oc(cc1)C(=O)N2CC3CNCC3C2,7.55
93,CHEMBL2179529,Clc1oc(cc1)C(=O)N2CC3CNCC3C2,7.55
94,CHEMBL3676958,Nc1coc(c1)C(=O)N2CC3CNCC3C2,7.55
95,CHEMBL2179528,Fc1ccoc1C(=O)N2CC3CNCC3C2,7.57
96,CHEMBL3676984,O=C(N1CC2CNCC(C2)C1)c3ocnc3,7.59
97,CHEMBL3676947,Fc1cc(F)cc(c1)c2coc(c2)C(=O)N3CC4CNCC4C3,7.62
98,CHEMBL3676978,Fc1cc(F)cc(c1)c2coc(c2)C(=O)N3CC4CNCC(C4)C3,7.64
99,CHEMBL3676989,O=C(N1CC2CNCC(C2)C1)c3occ(c3)[N+]#[C-],7.64
100,CHEMBL3676959,Cc1oc(cc1Br)C(=O)N2CC3CNCC3C2,7.66
101,CHEMBL208814,Oc1cc(cnc1I)N2CCCNCC2,7.66
102,CHEMBL3676961,CCCCC#Cc1coc(c1)C(=O)N2CC3CNCC3C2,7.68
103,CHEMBL3676974,Cc1nocc1C(=O)N2CC3CNCC(C3)C2,7.68
104,CHEMBL2179527,Fc1coc(c1)C(=O)N2CC3CNCC3C2,7.68
105,CHEMBL70737,NC(=O)c1cncc(c1)N2CCCNCC2,7.7
106,CHEMBL3676943,COc1cc(on1)C(=O)N2CC3CNCC3C2,7.72
107,CHEMBL3676970,Brc1cc(on1)C(=O)N2CC3CNCC(C3)C2,7.75
108,CHEMBL2179533,Brc1coc(c1)C(=O)N2CC3CNCC3C2,7.75
109,CHEMBL504947,Cc1c(cnn1C2CCNCC2)c3onc(c3)c4ccccc4Cl,7.75
110,CHEMBL2179524,O=C(N1CC2CNCC(C2)C1)c3ccncc3,7.75
111,CHEMBL2179548,Brc1ccoc1C(=O)N2CC3CNCC(C3)C2,7.77
112,CHEMBL2179526,Fc1oc(cc1)C(=O)N2CC3CNCC3C2,7.8
113,CHEMBL3676951,Cc1nocc1C(=O)N2CC3CNCC3C2,7.85
114,CHEMBL3676967,Cc1oc(C(=O)N2CC3CNCC3C2)c(F)c1,7.85
115,CHEMBL2179541,Fc1coc(c1)C(=O)N2CC3CNCC(C3)C2,7.85
116,CHEMBL3676963,O=C(N1CC2CNCC2C1)c3occc3[N+]#[C-],7.85
117,CHEMBL466400,CNC(=O)OCCC(C)N(C)C,7.89
118,CHEMBL491847,Cn1c(cnc1C2CCNCC2)c3onc(c3)c4c(F)cccc4Cl,7.92
119,CHEMBL3676981,O=C(N1CC2CNCC(C2)C1)c3ccon3,8.0
120,CHEMBL2179967,O=C(N1CC2CNCC(C2)C1)c3occc3,8.0
121,CHEMBL2179530,Clc1coc(c1)C(=O)N2CC3CNCC3C2,8.01
122,CHEMBL2179516,Cc1ncoc1C(=O)N2CC3CNCC3C2,8.04
123,CHEMBL3676986,O=C(N1CC2CNCC(C2)C1)c3oc(cc3)[N+]#[C-],8.06
124,CHEMBL513692,Clc1ccc(cn1)[C@H]2C[C@H]3CC[C@H]2N3,8.12
125,CHEMBL2179543,Clc1oc(cc1)C(=O)N2CC3CNCC(C3)C2,8.14
126,CHEMBL62765,C1CC2NC1CC(=C2)c3cccnc3,8.17
127,CHEMBL500726,C1CNCCN(C1)c2cnc3ccccc3c2,8.18
128,CHEMBL497162,Cc1c(cnn1C2CCNCC2)c3onc(c3)c4c(F)cccc4Cl,8.22
129,CHEMBL3676982,Cc1oc(cc1Br)C(=O)N2CC3CNCC(C3)C2,8.28
130,CHEMBL2179544,Clc1coc(c1)C(=O)N2CC3CNCC(C3)C2,8.28
131,CHEMBL71228,C=COc1cncc(c1)N2CCCNCC2,8.3
132,CHEMBL3676962,Brc1oc(cc1Br)C(=O)N2CC3CNCC3C2,8.31
133,CHEMBL2179540,Fc1oc(cc1)C(=O)N2CC3CNCC(C3)C2,8.34
134,CHEMBL72284,C1CC2CC(=CC(C1)N2)c3cccnc3,8.35
135,CHEMBL497370,CCn1c(cnc1C2(F)CCNCC2)c3onc(c3)c4c(F)cccc4Cl,8.52
136,CHEMBL522610,CCn1c(cnc1C2CCNCC2)c3onc(c3)c4c(F)cccc4Cl,8.52
137,CHEMBL72605,COc1cncc(c1)C2=CC3CCCC(C2)N3,8.52
138,CHEMBL425781,Brc1cncc(c1)N2CCCNCCC2,8.55
139,CHEMBL72320,COCCOc1cncc(c1)N2CCCNCC2,8.62
140,CHEMBL2179531,Clc1ccoc1C(=O)N2CC3CNCC3C2,8.62
141,CHEMBL72262,Oc1cncc(c1)N2CCCNCC2,8.62
142,CHEMBL210548,Clc1cncc(c1)N2CCCNCCC2,8.7
143,CHEMBL71085,C1CNCCN(C1)c2cccnc2,8.72
144,CHEMBL71666,COc1cncc(c1)N2CCCNCC2,8.72
145,CHEMBL2179547,Brc1coc(c1)C(=O)N2CC3CNCC(C3)C2,8.77
146,CHEMBL3676980,Brc1oc(cc1Br)C(=O)N2CC3CNCC(C3)C2,8.8
147,CHEMBL2179534,Brc1ccoc1C(=O)N2CC3CNCC3C2,8.82
148,CHEMBL59986,C(Oc1cccnc1)[C@@H]2CCN2,8.82
149,CHEMBL377615,Clc1cc(cnc1Br)N2CCCNCC2,8.85
150,CHEMBL210742,Clc1ncc(cc1Br)N2CCCNCC2,8.85
151,CHEMBL503604,Cc1cc(on1)[C@H]2C[C@H]3CC[C@H]2N3,8.88
152,CHEMBL209080,C\C=C/Oc1cncc(c1)N2CCCNCC2,8.89
153,CHEMBL306387,Brc1ccc(cn1)N2CCCNCC2,9.0
154,CHEMBL378630,COc1cncc(c1)N2CCCNCCC2,9.0
155,CHEMBL210776,C1CNCCCN(C1)c2cccnc2,9.05
156,CHEMBL72433,CCOc1cc(cnc1Br)N2CCCNCC2,9.06
157,CHEMBL70983,COc1cc(cnc1Cl)N2CCCNCC2,9.17
158,CHEMBL379501,Brc1ncc(cc1OC=C)N2CCCNCC2,9.19
159,CHEMBL478447,CN1[C@@H]2CC[C@@H]1[C@H](C2)c3cncc(c3)c4cccc(F)n4,9.27
160,CHEMBL210777,Brc1ccc(cn1)N2CCCNCCC2,9.35
161,CHEMBL209618,Brc1ncc(cc1OC=C)N2CCCNCCC2,9.42
