,molecule_chembl_id,canonical_smiles,pchembl_value
0,trimetaphan,O=C1N(CC2=CC=CC=C2)C2C[S+]3CCCC3C2N1CC1=CC=CC=C1,
1,mecamylamine,[H]C12CCC([H])(C1)C(C)(NC)C2(C)C,6.2218
2,pentolonium,C[N+]1(CCCCC[N+]2(C)CCCC2)CCCC1,
3,CHEMBL555703,Fc1cc(OC(=O)N2CCN3CCC2CC3)ccc1Cl,5.0
4,CHEMBL468697,CC(C\C=C\C(=O)N(C)C)N(C)C,5.2
5,CHEMBL468903,CC(CCOC(=S)N(C)C)N(C)C,5.3
6,CHEMBL466399,CCCNC(=O)OCCC(C)N(C)C,5.3
7,CHEMBL564850,O=C(Oc1ccc2ccccc2c1)N3CCN4CCC3CC4,5.31
8,CHEMBL552994,Clc1ccc(OC(=O)N2CCN3CCC2CC3)cc1Cl,5.32
9,CHEMBL551330,Cc1cc(OC(=O)N2CCN3CCC2CC3)ccc1Br,5.4
10,CHEMBL449334,CC(CCOC(=O)N)N(C)C,5.5
11,CHEMBL111583,C[N+]1(C)C2CCC1CC(C2)OC(=O)c3c[nH]c4ccccc34,5.64
12,CHEMBL501227,CC(CCOC(=O)NCCO)N(C)C,5.66
13,CHEMBL561469,Clc1cc(OC(=O)N2CCN3CCC2CC3)ccc1Br,5.68
14,CHEMBL500318,CC(CCOC(=O)N(C)Cc1ccccc1)N(C)C,5.8
15,CHEMBL564825,Brc1ccc(OC(=O)N2CCN3CCC2CC3)cc1C(=O)c4ccccc4,5.86
16,nicotine,CN1CCC[C@H]1C1=CC=CN=C1,6.66
17,CHEMBL2270633,[O-][N+](=O)\C=C/1\NCCCN1Cc2ccc(Cl)nc2,6.75
18,CHEMBL365956,BrC1=CC=C2[C@H]3CNC[C@H](C3)CN2C1=O,7.81
19,CHEMBL309804,Clc1ccc(CN2CCNC2=N)cn1,7.85
0,CHEMBL3,CN1CCC[C@H]1c2cccnc2,6.22
2,CHEMBL466400,CNC(=O)OCCC(C)N(C)C,5.0
4,CHEMBL486572,CC(CCOC(=O)N(C)C)N(C)C,6.38
6,CHEMBL486573,CC(CCOC(=O)N1CCCC1)N(C)C,4.6
8,CHEMBL486773,CC(CCOC(=O)N1CCCCC1)N(C)C,5.59
10,CHEMBL486774,CC(CCOC(=O)N1CCC1)N(C)C.OC(=O)C(=O)O,4.96
14,CHEMBL486781,CC(CCOC(=O)N1CC(F)(F)C1)N(C)C.OC(=O)C(=O)O,4.0
16,CHEMBL1202079,CC(CCOC(=O)N1CC(C)C1)N(C)C.OC(=O)C(=O)O,4.64
18,CHEMBL488380,C[C@H](CCOC(=O)N1CC(C)C1)N(C)C.OC(=O)C(=O)O,4.72
20,CHEMBL488379,C[C@@H](CCOC(=O)N1CC(C)C1)N(C)C.OC(=O)C(=O)O,4.0
22,CHEMBL455778,CC(CCOC(=O)N1CCC1C)N(C)C.OC(=O)C(=O)O,5.6
24,CHEMBL528765,CC(CCOC(=O)N1CCC1(C)C)N(C)C.OC(=O)C(=O)O,4.6
26,CHEMBL488381,CC(CCOC(=O)n1cccc1)N(C)C.OC(=O)C(=O)O,4.0
28,CHEMBL442890,CC(CCOC(=O)C)N(C)C.OC(=O)C(=O)O,5.39
30,CHEMBL487350,CC(C)C(=O)OCCC(C)N(C)C.OC(=O)C(=O)O,5.07
32,CHEMBL457737,CC(CCOC(=O)C1CC1)N(C)C.OC(=O)C(=O)O,5.38
34,CHEMBL457916,CC(CCOC(=O)C1CCC1)N(C)C.OC(=O)C(=O)O,5.46
36,CHEMBL449444,Cl.CC(CCOC(=O)c1ccccc1)N(C)C,4.0
76,CHEMBL667,CC(=O)OCC[N+](C)(C)C,5.05
83,CHEMBL293950,CO[C@H]1CC=C2CCN3CCC4=C(CC(=O)OC4)[C@]23C1,4.0
84,CHEMBL6623,Clc1ccc(cn1)C2CC3CCC2N3,10.46
86,CHEMBL449437,[18F]c1ncccc1OC[C@@H]2CCN2,8.52
88,CHEMBL478029,CN1C2CCC1C(C2)c3cncc(c3)c4ccc(F)nc4,10.03
90,CHEMBL514372,CN1[C@@H]2CC[C@@H]1[C@H](C2)c3cncc(c3)c4ccnc(F)c4,9.89
92,CHEMBL476140,CN1[C@@H]2CC[C@@H]1[C@H](C2)c3cncc(c3)c4cccnc4F,9.17
94,CHEMBL478447,CN1[C@@H]2CC[C@@H]1[C@H](C2)c3cncc(c3)c4cccc(F)n4,8.4
100,CHEMBL308538,Fc1ncccc1OC[C@@H]2CCN2,8.52
101,CHEMBL560788,Fc1cc(COc2cc(OC[C@@H]3CCCN3)cnc2Cl)ccn1,9.6
102,CHEMBL563479,CN1CCC[C@H]1COc2cnc(Cl)c(OCc3ccnc(F)c3)c2,9.48
103,CHEMBL558513,Clc1ccc(Oc2cc(OC[C@@H]3CCCN3)cnc2Cl)cn1,10.39
104,CHEMBL563831,CN1CCC[C@H]1COc2cnc(Cl)c(OCc3ccc(Cl)nc3)c2,9.59
105,CHEMBL551062,CN1CCC[C@@H]1COc2cnc(Cl)c(OCc3ccc(Cl)nc3)c2,9.07
106,CHEMBL552408,CN1CCC[C@H]1COc2cnc(Cl)c(c2)c3ccnc(F)c3,9.15
