,molecule_chembl_id,canonical_smiles,pchembl_value
0,nicotine,CN1CCC[C@H]1C1=CC=CN=C1,8.26000023
1,mecamylamine,[H]C12CCC([H])(C1)C(C)(NC)C2(C)C,5.51000023
2,CHEMBL125061,CCCCCCC(C)(C)c1ccc(c(O)c1)c2cc(C)ccc2C(C)C,7.48
1,CHEMBL6623,Clc1ccc(cn1)C2CC3CCC2N3,10.6
3,CHEMBL449437,[18F]c1ncccc1OC[C@@H]2CCN2,8.84
6,CHEMBL514372,CN1[C@@H]2CC[C@@H]1[C@H](C2)c3cncc(c3)c4ccnc(F)c4,10.82
8,CHEMBL476140,CN1[C@@H]2CC[C@@H]1[C@H](C2)c3cncc(c3)c4cccnc4F,10.47
10,CHEMBL478447,CN1[C@@H]2CC[C@@H]1[C@H](C2)c3cncc(c3)c4cccc(F)n4,9.59
12,CHEMBL3,CN1CCC[C@H]1c2cccnc2,7.92
14,CHEMBL308538,Fc1ncccc1OC[C@@H]2CCN2,8.85
15,CHEMBL560788,Fc1cc(COc2cc(OC[C@@H]3CCCN3)cnc2Cl)ccn1,10.46
16,CHEMBL563479,CN1CCC[C@H]1COc2cnc(Cl)c(OCc3ccnc(F)c3)c2,10.66
18,CHEMBL563831,CN1CCC[C@H]1COc2cnc(Cl)c(OCc3ccc(Cl)nc3)c2,10.51
19,CHEMBL551062,CN1CCC[C@@H]1COc2cnc(Cl)c(OCc3ccc(Cl)nc3)c2,8.82
20,CHEMBL552408,CN1CCC[C@H]1COc2cnc(Cl)c(c2)c3ccnc(F)c3,10.3
