,molecule_chembl_id,canonical_smiles,pchembl_value
0,CHEMBL3347554,CC(=C)C[C@@H]1N[C@H]2CC(C)(C)[C@@H]1c3c2cccc3c4ccc(Cl)c(Cl)c4,5.05
1,CHEMBL1277122,CC1=C2C(=CC(=O)N1Cc3cccnc3)NN(C2=O)c4ccccc4,5.33
2,CHEMBL1276946,CC1=C2C(=CC(=O)N1Cc3ccccn3)NN(C2=O)c4ccccc4Cl,5.82
3,CHEMBL3347550,CCCCCN1[C@@H](CC(=C)C)[C@H]2c3c(Br)cccc3[C@@H]1CC2(C)C,7.49
4,CHEMBL3347551,CC(=C)C[C@H]1[C@H]2c3c(Br)cccc3[C@H](CC2(C)C)N1Cc4cccs4,7.52
5,CHEMBL3733336,CC(=C)C[C@H]1[C@H]2c3c(Br)cccc3[C@H](CC2(C)C)N1Cc4ccsc4,7.52
2,CHEMBL407734,CC(=O)c1ccc2Sc3ccccc3Nc2c1,5.3
3,CHEMBL541018,FC(F)(F)c1ccc2Sc3ccccc3Nc2c1,5.05
6,CHEMBL1927145,CC(C)(C)OC(=O)N1CCCN2C(=O)C=C3NN(C(=O)C3=C2C1)c4ccccc4Cl,5.89
7,CHEMBL1927146,Cl.Clc1ccccc1N2NC3=CC(=O)N4CCCNCC4=C3C2=O,6.44
8,CHEMBL1926690,Cl.Clc1ccccc1N2NC3=CC(=O)N4CCN(Cc5ccccc5)CC4=C3C2=O,5.7
9,CHEMBL1927147,Cl.Clc1ccccc1N2NC3=CC(=O)N4CCCN(Cc5ccccc5)CC4=C3C2=O,5.87
10,CHEMBL1927148,Cl.COc1ccccc1N2NC3=CC(=O)N4CCCN(Cc5ccccc5)CC4=C3C2=O,6.19
11,CHEMBL1927149,Cl.Clc1ccccc1CN2CCCN3C(=O)C=C4NN(C(=O)C4=C3C2)c5ccccc5Cl,5.94
12,CHEMBL1927150,Cl.Clc1cccc(CN2CCCN3C(=O)C=C4NN(C(=O)C4=C3C2)c5ccccc5Cl)c1,5.94
13,CHEMBL1927151,Cl.Clc1ccc(CN2CCCN3C(=O)C=C4NN(C(=O)C4=C3C2)c5ccccc5Cl)cc1,5.9
14,CHEMBL1927152,Cl.COc1ccccc1CN2CCCN3C(=O)C=C4NN(C(=O)C4=C3C2)c5ccccc5Cl,5.75
15,CHEMBL1927153,Cl.COc1cccc(CN2CCCN3C(=O)C=C4NN(C(=O)C4=C3C2)c5ccccc5Cl)c1,5.92
16,CHEMBL1927154,Cl.COc1ccc(CN2CCCN3C(=O)C=C4NN(C(=O)C4=C3C2)c5ccccc5Cl)cc1,6.11
17,CHEMBL1927155,Cl.Clc1ccccc1N2NC3=CC(=O)N4CCCN(Cc5cocc5)CC4=C3C2=O,5.99
18,CHEMBL1927156,Cl.Clc1ccccc1N2NC3=CC(=O)N4CCCN(Cc5cccnc5)CC4=C3C2=O,5.86
19,CHEMBL1927157,Cl.Clc1ccccc1N2NC3=CC(=O)N4CCCN(Cc5ccccn5)CC4=C3C2=O,5.94
20,CHEMBL1927158,Cl.COc1ccccc1N2NC3=CC(=O)N4CCCN(Cc5ccccn5)CC4=C3C2=O,6.29
21,CHEMBL1927159,Cl.COc1cccc(CN2CCCN3C(=O)C=C4NN(C(=O)C4=C3C2)c5ccccc5OC)c1,6.09
22,CHEMBL1927160,Clc1ccccc1N2NC3=CC(=O)N4CCOCC4=C3C2=O,6.36
48,CHEMBL3347583,CC(=C)C[C@H]1[C@H]2c3c(Br)cccc3[C@H](CC2(C)C)N1S(=O)(=O)C,4.57
49,CHEMBL3347567,CCCCCN1[C@@H](CC(=C)C)[C@H]2c3c(cccc3c4ccc(Cl)c(Cl)c4)[C@@H]1CC2(C)C,4.1
55,CHEMBL3347549,CC(=C)C[C@H]1[C@H]2c3c(Br)cccc3[C@H](CC2(C)C)N1Cc4cccc(F)c4,4.29
56,CHEMBL3347543,CC(=C)C[C@H]1[C@H]2c3c(Br)cccc3[C@H](CC2(C)C)N1Cc4cc(C)on4,4.92
57,CHEMBL3347542,CC(=C)C[C@H]1[C@H]2c3c(Br)cccc3[C@H](CC2(C)C)N1Cc4ccc5OCOc5c4,4.4
60,CHEMBL3347503,CC(=C)C[C@H]1[C@H]2c3ccccc3[C@H](CC2(C)C)N1Cc4cccc(F)c4,4.52
61,CHEMBL3347502,CC(C)C[C@@H]1N[C@H]2CC(C)(C)[C@@H]1c3c(Br)cccc23,4.11
63,CHEMBL3347492,CC(=C)C[C@@H]1N[C@H]2CC(C)(C)[C@@H]1c3c(Br)ccc(Br)c23,4.6
64,CHEMBL3347491,CC(=C)C[C@@H]1N[C@H]2CC(C)(C)[C@@H]1c3c(Br)cccc23,4.4
