,molecule_chembl_id,canonical_smiles,pchembl_value
0,methoxyflurane,COC(F)(F)C(Cl)Cl,
1,desflurane,FC(F)OC(F)C(F)(F)F,
2,isoflurane,FC(F)OC(Cl)C(F)(F)F,
3,halothane,FC(F)(F)C(Cl)Br,
4,metharbital,CCC1(CC)C(=O)NC(=O)N(C)C1=O,
5,sevoflurane,FCOC(C(F)(F)F)C(F)(F)F,
6,talbutal,CCC(C)C1(CC=C)C(=O)NC(=O)NC1=O,
7,triclofos,OP(O)(=O)OCC(Cl)(Cl)Cl,
8,thiamylal,CCCC(C)C1(CC=C)C(=O)NC(=S)NC1=O,
9,quazepam,FC1=C(C=CC=C1)C1=NCC(=S)N(CC(F)(F)F)C2=CC=C(Cl)C=C12,6.6271
10,halazepam,FC(F)(F)CN1C2=CC=C(Cl)C=C2C(=NCC1=O)C1=CC=CC=C1,
11,fospropofol,CC(C)C1=CC=CC(C(C)C)=C1OCOP(O)(O)=O,
12,triazolam,CC1=NN=C2CN=C(C3=CC(Cl)=CC=C3N12)C1=C(Cl)C=CC=C1,9.10000038
13,adinazolam,CN(C)CC1=NN=C2CN=C(C3=CC=CC=C3)C3=CC(Cl)=CC=C3N12,
14,CHEMBL2385579,C1CN(CCO1)c2ccc(cc2)c3cnc4c(cnn4c3)c5cn[nH]c5,8.86
