,molecule_chembl_id,canonical_smiles,pchembl_value
0,methoxyflurane,COC(F)(F)C(Cl)Cl,
1,desflurane,FC(F)OC(F)C(F)(F)F,
2,isoflurane,FC(F)OC(Cl)C(F)(F)F,
3,halothane,FC(F)(F)C(Cl)Br,
4,metharbital,CCC1(CC)C(=O)NC(=O)N(C)C1=O,
5,sevoflurane,FCOC(C(F)(F)F)C(F)(F)F,
6,talbutal,CCC(C)C1(CC=C)C(=O)NC(=O)NC1=O,
7,triclofos,OP(O)(=O)OCC(Cl)(Cl)Cl,
8,thiamylal,CCCC(C)C1(CC=C)C(=O)NC(=S)NC1=O,
9,diazepam,CN1C2=CC=C(Cl)C=C2C(=NCC1=O)C1=CC=CC=C1,6.6655
10,zopiclone,CN1CCN(CC1)C(=O)OC1N(C(=O)C2=C1N=CC=N2)C1=CC=C(Cl)C=N1,6.5817
11,zolpidem,CN(C)C(=O)CC1=C(N=C2C=CC(C)=CN12)C1=CC=C(C)C=C1,6.1643
12,triazolam,CC1=NN=C2CN=C(C3=CC(Cl)=CC=C3N12)C1=C(Cl)C=CC=C1,8.8761
13,quazepam,FC1=C(C=CC=C1)C1=NCC(=S)N(CC(F)(F)F)C2=CC=C(Cl)C=C12,6.6271
14,midazolam,CC1=NC=C2CN=C(C3=CC(Cl)=CC=C3N12)C1=C(F)C=CC=C1,8.4437
15,meprobamate,CCCC(C)(COC(N)=O)COC(N)=O,
16,flumazenil,CCOC(=O)C1=C2CN(C)C(=O)C3=CC(F)=CC=C3N2C=N1,8.9788
17,eszopiclone,CN1CCN(CC1)C(=O)O[C@@H]1N(C(=O)C2=NC=CN=C12)C1=CC=C(Cl)C=N1,6.79
18,estazolam,ClC1=CC=C2N3C=NN=C3CN=C(C3=CC=CC=C3)C2=C1,
19,clorazepate,OC(=O)C1N=C(C2=CC=CC=C2)C2=CC(Cl)=CC=C2NC1=O,
20,chlordiazepoxide,CNC1=NC2=CC=C(Cl)C=C2C(C2=CC=CC=C2)=[N+]([O-])C1,6.5607
21,alprazolam,CC1=NN=C2CN=C(C3=CC=CC=C3)C3=CC(Cl)=CC=C3N12,7.1612
22,halazepam,FC(F)(F)CN1C2=CC=C(Cl)C=C2C(=NCC1=O)C1=CC=CC=C1,
23,fospropofol,CC(C)C1=CC=CC(C(C)C)=C1OCOP(O)(O)=O,
24,adinazolam,CN(C)CC1=NN=C2CN=C(C3=CC=CC=C3)C3=CC(Cl)=CC=C3N12,
25,flunitrazepam,CN1C2=CC=C(C=C2C(=NCC1=O)C1=C(F)C=CC=C1)[N+]([O-])=O,7.80000019
26,CHEMBL443736,CCc1ccc2c(c1)C(=O)N(C)Cc3c(ncn23)C(=O)OCCCOC(=O)c4ncn5c4CN(C)C(=O)c6cc(CC)ccc56,5.07
27,CHEMBL147312,Cc1ccc(cc1)c2cn3c(O)nc4CCN(Cc5ccccc5)Cc4c3n2,5.42
28,CHEMBL449393,CN1Cc2c(ncn2c3ccc(cc3C1=O)C#C)C(=O)OCCCCCOC(=O)c4ncn5c4CN(C)C(=O)c6cc(ccc56)C#C,5.57
29,CHEMBL505497,CN1Cc2c(ncn2c3ccc(cc3C1=O)C#C)C(=O)OCOCOC(=O)c4ncn5c4CN(C)C(=O)c6cc(ccc56)C#C,5.73
30,CHEMBL147217,CCN1CCc2nc(O)n3cc(nc3c2C1)c4ccccc4F,6.03
31,CHEMBL35571,CN1Cc2c(ncn2c3ccc(cc3C1=O)C#C)C(=O)OCCCOC(=O)c4ncn5c4CN(C)C(=O)c6cc(ccc56)C#C,6.07
32,CHEMBL343009,Oc1nc2CCN(Cc3ccccc3)Cc2c4nc(cn14)c5ccc(F)cc5F,6.3
33,CHEMBL145970,Oc1nc2CCN(CC3CC3)Cc2c4nc(cn14)c5ccccc5F,6.37
34,CHEMBL358874,Oc1nc2CCN(Cc3c[nH]cn3)Cc2c4nc(cn14)c5ccccc5F,6.37
35,CHEMBL147379,CCCCN1CCc2nc(O)n3cc(nc3c2C1)c4ccccc4F,6.41
36,CHEMBL146317,COc1ccc(cc1)C(=O)N2CCc3nc(O)n4cc(nc4c3C2)c5ccccc5F,6.43
37,CHEMBL147364,Oc1nc2CCN(Cc3cccs3)Cc2c4nc(cn14)c5ccccc5F,6.44
38,CHEMBL358301,Oc1nc2CCN(CC=C)Cc2c3nc(cn13)c4ccccc4F,6.46
39,CHEMBL505768,O=C(OCCCOC(=O)c1ncn2c1CN=C(c3ccccc3)c4cc(ccc24)C#C)c5ncn6c5CN=C(c7ccccc7)c8cc(ccc68)C#C,6.57
40,CHEMBL343471,Cc1ccc(cc1)C(=O)N2CCc3nc(O)n4cc(nc4c3C2)c5ccccc5F,6.58
41,CHEMBL471977,CN1CC2N(CN=C2C(=O)OC(C)(C)C)c3ccc(cc3C1=O)C#C[Si](C)(C)C,6.59
42,CHEMBL146302,Oc1nc2CCN(Cc2c3nc(cn13)c4ccccc4F)C(=O)c5ccccc5F,6.62
43,CHEMBL146230,Oc1nc2CCN(CC3CCCCC3)Cc2c4nc(cn14)c5ccccc5F,6.67
44,CHEMBL471978,CCOC(=O)c1ncn2c1N(C)C(=O)c3cc(ccc23)C#C,6.7
45,CHEMBL147590,Oc1nc2CCN(Cc2c3nc(cn13)c4ccccc4F)C(=O)c5ccc(F)c(F)c5,6.83
46,CHEMBL344120,Cc1ccccc1C(=O)N2CCc3nc(O)n4cc(nc4c3C2)c5ccccc5F,6.92
47,CHEMBL146488,Oc1nc2CCN(Cc2c3nc(cn13)c4ccccc4F)c5ncccn5,6.93
48,CHEMBL358519,CCC(=O)N1CCc2nc(O)n3cc(nc3c2C1)c4ccccc4F,6.94
49,CHEMBL522055,CCOC(=O)c1ncn2c1CN=C(c3ccccc3)c4cc(ccc24)C#C,7.02
50,CHEMBL149549,CC(=O)N1CCc2nc(O)n3cc(nc3c2C1)c4ccccc4F,7.15
51,CHEMBL356806,Oc1nc2CCN(Cc2c3nc(cn13)c4ccccc4F)C(=O)c5cccc(F)c5,7.19
52,CHEMBL342270,Oc1nc2CCN(Cc3ccncc3)Cc2c4nc(cn14)c5ccccc5F,7.48
53,CHEMBL286594,CCOC(=O)c1ncn2c1CN(C)C(=O)c3cc(ccc23)C#C,7.59
54,CHEMBL52030,CCOC(=O)c1ncn2c1[C@@H]3CCCN3C(=O)c4cc(OC)ccc24,7.6
55,CHEMBL146086,Oc1nc2CCN(Cc3cccnc3)Cc2c4nc(cn14)c5ccccc5F,7.64
56,CHEMBL356161,Oc1nc2CCN(Cc3ccccc3)Cc2c4nc(cn14)c5ccccc5F,7.7
57,CHEMBL58757,CN1Cc2c(ncn2c3ccc(cc3C1=O)C#C)C(=O)OC(C)(C)C,7.73
58,CHEMBL363211,Cc1onc(c1)c2nncc3c(c(OCc4ncnn4C)nn23)C(C)(C)C,9.1
59,CHEMBL373250,Cn1ncnc1COc2nn3c(nnc3cc2C(C)(C)C)c4cc(F)ccc4F,9.16
60,CHEMBL45198,Cc1csc(n1)C2=CC(=C3N(CCCc4ccncc34)C2=O)c5ccncc5,9.3
