,molecule_chembl_id,canonical_smiles,pchembl_value
0,methoxyflurane,COC(F)(F)C(Cl)Cl,
1,desflurane,FC(F)OC(F)C(F)(F)F,
2,propofol,CC(C)C1=CC=CC(C(C)C)=C1O,4.95
3,isoflurane,FC(F)OC(Cl)C(F)(F)F,
4,halothane,FC(F)(F)C(Cl)Br,
5,metharbital,CCC1(CC)C(=O)NC(=O)N(C)C1=O,
6,sevoflurane,FCOC(C(F)(F)F)C(F)(F)F,
7,talbutal,CCC(C)C1(CC=C)C(=O)NC(=O)NC1=O,
8,triclofos,OP(O)(=O)OCC(Cl)(Cl)Cl,
9,thiamylal,CCCC(C)C1(CC=C)C(=O)NC(=S)NC1=O,
10,zolpidem,CN(C)C(=O)CC1=C(N=C2C=CC(C)=CN12)C1=CC=C(C)C=C1,6.8069
11,zaleplon,CCN(C(C)=O)C1=CC(=CC=C1)C1=CC=NC2=C(C=NN12)C#N,5.7889
12,triazolam,CC1=NN=C2CN=C(C3=CC(Cl)=CC=C3N12)C1=C(Cl)C=CC=C1,9.2291
13,quazepam,FC1=C(C=CC=C1)C1=NCC(=S)N(CC(F)(F)F)C2=CC=C(Cl)C=C12,6.6882
14,meprobamate,CCCC(C)(COC(N)=O)COC(N)=O,
15,flumazenil,CCOC(=O)C1=C2CN(C)C(=O)C3=CC(F)=CC=C3N2C=N1,9.0458
16,estazolam,ClC1=CC=C2N3C=NN=C3CN=C(C3=CC=CC=C3)C2=C1,
17,diazepam,CN1C2=CC=C(Cl)C=C2C(=NCC1=O)C1=CC=CC=C1,7.699
18,clorazepate,OC(=O)C1N=C(C2=CC=CC=C2)C2=CC(Cl)=CC=C2NC1=O,
19,chlordiazepoxide,CNC1=NC2=CC=C(Cl)C=C2C(C2=CC=CC=C2)=[N+]([O-])C1,6.3372
20,alprazolam,CC1=NN=C2CN=C(C3=CC=CC=C3)C3=CC(Cl)=CC=C3N12,7.9208
21,halazepam,FC(F)(F)CN1C2=CC=C(Cl)C=C2C(=NCC1=O)C1=CC=CC=C1,
22,eszopiclone,CN1CCN(CC1)C(=O)O[C@@H]1N(C(=O)C2=NC=CN=C12)C1=CC=C(Cl)C=N1,6.94
23,fospropofol,CC(C)C1=CC=CC(C(C)C)=C1OCOP(O)(O)=O,
24,adinazolam,CN(C)CC1=NN=C2CN=C(C3=CC=CC=C3)C3=CC(Cl)=CC=C3N12,
25,flunitrazepam,CN1C2=CC=C(C=C2C(=NCC1=O)C1=C(F)C=CC=C1)[N+]([O-])=O,8.27999973
26,CHEMBL499964,O=C(OCCOCCOC(=O)c1ncn2c1CN=C(c3ccccc3)c4cc(ccc24)C#C)c5ncn6c5CN=C(c7ccccc7)c8cc(ccc68)C#C,5.3
27,CHEMBL443736,CCc1ccc2c(c1)C(=O)N(C)Cc3c(ncn23)C(=O)OCCCOC(=O)c4ncn5c4CN(C)C(=O)c6cc(CC)ccc56,5.33
28,CHEMBL505497,CN1Cc2c(ncn2c3ccc(cc3C1=O)C#C)C(=O)OCOCOC(=O)c4ncn5c4CN(C)C(=O)c6cc(ccc56)C#C,5.57
29,CHEMBL1681899,Clc1ccc(cc1)n2nc3c(cnc4ccc(cc34)n5ccnc5)c2OCC6CC6,5.68
30,CHEMBL3647556,CCn1cnc2c(cnnc12)c3ccc(CO)c(c3)c4ccc(cc4OC)S(=O)(=O)CC,5.76
31,CHEMBL147312,Cc1ccc(cc1)c2cn3c(O)nc4CCN(Cc5ccccc5)Cc4c3n2,5.93
32,CHEMBL145970,Oc1nc2CCN(CC3CC3)Cc2c4nc(cn14)c5ccccc5F,5.94
33,CHEMBL148043,Oc1nc2CCN(Cc3ccccc3)Cc2c4nc(cn14)c5ccccc5c6cccs6,6.06
34,CHEMBL3647554,CCn1cnc2c(cnnc12)c3ccc(CO)c(c3)c4ccc(cc4F)S(=O)(=O)CC,6.17
35,CHEMBL449393,CN1Cc2c(ncn2c3ccc(cc3C1=O)C#C)C(=O)OCCCCCOC(=O)c4ncn5c4CN(C)C(=O)c6cc(ccc56)C#C,6.18
36,CHEMBL1681890,Clc1ccc(cc1)n2nc3c4CCCCCc4ncc3c2OCc5ccccc5Cl,6.22
37,CHEMBL1681885,Clc1ccc(cc1)n2nc3c4ccccc4ncc3c2OCC5CC5,6.33
38,CHEMBL1681891,Clc1ccc(cc1)n2nc3c4COCCc4ncc3c2OCc5ccccc5Cl,6.34
39,CHEMBL358874,Oc1nc2CCN(Cc3c[nH]cn3)Cc2c4nc(cn14)c5ccccc5F,6.34
40,CHEMBL146317,COc1ccc(cc1)C(=O)N2CCc3nc(O)n4cc(nc4c3C2)c5ccccc5F,6.42
41,CHEMBL343471,Cc1ccc(cc1)C(=O)N2CCc3nc(O)n4cc(nc4c3C2)c5ccccc5F,6.49
42,CHEMBL3647540,CC(C)S(=O)(=O)c1ccc(c(c1)C#N)c2cc(ccc2F)c3cnnc4c3ncn4C5CC5,6.53
43,CHEMBL358301,Oc1nc2CCN(CC=C)Cc2c3nc(cn13)c4ccccc4F,6.55
44,CHEMBL146356,COc1cccc(c1)c2cn3c(O)nc4CCN(Cc5ccccc5)Cc4c3n2,6.57
45,CHEMBL1681889,Clc1ccc(cc1)n2nc3c4CCCCc4ncc3c2OCc5ccccc5Cl,6.57
46,CHEMBL1681886,Clc1ccc(cc1)n2nc3c4ccccc4ncc3c2OCc5ccccc5Cl,6.58
47,CHEMBL146302,Oc1nc2CCN(Cc2c3nc(cn13)c4ccccc4F)C(=O)c5ccccc5F,6.59
48,CHEMBL147379,CCCCN1CCc2nc(O)n3cc(nc3c2C1)c4ccccc4F,6.61
49,CHEMBL148044,Oc1nc2CCN(Cc3ccccc3)Cc2c4nc(cn14)c5ccc(F)cc5,6.61
50,CHEMBL147590,Oc1nc2CCN(Cc2c3nc(cn13)c4ccccc4F)C(=O)c5ccc(F)c(F)c5,6.62
51,CHEMBL1681892,CC1(C)CCc2ncc3c(OCc4ccccc4Cl)n(nc3c2C1)c5ccc(Cl)cc5,6.67
52,CHEMBL343009,Oc1nc2CCN(Cc3ccccc3)Cc2c4nc(cn14)c5ccc(F)cc5F,6.68
53,CHEMBL146230,Oc1nc2CCN(CC3CCCCC3)Cc2c4nc(cn14)c5ccccc5F,6.7
54,CHEMBL1681900,Clc1ccc(cc1)n2nc3c4CCCCc4ncc3c2OCC5CC5,6.73
55,CHEMBL145910,Oc1nc2CCN(Cc3ccccc3)Cc2c4nc(cn14)c5cc(F)ccc5F,6.73
56,CHEMBL148740,Oc1nc2CCN(Cc3ccccc3)Cc2c4nc(cn14)c5ccccc5,6.74
57,CHEMBL1681894,Clc1ccc(COc2c3cnc4CCCCc4c3nn2c5ccc(Cl)cc5)cc1,6.75
58,CHEMBL3647576,CCS(=O)(=O)c1ccc(c(c1)C#N)c2cc(ccc2F)c3cnnc4c3ncn4C5CC5,6.77
59,CHEMBL1681888,Clc1ccccc1COc2c3cnc4ccccc4c3nn2c5ccc6OCOc6c5,6.81
60,CHEMBL1681895,Fc1ccccc1COc2c3cnc4CCCCc4c3nn2c5ccc(Cl)cc5,6.81
61,CHEMBL145983,Oc1nc2CCN(Cc3ccccc3)Cc2c4nc(cn14)c5cccc(F)c5,6.81
62,CHEMBL3647542,CCS(=O)(=O)c1ccc(c(F)c1)c2cc(ccc2F)c3cnnc4c3ncn4C5CCC5,6.83
63,CHEMBL471977,CN1CC2N(CN=C2C(=O)OC(C)(C)C)c3ccc(cc3C1=O)C#C[Si](C)(C)C,6.85
64,CHEMBL356271,COc1ccc(cc1)c2cn3c(O)nc4CCN(Cc5ccccc5)Cc4c3n2,6.85
65,CHEMBL344120,Cc1ccccc1C(=O)N2CCc3nc(O)n4cc(nc4c3C2)c5ccccc5F,6.87
66,CHEMBL3647546,CCCn1cnc2c(cnnc12)c3ccc(F)c(c3)c4ccc(cc4)S(=O)(=O)CC,6.92
67,CHEMBL3647553,CCS(=O)(=O)c1ccc(c(OC)c1)c2cc(ccc2F)c3cnnc4c3ncn4C5CCCC5,6.93
68,CHEMBL358519,CCC(=O)N1CCc2nc(O)n3cc(nc3c2C1)c4ccccc4F,6.96
69,CHEMBL3647537,CCn1cnc2c(cnnc12)c3ccc(F)c(c3)c4ccc(cc4C#N)S(=O)(=O)C(C)C,6.97
70,CHEMBL3647570,CCn1cnc2c(cnnc12)c3cccc(c3)c4ccc5c(CCS5(=O)=O)c4,6.99
71,CHEMBL3647545,COc1cc(ccc1c2cc(ccc2F)c3cnnc4c3ncn4C5CCC5)S(=O)(=O)C,7.0
72,CHEMBL146086,Oc1nc2CCN(Cc3cccnc3)Cc2c4nc(cn14)c5ccccc5F,7.0
73,CHEMBL342270,Oc1nc2CCN(Cc3ccncc3)Cc2c4nc(cn14)c5ccccc5F,7.0
74,CHEMBL3647558,CCn1cnc2c(cnnc12)c3ccc(O)c(c3)c4ccc(cc4OC)S(=O)(=O)CC,7.04
75,CHEMBL3647552,COc1cc(ccc1c2cc(ccc2F)c3cnnc4c3ncn4C5CCCC5)S(=O)(=O)N,7.04
76,CHEMBL3647577,CC(C)n1cnc2c(cnnc12)c3ccc(F)c(c3)c4ccc(cc4F)S(=O)(=O)C(C)C,7.06
77,CHEMBL146488,Oc1nc2CCN(Cc2c3nc(cn13)c4ccccc4F)c5ncccn5,7.08
78,CHEMBL3647544,CCS(=O)(=O)c1ccc(cc1)c2cc(ccc2F)c3cnnc4c3ncn4C5CCC5,7.13
79,CHEMBL3647560,CCn1cnc2c(cnnc12)c3ccc(F)c(c3)c4ccc5c(CC(C)S5(=O)=O)c4,7.16
80,CHEMBL356806,Oc1nc2CCN(Cc2c3nc(cn13)c4ccccc4F)C(=O)c5cccc(F)c5,7.16
81,CHEMBL3647573,CCS(=O)(=O)c1ccc(c(F)c1)c2cc(ccc2F)c3cnnc4c3ncn4C5CC5,7.17
82,CHEMBL147364,Oc1nc2CCN(Cc3cccs3)Cc2c4nc(cn14)c5ccccc5F,7.17
83,CHEMBL3647563,CCn1cnc2c(cnnc12)c3ccc(F)c(c3)c4ccc(cc4F)S(=O)(=O)C(C)C,7.21
84,CHEMBL1681897,Fc1ccc(COc2c3cnc4CCCCc4c3nn2c5ccc(Cl)cc5)cc1,7.24
85,CHEMBL3647569,CCn1cnc2c(cnnc12)c3cccc(c3)c4ccc(cc4)S(=O)(=O)C,7.25
86,CHEMBL147842,Oc1nc2CCN(Cc2c3nc(cn13)c4ccccc4F)C(=O)c5ccc(F)cc5,7.26
87,CHEMBL522055,CCOC(=O)c1ncn2c1CN=C(c3ccccc3)c4cc(ccc24)C#C,7.35
88,CHEMBL3647572,CS(=O)(=O)c1ccc(cc1)c2cc(ccc2F)c3cnnc4c3ncn4C5CC5,7.36
89,CHEMBL3647557,CCn1cnc2c(cnnc12)c3ccc([N+]#[C-])c(c3)c4ccc(cc4OC)S(=O)(=O)CC,7.39
90,CHEMBL3647574,COc1cc(ccc1c2cc(ccc2F)c3cnnc4c3ncn4C5CC5)S(=O)(=O)C(C)C,7.39
91,CHEMBL3647551,CC(C)n1cnc2c(cnnc12)c3ccc(F)c(c3)c4ccc(cc4C#N)S(=O)(=O)C(C)C,7.41
92,CHEMBL3647564,CCn1cnc2c(cnnc12)c3ccc(F)c(c3)c4ccc(cc4C#N)S(=O)(=O)CC,7.41
93,CHEMBL3647575,COc1cc(ccc1c2cc(ccc2F)c3cnnc4c3ncn4C5CC5)S(=O)(=O)C,7.43
94,CHEMBL3647567,CCn1cnc2c(cnnc12)c3ccc(F)c(c3)c4ccc(cc4C(F)F)S(=O)(=O)CC,7.45
95,CHEMBL3647550,CCS(=O)(=O)c1ccc(c(F)c1)c2cc(ccc2F)c3cnnc4c3ncn4C(C)C,7.46
96,CHEMBL3647543,CCS(=O)(=O)c1ccc(cc1)c2cc(ccc2F)c3cnnc4c3ncn4C5(C)CC5,7.46
97,CHEMBL3647541,CCS(=O)(=O)c1ccc(cc1)c2cc(ccc2F)c3cnnc4c3ncn4C5CC5,7.51
98,CHEMBL3647533,CCn1cnc2c(cnnc12)c3ccc(F)c(c3)c4ccc(cc4)S(=O)(=O)C(C)C,7.51
99,CHEMBL3647555,CCn1cnc2c(cnnc12)c3ccc(Cl)c(c3)c4ccc(cc4OC)S(=O)(=O)CC,7.53
100,CHEMBL3647582,CCS(=O)(=O)c1ccc(c(c1)C#N)c2cc(ccc2F)c3cnnc4c3ncn4C(C)C,7.54
101,CHEMBL52030,CCOC(=O)c1ncn2c1[C@@H]3CCCN3C(=O)c4cc(OC)ccc24,7.57
102,CHEMBL58757,CN1Cc2c(ncn2c3ccc(cc3C1=O)C#C)C(=O)OC(C)(C)C,7.58
103,CHEMBL3647547,CCS(=O)(=O)c1ccc(cc1)c2cc(ccc2F)c3cnnc4c3ncn4C(C)C,7.62
104,CHEMBL3647559,CCn1cnc2c(cnnc12)c3ccc(F)c(c3)c4ccc(cc4)S(=O)(=O)CC,7.66
105,CHEMBL286594,CCOC(=O)c1ncn2c1CN(C)C(=O)c3cc(ccc23)C#C,7.67
106,CHEMBL471978,CCOC(=O)c1ncn2c1N(C)C(=O)c3cc(ccc23)C#C,7.67
107,CHEMBL356161,Oc1nc2CCN(Cc3ccccc3)Cc2c4nc(cn14)c5ccccc5F,7.7
108,CHEMBL3647571,CNS(=O)(=O)c1ccc(cc1)c2cc(ccc2F)c3cnnc4c3ncn4C5CC5,7.72
109,CHEMBL3647578,COc1cc(ccc1c2cc(ccc2F)c3cnnc4c3ncn4C(C)C)S(=O)(=O)C(C)C,7.72
110,CHEMBL3647568,CCn1cnc2c(cnnc12)c3ccc(F)c(c3)c4ccc(cc4F)S(=O)(=O)CC,7.74
111,CHEMBL3647562,CCn1cnc2c(cnnc12)c3ccc(F)c(c3)c4ccc(cc4)S(=O)(=O)C,7.75
112,CHEMBL3647549,CNS(=O)(=O)c1ccc(cc1)c2cc(ccc2F)c3cnnc4c3ncn4C(C)C,7.79
113,CHEMBL3647580,CCS(=O)(=O)c1ccc(c(Cl)c1)c2cc(ccc2F)c3cnnc4c3ncn4C(C)C,7.84
114,CHEMBL3647581,CCS(=O)(=O)c1ccc(c(OC)c1)c2cc(ccc2F)c3cnnc4c3ncn4C(C)C,7.85
115,CHEMBL3647566,CCn1cnc2c(cnnc12)c3ccc(F)c(c3)c4ccc(cc4OC)S(=O)(=O)C(C)C,7.93
116,CHEMBL3647534,CCn1cnc2c(cnnc12)c3ccc(F)c(c3)c4ccc(cc4F)S(=O)(=O)C,7.96
117,CHEMBL3647539,CCn1cnc2c(cnnc12)c3ccc(F)c(c3)c4ccc(cc4OC)S(=O)(=O)C5CC5,8.01
118,CHEMBL3647538,CCn1cnc2c(cnnc12)c3ccc(F)c(c3)c4ccc(cc4OC)S(=O)(=O)C5CCC5,8.02
119,CHEMBL3647579,COc1cc(ccc1c2cc(ccc2F)c3cnnc4c3ncn4C(C)C)S(=O)(=O)C,8.07
120,CHEMBL3647561,CCn1cnc2c(cnnc12)c3ccc(F)c(c3)c4ccc(cc4)S(=O)(=O)NC,8.13
121,CHEMBL3647565,CCn1cnc2c(cnnc12)c3ccc(F)c(c3)c4ccc(cc4OC)S(=O)(=O)C,8.13
122,CHEMBL505768,O=C(OCCCOC(=O)c1ncn2c1CN=C(c3ccccc3)c4cc(ccc24)C#C)c5ncn6c5CN=C(c7ccccc7)c8cc(ccc68)C#C,8.13
123,CHEMBL3647548,CC(C)n1cnc2c(cnnc12)c3ccc(F)c(c3)c4ccc(cc4)S(=O)(=O)N,8.24
124,CHEMBL3647535,CCn1cnc2c(cnnc12)c3ccc(F)c(c3)c4ccc(cc4)S(=O)(=O)N,8.29
125,CHEMBL20042,Clc1ccc(cc1)N2N=C3C(C=Nc4ccccc34)C2=O,8.4
126,CHEMBL1681887,Fc1ccccc1n2nc3c4ccccc4ncc3c2OCc5ccccc5Cl,8.7
127,CHEMBL363211,Cc1onc(c1)c2nncc3c(c(OCc4ncnn4C)nn23)C(C)(C)C,9.1
128,CHEMBL373250,Cn1ncnc1COc2nn3c(nnc3cc2C(C)(C)C)c4cc(F)ccc4F,9.16
129,CHEMBL45198,Cc1csc(n1)C2=CC(=C3N(CCCc4ccncc34)C2=O)c5ccncc5,9.22
130,CHEMBL44533,Cc1csc(n1)C2=CC(=C3N(CCCc4ccncc34)C2=O)c5ccccc5,9.52
75,CHEMBL407,CCOC(=O)c1ncn2c1CN(C)C(=O)c3cc(F)ccc23,8.24
76,CHEMBL1522,CN1CCN(CC1)C(=O)O[C@@H]2N(C(=O)c3nccnc23)c4ccc(Cl)cn4,6.94
