,molecule_chembl_id,canonical_smiles,pchembl_value
0,methoxyflurane,COC(F)(F)C(Cl)Cl,
1,desflurane,FC(F)OC(F)C(F)(F)F,
2,isoflurane,FC(F)OC(Cl)C(F)(F)F,
3,halothane,FC(F)(F)C(Cl)Br,
4,metharbital,CCC1(CC)C(=O)NC(=O)N(C)C1=O,
5,sevoflurane,FCOC(C(F)(F)F)C(F)(F)F,
6,talbutal,CCC(C)C1(CC=C)C(=O)NC(=O)NC1=O,
7,triclofos,OP(O)(=O)OCC(Cl)(Cl)Cl,
8,thiamylal,CCCC(C)C1(CC=C)C(=O)NC(=S)NC1=O,
9,halazepam,FC(F)(F)CN1C2=CC=C(Cl)C=C2C(=NCC1=O)C1=CC=CC=C1,
10,fospropofol,CC(C)C1=CC=CC(C(C)C)=C1OCOP(O)(O)=O,
11,triazolam,CC1=NN=C2CN=C(C3=CC(Cl)=CC=C3N12)C1=C(Cl)C=CC=C1,9.10000038
12,adinazolam,CN(C)CC1=NN=C2CN=C(C3=CC=CC=C3)C3=CC(Cl)=CC=C3N12,
13,CHEMBL1643390,CC[C@H](C)[C@H](NC(=O)[C@H](CCCNC(=N)N)NC(=O)[C@H](CC(=O)O)NC(=O)[C@H](CCSC)NC(=O)[C@H](CCCCN)NC(=O)[C@H](CCCNC(=N)N)NC(=O)CNC(=O)[C@H](Cc1ccccc1)NC(=O)[C@@H](NC(=O)CNC(=O)[C@H](CO)NC(=O)CNC(=O)[C@H](CCC(=O)N)NC(=O)[C@@H](NC(=O)[C@H](CCSC)NC(=O)[C@H](CCCCN)NC(=O)[C@@H]2CCCN2C(=O)[C@@H](N)CO)C(C)C)[C@@H](C)O)C(=O)N[C@@H](CO)C(=O)N[C@@H](CO)C(=O)N[C@@H](CO)C(=O)N[C@@H](CO)C(=O)NCC(=O)N[C@@H](CC(C)C)C(=O)NCC(=O)N[C@H]3Cc4ccc(cc4)N=Nc5nc[nH]c5C[C@H](NC(=O)[C@H](CCCNC(=N)N)NC(=O)[C@H](CCCNC(=N)N)NC(=O)[C@H](CC(C)C)NC(=O)[C@@H](NC(=O)[C@H](CCCCN)NC3=O)C(C)C)C(=O)O,6.62
2,CHEMBL38835,CC(C)(C)C12COC(OC1)(OC2)c3ccc(cc3)N=C=S,7.14
10,CHEMBL10450,CC(C)(C)C12COC(OC1)(OC2C#N)c3ccc(cc3)C#C,7.6
11,CHEMBL3138293,CC(=O)[C@H]1CC[C@H]2[C@@H]3CC[C@@H]4C[C@](O)(CC[C@]4(C)[C@H]3CC[C@]12C)C#Cc5ccc(C=O)cc5,5.8
12,CHEMBL10438,CC(C)(C)C12COC(OC1)(OC2)c3ccc(cc3)C#N,7.4
13,CHEMBL3138017,CC(=O)[C@H]1CC[C@H]2[C@@H]3CC[C@@H]4C[C@](O)(CC[C@]4(C)[C@H]3CC[C@]12C)C#Cc5ccccc5O,5.29
14,CHEMBL12,CN1C(=O)CN=C(c2ccccc2)c3cc(Cl)ccc13,8.3
16,CHEMBL150830,Oc1noc2CCNCc12,4.14
17,CHEMBL417990,CN1CCc2cc3OCOc3cc2[C@H]1[C@@H]4OC(=O)c5c6OCOc6ccc45,5.42
19,CHEMBL40804,NC[C@H]1CC(=O)NO1,6.6
20,CHEMBL42464,NC[C@@H]1CC(=O)NO1,8.4
21,CHEMBL273481,NCc1onc(O)c1,8.22
22,CHEMBL296263,NC[C@@H](O)CC(=O)O,6.4
23,CHEMBL96,NCCCC(=O)O,7.48
