,molecule_chembl_id,canonical_smiles,pchembl_value
0,methoxyflurane,COC(F)(F)C(Cl)Cl,
1,desflurane,FC(F)OC(F)C(F)(F)F,
2,isoflurane,FC(F)OC(Cl)C(F)(F)F,
3,halothane,FC(F)(F)C(Cl)Br,
4,metharbital,CCC1(CC)C(=O)NC(=O)N(C)C1=O,
5,sevoflurane,FCOC(C(F)(F)F)C(F)(F)F,
6,talbutal,CCC(C)C1(CC=C)C(=O)NC(=O)NC1=O,
7,triclofos,OP(O)(=O)OCC(Cl)(Cl)Cl,
8,thiamylal,CCCC(C)C1(CC=C)C(=O)NC(=S)NC1=O,
9,halazepam,FC(F)(F)CN1C2=CC=C(Cl)C=C2C(=NCC1=O)C1=CC=CC=C1,
10,CHEMBL3589689,Cc1c(C=C2C(=O)NC(=S)NC2=O)c3ccccc3n1Cc4ccc(Br)cc4,5.6
