,molecule_chembl_id,canonical_smiles,pchembl_value
0,methoxyflurane,COC(F)(F)C(Cl)Cl,
1,desflurane,FC(F)OC(F)C(F)(F)F,
2,propofol,CC(C)C1=CC=CC(C(C)C)=C1O,5.7
3,isoflurane,FC(F)OC(Cl)C(F)(F)F,
4,halothane,FC(F)(F)C(Cl)Br,
5,metharbital,CCC1(CC)C(=O)NC(=O)N(C)C1=O,
6,sevoflurane,FCOC(C(F)(F)F)C(F)(F)F,
7,talbutal,CCC(C)C1(CC=C)C(=O)NC(=O)NC1=O,
8,triclofos,OP(O)(=O)OCC(Cl)(Cl)Cl,
9,thiamylal,CCCC(C)C1(CC=C)C(=O)NC(=S)NC1=O,
10,diazepam,CN1C2=CC=C(Cl)C=C2C(=NCC1=O)C1=CC=CC=C1,6.7055
11,zopiclone,CN1CCN(CC1)C(=O)OC1N(C(=O)C2=C1N=CC=N2)C1=CC=C(Cl)C=N1,7.1759
12,zolpidem,CN(C)C(=O)CC1=C(N=C2C=CC(C)=CN12)C1=CC=C(C)C=C1,6.7033
13,zaleplon,CCN(C(C)=O)C1=CC(=CC=C1)C1=CC=NC2=C(C=NN12)C#N,6.5302
14,triazolam,CC1=NN=C2CN=C(C3=CC(Cl)=CC=C3N12)C1=C(Cl)C=CC=C1,9.1549
15,topiramate,[H][C@@]12CO[C@@]3(COS(N)(=O)=O)OC(C)(C)O[C@@]3([H])[C@]1([H])OC(C)(C)O2,
16,thiopental,CCCC(C)C1(CC)C(=O)NC(=S)NC1=O,
17,temazepam,CN1C2=CC=C(Cl)C=C2C(=NC(O)C1=O)C1=CC=CC=C1,
18,secobarbital,CCCC(C)C1(CC=C)C(=O)NC(=O)NC1=O,
19,primidone,CCC1(C(=O)NCNC1=O)C1=CC=CC=C1,
20,prazepam,ClC1=CC=C2N(CC3CC3)C(=O)CN=C(C3=CC=CC=C3)C2=C1,
21,pentobarbital,CCCC(C)C1(CC)C(=O)NC(=O)NC1=O,4.301
22,oxazepam,OC1N=C(C2=CC=CC=C2)C2=CC(Cl)=CC=C2NC1=O,7.745
23,nitrazepam,[O-][N+](=O)C1=CC=C2NC(=O)CN=C(C3=CC=CC=C3)C2=C1,8.0
24,midazolam,CC1=NC=C2CN=C(C3=CC(Cl)=CC=C3N12)C1=C(F)C=CC=C1,8.7447
25,methyprylon,[H]C1(C)CNC(=O)C(CC)(CC)C1=O,
26,methohexital,CCC#CC(C)C1(CC=C)C(=O)NC(=O)N(C)C1=O,
27,meprobamate,CCCC(C)(COC(N)=O)COC(N)=O,
28,lorazepam,OC1N=C(C2=CC(Cl)=CC=C2NC1=O)C1=C(Cl)C=CC=C1,8.456
29,glutethimide,CCC1(CCC(=O)NC1=O)C1=CC=CC=C1,
30,flurazepam,CCN(CC)CCN1C2=CC=C(Cl)C=C2C(=NCC1=O)C1=C(F)C=CC=C1,8.1
31,flumazenil,CCOC(=O)C1=C2CN(C)C(=O)C3=CC(F)=CC=C3N2C=N1,9.0969
32,etomidate,CCOC(=O)c1cncn1[C@H](C)c2ccccc2,5.4559
33,ethchlorvynol,CCC(O)(C=CCl)C#C,
34,eszopiclone,CN1CCN(CC1)C(=O)O[C@@H]1N(C(=O)C2=NC=CN=C12)C1=CC=C(Cl)C=N1,7.3
35,estazolam,ClC1=CC=C2N3C=NN=C3CN=C(C3=CC=CC=C3)C2=C1,
36,clorazepate,OC(=O)C1N=C(C2=CC=CC=C2)C2=CC(Cl)=CC=C2NC1=O,7.47
37,clonazepam,[O-][N+](=O)C1=CC=C2NC(=O)CN=C(C2=C1)C1=C(Cl)C=CC=C1,8.0706
38,clobazam,CN1C2=CC=C(Cl)C=C2N(C2=CC=CC=C2)C(=O)CC1=O,
39,chlordiazepoxide,CNC1=NC2=CC=C(Cl)C=C2C(C2=CC=CC=C2)=[N+]([O-])C1,6.2518
40,butalbital,CC(C)CC1(CC=C)C(=O)NC(=O)NC1=O,
41,secbutabarbital,CCC(C)C1(CC)C(=O)NC(=O)NC1=O,
42,alprazolam,CC1=NN=C2CN=C(C3=CC=CC=C3)C3=CC(Cl)=CC=C3N12,7.4318
43,acamprosate,CC(=O)NCCCS(O)(=O)=O,
44,quazepam,FC1=C(C=CC=C1)C1=NCC(=S)N(CC(F)(F)F)C2=CC=C(Cl)C=C12,7.7077
45,halazepam,FC(F)(F)CN1C2=CC=C(Cl)C=C2C(=NCC1=O)C1=CC=CC=C1,
46,fospropofol,CC(C)C1=CC=CC(C(C)C)=C1OCOP(O)(O)=O,
47,adinazolam,CN(C)CC1=NN=C2CN=C(C3=CC=CC=C3)C3=CC(Cl)=CC=C3N12,
48,flunitrazepam,CN1C2=CC=C(C=C2C(=NCC1=O)C1=C(F)C=CC=C1)[N+]([O-])=O,8.27999973
49,CHEMBL2163548,CN1C(=O)NC(=O)[C@](CC=C)(C1=O)c2cccc(c2)C3(N=N3)C(F)(F)F,5.42
50,CHEMBL505497,CN1Cc2c(ncn2c3ccc(cc3C1=O)C#C)C(=O)OCOCOC(=O)c4ncn5c4CN(C)C(=O)c6cc(ccc56)C#C,5.42
51,CHEMBL146317,COc1ccc(cc1)C(=O)N2CCc3nc(O)n4cc(nc4c3C2)c5ccccc5F,5.66
52,CHEMBL471115,CCCCCc1ncn2c1N(C)C(=O)c3cc(Cl)ccc23,5.69
53,CHEMBL443736,CCc1ccc2c(c1)C(=O)N(C)Cc3c(ncn23)C(=O)OCCCOC(=O)c4ncn5c4CN(C)C(=O)c6cc(CC)ccc56,5.73
54,CHEMBL511685,CCCCC(=O)c1ncn2c1N(C)C(=O)c3cc(Cl)ccc23,5.8
55,CHEMBL461925,Nc1c(sc2ccccc12)C(=O)c3ccc(Cl)cc3,6.0
56,CHEMBL45346,COCc1ncn2c1CN(C)C(=O)c3cc(Cl)ccc23,6.04
57,CHEMBL485829,CCOC(=O)c1ncn2c1CN(C)C(=O)c3cc(ccc23)N=C=S,6.06
58,CHEMBL458144,CSC1SC(C2CC(C)(C)CC(=O)C12)C(=O)c3ccc(Cl)cc3,6.24
59,CHEMBL511684,CSC1SC(C2CCCC(=O)C12)C(=O)c3ccc(Cl)cc3,6.24
60,CHEMBL344120,Cc1ccccc1C(=O)N2CCc3nc(O)n4cc(nc4c3C2)c5ccccc5F,6.26
61,CHEMBL459031,CCOCc1ncn2c1N(C)C(=O)c3cc(Cl)ccc23,6.3
62,CHEMBL461511,CN1C(=O)c2cc(Cl)ccc2n3cnc(CCl)c13,6.3
63,CHEMBL483158,COc1cccc(F)c1C2=NCc3cnc(Nc4ccc(C(=O)O)c(OC)c4)nc3c5ccc(Cl)cc25,6.31
64,CHEMBL458317,CSc1nccc(n1)c2ccc(s2)S(=O)(=O)Nc3ccc(Cl)cc3,6.33
65,CHEMBL499964,O=C(OCCOCCOC(=O)c1ncn2c1CN=C(c3ccccc3)c4cc(ccc24)C#C)c5ncn6c5CN=C(c7ccccc7)c8cc(ccc68)C#C,6.34
66,CHEMBL458321,CCc1ncn2c1N(C)C(=O)c3cc(Cl)ccc23,6.39
67,CHEMBL259084,OC(=O)c1ccc(Nc2ncc3CN=C(c4cc(Cl)ccc4c3n2)c5c(F)cccc5F)cc1,6.48
68,CHEMBL343471,Cc1ccc(cc1)C(=O)N2CCc3nc(O)n4cc(nc4c3C2)c5ccccc5F,6.52
69,CHEMBL522055,CCOC(=O)c1ncn2c1CN=C(c3ccccc3)c4cc(ccc24)C#C,6.54
70,CHEMBL147312,Cc1ccc(cc1)c2cn3c(O)nc4CCN(Cc5ccccc5)Cc4c3n2,6.58
71,CHEMBL147379,CCCCN1CCc2nc(O)n3cc(nc3c2C1)c4ccccc4F,6.59
72,CHEMBL1681890,Clc1ccc(cc1)n2nc3c4CCCCCc4ncc3c2OCc5ccccc5Cl,6.62
73,CHEMBL505768,O=C(OCCCOC(=O)c1ncn2c1CN=C(c3ccccc3)c4cc(ccc24)C#C)c5ncn6c5CN=C(c7ccccc7)c8cc(ccc68)C#C,6.63
74,CHEMBL449393,CN1Cc2c(ncn2c3ccc(cc3C1=O)C#C)C(=O)OCCCCCOC(=O)c4ncn5c4CN(C)C(=O)c6cc(ccc56)C#C,6.64
75,CHEMBL148043,Oc1nc2CCN(Cc3ccccc3)Cc2c4nc(cn14)c5ccccc5c6cccs6,6.68
76,CHEMBL518197,CCOC(=O)c1ncn2c1C3CCCN3C(=O)c4cc(ccc24)C#C[Si](C)(C)C,6.7
77,CHEMBL461717,CN1C(=O)c2cc(ccc2n3cnc(C(=O)OC(C)(C)C)c13)C#C[Si](C)(C)C,6.71
78,CHEMBL471977,CN1CC2N(CN=C2C(=O)OC(C)(C)C)c3ccc(cc3C1=O)C#C[Si](C)(C)C,6.71
79,CHEMBL358301,Oc1nc2CCN(CC=C)Cc2c3nc(cn13)c4ccccc4F,6.77
80,CHEMBL1681894,Clc1ccc(COc2c3cnc4CCCCc4c3nn2c5ccc(Cl)cc5)cc1,6.8
81,CHEMBL3586473,COc1cccc(F)c1C2=NCc3cnc(Nc4ccc(cc4)C(=O)O)nc3c5ccc(Cl)cc25,6.82
82,CHEMBL1681899,Clc1ccc(cc1)n2nc3c(cnc4ccc(cc34)n5ccnc5)c2OCC6CC6,6.87
83,CHEMBL145970,Oc1nc2CCN(CC3CC3)Cc2c4nc(cn14)c5ccccc5F,6.87
84,CHEMBL148044,Oc1nc2CCN(Cc3ccccc3)Cc2c4nc(cn14)c5ccc(F)cc5,6.87
85,CHEMBL147590,Oc1nc2CCN(Cc2c3nc(cn13)c4ccccc4F)C(=O)c5ccc(F)c(F)c5,6.88
86,CHEMBL146230,Oc1nc2CCN(CC3CCCCC3)Cc2c4nc(cn14)c5ccccc5F,6.9
87,CHEMBL461716,CCOC(=O)c1ncn2c1N(C)C(=O)c3cc(ccc23)C#C[Si](C)(C)C,6.92
88,CHEMBL145983,Oc1nc2CCN(Cc3ccccc3)Cc2c4nc(cn14)c5cccc(F)c5,6.92
89,CHEMBL358874,Oc1nc2CCN(Cc3c[nH]cn3)Cc2c4nc(cn14)c5ccccc5F,6.93
90,CHEMBL147364,Oc1nc2CCN(Cc3cccs3)Cc2c4nc(cn14)c5ccccc5F,6.97
91,CHEMBL358519,CCC(=O)N1CCc2nc(O)n3cc(nc3c2C1)c4ccccc4F,7.02
92,CHEMBL1681900,Clc1ccc(cc1)n2nc3c4CCCCc4ncc3c2OCC5CC5,7.03
93,CHEMBL146302,Oc1nc2CCN(Cc2c3nc(cn13)c4ccccc4F)C(=O)c5ccccc5F,7.03
94,CHEMBL343009,Oc1nc2CCN(Cc3ccccc3)Cc2c4nc(cn14)c5ccc(F)cc5F,7.04
95,CHEMBL130416,CCOC(=O)c1ncn2c3ccc(cc3C(=O)N4CC[C@H]4c12)C#C[Si](C)(C)C,7.08
96,CHEMBL146356,COc1cccc(c1)c2cn3c(O)nc4CCN(Cc5ccccc5)Cc4c3n2,7.09
97,CHEMBL174535,CN1C(=O)CN=C(c2ccccc2)c3cc(ccc13)C#C,7.12
98,CHEMBL1681885,Clc1ccc(cc1)n2nc3c4ccccc4ncc3c2OCC5CC5,7.13
99,CHEMBL356806,Oc1nc2CCN(Cc2c3nc(cn13)c4ccccc4F)C(=O)c5cccc(F)c5,7.16
100,CHEMBL1681892,CC1(C)CCc2ncc3c(OCc4ccccc4Cl)n(nc3c2C1)c5ccc(Cl)cc5,7.17
101,CHEMBL1681886,Clc1ccc(cc1)n2nc3c4ccccc4ncc3c2OCc5ccccc5Cl,7.19
102,CHEMBL1681895,Fc1ccccc1COc2c3cnc4CCCCc4c3nn2c5ccc(Cl)cc5,7.19
103,CHEMBL146086,Oc1nc2CCN(Cc3cccnc3)Cc2c4nc(cn14)c5ccccc5F,7.25
104,CHEMBL342270,Oc1nc2CCN(Cc3ccncc3)Cc2c4nc(cn14)c5ccccc5F,7.28
105,CHEMBL1681888,Clc1ccccc1COc2c3cnc4ccccc4c3nn2c5ccc6OCOc6c5,7.3
106,CHEMBL1681897,Fc1ccc(COc2c3cnc4CCCCc4c3nn2c5ccc(Cl)cc5)cc1,7.3
107,CHEMBL52030,CCOC(=O)c1ncn2c1[C@@H]3CCCN3C(=O)c4cc(OC)ccc24,7.31
108,CHEMBL1681889,Clc1ccc(cc1)n2nc3c4CCCCc4ncc3c2OCc5ccccc5Cl,7.34
109,CHEMBL147842,Oc1nc2CCN(Cc2c3nc(cn13)c4ccccc4F)C(=O)c5ccc(F)cc5,7.39
110,CHEMBL3659675,CC(C)(O)c1ccc2c(c1)ncn2c3ccnc(c3)c4cccnc4Cl,7.42
111,CHEMBL145910,Oc1nc2CCN(Cc3ccccc3)Cc2c4nc(cn14)c5cc(F)ccc5F,7.44
112,CHEMBL286594,CCOC(=O)c1ncn2c1CN(C)C(=O)c3cc(ccc23)C#C,7.55
113,CHEMBL471978,CCOC(=O)c1ncn2c1N(C)C(=O)c3cc(ccc23)C#C,7.55
114,CHEMBL356271,COc1ccc(cc1)c2cn3c(O)nc4CCN(Cc5ccccc5)Cc4c3n2,7.55
115,CHEMBL58757,CN1Cc2c(ncn2c3ccc(cc3C1=O)C#C)C(=O)OC(C)(C)C,7.57
116,CHEMBL3659677,CC(C)(O)c1ccc2c(c1)ncn2c3ccnc(c3)c4ccncc4C#N,7.59
117,CHEMBL454865,CCOC(=O)C1=NCN2C1CN(C)C(=O)c3cc(CC)ccc23,7.69
118,CHEMBL356161,Oc1nc2CCN(Cc3ccccc3)Cc2c4nc(cn14)c5ccccc5F,7.75
119,CHEMBL458147,CN1C(=O)c2cc(Cl)ccc2n3cnc(C(=O)OC(C)(C)C)c13,7.76
120,CHEMBL148740,Oc1nc2CCN(Cc3ccccc3)Cc2c4nc(cn14)c5ccccc5,7.77
121,CHEMBL458319,CN1C(=O)c2cc(Cl)ccc2n3cnc(C(=O)OCC4CC4)c13,7.79
122,CHEMBL19732,O=C1C2C=Nc3ccccc3C2=NN1c4ccccc4,8.08
123,CHEMBL85861,CCOC(=O)c1[nH]cc2nc3cc(OC)c(OC)cc3c2c1CC,8.1
124,CHEMBL3659676,CC(C)(O)c1ccc2c(c1)ncn2c3ccnc(c3)c4ccncc4F,8.13
125,CHEMBL415290,CCOC(=O)c1ncn2c1CN(C)C(=O)c3cc(Cl)ccc23,8.17
126,CHEMBL52750,CCCOc1cc2c(c[nH]1)nc3ccccc23,8.3
127,CHEMBL6597,CCOC(=O)c1ncn2c1CN(C)C(=O)c3cc(ccc23)N=[N+]=[N-],8.48
128,CHEMBL45198,Cc1csc(n1)C2=CC(=C3N(CCCc4ccncc34)C2=O)c5ccncc5,8.89
129,CHEMBL299250,CCOc1cc2c(c[nH]1)nc3ccccc23,8.92
130,CHEMBL3659674,COc1ncccc1c2cc(ccn2)n3cnc4cc(ccc34)C(C)(C)O,8.92
131,CHEMBL307783,CC(C)(C)OC(=O)c1cc2c(c[nH]1)nc3ccccc23,9.0
132,CHEMBL11709,CCOC(=O)c1cc2c(c[nH]1)nc3ccccc23,9.0
133,CHEMBL453066,COC(=O)c1cc2c(cn1)[nH]c3ccccc23,9.0
134,CHEMBL454095,COCc1c(ncc2[nH]c3ccc(OCc4ccccc4)cc3c12)C(=O)OC(C)C,9.0
135,CHEMBL20042,Clc1ccc(cc1)N2N=C3C(C=Nc4ccccc34)C2=O,9.0
136,CHEMBL1681887,Fc1ccccc1n2nc3c4ccccc4ncc3c2OCc5ccccc5Cl,9.0
137,CHEMBL363211,Cc1onc(c1)c2nncc3c(c(OCc4ncnn4C)nn23)C(C)(C)C,9.1
138,CHEMBL3144739,COc1ccc(cc1)N2Nc3c(cnc4ccccc34)C2=O,10.0
102,CHEMBL483019,C[C@H](c1ccccc1)n2cncc2C(=O)N=[N+]=[N-],4.96
119,CHEMBL1522,CN1CCN(CC1)C(=O)O[C@@H]2N(C(=O)c3nccnc23)c4ccc(Cl)cn4,7.3
123,CHEMBL646,Cc1nnc2CN=C(c3ccccc3Cl)c4cc(Cl)ccc4n12,9.0
156,CHEMBL458320,CN1C(=O)c2cc(Cl)ccc2n3cnc(C(=O)C)c13,4.76
