,molecule_chembl_id,canonical_smiles,pchembl_value
0,methoxyflurane,COC(F)(F)C(Cl)Cl,
1,desflurane,FC(F)OC(F)C(F)(F)F,
2,propofol,CC(C)C1=CC=CC(C(C)C)=C1O,5.7
3,isoflurane,FC(F)OC(Cl)C(F)(F)F,
4,halothane,FC(F)(F)C(Cl)Br,
5,metharbital,CCC1(CC)C(=O)NC(=O)N(C)C1=O,
6,sevoflurane,FCOC(C(F)(F)F)C(F)(F)F,
7,talbutal,CCC(C)C1(CC=C)C(=O)NC(=O)NC1=O,
8,triclofos,OP(O)(=O)OCC(Cl)(Cl)Cl,
9,thiamylal,CCCC(C)C1(CC=C)C(=O)NC(=S)NC1=O,
10,zopiclone,CN1CCN(CC1)C(=O)OC1N(C(=O)C2=C1N=CC=N2)C1=CC=C(Cl)C=N1,7.1759
11,zolpidem,CN(C)C(=O)CC1=C(N=C2C=CC(C)=CN12)C1=CC=C(C)C=C1,6.7033
12,zaleplon,CCN(C(C)=O)C1=CC(=CC=C1)C1=CC=NC2=C(C=NN12)C#N,6.5302
13,triazolam,CC1=NN=C2CN=C(C3=CC(Cl)=CC=C3N12)C1=C(Cl)C=CC=C1,9.02
14,topiramate,[H][C@@]12CO[C@@]3(COS(N)(=O)=O)OC(C)(C)O[C@@]3([H])[C@]1([H])OC(C)(C)O2,
15,thiopental,CCCC(C)C1(CC)C(=O)NC(=S)NC1=O,
16,temazepam,CN1C2=CC=C(Cl)C=C2C(=NC(O)C1=O)C1=CC=CC=C1,
17,secobarbital,CCCC(C)C1(CC=C)C(=O)NC(=O)NC1=O,
18,quazepam,FC1=C(C=CC=C1)C1=NCC(=S)N(CC(F)(F)F)C2=CC=C(Cl)C=C12,6.6271
19,primidone,CCC1(C(=O)NCNC1=O)C1=CC=CC=C1,
20,prazepam,ClC1=CC=C2N(CC3CC3)C(=O)CN=C(C3=CC=CC=C3)C2=C1,
21,pentobarbital,CCCC(C)C1(CC)C(=O)NC(=O)NC1=O,4.301
22,oxazepam,OC1N=C(C2=CC=CC=C2)C2=CC(Cl)=CC=C2NC1=O,7.745
23,nitrazepam,[O-][N+](=O)C1=CC=C2NC(=O)CN=C(C3=CC=CC=C3)C2=C1,8.0
24,midazolam,CC1=NC=C2CN=C(C3=CC(Cl)=CC=C3N12)C1=C(F)C=CC=C1,8.7447
25,methyprylon,[H]C1(C)CNC(=O)C(CC)(CC)C1=O,
26,methohexital,CCC#CC(C)C1(CC=C)C(=O)NC(=O)N(C)C1=O,
27,meprobamate,CCCC(C)(COC(N)=O)COC(N)=O,
28,lorazepam,OC1N=C(C2=CC(Cl)=CC=C2NC1=O)C1=C(Cl)C=CC=C1,8.456
29,glutethimide,CCC1(CCC(=O)NC1=O)C1=CC=CC=C1,
30,flurazepam,CCN(CC)CCN1C2=CC=C(Cl)C=C2C(=NCC1=O)C1=C(F)C=CC=C1,8.1
31,flumazenil,CCOC(=O)C1=C2CN(C)C(=O)C3=CC(F)=CC=C3N2C=N1,9.0969
32,etomidate,CCOC(=O)c1cncn1[C@H](C)c2ccccc2,5.4559
33,ethchlorvynol,CCC(O)(C=CCl)C#C,
34,eszopiclone,CN1CCN(CC1)C(=O)O[C@@H]1N(C(=O)C2=NC=CN=C12)C1=CC=C(Cl)C=N1,
35,estazolam,ClC1=CC=C2N3C=NN=C3CN=C(C3=CC=CC=C3)C2=C1,
36,diazepam,CN1C2=CC=C(Cl)C=C2C(=NCC1=O)C1=CC=CC=C1,7.65
37,clorazepate,OC(=O)C1N=C(C2=CC=CC=C2)C2=CC(Cl)=CC=C2NC1=O,7.47
38,clonazepam,[O-][N+](=O)C1=CC=C2NC(=O)CN=C(C2=C1)C1=C(Cl)C=CC=C1,8.0706
39,clobazam,CN1C2=CC=C(Cl)C=C2N(C2=CC=CC=C2)C(=O)CC1=O,
40,chlordiazepoxide,CNC1=NC2=CC=C(Cl)C=C2C(C2=CC=CC=C2)=[N+]([O-])C1,6.2518
41,butalbital,CC(C)CC1(CC=C)C(=O)NC(=O)NC1=O,
42,secbutabarbital,CCC(C)C1(CC)C(=O)NC(=O)NC1=O,
43,alprazolam,CC1=NN=C2CN=C(C3=CC=CC=C3)C3=CC(Cl)=CC=C3N12,7.4318
44,acamprosate,CC(=O)NCCCS(O)(=O)=O,
45,halazepam,FC(F)(F)CN1C2=CC=C(Cl)C=C2C(=NCC1=O)C1=CC=CC=C1,
46,fospropofol,CC(C)C1=CC=CC(C(C)C)=C1OCOP(O)(O)=O,
47,adinazolam,CN(C)CC1=NN=C2CN=C(C3=CC=CC=C3)C3=CC(Cl)=CC=C3N12,
48,CHEMBL2385579,C1CN(CCO1)c2ccc(cc2)c3cnc4c(cnn4c3)c5cn[nH]c5,8.86
