,molecule_chembl_id,canonical_smiles,pchembl_value
0,methoxyflurane,COC(F)(F)C(Cl)Cl,
1,desflurane,FC(F)OC(F)C(F)(F)F,
2,propofol,CC(C)C1=CC=CC(C(C)C)=C1O,5.39
3,isoflurane,FC(F)OC(Cl)C(F)(F)F,
4,halothane,FC(F)(F)C(Cl)Br,
5,metharbital,CCC1(CC)C(=O)NC(=O)N(C)C1=O,
6,sevoflurane,FCOC(C(F)(F)F)C(F)(F)F,
7,talbutal,CCC(C)C1(CC=C)C(=O)NC(=O)NC1=O,
8,pentobarbital,CCCC(C)C1(CC)C(=O)NC(=O)NC1=O,4.06
9,triclofos,OP(O)(=O)OCC(Cl)(Cl)Cl,
10,thiamylal,CCCC(C)C1(CC=C)C(=O)NC(=S)NC1=O,
11,zolpidem,CN(C)C(=O)CC1=C(N=C2C=CC(C)=CN12)C1=CC=C(C)C=C1,7.5735
12,zaleplon,CCN(C(C)=O)C1=CC(=CC=C1)C1=CC=NC2=C(C=NN12)C#N,5.7889
13,triazolam,CC1=NN=C2CN=C(C3=CC(Cl)=CC=C3N12)C1=C(Cl)C=CC=C1,9.02
14,oxazepam,OC1N=C(C2=CC=CC=C2)C2=CC(Cl)=CC=C2NC1=O,7.745
15,methyprylon,[H]C1(C)CNC(=O)C(CC)(CC)C1=O,
16,methohexital,CCC#CC(C)C1(CC=C)C(=O)NC(=O)N(C)C1=O,
17,meprobamate,CCCC(C)(COC(N)=O)COC(N)=O,
18,lorazepam,OC1N=C(C2=CC(Cl)=CC=C2NC1=O)C1=C(Cl)C=CC=C1,8.456
19,glutethimide,CCC1(CCC(=O)NC1=O)C1=CC=CC=C1,
20,flumazenil,CCOC(=O)C1=C2CN(C)C(=O)C3=CC(F)=CC=C3N2C=N1,9.0969
21,ethchlorvynol,CCC(O)(C=CCl)C#C,
22,estazolam,ClC1=CC=C2N3C=NN=C3CN=C(C3=CC=CC=C3)C2=C1,
23,diazepam,CN1C2=CC=C(Cl)C=C2C(=NCC1=O)C1=CC=CC=C1,7.65
24,clorazepate,OC(=O)C1N=C(C2=CC=CC=C2)C2=CC(Cl)=CC=C2NC1=O,
25,chlordiazepoxide,CNC1=NC2=CC=C(Cl)C=C2C(C2=CC=CC=C2)=[N+]([O-])C1,6.3372
26,butalbital,CC(C)CC1(CC=C)C(=O)NC(=O)NC1=O,
27,alprazolam,CC1=NN=C2CN=C(C3=CC=CC=C3)C3=CC(Cl)=CC=C3N12,7.9208
28,acamprosate,CC(=O)NCCCS(O)(=O)=O,
29,halazepam,FC(F)(F)CN1C2=CC=C(Cl)C=C2C(=NCC1=O)C1=CC=CC=C1,
30,fospropofol,CC(C)C1=CC=CC(C(C)C)=C1OCOP(O)(O)=O,
31,adinazolam,CN(C)CC1=NN=C2CN=C(C3=CC=CC=C3)C3=CC(Cl)=CC=C3N12,
32,midazolam,CC1=NC=C2CN=C(C3=CC(Cl)=CC=C3N12)C1=C(F)C=CC=C1,8.2596
33,zopiclone,CN1CCN(CC1)C(=O)OC1N(C(=O)C2=C1N=CC=N2)C1=CC=C(Cl)C=N1,6.7496
34,CHEMBL2163548,CN1C(=O)NC(=O)[C@](CC=C)(C1=O)c2cccc(c2)C3(N=N3)C(F)(F)F,5.41
35,CHEMBL235407,CCCc1c(CO)nnn1c2c(Cl)cc(cc2Cl)C(F)(F)F,5.46
36,CHEMBL428023,CCCc1c(C)nnn1c2c(Cl)cc(cc2Cl)C(F)(F)F,6.27
37,CHEMBL235406,CCCc1nnn(c1CCC)c2c(Cl)cc(cc2Cl)C(F)(F)F,6.89
38,CHEMBL236470,CCc1c(C)nnn1c2c(Cl)cc(cc2Cl)C(F)(F)F,7.15
39,CHEMBL395137,CCCc1c(CCl)nnn1c2c(Cl)cc(cc2Cl)C(F)(F)F,7.18
40,CHEMBL235405,CCCc1c(CC)nnn1c2c(Cl)cc(cc2Cl)C(F)(F)F,7.33
41,CHEMBL329306,FC(F)(F)c1cc(Cl)c(c(Cl)c1)n2cc(cn2)C3(N=N3)C(F)(F)F,7.55
42,CHEMBL101326,Nc1c([S+]([O-])C(F)(F)F)c(nn1c2c(Cl)cc(cc2Cl)C(F)(F)F)C#N,7.55
43,CHEMBL396305,CCCc1nnn(c1C)c2c(Br)cc(cc2Br)C(F)(F)F,7.87
44,CHEMBL236671,CCCc1nnn(c1CC)c2c(Cl)cc(cc2Cl)C(F)(F)F,8.09
45,CHEMBL392035,CCc1nnn(c1C)c2c(Cl)cc(cc2Cl)C(F)(F)F,8.15
46,CHEMBL392036,CCc1nnn(c1CC)c2c(Cl)cc(cc2Cl)C(F)(F)F,8.37
47,CHEMBL395136,CCCc1nnn(c1CO)c2c(Cl)cc(cc2Cl)C(F)(F)F,8.6
48,CHEMBL236471,CCCc1nnn(c1C)c2c(Cl)cc(cc2Cl)C(F)(F)F,8.71
49,CHEMBL15891,Cl[C@@H]1[C@@H](Cl)[C@H](Cl)[C@H](Cl)[C@@H](Cl)[C@@H]1Cl,9.05
50,CHEMBL235623,CCCc1nnn(c1CCl)c2c(Cl)cc(cc2Cl)C(F)(F)F,9.18
51,CHEMBL1890408,ClC1=C(Cl)[C@@]2(Cl)[C@@H]3COS(=O)OC[C@@H]3[C@]1(Cl)C2(Cl)Cl,9.33
