,molecule_chembl_id,canonical_smiles,pchembl_value
0,lindane,Cl[C@@H]1[C@@H](Cl)[C@H](Cl)[C@H](Cl)[C@@H](Cl)[C@@H]1Cl,7.04
1,aminobutyric acid,NCCCC(O)=O,6.57000017
2,CHEMBL446306,CCCCP(=O)(O)C1=CC[C@H](N)C1,5.01
3,CHEMBL2398115,NC1CC=C(C1)C(=O)N,5.02
4,CHEMBL3322886,NC1=NCC(CN1)C(=O)O,5.09
5,CHEMBL2398121,NC1CC=C(C1)C(=O)O,5.18
6,CHEMBL2315213,NCc1cnn(O)c1,5.51
7,CHEMBL3322882,NC1=NCC(CC1)C(=O)O,5.64
8,CHEMBL273481,NCc1onc(O)c1,5.64
9,CHEMBL397209,CP(=O)(O)C1=CCNCC1,5.65
10,CHEMBL96,NCCCC(=O)O,6.0
11,CHEMBL1890408,ClC1=C(Cl)[C@@]2(Cl)[C@@H]3COS(=O)OC[C@@H]3[C@]1(Cl)C2(Cl)Cl,6.1
0,CHEMBL32102,NCCCS(=O)O,5.34
2,CHEMBL230115,NC[C@@H]1C[C@@H]1C(=O)O,4.17
3,CHEMBL32307,NC\C=C/C(=O)O,4.13
4,CHEMBL33186,NC\C=C(/F)\C(=O)O,5.61
6,CHEMBL784,OC(=O)Cc1c[nH]cn1,4.8
7,CHEMBL33086,NC\C=C\C(=O)O,6.22
13,CHEMBL290216,NC[C@H](O)CC(=O)O,4.72
15,CHEMBL296263,NC[C@@H](O)CC(=O)O,4.35
16,CHEMBL113310,CP(=O)(O)C[C@@H](O)CN,4.77
17,CHEMBL113348,CP(=O)(O)C[C@H](O)CN,5.27
18,CHEMBL403157,N[C@@H]1C[C@@H]1C(=O)O,4.4
20,CHEMBL256608,C[C@@H](CCN)C(=O)O,4.19
21,CHEMBL257443,C[C@H](CCN)C(=O)O,4.8
48,CHEMBL112797,CCCCP(=O)(O)CCCN,4.21
50,CHEMBL109375,CP(=O)(O)\C=C\CN,5.26
51,CHEMBL446969,NC[C@H]1C[C@H]1C(=O)O,4.4
58,CHEMBL601,NCC(=O)CCC(=O)O,4.89
60,CHEMBL488308,NC[C@H]1C[C@@H]1C(=O)O,4.23
61,CHEMBL507316,NC[C@@H]1C[C@H]1C(=O)O,5.05
67,CHEMBL1672301,NC(=N)NC1CCP(=O)(O)C1,4.53
68,CHEMBL1672299,NCC1CCP(=O)(O)C1,4.7
76,CHEMBL15891,Cl[C@@H]1[C@@H](Cl)[C@H](Cl)[C@H](Cl)[C@@H](Cl)[C@@H]1Cl,7.04
110,CHEMBL2337889,CCCCP(=O)(O)C1=CC[C@@H](C1)NC(=O)CCCCCNC(=O)CCCC[C@@H]2SC[C@@H]3NC(=O)N[C@H]23,4.12
111,CHEMBL2337487,CCCCP(=O)(O)C1=CC[C@@H](C1)NC(=O)CCCCCNC(=O)CCC2=C3C(=CC(=[N+]3[B-](F)(F)n4c(C)cc(C)c24)C)C,4.23
130,CHEMBL243929,Cc1[nH]cnc1CC(=O)O,4.66
138,CHEMBL2398122,CONC(=O)C1=CCC(N)C1,4.09
139,CHEMBL2398120,NC1CC=C(C1)C(=O)NO,4.89
148,CHEMBL39071,OC(=O)C1=CCNCC1,4.41
