,molecule_chembl_id,canonical_smiles,pchembl_value
0,methoxyflurane,COC(F)(F)C(Cl)Cl,
1,desflurane,FC(F)OC(F)C(F)(F)F,
2,propofol,CC(C)C1=CC=CC(C(C)C)=C1O,5.7
3,isoflurane,FC(F)OC(Cl)C(F)(F)F,
4,halothane,FC(F)(F)C(Cl)Br,
5,metharbital,CCC1(CC)C(=O)NC(=O)N(C)C1=O,
6,sevoflurane,FCOC(C(F)(F)F)C(F)(F)F,
7,talbutal,CCC(C)C1(CC=C)C(=O)NC(=O)NC1=O,
8,triclofos,OP(O)(=O)OCC(Cl)(Cl)Cl,
9,thiamylal,CCCC(C)C1(CC=C)C(=O)NC(=S)NC1=O,
10,diazepam,CN1C2=CC=C(Cl)C=C2C(=NCC1=O)C1=CC=CC=C1,6.6655
11,zopiclone,CN1CCN(CC1)C(=O)OC1N(C(=O)C2=C1N=CC=N2)C1=CC=C(Cl)C=N1,7.1759
12,zolpidem,CN(C)C(=O)CC1=C(N=C2C=CC(C)=CN12)C1=CC=C(C)C=C1,6.7033
13,zaleplon,CCN(C(C)=O)C1=CC(=CC=C1)C1=CC=NC2=C(C=NN12)C#N,6.5302
14,triazolam,CC1=NN=C2CN=C(C3=CC(Cl)=CC=C3N12)C1=C(Cl)C=CC=C1,9.1549
15,topiramate,[H][C@@]12CO[C@@]3(COS(N)(=O)=O)OC(C)(C)O[C@@]3([H])[C@]1([H])OC(C)(C)O2,
16,thiopental,CCCC(C)C1(CC)C(=O)NC(=S)NC1=O,
17,temazepam,CN1C2=CC=C(Cl)C=C2C(=NC(O)C1=O)C1=CC=CC=C1,
18,secobarbital,CCCC(C)C1(CC=C)C(=O)NC(=O)NC1=O,
19,primidone,CCC1(C(=O)NCNC1=O)C1=CC=CC=C1,
20,prazepam,ClC1=CC=C2N(CC3CC3)C(=O)CN=C(C3=CC=CC=C3)C2=C1,
21,pentobarbital,CCCC(C)C1(CC)C(=O)NC(=O)NC1=O,4.301
22,nitrazepam,[O-][N+](=O)C1=CC=C2NC(=O)CN=C(C3=CC=CC=C3)C2=C1,8.0
23,midazolam,CC1=NC=C2CN=C(C3=CC(Cl)=CC=C3N12)C1=C(F)C=CC=C1,8.7447
24,flurazepam,CCN(CC)CCN1C2=CC=C(Cl)C=C2C(=NCC1=O)C1=C(F)C=CC=C1,8.1
25,etomidate,CCOC(=O)c1cncn1[C@H](C)c2ccccc2,5.4559
26,eszopiclone,CN1CCN(CC1)C(=O)O[C@@H]1N(C(=O)C2=NC=CN=C12)C1=CC=C(Cl)C=N1,
27,estazolam,ClC1=CC=C2N3C=NN=C3CN=C(C3=CC=CC=C3)C2=C1,
28,clorazepate,OC(=O)C1N=C(C2=CC=CC=C2)C2=CC(Cl)=CC=C2NC1=O,7.47
29,clonazepam,[O-][N+](=O)C1=CC=C2NC(=O)CN=C(C2=C1)C1=C(Cl)C=CC=C1,8.0706
30,clobazam,CN1C2=CC=C(Cl)C=C2N(C2=CC=CC=C2)C(=O)CC1=O,
31,chlordiazepoxide,CNC1=NC2=CC=C(Cl)C=C2C(C2=CC=CC=C2)=[N+]([O-])C1,6.2518
32,secbutabarbital,CCC(C)C1(CC)C(=O)NC(=O)NC1=O,
33,alprazolam,CC1=NN=C2CN=C(C3=CC=CC=C3)C3=CC(Cl)=CC=C3N12,7.4318
34,halazepam,FC(F)(F)CN1C2=CC=C(Cl)C=C2C(=NCC1=O)C1=CC=CC=C1,
35,fospropofol,CC(C)C1=CC=CC(C(C)C)=C1OCOP(O)(O)=O,
36,adinazolam,CN(C)CC1=NN=C2CN=C(C3=CC=CC=C3)C3=CC(Cl)=CC=C3N12,
