,molecule_chembl_id,canonical_smiles,pchembl_value
0,methoxyflurane,COC(F)(F)C(Cl)Cl,
1,desflurane,FC(F)OC(F)C(F)(F)F,
2,isoflurane,FC(F)OC(Cl)C(F)(F)F,
3,halothane,FC(F)(F)C(Cl)Br,
4,metharbital,CCC1(CC)C(=O)NC(=O)N(C)C1=O,
5,sevoflurane,FCOC(C(F)(F)F)C(F)(F)F,
6,talbutal,CCC(C)C1(CC=C)C(=O)NC(=O)NC1=O,
7,triclofos,OP(O)(=O)OCC(Cl)(Cl)Cl,
8,thiamylal,CCCC(C)C1(CC=C)C(=O)NC(=S)NC1=O,
9,triazolam,CC1=NN=C2CN=C(C3=CC(Cl)=CC=C3N12)C1=C(Cl)C=CC=C1,9.02
10,meprobamate,CCCC(C)(COC(N)=O)COC(N)=O,
11,flumazenil,CCOC(=O)C1=C2CN(C)C(=O)C3=CC(F)=CC=C3N2C=N1,9.2218
12,estazolam,ClC1=CC=C2N3C=NN=C3CN=C(C3=CC=CC=C3)C2=C1,
13,diazepam,CN1C2=CC=C(Cl)C=C2C(=NCC1=O)C1=CC=CC=C1,7.9586
14,clorazepate,OC(=O)C1N=C(C2=CC=CC=C2)C2=CC(Cl)=CC=C2NC1=O,
15,chlordiazepoxide,CNC1=NC2=CC=C(Cl)C=C2C(C2=CC=CC=C2)=[N+]([O-])C1,6.4949
16,alprazolam,CC1=NN=C2CN=C(C3=CC=CC=C3)C3=CC(Cl)=CC=C3N12,8.0
17,zopiclone,CN1CCN(CC1)C(=O)OC1N(C(=O)C2=C1N=CC=N2)C1=CC=C(Cl)C=N1,7.2782
18,midazolam,CC1=NC=C2CN=C(C3=CC(Cl)=CC=C3N12)C1=C(F)C=CC=C1,9.1249
19,eszopiclone,CN1CCN(CC1)C(=O)O[C@@H]1N(C(=O)C2=NC=CN=C12)C1=CC=C(Cl)C=N1,
20,halazepam,FC(F)(F)CN1C2=CC=C(Cl)C=C2C(=NCC1=O)C1=CC=CC=C1,
21,fospropofol,CC(C)C1=CC=CC(C(C)C)=C1OCOP(O)(O)=O,
22,adinazolam,CN(C)CC1=NN=C2CN=C(C3=CC=CC=C3)C3=CC(Cl)=CC=C3N12,
23,flunitrazepam,CN1C2=CC=C(C=C2C(=NCC1=O)C1=C(F)C=CC=C1)[N+]([O-])=O,8.26000023
24,CHEMBL58757,CN1Cc2c(ncn2c3ccc(cc3C1=O)C#C)C(=O)OC(C)(C)C,5.01
25,CHEMBL499964,O=C(OCCOCCOC(=O)c1ncn2c1CN=C(c3ccccc3)c4cc(ccc24)C#C)c5ncn6c5CN=C(c7ccccc7)c8cc(ccc68)C#C,5.3
26,CHEMBL458320,CN1C(=O)c2cc(Cl)ccc2n3cnc(C(=O)C)c13,5.58
27,CHEMBL461925,Nc1c(sc2ccccc12)C(=O)c3ccc(Cl)cc3,6.0
28,CHEMBL146075,Oc1nc2CCN(Cc2c3nc(cn13)c4ccccc4F)C(=O)OCc5ccccc5,6.0
29,CHEMBL299250,CCOc1cc2c(c[nH]1)nc3ccccc23,6.08
30,CHEMBL147312,Cc1ccc(cc1)c2cn3c(O)nc4CCN(Cc5ccccc5)Cc4c3n2,6.19
31,CHEMBL52750,CCCOc1cc2c(c[nH]1)nc3ccccc23,6.23
32,CHEMBL511684,CSC1SC(C2CCCC(=O)C12)C(=O)c3ccc(Cl)cc3,6.26
33,CHEMBL3652872,CC1=NN=C(c2cc3c(cccc3s2)C(F)(F)F)c4cc5OC(=O)Nc5cc4C1,6.3
34,CHEMBL461511,CN1C(=O)c2cc(Cl)ccc2n3cnc(CCl)c13,6.3
35,CHEMBL147590,Oc1nc2CCN(Cc2c3nc(cn13)c4ccccc4F)C(=O)c5ccc(F)c(F)c5,6.31
36,CHEMBL358874,Oc1nc2CCN(Cc3c[nH]cn3)Cc2c4nc(cn14)c5ccccc5F,6.36
37,CHEMBL471115,CCCCCc1ncn2c1N(C)C(=O)c3cc(Cl)ccc23,6.43
38,CHEMBL147364,Oc1nc2CCN(Cc3cccs3)Cc2c4nc(cn14)c5ccccc5F,6.43
39,CHEMBL146302,Oc1nc2CCN(Cc2c3nc(cn13)c4ccccc4F)C(=O)c5ccccc5F,6.46
40,CHEMBL343009,Oc1nc2CCN(Cc3ccccc3)Cc2c4nc(cn14)c5ccc(F)cc5F,6.49
41,CHEMBL147379,CCCCN1CCc2nc(O)n3cc(nc3c2C1)c4ccccc4F,6.54
42,CHEMBL3652870,CC1=NN=C(c2cc3OC(=O)Nc3cc2C1)c4sc5cccc(c5c4Cl)C(F)(F)F,6.6
43,CHEMBL146230,Oc1nc2CCN(CC3CCCCC3)Cc2c4nc(cn14)c5ccccc5F,6.64
44,CHEMBL458144,CSC1SC(C2CC(C)(C)CC(=O)C12)C(=O)c3ccc(Cl)cc3,6.68
45,CHEMBL3652871,CC1=NN=C(c2cc3c(F)cccc3s2)c4cc5OC(=O)Nc5cc4C1,6.7
46,CHEMBL19732,O=C1C2C=Nc3ccccc3C2=NN1c4ccccc4,6.7
47,CHEMBL505768,O=C(OCCCOC(=O)c1ncn2c1CN=C(c3ccccc3)c4cc(ccc24)C#C)c5ncn6c5CN=C(c7ccccc7)c8cc(ccc68)C#C,6.71
48,CHEMBL458321,CCc1ncn2c1N(C)C(=O)c3cc(Cl)ccc23,6.74
49,CHEMBL511685,CCCCC(=O)c1ncn2c1N(C)C(=O)c3cc(Cl)ccc23,6.78
50,CHEMBL3652869,CC1=NN=C(c2cc3ccccc3s2)c4cc5OC(=O)Nc5cc4C1,6.89
51,CHEMBL146317,COc1ccc(cc1)C(=O)N2CCc3nc(O)n4cc(nc4c3C2)c5ccccc5F,6.95
52,CHEMBL307783,CC(C)(C)OC(=O)c1cc2c(c[nH]1)nc3ccccc23,6.96
53,CHEMBL344120,Cc1ccccc1C(=O)N2CCc3nc(O)n4cc(nc4c3C2)c5ccccc5F,6.96
54,CHEMBL3652873,CC1=NN=C(c2cc3ccc(F)cc3s2)c4cc5OC(=O)Nc5cc4C1,7.0
55,CHEMBL443736,CCc1ccc2c(c1)C(=O)N(C)Cc3c(ncn23)C(=O)OCCCOC(=O)c4ncn5c4CN(C)C(=O)c6cc(CC)ccc56,7.0
56,CHEMBL145970,Oc1nc2CCN(CC3CC3)Cc2c4nc(cn14)c5ccccc5F,7.03
57,CHEMBL3681433,COC(=O)c1ccc(OCc2c(noc2C(F)(F)F)c3ccccc3)nc1,7.05
58,CHEMBL343471,Cc1ccc(cc1)C(=O)N2CCc3nc(O)n4cc(nc4c3C2)c5ccccc5F,7.05
59,CHEMBL3681465,Cc1onc(c1CNc2ccccn2)c3ccccc3,7.06
60,CHEMBL3681456,Cc1onc(c1COc2ccc(cn2)C(=O)N3CCOCC3)c4ccncc4,7.07
61,CHEMBL459031,CCOCc1ncn2c1N(C)C(=O)c3cc(Cl)ccc23,7.08
62,CHEMBL3676521,Cc1onc(c1COc2ccc(cn2)C(=O)N3CCOCC3(C)C)c4ccccc4,7.09
63,CHEMBL505497,CN1Cc2c(ncn2c3ccc(cc3C1=O)C#C)C(=O)OCOCOC(=O)c4ncn5c4CN(C)C(=O)c6cc(ccc56)C#C,7.12
64,CHEMBL3681489,Cc1onc(c1COc2ccc(cn2)C(=O)N3CCC(O)CC3)c4ccccc4,7.13
65,CHEMBL356161,Oc1nc2CCN(Cc3ccccc3)Cc2c4nc(cn14)c5ccccc5F,7.13
66,CHEMBL3681472,COC(=O)c1ccc(NCc2c(C)onc2c3cccc(F)c3)nc1,7.16
67,CHEMBL3676529,Cc1onc(c1COc2ccc(cn2)C(=O)NC3COCc4ccccc34)c5ccccc5,7.17
68,CHEMBL3681458,Cc1onc(c1COc2ccc(cn2)C(=O)N3CCS(=O)(=O)CC3)c4ccncc4,7.18
69,CHEMBL3676456,Cc1onc(c1COc2ccc(cn2)C(F)(F)F)c3ccccc3,7.22
70,CHEMBL3681450,Fc1ccc(cc1)c2noc(c2COc3ccc(cn3)C(=O)N4CCS(=O)(=O)CC4)C(F)(F)F,7.23
71,CHEMBL461717,CN1C(=O)c2cc(ccc2n3cnc(C(=O)OC(C)(C)C)c13)C#C[Si](C)(C)C,7.24
72,CHEMBL453066,COC(=O)c1cc2c(cn1)[nH]c3ccccc23,7.24
73,CHEMBL3681441,COC(=O)c1ccc(OCc2c(noc2C(F)(F)F)c3ccc(F)cc3)nc1,7.24
74,CHEMBL3681445,Fc1ccc(cc1)c2noc(c2COc3ccc(cn3)C(=O)NCC(F)(F)F)C(F)(F)F,7.24
75,CHEMBL3681627,CC(C)(C)OC(=O)N1CC(C1)NC(=O)c2ccc(OCc3conc3c4ccc(Cl)cc4)nc2,7.26
76,CHEMBL3676509,Cc1onc(c1COc2cc(ccn2)C(=O)NC3CCOCC3)c4ccccc4,7.26
77,CHEMBL3681459,COC(=O)c1ccc(OCc2c(C)onc2c3cccnc3)nc1,7.27
78,CHEMBL3676520,CC(C)N(C)C(=O)c1ccc(OCc2c(C)onc2c3ccccc3)nc1,7.28
79,CHEMBL3676503,Cc1onc(c1COc2ccc(cn2)C(=O)N3CCCCC3)c4ccccc4,7.29
80,CHEMBL3681525,CC1CCCN1C(=O)c2ccc(OCc3c(C)onc3c4ccccc4)nc2,7.32
81,CHEMBL3681527,COC(=O)[C@H](Cc1ccccc1)NC(=O)c2ccc(OCc3c(C)onc3c4ccccc4)nc2,7.32
82,CHEMBL3676543,Cc1onc(c1COc2ccc(cn2)C(=O)N3CCOCC3)c4cccc(F)c4,7.32
83,CHEMBL3676517,Cc1onc(c1COc2nc(C)c(cc2Br)C(=O)NC3CCOCC3)c4ccccc4,7.33
84,CHEMBL3676544,Cc1onc(c1COc2ccc(cn2)C(=O)N3CCSCC3)c4cccc(F)c4,7.34
85,CHEMBL3675675,Cn1nnc(c1COc2cc(C(=O)NC3CCOCC3)n(C)n2)c4ccc(F)cc4,7.34
86,CHEMBL3686277,CC(C)(C(O)OCc1conc1c2ccc(F)cn2)c3ccc(cn3)C(=O)N,7.35
87,CHEMBL3676530,CC(C)c1cc(CNC(=O)c2ccc(OCc3c(C)onc3c4ccccc4)nc2)on1,7.35
88,CHEMBL3676490,Cc1onc(c1COc2ccc(cn2)C(=O)NC3CCCN(C3)C(=O)OC(C)(C)C)c4ccccc4,7.36
89,CHEMBL3675678,Cc1nnn(c1COc2cc(C(=O)NC3(C)COC3)n(C)n2)c4ccc(F)cc4,7.37
90,CHEMBL3676450,Cc1onc(c1CNc2ccc(cn2)C(=O)N3CC4CC(C3)O4)c5ccc(F)cc5,7.37
91,CHEMBL3681438,CC(C)NC(=O)c1ccc(OCc2c(noc2C(F)(F)F)c3ccccc3)nc1,7.38
92,CHEMBL3681491,CC(C)OCCNC(=O)c1ccc(OCc2c(C)onc2c3ccccc3)nc1,7.38
93,CHEMBL3676445,Cc1onc(C2CCCNC2)c1COc3ccc(cn3)C(=O)N4CCC[C@@H]4CO,7.38
94,CHEMBL3676541,Cc1onc(c1COc2ccc(cn2)C(=O)NC3CC3)c4cccc(F)c4,7.38
95,CHEMBL3681613,COCCNC(=O)c1ccc(OCc2conc2c3ccc(F)cc3)nc1,7.39
96,CHEMBL3676528,Cc1onc(c1COc2ccc(cn2)C(=O)N3CCCn4nccc34)c5ccccc5,7.39
97,CHEMBL3681625,CC(C)(CO)NC(=O)c1ccc(OCc2conc2c3ccc(Cl)cc3)nc1,7.4
98,CHEMBL3681457,Cc1onc(c1COc2ccc(cn2)C(=O)N3CCSCC3)c4ccncc4,7.4
99,CHEMBL3676553,Cc1onc(c1COc2ccc(cn2)C(=O)O)c3ccc(F)cc3,7.4
100,CHEMBL20042,Clc1ccc(cc1)N2N=C3C(C=Nc4ccccc34)C2=O,7.4
101,CHEMBL45346,COCc1ncn2c1CN(C)C(=O)c3cc(Cl)ccc23,7.41
102,CHEMBL3676510,Cc1onc(c1COc2ccc(C(=O)NC3CCOCC3)c(C)n2)c4ccccc4,7.41
103,CHEMBL3676508,Cc1onc(c1COc2cc(ccn2)C(=O)NCC(F)(F)F)c3ccccc3,7.42
104,CHEMBL3676500,Cc1onc(c1COc2ccc(cn2)C(=O)Nc3ccccc3)c4ccccc4,7.42
105,CHEMBL3681448,Fc1ccc(cc1)c2noc(c2COc3ccc(cn3)C(=O)NC4CC4)C(F)(F)F,7.42
106,CHEMBL356806,Oc1nc2CCN(Cc2c3nc(cn13)c4ccccc4F)C(=O)c5cccc(F)c5,7.42
107,CHEMBL3681612,CC(=O)NCCNC(=O)c1ccc(OCc2conc2c3ccc(F)cc3)nc1,7.43
108,CHEMBL3681468,Cc1onc(c1CNc2ccc(cn2)C(=O)NCCN3CCCC3=O)c4ccccc4,7.43
109,CHEMBL3681526,Cc1onc(c1COc2ccc(cn2)C(=O)N3CCCC3)c4ccccc4,7.43
110,CHEMBL3681539,Cc1onc(c1COc2ccc(cn2)C(=O)N3CCSC3)c4ccccc4,7.43
111,CHEMBL3681533,CN(C(=O)c1ccc(OCc2c(C)onc2c3ccccc3)nc1)S(=O)(=O)C4CC4,7.44
112,CHEMBL3681593,Cc1onc(c1COc2ccc(cn2)C(=O)N3CCOCC3)c4ccncn4,7.44
113,CHEMBL3676453,Cc1onc(c1COc2ccccn2)c3ccccc3,7.44
114,CHEMBL3676514,COC(=O)c1cnc(OCc2c(C)onc2c3ccccc3)c(Br)c1,7.46
115,CHEMBL3676507,Cc1onc(c1COc2cc(OCc3ccccc3)ccn2)c4ccccc4,7.46
116,CHEMBL3681535,Cc1onc(c1COc2ccc(cn2)C(=O)N3NC(=O)C=C3)c4ccccc4,7.46
117,CHEMBL3676476,Cc1onc(c1COc2ccc(cn2)C(=O)NCC(=O)OC(C)(C)C)c3ccccc3,7.46
118,CHEMBL3681436,OCCNC(=O)c1ccc(OCc2c(noc2C(F)(F)F)c3ccccc3)nc1,7.47
119,CHEMBL3681447,CC(C)NC(=O)c1ccc(OCc2c(noc2C(F)(F)F)c3ccc(F)cc3)nc1,7.48
120,CHEMBL3681443,CCNC(=O)c1ccc(OCc2c(noc2C(F)(F)F)c3ccc(F)cc3)nc1,7.48
121,CHEMBL45198,Cc1csc(n1)C2=CC(=C3N(CCCc4ccncc34)C2=O)c5ccncc5,7.48
122,CHEMBL3681530,CCCCS(=O)(=O)NC(=O)c1ccc(OCc2c(C)onc2c3ccccc3)nc1,7.49
123,CHEMBL3676444,CN1CCC(=CC1)c2ccnc(OCc3c(C)onc3c4ccccc4)c2,7.49
124,CHEMBL3681463,CC(C)NC(=O)c1ccc(OCc2c(C)onc2c3cccnc3)nc1,7.5
125,CHEMBL3681435,CCNC(=O)c1ccc(OCc2c(onc2c3ccccc3)C(F)(F)F)nc1,7.51
126,CHEMBL3676455,Cc1onc(c1COc2ccc(Br)cn2)c3ccccc3,7.51
127,CHEMBL3676525,Cc1onc(c1COc2ccc(cn2)C(=O)N3CCn4cnnc4C3)c5ccccc5,7.52
128,CHEMBL3681461,Cc1onc(c1COc2ccc(cn2)C(=O)NCC3CC3)c4cccnc4,7.53
129,CHEMBL3676449,Cc1onc(c1CNc2ccc(cn2)C(=O)N3CCS(=O)(=O)CC3)c4ccc(F)cc4,7.54
130,CHEMBL3676428,Cc1onc(c1COc2ccc(cn2)C(=O)N[C@@H]3CCC[C@@H]3O)c4ccc(F)cc4,7.54
131,CHEMBL3675674,Cn1nnc(c1COc2cc(on2)C(=O)NC3CCOCC3)c4ccc(F)cc4,7.54
132,CHEMBL3681545,C[S+]([O-])c1ccc(OCc2c(C)onc2c3ccccc3)nc1,7.55
133,CHEMBL3681464,Cc1onc(c1COc2ccc(cn2)C(=O)NC3CCOCC3)c4cccnc4,7.55
134,CHEMBL3681528,Cc1onc(c1COc2ccc(cn2)C(=O)N[C@@H](Cc3ccccc3)C(=O)O)c4ccccc4,7.55
135,CHEMBL3676524,Cc1onc(c1COc2ccc(cn2)C3(O)COC3)c4ccccc4,7.55
136,CHEMBL3681437,FC(F)(F)c1onc(c1COc2ccc(cn2)C(=O)NCC3CC3)c4ccccc4,7.55
137,CHEMBL3681562,CC(C)NC(=O)c1ccc(OCc2c(C)onc2c3cc(F)ccc3F)nc1,7.56
138,CHEMBL3681466,COC(=O)c1ccc(NCc2c(C)onc2c3ccccc3)nc1,7.56
139,CHEMBL3676546,COC(=O)c1ccc(OCc2c(C)onc2c3cccc(Cl)c3)nc1,7.56
140,CHEMBL3681603,C[C@H](CO)NC(=O)c1ccc(OCc2conc2c3ccc(F)cc3)nc1,7.56
141,CHEMBL11709,CCOC(=O)c1cc2c(c[nH]1)nc3ccccc23,7.57
142,CHEMBL3681558,CC(C)NC(=O)c1ccc(OCc2c(C)onc2c3cccc(F)c3F)nc1,7.58
143,CHEMBL3681523,Cc1onc(c1COc2ccc(cn2)C(=O)N3CCC(O)C3)c4ccccc4,7.58
144,CHEMBL3681462,Cc1onc(c1COc2ccc(cn2)C(=O)NC3CC3)c4cccnc4,7.58
145,CHEMBL3681476,COC(=O)c1ccc(NCc2c(C)onc2c3ccc(F)cc3)nc1,7.59
146,CHEMBL3676506,Cc1onc(c1COc2ccc(cn2)C(=O)N3CCSCC3)c4ccccc4,7.59
147,CHEMBL3681434,CNC(=O)c1ccc(OCc2c(noc2C(F)(F)F)c3ccccc3)nc1,7.61
148,CHEMBL3676515,Cc1onc(c1COc2ncc(cc2Br)C(=O)NC3CCOCC3)c4ccccc4,7.61
149,CHEMBL3681460,Cc1onc(c1COc2ccc(cn2)C(=O)NCC(F)(F)F)c3cccnc3,7.62
150,CHEMBL3681439,FC(F)(F)c1onc(c1COc2ccc(cn2)C(=O)NC3CC3)c4ccccc4,7.62
151,CHEMBL3676505,Cc1onc(c1COc2ccc(cn2)C(=O)N3CCOCC3)c4ccccc4,7.63
152,CHEMBL3681615,OCCNC(=O)c1ccc(OCc2conc2c3ccc(F)cc3)nc1,7.63
153,CHEMBL3681626,CC(C)(CO)CNC(=O)c1ccc(OCc2conc2c3ccc(Cl)cc3)nc1,7.64
154,CHEMBL3676443,Cc1onc(C2CCCNC2)c1COc3ccc(cn3)C(=O)N4CCS(=O)(=O)CC4,7.64
155,CHEMBL3681616,OC1(CNC(=O)c2ccc(OCc3conc3c4ccc(F)cc4)nc2)CC1,7.64
156,CHEMBL3675677,Cc1nnn(c1COc2cc(C(=O)NN3CCOCC3)n(C)n2)c4ccc(F)cc4,7.65
157,CHEMBL3681422,Cc1onc(c1COc2ccc(cn2)C(=O)O)c3ccc(Cl)cc3,7.65
158,CHEMBL3681576,Cc1onc(c1COc2ccc(cn2)C(=O)O)c3ccccn3,7.65
159,CHEMBL3676458,Cc1onc(c1COc2ccc(cn2)[N+](=O)[O-])c3ccccc3,7.65
160,CHEMBL3681446,Fc1ccc(cc1)c2noc(c2COc3ccc(cn3)C(=O)NCC4CC4)C(F)(F)F,7.65
161,CHEMBL3681609,O[C@@H]1CCC[C@H]1NC(=O)c2ccc(OCc3conc3c4ccc(F)cc4)nc2,7.65
162,CHEMBL3681440,FC(F)(F)c1onc(c1COc2ccc(cn2)C(=O)NC3CCOCC3)c4ccccc4,7.66
163,CHEMBL3681598,CC(C)NC(=O)c1ccc(OCc2conc2c3ccccc3)nc1,7.67
164,CHEMBL3676472,Cc1onc(c1COc2ccc(cn2)C(=O)NCc3cc([nH]n3)C4CC4)c5ccccc5,7.67
165,CHEMBL3686279,NC(=O)c1ccc(CC(O)OCc2conc2c3ccc(F)cn3)nc1,7.67
166,CHEMBL3681611,OCC(CO)NC(=O)c1ccc(OCc2conc2c3ccc(F)cc3)nc1,7.67
167,CHEMBL3675683,CC(C)NC(=O)c1sc(\C=C\c2c(nnn2C)c3ccccn3)nc1C,7.68
168,CHEMBL3681420,Cc1onc(c1COc2ccc(cn2)C3(O)COC3)c4ccc(F)cc4,7.68
169,CHEMBL3676523,Cc1onc(c1COc2cccc(n2)C#N)c3ccccc3,7.68
170,CHEMBL3676477,CCOC(=O)C(C)NC(=O)c1ccc(OCc2c(C)onc2c3ccccc3)nc1,7.7
171,CHEMBL3676502,CN(C1CCOCC1)C(=O)c2ccc(OCc3c(C)onc3c4ccccc4)nc2,7.7
172,CHEMBL3681442,CNC(=O)c1ccc(OCc2c(noc2C(F)(F)F)c3ccc(F)cc3)nc1,7.7
173,CHEMBL3681633,C[C@H](NC(=O)c1ccc(OCc2conc2c3ccc(Cl)cc3)nc1)C(F)(F)F,7.7
174,CHEMBL3676446,Cc1onc(C2CCCNC2)c1COc3ccc(cn3)C(=O)N4CCC[C@H]4CO,7.7
175,CHEMBL3681596,Cc1onc(c1COc2ccc(cn2)C(=O)N3CCSCC3)c4ccncn4,7.7
176,CHEMBL3686275,OCCNC(=O)c1ccc(OCc2conc2c3ccccn3)nc1,7.7
177,CHEMBL3676522,CCOC(=O)c1ccc(OCc2c(C)onc2c3ccccc3)nc1C,7.71
178,CHEMBL3681475,Cc1onc(c1CNc2ccc(cn2)C(=O)NC3CC3)c4cccc(F)c4,7.71
179,CHEMBL3676551,Cc1onc(c1COc2ccc(cn2)C(=O)N3CCS(=O)(=O)CC3)c4cccc(Cl)c4,7.71
180,CHEMBL3676470,Cc1onc(c1COc2ccc(cn2)C(=O)NCC3CC(=O)NO3)c4ccccc4,7.71
181,CHEMBL3681617,Fc1ccc(cc1)c2nocc2COc3ccc(cn3)C(=O)NC4CCS(=O)(=O)C4,7.71
182,CHEMBL3681484,CC(C)C(=O)Nc1ccc(OCc2c(C)onc2c3ccccc3)nc1,7.72
183,CHEMBL3681578,Cc1onc(c1COc2ccc(cn2)C(=O)O)c3ccc(F)cn3,7.72
184,CHEMBL3686272,O=C(NC1CC1)c2ccc(OCc3conc3c4ccccn4)nc2,7.72
185,CHEMBL3686273,O=C(NCC1CC1)c2ccc(OCc3conc3c4ccccn4)nc2,7.72
186,CHEMBL3676518,CC(C)NC(=O)c1cnc(OCc2c(C)onc2c3ccccc3)c(Br)c1,7.73
187,CHEMBL3686280,NC(=O)c1ccc(COCc2conc2c3ccc(F)cn3)nc1,7.73
188,CHEMBL3676511,Cc1onc(c1COc2cc(c(cn2)C(=O)O)C(F)(F)F)c3ccccc3,7.74
189,CHEMBL3681544,CSc1ccc(OCc2c(C)onc2c3ccccc3)nc1,7.75
190,CHEMBL3681473,Cc1onc(c1CNc2ccc(cn2)C(=O)NCC(F)(F)F)c3cccc(F)c3,7.75
191,CHEMBL3681599,O=C(NC1CCOCC1)c2ccc(OCc3conc3c4ccccc4)nc2,7.75
192,CHEMBL3681634,O=C(NC1CCOCC1)c2ccc(OCc3conc3c4ccccn4)nc2,7.75
193,CHEMBL3681608,O[C@H]1CCC[C@@H]1NC(=O)c2ccc(OCc3conc3c4ccc(F)cc4)nc2,7.75
194,CHEMBL3639754,COC(=O)c1ccc(OCc2c(C)onc2c3cccc(F)c3)nc1,7.76
195,CHEMBL3681605,Fc1ccc(cc1)c2nocc2COc3ccc(cn3)C(=O)NCC4CC4,7.76
196,CHEMBL3676504,Cc1onc(c1COc2ccc(cn2)C(=O)N3CCC(F)(F)CC3)c4ccccc4,7.78
197,CHEMBL3676532,Cc1onc(c1COc2ccc(cn2)C(=O)N3CCC34COC4)c5ccccc5,7.78
198,CHEMBL3681444,OCCNC(=O)c1ccc(OCc2c(noc2C(F)(F)F)c3ccc(F)cc3)nc1,7.78
199,CHEMBL3676552,COC(=O)c1ccc(OCc2c(C)onc2c3ccc(F)cc3)nc1,7.79
200,CHEMBL3681538,COC1CN(C1)C(=O)c2ccc(OCc3c(C)onc3c4ccccc4)nc2,7.8
201,CHEMBL3675676,Cc1nnn(c1COc2cc(C(=O)NC3CCOCC3)n(C)n2)c4ccc(F)cc4,7.8
202,CHEMBL3681474,CC(C)NC(=O)c1ccc(NCc2c(C)onc2c3cccc(F)c3)nc1,7.81
203,CHEMBL394710,CN1C(=O)c2cc(ccc2n3cnc(C(=O)OCCOC(=O)c4ncn5c4N(C)C(=O)c6cc(ccc56)C#C)c13)C#C,7.82
204,CHEMBL35571,CN1Cc2c(ncn2c3ccc(cc3C1=O)C#C)C(=O)OCCCOC(=O)c4ncn5c4CN(C)C(=O)c6cc(ccc56)C#C,7.82
205,CHEMBL3676531,Cc1onc(c1COc2ccc(cn2)C(=O)N3CC4(COC4)C3)c5ccccc5,7.82
206,CHEMBL3681618,FC(F)(F)CNC(=O)c1ccc(OCc2conc2c3ccc(Cl)cc3)nc1,7.82
207,CHEMBL3681607,Fc1ccc(cc1)c2nocc2COc3ccc(cn3)C(=O)NCC(F)(F)F,7.82
208,CHEMBL3676427,Cc1onc(c1CNc2ccc(cn2)C(=O)NC3CCOCC3)c4cccc(F)c4,7.83
209,CHEMBL3676512,CC(C)NC(=O)c1cnc(OCc2c(C)onc2c3ccccc3)cc1C(F)(F)F,7.84
210,CHEMBL3681571,Cc1onc(c1COc2ccc(cn2)C(=O)N3CCOCC3)c4ccccn4,7.84
211,CHEMBL3676442,CCNC(=O)c1ccc(OCc2conc2C3CCC(F)CN3)nc1,7.85
212,CHEMBL3676459,COC(=O)c1ccc(OCc2c(C)onc2c3ccccc3)nc1,7.85
213,CHEMBL3676494,CCNC(=O)CN1CCCC(C1)NC(=O)c2ccc(OCc3c(C)onc3c4ccccc4)nc2,7.86
214,CHEMBL3676492,CCOC(=O)CN1CCCC(C1)NC(=O)c2ccc(OCc3c(C)onc3c4ccccc4)nc2,7.86
215,CHEMBL522055,CCOC(=O)c1ncn2c1CN=C(c3ccccc3)c4cc(ccc24)C#C,7.86
216,CHEMBL3681604,C[C@@H](CO)NC(=O)c1ccc(OCc2conc2c3ccc(F)cc3)nc1,7.86
217,CHEMBL3681537,Cc1onc(c1COc2ccc(cn2)C(=O)N3CCC3)c4ccccc4,7.86
218,CHEMBL3686276,CCNC(=O)c1ccc(OCc2conc2c3ccccn3)nc1,7.87
219,CHEMBL3676545,Cc1onc(c1COc2ccc(cn2)C(=O)N3CCS(=O)(=O)CC3)c4cccc(F)c4,7.87
220,CHEMBL3676441,FC1CCC(NC1)c2nocc2COc3ccc(cn3)C(=O)NC4CC4,7.87
221,CHEMBL3681632,CC(=O)NCCNC(=O)c1ccc(OCc2conc2c3ccc(Cl)cc3)nc1,7.88
222,CHEMBL3686271,CC(C)NC(=O)c1ccc(OCc2conc2c3ccccn3)nc1,7.88
223,CHEMBL3676457,Cc1onc(c1COc2ccc(cn2)C#N)c3ccccc3,7.88
224,CHEMBL3676482,Cc1onc(c1COc2ccc(cn2)C(=O)NC3CCCCC3)c4ccccc4,7.88
225,CHEMBL3676498,Cc1onc(c1COc2ccc(cn2)C(=O)NC3CCCN(CC(=O)NC4CCOCC4)C3)c5ccccc5,7.88
226,CHEMBL3676471,Cc1onc(c1COc2ccc(cn2)C(=O)NCc3onc(n3)C4CC4)c5ccccc5,7.88
227,CHEMBL3681610,OC(CNC(=O)c1ccc(OCc2conc2c3ccc(F)cc3)nc1)C(F)(F)F,7.88
228,CHEMBL3681417,Cc1onc(c1COc2ccc(cn2)C(=O)N3CCOCC3)c4ccc(F)cc4,7.89
229,CHEMBL3681606,Fc1ccc(cc1)c2nocc2COc3ccc(cn3)C(=O)NC4CC4,7.89
230,CHEMBL3675684,Cc1nc(\C=C\c2c(nnn2C)c3ccccn3)sc1C(=O)NC4CCOCC4,7.9
231,CHEMBL3681449,Fc1ccc(cc1)c2noc(c2COc3ccc(cn3)C(=O)NC4CCOCC4)C(F)(F)F,7.9
232,CHEMBL3676495,Cc1onc(c1COc2ccc(cn2)C(=O)NC3CCCN(CC(=O)NC4CC4)C3)c5ccccc5,7.91
233,CHEMBL3681619,Clc1ccc(cc1)c2nocc2COc3ccc(cn3)C(=O)NC4CC4,7.91
234,CHEMBL3676501,Cc1onc(c1COc2ccc(cn2)C(=O)Nc3ccc(F)cc3)c4ccccc4,7.92
235,CHEMBL3676499,Cc1onc(c1COc2ccc(cn2)C(=O)NC(C)(C)C)c3ccccc3,7.93
236,CHEMBL3676526,Cc1onc(c1COc2ccc(cn2)C(=O)NCC3CCCOC3)c4ccccc4,7.93
237,CHEMBL3675679,CC(C)NC(=O)c1sc(\C=C\c2c(nnn2C)c3ccc(F)cc3)nc1C,7.95
238,CHEMBL3681589,COC(=O)c1ccc(OCc2c(C)onc2c3ccncn3)nc1,7.95
239,CHEMBL3681507,CC(C)C[C@@H](CO)NC(=O)c1ccc(OCc2c(C)onc2c3ccccc3)nc1,7.96
240,CHEMBL3676429,Cc1onc(c1COc2ccc(cn2)C(=O)N[C@@H]3CCCC[C@H]3O)c4ccccc4,7.96
241,CHEMBL3681622,OCCNC(=O)c1ccc(OCc2conc2c3ccc(Cl)cc3)nc1,7.96
242,CHEMBL3681630,C[C@H](CO)NC(=O)c1ccc(OCc2conc2c3ccc(Cl)cc3)nc1,7.97
243,CHEMBL3676513,Cc1onc(c1COc2cc(c(cn2)C(=O)NC3CCOCC3)C(F)(F)F)c4ccccc4,7.97
244,CHEMBL3681470,Cc1onc(c1CNc2ccc(cn2)C(=O)NC3CC3)c4ccccc4,7.98
245,CHEMBL3681467,Cc1onc(c1CNc2ccc(cn2)C(=O)NCCO)c3ccccc3,7.98
246,CHEMBL3681418,Cc1onc(c1COc2ccc(cn2)C(=O)N3CCSCC3)c4ccc(F)cc4,7.98
247,CHEMBL3681601,Fc1ccc(cc1)c2nocc2COc3ccc(cn3)C(=O)NC4CCOCC4,7.98
248,CHEMBL3681624,OCCCNC(=O)c1ccc(OCc2conc2c3ccc(Cl)cc3)nc1,7.99
249,CHEMBL3676488,CC(C)N1CCC(CC1)NC(=O)c2ccc(OCc3c(C)onc3c4ccccc4)nc2,8.0
250,CHEMBL3676452,Cc1onc(C2CCCCN2)c1CNc3ccc(cn3)C(=O)N4CCS(=O)(=O)CC4,8.0
251,CHEMBL3681485,Cc1onc(c1COc2ccc(NC(=O)C3CC3)cn2)c4ccccc4,8.0
252,CHEMBL3681486,Cc1onc(c1COc2ccc(cn2)C(=O)NC(C)(C)CO)c3ccccc3,8.0
253,CHEMBL3676496,Cc1onc(c1COc2ccc(cn2)C(=O)NC3CCCN(CC(=O)NCC(F)(F)F)C3)c4ccccc4,8.0
254,CHEMBL458319,CN1C(=O)c2cc(Cl)ccc2n3cnc(C(=O)OCC4CC4)c13,8.01
255,CHEMBL3676535,Cc1onc(c1COc2ccc(cn2)C(=O)NCC(F)(F)C(F)(F)F)c3ccccc3F,8.01
256,CHEMBL3681614,C[C@@H](O)CNC(=O)c1ccc(OCc2conc2c3ccc(F)cc3)nc1,8.02
257,CHEMBL3681482,CC(=O)Nc1ccc(OCc2c(C)onc2c3ccccc3)nc1,8.03
258,CHEMBL3676487,CCN1CCC(CC1)NC(=O)c2ccc(OCc3c(C)onc3c4ccccc4)nc2,8.03
259,CHEMBL3681564,Cc1onc(c1COc2ccc(cn2)C(=O)NC(C)(C)CO)c3ccc(F)c(F)c3,8.03
260,CHEMBL3676493,Cc1onc(c1COc2ccc(cn2)C(=O)NC3CCCN(CC(=O)O)C3)c4ccccc4,8.03
261,CHEMBL3686278,NC(=O)c1ccc(nc1)C(OCc2conc2c3ccc(F)cn3)C(F)(F)F,8.03
262,CHEMBL3681602,CC(CO)NC(=O)c1ccc(OCc2conc2c3ccc(F)cc3)nc1,8.05
263,CHEMBL3681471,Cc1onc(c1CNc2ccc(cn2)C(=O)NC3CCOCC3)c4ccccc4,8.06
264,CHEMBL454095,COCc1c(ncc2[nH]c3ccc(OCc4ccccc4)cc3c12)C(=O)OC(C)C,8.08
265,CHEMBL3676497,Cc1onc(c1COc2ccc(cn2)C(=O)NC3CCCN(CC(=O)NCCO)C3)c4ccccc4,8.08
266,CHEMBL3681517,Cc1onc(c1COc2ccc(cn2)C(=O)NCCNC(=O)OC(C)(C)C)c3ccccc3,8.08
267,CHEMBL3681592,Cc1onc(c1COc2ccc(cn2)C(=O)NC(C)(C)CO)c3ccncn3,8.09
268,CHEMBL3676548,Cc1onc(c1COc2ccc(cn2)C(=O)NCC3CC3)c4cccc(Cl)c4,8.09
269,CHEMBL3681522,Cc1onc(c1COc2ccc(cn2)C(=O)NCCCCCCO)c3ccccc3,8.09
270,CHEMBL3676484,Cc1onc(c1COc2ccc(cn2)C(=O)NC3CCOC(C)(C)C3)c4ccccc4,8.1
271,CHEMBL3686274,FC(F)(F)CNC(=O)c1ccc(OCc2conc2c3ccccn3)nc1,8.1
272,CHEMBL3676439,FC1CCC(NC1)c2nocc2COc3ccc(cn3)C(=O)NC4CCOCC4,8.1
273,CHEMBL3681628,O[C@H]1CCC[C@@H]1NC(=O)c2ccc(OCc3conc3c4ccc(Cl)cc4)nc2,8.1
274,CHEMBL3676469,CCC(CC)CNC(=O)c1ccc(OCc2c(C)onc2c3ccccc3)nc1,8.11
275,CHEMBL3681487,COCCNC(=O)c1ccc(OCc2c(C)onc2c3ccccc3)nc1,8.11
276,CHEMBL3681490,Cc1onc(c1COc2ccc(cn2)C(=O)NCC(C)(C)CO)c3ccccc3,8.11
277,CHEMBL3676547,Cc1onc(c1COc2ccc(cn2)C(=O)NCC(F)(F)F)c3cccc(Cl)c3,8.11
278,CHEMBL3681478,Cc1onc(c1CNc2ccc(cn2)C(=O)NCC3CC3)c4ccc(F)cc4,8.12
279,CHEMBL3676549,Cc1onc(c1COc2ccc(cn2)C(=O)NC3CC3)c4cccc(Cl)c4,8.12
280,CHEMBL3681480,Cc1onc(c1CNc2ccc(cn2)C(=O)NC3CC3)c4ccc(F)cc4,8.13
281,CHEMBL3681429,Cc1onc(c1COc2ccc(cn2)C(=O)N3CCSCC3)c4ccc(Cl)cc4,8.13
282,CHEMBL3681600,CC(C)NC(=O)c1ccc(OCc2conc2c3ccc(F)cc3)nc1,8.14
283,CHEMBL3681483,COC(=O)C(=O)Nc1ccc(OCc2c(C)onc2c3ccccc3)nc1,8.14
284,CHEMBL3676489,Cc1onc(c1COc2ccc(cn2)C(=O)NC3CCN(Cc4ccccc4)CC3)c5ccccc5,8.14
285,CHEMBL3681623,CC(O)CNC(=O)c1ccc(OCc2conc2c3ccc(Cl)cc3)nc1,8.15
286,CHEMBL3681453,Cc1onc(c1COc2ccc(cn2)C(=O)NC3CC3)c4ccncc4,8.15
287,CHEMBL174535,CN1C(=O)CN=C(c2ccccc2)c3cc(ccc13)C#C,8.16
288,CHEMBL3676440,CC(C)NC(=O)c1ccc(OCc2conc2C3CCC(F)CN3)nc1,8.17
289,CHEMBL3675682,CC(C)NC(=O)c1sc(\C=C\c2c(C)nnn2c3ccc(F)cc3)nc1C,8.17
290,CHEMBL3681575,Cc1onc(c1COc2ccc(cn2)C(=O)N3CCSCC3)c4ccccn4,8.17
291,CHEMBL3681566,Cc1onc(c1COc2ccc(cn2)C(=O)NCC(C)(C)O)c3ccc(F)c(F)c3,8.17
292,CHEMBL3676475,CC1=NNC(=O)C(=C1)CNC(=O)c2ccc(OCc3c(C)onc3c4ccccc4)nc2,8.19
293,CHEMBL3681481,Cc1onc(c1CNc2ccc(cn2)C(=O)NC3CCOCC3)c4ccc(F)cc4,8.19
294,CHEMBL3681499,Cc1onc(c1COc2ccc(cn2)C(=O)N[C@H]3CCCC[C@@H]3O)c4ccccc4,8.19
295,CHEMBL3681621,Clc1ccc(cc1)c2nocc2COc3ccc(cn3)C(=O)NC4CCOCC4,8.19
296,CHEMBL3676486,CN1CCC(CC1)NC(=O)c2ccc(OCc3c(C)onc3c4ccccc4)nc2,8.2
297,CHEMBL3675680,Cc1nc(\C=C\c2c(nnn2C)c3ccc(F)cc3)sc1C(=O)NC4CCOCC4,8.21
298,CHEMBL3681597,Cc1onc(c1COc2ccc(cn2)C(=O)NCCO)c3ccncn3,8.22
299,CHEMBL3681469,CC(C)NC(=O)c1ccc(NCc2c(C)onc2c3ccccc3)nc1,8.23
300,CHEMBL3681477,Cc1onc(c1CNc2ccc(cn2)C(=O)NCC(F)(F)F)c3ccc(F)cc3,8.23
301,CHEMBL3681451,Cc1onc(c1COc2ccc(cn2)C(=O)NCC(F)(F)F)c3ccncc3,8.23
302,CHEMBL3681620,CC(C)NC(=O)c1ccc(OCc2conc2c3ccc(Cl)cc3)nc1,8.25
303,CHEMBL3681591,Cc1onc(c1COc2ccc(cn2)C(=O)NC3CC3)c4ccncn4,8.25
304,CHEMBL3681455,Cc1onc(c1COc2ccc(cn2)C(=O)NC3CCOCC3)c4ccncc4,8.25
305,CHEMBL3681629,OCC(CO)NC(=O)c1ccc(OCc2conc2c3ccc(Cl)cc3)nc1,8.26
306,CHEMBL449393,CN1Cc2c(ncn2c3ccc(cc3C1=O)C#C)C(=O)OCCCCCOC(=O)c4ncn5c4CN(C)C(=O)c6cc(ccc56)C#C,8.27
307,CHEMBL3681428,Cc1onc(c1COc2ccc(cn2)C(=O)N3CCOCC3)c4ccc(Cl)cc4,8.27
308,CHEMBL3676467,COCCCNC(=O)c1ccc(OCc2c(C)onc2c3ccccc3)nc1,8.28
309,CHEMBL3681559,Cc1onc(c1COc2ccc(cn2)C(=O)NC3CCOCC3)c4cccc(F)c4F,8.28
310,CHEMBL3681541,Cc1onc(c1COc2ccc(cn2)C(=O)Nc3ccn(C)n3)c4ccccc4,8.29
311,CHEMBL3676491,CCN1CCCC(C1)NC(=O)c2ccc(OCc3c(C)onc3c4ccccc4)nc2,8.3
312,CHEMBL461716,CCOC(=O)c1ncn2c1N(C)C(=O)c3cc(ccc23)C#C[Si](C)(C)C,8.3
313,CHEMBL3144739,COc1ccc(cc1)N2Nc3c(cnc4ccccc34)C2=O,8.3
314,CHEMBL3681493,Cc1onc(c1COc2ccc(cn2)C(=O)N3CC(O)C3)c4ccccc4,8.3
315,CHEMBL3681510,Cc1onc(c1COc2ccc(cn2)C(=O)N[C@@H]3CCC[C@@H]3O)c4ccccc4,8.3
316,CHEMBL3676485,Cc1onc(c1COc2ccc(cn2)C(=O)NC3CCS(=O)(=O)CC3)c4ccccc4,8.31
317,CHEMBL3681595,CNC(=O)c1ccc(OCc2c(C)onc2c3ccncn3)nc1,8.32
318,CHEMBL3681503,Cc1onc(c1COc2ccc(cn2)C(=O)N[C@@H]3CCCC[C@@H]3O)c4ccccc4,8.32
319,CHEMBL3681431,CC(C)NC(=O)c1ccc(OCc2c(C)onc2c3ccc(F)c(F)c3)nc1,8.33
320,CHEMBL3676533,CC(C)OC(=O)c1ccc(OCc2c(C)onc2c3ccccc3)nc1,8.33
321,CHEMBL3681419,Cc1onc(c1COc2ccc(cn2)C(=O)N3CCS(=O)(=O)CC3)c4ccc(F)cc4,8.33
322,CHEMBL73416,CCCC(=O)N(C)Cc1c(nc2ccccn12)c3ccc(Cl)cc3,8.34
323,CHEMBL3676537,Cc1onc(c1COc2ccc(cn2)C(=O)NC3CCOCC3)c4ccccc4F,8.34
324,CHEMBL3676527,Cc1onc(c1COc2ccc(cn2)C(=O)NCC3CCOC3)c4ccccc4,8.34
325,CHEMBL3676474,Cc1onc(c1COc2ccc(cn2)C(=O)NCc3ccccn3)c4ccccc4,8.34
326,CHEMBL3681454,CC(C)NC(=O)c1ccc(OCc2c(C)onc2c3ccncc3)nc1,8.35
327,CHEMBL3681421,COC(=O)c1ccc(OCc2c(C)onc2c3ccc(Cl)cc3)nc1,8.35
328,CHEMBL3639803,Cc1onc(c1COc2ccc(cn2)C(=O)NC3CCS(=O)(=O)C3)c4ccccc4,8.35
329,CHEMBL3681516,Cc1onc(c1COc2ccc(cn2)C(=O)NC3CN(C3)C(=O)OC(C)(C)C)c4ccccc4,8.35
330,CHEMBL3676534,Cc1onc(c1COc2ccc(cn2)C(=O)NCC(F)(F)F)c3ccccc3F,8.35
331,CHEMBL3676462,Cc1onc(c1COc2ccc(cn2)C(=O)NCCF)c3ccccc3,8.36
332,CHEMBL3681504,Cc1onc(c1COc2ccc(cn2)C(=O)N[C@H]3CCCC[C@H]3O)c4ccccc4,8.36
333,CHEMBL3676460,CNC(=O)c1ccc(OCc2c(C)onc2c3ccccc3)nc1,8.37
334,CHEMBL3681631,C[C@@H](CO)NC(=O)c1ccc(OCc2conc2c3ccc(Cl)cc3)nc1,8.37
335,CHEMBL3681563,Cc1onc(c1COc2ccc(cn2)C(=O)NC3CCOCC3)c4cc(F)ccc4F,8.37
336,CHEMBL3681514,Cc1onc(c1COc2ccc(cn2)C(=O)NCCN3CCNC3=O)c4ccccc4,8.37
337,CHEMBL3681579,Cc1onc(c1COc2ccc(cn2)C(=O)N3CCOCC3)c4ccc(F)cn4,8.39
338,CHEMBL3681551,Cc1onc(c1COc2ccc(cn2)C(=O)NC(C)(C)CO)c3ccc(Cl)cc3,8.39
339,CHEMBL3681452,Cc1onc(c1COc2ccc(cn2)C(=O)NCC3CC3)c4ccncc4,8.39
340,CHEMBL3681521,Cc1onc(c1COc2ccc(cn2)C(=O)NCCCCCO)c3ccccc3,8.39
341,CHEMBL3681505,CC(=O)NCCNC(=O)c1ccc(OCc2c(C)onc2c3ccccc3)nc1,8.4
342,CHEMBL518197,CCOC(=O)c1ncn2c1C3CCCN3C(=O)c4cc(ccc24)C#C[Si](C)(C)C,8.4
343,CHEMBL3676432,Cc1onc(C2CCCCN2)c1COc3ccc(cn3)C(=O)NC(C)(C)CO,8.4
344,CHEMBL3676481,Cc1onc(c1COc2ccc(cn2)C(=O)NC3CCCC3)c4ccccc4,8.41
345,CHEMBL3681500,Cc1onc(c1COc2ccc(cn2)C(=O)NC3CCCC3O)c4ccccc4,8.41
346,CHEMBL3676550,Cc1onc(c1COc2ccc(cn2)C(=O)NC3CCOCC3)c4cccc(Cl)c4,8.41
347,CHEMBL3676468,Cc1onc(c1COc2ccc(cn2)C(=O)NCC3CC3)c4ccccc4,8.41
348,CHEMBL6597,CCOC(=O)c1ncn2c1CN(C)C(=O)c3cc(ccc23)N=[N+]=[N-],8.42
349,CHEMBL3681568,COC(=O)c1ccc(OCc2c(C)onc2c3ccccn3)nc1,8.42
350,CHEMBL3681581,Cc1onc(c1COc2ccc(cn2)C(=O)O)c3ccc(Cl)cn3,8.42
351,CHEMBL3681479,CC(C)NC(=O)c1ccc(NCc2c(C)onc2c3ccc(F)cc3)nc1,8.43
352,CHEMBL3676536,CC(C)NC(=O)c1ccc(OCc2c(C)onc2c3ccccc3F)nc1,8.44
353,CHEMBL3681536,Cc1onc(c1COc2ccc(cn2)C(=O)NC3(C)CC3)c4ccccc4,8.44
354,CHEMBL3681565,Cc1onc(c1COc2ccc(cn2)C(=O)NCC(C)(C)CO)c3ccc(F)c(F)c3,8.48
355,CHEMBL3681542,Cc1onc(c1COc2ccc(cn2)c3onc(C)n3)c4ccccc4,8.48
356,CHEMBL3681546,Cc1cccc(c1)c2noc(C)c2COc3ccc(cn3)C(=O)NC4CCOCC4,8.5
357,CHEMBL3676539,Cc1onc(c1COc2ccc(cn2)C(=O)NCC3CC3)c4cccc(F)c4,8.5
358,CHEMBL3681547,CC(C)NC(=O)c1ccc(OCc2c(C)onc2c3cccc(C)c3)nc1,8.51
359,CHEMBL3681594,CCNC(=O)c1ccc(OCc2c(C)onc2c3ccncn3)nc1,8.51
360,CHEMBL3676454,Cc1cccc(OCc2c(C)onc2c3ccccc3)n1,8.51
361,CHEMBL3681590,CC(C)NC(=O)c1ccc(OCc2c(C)onc2c3ccncn3)nc1,8.52
362,CHEMBL3676538,Cc1onc(c1COc2ccc(cn2)C(=O)NCC(F)(F)F)c3cccc(F)c3,8.52
363,CHEMBL3676519,CC(C)NC(=O)c1cnc(OCc2c(C)onc2c3ccccc3)c(C)c1,8.53
364,CHEMBL3676461,CCNC(=O)c1ccc(OCc2c(C)onc2c3ccccc3)nc1,8.54
365,CHEMBL3676451,Cc1onc(c1CNc2ccc(cn2)C(=O)N3CCS(=O)(=O)CC3)c4ccc(Cl)cc4,8.54
366,CHEMBL3681540,Cc1onc(c1COc2ccc(cn2)C(=O)NC3(CC3)C#N)c4ccccc4,8.54
367,CHEMBL3681494,Cc1onc(c1COc2ccc(cn2)C(=O)NC3CCCCC3O)c4ccccc4,8.54
368,CHEMBL3676480,Cc1onc(c1COc2ccc(cn2)C(=O)NC3CCC3)c4ccccc4,8.55
369,CHEMBL3676473,Cc1onc(c1COc2ccc(cn2)C(=O)NCc3nc(cs3)C#N)c4ccccc4,8.55
370,CHEMBL3676479,Cc1onc(c1COc2ccc(cn2)C(=O)NC3CC3)c4ccccc4,8.57
371,CHEMBL3681430,Cc1onc(c1COc2ccc(cn2)C(=O)NCC(F)(F)F)c3ccc(F)c(F)c3,8.57
372,CHEMBL3681511,Cc1onc(c1COc2ccc(cn2)C(=O)N[C@H]3CCC[C@H]3O)c4ccccc4,8.57
373,CHEMBL471977,CN1CC2N(CN=C2C(=O)OC(C)(C)C)c3ccc(cc3C1=O)C#C[Si](C)(C)C,8.58
374,CHEMBL130416,CCOC(=O)c1ncn2c3ccc(cc3C(=O)N4CC[C@H]4c12)C#C[Si](C)(C)C,8.59
375,CHEMBL3675681,Cc1nnn(c1\C=C\c2nc(C)c(s2)C(=O)NC3CCOCC3)c4ccc(F)cc4,8.59
376,CHEMBL3681524,Cc1onc(c1COc2ccc(cn2)C(=O)NC3CC(C3)OCc4ccccc4)c5ccccc5,8.59
377,CHEMBL3681520,Cc1onc(c1COc2ccc(cn2)C(=O)NCCCCO)c3ccccc3,8.59
378,CHEMBL3676465,Cc1onc(c1COc2ccc(cn2)C(=O)NCCO)c3ccccc3,8.59
379,CHEMBL3676466,CC(O)CNC(=O)c1ccc(OCc2c(C)onc2c3ccccc3)nc1,8.6
380,CHEMBL3681560,CC(C)NC(=O)c1ccc(OCc2c(C)onc2c3ccc(F)cc3F)nc1,8.62
381,CHEMBL3681432,Cc1onc(c1COc2ccc(cn2)C(=O)NC3CCOCC3)c4ccc(F)c(F)c4,8.62
382,CHEMBL3676540,CC(C)NC(=O)c1ccc(OCc2c(C)onc2c3cccc(F)c3)nc1,8.64
383,CHEMBL3681515,CC(O)CCNC(=O)c1ccc(OCc2c(C)onc2c3ccccc3)nc1,8.64
384,CHEMBL3681509,CC[C@H](CO)NC(=O)c1ccc(OCc2c(C)onc2c3ccccc3)nc1,8.64
385,CHEMBL3681561,Cc1onc(c1COc2ccc(cn2)C(=O)NC3CCOCC3)c4ccc(F)cc4F,8.64
386,CHEMBL3681495,Cc1onc(c1COc2ccc(cn2)C(=O)NCC(C)(C)O)c3ccccc3,8.64
387,CHEMBL3681488,Cc1onc(c1COc2ccc(cn2)C(=O)NCC(O)C(F)(F)F)c3ccccc3,8.64
388,CHEMBL373250,Cn1ncnc1COc2nn3c(nnc3cc2C(C)(C)C)c4cc(F)ccc4F,8.64
389,CHEMBL3676464,Cc1onc(c1COc2ccc(cn2)C(=O)NCC(F)(F)F)c3ccccc3,8.66
390,CHEMBL3681519,Cc1onc(c1COc2ccc(cn2)C(=O)NCCCO)c3ccccc3,8.66
391,CHEMBL3676483,Cc1onc(c1COc2ccc(cn2)C(=O)NC3CCOCC3)c4ccccc4,8.68
392,CHEMBL3681423,Cc1onc(c1COc2ccc(cn2)C(=O)NCC(F)(F)F)c3ccc(Cl)cc3,8.68
393,CHEMBL3681496,Cc1onc(c1COc2ccc(cn2)C(=O)NCC3(O)CC3)c4ccccc4,8.68
394,CHEMBL3681577,COC(=O)c1ccc(OCc2c(C)onc2c3ccc(F)cn3)nc1,8.7
395,CHEMBL3676463,Cc1onc(c1COc2ccc(cn2)C(=O)NCC(F)F)c3ccccc3,8.7
396,CHEMBL3681518,Cc1onc(c1COc2ccc(cn2)C(=O)NCC(O)CO)c3ccccc3,8.7
397,CHEMBL3681512,Cc1onc(c1COc2ccc(cn2)C(=O)N[C@H]3CCC[C@@H]3O)c4ccccc4,8.7
398,CHEMBL3681532,C[C@H](NC(=O)c1ccc(OCc2c(C)onc2c3ccccc3)nc1)C(F)(F)F,8.72
399,CHEMBL3681506,CC(C)[C@@H](CO)NC(=O)c1ccc(OCc2c(C)onc2c3ccccc3)nc1,8.75
400,CHEMBL3681497,C[C@H](CO)NC(=O)c1ccc(OCc2c(C)onc2c3ccccc3)nc1,8.77
401,CHEMBL3681501,Cc1onc(c1COc2ccc(cn2)C(=O)NC(CO)CO)c3ccccc3,8.77
402,CHEMBL3676542,Cc1onc(c1COc2ccc(cn2)C(=O)NC3CCOCC3)c4cccc(F)c4,8.77
403,CHEMBL471978,CCOC(=O)c1ncn2c1N(C)C(=O)c3cc(ccc23)C#C,8.78
404,CHEMBL3681580,COC(=O)c1ccc(OCc2c(C)onc2c3ccc(Cl)cn3)nc1,8.8
405,CHEMBL3681574,Cc1onc(c1COc2ccc(cn2)C(=O)NC3CC3)c4ccccn4,8.8
406,CHEMBL3681513,Cc1onc(c1COc2ccc(cn2)C(=O)N[C@@H]3CCC[C@H]3O)c4ccccc4,8.8
407,CHEMBL3681502,Cc1onc(c1COc2ccc(cn2)C(=O)N[C@H]3CCOC3)c4ccccc4,8.8
408,CHEMBL454865,CCOC(=O)C1=NCN2C1CN(C)C(=O)c3cc(CC)ccc23,8.82
409,CHEMBL3676555,Cc1onc(c1COc2ccc(cn2)C(=O)NCC3CC3)c4ccc(F)cc4,8.82
410,CHEMBL3681573,Cc1onc(c1COc2ccc(cn2)C(=O)NCC3CC3)c4ccccn4,8.82
411,CHEMBL363211,Cc1onc(c1)c2nncc3c(c(OCc4ncnn4C)nn23)C(C)(C)C,8.85
412,CHEMBL3681529,Cc1onc(c1COc2ccc(cn2)C(=O)NC3(C)COC3)c4ccccc4,8.85
413,CHEMBL3676516,Cc1onc(c1COc2ncc(cc2C)C(=O)NC3CCOCC3)c4ccccc4,8.85
414,CHEMBL3676478,CC(C)NC(=O)c1ccc(OCc2c(C)onc2c3ccccc3)nc1,8.89
415,CHEMBL3676430,CNC(=O)c1ccc(OCc2c(C)onc2C3CCCCN3)nc1,8.89
416,CHEMBL3681555,C[C@H](NC(=O)c1ccc(OCc2c(C)onc2c3ccc(Cl)cc3)nc1)C(F)(F)F,8.89
417,CHEMBL3681424,Cc1onc(c1COc2ccc(cn2)C(=O)NCC3CC3)c4ccc(Cl)cc4,8.89
418,CHEMBL3676438,Cc1onc(C2CCC(F)CN2)c1COc3ccc(cn3)C(=O)NC(C)(C)CO,8.92
419,CHEMBL3676447,Cc1onc(C2CNCC(F)C2)c1COc3ccc(cn3)C(=O)N4CCS(=O)(=O)CC4,8.92
420,CHEMBL3676554,Cc1onc(c1COc2ccc(cn2)C(=O)NCC(F)(F)F)c3ccc(F)cc3,8.92
421,CHEMBL3676431,CCNC(=O)c1ccc(OCc2c(C)onc2C3CCCCN3)nc1,8.96
422,CHEMBL3676434,COCCNC(=O)c1ccc(OCc2c(C)onc2C3CCCCN3)nc1,8.96
423,CHEMBL3681426,Cc1onc(c1COc2ccc(cn2)C(=O)NC3CC3)c4ccc(Cl)cc4,8.96
424,CHEMBL3681415,Cc1onc(c1COc2ccc(cn2)C(=O)NC3CC3)c4ccc(F)cc4,8.96
425,CHEMBL3681569,Cc1onc(c1COc2ccc(cn2)C(=O)NC3CCOCC3)c4ccccn4,8.96
426,CHEMBL3681572,Cc1onc(c1COc2ccc(cn2)C(=O)NCC(F)(F)F)c3ccccn3,8.96
427,CHEMBL3681534,Cc1onc(c1COc2ccc(cn2)C(=O)Nc3cnn(C)c3)c4ccccc4,8.96
428,CHEMBL3681543,Cc1onc(c1COc2ccc(cn2)c3nnc(C)[nH]3)c4ccccc4,8.96
429,CHEMBL3681549,CC(C)NC(=O)c1ccc(OCc2c(C)onc2c3ccc(C)cc3)nc1,9.0
430,CHEMBL3681492,CC(CO)NC(=O)c1ccc(OCc2c(C)onc2c3ccccc3)nc1,9.0
431,CHEMBL85861,CCOC(=O)c1[nH]cc2nc3cc(OC)c(OC)cc3c2c1CC,9.0
432,CHEMBL3681548,Cc1ccc(cc1)c2noc(C)c2COc3ccc(cn3)C(=O)NC4CCOCC4,9.05
433,CHEMBL415290,CCOC(=O)c1ncn2c1CN(C)C(=O)c3cc(Cl)ccc23,9.07
434,CHEMBL3681550,CC(C)NC(=O)c1ccc(OCc2c(C)onc2c3ccc(C)cc3F)nc1,9.1
435,CHEMBL3681553,C[C@H](CO)NC(=O)c1ccc(OCc2c(C)onc2c3ccc(Cl)cc3)nc1,9.1
436,CHEMBL3681427,Cc1onc(c1COc2ccc(cn2)C(=O)NC3CCOCC3)c4ccc(Cl)cc4,9.1
437,CHEMBL3681416,Cc1onc(c1COc2ccc(cn2)C(=O)NC3CCOCC3)c4ccc(F)cc4,9.1
438,CHEMBL3681552,Cc1onc(c1COc2ccc(cn2)C(=O)Nc3cnn(C)c3)c4ccc(Cl)cc4,9.1
439,CHEMBL3681425,CC(C)NC(=O)c1ccc(OCc2c(C)onc2c3ccc(Cl)cc3)nc1,9.16
440,CHEMBL3676556,CC(C)NC(=O)c1ccc(OCc2c(C)onc2c3ccc(F)cc3)nc1,9.16
441,CHEMBL3681508,CC[C@@H](CO)NC(=O)c1ccc(OCc2c(C)onc2c3ccccc3)nc1,9.16
442,CHEMBL3681498,C[C@@H](CO)NC(=O)c1ccc(OCc2c(C)onc2c3ccccc3)nc1,9.16
443,CHEMBL3681556,Cc1onc(c1COc2ccc(cn2)C(=O)N[C@@H]3CCC[C@H]3O)c4ccc(Cl)cc4,9.16
444,CHEMBL458147,CN1C(=O)c2cc(Cl)ccc2n3cnc(C(=O)OC(C)(C)C)c13,9.19
445,CHEMBL3681570,CC(C)NC(=O)c1ccc(OCc2c(C)onc2c3ccccn3)nc1,9.22
446,CHEMBL3681531,CC(NC(=O)c1ccc(OCc2c(C)onc2c3ccccc3)nc1)C(F)(F)F,9.22
447,CHEMBL3676437,Cc1onc(C2CCC(F)CN2)c1COc3ccc(cn3)C(=O)NC4CC4,9.22
448,CHEMBL3676448,Cc1onc(C2CNCC(Cl)C2)c1COc3ccc(cn3)C(=O)N4CCS(=O)(=O)CC4,9.22
449,CHEMBL3681582,Cc1onc(c1COC(O)C(C)(C)c2ccc(cn2)C(=O)N)c3ccc(Cl)cn3,9.22
450,CHEMBL3681584,Cc1onc(c1COCc2ccc(cn2)C(=O)N)c3ccc(F)cn3,9.22
451,CHEMBL3639804,Cc1onc(c1COc2ccc(cn2)C(=O)N3CCOCC3)c4ccc(Cl)cn4,9.22
452,CHEMBL3676423,CCNC(=O)c1ccc(OCc2c(C)onc2c3ccc(F)cn3)nc1,9.3
453,CHEMBL3681554,C[C@@H](CO)NC(=O)c1ccc(OCc2c(C)onc2c3ccc(Cl)cc3)nc1,9.3
454,CHEMBL3681583,C[C@H](NC(=O)c1ccc(OCc2c(C)onc2c3ccc(F)cn3)nc1)C(F)(F)F,9.3
455,CHEMBL3676433,Cc1onc(C2CCCCN2)c1COc3ccc(cn3)C(=O)NCCO,9.3
456,CHEMBL3681557,Cc1onc(c1COc2ccc(cn2)C(=O)N[C@H]3CCC[C@@H]3O)c4ccc(Cl)cc4,9.3
457,CHEMBL286594,CCOC(=O)c1ncn2c1CN(C)C(=O)c3cc(ccc23)C#C,9.31
458,CHEMBL52030,CCOC(=O)c1ncn2c1[C@@H]3CCCN3C(=O)c4cc(OC)ccc24,9.35
459,CHEMBL3681567,CC(C)NC(=O)c1ccc(OCc2c(C)onc2c3ccc(Cl)cc3F)nc1,9.4
460,CHEMBL3676435,Cc1onc(C2CCC(F)CN2)c1COc3ccc(cn3)C(=O)NC4CCOCC4,9.4
461,CHEMBL3639753,Cc1onc(C2CCC(F)CN2)c1COc3ccc(cn3)C(=O)NCC4CC4,9.4
462,CHEMBL3681587,Cc1onc(c1COc2ccc(cn2)C(=O)N3CCSCC3)c4ccc(Cl)cn4,9.4
463,CHEMBL3676422,Cc1onc(c1COc2ccc(cn2)C(=O)NCCO)c3ccc(F)cn3,9.4
464,CHEMBL3676436,CC(C)NC(=O)c1ccc(OCc2c(C)onc2C3CCC(F)CN3)nc1,9.52
465,CHEMBL3676425,CC(C)NC(=O)c1ccc(OCc2c(C)onc2c3ccc(Cl)cn3)nc1,9.52
466,CHEMBL3681585,Cc1onc(c1COC(C2CC2)c3ccc(cn3)C(=O)N)c4ccc(Cl)cn4,9.52
467,CHEMBL3676426,Cc1onc(c1COc2ccc(cn2)C(=O)NC3CC3)c4ccc(Cl)cn4,9.52
468,CHEMBL3676424,Cc1onc(c1COc2ccc(cn2)C(=O)NC3CCOCC3)c4ccc(Cl)cn4,9.52
469,CHEMBL3676421,Cc1onc(c1COc2ccc(cn2)C(=O)NCC(F)(F)F)c3ccc(F)cn3,9.52
470,CHEMBL3681586,Cc1onc(c1COC(c2ccc(cn2)C(=O)N)C(F)(F)F)c3ccc(Cl)cn3,9.7
471,CHEMBL3681588,Cc1onc(c1COC(O)Cc2ccc(cn2)C(=O)N)c3ccc(Cl)cn3,10.0
