,molecule_chembl_id,canonical_smiles,pchembl_value
0,dronabinol,[H][C@@]12C=C(C)CC[C@@]1([H])C(C)(C)OC1=CC(CCCCC)=CC(O)=C21,6.0
1,CHEMBL373969,CC1=C2[C@H](C[C@]34[C@H]5C[C@@H](C(C)(C)C)[C@]36[C@@H](OC(=O)[C@@H]6O)O[C@]24OC5=O)OC1=O,5.0
2,CHEMBL221821,C[C@@H]1C(=O)O[C@H]2[C@H](O)[C@@]34O[C@@H]5OC(=O)[C@H](O)[C@@]56[C@@H]([C@H](O)C(OC3=O)[C@@]46[C@@]12O)C(C)(C)C,5.09
3,CHEMBL221823,CO[C@H]1C(=O)O[C@H]2O[C@@]34OC(=O)[C@@H]5[C@H](O)[C@@H](C(C)(C)C)[C@]12[C@]35[C@@H](O)[C@@H]6OC(=O)[C@@H](C)[C@]46O,5.1
4,CHEMBL426556,C[C@@H]1C(=O)O[C@H]2[C@H](O)[C@@]34[C@H]5[C@@H](F)[C@@H](C(C)(C)C)[C@]36[C@@H](OC(=O)[C@@H]6O)O[C@]4(OC5=O)[C@@]12O,5.3
5,CHEMBL514432,C[C@@H]1C(=O)O[C@H]2[C@H](O)[C@@]34[C@H]5C[C@@H](C(C)(C)C)[C@]36[C@@H](OC(=O)[C@@H]6O)O[C@@]4(C(=O)O5)[C@@]12O,5.4
6,CHEMBL465161,C[C@@H]1C(=O)O[C@H]2C[C@@]34[C@H]5C[C@@H](C(C)(C)C)[C@]36[C@@H](OC(=O)[C@@H]6O)O[C@@]4(C(=O)O5)[C@@]12O,5.68
7,CHEMBL2113267,C[C@H]1[C@H]2[C@@H](OC1=O)[C@H](O)[C@]34C5OC(=O)[C@]23OC6OC(=O)[C@H](O)C46[C@@H]([C@H]5O)C(C)(C)C,5.89
