,molecule_chembl_id,canonical_smiles,pchembl_value
0,desflurane,FC(F)OC(F)C(F)(F)F,
1,sevoflurane,FCOC(C(F)(F)F)C(F)(F)F,
2,methoxyflurane,COC(F)(F)C(Cl)Cl,
3,isoflurane,FC(F)OC(Cl)C(F)(F)F,
4,halothane,FC(F)(F)C(Cl)Br,
5,enflurane,FC(F)OC(F)(F)C(F)Cl,
6,CHEMBL221823,CO[C@H]1C(=O)O[C@H]2O[C@@]34OC(=O)[C@@H]5[C@H](O)[C@@H](C(C)(C)C)[C@]12[C@]35[C@@H](O)[C@@H]6OC(=O)[C@@H](C)[C@]46O,5.0
7,CHEMBL388075,C[C@@H]1C(=O)OC2[C@@H]3OCO[C@H]4C(=O)OC5OC6(C(=O)OC7C[C@@H](C(C)(C)C)C45[C@]367)[C@@]12O,5.05
8,CHEMBL2398352,CN1C(=O)NC(=O)/C/1=C\c2c[nH]c3ccccc23,5.06
9,CHEMBL374004,C[C@@H]1C(=O)O[C@H]2C[C@@]34O[C@@H]5OC(=O)[C@H](O)[C@@]56[C@@H]([C@H](O)C(OC3=O)[C@@]46[C@@]12O)C(C)(C)C,5.1
10,CHEMBL221715,C[C@@H]1C(=O)O[C@H]2[C@H](O)[C@@]34[C@H]5[C@@H](Cl)[C@@H](C(C)(C)C)[C@]36[C@@H](OC(=O)[C@@H]6O)O[C@]4(OC5=O)[C@@]12O,5.1
11,CHEMBL426556,C[C@@H]1C(=O)O[C@H]2[C@H](O)[C@@]34[C@H]5[C@@H](F)[C@@H](C(C)(C)C)[C@]36[C@@H](OC(=O)[C@@H]6O)O[C@]4(OC5=O)[C@@]12O,5.1
12,CHEMBL376289,C[C@@H]1C(=O)O[C@H]2[C@H](O)[C@@]34[C@H]5[C@@H](N=[N+]=[N-])[C@@H](C(C)(C)C)[C@]36[C@@H](OC(=O)[C@@H]6O)O[C@]4(OC5=O)[C@@]12O,5.1
13,CHEMBL373969,CC1=C2[C@H](C[C@]34[C@H]5C[C@@H](C(C)(C)C)[C@]36[C@@H](OC(=O)[C@@H]6O)O[C@]24OC5=O)OC1=O,5.2
14,CHEMBL221821,C[C@@H]1C(=O)O[C@H]2[C@H](O)[C@@]34O[C@@H]5OC(=O)[C@H](O)[C@@]56[C@@H]([C@H](O)C(OC3=O)[C@@]46[C@@]12O)C(C)(C)C,5.23
15,astemizole,COc1ccc(CCN2CCC(CC2)Nc3nc4ccccc4n3Cc5ccc(F)cc5)cc1,5.38
16,CHEMBL465161,C[C@@H]1C(=O)O[C@H]2C[C@@]34[C@H]5C[C@@H](C(C)(C)C)[C@]36[C@@H](OC(=O)[C@@H]6O)O[C@@]4(C(=O)O5)[C@@]12O,5.42
17,telmisartan,CCCC1=NC2=C(C=C(C=C2C)C2=NC3=C(C=CC=C3)N2C)N1CC1=CC=C(C=C1)C1=C(C=CC=C1)C(O)=O,5.5
18,CHEMBL514432,C[C@@H]1C(=O)O[C@H]2[C@H](O)[C@@]34[C@H]5C[C@@H](C(C)(C)C)[C@]36[C@@H](OC(=O)[C@@H]6O)O[C@@]4(C(=O)O5)[C@@]12O,5.5
19,CHEMBL416956,OC(C1CCCCN1)c2cc(nc3c(cccc23)C(F)(F)F)C(F)(F)F,5.6
20,regorafenib,CNC(=O)C1=CC(OC2=CC(F)=C(NC(=O)NC3=CC(=C(Cl)C=C3)C(F)(F)F)C=C2)=CC=N1,5.75
21,pimozide,Fc1ccc(cc1)C(CCCN2CCC(CC2)N3C(=O)Nc4ccccc34)c5ccc(F)cc5,5.77
22,dronabinol,[H][C@@]12C=C(C)CC[C@@]1([H])C(C)(C)OC1=CC(CCCCC)=CC(O)=C21,5.89
23,adapalene,COC1=CC=C(C=C1C12CC3CC(CC(C3)C1)C2)C1=CC=C2C=C(C=CC2=C1)C(O)=O,5.89
24,CHEMBL46516,Fc1ccc(cc1)C(CCCN2CCC3(CC2)N(CNC3=O)c4ccccc4)c5ccc(F)cc5,5.92
25,CHEMBL2113267,C[C@H]1[C@H]2[C@@H](OC1=O)[C@H](O)[C@]34C5OC(=O)[C@]23OC6OC(=O)[C@H](O)C46[C@@H]([C@H]5O)C(C)(C)C,6.1
26,CHEMBL1042,CC(C)CCC[C@@H](C)[C@H]1CC[C@H]2\C(=C\C=C/3\C[C@@H](O)CCC3=C)\CCC[C@]12C,6.4
27,sulindac,C[S+]([O-])c1ccc(\C=C/2\C(=C(CC(=O)O)c3cc(F)ccc23)C)cc1,6.42
28,CHEMBL1200969,C[C@]12CC[C@H]3[C@@H](CC[C@H]4NC(=O)C=C[C@]34C)[C@@H]1CC[C@@H]2C(=O)Nc5cc(ccc5C(F)(F)F)C(F)(F)F,6.48
29,risperidone,CC1=C(CCN2CCC(CC2)c3noc4cc(F)ccc34)C(=O)N5CCCCC5=N1,6.5
30,CHEMBL1201284,C[C@@H](NCCCc1cccc(c1)C(F)(F)F)c2cccc3ccccc23,6.5
