,molecule_chembl_id,canonical_smiles,pchembl_value
0,topiramate,[H][C@@]12CO[C@@]3(COS(N)(=O)=O)OC(C)(C)O[C@@]3([H])[C@]1([H])OC(C)(C)O2,
1,perampanel,O=C1N(C=C(C=C1C1=C(C=CC=C1)C#N)C1=CC=CC=N1)C1=CC=CC=C1,5.19
2,ketamine,CNC1(CCCCC1=O)C1=C(Cl)C=CC=C1,
3,CHEMBL193087,CC(C)n1nnc(n1)c2onc(O)c2CC(N)C(=O)O,5.0
4,cyclothiazide,NS(=O)(=O)C1=CC2=C(NC(NS2(=O)=O)C2CC3CC2C=C3)C=C1Cl,5.0
5,CHEMBL3823817,C[C@@H](c1ccc2NC(=O)Sc2c1)c3ccn(n3)c4ccc(CCC(C)(C)O)cn4,5.03
6,CHEMBL3822825,C[C@@H](c1ccc2NC(=O)Sc2c1)c3ccn(n3)c4ccccn4,5.03
7,CHEMBL3824269,C[C@H](c1ccc2NC(=O)Sc2c1)c3ccn(n3)c4ccc(CCO)cn4,5.03
8,CHEMBL3824102,C[C@H](c1ccc2NC(=O)Sc2c1)c3ccn(n3)c4ccc(OCCO)cn4,5.03
9,CHEMBL3823247,C[C@H](c1ccc2NC(=O)Sc2c1)c3ccn(n3)c4ccccn4,5.03
10,CHEMBL14935,OC(=O)[C@@H]1C[C@H]2C[C@@H](CCc3nnn[nH]3)CC[C@H]2CN1,5.04
11,CHEMBL154184,CCCC(=O)NC(Cc1ccc(O)cc1)C(O)NCCCNCCCCCCCCN,5.09
12,CHEMBL147182,CCCC(=O)NC(Cc1ccc(O)cc1)C(=O)NCCCCCCCCNCCCN,5.1
13,CHEMBL275040,CC(=C)[C@H]1CN[C@@H]([C@H]1CC(=O)O)C(=O)O,5.13
14,CHEMBL434273,CCCC(=O)NC(Cc1ccc(O)cc1)C(=O)NCCCCCCCCCNCCN,5.21
15,CHEMBL1097939,CC(C)S(=O)(=O)NCC(C)C1CCC(CC1)c2ccc(cc2)C#N,5.25
16,CHEMBL435582,CC(C)S(=O)(=O)NCC(C)c1ccc(cc1)c2ccc(cc2)C#N,5.25
17,CHEMBL29024,CC(C)(C)c1snc(O)c1C[C@H](N)C(=O)O,5.28
18,CHEMBL372643,CCCn1nnc(n1)c2onc(O)c2CC(N)C(=O)O,5.29
19,CHEMBL28472,N[C@@H](CC1=CCCCc2onc(O)c12)C(=O)O,5.35
20,CHEMBL1098240,N[C@@H](CCCNC(=N)N)C(=O)NCCCNCCCNCCCCCNC(=O)[C@H](CC(=O)N)NC(=O)Cc1ccc(O)cc1O,5.47
21,CHEMBL422515,CCCC(=O)NC(Cc1ccc(O)cc1)C(=O)NCCCCCCCNCCCCN,5.52
22,CHEMBL3823441,CN(c1ccc(O)cc1)c2nc(cs2)c3ccccn3,5.53
23,CHEMBL1276246,CC(C)S(=O)(=O)NCCCCCCCNS(=O)(=O)C(C)C,5.54
24,CHEMBL222519,NS(=O)(=O)c1cccc2c3nc(O)c(O)nc3cc(c12)[N+](=O)[O-],5.8
25,CHEMBL575060,N[C@@H](CCC(=O)O)C(=O)O,5.87
26,CHEMBL51660,N[C@@H](CC(=C1CCCC1)C(=O)O)C(=O)O,5.96
27,CHEMBL152410,CCCCCC(=O)NC(Cc1ccc(O)cc1)C(=O)NCCCCCCCCNCCCN,6.0
28,CHEMBL1277094,CC(C)S(=O)(=O)NCCCCCCCCNS(=O)(=O)C(C)C,6.04
29,CHEMBL299180,CC(C)\C=C(/C[C@H](N)C(=O)O)\C(=O)O,6.16
30,CHEMBL1277095,CC(C)S(=O)(=O)NCCCCCCCCCNS(=O)(=O)C(C)C,6.18
31,CHEMBL152153,CCCC(=O)NC(Cc1ccc(O)cc1)C(=O)NCCCCCCNCCCCCN,6.33
32,CHEMBL122005,N[C@@H](CN1C=CC(=O)NC1=O)C(=O)O,6.41
33,CHEMBL3823956,CN(c1ccc2[nH]ncc2c1)c3ccn(n3)c4ccccn4,6.45
34,CHEMBL153996,NCCCNCCCCCCCCNC(=O)C(Cc1ccc(O)cc1)NC(=O)c2ccncc2,6.48
35,CHEMBL422161,CC(=O)NC(Cc1ccc(O)cc1)C(=O)NCCCCCCCCNCCCN,6.52
36,CHEMBL153017,CCCC(=O)NC(Cc1ccc(O)cc1)C(=O)NCCCCCNCCCCCCN,6.54
37,CHEMBL355977,CCC(=O)NC(Cc1ccc(O)cc1)C(=O)NCCCCCCCCNCCCN,6.55
38,CHEMBL121191,N[C@@H](CN1C=C(C(=O)NC1=O)[N+](=O)[O-])C(=O)O,6.55
39,CHEMBL154012,NCCCNCCCCCCCCNC(=O)C(Cc1ccc(O)cc1)NC(=O)CCc2ccccc2,6.6
40,CHEMBL350228,NCCCNCCCCCCCCNC(=O)C(Cc1ccc(O)cc1)NC(=O)Cc2ccccc2,6.6
41,CHEMBL352030,NCCCNCCCCCCCCNC(=O)C(Cc1ccc(O)cc1)NC(=O)c2ccccc2,6.6
42,CHEMBL120808,CC1=NN(C[C@H](N)C(=O)O)C(=O)NC1=O,6.62
43,CHEMBL153995,NCCCNCCCCCCCCNC(=O)C(Cc1ccc(O)cc1)NC(=O)C2CCCCC2,6.62
44,CHEMBL152425,NCCCNCCCCCCCCNC(=O)C(Cc1ccc(O)cc1)NC(=O)c2cccnc2,6.68
45,CHEMBL429594,N[C@@H](Cc1nsnc1O)C(=O)O,6.73
46,CHEMBL73698,NC(Cc1onc(O)c1Br)C(=O)O,6.77
47,CHEMBL152736,NCCCNCCCCCCCCNC(=O)C(Cc1ccc(O)cc1)NC(=O)\C=C\c2ccccc2,6.77
48,CHEMBL345521,NCCCNCCCCCCCCNC(=O)C(Cc1ccc(O)cc1)NC(=O)c2ccccn2,6.77
49,CHEMBL213645,CCCC(=O)N[C@@H](Cc1ccc(O)cc1)C(=O)NCCCCCCCNCCCCN,6.78
50,CHEMBL121915,N[C@@H](CN1C=C(I)C(=O)NC1=O)C(=O)O,6.79
51,CHEMBL122656,N[C@@H](CN1N=CC(=O)NC1=O)C(=O)O,6.79
52,CHEMBL402444,N[C@H](Cc1nsnc1O)C(=O)O,6.82
53,CHEMBL3823274,CN(c1ccc2[nH]ncc2c1)c3nc(cs3)c4ccccn4,6.83
54,CHEMBL370941,CCn1nnc(n1)c2onc(O)c2CC(N)C(=O)O,6.84
55,CHEMBL269192,CC(C)(C)C(=O)NC(Cc1ccc(O)cc1)C(=O)NCCCCCCCCNCCCN,6.85
56,CHEMBL152879,CCCC(=O)NC(Cc1ccc(O)cc1)C(=O)NCCCCNCCCCCCCN,6.87
57,CHEMBL72366,NC(Cc1onc(O)c1Cl)C(=O)O,6.89
58,CHEMBL3823222,CC(c1ccc2NC(=O)Sc2c1)c3ccn(n3)c4ccccn4,6.91
59,CHEMBL276815,Cc1onc(O)c1C[C@H](N)C(=O)O,6.99
60,CHEMBL333964,N[C@@H](CN1C=C(Br)C(=O)NC1=O)C(=O)O,7.04
61,CHEMBL121553,N[C@@H](CN1N=C(I)C(=O)NC1=O)C(=O)O,7.13
62,CHEMBL3823131,CN(c1ccc2NC(=O)Sc2c1)c3nc(cs3)c4ccccn4,7.16
63,CHEMBL3823394,C[C@@H](c1ccc2NC(=O)Sc2c1)c3ccn(n3)c4ccc(OCCO)cn4,7.19
64,CHEMBL121388,N[C@@H](CN1C=C(Cl)C(=O)NC1=O)C(=O)O,7.19
65,CHEMBL3823351,C[C@@H](c1ccc2NC(=O)Sc2c1)c3ccn(n3)c4ccc(CCO)cn4,7.21
66,CHEMBL3823445,C[C@@H](c1ccc2NC(=O)Sc2c1)c3ccn(n3)c4ccc(F)cn4,7.27
67,CHEMBL3822572,Cn1ccc(CN(c2ccc3[nH]ncc3c2)c4nc(cs4)c5ccccn5)n1,7.27
68,CHEMBL313747,NCCCNCCCCNCCC(=O)NCCCCCNC(=O)[C@H](CC(=O)N)NC(=O)Cc1ccc(O)cc1O,7.4
69,CHEMBL331644,N[C@@H](CN1N=C(Br)C(=O)NC1=O)C(=O)O,7.54
70,CHEMBL3823961,CCOCCN(c1ccc2NC(=O)Sc2c1)c3nc(cs3)c4ccccn4,7.66
71,CHEMBL13378,Cc1onc(O)c1CC(N)C(=O)O,7.66
72,CHEMBL123132,N[C@@H](CN1C=C(F)C(=O)NC1=O)C(=O)O,7.83
73,CHEMBL331696,N[C@@H](CN1N=C(Cl)C(=O)NC1=O)C(=O)O,8.15
74,CHEMBL370038,Cn1nnc(n1)c2onc(O)c2C[C@H](N)C(=O)O,8.28
3,CHEMBL27130,CC(C)(C)c1onc(O)c1C[C@H](N)C(=O)O,4.66
102,CHEMBL492469,N[C@@H](CN1C(=O)NC(=O)C2=C1CSC2)C(=O)O,4.73
103,CHEMBL492630,N[C@@H](CN1C(=O)NC(=O)c2sccc12)C(=O)O,5.39
109,CHEMBL1094977,NC(Cc1ccc(O)n[n+]1[O-])C(=O)O,6.59
111,CHEMBL61593,NS(=O)(=O)c1cc2c(NC(NS2(=O)=O)C3CC4CC3C=C4)cc1Cl,6.0
117,CHEMBL602962,Cc1onc(C(=O)O)c1C[C@H](N)C(=O)O,6.57
133,CHEMBL267450,CNC(=O)N1N=C(c2ccc(N)cc2)c3cc4OCOc4cc3CC1C,4.55
170,CHEMBL599662,O=C1N2CCCC2Oc3cc4OCCOc4cc13,4.68
181,CHEMBL1214124,O=C1N(C=C(C=C1c2ccccc2C#N)c3ccccn3)c4ccccc4,5.93
