,molecule_chembl_id,canonical_smiles,pchembl_value
0,topiramate,[H][C@@]12CO[C@@]3(COS(N)(=O)=O)OC(C)(C)O[C@@]3([H])[C@]1([H])OC(C)(C)O2,
1,perampanel,O=C1N(C=C(C=C1C1=C(C=CC=C1)C#N)C1=CC=CC=N1)C1=CC=CC=C1,
2,ketamine,CNC1(CCCCC1=O)C1=C(Cl)C=CC=C1,
3,CHEMBL1277272,CC(C)S(=O)(=O)NC1Cc2ccc(cc2C1)c3ccsc3,5.0
4,CHEMBL1649678,CC(C)S(=O)(=O)NCc1ccc(cc1)n2nc(c3CCCCc23)C(F)(F)F,5.0
5,CHEMBL1649680,FC(F)(F)c1nn(c2CCCCc12)c3ccc(CN4CCCS4(=O)=O)cc3,5.0
6,CHEMBL1649679,FC(F)(F)c1nn(c2CCCCc12)c3ccc(CNS(=O)(=O)C4CC4)cc3,5.0
7,CHEMBL1649659,FC(F)(F)c1nn(c2CCCCc12)c3ccc(cc3)C(=O)N4CCCC4,5.0
8,CHEMBL1649681,FC(F)(F)c1nn(c2CCOCc12)c3ccc(CN4CCCC4=O)cc3,5.0
9,CHEMBL3799325,CCN(CC1=CC(=O)N2C(=N1)SC(=C2C3CC3)C)c4ccc(F)cc4,5.01
10,CHEMBL103741,CCN1CNS(=O)(=O)c2ncccc12,5.01
11,CHEMBL3085838,Cl.OC(=O)[C@@H]1C[C@H]2C[C@H](CC[C@H]2CN1)Oc3cc(CCc4ccccc4)ccc3c5nnn[nH]5,5.02
12,CHEMBL3085837,Cl.OC(=O)[C@@H]1C[C@H]2C[C@H](CC[C@H]2CN1)Oc3cc(Cc4ccccc4)ccc3c5nnn[nH]5,5.02
13,CHEMBL3798757,CCN(CC1=CC(=O)N2C(=N1)SC(=C2C(=O)C)C)c3ccc(F)cc3,5.03
14,CHEMBL1094129,NC(Cc1nonc1O)C(=O)O,5.03
15,CHEMBL3799759,CCNC(=O)C1=C(C)SC2=NC(=CC(=O)N12)Cn3nc(cc3OCC)C(F)(F)F,5.04
16,CHEMBL3799213,FC(F)(F)C1=C([C@@H]2C[C@H]2C#N)N3C(=O)C=C(Cn4nc(cc4Cl)C(F)(F)F)N=C3S1,5.04
17,CHEMBL2440692,OC(=O)[C@@H]1C[C@H]2C[C@H](CC[C@H]2CN1)Sc3cccc(c3)C(=O)O,5.05
18,CHEMBL2440699,Cl.OC(=O)[C@@H]1C[C@H]2C[C@H](CC[C@H]2CN1)Oc3cc(ccc3C(=O)O)c4ccccc4,5.06
19,CHEMBL3798166,CCN(CC1=CC(=O)N2C(=N1)SC(=C2C3CCC3)C)c4ccc(F)cc4,5.07
20,CHEMBL189985,OC(=O)[C@@H]1C[C@H]2C[C@H](CC[C@H]2CN1)Oc3ccccc3c4nn[nH]n4,5.08
21,CHEMBL1214451,CC(C)S(=O)(=O)NC1Cc2ccc(cc2C1)c3ccc(Cl)cn3,5.1
22,CHEMBL1214203,CC(C)S(=O)(=O)NC1Cc2ccc(cc2C1)c3cccc(c3)S(=O)(=O)N(C)C,5.1
23,CHEMBL1290275,CCN1C[C@H](NS(=O)(=O)C(C)C)[C@H](C1)c2ccc(cc2)c3ccc(cc3)C#N,5.1
24,CHEMBL1649676,CS(=O)(=O)NCc1ccc(cc1)n2nc(c3CCCCc23)C(F)(F)F,5.1
25,CHEMBL1642167,CS(=O)(=O)N[C@H]1Cc2ccc(Cn3cc(CO)c(n3)C(F)(F)F)cc2C1,5.1
26,cyclothiazide,NS(=O)(=O)C1=CC2=C(NC(NS2(=O)=O)C2CC3CC2C=C3)C=C1Cl,5.12
27,CHEMBL462490,[O-][n+]1onc2cc3NC(=O)C(=O)Nc3cc12,5.12
28,CHEMBL3797274,CCN(CC1=CC(=O)N2N=C(C)SC2=N1)c3ccccc3,5.13
29,CHEMBL1214399,CC(C)S(=O)(=O)N[C@H]1Cc2ccc(cc2C1)c3ccc(F)nc3,5.19
30,CHEMBL3797897,CCNC(=O)C1=C(C)SC2=NC(=CC(=O)N12)Cn3nc(cc3C4CC4)C(F)(F)F,5.19
31,CHEMBL3088058,OC(=O)[C@@H]1C[C@H]2C[C@H](CC[C@H]2CN1)Nc3cccc(Cl)c3c4nnn[nH]4,5.19
32,CHEMBL1290059,CC(C)N1C[C@H](NS(=O)(=O)C(C)C)[C@H](C1)c2ccc(cc2)c3cccc(NS(=O)(=O)C)c3,5.2
33,CHEMBL1214448,CC(C)S(=O)(=O)NC1Cc2ccc(cc2C1)c3ccc(F)cn3,5.2
34,CHEMBL1214259,CC(C)S(=O)(=O)NC1Cc2ccc(cc2C1)c3cccc(CC(=O)C)c3,5.2
35,CHEMBL1290504,CC(C)S(=O)(=O)N[C@H]1CN(C)C[C@@H]1c2ccc(cc2)c3cccc(c3)C(=O)C,5.2
36,CHEMBL1290391,CC(C)S(=O)(=O)N[C@H]1CN(C[C@@H]1c2ccc(cc2)c3ccc(cc3)C#N)c4ccccc4,5.21
37,CHEMBL3088065,Cc1ccc(c(N[C@H]2CC[C@H]3CN[C@@H](C[C@H]3C2)C(=O)O)c1)c4nnn[nH]4,5.21
38,CHEMBL191249,OC(=O)[C@@H]1C[C@H]2C[C@H](CC[C@H]2CN1)Nc3ccccc3c4nn[nH]n4,5.22
39,CHEMBL411612,CCN1CNS(=O)(=O)c2cc(F)ccc12,5.25
40,CHEMBL3799832,CCN(CC1=CC(=O)N2C(=N1)SC(=C2C(C)O)C)c3ccc(F)cc3,5.26
41,CHEMBL3800265,CC1=C([C@@H]2C[C@H]2CO)N3C(=O)C=C(COc4ccc(F)cc4)N=C3S1,5.27
42,CHEMBL3088062,Cl.Cc1ccc(c(O[C@H]2CC[C@H]3CN[C@@H](C[C@H]3C2)C(=O)O)c1)c4nnn[nH]4,5.28
43,CHEMBL1214338,CC(C)S(=O)(=O)NC1Cc2ccc(cc2C1)c3ccc(F)nc3,5.3
44,CHEMBL1289062,CC(C)S(=O)(=O)N[C@H]1CN(C)C[C@@H]1c2ccc(cc2)c3ccc(F)nc3,5.3
45,CHEMBL1290166,CC(C)S(=O)(=O)N[C@H]1CN(C)C[C@@H]1c2ccc(cc2)c3ccc(cc3)C#N,5.3
46,CHEMBL1290392,CC(C)S(=O)(=O)N[C@H]1CN(C)C[C@@H]1c2ccc(cc2)c3cccc(c3)S(=O)(=O)C,5.3
47,CHEMBL1290165,CC(C)S(=O)(=O)N[C@H]1CN(C[C@@H]1c2ccc(cc2)c3cccc(NS(=O)(=O)C)c3)c4ccccc4,5.3
48,CHEMBL1649684,FC(F)(F)c1nn(c2COCCc12)c3ccc(CN4CCCC4=O)cc3,5.3
49,CHEMBL1642162,OCc1cn(Cc2ccc3C[C@@H](Cc3c2)NS(=O)(=O)C(F)(F)F)nc1C(F)(F)F,5.3
50,CHEMBL3799697,CCN(CC1=CC(=O)N2C(=N1)SC(=C2c3cccnc3)C)c4ccc(F)cc4,5.35
51,CHEMBL3088072,Cl.OC(=O)[C@@H]1C[C@H]2C[C@H](CC[C@H]2CN1)Oc3cc(ccc3c4nnn[nH]4)c5cccs5,5.36
52,CHEMBL1649675,CC(=O)Cc1ccc(cc1)n2nc(c3CCCCc23)C(F)(F)F,5.4
53,CHEMBL1290503,CC(C)S(=O)(=O)N[C@H]1CN(C)C[C@@H]1c2ccc(cc2)c3cccc(NC(=O)C)c3,5.4
54,CHEMBL1290731,CC(C)S(=O)(=O)N[C@H]1CN(C)C[C@@H]1c2ccc(cc2)c3cccnc3,5.4
55,CHEMBL1289063,CC(C)S(=O)(=O)N[C@H]1CN(C[C@@H]1c2ccc(cc2)c3ccc(F)nc3)c4ccccc4,5.4
56,CHEMBL1642158,CC(C)S(=O)(=O)N[C@H]1Cc2ccc(Cn3ncc(CO)c3C(F)(F)F)cc2C1,5.4
57,CHEMBL299180,CC(C)\C=C(/C[C@H](N)C(=O)O)\C(=O)O,5.43
58,CHEMBL51660,N[C@@H](CC(=C1CCCC1)C(=O)O)C(=O)O,5.43
59,CHEMBL3088066,OC(=O)[C@@H]1C[C@H]2C[C@H](CC[C@H]2CN1)Nc3cc(ccc3c4nnn[nH]4)c5ccccc5,5.46
60,CHEMBL3800532,CCN(CC1=CC(=O)N2N=C(C)SC2=N1)c3ccc(F)cc3,5.48
61,CHEMBL2440517,OC(=O)[C@@H]1C[C@H]2C[C@H](CC[C@H]2CN1)Nc3ccc(Cl)cc3C(=O)O,5.48
62,CHEMBL1214449,CC(C)S(=O)(=O)NC1Cc2ccc(cc2C1)c3ccc(C)cn3,5.5
63,CHEMBL1214397,CC(C)S(=O)(=O)NC1Cc2ccc(cc2C1)c3ccc(C)nc3,5.5
64,CHEMBL1289180,CC(C)S(=O)(=O)N[C@H]1CN(C)C[C@@H]1c2ccc(cc2)c3ccsc3,5.5
65,CHEMBL1649664,FC(F)(F)c1nn(c2CCCCc12)c3ccc(CC(=O)N4CCCC4)cc3,5.5
66,CHEMBL1835336,NC(Cc1cc(Cl)c(cc1CCC(=O)O)[N+](=O)[O-])C(=O)O,5.5
67,CHEMBL14935,OC(=O)[C@@H]1C[C@H]2C[C@@H](CCc3nnn[nH]3)CC[C@H]2CN1,5.5
68,CHEMBL193087,CC(C)n1nnc(n1)c2onc(O)c2CC(N)C(=O)O,5.53
69,CHEMBL3088059,Cl.OC(=O)[C@@H]1C[C@H]2C[C@H](CC[C@H]2CN1)Oc3ccc(F)cc3c4nnn[nH]4,5.57
70,CHEMBL1290613,CC(C)S(=O)(=O)N[C@H]1CN(C)C[C@@H]1c2ccc(cc2)c3ccccc3F,5.6
71,CHEMBL1290732,CC(C)S(=O)(=O)N[C@H]1CN(C)C[C@@H]1c2ccc(cc2)c3cccnc3F,5.6
72,CHEMBL1649672,CCC(=O)NCc1ccc(cc1)n2nc(c3CCCCc23)C(F)(F)F,5.6
73,CHEMBL1214263,CCS(=O)(=O)Nc1cccc(c1)c2ccc3CC(Cc3c2)NS(=O)(=O)C(C)C,5.6
74,CHEMBL3799437,OC[C@@H]1C[C@H]1C2=C(SC3=NC(=CC(=O)N23)Cn4nc(cc4Cl)C(F)(F)F)C(F)(F)F,5.6
75,CHEMBL1642163,OCc1cn(Cc2ccc3C[C@H](Cc3c2)NS(=O)(=O)C(F)(F)F)nc1C(F)(F)F,5.6
76,CHEMBL1642164,OCc1cn(Cc2ccc3C[C@H](Cc3c2)NS(=O)(=O)C4CC4)nc1C(F)(F)F,5.6
77,CHEMBL3797378,CCN(CC1=CC(=O)N2C(=N1)SC(=C2C(C)(C)O)C)c3ccc(F)cc3,5.62
78,CHEMBL3088064,Cl.OC(=O)[C@@H]1C[C@H]2C[C@H](CC[C@H]2CN1)Oc3cc(ccc3c4nnn[nH]4)c5ccccc5,5.64
79,CHEMBL3758336,N[C@@H](Cc1cc(Cl)c(Cl)c(c1)c2cncc(O)c2)C(=O)O,5.65
80,CHEMBL3088071,Cl.OC(=O)[C@@H]1C[C@H]2C[C@H](CC[C@H]2CN1)Oc3cc(ccc3c4nnn[nH]4)c5nccs5,5.66
81,CHEMBL1214447,CC(C)S(=O)(=O)N[C@H]1Cc2ccc(cc2C1)c3ccc(C)nc3,5.7
82,CHEMBL1214452,CC(C)S(=O)(=O)N[C@H]1Cc2ccc(cc2C1)c3ccc(F)cn3,5.7
83,CHEMBL1649663,CN(C)C(=O)Cc1ccc(cc1)n2nc(c3CCCCc23)C(F)(F)F,5.7
84,CHEMBL1649671,CN(Cc1ccc(cc1)n2nc(c3CCCCc23)C(F)(F)F)C(=O)C,5.7
85,CHEMBL1642171,COc1ccccc1S(=O)(=O)NC2CCc3cc(Cn4cc(CO)c(n4)C(F)(F)F)ccc23,5.7
86,CHEMBL3088063,Cl.COc1ccc(c(O[C@H]2CC[C@H]3CN[C@@H](C[C@H]3C2)C(=O)O)c1)c4nnn[nH]4,5.7
87,CHEMBL3797994,CCN(CC1=CC(=O)N2C(=N1)SC(=C2CO)C)c3ccc(F)cc3,5.72
88,CHEMBL3800605,CC1=C(C2CC2CO)N3C(=O)C=C(Cc4cccc(c4F)C(F)(F)F)N=C3S1,5.77
89,CHEMBL3088069,Cl.OC(=O)[C@@H]1C[C@H]2C[C@H](CC[C@H]2CN1)Oc3cc(ccc3c4nnn[nH]4)c5cccc(Cl)c5,5.77
90,CHEMBL372643,CCCn1nnc(n1)c2onc(O)c2CC(N)C(=O)O,5.79
91,CHEMBL1277180,CC(C)S(=O)(=O)N[C@@H]1CN(C)C[C@@H]1c2ccc(cc2)c3ccc(cc3)N(C)S(=O)(=O)C,5.8
92,CHEMBL1642157,CC(C)S(=O)(=O)N[C@H]1Cc2ccc(Cn3nc(c4CNCCc34)C(F)(F)F)cc2C1,5.8
93,CHEMBL1290058,CCN1C[C@H](NS(=O)(=O)C(C)C)[C@H](C1)c2ccc(cc2)c3cccc(NS(=O)(=O)C)c3,5.8
94,CHEMBL3797313,CCN(CC1=CC(=O)N2C(=C(C)SC2=N1)CCCO)c3ccc(F)cc3,5.82
95,CHEMBL1097939,CC(C)S(=O)(=O)NCC(C)C1CCC(CC1)c2ccc(cc2)C#N,5.84
96,CHEMBL435582,CC(C)S(=O)(=O)NCC(C)c1ccc(cc1)c2ccc(cc2)C#N,5.84
97,CHEMBL1649673,CC(=O)NCc1ccc(cc1)n2nc(c3CCCCc23)C(F)(F)F,5.9
98,CHEMBL1214334,CC(C)S(=O)(=O)NC1Cc2ccc(cc2C1)c3cccc(c3)N(C)S(=O)(=O)C,5.9
99,CHEMBL1642154,CC(C)S(=O)(=O)N[C@H]1Cc2ccc(Cn3cc(CCO)c(n3)C(F)(F)F)cc2C1,5.9
100,CHEMBL1642153,CC(C)S(=O)(=O)N[C@H]1Cc2ccc(Cn3cc(CF)c(n3)C(F)(F)F)cc2C1,5.9
101,CHEMBL1642156,CC(C)S(=O)(=O)N[C@H]1Cc2ccc(Cn3nc(c4CCCCc34)C(F)(F)F)cc2C1,5.9
102,CHEMBL1642159,CCn1nc(cc1Cc2ccc3C[C@@H](Cc3c2)NS(=O)(=O)C(C)C)C(F)(F)F,5.9
103,CHEMBL1642172,Cn1cc(c(n1)C(F)(F)F)S(=O)(=O)NC2CCc3cc(Cn4cc(CO)c(n4)C(F)(F)F)ccc23,5.9
104,CHEMBL1649669,Fc1cc(ccc1CC(=O)N2CCCC2)n3nc(c4CCCCc34)C(F)(F)F,5.9
105,CHEMBL3799064,CC1=C(C2CC2CO)N3C(=O)C=C(Cc4cccc(C#N)c4F)N=C3S1,5.96
106,CHEMBL1230591,CC(C)S(=O)(=O)N[C@H]1Cc2ccc(Cc3oc(cc3)C(F)(F)F)cc2C1,6.0
107,CHEMBL1642165,CN(C)S(=O)(=O)N[C@@H]1Cc2ccc(Cn3cc(CO)c(n3)C(F)(F)F)cc2C1,6.0
108,CHEMBL1649670,FC(F)(F)c1nn(c2CCCCc12)c3ccc(CN4CCCC4=O)cc3,6.0
109,CHEMBL1649674,Fc1cc(ccc1CN2CCCC2=O)n3nc(c4CCCCc34)C(F)(F)F,6.0
110,CHEMBL506543,[O-][N+](=O)c1cc2NC(=O)C(=O)Nc2cc1N=[N+]=[N-],6.0
111,CHEMBL3800085,CCN(CC1=CC(=O)N2C(=N1)SC(=C2c3cncnc3)C)c4ccc(F)cc4,6.01
112,CHEMBL575060,N[C@@H](CCC(=O)O)C(=O)O,6.03
113,CHEMBL122005,N[C@@H](CN1C=CC(=O)NC1=O)C(=O)O,6.05
114,CHEMBL3799657,CCN(CC1=CC(=O)N2C(=N1)SC(=C2[C@@H]3C[C@H]3CO)C)c4ccc(F)cc4,6.06
115,CHEMBL1214202,CC(C)S(=O)(=O)NC1Cc2ccc(cc2C1)c3cccc(NS(=O)(=O)C)c3,6.1
116,CHEMBL1642160,CC(C)S(=O)(=O)N[C@H]1Cc2ccc(Cn3cc(CO)c(c3)C(F)(F)F)cc2C1,6.1
117,CHEMBL1234887,CCNCc1cn(CC(=O)Nc2sc3CCCCc3c2C(=O)N)nc1C(F)(F)F,6.1
118,CHEMBL3799878,CC1=C([C@@H]2C[C@H]2C#N)N3C(=O)C=C(Cn4nc(cc4Cl)C(F)(F)F)N=C3S1,6.15
119,CHEMBL3797925,CCN(CC1=CC(=O)N2C(=C(C)SC2=N1)CCO)c3ccc(F)cc3,6.24
120,CHEMBL402444,N[C@H](Cc1nsnc1O)C(=O)O,6.28
121,CHEMBL1289181,CC(C)S(=O)(=O)N[C@@H]1COC[C@@H]1c2ccc(cc2)c3ccc(cc3)C#N,6.3
122,CHEMBL1232932,CC(C)S(=O)(=O)N[C@H]1Cc2ccc(Cn3cc(CO)c(n3)C(F)(F)F)cc2C1,6.3
123,CHEMBL1642170,CS(=O)(=O)NC1CCc2cc(Cn3cc(CO)c(n3)C(F)(F)F)ccc12,6.3
124,CHEMBL2092841,OC(=O)C1Cc2c(O)noc2CN1,6.31
125,CHEMBL122656,N[C@@H](CN1N=CC(=O)NC1=O)C(=O)O,6.34
126,CHEMBL1214335,CC(C)S(=O)(=O)NC1Cc2ccc(cc2C1)c3cccc(CN4CCCS4(=O)=O)c3,6.4
127,CHEMBL1214201,CC(C)S(=O)(=O)NC[C@H](C)c1ccc(NC(=O)c2cc(F)cc(F)c2)cc1,6.4
128,CHEMBL1289523,CC(C)S(=O)(=O)N[C@@H]1COC[C@@H]1c2ccc(cc2)c3ccsc3,6.4
129,CHEMBL1642161,CC(C)S(=O)(=O)N[C@@H]1Cc2ccc(Cn3cc(CO)c(n3)C(F)(F)F)cc2C1,6.4
130,CHEMBL1642166,CCS(=O)(=O)N[C@H]1Cc2ccc(Cn3cc(CO)c(n3)C(F)(F)F)cc2C1,6.4
131,CHEMBL3088060,Cl.OC(=O)[C@@H]1C[C@H]2C[C@H](CC[C@H]2CN1)Oc3ccc(Cl)cc3c4nnn[nH]4,6.4
132,CHEMBL1642150,NC(=O)c1c2CCCCc2sc1NC(=O)Cn3cc(CO)c(n3)C(F)(F)F,6.4
133,CHEMBL120808,CC1=NN(C[C@H](N)C(=O)O)C(=O)NC1=O,6.43
134,CHEMBL72366,NC(Cc1onc(O)c1Cl)C(=O)O,6.43
135,CHEMBL2441067,Fc1ccc2N(CNS(=O)(=O)c2c1)C3CC3,6.46
136,CHEMBL429594,N[C@@H](Cc1nsnc1O)C(=O)O,6.49
137,CHEMBL1289409,CC(C)S(=O)(=O)N[C@@H]1COC[C@@H]1c2ccc(cc2)c3ccc(F)cn3,6.52
138,CHEMBL1289294,CC(C)S(=O)(=O)N[C@@H]1COC[C@@H]1c2ccc(cc2)c3ccc(F)nc3,6.52
139,CHEMBL1289410,CC(C)S(=O)(=O)N[C@@H]1COC[C@@H]1c2ccc(cc2)c3cccs3,6.52
140,CHEMBL1289408,CC(C)S(=O)(=O)N[C@@H]1COC[C@@H]1c2ccc(cc2)c3cncc(F)c3,6.52
141,CHEMBL1289960,CC(C)S(=O)(=O)N[C@H]1CN(C)C[C@@H]1c2ccc(cc2)c3cccc(NS(=O)(=O)C)c3,6.52
142,CHEMBL222519,NS(=O)(=O)c1cccc2c3nc(O)c(O)nc3cc(c12)[N+](=O)[O-],6.59
143,CHEMBL3799732,CCN(CC1=CC(=O)N2C=C(C)SC2=N1)c3ccc(F)cc3,6.6
144,CHEMBL73698,NC(Cc1onc(O)c1Br)C(=O)O,6.6
145,CHEMBL121915,N[C@@H](CN1C=C(I)C(=O)NC1=O)C(=O)O,6.75
146,CHEMBL1642169,OCc1cn(Cc2ccc3C(CCc3c2)NS(=O)(=O)C4CC4)nc1C(F)(F)F,6.8
147,CHEMBL3800556,CC1=C([C@@H]2C[C@H]2CO)N3C(=O)C=C(Cn4nc(cc4Cl)C(F)(F)F)N=C3S1,6.82
148,CHEMBL121191,N[C@@H](CN1C=C(C(=O)NC1=O)[N+](=O)[O-])C(=O)O,6.94
149,CHEMBL276815,Cc1onc(O)c1C[C@H](N)C(=O)O,6.97
150,CHEMBL154535,OC(=O)C1NCCc2c(O)noc12,6.97
151,CHEMBL1642168,CC(C)S(=O)(=O)NC1CCc2cc(Cn3cc(CO)c(n3)C(F)(F)F)ccc12,7.0
152,CHEMBL1289293,CC(C)S(=O)(=O)N[C@@H]1COC[C@@H]1c2ccc(cc2)c3cccc(c3)C(=O)C,7.0
153,CHEMBL1642155,CC(C)S(=O)(=O)N[C@H]1Cc2ccc(Cn3nc(cc3C(F)(F)F)C(F)(F)F)cc2C1,7.0
154,CHEMBL333964,N[C@@H](CN1C=C(Br)C(=O)NC1=O)C(=O)O,7.0
155,CHEMBL121553,N[C@@H](CN1N=C(I)C(=O)NC1=O)C(=O)O,7.0
156,CHEMBL370941,CCn1nnc(n1)c2onc(O)c2CC(N)C(=O)O,7.1
157,CHEMBL121388,N[C@@H](CN1C=C(Cl)C(=O)NC1=O)C(=O)O,7.28
158,CHEMBL123132,N[C@@H](CN1C=C(F)C(=O)NC1=O)C(=O)O,7.6
159,CHEMBL331644,N[C@@H](CN1N=C(Br)C(=O)NC1=O)C(=O)O,7.71
160,CHEMBL13378,Cc1onc(O)c1CC(N)C(=O)O,7.77
161,CHEMBL331696,N[C@@H](CN1N=C(Cl)C(=O)NC1=O)C(=O)O,7.78
162,CHEMBL370038,Cn1nnc(n1)c2onc(O)c2C[C@H](N)C(=O)O,8.41
163,CHEMBL3088070,Cl.OC(=O)[C@@H]1C[C@H]2C[C@H](CC[C@H]2CN1)Oc3cc(ccc3c4nnn[nH]4)c5ccc(Cl)cc5,8.52
