,molecule_chembl_id,canonical_smiles,pchembl_value
0,topiramate,[H][C@@]12CO[C@@]3(COS(N)(=O)=O)OC(C)(C)O[C@@]3([H])[C@]1([H])OC(C)(C)O2,
1,perampanel,O=C1N(C=C(C=C1C1=C(C=CC=C1)C#N)C1=CC=CC=N1)C1=CC=CC=C1,
2,ketamine,CNC1(CCCCC1=O)C1=C(Cl)C=CC=C1,
3,CHEMBL122005,N[C@@H](CN1C=CC(=O)NC1=O)C(=O)O,5.05
4,CHEMBL27130,CC(C)(C)c1onc(O)c1C[C@H](N)C(=O)O,5.12
5,CHEMBL299180,CC(C)\C=C(/C[C@H](N)C(=O)O)\C(=O)O,5.25
6,CHEMBL51008,CCC(=C(C[C@H](N)C(=O)O)C(=O)O)CC,5.33
7,CHEMBL137789,CC(CNS(=O)(=O)C)c1ccc(cc1)c2ccsc2,5.35
8,CHEMBL193087,CC(C)n1nnc(n1)c2onc(O)c2CC(N)C(=O)O,5.63
9,CHEMBL275040,CC(=C)[C@H]1CN[C@@H]([C@H]1CC(=O)O)C(=O)O,5.77
10,CHEMBL1276217,CC(CNS(=O)(=O)C)c1ccc(cc1)C(C)(C)C,5.92
11,CHEMBL402444,N[C@H](Cc1nsnc1O)C(=O)O,5.98
12,CHEMBL121915,N[C@@H](CN1C=C(I)C(=O)NC1=O)C(=O)O,6.01
13,CHEMBL575060,N[C@@H](CCC(=O)O)C(=O)O,6.06
14,CHEMBL372643,CCCn1nnc(n1)c2onc(O)c2CC(N)C(=O)O,6.14
15,CHEMBL222519,NS(=O)(=O)c1cccc2c3nc(O)c(O)nc3cc(c12)[N+](=O)[O-],6.22
16,CHEMBL51660,N[C@@H](CC(=C1CCCC1)C(=O)O)C(=O)O,6.27
17,CHEMBL105076,CC(C)S(=O)(=O)NCC(C)c1ccc(NC(=O)c2ccccc2)cc1,6.28
18,CHEMBL63417,CC(C)S(=O)(=O)N[C@@H]1CCC[C@@H]1c2ccc(Br)cc2,6.28
19,CHEMBL333964,N[C@@H](CN1C=C(Br)C(=O)NC1=O)C(=O)O,6.34
20,CHEMBL121388,N[C@@H](CN1C=C(Cl)C(=O)NC1=O)C(=O)O,6.35
21,CHEMBL1098240,N[C@@H](CCCNC(=N)N)C(=O)NCCCNCCCNCCCCCNC(=O)[C@H](CC(=O)N)NC(=O)Cc1ccc(O)cc1O,6.37
22,CHEMBL123132,N[C@@H](CN1C=C(F)C(=O)NC1=O)C(=O)O,6.52
23,CHEMBL435582,CC(C)S(=O)(=O)NCC(C)c1ccc(cc1)c2ccc(cc2)C#N,6.54
24,CHEMBL63355,CC(C)S(=O)(=O)N[C@@H]1CCC[C@@H]1c2ccc(I)cc2,6.64
25,CHEMBL121191,N[C@@H](CN1C=C(C(=O)NC1=O)[N+](=O)[O-])C(=O)O,6.68
26,CHEMBL122656,N[C@@H](CN1N=CC(=O)NC1=O)C(=O)O,6.72
27,CHEMBL429594,N[C@@H](Cc1nsnc1O)C(=O)O,6.74
28,CHEMBL276815,Cc1onc(O)c1C[C@H](N)C(=O)O,6.81
29,CHEMBL1277001,CC(C)S(=O)(=O)NC[C@H](C)c1ccc(cc1)c2ccc(CCNS(=O)(=O)C)cc2,6.82
30,CHEMBL120808,CC1=NN(C[C@H](N)C(=O)O)C(=O)NC1=O,7.05
31,CHEMBL370941,CCn1nnc(n1)c2onc(O)c2CC(N)C(=O)O,7.35
32,CHEMBL13378,Cc1onc(O)c1CC(N)C(=O)O,7.4
33,CHEMBL121553,N[C@@H](CN1N=C(I)C(=O)NC1=O)C(=O)O,7.7
34,CHEMBL331644,N[C@@H](CN1N=C(Br)C(=O)NC1=O)C(=O)O,8.1
35,CHEMBL331696,N[C@@H](CN1N=C(Cl)C(=O)NC1=O)C(=O)O,8.44
36,CHEMBL370038,Cn1nnc(n1)c2onc(O)c2C[C@H](N)C(=O)O,8.57
