,molecule_chembl_id,canonical_smiles,pchembl_value
0,topiramate,[H][C@@]12CO[C@@]3(COS(N)(=O)=O)OC(C)(C)O[C@@]3([H])[C@]1([H])OC(C)(C)O2,
1,perampanel,O=C1N(C=C(C=C1C1=C(C=CC=C1)C#N)C1=CC=CC=N1)C1=CC=CC=C1,
2,ketamine,CNC1(CCCCC1=O)C1=C(Cl)C=CC=C1,
3,CHEMBL27130,CC(C)(C)c1onc(O)c1C[C@H](N)C(=O)O,5.1
4,CHEMBL28472,N[C@@H](CC1=CCCCc2onc(O)c12)C(=O)O,5.14
5,CHEMBL193087,CC(C)n1nnc(n1)c2onc(O)c2CC(N)C(=O)O,5.43
6,CHEMBL1097939,CC(C)S(=O)(=O)NCC(C)C1CCC(CC1)c2ccc(cc2)C#N,5.78
7,CHEMBL435582,CC(C)S(=O)(=O)NCC(C)c1ccc(cc1)c2ccc(cc2)C#N,5.78
8,CHEMBL372643,CCCn1nnc(n1)c2onc(O)c2CC(N)C(=O)O,5.93
9,CHEMBL402444,N[C@H](Cc1nsnc1O)C(=O)O,5.97
10,CHEMBL222519,NS(=O)(=O)c1cccc2c3nc(O)c(O)nc3cc(c12)[N+](=O)[O-],6.05
11,CHEMBL1098240,N[C@@H](CCCNC(=N)N)C(=O)NCCCNCCCNCCCCCNC(=O)[C@H](CC(=O)N)NC(=O)Cc1ccc(O)cc1O,6.64
12,CHEMBL429594,N[C@@H](Cc1nsnc1O)C(=O)O,6.8
13,CHEMBL370941,CCn1nnc(n1)c2onc(O)c2CC(N)C(=O)O,7.35
14,CHEMBL313747,NCCCNCCCCNCCC(=O)NCCCCCNC(=O)[C@H](CC(=O)N)NC(=O)Cc1ccc(O)cc1O,7.52
15,CHEMBL13378,Cc1onc(O)c1CC(N)C(=O)O,7.68
16,CHEMBL276815,Cc1onc(O)c1C[C@H](N)C(=O)O,7.69
17,CHEMBL370038,Cn1nnc(n1)c2onc(O)c2C[C@H](N)C(=O)O,8.65
