,molecule_chembl_id,canonical_smiles,pchembl_value
0,topiramate,[H][C@@]12CO[C@@]3(COS(N)(=O)=O)OC(C)(C)O[C@@]3([H])[C@]1([H])OC(C)(C)O2,
1,CHEMBL51660,N[C@@H](CC(=C1CCCC1)C(=O)O)C(=O)O,5.24
2,CHEMBL303415,OC(=O)CN1C(=O)C(=O)Nc2cc(c(cc12)n3ccc(CN4CCCCC4)c3)[N+](=O)[O-],5.24
3,CHEMBL293613,OC(=O)CN1C(=O)C(=O)Nc2cc(c(cc12)n3ccc(c3)C(=O)O)[N+](=O)[O-],5.39
4,CHEMBL305534,OC(=O)CCN1C(=O)C(=O)Nc2cc(c(cc12)n3cccc3)[N+](=O)[O-],5.6
5,CHEMBL67828,OC(=O)CN1C(=O)C(=O)Nc2cc(c(cc12)n3ccc(CN4CCN(CCc5ccccc5)CC4)c3)[N+](=O)[O-],5.85
6,CHEMBL429540,OC(=O)CN1C(=O)C(=O)Nc2cc(c(cc12)n3ccc(CNCCCc4ccccc4)c3)[N+](=O)[O-],5.85
7,CHEMBL575060,N[C@@H](CCC(=O)O)C(=O)O,6.1
8,CHEMBL63861,OC(=O)CN1C(=O)C(=O)Nc2cc(c(cc12)n3ccc(CN4CCN(Cc5ccccc5)CC4)c3)[N+](=O)[O-],6.17
9,CHEMBL301536,N[C@@H](C[C@@H](C\C=C\c1ccc2ccccc2c1)C(=O)O)C(=O)O,6.21
10,CHEMBL416685,OC(=O)CN1C(=O)C(=O)Nc2cc(c(cc12)n3ccc(CN4CCC(CC4)c5ccccc5)c3)[N+](=O)[O-],6.28
11,CHEMBL299180,CC(C)\C=C(/C[C@H](N)C(=O)O)\C(=O)O,6.29
12,CHEMBL58590,N[C@@H](C[C@@H](C\C=C\c1ccc(Cl)cc1)C(=O)O)C(=O)O,6.37
13,CHEMBL13076,OC(=O)CN1C(=O)C(=O)Nc2cc(c(cc12)n3ccc(CNC(=O)Nc4ccc(cc4)[N+](=O)[O-])c3)C(F)(F)F,7.34
14,CHEMBL59284,COc1ccccc1\C=C\C[C@H](C[C@H](N)C(=O)O)C(=O)O,7.38
15,CHEMBL275040,CC(=C)[C@H]1CN[C@@H]([C@H]1CC(=O)O)C(=O)O,8.0
16,CHEMBL51008,CCC(=C(C[C@H](N)C(=O)O)C(=O)O)CC,4.91
17,CHEMBL298800,CC(C)\C=C(\C[C@H](N)C(=O)O)/C(=O)O,4.98
25,CHEMBL222519,NS(=O)(=O)c1cccc2c3nc(O)c(O)nc3cc(c12)[N+](=O)[O-],4.36
31,CHEMBL1950805,OC(=O)[C@H]1NCCN([C@H]1C(=O)O)C(=O)c2ccc3cc(I)c4ccccc4c3c2,4.09
