,molecule_chembl_id,canonical_smiles,pchembl_value
0,topiramate,[H][C@@]12CO[C@@]3(COS(N)(=O)=O)OC(C)(C)O[C@@]3([H])[C@]1([H])OC(C)(C)O2,
1,CHEMBL153851,COc1ccc(NC(=O)Nc2cc(Cl)ccc2C(=O)O)cc1,5.0
2,CHEMBL2440516,Cl.Cc1ccc(O[C@H]2CC[C@H]3CN[C@@H](C[C@H]3C2)C(=O)O)c(c1)C(=O)O,5.0
3,CHEMBL3088073,OC(=O)[C@@H]1C[C@H]2C[C@H](CC[C@H]2CN1)Oc3cc(ccc3c4nnn[nH]4)c5cccnc5,5.0
4,CHEMBL155261,OC(=O)c1ccc(Cl)cc1NC(=O)Nc2ccccc2,5.0
5,CHEMBL346339,OC(=O)c1ccc(F)cc1NC(=O)Nc2cccc(c2)C(F)(F)F,5.0
6,CHEMBL2440686,Cl.OC(=O)[C@@H]1C[C@H]2C[C@H](CC[C@H]2CN1)Oc3cccc(F)c3C(=O)O,5.01
7,CHEMBL155535,OC(=O)c1ccc(Cl)cc1NC(=O)Nc2cccc3ccccc23,5.03
8,CHEMBL2440693,OC(=O)[C@@H]1C[C@H]2C[C@H](CC[C@H]2CN1)Nc3cccc(c3)C(=O)O,5.1
9,CHEMBL157012,OC(=O)c1ccc(Cl)cc1NC(=O)Nc2cccc(F)c2,5.12
10,CHEMBL189721,CC(C)COC(=O)[C@@H]1C[C@H]2C[C@H](CC[C@H]2CN1)Oc3ccccc3c4nn[nH]n4,5.13
11,CHEMBL72366,NC(Cc1onc(O)c1Cl)C(=O)O,5.17
12,CHEMBL2440700,Cl.COc1ccc(C(=O)O)c(O[C@H]2CC[C@H]3CN[C@@H](C[C@H]3C2)C(=O)O)c1,5.21
13,CHEMBL2440691,Cl.OC(=O)[C@@H]1C[C@H]2C[C@H](CC[C@H]2CN1)Oc3cccc(c3)C(=O)O,5.22
14,CHEMBL53702,N[C@@H](C\C(=C/C1CCCCC1)\C(=O)O)C(=O)O,5.22
15,CHEMBL346968,OC(=O)c1ccc(Br)cc1NC(=O)Nc2cccc(c2)C(F)(F)F,5.22
16,CHEMBL2440701,Cl.Cc1ccc(C(=O)O)c(O[C@H]2CC[C@H]3CN[C@@H](C[C@H]3C2)C(=O)O)c1,5.23
17,CHEMBL372643,CCCn1nnc(n1)c2onc(O)c2CC(N)C(=O)O,5.26
18,CHEMBL54238,N[C@@H](CC(=C1CCCCC1)C(=O)O)C(=O)O,5.29
19,CHEMBL154696,OC(=O)c1ccc(Cl)cc1NC(=O)Nc2cccc(c2)C(F)(F)F,5.3
20,CHEMBL155081,OC(=O)c1ccc(Cl)cc1NC(=O)Nc2ccccc2I,5.3
21,CHEMBL73698,NC(Cc1onc(O)c1Br)C(=O)O,5.32
22,CHEMBL422698,OC(=O)c1ccc(Cl)cc1NC(=O)Nc2ccc(cc2)C(F)(F)F,5.32
23,CHEMBL154700,OC(=O)c1ccc(Cl)cc1NC(=O)Nc2cccc(Br)c2,5.32
24,CHEMBL155101,OC(=O)c1ccc(Cl)cc1NC(=O)Nc2ccc(I)cc2,5.33
25,CHEMBL154202,OC(=O)c1ccc(Cl)cc1NC(=O)Nc2ccccc2Cl,5.33
26,CHEMBL294139,C\C=C\C[C@H](C[C@H](N)C(=O)O)C(=O)O,5.35
27,CHEMBL155190,OC(=O)c1ccc(Cl)cc1NC(=O)Nc2ccccc2Br,5.35
28,CHEMBL155492,OC(=O)c1ccc(Cl)cc1NC(=O)Nc2ccccc2C(F)(F)F,5.35
29,CHEMBL62057,N[C@@H](C[C@@H](CC=C)C(=O)O)C(=O)O,5.36
30,CHEMBL14935,OC(=O)[C@@H]1C[C@H]2C[C@@H](CCc3nnn[nH]3)CC[C@H]2CN1,5.38
31,CHEMBL3104225,CCn1c(c(C)c2cc(OC)ccc12)c3ccc(OC)cc3,5.4
32,CHEMBL152120,COc1cccc(NC(=O)Nc2cc(Cl)ccc2C(=O)O)c1,5.43
33,CHEMBL2440684,Cl.OC(=O)[C@@H]1C[C@H]2C[C@H](CC[C@H]2CN1)Sc3ccc(Cl)cc3C(=O)O,5.43
34,CHEMBL54291,CC1(C)CCC/C/1=C(\C[C@H](N)C(=O)O)/C(=O)O,5.44
35,CHEMBL302402,CCCC#CC[C@H](C[C@H](N)C(=O)O)C(=O)O,5.44
36,CHEMBL2440697,Cl.OC(=O)[C@@H]1C[C@H]2C[C@@H](Cc3ccc(cc3)C(=O)O)CC[C@H]2CN1,5.44
37,CHEMBL2440517,OC(=O)[C@@H]1C[C@H]2C[C@H](CC[C@H]2CN1)Nc3ccc(Cl)cc3C(=O)O,5.44
38,CHEMBL422152,OC(=O)c1ccc(Cl)cc1NC(=O)Nc2ccc3OCOc3c2,5.44
39,CHEMBL61434,N[C@@H](C[C@@H](C\C=C\c1ccc(cc1)C(=O)O)C(=O)O)C(=O)O,5.45
40,CHEMBL3088056,Cc1cccc(N[C@H]2CC[C@H]3CN[C@@H](C[C@H]3C2)C(=O)O)c1c4nnn[nH]4,5.5
41,CHEMBL154066,OC(=O)c1ccc(Cl)cc1NC(=O)Nc2ccc(Cl)cc2,5.51
42,CHEMBL3087684,Cl.OC(=O)[C@@H]1C[C@H]2C[C@@H](Cc3ccccc3c4nnn[nH]4)CC[C@H]2CN1,5.52
43,CHEMBL370941,CCn1nnc(n1)c2onc(O)c2CC(N)C(=O)O,5.54
44,CHEMBL3088065,Cc1ccc(c(N[C@H]2CC[C@H]3CN[C@@H](C[C@H]3C2)C(=O)O)c1)c4nnn[nH]4,5.54
45,CHEMBL301536,N[C@@H](C[C@@H](C\C=C\c1ccc2ccccc2c1)C(=O)O)C(=O)O,5.6
46,CHEMBL62053,CCCCCC[C@H](C[C@H](N)C(=O)O)C(=O)O,5.62
47,CHEMBL305534,OC(=O)CCN1C(=O)C(=O)Nc2cc(c(cc12)n3cccc3)[N+](=O)[O-],5.62
48,CHEMBL2440687,Cl.OC(=O)[C@@H]1C[C@H]2C[C@H](CC[C@H]2CN1)Oc3ccccc3C(=O)O,5.64
49,CHEMBL52514,C\C=C(\C[C@H](N)C(=O)O)/C(=O)O,5.66
50,CHEMBL155022,OC(=O)c1ccc(Cl)cc1NC(=O)Nc2ccc(Br)cc2,5.66
51,CHEMBL154658,OC(=O)c1ccc(Cl)cc1NC(=O)Nc2cccc(I)c2,5.66
52,CHEMBL2440703,Cl.OC(=O)[C@@H]1C[C@H]2C[C@H](CC[C@H]2CN1)Oc3cc(Cl)ccc3C(=O)O,5.68
53,CHEMBL3085838,Cl.OC(=O)[C@@H]1C[C@H]2C[C@H](CC[C@H]2CN1)Oc3cc(CCc4ccccc4)ccc3c5nnn[nH]5,5.77
54,CHEMBL189985,OC(=O)[C@@H]1C[C@H]2C[C@H](CC[C@H]2CN1)Oc3ccccc3c4nn[nH]n4,5.77
55,CHEMBL156717,OC(=O)c1cc(C(=O)O)c(NC(=O)c2ccccc2)cc1NC(=O)c3ccccc3,5.8
56,CHEMBL191249,OC(=O)[C@@H]1C[C@H]2C[C@H](CC[C@H]2CN1)Nc3ccccc3c4nn[nH]n4,5.81
57,CHEMBL2440685,Cl.OC(=O)[C@@H]1C[C@H]2C[C@H](CC[C@H]2CN1)Oc3ccc(Cl)cc3C(=O)O,5.82
58,CHEMBL299449,N[C@@H](C[C@@H](CC(=C)Cl)C(=O)O)C(=O)O,5.83
59,CHEMBL3088063,Cl.COc1ccc(c(O[C@H]2CC[C@H]3CN[C@@H](C[C@H]3C2)C(=O)O)c1)c4nnn[nH]4,5.85
60,CHEMBL293613,OC(=O)CN1C(=O)C(=O)Nc2cc(c(cc12)n3ccc(c3)C(=O)O)[N+](=O)[O-],5.85
61,CHEMBL2440702,Cl.OC(=O)[C@@H]1C[C@H]2C[C@H](CC[C@H]2CN1)Sc3cc(Cl)ccc3C(=O)O,5.89
62,CHEMBL62055,N[C@@H](C[C@H](CC=C)C(=O)O)C(=O)O,5.89
63,CHEMBL154704,OC(=O)c1ccc(Cl)cc1NC(=O)Nc2cccc(Cl)c2,5.89
64,CHEMBL305387,N[C@@H](C[C@@H](CCCc1ccccc1)C(=O)O)C(=O)O,5.92
65,CHEMBL347374,OC(=O)c1ccc(Cl)cc1NC(=O)Nc2cc3ccccc3[nH]2,5.92
66,CHEMBL346524,OC(=O)c1ccc(Cl)cc1NC(=O)Nc2ccc3ccccc3c2,5.92
67,CHEMBL276815,Cc1onc(O)c1C[C@H](N)C(=O)O,5.94
68,CHEMBL3088055,Cl.COc1cccc(O[C@H]2CC[C@H]3CN[C@@H](C[C@H]3C2)C(=O)O)c1c4nnn[nH]4,5.96
69,CHEMBL3088062,Cl.Cc1ccc(c(O[C@H]2CC[C@H]3CN[C@@H](C[C@H]3C2)C(=O)O)c1)c4nnn[nH]4,5.96
70,CHEMBL3088066,OC(=O)[C@@H]1C[C@H]2C[C@H](CC[C@H]2CN1)Nc3cc(ccc3c4nnn[nH]4)c5ccccc5,5.96
71,CHEMBL59286,CC(=CC[C@H](C[C@H](N)C(=O)O)C(=O)O)C,5.99
72,CHEMBL3088068,Cl.OC(=O)[C@@H]1C[C@H]2C[C@H](CC[C@H]2CN1)Oc3cc(ccc3c4nnn[nH]4)c5ccccc5Cl,6.0
73,CHEMBL3088074,Cl.CC(C)Oc1ccc(c(O[C@H]2CC[C@H]3CN[C@@H](C[C@H]3C2)C(=O)O)c1)c4nnn[nH]4,6.05
74,CHEMBL3088071,Cl.OC(=O)[C@@H]1C[C@H]2C[C@H](CC[C@H]2CN1)Oc3cc(ccc3c4nnn[nH]4)c5nccs5,6.05
75,CHEMBL3088059,Cl.OC(=O)[C@@H]1C[C@H]2C[C@H](CC[C@H]2CN1)Oc3ccc(F)cc3c4nnn[nH]4,6.05
76,CHEMBL2440689,OC(=O)[C@@H]1C[C@H]2C[C@H](CC[C@H]2CN1)Nc3ccccc3C(=O)O,6.05
77,CHEMBL58541,CCC#CC[C@H](C[C@H](N)C(=O)O)C(=O)O,6.08
78,CHEMBL2440688,OC(=O)[C@@H]1C[C@H]2C[C@H](CC[C@H]2CN1)Sc3ccccc3C(=O)O,6.1
79,CHEMBL13378,Cc1onc(O)c1CC(N)C(=O)O,6.13
80,CHEMBL575060,N[C@@H](CCC(=O)O)C(=O)O,6.15
81,CHEMBL3088069,Cl.OC(=O)[C@@H]1C[C@H]2C[C@H](CC[C@H]2CN1)Oc3cc(ccc3c4nnn[nH]4)c5cccc(Cl)c5,6.16
82,CHEMBL61697,C\C(=C/c1ccccc1)\C[C@H](C[C@H](N)C(=O)O)C(=O)O,6.17
83,CHEMBL3087685,Cl.OC(=O)[C@@H]1C[C@H]2C[C@H](CC[C@H]2CN1)Sc3ccccc3c4nnn[nH]4,6.22
84,CHEMBL61307,C\C=C/C[C@H](C[C@H](N)C(=O)O)C(=O)O,6.24
85,CHEMBL59948,COc1ccc(\C=C\C[C@H](C[C@H](N)C(=O)O)C(=O)O)cc1OC,6.27
86,CHEMBL268284,OC(=O)CN1C(=O)C(=O)Nc2cc(c(cc12)n3cccc3)[N+](=O)[O-],6.28
87,CHEMBL300928,C\C=C\C=C(\C[C@H](N)C(=O)O)/C(=O)O,6.29
88,CHEMBL2440699,Cl.OC(=O)[C@@H]1C[C@H]2C[C@H](CC[C@H]2CN1)Oc3cc(ccc3C(=O)O)c4ccccc4,6.3
89,CHEMBL51054,N[C@@H](CC(=C1CCC1)C(=O)O)C(=O)O,6.33
90,CHEMBL63927,CN(Cc1ccccc1)Cc2ccn(c2)c3cc4N(CCC(=O)O)C(=O)C(=O)Nc4cc3[N+](=O)[O-],6.37
91,CHEMBL3088060,Cl.OC(=O)[C@@H]1C[C@H]2C[C@H](CC[C@H]2CN1)Oc3ccc(Cl)cc3c4nnn[nH]4,6.4
92,CHEMBL293829,N[C@@H](C[C@@H](C\C=C\c1ccc(cc1)C#N)C(=O)O)C(=O)O,6.44
93,CHEMBL59792,N[C@@H](C[C@@H](CC#Cc1ccccc1)C(=O)O)C(=O)O,6.47
94,CHEMBL303415,OC(=O)CN1C(=O)C(=O)Nc2cc(c(cc12)n3ccc(CN4CCCCC4)c3)[N+](=O)[O-],6.48
95,CHEMBL429540,OC(=O)CN1C(=O)C(=O)Nc2cc(c(cc12)n3ccc(CNCCCc4ccccc4)c3)[N+](=O)[O-],6.5
96,CHEMBL58718,N[C@@H](C[C@H](CC#C)C(=O)O)C(=O)O,6.51
97,CHEMBL59299,COc1ccc(\C=C\C[C@H](C[C@H](N)C(=O)O)C(=O)O)cc1,6.55
98,CHEMBL58027,CCCCC[C@H](C[C@H](N)C(=O)O)C(=O)O,6.57
99,CHEMBL38499,N[C@@H](CC(=C)C(=O)O)C(=O)O,6.57
100,CHEMBL60114,N[C@@H](C[C@@H](C\C=C\c1ccc(OC(F)(F)F)cc1)C(=O)O)C(=O)O,6.6
101,CHEMBL293548,N[C@@H](C[C@@H](C\C=C\c1ccccc1Cl)C(=O)O)C(=O)O,6.6
102,CHEMBL51008,CCC(=C(C[C@H](N)C(=O)O)C(=O)O)CC,6.62
103,CHEMBL51395,CC1(C)CCC/C/1=C(/C[C@H](N)C(=O)O)\C(=O)O,6.63
104,CHEMBL12465,NCc1ccn(c1)c2cc3N(CC(=O)O)C(=O)C(=O)Nc3cc2[N+](=O)[O-],6.64
105,CHEMBL416685,OC(=O)CN1C(=O)C(=O)Nc2cc(c(cc12)n3ccc(CN4CCC(CC4)c5ccccc5)c3)[N+](=O)[O-],6.64
106,CHEMBL299365,CC(C)C\C=C(/C[C@H](N)C(=O)O)\C(=O)O,6.65
107,CHEMBL3088054,Cl.OC(=O)[C@@H]1C[C@H]2C[C@H](CC[C@H]2CN1)Oc3cccc(Cl)c3c4nnn[nH]4,6.7
108,CHEMBL3088058,OC(=O)[C@@H]1C[C@H]2C[C@H](CC[C@H]2CN1)Nc3cccc(Cl)c3c4nnn[nH]4,6.7
109,CHEMBL275040,CC(=C)[C@H]1CN[C@@H]([C@H]1CC(=O)O)C(=O)O,6.75
110,CHEMBL292745,Cc1ccc(\C=C\C[C@H](C[C@H](N)C(=O)O)C(=O)O)cc1,6.76
111,CHEMBL304434,CC\C=C\C[C@H](C[C@H](N)C(=O)O)C(=O)O,6.79
112,CHEMBL2111523,CC\C=C/C[C@H](C[C@H](N)C(=O)O)C(=O)O,6.8
113,CHEMBL3085837,Cl.OC(=O)[C@@H]1C[C@H]2C[C@H](CC[C@H]2CN1)Oc3cc(Cc4ccccc4)ccc3c5nnn[nH]5,6.8
114,CHEMBL3085836,Cl.OC(=O)[C@@H]1C[C@H]2C[C@H](CC[C@H]2CN1)Oc3cc(OCc4ccccc4)ccc3c5nnn[nH]5,6.8
115,CHEMBL58808,N[C@@H](C[C@@H](C\C=C/c1ccccc1)C(=O)O)C(=O)O,6.8
116,CHEMBL297919,CCCC\C=C(\C[C@H](N)C(=O)O)/C(=O)O,6.82
117,CHEMBL299291,N[C@@H](C\C(=C/C1CCCC1)\C(=O)O)C(=O)O,6.82
118,CHEMBL59297,N[C@@H](C[C@@H](C\C=C\c1c(Cl)cccc1Cl)C(=O)O)C(=O)O,6.88
119,CHEMBL292896,N[C@@H](C[C@@H](C\C=C\c1ccc(cc1)c2ccccc2)C(=O)O)C(=O)O,6.88
120,CHEMBL61997,CCC[C@H](C[C@H](N)C(=O)O)C(=O)O,6.91
121,CHEMBL29024,CC(C)(C)c1snc(O)c1C[C@H](N)C(=O)O,7.0
122,CHEMBL3088064,Cl.OC(=O)[C@@H]1C[C@H]2C[C@H](CC[C@H]2CN1)Oc3cc(ccc3c4nnn[nH]4)c5ccccc5,7.0
123,CHEMBL13076,OC(=O)CN1C(=O)C(=O)Nc2cc(c(cc12)n3ccc(CNC(=O)Nc4ccc(cc4)[N+](=O)[O-])c3)C(F)(F)F,7.0
124,CHEMBL298800,CC(C)\C=C(\C[C@H](N)C(=O)O)/C(=O)O,7.03
125,CHEMBL3088072,Cl.OC(=O)[C@@H]1C[C@H]2C[C@H](CC[C@H]2CN1)Oc3cc(ccc3c4nnn[nH]4)c5cccs5,7.05
126,CHEMBL52742,CC(C)(C)\C=C(/C[C@H](N)C(=O)O)\C(=O)O,7.07
127,CHEMBL370038,Cn1nnc(n1)c2onc(O)c2C[C@H](N)C(=O)O,7.09
128,CHEMBL50041,CCC\C=C(\C[C@H](N)C(=O)O)/C(=O)O,7.1
129,CHEMBL294683,N[C@@H](C[C@@H](C\C=C\c1ccc(F)cc1)C(=O)O)C(=O)O,7.11
130,CHEMBL52295,CC\C=C(\C[C@H](N)C(=O)O)/C(=O)O,7.22
131,CHEMBL58054,N[C@@H](C[C@@H](C\C=C\c1cccc(Cl)c1)C(=O)O)C(=O)O,7.22
132,CHEMBL60168,N[C@@H](C[C@@H](C\C=C\c1ccc(cc1)[N+](=O)[O-])C(=O)O)C(=O)O,7.23
133,CHEMBL302680,CC(C)c1ccc(\C=C\C[C@H](C[C@H](N)C(=O)O)C(=O)O)cc1,7.24
134,CHEMBL299180,CC(C)\C=C(/C[C@H](N)C(=O)O)\C(=O)O,7.26
135,CHEMBL291491,N[C@@H](C[C@@H](C\C=C\c1ccc(cc1)C(F)(F)F)C(=O)O)C(=O)O,7.28
136,CHEMBL293118,N[C@@H](C[C@@H](C\C=C\c1ccc(Cl)c(Cl)c1)C(=O)O)C(=O)O,7.31
137,CHEMBL58095,N[C@@H](C[C@@H](C\C=C\c1ccccc1)C(=O)O)C(=O)O,7.36
138,CHEMBL60406,N[C@@H](C[C@@H](C\C=C\Cl)C(=O)O)C(=O)O,7.39
139,CHEMBL305346,COc1cccc(\C=C\C[C@H](C[C@H](N)C(=O)O)C(=O)O)c1,7.4
140,CHEMBL51660,N[C@@H](CC(=C1CCCC1)C(=O)O)C(=O)O,7.49
141,CHEMBL300368,CSc1ccc(\C=C\C[C@H](C[C@H](N)C(=O)O)C(=O)O)cc1,7.5
142,CHEMBL59284,COc1ccccc1\C=C\C[C@H](C[C@H](N)C(=O)O)C(=O)O,7.52
143,CHEMBL301915,N[C@@H](C[C@@H](C\C=C\c1ccc(Br)cc1)C(=O)O)C(=O)O,7.52
144,CHEMBL62086,CC#CC[C@H](C[C@H](N)C(=O)O)C(=O)O,7.54
145,CHEMBL3088070,Cl.OC(=O)[C@@H]1C[C@H]2C[C@H](CC[C@H]2CN1)Oc3cc(ccc3c4nnn[nH]4)c5ccc(Cl)cc5,7.7
146,CHEMBL67828,OC(=O)CN1C(=O)C(=O)Nc2cc(c(cc12)n3ccc(CN4CCN(CCc5ccccc5)CC4)c3)[N+](=O)[O-],7.92
147,CHEMBL59551,N[C@@H](C[C@@H](CC#C)C(=O)O)C(=O)O,7.94
148,CHEMBL58590,N[C@@H](C[C@@H](C\C=C\c1ccc(Cl)cc1)C(=O)O)C(=O)O,8.1
149,CHEMBL61751,N[C@@H](C[C@@H](C\C=C\c1cccc2ccccc12)C(=O)O)C(=O)O,8.16
150,CHEMBL63861,OC(=O)CN1C(=O)C(=O)Nc2cc(c(cc12)n3ccc(CN4CCN(Cc5ccccc5)CC4)c3)[N+](=O)[O-],8.42
151,CHEMBL288166,C[C@H](C[C@H](N)C(=O)O)C(=O)O,8.52
76,CHEMBL422505,OC(=O)c1ccc(cc1NC(=O)Nc2cccc(c2)C(F)(F)F)C(F)(F)F,4.68
77,CHEMBL156768,OC(=O)c1ccc(Cl)cc1NC(=O)Nc2ccsc2,4.29
83,CHEMBL156519,OC(=O)c1ccccc1NC(=O)Nc2cccc(c2)C(F)(F)F,4.14
86,CHEMBL264709,Cc1ccc(C(=O)O)c(NC(=O)Nc2cccc(c2)C(F)(F)F)c1,4.51
88,CHEMBL155527,OC(=O)c1ccc(Cl)cc1NC(=O)Nc2ccccc2F,4.7
93,CHEMBL154960,OC(=O)c1ccc(Cl)cc1NC(=O)Nc2cccnc2,4.16
94,CHEMBL348542,OC(=O)c1ccc(Cl)cc1NC(=O)Nc2ccc(cc2)c3ccccc3,4.54
96,CHEMBL347828,OC(=O)c1cc2ccccc2cc1NC(=O)Nc3cccc(c3)C(F)(F)F,4.22
101,CHEMBL351775,OC(=O)c1ccc(Cl)cc1NC(=O)Nc2ccc(F)cc2,4.85
102,CHEMBL154678,OC(=O)c1ccc(Cl)cc1NC(=O)Nc2ccccn2,4.51
103,CHEMBL157100,OC(=O)c1ccc(Cl)cc1NC(=O)Nc2ccccc2O,4.68
105,CHEMBL156667,OC(=O)c1ccc(Cl)cc1NC(=O)Nc2ccc(O)cc2,4.44
106,CHEMBL155581,OC(=O)c1ccc(Cl)cc1NC(=O)Nc2cccs2,4.75
107,CHEMBL346503,COc1ccccc1NC(=O)Nc2cc(Cl)ccc2C(=O)O,4.92
109,CHEMBL154290,OC(=O)c1ccc(Cl)cc1NC(=O)Nc2ccncc2,4.06
119,CHEMBL157270,OC(=O)c1ccc(Cl)cc1NC(=O)Nc2cccc(c2)c3ccccc3,4.92
126,CHEMBL152064,OC(=O)c1ccc(Cl)cc1NC(=O)Nc2cccc(O)c2,4.85
127,CHEMBL348558,OC(=O)c1ccc(cc1NC(=O)Nc2cccc(c2)C(F)(F)F)[N+](=O)[O-],4.52
130,CHEMBL298779,CC(=C(C[C@H](N)C(=O)O)C(=O)O)C,4.86
135,CHEMBL53194,N[C@@H](C\C(=C/C=C/c1ccccc1)\C(=O)O)C(=O)O,4.54
137,CHEMBL53775,N[C@@H](C\C(=C/CCc1ccccc1)\C(=O)O)C(=O)O,4.77
163,CHEMBL297283,N[C@@H](C\C(=C/c1ccc(Cl)cc1)\C(=O)O)C(=O)O,4.39
169,CHEMBL274226,OC(=O)[C@@H]1C[C@H]2C[C@@H](Cc3ccc(cc3)C(=O)O)CC[C@H]2CN1,4.77
173,CHEMBL187941,CCC(CC)COC(=O)[C@@H]1C[C@H]2C[C@H](CC[C@H]2CN1)Nc3ccccc3c4nn[nH]n4,4.5
174,CHEMBL222519,NS(=O)(=O)c1cccc2c3nc(O)c(O)nc3cc(c12)[N+](=O)[O-],4.93
177,CHEMBL193087,CC(C)n1nnc(n1)c2onc(O)c2CC(N)C(=O)O,4.47
182,CHEMBL379442,N[C@@H](CN1C=CC(=O)N(Cc2ccsc2C(=O)O)C1=O)C(=O)O,6.17
192,CHEMBL225612,OC(=O)c1ccc(Cl)cc1NC(=O)c2cccc(Br)c2,4.72
193,CHEMBL223928,OC(=O)c1ccc(Cl)cc1NC(=S)Nc2cccc(Br)c2,4.92
201,CHEMBL387549,Clc1ccc(C2=NC(=O)ON2)c(NC(=O)Nc3cccc(Br)c3)c1,5.34
202,CHEMBL224926,Clc1ccc(c(NC(=O)Nc2cccc(Br)c2)c1)c3nnn[nH]3,5.7
203,CHEMBL224872,OS(=O)(=O)c1ccc(Cl)cc1NC(=O)Nc2cccc(Br)c2,5.82
205,CHEMBL224688,OC(=O)Cc1ccc(Cl)cc1NC(=O)Nc2cccc(Br)c2,5.44
216,CHEMBL429594,N[C@@H](Cc1nsnc1O)C(=O)O,4.73
217,CHEMBL492469,N[C@@H](CN1C(=O)NC(=O)C2=C1CSC2)C(=O)O,8.42
218,CHEMBL492630,N[C@@H](CN1C(=O)NC(=O)c2sccc12)C(=O)O,8.72
260,CHEMBL2440704,Cl.OC(=O)[C@@H]1C[C@H]2C[C@H](CC[C@H]2CN1)Oc3ccc(cc3C(=O)O)c4ccccc4,4.96
261,CHEMBL2440515,Cl.COc1ccc(O[C@H]2CC[C@H]3CN[C@@H](C[C@H]3C2)C(=O)O)c(c1)C(=O)O,4.72
270,CHEMBL2440690,Cl.OC(=O)[C@@H]1C[C@H]2C[C@@H](Cc3ccccc3C(=O)O)CC[C@H]2CN1,4.17
272,CHEMBL2440692,OC(=O)[C@@H]1C[C@H]2C[C@H](CC[C@H]2CN1)Sc3cccc(c3)C(=O)O,4.34
274,CHEMBL2440124,Cl.OC(=O)[C@@H]1C[C@H]2C[C@@H](Cc3cccc(c3)C(=O)O)CC[C@H]2CN1,4.8
278,CHEMBL2440695,OC(=O)[C@@H]1C[C@H]2C[C@H](CC[C@H]2CN1)Sc3ccc(cc3)C(=O)O,4.72
282,CHEMBL3085835,Cl.OC(=O)[C@@H]1C[C@H]2C[C@H](CC[C@H]2CN1)Oc3cc(Oc4ccccc4)ccc3c5nnn[nH]5,4.77
296,CHEMBL3088061,OC(=O)[C@@H]1C[C@H]2C[C@H](CC[C@H]2CN1)Nc3ccc(F)cc3c4nnn[nH]4,4.97
300,CHEMBL3088057,Cl.COc1cccc(N[C@H]2CC[C@H]3CN[C@@H](C[C@H]3C2)C(=O)O)c1c4nnn[nH]4,4.89
314,CHEMBL3104262,CCn1c(cc2cc(OC)ccc12)c3ccccc3,4.92
