,molecule_chembl_id,canonical_smiles,pchembl_value
0,topiramate,[H][C@@]12CO[C@@]3(COS(N)(=O)=O)OC(C)(C)O[C@@]3([H])[C@]1([H])OC(C)(C)O2,
1,CHEMBL51660,N[C@@H](CC(=C1CCCC1)C(=O)O)C(=O)O,5.0
2,CHEMBL12465,NCc1ccn(c1)c2cc3N(CC(=O)O)C(=O)C(=O)Nc3cc2[N+](=O)[O-],5.01
3,CHEMBL299180,CC(C)\C=C(/C[C@H](N)C(=O)O)\C(=O)O,5.13
4,CHEMBL276815,Cc1onc(O)c1C[C@H](N)C(=O)O,5.67
5,CHEMBL122656,N[C@@H](CN1N=CC(=O)NC1=O)C(=O)O,5.7
6,CHEMBL123132,N[C@@H](CN1C=C(F)C(=O)NC1=O)C(=O)O,5.74
7,CHEMBL268284,OC(=O)CN1C(=O)C(=O)Nc2cc(c(cc12)n3cccc3)[N+](=O)[O-],5.89
8,CHEMBL120808,CC1=NN(C[C@H](N)C(=O)O)C(=O)NC1=O,5.94
9,CHEMBL575060,N[C@@H](CCC(=O)O)C(=O)O,6.13
10,CHEMBL27130,CC(C)(C)c1onc(O)c1C[C@H](N)C(=O)O,6.32
11,CHEMBL121191,N[C@@H](CN1C=C(C(=O)NC1=O)[N+](=O)[O-])C(=O)O,6.41
12,CHEMBL275040,CC(=C)[C@H]1CN[C@@H]([C@H]1CC(=O)O)C(=O)O,6.75
13,CHEMBL28472,N[C@@H](CC1=CCCCc2onc(O)c12)C(=O)O,6.89
14,CHEMBL29024,CC(C)(C)c1snc(O)c1C[C@H](N)C(=O)O,7.0
15,CHEMBL121388,N[C@@H](CN1C=C(Cl)C(=O)NC1=O)C(=O)O,7.24
16,CHEMBL331696,N[C@@H](CN1N=C(Cl)C(=O)NC1=O)C(=O)O,7.51
17,CHEMBL121553,N[C@@H](CN1N=C(I)C(=O)NC1=O)C(=O)O,7.7
18,CHEMBL333964,N[C@@H](CN1C=C(Br)C(=O)NC1=O)C(=O)O,8.04
19,CHEMBL331644,N[C@@H](CN1N=C(Br)C(=O)NC1=O)C(=O)O,8.54
20,CHEMBL121915,N[C@@H](CN1C=C(I)C(=O)NC1=O)C(=O)O,9.62
0,CHEMBL13076,OC(=O)CN1C(=O)C(=O)Nc2cc(c(cc12)n3ccc(CNC(=O)Nc4ccc(cc4)[N+](=O)[O-])c3)C(F)(F)F,4.92
2,CHEMBL293613,OC(=O)CN1C(=O)C(=O)Nc2cc(c(cc12)n3ccc(c3)C(=O)O)[N+](=O)[O-],4.96
6,CHEMBL305534,OC(=O)CCN1C(=O)C(=O)Nc2cc(c(cc12)n3cccc3)[N+](=O)[O-],4.6
7,CHEMBL67828,OC(=O)CN1C(=O)C(=O)Nc2cc(c(cc12)n3ccc(CN4CCN(CCc5ccccc5)CC4)c3)[N+](=O)[O-],4.6
8,CHEMBL429540,OC(=O)CN1C(=O)C(=O)Nc2cc(c(cc12)n3ccc(CNCCCc4ccccc4)c3)[N+](=O)[O-],4.7
9,CHEMBL416685,OC(=O)CN1C(=O)C(=O)Nc2cc(c(cc12)n3ccc(CN4CCC(CC4)c5ccccc5)c3)[N+](=O)[O-],4.75
10,CHEMBL63861,OC(=O)CN1C(=O)C(=O)Nc2cc(c(cc12)n3ccc(CN4CCN(Cc5ccccc5)CC4)c3)[N+](=O)[O-],4.7
20,CHEMBL122005,N[C@@H](CN1C=CC(=O)NC1=O)C(=O)O,4.54
33,CHEMBL51008,CCC(=C(C[C@H](N)C(=O)O)C(=O)O)CC,4.67
34,CHEMBL298800,CC(C)\C=C(\C[C@H](N)C(=O)O)/C(=O)O,4.09
