,molecule_chembl_id,canonical_smiles,pchembl_value
0,felbamate,NC(=O)OCC(COC(N)=O)C1=CC=CC=C1,4.284
1,memantine,CC12CC3CC(C)(C1)CC(N)(C3)C2,5.26
2,acamprosate,CC(=O)NCCCS(O)(=O)=O,
3,ketamine,CNC1(CCCCC1=O)C1=C(Cl)C=CC=C1,6.38000011
4,amantadine,NC12CC3CC(CC(C3)C1)C2,4.98000002
5,CHEMBL350615,N=C(NCc1ccccc1)c2ccccc2,5.0
6,CHEMBL217915,Cc1ccc(COC(=O)N2CCC(COc3ncccn3)CC2)cc1,5.13
7,CHEMBL247716,OC1CN=C(NC1c2ccccc2)c3ccc(OC(F)(F)F)cc3,5.13
8,CHEMBL159498,Clc1cccc(CNC(=N)c2ccccc2)c1,5.38
9,CHEMBL391389,FC(F)(F)Oc1ccc(cc1)C2=NCCCC(N2)c3ccccc3,5.38
10,CHEMBL349709,Clc1cccc(CNC(=N)c2ccccc2Cl)c1,5.41
11,CHEMBL159847,CS(=O)(=O)c1ccc(cc1)C(=N)NCc2ccccc2,5.46
12,CHEMBL218478,Cc1ccc(CC(=O)N2CCC(CCNc3ncccn3)CC2)cc1,5.5
13,CHEMBL438994,N#C\N=C(/NCc1ccccc1)\NN2CCC(CNc3ncccn3)CC2,5.51
14,CHEMBL2010888,Fc1ccc2[nH]c(nc2c1CN3CCOCC3)c4ccccc4,5.6
15,CHEMBL218463,CN(CC1CCN(CC1)C(=O)OCc2ccc(C)cc2)c3ncccn3,5.68
16,CHEMBL351010,Fc1cccc(c1)C(=N)NCc2cccc(Cl)c2,5.7
17,CHEMBL349067,N=C(NCc1ccccc1)c2ccc(cc2)c3ccccc3,5.75
18,CHEMBL2010879,Oc1ccc2[nH]c(Cc3ccccc3)nc2c1CN4CCCC4,5.8
19,CHEMBL217992,O=C(OCc1ccc(cc1)C#C)N2CCC(CNc3ncccn3)CC2,5.9
20,CHEMBL218460,O=C(NCc1ccccc1)N2CCC(CNc3ncccn3)CC2,5.93
21,CHEMBL160013,COc1ccc(C\N=C(/N)\c2ccc(OC(F)(F)F)cc2)cc1,5.96
22,CHEMBL2010887,CCC1CCCCN1Cc2c(F)ccc3[nH]c(nc23)c4ccccc4,6.0
23,CHEMBL161977,Clc1ccc(cc1)C(=N)NCc2ccccc2,6.01
24,CHEMBL2010886,CC(C)NCc1c(F)ccc2[nH]c(nc12)c3ccccc3,6.1
25,CHEMBL162081,Clc1cccc(CNC(=N)c2cccc(Cl)c2)c1,6.1
26,CHEMBL2013206,Oc1ccc2[nH]c(nc2c1CNCc3occc3)c4cccc(F)c4F,6.1
27,CHEMBL444384,O=C(CN1CCC(Cc2ccccc2)CC1)c3c[nH]c4ccccc34,6.11
28,CHEMBL217940,CC(C)(C)c1ccc(COC(=O)N2CCC(CNc3ncccn3)CC2)cc1,6.14
29,CHEMBL3797704,CN1C(=O)N(C)c2cc3CC(CCCc3cc12)NCCCc4ccccc4,6.16
30,CHEMBL348360,FC(F)(F)c1ccc(cc1)C(=N)NCc2cccc(c2)C(F)(F)F,6.16
31,CHEMBL2013205,Oc1ccc2[nH]c(nc2c1CNCc3cccs3)c4cccc(F)c4F,6.2
32,CHEMBL159879,Fc1ccc(cc1)C(=N)NCc2cccc(Cl)c2,6.22
33,CHEMBL425642,CC(OC(=O)N1CCC(CNc2ncccn2)CC1)c3ccccc3,6.27
34,CHEMBL247115,FC(F)(F)Oc1ccc(cc1Cl)C2=NCC(N2)c3ccccc3OC(F)(F)F,6.3
35,CHEMBL159530,FC(F)(F)c1ccc(cc1)C(=N)NCc2ccccc2,6.32
36,CHEMBL217904,COc1ccc(COC(=O)N2CCC(CNc3ncccn3)CC2)cc1,6.34
37,CHEMBL2010880,C(N1CCCCC1)c2cccc3[nH]c(nc23)c4ccccc4,6.4
38,CHEMBL2013203,CN1CCN(Cc2c(O)ccc3[nH]c(nc23)c4ccccc4)CC1,6.4
39,CHEMBL247114,FC(F)(F)Oc1ccc(cc1Cl)C2=NCC(N2)c3ccccc3C(F)(F)F,6.45
40,CHEMBL217955,O=C(CCc1ccccc1)N2CCC(CNc3ncccn3)CC2,6.51
41,CHEMBL247717,FC(F)(F)Oc1ccc(cc1)C2=NCC(N2)c3cccc(Cl)c3,6.53
42,CHEMBL218075,C(CN1CCC(CNc2ncccn2)CC1)Cc3ccccc3,6.58
43,CHEMBL2013202,CN(C)Cc1c(O)ccc2[nH]c(nc12)c3ccccc3,6.6
44,CHEMBL425462,Cc1ccccc1COC(=O)N2CCC(CNc3ncccn3)CC2,6.64
45,CHEMBL219114,O=C(OCCc1ccccc1)N2CCC(CNc3ncccn3)CC2,6.64
46,CHEMBL247113,FC(F)(F)Oc1ccc(cc1Cl)C2=NCC(N2)c3cc(Cl)cc(Cl)c3,6.65
47,CHEMBL218546,O=C(OCc1ccccc1)N2CCC(Cc3nc4ccccc4[nH]3)CC2,6.66
48,CHEMBL218104,Cc1cccc(COC(=O)N2CCC(CNc3ncccn3)CC2)c1,6.69
49,CHEMBL2010885,Fc1ccc2[nH]c(nc2c1CN3CCCCCC3)c4ccccc4,6.7
50,CHEMBL219113,O=C(OCc1ccccc1)N2CCC(CNc3nncs3)CC2,6.72
51,CHEMBL218067,O=C(OCc1ccccc1)N2CCC(CNc3cccnc3)CC2,6.75
52,CHEMBL161871,Clc1ccc(cc1)C(=N)NCc2cccc(Cl)c2,6.8
53,CHEMBL374865,Fc1cccc(COC(=O)N2CCC(CNc3ncccn3)CC2)c1,6.82
54,CHEMBL218547,O=C(OCc1ccccc1)N2CCC(CNc3nccs3)CC2,6.91
55,CHEMBL161421,FC(F)(F)Oc1ccc(cc1)C(=N)NCc2ccccc2,6.92
56,CHEMBL159818,Clc1cccc(CNC(=N)c2ccc(Cl)c(Cl)c2)c1,6.96
57,CHEMBL48029,C(Cc1ccc(OCc2ccccc2)cc1)Nc3ccncc3,7.03
58,CHEMBL49623,C[C@@H]([C@H](O)c1ccc(O)cc1)N2CCC(Cc3ccccc3)CC2,7.03
59,CHEMBL2010883,Fc1ccc2[nH]c(nc2c1CN3CCCC3)c4ccccc4,7.1
60,CHEMBL2010884,Fc1ccc2[nH]c(nc2c1CN3CCCCC3)c4ccccc4,7.1
61,CHEMBL2013201,Oc1ccc2[nH]c(nc2c1CN3CCC(CC3)c4ccccc4)c5ccccc5,7.1
62,CHEMBL397784,COc1ccccc1C2CN=C(N2)c3ccc(OC(F)(F)F)c(Cl)c3,7.13
63,CHEMBL218068,O=C(OCc1ccccc1)N2CCC(CNc3ccncn3)CC2,7.13
64,CHEMBL159279,FC(F)(F)Oc1ccc(cc1)C(=N)NCc2ccccc2C(F)(F)F,7.14
65,CHEMBL429475,FC(F)(F)Oc1ccc(cc1Cl)C2=NCC(N2)c3cccc(Cl)c3,7.18
66,CHEMBL3357785,C(NC1CCc2ccccc2CC1)c3ccccc3,7.24
67,CHEMBL161876,FC(F)(F)Oc1ccccc1CNC(=N)c2ccc(Cl)c(Cl)c2,7.24
68,CHEMBL421976,FC(F)(F)c1ccc(cc1)C(=N)NCc2ccccc2Cl,7.25
69,CHEMBL2013199,CCCNCc1c(O)ccc2[nH]c(nc12)c3ccccc3,7.4
70,CHEMBL2013207,Cc1ccc(cc1)c2nc3c(CNC4CC4)c(O)ccc3[nH]2,7.4
71,CHEMBL2013200,Oc1ccc2[nH]c(nc2c1CN3CCOCC3)c4ccccc4,7.4
72,CHEMBL218017,O=C(OCc1ccccc1)N2CCC(CNc3ccccn3)CC2,7.43
73,CHEMBL159558,FC(F)(F)c1ccc(cc1)C(=N)NCc2cccc(Cl)c2,7.5
74,CHEMBL2013198,Oc1ccc2[nH]c(nc2c1CNC3CCCC3)c4ccccc4,7.5
75,CHEMBL219631,[O-][S+](CCN1CCC(Cc2ccc(F)cc2)CC1)c3ccc4NC(=O)Oc4c3,7.52
76,CHEMBL161180,FC(F)(F)Oc1ccc(cc1)C(=N)NCc2cc(Cl)cc(Cl)c2,7.62
77,CHEMBL349727,COc1cccc(C\N=C(/N)\c2ccc(OC(F)(F)F)cc2)c1,7.64
78,CHEMBL221133,O=C(OC1Cc2ccccc2C1)N3CCC(CNc4ncccn4)CC3,7.64
79,CHEMBL435316,O=C(OCc1ccccc1)N2CCC(CNc3ncccn3)CC2,7.64
80,CHEMBL3357786,C(Cc1ccccc1)NC2CCc3ccccc3CC2,7.7
81,CHEMBL305187,CC(C(O)c1ccc(O)cc1)N2CCC(Cc3ccccc3)CC2,7.7
82,CHEMBL218275,Fc1ccc(COC(=O)N2CCC(CNc3ncccn3)CC2)cc1,7.75
83,CHEMBL221605,Fc1ccccc1COC(=O)N2CCC(CNc3ncccn3)CC2,7.75
84,CHEMBL3357787,C(CCc1ccccc1)CNC2CCc3ccccc3CC2,7.77
85,CHEMBL296601,C(CNC1CCc2ccccc2CC1)Cc3ccccc3,7.8
86,CHEMBL3357783,COc1ccc2C(O)CC(CCc2c1)NCCCc3ccccc3,7.8
87,CHEMBL220660,O=C(OCc1ccccc1)N2CCC(CNc3cnccn3)CC2,7.85
88,CHEMBL28564,OC(CN1CCC(Cc2ccc(F)cc2)CC1)c3ccc(Cl)cc3,7.89
89,CHEMBL2013204,Oc1ccc2[nH]c(nc2c1CN3CCCC3)c4cccc(F)c4F,7.9
90,CHEMBL3357789,C1Cc2ccccc2CCC1N3CCN(CC3)c4ccccc4,7.92
91,CHEMBL219060,O=C(OCc1ccccc1)N2CCC(CNc3ccncc3)CC2,7.98
92,CHEMBL3357784,COc1ccc2CCC(CCc2c1)NCCCc3ccccc3,8.0
93,CHEMBL319706,C[C@@H]([C@@H](O)c1ccc(O)cc1)N2CCC(Cc3ccccc3)CC2,8.0
94,CHEMBL158874,N=C(NCc1ccccc1)\C=C\c2ccccc2,8.05
95,CHEMBL162080,Cc1cc(C)cc(C\N=C(/N)\c2ccc(cc2)C(F)(F)F)c1,8.06
96,CHEMBL247718,FC(F)(F)Oc1ccc2C(=N)N(Cc3cccc(Cl)c3)Cc2c1,8.1
97,CHEMBL2013197,Oc1ccc2[nH]c(nc2c1CN3CCCC3)c4ccccc4,8.1
98,CHEMBL2013195,Oc1ccc2[nH]c(nc2c1CN3CCCCC3)c4ccccc4,8.1
99,CHEMBL2013196,Oc1ccc2[nH]c(nc2c1CN3CCCCCC3)c4ccccc4,8.1
100,CHEMBL386184,CC(C)c1ccc(COC(=O)N2CCC(CNc3ncccn3)CC2)cc1,8.11
101,CHEMBL3735173,[O-][N+](=O)c1ccc2CCC(CCc2c1)NCc3ccccc3,8.12
102,CHEMBL3357788,C1CN(CCC1c2ccccc2)C3CCc4ccccc4CC3,8.16
103,CHEMBL3357792,C1C[C@@H](CC[C@H]1NC2CCc3ccccc3CC2)c4ccccc4,8.24
104,CHEMBL159560,COc1ccccc1C\N=C(/N)\c2ccc(OC(F)(F)F)cc2,8.24
105,CHEMBL1289403,COc1ccc2C(O)CN(CCCCc3ccccc3)CCc2c1,8.27
106,CHEMBL159744,Cc1cc(C)cc(C\N=C(/N)\c2ccc(OC(F)(F)F)cc2)c1,8.38
107,CHEMBL3736502,[O-][N+](=O)c1ccc2CCC(CCc2c1)NCCCCc3ccccc3,8.42
108,CHEMBL218211,CCc1ccc(COC(=O)N2CCC(CNc3ncccn3)CC2)cc1,8.43
109,CHEMBL247323,COc1ccccc1CN2Cc3cc(OC(F)(F)F)ccc3C2=N,8.44
110,CHEMBL218713,Cc1ccc(COC(=O)N2CCC(CNc3ncccn3)CC2)cc1,8.47
111,CHEMBL3735485,[O-][N+](=O)c1ccc2CCC(CCc2c1)NCCc3ccccc3,8.48
112,CHEMBL3357790,C(C1CCN(CC1)C2CCc3ccccc3CC2)c4ccccc4,8.54
113,CHEMBL3357791,C1C[C@@H](CC[C@@H]1NC2CCc3ccccc3CC2)c4ccccc4,8.64
114,CHEMBL393670,FC(F)(F)Oc1ccc2C(=N)N(Cc3cccc4ccoc34)Cc2c1,8.66
115,CHEMBL429656,Cc1cc(C)cc(CN2Cc3cc(OC(F)(F)F)ccc3C2=N)c1,8.7
116,CHEMBL3735947,[O-][N+](=O)c1ccc2CCC(CCc2c1)NCCCc3ccccc3,8.8
117,CHEMBL158737,COc1ccccc1C\N=C(/N)\C=C\c2ccccc2,9.0
