,molecule_chembl_id,canonical_smiles,pchembl_value
0,CHEMBL419399,Cc1ccc(CC2CCN(CC#Cc3ccc4[nH]c(O)nc4c3)CC2)cc1,7.77
4,CHEMBL114155,Cn1c(O)nc2cc(ccc12)C#CCN3CCC(Cc4ccccc4)CC3,4.05
7,CHEMBL325825,Oc1nc2cc(ccc2[nH]1)C#CCN3CCC(Cc4ccc(Cl)cc4)CC3,7.72
15,CHEMBL115883,Sc1nc2cc(ccc2[nH]1)C#CCCN3CCC(Cc4ccccc4)CC3,4.13
18,CHEMBL19506,Oc1nc2cc(ccc2[nH]1)C#CCN3CCC(Cc4ccc(F)cc4)CC3,4.42
21,CHEMBL113936,O=C1Nc2ccc(cc2C1=O)C#CCCN3CCC(Cc4ccccc4)CC3,4.24
26,CHEMBL324584,C(CN1CCC(Cc2ccccc2)CC1)C#Cc3ccc4[nH]ncc4c3,4.02
41,CHEMBL117260,Oc1nc2cc(ccc2[nH]1)C#CCN3CCC(Cc4ccccc4)CC3,4.46
44,CHEMBL117940,Oc1nc2cc(ccc2[nH]1)C#CCCN3CCC(Cc4ccccc4)CC3,4.41
47,CHEMBL325890,Oc1oc2cc(ccc2n1)C#CCN3CCC(Cc4ccccc4)CC3,7.31
48,CHEMBL113697,Oc1oc2cc(ccc2n1)C#CCCN3CCC(Cc4ccccc4)CC3,4.41
51,CHEMBL114823,O=C1Cc2cc(ccc2N1)C#CCCN3CCC(Cc4ccccc4)CC3,4.28
54,CHEMBL116223,Sc1nc2cc(ccc2[nH]1)C#CCN3CCC(Cc4ccccc4)CC3,4.6
60,CHEMBL22168,NC(C(=O)O)c1ccc(CP(=O)(O)O)cc1,5.52
61,CHEMBL163541,OC(=O)c1[nH]c2cc(Cl)cc(Cl)c2c1CN3CC(=O)N(C3=S)c4ccccc4,6.24
62,CHEMBL162577,COc1ccc(cc1)N2C(=O)CN(Cc3c([nH]c4cc(Cl)cc(Cl)c34)C(=O)O)C2=O,7.0
63,CHEMBL301556,OC(=O)c1cc2c(Cl)cc(Cl)cc2[nH]1,5.54
64,CHEMBL162293,OC(=O)c1[nH]c2cc(Cl)cc(Cl)c2c1CNC(=O)Nc3ccccc3,7.85
65,CHEMBL354003,OC(=O)c1[nH]c2cc(Cl)cc(Cl)c2c1CN3CC(=O)N(C4CCCCC4)C3=O,6.89
66,CHEMBL164054,OC(=O)c1[nH]c2cc(Cl)cc(Cl)c2c1CN3CC(=O)N(C3=O)c4cccc(Cl)c4,7.07
67,CHEMBL424524,CC(C)C1N(Cc2c([nH]c3cc(Cl)cc(Cl)c23)C(=O)O)C(=O)N(C1=O)c4ccccc4,5.96
68,CHEMBL163465,OC(=O)c1[nH]c2cc(Cl)cc(Cl)c2c1CNCc3ccccc3,4.04
69,CHEMBL162435,CCN1C(=O)CN(Cc2c([nH]c3cc(Cl)cc(Cl)c23)C(=O)O)C1=O,6.0
70,CHEMBL354692,Cc1cccc(c1)N2C(=O)CN(Cc3c([nH]c4cc(Cl)cc(Cl)c34)C(=O)O)C2=O,7.35
71,CHEMBL162400,CC(=O)c1ccc(cc1)N2C(=O)CN(Cc3c([nH]c4cc(Cl)cc(Cl)c34)C(=O)O)C2=O,6.82
72,CHEMBL163916,OC(=O)c1[nH]c2cc(Cl)cc(Cl)c2c1CNC(=O)c3ccccc3,6.92
73,CHEMBL159739,OC(=O)c1[nH]c2cc(Cl)cc(Cl)c2c1CNC(=O)NS(=O)(=O)c3ccccc3,7.14
74,CHEMBL352071,Cc1ccc(cc1)N2C(=O)CN(Cc3c([nH]c4cc(Cl)cc(Cl)c34)C(=O)O)C2=O,7.44
75,CHEMBL349729,OC(=O)c1[nH]c2cc(Cl)cc(Cl)c2c1CN3CC(=O)N(C3=O)c4cc(Cl)cc(Cl)c4,7.1
76,CHEMBL163034,OC(=O)c1[nH]c2cc(Cl)cc(Cl)c2c1CN3CC(=O)N(C3=O)c4ccccc4,7.66
77,CHEMBL434107,CC(C)N1C(=O)CN(Cc2c([nH]c3cc(Cl)cc(Cl)c23)C(=O)O)C1=O,5.98
78,CHEMBL350654,CC(=O)c1cccc(c1)N2C(=O)CN(Cc3c([nH]c4cc(Cl)cc(Cl)c34)C(=O)O)C2=O,7.24
79,CHEMBL163865,CC1N(Cc2c([nH]c3cc(Cl)cc(Cl)c23)C(=O)O)C(=O)N(C1=O)c4ccccc4,6.51
80,CHEMBL164322,OC(=O)c1[nH]c2cc(Cl)cc(Cl)c2c1CNS(=O)(=O)c3ccccc3,6.0
81,CHEMBL435844,OC(=O)c1[nH]c2cc(Cl)cc(Cl)c2c1CN3CC(=O)N(C3=O)c4ccc(F)cc4,7.28
82,CHEMBL351649,OC(=O)c1[nH]c2cc(Cl)cc(Cl)c2c1CN3CCN(C3=O)c4ccccc4,7.24
83,CHEMBL163307,OC(=O)c1[nH]c2cc(Cl)cc(Cl)c2c1CN3CC(=O)N(C3=O)c4ccc(Cl)cc4,6.92
84,CHEMBL82626,C[C@@H](NCc1cc(cc2nc(O)c(O)nc12)[N+](=O)[O-])P(=O)(O)O,7.5
85,CHEMBL162675,C[C@@H](NCc1cc(F)cc2nc(O)c(O)nc12)P(=O)(O)O,8.05
86,CHEMBL82963,C[C@@H](NCc1cc(cc2nc(O)c(O)nc12)C(F)(F)F)P(=O)(O)O,8.1
87,CHEMBL86313,C[C@@H](NCc1cc(Br)cc2nc(O)c(O)nc12)P(=O)(O)O,8.3
88,CHEMBL164231,C[C@@H](NCc1cc(cc2nc(O)c(O)nc12)C#N)P(=O)(O)O,7.12
89,CHEMBL354295,C[C@@H](NCc1cc(I)cc2nc(O)c(O)nc12)P(=O)(O)O,8.1
90,CHEMBL167952,C[C@@H](NCc1cc(Cl)cc2nc(O)c(O)nc12)P(=O)(O)O,8.22
91,CHEMBL401848,CS(=O)(=O)N(CC(=O)O)c1c(Cl)c(Cl)cc2NC(=O)C(=O)Nc12,8.7
92,CHEMBL247035,COc1cccc(CN(c2c(Cl)c(Cl)cc3NC(=O)C(=O)Nc23)S(=O)(=O)C)c1,7.92
93,CHEMBL247034,CC(O)CN(c1c(Cl)c(Cl)cc2NC(=O)C(=O)Nc12)S(=O)(=O)C,7.4
94,CHEMBL401100,CS(=O)(=O)N(CCCO)c1c(Cl)c(Cl)cc2NC(=O)C(=O)Nc12,7.39
95,CHEMBL401253,CCc1c(Cl)cc2NC(=O)C(=O)Nc2c1N(CCO)S(=O)(=O)C,7.24
96,CHEMBL429296,Cc1cc2NC(=O)C(=O)Nc2c(N(CCO)S(=O)(=O)C)c1Cl,8.4
97,CHEMBL401849,Cc1c(Cl)cc2NC(=O)C(=O)Nc2c1N(CCO)S(=O)(=O)C,7.85
98,CHEMBL248247,Cc1cc2NC(=O)C(=O)Nc2c(N(CC(=O)O)S(=O)(=O)C)c1Cl,9.0
99,CHEMBL246004,Cc1c(Cl)cc2NC(=O)C(=O)Nc2c1N(CC(=O)O)S(=O)(=O)C,8.7
100,CHEMBL399519,CCS(=O)(=O)N(CCC(F)(F)F)c1c(Cl)c(Cl)cc2NC(=O)C(=O)Nc12,6.96
103,CHEMBL248443,CS(=O)(=O)N(CCC(F)(F)F)c1c(Cl)c(Cl)cc2NC(=O)C(=O)Nc12,7.66
105,CHEMBL399275,COCCCN(c1c(Cl)c(Cl)cc2NC(=O)C(=O)Nc12)S(=O)(=O)C,8.1
107,CHEMBL248446,CCc1cc2NC(=O)C(=O)Nc2c(N(CCCOC)S(=O)(=O)C)c1Cl,7.31
108,CHEMBL248445,COCCN(c1c(C)c(Cl)cc2NC(=O)C(=O)Nc12)S(=O)(=O)C,7.13
109,CHEMBL248444,COCCN(c1c(Cl)c(C)cc2NC(=O)C(=O)Nc12)S(=O)(=O)C,7.11
110,CHEMBL399700,COCCCN(c1cc(Cl)cc2NC(=O)C(=O)Nc12)S(=O)(=O)C,6.14
112,CHEMBL400508,CCOCCCN(c1c(Cl)c(Cl)cc2NC(=O)C(=O)Nc12)S(=O)(=O)C,7.72
113,CHEMBL248442,CCOCCN(c1c(Cl)c(Cl)cc2NC(=O)C(=O)Nc12)S(=O)(=O)C,6.68
115,CHEMBL248439,COCCN(c1c(Cl)c(Cl)cc2NC(=O)C(=O)Nc12)S(=O)(=O)C,7.42
116,CHEMBL399274,CCOCCOCCN(c1c(Cl)c(Cl)cc2NC(=O)C(=O)Nc12)S(=O)(=O)C,6.78
117,CHEMBL248438,CS(=O)(=O)N(CC1CCCO1)c2c(Cl)c(Cl)cc3NC(=O)C(=O)Nc23,7.23
118,CHEMBL399075,CS(=O)(=O)N(CC1CCCCO1)c2c(Cl)c(Cl)cc3NC(=O)C(=O)Nc23,7.41
119,CHEMBL248436,CS(=O)(=O)N(Cc1cccc(F)c1)c2c(Cl)c(Cl)cc3NC(=O)C(=O)Nc23,7.35
121,CHEMBL1254766,CN1CC[C@@]23CCCC[C@@H]2[C@@H]1Cc4ccc(O)cc34,6.61
122,CHEMBL284237,C[C@]12N[C@H](Cc3ccccc13)c4ccccc24,8.05
123,CHEMBL478666,Clc1ccc2c(NCCCNCCCOc3cccc4[nH]c5ccccc5c34)c6CCCCc6nc2c1,6.13
124,CHEMBL474268,Clc1ccc2c(NCCCNCCCCCCOc3cccc4[nH]c5ccccc5c34)c6CCCCc6nc2c1,4.89
125,CHEMBL473866,Clc1ccc2c(NCCCNCCCCCOc3cccc4[nH]c5ccccc5c34)c6CCCCc6nc2c1,4.74
126,CHEMBL478667,Clc1ccc2c(NCCCNCCCCOc3cccc4[nH]c5ccccc5c34)c6CCCCc6nc2c1,4.52
127,CHEMBL807,CC12CC3CC(C)(C1)CC(N)(C3)C2,5.02
