,molecule_chembl_id,canonical_smiles,pchembl_value
0,ivabradine,COC1=C(OC)C=C2[C@@H](CN(C)CCCN3CCC4=CC(OC)=C(OC)C=C4CC3=O)CC2=C1,5.79999971
1,dronedarone,CCCCN(CCCC)CCCOC1=CC=C(C=C1)C(=O)C1=C(CCCC)OC2=C1C=C(NS(C)(=O)=O)C=C2,
2,CHEMBL1823889,COc1ccccc1C(=O)NCC(N2CCN(C)CC2)c3ccc(C)cc3,5.6
3,CHEMBL1823885,COc1ccccc1C(=O)NCC2(CCc3ccccc3C2)N4CCN(C)CC4,5.8
4,CHEMBL1823665,COc1ccccc1C(=O)NCC2(Cc3ccccc3C2)N4CCN(C)CC4,5.9
5,CHEMBL1823674,CCOc1ccccc1C(=O)NCC2(Cc3ccccc3C2)N4CCN(CC4)C(C)C,6.2
6,CHEMBL1823667,CN1CCN(CC1)C2(CNC(=O)c3ccccc3OCc4ccccc4)Cc5ccccc5C2,6.2
7,CHEMBL1823888,COc1ccccc1C(=O)NCC2(CCN(CC2)c3ccccc3)N4CCN(CC4)C(C)C,6.2
8,CHEMBL1823886,CCOc1ccccc1C(=O)NCC2(CCCC2)N3CCN(C)CC3,6.4
9,CHEMBL1823882,CCOc1ccccc1C(=O)NCC2(CCCCC2)N3CCNCC3,6.4
10,CHEMBL1823666,CCOc1ccccc1C(=O)NCC2(Cc3ccccc3C2)N4CCN(C)CC4,6.4
11,CHEMBL1435630,COc1ccccc1C(=O)NCC2(CCCCC2)N3CCN(C)CC3,6.4
12,CHEMBL1823887,CCOc1ccccc1C(=O)NCC2(CCOCC2)N3CCN(CC3)C(C)C,6.5
13,CHEMBL1823876,CC(C)Oc1ccccc1C(=O)NCC2(CCCCC2)N3CCN(CC3)C(C)C,6.6
14,CHEMBL1823881,CCOc1ccccc1C(=O)NCC2(CCCCC2)N3CCN(CC3)C4CCCC4,6.7
15,CHEMBL2052019,[Cl-].CCN(c1ccccc1)c2cc(NC)[n+](C)c(C)n2,6.8
16,CHEMBL1823677,CCOc1ccccc1C(=O)NCC2(CCCCC2)N3CCN(C)CC3,6.9
17,CHEMBL1823880,CCOc1ccccc1C(=O)NCC2(CCCCC2)N3CCN(CC3)C4CCC4,7.1
18,CHEMBL1823879,CCOc1ccccc1C(=O)NCC2(CCCCC2)N3CCN(CC3)C4CC4,7.3
19,CHEMBL1823878,CCOc1ccccc1C(=O)NCC2(CCCCC2)N3CCN(CC)CC3,7.5
20,CHEMBL1823875,COc1ccccc1C(=O)NCC2(CCCCC2)N3CCN(CC3)C(C)C,7.5
21,CHEMBL1823874,CCOc1ccccc1C(=O)NCC2(CCCCC2)N3CCN(CC3)C(C)C,7.8
