,molecule_chembl_id,canonical_smiles,pchembl_value
0,dronedarone,CCCCN(CCCC)CCCOC1=CC=C(C=C1)C(=O)C1=C(CCCC)OC2=C1C=C(NS(C)(=O)=O)C=C2,
1,CHEMBL69679,COc1ccc(CCN(C)CCCN2CCc3cc(OC)c(OC)cc3CC2=O)cc1OC,5.07
2,CHEMBL1253993,COc1ccc(CCN(C)C\C=C\CN2C=Cc3cc(OC)c(OC)cc3CC2=O)cc1OC,5.14
3,CHEMBL1254085,COc1ccc(CCN(C)C\C=C/CN2C=Cc3cc(OC)c(OC)cc3CC2=O)cc1OC,5.15
4,CHEMBL1823885,COc1ccccc1C(=O)NCC2(CCc3ccccc3C2)N4CCN(C)CC4,5.2
5,CHEMBL1823886,CCOc1ccccc1C(=O)NCC2(CCCC2)N3CCN(C)CC3,5.3
6,CHEMBL1823666,CCOc1ccccc1C(=O)NCC2(Cc3ccccc3C2)N4CCN(C)CC4,5.3
7,CHEMBL1435630,COc1ccccc1C(=O)NCC2(CCCCC2)N3CCN(C)CC3,5.3
8,CHEMBL1823888,COc1ccccc1C(=O)NCC2(CCN(CC2)c3ccccc3)N4CCN(CC4)C(C)C,5.3
9,ivabradine,COC1=C(OC)C=C2[C@@H](CN(C)CCCN3CCC4=CC(OC)=C(OC)C=C4CC3=O)CC2=C1,5.37
10,CHEMBL1823882,CCOc1ccccc1C(=O)NCC2(CCCCC2)N3CCNCC3,5.4
11,CHEMBL1823887,CCOc1ccccc1C(=O)NCC2(CCOCC2)N3CCN(CC3)C(C)C,5.4
12,CHEMBL1823674,CCOc1ccccc1C(=O)NCC2(Cc3ccccc3C2)N4CCN(CC4)C(C)C,5.5
13,CHEMBL1823667,CN1CCN(CC1)C2(CNC(=O)c3ccccc3OCc4ccccc4)Cc5ccccc5C2,5.6
14,CHEMBL1823876,CC(C)Oc1ccccc1C(=O)NCC2(CCCCC2)N3CCN(CC3)C(C)C,5.8
15,CHEMBL1823677,CCOc1ccccc1C(=O)NCC2(CCCCC2)N3CCN(C)CC3,5.9
16,CHEMBL1823880,CCOc1ccccc1C(=O)NCC2(CCCCC2)N3CCN(CC3)C4CCC4,6.1
17,CHEMBL1823881,CCOc1ccccc1C(=O)NCC2(CCCCC2)N3CCN(CC3)C4CCCC4,6.1
18,CHEMBL1823875,COc1ccccc1C(=O)NCC2(CCCCC2)N3CCN(CC3)C(C)C,6.1
19,CHEMBL1823874,CCOc1ccccc1C(=O)NCC2(CCCCC2)N3CCN(CC3)C(C)C,6.5
20,CHEMBL1823879,CCOc1ccccc1C(=O)NCC2(CCCCC2)N3CCN(CC3)C4CC4,6.5
21,CHEMBL1823878,CCOc1ccccc1C(=O)NCC2(CCCCC2)N3CCN(CC)CC3,6.8
22,CHEMBL2052019,[Cl-].CCN(c1ccccc1)c2cc(NC)[n+](C)c(C)n2,7.5
22,CHEMBL1823665,COc1ccccc1C(=O)NCC2(Cc3ccccc3C2)N4CCN(C)CC4,4.7
33,CHEMBL1823676,CCOc1ccccc1C(=O)NCC2(Cc3ccccc3C2)N4CCCCC4,4.4
37,CHEMBL1823679,CN1CCN(CC1)C2(CNC(=O)c3ccccc3Cl)CCCCC2,4.5
41,CHEMBL1823877,CCc1ccccc1C(=O)NCC2(CCCCC2)N3CCN(CC3)C(C)C,4.1
47,CHEMBL1823883,CCOc1ccccc1C(=O)NCC2(CCCCC2)N3CCCCC3,4.4
48,CHEMBL1332972,COc1ccccc1C(=O)NCC2(CCCCC2)N3CCOCC3,4.3
49,CHEMBL1823884,CCOc1ccccc1C(=O)NCC2(CCCCC2)N3CCN(CC3)c4ccccc4,4.0
54,CHEMBL1823889,COc1ccccc1C(=O)NCC(N2CCN(C)CC2)c3ccc(C)cc3,4.7
