,molecule_chembl_id,canonical_smiles,pchembl_value
0,vortioxetine,CC1=CC=C(SC2=C(C=CC=C2)N2CCNCC2)C(C)=C1,8.43179798
1,ondansetron,CN1C2=C(C3=CC=CC=C13)C(=O)C(CN1C=CN=C1C)CC2,7.8
2,metoclopramide,CCN(CC)CCNC(=O)C1=C(OC)C=C(N)C(Cl)=C1,6.699
3,granisetron,CN1C2CCCC1CC(C2)NC(=O)c3nn(C)c4ccccc34,8.7
4,ramosetron,CN1C=C(C(=O)[C@@H]2CCC3=C(C2)NC=N3)C2=CC=CC=C12,10.22
5,alosetron,Cc1[nH]cnc1CN2CCc3c(C2=O)c4ccccc4n3C,9.3
6,palonosetron,[H][C@@]12CCCC3=CC=CC(C(=O)N(C1)[C@]1([H])CN4CCC1CC4)=C23,10.5
7,tropisetron,CN1[C@H]2CC[C@@H]1C[C@@H](C2)OC(=O)C1=CNC2=C1C=CC=C2,8.80000019
8,indisetron,CN1C[C@@H]2C[C@@H](C[C@H](C1)N2C)NC(=O)C1=NNC2=C1C=CC=C2,8.73992825
9,azasetron,[H]C1(CN2CCC1CC2)NC(=O)C1=C2OCC(=O)N(C)C2=CC(Cl)=C1,9.26760578
10,dolasetron,O=C(O[C@@H]1C[C@@H]2C[C@H]3C[C@H](C1)N2CC3=O)c4c[nH]c5ccccc45,7.69831896
11,CHEMBL1834350,CCN\C(=N/S(=O)(=O)c1cccc(Cl)c1)\N2CC3(CCNCC3)C=N2,5.0
12,CHEMBL395727,[I-].[I-].C[N+]12CC[C@H]3[C@@H]1C[C@@H]4[C@H]5[C@@H](OCC=C4C2)N6[C@H]7[C@H]8[C@H]9C[C@H]%10[C@@]7(CC[N+]%10(C)CC9=CCO[C@H]8N([C@H]35)c%11ccccc%11)c%12ccccc6%12,5.0
13,CHEMBL2402894,CC(F)(F)c1nc2c(cccc2[nH]1)C(=O)NCC3CCN(CC(O)CN4CCN(CC4)S(=O)(=O)C)CC3,5.1
14,CHEMBL2205362,COc1cc2oc(C(=O)N(CCCN3CCCCC3)c4ccccc4)c(C)c2cc1OC,5.12
15,CHEMBL3084437,CN1[C@@H]2CCC[C@H]1C[C@@H](C2)NC(=O)c3nn(CCOCCOCCNC(=S)Nc4ccc(C5=C6C=CC(=O)C=C6Oc7cc(O)ccc57)c(c4)C(=O)O)c8ccccc38,5.2
16,CHEMBL388046,[Br-].[Br-].Brc1ccc(C[N+]23CC[C@H]4[C@@H]2C[C@@H]5[C@H]6[C@@H](OCC=C5C3)N7[C@H]8[C@H]9[C@H]%10C[C@H]%11[C@@]8(CC[N+]%11(Cc%12ccc(Br)cc%12)CC%10=CCO[C@H]9N([C@H]46)c%13ccccc%13)c%14ccccc7%14)cc1,5.2
17,CHEMBL415568,[I-].[I-].C[N+]12CC[C@H]3[C@@H]1C[C@@H](\C(=C/CO)\C2)\C\4=C\N5[C@H]6[C@H]7[C@H]8C[C@H]9[C@@]6(CC[N+]9(C)CC8=CCO[C@H]7N([C@H]34)c%10ccccc%10)c%11ccccc5%11,5.2
18,CHEMBL2058416,C\N=C\1/NC(=O)\C(=C/c2c[nH]c3ccc(Br)cc23)\N1C,5.21
19,CHEMBL2058415,C\N=C\1/NC(=O)\C(=C/c2c[nH]c3cccc(Br)c23)\N1C,5.23
20,CHEMBL182721,C(Cc1ccc2NCNc2c1)N3CCN(CC3)c4cccc5ccccc45,5.28
21,CHEMBL2298806,C(Cc1ccc2[nH]cnc2c1)N3CCN(CC3)c4cccc5ccccc45,5.28
22,CHEMBL605562,COc1ccc2c(c1)c(nn2C)C(=O)NC3C[C@@H]4CCC[C@@H](C3)N4C,5.28
23,CHEMBL28992,COc1cc(N)c(Cl)cc1C(=O)N[C@@H]2CN3CCC2CC3,5.3
24,CHEMBL584743,COc1cccc(c1)[C@]2(O)CCCC[C@H]2CN(C)CCNC(=O)c3cc(Cl)c(N)cc3OC,5.31
25,prucalopride,COCCCN1CCC(CC1)NC(=O)C1=CC(Cl)=C(N)C2=C1OCC2,5.4
26,CHEMBL563848,O=C(Oc1ccccc1)N2CCN3CCC2CC3,5.4
27,CHEMBL519609,CCN(CC)CCCOC(=O)N1c2ccccc2Sc3ccccc13,5.41
28,CHEMBL565547,Cc1nc2c3CCNCCc3nc(Cc4ccccc4)n2n1,5.43
29,CHEMBL461729,CNc1nc(nc2ccc(Cl)cc12)N3CC4CCCNC4C3,5.45
30,CHEMBL1258452,CCCCN1CCC(COC(=O)c2ccc(N)c(OC)c2)CC1,5.46
31,CHEMBL572038,COc1cccc(c1)[C@@]2(O)CCCC[C@@H]2CN(C)CCNC(=O)c3cc(Cl)c(N)cc3OC,5.46
32,CHEMBL388212,C1CN2CC3=CCO[C@@H]4[C@@H]5[C@H]3C[C@H]2[C@H]1[C@H]5N([C@@H]6OCC=C7CN8CC[C@@]9%10[C@@H]8C[C@@H]7[C@@H]6[C@@H]9N4c%11ccccc%10%11)c%12ccccc%12,5.5
33,CHEMBL569357,COc1cc(N)c(Cl)cc1C(=O)NCCN(C)C[C@H]2CCCC[C@]2(O)c3cccc(O)c3,5.51
34,CHEMBL404232,CN1C(=N)N(C)\C(=C\c2c[nH]c3ccccc23)\C1=O,5.52
35,CHEMBL598805,CN1[C@H]2CCC[C@H]1CC(C2)NC(=O)c3nn(C)c4ccc(OCc5ccccc5)cc34,5.52
36,mirtazapine,[H]C12CN(C)CCN1C1=C(CC3=C2C=CC=C3)C=CC=N1,5.54
37,CHEMBL583681,CO[C@H]1CN(C[C@H]2CCCC[C@]2(O)c3cccc(OC)c3)CC[C@H]1NC(=O)c4cc(Cl)c(N)cc4OC,5.55
38,CHEMBL1163015,COc1cc(N)c(Cl)cc1C(=O)NCCN(C)CC2CCCCC2(O)c3cccc(O)c3,5.55
39,CHEMBL231056,[Br-].[Br-].C1CC=CC(C1)[N+]23CC[C@H]4[C@@H]2C[C@@H]5[C@H]6[C@@H](OCC=C5C3)N7[C@H]8[C@H]9[C@H]%10C[C@H]%11[C@@]8(CC[N+]%11(CC%10=CCO[C@H]9N([C@H]46)c%12ccccc%12)C%13CCCC=C%13)c%14ccccc7%14,5.57
40,CHEMBL2058427,C\N=C\1/N(C)C(=O)\C(=C/c2c[nH]c3ccc(Br)cc23)\N1C,5.58
41,CHEMBL3093187,Fc1cccc2c1nc(OCC3CCN(CCCC(F)(F)F)CC3)c4cccnc24,5.59
42,tegaserod,CCCCCNC(=N)NN=CC1=CNC2=C1C=C(OC)C=C2,5.6
43,CHEMBL1632158,COC(=O)CCCCCN1CCC(CNC(=O)c2c3OCCCn3c4ccccc24)CC1,5.6
44,CHEMBL572248,COc1cc(N)c(Cl)cc1C(=O)NCCN(C)C[C@@H]2CCCC[C@@]2(O)c3cccc(O)c3,5.6
45,CHEMBL479683,Oc1cccc2OC(=CC(=O)c12)CCc3ccccc3,5.6
46,CHEMBL2181188,CCCN1CCC(COc2nc3c(Cl)cccc3c4ccccc24)CC1,5.61
47,CHEMBL461360,CNc1nc(nc2ccc(Cl)cc12)N3CC[C@H](N)C3,5.63
48,CHEMBL1770373,C(c1ccccc1)c2ncc3CCNCCc3n2,5.64
49,CHEMBL74656,CO[C@@H]1CN(CCCOc2ccc(F)cc2)CC[C@@H]1NC(=O)c3cc(Cl)c(N)cc3OC,5.7
50,CHEMBL83954,COc1cc(N)c(Cl)cc1C(=O)OCCCN2CCCCC2,5.7
51,CHEMBL388048,OC\C=C/1\CN2CC[C@H]3[C@@H]2C[C@@H]1\C\4=C\N5[C@H]6[C@H]7[C@H]8C[C@@H]9N(CC[C@]69c%10ccccc5%10)CC8=CCO[C@H]7N([C@H]34)c%11ccccc%11,5.7
52,CHEMBL481153,O=C(OCCN1CCCC1)N2c3ccccc3Sc4ccccc24,5.72
53,CHEMBL570487,CO[C@@H]1CN(C[C@@H]2CCCC[C@@]2(O)c3cccc(OC)c3)CC[C@@H]1NC(=O)c4cc(Cl)c(N)cc4OC,5.77
54,CHEMBL1748,COC1CNCCC1NC(=O)c2cc(Cl)c(N)cc2OC,5.8
55,CHEMBL570710,CO[C@H]1CN(C[C@H]2CCCC[C@]2(O)c3cccc(O)c3)CC[C@H]1NC(=O)c4cc(Cl)c(N)cc4OC,5.8
56,CHEMBL512332,C\N=C\1/N(C)C(=O)\C(=C/c2c[nH]c3ccccc23)\N1C,5.82
57,CHEMBL572249,CO[C@H]1CN(C[C@@H]2CCCC[C@@]2(O)c3cccc(O)c3)CC[C@H]1NC(=O)c4cc(Cl)c(N)cc4OC,5.85
58,CHEMBL597241,Clc1cnc2nc(oc2c1)N3CCN4CCC3CC4,5.86
59,CHEMBL2181169,CCCN1CCC(COc2nc3c(I)cccc3c4ccccc24)CC1,5.88
60,CHEMBL3084443,CCN(CC)c1ccc2C=C(C(=O)NCCOCCOCCOc3cccc4c(nn(C)c34)C(=O)N[C@@H]5C[C@H]6CCC[C@@H](C5)N6C)C(=O)Oc2c1,5.89
61,CHEMBL1824228,C(C1CCCCC1)c2c[nH]cn2,5.9
62,CHEMBL2402896,CC(C)c1nc2c(cc(Cl)cc2[nH]1)C(=O)NCC3CCN(CC(O)CN4CCN(CC4)S(=O)(=O)C)CC3,5.9
63,CHEMBL492884,CN1CCN(CC1)c2cc(nc(N)n2)c3ccccc3,5.9
64,CHEMBL2058420,CN1C(=N)N(C)\C(=C\c2c[nH]c3c(Br)cccc23)\C1=O,5.91
65,CHEMBL266591,Cc1[nH]c2ccc(O)cc2c1CCN,5.92
66,CHEMBL3093186,Fc1cccc2c1nc(OCC3CCN(CCC(F)(F)F)CC3)c4cccnc24,5.92
67,CHEMBL1258223,CCCCN1CCC(COC(=O)c2cc(Cl)c(NC)c3OCCOc23)CC1,5.97
68,CHEMBL404372,C[C@@H]1NC(=Nc2cccc(Cl)c12)N,5.97
69,CHEMBL401541,NC1=Nc2cccc(Cl)c2CN1,5.98
70,CHEMBL1170237,CN1C(=N)N(C)\C(=C\c2c[nH]c3ccc(Br)cc23)\C1=O,6.0
71,clozapine,CN1CCN(CC1)C2=Nc3cc(Cl)ccc3Nc4ccccc24,6.0
72,olanzapine,CN1CCN(CC1)C2=Nc3ccccc3Nc4sc(C)cc24,6.0
73,CHEMBL2431120,COc1cc2nc(nc(N3CCN(CC3)c4ccccc4OC)c2cc1OC)C5CC5,6.0
74,aripiprazole,Clc1cccc(N2CCN(CCCCOc3ccc4CCC(=O)Nc4c3)CC2)c1Cl,6.0
75,CHEMBL148204,Nc1ccc2cc3ccccc3nc2c1,6.0
76,CHEMBL379302,O=C(N[C@H]1CN2CCC1CC2)c3ccc4ccoc4c3,6.02
77,CHEMBL177611,Clc1ccc(cc1)C(=O)N[C@H]2CN3CCC2CC3,6.03
78,CHEMBL569585,CO[C@@H]1CN(C[C@H]2CCCC[C@]2(O)c3cccc(OC)c3)CC[C@@H]1NC(=O)c4cc(Cl)c(N)cc4OC,6.1
79,CHEMBL27453,Clc1ccc(cc1)C2CCNC2,6.1
80,CHEMBL1824047,NC(=N)NCCCc1ccccc1,6.1
81,CHEMBL604083,CN1[C@H]2CCC[C@H]1CC(C2)NC(=O)c3nn(C)c4cc(OCc5ccccc5)ccc34,6.13
82,CHEMBL2181189,CCCN1CCC(COc2nc3c(F)cccc3c4ccccc24)CC1,6.15
83,CHEMBL3261487,O=C1N(CCN2c3c(NS2(=O)=O)cccc13)[C@@H]4CN5CCC4CC5,6.15
84,CHEMBL2179529,Clc1oc(cc1)C(=O)N2CC3CNCC3C2,6.16
85,CHEMBL2181171,CCCN1CCC(COc2nc3ccccc3c4ncccc24)CC1,6.17
86,CHEMBL2205032,Cl.Cc1ccc(Sc2c(C)cccc2N3CCNCC3)c(C)c1,6.17
87,CHEMBL2058419,CN1C(=N)N(C)\C(=C\c2c[nH]c3cccc(Br)c23)\C1=O,6.18
88,CHEMBL378471,O=C(N[C@H]1CN2CCC1CC2)c3ccc4occc4c3,6.18
89,CHEMBL2181170,CCCN1CCC(COc2nc3c(F)cccc3c4ncccc24)CC1,6.19
90,CHEMBL3217984,CN1CCC2C(C1)c3cccc4SCc5ccccc5N2c34,6.2
91,CHEMBL145033,CC(C)n1cnc2c(cc(Cl)cc12)C(=O)N[C@@H]3CN4CCC3CC4,6.22
92,CHEMBL2058426,C\N=C\1/N(C)C(=O)\C(=C/c2c[nH]c3cccc(Br)c23)\N1C,6.23
93,CHEMBL597843,C1CN2CCC1N(CC2)c3oc4cccnc4n3,6.24
94,CHEMBL471712,CN1CCN(CC1)c2nc(O)c3cc(Cl)ccc3n2,6.24
95,CHEMBL3673254,O=C1N(CC2CN3CCC2CC3)CCc4n[nH]c5cccc1c45,6.24
96,CHEMBL2169968,CN1CCN(CC1)c2ccc3ccccc3c2,6.27
97,CHEMBL3104093,CN1CCc2c(C1)c3cccc4c5ccccc5CCn2c34,6.28
98,CHEMBL2205038,Cl.Cc1ccc(Sc2ccc(Cl)cc2)c(c1)N3CCNCC3,6.3
99,CHEMBL3235482,Fc1ccc2c(c1)c3ccc(cc3S2(=O)=O)N4CCN5CCC4CC5,6.3
100,CHEMBL2169975,CNc1nc(nc2ccc(Cl)cc12)N3CC(C3)N(C)C,6.33
101,CHEMBL2205047,Cl.CC(C)(C)c1ccc(Sc2ccccc2N3CCNCC3)cc1,6.35
102,CHEMBL2205039,Cl.Cc1ccc(Sc2ccc(F)cc2)c(c1)N3CCNCC3,6.36
103,CHEMBL3673239,O=C1N(CCCn2ccc3cccc1c23)[C@H]4CN5CCC4CC5,6.38
104,CHEMBL2169967,CN1CCN(CC1)c2cnc3ccccc3c2,6.39
105,CHEMBL2181166,Fc1cccc2c1nc(OCC3CCN(CCCc4ccc(I)cc4)CC3)c5cccnc25,6.39
106,CHEMBL444985,N#Cc1ccc2ccc(OCC3CCNCC3)cc2c1,6.39
107,CHEMBL3673247,O=C1N(CCn2c(nc3cccc1c23)c4ccccc4)[C@@H]5CN6CCC5CC6,6.39
108,CHEMBL585925,CO[C@@H]1CN(C[C@H]2CCCC[C@]2(O)c3cccc(O)c3)CC[C@@H]1NC(=O)c4cc(Cl)c(N)cc4OC,6.41
109,CHEMBL598803,CN1[C@H]2CCC[C@H]1CC(C2)NC(=O)c3nn(C)c4cccc(OCc5ccccc5)c34,6.43
110,CHEMBL2169974,CN1CCN(CC1)c2ccc3cccc(N)c3n2,6.48
111,CHEMBL3084582,COc1ccc2NC(=O)N(C(=O)N[C@@H]3C[C@H]4CC[C@@H](C3)N4C)c2c1,6.5
112,CHEMBL453996,C(Oc1ccc2ccccc2c1)C3CCNCC3,6.51
113,CHEMBL2205036,Cl.Cc1ccc(Sc2ccccc2)c(c1)N3CCNCC3,6.51
114,CHEMBL2151572,Clc1cccc2cc(sc12)C(=O)N[C@H]3CN4CCC3CC4,6.52
115,CHEMBL603673,CN1[C@H]2CCC[C@H]1CC(C2)NC(=O)c3nn(C)c4cc(O)ccc34,6.55
116,CHEMBL376324,COC(=O)c1c(c2ccc(F)cc2)c(c3ccncc3)c(N4CCNCC4)n1C,6.56
117,CHEMBL3679418,CN1C2CCCC1CC(C2)N3CCc4cn(C)c5cccc(C3=O)c45,6.57
118,CHEMBL2205035,Cl.Cc1ccc(Oc2ccccc2N3CCNCC3)c(C)c1,6.57
119,CHEMBL2205040,Cl.Cc1ccc(Sc2ccc(C)cc2N3CCNCC3)cc1,6.59
120,CHEMBL260565,CN1CCN(CC1)c2ccc3cc(Cl)ccc3n2,6.6
121,CHEMBL472219,C[C@@]12CCCN1CC[C@H]2CNC(=O)c3cc(Cl)cc4nc[nH]c34,6.6
122,CHEMBL603052,Cc1nc2nc(oc2cc1Cl)N3CCN4CCC3CC4,6.61
123,CHEMBL68281,C=CCn1c(nc2ccccc12)N3CCNCC3,6.62
124,CHEMBL596758,COc1ccc2c(nn(C)c2c1)C(=O)NC3C[C@@H]4CCC[C@@H](C3)N4C,6.63
125,CHEMBL3235480,Fc1cccc2c3ccc(cc3S(=O)(=O)c12)N4CCN5CCC4CC5,6.64
126,CHEMBL2169972,CN1CCN(CC1)c2cc3ccccc3c(N)n2,6.66
127,CHEMBL3673252,O=C1N(CC2CN3CCC2CC3)Cc4n[nH]c5cccc1c45,6.66
128,CHEMBL3084444,CN1[C@@H]2CCC[C@H]1C[C@H](C2)NC(=O)c3nn(C)c4c(OCCOCCOCCNC(=S)Nc5ccc(C6=C7C=CC(=O)C=C7Oc8cc(O)ccc68)c(c5)C(=O)O)cccc34,6.68
129,CHEMBL2169973,CN1CCN(CC1)c2ccc3c(N)cccc3n2,6.69
130,CHEMBL3673248,Clc1ccccc1c2nc3cccc4C(=O)N(CCn2c34)[C@@H]5CN6CCC5CC6,6.69
131,CHEMBL3673240,O=C1N(CCCn2ccc3cccc1c23)[C@@H]4CN5CCC4CC5,6.69
132,CHEMBL3084431,CCN(CC)c1ccc2C=C(C(=O)NCCCn3nc(C(=O)N[C@@H]4C[C@H]5CCC[C@@H](C4)N5C)c6ccccc36)C(=O)Oc2c1,6.7
133,CHEMBL2205037,Cl.COc1ccc(Sc2ccc(C)cc2N3CCNCC3)cc1,6.72
134,CHEMBL378349,O=C(N[C@H]1CN2CCC1CC2)c3ccc4ccsc4c3,6.73
135,CHEMBL3261485,COc1cc2C(=O)N(CCn3ncc(c1)c23)[C@@H]4CN5CCC4CC5,6.75
136,CHEMBL3261483,Clc1cc2C(=O)N(CCn3ncc(c1)c23)[C@@H]4CN5CCC4CC5,6.75
137,CHEMBL3261482,Fc1cc2C(=O)N(CCn3ncc(c1)c23)[C@@H]4CN5CCC4CC5,6.75
138,CHEMBL3261479,O=C1N(CCn2ccc3cccc1c23)[C@@H]4CN5CCC4CC5,6.75
139,CHEMBL3261481,O=C1N(CCn2ncc3cccc1c23)[C@@H]4CN5CCC4CC5,6.75
140,CHEMBL3261486,O=C1Nc2cccc3C(=O)N(CCN1c23)[C@@H]4CN5CCC4CC5,6.75
141,CHEMBL1548,NC1=Nc2ccc(Cl)c(Cl)c2CN1,6.76
142,CHEMBL490073,CC(C)Nc1nc(nc2ccc(Cl)cc12)N3CCN(C)CC3,6.78
143,CHEMBL1271520,O=C(N[C@@H]1CN2CCC1CC2)c3cccc4oc(nc34)N5CCOCC5,6.78
144,CHEMBL68131,CCCCN1CCC(COC(=O)c2cc(Cl)c(N)c3OCCOc23)CC1,6.8
145,CHEMBL3084442,CCN(CC)c1ccc2C=C(C(=O)NCCCOc3cccc4c(nn(C)c34)C(=O)N[C@H]5C[C@H]6CCC[C@@H](C5)N6C)C(=O)Oc2c1,6.8
146,CHEMBL571799,CO[C@H]1CN(C[C@@H]2CCCC[C@@]2(O)c3cccc(OC)c3)CC[C@H]1NC(=O)c4cc(Cl)c(N)cc4OC,6.8
147,CHEMBL2204364,Cl.Cc1ccc(Sc2cccc(C)c2N3CCNCC3)c(C)c1,6.8
148,CHEMBL2151443,CN1CC2CN(CC2C1)c3ccc(nn3)c4ccccc4,6.82
149,CHEMBL34291,COc1cc(N)c(Cl)cc1C(=O)NC[C@@H]2CCN3CCC[C@@H]23,6.82
150,CHEMBL2204365,Cl.Cc1ccc(Sc2ccc(C)cc2N3CCNCC3)c(C)c1,6.82
151,CHEMBL3084436,CCN(CC)c1ccc2C=C(C(=O)NCCOCCOCCn3nc(C(=O)N[C@@H]4C[C@H]5CCC[C@@H](C4)N5C)c6ccccc36)C(=O)Oc2c1,6.85
152,CHEMBL2205046,Cl.FC(F)(F)c1ccc(Sc2ccccc2N3CCNCC3)cc1,6.85
153,CHEMBL3673246,CCc1nc2cccc3C(=O)N(CCn1c23)[C@@H]4CN5CCC4CC5,6.89
154,CHEMBL2205033,Cl.CN1CCN(CC1)c2ccccc2Sc3ccc(C)cc3C,6.89
155,CHEMBL287045,CCN(CC)CCOC(=O)c1cc(Cl)c(N)cc1OC,6.9
156,CHEMBL2205053,Cl.Clc1ccc(Sc2ccccc2N3CCNCC3)cc1Cl,6.96
157,CHEMBL3679412,O=C1N(CCc2n[nH]c3cccc1c23)[C@H]4CN5CCC4CC5,6.97
158,CHEMBL1277745,NN1C(=Nc2ccc(F)cc2C1=O)CCCCN3CCN(CC3)c4ccc5ccccc5n4,7.0
159,CHEMBL1277463,NN1C(=O)c2c3CCNCc3sc2N=C1SCCCN4CCN(CC4)c5ccc6ccccc6n5,7.0
160,CHEMBL1278176,CC1CCC2=C(C1)N=C(CCCCN3CCN(CC3)c4ccc5ccccc5n4)N(N)C2=O,7.01
161,CHEMBL3084784,CN1[C@@H]2CCC[C@H]1C[C@@H](C2)NC(=O)c3cccc4nc(oc34)c5ccc(F)cc5,7.02
162,CHEMBL3084763,C[C@@H]1COCCN1c2oc3cccc(C(=O)N[C@@H]4C[C@H]5CCC[C@@H](C4)N5C)c3n2,7.03
163,CHEMBL1276920,Cc1sc2N=C(SCCCN3CCN(CC3)c4nc5ccccc5s4)N(N)C(=O)c2c1C,7.06
164,CHEMBL1277374,NN1C(=NC2=C(CCCC2)C1=O)CN3CCN(CC3)c4ccc5ccccc5n4,7.06
165,CHEMBL2205052,Cl.COc1ccc(Sc2ccccc2N3CCNCC3)cc1OC,7.07
166,CHEMBL1276835,NN1C(=NC2=C(CCCCC2)C1=O)CCCCN3CCN(CC3)c4ccc5ccccc5n4,7.07
167,CHEMBL2322133,CN(C)c1ccc2C(=C3C=CC(=[N+](C)C)C=C3Oc2c1)c4ccc(cc4C(=O)[O-])C(=O)NCCCCCNC(=O)CCn5cc(CCN)c6cc(O)ccc56,7.08
168,CHEMBL1277914,NN1C(=Nc2c(Cl)cccc2C1=O)CCCCN3CCN(CC3)c4ccc5ccccc5n4,7.08
169,CHEMBL490072,CN1CCN(CC1)c2nc(NCCc3ccccc3)c4cc(Cl)ccc4n2,7.1
170,CHEMBL2204355,Cl.COc1cccc(Sc2ccccc2N3CCNCC3)c1OC,7.1
171,CHEMBL2436555,Cl.NC1=Nc2ccc(Cl)cc2CN1,7.1
172,CHEMBL1277558,CC(=O)N1CCc2c(C1)sc3N=C(SCCCN4CCN(CC4)c5ccc6ccccc6n5)N(N)C(=O)c23,7.11
173,CHEMBL3084759,CN1[C@@H]2CCC[C@H]1C[C@@H](C2)NC(=O)c3cccc4nc(oc34)c5ccc(Cl)cc5,7.13
174,CHEMBL3261478,O=C1N(CCn2ccc3cccc1c23)[C@H]4CN5CCC4CC5,7.13
175,CHEMBL3084772,CN1[C@@H]2CCC[C@H]1C[C@@H](C2)NC(=O)c3cccc4oc(nc34)N5CCNCC5,7.14
176,CHEMBL3673253,O=C1N(CC23CCN(CC2)CC3)CCn4ncc5cccc1c45,7.14
177,CHEMBL599012,COc1cccc2c(nn(C)c12)C(=O)NC3C[C@@H]4CCC[C@@H](C3)N4C,7.15
178,CHEMBL1277280,NN1C(=Nc2ccccc2C1=O)SCCCN3CCN(CC3)c4ccc5ccccc5n4,7.16
179,CHEMBL2204356,Cl.Clc1cccc(Sc2ccccc2N3CCNCC3)c1Cl,7.17
180,CHEMBL3679404,Clc1ccc(cc1)N2NC3=CN([C@H]4CN5CCC4CC5)C(=O)c6cccc2c36,7.17
181,CHEMBL1272123,CC(C)N(C)c1oc2cccc(C(=O)N[C@@H]3CN4CCC3CC4)c2n1,7.18
182,CHEMBL2205041,Cl.C1CN(CCN1)c2ccccc2Sc3ccccc3,7.19
183,CHEMBL2205049,Cl.Cc1cccc(Sc2ccccc2N3CCNCC3)c1,7.19
184,CHEMBL1277462,NN1C(=Nc2ncccc2C1=O)SCCCN3CCN(CC3)c4ccc5ccccc5n4,7.19
185,CHEMBL1277281,NN1C(=O)C2=C(CCCC2)N=C1SCCCN3CCN(CC3)c4ccc5ccccc5n4,7.2
186,CHEMBL2205048,Cl.COc1cccc(Sc2ccccc2N3CCNCC3)c1,7.21
187,CHEMBL1276834,NN1C(=NC2=C(CCC2)C1=O)CCCCN3CCN(CC3)c4ccc5ccccc5n4,7.21
188,CHEMBL2151440,COc1ccccc1c2cccc3cc(oc23)C(=O)N[C@H]4CN5CCC4CC5,7.22
189,CHEMBL1277372,NN1C(=Nc2cccnc2C1=O)SCCCN3CCN(CC3)c4ccc5ccccc5n4,7.22
190,CHEMBL3679419,CN1C2CCC1CC(C2)N3C=C4NN(C)c5cccc(C3=O)c45,7.23
191,CHEMBL3084760,COc1ccc(cc1)c2oc3c(cccc3n2)C(=O)N[C@@H]4C[C@H]5CCC[C@@H](C4)N5C,7.23
192,CHEMBL3084775,C[C@@H]1CNC[C@@H](C)N1c2oc3cccc(C(=O)N[C@@H]4C[C@H]5CCC[C@@H](C4)N5C)c3n2,7.23
193,CHEMBL1277007,Cc1cc(nc2ccccc12)N3CCN(CCCCC4=NC5=C(CCCC5)C(=O)N4N)CC3,7.23
194,CHEMBL597984,Cn1nc(C(=O)NC2C[C@@H]3CCC[C@@H](C2)N3Cc4ccccc4)c5ccccc15,7.23
195,CHEMBL3679405,COc1ccc(cc1)N2NC3=CN([C@H]4CN5CCC4CC5)C(=O)c6cccc2c36,7.24
196,CHEMBL2205045,Cl.Cc1ccc(Sc2ccccc2N3CCNCC3)cc1,7.25
197,CHEMBL1277373,NN1C(=NC2=C(CCCC2)C1=O)CCCCN3CCN(CC3)c4ccc5ccc(O)cc5n4,7.26
198,CHEMBL3746799,C1CN2CCC1C(C2)n3cc(nn3)c4ccc5[nH]ccc5c4,7.28
199,CHEMBL2205050,Cl.COc1ccccc1Sc2ccccc2N3CCNCC3,7.28
200,CHEMBL2205044,Cl.Fc1ccc(Sc2ccccc2N3CCNCC3)cc1,7.28
201,CHEMBL1277282,NN1C(=NC2=C(CCCC2)C1=O)CCCCN3CCN(CC3)c4nc5ccccc5cc4O,7.28
202,CHEMBL1276833,Cc1cc(nc2ccccc12)N3CCN(CCCSC4=Nc5sc(C)c(C)c5C(=O)N4N)CC3,7.3
203,CHEMBL1277652,NN1C(=Nc2cccc(F)c2C1=O)CCCCN3CCN(CC3)c4ccc5ccccc5n4,7.3
204,CHEMBL365323,O=C(NC1CN2CCC1CC2)c3cc4ccccc4s3,7.3
205,CHEMBL3679415,O=C1N(CCc2c[nH]c3cccc1c23)[C@H]4CN5CCC4CC5,7.31
206,CHEMBL1278175,CC1CCC2=C(C1)C(=O)N(N)C(=N2)CCCCN3CCN(CC3)c4ccc5ccccc5n4,7.32
207,CHEMBL1276832,Cc1sc2N=C(SCCCN3CCN(CC3)c4ccc5ccccc5n4)N(N)C(=O)c2c1C,7.32
208,CHEMBL2169964,CN1CCN(CC1)C2=Nc3ccccc3C(=O)N2,7.33
209,CHEMBL1272016,COc1ccccc1c2oc3cccc(C(=O)N[C@@H]4CN5CCC4CC5)c3n2,7.33
210,CHEMBL1276921,NN1C(=NC2=C(CC(O)CC2)C1=O)CCCCN3CCN(CC3)c4ccc5ccccc5n4,7.33
211,CHEMBL1277996,Cc1ccc2N=C(CCCCN3CCN(CC3)c4ccc5ccccc5n4)N(N)C(=O)c2c1,7.34
212,CHEMBL1277651,NN1C(=Nc2ccccc2C1=O)CCCCN3CCN(CC3)c4ccc5ccccc5n4,7.34
213,CHEMBL2205031,Cl.Cc1ccc(Sc2cc(C)ccc2N3CCNCC3)c(C)c1,7.35
214,CHEMBL1277187,O=C1NC(=Nc2sc3CCCCc3c12)SCCCN4CCN(CC4)c5ccc6ccccc6n5,7.36
215,CHEMBL1277099,NN1C(=O)c2c3CCCCc3sc2N=C1SCCCN4CCN(CC4)c5ccc6ccccc6n5,7.38
216,CHEMBL3084783,CN1[C@@H]2CCC[C@H]1C[C@@H](C2)NC(=O)c3cccc4nc(oc34)c5ccccc5,7.39
217,CHEMBL3084761,CN1[C@@H]2CCC[C@H]1C[C@@H](C2)NC(=O)c3cccc4oc(nc34)N5CCOCC5,7.4
218,CHEMBL3084774,C[C@@H]1CNC[C@H](C)N1c2oc3cccc(C(=O)N[C@@H]4C[C@H]5CCC[C@@H](C4)N5C)c3n2,7.43
219,CHEMBL1272121,CCNc1oc2cccc(C(=O)N[C@@H]3CN4CCC3CC4)c2n1,7.44
220,CHEMBL1272177,CNc1oc2cccc(C(=O)N[C@@H]3CN4CCC3CC4)c2n1,7.44
221,CHEMBL2205042,Cl.COc1ccc(Sc2ccccc2N3CCNCC3)cc1,7.44
222,CHEMBL2205043,Cl.Clc1ccc(Sc2ccccc2N3CCNCC3)cc1,7.44
223,CHEMBL3084771,C[C@@H]1CN(C[C@H](C)O1)c2oc3cccc(C(=O)N[C@@H]4C[C@H]5CCC[C@@H](C4)N5C)c3n2,7.45
224,CHEMBL3679407,CN1C2CCCC1CC(C2)N3C=C4NN(C)c5cccc(C3=O)c45,7.47
225,CHEMBL364005,Cc1[nH]c2ccc(Cl)cc2c1C3=CCNCC3,7.47
226,CHEMBL2205054,Cl.Cc1ccc(Sc2ccccc2N3CCNCC3)cc1C,7.48
227,CHEMBL1272072,O=C(N[C@@H]1CN2CCC1CC2)c3cccc4oc(nc34)C5CC5,7.49
228,CHEMBL2204358,Cl.COc1ccc(Sc2ccccc2N3CCNCC3)c(OC)c1,7.5
229,CHEMBL2205051,Cl.Cc1ccccc1Sc2ccccc2N3CCNCC3,7.5
230,CHEMBL13823,NC(=N)Nc1cccc(Cl)c1,7.5
231,CHEMBL3673245,O=C1N(CCn2cnc3cccc1c23)[C@@H]4CN5CCC4CC5,7.5
232,CHEMBL3673250,O=C1N(CC23CCN(CC2)CC3)CCc4c[nH]c5cccc1c45,7.52
233,CHEMBL2204357,Cl.Cc1cccc(Sc2ccccc2N3CCNCC3)c1C,7.54
234,CHEMBL3679401,Fc1ccc(cc1)N2NC3=CN([C@H]4CN5CCC4CC5)C(=O)c6cccc2c36,7.54
235,CHEMBL1277559,Cc1sc2N=C(CCCCN3CCN(CC3)c4ccc5ccccc5n4)N(N)C(=O)c2c1C,7.57
236,CHEMBL2205034,Cl.Cc1ccc(Sc2ccccc2N3CCCNCC3)c(C)c1,7.57
237,CHEMBL596952,COc1cccc2c1c(nn2C)C(=O)NC3C[C@@H]4CCC[C@@H](C3)N4C,7.58
238,CHEMBL2204359,Cl.Clc1ccc(Sc2ccccc2N3CCNCC3)c(Cl)c1,7.59
239,CHEMBL3679420,O=C1N(CCc2cn(c3cccc1c23)S(=O)(=O)c4ccccc4)[C@@H]5CN6CCC5CC6,7.6
240,CHEMBL1277006,O=C1NC(=NC2=C1CCCC2)CCCCN3CCN(CC3)c4ccc5ccccc5n4,7.61
241,CHEMBL53929,NCC(O)c1ccc(O)cc1,7.62
242,CHEMBL1643891,Fc1ccc(cc1)n2nc3CN([C@H]4CN5CCC4CC5)C(=O)c6cccc2c36,7.63
243,CHEMBL2204360,Cl.Cc1ccc(Sc2ccccc2N3CCNCC3)c(C)c1,7.64
244,CHEMBL1276922,CC(=O)N1CCc2c(C1)sc3N=C(CCCCN4CCN(CC4)c5ccc6ccccc6n5)N(N)C(=O)c23,7.66
245,CHEMBL142852,CC(C)n1cnc2c(cc(Cl)cc12)C(=O)NC3CC4CCC(C3)N4C,7.7
246,CHEMBL292066,C1CN(CCN1)c2nc3ccccc3[nH]2,7.72
247,CHEMBL1958132,O=C1NN=CC(=C1)c2ccc(OCCCN3CCCCC3)cc2,7.72
248,CHEMBL3084782,COc1ccc(cc1)c2oc3cccc(C(=O)N[C@@H]4C[C@H]5CCC[C@@H](C4)N5C)c3n2,7.73
249,CHEMBL1272176,CN(C)c1oc2cccc(C(=O)N[C@@H]3CN4CCC3CC4)c2n1,7.74
250,CHEMBL511699,CNc1nc(nc2ccc(Cl)cc12)N3CCCN(C)CC3,7.74
251,CHEMBL3084781,CN1[C@@H]2CCC[C@H]1C[C@@H](C2)NC(=O)c3cccc4oc(nc34)c5ccc(Cl)cc5,7.75
252,CHEMBL585567,CO[C@@H]1CN(C[C@@H]2CCCC[C@@]2(O)c3cccc(O)c3)CC[C@@H]1NC(=O)c4cc(Cl)c(N)cc4OC,7.75
253,CHEMBL2204362,Cl.COc1cc(C)ccc1Sc2ccccc2N3CCNCC3,7.77
254,CHEMBL3084773,C[C@H]1CNCCN1c2oc3cccc(C(=O)N[C@@H]4C[C@H]5CCC[C@@H](C4)N5C)c3n2,7.78
255,CHEMBL3084780,CN1[C@@H]2CCC[C@H]1C[C@@H](C2)NC(=O)c3cccc4oc(nc34)c5ccc(F)cc5,7.79
256,CHEMBL1278087,Cc1cccc2C(=O)N(N)C(=Nc12)CCCCN3CCN(CC3)c4ccc5ccccc5n4,7.81
257,CHEMBL3084779,CN1[C@@H]2CCC[C@H]1C[C@@H](C2)NC(=O)c3cccc4oc(nc34)c5ccccc5,7.82
258,CHEMBL489664,CN1CCN(CC1)c2nc(NCCO)c3cc(Cl)ccc3n2,7.83
259,CHEMBL3084777,COc1ccccc1c2oc3cccc(C(=O)N[C@@H]4C[C@H]5CCC[C@@H](C4)N5C)c3n2,7.83
260,CHEMBL3673242,OCc1cc2C(=O)N(CCn3ncc(c1)c23)C4CN5CCC4CC5,7.85
261,CHEMBL490071,CN1CCN(CC1)c2nc(NCc3ccccc3)c4cc(Cl)ccc4n2,7.86
262,CHEMBL1272178,Nc1oc2cccc(C(=O)N[C@@H]3CN4CCC3CC4)c2n1,7.86
263,CHEMBL2169969,CNc1cc(nc2ccccc12)N3CCN(C)CC3,7.87
264,CHEMBL611082,C1CN2CCC1N(CC2)c3oc4ccccc4n3,7.89
265,CHEMBL3679403,CN1CC2CCCC1CC(C2)N3Cc4cn(C)c5cccc(C3=O)c45,7.89
266,CHEMBL1958134,CN1N=CC(=CC1=O)c2ccc(OCCCN3CCCCC3)cc2,7.89
267,CHEMBL3084762,C[C@H]1COCCN1c2oc3cccc(C(=O)N[C@@H]4C[C@H]5CCC[C@@H](C4)N5C)c3n2,7.89
268,CHEMBL3679417,O=C1N(CCc2cn(Cc3ccccc3)c4cccc1c24)[C@H]5CN6CCC5CC6,7.89
269,CHEMBL414183,CN1CCN(CC1)c2nc3ccccc3nc2O,7.9
270,CHEMBL1272122,CCN(CC)c1oc2cccc(C(=O)N[C@@H]3CN4CCC3CC4)c2n1,7.91
271,CHEMBL2151437,C1CN2CCC1[C@@]3(C2)Cc4cccnc4O3,7.92
272,CHEMBL473302,CN1CCN(CC1)c2nc(N)c3cc(Cl)ccc3n2,7.92
273,CHEMBL290938,Cc1[nH]cnc1Cc2nc(cs2)c3c[nH]c4ccccc34,7.92
274,CHEMBL2204361,Cl.COc1ccc(Sc2ccccc2N3CCNCC3)c(Cl)c1,7.92
275,CHEMBL2107804,CN1[C@@H]2CC[C@H]1C[C@H](C2)OC(=O)c3cc(Cl)cc(Cl)c3,7.96
276,CHEMBL1958328,C[C@H]1CCCN1CCCOc2ccc(cc2)C3=CC(=O)N(N=C3)c4ccccn4,7.96
277,sumatriptan,CNS(=O)(=O)CC1=CC2=C(NC=C2CCN(C)C)C=C1,8.03
278,CHEMBL1958327,CN1N=C(C)C(=CC1=O)c2ccc(OCCCN3CCCCC3)cc2,8.05
279,CHEMBL1278088,NN1C(=NC2=C(CCCC2)C1=O)CCCCN3CCN(CC3)c4ccc5ccccc5n4,8.05
280,CHEMBL3084438,CN1[C@@H]2CCC[C@H]1C[C@@H](C2)NC(=O)c3nn(CCCNc4ccc(c5nonc45)[N+](=O)[O-])c6ccccc36,8.06
281,CHEMBL3084778,CN1[C@@H]2CCC[C@H]1C[C@@H](C2)NC(=O)c3cccc4oc(nc34)C5CC5,8.08
282,CHEMBL1958135,CN1N=CC(=CC1=O)c2ccc(OCCCN3CCCCCC3)cc2,8.09
283,CHEMBL304534,C(Cc1ccccc1)Cn2c(nc3ccccc23)N4CCNCC4,8.1
284,CHEMBL1958324,CC1=NNC(=O)C=C1c2ccc(OCCCN3CCCCC3)cc2,8.1
285,CHEMBL3679416,Cn1cc2CCN([C@H]3CN4CCC3CC4)C(=O)c5cccc1c25,8.1
286,CHEMBL1643892,Fc1ccc(cc1)n2nc3CN([C@@H]4CN5CCC4CC5)C(=O)c6cccc2c36,8.1
287,CHEMBL3673249,OCc1ccc(Cn2cc3CCN(CC45CCN(CC4)CC5)C(=O)c6cccc2c36)cc1,8.1
288,CHEMBL1958329,O=C1C=C(C=NN1c2ccccn2)c3ccc(OCCCN4CCCCC4)cc3,8.11
289,CHEMBL305582,C(Cn1c(nc2ccccc12)N3CCNCC3)c4ccccc4,8.13
290,CHEMBL2169890,CN1CCN(CC1)c2ncc3cc(Cl)ccc3n2,8.13
291,CHEMBL3084433,CCN(CC)c1ccc2C=C(C(=O)NCCCCn3nc(C(=O)N[C@@H]4C[C@H]5CCC[C@@H](C4)N5C)c6ccccc36)C(=O)Oc2c1,8.14
292,CHEMBL598804,CN1[C@H]2CCC[C@H]1CC(C2)NC(=O)c3nn(C)c4ccc(O)cc34,8.14
293,CHEMBL2204363,Cl.Cc1ccc(Sc2ccccc2N3CCNCC3)c(Cl)c1,8.14
294,CHEMBL1643890,O=C1N(Cc2nn(Cc3ccccc3)c4cccc1c24)[C@H]5CN6CCC5CC6,8.15
295,CHEMBL470432,CCCN1CCC(COc2nc3scc(C)c3n4cccc24)CC1,8.16
296,CHEMBL1365455,CN1[C@@H]2CC[C@H]1CC(C2)OC(=O)c3cc(Cl)cc(Cl)c3,8.16
297,CHEMBL3679402,Fc1ccc(cc1)N2NC3=CN([C@@H]4CN5CCC4CC5)C(=O)c6cccc2c36,8.16
298,CHEMBL1271790,C[C@H]1COC[C@H](C)N1c2oc3cccc(C(=O)N[C@@H]4CN5CCC4CC5)c3n2,8.17
299,CHEMBL489060,CN(C)c1nc(nc2ccc(Cl)cc12)N3CCN(C)CC3,8.18
300,CHEMBL3673241,Fc1cc2C(=O)N(CCn3ncc(c1)c23)C4CN5CCC4CC5,8.22
301,CHEMBL2169971,CNc1nc(cc2ccccc12)N3CCN(C)CC3,8.23
302,CHEMBL195241,CN1CCN(CC1)c2nc3ccccc3c(C(=O)NCCCCCCCNc4c5CCCCc5nc6ccccc46)c2C,8.25
303,CHEMBL302743,Fc1ccc(Cn2c(nc3ccccc23)N4CCNCC4)cc1,8.28
304,CHEMBL1958330,O=C1C=C(C=NN1c2ccccn2)c3ccc(OCCCN4CCCCCC4)cc3,8.28
305,CHEMBL3084766,CC(C)[C@H]1COCCN1c2oc3cccc(C(=O)N[C@@H]4C[C@H]5CCC[C@@H](C4)N5C)c3n2,8.3
306,CHEMBL27846,COc1cc(N)c(Cl)cc1C(=O)N[C@H]2CN3CCC2CC3,8.3
307,CHEMBL3673238,Cc1cn2CCN([C@@H]3CN4CCC3CC4)C(=O)c5cccc1c25,8.3
308,CHEMBL3679400,O=C1N(C=C2NN(Cc3ccccc3)c4cccc1c24)[C@H]5CN6CCC5CC6,8.3
309,CHEMBL3679392,O=C1N(C=C2NNc3cccc1c23)[C@@H]4CN5CCC4CC5,8.3
310,CHEMBL3679391,O=C1N(C=C2NNc3cccc1c23)[C@H]4CN5CCC4CC5,8.3
311,CHEMBL1643882,O=C1N(Cc2n[nH]c3cccc1c23)[C@@H]4CN5CCC4CC5,8.31
312,CHEMBL1958325,CC1=NNC(=O)C=C1c2ccc(OCCCN3CCCCCC3)cc2,8.32
313,CHEMBL123137,CN1CCN(CC1)c2cnc3ccccc3n2,8.33
314,CHEMBL1272232,Nc1oc2cc(Cl)cc(C(=O)N[C@@H]3CN4CCC3CC4)c2n1,8.33
315,CHEMBL3084764,CC[C@H]1COCCN1c2oc3cccc(C(=O)N[C@@H]4C[C@H]5CCC[C@@H](C4)N5C)c3n2,8.34
316,CHEMBL1643881,O=C1N(Cc2n[nH]c3cccc1c23)[C@H]4CN5CCC4CC5,8.36
317,CHEMBL18772,C1CN(CCN1)c2ccc3ccccc3n2,8.4
318,CHEMBL3679408,O=C1N(CCc2n[nH]c3cccc1c23)[C@@H]4CN5CCC4CC5,8.4
319,CHEMBL3084765,CCC[C@H]1COCCN1c2oc3cccc(C(=O)N[C@@H]4C[C@H]5CCC[C@@H](C4)N5C)c3n2,8.41
320,CHEMBL1643888,CC(C)n1nc2CN([C@H]3CN4CCC3CC4)C(=O)c5cccc1c25,8.44
321,CHEMBL3084767,CC(C)C[C@H]1COCCN1c2oc3cccc(C(=O)N[C@@H]4C[C@H]5CCC[C@@H](C4)N5C)c3n2,8.46
322,CHEMBL40260,NC(=N)NCc1nc(cs1)c2c[nH]c3ccccc23,8.48
323,CHEMBL3747344,C1CN2CCC1[C@H](C2)n3cc(nn3)c4ccc5occc5c4,8.52
324,CHEMBL3679397,CC(C)N1NC2=CN([C@H]3CN4CCC3CC4)C(=O)c5cccc1c25,8.52
325,CHEMBL3746146,COc1cccc(c1)c2cn(nn2)[C@H]3CN4CCC3CC4,8.52
326,CHEMBL1958334,C[C@@H]1CCCN1CCCOc2ccc(cc2)C3=CC(=O)N(N=C3C)c4ncccc4C,8.52
327,CHEMBL2169965,CNc1nc(nc2ccccc12)N3CCN(C)CC3,8.53
328,CHEMBL454890,CN1CCN(CC1)c2nc(NCc3cocc3)c4cc(Cl)ccc4n2,8.55
329,CHEMBL3084719,CN1[C@@H]2CCC[C@H]1C[C@H](C2)NC(=O)c3nn(CCCNC(=O)CNC4=[N+]5C(=Cc6c(C)cc(C)n6[B-]5(F)F)C=C4)c7ccccc37,8.55
330,CHEMBL1813065,C[C@@H]1CCCN1CCCOc2ccc(cc2)C3=CC(=O)NN=C3,8.55
331,CHEMBL1958322,CC(C)N1N=CC(=CC1=O)c2ccc(OCCCN3CCC[C@H]3C)cc2,8.57
332,CHEMBL489271,CN1CCN(CC1)c2nc(NCc3ccc(N)cc3)c4cc(Cl)ccc4n2,8.57
333,CHEMBL1958332,C[C@@H]1CCCN1CCCOc2ccc(cc2)C3=CC(=O)N(N=C3)c4ncccc4C,8.6
334,CHEMBL1641625,CC(C)Cn1nc2CN([C@@H]3CN4CCC3CC4)C(=O)c5cccc1c25,8.62
335,CHEMBL3084776,C[C@H]1CNC[C@H](C)N1c2oc3cccc(C(=O)N[C@@H]4C[C@H]5CCC[C@@H](C4)N5C)c3n2,8.62
336,CHEMBL1643889,CC(C)n1nc2CN([C@@H]3CN4CCC3CC4)C(=O)c5cccc1c25,8.64
337,CHEMBL3679399,CC(C)CN1NC2=CN([C@@H]3CN4CCC3CC4)C(=O)c5cccc1c25,8.7
338,CHEMBL3679398,CC(C)N1NC2=CN([C@@H]3CN4CCC3CC4)C(=O)c5cccc1c25,8.7
339,CHEMBL3679410,CC(C)n1nc2CCN([C@@H]3CN4CCC3CC4)C(=O)c5cccc1c25,8.7
340,CHEMBL3679395,CCN1NC2=CN([C@H]3CN4CCC3CC4)C(=O)c5cccc1c25,8.7
341,CHEMBL1643886,CCn1nc2CN([C@H]3CN4CCC3CC4)C(=O)c5cccc1c25,8.7
342,CHEMBL3679394,CN1NC2=CN([C@H]3CN4CCC3CC4)C(=O)c5cc(F)cc1c25,8.7
343,CHEMBL3679390,CN1NC2=CN([C@H]3CN4CCC3CC4)C(=O)c5cccc1c25,8.7
344,CHEMBL3084768,CN1[C@@H]2CCC[C@H]1C[C@@H](C2)NC(=O)c3cccc4oc(nc34)N5CCOC[C@@H]5C(C)(C)C,8.7
345,CHEMBL1958326,C[C@@H]1CCCN1CCCOc2ccc(cc2)C3=CC(=O)N(C)N=C3C,8.7
346,CHEMBL1829335,C[C@@H]1CCCN1CCCOc2ccc(cc2)C3=NNC(=O)C=C3,8.7
347,CHEMBL3639782,Cn1nc2CCN([C@@H]3CN4CCC3CC4)C(=O)c5cccc1c25,8.7
348,CHEMBL1643885,Cn1nc2CN([C@H]3CN4CCC3CC4)C(=O)c5cc(F)cc1c25,8.7
349,CHEMBL2151439,O=C(N[C@@H]1CN2CCC1CC2)c3n[nH]c4ccccc34,8.7
350,CHEMBL3673251,O=C1N(CC23CCN(CC2)CC3)Cc4n[nH]c5cccc1c45,8.7
351,CHEMBL3679411,O=C1N(CCc2nn(Cc3ccccc3)c4cccc1c24)[C@@H]5CN6CCC5CC6,8.7
352,CHEMBL3673244,Oc1cc2C(=O)N(CCn3ncc(c1)c23)C4CN5CCC4CC5,8.7
353,CHEMBL329179,Cc1[nH]cnc1Cc2nc(cs2)c3ccccc3F,8.71
354,CHEMBL3084441,CCN(CC)c1ccc2C=C(C(=O)NCCOc3cccc4c(nn(C)c34)C(=O)N[C@@H]5C[C@H]6CCC[C@@H](C5)N6C)C(=O)Oc2c1,8.72
355,CHEMBL2309589,CN1[C@@H]2CCC[C@H]1C[C@H](C2)NC(=O)c3nn(CCCN)c4ccccc34,8.72
356,CHEMBL1958133,C[C@@H]1CCCN1CCCOc2ccc(cc2)C3=CC(=O)N(C)N=C3,8.72
357,CHEMBL1958331,C[C@@H]1CCCN1CCCOc2ccc(cc2)C3=CC(=O)N(N=C3)c4cccc(C)n4,8.75
358,CHEMBL38465,Cc1[nH]cnc1Cc2nc(cs2)c3ccccc3,8.75
359,CHEMBL1945843,C[C@@H]1CCCN1CCCOc2ccc(cc2)C3=CC(=O)N(N=C3)c4ccccn4,8.77
360,CHEMBL1958333,C[C@@H]1CCCN1CCCOc2ccc(cc2)C3=CC(=O)N(N=C3C)c4ccccn4,8.77
361,CHEMBL66918,Cc1ccc(Cn2c(nc3ccccc23)N4CCNCC4)cc1,8.77
362,CHEMBL1643883,Cn1nc2CN([C@H]3CN4CCC3CC4)C(=O)c5cccc1c25,8.77
363,CHEMBL2169966,CN1CCN(CC1)c2cc3ccccc3cn2,8.79
364,CHEMBL1643887,CCn1nc2CN([C@@H]3CN4CCC3CC4)C(=O)c5cccc1c25,8.8
365,CHEMBL1824048,CN1CCC(=Cc2nc3cc(Cl)ccc3[nH]2)CC1,8.8
366,CHEMBL3084440,CN1[C@@H]2CCC[C@H]1C[C@@H](C2)NC(=O)c3nn(CCCC(=O)OCCCC4=C5C(=CC(=[N+]5[B-](F)(F)n6c(C)cc(C)c46)C)C)c7ccccc37,8.8
367,CHEMBL3084432,CN1[C@@H]2CCC[C@H]1C[C@@H](C2)NC(=O)c3nn(CCCNC(=S)Nc4ccc(C5=C6C=CC(=O)C=C6Oc7cc(O)ccc57)c(c4)C(=O)O)c8ccccc38,8.8
368,CHEMBL1958323,C[C@@H]1CCCN1CCCOc2ccc(cc2)C3=CC(=O)NN=C3C,8.8
369,CHEMBL2169970,CN1CCN(CC1)c2cc(N)c3ccccc3n2,8.84
370,CHEMBL54720,C(N1CCN(CC1)c2nc3ccsc3n4cccc24)c5ccccc5,8.85
371,CHEMBL63863,C(c1ccc2ccccc2c1)n3c(nc4ccccc34)N5CCNCC5,8.85
372,CHEMBL443764,CN1CCN(CC1)c2ncc3ccccc3n2,8.87
373,CHEMBL3084439,CN(C)c1cccc2c(cccc12)S(=O)(=O)NCCCn3nc(C(=O)N[C@H]4C[C@H]5CCC[C@@H](C4)N5C)c6ccccc36,8.92
374,CHEMBL558226,Cl.COc1cc(N)c(Cl)cc1C(=O)NC2C3CC4CN(C3)CC24,8.92
375,CHEMBL489062,CNc1nc(nc2ccc(Cl)cc12)N3CCN(C)CC3,8.95
376,CHEMBL3084434,CN1[C@@H]2CCC[C@H]1C[C@@H](C2)NC(=O)c3nn(CCCCNC(=S)Nc4ccc(C5=C6C=CC(=O)C=C6Oc7cc(O)ccc57)c(c4)C(=O)O)c8ccccc38,8.96
377,CHEMBL3679406,Brc1cc2NNC3=CN([C@H]4CN5CCC4CC5)C(=O)c(c1)c23,9.0
378,CHEMBL62023,CCN1C(=O)N(C(=O)NC2CC3CCC(C2)N3C)c4ccccc14,9.0
379,CHEMBL3679396,CCN1NC2=CN([C@@H]3CN4CCC3CC4)C(=O)c5cccc1c25,9.0
380,CHEMBL3084770,CC[C@H]1COC[C@H](C)N1c2oc3cccc(C(=O)N[C@@H]4C[C@H]5CCC[C@@H](C4)N5C)c3n2,9.0
381,CHEMBL3679409,CCn1nc2CCN([C@@H]3CN4CCC3CC4)C(=O)c5cccc1c25,9.0
382,CHEMBL3679393,CN1NC2=CN([C@@H]3CN4CCC3CC4)C(=O)c5cccc1c25,9.0
383,CHEMBL421747,Cc1[nH]cnc1Cc2nc(cs2)c3cccc4cccnc34,9.0
384,CHEMBL419496,Clc1cc2CCOc2c(c1)C(=O)N[C@H]3CN4CCC3CC4,9.0
385,CHEMBL3679413,Cn1cc2CCN([C@@H]3CN4CCC3CC4)C(=O)c5cccc1c25,9.0
386,CHEMBL1643894,Cn1cc2CN([C@@H]3CN4CCC3CC4)C(=O)c5cccc1c25,9.0
387,CHEMBL3679414,O=C1N(CCc2cn(Cc3ccccc3)c4cccc1c24)[C@@H]5CN6CCC5CC6,9.0
388,CHEMBL3084430,COc1ccc(cc1)C2=[N+]3C(=Cc4c(C)c(CCC(=O)NCCCCCC(=O)NCCCn5nc(C(=O)N[C@@H]6C[C@H]7CCC[C@@H](C6)N7C)c8ccccc58)c(C)n4[B-]3(F)F)C=C2,9.05
389,CHEMBL1643893,Cn1cc2CN([C@H]3CN4CCC3CC4)C(=O)c5cccc1c25,9.05
390,CHEMBL3673243,Cc1cc2C(=O)N(CCn3ncc(c1)c23)C4CN5CCC4CC5,9.1
391,CHEMBL3261484,Cc1cc2C(=O)N(CCn3ncc(c1)c23)[C@@H]4CN5CCC4CC5,9.1
392,CHEMBL18041,COc1cc(N)c(Cl)cc1C(=O)NC2CN3CCC2CC3,9.16
393,CHEMBL1643884,Cn1nc2CN([C@@H]3CN4CCC3CC4)C(=O)c5cccc1c25,9.16
394,CHEMBL599011,CN1[C@H]2CCC[C@H]1CC(C2)NC(=O)c3nn(C)c4c(O)cccc34,9.17
395,CHEMBL3084769,C[C@H]1COC[C@H](C)N1c2oc3cccc(C(=O)N[C@@H]4C[C@H]5CCC[C@@H](C4)N5C)c3n2,9.22
396,CHEMBL145725,CC(C)n1cnc2c(cc(Cl)cc12)C(=O)N[C@H]3CN4CCC3CC4,9.27
397,CHEMBL288591,CN1CCN(CC1)c2ccc3ccccc3n2,9.34
398,CHEMBL66692,COc1ccc(Cn2c(nc3ccccc23)N4CCNCC4)cc1,9.38
399,CHEMBL93919,COc1ccccc1c2csc(Cc3[nH]cnc3C)n2,9.38
400,CHEMBL56900,C(c1ccccc1)n2c(nc3ccccc23)N4CCNCC4,9.44
401,CHEMBL15056,C(COc1ccc(CCNc2c3CCCCc3nc4ccccc24)cc1)CN5CCCCC5,9.48
402,CHEMBL605772,CN1[C@H]2CCC[C@H]1CC(C2)NC(=O)c3nn(C)c4c(OCc5ccccc5)cccc34,9.64
403,CHEMBL3261480,Cc1cn2CCN([C@@H]3CN4CCC3CC4)C(=O)c5cc(Cl)cc1c25,9.7
404,CHEMBL596951,CN1[C@H]2CCC[C@H]1CC(C2)NC(=O)c3nn(C)c4cccc(O)c34,9.77
405,CHEMBL475331,CN1CCN(CC1)c2nc(N)c3ccccc3n2,10.29
