,molecule_chembl_id,canonical_smiles,pchembl_value
0,tropisetron,CN1[C@H]2CC[C@@H]1C[C@@H](C2)OC(=O)C1=CNC2=C1C=CC=C2,8.8
1,ondansetron,CN1C2=C(C3=CC=CC=C13)C(=O)C(CN1C=CN=C1C)CC2,8.3
2,palonosetron,[H][C@@]12CCCC3=CC=CC(C(=O)N(C1)[C@]1([H])CN4CCC1CC4)=C23,9.74
3,granisetron,CN1C2CCCC1CC(C2)NC(=O)c3nn(C)c4ccccc34,8.8
4,cisapride,[H]C1(CCN(CCCOC2=CC=C(F)C=C2)CC1([H])OC)NC(=O)C1=C(OC)C=C(N)C(Cl)=C1,6.82
5,metoclopramide,CCN(CC)CCNC(=O)C1=C(OC)C=C(N)C(Cl)=C1,7.30000019
6,CHEMBL3823499,CC(C)(C)S(=O)(=O)c1ccc2nccc(Nc3n[nH]c4ccc(F)cc34)c2c1,5.29
