,molecule_chembl_id,canonical_smiles,pchembl_value
0,CHEMBL3814288,COC1=CN(N=C(C1=O)c2ccnn2C)c3ccccc3,5.62
1,CHEMBL297235,NCCCOP(=O)(O)O[C@@H]1[C@H](O)[C@H](O)[C@@H](OP(=O)(O)O)[C@H](OP(=O)(O)O)[C@H]1O,5.95
2,CHEMBL23050,O[C@@H]1[C@H](O)[C@H](OP(=O)(O)O)[C@@H](OP(=O)(O)O)[C@H](OP(=O)(O)O)[C@H]1OP(=O)(O)O,6.21
3,CHEMBL282059,O[C@@H]1[C@H](O)[C@@H](OP(=O)(O)O)[C@H](OP(=O)(O)O)[C@@H](OP(=O)(O)O)[C@@H]1OP(=O)(O)O,6.37
4,CHEMBL279107,O[C@@H]1[C@H](O)[C@@H](OP(=O)(O)O)[C@H](OP(=O)(O)O)[C@@H](O)[C@@H]1OP(=O)(O)O,6.71
5,CHEMBL46273,O[C@@H]1[C@H](O)[C@@H](OP(=O)(O)O)[C@H](OP(=O)(O)O)[C@@H](O)[C@@H]1OP(=O)(O)OCCCNC(=O)Oc2ccc3c(Oc4cc(O)ccc4C35OC(=O)c6ccccc56)c2,6.73
6,CHEMBL281132,C[C@]1(OP(=O)(O)O)[C@H](OP(=O)(O)O)[C@H](O)[C@H](O)[C@@H](O)[C@@H]1OP(=O)(O)O,7.36
7,CHEMBL283791,O[C@H]1[C@H](O)[C@@H](OP(=O)(O)O)[C@H](OP(=O)(O)O)[C@@H](OP(=O)(O)O)[C@H]1O,8.22
8,CHEMBL23552,O[C@H]1[C@H](OP(=O)(O)O)[C@H](O)[C@H](OP(=O)(O)O)[C@@H](OP(=O)(O)O)[C@@H]1OP(=O)(O)O,8.54
9,CHEMBL297496,[Cl-].CN(C)c1ccc(cc1)C(=C2C=CC(=[N+](C)C)C=C2)c3ccc(cc3)C(=O)NCCCOP(=O)(O)O[C@@H]4[C@H](O)[C@H](O)[C@@H](OP(=O)(O)O)[C@H](OP(=O)(O)O)[C@H]4O,8.93
