,molecule_chembl_id,canonical_smiles,pchembl_value
0,CHEMBL169923,O[C@@H]1[C@H](O)[C@@H](OP(=O)(O)O)[C@H](OP(=O)(O)O)[C@@H](O)[C@@H]1OP(=O)(O)OCCCNC(=O)c2cccc3ccccc23,5.08
1,CHEMBL352326,CN(C)c1ccc(cc1)C(c2ccc(cc2)N(C)C)c3ccc(cc3)C(=O)NCCCOP(=O)(O)O[C@@H]4[C@H](O)[C@H](O)[C@@H](OP(=O)(O)O)[C@H](OP(=O)(O)O)[C@H]4O,5.5
2,CHEMBL434103,O[C@@H]1[C@H](O)[C@@H](OP(=O)(O)O)[C@H](OP(=O)(O)O)[C@@H](O)[C@@H]1OP(=O)(O)OCCCNC(=O)CCCc2ccc3ccc4cccc5ccc2c3c45,5.59
3,CHEMBL297235,NCCCOP(=O)(O)O[C@@H]1[C@H](O)[C@H](O)[C@@H](OP(=O)(O)O)[C@H](OP(=O)(O)O)[C@H]1O,5.82
4,CHEMBL369479,CN(C)c1ccc2C(=C3C=CC(=[N+](C)C)C=C3Oc2c1)c4ccc(cc4C(=O)[O-])C(=O)NCCCOP(=O)(O)O[C@@H]5[C@H](O)[C@H](O)[C@@H](OP(=O)(O)O)[C@H](OP(=O)(O)O)[C@H]5O,6.21
5,CHEMBL279107,O[C@@H]1[C@H](O)[C@@H](OP(=O)(O)O)[C@H](OP(=O)(O)O)[C@@H](O)[C@@H]1OP(=O)(O)O,6.52
6,CHEMBL172534,CN(C)c1ccc(cc1)C(=C2C=CC(=[N+](C)C)C=C2)c3ccc(cc3)C(=O)NCCCOP(=O)(O)O[C@@H]4[C@H](O)[C@H](O)[C@@H](OP(=O)(O)O)[C@H](OP(=O)(O)O)[C@H]4O,8.93
