,molecule_chembl_id,canonical_smiles,pchembl_value
0,guanidine,NC(N)=N,
1,fampridine,NC1=CC=NC=C1,
2,amifampridine,NC1=CC=NC=C1N,
3,CHEMBL1289418,CC(C)(CNC(=O)c1cccnc1O)CN(C2=NS(=O)(=O)c3cc(F)ccc23)c4ccccc4,5.0
4,CHEMBL110004,CC(C)NC(=O)c1cc(\C=C\c2ccc(OCc3ccccc3)cc2)ccc1c4ccc(Cl)cc4,5.0
5,CHEMBL112852,CC(C)NC(=O)c1cc(\C=C\c2cccc(Cl)c2)ccc1c3ccc(Cl)cc3,5.0
6,CHEMBL77572,COc1c(OCc2ccccc2)c(C(=O)C)c(OC)c3ccoc13,5.0
7,CHEMBL421891,CCCNC(=O)c1cc(\C=C\c2ccc(F)cc2)ccc1c3ccc(Cl)cc3,5.01
8,CHEMBL1290616,COc1ccc(cc1)N(CCCNC(=O)c2ccc(F)cc2)C3=NS(=O)(=O)c4ccccc34,5.01
9,CHEMBL111539,CCCCNC(=O)c1cc(\C=C\c2ccccc2F)ccc1c3ccc(Cl)cc3,5.1
10,verapamil,COC1=C(OC)C=C(CCN(C)CCCC(C#N)(C(C)C)C2=CC(OC)=C(OC)C=C2)C=C1,5.1
11,CHEMBL53790,CCN(CC)CC\N=C\1/C=CN(Cc2ccccc2Cl)c3cc(Cl)ccc13,5.12
12,CHEMBL497085,CC(C)C(=O)C1N(C(=O)c2occc2)c3ccccc3c4ccccc14,5.13
13,CHEMBL1289296,CC(C)N(CCCNC(=O)c1ccc(F)cc1)C2=NS(=O)(=O)c3ccccc23,5.14
14,CHEMBL306038,COc1c(Oc2ccc(Oc3c(OC)c4occc4c(OC)c3C(=O)C)c(C)c2C)c(C(=O)C)c(OC)c5ccoc15,5.15
15,CHEMBL549316,O=C1c2ccccc2C(=O)c3c(OCCCCOc4ccccc4)cccc13,5.16
16,CHEMBL1290506,Fc1ccc(cc1)C(=O)NCCCN(C2=NS(=O)(=O)c3ccccc23)c4cccc(c4)C(F)(F)F,5.17
17,CHEMBL559268,CC1=CC(=O)c2c(O1)cc3OC(=O)C=Cc3c2OCCCCOc4ccccc4,5.22
18,CHEMBL109643,CCCCNC(=O)c1cc(\C=C\Cc2ccccc2)ccc1c3ccc(Cl)cc3,5.22
19,CHEMBL522750,Clc1ccc(cc1)S(=O)(=O)N2CC(=O)c3ccccc3c4ccccc24,5.22
20,CHEMBL104,Clc1ccccc1C(c2ccccc2)(c3ccccc3)n4ccnc4,5.22
21,CHEMBL1290171,CC(C)(CNC(=O)C1CCCCN1)CN(C2=NS(=O)(=O)c3cc(F)ccc23)c4ccccc4,5.23
22,CHEMBL2205334,CC1CCN(CCC(C#N)(c2ccccc2)c3ccccc3)CC1,5.24
23,CHEMBL325794,CCCNC(=O)c1cc(\C=C\Cc2ccccc2)ccc1c3ccc(Cl)cc3,5.24
24,CHEMBL498086,Cc1ccc(cc1)S(=O)(=O)N2CC(=O)c3ccccc3c4ccccc24,5.24
25,CHEMBL109698,CC(C)NC(=O)c1cc(\C=C\Cc2ccccc2)ccc1c3ccc(Cl)cc3,5.25
26,CHEMBL1289185,Fc1ccc(cc1)C(=O)NCCCN(C2CCCC2)C3=NS(=O)(=O)c4ccccc34,5.29
27,CHEMBL497084,CC(=O)N1C(c2ccccc2c3ccccc13)c4c[nH]c5ccccc45,5.3
28,CHEMBL559267,CC1=CC(=O)c2c(O1)cc3OCOc3c2OCCCCOc4ccccc4,5.3
29,diphenoxylate,CCOC(=O)C1(CCN(CCC(C#N)(C2=CC=CC=C2)C2=CC=CC=C2)CC1)C1=CC=CC=C1,5.3
30,CHEMBL77493,COc1c(OCc2ccc(COc3c(OC)c4occc4c(OC)c3C(=O)C)c(c2)C(=O)O)c(C(=O)C)c(OC)c5ccoc15,5.3
31,CHEMBL498270,Clc1ccccc1C(c2ccccc2)(c3ccccc3)n4cccn4,5.3
32,CHEMBL1289414,OCCCN(C1=NS(=O)(=O)c2ccccc12)c3ccccc3,5.3
33,CHEMBL1290733,O=S1(=O)N=C(N(CCCC#N)c2ccccc2)c3ccccc13,5.32
34,CHEMBL1290394,Fc1ccc(cc1)N(CCCNC(=O)c2ccc(F)cc2)C3=NS(=O)(=O)c4ccccc34,5.33
35,CHEMBL2205328,N#CC(CCN1CCC(=CC1)c2ccccc2)(c3ccccc3)c4ccccc4,5.38
36,CHEMBL502831,O=C(C1CCC1)C2N(C(=O)c3occc3)c4ccccc4c5ccccc25,5.38
37,CHEMBL111753,CCCNC(=O)c1cc(\C=C\CCc2ccccc2)ccc1c3ccc(Cl)cc3,5.4
38,CHEMBL74306,COc1c(OCCOCCOc2c(OC)c3occc3c(OC)c2C(=O)C)c(C(=O)C)c(OC)c4ccoc14,5.4
39,CHEMBL522408,Cc1ccc(cc1)C(=O)N2CC(=O)c3ccccc3c4ccccc24,5.4
40,CHEMBL109739,NC(=N)NNC(=O)c1cc(\C=C\c2ccc(F)cc2)ccc1c3ccc(Cl)cc3,5.41
41,CHEMBL109336,CC(C)NC(=O)c1cc(\C=C\c2ccc(Cl)c(F)c2)ccc1c3ccc(Cl)cc3,5.43
42,CHEMBL515037,COC1=C(C[C@@H]2C(=C)CC[C@H]3[C@@]4(C)CC=CO[C@@H]4CC[C@]23C)C(=O)C(=C(C)O1)C,5.43
43,CHEMBL496892,Clc1cccc(c1)S(=O)(=O)N2CC(=O)c3ccccc3c4ccccc24,5.44
44,CHEMBL1289528,O=S1(=O)N=C(N(CCCc2ccccc2)c3ccccc3)c4ccccc14,5.45
45,CHEMBL78267,COc1c(OCCCCOc2c(OC)c3occc3c(OC)c2C(=O)C)c(C(=O)C)c(OC)c4ccoc14,5.46
46,CHEMBL1289965,O=C(NCCCN(C1=NS(=O)(=O)c2ccccc12)c3ccccc3)C4=CCOC=C4,5.46
47,CHEMBL1290172,CN1CCCCC1C(=O)NCC(C)(C)CN(C2=NS(=O)(=O)c3cc(F)ccc23)c4ccccc4,5.47
48,CHEMBL497250,Clc1cccc(c1)C(=O)N2CC(=O)c3ccccc3c4ccccc24,5.47
49,CHEMBL418444,CCNC(=O)c1cc(\C=C\CCc2ccccc2)ccc1c3ccc(Cl)cc3,5.5
50,CHEMBL1290738,CNC(=O)NCC(C)(C)CN(C1=NS(=O)(=O)c2cc(F)ccc12)c3ccccc3,5.51
51,CHEMBL75159,COc1c(OCc2ccc(COc3c(OC)c4occc4c(OC)c3C(=O)C)cc2)c(C(=O)C)c(OC)c5ccoc15,5.51
52,CHEMBL78004,COc1c(OCCCCCCCOc2c(OC)c3occc3c(OC)c2C(=O)C)c(C(=O)C)c(OC)c4ccoc14,5.52
53,CHEMBL257244,COc1cccc(\C=C(/C)\C(=O)c2c(O)c(OC)c3occc3c2OC)c1,5.52
54,CHEMBL1289067,Fc1ccc(cc1)C(=O)NCCCN(C2=NS(=O)(=O)c3ccccc23)c4ncccn4,5.53
55,CHEMBL112516,CNC(=O)c1cc(\C=C\c2ccc(OCc3ccccc3)c(OCc4ccccc4)c2)ccc1c5ccc(Cl)cc5,5.54
56,CHEMBL1289741,Fc1ccc(cc1)C(=O)NCCN(C2=NS(=O)(=O)c3ccccc23)c4ccccc4,5.54
57,CHEMBL1289527,O=C(NCCCN(C1=NS(=O)(=O)c2ccccc12)c3ccccc3)c4cccnc4,5.56
58,CHEMBL1290277,O=C(NCCCN(C1=NS(=O)(=O)c2ccccc12)c3ccccc3)NN4CCOCC4,5.57
59,CHEMBL1289413,COCCCN(C1=NS(=O)(=O)c2ccccc12)c3ccccc3,5.58
60,CHEMBL2205321,N#CC(CCN1CCC(CC1)c2ccccc2)(c3ccccc3)c4ccccc4,5.58
61,CHEMBL1290064,Cn1cccc1CC(=O)NCC(C)(C)CN(C2=NS(=O)(=O)c3cc(F)ccc23)c4ccccc4,5.59
62,CHEMBL2205320,COC(=O)C1(CCN(CCC(C#N)(c2ccccc2)c3ccccc3)CC1)c4ccccc4,5.6
63,CHEMBL460814,COC1=C(C[C@H]2C(=C)CC[C@@H]3[C@]2(C)CC[C@H]4OC(=CC[C@]34C)C(C)(C)O)C(=O)C(=C(C)O1)C,5.6
64,CHEMBL1289635,O=S1(=O)N=C(N(c2ccccc2)c3ccccc3)c4ccccc14,5.61
65,CHEMBL403523,COc1cc(C(=O)\C=C\c2ccccc2)c(OC)c3ccoc13,5.62
66,CHEMBL272314,COc1cccc(\C=C\C(=O)c2cc(OC)c3occc3c2OC)c1,5.62
67,CHEMBL1289529,O=S1(=O)N=C(N(CCCn2ccnc2)c3ccccc3)c4ccccc14,5.62
68,CHEMBL1289066,Fc1ccc(cc1)C(=O)NCCCN(C2=NS(=O)(=O)c3ccccc23)c4ccccn4,5.63
69,CHEMBL56124,CCCCC\N=C\1/C=CN(C2CCc3ccccc23)c4cc(Cl)ccc14,5.64
70,CHEMBL148159,O=C(NCc1ccccc1c2ccccc2C(=O)NCCc3ccccn3)OCc4ccccc4,5.64
71,CHEMBL306037,COc1c(OCc2ccc(COc3c(OC)c4ccoc4c(OC)c3C(C)O)cc2)c(C(C)O)c(OC)c5ccoc15,5.7
72,CHEMBL522412,CCCC(C)C(=O)C1N(C(=O)c2occc2)c3ccccc3c4ccccc14,5.72
73,CHEMBL2205326,N#CC(CCN1CCN(CC1)c2ccccc2)(c3ccccc3)c4ccccc4,5.73
74,CHEMBL272101,COc1c(O)c(cc2ccoc12)C(=O)\C=C\c3ccccc3,5.77
75,CHEMBL2205329,OC1(CCN(CCC(C#N)(c2ccccc2)c3ccccc3)CC1)c4ccccc4,5.77
76,CHEMBL1289526,O=C(NCCCN(C1=NS(=O)(=O)c2ccccc12)c3ccccc3)c4ccccn4,5.81
77,CHEMBL1289638,CC(C)(CNC(=O)C1(N)CCCC1)CN(C2=NS(=O)(=O)c3cc(F)ccc23)c4ccccc4,5.82
78,CHEMBL308554,COc1c(O)c(C(=O)CCc2ccccc2)c(OC)c3CCOc13,5.82
79,CHEMBL562998,COc1c2OC(=CC(=O)c2c(OCCCCOc3ccccc3)c4ccoc14)C,5.82
80,CHEMBL524847,COc1ccccc1C(=O)C2N(C(=O)c3occc3)c4ccccc4c5ccccc25,5.82
81,CHEMBL498728,O=C(C1N(C(=O)c2occc2)c3ccccc3c4ccccc14)c5occc5,5.82
82,CHEMBL500166,COC(=O)C(=O)C1N(C(=O)c2occc2)c3ccccc3c4ccccc14,5.85
83,CHEMBL569185,COc1ccc(CCN2[C@@H](CN(NS(=O)(=O)C)C2=O)c3ccc(OC)cc3)cc1,5.85
84,CHEMBL1289637,O=S1(=O)N=C(N(Cc2ccccc2)c3ccccc3)c4ccccc14,5.86
85,CHEMBL1289851,CC(C)(CNC(=O)CC1CCCCO1)CN(C2=NS(=O)(=O)c3cc(F)ccc23)c4ccccc4,5.87
86,CHEMBL1290168,O=C(NCCCN(C1=NS(=O)(=O)c2ccccc12)c3ccccc3)Nc4ccccc4,5.89
87,CHEMBL1290398,CC(C)(CNC(=O)C1COCCN1)CN(C2=NS(=O)(=O)c3cc(F)ccc23)c4ccccc4,5.9
88,CHEMBL2205327,N#CC(CCN1CCN(Cc2ccccc2)CC1)(c3ccccc3)c4ccccc4,5.9
89,CHEMBL516634,COC1=C(C[C@@H]2C(=C)CC[C@@H]3[C@]2(C)CC[C@H]4OC(=C(O)C[C@]34C)C(C)(C)O)C(=O)C(=C(C)O1)C,5.92
90,CHEMBL1290619,CC(=O)NCC(C)(C)CN(C1=NS(=O)(=O)c2cc(F)ccc12)c3ccccc3,5.93
91,CHEMBL56151,Clc1ccc2\C(=N\C34CC5CC(CC(C5)C3)C4)\C=CN(Cc6ccccc6)c2c1,5.93
92,CHEMBL1289071,CC(C)(CNC(=O)c1cc[nH]c1)CN(C2=NS(=O)(=O)c3cc(F)ccc23)c4ccccc4,5.94
93,CHEMBL1290063,CC(C)(CNC(=O)C1(O)CCOCC1)CN(C2=NS(=O)(=O)c3cc(F)ccc23)c4ccccc4,5.97
94,CHEMBL1289636,O=S1(=O)N=C(N(C2CCCCC2)c3ccccc3)c4ccccc14,5.97
95,CHEMBL1290167,O=S(=O)(NCCCN(C1=NS(=O)(=O)c2ccccc12)c3ccccc3)c4ccccc4,5.98
96,CHEMBL1289065,O=C(OCCCN(C1=NS(=O)(=O)c2ccccc12)c3ccccc3)c4ccccc4,5.99
97,CHEMBL556250,C(CCOc1c2ccoc2nc3ccccc13)COc4ccccc4,6.0
98,CHEMBL75091,COc1c(C(=O)C)c(OCc2ccc(COc3cc4occc4c(OC)c3C(=O)C)cc2)cc5occc15,6.0
99,CHEMBL72328,COc1c(O)c(C(=O)\C=C\c2cccs2)c(OC)c3ccoc13,6.0
100,CHEMBL554816,Cl.CCC\N=C\1/C=CN(Cc2ccccc2)c3cc(Cl)ccc13,6.0
101,CHEMBL540760,O=C1C(=C(Oc2ccccc12)c3ccccc3)OCCCCOc4ccccc4,6.0
102,CHEMBL551028,O=C1Oc2c(OCCCCOc3ccccc3)c4occc4cc2C=C1,6.0
103,CHEMBL541518,O=C1c2ccoc2N(CCCCOc3ccccc3)c4ccccc14,6.0
104,CHEMBL525412,OC(=O)C(=O)C1N(C(=O)c2occc2)c3ccccc3c4ccccc14,6.0
105,CHEMBL55649,CCCCCCNc1cc[n+](c2ccccc2)c3c(cccc13)c4ccccc4.CS(=O)(=O)[O-],6.03
106,CHEMBL1290393,Fc1ccc(cc1)C(=O)NCCCN(C2=NS(=O)(=O)c3ccccc23)c4cccc(F)c4,6.03
107,CHEMBL1289847,Cc1c(oc2ccccc12)C(=O)NCCCN(C3=NS(=O)(=O)c4ccccc34)c5ccccc5,6.04
108,CHEMBL2205323,CCOC(=O)C1(CCN(CCC(c2ccccc2)c3ccccc3)CC1)c4ccccc4,6.05
109,CHEMBL76543,COc1cccc(\C=C\C(=O)c2c(O)c(OC)c3occc3c2OC)c1,6.05
110,CHEMBL559624,O=C1Oc2ccccc2C(=C1)OCCCCOc3ccccc3,6.05
111,CHEMBL1289412,O=C(NCCCN(C1=NS(=O)(=O)c2ccccc12)c3ccccc3)c4cccc(c4)C#N,6.06
112,CHEMBL1289740,O=C(Cc1ccccc1)NCCCN(C2=NS(=O)(=O)c3ccccc23)c4ccccc4,6.07
113,CHEMBL1289968,CC(C)(CNC(=O)C1CCOCC1(C)C)CN(C2=NS(=O)(=O)c3cc(F)ccc23)c4ccccc4,6.08
114,CHEMBL57117,[Br-].CCCCCCOc1cc[n+](Cc2ccccc2)c3cc(Cl)ccc13,6.08
115,CHEMBL1289069,CC(C)(CNC(=O)C1(O)CC1)CN(C2=NS(=O)(=O)c3cc(F)ccc23)c4ccccc4,6.09
116,CHEMBL56261,CC(C)CCCC(C)\N=C\1/C=CN(Cc2ccccc2)c3cc(Cl)ccc13,6.09
117,CHEMBL77317,COc1c(OCCCCCOc2c(OC)c3occc3c(OC)c2C(=O)C)c(C(=O)C)c(OC)c4ccoc14,6.09
118,CHEMBL1290734,Fc1ccc(cc1)C(=O)NCCCN(C2=NS(=O)(=O)c3ccccc23)c4ccccc4F,6.09
119,CHEMBL2205325,CCOC(=O)C1(CCN(CCCc2ccccc2)CC1)c3ccccc3,6.1
120,CHEMBL77926,COc1c(O)c(C(=O)\C=C\c2cc(Br)cs2)c(OC)c3ccoc13,6.1
121,CHEMBL1290739,CC(C)(CNC(=O)c1cocn1)CN(C2=NS(=O)(=O)c3cc(F)ccc23)c4ccccc4,6.13
122,CHEMBL378104,COc1cc(O)cc(O)c1C(=O)\C=C\c2ccccc2,6.13
123,CHEMBL444449,O=C1Oc2cc3occc3c(OCCCCOc4ccccc4)c2C=C1,6.13
124,CHEMBL2205330,OC1CCN(CCC(C#N)(c2ccccc2)c3ccccc3)CC1,6.13
125,CHEMBL1289634,O=C(NCCCN(C1=NS(=O)(=O)c2ccccc12)c3ccccc3)c4ccc5ccccc5c4,6.14
126,CHEMBL1256851,O=C1Oc2cc3occc3c(OCCCCc4ccccc4)c2C=C1,6.14
127,CHEMBL496692,Cc1cc(C(=O)C2N(C(=O)c3occc3)c4ccccc4c5ccccc25)n(C)n1,6.15
128,CHEMBL1290507,CC(C)(CNC(=O)C1CCOCC1)CN(C2=NS(=O)(=O)c3ccccc23)c4ccccc4,6.16
129,CHEMBL1290396,CC(C)(CNC(=O)c1cccc(c1)C(F)(F)F)CN(C2=NS(=O)(=O)c3cc(F)ccc23)c4ccccc4,6.16
130,CHEMBL78325,COc1c(O)c(C(=O)\C=C\c2ccc(C)cc2)c(OC)c3ccoc13,6.16
131,CHEMBL432341,COc1c(O)c(C(=O)\C=C\c2cccc(O)c2)c(OC)c3ccoc13,6.16
132,CHEMBL1289182,O=C(NCCCN(C1=NS(=O)(=O)c2ccccc12)c3ccccc3)c4ccccc4,6.16
133,CHEMBL552151,CN1C(=O)C=C(OCCCCOc2ccccc2)c3ccccc13,6.17
134,CHEMBL307016,COc1c(OCCCCCCOc2c(OC)c3occc3c(OC)c2C(=O)C)c(C(=O)C)c(OC)c4ccoc14,6.17
135,CHEMBL1287826,FC(F)(F)c1ccc(cc1)C(=O)NCCCN(C2=NS(=O)(=O)c3ccccc23)c4ccccc4,6.17
136,CHEMBL559956,C(CCOc1cccc2occc12)COc3ccccc3,6.19
137,CHEMBL1289850,CC(C)(CNC(=O)C1CCCCO1)CN(C2=NS(=O)(=O)c3cc(F)ccc23)c4ccccc4,6.19
138,CHEMBL1289846,Cc1oc(C)c(c1)C(=O)NCCCN(C2=NS(=O)(=O)c3ccccc23)c4ccccc4,6.2
139,CHEMBL76997,COc1c(O)c(C(=O)CCc2ccccc2)c(OC)c3ccoc13,6.22
140,CHEMBL1290395,CC(C)(CNC(=O)c1cccc(c1)C(F)(F)F)CN(C2=NS(=O)(=O)c3ccccc23)c4ccccc4,6.25
141,CHEMBL306931,COc1c(Oc2cc(C)c(Oc3c(OC)c4occc4c(OC)c3C(=O)C)c(C)c2)c(C(=O)C)c(OC)c5ccoc15,6.25
142,CHEMBL55791,CCC\N=C\1/C=CN(Cc2ccccc2)c3cc(Cl)ccc13,6.26
143,CHEMBL1289411,COc1ccc(cc1)C(=O)NCCCN(C2=NS(=O)(=O)c3ccccc23)c4ccccc4,6.26
144,CHEMBL54846,Clc1ccc(C\N=C\2/C=CN(Cc3ccccc3Cl)c4cc(Cl)ccc24)c(Cl)c1,6.26
145,CHEMBL1289070,Cn1ccnc1C(=O)NCC(C)(C)CN(C2=NS(=O)(=O)c3cc(F)ccc23)c4ccccc4,6.26
146,CHEMBL1289183,Fc1ccc(cc1)C(=O)NCCCN(C2=NS(=O)(=O)c3ccccc23)c4ccccc4,6.26
147,CHEMBL1290621,CC(C)(CNC(=O)c1cscn1)CN(C2=NS(=O)(=O)c3cc(F)ccc23)c4ccccc4,6.27
148,CHEMBL549464,C(CCOc1cccc2cnccc12)COc3ccccc3,6.28
149,CHEMBL1289298,CC(C)(CNC(=O)C1(N)CC1)CN(C2=NS(=O)(=O)c3cc(F)ccc23)c4ccccc4,6.28
150,CHEMBL1290508,CC(C)(CNC(=O)C1CCOCC1)CN(C2=NS(=O)(=O)c3cc(F)ccc23)c4ccccc4,6.28
151,CHEMBL317791,C[C@H](OC(=O)NCc1ccccc1c2ccccc2C(=O)NCCc3ccccn3)c4ccccc4,6.3
152,CHEMBL1289848,Fc1ccc(NC(=O)CCCN(C2=NS(=O)(=O)c3ccccc23)c4ccccc4)cc1,6.3
153,CHEMBL54231,CCCCCC\N=C\1/C=CN(Cc2ccccc2)c3c(OC)cccc13,6.32
154,CHEMBL1289531,CC(C)(CNC(=O)C1(O)CCCC1)CN(C2=NS(=O)(=O)c3cc(F)ccc23)c4ccccc4,6.33
155,CHEMBL1290279,CC(C)(CNC(=O)N1CCOCC1)CN(C2=NS(=O)(=O)c3ccccc23)c4ccccc4,6.33
156,CHEMBL55091,CCCC\N=C\1/C=CN(CCCc2ccccc2)c3cc(Cl)ccc13,6.33
157,CHEMBL550822,COc1c2OC(=O)C=C(OCCCCOc3ccccc3)c2c(OC)c4ccoc14,6.35
158,CHEMBL1290170,CC(CNC(=O)c1ccc(F)cc1)CN(C2=NS(=O)(=O)c3ccccc23)c4ccccc4,6.36
159,CHEMBL310916,COc1c(O)c(C(=O)\C=C\c2ccccc2)c(OC)c3ccoc13,6.4
160,CHEMBL1289743,CC(C)(CNC(=O)C1(O)CCC(F)(F)CC1)CN(C2=NS(=O)(=O)c3cc(F)ccc23)c4ccccc4,6.41
161,CHEMBL1289295,FC(F)(F)c1cccc(c1)C(=O)NCCCN(C2=NS(=O)(=O)c3ccccc23)c4ccccc4,6.43
162,CHEMBL1289744,CC(C)(CNC(=O)C1CCCO1)CN(C2=NS(=O)(=O)c3cc(F)ccc23)c4ccccc4,6.44
163,CHEMBL1289299,CC(C)(CNC(=O)C1(CC1)C#N)CN(C2=NS(=O)(=O)c3cc(F)ccc23)c4ccccc4,6.46
164,CHEMBL1289639,CC(C)(CNC(=O)C1(O)CCCCC1)CN(C2=NS(=O)(=O)c3cc(F)ccc23)c4ccccc4,6.46
165,CHEMBL1290280,CC(C)(CNC(=O)N1CCOCC1)CN(C2=NS(=O)(=O)c3cc(F)ccc23)c4ccccc4,6.47
166,CHEMBL416313,CCCCC\N=C\1/C=CN(Cc2ccc(Cl)cc2)c3ccc(cc13)C(F)(F)F,6.47
167,CHEMBL1289969,CC(C)(CNC(=O)C1(CCOCC1)C#N)CN(C2=NS(=O)(=O)c3cc(F)ccc23)c4ccccc4,6.48
168,CHEMBL1289301,CC(C)(CNC(=O)c1ncccc1O)CN(C2=NS(=O)(=O)c3cc(F)ccc23)c4ccccc4,6.5
169,CHEMBL550276,COc1c2C(=CC(=O)Oc2c(OCCCCOc3ccccc3)c4occc14)C,6.5
170,CHEMBL53676,CCCCCC\N=C\1/C=CN(Cc2ccc(Cl)c(Cl)c2)c3cc(Cl)ccc13,6.51
171,CHEMBL1289633,O=C(NCCCN(C1=NS(=O)(=O)c2ccccc12)c3ccccc3)c4ccc5ccccc5n4,6.51
172,CHEMBL1290618,CC(C)(CNC(=O)n1cccc1)CN(C2=NS(=O)(=O)c3cc(F)ccc23)c4ccccc4,6.52
173,CHEMBL1289068,CC(C)(CNC(=O)C1CC1)CN(C2=NS(=O)(=O)c3cc(F)ccc23)c4ccccc4,6.55
174,CHEMBL298608,CCCCCCCC\N=C\1/C=CN(Cc2ccccc2)c3cc(Cl)ccc13,6.55
175,CHEMBL56590,CCCCC\N=C\1/C=CN(c2cccc3ccccc23)c4cc(Cl)ccc14,6.55
176,CHEMBL308029,COc1c(Oc2cc(C)c(Oc3c(OC)c4occc4c(OC)c3C(=O)C)cc2C)c(C(=O)C)c(OC)c5ccoc15,6.55
177,CHEMBL417417,CCCCC\N=C\1/C=CN(Cc2ccc(Cl)cc2)c3ccc(OC)cc13,6.56
178,CHEMBL1289419,CC(C)(CNC(=O)C(C)(O)C(F)(F)F)CN(C1=NS(=O)(=O)c2cc(F)ccc12)c3ccccc3,6.6
179,CHEMBL59308,CCCCCCNc1cc[n+](C)c2c(cccc12)c3ccccc3.CS(=O)(=O)[O-],6.62
180,CHEMBL55142,CCCCCCNc1cc[n+](c2ccccc2)c3c(cc(OC)cc13)c4ccccc4.CS(=O)(=O)[O-],6.62
181,CHEMBL299451,CCCCC\N=C\1/C=CN(Cc2ccc(Cl)cc2)c3cc(ccc13)C(F)(F)F,6.62
182,CHEMBL549529,CC1=CC(=O)c2c(O1)cc3occc3c2OCCCCOc4ccccc4,6.63
183,CHEMBL1289188,CC(C)(CNC(=O)c1cnccn1)CN(C2=NS(=O)(=O)c3cc(F)ccc23)c4ccccc4,6.64
184,CHEMBL294373,CCCCC\N=C\1/C=CN(Cc2ccc(Cl)cc2)c3c(F)cccc13,6.64
185,CHEMBL291738,CC(C)C\N=C\1/C=CN(Cc2ccccc2)c3cc(Cl)ccc13,6.69
186,CHEMBL1289417,CC(C)(CNC(=O)C1(C)CC1)CN(C2=NS(=O)(=O)c3cc(F)ccc23)c4ccccc4,6.7
187,CHEMBL1290509,CC(C)(CNC(=O)c1occc1)CN(C2=NS(=O)(=O)c3cc(F)ccc23)c4ccccc4,6.7
188,CHEMBL281622,CCCCC\N=C\1/C=CN(Cc2ccccc2)c3ccccc13,6.7
189,CHEMBL293083,CCCC\N=C\1/C=CN(Cc2ccccc2)c3cc(Cl)ccc13,6.7
190,CHEMBL9653,COc1ccc(CCCN2CCC(COC(c3ccccc3)c4ccccc4)CC2)cc1,6.7
191,CHEMBL559066,COc1ccc2c(OCCCCOc3ccccc3)c4ccoc4nc2c1OC,6.7
192,CHEMBL1289300,COc1cnccc1C(=O)NCC(C)(C)CN(C2=NS(=O)(=O)c3cc(F)ccc23)c4ccccc4,6.7
193,CHEMBL298622,CCCCCC\N=C\1/C=CN(Cc2ccccc2Cl)c3cc(Cl)ccc13,6.72
194,CHEMBL554144,O=C1C=COc2cc3occc3c(OCCCCOc4ccccc4)c12,6.77
195,CHEMBL562876,COc1cccc2C(=O)c3ccccc3N(CCCCOc4ccccc4)c12,6.78
196,CHEMBL56173,CCCCCC\N=C\1/C=CN(Cc2ccccc2)c3ccccc13,6.79
197,CHEMBL1290169,CC(C)(CNC(=O)c1ccc(F)cc1)CN(C2=NS(=O)(=O)c3ccccc23)c4ccccc4,6.8
198,CHEMBL1290737,CC(C)(CNC(=O)CC(F)(F)F)CN(C1=NS(=O)(=O)c2cc(F)ccc12)c3ccccc3,6.82
199,CHEMBL1290510,CC(C)(CNC(=O)c1cocc1)CN(C2=NS(=O)(=O)c3cc(F)ccc23)c4ccccc4,6.82
200,CHEMBL549528,COc1cc2nc3occc3c(OCCCCOc4ccccc4)c2cc1OC,6.82
201,CHEMBL540174,O=C1Oc2cccc(OCCCCOc3ccccc3)c2C=C1,6.82
202,CHEMBL1289416,CC(C)(CNC(=O)C1CC1(F)F)CN(C2=NS(=O)(=O)c3cc(F)ccc23)c4ccccc4,6.85
203,CHEMBL16432,COc1ccccc1C(=O)NC[C@@]2(CC[C@@H](CC2)OC(=O)NCC=C)c3ccccc3,6.85
204,CHEMBL54934,CCCCCCC\N=C\1/C=CN(Cc2ccccc2)c3cc(Cl)ccc13,6.93
205,CHEMBL56998,CCCCCC\N=C\1/C=CN(Cc2ccc(Cl)cc2)c3cc(Cl)ccc13,7.0
206,CHEMBL16945,CNC(=O)O[C@@H]1CC[C@](CNC(=O)c2ccccc2OC)(CC1)c3ccccc3,7.0
207,CHEMBL311283,COC(=O)C12O[C@@H]1C(=C)C[C@@]3(O)[C@@H]4CC[C@@]5(C)[C@@H]6C=CC(=O)OC[C@]6(C(C)OC(=O)C)[C@@H](OC(=O)C)[C@@H](OC(=O)C)[C@@H]5[C@@]4(C)[C@H](OC(=O)C)[C@H](OC(=O)C)[C@@]23C,7.0
208,CHEMBL1289530,CC(C)(CNC(=O)C1(CCC1)C(F)(F)F)CN(C2=NS(=O)(=O)c3cc(F)ccc23)c4ccccc4,7.05
209,CHEMBL55202,CCCCCC\N=C\1/C=CN(Cc2ccc(OC)cc2)c3cc(Cl)ccc13,7.06
210,CHEMBL290227,COC(=O)[C@@]12O[C@@H]1C(=C)CC3[C@@H]4CC[C@@]5(C)[C@@H]6C=CC(=O)OC[C@]6([C@@H](C)OC(=O)C)[C@@H](OC(=C)C)[C@@H](OC(=O)C)[C@@H]5[C@@]4(C)[C@H](OC(=O)C)[C@H](OC(=O)C)[C@@]23C,7.07
211,CHEMBL1289186,CC(C)(CNC(=O)C1(CC1)C(F)(F)F)CN(C2=NS(=O)(=O)c3cc(F)ccc23)c4ccccc4,7.1
212,CHEMBL279606,CCCNC(=O)O[C@@H]1CC[C@](CNC(=O)c2ccccc2OC)(CC1)c3ccccc3,7.1
213,CHEMBL16683,COc1ccccc1C(=O)NC[C@@]2(CC[C@@H](CC2)NC(=O)NCC=C)c3ccccc3,7.1
214,CHEMBL56589,CCCCC\N=C\1/C=CN(c2ccc3ccccc3c2)c4cc(Cl)ccc14,7.13
215,CHEMBL277598,COc1ccccc1C(=O)NC[C@@]2(CC[C@@H](CC2)NC(=O)OCC=C)c3ccccc3,7.14
216,CHEMBL299668,CCCCC\N=C\1/C=CN(Cc2ccccc2)c3cc(Cl)ccc13,7.19
217,CHEMBL293721,CCCCCC\N=C\1/C=CN(Cc2ccccc2)c3ccc(OC)cc13,7.33
218,CHEMBL53841,CCCCCC\N=C\1/C=CN(Cc2ccccc2)c3cc(Cl)ccc13,7.5
219,CHEMBL16255,COc1ccccc1C(=O)NC[C@@]2(CC[C@H](CC2)NC(=O)NCC=C)c3ccccc3,7.54
220,CHEMBL278660,COc1ccccc1C(=O)NC[C@@]2(CC[C@H](CC2)OC(=O)NCC=C)c3ccccc3,7.75
221,CHEMBL540249,S=C1Oc2cc3occc3c(OCCCCOc4ccccc4)c2C=C1,7.77
222,CHEMBL16804,CCCNC(=O)O[C@@H]1CC[C@@](CNC(=O)c2ccccc2OC)(CC1)c3ccccc3,8.3
223,CHEMBL16806,CNC(=O)O[C@@H]1CC[C@@](CNC(=O)c2ccccc2OC)(CC1)c3ccccc3,8.3
224,CHEMBL3609086,CC[C@H](C)[C@@H]1NC(=O)[C@H](CSSC[C@H](NC(=O)[C@@H](NC(=O)CNC(=O)[C@@H]2CSSC[C@@H]3NC(=O)C(CCN)NC(=O)[C@H](Cc4ccccc4)NC(=O)[C@H](C)NC(=O)[C@@H](NC(=O)[C@H](CSSC[C@H](NC(=O)[C@H](Cc5ccccc5)NC(=O)[C@H](CO)NC(=O)[C@H](CC(C)C)NC(=O)[C@H](CCCNC(=N)N)NC(=O)[C@H](Cc6ccc(O)cc6)NC(=O)[C@H](CCCCN)NC(=O)[C@H](CCSC)NC(=O)[C@H](CO)NC(=O)[C@H](Cc7cnc[nH]7)NC(=O)[C@H](CCCCN)NC3=O)C(=O)N[C@@H](CCCNC(=N)N)C(=O)N[C@@H](CCCCN)C(=O)N[C@@H]([C@@H](C)O)C(=O)N2)NC(=O)[C@H](CCCNC(=N)N)NC(=O)[C@H](CO)NC(=O)[C@H](CCCCN)NC(=O)[C@@H]8CCCN8C(=O)[C@@H](NC(=O)[C@@H](NC(=O)[C@H](CC(=O)O)NC1=O)[C@@H](C)O)[C@@H](C)CC)[C@@H](C)O)[C@@H](C)O)C(=O)O)NC(=O)[C@H](CO)NC(=O)[C@@H](N)CCCNC(=N)N,9.65
225,CHEMBL3609095,CC[C@H](C)[C@@H]1NC(=O)[C@H](CSSC[C@H](NC(=O)[C@@H](NC(=O)CNC(=O)[C@@H]2CSSC[C@@H]3NC(=O)[C@H](CCC(=O)N)NC(=O)[C@H](Cc4ccccc4)NC(=O)[C@H](C)NC(=O)[C@@H](NC(=O)[C@H](CSSC[C@H](NC(=O)[C@H](Cc5ccccc5)NC(=O)[C@H](CO)NC(=O)[C@H](CC(C)C)NC(=O)[C@H](CCCNC(=N)N)NC(=O)[C@H](Cc6ccc(O)cc6)NC(=O)[C@H](CCCCN)NC(=O)[C@H](CCSC)NC(=O)[C@H](CO)NC(=O)[C@H](Cc7cnc[nH]7)NC(=O)[C@H](CCCCN)NC3=O)C(=O)N[C@@H](CCCNC(=N)N)C(=O)N[C@@H](CCCCN)C(=O)N[C@@H]([C@@H](C)O)C(=O)N2)NC(=O)[C@H](CCCNC(=N)N)NC(=O)[C@H](CO)NC(=O)[C@H](CCCCN)NC(=O)[C@@H]8CCCN8C(=O)[C@@H](NC(=O)[C@@H](NC(=O)[C@H](CC(=O)O)NC1=O)[C@@H](C)O)[C@@H](C)CC)[C@@H](C)O)[C@@H](C)O)C(=O)O)NC(=O)[C@H](CO)NC(=O)[C@H](CCCNC(=N)N)NC(=O)COCCOCCNC(=O)[C@@H](N)Cc9ccc(OP(=O)(O)O)cc9,9.66
