,molecule_chembl_id,canonical_smiles,pchembl_value
0,guanidine,NC(N)=N,
1,vernakalant,COC1=C(OC)C=C(CCO[C@@H]2CCCC[C@H]2N2CC[C@@H](O)C2)C=C1,4.87451887
2,fampridine,NC1=CC=NC=C1,
3,amifampridine,NC1=CC=NC=C1N,
4,CHEMBL2440392,CCCCOc1ccc(cc1)S(=O)(=O)NCCc2c[nH]c3ccccc23,5.0
5,CHEMBL97793,CC[C@H](NC(=O)c1ccccc1NS(=O)(=O)CC)c2ccccc2,5.0
6,CHEMBL3262843,Clc1ccccc1OCCN2CCN(CC2)C(=O)c3cccs3,5.01
7,CHEMBL343456,Clc1ccc(cc1)S(=O)(=O)Nc2cccc3cccc(C(=O)NC4CCCCC4)c23,5.02
8,CHEMBL1289418,CC(C)(CNC(=O)c1cccnc1O)CN(C2=NS(=O)(=O)c3cc(F)ccc23)c4ccccc4,5.04
9,CHEMBL3262832,COc1ccc(OCCN2CCN(CC(=O)Nc3nccs3)CC2)cc1,5.04
10,CHEMBL358799,NC(=O)[C@H](Cc1ccccc1)NC(=O)c2ccccc2c3ccccc3CNS(=O)(=O)c4cccc5ccccc45,5.04
11,CHEMBL3262817,O=C(CN1CCN(CCOc2ccc(cc2)C#N)CC1)Nc3ccccc3,5.04
12,CHEMBL433220,CC[C@H](NC(=O)c1ccccc1NS(=O)(=O)c2cccc3cnccc23)c4ccccc4,5.05
13,CHEMBL3262827,Cc1ccc(OCCN2CCN(CC(=O)Nc3nccs3)CC2)cc1,5.05
14,CHEMBL3127415,CS(=O)(=O)c1cccc(c1)S(=O)(=O)N(C[C@@H]2CCC(=O)N2)Cc3ccc(F)cc3,5.06
15,CHEMBL3127409,Fc1ccc(CN(C[C@@H]2CCC(=O)N2)S(=O)(=O)c3ccccc3)cc1,5.06
16,CHEMBL3127419,Fc1ccc(CN(C[C@H]2CCC(=O)N2)S(=O)(=O)c3cccc(c3)C#N)cc1,5.06
17,CHEMBL98077,Cc1ccc(cc1)S(=O)(=O)Nc2ccccc2C(=O)N(CCCn3ccnc3)Cc4ccccc4,5.07
18,CHEMBL3787069,CC(C)(C)NC(=O)C1N(Cc2ccccc2c3ccccc3)C(=O)c4cc(O)ccc14,5.08
19,CHEMBL2440404,CCCCOc1ccc(cc1)S(=O)(=O)NC(Cc2c[nH]c3ccccc23)C(=O)OC,5.08
20,CHEMBL3127412,Fc1ccc(CN(C[C@@H]2CCC(=O)N2)S(=O)(=O)c3cc(Cl)cc(Cl)c3)cc1,5.09
21,CHEMBL1090159,OC(C(N1CCNCC1)c2ccccc2)(c3cccnc3)c4cccnc4,5.1
22,CHEMBL343464,CC(=O)c1ccc(cc1)S(=O)(=O)NCc2ccccc2c3ccccc3C(=O)N[C@@H](Cc4ccccc4)C(=O)N,5.11
23,CHEMBL143727,CC(C)CCNC(=O)c1cccnc1c2ccccc2CNC(=O)OCc3ccccc3,5.11
24,CHEMBL375475,O=C1CCN(C1)[C@H]2CCCC[C@@H]2OCCc3cccc4ccccc34,5.11
25,CHEMBL3787036,CC(C)(C)NC(=O)C1N(Cc2ccccc2c3ccccc3)C(=O)c4cc(NS(=O)(=O)C)ccc14,5.12
26,CHEMBL3127396,Fc1ccc(CN(C[C@@H]2CCCC(=O)N2)S(=O)(=O)c3cccc(c3)C#N)cc1,5.12
27,CHEMBL571953,COCCOc1ccc(cc1)C2CN(NS(=O)(=O)C)C(=O)N2CCc3ccc(OC)cc3,5.13
28,CHEMBL94296,CC[C@H](NC(=O)c1ccccc1NS(=O)(=O)c2ccc(C)cc2)c3ccccc3,5.14
29,CHEMBL1294,COc1ccc2nccc([C@H](O)[C@H]3C[C@@H]4CCN3C[C@@H]4C=C)c2c1,5.14
30,CHEMBL3262815,FC(F)(F)Oc1ccc(OCCN2CCN(CC(=O)Nc3ccccc3)CC2)cc1,5.14
31,CHEMBL3127410,Fc1ccc(CN(C[C@@H]2CCC(=O)N2)S(=O)(=O)c3cccc(F)c3)cc1,5.14
32,CHEMBL146772,COC(=O)NCc1ccccc1c2ccccc2C(=O)NCCC(C)C,5.15
33,CHEMBL3262810,Cc1ccc(cc1)C(=O)N2CCN(CCOc3ccccc3)CC2,5.15
34,CHEMBL1088805,OC(Cc1ccccc1)(c2cccnc2)c3cccnc3,5.15
35,CHEMBL358048,CC(C)CCNC(=O)c1ccccc1c2ccncc2CNC(=O)OCc3ccccc3,5.16
36,CHEMBL316891,CC[C@H](NC(=O)c1ccccc1NS(=O)(=O)c2ccccc2)c3ccccc3,5.16
37,CHEMBL216309,COC(=O)CC(C(C(=O)N(C(C)C)C(C)C)c1ccccn1)c2ccccc2,5.16
38,CHEMBL314328,Cc1ccc(cc1)S(=O)(=O)Nc2ccccc2C(=O)NCCc3ccccc3,5.17
39,CHEMBL418972,CC[C@H](NC(=O)c1cc(F)ccc1NS(=O)(=O)c2ccc(Cl)cc2)c3ccccc3,5.19
40,CHEMBL2440389,COC(=O)C(Cc1c[nH]c2ccccc12)NS(=O)(=O)c3ccc(F)cc3,5.19
41,CHEMBL3262801,FC(F)(F)Oc1ccc(OCCN2CCN(CC2)C(=O)c3cccs3)cc1,5.19
42,CHEMBL385460,COC(=O)CC(C(C(=O)N(C(C)C)C(C)C)c1ccccc1)c2ccccn2,5.2
43,CHEMBL2440121,CCCCOc1ccc(cc1)S(=O)(=O)NCCc2cn(CC(=O)Nc3ccc(OC)cc3)c4ccccc24,5.21
44,CHEMBL420266,CC[C@H](NC(=O)c1ccccc1NS(=O)(=O)c2ccc(cc2)C(F)(F)F)c3ccccc3,5.21
45,CHEMBL3786303,CC(C)(C)NC(=O)C1N(Cc2ccccc2c3ccc(F)cc3)C(=O)c4ccccc14,5.22
46,CHEMBL1290171,CC(C)(CNC(=O)C1CCCCN1)CN(C2=NS(=O)(=O)c3cc(F)ccc23)c4ccccc4,5.22
47,CHEMBL3786255,CC(N1C(C(=O)NCc2ccccc2)c3ccccc3C1=O)c4ccccc4,5.22
48,nifedipine,COC(=O)C1=C(C)NC(C)=C(C1C1=C(C=CC=C1)[N+]([O-])=O)C(=O)OC,5.22
49,CHEMBL229125,O=C1CCN(C1)[C@@H]2CCCC[C@H]2OCCc3cccc4ccccc34,5.23
50,CHEMBL97682,Clc1ccc(cc1)S(=O)(=O)Nc2ccc(Cl)cc2C(=O)NCc3ccccc3,5.25
51,CHEMBL2440408,COC(=O)C(Cc1c[nH]c2ccccc12)NS(=O)(=O)c3ccc(OC)cc3,5.26
52,CHEMBL3262809,COc1ccc(cc1)C(=O)N2CCN(CCOc3ccc(Cl)cc3)CC2,5.26
53,CHEMBL216255,COC(=O)CC(C(C(=O)N(C(C)C)C(C)C)c1ccccc1)c2ccncc2,5.27
54,CHEMBL3262837,Clc1ccc(OCCN2CCN(CC(=O)Nc3nccs3)CC2)cc1,5.29
55,CHEMBL328905,CCN(Cc1ccccc1)C(=O)c2ccccc2NS(=O)(=O)c3ccc(C)cc3,5.3
56,CHEMBL3262823,Cc1ccc(NC(=O)CN2CCN(CCOc3ccc(Cl)cc3)CC2)cc1,5.3
57,CHEMBL1091880,OC(C(Cc1ccccc1)N2CCOCC2)(c3cccnc3)c4cccnc4,5.31
58,CHEMBL3127406,Fc1ccc(CN(Cc2ccccc2)S(=O)(=O)c3ccccc3F)cc1,5.32
59,CHEMBL144117,NC(=O)[C@H](Cc1ccccc1)NC(=O)c2ccccc2c3ccccc3CNS(=O)(=O)c4cccc(c4)C(F)(F)F,5.32
60,CHEMBL2440409,COC(=O)C(Cc1c[nH]c2ccccc12)NS(=O)(=O)c3ccc(C)cc3,5.33
61,CHEMBL342350,CC(C)CCNC(=O)c1ccccc1c2ccccc2CNC(=O)Nc3ccccc3,5.35
62,CHEMBL3787412,Cc1c(NS(=O)(=O)C)ccc2C(N(Cc3ccccc3c4ccccc4)C(=O)c12)C(=O)NC(C)(C)C,5.35
63,CHEMBL3262822,Cc1ccc(NC(=O)CN2CCN(CCOc3ccc(cc3)C#N)CC2)cc1,5.35
64,CHEMBL3262811,Cc1ccc(cc1)C(=O)N2CCN(CCOc3ccc(Cl)cc3)CC2,5.35
65,CHEMBL3262816,Clc1ccc(OCCN2CCN(CC(=O)Nc3ccccc3)CC2)cc1,5.36
66,CHEMBL3127402,Clc1cccc(CN(C[C@@H]2CCC(=O)N2)S(=O)(=O)c3cccc(c3)C#N)c1,5.37
67,CHEMBL3262806,O=C(N1CCN(CCOc2ccc(cc2)C#N)CC1)c3ccccc3,5.37
68,CHEMBL359386,CC(C)CCNC(=O)c1ccccc1c2ccccc2CNC(=O)c3ccccc3,5.39
69,CHEMBL94764,Cc1ccc(cc1)S(=O)(=O)Nc2ccccc2C(=O)NCc3ccccc3,5.39
70,CHEMBL3127408,Fc1ccc(CN(C[C@@H]2CCC(=O)N2)S(=O)(=O)c3ccc(F)cc3)cc1,5.39
71,CHEMBL2312923,Fc1ccc(c(NP(=O)(c2ccccc2)c3ccccc3)c1)n4cccn4,5.39
72,CHEMBL148211,CC(C)CCNC(=O)c1ccccc1c2ccccc2CNCCc3ccccc3,5.4
73,CHEMBL3262805,Clc1ccc(OCCN2CCN(CC2)C(=O)c3ccccc3)cc1,5.4
74,CHEMBL2440405,COC(=O)C(Cc1c[nH]c2ccccc12)NS(=O)(=O)c3ccc(OC(C)C)cc3,5.41
75,CHEMBL327334,CC[C@H](NC(=O)c1cc(ccc1NS(=O)(=O)c2ccc(C)cc2)C(=O)C)c3ccccc3,5.42
76,CHEMBL386899,COC(=O)CC(C(C(=O)N(C(C)C)C(C)C)c1ccccn1)c2cccnc2,5.42
77,CHEMBL385676,COC(=O)C[C@@H]([C@H](C(=O)N(C(C)C)C(C)C)c1cccnc1)c2ccccc2,5.43
78,CHEMBL2440386,COc1ccc2c(c1)c(\C=N\NS(=O)(=O)c3ccc(C)cc3)cn2CC(=O)Nc4ccccc4,5.43
79,CHEMBL387935,Clc1ccc(CCO[C@@H]2CCCC[C@H]2N3CCOCC3)cc1Cl,5.44
80,CHEMBL2440406,COC(=O)C(Cc1c[nH]c2ccccc12)NS(=O)(=O)c3ccc(OCC(C)C)cc3,5.45
81,CHEMBL3262825,Clc1ccc(OCCN2CCN(CC(=O)Nc3ccccc3Cl)CC2)cc1,5.45
82,CHEMBL148258,CC(C)CCNC(=O)c1ccccc1c2ccccc2CNC(=O)OC(C)(C)C,5.46
83,CHEMBL94826,CC[C@H](NC(=O)c1ccccc1NS(=O)(=O)c2cccc3ccccc23)c4ccccc4,5.46
84,CHEMBL3785370,Cc1c(O)ccc2C(N(Cc3ccccc3c4ccc(F)c(F)c4)C(=O)c12)C(=O)NC(C)(C)C,5.46
85,CHEMBL444449,O=C1Oc2cc3occc3c(OCCCCOc4ccccc4)c2C=C1,5.46
86,CHEMBL3786542,CC(C)(C)NC(=O)C1N(Cc2ccccc2c3ccccc3)C(=O)c4ccccc14,5.47
87,CHEMBL385920,CC(C)N(C(C)C)C(=O)C(C(CC(=O)NCC1CN(CCO1)c2ccccc2)c3ccccc3)c4cccnc4,5.47
88,CHEMBL1088804,CCCCCCC(N1CCOCC1)C(O)(c2cccnc2)c3cccnc3,5.47
89,CHEMBL3785865,Cc1c(O)ccc2C(N(Cc3ccccc3c4ccccc4)C(=O)c12)C(=O)NC(C)(C)C,5.47
90,CHEMBL3262835,Clc1ccccc1OCCN2CCN(CC(=O)Nc3nccs3)CC2,5.47
91,CHEMBL3786868,CC(C)(C)NC(=O)C1N(Cc2ccccc2c3ccccc3)C(=O)c4ccc(cc14)C#N,5.48
92,CHEMBL144106,CC(C)CCNC(=O)c1ccccc1c2ccccc2CNC(=O)Oc3ccccc3,5.48
93,CHEMBL1090793,CC(C)C(N1CCOCC1)C(O)(c2ccccc2)c3ccccc3,5.49
94,CHEMBL97646,CC(NC(=O)c1ccccc1NS(=O)(=O)c2ccc(C)cc2)c3ccccc3,5.5
95,CHEMBL2440396,COc1ccc(cc1)S(=O)(=O)NCCc2cn(CC(=O)Nc3ccc(Cl)cc3)c4ccccc24,5.5
96,CHEMBL97828,CCCS(=O)(=O)Nc1ccccc1C(=O)N[C@@H](CC)c2ccccc2,5.51
97,CHEMBL3787356,CC(C)(C)NC(=O)C1N(Cc2ccccc2c3ccccc3)C(=O)c4cccc(O)c14,5.52
98,CHEMBL468943,COc1ccc(cc1)S(=O)(=O)N[C@H]2[C@H](O)CCc3ccc(NC(=O)c4cccc(OC)c4)cc23,5.52
99,CHEMBL1088803,CCCCC(N1CCOCC1)C(O)(c2cccnc2)c3cccnc3,5.54
100,CHEMBL1290172,CN1CCCCC1C(=O)NCC(C)(C)CN(C2=NS(=O)(=O)c3cc(F)ccc23)c4ccccc4,5.54
101,CHEMBL97079,CC(C)CCNS(=O)(=O)c1cc(C(=O)NC2CCc3ccccc23)c(Cl)cc1Cl,5.55
102,CHEMBL3127399,CCN1[C@H](CN(Cc2ccc(F)cc2)S(=O)(=O)c3cccc(c3)C#N)CCC1=O,5.55
103,CHEMBL96144,CC[C@@H](NC(=O)c1ccccc1NS(=O)(=O)c2ccc(C)cc2)c3ccccc3,5.57
104,CHEMBL217473,CNC(=O)CC(C(C(=O)N(C(C)C)C(C)C)c1cccnc1)c2ccccc2,5.57
105,CHEMBL3786775,Cc1c(O)ccc2C(N(Cc3ccccc3c4ccc(F)cc4)C(=O)c12)C(=O)NC(C)(C)C,5.57
106,CHEMBL3127397,Fc1ccc(CN(CC[C@@H]2CCC(=O)N2)S(=O)(=O)c3cccc(c3)C#N)cc1,5.57
107,CHEMBL2312932,O=P(NCc1cccnc1c2cccnc2)(c3ccccc3)c4ccccc4,5.57
108,CHEMBL1289638,CC(C)(CNC(=O)C1(N)CCCC1)CN(C2=NS(=O)(=O)c3cc(F)ccc23)c4ccccc4,5.58
109,CHEMBL3262820,COc1ccc(NC(=O)CN2CCN(CCOc3ccc(Cl)cc3)CC2)cc1,5.58
110,CHEMBL147971,CC(C)CCNC(=O)c1ccccc1c2ccccc2CNS(=O)(=O)c3ccccc3,5.59
111,CHEMBL144170,CC(C)CCNC(=O)c1ncccc1c2ccccc2CNC(=O)OCc3ccccc3,5.59
112,CHEMBL3127416,Fc1ccc(CN(C[C@@H]2CCC(=O)N2)S(=O)(=O)c3cccc(c3)C#N)cc1,5.59
113,CHEMBL2440407,COC(=O)C(Cc1c[nH]c2ccccc12)NS(=O)(=O)c3ccc(OC4CCCC4)cc3,5.62
114,CHEMBL146771,C[C@@H](OC(=O)NCc1ccccc1c2ccccc2C(=O)NCCc3ccccn3)c4ccccc4,5.62
115,CHEMBL1201729,Cl.CCCCN(CCCC)CCCOc1ccc(cc1)C(=O)c2c(CCCC)oc3ccc(NS(=O)(=O)C)cc23,5.63
116,CHEMBL3262833,FC(F)(F)Oc1ccc(OCCN2CCN(CC(=O)Nc3nccs3)CC2)cc1,5.64
117,CHEMBL2312924,O=P(NCc1ccccc1c2cccnc2)(c3ccccc3)c4ccccc4,5.64
118,CHEMBL1290738,CNC(=O)NCC(C)(C)CN(C1=NS(=O)(=O)c2cc(F)ccc12)c3ccccc3,5.65
119,CHEMBL2440410,COC(=O)C(Cc1c[nH]c2ccccc12)NS(=O)(=O)c3ccc(Br)cc3,5.65
120,CHEMBL1090818,OC(C(N1CCC1)c2ccccc2)(c3cccnc3)c4cccnc4,5.65
121,CHEMBL147962,CN(C)CC(C)(C)CNC(=O)c1ccccc1c2ccccc2CNC(=O)OCc3ccccc3,5.66
122,CHEMBL3785621,COc1ccc2C(N(Cc3ccccc3c4ccccc4)C(=O)c2c1C)C(=O)NC(C)(C)C,5.66
123,CHEMBL2440388,COc1ccc2c(c1)c(\C=N\NS(=O)(=O)c3ccc(C)cc3)cn2CC(=O)Nc4ccc(F)cc4F,5.66
124,CHEMBL316494,Cc1ccc(cc1)S(=O)(=O)Nc2ccccc2C(=O)N(Cc3cccnc3)Cc4cccnc4,5.66
125,CHEMBL3127401,Clc1ccc(CN(C[C@@H]2CCC(=O)N2)S(=O)(=O)c3cccc(c3)C#N)cc1,5.66
126,CHEMBL3127405,NC(=O)c1ccc(cc1)N(Cc2ccc(F)cc2)S(=O)(=O)c3ccccc3F,5.66
127,CHEMBL1091879,CC(C)C(N1CCOCC1)C(O)(c2cccnc2)c3cccnc3,5.67
128,CHEMBL2440385,CCC(=O)Oc1ccc(NC(=O)Cn2cc(\C=N\NS(=O)(=O)c3ccc(C)cc3)c4ccccc24)cc1,5.67
129,CHEMBL605576,CC1=C(C(c2ccc(Cl)c(Cl)c2)n3nccc3N1)C(=O)N4CCCC4c5ccc(F)cc5,5.68
130,CHEMBL258718,CCN(Cc1ccccc1OC)C(=O)c2cnc3OC(C)(C)[C@@H](O)[C@H](NS(=O)(=O)c4ccc(CC)cc4)c3c2,5.68
131,CHEMBL3785765,CC(C)(C)NC(=O)C1N(Cc2cc(F)ccc2c3ccc(F)cc3)C(=O)c4ccccc14,5.7
132,CHEMBL1290063,CC(C)(CNC(=O)C1(O)CCOCC1)CN(C2=NS(=O)(=O)c3cc(F)ccc23)c4ccccc4,5.7
133,CHEMBL1290398,CC(C)(CNC(=O)C1COCCN1)CN(C2=NS(=O)(=O)c3cc(F)ccc23)c4ccccc4,5.7
134,CHEMBL3127395,COc1ccc(cc1)S(=O)(=O)N(Cc2ccccc2)[C@H]3CCCC[C@@H]3O,5.7
135,CHEMBL3127413,COc1cccc(c1)S(=O)(=O)N(C[C@@H]2CCC(=O)N2)Cc3ccc(F)cc3,5.7
136,CHEMBL3127407,Fc1ccc(CN(Cc2ccccn2)S(=O)(=O)c3ccc(F)cc3)cc1,5.7
137,CHEMBL2440382,Cc1ccc(cc1)S(=O)(=O)N\N=C\c2cn(CC(=O)Nc3ccc(Cl)cc3)c4ccccc24,5.72
138,CHEMBL95335,Cc1ccc(cc1)S(=O)(=O)Nc2ccccc2C(=O)N(CC3CC3)Cc4ccccc4,5.72
139,CHEMBL2313228,O=P(N(CCCC#N)c1cccnc1)(c2ccccc2)c3ccccc3,5.72
140,CHEMBL436956,COC(=O)CC(C(C(=O)N(C(C)C)C(C)C)c1cccnc1)c2ccccc2C#N,5.75
141,CHEMBL2440400,Cc1ccc(cc1)S(=O)(=O)N\N=C\c2cn(CC(=O)Nc3cc(C)ccc3C)c4ccccc24,5.75
142,CHEMBL2440395,COc1ccc(NC(=O)Cn2cc(CCNS(=O)(=O)c3ccc(OC)cc3)c4ccccc24)cc1,5.76
143,CHEMBL2152523,C1CCN(CC1)[C@@H]([C@H](N2CCCCC2)c3ccccc3)c4ccccc4,5.77
144,CHEMBL3785335,CC(C)(C)NC(=O)C1N(Cc2ccc(F)cc2c3ccccc3)C(=O)c4ccccc14,5.77
145,CHEMBL96965,CC[C@H](NC(=O)c1ccccc1NS(=O)(=O)CCC(C)C)c2ccccc2,5.77
146,CHEMBL3786683,Cc1c(OCF)ccc2C(N(Cc3ccccc3c4ccccc4)C(=O)c12)C(=O)NC(C)(C)C,5.77
147,CHEMBL148210,Cc1cccc(CNC(=O)OCc2ccccc2)c1c3c(C)cccc3C(=O)NCCc4ccccn4,5.77
148,CHEMBL3787088,CC(C)(C)NC(=O)C1N(Cc2cc(F)ccc2c3ccccc3)C(=O)c4ccccc14,5.8
149,CHEMBL216338,CC(C)N(C(C)C)C(=O)C(C(CC(=O)NCCSC(C)(C)C)c1ccccc1)c2cccnc2,5.8
150,CHEMBL319775,Cc1ccc(cc1)S(=O)(=O)Nc2ccccc2C(=O)NC(C3CC3)c4ccccc4,5.8
151,CHEMBL2313225,O=P(N(c1cccnc1)c2cccnc2)(c3ccccc3)c4ccccc4,5.8
152,CHEMBL258719,CCN(Cc1ccc(C)cc1)C(=O)c2cnc3OC(C)(C)[C@@H](O)[C@H](NS(=O)(=O)c4ccc(CC)cc4)c3c2,5.81
153,CHEMBL3786460,CC(C)(C)NC(=O)C1N(Cc2ccccc2c3ccc(F)c(F)c3)C(=O)c4ccccc14,5.82
154,CHEMBL3262798,Cc1ccc(OCCN2CCN(CC2)C(=O)c3cccs3)cc1,5.82
155,CHEMBL2440403,Cc1ccc(cc1)S(=O)(=O)N\N=C\c2cn(CC(=O)Nc3ccc(OC(F)(F)F)cc3)c4ccccc24,5.82
156,CHEMBL2164389,FC(F)(F)Oc1ccc(CNC(=O)C2N(CCc3ccccn3)C(=O)c4ccccc24)cc1,5.82
157,CHEMBL3262803,Clc1ccc(OCCN2CCN(CC2)C(=O)c3cccs3)c(Cl)c1,5.83
158,CHEMBL3786519,CC(C)(C)NC(=O)C1N(Cc2ccc(F)cc2c3ccc(F)cc3)C(=O)c4ccccc14,5.85
159,CHEMBL1290064,Cn1cccc1CC(=O)NCC(C)(C)CN(C2=NS(=O)(=O)c3cc(F)ccc23)c4ccccc4,5.86
160,CHEMBL1289069,CC(C)(CNC(=O)C1(O)CC1)CN(C2=NS(=O)(=O)c3cc(F)ccc23)c4ccccc4,5.87
161,CHEMBL1289071,CC(C)(CNC(=O)c1cc[nH]c1)CN(C2=NS(=O)(=O)c3cc(F)ccc23)c4ccccc4,5.88
162,CHEMBL216262,CC(C)N(C(C)C)C(=O)C(C(CNC(=O)C(N)Cc1ccccc1F)c2ccccc2)c3cccnc3,5.88
163,CHEMBL387671,C(Cc1cccc2ccccc12)O[C@@H]3CCCC[C@H]3N4CCOCC4,5.89
164,CHEMBL147039,CC(C)CCNC(=O)c1cccc(C)c1c2c(C)cccc2CNC(=O)OCc3ccccc3,5.89
165,CHEMBL3729985,Cl.Cl.CCN1C(=O)C(C)(C)C(=O)N(C)c2cc(OCCCN(CCN3C=Cc4ccoc4C3=O)Cc5ccncc5)ccc12,5.89
166,CHEMBL2313229,O=P(N(Cc1ccccn1)Cc2ccccn2)(c3ccccc3)c4ccccc4,5.89
167,CHEMBL3259850,Cc1ccccc1OCCN2CCN(CC(=O)Nc3nccs3)CC2,5.91
168,CHEMBL3785427,CC(C)(CN1C(C(=O)NCC(F)F)c2ccccc2C1=O)c3ccc(F)cc3,5.92
169,CHEMBL3787444,CC(CN1C(C(=O)NCC(F)F)c2ccccc2C1=O)c3ccc(Cl)cc3,5.92
170,CHEMBL3785721,CCCCNC(=O)C1N(CC(C)(O)c2ccc(Cl)cc2)C(=O)c3ccccc13,5.92
171,CHEMBL148342,COc1ccc(CC(=O)NCc2ccccc2c3ccccc3C(=O)NCc4ccc(F)cc4F)cc1,5.92
172,CHEMBL3785810,Cc1c(OC(F)F)ccc2C(N(Cc3ccccc3c4ccccc4)C(=O)c12)C(=O)NC(C)(C)C,5.92
173,CHEMBL98180,Cc1ccc(cc1)S(=O)(=O)Nc2ccccc2C(=O)N(Cc3occc3)Cc4nccn4C,5.92
174,CHEMBL147315,Fc1ccc(CNC(=O)c2ccccc2c3ccccc3CNC(=O)OCc4ccccc4)c(F)c1,5.92
175,CHEMBL1290619,CC(=O)NCC(C)(C)CN(C1=NS(=O)(=O)c2cc(F)ccc12)c3ccccc3,5.93
176,CHEMBL3785486,CCCCNC(=O)C1N(CC(C)c2ccc(Cl)cc2)C(=O)c3ccccc13,5.96
177,CHEMBL481187,CCOC(=O)C1=C(C)Nc2ccnn2C1c3cccc(Cl)c3Cl,5.96
178,CHEMBL3729665,Cl.CCN1C(=O)C(C)(C)C(=O)N(C)c2cc(OCCCN(CCc3cccnc3)C(=O)c4ccccc4)ccc12,5.96
179,CHEMBL3785768,CC(C)(CN1C(C(=O)NCCCF)c2ccccc2C1=O)c3ccc(Cl)cc3,6.0
180,CHEMBL2313230,CCCN(c1cncnc1)P(=O)(c2ccccc2)c3ccccc3,6.0
181,CHEMBL144107,C[C@@H](CC(=O)NCc1ccccc1c2ccccc2C(=O)NCCc3ccccn3)c4ccccc4,6.0
182,CHEMBL518717,CC1=C(C(c2ccc(Cl)c(Cl)c2)n3nccc3N1)C(=O)N4CCC4,6.01
183,CHEMBL569493,CC1=C(C(c2ccc(Cl)c(Cl)c2)n3nccc3N1)c4nc5ccc(C)cc5n4C,6.01
184,CHEMBL3727860,Cl.CCN1C(=O)C(C)(C)C(=O)N(C)c2cc(OCCCN(CCc3cccnc3)S(=O)(=O)c4ccccc4)ccc12,6.01
185,CHEMBL3262836,O=C(CN1CCN(CCOc2ccc(cc2)C#N)CC1)Nc3nccs3,6.01
186,CHEMBL1289968,CC(C)(CNC(=O)C1CCOCC1(C)C)CN(C2=NS(=O)(=O)c3cc(F)ccc23)c4ccccc4,6.02
187,CHEMBL2312921,CCCN(c1cccc(c1)S(=O)(=O)C)P(=O)(c2ccccc2)c3ccccc3,6.03
188,CHEMBL258802,CCN(C(=O)c1cnc2OC(C)(C)[C@@H](O)[C@H](NS(=O)(=O)c3ccc(CC)cc3)c2c1)c4cc(F)ccc4F,6.04
189,CHEMBL1290739,CC(C)(CNC(=O)c1cocn1)CN(C2=NS(=O)(=O)c3cc(F)ccc23)c4ccccc4,6.05
190,CHEMBL3785933,CCCCNC(=O)C1N(CC(C)c2ccc(F)cc2)C(=O)c3ccccc13,6.05
191,CHEMBL289939,COc1ccc(CCN2C(SCC2=O)c3ccc(C)c(C)c3)cc1,6.05
192,CHEMBL571039,COc1ccc(CCN2[C@H](CN(NS(=O)(=O)CF)C2=O)c3ccc(OC)cc3)cc1,6.05
193,CHEMBL391488,CCc1ccc(cc1)S(=O)(=O)N[C@H]2[C@H](O)Cc3cccc(NC(=O)c4cccc(OC)c4)c23,6.06
194,CHEMBL1090817,CN(C)C(c1ccccc1)C(O)(c2cccnc2)c3cccnc3,6.07
195,CHEMBL1289744,CC(C)(CNC(=O)C1CCCO1)CN(C2=NS(=O)(=O)c3cc(F)ccc23)c4ccccc4,6.08
196,CHEMBL464068,CC1=C(C(c2cc(Cl)ccc2Cl)n3nccc3N1)C(=O)N4CCN(CC4)c5ccc(F)cc5,6.09
197,CHEMBL3127398,CN1[C@H](CN(Cc2ccc(F)cc2)S(=O)(=O)c3cccc(c3)C#N)CCC1=O,6.09
198,CHEMBL2440398,Cc1ccc(cc1)S(=O)(=O)N\N=C\c2cn(CC(=O)Nc3ccccc3)c4ccccc24,6.09
199,CHEMBL1289298,CC(C)(CNC(=O)C1(N)CC1)CN(C2=NS(=O)(=O)c3cc(F)ccc23)c4ccccc4,6.1
200,CHEMBL147381,CC(C)CCNC(=O)c1ccccc1c2ccccc2CNC(=O)OCc3ccccc3,6.1
201,CHEMBL3127411,Fc1ccc(CN(C[C@@H]2CCC(=O)N2)S(=O)(=O)c3cccc(Cl)c3)cc1,6.1
202,CHEMBL1289851,CC(C)(CNC(=O)CC1CCCCO1)CN(C2=NS(=O)(=O)c3cc(F)ccc23)c4ccccc4,6.11
203,CHEMBL3298141,CC(C)(CNc1noc2ccccc12)c3ccccc3,6.11
204,CHEMBL408935,CCN(C(=O)c1cnc2OC(C)(C)[C@@H](O)[C@H](NS(=O)(=O)c3ccc(CC)cc3)c2c1)c4cccc(C)c4,6.11
205,CHEMBL570805,CCOc1ccc(CCN2[C@H](CN(NS(=O)(=O)C)C2=O)c3ccc(OC)cc3)cc1,6.11
206,CHEMBL386556,CC(C)N(C(C)C)C(=O)C(C(CNC(=O)NCc1ccccc1Cl)c2ccccc2)c3cccnc3,6.12
207,CHEMBL391455,CCc1ccc(cc1)S(=O)(=O)N[C@@H]2[C@@H](O)Cc3ccc(NC(=O)c4cccc(OC)c4)cc23,6.12
208,CHEMBL3730396,Cl.Cl.CCN1C(=O)C(C)(C)C(=O)N(C)c2cc(OCCCN(CCN3C=Cc4occc4C3=O)Cc5ccc(C)nc5C)ccc12,6.12
209,CHEMBL480796,CC1=C(C(c2ccc(C)c(C)c2)n3nccc3N1)C(=O)N4CCN(CC4)c5ccc(F)cc5,6.13
210,CHEMBL584937,CC1=C(C(c2ccc(Cl)c(Cl)c2)n3nccc3N1)c4nc5ccccc5s4,6.13
211,CHEMBL2312928,CCCNC(c1cccnc1)P(=O)(c2ccccc2)c3ccccc3,6.13
212,CHEMBL2440383,Cc1ccc(cc1)S(=O)(=O)N\N=C\c2cn(CC(=O)Nc3ccccc3Cl)c4ccccc24,6.13
213,CHEMBL1289531,CC(C)(CNC(=O)C1(O)CCCC1)CN(C2=NS(=O)(=O)c3cc(F)ccc23)c4ccccc4,6.14
214,CHEMBL2332461,CC1=C([C@@H](c2ccc(Cl)c(Cl)c2)n3nc(C)cc3N1)c4ncn(n4)c5ccccc5C,6.14
215,CHEMBL3262802,Clc1ccc(OCCN2CCN(CC2)C(=O)c3cccs3)cc1,6.14
216,CHEMBL512460,CCc1ccc(cc1)S(=O)(=O)N[C@H]2[C@H](O)CCc3ccc(NC(=O)c4cccc(Cl)c4)cc23,6.15
217,CHEMBL216310,COC(=O)CC(C(C(=O)N(C(C)C)C(C)C)c1cccnc1)c2cccnc2,6.15
218,CHEMBL3786344,CCCNC(=O)C1N(CC(C)c2ccc(Cl)cc2)C(=O)c3ccccc13,6.16
219,CHEMBL316302,Cc1ccc(cc1)S(=O)(=O)Nc2ccccc2C(=O)N(Cc3ccccc3)Cc4cccnc4,6.16
220,CHEMBL95368,Cc1ccc(cc1)S(=O)(=O)Nc2ccccc2C(=O)N(Cc3ccccc3)Cc4nccn4C,6.16
221,CHEMBL3729169,Cl.Cl.CN(CCN(CCCOc1ccc2N(C)C(=O)C(C)(C)C(=O)N(C)c2c1)Cc3ccncc3)C(=O)c4ccccc4,6.16
222,CHEMBL148159,O=C(NCc1ccccc1c2ccccc2C(=O)NCCc3ccccn3)OCc4ccccc4,6.16
223,CHEMBL465276,CC1=C(C(c2ccc(Cl)c(Cl)c2)n3nccc3N1)C(=O)N4CCCC4,6.18
224,CHEMBL601456,CC1=C(C(c2ccc(Cl)c(Cl)c2)n3nccc3N1)C(=O)N4CCCC4c5ccccn5,6.18
225,CHEMBL567024,CC1=C(C(c2ccc(Cl)c(Cl)c2)n3nccc3N1)c4nc5ccc(Cl)cc5n4C,6.18
226,CHEMBL467631,CC1=C(C(c2ccc3ccccc3c2)n4nccc4N1)C(=O)N5CCN(CC5)c6ccc(F)cc6,6.19
227,CHEMBL407161,CCN(C(=O)c1cnc2OC(C)(C)[C@@H](O)[C@H](NS(=O)(=O)c3ccc(CC)cc3)c2c1)c4cccc(Cl)c4,6.19
228,CHEMBL467672,CCc1ccc(cc1)S(=O)(=O)N[C@H]2[C@H](O)CCc3ccc(NC(=O)c4cc(OC)cc(OC)c4)cc23,6.19
229,CHEMBL1289743,CC(C)(CNC(=O)C1(O)CCC(F)(F)CC1)CN(C2=NS(=O)(=O)c3cc(F)ccc23)c4ccccc4,6.2
230,CHEMBL258934,CCN(Cc1c(F)cccc1Cl)C(=O)c2cnc3OC(C)(C)[C@@H](O)[C@H](NS(=O)(=O)c4ccc(CC)cc4)c3c2,6.21
231,CHEMBL2313227,COCCN(c1cccnc1)P(=O)(c2ccccc2)c3ccccc3,6.21
232,CHEMBL2152525,C1CCN(C1)[C@@H]([C@H](N2CCCC2)c3ccccc3)c4ccccc4,6.22
233,CHEMBL3785198,CC(C)(CN1C(C(=O)NCCCC(F)F)c2ccccc2C1=O)c3ccc(F)cc3,6.22
234,CHEMBL2331983,CC1=C([C@@H](c2ccc(Cl)c(Cl)c2)n3nc(cc3N1)C(F)(F)F)c4ncnn4C5CCC(CC5)C(F)(F)F,6.22
235,CHEMBL259666,CCN(Cc1ccc(OC)cc1)C(=O)c2cnc3OC(C)(C)[C@@H](O)[C@H](NS(=O)(=O)c4ccc(CC)cc4)c3c2,6.22
236,CHEMBL327816,CC[C@H](NC(=O)c1ccccc1NS(=O)(=O)c2ccc(OC)cc2)c3ccccc3,6.22
237,CHEMBL273418,CC[C@H](NC(=O)c1ccccc1NS(=O)(=O)c2cccc3cccnc23)c4ccccc4,6.22
238,CHEMBL466858,CCc1ccc(cc1)S(=O)(=O)N[C@H]2[C@H](O)CCc3ccc(NC(=O)NCc4ccccc4)cc23,6.22
239,CHEMBL585163,COc1ccc(CCN2C(CN(NS(=O)(=O)C)C2=O)c3ccc(C)c(C)c3)cc1,6.22
240,CHEMBL568957,COc1ccc(CCN2[C@H](CN(NS(=O)(=O)Cc3cccnc3)C2=O)c4ccc(OC)cc4)cc1,6.22
241,CHEMBL439539,CC(C)N(C(C)C)C(=O)C(C(CC(=O)NCCCc1ccccc1)c2ccccc2)c3cccnc3,6.23
242,CHEMBL480611,CCCCCNC(=O)C1=C(C)Nc2ccnn2C1c3ccc(Cl)c(Cl)c3,6.23
243,CHEMBL2312918,CCCN(c1ccon1)P(=O)(c2ccccc2)c3ccccc3,6.23
244,CHEMBL513486,CCc1ccc(cc1)S(=O)(=O)N[C@H]2CCCc3ccc(NC(=O)c4cccc(OC)c4)cc23,6.23
245,CHEMBL1092574,COCCN(C)C(c1ccccc1)C(O)(c2cccnc2)c3cccnc3,6.23
246,CHEMBL517025,CCCCCN(CCCCC)C(=O)C1=C(C)Nc2ccnn2C1c3ccc(Cl)c(Cl)c3,6.24
247,CHEMBL3729766,Cl.Cl.Cl.CCCN1C(=O)C(C)(C)C(=O)N(C)c2cc(OCCCN(CCc3cccnc3)Cc4ccncc4)ccc12,6.24
248,CHEMBL3732894,Cl.Cl.Cl.CCN1C(=O)C(C)(C)C(=O)N(CC)c2cc(OCCCN(CCc3cccnc3)Cc4ccncc4)ccc12,6.24
249,CHEMBL1289969,CC(C)(CNC(=O)C1(CCOCC1)C#N)CN(C2=NS(=O)(=O)c3cc(F)ccc23)c4ccccc4,6.25
250,CHEMBL570360,COc1ccc(CCCN2[C@@H](CN(NS(=O)(=O)C)C2=O)c3ccc(OC)cc3)cc1,6.25
251,CHEMBL1289299,CC(C)(CNC(=O)C1(CC1)C#N)CN(C2=NS(=O)(=O)c3cc(F)ccc23)c4ccccc4,6.27
252,CHEMBL585353,CC1=C(C(c2ccc(Cl)c(Cl)c2)n3nccc3N1)c4nc5cc(ccc5n4C)C(F)(F)F,6.27
253,CHEMBL465125,CC1=C(C(c2cccc(C)c2)n3nccc3N1)C(=O)N4CCN(CC4)c5ccc(F)cc5,6.27
254,CHEMBL216496,COc1ccc(CC(=O)N2CCSC2c3ccc(C)c(C)c3)cc1,6.27
255,CHEMBL3728509,Cl.Cl.Cl.CN1C(=O)C(C)(C)C(=O)N(C)c2cc(OCCCN(CCc3cccnc3)Cc4ccncc4)ccc12,6.27
256,CHEMBL2312930,O=P(NCc1cccnc1c2cccc(c2)C#N)(c3ccccc3)c4ccccc4,6.27
257,CHEMBL583047,COc1ccc(cc1)[C@H]2CN(NS(=O)(=O)C)C(=O)N2CCc3ccc(OC(F)(F)F)cc3,6.28
258,CHEMBL1289070,Cn1ccnc1C(=O)NCC(C)(C)CN(C2=NS(=O)(=O)c3cc(F)ccc23)c4ccccc4,6.28
259,CHEMBL2313226,O=P(N(Cc1ccccn1)c2cccnc2)(c3ccccc3)c4ccccc4,6.28
260,CHEMBL569268,CC1=C(C(c2ccc(Cl)c(Cl)c2)n3nccc3N1)c4nc5ccccc5[nH]4,6.29
261,CHEMBL390128,CCc1ccc(cc1)S(=O)(=O)N[C@H]2[C@H](O)C(C)(C)Oc3ccc(cc23)S(=O)(=O)NCCc4ccccc4,6.29
262,CHEMBL2440387,COc1ccc2c(c1)c(\C=N\NS(=O)(=O)c3ccc(C)cc3)cn2CC(=O)Nc4ccc(Cl)cc4,6.29
263,CHEMBL1091163,OC(C(N1CCCOCC1)c2ccccc2)(c3cccnc3)c4cccnc4,6.29
264,CHEMBL373704,CC(C)N(C(C)C)C(=O)C(C(CNC(=O)CCc1ccccc1Cl)c2ccccc2)c3cccnc3,6.3
265,CHEMBL1088844,CC(C)[C@@H]1CC[C@@H](C)C[C@@H]1P(=O)(c2ccccc2)c3ccccc3,6.3
266,CHEMBL3729707,CCN1C(=O)C(C)(C)C(=O)N(C)c2cc(OCCCN(CCN3C=Cc4sccc4C3=O)Cc5cccnc5C)ccc12,6.3
267,CHEMBL318879,CC[C@H](NC(=O)c1cc(OC)ccc1NS(=O)(=O)c2ccc(C)cc2)c3ccccc3,6.3
268,CHEMBL319310,Cc1ccc(cc1)S(=O)(=O)Nc2ccccc2C(=O)N(Cc3ccccc3)Cc4cc[nH]n4,6.3
269,CHEMBL1289068,CC(C)(CNC(=O)C1CC1)CN(C2=NS(=O)(=O)c3cc(F)ccc23)c4ccccc4,6.31
270,CHEMBL216254,CC(C)N(C(C)C)C(=O)C(C(CNC(=O)N[C@@H](C)c1ccccc1)c2ccccc2)c3cccnc3,6.31
271,CHEMBL447625,CCCNC(=O)C1=C(C)Nc2ccnn2C1c3ccc(Cl)c(Cl)c3,6.31
272,CHEMBL1289419,CC(C)(CNC(=O)C(C)(O)C(F)(F)F)CN(C1=NS(=O)(=O)c2cc(F)ccc12)c3ccccc3,6.32
273,CHEMBL601035,CC1=C(C(c2ccc(Cl)c(Cl)c2)n3nccc3N1)C(=O)N4CCC[C@H]4c5nnn(C)n5,6.32
274,CHEMBL569185,COc1ccc(CCN2[C@@H](CN(NS(=O)(=O)C)C2=O)c3ccc(OC)cc3)cc1,6.32
275,CHEMBL1289301,CC(C)(CNC(=O)c1ncccc1O)CN(C2=NS(=O)(=O)c3cc(F)ccc23)c4ccccc4,6.34
276,CHEMBL3730543,CCN1C(=O)C(C)(C)C(=O)N(C)c2cc(OCCCN(CCN3C=Cc4occc4C3=O)Cc5cnccc5C)ccc12,6.34
277,CHEMBL1289639,CC(C)(CNC(=O)C1(O)CCCCC1)CN(C2=NS(=O)(=O)c3cc(F)ccc23)c4ccccc4,6.35
278,CHEMBL467041,CCc1ccc(cc1)S(=O)(=O)N[C@H]2[C@H](O)CCc3ccc(NC(=O)c4ccc(OC)cc4)cc23,6.35
279,CHEMBL467040,CCc1ccc(cc1)S(=O)(=O)N[C@H]2[C@H](O)CCc3ccc(NC(=O)c4ccccc4OC)cc23,6.35
280,CHEMBL1289850,CC(C)(CNC(=O)C1CCCCO1)CN(C2=NS(=O)(=O)c3cc(F)ccc23)c4ccccc4,6.36
281,CHEMBL465939,CC1=C(C(c2ccc(Cl)cc2)n3nccc3N1)C(=O)N4CCN(CC4)c5ccc(F)cc5,6.36
282,CHEMBL481396,CCCCNC(=O)C1=C(C)Nc2ccnn2C1c3ccc(Cl)c(Cl)c3,6.36
283,CHEMBL519762,CCN(CC)C(=O)C1=C(C)Nc2ccnn2C1c3ccc(Cl)c(Cl)c3,6.36
284,CHEMBL3731925,CCN1C(=O)C(C)(C)C(=O)N(C)c2cc(OCCCN(CCN3C=Cc4occc4C3=O)Cc5cccnc5C)ccc12,6.36
285,CHEMBL239807,CCc1ccc(cc1)S(=O)(=O)N[C@H]2[C@H](O)CCc3ccc(NC(=O)c4cccc(OC)c4)cc23,6.36
286,CHEMBL3730746,Cl.Cl.CCN1C(=O)C(C)(C)C(=O)N(C)c2cc(OCCCN(CCN3C=Cc4oc(C)cc4C3=O)Cc5ccncc5)ccc12,6.36
287,CHEMBL217251,CC(C)N(C(C)C)C(=O)C(C(CC(=O)NCc1ccccc1F)c2ccccc2)c3cccnc3,6.37
288,CHEMBL467479,CCc1ccc(cc1)S(=O)(=O)N[C@H]2[C@H](O)CCc3ccc(NC(=O)C#Cc4ccccc4)cc23,6.37
289,CHEMBL512964,COc1cccc(c1)C(=O)Nc2ccc3CC[C@@H](O)[C@H](NS(=O)(=O)c4ccc(cc4)C(C)C)c3c2,6.37
290,CHEMBL480990,CC1=C(C(c2cc(C)cc(C)c2)n3nccc3N1)C(=O)N4CCN(CC4)c5ccc(F)cc5,6.38
291,CHEMBL2042149,CC1=C(C(c2ccc(Cl)c(Cl)c2)n3nc(cc3N1)C(F)(F)F)C(=O)N4CCN(CC4)c5ccc(F)cc5,6.38
292,CHEMBL3728819,CCN1C(=O)C(C)(C)C(=O)N(C)c2cc(OCCCN(CCN3C=Cc4sccc4C3=O)Cc5cccnc5)ccc12,6.38
293,CHEMBL1290509,CC(C)(CNC(=O)c1occc1)CN(C2=NS(=O)(=O)c3cc(F)ccc23)c4ccccc4,6.39
294,CHEMBL384706,CC(C)N(C(C)C)C(=O)C(C(CC(=O)NCCc1ccccc1)c2ccccc2)c3cccnc3,6.39
295,CHEMBL2332445,CC1=C([C@@H](c2ccc(Cl)c(Cl)c2)n3nc(cc3N1)C(F)(F)F)c4ncnn4c5cc(C)ccn5,6.39
296,CHEMBL148356,C[C@H](OC(=O)NCc1ccccc1c2cccnc2C(=O)NCC3CC3)c4ccccc4,6.4
297,CHEMBL228441,Cc1ccc(cc1)S(=O)(=O)N[C@H]2[C@H](O)C(C)(C)Oc3ccc(cc23)C(=O)NCCc4ccccc4,6.4
298,CHEMBL3731323,Cl.Cl.Cl.CCN1C(=O)C(C)(C)C(=O)N(C)c2cc(OCCCN(CCc3cccnc3)Cc4ccncc4)ccc12,6.4
299,CHEMBL2332446,CC1=C([C@@H](c2ccc(Cl)c(Cl)c2)n3nc(cc3N1)C(F)(F)F)c4ncnn4c5ccc(C)cn5,6.41
300,CHEMBL3730145,CCN1C(=O)C(C)(C)C(=O)N(C)c2cc(OCCCN(CCN3C=Cc4occc4C3=O)Cc5cccnc5)ccc12,6.41
301,CHEMBL406415,CCN(C(=O)c1cnc2OC(C)(C)[C@@H](O)[C@H](NS(=O)(=O)c3ccc(CC)cc3)c2c1)c4ccccc4,6.42
302,CHEMBL3732294,CCN1C(=O)C(C)(C)C(=O)N(C)c2cc(OCCCN(CCN3C=Cc4ccsc4C3=O)Cc5ccncc5)ccc12,6.42
303,CHEMBL1289417,CC(C)(CNC(=O)C1(C)CC1)CN(C2=NS(=O)(=O)c3cc(F)ccc23)c4ccccc4,6.43
304,CHEMBL1289300,COc1cnccc1C(=O)NCC(C)(C)CN(C2=NS(=O)(=O)c3cc(F)ccc23)c4ccccc4,6.43
305,CHEMBL1290510,CC(C)(CNC(=O)c1cocc1)CN(C2=NS(=O)(=O)c3cc(F)ccc23)c4ccccc4,6.44
306,CHEMBL386975,CC(C)N(C(C)C)C(=O)C(C(CNC(=O)NCc1ccc(Br)cc1)c2ccccc2)c3cccnc3,6.44
307,CHEMBL3731879,CCN1C(=O)C(C)(C)C(=O)N(C)c2cc(OCCCN(CCN3C=Cc4ccccc4C3=O)S(=O)(=O)c5ccccc5)ccc12,6.44
308,CHEMBL385249,CC(C)N(C(C)C)C(=O)C(C(CNC(=O)NCc1ccc(F)cc1)c2ccccc2)c3cccnc3,6.45
309,CHEMBL1289188,CC(C)(CNC(=O)c1cnccn1)CN(C2=NS(=O)(=O)c3cc(F)ccc23)c4ccccc4,6.46
310,CHEMBL512242,CCc1ccc(cc1)S(=O)(=O)N[C@H]2[C@H](O)CCc3ccc(NC(=O)[C@H]4C[C@@H]4c5ccccc5)cc23,6.46
311,CHEMBL1290618,CC(C)(CNC(=O)n1cccc1)CN(C2=NS(=O)(=O)c3cc(F)ccc23)c4ccccc4,6.47
312,CHEMBL385662,CC(C)N(C(C)C)C(=O)C(C(CNC(=O)NCc1cccc(F)c1)c2ccccc2)c3cccnc3,6.47
313,CHEMBL467671,CCc1ccc(cc1)S(=O)(=O)N[C@H]2[C@H](O)CCc3ccc(NC(=O)c4ccc(Cl)cc4)cc23,6.47
314,CHEMBL569628,COc1ccc(CCN2[C@H](CN(NS(=O)(=O)Cc3ccccc3)C2=O)c4ccc(OC)cc4)cc1,6.47
315,CHEMBL228491,Cc1cccc(c1)S(=O)(=O)N[C@H]2[C@H](O)C(C)(C)Oc3ccc(cc23)C(=O)NCCc4ccccc4,6.47
316,CHEMBL3733333,CCN1C(=O)C(C)(C)C(=O)N(C)c2cc(OCCCN(CCN3C=Cc4oc(C)cc4C3=O)Cc5cnccc5C)ccc12,6.48
317,CHEMBL569184,COc1ccc(CCN2[C@H](CN(NS(=O)(=O)C)C2=O)c3ccc(OC)cc3)cc1,6.48
318,CHEMBL2312929,Clc1cccc(c1)c2ncccc2CNP(=O)(c3ccccc3)c4ccccc4,6.48
319,CHEMBL386226,COC(=O)CC(C(C(=O)N(C(C)C)C(C)C)c1cccc(c1)C#N)c2cccnc2,6.49
320,CHEMBL1289530,CC(C)(CNC(=O)C1(CCC1)C(F)(F)F)CN(C2=NS(=O)(=O)c3cc(F)ccc23)c4ccccc4,6.5
321,CHEMBL1289416,CC(C)(CNC(=O)C1CC1(F)F)CN(C2=NS(=O)(=O)c3cc(F)ccc23)c4ccccc4,6.5
322,CHEMBL396551,CCc1ccc(cc1)S(=O)(=O)N(CC(C)C)[C@H]2[C@H](O)C(C)(C)Oc3ccc(cc23)C(=O)NCCc4ccccc4,6.5
323,CHEMBL259118,CCc1ccc(cc1)S(=O)(=O)N[C@H]2[C@H](O)C(C)(C)Oc3ccc(cc23)C(=O)Nc4ccc(Br)cc4,6.5
324,CHEMBL601247,CC1=C(C(c2ccc(Cl)c(Cl)c2)n3nccc3N1)C(=O)N4CCCC4c5ccncc5,6.51
325,CHEMBL520917,CCCCN(CCCC)C(=O)C1=C(C)Nc2ccnn2C1c3ccc(Cl)c(Cl)c3,6.51
326,CHEMBL3730685,Cl.Cl.CCCc1ncccc1CN(CCCOc2ccc3N(CC)C(=O)C(C)(C)C(=O)N(C)c3c2)CCN4C=Cc5oc(C)cc5C4=O,6.51
327,CHEMBL2152524,C1CCN(C1)[C@H]([C@@H](N2CCCC2)c3ccccc3)c4ccccc4,6.52
328,CHEMBL146482,CC(C)C[C@H](NC(=O)c1ccccc1c2ccccc2CNC(=O)OCc3ccccc3)C(=O)N,6.52
329,CHEMBL606204,CC1=C(C(c2ccc(Cl)c(Cl)c2)n3nccc3N1)C(=O)N4CCC[C@H]4c5nc(C)c(C)s5,6.52
330,CHEMBL398397,CCc1ccc(cc1)S(=O)(=O)N[C@H]2[C@@H](O)Cc3ccc(NC(=O)c4cccc(OC)c4)cc23,6.52
331,CHEMBL494025,CCc1ccc(cc1)S(=O)(=O)N[C@H]2[C@H](O)CCc3ccc(NC(=O)[C@H]4CCCN4Cc5cccc(OC)c5)cc23,6.52
332,CHEMBL144174,C[C@H](CC(=O)NCc1ccccc1c2ccccc2C(=O)NCCc3ccccn3)c4ccccc4,6.52
333,CHEMBL385960,CC(C)N(C(C)C)C(=O)C(C(CNC(=O)NCCc1ccccc1)c2ccccc2)c3cccnc3,6.53
334,CHEMBL1290621,CC(C)(CNC(=O)c1cscn1)CN(C2=NS(=O)(=O)c3cc(F)ccc23)c4ccccc4,6.54
335,CHEMBL566811,CC1=C(C(c2ccc(Cl)c(Cl)c2)n3nccc3N1)c4nc5ccc(F)cc5n4C,6.54
336,CHEMBL3729664,CCN1C(=O)C(C)(C)C(=O)N(C)c2cc(OCCCN(CCc3cccnc3)Cc4ccccc4)ccc12,6.54
337,CHEMBL231203,CCc1ccc(cc1)S(=O)(=O)N[C@H]2[C@H](O)C(C)(C)Oc3ccc(NC(=O)c4cccc(OC)c4)cc23,6.54
338,CHEMBL475630,CCc1ccc(cc1)S(=O)(=O)N[C@H]2[C@H](O)CCc3ccc(NC(=O)[C@H]4CCCN4Cc5cccc(OC(F)(F)F)c5)cc23,6.54
339,CHEMBL216436,CC(C)N(C(C)C)C(=O)C(C(CNC(=O)N[C@H](C)c1ccccc1)c2ccccc2)c3cccnc3,6.55
340,CHEMBL464067,CC1=C(C(c2ccc(Cl)cc2Cl)n3nccc3N1)C(=O)N4CCN(CC4)c5ccc(F)cc5,6.55
341,CHEMBL2331998,CC1=C([C@@H](c2ccc(Cl)c(Cl)c2)n3nc(cc3N1)C(C)(C)C)c4ncnn4C5CCC5,6.55
342,CHEMBL2042160,CC1=C([C@@H](c2nc3ccccc3s2)n4nc(cc4N1)C(F)(F)F)C(=O)N5CCC[C@H]5c6onc(C)c6,6.55
343,CHEMBL230775,CCc1ccc(cc1)S(=O)(=O)N(Cc2c[nH]cn2)[C@H]3[C@H](O)C(C)(C)Oc4ccc(cc34)C(=O)NCCc5ccccc5,6.55
344,CHEMBL513656,CCc1ccc(cc1)S(=O)(=O)N[C@H]2CCCc3ccc(NC(=O)CCc4ccccc4)cc23,6.55
345,CHEMBL388538,CCc1ccc(cc1)S(=O)(=O)N[C@H]2[C@H](O)C(C)(C)Oc3ccc(cc23)C(=O)N(C)c4ccccc4,6.55
346,CHEMBL3729196,Cl.Cl.Cl.CCN1C(=O)C(C)(C)C(=O)N(C)c2cc(OCCCN(CCc3cccnc3)Cc4ccncc4C)ccc12,6.55
347,CHEMBL1089159,OC(C(N1CCCC1)c2ccccc2)(c3cccnc3)c4cccnc4,6.55
348,CHEMBL1290737,CC(C)(CNC(=O)CC(F)(F)F)CN(C1=NS(=O)(=O)c2cc(F)ccc12)c3ccccc3,6.57
349,CHEMBL3729281,CCN1C(=O)C(C)(C)C(=O)N(C)c2cc(OCCCN(CCN3C=Cc4ccccc4C3=O)Cc5occc5)ccc12,6.57
350,CHEMBL3298146,CC(C)(CNc1noc2cccc(O)c12)c3ccccc3,6.58
351,CHEMBL384974,COC(=O)CC(C(C(=O)N(C(C)C)C(C)C)c1ccccc1)c2cccnc2,6.58
352,CHEMBL383874,COC(=O)C[C@H]([C@H](C(=O)N(C(C)C)C(C)C)c1cccnc1)c2ccccc2,6.58
353,CHEMBL2332442,CC1=C([C@@H](c2ccc(Cl)c(Cl)c2)n3nc(cc3N1)C(F)(F)F)c4ncnn4c5cccc(F)n5,6.59
354,CHEMBL389891,CCc1ccc(cc1)S(=O)(=O)N[C@@H]2[C@@H](O)C(C)(C)Oc3ccc(cc23)C(=O)N4CCC[C@H]4CNc5c(C)cccc5C,6.59
355,CHEMBL228329,CCc1ccc(cc1)S(=O)(=O)N[C@H]2[C@H](O)C(C)(C)Oc3ccc(cc23)C(=O)NCCc4ccccc4,6.59
356,CHEMBL231300,CCc1ccc(cc1)S(=O)(=O)N[C@H]2[C@H](O)C(C)(C)Oc3ccc(cc23)C(=O)Nc4ccccc4,6.59
357,CHEMBL384095,COc1ccc(CNC(=O)NCC(C(C(=O)N(C(C)C)C(C)C)c2cccnc2)c3ccccc3)cc1,6.59
358,CHEMBL1090794,OC(C(N1CCOCC1)c2ccccc2)(c3cccnc3)c4cccnc4,6.59
359,CHEMBL218128,CC(C)N(C(C)C)C(=O)C(C(CC(=O)NC(C)c1ccccc1)c2ccccc2)c3cccnc3,6.6
360,CHEMBL217684,CC(C)N(C(C)C)C(=O)C(C(CNC(=O)CCCc1ccccc1)c2ccccc2)c3cccnc3,6.6
361,CHEMBL384780,CC(C)N(C(C)C)C(=O)C(C(CNC(=O)NCc1cccc(C)c1)c2ccccc2)c3cccnc3,6.6
362,CHEMBL466224,CCc1ccc(cc1)S(=O)(=O)N[C@H]2[C@H](O)CCc3ccc(NC(=O)CCc4ccccc4)cc23,6.6
363,CHEMBL216086,COC(=O)CC(C(C(=O)N(C(C)C)C(C)C)c1ccccc1)c2ccccc2,6.6
364,CHEMBL571041,COc1ccc(CCN2C(CN(NS(=O)(=O)C)C2=O)c3ccc(cc3)C(F)(F)F)cc1,6.6
365,CHEMBL2440384,Cc1ccc(cc1)S(=O)(=O)N\N=C\c2cn(CC(=O)Nc3ccc(F)cc3F)c4ccccc24,6.6
366,CHEMBL3731891,Cl.Cl.CN1C(=O)C(C)(C)C(=O)N(C)c2cc(OCCCN(CCc3cccnc3)Cc4ccccc4C)ccc12,6.6
367,CHEMBL1289186,CC(C)(CNC(=O)C1(CC1)C(F)(F)F)CN(C2=NS(=O)(=O)c3cc(F)ccc23)c4ccccc4,6.62
368,CHEMBL217291,CC(C)N(C(C)C)C(=O)C(C(CNC(=O)NCc1ccc(C)cc1)c2ccccc2)c3cccnc3,6.62
369,CHEMBL3731066,CCN1C(=O)C(C)(C)C(=O)N(C)c2cc(OCCCN(CCN3C(=O)C=Cc4ccccc34)Cc5ccncc5)ccc12,6.62
370,CHEMBL241513,CCc1ccc(cc1)S(=O)(=O)NCc2cccc(NC(=O)c3cccc(OC)c3)c2,6.62
371,CHEMBL387950,CCc1ccc(cc1)S(=O)(=O)N[C@H]2[C@H](O)C(C)(C)Oc3ccc(CNCCc4ccccc4)cc23,6.62
372,CHEMBL572153,COc1ccc(CCN2C(CN(NS(=O)(=O)C)C2=O)c3ccc(C)cc3)cc1,6.62
373,CHEMBL571952,COc1ccc(CCN2C(CN(NS(=O)(=O)C)C2=O)c3ccc(OC(C)C)cc3)cc1,6.62
374,CHEMBL1091162,CCN(CC)C(c1ccccc1)C(O)(c2cccnc2)c3cccnc3,6.63
375,CHEMBL480019,CC1=C(C(c2ccc(Cl)s2)n3nccc3N1)C(=O)N4CCN(CC4)c5ccc(F)cc5,6.64
376,CHEMBL2042159,CC1=C([C@@H](c2ccc(Cl)c(Cl)c2)n3nc(cc3N1)C4CC4)C(=O)N5CCC[C@H]5c6onc(C)c6,6.64
377,CHEMBL2331991,CC1=C([C@@H](c2ccc(Cl)c(Cl)c2)n3nccc3N1)c4ncnn4CC5CC5,6.64
378,CHEMBL466646,CCc1ccc(cc1)S(=O)(=O)N[C@H]2[C@H](O)CCc3ccc(NC(=O)OCc4ccccc4)cc23,6.64
379,CHEMBL570815,COc1ccc(CCN2[C@H](CN(NS(=O)(=O)CC#N)C2=O)c3ccc(OC)cc3)cc1,6.64
380,CHEMBL2331988,CC1=C([C@@H](c2ccc(Cl)c(Cl)c2)n3nccc3N1)c4ncnn4C(C)(C)C,6.65
381,CHEMBL2332449,CCOc1cccc(n1)n2ncnc2C3=C(C)Nc4cc(nn4[C@@H]3c5ccc(Cl)c(Cl)c5)C(F)(F)F,6.65
382,CHEMBL567025,CC1=C(C(c2ccc(Cl)c(Cl)c2)n3nccc3N1)c4nc5cc(ccc5n4C)C#N,6.66
383,CHEMBL389892,CCN([C@@H]1CCN(Cc2ccccc2)C1)C(=O)c3ccc4OC(C)(C)[C@H](O)[C@@H](NS(=O)(=O)c5ccc(CC)cc5)c4c3,6.66
384,CHEMBL3729497,CCN1C(=O)C(C)(C)C(=O)N(C)c2cc(OCCCN(CCN3C=Cc4ccoc4C3=O)Cc5ccccc5C)ccc12,6.66
385,CHEMBL524191,CCc1ccc(cc1)S(=O)(=O)N[C@H]2[C@H](O)CCc3ccc(NC(=O)[C@H]4CCCN4Cc5cccc(Cl)c5)cc23,6.66
386,CHEMBL3298145,CCc1cccc2onc(NCC(C)(C)c3ccccc3)c12,6.66
387,CHEMBL411970,COC(=O)CC(C(C(=O)N(C(C)C)C(C)C)c1cccnc1)c2ccc(cc2)C#N,6.67
388,CHEMBL2042151,CC1=C(C(c2ccc(Cl)c(Cl)c2)n3nc(Cl)cc3N1)C(=O)N4CCN(CC4)c5ccc(F)cc5,6.68
389,CHEMBL2332447,CC1=C([C@@H](c2ccc(Cl)c(Cl)c2)n3nc(cc3N1)C(F)(F)F)c4ncnn4c5cccc(C)n5,6.68
390,CHEMBL228813,CCN([C@@H]1CCN(Cc2ccccc2)C1)C(=O)c3ccc4OC(C)(C)[C@@H](O)[C@H](NS(=O)(=O)c5ccc(CC)cc5)c4c3,6.68
391,CHEMBL3127404,CN1[C@H](CN(Cc2ccc(Cl)cc2)S(=O)(=O)c3cccc(c3)C#N)CCC1=O,6.68
392,CHEMBL3729344,Cl.Cl.Cl.CN1C(=O)C(C)(C)C(=O)N(C)c2cc(OCCCN(CCc3cccnc3)Cc4ccnc5ccccc45)ccc12,6.68
393,CHEMBL2332451,CC(C)n1ccnc1C2=C(C)Nc3cc(nn3[C@@H]2c4ccc(Cl)c(Cl)c4)C(F)(F)F,6.69
394,CHEMBL1090160,OC(C(N1CCCCC1)c2ccccc2)(c3cccnc3)c4cccnc4,6.69
395,CHEMBL1091863,OC(C(N1CCOCC1)c2ccccc2)(c3ccccc3)c4ccccc4,6.69
396,CHEMBL2152522,C1CCN(CC1)[C@H]([C@@H](N2CCCCC2)c3ccccc3)c4ccccc4,6.7
397,CHEMBL390106,CC1(C)Oc2ccc(cc2[C@@H](NS(=O)(=O)c3ccc(cc3)C(F)(F)F)[C@@H]1O)C(=O)NCCc4ccccc4,6.7
398,CHEMBL585923,CC1=C(C(c2ccc(Cl)c(Cl)c2)n3nccc3N1)c4nc5cc(C)ccc5n4C,6.7
399,CHEMBL481399,CC1=C(C(c2sc3ccccc3c2C)n4nccc4N1)C(=O)N5CCN(CC5)c6ccc(F)cc6,6.7
400,CHEMBL2331992,CC1=C([C@@H](c2ccc(Cl)c(Cl)c2)n3nccc3N1)c4ncnn4CC(F)(F)F,6.7
401,CHEMBL2312920,CCCN(c1cccc(c1)C#N)P(=O)(c2ccccc2)c3ccccc3,6.7
402,CHEMBL438665,CCN([C@H]1CCN(Cc2ccccc2)C1)C(=O)c3ccc4OC(C)(C)[C@H](O)[C@@H](NS(=O)(=O)c5ccc(CC)cc5)c4c3,6.7
403,CHEMBL239808,CCc1ccc(cc1)S(=O)(=O)N[C@H]2[C@H](O)CCCc3ccc(NC(=O)c4cccc(OC)c4)cc23,6.7
404,CHEMBL467478,CCc1ccc(cc1)S(=O)(=O)N[C@H]2[C@H](O)CCc3ccc(NC(=O)\C=C\c4ccccc4)cc23,6.7
405,CHEMBL567234,COC(=O)c1ccc2c(c1)nc(C3=C(C)Nc4ccnn4C3c5ccc(Cl)c(Cl)c5)n2C,6.7
406,CHEMBL520586,COC[C@@H]1CCCN1C(=O)C2=C(C)Nc3ccnn3C2c4ccc(Cl)c(Cl)c4,6.7
407,CHEMBL583465,COc1ccc(CCN2C(CN(NS(=O)(=O)C)C2=O)c3ccc(Cl)cc3)cc1,6.7
408,CHEMBL3356070,COc1cccc2c1c(NCC(C)(C)c3ccccc3)nn2C,6.7
409,CHEMBL317791,C[C@H](OC(=O)NCc1ccccc1c2ccccc2C(=O)NCCc3ccccn3)c4ccccc4,6.7
410,CHEMBL3298229,COc1cccc2OC(=O)N=C(NCC(C)(C)c3ccccc3)c12,6.71
411,CHEMBL518718,CC1=C(C(c2ccc(Cl)c(Cl)c2)n3nccc3N1)C(=O)N4CCCCCC4,6.72
412,CHEMBL465930,CC1=C(C(c2cccc(Cl)c2)n3nccc3N1)C(=O)N4CCN(CC4)c5ccc(F)cc5,6.72
413,CHEMBL2332444,CC1=C([C@@H](c2ccc(Cl)c(Cl)c2)n3nc(cc3N1)C(F)(F)F)c4ncnn4c5cccc(Cl)n5,6.72
414,CHEMBL3729291,CCN1C(=O)C(C)(C)C(=O)N(C)c2cc(OCCCN(CCN3C=Cc4ccccc4C3=O)Cc5ccsc5)ccc12,6.72
415,CHEMBL3729852,CCN1C(=O)C(C)(C)C(=O)N(C)c2cc(OCCCN(CCN3C=Cc4ccoc4C3=O)Cc5ccc(cc5)C(F)(F)F)ccc12,6.72
416,CHEMBL2331984,CCn1ncnc1C2=C(C)Nc3ccnn3[C@@H]2c4ccc(Cl)c(Cl)c4,6.72
417,CHEMBL3298147,COc1cccc2onc(N(C)CC(C)(C)c3ccccc3)c12,6.73
418,CHEMBL385737,COC(=O)CC(C(C(=O)N(C(C)C)C(C)C)c1cccnc1)c2cccc(c2)C#N,6.74
419,CHEMBL3732734,CCN1C(=O)C(C)(C)C(=O)N(C)c2cc(OCCCN(CCN3C=Cc4ccoc4C3=O)Cc5cccs5)ccc12,6.75
420,CHEMBL3727564,CCN1C(=O)C(C)(C)C(=O)N(C)c2cc(OCCCN(CCc3cccnc3)Cc4ccccc4c5cccnc5)ccc12,6.75
421,CHEMBL3733073,Cl.Cl.CCN1C(=O)C(C)(C)C(=O)N(C)c2cc(OCCCN(CCN3C=Cc4ccccc4C3=O)Cc5ccncc5)ccc12,6.75
422,CHEMBL2312925,O=P(C(c1cccnc1)c2cccnc2)(c3ccccc3)c4ccccc4,6.75
423,CHEMBL228277,CCN(Cc1ccccc1F)C(=O)c2ccc3OC(C)(C)[C@@H](O)[C@H](NS(=O)(=O)c4ccc(CC)cc4)c3c2,6.76
424,CHEMBL465085,CC1=C(C(c2ccc(Cl)c(Cl)c2)n3nccc3N1)C(=O)Nc4ccccc4,6.77
425,CHEMBL389096,CCN([C@H]1CCN(Cc2ccccc2)C1)C(=O)c3ccc4OC(C)(C)[C@@H](O)[C@H](NS(=O)(=O)c5ccc(CC)cc5)c4c3,6.77
426,CHEMBL3622349,COc1cccc2c1C(=NS2(=O)=O)NC[C@@]3(CC[C@@H](CC3)OC(=O)NC4CC4)c5ccccc5,6.77
427,CHEMBL2042157,CC1=C([C@@H](c2ccc(Cl)c(Cl)c2)n3nc(C)cc3N1)C(=O)N4CCC[C@H]4c5onc(C)c5,6.78
428,CHEMBL2331999,CC1=C([C@@H](c2ccc(Cl)c(Cl)c2)n3nc(cc3N1)C(F)(F)F)c4ncnn4C5CCC5,6.78
429,CHEMBL601672,CC1=C(C(c2ccc(Cl)c(Cl)c2)n3nccc3N1)C(=O)N4CCC(C4)c5ccc(F)cc5,6.8
430,CHEMBL479618,CC1=C(C(c2ccc(Cl)c(Cl)c2)n3nccc3N1)C(=O)N4CCC(CC4)c5ccccc5,6.8
431,CHEMBL600211,CC1=C(C(c2ccc(Cl)c(Cl)c2)n3nccc3N1)C(=O)N4CCC[C@H]4c5onc(C)n5,6.8
432,CHEMBL465086,CC1=C(C(c2ccc(Cl)c(Cl)c2)n3nccc3N1)C(=O)NCc4ccccc4,6.8
433,CHEMBL464066,CC1=C(C(c2cccc(Cl)c2Cl)n3nccc3N1)C(=O)N4CCN(CC4)c5ccc(F)cc5,6.8
434,CHEMBL521104,CC1=C(C(c2oc3ccccc3c2)n4nccc4N1)C(=O)N5CCN(CC5)c6ccc(F)cc6,6.8
435,CHEMBL480020,CC1=C([C@@H](c2cccc(Cl)c2Cl)n3nccc3N1)C(=O)N4CCN(CC4)c5ccc(F)cc5,6.8
436,CHEMBL3729998,CCN1C(=O)C(C)(C)C(=O)N(C)c2cc(OCCCN(CCN3C=Cc4ccoc4C3=O)Cc5ccc(cc5)C#N)ccc12,6.8
437,CHEMBL3731401,CCN1C(=O)C(C)(C)C(=O)N(C)c2cc(OCCCN(CCc3cccnc3)Cc4cccc(c4)C#N)ccc12,6.8
438,CHEMBL288131,CCc1ccc(cc1)S(=O)(=O)N[C@H]2[C@H](O)Cc3ccc(NC(=O)c4cccc(OC)c4)cc23,6.8
439,CHEMBL583254,COc1ccc(CCN2C(CN(NS(=O)(=O)C)C2=O)c3ccc(cc3)C4CC4)cc1,6.8
440,CHEMBL466019,COc1cccc(c1)C(=O)Nc2ccc3CC[C@@H](O)[C@H](NS(=O)(=O)c4ccc(cc4)C(C)(C)C)c3c2,6.8
441,CHEMBL217620,CC(C)N(C(C)C)C(=O)C(C(CNC(=O)NCc1ccccc1F)c2ccccc2)c3cccnc3,6.82
442,CHEMBL228493,CC1(C)Oc2ccc(cc2[C@@H](NS(=O)(=O)c3ccccc3OC(F)(F)F)[C@@H]1O)C(=O)NCCc4ccccc4,6.82
443,CHEMBL605992,CC1=C(C(c2ccc(Cl)c(Cl)c2)n3nccc3N1)C(=O)N4CCCC4c5ccccc5,6.82
444,CHEMBL583857,CC1=C(C(c2ccc(Cl)c(Cl)c2)n3nccc3N1)c4nc5cccc(C)c5[nH]4,6.82
445,CHEMBL584709,CC1=C(C(c2ccc(Cl)c(Cl)c2)n3nccc3N1)c4nc5cccc(F)c5n4C,6.82
446,CHEMBL2331993,CC1=C([C@@H](c2ccc(Cl)c(Cl)c2)n3nccc3N1)c4ncnn4CCC(F)(F)F,6.82
447,CHEMBL3729229,CCN1C(=O)C(C)(C)C(=O)N(C)c2cc(OCCCN(CCN3C=Cc4ccccc4C3=O)Cc5ccc(cc5)C#N)ccc12,6.82
448,CHEMBL239805,CCc1ccc(cc1)S(=O)(=O)NC2CCc3ccc(NC(=O)c4cccc(OC)c4)cc23,6.82
449,CHEMBL603705,COC(=O)[C@@H]1CCCN1C(=O)C2=C(C)Nc3ccnn3C2c4ccc(Cl)c(Cl)c4,6.82
450,CHEMBL2042163,COCC1=C([C@@H](c2cc3ccccc3n2C)n4nc(cc4N1)C(F)(F)F)C(=O)N5CCC[C@H]5c6onc(C)c6,6.82
451,CHEMBL2042148,CC1=C(C(c2ccc(Cl)c(Cl)c2)n3nc(C)cc3N1)C(=O)N4CCN(CC4)c5ccccc5,6.83
452,CHEMBL217921,COC(=O)CC(C(C(=O)N(C(C)C)C(C)C)c1cccc(Br)c1)c2cccnc2,6.83
453,CHEMBL465124,CC1=C(C(c2cc(Cl)cc(Cl)c2)n3nccc3N1)C(=O)N4CCN(CC4)c5ccc(F)cc5,6.85
454,CHEMBL42934,CCCCc1ccc(cc1)S(=O)(=O)N[C@H]2[C@H](O)CCc3ccc(NC(=O)c4cccc(OC)c4)cc23,6.85
455,CHEMBL2312927,O=P(C(N1CCCCC1)c2cccnc2)(c3ccccc3)c4ccccc4,6.85
456,CHEMBL3298232,CCNC(=O)O[C@@H]1CC[C@](CNc2n[nH]c3cccc(OC)c23)(CC1)c4ccccc4,6.86
457,CHEMBL217011,COC(=O)CC(C(C(=O)N(C(C)C)C(C)C)c1cccnc1)c2cccc(Br)c2,6.86
458,CHEMBL2332465,CC1=C([C@@H](c2ccc(Cl)c(Cl)c2)n3nccc3N1)c4ncnn4Cc5ccccc5,6.87
459,CHEMBL230564,CCc1ccc(cc1)S(=O)(=O)N(Cc2cccnc2)[C@H]3[C@H](O)C(C)(C)Oc4ccc(cc34)C(=O)NCCc5ccccc5,6.89
460,CHEMBL230251,CCc1ccc(cc1)S(=O)(=O)N[C@H]2[C@H](O)C(C)(C)Oc3ccc(cc23)C(=O)N4CCC[C@@H]4CNc5c(C)cccc5C,6.89
461,CHEMBL2332450,CCn1ccnc1C2=C(C)Nc3cc(nn3[C@@H]2c4ccc(Cl)c(Cl)c4)C(F)(F)F,6.89
462,CHEMBL2331997,CC1=C([C@@H](c2ccc(Cl)c(Cl)c2)n3nc(C)cc3N1)c4ncnn4C5CCCCC5,6.9
463,CHEMBL2042147,CC1=C(C(c2ccc(Cl)c(Cl)c2)n3nc(C)cc3N1)C(=O)N4CCN(CC4)c5ccc(F)cc5,6.91
464,CHEMBL464077,CC1=C(C(c2ccc(Cl)c(Cl)c2)n3nccc3N1)C(=O)N4CCN(CC4)c5ccc(F)cc5,6.92
465,CHEMBL2312933,CCCN(c1cccnc1)P(=O)(c2ccccc2)c3ccccc3,6.92
466,CHEMBL230776,CCc1ccc(cc1)S(=O)(=O)N(CC(C)(C)C)[C@H]2[C@H](O)C(C)(C)Oc3ccc(cc23)C(=O)NCCc4ccccc4,6.92
467,CHEMBL230238,CCc1ccc(cc1)S(=O)(=O)N(Cc2ccccn2)[C@H]3[C@H](O)C(C)(C)Oc4ccc(cc34)C(=O)NCCc5ccccc5,6.92
468,CHEMBL387993,CCc1ccc(cc1)S(=O)(=O)N[C@H]2[C@H](O)C(C)(C)Oc3ccc(cc23)C(=O)N4CCC[C@H]4CNc5c(C)cccc5C,6.92
469,CHEMBL3298225,COc1cccc2ncnc(NCC(C)(C)c3ccccc3)c12,6.93
470,CHEMBL2332453,CC1=C([C@@H](c2ccc(Cl)c(Cl)c2)n3nccc3N1)c4ncnn4c5ccc(F)cc5,6.94
471,CHEMBL2332456,COc1ccccc1n2ncnc2C3=C(C)Nc4ccnn4[C@@H]3c5ccc(Cl)c(Cl)c5,6.94
472,CHEMBL386441,COC(=O)CC(C(C(=O)N(C(C)C)C(C)C)c1cccnc1)c2cccc(c2)c3c(C)onc3C,6.95
473,CHEMBL601641,CC1=C(C(c2ccc(Cl)c(Cl)c2)n3nccc3N1)C(=O)N4CCC[C@H]4c5onc(C)c5,6.96
474,CHEMBL569269,CC1=C(C(c2ccc(Cl)c(Cl)c2)n3nccc3N1)c4nc5cccc(C)c5n4C,6.96
475,CHEMBL228809,CCc1ccc(cc1)S(=O)(=O)N[C@H]2CC(C)(C)Oc3ccc(cc23)C(=O)N4CCC[C@H]4CNc5c(C)cccc5C,6.96
476,CHEMBL2331994,CC1=C([C@@H](c2ccc(Cl)c(Cl)c2)n3nccc3N1)c4ncnn4CCCC(F)(F)F,6.99
477,CHEMBL2331985,CCCn1ncnc1C2=C(C)Nc3ccnn3[C@@H]2c4ccc(Cl)c(Cl)c4,6.99
478,CHEMBL217222,CC(C)N(C(C)C)C(=O)C(C(CNC(=O)CCc1ccccc1)c2ccccc2)c3cccnc3,7.0
479,CHEMBL517791,CC1=C(C(c2ccc(Cl)c(Cl)c2)n3nccc3N1)C(=O)NCCc4ccccc4,7.0
480,CHEMBL2042154,CC1=C([C@@H](c2ccc(Cl)c(Cl)c2)n3nc(C)cc3N1)C(=O)N4CCC[C@H]4c5ccc(F)cc5,7.0
481,CHEMBL2042158,CC1=C([C@@H](c2ccc(Cl)c(Cl)c2)n3nc(cc3N1)C(F)(F)F)C(=O)N4CCC[C@H]4c5onc(C)c5,7.0
482,CHEMBL583430,COc1ccc(CCCN2[C@H](CN(NS(=O)(=O)C)C2=O)c3ccc(OC)cc3)cc1,7.0
483,CHEMBL2312926,O=P(C(c1ccccc1)c2cccnc2)(c3ccccc3)c4ccccc4,7.0
484,CHEMBL2332454,CC1=C([C@@H](c2ccc(Cl)c(Cl)c2)n3nccc3N1)c4ncnn4c5cccc(F)c5,7.01
485,CHEMBL2332452,CCOCCn1ccnc1C2=C(C)Nc3cc(nn3[C@@H]2c4ccc(Cl)c(Cl)c4)C(F)(F)F,7.01
486,CHEMBL2332443,CC1=C([C@@H](c2ccc(Cl)c(Cl)c2)n3nc(cc3N1)C(F)(F)F)c4ncnn4c5cccc(n5)C(F)(F)F,7.02
487,CHEMBL216955,CC(C)N(C(C)C)C(=O)C(C(CNC(=O)CC(C)c1ccccc1)c2ccccc2)c3cccnc3,7.03
488,CHEMBL585123,CC(C)n1c(nc2cc(Cl)ccc12)C3=C(C)Nc4ccnn4C3c5ccc(Cl)c(Cl)c5,7.03
489,CHEMBL2331996,CC1=C([C@@H](c2ccc(Cl)c(Cl)c2)n3nc(C)cc3N1)c4ncnn4C5CCC5,7.03
490,CHEMBL3622351,COc1cccc2c1C(=NS2(=O)=O)NC[C@@]3(CC[C@@H](CC3)OC(=O)Nc4nnc(s4)C5CC5)c6ccccc6,7.04
491,CHEMBL2331986,CC(C)n1ncnc1C2=C(C)Nc3ccnn3[C@@H]2c4ccc(Cl)c(Cl)c4,7.05
492,CHEMBL465277,CC1=C(C(c2ccc(Cl)c(Cl)c2)n3nccc3N1)C(=O)N4CCCCC4,7.05
493,CHEMBL602854,CC1=C(C(c2ccc(Cl)c(Cl)c2)n3nccc3N1)C(=O)N4CCC[C@H]4c5cc(C)on5,7.05
494,CHEMBL466838,CCCc1ccc(cc1)S(=O)(=O)N[C@H]2[C@H](O)CCc3ccc(NC(=O)c4cccc(OC)c4)cc23,7.05
495,CHEMBL228808,CCc1ccc(cc1)S(=O)(=O)N[C@@H]2[C@@H](O)C(C)(C)Oc3ccc(cc23)C(=O)N4CCC[C@@H]4CNc5c(C)cccc5C,7.05
496,CHEMBL3622350,COc1cccc2c1C(=NS2(=O)=O)NC[C@@]3(CC[C@@H](CC3)OC(=O)NCCC(F)(F)F)c4ccccc4,7.05
497,CHEMBL3298231,CCNC(=O)O[C@@H]1CC[C@](CNc2nn(C)c3cccc(OC)c23)(CC1)c4ccccc4,7.06
498,CHEMBL2332448,COc1cccc(n1)n2ncnc2C3=C(C)Nc4cc(nn4[C@@H]3c5ccc(Cl)c(Cl)c5)C(F)(F)F,7.06
499,CHEMBL517078,CC1=C(C(c2ccc(Cl)c(Cl)c2)n3nccc3N1)C(=O)N4CCN(CC4)c5ccccc5,7.07
500,CHEMBL2042156,CC1=C([C@@H](c2ccc(Cl)c(Cl)c2)n3nccc3N1)C(=O)N4CCC[C@H]4c5onc(C)c5,7.08
501,CHEMBL3356074,COc1cccc2C(=O)N=C(NCC(C)(C)c3ccccc3)c12,7.08
502,CHEMBL2332457,CC1=C([C@@H](c2ccc(Cl)c(Cl)c2)n3nccc3N1)c4ncnn4c5ccc(C)cc5,7.1
503,CHEMBL388762,CCc1ccc(cc1)S(=O)(=O)N[C@H]2[C@H](O)C(C)(C)Oc3ccc(cc23)C(=O)n4nc(cc4N)c5ccccc5,7.1
504,CHEMBL2312931,Clc1cc(Cl)cc(c1)c2ncccc2CNP(=O)(c3ccccc3)c4ccccc4,7.1
505,CHEMBL228330,CCN(CCNc1ccccc1)C(=O)c2ccc3OC(C)(C)[C@@H](O)[C@H](NS(=O)(=O)c4ccc(CC)cc4)c3c2,7.11
506,CHEMBL577300,CC1=C(C(c2ccc(Cl)c(Cl)c2)n3nccc3N1)c4nc5ccccc5n4C,7.13
507,CHEMBL2332455,CC1=C([C@@H](c2ccc(Cl)c(Cl)c2)n3nccc3N1)c4ncnn4c5ccccc5F,7.13
508,CHEMBL2042162,CC1=C([C@@H](c2cc3ccccc3n2C)n4nc(cc4N1)C(F)(F)F)C(=O)N5CCC[C@H]5c6onc(C)c6,7.14
509,CHEMBL3298227,COc1cccc2nc(Cl)nc(NCC(C)(C)c3ccccc3)c12,7.14
510,CHEMBL566800,CC1=C(C(c2ccc(Cl)c(Cl)c2)n3nccc3N1)c4nc5cccc(Cl)c5n4C,7.15
511,CHEMBL482381,CC1=C([C@@H](c2ccc(Cl)c(Cl)c2)n3nccc3N1)C(=O)N4CCN(CC4)c5ccc(F)cc5,7.16
512,CHEMBL468514,CCCCCc1ccc(cc1)S(=O)(=O)N[C@H]2[C@H](O)CCc3ccc(NC(=O)c4cccc(OC)c4)cc23,7.16
513,CHEMBL480807,CCCN(CCC)C(=O)C1=C(C)Nc2ccnn2C1c3ccc(Cl)c(Cl)c3,7.16
514,CHEMBL2042152,COCC1=C([C@@H](c2ccc(Cl)c(Cl)c2)n3nccc3N1)C(=O)N4CCC[C@H]4c5onc(C)c5,7.16
515,CHEMBL566382,CC1=C(C(c2ccc(Cl)c(Cl)c2)n3nccc3N1)c4nc5cc(Cl)ccc5n4C,7.17
516,CHEMBL565312,CC1=C(C(c2ccc(Cl)c(Cl)c2)n3nccc3N1)c4nc5c(F)cccc5n4C,7.19
517,CHEMBL3622348,CCNC(=O)O[C@@H]1CC[C@](CNC2=NS(=O)(=O)c3cccc(OC)c23)(CC1)c4ccccc4,7.19
518,CHEMBL3622362,CCS(=O)(=O)N[C@@H]1CC[C@](CNC2=NS(=O)(=O)c3cccc(OC)c23)(CC1)c4ccccc4,7.22
519,CHEMBL2331987,CC1=C([C@@H](c2ccc(Cl)c(Cl)c2)n3nccc3N1)c4ncnn4C5CCCCC5,7.23
520,CHEMBL230671,CCCCN([C@H]1[C@H](O)C(C)(C)Oc2ccc(cc12)C(=O)NCCc3ccccc3)S(=O)(=O)c4ccc(CC)cc4,7.24
521,CHEMBL567244,CCn1c(nc2cc(Cl)ccc12)C3=C(C)Nc4ccnn4C3c5ccc(Cl)c(Cl)c5,7.24
522,CHEMBL3622358,CCOC(=O)N[C@@H]1CC[C@](CNC2=NS(=O)(=O)c3cccc(OC)c23)(CC1)c4ccccc4,7.26
523,CHEMBL3623052,CCN(CC)S(=O)(=O)N[C@@H]1CC[C@](CNC2=NS(=O)(=O)c3cccc(OC)c23)(CC1)c4ccccc4,7.28
524,CHEMBL3622360,COc1cccc2c1C(=NS2(=O)=O)NC[C@@]3(CC[C@@H](CC3)NC(=O)OC(C)C)c4ccccc4,7.28
525,CHEMBL602070,CC1=C([C@@H](c2ccc(Cl)c(Cl)c2)n3nccc3N1)C(=O)N4CCC[C@H]4c5ccc(F)cc5,7.3
526,CHEMBL2331990,CC1=C([C@@H](c2ccc(Cl)c(Cl)c2)n3nccc3N1)c4ncnn4C5CCC5,7.32
527,CHEMBL567235,CCCn1c(nc2cc(F)ccc12)C3=C(C)Nc4ccnn4C3c5ccc(Cl)c(Cl)c5,7.32
528,CHEMBL3623053,COc1cccc2c1C(=NS2(=O)=O)NC[C@@]3(CC[C@@H](CC3)Nc4ncccn4)c5ccccc5,7.33
529,CHEMBL260684,CCc1ccc(cc1)S(=O)(=O)N[C@H]2CCCc3ccc(cc23)N(Cc4cccc(C)n4)C(=O)CCc5ccccc5,7.34
530,CHEMBL3298140,COc1cccc2onc(NCC(C)(C)c3ccccc3)c12,7.37
531,CHEMBL2331989,CC1=C([C@@H](c2ccc(Cl)c(Cl)c2)n3nccc3N1)c4ncnn4C5CCCC5,7.43
532,CHEMBL385809,CC(C)N(C(C)C)C(=O)C(C(CNC(=O)CCc1ccccc1F)c2ccccc2)c3cccnc3,7.44
533,CHEMBL3622346,COc1cccc2c1C(=NS2(=O)=O)NC[C@@]3(CC[C@H](O)CC3)c4ccccc4,7.47
534,CHEMBL3623054,COc1cccc2c1C(=NS2(=O)=O)NC[C@@]3(CC[C@@H](CC3)n4cnnn4)c5ccccc5,7.5
535,CHEMBL567671,COCC1=C(C(c2ccc(Cl)c(Cl)c2)n3nccc3N1)c4nc5cc(F)ccc5n4C,7.52
536,CHEMBL3622355,COc1cccc2c1C(=NS2(=O)=O)NC[C@@]3(CC[C@@H](CC3)OC(=O)Nc4ccc(cc4)N(C)C)c5ccccc5,7.52
537,CHEMBL3622361,COc1cccc2c1C(=NS2(=O)=O)NC[C@@]3(CC[C@@H](CC3)NC(=O)OCC(F)(F)F)c4ccccc4,7.55
538,CHEMBL3356073,COc1cccc2snc(NCC(C)(C)c3ccccc3)c12,7.6
539,CHEMBL3298228,COc1cccc2nc(O)nc(NCC(C)(C)c3ccccc3)c12,7.64
540,CHEMBL3298226,COc1cccc2ccnc(NCC(C)(C)c3ccccc3)c12,7.66
541,CHEMBL571976,CC1=C(C(c2ccc(Cl)c(Cl)c2)n3nccc3N1)c4nc5cc(F)ccc5n4C,7.82
