,molecule_chembl_id,canonical_smiles,pchembl_value
0,guanidine,NC(N)=N,
1,fampridine,NC1=CC=NC=C1,
2,amifampridine,NC1=CC=NC=C1N,
3,CHEMBL3577209,COc1cccc(OC)c1C(=O)c2c(O)cc(C)c(OC)c2CC(=O)c3c(OC)c(C)cc(O)c3C(=O)c4c(OC)cccc4OC,6.0
4,CHEMBL3577208,COc1cccc(OC)c1C(=O)c2c(O)cc(C)c(OC)c2C3=C(c4c(OC)cccc4OC)c5c(O)cc(C)c(OC)c5C3=O,6.23
0,CHEMBL387671,C(Cc1cccc2ccccc12)O[C@@H]3CCCC[C@H]3N4CCOCC4,5.5
4,CHEMBL375475,O=C1CCN(C1)[C@H]2CCCC[C@@H]2OCCc3cccc4ccccc34,5.1
5,CHEMBL229125,O=C1CCN(C1)[C@@H]2CCCC[C@H]2OCCc3cccc4ccccc34,5.22
7,CHEMBL387935,Clc1ccc(CCO[C@@H]2CCCC[C@H]2N3CCOCC3)cc1Cl,5.62
