,molecule_chembl_id,canonical_smiles,pchembl_value
0,CHEMBL2146862,CS(=O)(=O)c1ccc(CCN2CCN(CCc3ccc(cc3)[N+](=O)[O-])CC2)cc1,5.03
1,CHEMBL2441438,O=C(Cc1ccc(cc1)n2cnnn2)N3CCN(CCc4ccc5COC(=O)c5c4)CC3,5.15
2,CHEMBL2146754,[O-][N+](=O)c1ccc(CCN2CCNCC2)cc1,5.28
3,CHEMBL2146861,COc1ccc(CCN2CCN(CCc3ccc(cc3)[N+](=O)[O-])CC2)cc1,5.34
4,CHEMBL2146854,[O-][N+](=O)c1ccc(CCN2CCN(CCc3ccc(cc3)c4occn4)CC2)cc1,5.37
5,CHEMBL2146869,C(Cc1ccc2nonc2c1)N3CCN(CCc4ccc5nonc5c4)CC3,5.38
6,CHEMBL2146864,[O-][N+](=O)c1ccc(CCCN2CCN(CCc3ccc(cc3)[N+](=O)[O-])CC2)cc1,5.42
7,CHEMBL2146852,[O-][N+](=O)c1ccc(CCN2CCN(CCc3cccc(c3)C#N)CC2)cc1,5.42
8,CHEMBL2146858,[O-][N+](=O)c1ccc(CCN2CCN(CCc3ccc(F)cc3)CC2)cc1,5.51
9,CHEMBL2146857,CCOC(=O)c1ccc(CCN2CCN(CCc3ccc(cc3)[N+](=O)[O-])CC2)cc1,5.54
10,CHEMBL2441412,FC(F)(F)c1cc(CC(=O)N2CCN(CCc3ccc4C(=O)OCc4c3)CC2)ccc1n5cnnn5,5.6
11,CHEMBL2146872,O=C1OCc2cc(CCN3CCN(CCc4ccc5nonc5c4)CC3)ccc12,5.66
12,CHEMBL2441429,[O-][N+](=O)c1ccc(CCN2CCN(CCc3ccc(cc3)n4cnnn4)CC2)cc1,5.68
13,CHEMBL3701206,Cc1c2COC(=O)c2ccc1[C@@H](O)CN3CC[C@H](C3)NCC(O)c4ccc(cn4)C#N,5.69
14,CHEMBL2146851,N#Cc1ccc(CCN2CCN(CCc3ccc4nonc4c3)CC2)cc1,5.72
15,CHEMBL2441430,[O-][N+](=O)c1ccc(CCN2CCN(CC2)C(=O)Cc3ccc(cc3)[N+](=O)[O-])cc1,5.75
16,CHEMBL2441425,COc1cc2C(=O)OCc2cc1CCN3CCN(CC3)C(=O)Cc4ccc(cc4)n5cnnn5,5.82
17,CHEMBL2441422,COc1c(CCN2CCN(CC2)C(=O)Cc3ccc(cc3)n4cnnn4)ccc5C(=O)OCc15,5.85
18,CHEMBL3701211,Cc1c2COC(=O)c2ccc1[C@@H](O)CNC3C[C@H]4C[C@@H]3N(C[C@H](O)c5ccc6C(=O)OCc6c5C)C4,5.85
19,CHEMBL3701210,Cc1c2COC(=O)c2ccc1[C@@H](O)CN3CC[C@H](C3)NS(=O)(=O)c4ccc(cc4)[N+]#[C-],5.86
20,CHEMBL3701207,Cc1c2COC(=O)c2ccc1[C@@H](O)CN[C@@H]3CCN(CC(O)c4ccc(cn4)C#N)C3,5.86
21,CHEMBL2441440,O=C(Cc1ccc(cc1)n2cnnn2)N3CCN(CCc4ccc5COCc5c4)CC3,5.89
22,CHEMBL2441441,O=C(Cc1ccc(cc1)n2cnnn2)N3CCN(CCc4ccc5C(=O)CCc5c4)CC3,5.92
23,CHEMBL2441426,Cc1cc(CCN2CCN(CC2)C(=O)Cc3ccc(cc3)n4cnnn4)cc5COC(=O)c15,5.96
24,CHEMBL3612927,Cc1c2COC(=O)c2ccc1[C@@H](O)CN3CCN(CC(O)c4cc(c(cn4)C#N)C(F)(F)F)CC3,6.02
25,CHEMBL2441434,O=C(Cc1ccc(cc1)n2cnnn2)N3CCN(CCc4ccc(cc4)C#N)CC3,6.04
26,CHEMBL2441428,Clc1cc(CCN2CCN(CC2)C(=O)Cc3ccc(cc3)n4cnnn4)cc5COC(=O)c15,6.08
27,CHEMBL2146868,N#Cc1ccc(CCN2CCN(CCc3ccc(cc3)C#N)CC2)cc1,6.1
28,CHEMBL3612922,Cc1cc(cnc1C(O)CN2CCN(C[C@H](O)c3ccc4C(=O)OCc4c3C)CC2)C#N,6.19
29,CHEMBL2146878,FC(F)(F)Oc1cc(CCN2CCN(CCc3ccc4C(=O)OCc4c3)CC2)ccc1C#N,6.21
30,CHEMBL2441409,Fc1cc(CC(=O)N2CCN(CCc3ccc4C(=O)OCc4c3)CC2)ccc1n5cnnn5,6.22
31,CHEMBL3701200,Cc1c2COC(=O)c2ccc1[C@H](O)CN3CC[C@H](C3)NC[C@H](O)c4ccc5C(=O)OCc5c4C,6.23
32,CHEMBL2146880,CSc1cc(CCN2CCN(CCc3ccc4C(=O)OCc4c3)CC2)ccc1C#N,6.26
33,CHEMBL2441411,O=C(Cc1ccc(c(c1)C#N)n2cnnn2)N3CCN(CCc4ccc5C(=O)OCc5c4)CC3,6.26
34,CHEMBL2441431,[O-][N+](=O)c1ccc(CCN2CCN(CC2)C(=O)Cc3ccc4C(=O)OCc4c3)cc1,6.27
35,CHEMBL2441416,FC(F)(F)c1cc(ccc1CC(=O)N2CCN(CCc3ccc4C(=O)OCc4c3)CC2)n5cnnn5,6.28
36,CHEMBL3701202,Cc1c2COC(=O)c2ccc1[C@@H](O)CNCC3CCCN3C[C@H](O)c4ccc5C(=O)OCc5c4C,6.29
37,CHEMBL3612923,Cc1c2COC(=O)c2ccc1[C@@H](O)CN3CCN(CC(O)c4ncc(cc4Cl)C#N)CC3,6.3
38,CHEMBL2441435,O=C(Cc1ccc(cc1)n2cnnn2)N3CCN(CCc4cccc(c4)C#N)CC3,6.33
39,CHEMBL2441423,Cc1cc2C(=O)OCc2cc1CCN3CCN(CC3)C(=O)Cc4ccc(cc4)n5cnnn5,6.34
40,CHEMBL2441424,Fc1cc2C(=O)OCc2cc1CCN3CCN(CC3)C(=O)Cc4ccc(cc4)n5cnnn5,6.34
41,CHEMBL2441410,COc1cc(CC(=O)N2CCN(CCc3ccc4C(=O)OCc4c3)CC2)ccc1n5cnnn5,6.35
42,CHEMBL3701204,Cc1c2COC(=O)c2ccc1[C@@H](O)CN3CCCCC3CNC(CO)c4ccc5C(=O)OCc5c4C,6.35
43,CHEMBL2441427,Fc1cc(CCN2CCN(CC2)C(=O)Cc3ccc(cc3)n4cnnn4)cc5COC(=O)c15,6.36
44,CHEMBL2146881,CNc1cc(CCN2CCN(CCc3ccc4C(=O)OCc4c3)CC2)ccc1C#N,6.37
45,CHEMBL2441419,O=C(Cc1ccc(cc1)n2cnnn2)N3CCN(CCc4ccc5C(=O)OCc5c4C6CC6)CC3,6.37
46,CHEMBL3701201,Cc1c2COC(=O)c2ccc1[C@@H](O)CNC3(CCC3)C4CCN(C[C@H](O)c5ccc6C(=O)OCc6c5C)C4,6.38
47,CHEMBL3612808,Cc1c2COC(=O)c2ccc1[C@@H](O)CN3CCN(C[C@@H](O)c4ccc(cn4)C#N)CC3,6.39
48,CHEMBL2146865,CC(CN1CCN(CCc2ccc(cc2)[N+](=O)[O-])CC1)c3ccc(cc3)[N+](=O)[O-],6.47
49,CHEMBL3701216,Cc1c2COC(=O)c2ccc1[C@@H](O)CN3CCC(CNc4ccc(cn4)[N+]#[C-])(C3)c5ccccc5,6.47
50,CHEMBL2441415,O=C(Cc1ccc(cc1C2CC2)n3cnnn3)N4CCN(CCc5ccc6C(=O)OCc6c5)CC4,6.48
51,CHEMBL3701205,Cc1c2COC(=O)c2ccc1[C@@H](O)CN3CCCC3CNCC(O)c4ccc(cn4)C#N,6.49
52,CHEMBL2441418,CCc1c(CCN2CCN(CC2)C(=O)Cc3ccc(cc3)n4cnnn4)ccc5C(=O)OCc15,6.52
53,CHEMBL3612804,COc1cc(ccc1C#N)C(C)(C)CN2CCN(CCc3ccc4C(=O)OCc4c3C)CC2,6.52
54,CHEMBL2146871,O=C1OCc2cc(CCN3CCN(CCc4ccc(cc4)C#N)CC3)ccc12,6.52
55,CHEMBL1401670,[O-][N+](=O)c1ccc(CN2CCOCCOCCN(Cc3ccc(cc3)[N+](=O)[O-])CCOCC2)cc1,6.54
56,CHEMBL2146879,O=C1OCc2cc(CCN3CCN(CCc4ccc(C#N)c(OC5CC5)c4)CC3)ccc12,6.55
57,CHEMBL3701203,Cc1c2COC(=O)c2ccc1[C@@H](O)CN3CCCC3CNC(CO)c4ccc5C(=O)OCc5c4C,6.56
58,CHEMBL3701208,Cc1c2COC(=O)c2ccc1[C@@H](O)CN3CCCCC3CNCC(O)c4ccc(cn4)C#N,6.57
59,CHEMBL2441421,Clc1c(CCN2CCN(CC2)C(=O)Cc3ccc(cc3)n4cnnn4)ccc5C(=O)OCc15,6.6
60,CHEMBL3701213,Cc1c2COC(=O)c2ccc1[C@@H](O)CN3CCCC3CNS(=O)(=O)c4ccc(cc4)n5cnnn5,6.61
61,CHEMBL2146866,CC(Cc1ccc(cc1)[N+](=O)[O-])N2CCN(CCc3ccc(cc3)[N+](=O)[O-])CC2,6.62
62,CHEMBL3663632,C[C@H]1Cc2cc(CCN3CCN(CCc4ccc5C(=O)O[C@@H](C)Cc5c4)CC3)ccc2C(=O)O1,6.62
63,CHEMBL2441408,O=C(Cc1ccc(cc1)n2cnnn2)N3CCN(CCc4ccc5C(=O)OCCc5c4)CC3,6.62
64,CHEMBL3612801,CCOC(CN1CCN(CCc2ccc(C#N)c(OC)c2)CC1)c3ccc4C(=O)OCc4c3C,6.66
65,CHEMBL3612925,COc1cc(nc(C)c1C#N)C(O)CN2CCN(C[C@H](O)c3ccc4C(=O)OCc4c3C)CC2,6.7
66,CHEMBL3612802,COc1cc(CC(C)N2CCN(CCc3ccc4C(=O)OCc4c3C)CC2)ccc1C#N,6.72
67,CHEMBL2441417,Cc1c(CCN2CCN(CC2)C(=O)Cc3ccc(cc3)n4cnnn4)ccc5C(=O)OCc15,6.72
68,CHEMBL3612797,COc1cc(CCN2CCN(CC(C)c3ccc4C(=O)OCc4c3C)CC2)ccc1C#N,6.77
69,CHEMBL2146853,[O-][N+](=O)c1ccc(CCN2CCN(CCc3ccc4nonc4c3)CC2)cc1,6.77
70,CHEMBL2441436,O=C(Cc1ccc(cc1)n2cnnn2)N3CCN(CCc4ccc5nonc5c4)CC3,6.8
71,CHEMBL3612803,COc1cc(ccc1C#N)C(C)CN2CCN(CCc3ccc4C(=O)OCc4c3C)CC2,6.82
72,CHEMBL3701209,Cc1c2COC(=O)c2ccc1[C@@H](O)CN3CC(CNS(=O)(=O)c4ccc(cc4)[N+]#[C-])C3,6.82
73,CHEMBL2146867,CC1CN(CCc2ccc(cc2)[N+](=O)[O-])CCN1CCc3ccc(cc3)[N+](=O)[O-],6.85
74,CHEMBL3612807,Cc1c2COC(=O)c2ccc1[C@@H](O)CN3CCN(C[C@H](O)c4ccc(cn4)C#N)CC3,6.85
75,CHEMBL3612799,COc1cc(CCN2CCN(CC(O)c3ccc4C(=O)OCc4c3C)CC2)ccc1C#N,6.92
76,CHEMBL3792423,O=C(Cc1ccc(nc1)n2cnnn2)N3CCC(CCc4ccc5C(=O)OCc5c4)CC3,6.92
77,CHEMBL3612800,COC(CN1CCN(CCc2ccc(C#N)c(OC)c2)CC1)c3ccc4C(=O)OCc4c3C,6.96
78,CHEMBL2441420,Fc1c(CCN2CCN(CC2)C(=O)Cc3ccc(cc3)n4cnnn4)ccc5C(=O)OCc15,6.96
79,CHEMBL2146873,Fc1cc(CCN2CCN(CCc3ccc4C(=O)OCc4c3)CC2)ccc1C#N,6.96
80,CHEMBL2441437,O=C(Cc1ccc(cc1)n2cnnn2)N3CCN(CCc4ccc5C(=O)OCc5c4)CC3,6.96
81,CHEMBL2441433,[O-][N+](=O)c1ccc(CCN2CCN(CC2)C(=O)Cc3ccc(cc3)n4cnnn4)cc1,6.96
82,CHEMBL3701215,Cc1c2COC(=O)c2ccc1[C@@H](O)CN3CCC(C)(CNc4ccc(cn4)[N+]#[C-])C3,6.99
83,CHEMBL2146875,Brc1cc(CCN2CCN(CCc3ccc4C(=O)OCc4c3)CC2)ccc1C#N,7.0
84,CHEMBL3612811,COc1cc(ccc1C#N)C(O)CN2CCN(C[C@H](O)c3ccc4C(=O)OCc4c3C)CC2,7.0
85,CHEMBL3794292,CC(CN1CCN(CC1)C(=O)Cc2ccc(nc2)n3cnnn3)c4ccc5C(=O)OCc5c4C,7.02
86,CHEMBL2146876,COc1cc(CCN2CCN(CCc3ccc4C(=O)OCc4c3)CC2)ccc1C#N,7.05
87,CHEMBL3612924,Cc1c2COC(=O)c2ccc1[C@@H](O)CN3CCN(CC(O)c4cc(C5CC5)c(cn4)C#N)CC3,7.05
88,CHEMBL2146870,O=C1OCc2cc(CCN3CCN(CCc4ccc5C(=O)OCc5c4)CC3)ccc12,7.05
89,CHEMBL2146856,[O-][N+](=O)c1ccc(CCN2CCN(CCc3ccc(cc3)c4cccc5C(=O)OCc45)CC2)cc1,7.05
90,CHEMBL3612795,[O-][N+](=O)c1ccc(CCN2CCN(CCc3ccc4C(=O)OCc4c3)CC2)cc1,7.05
91,CHEMBL2146757,[O-][N+](=O)c1ccc(CCN2CCN(CCc3ccc(cc3)C#N)CC2)cc1,7.1
92,CHEMBL2146874,Clc1cc(CCN2CCN(CCc3ccc4C(=O)OCc4c3)CC2)ccc1C#N,7.13
93,CHEMBL2441414,Cc1cc(ccc1CC(=O)N2CCN(CCc3ccc4C(=O)OCc4c3)CC2)n5cnnn5,7.15
94,CHEMBL3612805,COc1cc(ccc1C#N)C(O)CN2CCN(CCc3ccc4C(=O)OCc4c3C)CC2,7.16
95,CHEMBL3612813,Cc1cc(ncc1C#N)C(O)CN2CCN(C[C@H](O)c3ccc4C(=O)OCc4c3C)CC2,7.16
96,CHEMBL3612809,COc1cc(ncc1C#N)[C@H](O)CN2CCN(C[C@H](O)c3ccc4C(=O)OCc4c3C)CC2,7.17
97,CHEMBL3793380,Cc1cc(cnc1CC(=O)N2CCN(CCc3ccc4C(=O)OCc4c3C)CC2)n5cnnn5,7.18
98,CHEMBL2146755,[O-][N+](=O)c1ccc(CCN2CCN(CCc3ccc(cc3)[N+](=O)[O-])CC2)cc1,7.18
99,CHEMBL3701212,Cc1c2COC(=O)c2ccc1[C@@H](O)CN3CCCC3CNc4ccc(cn4)[N+]#[C-],7.19
100,CHEMBL3612814,Cc1nc(ccc1C#N)C(O)CN2CCN(C[C@H](O)c3ccc4C(=O)OCc4c3C)CC2,7.19
101,CHEMBL3612798,COc1cc(CCN2CCN(CC(F)c3ccc4C(=O)OCc4c3C)CC2)ccc1C#N,7.22
102,CHEMBL2146877,CCOc1cc(CCN2CCN(CCc3ccc4C(=O)OCc4c3)CC2)ccc1C#N,7.28
103,CHEMBL3701214,Cc1c2COC(=O)c2ccc1[C@@H](O)CNC3CCCN(C3)c4ccc(cn4)[N+]#[C-],7.28
104,CHEMBL3663634,COc1cc(F)c(CCN2CCN(CCc3ccc4C(=O)OCc4c3)CC2)cc1C#N,7.3
105,CHEMBL3612806,COc1cc(ncc1C#N)C(O)CN2CCN(CCc3ccc4C(=O)OCc4c3C)CC2,7.31
106,CHEMBL3809734,CC1=C(COC1=O)N2CCC3(CCN(C[C@H](O)c4ccc5Cn6nnnc6c5c4)C[C@H]3F)C2=O,7.37
107,CHEMBL3612926,CCOc1cc(ncc1C#N)C(O)CN2CCN(C[C@H](O)c3ccc4C(=O)OCc4c3C)CC2,7.4
108,CHEMBL3810184,CC1=C(COC1=O)N2CCC3(CCN(C[C@H](O)c4ccc5Cn6nnnc6c5c4)C[C@@H]3F)C2=O,7.46
109,CHEMBL3612796,COc1cc(CCN2CCN(CCc3ccc4C(=O)OCc4c3C)CC2)ccc1C#N,7.46
110,CHEMBL3612810,COc1cc(ncc1C#N)[C@@H](O)CN2CCN(C[C@H](O)c3ccc4C(=O)OCc4c3C)CC2,7.5
111,CHEMBL3809005,C[C@@H]1CC2(CCN(C[C@H](O)c3ccc4Cn5nnnc5c4c3)CC2)C(=O)N1C6=CC(=O)OC6,7.5
112,CHEMBL3809742,CC1=C(COC1=O)N2CCC3(CCN(C[C@H](O)c4cc5c(Cn6nnnc56)cc4Cl)CC3)C2=O,7.51
113,CHEMBL3794155,O=C(Cc1ccc(nc1)n2cnnn2)N3CCN(CCc4ccc5C(=O)OCc5c4)CC3,7.54
114,CHEMBL3792978,Cc1c2COC(=O)c2ccc1C(F)CN3CCN(CC3)C(=O)Cc4ccc(nc4)n5cnnn5,7.59
115,CHEMBL3612928,[2H]C([2H])([2H])Oc1cc(ncc1C#N)C(O)CN2CCN(C[C@H](O)c3ccc4C(=O)OCc4c3C)CC2,7.64
116,CHEMBL3810197,C[C@H]1CC2(CCN(C[C@H](O)c3ccc4Cn5nnnc5c4c3)CC2)C(=O)N1C6=CC(=O)OC6,7.7
117,CHEMBL3692706,Cc1c(CCN2CCN(CC2)C(=O)Cc3ccc(nc3)n4cnnn4)ccc5C(=O)OCc15,7.7
118,CHEMBL3622109,Cc1cc(cnc1N2CCC3(CCN(C[C@H](O)c4ccc5C(=O)OCc5c4C)CC3)C2)C#N,7.7
119,CHEMBL3810281,CC1=C(COC1=O)N2CCC3(CCN(C[C@@H](O)c4ccc5Cn6nnnc6c5c4)CC3)C2=O,7.72
120,CHEMBL3808714,CC1=C(COC1=O)N2CCC3(CCN(C[C@H](O)c4cc5c(Cn6nnnc56)cc4C)CC3)C2=O,7.77
121,CHEMBL3663633,Cc1c(CCN2CCN(CCc3ccc(C#N)c(F)c3Cl)CC2)ccc4C(=O)OCc14,7.77
122,CHEMBL3622108,Cc1cc(ncc1C#N)N2CCC3(CCN(C[C@H](O)c4ccc5C(=O)OCc5c4C)CC3)C2,7.77
123,CHEMBL3622110,Cc1c2COC(=O)c2ccc1[C@@H](O)CN3CCC4(CC3)CCN(C4)c5ccc(cc5)C#N,7.82
124,CHEMBL3808836,C[C@H]1CC2(CCN(C[C@@H](O)c3ccc4Cn5nnnc5c4c3)CC2)C(=O)N1C6=CC(=O)OC6,7.85
125,CHEMBL3622111,Cc1c2COC(=O)c2ccc1[C@@H](N)CN3CCC4(CC3)CN(C(=O)C4)c5ccc(cn5)C#N,7.85
126,CHEMBL3622113,Cc1c2COC(=O)c2ccc1[C@@H](O)CN3CCC4(CC3)CCN(CC4)c5ncc(cn5)C#N,7.85
127,CHEMBL3622107,Cc1nc(ccc1C#N)N2CCC3(CCN(C[C@H](O)c4ccc5C(=O)OCc5c4C)CC3)C2,7.85
128,CHEMBL3622115,Cc1c2COC(=O)c2ccc1[C@@H](O)CN3CCC4(CC3)CCN(CC4)c5ccc(nn5)C#N,7.89
129,CHEMBL3663635,CC(CN1CCN(CCc2ccc3C(=O)OCc3c2C)CC1)c4ccc5C(=O)OCc5c4C,7.92
130,CHEMBL3622106,Cc1c(CCN2CCC3(CC2)CN(C(=O)C3)c4ccc(cn4)C#N)ccc5C(=O)OCc15,7.92
131,CHEMBL3808611,CC1=C(COC1=O)N2CCC3(CCN(C[C@H](O)c4ccc5Cn6nnnc6c5c4)CC3)C2=O,7.96
132,CHEMBL3622104,Cc1c2COC(=O)c2ccc1[C@@H](O)CN3CCC4(CC3)CN(C(=O)C4)c5ccc(cn5)C#N,7.98
133,CHEMBL3622105,Cc1c2COC(=O)c2ccc1[C@@H](O)CN3CCC4(CC3)CCN(C4)c5ccc(cn5)C#N,8.0
134,CHEMBL3622112,Cc1cc(cnc1C#N)N2CCC3(CCN(C[C@H](O)c4ccc5C(=O)OCc5c4C)CC3)C2,8.0
135,CHEMBL3808614,CC1=C(COC1=O)N2CCC3(CCN(C[C@@H](O)c4cc5c(Cn6nnnc56)cc4Cl)CC3)C2=O,8.05
136,CHEMBL3622114,Cc1c2COC(=O)c2ccc1[C@@H](O)CN3CCC4(CC3)CCN(CC4)c5cnc(cn5)C#N,8.05
137,CHEMBL3808666,C[C@@H]1CC2(CCN(C[C@@H](O)c3ccc4Cn5nnnc5c4c3)CC2)C(=O)N1C6=CC(=O)OC6,8.16
