,molecule_chembl_id,canonical_smiles,pchembl_value
0,minoxidil,NC1=CC(=NC(N)=[N+]1[O-])N1CCCCC1,
1,pinacidil,CC(NC(NC1=CC=NC=C1)=NC#N)C(C)(C)C,6.49
2,tolazamide,CC1=CC=C(C=C1)S(=O)(=O)NC(=O)NN1CCCCCC1,
3,gliclazide,CC1=CC=C(C=C1)S(=O)(=O)NC(=O)NN1CC2CCCC2C1,6.22184896
4,glibenclamide,COC1=C(C=C(Cl)C=C1)C(=O)NCCC1=CC=C(C=C1)S(=O)(=O)NC(=O)NC1CCCCC1,9.52287865
5,glipizide,CC1=CN=C(C=N1)C(=O)NCCC1=CC=C(C=C1)S(=O)(=O)NC(=O)NC1CCCCC1,9.09691048
6,gliquidone,COC1=CC=C2C(=C1)C(=O)N(CCC1=CC=C(C=C1)S(=O)(=O)NC(=O)NC1CCCCC1)C(=O)C2(C)C,9.0
7,glisoxepide,CC1=CC(=NO1)C(=O)NCCC1=CC=C(C=C1)S(=O)(=O)NC(=O)NN1CCCCCC1,7.9586072
8,glibornuride,CC1=CC=C(C=C1)S(=O)(=O)NC(=O)N[C@@H]1[C@H](O)[C@]2(C)CC[C@H]1C2(C)C,7.04575729
9,chlorpropamide,CCCNC(=O)NS(=O)(=O)C1=CC=C(Cl)C=C1,5.04575729
10,tolbutamide,CCCCNC(=O)NS(=O)(=O)C1=CC=C(C)C=C1,5.04575729
11,carbutamide,CCCCNC(=O)NS(=O)(=O)C1=CC=C(N)C=C1,4.60205984
12,glimepiride,CCC1=C(C)CN(C(=O)NCCC2=CC=C(C=C2)S(=O)(=O)NC(=O)N[C@H]2CC[C@H](C)CC2)C1=O,9.23999977
13,nateglinide,CC(C)[C@H]1CC[C@@H](CC1)C(=O)N[C@H](CC1=CC=CC=C1)C(O)=O,6.46000004
14,repaglinide,CCOC1=C(C=CC(CC(=O)N[C@@H](CC(C)C)C2=C(C=CC=C2)N2CCCCC2)=C1)C(O)=O,9.14000034
15,mitiglinide,[H][C@@]12CN(C[C@]1([H])CCCC2)C(=O)C[C@H](CC1=CC=CC=C1)C(O)=O,7.0
16,acetohexamide,CC(=O)C1=CC=C(C=C1)S(=O)(=O)NC(=O)NC1CCCCC1,4.63940668
17,diazoxide,CC1=NC2=CC=C(Cl)C=C2S(=O)(=O)N1,4.63000011
18,CHEMBL240177,COc1ncccc1N\C(=N/C#N)\NC(NC(=O)c2ccc(Cl)cc2)C(C)(Cl)Cl,5.01
19,CHEMBL393130,Cc1nc(ccc1N\C(=N/C#N)\NC(NC(=O)c2ccc(Cl)cc2)C(C)(Cl)Cl)C(F)(F)F,5.02
20,CHEMBL393952,CC(Cl)(Cl)C(N\C(=N\C#N)\Nc1ccc(F)nc1)NC(=O)c2ccc(OC(F)(F)F)cc2,5.05
21,CHEMBL240559,COc1cc(OC)cc(c1)C(=O)NC(N\C(=N\C#N)\Nc2ccc(Cl)nc2)C(C)(Cl)Cl,5.05
22,CHEMBL240989,CC(Cl)(Cl)C(N\C(=N\C#N)\Nc1ccc(nc1)C(F)(F)F)NC(=O)c2ccc(I)cc2,5.11
23,CHEMBL392290,CC(Cl)(Cl)C(N\C(=N\C#N)\Nc1ccc(nc1)C(F)(F)F)NC(=O)c2cccc(Cl)c2,5.17
24,CHEMBL49070,CC(C)C(=O)Nc1c(ccc2ccccc12)C(O)(C(F)(F)F)C(F)(F)F,5.18
25,CHEMBL240558,COc1cnccc1C(=O)NC(N\C(=N\C#N)\Nc2ccc(Cl)nc2)C(C)(Cl)Cl,5.18
26,CHEMBL540965,CC(Cl)(Cl)C(N\C(=N\C#N)\Nc1cccnc1Cl)NC(=O)c2ccc(Cl)cc2,5.22
27,CHEMBL46435,Cc1ccccc1C(=O)Nc2c(ccc3ccccc23)C(O)(C(F)(F)F)C(F)(F)F,5.26
28,CHEMBL240347,CC(Cl)(Cl)C(N\C(=N\C#N)\Nc1ccc(Cl)nc1)NC(=O)c2ccc(OC(F)(F)F)cc2,5.27
29,CHEMBL395453,CC(Cl)(Cl)C(N\C(=N\C#N)\Nc1ccc(Cl)nc1)NC(=O)c2cccc(F)c2,5.27
30,CHEMBL50501,CC(=O)Nc1c(cc(Br)c2ccccc12)C(O)(C(F)(F)F)C(F)(F)F,5.28
31,CHEMBL240346,CC(Cl)(Cl)C(N\C(=N\C#N)\Nc1ccc(Cl)nc1)NC(=O)c2ccc(cc2)C(F)(F)F,5.3
32,CHEMBL48890,OC(c1ccc2ccccc2c1NC(=O)NCCCCCCCl)(C(F)(F)F)C(F)(F)F,5.32
33,CHEMBL436805,CC(Cl)(Cl)C(N\C(=N\C#N)\Nc1ccc(F)nc1)NC(=O)c2cccs2,5.34
34,CHEMBL299166,CCC(CC)C(=O)Nc1c(ccc2ccccc12)C(O)(C(F)(F)F)C(F)(F)F,5.36
35,CHEMBL238854,CC(Cl)(Cl)C(N\C(=N\C#N)\Nc1ccc(F)nc1)NC(=O)c2cc(F)cc(F)c2,5.37
36,CHEMBL238639,Cc1ccc(cc1)C(=O)NC(N\C(=N\C#N)\Nc2ccc(F)nc2)C(C)(Cl)Cl,5.37
37,CHEMBL238640,Cc1cccc(c1)C(=O)NC(N\C(=N\C#N)\Nc2ccc(F)nc2)C(C)(Cl)Cl,5.37
38,CHEMBL240988,Cc1ccc(cc1)C(=O)NC(N\C(=N\C#N)\Nc2ccc(nc2)C(F)(F)F)C(C)(Cl)Cl,5.42
39,CHEMBL240768,CC(Cl)(Cl)C(N\C(=N\C#N)\Nc1ccc(nc1)C(F)(F)F)NC(=O)c2cc(Cl)cc(Cl)c2,5.43
40,CHEMBL240345,CC(Cl)(Cl)C(N\C(=N\C#N)\Nc1ccc(Cl)nc1)NC(=O)c2cccs2,5.56
41,CHEMBL241411,CC(Cl)(Cl)C(N\C(=N\C#N)\Nc1cncc(Br)c1)NC(=O)c2cc(Cl)cc(Cl)c2,5.58
42,CHEMBL240767,Cc1cccc(c1)C(=O)NC(N\C(=N\C#N)\Nc2ccc(nc2)C(F)(F)F)C(C)(Cl)Cl,5.59
43,CHEMBL238638,CC(Cl)(Cl)C(N\C(=N\C#N)\Nc1ccc(F)nc1)NC(=O)c2cccc(Cl)c2,5.64
44,CHEMBL393731,CC(Cl)(Cl)C(N\C(=N\C#N)\Nc1ccc(nc1)C(F)(F)F)NC(=O)c2cccc(F)c2,5.64
45,CHEMBL49321,CC(=O)Nc1c(ccc2cc(O)ccc12)C(O)(C(F)(F)F)C(F)(F)F,5.65
46,CHEMBL395175,Cc1ccc(N\C(=N/C#N)\NC(NC(=O)c2ccc(Cl)cc2)C(C)(Cl)Cl)cn1,5.65
47,CHEMBL2110262,CC(Cl)(Cl)[C@@H](N\C(=N\C#N)\Nc1ccc(Cl)nc1)NC(=O)c2ccc(Cl)cc2,5.67
48,CHEMBL240766,CC(Cl)(Cl)C(N\C(=N\C#N)\Nc1ccc(nc1)C(F)(F)F)NC(=O)c2ccc(F)cc2,5.68
49,CHEMBL240131,CC(Cl)(Cl)C(N\C(=N\C#N)\Nc1ccc(Cl)nc1)NC(=O)c2ccccc2,5.69
50,CHEMBL238422,CC(Cl)(Cl)C(N\C(=N\C#N)\Nc1ccc(F)nc1)NC(=O)c2cc(Cl)cc(Cl)c2,5.69
51,CHEMBL49551,OC(c1ccc2ccccc2c1NC(=O)c3ccccc3Cl)(C(F)(F)F)C(F)(F)F,5.69
52,CHEMBL240560,CC(Cl)(Cl)C(N\C(=N\C#N)\Nc1ccc(nc1)C(F)(F)F)NC(=O)c2cccs2,5.76
53,CHEMBL48755,OC(c1ccc2ccccc2c1NC(=O)CCc3ccccc3)(C(F)(F)F)C(F)(F)F,5.76
54,CHEMBL395452,Cc1cccc(c1)C(=O)NC(N\C(=N\C#N)\Nc2ccc(Cl)nc2)C(C)(Cl)Cl,5.77
55,CHEMBL240135,CC(Cl)(Cl)C(N\C(=N\C#N)\Nc1ccc(Cl)nc1)NC(=O)c2cccc(Cl)c2,5.78
56,CHEMBL241410,Cc1cccc(c1)C(=O)NC(N\C(=N\C#N)\Nc2cncc(Br)c2)C(C)(Cl)Cl,5.78
57,CHEMBL239090,CC(Cl)(Cl)C(N\C(=N\C#N)\Nc1ccc(nc1)C(F)(F)F)NC(=O)c2ccc(Cl)cc2,5.79
58,CHEMBL238884,CC(Cl)(Cl)C(N\C(=N\C#N)\Nc1ccc(F)nc1)NC(=O)c2ccc(Cl)cc2,5.82
59,CHEMBL393425,Cc1ccc(cc1)C(=O)NC(N\C(=N\C#N)\Nc2cncc(Br)c2)C(C)(Cl)Cl,5.88
60,CHEMBL397830,CC(Cl)(Cl)C(N\C(=N\C#N)\Nc1ccc(Cl)nc1)NC(=O)c2ccc(F)cc2,5.89
61,CHEMBL241409,CC(Cl)(Cl)C(N\C(=N\C#N)\Nc1cncc(Br)c1)NC(=O)c2cccs2,5.89
62,CHEMBL393730,CC(Cl)(Cl)C(N\C(=N\C#N)\Nc1ccc(nc1)C(F)(F)F)NC(=O)c2cc(F)cc(F)c2,5.93
63,CHEMBL45645,CC(C)OC(=O)Nc1c(ccc2ccccc12)C(O)(C(F)(F)F)C(F)(F)F,5.94
64,CHEMBL410755,CC(Cl)(Cl)C(N\C(=N\C#N)\Nc1ccc(Cl)nc1)NC(=O)c2cc(F)cc(F)c2,5.96
65,CHEMBL241200,CC(Cl)(Cl)C(N\C(=N\C#N)\Nc1cncc(Br)c1)NC(=O)c2cc(F)cc(F)c2,5.96
66,CHEMBL274449,CC(Cl)(Cl)[C@H](N\C(=N\C#N)\Nc1ccc(Cl)nc1)NC(=O)c2ccc(Cl)cc2,5.97
67,CHEMBL393424,CC(Cl)(Cl)C(N\C(=N\C#N)\Nc1cncc(Br)c1)NC(=O)c2ccc(F)cc2,6.02
68,CHEMBL239128,Cc1ccc(cc1)C(=O)NC(N\C(=N\C#N)\Nc2ccc(Cl)nc2)C(C)(Cl)Cl,6.04
69,CHEMBL239121,CC(Cl)(Cl)C(N\C(=N\C#N)\Nc1ccc(Cl)nc1)NC(=O)c2ccc(I)cc2,6.05
70,CHEMBL239119,CC(Cl)(Cl)C(N\C(=N\C#N)\Nc1ccc(Cl)nc1)NC(=O)c2cc(Cl)cc(Cl)c2,6.09
71,CHEMBL241199,CC(Cl)(Cl)C(N\C(=N\C#N)\Nc1cncc(Br)c1)NC(=O)c2cccc(Cl)c2,6.11
72,CHEMBL238883,Cc1cncc(N\C(=N/C#N)\NC(NC(=O)c2ccc(Cl)cc2)C(C)(Cl)Cl)c1,6.12
73,CHEMBL296840,OC(c1ccc2ccccc2c1NC(=O)C3CC3)(C(F)(F)F)C(F)(F)F,6.12
74,CHEMBL393831,CC(Cl)(Cl)C(N\C(=N\C#N)\Nc1cncc(Br)c1)NC(=O)c2ccc(Cl)cc2,6.19
75,CHEMBL296931,OC(c1ccc2ccccc2c1NC(=O)c3ccc(Cl)cc3)(C(F)(F)F)C(F)(F)F,6.24
76,CHEMBL391369,CC(Cl)(Cl)C(N\C(=N\C#N)\Nc1ccc(Cl)nc1)NC(=O)c2ccc(Br)cc2,6.27
77,CHEMBL49191,OC(c1ccc2ccccc2c1NC(=O)C3CCCC3)(C(F)(F)F)C(F)(F)F,6.31
78,CHEMBL239514,CC(Cl)(Cl)C(N\C(=N\C#N)\Nc1ccc(Cl)nc1)NC(=O)c2ccc(Cl)cc2,6.34
79,CHEMBL18861,C[C@](O)(C(=O)Nc1ccc(cc1)C(=O)c2ccccc2)C(F)(F)F,6.36
80,CHEMBL48615,COc1ccc(cc1)C(=O)Nc2c(ccc3ccccc23)C(O)(C(F)(F)F)C(F)(F)F,6.38
81,CHEMBL239512,CC(Cl)(Cl)[C@H](N\C(=N\C#N)\Nc1cccnc1)NC(=O)c2ccc(Cl)cc2,6.47
82,CHEMBL301591,OC(c1ccc2ccccc2c1NC(=O)c3cnc4ccccc4n3)(C(F)(F)F)C(F)(F)F,6.5
83,CHEMBL49348,OC(c1ccc2ccccc2c1NC(=O)c3cc(Cl)cc(Cl)c3)(C(F)(F)F)C(F)(F)F,6.51
84,CHEMBL48174,OC(c1ccc2ccccc2c1NC(=O)Nc3ccc(Cl)cc3)(C(F)(F)F)C(F)(F)F,6.56
85,CHEMBL45749,COCC(=O)Nc1c(ccc2ccccc12)C(O)(C(F)(F)F)C(F)(F)F,6.67
86,CHEMBL46244,OC(c1ccc2ccccc2c1NC(=O)c3ccc(Cl)c(Cl)c3)(C(F)(F)F)C(F)(F)F,6.71
87,CHEMBL48765,COc1cccc(c1)C(=O)Nc2c(ccc3ccccc23)C(O)(C(F)(F)F)C(F)(F)F,6.73
88,CHEMBL48801,OC(c1ccc2ccccc2c1NC(=O)c3ccc(cc3)C(F)(F)F)(C(F)(F)F)C(F)(F)F,6.8
89,CHEMBL51460,OC(c1ccc2ccccc2c1NC(=O)c3ccc(I)cc3)(C(F)(F)F)C(F)(F)F,6.81
90,CHEMBL49701,CC(=O)Nc1c(ccc2c(O)cccc12)C(O)(C(F)(F)F)C(F)(F)F,6.86
91,CHEMBL49797,CCCC(=O)Nc1c(ccc2ccccc12)C(O)(C(F)(F)F)C(F)(F)F,6.88
92,CHEMBL295458,OC(c1ccc2ccccc2c1NC(=O)c3cccc(c3)[N+](=O)[O-])(C(F)(F)F)C(F)(F)F,6.93
93,CHEMBL301296,OC(c1ccc2ccccc2c1NC(=O)c3cccc(Cl)c3)(C(F)(F)F)C(F)(F)F,7.01
94,CHEMBL298970,OC(c1ccc2ccccc2c1NC(=O)c3cccc(c3)C(F)(F)F)(C(F)(F)F)C(F)(F)F,7.08
95,CHEMBL45937,OC(c1ccc2ccccc2c1NC(=O)CC3CCCC3)(C(F)(F)F)C(F)(F)F,7.09
96,CHEMBL298383,OC(c1ccc2ccccc2c1NC(=O)c3cccc(Br)c3)(C(F)(F)F)C(F)(F)F,7.1
97,CHEMBL296954,Cc1ccc(cc1)C(=O)Nc2c(ccc3ccccc23)C(O)(C(F)(F)F)C(F)(F)F,7.12
98,CHEMBL49153,C\C=C\C(=O)Nc1c(ccc2ccccc12)C(O)(C(F)(F)F)C(F)(F)F,7.14
99,CHEMBL48291,OC(c1ccc2ccccc2c1NC(=O)c3ccc(F)cc3)(C(F)(F)F)C(F)(F)F,7.16
100,CHEMBL49076,OC(c1ccc2ccccc2c1NC(=O)c3cccnc3)(C(F)(F)F)C(F)(F)F,7.22
101,CHEMBL49116,CC(C)CCC(=O)Nc1c(ccc2ccccc12)C(O)(C(F)(F)F)C(F)(F)F,7.31
102,CHEMBL298866,OC(c1ccc2ccccc2c1NC(=O)c3ccc(Br)cc3)(C(F)(F)F)C(F)(F)F,7.33
103,CHEMBL300969,CC(=CC(=O)Nc1c(ccc2ccccc12)C(O)(C(F)(F)F)C(F)(F)F)C,7.34
104,CHEMBL47170,OC(c1ccc2ccccc2c1NC(=O)C3CCC3)(C(F)(F)F)C(F)(F)F,7.35
105,CHEMBL49787,OC(c1ccc2ccccc2c1NC(=O)c3cccc(F)c3)(C(F)(F)F)C(F)(F)F,7.36
106,CHEMBL51071,OC(c1ccc2ccccc2c1NC(=O)c3ccccc3)(C(F)(F)F)C(F)(F)F,7.36
107,CHEMBL48797,OC(c1ccc2ccccc2c1NC(=O)c3ocnc3)(C(F)(F)F)C(F)(F)F,7.62
108,CHEMBL300958,Cc1cccc(c1)C(=O)Nc2c(ccc3ccccc23)C(O)(C(F)(F)F)C(F)(F)F,7.64
109,CHEMBL299167,CC(=O)Nc1c(ccc2ccccc12)C(O)(C(F)(F)F)C(F)(F)F,7.75
110,CHEMBL50760,CCC(=O)Nc1c(ccc2ccccc12)C(O)(C(F)(F)F)C(F)(F)F,7.82
111,CHEMBL49806,OC(c1ccc2ccccc2c1NC(=O)c3cccc(c3)C#N)(C(F)(F)F)C(F)(F)F,7.92
112,CHEMBL50374,OC(c1ccc2ccccc2c1NC(=O)c3cccs3)(C(F)(F)F)C(F)(F)F,7.92
113,CHEMBL48848,OC(c1ccc2ccccc2c1NC(=O)c3occc3)(C(F)(F)F)C(F)(F)F,8.05
51,CHEMBL238855,CC(Cl)(Cl)C(N\C(=N\C#N)\Nc1ccc(F)nc1)NC(=O)c2ccc(F)cc2,4.93
68,CHEMBL240990,CC(Cl)(Cl)C(N\C(=N\C#N)\Nc1ccc(nc1)C(F)(F)F)NC(=O)c2ccc(cc2)C(F)(F)F,4.57
95,CHEMBL238699,CC(Cl)(Cl)C(N\C(=N\C#N)\Nc1ccccc1F)NC(=O)c2ccc(Cl)cc2,4.92
96,CHEMBL238487,COc1ccc(N\C(=N/C#N)\NC(NC(=O)c2ccc(Cl)cc2)C(C)(Cl)Cl)cn1,4.98
