,molecule_chembl_id,canonical_smiles,pchembl_value
0,CHEMBL3800596,Cc1nc(ncc1c2cc(cc3[nH]ncc23)C(F)(F)F)N4CC[C@H](O)C4,6.92
0,CHEMBL1590356,COc1ccc(CNCc2ccc(OC)cc2)cc1.OC(=O)C(F)(F)F,5.73
1,CHEMBL1595196,COc1ccc(CNCc2ccc(cc2)C(C)(C)C)cc1.OC(=O)C(F)(F)F,5.9
2,CHEMBL1439850,COc1ccc(CNCc2ccc(OC(F)(F)F)cc2)cc1.OC(=O)C(F)(F)F,5.79
3,CHEMBL1551743,COc1ccc(CNCc2ccc(Cl)cc2)cc1.OC(=O)C(F)(F)F,6.15
4,CHEMBL1332900,COc1ccc(CNCc2cc(F)cc(F)c2)cc1.OC(=O)C(F)(F)F,5.14
5,CHEMBL1357365,COc1ccc(CNC2CCCc3ccccc23)cc1.OC(=O)C(F)(F)F,5.45
6,CHEMBL1413386,COc1ccc(CNCc2ccccc2Cl)cc1.OC(=O)C(F)(F)F,4.88
7,CHEMBL1401887,COc1ccc(CNCc2cccc(Cl)c2)cc1.OC(=O)C(F)(F)F,5.95
8,CHEMBL1334998,COc1ccc(CNCc2ccccc2C)cc1.OC(=O)C(F)(F)F,5.04
9,CHEMBL1354536,COc1ccc(CNCc2ccc(Cl)cc2Cl)cc1.OC(=O)C(F)(F)F,5.5
10,CHEMBL1620289,COc1ccc(CNCc2cccc3ccccc23)cc1,5.75
