,molecule_chembl_id,canonical_smiles,pchembl_value
0,desflurane,FC(F)OC(F)C(F)(F)F,
1,isoflurane,FC(F)OC(Cl)C(F)(F)F,
2,enflurane,FC(F)OC(F)(F)C(F)Cl,
3,halothane,FC(F)(F)C(Cl)Br,
4,sevoflurane,FCOC(C(F)(F)F)C(F)(F)F,
5,doxapram,CCN1CC(CCN2CCOCC2)C(C1=O)(C1=CC=CC=C1)C1=CC=CC=C1,
6,CHEMBL3182809,Clc1ccccc1C(=O)Nc2cccc(NC(=O)c3ccccc3)c2,5.15
7,CHEMBL3186207,Cc1ccccc1C(=O)Nc2cccc(NC(=O)c3ccccc3)c2,5.19
8,CHEMBL1716797,O=C(Nc1cccc(NC(=O)c2ccccc2)c1)c3occc3,5.23
9,CHEMBL3183945,O=C(Nc1cccc(NC(=O)c2ccsc2)c1)c3ccccc3,5.25
10,CHEMBL3183773,Cc1cccc(c1)C(=O)Nc2cccc(NC(=O)c3cccc(c3)C(F)(F)F)c2,5.26
11,CHEMBL3184095,O=C(Nc1cccc(NC(=O)c2ccccc2)c1)C3CCCCC3,5.26
12,CHEMBL3183938,COc1cccc(c1)C(=O)Nc2cccc(NC(=O)c3ccccc3)c2,5.37
13,CHEMBL3317850,CC(C)(C)c1ccc(cc1)C(=O)Nc2cccc(NC(=O)c3ccccc3)c2,5.5
14,CHEMBL3317852,CC(C)Oc1ccccc1C(=O)Nc2cccc(NC(=O)c3cccc(C)c3)c2,5.57
15,CHEMBL3182773,Cc1cccc(c1)C(=O)Nc2cccc(NC(=O)c3occc3)c2,5.57
16,CHEMBL3186206,FC(F)(F)c1ccccc1C(=O)Nc2cccc(NC(=O)c3ccccc3)c2,5.6
17,CHEMBL3182370,O=C(Nc1cccc(NC(=O)c2ccccn2)c1)c3ccccc3,5.6
18,CHEMBL3317854,COc1cc(ccn1)C(=O)Nc2cccc(NC(=O)c3cccc(C)c3)c2,5.61
19,CHEMBL3184966,Clc1cccc(c1)C(=O)Nc2cccc(NC(=O)c3ccccc3)c2,5.62
20,CHEMBL3317851,COc1ccc(OC)c(c1)C(=O)Nc2cccc(NC(=O)c3cccc(C)c3)c2,5.64
21,CHEMBL3187806,COc1cccc(c1)C(=O)Nc2cccc(NC(=O)c3cccc(C)c3)c2,5.66
22,CHEMBL1480257,COc1ccccc1C(=O)Nc2cccc(NC(=O)c3ccccc3C)c2,5.66
23,CHEMBL3186030,COc1ccc(cc1)C(=O)Nc2cccc(NC(=O)c3ccccc3)c2,5.68
24,CHEMBL3182359,COc1ccccc1C(=O)Nc2cccc(NC(=O)c3ccccc3OC)c2,5.73
25,CHEMBL3184438,CC(C)c1ccccc1C(=O)Nc2cccc(NC(=O)c3cccc(C)c3)c2,5.77
26,CHEMBL3188343,COc1ccccc1C(=O)Nc2cccc(NC(=O)c3ccccc3)c2,5.82
27,CHEMBL3188857,Cc1cccc(c1)C(=O)Nc2cccc(NC(=O)c3ccccc3C(F)(F)F)c2,5.85
28,CHEMBL3186695,Cc1cccc(c1)C(=O)Nc2cccc(NC(=O)c3ccccc3Cl)c2,5.87
29,CHEMBL1081188,COc1ccccc1C(=O)Nc2cccc(NC(=O)c3cccc(C)c3)c2,6.0
30,CHEMBL3187764,COc1ccccc1C(=O)Nc2cccc(NC(=O)c3ccccc3C(C)C)c2,6.0
31,CHEMBL3182725,Cc1cccc(c1)C(=O)Nc2cccc(NC(=O)c3ccccc3OC(F)(F)F)c2,6.0
32,CHEMBL3182777,O=C(Nc1cccc(NC(=O)c2cccs2)c1)c3ccccc3,6.01
33,CHEMBL3181939,Cc1cccc(c1)C(=O)Nc2cccc(NC(=O)c3ccccc3C)c2,6.02
34,CHEMBL3186000,CC(C)c1ccccc1C(=O)Nc2cccc(NC(=O)c3ccccc3OC(F)(F)F)c2,6.14
35,CHEMBL1310568,Cc1cccc(c1)C(=O)Nc2cccc(NC(=O)c3ccccc3)c2,6.16
36,CHEMBL3182551,Cc1cccc(c1)C(=O)Nc2cccc(NC(=O)c3cccc(F)c3)c2,6.22
37,CHEMBL1086899,Cc1cccc(c1)C(=O)Nc2cccc(NC(=O)c3cccc(Cl)c3)c2,6.32
38,CHEMBL3187482,CCOc1ccccc1C(=O)Nc2cccc(NC(=O)c3cccc(C)c3)c2,6.39
39,CHEMBL3188749,COc1ccccc1C(=O)Nc2cccc(NC(=O)c3ccccc3OC(F)(F)F)c2,6.39
40,CHEMBL3182091,Cc1cccc(c1)C(=O)Nc2cccc(NC(=O)c3cccs3)c2,6.48
41,CHEMBL3182449,CCOc1ccccc1C(=O)Nc2cccc(NC(=O)c3ccccc3C(F)(F)F)c2,6.52
42,CHEMBL3185736,Cc1cccc(c1)C(=O)Nc2cccc(NC(=O)c3cccc(C)c3)c2,6.82
43,CHEMBL3182699,CC(C)Oc1ccccc1C(=O)Nc2cccc(NC(=O)c3ccccc3OC(F)(F)F)c2,6.96
44,CHEMBL3183497,CCOc1ccccc1C(=O)Nc2cccc(NC(=O)c3ccccc3OC)c2,7.18
45,CHEMBL2324344,CCCC(=O)C1CCN(CC1)c2ncnc3CCN(Cc23)C(=O)c4ccc(cc4)c5ccccc5,7.46
