,molecule_chembl_id,canonical_smiles,pchembl_value
0,desflurane,FC(F)OC(F)C(F)(F)F,
1,isoflurane,FC(F)OC(Cl)C(F)(F)F,
2,enflurane,FC(F)OC(F)(F)C(F)Cl,
3,halothane,FC(F)(F)C(Cl)Br,
4,sevoflurane,FCOC(C(F)(F)F)C(F)(F)F,
5,doxapram,CCN1CC(CCN2CCOCC2)C(C1=O)(C1=CC=CC=C1)C1=CC=CC=C1,
6,CHEMBL3700378,CC(C)N1CCc2c(C1)c(nn2[C@H]3[C@H](O)Cc4c(F)cc(F)cc34)c5ccc(F)cc5,5.09
7,CHEMBL3703724,COc1ccc(cc1)c2nn([C@H]3[C@H](O)Cc4c(F)cc(F)cc34)c5CCN(Cc25)C(=O)C,5.16
8,CHEMBL631,CCCNCC(O)COc1ccccc1C(=O)CCc2ccccc2,5.29
9,CHEMBL3703723,CC(=O)N1CCc2c(C1)c(nn2[C@H]3[C@H](O)Cc4c(F)cc(F)cc34)c5ccc(Cl)cc5,5.53
10,CHEMBL3703722,CC(=O)N1CCc2c(C1)c(nn2[C@H]3[C@H](O)Cc4c(F)cc(F)cc34)c5cccc(F)c5,5.65
11,CHEMBL3700368,CC(=O)N1CCc2c(C1)c(nn2[C@H]3[C@H](O)Cc4c(F)cc(F)cc34)c5ccc(F)c(c5)C#N,5.67
12,CHEMBL3187891,Cc1cccc(c1)C(=O)Nc2cccc(NC(=O)c3ccncc3)c2,5.67
13,CHEMBL3700367,COc1cc(ccc1F)c2nn([C@H]3[C@H](O)Cc4c(F)cc(F)cc34)c5CCN(Cc25)C(=O)C,5.72
14,CHEMBL3700366,CC(=O)N1CCc2c(C1)c(nn2[C@H]3[C@H](O)Cc4c(F)cc(F)cc34)c5ccc(C)cc5,5.82
15,CHEMBL3188671,COc1ccc(cc1)C(=O)Nc2cccc(NC(=O)c3cccc(C)c3)c2,5.89
16,CHEMBL1541525,O=C(Nc1cccc(NC(=O)c2cccnc2)c1)c3ccccc3,5.89
17,CHEMBL3700365,CC(=O)N1CCc2c(C1)c(nn2[C@@H]3c4cc(F)cc(F)c4C[C@@]3(C)O)c5cccc(c5)C#N,5.9
18,CHEMBL3700364,CC(=O)N1CCc2c(C1)c(nn2[C@H]3[C@H](O)Cc4c(F)cc(F)cc34)c5cccc(Cl)c5,5.93
19,CHEMBL3700375,CO[C@@H]1Cc2c(F)cc(F)cc2[C@H]1n3nc(c4CN(CCc34)C(=O)C)c5ccc(F)cc5,5.93
20,CHEMBL3700363,CC(=O)N1CCc2c(C1)c(nn2[C@H]3[C@H](O)Cc4cc(Cl)c(Cl)cc34)c5ccc(F)cc5,6.0
21,CHEMBL3700362,CC(=O)N1CCc2c(C1)c(nn2[C@H]3[C@H](O)Cc4c(F)cc(F)cc34)c5cccc(c5)C#N,6.06
22,CHEMBL3700360,CC(=O)N1CCc2c(C1)c(nn2[C@@H]3[C@@H](O)Cc4c(F)cc(F)cc34)c5cccc(OC(F)(F)F)c5,6.1
23,CHEMBL3700361,CC(=O)N1CCc2c(C1)c(nn2[C@H]3[C@H](O)Cc4ccc(Cl)cc34)c5ccc(F)cc5,6.1
24,CHEMBL3188024,O=C(Nc1cccc(NC(=O)c2ccccc2)c1)c3cocc3,6.1
25,CHEMBL3700359,CC(=O)N1CCc2c(C1)c(nn2[C@H]3[C@H](O)Cc4c(F)cc(F)cc34)c5cccc(c5)C(F)(F)F,6.11
26,CHEMBL3700369,CC(=O)N1CCc2c(C1)c(nn2[C@@H]3CCc4ccccc34)c5ccc(F)cc5,6.15
27,CHEMBL3700358,CC(=O)N1CCc2c(C1)c(nn2[C@H]3[C@H](O)Cc4ccc(Cl)cc34)c5cccc(c5)C#N,6.16
28,CHEMBL3703721,CC(=O)N1CCc2c(C1)c(nn2[C@@H]3[C@@H](O)Cc4c(F)cc(F)cc34)c5cccc(c5)C#N,6.17
29,CHEMBL3703720,CC(=O)N1CCc2c(C1)c(nn2[C@H]3[C@H](O)Cc4c(F)cc(Cl)cc34)c5ccc(F)cc5,6.25
30,CHEMBL3703719,CC(=O)N1CCc2c(C1)c(nn2[C@H]3[C@H](O)Cc4c(Cl)cc(Cl)cc34)c5cccc(n5)C(F)(F)F,6.29
31,CHEMBL3700380,CC(=O)N1CCc2c(C1)c(nn2[C@H]3[C@H](O)Cc4c(cc(F)cc34)C5CC5)c6cccc(c6)C#N,6.3
32,CHEMBL3182809,Clc1ccccc1C(=O)Nc2cccc(NC(=O)c3ccccc3)c2,6.3
33,CHEMBL3700377,O[C@@H]1Cc2c(F)cc(F)cc2[C@H]1n3nc(c4CN(CC5CC5)CCc34)c6ccc(F)cc6,6.3
34,CHEMBL3703718,CC(=O)N1CCc2c(C1)c(nn2[C@H]3[C@H](O)Cc4c(F)cc(F)cc34)c5ccc(F)cc5,6.31
35,CHEMBL3700370,CC(=O)N1CCc2c(C1)c(nn2[C@H]3CCc4ccccc34)c5ccc(F)cc5,6.32
36,CHEMBL3700374,CO[C@@H]1Cc2c(F)cc(F)cc2[C@H]1n3nc(c4CN(CCc34)C(=O)C)c5cccc(Cl)c5,6.35
37,CHEMBL3700356,CC(=O)N1CCc2c(C1)c(nn2[C@H]3[C@H](O)Cc4c(F)cc(Cl)cc34)c5cccc(c5)C#N,6.36
38,CHEMBL3700357,COc1cccc(c1)c2nn([C@H]3[C@H](O)Cc4c(F)cc(F)cc34)c5CCN(Cc25)C(=O)C,6.36
39,CHEMBL3703716,CC(=O)N1CCc2c(C1)c(nn2[C@H]3[C@H](O)Cc4c(Cl)cc(F)cc34)c5cccc(c5)C#N,6.41
40,CHEMBL3700354,CC(=O)N1CCc2c(C1)c(nn2[C@@H]3[C@@H](O)Cc4c(F)cc(F)cc34)c5cccc(c5)C(F)(F)F,6.43
41,CHEMBL3700355,CC(=O)N1CCc2c(C1)c(nn2[C@H]3c4cc(F)cc(F)c4C[C@]3(C)O)c5ccc(F)c(c5)C(F)(F)F,6.43
42,CHEMBL3183773,Cc1cccc(c1)C(=O)Nc2cccc(NC(=O)c3cccc(c3)C(F)(F)F)c2,6.43
43,CHEMBL3700353,CC(=O)N1CCc2c(C1)c(nn2[C@H]3[C@H](O)Cc4c(Cl)cc(Cl)cc34)c5cccc(c5)C#N,6.46
44,CHEMBL3184438,CC(C)c1ccccc1C(=O)Nc2cccc(NC(=O)c3cccc(C)c3)c2,6.48
45,CHEMBL3183938,COc1cccc(c1)C(=O)Nc2cccc(NC(=O)c3ccccc3)c2,6.48
46,CHEMBL3184075,Fc1ccc(cc1)C(=O)Nc2cccc(NC(=O)c3ccccc3)c2,6.51
47,CHEMBL2324344,CCCC(=O)C1CCN(CC1)c2ncnc3CCN(Cc23)C(=O)c4ccc(cc4)c5ccccc5,6.52
48,CHEMBL3700352,CC(=O)N1CCc2c(C1)c(nn2[C@H]3[C@H](O)Cc4c(F)cc(F)cc34)c5ccc(F)c(c5)C(F)(F)F,6.57
49,CHEMBL3184653,CN(C)c1ccc(cc1)C(=O)Nc2cccc(NC(=O)c3ccccc3)c2,6.59
50,CHEMBL3700376,COC(=O)N1CCc2c(C1)c(nn2[C@H]3[C@H](O)Cc4c(F)cc(F)cc34)c5cccc(c5)C#N,6.59
51,CHEMBL3700373,CC(C)C(=O)N1CCc2c(C1)c(nn2[C@H]3[C@H](O)Cc4c(F)cc(F)cc34)c5cccc(c5)C#N,6.6
52,CHEMBL3188245,O=C(Nc1cccc(NC(=O)c2ccncc2)c1)c3ccccc3,6.6
53,CHEMBL3700351,CC(=O)N1CCc2c(C1)c(nn2[C@H]3[C@H](O)Cc4c(F)cc(F)cc34)c5cccc(n5)C(F)(F)F,6.62
54,CHEMBL3186489,O=C(Nc1cccc(NC(=O)c2ccccc2)c1)c3ccccc3,6.62
55,CHEMBL3700379,CC(=O)N1CCc2c(C1)c(nn2[C@H]3[C@H](O)Cc4c(C)cc(F)cc34)c5cccc(c5)C#N,6.64
56,CHEMBL3700350,CC(=O)N1CCc2c(C1)c(nn2[C@H]3[C@H](O)Cc4c(Br)cc(F)cc34)c5cccc(c5)C#N,6.65
57,CHEMBL3188343,COc1ccccc1C(=O)Nc2cccc(NC(=O)c3ccccc3)c2,6.66
58,CHEMBL3317852,CC(C)Oc1ccccc1C(=O)Nc2cccc(NC(=O)c3cccc(C)c3)c2,6.68
59,CHEMBL3700349,COc1ccc(F)c(c1)c2nn([C@H]3[C@H](O)Cc4c(F)cc(F)cc34)c5CCN(Cc25)C(=O)C,6.69
60,CHEMBL3700348,CC(=O)N1CCc2c(C1)c(nn2[C@@H]3[C@@H](O)Cc4c(F)cc(F)cc34)c5cccc(Cl)c5,6.72
61,CHEMBL3181946,Cc1cccc(c1)C(=O)Nc2cccc(NC(=O)c3ccc(cc3)C(C)(C)C)c2,6.72
62,CHEMBL3703717,CCNC(=O)N1CCc2c(C1)c(nn2[C@H]3[C@H](O)Cc4c(Cl)cc(Cl)cc34)c5cccc(c5)C#N,6.75
63,CHEMBL3317854,COc1cc(ccn1)C(=O)Nc2cccc(NC(=O)c3cccc(C)c3)c2,6.75
64,CHEMBL3700347,CC(=O)N1CCc2c(C1)c(nn2[C@H]3[C@H](O)Cc4c(F)cc(F)cc34)c5cccc(OC(F)(F)F)c5,6.77
65,CHEMBL3186946,FC(F)(F)c1cccc(c1)C(=O)Nc2cccc(NC(=O)c3ccccc3)c2,6.8
66,CHEMBL3183945,O=C(Nc1cccc(NC(=O)c2ccsc2)c1)c3ccccc3,6.8
67,CHEMBL3188463,CN(C)c1ccc(cc1)C(=O)Nc2cccc(NC(=O)c3cccc(C)c3)c2,6.82
68,CHEMBL3317851,COc1ccc(OC)c(c1)C(=O)Nc2cccc(NC(=O)c3cccc(C)c3)c2,6.82
69,CHEMBL3186471,Cc1cccc(c1)C(=O)Nc2cccc(NC(=O)c3ccc(Cl)cc3)c2,6.82
70,CHEMBL3182773,Cc1cccc(c1)C(=O)Nc2cccc(NC(=O)c3occc3)c2,6.85
71,CHEMBL3186206,FC(F)(F)c1ccccc1C(=O)Nc2cccc(NC(=O)c3ccccc3)c2,6.89
72,CHEMBL3186207,Cc1ccccc1C(=O)Nc2cccc(NC(=O)c3ccccc3)c2,7.0
73,CHEMBL3181939,Cc1cccc(c1)C(=O)Nc2cccc(NC(=O)c3ccccc3C)c2,7.04
74,CHEMBL3182370,O=C(Nc1cccc(NC(=O)c2ccccn2)c1)c3ccccc3,7.07
75,CHEMBL3700372,O[C@@H]1Cc2c(F)cc(F)cc2[C@H]1n3nc(c4CN(CCc34)C(=O)C5CC5)c6cccc(c6)C#N,7.08
76,CHEMBL3184095,O=C(Nc1cccc(NC(=O)c2ccccc2)c1)C3CCCCC3,7.1
77,CHEMBL1310568,Cc1cccc(c1)C(=O)Nc2cccc(NC(=O)c3ccccc3)c2,7.13
78,CHEMBL1480257,COc1ccccc1C(=O)Nc2cccc(NC(=O)c3ccccc3C)c2,7.14
79,CHEMBL3700371,CCC(=O)N1CCc2c(C1)c(nn2[C@H]3[C@H](O)Cc4c(F)cc(F)cc34)c5cccc(c5)C#N,7.16
80,CHEMBL3182725,Cc1cccc(c1)C(=O)Nc2cccc(NC(=O)c3ccccc3OC(F)(F)F)c2,7.22
81,CHEMBL3184966,Clc1cccc(c1)C(=O)Nc2cccc(NC(=O)c3ccccc3)c2,7.28
82,CHEMBL1532914,Fc1cccc(c1)C(=O)Nc2cccc(NC(=O)c3ccccc3)c2,7.35
83,CHEMBL1716797,O=C(Nc1cccc(NC(=O)c2ccccc2)c1)c3occc3,7.43
84,CHEMBL3187806,COc1cccc(c1)C(=O)Nc2cccc(NC(=O)c3cccc(C)c3)c2,7.51
85,CHEMBL3182359,COc1ccccc1C(=O)Nc2cccc(NC(=O)c3ccccc3OC)c2,7.52
86,CHEMBL3185736,Cc1cccc(c1)C(=O)Nc2cccc(NC(=O)c3cccc(C)c3)c2,7.52
87,CHEMBL3182777,O=C(Nc1cccc(NC(=O)c2cccs2)c1)c3ccccc3,7.54
88,CHEMBL3182551,Cc1cccc(c1)C(=O)Nc2cccc(NC(=O)c3cccc(F)c3)c2,7.6
89,CHEMBL3186695,Cc1cccc(c1)C(=O)Nc2cccc(NC(=O)c3ccccc3Cl)c2,7.64
90,CHEMBL1081188,COc1ccccc1C(=O)Nc2cccc(NC(=O)c3cccc(C)c3)c2,7.8
91,CHEMBL3188857,Cc1cccc(c1)C(=O)Nc2cccc(NC(=O)c3ccccc3C(F)(F)F)c2,7.85
92,CHEMBL3186000,CC(C)c1ccccc1C(=O)Nc2cccc(NC(=O)c3ccccc3OC(F)(F)F)c2,7.96
93,CHEMBL3187482,CCOc1ccccc1C(=O)Nc2cccc(NC(=O)c3cccc(C)c3)c2,7.96
94,CHEMBL3182449,CCOc1ccccc1C(=O)Nc2cccc(NC(=O)c3ccccc3C(F)(F)F)c2,8.0
95,CHEMBL148342,COc1ccc(CC(=O)NCc2ccccc2c3ccccc3C(=O)NCc4ccc(F)cc4F)cc1,8.16
96,CHEMBL3187764,COc1ccccc1C(=O)Nc2cccc(NC(=O)c3ccccc3C(C)C)c2,8.16
97,CHEMBL3182091,Cc1cccc(c1)C(=O)Nc2cccc(NC(=O)c3cccs3)c2,8.3
98,CHEMBL3188749,COc1ccccc1C(=O)Nc2cccc(NC(=O)c3ccccc3OC(F)(F)F)c2,8.4
99,CHEMBL1086899,Cc1cccc(c1)C(=O)Nc2cccc(NC(=O)c3cccc(Cl)c3)c2,8.52
100,CHEMBL3183497,CCOc1ccccc1C(=O)Nc2cccc(NC(=O)c3ccccc3OC)c2,8.7
101,CHEMBL3182699,CC(C)Oc1ccccc1C(=O)Nc2cccc(NC(=O)c3ccccc3OC(F)(F)F)c2,9.0
