,molecule_chembl_id,canonical_smiles,pchembl_value
0,desflurane,FC(F)OC(F)C(F)(F)F,
1,isoflurane,FC(F)OC(Cl)C(F)(F)F,
2,enflurane,FC(F)OC(F)(F)C(F)Cl,
3,halothane,FC(F)(F)C(Cl)Br,
4,sevoflurane,FCOC(C(F)(F)F)C(F)(F)F,
5,CHEMBL3818503,CC1(C)c2cc(Cl)ccc2N(CCc3nnn[nH]3)c4ccc(Cl)cc14,5.01
6,CHEMBL1494,NCCC(Oc1ccc(cc1)C(F)(F)F)c2ccccc2,5.05
7,propafenone,CCCNCC(O)COc1ccccc1C(=O)CCc2ccccc2,5.12
8,haloperidol,OC1(CCN(CCCC(=O)c2ccc(F)cc2)CC1)c3ccc(Cl)cc3,5.26
9,fluphenazine,OCCN1CCN(CCCN2c3ccccc3Sc4ccc(cc24)C(F)(F)F)CC1,5.33
10,CHEMBL28854,CN1CCN(CC1)c2ncc(c(N)n2)c3cc(Cl)cc(Cl)c3Cl,5.4
11,CHEMBL3818672,CCCCCc1ccc(\C=C\C(=O)Nc2cc(Cl)ccc2C(=O)O)cc1,5.52
12,chlorpromazine,CN(C)CCCN1c2ccccc2Sc3ccc(Cl)cc13,5.57
13,flupentixol,OCCN1CCN(CC\C=C/2\c3ccccc3Sc4ccc(cc24)C(F)(F)F)CC1,5.7
14,pimozide,Fc1ccc(cc1)C(CCCN2CCC(CC2)N3C(=O)Nc4ccccc34)c5ccc(F)cc5,5.75
15,carvedilol,COc1ccccc1OCCNCC(O)COc2cccc3[nH]c4ccccc4c23,5.8
16,amlodipine,[H]C1(C2=C(Cl)C=CC=C2)C(C(=O)OC)=C(C)NC(COCCN)=C1C(=O)OCC,6.4
17,CHEMBL3817944,CC[C@H](C)[C@H](NC(=O)[C@@H]1CCCN1C(=O)CNC(=O)[C@H](CO)NC(=O)[C@H](Cc2c[nH]c3ccccc23)NC(=O)[C@H](CCCNC(=N)N)NC(=O)[C@@H]4CCCN4C(=O)[C@H](CC(C)C)NC(=O)[C@@H]5CCCN5C(=O)[C@H](C)N)C(=O)NCC(=O)N[C@@H](C(C)C)C(=O)N[C@@H](CO)C(=O)N[C@@H](Cc6c[nH]c7ccccc67)C(=O)NCC(=O)N[C@@H](CC(C)C)C(=O)N[C@@H](CCCNC(=N)N)C(=O)O,7.15
