,molecule_chembl_id,canonical_smiles,pchembl_value
0,chlorzoxazone,ClC1=CC2=C(OC(=O)N2)C=C1,4.52287865
1,CHEMBL443975,Cc1ccc(O)c(NC(=O)c2ccccc2)c1,5.03
2,CHEMBL480414,NC(=O)c1nn[nH]c1n2nnc3cc(ccc23)c4ccccc4,5.06
3,CHEMBL64276,N#Cc1c([nH]c2cccnc12)N3CCCC3,5.09
4,CHEMBL481781,Oc1ccc(cc1NC(=O)c2ccccc2O)[N+](=O)[O-],5.09
5,CHEMBL482378,Oc1ccc(Cl)cc1Cn2cc(Cc3ccccc3)nn2,5.11
6,CHEMBL64640,CCN(CC)c1[nH]c2cccnc2c1C#N,5.16
7,CHEMBL482377,Oc1ccccc1C(=O)Nc2ccc(Cl)cc2[N+](=O)[O-],5.16
8,CHEMBL303736,CN(C)CCN(C)c1[nH]c2cccnc2c1C#N,5.17
9,CHEMBL294334,N#Cc1c([nH]c2cccnc12)n3ccnc3,5.23
10,CHEMBL384903,Oc1ccc(cc1N2C(=O)Nc3cc(ccc23)C(F)(F)F)C(F)(F)F,5.23
11,CHEMBL482376,Oc1ccccc1C(=O)Nc2ccc(cc2[N+](=O)[O-])c3ccccc3,5.23
12,CHEMBL297914,Oc1ccc(NC(=O)c2cc(Cl)ccc2O)c(c1)[N+](=O)[O-],5.28
13,CHEMBL303056,CN(C)c1[nH]c2cccnc2c1C#N,5.29
14,CHEMBL59388,O[C@H]1CCCN(C1)c2[nH]c3cccnc3c2C#N,5.3
15,CHEMBL303805,N#Cc1c([nH]c2cccnc12)N3CC4CCC(CC4)C3,5.35
16,CHEMBL480795,Cc1ccc(NC(=O)c2cc(Cl)ccc2O)c(c1)[N+](=O)[O-],5.39
17,CHEMBL60343,N#Cc1c([nH]c2cccnc12)N3CCOCC3,5.41
18,CHEMBL519785,Oc1ccccc1C(=O)Nc2ccc(cc2[N+](=O)[O-])C(F)(F)F,5.46
19,CHEMBL61989,N#Cc1c([nH]c2cccnc12)N3CCCCCC3,5.48
20,CHEMBL481578,Oc1ccccc1C(=O)n2nnc3cc(ccc23)c4ccccc4,5.48
21,CHEMBL481577,CCOc1ccccc1C(=O)Nc2cc(Cl)ccc2O,5.51
22,CHEMBL481576,Oc1ccccc1C(=O)Nc2ccccc2[N+](=O)[O-],5.51
23,CHEMBL526140,Oc1ccccc1C(=O)n2nnc3cc(F)ccc23,5.52
24,CHEMBL465456,Oc1ccc(cc1n2nncc2c3ccccc3)[N+](=O)[O-],5.58
25,CHEMBL499800,Cc1ccc(NC(=O)c2ccccc2O)c(c1)[N+](=O)[O-],5.6
26,CHEMBL465455,Oc1ccccc1C(=O)n2nnc3cc(Cl)ccc23,5.61
27,CHEMBL512408,Oc1ccccc1C(=O)n2nnc3cc(ccc23)C(F)(F)F,5.67
28,CHEMBL465454,Oc1ccccc1C(=O)n2nnc3ccccc23,5.81
29,CHEMBL465109,Oc1ccccc1C(=O)Nc2ccc(cc2O)[N+](=O)[O-],5.84
30,CHEMBL464249,COc1cc(ccc1NC(=O)c2cc(Cl)ccc2O)[N+](=O)[O-],6.16
31,CHEMBL465950,Oc1ccc(Cl)cc1n2cc(nn2)C(=O)c3ccccc3,6.19
32,CHEMBL453712,COc1ccc(cc1NC(=O)c2ccccc2O)[N+](=O)[O-],6.35
33,CHEMBL455306,Oc1ccc(Cl)cc1NC(=O)c2cc(Cl)ccc2O,6.43
34,CHEMBL266510,COc1ccc(Cl)cc1[C@]2(F)C(=O)Nc3cc(ccc23)C(F)(F)F,6.45
35,CHEMBL517012,CCOC(=O)c1nnn(c2ccc(Cl)cc2[N+](=O)[O-])c1c3ccc(cc3)[N+](=O)[O-],6.55
36,CHEMBL464057,Cc1cccc(c1NC(=O)c2ccccc2O)[N+](=O)[O-],6.6
37,CHEMBL506373,COc1cc(ccc1NC(=O)c2ccccc2O)[N+](=O)[O-],6.72
38,CHEMBL511200,Oc1ccc(Cl)cc1n2cc(Cc3ccccc3)nn2,6.75
39,CHEMBL504160,Cc1ccc2c(c1)nnn2C(=O)c3ccccc3O,6.84
40,CHEMBL524902,Oc1ccc(Cl)cc1NC(=O)c2ccccc2O,6.87
41,CHEMBL448335,COc1ccc(Cl)cc1C(=O)Nc2cc(C)ccc2O,7.56
42,CHEMBL465922,Oc1ccccc1Cn2cc(Cc3ccccc3)nn2,7.56
43,CHEMBL445346,COc1ccc(Cl)cc1C(=O)Nc2cc(Cl)ccc2O,8.49
215,CHEMBL480413,Oc1ccc(Cl)cc1NC(=O)c2cccnc2,4.99
216,CHEMBL480300,Oc1ccccc1C(=O)Nc2ccc(F)cc2[N+](=O)[O-],4.96
217,CHEMBL501138,CCOc1ccccc1C(=O)Nc2cc(C)ccc2O,4.95
218,CHEMBL480415,Cc1ccc(O)c(NC(=O)c2ccc(F)cc2)c1,4.95
219,CHEMBL447035,Oc1ccc(Cl)cc1NC(=O)c2cccs2,4.93
220,CHEMBL465926,Oc1ccc(Cl)cc1C(=O)Nc2ccncc2,4.93
221,CHEMBL463870,Oc1ccc(Cl)cc1NC(=O)c2cccc(Cl)c2,4.93
222,CHEMBL504665,COc1ccc(Cl)cc1C(=O)Nc2ccncc2,4.91
223,CHEMBL464033,COc1ccccc1C(=O)Nc2cc(C)ccc2O,4.9
224,CHEMBL464051,Oc1ccc(Cl)cc1NC(=O)c2ccc[nH]2,4.87
225,CHEMBL506149,Oc1ccc(Cl)cc1NC(=O)c2ccccc2,4.87
226,CHEMBL464052,Cc1ccc2c(c1)nnn2c3[nH]nnc3C(=O)N,4.86
227,CHEMBL463882,Oc1ccc(Cl)cc1NC(=O)c2occc2,4.82
228,CHEMBL465376,Oc1ccc(Cl)cc1C(=O)Nc2cccnc2,4.82
229,CHEMBL468265,Oc1ccc(Cl)cc1C(=O)Nc2nccs2,4.8
230,CHEMBL501328,Oc1ccc(Cl)cc1NC(=O)c2ccc(F)cc2,4.76
231,CHEMBL467019,Oc1ccccc1n2nnc3ccccc23,4.75
232,CHEMBL467227,Cc1ccc(Nc2[nH]nnc2C(=O)N)c(c1)[N+](=O)[O-],4.73
233,CHEMBL442581,COc1ccccc1C(=O)Nc2cc(Cl)ccc2O,4.73
234,CHEMBL443771,Oc1ccccc1Cn2nnc3ccccc23,4.71
235,CHEMBL467228,NC(=O)c1nn[nH]c1Nc2ccc(Cl)cc2[N+](=O)[O-],4.61
236,CHEMBL454015,Oc1ccc(Cl)cc1NC(=O)c2ccncc2,4.57
237,CHEMBL466611,COc1ccc(Nc2[nH]nnc2C(=O)N)c(c1)[N+](=O)[O-],4.55
238,CHEMBL466612,Cc1ccccc1C(=O)Nc2cc(Cl)ccc2O,4.52
239,CHEMBL466613,Oc1ccc(Cl)cc1NC(=O)c2ccccc2F,4.52
240,CHEMBL466201,COc1ccc(Cl)cc1C(=O)Nc2nccs2,4.51
241,CHEMBL463866,Oc1ccc(Cl)cc1C(=O)Nc2ccccn2,4.51
242,CHEMBL466000,NC(=O)c1nn[nH]c1n2nnc3cc(ccc23)C(F)(F)F,4.43
243,CHEMBL466204,NC(=O)c1nn[nH]c1n2nnc3cc(Cl)ccc23,4.26
244,CHEMBL468707,NC(=O)c1nn[nH]c1N2C(=O)Nc3cc(ccc23)c4ccccc4,4.26
245,CHEMBL446913,NC(=O)c1nn[nH]c1NC(=O)Nc2cccc(c2)C(F)(F)F,4.1
246,CHEMBL449320,NC(=O)c1nn[nH]c1n2nnc3cc(F)ccc23,4.03
247,CHEMBL468913,Cc1ccc2N(C(=O)Nc2c1)c3[nH]nnc3C(=O)N,4.03
