,molecule_chembl_id,canonical_smiles,pchembl_value
0,dequalinium,CC1=[N+](CCCCCCCCCC[N+]2=C(C)C=C(N)C3=CC=CC=C23)C2=CC=CC=C2C(N)=C1,6.4000001
1,CHEMBL257156,Cl.Cl.COc1cc2CCN(C)[C@@H](CCC[C@@H]3N(C)CCc4cc(OC)c(OC)cc34)c2cc1OC,5.42
2,CHEMBL452406,Clc1cc(NCc2ccccc2)n3nccc3n1,5.92
3,CHEMBL472452,Clc1cc(NCc2cccs2)n3nccc3n1,6.52
4,CHEMBL511710,Clc1cc2CCCC(Nc3nc4ccccc4[nH]3)c2cc1Cl,7.27
5,CHEMBL489770,N(c1ccccn1)c2nc(cs2)c3ccccn3,7.37
6,CHEMBL476339,Cc1ccnc(Nc2nc(cs2)c3ccccn3)c1,8.4
7,CHEMBL45193,[Br-].[Br-].C1Nc2cc[n+](Cc3cccc(C[n+]4ccc(NCc5ccc1cc5)c6ccccc46)c3)c7ccccc27,8.52
8,CHEMBL612120,[O-]C(=O)C(F)(F)F.[O-]C(=O)C(F)(F)F.C1CCNc2cc[n+](CCCCC[n+]3ccc(NCC1)c4ccccc34)c5ccccc25,9.0
