,molecule_chembl_id,canonical_smiles,pchembl_value
0,nitrendipine,CCOC(=O)C1=C(C)NC(C)=C(C1C1=CC(=CC=C1)[N+]([O-])=O)C(=O)OC,6.05000019
1,riluzole,NC1=NC2=C(S1)C=C(OC(F)(F)F)C=C2,5.67000008
2,clotrimazole,Clc1ccccc1C(c2ccccc2)(c3ccccc3)n4ccnc4,7.15
3,(S)-nitrendipine,CCOC(=O)C1=C(C)NC(C)=C([C@@H]1C1=CC(=CC=C1)[N+]([O-])=O)C(=O)OC,7.59999991
4,CHEMBL444449,O=C1Oc2cc3occc3c(OCCCCOc4ccccc4)c2C=C1,5.0
5,CHEMBL2313226,O=P(N(Cc1ccccn1)c2cccnc2)(c3ccccc3)c4ccccc4,5.0
6,CHEMBL2312923,Fc1ccc(c(NP(=O)(c2ccccc2)c3ccccc3)c1)n4cccn4,5.11
7,CHEMBL2312930,O=P(NCc1cccnc1c2cccc(c2)C#N)(c3ccccc3)c4ccccc4,5.11
8,CHEMBL2312929,Clc1cccc(c1)c2ncccc2CNP(=O)(c3ccccc3)c4ccccc4,5.31
9,CHEMBL271167,C1CN=C(O1)C(c2ccccc2)(c3ccccc3)c4ccccc4,5.37
10,CHEMBL259899,CN(C)C(c1ccccc1)(c2ccccc2)c3ccccc3,5.5
11,CHEMBL2312920,CCCN(c1cccc(c1)C#N)P(=O)(c2ccccc2)c3ccccc3,5.57
12,CHEMBL497249,O=C1CN(c2ccccc2c3ccccc13)S(=O)(=O)c4cccs4,5.62
13,CHEMBL498086,Cc1ccc(cc1)S(=O)(=O)N2CC(=O)c3ccccc3c4ccccc24,5.68
14,CHEMBL2312927,O=P(C(N1CCCCC1)c2cccnc2)(c3ccccc3)c4ccccc4,5.75
15,CHEMBL260107,CCNC(c1ccccc1)(c2ccccc2)c3ccccc3,5.76
16,CHEMBL522750,Clc1ccc(cc1)S(=O)(=O)N2CC(=O)c3ccccc3c4ccccc24,5.85
17,CHEMBL497250,Clc1cccc(c1)C(=O)N2CC(=O)c3ccccc3c4ccccc24,5.89
18,CHEMBL2312925,O=P(C(c1cccnc1)c2cccnc2)(c3ccccc3)c4ccccc4,6.0
19,CHEMBL270288,CNC(c1ccccc1)(c2ccccc2)c3ccccc3,6.26
20,CHEMBL2312926,O=P(C(c1ccccc1)c2cccnc2)(c3ccccc3)c4ccccc4,6.3
21,CHEMBL270495,COC(=O)C(c1ccccc1)(c2ccccc2)c3ccccc3,6.48
22,CHEMBL3287206,CC(C)c1nc2N(Cc3ccc(F)c(OC(F)(F)F)c3)C(=O)CS(=O)(=O)c2s1,7.02
23,CHEMBL272255,NC(c1ccccc1)(c2ccccc2)c3ccccc3,7.16
24,CHEMBL3287211,OCc1ccc2SCC(=O)N(Cc3ccc(Cl)c(c3)C(F)(F)F)c2n1,7.18
25,CHEMBL3287212,CC(N1C(=O)CSc2ncsc12)c3ccc(F)c(OC(F)(F)F)c3,7.22
26,CHEMBL3287209,FC(F)(F)Oc1cccc(CN2C(=O)CSc3cccnc23)c1,7.28
27,CHEMBL3287205,Fc1ccc(CN2C(=O)CS(=O)(=O)c3cccnc23)cc1OC(F)(F)F,7.31
28,CHEMBL3287208,Fc1ccc(CN2C(=O)CS(=O)(=O)c3sccc23)cc1OC(F)(F)F,7.32
29,CHEMBL3287210,CC(N1C(=O)CSc2cccnc12)c3cccc(c3)C(F)(F)F,7.39
30,CHEMBL258604,NC(=O)C(c1ccccc1)(c2ccccc2)c3ccc(F)cc3,7.4
31,CHEMBL3287207,CC(N1C(=O)CS(=O)(=O)c2ccsc12)c3ccc(F)c(OC(F)(F)F)c3,7.41
32,CHEMBL270913,NC(=O)C(c1ccccc1)(c2ccccc2)c3ccc(F)cc3F,7.47
33,CHEMBL261828,NC(=O)C(c1ccccc1)(c2cccc(F)c2)c3cccc(F)c3,7.52
34,CHEMBL261606,NC(=O)C(c1ccccc1)(c2ccccc2F)c3ccccc3F,7.52
35,CHEMBL498270,Clc1ccccc1C(c2ccccc2)(c3ccccc3)n4cccn4,7.7
36,CHEMBL406683,NC(c1ccccc1)(c2ccccc2)c3ccccc3Cl,7.7
37,CHEMBL260953,NC(=O)C(c1ccc(F)cc1)(c2ccc(F)cc2)c3cccc(F)c3,7.77
38,CHEMBL408700,NC(=O)C(c1ccc(F)cc1)(c2cccc(F)c2)c3cccc(F)c3,7.82
39,CHEMBL273092,NC(=O)C(c1ccc(F)cc1)(c2ccccc2F)c3ccccc3F,7.82
40,CHEMBL270071,NC(=O)C(c1ccccc1)(c2ccccc2)c3ccccc3F,7.82
41,CHEMBL270704,NC(=O)C(c1ccc(F)cc1)(c2ccc(F)cc2)c3ccc(F)cc3,7.85
42,CHEMBL272040,NC(=O)C(c1ccccc1)(c2ccccc2)c3ccc(F)c(F)c3,7.85
43,CHEMBL260736,NC(=O)C(c1cccc(F)c1)(c2cccc(F)c2)c3cccc(F)c3,7.89
44,CHEMBL405821,NC(=O)C(c1ccccc1)(c2ccc(F)cc2)c3ccc(F)cc3,7.92
45,CHEMBL272039,NC(=O)C(c1ccc(F)cc1)(c2ccc(F)cc2)c3ccccc3F,8.0
46,CHEMBL42205,NC(=O)C(c1ccccc1)(c2ccc(F)cc2)c3ccccc3F,8.05
0,CHEMBL104,Clc1ccccc1C(c2ccccc2)(c3ccccc3)n4ccnc4,6.44
30,CHEMBL522408,Cc1ccc(cc1)C(=O)N2CC(=O)c3ccccc3c4ccccc24,4.8
40,CHEMBL2312932,O=P(NCc1cccnc1c2cccnc2)(c3ccccc3)c4ccccc4,4.48
41,CHEMBL2312931,Clc1cc(Cl)cc(c1)c2ncccc2CNP(=O)(c3ccccc3)c4ccccc4,4.89
44,CHEMBL2312928,CCCNC(c1cccnc1)P(=O)(c2ccccc2)c3ccccc3,4.85
54,CHEMBL2312918,CCCN(c1ccon1)P(=O)(c2ccccc2)c3ccccc3,4.75
57,CHEMBL2313228,O=P(N(CCCC#N)c1cccnc1)(c2ccccc2)c3ccccc3,4.51
62,CHEMBL2312933,CCCN(c1cccnc1)P(=O)(c2ccccc2)c3ccccc3,4.85
