,molecule_chembl_id,canonical_smiles,pchembl_value
0,riluzole,NC1=NC2=C(S1)C=C(OC(F)(F)F)C=C2,7.400000099999999
1,tubocurarine,[H][C@]12CC3=CC=C(OC4=C5C(CC[N+](C)(C)[C@]5([H])CC5=CC=C(O)C(OC6=CC1=C(CCN2C)C=C6OC)=C5)=CC(OC)=C4O)C=C3,5.7
2,CHEMBL257156,Cl.Cl.COc1cc2CCN(C)[C@@H](CCC[C@@H]3N(C)CCc4cc(OC)c(OC)cc34)c2cc1OC,5.59
3,CHEMBL452406,Clc1cc(NCc2ccccc2)n3nccc3n1,5.96
4,CHEMBL1909930,[I-].[I-].CC(C)c1cccc2cc[n+](C)c(CCCCCc3c4c(cccc4cc[n+]3C)C(C)C)c12,6.06
5,CHEMBL1909928,[I-].[I-].CC(C)c1cccc2cc[n+](C)c(CCCc3c4c(cccc4cc[n+]3C)C(C)C)c12,6.23
6,CHEMBL489770,N(c1ccccn1)c2nc(cs2)c3ccccn3,6.27
7,CHEMBL472452,Clc1cc(NCc2cccs2)n3nccc3n1,6.28
8,CHEMBL1909932,[I-].[I-].CC(C)c1cccc2cc[n+](C)c(Cc3ccc(Cc4c5c(cccc5cc[n+]4C)C(C)C)cc3)c12,6.4
9,CHEMBL1909929,[I-].[I-].CC(C)c1cccc2cc[n+](C)c(CCCCc3c4c(cccc4cc[n+]3C)C(C)C)c12,6.71
10,CHEMBL1909931,[I-].[I-].CC(C)c1cccc2cc[n+](C)c(Cc3cccc(Cc4c5c(cccc5cc[n+]4C)C(C)C)c3)c12,7.05
11,CHEMBL476339,Cc1ccnc(Nc2nc(cs2)c3ccccn3)c1,7.23
12,CHEMBL511710,Clc1cc2CCCC(Nc3nc4ccccc4[nH]3)c2cc1Cl,7.33
