,molecule_chembl_id,canonical_smiles,pchembl_value
0,dequalinium,CC1=[N+](CCCCCCCCCC[N+]2=C(C)C=C(N)C3=CC=CC=C23)C2=CC=CC=C2C(N)=C1,5.89
1,CHEMBL509297,FC(F)(F)Oc1ccccc1CNc2cc(Cl)nc3ccnn23,5.0
2,CHEMBL471826,[O-][N+](=O)c1cccc(CNc2cc(Cl)nc3ccnn23)c1,5.1
3,CHEMBL513544,Clc1cc(NC(Cc2ccccc2)c3ccccc3)n4nccc4n1,5.13
4,CHEMBL469756,Clc1cccc(CNc2cc(Cl)nc3ccnn23)c1,5.28
5,CHEMBL257156,Cl.Cl.COc1cc2CCN(C)[C@@H](CCC[C@@H]3N(C)CCc4cc(OC)c(OC)cc34)c2cc1OC,5.52
6,CHEMBL1909931,[I-].[I-].CC(C)c1cccc2cc[n+](C)c(Cc3cccc(Cc4c5c(cccc5cc[n+]4C)C(C)C)c3)c12,5.53
7,CHEMBL510780,C1C[C@@H](Nc2nc3ccccc3[nH]2)c4ccccc4C1,5.66
8,CHEMBL121663,[Cl-].[Cl-].Cc1cc(N)c2ccccc2[n+]1CCCCCCCCCC[n+]3c(C)cc(N)c4ccccc34,5.7
9,CHEMBL511710,Clc1cc2CCCC(Nc3nc4ccccc4[nH]3)c2cc1Cl,5.74
10,CHEMBL452406,Clc1cc(NCc2ccccc2)n3nccc3n1,5.8
11,CHEMBL1909932,[I-].[I-].CC(C)c1cccc2cc[n+](C)c(Cc3ccc(Cc4c5c(cccc5cc[n+]4C)C(C)C)cc3)c12,5.9
12,CHEMBL469732,C[C@@H](Nc1cc(Cl)nc2ccnn12)c3ccccc3,6.0
13,CHEMBL1909928,[I-].[I-].CC(C)c1cccc2cc[n+](C)c(CCCc3c4c(cccc4cc[n+]3C)C(C)C)c12,6.08
14,CHEMBL472452,Clc1cc(NCc2cccs2)n3nccc3n1,6.24
15,CHEMBL1909930,[I-].[I-].CC(C)c1cccc2cc[n+](C)c(CCCCCc3c4c(cccc4cc[n+]3C)C(C)C)c12,6.24
16,CHEMBL489770,N(c1ccccn1)c2nc(cs2)c3ccccn3,6.27
17,CHEMBL1909929,[I-].[I-].CC(C)c1cccc2cc[n+](C)c(CCCCc3c4c(cccc4cc[n+]3C)C(C)C)c12,6.67
18,CHEMBL360621,C1CC[n+]2ccc(NCc3ccc(CNc4cc[n+](CC1)c5ccccc45)cc3)c6ccccc26,7.22
19,CHEMBL476339,Cc1ccnc(Nc2nc(cs2)c3ccccn3)c1,7.23
20,CHEMBL3040285,C1CC[n+]2ccc(NCc3cccc(CNc4cc[n+](CC1)c5ccccc45)c3)c6ccccc26,7.51
21,CHEMBL2324346,Cc1ccn(n1)c2nc(Nc3ccc(F)cc3)c4ncn(C)c4n2,7.7
