,molecule_chembl_id,canonical_smiles,pchembl_value
0,guanidine,NC(N)=N,
1,fampridine,NC1=CC=NC=C1,
2,amifampridine,NC1=CC=NC=C1N,
3,CHEMBL2070982,COc1ccc(cc1)c2csc(NC(=O)[C@H]3CCCCN3C(=O)c4ccccc4)n2,5.09
4,CHEMBL2070977,COc1ccc(cc1)c2csc(NC(=O)[C@H]3CCCCN3S(=O)(=O)c4nccc5ccccc45)n2,5.1
5,CHEMBL2070981,COc1ccc(cc1)c2csc(NC(=O)[C@H]3CCCCN3C(=O)c4cccc(F)c4)n2,5.21
6,CHEMBL2070957,COc1ccc(cc1)c2csc(NC(=O)[C@H]3CCCCN3S(=O)(=O)c4ccccc4C(F)(F)F)n2,5.32
7,CHEMBL2070987,COc1ccc(cc1)c2csc(NC(=O)C3COCCN3S(=O)(=O)c4ccc(C)cc4)n2,5.36
8,CHEMBL2070985,COc1ccc(cc1)c2csc(NC(=O)C3CCCN3S(=O)(=O)c4ccc(C)cc4)n2,5.54
9,CHEMBL2070955,COc1ccc(cc1)c2csc(NC(=O)[C@H]3CCCCN3S(=O)(=O)c4ccc(cc4)C(C)C)n2,5.59
10,CHEMBL2070960,COc1ccc(cc1)c2csc(NC(=O)[C@H]3CCCCN3S(=O)(=O)c4ccccc4OC)n2,5.75
11,CHEMBL1352968,COc1ccc(cc1)c2csc(NC(=O)C3CCCCN3S(=O)(=O)c4ccccc4)n2,5.77
12,CHEMBL2070959,COc1ccc(cc1)c2csc(NC(=O)[C@H]3CCCCN3S(=O)(=O)c4ccc(cc4)C(F)(F)F)n2,5.77
13,CHEMBL2070965,COc1ccc(cc1)c2csc(NC(=O)[C@H]3CCCCN3S(=O)(=O)c4ccc(cc4)C#N)n2,5.79
14,CHEMBL2070830,COc1ccc(cc1)c2csc(NC(=O)[C@H]3CCCCN3S(=O)(=O)c4ccccc4)n2,5.83
15,CHEMBL2070969,COc1ccc(cc1)c2csc(NC(=O)[C@H]3CCCCN3S(=O)(=O)c4cccc(Cl)c4)n2,5.85
16,CHEMBL2070832,COc1ccc(cc1)c2csc(NC(=O)[C@H]3CCCCN3S(=O)(=O)c4ccccc4C)n2,5.86
17,CHEMBL2070978,COc1ccc(cc1)c2csc(NC(=O)[C@H]3CCCCN3S(=O)(=O)c4cccnc4)n2,5.87
18,CHEMBL2071004,Cc1ccc(cc1)S(=O)(=O)N2CCCC[C@@H]2C(=O)Nc3nc(cs3)c4ccc5occc5c4,5.88
19,CHEMBL2070966,COc1ccc(cc1)c2csc(NC(=O)[C@H]3CCCCN3S(=O)(=O)c4cccc(F)c4)n2,5.94
20,CHEMBL74355,COc1cccc([C@H](O)C2CCN(CCc3ccc(F)cc3)CC2)c1OC,5.98
21,CHEMBL2070967,COc1ccc(cc1)c2csc(NC(=O)[C@H]3CCCCN3S(=O)(=O)c4ccc(F)cc4)n2,5.99
22,CHEMBL2070958,COc1ccc(cc1)c2csc(NC(=O)[C@H]3CCCCN3S(=O)(=O)c4cccc(c4)C(F)(F)F)n2,6.0
23,CHEMBL2070952,COc1ccc(cc1)c2csc(NC(=O)[C@H]3CCCCN3S(=O)(=O)c4cccc(C)c4)n2,6.05
24,CHEMBL2070964,COc1ccc(cc1)c2csc(NC(=O)[C@H]3CCCCN3S(=O)(=O)c4cccc(c4)C#N)n2,6.06
25,CHEMBL2070961,COc1ccc(cc1)c2csc(NC(=O)[C@H]3CCCCN3S(=O)(=O)c4cccc(OC)c4)n2,6.09
26,CHEMBL2070962,COc1ccc(cc1)c2csc(NC(=O)[C@H]3CCCCN3S(=O)(=O)c4ccc5OCOc5c4)n2,6.11
27,CHEMBL2070968,COc1ccc(cc1)c2csc(NC(=O)[C@H]3CCCCN3S(=O)(=O)c4ccccc4Cl)n2,6.14
28,CHEMBL2070954,CCCc1ccc(cc1)S(=O)(=O)N2CCCC[C@@H]2C(=O)Nc3nc(cs3)c4ccc(OC)cc4,6.16
29,CHEMBL2070988,COc1ccc(cc1)c2csc(NC(=O)C3CSCCN3S(=O)(=O)c4ccc(C)cc4)n2,6.22
30,CHEMBL2070970,COc1ccc(cc1)c2csc(NC(=O)[C@H]3CCCCN3S(=O)(=O)c4ccc(Cl)cc4)n2,6.38
31,CHEMBL2070953,COc1ccc(cc1)c2csc(NC(=O)[C@H]3CCCCN3S(=O)(=O)c4ccc(C)cc4)n2,6.59
