,molecule_chembl_id,canonical_smiles,pchembl_value
0,guanidine,NC(N)=N,
1,retigabine,CCOC(=O)NC1=C(N)C=C(NCC2=CC=C(F)C=C2)C=C1,5.59999991
2,fampridine,NC1=CC=NC=C1,
3,amifampridine,NC1=CC=NC=C1N,
4,CHEMBL317935,C[C@H](NC(=O)\C=C\c1ccccc1)c2cccc(c2)N3CCOCC3,5.52
5,CHEMBL266510,COc1ccc(Cl)cc1[C@]2(F)C(=O)Nc3cc(ccc23)C(F)(F)F,5.62
6,CHEMBL2164389,FC(F)(F)Oc1ccc(CNC(=O)C2N(CCc3ccccn3)C(=O)c4ccccc24)cc1,5.8
7,CHEMBL100379,C[C@H](NC(=O)\C=C\c1ccc(F)cc1)c2ccc(F)c(c2)N3CCOCC3,5.81
2,CHEMBL174891,CCN1CCOc2ccc(cc12)[C@H](C)NC(=O)\C=C\c3ccccc3F,6.7
4,CHEMBL41355,CCOC(=O)Nc1ccc(NCc2ccc(F)cc2)cc1N,5.89
6,CHEMBL176931,C[C@H](NC(=O)\C=C\c1ccccc1F)c2ccc3OCCN(CC4CC4)c3c2,7.22
8,CHEMBL407861,C[C@H](NC(=O)\C=C\c1ccccc1F)c2ccc3OCCN(C)c3c2,6.03
10,CHEMBL368956,C[C@H](NC(=O)\C=C\c1ccccc1F)c2ccc3OCCNc3c2,5.7
62,CHEMBL180886,C[C@H](NC(=O)\C=C\c1ccccc1Cl)c2ccc3OCOc3c2,7.7
64,CHEMBL361184,C[C@H](NC(=O)\C=C\c1ccccc1F)c2cccc(c2)c3ccc(F)nc3,8.0
66,CHEMBL183138,C[C@H](NC(=O)\C=C\c1ccccc1F)c2cccc(c2)c3ccccn3,5.92
68,CHEMBL183908,C[C@H](NC(=O)\C=C\c1ccccc1F)c2cccc(c2)c3cnccn3,6.43
70,CHEMBL182734,C[C@H](NC(=O)\C=C\c1ccccc1F)c2cccc(c2)n3cncn3,6.48
72,CHEMBL179854,C[C@H](NC(=O)\C=C\c1ccccc1F)c2cccc(c2)n3cccn3,6.92
74,CHEMBL183545,C[C@H](NC(=O)\C=C\c1ccccc1)c2cccc(c2)n3cccn3,5.92
