,molecule_chembl_id,canonical_smiles,pchembl_value
0,CHEMBL3403753,COc1cc(OC)c(cn1)c2cnc3[nH]c(cc3c2)c4c(F)cccc4Cl,6.36
1,CHEMBL3699934,O=C(Cn1cnc2ccccc12)Nc3ccc(cc3)n4nc(cc4C5CC5)C6CC6,6.42
2,CHEMBL3699937,Fc1cc(NC(=O)Cc2ccc3ncccc3c2)ccc1n4nc(cc4C5CC5)C6CC6,6.58
3,CHEMBL3699933,O=C(Nc1ccc(cc1)n2nc(cc2C3CC3)C4CC4)c5ccc6nn[nH]c6c5,6.74
4,CHEMBL3699942,Fc1cc(NC(=O)Cn2nnc3ccccc23)ccc1n4nc(cc4C5CC5)C(F)(F)F,6.8
5,CHEMBL3699936,O=C(Cc1ccc2ncccc2c1)Nc3ccc(cc3)n4nc(cc4C5CC5)C6CC6,6.83
6,CHEMBL3699941,FC(F)(F)c1cc(C2CC2)n(n1)c3ccc(NC(=O)Cn4nc5ccccc5n4)cc3,6.86
7,CHEMBL3403751,COc1cc(C)c(cn1)c2cnc3[nH]c(cc3c2)c4c(F)cccc4Cl,6.98
8,CHEMBL3699938,FC(F)(F)c1cc(C2CC2)n(n1)c3ccc(NC(=O)c4ccc5ncccc5c4)cc3,7.07
9,CHEMBL3699939,FC(F)(F)c1cc(C2CC2)n(n1)c3ccc(NC(=O)c4ccc5nccnc5c4)cc3,7.27
10,CHEMBL3699935,O=C(Cn1nnc2ccccc12)Nc3ccc(cc3)n4nc(cc4C5CC5)C6CC6,7.29
11,CHEMBL3699940,FC(F)(F)c1cc(C2CC2)n(n1)c3ccc(NC(=O)Cn4nnc5ccccc45)cc3,7.41
