,molecule_chembl_id,canonical_smiles,pchembl_value
0,paroxetine,Fc1ccc(cc1)[C@@H]2CCNC[C@H]2COc3ccc4OCOc4c3,5.33
1,adenosine triphosphate,NC1=NC=NC2=C1N=CN2[C@@H]1O[C@H](COP(O)(=O)OP(O)(=O)OP(O)(O)=O)[C@@H](O)[C@H]1O,6.30000019
2,CHEMBL3103375,CCCN(CCC)C(=O)N1c2ccccc2C=Cc3ccccc13,5.11
3,CHEMBL3103401,O=C(OCc1ccccc1)N2c3ccccc3C=Cc4ccccc24,5.22
4,CHEMBL3103385,CC(C)N(C(C)C)C(=O)N1c2ccccc2C=Cc3ccccc13,5.46
5,CHEMBL2180137,O=C(OCc1ccccc1)N2c3ccccc3Oc4ccccc24,6.72
6,CHEMBL1163419,Nc1ncnc2c1ncn2[C@@H]3O[C@H](COP(=O)(O)OP(=O)(O)OP(=O)(O)O)[C@H]4OC5(O[C@@H]34)C(=CC(=[N+]([O-])[O-])C=C5[N+](=O)[O-])[N+](=O)[O-],7.31
