,molecule_chembl_id,canonical_smiles,pchembl_value
0,pyridoxal phosphate,CC1=NC=C(COP(O)(O)=O)C(C=O)=C1O,5.0
1,adenosine triphosphate,NC1=NC=NC2=C1N=CN2[C@@H]1O[C@H](COP(O)(=O)OP(O)(=O)OP(O)(O)=O)[C@@H](O)[C@H]1O,7.25
2,CHEMBL82202,Cc1ncc(COP(=O)(O)O)c(C=O)c1O,5.0
3,CHEMBL3103385,CC(C)N(C(C)C)C(=O)N1c2ccccc2C=Cc3ccccc13,5.27
4,CHEMBL3103375,CCCN(CCC)C(=O)N1c2ccccc2C=Cc3ccccc13,5.34
5,CHEMBL3104636,CC(C)(C)CN1CCC2(CC1)CN(c3ccccc3NC(=O)Nc4ccc(OC(F)(F)F)cc4)c5ccccc25,5.8
6,CHEMBL129841,CNc1ncnc2c1ncn2[C@H]3C[C@H](OP(=O)(O)O)[C@@H](COP(=O)(O)O)O3,5.94
7,CHEMBL3263056,CC(C)(C)CN1CCC2(CC1)CN(c3ccccc3NC(=O)Nc4nc5ccc(Cl)nc5s4)c6c(O)ccc(Cl)c26,6.75
