,molecule_chembl_id,canonical_smiles,pchembl_value
0,CHEMBL3103371,O=C(N1CCCCC1)N2c3ccccc3C=Cc4ccccc24,5.1
1,CHEMBL3103385,CC(C)N(C(C)C)C(=O)N1c2ccccc2C=Cc3ccccc13,5.14
2,CHEMBL3643337,FC(F)(F)c1ccc(cn1)[C@H](Nc2ncnc3CCN(Cc23)c4ccc(Cl)cn4)C5CC5,5.45
3,CHEMBL3091621,Cc1nc(c2cccc(Oc3ccccc3)c2)c(C(=O)O)c(C(=O)O)c1O,5.48
4,CHEMBL3091623,Cc1nc(Cc2ccccc2Oc3ccccc3)c(C(=O)O)c(C(=O)O)c1O,5.53
5,CHEMBL3091617,Cc1nc(Cc2cccc3ccccc23)c(C(=O)O)c(C(=O)O)c1O,5.9
6,CHEMBL3091622,Cc1nc(Cc2ccc(Oc3ccccc3)cc2)c(C(=O)O)c(C(=O)O)c1O,5.98
7,CHEMBL3674861,CC(C)CC(=O)C1C(N(C(=O)C1=O)c2ccc(cc2)c3onc(C)c3)c4ccccc4OCCO,6.0
8,CHEMBL3669832,COc1ccccc1C2C(C(=O)C(C)(C)C)C(=O)C(=O)N2c3ccc(cc3)c4cscc4C,6.0
9,CHEMBL133930,[Na+].[Na+].[O-]S(=O)(=O)c1cc(ccc1\C=C\c2ccc(cc2S(=O)(=O)[O-])N=C=S)N=C=S,6.0
10,CHEMBL3679736,CCOC(=O)C(C)(C)C(=O)C1C(N(C(=O)C1=O)c2ccc(cc2)c3csc(C)c3)c4ccccc4OC,6.01
11,CHEMBL3684627,COc1ccc(cc1)c2n[nH]c3C(=O)N(CCc4occc4)C(c5ccccc5OC)c23,6.01
12,CHEMBL3684566,COc1ccccc1C2N(C(=O)c3n[nH]c(c23)C(C)(C)C)c4ccc(cc4)c5onc(NC(=O)C)c5,6.01
13,CHEMBL3674902,COCc1ccccc1C2C(C(=O)CC(C)C)C(=O)C(=O)N2c3ccc(cc3)c4coc(C)n4,6.02
14,CHEMBL3669720,COc1ccccc1C2C(C(=O)C(C)(C)C)C(=O)C(=O)N2c3ccc(cc3)C(C)C,6.02
15,CHEMBL3669786,COCCOc1ncccc1C2C(C(=O)C(C)(C)C)C(=O)C(=O)N2c3ccc(cc3)c4ccon4,6.03
16,CHEMBL3669721,COc1ccc2sc(nc2c1)N3C(C(C(=O)C(C)(C)C)C(=O)C3=O)c4ccccc4OC,6.03
17,CHEMBL3684602,COc1ncccc1C2N(C(=O)c3n[nH]c(c23)C(C)(C)C)c4ccc(cc4)c5onc(C)n5,6.03
18,CHEMBL3091627,Cc1nc(NC(=O)c2cccc(Oc3ccccc3)c2)c(C(=O)O)c(C(=O)O)c1O,6.03
19,CHEMBL3091606,Cc1nc(\C=C\c2ccccc2)c(C(=O)O)c(C(=O)O)c1O,6.04
20,CHEMBL3674855,COc1ccccc1C2C(C(=O)CC(C)C)C(=O)C(=O)N2c3ccc(cc3)c4onc(C)c4,6.05
21,CHEMBL3684597,COc1ccccc1C2N(Cc3n[nH]c(C(C)C)c23)C(=O)Nc4ccc(cc4)c5ccsc5,6.05
22,CHEMBL3684645,COc1ccccc1C2N(C(=O)c3n[nH]c(c23)C(C)(C)C)c4ccc(Br)cn4,6.06
23,CHEMBL3679897,CC(C)c1[nH]nc2C(=O)N(C(c3cccnc3OCCO)c12)c4ccc(cc4)c5noc(C)n5,6.07
24,CHEMBL3684636,COc1ccccc1C2N(C(=O)c3n[nH]c(C(C)C)c23)c4ccc(c(NC(=O)C)c4)c5ccsc5,6.07
25,CHEMBL3091634,Cc1nc(Cc2cccc3ccccc23)c4C(=O)OC(O)c4c1O,6.07
26,CHEMBL3684542,CC(C)(C)c1[nH]nc2C(=O)N(C(c3ccccc3CO)c12)c4ccc(cc4)c5ccon5,6.08
27,CHEMBL3679850,CC(C)C(=O)C1C(N(C(=O)C1=O)c2ccc(cc2)c3noc(C)n3)c4ccccc4CCC(=O)N,6.08
28,CHEMBL3091618,Cc1nc(CC(c2ccccc2)c3ccccc3)c(C(=O)O)c(C(=O)O)c1O,6.08
29,CHEMBL3679851,CNC(=O)CCc1ccccc1C2C(C(=O)C(C)C)C(=O)C(=O)N2c3ccc(cc3)c4noc(C)n4,6.09
30,CHEMBL3674767,COc1ccccc1C2C(C(=O)C(C)C)C(=O)C(=O)N2c3ccc(c(CO)c3)c4ccsc4,6.09
31,CHEMBL3684612,COc1ccccc1C2N(C(=O)c3n[nH]c(c23)C(C)(C)C)c4ccc(cc4)c5cccn5C,6.09
32,CHEMBL3684615,COc1ncccc1C2N(C(=O)c3n[nH]c(c23)C(C)(C)C)c4ccc(Br)cc4,6.09
33,CHEMBL3091605,Cc1nc(CCc2ccccc2)c(C(=O)O)c(C(=O)O)c1O,6.1
34,CHEMBL3669782,CC(C)(C)C(=O)C1C(N(C(=O)C1=O)c2ccc(cc2)c3ccon3)c4ccccc4OCC(=O)O,6.11
35,CHEMBL3679853,CC(C)C(=O)C1C(N(C(=O)C1=O)c2ccc(cc2)c3csc(C)c3)c4ccccc4N5CCCC5=O,6.11
36,CHEMBL3684603,COc1ccccc1C2N(C(=O)c3n[nH]c(c23)C(C)(C)C)c4ccc(C)cc4,6.11
37,CHEMBL3679942,COc1ccc(cc1)N2C(c3ccccc3OC)c4c(n[nH]c4C(C)(C)C)C2=O,6.12
38,CHEMBL3669726,COc1ccccc1C2C(C(=O)C(C)(C)C)C(=O)C(=O)N2c3ccc(cc3)C(F)(F)F,6.12
39,CHEMBL3669751,COc1ccccc1C2C(C(=O)C(C)(C)C)C(=O)C(=O)N2c3ccc(nc3)c4cocc4,6.12
40,CHEMBL3679916,COc1ccccc1C2N(C(=O)c3n[nH]c(c23)C(C)(C)C)c4ccc(CN(C)C)cc4,6.13
41,CHEMBL3669792,CNC(=O)COc1ccccc1C2C(C(=O)C(C)(C)C)C(=O)C(=O)N2c3ccc(cc3)c4ccon4,6.14
42,CHEMBL3674849,COc1ccc(CC(=O)C2C(C3CCCCC3)N(C(=O)C2=O)c4ccc(cc4)c5noc(C)n5)cc1,6.14
43,CHEMBL3091625,Cc1nc(NC(=O)c2ccccc2)c(C(=O)O)c(C(=O)O)c1O,6.14
44,CHEMBL3679852,CC(C)NC(=O)CCc1ccccc1C2C(C(=O)C(C)C)C(=O)C(=O)N2c3ccc(cc3)c4noc(C)n4,6.15
45,CHEMBL3674764,COc1ccccc1C2C(C(=O)C(C)C)C(=O)C(=O)N2c3ccc(c(N)c3)c4ccsc4,6.15
46,CHEMBL3679788,CC(C)C(=O)C1C(N(C(=O)C1=O)c2ccc(cc2)c3noc(C)n3)c4cccnc4N5CCOCC5,6.16
47,CHEMBL3674960,COCc1ccccc1C2C(C(=O)C(C)C)C(=O)C(=O)N2c3ccc(cc3)c4cc(C)on4,6.16
48,CHEMBL3674930,COCc1ccccc1C2C(C(=O)C(C)C)C(=O)C(=O)N2c3ccc(cc3)c4csc(C)n4,6.16
49,CHEMBL3669719,COc1ccc(cc1)C(=O)C2C(N(C(=O)C2=O)c3ccc(cc3)c4cccnc4)c5ccccc5OC,6.16
50,CHEMBL3669716,COc1ccccc1C2C(C(=O)C3(CO)CCCCC3)C(=O)C(=O)N2c4ccc(cc4)c5ccon5,6.16
51,CHEMBL3669747,Cc1onc(n1)c2ccc(cc2)N3C(C(C(=O)C(C)(C)C)C(=O)C3=O)c4ccccc4OCCO,6.16
52,CHEMBL3669852,CCOC(=O)C1C(C(=O)C(C)C)C(=O)C(=O)N1c2ccc(cc2)c3ccsc3,6.17
53,CHEMBL3674901,COCCOc1ccccc1C2C(C(=O)CC(C)C)C(=O)C(=O)N2c3ccc(cc3)c4coc(C)n4,6.17
54,CHEMBL3674862,COCCOc1ccccc1C2C(C(=O)CC(C)C)C(=O)C(=O)N2c3ccc(cc3)c4onc(C)c4,6.17
55,CHEMBL3684675,CC(C)C(=O)C1=C(O)C(=O)N(C1c2ccccc2N3CCCC3=O)c4ccc(cc4)c5noc(C)n5,6.18
56,CHEMBL3669819,CC(C)C(=O)C1C(N(C(=O)C1=O)c2ccc(cc2)c3ccon3)c4cccnc4OCCO,6.18
57,CHEMBL3674807,COCCOc1cccc(c1)C2C(C(=O)C(C)C)C(=O)C(=O)N2c3ccc(cc3)c4ccsc4,6.18
58,CHEMBL3684674,COCCOc1ncccc1C2N(C(=O)c3n[nH]c(C(C)C)c23)c4ccc(cc4)c5onc(C)n5,6.18
59,CHEMBL3669745,CC(C)(C)C(=O)C1C(N(C(=O)C1=O)c2ccc(cc2)c3nccs3)c4ccccc4OCCO,6.19
60,CHEMBL3684573,CNC(=O)C(C)(C)c1n[nH]c2C(=O)N(C(c3ccccc3OC)c12)c4ccc(cc4)c5ccon5,6.19
61,CHEMBL3669727,COCc1ccccc1C2C(C(=O)C(C)(C)C)C(=O)C(=O)N2c3ccc(cc3)c4onc(C)c4,6.19
62,CHEMBL3674806,COc1ccc(cc1)C2C(C(=O)C(C)C)C(=O)C(=O)N2c3ccc(cc3)c4ccsc4,6.19
63,CHEMBL3684569,COc1ccccc1C2N(C(=O)c3n[nH]c(c23)C(C)(C)C)c4ccc(cc4)C(C)(C)O,6.19
64,CHEMBL3091635,Cc1nc(Cc2cccc(Oc3ccccc3)c2)c4C(=O)OC(O)c4c1O,6.19
65,CHEMBL3679735,Cc1onc(n1)c2ccc(cc2)\N=C/3\CC(C4CCCCC4)N(C3=O)c5ccc(cc5)c6noc(C)n6,6.19
66,CHEMBL3674802,COCc1ccccc1C2C(C(=O)C(C)C)C(=O)C(=O)N2c3ccc(I)cc3,6.2
67,CHEMBL3669842,COc1ccccc1[C@H]2C(C(=O)C(C)C)C(=O)C(=O)N2c3ccc(cc3)c4ccsc4,6.2
68,CHEMBL3091633,Cc1nc(Cc2cccc(Oc3ccccc3)c2)c(CCC(=O)O)c(C(=O)O)c1O,6.2
69,CHEMBL3091629,Cc1nc(Cc2cccc3ccccc23)c(CCC(=O)O)c(C=O)c1O,6.2
70,CHEMBL3669760,CC(C)(C)C(=O)C1C(N(C(=O)C1=O)c2ccc(cc2)c3ccon3)c4ccccc4S(=O)(=O)C,6.21
71,CHEMBL3669784,CN(C)CCOc1ccccc1C2C(C(=O)C(C)(C)C)C(=O)C(=O)N2c3ccc(cc3)c4ccon4,6.21
72,CHEMBL3669831,COc1ccccc1C2C(C(=O)C(C)(C)C)C(=O)C(=O)N2c3ccc(cc3)c4ccsc4Cl,6.21
73,CHEMBL3643313,CCc1ccc(cc1)C(C)Nc2ncnc3CCN(Cc23)c4ccc(C)cn4,6.22
74,CHEMBL3669813,CSc1ccc(cc1)N2C(C(C(=O)C(C)(C)C)C(=O)C2=O)c3cccnc3OCCO,6.22
75,CHEMBL3669730,CC(C)(C)C(=O)C1C(N(C(=O)C1=O)c2ccc(cc2)c3ccon3)c4cccc5OCOc45,6.23
76,CHEMBL3674860,CC(C)CC(=O)C1C(N(C(=O)C1=O)c2ccc(cc2)c3onc(C)c3)c4ccccc4OC(F)(F)F,6.23
77,CHEMBL3674924,COCc1ccccc1C2C(C(=O)C(C)C)C(=O)C(=O)N2c3ccc(cc3)c4cscn4,6.23
78,CHEMBL3669703,COc1ccccc1C2C(C(=O)C(F)(F)F)C(=O)C(=O)N2c3ccc(cc3)c4ccon4,6.23
79,CHEMBL3091620,Cc1nc(CCc2cccc(Oc3ccccc3)c2)c(C(=O)O)c(C(=O)O)c1O,6.23
80,CHEMBL3679895,CC(C)c1[nH]nc2C(=O)N(C(c3cccnc3OCCO)c12)c4ccc(cc4)c5ccon5,6.24
81,CHEMBL3674847,COC1=C(C(N(C1=O)c2ccc(cc2)c3ccc(C)s3)c4ccccc4OC)C(=O)CC(C)C,6.24
82,CHEMBL3669816,COCCOc1ncccc1C2C(C(=O)C(C)C)C(=O)C(=O)N2c3ccc(cc3)c4noc(C)n4,6.24
83,CHEMBL3669724,COc1ccccc1C2C(C(=O)C(C)(C)C)C(=O)C(=O)N2c3ccc(cc3)C(C)(C)C,6.24
84,CHEMBL3679815,Cc1onc(n1)c2ccc(cc2)N3C(C4CCCCC4)C(C(=O)c5cc[nH]c5)C(=O)C3=O,6.24
85,CHEMBL3679786,COCCOc1ncccc1C2C(C(=O)C3CCCC3)C(=O)C(=O)N2c4ccc(cc4)c5ccon5,6.26
86,CHEMBL3679905,COc1ccc(cc1)c2n[nH]c3C(=O)N(C(C4CCCCC4)c23)c5ccc6[nH]ccc6c5,6.26
87,CHEMBL3669748,Cc1cc(on1)c2ccc(cc2)N3C(C(C(=O)C(C)(C)C)C(=O)C3=O)c4ccccc4OCCO,6.26
88,CHEMBL3674794,COCCOc1ccccc1C2C(C(=O)C(C)C)C(=O)C(=O)N2c3ccc(cc3)c4onc(C)n4,6.27
89,CHEMBL3679909,COc1cccc(OC)c1C2N(C(=O)c3n[nH]c(c23)C(C)(C)C)c4ccc(cc4)c5ccon5,6.27
90,CHEMBL3684572,COc1ccccc1C2N(C(=O)c3[nH]nc(c23)C(C)(C)C(=O)O)c4ccc(cc4)c5ccon5,6.28
91,CHEMBL3674857,CC(C)CC(=O)C1C(N(C(=O)C1=O)c2ccc(cc2)c3onc(C)c3)c4ccccc4OC(F)F,6.29
92,CHEMBL3669737,CN(C)c1ccccc1C2C(C(=O)C(C)(C)C)C(=O)C(=O)N2c3ccc(cc3)c4ccon4,6.29
93,CHEMBL3674929,COCCOc1ccccc1C2C(C(=O)C(C)C)C(=O)C(=O)N2c3ccc(cc3)c4csc(C)n4,6.29
94,CHEMBL3679914,COCc1ccccc1C2N(C(=O)c3n[nH]c(c23)C(C)(C)C)c4ccc(cc4)c5onc(C)c5,6.29
95,CHEMBL3674778,COCc1ccccc1[C@H]2C(C(=O)C(C)C)C(=O)C(=O)N2c3ccc(cc3)c4ccsc4,6.29
96,CHEMBL3684609,COc1ccccc1C2N(C(=O)c3n[nH]c(c23)C(C)(C)C)c4ccc(cc4)N(C)C,6.3
97,CHEMBL3679907,CC(C)(C)c1n[nH]c2C(=O)N(C(c3cccc[n+]3[O-])c12)c4ccc(cc4)c5cc[o+][n-]5,6.31
98,CHEMBL3679802,CC(C)OCc1ccccc1C2C(C(=O)C(C)C)C(=O)C(=O)N2c3ccc(cc3)c4ccon4,6.31
99,CHEMBL3674795,COCCOc1ccccc1C2C(C(=O)CC(C)C)C(=O)C(=O)N2c3ccc(cc3)c4onc(C)n4,6.31
100,CHEMBL3674959,COc1ccccc1C2C(C(=O)C(C)C)C(=O)C(=O)N2c3ccc(cc3)c4cc(C)on4,6.31
101,CHEMBL3674941,Cc1onc(n1)c2ccc(cc2)N3C(C4CCCCC4)C(C(=O)CC5CCCC5)C(=O)C3=O,6.31
102,CHEMBL3669778,COCCOc1ccccc1C2C(C(=O)C(C)(C)C)C(=O)C(=O)N2c3ccc(SC)cc3,6.32
103,CHEMBL3679743,COCc1ccccc1C2C(C(=O)C(C)C)C(=O)C(=O)N2c3ccc(SC)cc3,6.32
104,CHEMBL3674801,COc1ccccc1[C@H]2C(C(=O)CC(C)C)C(=O)C(=O)N2c3ccc(cc3)c4ccsc4,6.32
105,CHEMBL3091619,Cc1nc(Cc2cccc(Oc3ccccc3)c2)c(C(=O)O)c(C(=O)O)c1O,6.32
106,CHEMBL3669723,CCCc1ccc(cc1)N2C(C(C(=O)C(C)(C)C)C(=O)C2=O)c3ccccc3OC,6.33
107,CHEMBL3679839,COCCNC(=O)c1ncccc1C2C(C(=O)CC(C)C)C(=O)C(=O)N2c3ccc(cc3)c4ccc(C)s4,6.33
108,CHEMBL3674803,COCc1ccccc1C2C(C(=O)C(C)C)C(=O)C(=O)N2c3ccc(cc3)c4ccccc4,6.33
109,CHEMBL3679734,COc1ccccc1C2C(C(=O)C(=O)N2c3ccc(cc3)c4oc(C)cc4)S(=O)(=O)C,6.33
110,CHEMBL3684620,COc1ccccc1C2N(C(=O)c3n[nH]c(c23)C(C)(C)CO)c4ccc(Br)cc4,6.33
111,CHEMBL3684548,Cc1ncccc1C2N(C(=O)c3n[nH]c(c23)C(C)(C)C)c4ccc(cc4)c5cccs5,6.33
112,CHEMBL3684593,CCOC(=O)C1N(C(=O)c2n[nH]c(C(C)C)c12)c3ccc(cc3)c4ccsc4,6.34
113,CHEMBL3674966,CCc1oc2ccc(cc2n1)N3C(C(C(=O)C(C)C)C(=O)C3=O)c4ccccc4OC(C)C,6.34
114,CHEMBL3091607,COc1ccc(CCc2nc(C)c(O)c(C(=O)O)c2C(=O)O)cc1,6.34
115,CHEMBL3091610,Cc1nc(CCc2ccc(cc2)C(=O)O)c(C(=O)O)c(C(=O)O)c1O,6.34
116,CHEMBL3684607,COc1ccc(cc1)c2n[nH]c3C(=O)N(Cc4cc(C)on4)C(C5CCCCC5)c23,6.35
117,CHEMBL3679817,COc1ccccc1C2C(C(=O)CC(C)(C)C(=O)O)C(=O)C(=O)N2c3ccc(cc3)c4ccsc4,6.35
118,CHEMBL3674886,COc1ncccc1C2C(C(=O)CC(C)C)C(=O)C(=O)N2c3ccc(cc3)c4csc(C)c4,6.35
119,CHEMBL3669735,COc1ncccc1C2C(C(=O)C(C)(C)C)C(=O)C(=O)N2c3ccc(SC)cc3,6.36
120,CHEMBL3669757,CC(C)(C)C(=O)C1=C(O)C(=O)N(C1c2cccc[n+]2[O-])c3ccc(cc3)c4ccsc4,6.37
121,CHEMBL3679838,CC(C)CC(=O)C1C(N(C(=O)C1=O)c2ccc(cc2)c3ccc(C)s3)c4cccnc4C(=O)N5CCCC5,6.37
122,CHEMBL3674936,COCCOc1ncccc1[C@H]2C(C(=O)C(C)C)C(=O)C(=O)N2c3ccc(cc3)c4ccsc4,6.37
123,CHEMBL3684546,COc1ccc(cc1)c2n[nH]c3C(=O)N(C(c4ccccc4OCCO)c23)c5nc6ccc(OC)cc6s5,6.37
124,CHEMBL3674763,COc1ccccc1C2C(C(=O)C(C)C)C(=O)C(=O)N2c3ccc(c(C)c3)c4ccsc4,6.37
125,CHEMBL3674964,COc1ncccc1C2C(C(=O)CC(C)(C)C)C(=O)C(=O)N2c3ccc(cc3)c4ccsc4,6.37
126,CHEMBL3684549,Cc1ncccc1C2N(C(=O)c3n[nH]c(c23)C(C)(C)C)c4ccc(cc4)c5ccsc5,6.37
127,CHEMBL3643321,CC(Nc1ncnc2CCN(Cc12)c3ccc(C)cn3)c4ccc(Cl)cc4Cl,6.38
128,CHEMBL3684565,CNc1cc(on1)c2ccc(cc2)N3C(c4ccccc4OC)c5c(n[nH]c5C(C)(C)C)C3=O,6.38
129,CHEMBL3669796,COCCOc1ncccc1C2C(C(=O)C(C)(C)C)C(=O)C(=O)N2c3ccc(SC)cc3,6.38
130,CHEMBL3679915,COCc1ccccc1C2N(C(=O)c3n[nH]c(c23)C(C)(C)C)c4ccc(cc4)c5noc(C)n5,6.38
131,CHEMBL3643329,CC[C@@H](Nc1ncnc2CCN(Cc12)c3ccc(C)cn3)c4ccccc4,6.39
132,CHEMBL3684571,CO\N=C(\C)/c1ccc(cc1)N2C(c3ccccc3OC)c4c(n[nH]c4C(C)(C)C)C2=O,6.39
133,CHEMBL3639835,COc1ncccc1C2N(C(=O)c3n[nH]c(c23)C(C)(C)C)c4ccc(Br)cn4,6.39
134,CHEMBL3679807,CC(C)C(=O)C1C(N(C(=O)C1=O)c2ccc(cc2)c3csc(C)c3)c4ccccc4C(=O)N5CCOCC5,6.4
135,CHEMBL3643325,CCC(Nc1ncnc2CCN(Cc12)c3ccc(C)cn3)c4ccccc4,6.4
136,CHEMBL3674932,COCc1ccccc1C2C(C(=O)CC(C)C)C(=O)C(=O)N2c3ccc(cc3)c4csc(C)n4,6.4
137,CHEMBL3679765,Cc1onc(n1)c2ccc(cc2)N3C(C4CCCCC4)C(C(=O)C3=O)S(=O)(=O)c5ccccc5,6.4
138,CHEMBL3669761,CC(C)(C)C(=O)C1C(N(C(=O)C1=O)c2ccc(cc2)c3cccs3)c4cccc[n+]4[O-],6.41
139,CHEMBL3684541,CC(C)(C)c1[nH]nc2C(=O)N(C(c3ccccc3S(=O)(=O)C)c12)c4ccc(cc4)c5ccon5,6.41
140,CHEMBL3679837,CC(C)CC(=O)C1C(N(C(=O)C1=O)c2ccc(cc2)c3ccc(C)s3)c4cccnc4C(=O)NC(C)C,6.41
141,CHEMBL3684667,COc1ccccc1C2N(C(=O)c3n[nH]c(c23)C(C)(C)C)c4ccc(cc4)c5ccsc5Cl,6.41
142,CHEMBL3684601,COc1ncccc1C2N(C(=O)c3n[nH]c(c23)C(C)(C)C)c4ccc(cc4)c5noc(C)n5,6.41
143,CHEMBL3679747,COCCOc1ccccc1C2C(C(=O)C(C)C)C(=O)C(=O)N2c3ccc(cc3)c4cc(C)on4,6.42
144,CHEMBL3684672,COCCOc1ncccc1C2N(C(=O)c3n[nH]c(C(C)C)c23)c4ccc(cc4)c5ccon5,6.42
145,CHEMBL3669710,COc1ccc(F)cc1C2C(C(=O)C(C)(C)C)C(=O)C(=O)N2c3ccc(cc3)c4ccon4,6.42
146,CHEMBL3684568,COc1ccccc1C2N(C(=O)c3n[nH]c(C(=C)C)c23)c4ccc(cc4)c5ccon5,6.42
147,CHEMBL3679857,COc1ccccc1C2N(C(=O)c3n[nH]c(c23)C(C)(C)C)c4ccc(SC(F)(F)F)cc4,6.42
148,CHEMBL3669766,COc1ncccc1C2C(C(=O)C(C)(C)C)C(=O)C(=O)N2c3ccc(cc3)c4occc4,6.42
149,CHEMBL3091632,Cc1nc(Cc2cccc(Oc3ccccc3)c2)c(\C=C\C(=O)O)c(C(=O)O)c1O,6.42
150,CHEMBL3669818,CC(C)C(=O)C1C(N(C(=O)C1=O)c2ccc(cc2)c3noc(C)n3)c4cccnc4OCCO,6.43
151,CHEMBL3669754,COCCOc1ccccc1C2C(C(=O)C(C)(C)C)C(=O)C(=O)N2c3ccc(cc3)c4ccon4,6.43
152,CHEMBL3679845,COc1ccccc1C2N(C(=O)C3=C2\C(=N\C)\CC(C)(C)C(=O)O3)c4ccc(cc4)c5ccsc5,6.43
153,CHEMBL3669790,CC(C)(C)C(=O)C1C(N(C(=O)C1=O)c2ccc(cc2)c3ccon3)c4ccccc4OCC(=O)N,6.44
154,CHEMBL3674799,CC(C)CC(=O)C1C(N(C(=O)C1=O)c2ccc(cc2)c3noc(C)n3)c4ccccc4OCCO,6.44
155,CHEMBL3669781,COC(=O)COc1ccccc1C2C(C(=O)C(C)(C)C)C(=O)C(=O)N2c3ccc(cc3)c4ccon4,6.44
156,CHEMBL3674928,COCc1ccccc1C2C(C(=O)CC(C)C)C(=O)C(=O)N2c3ccc(cc3)c4cscn4,6.44
157,CHEMBL3684574,COc1ccccc1C2N(C(=O)c3[nH]nc(c23)C(C)(C)C(=O)N(C)C)c4ccc(cc4)c5ccon5,6.44
158,CHEMBL3684664,COc1ncccc1C2N(C(=O)c3n[nH]c(c23)C(C)(C)C)c4ccc(nc4)c5cocc5,6.44
159,CHEMBL3091631,Cc1nc(Cc2cccc(Oc3ccccc3)c2)c(CCC(=O)O)c(C=O)c1O,6.44
160,CHEMBL3669756,CC(C)(C)C(=O)C1C(N(C(=O)C1=O)c2ccc(cc2)c3ccon3)c4ccccc4OCC#N,6.45
161,CHEMBL3679840,COCCN(C)C(=O)c1ncccc1C2C(C(=O)CC(C)C)C(=O)C(=O)N2c3ccc(cc3)c4ccc(C)s4,6.45
162,CHEMBL3674768,COc1ccccc1C2C(C(=O)C(C)C)C(=O)C(=O)N2c3ccc(c4ccsc4)c(c3)N(C)C,6.45
163,CHEMBL3669738,COc1ccccc1C2C(C(=O)CC(C)(C)C)C(=O)C(=O)N2c3ccc(cc3)c4ccon4,6.45
164,CHEMBL3679941,COc1ccccc1C2N(C(=O)c3n[nH]c(c23)C(C)(C)C)c4ccc(OC(F)(F)F)cc4,6.45
165,CHEMBL3679787,COCCOc1ncccc1C2C(C(=O)C3CCCC3)C(=O)C(=O)N2c4ccc(cc4)c5noc(C)n5,6.46
166,CHEMBL3684545,COc1ccc(cc1)c2n[nH]c3C(=O)N(C(c4ccccc4OCCO)c23)c5nc6cc(OC)ccc6s5,6.46
167,CHEMBL3684630,COc1ccc(cc1)c2n[nH]c3C(=O)N(CCCc4occc4)C(c5ccccc5OC)c23,6.46
168,CHEMBL3674793,COc1ccccc1C2C(C(=O)C(C)C)C(=O)C(=O)N2c3ccc4sccc4c3,6.46
169,CHEMBL3674853,COc1ncccc1C2C(C(=O)CC(C)C)C(=O)C(=O)N2c3ccc(cc3)c4ccc(C)s4,6.46
170,CHEMBL3643328,C[C@@H](Nc1ncnc2CCN(Cc12)c3ccc(Cl)cn3)c4ccc(Cl)cc4,6.46
171,CHEMBL3669787,Cc1ncccc1C2C(C(=O)C(C)(C)C)C(=O)C(=O)N2c3ccc(cc3)c4cccs4,6.46
172,CHEMBL3674798,CC(C)C(=O)C1C(N(C(=O)C1=O)c2ccc(cc2)c3noc(C)n3)c4ccccc4OCCO,6.47
173,CHEMBL3669749,CCc1ccccc1C2C(C(=O)C(C)(C)C)C(=O)C(=O)N2c3ccc(cc3)c4ccon4,6.47
174,CHEMBL3674949,COCCOc1ccccc1C2C(C(=O)CC(C)C)C(=O)C(=O)N2c3ccc(SC(F)(F)F)cc3,6.47
175,CHEMBL3674828,COCc1ccccc1C2C(C(=O)C(C)C)C(=O)C(=O)N2c3ccc(cc3)c4noc(C)n4,6.47
176,CHEMBL3669705,COc1ccc(cc1)C(=O)C2C(C3CCCCC3)N(C(=O)C2=O)c4ccc5[nH]ccc5c4,6.47
177,CHEMBL3679814,COc1ccccc1C2C(C(=O)c3cc[nH]c3)C(=O)C(=O)N2c4ccc(cc4)c5csc(C)c5,6.47
178,CHEMBL3669770,COc1ncccc1C2C(C(=O)C(C)(C)C)C(=O)C(=O)N2c3ccc(nc3)c4cccs4,6.47
179,CHEMBL3674856,COc1ncccc1C2C(C(=O)CC(C)C)C(=O)C(=O)N2c3ccc(cc3)c4cocc4,6.47
180,CHEMBL3669711,FC(F)(F)Oc1ccc(cc1)C(=O)C2C(C3CCCCC3)N(C(=O)C2=O)c4ccc(cc4)c5ccon5,6.47
181,CHEMBL3674784,CC(C)C(=O)C1C(N(C(=O)C1=O)c2ccc(cc2)c3ccsc3)c4cccnc4Cl,6.48
182,CHEMBL3674832,CC(C)C(=O)C1C(N(C(=O)C1=O)c2ccc(cc2)c3noc(C)n3)c4ccccc4OC(F)(F)F,6.48
183,CHEMBL3674836,CC(C)CC(=O)C1C(N(C(=O)C1=O)c2ccc(cc2)c3noc(C)n3)c4ccccc4OC(F)F,6.48
184,CHEMBL3674931,COCCOc1ccccc1C2C(C(=O)CC(C)C)C(=O)C(=O)N2c3ccc(cc3)c4csc(C)n4,6.48
185,CHEMBL3684561,COc1ccccc1C2N(C(=O)c3n[nH]c(c23)C(C)(C)CO)c4nc5ccccc5s4,6.48
186,CHEMBL3669789,Cc1ncccc1C2C(C(=O)C(C)(C)C)C(=O)C(=O)N2c3ccc(cc3)c4ccsc4,6.48
187,CHEMBL3679748,O=C1C(C(C2CCCCC2)N(C1=O)c3ccc(cc3)c4ccon4)S(=O)(=O)c5ccccc5,6.48
188,CHEMBL3669855,CC(C)C(=O)C1C(N(C(=O)C1=O)c2ccc(cc2)c3ccsc3)c4ccccn4,6.49
189,CHEMBL3674922,COc1ccccc1C2C(C(=O)C(C)C)C(=O)C(=O)N2c3ccc(cc3)c4cscn4,6.49
190,CHEMBL3684570,COc1ccccc1C2N(C(=O)c3n[nH]c(c23)C(C)(C)C)c4ccc(cc4)C(=O)C,6.49
191,CHEMBL3684598,COc1ncccc1C2N(C(=O)c3n[nH]c(c23)C(C)(C)C)c4ccc(cc4)c5onc(C)c5,6.49
192,CHEMBL3674831,CC(C)C(=O)C1C(N(C(=O)C1=O)c2ccc(cc2)c3noc(C)n3)c4ccccc4OC(F)F,6.5
193,CHEMBL3669694,CCOC(=O)c1ccc(cc1)N2C(C(C(=O)C(C)(C)C)C(=O)C2=O)c3ccccc3OC,6.5
194,CHEMBL3679862,COc1ccccc1C2N(C(=O)c3n[nH]c(c23)C(C)(C)CO)c4ccc(cc4)N(C)C,6.5
195,CHEMBL3669788,Cc1ncccc1C2C(C(=O)C(C)(C)C)C(=O)C(=O)N2c3ccc(cc3)c4occc4,6.5
196,CHEMBL3674841,CC(C)CC(=O)C1C(N(C(=O)C1=O)c2ccc(cc2)c3ccon3)c4ccccc4OCCO,6.51
197,CHEMBL3674919,COc1ccccc1C2C(C(=O)CC(C)C)C(=O)C(=O)N2c3ccc(cc3)C4=NCCS4,6.51
198,CHEMBL3684567,COc1ccccc1C2N(C(=O)c3[nH]nc(c23)C(F)(F)F)c4ccc(cc4)c5ccon5,6.51
199,CHEMBL3643304,CC(Nc1ncnc2CCN(Cc12)c3ccc(C)cn3)c4cccc(c4)C(F)(F)F,6.52
200,CHEMBL3684591,CNC(=O)c1n[nH]c2C(=O)N(C(c3ccccc3OC)c12)c4ccc(cc4)c5ccsc5,6.52
201,CHEMBL3674805,COc1cccc(c1)C2C(C(=O)C(C)C)C(=O)C(=O)N2c3ccc(cc3)c4ccsc4,6.52
202,CHEMBL3669752,COc1ccccc1C2C(C(=O)C(C)(C)C)C(=O)C(=O)N2c3ccc(cc3)c4cc[nH]c4,6.52
203,CHEMBL3669736,COc1ccccc1C2C(C(=O)C(C)(C)CO)C(=O)C(=O)N2c3ccc(SC)cc3,6.52
204,CHEMBL3684655,COc1ccccc1C2N(C(=O)c3n[nH]c(c23)C(C)(CO)CO)c4ccc(cc4)c5ccon5,6.52
205,CHEMBL3679733,COc1ccccc1C2C(C(=O)C(=O)N2c3ccc(cc3)c4oc(C)cc4)S(=O)(=O)C(C)C,6.54
206,CHEMBL3679794,COc1ccccc1C2C(C(=O)C(C)C)C(=O)C(=O)N2c3ccc(cc3)c4csnn4,6.54
207,CHEMBL3669830,CC(C)C(=O)C1C(N(C(=O)C1=O)c2ccc(cc2)c3ccon3)c4ccccc4OCCO,6.55
208,CHEMBL3679833,CC(C)CC(=O)C1C(N(C(=O)C1=O)c2ccc(cc2)c3ccc(C)s3)c4cccnc4C(=O)N(C)C,6.55
209,CHEMBL3669767,COc1ncccc1C2C(C(=O)C(C)(C)C)C(=O)C(=O)N2c3ccc(cc3)c4cocc4,6.55
210,CHEMBL3674850,COc1ncccc1C2C(C(=O)C(C)C)C(=O)C(=O)N2c3ccc(cc3)c4ccc(C)s4,6.55
211,CHEMBL3684670,COCCOCc1ncccc1C2N(C(=O)c3n[nH]c(c23)C(C)(C)C)c4ccc(cc4)c5ccsc5,6.56
212,CHEMBL3669728,COCc1ccccc1C2C(C(=O)C(C)(C)C)C(=O)C(=O)N2c3ccc(cc3)c4noc(C)n4,6.56
213,CHEMBL3679820,COc1ccc(cc1)S(=O)(=O)C2C(C3CCCCC3)N(C(=O)C2=O)c4ccc(cc4)c5noc(C)n5,6.56
214,CHEMBL3674838,COc1ncccc1C2C(C(=O)C(C)C)C(=O)C(=O)N2c3ccc(cc3)c4csc(C)c4,6.56
215,CHEMBL3674816,COCCOc1ccccc1C2C(C(=O)C(C)C)C(=O)C(=O)N2c3ccc(cc3)c4ccon4,6.57
216,CHEMBL3674921,COCc1ccccc1C2C(C(=O)CC(C)C)C(=O)C(=O)N2c3ccc(cc3)C4=NCCS4,6.57
217,CHEMBL3669704,COc1cc(F)ccc1C2C(C(=O)C(C)(C)C)C(=O)C(=O)N2c3ccc(cc3)c4ccon4,6.57
218,CHEMBL3643346,Cc1ccc(nc1)N2CCc3ncnc(NC(CO)c4cccnc4)c3C2,6.57
219,CHEMBL3684590,COc1ccccc1C2N(C(=O)c3[nH]nc(C(=O)N(C)C)c23)c4ccc(cc4)c5ccsc5,6.58
220,CHEMBL3669733,CCOc1ccccc1C2C(C(=O)C(C)(C)C)C(=O)C(=O)N2c3ccc(cc3)c4ccon4,6.59
221,CHEMBL3679732,CN(C)C(=O)c1ccccc1C2C(C(=O)CC(C)(C)C)C(=O)C(=O)N2c3ccc(cc3)c4ccsc4,6.59
222,CHEMBL3674926,COc1ccccc1C2C(C(=O)CC(C)C)C(=O)C(=O)N2c3ccc(cc3)c4cscn4,6.59
223,CHEMBL3679834,CCN(C)C(=O)c1ncccc1C2C(C(=O)CC(C)C)C(=O)C(=O)N2c3ccc(cc3)c4ccc(C)s4,6.6
224,CHEMBL3679844,COCCN(C)C(=O)c1ccccc1C2C(C(=O)C(C)C)C(=O)C(=O)N2c3ccc(cc3)c4oc(C)cc4,6.6
225,CHEMBL3679811,COCCOc1ncccc1C2C(C(=O)CC(C)C)C(=O)C(=O)N2c3ccc(SC)cc3,6.6
226,CHEMBL3674891,COCc1ccccc1C2C(C(=O)CC(C)C)C(=O)C(=O)N2c3ccc(cc3)c4csc(C)c4,6.6
227,CHEMBL3674833,COCc1ccccc1C2C(C(=O)CC(C)C)C(=O)C(=O)N2c3ccc(cc3)c4noc(C)n4,6.6
228,CHEMBL3669779,COc1ccc(cc1)C(=O)C2C(N(C(=O)C2=O)c3ccc(cc3)c4ccon4)c5ccc(Br)cc5OC,6.6
229,CHEMBL3669698,CC(C)(C)C(=O)C1=C(O)C(=O)N(C1c2cccc[n+]2[O-])c3ccc(cc3)c4ccon4,6.61
230,CHEMBL3679858,CC(C)(C)c1[nH]nc2C(=O)N(C(c3cccc4OCOc34)c12)c5ccc(cc5)c6ccon6,6.61
231,CHEMBL3674814,CC(C)C(=O)C1C(N(C(=O)C1=O)c2ccc(cc2)c3ccon3)c4ccccc4OC(F)F,6.61
232,CHEMBL3643320,CC(Nc1ncnc2CCN(Cc12)c3ccc(C)cn3)c4ccc(cc4)C(F)(F)F,6.61
233,CHEMBL3684673,COCCOc1ncccc1C2N(C(=O)c3n[nH]c(C(C)C)c23)c4ccc(cc4)c5noc(C)n5,6.61
234,CHEMBL3674951,COCc1ccccc1C2C(C(=O)CC(C)C)C(=O)C(=O)N2c3ccc(SC(F)(F)F)cc3,6.61
235,CHEMBL3679775,CSc1ccc(cc1)N2C(C(C(=O)C(C)C)C(=O)C2=O)c3ccccc3OCC#N,6.61
236,CHEMBL3679770,CC(C)CC(=O)C1C(N(C(=O)C1=O)c2ccc(cc2)c3ccc(C)s3)c4cccnc4C(=O)OC(C)C,6.62
237,CHEMBL3669695,CCC(CC)C1C(C(=O)c2ccc(cc2)C(=O)N(C)C)C(=O)C(=O)N1c3ccc(cc3)c4noc(C)n4,6.62
238,CHEMBL3639786,CCOCOc1ccccc1C2C(C(=O)C(C)C)C(=O)C(=O)N2c3ccc(cc3)c4ccon4,6.62
239,CHEMBL3684617,COc1ccccc1C2N(C(=O)c3n[nH]c(c23)C(C)(C)C)c4ccc(Br)cc4,6.62
240,CHEMBL69234,Cc1nc(N=Nc2ccc(cc2S(=O)(=O)O)S(=O)(=O)O)c(COP(=O)(O)O)c(C=O)c1O,6.62
241,CHEMBL3669834,CC(C)C(=O)C1C(N(C(=O)C1=O)c2ccc(cc2)c3ccsc3)c4cccnc4OCC(=O)O,6.63
242,CHEMBL3679835,CC(C)CC(=O)C1C(N(C(=O)C1=O)c2ccc(cc2)c3ccc(C)s3)c4cccnc4C(=O)NN(C)C,6.63
243,CHEMBL3679793,CCNC(=O)c1ncccc1C2C(C(=O)CC(C)C)C(=O)C(=O)N2c3ccc(cc3)c4ccc(C)s4,6.63
244,CHEMBL3679921,CNC(=O)COc1ccccc1C2N(C(=O)c3n[nH]c(c23)C(C)(C)C)c4ccc(cc4)c5ccon5,6.63
245,CHEMBL3669845,COCCOc1ccccc1[C@H]2C(C(=O)C(C)C)C(=O)C(=O)N2c3ccc(cc3)c4cocc4,6.63
246,CHEMBL3679887,CC(C)(C)c1[nH]nc2C(=O)N(C(c3cccnc3OCCO)c12)c4ccc(cc4)c5ccon5,6.64
247,CHEMBL3674935,CC(C)Oc1ccccc1C2N(C(=O)C(=O)/C/2=C(/C)\C(C)C)c3ccc(cc3)c4onc(C)n4,6.64
248,CHEMBL3674900,COCc1ccccc1C2C(C(=O)C(C)C)C(=O)C(=O)N2c3ccc4sc(C)nc4c3,6.64
249,CHEMBL3674837,CC(C)CC(=O)C1C(N(C(=O)C1=O)c2ccc(cc2)c3noc(C)n3)c4ccccc4OC(F)(F)F,6.65
250,CHEMBL3679949,CCc1ccccc1C2N(C(=O)c3n[nH]c(c23)C(C)(C)C)c4ccc(cc4)c5ccon5,6.65
251,CHEMBL3679940,COc1ccccc1C2N(C(=O)c3n[nH]c(c23)C(C)(C)C)c4ccc(cc4)C(F)(F)F,6.65
252,CHEMBL3684599,COc1ncccc1C2N(C(=O)c3n[nH]c(c23)C(C)(C)C)c4ccc(cc4)C5=NCCS5,6.65
253,CHEMBL3674815,CC(C)C(=O)C1C(N(C(=O)C1=O)c2ccc(cc2)c3ccon3)c4ccccc4OC(F)(F)F,6.66
254,CHEMBL3679790,CC(C)C(=O)C1C(N(C(=O)C1=O)c2ccc(cc2)c3csc(C)c3)c4ccccc4CC(=O)N5CCCC5,6.66
255,CHEMBL3679808,COCCN(C)C(=O)c1ccccc1C2C(C(=O)C(C)C)C(=O)C(=O)N2c3ccc(cc3)c4csc(C)c4,6.66
256,CHEMBL3679751,COCCOc1ncccc1C2C(C(=O)C(C)C)C(=O)C(=O)N2c3ccc(SC)cc3,6.66
257,CHEMBL3684552,COCc1ncccc1C2N(C(=O)c3n[nH]c(c23)C(C)(C)C)c4ccc(cc4)c5ccsc5,6.66
258,CHEMBL3669725,COc1ccccc1C2C(C(=O)C(C)(C)C)C(=O)C(=O)N2c3ccc(SC(F)(F)F)cc3,6.66
259,CHEMBL3679855,COc1ccccc1C2N(C(=O)c3n[nH]c(c23)C(C)(C)C)c4ccc(OC(C)C)cc4,6.66
260,CHEMBL3669798,C[S+]([O-])CCOc1ccccc1C2C(C(=O)C(C)(C)C)C(=O)C(=O)N2c3ccc(cc3)c4ccon4,6.66
261,CHEMBL3679810,CC(C)C(=O)C1C(N(C(=O)C1=O)c2ccc(cc2)c3oc(C)cc3)c4ccccc4C(=O)N5CCOCC5,6.67
262,CHEMBL3643322,CC(Nc1ncnc2CCN(Cc12)c3ccc(C)cn3)c4ccc(Br)cc4,6.67
263,CHEMBL3643309,CC(Nc1ncnc2CCN(Cc12)c3ccc(C)cn3)c4ccncc4,6.67
264,CHEMBL3684554,COC(=O)COCc1ncccc1C2N(C(=O)c3n[nH]c(c23)C(C)(C)C)c4ccc(cc4)c5ccsc5,6.67
265,CHEMBL3684640,COC(=O)c1cc(ccc1c2ccsc2)N3C(c4ccccc4OC)c5c([nH]nc5C3=O)C(C)C,6.67
266,CHEMBL3669799,COCCOc1ccccc1C2C(C(=O)C(C)(C)C)C(=O)C(=O)N2c3ccc(cc3)c4cc[nH]c4,6.67
267,CHEMBL3674868,COCc1ccccc1C2C(C(=O)C(C)C)C(=O)C(=O)N2c3ccc4c(cc(C)n4C)c3,6.68
268,CHEMBL3679795,COCCOc1ccccc1C2C(C(=O)C(C)C)C(=O)C(=O)N2c3ccc(cc3)c4csnn4,6.69
269,CHEMBL3684638,COc1ccccc1C2N(C(=O)c3n[nH]c(C(C)C)c23)c4ccc(c(C)c4)c5ccsc5,6.69
270,CHEMBL3674826,CC(C)CC(=O)C1C(N(C(=O)C1=O)c2ccc(cc2)c3ccon3)c4ccccc4OC(F)(F)F,6.71
271,CHEMBL3674885,CC(C)CC(=O)C1C(N(C(=O)C1=O)c2ccc(cc2)c3onc(C)c3)c4ccccc4OC(C)C,6.71
272,CHEMBL3674777,CN\C(=C/1\C(N(C(=O)C1=O)c2ccc(cc2)c3ccsc3)C4=CC=CNC4=O)\C(C)C,6.71
273,CHEMBL3669753,COc1ccccc1C2C3C(=O)C(C)(C)COC3(O)C(=O)N2c4ccc(cn4)c5ccsc5,6.71
274,CHEMBL3684600,COc1ncccc1C2N(C(=O)c3n[nH]c(c23)C(C)(C)C)c4ccc(cc4)c5nccs5,6.71
275,CHEMBL3669800,CC(C)(C)C(=O)C1C(N(C(=O)C1=O)c2ccc(cc2)c3cc[nH]c3)c4ccccc4OCCO,6.72
276,CHEMBL3674893,CC(C)CC(=O)C1C(N(C(=O)C1=O)c2ccc(cc2)c3csc(C)c3)c4ccccc4OC(F)(F)F,6.72
277,CHEMBL3679925,CC(C)c1[nH]nc2C(=O)N(C(c3ccccc3N)c12)c4ccc(cc4)c5ccsc5,6.72
278,CHEMBL3674927,COCCOc1ccccc1C2C(C(=O)CC(C)C)C(=O)C(=O)N2c3ccc(cc3)c4cscn4,6.72
279,CHEMBL3669759,COc1ncccc1C2C(C(=O)C(C)(C)C)C(=O)C(=O)N2c3ccc(nc3)c4ccsc4,6.72
280,CHEMBL3679813,CC(C)OCc1ccccc1C2C(C(=O)C(C)C)C(=O)C(=O)N2c3ccc(cc3)c4onc(C)n4,6.73
281,CHEMBL3669729,COc1ccccc1C2C(C(=O)C(C)(C)C)C(=O)C(=O)N2c3ccc(SC)cc3,6.73
282,CHEMBL3674766,COc1ccccc1C2C(C(=O)C(C)C)C(=O)C(=O)N2c3ccc(c(O)c3)c4ccsc4,6.73
283,CHEMBL3679741,COCCOc1ccccc1C2C(C(=O)C(C)C)C(=O)C(=O)N2c3ccc(SC)cc3,6.74
284,CHEMBL3674923,COCCOc1ccccc1C2C(C(=O)C(C)C)C(=O)C(=O)N2c3ccc(cc3)c4cscn4,6.74
285,CHEMBL3674827,COCCOc1ccccc1C2C(C(=O)CC(C)C)C(=O)C(=O)N2c3ccc(cc3)c4ccon4,6.74
286,CHEMBL3643330,COc1ccc(cc1)[C@@H](C)Nc2ncnc3CCN(Cc23)c4ccc(C)cn4,6.74
287,CHEMBL3679739,COc1ccccc1C2C(C(=O)C(C)C)C(=O)C(=O)N2c3ccc(SC)cc3,6.74
288,CHEMBL3674917,CC(C)C(=O)C1C(N(C(=O)C1=O)c2ccc(cc2)c3csc(C)c3)c4ccccc4C(=O)N(C)C,6.75
289,CHEMBL3674947,CC(C)C(=O)C1C(N(C(=O)C1=O)c2ccc(cc2)c3noc(C)n3)c4ccccc4OCCCO,6.76
290,CHEMBL3679776,CC(C)CC(=O)C1C(N(C(=O)C1=O)c2ccc(cc2)c3noc(C)n3)c4ccccc4OCC#N,6.76
291,CHEMBL3674796,COCCOc1ccccc1C2C(C(=O)C(C)C)C(=O)C(=O)N2c3ccc(cc3)c4noc(C)n4,6.76
292,CHEMBL3679831,CC(C)CC(=O)C1C(N(C(=O)C1=O)c2ccc(cc2)c3ccc(C)s3)c4cccnc4C(=O)N,6.77
293,CHEMBL3679910,CC(C)(C)c1[nH]nc2C(=O)N(C(c3ccccc3OC(F)(F)F)c12)c4ccc(cc4)c5ccon5,6.78
294,CHEMBL3679842,CC(C)C(=O)C1C(N(C(=O)C1=O)c2ccc(cc2)c3csc(C)c3)c4ccccc4C(=O)N(C)CCO,6.78
295,CHEMBL3679753,CC(C)C(=O)C1C(N(C(=O)C1=O)c2ccc(cc2)c3noc(C)n3)c4ccccc4N5CCOCC5,6.78
296,CHEMBL3679771,CC(C)CC(=O)C1C(N(C(=O)C1=O)c2ccc(cc2)c3csc(C)c3)c4ccccc4C(=O)N5CCOCC5,6.78
297,CHEMBL3669823,CC(C)(C)C(=O)C1C(N(C(=O)C1=O)c2ccc(cc2)c3ccsc3)c4ccccc4C(=O)O,6.79
298,CHEMBL3643326,Cc1ccc(nc1)N2CCc3ncnc(N[C@H](CO)c4ccccc4)c3C2,6.79
299,CHEMBL3679843,CC(C)C(=O)C1C(N(C(=O)C1=O)c2ccc(cc2)c3oc(C)cc3)c4ccccc4C(=O)N(C)CCO,6.8
300,CHEMBL3674825,CC(C)CC(=O)C1C(N(C(=O)C1=O)c2ccc(cc2)c3ccon3)c4ccccc4OC(F)F,6.8
301,CHEMBL3669714,COc1ccc(cc1)C(=O)C2C(N(C(=O)C2=O)c3ccc(cc3)c4nccs4)c5ccccc5OC,6.8
302,CHEMBL3669717,COc1ccc(cc1)C(=O)C2C(N(C(=O)C2=O)c3ccc(cc3)c4onc(C)n4)c5ccccc5OC,6.8
303,CHEMBL3669847,COc1ccccc1C2C(C(=O)c3occc3)C(=O)C(=O)N2c4ccc(cc4)c5ccsc5,6.8
304,CHEMBL3669731,CSc1ccccc1C2C(C(=O)C(C)(C)C)C(=O)C(=O)N2c3ccc(cc3)c4ccon4,6.8
305,CHEMBL3643339,Cc1ccc(nc1)N2CCc3ncnc(N[C@H](CO)c4ccc(cc4)C(F)(F)F)c3C2,6.8
306,CHEMBL3679867,Cc1noc(n1)c2ccc(cc2)N3C(c4ccccc4OCCO)c5c(n[nH]c5C(C)(C)C)C3=O,6.8
307,CHEMBL3679757,COCCCOc1ccccc1C2C(C(=O)C(C)C)C(=O)C(=O)N2c3ccc(cc3)c4noc(C)n4,6.81
308,CHEMBL3669776,COCCOc1ccccc1C2C(C(=O)C(C)(C)C)C(=O)C(=O)N2c3ccc(cc3)c4onc(C)n4,6.81
309,CHEMBL3684596,COc1ccccc1C2N(C(=O)c3[nH]nc(C(=O)C)c23)c4ccc(cc4)c5ccsc5,6.81
310,CHEMBL3679919,CC(C)(C)c1[nH]nc2C(=O)N(C(c3ccccc3OCC(=O)N)c12)c4ccc(cc4)c5ccon5,6.82
311,CHEMBL3674934,CC(C)CC(=O)C1C(N(C(=O)C1=O)c2ccc(cc2)c3cocc3)c4ccccc4C(=O)N(C)C,6.82
312,CHEMBL3674948,CC(C)CC(=O)C1C(N(C(=O)C1=O)c2ccc(cc2)c3noc(C)n3)c4ccccc4OCCCO,6.82
313,CHEMBL3674918,COCCOc1ccccc1C2C(C(=O)CC(C)C)C(=O)C(=O)N2c3ccc(cc3)C4=NCCS4,6.82
314,CHEMBL3684641,COc1ccccc1C2N(C(=O)c3n[nH]c(C(C)C)c23)c4ccc(c5ccsc5)c(c4)C(=O)N,6.82
315,CHEMBL3679913,COc1ccccc1C2N(Cc3n[nH]c(C(C)C)c23)c4ccc(cc4)c5ccsc5,6.82
316,CHEMBL3684666,COc1ncccc1C2N(C(=O)c3n[nH]c(c23)C(C)(C)C)c4ccc(nc4)c5occc5,6.82
317,CHEMBL3669744,CSc1ccc(cc1)N2C(C(C(=O)C(C)(C)C)C(=O)C2=O)c3ccccc3OCCO,6.82
318,CHEMBL3639737,CC(C)CC(=O)C1C(N(C(=O)C1=O)c2ccc(cc2)c3ccc(C)s3)c4ccccc4OC(F)(F)F,6.83
319,CHEMBL3674892,CC(C)CC(=O)C1C(N(C(=O)C1=O)c2ccc(cc2)c3csc(C)c3)c4ccccc4OC(F)F,6.83
320,CHEMBL3684589,COc1ccccc1C2N(C(=O)c3[nH]nc(c4occc4)c23)c5ccc(cc5)c6ccsc6,6.83
321,CHEMBL3684559,COc1ccccc1C2N(C(=O)c3n[nH]c(c23)C(C)(C)CO)c4ccc(cc4)c5noc(C)n5,6.83
322,CHEMBL3674804,COCc1ccccc1C2C(C(=O)C(C)C)C(=O)C(=O)N2c3ccc(s3)c4ccccc4,6.84
323,CHEMBL3684643,COc1ccccc1C2N(C(=O)c3n[nH]c(C(C)C)c23)c4ccc(c5ccsc5)c(c4)N(C)C,6.84
324,CHEMBL3091628,Cc1nc(Cc2cccc3ccccc23)c(\C=C\C(=O)O)c(C=O)c1O,6.84
325,CHEMBL3679806,CCOCOc1ccccc1C2C(C(=O)C(C)C)C(=O)C(=O)N2c3ccc(cc3)c4onc(C)n4,6.85
326,CHEMBL3639834,COCCOc1ccccc1C2N(C(=O)c3n[nH]c(c23)C(C)(C)CO)c4ccc(cc4)c5ccon5,6.85
327,CHEMBL3679856,COc1ccccc1C2N(C(=O)c3n[nH]c(c23)C(C)(C)C)c4ccc(cc4)C(C)(C)C,6.85
328,CHEMBL3684657,COc1ncccc1C2N(C(=O)c3n[nH]c(c23)C(C)(C)C)c4ccc(cn4)c5cocc5,6.85
329,CHEMBL3643323,Cc1ccc(nc1)N2CCc3ncnc(NC(CCO)c4ccccc4)c3C2,6.85
330,CHEMBL3669734,CC(C)(C)C(=O)C1C(N(C(=O)C1=O)c2ccc(cc2)c3ccon3)c4ccccc4OC(F)F,6.86
331,CHEMBL3669815,CC(C)(C)C(=O)C1C(N(C(=O)C1=O)c2ccc(cc2)c3occc3)c4cccnc4OCCO,6.86
332,CHEMBL3679780,CN(C)C(=O)c1ccccc1C2C(C(=O)C3CCCC3)C(=O)C(=O)N2c4ccc(cc4)c5ccsc5,6.86
333,CHEMBL3684547,CN(C)c1ccccc1C2N(C(=O)c3n[nH]c(c23)C(C)(C)C)c4ccc(cc4)c5ccon5,6.86
334,CHEMBL3643314,COc1ccccc1C(C)Nc2ncnc3CCN(Cc23)c4ccc(C)cn4,6.86
335,CHEMBL3684642,COc1ccccc1C2N(C(=O)c3n[nH]c(C(C)C)c23)c4ccc(c(CO)c4)c5ccsc5,6.86
336,CHEMBL3669706,COc1ccc(cc1)C(=O)C2C(C3CCCCC3)N(C(=O)C2=O)c4ccc(cc4)c5cccn5C,6.87
337,CHEMBL3669755,COc1ccccc1C2N(C(=O)C(=C2C(=O)C(C)(C)C)N)c3ccc(cc3)c4ccon4,6.87
338,CHEMBL3679861,COc1ccccc1C2N(C(=O)c3[nH]nc(c23)C(C)(C)COC(=O)C)c4ccc(SC)cc4,6.87
339,CHEMBL3684616,COc1ccccc1C2N(C(=O)c3c2c(nn3C(=O)OC(C)(C)C)C(C)(C)C)c4ccc(Br)cc4,6.87
340,CHEMBL3669708,CC(C)(C)C(=O)C1C(N(C(=O)C1=O)c2ccc(cc2)c3ccon3)c4ccccc4OC(F)(F)F,6.88
341,CHEMBL3679774,CC(C)C(=O)C1C(N(C(=O)C1=O)c2ccc(cc2)c3noc(C)n3)c4ccccc4OCC#N,6.88
342,CHEMBL3684633,CC(C)(CO)c1[nH]nc2C(=O)N(C(c3ccccn3)c12)c4ccc(cc4)c5ccsc5,6.89
343,CHEMBL3674950,CC(C)CC(=O)C1C(N(C(=O)C1=O)c2ccc(SC(F)(F)F)cc2)c3ccccc3OC(C)C,6.89
344,CHEMBL3643305,CC(Nc1ncnc2CCN(Cc12)c3ccc(C)cn3)c4ccc(cc4)S(=O)(=O)C,6.89
345,CHEMBL3679881,CN(C)CCOc1ccccc1C2N(C(=O)c3n[nH]c(c23)C(C)(C)C)c4ccc(cc4)c5ccon5,6.89
346,CHEMBL3674834,COCOc1ccccc1C2C(C(=O)CC(C)C)C(=O)C(=O)N2c3ccc(cc3)c4noc(C)n4,6.89
347,CHEMBL3674810,COc1ncccc1C2C(C(=O)CC(C)C)C(=O)C(=O)N2c3ccc(cc3)c4ccsc4,6.89
348,CHEMBL3674811,CC(C)CC(=O)C1C(N(C(=O)C1=O)c2ccc(cc2)c3ccsc3)c4ccccc4C(F)(F)F,6.9
349,CHEMBL3643315,CC(Nc1ncnc2CCN(Cc12)c3ccc(C)cn3)c4ccccc4Cl,6.9
350,CHEMBL3674965,COCCOc1ncccc1C2C(C(=O)CC(C)(C)C)C(=O)C(=O)N2c3ccc(cc3)c4ccsc4,6.9
351,CHEMBL3674937,COc1ccccc1C2C(C(=O)CC(C)C)C(=O)C(=O)N2c3ccc(SC)cc3,6.9
352,CHEMBL3674760,CC(C)C(=O)C1C(N(C(=O)C1=O)c2ccc(cc2)c3cocc3)c4cccnc4OCCO,6.91
353,CHEMBL3674907,CC(C)C(=O)C1C(N(C(=O)C1=O)c2ccc(cc2)c3oc(C)cc3)c4ccccc4C(=O)N(C)C,6.91
354,CHEMBL3643310,CC(Nc1ncnc2CCN(Cc12)c3ccc(C)cn3)c4ccccn4,6.91
355,CHEMBL3679832,CNC(=O)c1ncccc1C2C(C(=O)CC(C)C)C(=O)C(=O)N2c3ccc(cc3)c4ccc(C)s4,6.91
356,CHEMBL3684605,COc1ccc(cc1)C2(CC2)c3[nH]nc4C(=O)N(C(c5ccccc5OC)c34)c6ccc(cc6)c7ccon7,6.91
357,CHEMBL3679800,CC(C)NC(=O)CCc1ccccc1C2C(C(=O)C(C)C)C(=O)C(=O)N2c3ccc(cc3)c4oc(C)cc4,6.92
358,CHEMBL3643316,CC(Nc1ncnc2CCN(Cc12)c3ccc(C)cn3)c4cccc(Cl)c4,6.92
359,CHEMBL3669811,COCCOCc1ncccc1C2C(C(=O)C(C)(C)C)C(=O)C(=O)N2c3ccc(cc3)c4ccsc4,6.92
360,CHEMBL3674829,COCOc1ccccc1C2C(C(=O)C(C)C)C(=O)C(=O)N2c3ccc(cc3)c4noc(C)n4,6.92
361,CHEMBL3674797,COCCOc1ccccc1C2C(C(=O)CC(C)C)C(=O)C(=O)N2c3ccc(cc3)c4noc(C)n4,6.93
362,CHEMBL3679884,COCCOc1ncccc1C2N(C(=O)c3n[nH]c(c23)C(C)(C)C)c4ccc(cc4)c5ccon5,6.93
363,CHEMBL3674894,COc1ccccc1C2C(C(=O)CC(C)C)C(=O)C(=O)N2c3ccc(cc3)c4csc(C)c4,6.93
364,CHEMBL3679777,CSc1ccc(cc1)N2C(C(C(=O)CC(C)C)C(=O)C2=O)c3ccccc3OCC#N,6.93
365,CHEMBL3679950,CC(C)(C)c1[nH]nc2C(=O)N(C(c3ccccc3O)c12)c4ccc(cc4)c5ccon5,6.94
366,CHEMBL3674818,CC(C)C(=O)C1C(N(C(=O)C1=O)c2ccc(cc2)c3ccsc3)c4ccccc4C(F)(F)F,6.94
367,CHEMBL3669821,COC(=O)COCc1ncccc1C2C(C(=O)C(C)(C)C)C(=O)C(=O)N2c3ccc(cc3)c4ccsc4,6.94
368,CHEMBL3674942,COCc1ccccc1C2C(C(=O)CC3CCCC3)C(=O)C(=O)N2c4ccc(cc4)c5ccsc5,6.94
369,CHEMBL3684557,COCc1ncccc1C2N(C(=O)c3n[nH]c(C(C)C)c23)c4ccc(cc4)c5ccsc5,6.94
370,CHEMBL3684639,COc1ccccc1C2N(C(=O)c3n[nH]c(C(C)C)c23)c4ccc(c(N)c4)c5ccsc5,6.94
371,CHEMBL3679772,CC(C)CC(=O)C1C(N(C(=O)C1=O)c2ccc(cc2)c3oc(C)cc3)c4ccccc4C(=O)N5CCOCC5,6.95
372,CHEMBL3679911,COc1ccc(F)cc1C2N(C(=O)c3n[nH]c(c23)C(C)(C)C)c4ccc(cc4)c5ccon5,6.95
373,CHEMBL3684613,COc1ccccc1C2N(C(=O)c3n[nH]c(c23)C(C)(C)C)c4ccc(cc4)c5ccccc5,6.95
374,CHEMBL3684606,COc1ccccc1C2N(C(=O)c3n[nH]c(c23)C(C)(C)c4ccccc4)c5ccc(cc5)c6ccon6,6.95
375,CHEMBL3669824,CC(C)C(=O)C1C(N(C(=O)C1=O)c2ccc(cc2)c3ccsc3)c4ccccc4OCC(=O)O,6.96
376,CHEMBL3674940,COCc1ccccc1C2C(C(=O)CC(C)C)C(=O)C(=O)N2c3ccc(SC)cc3,6.96
377,CHEMBL3674842,COCc1ncccc1C2C(C(=O)CC(C)C)C(=O)C(=O)N2c3ccc(cc3)c4ccsc4,6.96
378,CHEMBL3669773,COc1ccc(cc1)C(=O)C2C(N(C(=O)C2=O)c3nc4cc(OC)ccc4s3)c5ccccc5OCCO,6.96
379,CHEMBL3679933,CC(C)c1[nH]nc2C(=O)N(C(c3ccccc3C(=O)O)c12)c4ccc(cc4)c5ccsc5,6.97
380,CHEMBL3669764,COc1ncccc1C2C(C(=O)C(C)(C)C)C(=O)C(=O)N2c3ccc(cc3)c4cccs4,6.97
381,CHEMBL3684659,COc1ncccc1C2N(C(=O)c3n[nH]c(c23)C(C)(C)C)c4ccc(cn4)c5occc5,6.97
382,CHEMBL3679759,CC(C)C(=O)C1C(N(C(=O)C1=O)c2ccc(cc2)c3oc(C)cc3)c4ccccc4CC(=O)N(C)C,6.98
383,CHEMBL3679854,CCCc1ccc(cc1)N2C(c3ccccc3OC)c4c(n[nH]c4C(C)(C)C)C2=O,6.98
384,CHEMBL3679758,COCCCOc1ccccc1C2C(C(=O)CC(C)C)C(=O)C(=O)N2c3ccc(cc3)c4noc(C)n4,6.98
385,CHEMBL3684563,COc1ccc2nc(sc2c1)N3C(c4ccccc4OC)c5c(n[nH]c5C(C)(C)CO)C3=O,6.98
386,CHEMBL3679917,COc1ccccc1C2N(C(=O)c3n[nH]c(CC(C)(C)C)c23)c4ccc(cc4)c5ccon5,6.98
387,CHEMBL3684604,COc1ccccc1C2N(C(=O)c3n[nH]c(c23)C(C)(C)C)c4ccc(cc4)C(C)C,6.98
388,CHEMBL2376126,Cc1nc(N=Nc2cc(ccc2S(=O)(=O)O)S(=O)(=O)O)c(CCC(=O)O)c(C=O)c1O,6.98
389,CHEMBL3674840,CC(C)C(=O)C1C(N(C(=O)C1=O)c2ccc(cc2)c3csc(C)c3)c4ccccc4OC(F)(F)F,6.99
390,CHEMBL3674854,CC(C)CC(=O)C1C(N(C(=O)C1=O)c2ccc(cc2)c3ccc(C)s3)c4ccccc4OC(F)F,6.99
391,CHEMBL3643341,COc1ccc(cn1)[C@@H](CCO)Nc2ncnc3CCN(Cc23)c4ccc(Cl)cn4,6.99
392,CHEMBL3674962,COc1ccccc1C2C(C(=O)c3cccnc3)C(=O)C(=O)N2c4ccc(cc4)c5ccsc5,6.99
393,CHEMBL3679773,CC(C)C(=O)C1C(N(C(=O)C1=O)c2ccc(cc2)c3csc(C)c3)c4ccccc4S(=O)(=O)C,7.0
394,CHEMBL3679841,CC(C)CC(=O)C1C(N(C(=O)C1=O)c2ccc(cc2)c3ccc(C)s3)c4cccnc4C(=O)NCCN(C)C,7.0
395,CHEMBL3669700,CCCCC(CCCC)C1C(C(=O)c2ccc(CO)cc2)C(=O)C(=O)N1c3ccc(cc3)c4ccon4,7.0
396,CHEMBL3679821,COc1ccccc1C2C(C(=O)C(=O)N2c3ccc(cc3)c4ccsc4)S(=O)(=O)C(C)C,7.0
397,CHEMBL3674867,COc1ccccc1C2C(C(=O)CC(C)C)C(=O)C(=O)N2c3ccc(cc3)c4cocc4,7.0
398,CHEMBL3684580,C[S+]([O-])CCOc1ccccc1C2N(C(=O)c3n[nH]c(c23)C(C)(C)C)c4ccc(cc4)c5ccon5,7.0
399,CHEMBL3669768,CC(C)(C)C(=O)C1C(N(C(=O)C1=O)c2ccc(cc2)c3cccs3)c4ccccc4OCC(=O)O,7.01
400,CHEMBL3669758,CC(C)Oc1ccccc1C2C(C(=O)C(C)(C)C)C(=O)C(=O)N2c3ccc(cc3)c4ccon4,7.01
401,CHEMBL596234,OC(=O)c1cc(C(=O)O)c(cc1C(=O)O)C(=O)N(Cc2cccc(Oc3ccccc3)c2)[C@H]4CCCc5ccccc45,7.01
402,CHEMBL3669808,CC(C)(C)C(=O)C1C(N(C(=O)C1=O)c2ccc(cc2)c3cocc3)c4cccnc4OCCO,7.02
403,CHEMBL69727,Cc1nc(N=Nc2cc(ccc2S(=O)(=O)O)S(=O)(=O)O)c(COP(=O)(O)O)c(C=O)c1O,7.02
404,CHEMBL3674845,COc1ccccc1C2C(C(=O)CC(C)C)C(=O)C(=O)N2c3ccc(cc3)c4ccc(C)s4,7.03
405,CHEMBL3669848,CC(C)C(=O)C1C(N(C(=O)C1=O)c2ccc(cc2)c3ccsc3)c4ccccc4N(C)C(=O)C,7.04
406,CHEMBL3684632,CC(C)c1[nH]nc2C(=O)N(C(c3ccccn3)c12)c4ccc(cc4)c5ccsc5,7.04
407,CHEMBL3679750,COCCCOc1ccccc1C2C(C(=O)C(C)C)C(=O)C(=O)N2c3ccc(SC)cc3,7.04
408,CHEMBL3674884,COCCOc1cc(F)ccc1C2C(C(=O)C(C)C)C(=O)C(=O)N2c3ccc(cc3)c4noc(C)n4,7.04
409,CHEMBL3669777,COCCOc1ccccc1C2C(C(=O)C(C)(C)C)C(=O)C(=O)N2c3ccc(cc3)c4noc(C)n4,7.04
410,CHEMBL3669750,COc1ccccc1C2C(C(=O)C(C)(C)C)C(=O)C(=O)N2c3ccc(cc3)c4occc4,7.04
411,CHEMBL3684540,COc1ncccc1C2N(C(=O)c3n[nH]c(c23)C(C)(C)CO)c4ccc(cc4)c5occc5,7.04
412,CHEMBL3679880,CC(C)(C)c1[nH]nc2C(=O)N(C(c3ccccc3OCC(=O)O)c12)c4ccc(cc4)c5ccon5,7.05
413,CHEMBL3679749,CC(C)C(=O)C1C(N(C(=O)C1=O)c2ccc(cc2)c3oc(C)cc3)c4cccnc4OCCO,7.05
414,CHEMBL3643343,COc1ccc(cn1)[C@@H](CO)Nc2ncnc3CCN(Cc23)c4ccc(Cl)cn4,7.05
415,CHEMBL3684556,CC(C)(C)c1[nH]nc2C(=O)N(C(c3ccccc3C(=O)O)c12)c4ccc(cc4)c5ccsc5,7.06
416,CHEMBL3679784,CC(C)Oc1ccccc1C2C(C(=O)C3CCCC3)C(=O)C(=O)N2c4ccc(cc4)c5noc(C)n5,7.06
417,CHEMBL3643312,CC(Nc1ncnc2CCN(Cc12)c3ccc(C)cn3)c4ccccc4F,7.06
418,CHEMBL3684614,COc1ccccc1C2N(C(=O)c3n[nH]c(c23)C(C)(C)C)c4ccc(cc4)c5occn5,7.06
419,CHEMBL3679866,Cc1cc(on1)c2ccc(cc2)N3C(c4ccccc4OCCO)c5c(n[nH]c5C(C)(C)C)C3=O,7.06
420,CHEMBL3669826,COc1ncccc1C2C(C(=O)C(C)C)C(=O)C(=O)N2c3ccc(cc3)c4ccsc4,7.07
421,CHEMBL3679799,CC(C)C(=O)C1C(N(C(=O)C1=O)c2ccc(cc2)c3oc(C)cc3)c4ccccc4CCC(=O)N(C)C,7.08
422,CHEMBL3669732,CC(C)(C)C(=O)C1C(N(C(=O)C1=O)c2ccc(cc2)c3ccon3)c4ccccc4OCCO,7.09
423,CHEMBL3684629,COC(=O)n1nc(c2C(N(C(=O)c12)c3ccc(Br)cc3)c4ccccc4OC)C(C)(C)C,7.09
424,CHEMBL3674880,COCCOc1cc(F)ccc1C2C(C(=O)CC(C)C)C(=O)C(=O)N2c3ccc(cc3)c4noc(C)n4,7.09
425,CHEMBL3674938,COCCOc1ccccc1C2C(C(=O)CC(C)C)C(=O)C(=O)N2c3ccc(SC)cc3,7.09
426,CHEMBL3674749,COc1ccccc1C2C(C(=O)C(C)C)C(=O)C(=O)N2c3ccc(c(OC)c3)c4ccsc4,7.09
427,CHEMBL3669707,Brc1ccc(cc1)C(=O)C2C(C3CCCCC3)N(C(=O)C2=O)c4ccc(cc4)c5ccon5,7.1
428,CHEMBL3674911,CC(C)C(=O)C1C(N(C(=O)C1=O)c2ccc(cc2)c3ccc(C)s3)c4ccccc4C(=O)N(C)C,7.1
429,CHEMBL3674912,CC(C)CC(=O)C1C(N(C(=O)C1=O)c2ccc(cc2)c3ccc(C)s3)c4ccccc4OC(C)C,7.1
430,CHEMBL3643319,COc1ccc(cc1F)C(C)Nc2ncnc3CCN(Cc23)c4ccc(C)cn4,7.1
431,CHEMBL2376118,Cc1nc(N=Nc2ccc(cc2)C(=O)O)c(CCC(=O)O)c(C=O)c1O,7.1
432,CHEMBL3674852,CC(C)C(=O)C1C(N(C(=O)C1=O)c2ccc(cc2)c3ccc(C)s3)c4ccccc4OC(F)(F)F,7.11
433,CHEMBL3679809,CC(C)C(=O)C1C(N(C(=O)C1=O)c2ccc(cc2)c3oc(C)cc3)c4ccccc4S(=O)(=O)C,7.11
434,CHEMBL3674859,CC(C)CC(=O)C1C(N(C(=O)C1=O)c2ccc(cc2)c3cocc3)c4ccccc4OC(F)(F)F,7.11
435,CHEMBL3669765,COc1ncccc1C2C(C(=O)C(C)(C)C)C(=O)C(=O)N2c3ccc(cc3)c4ccsc4,7.11
436,CHEMBL3679946,CC(C)(C)c1[nH]nc2C(=O)N(C(c3ccccc3OC(F)F)c12)c4ccc(cc4)c5ccon5,7.12
437,CHEMBL3669769,CC(C)(C)C(=O)C1C(N(C(=O)C1=O)c2ccc(cc2)c3ccsc3)c4ccccc4OCC(=O)O,7.13
438,CHEMBL3669807,COCCOc1ncccc1C2C(C(=O)C(C)(C)C)C(=O)C(=O)N2c3ccc(cc3)c4cocc4,7.13
439,CHEMBL3669713,COc1ccc(cc1)C(=O)C2C(N(C(=O)C2=O)c3ccc(cc3)C4=NCCS4)c5ccccc5OC,7.13
440,CHEMBL3679912,COc1ccccc1C2N(C(=O)c3n[nH]c(c23)C4(CO)CCCCC4)c5ccc(cc5)c6ccon6,7.13
441,CHEMBL3674835,CC(C)CC(=O)C1C(N(C(=O)C1=O)c2ccc(cc2)c3noc(C)n3)c4ccccc4OC(C)C,7.14
442,CHEMBL3669794,CN(C)C(=O)COc1ccccc1C2C(C(=O)C(C)(C)C)C(=O)C(=O)N2c3ccc(cc3)c4ccsc4,7.14
443,CHEMBL3674752,COc1ccccc1C2C(C(=O)C(C)C)C(=O)C(=O)N2c3ccc(cc3)c4occc4,7.14
444,CHEMBL3669854,COc1ccccc1C2C(C(=O)C3CC3)C(=O)C(=O)N2c4ccc(cc4)c5ccsc5,7.14
445,CHEMBL3643308,C[C@@H](Nc1ncnc2CCN(Cc12)c3ccc(C)cn3)c4ccccc4,7.14
446,CHEMBL3674913,CC(C)CC(=O)C1C(N(C(=O)C1=O)c2ccc(cc2)c3csc(C)c3)c4ccccc4C(=O)N(C)C,7.15
447,CHEMBL3679740,CSc1ccc(cc1)N2C(C(C(=O)C(C)C)C(=O)C2=O)c3ccccc3OC(C)C,7.15
448,CHEMBL3674839,CC(C)C(=O)C1C(N(C(=O)C1=O)c2ccc(cc2)c3csc(C)c3)c4ccccc4OC(F)F,7.16
449,CHEMBL3679829,CC(C)C(=O)C1C(N(C(=O)C1=O)c2ccc(cc2)c3csc(C)c3)c4cccnc4OCCCO,7.16
450,CHEMBL3674848,CC(C)CC(=O)C1C(N(C(=O)C1=O)c2ccc(cc2)c3ccsc3)c4ccccc4OC(F)(F)F,7.16
451,CHEMBL3679792,COCc1ccccc1C2C(C(=O)C(C)C)C(=O)C(=O)N2c3ccc(cc3)C4CCCC4,7.16
452,CHEMBL3684624,COc1ncccc1C2N(C(=O)c3n[nH]c(c23)C(C)(C)C)c4ccc(cc4)c5cocc5,7.16
453,CHEMBL3679891,CSc1ccc(cc1)N2C(c3cccnc3OCCO)c4c(n[nH]c4C(C)(C)C)C2=O,7.16
454,CHEMBL3679768,CC(C)C(=O)C1C(N(C(=O)C1=O)c2ccc(cc2)c3noc(C)n3)c4ccccc4OC5CCOCC5,7.17
455,CHEMBL3674858,CC(C)CC(=O)C1C(N(C(=O)C1=O)c2ccc(cc2)c3cocc3)c4ccccc4OC(F)F,7.17
456,CHEMBL3679754,CC(C)CC(=O)C1C(N(C(=O)C1=O)c2ccc(cc2)c3noc(C)n3)c4ccccc4N5CCOCC5,7.17
457,CHEMBL3643340,Cc1ccc(nc1)N2CCc3ncnc(NC(CCO)c4ccc(nc4)C(F)(F)F)c3C2,7.17
458,CHEMBL3679827,CC(C)C(=O)C1C(N(C(=O)C1=O)c2ccc(cc2)c3ccc(C)s3)c4cccnc4OCCCO,7.18
459,CHEMBL3674866,CC(C)CC(=O)C1C(N(C(=O)C1=O)c2ccc(cc2)c3cocc3)c4ccccc4OCCO,7.18
460,CHEMBL3674753,CC(C)C(=O)C1C(N(C(=O)C1=O)c2ccc(cc2)c3occc3)c4ccccc4OCCO,7.19
461,CHEMBL3674846,CC(C)CC(=O)C1C(N(C(=O)C1=O)c2ccc(cc2)c3ccc(C)s3)c4ccccc4OCCO,7.19
462,CHEMBL3679779,CC(C)COc1ccccc1C2C(C(=O)C3CCCC3)C(=O)C(=O)N2c4ccc(cc4)c5ccon5,7.19
463,CHEMBL3679938,CC(C)c1[nH]nc2C(=O)N(C(c3ccccc3CC(=O)O)c12)c4ccc(cc4)c5ccsc5,7.19
464,CHEMBL3669836,COc1ccccc1C2C(C(=O)C(C)C)C(=O)C(=O)N2c3ccc(cc3)c4cocc4,7.19
465,CHEMBL3643311,CC(Nc1ncnc2CCN(Cc12)c3ccc(C)cn3)c4cccnc4,7.2
466,CHEMBL3669833,COCc1ncccc1C2C(C(=O)C(C)C)C(=O)C(=O)N2c3ccc(cc3)c4ccsc4,7.2
467,CHEMBL3679801,CC(C)OCc1ccccc1C2C(C(=O)C(C)C)C(=O)C(=O)N2c3ccc(cc3)c4noc(C)n4,7.21
468,CHEMBL3679778,CC(C)Oc1ccccc1C2C(C(=O)C3CCCC3)C(=O)C(=O)N2c4ccc(cc4)c5ccon5,7.21
469,CHEMBL3679875,COCCOc1ccccc1C2N(C(=O)c3n[nH]c(c23)C(C)(C)C)c4ccc(cc4)c5onc(C)n5,7.21
470,CHEMBL3679859,COc1ncccc1C2N(C(=O)c3n[nH]c(c23)C(C)(C)C)c4ccc(SC)cc4,7.21
471,CHEMBL3679825,CC(C)C(=O)C1C(N(C(=O)C1=O)c2ccc(cc2)c3cocc3)c4cccnc4OCCCO,7.22
472,CHEMBL3679830,COCCCOc1ncccc1C2C(C(=O)C(C)C)C(=O)C(=O)N2c3ccc(cc3)c4csc(C)c4,7.22
473,CHEMBL3684592,COc1ccccc1C2N(C(=O)c3[nH]nc(CO)c23)c4ccc(cc4)c5ccsc5,7.22
474,CHEMBL3091630,Cc1nc(Cc2cccc(Oc3ccccc3)c2)c(\C=C\C(=O)O)c(C=O)c1O,7.22
475,CHEMBL3679761,CCN(C)C(=O)c1ccccc1C2C(C(=O)C(C)C)C(=O)C(=O)N2c3ccc(cc3)c4oc(C)cc4,7.23
476,CHEMBL3674851,CC(C)C(=O)C1C(N(C(=O)C1=O)c2ccc(cc2)c3ccc(C)s3)c4ccccc4OC(F)F,7.24
477,CHEMBL3679804,CCOCOc1ccccc1C2C(C(=O)C(C)C)C(=O)C(=O)N2c3ccc(cc3)c4noc(C)n4,7.24
478,CHEMBL3679826,COCCCOc1ncccc1C2C(C(=O)C(C)C)C(=O)C(=O)N2c3ccc(cc3)c4cocc4,7.24
479,CHEMBL3674869,COCc1ccccc1C2C(C(=O)C(C)C)C(=O)C(=O)N2c3ccc(cc3)c4occc4,7.24
480,CHEMBL3679899,COc1ncccc1C2N(C(=O)c3n[nH]c(C(C)C)c23)c4ccc(cc4)c5ccsc5,7.24
481,CHEMBL3643303,CC(Nc1ncnc2CCN(Cc12)c3ccc(C)cn3)c4cccc(F)c4,7.25
482,CHEMBL3674761,COCCOc1ncccc1C2C(C(=O)C(C)C)C(=O)C(=O)N2c3ccc(cc3)c4cocc4,7.25
483,CHEMBL3679762,COCCN(C)C(=O)c1ccccc1C2C(C(=O)CC(C)C)C(=O)C(=O)N2c3ccc(cc3)c4oc(C)cc4,7.26
484,CHEMBL3674864,COCCOc1ccccc1C2C(C(=O)CC(C)C)C(=O)C(=O)N2c3ccc(cc3)c4cocc4,7.26
485,CHEMBL3684558,COc1ccccc1C2N(C(=O)c3n[nH]c(c23)C(C)(C)CO)c4ccc(cc4)c5onc(C)c5,7.26
486,CHEMBL3674824,CC(C)CC(=O)C1C(N(C(=O)C1=O)c2ccc(cc2)c3ccon3)c4ccccc4OC(C)C,7.27
487,CHEMBL3674813,CC(C)Oc1ccccc1C2C(C(=O)C(C)C)C(=O)C(=O)N2c3ccc(cc3)c4ccon4,7.27
488,CHEMBL3674830,CC(C)Oc1ccccc1C2C(C(=O)C(C)C)C(=O)C(=O)N2c3ccc(cc3)c4noc(C)n4,7.27
489,CHEMBL3679860,COc1ccccc1C2N(C(=O)c3n[nH]c(c23)C(C)(C)CO)c4ccc(SC)cc4,7.27
490,CHEMBL3679868,Cc1onc(n1)c2ccc(cc2)N3C(c4ccccc4OCCO)c5c(n[nH]c5C(C)(C)C)C3=O,7.27
491,CHEMBL3679767,CC(C)C(=O)C1C(N(C(=O)C1=O)c2ccc(cc2)c3noc(C)n3)c4ccccc4OCC5OCCO5,7.28
492,CHEMBL3643317,CC(Nc1ncnc2CCN(Cc12)c3ccc(C)cn3)c4cc(F)cc(F)c4,7.28
493,CHEMBL3679760,CCN(C)C(=O)c1ccccc1C2C(C(=O)C(C)C)C(=O)C(=O)N2c3ccc(cc3)c4csc(C)c4,7.28
494,CHEMBL3669715,COc1ccc(cc1)C(=O)C2C(N(C(=O)C2=O)c3ccc(cc3)c4noc(C)n4)c5ccccc5OC,7.28
495,CHEMBL3669718,COc1ccc(cc1)C(=O)C2C(N(C(=O)C2=O)c3ccc(cc3)c4oc(C)nn4)c5ccccc5OC,7.28
496,CHEMBL3674809,CC(C)CC(=O)C1C(N(C(=O)C1=O)c2ccc(cc2)c3ccsc3)c4ccccc4OC(F)F,7.29
497,CHEMBL3674888,CC(C)CC(=O)C1C(N(C(=O)C1=O)c2ccc(cc2)c3csc(C)c3)c4ccccc4OC(C)C,7.29
498,CHEMBL3679742,CSc1ccc(cc1)N2C(C(C(=O)C(C)C)C(=O)C2=O)c3ccccc3OCCCO,7.29
499,CHEMBL3643318,CC(Nc1ncnc2CCN(Cc12)c3ccc(C)cn3)c4ccc(F)cc4F,7.3
500,CHEMBL3679797,CNC(=O)CCc1ccccc1C2C(C(=O)C(C)C)C(=O)C(=O)N2c3ccc(cc3)c4oc(C)cc4,7.31
501,CHEMBL3669775,COc1ccc(cc1)C(=O)C2C(N(C(=O)C2=O)c3ccc(cc3)c4ccon4)c5ccccc5OCCO,7.31
502,CHEMBL3669746,CC(C)(C)C(=O)C1C(N(C(=O)C1=O)c2ccc(cc2)c3occc3)c4ccccc4OCCO,7.32
503,CHEMBL3674876,CC(C)CC(=O)C1C(N(C(=O)C1=O)c2ccc(cc2)c3oc(C)cc3)c4ccccc4OC(F)F,7.32
504,CHEMBL3669740,COc1ccccc1C2C(C(=O)C(C)(C)C)C(=O)C(=O)N2c3ccc(cc3)c4cocc4,7.32
505,CHEMBL3643307,C[C@@H](Nc1ncnc2CCN(Cc12)c3ccc(C)cn3)c4ccc(Cl)cc4,7.32
506,CHEMBL3674770,CC(C)C(=O)C1C(N(C(=O)C1=O)c2ccc(cc2)c3ccsc3)c4ccccc4C(=O)N(C)C,7.33
507,CHEMBL3679836,CC(C)CC(=O)C1C(N(C(=O)C1=O)c2ccc(cc2)c3ccc(C)s3)c4cccnc4C(=O)NCC#N,7.33
508,CHEMBL3674863,CCOc1ccccc1C2C(C(=O)CC(C)C)C(=O)C(=O)N2c3ccc(cc3)c4cocc4,7.33
509,CHEMBL3669846,COc1ccccc1C2C(C(=O)C(C)(C)C)C(=O)C(=O)N2c3ccc(cc3)c4ccc(C)s4,7.33
510,CHEMBL3643324,C[C@@H](Nc1ncnc2CCN(Cc12)c3ccc(C)cn3)c4ccc(C)cc4,7.33
511,CHEMBL3669817,CC(C)C(=O)C1C(N(C(=O)C1=O)c2ccc(cc2)c3ccsc3)c4cccnc4OCCO,7.34
512,CHEMBL3679885,COCCOc1ncccc1C2N(C(=O)c3n[nH]c(c23)C(C)(C)C)c4ccc(SC)cc4,7.34
513,CHEMBL3679908,COc1cc(F)ccc1C2N(C(=O)c3n[nH]c(c23)C(C)(C)C)c4ccc(cc4)c5ccon5,7.34
514,CHEMBL3679943,CSc1ccccc1C2N(C(=O)c3n[nH]c(c23)C(C)(C)C)c4ccc(cc4)c5ccon5,7.34
515,CHEMBL3674909,CC(C)CC(=O)C1C(N(C(=O)C1=O)c2ccc(cc2)c3oc(C)cc3)c4ccccc4C(=O)N(C)C,7.36
516,CHEMBL3679926,CC(C)c1[nH]nc2C(=O)N(C(c3ccccc3N(C)C(=O)C)c12)c4ccc(cc4)c5ccsc5,7.36
517,CHEMBL3674870,COCc1ccccc1C2C(C(=O)CC(C)C)C(=O)C(=O)N2c3ccc(cc3)c4occc4,7.36
518,CHEMBL3684560,COc1ccccc1C2N(C(=O)c3n[nH]c(c23)C(C)(C)CO)c4ccc(cc4)c5onc(C)n5,7.36
519,CHEMBL3643327,CC(Nc1ncnc2CCN(Cc12)c3ccc(C)cn3)c4ccc(Cl)c(F)c4,7.37
520,CHEMBL3669780,COCCOc1ccccc1C2C(C(=O)C(C)(C)C)C(=O)C(=O)N2c3ccc(cc3)c4occc4,7.37
521,CHEMBL3669841,COCc1ccccc1C2C(C(=O)C(C)C)C(=O)C(=O)N2c3ccc(cc3)c4cocc4,7.37
522,CHEMBL3684648,COc1ccccc1C2N(C(=O)c3n[nH]c(c23)C(C)(C)CO)c4ccc(cn4)c5cocc5,7.37
523,CHEMBL3674920,CC(C)CC(=O)C1C(N(C(=O)C1=O)c2ccc(cc2)C3=NCCS3)c4ccccc4OC(C)C,7.38
524,CHEMBL3679822,COCCOc1ccccc1C2C(C(=O)C(=O)N2c3ccc(cc3)c4ccsc4)S(=O)(=O)C(C)C,7.38
525,CHEMBL3679746,COc1ccc(cc1)C(=O)C2C(N(C(=O)C2=O)c3ccc(cc3)c4cc(C)on4)c5ccccc5OC,7.38
526,CHEMBL3674939,CSc1ccc(cc1)N2C(C(C(=O)CC(C)C)C(=O)C2=O)c3ccccc3OC(C)C,7.38
527,CHEMBL3669806,COCc1ncccc1C2C(C(=O)C(C)(C)C)C(=O)C(=O)N2c3ccc(cc3)c4ccsc4,7.39
528,CHEMBL3674955,COc1ccc(F)cc1C2C(C(=O)C(C)C)C(=O)C(=O)N2c3ccc(cc3)c4csc(C)c4,7.39
529,CHEMBL3684577,COc1ccccc1C2N(C(=O)c3[nH]nc(c23)C(C)(C)C(=O)O)c4ccc(cc4)c5ccsc5,7.39
530,CHEMBL3669829,CC(C)C(=O)C1C(N(C(=O)C1=O)c2ccc(cc2)c3cocc3)c4ccccc4OCCO,7.4
531,CHEMBL3674889,CC(C)CC(=O)C1C(N(C(=O)C1=O)c2ccc(cc2)c3csc(C)c3)c4ccccc4OCCO,7.4
532,CHEMBL3674877,CC(C)CC(=O)C1C(N(C(=O)C1=O)c2ccc(cc2)c3oc(C)cc3)c4ccccc4OC(F)(F)F,7.4
533,CHEMBL3669696,CCC(CC)C1C(C(=O)c2ccc(cc2)C(=O)N(C)C)C(=O)C(=O)N1c3ccc(cc3)c4ccon4,7.4
534,CHEMBL3669712,COc1ccc(cc1)C(=O)C2C(N(C(=O)C2=O)c3ccc(cc3)c4onc(C)c4)c5ccccc5OC,7.4
535,CHEMBL3669840,COc1ccccc1[C@@H]2C(C(=O)C(C)C)C(=O)C(=O)N2c3ccc(cc3)c4cocc4,7.4
536,CHEMBL3679819,CSc1ccccc1C2C(C(=O)C(C)C)C(=O)C(=O)N2c3ccc(cc3)c4csc(C)c4,7.4
537,CHEMBL3669839,COCCOc1ccccc1C2C(C(=O)C(C)C)C(=O)C(=O)N2c3ccc(cc3)c4cocc4,7.41
538,CHEMBL3679791,COCc1ccccc1C2C(C(=O)C(C)C)C(=O)C(=O)N2c3ccc(cc3)C4=CCCC4,7.41
539,CHEMBL3684658,COc1ncccc1C2N(C(=O)c3n[nH]c(c23)C(C)(C)C)c4ccc(cn4)c5ccsc5,7.41
540,CHEMBL3679781,CCOc1ncccc1C2C(C(=O)C3CCCC3)C(=O)C(=O)N2c4ccc(cc4)c5ccsc5,7.43
541,CHEMBL3674865,COCOc1ccccc1C2C(C(=O)CC(C)C)C(=O)C(=O)N2c3ccc(cc3)c4cocc4,7.43
542,CHEMBL3674781,COc1ccccc1C2C(C(=O)C(C)C)C(=O)C(=O)N2c3ccc(cc3)c4csc(C)c4,7.43
543,CHEMBL3684576,CC(C)(C)c1[nH]nc2C(=O)N(C(c3cccc[n+]3[O-])c12)c4ccc(cc4)c5cccs5,7.44
544,CHEMBL3674953,CC(C)COc1ccccc1C2C(C(=O)C(C)C)C(=O)C(=O)N2c3ccc(cc3)c4ccon4,7.44
545,CHEMBL3679763,COCCN(C)C(=O)c1ccccc1C2C(C(=O)CC(C)C)C(=O)C(=O)N2c3ccc(cc3)c4csc(C)c4,7.44
546,CHEMBL3674963,COCc1ccccc1C2C(C(=O)c3cccnc3)C(=O)C(=O)N2c4ccc(cc4)c5ccsc5,7.44
547,CHEMBL3674956,COc1ccc(F)cc1C2C(C(=O)C(C)C)C(=O)C(=O)N2c3ccc(cc3)c4oc(C)cc4,7.44
548,CHEMBL3674808,COc1ccc(cn1)C(=O)C2C(C3COC(C)(C)OC3)N(C(=O)C2=O)c4ccc(cc4)c5ccsc5,7.44
549,CHEMBL3669835,COc1ccccc1C2C(C(=O)C(C)(C)C)C(=O)C(=O)N2c3ccc(cc3)c4csc(C)c4,7.44
550,CHEMBL3674898,COc1ccccc1C2C(C(=O)CC(C)C)C(=O)C(=O)N2c3ccc(cc3)c4oc(C)cc4,7.44
551,CHEMBL3684656,COc1ncccc1C2N(C(=O)c3n[nH]c(c23)C(C)(C)C)c4ccc(cn4)c5cccs5,7.44
552,CHEMBL3669801,CC(C)(C)C(=O)C1C(N(C(=O)C1=O)c2ccc(cc2)c3cocc3)c4ccccc4OCCO,7.46
553,CHEMBL3674943,CCOc1ncccc1C2C(C(=O)CC(C)C)C(=O)C(=O)N2c3ccc(cc3)c4ccsc4,7.46
554,CHEMBL3639787,CNC(=O)COc1ncccc1C2N(C(=O)c3n[nH]c(C(C)C)c23)c4ccc(cc4)c5ccsc5,7.46
555,CHEMBL3679828,COCCCOc1ncccc1C2C(C(=O)C(C)C)C(=O)C(=O)N2c3ccc(cc3)c4ccc(C)s4,7.46
556,CHEMBL3674887,COCOc1ccccc1C2C(C(=O)CC(C)C)C(=O)C(=O)N2c3ccc(cc3)c4csc(C)c4,7.46
557,CHEMBL3674762,COc1ccccc1C2C(C(=O)C(C)C)C(=O)C(=O)N2c3ccc(c(F)c3)c4ccsc4,7.46
558,CHEMBL3674765,COc1ccccc1C2C(C(=O)CC(C)C)C(=O)C(=O)N2c3ccc(cc3)c4ccsc4,7.46
559,CHEMBL3674820,CC(C)C(=O)C1C(N(C(=O)C1=O)c2ccc(cc2)c3ccsc3)c4ccccc4OC(F)(F)F,7.47
560,CHEMBL3679744,CC(C)C(=O)C1C(N(C(=O)C1=O)c2ccc(cc2)c3oc(C)cc3)c4cccnc4OCCCO,7.47
561,CHEMBL3684582,CNC(=O)C(C)(C)c1n[nH]c2C(=O)N(C(c3ccccc3OC)c12)c4ccc(cc4)c5ccsc5,7.47
562,CHEMBL3684575,COc1ccccc1C2N(C(=O)c3[nH]nc(c23)C(C)(C)C(=O)O)c4ccc(cc4)c5cccs5,7.47
563,CHEMBL3684628,COc1ccccc1[C@H]2N(C(=O)c3n[nH]c(c23)C(C)(C)CO)c4ccc(cc4)c5ccon5,7.47
564,CHEMBL3679785,CC(C)COc1ccccc1C2C(C(=O)C3CCCC3)C(=O)C(=O)N2c4ccc(cc4)c5noc(C)n5,7.48
565,CHEMBL3679796,CC(C)Oc1ccccc1C2C(C(=O)C(C)C)C(=O)C(=O)N2c3ccc(cc3)c4csnn4,7.48
566,CHEMBL3679903,CC(C)c1[nH]nc2C(=O)N(C(c3cccnc3OCC(=O)O)c12)c4ccc(cc4)c5ccsc5,7.48
567,CHEMBL3684564,CCC(CC)(CO)c1[nH]nc2C(=O)N(C(c3ccccc3OC)c12)c4ccc(cc4)c5ccon5,7.48
568,CHEMBL3679782,COCc1ccccc1C2C(C(=O)C3CCCC3)C(=O)C(=O)N2c4ccc(cc4)c5ccsc5,7.48
569,CHEMBL3684608,COc1ccccc1C2N(C(=O)c3n[nH]c(c23)C(C)(C)C)c4ccc(SC)cc4,7.48
570,CHEMBL3684646,COc1ccccc1C2N(C(=O)c3n[nH]c(c23)C(C)(C)C)c4ccc(cn4)c5cocc5,7.48
571,CHEMBL3684654,COc1ccccc1C2N(C(=O)c3n[nH]c(c23)C(C)(C)C)c4ccc(cn4)c5occc5,7.48
572,CHEMBL3643336,C[C@@H](Nc1ncnc2CCN(Cc12)c3ccc(Cl)cn3)c4ccc(nc4)C(F)(F)F,7.48
573,CHEMBL3679918,CC(C)(C)c1n[nH]c2C(=O)N(C(c3cccc[n+]3[O-])c12)c4ccc(cc4)c5ccsc5,7.5
574,CHEMBL3679798,CC(C)C(=O)C1C(N(C(=O)C1=O)c2ccc(cc2)c3oc(C)cc3)c4ccccc4CCC(=O)N,7.5
575,CHEMBL3674925,CC(C)Oc1ccccc1C2C(C(=O)C(C)C)C(=O)C(=O)N2c3ccc(cc3)c4csc(C)c4,7.5
576,CHEMBL3679930,CC(C)c1[nH]nc2C(=O)N(C(c3ccccc3CO)c12)c4ccc(cc4)c5ccsc5,7.5
577,CHEMBL3679816,COC(=O)C(C)(C)CC(=O)C1C(N(C(=O)C1=O)c2ccc(cc2)c3ccsc3)c4ccccc4OC,7.5
578,CHEMBL3669802,COCCOc1ccccc1C2C(C(=O)C(C)(C)C)C(=O)C(=O)N2c3ccc(cc3)c4cocc4,7.5
579,CHEMBL3674792,COCCOc1ncccc1C2C(C(=O)C(C)C)C(=O)C(=O)N2c3ccc(cc3)c4csc(C)c4,7.5
580,CHEMBL3679847,CSc1ccc(cc1)N2C(C(C(=O)C(C)C)C(=O)C2=O)c3ccccc3OCC4CC4,7.5
581,CHEMBL3679944,CC(C)(C)c1[nH]nc2C(=O)N(C(c3ccccc3OCCO)c12)c4ccc(cc4)c5ccon5,7.51
582,CHEMBL3674914,CC(C)CC(=O)C1C(N(C(=O)C1=O)c2ccc(cc2)c3ccsc3)c4ccccc4C(=O)N(C)C,7.51
583,CHEMBL3674821,COCc1ccccc1C2C(C(=O)CC(C)C)C(=O)C(=O)N2c3ccc(cc3)c4ccc(C)s4,7.51
584,CHEMBL3684661,COc1ccccc1C2N(C(=O)c3n[nH]c(c23)C(C)(C)CO)c4ccc(cn4)c5occc5,7.51
585,CHEMBL3684626,COc1ncccc1C2N(C(=O)c3n[nH]c(c23)C(C)(C)C)c4ccc(cc4)c5cccs5,7.51
586,CHEMBL3679849,CSc1ccc(cc1)N2C(C(C(=O)C(C)C)C(=O)C2=O)c3ccccc3OCC4CCOCC4,7.51
587,CHEMBL3674890,COCCOc1ccccc1C2C(C(=O)CC(C)C)C(=O)C(=O)N2c3ccc(cc3)c4csc(C)c4,7.52
588,CHEMBL3674772,COCCOc1ncccc1C2C(C(=O)CC(C)C)C(=O)C(=O)N2c3ccc(cc3)c4ccsc4,7.52
589,CHEMBL3674783,COc1ccccc1C2C(C(=O)C(C)C)C(=O)C(=O)N2c3ccc(cc3)c4ccc(C)s4,7.52
590,CHEMBL3674756,CC(C)C(=O)C1C(N(C(=O)C1=O)c2ccc(cc2)c3cccs3)c4cccnc4OCCO,7.54
591,CHEMBL3679846,CC(C)C(=O)C1C(N(C(=O)C1=O)c2ccc(cc2)c3ccon3)c4ccccc4OCC5CC5,7.54
592,CHEMBL3674915,CC(C)CC(=O)C1C(N(C(=O)C1=O)c2ccc(cc2)c3ccc(C)s3)c4ccccc4C(=O)N(C)C,7.54
593,CHEMBL3674774,CC(C)CC(=O)C1C(N(C(=O)C1=O)c2ccc(cc2)c3ccsc3)c4ccccc4OCCO,7.54
594,CHEMBL3643342,COc1ccc(cn1)[C@@H](CCO)Nc2ncnc3CCN(Cc23)c4ccc(C)cn4,7.54
595,CHEMBL3679848,CC(C)C(=O)C1C(N(C(=O)C1=O)c2ccc(cc2)c3ccon3)c4ccccc4OCC5CCOCC5,7.55
596,CHEMBL3674789,COCc1ccccc1C2C(C(=O)C(C)C)C(=O)C(=O)N2c3ccc(cc3)c4csc(C)c4,7.55
597,CHEMBL3684610,COc1ccccc1C2N(C(=O)c3n[nH]c(c23)C(C)(C)C)c4ccc(cc4)c5occc5,7.55
598,CHEMBL3643345,Cc1ccc(nc1)N2CCc3ncnc(N[C@H](CCO)c4ccc(C)nc4)c3C2,7.55
599,CHEMBL3679892,CC(C)(C)c1[nH]nc2C(=O)N(C(c3cccnc3OCCO)c12)c4ccc(cc4)c5cocc5,7.57
600,CHEMBL3674769,CC(C)C(=O)C1C(N(C(=O)C1=O)c2ccc(cc2)c3ccsc3)c4ccccc4C#N,7.57
601,CHEMBL3669699,CCCC(CCC)C1C(C(=O)c2ccc(CO)cc2)C(=O)C(=O)N1c3ccc(cc3)c4ccon4,7.57
602,CHEMBL3679945,CCOc1ccccc1C2N(C(=O)c3n[nH]c(c23)C(C)(C)C)c4ccc(cc4)c5ccon5,7.57
603,CHEMBL3674844,COc1cc(F)ccc1C2C(C(=O)CC(C)C)C(=O)C(=O)N2c3ccc(cc3)c4ccsc4,7.57
604,CHEMBL3643344,COc1ccc(cn1)[C@@H](CO)Nc2ncnc3CCN(Cc23)c4ccc(C)cn4,7.57
605,CHEMBL3684669,COc1ccccc1C2N(C(=O)c3n[nH]c(c23)C(C)(C)C)c4ccc(cc4)c5ccc(C)s5,7.57
606,CHEMBL3674961,CC(C)Oc1ccccc1C2C(C(=O)C(C)C)C(=O)C(=O)N2c3ccc(cc3)N4CCCC4,7.59
607,CHEMBL3679904,CC(C)c1[nH]nc2C(=O)N(C(c3cccnc3OCC(=O)N)c12)c4ccc(cc4)c5ccsc5,7.59
608,CHEMBL3679783,COCCOc1ncccc1C2C(C(=O)C3CCCC3)C(=O)C(=O)N2c4ccc(cc4)c5ccsc5,7.59
609,CHEMBL3674954,COc1ccc(F)cc1C2C(C(=O)C(C)C)C(=O)C(=O)N2c3ccc(cc3)c4ccsc4,7.59
610,CHEMBL3669803,CC(C)C(=O)C1C(N(C(=O)C1=O)c2ccc(cc2)c3ccsc3)c4ccccc4OCCN(C)C,7.6
611,CHEMBL3674873,CC(C)C(=O)C1C(N(C(=O)C1=O)c2ccc(cc2)c3oc(C)cc3)c4ccccc4OC(F)F,7.6
612,CHEMBL3674790,COCc1ccccc1C2C(C(=O)C(C)C)C(=O)C(=O)N2c3ccc(cc3)c4ccc(C)s4,7.6
613,CHEMBL3684665,COc1ncccc1C2N(C(=O)c3n[nH]c(c23)C(C)(C)C)c4ccc(nc4)c5cccs5,7.6
614,CHEMBL3669814,CC(C)(C)C(=O)C1C(N(C(=O)C1=O)c2ccc(cc2)c3cccs3)c4cccnc4OCCO,7.62
615,CHEMBL3674782,CC(C)C(=O)C1C(N(C(=O)C1=O)c2ccc(cc2)c3ccc(C)s3)c4ccccc4OCCO,7.62
616,CHEMBL3674874,CC(C)C(=O)C1C(N(C(=O)C1=O)c2ccc(cc2)c3oc(C)cc3)c4ccccc4OC(F)(F)F,7.62
617,CHEMBL2011125,CC(C)N1Cc2c(NCc3cnc4ccccc4c3)nc(nc2C1=O)N5CCN(CC5)C(=O)C,7.62
618,CHEMBL3674759,COCOc1ccccc1C2C(C(=O)C(C)C)C(=O)C(=O)N2c3ccc(cc3)c4cocc4,7.62
619,CHEMBL3679927,COc1ccccc1C2N(C(=O)c3n[nH]c(C4CC4)c23)c5ccc(cc5)c6ccsc6,7.62
620,CHEMBL3684663,COc1ncccc1C2N(C(=O)c3n[nH]c(c23)C(C)(C)C)c4ccc(nc4)c5ccsc5,7.62
621,CHEMBL3679953,COc1ncccc1C2N(C(=O)c3n[nH]c(c23)C(C)(C)CO)c4ccc(cc4)c5cccs5,7.62
622,CHEMBL3643347,Cc1ccc(nc1)N2CCc3ncnc(N[C@H](CCO)c4ccc(nc4)C(F)(F)F)c3C2,7.62
623,CHEMBL3674780,CC(C)C(=O)C1C(N(C(=O)C1=O)c2ccc(cc2)c3csc(C)c3)c4ccccc4OCCO,7.64
624,CHEMBL3679929,CC(C)c1[nH]nc2C(=O)N(C(c3ccccc3NC(=O)C)c12)c4ccc(cc4)c5ccsc5,7.64
625,CHEMBL3674758,COCCOc1ccccc1C2C(C(=O)C(C)C)C(=O)C(=O)N2c3ccc(cc3)c4occc4,7.64
626,CHEMBL3679877,COCCOc1ccccc1C2N(C(=O)c3n[nH]c(c23)C(C)(C)C)c4ccc(SC)cc4,7.64
627,CHEMBL3669742,COc1ccccc1C2C(C(=O)C(C)(C)C)C(=O)C(=O)N2c3ccc(cc3)c4cccs4,7.64
628,CHEMBL3684625,COc1ncccc1C2N(C(=O)c3n[nH]c(c23)C(C)(C)C)c4ccc(cc4)c5ccsc5,7.64
629,CHEMBL3674910,CC(C)Oc1ccccc1C2C(C(=O)C(C)C)C(=O)C(=O)N2c3ccc(cc3)c4ccc(C)s4,7.66
630,CHEMBL3669827,CNC(=O)COc1ccccc1C2C(C(=O)C(C)C)C(=O)C(=O)N2c3ccc(cc3)c4ccsc4,7.66
631,CHEMBL3679869,COCCOc1ccccc1C2N(C(=O)c3n[nH]c(c23)C(C)(C)C)c4ccc(cc4)c5ccon5,7.66
632,CHEMBL3669850,COc1ccccc1C2C(C(=O)C(C)C)C(=O)C(=O)N2c3ccc(cc3)c4cccs4,7.66
633,CHEMBL3684562,COc1ccccc1C2N(C(=O)c3n[nH]c(c23)C(C)(C)CO)c4ccc(cc4)c5nccs5,7.66
634,CHEMBL2324342,CC(C)N1Cc2c(N[C@H](C)c3cnc4ccccc4c3)nc(nc2C1=O)N5CCN(CC5)C(=O)C,7.68
635,CHEMBL3679870,CC(C)Oc1ccccc1C2N(C(=O)c3n[nH]c(c23)C(C)(C)C)c4ccc(cc4)c5ccon5,7.68
636,CHEMBL3674822,COCCOc1ccccc1C2C(C(=O)CC(C)C)C(=O)C(=O)N2c3ccc(cc3)c4ccc(C)s4,7.68
637,CHEMBL3674875,COCCOc1ncccc1C2C(C(=O)CC(C)C)C(=O)C(=O)N2c3ccc(cc3)c4oc(C)cc4,7.68
638,CHEMBL3669709,COc1ccc(cc1)C(=O)C2C(C3CCCCC3)N(C(=O)C2=O)c4ccc(cc4)c5onc(C)n5,7.68
639,CHEMBL3643332,COc1cccc(c1)[C@@H](C)Nc2ncnc3CCN(Cc23)c4ccc(C)cn4,7.68
640,CHEMBL3679952,COc1ncccc1C2N(C(=O)c3n[nH]c(c23)C(C)(C)CO)c4ccc(cc4)c5ccsc5,7.68
641,CHEMBL3674872,COCCOc1ncccc1C2C(C(=O)C(C)C)C(=O)C(=O)N2c3ccc(cc3)c4oc(C)cc4,7.7
642,CHEMBL3674823,COCOc1ccccc1C2C(C(=O)CC(C)C)C(=O)C(=O)N2c3ccc(cc3)c4ccc(C)s4,7.7
643,CHEMBL3684650,COc1ccccc1C2N(C(=O)c3n[nH]c(c23)C(C)(C)C)c4ccc(nc4)c5cocc5,7.7
644,CHEMBL3669809,CC(C)(C)C(=O)C1C(N(C(=O)C1=O)c2ccc(cc2)c3ccsc3)c4cccnc4OCCO,7.72
645,CHEMBL3674899,CC(C)CC(=O)C1C(N(C(=O)C1=O)c2ccc(cc2)c3oc(C)cc3)c4ccccc4OCCO,7.72
646,CHEMBL3639738,CC(C)COc1ccccc1C2C(C(=O)C(C)C)C(=O)C(=O)N2c3ccc(cc3)c4noc(C)n4,7.72
647,CHEMBL3669837,CNC(=O)COc1ncccc1C2C(C(=O)C(C)C)C(=O)C(=O)N2c3ccc(cc3)c4ccsc4,7.72
648,CHEMBL3679737,COCCCOc1ncccc1C2C(C(=O)C(C)C)C(=O)C(=O)N2c3ccc(cc3)c4oc(C)cc4,7.72
649,CHEMBL3674882,COCCOc1cc(F)ccc1C2C(C(=O)C(C)C)C(=O)C(=O)N2c3ccc(cc3)c4cocc4,7.72
650,CHEMBL3674785,COCCOc1ccccc1C2C(C(=O)C(C)C)C(=O)C(=O)N2c3ccc(cc3)c4csc(C)c4,7.72
651,CHEMBL3669812,COCCOc1ncccc1C2C(C(=O)C(C)C)C(=O)C(=O)N2c3ccc(cc3)c4ccsc4,7.72
652,CHEMBL3684637,COc1ccccc1C2N(C(=O)c3n[nH]c(C(C)C)c23)c4ccc(c(F)c4)c5ccsc5,7.72
653,CHEMBL3684668,COc1ccccc1C2N(C(=O)c3n[nH]c(c23)C(C)(C)C)c4ccc(cc4)c5csc(C)c5,7.72
654,CHEMBL3679864,CSc1ccc(cc1)N2C(c3ccccc3OCCO)c4c(n[nH]c4C(C)(C)C)C2=O,7.72
655,CHEMBL3643333,C[C@@H](Nc1ncnc2CCN(Cc12)c3ccc(C)cn3)c4ccc(F)cc4,7.72
656,CHEMBL3674819,CC(C)C(=O)C1C(N(C(=O)C1=O)c2ccc(cc2)c3ccsc3)c4ccccc4OC(F)F,7.75
657,CHEMBL3679789,CC(C)C(=O)C1C(N(C(=O)C1=O)c2ccc(cc2)c3ccsc3)c4cccnc4N5CCOCC5,7.75
658,CHEMBL3679823,CC(C)C(=O)C1C(N(C(=O)C1=O)c2ccc(cc2)c3ccsc3)c4cccnc4OCCCO,7.75
659,CHEMBL3674916,CC(C)CC(=O)C1C(N(C(=O)C1=O)c2ccc(cc2)c3cocc3)c4ccccc4OC(C)C,7.75
660,CHEMBL3679928,CC(C)c1[nH]nc2C(=O)N(C(c3ccccc3CN(C)C)c12)c4ccc(cc4)c5ccsc5,7.75
661,CHEMBL3679882,CN(C)CCOc1ccccc1C2N(C(=O)c3n[nH]c(c23)C(C)(C)C)c4ccc(cc4)c5ccsc5,7.75
662,CHEMBL3674757,COCOc1ccccc1C2C(C(=O)C(C)C)C(=O)C(=O)N2c3ccc(cc3)c4occc4,7.75
663,CHEMBL3674843,COc1cc(F)ccc1C2C(C(=O)C(C)C)C(=O)C(=O)N2c3ccc(cc3)c4ccsc4,7.75
664,CHEMBL3684653,COc1ccccc1C2N(C(=O)c3n[nH]c(c23)C(C)(C)C)c4ccc(cn4)c5cccs5,7.75
665,CHEMBL3679865,CC(C)(C)c1[nH]nc2C(=O)N(C(c3ccccc3OCCO)c12)c4ccc(cc4)c5nccs5,7.77
666,CHEMBL3679894,CC(C)(C)c1[nH]nc2C(=O)N(C(c3cccnc3OCCO)c12)c4ccc(cc4)c5occc5,7.77
667,CHEMBL3679769,CC(C)C(=O)C1C(N(C(=O)C1=O)c2ccc(cc2)c3noc(C)n3)c4ccccc4OC5CCCC5,7.77
668,CHEMBL3679906,CCOC(=O)c1ccc(cc1)N2C(c3ccccc3OC)c4c(n[nH]c4C(C)(C)C)C2=O,7.77
669,CHEMBL3669793,CNC(=O)COc1ccccc1C2C(C(=O)C(C)(C)C)C(=O)C(=O)N2c3ccc(cc3)c4ccsc4,7.77
670,CHEMBL3679756,COCCCOc1ccccc1C2C(C(=O)CC(C)C)C(=O)C(=O)N2c3ccc(cc3)c4ccsc4,7.77
671,CHEMBL3674775,COCCOc1ccccc1C2C(C(=O)CC(C)C)C(=O)C(=O)N2c3ccc(cc3)c4ccsc4,7.77
672,CHEMBL3684634,COc1ccccc1C2N(C(=O)c3n[nH]c(C(C)C)c23)c4ccc(c(OC)c4)c5ccsc5,7.77
673,CHEMBL3684611,COc1ccccc1C2N(C(=O)c3n[nH]c(c23)C(C)(C)C)c4ccc(cc4)c5ccsc5,7.77
674,CHEMBL3643348,C[C@@H](Nc1ncnc2CCN(Cc12)c3ccc(C)cn3)c4cnc(C)nc4,7.77
675,CHEMBL3669743,CC(C)(C)C(=O)C1C(N(C(=O)C1=O)c2ccc(cc2)c3cccs3)c4ccccc4OCCO,7.8
676,CHEMBL3679922,CC(C)c1[nH]nc2C(=O)N(C(c3ccccc3OCCN(C)C)c12)c4ccc(cc4)c5ccsc5,7.8
677,CHEMBL3679896,CC(C)c1[nH]nc2C(=O)N(C(c3cccnc3OCCO)c12)c4ccc(cc4)c5ccsc5,7.8
678,CHEMBL3674883,COCCOc1cc(F)ccc1C2C(C(=O)CC(C)C)C(=O)C(=O)N2c3ccc(cc3)c4cocc4,7.8
679,CHEMBL3669785,COCCOc1ncccc1C2C(C(=O)C(C)(C)C)C(=O)C(=O)N2c3ccc(cc3)c4ccsc4,7.8
680,CHEMBL3674786,COCOc1ccccc1C2C(C(=O)C(C)C)C(=O)C(=O)N2c3ccc(cc3)c4csc(C)c4,7.8
681,CHEMBL3669741,COc1ccccc1C2C(C(=O)C(C)(C)C)C(=O)C(=O)N2c3ccc(cc3)c4ccsc4,7.8
682,CHEMBL3669804,COc1ccccc1C2C(C(=O)C(C)C)C(=O)C(=O)N2c3ccc(cc3)c4ccsc4,7.8
683,CHEMBL3684631,COc1ccccc1C2N(C(=O)c3n[nH]c(c23)C(C)(C)CO)c4ccc(cc4)c5cc[nH]c5,7.8
684,CHEMBL3674800,COc1ccccc1[C@@H]2C(C(=O)CC(C)C)C(=O)C(=O)N2c3ccc(cc3)c4ccsc4,7.8
685,CHEMBL3669791,C[S+]([O-])CCOc1ccccc1C2C(C(=O)C(C)(C)C)C(=O)C(=O)N2c3ccc(cc3)c4ccsc4,7.8
686,CHEMBL3679951,CC(C)(C)c1[nH]nc2C(=O)N(C(c3ccccc3OCC#N)c12)c4ccc(cc4)c5ccon5,7.82
687,CHEMBL3669783,CN(C)CCOc1ccccc1C2C(C(=O)C(C)(C)C)C(=O)C(=O)N2c3ccc(cc3)c4ccsc4,7.82
688,CHEMBL3679876,COCCOc1ccccc1C2N(C(=O)c3n[nH]c(c23)C(C)(C)C)c4ccc(cc4)c5noc(C)n5,7.82
689,CHEMBL3669795,COCCOc1ncccc1C2C(C(=O)C(C)(C)C)C(=O)C(=O)N2c3ccc(cc3)c4cccs4,7.82
690,CHEMBL3639736,COCCOc1ncccc1C2C(C(=O)C(C)C)C(=O)C(=O)N2c3ccc(cc3)c4cccs4,7.82
691,CHEMBL3674771,COCCc1ccccc1C2C(C(=O)C(C)C)C(=O)C(=O)N2c3ccc(cc3)c4ccsc4,7.82
692,CHEMBL3674903,COCc1ccccc1[C@@H]2C(C(=O)C(C)C)C(=O)C(=O)N2c3ccc(cc3)c4ccc(C)s4,7.82
693,CHEMBL3669774,COc1ccc(cc1)C(=O)C2C(N(C(=O)C2=O)c3nc4ccc(OC)cc4s3)c5ccccc5OCCO,7.82
694,CHEMBL3684619,COc1ccccc1C2N(C(=O)c3n[nH]c(c23)C(C)(C)CO)c4ccc(cc4)c5occc5,7.82
695,CHEMBL3643334,C[C@@H](Nc1ncnc2CCN(Cc12)c3ccc(C)cn3)c4ccc(nc4)C(F)(F)F,7.82
696,CHEMBL3669828,CC(C)C(=O)C1C(N(C(=O)C1=O)c2ccc(cc2)c3ccsc3)c4ccccc4OCC(=O)N,7.85
697,CHEMBL3669838,CC(C)C(=O)C1C(N(C(=O)C1=O)c2ccc(cc2)c3ccsc3)c4cccnc4OCC(=O)N,7.85
698,CHEMBL3674908,CC(C)CC(=O)C1C(N(C(=O)C1=O)c2ccc(cc2)c3oc(C)cc3)c4ccccc4OC(C)C,7.85
699,CHEMBL3669701,CCC(CC)C1C(C(=O)c2ccc(cc2)C(=O)NCCO)C(=O)C(=O)N1c3ccc(cc3)c4ccon4,7.85
700,CHEMBL3679879,COC(=O)COc1ccccc1C2N(C(=O)c3n[nH]c(c23)C(C)(C)C)c4ccc(cc4)c5ccon5,7.85
701,CHEMBL3669844,COCCOc1ccccc1[C@@H]2C(C(=O)C(C)C)C(=O)C(=O)N2c3ccc(cc3)c4cocc4,7.85
702,CHEMBL3674791,COCCOc1ncccc1C2C(C(=O)C(C)C)C(=O)C(=O)N2c3ccc(cc3)c4ccc(C)s4,7.85
703,CHEMBL3679889,COCCOc1ncccc1C2N(C(=O)c3n[nH]c(c23)C(C)(C)C)c4ccc(cc4)c5cocc5,7.85
704,CHEMBL3674788,COCOc1ccccc1C2C(C(=O)C(C)C)C(=O)C(=O)N2c3ccc(cc3)c4ccc(C)s4,7.85
705,CHEMBL3674957,COCc1ccccc1[C@@H]2C(C(=O)C(C)C)C(=O)C(=O)N2c3ccc(cc3)c4csc(C)c4,7.85
706,CHEMBL3669702,COc1ccc(cc1)C(=O)C2C(C3CCCCC3)N(C(=O)C2=O)c4nc5ccc(OC)cc5s4,7.85
707,CHEMBL3684623,COc1ccccc1C2N(C(=O)c3n[nH]c(c23)C(C)(C)CO)c4ccc(cc4)c5cocc5,7.85
708,CHEMBL3669739,CC(C)(C)C(=O)C1C(N(C(=O)C1=O)c2ccc(cc2)c3ccsc3)c4ccccc4OCCO,7.89
709,CHEMBL3679948,CC(C)(C)c1[nH]nc2C(=O)N(C(c3ccccc3OCCO)c12)c4ccc(cc4)c5occc5,7.89
710,CHEMBL3669805,CC(C)C(=O)C1C(N(C(=O)C1=O)c2ccc(cc2)c3ccsc3)c4ccccc4OCCO,7.89
711,CHEMBL3669810,CC(C)C(=O)C1C(N(C(=O)C1=O)c2ccc(cc2)c3ccsc3)c4ccccc4OCC[S+](C)[O-],7.89
712,CHEMBL3674881,CC(C)CC(=O)C1C(N(C(=O)C1=O)c2ccc(cc2)c3ccsc3)c4ccccc4OCCCO,7.89
713,CHEMBL3674952,CC(C)COc1ccccc1C2C(C(=O)C(C)C)C(=O)C(=O)N2c3ccc(cc3)c4ccsc4,7.89
714,CHEMBL3674944,CCOc1ncccc1C2C(C(=O)C(C)C)C(=O)C(=O)N2c3ccc(cc3)c4ccsc4,7.89
715,CHEMBL3679824,COCCCOc1ncccc1C2C(C(=O)C(C)C)C(=O)C(=O)N2c3ccc(cc3)c4ccsc4,7.89
716,CHEMBL3669771,COCCOc1ccccc1C2C(C(=O)C(C)(C)C)C(=O)C(=O)N2c3ccc(cc3)c4cccs4,7.89
717,CHEMBL3684671,COCCOc1ncccc1C2N(C(=O)c3n[nH]c(C(C)C)c23)c4ccc(cc4)c5ccsc5,7.89
718,CHEMBL3669851,COCc1ccccc1C2C(C(=O)C(C)C)C(=O)C(=O)N2c3ccc(cc3)c4cccs4,7.89
719,CHEMBL3669825,COCc1ccccc1C2C(C(=O)C(C)C)C(=O)C(=O)N2c3ccc(cc3)c4ccsc4,7.89
720,CHEMBL3684647,COc1ccccc1C2N(C(=O)c3n[nH]c(c23)C(C)(C)C)c4ccc(cn4)c5ccsc5,7.89
721,CHEMBL3674751,CC(C)C(=O)C1C(N(C(=O)C1=O)c2ccc(cc2)c3cccs3)c4ccccc4OCCO,7.92
722,CHEMBL3669853,CC(C)C(=O)C1C(N(C(=O)C1=O)c2ccc(cc2)c3ccsc3)c4ccccc4OCc5nnn[nH]5,7.92
723,CHEMBL3679766,CC(C)C(=O)C1C(N(C(=O)C1=O)c2ccc(cc2)c3csc(C)c3)c4ccccc4OCC5OCCO5,7.92
724,CHEMBL3674812,CC(C)CC(=O)C1C(N(C(=O)C1=O)c2ccc(cc2)c3ccsc3)c4ccccc4OC(C)C,7.92
725,CHEMBL3684594,CC(C)c1[nH]nc2C(=O)N(C(c3ccccc3OCC(C)(C)O)c12)c4ccc(cc4)c5ccsc5,7.92
726,CHEMBL3669697,CCNC(=O)c1ccc(cc1)C(=O)C2C(C(CC)CC)N(C(=O)C2=O)c3ccc(cc3)c4ccon4,7.92
727,CHEMBL3669762,COC(=O)COc1ccccc1C2C(C(=O)C(C)(C)C)C(=O)C(=O)N2c3ccc(cc3)c4cccs4,7.92
728,CHEMBL3669763,COC(=O)COc1ccccc1C2C(C(=O)C(C)(C)C)C(=O)C(=O)N2c3ccc(cc3)c4ccsc4,7.92
729,CHEMBL3679939,COC(=O)Nc1ccccc1C2N(C(=O)c3n[nH]c(C(C)C)c23)c4ccc(cc4)c5ccsc5,7.92
730,CHEMBL3674754,COCCOc1ccccc1C2C(C(=O)C(C)C)C(=O)C(=O)N2c3ccc(cc3)c4cccs4,7.92
731,CHEMBL3684543,COCCOc1ccccc1C2N(C(=O)c3n[nH]c(c23)C(C)(C)C)c4ccc(cc4)c5cccs5,7.92
732,CHEMBL3669722,COc1ccc(cc1)C(=O)C2C(C3CCCCC3)N(C(=O)C2=O)c4ccc(cc4)c5cocc5,7.92
733,CHEMBL3639685,COc1ccc(cc1)C(=O)C2C(C3CCCCC3)N(C(=O)C2=O)c4ccc(cc4)c5occc5,7.92
734,CHEMBL3679920,C[S+]([O-])CCOc1ccccc1C2N(C(=O)c3n[nH]c(c23)C(C)(C)C)c4ccc(cc4)c5ccsc5,7.92
735,CHEMBL3684595,CC(C)c1[nH]nc2C(=O)N(C(c3ccccc3OCC(=N)NO)c12)c4ccc(cc4)c5ccsc5,7.96
736,CHEMBL3679898,CC(C)c1[nH]nc2C(=O)N(C(c3ccccc3OCC(=O)O)c12)c4ccc(cc4)c5ccsc5,7.96
737,CHEMBL3679924,CC(C)c1[nH]nc2C(=O)N(C(c3ccccc3OCC[S+](C)[O-])c12)c4ccc(cc4)c5ccsc5,7.96
738,CHEMBL3679900,CNC(=O)COc1ccccc1C2N(C(=O)c3n[nH]c(C(C)C)c23)c4ccc(cc4)c5ccsc5,7.96
739,CHEMBL3669772,COCCOc1ccccc1C2C(C(=O)C(C)(C)C)C(=O)C(=O)N2c3ccc(cc3)c4ccsc4,7.96
740,CHEMBL3684544,COCCOc1ccccc1C2N(C(=O)c3n[nH]c(c23)C(C)(C)C)c4ccc(cc4)c5ccsc5,7.96
741,CHEMBL3674904,COCc1ccccc1[C@@H]2C(C(=O)C(C)C)C(=O)C(=O)N2c3ccc(cc3)c4cccs4,7.96
742,CHEMBL3684584,COc1ccccc1C2N(C(=O)c3[nH]nc(c23)C(C)(C)C(=O)N(C)C)c4ccc(cc4)c5ccsc5,7.96
743,CHEMBL3679923,COc1ccccc1C2N(C(=O)c3n[nH]c(C(C)C)c23)c4ccc(cc4)c5ccsc5,7.96
744,CHEMBL3684618,COc1ccccc1C2N(C(=O)c3n[nH]c(c23)C(C)(C)C)c4ccc(cc4)c5cccs5,7.96
745,CHEMBL3684660,COc1ccccc1C2N(C(=O)c3n[nH]c(c23)C(C)(C)CO)c4ccc(cn4)c5cccs5,7.96
746,CHEMBL3679893,CC(C)(C)c1[nH]nc2C(=O)N(C(c3cccnc3OCCO)c12)c4ccc(cc4)c5cccs5,8.0
747,CHEMBL3679803,CC(C)OCc1ccccc1C2C(C(=O)C(C)C)C(=O)C(=O)N2c3ccc(cc3)c4ccsc4,8.0
748,CHEMBL3679745,CC(C)Oc1ncccc1C2C(C(=O)C(C)C)C(=O)C(=O)N2c3ccc(cc3)c4oc(C)cc4,8.0
749,CHEMBL3684588,CC(C)c1[nH]nc2C(=O)N(C(c3ccccc3OCCNC(=O)C)c12)c4ccc(cc4)c5ccsc5,8.0
750,CHEMBL3684551,COCCOc1ccccc1C2N(C(=O)c3n[nH]c(c23)C(C)(C)C)c4ccc(cc4)c5cocc5,8.0
751,CHEMBL3674773,COCOc1ccccc1C2C(C(=O)CC(C)C)C(=O)C(=O)N2c3ccc(cc3)c4ccsc4,8.0
752,CHEMBL3674776,COCc1ccccc1C2C(C(=O)CC(C)C)C(=O)C(=O)N2c3ccc(cc3)c4ccsc4,8.0
753,CHEMBL3679931,CC(C)c1[nH]nc2C(=O)N(C(c3ccccc3NC(=O)N)c12)c4ccc(cc4)c5ccsc5,8.05
754,CHEMBL3679872,COC(=O)COc1ccccc1C2N(C(=O)c3n[nH]c(c23)C(C)(C)C)c4ccc(cc4)c5cccs5,8.05
755,CHEMBL3674879,COCCOc1cc(F)ccc1C2C(C(=O)CC(C)C)C(=O)C(=O)N2c3ccc(cc3)c4ccsc4,8.05
756,CHEMBL3669797,CC(C)(C)C(=O)C1C(N(C(=O)C1=O)c2ccc(cc2)c3ccsc3)c4ccccc4OCC(=O)N,8.1
757,CHEMBL3684550,CC(C)(C)c1[nH]nc2C(=O)N(C(c3ccccc3OCCO)c12)c4ccc(cc4)c5cocc5,8.1
758,CHEMBL3679764,CC(C)CC(=O)C1C(N(C(=O)C1=O)c2ccc(cc2)c3ccsc3)c4ccccc4OCC(CO)CO,8.1
759,CHEMBL3674817,CC(C)Oc1ccccc1C2C(C(=O)C(C)C)C(=O)C(=O)N2c3ccc(cc3)c4ccsc4,8.1
760,CHEMBL3679805,CCOCOc1ccccc1C2C(C(=O)C(C)C)C(=O)C(=O)N2c3ccc(cc3)c4ccsc4,8.1
761,CHEMBL3679871,COC(=O)COc1ccccc1C2N(C(=O)c3n[nH]c(c23)C(C)(C)C)c4ccc(cc4)c5ccsc5,8.1
762,CHEMBL3674787,COCCOc1ccccc1C2C(C(=O)C(C)C)C(=O)C(=O)N2c3ccc(cc3)c4ccc(C)s4,8.1
763,CHEMBL3679878,COCCOc1ccccc1C2N(C(=O)c3n[nH]c(c23)C(C)(C)C)c4ccc(cc4)c5occc5,8.1
764,CHEMBL3679888,COCCOc1ncccc1C2N(C(=O)c3n[nH]c(c23)C(C)(C)C)c4ccc(cc4)c5occc5,8.1
765,CHEMBL3674755,COCOc1ccccc1C2C(C(=O)C(C)C)C(=O)C(=O)N2c3ccc(cc3)c4cccs4,8.1
766,CHEMBL3674779,COCc1ccccc1[C@@H]2C(C(=O)C(C)C)C(=O)C(=O)N2c3ccc(cc3)c4ccsc4,8.1
767,CHEMBL3684649,COc1ccccc1C2N(C(=O)c3n[nH]c(c23)C(C)(C)CO)c4ccc(cn4)c5ccsc5,8.1
768,CHEMBL3669843,COc1ccccc1[C@@H]2C(C(=O)C(C)C)C(=O)C(=O)N2c3ccc(cc3)c4ccsc4,8.1
769,CHEMBL3679818,CSc1ccccc1C2C(C(=O)C(C)C)C(=O)C(=O)N2c3ccc(cc3)c4ccsc4,8.1
770,CHEMBL3684583,CC(C)(C)c1[nH]nc2C(=O)N(C(c3ccccc3OCCNS(=O)(=O)C)c12)c4ccc(cc4)c5ccsc5,8.16
771,CHEMBL3674933,CC(C)C(=O)C1C(N(C(=O)C1=O)c2ccc(cc2)c3ccsc3)c4ccccc4OCCCO,8.16
772,CHEMBL3674906,CC(C)Oc1ccccc1C2C(C(=O)C(C)C)C(=O)C(=O)N2c3ccc(cc3)c4oc(C)cc4,8.16
773,CHEMBL3679901,CC(C)c1[nH]nc2C(=O)N(C(c3ccccc3OCC(=O)N)c12)c4ccc(cc4)c5ccsc5,8.16
774,CHEMBL3684578,CN(C)C(=O)COc1ccccc1C2N(C(=O)c3n[nH]c(c23)C(C)(C)C)c4ccc(cc4)c5ccsc5,8.16
775,CHEMBL3674878,COCCOc1cc(F)ccc1C2C(C(=O)C(C)C)C(=O)C(=O)N2c3ccc(cc3)c4ccsc4,8.16
776,CHEMBL3639686,COCCOc1ccccc1C2C(C(=O)C(C)C)C(=O)C(=O)N2c3ccc(cc3)c4ccsc4,8.16
777,CHEMBL3674896,COCCOc1ccccc1C2C(C(=O)CC(C)C)C(=O)C(=O)N2c3ccc(cc3)c4oc(C)cc4,8.16
778,CHEMBL3674967,COCCOc1ccccc1[C@@H]2C(C(=O)C(C)C)C(=O)C(=O)N2c3ccc(cc3)c4ccc(C)s4,8.16
779,CHEMBL3679738,COCCOc1ncccc1[C@@H]2C(C(=O)C(C)C)C(=O)C(=O)N2c3ccc(cc3)c4ccc(C)s4,8.16
780,CHEMBL3674895,COCc1ccccc1C2C(C(=O)CC(C)C)C(=O)C(=O)N2c3ccc(cc3)c4oc(C)cc4,8.16
781,CHEMBL3674871,COCc1ccccc1[C@@H]2C(C(=O)CC(C)C)C(=O)C(=O)N2c3ccc(cc3)c4ccsc4,8.16
782,CHEMBL3684662,COc1ccccc1C2N(C(=O)c3n[nH]c(c23)C(C)(CO)CO)c4ccc(cc4)c5ccsc5,8.16
783,CHEMBL3674946,CC(C)C(=O)C1C(N(C(=O)C1=O)c2ccc(cc2)c3ccsc3)c4ccccc4N5CCOCC5,8.22
784,CHEMBL3674958,CC(C)C(=O)C1C(N(C(=O)C1=O)c2ccc(cc2)c3ccsc3)c4ccccc4OCC(CO)CO,8.22
785,CHEMBL3684644,CC(C)c1[nH]nc2C(=O)N(C(c3ccccc3OCCS(=O)(=O)C)c12)c4ccc(cc4)c5ccsc5,8.22
786,CHEMBL3679755,COCCCOc1ccccc1C2C(C(=O)C(C)C)C(=O)C(=O)N2c3ccc(cc3)c4ccsc4,8.22
787,CHEMBL3674750,COCCOc1ccccc1[C@@H]2C(C(=O)C(C)C)C(=O)C(=O)N2c3ccc(cc3)c4ccsc4,8.22
788,CHEMBL3679886,COCCOc1ncccc1C2N(C(=O)c3n[nH]c(c23)C(C)(C)C)c4ccc(cc4)c5cccs5,8.22
789,CHEMBL3679883,COCCOc1ncccc1C2N(C(=O)c3n[nH]c(c23)C(C)(C)C)c4ccc(cc4)c5ccsc5,8.22
790,CHEMBL3674905,COCCOc1ncccc1[C@@H]2C(C(=O)C(C)C)C(=O)C(=O)N2c3ccc(cc3)c4ccsc4,8.22
791,CHEMBL3669849,COCOc1ccccc1C2C(C(=O)C(C)C)C(=O)C(=O)N2c3ccc(cc3)c4ccsc4,8.22
792,CHEMBL3674897,COCOc1ccccc1C2C(C(=O)CC(C)C)C(=O)C(=O)N2c3ccc(cc3)c4oc(C)cc4,8.22
793,CHEMBL3669820,CC(C)(C)C(=O)C1C(N(C(=O)C1=O)c2ccc(cc2)c3ccsc3)c4ccccc4OCC#N,8.3
794,CHEMBL3679890,CC(C)(C)c1[nH]nc2C(=O)N(C(c3cccnc3OCCO)c12)c4ccc(cc4)c5ccsc5,8.3
795,CHEMBL3674748,CC(C)C(=O)C1C(N(C(=O)C1=O)c2ccc(cc2)c3ccsc3)c4ccccc4OCC(=N)NO,8.3
796,CHEMBL3679812,CC(C)C(=O)C1C(N(C(=O)C1=O)c2ccc(cc2)c3ccsc3)c4ccccc4OCC5OCCO5,8.3
797,CHEMBL3674945,CC(C)CC(=O)C1C(N(C(=O)C1=O)c2ccc(cc2)c3ccsc3)c4ccccc4N5CCOCC5,8.3
798,CHEMBL3684635,CC(C)c1[nH]nc2C(=O)N(C(c3ccccc3OC(CO)CO)c12)c4ccc(cc4)c5ccsc5,8.3
799,CHEMBL3679902,CC(C)c1[nH]nc2C(=O)N(C(c3ccccc3OCC(=O)NN)c12)c4ccc(cc4)c5ccsc5,8.3
800,CHEMBL3684579,CNC(=O)COc1ccccc1C2N(C(=O)c3n[nH]c(c23)C(C)(C)C)c4ccc(cc4)c5ccsc5,8.3
801,CHEMBL3684622,COc1ccccc1C2N(C(=O)c3n[nH]c(c23)C(C)(C)CO)c4ccc(cc4)c5cccs5,8.3
802,CHEMBL3684585,CC(C)(C)c1[nH]nc2C(=O)N(C(c3ccccc3OCC#N)c12)c4ccc(cc4)c5ccsc5,8.4
803,CHEMBL3684581,CC(C)(C)c1[nH]nc2C(=O)N(C(c3ccccc3OCC(=O)N)c12)c4ccc(cc4)c5ccsc5,8.4
804,CHEMBL3679873,CC(C)(C)c1[nH]nc2C(=O)N(C(c3ccccc3OCC(=O)O)c12)c4ccc(cc4)c5cccs5,8.4
805,CHEMBL3679874,CC(C)(C)c1[nH]nc2C(=O)N(C(c3ccccc3OCC(=O)O)c12)c4ccc(cc4)c5ccsc5,8.4
806,CHEMBL3679863,CC(C)(C)c1[nH]nc2C(=O)N(C(c3ccccc3OCCO)c12)c4ccc(cc4)c5cccs5,8.4
807,CHEMBL3669822,CC(C)C(=O)C1C(N(C(=O)C1=O)c2ccc(cc2)c3ccsc3)c4ccccc4OCC#N,8.4
808,CHEMBL3679752,CC(C)C(=O)C1C(N(C(=O)C1=O)c2ccc(cc2)c3oc(C)cc3)c4ccccc4N5CCOCC5,8.4
809,CHEMBL3679932,CC(C)c1[nH]nc2C(=O)N(C(c3ccccc3NS(=O)(=O)C)c12)c4ccc(cc4)c5ccsc5,8.4
810,CHEMBL3684553,CC(C)c1[nH]nc2C(=O)N(C(c3ccccc3OCC#N)c12)c4ccc(cc4)c5ccsc5,8.4
811,CHEMBL3684555,COCCOc1ccccc1C2N(C(=O)c3n[nH]c(c23)C(C)(C)CO)c4ccc(cc4)c5ccsc5,8.4
812,CHEMBL3679947,CC(C)(C)c1[nH]nc2C(=O)N(C(c3ccccc3OCCO)c12)c4ccc(cc4)c5ccsc5,8.52
813,CHEMBL3684586,CC(C)(C)c1[nH]nc2C(=O)N(C(c3ccccc3OCc4nnn[nH]4)c12)c5ccc(cc5)c6ccsc6,8.52
814,CHEMBL3684587,CC(C)c1[nH]nc2C(=O)N(C(c3ccccc3OCc4nnn[nH]4)c12)c5ccc(cc5)c6ccsc6,8.52
815,CHEMBL3684652,COc1ccccc1C2N(C(=O)c3n[nH]c(c23)C(C)(C)C)c4ccc(nc4)c5cccs5,8.52
816,CHEMBL3684621,COc1ccccc1C2N(C(=O)c3n[nH]c(c23)C(C)(C)CO)c4ccc(cc4)c5ccsc5,8.52
817,CHEMBL3679937,CC(C)c1[nH]nc2C(=O)N(C(c3ccccc3C(=O)N(C)C)c12)c4ccc(cc4)c5ccsc5,8.7
818,CHEMBL3679934,CC(C)c1[nH]nc2C(=O)N(C(c3ccccc3C(=O)N)c12)c4ccc(cc4)c5ccsc5,8.7
819,CHEMBL3679935,CC(C)c1[nH]nc2C(=O)N(C(c3ccccc3C(=O)NCCO)c12)c4ccc(cc4)c5ccsc5,8.7
820,CHEMBL3679936,CNC(=O)c1ccccc1C2N(C(=O)c3n[nH]c(C(C)C)c23)c4ccc(cc4)c5ccsc5,8.7
821,CHEMBL3684651,COc1ccccc1C2N(C(=O)c3n[nH]c(c23)C(C)(C)C)c4ccc(nc4)c5ccsc5,8.7
