,molecule_chembl_id,canonical_smiles,pchembl_value
0,dantrolene,[O-][N+](=O)C1=CC=C(C=C1)C1=CC=C(O1)\C=N\N1CC(=O)NC1=O,6.757000000000001
1,CHEMBL360190,O\N=C\1/Cc2ccc(Oc3cc(C\C(=N/O)\C(=O)N\C=C\c4ccc(Oc5cc(CCNC1=O)cc(Br)c5O)c(Br)c4)cc(Br)c3O)c(Br)c2,5.2
2,CHEMBL213853,Oc1c(Br)cc2CCNC(=O)CCNC(=O)CCc3ccc(Oc1c2)c(Br)c3,5.22
3,CHEMBL504851,O\N=C/1\Cc2ccc(Oc3cc(C\C(=N/O)\C(=O)NC[C@@H](O)c4ccc(Oc5cc(CCNC1=O)cc(Br)c5O)c(Br)c4)cc(Br)c3O)c(Br)c2,5.24
4,CHEMBL505907,O\N=C/1\Cc2cc(Br)c(Oc3cc(C\C(=N\O)\C(=O)NCCc4cc(Br)c(Oc5cc(CCNC1=O)cc(Br)c5O)c(Br)c4)cc(Br)c3O)c(Br)c2,5.59
5,CHEMBL439151,O\N=C/1\Cc2cc(Br)c(Oc3cc(C\C(=N\O)\C(=O)NCCc4ccc(Oc5cc(CCNC1=O)cc(Br)c5O)c(Br)c4)cc(Br)c3O)c(Br)c2,5.66
6,CHEMBL308183,CC(C)C1(O)C(OC(=O)c2ccc[nH]2)C3(O)C4(C)CC5(O)OC6(C(O)C(C)CCC46O)C3(O)C15C,8.46
45,CHEMBL386905,Oc1c(Br)cc2CCNC(=O)CCc3ccc(Oc1c2)c(Br)c3,4.96
53,CHEMBL455487,O\N=C\1/Cc2cc(Br)c(Oc3cc(C\C(=N/O)\C(=O)N\C=C\c4ccc(Oc5cc(CCNC1=O)cc(Br)c5O)c(Br)c4)cc(Br)c3O)c(Br)c2,4.83
