,molecule_chembl_id,canonical_smiles,pchembl_value
0,phenytoin,O=C1NC(=O)C(N1)(C1=CC=CC=C1)C1=CC=CC=C1,
1,benzocaine,CCOC(=O)C1=CC=C(N)C=C1,
2,zonisamide,OS(=N)(=O)Cc1noc2ccccc12,
3,ropivacaine,CCCN1CCCC[C@H]1C(=O)NC1=C(C)C=CC=C1C,
4,orphenadrine,CN(C)CCOC(C1=CC=CC=C1)C1=C(C)C=CC=C1,4.8894
5,mepivacaine,[H]C1(CCCCN1C)C(=O)NC1=C(C)C=CC=C1C,
6,topiramate,[H][C@@]12CO[C@@]3(COS(N)(=O)=O)OC(C)(C)O[C@@]3([H])[C@]1([H])OC(C)(C)O2,
7,lamotrigine,NC1=NN=C(C(N)=N1)C1=C(Cl)C(Cl)=CC=C1,
8,ethotoin,CCN1C(=O)NC(C1=O)C1=CC=CC=C1,
9,phenazopyridine,NC1=NC(N)=C(C=C1)\N=N\C1=CC=CC=C1,
10,mephenytoin,CCC1(NC(=O)N(C)C1=O)C1=CC=CC=C1,
11,rufinamide,NC(=O)C1=CN(CC2=C(F)C=CC=C2F)N=N1,
12,hexylcaine,CC(CNC1CCCCC1)OC(=O)C1=CC=CC=C1,5.15
13,tetracaine,CCCCNC1=CC=C(C=C1)C(=O)OCCN(C)C,5.47
14,articaine,CCCNC(C)C(=O)NC1=C(SC=C1C)C(=O)OC,4.29
15,propoxycaine,CCCOC1=C(C=CC(N)=C1)C(=O)OCCN(CC)CC,4.62
16,proparacaine,CCCOC1=C(N)C=C(C=C1)C(=O)OCCN(CC)CC,5.72
17,oxybuprocaine,CCCCOC1=C(N)C=CC(=C1)C(=O)OCCN(CC)CC,5.54
18,quinidine,[H][C@@]1(C[C@@H]2CC[N@]1C[C@@H]2C=C)[C@@H](O)C1=CC=NC2=CC=C(OC)C=C12,5.49
19,eslicarbazepine acetate,CC(=O)O[C@H]1CC2=C(C=CC=C2)N(C(N)=O)C2=CC=CC=C12,
20,procainamide,CCN(CC)CCNC(=O)C1=CC=C(N)C=C1,
21,tocainide,CC(N)C(=O)NC1=C(C)C=CC=C1C,
22,prilocaine,CCCNC(C)C(=O)NC1=C(C)C=CC=C1,4.26999998
23,CHEMBL3236329,FC(F)(F)Oc1cccc(c1)C(=O)NCc2noc(n2)c3c4ccccc4nn3CCn5ccnc5,5.07
24,CHEMBL3634333,OC(COc1ccccc1)CN2CCC(CC2)N3Cc4ccccc4C3=O,5.1
25,CHEMBL3634324,OC(COc1ccccc1C(=O)c2ccccc2)CN3CCC(CC3)c4cccc5NC(=O)CCc45,5.15
26,CHEMBL3617063,Nc1nc2cc(ccc2[nH]1)c3cc(Cl)ccc3Oc4cc(F)c(cc4F)S(=O)(=O)Nc5ncns5,5.2
27,CHEMBL3634327,OC(COc1ccccc1C(=O)c2ccccc2)CN3CCC(CC3)N4C(=O)Oc5ccccc45,5.27
28,CHEMBL3809641,Cc1noc(CN2N=C3C=CC(=CN3C2=O)c4ccc(OC(F)(F)F)cc4)n1,5.32
29,CHEMBL3634326,OC(COc1ccccc1C(=O)c2ccccc2)CN3CCC(CC3)N4C(=O)COc5ccccc45,5.32
30,CHEMBL3634337,OC(COc1ccccc1C(F)(F)F)CN2CCC(CC2)N3Cc4ccccc4C3=O,5.35
31,CHEMBL3634322,OC(COc1ccccc1C(=O)c2ccccc2)CN3CCC(CC3)c4cccc5NC(=O)COc45,5.36
32,CHEMBL3634331,OC(COc1ccccc1C(=O)c2ccccc2)CN3CCC(CC3)C(=O)Nc4ccccc4,5.37
33,CHEMBL3632698,COc1cc(ccc1COCC(O)CN2CCC(CC2)C(=O)Nc3ccccc3)C(F)(F)F,5.48
34,CHEMBL3634329,OC(COc1ccccc1C(=O)c2ccccc2)CN3CCC(CC3)N4Cc5ccccc5C4=O,5.48
35,CHEMBL3634330,OC(COc1ccccc1C(=O)c2ccccc2)CN3CCC(CC3)NC(=O)c4ccccc4,5.5
36,CHEMBL3341983,Nc1noc2ccc(cc12)c3cc(Cl)ccc3Oc4cc(F)c(cc4F)S(=O)(=O)Nc5ncns5,5.51
37,CHEMBL3632697,OC(COc1ccc(cc1)C(F)(F)F)CN2CCC(CC2)C(=O)Nc3ccccc3,5.51
38,CHEMBL3634335,COc1cccc(OCC(O)CN2CCC(CC2)N3Cc4ccccc4C3=O)c1,5.52
39,CHEMBL3632694,OC(COCc1ccc(cc1)C(F)(F)F)CN2CCC(CC2)N3Cc4ccccc4C3=O,5.52
40,CHEMBL3634336,COc1ccc(OCC(O)CN2CCC(CC2)N3Cc4ccccc4C3=O)cc1,5.57
41,CHEMBL3632692,OC(COc1ccc(cc1)C(F)(F)F)CN2CCC(CC2)N3Cc4ccccc4C3=O,5.75
42,CHEMBL3632695,COc1cc(ccc1COCC(O)CN2CCC(CC2)N3Cc4ccccc4C3=O)C(F)(F)F.OC(=O)\C=C\C(=O)O,5.82
43,CHEMBL3632691,OC(COc1cccc(c1)C(F)(F)F)CN2CCC(CC2)N3Cc4ccccc4C3=O,5.92
44,CHEMBL3632693,COc1cc(ccc1OCC(O)CN2CCC(CC2)N3Cc4ccccc4C3=O)C(F)(F)F,6.04
45,CHEMBL3634332,OC(COc1cccc(c1)C(=O)c2ccccc2)CN3CCC(CC3)N4Cc5ccccc5C4=O,6.04
46,CHEMBL3632696,OC(COc1ccc(cc1)C(F)(F)F)CN2CCC(CC2)NC(=O)c3ccccc3,6.1
47,CHEMBL3632641,OC(COc1ccc(cc1)C(=O)c2ccccc2)CN3CCC(CC3)N4Cc5ccccc5C4=O,6.17
48,CHEMBL3809595,FC(F)(F)Oc1ccc(cc1)c2ccc3nnc(n3c2)C(F)(F)F,6.4
