,molecule_chembl_id,canonical_smiles,pchembl_value
0,benzocaine,CCOC(=O)C1=CC=C(N)C=C1,
1,ropivacaine,CCCN1CCCC[C@H]1C(=O)NC1=C(C)C=CC=C1C,
2,orphenadrine,CN(C)CCOC(C1=CC=CC=C1)C1=C(C)C=CC=C1,5.2007
3,oxybuprocaine,CCCCOC1=C(N)C=CC(=C1)C(=O)OCCN(CC)CC,
4,proparacaine,CCCOC1=C(N)C=C(C=C1)C(=O)OCCN(CC)CC,
5,procaine,CCN(CC)CCOC(=O)C1=CC=C(N)C=C1,
6,dyclonine,CCCCOC1=CC=C(C=C1)C(=O)CCN1CCCCC1,
7,cinchocaine,CCCCOC1=NC2=CC=CC=C2C(=C1)C(=O)NCCN(CC)CC,
8,chloroprocaine,CCN(CC)CCOC(=O)C1=C(Cl)C=C(N)C=C1,
9,lidocaine,CCN(CC)CC(=O)NC1=C(C)C=CC=C1C,4.0
10,mexiletine,CC(N)COC1=C(C)C=CC=C1C,4.25
11,ethotoin,CCN1C(=O)NC(C1=O)C1=CC=CC=C1,
12,phenazopyridine,NC1=NC(N)=C(C=C1)\N=N\C1=CC=CC=C1,
13,mephenytoin,CCC1(NC(=O)N(C)C1=O)C1=CC=CC=C1,
14,rufinamide,NC(=O)C1=CN(CC2=C(F)C=CC=C2F)N=N1,
15,lamotrigine,NC1=NN=C(C(N)=N1)C1=C(Cl)C(Cl)=CC=C1,4.02
16,eslicarbazepine acetate,CC(=O)O[C@H]1CC2=C(C=CC=C2)N(C(N)=O)C2=CC=CC=C12,
17,procainamide,CCN(CC)CCNC(=O)C1=CC=C(N)C=C1,
18,tocainide,CC(N)C(=O)NC1=C(C)C=CC=C1C,
19,CHEMBL1162028,CC(C)CCC[C@@](C)(O)[C@H]1CC[C@H]2[C@@H]3C[C@H](O[C@@H]4O[C@H](C)[C@@H](O)[C@H](O[C@@H]5OC[C@@H](O[C@@H]6O[C@H](C)[C@@H](O[C@@H]7OC[C@H](O)[C@H](O)[C@H]7O)[C@H](O)[C@H]6O[C@@H]8O[C@H](C)[C@H](O)[C@H](O)[C@H]8O)[C@H](O)[C@H]5O[C@@H]9O[C@H](C)[C@@H](O)[C@H](O)[C@H]9O)[C@H]4O)[C@H]%10C[C@H](CC[C@]%10(C)C3=CC[C@]12C)OS(=O)(=O)O,5.05
20,CHEMBL3589905,COc1ccc(Cl)cc1c2ccc(NC(=O)c3ccnn3C)nc2N,5.13
21,CHEMBL3589909,Cn1nncc1C(=O)Nc2ccc(c(N)n2)c3ccccc3OC(F)(F)F,5.16
22,CHEMBL3236329,FC(F)(F)Oc1cccc(c1)C(=O)NCc2noc(n2)c3c4ccccc4nn3CCn5ccnc5,5.2
23,CHEMBL3589906,Cn1nccc1C(=O)Nc2ccc(c(N)n2)c3ccccc3Cl,5.31
24,CHEMBL3589907,COc1ccc(Cl)c(c1)c2ccc(NC(=O)C(C)C)nc2N,5.4
25,CHEMBL3617063,Nc1nc2cc(ccc2[nH]1)c3cc(Cl)ccc3Oc4cc(F)c(cc4F)S(=O)(=O)Nc5ncns5,5.42
26,CHEMBL3589910,Nc1nc(NC(=O)c2ccccc2)ccc1c3ccccc3OC(F)(F)F,5.5
27,CHEMBL400129,CC1(CC1)C(=O)N[C@H](Cc2ccccc2C(F)(F)F)C(=O)NCc3nc4cccnc4n3C5(CC5)c6ccccc6,5.53
28,CHEMBL3589894,CNC(=O)c1ccc(c(N)n1)c2cc(Cl)cc(Cl)c2Cl,5.59
29,CHEMBL3589908,Cn1nccc1C(=O)Nc2ccc(c(N)n2)c3ccccc3OC(F)(F)F,5.62
30,CHEMBL404229,Fc1cccc(F)c1C[C@@H](NC(=O)C2(CC2)C(F)(F)F)C(=O)NCc3nc4cccnc4n3C5(CC5)c6ccccc6,5.73
31,CHEMBL400261,FC(F)(F)c1ccccc1C[C@@H](NC(=O)C2(CC2)C(F)(F)F)C(=O)NCc3nc4cccnc4n3C5(CC5)c6ccccc6,5.75
32,CHEMBL252037,CC(C)(C)C(=O)N[C@H](Cc1ccccc1C(F)(F)F)C(=O)NCc2nc3cccnc3n2Cc4ccccc4,5.84
33,CHEMBL404623,CC(C)(C)OC(=O)N[C@H](Cc1ccc(F)cc1C(F)(F)F)C(=O)NCc2nc3cccnc3n2C4(CC4)c5ccccc5,5.91
34,CHEMBL251241,C[C@@H](NC(=O)c1oc(cc1)c2ccc(Cl)cc2)C(=O)N3CCN(CCCOc4ccc(cc4)C(=O)C5CC5)CC3,6.0
35,CHEMBL253660,CC(C)(C)OC(=O)N[C@H](Cc1ccccc1OC(F)(F)F)C(=O)NCc2nc3cccnc3n2C4(CC4)c5ccccc5,6.01
36,CHEMBL3589902,Cn1nccc1C(=O)Nc2ccc(c(N)n2)c3cc(Cl)ccc3Cl,6.04
37,CHEMBL1631093,NC(=O)c1cc(C(=O)N)n(n1)c2cccc(c2)c3ccccc3C(F)(F)F,6.04
38,CHEMBL252437,CC(C)(C)OC(=O)N[C@H](Cc1ccccc1F)C(=O)NCc2nc3cccnc3n2C4(CC4)c5ccccc5,6.06
39,CHEMBL400262,FC(F)(F)Oc1ccccc1C(=O)N[C@H](Cc2ccccc2C(F)(F)F)C(=O)NCc3nc4cccnc4n3C5(CC5)c6ccccc6,6.08
40,CHEMBL252240,CC(C)(C)OC(=O)N[C@H](Cc1cccc(F)c1C(F)(F)F)C(=O)NCc2nc3cccnc3n2C4(CC4)c5ccccc5,6.09
41,CHEMBL254918,CC(C)(C)OC(=O)N[C@H](Cc1ccccc1C(F)(F)F)C(=O)NCc2nc3cccnc3n2C4(CC4)c5ccccc5,6.1
42,CHEMBL1631098,NC(=O)c1cc(C(=O)N)n(n1)c2cccc(c2)c3c(F)cccc3OC(F)(F)F,6.1
43,CHEMBL1271308,Cc1cc(C)cc(NC(=O)c2ccnc(c2)c3ccc(OC(F)(F)F)cc3)c1,6.11
44,CHEMBL3589900,Cn1nccc1C(=O)Nc2ccc(c(N)n2)c3cc(Cl)cc(Cl)c3Cl,6.13
45,CHEMBL400642,CC(C)(C)OC(=O)N[C@H](Cc1c(F)cccc1F)C(=O)NCc2nc3cccnc3n2C4(CC4)c5ccccc5,6.16
46,CHEMBL3589904,COc1ccc(Cl)c(c1)c2ccc(NC(=O)c3ccnn3C)nc2N,6.16
47,CHEMBL2324352,CC(C)(C)C(=O)ON[C@H](Cc1ccccc1)C(=O)N[C@@H]2CCc3ccccc3N(CC(F)(F)F)C2=O,6.17
48,CHEMBL3589901,Cc1nocc1C(=O)Nc2ccc(c(N)n2)c3cc(Cl)cc(Cl)c3Cl,6.17
49,CHEMBL1631088,NC(=O)c1cc(C(=O)N)n(n1)c2cccc(c2)c3ccccc3OC(F)(F)F,6.26
50,CHEMBL2324355,Cc1nocc1C(=O)Nc2ccc(c(N)n2)c3ccccc3OC(F)(F)F,6.28
51,CHEMBL404621,CC(C)(C)OC(=O)N[C@H](Cc1ccccc1Cl)C(=O)NCc2nc3cccnc3n2C4(CC4)c5ccccc5,6.3
52,CHEMBL3589903,COc1ccc(Cl)c(c1)c2ccc(NC(=O)c3conc3C)nc2N,6.3
53,CHEMBL1270998,Cc1cc(C)cc(NC(=O)c2onc(n2)c3ccc(OC(F)(F)F)cc3)c1,6.33
54,CHEMBL252836,CC(C)(C)OC(=O)N[C@H](Cc1c(F)ccc(F)c1F)C(=O)NCc2nc3cccnc3n2C4(CC4)c5ccccc5,6.35
55,CHEMBL403809,Fc1ccc(F)c(C[C@@H](NC(=O)C2(CC2)C(F)(F)F)C(=O)NCc3nc4cccnc4n3C5(CC5)c6ccccc6)c1F,6.35
56,CHEMBL3617058,Cc1nocc1C(=O)Nc2cnc(c(N)n2)c3cc(Cl)cc(Cl)c3Cl,6.38
57,CHEMBL252038,CC(C)(C)CC(=O)N[C@H](Cc1ccccc1C(F)(F)F)C(=O)NCc2nc3cccnc3n2Cc4ccccc4,6.44
58,CHEMBL400260,FC(F)(F)c1ccccc1C[C@@H](NC(=O)c2ccccc2C(F)(F)F)C(=O)NCc3nc4cccnc4n3Cc5ccccc5,6.44
59,CHEMBL1277792,Clc1ccc(cc1)c2cncc(n2)C(=O)NCc3ccncc3N4CCOCC4,6.5
60,CHEMBL482676,Clc1ccc(cc1)c2oc(cc2)C(=O)N3CCN(CC3)C4CCCCC4,6.52
61,CHEMBL1631104,NC(=O)c1cc(C(=O)N)n(n1)c2cccc(c2)c3cccc(c3OCC(F)(F)C(F)(F)F)C(F)(F)F,6.52
62,CHEMBL252837,CC(C)(C)OC(=O)N[C@H](Cc1cc(F)ccc1Cl)C(=O)NCc2nc3cccnc3n2C4(CC4)c5ccccc5,6.53
63,CHEMBL1270898,Cc1cc(C)cc(NC(=O)c2oc(nc2)c3ccc(OC(F)(F)F)cc3)c1,6.55
64,CHEMBL521211,Clc1ccc(cc1)c2oc(cc2)C(=O)N3CCNCC3,6.55
65,CHEMBL254497,CC(C)(C)OC(=O)N[C@H](Cc1ccccc1C(F)(F)F)C(=O)NCc2nc3cccnc3n2Cc4ccccc4,6.57
66,CHEMBL253659,FC(F)(F)Oc1ccccc1C(=O)N[C@H](Cc2ccccc2C(F)(F)F)C(=O)NCc3nc4cccnc4n3Cc5ccccc5,6.64
67,CHEMBL1631103,NC(=O)c1cc(C(=O)N)n(n1)c2cccc(c2)c3cccc(OC(F)(F)F)c3OCC(F)(F)C(F)(F)F,6.69
68,CHEMBL3341975,NC1(Cc2nc(c[nH]2)c3ccc(OC(F)(F)F)cc3)CCCOC1,6.72
69,CHEMBL205412,CN(Cc1ccc(cc1)c2ccccc2S(=O)(=O)N)C(=O)[C@@H]3CCC[C@H]3C(=O)NCc4ccc(OC(F)(F)F)cc4,6.75
70,CHEMBL1270899,Cc1cc(C)cc(NC(=O)c2coc(n2)c3ccc(OC(F)(F)F)cc3)c1,6.75
71,CHEMBL3589893,CC(=O)Nc1ccc(c(N)n1)c2cc(Cl)cc(Cl)c2Cl,6.8
72,CHEMBL1278138,Cc1ccccc1CNC(=O)c2cncc(n2)c3ccc(cc3)C#N,6.82
73,CHEMBL1631102,NC(=O)c1cc(C(=O)N)n(n1)c2cccc(c2)c3cc(F)ccc3OCC(F)(F)C(F)(F)F,6.83
74,CHEMBL1270100,Clc1ccc(cc1)c2cncc(c2)C(=O)NCc3cccnc3Cl,6.85
75,CHEMBL3341974,CC(C)CC[C@H](N)c1nc2cc(ccc2[nH]1)C(C)(C)C,6.9
76,CHEMBL1271415,Cc1cc(C)cc(NC(=O)c2cncc(c2)c3ccc(F)cc3)c1,7.0
77,CHEMBL1276881,FC(F)(F)Oc1ccc(cc1)c2cncc(n2)C(=O)NCc3cccnc3Cl,7.0
78,CHEMBL1270302,Clc1ccc(cc1)c2cncc(c2)C(=O)NCc3cccnc3N4CCOCC4,7.06
79,CHEMBL250699,COc1cc(NC(=O)c2oc(cc2)c3ccc(Cl)cc3)cc(OC)c1,7.1
80,CHEMBL401258,Cc1cccc(NC(=O)c2oc(cc2)c3ccc(cc3)C#N)c1,7.1
81,CHEMBL1271205,Cc1cc(C)cc(NC(=O)c2cccc(n2)c3ccc(OC(F)(F)F)cc3)c1,7.19
82,CHEMBL1270999,Cc1cc(C)cc(NC(=O)c2csc(n2)c3ccc(OC(F)(F)F)cc3)c1,7.29
83,CHEMBL1278045,CC(C)Oc1cccc(NC(=O)c2cncc(n2)c3ccc(cc3)C#N)c1,7.31
84,CHEMBL1277700,Clc1ccc(cc1)c2cncc(n2)C(=O)NCc3cccnc3N4CCOCC4,7.43
85,CHEMBL486495,CC(C)(C)c1ccc(cc1)c2oc(cc2)C(=O)N3CCN(CC3)C4CCCCC4,7.52
86,CHEMBL1277876,Clc1ccc(cc1)c2cncc(n2)C(=O)NCc3cccnc3N4CCCC4,7.52
87,CHEMBL1276882,FC(F)(F)Oc1ccc(cc1)c2cncc(n2)C(=O)NCc3cccnc3N4CCOCC4,7.52
88,CHEMBL1277606,Cc1ccccc1CNC(=O)c2cncc(n2)c3ccc(Cl)cc3,7.57
89,CHEMBL1271206,Cc1cc(C)cc(NC(=O)c2cncc(c2)c3ccc(OC(F)(F)F)cc3)c1,7.59
90,CHEMBL1271309,Cc1cc(C)cc(NC(=O)c2cncc(c2)c3ccc(cc3)C#N)c1,7.64
91,CHEMBL1271417,Clc1ccc(cc1)c2cncc(c2)C(=O)NCc3ccccc3,7.66
92,CHEMBL1271106,Cc1cc(C)cc(NC(=O)c2cncc(n2)c3ccc(OC(F)(F)F)cc3)c1,7.68
93,CHEMBL1277607,Clc1ccc(CCNC(=O)c2cncc(n2)c3ccc(Cl)cc3)cc1,7.72
94,CHEMBL1278224,Cc1ccccc1CNC(=O)c2cncc(n2)c3ccc(OC(F)(F)F)cc3,7.75
95,CHEMBL1270301,Clc1ccc(cc1)c2cncc(c2)C(=O)NCc3cccnc3N4CCCCC4,7.85
96,CHEMBL3617059,CO[C@H](C)[C@H](N)c1nc2cc(ccc2[nH]1)c3ccc(C#N)c(F)c3,7.98
97,CHEMBL1269991,Clc1ccc(cc1)c2cncc(c2)C(=O)NCc3ccccc3N4CCOCC4,8.0
98,CHEMBL1271416,Cc1cc(C)cc(NC(=O)c2cncc(c2)c3ccc(Cl)cc3)c1,8.05
99,CHEMBL1278044,Cc1cc(C)cc(NC(=O)c2cncc(n2)c3ccc(cc3)C#N)c1,8.1
100,CHEMBL1271105,Cc1cc(C)cc(NC(=O)c2nsc(n2)c3ccc(OC(F)(F)F)cc3)c1,8.1
101,CHEMBL1269990,Clc1ccc(cc1)c2cncc(c2)C(=O)NCc3ccccc3N4CCCCC4,8.1
102,CHEMBL1270207,CCOc1ncccc1CNC(=O)c2cncc(c2)c3ccc(Cl)cc3,8.16
103,CHEMBL1277512,COc1cc(NC(=O)c2cncc(n2)c3ccc(Cl)cc3)cc(OC)c1,8.22
104,CHEMBL1277513,Cc1cccc(NC(=O)c2cncc(n2)c3ccc(Cl)cc3)c1,8.22
105,CHEMBL1278223,Cc1cccc(NC(=O)c2cncc(n2)c3ccc(OC(F)(F)F)cc3)c1,8.3
106,CHEMBL1269883,Clc1ccc(cc1)c2cncc(c2)C(=O)NCc3ccccc3Cl,8.4
107,CHEMBL1277514,Cc1cc(C)cc(NC(=O)c2cncc(n2)c3ccc(Cl)cc3)c1,8.52
108,CHEMBL1270208,FC(F)(F)COc1ncccc1CNC(=O)c2cncc(c2)c3ccc(Cl)cc3,8.52
109,CHEMBL1277959,CCOc1ccc(cc1)c2cncc(n2)C(=O)NCc3ccccc3C,8.7
110,CHEMBL1277877,CCOc1ccc(cc1)c2cncc(n2)C(=O)Nc3cc(C)cc(C)c3,8.7
111,CHEMBL1270797,Cc1cc(C)cc(NC(=O)c2oc(cc2)c3ccc(OC(F)(F)F)cc3)c1,8.7
112,CHEMBL1269882,Cc1ccccc1CNC(=O)c2cncc(c2)c3ccc(Cl)cc3,8.7
113,CHEMBL1277958,CCOc1ccc(cc1)c2cncc(n2)C(=O)Nc3cccc(C)c3,9.0
20,CHEMBL741,Nc1nnc(c(N)n1)c2cccc(Cl)c2Cl,4.6
70,CHEMBL1813048,CC(=O)Nc1cccc(Nc2ncnc(n2)N3CCC(CC3)OCc4ccc(OC(F)(F)F)cc4)c1C,5.66
71,CHEMBL58323,COC[C@@H](NC(=O)C)C(=O)NCc1ccccc1,4.8
72,CHEMBL3697627,OC(=O)c1ccc(NC(=O)c2ccc(cc2Oc3ccc(F)cc3Cl)C(F)(F)C(F)(F)F)cc1,7.77
73,CHEMBL3697628,OC(=O)c1ccc(NC(=O)c2ccc(cc2Oc3ccc(F)cc3F)C(F)(F)C(F)(F)F)cc1,7.5
74,CHEMBL3697629,Cc1cc(F)ccc1Oc2cc(ccc2C(=O)Nc3ccc(cc3)C(=O)O)C(F)(F)C(F)(F)F,7.66
75,CHEMBL3697630,OC(=O)c1ccc(NC(=O)c2ccc(cc2Oc3ccc(F)cc3Cl)C(F)(F)F)cc1,7.24
76,CHEMBL3697631,Cc1cc(F)ccc1Oc2cc(ccc2C(=O)Nc3ccc(cc3)C(=O)O)C(F)(F)F,7.22
77,CHEMBL3697632,OC(=O)c1ccc(NC(=O)c2ccc(cc2Oc3ccc(F)cc3F)C(F)(F)F)cc1,6.84
78,CHEMBL3697633,OC(=O)c1ccc(NC(=O)c2ccc(cc2Oc3ccc(OC(F)(F)F)cc3)C(F)(F)F)cc1,7.43
79,CHEMBL3697634,OC(=O)c1ccc(NC(=O)c2c(Oc3ccc(F)cc3F)cc(cc2C(F)(F)F)C(F)(F)F)cc1,6.39
80,CHEMBL3697635,Cc1cc(F)ccc1Oc2cc(cc(c2C(=O)Nc3ccc(cc3)C(=O)O)C(F)(F)F)C(F)(F)F,6.89
81,CHEMBL3697636,COc1cc(F)ccc1Oc2cc(cc(c2C(=O)Nc3ccc(cc3)C(=O)O)C(F)(F)F)C(F)(F)F,7.43
82,CHEMBL3697637,OC(=O)c1ccc(NC(=O)c2c(Oc3ccc(F)cc3)cc(cc2C(F)(F)F)C(F)(F)F)cc1,6.52
83,CHEMBL3697638,COc1cc(F)ccc1Oc2cc(Cl)c(Cl)cc2C(=O)Nc3ccc(cc3)C(=O)O,7.96
84,CHEMBL3697639,OC(=O)c1ccc(NC(=O)c2cc(Cl)c(Cl)cc2Oc3ccc(F)cc3)cc1,7.24
85,CHEMBL3697640,Cc1cc(F)ccc1Oc2cc(Cl)c(Cl)cc2C(=O)Nc3ccc(cc3)C(=O)O,7.82
86,CHEMBL3697641,OC(=O)c1ccc(NC(=O)c2cc(Cl)c(Cl)cc2Oc3ccccc3)cc1,6.54
87,CHEMBL3697642,OCc1ccc(Oc2cc(Cl)c(Cl)cc2C(=O)Nc3ccc(cc3)C(=O)O)c(F)c1,6.94
88,CHEMBL3697643,OC(=O)c1ccc(NC(=O)c2cc(Cl)c(Cl)cc2Oc3ccc(OCC(F)(F)F)cc3)cc1,7.21
89,CHEMBL3697644,COc1cc(Cl)ccc1Oc2cc(Cl)c(Cl)cc2C(=O)Nc3ccc(cc3)C(=O)O,7.96
90,CHEMBL3697645,OC(=O)c1ccc(NC(=O)c2cc(Cl)c(Cl)cc2Oc3ccccc3OC(F)F)cc1,7.18
91,CHEMBL3697646,Cc1cc(Cl)ccc1Oc2cc(Cl)c(Cl)cc2C(=O)Nc3ccc(cc3)C(=O)O,7.62
92,CHEMBL3697647,COc1cc(CO)ccc1Oc2cc(Cl)c(Cl)cc2C(=O)Nc3ccc(cc3)C(=O)O,7.57
93,CHEMBL3697648,OCc1ccc(Oc2cc(Cl)c(Cl)cc2C(=O)Nc3ccc(cc3)C(=O)O)cc1F,7.11
94,CHEMBL3697649,OC(=O)c1ccc(NC(=O)c2cc(Cl)c(Cl)cc2Oc3ccc(F)cc3Cl)cc1,7.48
95,CHEMBL3697650,OC(=O)c1ccc(NC(=O)c2cc(Cl)c(Cl)cc2Oc3ccc(F)cc3F)cc1,7.28
96,CHEMBL3697651,OCc1ccc(Oc2cc(Cl)c(Cl)cc2C(=O)Nc3ccc(cc3)C(=O)O)c(Cl)c1,7.04
97,CHEMBL3697652,OC(=O)c1ccc(NC(=O)c2cc(Cl)c(Cl)cc2Oc3ccc(OC(F)(F)F)cc3)cc1,7.62
98,CHEMBL3697653,COc1cc(F)ccc1Oc2cc(ccc2C(=O)Nc3ccc(cc3)C(=O)O)C(F)(F)C(F)(F)F,7.7
99,CHEMBL3697654,Cc1cc(F)ccc1Oc2ccc(cc2C(=O)Nc3ccc(cc3)C(=O)O)C(F)(F)F,6.47
101,CHEMBL3697655,OC(=O)c1ccc(NC(=O)c2cc(Cl)c(Cl)cc2Oc3ccc(F)cc3)cn1,7.47
102,CHEMBL3697656,CC(C)CCOc1ccc(Oc2cc(Cl)c(Cl)cc2C(=O)Nc3ccc(nc3)C(=O)O)cc1,6.0
103,CHEMBL3697657,Cc1cc(F)ccc1Oc2cc(Cl)c(Cl)cc2C(=O)Nc3ccc(nc3)C(=O)O,7.96
104,CHEMBL3697658,OC(=O)c1ccc(NC(=O)c2cc(Cl)c(Cl)cc2Oc3ccccc3)cn1,6.72
105,CHEMBL3697659,OCc1ccc(Oc2cc(Cl)c(Cl)cc2C(=O)Nc3ccc(nc3)C(=O)O)c(F)c1,7.28
106,CHEMBL3697660,OC(=O)c1ccc(NC(=O)c2cc(Cl)c(Cl)cc2Oc3ccc(OCC(F)(F)F)cc3)cn1,7.3
107,CHEMBL3697661,COc1cc(Cl)ccc1Oc2cc(Cl)c(Cl)cc2C(=O)Nc3ccc(nc3)C(=O)O,7.41
108,CHEMBL3697662,OC(=O)c1ccc(NC(=O)c2cc(Cl)c(Cl)cc2Oc3ccccc3OC(F)F)cn1,7.34
109,CHEMBL3697663,Cc1cc(Cl)ccc1Oc2cc(Cl)c(Cl)cc2C(=O)Nc3ccc(nc3)C(=O)O,7.13
110,CHEMBL3697664,COc1cc(CO)ccc1Oc2cc(Cl)c(Cl)cc2C(=O)Nc3ccc(nc3)C(=O)O,7.82
111,CHEMBL3697665,OCc1ccc(Oc2cc(Cl)c(Cl)cc2C(=O)Nc3ccc(nc3)C(=O)O)cc1F,7.47
112,CHEMBL3697666,OC(=O)c1ccc(NC(=O)c2cc(Cl)c(Cl)cc2Oc3ccc(F)cc3Cl)cn1,7.92
113,CHEMBL3697667,OC(=O)c1ccc(NC(=O)c2cc(Cl)c(Cl)cc2Oc3ccc(F)cc3F)cn1,7.51
114,CHEMBL3697668,OCc1ccc(Oc2cc(Cl)c(Cl)cc2C(=O)Nc3ccc(nc3)C(=O)O)c(Cl)c1,7.19
115,CHEMBL3697669,OC(=O)c1ccc(NC(=O)c2cc(Cl)c(Cl)cc2Oc3ccc(OC(F)(F)F)cc3)cn1,7.7
116,CHEMBL3697670,COc1ccccc1Oc2cc(cc(c2C(=O)Nc3ccc(nc3)C(=O)O)C(F)(F)F)C(F)(F)F,7.19
117,CHEMBL3697671,OCc1ccc(Oc2cc(cc(c2C(=O)Nc3ccc(nc3)C(=O)O)C(F)(F)F)C(F)(F)F)cc1,7.18
118,CHEMBL3697672,Cc1cc(F)ccc1Oc2cc(cc(c2C(=O)Nc3ccc(nc3)C(=O)O)C(F)(F)F)C(F)(F)F,7.38
119,CHEMBL3697673,COc1cc(F)ccc1Oc2cc(cc(c2C(=O)Nc3ccc(nc3)C(=O)O)C(F)(F)F)C(F)(F)F,7.85
120,CHEMBL3697674,COc1cc(CO)ccc1Oc2cc(cc(c2C(=O)Nc3ccc(nc3)C(=O)O)C(F)(F)F)C(F)(F)F,8.22
121,CHEMBL3697675,OC(=O)c1ccc(NC(=O)c2c(Oc3ccc(F)cc3)cc(cc2C(F)(F)F)C(F)(F)F)cn1,6.89
122,CHEMBL3697676,COc1cc(F)ccc1Oc2cc(Cl)c(Cl)cc2C(=O)Nc3ccc(nc3)C(=O)O,8.05
123,CHEMBL3697677,COc1cc(F)ccc1Oc2cc(ccc2C(=O)Nc3ccc(nc3)C(=O)O)C(C)(C)C,7.51
124,CHEMBL3697678,Cc1cc(F)ccc1Oc2cc(ccc2C(=O)Nc3ccc(nc3)C(=O)O)C(C)(C)C,7.34
125,CHEMBL3697679,CC(C)(C)c1ccc(C(=O)Nc2ccc(nc2)C(=O)O)c(Oc3ccc(F)cc3)c1,6.75
126,CHEMBL3697680,OC(=O)c1ccc(NC(=O)c2ccccc2Oc3ccc(F)cc3)cn1,5.36
127,CHEMBL3697681,OC(=O)c1ccc(NC(=O)c2ccc(cc2Oc3ccc(F)cc3)C(F)(F)F)cn1,6.6
128,CHEMBL3697682,COc1cc(F)ccc1Oc2ccc(cc2C(=O)Nc3ccc(nc3)C(=O)O)C(F)(F)F,7.02
129,CHEMBL3697683,OC(=O)c1ccc(NC(=O)c2cc(ccc2Oc3ccc(F)cc3Cl)C(F)(F)F)cn1,7.1
130,CHEMBL3697684,COc1ccc(F)cc1Oc2ccc(cc2C(=O)Nc3ccc(nc3)C(=O)O)C(F)(F)F,6.13
131,CHEMBL3697685,OC(=O)c1ccc(NC(=O)c2cc(ccc2Oc3ccccc3OC(F)F)C(F)(F)F)cn1,6.19
132,CHEMBL3697686,Cc1cc(Cl)ccc1Oc2ccc(cc2C(=O)Nc3ccc(nc3)C(=O)O)C(F)(F)F,6.84
133,CHEMBL3697687,COc1ccccc1Oc2ccc(cc2C(=O)Nc3ccc(nc3)C(=O)O)C(F)(F)F,6.43
134,CHEMBL3697688,OC(=O)c1ccc(NC(=O)c2cc(ccc2Oc3ccccc3Cl)C(F)(F)F)cn1,6.37
135,CHEMBL3697689,CC(C)Oc1ccccc1Oc2ccc(cc2C(=O)Nc3ccc(nc3)C(=O)O)C(F)(F)F,6.12
136,CHEMBL3697690,COc1cc(CO)ccc1Oc2ccc(cc2C(=O)Nc3ccc(nc3)C(=O)O)C(F)(F)F,7.41
137,CHEMBL3697691,COc1cc(Cl)ccc1Oc2ccc(cc2C(=O)Nc3ccc(nc3)C(=O)O)C(F)(F)F,7.17
138,CHEMBL3697692,Cc1cc(CO)ccc1Oc2ccc(cc2C(=O)Nc3ccc(nc3)C(=O)O)C(F)(F)F,7.1
139,CHEMBL3697693,OCc1ccc(Oc2ccc(cc2C(=O)Nc3ccc(nc3)C(=O)O)C(F)(F)F)c(Cl)c1,6.87
140,CHEMBL3697694,COc1c(F)cccc1Oc2ccc(cc2C(=O)Nc3ccc(nc3)C(=O)O)C(F)(F)F,6.87
141,CHEMBL3697695,OC(=O)c1ccc(NC(=O)c2cc(ccc2Oc3ccccc3)C(F)(F)F)cn1,6.01
142,CHEMBL3697696,OC(=O)c1ccc(NC(=O)c2cc(ccc2Oc3ccc(F)cc3)C(F)(F)F)cn1,6.55
143,CHEMBL3697697,COc1cc(F)ccc1Oc2cc(ccc2C(=O)Nc3ccc(nc3)C(=O)O)C(F)(F)C(F)(F)F,7.46
144,CHEMBL3697698,OC(=O)c1ccc(NC(=O)c2ccc(cc2Oc3ccc(F)cc3)C(F)(F)C(F)(F)F)cn1,6.96
145,CHEMBL3697699,OC(=O)c1ccc(NC(=O)c2c(Oc3ccc(F)cc3Cl)cccc2C(F)(F)F)cn1,6.39
146,CHEMBL3697700,Cc1cc(F)ccc1Oc2ccc(cc2C(=O)Nc3ccc(nc3)C(=O)O)C(F)(F)F,6.97
148,CHEMBL3678164,Fc1ccc(Oc2ccccc2C(=O)NC3=CC(=O)NC=C3)cc1,5.96
149,CHEMBL3678165,Fc1ccc(Oc2ccc(cc2C(=O)NC3=CC(=O)NC=C3)C(F)(F)F)cc1,7.27
150,CHEMBL3678166,Fc1ccc(Oc2ccccc2C(=O)NC3=CNC(=O)C=C3)cc1,4.87
151,CHEMBL3678167,Fc1ccc(Oc2ccc(cc2C(=O)NC3=CNC(=O)C=C3)C(F)(F)F)cc1,6.46
152,CHEMBL3678168,Fc1ccc(Oc2cc(ccc2C(=O)NC3=CC(=O)NC=C3)C(F)(F)F)cc1,7.41
153,CHEMBL3678169,Fc1ccc(Oc2cc(ccc2C(=O)NC3=CNC(=O)C=C3)C(F)(F)F)cc1,6.61
154,CHEMBL3678170,Fc1ccc(Oc2cc(ccc2C(=O)NC3=CC(=O)NC=C3)C(F)(F)F)c(F)c1,7.3
155,CHEMBL3678171,COCCOc1ccc(Oc2cc(ccc2C(=O)NC3=CC(=O)NC=C3)C(F)(F)F)cc1,6.48
156,CHEMBL3678172,FC(F)(F)c1ccc(C(=O)NC2=CC(=O)NC=C2)c(Oc3ccccc3)c1,7.03
157,CHEMBL3678173,Cc1cc(F)ccc1Oc2cc(ccc2C(=O)NC3=CC(=O)NC=C3)C(F)(F)F,7.85
158,CHEMBL3678174,Cc1ccccc1Oc2cc(ccc2C(=O)NC3=CC(=O)NC=C3)C(F)(F)F,7.25
159,CHEMBL3678175,Cc1ccc(Oc2cc(ccc2C(=O)NC3=CC(=O)NC=C3)C(F)(F)F)cc1,6.98
160,CHEMBL3678176,Fc1ccc(Oc2cc(Cl)ccc2C(=O)NC3=CC(=O)NC=C3)c(F)c1,6.98
161,CHEMBL3678177,Fc1ccc(Oc2cc(Cl)ccc2C(=O)NC3=CC(=O)NC=C3)c(Cl)c1,7.19
162,CHEMBL3678178,Fc1ccc(Oc2cc(Cl)ccc2C(=O)NC3=CC(=O)NC=C3)cc1,7.12
163,CHEMBL3678179,COc1cc(F)ccc1Oc2cc(Cl)ccc2C(=O)NC3=CC(=O)NC=C3,7.85
164,CHEMBL3678180,Cc1cccc(F)c1Oc2cc(Cl)ccc2C(=O)NC3=CC(=O)NC=C3,5.75
165,CHEMBL3678181,Fc1cccc(Cl)c1Oc2cc(Cl)ccc2C(=O)NC3=CC(=O)NC=C3,4.92
166,CHEMBL3678182,Fc1cccc(F)c1Oc2cc(Cl)ccc2C(=O)NC3=CC(=O)NC=C3,5.22
167,CHEMBL3678183,Cc1cc(F)ccc1Oc2cc(Cl)ccc2C(=O)NC3=CC(=O)NC=C3,7.52
168,CHEMBL3678184,Fc1ccc(Oc2cc(ccc2C(=O)NC3=CC(=O)NC=C3)C#N)cc1,6.07
169,CHEMBL3678185,COc1cc(F)ccc1Oc2cc(ccc2C(=O)NC3=CC(=O)NC=C3)C#N,7.0
170,CHEMBL3678186,Cc1cc(F)ccc1Oc2cc(ccc2C(=O)NC3=CC(=O)NC=C3)C#N,5.82
171,CHEMBL3678187,Fc1ccc(Oc2ccc(cc2C(=O)NC3=CC(=O)NC=C3)C(F)(F)F)c(F)c1,7.24
172,CHEMBL3678188,FC(F)(F)c1ccc(Oc2ccc(cc2)[N+]#[C-])c(c1)C(=O)NC3=CC(=O)NC=C3,5.96
173,CHEMBL3678189,Fc1cccc(F)c1Oc2ccc(cc2C(=O)NC3=CC(=O)NC=C3)C(F)(F)F,5.02
174,CHEMBL3678190,Cc1ccc(Oc2ccc(cc2C(=O)NC3=CC(=O)NC=C3)C(F)(F)F)cc1,6.47
175,CHEMBL3678191,Cc1ccccc1Oc2ccc(cc2C(=O)NC3=CC(=O)NC=C3)C(F)(F)F,7.36
176,CHEMBL3678192,Fc1ccc(Oc2ccc(cc2C(=O)NC3=CC(=O)NC=C3)C(F)(F)F)c(Cl)c1,7.55
177,CHEMBL3678193,COc1cc(F)ccc1Oc2ccc(cc2C(=O)NC3=CC(=O)NC=C3)C(F)(F)F,7.96
178,CHEMBL3678194,Cc1cc(F)ccc1Oc2ccc(cc2C(=O)NC3=CC(=O)NC=C3)C(F)(F)F,7.77
179,CHEMBL3678195,FC(F)(F)c1ccc(Oc2ccccc2)c(c1)C(=O)NC3=CC(=O)NC=C3,6.69
180,CHEMBL3678196,Fc1ccc(Oc2ccc(OC(F)(F)F)cc2C(=O)NC3=CC(=O)NC=C3)c(F)c1,7.02
181,CHEMBL3678197,Fc1cccc(F)c1Oc2ccc(OC(F)(F)F)cc2C(=O)NC3=CC(=O)NC=C3,4.92
182,CHEMBL3678198,Cc1ccc(Oc2ccc(OC(F)(F)F)cc2C(=O)NC3=CC(=O)NC=C3)cc1,6.33
183,CHEMBL3678199,Cc1ccccc1Oc2ccc(OC(F)(F)F)cc2C(=O)NC3=CC(=O)NC=C3,7.0
184,CHEMBL3678200,Fc1ccc(Oc2ccc(OC(F)(F)F)cc2C(=O)NC3=CC(=O)NC=C3)c(Cl)c1,7.29
185,CHEMBL3678201,Fc1ccc(Oc2ccc(OC(F)(F)F)cc2C(=O)NC3=CC(=O)NC=C3)cc1,7.16
186,CHEMBL3678202,Cc1cccc(F)c1Oc2ccc(OC(F)(F)F)cc2C(=O)NC3=CC(=O)NC=C3,6.16
187,CHEMBL3678203,Cc1cc(F)ccc1Oc2ccc(OC(F)(F)F)cc2C(=O)NC3=CC(=O)NC=C3,7.4
188,CHEMBL3678204,FC(F)(F)Oc1ccc(Oc2ccccc2)c(c1)C(=O)NC3=CC(=O)NC=C3,6.59
189,CHEMBL3678205,COc1cc(F)ccc1Oc2ccc(OC(F)(F)F)cc2C(=O)NC3=CC(=O)NC=C3,7.17
190,CHEMBL3678206,Fc1ccc(Oc2cccc(c2C(=O)NC3=CC(=O)NC=C3)C(F)(F)F)cc1,6.42
191,CHEMBL3678207,CCOc1ccc(Oc2ccc(cc2C(=O)NC3=CC(=O)NC=C3)C(F)(F)F)cc1,7.7
192,CHEMBL3678208,COc1ccc(Oc2ccc(cc2C(=O)NC3=CC(=O)NC=C3)C(F)(F)F)cc1,7.19
193,CHEMBL3678209,CCOc1ccccc1Oc2ccc(cc2C(=O)NC3=CC(=O)NC=C3)C(F)(F)F,7.19
194,CHEMBL3678210,COc1cc(C)ccc1Oc2ccc(cc2C(=O)NC3=CC(=O)NC=C3)C(F)(F)F,6.87
195,CHEMBL3678211,COc1cccc(F)c1Oc2ccc(cc2C(=O)NC3=CC(=O)NC=C3)C(F)(F)F,5.57
196,CHEMBL3678212,COc1ccc(Oc2ccc(cc2C(=O)NC3=CC(=O)NC=C3)C(F)(F)F)c(Cl)c1,7.62
197,CHEMBL3678213,Cc1cc(Cl)ccc1Oc2ccc(cc2C(=O)NC3=CC(=O)NC=C3)C(F)(F)F,7.72
198,CHEMBL3678214,Fc1cc(Cl)ccc1Oc2ccc(cc2C(=O)NC3=CC(=O)NC=C3)C(F)(F)F,7.06
199,CHEMBL3678215,COc1ccc(F)cc1Oc2ccc(cc2C(=O)NC3=CC(=O)NC=C3)C(F)(F)F,7.03
200,CHEMBL3678216,CCCOc1ccc(Oc2ccc(cc2C(=O)NC3=CC(=O)NC=C3)C(F)(F)F)cc1,7.33
201,CHEMBL3678217,COc1c(F)cccc1Oc2ccc(cc2C(=O)NC3=CC(=O)NC=C3)C(F)(F)F,7.52
202,CHEMBL3678218,COc1ccc(Oc2ccc(cc2C(=O)NC3=CC(=O)NC=C3)C(F)(F)F)c(F)c1,7.16
203,CHEMBL3678219,Cc1ccc(F)cc1Oc2ccc(cc2C(=O)NC3=CC(=O)NC=C3)C(F)(F)F,7.16
204,CHEMBL3678220,COc1cc(F)cc(Oc2ccc(cc2C(=O)NC3=CC(=O)NC=C3)C(F)(F)F)c1,5.16
205,CHEMBL3639770,FC(F)(F)c1ccc(Oc2ccc(Cl)cc2)c(c1)C(=O)NC3=CC(=O)NC=C3,7.27
206,CHEMBL3678221,COc1ccc(Oc2ccc(cc2C(=O)NC3=CC(=O)NC=C3)C(F)(F)F)cc1F,7.5
207,CHEMBL3678222,Cc1cc(F)ccc1Oc2ccc(cc2C(=O)NC3=CC(=O)NC(=C3)Cl)C(F)(F)F,6.9
208,CHEMBL3678223,CC1=CC(=CC(=O)N1)NC(=O)c2cc(ccc2Oc3ccc(F)cc3C)C(F)(F)F,6.95
209,CHEMBL3678224,CCCOc1ccccc1Oc2ccc(cc2C(=O)NC3=CC(=O)NC=C3)C(F)(F)F,7.47
210,CHEMBL3678225,COc1ccc(Oc2ccc(cc2C(=O)NC3=CC(=O)NC=C3)C(F)(F)F)c(C)c1,7.75
211,CHEMBL3678226,CC(C)Oc1ccccc1Oc2ccc(cc2C(=O)NC3=CC(=O)NC=C3)C(F)(F)F,6.97
212,CHEMBL3678227,FC(F)(F)c1ccc(Oc2ccccc2Cl)c(c1)C(=O)NC3=CC(=O)NC=C3,6.97
213,CHEMBL3678228,Fc1ccc(Oc2ccc(Cl)cc2C(=O)NC3=CC(=O)NC=C3)c(Cl)c1,7.43
214,CHEMBL3678229,Fc1ccc(Oc2ccc(Cl)cc2C(=O)NC3=CC(=O)NC=C3)cc1,7.16
215,CHEMBL3678230,Cc1cc(F)ccc1Oc2ccc(Cl)cc2C(=O)NC3=CC(=O)NC=C3,7.52
216,CHEMBL3678231,Fc1ccc(Oc2ccc(Cl)cc2C(=O)NC3=CC(=O)NC=C3)c(F)c1,6.95
217,CHEMBL3678232,COc1cc(F)ccc1Oc2ccc(Cl)cc2C(=O)NC3=CC(=O)NC=C3,7.89
218,CHEMBL3678233,COc1ccc(Oc2ccc(Cl)cc2C(=O)NC3=CC(=O)NC=C3)cc1F,7.04
219,CHEMBL3678234,FC(F)(F)Oc1ccc(Oc2ccc(cc2C(=O)NC3=CC(=O)NC=C3)C(F)(F)F)cc1,7.89
221,CHEMBL3678235,FC(F)(F)c1ccc(Oc2ccc(cc2C(=O)NC3=CC(=O)NC=C3)C(F)(F)F)cc1,5.29
222,CHEMBL3678236,FC(F)(F)Oc1ccccc1Oc2ccc(cc2C(=O)NC3=CC(=O)NC=C3)C(F)(F)F,7.29
223,CHEMBL3678237,FC(F)Oc1ccccc1Oc2ccc(cc2C(=O)NC3=CC(=O)NC=C3)C(F)(F)F,7.27
224,CHEMBL3678238,Fc1ccc(Oc2cc(ccc2C(=O)NC3=CC(=O)NC=C3)C(F)(F)F)c(Cl)c1,7.54
225,CHEMBL3678239,FC(F)(F)c1ccc(C(=O)NC2=CC(=O)NC=C2)c(Oc3ccc(Cl)cc3)c1,7.51
226,CHEMBL3678240,FC(F)(F)Oc1ccc(Oc2cc(ccc2C(=O)NC3=CC(=O)NC=C3)C(F)(F)F)cc1,7.96
227,CHEMBL3678241,FC(F)(F)Oc1ccccc1Oc2cc(ccc2C(=O)NC3=CC(=O)NC=C3)C(F)(F)F,6.98
228,CHEMBL3678242,COc1ccc(Oc2cc(ccc2C(=O)NC3=CC(=O)NC=C3)C(F)(F)F)cc1F,7.59
230,CHEMBL3678243,FC(F)Oc1ccccc1Oc2cc(ccc2C(=O)NC3=CC(=O)NC=C3)C(F)(F)F,7.34
231,CHEMBL3678244,COc1ccc(Oc2cc(ccc2C(=O)NC3=CC(=O)NC=C3)C(F)(F)F)c(F)c1,7.34
232,CHEMBL3678245,OCCN1C=CC(=CC1=O)NC(=O)c2ccc(cc2Oc3ccc(F)cc3)C(F)(F)F,5.55
233,CHEMBL3678246,CC1=CNC(=O)C=C1NC(=O)c2ccc(cc2Oc3ccc(F)cc3C)C(F)(F)F,5.45
234,CHEMBL3678247,COc1c(F)cccc1Oc2cc(ccc2C(=O)NC3=CC(=O)NC=C3)C(F)(F)F,7.57
235,CHEMBL3678248,Fc1ccc(Oc2cc(ccc2C(=O)NC3=CC(=O)NC=C3)C(F)(F)C(F)(F)F)cc1,7.92
236,CHEMBL3678249,COc1ccc(Oc2cc(ccc2C(=O)NC3=CC(=O)NC=C3)C(F)(F)C(F)(F)F)cc1F,7.8
237,CHEMBL3678250,Fc1ccc(Oc2ccc(cc2C(=O)NC3=CC(=O)NC=C3)C(F)(F)F)c(F)c1F,7.59
238,CHEMBL3678251,Cc1cc(C)c(C)c(Oc2ccc(cc2C(=O)NC3=CC(=O)NC=C3)C(F)(F)F)c1,6.38
239,CHEMBL3678252,Cc1ccc(Oc2ccc(cc2C(=O)NC3=CC(=O)NC=C3)C(F)(F)F)c(F)c1F,6.87
240,CHEMBL3678253,Cc1cc(C)c(Oc2ccc(cc2C(=O)NC3=CC(=O)NC=C3)C(F)(F)F)cc1C,5.84
241,CHEMBL3678254,Cc1cc(C)c(C)c(Oc2ccc(F)cc2C(=O)NC3=CC(=O)NC=C3)c1,5.85
242,CHEMBL3678255,Fc1ccc(Oc2ccccc2)c(c1)C(=O)NC3=CC(=O)NC=C3,5.46
243,CHEMBL3678256,Fc1ccc(Oc2ccc(cc2)C3CC3)c(c1)C(=O)NC4=CC(=O)NC=C4,6.4
244,CHEMBL3678257,CC(C)(C)Oc1ccc(Oc2ccc(F)cc2C(=O)NC3=CC(=O)NC=C3)cc1,6.13
245,CHEMBL3678258,CCOc1ccc(Oc2ccc(F)cc2C(=O)NC3=CC(=O)NC=C3)cc1,6.52
246,CHEMBL3678259,CC(C)c1ccc(Oc2ccc(F)cc2C(=O)NC3=CC(=O)NC=C3)cc1,5.29
247,CHEMBL3678260,CCCOc1ccc(Oc2ccc(F)cc2C(=O)NC3=CC(=O)NC=C3)cc1,6.81
248,CHEMBL3678261,Fc1ccc(Oc2ccc(OC(F)(F)F)cc2)c(c1)C(=O)NC3=CC(=O)NC=C3,6.92
249,CHEMBL3678262,COCCc1ccc(Oc2ccc(F)cc2C(=O)NC3=CC(=O)NC=C3)cc1,4.77
250,CHEMBL3678263,COc1ccc(Oc2ccc(F)cc2C(=O)NC3=CC(=O)NC=C3)c(Cl)c1,6.48
251,CHEMBL3678264,COc1ccc(Oc2ccc(F)cc2C(=O)NC3=CC(=O)NC=C3)cc1,5.94
252,CHEMBL3678265,Cc1cc(C)c(Oc2ccc(F)cc2C(=O)NC3=CC(=O)NC=C3)cc1C,5.45
254,CHEMBL3678266,Fc1ccc(Oc2ccc(OCC(F)(F)F)cc2)c(c1)C(=O)NC3=CC(=O)NC=C3,6.41
255,CHEMBL3678267,Fc1ccc(Oc2ccc(OCC3CC3)cc2)c(c1)C(=O)NC4=CC(=O)NC=C4,6.55
256,CHEMBL3678268,Fc1ccc(Oc2cc(Cl)c(F)cc2C(=O)NC3=CC(=O)NC=C3)c(Cl)c1,7.72
257,CHEMBL3678269,COc1ccc(Oc2cc(ccc2C(=O)NC3=CC(=O)NC=C3)C(F)(F)F)c(Cl)c1F,6.05
258,CHEMBL3678270,COc1cc(F)ccc1Oc2cc(ccc2C(=O)NC3=CC(=O)NC=C3)C(F)(F)C(F)(F)F,8.52
259,CHEMBL3678271,Cc1cc(F)ccc1Oc2cc(ccc2C(=O)NC3=CC(=O)NC=C3)C(F)(F)C(F)(F)F,7.8
260,CHEMBL3678272,Fc1ccc(Oc2cc(Cl)c(Cl)cc2C(=O)NC3=CC(=O)NC=C3)cc1,8.22
261,CHEMBL3678273,COc1cc(F)ccc1Oc2cc(Cl)c(Cl)cc2C(=O)NC3=CC(=O)NC=C3,9.0
262,CHEMBL3678274,COc1ccc(Oc2cc(Cl)c(Cl)cc2C(=O)NC3=CC(=O)NC=C3)cc1F,8.16
263,CHEMBL3678275,CC(C)CCOc1cc(ccc1C(=O)NC2=CC(=O)NC=C2)C(F)(F)F,6.31
264,CHEMBL3678276,CC(C)COc1cc(ccc1C(=O)NC2=CC(=O)NC=C2)C(F)(F)F,5.94
265,CHEMBL3678277,FC(F)(F)c1ccc(C(=O)NC2=CC(=O)NC=C2)c(OC3C[C@H]4CCC3C4)c1,6.12
266,CHEMBL3678278,CC1(COc2cc(ccc2C(=O)NC3=CC(=O)NC=C3)C(F)(F)F)CC1,4.85
267,CHEMBL3678279,FC(F)(F)c1ccc(C(=O)NC2=CC(=O)NC=C2)c(OCC3CCCC3)c1,6.82
268,CHEMBL3678280,FC(F)(F)c1ccc(C(=O)NC2=CC(=O)NC=C2)c(OCC3CCOC3)c1,4.72
269,CHEMBL3678281,FC(F)(F)c1ccc(C(=O)NC2=CC(=O)NC=C2)c(OC3CCC3)c1,5.38
270,CHEMBL3678282,FC(F)(F)CCCOc1cc(ccc1C(=O)NC2=CC(=O)NC=C2)C(F)(F)F,6.45
271,CHEMBL3683064,CC1(C)CC1COc2cc(ccc2C(=O)NC3=CC(=O)NC=C3)C(F)(F)F,6.31
272,CHEMBL3683065,FC(F)(F)c1ccc(C(=O)NC2=CC(=O)NC=C2)c(OC3C[C@@H]4C[C@@H]4C3)c1,4.76
273,CHEMBL3683066,FC(F)(F)c1ccc(C(=O)NC2=CC(=O)NC=C2)c(OCC3CC3(F)F)c1,5.85
274,CHEMBL3683067,FC(F)(F)c1ccc(C(=O)NC2=CC(=O)NC=C2)c(OC3CC4CCC3C4)c1,5.89
275,CHEMBL3683068,FC(F)(F)c1ccc(C(=O)NC2=CC(=O)NC=C2)c(OC3CCCCC3)c1,6.25
276,CHEMBL3683069,FC(F)(F)CCCOc1cc(Cl)ccc1C(=O)NC2=CC(=O)NC=C2,6.03
277,CHEMBL3683070,FC(F)(F)c1ccc(OCC2CCCC2)c(c1)C(=O)NC3=CC(=O)NC=C3,5.29
278,CHEMBL3683071,CC(C)COc1ccc(cc1C(=O)NC2=CC(=O)NC=C2)C(F)(F)F,5.82
279,CHEMBL3639819,FC(F)(F)CCOc1ccc(cc1C(=O)NC2=CC(=O)NC=C2)C(F)(F)F,6.48
280,CHEMBL3683072,FC(F)(F)CCCOc1ccc(cc1C(=O)NC2=CC(=O)NC=C2)C(F)(F)F,5.24
281,CHEMBL3683073,CC1(C)CC1COc2ccc(cc2C(=O)NC3=CC(=O)NC=C3)C(F)(F)F,4.68
282,CHEMBL3683074,FC(F)(F)c1ccc(OC2C[C@@H]3C[C@@H]3C2)c(c1)C(=O)NC4=CC(=O)NC=C4,5.78
283,CHEMBL3683075,FC(F)(F)Oc1ccc(OCC2CCCC2)c(c1)C(=O)NC3=CC(=O)NC=C3,5.59
284,CHEMBL3683076,FC(F)(F)Oc1ccc(OC2CCCCC2)c(c1)C(=O)NC3=CC(=O)NC=C3,4.9
285,CHEMBL3683077,FC(F)(F)CCOc1ccc(OC(F)(F)F)cc1C(=O)NC2=CC(=O)NC=C2,5.84
286,CHEMBL3683078,FC(F)(F)CCCOc1ccc(OC(F)(F)F)cc1C(=O)NC2=CC(=O)NC=C2,5.52
287,CHEMBL3683079,CC1(C)CC1COc2ccc(OC(F)(F)F)cc2C(=O)NC3=CC(=O)NC=C3,4.82
288,CHEMBL3683080,CC(C)(C)c1ccc(C(=O)NC2=CC(=O)NC=C2)c(Oc3ccc(nc3)C(F)(F)F)c1,7.11
289,CHEMBL3683081,CC(C)(C)c1ccc(C(=O)NC2=CNC(=O)C=C2)c(Oc3ccc(nc3)C(F)(F)F)c1,6.19
290,CHEMBL3683082,FC(F)(F)c1ccc(Oc2cc(Cl)ccc2C(=O)NC3=CC(=O)NC=C3)cn1,5.48
291,CHEMBL3683083,FC(F)(F)c1ccc(C(=O)NC2=CC(=O)NC=C2)c(Oc3ccc(nc3)C(F)(F)F)c1,6.21
292,CHEMBL3683084,FC(F)(F)c1ccc(C(=O)NC2=CNC(=O)C=C2)c(Oc3ccc(nc3)C(F)(F)F)c1,5.3
293,CHEMBL3683085,Cc1ccc(Oc2cc(ccc2C(=O)NC3=CC(=O)NC=C3)C(F)(F)F)cn1,5.34
294,CHEMBL3683086,Cc1ncccc1Oc2cc(ccc2C(=O)NC3=CC(=O)NC=C3)C(F)(F)F,5.42
295,CHEMBL3683087,CN1C=CC(=CC1=O)NC(=O)c2ccc(cc2Oc3ccc(nc3)C(F)(F)F)C(C)(C)C,6.35
296,CHEMBL3683088,CN1C=C(NC(=O)c2ccc(cc2Oc3ccc(nc3)C(F)(F)F)C(C)(C)C)C=CC1=O,5.78
297,CHEMBL3683089,Cc1ncccc1Oc2ccc(cc2C(=O)NC3=CC(=O)NC=C3)C(F)(F)F,5.18
298,CHEMBL3683090,Cc1ncccc1Oc2ccc(OC(F)(F)F)cc2C(=O)NC3=CC(=O)NC=C3,5.08
299,CHEMBL3683091,Fc1ccc(Oc2cc(cc(c2C(=O)NC3=CC(=O)NC=C3)C(F)(F)F)C(F)(F)F)c(F)c1,7.36
300,CHEMBL3683092,Cc1cc(F)ccc1Oc2cc(cc(c2C(=O)NC3=CC(=O)NC=C3)C(F)(F)F)C(F)(F)F,8.0
301,CHEMBL3683093,COc1cc(F)ccc1Oc2cc(cc(c2C(=O)NC3=CC(=O)NC=C3)C(F)(F)F)C(F)(F)F,8.3
302,CHEMBL3683094,Fc1ccc(Oc2cc(cc(c2C(=O)NC3=CC(=O)NC=C3)C(F)(F)F)C(F)(F)F)cc1,7.96
303,CHEMBL3683095,FC(F)(F)c1cc(Oc2ccccc2)c(C(=O)NC3=CC(=O)NC=C3)c(c1)C(F)(F)F,7.28
304,CHEMBL3683096,OCc1cc(F)ccc1Oc2cc(ccc2C(=O)NC3=CC(=O)NC=C3)C(F)(F)F,7.24
305,CHEMBL3683097,COc1cc(F)ccc1Oc2cc(ccc2C(=O)NC3=CC(=O)NC=C3)C(F)(F)F,8.7
306,CHEMBL3683098,Oc1ccc(F)cc1COc2cc(ccc2C(=O)NC3=CC(=O)NC=C3)C(F)(F)F,5.59
307,CHEMBL3683099,Fc1ccc(Oc2ccc(OCCCC(F)(F)F)cc2)c(c1)C(=O)NC3=CC(=O)NC=C3,5.86
