,molecule_chembl_id,canonical_smiles,pchembl_value
0,benzocaine,CCOC(=O)C1=CC=C(N)C=C1,
1,ropivacaine,CCCN1CCCC[C@H]1C(=O)NC1=C(C)C=CC=C1C,
2,mepivacaine,[H]C1(CCCCN1C)C(=O)NC1=C(C)C=CC=C1C,
3,etidocaine,CCCN(CC)C(CC)C(=O)NC1=C(C)C=CC=C1C,6.0
4,lidocaine,CCN(CC)CC(=O)NC1=C(C)C=CC=C1C,5.0
5,phenytoin,O=C1NC(=O)C(N1)(C1=CC=CC=C1)C1=CC=CC=C1,4.80000019
6,mexiletine,CC(N)COC1=C(C)C=CC=C1C,5.54
7,ethotoin,CCN1C(=O)NC(C1=O)C1=CC=CC=C1,
8,phenazopyridine,NC1=NC(N)=C(C=C1)\N=N\C1=CC=CC=C1,
9,mephenytoin,CCC1(NC(=O)N(C)C1=O)C1=CC=CC=C1,
10,rufinamide,NC(=O)C1=CN(CC2=C(F)C=CC=C2F)N=N1,
11,lamotrigine,NC1=NN=C(C(N)=N1)C1=C(Cl)C(Cl)=CC=C1,5.0
12,hexylcaine,CC(CNC1CCCCC1)OC(=O)C1=CC=CC=C1,5.15
13,tetracaine,CCCCNC1=CC=C(C=C1)C(=O)OCCN(C)C,5.47
14,articaine,CCCNC(C)C(=O)NC1=C(SC=C1C)C(=O)OC,4.29
15,propoxycaine,CCCOC1=C(C=CC(N)=C1)C(=O)OCCN(CC)CC,4.62
16,proparacaine,CCCOC1=C(N)C=C(C=C1)C(=O)OCCN(CC)CC,5.72
17,oxybuprocaine,CCCCOC1=C(N)C=CC(=C1)C(=O)OCCN(CC)CC,5.54
18,quinidine,[H][C@@]1(C[C@@H]2CC[N@]1C[C@@H]2C=C)[C@@H](O)C1=CC=NC2=CC=C(OC)C=C12,5.49
19,eslicarbazepine acetate,CC(=O)O[C@H]1CC2=C(C=CC=C2)N(C(N)=O)C2=CC=CC=C12,
20,procainamide,CCN(CC)CCNC(=O)C1=CC=C(N)C=C1,
21,tocainide,CC(N)C(=O)NC1=C(C)C=CC=C1C,
22,prilocaine,CCCNC(C)C(=O)NC1=C(C)C=CC=C1,4.26999998
23,CHEMBL106463,Cc1ccc(cc1)C(=O)NC(=N)Nc2ccc(OCc3ccccc3)cc2,5.0
24,CHEMBL2324355,Cc1nocc1C(=O)Nc2ccc(c(N)n2)c3ccccc3OC(F)(F)F,5.0
25,CHEMBL509722,FC(F)(F)c1ccc(cc1)c2nc(c[nH]2)c3ccccc3,5.0
26,CHEMBL250699,COc1cc(NC(=O)c2oc(cc2)c3ccc(Cl)cc3)cc(OC)c1,5.02
27,CHEMBL108407,CN(C(=N)NC(=O)c1ccc(C)cc1)c2cccc(I)c2,5.03
28,CHEMBL1278045,CC(C)Oc1cccc(NC(=O)c2cncc(n2)c3ccc(cc3)C#N)c1,5.04
29,CHEMBL324435,Cc1ccc(cc1)C(=O)NC(=N)N2CCc3ccccc23,5.06
30,CHEMBL1277513,Cc1cccc(NC(=O)c2cncc(n2)c3ccc(Cl)cc3)c1,5.09
31,CHEMBL3809641,Cc1noc(CN2N=C3C=CC(=CN3C2=O)c4ccc(OC(F)(F)F)cc4)n1,5.09
32,CHEMBL2164389,FC(F)(F)Oc1ccc(CNC(=O)C2N(CCc3ccccn3)C(=O)c4ccccc24)cc1,5.09
33,CHEMBL3809595,FC(F)(F)Oc1ccc(cc1)c2ccc3nnc(n3c2)C(F)(F)F,5.1
34,CHEMBL107684,Clc1ccc(cc1Cl)C(=O)NC(=N)NCCCCc2ccccc2,5.15
35,CHEMBL3589892,CNC(=O)c1cnc(N)c(c1)c2cc(Cl)cc(Cl)c2Cl,5.16
36,CHEMBL1277512,COc1cc(NC(=O)c2cncc(n2)c3ccc(Cl)cc3)cc(OC)c1,5.21
37,CHEMBL105997,Cc1ccc(cc1)C(=O)NC(=N)NCCCc2ccccc2,5.22
38,CHEMBL318362,CN(Sc1cccc(C)c1)C(=N)NC(=O)c2ccc(C)cc2,5.26
39,CHEMBL1277514,Cc1cc(C)cc(NC(=O)c2cncc(n2)c3ccc(Cl)cc3)c1,5.3
40,CHEMBL110352,Clc1cccc(Cl)c1C(=O)NC(=N)NCCCCc2ccccc2,5.3
41,CHEMBL108070,Cc1ccc(cc1)C(=O)NC(=N)NCCc2cccs2,5.31
42,CHEMBL105929,CC(C)c1ccccc1\N=C(\N)/NC(=O)c2ccc(C)cc2,5.36
43,CHEMBL322599,Clc1ccc(cc1)C(=O)NC(=N)NCCCCc2ccccc2,5.37
44,CHEMBL108361,N=C(NCCCCc1ccccc1)NC(=O)c2cccs2,5.37
45,CHEMBL322055,C\N=C(/NCCCCc1ccccc1)\NC(=O)c2ccc(C)cc2,5.38
46,CHEMBL3798228,F[C@H]1CCN(C1)C(=O)CN2CCN(C2=O)c3cccc4c3cnn4c5ccccc5F,5.4
47,CHEMBL320248,Cc1ccc(cc1)C(=O)NC(=N)NCCSCc2ccccc2,5.41
48,CHEMBL110502,Cc1ccc(cc1)C(=O)NC(=N)NCc2ccccc2,5.41
49,CHEMBL1276881,FC(F)(F)Oc1ccc(cc1)c2cncc(n2)C(=O)NCc3cccnc3Cl,5.41
50,CHEMBL3236329,FC(F)(F)Oc1cccc(c1)C(=O)NCc2noc(n2)c3c4ccccc4nn3CCn5ccnc5,5.45
51,CHEMBL3589893,CC(=O)Nc1ccc(c(N)n1)c2cc(Cl)cc(Cl)c2Cl,5.46
52,CHEMBL320314,COc1cccc2[nH]cc(CC\N=C(\N)/NC(=O)c3ccc(C)cc3)c12,5.48
53,CHEMBL106210,Cc1ccc(cc1)C(=O)NC(=N)Nc2cccc3ccccc23,5.48
54,CHEMBL106356,Cc1ccc(cc1)C(=O)NC(=N)NCCOc2ccccc2,5.49
55,CHEMBL431643,Clc1ccc(Cl)c(c1)C(=O)NC(=N)NCCCCc2ccccc2,5.49
56,amitriptyline,CN(C)CCC=C1c2ccccc2CCc3ccccc13,5.51
57,CHEMBL1270208,FC(F)(F)COc1ncccc1CNC(=O)c2cncc(c2)c3ccc(Cl)cc3,5.55
58,CHEMBL108782,Cc1ccc(cc1)C(=O)NC(=N)NCCCOc2ccccc2,5.57
59,CHEMBL305200,FC(F)(F)c1cccc(c1)c2c[nH]c(n2)c3ccccc3,5.57
60,CHEMBL107354,Cc1ccc(cc1)C(=O)NC(=N)NCCc2ccccc2,5.58
61,CHEMBL3798363,Fc1ccc2c(c1)c(OCCN3CCNC3=O)nn2c4ccccc4F,5.59
62,CHEMBL468120,[O-][N+](=O)c1ccc(cc1)c2nc(c[nH]2)c3cccc(c3)C(F)(F)F,5.6
63,CHEMBL108627,Cc1ccc(cc1)C(=O)NC(=N)NCc2cccc3ccccc23,5.62
64,CHEMBL299668,CCCCC\N=C\1/C=CN(Cc2ccccc2)c3cc(Cl)ccc13,5.66
65,CHEMBL1278223,Cc1cccc(NC(=O)c2cncc(n2)c3ccc(OC(F)(F)F)cc3)c1,5.66
66,CHEMBL106610,Cc1ccc(cc1)C(=O)NC(=N)NCCCCCc2ccccc2,5.68
67,CHEMBL106351,CC(C)Oc1ccc(NC(=N)NC(=O)c2ccc(C)cc2)cc1,5.7
68,CHEMBL107394,CC(C)c1ccc(NC(=N)NC(=O)c2ccc(C)cc2)cc1,5.71
69,CHEMBL320332,Cc1ccc(cc1)C(=O)NC(=N)NCCc2ccc(Cl)cc2,5.71
70,CHEMBL105782,COc1cc(NC(=N)NC(=O)c2ccc(C)cc2)cc(OC)c1OC,5.72
71,CHEMBL1271417,Clc1ccc(cc1)c2cncc(c2)C(=O)NCc3ccccc3,5.72
72,CHEMBL421032,COc1ccc2[nH]cc(CC\N=C(\N)/NC(=O)c3ccc(C)cc3)c2c1,5.75
73,CHEMBL1278044,Cc1cc(C)cc(NC(=O)c2cncc(n2)c3ccc(cc3)C#N)c1,5.8
74,CHEMBL1270302,Clc1ccc(cc1)c2cncc(c2)C(=O)NCc3cccnc3N4CCOCC4,5.8
75,CHEMBL2419774,CCCCCNC1C=CN(Cc2ccccc2)c3cc([125I])ccc13,5.82
76,CHEMBL1276882,FC(F)(F)Oc1ccc(cc1)c2cncc(n2)C(=O)NCc3cccnc3N4CCOCC4,5.82
77,CHEMBL109012,Clc1cccc(C(=O)NC(=N)NCCCCc2ccccc2)c1Cl,5.83
78,CHEMBL503978,Clc1ccc(cc1)c2nc(c[nH]2)c3ccccc3,5.85
79,CHEMBL467700,FC(F)(F)c1ccc(cc1)c2c[nH]c(n2)c3ccccc3,5.85
80,CHEMBL110164,COc1cc(cc(OC)c1OC)C(=O)NC(=N)NCCCCc2ccccc2,5.86
81,CHEMBL106459,Cc1ccccc1C(=O)NC(=N)NCCCCc2ccccc2,5.92
82,CHEMBL1278224,Cc1ccccc1CNC(=O)c2cncc(n2)c3ccc(OC(F)(F)F)cc3,5.92
83,CHEMBL1269883,Clc1ccc(cc1)c2cncc(c2)C(=O)NCc3ccccc3Cl,5.92
84,CHEMBL108728,Cc1ccc(cc1)C(=O)NC(=N)NCCCCc2ccccc2,5.94
85,CHEMBL521211,Clc1ccc(cc1)c2oc(cc2)C(=O)N3CCNCC3,5.96
86,CHEMBL1277958,CCOc1ccc(cc1)c2cncc(n2)C(=O)Nc3cccc(C)c3,6.0
87,CHEMBL1278138,Cc1ccccc1CNC(=O)c2cncc(n2)c3ccc(cc3)C#N,6.0
88,CHEMBL1277607,Clc1ccc(CCNC(=O)c2cncc(n2)c3ccc(Cl)cc3)cc1,6.0
89,CHEMBL1277876,Clc1ccc(cc1)c2cncc(n2)C(=O)NCc3cccnc3N4CCCC4,6.0
90,CHEMBL110572,N=C(NCCCCc1ccccc1)NC(=O)c2cccc3ccccc23,6.07
91,CHEMBL321883,COc1ccc(cc1)C(=O)NC(=N)NCCCCc2ccccc2,6.09
92,CHEMBL108727,CCOc1ccc(cc1)C(=O)NC(=N)NCCCCc2ccccc2,6.12
93,CHEMBL1270207,CCOc1ncccc1CNC(=O)c2cncc(c2)c3ccc(Cl)cc3,6.17
94,CHEMBL108347,CCCCOc1ccc(cc1)C(=O)NC(=N)NCCCCc2ccccc2,6.2
95,CHEMBL1277959,CCOc1ccc(cc1)c2cncc(n2)C(=O)NCc3ccccc3C,6.33
96,CHEMBL1277877,CCOc1ccc(cc1)c2cncc(n2)C(=O)Nc3cc(C)cc(C)c3,6.44
97,CHEMBL482676,Clc1ccc(cc1)c2oc(cc2)C(=O)N3CCN(CC3)C4CCCCC4,6.46
98,CHEMBL3617053,O=C(Nc1ccc(cc1)S(=O)(=O)Nc2nccs2)C(c3ccccc3)c4ccccc4,6.62
99,CHEMBL510722,FC(F)(F)c1cccc(c1)c2c[nH]c(n2)c3cccc(c3)C(F)(F)F,6.7
100,CHEMBL1269991,Clc1ccc(cc1)c2cncc(c2)C(=O)NCc3ccccc3N4CCOCC4,6.92
101,CHEMBL1269882,Cc1ccccc1CNC(=O)c2cncc(c2)c3ccc(Cl)cc3,6.96
102,CHEMBL486495,CC(C)(C)c1ccc(cc1)c2oc(cc2)C(=O)N3CCN(CC3)C4CCCCC4,7.0
103,CHEMBL1270301,Clc1ccc(cc1)c2cncc(c2)C(=O)NCc3cccnc3N4CCCCC4,7.16
104,CHEMBL1269990,Clc1ccc(cc1)c2cncc(c2)C(=O)NCc3ccccc3N4CCCCC4,7.3
105,CHEMBL3341983,Nc1noc2ccc(cc12)c3cc(Cl)ccc3Oc4cc(F)c(cc4F)S(=O)(=O)Nc5ncns5,8.38
106,CHEMBL3617063,Nc1nc2cc(ccc2[nH]1)c3cc(Cl)ccc3Oc4cc(F)c(cc4F)S(=O)(=O)Nc5ncns5,9.7
