,molecule_chembl_id,canonical_smiles,pchembl_value
0,phenytoin,O=C1NC(=O)C(N1)(C1=CC=CC=C1)C1=CC=CC=C1,
1,benzocaine,CCOC(=O)C1=CC=C(N)C=C1,
2,ropivacaine,CCCN1CCCC[C@H]1C(=O)NC1=C(C)C=CC=C1C,
3,mepivacaine,[H]C1(CCCCN1C)C(=O)NC1=C(C)C=CC=C1C,
4,lamotrigine,NC1=NN=C(C(N)=N1)C1=C(Cl)C(Cl)=CC=C1,
5,ethotoin,CCN1C(=O)NC(C1=O)C1=CC=CC=C1,
6,phenazopyridine,NC1=NC(N)=C(C=C1)\N=N\C1=CC=CC=C1,
7,mephenytoin,CCC1(NC(=O)N(C)C1=O)C1=CC=CC=C1,
8,lidocaine,CCN(CC)CC(=O)NC1=C(C)C=CC=C1C,4.98
9,rufinamide,NC(=O)C1=CN(CC2=C(F)C=CC=C2F)N=N1,
10,hexylcaine,CC(CNC1CCCCC1)OC(=O)C1=CC=CC=C1,5.15
11,tetracaine,CCCCNC1=CC=C(C=C1)C(=O)OCCN(C)C,5.47
12,articaine,CCCNC(C)C(=O)NC1=C(SC=C1C)C(=O)OC,4.29
13,propoxycaine,CCCOC1=C(C=CC(N)=C1)C(=O)OCCN(CC)CC,4.62
14,proparacaine,CCCOC1=C(N)C=C(C=C1)C(=O)OCCN(CC)CC,5.72
15,oxybuprocaine,CCCCOC1=C(N)C=CC(=C1)C(=O)OCCN(CC)CC,5.54
16,quinidine,[H][C@@]1(C[C@@H]2CC[N@]1C[C@@H]2C=C)[C@@H](O)C1=CC=NC2=CC=C(OC)C=C12,5.49
17,eslicarbazepine acetate,CC(=O)O[C@H]1CC2=C(C=CC=C2)N(C(N)=O)C2=CC=CC=C12,
18,procainamide,CCN(CC)CCNC(=O)C1=CC=C(N)C=C1,
19,tocainide,CC(N)C(=O)NC1=C(C)C=CC=C1C,
20,prilocaine,CCCNC(C)C(=O)NC1=C(C)C=CC=C1,4.26999998
21,CHEMBL2324355,Cc1nocc1C(=O)Nc2ccc(c(N)n2)c3ccccc3OC(F)(F)F,5.0
22,CHEMBL3617063,Nc1nc2cc(ccc2[nH]1)c3cc(Cl)ccc3Oc4cc(F)c(cc4F)S(=O)(=O)Nc5ncns5,5.03
23,CHEMBL3113259,Cl.Nc1nc(c[nH]1)c2ccc(NC(=O)[C@H]3CCCN3)cc2,5.1
24,CHEMBL3798228,F[C@H]1CCN(C1)C(=O)CN2CCN(C2=O)c3cccc4c3cnn4c5ccccc5F,5.15
25,CHEMBL3589892,CNC(=O)c1cnc(N)c(c1)c2cc(Cl)cc(Cl)c2Cl,5.16
26,CHEMBL3236329,FC(F)(F)Oc1cccc(c1)C(=O)NCc2noc(n2)c3c4ccccc4nn3CCn5ccnc5,5.32
27,CHEMBL3589893,CC(=O)Nc1ccc(c(N)n1)c2cc(Cl)cc(Cl)c2Cl,5.46
28,CHEMBL3798363,Fc1ccc2c(c1)c(OCCN3CCNC3=O)nn2c4ccccc4F,5.47
29,CHEMBL250699,COc1cc(NC(=O)c2oc(cc2)c3ccc(Cl)cc3)cc(OC)c1,5.61
30,CHEMBL1813048,CC(=O)Nc1cccc(Nc2ncnc(n2)N3CCC(CC3)OCc4ccc(OC(F)(F)F)cc4)c1C,6.52
31,CHEMBL2324354,FC(F)(F)c1cc(CNC(=O)c2ccc(cc2)S(=O)(=O)Nc3ncc(Cl)s3)ccc1Cl,7.52
0,CHEMBL525818,NCCCC[C@@H]1NC(=O)[C@H](CO)NC(=O)[C@H](CO)NC(=O)[C@@H]2CSSC[C@H](NC(=O)[C@@H]3CSSC[C@H](NC(=O)[C@@H](N)CSSC[C@H](NC(=O)[C@H](Cc4c[nH]c5ccccc45)NC1=O)C(=O)N[C@@H](CCCNC(=N)N)C(=O)N[C@@H](CC(=O)O)C(=O)N[C@@H](Cc6cnc[nH]6)C(=O)N[C@@H](CO)C(=O)N[C@@H](CCCNC(=N)N)C(=O)N3)C(=O)N[C@H](CC(=O)N)C(=O)N2)C(=O)N,5.34
7,CHEMBL58323,COC[C@@H](NC(=O)C)C(=O)NCc1ccccc1,6.38
12,CHEMBL3617067,CC[C@H](C)[C@H](NC(=O)[C@H](CCC(=O)O)NC(=O)[C@H](Cc1ccc(O)cc1)NC(=O)[C@H](CCCCN)NC(=O)[C@H](CS)NC(=O)[C@H](Cc2c[nH]c3ccccc23)NC(=O)[C@H](CCCNC(=N)N)NC(=O)[C@H](Cc4cnc[nH]4)NC(=O)[C@H](CCCCN)NC(=O)[C@H](CCCNC(=N)N)NC(=O)[C@H](CO)NC(=O)[C@H](CS)NC(=O)[C@@H](NC(=O)[C@H](CC(C)C)NC(=O)[C@H](CC(=O)N)NC(=O)[C@H](CO)NC(=O)[C@H](CO)NC(=O)[C@H](CCCCN)NC(=O)[C@H](CS)NC(=O)[C@H](CS)NC(=O)[C@H](CCC(=O)N)NC(=O)[C@H](CC(=O)O)NC(=O)[C@H](CC(=O)N)NC(=O)[C@H](CO)NC(=O)[C@@H]5CCCN5C(=O)[C@H](CC(=O)N)NC(=O)[C@H](CS)NC(=O)CNC(=O)[C@H](CCCCN)NC(=O)CNC(=O)[C@H](Cc6ccccc6)NC(=O)CNC(=O)[C@H](CC(C)C)NC(=O)[C@H](CS)NC(=O)[C@@H](N)CCC(=O)O)C(C)C)C(=O)N,6.43
