,molecule_chembl_id,canonical_smiles,pchembl_value
0,benzocaine,CCOC(=O)C1=CC=C(N)C=C1,
1,ropivacaine,CCCN1CCCC[C@H]1C(=O)NC1=C(C)C=CC=C1C,
2,orphenadrine,CN(C)CCOC(C1=CC=CC=C1)C1=C(C)C=CC=C1,5.6576
3,mexiletine,CC(N)COC1=C(C)C=CC=C1C,4.38
4,mepivacaine,[H]C1(CCCCN1C)C(=O)NC1=C(C)C=CC=C1C,
5,etidocaine,CCCN(CC)C(CC)C(=O)NC1=C(C)C=CC=C1C,
6,bupivacaine,CCCCN1CCCCC1C(=O)NC1=C(C)C=CC=C1C,6.0
7,levobupivacaine,CCCCN1CCCC[C@H]1C(=O)NC1=C(C)C=CC=C1C,
8,ethotoin,CCN1C(=O)NC(C1=O)C1=CC=CC=C1,
9,phenazopyridine,NC1=NC(N)=C(C=C1)\N=N\C1=CC=CC=C1,
10,mephenytoin,CCC1(NC(=O)N(C)C1=O)C1=CC=CC=C1,
11,lidocaine,CCN(CC)CC(=O)NC1=C(C)C=CC=C1C,5.7
12,carbamazepine,NC(=O)N1C2=CC=CC=C2C=CC2=C1C=CC=C2,4.28
13,rufinamide,NC(=O)C1=CN(CC2=C(F)C=CC=C2F)N=N1,
14,phenytoin,O=C1NC(=O)C(N1)(C1=CC=CC=C1)C1=CC=CC=C1,4.62
15,lamotrigine,NC1=NN=C(C(N)=N1)C1=C(Cl)C(Cl)=CC=C1,4.77
16,pilsicainide,CC1=CC=CC(C)=C1NC(=O)CC12CCCN1CCC2,4.37675095
17,eslicarbazepine acetate,CC(=O)O[C@H]1CC2=C(C=CC=C2)N(C(N)=O)C2=CC=CC=C12,
18,procainamide,CCN(CC)CCNC(=O)C1=CC=C(N)C=C1,
19,tocainide,CC(N)C(=O)NC1=C(C)C=CC=C1C,
20,CHEMBL485003,Cc1cccc(C)c1NC(=O)[C@@H]2CCCN2Cc3ccccc3,5.0
21,CHEMBL357719,N[C@@H](COc1ccc(Cl)cc1)c2ccccc2,5.0
22,CHEMBL473498,C[C@H](NCc1ccccc1)C(=O)Nc2c(C)cccc2C,5.04
23,CHEMBL3085867,CC(C)(C)OC(=O)N1CCC[C@H]1C(=O)N[C@H]2CCc3nc(N)sc3C2,5.1
24,CHEMBL147168,Cc1cc(Cl)cc(C)c1OC[C@@H](N)c2ccccc2,5.1
25,CHEMBL483784,Cc1cccc(C)c1SC[C@H](N)c2ccccc2,5.15
26,CHEMBL446777,CC(C)[C@@H](N)COc1c(C)cccc1C,5.24
27,CHEMBL474672,CC(C)[C@H](N)COc1c(C)cccc1C,5.24
28,CHEMBL3800477,CC[C@H](C)[C@@H]1NC(=O)[C@@H]2CSSC[C@@H]3NC(=O)[C@@H](NC(=O)[C@H](CC(C)C)NC(=O)[C@H](CC(=O)N)NC(=O)[C@@H]4CCCN4C(=O)[C@H](CCCNC(=N)N)NC(=O)[C@H](CSSC[C@H](NC(=O)[C@@H](N)CC(=O)O)C(=O)N[C@@H](CC(C)C)C(=O)NCC(=O)N[C@@H](Cc5ccccc5)C(=O)N[C@@H](CCSC)C(=O)N[C@@H](CCCNC(=N)N)C(=O)N[C@@H](CCCCN)C(=O)N2)NC(=O)[C@H](CSSC[C@H](NC(=O)[C@H](Cc6cccc7ccccc67)NC(=O)[C@H](CCCCN)NC(=O)[C@H](Cc8cnc[nH]8)NC(=O)[C@@H](NC(=O)[C@H](CCCNC(=N)N)NC(=O)[C@H](CO)NC3=O)[C@@H](C)O)C(=O)N[C@@H](CCCCN)C(=O)N[C@@H](Cc9ccc(O)cc9)C(=O)N[C@@H](C(C)C)C(=O)N[C@@H](Cc%10ccccc%10)C(=O)N)NC(=O)[C@H](CCCCN)NC(=O)[C@H](CC(=O)O)NC(=O)[C@H](CC(=O)N)NC(=O)[C@H](CC(=O)O)NC(=O)[C@@H]%11CCCN%11C1=O)C(C)C,5.25
29,CHEMBL452986,Cc1cccc(C)c1SC[C@@H](N)c2ccccc2,5.33
30,CHEMBL3236329,FC(F)(F)Oc1cccc(c1)C(=O)NCc2noc(n2)c3c4ccccc4nn3CCn5ccnc5,5.34
31,CHEMBL3799757,CSCC[C@@H]1NC(=O)[C@H](Cc2ccccc2)NC(=O)CNC(=O)[C@H](CC(C)C)NC(=O)[C@H](CSSC[C@@H]3NC(=O)[C@@H]4CSSC[C@H](NC(=O)[C@H](Cc5c[nH]c6ccccc56)NC(=O)[C@H](CCCCN)NC(=O)[C@H](Cc7cnc[nH]7)NC(=O)[C@@H](NC(=O)[C@H](CCCNC(=N)N)NC(=O)[C@H](CO)NC(=O)[C@H](CSSC[C@H](NC(=O)[C@H](CCCCN)NC(=O)[C@H](CCCNC(=N)N)NC1=O)C(=O)N[C@@H](CCC(=O)O)C(=O)N8CCC[C@H]8C(=O)N[C@@H](CC(=O)O)C(=O)N[C@@H](CC(=O)N)C(=O)N[C@@H](CC(=O)O)C(=O)N[C@@H](CCCCN)C(=O)N4)NC(=O)[C@@H](NC(=O)[C@H](CC(C)C)NC(=O)[C@H](CC(=O)N)NC(=O)[C@@H]9CCCN9C(=O)[C@H](CCCNC(=N)N)NC3=O)C(C)C)[C@@H](C)O)C(=O)N[C@@H](CCCCN)C(=O)N[C@@H](Cc%10ccc(O)cc%10)C(=O)N[C@@H](C(C)C)C(=O)N[C@@H](Cc%11ccccc%11)C(=O)N)NC(=O)[C@@H](N)CC(=O)O,5.35
32,CHEMBL3798460,CC[C@H](C)[C@@H]1NC(=O)[C@@H]2CSSC[C@@H]3NC(=O)[C@@H](NC(=O)[C@H](CC(C)C)NC(=O)[C@H](CC(=O)N)NC(=O)[C@@H]4CCCN4C(=O)[C@H](CCCNC(=N)N)NC(=O)[C@H](CSSC[C@H](NC(=O)[C@@H](N)CC(=O)O)C(=O)N[C@@H](CC(C)C)C(=O)NCC(=O)N[C@@H](Cc5ccccc5)C(=O)N[C@@H](CCSC)C(=O)N[C@@H](CCCNC(=N)N)C(=O)N[C@@H](CCCCN)C(=O)N2)NC(=O)[C@H](CSSC[C@H](NC(=O)[C@H](Cc6c[nH]c7ccccc67)NC(=O)[C@H](CCC(=O)N)NC(=O)[C@H](Cc8cnc[nH]8)NC(=O)[C@@H](NC(=O)[C@H](CCCNC(=N)N)NC(=O)[C@H](CO)NC3=O)[C@@H](C)O)C(=O)N[C@@H](CCCCN)C(=O)N[C@@H](Cc9ccc(O)cc9)C(=O)N[C@@H](C(C)C)C(=O)N[C@@H](Cc%10ccccc%10)C(=O)N)NC(=O)[C@H](CCCCN)NC(=O)[C@H](CC(=O)O)NC(=O)[C@H](CC(=O)N)NC(=O)[C@H](CC(=O)O)NC(=O)[C@@H]%11CCCN%11C1=O)C(C)C,5.36
33,CHEMBL3798414,CC[C@H](C)[C@@H]1NC(=O)[C@@H]2CSSC[C@@H]3NC(=O)[C@@H](NC(=O)[C@H](CC(C)C)NC(=O)[C@H](CC(=O)N)NC(=O)[C@@H]4CCCN4C(=O)[C@H](CCCNC(=N)N)NC(=O)[C@H](CSSC[C@H](NC(=O)[C@@H](N)CC(=O)O)C(=O)N[C@@H](CC(C)C)C(=O)NCC(=O)N[C@@H](Cc5ccccc5)C(=O)N[C@@H](CCSC)C(=O)N[C@@H](CCCNC(=N)N)C(=O)N[C@@H](CCCCN)C(=O)N2)NC(=O)[C@H](CSSC[C@H](NC(=O)[C@H](Cc6c[nH]c7ccccc67)NC(=O)[C@H](CCCCN)NC(=O)[C@H](Cc8cnc[nH]8)NC(=O)[C@@H](NC(=O)[C@H](CCCNC(=N)N)NC(=O)[C@H](CO)NC3=O)[C@@H](C)O)C(=O)N[C@@H](CCCCN)C(=O)N[C@@H](Cc9ccc(O)cc9)C(=O)N[C@@H](C(C)C)C(=O)N[C@@H](Cc%10ccccc%10)C(=O)N)NC(=O)[C@H](CCCCN)NC(=O)[C@H](CC(=O)O)NC(=O)[C@H](CCC(=O)O)NC(=O)[C@H](CC(=O)O)NC(=O)[C@@H]%11CCCN%11C1=O)C(C)C,5.36
34,CHEMBL3799942,CSCC[C@@H]1NC(=O)[C@H](Cc2ccccc2)NC(=O)CNC(=O)[C@H](CC(C)C)NC(=O)[C@H](CSSC[C@@H]3NC(=O)[C@@H]4CSSC[C@H](NC(=O)[C@H](Cc5c[nH]c6ccccc56)NC(=O)[C@H](CCCCN)NC(=O)[C@H](Cc7cnc[nH]7)NC(=O)[C@@H](NC(=O)[C@H](CCCNC(=N)N)NC(=O)[C@H](CO)NC(=O)[C@H](CSSC[C@H](NC(=O)[C@H](CCCCN)NC(=O)[C@H](CCCNC(=N)N)NC1=O)C(=O)N[C@@H](Cc8cc9ccccc9[nH]8)C(=O)N%10CCC[C@H]%10C(=O)N[C@@H](CC(=O)O)C(=O)N[C@@H](CC(=O)N)C(=O)N[C@@H](CC(=O)O)C(=O)N[C@@H](CCCCN)C(=O)N4)NC(=O)[C@@H](NC(=O)[C@H](CC(C)C)NC(=O)[C@H](CC(=O)N)NC(=O)[C@@H]%11CCCN%11C(=O)[C@H](CCCNC(=N)N)NC3=O)C(C)C)[C@@H](C)O)C(=O)N[C@@H](CCCCN)C(=O)N[C@@H](Cc%12ccc(O)cc%12)C(=O)N[C@@H](C(C)C)C(=O)N[C@@H](Cc%13ccccc%13)C(=O)N)NC(=O)[C@@H](N)CC(=O)O,5.36
35,CHEMBL3798855,CC[C@H](C)[C@@H]1NC(=O)[C@H]2CSSC[C@H]3NC(=O)[C@@H](NC(=O)[C@H](CC(C)C)NC(=O)[C@H](CC(=O)N)NC(=O)[C@@H]4CCCN4C(=O)[C@H](CCCNC(=N)N)NC(=O)[C@H](CSSC[C@H](NC(=O)[C@@H](N)CC(=O)O)C(=O)N[C@@H](CC(C)C)C(=O)NCC(=O)N[C@@H](Cc5ccccc5)C(=O)N[C@@H](CCSC)C(=O)N[C@@H](CCCNC(=N)N)C(=O)N[C@@H](CCCCN)C(=O)N2)NC(=O)[C@@H](CSSC[C@H](NC(=O)[C@H](Cc6c[nH]c7ccccc67)NC(=O)[C@H](CCCCN)NC(=O)[C@H](C)NC(=O)[C@@H](NC(=O)[C@H](CCCNC(=N)N)NC(=O)[C@H](CO)NC3=O)[C@@H](C)O)C(=O)N[C@@H](CCCCN)C(=O)N[C@@H](Cc8ccc(O)cc8)C(=O)N[C@@H](C(C)C)C(=O)N[C@@H](Cc9ccccc9)C(=O)N)NC(=O)[C@H](CCCCN)NC(=O)[C@H](CC(=O)O)NC(=O)[C@H](CC(=O)N)NC(=O)[C@H](CC(=O)O)NC(=O)[C@@H]%10CCCN%10C1=O)C(C)C,5.39
36,CHEMBL3800058,CSCC[C@@H]1NC(=O)[C@H](Cc2ccccc2)NC(=O)CNC(=O)[C@H](CC(C)C)NC(=O)[C@H](CSSC[C@@H]3NC(=O)[C@@H]4CSSC[C@H](NC(=O)[C@H](Cc5c[nH]c6ccccc56)NC(=O)[C@H](CCCCN)NC(=O)[C@H](Cc7cnc[nH]7)NC(=O)[C@@H](NC(=O)[C@H](CCCNC(=N)N)NC(=O)[C@H](CO)NC(=O)[C@H](CSSC[C@H](NC(=O)[C@H](CCCCN)NC(=O)[C@H](CCCNC(=N)N)NC1=O)C(=O)N[C@@H](Cc8ccc(cc8)C(=O)O)C(=O)N9CCC[C@H]9C(=O)N[C@@H](CC(=O)O)C(=O)N[C@@H](CC(=O)N)C(=O)N[C@@H](CC(=O)O)C(=O)N[C@@H](CCCCN)C(=O)N4)NC(=O)[C@@H](NC(=O)[C@H](CC(C)C)NC(=O)[C@H](CC(=O)N)NC(=O)[C@@H]%10CCCN%10C(=O)[C@H](CCCNC(=N)N)NC3=O)C(C)C)[C@@H](C)O)C(=O)N[C@@H](CCCCN)C(=O)N[C@@H](Cc%11ccc(O)cc%11)C(=O)N[C@@H](C(C)C)C(=O)N[C@@H](Cc%12ccccc%12)C(=O)N)NC(=O)[C@@H](N)CC(=O)O,5.4
37,CHEMBL150055,N[C@@H](COc1ccccc1)c2ccccc2,5.4
38,CHEMBL3799411,CC[C@H](C)[C@@H]1NC(=O)[C@@H]2CSSC[C@@H]3NC(=O)[C@@H](NC(=O)[C@H](CC(C)C)NC(=O)[C@H](CC(=O)N)NC(=O)[C@@H]4CCCN4C(=O)[C@H](CCCNC(=N)N)NC(=O)[C@H](CSSC[C@H](NC(=O)[C@@H](N)CC(=O)O)C(=O)N[C@@H](CC(C)C)C(=O)NCC(=O)N[C@@H](Cc5ccccc5)C(=O)N[C@@H](CCSC)C(=O)N[C@@H](CCCNC(=N)N)C(=O)N[C@@H](CCCCN)C(=O)N2)NC(=O)[C@H](CSSC[C@H](NC(=O)[C@H](Cc6c[nH]c7ccccc67)NC(=O)[C@H](CCCCN)NC(=O)[C@H](Cc8cnc[nH]8)NC(=O)[C@@H](NC(=O)[C@H](CCCCN)NC(=O)[C@H](CO)NC3=O)[C@@H](C)O)C(=O)N[C@@H](CCCCN)C(=O)N[C@@H](Cc9ccc(O)cc9)C(=O)N[C@@H](C(C)C)C(=O)N[C@@H](Cc%10ccccc%10)C(=O)N)NC(=O)[C@H](CCCCN)NC(=O)[C@H](CC(=O)O)NC(=O)[C@H](CC(=O)N)NC(=O)[C@H](CC(=O)O)NC(=O)[C@@H]%11CCCN%11C1=O)C(C)C,5.41
39,CHEMBL3797833,CC[C@H](C)[C@@H]1NC(=O)[C@@H]2CSSC[C@@H]3NC(=O)[C@@H](NC(=O)[C@H](CC(C)C)NC(=O)[C@H](CC(=O)N)NC(=O)[C@@H]4CCCN4C(=O)[C@H](CCCNC(=N)N)NC(=O)[C@H](CSSC[C@H](NC(=O)[C@H](CC(=O)O)NC(=O)[C@@H](N)Cc5c[nH]c6ccccc56)C(=O)N[C@@H](CC(C)C)C(=O)NCC(=O)N[C@@H](Cc7ccccc7)C(=O)N[C@@H](CCSC)C(=O)N[C@@H](CCCNC(=N)N)C(=O)N[C@@H](CCCCN)C(=O)N2)NC(=O)[C@H](CSSC[C@H](NC(=O)[C@H](Cc8c[nH]c9ccccc89)NC(=O)[C@H](CCCCN)NC(=O)[C@H](Cc%10cnc[nH]%10)NC(=O)[C@@H](NC(=O)[C@H](CCCNC(=N)N)NC(=O)[C@H](CO)NC3=O)[C@@H](C)O)C(=O)N[C@@H](CCCCN)C(=O)N[C@@H](Cc%11ccc(O)cc%11)C(=O)N[C@@H](C(C)C)C(=O)N[C@@H](Cc%12ccccc%12)C(=O)N)NC(=O)[C@H](CCCCN)NC(=O)[C@H](CC(=O)O)NC(=O)[C@H](CC(=O)N)NC(=O)[C@H](CC(=O)O)NC(=O)[C@@H]%13CCCN%13C1=O)C(C)C,5.41
40,CHEMBL3416887,CC[C@H](C)[C@H](NC(=O)[C@H](CCC(=O)N)NC(=O)[C@H](Cc1ccc(O)cc1)NC(=O)[C@H](CCCCN)NC(=O)[C@@H]2CSSC[C@@H]3NC(=O)[C@H](CCC(=O)N)NC(=O)[C@H](CC(=O)O)NC(=O)[C@H](CC(=O)N)NC(=O)[C@H](CO)NC(=O)[C@@H]4CCCN4C(=O)[C@H](CC(=O)N)NC(=O)[C@@H]5CSSC[C@H](NC(=O)[C@@H](NC(=O)[C@H](CC(C)C)NC(=O)[C@H](CCCCN)NC(=O)[C@H](CO)NC(=O)[C@H](CO)NC(=O)[C@H](CCCCN)NC(=O)[C@H](CSSC[C@H](NC(=O)[C@@H](N)CCC(=O)O)C(=O)N[C@@H](CC(C)C)C(=O)N[C@@H](CCC(=O)O)C(=O)N[C@@H]([C@@H](C)CC)C(=O)N[C@@H](Cc6ccccc6)C(=O)N[C@@H](CCCCN)C(=O)N[C@@H](C)C(=O)N5)NC3=O)C(C)C)C(=O)N[C@@H](CO)C(=O)N[C@@H](CCCNC(=N)N)C(=O)N[C@@H](CCCCN)C(=O)N[C@@H]([C@@H](C)O)C(=O)N[C@@H](CCCNC(=N)N)C(=O)N[C@@H](Cc7c[nH]c8ccccc78)C(=O)N2)C(=O)O,5.41
41,CHEMBL3798860,CC[C@H](C)[C@@H]1NC(=O)[C@@H]2CSSC[C@@H]3NC(=O)[C@@H](NC(=O)[C@H](CC(C)C)NC(=O)[C@H](CC(=O)N)NC(=O)[C@@H]4CCCN4C(=O)[C@H](CCCCN)NC(=O)[C@H](CSSC[C@H](NC(=O)[C@@H](N)CC(=O)O)C(=O)N[C@@H](CC(C)C)C(=O)NCC(=O)N[C@@H](Cc5ccccc5)C(=O)N[C@@H](CCSC)C(=O)N[C@@H](CCCNC(=N)N)C(=O)N[C@@H](CCCCN)C(=O)N2)NC(=O)[C@H](CSSC[C@H](NC(=O)[C@H](Cc6c[nH]c7ccccc67)NC(=O)[C@H](CCCCN)NC(=O)[C@H](Cc8cnc[nH]8)NC(=O)[C@@H](NC(=O)[C@H](CCCNC(=N)N)NC(=O)[C@H](CO)NC3=O)[C@@H](C)O)C(=O)N[C@@H](CCCCN)C(=O)N[C@@H](Cc9ccc(O)cc9)C(=O)N[C@@H](C(C)C)C(=O)N[C@@H](Cc%10ccccc%10)C(=O)N)NC(=O)[C@H](CCCCN)NC(=O)[C@H](CC(=O)O)NC(=O)[C@H](CC(=O)N)NC(=O)[C@H](CC(=O)O)NC(=O)[C@@H]%11CCCN%11C1=O)C(C)C,5.42
42,CHEMBL3799619,CC[C@H](C)[C@@H]1NC(=O)[C@@H]2CSSC[C@@H]3NC(=O)[C@@H](NC(=O)[C@H](CC(C)C)NC(=O)[C@H](CC(=O)N)NC(=O)[C@@H]4CCCN4C(=O)[C@H](Cc5cc6ccccc6[nH]5)NC(=O)[C@H](CSSC[C@H](NC(=O)[C@@H](N)CC(=O)O)C(=O)N[C@@H](CC(C)C)C(=O)NCC(=O)N[C@@H](Cc7ccccc7)C(=O)N[C@@H](CCSC)C(=O)N[C@@H](CCCNC(=N)N)C(=O)N[C@@H](CCCCN)C(=O)N2)NC(=O)[C@H](CSSC[C@H](NC(=O)[C@H](Cc8c[nH]c9ccccc89)NC(=O)[C@H](CCCCN)NC(=O)[C@H](Cc%10cnc[nH]%10)NC(=O)[C@@H](NC(=O)[C@H](CCCNC(=N)N)NC(=O)[C@H](CO)NC3=O)[C@@H](C)O)C(=O)N[C@@H](CCCCN)C(=O)N[C@@H](Cc%11ccc(O)cc%11)C(=O)N[C@@H](C(C)C)C(=O)N[C@@H](Cc%12ccccc%12)C(=O)N)NC(=O)[C@H](CCCCN)NC(=O)[C@H](CC(=O)O)NC(=O)[C@H](CC(=O)N)NC(=O)[C@H](CC(=O)O)NC(=O)[C@@H]%13CCCN%13C1=O)C(C)C,5.43
43,CHEMBL3799719,CC[C@H](C)[C@@H]1NC(=O)[C@@H]2CSSC[C@@H]3NC(=O)[C@@H](NC(=O)[C@H](CC(C)C)NC(=O)[C@H](CCCCN)NC(=O)[C@@H]4CCCN4C(=O)[C@H](CCCNC(=N)N)NC(=O)[C@H](CSSC[C@H](NC(=O)[C@@H](N)CC(=O)O)C(=O)N[C@@H](CC(C)C)C(=O)NCC(=O)N[C@@H](Cc5ccccc5)C(=O)N[C@@H](CCSC)C(=O)N[C@@H](CCCNC(=N)N)C(=O)N[C@@H](CCCCN)C(=O)N2)NC(=O)[C@H](CSSC[C@H](NC(=O)[C@H](Cc6c[nH]c7ccccc67)NC(=O)[C@H](CCCCN)NC(=O)[C@H](Cc8cnc[nH]8)NC(=O)[C@@H](NC(=O)[C@H](CCCNC(=N)N)NC(=O)[C@H](CO)NC3=O)[C@@H](C)O)C(=O)N[C@@H](CCCCN)C(=O)N[C@@H](Cc9ccc(O)cc9)C(=O)N[C@@H](C(C)C)C(=O)N[C@@H](Cc%10ccccc%10)C(=O)N)NC(=O)[C@H](CCCCN)NC(=O)[C@H](CC(=O)O)NC(=O)[C@H](CC(=O)N)NC(=O)[C@H](CC(=O)O)NC(=O)[C@@H]%11CCCN%11C1=O)C(C)C,5.43
44,CHEMBL486315,C[C@H](CN)COc1c(C)cc(Cl)cc1C,5.43
45,CHEMBL3798466,CC[C@H](C)[C@@H]1NC(=O)[C@@H]2CSSC[C@@H]3NC(=O)[C@@H](NC(=O)[C@H](CC(C)C)NC(=O)[C@H](CC(=O)N)NC(=O)[C@@H]4CCCN4C(=O)[C@H](CCCNC(=N)N)NC(=O)[C@H](CSSC[C@H](NC(=O)[C@@H](N)CCC(=O)O)C(=O)N[C@@H](CC(C)C)C(=O)NCC(=O)N[C@@H](Cc5ccccc5)C(=O)N[C@@H](CCSC)C(=O)N[C@@H](CCCNC(=N)N)C(=O)N[C@@H](CCCCN)C(=O)N2)NC(=O)[C@H](CSSC[C@H](NC(=O)[C@H](Cc6c[nH]c7ccccc67)NC(=O)[C@H](CCCCN)NC(=O)[C@H](Cc8cnc[nH]8)NC(=O)[C@@H](NC(=O)[C@H](CCCNC(=N)N)NC(=O)[C@H](CO)NC3=O)[C@@H](C)O)C(=O)N[C@@H](CCCCN)C(=O)N[C@@H](Cc9ccc(O)cc9)C(=O)N[C@@H](C(C)C)C(=O)N[C@@H](Cc%10ccccc%10)C(=O)N)NC(=O)[C@H](CCCCN)NC(=O)[C@H](CC(=O)O)NC(=O)[C@H](CC(=O)N)NC(=O)[C@H](CC(=O)O)NC(=O)[C@@H]%11CCCN%11C1=O)C(C)C,5.46
46,CHEMBL3799252,CC[C@H](C)[C@@H]1NC(=O)[C@@H]2CSSC[C@@H]3NC(=O)[C@@H](NC(=O)[C@H](CC(C)C)NC(=O)[C@H](CC(=O)N)NC(=O)[C@@H]4CCCN4C(=O)[C@H](CCCNC(=N)N)NC(=O)[C@H](CSSC[C@H](NC(=O)[C@H](CC(=O)O)NC(=O)C)C(=O)N[C@@H](CC(C)C)C(=O)NCC(=O)N[C@@H](Cc5ccccc5)C(=O)N[C@@H](CCSC)C(=O)N[C@@H](CCCNC(=N)N)C(=O)N[C@@H](CCCCN)C(=O)N2)NC(=O)[C@H](CSSC[C@H](NC(=O)[C@H](Cc6c[nH]c7ccccc67)NC(=O)[C@H](CCCCN)NC(=O)[C@H](Cc8cnc[nH]8)NC(=O)[C@@H](NC(=O)[C@H](CCCNC(=N)N)NC(=O)[C@H](CO)NC3=O)[C@@H](C)O)C(=O)N[C@@H](CCCCN)C(=O)N[C@@H](Cc9ccc(O)cc9)C(=O)N[C@@H](C(C)C)C(=O)N[C@@H](Cc%10ccccc%10)C(=O)N)NC(=O)[C@H](CCCCN)NC(=O)[C@H](CC(=O)O)NC(=O)[C@H](CC(=O)N)NC(=O)[C@H](CC(=O)O)NC(=O)[C@@H]%11CCCN%11C1=O)C(C)C,5.47
47,CHEMBL3799378,CC[C@H](C)[C@@H]1NC(=O)[C@@H]2CSSC[C@@H]3NC(=O)[C@@H](NC(=O)[C@H](CC(C)C)NC(=O)[C@H](CC(=O)N)NC(=O)[C@@H]4CCCN4C(=O)[C@H](CCCN\C(=N\C)\NC)NC(=O)[C@H](CSSC[C@H](NC(=O)[C@@H](N)CC(=O)O)C(=O)N[C@@H](CC(C)C)C(=O)NCC(=O)N[C@@H](Cc5ccccc5)C(=O)N[C@@H](CCSC)C(=O)N[C@@H](CCCNC(=N)N)C(=O)N[C@@H](CCCCN)C(=O)N2)NC(=O)[C@H](CSSC[C@H](NC(=O)[C@H](Cc6c[nH]c7ccccc67)NC(=O)[C@H](CCCCN)NC(=O)[C@H](Cc8cnc[nH]8)NC(=O)[C@@H](NC(=O)[C@H](CCCNC(=N)N)NC(=O)[C@H](CO)NC3=O)[C@@H](C)O)C(=O)N[C@@H](CCCCN)C(=O)N[C@@H](Cc9ccc(O)cc9)C(=O)N[C@@H](C(C)C)C(=O)N[C@@H](Cc%10ccccc%10)C(=O)N)NC(=O)[C@H](CCCCN)NC(=O)[C@H](CC(=O)O)NC(=O)[C@H](CC(=O)N)NC(=O)[C@H](CC(=O)O)NC(=O)[C@@H]%11CCCN%11C1=O)C(C)C,5.47
48,CHEMBL3800461,CC[C@H](C)[C@@H]1NC(=O)[C@@H]2CSSC[C@@H]3NC(=O)[C@H](Cc4c[nH]c5ccccc45)NC(=O)[C@H](CC(C)C)NC(=O)[C@H](CC(=O)N)NC(=O)[C@@H]6CCCN6C(=O)[C@H](CCCNC(=N)N)NC(=O)[C@H](CSSC[C@H](NC(=O)[C@@H](N)CC(=O)O)C(=O)N[C@@H](CC(C)C)C(=O)NCC(=O)N[C@@H](Cc7ccccc7)C(=O)N[C@@H](CCSC)C(=O)N[C@@H](CCCNC(=N)N)C(=O)N[C@@H](CCCCN)C(=O)N2)NC(=O)[C@H](CSSC[C@H](NC(=O)[C@H](Cc8c[nH]c9ccccc89)NC(=O)[C@H](CCCCN)NC(=O)[C@H](Cc%10cnc[nH]%10)NC(=O)[C@@H](NC(=O)[C@H](CCCNC(=N)N)NC(=O)[C@H](CO)NC3=O)[C@@H](C)O)C(=O)N[C@@H](CCCCN)C(=O)N[C@@H](Cc%11ccc(O)cc%11)C(=O)N[C@@H](C(C)C)C(=O)N[C@@H](Cc%12ccccc%12)C(=O)N)NC(=O)[C@H](CCCCN)NC(=O)[C@H](CC(=O)O)NC(=O)[C@H](CC(=O)N)NC(=O)[C@H](CC(=O)O)NC(=O)[C@@H]%13CCCN%13C1=O,5.47
49,CHEMBL3800007,CC[C@H](C)[C@@H]1NC(=O)[C@@H]2CSSC[C@@H]3NC(=O)[C@@H](NC(=O)[C@H](CC(C)C)NC(=O)[C@H](CC(=O)N)NC(=O)[C@@H]4CCCN4C(=O)[C@H](CCCNC(=N)N)NC(=O)[C@H](CSSC[C@H](NC(=O)[C@@H](N)CC(=O)O)C(=O)N[C@@H](CC(C)C)C(=O)NCC(=O)N[C@@H](Cc5ccccc5)C(=O)N[C@@H](CCSC)C(=O)N[C@@H](CCCNC(=N)N)C(=O)N[C@@H](CCCCN)C(=O)N2)NC(=O)[C@@H](CSSC[C@H](NC(=O)[C@H](Cc6c[nH]c7ccccc67)NC(=O)[C@H](CCCCN)NC(=O)[C@H](Cc8cnc[nH]8)NC(=O)[C@H](C)NC(=O)[C@H](CCCNC(=N)N)NC(=O)[C@H](CO)NC3=O)C(=O)N[C@@H](CCCCN)C(=O)N[C@@H](Cc9ccc(O)cc9)C(=O)N[C@@H](C(C)C)C(=O)N[C@@H](Cc%10ccccc%10)C(=O)N)NC(=O)[C@H](CCCCN)NC(=O)[C@H](CC(=O)O)NC(=O)[C@H](CC(=O)N)NC(=O)[C@H](CC(=O)O)NC(=O)[C@@H]%11CCCN%11C1=O)C(C)C,5.5
50,CHEMBL3800441,CSCC[C@@H]1NC(=O)[C@H](Cc2ccccc2)NC(=O)CNC(=O)[C@H](CC(C)C)NC(=O)[C@H](CSSC[C@@H]3NC(=O)[C@@H]4CSSC[C@H](NC(=O)[C@H](Cc5c[nH]c6ccccc56)NC(=O)[C@H](CCCCN)NC(=O)[C@H](Cc7cnc[nH]7)NC(=O)[C@@H](NC(=O)[C@H](CCCNC(=N)N)NC(=O)[C@H](CO)NC(=O)[C@H](CSSC[C@H](NC(=O)[C@H](CCCCN)NC(=O)[C@H](CCCNC(=N)N)NC1=O)C(=O)N[C@@H](CCSC)C(=O)N8CCC[C@H]8C(=O)N[C@@H](CC(=O)O)C(=O)N[C@@H](CC(=O)N)C(=O)N[C@@H](CC(=O)O)C(=O)N[C@@H](CCCCN)C(=O)N4)NC(=O)[C@@H](NC(=O)[C@H](CC(C)C)NC(=O)[C@H](CC(=O)N)NC(=O)[C@@H]9CCCN9C(=O)[C@H](CCCNC(=N)N)NC3=O)C(C)C)[C@@H](C)O)C(=O)N[C@@H](CCCCN)C(=O)N[C@@H](Cc%10ccc(O)cc%10)C(=O)N[C@@H](C(C)C)C(=O)N[C@@H](Cc%11ccccc%11)C(=O)N)NC(=O)[C@@H](N)CC(=O)O,5.51
51,CHEMBL3798261,CSCC[C@@H]1NC(=O)[C@H](Cc2ccccc2)NC(=O)CNC(=O)[C@H](CC(C)C)NC(=O)[C@H](CSSC[C@@H]3NC(=O)[C@@H]4CSSC[C@H](NC(=O)[C@H](Cc5c[nH]c6ccccc56)NC(=O)[C@H](CCCCN)NC(=O)[C@H](Cc7c[nH]cn7)NC(=O)[C@@H](NC(=O)[C@H](CCCNC(=N)N)NC(=O)[C@H](CO)NC(=O)[C@H](CSSC[C@H](NC(=O)[C@H](CCCCN)NC(=O)[C@H](CCCNC(=N)N)NC1=O)C(=O)N[C@@H](Cc8cccc9ccccc89)C(=O)N%10CCC[C@H]%10C(=O)N[C@@H](CC(=O)O)C(=O)N[C@@H](CC(=O)N)C(=O)N[C@@H](CC(=O)O)C(=O)N[C@@H](CCCCN)C(=O)N4)NC(=O)[C@@H](NC(=O)[C@H](CC(C)C)NC(=O)[C@H](CC(=O)N)NC(=O)[C@@H]%11CCCN%11C(=O)[C@H](CCCNC(=N)N)NC3=O)C(C)C)[C@@H](C)O)C(=O)N[C@@H](CCCCN)C(=O)N[C@@H](Cc%12ccc(O)cc%12)C(=O)N[C@@H](C(C)C)C(=O)N[C@@H](Cc%13ccccc%13)C(=O)N)NC(=O)[C@@H](N)CC(=O)O,5.52
52,CHEMBL347767,Cc1cccc(C)c1OC[C@@H](N)c2ccccc2,5.52
53,CHEMBL151557,Cc1cccc(C)c1OC[C@H](N)c2ccccc2,5.52
54,CHEMBL486528,Cc1ccccc1OC[C@@H](N)Cc2ccccc2,5.52
55,CHEMBL151508,N[C@H](COc1ccc(Cl)cc1)c2ccccc2,5.52
56,CHEMBL3798546,CSCC[C@@H]1NC(=O)[C@H](Cc2ccccc2)NC(=O)CNC(=O)[C@H](CC(C)C)NC(=O)[C@H](CSSC[C@@H]3NC(=O)[C@@H]4CSSC[C@H](NC(=O)[C@H](Cc5c[nH]c6ccccc56)NC(=O)[C@H](CCCCN)NC(=O)[C@H](Cc7cnc[nH]7)NC(=O)[C@@H](NC(=O)[C@H](CCCNC(=N)N)NC(=O)[C@H](CO)NC(=O)[C@H](CSSC[C@H](NC(=O)[C@H](CCCCN)NC(=O)[C@H](CCCNC(=N)N)NC1=O)C(=O)N[C@@H](Cc8ccccn8)C(=O)N9CCC[C@H]9C(=O)N[C@@H](CC(=O)O)C(=O)N[C@@H](CC(=O)N)C(=O)N[C@@H](CC(=O)O)C(=O)N[C@@H](CCCCN)C(=O)N4)NC(=O)[C@@H](NC(=O)[C@H](CC(C)C)NC(=O)[C@H](CC(=O)N)NC(=O)[C@@H]%10CCCN%10C(=O)[C@H](CCCNC(=N)N)NC3=O)C(C)C)[C@@H](C)O)C(=O)N[C@@H](CCCCN)C(=O)N[C@@H](Cc%11ccc(O)cc%11)C(=O)N[C@@H](C(C)C)C(=O)N[C@@H](Cc%12ccccc%12)C(=O)N)NC(=O)[C@@H](N)CC(=O)O,5.54
57,CHEMBL501561,C[C@@H](CN)COc1c(C)cc(Cl)cc1C,5.54
58,CHEMBL3800498,CC[C@H](C)[C@@H]1NC(=O)[C@@H]2CSSC[C@@H]3NC(=O)[C@@H](NC(=O)[C@H](CC(C)C)NC(=O)[C@H](CC(=O)N)NC(=O)[C@@H]4CCCN4C(=O)[C@H](CCCNC(=N)N)NC(=O)[C@H](CSSC[C@H](NC(=O)[C@@H](N)CC(=O)O)C(=O)N[C@@H](CC(C)C)C(=O)NCC(=O)N[C@@H](Cc5ccccc5)C(=O)N[C@@H](CCSC)C(=O)N[C@@H](CCCNC(=N)N)C(=O)N[C@@H](CCCCN)C(=O)N2)NC(=O)[C@H](CSSC[C@H](NC(=O)[C@H](Cc6c[nH]c7ccccc67)NC(=O)[C@H](CCCCN)NC(=O)[C@H](Cc8c[nH]cn8)NC(=O)[C@@H](NC(=O)[C@H](CCCNC(=N)N)NC(=O)[C@H](CO)NC3=O)[C@@H](C)O)C(=O)N[C@@H](CCCCN)C(=O)N[C@@H](Cc9ccc(O)cc9)C(=O)N[C@@H](C(C)C)C(=O)N[C@@H](Cc%10ccccc%10)C(=O)N[C@@H](Cc%11c[nH]c%12ccccc%11%12)C(=O)N)NC(=O)[C@H](CCCCN)NC(=O)[C@H](CC(=O)O)NC(=O)[C@H](CC(=O)N)NC(=O)[C@H](CC(=O)O)NC(=O)[C@@H]%13CCCN%13C1=O)C(C)C,5.57
59,CHEMBL448542,C[C@H](CN)CSc1c(C)cccc1C,5.57
60,CHEMBL3799101,CC[C@H](C)[C@@H]1NC(=O)[C@@H]2CSSC[C@@H]3NC(=O)[C@@H](NC(=O)[C@H](CC(C)C)NC(=O)[C@H](CC(=O)N)NC(=O)[C@@H]4CCCN4C(=O)[C@H](CCCNC(=N)N)NC(=O)[C@H](CSSC[C@H](NC(=O)[C@@H](N)CC(=O)O)C(=O)N[C@@H](CC(C)C)C(=O)NCC(=O)N[C@@H](Cc5ccccc5)C(=O)N[C@@H](CCSC)C(=O)N[C@@H](CCCNC(=N)N)C(=O)N[C@@H](CCCCN)C(=O)N2)NC(=O)[C@H](CSSC[C@H](NC(=O)[C@H](Cc6c[nH]c7ccccc67)NC(=O)[C@H](CCCCN)NC(=O)[C@H](CCCNC(=N)N)NC(=O)[C@@H](NC(=O)[C@H](CCCNC(=N)N)NC(=O)[C@H](CO)NC3=O)[C@@H](C)O)C(=O)N[C@@H](CCCCN)C(=O)N[C@@H](Cc8ccc(O)cc8)C(=O)N[C@@H](C(C)C)C(=O)N[C@@H](Cc9ccccc9)C(=O)N)NC(=O)[C@H](CCCCN)NC(=O)[C@H](CC(=O)O)NC(=O)[C@H](CC(=O)N)NC(=O)[C@H](CC(=O)O)NC(=O)[C@@H]%10CCCN%10C1=O)C(C)C,5.59
61,CHEMBL3797204,CC[C@H](C)[C@@H]1NC(=O)[C@@H]2CSSC[C@@H]3NC(=O)[C@@H](NC(=O)[C@H](CC(C)C)NC(=O)[C@H](CC(=O)N)NC(=O)[C@@H]4CCCN4C(=O)[C@H](CCCNC(=N)N)NC(=O)[C@H](CSSC[C@H](NC(=O)[C@@H](N)CC(=O)O)C(=O)N[C@@H](CC(C)C)C(=O)NCC(=O)N[C@@H](Cc5ccccc5)C(=O)N[C@@H](CCSC)C(=O)N[C@@H](CCCNC(=N)N)C(=O)N[C@@H](CCCCN)C(=O)N2)NC(=O)[C@H](CSSC[C@H](NC(=O)[C@H](Cc6c[nH]c7ccccc67)NC(=O)[C@H](CCCCN)NC(=O)[C@H](Cc8c[nH]c9ccccc89)NC(=O)[C@@H](NC(=O)[C@H](CCCNC(=N)N)NC(=O)[C@H](CO)NC3=O)[C@@H](C)O)C(=O)N[C@@H](CCCCN)C(=O)N[C@@H](Cc%10ccc(O)cc%10)C(=O)N[C@@H](C(C)C)C(=O)N[C@@H](Cc%11ccccc%11)C(=O)N)NC(=O)[C@H](CCCCN)NC(=O)[C@H](CC(=O)O)NC(=O)[C@H](CC(=O)N)NC(=O)[C@H](CC(=O)O)NC(=O)[C@@H]%12CCCN%12C1=O)C(C)C,5.59
62,CHEMBL3798094,CC[C@H](C)[C@@H]1NC(=O)[C@@H]2CSSC[C@@H]3NC(=O)[C@@H](NC(=O)[C@H](CC(C)C)NC(=O)[C@H](CC(=O)N)NC(=O)[C@@H]4CCCN4C(=O)[C@H](CCCNC(=N)N)NC(=O)[C@H](CSSC[C@H](NC(=O)[C@@H](N)Cc5c[nH]c6ccccc56)C(=O)N[C@@H](CC(C)C)C(=O)NCC(=O)N[C@@H](Cc7ccccc7)C(=O)N[C@@H](CCSC)C(=O)N[C@@H](CCCNC(=N)N)C(=O)N[C@@H](CCCCN)C(=O)N2)NC(=O)[C@H](CSSC[C@H](NC(=O)[C@H](Cc8c[nH]c9ccccc89)NC(=O)[C@H](CCCCN)NC(=O)[C@H](Cc%10cnc[nH]%10)NC(=O)[C@@H](NC(=O)[C@H](CCCNC(=N)N)NC(=O)[C@H](CO)NC3=O)[C@@H](C)O)C(=O)N[C@@H](CCCCN)C(=O)N[C@@H](Cc%11ccc(O)cc%11)C(=O)N[C@@H](C(C)C)C(=O)N[C@@H](Cc%12ccccc%12)C(=O)N)NC(=O)[C@H](CCCCN)NC(=O)[C@H](CC(=O)O)NC(=O)[C@H](CC(=O)N)NC(=O)[C@H](CC(=O)O)NC(=O)[C@@H]%13CCCN%13C1=O)C(C)C,5.59
63,CHEMBL3800601,CC[C@H](C)[C@@H]1NC(=O)[C@@H]2CSSC[C@@H]3NC(=O)[C@@H](NC(=O)[C@H](CC(C)C)NC(=O)[C@H](CC(=O)N)NC(=O)[C@@H]4CCCN4C(=O)[C@H](CCCNC(=N)N)NC(=O)[C@H](CSSC[C@H](NC(=O)[C@H](CC(=O)O)NC(=O)[C@@H](N)CCCNC(=N)N)C(=O)N[C@@H](CC(C)C)C(=O)NCC(=O)N[C@@H](Cc5ccccc5)C(=O)N[C@@H](CCSC)C(=O)N[C@@H](CCCNC(=N)N)C(=O)N[C@@H](CCCCN)C(=O)N2)NC(=O)[C@H](CSSC[C@H](NC(=O)[C@H](Cc6c[nH]c7ccccc67)NC(=O)[C@H](CCCCN)NC(=O)[C@H](Cc8cnc[nH]8)NC(=O)[C@@H](NC(=O)[C@H](CCCNC(=N)N)NC(=O)[C@H](CO)NC3=O)[C@@H](C)O)C(=O)N[C@@H](CCCCN)C(=O)N[C@@H](Cc9ccc(O)cc9)C(=O)N[C@@H](C(C)C)C(=O)N[C@@H](Cc%10ccccc%10)C(=O)N)NC(=O)[C@H](CCCCN)NC(=O)[C@H](CC(=O)O)NC(=O)[C@H](CC(=O)N)NC(=O)[C@H](CC(=O)O)NC(=O)[C@@H]%11CCCN%11C1=O)C(C)C,5.59
64,CHEMBL3800538,CSCC[C@@H]1NC(=O)[C@H](Cc2ccccc2)NC(=O)CNC(=O)[C@H](CC(C)C)NC(=O)[C@H](CSSC[C@@H]3NC(=O)[C@@H]4CSSC[C@H](NC(=O)[C@H](Cc5c[nH]c6ccccc56)NC(=O)[C@H](CCCCN)NC(=O)[C@H](Cc7cnc[nH]7)NC(=O)[C@@H](NC(=O)[C@H](CCCNC(=N)N)NC(=O)[C@H](CO)NC(=O)[C@H](CSSC[C@H](NC(=O)[C@H](CCCCN)NC(=O)[C@H](CCCNC(=N)N)NC1=O)C(=O)N[C@@H](CCCCN)C(=O)N8CCC[C@H]8C(=O)N[C@@H](CC(=O)O)C(=O)N[C@@H](CC(=O)N)C(=O)N[C@@H](CC(=O)O)C(=O)N[C@@H](CCCCN)C(=O)N4)NC(=O)[C@@H](NC(=O)[C@H](CC(C)C)NC(=O)[C@H](CC(=O)N)NC(=O)[C@@H]9CCCN9C(=O)[C@H](CCCNC(=N)N)NC3=O)C(C)C)[C@@H](C)O)C(=O)N[C@@H](CCCCN)C(=O)N[C@@H](Cc%10ccc(O)cc%10)C(=O)N[C@@H](C(C)C)C(=O)N[C@@H](Cc%11ccccc%11)C(=O)N)NC(=O)[C@@H](N)CC(=O)O,5.59
65,CHEMBL3798008,CC[C@H](C)[C@@H]1NC(=O)[C@@H]2CSSC[C@@H]3NC(=O)[C@@H](NC(=O)[C@H](Cc4c[nH]c5ccccc45)NC(=O)[C@H](CC(=O)N)NC(=O)[C@@H]6CCCN6C(=O)[C@H](CCCNC(=N)N)NC(=O)[C@H](CSSC[C@H](NC(=O)[C@@H](N)CC(=O)O)C(=O)N[C@@H](CC(C)C)C(=O)NCC(=O)N[C@@H](Cc7ccccc7)C(=O)N[C@@H](CCSC)C(=O)N[C@@H](CCCNC(=N)N)C(=O)N[C@@H](CCCCN)C(=O)N2)NC(=O)[C@H](CSSC[C@H](NC(=O)[C@H](Cc8c[nH]c9ccccc89)NC(=O)[C@H](CCCCN)NC(=O)[C@H](Cc%10cnc[nH]%10)NC(=O)[C@@H](NC(=O)[C@H](CCCNC(=N)N)NC(=O)[C@H](CO)NC3=O)[C@@H](C)O)C(=O)N[C@@H](CCCCN)C(=O)N[C@@H](Cc%11ccc(O)cc%11)C(=O)N[C@@H](C(C)C)C(=O)N[C@@H](Cc%12ccccc%12)C(=O)N)NC(=O)[C@H](CCCCN)NC(=O)[C@H](CC(=O)O)NC(=O)[C@H](CC(=O)N)NC(=O)[C@H](CC(=O)O)NC(=O)[C@@H]%13CCCN%13C1=O)C(C)C,5.6
66,CHEMBL3799960,CSCC[C@@H]1NC(=O)[C@H](Cc2ccccc2)NC(=O)CNC(=O)[C@H](CC(C)C)NC(=O)[C@H](CSSC[C@@H]3NC(=O)[C@@H]4CSSC[C@H](NC(=O)[C@H](Cc5c[nH]c6ccccc56)NC(=O)[C@H](CCCCN)NC(=O)[C@H](Cc7cnc[nH]7)NC(=O)[C@@H](NC(=O)[C@H](CCCNC(=N)N)NC(=O)[C@H](CO)NC(=O)[C@H](CSSC[C@H](NC(=O)[C@H](CCCCN)NC(=O)[C@H](CCCNC(=N)N)NC1=O)C(=O)N[C@@H](CC(C)C)C(=O)N8CCC[C@H]8C(=O)N[C@@H](CC(=O)O)C(=O)N[C@@H](CC(=O)N)C(=O)N[C@@H](CC(=O)O)C(=O)N[C@@H](CCCCN)C(=O)N4)NC(=O)[C@@H](NC(=O)[C@H](CC(C)C)NC(=O)[C@H](CC(=O)N)NC(=O)[C@@H]9CCCN9C(=O)[C@H](CCCNC(=N)N)NC3=O)C(C)C)[C@@H](C)O)C(=O)N[C@@H](CCCCN)C(=O)N[C@@H](Cc%10ccc(O)cc%10)C(=O)N[C@@H](C(C)C)C(=O)N[C@@H](Cc%11ccccc%11)C(=O)N)NC(=O)[C@@H](N)CC(=O)O,5.6
67,CHEMBL3797227,CC[C@H](C)[C@@H]1NC(=O)[C@@H]2CSSC[C@@H]3NC(=O)[C@@H](NC(=O)[C@H](CC(C)C)NC(=O)[C@H](CC(=O)N)NC(=O)[C@@H]4CCCN4C(=O)[C@H](CCCNC(=N)N)NC(=O)[C@H](CSSC[C@H](NC(=O)[C@@H](N)CC(=O)O)C(=O)N[C@@H](CC(C)C)C(=O)NCC(=O)N[C@@H](Cc5ccccc5)C(=O)N[C@@H](CCSC)C(=O)N[C@@H](CCCNC(=N)N)C(=O)N[C@@H](CCCCN)C(=O)N2)NC(=O)[C@H](CSSC[C@H](NC(=O)[C@H](Cc6c[nH]c7ccccc67)NC(=O)[C@H](CCCCN)NC(=O)[C@H](Cc8cnc[nH]8)NC(=O)[C@@H](NC(=O)[C@H](CCCNC(=N)N)NC(=O)[C@H](CO)NC3=O)[C@@H](C)O)C(=O)N[C@@H](CCCCN)C(=O)N[C@@H](Cc9ccc(O)cc9)C(=O)N[C@@H](C(C)C)C(=O)N[C@@H](Cc%10ccccc%10)C(=O)N)NC(=O)[C@H](CCCCN)NC(=O)[C@H](CC(=O)O)NC(=O)[C@H](CCCCN)NC(=O)[C@H](CC(=O)O)NC(=O)[C@@H]%11CCCN%11C1=O)C(C)C,5.62
68,CHEMBL3798733,CC[C@H](C)[C@@H]1NC(=O)[C@@H]2CSSC[C@@H]3NC(=O)[C@@H](NC(=O)[C@H](CC(C)C)NC(=O)[C@H](CC(=O)N)NC(=O)[C@@H]4CCCN4C(=O)[C@H](CCCNC(=N)N)NC(=O)[C@H](CSSC[C@H](NC(=O)[C@H](CC(=O)O)NC(=O)[C@@H](N)CCCCN)C(=O)N[C@@H](CC(C)C)C(=O)NCC(=O)N[C@@H](Cc5ccccc5)C(=O)N[C@@H](CCSC)C(=O)N[C@@H](CCCNC(=N)N)C(=O)N[C@@H](CCCCN)C(=O)N2)NC(=O)[C@H](CSSC[C@H](NC(=O)[C@H](Cc6c[nH]c7ccccc67)NC(=O)[C@H](CCCCN)NC(=O)[C@H](Cc8cnc[nH]8)NC(=O)[C@@H](NC(=O)[C@H](CCCNC(=N)N)NC(=O)[C@H](CO)NC3=O)[C@@H](C)O)C(=O)N[C@@H](CCCCN)C(=O)N[C@@H](Cc9ccc(O)cc9)C(=O)N[C@@H](C(C)C)C(=O)N[C@@H](Cc%10ccccc%10)C(=O)N)NC(=O)[C@H](CCCCN)NC(=O)[C@H](CC(=O)O)NC(=O)[C@H](CC(=O)N)NC(=O)[C@H](CC(=O)O)NC(=O)[C@@H]%11CCCN%11C1=O)C(C)C,5.62
69,CHEMBL3798793,CC[C@H](C)[C@@H]1NC(=O)[C@@H]2CSSC[C@@H]3NC(=O)[C@@H](NC(=O)[C@H](Cc4cccc5ccccc45)NC(=O)[C@H](CC(=O)N)NC(=O)[C@@H]6CCCN6C(=O)[C@H](CCCNC(=N)N)NC(=O)[C@H](CSSC[C@H](NC(=O)[C@@H](N)CC(=O)O)C(=O)N[C@@H](CC(C)C)C(=O)NCC(=O)N[C@@H](Cc7ccccc7)C(=O)N[C@@H](CCSC)C(=O)N[C@@H](CCCNC(=N)N)C(=O)N[C@@H](CCCCN)C(=O)N2)NC(=O)[C@H](CSSC[C@H](NC(=O)[C@H](Cc8c[nH]c9ccccc89)NC(=O)[C@H](CCCCN)NC(=O)[C@H](Cc%10c[nH]cn%10)NC(=O)[C@@H](NC(=O)[C@H](CCCNC(=N)N)NC(=O)[C@H](CO)NC3=O)[C@@H](C)O)C(=O)N[C@@H](CCCCN)C(=O)N[C@@H](Cc%11ccc(O)cc%11)C(=O)N[C@@H](C(C)C)C(=O)N[C@@H](Cc%12ccccc%12)C(=O)N)NC(=O)[C@H](CCCCN)NC(=O)[C@H](CC(=O)O)NC(=O)[C@H](CC(=O)N)NC(=O)[C@H](CC(=O)O)NC(=O)[C@@H]%13CCCN%13C1=O)C(C)C,5.62
70,CHEMBL487338,Cc1cccc(C)c1OC[C@H](N)Cc2ccccc2,5.62
71,CHEMBL3800578,CC[C@H](C)[C@@H]1NC(=O)[C@@H]2CSSC[C@@H]3NC(=O)[C@@H](NC(=O)[C@H](CC(C)C)NC(=O)[C@H](CC(=O)N)NC(=O)[C@@H]4CCCN4C(=O)[C@H](CCCNC(=N)N)NC(=O)[C@H](CSSC[C@H](NC(=O)[C@@H](N)CC(=O)O)C(=O)N[C@@H](CC(C)C)C(=O)NCC(=O)N[C@@H](Cc5c[nH]c6ccccc56)C(=O)N[C@@H](CCSC)C(=O)N[C@@H](CCCNC(=N)N)C(=O)N[C@@H](CCCCN)C(=O)N2)NC(=O)[C@H](CSSC[C@H](NC(=O)[C@H](Cc7c[nH]c8ccccc78)NC(=O)[C@H](CCCCN)NC(=O)[C@H](Cc9cnc[nH]9)NC(=O)[C@@H](NC(=O)[C@H](CCCNC(=N)N)NC(=O)[C@H](CO)NC3=O)[C@@H](C)O)C(=O)N[C@@H](CCCCN)C(=O)N[C@@H](Cc%10ccc(O)cc%10)C(=O)N[C@@H](C(C)C)C(=O)N[C@@H](Cc%11ccccc%11)C(=O)N)NC(=O)[C@H](CCCCN)NC(=O)[C@H](CC(=O)O)NC(=O)[C@H](CC(=O)N)NC(=O)[C@H](CC(=O)O)NC(=O)[C@@H]%12CCCN%12C1=O)C(C)C,5.64
72,CHEMBL3800326,CC[C@H](C)[C@@H]1NC(=O)[C@@H]2CSSC[C@@H]3NC(=O)[C@@H](NC(=O)[C@H](CC(C)C)NC(=O)[C@H](CC(=O)N)NC(=O)[C@@H]4CCCN4C(=O)[C@H](CCCNC(=N)N)NC(=O)[C@H](CSSC[C@H](NC(=O)[C@@H](N)CC(=O)O)C(=O)N[C@@H](CC(C)C)C(=O)NCC(=O)N[C@@H](Cc5cccc6ccccc56)C(=O)N[C@@H](CCSC)C(=O)N[C@@H](CCCNC(=N)N)C(=O)N[C@@H](CCCCN)C(=O)N2)NC(=O)[C@H](CSSC[C@H](NC(=O)[C@H](Cc7c[nH]c8ccccc78)NC(=O)[C@H](CCCCN)NC(=O)[C@H](Cc9c[nH]cn9)NC(=O)[C@@H](NC(=O)[C@H](CCCNC(=N)N)NC(=O)[C@H](CO)NC3=O)[C@@H](C)O)C(=O)N[C@@H](CCCCN)C(=O)N[C@@H](Cc%10ccc(O)cc%10)C(=O)N[C@@H](C(C)C)C(=O)N[C@@H](Cc%11ccccc%11)C(=O)N)NC(=O)[C@H](CCCCN)NC(=O)[C@H](CC(=O)O)NC(=O)[C@H](CC(=O)N)NC(=O)[C@H](CC(=O)O)NC(=O)[C@@H]%12CCCN%12C1=O)C(C)C,5.64
73,CHEMBL3800588,CC[C@H](C)[C@@H]1NC(=O)[C@@H]2CSSC[C@@H]3NC(=O)[C@@H](NC(=O)[C@H](CC(C)C)NC(=O)[C@H](CC(=O)N)NC(=O)[C@@H]4CCCN4C(=O)[C@H](CCCNC(=N)N)NC(=O)[C@H](CSSC[C@H](NC(=O)[C@@H](N)CC(=O)O)C(=O)N[C@@H](CC(C)C)C(=O)NCC(=O)N[C@@H](Cc5ccccc5)C(=O)N[C@@H](CCSC)C(=O)N[C@@H](CCCNC(=N)N)C(=O)N[C@@H](CCCCN)C(=O)N2)NC(=O)[C@H](CSSC[C@H](NC(=O)[C@H](Cc6c[nH]c7ccccc67)NC(=O)[C@H](CCCCN)NC(=O)[C@H](Cc8c[nH]cn8)NC(=O)[C@@H](NC(=O)[C@H](CCCNC(=N)N)NC(=O)[C@H](CO)NC3=O)[C@@H](C)O)C(=O)N[C@@H](CCCCN)C(=O)N[C@@H](Cc9ccc(O)cc9)C(=O)N[C@@H](C(C)C)C(=O)N[C@@H](Cc%10ccccc%10)C(=O)N)NC(=O)[C@H](CCCCN)NC(=O)[C@H](CC(=O)O)NC(=O)[C@H](Cc%11cccc%12ccccc%11%12)NC(=O)[C@H](CC(=O)O)NC(=O)[C@@H]%13CCCN%13C1=O)C(C)C,5.64
74,CHEMBL3797247,CC[C@H](C)[C@@H]1NC(=O)[C@@H]2CSSC[C@@H]3NC(=O)[C@@H](NC(=O)[C@H](CC(C)C)NC(=O)[C@H](CC(=O)N)NC(=O)[C@@H]4CCCN4C(=O)[C@H](CCCNC(=N)N)NC(=O)[C@H](CSSC[C@H](NC(=O)[C@@H](N)CC(=O)O)C(=O)N[C@@H](CC(C)C)C(=O)NCC(=O)N[C@@H](Cc5ccccc5)C(=O)N[C@@H](CCSC)C(=O)N[C@@H](CCCNC(=N)N)C(=O)N[C@@H](CCCCN)C(=O)N2)NC(=O)[C@H](CSSC[C@H](NC(=O)[C@H](Cc6c[nH]c7ccccc67)NC(=O)[C@H](CCCCN)NC(=O)[C@H](Cc8cnc[nH]8)NC(=O)[C@@H](NC(=O)[C@H](CCCNC(=N)N)NC(=O)[C@H](CO)NC3=O)[C@@H](C)O)C(=O)N[C@@H](CCCCN)C(=O)N[C@@H](Cc9ccc(O)cc9)C(=O)N[C@@H](C(C)C)C(=O)N[C@@H](Cc%10ccccc%10)C(=O)N)NC(=O)[C@H](CCCCN)NC(=O)[C@H](CC(=O)O)NC(=O)[C@H](CC(=O)N)NC(=O)[C@H](CCC(=O)O)NC(=O)[C@@H]%11CCCN%11C1=O)C(C)C,5.64
75,CHEMBL3797473,CC[C@H](C)[C@@H]1NC(=O)[C@@H]2CSSC[C@@H]3NC(=O)[C@@H](NC(=O)[C@H](CC(C)C)NC(=O)[C@H](CC(=O)N)NC(=O)[C@@H]4CCCN4C(=O)[C@H](CCCNC(=N)N)NC(=O)[C@H](CSSC[C@H](NC(=O)[C@@H](N)CC(=O)O)C(=O)N[C@@H](CC(C)C)C(=O)NCC(=O)N[C@@H](Cc5ccccc5)C(=O)N[C@@H](CCSC)C(=O)N[C@@H](CCCNC(=N)N)C(=O)N[C@@H](CCCCN)C(=O)N2)NC(=O)[C@H](CSSC[C@H](NC(=O)[C@H](Cc6c[nH]c7ccccc67)NC(=O)[C@H](CCCCN)NC(=O)[C@H](Cc8cnc[nH]8)NC(=O)[C@@H](NC(=O)[C@H](CCCNC(=N)N)NC(=O)[C@H](CO)NC3=O)[C@@H](C)O)C(=O)N[C@@H](CCCCN)C(=O)N[C@@H](Cc9ccc(O)cc9)C(=O)N[C@@H](C(C)C)C(=O)N[C@@H](Cc%10ccccc%10)C(=O)N)NC(=O)[C@H](CCCNC(=N)N)NC(=O)[C@H](CC(=O)O)NC(=O)[C@H](CC(=O)N)NC(=O)[C@H](CC(=O)O)NC(=O)[C@@H]%11CCCN%11C1=O)C(C)C,5.64
76,CHEMBL486721,Cc1cccc(C)c1NC(=O)[C@H]2CCN(Cc3ccccc3)C2,5.64
77,CHEMBL3799545,CSCC[C@@H]1NC(=O)[C@H](Cc2ccccc2)NC(=O)CNC(=O)[C@H](CC(C)C)NC(=O)[C@H](CSSC[C@@H]3NC(=O)[C@@H]4CSSC[C@H](NC(=O)[C@H](Cc5c[nH]c6ccccc56)NC(=O)[C@H](CCCCN)NC(=O)[C@H](Cc7cnc[nH]7)NC(=O)[C@@H](NC(=O)[C@H](CCCNC(=N)N)NC(=O)[C@H](CO)NC(=O)[C@H](CSSC[C@H](NC(=O)[C@H](CCCCN)NC(=O)[C@H](CCCNC(=N)N)NC1=O)C(=O)N[C@@H](CC(=O)O)C(=O)N8CCC[C@H]8C(=O)N[C@@H](CC(=O)O)C(=O)N[C@@H](CC(=O)N)C(=O)N[C@@H](CC(=O)O)C(=O)N[C@@H](CCCCN)C(=O)N4)NC(=O)[C@@H](NC(=O)[C@H](CC(C)C)NC(=O)[C@H](CC(=O)N)NC(=O)[C@@H]9CCCN9C(=O)[C@H](CCCNC(=N)N)NC3=O)C(C)C)[C@@H](C)O)C(=O)N[C@@H](CCCCN)C(=O)N[C@@H](Cc%10ccc(O)cc%10)C(=O)N[C@@H](C(C)C)C(=O)N[C@@H](Cc%11ccccc%11)C(=O)N)NC(=O)[C@@H](N)CC(=O)O,5.66
78,CHEMBL3798562,CC[C@H](C)[C@@H]1NC(=O)[C@@H]2CSSC[C@@H]3NC(=O)[C@@H](NC(=O)[C@H](CC(C)C)NC(=O)[C@H](CC(=O)N)NC(=O)[C@@H]4CCCN4C(=O)[C@H](CCCNC(=N)N)NC(=O)[C@H](CSSC[C@H](NC(=O)[C@@H](N)CC(=O)O)C(=O)N[C@@H](CC(C)C)C(=O)NCC(=O)N[C@@H](Cc5ccccc5)C(=O)N[C@@H](CCSC)C(=O)N[C@@H](CCCNC(=N)N)C(=O)N[C@@H](CCCCN)C(=O)N2)NC(=O)[C@H](CSSC[C@H](NC(=O)[C@H](Cc6c[nH]c7ccccc67)NC(=O)[C@H](CCCCN)NC(=O)[C@H](Cc8cnc[nH]8)NC(=O)[C@@H](NC(=O)[C@H](CCCNC(=N)N)NC(=O)[C@H](CO)NC3=O)[C@@H](C)O)C(=O)N[C@@H](CCCCN)C(=O)N[C@@H](Cc9ccc(O)cc9)C(=O)N[C@@H](C(C)C)C(=O)N[C@@H](Cc%10ccccc%10)C(=O)N)NC(=O)[C@H](CCCCN)NC(=O)[C@H](CC(=O)O)NC(=O)[C@H](Cc%11c[nH]c%12ccccc%11%12)NC(=O)[C@H](CC(=O)O)NC(=O)[C@@H]%13CCCN%13C1=O)C(C)C,5.7
79,CHEMBL3800607,CC[C@H](C)[C@@H]1NC(=O)[C@@H]2CSSC[C@@H]3NC(=O)[C@@H](NC(=O)[C@H](CC(C)C)NC(=O)[C@H](CC(=O)N)NC(=O)[C@@H]4CCCN4C(=O)[C@H](CCCNC(=N)N)NC(=O)[C@H](CSSC[C@H](NC(=O)[C@@H](N)Cc5cccc6ccccc56)C(=O)N[C@@H](CC(C)C)C(=O)NCC(=O)N[C@@H](Cc7ccccc7)C(=O)N[C@@H](CCSC)C(=O)N[C@@H](CCCNC(=N)N)C(=O)N[C@@H](CCCCN)C(=O)N2)NC(=O)[C@H](CSSC[C@H](NC(=O)[C@H](Cc8c[nH]c9ccccc89)NC(=O)[C@H](CCCCN)NC(=O)[C@H](Cc%10c[nH]cn%10)NC(=O)[C@@H](NC(=O)[C@H](CCCNC(=N)N)NC(=O)[C@H](CO)NC3=O)[C@@H](C)O)C(=O)N[C@@H](CCCCN)C(=O)N[C@@H](Cc%11ccc(O)cc%11)C(=O)N[C@@H](C(C)C)C(=O)N[C@@H](Cc%12ccccc%12)C(=O)N)NC(=O)[C@H](CCCCN)NC(=O)[C@H](CC(=O)O)NC(=O)[C@H](CC(=O)N)NC(=O)[C@H](CC(=O)O)NC(=O)[C@@H]%13CCCN%13C1=O)C(C)C,5.7
80,CHEMBL3800625,CC[C@H](C)[C@@H]1NC(=O)[C@@H]2CSSC[C@@H]3NC(=O)[C@H](CCCCN)NC(=O)[C@H](CC(C)C)NC(=O)[C@H](CC(=O)N)NC(=O)[C@@H]4CCCN4C(=O)[C@H](CCCNC(=N)N)NC(=O)[C@H](CSSC[C@H](NC(=O)[C@@H](N)CC(=O)O)C(=O)N[C@@H](CC(C)C)C(=O)NCC(=O)N[C@@H](Cc5ccccc5)C(=O)N[C@@H](CCSC)C(=O)N[C@@H](CCCNC(=N)N)C(=O)N[C@@H](CCCCN)C(=O)N2)NC(=O)[C@H](CSSC[C@H](NC(=O)[C@H](Cc6c[nH]c7ccccc67)NC(=O)[C@H](CCCCN)NC(=O)[C@H](Cc8cnc[nH]8)NC(=O)[C@@H](NC(=O)[C@H](CCCNC(=N)N)NC(=O)[C@H](CO)NC3=O)[C@@H](C)O)C(=O)N[C@@H](CCCCN)C(=O)N[C@@H](Cc9ccc(O)cc9)C(=O)N[C@@H](C(C)C)C(=O)N[C@@H](Cc%10ccccc%10)C(=O)N)NC(=O)[C@H](CCCCN)NC(=O)[C@H](CC(=O)O)NC(=O)[C@H](CC(=O)N)NC(=O)[C@H](CC(=O)O)NC(=O)[C@@H]%11CCCN%11C1=O,5.7
81,CHEMBL3800075,CSCC[C@@H]1NC(=O)[C@H](Cc2ccccc2)NC(=O)CNC(=O)[C@H](CC(C)C)NC(=O)[C@H](CSSC[C@@H]3NC(=O)[C@@H]4CSSC[C@H](NC(=O)[C@H](Cc5c[nH]c6ccccc56)NC(=O)[C@H](CCCCN)NC(=O)[C@H](Cc7cnc[nH]7)NC(=O)[C@@H](NC(=O)[C@H](CCCNC(=N)N)NC(=O)[C@H](CO)NC(=O)[C@H](CSSC[C@H](NC(=O)[C@H](CCCCN)NC(=O)[C@H](CCCNC(=N)N)NC1=O)C(=O)N[C@@H](CO)C(=O)N8CCC[C@H]8C(=O)N[C@@H](CC(=O)O)C(=O)N[C@@H](CC(=O)N)C(=O)N[C@@H](CC(=O)O)C(=O)N[C@@H](CCCCN)C(=O)N4)NC(=O)[C@@H](NC(=O)[C@H](CC(C)C)NC(=O)[C@H](CC(=O)N)NC(=O)[C@@H]9CCCN9C(=O)[C@H](CCCNC(=N)N)NC3=O)C(C)C)[C@@H](C)O)C(=O)N[C@@H](CCCCN)C(=O)N[C@@H](Cc%10ccc(O)cc%10)C(=O)N[C@@H](C(C)C)C(=O)N[C@@H](Cc%11ccccc%11)C(=O)N)NC(=O)[C@@H](N)CC(=O)O,5.7
82,CHEMBL3799846,CC[C@H](C)[C@@H]1NC(=O)[C@@H]2CSSC[C@@H]3NC(=O)[C@@H](NC(=O)[C@H](CC(C)C)NC(=O)[C@H](CC(=O)N)NC(=O)[C@@H]4CCCN4C(=O)[C@H](CCCNC(=N)N)NC(=O)[C@H](CSSC[C@H](NC(=O)[C@@H](N)CC(=O)O)C(=O)N[C@@H](CCCCN)C(=O)NCC(=O)N[C@@H](Cc5ccccc5)C(=O)N[C@@H](CCSC)C(=O)N[C@@H](CCCNC(=N)N)C(=O)N[C@@H](CCCCN)C(=O)N2)NC(=O)[C@H](CSSC[C@H](NC(=O)[C@H](Cc6c[nH]c7ccccc67)NC(=O)[C@H](CCCCN)NC(=O)[C@H](Cc8cnc[nH]8)NC(=O)[C@@H](NC(=O)[C@H](CCCNC(=N)N)NC(=O)[C@H](CO)NC3=O)[C@@H](C)O)C(=O)N[C@@H](CCCCN)C(=O)N[C@@H](Cc9ccc(O)cc9)C(=O)N[C@@H](C(C)C)C(=O)N[C@@H](Cc%10ccccc%10)C(=O)N)NC(=O)[C@H](CCCCN)NC(=O)[C@H](CC(=O)O)NC(=O)[C@H](CC(=O)N)NC(=O)[C@H](CC(=O)O)NC(=O)[C@@H]%11CCCN%11C1=O)C(C)C,5.72
83,CHEMBL444700,C[C@@H](CN)CSc1c(C)cccc1C,5.72
84,CHEMBL3800274,CC[C@H](C)[C@@H]1NC(=O)[C@@H]2CSSC[C@@H]3NC(=O)[C@@H](NC(=O)[C@H](CC(C)C)NC(=O)[C@H](CC(=O)N)NC(=O)[C@@H]4CCCN4C(=O)[C@H](CCCNC(=N)N)NC(=O)[C@H](CSSC[C@H](NC(=O)[C@@H](N)CC(=O)O)C(=O)N[C@@H](CC(C)C)C(=O)NCC(=O)N[C@@H](Cc5ccccc5)C(=O)N[C@@H](CCSC)C(=O)N[C@@H](CCCNC(=N)N)C(=O)N[C@@H](CCCCN)C(=O)N2)NC(=O)[C@H](CSSC[C@H](NC(=O)[C@H](Cc6c[nH]c7ccccc67)NC(=O)[C@H](CCCCN)NC(=O)[C@H](Cc8c[nH]cn8)NC(=O)[C@@H](NC(=O)[C@H](CCCNC(=N)N)NC(=O)[C@H](CO)NC3=O)[C@@H](C)O)C(=O)N[C@@H](CCCCN)C(=O)N[C@@H](Cc9c[nH]c%10ccccc9%10)C(=O)N[C@@H](C(C)C)C(=O)N[C@@H](Cc%11ccccc%11)C(=O)N)NC(=O)[C@H](CCCCN)NC(=O)[C@H](CC(=O)O)NC(=O)[C@H](CC(=O)N)NC(=O)[C@H](CC(=O)O)NC(=O)[C@@H]%12CCCN%12C1=O)C(C)C,5.75
85,CHEMBL3800234,CC[C@H](C)[C@@H]1NC(=O)[C@@H]2CSSC[C@@H]3NC(=O)[C@@H](NC(=O)[C@H](CC(C)C)NC(=O)[C@H](CC(=O)N)NC(=O)[C@@H]4CCCN4C(=O)[C@H](CCCNC(=N)N)NC(=O)[C@H](CSSC[C@H](NC(=O)[C@@H](N)CC(=O)O)C(=O)N[C@@H](CC(C)C)C(=O)NCC(=O)N[C@@H](Cc5ccccc5)C(=O)N[C@@H](CCSC)C(=O)N[C@@H](CCCNC(=N)N)C(=O)N[C@@H](CCCNC(=N)N)C(=O)N2)NC(=O)[C@H](CSSC[C@H](NC(=O)[C@H](Cc6c[nH]c7ccccc67)NC(=O)[C@H](CCCCN)NC(=O)[C@H](Cc8cnc[nH]8)NC(=O)[C@@H](NC(=O)[C@H](CCCNC(=N)N)NC(=O)[C@H](CO)NC3=O)[C@@H](C)O)C(=O)N[C@@H](CCCCN)C(=O)N[C@@H](Cc9ccc(O)cc9)C(=O)N[C@@H](C(C)C)C(=O)N[C@@H](Cc%10ccccc%10)C(=O)N)NC(=O)[C@H](CCCCN)NC(=O)[C@H](CC(=O)O)NC(=O)[C@H](CC(=O)N)NC(=O)[C@H](CC(=O)O)NC(=O)[C@@H]%11CCCN%11C1=O)C(C)C,5.75
86,CHEMBL3799874,CC[C@H](C)[C@@H]1NC(=O)[C@@H]2CSSC[C@@H]3NC(=O)[C@@H](NC(=O)[C@H](CC(C)C)NC(=O)[C@H](CC(=O)N)NC(=O)[C@@H]4CCCN4C(=O)[C@H](CCC(=O)O)NC(=O)[C@H](CSSC[C@H](NC(=O)[C@@H](N)CC(=O)O)C(=O)N[C@@H](CC(C)C)C(=O)NCC(=O)N[C@@H](Cc5ccccc5)C(=O)N[C@@H](CCSC)C(=O)N[C@@H](CCCNC(=N)N)C(=O)N[C@@H](CCCCN)C(=O)N2)NC(=O)[C@H](CSSC[C@H](NC(=O)[C@H](Cc6c[nH]c7ccccc67)NC(=O)[C@H](CCCCN)NC(=O)[C@H](Cc8cnc[nH]8)NC(=O)[C@@H](NC(=O)[C@H](CCCNC(=N)N)NC(=O)[C@H](CO)NC3=O)[C@@H](C)O)C(=O)N[C@@H](CCCCN)C(=O)N[C@@H](Cc9ccc(O)cc9)C(=O)N[C@@H](C(C)C)C(=O)N[C@@H](Cc%10ccccc%10)C(=O)N)NC(=O)[C@H](CCCCN)NC(=O)[C@H](CC(=O)O)NC(=O)[C@H](CC(=O)N)NC(=O)[C@H](CC(=O)O)NC(=O)[C@@H]%11CCCN%11C1=O)C(C)C,5.77
87,CHEMBL485004,Cc1cccc(C)c1NC(=O)[C@@H]2CCN(Cc3ccccc3)C2,5.77
88,CHEMBL3798688,CC[C@H](C)[C@@H]1NC(=O)[C@@H]2CSSC[C@@H]3NC(=O)[C@@H](NC(=O)[C@H](CC(C)C)NC(=O)[C@H](CC(=O)N)NC(=O)[C@@H]4CCCN4C(=O)[C@H](CCCNC(=N)N)NC(=O)[C@H](CSSC[C@H](NC(=O)[C@@H](N)CC(=O)O)C(=O)N[C@@H](CC(C)C)C(=O)NCC(=O)N[C@@H](Cc5ccccc5)C(=O)N[C@@H](CCSC)C(=O)N[C@@H](CCCNC(=N)N)C(=O)N[C@@H](CCCCN)C(=O)N2)NC(=O)[C@H](CSSC[C@H](NC(=O)[C@H](Cc6c[nH]c7ccccc67)NC(=O)[C@H](CCCCN)NC(=O)[C@H](Cc8cnc[nH]8)NC(=O)[C@@H](NC(=O)[C@H](CCCNC(=N)N)NC(=O)[C@H](CO)NC3=O)[C@@H](C)O)C(=O)N[C@@H](CCCCN)C(=O)N[C@@H](Cc9ccc(O)cc9)C(=O)N[C@@H](C(C)C)C(=O)N[C@@H](Cc%10ccccc%10)C(=O)N)NC(=O)[C@H](CCCCN)NC(=O)[C@H](CC(=O)O)NC(=O)[C@H](CC(=O)N)NC(=O)[C@H](CC(=O)O)NC(=O)[C@H](Cc%11c[nH]c%12ccccc%11%12)NC1=O)C(C)C,5.82
89,CHEMBL3797578,CC[C@H](C)[C@@H]1NC(=O)[C@@H]2CSSC[C@@H]3NC(=O)[C@@H](NC(=O)[C@H](CC(C)C)NC(=O)[C@H](CC(=O)N)NC(=O)[C@@H]4CCCN4C(=O)[C@H](CCCNC(=N)N)NC(=O)[C@H](CSSC[C@H](NC(=O)[C@@H](N)CC(=O)O)C(=O)N[C@@H](CC(C)C)C(=O)NCC(=O)N[C@@H](Cc5ccccc5)C(=O)N[C@@H](CCSC)C(=O)N[C@@H](CCCNC(=N)N)C(=O)N[C@@H](CCCCN)C(=O)N2)NC(=O)[C@H](CSSC[C@H](NC(=O)[C@H](Cc6c[nH]c7ccccc67)NC(=O)[C@H](CCCCN)NC(=O)[C@H](Cc8cnc[nH]8)NC(=O)[C@@H](NC(=O)[C@H](CCCNC(=N)N)NC(=O)[C@H](CO)NC3=O)[C@@H](C)O)C(=O)N[C@@H](CCCCN)C(=O)N[C@@H](Cc9ccc(O)cc9)C(=O)N[C@@H](CCCNC(=N)N)C(=O)N[C@@H](Cc%10ccccc%10)C(=O)N)NC(=O)[C@H](CCCCN)NC(=O)[C@H](CC(=O)O)NC(=O)[C@H](CC(=O)N)NC(=O)[C@H](CC(=O)O)NC(=O)[C@@H]%11CCCN%11C1=O)C(C)C,5.82
90,CHEMBL3799702,CC[C@H](C)[C@@H]1NC(=O)[C@@H]2CSSC[C@@H]3NC(=O)[C@@H](NC(=O)[C@H](CC(C)C)NC(=O)[C@H](CC(=O)N)NC(=O)[C@@H]4CCCN4C(=O)[C@H](CCCNC(=N)N)NC(=O)[C@H](CSSC[C@H](NC(=O)[C@@H](N)CCCCN)C(=O)N[C@@H](CC(C)C)C(=O)NCC(=O)N[C@@H](Cc5ccccc5)C(=O)N[C@@H](CCSC)C(=O)N[C@@H](CCCNC(=N)N)C(=O)N[C@@H](CCCCN)C(=O)N2)NC(=O)[C@H](CSSC[C@H](NC(=O)[C@H](Cc6c[nH]c7ccccc67)NC(=O)[C@H](CCCCN)NC(=O)[C@H](Cc8cnc[nH]8)NC(=O)[C@@H](NC(=O)[C@H](CCCNC(=N)N)NC(=O)[C@H](CO)NC3=O)[C@@H](C)O)C(=O)N[C@@H](CCCCN)C(=O)N[C@@H](Cc9ccc(O)cc9)C(=O)N[C@@H](C(C)C)C(=O)N[C@@H](Cc%10ccccc%10)C(=O)N)NC(=O)[C@H](CCCCN)NC(=O)[C@H](CC(=O)O)NC(=O)[C@H](CC(=O)N)NC(=O)[C@H](CC(=O)O)NC(=O)[C@@H]%11CCCN%11C1=O)C(C)C,5.82
91,CHEMBL3799314,CC[C@H](C)[C@@H]1NC(=O)[C@@H]2CSSC[C@@H]3NC(=O)[C@@H](NC(=O)[C@H](CC(C)C)NC(=O)[C@H](CC(=O)N)NC(=O)[C@@H]4CCCN4C(=O)[C@H](CCCNC(=N)N)NC(=O)[C@H](CSSC[C@H](NC(=O)[C@@H](N)CCCNC(=N)N)C(=O)N[C@@H](CC(C)C)C(=O)NCC(=O)N[C@@H](Cc5ccccc5)C(=O)N[C@@H](CCSC)C(=O)N[C@@H](CCCNC(=N)N)C(=O)N[C@@H](CCCCN)C(=O)N2)NC(=O)[C@H](CSSC[C@H](NC(=O)[C@H](Cc6c[nH]c7ccccc67)NC(=O)[C@H](CCCCN)NC(=O)[C@H](Cc8cnc[nH]8)NC(=O)[C@@H](NC(=O)[C@H](CCCNC(=N)N)NC(=O)[C@H](CO)NC3=O)[C@@H](C)O)C(=O)N[C@@H](CCCCN)C(=O)N[C@@H](Cc9ccc(O)cc9)C(=O)N[C@@H](C(C)C)C(=O)N[C@@H](Cc%10ccccc%10)C(=O)N)NC(=O)[C@H](CCCCN)NC(=O)[C@H](CC(=O)O)NC(=O)[C@H](CC(=O)N)NC(=O)[C@H](CC(=O)O)NC(=O)[C@@H]%11CCCN%11C1=O)C(C)C,5.82
92,CHEMBL3797934,CC[C@H](C)[C@@H]1NC(=O)[C@@H]2CSSC[C@@H]3NC(=O)[C@@H](NC(=O)[C@H](CC(C)C)NC(=O)[C@H](CC(=O)N)NC(=O)[C@@H]4CCCN4C(=O)[C@H](Cc5ccccn5)NC(=O)[C@H](CSSC[C@H](NC(=O)[C@@H](N)CC(=O)O)C(=O)N[C@@H](CC(C)C)C(=O)NCC(=O)N[C@@H](Cc6ccccc6)C(=O)N[C@@H](CCSC)C(=O)N[C@@H](CCCNC(=N)N)C(=O)N[C@@H](CCCCN)C(=O)N2)NC(=O)[C@H](CSSC[C@H](NC(=O)[C@H](Cc7c[nH]c8ccccc78)NC(=O)[C@H](CCCCN)NC(=O)[C@H](Cc9cnc[nH]9)NC(=O)[C@@H](NC(=O)[C@H](CCCNC(=N)N)NC(=O)[C@H](CO)NC3=O)[C@@H](C)O)C(=O)N[C@@H](CCCCN)C(=O)N[C@@H](Cc%10ccc(O)cc%10)C(=O)N[C@@H](C(C)C)C(=O)N[C@@H](Cc%11ccccc%11)C(=O)N)NC(=O)[C@H](CCCCN)NC(=O)[C@H](CC(=O)O)NC(=O)[C@H](CC(=O)N)NC(=O)[C@H](CC(=O)O)NC(=O)[C@@H]%12CCCN%12C1=O)C(C)C,5.82
93,CHEMBL3798549,CC[C@H](C)[C@@H]1NC(=O)[C@@H]2CSSC[C@@H]3NC(=O)[C@@H](NC(=O)[C@H](CC(C)C)NC(=O)[C@H](CC(=O)N)NC(=O)[C@@H]4CCCN4C(=O)[C@H](CCCNC(=N)N)NC(=O)[C@H](CSSC[C@H](N)C(=O)N[C@@H](CC(C)C)C(=O)NCC(=O)N[C@@H](Cc5ccccc5)C(=O)N[C@@H](CCSC)C(=O)N[C@@H](CCCNC(=N)N)C(=O)N[C@@H](CCCCN)C(=O)N2)NC(=O)[C@H](CSSC[C@H](NC(=O)[C@H](Cc6c[nH]c7ccccc67)NC(=O)[C@H](CCCCN)NC(=O)[C@H](Cc8cnc[nH]8)NC(=O)[C@@H](NC(=O)[C@H](CCCNC(=N)N)NC(=O)[C@H](CO)NC3=O)[C@@H](C)O)C(=O)N[C@@H](CCCCN)C(=O)N[C@@H](Cc9ccc(O)cc9)C(=O)N[C@@H](C(C)C)C(=O)N[C@@H](Cc%10ccccc%10)C(=O)N)NC(=O)[C@H](CCCCN)NC(=O)[C@H](CC(=O)O)NC(=O)[C@H](CC(=O)N)NC(=O)[C@H](CC(=O)O)NC(=O)[C@@H]%11CCCN%11C1=O)C(C)C,5.85
94,CHEMBL3799602,CC[C@H](C)[C@@H]1NC(=O)[C@@H]2CSSC[C@@H]3NC(=O)[C@@H](NC(=O)[C@H](CC(C)C)NC(=O)[C@H](CC(=O)N)NC(=O)[C@@H]4CCCN4C(=O)[C@H](CCCNC(=N)N)NC(=O)[C@H](CSSC[C@H](NC(=O)[C@@H](N)CC(=O)O)C(=O)N[C@@H](CC(C)C)C(=O)NCC(=O)N[C@@H](Cc5ccccc5)C(=O)N[C@@H](CCSC)C(=O)N[C@@H](CCCNC(=N)N)C(=O)N[C@@H](CCCCN)C(=O)N2)NC(=O)[C@H](CSSC[C@H](NC(=O)[C@H](Cc6c[nH]c7ccccc67)NC(=O)[C@H](CCCCN)NC(=O)[C@H](Cc8cnc[nH]8)NC(=O)[C@@H](NC(=O)[C@H](CCCNC(=N)N)NC(=O)[C@H](CO)NC3=O)[C@@H](C)O)C(=O)N[C@@H](CCCCN)C(=O)N[C@@H](Cc9ccc(O)cc9)C(=O)N[C@@H](C(C)C)C(=O)N[C@@H](Cc%10ccccc%10)C(=O)N)NC(=O)[C@H](CCCCN)NC(=O)[C@H](CC(=O)O)NC(=O)[C@H](CC(=O)N)NC(=O)[C@H](CC(=O)O)NC(=O)[C@H](CCC(=O)O)NC1=O)C(C)C,5.85
95,CHEMBL3799769,CC[C@H](C)[C@@H]1NC(=O)[C@@H]2CSSC[C@@H]3NC(=O)[C@@H](NC(=O)[C@H](CC(C)C)NC(=O)[C@H](CC(=O)N)NC(=O)[C@H](CCCNC(=N)N)NC(=O)[C@H](CCCNC(=N)N)NC(=O)[C@H](CSSC[C@H](NC(=O)[C@@H](N)CC(=O)O)C(=O)N[C@@H](CC(C)C)C(=O)NCC(=O)N[C@@H](Cc4ccccc4)C(=O)N[C@@H](CCSC)C(=O)N[C@@H](CCCNC(=N)N)C(=O)N[C@@H](CCCCN)C(=O)N2)NC(=O)[C@H](CSSC[C@H](NC(=O)[C@H](Cc5c[nH]c6ccccc56)NC(=O)[C@H](CCCCN)NC(=O)[C@H](Cc7cnc[nH]7)NC(=O)[C@@H](NC(=O)[C@H](CCCNC(=N)N)NC(=O)[C@H](CO)NC3=O)[C@@H](C)O)C(=O)N[C@@H](CCCCN)C(=O)N[C@@H](Cc8ccc(O)cc8)C(=O)N[C@@H](C(C)C)C(=O)N[C@@H](Cc9ccccc9)C(=O)N)NC(=O)[C@H](CCCCN)NC(=O)[C@H](CC(=O)O)NC(=O)[C@H](CC(=O)N)NC(=O)[C@H](CC(=O)O)NC(=O)[C@@H]%10CCCN%10C1=O)C(C)C,5.85
96,CHEMBL3799293,CC[C@H](C)[C@@H]1NC(=O)[C@@H]2CSSC[C@@H]3NC(=O)[C@@H](NC(=O)[C@H](CC(C)C)NC(=O)[C@H](CCCNC(=N)N)NC(=O)[C@@H]4CCCN4C(=O)[C@H](CCCNC(=N)N)NC(=O)[C@H](CSSC[C@H](NC(=O)[C@@H](N)CC(=O)O)C(=O)N[C@@H](CC(C)C)C(=O)NCC(=O)N[C@@H](Cc5ccccc5)C(=O)N[C@@H](CCSC)C(=O)N[C@@H](CCCNC(=N)N)C(=O)N[C@@H](CCCCN)C(=O)N2)NC(=O)[C@H](CSSC[C@H](NC(=O)[C@H](Cc6c[nH]c7ccccc67)NC(=O)[C@H](CCCCN)NC(=O)[C@H](Cc8cnc[nH]8)NC(=O)[C@@H](NC(=O)[C@H](CCCNC(=N)N)NC(=O)[C@H](CO)NC3=O)[C@@H](C)O)C(=O)N[C@@H](CCCCN)C(=O)N[C@@H](Cc9ccc(O)cc9)C(=O)N[C@@H](C(C)C)C(=O)N[C@@H](Cc%10ccccc%10)C(=O)N)NC(=O)[C@H](CCCCN)NC(=O)[C@H](CC(=O)O)NC(=O)[C@H](CC(=O)N)NC(=O)[C@H](CC(=O)O)NC(=O)[C@@H]%11CCCN%11C1=O)C(C)C,5.85
97,CHEMBL3798929,CSCC[C@@H]1NC(=O)[C@H](Cc2ccccc2)NC(=O)CNC(=O)[C@H](CC(C)C)NC(=O)[C@H](CSSC[C@@H]3NC(=O)[C@@H]4CSSC[C@H](NC(=O)[C@H](Cc5c[nH]c6ccccc56)NC(=O)[C@H](CCCCN)NC(=O)[C@H](Cc7cnc[nH]7)NC(=O)[C@@H](NC(=O)[C@H](CCCNC(=N)N)NC(=O)[C@H](CO)NC(=O)[C@H](CSSC[C@H](NC(=O)[C@H](CCCCN)NC(=O)[C@H](CCCNC(=N)N)NC1=O)C(=O)N[C@@H](C(C)C)C(=O)N8CCC[C@H]8C(=O)N[C@@H](CC(=O)O)C(=O)N[C@@H](CC(=O)N)C(=O)N[C@@H](CC(=O)O)C(=O)N[C@@H](CCCCN)C(=O)N4)NC(=O)[C@@H](NC(=O)[C@H](CC(C)C)NC(=O)[C@H](CC(=O)N)NC(=O)[C@@H]9CCCN9C(=O)[C@H](CCCNC(=N)N)NC3=O)C(C)C)[C@@H](C)O)C(=O)N[C@@H](CCCCN)C(=O)N[C@@H](Cc%10ccc(O)cc%10)C(=O)N[C@@H](C(C)C)C(=O)N[C@@H](Cc%11ccccc%11)C(=O)N)NC(=O)[C@@H](N)CC(=O)O,5.85
98,CHEMBL3799794,CC[C@H](C)[C@@H]1NC(=O)[C@@H]2CSSC[C@@H]3NC(=O)[C@@H](NC(=O)[C@H](CC(C)C)NC(=O)[C@H](CC(=O)N)NC(=O)[C@@H]4CCCN4C(=O)[C@H](CCCNC(=N)N)NC(=O)[C@H](CSSC[C@H](NC(=O)[C@@H](N)CC(=O)O)C(=O)N[C@@H](CC(C)C)C(=O)NCC(=O)N[C@@H](Cc5ccccc5)C(=O)N[C@@H](CCSC)C(=O)N[C@@H](CCCNC(=N)N)C(=O)N[C@@H](CCCCN)C(=O)N2)NC(=O)[C@H](CSSC[C@H](NC(=O)[C@H](Cc6c[nH]c7ccccc67)NC(=O)[C@H](CCCCN)NC(=O)[C@H](Cc8cnc[nH]8)NC(=O)[C@@H](NC(=O)[C@H](CCCNC(=N)N)NC(=O)[C@H](CO)NC3=O)[C@@H](C)O)C(=O)N[C@@H](CCCCN)C(=O)N[C@@H](Cc9ccc(O)cc9)C(=O)N[C@@H](CCCCN)C(=O)N[C@@H](Cc%10ccccc%10)C(=O)N)NC(=O)[C@H](CCCCN)NC(=O)[C@H](CC(=O)O)NC(=O)[C@H](CC(=O)N)NC(=O)[C@H](CC(=O)O)NC(=O)[C@@H]%11CCCN%11C1=O)C(C)C,5.92
99,CHEMBL3799721,CSCC[C@@H]1NC(=O)[C@H](Cc2ccccc2)NC(=O)CNC(=O)[C@H](CC(C)C)NC(=O)[C@H](CSSC[C@@H]3NC(=O)[C@@H]4CSSC[C@H](NC(=O)[C@H](Cc5c[nH]c6ccccc56)NC(=O)[C@H](CCCCN)NC(=O)[C@H](Cc7cnc[nH]7)NC(=O)[C@@H](NC(=O)[C@H](CCCNC(=N)N)NC(=O)[C@H](CO)NC(=O)[C@H](CSSC[C@H](NC(=O)[C@H](CCCCN)NC(=O)[C@H](CCCNC(=N)N)NC1=O)C(=O)N[C@@H](Cc8ccccc8)C(=O)N9CCC[C@H]9C(=O)N[C@@H](CC(=O)O)C(=O)N[C@@H](CC(=O)N)C(=O)N[C@@H](CC(=O)O)C(=O)N[C@@H](CCCCN)C(=O)N4)NC(=O)[C@@H](NC(=O)[C@H](CC(C)C)NC(=O)[C@H](CC(=O)N)NC(=O)[C@@H]%10CCCN%10C(=O)[C@H](CCCNC(=N)N)NC3=O)C(C)C)[C@@H](C)O)C(=O)N[C@@H](CCCCN)C(=O)N[C@@H](Cc%11ccc(O)cc%11)C(=O)N[C@@H](C(C)C)C(=O)N[C@@H](Cc%12ccccc%12)C(=O)N)NC(=O)[C@@H](N)CC(=O)O,5.96
100,CHEMBL3799705,CSCC[C@@H]1NC(=O)[C@H](Cc2ccccc2)NC(=O)CNC(=O)[C@H](CC(C)C)NC(=O)[C@H](CSSC[C@@H]3NC(=O)[C@@H]4CSSC[C@H](NC(=O)[C@H](Cc5c[nH]c6ccccc56)NC(=O)[C@H](CCCCN)NC(=O)[C@H](Cc7cnc[nH]7)NC(=O)[C@@H](NC(=O)[C@H](CCCNC(=N)N)NC(=O)[C@H](CO)NC(=O)[C@H](CSSC[C@H](NC(=O)[C@H](CCCCN)NC(=O)[C@H](CCCNC(=N)N)NC1=O)C(=O)N[C@@H]([C@@H](C)O)C(=O)N8CCC[C@H]8C(=O)N[C@@H](CC(=O)O)C(=O)N[C@@H](CC(=O)N)C(=O)N[C@@H](CC(=O)O)C(=O)N[C@@H](CCCCN)C(=O)N4)NC(=O)[C@@H](NC(=O)[C@H](CC(C)C)NC(=O)[C@H](CC(=O)N)NC(=O)[C@@H]9CCCN9C(=O)[C@H](CCCNC(=N)N)NC3=O)C(C)C)[C@@H](C)O)C(=O)N[C@@H](CCCCN)C(=O)N[C@@H](Cc%10ccc(O)cc%10)C(=O)N[C@@H](C(C)C)C(=O)N[C@@H](Cc%11ccccc%11)C(=O)N)NC(=O)[C@@H](N)CC(=O)O,5.96
101,CHEMBL3798023,CSCC[C@@H]1NC(=O)[C@H](Cc2ccccc2)NC(=O)CNC(=O)[C@H](CC(C)C)NC(=O)[C@H](CSSC[C@@H]3NC(=O)[C@@H]4CSSC[C@H](NC(=O)[C@H](Cc5c[nH]c6ccccc56)NC(=O)[C@H](CCCCN)NC(=O)[C@H](Cc7cnc[nH]7)NC(=O)[C@@H](NC(=O)[C@H](CCCNC(=N)N)NC(=O)[C@H](CO)NC(=O)[C@H](CSSC[C@H](NC(=O)[C@H](CCCCN)NC(=O)[C@H](CCCNC(=N)N)NC1=O)C(=O)N[C@@H](Cc8ccc(O)cc8)C(=O)N9CCC[C@H]9C(=O)N[C@@H](CC(=O)O)C(=O)N[C@@H](CC(=O)N)C(=O)N[C@@H](CC(=O)O)C(=O)N[C@@H](CCCCN)C(=O)N4)NC(=O)[C@@H](NC(=O)[C@H](CC(C)C)NC(=O)[C@H](CC(=O)N)NC(=O)[C@@H]%10CCCN%10C(=O)[C@H](CCCNC(=N)N)NC3=O)C(C)C)[C@@H](C)O)C(=O)N[C@@H](CCCCN)C(=O)N[C@@H](Cc%11ccc(O)cc%11)C(=O)N[C@@H](C(C)C)C(=O)N[C@@H](Cc%12ccccc%12)C(=O)N)NC(=O)[C@@H](N)CC(=O)O,6.0
102,CHEMBL149832,Cc1ccccc1OC[C@H](N)c2ccccc2,6.0
103,CHEMBL3797210,CC[C@H](C)[C@@H]1NC(=O)[C@@H]2CSSC[C@@H]3NC(=O)[C@@H](NC(=O)[C@H](CC(C)C)NC(=O)[C@H](CC(=O)N)NC(=O)[C@@H]4CCCN4C(=O)[C@H](CCCNC(=N)N)NC(=O)[C@H](CSSC[C@H](NC(=O)[C@@H](N)CC(=O)O)C(=O)N[C@@H](CCCNC(=N)N)C(=O)NCC(=O)N[C@@H](Cc5ccccc5)C(=O)N[C@@H](CCSC)C(=O)N[C@@H](CCCNC(=N)N)C(=O)N[C@@H](CCCCN)C(=O)N2)NC(=O)[C@H](CSSC[C@H](NC(=O)[C@H](Cc6c[nH]c7ccccc67)NC(=O)[C@H](CCCCN)NC(=O)[C@H](Cc8cnc[nH]8)NC(=O)[C@@H](NC(=O)[C@H](CCCNC(=N)N)NC(=O)[C@H](CO)NC3=O)[C@@H](C)O)C(=O)N[C@@H](CCCCN)C(=O)N[C@@H](Cc9ccc(O)cc9)C(=O)N[C@@H](C(C)C)C(=O)N[C@@H](Cc%10ccccc%10)C(=O)N)NC(=O)[C@H](CCCCN)NC(=O)[C@H](CC(=O)O)NC(=O)[C@H](CC(=O)N)NC(=O)[C@H](CC(=O)O)NC(=O)[C@@H]%11CCCN%11C1=O)C(C)C,6.05
104,CHEMBL3800256,CSCC[C@@H]1NC(=O)[C@H](Cc2ccccc2)NC(=O)CNC(=O)[C@H](CC(C)C)NC(=O)[C@H](CSSC[C@@H]3NC(=O)[C@@H]4CSSC[C@H](NC(=O)[C@H](Cc5c[nH]c6ccccc56)NC(=O)[C@H](CCCCN)NC(=O)[C@H](Cc7cnc[nH]7)NC(=O)[C@@H](NC(=O)[C@H](CCCNC(=N)N)NC(=O)[C@H](CO)NC(=O)[C@H](CSSC[C@H](NC(=O)[C@H](CCCCN)NC(=O)[C@H](CCCNC(=N)N)NC1=O)C(=O)N[C@@H](CCCNC(=N)N)C(=O)N8CCC[C@H]8C(=O)N[C@@H](CC(=O)O)C(=O)N[C@@H](CC(=O)N)C(=O)N[C@@H](CC(=O)O)C(=O)N[C@@H](CCCCN)C(=O)N4)NC(=O)[C@@H](NC(=O)[C@H](CC(C)C)NC(=O)[C@H](CC(=O)N)NC(=O)[C@@H]9CCCN9C(=O)[C@H](CCCNC(=N)N)NC3=O)C(C)C)[C@@H](C)O)C(=O)N[C@@H](CCCCN)C(=O)N[C@@H](Cc%10ccc(O)cc%10)C(=O)N[C@@H](C(C)C)C(=O)N[C@@H](Cc%11ccccc%11)C(=O)N)NC(=O)[C@@H](N)CC(=O)O,6.05
105,CHEMBL3798843,CC[C@H](C)[C@@H]1NC(=O)[C@@H]2CSSC[C@@H]3NC(=O)[C@@H](NC(=O)[C@H](CC(C)C)NC(=O)[C@H](CC(=O)N)NC(=O)[C@@H]4CCCN4C(=O)[C@H](CCCNC(=N)N)NC(=O)[C@H](CSSC[C@H](NC(=O)[C@@H](N)CC(=O)O)C(=O)N[C@@H](CC(C)C)C(=O)NCC(=O)N[C@@H](Cc5ccccc5)C(=O)N[C@@H](CCSC)C(=O)N[C@@H](CCCNC(=N)N)C(=O)N[C@@H](CCCCN)C(=O)N2)NC(=O)[C@H](CSSC[C@H](NC(=O)[C@H](Cc6c[nH]c7ccccc67)NC(=O)[C@H](CCCCN)NC(=O)[C@H](Cc8cnc[nH]8)NC(=O)[C@@H](NC(=O)[C@H](CCCNC(=N)N)NC(=O)[C@H](CO)NC3=O)[C@@H](C)O)C(=O)N[C@@H](CCCCN)C(=O)N[C@@H](Cc9ccc(O)cc9)C(=O)N[C@@H](C(C)C)C(=O)N[C@@H](Cc%10cccc%11ccccc%10%11)C(=O)N)NC(=O)[C@H](CCCCN)NC(=O)[C@H](CC(=O)O)NC(=O)[C@H](CC(=O)N)NC(=O)[C@H](CC(=O)O)NC(=O)[C@@H]%12CCCN%12C1=O)C(C)C,6.1
106,CHEMBL3799645,CC[C@H](C)[C@@H]1NC(=O)[C@@H]2CSSC[C@@H]3NC(=O)[C@@H](NC(=O)[C@H](CC(C)C)NC(=O)[C@H](CC(=O)N)NC(=O)[C@@H]4CCCN4C(=O)[C@H](CCCNC(=O)N)NC(=O)[C@H](CSSC[C@H](NC(=O)[C@@H](N)CC(=O)O)C(=O)N[C@@H](CC(C)C)C(=O)NCC(=O)N[C@@H](Cc5ccccc5)C(=O)N[C@@H](CCSC)C(=O)N[C@@H](CCCNC(=N)N)C(=O)N[C@@H](CCCCN)C(=O)N2)NC(=O)[C@H](CSSC[C@H](NC(=O)[C@H](Cc6c[nH]c7ccccc67)NC(=O)[C@H](CCCCN)NC(=O)[C@H](Cc8cnc[nH]8)NC(=O)[C@@H](NC(=O)[C@H](CCCNC(=N)N)NC(=O)[C@H](CO)NC3=O)[C@@H](C)O)C(=O)N[C@@H](CCCCN)C(=O)N[C@@H](Cc9ccc(O)cc9)C(=O)N[C@@H](C(C)C)C(=O)N[C@@H](Cc%10ccccc%10)C(=O)N)NC(=O)[C@H](CCCCN)NC(=O)[C@H](CC(=O)O)NC(=O)[C@H](CC(=O)N)NC(=O)[C@H](CC(=O)O)NC(=O)[C@@H]%11CCCN%11C1=O)C(C)C,6.13
107,CHEMBL3797725,CC[C@H](C)[C@@H]1NC(=O)[C@@H]2CSSC[C@@H]3NC(=O)[C@@H](NC(=O)[C@H](CC(C)C)NC(=O)[C@H](CC(=O)N)NC(=O)[C@@H]4CCCN4C(=O)[C@H](CCCCN(C)C)NC(=O)[C@H](CSSC[C@H](NC(=O)[C@@H](N)CC(=O)O)C(=O)N[C@@H](CC(C)C)C(=O)NCC(=O)N[C@@H](Cc5ccccc5)C(=O)N[C@@H](CCSC)C(=O)N[C@@H](CCCNC(=N)N)C(=O)N[C@@H](CCCCN)C(=O)N2)NC(=O)[C@H](CSSC[C@H](NC(=O)[C@H](Cc6c[nH]c7ccccc67)NC(=O)[C@H](CCCCN)NC(=O)[C@H](Cc8cnc[nH]8)NC(=O)[C@@H](NC(=O)[C@H](CCCNC(=N)N)NC(=O)[C@H](CO)NC3=O)[C@@H](C)O)C(=O)N[C@@H](CCCCN)C(=O)N[C@@H](Cc9ccc(O)cc9)C(=O)N[C@@H](C(C)C)C(=O)N[C@@H](Cc%10ccccc%10)C(=O)N)NC(=O)[C@H](CCCCN)NC(=O)[C@H](CC(=O)O)NC(=O)[C@H](CC(=O)N)NC(=O)[C@H](CC(=O)O)NC(=O)[C@@H]%11CCCN%11C1=O)C(C)C,6.14
108,CHEMBL3799543,CSCC[C@@H]1NC(=O)[C@H](Cc2ccccc2)NC(=O)CNC(=O)[C@H](CC(C)C)NC(=O)[C@H](CSSC[C@@H]3NC(=O)[C@@H]4CSSC[C@H](NC(=O)[C@H](Cc5c[nH]c6ccccc56)NC(=O)[C@H](CCCCN)NC(=O)[C@H](Cc7cnc[nH]7)NC(=O)[C@@H](NC(=O)[C@H](CCCNC(=N)N)NC(=O)[C@H](CO)NC(=O)[C@H](CSSC[C@H](NC(=O)[C@H](CCCCN)NC(=O)[C@H](CCCNC(=N)N)NC1=O)C(=O)N[C@@H](CC(=O)N)C(=O)N8CCC[C@H]8C(=O)N[C@@H](CC(=O)O)C(=O)N[C@@H](CC(=O)N)C(=O)N[C@@H](CC(=O)O)C(=O)N[C@@H](CCCCN)C(=O)N4)NC(=O)[C@@H](NC(=O)[C@H](CC(C)C)NC(=O)[C@H](CC(=O)N)NC(=O)[C@@H]9CCCN9C(=O)[C@H](CCCNC(=N)N)NC3=O)C(C)C)[C@@H](C)O)C(=O)N[C@@H](CCCCN)C(=O)N[C@@H](Cc%10ccc(O)cc%10)C(=O)N[C@@H](C(C)C)C(=O)N[C@@H](Cc%11ccccc%11)C(=O)N)NC(=O)[C@@H](N)CC(=O)O,6.14
109,CHEMBL3798428,CC[C@H](C)[C@@H]1NC(=O)[C@@H]2CSSC[C@@H]3NC(=O)[C@@H](NC(=O)[C@H](CC(C)C)NC(=O)[C@H](CC(=O)N)NC(=O)[C@@H]4CCCN4C(=O)[C@H](CCCNC(=N)N)NC(=O)[C@H](CSSC[C@H](NC(=O)[C@@H](N)CC(=O)O)C(=O)N[C@@H](CC(C)C)C(=O)NCC(=O)N[C@@H](Cc5ccccc5)C(=O)N[C@@H](CCSC)C(=O)N[C@@H](CCCNC(=N)N)C(=O)N[C@@H](CCCCN)C(=O)N2)NC(=O)[C@H](CSSC[C@H](NC(=O)[C@H](Cc6c[nH]c7ccccc67)NC(=O)[C@H](CCCCN)NC(=O)[C@H](Cc8cnc[nH]8)NC(=O)[C@@H](NC(=O)[C@H](CCCNC(=N)N)NC(=O)[C@H](CO)NC3=O)[C@@H](C)O)C(=O)N[C@@H](CCCCN)C(=O)N[C@@H](Cc9ccc(O)cc9)C(=O)N[C@@H](C(C)C)C(=O)N[C@@H](Cc%10ccccc%10)C(=O)N)NC(=O)[C@H](CCCCN)NC(=O)[C@H](CC(=O)O)NC(=O)[C@H](CC(=O)N)NC(=O)[C@H](CCCCN)NC(=O)[C@@H]%11CCCN%11C1=O)C(C)C,6.16
110,CHEMBL3799377,CC[C@H](C)[C@@H]1NC(=O)[C@@H]2CSSC[C@@H]3NC(=O)[C@@H](NC(=O)[C@H](CC(C)C)NC(=O)[C@H](CC(=O)N)NC(=O)[C@@H]4CCCN4C(=O)[C@H](CCCNC(=N)N)NC(=O)[C@H](CSSC[C@H](NC(=O)[C@@H](N)CC(=O)O)C(=O)N[C@@H](CC(C)C)C(=O)NCC(=O)N[C@@H](Cc5ccccc5)C(=O)N[C@@H](CCSC)C(=O)N[C@@H](CCCNC(=N)N)C(=O)N[C@@H](CCCCN)C(=O)N2)NC(=O)[C@H](CSSC[C@H](NC(=O)[C@H](Cc6c[nH]c7ccccc67)NC(=O)[C@H](CCCCN)NC(=O)[C@H](Cc8cnc[nH]8)NC(=O)[C@H](CCCCN)NC(=O)[C@H](CCCNC(=N)N)NC(=O)[C@H](CO)NC3=O)C(=O)N[C@@H](CCCCN)C(=O)N[C@@H](Cc9ccc(O)cc9)C(=O)N[C@@H](C(C)C)C(=O)N[C@@H](Cc%10ccccc%10)C(=O)N)NC(=O)[C@H](CCCCN)NC(=O)[C@H](CC(=O)O)NC(=O)[C@H](CC(=O)N)NC(=O)[C@H](CC(=O)O)NC(=O)[C@@H]%11CCCN%11C1=O)C(C)C,6.16
111,CHEMBL3800184,CC[C@H](C)[C@@H]1NC(=O)[C@@H]2CSSC[C@@H]3NC(=O)[C@@H](NC(=O)[C@H](CC(C)C)NC(=O)[C@H](CC(=O)N)NC(=O)[C@@H]4CCCN4C(=O)[C@H](CCCNC(=N)N)NC(=O)[C@H](CSSC[C@H](NC(=O)[C@@H](N)CC(=O)O)C(=O)N[C@@H](CC(C)C)C(=O)NCC(=O)N[C@@H](Cc5ccccc5)C(=O)N[C@@H](CCSC)C(=O)N[C@@H](CCCNC(=N)N)C(=O)N[C@@H](CCCCN)C(=O)N2)NC(=O)[C@H](CSSC[C@H](NC(=O)[C@H](Cc6c[nH]c7ccccc67)NC(=O)[C@H](CCCCN)NC(=O)[C@H](Cc8cnc[nH]8)NC(=O)[C@H](Cc9c[nH]c%10ccccc9%10)NC(=O)[C@H](CCCNC(=N)N)NC(=O)[C@H](CO)NC3=O)C(=O)N[C@@H](CCCCN)C(=O)N[C@@H](Cc%11ccc(O)cc%11)C(=O)N[C@@H](C(C)C)C(=O)N[C@@H](Cc%12ccccc%12)C(=O)N)NC(=O)[C@H](CCCCN)NC(=O)[C@H](CC(=O)O)NC(=O)[C@H](CC(=O)N)NC(=O)[C@H](CC(=O)O)NC(=O)[C@@H]%13CCCN%13C1=O)C(C)C,6.16
112,CHEMBL3799998,CC[C@H](C)[C@@H]1NC(=O)[C@@H]2CSSC[C@@H]3NC(=O)[C@@H](NC(=O)[C@H](CC(C)C)NC(=O)[C@H](Cc4c[nH]c5ccccc45)NC(=O)[C@@H]6CCCN6C(=O)[C@H](CCCNC(=N)N)NC(=O)[C@H](CSSC[C@H](NC(=O)[C@@H](N)CC(=O)O)C(=O)N[C@@H](CC(C)C)C(=O)NCC(=O)N[C@@H](Cc7ccccc7)C(=O)N[C@@H](CCSC)C(=O)N[C@@H](CCCNC(=N)N)C(=O)N[C@@H](CCCCN)C(=O)N2)NC(=O)[C@H](CSSC[C@H](NC(=O)[C@H](Cc8c[nH]c9ccccc89)NC(=O)[C@H](CCCCN)NC(=O)[C@H](Cc%10cnc[nH]%10)NC(=O)[C@@H](NC(=O)[C@H](CCCNC(=N)N)NC(=O)[C@H](CO)NC3=O)[C@@H](C)O)C(=O)N[C@@H](CCCCN)C(=O)N[C@@H](Cc%11ccc(O)cc%11)C(=O)N[C@@H](C(C)C)C(=O)N[C@@H](Cc%12ccccc%12)C(=O)N)NC(=O)[C@H](CCCCN)NC(=O)[C@H](CC(=O)O)NC(=O)[C@H](CC(=O)N)NC(=O)[C@H](CC(=O)O)NC(=O)[C@@H]%13CCCN%13C1=O)C(C)C,6.16
113,CHEMBL3798639,CC[C@H](C)[C@@H]1NC(=O)[C@@H]2CSSC[C@@H]3NC(=O)[C@H](CCCNC(=N)N)NC(=O)[C@H](CC(C)C)NC(=O)[C@H](CC(=O)N)NC(=O)[C@@H]4CCCN4C(=O)[C@H](CCCNC(=N)N)NC(=O)[C@H](CSSC[C@H](NC(=O)[C@@H](N)CC(=O)O)C(=O)N[C@@H](CC(C)C)C(=O)NCC(=O)N[C@@H](Cc5ccccc5)C(=O)N[C@@H](CCSC)C(=O)N[C@@H](CCCNC(=N)N)C(=O)N[C@@H](CCCCN)C(=O)N2)NC(=O)[C@H](CSSC[C@H](NC(=O)[C@H](Cc6c[nH]c7ccccc67)NC(=O)[C@H](CCCCN)NC(=O)[C@H](Cc8cnc[nH]8)NC(=O)[C@@H](NC(=O)[C@H](CCCNC(=N)N)NC(=O)[C@H](CO)NC3=O)[C@@H](C)O)C(=O)N[C@@H](CCCCN)C(=O)N[C@@H](Cc9ccc(O)cc9)C(=O)N[C@@H](C(C)C)C(=O)N[C@@H](Cc%10ccccc%10)C(=O)N)NC(=O)[C@H](CCCCN)NC(=O)[C@H](CC(=O)O)NC(=O)[C@H](CC(=O)N)NC(=O)[C@H](CC(=O)O)NC(=O)[C@@H]%11CCCN%11C1=O,6.16
114,CHEMBL3798672,CSCC[C@@H]1NC(=O)[C@H](Cc2ccccc2)NC(=O)CNC(=O)[C@H](CC(C)C)NC(=O)[C@H](CSSC[C@@H]3NC(=O)[C@@H]4CSSC[C@H](NC(=O)[C@H](Cc5c[nH]c6ccccc56)NC(=O)[C@H](CCCCN)NC(=O)[C@H](Cc7cnc[nH]7)NC(=O)[C@@H](NC(=O)[C@H](CCCNC(=N)N)NC(=O)[C@H](CO)NC(=O)[C@H](CSSC[C@H](NC(=O)[C@H](CCCCN)NC(=O)[C@H](CCCNC(=N)N)NC1=O)C(=O)N[C@@H](Cc8cnc[nH]8)C(=O)N9CCC[C@H]9C(=O)N[C@@H](CC(=O)O)C(=O)N[C@@H](CC(=O)N)C(=O)N[C@@H](CC(=O)O)C(=O)N[C@@H](CCCCN)C(=O)N4)NC(=O)[C@@H](NC(=O)[C@H](CC(C)C)NC(=O)[C@H](CC(=O)N)NC(=O)[C@@H]%10CCCN%10C(=O)[C@H](CCCNC(=N)N)NC3=O)C(C)C)[C@@H](C)O)C(=O)N[C@@H](CCCCN)C(=O)N[C@@H](Cc%11ccc(O)cc%11)C(=O)N[C@@H](C(C)C)C(=O)N[C@@H](Cc%12ccccc%12)C(=O)N)NC(=O)[C@@H](N)CC(=O)O,6.16
115,CHEMBL38970,Cn1ccc(n1)c2ccc(Oc3ccc(F)cc3)cc2,6.16
116,CHEMBL3800504,CC[C@H](C)[C@@H]1NC(=O)[C@@H]2CSSC[C@@H]3NC(=O)[C@@H](NC(=O)[C@H](CC(C)C)NC(=O)[C@H](CC(=O)N)NC(=O)[C@@H]4CCCN4C(=O)[C@H](CCCNC(=N)N)NC(=O)[C@H](CSSC[C@H](NC(=O)[C@@H](N)CC(=O)O)C(=O)N[C@@H](CC(C)C)C(=O)NCC(=O)N[C@@H](Cc5ccccc5)C(=O)N[C@@H](CCSC)C(=O)N[C@@H](CCCNC(=N)N)C(=O)N[C@@H](CCCCN)C(=O)N2)NC(=O)[C@H](CSSC[C@H](NC(=O)[C@H](Cc6c[nH]c7ccccc67)NC(=O)[C@H](CCCCN)NC(=O)[C@H](Cc8cccc9ccccc89)NC(=O)[C@@H](NC(=O)[C@H](CCCNC(=N)N)NC(=O)[C@H](CO)NC3=O)[C@@H](C)O)C(=O)N[C@@H](CCCCN)C(=O)N[C@@H](Cc%10ccc(O)cc%10)C(=O)N[C@@H](C(C)C)C(=O)N[C@@H](Cc%11ccccc%11)C(=O)N)NC(=O)[C@H](CCCCN)NC(=O)[C@H](CC(=O)O)NC(=O)[C@H](CC(=O)N)NC(=O)[C@H](CC(=O)O)NC(=O)[C@@H]%12CCCN%12C1=O)C(C)C,6.22
117,CHEMBL3799128,CC[C@H](C)[C@@H]1NC(=O)[C@@H]2CSSC[C@@H]3NC(=O)[C@@H](NC(=O)[C@H](CC(C)C)NC(=O)[C@H](CC(=O)N)NC(=O)[C@@H]4CCCN4C(=O)[C@H](CCCNC(=N)N)NC(=O)[C@H](CSSC[C@H](NC(=O)[C@@H](N)CC(=O)O)C(=O)N[C@@H](CC(C)C)C(=O)NCC(=O)N[C@@H](Cc5ccccc5)C(=O)N[C@@H](CCSC)C(=O)N[C@@H](CCCNC(=N)N)C(=O)N[C@@H](CCCCN)C(=O)N2)NC(=O)[C@H](CSSC[C@H](NC(=O)[C@H](Cc6c[nH]c7ccccc67)NC(=O)[C@H](CCCCN)NC(=O)[C@H](Cc8cnc[nH]8)NC(=O)[C@@H](NC(=O)[C@H](CCCNC(=N)N)NC(=O)[C@H](CO)NC3=O)[C@@H](C)O)C(=O)N[C@@H](CCCCN)C(=O)N[C@@H](Cc9ccc(O)cc9)C(=O)N[C@@H](C(C)C)C(=O)N[C@@H](Cc%10ccccc%10)C(=O)N)NC(=O)[C@H](CCCCN)NC(=O)[C@H](CC(=O)O)NC(=O)[C@H](CC(=O)N)NC(=O)[C@H](CCCNC(=N)N)NC(=O)[C@@H]%11CCCN%11C1=O)C(C)C,6.22
118,CHEMBL3799811,CC[C@H](C)[C@@H]1NC(=O)[C@@H]2CSSC[C@@H]3NC(=O)[C@@H](NC(=O)[C@H](CC(C)C)NC(=O)[C@H](CC(=O)N)NC(=O)[C@@H]4CCCN4C(=O)[C@H](CCCNC(=N)N)NC(=O)[C@H](CSSC[C@H](NC(=O)[C@@H](N)CC(=O)O)C(=O)N[C@@H](CC(C)C)C(=O)NCC(=O)N[C@@H](Cc5ccccc5)C(=O)N[C@@H](CCSC)C(=O)N[C@@H](CCCNC(=N)N)C(=O)N[C@@H](CCCCN)C(=O)N2)NC(=O)[C@H](CSSC[C@H](NC(=O)[C@H](Cc6c[nH]c7ccccc67)NC(=O)[C@H](CCCCN)NC(=O)[C@H](Cc8cnc[nH]8)NC(=O)[C@@H](NC(=O)[C@H](CCCNC(=N)N)NC(=O)[C@H](CO)NC3=O)[C@@H](C)O)C(=O)N[C@@H](CCCCN)C(=O)N[C@@H](Cc9ccc(O)cc9)C(=O)N[C@@H](Cc%10cccc%11ccccc%10%11)C(=O)N[C@@H](Cc%12ccccc%12)C(=O)N)NC(=O)[C@H](CCCCN)NC(=O)[C@H](CC(=O)O)NC(=O)[C@H](CC(=O)N)NC(=O)[C@H](CC(=O)O)NC(=O)[C@@H]%13CCCN%13C1=O)C(C)C,6.22
119,CHEMBL3798309,CC[C@H](C)[C@@H]1NC(=O)[C@@H]2CSSC[C@@H]3NC(=O)[C@@H](NC(=O)[C@H](CC(C)C)NC(=O)[C@H](CC(=O)N)NC(=O)[C@@H]4CCCN4C(=O)[C@H](CCCNC(=N)N)NC(=O)[C@H](CSSC[C@H](NC(=O)[C@@H](N)CC(=O)O)C(=O)N[C@@H](CC(C)C)C(=O)N[C@@H](Cc5c[nH]c6ccccc56)C(=O)N[C@@H](Cc7ccccc7)C(=O)N[C@@H](CCSC)C(=O)N[C@@H](CCCNC(=N)N)C(=O)N[C@@H](CCCCN)C(=O)N2)NC(=O)[C@H](CSSC[C@H](NC(=O)[C@H](Cc8c[nH]c9ccccc89)NC(=O)[C@H](CCCCN)NC(=O)[C@H](Cc%10cnc[nH]%10)NC(=O)[C@@H](NC(=O)[C@H](CCCNC(=N)N)NC(=O)[C@H](CO)NC3=O)[C@@H](C)O)C(=O)N[C@@H](CCCCN)C(=O)N[C@@H](Cc%11ccc(O)cc%11)C(=O)N[C@@H](C(C)C)C(=O)N[C@@H](Cc%12ccccc%12)C(=O)N)NC(=O)[C@H](CCCCN)NC(=O)[C@H](CC(=O)O)NC(=O)[C@H](CC(=O)N)NC(=O)[C@H](CC(=O)O)NC(=O)[C@@H]%13CCCN%13C1=O)C(C)C,6.22
120,CHEMBL3798479,CC[C@H](C)[C@@H]1NC(=O)[C@@H]2CSSC[C@@H]3NC(=O)[C@@H](NC(=O)[C@H](CC(C)C)NC(=O)[C@H](CC(=O)N)NC(=O)[C@@H]4CCCN4C(=O)[C@H](CCCNC(=N)N)NC(=O)[C@H](CSSC[C@H](NC(=O)[C@@H](N)CC(=O)O)C(=O)N[C@@H](CC(C)C)C(=O)NCC(=O)N[C@@H](Cc5ccccc5)C(=O)N[C@@H](CCSC)C(=O)N[C@@H](CCCNC(=N)N)C(=O)N[C@@H](CCCCN)C(=O)N2)NC(=O)[C@H](CSSC[C@H](NC(=O)[C@H](Cc6c[nH]c7ccccc67)NC(=O)[C@H](CCCCN)NC(=O)[C@H](Cc8c[nH]cn8)NC(=O)[C@@H](NC(=O)[C@H](CCCNC(=N)N)NC(=O)[C@H](CO)NC3=O)[C@@H](C)O)C(=O)N[C@@H](CCCCN)C(=O)N[C@@H](Cc9ccc(O)cc9)C(=O)N[C@@H](C(C)C)C(=O)N[C@@H](Cc%10ccccc%10)C(=O)N)NC(=O)[C@H](CCCCN)NC(=O)[C@H](CC(=O)O)NC(=O)[C@H](CC(=O)N)NC(=O)[C@H](Cc%11cccc%12ccccc%11%12)NC(=O)[C@@H]%13CCCN%13C1=O)C(C)C,6.3
121,CHEMBL3798058,CC[C@H](C)[C@@H]1NC(=O)[C@@H]2CSSC[C@@H]3NC(=O)[C@@H](NC(=O)[C@H](CC(C)C)NC(=O)[C@H](CC(=O)N)NC(=O)[C@@H]4CCCN4C(=O)[C@H](CCCNC(=N)N)NC(=O)[C@H](CSSC[C@H](NC(=O)[C@@H](N)CC(=O)O)C(=O)N[C@@H](CC(C)C)C(=O)NCC(=O)N[C@@H](Cc5ccccc5)C(=O)N[C@@H](CCSC)C(=O)N[C@@H](CCCNC(=N)N)C(=O)N[C@@H](CCCCN)C(=O)N2)NC(=O)[C@H](CSSC[C@H](NC(=O)[C@H](Cc6c[nH]c7ccccc67)NC(=O)[C@H](CCCCN)NC(=O)[C@H](Cc8c[nH]cn8)NC(=O)[C@@H](NC(=O)[C@H](CCCNC(=N)N)NC(=O)[C@H](CO)NC3=O)[C@@H](C)O)C(=O)N[C@@H](CCCCN)C(=O)N[C@@H](Cc9ccc(O)cc9)C(=O)N[C@@H](Cc%10c[nH]c%11ccccc%10%11)C(=O)N[C@@H](Cc%12ccccc%12)C(=O)N)NC(=O)[C@H](CCCCN)NC(=O)[C@H](CC(=O)O)NC(=O)[C@H](CC(=O)N)NC(=O)[C@H](CC(=O)O)NC(=O)[C@@H]%13CCCN%13C1=O)C(C)C,6.3
122,CHEMBL3800566,CC[C@H](C)[C@@H]1NC(=O)[C@@H]2CSSC[C@@H]3NC(=O)[C@@H](NC(=O)[C@H](CC(C)C)NC(=O)[C@H](CC(=O)N)NC(=O)[C@@H]4CCCN4C(=O)[C@H](CCCNC(=N)N)NC(=O)[C@H](CSSC[C@H](NC(=O)[C@@H](N)CC(=O)O)C(=O)N[C@@H](CC(C)C)C(=O)N[C@@H](Cc5cccc6ccccc56)C(=O)N[C@@H](Cc7ccccc7)C(=O)N[C@@H](CCSC)C(=O)N[C@@H](CCCNC(=N)N)C(=O)N[C@@H](CCCCN)C(=O)N2)NC(=O)[C@H](CSSC[C@H](NC(=O)[C@H](Cc8c[nH]c9ccccc89)NC(=O)[C@H](CCCCN)NC(=O)[C@H](Cc%10c[nH]cn%10)NC(=O)[C@@H](NC(=O)[C@H](CCCNC(=N)N)NC(=O)[C@H](CO)NC3=O)[C@@H](C)O)C(=O)N[C@@H](CCCCN)C(=O)N[C@@H](Cc%11ccc(O)cc%11)C(=O)N[C@@H](C(C)C)C(=O)N[C@@H](Cc%12ccccc%12)C(=O)N)NC(=O)[C@H](CCCCN)NC(=O)[C@H](CC(=O)O)NC(=O)[C@H](CC(=O)N)NC(=O)[C@H](CC(=O)O)NC(=O)[C@@H]%13CCCN%13C1=O)C(C)C,6.3
123,CHEMBL1813048,CC(=O)Nc1cccc(Nc2ncnc(n2)N3CCC(CC3)OCc4ccc(OC(F)(F)F)cc4)c1C,6.4
124,CHEMBL3797735,CC[C@H](C)[C@@H]1NC(=O)[C@@H]2CSSC[C@@H]3NC(=O)[C@@H](NC(=O)[C@H](CC(C)C)NC(=O)[C@H](CC(=O)N)NC(=O)[C@@H]4CCCN4C(=O)[C@H](CCCNC(=N)N)NC(=O)[C@H](CSSC[C@H](NC(=O)[C@@H](N)CC(=O)O)C(=O)N[C@@H](CC(C)C)C(=O)NCC(=O)N[C@@H](Cc5ccccc5)C(=O)N[C@@H](CCSC)C(=O)N[C@@H](CCCNC(=N)N)C(=O)N[C@@H](CCCCN)C(=O)N2)NC(=O)[C@H](CSSC[C@H](NC(=O)[C@H](Cc6c[nH]c7ccccc67)NC(=O)[C@H](CCCCN)NC(=O)[C@H](Cc8cnc[nH]8)NC(=O)[C@@H](NC(=O)[C@H](CCCNC(=N)N)NC(=O)[C@H](CO)NC3=O)[C@@H](C)O)C(=O)N[C@@H](CCCCN)C(=O)N[C@@H](Cc9ccc(O)cc9)C(=O)N[C@@H](C(C)C)C(=O)N[C@@H](Cc%10ccccc%10)C(=O)N)NC(=O)[C@H](CCCCN)NC(=O)[C@H](CC(=O)O)NC(=O)[C@H](CC(=O)N)NC(=O)[C@H](Cc%11c[nH]c%12ccccc%11%12)NC(=O)[C@@H]%13CCCN%13C1=O)C(C)C,6.4
125,CHEMBL3799535,CC[C@H](C)[C@@H]1NC(=O)[C@@H]2CSSC[C@@H]3NC(=O)[C@@H](NC(=O)[C@H](CC(C)C)NC(=O)[C@H](Cc4cccc5ccccc45)NC(=O)[C@@H]6CCCN6C(=O)[C@H](CCCNC(=N)N)NC(=O)[C@H](CSSC[C@H](NC(=O)[C@@H](N)CC(=O)O)C(=O)N[C@@H](CC(C)C)C(=O)NCC(=O)N[C@@H](Cc7ccccc7)C(=O)N[C@@H](CCSC)C(=O)N[C@@H](CCCNC(=N)N)C(=O)N[C@@H](CCCCN)C(=O)N2)NC(=O)[C@H](CSSC[C@H](NC(=O)[C@H](Cc8c[nH]c9ccccc89)NC(=O)[C@H](CCCCN)NC(=O)[C@H](Cc%10c[nH]cn%10)NC(=O)[C@@H](NC(=O)[C@H](CCCNC(=N)N)NC(=O)[C@H](CO)NC3=O)[C@@H](C)O)C(=O)N[C@@H](CCCCN)C(=O)N[C@@H](Cc%11ccc(O)cc%11)C(=O)N[C@@H](C(C)C)C(=O)N[C@@H](Cc%12ccccc%12)C(=O)N)NC(=O)[C@H](CCCCN)NC(=O)[C@H](CC(=O)O)NC(=O)[C@H](CC(=O)N)NC(=O)[C@H](CC(=O)O)NC(=O)[C@@H]%13CCCN%13C1=O)C(C)C,6.4
126,CHEMBL289421,CN(C)C(=O)n1ccc(n1)c2ccc(Oc3ccc(F)cc3)cc2,6.47
127,CHEMBL3800248,CC[C@H](C)[C@@H]1NC(=O)[C@@H]2CSSC[C@@H]3NC(=O)[C@@H](NC(=O)[C@H](CC(C)C)NC(=O)[C@H](CC(=O)N)NC(=O)[C@@H]4CCCN4C(=O)[C@H](CCCNC(=N)N)NC(=O)[C@H](CSSC[C@H](NC(=O)[C@@H](N)CC(=O)O)C(=O)N[C@@H](CC(C)C)C(=O)N[C@@H](CCCCN)C(=O)N[C@@H](Cc5ccccc5)C(=O)N[C@@H](CCSC)C(=O)N[C@@H](CCCNC(=N)N)C(=O)N[C@@H](CCCCN)C(=O)N2)NC(=O)[C@H](CSSC[C@H](NC(=O)[C@H](Cc6c[nH]c7ccccc67)NC(=O)[C@H](CCCCN)NC(=O)[C@H](Cc8cnc[nH]8)NC(=O)[C@@H](NC(=O)[C@H](CCCNC(=N)N)NC(=O)[C@H](CO)NC3=O)[C@@H](C)O)C(=O)N[C@@H](CCCCN)C(=O)N[C@@H](Cc9ccc(O)cc9)C(=O)N[C@@H](C(C)C)C(=O)N[C@@H](Cc%10ccccc%10)C(=O)N)NC(=O)[C@H](CCCCN)NC(=O)[C@H](CC(=O)O)NC(=O)[C@H](CC(=O)N)NC(=O)[C@H](CC(=O)O)NC(=O)[C@@H]%11CCCN%11C1=O)C(C)C,6.54
128,CHEMBL41864,O(c1ccccc1)c2ccc(cc2)c3cc[nH]n3,6.62
129,CHEMBL3800494,CC[C@H](C)[C@@H]1NC(=O)[C@@H]2CSSC[C@@H]3NC(=O)[C@@H](NC(=O)[C@H](CC(C)C)NC(=O)[C@H](CC(=O)N)NC(=O)[C@H](CCCCN)NC(=O)[C@H](CCCNC(=N)N)NC(=O)[C@H](CSSC[C@H](NC(=O)[C@@H](N)CC(=O)O)C(=O)N[C@@H](CC(C)C)C(=O)NCC(=O)N[C@@H](Cc4ccccc4)C(=O)N[C@@H](CCSC)C(=O)N[C@@H](CCCNC(=N)N)C(=O)N[C@@H](CCCCN)C(=O)N2)NC(=O)[C@H](CSSC[C@H](NC(=O)[C@H](Cc5c[nH]c6ccccc56)NC(=O)[C@H](CCCCN)NC(=O)[C@H](Cc7cnc[nH]7)NC(=O)[C@@H](NC(=O)[C@H](CCCNC(=N)N)NC(=O)[C@H](CO)NC3=O)[C@@H](C)O)C(=O)N[C@@H](CCCCN)C(=O)N[C@@H](Cc8ccc(O)cc8)C(=O)N[C@@H](C(C)C)C(=O)N[C@@H](Cc9ccccc9)C(=O)N)NC(=O)[C@H](CCCCN)NC(=O)[C@H](CC(=O)O)NC(=O)[C@H](CC(=O)N)NC(=O)[C@H](CC(=O)O)NC(=O)[C@@H]%10CCCN%10C1=O)C(C)C,6.68
130,CHEMBL3798824,CC[C@H](C)[C@@H]1NC(=O)[C@@H]2CSSC[C@@H]3NC(=O)[C@@H](NC(=O)[C@H](CC(C)C)NC(=O)[C@H](CC(=O)N)NC(=O)[C@@H]4CCCN4C(=O)[C@H](CCCNC(=N)N)NC(=O)[C@H](CSSC[C@H](NC(=O)[C@@H](N)CC(=O)O)C(=O)N[C@@H](CC(C)C)C(=O)NCC(=O)N[C@@H](Cc5ccccc5)C(=O)N[C@@H](CCSC)C(=O)N[C@@H](CCCNC(=N)N)C(=O)N[C@@H](CCCCN)C(=O)N2)NC(=O)[C@H](CSSC[C@H](NC(=O)[C@H](Cc6c[nH]c7ccccc67)NC(=O)[C@H](CCCCN)NC(=O)[C@H](Cc8cnc[nH]8)NC(=O)[C@@H](NC(=O)[C@H](CCCNC(=N)N)NC(=O)[C@H](CO)NC3=O)[C@@H](C)O)C(=O)N[C@@H](CCCCN)C(=O)N[C@@H](Cc9cccc%10ccccc9%10)C(=O)N[C@@H](C(C)C)C(=O)N[C@@H](Cc%11ccccc%11)C(=O)N)NC(=O)[C@H](CCCCN)NC(=O)[C@H](CC(=O)O)NC(=O)[C@H](CC(=O)N)NC(=O)[C@H](CC(=O)O)NC(=O)[C@@H]%12CCCN%12C1=O)C(C)C,6.7
131,CHEMBL3797461,CC[C@H](C)[C@@H]1NC(=O)[C@@H]2CSSC[C@@H]3NC(=O)[C@@H](NC(=O)[C@H](CC(C)C)NC(=O)[C@H](CC(=O)N)NC(=O)[C@@H]4CCCN4C(=O)[C@H](CCCNC(=N)N)NC(=O)[C@H](CSSC[C@H](NC(=O)[C@@H](N)CC(=O)O)C(=O)N[C@@H](CC(C)C)C(=O)NCC(=O)N[C@@H](Cc5ccccc5)C(=O)N[C@@H](Cc6cc7ccccc7[nH]6)C(=O)N[C@@H](CCCNC(=N)N)C(=O)N[C@@H](CCCCN)C(=O)N2)NC(=O)[C@H](CSSC[C@H](NC(=O)[C@H](Cc8c[nH]c9ccccc89)NC(=O)[C@H](CCCCN)NC(=O)[C@H](Cc%10cnc[nH]%10)NC(=O)[C@@H](NC(=O)[C@H](CCCNC(=N)N)NC(=O)[C@H](CO)NC3=O)[C@@H](C)O)C(=O)N[C@@H](CCCCN)C(=O)N[C@@H](Cc%11ccc(O)cc%11)C(=O)N[C@@H](C(C)C)C(=O)N[C@@H](Cc%12ccccc%12)C(=O)N)NC(=O)[C@H](CCCCN)NC(=O)[C@H](CC(=O)O)NC(=O)[C@H](CC(=O)N)NC(=O)[C@H](CC(=O)O)NC(=O)[C@@H]%13CCCN%13C1=O)C(C)C,6.7
132,CHEMBL38031,Fc1ccc(Oc2ccc(cc2)c3cc[nH]n3)cc1,6.7
133,CHEMBL287833,NC(=O)N\N=C\c1ccc(Oc2ccc(F)cc2)cc1,6.75
134,CHEMBL3799550,CC[C@H](C)[C@@H]1NC(=O)[C@@H]2CSSC[C@@H]3NC(=O)[C@@H](NC(=O)[C@H](CC(C)C)NC(=O)[C@H](CC(=O)N)NC(=O)[C@@H]4CCCN4C(=O)[C@H](CCCNC(=N)N)NC(=O)[C@H](CSSC[C@H](NC(=O)[C@@H](N)CC(=O)O)C(=O)N[C@@H](CC(C)C)C(=O)N[C@@H](CCCNC(=N)N)C(=O)N[C@@H](Cc5ccccc5)C(=O)N[C@@H](CCSC)C(=O)N[C@@H](CCCNC(=N)N)C(=O)N[C@@H](CCCCN)C(=O)N2)NC(=O)[C@H](CSSC[C@H](NC(=O)[C@H](Cc6c[nH]c7ccccc67)NC(=O)[C@H](CCCCN)NC(=O)[C@H](Cc8cnc[nH]8)NC(=O)[C@@H](NC(=O)[C@H](CCCNC(=N)N)NC(=O)[C@H](CO)NC3=O)[C@@H](C)O)C(=O)N[C@@H](CCCCN)C(=O)N[C@@H](Cc9ccc(O)cc9)C(=O)N[C@@H](C(C)C)C(=O)N[C@@H](Cc%10ccccc%10)C(=O)N)NC(=O)[C@H](CCCCN)NC(=O)[C@H](CC(=O)O)NC(=O)[C@H](CC(=O)N)NC(=O)[C@H](CC(=O)O)NC(=O)[C@@H]%11CCCN%11C1=O)C(C)C,6.8
135,CHEMBL38488,CNC(=O)n1ccc(n1)c2ccc(Oc3ccc(F)cc3)cc2,6.82
136,CHEMBL37263,NC(=O)n1ccc(n1)c2ccc(Oc3ccccc3)cc2,7.46
137,CHEMBL289425,NC(=O)n1ccc(n1)c2ccc(Oc3ccc(F)cc3)cc2,7.51
138,CHEMBL37316,NC(=O)n1ccc(n1)c2ccc(Oc3ccc(cc3)[N+](=O)[O-])cc2,7.51
139,CHEMBL38401,NC(=O)n1ccc(n1)c2ccc(Oc3ccc(F)cc3F)cc2,7.6
140,CHEMBL3617050,OC[C@H]1CON2[C@H]1C[C@]3(CN4C(=N)N[C@H]([C@@H]5N(COC(=O)NO)C(=N)N[C@]45C3(O)O)C2=O)OS(=O)(=O)O,10.21
