,molecule_chembl_id,canonical_smiles,pchembl_value
0,benzocaine,CCOC(=O)C1=CC=C(N)C=C1,
1,indecainide,CC(C)NCCCC1(C(N)=O)C2=CC=CC=C2C2=C1C=CC=C2,
2,fosphenytoin,OP(O)(=O)OCN1C(=O)NC(C1=O)(C1=CC=CC=C1)C1=CC=CC=C1,
3,cinchocaine,CCCCOC1=NC2=CC=CC=C2C(=C1)C(=O)NCCN(CC)CC,
4,lidocaine,CCN(CC)CC(=O)NC1=C(C)C=CC=C1C,4.80000019
5,ethotoin,CCN1C(=O)NC(C1=O)C1=CC=CC=C1,
6,phenazopyridine,NC1=NC(N)=C(C=C1)\N=N\C1=CC=CC=C1,
7,mephenytoin,CCC1(NC(=O)N(C)C1=O)C1=CC=CC=C1,
8,rufinamide,NC(=O)C1=CN(CC2=C(F)C=CC=C2F)N=N1,
9,lamotrigine,NC1=NN=C(C(N)=N1)C1=C(Cl)C(Cl)=CC=C1,4.21
10,tetracaine,CCCCNC1=CC=C(C=C1)C(=O)OCCN(C)C,6.28
11,topiramate,[H][C@@]12CO[C@@]3(COS(N)(=O)=O)OC(C)(C)O[C@@]3([H])[C@]1([H])OC(C)(C)O2,
12,ropivacaine,CCCN1CCCC[C@H]1C(=O)NC1=C(C)C=CC=C1C,
13,riluzole,NC1=NC2=C(S1)C=C(OC(F)(F)F)C=C2,
14,phenytoin,O=C1NC(=O)C(N1)(C1=CC=CC=C1)C1=CC=CC=C1,
15,oxcarbazepine,NC(=O)N1C2=CC=CC=C2C(=O)CC2=C1C=CC=C2,
16,orphenadrine,CN(C)CCOC(C1=CC=CC=C1)C1=C(C)C=CC=C1,4.8861
17,moracizine,CCOC(=O)NC1=CC=C2SC3=CC=CC=C3N(C(=O)CCN3CCOCC3)C2=C1,
18,mexiletine,CC(N)COC1=C(C)C=CC=C1C,4.53
19,mepivacaine,[H]C1(CCCCN1C)C(=O)NC1=C(C)C=CC=C1C,
20,etidocaine,CCCN(CC)C(CC)C(=O)NC1=C(C)C=CC=C1C,
21,disopyramide,CC(C)N(CCC(C(N)=O)(C1=CC=CC=C1)C1=CC=CC=N1)C(C)C,
22,carbamazepine,NC(=O)N1C2=CC=CC=C2C=CC2=C1C=CC=C2,
23,quinidine,[H][C@@]1(C[C@@H]2CC[N@]1C[C@@H]2C=C)[C@@H](O)C1=CC=NC2=CC=C(OC)C=C12,5.16
24,propafenone,CCCNCC(O)COc1ccccc1C(=O)CCc2ccccc2,5.48
25,flecainide,FC(F)(F)COc1ccc(OCC(F)(F)F)c(c1)C(=O)NCC2CCCCN2,5.19
26,ranolazine,COC1=C(OCC(O)CN2CCN(CC(=O)NC3=C(C)C=CC=C3C)CC2)C=CC=C1,
27,eslicarbazepine acetate,CC(=O)O[C@H]1CC2=C(C=CC=C2)N(C(N)=O)C2=CC=CC=C12,
28,procainamide,CCN(CC)CCNC(=O)C1=CC=C(N)C=C1,
29,tocainide,CC(N)C(=O)NC1=C(C)C=CC=C1C,
30,CHEMBL2069414,CC(O)c1ccc(cn1)c2cccc3OC[C@H](Cc23)NC(=O)c4ccc(OCCOCC(F)(F)F)nc4,5.0
31,CHEMBL1080975,CC1(CCCN(C1)C(=O)NCc2ccc(cc2)c3cccc(Cl)c3)c4ccccc4,5.0
32,CHEMBL3800248,CC[C@H](C)[C@@H]1NC(=O)[C@@H]2CSSC[C@@H]3NC(=O)[C@@H](NC(=O)[C@H](CC(C)C)NC(=O)[C@H](CC(=O)N)NC(=O)[C@@H]4CCCN4C(=O)[C@H](CCCNC(=N)N)NC(=O)[C@H](CSSC[C@H](NC(=O)[C@@H](N)CC(=O)O)C(=O)N[C@@H](CC(C)C)C(=O)N[C@@H](CCCCN)C(=O)N[C@@H](Cc5ccccc5)C(=O)N[C@@H](CCSC)C(=O)N[C@@H](CCCNC(=N)N)C(=O)N[C@@H](CCCCN)C(=O)N2)NC(=O)[C@H](CSSC[C@H](NC(=O)[C@H](Cc6c[nH]c7ccccc67)NC(=O)[C@H](CCCCN)NC(=O)[C@H](Cc8cnc[nH]8)NC(=O)[C@@H](NC(=O)[C@H](CCCNC(=N)N)NC(=O)[C@H](CO)NC3=O)[C@@H](C)O)C(=O)N[C@@H](CCCCN)C(=O)N[C@@H](Cc9ccc(O)cc9)C(=O)N[C@@H](C(C)C)C(=O)N[C@@H](Cc%10ccccc%10)C(=O)N)NC(=O)[C@H](CCCCN)NC(=O)[C@H](CC(=O)O)NC(=O)[C@H](CC(=O)N)NC(=O)[C@H](CC(=O)O)NC(=O)[C@@H]%11CCCN%11C1=O)C(C)C,5.0
33,CHEMBL3634335,COc1cccc(OCC(O)CN2CCC(CC2)N3Cc4ccccc4C3=O)c1,5.0
34,CHEMBL2147317,COc1cnc(cn1)c2cccc(F)c2C(F)(F)CNC(=O)c3ccc(COCC(F)(F)F)nc3,5.0
35,CHEMBL2069423,COc1ncc(cn1)c2cccc3OC[C@H](Cc23)NC(=O)c4ccc(COCC(F)(F)F)nc4,5.0
36,CHEMBL3682646,Fc1cc(Cl)ccc1c2cccc3cc(ccc23)S(=O)(=O)Nc4ncns4,5.0
37,CHEMBL552402,O=C(NC1CC1c2ccccc2)N3CCC(CC3)c4oc5ccccc5n4,5.0
38,CHEMBL2164358,FC(F)(F)Oc1ccc(CNC(=O)C2N(CCOc3ccccn3)C(=O)c4ccccc24)cc1,5.01
39,CHEMBL3682644,Cc1cc(Cl)ccc1c2cccc3cc(ccc23)S(=O)(=O)Nc4ncns4,5.02
40,CHEMBL2443278,C(C[C@]1(CCOC2(CCCC2)C1)c3ccccn3)NCc4cccs4,5.05
41,CHEMBL432963,CCCC\N=C(\N)/NC(=O)c1ccc(C)cc1,5.05
42,CHEMBL481008,CCOc1cc2ncc(C(=O)N)c(Nc3cccc(Cl)c3Cl)c2cc1N4CCN(C)CC4,5.05
43,CHEMBL3589894,CNC(=O)c1ccc(c(N)n1)c2cc(Cl)cc(Cl)c2Cl,5.05
44,CHEMBL322055,C\N=C(/NCCCCc1ccccc1)\NC(=O)c2ccc(C)cc2,5.05
45,CHEMBL108627,Cc1ccc(cc1)C(=O)NC(=N)NCc2cccc3ccccc23,5.05
46,CHEMBL2164392,FC(F)(F)COc1ccc(CNC(=O)C2N(CCc3ccccn3)C(=O)c4ccccc24)cc1,5.05
47,CHEMBL3810266,FC(F)(F)Oc1ccc(cc1)c2ccc3nncn3c2,5.05
48,CHEMBL2164384,Brc1ccc(CNC(=O)C2N(CCc3ccccn3)C(=O)c4ccccc24)cc1,5.06
49,CHEMBL1797391,CC(C)Oc1ccc(COC(=O)Nc2c(C)onc2c3c(Cl)cccc3Cl)cn1,5.06
50,CHEMBL1797388,Cc1onc(c1NC(=O)OCc2ccccc2Cl)c3c(Cl)cccc3Cl,5.06
51,CHEMBL2164040,COc1cccc2C(N(CCc3ccccn3)C(=O)c12)C(=O)NCc4ccc(OC(F)(F)F)cc4,5.07
52,CHEMBL320332,Cc1ccc(cc1)C(=O)NC(=N)NCCc2ccc(Cl)cc2,5.07
53,CHEMBL1797400,Cc1onc(c1NC(=O)NCc2c(F)cccc2Cl)c3c(Cl)cccc3Cl,5.07
54,CHEMBL3704417,Cn1nccc1c2cc(ccc2c3c[nH]c4nc(ccc34)S(=O)(=O)Nc5ncns5)C(F)(F)F,5.07
55,CHEMBL2147304,COc1ncc(cn1)c2cccc(OC(F)F)c2CCNC(=O)c3ccc(OCCC(F)(F)F)nc3,5.1
56,CHEMBL431643,Clc1ccc(Cl)c(c1)C(=O)NC(=N)NCCCCc2ccccc2,5.1
57,CHEMBL2164357,FC(F)(F)Oc1ccc(CNC(=O)C2N(CCCc3ccccn3)C(=O)c4ccccc24)cc1,5.1
58,CHEMBL3808631,Fc1ccc(cc1)c2ccc3nnc(n3c2)C(F)(F)F,5.1
59,CHEMBL109127,N=C(NCCCCc1ccccc1)NC(=O)c2occc2,5.1
60,CHEMBL2069413,OCc1ccc(cn1)c2cccc3OC[C@H](Cc23)NC(=O)c4ccc(OCCOCC(F)(F)F)nc4,5.1
61,CHEMBL3800588,CC[C@H](C)[C@@H]1NC(=O)[C@@H]2CSSC[C@@H]3NC(=O)[C@@H](NC(=O)[C@H](CC(C)C)NC(=O)[C@H](CC(=O)N)NC(=O)[C@@H]4CCCN4C(=O)[C@H](CCCNC(=N)N)NC(=O)[C@H](CSSC[C@H](NC(=O)[C@@H](N)CC(=O)O)C(=O)N[C@@H](CC(C)C)C(=O)NCC(=O)N[C@@H](Cc5ccccc5)C(=O)N[C@@H](CCSC)C(=O)N[C@@H](CCCNC(=N)N)C(=O)N[C@@H](CCCCN)C(=O)N2)NC(=O)[C@H](CSSC[C@H](NC(=O)[C@H](Cc6c[nH]c7ccccc67)NC(=O)[C@H](CCCCN)NC(=O)[C@H](Cc8c[nH]cn8)NC(=O)[C@@H](NC(=O)[C@H](CCCNC(=N)N)NC(=O)[C@H](CO)NC3=O)[C@@H](C)O)C(=O)N[C@@H](CCCCN)C(=O)N[C@@H](Cc9ccc(O)cc9)C(=O)N[C@@H](C(C)C)C(=O)N[C@@H](Cc%10ccccc%10)C(=O)N)NC(=O)[C@H](CCCCN)NC(=O)[C@H](CC(=O)O)NC(=O)[C@H](Cc%11cccc%12ccccc%11%12)NC(=O)[C@H](CC(=O)O)NC(=O)[C@@H]%13CCCN%13C1=O)C(C)C,5.11
62,CHEMBL3657921,CN(C)S(=O)(=O)NC(=O)c1cc(Cl)c(OC2CC3CC2C4CCCC34)cc1F,5.11
63,CHEMBL1797399,Cc1onc(c1NC(=O)OCc2c(F)cccc2Cl)c3c(C)cccc3C,5.11
64,CHEMBL1200606,Cl.CC(N)COc1c(C)cccc1C,5.11
65,CHEMBL3682650,FC(F)(F)c1cc(Cl)ccc1c2cccc3cc(ccc23)S(=O)(=O)Nc4ncns4,5.11
66,CHEMBL3809933,CN(C)c1nnc2ccc(cn12)c3ccc(OC(F)(F)F)cc3,5.12
67,CHEMBL3704422,Cn1cc(c2ccc(F)c(c2)C#N)c3ccc(cc13)S(=O)(=O)Nc4ncns4,5.12
68,CHEMBL1958461,CCCCCCC[C@](O)(C(=O)N)c1cccc(Cl)c1,5.13
69,CHEMBL3687547,COc1cc(C(F)F)c(Cl)cc1c2ncnc3cc(ccc23)S(=O)(=O)Nc4nccs4,5.13
70,CHEMBL250699,COc1cc(NC(=O)c2oc(cc2)c3ccc(Cl)cc3)cc(OC)c1,5.13
71,CHEMBL3662094,O=C(NS(=O)(=O)N1CCC1)c2cnc(OCC34CC5CC(CC(C5)C3)C4)c(c2)C6CC6,5.13
72,CHEMBL1797395,CCc1onc(c1NC(=O)OCc2c(F)cccc2Cl)c3c(Cl)cccc3Cl,5.14
73,CHEMBL3617065,CNS(=O)(=O)NC(=O)c1cc(Cl)c(Oc2cnc(OCC(C)C)c(Cl)c2)cc1F,5.14
74,CHEMBL3683232,Cn1nccc1c2cc(ccc2c3cccc4CN(CCc34)S(=O)(=O)Nc5ncccn5)C(F)(F)F,5.14
75,CHEMBL3634337,OC(COc1ccccc1C(F)(F)F)CN2CCC(CC2)N3Cc4ccccc4C3=O,5.15
76,CHEMBL2409409,COc1cc2nnc(C(=O)N)c(Nc3ccc(C)cc3F)c2cc1C4CCN(CC4)C(C)C,5.16
77,CHEMBL1294,COc1ccc2nccc([C@H](O)[C@H]3C[C@@H]4CCN3C[C@@H]4C=C)c2c1,5.16
78,CHEMBL3634322,OC(COc1ccccc1C(=O)c2ccccc2)CN3CCC(CC3)c4cccc5NC(=O)COc45,5.16
79,CHEMBL1813042,CC(=O)Nc1cccc(Nc2ncnc(n2)N3CCC(CC3)OCc4ccc(cc4)C(F)(F)F)c1C,5.17
80,CHEMBL3677858,CCOc1cc(ccc1c2cccc3cc(ccc23)S(=O)(=O)Nc4ncns4)C(F)(F)F,5.18
81,CHEMBL3687747,COc1cc(c(Cl)cc1c2ncnc3cc(ccc23)S(=O)(=O)Nc4ccncn4)c5cccc(F)c5,5.18
82,CHEMBL3683250,Fc1cnc(NS(=O)(=O)N2CCc3c(C2)cccc3c4ccc(cc4C5=CCNCC5)C(F)(F)F)s1,5.18
83,CHEMBL2147224,COc1cccc(c1CCNC(=O)c2ccc(OCCC(F)(F)F)nc2)c3cnc(OC)nc3,5.2
84,CHEMBL2147211,COc1cnc(cn1)c2ccccc2CCNC(=O)c3ccc(OCCC(F)(F)F)nc3,5.2
85,CHEMBL2147221,COc1ncc(cn1)c2cccc(C)c2CCNC(=O)c3ccc(OCCC(F)(F)F)nc3,5.2
86,CHEMBL2069421,COc1ncc(cn1)c2cccc3OC[C@H](Cc23)NC(=O)c4ccc(OCC(F)(F)F)nc4,5.2
87,CHEMBL2147219,Cc1ncc(cn1)c2ccccc2CCNC(=O)c3ccc(nc3)C(=O)NCCCC(F)(F)F,5.2
88,CHEMBL2147213,FC(F)(F)CCOc1ccc(cn1)C(=O)NCCc2ccccc2c3cccnc3,5.2
89,CHEMBL2147212,FC(F)Oc1cnc(cn1)c2ccccc2CCNC(=O)c3ccc(OCCC(F)(F)F)nc3,5.2
90,CHEMBL2069412,OCc1cc(ccn1)c2cccc3OC[C@H](Cc23)NC(=O)c4ccc(OCC(F)(F)F)nc4,5.2
91,CHEMBL2069411,OCc1ccc(cn1)c2cccc3OC[C@H](Cc23)NC(=O)c4ccc(OCC(F)(F)F)nc4,5.2
92,CHEMBL3632695,COc1cc(ccc1COCC(O)CN2CCC(CC2)N3Cc4ccccc4C3=O)C(F)(F)F.OC(=O)\C=C\C(=O)O,5.22
93,CHEMBL1683036,COc1cc2nnc(C(=O)N)c(Nc3ccc(C)cc3F)c2cc1N4CCN(C)CC4,5.22
94,CHEMBL2164046,FC(F)(F)Oc1ccc(CNC(=O)C2N(CCc3ccncc3)C(=O)c4ccccc24)cc1,5.22
95,CHEMBL2163357,FC(F)(F)Oc1ccc(CNC(=O)C2N([C@@H]3CC[C@H](CC3)C#N)C(=O)c4ccccc24)cc1,5.22
96,CHEMBL1797402,CN(C(=O)NCc1ccc(OC2CCOCC2)nc1)c3c(C)onc3c4c(Cl)cccc4Cl,5.23
97,CHEMBL3682645,Clc1ccc(cc1)c2cccc3cc(ccc23)S(=O)(=O)Nc4ncns4,5.23
98,CHEMBL3325532,Fc1ccc(cc1)[C@@H]2CNCC[C@H]2COc3cc(F)c(cc3F)S(=O)(=O)Nc4ncns4,5.23
99,CHEMBL106351,CC(C)Oc1ccc(NC(=N)NC(=O)c2ccc(C)cc2)cc1,5.24
100,CHEMBL1958460,CCCCCCCC(O)(C(=O)N)c1cccc(Cl)c1,5.24
101,CHEMBL511058,COc1ccccc1SC[C@@H](C)CN[C@@H]2COc3ccccc3SC2,5.24
102,CHEMBL3682657,Cn1nccc1c2cc(ccc2c3cccc4cc(ccc34)S(=O)(=O)Nc5nccs5)C(F)(F)F,5.24
103,CHEMBL3683247,CC(C)(C)OC(=O)N1CCC(=CC1)c2cc(ccc2c3cccc4CN(CCc34)S(=O)(=O)Nc5ncns5)C(F)(F)F,5.25
104,CHEMBL3632693,COc1cc(ccc1OCC(O)CN2CCC(CC2)N3Cc4ccccc4C3=O)C(F)(F)F,5.25
105,CHEMBL108782,Cc1ccc(cc1)C(=O)NC(=N)NCCCOc2ccccc2,5.25
106,CHEMBL107354,Cc1ccc(cc1)C(=O)NC(=N)NCCc2ccccc2,5.25
107,CHEMBL3128194,Nc1nc2[C@@H](CCc2s1)C(=O)Nc3ccc(C[C@@H]4CC[C@@H](N4)[C@H](O)c5ccccc5)cc3,5.25
108,CHEMBL1797387,Cc1onc(c1NC(=O)OCc2c(F)cccc2Cl)c3c(Cl)cccc3Cl,5.26
109,CHEMBL1813015,CC(=O)Nc1cccc(Nc2ncnc(n2)N3CCc4ccccc4C3)c1,5.27
110,CHEMBL110352,Clc1cccc(Cl)c1C(=O)NC(=N)NCCCCc2ccccc2,5.27
111,CHEMBL1813048,CC(=O)Nc1cccc(Nc2ncnc(n2)N3CCC(CC3)OCc4ccc(OC(F)(F)F)cc4)c1C,5.28
112,CHEMBL3657950,CS(=O)(=O)NC(=O)c1cc(C2CC2)c(OCC3CCC(F)(F)CC3)cc1F,5.28
113,CHEMBL105997,Cc1ccc(cc1)C(=O)NC(=N)NCCCc2ccccc2,5.28
114,CHEMBL3325526,Fc1cc(c(F)cc1OC[C@H]2CNCC[C@@H]2c3ccc(Cl)cc3)S(=O)(=O)Nc4ncns4,5.28
115,CHEMBL3634326,OC(COc1ccccc1C(=O)c2ccccc2)CN3CCC(CC3)N4C(=O)COc5ccccc45,5.28
116,CHEMBL3799617,Fc1ccc2c(c1)c(OCCN3C=CNC3=O)nn2c4ccccc4F,5.29
117,CHEMBL3798258,CC(C)(C)OC(=O)N1CCN(C1=O)c2cccc3c2cnn3c4ccccc4F,5.3
118,CHEMBL3798549,CC[C@H](C)[C@@H]1NC(=O)[C@@H]2CSSC[C@@H]3NC(=O)[C@@H](NC(=O)[C@H](CC(C)C)NC(=O)[C@H](CC(=O)N)NC(=O)[C@@H]4CCCN4C(=O)[C@H](CCCNC(=N)N)NC(=O)[C@H](CSSC[C@H](N)C(=O)N[C@@H](CC(C)C)C(=O)NCC(=O)N[C@@H](Cc5ccccc5)C(=O)N[C@@H](CCSC)C(=O)N[C@@H](CCCNC(=N)N)C(=O)N[C@@H](CCCCN)C(=O)N2)NC(=O)[C@H](CSSC[C@H](NC(=O)[C@H](Cc6c[nH]c7ccccc67)NC(=O)[C@H](CCCCN)NC(=O)[C@H](Cc8cnc[nH]8)NC(=O)[C@@H](NC(=O)[C@H](CCCNC(=N)N)NC(=O)[C@H](CO)NC3=O)[C@@H](C)O)C(=O)N[C@@H](CCCCN)C(=O)N[C@@H](Cc9ccc(O)cc9)C(=O)N[C@@H](C(C)C)C(=O)N[C@@H](Cc%10ccccc%10)C(=O)N)NC(=O)[C@H](CCCCN)NC(=O)[C@H](CC(=O)O)NC(=O)[C@H](CC(=O)N)NC(=O)[C@H](CC(=O)O)NC(=O)[C@@H]%11CCCN%11C1=O)C(C)C,5.3
119,CHEMBL2069401,CN1CCN(CC1)c2cccc3OC[C@H](Cc23)NC(=O)c4ccc(OCC(F)(F)F)nc4,5.3
120,CHEMBL2069402,CN1CCN(CC1)c2cccc3OC[C@H](Cc23)NC(=O)c4ccc(OCCC(F)(F)F)nc4,5.3
121,CHEMBL2069403,CN1CCN(CC1)c2cccc3OC[C@H](Cc23)NC(=O)c4nn(nc4C)c5ccccc5,5.3
122,CHEMBL2147223,COc1ncc(cn1)c2cccc(Cl)c2CCNC(=O)c3ccc(OCCC(F)(F)F)nc3,5.3
123,CHEMBL3682622,Cc1cc(ccc1c2cccc3cc(ccc23)S(=O)(=O)Nc4ncns4)C(F)(F)F,5.3
124,CHEMBL2069415,Cc1cc(cnc1CO)c2cccc3OC[C@H](Cc23)NC(=O)c4ccc(OCCOCC(F)(F)F)nc4,5.3
125,CHEMBL3808581,Cc1cnn2ccc(nc12)c3ccc(OC(F)(F)F)cc3,5.3
126,CHEMBL2069424,Cc1ncc(cn1)c2cccc3OC[C@H](Cc23)NC(=O)c4ccc(OCC(F)(F)F)nc4,5.3
127,CHEMBL2147214,Cc1ncc(cn1)c2ccccc2CCNC(=O)c3ccc(OCCC(F)(F)F)nc3,5.3
128,CHEMBL3634330,OC(COc1ccccc1C(=O)c2ccccc2)CN3CCC(CC3)NC(=O)c4ccccc4,5.31
129,CHEMBL1958462,CCCCCCC[C@@](O)(C(=O)N)c1cccc(Cl)c1,5.32
130,CHEMBL3341980,COc1cc(c(Cl)cc1c2ncnc3cc(ccc23)S(=O)(=O)Nc4ncns4)c5cccc(F)c5,5.32
131,CHEMBL1797409,CC(C)Oc1ccc(CNC(=O)Cc2c(C)onc2c3c(Cl)cccc3Cl)cn1,5.33
132,CHEMBL2443262,COc1ccsc1CNCC[C@]2(CCOC3(CCCC3)C2)c4ccccn4,5.33
133,CHEMBL2164369,Cc1cccc2C(=O)N(CCc3ccccn3)C(C(=O)NCc4ccc(OC(F)(F)F)cc4)c12,5.33
134,CHEMBL1270208,FC(F)(F)COc1ncccc1CNC(=O)c2cncc(c2)c3ccc(Cl)cc3,5.33
135,CHEMBL521211,Clc1ccc(cc1)c2oc(cc2)C(=O)N3CCNCC3,5.34
136,CHEMBL2164374,CC(C)(C)OC(=O)N1CCC(CC1)N2C(C(=O)NCc3ccc(OC(F)(F)F)cc3)c4ccccc4C2=O,5.35
137,CHEMBL105929,CC(C)c1ccccc1\N=C(\N)/NC(=O)c2ccc(C)cc2,5.35
138,CHEMBL3799550,CC[C@H](C)[C@@H]1NC(=O)[C@@H]2CSSC[C@@H]3NC(=O)[C@@H](NC(=O)[C@H](CC(C)C)NC(=O)[C@H](CC(=O)N)NC(=O)[C@@H]4CCCN4C(=O)[C@H](CCCNC(=N)N)NC(=O)[C@H](CSSC[C@H](NC(=O)[C@@H](N)CC(=O)O)C(=O)N[C@@H](CC(C)C)C(=O)N[C@@H](CCCNC(=N)N)C(=O)N[C@@H](Cc5ccccc5)C(=O)N[C@@H](CCSC)C(=O)N[C@@H](CCCNC(=N)N)C(=O)N[C@@H](CCCCN)C(=O)N2)NC(=O)[C@H](CSSC[C@H](NC(=O)[C@H](Cc6c[nH]c7ccccc67)NC(=O)[C@H](CCCCN)NC(=O)[C@H](Cc8cnc[nH]8)NC(=O)[C@@H](NC(=O)[C@H](CCCNC(=N)N)NC(=O)[C@H](CO)NC3=O)[C@@H](C)O)C(=O)N[C@@H](CCCCN)C(=O)N[C@@H](Cc9ccc(O)cc9)C(=O)N[C@@H](C(C)C)C(=O)N[C@@H](Cc%10ccccc%10)C(=O)N)NC(=O)[C@H](CCCCN)NC(=O)[C@H](CC(=O)O)NC(=O)[C@H](CC(=O)N)NC(=O)[C@H](CC(=O)O)NC(=O)[C@@H]%11CCCN%11C1=O)C(C)C,5.35
139,CHEMBL2164375,CC(C)(C)OC(=O)N1CC(C1)N2C(C(=O)NCc3ccc(OC(F)(F)F)cc3)c4ccccc4C2=O,5.36
140,CHEMBL2164391,FC(F)(F)Cc1ccc(CNC(=O)C2N(CCc3ccccn3)C(=O)c4ccccc24)cc1,5.36
141,CHEMBL3798039,F[C@H]1CCN(C1)C(=O)CN2CCN(CC2=O)c3cccc4c3cnn4c5ccccc5F,5.36
142,CHEMBL3632691,OC(COc1cccc(c1)C(F)(F)F)CN2CCC(CC2)N3Cc4ccccc4C3=O,5.36
143,CHEMBL2164359,FC(F)(F)Oc1ccc(CNC(=O)C2N(Cc3ccc(cn3)C(F)(F)F)C(=O)c4ccccc24)cc1,5.37
144,CHEMBL3683211,FC(F)(F)c1ccc(c2cccc3CN(CCc23)S(=O)(=O)Nc4ncns4)c(c1)c5cccnc5,5.39
145,CHEMBL110572,N=C(NCCCCc1ccccc1)NC(=O)c2cccc3ccccc23,5.39
146,CHEMBL387671,C(Cc1cccc2ccccc12)O[C@@H]3CCCC[C@H]3N4CCOCC4,5.4
147,CHEMBL2164360,CC(Cc1ccccn1)N2C(C(=O)NCc3ccc(OC(F)(F)F)cc3)c4ccccc4C2=O,5.4
148,CHEMBL3809561,CCc1noc(CN2N=C3C=CC(=CN3C2=O)c4ccc(OC(F)(F)F)cc4)n1,5.4
149,CHEMBL2409397,COc1cc2nnc(C(=O)N)c(Nc3ccc(C)cc3F)c2cc1N4CCN(CC4)C(C)C,5.4
150,CHEMBL2069410,COc1ncc(cc1F)c2cccc3OC[C@H](Cc23)NC(=O)c4ccc(OCC(F)(F)F)nc4,5.4
151,CHEMBL2069422,COc1ncc(cn1)c2cccc3OC[C@H](Cc23)NC(=O)c4ccc(OCCC(F)(F)F)nc4,5.4
152,CHEMBL2069420,FC(F)(F)CCOc1ccc(cn1)C(=O)N[C@@H]2COc3cccc(c3C2)c4cncnc4,5.4
153,CHEMBL2069407,FC(F)(F)Oc1ccc(cc1)C(=O)N[C@@H]2COc3cccc(c3C2)c4ccncc4,5.4
154,CHEMBL320314,COc1cccc2[nH]cc(CC\N=C(\N)/NC(=O)c3ccc(C)cc3)c12,5.41
155,CHEMBL2164393,CC(NC(=O)C1N(CCc2ccccn2)C(=O)c3ccccc13)c4ccc(OCC(F)(F)F)cc4,5.43
156,CHEMBL3657882,CN(C)S(=O)(=O)NC(=O)c1cc(Cl)c(OCC23CC4CC(C2)C(F)(F)C(C4)C3)cc1F,5.43
157,CHEMBL3634332,OC(COc1cccc(c1)C(=O)c2ccccc2)CN3CCC(CC3)N4Cc5ccccc5C4=O,5.43
158,CHEMBL3800184,CC[C@H](C)[C@@H]1NC(=O)[C@@H]2CSSC[C@@H]3NC(=O)[C@@H](NC(=O)[C@H](CC(C)C)NC(=O)[C@H](CC(=O)N)NC(=O)[C@@H]4CCCN4C(=O)[C@H](CCCNC(=N)N)NC(=O)[C@H](CSSC[C@H](NC(=O)[C@@H](N)CC(=O)O)C(=O)N[C@@H](CC(C)C)C(=O)NCC(=O)N[C@@H](Cc5ccccc5)C(=O)N[C@@H](CCSC)C(=O)N[C@@H](CCCNC(=N)N)C(=O)N[C@@H](CCCCN)C(=O)N2)NC(=O)[C@H](CSSC[C@H](NC(=O)[C@H](Cc6c[nH]c7ccccc67)NC(=O)[C@H](CCCCN)NC(=O)[C@H](Cc8cnc[nH]8)NC(=O)[C@H](Cc9c[nH]c%10ccccc9%10)NC(=O)[C@H](CCCNC(=N)N)NC(=O)[C@H](CO)NC3=O)C(=O)N[C@@H](CCCCN)C(=O)N[C@@H](Cc%11ccc(O)cc%11)C(=O)N[C@@H](C(C)C)C(=O)N[C@@H](Cc%12ccccc%12)C(=O)N)NC(=O)[C@H](CCCCN)NC(=O)[C@H](CC(=O)O)NC(=O)[C@H](CC(=O)N)NC(=O)[C@H](CC(=O)O)NC(=O)[C@@H]%13CCCN%13C1=O)C(C)C,5.44
159,CHEMBL106610,Cc1ccc(cc1)C(=O)NC(=N)NCCCCCc2ccccc2,5.44
160,CHEMBL322599,Clc1ccc(cc1)C(=O)NC(=N)NCCCCc2ccccc2,5.44
161,CHEMBL3798824,CC[C@H](C)[C@@H]1NC(=O)[C@@H]2CSSC[C@@H]3NC(=O)[C@@H](NC(=O)[C@H](CC(C)C)NC(=O)[C@H](CC(=O)N)NC(=O)[C@@H]4CCCN4C(=O)[C@H](CCCNC(=N)N)NC(=O)[C@H](CSSC[C@H](NC(=O)[C@@H](N)CC(=O)O)C(=O)N[C@@H](CC(C)C)C(=O)NCC(=O)N[C@@H](Cc5ccccc5)C(=O)N[C@@H](CCSC)C(=O)N[C@@H](CCCNC(=N)N)C(=O)N[C@@H](CCCCN)C(=O)N2)NC(=O)[C@H](CSSC[C@H](NC(=O)[C@H](Cc6c[nH]c7ccccc67)NC(=O)[C@H](CCCCN)NC(=O)[C@H](Cc8cnc[nH]8)NC(=O)[C@@H](NC(=O)[C@H](CCCNC(=N)N)NC(=O)[C@H](CO)NC3=O)[C@@H](C)O)C(=O)N[C@@H](CCCCN)C(=O)N[C@@H](Cc9cccc%10ccccc9%10)C(=O)N[C@@H](C(C)C)C(=O)N[C@@H](Cc%11ccccc%11)C(=O)N)NC(=O)[C@H](CCCCN)NC(=O)[C@H](CC(=O)O)NC(=O)[C@H](CC(=O)N)NC(=O)[C@H](CC(=O)O)NC(=O)[C@@H]%12CCCN%12C1=O)C(C)C,5.46
162,CHEMBL3657979,CS(=O)(=O)NC(=O)c1cc(C2CC2)c(OCC34CC5(F)CC(F)(CC(F)(C5)C3)C4)cc1F,5.46
163,CHEMBL3810138,FC(F)(F)Oc1ccc(cc1)C2=CN3C(=NN(Cc4onc(n4)c5c(Cl)cccc5Cl)C3=O)C=C2,5.46
164,CHEMBL3797461,CC[C@H](C)[C@@H]1NC(=O)[C@@H]2CSSC[C@@H]3NC(=O)[C@@H](NC(=O)[C@H](CC(C)C)NC(=O)[C@H](CC(=O)N)NC(=O)[C@@H]4CCCN4C(=O)[C@H](CCCNC(=N)N)NC(=O)[C@H](CSSC[C@H](NC(=O)[C@@H](N)CC(=O)O)C(=O)N[C@@H](CC(C)C)C(=O)NCC(=O)N[C@@H](Cc5ccccc5)C(=O)N[C@@H](Cc6cc7ccccc7[nH]6)C(=O)N[C@@H](CCCNC(=N)N)C(=O)N[C@@H](CCCCN)C(=O)N2)NC(=O)[C@H](CSSC[C@H](NC(=O)[C@H](Cc8c[nH]c9ccccc89)NC(=O)[C@H](CCCCN)NC(=O)[C@H](Cc%10cnc[nH]%10)NC(=O)[C@@H](NC(=O)[C@H](CCCNC(=N)N)NC(=O)[C@H](CO)NC3=O)[C@@H](C)O)C(=O)N[C@@H](CCCCN)C(=O)N[C@@H](Cc%11ccc(O)cc%11)C(=O)N[C@@H](C(C)C)C(=O)N[C@@H](Cc%12ccccc%12)C(=O)N)NC(=O)[C@H](CCCCN)NC(=O)[C@H](CC(=O)O)NC(=O)[C@H](CC(=O)N)NC(=O)[C@H](CC(=O)O)NC(=O)[C@@H]%13CCCN%13C1=O)C(C)C,5.47
165,CHEMBL3800441,CSCC[C@@H]1NC(=O)[C@H](Cc2ccccc2)NC(=O)CNC(=O)[C@H](CC(C)C)NC(=O)[C@H](CSSC[C@@H]3NC(=O)[C@@H]4CSSC[C@H](NC(=O)[C@H](Cc5c[nH]c6ccccc56)NC(=O)[C@H](CCCCN)NC(=O)[C@H](Cc7cnc[nH]7)NC(=O)[C@@H](NC(=O)[C@H](CCCNC(=N)N)NC(=O)[C@H](CO)NC(=O)[C@H](CSSC[C@H](NC(=O)[C@H](CCCCN)NC(=O)[C@H](CCCNC(=N)N)NC1=O)C(=O)N[C@@H](CCSC)C(=O)N8CCC[C@H]8C(=O)N[C@@H](CC(=O)O)C(=O)N[C@@H](CC(=O)N)C(=O)N[C@@H](CC(=O)O)C(=O)N[C@@H](CCCCN)C(=O)N4)NC(=O)[C@@H](NC(=O)[C@H](CC(C)C)NC(=O)[C@H](CC(=O)N)NC(=O)[C@@H]9CCCN9C(=O)[C@H](CCCNC(=N)N)NC3=O)C(C)C)[C@@H](C)O)C(=O)N[C@@H](CCCCN)C(=O)N[C@@H](Cc%10ccc(O)cc%10)C(=O)N[C@@H](C(C)C)C(=O)N[C@@H](Cc%11ccccc%11)C(=O)N)NC(=O)[C@@H](N)CC(=O)O,5.47
166,CHEMBL3800304,Fc1ccc(c(F)c1)n2nc(OCCN3CCNC3=O)c4cc(F)ccc24,5.47
167,CHEMBL3632697,OC(COc1ccc(cc1)C(F)(F)F)CN2CCC(CC2)C(=O)Nc3ccccc3,5.47
168,CHEMBL3634327,OC(COc1ccccc1C(=O)c2ccccc2)CN3CCC(CC3)N4C(=O)Oc5ccccc45,5.47
169,CHEMBL2418811,C[C@H]1CCCN([C@H]1C)C(=O)c2nc(Nc3ccc(Cl)cc3F)sc2C,5.48
170,CHEMBL3808635,Cc1onc(CN2N=C3C=CC(=CN3C2=O)c4ccc(OC(F)(F)F)cc4)n1,5.48
171,CHEMBL3808489,FC(F)(F)Oc1ccc(cc1)c2ccc3nc(cn3c2)C(F)(F)F,5.48
172,CHEMBL3337588,COc1ccc2c(N[C@]3(CCN([C@H](C)C3)C(=O)c4ccc(OC)c(c4)N(C)C)c5cccn25)c1,5.49
173,CHEMBL3800461,CC[C@H](C)[C@@H]1NC(=O)[C@@H]2CSSC[C@@H]3NC(=O)[C@H](Cc4c[nH]c5ccccc45)NC(=O)[C@H](CC(C)C)NC(=O)[C@H](CC(=O)N)NC(=O)[C@@H]6CCCN6C(=O)[C@H](CCCNC(=N)N)NC(=O)[C@H](CSSC[C@H](NC(=O)[C@@H](N)CC(=O)O)C(=O)N[C@@H](CC(C)C)C(=O)NCC(=O)N[C@@H](Cc7ccccc7)C(=O)N[C@@H](CCSC)C(=O)N[C@@H](CCCNC(=N)N)C(=O)N[C@@H](CCCCN)C(=O)N2)NC(=O)[C@H](CSSC[C@H](NC(=O)[C@H](Cc8c[nH]c9ccccc89)NC(=O)[C@H](CCCCN)NC(=O)[C@H](Cc%10cnc[nH]%10)NC(=O)[C@@H](NC(=O)[C@H](CCCNC(=N)N)NC(=O)[C@H](CO)NC3=O)[C@@H](C)O)C(=O)N[C@@H](CCCCN)C(=O)N[C@@H](Cc%11ccc(O)cc%11)C(=O)N[C@@H](C(C)C)C(=O)N[C@@H](Cc%12ccccc%12)C(=O)N)NC(=O)[C@H](CCCCN)NC(=O)[C@H](CC(=O)O)NC(=O)[C@H](CC(=O)N)NC(=O)[C@H](CC(=O)O)NC(=O)[C@@H]%13CCCN%13C1=O,5.5
174,CHEMBL2147222,COc1ncc(cn1)c2cccc(F)c2CCNC(=O)c3ccc(OCCC(F)(F)F)nc3,5.5
175,CHEMBL2069408,FC(F)(F)COc1ccc(cn1)C(=O)N[C@@H]2COc3cccc(c3C2)c4cccnc4,5.5
176,CHEMBL2069409,FC(F)(F)COc1ccc(cn1)C(=O)N[C@@H]2COc3cccc(c3C2)c4ccncc4,5.5
177,CHEMBL2069406,FC(F)(F)Oc1ccc(cc1)C(=O)N[C@@H]2COc3cccc(c3C2)c4cccnc4,5.5
178,CHEMBL3337591,COc1ccc2c(NC3(CCCN(CC3)C(=O)c4ccc(OC)c(c4)N(C)C)c5cccn25)c1,5.51
179,CHEMBL3797498,Fc1ccccc1n2ncc3c(cccc23)N4CCN(C4=O)c5ccncc5,5.51
180,CHEMBL3810147,FC(F)(F)Oc1ccc(cc1)C2=CN3C(=O)N(Cc4occ(n4)C5CC5)N=C3C=C2,5.52
181,CHEMBL3632694,OC(COCc1ccc(cc1)C(F)(F)F)CN2CCC(CC2)N3Cc4ccccc4C3=O,5.52
182,CHEMBL3337598,COc1ccc2c(NC3(CCN(CC3)C(=O)c4cccc5ncccc45)c6cccn26)c1,5.53
183,CHEMBL2164370,FC(F)(F)Oc1ccc(CNC(=O)C2N(CCN3CCOCC3)C(=O)c4ccccc24)cc1,5.54
184,CHEMBL3687594,COc1cc(ccc1c2ccnc3cc(c(F)cc23)S(=O)(=O)Nc4nccs4)C(F)(F)F,5.55
185,CHEMBL3337602,COc1ccc2c(NC3(CCN(CC3)C(=O)c4ccc5c(cnn5C)c4)c6cccn26)c1,5.55
186,CHEMBL108728,Cc1ccc(cc1)C(=O)NC(=N)NCCCCc2ccccc2,5.55
187,CHEMBL2164390,FC(F)(F)Oc1cccc(CNC(=O)C2N(CCc3ccccn3)C(=O)c4ccccc24)c1,5.55
188,CHEMBL3798363,Fc1ccc2c(c1)c(OCCN3CCNC3=O)nn2c4ccccc4F,5.55
189,CHEMBL3632692,OC(COc1ccc(cc1)C(F)(F)F)CN2CCC(CC2)N3Cc4ccccc4C3=O,5.55
190,CHEMBL3800498,CC[C@H](C)[C@@H]1NC(=O)[C@@H]2CSSC[C@@H]3NC(=O)[C@@H](NC(=O)[C@H](CC(C)C)NC(=O)[C@H](CC(=O)N)NC(=O)[C@@H]4CCCN4C(=O)[C@H](CCCNC(=N)N)NC(=O)[C@H](CSSC[C@H](NC(=O)[C@@H](N)CC(=O)O)C(=O)N[C@@H](CC(C)C)C(=O)NCC(=O)N[C@@H](Cc5ccccc5)C(=O)N[C@@H](CCSC)C(=O)N[C@@H](CCCNC(=N)N)C(=O)N[C@@H](CCCCN)C(=O)N2)NC(=O)[C@H](CSSC[C@H](NC(=O)[C@H](Cc6c[nH]c7ccccc67)NC(=O)[C@H](CCCCN)NC(=O)[C@H](Cc8c[nH]cn8)NC(=O)[C@@H](NC(=O)[C@H](CCCNC(=N)N)NC(=O)[C@H](CO)NC3=O)[C@@H](C)O)C(=O)N[C@@H](CCCCN)C(=O)N[C@@H](Cc9ccc(O)cc9)C(=O)N[C@@H](C(C)C)C(=O)N[C@@H](Cc%10ccccc%10)C(=O)N[C@@H](Cc%11c[nH]c%12ccccc%11%12)C(=O)N)NC(=O)[C@H](CCCCN)NC(=O)[C@H](CC(=O)O)NC(=O)[C@H](CC(=O)N)NC(=O)[C@H](CC(=O)O)NC(=O)[C@@H]%13CCCN%13C1=O)C(C)C,5.57
191,CHEMBL109012,Clc1cccc(C(=O)NC(=N)NCCCCc2ccccc2)c1Cl,5.57
192,CHEMBL1797389,Cc1onc(c1NC(=O)OCc2cc(Cl)ccc2Cl)c3c(Cl)cccc3Cl,5.58
193,CHEMBL3657834,CS(=O)(=O)NC(=O)c1cnc(OCC23CC4CC(CC(C4)C2)C3)c(c1)C5CC5,5.59
194,CHEMBL2164382,FC(F)(F)Oc1ccc(CNC(=O)C2N(CCc3cccnc3)C(=O)c4ccccc24)cc1,5.59
195,CHEMBL3325540,Fc1cc(c(F)cc1OC[C@@H]2CN(CC(F)(F)F)CC[C@H]2c3ccc(Cl)cc3)S(=O)(=O)Nc4ncns4,5.59
196,CHEMBL2069404,CN1CCN(CC1)c2cccc3OC[C@H](Cc23)NC(=O)c4nn(nc4C)c5ccc(C)cc5C,5.6
197,CHEMBL3687601,COc1cc(ccc1c2ccnc3cc(c(C)cc23)S(=O)(=O)Nc4nccs4)C(F)(F)F,5.6
198,CHEMBL2147306,COc1ncc(cn1)c2c(C)ccc(F)c2CCNC(=O)c3ccc(OCC(F)(F)F)nc3,5.6
199,CHEMBL3662226,CS(=O)(=O)NC(=O)c1cc(C2CC2)c(OCC3CN(C3)C(c4ccccc4)c5ccccc5)cc1F,5.6
200,CHEMBL3808641,Cc1coc(CN2N=C3C=CC(=CN3C2=O)c4ccc(OC(F)(F)F)cc4)n1,5.6
201,CHEMBL3810355,Cc1oc(CN2N=C3C=CC(=CN3C2=O)c4ccc(OC(F)(F)F)cc4)nc1,5.6
202,CHEMBL3800069,Fc1ccccc1n2ncc3c(cccc23)N4CC5CN(Cc6ccccc6)CC5C4=O,5.6
203,CHEMBL3337592,COc1ccc2c(NC3(CC4CN(CC4C3)C(=O)c5ccc(OC)c(c5)N(C)C)c6cccn26)c1,5.61
204,CHEMBL108361,N=C(NCCCCc1ccccc1)NC(=O)c2cccs2,5.63
205,CHEMBL482676,Clc1ccc(cc1)c2oc(cc2)C(=O)N3CCN(CC3)C4CCCCC4,5.64
206,CHEMBL3337586,COCCOc1ccc2c(NC3(CCN(CC3)C(=O)c4ccc(OC)c(c4)N(C)C)c5cccn25)c1,5.65
207,CHEMBL3809812,COc1ccc(cc1)c2ccc3nnc(n3c2)C(F)(F)F,5.65
208,CHEMBL321883,COc1ccc(cc1)C(=O)NC(=N)NCCCCc2ccccc2,5.68
209,CHEMBL2069400,CN1CCN(CC1)c2cccc3OC[C@H](Cc23)NC(=O)c4ccc(OC(F)(F)F)cc4,5.7
210,CHEMBL3797315,Fc1ccc2c(c1)c(OCCn3ccnc3)nn2c4ccccc4F,5.7
211,CHEMBL3657852,CS(=O)(=O)NC(=O)c1ccc(OCC23CC4CC(CC(C4)C2)C3)c(Br)c1,5.71
212,CHEMBL3341985,CS(=O)(=O)NC(=O)c1cc(Cl)c(OCC23CC4CC(CC(C4)C2)C3)cc1F,5.72
213,CHEMBL2164356,Cc1cccc(CCN2C(C(=O)NCc3ccc(OC(F)(F)F)cc3)c4ccccc4C2=O)n1,5.72
214,CHEMBL3809641,Cc1noc(CN2N=C3C=CC(=CN3C2=O)c4ccc(OC(F)(F)F)cc4)n1,5.72
215,CHEMBL2164363,FC(F)(F)Oc1ccc(CNC(=O)C2N(CC(F)(F)c3ccccn3)C(=O)c4ccccc24)cc1,5.72
216,CHEMBL3809055,FC(F)(F)Oc1ccc(cc1)C2=CN3C(=O)NN=C3C=C2,5.72
217,CHEMBL3634331,OC(COc1ccccc1C(=O)c2ccccc2)CN3CCC(CC3)C(=O)Nc4ccccc4,5.72
218,CHEMBL3798843,CC[C@H](C)[C@@H]1NC(=O)[C@@H]2CSSC[C@@H]3NC(=O)[C@@H](NC(=O)[C@H](CC(C)C)NC(=O)[C@H](CC(=O)N)NC(=O)[C@@H]4CCCN4C(=O)[C@H](CCCNC(=N)N)NC(=O)[C@H](CSSC[C@H](NC(=O)[C@@H](N)CC(=O)O)C(=O)N[C@@H](CC(C)C)C(=O)NCC(=O)N[C@@H](Cc5ccccc5)C(=O)N[C@@H](CCSC)C(=O)N[C@@H](CCCNC(=N)N)C(=O)N[C@@H](CCCCN)C(=O)N2)NC(=O)[C@H](CSSC[C@H](NC(=O)[C@H](Cc6c[nH]c7ccccc67)NC(=O)[C@H](CCCCN)NC(=O)[C@H](Cc8cnc[nH]8)NC(=O)[C@@H](NC(=O)[C@H](CCCNC(=N)N)NC(=O)[C@H](CO)NC3=O)[C@@H](C)O)C(=O)N[C@@H](CCCCN)C(=O)N[C@@H](Cc9ccc(O)cc9)C(=O)N[C@@H](C(C)C)C(=O)N[C@@H](Cc%10cccc%11ccccc%10%11)C(=O)N)NC(=O)[C@H](CCCCN)NC(=O)[C@H](CC(=O)O)NC(=O)[C@H](CC(=O)N)NC(=O)[C@H](CC(=O)O)NC(=O)[C@@H]%12CCCN%12C1=O)C(C)C,5.75
219,CHEMBL421032,COc1ccc2[nH]cc(CC\N=C(\N)/NC(=O)c3ccc(C)cc3)c2c1,5.75
220,CHEMBL3337600,COc1ccc2c(NC3(CCN(CC3)C(=O)c4ccc5cccnc5c4)c6cccn26)c1,5.76
221,CHEMBL106459,Cc1ccccc1C(=O)NC(=N)NCCCCc2ccccc2,5.76
222,CHEMBL3808737,COc1cc2nnc(n2cc1c3ccc(OC(F)(F)F)cc3)C(F)(F)F,5.78
223,CHEMBL3337601,COc1ccc2c(NC3(CCN(CC3)C(=O)c4ccc5c(ccn5C)c4)c6cccn26)c1,5.78
224,amitriptyline,CN(C)CCC=C1c2ccccc2CCc3ccccc13,5.8
225,CHEMBL2147308,COc1cnc(cn1)c2c(F)ccc(F)c2CCNC(=O)c3ccc(COCC(F)(F)F)nc3,5.8
226,CHEMBL2147309,Cc1cnc(cn1)c2c(F)ccc(F)c2CCNC(=O)c3ccc(COCC(F)(F)F)nc3,5.8
227,CHEMBL2164387,FC(F)(F)c1ccc(CNC(=O)C2N(CCc3ccccn3)C(=O)c4ccccc24)cc1,5.8
228,CHEMBL110164,COc1cc(cc(OC)c1OC)C(=O)NC(=N)NCCCCc2ccccc2,5.82
229,CHEMBL3808625,FC(F)(F)Oc1ccc(cc1)c2ccn3nccc3n2,5.82
230,CHEMBL3341983,Nc1noc2ccc(cc12)c3cc(Cl)ccc3Oc4cc(F)c(cc4F)S(=O)(=O)Nc5ncns5,5.86
231,CHEMBL1797392,Cc1onc(c1NC(=O)OCc2ccc(OC3CCCC3)nc2)c4c(Cl)cccc4Cl,5.87
232,CHEMBL1631095,NC(=O)c1cc(C(=O)N)n(n1)c2cccc(c2)c3cc(ccc3C(F)(F)F)C(F)(F)F,5.88
233,CHEMBL3682626,CC1(CN(CCO1)c2cccc3cc(ccc23)S(=O)(=O)Nc4ncns4)c5ccccc5,5.89
234,CHEMBL3341984,CC(C)Oc1ncc(Oc2cc(F)c(cc2C3CC3)C(=O)NS(=O)(=O)N4CCC4)cc1Cl,5.92
235,CHEMBL2164383,Cc1ccc(NC(=O)C2N(CCc3ccccn3)C(=O)c4ccccc24)cc1C,5.92
236,CHEMBL2164389,FC(F)(F)Oc1ccc(CNC(=O)C2N(CCc3ccccn3)C(=O)c4ccccc24)cc1,5.92
237,CHEMBL2164047,Fc1ccc(CCN2C(C(=O)NCc3ccc(OC(F)(F)F)cc3)c4ccccc4C2=O)nc1,5.92
238,CHEMBL3632641,OC(COc1ccc(cc1)C(=O)c2ccccc2)CN3CCC(CC3)N4Cc5ccccc5C4=O,5.92
239,CHEMBL3337596,CCCCc1oc2ccc(cc2n1)C(=O)N3CCC4(CC3)Nc5cc(OC)ccc5n6cccc46,5.93
240,CHEMBL3337594,COc1ccc2c(NC3(CCN(CC3)C(=O)c4ccc5OCCN(C)c5c4)c6cccn26)c1,5.94
241,CHEMBL108727,CCOc1ccc(cc1)C(=O)NC(=N)NCCCCc2ccccc2,5.96
242,CHEMBL3632696,OC(COc1ccc(cc1)C(F)(F)F)CN2CCC(CC2)NC(=O)c3ccccc3,5.96
243,CHEMBL3654182,CC1(C)[C@H]2CC[C@H](COc3cc(F)c(cc3Cl)C(=O)NS(=O)(=O)C)[C@@H]1C2,5.97
244,CHEMBL3337597,COc1ccc2c(NC3(CCN(CC3)C(=O)c4ccc5ncccc5c4)c6cccn26)c1,5.99
245,CHEMBL2147307,COc1cnc(cn1)c2c(C)ccc(F)c2CCNC(=O)c3ccc(COCC(F)(F)F)nc3,6.0
246,CHEMBL3798493,Fc1ccc2c(c1)c(OCC(=O)N3CCOCC3)nn2c4ccccc4F,6.0
247,CHEMBL495601,O=C(NC1CCc2ccccc2C1)N3CCC4(CC3)CC(=O)c5ccccc5O4,6.0
248,CHEMBL3658000,Fc1cc(OCC23CC4(F)CC(F)(CC(F)(C4)C2)C3)c(cc1C(=O)NS(=O)(=O)N5CCC5)C6CC6,6.02
249,CHEMBL3809877,FC(F)(F)Oc1ccc(cc1)c2ccc3ncnn3c2,6.03
250,CHEMBL3662230,Fc1cc(OCC2CCC(F)(F)CC2)c(cc1C(=O)NS(=O)(=O)N3CCC3)C4CC4,6.03
251,CHEMBL2164041,Oc1cccc2C(N(CCc3ccccn3)C(=O)c12)C(=O)NCc4ccc(OC(F)(F)F)cc4,6.03
252,CHEMBL3236329,FC(F)(F)Oc1cccc(c1)C(=O)NCc2noc(n2)c3c4ccccc4nn3CCn5ccnc5,6.04
253,CHEMBL3800504,CC[C@H](C)[C@@H]1NC(=O)[C@@H]2CSSC[C@@H]3NC(=O)[C@@H](NC(=O)[C@H](CC(C)C)NC(=O)[C@H](CC(=O)N)NC(=O)[C@@H]4CCCN4C(=O)[C@H](CCCNC(=N)N)NC(=O)[C@H](CSSC[C@H](NC(=O)[C@@H](N)CC(=O)O)C(=O)N[C@@H](CC(C)C)C(=O)NCC(=O)N[C@@H](Cc5ccccc5)C(=O)N[C@@H](CCSC)C(=O)N[C@@H](CCCNC(=N)N)C(=O)N[C@@H](CCCCN)C(=O)N2)NC(=O)[C@H](CSSC[C@H](NC(=O)[C@H](Cc6c[nH]c7ccccc67)NC(=O)[C@H](CCCCN)NC(=O)[C@H](Cc8cccc9ccccc89)NC(=O)[C@@H](NC(=O)[C@H](CCCNC(=N)N)NC(=O)[C@H](CO)NC3=O)[C@@H](C)O)C(=O)N[C@@H](CCCCN)C(=O)N[C@@H](Cc%10ccc(O)cc%10)C(=O)N[C@@H](C(C)C)C(=O)N[C@@H](Cc%11ccccc%11)C(=O)N)NC(=O)[C@H](CCCCN)NC(=O)[C@H](CC(=O)O)NC(=O)[C@H](CC(=O)N)NC(=O)[C@H](CC(=O)O)NC(=O)[C@@H]%12CCCN%12C1=O)C(C)C,6.05
254,CHEMBL3810153,FC(F)(F)Oc1ccc(cc1)c2ccn3ncc(c3n2)C(F)(F)F,6.05
255,CHEMBL3808917,FC(F)Oc1ccc(cc1)c2ccc3nnc(n3c2)C(F)(F)F,6.05
256,CHEMBL2164368,Fc1cccc2C(=O)N(CCc3ccccn3)C(C(=O)NCc4ccc(OC(F)(F)F)cc4)c12,6.09
257,CHEMBL2147305,COc1ncc(cn1)c2c(C)ccc(F)c2CCNC(=O)c3ccc(OCCC(F)(F)F)nc3,6.1
258,CHEMBL3657820,CN(C)S(=O)(=O)NC(=O)c1cc(Cl)c(OCC23CC4CC(CC(C4)C2)C3)cc1F,6.11
259,CHEMBL3657929,CS(=O)(=O)NC(=O)c1cc(Cl)c(OCC2CC3C4CCC(C4)C3C2)cc1F,6.13
260,CHEMBL3657937,CS(=O)(=O)NC(=O)c1cc(C2CC2)c(OCC34CC5CC(C3)C(F)(F)C(C5)C4)cc1F,6.15
261,CHEMBL3657877,CS(=O)(=O)NC(=O)c1ccc(OCC23CC4CC(CC(C4)C2)C3)c(c1)C5CC5,6.16
262,CHEMBL3662236,CS(=O)(=O)NC(=O)c1cc(C2CC2)c(OCC3CCCCC3)cc1F,6.17
263,CHEMBL3657848,CC1(C)CCc2cc(OCc3cc(F)c(cc3Cl)C(=O)NS(=O)(=O)N4CCC4)ccc2O1,6.19
264,CHEMBL3657998,Fc1cc(OCC2CCC(F)(F)CC2)c(cc1C(=O)NS(=O)(=O)C3CC3)C4CC4,6.2
265,CHEMBL3322777,COc1ccc2c(NC3(CCN(CC3)C(=O)c4ccc(OC)c(c4)N(C)C)c5cccn25)c1,6.24
266,CHEMBL108347,CCCCOc1ccc(cc1)C(=O)NC(=N)NCCCCc2ccccc2,6.25
267,CHEMBL3337589,COc1ccc2c(N[C@@]3(CCN(C[C@@H]3C)C(=O)c4ccc(OC)c(c4)N(C)C)c5cccn25)c1,6.29
268,CHEMBL1813049,CC(=O)Nc1cccc(Nc2ncnc(n2)N3CCC(CC3)Oc4ccc(cc4)C(F)(F)F)c1C,6.3
269,CHEMBL3682649,Oc1cc(ccc1c2cccc3cc(ccc23)S(=O)(=O)Nc4ncns4)C(F)(F)F,6.31
270,CHEMBL3809080,FC(F)(F)Oc1ccc(cc1)c2ccn3nccc3c2,6.37
271,CHEMBL3658014,Fc1cc(OCC23CC4(F)CC(F)(CC(F)(C4)C2)C3)c(cc1C(=O)NS(=O)(=O)C5CC5)C6CC6,6.37
272,CHEMBL3657930,Fc1cc(OCC23CC4CC(CC(C4)C2)C3)c(Cl)cc1C(=O)NS(=O)(=O)C5CC5,6.37
273,CHEMBL3337599,COc1ccc2c(NC3(CCN(CC3)C(=O)c4ccc5ccccc5n4)c6cccn26)c1,6.38
274,CHEMBL3809904,FC(F)(F)Oc1ccc(cc1)c2ccn3ncc(c3c2)C(F)(F)F,6.38
275,CHEMBL3657934,FC1CN(C1)S(=O)(=O)NC(=O)c2cc(C3CC3)c(OCC45CC6CC(CC(C6)C4)C5)cc2F,6.38
276,CHEMBL3809777,FC(F)(F)c1nnc2ccc(cn12)c3ccc(cc3)S(F)(F)(F)(F)F,6.4
277,CHEMBL3337587,COc1ccc(cc1N(C)C)C(=O)N2CCC3(CC2)Nc4cc(OC)c(F)cc4n5cccc35,6.45
278,CHEMBL3809853,FC(F)(F)Oc1ccc(cc1)c2ccc3ncc(n3c2)C(F)(F)F,6.45
279,CHEMBL3809528,FC(F)c1nnc2ccc(cn12)c3ccc(OC(F)(F)F)cc3,6.46
280,CHEMBL3658002,Fc1cc(OCC2(CCCCC2)C(F)(F)F)c(cc1C(=O)NS(=O)(=O)N3CCC3)C4CC4,6.46
281,CHEMBL3337584,COc1ccc(cc1N(C)C)C(=O)N2CCC3(CC2)Nc4cc(OC(F)F)ccc4n5cccc35,6.47
282,CHEMBL3809595,FC(F)(F)Oc1ccc(cc1)c2ccc3nnc(n3c2)C(F)(F)F,6.48
283,CHEMBL3657943,Fc1cc(OCC23CC4CC(CC(C4)C2)C3)c(cc1C(=O)NS(=O)(=O)N5CC(F)(F)C5)C6CC6,6.49
284,CHEMBL1813050,CC(=O)Nc1cccc(Nc2ncnc(n2)N3CCC(CC3)Oc4ccc(OC(F)(F)F)cc4)c1C,6.52
285,CHEMBL3809838,FC(F)(F)COc1ccc(cc1)c2ccc3nnc(n3c2)C(F)(F)F,6.55
286,CHEMBL3806065,CNc1noc2ccc(cc12)c3cc(Cl)ccc3Oc4cc(F)c(cc4F)S(=O)(=O)Nc5ncns5,6.64
287,CHEMBL3810347,FC(F)(F)Oc1ccc(cc1)c2ccc3nnc(n3n2)C(F)(F)F,6.65
288,CHEMBL3337585,COc1ccc(cc1N(C)C)C(=O)N2CCC3(CC2)Nc4cc(ccc4n5cccc35)C(F)(F)F,6.66
289,CHEMBL3808645,FC(F)(F)c1ccc(cc1)c2ccc3nnc(n3c2)C(F)(F)F,6.68
290,CHEMBL3808867,CC(C)(C)c1ccc(cc1)c2ccc3nnc(n3c2)C(F)(F)F,6.74
291,CHEMBL3337583,COc1ccc(cc1N(C)C)C(=O)N2CCC3(CC2)Nc4cc(OC(F)(F)F)ccc4n5cccc35,6.74
292,CHEMBL3810234,Cc1cc(ccc1OC(F)(F)F)c2ccc3nnc(n3c2)C(F)(F)F,6.78
293,CHEMBL3657851,CS(=O)(=O)NC(=O)c1cc(C2CC2)c(OCC34CC5CC(CC(C5)C3)C4)cc1F,6.8
294,CHEMBL3662229,Fc1cc(OCC2(CCCCC2)C(F)(F)F)c(cc1C(=O)NS(=O)(=O)C3CC3)C4CC4,6.8
295,CHEMBL3662093,Fc1cc(OCC23CCCCC2C3)c(cc1C(=O)NS(=O)(=O)N4CCC4)C5CC5,6.8
296,CHEMBL3657953,COC1CN(C1)S(=O)(=O)NC(=O)c2cc(C3CC3)c(OCC45CC6CC(CC(C6)C4)C5)cc2F,6.84
297,CHEMBL3657967,COCCS(=O)(=O)NC(=O)c1cc(C2CC2)c(OCC3CCCCC3)cc1F,6.85
298,CHEMBL3662090,Fc1cc(OCC23CC4CC(C2)C(F)(F)C(C4)C3)c(cc1C(=O)NS(=O)(=O)C5CC5)C6CC6,6.89
299,CHEMBL3657972,Fc1cc(OCC2C3CC4CC(CC2C4)C3)c(cc1C(=O)NS(=O)(=O)N5CCC5)C6CC6,6.89
300,CHEMBL3809360,Cc1cc(OC(F)(F)F)ccc1c2ccc3nnc(n3c2)C(F)(F)F,6.91
301,CHEMBL3337595,COc1ccc2c(NC3(CCN(CC3)C(=O)c4ccc(OC)c(c4)N5CCCC5)c6cccn26)c1,6.93
302,CHEMBL3657931,O[C@H]1CCN(C1)S(=O)(=O)NC(=O)c2cc(C3CC3)c(OCC45CC6CC(CC(C6)C4)C5)cc2F,6.96
303,CHEMBL3809404,FC(F)(F)Oc1ccc(cc1)c2ccc3cnc(n3c2)C(F)(F)F,6.99
304,CHEMBL486495,CC(C)(C)c1ccc(cc1)c2oc(cc2)C(=O)N3CCN(CC3)C4CCCCC4,7.0
305,CHEMBL3657840,COCCS(=O)(=O)NC(=O)c1cc(C2CC2)c(OCC34CC5CC(CC(C5)C3)C4)cc1F,7.0
306,CHEMBL3662081,Fc1cc(OCC2(CCCC2)C(F)(F)F)c(cc1C(=O)NS(=O)(=O)N3CCC3)C4CC4,7.05
307,CHEMBL3657838,OC1CN(C1)S(=O)(=O)NC(=O)c2cc(C3CC3)c(OCC45CC6CC(CC(C6)C4)C5)cc2F,7.22
308,CHEMBL3810248,C[Si](C)(C)c1ccc(cc1)c2ccc3nnc(n3c2)C(F)(F)F,7.23
309,CHEMBL3657855,Fc1cc(OCC23CC4CC(CC(C4)C2)C3)c(cc1C(=O)NS(=O)(=O)N5CCC5)C6CC6,7.29
310,CHEMBL3662238,Fc1cc(OCC2CCCCC2)c(cc1C(=O)NS(=O)(=O)N3CCC3)C4CC4,7.4
311,CHEMBL3677849,Cn1nccc1c2cc(ccc2c3cccc4cc(ccc34)S(=O)(=O)Nc5ncns5)C(F)(F)F,7.52
312,CHEMBL3657932,Fc1cc(OCC23CC4CC(CC(C4)C2)C3)c(cc1C(=O)NS(=O)(=O)C5CC5)C6CC6,7.59
313,CHEMBL3657952,OCCCNS(=O)(=O)NC(=O)c1cc(C2CC2)c(OCC34CC5CC(CC(C5)C3)C4)cc1F,7.66
314,CHEMBL3657939,Fc1cc(OCC23CC4CC(CC(C4)C2)C3)c(cc1C(=O)NS(=O)(=O)N5CCOCC5)C6CC6,7.85
315,CHEMBL3617050,OC[C@H]1CON2[C@H]1C[C@]3(CN4C(=N)N[C@H]([C@@H]5N(COC(=O)NO)C(=N)N[C@]45C3(O)O)C2=O)OS(=O)(=O)O,9.55
