,molecule_chembl_id,canonical_smiles,pchembl_value
0,benzocaine,CCOC(=O)C1=CC=C(N)C=C1,
1,ethotoin,CCN1C(=O)NC(C1=O)C1=CC=CC=C1,
2,phenazopyridine,NC1=NC(N)=C(C=C1)\N=N\C1=CC=CC=C1,
3,mephenytoin,CCC1(NC(=O)N(C)C1=O)C1=CC=CC=C1,
4,rufinamide,NC(=O)C1=CN(CC2=C(F)C=CC=C2F)N=N1,
5,eslicarbazepine acetate,CC(=O)O[C@H]1CC2=C(C=CC=C2)N(C(N)=O)C2=CC=CC=C12,
6,procainamide,CCN(CC)CCNC(=O)C1=CC=C(N)C=C1,
7,tocainide,CC(N)C(=O)NC1=C(C)C=CC=C1C,
8,CHEMBL505210,Clc1ccc(cc1)c2cnn3C(=O)C=C(Cc4ccccc4)Nc23,5.41
