,molecule_chembl_id,canonical_smiles,pchembl_value
0,phenytoin,O=C1NC(=O)C(N1)(C1=CC=CC=C1)C1=CC=CC=C1,
1,benzocaine,CCOC(=O)C1=CC=C(N)C=C1,
2,ropivacaine,CCCN1CCCC[C@H]1C(=O)NC1=C(C)C=CC=C1C,
3,mepivacaine,[H]C1(CCCCN1C)C(=O)NC1=C(C)C=CC=C1C,
4,lamotrigine,NC1=NN=C(C(N)=N1)C1=C(Cl)C(Cl)=CC=C1,
5,ethotoin,CCN1C(=O)NC(C1=O)C1=CC=CC=C1,
6,phenazopyridine,NC1=NC(N)=C(C=C1)\N=N\C1=CC=CC=C1,
7,mephenytoin,CCC1(NC(=O)N(C)C1=O)C1=CC=CC=C1,
8,rufinamide,NC(=O)C1=CN(CC2=C(F)C=CC=C2F)N=N1,
9,eslicarbazepine acetate,CC(=O)O[C@H]1CC2=C(C=CC=C2)N(C(N)=O)C2=CC=CC=C12,
10,procainamide,CCN(CC)CCNC(=O)C1=CC=C(N)C=C1,
11,tocainide,CC(N)C(=O)NC1=C(C)C=CC=C1C,
12,CHEMBL3798228,F[C@H]1CCN(C1)C(=O)CN2CCN(C2=O)c3cccc4c3cnn4c5ccccc5F,5.07
13,CHEMBL3798363,Fc1ccc2c(c1)c(OCCN3CCNC3=O)nn2c4ccccc4F,5.3
14,CHEMBL3236329,FC(F)(F)Oc1cccc(c1)C(=O)NCc2noc(n2)c3c4ccccc4nn3CCn5ccnc5,5.48
15,CHEMBL466715,NCc1noc(n1)c2c3ccccc3nn2Cc4ccccc4,5.99
16,CHEMBL512079,NCc1noc(n1)c2nn(Cc3ccccc3)c4ccccc24,6.18
17,tetracaine,CCCCNC1=CC=C(C=C1)C(=O)OCCN(C)C,6.28
18,CHEMBL3341983,Nc1noc2ccc(cc12)c3cc(Cl)ccc3Oc4cc(F)c(cc4F)S(=O)(=O)Nc5ncns5,7.96
19,CHEMBL3617063,Nc1nc2cc(ccc2[nH]1)c3cc(Cl)ccc3Oc4cc(F)c(cc4F)S(=O)(=O)Nc5ncns5,9.1
