,molecule_chembl_id,canonical_smiles,pchembl_value
0,amiloride,NC(=N)NC(=O)C1=C(N)N=C(N)C(Cl)=N1,6.7
1,triamterene,NC1=NC2=NC(N)=C(N=C2C(N)=N1)C1=CC=CC=C1,5.30000019
2,CHEMBL210866,N\C(=N/C(=O)c1nc(Cl)c(N)nc1N)\NCCCCCCCCc2ccccc2,6.32
3,CHEMBL211502,Nc1nc(N)c(nc1Cl)C(=O)NC(=N)Nc2ccccc2,6.4
4,CHEMBL210967,COc1ccc(CCC\N=C(/N)\NC(=O)c2nc(Cl)c(N)nc2N)cc1,6.91
5,CHEMBL210981,CCCCCCCC\N=C(/N)\NC(=O)c1nc(Cl)c(N)nc1N,6.97
6,CHEMBL377688,N\C(=N/C(=O)c1nc(Cl)c(N)nc1N)\NCCO,6.97
7,CHEMBL210966,CCCCCC\N=C(/N)\NC(=O)c1nc(Cl)c(N)nc1N,7.06
8,CHEMBL211793,N\C(=N/C(=O)c1nc(Cl)c(N)nc1N)\NCCCc2ccc(O)cc2,7.06
9,CHEMBL209104,COc1ccc(CCCCC\N=C(/N)\NC(=O)c2nc(Cl)c(N)nc2N)cc1,7.11
10,CHEMBL380393,N\C(=N/C(=O)c1nc(Cl)c(N)nc1N)\NCCCCc2ccc(OC3O[C@@H]([C@@H](O)[C@H](O)[C@H]3O)C(=O)O)cc2,7.14
11,CHEMBL377239,N\C(=N/C(=O)c1nc(Cl)c(N)nc1N)\NCCCCCc2ccccc2,7.17
12,CHEMBL211611,N\C(=N/C(=O)c1nc(Cl)c(N)nc1N)\NCCc2ccccc2,7.18
13,CHEMBL212579,N\C(=N/C(=O)c1nc(Cl)c(N)nc1N)\NCc2ccccc2,7.18
14,CHEMBL211221,N\C(=N/C(=O)c1nc(Cl)c(N)nc1N)\NCCCCCc2ccc(O)cc2,7.19
15,CHEMBL209977,N\C(=N/C(=O)c1nc(Cl)c(N)nc1N)\NCCc2ccc(O)cc2,7.21
16,CHEMBL208620,N\C(=N/C(=O)c1nc(Cl)c(N)nc1N)\NCCCCCCc2ccccc2,7.24
17,CHEMBL213175,N\C(=N/C(=O)c1nc(Cl)c(N)nc1N)\NCCCCc2ccc(cc2)C(=O)O,7.29
18,CHEMBL211664,N\C(=N/C(=O)c1nc(Cl)c(N)nc1N)\NCCCc2ccccc2,7.3
19,CHEMBL209017,N\C(=N/C(=O)c1nc(Cl)c(N)nc1N)\NCCCCc2ccc(OCC(=O)O)cc2,7.32
20,CHEMBL211072,N\C(=N/C(=O)c1nc(Cl)c(N)nc1N)\NCCCCc2ccc(O)c(O)c2,7.38
21,CHEMBL211773,COc1ccc(COCC\N=C(/N)\NC(=O)c2nc(Cl)c(N)nc2N)cc1,7.39
22,CHEMBL211946,N\C(=N/C(=O)c1nc(Cl)c(N)nc1N)\NCCCOc2ccc(O)cc2,7.5
23,CHEMBL208889,N\C(=N/C(=O)c1nc(Cl)c(N)nc1N)\NCCCCc2ccccc2OCCO,7.51
24,CHEMBL379066,N\C(=N/C(=O)c1nc(Cl)c(N)nc1N)\NCCCCc2ccccc2O,7.52
25,CHEMBL209659,N\C(=N/C(=O)c1nc(Cl)c(N)nc1N)\NCCCCc2ccccc2,7.54
26,CHEMBL211658,N\C(=N/C(=O)c1nc(Cl)c(N)nc1N)\NCCCCc2ccccc2OCC(O)CO,7.55
27,CHEMBL212534,N\C(=N/C(=O)c1nc(Cl)c(N)nc1N)\NCCCCc2cccc(OCC(O)CO)c2,7.59
28,CHEMBL214220,COc1ccc(OCCC\N=C(/N)\NC(=O)c2nc(Cl)c(N)nc2N)cc1,7.6
29,CHEMBL379756,COC(=O)c1ccc(CCCC\N=C(/N)\NC(=O)c2nc(Cl)c(N)nc2N)cc1,7.66
30,CHEMBL212410,N\C(=N/C(=O)c1nc(Cl)c(N)nc1N)\NCCCCc2ccc(N)cc2,7.68
31,CHEMBL386222,N\C(=N/C(=O)c1nc(Cl)c(N)nc1N)\NCCCCc2ccc(cc2)S(=O)(=O)O,7.68
32,CHEMBL379433,N\C(=N/C(=O)c1nc(Cl)c(N)nc1N)\NCCCCc2ccc(OCCC(=O)O)cc2,7.7
33,CHEMBL380011,N\C(=N/C(=O)c1nc(Cl)c(N)nc1N)\NCCCCc2cccc(O)c2,7.7
34,CHEMBL210876,N\C(=N/C(=O)c1nc(Cl)c(N)nc1N)\NCCCCc2ccc(O)cc2,7.77
35,CHEMBL211600,N\C(=N/C(=O)c1nc(Cl)c(N)nc1N)\NCCCCc2cccc(OCCO)c2,7.77
36,CHEMBL377986,COc1ccc(CCCC\N=C(/N)\NC(=O)c2nc(Cl)c(N)nc2N)cc1,7.82
37,CHEMBL214239,N\C(=N/C(=O)c1nc(Cl)c(N)nc1N)\NCCCCc2ccc(CO)cc2,7.85
38,CHEMBL211161,N\C(=N/C(=O)c1nc(Cl)c(N)nc1N)\NCCCCc2ccc(OCCO)cc2,8.05
39,CHEMBL209303,N\C(=N/C(=O)c1nc(Cl)c(N)nc1N)\NCCCCc2ccc(OC[C@H](O)CO)cc2,8.05
40,CHEMBL212432,N\C(=N/C(=O)c1nc(Cl)c(N)nc1N)\NCCCCc2ccc(OCC(O)CO)cc2,8.1
41,CHEMBL212431,N\C(=N/C(=O)c1nc(Cl)c(N)nc1N)\NCCCCc2ccc(OCCCO)cc2,8.16
42,CHEMBL212531,N\C(=N/C(=O)c1nc(Cl)c(N)nc1N)\NCCCCc2ccc(OC[C@@H](O)CO)cc2,8.16
41,CHEMBL945,NC(=N)NC(=O)c1nc(Cl)c(N)nc1N,6.11
