,molecule_chembl_id,canonical_smiles,pchembl_value
0,metamizole,CN(CS(O)(=O)=O)C1=C(C)N(C)N(C1=O)C1=CC=CC=C1,4.0409584
1,propyphenazone,CC(C)C1=C(C)N(C)N(C1=O)C1=CC=CC=C1,4.48148584
2,phenazone,CN1N(C(=O)C=C1C)C1=CC=CC=C1,3.08092189
3,CHEMBL151649,S=C=NCCc1ccccc1,5.0
4,CHEMBL3697713,CC\C(=N/O)\C=C\c1ccc(F)cc1,5.02
5,CHEMBL2163793,CCC1=C[C@@H]2CN3CCc4c([nH]c5ccccc45)[C@@](C2)([C@@H]13)C(=O)OC,5.05
6,CHEMBL3298246,Fc1cccc(c2ccc3[nH]ncc3c2)c1C(F)(F)F,5.05
7,CHEMBL3697702,CC\C(=N/OC)\C(=C\c1ccc(F)cc1)\C,5.08
8,CHEMBL2418806,CC1CCCN(C1C)C(=O)c2csc(Nc3ccc(C)cc3)n2,5.1
9,CHEMBL182120,CC[C@H]1C[C@@H]2CN3CCc4c([nH]c5ccc(OC)cc45)[C@](C2)([C@H]13)C(=O)OC,5.1
10,CHEMBL3325770,CC[C@H]1C[C@@H]2CN3CCc4c([nH]c5ccccc45)[C@@](C2)([C@@H]13)C(=O)OC,5.1
11,CHEMBL3697705,C\C(=C/c1ccc(F)cc1)\C(=N\O)\C(C)(C)C,5.1
12,CHEMBL3298238,Cc1ccccc1c2ccc3[nH]ncc3c2,5.11
13,CHEMBL3298921,Cn1ncc2cc(ccc12)c3ccccc3C(F)(F)F,5.13
14,CHEMBL3752638,Cc1cc(CN2[C@H](CO)CC[C@@H]2c3ccc(F)cc3)cc(C)c1F,5.17
15,CHEMBL3298920,Cc1cc(cc2cn[nH]c12)c3ccccc3C(F)(F)F,5.17
16,CHEMBL1084610,C\C=C\C=C\C=C/CC\C=C\C(=O)NCC(C)(C)O,5.18
17,CHEMBL3754794,Fc1ccc(cc1)[C@H]2CCCN2S(=O)(=O)c3ccc(F)cc3,5.18
18,CHEMBL293492,O=C\C=C\c1ccccc1,5.19
19,CHEMBL3787204,Cc1cccc2C(=O)N(CC(=O)NCCc3ccc(OC(F)F)cc3)C=Nc12,5.2
20,CHEMBL1086310,CC(C)c1ccc(NC(=O)Cn2cnc3N(C)C(=O)N(C)C(=O)c23)cc1,5.21
21,CHEMBL29411,CC(C)c1ccc(C)cc1O,5.22
22,CHEMBL3697709,CC\C(=N/O)\C(=C\c1ccc(F)c(Cl)c1)\C,5.22
23,CHEMBL3697712,CCC\C(=N/O)\C=C\c1ccc(F)cc1,5.23
24,CHEMBL482477,CCCCC\C=C\C=C\1/[C@@H](C\C=C/CCCC(=O)O)C=CC1=O,5.25
25,CHEMBL721,C=CC=O,5.3
26,CHEMBL256368,CC\C=C\C=O,5.3
27,CHEMBL3697715,CC\C(=N/O)\C(=C\c1cc(F)c(F)c(F)c1)\C,5.33
28,CHEMBL3697703,CC\C(=N/O)\C(=C\c1ccccc1F)\C,5.34
29,CHEMBL3697706,CCCC\C(=N/O)\C(=C\c1ccc(F)cc1)\C,5.36
30,CHEMBL3298237,Fc1ccccc1c2ccc3[nH]ncc3c2,5.4
31,CHEMBL3311177,FC(F)(F)c1cc(NCCc2ccccc2)cc(NC(=O)c3cccs3)c1,5.41
32,CHEMBL3220448,CC1=C2SC(=CN2C(=O)N(Cc3ccccc3)C1=O)C(=O)NCc4ccccn4,5.46
33,CHEMBL3298241,CC(C)(C)c1ccccc1c2ccc3[nH]ncc3c2,5.47
34,CHEMBL3298244,FC(F)(F)Oc1ccccc1c2ccc3[nH]ncc3c2,5.47
35,CHEMBL3697708,CC(C)\C(=N/O)\C(=C\c1ccc(F)cc1)\C,5.48
36,CHEMBL3298432,O(c1ccccc1)c2ncnc3[nH]ccc23,5.5
37,CHEMBL3298252,Cc1n[nH]c2ccc(cc12)c3ccccc3C(F)(F)F,5.51
38,CHEMBL3298212,Fc1ccc(Oc2nccc3ccccc23)c(F)c1,5.51
39,CHEMBL3297780,COc1ccc2c(Oc3ccc(F)cc3F)ncnc2c1,5.52
40,CHEMBL3298500,Fc1ccc(Oc2ncnc3[nH]ccc23)cc1F,5.52
41,CHEMBL3311176,FC(F)(F)c1cc(NCc2ccccc2)cc(NC(=O)c3cccs3)c1,5.54
42,CHEMBL3311175,FC(F)(F)c1cc(NCc2cccs2)cc(NC(=O)c3cccs3)c1,5.57
43,CHEMBL3298499,Fc1cccc(Oc2ncnc3[nH]ccc23)c1F,5.57
44,CHEMBL3311187,CCCNc1cc(NC(=O)c2ccncc2)cc(c1)C(F)(F)F,5.59
45,CHEMBL3298585,Fc1ccc(Oc2ncnc3[nH]cc(I)c23)c(F)c1,5.6
46,CHEMBL3311178,COC(=O)Nc1cc(NC(=O)c2cccs2)cc(c1)C(F)(F)F,5.64
47,CHEMBL3220232,CC1=C2SC(=CN2C(=O)N(Cc3ccccc3)C1=O)C(=O)NCc4ccc(Cl)cc4,5.65
48,CHEMBL3220231,CC1=C2SC(=CN2C(=O)N(Cc3ccccc3)C1=O)C(=O)NCc4ccc(F)cc4,5.65
49,CHEMBL3787328,Clc1ccc(CCc2oc(CN3C=Nc4ncccc4C3=O)nn2)cc1,5.66
50,CHEMBL3298243,FC(F)c1ccccc1c2ccc3[nH]ncc3c2,5.66
51,CHEMBL3297777,Fc1ccc(Oc2nccc3occc23)c(F)c1,5.66
52,CHEMBL3787097,Clc1ccc(CCc2noc(CN3C=Nc4ncccc4C3=O)n2)cn1,5.67
53,CHEMBL3298581,Cc1[nH]c2ncnc(Oc3ccc(F)cc3F)c2c1C,5.7
54,CHEMBL233248,C=CCN=C=S,5.72
55,CHEMBL1086447,CCCCCC(=O)\C=C\C=O,5.72
56,CHEMBL3311195,CCCNc1cc(C)cc(NC(=O)c2c(F)cccc2F)c1,5.72
57,CHEMBL359965,[O-][S+](CC=C)SCC=C,5.72
58,CHEMBL3220230,CC1=C2SC(=CN2C(=O)N(Cc3ccccc3)C1=O)C(=O)NCc4ccccc4,5.73
59,CHEMBL3220229,COc1cc(CNC(=O)C2=CN3C(=O)N(Cc4ccccc4)C(=O)C(=C3S2)C)ccn1,5.76
60,CHEMBL3786811,Clc1ccc(CCNC(=O)CN2C=Nc3cnccc3C2=O)cc1,5.77
61,CHEMBL3220228,CC1=C2SC(=CN2C(=O)N(Cc3ccccc3)C1=O)C(=O)NCc4cccnc4,5.8
62,CHEMBL3298583,CCc1c[nH]c2ncnc(Oc3ccc(F)cc3F)c12,5.8
63,CHEMBL256738,CS(=O)(=O)SCCN,5.8
64,CHEMBL3787566,Clc1ccc(CCc2onc(CN3C=Nc4ncccc4C3=O)n2)cc1,5.8
65,CHEMBL3220227,CC1=C2SC(=CN2C(=O)N(Cc3ccccc3)C1=O)C(=O)NCc4ccc5nsnc5c4,5.84
66,CHEMBL3786836,COc1cccc2C(=O)N(CC(=O)NCCc3ccc(Cl)cc3)C=Nc12,5.84
67,CHEMBL3311188,CCCNc1cc(NC(=O)c2ccc(F)cc2)cc(c1)C(F)(F)F,5.85
68,CHEMBL3220226,CC1=C2SC(=CN2C(=O)N(Cc3ccccc3)C1=O)C(=O)NCc4ccc(C)cc4,5.86
69,CHEMBL3787443,Fc1cccc2C(=O)N(CC(=O)NCCc3ccc(Cl)cc3)C=Nc12,5.88
70,CHEMBL3311180,CC(C)C(C)Nc1cc(NC(=O)c2cccs2)cc(c1)C(F)(F)F,5.89
71,CHEMBL3298211,COc1ccc2c(Oc3ccc(F)cc3F)nccc2c1,5.89
72,CHEMBL3298245,N#Cc1ccccc1c2ccc3[nH]ncc3c2,5.89
73,CHEMBL3298235,Clc1ccccc1c2ccc3[nH]ncc3c2,5.91
74,CHEMBL3298249,Fc1cccc(c1c2ccc3[nH]ncc3c2)C(F)(F)F,5.91
75,CHEMBL3311189,CCCNc1cc(NC(=O)c2ccc(F)c(F)c2)cc(c1)C(F)(F)F,5.92
76,CHEMBL3314482,COCCCOc1cncc(c1)C2NC(=S)NC3=C2C(=O)c4ccccc34,5.92
77,CHEMBL3297779,COc1cc2ncnc(Oc3ccc(F)cc3F)c2cc1OC,5.92
78,CHEMBL3298505,Cc1cc2c(Oc3ccc(F)cc3F)ncnc2[nH]1,5.92
79,CHEMBL3220225,CC1=C2SC(=CN2C(=O)N(Cc3ccccc3)C1=O)C(=O)NCc4ccncc4,5.93
80,CHEMBL3785649,Clc1ccc(CCNC(=O)CN2C=Nc3ncccc3C2=O)cc1,5.93
81,CHEMBL1085947,CC(=O)CBr,5.96
82,CHEMBL3298690,Fc1ccc(Oc2cccc3[nH]ccc23)c(F)c1,5.96
83,CHEMBL3298761,Fc1ccc(Oc2nccc3ccoc23)c(F)c1,5.96
84,CHEMBL3593945,C=CCCCCCN=C=S,5.98
85,CHEMBL3593944,C=CCCCCN=C=S,5.98
86,CHEMBL3299021,CC(C)Oc1cc2[nH]ncc2cc1c3ccccc3C(F)(F)F,6.01
87,CHEMBL3314484,COCCCOc1cccc(n1)C2NC(=S)NC3=C2C(=O)c4ccccc34,6.01
88,CHEMBL3311186,CCCNc1cc(NC(=O)c2cccnc2)cc(c1)C(F)(F)F,6.03
89,CHEMBL3787029,Clc1ccc(\C=C\c2onc(CN3C=Nc4ncccc4C3=O)n2)cc1,6.03
90,CHEMBL3314490,S=C1NC(c2cccc(OCc3cccnc3)c2)c4oc5ncccc5c4N1,6.03
91,CHEMBL3786920,Clc1ccc(CCc2noc(CN3C=Nc4nccnc4C3=O)n2)cc1,6.04
92,CHEMBL3697707,CC(C)\C(=N\O)\C(=C\c1ccc(F)cc1)\C,6.07
93,CHEMBL3311181,CC(C)CNc1cc(NC(=O)c2cccs2)cc(c1)C(F)(F)F,6.1
94,CHEMBL402589,CN1C(=O)\C(=C\C(=O)C)\c2ccccc12,6.1
95,CHEMBL3787010,Cc1cccc2C(=O)N(CC(=O)NCCc3ccc(Cl)cc3)C=Nc12,6.1
96,CHEMBL3697710,CC\C(=N\O)\C(=C\c1ccc(F)cc1)\C,6.15
97,CHEMBL3298430,Fc1ccc(Oc2ncnc3[nH]ccc23)c(F)c1,6.15
98,CHEMBL3314485,O=C1C2=C(NC(=S)NC2c3cccc(OCc4cccnc4)c3)c5ccccc15,6.15
99,CHEMBL3593941,CC(C)CN=C=S,6.16
100,CHEMBL3220224,CC1=C2SC(=CN2C(=O)N(Cc3ccccc3)C1=O)C(=O)NCc4ccc5[nH]ccc5c4,6.17
101,CHEMBL3593576,CCC(C)N=C=S,6.17
102,CHEMBL3298582,Cc1c[nH]c2ncnc(Oc3ccc(F)cc3F)c12,6.19
103,CHEMBL3297861,COc1cc2ccnc(Oc3ccc(F)cc3F)c2cc1OC,6.2
104,CHEMBL3298584,Fc1ccc(Oc2ncnc3[nH]cc(Cl)c23)c(F)c1,6.2
105,CHEMBL3593948,CSCCCCCCCN=C=S,6.22
106,CHEMBL3298239,CCc1ccccc1c2ccc3[nH]ncc3c2,6.23
107,CHEMBL3314487,COCCCOc1cccc(c1)[C@H]2NC(=S)Nc3c2oc4ccccc34,6.23
108,CHEMBL3697714,CC\C(=N/O)\C(=C\c1ccc(F)c(F)c1)\C,6.24
109,CHEMBL574688,CSCCCCCCN=C=S,6.24
110,CHEMBL3298242,FC(F)(F)c1ccccc1c2ccc3[nH]ncc3c2,6.26
111,CHEMBL3593943,C=CCCCN=C=S,6.27
112,CHEMBL2208211,CC(C)N=C=S,6.28
113,CHEMBL3298240,CC(C)c1ccccc1c2ccc3[nH]ncc3c2,6.29
114,CHEMBL3697704,CCC\C(=N/O)\C(=C\c1ccc(F)cc1)\C,6.3
115,CHEMBL3593947,CSCCCCCN=C=S,6.3
116,CHEMBL3186484,CSCCCN=C=S,6.35
117,CHEMBL2151143,CSCCCCN=C=S,6.38
118,CHEMBL3298431,Fc1ccc(Oc2ncnc3[nH]ccc23)cc1,6.39
119,CHEMBL3220453,CC1=C2SC(=CN2C(=O)N(Cc3ccccc3)C1=O)C(=O)N4CCC(CC4)c5ccccc5F,6.4
120,CHEMBL3311182,CCCNc1cc(NC(=O)c2cccs2)cc(c1)C(F)(F)F,6.41
121,CHEMBL3752895,Cc1cc(cc(C)c1F)S(=O)(=O)N2C[C@H](F)C[C@@H]2c3ccc(F)cc3,6.42
122,CHEMBL3785110,Clc1ccc(CCc2noc(CN3C=Nc4ncccc4C3=O)n2)cc1,6.43
123,CHEMBL3593942,C=CCCN=C=S,6.44
124,CHEMBL3754445,Fc1ccc(cc1)[C@H]2CCCN2S(=O)(=O)c3cc(Cl)c(F)c(Cl)c3,6.46
125,CHEMBL3298322,COc1cc2ccnc(Oc3ccc(F)cc3)c2cc1OC,6.48
126,CHEMBL3298760,Fc1ccc(Oc2nccc3[nH]ccc23)c(F)c1,6.5
127,CHEMBL55285,S=C=NCc1ccccc1,6.5
128,CHEMBL3297778,Fc1ccc(Oc2nccc3[nH]ccc23)cc1,6.51
129,CHEMBL3298248,Fc1ccc(c(c1)c2ccc3[nH]ncc3c2)C(F)(F)F,6.51
130,CHEMBL1085100,O1c2ccccc2C=Nc3ccccc13,6.51
131,CHEMBL3314486,O=C1C2=C(NC(=S)NC2c3cccc(OCc4ccccn4)c3)c5ccccc15,6.52
132,CHEMBL3298250,Fc1c(ccc2[nH]ncc12)c3ccccc3C(F)(F)F,6.53
133,CHEMBL3311183,CC(C)Nc1cc(NC(=O)c2cccs2)cc(c1)C(F)(F)F,6.54
134,CHEMBL3754617,Cc1cc(C)cc(c1)S(=O)(=O)N2[C@H](CO)CC[C@@H]2c3ccc(F)cc3,6.54
135,CHEMBL3786619,FC(F)(F)c1cccc2C(=O)N(CC(=O)NCCc3ccc(Cl)cc3)C=Nc12,6.54
136,CHEMBL3752891,COC[C@@H]1CC[C@@H](N1S(=O)(=O)c2cc(C)c(F)c(C)c2)c3ccc(F)cc3,6.57
137,CHEMBL3786110,Cc1ccc2N=CN(CC(=O)NCCc3ccc(Cl)cc3)C(=O)c2c1,6.58
138,CHEMBL3786639,OC(Cc1noc(CN2C=Nc3ncccc3C2=O)n1)c4ccc(Cl)cc4,6.6
139,CHEMBL3785390,Cn1cnc2N=CN(Cc3noc(CCc4ccc(Cl)cc4)n3)C(=O)c12,6.68
140,CHEMBL3220452,CC1=C2SC(=CN2C(=O)N(Cc3ccccc3)C1=O)C(=O)N4CCC(CC4)Oc5cccc(Cl)c5,6.7
141,CHEMBL3220451,CC1=C2SC(=CN2C(=O)N(Cc3ccccc3)C1=O)C(=O)N4CCC(CC4)Oc5ccccc5F,6.7
142,CHEMBL3311184,CCCNc1cc(NC(=O)c2ccccc2)cc(c1)C(F)(F)F,6.7
143,CHEMBL3314488,COCCCOc1cccc(c1)C2NC(=S)Nc3c2oc4c(F)cccc34,6.7
144,CHEMBL3787289,Clc1ccc(CCNC(=O)CN2C=Nc3c(cccc3C2=O)C#N)cc1,6.7
145,CHEMBL3752532,Cc1cc(ccc1F)S(=O)(=O)N2[C@H](CO)CC[C@@H]2c3ccc(F)cc3,6.72
146,CHEMBL3314489,COCCCOc1cccc(c1)[C@H]2NC(=S)Nc3c2oc4ncccc34,6.77
147,CHEMBL3786010,C\C(=C/c1onc(CN2C=Nc3ncn(C)c3C2=O)n1)\c4ccc(Cl)cc4,6.78
148,CHEMBL3787353,CC(Cc1onc(CN2C=Nc3ncccc3C2=O)n1)c4ccc(Cl)cc4,6.82
149,CHEMBL3220450,CC1=C2SC(=CN2C(=O)N(Cc3ccccc3)C1=O)C(=O)N4CC[C@@H](C4)Oc5ccccc5C(F)(F)F,6.82
150,CHEMBL2376842,CN(C1CCCCC1)C(=O)n2nnc(Cc3ccc(cc3)c4ccccc4)n2,6.82
151,CHEMBL3786810,Clc1ccc(CCc2noc(CN3C=Nc4ncncc4C3=O)n2)cc1,6.82
152,CHEMBL3299023,COCc1cc2[nH]ncc2cc1c3ccccc3C(F)(F)F,6.85
153,CHEMBL3785216,Clc1ccc(CCc2noc(CN3C=Nc4nnccc4C3=O)n2)cc1,6.87
154,CHEMBL3785736,Cn1cnc2N=CN(Cc3onc(CCc4ccc(Cl)cc4)n3)C(=O)c12,6.88
155,CHEMBL3754449,Cc1cc(cc(Cl)c1F)S(=O)(=O)N2[C@H](CO)CC[C@@H]2c3ccc(F)cc3,6.89
156,CHEMBL3299026,FC(F)(F)c1ccccc1c2cc3cn[nH]c3cc2C#N,6.89
157,CHEMBL3787359,C\C(=C/c1onc(CN2C=Nc3ncccc3C2=O)n1)\c4ccc(Cl)cc4,6.94
158,CHEMBL3311190,CCCNc1cc(NC(=O)c2c(F)cccc2F)cc(c1)C(F)(F)F,6.96
159,CHEMBL3754351,Cc1cc(cc(C)c1F)S(=O)(=O)N2CCC[C@@H]2c3ccc(F)cc3,6.96
160,CHEMBL3753452,OC[C@@H]1CC[C@@H](N1S(=O)(=O)c2cc(Cl)c(F)c(Cl)c2)c3ccc(F)cc3,6.96
161,CHEMBL3298927,FC(F)c1cc2[nH]ncc2cc1c3ccccc3C(F)(F)F,6.99
162,CHEMBL258455,CC(=O)\C=C/1\C(=O)N(CC#C)c2ccccc12,7.0
163,CHEMBL3220449,CC1=C2SC(=CN2C(=O)N(Cc3ccccc3)C1=O)C(=O)N4CC[C@H](C4)Oc5ccccc5C(F)(F)F,7.0
164,CHEMBL3309280,CC(C)Nc1cc(NC(=O)c2c(F)cccc2F)cc(c1)C(F)(F)F,7.04
165,CHEMBL3311192,CCNc1cc(NC(=O)c2c(F)cccc2F)cc(c1)C(F)(F)F,7.13
166,CHEMBL3697701,CC\C(=N/O)\C(=C\c1ccc(F)cc1)\C,7.13
167,CHEMBL3786508,C\C(=C/c1noc(CN2C=Nc3ncn(C)c3C2=O)n1)\c4ccc(Cl)cc4,7.15
168,CHEMBL3787125,Cc1cccc2N=CN(CC(=O)NCCc3ccc(Cl)cc3)C(=O)c12,7.16
169,CHEMBL3753909,Cc1cc(cc(C)c1F)S(=O)(=O)N2[C@H](CO)CC[C@@H]2c3ccc(F)cc3,7.2
170,CHEMBL3298926,FC(F)(F)c1ccccc1c2cc3cn[nH]c3cc2C4CC4,7.22
171,CHEMBL1085943,COC(=O)c1ccc2C=Nc3ccccc3Oc2c1,7.28
172,CHEMBL3786037,Cn1ncc2N=CN(Cc3onc(CCc4ccc(Cl)cc4)n3)C(=O)c12,7.28
173,CHEMBL3298924,CCc1cc2[nH]ncc2cc1c3ccccc3C(F)(F)F,7.3
174,CHEMBL3299025,FC(F)Oc1cc2[nH]ncc2cc1c3ccccc3C(F)(F)F,7.3
175,CHEMBL3298251,Fc1cc2[nH]ncc2cc1c3ccccc3C(F)(F)F,7.32
176,CHEMBL3785133,FC(Cc1noc(CN2C=Nc3ncccc3C2=O)n1)c4ccc(Cl)cc4,7.39
177,CHEMBL1085948,CCOC(=O)CBr,7.41
178,CHEMBL3299020,CCOc1cc2[nH]ncc2cc1c3ccccc3C(F)(F)F,7.41
179,CHEMBL3299024,FC(F)(F)Oc1cc2[nH]ncc2cc1c3ccccc3C(F)(F)F,7.44
180,CHEMBL1939972,COCCCOc1cccc(c1)C2NC(=S)NC3=C2C(=O)c4ccccc34,7.52
181,CHEMBL1939826,COCCCOc1cccc(c1)[C@H]2NC(=S)NC3=C2C(=O)c4ccccc34,7.59
182,CHEMBL3299019,COc1cc2[nH]ncc2cc1c3ccccc3C(F)(F)F,7.59
183,CHEMBL3299022,FC(F)(F)c1ccccc1c2cc3cn[nH]c3cc2OCC4CC4,7.59
184,CHEMBL3298922,FC(F)(F)c1ccccc1c2cc3cn[nH]c3cc2Cl,7.62
185,CHEMBL3753942,Cc1cc(cc(C)c1F)S(=O)(=O)N2CC(F)(F)C[C@@H]2c3ccc(F)cc3,7.64
186,CHEMBL3754638,Cc1cc(cc(C)c1F)S(=O)(=O)N2CC[C@@H](F)[C@@H]2c3ccc(F)cc3,7.7
187,CHEMBL3298923,Cc1cc2[nH]ncc2cc1c3ccccc3C(F)(F)F,7.7
188,CHEMBL3787249,Cc1ccnc2N=CN(Cc3onc(CCc4ccc(Cl)cc4)n3)C(=O)c12,7.8
189,CHEMBL1085832,BrC(C#N)c1ccccc1,8.0
190,CHEMBL1084638,CCCCOC(=O)c1cccc2C=Nc3ccccc3Cc12,8.07
191,CHEMBL1085101,C1c2ccccc2C=Nc3ccccc13,8.52
192,CHEMBL1085103,COC(=O)c1ccc2N=Cc3ccccc3Cc2c1,9.24
193,CHEMBL1084639,COC(=O)c1cccc2N=Cc3ccccc3Cc12,9.24
194,CHEMBL1084098,COC(=O)c1cccc2N=Cc3ccccc3Oc12,9.93
195,CHEMBL1084097,NC(=O)c1cccc2N=Cc3ccccc3Oc12,9.94
196,CHEMBL1085102,COC(=O)c1cccc2C=Nc3ccccc3Cc12,10.0
197,CHEMBL1084640,NC(=O)c1cccc2C=Nc3ccccc3Oc12,10.12
198,CHEMBL1084637,COC(=O)c1cccc2C=Nc3ccccc3Oc12,10.22
