,molecule_chembl_id,canonical_smiles,pchembl_value
0,CHEMBL2418817,Cc1sc(Nc2ccc(Cl)cc2F)nc1C(=O)N3CCc4ncccc4C3,5.2
1,CHEMBL2418805,Cc1ccc(Nc2nc(cs2)C(=O)N3CCC(CC3)C4CCCCC4)cc1,5.4
2,CHEMBL2418821,CC1CCN(CC1)C(=O)c2csc(Nc3ccccc3Cl)n2,5.5
3,CHEMBL2418804,COc1ccc(Nc2nc(cs2)C(=O)N3CCC(CC3)c4ccccc4)cc1,5.8
4,CHEMBL2418812,C[C@@H]1CCCN([C@@H]1C)C(=O)c2nc(Nc3ccc(Cl)cc3F)sc2C,5.8
5,CHEMBL2418816,CC1N(CCc2ncccc12)C(=O)c3nc(Nc4ccc5OCOc5c4)sc3C,5.9
6,CHEMBL2418819,CC1CCN(CC1)C(=O)c2csc(Nc3ccc(Cl)cc3)n2,6.1
7,CHEMBL2418820,COc1ccc(Nc2nc(cs2)C(=O)N3CCC(C)CC3)cc1,6.1
8,CHEMBL2418824,CC1CCCCN1C(=O)c2csc(Nc3ccc(C)cc3)n2,6.2
9,CHEMBL2418822,CC1CCN(CC1)C(=O)c2csc(Nc3ccc(Cl)cc3F)n2,6.2
10,CHEMBL1506485,COc1ccc(Nc2nc(cs2)C(=O)N3CCc4ccccc4C3)cc1,6.3
11,CHEMBL2418818,CC1CCN(CC1)C(=O)c2csc(Nc3ccc(C)cc3)n2,6.4
12,CHEMBL2418823,CC1CCN(CC1)C(=O)c2csc(Nc3ccc4OCOc4c3)n2,6.8
13,CHEMBL2418813,O=C(N1CCc2ccccc2C1)c3csc(Nc4ccc5OCOc5c4)n3,6.8
14,CHEMBL2418806,CC1CCCN(C1C)C(=O)c2csc(Nc3ccc(C)cc3)n2,7.1
15,CHEMBL2418814,CC1N(CCc2ccccc12)C(=O)c3csc(Nc4ccc5OCOc5c4)n3,7.2
16,CHEMBL2418810,CC1CCCN(C1C)C(=O)c2nc(Nc3ccc(Cl)cc3F)sc2C,7.3
17,CHEMBL2418815,CC1N(CCc2ccccc12)C(=O)c3nc(Nc4ccc5OCOc5c4)sc3C,7.5
18,CHEMBL2418808,CC1CCCN(C1C)C(=O)c2nc(Nc3cc4OCOc4cc3F)sc2C,7.6
19,CHEMBL2418807,CC1CCCN(C1C)C(=O)c2csc(Nc3ccc4OCOc4c3)n2,7.8
20,CHEMBL2418811,C[C@H]1CCCN([C@H]1C)C(=O)c2nc(Nc3ccc(Cl)cc3F)sc2C,7.8
21,CHEMBL2418809,CC1CCCN(C1C)C(=O)c2nc(Nc3cc4OCOc4cc3F)sc2Cl,8.4
