,molecule_chembl_id,canonical_smiles,pchembl_value
0,levomenthol,CC(C)[C@@H]1CC[C@@H](C)C[C@H]1O,4.5999999
1,CHEMBL3353578,OC(=O)c1ccc(cc1)S(=O)(=O)N(Cc2ccccc2)c3ncccc3Cl,5.01
2,CHEMBL3218118,OC1(COc2ccc(C#N)c(F)c2)CN(C1)S(=O)(=O)c3ccc(Cl)cc3Cl,5.02
3,CHEMBL3298923,Cc1cc2[nH]ncc2cc1c3ccccc3C(F)(F)F,5.04
4,CHEMBL3298242,FC(F)(F)c1ccccc1c2ccc3[nH]ncc3c2,5.05
5,CHEMBL2442031,CC(C)N([C@@H]1CCC[C@H](N)C1)C(=O)c2ccccc2OCc3ccccc3,5.06
6,CHEMBL3352829,OC(=O)c1ccc(cc1)S(=O)(=O)N(Cc2ccccn2)c3ncc(cc3Cl)C(F)(F)F,5.08
7,CHEMBL2442010,CCN(C1CCCC(N)C1)C(=O)c2ccccc2OCc3ccc(cc3)C#N,5.17
8,CHEMBL3299024,FC(F)(F)Oc1cc2[nH]ncc2cc1c3ccccc3C(F)(F)F,5.19
9,CHEMBL3577901,COc1ccc(cc1)C(C)N(Cc2cccc(c2)C(=O)O)C(=O)c3cnc4ccccc4c3,5.21
10,CHEMBL3218114,OC1(COc2ccc(cc2)C#N)CCN(CC1)S(=O)(=O)c3ccc(Cl)cc3Cl,5.32
11,CHEMBL3299022,FC(F)(F)c1ccccc1c2cc3cn[nH]c3cc2OCC4CC4,5.36
12,CHEMBL3353591,OC(=O)c1ccc(cc1)S(=O)(=O)N(CCN2CCOCC2)c3ncc(cc3Cl)C(F)(F)F,5.43
13,CHEMBL3577884,CC(N(Cc1cccc(c1)C(=O)O)C(=O)c2ccc3OCCc3c2)c4ccc(F)cc4,5.44
14,CHEMBL3577891,C[C@@H](N(Cc1ccc(F)c(c1)C(=O)O)C(=O)c2cnc3ccccc3c2)c4ccc(F)cc4,5.48
15,CHEMBL2442036,CN([C@@H]1CCC[C@H](N)C1)C(=O)c2ccccc2OCc3ccccc3,5.5
16,CHEMBL3353586,OC(=O)c1ccc(cc1)S(=O)(=O)N(Cc2ccccc2)c3ccc(cn3)C(F)(F)F,5.53
17,CHEMBL3353585,OC(=O)c1ccc(cc1)S(=O)(=O)N(Cc2ccccc2)c3ncc(cc3C#N)C(F)(F)F,5.61
18,CHEMBL2443080,O=C(Nc1ccccc1)N2CCC3(CC2)CCc4ccccc4O3,5.62
19,CHEMBL2442034,N[C@H]1CCC[C@H](C1)N(C2CC2)C(=O)c3ccccc3OCc4ccccc4,5.7
20,CHEMBL2442012,CCN(C1CCCC(N)C1)C(=O)c2ccccc2OCc3ccccc3C#N,5.73
21,CHEMBL3577895,C[C@@H](N(Cc1cccc(c1)c2nn[nH]n2)C(=O)c3cnc4ccccc4c3)c5ccc(F)cc5,5.79
22,CHEMBL3353587,OC(=O)c1ccc(cc1)S(=O)(=O)N(Cc2ccccc2)c3ncc(Cl)cc3C(F)(F)F,5.81
23,CHEMBL2442032,CCCCN([C@@H]1CCC[C@H](N)C1)C(=O)c2ccccc2OCc3ccccc3,5.85
24,CHEMBL3235960,OC(=O)c1ccc(NC(=O)N2CCc3ccccc3[C@H]2c4ccc(cc4)C(F)(F)F)cc1,5.86
25,CHEMBL2442033,N[C@H]1CCC[C@H](C1)N(C2CCC2)C(=O)c3ccccc3OCc4ccccc4,5.87
26,CHEMBL3235974,Fc1ccc(NC(=O)N2CCc3cnccc3C2c4ccc(cc4)C(F)(F)F)cc1,5.9
27,CHEMBL2442037,CCCN([C@@H]1CCC[C@H](N)C1)C(=O)c2ccccc2OCc3ccccc3,5.91
28,CHEMBL2442051,NCCN(Cc1cccs1)C(=O)c2ccccc2OCc3ccccc3,5.91
29,CHEMBL3577890,C[C@@H](N(Cc1cccc(n1)C(=O)O)C(=O)c2cnc3ccccc3c2)c4ccc(F)cc4,5.94
30,CHEMBL3687382,Cn1ccc2c(ncc(Cl)c12)N(Cc3ccc(OC(F)(F)F)cc3)S(=O)(=O)c4ccc(cc4)C(=O)O,6.01
31,CHEMBL3577882,C[C@@H](N(Cc1cccc(c1)C(=O)O)C(=O)c2cc3cc[nH]c3cn2)c4ccc(F)cc4,6.02
32,CHEMBL3687321,[Na+].Cc1c(ncc2ccn(C)c12)N(Cc3ccc(OC(F)(F)F)cc3)S(=O)(=O)c4ccc(cc4)C(=O)[O-],6.06
33,CHEMBL3577880,C[C@@H](N(Cc1cccc(c1)C(=O)O)C(=O)c2cccc(c2)c3ccccc3)c4ccc(F)cc4,6.08
34,CHEMBL441472,CC(C)(C)c1ccc(NC(=O)N2CCN(CC2)c3ncccc3Cl)cc1,6.1
35,CHEMBL3235977,Fc1ccc(NC(=O)N2CCc3cncnc3C2c4ccc(cc4)C(F)(F)F)cc1,6.11
36,CHEMBL3353588,OC(=O)c1ccc(cc1)S(=O)(=O)N(CCc2ccccc2)c3ncc(cc3Cl)C(F)(F)F,6.12
37,CHEMBL3353584,Cc1cc(cnc1N(Cc2ccccc2)S(=O)(=O)c3ccc(cc3)C(=O)O)C(F)(F)F,6.13
38,CHEMBL3353581,Cc1cnc(N(Cc2ccccc2)S(=O)(=O)c3ccc(cc3)C(=O)O)c(Cl)c1,6.15
39,CHEMBL3682611,Cc1cc2ccc(Cl)cc2nc1N(Cc3ccc(OC(F)(F)F)cc3)S(=O)(=O)c4ccc(cc4)C(=O)O,6.16
40,CHEMBL2443069,FC(F)(F)c1ccc(NC(=O)N2CCC3(CC2)CC(=O)c4cccc(Br)c4O3)cc1,6.18
41,CHEMBL2443082,Fc1ccc2OC3(CCN(CC3)C(=O)Nc4ccc(cc4)C(F)(F)F)CCc2c1,6.18
42,CHEMBL3687350,Cc1c(ncc2ccccc12)N(Cc3ccc4cn[nH]c4c3)S(=O)(=O)c5ccc(cc5)C(=O)O,6.22
43,CHEMBL2442030,N[C@H]1CCC[C@H](C1)N(CC2CC2)C(=O)c3ccccc3OCc4ccccc4,6.23
44,CHEMBL3687336,[Na+].Cc1c(ncc2ccccc12)N(Cc3ncc(CC4CC4)cn3)S(=O)(=O)c5ccc(cc5)C(=O)[O-],6.25
45,CHEMBL2443087,Clc1cccc2CCC3(CCN(CC3)C(=O)Nc4ccc(cc4)C#N)Oc12,6.27
46,CHEMBL3687407,Cc1c(ncc2ccccc12)N(Cc3ccc4[nH]cc(Cl)c4c3)S(=O)(=O)c5ccc(cc5)C(=O)O,6.28
47,CHEMBL2442011,CCN(C1CCCC(N)C1)C(=O)c2ccccc2OCc3cccc(c3)C#N,6.31
48,CHEMBL3235975,Fc1ccc(NC(=O)N2CCc3ccncc3C2c4ccc(cc4)C(F)(F)F)cc1,6.33
49,CHEMBL2443064,Fc1cc(Cl)c2OC3(CCN(CC3)C(=O)Nc4ccc(cc4)C(F)(F)F)CCc2c1,6.34
50,CHEMBL3577893,C[C@@H](N(Cc1cc(ccc1F)C(=O)O)C(=O)c2cnc3ccccc3c2)c4ccc(F)cc4,6.35
51,CHEMBL2442018,CCN([C@H]1CCC[C@@H](N)C1)C(=O)c2ccccc2OCc3ccccc3F,6.36
52,CHEMBL3235961,FC(F)(F)c1ccc(cc1)[C@H]2N(CCc3ccccc23)C(=O)Nc4ccccc4C#N,6.37
53,CHEMBL3353571,OC(=O)c1cccc(c1)S(=O)(=O)N(Cc2ccccc2)c3ncc(cc3Cl)C(F)(F)F,6.39
54,CHEMBL3235966,FC(F)(F)c1ccc(cc1)[C@H]2N(CCc3ccccc23)C(=O)Nc4ccncc4,6.4
55,CHEMBL3235973,Fc1ccc(NC(=O)N2CCc3ncccc3[C@H]2c4ccc(cc4)C(F)(F)F)cc1,6.41
56,CHEMBL3577886,C[C@@H](N(Cc1cccc(c1)C(=O)O)C(=O)c2cc3ccccc3nn2)c4ccc(F)cc4,6.47
57,CHEMBL3687329,[Na+].Cc1c(ncc2ncccc12)N(Cc3ccc(OC(F)(F)F)cc3)S(=O)(=O)c4ccc(cc4)C(=O)[O-],6.47
58,CHEMBL3577903,CC[C@@H](N(Cc1cccc(c1)C(=O)O)C(=O)c2cnc3ccccc3c2)c4oc(C)cc4,6.48
59,CHEMBL3235972,Fc1ccc(NC(=O)N2CC(F)(F)c3ccccc3C2c4ccc(cc4)C(F)(F)F)cc1,6.49
60,CHEMBL3576881,C[C@@H](N(Cc1cccc(c1)C(=O)O)C(=O)c2cn3ccccc3n2)c4ccc(F)cc4,6.51
61,CHEMBL258405,Oc1ccccc1N2CC=C(NC2=O)c3cccc(c3)[N+](=O)[O-],6.52
62,CHEMBL3687330,[Na+].Cc1c(ncc2ccncc12)N(Cc3ccc(OC(F)(F)F)cc3)S(=O)(=O)c4ccc(cc4)C(=O)[O-],6.52
63,CHEMBL2443067,Fc1cccc2C(=O)CC3(CCN(CC3)C(=O)Nc4ccc(cc4)C(F)(F)F)Oc12,6.53
64,CHEMBL2442020,CCN([C@H]1CCC[C@@H](N)C1)C(=O)c2ccccc2OCc3ccccc3C,6.54
65,CHEMBL3577898,C[C@@H](N(Cc1cccc(c1)C(=O)O)C(=O)c2cnc3ccccc3c2)c4ccc(F)cc4F,6.54
66,CHEMBL2443088,Cc1ccc(NC(=O)N2CCC3(CC2)CCc4cccc(Cl)c4O3)cc1,6.54
67,CHEMBL3687322,OC(=O)c1ccc(cc1)S(=O)(=O)N(Cc2ccc(OC(F)(F)F)cc2)c3cc4c(Cl)cccc4c(Br)n3,6.54
68,CHEMBL2443081,FC(F)(F)c1ccc(NC(=O)N2CCC3(CC2)CCc4ccccc4O3)cc1,6.55
69,CHEMBL2443065,FC(F)(F)c1csc(NC(=O)N2CCC3(CC2)CCc4cccc(Cl)c4O3)n1,6.58
70,CHEMBL2442014,CCN([C@H]1CCC[C@@H](N)C1)C(=O)c2ccccc2OCc3ccc(Cl)cc3,6.6
71,CHEMBL3687388,OC(=O)c1ccc(cc1)S(=O)(=O)N(Cc2ccc(OC(F)(F)F)cc2)c3cc4c(cccc4cn3)C5CC5,6.62
72,CHEMBL3577906,C[C@@H](N(Cc1cccc(c1)C(=O)O)C(=O)c2cc3ccccn3n2)c4ccc(F)cc4F,6.63
73,CHEMBL2443068,FC(F)(F)c1ccc(NC(=O)N2CCC3(CC2)CC(=O)c4cccc(Cl)c4O3)cc1,6.64
74,CHEMBL3353583,OC(=O)c1ccc(cc1)S(=O)(=O)N(Cc2ccccc2)c3ncc(cc3F)C(F)(F)F,6.67
75,CHEMBL3353577,OCCNC(=O)c1ccc(cc1)S(=O)(=O)N(Cc2ccccc2)c3ncc(cc3Cl)C(F)(F)F,6.67
76,CHEMBL3577900,CC[C@@H](N(Cc1cccc(c1)C(=O)O)C(=O)c2cnc3ccccc3c2)c4ccc(F)cc4,6.7
77,CHEMBL3235978,Fc1ccc(NC(=O)N2CCc3nccnc3[C@H]2c4ccc(cc4)C(F)(F)F)cc1,6.7
78,CHEMBL3353579,OC(=O)c1ccc(cc1)S(=O)(=O)N(Cc2ccccc2)c3ncc(Cl)cc3Cl,6.7
79,CHEMBL3682604,Cc1c(ncc2ccccc12)N(Cc3oc4ccccc4n3)S(=O)(=O)c5ccc(cc5)C(=O)O,6.71
80,CHEMBL3577907,C[C@@H](N(Cc1cccc(n1)C(=O)O)C(=O)c2cc3ccccc3cn2)c4ccc(F)cc4F,6.72
81,CHEMBL3577885,C[C@@H](N(Cc1cccc(c1)C(=O)O)C(=O)c2cnc3ccccc3c2)c4ccc(F)cc4,6.74
82,CHEMBL3353569,FC(F)(F)c1cnc(N(Cc2ccccc2)S(=O)(=O)c3ccccc3)c(Cl)c1,6.74
83,CHEMBL2440148,Fc1cccc2C(=O)CC3(CCN(CC3)C(=O)Nc4ccc(OC(F)(F)F)cc4)Oc12,6.74
84,CHEMBL2443089,FC(F)(F)c1ccc(NC(=O)N2CCC3(CC2)CCc4cccc(Cl)c4O3)c(Cl)c1,6.75
85,CHEMBL3235964,FC(F)(F)c1ccc(cc1)[C@H]2N(CCc3ccccc23)C(=O)Nc4ccccn4,6.77
86,CHEMBL3687335,[Na+].Cc1c(ncc2ccccc12)N(Cc3cnc4ccccc4c3)S(=O)(=O)c5ccc(cc5)C(=O)[O-],6.78
87,CHEMBL3687359,Cc1nc2cc(CN(c3ncc4ccccc4c3C)S(=O)(=O)c5ccc(cc5)C(=O)O)ccc2s1,6.81
88,CHEMBL3235971,FC(F)(F)C(NC(=O)N1CCc2ccccc2[C@H]1c3ccc(cc3)C(F)(F)F)c4ccccc4,6.81
89,CHEMBL3235963,FC(F)(F)c1ccc(cc1)[C@H]2N(CCc3ccccc23)C(=O)Nc4ccc(cc4)C#N,6.81
90,CHEMBL3687361,Cc1nc2ccc(CN(c3ncc4ccccc4c3C)S(=O)(=O)c5ccc(cc5)C(=O)O)cc2s1,6.83
91,CHEMBL3577883,C[C@@H](N(Cc1cccc(c1)C(=O)O)C(=O)c2cc3ccccc3s2)c4ccc(F)cc4,6.84
92,CHEMBL3682612,Cc1ccc2cnc(N(Cc3ccc(OC(F)(F)F)cc3)S(=O)(=O)c4ccc(cc4)C(=O)O)c(C)c2c1,6.87
93,CHEMBL3682620,OC(=O)c1ccc(cc1)S(=O)(=O)N(Cc2ccc(OC(F)(F)F)cc2)c3cc4ccccc4c(Br)n3,6.88
94,CHEMBL3687340,[Na+].Cc1c(ncc2ccccc12)N(Cc3cc4cc(Cl)ccc4n3C5CC5)S(=O)(=O)c6ccc(cc6)C(=O)[O-],6.88
95,CHEMBL3687358,OC(=O)c1ccc(cc1)S(=O)(=O)N(C2CCc3cc(OC(F)(F)F)ccc23)c4ncc5ccccc5c4C6CC6,6.89
96,CHEMBL3577905,CC[C@@H](N(Cc1cccc(c1)C(=O)O)C(=O)c2cc3ccccn3n2)c4ccc(F)cc4F,6.91
97,CHEMBL3353582,OC(=O)c1ccc(cc1)S(=O)(=O)N(Cc2ccccc2)c3ncc(cc3Cl)c4ccccc4,6.91
98,CHEMBL3687384,Cc1c(nc(c2cccnc2)c3ccccc13)N(Cc4ccc(OC(F)(F)F)cc4)S(=O)(=O)c5ccc(cc5)C(=O)O,6.94
99,CHEMBL3682588,OC(=O)c1ccc(cc1)S(=O)(=O)N(Cc2ccc(OC(F)(F)F)cc2)c3cc4c(Cl)cccc4cn3,6.94
100,CHEMBL2443066,Fc1ccc2nc(NC(=O)N3CCC4(CC3)CCc5cccc(Cl)c5O4)sc2c1,6.95
101,CHEMBL3682608,Cc1ccc2c(C)c(ncc2c1)N(Cc3ccc(OC(F)(F)F)cc3)S(=O)(=O)c4ccc(cc4)C(=O)O,6.96
102,CHEMBL2443070,FC(F)(F)Oc1ccc(NC(=O)N2CCC3(CC2)CC(=O)c4cccc(Cl)c4O3)cc1,6.96
103,CHEMBL2443071,FC(F)(F)Oc1ccc(NC(=O)N2CCC3(CC2)CC(=O)c4cccc(Br)c4O3)cc1,6.97
104,CHEMBL3353590,OC(=O)c1ccc(cc1)S(=O)(=O)N(CC2CCCCC2)c3ncc(cc3Cl)C(F)(F)F,6.98
105,CHEMBL3687333,[Na+].CCn1c(CN(c2ncc3ccccc3c2C)S(=O)(=O)c4ccc(cc4)C(=O)[O-])cc5cc(Cl)ccc15,6.98
106,CHEMBL3687409,CNC(=O)c1ccc(cc1)S(=O)(=O)N(Cc2ccc(OC(F)(F)F)cc2)c3ncc4ccccc4c3C,6.99
107,CHEMBL3682595,CC(O)c1nc(N(Cc2ccc(OC(F)(F)F)cc2)S(=O)(=O)c3ccc(cc3)C(=O)O)c(C)c4ccccc14,7.01
108,CHEMBL2442015,CCN(C1CCCC(N)C1)C(=O)c2ccccc2OCc3cccc(Cl)c3,7.01
109,CHEMBL2443083,Fc1cccc2CCC3(CCN(CC3)C(=O)Nc4ccc(cc4)C(F)(F)F)Oc12,7.01
110,CHEMBL3687326,CC(=O)c1ccc(cc1)S(=O)(=O)N(Cc2ccc(OC(F)(F)F)cc2)c3ncc4ccccc4c3C,7.02
111,CHEMBL3682573,Cc1c(ncc2ccccc12)N(Cc3ccc(nc3)c4ccccc4)S(=O)(=O)c5ccc(cc5)C(=O)O,7.02
112,CHEMBL3353595,OC(=O)c1ccc(cc1)S(=O)(=O)N(Cc2ccccc2OC(F)(F)F)c3ncc(cc3Cl)C(F)(F)F,7.02
113,CHEMBL3577881,C[C@@H](N(Cc1cccc(c1)C(=O)O)C(=O)c2cc3ccccn3n2)c4ccc(F)cc4,7.03
114,CHEMBL3682607,OC(=O)c1ccc(cc1)S(=O)(=O)N(Cc2ccc(OC(F)(F)F)cc2)c3ncc(Cl)c4ccccc34,7.03
115,CHEMBL2443078,O[C@H]1CC2(CCN(CC2)C(=O)Nc3ccc(OC(F)(F)F)cc3)Oc4c(F)cccc14,7.03
116,CHEMBL3682548,[Na+].Cc1c(ncc2ccccc12)N(Cc3ccccc3)S(=O)(=O)c4ccc(cc4)C(=O)[O-],7.03
117,CHEMBL3682597,Cc1c(ncc2ccccc12)N(Cc3ccc4ccn(C)c4c3)S(=O)(=O)c5ccc(cc5)C(=O)O,7.04
118,CHEMBL3687319,Cc1cc2cc(F)ccc2nc1N(Cc3ccc(OC(F)(F)F)cc3)S(=O)(=O)c4ccc(cc4)C(=O)O,7.04
119,CHEMBL3682583,[Na+].Cc1c(nc(c2ccccc2)c3ccccc13)N(Cc4ccc(OC(F)(F)F)cc4)S(=O)(=O)c5ccc(cc5)C(=O)[O-],7.04
120,CHEMBL3682561,[Na+].Cc1c(ncc2ccccc12)N(Cc3ccc(OCC4CCCC4)cc3)S(=O)(=O)c5ccc(cc5)C(=O)[O-],7.04
121,CHEMBL3577889,C[C@@H](N(Cc1cccc(c1)C(=O)O)C(=O)c2cc3ccccc3cn2)c4ccc(F)cc4,7.05
122,CHEMBL2443072,OC1CC2(CCN(CC2)C(=O)Nc3ccc(cc3)C(F)(F)F)Oc4c(F)cccc14,7.05
123,CHEMBL2442016,CCN([C@H]1CCC[C@@H](N)C1)C(=O)c2ccccc2OCc3ccccc3Cl,7.07
124,CHEMBL3235962,FC(F)(F)c1ccc(cc1)[C@H]2N(CCc3ccccc23)C(=O)Nc4cccc(c4)C#N,7.08
125,CHEMBL3687339,[Na+].Cc1c(ncc2ccccc12)N(Cc3cc4ccccc4n3C5CC5)S(=O)(=O)c6ccc(cc6)C(=O)[O-],7.08
126,CHEMBL3682617,[Na+].Cc1c(Cl)c2ccccc2nc1N(Cc3ccc(OC(F)(F)F)cc3)S(=O)(=O)c4ccc(cc4)C(=O)[O-],7.09
127,CHEMBL3682579,Cc1c(ncc2ccccc12)N(CC3CCN(CC3)c4ccccc4)S(=O)(=O)c5ccc(cc5)C(=O)O,7.1
128,CHEMBL3235980,FC(F)(F)c1ccc(cc1)[C@H]2N(CCc3cccnc23)C(=O)Nc4ccc(cc4)C#N,7.1
129,CHEMBL3687345,Cc1c(ncc2ccccc12)N(Cc3ccc4c(CCC4(O)C(F)(F)F)c3)S(=O)(=O)c5ccc(cc5)C(=O)O,7.11
130,CHEMBL2442022,CCN([C@@H]1CCC[C@H](N)C1)C(=O)c2ccccc2OCc3ccccc3,7.12
131,CHEMBL3687383,OC(=O)c1ccc(cc1)S(=O)(=O)N(Cc2ccc(OC(F)(F)F)cc2)c3ncc(Cl)c4sccc34,7.13
132,CHEMBL3687334,[Na+].CCn1c(CN(c2ncc3ccccc3c2C)S(=O)(=O)c4ccc(cc4)C(=O)[O-])cc5ccc(Cl)cc15,7.15
133,CHEMBL3687320,Cc1cc2ccc(F)cc2nc1N(Cc3ccc(OC(F)(F)F)cc3)S(=O)(=O)c4ccc(cc4)C(=O)O,7.16
134,CHEMBL3353574,NC(=O)c1ccc(cc1)S(=O)(=O)N(Cc2ccccc2)c3ncc(cc3Cl)C(F)(F)F,7.16
135,CHEMBL3353576,CN(C)C(=O)c1ccc(cc1)S(=O)(=O)N(Cc2ccccc2)c3ncc(cc3Cl)C(F)(F)F,7.17
136,CHEMBL3682572,Cc1c(ncc2ccccc12)N(Cc3ccc(cn3)c4ccccc4)S(=O)(=O)c5ccc(cc5)C(=O)O,7.17
137,CHEMBL3353603,OC(=O)c1ccc(cc1)S(=O)(=O)N(Cc2ccc(cc2)C3(CC3)C#N)c4ncc(cc4Cl)C(F)(F)F,7.17
138,CHEMBL3687387,OC(=O)c1ccc(cc1)S(=O)(=O)N(Cc2ccc(OC(F)(F)F)cc2)c3cc4ccccc4c(n3)C5CC5,7.18
139,CHEMBL2443073,OC1CC2(CCN(CC2)C(=O)Nc3ccc(cc3)C(F)(F)F)Oc4c(Cl)cccc14,7.18
140,CHEMBL3682554,Cc1c(ncc2ccccc12)N(Cc3cccc4ccccc34)S(=O)(=O)c5ccc(cc5)C(=O)O,7.19
141,CHEMBL3577902,C[C@@H](N(Cc1cccc(c1)C(=O)O)C(=O)c2cnc3ccccc3c2)c4cccc(Cl)c4,7.21
142,CHEMBL3682602,Cc1c(ncc2ccccc12)N(Cc3ccc(OC(F)(F)F)cc3)S(=O)(=O)c4ccc(cc4)C(C)(C)O,7.21
143,CHEMBL3577904,C[C@@H](N(Cc1cccc(c1)C(=O)O)C(=O)c2cc3ccccc3cn2)c4ccc(F)cc4F,7.22
144,CHEMBL3353572,OC(=O)c1ccc(cc1)S(=O)(=O)N(Cc2ccccc2)c3ncc(cc3Cl)C(F)(F)F,7.22
145,CHEMBL2443062,O[C@H]1CC2(CCN(CC2)C(=O)Nc3ccc(OC(F)(F)F)cc3)Oc4c(Br)cccc14,7.22
146,CHEMBL3353575,CNC(=O)c1ccc(cc1)S(=O)(=O)N(Cc2ccccc2)c3ncc(cc3Cl)C(F)(F)F,7.24
147,CHEMBL3682576,Cc1c(ncc2ccccc12)N(Cc3ccc4CC(C)(C)Oc4c3)S(=O)(=O)c5ccc(cc5)C(=O)O,7.24
148,CHEMBL3682599,Cc1c(ncc2ccccc12)N(Cc3ccc4c(Cl)cn(C)c4c3)S(=O)(=O)c5ccc(cc5)C(=O)O,7.24
149,CHEMBL3353596,OC(=O)c1ccc(cc1)S(=O)(=O)N(Cc2cccc(OC(F)(F)F)c2)c3ncc(cc3Cl)C(F)(F)F,7.24
150,CHEMBL3687341,Cc1c(ncc2ccccc12)N(Cc3ccc(c(F)c3)C(C)(O)C(F)(F)F)S(=O)(=O)c4ccc(cc4)C(=O)O,7.26
151,CHEMBL3682621,CCc1cc2ccccc2nc1N(Cc3ccc(OC(F)(F)F)cc3)S(=O)(=O)c4ccc(cc4)C(=O)O,7.27
152,CHEMBL3682596,Cc1c(ncc2ccccc12)N(Cc3ccc4cc[nH]c4c3)S(=O)(=O)c5ccc(cc5)C(=O)O,7.27
153,CHEMBL3235970,C[C@@H](NC(=O)N1CCc2ccccc2[C@H]1c3ccc(cc3)C(F)(F)F)C(F)(F)F,7.28
154,CHEMBL3235982,C[C@H](NC(=O)N1CCc2ccccc2[C@H]1c3ccc(nc3)C(F)(F)F)C(F)(F)F,7.28
155,CHEMBL3682603,[Na+].Cc1c(ncc2ccccc12)N(Cc3cc4ccccc4cn3)S(=O)(=O)c5ccc(cc5)C(=O)[O-],7.28
156,CHEMBL2443084,FC(F)(F)c1ccc(NC(=O)N2CCC3(CC2)CCc4cccc(Cl)c4O3)cc1,7.31
157,CHEMBL3353589,OC(=O)c1ccc(cc1)S(=O)(=O)N(CCCc2ccccc2)c3ncc(cc3Cl)C(F)(F)F,7.31
158,CHEMBL3687324,CC(C)c1nc(N(Cc2ccc(OC(F)(F)F)cc2)S(=O)(=O)c3ccc(cc3)C(=O)O)c(C(C)C)c4ccccc14,7.32
159,CHEMBL3235959,Fc1ccccc1NC(=O)N2CCc3ccccc3[C@H]2c4ccc(cc4)C(F)(F)F,7.32
160,CHEMBL2443060,O[C@H]1CC2(CCN(CC2)C(=O)Nc3ccc(OC(F)(F)F)cc3)Oc4c(Cl)cccc14,7.33
161,CHEMBL3353605,CCn1ncc2cc(CN(c3ncc(cc3Cl)C(F)(F)F)S(=O)(=O)c4ccc(cc4)C(=O)O)ccc12,7.34
162,CHEMBL2443074,OC1CC2(CCN(CC2)C(=O)Nc3ccc(cc3)C(F)(F)F)Oc4c(Br)cccc14,7.35
163,CHEMBL3235968,CC(C)NC(=O)N1CCc2ccccc2[C@H]1c3ccc(cc3)C(F)(F)F,7.36
164,CHEMBL3687400,COc1nc(N(Cc2ccc(OC(F)(F)F)cc2)S(=O)(=O)c3ccc(cc3)C(=O)O)c(C)c4cccc(C)c14,7.36
165,CHEMBL3687401,Cc1c(ncc2cccc(Cl)c12)N(Cc3ccc(OC(F)(F)F)cc3)S(=O)(=O)c4ccc(cc4)C(=O)O,7.36
166,CHEMBL3682574,[Na+].Cc1c(ncc2ccccc12)N(Cc3cc4cc(Cl)ccc4n3C)S(=O)(=O)c5ccc(cc5)C(=O)[O-],7.36
167,CHEMBL3682544,[Na+].Cc1c(ncc2ccccc12)N(Cc3ccc(F)c(n3)C(F)(F)F)S(=O)(=O)c4ccc(cc4)C(=O)[O-],7.37
168,CHEMBL3353573,OCc1ccc(cc1)S(=O)(=O)N(Cc2ccccc2)c3ncc(cc3Cl)C(F)(F)F,7.38
169,CHEMBL2443086,FC(F)(F)Oc1ccc(NC(=O)N2CCC3(CC2)CCc4cccc(Cl)c4O3)cc1,7.39
170,CHEMBL3353593,OC(=O)c1ccc(cc1)S(=O)(=O)N(Cc2cccc(c2)C(F)(F)F)c3ncc(cc3Cl)C(F)(F)F,7.39
171,CHEMBL2441929,COc1ccc(NC(=O)[C@@H]2C[C@H](C)CC[C@H]2C(C)C)cc1,7.4
172,CHEMBL3682605,Cc1c(ncc2ccccc12)N(Cc3ccc(cc3)C(O)(C(F)(F)F)C(F)(F)F)S(=O)(=O)c4ccc(cc4)C(=O)O,7.4
173,CHEMBL3353598,OC(=O)c1ccc(cc1)S(=O)(=O)N(Cc2ccc(F)cc2)c3ncc(cc3Cl)C(F)(F)F,7.4
174,CHEMBL3682571,Cc1c(ncc2ccccc12)N(Cc3ccc(cn3)C(F)(F)F)S(=O)(=O)c4ccc(cc4)C(=O)O,7.42
175,CHEMBL3687332,[Na+].CCn1c(CN(c2ncc3ccccc3c2C)S(=O)(=O)c4ccc(cc4)C(=O)[O-])cc5ccccc15,7.42
176,CHEMBL3235967,CC(C)(C)NC(=O)N1CCc2ccccc2[C@H]1c3ccc(cc3)C(F)(F)F,7.43
177,CHEMBL3682560,[Na+].Cc1c(ncc2ccccc12)N(Cc3ccc(OCC4CCC4)cc3)S(=O)(=O)c5ccc(cc5)C(=O)[O-],7.43
178,CHEMBL2032210,Fc1ccc(NC(=O)N2CCc3ccccc3[C@H]2c4ccc(cc4)C(F)(F)F)cc1,7.44
179,CHEMBL3682562,Cc1c(ncc2ccccc12)N(Cc3ccc(OC4CC4)cc3)S(=O)(=O)c5ccc(cc5)C(=O)O,7.46
180,CHEMBL3687346,Cc1c(ncc2ccccc12)N(Cc3ccc(cc3)C(C)(O)C(F)(F)C(F)(F)F)S(=O)(=O)c4ccc(cc4)C(=O)O,7.46
181,CHEMBL3687331,[Na+].Cc1c(ncc2ccccc12)N(Cc3cc4ccccc4n3C)S(=O)(=O)c5ccc(cc5)C(=O)[O-],7.5
182,CHEMBL3687376,Cc1c(ncc2ccccc12)N(Cc3cccc(c3)C(F)(F)C4CC4)S(=O)(=O)c5ccc(cc5)C(=O)O,7.51
183,CHEMBL3682613,Cc1cccc2c(C)c(ncc12)N(Cc3ccc(OC(F)(F)F)cc3)S(=O)(=O)c4ccc(cc4)C(=O)O,7.51
184,CHEMBL2442017,CCN([C@@H]1CCC[C@H](N)C1)C(=O)c2ccccc2OCc3ccccc3Cl,7.52
185,CHEMBL3687349,Cc1c(ncc2ccccc12)N(Cc3ccc(cc3)C(O)(C4CC4)C(F)(F)F)S(=O)(=O)c5ccc(cc5)C(=O)O,7.52
186,CHEMBL3682559,[Na+].Cc1c(ncc2ccccc12)N(Cc3ccc(OCC4CC4)cc3)S(=O)(=O)c5ccc(cc5)C(=O)[O-],7.52
187,CHEMBL3682586,Cc1c(nc(N2CCCC2)c3ccccc13)N(Cc4ccc(OC(F)(F)F)cc4)S(=O)(=O)c5ccc(cc5)C(=O)O,7.54
188,CHEMBL3235965,FC(F)(F)c1ccc(cc1)[C@H]2N(CCc3ccccc23)C(=O)Nc4cccnc4,7.55
189,CHEMBL3353592,OC(=O)c1ccc(cc1)S(=O)(=O)N(Cc2ccccc2C(F)(F)F)c3ncc(cc3Cl)C(F)(F)F,7.57
190,CHEMBL3682542,Cc1c(ncc2ccccc12)N(Cc3ccc(cc3)c4ccc(F)cc4)S(=O)(=O)c5ccc(cc5)C(=O)O,7.59
191,CHEMBL3682551,Cc1c(ncc2ccccc12)N(Cc3ccc(cc3)c4ccccc4)S(=O)(=O)c5ccc(cc5)C(=O)O,7.59
192,CHEMBL3682564,[Na+].Cc1c(ncc2ccccc12)N(Cc3ccc(OCC4CC4)c(F)c3)S(=O)(=O)c5ccc(cc5)C(=O)[O-],7.59
193,CHEMBL3682594,CC(O)c1c(ncc2ccccc12)N(Cc3ccc(OC(F)(F)F)cc3)S(=O)(=O)c4ccc(cc4)C(=O)O,7.6
194,CHEMBL3235981,C[C@H](NC(=O)N1CCc2cccnc2[C@H]1c3ccc(cc3)C(F)(F)F)C(F)(F)F,7.6
195,CHEMBL3235979,FC(F)(F)c1ccc(cc1)[C@H]2N(CCc3cccnc23)C(=O)Nc4cccnc4,7.62
196,CHEMBL3639861,OC(=O)c1ccc(cc1)S(=O)(=O)N(Cc2ccc(OC(F)(F)F)cc2)c3cc4ccccc4cn3,7.64
197,CHEMBL2443075,OC1CC2(CCN(CC2)C(=O)Nc3ccc(OC(F)(F)F)cc3)Oc4c(F)cccc14,7.65
198,CHEMBL3682541,[Na+].Cn1ccc2c(Cl)cnc(N(Cc3ccc(OC(F)(F)F)cc3)S(=O)(=O)c4ccc(cc4)C(=O)[O-])c12,7.66
199,CHEMBL3682587,CC(C)Oc1nc(N(Cc2ccc(OC(F)(F)F)cc2)S(=O)(=O)c3ccc(cc3)C(=O)O)c(C)c4ccccc14,7.68
200,CHEMBL2442019,CCN([C@@H]1CCC[C@H](N)C1)C(=O)c2ccccc2OCc3ccccc3F,7.68
201,CHEMBL3687389,COCc1nc(N(Cc2ccc(OC(F)(F)F)cc2)S(=O)(=O)c3ccc(cc3)C(=O)O)c(C)c4ccccc14,7.68
202,CHEMBL3682591,Cc1c(nc(c2ccccc12)C(F)(F)F)N(Cc3ccc(OC(F)(F)F)cc3)S(=O)(=O)c4ccc(cc4)C(=O)O,7.68
203,CHEMBL3682600,Cc1c(ncc2ccccc12)N(Cc3ccc(OC(F)(F)F)cc3)S(=O)(=O)c4ccc(cc4)C(=O)N,7.68
204,CHEMBL3687348,Cc1c(ncc2ccccc12)N(Cc3ccc4c(Cl)n[nH]c4c3)S(=O)(=O)c5ccc(cc5)C(=O)O,7.68
205,CHEMBL3687377,Cc1cc2ccccc2nc1N(Cc3cccc(c3)C(F)(F)C4CC4)S(=O)(=O)c5ccc(cc5)C(=O)O,7.68
206,CHEMBL3687337,[Na+].Cc1c(ncc2ccccc12)N(Cc3cc4c(Cl)cccc4n3C)S(=O)(=O)c5ccc(cc5)C(=O)[O-],7.68
207,CHEMBL3682565,[Na+].Cc1c(ncc2ccccc12)N(Cc3ccc(OCC4CC4)c(Cl)c3)S(=O)(=O)c5ccc(cc5)C(=O)[O-],7.7
208,CHEMBL2442013,CCN([C@@H]1CCC[C@H](N)C1)C(=O)c2ccccc2OCc3ccc(Cl)cc3,7.71
209,CHEMBL2443077,OC1CC2(CCN(CC2)C(=O)Nc3ccc(OC(F)(F)F)cc3)Oc4c(Br)cccc14,7.71
210,CHEMBL2443085,FC(F)(F)c1ccc(NC(=O)N2CCC3(CC2)CCc4cccc(Br)c4O3)cc1,7.72
211,CHEMBL3687411,CCONC(=O)c1ccc(cc1)S(=O)(=O)N(Cc2ccc(OC(F)(F)F)cc2)c3ncc4ccccc4c3C,7.75
212,CHEMBL3682575,Cc1c(ncc2ccccc12)N(Cc3ccc4OC(C)(C)Cc4c3)S(=O)(=O)c5ccc(cc5)C(=O)O,7.75
213,CHEMBL3353607,OC(=O)c1ccc(cc1)S(=O)(=O)N(Cc2ccc3ccoc3c2)c4ncc(cc4Cl)C(F)(F)F,7.75
214,CHEMBL3682563,Cc1c(ncc2ccccc12)N(Cc3ccc(OC4CCCC4)cc3)S(=O)(=O)c5ccc(cc5)C(=O)O,7.77
215,CHEMBL3682619,[Na+].Cc1cc2ccccc2nc1N(Cc3cccc(OC(F)(F)F)c3)S(=O)(=O)c4ccc(cc4)C(=O)[O-],7.77
216,CHEMBL2443063,O[C@@H]1CC2(CCN(CC2)C(=O)Nc3ccc(OC(F)(F)F)cc3)Oc4c(Br)cccc14,7.78
217,CHEMBL3682552,Cc1c(ncc2ccccc12)N(Cc3ccc(Oc4ccccc4)cc3)S(=O)(=O)c5ccc(cc5)C(=O)O,7.8
218,CHEMBL3353608,OC(=O)c1ccc(cc1)S(=O)(=O)N(Cc2ccc(F)c(c2)C(F)(F)F)c3ncc(Cl)cc3Cl,7.8
219,CHEMBL3682618,[Na+].Cc1cccc2cc(C)c(nc12)N(Cc3ccc(OC(F)(F)F)cc3)S(=O)(=O)c4ccc(cc4)C(=O)[O-],7.8
220,CHEMBL2442021,CCN([C@@H]1CCC[C@H](N)C1)C(=O)c2ccccc2OCc3ccccc3C,7.82
221,CHEMBL3682606,Cc1c(nc(Br)c2ccccc12)N(Cc3ccc(OC(F)(F)F)cc3)S(=O)(=O)c4ccc(cc4)C(=O)O,7.82
222,CHEMBL3687344,Cc1c(ncc2ccccc12)N(Cc3ccc(c(Cl)c3)C(C)(O)C(F)(F)F)S(=O)(=O)c4ccc(cc4)C(=O)O,7.82
223,CHEMBL3682581,Cc1c(ncc2ccccc12)N(Cc3ccc(cc3)c4cccc(F)c4)S(=O)(=O)c5ccc(cc5)C(=O)O,7.82
224,CHEMBL3682598,Cc1c(ncc2ccccc12)N(Cc3ccc4c(Cl)c[nH]c4c3)S(=O)(=O)c5ccc(cc5)C(=O)O,7.82
225,CHEMBL3353606,OC(=O)c1ccc(cc1)S(=O)(=O)N(Cc2ccc3occc3c2)c4ncc(cc4Cl)C(F)(F)F,7.82
226,CHEMBL3682593,CC(=O)c1c(ncc2ccccc12)N(Cc3ccc(OC(F)(F)F)cc3)S(=O)(=O)c4ccc(cc4)C(=O)O,7.85
227,CHEMBL3235969,C[C@H](NC(=O)N1CCc2ccccc2[C@H]1c3ccc(cc3)C(F)(F)F)C(F)(F)F,7.85
228,CHEMBL3687410,Cc1c(ncc2ccccc12)N(Cc3ccc(OC(F)(F)F)cc3)S(=O)(=O)c4ccc(cc4)C(=O)NC#N,7.85
229,CHEMBL3235976,Fc1ccc(NC(=O)N2CCc3cccnc3[C@H]2c4ccc(cc4)C(F)(F)F)cc1,7.85
230,CHEMBL3353599,OC(=O)c1ccc(cc1)S(=O)(=O)N(Cc2ccc(F)c(c2)C(F)(F)F)c3ncc(cc3Cl)C(F)(F)F,7.85
231,CHEMBL2443076,OC1CC2(CCN(CC2)C(=O)Nc3ccc(OC(F)(F)F)cc3)Oc4c(Cl)cccc14,7.88
232,CHEMBL3682601,CONC(=O)c1ccc(cc1)S(=O)(=O)N(Cc2ccc(OC(F)(F)F)cc2)c3ncc4ccccc4c3C,7.89
233,CHEMBL3235984,C[C@H](NC(=O)N1CCc2cccnc2[C@H]1c3ccc(c(F)c3)C(F)(F)F)C(F)(F)F,7.92
234,CHEMBL3682616,Cc1c(nc(C2CC2)c3ccccc13)N(Cc4ccccc4)S(=O)(=O)c5ccc(cc5)C(=O)O,7.92
235,CHEMBL3682558,Cc1c(ncc2ccccc12)N(Cc3ccc(cc3)C4CC4)S(=O)(=O)c5ccc(cc5)C(=O)O,7.92
236,CHEMBL3687408,Cc1c(ncc2ccccc12)N(Cc3ccc4c(c3)c(Cl)cn4C)S(=O)(=O)c5ccc(cc5)C(=O)O,7.92
237,CHEMBL3682547,Cc1cc2ccccc2nc1N(Cc3ccc(F)c(c3)C(F)(F)F)S(=O)(=O)c4ccc(cc4)C(=O)O,7.92
238,CHEMBL3687338,[Na+].Cc1c(ncc2ccccc12)N(Cc3cc4cccc(Cl)c4n3C)S(=O)(=O)c5ccc(cc5)C(=O)[O-],7.92
239,CHEMBL3682585,CCCc1nc(N(Cc2ccc(OC(F)(F)F)cc2)S(=O)(=O)c3ccc(cc3)C(=O)O)c(C)c4ccccc14,7.96
240,CHEMBL3687369,Cc1c(ncc2ccccc12)N(Cc3cc4ccc(Cl)cc4s3)S(=O)(=O)c5ccc(cc5)C(=O)O,7.96
241,CHEMBL3687378,Cc1c(ncc2ccccc12)N(Cc3ccc(F)c(c3)C(F)(F)C4CC4)S(=O)(=O)c5ccc(cc5)C(=O)O,7.96
242,CHEMBL3353609,OC(=O)c1ccc(cc1)S(=O)(=O)N(Cc2ccc(cc2)C(F)(F)F)c3ncc(Cl)cc3Cl,7.96
243,CHEMBL3682570,[Na+].Cc1c(ncc2ccccc12)N(Cc3cc(F)c(s3)C(F)(F)F)S(=O)(=O)c4ccc(cc4)C(=O)[O-],7.96
244,CHEMBL3682615,[Na+].Cc1cc2c(Cl)cccc2nc1N(Cc3ccc(OC(F)(F)F)cc3)S(=O)(=O)c4ccc(cc4)C(=O)[O-],7.96
245,CHEMBL3235983,C[C@H](NC(=O)N1CCc2ccccc2[C@H]1c3ccc(c(F)c3)C(F)(F)F)C(F)(F)F,8.0
246,CHEMBL3682580,Cc1c(ncc2ccccc12)N(Cc3ccc(cc3)c4ccccc4F)S(=O)(=O)c5ccc(cc5)C(=O)O,8.0
247,CHEMBL3682577,Cc1c(ncc2ccccc12)N(Cc3ccc4c(COC4(C)C)c3)S(=O)(=O)c5ccc(cc5)C(=O)O,8.0
248,CHEMBL3687413,NC(=O)c1ccc(cc1)S(=O)(=O)N(Cc2ccc(OC(F)(F)F)cc2)c3ncc4ccccc4c3C(F)(F)F,8.0
249,CHEMBL3687403,OC(=O)c1ccc(cc1)S(=O)(=O)N(Cc2ccc(OC(F)(F)F)cc2)c3nc(C4CC4)c5ccccc5c3C6CC6,8.0
250,CHEMBL3687379,Cc1cc2ccccc2nc1N(Cc3ccc(F)c(c3)C(F)(F)C4CC4)S(=O)(=O)c5ccc(cc5)C(=O)O,8.02
251,CHEMBL2443079,O[C@@H]1CC2(CCN(CC2)C(=O)Nc3ccc(OC(F)(F)F)cc3)Oc4c(F)cccc14,8.02
252,CHEMBL3687397,Cc1c(nc(C2CCCC2)c3ccccc13)N(Cc4ccc(OC(F)(F)F)cc4)S(=O)(=O)c5ccc(cc5)C(=O)O,8.04
253,CHEMBL3353594,OC(=O)c1ccc(cc1)S(=O)(=O)N(Cc2ccc(cc2)C(F)(F)F)c3ncc(cc3Cl)C(F)(F)F,8.05
254,CHEMBL2443061,O[C@@H]1CC2(CCN(CC2)C(=O)Nc3ccc(OC(F)(F)F)cc3)Oc4c(Cl)cccc14,8.05
255,CHEMBL3687363,Cc1c(ncc2ccccc12)N(Cc3ccc(COC(F)(F)F)cc3)S(=O)(=O)c4ccc(cc4)C(=O)O,8.06
256,CHEMBL3682555,Cc1c(ncc2ccccc12)N(Cc3ccc4ccccc4c3)S(=O)(=O)c5ccc(cc5)C(=O)O,8.07
257,CHEMBL3687412,NC(=O)c1ccc(cc1)S(=O)(=O)N(Cc2ccc(OC(F)(F)F)cc2)c3ncc4ccccc4c3C5CC5,8.07
258,CHEMBL3682569,Cc1c(ncc2ccccc12)N(Cc3ccc4CC(C)(C)Cc4c3)S(=O)(=O)c5ccc(cc5)C(=O)O,8.08
259,CHEMBL3353597,OC(=O)c1ccc(cc1)S(=O)(=O)N(Cc2ccc(OC(F)(F)F)cc2)c3ncc(cc3Cl)C(F)(F)F,8.08
260,CHEMBL3687385,CCc1nc(N(Cc2ccc(OC(F)(F)F)cc2)S(=O)(=O)c3ccc(cc3)C(=O)O)c(C)c4ccccc14,8.09
261,CHEMBL3682567,Cc1c(ncc2ccccc12)N(Cc3ccc4CCCc4c3)S(=O)(=O)c5ccc(cc5)C(=O)O,8.09
262,CHEMBL3687386,Cc1cccc2c(C)c(nc(C3CC3)c12)N(Cc4ccc(OC(F)(F)F)cc4)S(=O)(=O)c5ccc(cc5)C(=O)O,8.09
263,CHEMBL3353602,CC1(CC1)c2ccc(CN(c3ncc(cc3Cl)C(F)(F)F)S(=O)(=O)c4ccc(cc4)C(=O)O)cc2,8.1
264,CHEMBL3687355,Cc1cc2ccccc2nc1N(Cc3ccc(CC4CC4)cc3)S(=O)(=O)c5ccc(cc5)C(=O)O,8.11
265,CHEMBL3682582,[Na+].Cc1nc(N(Cc2ccc(OC(F)(F)F)cc2)S(=O)(=O)c3ccc(cc3)C(=O)[O-])c(C)c4ccccc14,8.12
266,CHEMBL3682592,CC(C)c1nc(N(Cc2ccc(OC(F)(F)F)cc2)S(=O)(=O)c3ccc(cc3)C(=O)O)c(c4ccccc14)C(F)(F)F,8.13
267,CHEMBL3687399,CCOc1nc(N(Cc2ccc(OC(F)(F)F)cc2)S(=O)(=O)c3ccc(cc3)C(=O)O)c(C)c4ccccc14,8.14
268,CHEMBL3687343,Cc1c(ncc2ccccc12)N(Cc3ccc(CC4CC4)cc3F)S(=O)(=O)c5ccc(cc5)C(=O)O,8.15
269,CHEMBL3687402,CC(C)c1nc(N(Cc2ccc(OC(F)(F)F)cc2)S(=O)(=O)c3ccc(cc3)C(=O)O)c(C4CC4)c5ccccc15,8.16
270,CHEMBL3687352,Cc1cc2ccccc2nc1N(Cc3ccc4CCCCc4c3)S(=O)(=O)c5ccc(cc5)C(=O)O,8.16
271,CHEMBL3687328,CCc1c(ncc2ccccc12)N(Cc3ccc(OC(F)(F)F)cc3)S(=O)(=O)c4ccc(cc4)C(=O)O,8.21
272,CHEMBL3353610,Cc1c(sc2ccccc12)N(Cc3ccc(c(F)c3)C(F)(F)F)S(=O)(=O)c4ccc(cc4)C(=O)O,8.21
273,CHEMBL3687366,Cc1c(ncc2ccccc12)N(Cc3cc4cc(F)cc(F)c4s3)S(=O)(=O)c5ccc(cc5)C(=O)O,8.22
274,CHEMBL3687395,COC(C)(c1ccc(CN(c2ncc3ccccc3c2C)S(=O)(=O)c4ccc(cc4)C(=O)O)cc1)C(F)(F)C(F)(F)F,8.23
275,CHEMBL3687398,CC(C)c1c(ncc2ccccc12)N(Cc3ccc(OC(F)(F)F)cc3)S(=O)(=O)c4ccc(cc4)C(=O)O,8.25
276,CHEMBL3687371,Cc1c(ncc2ccccc12)N(Cc3cc4cc(Cl)ccc4s3)S(=O)(=O)c5ccc(cc5)C(=O)O,8.27
277,CHEMBL3639814,[Na+].Cc1c(ncc2ccccc12)N(Cc3ccc4c(OCC4(C)C)c3)S(=O)(=O)c5ccc(cc5)C(=O)[O-],8.28
278,CHEMBL3687391,CCOC(C)(c1ccc(CN(c2ncc3ccccc3c2C)S(=O)(=O)c4ccc(cc4)C(=O)O)cc1F)C(F)(F)F,8.3
279,CHEMBL3682546,Cc1cc2ccccc2nc1N(Cc3ccc(OC(F)(F)F)cc3)S(=O)(=O)c4ccc(cc4)C(=O)O,8.3
280,CHEMBL3687405,[Na+].[O-]C(=O)c1ccc(cc1)S(=O)(=O)N(Cc2cc3c(F)cc(F)cc3s2)c4ncc5ccccc5c4C(F)(F)F,8.3
281,CHEMBL3682553,[Na+].Cc1c(ncc2ccccc12)N(Cc3ccc(F)c(c3)C(F)(F)F)S(=O)(=O)c4ccc(cc4)C(=O)[O-],8.31
282,CHEMBL3682545,CCOC(C)(c1ccc(CN(c2ncc3ccccc3c2C)S(=O)(=O)c4ccc(cc4)C(=O)O)cc1)C(F)(F)F,8.33
283,CHEMBL3682584,COC(C)(c1ccc(CN(c2ncc3ccccc3c2C)S(=O)(=O)c4ccc(cc4)C(=O)O)cc1)C(F)(F)F,8.33
284,CHEMBL3682566,Cc1c(ncc2ccccc12)N(Cc3ccc4CCCCc4c3)S(=O)(=O)c5ccc(cc5)C(=O)O,8.33
285,CHEMBL3682550,Cc1c(ncc2ccccc12)N(Cc3ccc(CC4CC4)cc3)S(=O)(=O)c5ccc(cc5)C(=O)O,8.34
286,CHEMBL3687362,Cc1c(ncc2ccccc12)N(Cc3ccc(cc3)C(F)(F)C4CC4)S(=O)(=O)c5ccc(cc5)C(=O)O,8.34
287,CHEMBL3687368,Cc1c(ncc2ccccc12)N(Cc3sc4ccccc4c3Cl)S(=O)(=O)c5ccc(cc5)C(=O)O,8.34
288,CHEMBL3687347,Cc1c(ncc2ccccc12)N(Cc3cc(F)c4CCCc4c3)S(=O)(=O)c5ccc(cc5)C(=O)O,8.36
289,CHEMBL3682610,Cc1cc2cccc(Cl)c2nc1N(Cc3ccc(OC(F)(F)F)cc3)S(=O)(=O)c4ccc(cc4)C(=O)O,8.37
290,CHEMBL2324349,Cc1c(sc2ccccc12)N(Cc3ccc(F)c(c3)C(F)(F)F)S(=O)(=O)c4ccc(cc4)C(=O)O,8.4
291,CHEMBL3687354,Cc1cc2ccccc2nc1N(Cc3ccc(cc3)C(F)(F)C4CC4)S(=O)(=O)c5ccc(cc5)C(=O)O,8.4
292,CHEMBL1289953,Cc1cccc(COc2ccccc2C(=O)N(CCCN)Cc3cccs3)c1,8.4
293,CHEMBL3687323,COc1c(ncc2ccccc12)N(Cc3ccc(OC(F)(F)F)cc3)S(=O)(=O)c4ccc(cc4)C(=O)O,8.41
294,CHEMBL3687370,Cc1c(ncc2ccccc12)N(Cc3cc4cccc(Cl)c4s3)S(=O)(=O)c5ccc(cc5)C(=O)O,8.41
295,CHEMBL3687364,Cc1c(ncc2ccccc12)N(Cc3ccc(CC4(CC4)C(F)(F)F)cc3)S(=O)(=O)c5ccc(cc5)C(=O)O,8.41
296,CHEMBL3682609,Cc1c(nc(C2CC2)c3ccccc13)N(Cc4ccc(F)c(c4)C(F)(F)F)S(=O)(=O)c5ccc(cc5)C(=O)O,8.42
297,CHEMBL3682540,[Na+].Cc1c(ncc2ccccc12)N(Cc3ccc(OC(F)(F)F)c(F)c3)S(=O)(=O)c4ccc(cc4)C(=O)[O-],8.44
298,CHEMBL3687394,COC1(CCc2cc(CN(c3ncc4ccccc4c3C)S(=O)(=O)c5ccc(cc5)C(=O)O)ccc12)C(F)(F)F,8.46
299,CHEMBL3353601,CC(C)(c1ccc(CN(c2ncc(cc2Cl)C(F)(F)F)S(=O)(=O)c3ccc(cc3)C(=O)O)cc1)C(F)(F)F,8.48
300,CHEMBL3687375,Cc1cc2ccccc2nc1N(Cc3ccc(c(F)c3)C(F)(F)C4CC4)S(=O)(=O)c5ccc(cc5)C(=O)O,8.51
301,CHEMBL3682614,Cc1cccc2cnc(N(Cc3ccc(OC(F)(F)F)cc3)S(=O)(=O)c4ccc(cc4)C(=O)O)c(C)c12,8.51
302,CHEMBL3682578,[Na+].Cc1c(ncc2ccccc12)N(Cc3cc4ccccc4s3)S(=O)(=O)c5ccc(cc5)C(=O)[O-],8.51
303,CHEMBL3682557,[Na+].[O-]C(=O)c1ccc(cc1)S(=O)(=O)N(Cc2ccc(OC(F)(F)F)cc2)c3ncc4ccccc4c3Cl,8.51
304,CHEMBL3687342,Cc1c(ncc2ccccc12)N(Cc3ccc(CC4CC4)c(F)c3)S(=O)(=O)c5ccc(cc5)C(=O)O,8.54
305,CHEMBL3687396,CC(C)c1nc(N(Cc2ccc(OC(F)(F)F)cc2)S(=O)(=O)c3ccc(cc3)C(=O)O)c(C)c4ccccc14,8.55
306,CHEMBL3682539,[Na+].Cc1c(ncc2ccccc12)N(Cc3ccc(OC(F)(F)F)cc3)S(=O)(=O)c4ccc(cc4)C(=O)[O-],8.57
307,CHEMBL3687390,COC(C)(c1ccc(CN(c2ncc3ccccc3c2C)S(=O)(=O)c4ccc(cc4)C(=O)O)cc1F)C(F)(F)F,8.59
308,CHEMBL3682556,[Na+].COc1nc(N(Cc2ccc(OC(F)(F)F)cc2)S(=O)(=O)c3ccc(cc3)C(=O)[O-])c(C)c4ccccc14,8.6
309,CHEMBL3687327,OC(=O)c1ccc(cc1)S(=O)(=O)N(Cc2ccc(OC(F)(F)F)cc2)c3ncc4ccccc4c3Br,8.64
310,CHEMBL3687367,Cc1c(ncc2ccccc12)N(Cc3cc4c(Cl)cccc4s3)S(=O)(=O)c5ccc(cc5)C(=O)O,8.66
311,CHEMBL3687325,OC(=O)c1ccc(cc1)S(=O)(=O)N(Cc2ccc(OC(F)(F)F)cn2)c3ncc4ccccc4c3C5CC5,8.66
312,CHEMBL3687351,Cc1c(ncc2ccccc12)N(C3CCc4cc(OC(F)(F)F)ccc34)S(=O)(=O)c5ccc(cc5)C(=O)O,8.68
313,CHEMBL3682590,OC(=O)c1ccc(cc1)S(=O)(=O)N(Cc2ccc(OC(F)(F)F)cc2)c3ncc4ccccc4c3C(F)(F)F,8.7
314,CHEMBL3682543,[Na+].Cc1c(nc(C2CC2)c3ccccc13)N(Cc4ccc(OC(F)(F)F)cc4)S(=O)(=O)c5ccc(cc5)C(=O)[O-],8.72
315,CHEMBL3682549,Cc1c(ncc2ccccc12)N(Cc3ccc(cc3)C(C)(C)C)S(=O)(=O)c4ccc(cc4)C(=O)O,8.75
316,CHEMBL3687392,COC(c1ccc(CN(c2ncc3ccccc3c2C)S(=O)(=O)c4ccc(cc4)C(=O)O)cc1)(C(F)(F)F)C(F)(F)F,8.77
317,CHEMBL3687360,Cc1c(ncc2ccccc12)N(Cc3ccc(cc3)C(F)(F)C4CCC4)S(=O)(=O)c5ccc(cc5)C(=O)O,8.77
318,CHEMBL3687393,COC(C)(c1ccc(CN(c2ncc3ccccc3c2C)S(=O)(=O)c4ccc(cc4)C(=O)O)cc1Cl)C(F)(F)F,8.8
319,CHEMBL3687406,[Na+].[O-]C(=O)c1ccc(cc1)S(=O)(=O)N(Cc2ccc(c(F)c2)C(F)(F)C3CC3)c4ncc5ccccc5c4C(F)(F)F,8.8
320,CHEMBL3687374,Cc1c(ncc2ccccc12)N(Cc3ccc(c(F)c3)C(F)(F)C4CC4)S(=O)(=O)c5ccc(cc5)C(=O)O,8.82
321,CHEMBL3687373,Cc1cc2ccccc2nc1N(Cc3ccc(c(Cl)c3)C(F)(F)C4CC4)S(=O)(=O)c5ccc(cc5)C(=O)O,8.85
322,CHEMBL3687365,Cc1c(ncc2ccccc12)N(Cc3cc4c(F)cc(F)cc4s3)S(=O)(=O)c5ccc(cc5)C(=O)O,8.89
323,CHEMBL3682568,Cc1c(ncc2ccccc12)N(Cc3ccc4c(CCC4(C)C)c3)S(=O)(=O)c5ccc(cc5)C(=O)O,8.89
324,CHEMBL3687357,[Na+].[O-]C(=O)c1ccc(cc1)S(=O)(=O)N(Cc2ccc(c(Cl)c2)C(F)(F)C3CC3)c4ncc5ccccc5c4C6CC6,8.92
325,CHEMBL3687356,OC(=O)c1ccc(cc1)S(=O)(=O)N(Cc2cc3c(F)cc(F)cc3s2)c4ncc5ccccc5c4C6CC6,8.96
326,CHEMBL3687353,Cc1c(nc(C2CC2)c3ccccc13)N(Cc4ccc(c(Cl)c4)C(F)(F)C5CC5)S(=O)(=O)c6ccc(cc6)C(=O)O,9.0
327,CHEMBL3687380,Cc1c(ncc2ccccc12)N(Cc3ccc(cc3)C(F)(F)C4(C)CC4)S(=O)(=O)c5ccc(cc5)C(=O)O,9.0
328,CHEMBL3353600,CC(C)(C)c1ccc(CN(c2ncc(cc2Cl)C(F)(F)F)S(=O)(=O)c3ccc(cc3)C(=O)O)cc1,9.02
329,CHEMBL3682589,OC(=O)c1ccc(cc1)S(=O)(=O)N(Cc2ccc(OC(F)(F)F)cc2)c3ncc4ccccc4c3C5CC5,9.05
330,CHEMBL3687404,[Na+].[O-]C(=O)c1ccc(cc1)S(=O)(=O)N(Cc2ccc(c(Cl)c2)C(F)(F)C3CC3)c4ncc5ccccc5c4C(F)(F)F,9.05
331,CHEMBL3687381,[Na+].[O-]C(=O)c1ccc(cc1)S(=O)(=O)N(Cc2ccc(c(F)c2)C(F)(F)C3CC3)c4ncc5ccccc5c4C6CC6,9.1
332,CHEMBL3687372,Cc1c(ncc2ccccc12)N(Cc3ccc(c(Cl)c3)C(F)(F)C4CC4)S(=O)(=O)c5ccc(cc5)C(=O)O,9.22
333,CHEMBL1650511,FC(F)(F)c1ccccc1c2cc(c3[nH]c(nc3c2)C4=NOC5(CCCCC5)C4)C(F)(F)F,9.38
6,CHEMBL1098074,CC(C)[C@@H]1CC[C@@H](C)C[C@H]1NC(=O)c2ccc(C)cc2,5.6
7,CHEMBL1094768,CC(C)[C@@H]1CC[C@@H](C)C[C@H]1NC(=O)c2ccc(cc2)C(C)(C)C,4.22
9,CHEMBL1094770,CC(C)[C@@H]1CC[C@@H](C)C[C@H]1NC(=O)c2ccc(cc2)c3ccccc3,7.3
10,CHEMBL1095101,CC(C)[C@@H]1CC[C@@H](C)C[C@H]1NC(=O)CCCCCCc2ccccc2,6.4
11,CHEMBL1095102,CC(C)[C@@H]1CC[C@@H](C)C[C@H]1NC(=O)CCCCCCCc2ccccc2,6.3
12,CHEMBL1095651,CC(C)[C@@H]1CC[C@@H](C)C[C@H]1NC(=O)c2cccc(Cl)c2,5.68
13,CHEMBL1098429,CC(C)[C@@H]1CC[C@@H](C)C[C@H]1NC(=O)c2ccc(Cl)cc2,5.8
14,CHEMBL1098430,COc1ccc(cc1)C(=O)N[C@@H]2C[C@H](C)CC[C@H]2C(C)C,5.02
15,CHEMBL1098431,CC(C)[C@@H]1CC[C@@H](C)C[C@H]1NC(=O)Oc2ccc(C)cc2,6.16
16,CHEMBL1098432,CC(C)[C@@H]1CC[C@@H](C)C[C@H]1NC(=O)Oc2cccc(c2)C(F)(F)F,6.22
17,CHEMBL1098745,CC(C)[C@@H]1CC[C@@H](C)C[C@H]1NC(=O)Oc2ccc(cc2)C(F)(F)F,6.16
18,CHEMBL1098094,CC(C)[C@@H]1CC[C@@H](C)C[C@H]1NC(=O)Oc2cccc(c2)C(C)(C)C,5.48
19,CHEMBL1098095,CC(C)[C@@H]1CC[C@@H](C)C[C@H]1NC(=O)Oc2ccc(cc2)C(C)(C)C,7.1
20,CHEMBL1098096,CC(C)[C@@H]1CC[C@@H](C)C[C@H]1NC(=O)Oc2cccc(c2)c3ccccc3,5.82
21,CHEMBL1094392,CC(C)[C@@H]1CC[C@@H](C)C[C@H]1NC(=O)Oc2ccc(cc2)c3ccccc3,5.13
22,CHEMBL1095974,CC(C)[C@@H]1CC[C@@H](C)C[C@H]1NC(=O)Oc2cccc(Cl)c2,6.3
23,CHEMBL1094393,CC(C)[C@@H]1CC[C@@H](C)C[C@H]1NC(=O)Oc2ccc(Cl)cc2,5.39
24,CHEMBL1096336,COc1ccc(OC(=O)N[C@@H]2C[C@H](C)CC[C@H]2C(C)C)cc1,5.59
26,CHEMBL1098225,CC(C)[C@@H]1CC[C@@H](C)C[C@H]1NC(=O)NCCc2cc3cc(O)ccc3[nH]2,4.51
27,CHEMBL1098226,COc1cc(CNC(=O)N[C@@H]2C[C@H](C)CC[C@H]2C(C)C)ccc1O,4.7
51,CHEMBL497318,CCCCCc1cc(O)c(C\C=C(/C)\CCC=C(C)C)c(O)c1,6.8
52,CHEMBL1823117,CCCCCc1cc(O)c(C\C=C(/C)\CC\C=C(/C)\CCC=C(C)C)c(O)c1,6.02
53,CHEMBL1955989,FC(F)(F)c1ccccc1c2ccc3[nH]c(\C=C\C4CCCCC4)nc3c2,7.7
54,CHEMBL2032164,CCCC1N(CCc2sccc12)C(=O)Nc3ccc(Cl)cc3,5.86
55,CHEMBL2032165,CCCC1N(CCc2sccc12)C(=O)Nc3ccccc3,6.53
57,CHEMBL2032167,CC1N(CCc2sccc12)C(=O)Nc3ccccc3,5.17
58,CHEMBL2032168,O=C(Nc1ccccc1)N2CCc3sccc3C2C4CC4,5.25
59,CHEMBL2032169,O=C(Nc1ccccc1)N2CCc3sccc3C2c4ccccc4,5.77
60,CHEMBL2032170,FC(F)(F)c1ccccc1C2N(CCc3sccc23)C(=O)Nc4ccccc4,6.62
61,CHEMBL2032171,FC(F)(F)c1cccc(c1)C2N(CCc3sccc23)C(=O)Nc4ccccc4,5.74
62,CHEMBL2032172,FC(F)(F)c1ccc(cc1)C2N(CCc3sccc23)C(=O)Nc4ccccc4,6.54
63,CHEMBL2032173,Clc1ccccc1C2N(CCc3sccc23)C(=O)Nc4ccccc4,6.85
64,CHEMBL2032174,Clc1cccc(c1)C2N(CCc3sccc23)C(=O)Nc4ccccc4,5.54
65,CHEMBL2032175,Clc1ccc(cc1)C2N(CCc3sccc23)C(=O)Nc4ccccc4,6.25
66,CHEMBL2032176,Fc1ccccc1C2N(CCc3sccc23)C(=O)Nc4ccccc4,5.64
67,CHEMBL2032177,Fc1cccc(c1)C2N(CCc3sccc23)C(=O)Nc4ccccc4,5.88
68,CHEMBL2032178,Fc1ccc(cc1)C2N(CCc3sccc23)C(=O)Nc4ccccc4,5.74
73,CHEMBL2032182,CC(C)C(=O)N1CCc2sccc2C1c3ccc(cc3)C(F)(F)F,5.9
74,CHEMBL2032183,Fc1ccccc1C(=O)N2CCc3sccc3C2c4ccc(cc4)C(F)(F)F,6.29
77,CHEMBL2032186,CC(C)NC(=O)N1CCc2sccc2C1c3ccc(cc3)C(F)(F)F,6.26
78,CHEMBL2032187,FC(F)(F)c1ccc(cc1)C2N(CCc3sccc23)C(=O)NC4CC4,5.92
80,CHEMBL2032189,COc1ccc(NC(=O)N2CCc3sccc3C2c4ccc(cc4)C(F)(F)F)cc1,5.64
81,CHEMBL2032190,FC(F)(F)c1ccc(cc1)C2N(CCc3sccc23)C(=O)Nc4ccc(Cl)cc4,5.79
82,CHEMBL2032191,Fc1ccccc1NC(=O)N2CCc3sccc3C2c4ccc(cc4)C(F)(F)F,6.22
83,CHEMBL2032192,Fc1cccc(NC(=O)N2CCc3sccc3C2c4ccc(cc4)C(F)(F)F)c1,6.11
84,CHEMBL2032193,Fc1ccc(NC(=O)N2CCc3sccc3C2c4ccc(cc4)C(F)(F)F)cc1,6.47
85,CHEMBL2032194,Fc1ccc(CC(=O)N2CCc3sccc3C2c4ccc(cc4)C(F)(F)F)cc1,6.05
86,CHEMBL2032195,Fc1ccc(NC(=O)N2CCc3ccsc3C2c4ccc(cc4)C(F)(F)F)cc1,6.82
87,CHEMBL2032196,Fc1ccc(NC(=O)N2CCc3occc3C2c4ccc(cc4)C(F)(F)F)cc1,6.59
88,CHEMBL2032197,Fc1ccc(NC(=O)N2CCc3ccoc3C2c4ccc(cc4)C(F)(F)F)cc1,6.64
89,CHEMBL2032198,Fc1ccc(NC(=O)N2CCn3cccc3C2c4ccc(cc4)C(F)(F)F)cc1,6.75
90,CHEMBL2032199,Fc1ccc(NC(=O)N2CCc3scnc3C2c4ccc(cc4)C(F)(F)F)cc1,7.03
91,CHEMBL2032200,Fc1ccc(NC(=O)N2CCc3[nH]cnc3C2c4ccc(cc4)C(F)(F)F)cc1,5.85
92,CHEMBL2032201,Cn1cnc2C(N(CCc12)C(=O)Nc3ccc(F)cc3)c4ccc(cc4)C(F)(F)F,6.59
93,CHEMBL2032202,Fc1ccc(NC(=O)N2CCc3ccccc3C2c4ccc(cc4)C(F)(F)F)cc1,7.28
94,CHEMBL2032203,Fc1ccc(NC(=O)N2CCc3c(F)cccc3C2c4ccc(cc4)C(F)(F)F)cc1,7.0
95,CHEMBL2032204,Fc1ccc(NC(=O)N2CCc3cc(F)ccc3C2c4ccc(cc4)C(F)(F)F)cc1,6.52
96,CHEMBL2032205,Fc1ccc(NC(=O)N2CCc3ccc(F)cc3C2c4ccc(cc4)C(F)(F)F)cc1,6.72
97,CHEMBL2032206,Fc1ccc(NC(=O)N2CCc3cccc(F)c3C2c4ccc(cc4)C(F)(F)F)cc1,6.1
98,CHEMBL2032207,Fc1ccc(NC(=O)N2CCCCC2c3ccc(cc3)C(F)(F)F)cc1,5.57
100,CHEMBL2032209,Fc1ccc(NC(=O)N2Cc3ccccc3C2c4ccc(cc4)C(F)(F)F)cc1,6.47
105,CHEMBL2087074,COc1ccc(NC(=O)Nc2cc(C)ccc2C(C)C)cc1,4.11
106,CHEMBL2087073,CC(C)c1ccc(C)cc1NC(=O)Nc2ccc(cc2)c3ccccc3,4.6
107,CHEMBL2087072,CC(C)c1ccc(C)cc1NC(=O)Nc2ccc(cc2)C(C)(C)C,4.57
108,CHEMBL1385022,COc1ccc(NC(=O)Oc2cc(C)ccc2C(C)C)cc1,5.28
109,CHEMBL2087071,CC(C)c1ccc(C)cc1OC(=O)Nc2ccc(cc2)c3ccccc3,4.93
110,CHEMBL2087070,CC(C)c1ccc(C)cc1OC(=O)Nc2ccc(cc2)C(C)(C)C,5.22
111,CHEMBL2087069,COc1ccc(OC(=O)Nc2cc(C)ccc2C(C)C)cc1,4.98
112,CHEMBL2087068,CC(C)c1ccc(C)cc1NC(=O)Oc2ccc(cc2)c3ccccc3,4.79
113,CHEMBL2087067,CC(C)c1ccc(C)cc1NC(=O)Oc2cccc(c2)c3ccccc3,4.86
114,CHEMBL2087066,CC(C)c1ccc(C)cc1NC(=O)Oc2ccc(cc2)C(F)(F)F,4.13
115,CHEMBL2087065,CC(C)c1ccc(C)cc1NC(=O)Oc2ccc(cc2)C(C)(C)C,6.07
116,CHEMBL2087064,CC(C)c1ccc(C)cc1NC(=O)CCCCCCCc2ccccc2,6.05
117,CHEMBL2087063,CC(C)c1ccc(C)cc1NC(=O)Cc2cccc(I)c2,4.85
118,CHEMBL2087062,CC(C)c1ccc(C)cc1NC(=O)Cc2ccc(cc2)c3ccccc3,4.11
119,CHEMBL2087061,COc1ccc(cc1)C(=O)Nc2cc(C)ccc2C(C)C,4.82
120,CHEMBL2087060,CC(C)c1ccc(C)cc1NC(=O)c2ccc(cc2)c3ccccc3,5.39
121,CHEMBL2087059,CC(C)c1ccc(C)cc1NC(=O)c2ccc(cc2)C(C)(C)C,6.0
122,CHEMBL2087058,CC(C)c1ccc(C)cc1C(=O)NCCc2c[nH]c3ccc(OCc4ccccc4)cc23,4.21
123,CHEMBL2087057,CC(C)c1ccc(C)cc1C(=O)NCCc2ccccc2,6.5
124,CHEMBL2087056,COc1ccc(NC(=O)c2cc(C)ccc2C(C)C)cc1,5.55
125,CHEMBL2087055,CC(C)c1ccc(C)cc1C(=O)Nc2ccc(Cl)cc2,5.3
126,CHEMBL2087054,CC(C)c1ccc(C)cc1C(=O)Nc2ccc(cc2)c3ccccc3,5.47
127,CHEMBL2087053,CC(C)c1ccc(C)cc1C(=O)Nc2ccc(cc2)C(F)(F)F,5.36
128,CHEMBL2087052,CC(C)c1ccc(C)cc1C(=O)Nc2ccc(cc2)C(C)(C)C,5.92
129,CHEMBL2087051,COc1ccc(OC(=O)c2cc(C)ccc2C(C)C)cc1,4.11
134,CHEMBL2087046,COc1ccc(cc1)C(=O)Oc2cc(C)ccc2C(C)C,5.3
135,CHEMBL2087045,CC(C)c1ccc(C)cc1OC(=O)c2ccc(cc2)c3ccccc3,4.73
136,CHEMBL2087044,CC(C)c1ccc(C)cc1OC(=O)c2ccc(cc2)C(C)(C)C,4.24
137,CHEMBL2087043,CC(C)c1ccc(C)cc1OC(=O)c2ccc(C)cc2,5.44
243,CHEMBL2430155,O=C1O\C(=C/Cc2ccccc2)\c3ccccc13,5.36
244,CHEMBL67100,COc1ccc(\C=C\2/OC(=O)c3ccccc23)cc1,4.95
245,CHEMBL304786,Clc1ccc(\C=C\2/OC(=O)c3ccccc23)cc1,4.32
246,CHEMBL1377580,Cc1ccc(\C=C\2/OC(=O)c3ccccc23)cc1,4.6
247,CHEMBL2430154,Cc1cc(C)c2C(=O)O\C(=C/c3ccccc3)\c2c1,5.72
248,CHEMBL67365,O=C1O\C(=C/c2ccccc2)\c3ccccc13,4.99
249,CHEMBL2430153,CCC\C=C\1/OC(=O)c2c(C)cc(C)cc12,5.17
251,CHEMBL2430152,CC\C=C\1/OC(=O)c2c(C)cc(C)cc12,4.92
461,CHEMBL3422799,Cc1ccc(O)c(c1)N2CC=C(NC2=O)c3cccc(c3)[N+](=O)[O-],6.85
462,CHEMBL3422798,Cc1ccc(N2CC=C(NC2=O)c3cccc(c3)[N+](=O)[O-])c(O)c1,5.92
464,CHEMBL3422796,COc1cccc(c1)N2CC=C(NC2=O)c3cccc(c3)[N+](=O)[O-],6.89
465,CHEMBL1451030,COc1ccccc1N2CC=C(NC2=O)c3cccc(c3)[N+](=O)[O-],5.96
467,CHEMBL3422794,Oc1cccc(c1)N2CC=C(NC2=O)c3cccc(c3)[N+](=O)[O-],5.77
566,CHEMBL3422827,Oc1ccccc1NC(=O)\C=C\c2cccc(c2)[N+](=O)[O-],5.72
568,CHEMBL3422829,COc1ccccc1NC(=O)\C=C\c2cccc(c2)[N+](=O)[O-],5.75
569,CHEMBL3422830,COc1cccc(NC(=O)\C=C\c2cccc(c2)[N+](=O)[O-])c1,5.96
571,CHEMBL3422832,OCc1cccc(NC(=O)\C=C\c2cccc(c2)[N+](=O)[O-])c1,5.19
572,CHEMBL2251560,[O-][N+](=O)c1cccc(\C=C\C(=O)Nc2ccccc2Cl)c1,5.77
573,CHEMBL3422833,[O-][N+](=O)c1cccc(\C=C\C(=O)Nc2ccccc2Br)c1,5.82
574,CHEMBL3422834,[O-][N+](=O)c1cccc(\C=C\C(=O)Nc2ccccc2I)c1,5.98
575,CHEMBL3422835,[O-][N+](=O)c1cccc(\C=C\C(=O)Nc2cccc(Cl)c2)c1,6.77
576,CHEMBL3422836,[O-][N+](=O)c1cccc(\C=C\C(=O)Nc2cccc(Br)c2)c1,6.85
577,CHEMBL3422837,[O-][N+](=O)c1cccc(\C=C\C(=O)Nc2cccc(I)c2)c1,7.14
578,CHEMBL3422838,[O-][N+](=O)c1cccc(CCC(=O)Nc2cccc(I)c2)c1,6.37
579,CHEMBL3422839,Cc1ccccc1NC(=O)\C=C\c2cccc(c2)[N+](=O)[O-],5.7
580,CHEMBL3422840,Cc1cccc(NC(=O)\C=C\c2cccc(c2)[N+](=O)[O-])c1,6.4
581,CHEMBL3422841,CC(C)c1ccccc1NC(=O)\C=C\c2cccc(c2)[N+](=O)[O-],5.22
582,CHEMBL3422842,CC(C)c1cccc(NC(=O)\C=C\c2cccc(c2)[N+](=O)[O-])c1,6.77
583,CHEMBL3422843,CC(C)(C)c1cccc(NC(=O)\C=C\c2cccc(c2)[N+](=O)[O-])c1,6.22
