,molecule_chembl_id,canonical_smiles,pchembl_value
0,CHEMBL3692221,CC(C)[C@@H](CO)NCc1cccc(n1)c2ccc(cc2)C(F)(F)F,5.03
1,CHEMBL3692340,OCC1(CCCC1)NCc2ccnc(n2)c3ccc(cc3)C(F)(F)F,5.03
2,CHEMBL3696329,OC[C@H](NCc1ccnc(n1)c2ccc(cc2)C(F)(F)F)[C@@H](O)c3ccccc3,5.03
3,CHEMBL3696322,OC[C@H](NCc1ccnc(n1)c2ccc(cc2)C(F)(F)F)C3CCCCC3,5.06
4,CHEMBL3692332,O[C@@H]1CCCC[C@@H]1NCc2nc(ccc2F)c3ccc(nc3)C(F)(F)F,5.07
5,CHEMBL3696382,CC(C)[C@H](CO)NCc1nc(ccc1F)C2CCC3(CC2)OCCO3,5.08
6,CHEMBL3696361,CC(O)C(C)NCc1ccnc(n1)c2ccc(nc2)C(F)(F)F,5.09
7,CHEMBL3696461,OC[C@@H](NCc1ccnc(n1)c2ccc(cc2)C(F)(F)F)c3ccccc3,5.09
8,CHEMBL3692344,C[C@H](CO)NCc1ccnc(n1)c2ccc(cc2)C(F)(F)F,5.11
9,CHEMBL3696318,CC(C)C[C@H](CO)NCc1ccnc(n1)c2ccc(cc2)C(F)(F)F,5.14
10,CHEMBL3696323,CC(C)(C)[C@H](CO)NCc1ccnc(n1)c2ccc(cc2)C(F)(F)F,5.19
11,CHEMBL3692330,C[C@@H](O)[C@@H](CO)NCc1nc(ccc1F)c2ccc(nc2)C(F)(F)F,5.21
12,CHEMBL3696465,OCC1C2CCC(C2)[C@@H]1NCc3ccnc(n3)c4ccc(cc4)C(F)(F)F,5.21
13,CHEMBL3696402,CC(C)(CO)NCc1cccc(n1)c2cccc(c2)[Si](C)(C)C,5.24
14,CHEMBL3696383,CC(C)[C@H](CO)NCc1nc(ccc1F)C2CCCC3(C2)OCCO3,5.25
15,CHEMBL3696342,O[C@H]1CCCC[C@@H]1NCc2ccnc(n2)c3ccc(cc3)C(F)(F)F,5.26
16,CHEMBL3696317,CCC[C@H](CO)NCc1ccnc(n1)c2ccc(cc2)C(F)(F)F,5.31
17,CHEMBL3696343,O[C@@H]1CCCC[C@@H]1NCc2ccnc(n2)c3ccc(cc3)C(F)(F)F,5.31
18,CHEMBL3696455,CC(O)CC(C)CNCc1cccc(OC(C)(C)C)n1,5.39
19,CHEMBL3692276,CC(C)[C@H](CO)NCc1nc(ccc1F)c2cccc(c2)C(=O)N3CCSCC3,5.4
20,CHEMBL3692219,O[C@H]1CCCC[C@@H]1NCc2cccc(n2)c3ccc(cc3)C(F)(F)F,5.4
21,CHEMBL3692331,O[C@H]1CCCC[C@@H]1NCc2nc(ccc2F)c3ccc(nc3)C(F)(F)F,5.41
22,CHEMBL3696453,CC(C)[C@H](CO)NCc1cccc(n1)N2CCCC2,5.42
23,CHEMBL3692220,CC[C@H](C)[C@@H](CO)NCc1cccc(n1)c2ccc(cc2)C(F)(F)F,5.42
24,CHEMBL3696326,C[C@@H](O)[C@@H](CO)NCc1ccnc(n1)c2ccc(cc2)C(F)(F)F,5.42
25,CHEMBL3692281,CC(C)[C@H](CO)NCc1cccc(n1)c2ccc(nc2)C(F)(F)F,5.43
26,CHEMBL3692285,COCC(CO)NCc1nc(ccc1F)c2ccc(cc2)C(F)(F)F,5.43
27,CHEMBL3692223,OC1CCCCC1NCc2cccc(n2)c3ccc(cc3)C(F)(F)F,5.43
28,CHEMBL3692224,O[C@@H]1CCCC[C@H]1NCc2cccc(n2)c3ccc(cc3)C(F)(F)F,5.43
29,CHEMBL3696454,OCC1C2CCC(C2)C1NCc3cccc(n3)c4ccc(cc4)C(F)(F)F,5.44
30,CHEMBL3692318,CC(C)[C@H](CO)NCc1ccc(F)c(n1)c2ccc(nc2)C(F)(F)F,5.45
31,CHEMBL3692259,CC(C)[C@H](CO)NCc1nc(ccc1F)c2cccc(c2)C(=O)N3CCCCC3,5.46
32,CHEMBL3692237,CC(C)[C@H](CO)NCc1nc(ccc1F)c2cc(Cl)cc(Cl)c2,5.48
33,CHEMBL3692225,O[C@H]1CCCC[C@H]1NCc2cccc(n2)c3ccc(cc3)C(F)(F)F,5.49
34,CHEMBL3692298,CCC[C@H](CO)NCc1nc(ccc1F)c2ccc(nc2)C(F)(F)F,5.51
35,CHEMBL3692345,CC[C@H](CO)NCc1ccnc(n1)c2ccc(cc2)C(F)(F)F,5.52
36,CHEMBL3696321,OC[C@H](NCc1ccnc(n1)c2ccc(cc2)C(F)(F)F)C3CC3,5.52
37,CHEMBL3692286,OC[C@H](NCc1nc(ccc1F)c2ccc(nc2)C(F)(F)F)C3CC3,5.52
38,CHEMBL3692222,O[C@@H]1CCCC[C@@H]1NCc2cccc(n2)c3ccc(cc3)C(F)(F)F,5.52
39,CHEMBL3696355,CC(C)[C@H](CO)NCc1ccnc(n1)c2ccc(nc2)C(F)(F)F,5.53
40,CHEMBL3692255,CCN(CC)C(=O)c1cccc(c1)c2ccc(F)c(CN[C@@H](CO)C(C)C)n2,5.53
41,CHEMBL3696393,CC(C)[C@H](CO)NCc1cccc(n1)c2ccccc2,5.54
42,CHEMBL3692252,CC(C)[C@H](CO)NCc1nc(ccc1F)c2ccc(Cl)nc2,5.55
43,CHEMBL3692314,CC(C)[C@@H](NCc1nc(ccc1F)c2ccc(cc2)C(F)(F)F)C(C)(C)O,5.56
44,CHEMBL3696437,CC(C)[C@H](CO)NCc1nc(ccc1F)c2cncc(Cl)c2,5.57
45,CHEMBL3692322,CC(C)[C@H](CO)NCc1nc(ccc1F)c2cnc(nc2)C(F)(F)F,5.58
46,CHEMBL3692226,CC(C)(CO)CNCc1cccc(n1)c2ccc(cc2)C(F)(F)F,5.59
47,CHEMBL3692301,CC(O)C(C)NCc1nc(ccc1F)c2ccc(nc2)C(F)(F)F,5.59
48,CHEMBL3696460,C[C@@H](O)[C@H](Nc1ccc2ccccc2c1)C(=O)NCc3ccc(F)c(n3)c4ccc(nc4)C(F)(F)F,5.59
49,CHEMBL3696380,C[C@@H](O)[C@@H](CO)NCc1ccnc(n1)c2ccc(cc2)S(=O)(=O)C(F)(F)F,5.6
50,CHEMBL3696374,CC(C)[C@H](CO)NCc1nc(ccc1F)C2CCN(CC2)C(=O)OC(C)(C)C,5.61
51,CHEMBL3692283,CC(C)[C@H](CO)NCc1nc(ccc1F)c2cnc3ccccc3c2,5.62
52,CHEMBL3692323,CC(C)[C@H](CO)NCc1nc(ccc1F)c2cnc(OCC(F)(F)F)nc2,5.63
53,CHEMBL3692247,CC(C)[C@H](CO)NCc1nccc(n1)c2ccc(cc2)C(F)(F)F,5.63
54,CHEMBL3692245,CC(C)[C@H](CO)NCc1nc(ccc1F)c2ccnc(c2)C(F)(F)F,5.66
55,CHEMBL3692269,CC(C)[C@H](CO)NCc1nc(ccc1F)c2ccnc(c2)N3CCOCC3,5.67
56,CHEMBL3692260,CC(C)[C@H](CO)NCc1nc(ccc1F)c2cccc(c2)C(=O)N3CCC(C)CC3,5.7
57,CHEMBL3692227,CC(C)[C@H](CO)NCc1cccc(n1)N2CCCCC2,5.71
58,CHEMBL3696405,CC(C)[C@H](CO)NCc1nc(ccc1F)C#Cc2ccc(cc2)C(C)(C)C,5.73
59,CHEMBL3696324,CC(O)C(C)NCc1ccnc(n1)c2ccc(cc2)C(F)(F)F,5.73
60,CHEMBL3692231,CC(C)[C@H](CO)NCc1nc(ccc1F)c2cccc(Cl)c2,5.74
61,CHEMBL3696395,CC(C)[C@H](CO)NCc1cccc(n1)c2ccc(s2)[Si](C)(C)C(C)(C)C,5.75
62,CHEMBL3692264,CC(C)[C@H](CO)NCc1nc(ccc1F)c2cc(ccc2C)S(=O)(=O)N(C)C,5.75
63,CHEMBL3692270,CC(C)[C@H](CO)NCc1nc(ccc1F)c2cccc(c2)C(=O)N(C(C)C)C(C)C,5.75
64,CHEMBL3692277,CC(C)[C@H](CO)NCc1nc(ccc1F)c2cccc3c2ccn3C,5.76
65,CHEMBL3692253,CC(C)[C@H](CO)NCc1nc(ccc1F)c2cccc(c2)S(=O)(=O)N(C)C,5.77
66,CHEMBL3692334,CC(C)[C@H](CO)NCc1nc(ccc1F)C(=C)c2ccc(F)cc2,5.79
67,CHEMBL3692293,C[C@H](CO)NCc1nc(ccc1F)c2ccc(cc2)C(F)(F)F,5.79
68,CHEMBL3692287,OC[C@H](NCc1nc(ccc1F)c2ccc(OCC(F)(F)F)nc2)C3CC3,5.8
69,CHEMBL3696468,CC(C)[C@@H](CO)NCc1nc(ccc1F)c2ccc3scnc3c2,5.82
70,CHEMBL3696398,CC(C)[C@H](CO)NCc1nc(ncc1F)N2CCC(F)(F)CC2,5.82
71,CHEMBL3692272,CC(C)[C@H](CO)NCc1nc(ccc1F)c2cccc(c2)C(=O)N(C)Cc3ccccc3,5.83
72,CHEMBL3696377,CC[C@H](CO)NCc1ccnc(n1)c2ccc(cc2)S(=O)(=O)C(F)(F)F,5.83
73,CHEMBL3692336,CC(C)[C@H](CO)NCc1nc(ccc1F)C(C)c2ccccc2,5.84
74,CHEMBL3696411,CC(C)[C@H](CO)NCc1nc(ccc1F)c2ccc3c(ccn3C)c2,5.84
75,CHEMBL3692254,CC(C)[C@H](CO)NCc1nc(ccc1F)c2cccc(c2)C(=O)C,5.85
76,CHEMBL3692266,CC(C)[C@H](CO)NCc1nc(ccc1F)c2cccc(c2)C(=O)N(C)C3CCCCC3,5.85
77,CHEMBL3692248,CC(C)[C@H](CO)NCc1ccnc(n1)c2ccc(Cl)cc2,5.86
78,CHEMBL3692236,CC(C)[C@H](CO)NCc1nc(ccc1F)c2ccc(Cl)c(Cl)c2,5.86
79,CHEMBL3696435,CC(C)[C@H](CO)NCc1nc(ccc1F)c2ccc(cc2)C(=O)N3CCC(C)CC3,5.88
80,CHEMBL3692238,CC(C)[C@H](CO)NCc1nc(ccc1F)c2cc(cc(c2)C(F)(F)F)C(F)(F)F,5.89
81,CHEMBL3692315,CC(C)[C@@H](NCc1nc(ccc1F)c2ccc(nc2)C(F)(F)F)C(C)(C)O,5.9
82,CHEMBL3696467,CC(C)[C@H](NCc1nc(ccc1F)C2CCCCCC2)C(C)O,5.91
83,CHEMBL3692251,CC(C)[C@H](CO)NCc1nc(ccc1F)c2cccc(C(=O)C)c2F,5.92
84,CHEMBL3692234,CC(C)[C@H](CO)NCc1nc(ccc1F)c2cccc(OC(F)(F)F)c2,5.95
85,CHEMBL3692229,CC(C)[C@H](CO)NCc1nc(ccc1F)c2ccccc2F,5.95
86,CHEMBL3692232,CC(C)[C@H](CO)NCc1nc(ccc1F)c2cccc(c2)C(F)(F)F,5.96
87,CHEMBL3696400,COc1ccc(cc1)C#Cc2ccc(F)c(CN[C@@H](CO)C(C)C)n2,5.96
88,CHEMBL3692320,CC(C)[C@H](CO)NCc1nc(ccc1C)c2ccc(nc2)C(F)(F)F,5.97
89,CHEMBL3692274,CC(C)[C@H](CO)NCc1nc(ccc1F)c2cccc(c2)S(=O)(=O)N3CCCC3,5.97
90,CHEMBL3696369,CC(C)[C@H](CO)NCc1nc(ccc1F)C2CCC(C)CC2,5.99
91,CHEMBL3696444,CC(C)[C@H](CO)NCc1cccc(n1)C#Cc2ccccc2F,6.0
92,CHEMBL3696401,CC(C)[C@H](CO)NCc1nc(ccc1F)C#CCC2CCCCC2,6.01
93,CHEMBL3692303,CC(C)[C@H](CO)NCc1nc(ccc1F)N2CCC(F)(F)CC2,6.02
94,CHEMBL3692250,CC(C)[C@H](CO)NCc1nc(ccc1F)c2ccc(F)cn2,6.02
95,CHEMBL3692243,CC(C)[C@H](CO)NCc1nc(ccc1F)c2ccc(nc2)C(F)(F)F,6.02
96,CHEMBL3696438,CC(C)[C@H](CO)NCc1nc(ccc1F)c2ccc(F)c(c2)C#N,6.03
97,CHEMBL3828340,C[C@@]1(O)C[C@](C1)([C@H](O)c2ccccn2)c3cc(ccn3)C(F)(F)F,6.03
98,CHEMBL3692228,CC(C)[C@H](CO)NCc1cccc(OCc2ccccc2)n1,6.04
99,CHEMBL3692333,CC(C)[C@H](CO)NCc1nc(ccc1F)C(=C)c2ccccc2,6.04
100,CHEMBL3692258,CC(C)[C@H](CO)NCc1nc(ccc1F)c2cccc(c2)N3CCOCC3,6.08
101,CHEMBL3692230,CC(C)[C@H](CO)NCc1nc(ccc1F)c2cccc(F)c2,6.09
102,CHEMBL3696471,CCCCOc1ccc(cc1Cl)c2cccc(CN[C@H](CO)C(C)C)n2,6.09
103,CHEMBL3696371,CC(C)[C@H](CO)NCc1nc(ccc1F)C2CCC(C)(C)CC2,6.1
104,CHEMBL3696381,CC(C)[C@H](CO)NCc1nc(ccc1F)C2CCC(CC2)C(C)(C)C,6.1
105,CHEMBL3696449,CC(C)[C@H](CO)NCc1nc(ccc1F)c2cc(nn2C)C(F)(F)F,6.1
106,CHEMBL3696370,CCC1CCC(CC1)c2ccc(F)c(CN[C@@H](CO)C(C)C)n2,6.11
107,CHEMBL3692268,CC(C)[C@H](CO)NCc1nc(ccc1F)c2cccc(c2)S(=O)(=O)N3CCOCC3,6.12
108,CHEMBL3692240,CC(C)Oc1cccc(c1)c2ccc(F)c(CN[C@@H](CO)C(C)C)n2,6.13
109,CHEMBL3692335,CC(C)[C@H](CO)NCc1nc(ccc1F)C2=CCCCC2,6.13
110,CHEMBL3696424,CC(C)[C@H](CO)NCc1nc(ccc1F)c2cnc(nc2)N(C)C,6.13
111,CHEMBL3696446,CC(C)[C@H](CO)NCc1nc(ccc1F)c2sc(nc2C)c3ccccc3,6.14
112,CHEMBL3664218,COc1cccc(CNC(=O)CC2CC3(CCC3)Oc4ccc(Cl)cc24)c1OC5CCCC5,6.14
113,CHEMBL3696390,CC(C)[C@H](CO)NCc1nc(ccc1F)C2CCN(C2)C(=O)OC(C)(C)C,6.15
114,CHEMBL3692239,CC(C)Oc1ccc(F)c(c1)c2ccc(F)c(CN[C@@H](CO)C(C)C)n2,6.16
115,CHEMBL3692316,CC(C)[C@@H](NCc1nc(ccc1F)c2ccc(cc2)C(F)(F)F)C(C)O,6.16
116,CHEMBL3696416,CC(C)[C@H](CO)NCc1nc(ccc1F)c2cnc(N3CCOCC3)c(C)c2,6.16
117,CHEMBL3692290,OCC1(CCC1)NCc2nc(ccc2F)c3ccc(cc3)C(F)(F)F,6.16
118,CHEMBL3692295,OC[C@H](NCc1nc(ccc1F)c2ccc(cc2)C(F)(F)F)C3CCCCC3,6.16
119,CHEMBL3696375,CC(C)[C@H](CO)NCc1ccnc(n1)c2ccc(cc2)S(=O)(=O)C(F)(F)F,6.17
120,CHEMBL3692292,OCC1(CCCCC1)NCc2nc(ccc2F)c3ccc(cc3)C(F)(F)F,6.17
121,CHEMBL3696387,CC(C)[C@H](CO)NCc1nc(ccc1F)C2CCCN(C2)C(=O)OC(C)(C)C,6.18
122,CHEMBL3692241,CC(C)Oc1ccc(cc1F)c2ccc(F)c(CN[C@@H](CO)C(C)C)n2,6.19
123,CHEMBL3639953,CCCN(CCC)C(=O)c1ccc(cc1)c2ccc(F)c(CN[C@@H](CO)C(C)C)n2,6.19
124,CHEMBL3692319,CC(C)[C@H](CO)NCc1nc(ccc1Cl)c2ccc(nc2)C(F)(F)F,6.2
125,CHEMBL3692273,CC(C)[C@H](CO)NCc1nc(ccc1F)c2cc(ccc2C)S(=O)(=O)C(F)(F)F,6.2
126,CHEMBL3696394,CC(C)[C@H](CO)NCc1cccc(n1)c2cccc(c2)[Si](C)(C)C,6.22
127,CHEMBL3696457,CC(CCO)CNCc1ccc(F)c(n1)c2ccc(OCC(F)(F)F)nc2,6.23
128,CHEMBL3696414,CC(C)[C@H](CO)NCc1nc(ccc1F)c2cocc2,6.24
129,CHEMBL3696472,OCC1(CCCC1)NCc2cccc(n2)c3ccc(cc3C(F)(F)F)C(F)(F)F,6.24
130,CHEMBL3692299,OC[C@H](NCc1nc(ccc1F)c2ccc(nc2)C(F)(F)F)C3CCCCC3,6.24
131,CHEMBL3696432,CC(C)[C@H](CO)NCc1cccc(n1)c2ccc(cc2C(F)(F)F)C(F)(F)F,6.26
132,CHEMBL3696451,CC(C)[C@H](CO)NCc1nc(ccc1F)c2ccc(cc2C(F)(F)F)C(F)(F)F,6.26
133,CHEMBL3692317,CC(C)[C@@H](NCc1nc(ccc1F)c2ccc(nc2)C(F)(F)F)C(C)O,6.27
134,CHEMBL3692288,CC[C@H](CO)NCc1nc(ccc1F)c2ccc(cc2)C(F)(F)F,6.27
135,CHEMBL3692296,CC(C)(C)[C@H](CO)NCc1nc(ccc1F)c2ccc(cc2)C(F)(F)F,6.28
136,CHEMBL3696445,CC(C)[C@H](CO)NCc1cccc(n1)C#Cc2ccc(Cl)cc2,6.28
137,CHEMBL3696443,CC(C)[C@H](CO)NCc1cccc(n1)C#Cc2ccc(F)cc2F,6.28
138,CHEMBL3696372,CC(C)[C@H](CO)NCc1nc(ccc1F)C2CCC(F)(F)CC2,6.28
139,CHEMBL3696422,CC(C)[C@H](CO)NCc1nc(ccc1F)c2cc3c(OCc4ccccc4)cccc3n2C(=O)OC(C)(C)C,6.28
140,CHEMBL3692300,CC(C)(C)[C@H](CO)NCc1nc(ccc1F)c2ccc(nc2)C(F)(F)F,6.29
141,CHEMBL3696404,CC(C)[C@H](CO)NCc1nc(ccc1F)C#CC2CCCCC2,6.29
142,CHEMBL3692324,CC[C@@H](NCc1nc(ccc1F)c2ccc(nc2)C(F)(F)F)C(C)O,6.29
143,CHEMBL3692271,CC(C)Oc1ccc(cn1)c2ccc(F)c(CN[C@@H](CO)C(C)C)n2,6.3
144,CHEMBL3692311,CC(C)[C@H](CO)NCc1nc(ccc1F)N2CCc3cc(Cl)ccc3C2,6.3
145,CHEMBL3692265,CCN(CC)S(=O)(=O)c1cccc(c1)c2ccc(F)c(CN[C@@H](CO)C(C)C)n2,6.3
146,CHEMBL3692337,CC(C)[C@H](CO)NCc1nc(ccc1F)C(C)c2ccc(F)cc2,6.32
147,CHEMBL3696388,CC(C)[C@H](CO)NCc1nc(ccc1F)C2CCCC2,6.32
148,CHEMBL3692278,CC(C)[C@H](CO)NCc1nc(ccc1F)c2ccc3ccn(C)c3c2,6.32
149,CHEMBL3692263,CC(C)[C@H](CO)NCc1nc(ccc1F)c2cccc(c2)N3CCCC3,6.32
150,CHEMBL3692267,CC(C)[C@H](CO)NCc1nc(ccc1F)c2ccc(OCC(F)(F)F)cc2,6.34
151,CHEMBL3692257,CC(C)[C@H](CO)NCc1nc(ccc1F)c2cccc(c2)N(C)C,6.34
152,CHEMBL3692338,CC(C)[C@H](CO)NCc1nc(ncc1F)c2ccc(cc2)C(F)(F)F,6.34
153,CHEMBL3692294,CCC[C@H](CO)NCc1nc(ccc1F)c2ccc(cc2)C(F)(F)F,6.34
154,CHEMBL3696431,CC(C)[C@H](CO)NCc1cccc(n1)c2ccc(F)c(c2)C#N,6.36
155,CHEMBL3692280,CC(C)[C@H](CO)NCc1nc(ccc1F)N2CCC(C2)C(F)(F)F,6.38
156,CHEMBL3696419,CC(C)[C@H](CO)NCc1nc(ccc1F)c2ccc3occc3c2,6.38
157,CHEMBL3696430,OCC1(CCCC1)NCc2cccc(n2)c3ccc(F)c(c3)C(F)(F)F,6.38
158,CHEMBL3696470,CC(C)[C@@H](CO)NCc1nc(ccc1F)c2ccc(Cl)s2,6.39
159,CHEMBL3696456,OC[C@@H](NCc1nc(ccc1F)c2ccc(cc2)C(F)(F)F)C3CC3,6.39
160,CHEMBL3692256,CC(C)[C@H](CO)NCc1nc(ccc1F)c2ccc(Cl)cc2,6.41
161,CHEMBL3696440,CC(C)[C@H](CO)NCc1nc(ccc1F)c2ccc(F)c(c2)C(F)(F)F,6.41
162,CHEMBL3696428,OCC1(CCCC1)NCc2cccc(n2)c3ccc(F)c(Cl)c3,6.41
163,CHEMBL3696399,CC(C)[C@H](CO)NCc1nc(\C=C\c2cccc(F)c2)ccc1F,6.42
164,CHEMBL3696406,CC(C)[C@H](CO)NCc1nc(ccc1F)c2ccc(C)s2,6.42
165,CHEMBL3696469,CC(C)[C@@H](CO)NCc1nc(CCc2ccc(F)c(F)c2)ccc1F,6.43
166,CHEMBL3696441,CC(C)[C@H](CO)NCc1nc(ccc1F)c2cc(ccc2F)C(F)(F)F,6.43
167,CHEMBL3696397,CC(C)[C@H](CO)NCc1nc(ccc1F)c2cc3ccccc3s2,6.43
168,CHEMBL3696459,CC(O)CC(C)CNCc1nc(ccc1F)C2CCCCC2,6.44
169,CHEMBL3696385,CC(C)[C@H](CO)NCc1nc(ccc1F)C2CCc3ccccc3C2,6.46
170,CHEMBL3692312,CC(C)[C@H](CO)NCc1nc(ccc1F)N2CCc3c(C2)cccc3C(F)(F)F,6.46
171,CHEMBL3696412,CC(C)[C@H](CO)NCc1nc(ccc1F)c2cc3ccccc3n2C,6.46
172,CHEMBL3692306,CC(C)[C@H](CO)NCc1nc(ccc1F)N2Cc3cccc(Cl)c3C2,6.47
173,CHEMBL3696420,CC(C)[C@H](CO)NCc1nc(ccc1F)[C@@H]2CC[C@@H](CC2)C(F)(F)F,6.47
174,CHEMBL3692307,CC(C)[C@H](CO)NCc1nc(ccc1F)N2Cc3ccc(cc3C2)C(F)(F)F,6.48
175,CHEMBL3692262,CC(C)[C@H](CO)NCc1nc(ccc1F)c2cccc(c2)S(=O)(=O)N3CCCCC3,6.48
176,CHEMBL3639911,CC(C)[C@H](CO)NCc1nc(ccc1F)N2CCCC(C2)C(F)(F)F,6.5
177,CHEMBL3692309,CC(C)[C@H](CO)NCc1nc(ccc1F)N2CCc3ccc(F)cc3C2,6.5
178,CHEMBL3692242,CC(C)[C@H](CO)NCc1nc(ccc1F)c2ccc(F)cc2,6.5
179,CHEMBL3696384,CC(C)[C@H](CO)NCc1nc(ccc1F)C2CCC(CC2)C(F)(F)F,6.51
180,CHEMBL3696423,CC(C)[C@H](CO)NCc1nc(ccc1F)c2cccc(c2)n3cccn3,6.52
181,CHEMBL3692297,CC(O)C(C)NCc1nc(ccc1F)c2ccc(cc2)C(F)(F)F,6.52
182,CHEMBL3696403,CC(C)[C@H](CO)NCc1nc(ccc1F)C#Cc2ccc(F)cc2,6.54
183,CHEMBL3696421,CC(C)[C@H](CO)NCc1nc(ccc1F)[C@@H]2CC[C@H](CC2)C(F)(F)F,6.54
184,CHEMBL3692261,CC(C)[C@H](CO)NCc1nc(ccc1F)c2ccc(c(Cl)c2)C(F)(F)F,6.54
185,CHEMBL3692291,OCC1(CCCC1)NCc2nc(ccc2F)c3ccc(cc3)C(F)(F)F,6.54
186,CHEMBL3696450,CC(C)[C@H](CO)NCc1nc(ccc1F)c2cncc(c2)C(F)(F)F,6.55
187,CHEMBL3692304,CC(C)[C@H](CO)NCc1nc(ccc1F)N2Cc3ccc(F)cc3C2,6.57
188,CHEMBL3692313,CC(C)[C@H](CO)NCc1nc(ccc1F)N2CCc3ccc(cc3C2)C(F)(F)F,6.59
189,CHEMBL3696434,CC(C)[C@H](CO)NCc1nc(ccc1F)c2cc3ccccc3[nH]2,6.59
190,CHEMBL3696442,COc1cc(cc(F)c1F)c2ccc(F)c(CN[C@@H](CO)C(C)C)n2,6.59
191,CHEMBL3696439,CC(C)[C@H](CO)NCc1nc(ccc1F)c2ccc(F)c(C)c2,6.6
192,CHEMBL3696425,CC(C)[C@H](CO)NCc1cccc(n1)C#Cc2ccc(cc2)S(F)(F)(F)(F)F,6.64
193,CHEMBL3692235,CC(C)[C@H](CO)NCc1nc(ccc1F)c2ccc(OC(F)(F)F)cc2,6.64
194,CHEMBL3696418,CC(C)[C@H](CO)NCc1nc(ccc1F)c2ccc3sccc3c2,6.64
195,CHEMBL3692279,CC(C)[C@H](CO)NCc1nc(ccc1F)N2CCC(CC2)C(F)(F)F,6.66
196,CHEMBL3696473,OCC1(CCCC1)NCc2cccc(n2)c3cc(cc(c3)C(F)(F)F)C(F)(F)F,6.66
197,CHEMBL3692233,CC(C)[C@H](CO)NCc1nc(ccc1F)c2ccc(cc2)C(F)(F)F,6.7
198,CHEMBL3696427,CC(C)[C@H](CO)NCc1cccc(n1)C#Cc2ccc(F)c(F)c2,6.72
199,CHEMBL3692275,CC(C)[C@H](CO)NCc1nc(ccc1F)c2cccc(c2)S(=O)(=O)N(C)C(C)(C)C,6.72
200,CHEMBL3696429,CC(C)[C@H](CO)NCc1cccc(n1)c2ccc(F)c(c2)C(F)(F)F,6.75
201,CHEMBL3692282,CC(C)[C@H](CO)NCc1nc(ccc1F)N2CCc3ccccc3C2,6.75
202,CHEMBL3696474,CC(C)[C@@H](CO)NCc1nc(ccc1F)c2ccc(s2)C(F)(F)F,6.77
203,CHEMBL3696426,CC(C)[C@H](CO)NCc1cccc(n1)C#Cc2ccc(F)cc2,6.77
204,CHEMBL3696447,CC(C)[C@H](CO)NCc1nc(ccc1F)C#CCCC2CCCCC2,6.77
205,CHEMBL3696407,CC(C)[C@H](CO)NCc1nc(ccc1F)c2cc(F)c(F)c(F)c2,6.8
206,CHEMBL3696409,CC(C)[C@H](CO)NCc1nc(ccc1F)c2cc(F)c(F)cc2F,6.8
207,CHEMBL3696408,CC(C)[C@H](CO)NCc1nc(ccc1F)c2ccc(F)c(F)c2F,6.8
208,CHEMBL3696458,CC(CCO)CNCc1nc(ccc1F)N2Cc3ccccc3C2,6.8
209,CHEMBL3828278,O[C@H](c1ccccn1)C2(CCC2)c3ccc(Cl)c(Cl)c3,6.8
210,CHEMBL3696392,CC(C)[C@H](CO)NCc1nc(ccc1F)C2=CCC(F)(F)CC2,6.85
211,CHEMBL3692310,CC(C)[C@H](CO)NCc1nc(ccc1F)N2CCc3cccc(F)c3C2,6.85
212,CHEMBL3696396,CC(C)[C@H](CO)NCc1nc(ccc1F)c2ccc(F)c(F)c2,6.85
213,CHEMBL3692284,CC(C)[C@H](CO)NCc1nc(ccc1F)c2ccc(cn2)C(F)(F)F,6.85
214,CHEMBL3696448,CC(C)[C@H](CO)NCc1nc(ccc1F)C#Cc2ccccc2,6.89
215,CHEMBL3692305,CC(C)[C@H](CO)NCc1nc(ccc1F)N2Cc3cccc(F)c3C2,6.92
216,CHEMBL3696433,CC(C)[C@H](CO)NCc1nc(ccc1F)c2cc3ccccc3n2C(=O)OC(C)(C)C,6.92
217,CHEMBL3696452,CC(C)[C@H](CO)NCc1nc(ccc1F)c2ccc(F)c(Cl)c2,6.92
218,CHEMBL3692308,CC(C)[C@H](CO)NCc1nc(ccc1F)N2CCc3c(F)cccc3C2,6.96
219,CHEMBL3696391,CC(C)[C@H](CO)NCc1nc(ccc1F)C2=CCC(CC2)C(F)(F)F,7.1
220,CHEMBL3696410,CC(C)[C@H](CO)NCc1nc(ccc1F)c2cc(F)cc(F)c2,7.1
79,CHEMBL3692246,CC(C)[C@H](CO)NCc1nccc(n1)c2ccc(F)cc2,4.92
123,CHEMBL3692289,CC[C@H](CO)NCc1nc(ccc1F)c2ccc(nc2)C(F)(F)F,4.99
155,CHEMBL3692321,COc1ccc(nc1CN[C@@H](CO)C(C)C)c2ccc(nc2)C(F)(F)F,4.82
175,CHEMBL3692341,OCC1(CCCCC1)NCc2ccnc(n2)c3ccc(cc3)C(F)(F)F,4.96
183,CHEMBL3696319,CCC(C)C(CO)NCc1ccnc(n1)c2ccc(cc2)C(F)(F)F,4.91
184,CHEMBL3696320,COCC(CO)NCc1ccnc(n1)c2ccc(cc2)C(F)(F)F,4.81
199,CHEMBL3696335,OCC1(CNCc2ccnc(n2)c3ccc(cc3)C(F)(F)F)CCCCC1,4.75
241,CHEMBL3696376,OCC1(CCCCC1)NCc2ccnc(n2)c3ccc(cc3)S(=O)(=O)C(F)(F)F,4.87
243,CHEMBL3696378,COCC(CO)NCc1ccnc(n1)c2ccc(cc2)S(=O)(=O)C(F)(F)F,4.73
301,CHEMBL3696436,CC(C)[C@H](CO)NCc1nc(ccc1F)c2ccc(cc2)C(=O)N3CCCC3,4.96
