,molecule_chembl_id,canonical_smiles,pchembl_value
0,citric acid,OC(=O)CC(O)(CC(O)=O)C(O)=O,5.5999999
1,CHEMBL3613625,CC(C)N1CCN(CC1)S(=O)(=O)c2ccc(NC(=O)c3ccccc3)cc2,5.07
2,CHEMBL2418806,CC1CCCN(C1C)C(=O)c2csc(Nc3ccc(C)cc3)n2,5.2
3,CHEMBL2323941,CC(C)Nc1nc2c(C(=O)N(C)C)c(Cl)c(Cl)cc2n1CC3CCN(CC3)c4ccccc4,5.3
4,CHEMBL3613626,CC(C)N1CCN(CC1)S(=O)(=O)c2ccc(NC(=O)c3ccc(cc3)c4ccccn4)cc2,5.31
5,CHEMBL3613633,CN(C)S(=O)(=O)c1ccc(NC(=O)c2ccc(cc2)C(F)(F)F)cc1,5.38
6,CHEMBL2323938,CC(C)Nc1nc2c(C(=O)N(C)C)c(Cl)c(Cl)cc2n1C3CCN(CC3)S(=O)(=O)c4ccc(Cl)cc4,5.4
7,CHEMBL2323937,CC(C)Nc1nc2c(C(=O)N(C)C)c(Cl)c(Cl)cc2n1C3CCN(CC3)C(=O)Nc4ccccc4,5.6
8,CHEMBL2324347,CC(C)NCCN(C(C)C)S(=O)(=O)c1ccc(Cl)cc1Cl,5.64
9,CHEMBL3613630,CC(C)N1CCN(CC1)S(=O)(=O)c2ccc(NC(=O)c3cccc(c3)C(F)(F)F)cc2,5.66
10,CHEMBL3218111,OC1(CSc2ccncc2)CCN(CC1)S(=O)(=O)c3ccc(Cl)cc3Cl,5.66
11,CHEMBL3613635,CN(C)C1CCN(CC1)S(=O)(=O)c2ccc(NC(=O)c3ccc(cc3)C(F)(F)F)cc2,5.68
12,CHEMBL3613634,CC(C)N1CCCN(CC1)S(=O)(=O)c2ccc(NC(=O)c3ccc(cc3)C(F)(F)F)cc2,5.88
13,CHEMBL3613637,CCN(C)C1CCN(CC1)S(=O)(=O)c2ccc(NC(=O)c3ccc(cc3)C(F)(F)F)cc2,5.89
14,CHEMBL2321898,CC(C)Nc1nc2c(C(=O)N(C)C)c(Cl)c(Cl)cc2n1C3CCN(CC3)C(=O)c4ccc(cc4)C(C)(C)C,5.9
15,CHEMBL2323939,CC(C)Nc1nc2c(C(=O)N(C)C)c(Cl)c(Cl)cc2n1C3CCN(Cc4ccccc4)CC3,6.0
16,CHEMBL3613627,CC(C)N1CCN(CC1)S(=O)(=O)c2ccc(NC(=O)c3ccc(cc3)c4ncccc4Cl)cc2,6.03
17,CHEMBL3613643,CC(C)N1CCN(CC1)S(=O)(=O)c2ccc(NC(=O)c3ccc(cc3N)C(F)(F)F)cc2,6.03
18,CHEMBL3613636,CCN(CC)C1CCN(CC1)S(=O)(=O)c2ccc(NC(=O)c3ccc(cc3)C(F)(F)F)cc2,6.04
19,CHEMBL3613638,FC(F)(F)c1ccc(cc1)C(=O)Nc2ccc(cc2)S(=O)(=O)N3CCN(CC3)C4CCCC4,6.1
20,CHEMBL2324348,Clc1ccc(c(Cl)c1)S(=O)(=O)N2CCN(Cc3ccccc3)CC2,6.11
21,CHEMBL3613629,CC(C)N1CCN(CC1)S(=O)(=O)c2ccc(NC(=O)c3ccc(cc3)C(F)(F)F)cc2,6.15
22,CHEMBL2323940,CC(C)Nc1nc2c(C(=O)N(C)C)c(Cl)c(Cl)cc2n1c3ccc(cc3)N4CCCCC4,6.2
23,CHEMBL3613642,CC(C)N1CCN(CC1)S(=O)(=O)c2ccc(NC(=O)c3ccc(cc3[N+](=O)[O-])C(F)(F)F)cc2,6.24
24,CHEMBL3613641,CC(C)N1CCN(CC1)S(=O)(=O)c2ccc(NC(=O)c3ccc(cc3C(F)(F)F)C(F)(F)F)cc2,6.27
25,CHEMBL3613628,CC(C)N1CCN(CC1)S(=O)(=O)c2ccc(NC(=O)c3ccc(cc3)C(C)(C)C)cc2,6.41
26,CHEMBL3613640,CC(C)N1CCN(CC1)S(=O)(=O)c2ccc(NC(=O)c3ccc(cc3F)C(F)(F)F)cc2,6.42
27,CHEMBL3613639,CC(C)N1CCN(CC1)S(=O)(=O)c2ccc(NC(=O)c3ccc(cc3)S(F)(F)(F)(F)F)cc2,6.59
28,CHEMBL2323942,CC(C)Nc1nc2c(C(=O)N(C)C)c(Cl)c(Cl)cc2n1C3CCN(CC3)c4ccccc4,6.7
29,CHEMBL2323948,CC(C)Nc1nc2c(C(=O)N(C)C)c(Cl)c(Cl)cc2n1C3CCN(CC3)c4ccc(C)cc4,6.9
30,CHEMBL2323949,CC(C)Nc1nc2c(C(=O)N(C)C)c(Cl)c(Cl)cc2n1C3CCN(CC3)c4cccc(C)c4,6.9
31,CHEMBL2323947,CC(C)Nc1nc2c(C(=O)N(C)C)c(Cl)c(Cl)cc2n1C3CCN(CC3)c4ccc(cc4)C(C)(C)C,7.3
32,CHEMBL3218115,OC1(COc2ccc(C#N)c(F)c2)CCN(CC1)S(=O)(=O)c3ccc(cc3C#N)C#N,7.3
33,CHEMBL3218114,OC1(COc2ccc(cc2)C#N)CCN(CC1)S(=O)(=O)c3ccc(Cl)cc3Cl,7.3
34,CHEMBL3218113,OC1(COc2ccc(C#N)c(F)c2)CCN(CC1)S(=O)(=O)c3ccc(cc3Cl)C#N,7.31
35,CHEMBL2323935,CC(C)Nc1nc2c(C(=O)N(C)C)c(Cl)c(Cl)cc2n1C3CCN(CC3)c4ccc(cc4)C(C)(C)C#N,7.5
36,CHEMBL2323946,CC(C)Nc1nc2c(C(=O)N(C)C)c(Cl)c(Cl)cc2n1C3CCN(CC3)c4ccc(cc4)C5CCCCC5,7.5
37,CHEMBL2323944,COC(=O)C(C)(C)c1ccc(cc1)N2CCC(CC2)n3c(NC(C)C)nc4c(C(=O)N(C)C)c(Cl)c(Cl)cc34,7.8
38,CHEMBL3218112,OC1(COc2ccc(C#N)c(F)c2)CCN(CC1)S(=O)(=O)c3ccc(Cl)cc3Cl,7.89
39,CHEMBL2323945,CC(C)Nc1nc2c(C(=O)N(C)C)c(Cl)c(Cl)cc2n1C3CCN(CC3)c4ccc(OC(C)C)cc4,7.9
40,CHEMBL3218119,OC1(COc2ccc(C#N)c(Cl)c2)CN(C1)S(=O)(=O)c3ccc(cc3Cl)C#N,8.4
41,CHEMBL3218118,OC1(COc2ccc(C#N)c(F)c2)CN(C1)S(=O)(=O)c3ccc(Cl)cc3Cl,8.42
42,CHEMBL3218117,OC1(COc2ccc(C#N)c(Cl)c2)CN(C1)S(=O)(=O)c3ccc(Cl)cc3C#N,8.44
43,CHEMBL3218116,OC1(COc2ccc(C#N)c(F)c2)CN(C1)S(=O)(=O)c3ccc(Cl)cc3C#N,8.47
44,CHEMBL2323936,CC(C)Nc1nc2c(C(=O)N(C)C)c(Cl)c(Cl)cc2n1C3CCN(CC3)c4ccc(cc4)C5(CCOCC5)C#N,8.5
