0,1,2,3,4,5,6,7,8,9,10,11,12,13,14,15,16,17,18,19,20,21,22,23,24,25,26,27,28,29,30,31,32,33,34,35,36,37,38,39,40,41,42,43,44,45,46,47,48,49,50,51,52,53,54,55,56,57,58,59,60,61,62,63,64,65,66,67,68,69,70,71,72,73,74,75,76,77,78,79,80,81,82,83,84,85,86,87,88,89,90,91,92,93,94,95,96,97,98,99,100
Q96RI1,-28.746932999999977,-2.375615000000001,-9.168845000000001,-34.29202200000002,0.7700850000000009,-4.888168999999999,10.278154000000002,-4.580051999999999,-20.654387,33.29967200000004,-0.7960180000000001,1.8104430000000005,-5.492049000000001,5.695800000000002,-5.415601999999996,9.533690999999996,15.570557999999997,-18.572177,-7.899284999999999,-11.506564000000006,-3.259694999999999,-14.199459999999995,-18.394969000000003,-0.25771100000000075,-4.186692999999996,-1.5563890000000025,-12.974958999999997,-6.2754330000000005,3.5820980000000016,-6.935750999999995,4.310583999999996,-27.290237999999974,1.360212000000002,-5.681803000000007,9.81804399999999,8.423457999999991,-11.166043000000002,-0.41069699999999876,4.389669999999996,-7.343166000000006,2.283013999999995,5.3885580000000015,7.783394999999995,-7.401008000000003,7.0051820000000005,-1.3471530000000034,-19.59479599999998,0.2680710000000026,-11.956440999999986,14.431840000000001,-13.83720400000001,-8.854582999999996,12.097802000000003,-24.656230000000015,15.457336999999995,-21.46827100000002,11.422714000000006,-3.3059810000000014,-8.781292,-33.61368100000002,5.3089580000000005,35.26338800000001,8.715142999999996,-6.398405999999993,24.615790999999977,13.439934000000015,-0.7306450000000043,11.444468999999998,20.486146999999992,-10.038694999999999,-7.318782999999998,7.144895999999997,3.0474249999999974,8.571708000000001,2.4455419999999983,-17.84431399999999,8.503866999999998,-12.39400799999999,6.697192000000003,-11.076079000000007,-21.258059999999976,-3.074657999999999,6.365913000000006,-1.803077999999997,13.688779000000018,-9.956899999999994,-18.602442,-20.98480400000001,-17.050372000000014,15.717832000000008,2.2394509999999976,-6.184714000000005,-3.931732999999998,-0.28349500000000055,24.708056999999993,1.9568650000000014,-6.444466999999996,-21.046703000000008,-9.551121000000006,38.597654
P41235,-30.38628499999999,-6.126422000000001,-2.5345159999999995,-35.323884000000035,-2.708781000000001,1.108319999999999,8.084870000000006,-4.469244999999999,-7.676063,35.01029600000005,-3.923060999999999,-2.717869999999999,-4.416366999999999,9.268510000000012,1.9700519999999988,4.503956000000007,9.892213000000007,-11.222315999999987,-1.391620000000001,-5.6863969999999995,-3.2186990000000018,-15.691677000000007,-18.91552799999998,3.7536820000000004,-8.322965000000002,-5.010586000000003,-9.423601,-4.071913,-4.885838000000002,-3.7032000000000007,-0.8930139999999973,-27.67727300000001,2.37232,-10.579010999999989,9.509073999999996,7.722098000000002,-13.926416999999994,-1.6843200000000005,4.4966349999999995,-2.478653000000001,6.714034000000002,8.378246000000008,5.891270999999997,-4.0054820000000015,7.20297,1.3855960000000018,-12.578868000000009,2.9254169999999995,-11.938634,12.613408999999999,-12.829424000000005,-10.325247999999988,9.982250999999996,-26.005309999999994,8.614438000000002,-21.588946999999997,5.335205000000002,1.7929549999999992,-12.091232000000009,-24.987081000000025,12.132426000000004,36.54962599999999,0.8654500000000025,8.16330899999999,21.959975000000025,9.609500999999984,1.2000799999999996,13.046116000000005,21.769179999999984,-6.252088999999998,-10.862122,0.344479,2.089853,7.743700999999997,1.8580770000000018,-14.662124000000002,4.187861999999995,-11.624217000000005,8.449104000000005,-10.119852999999994,-15.718234999999998,-5.406805999999994,7.474149999999999,1.00611,13.185932000000005,-10.798740999999993,-18.685561000000007,-7.781743,-13.742771,14.775288000000003,5.403755000000001,-15.602149,-10.571956,1.9566610000000033,16.45036,6.137814000000005,-8.379046000000004,-29.461109000000008,-10.743891000000005,34.29705899999998
P10826,-24.94694400000001,-3.5573220000000005,-7.345311999999998,-35.559442000000054,1.859415000000001,-5.208676,9.143454,-14.308272000000002,-15.606624000000014,31.234762000000003,-1.882507,-1.5982380000000003,7.951657999999999,12.357194000000005,-2.6074970000000017,6.204594000000001,14.056119999999995,-11.54752099999999,-6.8984329999999945,-4.458259000000001,-1.4392550000000002,-12.253456000000009,-25.960494000000008,4.954385,-4.941624,-4.149672000000001,-15.009131000000009,-9.915397000000006,-0.3092219999999998,-1.6779079999999995,0.017591000000002716,-19.351546999999986,-7.124586000000004,-7.447348999999993,9.815470000000003,1.73979,-6.414583000000007,0.7763069999999996,1.564173999999999,-6.750141000000007,6.5137929999999935,8.395137000000005,3.403789999999997,-1.278448000000002,0.4325329999999977,-0.8373439999999999,-13.617654000000003,2.2588710000000005,-9.064067999999997,11.220033,-12.07926299999999,-13.723211999999993,10.616662999999999,-23.727227000000013,3.2976580000000038,-17.043653000000006,12.484146,0.9231139999999987,-10.066644999999989,-25.020240000000005,9.378432000000005,37.68127499999997,1.9820970000000009,-6.682791999999998,27.22621399999999,16.350243000000006,-1.250056999999998,4.441936000000002,23.255490999999996,-2.1853109999999987,-9.371693999999993,0.40867900000000057,4.771576999999998,12.051940000000007,-9.989316000000004,-8.301664999999995,3.826603000000001,-17.162123,8.174845000000003,-8.019116000000006,-18.686890999999992,-7.989551999999997,4.035558999999999,-6.384728000000009,10.093547999999997,-17.234668,-14.640099000000001,-21.118717000000007,-12.508602999999999,14.951902000000006,6.641710999999999,-7.925847999999997,-11.988189999999996,-0.5613810000000004,23.393053000000013,5.251684,-4.836718000000002,-38.673149000000016,-0.829299,35.08912399999999
Q03181,-27.547805,-1.1783930000000002,-4.4944310000000005,-27.682875,-3.5361380000000033,-8.156247000000004,8.911073,-2.4941480000000005,-12.455858,30.778191000000003,-1.9427710000000005,2.274535,1.6914669999999998,12.117443000000002,-5.551062,6.610243999999994,11.894172999999997,-14.449199999999992,-3.932842,-8.955860000000007,-0.746909,-4.753330000000001,-20.535719000000004,2.7438230000000003,0.44634700000000116,2.7159259999999996,-7.911064999999997,-5.833303999999996,0.7660540000000008,-7.563865999999997,0.9164029999999966,-21.14354699999999,0.3545240000000007,-4.962408999999997,11.602342999999996,7.875205000000001,-11.599360999999998,-0.7752479999999997,3.2019450000000016,-3.157170000000001,3.0507160000000004,6.713792999999998,8.746454999999996,-9.503058000000003,5.397697999999997,5.396030999999999,-10.82833499999999,-2.3650480000000016,-8.424999999999997,10.552409999999984,-15.258975999999997,-11.180961000000002,12.551217000000008,-20.736475999999993,14.806353000000003,-21.63439999999998,7.575356000000002,-0.4275409999999993,-12.279665999999997,-31.610950000000006,2.5708140000000004,38.30310699999998,3.4334360000000013,3.1072890000000006,17.565706000000002,11.188549000000004,2.4145199999999964,12.074544000000005,19.982205999999998,-12.511980000000001,-8.424496,9.772388999999997,0.1642589999999989,6.79776,-1.19383,-11.349992000000007,13.799603000000005,-4.598128000000003,8.830096999999997,-7.706259000000001,-16.639427,1.4935129999999999,2.9154100000000005,1.221878000000001,12.063918999999999,-9.331687999999998,-15.95210300000001,-11.699733000000007,-13.282468000000001,14.323474000000008,6.757354000000006,-6.183191999999998,-1.331176999999998,3.308672000000001,24.25188700000002,4.058976999999998,-6.663386000000003,-22.45249099999999,-8.223601999999994,33.748929
Q14994,-23.038053999999992,-4.274041999999998,-5.746980000000001,-24.835353000000005,-1.9632010000000004,2.127157999999999,4.9081940000000035,0.6091639999999998,-11.034681000000006,25.15310699999999,-3.3164020000000014,-0.38853699999999963,-3.7249979999999985,11.113534000000001,-4.415477999999993,5.702312999999998,5.305754,-10.727330999999987,1.9883699999999978,-5.821168999999994,-6.229787999999996,-12.555488000000006,-9.534777000000002,3.2622979999999995,-2.0027529999999993,-8.831141,-6.017875,-6.909113999999997,0.5983400000000008,-4.752296000000005,4.897223999999997,-26.020962000000036,-2.988608000000003,-6.446707000000004,14.461182999999997,3.385869000000001,-10.009898000000002,-2.4030029999999987,6.371056000000003,-0.06463200000000012,5.833086000000003,4.742576999999997,7.111636000000004,-2.9804019999999993,8.639629999999997,-0.5881569999999992,-14.541359999999997,2.6866879999999993,-13.544175000000006,8.824735999999998,-8.727738000000002,-6.789836999999998,5.758629999999994,-14.828172,11.413318,-13.903249999999998,4.354428000000001,0.47677700000000045,-5.7350259999999995,-19.302351999999992,4.284266999999998,32.10420700000002,-0.05868900000000042,4.868017999999999,13.833951999999991,9.370983000000011,3.277901000000001,5.613294999999997,13.505496999999988,-3.222536,-11.41161799999999,7.033487999999998,5.311256999999995,4.545331000000002,-0.26243200000000017,-12.33241300000001,5.525930999999996,-11.308852000000002,7.445792000000001,-1.1994760000000004,-12.833945999999989,1.9034729999999995,13.098129000000004,1.0205320000000033,7.626546000000001,-7.433402999999998,-15.203539999999993,-6.461201999999997,-11.521895000000004,5.788395999999992,6.955792999999997,-9.321990999999997,-4.260673000000001,2.7929690000000016,17.159676999999988,5.714854000000004,-8.629242000000005,-14.507209000000001,-11.125534000000014,24.781041000000027
P08235,-60.22069600000002,-33.31252100000001,-37.57021400000005,-83.34252600000002,-2.829077999999998,-24.537311999999986,13.765537999999983,-34.18640500000004,-26.466388000000006,54.28266099999999,-8.080700000000013,5.684754000000004,2.439271000000003,7.517532000000006,6.428225999999994,5.655233000000002,26.821585,-22.66197899999997,-19.876044000000036,-19.375259999999997,0.8480749999999989,-23.969289000000025,-50.33117999999993,9.638457000000004,-18.152087999999992,-0.26265700000000103,-31.00221300000001,-10.546842999999994,-2.604055000000001,-23.827802999999967,3.1185520000000024,-49.043928000000065,-9.529101999999998,-23.56321,5.052124999999993,18.320664000000015,-29.094020999999987,13.501259999999988,11.446617999999994,-17.435901999999984,16.061739999999972,22.479084999999998,11.116733999999983,4.419805,-14.027157999999991,-5.823181000000004,-32.03807199999997,10.441853999999998,-11.486215000000005,30.710697000000046,-37.924455999999935,-30.197929000000013,22.285121999999994,-53.00474299999997,10.092964000000007,-29.161316999999983,22.788252000000014,-18.113383999999993,-24.818455000000007,-48.57371699999997,32.32011700000002,66.28952999999996,-5.012023000000008,-17.225517999999987,59.58097300000006,27.236730000000016,4.610479999999998,9.843386999999984,48.97605799999995,4.535650000000002,-13.86327899999999,-10.162724000000004,9.712107999999995,27.492335,-17.62854300000002,-33.451839,2.4976039999999977,-37.54099099999998,15.962788000000009,-32.92512199999998,-47.744656,-27.416705000000004,15.79015599999997,-8.946118000000006,33.24957499999995,-34.729397000000006,-18.019794999999988,-40.919587000000035,-28.65232500000001,30.390958999999988,15.331432000000003,-12.599357000000008,-21.71833600000001,15.132112000000005,39.38236000000005,20.918916000000014,-16.399623000000002,-89.37412200000001,-9.836468000000016,67.41791699999999
Q9Y5X4,-28.076526000000005,-10.512080000000006,-7.892660999999997,-27.193178000000024,-6.565078000000005,-5.473519999999995,9.666402000000003,0.3952690000000009,-8.155128000000003,29.110759,-3.586323,-0.8013300000000012,-2.841752000000002,5.446172999999997,-0.5812799999999996,-0.7896070000000002,5.677460000000001,-8.649682000000004,-1.4615830000000014,-0.8986300000000008,-3.096853,-12.384013999999997,-15.942647000000004,10.685115999999985,-4.211087000000003,-7.783840000000001,-4.307308999999998,1.1335150000000003,0.6209149999999998,-0.5433630000000009,1.481869000000002,-23.82099199999999,-8.152523000000002,-8.997442000000008,9.493388000000001,3.8876750000000007,-14.292376999999991,1.6507740000000009,9.784575,-3.284781000000002,5.605408000000005,3.7298610000000005,9.092756000000003,-0.18129500000000065,2.961437000000001,2.9498950000000024,-11.116257000000006,0.894386999999997,-9.375948,8.669118000000003,-8.895170999999996,-14.987032999999997,1.521242,-24.656608,9.953651999999996,-11.076006999999992,0.05098699999999816,-3.8242610000000012,-9.049743000000001,-19.552942,15.946685000000008,39.706822999999986,0.9780790000000006,8.818524999999996,16.26912,14.290418000000004,7.489508,2.568084,18.409724999999998,6.609308000000002,-16.266394000000016,0.8190149999999976,5.846955999999997,8.327943000000001,-17.440677000000004,-7.077834000000002,5.383212999999999,-18.652028,5.762489,-2.155142000000001,-12.916305000000005,-9.982488000000009,4.4386100000000015,1.338413,10.257854999999998,-10.281012999999994,-12.033989000000012,-6.810410000000003,-5.404399000000001,5.634033999999996,13.452722999999994,-10.427784999999993,-10.834203000000002,5.704190000000001,20.82816900000001,11.099983000000005,-3.1460540000000004,-32.19685499999999,-14.85655000000001,36.11921100000001
P51843,-30.579587999999998,-2.379163000000001,-5.347422999999994,-29.352925000000003,-6.159016000000002,0.9761959999999997,7.644746000000005,-6.071023999999998,-10.700194999999995,34.208501000000005,-5.680318,-8.419775000000007,-2.3792440000000012,10.565822999999986,6.130544,3.745846999999995,4.717102,-16.294829000000014,5.757442000000002,-3.4768639999999964,0.38830999999999893,-12.912129000000006,-18.799436,9.654781999999988,-1.1519329999999999,-5.931748,-13.996466000000009,-5.252501000000002,-3.564610999999998,3.1988060000000043,5.259434999999999,-29.478474999999985,-5.241980000000003,-2.898641999999999,9.249675000000003,4.155466999999998,-17.752034999999985,-2.1944169999999974,7.615748000000002,-5.159566000000002,10.603483000000008,6.112485000000003,17.855752000000013,-12.487285999999992,-0.03719600000000073,2.2402050000000013,-25.327917,2.1378059999999994,-12.255963999999999,4.332001999999999,-9.473657000000014,-19.46750100000001,1.1053259999999998,-30.625873999999975,11.038928999999998,-18.81343500000002,1.1671610000000003,-5.5883619999999965,-16.210681,-19.48921200000002,13.362317000000008,48.50163500000001,0.17692300000000058,5.902828000000003,19.056873999999986,9.927052,-2.0303020000000007,2.5557380000000007,18.278942999999998,0.6200879999999995,-22.67424099999999,-1.1297600000000003,-1.3616840000000021,10.827869,-15.126445000000013,-12.500486999999994,4.410462000000001,-23.164471000000002,5.2966750000000005,-1.3963209999999997,-9.928735000000003,-5.534785999999998,16.972036999999997,1.765359,9.613925999999998,-11.420270999999994,-14.525754999999995,-8.136963999999994,-5.3855440000000065,6.164676,11.518808999999996,-10.579887999999993,-16.456361999999995,11.780067,14.241505,12.464220000000008,-11.403393000000003,-30.577605000000013,-15.091139000000005,45.49102300000001
P37231,-35.26556100000001,-2.7167030000000003,-2.8436690000000038,-36.18041700000001,1.862691,-6.700746999999993,13.279132999999998,-4.8585099999999946,-13.058778000000009,32.04187899999997,-6.056222000000003,3.348956999999997,-0.08293600000000081,7.651936000000002,-9.256919000000002,5.787263,18.389125,-16.995497999999998,-9.987697999999995,-16.541241999999986,-0.3016220000000015,-17.482588,-22.26388200000003,-2.0988150000000023,-0.05159399999999848,0.36347599999999985,-8.141080000000006,-9.802614000000004,1.8166699999999998,-10.597406000000007,-0.6611210000000025,-22.778901000000012,4.750030999999998,-9.620294999999993,11.274556,14.281553999999996,-6.544088999999997,1.2651349999999992,-0.9975259999999991,-5.611004999999999,2.646359999999999,6.694594000000004,8.948861000000012,-7.8715540000000015,1.7212650000000007,4.894100000000005,-8.667857000000005,0.396463,-6.840657999999994,16.807871000000013,-15.742773999999995,-9.587099999999996,22.746677999999996,-22.393171000000013,10.503530999999992,-27.783952999999986,6.418253000000005,-6.918456000000004,-8.449612000000005,-38.765663,4.000810000000004,33.06359300000003,3.826783000000001,1.9150019999999979,24.45010699999998,12.899726,2.3010679999999986,17.011627000000008,19.801837999999996,-19.085562000000003,-1.6229309999999995,6.627768999999991,1.3650309999999994,4.369555000000004,5.509545999999998,-16.722286999999994,15.212852000000002,-6.670498999999995,6.064329999999998,-13.95658300000001,-20.281839,5.133678000000004,-1.4911770000000002,3.426374999999999,17.642461000000008,-13.035851,-14.098245000000007,-16.727060000000016,-24.86067099999999,14.30083800000001,1.7140729999999986,-8.162348000000003,-5.687039999999997,-1.1621450000000002,21.77767899999999,2.3026429999999976,-9.419319999999997,-23.80193800000002,-4.153510999999996,35.280846999999994
Q14541,-23.47190899999999,-5.918868000000002,-2.153456999999998,-31.375049999999998,1.2777990000000006,-2.198891,2.809959999999999,-4.285029999999998,-13.562209000000015,26.249177000000014,-4.965258999999999,-0.3372790000000003,-0.8472660000000002,11.103899000000009,0.4981849999999991,5.343075000000003,9.059097000000001,-8.071925999999992,-0.4470959999999995,-6.342504999999996,-1.1620419999999991,-14.643430999999998,-18.607428000000002,2.712496000000004,-7.620282000000003,-3.6000529999999986,-11.671079999999996,-6.204520999999998,-0.382972,-4.388221999999998,-2.668417999999999,-26.765377000000004,3.308809000000001,-10.401413999999997,8.686852000000002,5.519914999999997,-9.84886,-0.1689009999999995,3.4202309999999994,-4.660140999999996,9.765510999999993,6.766551000000004,6.092079999999994,-4.171484000000005,5.7029229999999975,2.5037289999999985,-12.402309000000002,-0.3606410000000009,-5.065005000000004,11.147702000000008,-12.334015000000003,-3.978360000000004,13.606004999999998,-19.800883999999964,11.52920100000001,-14.486313999999995,8.213704000000005,-3.0027239999999984,-10.283311999999988,-24.51064699999999,6.993374000000006,31.696270999999964,2.894871999999997,1.4092149999999972,20.796644,6.178386,3.2063479999999998,8.989232000000003,15.473526999999999,-6.8155989999999935,-9.796704,0.726564000000001,1.8307309999999988,3.4893009999999967,2.8805479999999988,-17.653121999999996,6.276457999999997,-8.605948999999999,8.983567,-11.203819000000001,-14.710536000000005,-1.9804769999999998,7.7626240000000015,-0.3110410000000003,10.953660999999991,-8.467113000000003,-14.528855999999998,-8.301627999999996,-13.097033,12.102879999999997,4.827846000000001,-8.272150000000003,-10.27244100000001,-2.3166709999999977,12.94691,8.352682000000009,-3.0763799999999994,-25.126976000000013,-8.621920999999995,32.55735300000001
P10827,-28.044781000000004,-2.145973,-6.739093999999994,-27.657602999999984,-3.5044490000000024,-7.967132999999999,7.082493000000003,-2.967126,-14.010314999999993,31.404296999999982,-2.6025420000000006,1.0251440000000014,3.021014999999996,11.113314000000011,-3.045482999999998,4.576851000000001,7.307518000000008,-17.434338,-1.736668,-5.996710000000003,-0.3789209999999993,-8.439891999999997,-19.61067300000002,1.2532139999999998,-7.391017999999994,1.8230720000000007,-9.168987999999999,-1.2982839999999987,1.5739740000000004,-9.547202999999998,-0.345056999999999,-33.44058499999997,-5.533829000000003,-3.0355089999999985,8.139830999999994,2.9491319999999996,-16.118065999999992,0.8672970000000028,5.903209999999998,0.4338959999999993,10.008449,5.103411000000002,2.5121750000000014,-8.666168999999991,-0.17963900000000085,1.961625000000002,-15.398884999999995,-4.006936000000002,-14.180486999999983,16.878465000000006,-11.492985999999993,-15.858484000000002,8.255446000000012,-22.449561000000003,15.642856999999989,-23.41473300000004,7.387821000000004,-3.007437000000001,-7.867144000000006,-32.58571400000003,11.598776000000008,43.86161399999999,2.541215000000001,3.9127029999999987,24.171398999999983,9.811414999999991,2.136581999999998,11.433170000000002,26.411215000000013,-6.4893860000000005,-16.116351000000016,6.152696999999997,5.083128,12.111925,-0.5027640000000022,-18.58235499999999,14.754032000000004,-9.561281000000008,4.459337000000001,-7.598191999999996,-17.955504000000012,-1.759357000000001,5.652393000000001,-2.7704440000000004,8.775215999999995,-10.096758999999986,-14.464013999999993,-14.676851999999991,-19.442985000000018,20.883375000000008,6.992235000000002,-3.663649999999999,-5.449977999999996,5.119701000000004,24.207694000000004,5.88091600000001,-5.753263999999995,-27.655694000000008,-12.868643,38.11615400000004
P55055,-33.78222,-13.442094000000003,-10.021015,-30.451059,-11.944396999999988,-4.8336039999999985,8.00945,-4.282495,-14.512103000000009,32.36410600000003,-1.8911540000000027,-2.469604000000002,3.6314109999999995,11.035514000000006,1.6157289999999982,-1.163937,3.4943899999999988,-15.427152999999995,3.578548,-0.88567,-3.9840109999999944,-9.279016,-13.627730000000009,5.003812999999999,-9.216397999999995,-4.018055000000001,-6.473894999999999,-4.620367999999994,-5.205126,-2.426788,4.226925999999996,-30.50737999999999,-9.033862000000003,-7.308274999999994,3.2221199999999994,5.861353999999998,-11.537470999999998,-6.692865000000003,8.135617999999996,0.3544349999999992,7.973405000000004,8.632330999999994,11.948734,-6.264261999999996,0.6717600000000004,-2.9765059999999988,-16.105650999999988,-2.049040999999999,-13.480513000000014,10.016888000000009,-11.228949999999994,-17.16463599999999,1.2257479999999994,-23.601065999999978,14.268379999999993,-13.749408000000006,8.231105000000001,2.8186679999999997,-6.8362690000000015,-28.020243000000004,19.189614000000006,40.55042499999996,-2.3166029999999997,8.966069000000013,16.55544999999999,13.019357999999995,-0.27616999999999936,0.19238599999999956,29.775607000000008,0.36516599999999644,-17.954138999999984,-2.3821600000000003,5.378660000000001,10.288610999999998,-11.030419000000007,-16.239770999999987,10.358081999999992,-12.055451999999994,4.848199999999995,-5.816479999999997,-16.792979000000006,-5.580764000000008,13.429710999999994,-6.584456000000005,11.914846999999996,-14.930044000000011,-15.987819999999989,-13.120926,-8.442200999999999,13.988539999999997,10.927936999999996,-6.481953999999998,-3.3015539999999994,13.393490000000009,22.20784400000002,6.574203000000003,-6.326055999999995,-34.27254699999999,-8.901023999999996,29.727397
O15528,-41.798019000000025,-9.130103000000004,-1.7068879999999989,-28.76465500000002,-12.106382000000009,1.336285999999999,12.021977000000001,-0.25917999999999985,-6.210573999999995,45.152052000000005,-7.646260000000005,-7.706253000000006,-0.18959700000000176,15.34752400000001,2.6523930000000004,-0.30342800000000025,-2.0892319999999986,-19.633659000000016,9.255718000000002,1.0894409999999988,-7.011806,-24.046591000000024,-8.481884999999997,8.618305999999999,-9.577358000000004,-15.857754999999996,-3.5846879999999985,2.6097609999999998,-5.282102000000005,-3.8037949999999965,6.000512999999997,-32.892086000000006,-10.876773000000007,-7.0562819999999995,14.468040999999985,1.031717,-17.932775999999993,-3.2936789999999974,15.969017000000006,0.5734570000000005,7.517248999999993,8.966126999999988,14.567283,-7.488355000000002,-2.080522999999998,3.3020169999999984,-8.875617999999989,1.333556999999998,-21.86522899999998,4.3987330000000044,-7.618544999999998,-23.036390999999984,1.5133590000000006,-31.658568000000027,13.016321999999999,-21.943364,-0.9766539999999992,2.0337530000000004,-13.53987400000001,-22.597574,20.76399500000001,45.33642199999997,-4.081937000000002,18.18947800000002,11.781622000000002,11.70952399999999,4.639561000000004,3.9211399999999985,21.747782999999995,3.4391999999999974,-22.400597000000023,-1.3965800000000022,3.627769,7.407478999999997,-12.375096000000005,-7.1766260000000015,9.757598,-19.367705000000033,3.956401999999996,-1.5302909999999978,-8.476946,-7.359165000000004,24.439987999999992,8.194202999999995,16.089827000000003,-17.101375999999995,-21.801825999999988,8.310616999999995,-7.760077999999995,6.270735000000003,14.591148999999993,-23.75992699999999,-17.73895399999998,10.48818499999999,19.032747999999994,5.634098999999999,-8.187449999999995,-27.634804,-16.532580999999983,38.32570400000001
P15514,-11.718993,-2.619367999999999,-2.4654030000000002,-15.719264999999996,-3.4589199999999987,-7.069910999999998,6.159775000000002,-3.982508,-4.361965000000002,17.789904999999997,0.5856479999999998,-0.600065,1.3668269999999996,5.3629150000000045,0.7039829999999998,2.728452999999999,6.299491000000003,-6.815540000000002,-3.2922860000000016,-1.908819,-0.356474999999999,-5.118436,-12.425781,-0.38053499999999935,-4.560027000000005,5.6843589999999935,-0.8115109999999998,-1.0678040000000004,-0.7195520000000002,-4.975163,-2.072196000000001,-11.789981999999997,-1.5586609999999999,-1.269236999999999,4.4524430000000015,2.203611,-4.766100000000005,2.171055999999999,5.669636000000001,-1.4809229999999998,5.111993,5.421510000000002,0.3548630000000003,-5.657757999999999,-5.052620000000004,1.40985,-6.202318000000003,-0.09618900000000011,-1.5775180000000013,7.064938000000002,-4.045657999999999,-8.084882,5.866869000000005,-17.093062999999997,8.318693000000003,-14.133104000000005,4.134002999999997,-0.43400300000000047,-2.813773999999999,-16.975553999999995,9.035227000000003,20.07890800000001,1.6148729999999993,1.191107,12.849285000000004,6.060383999999996,-3.8716809999999997,5.3325079999999945,9.603159000000002,-3.765575,-4.580739999999995,0.6034129999999994,3.920005999999998,4.757433000000002,0.9271290000000004,-7.927802000000001,4.127101000000001,-2.923372000000004,3.4128929999999995,-5.118678000000002,-13.201919000000004,-2.565153000000001,0.24052199999999968,-4.797535000000002,7.8208079999999995,-5.330515000000002,-7.487446999999995,-11.622953000000006,-8.531111999999998,9.975695,3.4070350000000014,-1.4825720000000002,-1.9269039999999997,2.3342589999999994,10.907741999999995,3.510758000000002,-3.181253999999999,-20.125564,-5.552812000000005,16.859665
P10275,-61.89480100000001,-39.42465000000004,-30.76252300000001,-64.54612,-45.92472400000004,-23.044735000000028,8.026922999999996,-13.266487000000021,-23.351701999999985,67.10342700000002,-12.822299999999982,-12.056058999999987,-0.007887000000003301,19.92602299999999,33.245876999999965,-6.941326000000002,-0.5884019999999927,-7.557365999999998,15.683782999999988,-14.605582000000016,-6.0616750000000055,-15.514265999999996,-17.011880999999992,14.628668999999993,-37.871036999999916,-2.959844999999995,-29.48338700000003,4.6079290000000075,6.850751000000004,-13.447738000000012,11.316167999999996,-79.36856000000019,-1.0139110000000002,-29.440832000000047,-15.084195000000026,24.190215999999975,-34.780545000000004,-1.6123540000000018,8.190562000000005,20.790509000000036,8.136644999999996,2.331025000000005,32.23324100000005,-0.3004550000000007,-10.371088,-22.181377999999956,-75.6620030000001,-1.5452180000000015,-30.23296800000002,33.59805199999997,-30.52224500000004,-25.210295000000027,-1.1875779999999878,-70.28286300000012,26.711009000000004,6.86327599999999,19.616148000000017,-16.553963999999997,-14.947808999999998,-31.523624,27.649614000000028,77.90942899999993,2.1568939999999963,9.501141000000008,33.217938,18.129316000000003,-18.34645299999998,-19.135577000000037,62.87349199999991,23.88731000000001,-54.13648099999997,-10.446088000000005,16.153479999999995,11.503382000000022,-17.786177000000013,-24.63241699999999,-4.562099000000013,-39.08197800000001,2.662481999999999,-26.381625000000028,-15.912074999999989,-22.981654999999964,45.89826700000003,-27.448727000000034,39.53313699999996,-28.65736600000001,-21.460361000000017,-27.896378999999946,-10.474661999999993,23.882206999999987,9.95140199999998,-10.916317999999992,30.833372999999977,24.21355000000003,55.552769000000005,15.245563999999977,-24.267388000000018,-59.15703300000002,-25.380986999999976,80.70111099999993
P43354,-36.930527000000005,-11.069932999999992,-14.640217999999976,-49.106993,2.673601,-8.772006000000005,11.865311000000005,-9.556831999999995,-19.504577999999984,39.84019800000001,-7.141317000000005,-1.5687689999999983,3.222109999999999,9.486264999999989,3.7819359999999866,8.509758999999992,14.883506000000017,-18.539178000000007,-7.735177000000004,-15.545310000000002,-0.7041830000000014,-20.298218000000006,-23.052343999999998,9.520060999999998,-12.658371,-2.2996679999999965,-18.31226799999999,-9.244646000000008,-2.872470999999999,-6.530884000000002,3.540831000000001,-31.111051000000014,-1.641383999999999,-14.769899999999991,6.567216999999999,9.753723,-11.355491,4.2366950000000045,4.868284,-5.834346000000004,6.815541999999999,8.834488000000002,13.704969,0.48089899999999974,-4.1987210000000035,-4.767179999999995,-23.698142000000015,2.666031999999996,-16.61471900000002,19.29712599999998,-21.598180999999975,-22.049364999999984,8.95886,-34.766718999999995,6.836113000000004,-15.339947000000024,10.446135000000018,-7.719443999999999,-16.712465000000016,-28.976257000000007,15.923794000000015,47.99635099999998,-3.3726389999999995,-7.158679,33.23609600000001,17.121389999999998,0.14195099999999947,0.4478409999999997,30.014641999999988,0.4517530000000019,-13.922046999999992,-2.898896000000007,1.3332389999999992,14.246078000000011,-15.961069000000006,-19.418750000000003,2.426000999999999,-27.84207600000002,11.01638699999998,-13.517012000000001,-24.54142700000002,-11.881934000000001,14.324646000000007,-4.161598999999998,10.381152000000013,-19.510295000000006,-17.770524000000012,-13.273971000000007,-12.502070999999994,21.47081500000001,3.6229440000000004,-6.437513999999999,-17.641615000000016,3.295466999999999,27.656060999999994,10.946303999999998,-4.628906999999999,-52.60350299999999,-11.912546999999998,45.27851299999998
O00482,-33.40190200000001,-6.913487999999999,-8.980368999999989,-38.22633000000003,-2.1442549999999994,-8.432692999999999,7.757175000000001,-8.654748999999997,-20.512137000000028,36.70843199999999,-4.254322999999996,2.8910969999999994,-7.528278000000001,7.810027000000008,-2.376552000000002,8.334394999999995,15.906303000000007,-18.525888000000002,-5.124201000000004,-10.793973000000001,-4.231263000000005,-14.443766000000002,-20.246517999999995,0.6614839999999998,-7.3673860000000095,-3.467041,-9.471955999999997,-8.863075000000004,-4.062583000000001,-10.732982999999994,1.2174959999999997,-28.897113999999956,-2.6389109999999985,-10.760697999999996,10.57651700000001,10.181159,-12.022389999999993,4.780573000000004,2.7636089999999975,-3.022228,3.750587000000001,10.858524000000005,12.876106,-1.7001810000000004,8.729180999999992,3.8814070000000007,-20.440761999999996,-5.759124999999999,-6.328985999999999,18.190511000000015,-16.876012999999997,-12.870872999999992,17.31746499999999,-26.02582599999999,13.902937,-22.340479000000027,10.429884999999992,-3.7490269999999994,-13.406545000000014,-32.03879,6.134520999999996,41.403816000000035,2.9215340000000003,-1.9457930000000037,27.151301999999976,14.371453999999995,4.591007000000003,12.394666000000015,22.588802999999984,-10.428808999999998,-10.089526,6.143953000000002,0.25415600000000116,8.48003100000001,4.588538,-18.10833499999997,14.510213000000007,-10.11506299999999,6.25938899999999,-13.418088999999988,-17.251326000000006,-3.903494999999997,13.863681999999997,-2.1652710000000015,10.334131,-16.080336999999997,-19.273186999999982,-15.505923999999988,-19.655503000000024,14.523444999999997,5.319495000000003,-15.143186000000009,-6.386404000000011,-6.601012000000002,25.77298600000001,3.377914000000001,-8.720700999999995,-26.548311999999985,-14.84406199999999,41.12985499999997
P28702,-40.63877200000005,-11.336545000000003,-10.124193000000004,-39.163667999999994,-11.403911999999995,-11.169135000000004,13.410612999999993,-5.671961999999999,-15.225186,42.91383600000003,-5.246396999999998,-13.363948000000008,12.084309999999999,11.709026999999992,6.557437999999994,-2.9277990000000016,1.8216580000000016,-9.823987,12.290447000000004,6.2882670000000065,-2.8155609999999966,-16.780390000000015,-19.456228999999972,8.083572999999996,-7.265199,-9.105726000000006,-18.084456000000003,5.643734999999996,-9.316904000000012,4.944287000000006,7.311062999999997,-25.12296200000001,-5.752260000000005,-12.252237000000003,4.807163999999997,2.040098,-14.692195999999997,-16.47723,14.394185999999992,7.452147000000003,12.593525,10.177489000000003,16.321878999999985,1.4108170000000024,-12.431086999999996,-6.7669369999999995,-18.702354999999983,3.5988570000000033,-20.639860000000017,9.979790000000008,-11.299339999999994,-27.126412000000016,-0.37974199999999997,-41.15626800000004,13.253338999999999,-17.206943,3.9443449999999993,4.045013999999998,-16.010818000000008,-17.39120900000001,31.23617300000003,43.73159800000003,-10.028369000000005,11.909002000000003,16.349325000000004,17.246744999999986,-6.6989269999999985,-7.910606000000008,28.651112999999985,6.4294749999999965,-24.679085000000054,-1.6111390000000028,7.404829000000003,13.367314,-24.422491000000008,-9.854014000000008,-4.785700999999999,-24.30536899999998,11.144168000000008,-5.832630999999999,-18.45748100000002,-8.770067000000013,14.777137999999999,-12.986176,7.471976999999999,-15.748742999999989,-21.800505000000012,-8.965416000000008,3.218679000000002,11.545469999999998,4.891478,-16.891008000000003,-16.225135999999996,13.789917000000013,27.180238999999972,13.851769000000003,-6.639762000000001,-46.86384699999997,-12.024088000000004,45.58602200000003
P51449,-27.931773,-6.947031999999994,-14.837213999999989,-30.35587500000003,-7.989038,-6.453829000000002,4.772690000000001,-3.4805889999999993,-20.577266999999992,38.671147999999995,-8.084202999999995,2.428684000000002,-0.22411599999999982,14.350122000000002,2.4514509999999974,3.078975,9.593358000000007,-15.288283999999999,2.392749999999996,-7.694264000000005,-7.487658000000004,-16.707637000000005,-17.273621000000016,1.8608500000000012,-4.397710000000002,-6.039675999999994,-13.214956000000004,-2.7053810000000005,-3.2634400000000015,-5.694002,2.818101999999998,-36.27648700000002,-6.358873999999997,-7.116047999999998,11.07734999999998,3.463247000000006,-10.580860000000015,0.9566010000000024,9.879283999999997,2.2658249999999964,10.102895000000004,8.057385000000004,9.066296000000007,-10.953068000000005,8.952968000000004,0.7409550000000014,-22.512845999999993,-1.9015750000000007,-15.420321999999995,15.457653,-20.286091999999982,-14.307171999999994,0.9038940000000021,-24.244761000000004,18.86749100000001,-16.773355,6.826630000000001,-4.914264999999996,-14.332518999999996,-32.418205,11.339640000000008,43.60755999999997,1.1821420000000016,2.3153370000000013,21.87383799999998,14.712477,1.825429,0.7466689999999979,27.437522000000023,-2.346700999999998,-20.253634000000005,4.1081199999999995,7.320317999999991,10.180139000000002,-7.506589999999997,-15.133924000000006,7.889818000000005,-15.71941,8.925270999999992,-7.460363000000002,-14.158239000000004,-1.1858129999999985,13.624345000000007,-0.3780969999999988,13.920414999999993,-14.413513999999997,-22.572838000000004,-11.568013000000013,-16.458805000000016,23.109941000000003,10.359729000000002,-1.707244000000002,-5.671227999999999,5.695906000000002,25.02311100000001,6.755489999999999,-8.240913000000003,-29.355523999999996,-14.282025000000004,41.178473
P20393,-38.470043000000025,-23.25835099999999,-24.639353999999994,-51.49340700000007,-10.116318000000001,-14.032770999999997,12.564558999999997,-14.006156999999998,-15.814954999999998,42.770439999999994,-8.545418999999997,3.282996000000003,5.397847999999994,8.839417999999988,11.848915000000012,1.322077999999999,13.537467000000005,-8.748793999999998,-11.433078999999998,-3.1787179999999995,-5.455498000000005,-16.190554000000006,-28.628616000000015,10.589547999999985,-9.527818999999997,-8.367391999999994,-18.721879000000005,-3.944954000000003,-6.455920999999996,-2.2738799999999997,10.829708000000007,-27.563666,-9.224270999999995,-14.37954700000001,9.077532000000003,7.286228999999997,-12.781578,5.668146000000002,2.7975900000000014,-7.011246999999995,10.53991700000001,10.113951,10.152666000000007,2.9702630000000023,-6.744367999999999,-0.333578000000001,-23.332911999999986,8.365655999999998,-14.014421000000002,18.73776000000005,-26.226745999999984,-21.00941800000002,9.281081000000002,-31.99270200000001,1.4507389999999991,-10.937818999999996,13.845102999999995,-7.278636000000011,-12.787308999999997,-20.841035000000026,26.692770999999997,53.728371999999986,-7.480349999999998,-5.435720999999998,29.321956000000018,12.549417999999994,4.901179000000005,-0.21928599999999857,32.40106900000001,13.400301000000018,-13.83115000000001,-15.300755999999994,-1.4782350000000013,17.03481200000001,-15.755873000000024,-12.932108000000001,2.8892850000000014,-35.05351200000004,12.545887999999994,-12.634229000000001,-31.775062999999985,-21.973684000000002,17.044066999999995,-5.322817999999995,16.902706000000002,-21.68747399999997,-18.384472000000024,-21.448703000000002,-16.727057999999992,17.662700000000005,8.360662000000001,-8.891499000000003,-20.16754700000001,12.58794700000001,29.608095000000013,12.494424000000008,-4.839291000000003,-62.122654000000054,-8.559644999999998,42.173135999999985
P11473,-25.061513999999995,-5.4623040000000005,-6.138164000000006,-31.203674000000017,-2.572391999999998,-4.980024000000001,8.329143999999996,-5.294548000000001,-15.006906999999993,23.340167000000005,-2.808998999999998,3.7950479999999986,0.2546629999999988,4.4457369999999985,-6.926664000000002,5.939759000000001,11.340674000000009,-14.113345999999998,-6.657478000000006,-7.699565000000003,-1.52651,-11.035363999999992,-20.328029,4.107183999999999,-4.537478000000005,-3.148831,-10.829837999999997,-0.3037140000000004,0.5087620000000006,-2.9144339999999986,4.654615999999999,-22.033267999999993,-2.7561419999999996,-6.540044999999994,7.415341999999998,4.423772000000003,-12.252795000000006,0.3781430000000007,8.060905000000004,-10.094657999999994,7.312072999999999,6.678778999999997,2.9005920000000005,-5.810767999999998,0.8864149999999996,4.774294999999996,-10.560169999999998,-0.6214420000000007,-9.58875900000001,16.601207,-12.148771000000004,-9.594744,12.370501,-18.186055999999994,8.785604000000005,-21.114536999999995,14.072706000000002,-5.247969000000001,-0.3972099999999991,-29.444689999999984,8.418163000000009,36.01146100000002,2.9148390000000006,-0.34944400000000053,19.18081299999998,10.030648,-1.3159099999999984,8.897153000000003,20.103850000000016,-8.17176000000001,-10.041066999999993,-1.7038029999999984,4.070461999999998,5.462895999999997,-4.344901999999995,-12.218813000000004,13.065069999999992,-13.120098000000006,7.083511000000007,-5.873901000000001,-18.16661000000001,-0.9151940000000003,3.2117819999999973,-1.256262999999996,10.54996,-8.577628999999995,-11.665758,-15.922262000000007,-15.316287000000013,21.925977999999994,5.752126000000001,2.5178159999999985,-7.496452,-0.2587090000000005,24.436965000000004,2.719407000000002,-5.293065,-32.36736599999999,-9.509489000000011,31.653441999999995
P48443,-32.85713199999999,-5.588101000000005,-5.461361000000002,-37.723448999999995,1.1621900000000005,-5.941940999999999,8.77893300000001,-8.072583999999999,-11.44729000000001,32.67691600000003,-3.079344000000002,-2.9956500000000035,6.244981000000001,4.760744999999998,-0.46558,4.458349999999996,12.107166000000008,-3.6199310000000007,-2.9825870000000005,-5.023649000000001,-1.5058820000000002,-12.773414000000008,-23.480160000000012,1.487307999999998,-5.795388999999997,-5.858261999999998,-10.285617999999989,-3.5280530000000017,-2.4294049999999983,-3.678316,-4.901783,-23.367302999999986,-2.5496299999999996,-8.856720999999999,10.667930000000002,5.821322999999999,-14.761404999999996,-0.9710039999999994,5.262880999999998,-4.257573999999997,9.431849000000003,10.356161000000002,7.929919000000006,-1.2587360000000003,-1.6390410000000009,0.5427799999999995,-10.69288999999999,-0.784910000000001,-11.426867999999997,11.494146,-13.063567000000003,-14.423003000000016,6.898563999999998,-24.377749999999978,11.947248000000007,-16.524444000000006,8.580908999999995,0.3431959999999996,-7.919602999999991,-27.01109800000002,10.543071999999995,33.35167700000002,-2.290871999999998,4.164304999999999,20.61056799999999,14.082231000000005,3.886635999999997,7.669875999999995,17.478660000000016,-9.888386999999987,-13.134704000000001,0.6736909999999973,-1.925226999999999,10.16424800000001,-10.914546000000001,-11.816875999999983,7.195984999999996,-13.715471000000004,9.718936000000001,-7.0152189999999965,-12.539173999999996,-8.972517000000007,4.779532,0.9008980000000006,11.537111000000012,-17.051529999999982,-16.180536000000018,-7.563853,-13.692946000000003,10.664255999999995,5.665045000000001,-14.370318000000012,-8.851959999999998,7.491946999999998,18.191648999999998,2.2819609999999995,-7.167291999999999,-31.82287199999999,-11.313035000000001,35.02551499999997
Q92731,-30.799180999999983,-3.3024149999999985,-11.712219000000001,-40.81809999999995,-3.112007999999996,-6.898921000000002,7.9284449999999955,-8.385129000000006,-15.885954999999992,34.48704200000004,-4.670015000000001,1.6138700000000012,-0.618006,11.504646000000006,-0.7733320000000017,4.603333,9.431783000000006,-13.339772999999978,-5.344726999999999,-8.484334999999989,0.8313449999999997,-17.22830099999999,-21.772191000000014,1.3028250000000017,-1.286016,-4.570866,-17.219859999999986,-5.168246999999996,-0.4058869999999999,-3.2718900000000026,6.190844,-31.757954000000016,-3.8376590000000004,-6.161147999999995,11.350663000000003,-1.5017079999999987,-18.45722,4.9547079999999974,4.599031999999996,-5.767364999999999,8.489976,8.068957000000001,9.135189,-8.949366000000007,1.3688569999999989,2.5404099999999996,-21.796328000000013,-2.0977810000000003,-11.641775000000006,13.343955000000001,-21.54756199999999,-17.982570999999997,7.902539999999993,-26.484701000000012,11.930524000000009,-20.374992,11.342193000000002,-8.952889999999995,-5.491039999999998,-29.00733399999999,10.01745100000001,45.338377000000015,5.4384870000000065,-0.6949300000000015,32.468565999999974,13.818819000000005,-1.510780999999996,9.576148000000002,26.00149200000001,-2.2055669999999976,-22.344687999999984,-1.6905480000000026,4.481510000000001,8.975441000000002,-6.7372359999999984,-18.66757000000001,11.157835999999987,-18.213445999999998,10.462233000000001,-2.758545999999999,-21.94109800000001,-11.451593999999995,12.42950599999999,2.056433999999999,11.783389,-15.225142000000014,-13.648678000000002,-9.140674000000008,-11.855942999999998,17.445793000000016,10.205504000000008,-9.326780999999992,-10.243613000000002,3.4315940000000023,20.182844,6.439115000000007,-5.967673000000001,-38.56727899999997,-14.490098999999994,40.44055900000004
Q92570,-42.74198000000001,-30.237267999999965,-12.148563999999997,-51.88260600000002,-19.22454499999999,-10.46825900000001,21.587598999999976,-12.830998000000006,-8.693604000000006,43.04831799999999,-9.39589099999999,-5.8123959999999935,10.09598900000001,18.27495199999998,9.111349999999982,8.06011,18.109232000000006,-1.850358999999993,-5.941201,-5.161975000000001,-2.4696720000000023,-19.541051000000014,-20.505838000000008,17.612882,-19.207552000000007,-11.719942000000005,-20.73751299999999,-0.6501319999999984,-8.60634799999999,-1.547738,10.077738000000002,-33.824388999999975,-6.413903999999998,-19.085193999999994,6.324247000000003,2.702712000000004,-17.105760999999998,9.263841999999993,6.602769999999996,4.310558000000002,0.5304360000000041,1.7953440000000034,12.882866999999996,-2.7316310000000024,-5.267344000000003,-14.296217999999989,-24.93415500000002,2.2301230000000007,-26.49002300000002,23.68914899999999,-25.87949599999997,-15.741134999999986,1.8033569999999977,-45.541539,-0.055579999999994384,-4.122126000000001,14.814369000000001,-10.968441999999984,-21.825897,-19.365014999999996,23.42181000000003,49.10117499999998,4.8455,1.3462209999999994,30.823093000000007,10.260643999999992,1.052761999999998,-12.235307999999995,38.565609000000016,24.471343999999995,-31.93291200000004,-2.5137000000000005,15.800638000000008,18.705246000000013,-32.712992,-14.000065999999993,-3.39698100000001,-34.98986700000003,8.514824999999995,-15.571489000000001,-34.122318,-17.959503999999995,8.782127999999997,-3.846878000000003,21.875459999999983,-24.150038000000006,-20.012840000000025,-16.936897000000013,-14.050711999999978,13.889220000000016,2.0834830000000015,-0.06542600000000057,-8.586223000000004,10.190621000000014,42.14669099999998,12.107861000000002,0.9287529999999982,-56.280102000000056,-16.409794000000012,51.19035600000006
P62508,-28.584847000000014,-5.848303000000005,-5.711608999999996,-30.20360600000003,-2.2858599999999987,-3.0635079999999983,9.800354,-5.126849,-11.228683999999996,23.376921000000007,-3.1822080000000046,5.056334000000002,-1.6173689999999974,9.516359000000007,-4.054288000000002,5.530768000000002,10.931491000000001,-18.37356599999999,-4.982169000000001,-8.579818000000014,-0.903302999999999,-13.075978999999993,-23.995525000000004,3.0342869999999977,-7.656399,0.14496000000000153,-9.13332,-1.404663000000002,-3.4692499999999993,-8.607583999999992,-1.4607760000000003,-26.56263999999999,0.4712110000000003,-6.596312999999999,8.126184999999996,2.5268170000000003,-9.516483000000013,-0.9235470000000005,5.370330000000002,-6.531960999999997,8.487327000000006,6.81203,4.402120000000005,-6.666465000000002,-0.2511800000000002,0.06977199999999942,-16.216454999999993,0.40133700000000083,-6.539419999999993,17.673561999999997,-14.934682999999993,-13.21085100000001,14.512247999999998,-21.161823999999985,6.127646999999994,-21.127961000000017,10.480868000000001,-7.783427999999998,-5.873883,-34.508873999999985,7.389487000000003,37.49715100000004,4.0591349999999995,3.884308999999997,17.887441999999986,11.832927000000003,1.3530360000000017,12.302343,18.68947600000001,-7.5540009999999995,-10.070822,3.527778,4.131900999999998,10.091048000000011,-2.0383969999999993,-10.404509,12.492406999999998,-10.087057999999985,4.408800999999995,-8.855749999999997,-18.827578000000006,-7.4057980000000025,1.3531760000000008,-1.340743,14.668226999999991,-9.52037499999999,-14.813451000000002,-16.028694,-14.493610999999992,15.635470999999987,7.140552000000002,-4.393832000000002,-6.074830000000004,-1.2035410000000006,19.716796000000006,6.350463999999999,-2.3117799999999993,-31.086239999999982,-9.338270000000001,34.67283400000001
P15121,-19.988654,0.04081599999999963,-1.6703789999999994,-24.619806999999994,0.6714470000000002,-0.6457179999999998,9.304145999999989,-4.201862999999999,-3.3560040000000004,17.59344300000001,-2.0069500000000033,-0.9056289999999991,-2.9055979999999995,6.437963999999994,-4.032519999999998,2.071746,8.776012000000005,-14.469924000000002,-1.1799469999999994,-9.093398999999996,-0.4534239999999998,-10.094545000000004,-11.844987999999992,-1.2525190000000008,-2.569749999999998,-1.697928,-7.892316000000001,-2.372116000000001,-0.061842999999999385,-9.265015000000004,-3.5841190000000016,-18.166461000000005,2.2500139999999993,-4.977028999999998,3.846021000000001,6.68904499999999,-4.846883,-4.310215000000001,3.1200930000000002,-4.144282999999999,-0.7680790000000004,3.828590999999999,5.625312,-2.432866999999998,-3.375782000000002,3.1146709999999986,-8.061945000000003,-3.4317849999999988,-2.084725000000001,6.543468000000004,-7.6086009999999975,-8.411063999999998,11.190529999999997,-17.140394000000004,8.887810000000004,-18.119992000000003,3.133601000000001,-3.9598989999999983,-7.403581000000005,-21.223343000000003,2.1275839999999997,19.587515000000014,3.009388,-1.491149999999999,17.071750999999992,11.302725999999996,0.169008,6.965882999999999,10.299844,-9.954499999999998,-2.038485,2.7773130000000004,-1.2883700000000005,4.277693000000002,1.2052320000000003,-11.599407000000003,8.121438999999997,-6.787384000000005,3.0403159999999994,-5.943107000000004,-12.199273000000005,0.9649960000000006,3.9784459999999986,3.0000159999999982,8.866950000000001,-8.086132000000003,-8.067782999999999,-5.586549000000001,-14.614476999999994,5.205107999999997,1.7197699999999998,-9.448351999999996,-4.9549210000000015,-0.04249399999999997,10.840742999999998,4.291866000000001,-8.380956999999995,-15.969146999999994,-2.835187,24.94428
P49116,-36.666799000000005,-9.84429400000001,-7.286111000000007,-45.35388199999998,3.745243000000001,-5.624799000000003,7.626769000000005,-15.098924999999998,-11.802462000000006,36.11991,-3.392107000000002,3.956185999999997,0.8682949999999983,7.61175300000001,1.5832429999999995,5.5544150000000005,11.254209000000008,-12.073018999999999,-12.017023000000009,-13.511236,-0.3556490000000015,-19.490289999999998,-33.63501600000001,3.041105000000004,-15.431645000000005,-4.333542,-12.869004000000016,-9.524254999999997,-5.3696550000000025,-17.492639999999987,-5.6549700000000005,-32.09377200000002,-3.644411000000004,-6.994242999999996,9.849273000000002,11.049468999999995,-14.974998999999993,1.4768099999999986,6.815792999999992,-2.7326479999999975,14.573555999999993,9.433808999999998,8.001836000000013,0.5844610000000008,-0.7017410000000016,5.070469000000003,-17.706375000000005,1.860509,-6.594807000000003,10.83038200000001,-14.951773999999997,-17.311190000000014,21.252437999999994,-27.676100000000012,12.380867999999994,-25.044749000000017,11.192530000000001,-2.523233,-8.509662000000004,-33.08211399999999,9.919806999999993,47.213357999999964,-2.708503,1.917367000000001,27.51054299999998,18.994007999999983,7.101344999999999,12.045653999999985,19.438011000000003,-8.006284000000004,-8.232749999999994,-2.5480880000000057,1.9851239999999981,13.177849999999992,-4.176392,-18.690790000000035,18.291813999999977,-18.316656000000016,16.895745999999992,-13.502678000000014,-25.097012999999997,-9.337380000000007,4.913253000000001,-2.9374960000000008,26.765951000000022,-17.551654000000017,-16.279365000000002,-14.135753999999999,-24.005491000000006,15.126801000000002,13.166137000000004,-12.522547000000003,-8.311867999999997,5.613821999999999,25.241903999999973,5.173124999999993,-6.4581180000000025,-37.61091000000002,-11.674303,38.619030000000016
P13631,-30.98437899999999,-5.668925000000001,-12.889190999999997,-36.00267499999999,-3.5454659999999985,-8.870166999999997,11.425154999999993,-5.846971000000009,-13.772207000000005,31.098661999999994,-0.8451819999999995,-4.720456000000002,6.472674000000002,9.954018000000003,-0.9756539999999984,3.5537599999999974,7.311723999999997,-16.71291800000001,-3.2617930000000026,-0.15833399999999967,-4.519518999999997,-11.110453999999994,-23.464038999999985,1.8364579999999977,-6.556432000000002,-4.234387999999998,-11.349614999999993,-4.531727000000003,-1.383256999999999,-0.5554169999999995,0.3567269999999996,-22.414965999999986,-3.275906999999999,-1.0716800000000015,6.398643999999995,5.203116999999997,-13.185627999999998,-4.768788999999998,3.7386480000000084,-4.433055999999999,6.527638000000014,10.861596000000004,2.377637,-0.1894670000000001,0.12590399999999968,-0.5626250000000007,-9.964625000000003,1.6929439999999987,-9.949232,11.801658999999981,-10.264821000000003,-19.091967000000007,7.5536760000000065,-27.686001000000015,8.706231000000002,-15.893455000000012,10.351743000000006,4.024573000000001,-6.191665000000006,-29.05436000000001,9.531412999999997,37.706135,-0.19939499999999943,-0.02066300000000033,21.969406999999997,16.882811000000018,-2.693873,3.051833999999999,28.50135599999998,-5.831083,-10.200296000000002,1.5294499999999969,1.802567999999999,9.216331000000013,-5.993273000000002,-8.647670999999999,5.642556999999997,-15.433859999999992,4.859195000000004,-4.389867999999996,-16.535685000000004,-2.7336869999999984,7.2037179999999985,-7.375023999999997,7.848810000000004,-15.754216999999992,-16.116042000000004,-13.526358000000005,-9.479457,15.01595599999999,2.620174000000002,-11.667303000000002,-8.891561000000001,3.741366000000002,19.792258000000007,5.634542000000004,-9.210992,-33.186272999999964,-1.9870639999999997,33.75579800000001
Q13285,-32.57764400000001,-6.732118000000001,-4.835982999999999,-33.11670399999999,-7.204566,-1.0167969999999982,8.342664999999998,-6.9227209999999975,-19.78948300000001,32.72777600000003,-4.749750999999998,-3.652310999999998,-5.734783999999995,13.046599,-2.3270959999999996,7.204553999999997,5.222703999999994,-17.913588000000004,4.8646090000000015,0.7077570000000004,-5.059062999999998,-12.777700999999997,-12.795431999999995,0.7887959999999999,-2.953279999999999,-6.789529,-12.782271999999999,-2.4015479999999982,-2.9500460000000004,-1.8749230000000008,5.230470000000002,-29.798073000000024,-2.395445000000001,-8.095442000000002,7.512216999999995,3.084392000000002,-12.849657000000004,-2.1720379999999997,4.545910999999996,-0.5441409999999998,4.154457999999994,3.207435,15.393855999999996,-6.923022000000003,3.523283000000001,-1.7699520000000042,-16.880035999999997,-3.1360030000000023,-11.039430000000001,11.534825000000005,-7.251495999999999,-17.763597999999984,5.260222999999999,-28.447844000000003,14.053310000000012,-21.50746699999997,2.5330509999999973,0.44271400000000066,-14.80084300000001,-25.567431999999982,12.414476,36.032751,-3.901155,5.0779150000000035,18.151166000000003,9.86230399999999,-3.280484,-0.11161900000000183,22.307228999999992,0.6043379999999997,-13.279166999999992,9.041850000000009,7.443074000000002,9.079664000000006,-10.600962000000012,-11.419579999999987,6.762105000000006,-12.794013000000007,4.167463999999998,-4.128731,-13.187011999999987,0.3829699999999997,13.096365999999993,-3.524832000000002,4.999575999999998,-16.600208999999985,-19.784963999999995,-11.219233999999998,-4.622450999999999,9.776580000000017,-0.12118200000000248,-14.734071,-8.614371000000004,8.879761999999998,23.78391,6.4512580000000055,-7.5241489999999995,-27.250298,-8.929069000000002,40.071266
O95718,-29.476269999999985,-6.337016999999994,-5.852634000000006,-27.492504999999976,-5.757715000000003,-3.7009719999999997,8.821928999999999,-1.430476,-11.855251999999988,23.324252000000016,-2.4365099999999993,3.2591689999999973,2.2519730000000027,7.017646000000004,-3.184506000000002,5.290575999999993,8.060222999999999,-14.366219999999997,1.811264000000001,-5.791046000000002,-3.0409279999999996,-12.78174700000001,-22.151537000000005,2.214424999999996,-6.418794000000004,-2.0950169999999995,-8.168011000000002,-0.5461340000000015,-2.552098999999998,-5.959761999999999,-0.9296540000000011,-25.132140999999983,-1.5529729999999995,-7.89244,5.269071000000007,1.3759229999999998,-13.312442999999996,-2.798757000000001,8.520451000000001,-4.383358000000001,5.716725999999998,9.287875000000007,3.6155299999999992,-6.805730000000001,-0.5753730000000001,0.14472599999999894,-11.243101000000001,-2.3249109999999984,-8.117602000000002,13.699587000000014,-12.653652000000003,-13.973054000000008,11.216823000000007,-22.643094999999985,7.089709000000006,-20.87103500000001,9.936191000000004,-2.8244880000000006,-3.3724529999999984,-28.196330999999997,10.678394000000004,37.20336400000001,0.5636989999999994,6.542894000000002,15.001267999999996,11.461001999999999,-1.6793690000000023,8.920730999999996,17.343789000000008,-8.939663999999993,-14.062110000000002,4.864189000000007,6.862274999999993,7.132035000000004,-2.9798929999999983,-7.832947000000004,8.990347000000002,-8.631603000000013,3.166191,-7.451646000000006,-15.711731999999998,-9.411771000000012,3.3101100000000034,-0.2963150000000009,11.867598999999995,-10.545675000000003,-16.409241000000005,-10.88975900000001,-10.245716999999992,15.220992000000008,8.148384000000002,-6.818038000000002,-7.331052000000003,0.41804200000000086,18.516032999999997,4.776500000000004,-5.596334,-27.11689999999998,-11.286424999999998,36.427625000000006
Q92753,-25.573772999999992,-4.619130999999996,-8.690829999999995,-30.274324,-2.8825320000000008,-4.191226000000008,5.442717999999996,-8.150014999999993,-17.167616000000017,32.63543400000001,-3.137167000000001,1.0730860000000004,-3.4586720000000004,10.33956400000001,-2.285885000000001,11.127950999999983,13.11706200000001,-14.599933999999985,-4.7163219999999955,-13.867967999999998,-3.403423999999999,-6.515860999999992,-18.829725999999994,-1.2117420000000023,-6.088473,2.1081340000000015,-12.980489999999998,-7.148977999999999,-2.3686190000000016,-12.937328999999997,-3.5373429999999986,-30.666015000000005,3.841688999999999,-9.853479999999998,11.537855000000011,10.557928000000008,-6.918034000000005,2.788738999999997,-2.9622560000000004,-3.021066000000001,8.08078999999999,9.341946999999992,5.515509000000002,-9.240361999999998,8.194943999999996,6.801748000000008,-21.066720999999994,-3.621074000000003,-6.034103000000001,11.827843000000003,-14.837295999999984,-10.284212999999989,11.231137999999998,-21.97652400000002,11.980812000000006,-17.597289000000018,10.845801000000005,-8.844360999999997,-12.619563000000017,-31.48054200000001,0.1763800000000008,32.96789899999998,3.344518,-4.696136999999995,24.631361,12.826766,4.830598,10.007637000000006,18.890453000000004,-13.852392000000002,-11.130666000000002,5.469393999999995,0.5975159999999997,8.015864000000008,9.469459000000004,-14.932620000000002,10.948486999999991,-7.681394,9.339078999999995,-7.6837309999999945,-18.957389,2.752895000000003,8.896276000000002,0.05846100000000018,12.340413000000014,-10.585100999999987,-21.338728999999994,-13.283689999999998,-23.403724,17.974938000000005,4.0738790000000025,-2.4696669999999994,-1.2579670000000043,-3.2971609999999947,23.287162000000002,5.6953520000000015,-7.484576999999996,-24.833121999999992,-8.78887000000001,33.715620000000015
P11474,-37.95301100000003,-11.143925000000014,1.3450219999999995,-26.266191000000013,-12.732539000000006,-0.4969290000000012,10.771057999999996,2.817463,-4.795512000000004,32.081252,-2.4318950000000004,-4.955847000000001,-0.961681,12.661619999999997,-0.6897859999999999,-2.684818000000002,-0.911791,-17.50111700000001,9.931956999999992,5.144009000000004,-2.3575319999999995,-15.634191000000003,-17.815222000000002,3.4061729999999986,-3.6504499999999975,-6.034743000000002,-8.346405000000004,4.114498999999998,-3.530109,-2.076286000000001,4.4539349999999995,-28.43655699999998,-7.153890999999999,-1.8222729999999985,6.465896000000004,2.166925000000005,-12.826187000000008,-7.98389499999999,13.53232199999999,2.146210000000004,5.410761999999999,7.618537000000002,9.389960000000004,-4.988371000000001,-4.624484,-1.3628199999999988,-8.128454000000001,2.3494259999999985,-18.348730000000007,10.05624000000001,-5.338745000000001,-22.284546000000024,1.7882040000000001,-21.915768999999983,13.903709999999998,-18.962632000000003,-0.3558020000000005,4.704302000000003,-3.164812,-24.955058000000015,20.000154,40.68077900000003,-2.8553839999999995,18.84439,7.432959999999996,16.573973999999986,1.3924279999999996,6.438586999999998,19.06488800000002,-5.186393000000001,-21.20638000000001,6.381011999999995,4.373444999999999,6.6934410000000035,-10.904690000000006,-8.774397000000006,6.691162999999996,-9.598326000000014,1.2794960000000002,-0.6645070000000015,-7.305374000000002,-6.863535000000002,7.8946599999999965,1.8333579999999996,13.901802,-4.846895999999999,-17.74491700000001,-2.2217810000000027,-3.6167949999999998,9.140977000000014,13.216719000000001,-19.73000600000001,-5.266911000000001,11.177423,17.880272000000005,6.957968,-3.3138210000000012,-22.012747999999995,-11.256687,31.323580999999987
P35398,-30.160206000000006,-8.759964000000005,-13.000113000000004,-31.801326000000007,-4.948642000000006,-8.387188,5.390448999999998,-9.289387999999997,-13.665784999999996,34.653394999999996,-9.093734999999993,-0.8044550000000001,-0.768801999999999,13.02512500000001,0.6169299999999963,8.790558000000008,16.937221999999995,-13.345784999999998,-4.664072,-13.118769000000004,-2.94449,-9.939655000000002,-18.196238,5.475030000000011,-6.216889,0.518109,-14.606605999999985,-8.848369999999997,1.1883850000000025,-12.105038,-0.06691599999999998,-33.63428600000002,-0.9151250000000013,-10.827635999999998,7.6020470000000016,8.309093999999998,-8.942048000000003,1.600976000000003,2.2161880000000007,-0.425797000000001,7.703875000000003,2.1474559999999956,8.501744000000004,-0.5786599999999994,5.388360000000004,1.623699999999998,-18.742467999999995,-1.280915,-7.505963000000004,16.526765999999988,-14.721756999999997,-9.412193000000011,8.278825999999999,-30.276469999999986,17.111624000000017,-18.306697999999983,10.279322000000013,-5.552328999999996,-9.342818,-36.875171999999985,6.195303,41.722148,5.1721440000000065,-1.536347,28.347321,13.84545099999999,2.990007000000005,9.152391999999994,20.366008,-3.6758880000000027,-13.631640000000013,4.8133010000000045,3.432083000000001,13.16212200000001,0.23498700000000083,-16.62664199999999,7.910351000000001,-15.619750999999999,12.332448000000026,-8.80140700000001,-20.635712999999992,-0.2584130000000008,8.255484,-3.6280640000000064,14.275114000000016,-14.708394,-17.097351,-19.799936999999968,-23.070524999999993,14.432921999999998,5.760387999999996,-1.973957,-7.863379000000014,3.345585000000008,28.323217999999986,7.743893999999993,-7.441177999999997,-30.194493000000012,-10.636982999999997,39.445677
P06401,-74.93310399999994,-28.75543899999998,-15.885015999999993,-68.84533899999984,-26.781663999999992,-14.413517000000027,19.18821600000001,-15.352853999999986,-11.097554000000006,59.334426999999955,-13.738855999999986,-16.371773000000008,1.3368719999999985,23.09219499999998,8.416312999999992,8.564244999999996,-0.08720699999999762,-19.80103099999999,5.508527999999992,-4.391759,-9.156298000000001,-25.012016000000038,-35.09858399999997,19.417501000000012,-16.92428700000002,-20.12744300000003,-18.395622,8.491624999999992,-12.808597999999991,-6.407628000000003,10.503106999999996,-51.94201600000005,-20.492247000000003,-19.383138000000013,2.1408089999999995,10.700871999999992,-33.882005000000035,-7.353481,22.89033200000001,0.27036699999999914,16.649277999999974,16.493398999999968,26.312924999999975,-5.077351000000002,-15.940872,-1.6076920000000008,-25.734488999999996,12.375411999999985,-33.08104599999998,26.764756000000034,-16.182548000000022,-45.61405500000007,2.4684620000000015,-69.74649999999998,16.915855999999994,-27.413503999999982,0.16005900000000026,0.3584460000000017,-19.174574999999997,-37.288531000000035,51.60726800000005,72.88935500000002,-15.894602,19.757621000000004,29.643726999999988,33.204411000000036,2.966543000000001,-3.526756999999998,48.50863599999999,20.96550299999998,-33.73443399999998,-6.556373000000009,17.233242000000025,26.046775000000043,-39.52348999999993,-21.933044999999996,-4.327746000000011,-43.411254000000056,7.2788499999999985,-15.488008000000011,-32.46429600000001,-27.305492000000044,22.98219499999997,-11.415653000000006,22.93452699999998,-36.283994000000014,-20.231944000000027,-19.566716,-6.937416000000002,13.081081000000003,27.92802500000002,-33.120794000000025,-26.683458000000016,29.02062999999999,46.27773600000007,24.042363000000016,-7.42700600000001,-76.87046900000004,-24.470523999999973,73.00760099999997
P10276,-26.292471999999997,-6.717311999999999,-14.136718999999994,-38.96667400000004,-2.014930999999998,-8.575479999999999,9.402190000000001,-12.173308999999998,-17.187488000000023,26.800996000000012,-3.569933000000001,-1.455434000000002,8.460233,11.832047000000006,4.693247999999999,2.074695999999994,12.293276000000011,-14.11672299999999,-4.242990000000002,-3.7878159999999976,-3.434658,-12.452021999999996,-26.15450099999998,5.634617000000003,-7.1090950000000035,-5.1102060000000025,-15.77688400000001,-6.445031000000003,-1.5795409999999985,1.0875219999999997,1.7488049999999986,-18.262252000000004,-4.374363999999998,-6.919545000000002,8.703725000000002,2.847990999999999,-10.819674000000006,-1.428284999999998,3.8309850000000005,-4.7795390000000015,7.2610059999999885,9.24295800000001,5.962135999999999,-0.18978000000000153,-1.5875259999999998,0.007748999999998674,-17.02829,4.515688000000001,-10.067955000000005,12.240579000000004,-14.19224199999999,-19.502137,8.794068999999995,-24.873677999999998,6.543100000000001,-13.412016,13.495678000000005,2.4584510000000006,-8.268646000000004,-23.134120999999997,14.016122000000012,36.57521399999997,0.5432560000000002,-5.308448999999998,23.64869399999997,17.643486999999993,-2.1060310000000024,0.5736100000000013,28.885085000000004,-0.22390800000000183,-11.853779999999999,-3.1333060000000037,4.206313000000002,11.950344999999997,-8.539115999999998,-9.981084999999995,-3.9407610000000024,-19.114665,5.376163999999999,-7.012033000000003,-19.767128000000017,-10.441177000000003,9.1573,-5.611018000000001,10.299737000000002,-12.844234,-17.829028,-19.843497999999997,-10.878079000000001,14.914663999999995,6.548697000000002,-7.023942000000002,-7.432358999999999,4.408009,21.450723,9.461681000000002,-5.087231000000002,-42.194368000000026,-4.304325000000006,37.72438100000001
P10828,-23.241227000000013,1.5081210000000014,-1.697968000000002,-30.96351900000001,0.9249480000000008,-5.487921000000007,12.021035000000003,-9.339493999999997,-14.936964000000007,24.188652,-2.756323000000002,0.46565899999999905,-0.5010420000000001,11.461327000000004,-6.929043999999995,6.7160839999999995,10.757484000000005,-17.707102999999986,-2.411371999999999,-8.004574000000003,1.456462000000002,-12.986264,-19.976093999999996,2.872944000000001,-4.516768000000003,3.3685520000000024,-9.478691,-5.433369000000004,1.8613270000000004,-4.801713000000007,-3.595830999999999,-29.68958299999998,0.09694400000000147,-3.0935880000000022,14.865209000000005,1.4961840000000013,-13.919786999999987,-1.7186100000000002,3.2978549999999958,-6.926326000000009,6.1377329999999946,10.540362999999996,4.529670999999998,-10.162621000000003,1.0793000000000008,-1.1968490000000003,-10.512447999999997,-4.979703999999995,-11.916868999999988,12.709432999999997,-14.014252999999991,-15.958359,13.008193999999992,-19.746760000000005,15.90230999999999,-24.413084000000012,8.989820999999992,-5.790429000000004,-6.962874999999998,-32.405261,2.455984999999996,37.16385399999999,10.009719000000004,-1.449966,27.64531299999999,11.761960000000002,-2.4094680000000017,14.877522999999997,21.476469000000012,-12.769591999999994,-10.466619000000012,4.819831999999999,3.447402,10.63521,-1.1219129999999995,-17.036448000000007,14.817376000000005,-8.008962000000006,4.35321,-5.942882,-18.19323199999999,4.041916,3.899964,3.0345220000000017,6.868498000000002,-9.19879499999999,-13.622615000000001,-14.073803000000002,-17.911037000000007,18.302559,2.2985969999999987,-1.3391510000000013,-7.151396000000003,-1.9974179999999981,19.573713999999978,2.944679000000001,-6.768904000000002,-30.379751000000002,-7.110772999999996,38.191864
P19793,-32.77220199999999,-4.271441000000003,-9.145176999999995,-36.44867499999998,1.1961490000000023,-9.462772000000001,6.315139000000003,-9.581117999999996,-10.804116000000006,32.194289000000026,-0.8978070000000015,1.520752999999999,4.892374,5.9420829999999984,-0.37417499999999937,1.2911480000000013,14.172823999999995,-5.792635999999999,-4.477350000000007,-4.089965,-1.9780149999999996,-14.600263000000007,-20.708460000000006,2.1487079999999983,-7.228722999999997,-5.020602999999999,-10.560635000000001,-2.998262000000001,-0.8143309999999998,-4.638595999999998,-0.20768100000000128,-21.652343,-3.715908999999999,-6.37927699999999,8.569255999999998,7.234964000000007,-11.697498999999997,-0.5181190000000009,2.7043869999999988,-6.533329000000004,5.441535999999999,10.181467000000005,9.400741,-2.405430000000001,-1.696775999999999,0.9111759999999995,-11.038229000000005,-0.045842999999999176,-7.7688900000000025,12.248465999999995,-13.431940999999998,-14.88520700000001,7.975454999999999,-25.366133,7.585336,-17.746229000000007,7.964139000000005,-1.724350999999999,-9.745115999999998,-22.68438300000003,9.835965999999992,34.32029200000001,2.429981000000003,2.7973570000000003,25.276787999999993,15.255175000000003,4.0609410000000015,6.359393999999997,16.34659600000001,-5.425286,-12.880745999999993,2.226017999999995,-2.8573369999999985,11.076252000000009,-7.4681560000000005,-10.534380999999996,6.362206999999995,-14.883617000000003,11.479867999999993,-13.22431900000001,-15.475779000000001,-7.715422,7.532515999999995,2.600182999999997,10.199778000000004,-18.163466999999997,-17.22577700000001,-5.477061000000003,-10.188422000000001,12.51767700000001,5.083994999999998,-13.700113999999996,-12.537976,3.98578,19.897752999999973,3.507775999999997,-6.141045999999998,-32.45906300000003,-11.03936100000001,37.114323999999996
Q07869,-31.086239000000003,-4.278522999999998,-3.5319279999999984,-30.431008,1.011509999999999,-8.50463200000001,11.376263000000002,-6.951754,-14.471022999999988,28.040259999999986,0.1792339999999997,2.461862999999999,-2.947866,7.750214999999996,-6.620515999999997,2.731316000000002,9.170470999999997,-16.458556999999995,-7.096987000000006,-14.167913000000013,1.2936770000000006,-13.308175000000006,-25.248490000000004,0.7947979999999992,0.8811119999999999,3.1626970000000005,-10.635597999999998,-4.0727449999999985,-2.048600999999997,-7.363950999999993,0.6482740000000001,-24.911401999999995,2.772148000000002,-3.0971599999999984,13.614835,11.230763999999994,-11.703923000000001,-0.5385740000000004,2.408650000000001,-9.68226599999999,1.6537230000000012,7.674601999999999,3.2954840000000005,-7.429435999999996,0.9752260000000003,6.771088999999997,-11.690439999999992,-0.21705299999999922,-8.033619000000002,12.521908999999988,-17.036235999999988,-10.326994999999993,16.845996999999997,-17.27751400000001,12.911898000000006,-27.61266099999999,9.157083999999992,-5.591969000000003,-7.785817000000001,-35.46236100000001,5.417124999999997,38.177725000000024,1.1503770000000004,-1.6025839999999998,22.425067999999992,12.676130000000002,0.5454610000000006,15.612198000000012,17.05013300000001,-16.919459000000014,-8.394018,3.0616559999999997,2.0566030000000004,8.848098000000007,1.1614830000000012,-14.812517999999995,10.074732999999997,-7.386596999999995,6.4047749999999946,-5.983646999999996,-18.595990000000015,0.7440710000000001,1.044238,0.6626730000000012,13.720703999999992,-8.221523999999999,-14.080414000000006,-16.212156999999998,-16.22204599999999,17.180172000000013,2.710068000000002,-3.4529229999999975,-4.571996,-0.12137200000000034,22.02868199999998,9.533893000000022,-8.015275999999998,-25.676433000000003,-8.062716999999994,35.120543999999995
Q9Y466,-21.27522599999999,-6.917741000000004,-3.717091999999998,-23.565711000000007,-3.0379659999999995,-2.5267189999999995,4.825284999999998,-8.762777,-5.540152999999999,25.09870900000002,-2.5872070000000003,-3.5598059999999996,-3.8773440000000012,11.127434000000004,0.3045650000000002,0.83059,4.692567999999994,-11.663191,-0.7005649999999997,-6.545631999999996,-2.481359,-11.563609999999997,-16.664831,3.4285500000000004,-2.7621119999999992,-3.2081880000000003,-8.261882000000016,-4.467383999999999,-1.9341000000000008,-4.946000999999996,-1.403642000000001,-23.005383000000027,0.01427200000000034,-5.431318000000004,10.795259000000007,5.918691000000003,-13.071440999999998,1.5545200000000017,5.248228,-5.286082999999998,7.922972,5.9820139999999995,6.740137000000001,-4.640119000000004,2.735485000000001,5.888925,-12.168138000000008,-0.6407750000000013,-6.667159999999994,7.841583,-9.73475799999999,-15.36486700000001,8.485571000000002,-19.956529000000003,6.229383000000001,-17.703718999999996,1.8336939999999984,-1.4109239999999996,-9.206089999999994,-21.459682000000004,8.235445000000004,32.575819999999986,3.6891120000000006,2.591259000000005,17.671134000000016,11.793984999999989,4.1158019999999995,9.904356000000007,14.250388000000001,-2.7905529999999983,-11.464916,3.518838000000001,1.7182020000000011,6.216007999999996,-4.374931999999994,-7.911528000000002,7.829815000000001,-12.517339999999992,9.604115999999996,-2.6316650000000013,-12.666890999999993,-7.399186999999995,4.601716000000002,3.7439940000000034,11.009919999999996,-11.689593999999987,-13.785669,-5.713853000000003,-11.068202,7.367225999999995,9.379466999999991,-5.250491999999998,-10.350856,5.8433209999999995,16.37895,6.451492,-2.5541379999999982,-24.937579000000003,-11.76620700000001,31.520193000000003
O75469,-26.94647100000001,0.2497990000000001,-6.758926000000001,-29.36250800000001,1.1853910000000003,-3.709155000000001,8.043045999999999,-4.175993000000004,-16.141262999999988,28.705589,-3.93488,0.5834019999999994,-3.8412229999999994,9.368808,-5.700260000000003,3.7796419999999986,12.503684000000002,-20.796431000000005,3.2911269999999972,-4.799407999999997,-4.955552999999999,-10.890079999999992,-15.324144000000002,2.99428,-3.3309709999999972,-5.119401000000001,-7.458201000000001,-2.591494999999999,-0.3942050000000013,-9.523071999999997,1.9429759999999996,-27.61462399999996,-3.0996020000000004,-3.2649690000000007,11.127320000000003,4.320766000000002,-9.98436599999999,-4.571432000000001,9.712837000000006,-4.349291000000001,6.839735999999994,5.299852000000001,6.916217999999997,-9.368336999999995,3.519745,0.12432599999999935,-14.637021,-0.7398900000000002,-11.080181999999992,13.740300000000014,-8.760147000000005,-10.113103999999993,8.345693,-17.773471,17.453832000000006,-23.323946000000003,4.859650000000006,-4.825105999999999,-8.840277000000006,-30.441947999999993,4.549746000000002,38.467358999999995,3.8632050000000016,2.710787999999998,15.084305999999996,10.229749999999992,-1.6284279999999984,7.005526000000001,15.903216000000004,-9.516765,-10.660065999999999,7.5238639999999934,3.7171269999999943,9.033569999999997,1.8764130000000003,-13.361073999999997,11.873842,-8.645573,6.029986999999994,-5.655529999999999,-14.341024999999995,-0.33827299999999927,7.172324999999998,0.21585100000000007,10.537355999999999,-9.501051,-16.291587000000003,-10.349494000000014,-13.368417000000004,13.498698000000019,6.336775000000001,-7.861757000000004,-7.894079000000002,1.3980440000000032,21.98937699999999,6.250945999999998,-9.94571200000001,-19.99125900000001,-9.832014000000003,31.76481700000003
Q13133,-31.090904999999992,-10.181531000000003,-1.0197899999999993,-28.223248000000027,-9.58448200000001,-4.046859999999999,10.124055000000002,-2.1464059999999985,-12.463971999999998,34.66247299999998,-3.1017470000000005,0.1374180000000002,1.6606639999999984,15.275365999999991,-2.915065000000002,3.3849790000000013,7.338090999999997,-20.672803999999985,-2.4289949999999974,-3.78965,-5.697020999999994,-9.744435999999997,-10.716091999999996,2.4573479999999996,-4.261134999999998,-7.282783000000002,-3.9318299999999993,1.0426230000000047,-3.413674,-5.416270999999998,4.020987,-28.702051000000015,-10.652944999999995,-7.997998999999998,5.789476000000001,5.1451,-11.725836000000006,-5.144271,5.7429469999999965,3.584891999999998,6.0248380000000035,3.382524000000003,9.529366999999997,-5.7603640000000045,6.291837999999999,3.0327859999999993,-13.791209999999998,0.5808480000000004,-9.279985000000005,9.868229000000007,-10.853537999999997,-11.066153999999996,5.053484000000001,-22.035895999999994,13.954309,-19.327832,9.972426999999996,2.5180959999999986,-11.88298,-23.710243000000013,10.983804000000001,37.23816600000003,-1.3876959999999998,8.651008000000004,14.42421199999999,11.728653000000007,2.6746909999999993,3.3559869999999976,27.405168,-1.4505920000000017,-17.735897999999978,2.0899479999999997,6.452357000000003,6.269695000000011,-6.571507000000004,-12.15774900000001,10.828329999999998,-13.669616000000005,2.002145999999999,-4.571158999999994,-14.299301999999999,-4.544053000000003,12.830517,-1.3722629999999998,9.154749,-18.359093999999995,-17.550785,-10.359579000000007,-11.386984,13.301914,12.611339000000001,-5.808262999999994,-2.614682999999998,6.323259999999998,25.447121000000003,4.169353,-8.069954000000006,-24.588307999999998,-10.616942000000007,30.966573000000004
P03372,-43.40261400000005,-3.009060999999999,-10.023312000000006,-43.33945499999993,-8.343849000000002,-10.661740999999994,7.142741999999998,-3.060103999999997,-12.330125000000002,36.679025000000046,-3.044089,-5.117296000000001,-7.108738000000001,14.639752000000012,-1.4895289999999994,2.668984999999999,11.138800000000002,-18.30640299999999,-0.36614899999999867,-5.909804999999995,-4.8220790000000004,-21.47554000000001,-24.866561999999995,5.154442999999998,-6.818482000000012,-5.771128000000001,-14.103458000000003,-4.813919999999997,-3.7481250000000013,-8.03196499999999,1.7410490000000032,-31.72159499999998,2.3432639999999973,-5.964935000000007,15.472144999999996,5.655287000000002,-25.897259000000012,-2.526406999999997,7.125658000000012,2.6141440000000036,13.160546999999998,9.250553000000004,18.780942,-1.9161260000000013,0.2651580000000012,0.8708429999999996,-24.463379999999987,-2.306235999999999,-12.316933999999987,15.017952000000003,-19.288230999999982,-9.777502999999996,11.637539000000015,-34.18844800000002,14.519801999999983,-19.904034,8.194598999999997,-0.45241099999999995,-11.327390999999976,-31.782482999999992,12.013333000000005,44.39812099999997,-1.1696329999999993,3.3331089999999963,27.539297999999974,9.657641999999997,-3.7440620000000018,8.308970000000002,26.451282,0.0959209999999998,-20.75636600000001,2.059733999999996,1.7201990000000011,8.338468000000002,-8.072984999999997,-21.918582999999977,8.092682000000009,-15.215829999999992,8.834470999999999,-12.215471000000004,-15.932586000000006,-7.3925279999999995,15.522826999999994,-2.3422910000000003,15.282385000000007,-15.624001999999992,-23.783175000000007,-10.967497999999997,-18.99417599999998,12.799212999999995,12.402550000000007,-19.70412500000002,-9.529563999999999,4.2905740000000065,23.924382000000005,0.9127799999999991,-5.933936999999994,-34.585802999999984,-19.774149999999995,46.48171800000003
P04150,-50.182035000000056,-20.576780999999986,-18.147871999999992,-57.82375000000002,-5.111256999999994,-15.103321000000015,17.474835,-23.024165999999987,-24.207476000000007,44.50096900000005,-3.368420000000002,3.6478990000000024,-6.6015979999999965,10.310774999999996,2.5519730000000043,9.645499,22.222852000000007,-18.265022000000023,-12.865049999999986,-16.322833000000006,-5.133482999999997,-12.689521,-38.19195599999995,7.946145000000016,-18.361614000000003,-4.958269,-24.906400999999992,-14.631885999999989,-0.06337100000000016,-22.483237999999997,-2.3732419999999967,-40.45446900000002,-2.8448279999999997,-17.223283000000006,4.460171,13.089265,-20.752402999999983,-1.3372999999999986,7.9896769999999915,-11.754037999999982,10.012439999999993,15.58221099999997,8.733549000000009,-4.668087999999998,-5.7774090000000005,0.09226399999999838,-23.493998999999977,1.604769000000001,-2.0278899999999984,20.752387999999993,-20.617748999999996,-18.688554000000018,23.494767000000003,-43.11195700000002,9.516558999999992,-30.96082299999997,11.220038000000018,-12.476962000000006,-11.036159000000017,-44.52739500000004,16.105010000000004,54.14752899999999,-1.7235180000000012,-9.753836000000003,43.009381000000026,26.23281800000002,2.9576490000000026,17.576519999999995,31.88111500000001,-6.096638000000005,-3.1578429999999984,-1.7783049999999987,-0.6929200000000018,16.171278999999995,-3.4840639999999947,-25.68137199999997,9.295197,-23.108755000000002,5.846401000000002,-24.08081999999997,-32.17505299999997,-18.865465999999998,10.028682000000009,-4.840555999999998,28.520933000000007,-24.10173399999999,-17.979858000000018,-27.463700999999997,-31.00493999999999,21.083877000000015,12.696754000000007,-13.367628000000002,-14.982423000000015,4.927530000000001,30.00091000000003,9.584873000000012,-14.197652999999995,-61.139832000000006,-12.92290999999999,54.580183000000034
P24468,-28.369172999999993,-11.32489500000001,-8.871697000000006,-32.394961000000016,-9.462836,-5.671376000000007,0.07138499999999946,-4.037237000000001,-13.294850000000002,32.11136400000001,-3.0014830000000035,-3.8443650000000007,0.6147030000000001,5.52742,8.268341999999997,1.6733689999999968,3.262724999999998,-7.113421999999998,2.332063999999998,-6.93303,-5.141193000000001,-16.002995,-11.653475999999996,6.563138999999996,-5.696758999999999,-6.041638000000001,-17.900957000000005,-4.104895000000001,-3.7395760000000005,-1.5821010000000004,5.252948999999995,-25.79922100000002,0.6213599999999997,-15.254373000000003,8.498966999999993,7.030153,-12.477795999999998,-0.9318200000000006,4.700685999999992,-0.8889049999999982,6.8016790000000045,5.027184999999995,13.715004999999996,-6.181106999999997,2.4300950000000014,-3.098672,-18.408460000000023,-4.616547000000001,-10.427074000000001,5.187293000000001,-12.571337,-11.568272000000007,0.15452499999999947,-24.178455000000007,10.291485999999997,-11.825775999999998,7.9587910000000095,-2.001696999999999,-13.352739000000012,-16.32266000000001,11.412896999999994,36.12076599999998,-5.137991000000004,-2.099066999999997,19.623684,13.266305000000001,1.0661710000000004,-2.5177990000000015,27.083326999999986,2.798636,-18.447533000000007,-3.642732000000002,5.040674000000006,4.709388999999999,-11.932274000000003,-14.186304999999999,1.4759039999999997,-17.692248999999983,11.707538999999997,0.10967599999999929,-8.758415000000005,-3.786046999999998,16.81887900000001,-4.624008999999999,8.702370999999996,-12.182620999999992,-13.891670000000019,-5.523654000000005,-5.938766000000003,10.69617100000001,4.765692,-9.218690000000006,-5.254875999999996,7.478302000000006,19.321619999999996,4.727435,-6.459500999999999,-28.368444000000007,-15.357855999999998,32.112661
