,molecule_chembl_id,canonical_smiles,pchembl_value
0,naphazoline,C(C1=NCCN1)C1=CC=CC2=CC=CC=C12,7.67999983
1,epinephrine,CNC[C@H](O)C1=CC=C(O)C(O)=C1,6.55909092
2,guanabenz,NC(=N)N\N=C\c1c(Cl)cccc1Cl,7.82390874
3,norepinephrine,NC[C@H](O)c1ccc(O)c(O)c1,7.18
4,tetryzoline,[H]C1(CCCC2=CC=CC=C12)C1=NCCN1,
5,dexmedetomidine,C[C@H](c1c[nH]cn1)c2cccc(C)c2C,8.82
6,droxidopa,N[C@@H]([C@H](O)C1=CC(O)=C(O)C=C1)C(O)=O,
7,clonidine,ClC1=CC=CC(Cl)=C1NC1=NCCN1,8.42
8,apraclonidine,NC1=CC(Cl)=C(NC2=NCCN2)C(Cl)=C1,8.54
9,lofexidine,CC(OC1=C(Cl)C=CC=C1Cl)C1=NCCN1,8.36
10,phentolamine,Cc1ccc(cc1)N(CC2=NCCN2)c3cccc(O)c3,8.77
11,tolazoline,C(C1=NCCN1)C1=CC=CC=C1,6.64
12,tizanidine,ClC1=C(NC2=NCCN2)C2=NSN=C2C=C1,
13,phenoxybenzamine,CC(COC1=CC=CC=C1)N(CCCl)CC1=CC=CC=C1,6.28
14,methyldopa,C[C@](N)(Cc1ccc(O)c(O)c1)C(=O)O,
15,guanfacine,NC(=N)NC(=O)CC1=C(Cl)C=CC=C1Cl,7.1642
16,dipivefrine,CNCC(O)C1=CC(OC(=O)C(C)(C)C)=C(OC(=O)C(C)(C)C)C=C1,
17,brimonidine,BrC1=C(NC2=NCCN2)C=CC2=NC=CN=C12,8.3872
18,yohimbine,[H][C@@]12CC[C@H](O)[C@H](C(=O)OC)[C@@]1([H])C[C@]1([H])N(CCC3=C1NC1=C3C=CC=C1)C2,9.38
19,methyldopate,CCOC(=O)[C@@](C)(N)CC1=CC(O)=C(O)C=C1,
20,corbadrine,C[C@H](N)[C@H](O)c1ccc(O)c(O)c1,
21,CHEMBL407509,C(C1CN=CN1)C2=Cc3ccccc3CC2,7.0
22,CHEMBL99864,CCC1=C(C(C(=C(CCCCOC)N1)C(=O)NCCCN2CCC(CC2)(c3ccccc3)c4ccccc4)c5ccc(cc5)[N+](=O)[O-])C(=O)N,7.0
23,pergolide,CCCN1C[C@H](CSC)C[C@H]2[C@H]1Cc3c[nH]c4cccc2c34,7.0
24,CHEMBL69733,COc1ccc(CCCN2CCC(CCC(=O)c3cc(Cl)c(N)c4OCCOc34)CC2)cc1OC,7.0
25,CHEMBL1276139,C[C@@H](Oc1ccccc1CC=C)C2=NCCN2,7.0
26,aripiprazole,Clc1cccc(N2CCN(CCCCOc3ccc4CCC(=O)Nc4c3)CC2)c1Cl,7.0
27,CHEMBL192266,Nc1nc(NCC2CCC(CNS(=O)(=O)c3ccc(Br)cc3OC(F)(F)F)CC2)nc4ccccc14,7.0
28,CHEMBL1956196,CCOc1ccccc1OC(C)C2=NCCN2,7.01
29,CHEMBL111771,CCS(=O)(=O)Nc1cccc2C(CCc12)c3c[nH]cn3,7.01
30,CHEMBL181383,CN(C)c1nc(N[C@@H]2CC[C@@H](CC2)NC(=O)c3cccc(c3)[N+](=O)[O-])nc4ccccc14,7.01
31,CHEMBL94435,COc1cc2OCC3C(CN4CCN(Cc5cc6ccccc6s5)CC4)ON=C3c2cc1OC,7.01
32,CHEMBL1278085,C[C@H](Oc1ccccc1c2cccc(O)c2)C3=NCCN3,7.01
33,CHEMBL17645,Nc1nc(NC[C@@H]2CC[C@@H](CNS(=O)(=O)c3cccc4ccccc34)CC2)nc5ccccc15,7.01
34,CHEMBL2431279,Brc1ccccc1OCC2=NCCN2,7.02
35,CHEMBL40650,COc1cccc2[C@@H]3CN(CCN4C(=O)Nc5c(sc6cccnc56)C4=O)C[C@@H]3CCc12,7.02
36,CHEMBL2413154,COc1ccccc1N2CCN(CCCCN3N=CC(=O)N(C)C3=O)CC2,7.02
37,CHEMBL1022,Clc1cccc(Cl)c1Nc2ncc[nH]2,7.02
38,CHEMBL481153,O=C(OCCN1CCCC1)N2c3ccccc3Sc4ccccc24,7.02
39,CHEMBL494885,C1CN=C(N1)C(Oc2ccccc2)c3ccccc3,7.03
40,CHEMBL27251,CN1CCc2ccc3[C@@H](N)c4cccc5C[C@@H]1c2c3c45,7.03
41,CHEMBL92860,COc1cc2OC[C@H]3[C@H](CN4CCN(Cc5ccc6ccccc6c5)CC4)ON=C3c2cc1OC,7.03
42,CHEMBL524153,O=C(NCCN1CCCN(C[C@H]2COc3ccccc3O2)CC1)c4cccnc4Oc5ccccc5,7.03
43,CHEMBL130884,CC(Nc1ccccc1c2ccccc2)C3=NCCN3,7.04
44,CHEMBL396013,C[C@H](Oc1ccccc1c2ccccc2)C3=NCCN3,7.04
45,CHEMBL334255,[Br-].CCCCCCCCCCCCCCCC[n+]1ccccc1,7.04
46,clozapine,CN1CCN(CC1)C2=Nc3cc(Cl)ccc3Nc4ccccc24,7.05
47,CHEMBL390718,COc1cc2NCC3C(CN4CCN(C\C(=C\c5ccccc5)\C)CC4)ON=C3c2cc1OC,7.06
48,CHEMBL336970,COc1ccc2CC3(CCc2c1)CN=CN3,7.06
49,CHEMBL195123,CN(C)c1nc(NCC2CCC(CNS(=O)(=O)C)CC2)nc3ccccc13,7.07
50,CHEMBL111463,CN(c1cccc2C(CCCc12)c3c[nH]cn3)S(=O)(=O)C,7.07
51,mirtazapine,[H]C12CN(C)CCN1C1=C(CC3=C2C=CC=C3)C=CC=N1,7.07
52,CHEMBL3754166,Brc1ccc2[nH]cc(CCN(CC=C)CC=C)c2c1,7.08
53,CHEMBL14208,CC(C)Oc1ccccc1OC(C)C2=NCCN2,7.08
54,CHEMBL1956197,CC(Oc1ccccc1OC2CC2)C3=NCCN3,7.08
55,CHEMBL13856,COc1ccccc1N2CCN(CCN3C(=O)Nc4scc(c5cccc(C)c5)c4C3=O)CC2,7.08
56,CHEMBL514837,CCCCOc1ncccc1C(=O)NCCN2CCCN(CC3COc4ccccc4O3)CC2,7.09
57,CHEMBL242693,C[C@@H](Oc1ccccc1c2cccc(c2)[N+](=O)[O-])C3=NCCN3,7.09
58,CHEMBL553276,Cl.CC(C)Sc1ccccc1NCC2=NCCN2,7.09
59,CHEMBL540035,Cl.CCSc1ccccc1NCC2=NCCN2,7.09
60,CHEMBL3752900,Clc1ccc2[nH]cc(CCN(CC=C)CC=C)c2c1,7.09
61,CHEMBL193639,CN(C)C[C@H]1CC2[C@H](O1)c3cc(F)ccc3Sc4ccccc24,7.1
62,CHEMBL3289551,Cl.CCOc1ccc(cc1)N=C2NCCN2,7.1
63,fluphenazine,OCCN1CCN(CCCN2c3ccccc3Sc4ccc(cc24)C(F)(F)F)CC1,7.1
64,CHEMBL2431281,C(Oc1ccccc1CC2CC2)C3=NCCN3,7.11
65,CHEMBL268758,COc1ccccc1N2CCN(CCN3C(=O)Nc4scc(c5ccccc5)c4C3=O)CC2,7.11
66,CHEMBL179878,CN(C)c1nc(N[C@@H]2CC[C@@H](CC2)NC(=O)c3cccc(Cl)c3)nc4ccccc14,7.12
67,CHEMBL74544,N(c1ccc2[nH]cnc2c1)c3ncc[nH]3,7.12
68,CHEMBL451229,CC(Oc1ccccc1C2CCCCC2)C3=NCCN3,7.13
69,CHEMBL494678,CN1CCN(CC1)c2cc(nc(N)n2)c3ccc(cc3)C#N,7.13
70,CHEMBL2112976,COc1cc2NC[C@H]3[C@H](CN4CCN(Cc5ccc6ccccc6c5)CC4)ON=C3c2cc1OC,7.13
71,CHEMBL72147,Cc1cnc2c(Br)c(NC3=NCCN3)ccc2n1,7.13
72,CHEMBL266613,CC(C)c1ccccc1OC(C)C2=NCCN2,7.14
73,CHEMBL1956194,CC(Oc1ccccc1C(=C)C)C2=NCCN2,7.14
74,CHEMBL363581,CN(C)C[C@@H]1CC2[C@H](O1)c3cc(F)ccc3Sc4ccccc24,7.14
75,CHEMBL397753,C[C@H](Oc1ccccc1c2cccc(c2)[N+](=O)[O-])C3=NCCN3,7.14
76,CHEMBL323402,Nc1cccc2C(CCCc12)c3c[nH]cn3,7.14
77,CHEMBL360081,COc1cc(OC)cc(c1)C(=O)N[C@@H]2CC[C@@H](CC2)Nc3nc(N(C)C)c4ccccc4n3,7.15
78,CHEMBL493091,CN(C)CCCOc1ccc(CCNC(=O)c2cc(Br)c[nH]2)cc1Br,7.16
79,clemastine,CN1CCC[C@@H]1CCO[C@](C)(c2ccccc2)c3ccc(Cl)cc3,7.16
80,CHEMBL101411,COc1cc2OC[C@H]3[C@H](CN4CCN(C\C=C\c5ccc(Cl)cc5)CC4)ON=C3c2cc1OC,7.16
81,CHEMBL1909065,CO[C@H]1C[C@@H](O[C@H]2C[C@@H](O[C@H]2[C@]3(C)CC[C@@H](O3)[C@]4(C)CC[C@]5(C[C@H](O)[C@@H](C)[C@H](O5)[C@@H](C)[C@@H]6O[C@](O)(CC(=O)O)[C@@H](C)[C@H](OC)[C@H]6OC)O4)[C@H]7O[C@](C)(O)[C@H](C)C[C@@H]7C)O[C@@H](C)[C@@H]1OC,7.17
82,CHEMBL30739,Cc1sc(C)c2C(CCCc12)c3c[nH]cn3,7.17
83,CHEMBL491419,C(CN1CCCN(CC2COc3ccccc3O2)CC1)OCc4cccnc4Oc5ccccc5,7.18
84,CHEMBL93801,COc1cc2OCC3C(CN4CCN(Cc5csc6ccccc56)CC4)ON=C3c2cc1OC,7.18
85,CHEMBL1909072,NC(=O)C1CCN(CCCN2c3ccccc3Sc4ccc(Cl)cc24)CC1,7.18
86,CHEMBL3343700,Fc1cccc2cnn(N=C3NCCN3)c12,7.19
87,CHEMBL353212,C([C@H]1CN=CN1)[C@]23CCc4ccccc4C2C3,7.2
88,CHEMBL836,CCOc1ccccc1OCCN[C@H](C)Cc2ccc(OC)c(c2)S(=O)(=O)N,7.2
89,CHEMBL359510,CN(C)c1nc(N[C@@H]2CC[C@@H](CC2)NC(=O)c3cccc(Br)c3)nc4ccccc14,7.2
90,CHEMBL3217984,CN1CCC2C(C1)c3cccc4SCc5ccccc5N2c34,7.2
91,prochlorperazine,CN1CCN(CCCN2c3ccccc3Sc4ccc(Cl)cc24)CC1,7.2
92,CHEMBL72441,CSc1ccc(C)cc1NCC2=NCCN2,7.2
93,CHEMBL222928,CC(Oc1ccccc1c2cccc(c2)[N+](=O)[O-])C3=NCCN3,7.22
94,CHEMBL181632,CN(C)c1nc(N[C@@H]2CC[C@@H](CC2)NC(=O)c3cccc(c3)C(F)(F)F)nc4ccccc14,7.22
95,CHEMBL13852,C(Oc1ccccc1C2CC2)C3=NCCN3,7.23
96,CHEMBL306792,CSc1cc(F)ccc1NCC2=NCCN2,7.23
97,CHEMBL570973,CC(OC1=NCCN1)c2ccccc2CC=C,7.24
98,CHEMBL495095,CC(Oc1ccccc1CC=C)C2=NCCN2,7.24
99,CHEMBL193666,CCCCS(=O)(=O)NCC1CCC(CNc2nc(N(C)C)c3ccccc3n2)CC1,7.24
100,CHEMBL180003,CN(C)c1nc(N[C@@H]2CC[C@@H](CC2)NS(=O)(=O)c3ccc(Br)cc3OC(F)(F)F)nc4ccccc14,7.24
101,CHEMBL19215,CN1C[C@H](CNC(=O)OCc2ccccc2)C[C@H]3[C@H]1Cc4cn(C)c5cccc3c45,7.24
102,CHEMBL1956199,COc1ccccc1OC(C)C2=NCCN2,7.24
103,CHEMBL195346,FC(F)(F)Oc1cc(Br)ccc1S(=O)(=O)NC2CCC(CC2)Nc3ncc4ccccc4n3,7.24
104,CHEMBL1256503,CO[C@H]1c2ccccc2[C@H]3C[C@@]13c4c[nH]cn4,7.26
105,CHEMBL123138,CN1CCc2c(Cl)ccc3oc(Br)c(C1)c23,7.27
106,CHEMBL226636,COc1cc2OCC3C(CN4CCN(C\C=C\c5ccc(F)cc5)CC4)ON=C3c2cc1OC,7.27
107,CHEMBL1186220,C1CNC(=Nn2ncc3ccccc23)N1,7.28
108,CHEMBL1276140,C[C@H](Oc1ccccc1CC=C)C2=NCCN2,7.28
109,CHEMBL540594,Cl.Cl.O[C@H]1CC[C@H]2CN3CCc4c([nH]c5ccccc45)[C@@H]3C[C@@H]2[C@H]1C(=O)NCCCNC(=O)[C@H]6[C@@H](O)CC[C@H]7CN8CCc9c([nH]c%10ccccc9%10)[C@@H]8C[C@H]67,7.28
110,CHEMBL222973,CC(Oc1ccccc1c2cccc(C)c2)C3=NCCN3,7.29
111,CHEMBL133579,COc1ccc2CCC3(CN=CN3)Cc2c1,7.29
112,CHEMBL131417,COc1cccc2CCC3(CN=CN3)Cc12,7.29
113,CHEMBL495096,CC(Oc1ccccc1C2CCCC2)C3=NCCN3,7.3
114,CHEMBL576078,CCCc1ccccc1C(C)OC2=NCCN2,7.3
115,CHEMBL2431282,CCCc1ccccc1OC(C)C2=NCCN2,7.3
116,CHEMBL262777,CN[C@H](CC(C)C)C(=O)N[C@@H]1[C@H](O)c2ccc(Oc3cc4cc(Oc5ccc(cc5Cl)[C@@H](O)[C@@H]6NC(=O)[C@H](NC(=O)[C@@H]4NC(=O)[C@H](CC(=O)N)NC1=O)c7ccc(O)c(c7)c8c(O)cc(O)cc8[C@H](NC6=O)C(=O)O)c3O[C@@H]9O[C@H](CO)[C@@H](O)[C@H](O)[C@H]9O[C@H]%10C[C@](C)(N)[C@H](O)[C@H](C)O%10)c(Cl)c2,7.3
117,thioridazine,CSc1ccc2Sc3ccccc3N(CCC4CCCCN4C)c2c1,7.3
118,CHEMBL569933,CCCc1ccccc1COC2=NCCN2,7.31
119,CHEMBL13917,CCCc1ccccc1OCC2=NCCN2,7.31
120,CHEMBL128168,CC(Oc1ccccc1c2ccccc2)C3=NCCN3,7.32
121,CHEMBL540542,Cl.CSc1ccccc1NCC2=NCCN2,7.32
122,CHEMBL426959,CC(=O)N1C[C@H]2[C@H](CN3CCN(CCC\C=C\c4ccccc4)CC3)ON=C2c5ccccc15,7.33
123,CHEMBL223830,CC(Oc1ccccc1c2ccccc2C)C3=NCCN3,7.33
124,CHEMBL193771,CN(C)c1nc(NC2CCC(CC2)NS(=O)(=O)c3ccc(Br)cc3OC(F)(F)F)nc4ccccc14,7.33
125,CHEMBL362400,CN(C)c1nc(N[C@@H]2CC[C@@H](CC2)NC(=O)c3ccc(Cl)c(Cl)c3)nc4ccccc14,7.33
126,CHEMBL1256608,CC(C)O[C@H]1c2ccccc2[C@H]3C[C@@]13c4c[nH]cn4,7.34
127,CHEMBL385310,CC(Oc1ccccc1c2ccsc2)C3=NCCN3,7.34
128,CHEMBL491420,C(C1COc2ccccc2O1)N3CCCN(Cc4onc(n4)c5cccnc5Oc6ccccc6)CC3,7.35
129,CHEMBL108804,CS(=O)(=O)Nc1c(O)ccc2C(CCCc12)c3c[nH]cn3,7.35
130,CHEMBL1276219,C[C@@H](Oc1ccccc1C2CC2)C3=NCCN3,7.35
131,CHEMBL2089155,C[C@@H](Oc1ccccc1CC2CC2)C3=NCCN3,7.35
132,CHEMBL1276248,C[C@H](Oc1ccccc1c2ccsc2)C3=NCCN3,7.35
133,CHEMBL182235,CN(CC1CCC(CNc2nc(N(C)C)c3ccccc3n2)CC1)Cc4ccc(Br)cc4OC(F)(F)F,7.36
134,CHEMBL2112979,C(\C=C\c1ccccc1)N2CCN(C[C@@H]3ON=C4[C@H]3C=Cc5ccccc45)CC2,7.37
135,mianserin,[H]C12CN(C)CCN1C1=C(CC3=C2C=CC=C3)C=CC=C1,7.37
136,CHEMBL14638,O=C(C1CC1)c2ccc(OCCCc3c[nH]cn3)cc2,7.37
137,CHEMBL426900,CC(Oc1ccccc1c2ccc(C)cc2)C3=NCCN3,7.38
138,CHEMBL394218,COc1cc2CCN(Cc3ccc(OC)c4oc(cc34)C(=O)NC5CN6CCC5CC6)Cc2cc1OC,7.38
139,CHEMBL70751,CSc1ccc(Cl)cc1NCC2=NCCN2,7.38
140,CHEMBL2089156,C[C@H](Oc1ccccc1CC2CC2)C3=NCCN3,7.38
141,carvedilol,COc1ccccc1OCCNCC(O)COc2cccc3[nH]c4ccccc4c23,7.4
142,CHEMBL1278084,C[C@@H](Oc1ccccc1c2cccc(O)c2)C3=NCCN3,7.4
143,CHEMBL353139,Fc1cccc2CCC(=Cc12)CC3CN=CN3,7.4
144,CHEMBL78190,COc1cc(C)c(Nc2ncc[nH]2)cc1C(C)(C)C,7.41
145,CHEMBL50588,CC[C@H]1CN2CCc3cc(OC)c(OC)cc3[C@@H]2C[C@@H]1C[C@H]4NCCc5cc(OC)c(OC)cc45,7.42
146,CHEMBL222371,CC(Oc1ccccc1c2cccc(N)c2)C3=NCCN3,7.43
147,CHEMBL72753,Clc1c(NC2=NCCN2)ccc3nccnc13,7.43
148,CHEMBL289480,C1CN=C(NC(C2CC2)C3CC3)O1,7.44
149,CHEMBL1956195,CC(Oc1ccccc1CC2CC2)C3=NCCN3,7.44
150,CHEMBL576819,Cc1ccccc1COC2=NCCN2,7.46
151,CHEMBL130853,C1CC2(CN=CN2)Cc3ccccc13,7.47
152,CHEMBL222798,CC(Oc1ccccc1c2ccc(O)cc2)C3=NCCN3,7.47
153,CHEMBL181727,CN(C)c1nc(NCC2CCC(CN(C)S(=O)(=O)c3ccc(Br)cc3OC(F)(F)F)CC2)nc4ccccc14,7.47
154,CHEMBL91824,COc1cc2OCC3C(CN4CCN(Cc5cnc6ccccc6c5)CC4)ON=C3c2cc1OC,7.47
155,CHEMBL2261346,Br.CS(=O)(=O)Nc1c(O)ccc2C(CCCc12)C3=NCCN3,7.48
156,CHEMBL2112975,CCOC(=O)N1C[C@H]2[C@H](CN3CCN(C\C=C\c4ccccc4)CC3)ON=C2c5ccccc15,7.48
157,CHEMBL109783,CS(=O)(=O)Nc1c(O)ccc2C(CCCc12)C3=NCCN3,7.48
158,CHEMBL3343699,Fc1ccc2cnn(N=C3NCCN3)c2c1,7.48
159,CHEMBL157955,CCc1cccc(CC)c1OC(C)C2=NCCN2,7.5
160,CHEMBL353200,Clc1cccc2CCC(=Cc12)CC3CN=CN3,7.5
161,CHEMBL48341,C(C[C@H]1C2CCC(C2)[C@H]1NC3=NCCO3)Cc4ccccc4,7.51
162,CHEMBL123448,CCc1sc2ccc(Cl)c3CCN(C)Cc1c23,7.51
163,CHEMBL360117,CN(C)c1nc(NCC2CCC(CNCc3ccc(Br)cc3OC(F)(F)F)CC2)nc4ccccc14,7.51
164,CHEMBL75491,Cc1c(Nc2ncc[nH]2)ccc3nccnc13,7.51
165,CHEMBL419316,COc1cc2OC[C@H]3[C@H](CN4CCN(C\C=C(/C)\c5ccccc5)CC4)ON=C3c2cc1OC,7.52
166,CHEMBL1956191,CC(Oc1ccccc1Cl)C2=NCCN2,7.54
167,CHEMBL196451,O[C@H]1CC[C@H]2CN3CCc4c([nH]c5ccccc45)[C@@H]3CC2[C@H]1C(=O)NCCCC(=O)OCc6ccccc6,7.54
168,CHEMBL296660,CCC[C@H]1C2CCC(C2)[C@H]1NC3=NCCO3,7.55
169,CHEMBL318235,COc1cc2OC[C@H]3[C@H](CN4CCN(C\C(=C\c5ccc(F)cc5)\C)CC4)ON=C3c2cc1OC,7.55
170,CHEMBL374584,CC(Oc1ccccc1c2cccc(O)c2)C3=NCCN3,7.56
171,CHEMBL284213,C1CC(c2c[nH]cn2)c3ccsc3C1,7.57
172,CHEMBL571314,CC(OC1=NCCN1)c2ccccc2,7.57
173,CHEMBL273485,CC(Oc1ccccc1)C2=NCCN2,7.57
174,CHEMBL478026,O=C(NCCN1CCN(CC2COc3ccccc3O2)CC1)c4cccnc4Oc5ccccc5,7.57
175,CHEMBL542520,Cl.Cl.O[C@H]1CC[C@H]2CN3CCc4c([nH]c5ccccc45)[C@@H]3C[C@@H]2[C@H]1C(=O)NCCNC(=O)[C@H]6[C@@H](O)CC[C@H]7CN8CCc9c([nH]c%10ccccc9%10)[C@@H]8C[C@H]67,7.58
176,CHEMBL306377,C1COC(=NC1)NC2CCCc3ccccc23,7.59
177,CHEMBL90419,COc1cc2OCC3C(CN4CCN(CCCc5ccccc5)CC4)ON=C3c2cc1OC,7.59
178,CHEMBL328114,COc1cc2OC[C@H]3[C@H](CN4CCN(C\C=C\c5ccccc5)CC4)ON=C3c2cc1OC,7.6
179,CHEMBL284795,Cc1sc(C)c2C(=CCCc12)c3c[nH]cn3,7.6
180,CHEMBL168168,Clc1cccc2ccc(CC3CN=CN3)cc12,7.6
181,CHEMBL570863,CC(OC1=NCCN1)c2ccccc2C,7.61
182,CHEMBL156336,CCc1ccccc1OC(C)C2=NCCN2,7.62
183,CHEMBL25467,CN1CCc2c(Cl)ccc3sc(C=C)c(C1)c23,7.62
184,CHEMBL194849,Cc1ccc(cc1)N(NC2=NCCN2)c3cccc(O)c3,7.62
185,CHEMBL576623,CC(OC1=NCCN1)c2ccccc2C3CC3,7.64
186,CHEMBL1956192,CC(Oc1ccccc1Br)C2=NCCN2,7.64
187,CHEMBL1276218,CC(Oc1ccccc1C2CC2)C3=NCCN3,7.64
188,CHEMBL327116,CCS(=O)(=O)Nc1ccc2CCCC(c3c[nH]cn3)c2c1,7.64
189,CHEMBL420830,COc1cc2OC[C@H]3[C@H](CN4CCN(C\C=C/c5ccccc5)CC4)ON=C3c2cc1OC,7.64
190,oxymetazoline,CC1=CC(=C(O)C(C)=C1CC1=NCCN1)C(C)(C)C,7.64
191,CHEMBL328377,COc1cc2OCC3C(CN4CCN(CC5=Cc6ccccc6C5)CC4)ON=C3c2cc1OC,7.66
192,CHEMBL98889,COc1cc2OC[C@H]3[C@H](CN4CCN(C\C(=C\c5cccnc5)\C)CC4)ON=C3c2cc1OC,7.66
193,CHEMBL50719,C([C@H]1CCCC[C@@H]1NC2=NCCO2)c3ccccc3,7.68
194,CHEMBL193970,CN(C)c1nc(NCC2CCC(CC2)NS(=O)(=O)c3ccc(Br)cc3OC(F)(F)F)nc4ccccc14,7.68
195,CHEMBL1276220,C[C@H](Oc1ccccc1C2CC2)C3=NCCN3,7.68
196,CHEMBL1705,Cl.Clc1cccc(Cl)c1NC2=NCCN2,7.68
197,CHEMBL167644,C(C1CN=CN1)c2oc3ccccc3c2,7.7
198,CHEMBL2112981,C(\C=C\c1ccccc1)N2CCN(C[C@@H]3ON=C4[C@H]3CNc5ccccc45)CC2,7.7
199,CHEMBL2112973,CCNC(=O)N1C[C@H]2[C@H](CN3CCN(C\C=C\c4ccccc4)CC3)ON=C2c5ccccc15,7.7
200,CHEMBL92221,Cc1c(NC2=NCCN2)cccc1c3ccccc3,7.72
201,CHEMBL297228,C1CC[C@@H]([C@H](C1)NC2=NCCO2)c3ccccc3,7.74
202,CHEMBL72768,CSc1ccc(F)cc1NCC2=NCCN2,7.74
203,CHEMBL223829,CC(Oc1ccccc1c2cccs2)C3=NCCN3,7.77
204,CHEMBL157206,CC(Oc1c(CC=C)cccc1CC=C)C2=NCCN2,7.78
205,CHEMBL297827,C(\C=C\c1ccccc1)[C@H]2C3CCC(C3)[C@H]2NC4=NCCO4,7.8
206,CHEMBL91157,COc1cc2OC[C@H]3[C@H](CN4CCN(C\C(=C\c5ccccc5)\C)CC4)ON=C3c2cc1OC,7.8
207,CHEMBL50720,C(C[C@H]1CCCC[C@@H]1NC2=NCCO2)Cc3ccccc3,7.82
208,bromocriptine,CC(C)C[C@@H]1N2C(=O)[C@](NC(=O)[C@H]3CN(C)[C@@H]4Cc5c(Br)[nH]c6cccc(C4=C3)c56)(O[C@@]2(O)[C@@H]7CCCN7C1=O)C(C)C,7.82
209,CHEMBL539824,Cl.Cl.O[C@H]1CC[C@H]2CN3CCc4c([nH]c5ccccc45)[C@@H]3C[C@@H]2[C@H]1C(=O)NCCCCNC(=O)[C@H]6[C@@H](O)CC[C@H]7CN8CCc9c([nH]c%10ccccc9%10)[C@@H]8C[C@H]67,7.82
210,CHEMBL223836,CC(Oc1ccccc1c2cccc(F)c2)C3=NCCN3,7.83
211,CHEMBL295186,C([C@H]1C2CCC(C2)[C@H]1NC3=NCCO3)c4ccccc4,7.86
212,CHEMBL328735,COc1cc2OCC3C(CN4CCN(CCC(=O)c5ccccc5)CC4)ON=C3c2cc1OC,7.92
213,CHEMBL336332,COc1cccc2CC3(CCc12)CN=CN3,7.92
214,CHEMBL131220,Fc1cccc2CCC3(CN=CN3)Cc12,7.92
215,CHEMBL155866,CC(Oc1c(C)cccc1C)C2=NCCN2,7.93
216,CHEMBL1256502,CO[C@@H]1c2ccccc2[C@H]3C[C@@]13c4c[nH]cn4,7.93
217,CHEMBL2112977,COc1cc2N(C)C[C@H]3[C@H](CN4CCN(CCC\C(=C\c5ccccc5)\C)CC4)ON=C3c2cc1OC,7.96
218,CHEMBL1221591,COc1ccccc1N2CCN(CCCCCNC(=O)c3ccc4ccccc4c3)CC2,7.96
219,CHEMBL165776,CC1=C(CCCN2CCc3oc4ccccc4c3C2)C(=O)N5C=CC=CC5=N1,7.99
220,risperidone,CC1=C(CCN2CCC(CC2)c3noc4cc(F)ccc34)C(=O)N5CCCCC5=N1,8.0
221,CHEMBL435301,CN(C)C[C@H]1CC2[C@H](O1)c3cc(Cl)ccc3Oc4ccccc24,8.0
222,CHEMBL367355,CN(C)c1nc(NCC2CCC(CNC(=O)c3ccc(Br)cc3OC(F)(F)F)CC2)nc4ccccc14,8.0
223,CHEMBL77913,COc1ccc(Nc2ncc[nH]2)c(C)c1,8.0
224,CHEMBL49284,Cc1c(NC2=NCCN2)ccc3NCCNc13,8.02
225,CHEMBL123349,CN1CCc2cccc(Cl)c2CC1,8.03
226,CHEMBL328631,COc1cc2OC[C@H]3[C@H](CN4CCN(C\C=C(/C)\c5ccc(F)cc5F)CC4)ON=C3c2cc1OC,8.03
227,CHEMBL2112969,COc1cc2NC[C@H]3[C@H](CN4CCN(CCOc5ccc(F)cc5)CC4)ON=C3c2cc1OC,8.04
228,CHEMBL419894,COc1cc2OC[C@H]3[C@H](CN4CCN(C\C=C\c5ccc(F)cc5)CC4)ON=C3c2cc1OC,8.05
229,CHEMBL93489,COc1cc2OCC3C(CN4CCN(C\C=C\c5ccccc5)CC4)ON=C3c2cc1OC,8.06
230,CHEMBL317912,Oc1cccc2C(CCCc12)c3c[nH]cn3,8.06
231,CHEMBL1221592,COc1ccccc1N2CCN(CCCCCNS(=O)(=O)c3ccc4ccccc4c3)CC2,8.07
232,CHEMBL10316,C1CN=C(N1)C2COc3ccccc3O2,8.08
233,CHEMBL123325,COC(=O)C1=CO[C@@H](C)[C@H]2CN3CCc4c([nH]c5ccccc45)[C@@H]3C[C@H]12,8.09
234,CHEMBL1403281,CC(C)C[C@@H]1N2C(=O)[C@](NC(=O)[C@H]3CN(C)[C@@H]4Cc5c[nH]c6cccc(C4=C3)c56)(O[C@@]2(O)[C@@H]7CCCN7C1=O)C(C)C,8.1
235,CHEMBL2112983,COc1cc2NC[C@H]3[C@H](CN4CCN(C\C=C\c5ccccc5)CC4)ON=C3c2cc1OC,8.1
236,CHEMBL193438,CN(C)c1nc(NCC2CCC(CNS(=O)(=O)c3ccc(Br)cc3OC(F)(F)F)CC2)nc4ccccc14,8.11
237,CHEMBL537846,Cl.CN(C)c1nc(NC[C@@H]2CC[C@@H](CNS(=O)(=O)c3ccc(Br)cc3OC(F)(F)F)CC2)nc4ccccc14,8.11
238,CHEMBL1255582,CCC1(Cc2ccc(F)cc2C1)c3c[nH]cn3,8.14
239,CHEMBL49137,Cc1c(NC2=NCCN2)ccc3nccnc13,8.14
240,CHEMBL98471,Cc1ccc2CCC3(CN=CN3)Cc2c1,8.16
241,CHEMBL70676,Ic1c(NC2=NCCN2)ccc3nccnc13,8.17
242,CHEMBL74283,Brc1c(NC2=NCCN2)ccc3NCCNc13,8.19
243,CHEMBL2112971,COc1cc2NC[C@H]3[C@H](CN4CCN(C\C=C(/C)\c5ccccc5)CC4)ON=C3c2cc1OC,8.19
244,CHEMBL1385840,CC(C)[C@@H]1N2C(=O)[C@](NC(=O)[C@H]3CN(C)[C@@H]4Cc5c[nH]c6cccc(C4=C3)c56)(O[C@@]2(O)[C@@H]7CCCN7C1=O)C(C)C,8.2
245,CHEMBL41,CNCCC(Oc1ccc(cc1)C(F)(F)F)c2ccccc2,8.2
246,CHEMBL362954,COc1cccc(c1)N(NC2=NCCN2)c3ccc(C)cc3,8.2
247,CHEMBL1221593,COc1ccccc1N2CCN(CCCCCCNC(=O)c3ccc4ccccc4c3)CC2,8.21
248,CHEMBL432155,Cc1c(Nc2ncc[nH]2)ccc3OCCNc13,8.22
249,CHEMBL95218,COc1cc2OC[C@H]3[C@H](CN4CCN(C\C=C\c5cccc(F)c5)CC4)ON=C3c2cc1OC,8.23
250,CHEMBL90997,Fc1ccc2CC(CC3CN=CN3)Cc2c1,8.23
251,CHEMBL194173,CN(C)c1nc(NCC2CCN(CC2)S(=O)(=O)c3ccc(Br)cc3OC(F)(F)F)nc4ccccc14,8.25
252,CHEMBL305928,C1CCCC(CC1)NC2=NCCO2,8.27
253,CHEMBL101361,COc1cc2OC[C@H]3[C@H](CN4CCN(C\C=C(/C)\c5ccccc5OC)CC4)ON=C3c2cc1OC,8.28
254,CHEMBL1221499,COc1ccccc1N2CCN(CCNS(=O)(=O)c3ccc4ccccc4c3)CC2,8.29
255,CHEMBL94129,COc1cc2OCC3C(CN4CCN(Cc5ccc6ccccc6c5)CC4)ON=C3c2cc1OC,8.3
256,CHEMBL75257,COc1c(C)c(Nc2ncc[nH]2)c(C)cc1C(C)(C)C,8.31
257,CHEMBL497749,COc1ccccc1N2CCN(CCCNS(=O)(=O)c3ccc4ccccc4c3)CC2,8.33
258,CHEMBL178588,C\C(=C/c1ccccc1)\CN2CCN(C[C@@H]3ON=C4[C@H]3COc5cc(OC(=O)C(C)(C)C)ccc45)CC2,8.33
259,CHEMBL370818,Cc1ccc(cc1)N(NC2=NCCO2)c3cccc(O)c3,8.33
260,CHEMBL10347,COC(=O)[C@@H]1[C@@H](O)CC[C@@H]2CN3CCc4c([nH]c5ccccc45)[C@@H]3C[C@H]12,8.34
261,CHEMBL1221544,COc1ccccc1N2CCN(CCCNC(=O)c3ccc4ccccc4c3)CC2,8.34
262,CHEMBL1221545,COc1ccccc1N2CCN(CCCCNS(=O)(=O)c3ccc4ccccc4c3)CC2,8.39
263,CHEMBL353843,C(C1Cc2ccccc2C1)C3CN=CN3,8.4
264,CHEMBL2112984,C([C@@H]1ON=C2[C@H]1CNc3ccccc23)N4CCN(Cc5ccc6ccccc6c5)CC4,8.4
265,CHEMBL1256566,CCCO[C@H]1c2ccccc2[C@H]3C[C@@]13c4c[nH]cn4,8.4
266,CHEMBL1255617,C1CC12c3ccccc3[C@H]4C[C@@]24c5c[nH]cn5,8.41
267,CHEMBL165677,CC1=C(CCN2CCc3oc4ccc(Cl)cc4c3C2)C(=O)N5C=CC=CC5=N1,8.41
268,CHEMBL537669,Cl.COC(=O)[C@H]1[C@@H](O)CC[C@H]2CN3CCc4c([nH]c5ccccc45)[C@@H]3C[C@H]12,8.44
269,CHEMBL162058,COC1=CN2C(=O)C(=C(C)N=C2C=C1OC)CCN3CCc4oc5ccccc5c4C3,8.45
270,CHEMBL25554,COc1cccc(OC)c1OCCNCC2COc3ccccc3O2,8.46
271,CHEMBL1256565,CCO[C@H]1c2ccccc2[C@H]3C[C@@]13c4c[nH]cn4,8.48
272,CHEMBL354611,C1C[C@@]2(CC2[C@@H]3CN=CN3)Cc4ccccc14,8.5
273,CHEMBL353972,CCC1(Cc2ccccc2C1)c3cnc[nH]3,8.5
274,CHEMBL419336,COc1cc2OC[C@H]3[C@H](CN4CCN(C\C(=C\c5cccc(F)c5F)\C)CC4)ON=C3c2cc1OC,8.52
275,CHEMBL338683,Clc1cc(Cl)c2CCC3(CN=CN3)Cc2c1,8.52
276,CHEMBL310335,CCC[C@H]1CCCCC1NC2=NCCO2,8.53
277,CHEMBL297752,CCC[C@H]1CCCC[C@@H]1NC2=NCCO2,8.53
278,CHEMBL98541,COc1cc2OC[C@H]3[C@H](CN4CCN(C\C=C(/C)\c5ccc(F)cc5)CC4)ON=C3c2cc1OC,8.54
279,CHEMBL319573,COc1cc2OC[C@H]3[C@H](CN4CCN(C\C=C\c5ccccc5F)CC4)ON=C3c2cc1OC,8.54
280,CHEMBL1221594,COc1ccccc1N2CCN(CCCCCCNS(=O)(=O)c3ccc4ccccc4c3)CC2,8.54
281,CHEMBL25236,COc1ccccc1N2CCN(CCCCNC(=O)c3ccc4ccccc4c3)CC2,8.56
282,CHEMBL268258,COc1cccc2[C@H](CN(C)CCc3ccc4ccoc4c3)CCCc12,8.6
283,CHEMBL2112985,COc1cc2NC[C@H]3[C@H](CN4CCN(C\C(=C\c5ccccc5)\C)CC4)ON=C3c2cc1OC,8.62
284,CHEMBL75030,C1CC(NC2=NCCO2)c3ccccc3C1,8.63
285,CHEMBL162436,O=C1N2C=CC=CC2=NC(=C1CCN3CCc4oc5ccccc5c4C3)Cc6ccccc6,8.66
286,ergotamine,CN1C[C@@H](C=C2[C@H]1Cc3c[nH]c4cccc2c34)C(=O)N[C@]5(C)O[C@@]6(O)[C@@H]7CCCN7C(=O)[C@H](Cc8ccccc8)N6C5=O,8.67
287,CHEMBL1255837,CC(C)[C@@]1(NC(=O)[C@@H]2C[C@H]3[C@@H](Cc4c[nH]c5cccc3c45)N(C)C2)O[C@@]6(O)[C@@H]7CCCN7C(=O)[C@H](Cc8ccccc8)N6C1=O.CS(=O)(=O)O,8.7
288,CHEMBL592752,CN1CCc2c(C1)c3cc(C)ccc3n2CCc4ccccc4,8.7
289,CHEMBL329065,COc1cc2OC[C@H]3[C@H](CN4CCN(C\C=C(/C)\c5ccc(O)cc5)CC4)ON=C3c2cc1OC,8.72
290,CHEMBL1256176,Cl.COC1(COc2ccccc2O1)C3=NCCN3,8.72
291,CHEMBL2112982,COc1ccc2C3=NO[C@@H](CN4CCN(C\C=C\c5ccccc5)CC4)[C@@H]3C=Cc2c1,8.75
292,CHEMBL2112972,COc1ccc2C3=NO[C@@H](CN4CCN(Cc5ccc6ccccc6c5)CC4)[C@@H]3C=Cc2c1,8.75
293,CHEMBL165181,CC1=C(CCN2CCc3sc4ccccc4c3C2)C(=O)N5C=CC=CC5=N1,8.76
294,CHEMBL555190,Cl.Cl.O[C@H]1CC[C@H]2CN3CCc4c([nH]c5ccccc45)[C@@H]3C[C@@H]2[C@H]1C(=O)NCCCCCNC(=O)[C@H]6[C@@H](O)CC[C@H]7CN8CCc9c([nH]c%10ccccc9%10)[C@@H]8C[C@H]67,8.76
295,CHEMBL98646,COc1cc2OC[C@H]3[C@H](CN4CCN(C\C(=C\c5cccs5)\C)CC4)ON=C3c2cc1OC,8.77
296,CHEMBL99916,COc1cc2OC[C@H]3[C@H](CN4CCN(C\C(=C\c5occc5)\C)CC4)ON=C3c2cc1OC,8.77
297,CHEMBL1221498,COc1ccccc1N2CCN(CCNC(=O)c3ccc4ccccc4c3)CC2,8.77
298,CHEMBL308570,Cc1c(Nc2ncc[nH]2)ccc3OCCOc13,8.77
299,CHEMBL1085510,CN1CC2[C@H](CN3CCN(C\C=C\c4ccccc4)CC3)ON=C2c5ccccc15,8.8
300,CHEMBL2112970,CN1C[C@H]2[C@H](CN3CCN(C\C=C\c4ccccc4)CC3)ON=C2c5ccccc15,8.8
301,CHEMBL133231,NC1=NC2(CCc3cccc(Cl)c3C2)CO1,8.8
302,CHEMBL47313,C(Cc1ccccc1)[C@H]2CCCC[C@@H]2NC3=NCCO3,8.84
303,CHEMBL327875,COc1cc2OCC3C(CN4CCN(C\C=C(/C)\c5ccccc5)CC4)ON=C3c2cc1OC,8.85
304,CHEMBL328195,COc1cc2OC[C@H]3[C@H](CN4CCN(C\C=C(/C)\c5ccsc5)CC4)ON=C3c2cc1OC,8.85
305,CHEMBL542527,Cl.Cl.O[C@H]1CC[C@H]2CN3CCc4c([nH]c5ccccc45)[C@@H]3C[C@@H]2[C@H]1C(=O)NCCCCCCNC(=O)[C@H]6[C@@H](O)CC[C@H]7CN8CCc9c([nH]c%10ccccc9%10)[C@@H]8C[C@H]67,8.87
306,CHEMBL179237,CCOCCOCCOc1ccc2C3=NO[C@@H](CN4CCN(C\C(=C\c5ccccc5)\C)CC4)[C@@H]3COc2c1,8.89
307,CHEMBL369378,C\C(=C/c1ccccc1)\CN2CCN(C[C@@H]3ON=C4[C@H]3COc5cc(OC6CCCC6)ccc45)CC2,8.89
308,CHEMBL165529,C1C[C@]2(CN=CN2)C[C@@H]3Cc4ccccc4C[C@@H]13,8.9
309,CHEMBL539606,Cl.Cl.O[C@H]1CC[C@H]2CN3CCc4c([nH]c5ccccc45)[C@@H]3C[C@@H]2[C@H]1C(=O)NCCCCCCCCCNC(=O)[C@H]6[C@@H](O)CC[C@H]7CN8CCc9c([nH]c%10ccccc9%10)[C@@H]8C[C@H]67,8.9
310,CHEMBL298936,Cc1c(NC2=NCCN2)ccc3OCCNc13,8.92
311,CHEMBL162147,CC1=C(CCN2CCc3oc4ccccc4c3C2)C(=O)N5C=C(C=C(Cl)C5=N1)C(F)(F)F,8.93
312,CHEMBL551711,Cl.Cl.O[C@H]1CC[C@H]2CN3CCc4c([nH]c5ccccc45)[C@@H]3C[C@@H]2[C@H]1C(=O)NCCCCCCCCCCCCNC(=O)[C@H]6[C@@H](O)CC[C@H]7CN8CCc9c([nH]c%10ccccc9%10)[C@@H]8C[C@H]67,8.93
313,CHEMBL263424,COc1cc2OC[C@H]3[C@H](CN4CCN(C\C(=C\c5cccc(F)c5)\C)CC4)ON=C3c2cc1OC,8.96
314,CHEMBL101596,COc1cc2OC[C@H]3[C@H](CN4CCN(C\C(=C\c5ccsc5)\C)CC4)ON=C3c2cc1OC,8.96
315,CHEMBL1255770,CC1(C)[C@@H]2c3ccccc3C[C@]12c4c[nH]cn4,8.97
316,CHEMBL3335523,CCNC(=O)[C@H]1O[C@H]([C@H](O)[C@@H]1O)n2cnc3c(N)nc(NCCc4ccc(CCC(=O)Nc5ccc(OC(=O)C)c(c5)[N+](=O)[O-])cc4)nc23,8.99
317,dihydroergotamine,CN1C[C@@H](C[C@H]2[C@H]1Cc3c[nH]c4cccc2c34)C(=O)N[C@]5(C)O[C@@]6(O)[C@@H]7CCCN7C(=O)[C@H](Cc8ccccc8)N6C5=O,8.99
318,CHEMBL1627,CNC(=O)C(CCN1CCC(O)(CC1)c2ccc(Cl)cc2)(c3ccccc3)c4ccccc4,9.0
319,CHEMBL99868,COc1cc2OC[C@H]3[C@H](CN4CCN(C\C(=C\c5ccccc5OC)\C)CC4)ON=C3c2cc1OC,9.0
320,CHEMBL425324,C\C(=C/c1ccccc1)\CN2CCN(C[C@@H]3ON=C4[C@H]3COc5cc(OC(=O)c6ccncc6)ccc45)CC2,9.0
321,CHEMBL90943,C(\C=C\c1ccccc1)N2CCN(CC3ON=C4C3COc5ccccc45)CC2,9.05
322,CHEMBL2112978,C(\C=C\c1ccccc1)N2CCN(C[C@@H]3ON=C4[C@H]3COc5ccccc45)CC2,9.05
323,CHEMBL164612,CC1=C(CCN2CCc3oc4c(Cl)cccc4c3C2)C(=O)N5C=CC=CC5=N1,9.05
324,CHEMBL175911,C\C(=C/c1ccccc1)\CN2CCN(C[C@@H]3ON=C4[C@H]3COc5cc(OC(=O)C6CC6)ccc45)CC2,9.05
325,CHEMBL180322,C\C(=C/c1ccccc1)\CN2CCN(C[C@@H]3ON=C4[C@H]3COc5cc(OC(=O)C=C)ccc45)CC2,9.05
326,CHEMBL543232,Cl.Cl.O[C@H]1CC[C@H]2CN3CCc4c([nH]c5ccccc45)[C@@H]3C[C@@H]2[C@H]1C(=O)NCCCCCCCNC(=O)[C@H]6[C@@H](O)CC[C@H]7CN8CCc9c([nH]c%10ccccc9%10)[C@@H]8C[C@H]67,9.06
327,CHEMBL1255616,CCC[C@H]1c2ccccc2[C@H]3C[C@@]13c4c[nH]cn4,9.07
328,CHEMBL605081,CN1CCc2c(C1)c3cc(C)ccc3n2CCc4ccc(C)cc4,9.09
329,CHEMBL93171,COc1cc2OCC3C(CN4CCN(C\C(=C\c5ccccc5)\C)CC4)ON=C3c2cc1OC,9.1
330,CHEMBL422597,COc1ccc2OCC3C(CN4CCN(C\C=C\c5ccccc5)CC4)ON=C3c2c1,9.1
331,CHEMBL538808,Cl.Cl.O[C@H]1CC[C@H]2CN3CCc4c([nH]c5ccccc45)[C@@H]3C[C@@H]2[C@H]1C(=O)NCCCCCCCCNC(=O)[C@H]6[C@@H](O)CC[C@H]7CN8CCc9c([nH]c%10ccccc9%10)[C@@H]8C[C@H]67,9.12
332,CHEMBL162826,CC1=C(CCN2CCc3oc4ccccc4c3C2)C(=O)N5C=CC=C(O)C5=N1,9.16
333,CHEMBL175853,COCC(=O)Oc1ccc2C3=NO[C@@H](CN4CCN(C\C(=C\c5ccccc5)\C)CC4)[C@@H]3COc2c1,9.16
334,CHEMBL351200,CC1=CC=CN2C(=O)C(=C(C)N=C12)CCN3CCc4oc5ccccc5c4C3,9.22
335,CHEMBL163247,CC1=C(CCN2CCc3oc4ccccc4c3C2)C(=O)N5C=C(Cl)C=C(Cl)C5=N1,9.23
336,CHEMBL162501,CC1=C(CCN2CCc3oc4ccccc4c3C2)C(=O)N5C=CC=CC5=N1,9.26
337,CHEMBL1256610,CC[C@H]1c2ccccc2[C@H]3C[C@@]13c4c[nH]cn4,9.29
338,CHEMBL513389,CC(C)NC(C)C(O)COc1ccc(C)c2CCCc12,9.3
339,CHEMBL319530,COc1cc2OC[C@H]3[C@H](CN4CCN(C\C=C(/C)\c5occc5)CC4)ON=C3c2cc1OC,9.3
340,CHEMBL90247,COc1ccc2C3=NOC(CN4CCN(C\C=C\c5ccccc5)CC4)C3COc2c1,9.3
341,CHEMBL176002,COc1ccc2C3=NO[C@@H](CN4CCN(C\C(=C\c5ccccc5)\C)CC4)[C@@H]3COc2c1,9.3
342,CHEMBL165796,CC1=CC2=NC(=C(CCN3CCc4oc5ccccc5c4C3)C(=O)N2C=C1)C,9.35
343,CHEMBL1255771,C[C@]12C[C@]1(Cc3ccccc23)c4c[nH]cn4,9.35
344,CHEMBL1255724,CCC[C@H]1[C@@H]2c3ccccc3C[C@]12c4c[nH]cn4,9.39
345,CHEMBL176116,C\C(=C/c1ccccc1)\CN2CCN(C[C@@H]3ON=C4[C@H]3COc5cc(OC(=O)C)ccc45)CC2,9.4
346,CHEMBL554019,Cl.Cl.O[C@H]1CC[C@H]2CN3CCc4c([nH]c5ccccc45)[C@@H]3C[C@@H]2[C@H]1C(=O)NCCCCCCCCCCNC(=O)[C@H]6[C@@H](O)CC[C@H]7CN8CCc9c([nH]c%10ccccc9%10)[C@@H]8C[C@H]67,9.41
347,CHEMBL10332,COC1(COc2ccccc2O1)C3=NCCN3,9.44
348,CHEMBL165350,CC1=C(CCN2CCc3oc4ccccc4c3C2)C(=O)N5C=C(Br)C=CC5=N1,9.45
349,CHEMBL162370,CC1=CN2C(=O)C(=C(C)N=C2C=C1)CCN3CCc4oc5ccccc5c4C3,9.46
350,CHEMBL162232,CC1=CC2=NC(=C(CCN3CCc4oc5ccccc5c4C3)C(=O)N2C(=C1)C)C,9.47
351,lisuride,[H][C@@]12CC3=CNC4=CC=CC(=C34)C1=C[C@@H](CN2C)NC(=O)N(CC)CC,9.51
352,CHEMBL319119,COc1cc2OC[C@H]3[C@H](CN4CCN(C\C(=C\c5cc(F)ccc5F)\C)CC4)ON=C3c2cc1OC,9.52
353,CHEMBL100879,COc1cc2OC[C@H]3[C@H](CN4CCN(C\C=C(/C)\c5cccs5)CC4)ON=C3c2cc1OC,9.52
354,CHEMBL162490,COC1=CC=CN2C(=O)C(=C(C)N=C12)CCN3CCc4oc5ccccc5c4C3,9.53
355,CHEMBL163190,CC1=CC=CC2=NC(=C(CCN3CCc4oc5ccccc5c4C3)C(=O)N12)C,9.54
356,CHEMBL162682,CC1=C(CCN2CCc3oc4ccccc4c3C2)C(=O)N5C=C(I)C=CC5=N1,9.62
357,CHEMBL605405,CN1CCc2c(C1)c3cc(C)ccc3n2\C=C/c4ccccc4,9.62
358,CHEMBL1256609,C[C@H]1c2ccccc2[C@H]3C[C@@]13c4c[nH]cn4,9.66
359,CHEMBL351483,CC1=C(CCN2CCc3oc4ccccc4c3C2)C(=O)N5C=C(Cl)C=CC5=N1,9.67
360,CHEMBL180470,C\C(=C/c1ccccc1)\CN2CCN(C[C@@H]3ON=C4[C@H]3COc5cc(O)ccc45)CC2,9.7
361,CHEMBL1256378,C[C@H]1[C@@H]2c3ccccc3C[C@]12c4c[nH]cn4,9.76
362,CHEMBL1255723,CC[C@H]1[C@@H]2c3ccccc3C[C@]12c4c[nH]cn4,9.86
363,CHEMBL176261,CN(C)CCOc1ccc2C3=NO[C@@H](CN4CCN(C\C(=C\c5ccccc5)\C)CC4)[C@@H]3COc2c1,10.0
364,CHEMBL435352,COCCOc1ccc2C3=NO[C@@H](CN4CCN(C\C(=C\c5ccccc5)\C)CC4)[C@@H]3COc2c1,10.0
365,CHEMBL1256414,C1[C@@H]2c3ccccc3C[C@]12c4c[nH]cn4,10.1
1,CHEMBL134,Clc1cccc(Cl)c1NC2=NCCN2,8.42
7,CHEMBL611,COc1cc2nc(nc(N)c2cc1OC)N3CCN(CC3)C(=O)C4CCCO4,5.82
9,CHEMBL647,Nc1cc(Cl)c(N=C2NCCN2)c(Cl)c1,8.54
15,CHEMBL30534,c1cc(c2c[nH]cn2)c3ccsc3c1,6.56
17,CHEMBL30955,C1Cc2ccsc2C(=C1)c3c[nH]cn3,6.65
18,CHEMBL286246,C1Cc2sccc2C(=C1)c3c[nH]cn3,6.6
44,CHEMBL436234,Fc1ccc2CCC(=Cc2c1)CC3CN=CN3,6.8
60,CHEMBL15245,COC(=O)[C@H]1[C@@H](O)CC[C@H]2CN3CCc4c([nH]c5ccccc45)[C@@H]3C[C@H]12,9.38
62,CHEMBL707,COc1cc2nc(nc(N)c2cc1OC)N3CCN(CC3)C(=O)C4COc5ccccc5O4,6.14
63,CHEMBL315392,CN(C)C(=O)C1=C(C)NC(=C(C1c2ccc(cc2)[N+](=O)[O-])C(=O)NCCCN3CCC(CC3)(c4ccccc4)c5ccccc5)C,6.02
64,CHEMBL88448,CO\C(=C/1\C(C(=C(C)N=C1C)C(=O)N(C)CCCN2CCC(CC2)(c3ccccc3)c4ccccc4)c5ccc(cc5)[N+](=O)[O-])\O,6.17
65,CHEMBL279516,O=C(NC1CCN(CCc2c[nH]c3ccccc23)CC1)c4ccccc4,5.65
66,CHEMBL314960,CO\C(=C/1\C(C(=C(C)N=C1C)C(=O)NCCCN2CCC(CC2)(c3ccccc3)c4ccccc4)c5ccc(Cl)cc5)\O,5.67
67,CHEMBL327931,CO\C(=C/1\C(C(=C(C)N=C1C)C(=O)NCCCN2CCC(CC2)c3ccccc3)c4ccc(Cl)c(c4)[N+](=O)[O-])\O,6.96
68,CHEMBL315538,CO\C(=C/1\C(C(=C(C)N=C1C)C(=O)NCCCN2CCC(CC2)(c3ccccc3)c4ccccc4)c5ccc(OC)cc5)\O,5.66
69,CHEMBL91956,CO\C(=C/1\C(C(=C(C)N=C1C)C(=O)NCCN2CCC(CC2)(c3ccccc3)c4ccccc4)c5ccc(cc5)[N+](=O)[O-])\O,6.35
70,CHEMBL313160,CO\C(=C/1\C(C(=C(C)N=C1C)C(=O)NCCCN2CCC(CC2)(c3ccccc3)c4ccccc4)c5ccc(c(OC)c5)[N+](=O)[O-])\O,6.2
71,CHEMBL420060,COc1ccccc1N2CCN(CCCNC3=C(C)C(=O)N(C)C(=O)N3C)CC2,6.21
72,CHEMBL89243,CO\C(=C/1\C(C(=C(C)N=C1C)C(=O)NCCCN2CCC(CC2)(c3ccccc3)c4ccccc4)c5ccc(cc5)C#N)\O,6.12
73,CHEMBL92322,CO\C(=C/1\C(C(=C(C)N=C1C)C(=O)NCCCN2CCC(CC2)(c3ccccc3)c4ccccc4)c5ccc6ccccc6c5)\O,5.8
74,CHEMBL448620,COC(=O)C1=C(C)NC(=C(C1c2ccc(cc2)[N+](=O)[O-])C(=O)NCCCN3CCC(CC3)(c4ccccc4)c5ccccc5)C,5.92
75,CHEMBL327775,CC1=C(C#N)C(C(=C(C)N1)C(=O)NCCCN2CCC(CC2)(c3ccccc3)c4ccccc4)c5ccc(cc5)[N+](=O)[O-],6.2
76,CHEMBL88628,CNC(=O)C1=C(C)NC(=C(C1c2ccc3OCOc3c2)C(=O)NCCCN4CCC(CC4)(c5ccccc5)c6ccccc6)C,5.68
78,CHEMBL597,Cc1ccc(cc1)N(CC2=NCCN2)c3cccc(O)c3,8.59
79,CHEMBL313251,CC1=C(C(C(=C(C)N1)C(=O)NCCCN2CCC(CC2)(c3ccccc3)c4ccccc4)c5ccc6OCOc6c5)C(=O)O,5.93
80,CHEMBL114166,CN1CCc2c(Cl)ccc(OCC=C(C)C)c2CC1,6.94
82,CHEMBL327712,CO\C(=C/1\C(C(=C(C)N=C1C)C(=O)NCCCN2CCC(CC2)(c3ccccc3)c4ccccc4)c5ccc(Cl)c(Cl)c5)\O,6.04
83,CHEMBL91415,CO\C(=C/1\C(C(=C(C)N=C1C)C(=O)NCCCN2CCC(CC2)(c3ccccc3)c4ccccc4)c5ccc6OCOc6c5)\O,5.95
84,CHEMBL2,COc1cc2nc(nc(N)c2cc1OC)N3CCN(CC3)C(=O)c4occc4,5.67
85,CHEMBL91022,CO\C(=C/1\C(C(=C(C)N=C1C)C(=O)NCCCN2CCC(CC2)c3ccccc3)c4ccc(cc4)[N+](=O)[O-])\O,6.56
86,CHEMBL284103,CNC(=O)C1=C(C)NC(=C(C1c2ccc(cc2)[N+](=O)[O-])C(=O)NCCCN3CCC(CC3)(c4ccccc4)c5ccccc5)C,6.4
87,CHEMBL313953,CC(C)C1=C(C(C(=C(N1)C(C)C)C(=O)NCCCN2CCC(CC2)(c3ccccc3)c4ccccc4)c5ccc(cc5)[N+](=O)[O-])C(=O)N,6.17
88,CHEMBL88388,CC(=O)C1=C(C)NC(=C(C1c2ccc3OCOc3c2)C(=O)NCCCN4CCC(CC4)(c5ccccc5)c6ccccc6)C,6.02
89,CHEMBL279436,CC1=C(C(C(=C(C)N1)C(=O)NCCCN2CCC(CC2)(c3ccccc3)c4ccccc4)c5ccc(cc5)[N+](=O)[O-])C(=O)N,6.82
90,CHEMBL315914,CO\C(=C/1\C(C(=C(C)N=C1C)C(=O)NCCCN2CCC(CC2)(c3ccccc3)c4ccccc4)c5ccc(C)cc5)\O,5.89
92,CHEMBL312871,CC1=C(C(C(=C(C)N1)C(=O)NCCCN2CCC(CC2)(c3ccccc3)c4ccccc4)c5ccc6OCOc6c5)C(=O)N,6.3
95,CHEMBL91550,CCC1=C(C(C(=C(CC)N1)C(=O)NCCCN2CCC(CC2)(c3ccccc3)c4ccccc4)c5ccc(cc5)[N+](=O)[O-])C(=O)N,6.45
97,CHEMBL89685,CC(=O)C1=C(C)NC(=C(C1c2ccc(cc2)[N+](=O)[O-])C(=O)NCCCN3CCC(CC3)(c4ccccc4)c5ccccc5)C,6.22
98,CHEMBL284470,CO\C(=C/1\C(C(=C(C)N=C1C)C(=O)NCCCCN2CCC(CC2)(c3ccccc3)c4ccccc4)c5ccc(cc5)[N+](=O)[O-])\O,6.19
99,CHEMBL81485,CNCC1CC2N(O1)c3ccccc3Cc4ccccc24,6.36
100,CHEMBL83658,CN(C)CC1CC2N(O1)c3ccccc3Cc4ccccc24,6.43
102,CHEMBL6437,CN1CCN2C(C1)c3ccccc3Cc4ccccc24,7.68
103,CHEMBL1076,COc1ccc(OC)c(c1)C(O)CN,5.84
104,CHEMBL111496,CCS(=O)(=O)Nc1cccc2C(CCCc12)c3c[nH]cn3,6.88
105,CHEMBL109848,CC(=O)Nc1cccc2C(CCCc12)c3c[nH]cn3,6.26
106,CHEMBL61006,CC(N)C(O)c1ccccc1,6.56
108,CHEMBL111554,CS(=O)(=O)Nc1cccc2C(CCCc12)c3c[nH]cn3,6.98
111,CHEMBL326702,CCS(=O)(=O)Nc1cccc(Cc2c[nH]cn2)c1,6.77
115,CHEMBL110751,FC(F)(F)C(=O)Nc1cccc2C(CCCc12)c3c[nH]cn3,6.51
118,CHEMBL321644,FC(F)(F)CS(=O)(=O)Nc1cccc2C(CCCc12)c3c[nH]cn3,6.02
119,CHEMBL294649,Cn1cc(C(=O)C(=O)N[C@H]2CN3CCC2CC3)c4ccccc14,5.1
122,CHEMBL298612,Cn1cc(C(=O)C(=O)N[C@@H]2CN3CCC2CC3)c4ccccc14,4.5
127,CHEMBL3392246,COC(=O)C1=C(C)NC(=C(C1c2ccc(cc2)[N+](=O)[O-])C(=O)OCCCN3CCC(CC3)(c4ccccc4)c5ccccc5)C,5.99
128,CHEMBL405355,COC(=O)C1=C(C)NC(=C([C@H]1c2cccc(c2)[N+](=O)[O-])C(=O)OCCCN3CCC(CC3)(c4ccccc4)c5ccccc5)C,6.19
130,CHEMBL122404,COC(=O)C1=CO[C@@H](C)[C@@H]2CN3CCc4c([nH]c5ccccc45)[C@H]3C[C@H]12,6.98
131,CHEMBL3392247,COC(=O)C1=C(C)NC(=C(C1c2cccc(c2)[N+](=O)[O-])C(=O)NCCCN3CCC(CC3)(c4ccccc4)c5ccccc5)C,5.81
136,CHEMBL31410,COC(=O)[C@@H]1[C@@H](O)CC[C@H]2CN3CCc4c([nH]c5ccccc45)[C@@H]3C[C@H]12,5.91
138,CHEMBL71479,Cc1ccc(c(NCC2=NCCN2)c1)S(=O)(=O)C,5.41
141,CHEMBL70740,O=S1(=O)CCCc2cccc(NCC3=NCCN3)c12,6.1
144,CHEMBL74114,CS(=O)(=O)c1cccc(F)c1NCC2=NCCN2,6.06
147,CHEMBL544290,Cl.CS(=O)(=O)c1ccccc1NCC2=NCCN2,5.25
150,CHEMBL70692,CSc1c(F)cccc1NCC2=NCCN2,6.78
160,CHEMBL74467,CS(=O)(=O)c1ccc(F)cc1NCC2=NCCN2,5.35
163,CHEMBL70973,CCS(=O)(=O)c1ccccc1NCC2=NCCN2,5.88
178,CHEMBL70691,COc1ccc(SC)c(NCC2=NCCN2)c1,6.66
185,CHEMBL315772,CN(C)CC1CC2N(O1)c3cc(Cl)ccc3Cc4ccccc24,6.32
186,CHEMBL72724,CSc1ccc(cc1NCC2=NCCN2)C(F)(F)F,6.7
189,CHEMBL71001,COc1ccc(c(NCC2=NCCN2)c1)S(=O)(=O)C,5.44
199,CHEMBL74071,CC(C)S(=O)(=O)c1ccccc1NCC2=NCCN2,5.53
201,CHEMBL70563,CS(=O)(=O)c1cc(Cl)ccc1NCC2=NCCN2,5.3
213,CHEMBL542402,Cl.C[S+]([O-])c1ccccc1NCC2=NCCN2,6.01
216,CHEMBL762,Cc1cc(c(O)c(C)c1CC2=NCCN2)C(C)(C)C,7.79
219,CHEMBL70326,CS(=O)(=O)c1cc(F)ccc1NCC2=NCCN2,6.4
223,CHEMBL179334,CO\C(=C/1\[C@@H](C(=C(C)N=C1C)C(=O)NCCCN2CCC(CC2)(c3ccccc3)c4ccccc4)c5ccc(cc5)[N+](=O)[O-])\O,5.89
225,CHEMBL2051956,COC(=O)C1=C(C)NC(=C([C@@H]1c2cccc(c2)[N+](=O)[O-])C(=O)OCCCN3CCC(CC3)(c4ccccc4)c5ccccc5)C,6.05
229,CHEMBL290860,CO\C(=C/1\C(C(=C(C)N=C1C)C(=O)OCCCN2CCC(CC2)(c3ccccc3)c4ccccc4)c5ccc(cc5)[N+](=O)[O-])\O,6.1
259,CHEMBL133455,C[C@H](N)Cc1c[nH]c2ccc3OCCCc3c12,4.72
266,CHEMBL6310,COc1ccc2c3CCNCc3[nH]c2c1,5.86
268,CHEMBL269538,COc1ccc2c(c1)[nH]c3c(C)nccc23,5.6
272,CHEMBL19236,COc1nc(C)nc(Cl)c1NC2=NCCN2,6.82
273,CHEMBL1437,NC[C@H](O)c1ccc(O)c(O)c1,7.18
276,CHEMBL316495,CCCC1=C(C(C(=C(CC)N1)C(=O)NCC)c2ccc(cc2)[N+](=O)[O-])C(=O)NCCCN3CCC(CC3)(c4ccccc4)c5ccccc5,6.02
277,CHEMBL320736,CCC1=C(C(C(=C(COCC(F)(F)F)N1)C(=O)NCCCN2CCC(CC2)(c3ccccc3)c4ccccc4)c5ccc(cc5)[N+](=O)[O-])C(=O)N,5.64
279,CHEMBL95578,CCC1=C(C(C(=C(COCCCN)N1)C(=O)NCCCN2CCC(CC2)(c3ccccc3)c4ccccc4)c5ccc(cc5)[N+](=O)[O-])C(=O)N,6.09
281,CHEMBL180561,CC1=C(C(C(=C(C)N1)C(=O)NCCCCN2CCC(CC2)(c3ccccc3)c4ccccc4)c5ccc(cc5)[N+](=O)[O-])C(=O)N,6.43
284,CHEMBL98063,CCC1=C(C(C(=C(COCCN=[N+]=[N-])N1)C(=O)NCCCN2CCC(CC2)(c3ccccc3)c4ccccc4)c5ccc(cc5)[N+](=O)[O-])C(=O)N,6.33
286,CHEMBL323579,CCC1=C(C(C(=C(COCCN)N1)C(=O)NCCCN2CCC(CC2)(c3ccccc3)c4ccccc4)c5ccc(cc5)[N+](=O)[O-])C(=O)N,6.4
287,CHEMBL100045,CCC1=C(C(C(=C(COC)N1)C(=O)NCCCN2CCC(CC2)(c3ccccc3)c4ccccc4)c5ccc(cc5)[N+](=O)[O-])C(=O)N,6.24
295,CHEMBL95290,CCNC(=O)C1=C(CC)NC(=C(C1c2ccc(cc2)[N+](=O)[O-])C(=O)NCCCN3CCC(CC3)(c4ccccc4)c5ccccc5)COCCN,5.77
296,CHEMBL101340,FC(F)(F)c1ccc(Cl)c(NC2=NCCN2)c1,5.81
299,CHEMBL1788223,COc1ccccc1N2CCN(C[C@H]3CN=C4N3C(=Nc5ccccc45)SC)CC2,6.06
300,CHEMBL1788222,COc1ccccc1N2CCN(C[C@H]3CN=C4N3C(=O)Nc5ccccc45)CC2,6.35
301,CHEMBL302021,COc1ccccc1N2CCN(CC3CN4C(=O)Nc5ccccc5C4=N3)CC2,6.26
304,CHEMBL51433,COc1ccccc1N2CCN(CCN3C(=O)Nc4ccccc4C3=O)CC2,5.74
305,CHEMBL2092927,COc1ccccc1N2CCN(C[C@@H]3CN=C4N3C(=Nc5ccccc45)SC)CC2,5.52
308,CHEMBL138809,COC1OC2(CCN(Cc3ccccc3)CC2)c4ccccc14,5.21
313,CHEMBL138458,COC1Cc2ccccc2C3(CCN(CCCc4ccccc4)CC3)O1,5.51
314,CHEMBL141209,COC1Cc2ccccc2C3(CCN(Cc4ccccc4)CC3)O1,5.52
335,CHEMBL308863,COc1ccc(Nc2ncc[nH]2)c(C)c1OC,6.89
342,CHEMBL844,Brc1c(NC2=NCCN2)ccc3nccnc13,8.57
349,CHEMBL91297,COc1cc2OCC3C(CN4CCN(Cc5cccc6ccccc56)CC4)ON=C3c2cc1OC,6.63
361,CHEMBL92496,COc1cc2OCC3C(CN4CCN(CCc5ccccc5)CC4)ON=C3c2cc1OC,6.63
364,CHEMBL90966,COc1cc2OCC3C(CN4CCN(Cc5ccc6ncccc6c5)CC4)ON=C3c2cc1OC,6.93
368,CHEMBL76457,Brc1ccccc1Nc2ncc[nH]2,6.68
371,CHEMBL1019,Brc1c(Nc2ncc[nH]2)ccc3nccnc13,6.29
390,CHEMBL654,CN1CCN2C(C1)c3ccccc3Cc4cccnc24,7.07
391,CHEMBL90843,COc1cc2OCC3C(CN4CCN(Cc5ccccc5)CC4)ON=C3c2cc1OC,6.73
395,CHEMBL74449,N(c1ccc2nccnc2c1)c3ncc[nH]3,5.51
399,CHEMBL147077,CNC(=O)C1=C(C)NC(=C(C1c2ccc(cc2)[N+](=O)[O-])C(=O)NCCCN3CCC(CC3)(C(=O)OC)c4ccccc4)C,6.12
400,CHEMBL288772,CN1C(=O)C[C@@H](C(=C1C)C(=O)NCCCN2CCC(CC2)c3ccc(F)cc3C#N)c4ccc(F)c(F)c4,5.35
401,CHEMBL42335,CC1=C([C@H](CC(=O)N1)c2ccc(F)c(F)c2)C(=O)NCCCN3CCC(CC3)(C#N)c4ccc(F)cc4C#N,5.11
402,CHEMBL295395,CN1C(=O)C[C@@H](C(=C1C)C(=O)NCCCN2CCC(CC2)(C#N)c3ccc(F)cc3F)c4ccc(F)c(F)c4,5.47
403,CHEMBL291166,CN1C(=O)C[C@@H](C(=C1C)C(=O)NCCCN2CCC(CC2)(C#N)c3ccc(F)cc3)c4ccc(F)c(F)c4,5.73
404,CHEMBL43491,CC1=C([C@H](CC(=O)N1)c2ccc(F)c(F)c2)C(=O)NCCCN3CCC(CC3)c4ccc(F)cc4C#N,5.89
405,CHEMBL43594,CN1C(=O)C[C@@H](C(=C1C)C(=O)NCCCN2CCC(CC2)(C#N)c3ccc(F)cc3C#N)c4ccc(F)c(F)c4,4.87
406,CHEMBL43860,CC1=C([C@H](CC(=O)N1)c2ccc(F)c(F)c2)C(=O)NCCCN3CCC(CC3)c4ccc(F)cc4,6.64
407,CHEMBL295001,CC1=C([C@H](CC(=O)N1)c2ccc(F)c(F)c2)C(=O)NCCCN3CCC(CC3)(C#N)c4ccc(F)cc4F,5.71
408,CHEMBL84931,CN(C)CC1CC2N(O1)c3cc(F)ccc3Cc4ccccc24,6.3
413,CHEMBL544765,Cl.C(c1c[nH]cn1)c2cccc3ccccc23,5.52
414,CHEMBL306751,CC(c1c[nH]cn1)c2cccc3ccccc23,4.91
420,CHEMBL542155,Cl.OC(c1c[nH]cn1)c2cccc3ccccc23,4.21
421,CHEMBL77921,CC(c1c[nH]cn1)c2cccc(C)c2C,5.47
425,CHEMBL72995,CC1CN=C(Nc2ccc3nccnc3c2Br)N1,5.42
437,CHEMBL74342,Brc1c(NC2=N[C@@H]3CCCC[C@@H]3N2)ccc4nccnc14,4.83
440,CHEMBL73164,Brc1c(NC2=NCCO2)ccc3nccnc13,4.58
443,CHEMBL49395,C1CN=C(Nc2ccc3nccnc3c2)N1,6.51
449,CHEMBL73392,Brc1c(NC2=NCCS2)ccc3nccnc13,4.99
459,CHEMBL75201,C1CN(CCO1)C2=NCCO2,4.78
470,CHEMBL346389,Clc1ccc(cc1)N2CCN(Cc3ccc4NC(=O)COc4c3)CC2,5.96
513,CHEMBL181184,CN(C)c1nc(NC2CCC(CC2)NC(=O)c3ccc(Br)cc3OC(F)(F)F)nc4ccccc14,6.41
517,CHEMBL178084,CN(C)c1nc(NC2CCC(CC2)NCc3ccc(Br)cc3OC(F)(F)F)nc4ccccc14,6.77
518,CHEMBL180962,CN(C)c1nc(N[C@@H]2CC[C@@H](CC2)NC(=O)c3cccc(C)c3)nc4ccccc14,6.96
522,CHEMBL360876,CN(C)c1nc(NC2CCN(Cc3ccc(Br)cc3OC(F)(F)F)CC2)nc4ccccc14,6.28
524,CHEMBL362193,CN(C)c1nc(N[C@@H]2CC[C@@H](CC2)NC(=O)c3cccc(F)c3)nc4ccccc14,6.89
525,CHEMBL181099,CN(C)c1nc(N[C@@H]2CC[C@@H](CC2)NC(=O)c3cccc(c3)C#N)nc4ccccc14,6.82
526,CHEMBL181393,CN(C)c1nc(NC2CCC(CNC(=O)c3ccc(Br)cc3OC(F)(F)F)CC2)nc4ccccc14,6.24
528,CHEMBL181466,CN(C)c1nc(NC2CCC(CNCc3ccc(Br)cc3OC(F)(F)F)CC2)nc4ccccc14,6.44
529,CHEMBL181217,CN(C)c1nc(N[C@@H]2CC[C@H](CNS(=O)(=O)c3ccc(Br)cc3OC(F)(F)F)CC2)nc4ccccc14,6.89
530,CHEMBL361442,CN(C)c1nc(N[C@@H]2CC[C@@H](CC2)NC(=O)c3ccc(F)cc3)nc4ccccc14,6.82
533,CHEMBL360671,CN(C)c1nc(NC2CCN(CC2)S(=O)(=O)c3ccc(Br)cc3OC(F)(F)F)nc4ccccc14,6.77
534,CHEMBL182150,CN(C)c1nc(N[C@@H]2CC[C@@H](CC2)NC(=O)c3ccc(F)c(F)c3)nc4ccccc14,6.59
536,CHEMBL360159,CN(C)c1nc(N[C@@H]2CC[C@@H](CC2)NC(=O)c3ccc(F)c(F)c3F)nc4ccccc14,6.7
538,CHEMBL287837,Clc1ccc2CCNCc2c1Cl,5.19
539,CHEMBL26717,NS(=O)(=O)c1ccc2CCNCc2c1,5.47
540,CHEMBL281289,[O-][N+](=O)c1ccc2CCNCc2c1,5.5
541,CHEMBL59719,CC1Cc2ccc(cc2CN1)[N+](=O)[O-],5.32
542,CHEMBL59441,OCC1Cc2ccc(cc2CN1)[N+](=O)[O-],5.41
543,CHEMBL97282,[O-][N+](=O)c1ccc2CC(CF)NCc2c1,5.5
544,CHEMBL182376,[O-][N+](=O)c1ccc2CC(NCc2c1)C(F)F,5.44
545,CHEMBL112351,[O-][N+](=O)c1ccc2CC(NCc2c1)C(F)(F)F,5.47
546,CHEMBL112964,FC(F)(F)C1Cc2ccc(Br)cc2CN1,5.36
550,CHEMBL425012,FC(F)(F)Oc1cc(Br)ccc1S(=O)(=O)NCC2CCC(CNc3ncc4ccccc4n3)CC2,6.85
556,CHEMBL194602,CN(C)c1nc(NC2CCC(CNS(=O)(=O)c3ccc(Br)cc3OC(F)(F)F)CC2)nc4ccccc14,6.96
560,CHEMBL195810,FC(F)(F)Oc1cc(Br)ccc1S(=O)(=O)NCC2CCC(CC2)Nc3ncc4ccccc4n3,6.89
564,CHEMBL366164,CN(C)C[C@H]1C[C@H]2[C@H](O1)c3cc(F)ccc3Sc4ccccc24,6.81
565,CHEMBL329566,CN(C)C[C@H]1C[C@H]2[C@H](O1)c3ccccc3Cc4ccccc24,6.9
566,CHEMBL42,CN1CCN(CC1)C2=Nc3cc(Cl)ccc3Nc4ccccc24,7.62
567,CHEMBL715,CN1CCN(CC1)C2=Nc3ccccc3Nc4sc(C)cc24,6.72
568,CHEMBL85,CC1=C(CCN2CCC(CC2)c3noc4cc(F)ccc34)C(=O)N5CCCCC5=N1,8.0
571,CHEMBL195706,CN(C)C[C@@H]1CC2[C@H](O1)c3cc(F)ccc3Oc4ccccc24,6.6
572,CHEMBL194659,CN(C)C[C@H]1CC2[C@H](O1)c3cc(F)ccc3Oc4ccccc24,6.57
573,CHEMBL364270,CN(C)C[C@@H]1CC2[C@H](O1)c3cc(Cl)ccc3Oc4ccccc24,6.52
576,CHEMBL193435,CN(C)C[C@H]1CC2[C@H](O1)c3cc(Br)ccc3Oc4ccccc24,6.39
585,CHEMBL194323,COc1cccc(c1)N(NC2=NCCO2)c3ccc(C)cc3,8.38
588,CHEMBL199824,[11CH3]Oc1ccc2cccc(N3CCN(CCCCN4N=CC(=O)N(C)C4=O)CC3)c2c1,6.0
589,CHEMBL371300,C[C@H](N)Cn1ncc2ccc(O)cc12,5.64
594,CHEMBL426317,COc1cccc(c1)N2CCN(CCCCN3N=CC(=O)N(C)C3=O)CC2,6.6
595,CHEMBL150161,OC1(CCN(CCCC(=O)c2ccc(F)cc2)C1)c3ccc(Cl)cc3,5.65
596,CHEMBL210578,OC1(CC2CCC(C1)N2CCCC(=O)c3ccc(F)cc3)c4ccc(Cl)cc4,5.55
598,CHEMBL212912,CN1CCN(CC1)C2=Nc3cc(Cl)ccc3N(NC(=O)c4ccccc4Cl)c5ccccc25,6.34
599,CHEMBL213834,CN1CCN(CC1)C2=Nc3cc(Cl)ccc3N(NC(=O)c4cccc5ccccc45)c6ccccc26,6.06
600,CHEMBL213424,CN1CCN(CC1)C2=Nc3cc(Cl)ccc3N(NC(=O)c4c(C)cccc4N)c5ccccc25,6.34
601,CHEMBL213336,CN1CCN(CC1)C2=Nc3cc(Cl)ccc3N(NC(=O)c4c(C)cccc4C)c5ccccc25,6.1
602,CHEMBL378669,CN1CCN(CC1)C2=Nc3cc(Cl)ccc3N(NC(=O)c4c(N)cccc4Cl)c5ccccc25,6.49
603,CHEMBL213492,CN1CCN(CC1)C2=Nc3cc(Cl)ccc3N(NC(=O)c4c(F)cccc4C(F)(F)F)c5ccccc25,5.7
604,CHEMBL425069,COc1cccc(OC)c1C(=O)NN2c3ccc(Cl)cc3N=C(N4CCN(C)CC4)c5ccccc25,6.77
605,CHEMBL106525,CN1CCN(CC1)c2ccc(Nc3c4ccccc4nc5ccccc35)cc2,5.5
606,CHEMBL217366,CCN1CCN(CC1)c2ccc(Nc3c4ccccc4nc5ccccc35)cc2,5.44
607,CHEMBL217768,CCc1c(C)nc2CCCCc2c1Nc3ccc(cc3)N4CCN(C)C(C)C4,6.2
608,CHEMBL217180,CN1CCN(CC1)c2ccc(Nc3c(C)cncc3C)cc2,5.44
609,CHEMBL216399,CN1CCN(CC1)c2ccc(Nc3cc(C)nc4ccccc34)cc2,6.3
610,CHEMBL384925,CN1CCN(CC1)c2ccc(Nc3c(Cc4ccccc4)c(C)nc5ccccc35)cc2,6.24
611,CHEMBL216290,CN1CCN(CC1)c2ccc(Nc3c(c(C)nc4ccccc34)c5ccccc5)cc2,5.77
612,CHEMBL425622,CC(C)c1c(C)nc2ccccc2c1Nc3ccc(cc3)N4CCN(C)CC4,5.77
613,CHEMBL425803,CCc1c(C)nc2ccccc2c1Nc3ccc(cc3)N4CCN(C)CC4,5.96
614,CHEMBL267464,CN1CCN(CC1)c2ccc(Nc3c(C)c(C)nc4ccccc34)cc2,5.66
615,CHEMBL217665,CN1CCN(CC1)c2ccc(Nc3ccnc4ccccc34)cc2,6.14
616,CHEMBL216727,CC1CN(CCN1C)c2ccc(Nc3c(C)c(C)nc4ccc(F)cc34)cc2,5.91
617,CHEMBL217568,CC1CN(CCN1C)c2ccc(Nc3c(C)c(C)nc4cccc(Cl)c34)cc2,6.11
618,CHEMBL1689423,CC1CN(CCN1C)c2ccc(Nc3c(C)c(C)nc4cc(Cl)ccc34)cc2,5.85
619,CHEMBL384318,CC1CN(CCN1C)c2ccc(Nc3c(C)c(C)nc4c(C)ccc(C)c34)cc2,5.64
620,CHEMBL218730,CC1CN(CCN1C)c2ccc(Nc3c(C)c(C)nc4cc(C)cc(C)c34)cc2,6.19
621,CHEMBL217452,CC1CN(CCN1C)c2ccc(Nc3c(C)c(C)nc4cccc(C)c34)cc2,6.17
622,CHEMBL217177,CC1CN(CCN1C)c2ccc(Nc3c(C)c(C)nc4c(C)cccc34)cc2,5.72
623,CHEMBL217278,C[C@H]1CN(CCN1C)c2ccc(Nc3c(C)c(C)nc4cc(C)ccc34)cc2,5.98
624,CHEMBL383978,C[C@@H]1CN(CCN1C)c2ccc(Nc3c(C)c(C)nc4cc(C)ccc34)cc2,6.04
625,CHEMBL262901,CC1CN(CCN1C)c2ccc(Nc3c(C)c(C)nc4cc(C)ccc34)cc2,6.08
626,CHEMBL216674,C[C@H]1CN(CCN1C)c2ccc(Nc3c(C)c(C)nc4c(C)c(C)ccc34)cc2,6.07
627,CHEMBL217567,C[C@@H]1CN(CCN1C)c2ccc(Nc3c(C)c(C)nc4c(C)c(C)ccc34)cc2,6.1
628,CHEMBL217203,CC1CN(CCN1C)c2ccc(Nc3c(C)c(C)nc4c(C)c(C)ccc34)cc2,5.73
629,CHEMBL217202,CC1CN(CCN1C)c2ccc(Nc3c(C)cnc4ccccc34)cc2,5.85
630,CHEMBL218679,CN1CCN(CC1(C)C)c2ccc(Nc3c(C)cnc4ccccc34)cc2,6.05
631,CHEMBL425983,Cc1nc2ccccc2c(Nc3ccc(cc3)N4CCN5CCCCC5C4)c1C,6.15
632,CHEMBL218457,CC1CN(CCN1C)c2ccc(Nc3c(c(C)nc4ccccc34)c5ccccc5)cc2,5.85
633,CHEMBL386169,CCc1c(C)nc2c(C)cccc2c1Nc3ccc(cc3)N4CCCN(C)CC4,5.1
634,CHEMBL440594,Cc1nc2ccccc2c(Nc3ccc(NCCN4CCCC4)cc3)c1C,6.0
635,CHEMBL216197,CCN(CC)CCNc1ccc(Nc2c(CC)c(C)nc3c(C)cccc23)cc1,6.05
637,CHEMBL214661,C[C@@H]1CN(CCN1C)c2ccc(Nc3c(CO)cnc4ccc(F)cc34)cc2,6.01
638,CHEMBL424917,CN1CCN(CC1(C)C)c2ccc(Nc3c(CO)cnc4ccc(F)cc34)cc2,5.88
639,CHEMBL276417,CC1CN(CCN1C)c2ccc(Nc3c(CO)cnc4ccc(F)cc34)cc2,5.86
640,CHEMBL216464,CN1CCN(CC1(C)C)c2ccc(Nc3c(CO)cnc4cc(Cl)ccc34)cc2,6.02
641,CHEMBL385722,C[C@@H]1CN(CCN1)c2ccc(Nc3c(CO)cnc4ccccc34)cc2,5.02
642,CHEMBL217542,C[C@@H]1CN(CCN1C)c2ccc(Nc3c(CO)cnc4ccccc34)cc2,5.66
643,CHEMBL268217,CN1CCN(CC1(C)C)c2ccc(Nc3c(CO)cnc4ccccc34)cc2,5.73
644,CHEMBL217254,C[C@@H]1CN(CCN1C)c2ccc(Nc3c(C)c(CO)nc4ccccc34)cc2,5.73
645,CHEMBL217253,CC(O)c1c(C)nc2ccccc2c1Nc3ccc(cc3)N4CCN(C)C(C)C4,5.51
646,CHEMBL218675,CN1CCN(CC1(C)C)c2ccc(Nc3c(CO)c(C)nc4ccccc34)cc2,5.93
647,CHEMBL214996,CC1CN(CCN1C)c2ccc(Nc3c(CO)c(C)nc4ccccc34)cc2,5.51
689,CHEMBL217299,Oc1cc2OCC3NCc4ccccc4C3c2cc1O,6.75
693,CHEMBL221989,CC(Oc1ccccc1c2ccccn2)C3=NCCN3,5.92
696,CHEMBL373535,CC(Oc1ccccc1c2cccnc2)C3=NCCN3,6.23
698,CHEMBL222593,CC(Oc1ccccc1c2ccccc2)C3=NCCC3,5.09
700,CHEMBL222591,CC(Oc1ccccc1c2ccccc2)C3=NCCO3,5.09
701,CHEMBL1204386,Cl.C1CN=C(N1)C2OC2c3ccccc3c4ccccc4,5.82
702,CHEMBL222933,C1CN=C(N1)C2OC2c3ccccc3c4ccccc4,5.91
703,CHEMBL374954,CC(Sc1ccccc1c2ccccc2)C3=NCCN3,6.47
707,CHEMBL221523,CC(Oc1ccccc1c2ccc(cc2)[N+](=O)[O-])C3=NCCN3,6.91
709,CHEMBL222138,CC(Oc1ccccc1c2ccccc2[N+](=O)[O-])C3=NCCN3,6.76
712,CHEMBL373830,CC(Oc1ccccc1c2ccccc2O)C3=NCCN3,6.51
718,CHEMBL442045,CC(Oc1ccccc1c2ccncc2)C3=NCCN3,6.55
787,CHEMBL242265,C[C@@H](Oc1ccccc1c2ccccc2)C3=NCCN3,6.73
808,CHEMBL247665,COc1cc2CCN(Cc3ccc(OC)c4oc(cc34)C(=O)N5CCC(CC5)N6CCCC6)Cc2cc1OC,6.73
810,CHEMBL247664,COc1cc2CCN(Cc3ccc(OC)c4oc(cc34)C(=O)NCC(C)(C)N)Cc2cc1OC,6.85
811,CHEMBL428407,COc1cc2CCN(Cc3ccc(OC)c4oc(cc34)C(=O)NCCN(C)C)Cc2cc1OC,6.34
812,CHEMBL392771,COc1cc2CCN(Cc3ccc(OC)c4oc(cc34)c5cccc(c5)C(=O)NCCN(C)C)Cc2cc1OC,6.67
813,CHEMBL246852,COc1cc2CCN(Cc3ccc(OC)c4oc(cc34)c5ccccc5C(F)(F)F)Cc2cc1OC,6.52
814,CHEMBL393597,COc1cc2CCN(Cc3ccc(OC)c4oc(cc34)c5ccccc5F)Cc2cc1OC,6.07
815,CHEMBL246639,COc1cccc(c1)c2oc3c(OC)ccc(CN4CCc5cc(OC)c(OC)cc5C4)c3c2,5.59
816,CHEMBL392992,COc1cc2CCN(Cc3ccc(OC)c4oc(cc34)c5ccccc5)Cc2cc1OC,5.76
819,CHEMBL246229,COc1cc2CCN(Cc3ccc(OC)c4oc(cc34)c5ccccn5)Cc2cc1OC,6.87
820,CHEMBL392991,COc1cc2CCN(Cc3ccc(OC)c4oc(cc34)c5occc5)Cc2cc1OC,6.69
821,CHEMBL246228,COc1cc2CCN(Cc3cnc(N)n4nc(nc34)c5occc5)Cc2cc1OC,6.4
858,CHEMBL260576,C1Cc2c(cccc2c3cccnc3)C1c4ncc[nH]4,5.34
869,CHEMBL256984,COc1c(C)ccc2C(CCc12)c3ncc[nH]3,6.49
870,CHEMBL402388,COc1cccc2C(CCc12)c3ncc[nH]3,7.57
871,CHEMBL257976,CNC(=O)c1cccc2C(CCc12)c3ncc[nH]3,5.36
878,CHEMBL258007,C1CC(c2ccccc2C1)c3ncc[nH]3,6.14
894,CHEMBL191703,C[C@H]1[C@H]2CC[C@H]3[C@@H]4CC=C5C[C@H](CC[C@]5(C)[C@H]4CC[C@]23CN1C)N(C)C,6.18
896,CHEMBL260374,S=C(NC1CCCCC1)N2CCC(CC2)c3cnc[nH]3,6.9
904,CHEMBL461571,C[C@@H](Oc1cccc(Cn2c(C)c(C(=O)c3ccc(Cl)cc3)c4ccc(OC(F)(F)F)cc24)c1)C(=O)O,5.78
905,CHEMBL257991,O=C(Nc1ccccc1c2cn3c(CN4CCNCC4)csc3n2)c5cnc6ccccc6n5,5.55
906,CHEMBL470432,CCCN1CCC(COc2nc3scc(C)c3n4cccc24)CC1,6.05
909,CHEMBL516088,COc1c(OCCF)cccc1C(=O)C2CCN(CCc3ccc(F)cc3)CC2,6.06
916,CHEMBL492648,COC1(COc2cccc(c2O1)c3ccccc3)C4=NCCN4,6.9
917,CHEMBL492647,COC1(COc2c(O1)cccc2c3ccccc3)C4=NCCN4,6.59
918,CHEMBL522151,C1CN=C(N1)C2COc3cccc(c3O2)c4ccccc4,6.62
919,CHEMBL492445,C1CN=C(N1)C2COc3ccc(cc3O2)c4ccccc4,6.4
920,CHEMBL492444,C1CN=C(N1)C2COc3cc(ccc3O2)c4ccccc4,6.55
921,CHEMBL493272,C1CN=C(N1)C2COc3c(O2)cccc3c4ccccc4,6.14
922,CHEMBL523048,C1CN=C(N1)C(Oc2ccccc2c3ccccc3)c4ccccc4,6.62
926,CHEMBL495097,CC(Oc1ccccc1\C=N\OCc2ccccc2)C3=NCCN3,6.67
927,CHEMBL492639,CCO\N=C\c1ccccc1OC(C)C2=NCCN2,6.38
928,CHEMBL442815,CO\N=C\c1ccccc1OC(C)C2=NCCN2,6.18
929,CHEMBL493675,CC(Oc1ccccc1\C=N\O)C2=NCCN2,6.54
960,CHEMBL518592,COc1ccccc1N2CCN(CC3COc4ccccc4O3)CC2,6.3
961,CHEMBL477816,O=C(NCCN1CCCN(CC2COc3ccccc3O2)CC1)c4cccnc4Oc5ccccc5,6.66
963,CHEMBL515331,O=C(NCCN1CCCN(CC2COc3ccccc3O2)CC1)c4cccnc4Oc5cccc(c5)C#N,6.68
964,CHEMBL477608,CC(C)(C)Nc1ncccc1C(=O)NCCN2CCCN(CC3COc4ccccc4O3)CC2,6.86
966,CHEMBL476569,CCCCOc1cccc(n1)C(=O)NCCN2CCCN(CC3COc4ccccc4O3)CC2,6.93
967,CHEMBL476774,O=C(NCCN1CCCN(CC2COc3ccccc3O2)CC1)c4cccnc4,6.35
970,CHEMBL179648,C(C1CCc2ccccc2O1)N3CCN(Cc4ccccc4)CC3,6.84
988,CHEMBL475969,CN(C)CCC1=C(C)Cc2ccc(cc12)S(=O)(=O)Nc3cccc4ccccc34,5.96
991,CHEMBL477650,CN(C)CCC1=C(C)Cc2ccc(NS(=O)(=O)c3csc4ccccc34)cc12,6.16
1000,CHEMBL512062,C1[C@H](Cn2ccnc12)c3ccccc3c4ccccc4,6.67
1002,CHEMBL448802,C1[C@H](Cn2ccnc12)c3ccccc3c4occn4,6.09
1003,CHEMBL448147,C1[C@@H](Cn2ccnc12)c3ccccc3c4occn4,5.99
1004,CHEMBL468710,C1[C@H](Cn2ccnc12)c3ccccc3c4nccs4,5.76
1005,CHEMBL468711,C1[C@H](Cn2ccnc12)c3ccccc3c4cccnc4,6.0
1006,CHEMBL512289,C1[C@H](Cn2ccnc12)c3ccccc3c4ccncc4,6.95
1007,CHEMBL508084,Cn1cc(cn1)c2ccccc2[C@@H]3Cc4nccn4C3,6.42
1008,CHEMBL448908,C1[C@H](Cn2ccnc12)c3ccccc3n4cccn4,5.96
1009,CHEMBL513871,CS(=O)(=O)Nc1cccc(c1)c2ccccc2[C@@H]3Cc4nccn4C3,6.94
1010,CHEMBL469127,CNS(=O)(=O)CCc1ccccc1[C@@H]2Cc3nccn3C2,6.55
1011,CHEMBL466012,CNC(=O)c1cccc(c1)c2ccccc2[C@@H]3Cc4nccn4C3,6.7
1016,CHEMBL466634,Fc1ccc(c2occn2)c(c1)C3Cc4nccn4C3,6.33
1017,CHEMBL511211,Fc1ccc(C2Cc3nccn3C2)c(c1)c4ccn[nH]4,5.83
1034,CHEMBL584554,CCN(CC)C(=O)[C@H]1CN([C@@H]2Cc3c[nH]c4cccc(C2=C1)c34)C(=O)Nc5ccccc5,5.71
1056,CHEMBL567791,CN(C)c1cc(C)nc(N[C@@H]2CC[C@@H](CC2)NC(=O)c3ccc(Cl)cc3)n1,6.14
1057,CHEMBL568400,CN(C)c1cc(C)nc(N[C@@H]2CC[C@@H](CC2)NC(=O)c3ccc(Cl)c(Cl)c3)n1,6.89
1058,CHEMBL583014,CN(C)c1cc(C)nc(N[C@@H]2CC[C@@H](CC2)NC(=O)c3cc(cc(c3)C(F)(F)F)C(F)(F)F)n1,6.7
1059,CHEMBL567993,CN(C)c1nc(N[C@@H]2CC[C@@H](CC2)NC(=O)c3cccc(C)c3)ncc1C,6.24
1060,CHEMBL578170,CN(C)c1nc(N[C@@H]2CC[C@@H](CC2)NC(=O)c3ccc(C)cc3)ncc1C,5.75
1061,CHEMBL565551,CN(C)c1nc(N[C@@H]2CC[C@@H](CC2)NC(=O)c3ccc(F)cc3)ncc1C,6.33
1062,CHEMBL577912,CN(C)c1nc(N[C@@H]2CC[C@@H](CC2)NC(=O)c3ccc(Cl)cc3)ncc1C,5.8
1063,CHEMBL577904,CN(C)c1nc(N[C@@H]2CC[C@H](CNC(=O)c3ccc(F)c(F)c3)CC2)ncc1C,6.68
1064,CHEMBL566075,CN(C)c1nc(N[C@@H]2CC[C@H](CNC(=O)c3cc(cc(c3)C(F)(F)F)C(F)(F)F)CC2)ncc1C,6.51
1065,CHEMBL605938,Clc1nc2sccn2c1S(=O)(=O)Nc3ccc4CC=C(C5CCNC5)c4c3,6.05
1067,CHEMBL593889,CN1CCCC(C1)C2=C(C)Cc3ccc(NS(=O)(=O)c4c(Cl)nc5sccn45)cc23,5.92
1074,CHEMBL467094,COc1cc2CCN(C)C3Cc4cc5OCOc5cc4c(c1OC)c23,5.89
1075,CHEMBL589390,CN1CCc2c(C1)c3cc(C)ccc3n2CCc4ccc(C)nc4,6.96
1102,CHEMBL226335,C[C@@H]1O[C@@H](OC[C@H]2O[C@@H](OC3=C(Oc4cc(O)cc(O)c4C3=O)c5ccc(O)c(O)c5)[C@H](O)[C@@H](O)[C@@H]2O)[C@H](O)[C@H](O)[C@H]1O,5.03
1113,CHEMBL1083787,Fc1ccc(cc1)c2ccc(NC(=O)NCCCCN3CCCCC3)cn2,4.46
1115,CHEMBL1224527,Oc1ccc2[C@@H]3CNCC[C@H]3[C@@H](Cc2c1O)c4ccccc4,5.46
1147,CHEMBL1242950,CCCCC1CCN(CCCC(=O)c2ccccc2C)CC1,6.28
1199,CHEMBL1258223,CCCCN1CCC(COC(=O)c2cc(Cl)c(NC)c3OCCOc23)CC1,5.65
1217,CHEMBL1276247,C[C@@H](Oc1ccccc1c2ccsc2)C3=NCCN3,6.78
1259,CHEMBL1643900,Fc1cccc(CCN[C@H]2C3C4CC5C6C4CC3C6C25)c1,5.12
1269,CHEMBL1641679,Cl.C1CNC(=Nc2n[nH]c3ccccc23)N1,7.09
1270,CHEMBL1641681,Cl.Clc1cccc2[nH]nc(N=C3NCCN3)c12,6.62
1271,CHEMBL1641682,Cl.Cc1cccc2[nH]nc(N=C3NCCN3)c12,7.85
1272,CHEMBL1641689,Cl.Clc1cccc2c(N=C3NCCN3)n[nH]c12,7.14
1274,CHEMBL778,C[C@H](c1c[nH]cn1)c2cccc(C)c2C,8.82
1277,CHEMBL1186774,Clc1cccc2c1cnn2N=C3NCCN3,6.75
1278,CHEMBL1186788,Cc1cccc2cnn(N=C3NCCN3)c12,7.43
1279,CHEMBL1641690,Clc1cccc2cnn(N=C3NCCN3)c12,7.82
1292,CHEMBL1323615,CN1c2ccccc2Sc3cc(N)ccc13,5.16
1323,CHEMBL221753,[Cl-].CC(C)(C)CC(C)(C)c1ccc(OCCOCC[N+](C)(C)Cc2ccccc2)cc1,5.51
1411,CHEMBL493,CC(C)C[C@@H]1N2C(=O)[C@](NC(=O)[C@H]3CN(C)[C@@H]4Cc5c(Br)[nH]c6cccc(C4=C3)c56)(O[C@@]2(O)[C@@H]7CCCN7C1=O)C(C)C,7.82
1413,CHEMBL990,CN(Cc1ccc(cc1)C(C)(C)C)Cc2cccc3ccccc23,5.44
1423,CHEMBL508112,S(Sc1nc2ccccc2s1)c3nc4ccccc4s3,6.05
1427,CHEMBL290106,Oc1c(Cl)cc(Cl)cc1Sc2cc(Cl)cc(Cl)c2O,5.42
1445,CHEMBL1201203,CN1[C@@H]2CC[C@H]1C[C@H](C2)OC(c3ccccc3)c4ccccc4,6.26
1463,CHEMBL296419,COc1ccc(CCN2CCC(CC2)Nc3nc4ccccc4n3Cc5ccc(F)cc5)cc1,5.32
1493,CHEMBL1113,Clc1ccc2Oc3ccccc3N=C(N4CCNCC4)c2c1,5.88
1507,CHEMBL1381098,S=C=Nc1cccc2ccccc12,5.2
1545,CHEMBL153062,CCCCCCCCCc1ccc(O)cc1,5.17
1563,CHEMBL195437,CCCCCCCCc1ccc(O)cc1,4.85
1567,CHEMBL633,CCCCc1oc2ccccc2c1C(=O)c3cc(I)c(OCCN(CC)CC)c(I)c3,6.51
1587,CHEMBL1365675,CN(\C=N\c1ccc(C)cc1C)\C=N\c2ccc(C)cc2C,6.03
1609,CHEMBL629,CN(C)CCC=C1c2ccccc2CCc3ccccc13,6.46
1611,CHEMBL311469,CC(=O)Nc1ccc2c(Cc3ccccc23)c1,4.68
1621,CHEMBL1491,CCOC(=O)C1=C(COCCN)NC(=C(C1c2ccccc2Cl)C(=O)OC)C,6.22
1667,CHEMBL1289,Clc1cc(Cl)c(OCC#CI)cc1Cl,5.91
1681,CHEMBL305660,CC(C)(C)c1ccc(cc1)C(=O)CCCN2CCC(CC2)OC(c3ccccc3)c4ccccc4,6.08
1693,CHEMBL64894,[Cl-].CN(C)c1ccc(cc1)C(=C2C=CC(=[N+](C)C)C=C2)c3ccc(cc3)N(C)C,6.27
1703,CHEMBL808,Clc1ccc(COC(Cn2ccnc2)c3ccc(Cl)cc3Cl)cc1,5.36
1705,CHEMBL679,CNC[C@H](O)c1ccc(O)c(O)c1,6.13
1727,CHEMBL420,NC(=N)N\N=C\c1c(Cl)cccc1Cl,7.39
1729,CHEMBL496,Oc1c(Cl)cc(Cl)c(Cl)c1Cc2c(O)c(Cl)cc(Cl)c2Cl,5.26
1791,CHEMBL862,NC(=N)NC(=O)Cc1c(Cl)cccc1Cl,6.87
1803,CHEMBL30008,Fc1ccc(cc1)C(N2CCN(C\C=C\c3ccccc3)CC2)c4ccc(F)cc4,6.24
1831,CHEMBL119443,C[C@@H](CO)NC(=O)[C@H]1CN(C)[C@@H]2Cc3c[nH]c4cccc(C2=C1)c34,5.78
1837,CHEMBL726,OCCN1CCN(CCCN2c3ccccc3Sc4ccc(cc24)C(F)(F)F)CC1,6.67
1865,CHEMBL442,CN1C[C@@H](C=C2[C@H]1Cc3c[nH]c4cccc2c34)C(=O)N[C@]5(C)O[C@@]6(O)[C@@H]7CCCN7C(=O)[C@H](Cc8ccccc8)N6C5=O,8.67
1873,CHEMBL1108,Fc1ccc(cc1)C(=O)CCCN2CCC(=CC2)N3C(=O)Nc4ccccc34,5.53
1891,CHEMBL54,OC1(CCN(CCCC(=O)c2ccc(F)cc2)CC1)c3ccc(Cl)cc3,5.3
1961,CHEMBL7002,CC1(COc2ccc(CC3SC(=O)NC3=O)cc2)CCCCC1,4.78
1963,CHEMBL1729,COC1CN(CCCOc2ccc(F)cc2)CCC1NC(=O)c3cc(Cl)c(N)cc3OC,5.75
1987,CHEMBL1628227,CN(C)CCC=C1c2ccccc2COc3ccccc13,5.88
2011,CHEMBL648,CN1CCN(CC1)C(c2ccccc2)c3ccccc3,5.81
2049,CHEMBL1732,CN1C[C@@H](C[C@H]2[C@H]1Cc3c[nH]c4cccc2c34)C(=O)N[C@]5(C)O[C@@]6(O)[C@@H]7CCCN7C(=O)[C@H](Cc8ccccc8)N6C5=O,8.99
2051,CHEMBL964,CCN(CC)C(=S)SSC(=S)N(CC)CC,5.31
2059,CHEMBL104,Clc1ccccc1C(c2ccccc2)(c3ccccc3)n4ccnc4,4.93
2097,CHEMBL411,CC\C(=C(\CC)/c1ccc(O)cc1)\c2ccc(O)cc2,4.85
2106,CHEMBL954,CCN(CC)CCOc1ccc(cc1)\C(=C(\Cl)/c2ccccc2)\c3ccccc3,6.03
2118,CHEMBL1200406,CN(C)CCOC(c1ccccc1)c2ccccc2.CN3C(=O)N(C)c4nc(Cl)[nH]c4C3=O,5.37
2120,CHEMBL71,CN(C)CCCN1c2ccccc2Sc3ccc(Cl)cc13,6.45
2124,CHEMBL43064,C(\C=C\c1ccccc1)N2CCN(CC2)C(c3ccccc3)c4ccccc4,6.35
2131,CHEMBL219916,Clc1ccc2N(C3CCN(CCCN4C(=O)Nc5ccccc45)CC3)C(=O)Nc2c1,5.56
2137,CHEMBL415,CN(C)CCCN1c2ccccc2CCc3ccc(Cl)cc13,5.85
2143,CHEMBL516,CN1CCC(=C2c3ccccc3C=Cc4ccccc24)CC1,6.55
2145,CHEMBL1479,C[C@]12Cc3cnoc3C=C1CC[C@@H]4[C@@H]2CC[C@@]5(C)[C@H]4CC[C@@]5(O)C#C,4.74
2161,CHEMBL1201353,CN(C)CC[C@@H](c1ccc(Cl)cc1)c2ccccn2,4.69
2167,CHEMBL723,COc1ccccc1OCCNCC(O)COc2cccc3[nH]c4ccccc4c23,6.98
2171,CHEMBL1626,CN1CCC[C@@H]1CCO[C@](C)(c2ccccc2)c3ccc(Cl)cc3,6.74
2229,CHEMBL55,NC(=N)c1ccc(OCCCCCOc2ccc(cc2)C(=N)N)cc1,5.86
2231,CHEMBL564,CN(C)CCCN1c2ccccc2Sc3ccccc13,6.47
2263,CHEMBL643,CC(CN1c2ccccc2Sc3ccccc13)N(C)C,6.17
2275,CHEMBL531,CCCN1C[C@H](CSC)C[C@H]2[C@H]1Cc3c[nH]c4cccc2c34,6.58
2331,CHEMBL511,COc1ccc(CN(CCN(C)C)c2ccccn2)cc1,5.53
2367,CHEMBL1262,Clc1ccc(CO\N=C(/Cn2ccnc2)\c3ccc(Cl)cc3Cl)c(Cl)c1,5.39
2387,CHEMBL445,CNCCC=C1c2ccccc2CCc3ccccc13,6.14
2395,CHEMBL716,OCCOCCN1CCN(CC1)C2=Nc3ccccc3Sc4ccccc24,5.6
2413,CHEMBL728,CN1CCN(CCCN2c3ccccc3Sc4ccc(Cl)cc24)CC1,6.77
2415,CHEMBL7568,CCN(CC)CCCC(C)Nc1c2ccc(Cl)cc2nc3ccc(OC)cc13,5.64
2431,CHEMBL900,CN(C)CCOC(c1ccccc1)c2ccccc2C,5.67
2435,CHEMBL21731,CNCCCC12CCC(c3ccccc13)c4ccccc24,5.74
2449,CHEMBL86,CCN(CC)CCNC(=O)c1cc(Cl)c(N)cc1OC,5.57
2481,CHEMBL91,Clc1ccc(COC(Cn2ccnc2)c3ccc(Cl)cc3Cl)c(Cl)c1,5.4
2487,CHEMBL1200633,CC[C@H](C)[C@H]1O[C@]2(CC[C@@H]1C)C[C@@H]3C[C@@H](C\C=C(/C)\[C@@H](O[C@H]4C[C@H](OC)[C@@H](O[C@H]5C[C@H](OC)[C@@H](O)[C@H](C)O5)[C@H](C)O4)[C@@H](C)\C=C\C=C\6/CO[C@@H]7[C@H](O)C(=C[C@@H](C(=O)O3)[C@]67O)C)O2.CO[C@H]8C[C@H](O[C@H]9[C@H](C)O[C@H](C[C@@H]9OC)O[C@H]%10[C@@H](C)\C=C\C=C\%11/CO[C@@H]%12[C@H](O)C(=C[C@@H](C(=O)O[C@H]%13C[C@@H](C\C=C\%10/C)O[C@@]%14(CC[C@H](C)[C@H](O%14)C(C)C)C%13)[C@]%11%12O)C)O[C@@H](C)[C@@H]8O,5.23
2489,CHEMBL1221512,CC[C@H](C)[C@@H](CO[C@@H](Cc1ccccc1)C(=O)N[C@@H](CCS(=O)(=O)C)C(=O)OC(C)C)NC[C@@H](N)CS,6.37
2527,CHEMBL157138,CCN(CC)C(=O)N[C@@H]1CN(C)[C@@H]2Cc3c[nH]c4cccc(C2=C1)c34,9.51
2539,CHEMBL787,CC(C)(O)c1ccccc1CC[C@@H](SCC2(CC(=O)O)CC2)c3cccc(\C=C\c4ccc5ccc(Cl)cc5n4)c3,5.41
2567,CHEMBL1411979,CN(C)CCN(Cc1cccs1)c2ccccn2,5.93
2571,CHEMBL60889,CCOc1cc(N)c(Cl)cc1C(=O)NCC2CN(Cc3ccc(F)cc3)CCO2,5.43
2579,CHEMBL1201356,CC[C@@H](CO)NC(=O)[C@H]1CN(C)[C@@H]2Cc3c[nH]c4cccc(C2=C1)c34,5.8
2585,CHEMBL295698,CC(=O)N1CCN(CC1)c2ccc(OC[C@@H]3CO[C@](Cn4ccnc4)(O3)c5ccc(Cl)cc5Cl)cc2,4.7
2599,CHEMBL395110,CN1CCCC(CN2c3ccccc3Sc4ccccc24)C1,5.84
2634,CHEMBL1670,ClC(Cl)C(c1ccc(Cl)cc1)c2ccccc2Cl,5.13
2677,CHEMBL1065,CC[C@@H](CO)NC(=O)[C@H]1CN(C)[C@@H]2Cc3cn(C)c4cccc(C2=C1)c34,5.79
2685,CHEMBL534,CN1CCC(=C2c3ccccc3CC(=O)c4sccc24)CC1,5.66
2741,CHEMBL119385,Fc1ccc(SC2=NN3C=NC(=O)C(=C3C=C2)c4c(Cl)cccc4Cl)c(F)c1,4.47
2759,CHEMBL621,Clc1cccc(c1)N2CCN(CCCN3N=C4C=CC=CN4C3=O)CC2,6.04
2781,CHEMBL6966,COc1ccc(CCN(C)CCCC(C#N)(C(C)C)c2ccc(OC)c(OC)c2)cc1OC,6.24
2831,CHEMBL479,CSc1ccc2Sc3ccccc3N(CCC4CCCCN4C)c2c1,6.88
2843,CHEMBL972,C[C@H](Cc1ccccc1)N(C)CC#C,5.75
2847,CHEMBL1221,Clc1ccc(CSC(Cn2ccnc2)c3ccc(Cl)cc3Cl)cc1,5.39
2853,CHEMBL83,CC\C(=C(/c1ccccc1)\c2ccc(OCCN(C)C)cc2)\c3ccccc3,5.71
2855,CHEMBL84158,CCN(CC)CCNC(=O)c1cc(ccc1OC)S(=O)(=O)C,5.68
2863,CHEMBL822,CN(C\C=C\C#CC(C)(C)C)Cc1cccc2ccccc12,5.24
2877,CHEMBL12948,CC1CCC(CC1)NC(=O)N(CCCl)N=O,5.32
2891,CHEMBL809,CN[C@H]1CC[C@@H](c2ccc(Cl)c(Cl)c2)c3ccccc13,6.54
2917,CHEMBL588119,CCCCCCCCN[C@H](C)[C@@H](O)c1ccc(SC(C)C)cc1,5.69
2919,CHEMBL833,Clc1ccccc1CN2CCc3sccc3C2,6.42
2929,CHEMBL1306,CC(C)N1CCN(CC1)c2ccc(OC[C@H]3CO[C@@](Cn4cncn4)(O3)c5ccc(Cl)cc5Cl)cc2,6.01
2949,CHEMBL26,CCN1CCCC1CNC(=O)c2cc(ccc2OC)S(=O)(=O)N,5.7
2963,CHEMBL508338,[Na+].CC[Hg]Sc1ccccc1C(=O)[O-],6.27
2965,CHEMBL81,Oc1ccc(cc1)c2sc3cc(O)ccc3c2C(=O)c4ccc(OCCN5CCCCC5)cc4,5.78
3056,CHEMBL1928316,Cl.C(C1=NCCN1)n2ncc3ccccc23,5.35
3057,CHEMBL1928322,Cl.Cc1cccc2cnn(CC3=NCCN3)c12,4.76
3058,CHEMBL1928323,Cl.Clc1cccc2cnn(CC3=NCCN3)c12,4.78
3069,CHEMBL17860,CC(Oc1c(Cl)cccc1Cl)C2=NCCN2,8.2
3072,CHEMBL1956193,CC(Oc1ccccc1C(F)(F)F)C2=NCCN2,6.74
3082,CHEMBL1956200,CC(Oc1ccccc1S(=O)(=O)C)C2=NCCN2,5.5
3083,CHEMBL1956201,CC(Oc1ccccc1C=O)C2=NCCN2,5.98
3084,CHEMBL1956202,CC(Oc1ccccc1C(=O)C)C2=NCCN2,5.99
3089,CHEMBL1956203,CC(Oc1c(cccc1c2ccccc2)c3ccccc3)C4=NCCN4,6.31
3117,CHEMBL1956900,C1CN=C(N1)C2COC(CO2)c3ccccc3,6.3
3118,CHEMBL1956901,C1CN=C(N1)[C@@H]2CO[C@H](CO2)c3ccccc3,5.1
3119,CHEMBL1956902,C1CN=C(N1)[C@H]2CO[C@@H](CO2)c3ccccc3,6.4
3120,CHEMBL1956903,C1CN=C(N1)[C@@H]2COC[C@@H](O2)c3ccccc3,5.27
3121,CHEMBL1956904,C1CN=C(N1)[C@@H]2COC[C@H](O2)c3ccccc3,5.2
3123,CHEMBL1956906,C1CN=C(N1)C2COCC(O2)(c3ccccc3)c4ccccc4,5.42
3136,CHEMBL2022269,Clc1ccc2Oc3ncccc3C(=Nc2c1)N4CCNCC4,6.14
3137,CHEMBL2022272,Clc1ccc2Oc3ncccc3C(=Nc2c1)N4CCN(CCc5ccccc5)CC4,6.43
3138,CHEMBL2022273,Clc1ccc2Oc3ncccc3C(=Nc2c1)N4CCN(CC4)C5CCCCC5,6.39
3139,CHEMBL2022275,OCCOCCN1CCN(CC1)C2=Nc3cc(Cl)ccc3Oc4ncccc24,6.35
3140,CHEMBL2022280,CN1CCN(CC1)C2=Nc3cc(Cl)ccc3Oc4ncccc24.OC(=O)\C=C\C(=O)O,6.75
3183,CHEMBL2058633,Clc1ccccc1NC2=NCCC2,5.52
3185,CHEMBL2058635,CC1CCC(=N1)Nc2ccc(I)cc2Cl,5.59
3211,CHEMBL2203713,N=C(Nc1ccc2N(CCc2c1)C3CCNCC3)c4cccs4,4.62
3212,CHEMBL2205361,Cc1c(oc2ccccc12)C(=O)N(CCCN3CCCCC3)c4ccccc4,5.91
3213,CHEMBL2205362,COc1cc2oc(C(=O)N(CCCN3CCCCC3)c4ccccc4)c(C)c2cc1OC,6.03
3214,CHEMBL2205360,COc1ccc2c(C)c(oc2c1)C(=O)N(CCCN3CCCCC3)c4ccccc4,6.19
3223,CHEMBL2207493,CCCN1CCC(CC1)N2C(=O)Nc3cc(Cl)ccc23,4.77
3231,CHEMBL2205836,COc1ccccc1CCN2C3C4C5CC6C7C5C3C7C2(O)C46,5.89
3269,CHEMBL30713,CC(N)Cc1c[nH]c2ccccc12,6.2
3292,CHEMBL2413153,CN1C(=O)C=NN(CCCCN2CCN(CC2)c3ccccc3OCCF)C1=O,5.56
3321,CHEMBL404505,C1CN=C(N1)c2oc3ccccc3c2,4.57
3322,CHEMBL2431280,C(Oc1ccccc1OC2CC2)C3=NCCN3,6.5
3327,CHEMBL14107,C=CCc1ccccc1OCC2=NCCN2,6.9
3362,CHEMBL2432046,COc1ccc(CN[C@H]2C3C4CC5C6C4CC3C6C25)cc1OC,5.28
3373,CHEMBL2436555,Cl.NC1=Nc2ccc(Cl)cc2CN1,6.5
3375,CHEMBL2441619,Cc1ccc2nc(cc(N3CCNCC3)c2c1)C(F)(F)F,5.92
3391,CHEMBL3104093,CN1CCc2c(C1)c3cccc4c5ccccc5CCn2c34,6.39
3392,CHEMBL3104092,CN1CCc2c(C1)c3cccc4Cc5ccccc5Cn2c34,5.75
3393,CHEMBL3104091,CN1CCc2c(C1)c3cccc4CCc5ccccc5n2c34,6.64
3401,CHEMBL1112,Clc1cccc(N2CCN(CCCCOc3ccc4CCC(=O)Nc4c3)CC2)c1Cl,7.0
3406,CHEMBL3289533,Cl.CCOc1ccc(cc1)\N=C(\N)/NCc2occc2,5.83
3407,CHEMBL3289532,Cl.CN(C)c1ccc(cc1)\N=C(\N)/NCc2occc2,6.67
3408,CHEMBL3289531,Cl.N=C(NCc1occc1)Nc2ccc3CCCCc3c2,6.29
3409,CHEMBL3289530,Cl.CCNc1ccc(cc1)\N=C(\N)/NCc2occc2,5.97
3410,CHEMBL3289529,Cl.N=C(NCc1occc1)Nc2ccc3OCOc3c2,5.82
3411,CHEMBL3289528,Cl.CCOc1ccc(NC(=N)NCCO)cc1,4.72
3412,CHEMBL3289527,Cl.CN(C)c1ccc(NC(=N)NCCO)cc1,5.73
3413,CHEMBL3289526,Cl.OCCNC(=N)Nc1ccc2CCCCc2c1,5.76
3414,CHEMBL3289525,Cl.CCNc1ccc(NC(=N)NCCO)cc1,4.73
3415,CHEMBL3289524,Cl.OCCNC(=N)Nc1ccc2OCOc2c1,4.93
3416,CHEMBL3289523,Cl.CCOc1ccc(NC(=N)Nc2ccccc2)cc1,5.65
3417,CHEMBL3289522,Cl.CN(C)c1ccc(NC(=N)Nc2ccccc2)cc1,6.41
3418,CHEMBL3289521,Cl.N=C(Nc1ccccc1)Nc2ccc3CCCCc3c2,6.58
3419,CHEMBL3289520,Cl.CCNc1ccc(NC(=N)Nc2ccccc2)cc1,5.31
3420,CHEMBL3289534,Cl.N=C(Nc1ccccc1)Nc2ccc3OCOc3c2,5.36
3421,CHEMBL3289535,Cl.CCCNC(=N)Nc1ccc(OCC)cc1,5.37
3422,CHEMBL3289536,Cl.CCCNC(=N)Nc1ccc(cc1)N(C)C,5.95
3423,CHEMBL3289537,Cl.CCCNC(=N)Nc1ccc2CCCCc2c1,6.17
3424,CHEMBL3289538,Cl.CCCNC(=N)Nc1ccc(NCC)cc1,5.08
3425,CHEMBL3289539,Cl.CCCNC(=N)Nc1ccc2OCOc2c1,4.82
3426,CHEMBL3289540,Cl.CCOc1ccc(NC(=N)N)cc1,6.85
3427,CHEMBL3289541,Cl.CCOc1ccc(cc1)\N=C/2\NCC(C)N2,4.85
3428,CHEMBL3289542,Cl.CC1CN\C(=N\c2ccc(cc2)N(C)C)\N1,5.48
3429,CHEMBL3289543,Cl.CC1CN\C(=N\c2ccc3CCCCc3c2)\N1,6.0
3430,CHEMBL3289544,Cl.CCNc1ccc(cc1)\N=C/2\NCC(C)N2,4.91
3431,CHEMBL3289545,Cl.CC1CN\C(=N\c2ccc3OCOc3c2)\N1,5.63
3432,CHEMBL3289546,Cl.CCOc1ccc(cc1)\N=C/2\NCC(N2)c3occc3,5.58
3433,CHEMBL3289547,Cl.CN(C)c1ccc(cc1)\N=C/2\NCC(N2)c3occc3,5.88
3434,CHEMBL3289548,Cl.C1CCc2cc(ccc2C1)\N=C/3\NCC(N3)c4occc4,6.16
3435,CHEMBL3289549,Cl.CCNc1ccc(cc1)\N=C/2\NCC(N2)c3occc3,5.66
3436,CHEMBL3289550,Cl.C1Oc2ccc(cc2O1)\N=C/3\NCC(N3)c4occc4,5.77
3459,CHEMBL3289656,C(CN1CCN(CC1)c2ncccn2)Cc3nc4ccccc4s3,6.07
3484,CHEMBL3403995,COCCCOc1cc(ccc1OC)C(=O)N(C[C@@H]2CNC[C@H]2OC(=O)NCc3ccccc3)C(C)C,6.0
3489,CHEMBL3608450,COc1cc2C(CN(C)C3Cc4cc5OCOc5cc4c(c1OC)c23)c6ccccc6,6.14
3493,CHEMBL3735756,COc1ccc(CCN(CCCc2ccccc2)CCc3ccc4OCOc4c3)cc1OC,6.99
3514,CHEMBL3769968,Cl.NCC1CC1c2cc(F)c(F)cc2OCC=C,6.78
3527,CHEMBL3814535,CC(C)CN1C(=CC(=CC1=O)NCc2ccc(cc2)C(F)(F)F)C,4.24
3528,CHEMBL3814593,CCCCCNC1=CC(=O)N(CCCCC)C(=C1)C,4.21
3529,CHEMBL3814220,CCCCCN1C(=CC(=CC1=O)NCc2ccccc2)C,4.39
3530,CHEMBL3814521,CCCCCN1C(=CC(=CC1=O)NCc2ccc(Cl)cc2)C,4.1
3531,CHEMBL3814626,CC(C)CCNC1=CC(=O)N(CCC(C)C)C(=C1)C,4.28
3532,CHEMBL3814276,CC(C)CCN1C(=CC(=CC1=O)NCc2ccccc2)C,4.57
3533,CHEMBL3814259,CC(C)CCN1C(=CC(=CC1=O)NCc2ccc(Cl)cc2)C,4.0
3536,CHEMBL3593723,CN1CCCCC1CCn2c3ccccc3c4ccccc24,5.92
3537,CHEMBL3593725,CN1CCCCC1CCn2cnc3ccccc23,4.96
3540,CHEMBL57895,CCC1(Cc2ccccc2O1)C3=NCCN3,8.36
