,molecule_chembl_id,canonical_smiles,pchembl_value
0,tolazoline,C(C1=NCCN1)C1=CC=CC=C1,5.43
1,tizanidine,ClC1=C(NC2=NCCN2)C2=NSN=C2C=C1,
2,dipivefrine,CNCC(O)C1=CC(OC(=O)C(C)(C)C)=C(OC(=O)C(C)(C)C)C=C1,
3,clonidine,ClC1=CC=CC(Cl)=C1NC1=NCCN1,6.7
4,brimonidine,BrC1=C(NC2=NCCN2)C=CC2=NC=CN=C12,8.4685
5,naphazoline,C(C1=NCCN1)C1=CC=CC2=CC=CC=C12,6.38999987
6,norepinephrine,NC[C@H](O)c1ccc(O)c(O)c1,7.2
7,dexmedetomidine,C[C@H](c1c[nH]cn1)c2cccc(C)c2C,8.15
8,epinephrine,CNC[C@H](O)C1=CC=C(O)C(O)=C1,6.44855
9,guanabenz,NC(=N)N\N=C\c1c(Cl)cccc1Cl,6.79317412
10,tetryzoline,[H]C1(CCCC2=CC=CC=C12)C1=NCCN1,
11,droxidopa,N[C@@H]([C@H](O)C1=CC(O)=C(O)C=C1)C(O)=O,
12,apraclonidine,NC1=CC(Cl)=C(NC2=NCCN2)C(Cl)=C1,7.52
13,phentolamine,Cc1ccc(cc1)N(CC2=NCCN2)c3cccc(O)c3,8.08
14,yohimbine,[H][C@@]12CC[C@H](O)[C@H](C(=O)OC)[C@@]1([H])C[C@]1([H])N(CCC3=C1NC1=C3C=CC=C1)C2,9.3
15,methyldopate,CCOC(=O)[C@@](C)(N)CC1=CC(O)=C(O)C=C1,
16,corbadrine,C[C@H](N)[C@H](O)c1ccc(O)c(O)c1,
17,clozapine,CN1CCN(CC1)C2=Nc3cc(Cl)ccc3Nc4ccccc24,7.0
18,olanzapine,CN1CCN(CC1)C2=Nc3ccccc3Nc4sc(C)cc24,7.0
19,CHEMBL440594,Cc1nc2ccccc2c(Nc3ccc(NCCN4CCCC4)cc3)c1C,7.0
20,aripiprazole,Clc1cccc(N2CCN(CCCCOc3ccc4CCC(=O)Nc4c3)CC2)c1Cl,7.0
21,quetiapine,OCCOCCN1CCN(CC1)C2=Nc3ccccc3Sc4ccccc24,7.0
22,CHEMBL299879,[O-][N+](=O)c1ccccc1S(=O)(=O)NC[C@@H]2CC[C@@H](CNCC3CCc4ccccc4C3)CC2,7.0
23,CHEMBL2431279,Brc1ccccc1OCC2=NCCN2,7.01
24,CHEMBL43064,C(\C=C\c1ccccc1)N2CCN(CC2)C(c3ccccc3)c4ccccc4,7.02
25,clemastine,CN1CCC[C@@H]1CCO[C@](C)(c2ccccc2)c3ccc(Cl)cc3,7.02
26,prazosin,COc1cc2nc(nc(N)c2cc1OC)N3CCN(CC3)C(=O)c4occc4,7.02
27,CHEMBL366164,CN(C)C[C@H]1C[C@H]2[C@H](O1)c3cc(F)ccc3Sc4ccccc24,7.03
28,CHEMBL150161,OC1(CCN(CCCC(=O)c2ccc(F)cc2)C1)c3ccc(Cl)cc3,7.03
29,CHEMBL1256608,CC(C)O[C@H]1c2ccccc2[C@H]3C[C@@]13c4c[nH]cn4,7.05
30,CHEMBL92496,COc1cc2OCC3C(CN4CCN(CCc5ccccc5)CC4)ON=C3c2cc1OC,7.05
31,CHEMBL94435,COc1cc2OCC3C(CN4CCN(Cc5cc6ccccc6s5)CC4)ON=C3c2cc1OC,7.05
32,CHEMBL91297,COc1cc2OCC3C(CN4CCN(Cc5cccc6ccccc56)CC4)ON=C3c2cc1OC,7.05
33,CHEMBL90843,COc1cc2OCC3C(CN4CCN(Cc5ccccc5)CC4)ON=C3c2cc1OC,7.05
34,carvedilol,COc1ccccc1OCCNCC(O)COc2cccc3[nH]c4ccccc4c23,7.05
35,CHEMBL217452,CC1CN(CCN1C)c2ccc(Nc3c(C)c(C)nc4cccc(C)c34)cc2,7.06
36,CHEMBL75257,COc1c(C)c(Nc2ncc[nH]2)c(C)cc1C(C)(C)C,7.06
37,CHEMBL297827,C(\C=C\c1ccccc1)[C@H]2C3CCC(C3)[C@H]2NC4=NCCO4,7.07
38,CHEMBL306377,C1COC(=NC1)NC2CCCc3ccccc23,7.07
39,CHEMBL570973,CC(OC1=NCCN1)c2ccccc2CC=C,7.07
40,CHEMBL495095,CC(Oc1ccccc1CC=C)C2=NCCN2,7.07
41,CHEMBL216674,C[C@H]1CN(CCN1C)c2ccc(Nc3c(C)c(C)nc4c(C)c(C)ccc34)cc2,7.08
42,CHEMBL286080,Oc1cc2CCNCC(c3ccccc3)c2cc1O,7.08
43,CHEMBL216197,CCN(CC)CCNc1ccc(Nc2c(CC)c(C)nc3c(C)cccc23)cc1,7.09
44,prochlorperazine,CN1CCN(CCCN2c3ccccc3Sc4ccc(Cl)cc24)CC1,7.09
45,CHEMBL91022,CO\C(=C/1\C(C(=C(C)N=C1C)C(=O)NCCCN2CCC(CC2)c3ccccc3)c4ccc(cc4)[N+](=O)[O-])\O,7.09
46,CHEMBL13856,COc1ccccc1N2CCN(CCN3C(=O)Nc4scc(c5cccc(C)c5)c4C3=O)CC2,7.09
47,CHEMBL295186,C([C@H]1C2CCC(C2)[C@H]1NC3=NCCO3)c4ccccc4,7.1
48,CHEMBL576623,CC(OC1=NCCN1)c2ccccc2C3CC3,7.1
49,CHEMBL1276218,CC(Oc1ccccc1C2CC2)C3=NCCN3,7.1
50,CHEMBL140872,Fc1ccc(cc1)C(=O)CCCN2CCN(CC2)c3ncccn3,7.1
51,CHEMBL451229,CC(Oc1ccccc1C2CCCCC2)C3=NCCN3,7.11
52,CHEMBL363581,CN(C)C[C@@H]1CC2[C@H](O1)c3cc(F)ccc3Sc4ccccc24,7.11
53,CHEMBL451821,CN[C@H](C(C)C)C(=O)N(C)[C@H]1CC[C@]2(C)[C@H]3CC[C@]45CN(C)[C@@H](C)[C@H]4CC[C@H]5[C@@H]3CC=C2C1,7.11
54,terazosin,COC1=CC2=C(C=C1OC)C(N)=NC(=N2)N1CCN(CC1)C(=O)C1CCCO1,7.11
55,bromocriptine,CC(C)C[C@@H]1N2C(=O)[C@](NC(=O)[C@H]3CN(C)[C@@H]4Cc5c(Br)[nH]c6cccc(C4=C3)c56)(O[C@@]2(O)[C@@H]7CCCN7C1=O)C(C)C,7.12
56,CHEMBL217278,C[C@H]1CN(CCN1C)c2ccc(Nc3c(C)c(C)nc4cc(C)ccc34)cc2,7.12
57,CHEMBL268758,COc1ccccc1N2CCN(CCN3C(=O)Nc4scc(c5ccccc5)c4C3=O)CC2,7.13
58,CHEMBL223829,CC(Oc1ccccc1c2cccs2)C3=NCCN3,7.14
59,CHEMBL193639,CN(C)C[C@H]1CC2[C@H](O1)c3cc(F)ccc3Sc4ccccc24,7.14
60,CHEMBL226636,COc1cc2OCC3C(CN4CCN(C\C=C\c5ccc(F)cc5)CC4)ON=C3c2cc1OC,7.14
61,CHEMBL3588902,Cc1ccccc1NCc2cnc[nH]2,7.14
62,CHEMBL14107,C=CCc1ccccc1OCC2=NCCN2,7.15
63,CHEMBL1276140,C[C@H](Oc1ccccc1CC=C)C2=NCCN2,7.15
64,lofexidine,CC(OC1=C(Cl)C=CC=C1Cl)C1=NCCN1,7.16
65,CHEMBL329566,CN(C)C[C@H]1C[C@H]2[C@H](O1)c3ccccc3Cc4ccccc24,7.16
66,CHEMBL50719,C([C@H]1CCCC[C@@H]1NC2=NCCO2)c3ccccc3,7.18
67,CHEMBL1256502,CO[C@@H]1c2ccccc2[C@H]3C[C@@]13c4c[nH]cn4,7.18
68,CHEMBL494885,C1CN=C(N1)C(Oc2ccccc2)c3ccccc3,7.19
69,CHEMBL373535,CC(Oc1ccccc1c2cccnc2)C3=NCCN3,7.19
70,CHEMBL114166,CN1CCc2c(Cl)ccc(OCC=C(C)C)c2CC1,7.19
71,CHEMBL1276220,C[C@H](Oc1ccccc1C2CC2)C3=NCCN3,7.2
72,CHEMBL14638,O=C(C1CC1)c2ccc(OCCCc3c[nH]cn3)cc2,7.2
73,CHEMBL1306,CC(C)N1CCN(CC1)c2ccc(OC[C@H]3CO[C@@](Cn4cncn4)(O3)c5ccc(Cl)cc5Cl)cc2,7.22
74,amitriptyline,CN(C)CCC=C1c2ccccc2CCc3ccccc13,7.23
75,oxymetazoline,CC1=CC(=C(O)C(C)=C1CC1=NCCN1)C(C)(C)C,7.23
76,benzatropine,CN1[C@@H]2CC[C@H]1C[C@H](C2)OC(c3ccccc3)c4ccccc4,7.24
77,CHEMBL162058,COC1=CN2C(=O)C(=C(C)N=C2C=C1OC)CCN3CCc4oc5ccccc5c4C3,7.24
78,CHEMBL10316,C1CN=C(N1)C2COc3ccccc3O2,7.27
79,chlorpromazine,CN(C)CCCN1c2ccccc2Sc3ccc(Cl)cc13,7.27
80,CHEMBL297228,C1CC[C@@H]([C@H](C1)NC2=NCCO2)c3ccccc3,7.28
81,CHEMBL425622,CC(C)c1c(C)nc2ccccc2c1Nc3ccc(cc3)N4CCN(C)CC4,7.28
82,CHEMBL424917,CN1CCN(CC1(C)C)c2ccc(Nc3c(CO)cnc4ccc(F)cc34)cc2,7.3
83,CHEMBL1956197,CC(Oc1ccccc1OC2CC2)C3=NCCN3,7.32
84,CHEMBL327931,CO\C(=C/1\C(C(=C(C)N=C1C)C(=O)NCCCN2CCC(CC2)c3ccccc3)c4ccc(Cl)c(c4)[N+](=O)[O-])\O,7.32
85,CHEMBL1940419,Fc1ccc(SCCCN2CCN(CC2)c3ccccn3)cc1,7.35
86,CHEMBL1909072,NC(=O)C1CCN(CCCN2c3ccccc3Sc4ccc(Cl)cc24)CC1,7.35
87,CHEMBL276417,CC1CN(CCN1C)c2ccc(Nc3c(CO)cnc4ccc(F)cc34)cc2,7.37
88,mianserin,[H]C12CN(C)CCN1C1=C(CC3=C2C=CC=C3)C=CC=C1,7.37
89,ebastine,CC(C)(C)c1ccc(cc1)C(=O)CCCN2CCC(CC2)OC(c3ccccc3)c4ccccc4,7.4
90,CHEMBL1403281,CC(C)C[C@@H]1N2C(=O)[C@](NC(=O)[C@H]3CN(C)[C@@H]4Cc5c[nH]c6cccc(C4=C3)c56)(O[C@@]2(O)[C@@H]7CCCN7C1=O)C(C)C,7.42
91,CHEMBL214661,C[C@@H]1CN(CCN1C)c2ccc(Nc3c(CO)cnc4ccc(F)cc34)cc2,7.42
92,CHEMBL217366,CCN1CCN(CC1)c2ccc(Nc3c4ccccc4nc5ccccc35)cc2,7.43
93,promazine,CN(C)CCCN1c2ccccc2Sc3ccccc13,7.43
94,CHEMBL90966,COc1cc2OCC3C(CN4CCN(Cc5ccc6ncccc6c5)CC4)ON=C3c2cc1OC,7.44
95,CHEMBL123448,CCc1sc2ccc(Cl)c3CCN(C)Cc1c23,7.46
96,CHEMBL267464,CN1CCN(CC1)c2ccc(Nc3c(C)c(C)nc4ccccc34)cc2,7.46
97,CHEMBL384925,CN1CCN(CC1)c2ccc(Nc3c(Cc4ccccc4)c(C)nc5ccccc35)cc2,7.46
98,CHEMBL216290,CN1CCN(CC1)c2ccc(Nc3c(c(C)nc4ccccc34)c5ccccc5)cc2,7.46
99,CHEMBL305928,C1CCCC(CC1)NC2=NCCO2,7.48
100,CHEMBL518592,COc1ccccc1N2CCN(CC3COc4ccccc4O3)CC2,7.48
101,CHEMBL50720,C(C[C@H]1CCCC[C@@H]1NC2=NCCO2)Cc3ccccc3,7.49
102,CHEMBL3217984,CN1CCC2C(C1)c3cccc4SCc5ccccc5N2c34,7.5
103,CHEMBL1278084,C[C@@H](Oc1ccccc1c2cccc(O)c2)C3=NCCN3,7.5
104,flunarizine,Fc1ccc(cc1)C(N2CCN(C\C=C\c3ccccc3)CC2)c4ccc(F)cc4,7.5
105,CHEMBL196344,NCCCNC(=O)[C@H]1[C@@H](O)CC[C@H]2CN3CCc4c([nH]c5ccccc45)[C@@H]3CC12,7.5
106,nortriptyline,CNCCC=C1c2ccccc2CCc3ccccc13,7.52
107,CHEMBL91824,COc1cc2OCC3C(CN4CCN(Cc5cnc6ccccc6c5)CC4)ON=C3c2cc1OC,7.52
108,CHEMBL106525,CN1CCN(CC1)c2ccc(Nc3c4ccccc4nc5ccccc35)cc2,7.55
109,CHEMBL123138,CN1CCc2c(Cl)ccc3oc(Br)c(C1)c23,7.55
110,CHEMBL122404,COC(=O)C1=CO[C@@H](C)[C@@H]2CN3CCc4c([nH]c5ccccc45)[C@H]3C[C@H]12,7.55
111,CHEMBL49137,Cc1c(NC2=NCCN2)ccc3nccnc13,7.55
112,CHEMBL165677,CC1=C(CCN2CCc3oc4ccc(Cl)cc4c3C2)C(=O)N5C=CC=CC5=N1,7.56
113,CHEMBL495096,CC(Oc1ccccc1C2CCCC2)C3=NCCN3,7.57
114,CHEMBL19215,CN1C[C@H](CNC(=O)OCc2ccccc2)C[C@H]3[C@H]1Cc4cn(C)c5cccc3c45,7.57
115,CHEMBL537669,Cl.COC(=O)[C@H]1[C@@H](O)CC[C@H]2CN3CCc4c([nH]c5ccccc45)[C@@H]3C[C@H]12,7.57
116,CHEMBL50588,CC[C@H]1CN2CCc3cc(OC)c(OC)cc3[C@@H]2C[C@@H]1C[C@H]4NCCc5cc(OC)c(OC)cc45,7.59
117,CHEMBL435301,CN(C)C[C@H]1CC2[C@H](O1)c3cc(Cl)ccc3Oc4ccccc24,7.59
118,CHEMBL284795,Cc1sc(C)c2C(=CCCc12)c3c[nH]cn3,7.59
119,CHEMBL2431282,CCCc1ccccc1OC(C)C2=NCCN2,7.6
120,CHEMBL425803,CCc1c(C)nc2ccccc2c1Nc3ccc(cc3)N4CCN(C)CC4,7.6
121,thioridazine,CSc1ccc2Sc3ccccc3N(CCC4CCCCN4C)c2c1,7.6
122,CHEMBL310335,CCC[C@H]1CCCCC1NC2=NCCO2,7.61
123,CHEMBL297752,CCC[C@H]1CCCC[C@@H]1NC2=NCCO2,7.61
124,CHEMBL199824,[11CH3]Oc1ccc2cccc(N3CCN(CCCCN4N=CC(=O)N(C)C4=O)CC3)c2c1,7.63
125,CHEMBL419894,COc1cc2OC[C@H]3[C@H](CN4CCN(C\C=C\c5ccc(F)cc5)CC4)ON=C3c2cc1OC,7.64
126,fluphenazine,OCCN1CCN(CCCN2c3ccccc3Sc4ccc(cc24)C(F)(F)F)CC1,7.66
127,CHEMBL25467,CN1CCc2c(Cl)ccc3sc(C=C)c(C1)c23,7.68
128,CHEMBL1255617,C1CC12c3ccccc3[C@H]4C[C@@]24c5c[nH]cn5,7.69
129,CHEMBL123349,CN1CCc2cccc(Cl)c2CC1,7.7
130,CHEMBL392992,COc1cc2CCN(Cc3ccc(OC)c4oc(cc34)c5ccccc5)Cc2cc1OC,7.7
131,CHEMBL590615,Fc1cccc(CCNC23OC4C5C6CC(C7C6C4C27)C35)c1,7.7
132,CHEMBL179648,C(C1CCc2ccccc2O1)N3CCN(Cc4ccccc4)CC3,7.71
133,CHEMBL246228,COc1cc2CCN(Cc3cnc(N)n4nc(nc34)c5occc5)Cc2cc1OC,7.72
134,CHEMBL246639,COc1cccc(c1)c2oc3c(OC)ccc(CN4CCc5cc(OC)c(OC)cc5C4)c3c2,7.72
135,CHEMBL308570,Cc1c(Nc2ncc[nH]2)ccc3OCCOc13,7.72
136,CHEMBL90997,Fc1ccc2CC(CC3CN=CN3)Cc2c1,7.72
137,CHEMBL382310,O[C@H]1CC[C@H]2CN3CCc4c([nH]c5ccccc45)[C@@H]3CC2[C@H]1C(=O)O,7.72
138,CHEMBL374584,CC(Oc1ccccc1c2cccc(O)c2)C3=NCCN3,7.75
139,mirtazapine,[H]C12CN(C)CCN1C1=C(CC3=C2C=CC=C3)C=CC=N1,7.75
140,CHEMBL246852,COc1cc2CCN(Cc3ccc(OC)c4oc(cc34)c5ccccc5C(F)(F)F)Cc2cc1OC,7.75
141,CHEMBL1385840,CC(C)[C@@H]1N2C(=O)[C@](NC(=O)[C@H]3CN(C)[C@@H]4Cc5c[nH]c6cccc(C4=C3)c56)(O[C@@]2(O)[C@@H]7CCCN7C1=O)C(C)C,7.77
142,CHEMBL223836,CC(Oc1ccccc1c2cccc(F)c2)C3=NCCN3,7.77
143,CHEMBL40650,COc1cccc2[C@@H]3CN(CCN4C(=O)Nc5c(sc6cccnc56)C4=O)C[C@@H]3CCc12,7.78
144,CHEMBL216727,CC1CN(CCN1C)c2ccc(Nc3c(C)c(C)nc4ccc(F)cc34)cc2,7.8
145,CHEMBL476774,O=C(NCCN1CCCN(CC2COc3ccccc3O2)CC1)c4cccnc4,7.8
146,CHEMBL262901,CC1CN(CCN1C)c2ccc(Nc3c(C)c(C)nc4cc(C)ccc34)cc2,7.82
147,CHEMBL2413154,COc1ccccc1N2CCN(CCCCN3N=CC(=O)N(C)C3=O)CC2,7.82
148,CHEMBL165181,CC1=C(CCN2CCc3sc4ccccc4c3C2)C(=O)N5C=CC=CC5=N1,7.85
149,CHEMBL1255582,CCC1(Cc2ccc(F)cc2C1)c3c[nH]cn3,7.86
150,CHEMBL93801,COc1cc2OCC3C(CN4CCN(Cc5csc6ccccc56)CC4)ON=C3c2cc1OC,7.89
151,CHEMBL194849,Cc1ccc(cc1)N(NC2=NCCN2)c3cccc(O)c3,7.89
152,CHEMBL289480,C1CN=C(NC(C2CC2)C3CC3)O1,7.9
153,CHEMBL75030,C1CC(NC2=NCCO2)c3ccccc3C1,7.92
154,ergotamine,CN1C[C@@H](C=C2[C@H]1Cc3c[nH]c4cccc2c34)C(=O)N[C@]5(C)O[C@@]6(O)[C@@H]7CCCN7C(=O)[C@H](Cc8ccccc8)N6C5=O,7.92
155,CHEMBL3590203,NCCc1ccccc1c2cccc(c2)C#N,7.93
156,CHEMBL393597,COc1cc2CCN(Cc3ccc(OC)c4oc(cc34)c5ccccc5F)Cc2cc1OC,7.96
157,CHEMBL47313,C(Cc1ccccc1)[C@H]2CCCC[C@@H]2NC3=NCCO3,7.97
158,CHEMBL191703,C[C@H]1[C@H]2CC[C@H]3[C@@H]4CC=C5C[C@H](CC[C@]5(C)[C@H]4CC[C@]23CN1C)N(C)C,7.98
159,CHEMBL1256565,CCO[C@H]1c2ccccc2[C@H]3C[C@@]13c4c[nH]cn4,7.99
160,CHEMBL1956192,CC(Oc1ccccc1Br)C2=NCCN2,8.0
161,risperidone,CC1=C(CCN2CCC(CC2)c3noc4cc(F)ccc34)C(=O)N5CCCCC5=N1,8.0
162,dihydroergotamine,CN1C[C@@H](C[C@H]2[C@H]1Cc3c[nH]c4cccc2c34)C(=O)N[C@]5(C)O[C@@]6(O)[C@@H]7CCCN7C(=O)[C@H](Cc8ccccc8)N6C5=O,8.0
163,CHEMBL318235,COc1cc2OC[C@H]3[C@H](CN4CCN(C\C(=C\c5ccc(F)cc5)\C)CC4)ON=C3c2cc1OC,8.0
164,CHEMBL419316,COc1cc2OC[C@H]3[C@H](CN4CCN(C\C=C(/C)\c5ccccc5)CC4)ON=C3c2cc1OC,8.0
165,CHEMBL101411,COc1cc2OC[C@H]3[C@H](CN4CCN(C\C=C\c5ccc(Cl)cc5)CC4)ON=C3c2cc1OC,8.0
166,CHEMBL246229,COc1cc2CCN(Cc3ccc(OC)c4oc(cc34)c5ccccn5)Cc2cc1OC,8.02
167,CHEMBL420830,COc1cc2OC[C@H]3[C@H](CN4CCN(C\C=C/c5ccccc5)CC4)ON=C3c2cc1OC,8.02
168,CHEMBL92860,COc1cc2OC[C@H]3[C@H](CN4CCN(Cc5ccc6ccccc6c5)CC4)ON=C3c2cc1OC,8.02
169,CHEMBL428407,COc1cc2CCN(Cc3ccc(OC)c4oc(cc34)C(=O)NCCN(C)C)Cc2cc1OC,8.03
170,CHEMBL392771,COc1cc2CCN(Cc3ccc(OC)c4oc(cc34)c5cccc(c5)C(=O)NCCN(C)C)Cc2cc1OC,8.03
171,CHEMBL217542,C[C@@H]1CN(CCN1C)c2ccc(Nc3c(CO)cnc4ccccc34)cc2,8.04
172,CHEMBL488974,O=C(NCCN1CCCN(C[C@@H]2COc3ccccc3O2)CC1)c4cccnc4Oc5ccccc5,8.04
173,CHEMBL217254,C[C@@H]1CN(CCN1C)c2ccc(Nc3c(C)c(CO)nc4ccccc34)cc2,8.05
174,CHEMBL298936,Cc1c(NC2=NCCN2)ccc3OCCNc13,8.05
175,CHEMBL1255837,CC(C)[C@@]1(NC(=O)[C@@H]2C[C@H]3[C@@H](Cc4c[nH]c5cccc3c45)N(C)C2)O[C@@]6(O)[C@@H]7CCCN7C(=O)[C@H](Cc8ccccc8)N6C1=O.CS(=O)(=O)O,8.06
176,CHEMBL217202,CC1CN(CCN1C)c2ccc(Nc3c(C)cnc4ccccc34)cc2,8.07
177,CHEMBL386169,CCc1c(C)nc2c(C)cccc2c1Nc3ccc(cc3)N4CCCN(C)CC4,8.07
178,CHEMBL371516,O[C@@H]1CC[C@@H]2CN3CCc4c([nH]c5ccccc45)[C@H]3C[C@H]2[C@@H]1C(=O)NCCCNC(=O)[C@H]6[C@@H](O)CC[C@H]7CN8CCc9c([nH]c%10ccccc9%10)[C@@H]8CC67,8.07
179,CHEMBL1689423,CC1CN(CCN1C)c2ccc(Nc3c(C)c(C)nc4cc(Cl)ccc34)cc2,8.08
180,CHEMBL390718,COc1cc2NCC3C(CN4CCN(C\C(=C\c5ccccc5)\C)CC4)ON=C3c2cc1OC,8.08
181,CHEMBL383978,C[C@@H]1CN(CCN1C)c2ccc(Nc3c(C)c(C)nc4cc(C)ccc34)cc2,8.08
182,CHEMBL836,CCOc1ccccc1OCCN[C@H](C)Cc2ccc(OC)c(c2)S(=O)(=O)N,8.1
183,CHEMBL370005,COC(=O)CNC(=O)[C@H]1[C@@H](O)CC[C@H]2CN3CCc4c([nH]c5ccccc45)[C@@H]3CC12,8.1
184,CHEMBL392991,COc1cc2CCN(Cc3ccc(OC)c4oc(cc34)c5occc5)Cc2cc1OC,8.1
185,CHEMBL217567,C[C@@H]1CN(CCN1C)c2ccc(Nc3c(C)c(C)nc4c(C)c(C)ccc34)cc2,8.11
186,CHEMBL214996,CC1CN(CCN1C)c2ccc(Nc3c(CO)c(C)nc4ccccc34)cc2,8.13
187,CHEMBL217177,CC1CN(CCN1C)c2ccc(Nc3c(C)c(C)nc4c(C)cccc34)cc2,8.16
188,CHEMBL165776,CC1=C(CCCN2CCc3oc4ccccc4c3C2)C(=O)N5C=CC=CC5=N1,8.18
189,CHEMBL268217,CN1CCN(CC1(C)C)c2ccc(Nc3c(CO)cnc4ccccc34)cc2,8.19
190,CHEMBL93489,COc1cc2OCC3C(CN4CCN(C\C=C\c5ccccc5)CC4)ON=C3c2cc1OC,8.21
191,CHEMBL328114,COc1cc2OC[C@H]3[C@H](CN4CCN(C\C=C\c5ccccc5)CC4)ON=C3c2cc1OC,8.21
192,CHEMBL216464,CN1CCN(CC1(C)C)c2ccc(Nc3c(CO)cnc4cc(Cl)ccc34)cc2,8.23
193,CHEMBL1256503,CO[C@H]1c2ccccc2[C@H]3C[C@@]13c4c[nH]cn4,8.24
194,CHEMBL218679,CN1CCN(CC1(C)C)c2ccc(Nc3c(C)cnc4ccccc34)cc2,8.27
195,CHEMBL193458,COC(=O)CNC(=O)CNC(=O)[C@H]1[C@@H](O)CC[C@H]2CN3CCc4c([nH]c5ccccc45)[C@@H]3CC12,8.28
196,CHEMBL328735,COc1cc2OCC3C(CN4CCN(CCC(=O)c5ccccc5)CC4)ON=C3c2cc1OC,8.28
197,CHEMBL217203,CC1CN(CCN1C)c2ccc(Nc3c(C)c(C)nc4c(C)c(C)ccc34)cc2,8.3
198,CHEMBL218457,CC1CN(CCN1C)c2ccc(Nc3c(c(C)nc4ccccc34)c5ccccc5)cc2,8.3
199,CHEMBL123325,COC(=O)C1=CO[C@@H](C)[C@H]2CN3CCc4c([nH]c5ccccc45)[C@@H]3C[C@H]12,8.3
200,CHEMBL477816,O=C(NCCN1CCCN(CC2COc3ccccc3O2)CC1)c4cccnc4Oc5ccccc5,8.3
201,CHEMBL217253,CC(O)c1c(C)nc2ccccc2c1Nc3ccc(cc3)N4CCN(C)C(C)C4,8.31
202,CHEMBL328377,COc1cc2OCC3C(CN4CCN(CC5=Cc6ccccc6C5)CC4)ON=C3c2cc1OC,8.33
203,CHEMBL1085510,CN1CC2[C@H](CN3CCN(C\C=C\c4ccccc4)CC3)ON=C2c5ccccc15,8.35
204,lisuride,[H][C@@]12CC3=CNC4=CC=CC(=C34)C1=C[C@@H](CN2C)NC(=O)N(CC)CC,8.37
205,CHEMBL353972,CCC1(Cc2ccccc2C1)c3cnc[nH]3,8.38
206,CHEMBL247664,COc1cc2CCN(Cc3ccc(OC)c4oc(cc34)C(=O)NCC(C)(C)N)Cc2cc1OC,8.38
207,CHEMBL218675,CN1CCN(CC1(C)C)c2ccc(Nc3c(CO)c(C)nc4ccccc34)cc2,8.42
208,CHEMBL362954,COc1cccc(c1)N(NC2=NCCN2)c3ccc(C)cc3,8.42
209,CHEMBL162147,CC1=C(CCN2CCc3oc4ccccc4c3C2)C(=O)N5C=C(C=C(Cl)C5=N1)C(F)(F)F,8.44
210,CHEMBL247665,COc1cc2CCN(Cc3ccc(OC)c4oc(cc34)C(=O)N5CCC(CC5)N6CCCC6)Cc2cc1OC,8.46
211,CHEMBL94129,COc1cc2OCC3C(CN4CCN(Cc5ccc6ccccc6c5)CC4)ON=C3c2cc1OC,8.51
212,CHEMBL478026,O=C(NCCN1CCN(CC2COc3ccccc3O2)CC1)c4cccnc4Oc5ccccc5,8.52
213,CHEMBL195925,O[C@H]1CC[C@H]2CN3CCc4c([nH]c5ccccc45)[C@@H]3CC2[C@H]1C(=O)NCCCC(=O)O,8.52
214,CHEMBL196064,CC(C)(C)OC(=O)NCCCNC(=O)[C@H]1[C@@H](O)CC[C@H]2CN3CCc4c([nH]c5ccccc45)[C@@H]3CC12,8.55
215,CHEMBL319573,COc1cc2OC[C@H]3[C@H](CN4CCN(C\C=C\c5ccccc5F)CC4)ON=C3c2cc1OC,8.55
216,CHEMBL1255771,C[C@]12C[C@]1(Cc3ccccc23)c4c[nH]cn4,8.55
217,CHEMBL162436,O=C1N2C=CC=CC2=NC(=C1CCN3CCc4oc5ccccc5c4C3)Cc6ccccc6,8.57
218,CHEMBL491419,C(CN1CCCN(CC2COc3ccccc3O2)CC1)OCc4cccnc4Oc5ccccc5,8.6
219,CHEMBL1627,CNC(=O)C(CCN1CCC(O)(CC1)c2ccc(Cl)cc2)(c3ccccc3)c4ccccc4,8.62
220,CHEMBL422597,COc1ccc2OCC3C(CN4CCN(C\C=C\c5ccccc5)CC4)ON=C3c2c1,8.64
221,CHEMBL425983,Cc1nc2ccccc2c(Nc3ccc(cc3)N4CCN5CCCCC5C4)c1C,8.64
222,CHEMBL164612,CC1=C(CCN2CCc3oc4c(Cl)cccc4c3C2)C(=O)N5C=CC=CC5=N1,8.65
223,CHEMBL98889,COc1cc2OC[C@H]3[C@H](CN4CCN(C\C(=C\c5cccnc5)\C)CC4)ON=C3c2cc1OC,8.68
224,CHEMBL268258,COc1cccc2[C@H](CN(C)CCc3ccc4ccoc4c3)CCCc12,8.68
225,CHEMBL1956195,CC(Oc1ccccc1CC2CC2)C3=NCCN3,8.7
226,CHEMBL2089156,C[C@H](Oc1ccccc1CC2CC2)C3=NCCN3,8.7
227,CHEMBL217299,Oc1cc2OCC3NCc4ccccc4C3c2cc1O,8.7
228,CHEMBL491420,C(C1COc2ccccc2O1)N3CCCN(Cc4onc(n4)c5cccnc5Oc6ccccc6)CC3,8.72
229,CHEMBL90419,COc1cc2OCC3C(CN4CCN(CCCc5ccccc5)CC4)ON=C3c2cc1OC,8.72
230,CHEMBL90247,COc1ccc2C3=NOC(CN4CCN(C\C=C\c5ccccc5)CC4)C3COc2c1,8.72
231,CHEMBL3290012,Fc1ccc2c(noc2c1)C3CCN(CCCCNS(=O)(=O)c4cc5ccccc5s4)CC3,8.72
232,CHEMBL90943,C(\C=C\c1ccccc1)N2CCN(CC3ON=C4C3COc5ccccc45)CC2,8.77
233,CHEMBL162501,CC1=C(CCN2CCc3oc4ccccc4c3C2)C(=O)N5C=CC=CC5=N1,8.77
234,CHEMBL162826,CC1=C(CCN2CCc3oc4ccccc4c3C2)C(=O)N5C=CC=C(O)C5=N1,8.79
235,CHEMBL1256566,CCCO[C@H]1c2ccccc2[C@H]3C[C@@]13c4c[nH]cn4,8.81
236,CHEMBL1255616,CCC[C@H]1c2ccccc2[C@H]3C[C@@]13c4c[nH]cn4,8.83
237,CHEMBL91157,COc1cc2OC[C@H]3[C@H](CN4CCN(C\C(=C\c5ccccc5)\C)CC4)ON=C3c2cc1OC,8.85
238,CHEMBL163247,CC1=C(CCN2CCc3oc4ccccc4c3C2)C(=O)N5C=C(Cl)C=C(Cl)C5=N1,8.87
239,CHEMBL351200,CC1=CC=CN2C(=O)C(=C(C)N=C12)CCN3CCc4oc5ccccc5c4C3,8.88
240,CHEMBL162370,CC1=CN2C(=O)C(=C(C)N=C2C=C1)CCN3CCc4oc5ccccc5c4C3,8.89
241,CHEMBL1256610,CC[C@H]1c2ccccc2[C@H]3C[C@@]13c4c[nH]cn4,8.9
242,CHEMBL165796,CC1=CC2=NC(=C(CCN3CCc4oc5ccccc5c4C3)C(=O)N2C=C1)C,8.92
243,CHEMBL1255770,CC1(C)[C@@H]2c3ccccc3C[C@]12c4c[nH]cn4,8.93
244,CHEMBL369938,O[C@H]1CC[C@H]2CN3CCc4c([nH]c5ccccc45)[C@@H]3CC2[C@H]1C(=O)NCCCNC(=O)OCc6ccccc6,8.96
245,CHEMBL163190,CC1=CC=CC2=NC(=C(CCN3CCc4oc5ccccc5c4C3)C(=O)N12)C,8.97
246,CHEMBL10347,COC(=O)[C@@H]1[C@@H](O)CC[C@@H]2CN3CCc4c([nH]c5ccccc45)[C@@H]3C[C@H]12,9.0
247,CHEMBL101361,COc1cc2OC[C@H]3[C@H](CN4CCN(C\C=C(/C)\c5ccccc5OC)CC4)ON=C3c2cc1OC,9.05
248,CHEMBL524153,O=C(NCCN1CCCN(C[C@H]2COc3ccccc3O2)CC1)c4cccnc4Oc5ccccc5,9.05
249,CHEMBL162232,CC1=CC2=NC(=C(CCN3CCc4oc5ccccc5c4C3)C(=O)N2C(=C1)C)C,9.07
250,CHEMBL514837,CCCCOc1ncccc1C(=O)NCCN2CCCN(CC3COc4ccccc4O3)CC2,9.1
251,CHEMBL10332,COC1(COc2ccccc2O1)C3=NCCN3,9.1
252,CHEMBL394218,COc1cc2CCN(Cc3ccc(OC)c4oc(cc34)C(=O)NC5CN6CCC5CC6)Cc2cc1OC,9.1
253,CHEMBL328631,COc1cc2OC[C@H]3[C@H](CN4CCN(C\C=C(/C)\c5ccc(F)cc5F)CC4)ON=C3c2cc1OC,9.1
254,CHEMBL25554,COc1cccc(OC)c1OCCNCC2COc3ccccc3O2,9.1
255,CHEMBL515331,O=C(NCCN1CCCN(CC2COc3ccccc3O2)CC1)c4cccnc4Oc5cccc(c5)C#N,9.1
256,CHEMBL351483,CC1=C(CCN2CCc3oc4ccccc4c3C2)C(=O)N5C=C(Cl)C=CC5=N1,9.14
257,CHEMBL162490,COC1=CC=CN2C(=O)C(=C(C)N=C12)CCN3CCc4oc5ccccc5c4C3,9.15
258,CHEMBL165350,CC1=C(CCN2CCc3oc4ccccc4c3C2)C(=O)N5C=C(Br)C=CC5=N1,9.16
259,CHEMBL419336,COc1cc2OC[C@H]3[C@H](CN4CCN(C\C(=C\c5cccc(F)c5F)\C)CC4)ON=C3c2cc1OC,9.16
260,CHEMBL95218,COc1cc2OC[C@H]3[C@H](CN4CCN(C\C=C\c5cccc(F)c5)CC4)ON=C3c2cc1OC,9.16
261,CHEMBL196451,O[C@H]1CC[C@H]2CN3CCc4c([nH]c5ccccc45)[C@@H]3CC2[C@H]1C(=O)NCCCC(=O)OCc6ccccc6,9.19
262,CHEMBL162682,CC1=C(CCN2CCc3oc4ccccc4c3C2)C(=O)N5C=C(I)C=CC5=N1,9.21
263,CHEMBL476569,CCCCOc1cccc(n1)C(=O)NCCN2CCCN(CC3COc4ccccc4O3)CC2,9.22
264,CHEMBL327875,COc1cc2OCC3C(CN4CCN(C\C=C(/C)\c5ccccc5)CC4)ON=C3c2cc1OC,9.22
265,CHEMBL329065,COc1cc2OC[C@H]3[C@H](CN4CCN(C\C=C(/C)\c5ccc(O)cc5)CC4)ON=C3c2cc1OC,9.22
266,CHEMBL1256609,C[C@H]1c2ccccc2[C@H]3C[C@@]13c4c[nH]cn4,9.27
267,CHEMBL477608,CC(C)(C)Nc1ncccc1C(=O)NCCN2CCCN(CC3COc4ccccc4O3)CC2,9.3
268,CHEMBL99916,COc1cc2OC[C@H]3[C@H](CN4CCN(C\C(=C\c5occc5)\C)CC4)ON=C3c2cc1OC,9.3
269,CHEMBL1255724,CCC[C@H]1[C@@H]2c3ccccc3C[C@]12c4c[nH]cn4,9.36
270,CHEMBL99868,COc1cc2OC[C@H]3[C@H](CN4CCN(C\C(=C\c5ccccc5OC)\C)CC4)ON=C3c2cc1OC,9.4
271,CHEMBL319530,COc1cc2OC[C@H]3[C@H](CN4CCN(C\C=C(/C)\c5occc5)CC4)ON=C3c2cc1OC,9.4
272,CHEMBL98541,COc1cc2OC[C@H]3[C@H](CN4CCN(C\C=C(/C)\c5ccc(F)cc5)CC4)ON=C3c2cc1OC,9.52
273,CHEMBL328195,COc1cc2OC[C@H]3[C@H](CN4CCN(C\C=C(/C)\c5ccsc5)CC4)ON=C3c2cc1OC,9.52
274,CHEMBL1256378,C[C@H]1[C@@H]2c3ccccc3C[C@]12c4c[nH]cn4,9.53
275,CHEMBL1256414,C1[C@@H]2c3ccccc3C[C@]12c4c[nH]cn4,9.58
276,CHEMBL93171,COc1cc2OCC3C(CN4CCN(C\C(=C\c5ccccc5)\C)CC4)ON=C3c2cc1OC,9.7
277,CHEMBL319119,COc1cc2OC[C@H]3[C@H](CN4CCN(C\C(=C\c5cc(F)ccc5F)\C)CC4)ON=C3c2cc1OC,9.7
278,CHEMBL263424,COc1cc2OC[C@H]3[C@H](CN4CCN(C\C(=C\c5cccc(F)c5)\C)CC4)ON=C3c2cc1OC,9.7
279,CHEMBL98646,COc1cc2OC[C@H]3[C@H](CN4CCN(C\C(=C\c5cccs5)\C)CC4)ON=C3c2cc1OC,9.7
280,CHEMBL101596,COc1cc2OC[C@H]3[C@H](CN4CCN(C\C(=C\c5ccsc5)\C)CC4)ON=C3c2cc1OC,9.7
281,CHEMBL100879,COc1cc2OC[C@H]3[C@H](CN4CCN(C\C=C(/C)\c5cccs5)CC4)ON=C3c2cc1OC,9.7
282,CHEMBL1255723,CC[C@H]1[C@@H]2c3ccccc3C[C@]12c4c[nH]cn4,9.77
1,CHEMBL134,Clc1cccc(Cl)c1NC2=NCCN2,7.52
4,CHEMBL49284,Cc1c(NC2=NCCN2)ccc3NCCNc13,6.92
6,CHEMBL611,COc1cc2nc(nc(N)c2cc1OC)N3CCN(CC3)C(=O)C4CCCO4,7.11
7,CHEMBL647,Nc1cc(Cl)c(N=C2NCCN2)c(Cl)c1,7.52
8,CHEMBL30739,Cc1sc(C)c2C(CCCc12)c3c[nH]cn3,6.69
12,CHEMBL284213,C1CC(c2c[nH]cn2)c3ccsc3C1,6.76
17,CHEMBL707,COc1cc2nc(nc(N)c2cc1OC)N3CCN(CC3)C(=O)C4COc5ccccc5O4,6.55
18,CHEMBL315392,CN(C)C(=O)C1=C(C)NC(=C(C1c2ccc(cc2)[N+](=O)[O-])C(=O)NCCCN3CCC(CC3)(c4ccccc4)c5ccccc5)C,6.09
19,CHEMBL88448,CO\C(=C/1\C(C(=C(C)N=C1C)C(=O)N(C)CCCN2CCC(CC2)(c3ccccc3)c4ccccc4)c5ccc(cc5)[N+](=O)[O-])\O,6.61
20,CHEMBL279516,O=C(NC1CCN(CCc2c[nH]c3ccccc23)CC1)c4ccccc4,6.32
21,CHEMBL314960,CO\C(=C/1\C(C(=C(C)N=C1C)C(=O)NCCCN2CCC(CC2)(c3ccccc3)c4ccccc4)c5ccc(Cl)cc5)\O,6.0
23,CHEMBL315538,CO\C(=C/1\C(C(=C(C)N=C1C)C(=O)NCCCN2CCC(CC2)(c3ccccc3)c4ccccc4)c5ccc(OC)cc5)\O,5.94
24,CHEMBL91956,CO\C(=C/1\C(C(=C(C)N=C1C)C(=O)NCCN2CCC(CC2)(c3ccccc3)c4ccccc4)c5ccc(cc5)[N+](=O)[O-])\O,6.61
25,CHEMBL313160,CO\C(=C/1\C(C(=C(C)N=C1C)C(=O)NCCCN2CCC(CC2)(c3ccccc3)c4ccccc4)c5ccc(c(OC)c5)[N+](=O)[O-])\O,6.4
26,CHEMBL420060,COc1ccccc1N2CCN(CCCNC3=C(C)C(=O)N(C)C(=O)N3C)CC2,6.88
27,CHEMBL89243,CO\C(=C/1\C(C(=C(C)N=C1C)C(=O)NCCCN2CCC(CC2)(c3ccccc3)c4ccccc4)c5ccc(cc5)C#N)\O,6.06
28,CHEMBL92322,CO\C(=C/1\C(C(=C(C)N=C1C)C(=O)NCCCN2CCC(CC2)(c3ccccc3)c4ccccc4)c5ccc6ccccc6c5)\O,6.2
29,CHEMBL448620,COC(=O)C1=C(C)NC(=C(C1c2ccc(cc2)[N+](=O)[O-])C(=O)NCCCN3CCC(CC3)(c4ccccc4)c5ccccc5)C,6.43
30,CHEMBL327775,CC1=C(C#N)C(C(=C(C)N1)C(=O)NCCCN2CCC(CC2)(c3ccccc3)c4ccccc4)c5ccc(cc5)[N+](=O)[O-],6.32
31,CHEMBL88628,CNC(=O)C1=C(C)NC(=C(C1c2ccc3OCOc3c2)C(=O)NCCCN4CCC(CC4)(c5ccccc5)c6ccccc6)C,5.99
33,CHEMBL597,Cc1ccc(cc1)N(CC2=NCCN2)c3cccc(O)c3,8.08
34,CHEMBL313251,CC1=C(C(C(=C(C)N1)C(=O)NCCCN2CCC(CC2)(c3ccccc3)c4ccccc4)c5ccc6OCOc6c5)C(=O)O,6.11
37,CHEMBL327712,CO\C(=C/1\C(C(=C(C)N=C1C)C(=O)NCCCN2CCC(CC2)(c3ccccc3)c4ccccc4)c5ccc(Cl)c(Cl)c5)\O,6.8
38,CHEMBL91415,CO\C(=C/1\C(C(=C(C)N=C1C)C(=O)NCCCN2CCC(CC2)(c3ccccc3)c4ccccc4)c5ccc6OCOc6c5)\O,6.24
39,CHEMBL2,COc1cc2nc(nc(N)c2cc1OC)N3CCN(CC3)C(=O)c4occc4,7.02
41,CHEMBL284103,CNC(=O)C1=C(C)NC(=C(C1c2ccc(cc2)[N+](=O)[O-])C(=O)NCCCN3CCC(CC3)(c4ccccc4)c5ccccc5)C,6.49
42,CHEMBL313953,CC(C)C1=C(C(C(=C(N1)C(C)C)C(=O)NCCCN2CCC(CC2)(c3ccccc3)c4ccccc4)c5ccc(cc5)[N+](=O)[O-])C(=O)N,6.37
43,CHEMBL88388,CC(=O)C1=C(C)NC(=C(C1c2ccc3OCOc3c2)C(=O)NCCCN4CCC(CC4)(c5ccccc5)c6ccccc6)C,6.39
44,CHEMBL279436,CC1=C(C(C(=C(C)N1)C(=O)NCCCN2CCC(CC2)(c3ccccc3)c4ccccc4)c5ccc(cc5)[N+](=O)[O-])C(=O)N,6.78
45,CHEMBL315914,CO\C(=C/1\C(C(=C(C)N=C1C)C(=O)NCCCN2CCC(CC2)(c3ccccc3)c4ccccc4)c5ccc(C)cc5)\O,6.38
47,CHEMBL312871,CC1=C(C(C(=C(C)N1)C(=O)NCCCN2CCC(CC2)(c3ccccc3)c4ccccc4)c5ccc6OCOc6c5)C(=O)N,6.14
49,CHEMBL91550,CCC1=C(C(C(=C(CC)N1)C(=O)NCCCN2CCC(CC2)(c3ccccc3)c4ccccc4)c5ccc(cc5)[N+](=O)[O-])C(=O)N,6.72
51,CHEMBL89685,CC(=O)C1=C(C)NC(=C(C1c2ccc(cc2)[N+](=O)[O-])C(=O)NCCCN3CCC(CC3)(c4ccccc4)c5ccccc5)C,6.43
52,CHEMBL284470,CO\C(=C/1\C(C(=C(C)N=C1C)C(=O)NCCCCN2CCC(CC2)(c3ccccc3)c4ccccc4)c5ccc(cc5)[N+](=O)[O-])\O,6.55
54,CHEMBL83658,CN(C)CC1CC2N(O1)c3ccccc3Cc4ccccc24,5.73
56,CHEMBL6437,CN1CCN2C(C1)c3ccccc3Cc4ccccc24,7.37
63,CHEMBL3392246,COC(=O)C1=C(C)NC(=C(C1c2ccc(cc2)[N+](=O)[O-])C(=O)OCCCN3CCC(CC3)(c4ccccc4)c5ccccc5)C,5.77
64,CHEMBL405355,COC(=O)C1=C(C)NC(=C([C@H]1c2cccc(c2)[N+](=O)[O-])C(=O)OCCCN3CCC(CC3)(c4ccccc4)c5ccccc5)C,6.43
65,CHEMBL15245,COC(=O)[C@H]1[C@@H](O)CC[C@H]2CN3CCc4c([nH]c5ccccc45)[C@@H]3C[C@H]12,8.64
67,CHEMBL3392247,COC(=O)C1=C(C)NC(=C(C1c2cccc(c2)[N+](=O)[O-])C(=O)NCCCN3CCC(CC3)(c4ccccc4)c5ccccc5)C,6.25
72,CHEMBL31410,COC(=O)[C@@H]1[C@@H](O)CC[C@H]2CN3CCc4c([nH]c5ccccc45)[C@@H]3C[C@H]12,6.79
76,CHEMBL70740,O=S1(=O)CCCc2cccc(NCC3=NCCN3)c12,5.57
79,CHEMBL74114,CS(=O)(=O)c1cccc(F)c1NCC2=NCCN2,6.16
85,CHEMBL70692,CSc1c(F)cccc1NCC2=NCCN2,6.66
88,CHEMBL540035,Cl.CCSc1ccccc1NCC2=NCCN2,6.57
91,CHEMBL306792,CSc1cc(F)ccc1NCC2=NCCN2,6.66
97,CHEMBL70973,CCS(=O)(=O)c1ccccc1NCC2=NCCN2,5.6
100,CHEMBL70634,CS(=O)(=O)c1ccc(Cl)cc1NCC2=NCCN2,5.32
106,CHEMBL553276,Cl.CC(C)Sc1ccccc1NCC2=NCCN2,6.78
110,CHEMBL419448,CS(=O)(=O)c1c(F)cccc1NCC2=NCCN2,6.59
113,CHEMBL70691,COc1ccc(SC)c(NCC2=NCCN2)c1,6.22
115,CHEMBL70751,CSc1ccc(Cl)cc1NCC2=NCCN2,6.77
118,CHEMBL72724,CSc1ccc(cc1NCC2=NCCN2)C(F)(F)F,6.22
123,CHEMBL554416,Cl.CCCS(=O)(=O)c1ccccc1NCC2=NCCN2,5.58
133,CHEMBL70563,CS(=O)(=O)c1cc(Cl)ccc1NCC2=NCCN2,5.4
136,CHEMBL72441,CSc1ccc(C)cc1NCC2=NCCN2,6.7
139,CHEMBL72768,CSc1ccc(F)cc1NCC2=NCCN2,6.94
142,CHEMBL27979,C[C@H]1CC[C@H](C)N1CCCOc2ccc(cc2)c3ccc(cc3)C(=O)N4CCOCC4,5.79
143,CHEMBL540542,Cl.CSc1ccccc1NCC2=NCCN2,6.84
149,CHEMBL762,Cc1cc(c(O)c(C)c1CC2=NCCN2)C(C)(C)C,7.23
155,CHEMBL179334,CO\C(=C/1\[C@@H](C(=C(C)N=C1C)C(=O)NCCCN2CCC(CC2)(c3ccccc3)c4ccccc4)c5ccc(cc5)[N+](=O)[O-])\O,6.17
157,CHEMBL2051956,COC(=O)C1=C(C)NC(=C([C@@H]1c2cccc(c2)[N+](=O)[O-])C(=O)OCCCN3CCC(CC3)(c4ccccc4)c5ccccc5)C,6.35
161,CHEMBL290860,CO\C(=C/1\C(C(=C(C)N=C1C)C(=O)OCCCN2CCC(CC2)(c3ccccc3)c4ccccc4)c5ccc(cc5)[N+](=O)[O-])\O,6.52
191,CHEMBL133455,C[C@H](N)Cc1c[nH]c2ccc3OCCCc3c12,4.85
196,CHEMBL6310,COc1ccc2c3CCNCc3[nH]c2c1,5.76
198,CHEMBL269538,COc1ccc2c(c1)[nH]c3c(C)nccc23,6.09
200,CHEMBL19236,COc1nc(C)nc(Cl)c1NC2=NCCN2,5.7
201,CHEMBL1437,NC[C@H](O)c1ccc(O)c(O)c1,7.2
204,CHEMBL316495,CCCC1=C(C(C(=C(CC)N1)C(=O)NCC)c2ccc(cc2)[N+](=O)[O-])C(=O)NCCCN3CCC(CC3)(c4ccccc4)c5ccccc5,6.36
205,CHEMBL320736,CCC1=C(C(C(=C(COCC(F)(F)F)N1)C(=O)NCCCN2CCC(CC2)(c3ccccc3)c4ccccc4)c5ccc(cc5)[N+](=O)[O-])C(=O)N,6.05
206,CHEMBL95578,CCC1=C(C(C(=C(COCCCN)N1)C(=O)NCCCN2CCC(CC2)(c3ccccc3)c4ccccc4)c5ccc(cc5)[N+](=O)[O-])C(=O)N,6.54
207,CHEMBL180561,CC1=C(C(C(=C(C)N1)C(=O)NCCCCN2CCC(CC2)(c3ccccc3)c4ccccc4)c5ccc(cc5)[N+](=O)[O-])C(=O)N,6.49
208,CHEMBL98063,CCC1=C(C(C(=C(COCCN=[N+]=[N-])N1)C(=O)NCCCN2CCC(CC2)(c3ccccc3)c4ccccc4)c5ccc(cc5)[N+](=O)[O-])C(=O)N,6.65
209,CHEMBL323579,CCC1=C(C(C(=C(COCCN)N1)C(=O)NCCCN2CCC(CC2)(c3ccccc3)c4ccccc4)c5ccc(cc5)[N+](=O)[O-])C(=O)N,6.69
210,CHEMBL100045,CCC1=C(C(C(=C(COC)N1)C(=O)NCCCN2CCC(CC2)(c3ccccc3)c4ccccc4)c5ccc(cc5)[N+](=O)[O-])C(=O)N,6.29
211,CHEMBL99864,CCC1=C(C(C(=C(CCCCOC)N1)C(=O)NCCCN2CCC(CC2)(c3ccccc3)c4ccccc4)c5ccc(cc5)[N+](=O)[O-])C(=O)N,6.45
214,CHEMBL95290,CCNC(=O)C1=C(CC)NC(=C(C1c2ccc(cc2)[N+](=O)[O-])C(=O)NCCCN3CCC(CC3)(c4ccccc4)c5ccccc5)COCCN,6.33
230,CHEMBL48341,C(C[C@H]1C2CCC(C2)[C@H]1NC3=NCCO3)Cc4ccccc4,6.91
232,CHEMBL296660,CCC[C@H]1C2CCC(C2)[C@H]1NC3=NCCO3,6.91
236,CHEMBL77913,COc1ccc(Nc2ncc[nH]2)c(C)c1,6.29
241,CHEMBL308863,COc1ccc(Nc2ncc[nH]2)c(C)c1OC,5.82
248,CHEMBL844,Brc1c(NC2=NCCN2)ccc3nccnc13,7.36
251,CHEMBL432155,Cc1c(Nc2ncc[nH]2)ccc3OCCNc13,6.64
258,CHEMBL75491,Cc1c(Nc2ncc[nH]2)ccc3nccnc13,6.47
260,CHEMBL74544,N(c1ccc2[nH]cnc2c1)c3ncc[nH]3,6.4
274,CHEMBL76457,Brc1ccccc1Nc2ncc[nH]2,5.62
278,CHEMBL1022,Clc1cccc(Cl)c1Nc2ncc[nH]2,5.96
296,CHEMBL654,CN1CCN2C(C1)c3ccccc3Cc4cccnc24,6.7
301,CHEMBL74449,N(c1ccc2nccnc2c1)c3ncc[nH]3,5.06
304,CHEMBL78190,COc1cc(C)c(Nc2ncc[nH]2)cc1C(C)(C)C,6.54
305,CHEMBL147077,CNC(=O)C1=C(C)NC(=C(C1c2ccc(cc2)[N+](=O)[O-])C(=O)NCCCN3CCC(CC3)(C(=O)OC)c4ccccc4)C,5.65
306,CHEMBL288772,CN1C(=O)C[C@@H](C(=C1C)C(=O)NCCCN2CCC(CC2)c3ccc(F)cc3C#N)c4ccc(F)c(F)c4,5.42
307,CHEMBL42335,CC1=C([C@H](CC(=O)N1)c2ccc(F)c(F)c2)C(=O)NCCCN3CCC(CC3)(C#N)c4ccc(F)cc4C#N,5.33
308,CHEMBL295395,CN1C(=O)C[C@@H](C(=C1C)C(=O)NCCCN2CCC(CC2)(C#N)c3ccc(F)cc3F)c4ccc(F)c(F)c4,5.72
309,CHEMBL291166,CN1C(=O)C[C@@H](C(=C1C)C(=O)NCCCN2CCC(CC2)(C#N)c3ccc(F)cc3)c4ccc(F)c(F)c4,5.96
310,CHEMBL43491,CC1=C([C@H](CC(=O)N1)c2ccc(F)c(F)c2)C(=O)NCCCN3CCC(CC3)c4ccc(F)cc4C#N,5.83
311,CHEMBL43594,CN1C(=O)C[C@@H](C(=C1C)C(=O)NCCCN2CCC(CC2)(C#N)c3ccc(F)cc3C#N)c4ccc(F)c(F)c4,5.19
312,CHEMBL43860,CC1=C([C@H](CC(=O)N1)c2ccc(F)c(F)c2)C(=O)NCCCN3CCC(CC3)c4ccc(F)cc4,6.5
313,CHEMBL295001,CC1=C([C@H](CC(=O)N1)c2ccc(F)c(F)c2)C(=O)NCCCN3CCC(CC3)(C#N)c4ccc(F)cc4F,5.7
314,CHEMBL84931,CN(C)CC1CC2N(O1)c3cc(F)ccc3Cc4ccccc24,5.93
315,CHEMBL315772,CN(C)CC1CC2N(O1)c3cc(Cl)ccc3Cc4ccccc24,6.06
320,CHEMBL74283,Brc1c(NC2=NCCN2)ccc3NCCNc13,6.67
323,CHEMBL72995,CC1CN=C(Nc2ccc3nccnc3c2Br)N1,6.19
329,CHEMBL72753,Clc1c(NC2=NCCN2)ccc3nccnc13,6.71
335,CHEMBL74342,Brc1c(NC2=N[C@@H]3CCCC[C@@H]3N2)ccc4nccnc14,4.94
338,CHEMBL73164,Brc1c(NC2=NCCO2)ccc3nccnc13,4.31
341,CHEMBL49395,C1CN=C(Nc2ccc3nccnc3c2)N1,5.85
344,CHEMBL70676,Ic1c(NC2=NCCN2)ccc3nccnc13,6.39
347,CHEMBL73392,Brc1c(NC2=NCCS2)ccc3nccnc13,4.55
350,CHEMBL72147,Cc1cnc2c(Br)c(NC3=NCCN3)ccc2n1,6.19
355,CHEMBL75201,C1CN(CCO1)C2=NCCO2,4.78
377,CHEMBL2112978,C(\C=C\c1ccccc1)N2CCN(C[C@@H]3ON=C4[C@H]3COc5ccccc45)CC2,8.77
378,CHEMBL2112981,C(\C=C\c1ccccc1)N2CCN(C[C@@H]3ON=C4[C@H]3CNc5ccccc45)CC2,7.82
379,CHEMBL2112984,C([C@@H]1ON=C2[C@H]1CNc3ccccc23)N4CCN(Cc5ccc6ccccc6c5)CC4,8.02
380,CHEMBL2112970,CN1C[C@H]2[C@H](CN3CCN(C\C=C\c4ccccc4)CC3)ON=C2c5ccccc15,8.35
381,CHEMBL2112973,CCNC(=O)N1C[C@H]2[C@H](CN3CCN(C\C=C\c4ccccc4)CC3)ON=C2c5ccccc15,8.57
382,CHEMBL2112975,CCOC(=O)N1C[C@H]2[C@H](CN3CCN(C\C=C\c4ccccc4)CC3)ON=C2c5ccccc15,8.01
383,CHEMBL426959,CC(=O)N1C[C@H]2[C@H](CN3CCN(CCC\C=C\c4ccccc4)CC3)ON=C2c5ccccc15,7.96
384,CHEMBL2112983,COc1cc2NC[C@H]3[C@H](CN4CCN(C\C=C\c5ccccc5)CC4)ON=C3c2cc1OC,8.27
385,CHEMBL2112985,COc1cc2NC[C@H]3[C@H](CN4CCN(C\C(=C\c5ccccc5)\C)CC4)ON=C3c2cc1OC,10.0
386,CHEMBL2112971,COc1cc2NC[C@H]3[C@H](CN4CCN(C\C=C(/C)\c5ccccc5)CC4)ON=C3c2cc1OC,8.44
387,CHEMBL2112974,COc1cc2NC[C@H]3[C@H](CN4CCN(Cc5ccc(Cl)cc5)CC4)ON=C3c2cc1OC,7.64
388,CHEMBL2112976,COc1cc2NC[C@H]3[C@H](CN4CCN(Cc5ccc6ccccc6c5)CC4)ON=C3c2cc1OC,7.92
390,CHEMBL2112969,COc1cc2NC[C@H]3[C@H](CN4CCN(CCOc5ccc(F)cc5)CC4)ON=C3c2cc1OC,8.8
391,CHEMBL2112977,COc1cc2N(C)C[C@H]3[C@H](CN4CCN(CCC\C(=C\c5ccccc5)\C)CC4)ON=C3c2cc1OC,8.4
392,CHEMBL2112979,C(\C=C\c1ccccc1)N2CCN(C[C@@H]3ON=C4[C@H]3C=Cc5ccccc45)CC2,6.95
393,CHEMBL2112982,COc1ccc2C3=NO[C@@H](CN4CCN(C\C=C\c5ccccc5)CC4)[C@@H]3C=Cc2c1,8.41
394,CHEMBL2112972,COc1ccc2C3=NO[C@@H](CN4CCN(Cc5ccc6ccccc6c5)CC4)[C@@H]3C=Cc2c1,8.2
395,CHEMBL176002,COc1ccc2C3=NO[C@@H](CN4CCN(C\C(=C\c5ccccc5)\C)CC4)[C@@H]3COc2c1,9.7
396,CHEMBL180470,C\C(=C/c1ccccc1)\CN2CCN(C[C@@H]3ON=C4[C@H]3COc5cc(O)ccc45)CC2,10.0
397,CHEMBL435352,COCCOc1ccc2C3=NO[C@@H](CN4CCN(C\C(=C\c5ccccc5)\C)CC4)[C@@H]3COc2c1,10.52
398,CHEMBL179237,CCOCCOCCOc1ccc2C3=NO[C@@H](CN4CCN(C\C(=C\c5ccccc5)\C)CC4)[C@@H]3COc2c1,9.7
399,CHEMBL369378,C\C(=C/c1ccccc1)\CN2CCN(C[C@@H]3ON=C4[C@H]3COc5cc(OC6CCCC6)ccc45)CC2,9.3
400,CHEMBL176261,CN(C)CCOc1ccc2C3=NO[C@@H](CN4CCN(C\C(=C\c5ccccc5)\C)CC4)[C@@H]3COc2c1,10.0
401,CHEMBL176116,C\C(=C/c1ccccc1)\CN2CCN(C[C@@H]3ON=C4[C@H]3COc5cc(OC(=O)C)ccc45)CC2,9.7
402,CHEMBL175853,COCC(=O)Oc1ccc2C3=NO[C@@H](CN4CCN(C\C(=C\c5ccccc5)\C)CC4)[C@@H]3COc2c1,9.7
403,CHEMBL175911,C\C(=C/c1ccccc1)\CN2CCN(C[C@@H]3ON=C4[C@H]3COc5cc(OC(=O)C6CC6)ccc45)CC2,9.52
404,CHEMBL180322,C\C(=C/c1ccccc1)\CN2CCN(C[C@@H]3ON=C4[C@H]3COc5cc(OC(=O)C=C)ccc45)CC2,9.3
405,CHEMBL178588,C\C(=C/c1ccccc1)\CN2CCN(C[C@@H]3ON=C4[C@H]3COc5cc(OC(=O)C(C)(C)C)ccc45)CC2,8.8
406,CHEMBL425324,C\C(=C/c1ccccc1)\CN2CCN(C[C@@H]3ON=C4[C@H]3COc5cc(OC(=O)c6ccncc6)ccc45)CC2,9.3
409,CHEMBL42,CN1CCN(CC1)C2=Nc3cc(Cl)ccc3Nc4ccccc24,8.54
410,CHEMBL715,CN1CCN(CC1)C2=Nc3ccccc3Nc4sc(C)cc24,7.09
411,CHEMBL85,CC1=C(CCN2CCC(CC2)c3noc4cc(F)ccc34)C(=O)N5CCCCC5=N1,8.5
414,CHEMBL195706,CN(C)C[C@@H]1CC2[C@H](O1)c3cc(F)ccc3Oc4ccccc24,6.66
415,CHEMBL194659,CN(C)C[C@H]1CC2[C@H](O1)c3cc(F)ccc3Oc4ccccc24,6.7
416,CHEMBL364270,CN(C)C[C@@H]1CC2[C@H](O1)c3cc(Cl)ccc3Oc4ccccc24,6.17
419,CHEMBL193435,CN(C)C[C@H]1CC2[C@H](O1)c3cc(Br)ccc3Oc4ccccc24,6.13
438,CHEMBL371300,C[C@H](N)Cn1ncc2ccc(O)cc12,5.33
440,CHEMBL437314,C[C@@H](N)Cn1ncc2ccc(O)cc12,5.25
441,CHEMBL426317,COc1cccc(c1)N2CCN(CCCCN3N=CC(=O)N(C)C3=O)CC2,6.96
443,CHEMBL210578,OC1(CC2CCC(C1)N2CCCC(=O)c3ccc(F)cc3)c4ccc(Cl)cc4,6.85
447,CHEMBL217768,CCc1c(C)nc2CCCCc2c1Nc3ccc(cc3)N4CCN(C)C(C)C4,6.96
449,CHEMBL216399,CN1CCN(CC1)c2ccc(Nc3cc(C)nc4ccccc34)cc2,6.16
455,CHEMBL217665,CN1CCN(CC1)c2ccc(Nc3ccnc4ccccc34)cc2,5.77
457,CHEMBL217568,CC1CN(CCN1C)c2ccc(Nc3c(C)c(C)nc4cccc(Cl)c34)cc2,6.87
459,CHEMBL384318,CC1CN(CCN1C)c2ccc(Nc3c(C)c(C)nc4c(C)ccc(C)c34)cc2,6.41
460,CHEMBL218730,CC1CN(CCN1C)c2ccc(Nc3c(C)c(C)nc4cc(C)cc(C)c34)cc2,6.88
476,CHEMBL216072,CN1CCCN(C1)c2ccc(Nc3c(C)c(C)nc4c(C)cccc34)cc2,6.11
481,CHEMBL385722,C[C@@H]1CN(CCN1)c2ccc(Nc3c(CO)cnc4ccccc34)cc2,6.69
530,CHEMBL128168,CC(Oc1ccccc1c2ccccc2)C3=NCCN3,6.7
533,CHEMBL221989,CC(Oc1ccccc1c2ccccn2)C3=NCCN3,5.9
536,CHEMBL222593,CC(Oc1ccccc1c2ccccc2)C3=NCCC3,5.23
538,CHEMBL222591,CC(Oc1ccccc1c2ccccc2)C3=NCCO3,5.23
539,CHEMBL1204386,Cl.C1CN=C(N1)C2OC2c3ccccc3c4ccccc4,5.37
540,CHEMBL222933,C1CN=C(N1)C2OC2c3ccccc3c4ccccc4,5.19
541,CHEMBL374954,CC(Sc1ccccc1c2ccccc2)C3=NCCN3,6.15
542,CHEMBL130884,CC(Nc1ccccc1c2ccccc2)C3=NCCN3,6.15
544,CHEMBL222371,CC(Oc1ccccc1c2cccc(N)c2)C3=NCCN3,6.51
545,CHEMBL222928,CC(Oc1ccccc1c2cccc(c2)[N+](=O)[O-])C3=NCCN3,6.63
546,CHEMBL222138,CC(Oc1ccccc1c2ccccc2[N+](=O)[O-])C3=NCCN3,5.91
547,CHEMBL222798,CC(Oc1ccccc1c2ccc(O)cc2)C3=NCCN3,6.48
549,CHEMBL373830,CC(Oc1ccccc1c2ccccc2O)C3=NCCN3,5.79
550,CHEMBL426900,CC(Oc1ccccc1c2ccc(C)cc2)C3=NCCN3,6.6
551,CHEMBL222973,CC(Oc1ccccc1c2cccc(C)c2)C3=NCCN3,6.61
552,CHEMBL223830,CC(Oc1ccccc1c2ccccc2C)C3=NCCN3,6.63
553,CHEMBL385310,CC(Oc1ccccc1c2ccsc2)C3=NCCN3,6.88
555,CHEMBL442045,CC(Oc1ccccc1c2ccncc2)C3=NCCN3,5.84
621,CHEMBL397753,C[C@H](Oc1ccccc1c2cccc(c2)[N+](=O)[O-])C3=NCCN3,6.27
622,CHEMBL242693,C[C@@H](Oc1ccccc1c2cccc(c2)[N+](=O)[O-])C3=NCCN3,6.59
627,CHEMBL396013,C[C@H](Oc1ccccc1c2ccccc2)C3=NCCN3,6.52
628,CHEMBL242265,C[C@@H](Oc1ccccc1c2ccccc2)C3=NCCN3,6.01
693,CHEMBL515170,CC[C@@H]1O[C@@](\C=C\C2CC2)(c3c(F)c(F)ccc3NC1=O)C(F)(F)F,4.98
697,CHEMBL260374,S=C(NC1CCCCC1)N2CCC(CC2)c3cnc[nH]3,6.46
702,CHEMBL494678,CN1CCN(CC1)c2cc(nc(N)n2)c3ccc(cc3)C#N,6.54
703,CHEMBL470432,CCCN1CCC(COc2nc3scc(C)c3n4cccc24)CC1,6.13
704,CHEMBL402143,COc1c(OCCF)cccc1C(O)C2CCN(CCc3ccc(F)cc3)CC2,6.83
706,CHEMBL516088,COc1c(OCCF)cccc1C(=O)C2CCN(CCc3ccc(F)cc3)CC2,6.48
707,CHEMBL476839,COc1c(OCCF)cccc1C(O)C2CCN(CCc3ccc(C)cc3)CC2,6.85
708,CHEMBL490632,COc1c(OCCF)cccc1C(=O)C2CCN(CCc3ccc(C)cc3)CC2,6.81
709,CHEMBL273485,CC(Oc1ccccc1)C2=NCCN2,6.58
711,CHEMBL492648,COC1(COc2cccc(c2O1)c3ccccc3)C4=NCCN4,6.61
712,CHEMBL522151,C1CN=C(N1)C2COc3cccc(c3O2)c4ccccc4,6.16
713,CHEMBL492445,C1CN=C(N1)C2COc3ccc(cc3O2)c4ccccc4,5.9
714,CHEMBL492444,C1CN=C(N1)C2COc3cc(ccc3O2)c4ccccc4,5.8
715,CHEMBL493272,C1CN=C(N1)C2COc3c(O2)cccc3c4ccccc4,6.08
716,CHEMBL523048,C1CN=C(N1)C(Oc2ccccc2c3ccccc3)c4ccccc4,6.69
720,CHEMBL495097,CC(Oc1ccccc1\C=N\OCc2ccccc2)C3=NCCN3,6.17
721,CHEMBL492639,CCO\N=C\c1ccccc1OC(C)C2=NCCN2,6.47
722,CHEMBL442815,CO\N=C\c1ccccc1OC(C)C2=NCCN2,5.51
723,CHEMBL493675,CC(Oc1ccccc1\C=N\O)C2=NCCN2,6.04
793,CHEMBL584554,CCN(CC)C(=O)[C@H]1CN([C@@H]2Cc3c[nH]c4cccc(C2=C1)c34)C(=O)Nc5ccccc5,6.67
794,CHEMBL571314,CC(OC1=NCCN1)c2ccccc2,6.58
796,CHEMBL570863,CC(OC1=NCCN1)c2ccccc2C,6.57
797,CHEMBL576078,CCCc1ccccc1C(C)OC2=NCCN2,6.83
799,CHEMBL13852,C(Oc1ccccc1C2CC2)C3=NCCN3,6.26
800,CHEMBL576819,Cc1ccccc1COC2=NCCN2,6.3
801,CHEMBL569933,CCCc1ccccc1COC2=NCCN2,6.31
828,CHEMBL467094,COc1cc2CCN(C)C3Cc4cc5OCOc5cc4c(c1OC)c23,6.74
830,CHEMBL1098724,OC[C@H]1O[C@H](OC2=C(Oc3cc(O)cc(O)c3C2=O)c4ccc(O)c(O)c4)[C@H](O)[C@@H](O)[C@@H]1O,5.39
831,CHEMBL226335,C[C@@H]1O[C@@H](OC[C@H]2O[C@@H](OC3=C(Oc4cc(O)cc(O)c4C3=O)c5ccc(O)c(O)c5)[C@H](O)[C@@H](O)[C@@H]2O)[C@H](O)[C@H](O)[C@H]1O,5.02
833,CHEMBL1224527,Oc1ccc2[C@@H]3CNCC[C@H]3[C@@H](Cc2c1O)c4ccccc4,5.96
862,CHEMBL1258223,CCCCN1CCC(COC(=O)c2cc(Cl)c(NC)c3OCCOc23)CC1,6.26
863,CHEMBL1258452,CCCCN1CCC(COC(=O)c2ccc(N)c(OC)c2)CC1,6.01
864,CHEMBL1258671,CCCCN1CCC(COC(=O)c2cc(F)c(N)c3OCCOc23)CC1,6.23
874,CHEMBL1276139,C[C@@H](Oc1ccccc1CC=C)C2=NCCN2,6.75
877,CHEMBL1276219,C[C@@H](Oc1ccccc1C2CC2)C3=NCCN3,6.9
880,CHEMBL1276247,C[C@@H](Oc1ccccc1c2ccsc2)C3=NCCN3,6.5
881,CHEMBL1276248,C[C@H](Oc1ccccc1c2ccsc2)C3=NCCN3,6.9
884,CHEMBL1278085,C[C@H](Oc1ccccc1c2cccc(O)c2)C3=NCCN3,6.95
926,CHEMBL1643902,CN(CCc1cccc(F)c1)[C@H]2C3C4CC5C6C4CC3C6C25,5.68
974,CHEMBL1323615,CN1c2ccccc2Sc3cc(N)ccc13,5.24
988,CHEMBL12089,[Cl-].COc1ccc2cc3c4cc5OCOc5cc4CC[n+]3cc2c1OC,5.55
998,CHEMBL221753,[Cl-].CC(C)(C)CC(C)(C)c1ccc(OCCOCC[N+](C)(C)Cc2ccccc2)cc1,5.71
1056,CHEMBL282575,C[C@]12CC[C@H]3[C@@H](CCc4cc(OC(=O)c5ccccc5)ccc34)[C@@H]1CC[C@@H]2O,4.61
1086,CHEMBL493,CC(C)C[C@@H]1N2C(=O)[C@](NC(=O)[C@H]3CN(C)[C@@H]4Cc5c(Br)[nH]c6cccc(C4=C3)c56)(O[C@@]2(O)[C@@H]7CCCN7C1=O)C(C)C,6.28
1098,CHEMBL508112,S(Sc1nc2ccccc2s1)c3nc4ccccc4s3,5.78
1102,CHEMBL290106,Oc1c(Cl)cc(Cl)cc1Sc2cc(Cl)cc(Cl)c2O,5.36
1120,CHEMBL1201203,CN1[C@@H]2CC[C@H]1C[C@H](C2)OC(c3ccccc3)c4ccccc4,6.4
1138,CHEMBL296419,COc1ccc(CCN2CCC(CC2)Nc3nc4ccccc4n3Cc5ccc(F)cc5)cc1,5.71
1166,CHEMBL1113,Clc1ccc2Oc3ccccc3N=C(N4CCNCC4)c2c1,5.5
1192,CHEMBL1381098,S=C=Nc1cccc2ccccc12,4.26
1235,CHEMBL195437,CCCCCCCCc1ccc(O)cc1,4.85
1282,CHEMBL629,CN(C)CCC=C1c2ccccc2CCc3ccccc13,7.23
1302,CHEMBL1491,CCOC(=O)C1=C(COCCN)NC(=C(C1c2ccccc2Cl)C(=O)OC)C,5.75
1336,CHEMBL1289,Clc1cc(Cl)c(OCC#CI)cc1Cl,5.39
1354,CHEMBL305660,CC(C)(C)c1ccc(cc1)C(=O)CCCN2CCC(CC2)OC(c3ccccc3)c4ccccc4,6.56
1364,CHEMBL64894,[Cl-].CN(C)c1ccc(cc1)C(=C2C=CC(=[N+](C)C)C=C2)c3ccc(cc3)N(C)C,5.73
1376,CHEMBL679,CNC[C@H](O)c1ccc(O)c(O)c1,5.61
1400,CHEMBL420,NC(=N)N\N=C\c1c(Cl)cccc1Cl,5.96
1402,CHEMBL496,Oc1c(Cl)cc(Cl)c(Cl)c1Cc2c(O)c(Cl)cc(Cl)c2Cl,5.16
1464,CHEMBL862,NC(=N)NC(=O)Cc1c(Cl)cccc1Cl,5.19
1476,CHEMBL30008,Fc1ccc(cc1)C(N2CCN(C\C=C\c3ccccc3)CC2)c4ccc(F)cc4,6.65
1510,CHEMBL726,OCCN1CCN(CCCN2c3ccccc3Sc4ccc(cc24)C(F)(F)F)CC1,6.81
1537,CHEMBL442,CN1C[C@@H](C=C2[C@H]1Cc3c[nH]c4cccc2c34)C(=O)N[C@]5(C)O[C@@]6(O)[C@@H]7CCCN7C(=O)[C@H](Cc8ccccc8)N6C5=O,7.92
1546,CHEMBL1108,Fc1ccc(cc1)C(=O)CCCN2CCC(=CC2)N3C(=O)Nc4ccccc34,5.75
1562,CHEMBL54,OC1(CCN(CCCC(=O)c2ccc(F)cc2)CC1)c3ccc(Cl)cc3,5.73
1634,CHEMBL1729,COC1CN(CCCOc2ccc(F)cc2)CCC1NC(=O)c3cc(Cl)c(N)cc3OC,6.11
1660,CHEMBL1628227,CN(C)CCC=C1c2ccccc2COc3ccccc13,5.99
1698,CHEMBL12131,Cc1cc(C(C#N)c2ccc(Cl)cc2)c(Cl)cc1NC(=O)c3cc(I)cc(I)c3O,5.15
1721,CHEMBL1732,CN1C[C@@H](C[C@H]2[C@H]1Cc3c[nH]c4cccc2c34)C(=O)N[C@]5(C)O[C@@]6(O)[C@@H]7CCCN7C(=O)[C@H](Cc8ccccc8)N6C5=O,8.0
1768,CHEMBL411,CC\C(=C(\CC)/c1ccc(O)cc1)\c2ccc(O)cc2,4.82
1778,CHEMBL954,CCN(CC)CCOc1ccc(cc1)\C(=C(\Cl)/c2ccccc2)\c3ccccc3,5.83
1792,CHEMBL71,CN(C)CCCN1c2ccccc2Sc3ccc(Cl)cc13,6.43
1804,CHEMBL219916,Clc1ccc2N(C3CCN(CCCN4C(=O)Nc5ccccc45)CC3)C(=O)Nc2c1,6.0
1810,CHEMBL415,CN(C)CCCN1c2ccccc2CCc3ccc(Cl)cc13,5.85
1816,CHEMBL516,CN1CCC(=C2c3ccccc3C=Cc4ccccc24)CC1,5.89
1818,CHEMBL1479,C[C@]12Cc3cnoc3C=C1CC[C@@H]4[C@@H]2CC[C@@]5(C)[C@H]4CC[C@@]5(O)C#C,4.62
1840,CHEMBL723,COc1ccccc1OCCNCC(O)COc2cccc3[nH]c4ccccc4c23,7.05
1842,CHEMBL334255,[Br-].CCCCCCCCCCCCCCCC[n+]1ccccc1,5.83
1844,CHEMBL1626,CN1CCC[C@@H]1CCO[C@](C)(c2ccccc2)c3ccc(Cl)cc3,7.02
1904,CHEMBL564,CN(C)CCCN1c2ccccc2Sc3ccccc13,6.6
1936,CHEMBL643,CC(CN1c2ccccc2Sc3ccccc13)N(C)C,5.61
1946,CHEMBL531,CCCN1C[C@H](CSC)C[C@H]2[C@H]1Cc3c[nH]c4cccc2c34,5.85
2040,CHEMBL1262,Clc1ccc(CO\N=C(/Cn2ccnc2)\c3ccc(Cl)cc3Cl)c(Cl)c1,5.38
2060,CHEMBL445,CNCCC=C1c2ccccc2CCc3ccccc13,6.69
2068,CHEMBL716,OCCOCCN1CCN(CC1)C2=Nc3ccccc3Sc4ccccc24,6.38
2086,CHEMBL728,CN1CCN(CCCN2c3ccccc3Sc4ccc(Cl)cc24)CC1,7.09
2088,CHEMBL7568,CCN(CC)CCCC(C)Nc1c2ccc(Cl)cc2nc3ccc(OC)cc13,5.41
2108,CHEMBL21731,CNCCCC12CCC(c3ccccc13)c4ccccc24,5.52
2160,CHEMBL1200633,CC[C@H](C)[C@H]1O[C@]2(CC[C@@H]1C)C[C@@H]3C[C@@H](C\C=C(/C)\[C@@H](O[C@H]4C[C@H](OC)[C@@H](O[C@H]5C[C@H](OC)[C@@H](O)[C@H](C)O5)[C@H](C)O4)[C@@H](C)\C=C\C=C\6/CO[C@@H]7[C@H](O)C(=C[C@@H](C(=O)O3)[C@]67O)C)O2.CO[C@H]8C[C@H](O[C@H]9[C@H](C)O[C@H](C[C@@H]9OC)O[C@H]%10[C@@H](C)\C=C\C=C\%11/CO[C@@H]%12[C@H](O)C(=C[C@@H](C(=O)O[C@H]%13C[C@@H](C\C=C\%10/C)O[C@@]%14(CC[C@H](C)[C@H](O%14)C(C)C)C%13)[C@]%11%12O)C)O[C@@H](C)[C@@H]8O,5.41
2162,CHEMBL1221512,CC[C@H](C)[C@@H](CO[C@@H](Cc1ccccc1)C(=O)N[C@@H](CCS(=O)(=O)C)C(=O)OC(C)C)NC[C@@H](N)CS,5.5
2190,CHEMBL481,CCc1c2CN3C(=O)C4=C(C=C3c2nc5ccc(OC(=O)N6CCC(CC6)N7CCCCC7)cc15)[C@@](O)(CC)C(=O)OC4,5.5
2200,CHEMBL157138,CCN(CC)C(=O)N[C@@H]1CN(C)[C@@H]2Cc3c[nH]c4cccc(C2=C1)c34,8.37
2212,CHEMBL787,CC(C)(O)c1ccccc1CC[C@@H](SCC2(CC(=O)O)CC2)c3cccc(\C=C\c4ccc5ccc(Cl)cc5n4)c3,5.28
2233,CHEMBL1909065,CO[C@H]1C[C@@H](O[C@H]2C[C@@H](O[C@H]2[C@]3(C)CC[C@@H](O3)[C@]4(C)CC[C@]5(C[C@H](O)[C@@H](C)[C@H](O5)[C@@H](C)[C@@H]6O[C@](O)(CC(=O)O)[C@@H](C)[C@H](OC)[C@H]6OC)O4)[C@H]7O[C@](C)(O)[C@H](C)C[C@@H]7C)O[C@@H](C)[C@@H]1OC,5.79
2432,CHEMBL621,Clc1cccc(c1)N2CCN(CCCN3N=C4C=CC=CN4C3=O)CC2,5.71
2504,CHEMBL479,CSc1ccc2Sc3ccccc3N(CCC4CCCCN4C)c2c1,6.77
2520,CHEMBL1221,Clc1ccc(CSC(Cn2ccnc2)c3ccc(Cl)cc3Cl)cc1,5.31
2582,CHEMBL809,CN[C@H]1CC[C@@H](c2ccc(Cl)c(Cl)c2)c3ccccc13,5.35
2590,CHEMBL588119,CCCCCCCCN[C@H](C)[C@@H](O)c1ccc(SC(C)C)cc1,5.46
2592,CHEMBL833,Clc1ccccc1CN2CCc3sccc3C2,5.93
2634,CHEMBL17157,CC(C)(C)c1ccc(cc1)C(O)CCCN2CCC(CC2)C(O)(c3ccccc3)c4ccccc4,5.43
2636,CHEMBL508338,[Na+].CC[Hg]Sc1ccccc1C(=O)[O-],5.3
2638,CHEMBL81,Oc1ccc(cc1)c2sc3cc(O)ccc3c2C(=O)c4ccc(OCCN5CCCCC5)cc4,6.13
2720,CHEMBL1630578,C[C@@H]1C[C@H]2[C@@H]3CCC4=CC(=O)C=C[C@]4(C)C3=CC[C@]2(C)[C@H]1C(=O)CN5CCN(CC5)c6cc(nc(n6)N7CCCC7)N8CCCC8,5.1
2732,CHEMBL1940418,Fc1ccc(CCCCN2CCN(CC2)c3ccccn3)cc1,6.51
2734,CHEMBL1940420,Fc1ccc(OCCCN2CCN(CC2)c3ccccn3)cc1,6.71
2737,CHEMBL1956191,CC(Oc1ccccc1Cl)C2=NCCN2,6.31
2739,CHEMBL1956193,CC(Oc1ccccc1C(F)(F)F)C2=NCCN2,6.01
2740,CHEMBL156336,CCc1ccccc1OC(C)C2=NCCN2,6.54
2741,CHEMBL266613,CC(C)c1ccccc1OC(C)C2=NCCN2,6.34
2742,CHEMBL1956194,CC(Oc1ccccc1C(=C)C)C2=NCCN2,6.22
2744,CHEMBL1956196,CCOc1ccccc1OC(C)C2=NCCN2,6.12
2745,CHEMBL14208,CC(C)Oc1ccccc1OC(C)C2=NCCN2,6.4
2748,CHEMBL1956199,COc1ccccc1OC(C)C2=NCCN2,6.08
2749,CHEMBL1956200,CC(Oc1ccccc1S(=O)(=O)C)C2=NCCN2,5.42
2750,CHEMBL1956201,CC(Oc1ccccc1C=O)C2=NCCN2,5.06
2751,CHEMBL1956202,CC(Oc1ccccc1C(=O)C)C2=NCCN2,5.13
2752,CHEMBL17860,CC(Oc1c(Cl)cccc1Cl)C2=NCCN2,7.16
2753,CHEMBL155866,CC(Oc1c(C)cccc1C)C2=NCCN2,6.6
2754,CHEMBL157955,CCc1cccc(CC)c1OC(C)C2=NCCN2,6.56
2755,CHEMBL157206,CC(Oc1c(CC=C)cccc1CC=C)C2=NCCN2,6.89
2756,CHEMBL1956203,CC(Oc1c(cccc1c2ccccc2)c3ccccc3)C4=NCCN4,6.2
2804,CHEMBL1956905,C1CN=C(N1)C2COC(CO2)(c3ccccc3)c4ccccc4,5.13
2805,CHEMBL1956906,C1CN=C(N1)C2COCC(O2)(c3ccccc3)c4ccccc4,5.21
2826,CHEMBL2030626,C(N1C2CCC1CC2)C34C5C6C7C(C3C57)C46,5.37
2835,CHEMBL2030634,C(C1CCCCC1)N2CCCC2,6.06
2840,CHEMBL2058633,Clc1ccccc1NC2=NCCC2,5.3
2871,CHEMBL2203713,N=C(Nc1ccc2N(CCc2c1)C3CCNCC3)c4cccs4,4.96
2873,CHEMBL2205362,COc1cc2oc(C(=O)N(CCCN3CCCCC3)c4ccccc4)c(C)c2cc1OC,5.81
2874,CHEMBL2205361,Cc1c(oc2ccccc12)C(=O)N(CCCN3CCCCC3)c4ccccc4,6.6
2881,CHEMBL2205816,OC12C3C4CC5C6C4C1C6C(C35)N2CCc7ccccn7,5.74
2883,CHEMBL2205814,COc1ccc(CCN2C3C4C5CC6C7C5C3C7C2(O)C46)cc1OC,5.73
2884,CHEMBL2205813,COc1cccc(CCN2C3C4C5CC6C7C5C3C7C2(O)C46)c1OC,5.36
2885,CHEMBL2205812,COc1ccc(CCN2C3C4C5CC6C7C5C3C7C2(O)C46)cc1,5.77
2886,CHEMBL2205811,COc1cccc(CCN2C3C4C5CC6C7C5C3C7C2(O)C46)c1,6.25
2887,CHEMBL2205836,COc1ccccc1CCN2C3C4C5CC6C7C5C3C7C2(O)C46,6.27
2893,CHEMBL2205829,OC12C3C4CC5C6C4C1C6C(C35)N2Cc7ccc8OCOc8c7,5.75
2895,CHEMBL2205827,COc1ccc(CN2C3C4C5CC6C7C5C3C7C2(O)C46)cc1OC,5.94
2897,CHEMBL2205825,COc1ccc(CN2C3C4C5CC6C7C5C3C7C2(O)C46)cc1,5.83
2898,CHEMBL2205824,COc1cccc(CN2C3C4C5CC6C7C5C3C7C2(O)C46)c1,5.86
2899,CHEMBL2205823,COc1ccccc1CN2C3C4C5CC6C7C5C3C7C2(O)C46,6.16
2903,CHEMBL1189234,OC12C3C4CC5C6C4C1C6C(C35)N2Cc7ccccc7,6.17
2912,CHEMBL2391541,COc1ccc2[nH]cc(CCN(CC=C)CC=C)c2c1,6.3
2916,CHEMBL481153,O=C(OCCN1CCCC1)N2c3ccccc3Sc4ccccc24,6.08
2917,CHEMBL519609,CCN(CC)CCCOC(=O)N1c2ccccc2Sc3ccccc13,6.22
2919,CHEMBL2413153,CN1C(=O)C=NN(CCCCN2CCN(CC2)c3ccccc3OCCF)C1=O,6.76
2931,CHEMBL404505,C1CN=C(N1)c2oc3ccccc3c2,4.57
2944,CHEMBL2431280,C(Oc1ccccc1OC2CC2)C3=NCCN3,6.1
2946,CHEMBL13917,CCCc1ccccc1OCC2=NCCN2,6.31
2948,CHEMBL2431281,C(Oc1ccccc1CC2CC2)C3=NCCN3,6.2
2980,CHEMBL2432039,C(N[C@H]1C2C3CC4C5C3CC2C5C14)C67C8C9C%10C(C6C8%10)C79,6.17
2981,CHEMBL2432038,C(N[C@H]1C2C3CC4C5C3CC2C5C14)C6CCCCC6,5.82
2982,CHEMBL2429890,C(N[C@H]1C2C3CC4C5C3CC2C5C14)c6ccc7OCOc7c6,5.51
2983,CHEMBL2432051,COc1cc(CN[C@H]2C3C4CC5C6C4CC3C6C25)cc(OC)c1OC,5.64
3000,CHEMBL2432061,COc1cc(CN(C)[C@H]2C3C4CC5C6C4CC3C6C25)cc(OC)c1OC,5.6
3001,CHEMBL2432060,CN(CCCc1cccc(F)c1)[C@H]2C3C4CC5C6C4CC3C6C25,5.43
3003,CHEMBL2432058,CN(CCc1ccccc1)[C@H]2C3C4CC5C6C4CC3C6C25,6.06
3004,CHEMBL2432056,COc1ccc(CN(C)[C@H]2C3C4CC5C6C4CC3C6C25)cc1OC,6.0
3005,CHEMBL2432054,CN(CCCc1cccc(F)c1)[C@H]2C3C4CC5C6C4C2C6C(=O)C35,5.55
3006,CHEMBL2432052,CN(CCc1cccc(F)c1)[C@H]2C3C4CC5C6C4C2C6C(=O)C35,5.32
3007,CHEMBL2432044,CN(CCc1ccccc1)[C@H]2C3C4CC5C6C4C2C6C(=O)C35,5.4
3008,CHEMBL2432041,CN(Cc1cccc(F)c1)[C@H]2C3C4CC5C6C4C2C6C(=O)C35,5.3
3010,CHEMBL2436555,Cl.NC1=Nc2ccc(Cl)cc2CN1,6.1
3026,CHEMBL3104093,CN1CCc2c(C1)c3cccc4c5ccccc5CCn2c34,6.35
3027,CHEMBL3104092,CN1CCc2c(C1)c3cccc4Cc5ccccc5Cn2c34,6.11
3028,CHEMBL3104091,CN1CCc2c(C1)c3cccc4CCc5ccccc5n2c34,6.76
3039,CHEMBL1112,Clc1cccc(N2CCN(CCCCOc3ccc4CCC(=O)Nc4c3)CC2)c1Cl,7.0
3044,CHEMBL3289656,C(CN1CCN(CC1)c2ncccn2)Cc3nc4ccccc4s3,6.9
3056,CHEMBL1186220,C1CNC(=Nn2ncc3ccccc23)N1,6.19
3057,CHEMBL3343699,Fc1ccc2cnn(N=C3NCCN3)c2c1,6.22
3058,CHEMBL3343700,Fc1cccc2cnn(N=C3NCCN3)c12,5.92
3064,CHEMBL3417585,C[C@@H]1CCCN1CCCOc2ccc(cc2)C3=NNC(=O)[C@@H]4C[C@H]34,5.82
3065,CHEMBL3417586,C[C@@H]1CCCN1CCCOc2ccc(cc2)C3=NNC(=O)[C@H]4C[C@@H]34,5.75
3151,CHEMBL3608450,COc1cc2C(CN(C)C3Cc4cc5OCOc5cc4c(c1OC)c23)c6ccccc6,6.36
3155,CHEMBL3735756,COc1ccc(CCN(CCCc2ccccc2)CCc3ccc4OCOc4c3)cc1OC,6.37
3169,CHEMBL3754496,Fc1ccc2[nH]cc(CCN(CC=C)CC=C)c2c1,6.1
3175,CHEMBL3769968,Cl.NCC1CC1c2cc(F)c(F)cc2OCC=C,6.56
