,molecule_chembl_id,canonical_smiles,pchembl_value
0,arbutamine,O[C@@H](CNCCCCC1=CC=C(O)C=C1)C1=CC(O)=C(O)C=C1,
1,etilefrine,CCNCC(O)C1=CC(O)=CC=C1,
2,etilefrine pivalate,CCNCC(O)C1=CC(OC(=O)C(C)(C)C)=CC=C1,
3,levdobutamine,C[C@@H](CCC1=CC=C(O)C=C1)NCCC1=CC=C(O)C(O)=C1,
4,bupranolol,CC1=CC(OCC(O)CNC(C)(C)C)=C(Cl)C=C1,8.14999962
5,practolol,CC(C)NCC(O)COC1=CC=C(NC(C)=O)C=C1,6.44999981
6,carvedilol,COc1ccccc1OCCNCC(O)COc2cccc3[nH]c4ccccc4c23,9.5
7,nadolol,CC(C)(C)NCC(O)COC1=CC=CC2=C1CC(O)C(O)C2,6.900000099999999
8,denopamine,COC1=CC=C(CCNC[C@H](O)C2=CC=C(O)C=C2)C=C1OC,5.8
9,levobunolol,CC(C)(C)NC[C@H](O)COc1cccc2C(=O)CCCc12,8.3990271
10,labetalol,CC(CCc1ccccc1)NCC(O)c2ccc(O)c(c2)C(=O)N,8.23358715
11,propafenone,CCCNCC(O)COc1ccccc1C(=O)CCc2ccccc2,6.68824614
12,droxidopa,N[C@@H]([C@H](O)C1=CC(O)=C(O)C=C1)C(O)=O,
13,metipranolol,CC(C)NCC(O)COC1=C(C)C(C)=C(OC(C)=O)C(C)=C1,
14,timolol,CC(C)(C)NC[C@H](O)COC1=NSN=C1N1CCOCC1,9.0
15,sotalol,CC(C)NCC(O)C1=CC=C(NS(C)(=O)=O)C=C1,6.1
16,propranolol,CC(C)NCC(O)COc1cccc2ccccc12,8.71
17,pindolol,CC(C)NCC(O)COc1cccc2[nH]ccc12,9.4
18,penbutolol,CC(C)(C)NC[C@H](O)COC1=C(C=CC=C1)C1CCCC1,8.8
19,oxprenolol,CC(C)NCC(O)COC1=C(OCC=C)C=CC=C1,8.11
20,nebivolol,[H]C1(CCC2=CC(F)=CC=C2O1)C(O)CNCC(O)C1([H])CCC2=CC(F)=CC=C2O1,8.5
21,metoprolol,COCCC1=CC=C(OCC(O)CNC(C)C)C=C1,7.6
22,isoprenaline,CC(C)NCC(O)c1ccc(O)c(O)c1,9.0
23,dopamine,NCCc1ccc(O)c(O)c1,5.0
24,dobutamine,CC(CCc1ccc(O)cc1)NCCc2ccc(O)c(O)c2,5.5
25,carteolol,CC(C)(C)NCC(O)COC1=C2CCC(=O)NC2=CC=C1,9.3
26,bisoprolol,CC(C)NCC(O)COC1=CC=C(COCCOC(C)C)C=C1,7.65
27,betaxolol,CC(C)NCC(O)COC1=CC=C(CCOCC2CC2)C=C1,8.8
28,atenolol,CC(C)NCC(O)COC1=CC=C(CC(N)=O)C=C1,7.3
29,acebutolol,CCCC(=O)NC1=CC(C(C)=O)=C(OCC(O)CNC(C)C)C=C1,7.3
30,celiprolol,CCN(CC)C(=O)NC1=CC(C(C)=O)=C(OCC(O)CNC(C)(C)C)C=C1,8.1
31,bevantolol,COC1=C(OC)C=C(CCNCC(O)COC2=CC(C)=CC=C2)C=C1,
32,norepinephrine,NC[C@H](O)c1ccc(O)c(O)c1,6.0
33,alprenolol,CC(C)NCC(O)COC1=C(CC=C)C=CC=C1,9.67778111
34,levobetaxolol,CC(C)NC[C@H](O)COC1=CC=C(CCOCC2CC2)C=C1,
35,esmolol,COC(=O)CCC1=CC=C(OCC(O)CNC(C)C)C=C1,6.900000099999999
36,landiolol,CC1(C)OC[C@@H](COC(=O)CCC2=CC=C(OC[C@@H](O)CNCCNC(=O)N3CCOCC3)C=C2)O1,
37,bopindolol,CC1=CC2=C(N1)C=CC=C2OCC(CNC(C)(C)C)OC(=O)C1=CC=CC=C1,9.51
38,CHEMBL13238,CC(C)S(=O)(=O)Nc1ccc(CCNC[C@H](O)COc2ccc(O)cc2)cc1,7.0
39,CHEMBL1258704,CC(C)c1ccccc1OCC(O)CNC2CCN(CC2)c3ncnc4scc(c5ccccc5)c34,7.0
40,CHEMBL1945290,CCOc1ccccc1CNCc2cccc(CCNC[C@H](O)c3ccc(O)c4NC(=O)Sc34)c2,7.0
41,CHEMBL251599,Cc1nc(cs1)c2ccc(OCCNC[C@H](O)c3cccnc3)cc2,7.0
42,CHEMBL1807832,O[C@@H](CNCCOCCCNCCc1cccc(Cl)c1)c2ccc(O)c3NC(=O)Sc23,7.0
43,CHEMBL251600,O[C@@H](CNCCOc1ccc(cc1)c2csc(n2)C(F)(F)F)c3cccnc3,7.0
44,CHEMBL1807826,O[C@@H](CNCCSCCCNCCc1cccc(c1)C(F)(F)F)c2ccc(O)c3NC(=O)Sc23,7.0
45,CHEMBL1830621,OC(CNCCOCCOCCNC(=O)CCCCCNC(=O)COc1ccc(\C=C\c2ccc3C=C4C=CC(=[N+]4[B-](F)(F)n23)c5cccs5)cc1)COc6cccc7[nH]ccc67,7.01
46,CHEMBL399522,O[C@@H](CNCCOc1ccc(cc1)c2csc(n2)c3ccncc3)c4cccnc4,7.01
47,CHEMBL2348215,COc1ccccc1NC(=O)NCCNCC(O)COc2ccc(OCCOC3CCCC3)cc2,7.02
48,CHEMBL2348217,CCOCCOc1ccc(OCC(O)CNCCNC(=O)Nc2ccc(O)cc2)cc1,7.04
49,CHEMBL1095777,CCc1cc2CC(Cc2cc1CC)NC[C@H](O)c3ccc(O)c4NC(=O)C=Cc34,7.04
50,CHEMBL1830493,O[C@@H](CNCCNC(=O)CCCCCNC(=O)COc1ccc(\C=C\c2ccc3C=C4C=CC(=[N+]4[B-](F)(F)n23)c5cccs5)cc1)COc6ccccc6CC=C,7.04
51,CHEMBL1083670,CC(C)c1ccccc1OCC(O)CNC2CCN(C)CC2,7.05
52,CHEMBL186247,CS(=O)(=O)c1cccc2c(CCNC[C@H](O)c3cccc(NS(=O)(=O)c4cccc(N)c4)c3)c[nH]c12,7.05
53,CHEMBL1830488,OC(CNCCNC(=O)CCCCCNC(=O)COc1ccc(\C=C\c2ccc3C=C4C=CC(=[N+]4[B-](F)(F)n23)c5cccs5)cc1)COc6cccc7ccccc67,7.05
54,CHEMBL2335158,Clc1cc(Cl)cc(c1)N2CCNCC2,7.07
55,CHEMBL12633,C[C@@H](Cc1ccc(O)cc1)NC[C@H](O)COc2ccc(O)cc2,7.09
56,CHEMBL75753,OC(CNCCNC(=O)N1CCOCC1)COc2ccc(O)cc2,7.09
57,CHEMBL308351,COc1c(I)cc(CC2NCCc3cc(O)c(O)cc23)cc1I,7.1
58,CHEMBL1945031,Cc1cccc2c(CCNCc3cccc(CCNC[C@H](O)c4ccc(O)c5NC(=O)Sc45)c3)c[nH]c12,7.1
59,CHEMBL1086005,OC(COc1ccccc1CC=C)CN2CCC(CN3C(=O)c4cccc5cccc(C3=O)c45)CC2,7.1
60,CHEMBL1221679,O[C@@H](CNC1CCCCCC1)c2ccc(O)c3NC(=O)Sc23,7.1
61,CHEMBL1807871,O[C@@H](CNCCCSCCNCCc1cccc(Cl)c1Cl)c2ccc(O)c3NC(=O)Sc23,7.1
62,CHEMBL1807829,O[C@@H](CNCCSCCCNCCc1cccc(Cl)c1Cl)c2ccc(O)c3NC(=O)Sc23,7.1
63,CHEMBL442172,O[C@@H](CNCCc1ccc(NS(=O)(=O)c2ccc(I)cc2)cc1)COc3ccccc3,7.1
64,CHEMBL1945043,O[C@@H](CNCCc1cccc(CNCc2ccccn2)c1)c3ccc(O)c4NC(=O)Sc34,7.1
65,CHEMBL3323661,Cc1cccc(c1)[C@H]2CCC[C@H]2NC[C@H](O)c3ccc(O)c4NC(=O)Sc34,7.11
66,CHEMBL2348203,OC(CNCCNC(=O)Nc1ccccc1Br)COc2ccc(OCCOC3CCCC3)cc2,7.11
67,CHEMBL2348200,OC(CNCCNC(=O)Nc1ccccc1Cl)COc2ccc(OCCOC3CCCC3)cc2,7.11
68,CHEMBL343755,C[C@H]1C[C@H](C)N1C(=O)[C@H]2CN(C)C3Cc4c[nH]c5cccc(C3=C2)c45,7.12
69,CHEMBL1083363,OC(COc1cccc2[nH]c3ccccc3c12)CN4CCC(CC4)N5C(=O)c6cccc7cccc(C5=O)c67,7.12
70,CHEMBL124929,CCCCCCCCc1csc(n1)N2CCc3ccc(N\C(=N\c4ccc(CCNC[C@H](O)c5cccnc5)cc4)\NC#N)cc23,7.13
71,CHEMBL1258486,OC(CNC1CCN(CC1)c2ncnc3sccc23)COc4ccccc4,7.14
72,CHEMBL1830492,OC(CNCCOCCOCCNC(=O)CCCCCNC(=O)COc1ccc(\C=C\c2ccc3C=C4C=CC(=[N+]4[B-](F)(F)n23)c5cccs5)cc1)COc6cccc7ccccc67,7.14
73,CHEMBL49080,CC(C)(C)NCC(O)c1cc(Cl)c(N)c(Cl)c1,7.16
74,CHEMBL2260987,C[C@H](Cc1c[nH]c2c(OS(=O)(=O)C)cccc12)NC[C@H](O)c3ccc(cc3)C(=O)Nc4ccccc4,7.16
75,CHEMBL1221681,O[C@@H](CN[C@H]1CCC[C@@H]1OCc2ccccc2)c3ccc(O)c4NC(=O)Sc34,7.16
76,CHEMBL200234,C1CN(CCN1)c2cccc3[nH]ccc23,7.17
77,CHEMBL226349,CCCCOc1ccc(C[C@@H](C)NC[C@H](O)c2onc(Br)c2)cc1,7.18
78,CHEMBL184407,C[C@H](Cc1c[nH]c2c(OS(=O)(=O)C)cccc12)NC[C@H](O)c3cccc(NS(=O)(=O)c4cccs4)c3,7.18
79,CHEMBL3323653,O[C@@H](CN[C@H]1CCC[C@H]1C2CCCC2)c3ccc(O)c4NC(=O)Sc34,7.18
80,CHEMBL431678,O[C@@H](CNCCc1ccc(N\C(=N\c2ccc3N(CCc3c2)c4nc(cs4)c5ccc(OC(F)(F)F)cc5)\NC#N)cc1)c6cccnc6,7.19
81,CHEMBL1945044,COc1cccc(CNCc2cccc(CCNC[C@H](O)c3ccc(O)c4NC(=O)Sc34)c2)c1,7.2
82,CHEMBL1945299,COc1ccccc1CNCCc2cccc(CCNC[C@H](O)c3ccc(O)c4NC(=O)Sc34)c2,7.2
83,CHEMBL1807872,O[C@@H](CNCCCOCCNCCc1cccc(Cl)c1)c2ccc(O)c3NC(=O)Sc23,7.2
84,CHEMBL1945038,O[C@@H](CNCCc1cccc(CNCCCc2ccccn2)c1)c3ccc(O)c4NC(=O)Sc34,7.2
85,CHEMBL1944691,O[C@@H](CNCCc1cccc(CNCCc2ccccc2F)c1)c3ccc(O)c4NC(=O)Sc34,7.2
86,CHEMBL3323657,CC(C)[C@H]1CCC[C@H]1NC[C@H](O)c2ccc(O)c3NC(=O)Sc23,7.21
87,CHEMBL387851,C[C@H](Cc1ccc(OCC(=O)O)cc1)NC[C@H](O)c2onc(Br)c2,7.21
88,CHEMBL29141,CNCC(O)c1ccc(O)c2nc(O)sc12,7.22
89,CHEMBL1257913,OC(CNC1CCN(CC1)c2ncnc3scc(c4ccccc4)c23)COc5cccc(O)c5,7.22
90,CHEMBL13079,O[C@@H](CNCCc1ccc(NS(=O)(=O)Cc2ccccc2)cc1)COc3ccc(O)cc3,7.22
91,CHEMBL3323660,Cc1ccccc1[C@H]2CCC[C@H]2NC[C@H](O)c3ccc(O)c4NC(=O)Sc34,7.24
92,CHEMBL1221635,O[C@@H](CN[C@H]1CCCc2ccccc12)c3ccc(O)c4NC(=O)Sc34,7.24
93,CHEMBL1830489,OC(CNCCCCNC(=O)CCCCCNC(=O)COc1ccc(\C=C\c2ccc3C=C4C=CC(=[N+]4[B-](F)(F)n23)c5cccs5)cc1)COc6cccc7ccccc67,7.25
94,CHEMBL1830617,OC(CNCCNC(=O)CCCCCNC(=O)COc1ccc(\C=C\c2ccc3C=C4C=CC(=[N+]4[B-](F)(F)n23)c5cccs5)cc1)COc6ccccc6CC=C,7.26
95,CHEMBL1807824,CCc1ccc(CCNCCCSCCNC[C@H](O)c2ccc(O)c3NC(=O)Sc23)cc1,7.3
96,CHEMBL1945039,COc1ccccc1CNCc2cccc(CCNC[C@H](O)c3ccc(O)c4NC(=O)Sc34)c2,7.3
97,CHEMBL1807873,O[C@@H](CNCCCOCCNCCc1cccc(Cl)c1Cl)c2ccc(O)c3NC(=O)Sc23,7.3
98,CHEMBL250760,O[C@@H](CNCCOc1ccc(cc1)c2coc(COCc3ccccc3)n2)c4cccnc4,7.3
99,CHEMBL279931,C[C@H](Cc1c[nH]c2ccccc12)NC[C@@H](O)c3cccc(Cl)c3,7.33
100,CHEMBL2348212,Cc1ccccc1NC(=O)NCCNCC(O)COc2ccc(OCCOC3CCCC3)cc2,7.33
101,CHEMBL2204360,Cl.Cc1ccc(Sc2ccccc2N3CCNCC3)c(C)c1,7.34
102,CHEMBL1788270,CC(C)(C)NC[C@@H](O)CON=C1c2ccccc2c3ccccc13,7.36
103,CHEMBL2260989,C[C@H](Cc1cn2CCCOc3cccc1c23)NC[C@H](O)c4cccc(NS(=O)(=O)c5cccs5)c4,7.36
104,CHEMBL361505,COc1cccc2c(C[C@@H](C)NC[C@H](O)c3cccc(NS(=O)(=O)c4cccs4)c3)c[nH]c12,7.37
105,CHEMBL1221732,O[C@@H](CN[C@@H]1CCCC[C@H]1OCc2ccccc2)c3ccc(O)c4NC(=O)Sc34,7.39
106,CHEMBL605993,COc1ccc(C[C@@H](C)NC[C@H](O)c2ccc(O)c(NC=O)c2)cc1.OC(=O)\C=C\C(=O)O,7.4
107,CHEMBL1807870,O[C@@H](CNCCCSCCNCCc1ccccc1Cl)c2ccc(O)c3NC(=O)Sc23,7.4
108,CHEMBL3323655,O[C@@H](CN[C@@H]1CCC[C@@H]1C2CCCCC2)c3ccc(O)c4NC(=O)Sc34,7.4
109,CHEMBL1221542,C[C@H](NC[C@H](O)c1ccc(O)c2NC(=O)Sc12)C3CCCCC3,7.41
110,CHEMBL368457,CC(C)(C)NCC(O)CON=C1c2ccccc2c3ccccc13,7.42
111,CHEMBL399785,CCc1nc(cs1)c2ccc(OCCNC[C@H](O)c3cccnc3)cc2,7.43
112,CHEMBL182770,C[C@H](Cc1c[nH]c2c(OS(=O)(=O)C)cccc12)NC[C@H](O)c3cccc(NCC=C(C)C)c3,7.44
113,CHEMBL1830485,O[C@@H](CNCCNC(=O)CCCCCNC(=O)COc1ccc(\C=C\c2ccc3C=C4C=CC(=[N+]4[B-](F)(F)n23)c5cccs5)cc1)COc6cccc7ccccc67,7.44
114,CHEMBL1221586,O[C@@H](CNCC12CC3CC(CC(C3)C1)C2)c4ccc(O)c5NC(=O)Sc45,7.45
115,CHEMBL442225,C[C@H](Cc1c[nH]c2c(cccc12)S(=O)(=O)C)NC[C@H](O)c3cccc(NS(=O)(=O)c4cccc(N)c4)c3,7.47
116,CHEMBL1221638,C[C@H](NC[C@H](O)c1ccc(O)c2NC(=O)Sc12)c3ccc4ccccc4c3,7.47
117,CHEMBL3323663,CCc1cccc(c1)[C@H]2CCC[C@H]2NC[C@H](O)c3ccc(O)c4NC(=O)Sc34,7.48
118,CHEMBL1258025,OC(CNC1CCN(CC1)c2ncnc3scc(c4cccs4)c23)COc5ccccc5,7.48
119,CHEMBL1830486,O[C@@H](CNCCCCNC(=O)CCCCCNC(=O)COc1ccc(\C=C\c2ccc3C=C4C=CC(=[N+]4[B-](F)(F)n23)c5cccs5)cc1)COc6cccc7ccccc67,7.48
120,CHEMBL2348220,OC=O.OC(CNCCNC(=O)Nc1ccc(O)cc1)COc2ccc(OCCOCC3CC3)cc2,7.49
121,CHEMBL1221862,CCCCN(CCCC)CCNC[C@H](O)c1ccc(O)c2NC(=O)Sc12,7.5
122,CHEMBL1830619,OC(CNCCOCCOCCNC(=O)CCCCCNC(=O)COc1ccc(\C=C\c2ccc3C=C4C=CC(=[N+]4[B-](F)(F)n23)c5cccs5)cc1)COc6ccccc6CC=C,7.5
123,CHEMBL1086077,OC(COc1cccc2[nH]c3ccccc3c12)CN4CCC(CC4)C(=O)c5ccc(F)cc5,7.5
124,CHEMBL41214,NS(=O)(=O)c1cc(ccc1Cl)N2CCN(CC(O)COc3cccc4ccccc34)CC2,7.51
125,CHEMBL1258599,OC(CNC1CCN(CC1)c2ncnc3ccsc23)COc4ccccc4,7.52
126,CHEMBL3323659,O[C@@H](CN[C@@H]1CCC[C@@H]1c2ccccc2)c3ccc(O)c4NC(=O)Sc34,7.52
127,CHEMBL305153,CC(C)(C)NC[C@H](O)CON=C1c2ccccc2c3ccccc13,7.53
128,CHEMBL3323665,CCCc1ccc(CCNC[C@H](O)c2ccc(O)c3NC(=O)Sc23)cc1,7.55
129,CHEMBL1083368,OC(COc1cccc2[nH]ccc12)CN3CCC(CN4C(=O)c5cccc6cccc(C4=O)c56)CC3,7.57
130,CHEMBL2011229,O[C@@H](CNCCNC(=O)Nc1nccs1)COc2ccccc2C#N,7.59
131,CHEMBL13102,CC(=O)Nc1ccc(CCNC[C@H](O)COc2ccc(O)cc2)cc1,7.6
132,CHEMBL446609,CC(C)(C)Nc1cccc2NC(=O)C(OCCCO)Sc12,7.62
133,CHEMBL387852,CCOC(=O)COc1ccc(C[C@@H](C)NC[C@H](O)c2onc(Br)c2)cc1,7.64
134,CHEMBL1830618,O[C@@H](CNCCOCCOCCNC(=O)CCCCCNC(=O)COc1ccc(\C=C\c2ccc3C=C4C=CC(=[N+]4[B-](F)(F)n23)c5cccs5)cc1)COc6ccccc6CC=C,7.65
135,CHEMBL2260988,COc1cccc2c(C[C@@H](C)NC[C@H](O)c3cccc(NS(=O)(=O)c4cccs4)c3)cn(Cc5ccccc5)c12,7.66
136,CHEMBL185836,C[C@H](Cc1c[nH]c2ccccc12)NC[C@H](O)c3cccc(NS(=O)(=O)c4cccs4)c3,7.68
137,CHEMBL3323671,Cc1ccc(CCNC[C@H](O)c2ccc(O)c3NC(=O)Sc23)cc1C,7.68
138,CHEMBL2011220,O[C@@H](CNCCNC(=O)Nc1ccc(cc1)C(=O)O)COc2cccc(F)c2C#N,7.68
139,CHEMBL1945297,CC(Cc1cccc(CNCCc2c(Cl)cccc2Cl)c1)NC[C@H](O)c3ccc(O)c4NC(=O)Sc34,7.7
140,CHEMBL2348199,OC(CNCCNC(=O)Nc1ccc(F)cc1)COc2ccc(OCCOC3CCCC3)cc2,7.7
141,CHEMBL2348208,OC(CNCCNC(=O)Nc1ccc(cc1)C(F)(F)F)COc2ccc(OCCOC3CCCC3)cc2,7.7
142,CHEMBL2011232,O[C@@H](CNCCNC(=O)N1CCOCC1)COc2ccccc2C#N,7.7
143,CHEMBL1945037,O[C@@H](CNCCc1cccc(CNCCCc2ccccc2)c1)c3ccc(O)c4NC(=O)Sc34,7.7
144,CHEMBL188196,C[C@H](Cc1c[nH]c2c(OCC(=O)O)cccc12)NC[C@H](O)c3cccc(NS(=O)(=O)c4cccs4)c3,7.72
145,CHEMBL2260986,C[C@H](Cc1c[nH]c2c(OS(=O)(=O)C)cccc12)NC[C@H](O)c3ccc(cc3)S(=O)(=O)Nc4ccccc4,7.72
146,CHEMBL1221803,O[C@@H](CNCCOc1ccccc1)c2ccc(O)c3NC(=O)Sc23,7.75
147,CHEMBL1221682,O[C@@H](CN[C@@H]1CCC[C@@H]1C2CCCC2)c3ccc(O)c4NC(=O)Sc34,7.75
148,CHEMBL3323654,O[C@@H](CN[C@H]1CCC[C@@H]1C2CCCC2)c3ccc(O)c4NC(=O)Sc34,7.75
149,CHEMBL2348216,COc1cccc(NC(=O)NCCNCC(O)COc2ccc(OCCOC3CCCC3)cc2)c1,7.76
150,CHEMBL2348214,Cc1ccc(NC(=O)NCCNCC(O)COc2ccc(OCCOC3CCCC3)cc2)cc1,7.76
151,CHEMBL1830491,O[C@@H](CNCCOCCOCCNC(=O)CCCCCNC(=O)COc1ccc(\C=C\c2ccc3C=C4C=CC(=[N+]4[B-](F)(F)n23)c5cccs5)cc1)COc6cccc7ccccc67,7.76
152,CHEMBL2348205,OC(CNCCNC(=O)Nc1ccc(Br)cc1)COc2ccc(OCCOC3CCCC3)cc2,7.77
153,CHEMBL2348207,OC(CNCCNC(=O)Nc1cccc(c1)C(F)(F)F)COc2ccc(OCCOC3CCCC3)cc2,7.77
154,CHEMBL123745,CCCCCCCCc1csc(n1)N2CCc3cc(N\C(=N\c4ccc(CCNC[C@H](O)c5cccnc5)cc4)\NC#N)ccc23,7.8
155,CHEMBL2348196,COc1ccc(NC(=O)NCCNCC(O)COc2ccc(OCCOC3CCCC3)cc2)cc1,7.8
156,CHEMBL1082827,OC(COc1cccc2[nH]c3ccccc3c12)CN4CCC(CC4)C(=O)c5ccccc5,7.8
157,CHEMBL12994,C[C@@H](CCc1ccc(O)cc1)NC[C@H](O)COc2ccc(O)cc2,7.82
158,CHEMBL40297,NS(=O)(=O)c1cc(NCCNCC(O)COc2cccc3ccccc23)ccc1Cl,7.82
159,CHEMBL2348197,OC(CNCCNC(=O)Nc1ccccc1F)COc2ccc(OCCOC3CCCC3)cc2,7.82
160,CHEMBL1221636,O[C@@H](CNCCCCc1ccccc1)c2ccc(O)c3NC(=O)Sc23,7.82
161,CHEMBL1086542,OC(COc1cccc2[nH]c3ccccc3c12)CN4CCC(Cc5ccccc5)CC4,7.85
162,CHEMBL3323669,CCCCOc1ccc(CCNC[C@H](O)c2ccc(O)c3NC(=O)Sc23)cc1,7.89
163,CHEMBL1082828,COc1ccc(cc1)C(=O)C2CCN(CC(O)COc3cccc4[nH]c5ccccc5c34)CC2,7.89
164,CHEMBL2260985,C[C@H](Cc1c[nH]c2c(OS(=O)(=O)C)cccc12)NC[C@H](O)c3cccc(NS(=O)(=O)c4cccc(N)c4)c3,7.89
165,CHEMBL2348210,OC(CNCCNC(=O)Nc1cccc(O)c1)COc2ccc(OCCOC3CCCC3)cc2,7.89
166,CHEMBL1947157,O[C@@H](CNCCc1cccc(CNCCc2c(Cl)cccc2Cl)c1)c3ccc(O)c4NC(=O)Sc34,7.9
167,CHEMBL2348211,OC(CNCCNC(=O)Nc1ccccc1)COc2ccc(OCCOC3CCCC3)cc2,7.91
168,CHEMBL1083668,CC(C)c1ccccc1OCC(O)CN2CCOCC2,7.92
169,CHEMBL2348204,OC(CNCCNC(=O)Nc1cccc(Br)c1)COc2ccc(OCCOC3CCCC3)cc2,7.92
170,CHEMBL2348202,OC(CNCCNC(=O)Nc1ccc(Cl)cc1)COc2ccc(OCCOC3CCCC3)cc2,7.95
171,CHEMBL274782,COc1ccc(CC[C@H](C)NC[C@H](O)COc2ccc(O)cc2)cc1,8.0
172,CHEMBL1945289,COc1ccc(CNCc2cccc(CCNC[C@H](O)c3ccc(O)c4NC(=O)Sc34)c2)cc1,8.0
173,CHEMBL425161,C\C=C\CNc1cccc(c1)[C@@H](O)CN[C@H](C)Cc2c[nH]c3c(OS(=O)(=O)C)cccc23,8.0
174,CHEMBL2011230,O[C@@H](CNCCNC(=O)Nc1nnn(CCF)n1)COc2ccccc2C#N,8.0
175,CHEMBL2011233,O[C@@H](CNCCNC(=O)c1ccc(F)nc1)COc2ccccc2C#N,8.0
176,CHEMBL1945041,O[C@@H](CNCCc1cccc(CNCc2ccccc2Cl)c1)c3ccc(O)c4NC(=O)Sc34,8.0
177,CHEMBL181300,C[C@H](Cc1c[nH]c2c(OS(=O)(=O)C)cccc12)NC[C@H](O)c3cccc(NCC#C)c3,8.02
178,CHEMBL1221543,CC(C)(C)CC(C)(C)NC[C@H](O)c1ccc(O)c2NC(=O)Sc12,8.04
179,CHEMBL2348213,Cc1cccc(NC(=O)NCCNCC(O)COc2ccc(OCCOC3CCCC3)cc2)c1,8.04
180,CHEMBL207802,OC(CNCCNC(=O)Nc1ccc(O)cc1)COc2ccc(OCCOCC3CC3)cc2C#N,8.04
181,CHEMBL1221804,CN(CCCNC[C@H](O)c1ccc(O)c2NC(=O)Sc12)c3ccccc3,8.08
182,CHEMBL1160723,CC(C)NC[C@H](O)c1ccc(O)c(O)c1,8.1
183,CHEMBL3323668,CCCCc1cccc(CCNC[C@H](O)c2ccc(O)c3NC(=O)Sc23)c1,8.1
184,CHEMBL236514,O[C@@H](CNC12CC3CC(CC(C3)C1)C2)COc4cccc5[nH]ccc45,8.1
185,CHEMBL1807820,O[C@@H](CNCCCSCCOCCc1cccc2ccccc12)c3ccc(O)c4NC(=O)Sc34,8.1
186,CHEMBL1807818,O[C@@H](CNCCCSCCOCCc1ccccc1)c2ccc(O)c3NC(=O)Sc23,8.1
187,CHEMBL1945296,O[C@@H](CNCCCc1cccc(CNCCc2c(Cl)cccc2Cl)c1)c3ccc(O)c4NC(=O)Sc34,8.1
188,CHEMBL1807817,O[C@@H](CNCCSCCCOCCc1ccccc1)c2ccc(O)c3NC(=O)Sc23,8.1
189,CHEMBL43968,NS(=O)(=O)c1cc(NCCNCC(O)COc2cccc3NC(=O)CSc23)ccc1Cl,8.11
190,CHEMBL183552,C[C@H](Cc1c[nH]c2c(OS(=O)(=O)C)cccc12)NC[C@H](O)c3cccc(NCc4ccc5ccccc5c4)c3,8.12
191,CHEMBL38532,NS(=O)(=O)c1cc(ccc1Cl)C(=O)NCCNCC(O)COc2cccc3NC(=O)CSc23,8.13
192,CHEMBL2348219,OC(CNCCNC(=O)Nc1ccc(O)cc1)COc2ccc(OCCOC3CCCC3)cc2,8.13
193,CHEMBL187317,CCCCS(=O)(=O)Oc1cccc2c(C[C@@H](C)NC[C@H](O)c3cccc(NS(=O)(=O)c4cccs4)c3)c[nH]c12,8.14
194,CHEMBL2260984,CCOC(=O)S(=O)(=O)Oc1cccc2c(C[C@@H](C)NC[C@H](O)c3cccc(NS(=O)(=O)c4cccs4)c3)c[nH]c12,8.14
195,CHEMBL1084772,OC(COc1cccc2[nH]c3ccccc3c12)CN4CCC(CN5C(=O)c6cccc7cccc(C5=O)c67)CC4,8.16
196,CHEMBL1221683,O[C@@H](CN[C@@H]1CCC[C@H]1C2CCCC2)c3ccc(O)c4NC(=O)Sc34,8.16
197,CHEMBL2261203,CCN(CC)C(=O)COc1cccc2c(C[C@@H](C)NC[C@H](O)c3cccc(NS(=O)(=O)c4cccs4)c3)c[nH]c12,8.17
198,CHEMBL2348198,OC(CNCCNC(=O)Nc1cccc(F)c1)COc2ccc(OCCOC3CCCC3)cc2,8.17
199,CHEMBL276659,O[C@@H](CNCCc1ccc(NC(=O)c2ccccc2)cc1)COc3ccc(O)cc3,8.17
200,CHEMBL186676,C[C@H](Cc1c[nH]c2c(OCc3ccccc3)cccc12)NC[C@H](O)c4cccc(NS(=O)(=O)c5cccs5)c4,8.18
201,CHEMBL282190,CC(Cc1c[nH]c2c(OCC(=O)O)cccc12)NC[C@H](O)c3cccc(Cl)c3,8.19
202,CHEMBL1945042,O[C@@H](CNCCc1cccc(CNCc2ccccc2F)c1)c3ccc(O)c4NC(=O)Sc34,8.2
203,CHEMBL185660,C[C@H](Cc1c[nH]c2c(OS(=O)(=O)C(C)C)cccc12)NC[C@H](O)c3cccc(NS(=O)(=O)c4cccs4)c3,8.21
204,CHEMBL2348201,OC(CNCCNC(=O)Nc1cccc(Cl)c1)COc2ccc(OCCOC3CCCC3)cc2,8.21
205,CHEMBL3323667,CC(C)Cc1ccc(CCNC[C@H](O)c2ccc(O)c3NC(=O)Sc23)cc1,8.22
206,CHEMBL186135,CCCCCCCCS(=O)(=O)Oc1cccc2c(C[C@@H](C)NC[C@H](O)c3cccc(NS(=O)(=O)c4cccs4)c3)c[nH]c12,8.25
207,CHEMBL3323666,CCCc1cccc(CCNC[C@H](O)c2ccc(O)c3NC(=O)Sc23)c1,8.26
208,CHEMBL289390,NS(=O)(=O)c1cc(ccc1Cl)S(=O)(=O)NCCNCC(O)COc2cccc3NC(=O)CSc23,8.28
209,CHEMBL2011236,O[C@@H](CNCCNS(=O)(=O)c1ccccc1F)COc2ccccc2C#N,8.3
210,CHEMBL3323670,CCCCOc1cccc(CCNC[C@H](O)c2ccc(O)c3NC(=O)Sc23)c1,8.37
211,CHEMBL1807819,O[C@@H](CNCCCSCCCOCCc1ccccc1)c2ccc(O)c3NC(=O)Sc23,8.4
212,CHEMBL177442,CN(C)C(=N)NC1=NC(=O)\C(=C\c2ccc(cc2)N3CCC(CC3)NC[C@H](O)COc4cccc5[nH]c(O)nc45)\S1,8.42
213,CHEMBL1221587,O[C@@H](CNCCc1ccccc1)c2ccc(O)c3NC(=O)Sc23,8.42
214,CHEMBL1082500,COc1ccc(CC2CCN(CC(O)COc3cccc4[nH]c5ccccc5c34)CC2)cc1,8.47
215,CHEMBL2348218,OC(CNCCNC(=O)Nc1ccc(O)cc1)COc2ccc(OCCOCCc3ccc(F)cc3)cc2,8.5
216,CHEMBL1807822,O[C@@H](CNCCCOCCOCCc1cccc2ccccc12)c3ccc(O)c4NC(=O)Sc34,8.5
217,CHEMBL1807821,O[C@@H](CNCCCOCCOCCc1ccccc1)c2ccc(O)c3NC(=O)Sc23,8.5
218,CHEMBL187209,C[C@H](Cc1c[nH]c2c(OS(=O)(=O)c3ccccc3)cccc12)NC[C@H](O)c4cccc(NS(=O)(=O)c5cccs5)c4,8.51
219,CHEMBL486278,COc1ccc(CC(C)(C)NC[C@H](O)COc2cccc3NC(=O)Nc23)cc1,8.52
220,CHEMBL2011234,O[C@@H](CNCCCC(=O)Nc1ccc(F)nc1)COc2ccccc2C#N,8.52
221,CHEMBL452861,CC(C)NC[C@H](O)COc1cccc2ccccc12,8.6
222,CHEMBL393648,O[C@@H](CNC1CCCCC1)COc2cccc3[nH]ccc23,8.63
223,CHEMBL2011223,CCOc1ccc(NC(=O)NCCNC[C@H](O)COc2cccc(F)c2C#N)cc1,8.7
224,CHEMBL1221589,O[C@@H](CNCCCc1ccccc1)c2ccc(O)c3NC(=O)Sc23,8.7
225,CHEMBL2011221,O[C@@H](CNCCNC(=O)Nc1ccc(cc1)C(=O)O)COc2cc(F)ccc2C#N,8.7
226,CHEMBL1945035,O[C@@H](CNCCc1ccccc1CNCCc2ccccc2F)c3ccc(O)c4NC(=O)Sc34,8.7
227,CHEMBL2088201,CCc1cc2CC(C)(Cc2cc1CC)NC[C@H](O)c3ccc(O)c4NC(=O)C=Cc34,8.72
228,CHEMBL26393,C[C@H](Cc1c[nH]c2ccccc12)NC[C@H](O)c3cccc(Cl)c3,8.72
229,CHEMBL1221590,CC(C)(Cc1ccccc1)NC[C@H](O)c2ccc(O)c3NC(=O)Sc23,8.75
230,CHEMBL3392321,O.OC(CNCCNC(=O)Nc1ccccc1)COc2ccccc2C#N,8.75
231,CHEMBL1221861,O[C@@H](CNCCSc1ccc(Cl)cc1)c2ccc(O)c3NC(=O)Sc23,8.77
232,CHEMBL280822,Cn1cc(nc1c2ccc(OCC(O)CNCCOc3ccc(O)c(c3)C(=O)N)cc2)C(F)(F)F,8.79
233,CHEMBL2011219,CC(CF)Nc1ccc(NC(=O)NCCNC[C@H](O)COc2ccccc2C#N)cc1,8.82
234,CHEMBL1221541,C[C@@H](NC[C@H](O)c1ccc(O)c2NC(=O)Sc12)C3CCCCC3,8.82
235,CHEMBL1221637,C[C@@H](NC[C@H](O)c1ccc(O)c2NC(=O)Sc12)c3ccc4ccccc4c3,8.85
236,CHEMBL290313,NS(=O)(=O)c1cc(ccc1Cl)S(=O)(=O)NCCNCC(O)COc2cccc3NC(=O)CCc23,8.85
237,CHEMBL189081,C[C@H](Cc1c[nH]c2c(OS(=O)(=O)c3cccnc3)cccc12)NC[C@H](O)c4cccc(NS(=O)(=O)c5cccs5)c4,8.89
238,CHEMBL186271,C[C@H](Cc1c[nH]c2c(OS(=O)(=O)c3cccs3)cccc12)NC[C@H](O)c4cccc(NS(=O)(=O)c5cccs5)c4,8.92
239,CHEMBL1082501,OC(COc1cccc2[nH]c3ccccc3c12)CN4CCC(Cc5cccnc5)CC4,9.0
240,CHEMBL2011222,O[C@@H](CNCCNC(=O)Nc1ccc(C(=O)O)c(F)c1)COc2ccccc2C#N,9.0
241,CHEMBL1221680,O[C@@H](CN[C@@H]1CCC[C@H]1OCc2ccccc2)c3ccc(O)c4NC(=O)Sc34,9.05
242,CHEMBL3323658,O[C@@H](CN[C@@H]1CCC[C@@H]1CCc2ccccc2)c3ccc(O)c4NC(=O)Sc34,9.1
243,CHEMBL117405,CC(C)NC[C@H](O)COc1cccc2[nH]ccc12,9.12
244,CHEMBL252319,CC(C)NC[C@H](O)COc1cccc(C)c1,9.42
245,CHEMBL2011228,O[C@@H](CNCCNC(=O)Nc1cnc(Br)cn1)COc2ccccc2C#N,9.46
246,CHEMBL2011225,O[C@@H](CNCCNC(=O)Nc1ccc(F)nc1)COc2ccccc2C#N,9.52
247,CHEMBL36060,CC(C)(C)NC[C@H](O)COc1cccc2[nH]c(O)nc12,9.6
248,CHEMBL2011217,O[C@@H](CNCCNC(=O)Nc1ccc(OCCCF)cc1)COc2ccccc2C#N,9.6
249,CHEMBL2011214,O[C@@H](CNCCNC(=O)Nc1ccccc1F)COc2ccccc2C#N,9.7
250,CHEMBL2011235,O[C@@H](CNCCNC(=O)Cc1ccc(F)cc1)COc2ccccc2C#N,9.85
251,CHEMBL416012,COc1cccc2c(CC(C)NC[C@H](O)c3cccc(Cl)c3)c[nH]c12,9.89
252,CHEMBL2011213,COc1ccc(NC(=O)NCCNC[C@H](O)COc2ccccc2C#N)cc1,9.96
253,CHEMBL1084707,COc1cc2C(=O)N(CC3CCN(CC(O)COc4cccc5[nH]c6ccccc6c45)CC3)C(=O)c7cccc(c1)c27,10.0
254,CHEMBL2011215,O[C@@H](CNCCNC(=O)Nc1ccc(F)cc1)COc2ccccc2C#N,10.0
255,CHEMBL2011224,O[C@@H](CNCCNC(=O)Nc1ccc(OCCF)nc1)COc2ccccc2C#N,10.0
256,CHEMBL2011216,O[C@@H](CNCCNC(=O)Nc1ccc(OCCF)cc1)COc2ccccc2C#N,10.1
257,CHEMBL2011227,O[C@@H](CNCCNC(=O)Nc1ccc(Br)nc1)COc2ccccc2C#N,10.3
258,CHEMBL2011226,O[C@@H](CNCCNC(=O)Nc1ccc(I)nc1)COc2ccccc2C#N,10.3
259,CHEMBL2011218,O[C@@H](CNCCNC(=O)Nc1cccc(OCCF)c1)COc2ccccc2C#N,10.4
260,CHEMBL2012522,CC(C)(Cc1ccc(Oc2ccc(cn2)C(=O)N)cc1)NC[C@H](O)COc3cccc4[nH]c5ccccc5c34.OC(=O)CCC(=O)O,10.64
3,CHEMBL266195,CC(C)NCC(O)COc1ccccc1CC=C,8.31
4,CHEMBL40650,COc1cccc2[C@@H]3CN(CCN4C(=O)Nc5c(sc6cccnc56)C4=O)C[C@@H]3CCc12,4.98
5,CHEMBL423,CC(C)NCC(O)COc1ccc(CCOCC2CC2)cc1,7.43
6,CHEMBL26917,CC(C)NCC(O)COc1ccc(C)c2CCCc12,6.73
9,CHEMBL163262,CS(=O)(=O)Nc1cc(ccc1O)[C@@H](O)CNC2CCN(CC2)c3ccc(CC4SC(=O)NC4=O)cc3,5.57
11,CHEMBL424167,O[C@@H](CNC1CCN(CC1)c2ccc(CC3SC(=O)NC3=O)cc2)c4ccc(O)c(NS(=O)(=O)c5ccccc5)c4,6.37
13,CHEMBL165893,O[C@@H](CNC1CCN(CC1)c2ccc(CC3SC(=O)NC3=O)cc2)COc4ccccc4,5.7
17,CHEMBL166085,O[C@@H](CNC1CCN(CC1)c2ccc(CC3SC(=O)NC3=O)cc2)COc4ccc(O)cc4,5.54
24,CHEMBL164378,CS(=O)(=O)Nc1cc(O[C@@H](O)CNC2CCN(CC2)c3ccc(CC4SC(=O)NC4=O)cc3)ccc1O,5.93
26,CHEMBL162711,O[C@@H](CNC1CCN(CC1)c2ccc(CC3SC(=O)NC3=O)cc2)COC4=CC=CC5=NC(=O)N=C45,7.68
32,CHEMBL161949,O[C@@H](CNC1CCN(CC1)c2ccc(CC3SC(=O)NC3=O)cc2)Oc4cccc5nc(O)ccc45,5.82
40,CHEMBL43196,NS(=O)(=O)c1cc(ccc1Cl)S(=O)(=O)NCCNCC(O)COc2cccc3ccccc23,6.8
44,CHEMBL839,CC(C)(C)NCC(O)COc1cccc2NC(=O)CCc12,8.72
46,CHEMBL40609,NS(=O)(=O)c1cc(ccc1Cl)N2CCN(CC(O)COc3cccc4NC(=O)CSc34)CC2,6.85
50,CHEMBL44097,NS(=O)(=O)c1cc(ccc1Cl)C(=O)NCCNCC(O)COc2cccc3ccccc23,6.09
54,CHEMBL40343,NS(=O)(=O)c1cc(ccc1Cl)C(=O)NCCNCC(O)COc2cccc3NC(=O)CCc23,6.52
71,CHEMBL433252,O=S(=O)(Nc1ccccc1)c2ccc3N(CCc3c2)c4cccc(CCCC5CCCC5)n4,5.52
72,CHEMBL54750,O=S(=O)(Nc1ccccc1)c2ccc3N(CCc3c2)c4cccc(CCCC5CCCC5)c4,5.4
73,CHEMBL56594,CCCCCCN(C)C(=O)N1CCc2cc(ccc12)S(=O)(=O)Nc3ccccc3,5.0
74,CHEMBL52407,CCCCCCCCc1onc(n1)N2CCc3cc(ccc23)S(=O)(=O)Nc4ccccc4,6.24
75,CHEMBL56449,CCCCCCc1ccc(nc1)N2CCc3cc(ccc23)S(=O)(=O)Nc4ccccc4,5.75
76,CHEMBL56752,CCCCCCC(=O)N1CCc2cc(ccc12)S(=O)(=O)Nc3ccccc3,5.0
77,CHEMBL54749,CCCCCCCCc1oc(nc1)N2CCc3cc(ccc23)S(=O)(=O)Nc4ccccc4,5.38
78,CHEMBL301202,CN(C)C(=O)N1CCc2cc(ccc12)S(=O)(=O)Nc3ccccc3,5.05
79,CHEMBL292407,CCCCCCCCN(C)C(=O)N1CCc2cc(ccc12)S(=O)(=O)Nc3ccccc3,6.01
80,CHEMBL53679,CCCCCCCCc1csc(Nc2ccc(cc2)S(=O)(=O)Nc3ccccc3)n1,6.19
81,CHEMBL299719,CCCCCCc1cccc(n1)N2CCc3cc(ccc23)S(=O)(=O)Nc4ccccc4,6.05
82,CHEMBL55852,CCCCCCc1ccnc(n1)N2CCc3cc(ccc23)S(=O)(=O)Nc4ccccc4,5.85
83,CHEMBL56308,CCCCCCc1cccc(c1)N2CCc3cc(ccc23)S(=O)(=O)Nc4ccccc4,6.16
84,CHEMBL57486,CCCCCCNC(=O)Nc1ccc(cc1)S(=O)(=O)Nc2ccc(CCNC[C@H](O)c3cccnc3)cc2,5.1
85,CHEMBL55541,O=S(=O)(Nc1ccccc1)c2ccc3N(CCc3c2)c4nc(CCCC5CCCC5)cs4,5.4
86,CHEMBL293818,CCCCCCNC(=O)N(C)c1ccc(cc1)S(=O)(=O)Nc2ccc(CCNC[C@H](O)c3cccnc3)cc2,5.0
87,CHEMBL54885,CNC(=O)N1CCc2cc(ccc12)S(=O)(=O)Nc3ccccc3,4.0
88,CHEMBL54821,CCCCCCCCc1csc(n1)N2CCc3cc(ccc23)S(=O)(=O)Nc4ccccc4,5.59
89,CHEMBL53359,CCCCCCCCc1ccnc(n1)N2CCc3cc(ccc23)S(=O)(=O)Nc4ccccc4,6.0
90,CHEMBL291467,CCCCCCCCc1cccc(n1)N2CCc3cc(ccc23)S(=O)(=O)Nc4ccccc4,6.66
91,CHEMBL295502,O=S(=O)(Nc1ccccc1)c2ccc3N(CCc3c2)c4noc(CCCC5CCCC5)n4,6.48
92,CHEMBL301594,CN(CCc1ccccc1)C(=O)N2CCc3cc(ccc23)S(=O)(=O)Nc4ccccc4,5.0
93,CHEMBL53842,CCCCCCNC(=O)N1CCc2cc(ccc12)S(=O)(=O)Nc3ccccc3,4.4
94,CHEMBL298594,CCCCCCc1csc(n1)N2CCc3cc(ccc23)S(=O)(=O)Nc4ccccc4,5.85
95,CHEMBL56767,CCCCCCCCc1csc(n1)N(C)c2ccc(cc2)S(=O)(=O)Nc3ccccc3,5.82
96,CHEMBL56768,CCCCCCc1onc(n1)N2CCc3cc(ccc23)S(=O)(=O)Nc4ccccc4,6.22
97,CHEMBL433454,Cc1csc(n1)N2CCc3cc(ccc23)S(=O)(=O)Nc4ccccc4,5.4
98,CHEMBL296380,CCCCCCCCc1cccc(c1)N2CCc3cc(ccc23)S(=O)(=O)Nc4ccccc4,5.6
99,CHEMBL294008,CCCCCCCCC(=O)N1CCc2cc(ccc12)S(=O)(=O)Nc3ccccc3,5.75
100,CHEMBL57430,CCCCCCCCNC(=O)N1CCc2cc(ccc12)S(=O)(=O)Nc3ccccc3,6.0
101,CHEMBL53517,CN(C(=O)N1CCc2cc(ccc12)S(=O)(=O)Nc3ccccc3)C(C)(C)Cc4ccccc4,5.52
102,CHEMBL317003,CS(=O)(=O)Nc1cc(ccc1O)[C@@H](O)CNCC2CCN(CC2)S(=O)(=O)c3ccc(cc3)n4cc(CC(=O)O)c5ccccc45,7.52
106,CHEMBL101521,CS(=O)(=O)Nc1cc(ccc1O)[C@@H](O)CNCC2CCN(CC2)c3ccc(cc3)C(=O)N[C@@H](CC(=O)O)C(=O)O,6.24
108,CHEMBL101630,CC(C)C[C@H](NC(=O)c1ccc(cc1)N2CCC(CNC[C@H](O)c3ccc(O)c(NS(=O)(=O)C)c3)CC2)C(=O)O,5.73
110,CHEMBL100351,CS(=O)(=O)Nc1cc(ccc1O)[C@@H](O)CNCC2CCN(CC2)S(=O)(=O)c3ccc(cc3)n4ccc5c(cccc45)C(=O)O,7.3
113,CHEMBL98088,CS(=O)(=O)Nc1cc(ccc1O)[C@@H](O)CNCC2CCN(CC2)c3ccc(cc3)C(=O)N[C@@H](Cc4ccccc4)C(=O)O,6.28
115,CHEMBL100589,CC(C)N(Cc1cc(F)ccc1F)C(=O)Nc2ccc(cc2)S(=O)(=O)N3CCC(CNC[C@H](O)c4ccc(O)c(NS(=O)(=O)C)c4)CC3,5.2
117,CHEMBL101606,CS(=O)(=O)Nc1cc(ccc1O)[C@@H](O)CNCC2CCN(CC2)S(=O)(=O)c3ccc(cc3)n4cc(cn4)C(=O)O,6.0
119,CHEMBL99599,CCCCCCCCC(=O)Nc1ccc(cc1)S(=O)(=O)N2CCC(CNC[C@H](O)c3ccc(O)c(NS(=O)(=O)C)c3)CC2,6.14
122,CHEMBL99219,CS(=O)(=O)Nc1cc(ccc1O)[C@@H](O)CNCC2CCN(CC2)S(=O)(=O)c3ccc(NC(=O)NCc4cc(F)ccc4F)cc3,5.5
124,CHEMBL101674,CS(=O)(=O)Nc1cc(ccc1O)[C@@H](O)CNCC2CCN(CC2)S(=O)(=O)c3ccc(NC(=O)N[C@@H](Cc4ccccc4)C(=O)O)cc3,6.28
126,CHEMBL7585,CC(CCc1ccccc1)NCC(O)c2cc(C(=O)N)c3[nH]ccc3c2,6.6
178,CHEMBL33438,CCC(=O)CCc1onc(n1)c2ccc(cc2)S(=O)(=O)Nc3ccc(CCNC[C@H](O)c4cccnc4)cc3,4.6
180,CHEMBL285458,CCCCCCCCc1onc(n1)c2ccc(cc2)S(=O)(=O)Nc3ccc(CCNC[C@H](O)c4cccnc4)cc3,5.05
181,CHEMBL33168,Cc1onc(n1)c2ccc(cc2)S(=O)(=O)Nc3ccc(CCNC[C@H](O)c4cccnc4)cc3,5.0
182,CHEMBL33755,O[C@@H](CNCCc1ccc(NS(=O)(=O)c2ccc(cc2)c3noc(CCCC4CCCCC4)n3)cc1)c5cccnc5,5.71
183,CHEMBL284965,CC(C)CCCc1onc(n1)c2ccc(cc2)S(=O)(=O)Nc3ccc(CCNC[C@H](O)c4cccnc4)cc3,4.59
184,CHEMBL33725,CCCCCc1onc(n1)c2ccc(cc2)S(=O)(=O)Nc3ccc(CCNC[C@H](O)c4cccnc4)cc3,5.26
185,CHEMBL418411,CC(O)CCCc1onc(n1)c2ccc(cc2)S(=O)(=O)Nc3ccc(CCNC[C@H](O)c4cccnc4)cc3,5.0
186,CHEMBL32996,O[C@@H](CNCCc1ccc(NS(=O)(=O)c2ccc(cc2)c3noc(CCC(=O)N4CCCC4)n3)cc1)c5cccnc5,4.52
187,CHEMBL288083,CCCCCCCc1onc(n1)c2ccc(cc2)S(=O)(=O)Nc3ccc(CCNC[C@H](O)c4cccnc4)cc3,5.7
188,CHEMBL286800,CC(=O)CCCc1onc(n1)c2ccc(cc2)S(=O)(=O)Nc3ccc(CCNC[C@H](O)c4cccnc4)cc3,4.16
189,CHEMBL433042,O[C@@H](CNCCc1ccc(NS(=O)(=O)c2ccc(cc2)c3noc(CCCC4CCCC4)n3)cc1)c5cccnc5,5.26
190,CHEMBL33013,CCCc1onc(n1)c2ccc(cc2)S(=O)(=O)Nc3ccc(CCNC[C@H](O)c4cccnc4)cc3,5.07
191,CHEMBL286139,CCCCc1onc(n1)c2ccc(cc2)S(=O)(=O)Nc3ccc(CCNC[C@H](O)c4cccnc4)cc3,4.26
192,CHEMBL285242,O[C@@H](CNCCc1ccc(NS(=O)(=O)c2ccc(cc2)c3noc(CCOC4CCCC4)n3)cc1)c5cccnc5,5.08
193,CHEMBL285481,CCCCCCc1onc(n1)c2ccc(cc2)S(=O)(=O)Nc3ccc(CCNC[C@H](O)c4cccnc4)cc3,5.7
194,CHEMBL34328,CCC(O)CCc1onc(n1)c2ccc(cc2)S(=O)(=O)Nc3ccc(CCNC[C@H](O)c4cccnc4)cc3,4.25
195,CHEMBL67886,COc1ccc(OC[C@@H](O)CNCCc2ccc(NS(=O)(=O)c3ccc(I)cc3)cc2)cc1,6.07
196,CHEMBL36568,CS(=O)(=O)Nc1cc(ccc1O)[C@@H](O)CNC2CCN(CC2)c3ccc(cc3)C(=O)NCC(=O)O,7.3
200,CHEMBL284311,CS(=O)(=O)Nc1cc(ccc1O)[C@@H](O)CNC2CCN(CC2)c3ccc(cc3)C(=O)O,4.31
201,CHEMBL284612,CS(=O)(=O)Nc1cc(ccc1O)[C@@H](O)CNC2CCN(CC2)c3ccc(NC(=O)CC(=O)O)cc3,7.0
202,CHEMBL63842,Nc1ccc(OC[C@@H](O)CNCCc2ccc(NS(=O)(=O)c3ccc(Br)cc3)cc2)cn1,5.28
203,CHEMBL67461,Nc1ccc(OC[C@@H](O)CNCCc2ccc(NS(=O)(=O)c3cnc4ccccc4c3)cc2)cn1,5.2
205,CHEMBL67416,COc1ccc(cc1)S(=O)(=O)Nc2ccc(CCNC[C@H](O)COc3ccc(N)nc3)cc2,5.26
206,CHEMBL67534,Nc1ccc(OC[C@@H](O)CNCCc2ccc(NS(=O)(=O)c3ccc(Cl)cc3)cc2)cn1,5.7
208,CHEMBL64936,O[C@@H](CNCCc1ccc(NS(=O)(=O)c2ccc(Cl)cc2)cc1)COc3cccnc3,6.0
209,CHEMBL64201,Nc1ccc(OC[C@@H](O)CNCCc2ccc(NS(=O)(=O)c3ccc(I)cc3)cc2)cn1,6.0
210,CHEMBL67251,O[C@@H](CNCCc1ccc(NS(=O)(=O)c2ccccc2)cc1)COc3cccnc3,5.89
211,CHEMBL67993,Nc1ccc(OC[C@@H](O)CNCCc2ccc(NS(=O)(=O)c3ccccc3)cc2)cn1,5.0
212,CHEMBL418600,CCCCN(C(=O)CC(=O)O)c1ccc(cc1)N2CCC(CC2)NC[C@H](O)c3ccc(O)c(NS(=O)(=O)C)c3,7.4
214,CHEMBL67672,Nc1ccc(OC[C@@H](O)CNCCc2ccc(NS(=O)(=O)c3ccc(F)cc3)cc2)cn1,5.7
215,CHEMBL304878,O[C@@H](CNCCc1ccc(NS(=O)(=O)c2ccc(I)cc2)cc1)COc3ccc(F)cc3,6.04
216,CHEMBL12998,CCCCCCNC(=O)Nc1ccc(cc1)S(=O)(=O)Nc2ccc(CCNC[C@H](O)COc3ccc(O)cc3)cc2,6.48
218,CHEMBL286574,CS(=O)(=O)Nc1cc(ccc1O)[C@@H](O)CNC2CCN(CC2)c3ccc(cc3)C(=O)N,5.92
219,CHEMBL64932,O[C@@H](CNCCc1ccc(NS(=O)(=O)c2ccc(F)cc2)cc1)COc3cccnc3,6.0
220,CHEMBL292947,CC(C)c1ccc(cc1)S(=O)(=O)Nc2ccc(CCNC[C@H](O)COc3cccnc3)cc2,6.0
222,CHEMBL285881,CC(C)C[C@H](NC(=O)c1ccc(cc1)N2CCC(CC2)NC[C@H](O)c3ccc(O)c(NS(=O)(=O)C)c3)C(=O)O,7.22
225,CHEMBL35500,CCCCN(c1ccc(cc1)N2CCC(CC2)NC[C@H](O)c3ccc(O)c(NS(=O)(=O)C)c3)S(=O)(=O)CC(=O)O,5.7
227,CHEMBL276257,O[C@@H](CNCCc1ccc(NS(=O)(=O)c2ccc(I)cc2)cc1)COc3ccc(O)cc3,6.77
228,CHEMBL304090,CCc1ccc(cc1)S(=O)(=O)Nc2ccc(CCNC[C@H](O)COc3ccc(N)nc3)cc2,6.36
229,CHEMBL32599,CS(=O)(=O)Nc1cc(ccc1O)[C@@H](O)CNC2CCN(CC2)c3ccc(cc3)C(=O)N[C@@H](Cc4ccccc4)C(=O)O,4.36
231,CHEMBL286868,CCOC(=O)CNC(=O)c1ccc(cc1)N2CCC(CC2)NC[C@H](O)c3ccc(O)c(NS(=O)(=O)C)c3,5.35
232,CHEMBL68408,CCCCCCNC(=O)Nc1ccc(cc1)S(=O)(=O)Nc2ccc(CCNC[C@H](O)COc3ccc(N)nc3)cc2,6.05
234,CHEMBL64935,O[C@@H](CNCCc1ccc(NS(=O)(=O)c2ccc(Br)cc2)cc1)COc3cccnc3,5.7
235,CHEMBL65042,O[C@@H](CNCCc1ccc(NS(=O)(=O)c2ccc(Cl)c(Cl)c2)cc1)COc3cccnc3,6.54
236,CHEMBL68021,CCc1ccc(cc1)S(=O)(=O)Nc2ccc(CCNC[C@H](O)COc3cccnc3)cc2,6.23
238,CHEMBL68334,O[C@@H](CNCCc1ccc(NS(=O)(=O)c2cnc3ccccc3c2)cc1)COc4cccnc4,5.89
239,CHEMBL64760,CC(C)c1ccc(cc1)S(=O)(=O)Nc2ccc(CCNC[C@H](O)COc3ccc(N)nc3)cc2,5.75
240,CHEMBL67015,CCCCCCNC(=O)Nc1ccc(cc1)S(=O)(=O)Nc2ccc(CCNC[C@H](O)COc3cccnc3)cc2,6.22
241,CHEMBL66964,COc1ccc(cc1)S(=O)(=O)Nc2ccc(CCNC[C@H](O)COc3cccnc3)cc2,6.0
242,CHEMBL66859,Nc1ccc(OC[C@@H](O)CNCCc2ccc(NS(=O)(=O)c3ccc(Cl)c(Cl)c3)cc2)cn1,6.33
244,CHEMBL32888,CS(=O)(=O)Nc1cc(ccc1O)[C@@H](O)CNC2CCN(CC2)c3ccc(COCC(=O)O)cc3,5.8
245,CHEMBL284788,CS(=O)(=O)Nc1cc(ccc1O)[C@@H](O)CNC2CCN(CC2)c3ccc(CCC(=O)O)cc3,5.01
246,CHEMBL294042,O[C@@H](CNCCc1ccc(NS(=O)(=O)c2ccc(I)cc2)cc1)COc3cccnc3,6.0
248,CHEMBL285713,CCCCCCc1oc(cn1)c2ccc(cc2)S(=O)(=O)Nc3ccc(CCNC[C@H](O)c4cccnc4)cc3,5.22
249,CHEMBL39269,O[C@@H](CNCCc1ccc(NS(=O)(=O)c2ccc(cc2)c3oc(nc3)c4ccccc4)cc1)c5cccnc5,5.52
250,CHEMBL290053,O[C@@H](CNCCc1ccc(NS(=O)(=O)c2ccc(cc2)c3coc(n3)c4ccc(cc4)C(F)(F)F)cc1)c5cccnc5,5.68
251,CHEMBL38254,O[C@@H](CNCCc1ccc(NS(=O)(=O)c2ccc(cc2)c3oc(CCC4CCCC4)nc3)cc1)c5cccnc5,5.32
252,CHEMBL38704,O[C@@H](CNCCc1ccc(NS(=O)(=O)c2ccc(cc2)c3oc(nc3)c4ccc(F)c(F)c4)cc1)c5cccnc5,4.51
253,CHEMBL40898,O[C@@H](CNCCc1ccc(NS(=O)(=O)c2ccc(cc2)c3coc(n3)c4ccc(F)c(F)c4)cc1)c5cccnc5,5.72
254,CHEMBL287947,O[C@@H](CNCCc1ccc(NS(=O)(=O)c2ccc(cc2)c3oc(CCCC4CCCC4)nc3)cc1)c5cccnc5,6.0
255,CHEMBL37512,Cc1occ(n1)c2ccc(cc2)S(=O)(=O)Nc3ccc(CCNC[C@H](O)c4cccnc4)cc3,4.43
256,CHEMBL287880,O[C@@H](CNCCc1ccc(NS(=O)(=O)c2ccc(cc2)c3oc(Cc4ccc(F)c(F)c4)nc3)cc1)c5cccnc5,5.13
257,CHEMBL288418,Cc1oc(cn1)c2ccc(cc2)S(=O)(=O)Nc3ccc(CCNC[C@H](O)c4cccnc4)cc3,5.16
258,CHEMBL38562,O[C@@H](CNCCc1ccc(NS(=O)(=O)c2ccc(cc2)c3oc(nc3)c4ccc(F)cc4)cc1)c5cccnc5,5.19
259,CHEMBL289689,O[C@@H](CNCCc1ccc(NS(=O)(=O)c2ccc(cc2)c3coc(Cc4ccc(F)c(F)c4)n3)cc1)c5cccnc5,5.62
260,CHEMBL37335,O[C@@H](CNCCc1ccc(NS(=O)(=O)c2ccc(cc2)c3coc(COc4ccc(F)cc4)n3)cc1)c5cccnc5,5.19
261,CHEMBL290131,CCCCCCCCc1oc(cn1)c2ccc(cc2)S(=O)(=O)Nc3ccc(CCNC[C@H](O)c4cccnc4)cc3,6.46
262,CHEMBL288917,O[C@@H](CNCCc1ccc(NS(=O)(=O)c2ccc(cc2)c3coc(CCC4CCCC4)n3)cc1)c5cccnc5,5.7
263,CHEMBL36101,O[C@@H](CNCCc1ccc(NS(=O)(=O)c2ccc(cc2)c3oc(CC4CCCC4)nc3)cc1)c5cccnc5,5.1
264,CHEMBL38861,O[C@@H](CNCCc1ccc(NS(=O)(=O)c2ccc(cc2)c3coc(COc4ccc(cc4)C(F)(F)F)n3)cc1)c5cccnc5,4.38
265,CHEMBL39577,CCCCCc1oc(cn1)c2ccc(cc2)S(=O)(=O)Nc3ccc(CCNC[C@H](O)c4cccnc4)cc3,6.7
266,CHEMBL39804,CC(C)(C)CCCc1oc(cn1)c2ccc(cc2)S(=O)(=O)Nc3ccc(CCNC[C@H](O)c4cccnc4)cc3,5.7
267,CHEMBL285520,O[C@@H](CNCCc1ccc(NS(=O)(=O)c2ccc(cc2)c3coc(Cc4ccc(cc4)C(F)(F)F)n3)cc1)c5cccnc5,5.92
268,CHEMBL36609,O[C@@H](CNCCc1ccc(NS(=O)(=O)c2ccc(cc2)c3coc(COc4ccc(F)c(F)c4)n3)cc1)c5cccnc5,5.19
269,CHEMBL289316,O[C@@H](CNCCc1ccc(NS(=O)(=O)c2ccc(cc2)c3oc(Cc4cc(F)c(F)c(F)c4)nc3)cc1)c5cccnc5,5.7
270,CHEMBL418234,O[C@@H](CNCCc1ccc(NS(=O)(=O)c2ccc(cc2)c3coc(Cc4ccc(F)cc4)n3)cc1)c5cccnc5,5.33
271,CHEMBL99331,Cc1cccc(OCC(O)CN2CCN(CC2)c3ccc(NS(=O)(=O)C)cc3)c1,4.72
272,CHEMBL98975,OC(CNCCOc1ccc(cc1)n2ccnc2)COc3ccccc3,7.4
273,CHEMBL471,CC(C)NCC(O)c1ccc(NS(=O)(=O)C)cc1,5.05
274,CHEMBL100624,CS(=O)(=O)Nc1ccc(OCC(O)CNCc2ccc(cc2)n3ccnc3)cc1,4.48
275,CHEMBL1192069,CS(=O)(=O)Nc1ccc(OC[C@H](O)CNCCOc2ccc(cc2)n3ccnc3)cc1,4.43
276,CHEMBL95966,Cc1cccc(OCC(O)CNCc2ccc(NS(=O)(=O)C)cc2)c1,5.62
277,CHEMBL95754,Cc1ccccc1OCC(O)CN2CCN(CC2)c3ccc(NS(=O)(=O)C)cc3,5.48
278,CHEMBL95727,COCCc1ccc(OCC(O)CNCc2ccc(NS(=O)(=O)C)cc2)cc1,5.14
279,CHEMBL99585,CS(=O)(=O)Nc1ccc(OCC(O)CNCCOc2ccc(cc2)n3ccnc3)cc1,5.62
280,CHEMBL98773,Cc1ccccc1OCC(O)CNCc2ccc(cc2)n3ccnc3,6.1
282,CHEMBL316868,CS(=O)(=O)Nc1ccc(cc1)C(O)CNCCOc2ccc(cc2)n3ccnc3,5.29
283,CHEMBL95457,COCCc1ccc(OCC(O)CNCCOc2ccc(cc2)n3ccnc3)cc1,6.57
284,CHEMBL1193886,CS(=O)(=O)Nc1ccc(OC[C@@H](O)CNCCOc2ccc(cc2)n3ccnc3)cc1,5.8
285,CHEMBL421005,Cc1cccc(OCC(O)CNCCOc2ccc(cc2)n3ccnc3)c1,6.57
288,CHEMBL282039,C[C@@H](Cc1c[nH]c2ccccc12)NC[C@@H](O)c3cccc(Cl)c3,6.85
292,CHEMBL279260,C[C@H](Cc1c[nH]c2c(OCC(=O)O)cccc12)NC[C@H](O)c3cccc(Cl)c3,8.19
296,CHEMBL26183,COc1cccc2c(C[C@@H](C)NC[C@H](O)c3cccc(Cl)c3)c[nH]c12,9.89
298,CHEMBL25823,C[C@@H](Cc1c[nH]c2ccccc12)NC[C@H](O)c3cccc(Cl)c3,8.03
300,CHEMBL39596,C[C@H](Cc1ccc(OCC(=O)NO)cc1)NC[C@H](O)c2cccc(Cl)c2,6.51
303,CHEMBL24350,C[C@@H](Cc1c[nH]c2c(OCC(=O)O)cccc12)NC[C@H](O)c3cccc(Cl)c3,7.85
308,CHEMBL38569,C[C@H](Cc1ccc(OCC(=O)N)cc1)NC[C@H](O)c2cccc(Cl)c2,6.23
309,CHEMBL38538,C[C@H](Cc1ccc(OCS(=O)(=O)O)cc1)NC[C@H](O)c2cccc(Cl)c2,5.12
310,CHEMBL41113,C[C@H](Cc1ccc(OCCO)cc1)NC[C@H](O)c2cccc(Cl)c2,5.9
311,CHEMBL284782,C[C@H](Cc1ccc(OCC(=O)O)cc1)NC[C@H](O)c2cccc(Cl)c2,5.95
312,CHEMBL286818,COc1cccc2c(C[C@H](C)NC[C@H](O)c3cccc(Cl)c3)c[nH]c12,6.89
314,CHEMBL38486,COC(=O)COc1ccc(C[C@@H](C)NC[C@H](O)c2cccc(Cl)c2)cc1,6.77
319,CHEMBL318802,O[C@@H](CNCCc1ccc(NS(=O)(=O)c2ccc3ccccc3c2)cc1)c4cccnc4,5.0
321,CHEMBL104076,O[C@@H](CNCCc1ccc(NS(=O)(=O)c2ccc(NC(=O)OCCc3ccccc3)cc2)cc1)c4cccnc4,5.16
322,CHEMBL104222,CCCOC(=O)Nc1ccc(cc1)S(=O)(=O)Nc2ccc(CCNC[C@H](O)c3cccnc3)cc2,4.22
323,CHEMBL106487,CCCCC(=O)Nc1ccc(cc1)S(=O)(=O)Nc2ccc(CCNC[C@H](O)c3cccnc3)cc2,4.22
324,CHEMBL320228,O[C@@H](CNCCc1ccc(NS(=O)(=O)c2ccc(Cl)cc2)cc1)c3cccnc3,4.52
325,CHEMBL106746,CNC(=O)Nc1ccc(cc1)S(=O)(=O)Nc2ccc(CCNC[C@H](O)c3cccnc3)cc2,5.7
326,CHEMBL323113,CCCCCCCCNC(=O)Nc1ccc(cc1)S(=O)(=O)Nc2ccc(CCNC[C@H](O)c3cccnc3)cc2,6.01
328,CHEMBL104377,CC(C)S(=O)(=O)Nc1ccc(CCNC[C@H](O)c2cccnc2)cc1,4.0
330,CHEMBL104061,CCCNC(=O)Nc1ccc(cc1)S(=O)(=O)Nc2ccc(CCNC[C@H](O)c3cccnc3)cc2,5.7
332,CHEMBL104193,O[C@@H](CNCCc1ccc(NS(=O)(=O)c2ccc(NC(=O)NCCc3ccccc3)cc2)cc1)c4cccnc4,6.8
334,CHEMBL104981,CC(C)c1ccc(cc1)S(=O)(=O)Nc2ccc(CCNC[C@H](O)c3cccnc3)cc2,4.52
335,CHEMBL318165,CCCCCCCC(=O)Nc1ccc(cc1)S(=O)(=O)Nc2ccc(CCNC[C@H](O)c3cccnc3)cc2,5.1
336,CHEMBL320138,O[C@@H](CNCCc1ccc(NS(=O)(=O)c2ccc(NC(=O)CCCc3ccccc3)cc2)cc1)c4cccnc4,5.0
337,CHEMBL104127,CS(=O)(=O)Nc1ccc(CCNC[C@H](O)c2cccnc2)cc1,5.16
338,CHEMBL321957,CCCCCCOC(=O)Nc1ccc(cc1)S(=O)(=O)Nc2ccc(CCNC[C@H](O)c3cccnc3)cc2,5.7
339,CHEMBL104551,O[C@@H](CNCCc1ccc(NS(=O)(=O)CCc2ccccc2)cc1)c3cccnc3,4.0
340,CHEMBL104180,O[C@@H](CNCCc1ccc(NS(=O)(=O)c2ccccc2)cc1)c3cccnc3,4.7
341,CHEMBL105968,O[C@@H](CNCCc1ccc(NS(=O)(=O)c2ccc(Br)cc2)cc1)c3cccnc3,5.0
342,CHEMBL64697,O[C@@H](CNCCc1ccc(NS(=O)(=O)c2ccc(I)cc2)cc1)c3cccnc3,5.0
343,CHEMBL107681,O[C@@H](CNCCc1ccc(NS(=O)(=O)c2cnc3ccccc3c2)cc1)c4cccnc4,4.0
346,CHEMBL545363,Cl.CS(=O)(=O)Nc1ccc(OC[C@@H](O)CNCCOc2ccc(cc2)n3ccnc3)cc1,5.77
347,CHEMBL542544,Cl.Cl.CN(c1ccc(OCC(O)CNCCOc2ccc(cc2)n3ccnc3)cc1)S(=O)(=O)C,4.68
348,CHEMBL552615,Cl.CS(=O)(=O)Nc1ccc(OCC(O)CNCCOc2ccc(cc2)n3ccnc3)cc1,5.62
349,CHEMBL263881,CCN(CC)C(=O)[C@H]1CN(C)[C@@H]2Cc3c[nH]c4cccc(C2=C1)c34,6.85
350,CHEMBL11944,CN(c1ccc(OCC(O)CNCCOc2ccc(cc2)n3ccnc3C)cc1)S(=O)(=O)C,4.75
351,CHEMBL536800,Cl.Cl.CC(C)(COc1ccc(cc1)n2ccnc2)NCC(O)COc3ccc(NS(=O)(=O)C)cc3,5.59
352,CHEMBL543251,Cl.CS(=O)(=O)Nc1ccc(OC[C@H](O)CNCCOc2ccc(cc2)n3ccnc3)cc1,4.42
354,CHEMBL11629,Cc1nccn1c2ccc(OCCNCC(O)COc3ccc(NS(=O)(=O)C)cc3)cc2.OP(=O)(O)O,5.55
355,CHEMBL137781,C[C@@H]1C[C@H](C)N1C(=O)[C@H]2CN(C)C3Cc4c[nH]c5cccc(C3=C2)c45,6.4
357,CHEMBL25856,Oc1cc2CC[C@H]3NCc4ccccc4[C@@H]3c2cc1O,5.82
358,CHEMBL153916,C[C@H](CNc1ccc(CNS(=O)(=O)C)cc1)NC[C@H](O)c2cccc(Cl)c2,8.3
360,CHEMBL347616,C[C@H](CNc1ccc(CC(=O)NS(=O)(=O)c2ccccc2)cc1)NC[C@H](O)c3cccc(Cl)c3,6.1
364,CHEMBL155092,C[C@H](CNc1ccc(cc1)C(=O)O)NC[C@H](O)c2cccc(Cl)c2,6.2
368,CHEMBL154906,C[C@H](CNc1cccc(CNC(=O)NS(=O)(=O)c2ccccc2)c1)NC[C@H](O)c3cccc(Cl)c3,6.4
370,CHEMBL154370,C[C@H](CNc1ccc(CC(=O)NCc2ccc(C)cc2)cc1)NC[C@H](O)c3cccc(Cl)c3,7.6
372,CHEMBL154150,C[C@H](CNc1ccc(CC(=O)Nc2nccs2)cc1)NC[C@H](O)c3cccc(Cl)c3,8.5
374,CHEMBL157210,C[C@H](CNc1ccc(CC(=O)NS(=O)(=O)C)cc1)NC[C@H](O)c2cccc(Cl)c2,7.0
376,CHEMBL348269,C[C@H](CNc1ccc(CCNS(=O)(=O)c2ccc(C)cc2)cc1)NC[C@H](O)c3cccc(Cl)c3,7.7
378,CHEMBL345304,C[C@H](CNc1ccc(CNC(=O)C)cc1)NC[C@H](O)c2cccc(Cl)c2,8.1
382,CHEMBL348501,C[C@H](CNc1ccc(CC(=O)NS(=O)(=O)c2ccc(C)cc2)cc1)NC[C@H](O)c3cccc(Cl)c3,6.2
385,CHEMBL154419,C[C@H](CNc1ccc(CC(=O)O)cc1)NC[C@H](O)c2cccc(Cl)c2,7.1
388,CHEMBL422876,C[C@H](CNc1ccc(CCS(=O)(=O)NC(=O)c2ccccc2)cc1)NC[C@H](O)c3cccc(Cl)c3,6.1
395,CHEMBL155072,C[C@H](CNc1ccccc1)NC[C@H](O)c2cccc(Cl)c2,8.3
397,CHEMBL153558,C[C@H](CNc1ccc(CCC(=O)O)cc1)NC[C@H](O)c2cccc(Cl)c2,6.6
409,CHEMBL302893,O[C@@H](CNCCc1ccc(NS(=O)(=O)c2ccc(cc2)n3ncc(n3)c4ccc(OC(F)(F)F)cc4)cc1)c5cccnc5,5.89
410,CHEMBL304991,O[C@@H](CNCCc1ccc(NS(=O)(=O)c2ccc(cc2)n3ncc(Cc4ccc(OC(F)(F)F)cc4)n3)cc1)c5cccnc5,5.59
421,CHEMBL63138,O[C@@H](CNCCc1ccc(NS(=O)(=O)c2ccc(cc2)n3ncc(n3)c4ccc(F)c(F)c4)cc1)c5cccnc5,5.59
422,CHEMBL71348,COc1ccc(cc1)S(=O)(=O)N2CCC(CC2)NC[C@H](O)COc3ccc(O)cc3,4.99
424,CHEMBL63760,O[C@@H](CNCCc1ccc(NS(=O)(=O)c2ccc(cc2)n3ncc(n3)c4ccc(cc4)C(F)(F)F)cc1)c5cccnc5,4.68
425,CHEMBL65513,O[C@@H](CNCCc1ccc(NS(=O)(=O)c2ccc(cc2)n3ncc(Cc4ccc(F)c(F)c4)n3)cc1)c5cccnc5,5.7
426,CHEMBL22318,CCCCCCCCN1N=NN(C1=O)c2ccc(cc2)S(=O)(=O)Nc3ccc(CCNC[C@H](O)c4cccnc4)cc3,6.43
429,CHEMBL277613,O[C@@H](CNCCc1ccc(NS(=O)(=O)c2ccc(cc2)n3ncc(COc4ccc(cc4)C(F)(F)F)n3)cc1)c5cccnc5,6.04
432,CHEMBL304298,O[C@@H](CNCCc1ccc(NS(=O)(=O)c2ccc(cc2)n3ncc(Cc4ccc(F)cc4)n3)cc1)c5cccnc5,5.6
433,CHEMBL302803,CCCCOc1ccc(cc1)S(=O)(=O)N2CC(C2)NC[C@H](O)c3ccc(O)cc3,5.8
439,CHEMBL63963,O[C@@H](CNCCc1ccc(NS(=O)(=O)c2ccc(cc2)n3ncc(Cc4cccc(F)c4)n3)cc1)c5cccnc5,5.52
440,CHEMBL65461,O[C@@H](CNCCc1ccc(NS(=O)(=O)c2ccc(cc2)n3ncc(Cc4ccc(cc4)C(F)(F)F)n3)cc1)c5cccnc5,4.7
441,CHEMBL305558,O[C@@H](CNCCc1ccc(NS(=O)(=O)c2ccc(cc2)n3ncc(n3)c4ccc(F)cc4)cc1)c5cccnc5,4.4
442,CHEMBL63825,O[C@@H](CNCCc1ccc(NS(=O)(=O)c2ccc(cc2)n3ncc(COc4ccc(OC(F)(F)F)cc4)n3)cc1)c5cccnc5,5.21
443,CHEMBL68766,CCCCCCNC(=O)Nc1ccc(cc1)S(=O)(=O)N2CCC(CC2)NC[C@H](O)c3ccc(O)c(NS(=O)(=O)C)c3,7.92
445,CHEMBL306423,COc1ccc(cc1)S(=O)(=O)N2CCC(CC2)NC[C@H](O)COc3cccc4[nH]c5ccccc5c34,4.0
457,CHEMBL67404,O[C@@H](CNCCc1ccc(NS(=O)(=O)c2ccc(cc2)n3ncc(Cc4c(F)cc(F)cc4F)n3)cc1)c5cccnc5,5.0
458,CHEMBL66908,O[C@@H](CNCCc1ccc(NS(=O)(=O)c2ccc(cc2)n3ncc(n3)c4cccc(F)c4)cc1)c5cccnc5,5.06
459,CHEMBL66789,O[C@@H](CNCCc1ccc(NS(=O)(=O)c2ccc(cc2)n3ncc(Cc4c(F)cccc4F)n3)cc1)c5cccnc5,4.55
460,CHEMBL68301,O[C@@H](CNCCc1ccc(NS(=O)(=O)c2ccc(cc2)n3ncc(COc4ccc(F)c(F)c4)n3)cc1)c5cccnc5,6.03
463,CHEMBL22375,O[C@@H](CNCCc1ccc(NS(=O)(=O)c2ccc(cc2)N3N=NN(CCCC4CCCC4)C3=O)cc1)c5cccnc5,5.72
468,CHEMBL63357,COc1ccc(cc1F)c2cnn(n2)c3ccc(cc3)S(=O)(=O)Nc4ccc(CCNC[C@H](O)c5cccnc5)cc4,5.25
510,CHEMBL125246,O[C@@H](CNCCc1ccc(N\C(=C/[N+](=O)[O-])\Nc2cc(Cl)cc(Cl)c2)cc1)c3cccnc3,5.42
511,CHEMBL144870,CCCCCCCNC(=O)Nc1ccc(cc1)S(=O)(=O)Nc2ccc(CCNC[C@H](O)COc3ccc(O)cc3)cc2,6.7
512,CHEMBL267545,O[C@@H](CNCCc1ccc(NS(=O)(=O)c2ccc(Br)cc2)cc1)COc3ccc(O)cc3,6.47
515,CHEMBL12188,CS(=O)(=O)Nc1ccc(CCNC[C@H](O)COc2ccc(O)cc2)cc1,6.08
518,CHEMBL13389,COC(=O)Nc1ccc(cc1)S(=O)(=O)Nc2ccc(CCNC[C@H](O)COc3ccc(O)cc3)cc2,6.6
522,CHEMBL124668,O[C@@H](CNCCc1ccc(N\C(=N\c2cccc(F)c2)\NC#N)cc1)c3cccnc3,6.23
523,CHEMBL439794,O[C@@H](CNCCc1ccc(N\C(=N\c2cccc3ccccc23)\NC#N)cc1)c4cccnc4,6.32
532,CHEMBL125168,O[C@@H](CNCCc1ccc(N\C(=N\c2cccc(I)c2)\NC#N)cc1)c3cccnc3,6.64
533,CHEMBL301231,CCCCCCCCc1csc(n1)N2CCc3cc(ccc23)S(=O)(=O)Nc4ccc(CCNC[C@H](O)c5cccnc5)cc4,5.6
538,CHEMBL13432,O[C@@H](CNCCc1ccc(NS(=O)(=O)c2ccc(NC(=O)NC3CCCCC3)cc2)cc1)COc4ccc(O)cc4,6.59
539,CHEMBL12769,O[C@@H](CNCCc1ccc(NS(=O)(=O)c2cnc3ccccc3c2)cc1)COc4ccc(O)cc4,6.52
541,CHEMBL126055,O[C@@H](CNCCc1ccc(N\C(=N\c2ccc(I)cc2)\NC#N)cc1)c3cccnc3,6.14
542,CHEMBL124863,O[C@@H](CNCCc1ccc(N\C(=N\c2cccc(Oc3ccccc3)c2)\NC#N)cc1)c4cccnc4,6.62
545,CHEMBL338618,O[C@@H](CNCCc1ccc(N\C(=N\c2cc(Cl)cc(Cl)c2)\NC#N)cc1)c3cccnc3,6.54
548,CHEMBL274144,CCCCCCN(C)C(=O)Nc1ccc(cc1)S(=O)(=O)Nc2ccc(CCNC[C@H](O)COc3ccc(O)cc3)cc2,6.1
550,CHEMBL124584,O[C@@H](CNCCc1ccc(N\C(=C/[N+](=O)[O-])\Nc2cccc(F)c2)cc1)c3cccnc3,5.52
551,CHEMBL127451,NC(=O)c1cccc(N\C(=C\[N+](=O)[O-])\Nc2ccc(CCNC[C@H](O)c3cccnc3)cc2)c1,6.1
552,CHEMBL410702,O[C@@H](CNCCc1ccc(N\C(=C/[N+](=O)[O-])\Nc2ccc3ccccc3c2)cc1)c4cccnc4,6.09
553,CHEMBL13459,CCCCCNC(=O)Nc1ccc(cc1)S(=O)(=O)Nc2ccc(CCNC[C@H](O)COc3ccc(O)cc3)cc2,6.52
554,CHEMBL13034,Nc1ccc(CCNC[C@H](O)COc2ccc(O)cc2)cc1,6.0
555,CHEMBL127422,O[C@@H](CNCCc1ccc(N\C(=N\c2ccc3ccccc3c2)\NC#N)cc1)c4cccnc4,6.13
556,CHEMBL127428,O[C@@H](CNCCc1ccc(N\C(=C/[N+](=O)[O-])\Nc2cccc(I)c2)cc1)c3cccnc3,5.96
557,CHEMBL419787,O[C@@H](CNCCc1ccc(N\C(=C/[N+](=O)[O-])\Nc2cccc(Oc3ccccc3)c2)cc1)c4cccnc4,6.08
558,CHEMBL12939,CCCCCCOC(=O)Nc1ccc(cc1)S(=O)(=O)Nc2ccc(CCNC[C@H](O)COc3ccc(O)cc3)cc2,6.72
559,CHEMBL12911,CCOC(=O)Nc1ccc(cc1)S(=O)(=O)Nc2ccc(CCNC[C@H](O)COc3ccc(O)cc3)cc2,6.66
563,CHEMBL274807,O[C@@H](CNCCc1ccc(NS(=O)(=O)C2CCCCC2)cc1)COc3ccc(O)cc3,5.92
565,CHEMBL13106,CC(C)OC(=O)Nc1ccc(cc1)S(=O)(=O)Nc2ccc(CCNC[C@H](O)COc3ccc(O)cc3)cc2,6.62
568,CHEMBL13521,COCCCNC(=O)Nc1ccc(cc1)S(=O)(=O)Nc2ccc(CCNC[C@H](O)COc3ccc(O)cc3)cc2,6.0
570,CHEMBL417613,O[C@@H](CNCCc1ccc(NS(=O)(=O)c2ccccc2)cc1)COc3ccc(O)cc3,6.75
573,CHEMBL273428,CC(=O)Nc1ccc(cc1)S(=O)(=O)Nc2ccc(CCNC[C@H](O)COc3ccc(O)cc3)cc2,6.0
576,CHEMBL338664,CCCCCCCCc1csc(n1)N2CCc3cc(N\C(=N\c4ccc(CCNC[C@H](O)c5cccnc5)cc4)\S)ccc23,6.96
577,CHEMBL13398,CNC(=O)Nc1ccc(cc1)S(=O)(=O)Nc2ccc(CCNC[C@H](O)COc3ccc(O)cc3)cc2,6.46
578,CHEMBL13467,CCCCCCCCNC(=O)Nc1ccc(cc1)S(=O)(=O)Nc2ccc(CCNC[C@H](O)COc3ccc(O)cc3)cc2,6.82
579,CHEMBL12450,O[C@@H](CNCCc1ccc(NS(=O)(=O)c2ccc(Cl)cc2)cc1)COc3ccc(O)cc3,6.35
585,CHEMBL13132,O[C@@H](CNCCc1ccc(NS(=O)(=O)c2ccc(NC(=O)OCc3ccccc3)cc2)cc1)COc4ccc(O)cc4,6.72
586,CHEMBL275511,CCCNC(=O)Nc1ccc(cc1)S(=O)(=O)Nc2ccc(CCNC[C@H](O)COc3ccc(O)cc3)cc2,6.27
589,CHEMBL267306,O[C@@H](CNCCc1ccc(NS(=O)(=O)c2ccccc2Cl)cc1)COc3ccc(O)cc3,8.52
593,CHEMBL12876,O[C@@H](CNCCc1ccc(O)cc1)COc2ccc(O)cc2,6.05
594,CHEMBL417250,O[C@@H](CNCCc1ccc(NS(=O)(=O)c2ccc(NC(=O)c3ccccc3)cc2)cc1)COc4ccc(O)cc4,6.66
595,CHEMBL12762,COc1ccc(CCCNC[C@H](O)COc2ccc(O)cc2)cc1,7.82
598,CHEMBL12943,CCC(=O)Nc1ccc(cc1)S(=O)(=O)Nc2ccc(CCNC[C@H](O)COc3ccc(O)cc3)cc2,6.06
599,CHEMBL13453,CCCC(=O)Nc1ccc(cc1)S(=O)(=O)Nc2ccc(CCNC[C@H](O)COc3ccc(O)cc3)cc2,6.28
602,CHEMBL338748,O[C@@H](CNCCc1ccc(N\C(=C/[N+](=O)[O-])\Nc2cccc3ccccc23)cc1)c4cccnc4,5.75
603,CHEMBL275291,CC(C)NC(=O)Nc1ccc(cc1)S(=O)(=O)Nc2ccc(CCNC[C@H](O)COc3ccc(O)cc3)cc2,6.82
604,CHEMBL274143,CCCCCCNC(=O)N(C)c1ccc(cc1)S(=O)(=O)Nc2ccc(CCNC[C@H](O)COc3ccc(O)cc3)cc2,6.13
605,CHEMBL268289,CCCCCCC(=O)Nc1ccc(cc1)S(=O)(=O)Nc2ccc(CCNC[C@H](O)COc3ccc(O)cc3)cc2,6.47
606,CHEMBL332010,NC(=O)c1cccc(N\C(=N\c2ccc(CCNC[C@H](O)c3cccnc3)cc2)\NC#N)c1,6.01
607,CHEMBL275114,CCCCCCN(C)C(=O)N(C)c1ccc(cc1)S(=O)(=O)Nc2ccc(CCNC[C@H](O)COc3ccc(O)cc3)cc2,6.29
608,CHEMBL13068,CC(C)C(=O)Nc1ccc(cc1)S(=O)(=O)Nc2ccc(CCNC[C@H](O)COc3ccc(O)cc3)cc2,6.14
611,CHEMBL72168,C[C@H](Cc1ncc(CCCC(=O)O)s1)NCC(O)c2cccc(Cl)c2,5.19
612,CHEMBL308150,O[C@@H](CNCCOc1ccc(OCC(=O)O)cc1)COc2ccccc2,6.52
613,CHEMBL72169,C[C@H](Cc1ncc(CCCC(=O)O)s1)NC[C@H](O)COc2ccccc2,5.89
614,CHEMBL115280,O=C1NCN(c2ccccc2)C13CCN(Cc4cccc(Oc5ccccc5)c4)CC3,5.45
615,CHEMBL72060,C[C@H](Cc1ncc(CCC(=O)O)s1)NCC(O)c2cccc(Cl)c2,4.24
616,CHEMBL73220,C[C@H](Cc1ncc(CCC(=O)O)s1)NC[C@H](O)COc2ccccc2,5.46
618,CHEMBL419085,C[C@H](Cc1ncc(CCCCC(=O)O)s1)NC[C@H](O)COc2ccccc2,6.36
623,CHEMBL79806,CCCCCCN1C=NN(C1=O)c2ccc(cc2)S(=O)(=O)Nc3ccc(CCNC[C@H](O)c4cccnc4)cc3,5.07
624,CHEMBL83698,CCCCCCCCN1C(=O)CN(C1=O)c2ccc(cc2)S(=O)(=O)Nc3ccc(CCNC[C@H](O)c4cccnc4)cc3,5.6
625,CHEMBL79363,CCCCCCCCN1C(=CN(C1=O)c2ccc(cc2)S(=O)(=O)Nc3ccc(CCNC[C@H](O)c4cccnc4)cc3)C,5.7
626,CHEMBL312364,CCCCCCCCN1C(=O)NN(C1=O)c2ccc(cc2)S(=O)(=O)Nc3ccc(CCNC[C@H](O)c4cccnc4)cc3,5.0
627,CHEMBL66936,CCCCCCCCN1CC(=O)N(C1=O)c2ccc(cc2)S(=O)(=O)Nc3ccc(CCNC[C@H](O)c4cccnc4)cc3,5.3
628,CHEMBL84190,CCCCCCCCN1CCN(C1=O)c2ccc(cc2)S(=O)(=O)Nc3ccc(CCNC[C@H](O)c4cccnc4)cc3,6.24
630,CHEMBL83753,CCCCCCCCN1C=CN(C1=O)c2ccc(cc2)S(=O)(=O)Nc3ccc(CCNC[C@H](O)c4cccnc4)cc3,5.26
631,CHEMBL351467,CCCCCCN1C(=O)NN(C1=O)c2ccc(cc2)S(=O)(=O)Nc3ccc(CCNC[C@H](O)c4cccnc4)cc3,5.0
634,CHEMBL82296,CCCCCCN1CCN(C1=O)c2ccc(cc2)S(=O)(=O)Nc3ccc(CCNC[C@H](O)c4cccnc4)cc3,5.3
635,CHEMBL163579,CCCCCCCCN1C=NN(C1=O)c2ccc(cc2)S(=O)(=O)Nc3ccc(CCNC[C@H](O)c4cccnc4)cc3,6.07
638,CHEMBL22386,CCCCCCN1C=CN(C1=O)c2ccc(cc2)S(=O)(=O)Nc3ccc(CCNC[C@H](O)c4cccnc4)cc3,4.75
639,CHEMBL163531,CCCCCCCCN1N=CN(C1=O)c2ccc(cc2)S(=O)(=O)Nc3ccc(CCNC[C@H](O)c4cccnc4)cc3,5.7
640,CHEMBL84117,CCCCCCN1C(=O)CN(C1=O)c2ccc(cc2)S(=O)(=O)Nc3ccc(CCNC[C@H](O)c4cccnc4)cc3,5.16
645,CHEMBL312546,CCCCCCN1C(=CN(C1=O)c2ccc(cc2)S(=O)(=O)Nc3ccc(CCNC[C@H](O)c4cccnc4)cc3)C,5.7
650,CHEMBL106511,CS(=O)(=O)Nc1cc(OC[C@@H](O)CNCCc2ccc(NC3CCN(CC3)C(=O)NCc4cc(F)ccc4F)cc2)ccc1O,6.37
652,CHEMBL421030,NC(=O)N1CCC(CC1)Nc2ccc(CCNC[C@H](O)COc3ccc(O)cc3)cc2,6.29
654,CHEMBL107633,CC(C)NC(=O)N1CCC(CC1)Nc2ccc(CCNC[C@H](O)COc3ccc(O)cc3)cc2,6.03
658,CHEMBL323258,O[C@@H](CNCCc1ccc(NC2CCN(CC2)C(=O)NCCCC3CCCC3)cc1)COc4ccc(O)cc4,6.73
663,CHEMBL107382,O[C@@H](CNCCc1ccc(NC2CCN(CC2)C(=O)NCc3cc(F)ccc3F)cc1)COc4ccc(O)cc4,6.28
665,CHEMBL107012,CNC(=O)N1CCC(CC1)Nc2ccc(CCNC[C@H](O)COc3ccc(O)cc3)cc2,6.46
669,CHEMBL104481,O[C@@H](CNCCc1ccc(NC2CCN(CC2)C(=O)NC3CCCCC3)cc1)COc4ccc(O)cc4,7.07
671,CHEMBL108061,CCN(CC)C(=O)N1CCC(CC1)Nc2ccc(CCNC[C@H](O)COc3ccc(O)cc3)cc2,6.79
673,CHEMBL106884,O[C@@H](CNCCc1ccc(NC2CCN(CC2)C(=O)NCc3c(F)cccc3F)cc1)COc4ccc(O)cc4,6.13
677,CHEMBL107129,CCCCCCCCNC(=O)N1CCC(CC1)Nc2ccc(CCNC[C@H](O)COc3ccc(O)c4NC(=O)CCc34)cc2,7.06
683,CHEMBL319041,O[C@@H](CNCCc1ccc(NC2CCN(CC2)C(=O)NCc3ccc(Cl)cc3Cl)cc1)COc4ccc(O)cc4,6.6
685,CHEMBL108214,CS(=O)(=O)Nc1cc(ccc1O)[C@@H](O)CNCCc2ccc(NC3CCN(CC3)C(=O)NCc4cc(F)ccc4F)cc2,5.58
690,CHEMBL108263,O[C@@H](CNCCc1ccc(NC2CCN(CC2)C(=O)NCc3ccc(F)cc3F)cc1)COc4ccc(O)cc4,6.34
692,CHEMBL106022,CCCCCCCCNC(=O)N1CCC(CC1)Nc2ccc(CCNC[C@H](O)COc3ccc(O)cc3)cc2,6.22
698,CHEMBL319840,O[C@@H](CNCCc1ccc(NC2CCN(CC2)C(=O)NCc3ccccc3F)cc1)COc4ccc(O)cc4,6.59
705,CHEMBL322973,O[C@@H](CNCCc1ccc(NC2CCN(CC2)C(=O)NCc3ccc(F)cc3)cc1)COc4ccc(O)cc4,6.96
708,CHEMBL415039,O[C@@H](CNCCc1ccc(NS(=O)(=O)c2ccc(cc2)c3noc(Cc4ccc(cc4)C(F)(F)F)n3)cc1)c5cccnc5,5.7
709,CHEMBL287567,O[C@@H](CNCCc1ccc(NS(=O)(=O)c2ccc(cc2)c3noc(COc4ccc(OC(F)(F)F)cc4)n3)cc1)c5cccnc5,6.0
711,CHEMBL28405,O[C@@H](CNCCc1ccc(NS(=O)(=O)c2ccc(cc2)c3onc(Cc4ccc(F)c(F)c4)n3)cc1)c5cccnc5,5.3
713,CHEMBL287562,O[C@@H](CNCCc1ccc(NS(=O)(=O)c2ccc(cc2)c3noc(COc4ccc5ccccc5c4)n3)cc1)c6cccnc6,5.6
714,CHEMBL285240,O[C@@H](CNCCc1ccc(NS(=O)(=O)c2ccc(cc2)c3onc(Cc4ccc(F)cc4)n3)cc1)c5cccnc5,5.1
715,CHEMBL32411,O[C@@H](CNCCc1ccc(NS(=O)(=O)c2ccc(cc2)c3noc(COc4ccc(F)c(F)c4)n3)cc1)c5cccnc5,5.44
716,CHEMBL285499,O[C@@H](CNCCc1ccc(NS(=O)(=O)c2ccc(cc2)c3noc(Cc4cc(F)c(F)c(F)c4)n3)cc1)c5cccnc5,5.52
717,CHEMBL286435,O[C@@H](CNCCc1ccc(NS(=O)(=O)c2ccc(cc2)c3noc(COc4ccc(F)cc4)n3)cc1)c5cccnc5,6.15
718,CHEMBL288550,O[C@@H](CNCCc1ccc(NS(=O)(=O)c2ccc(cc2)c3onc(COc4ccc(F)cc4)n3)cc1)c5cccnc5,5.4
720,CHEMBL33515,O[C@@H](CNCCc1ccc(NS(=O)(=O)c2ccc(cc2)c3noc(Cc4cccc(OC(F)(F)F)c4)n3)cc1)c5cccnc5,5.7
721,CHEMBL289250,CC(=O)Nc1ccc(Cc2onc(n2)c3ccc(cc3)S(=O)(=O)Nc4ccc(CCNC[C@H](O)c5cccnc5)cc4)cc1,5.52
723,CHEMBL286438,O[C@@H](CNCCc1ccc(NS(=O)(=O)c2ccc(cc2)c3noc(Cc4ccc(cc4)c5ccccn5)n3)cc1)c6cccnc6,5.68
724,CHEMBL33292,O[C@@H](CNCCc1ccc(NS(=O)(=O)c2ccc(cc2)c3noc(Cc4ccc(OC(F)(F)F)cc4)n3)cc1)c5cccnc5,5.89
726,CHEMBL289248,CS(=O)(=O)NC(c1ccc(F)cc1)c2onc(n2)c3ccc(cc3)S(=O)(=O)Nc4ccc(CCNC[C@H](O)c5cccnc5)cc4,5.16
727,CHEMBL286859,O[C@@H](CNCCc1ccc(NS(=O)(=O)c2ccc(cc2)c3noc(Cc4ccc(F)cc4)n3)cc1)c5cccnc5,5.52
728,CHEMBL289249,O[C@@H](CNCCc1ccc(NS(=O)(=O)c2ccc(cc2)c3noc(n3)C(=O)c4ccc(F)cc4)cc1)c5cccnc5,5.61
730,CHEMBL33155,COC(=O)NC(c1ccc(F)cc1)c2onc(n2)c3ccc(cc3)S(=O)(=O)Nc4ccc(CCNC[C@H](O)c5cccnc5)cc4,5.59
732,CHEMBL33384,O[C@@H](CNCCc1ccc(NS(=O)(=O)c2ccc(cc2)c3onc(COc4ccc(F)c(F)c4)n3)cc1)c5cccnc5,5.46
733,CHEMBL33224,O[C@@H](CNCCc1ccc(NS(=O)(=O)c2ccc(cc2)c3noc(n3)C(O)c4ccc(F)cc4)cc1)c5cccnc5,4.19
734,CHEMBL287561,O[C@@H](CNCCc1ccc(NS(=O)(=O)c2ccc(cc2)c3noc(Cc4cccc(F)c4)n3)cc1)c5cccnc5,5.3
735,CHEMBL32891,NC(c1ccc(F)cc1)c2onc(n2)c3ccc(cc3)S(=O)(=O)Nc4ccc(CCNC[C@H](O)c5cccnc5)cc4,5.4
736,CHEMBL286437,O[C@@H](CNCCc1ccc(NS(=O)(=O)c2ccc(cc2)c3noc(Cc4ccc5ccccc5c4)n3)cc1)c6cccnc6,6.26
737,CHEMBL285001,O[C@@H](CNCCc1ccc(NS(=O)(=O)c2ccc(cc2)c3noc(Cc4ccc(F)c(F)c4)n3)cc1)c5cccnc5,5.64
738,CHEMBL34406,COc1ccc(OCc2onc(n2)c3ccc(cc3)S(=O)(=O)Nc4ccc(CCNC[C@H](O)c5cccnc5)cc4)cc1,5.7
739,CHEMBL32418,O[C@@H](CNCCc1ccc(NS(=O)(=O)c2ccc(cc2)c3noc(COc4ccc(cc4)C5N=NN=N5)n3)cc1)c6cccnc6,5.05
740,CHEMBL291246,CSc1ccc(Cc2onc(n2)c3ccc(cc3)S(=O)(=O)Nc4ccc(CCNC[C@H](O)c5cccnc5)cc4)cc1,4.8
743,CHEMBL286231,O[C@@H](CNCCc1ccc(NS(=O)(=O)c2ccc(cc2)c3noc(COc4ccccc4O)n3)cc1)c5cccnc5,5.1
745,CHEMBL405245,CNC(=O)NC(c1ccc(F)cc1)c2onc(n2)c3ccc(cc3)S(=O)(=O)Nc4ccc(CCNC[C@H](O)c5cccnc5)cc4,5.35
746,CHEMBL285704,CC(=O)Nc1ccc(OCc2onc(n2)c3ccc(cc3)S(=O)(=O)Nc4ccc(CCNC[C@H](O)c5cccnc5)cc4)cc1,5.7
750,CHEMBL34441,CS(=O)(=O)Nc1ccc(Cc2onc(n2)c3ccc(cc3)S(=O)(=O)Nc4ccc(CCNC[C@H](O)c5cccnc5)cc4)cc1,5.7
751,CHEMBL327519,CCCCCCCCNC(=O)Nc1ccc(cc1)S(=O)(=O)N2CCC(CNC[C@H](O)COc3ccc(O)c4NC(=O)CCc34)CC2,6.41
753,CHEMBL163153,CS(=O)(=O)Nc1ccc(CNCC2CN(CCN2)c3ccccc3)cc1,5.52
754,CHEMBL162095,CS(=O)(=O)Nc1ccc(cc1)C(=O)NCC2CNCCN2c3ccccc3,4.51
758,CHEMBL73917,COc1cc(CC2NCCc3nc(N)sc23)cc(OC)c1OC,5.21
763,CHEMBL350581,CS(=O)(=O)Nc1ccc(OCC2CN(CCN2)c3ccccc3)cc1,5.48
767,CHEMBL9841,Clc1ccccc1N2CCNCC2,4.92
771,CHEMBL312074,CCCCCCNC(=O)Nc1ccc(cc1)S(=O)(=O)Nc2ccc(cc2)c3ccc(OCC4NCCc5cc(O)c(O)cc45)cc3,5.62
774,CHEMBL9434,C1CN(CCN1)c2ccccc2,4.72
775,CHEMBL102194,CCCCCCCCNC(=O)Nc1ccc(cc1)S(=O)(=O)N2CCC(CNC[C@H](O)COc3ccc(O)cc3)CC2,6.05
779,CHEMBL100124,O[C@@H](CNCC1CCN(CC1)S(=O)(=O)c2ccc(NC(=O)NCCCc3cccs3)cc2)COc4ccc(O)cc4,5.69
781,CHEMBL307647,COc1c(I)cc(CC2NCCc3nc(N)sc23)cc1I,8.7
786,CHEMBL9666,COc1ccccc1N2CCNCC2,5.7
787,CHEMBL59517,COc1ccc(cc1)N2CCNCC2,4.42
788,CHEMBL162182,CS(=O)(=O)Nc1ccc(NCC2CN(CCN2)c3ccccc3)cc1,5.64
789,CHEMBL350432,CS(=O)(=O)Nc1ccc(cc1)C(=O)NCC2CN(CCN2)c3cccc(Cl)c3,5.96
792,CHEMBL100970,O[C@@H](CNCC1CCN(CC1)S(=O)(=O)c2ccc(NC(=O)Nc3ccccc3)cc2)COc4ccc(O)cc4,6.31
794,CHEMBL431048,CS(=O)(=O)Nc1cc(OC[C@@H](O)CNCC2CCN(CC2)S(=O)(=O)c3ccc(NC(=O)NCc4cc(F)ccc4F)cc3)ccc1O,6.45
797,CHEMBL76403,CCCCCCNC(=O)Nc1ccc(cc1)S(=O)(=O)Nc2ccc3cc(OCC4NCCc5cc(O)c(O)cc45)ccc3c2,8.52
799,CHEMBL59597,COc1cccc(c1)N2CCNCC2,5.1
800,CHEMBL478,Clc1cccc(c1)N2CCNCC2,5.7
802,CHEMBL317809,O[C@@H](CNCC1CCN(CC1)S(=O)(=O)c2ccc(NC(=O)NCc3cc(F)ccc3F)cc2)COc4ccc(O)c(F)c4,6.28
809,CHEMBL100057,O[C@@H](CNCC1CCN(CC1)S(=O)(=O)c2ccc(NC(=O)NCc3cc(F)ccc3F)cc2)COc4ccc(O)cc4,6.0
811,CHEMBL165012,[O-][N+](=O)c1ccc(cc1)N2CCNCC2,4.89
814,CHEMBL308868,CCCCCCNC(=O)Nc1ccc(cc1)S(=O)(=O)Nc2cccc(c2)c3cccc(CC4NCCc5cc(O)c(O)cc45)c3,5.0
822,CHEMBL103137,O[C@@H](CNCC1CCN(CCC(F)(F)F)CC1)COc2cccc3[nH]c4ccccc4c23,6.38
828,CHEMBL162200,CN(c1ccc(cc1)C(=O)NCC2CN(CCN2)c3ccccc3)S(=O)(=O)C,5.96
830,CHEMBL430662,CCCCCCNC(=O)Nc1ccc(cc1)S(=O)(=O)N2CCC(CNC[C@H](O)COc3ccc(O)cc3)CC2,4.96
832,CHEMBL421871,COc1cc(cc(OC)c1OC)c2ccc(CC3NCCc4cc(O)c(O)cc34)cc2,5.22
835,CHEMBL165462,Cc1ccc(cc1)N2CCNCC2,4.42
837,CHEMBL75604,CCCCCCNC(=O)Nc1ccc(cc1)S(=O)(=O)Nc2ccc(cc2)c3ccc(CC4NCCc5cc(O)c(O)cc45)cc3,5.75
840,CHEMBL163587,COc1cccc(c1)N2CCNC(CNC(=O)c3ccc(NS(=O)(=O)C)cc3)C2,5.77
848,CHEMBL165175,Cc1cccc(c1)N2CCNCC2,4.92
851,CHEMBL305891,CCCCCCNC(=O)Nc1ccc(cc1)S(=O)(=O)Nc2cccc(c2)c3ccc(CC4NCCc5cc(O)c(O)cc45)cc3,6.01
857,CHEMBL350847,O=C(NCC1CN(CCN1)c2ccccc2)c3ccc(cc3)n4ccnc4,6.27
863,CHEMBL9746,Cc1ccccc1N2CCNCC2,4.85
864,CHEMBL101485,O[C@@H](CNCC1CCN(CC1)S(=O)(=O)c2ccc(NC(=O)NC3CCCCC3)cc2)COc4ccc(O)cc4,5.99
877,CHEMBL162513,CS(=O)(=O)Nc1ccc(cc1)C(=O)NCC2CN(CCN2)c3ccccc3,6.8
878,CHEMBL165901,O=C(NCC1CN(CCN1)c2ccccc2)c3ccccc3,6.17
886,CHEMBL114478,Clc1ccc(cc1)N2CCNCC2,4.82
891,CHEMBL349978,COc1ccccc1N2CCNC(CNC(=O)c3ccc(NS(=O)(=O)C)cc3)C2,6.64
893,CHEMBL74085,CCCCCCNC(=O)Nc1ccc(cc1)S(=O)(=O)Nc2ccc(CC3NCCc4cc(O)c(O)cc34)cc2,7.72
895,CHEMBL351183,CS(=O)(=O)Nc1ccc(NCC2CNCCN2c3ccccc3)cc1,4.59
902,CHEMBL83754,O[C@@H](CNCCc1ccc(NS(=O)(=O)c2ccc(cc2)N3CCN(CCCC(F)(F)C(F)(F)F)C3=O)cc1)c4cccnc4,5.0
903,CHEMBL291992,CCCCCCc1csc(n1)c2ccc(cc2)S(=O)(=O)Nc3ccc(CCNC[C@H](O)c4cccnc4)cc3,4.4
904,CHEMBL291516,O[C@@H](CNCCc1ccc(NS(=O)(=O)c2ccc(cc2)c3nc(cs3)c4c[nH]c5ccccc45)cc1)c6cccnc6,4.52
905,CHEMBL61962,O[C@@H](CNCCc1ccc(NS(=O)(=O)c2ccc(cc2)c3nc(cs3)c4ccc(O)cc4)cc1)c5cccnc5,5.96
906,CHEMBL61429,O[C@@H](CNCCc1ccc(NS(=O)(=O)c2ccc(Cc3nc(Cc4ccc5ccccc5c4)cs3)cc2)cc1)c6cccnc6,5.6
909,CHEMBL291306,O[C@@H](CNCCc1ccc(NS(=O)(=O)c2ccc(cc2)c3nc(cs3)c4cc5ccccc5s4)cc1)c6cccnc6,4.0
910,CHEMBL58798,O[C@@H](CNCCc1ccc(NS(=O)(=O)c2ccc(cc2)c3nc(cs3)c4ccc(F)cc4)cc1)c5cccnc5,5.82
912,CHEMBL291594,CC(=O)Nc1ccc(cc1)c2csc(n2)c3ccc(cc3)S(=O)(=O)Nc4ccc(CCNC[C@H](O)c5cccnc5)cc4,6.02
919,CHEMBL418308,O[C@@H](CNCCc1ccc(NS(=O)(=O)c2ccc(cc2)c3nc(Cc4ccc5ccccc5c4)cs3)cc1)c6cccnc6,5.48
922,CHEMBL164401,CN1CCN(C1=O)c2ccc(cc2)S(=O)(=O)Nc3ccc(CCNC[C@H](O)c4cccnc4)cc3,5.0
923,CHEMBL79675,O[C@@H](CNCCc1ccc(NS(=O)(=O)c2ccc(cc2)N3CCN(CCCC(F)(F)F)C3=O)cc1)c4cccnc4,5.0
924,CHEMBL293577,O[C@@H](CNCCc1ccc(NS(=O)(=O)c2ccc(cc2)c3nc(cs3)c4cnc5ccccc5c4)cc1)c6cccnc6,4.72
927,CHEMBL350590,O[C@@H](CNCCc1ccc(NS(=O)(=O)c2ccc(cc2)N3CCN(CCC4CCCCC4)C3=O)cc1)c5cccnc5,5.4
928,CHEMBL294172,O[C@@H](CNCCc1ccc(NS(=O)(=O)c2ccc(cc2)c3nc(CCCC4CCCC4)cs3)cc1)c5cccnc5,5.16
931,CHEMBL349689,O[C@@H](CNCCc1ccc(NS(=O)(=O)c2ccc(cc2)N3C=CN(CCCC(F)(F)F)C3=O)cc1)c4cccnc4,4.0
934,CHEMBL58407,O[C@@H](CNCCc1ccc(NS(=O)(=O)c2ccc(cc2)c3nc(cs3)c4ccc5ccccc5c4)cc1)c6cccnc6,4.89
935,CHEMBL294753,CC(C)(C)c1ccc(cc1)c2csc(n2)c3ccc(cc3)S(=O)(=O)Nc4ccc(CCNC[C@H](O)c5cccnc5)cc4,5.8
937,CHEMBL165177,O[C@@H](CNCCc1ccc(NS(=O)(=O)c2ccc(cc2)N3CCN(CCCC4CCCCC4)C3=O)cc1)c5cccnc5,6.0
940,CHEMBL60281,CCCCCCCCc1csc(n1)c2ccc(cc2)S(=O)(=O)Nc3ccc(CCNC[C@H](O)c4cccnc4)cc3,5.43
941,CHEMBL291593,CCCCCCCCc1csc(Cc2ccc(cc2)S(=O)(=O)Nc3ccc(CCNC[C@H](O)c4cccnc4)cc3)n1,6.07
943,CHEMBL434284,COCCCCN1CCN(C1=O)c2ccc(cc2)S(=O)(=O)Nc3ccc(CCNC[C@H](O)c4cccnc4)cc3,4.3
944,CHEMBL59270,O[C@@H](CNCCc1ccc(NS(=O)(=O)c2ccc(cc2)c3nc(CCc4ccccc4)cs3)cc1)c5cccnc5,5.05
945,CHEMBL122757,Oc1cc2CCNC(Cc3cc(I)cc(I)c3)c2cc1O,6.74
948,CHEMBL349651,O[C@@H](CNCCc1ccc(NS(=O)(=O)c2ccc(cc2)N3C=CN(CCCC4CCCC4)C3=O)cc1)c5cccnc5,5.28
952,CHEMBL79915,O[C@@H](CNCCc1ccc(NS(=O)(=O)c2ccc(cc2)N3CCN(CCC(=O)N4CCCC4)C3=O)cc1)c5cccnc5,4.0
953,CHEMBL430594,O[C@@H](CNCCc1ccc(NS(=O)(=O)c2ccc(cc2)c3nc(Cc4ccc(F)cc4)cs3)cc1)c5cccnc5,5.52
954,CHEMBL166188,O[C@@H](CNCCc1ccc(NS(=O)(=O)c2ccc(cc2)N3CCN(CCCc4ccccc4)C3=O)cc1)c5cccnc5,5.4
955,CHEMBL350931,O[C@@H](CNCCc1ccc(NS(=O)(=O)c2ccc(cc2)N3CCN(Cc4ccc(F)c(F)c4)C3=O)cc1)c5cccnc5,5.3
956,CHEMBL22317,O[C@@H](CNCCc1ccc(NS(=O)(=O)c2ccc(cc2)N3CCN(CCCC4CCCC4)C3=O)cc1)c5cccnc5,5.62
957,CHEMBL58241,CCCCCCc1ccc(cc1)c2csc(n2)c3ccc(cc3)S(=O)(=O)Nc4ccc(CCNC[C@H](O)c5cccnc5)cc4,4.28
958,CHEMBL349505,O[C@@H](CNCCc1ccc(NS(=O)(=O)c2ccc(cc2)N3C=CN(Cc4ccc(F)c(F)c4)C3=O)cc1)c5cccnc5,4.57
961,CHEMBL165015,CCCCCN1CCN(C1=O)c2ccc(cc2)S(=O)(=O)Nc3ccc(CCNC[C@H](O)c4cccnc4)cc3,5.0
962,CHEMBL165513,CCCCCCCN1CCN(C1=O)c2ccc(cc2)S(=O)(=O)Nc3ccc(CCNC[C@H](O)c4cccnc4)cc3,5.52
963,CHEMBL166013,CCCCN1CCN(C1=O)c2ccc(cc2)S(=O)(=O)Nc3ccc(CCNC[C@H](O)c4cccnc4)cc3,5.0
964,CHEMBL294492,O[C@@H](CNCCc1ccc(NS(=O)(=O)c2ccc(cc2)c3nc(cs3)c4cccnc4)cc1)c5cccnc5,5.16
965,CHEMBL351967,O[C@@H](CNCCc1ccc(NS(=O)(=O)c2ccc(cc2)N3CCN(CCC4CCCC4)C3=O)cc1)c5cccnc5,5.0
966,CHEMBL294849,CC(=O)NCCCCCc1csc(n1)c2ccc(cc2)S(=O)(=O)Nc3ccc(CCNC[C@H](O)c4cccnc4)cc3,4.3
967,CHEMBL293994,O[C@@H](CNCCc1ccc(NS(=O)(=O)c2ccc(cc2)c3nc(cs3)c4ccc(F)c(F)c4)cc1)c5cccnc5,5.77
969,CHEMBL57908,O[C@@H](CNCCc1ccc(NS(=O)(=O)c2ccc(cc2)c3nc(cs3)c4oc5ccccc5c4)cc1)c6cccnc6,4.05
970,CHEMBL433248,O[C@@H](CNCCc1ccc(NS(=O)(=O)c2ccc(cc2)c3nc(cs3)c4ccccn4)cc1)c5cccnc5,5.19
972,CHEMBL292598,O[C@@H](CNCCc1ccc(NS(=O)(=O)c2ccc(cc2)c3nc(cs3)c4ccc5ncccc5c4)cc1)c6cccnc6,5.22
973,CHEMBL351596,CCCCC(C)(C)CN1CCN(C1=O)c2ccc(cc2)S(=O)(=O)Nc3ccc(CCNC[C@H](O)c4cccnc4)cc3,5.07
976,CHEMBL162043,O[C@@H](CNCCc1ccc(NS(=O)(=O)c2ccc(cc2)N3CCN(CCCc4ccc(Cl)cc4)C3=O)cc1)c5cccnc5,5.7
977,CHEMBL331744,O[C@@H](CNCCc1ccc(NS(=O)(=O)c2ccc(cc2)c3nc(cs3)c4ccc(OC(F)(F)F)cc4)cc1)c5cccnc5,5.57
980,CHEMBL111201,O[C@@H](CNCCc1ccc(NS(=O)(=O)c2ccc(cc2)c3nc(cs3)c4ccc(cc4)C(F)(F)F)cc1)c5cccnc5,5.32
988,CHEMBL333417,O[C@@H](CNCCc1ccc(NS(=O)(=O)c2ccc(cc2)c3nc(cs3)c4ccccc4C(F)(F)F)cc1)c5cccnc5,5.72
997,CHEMBL368584,CS(=O)(=O)Nc1cc(ccc1O)[C@@H](O)CNC2CCN(CC2)c3ccc(CN4OC(=O)NC4=O)cc3,5.02
1005,CHEMBL354906,CS(=O)(=O)Nc1cc(ccc1O)[C@@H](O)CNC2CCN(CC2)c3ccc(CC4SC(=O)N(CC(=O)O)C4=O)cc3,5.04
1023,CHEMBL369346,OC[C@H](Cc1ccc(NC(=O)Nc2cccc(c2)[N+](=O)[O-])cc1)NC[C@H](O)COc3ccccc3,9.05
1024,CHEMBL183129,OC[C@H](Cc1ccc(NC(=O)Nc2ccccc2)cc1)NC[C@H](O)COc3ccccc3,7.7
1026,CHEMBL183211,O[C@@H](CN[C@@H](O)Cc1ccc(NC(=O)Nc2ccccc2)cc1)COc3ccccc3,8.52
1027,CHEMBL434524,O[C@@H](CNCCc1ccc(NC(=O)Nc2ccccc2)cc1)COc3ccccc3,8.44
1028,CHEMBL182127,OC[C@H](Cc1ccc(NC(=O)NC2CCCCC2)cc1)NC[C@H](O)COc3ccccc3,7.82
1029,CHEMBL181115,CCCNC(=O)Nc1ccc(C[C@@H](CO)NC[C@H](O)COc2ccccc2)cc1,7.29
1030,CHEMBL425173,CC(C)NC(=O)Nc1ccc(C[C@@H](CO)NC[C@H](O)COc2ccccc2)cc1,7.57
1031,CHEMBL183744,COc1ccccc1NC(=O)Nc2ccc(C[C@@H](CO)NC[C@H](O)COc3ccccc3)cc2,7.92
1032,CHEMBL183611,COc1cccc(NC(=O)Nc2ccc(C[C@@H](CO)NC[C@H](O)COc3ccccc3)cc2)c1,8.4
1033,CHEMBL183307,COc1ccc(NC(=O)Nc2ccc(C[C@@H](CO)NC[C@H](O)COc3ccccc3)cc2)cc1,8.66
1034,CHEMBL183283,OC[C@H](Cc1ccc(NC(=O)Nc2cccc(c2)C(=O)O)cc1)NC[C@H](O)COc3ccccc3,8.89
1043,CHEMBL181440,C[C@H](Cc1c[nH]c2c(OS(=O)(=O)C)cccc12)NC[C@H](O)c3cccc(NS(=O)(=O)c4ccccc4)c3,7.89
1049,CHEMBL182708,C[C@H](Cc1c[nH]c2c(OS(=O)(=O)C)cccc12)NC[C@H](O)c3cccc(NC(=O)c4ccccc4)c3,6.92
1067,CHEMBL188622,CS(=O)(=O)Oc1cccc2c(CCNC[C@H](O)c3cccc(NS(=O)(=O)c4cccs4)c3)c[nH]c12,6.64
1119,CHEMBL362136,C[C@H](Cc1c[nH]c2c(OCCN)cccc12)NC[C@H](O)c3cccc(NS(=O)(=O)c4cccs4)c3,7.54
1123,CHEMBL185703,C[C@H](Cc1c[nH]c2c(OCC(=O)N(C)C)cccc12)NC[C@H](O)c3cccc(NS(=O)(=O)c4cccs4)c3,7.72
1134,CHEMBL199824,[11CH3]Oc1ccc2cccc(N3CCN(CCCCN4N=CC(=O)N(C)C4=O)CC3)c2c1,6.32
1147,CHEMBL204827,Cc1ccc(cc1c2cccc(NCCNC[C@H](O)c3cccc(Cl)c3)c2)C(=O)O,6.1
1148,CHEMBL208352,COC(=O)c1cccc(c1)c2cccc(NCCNC[C@H](O)c3cccc(Cl)c3)c2,5.9
1149,CHEMBL208427,O[C@@H](CNCCNc1cccc(c1)c2cccc(c2)C(=O)O)c3cccc(Cl)c3,5.4
1150,CHEMBL205224,C[C@H](CNc1cccc(c1)c2cccc(c2)C(=O)O)NC[C@H](O)c3cccc(Cl)c3,8.2
1151,CHEMBL377028,C[C@H](CNc1cccc(c1)c2ccccc2C(=O)O)NC[C@H](O)c3cccc(Cl)c3,6.2
1152,CHEMBL383511,C[C@H](CNc1cccc(c1)c2ccc(cc2)C(=O)O)NC[C@H](O)c3cccc(Cl)c3,6.1
1153,CHEMBL206002,C[C@H](CNc1cccc(c1)c2ccc(cc2C(=O)O)C(=O)O)NC[C@H](O)c3cccc(Cl)c3,5.6
1157,CHEMBL207943,O[C@@H](CNCCNc1cccc(c1)c2cnccc2C(=O)O)c3cccc(Cl)c3,5.0
1158,CHEMBL424866,O[C@@H](CNCCNc1cccc(c1)c2cccc(n2)C(=O)O)c3cccc(Cl)c3,5.3
1159,CHEMBL205389,O[C@@H](CNCCNc1cccc(c1)c2cncc(c2)C(=O)O)c3cccc(Cl)c3,5.5
1160,CHEMBL208328,C[C@H](CNc1cccc(c1)c2ncccc2C(=O)O)NC[C@H](O)c3cccc(Cl)c3,6.1
1179,CHEMBL386016,CN1C(=O)Nc2cccc(OC[C@@H](O)CNC(C)(C)Cc3ccc(Oc4ccc(cn4)C(=O)N)cc3)c12,8.06
1193,CHEMBL225775,CCCCOc1ccc(C[C@@H](C)NC[C@@H](O)c2onc(Br)c2)cc1,5.67
1195,CHEMBL226348,CCOC(=O)COc1ccc(C[C@@H](C)NC[C@@H](O)c2onc(Br)c2)cc1,5.96
1197,CHEMBL226293,C[C@H](Cc1ccc(OCC(=O)O)cc1)NC[C@@H](O)c2onc(Br)c2,5.19
1216,CHEMBL393539,Cc1ccc2c(OCCN3CCC(Cc4ccc5OCC(=O)Nc5c4F)CC3)cc(F)cc2n1,5.9
1217,CHEMBL238732,Cc1ccc2c(OCCN3CCC(Cc4cc(F)c5OCC(=O)Nc5c4)CC3)cc(Cl)cc2n1,5.8
1219,CHEMBL391661,Cc1ccc2c(OCCN3CCC(Cc4cc5NC(=O)COc5cc4F)CC3)cc(Cl)cc2n1,5.6
1220,CHEMBL238520,Cc1ccc2c(OCCN3CCC(Cc4cc5NC(=O)COc5cc4F)CC3)cc(F)cc2n1,6.1
1221,CHEMBL238519,Cc1ccc2c(OCCN3CCC(Cc4ccc5OCC(=O)Nc5c4F)CC3)cc(Cl)cc2n1,6.4
1222,CHEMBL183460,Cc1ccc2c(OCCN3CCC(Cc4ccc5OCC(=O)Nc5c4)CC3)cccc2n1,5.6
1223,CHEMBL251541,COc1cccc2C[C@@H]3[C@H](C[C@H](CN3C)C(=O)N4CCN(CC4)c5ccc(cc5)[N+](=O)[O-])Cc12,6.65
1227,CHEMBL250553,CS(=O)(=O)Nc1cc(C[C@H](O)CN[C@H](Cc2ccccc2)c3ccc(OC(F)F)c(OC(F)F)c3)ccc1O,6.16
1228,CHEMBL400947,COc1ccc(cc1O)[C@@H](Cc2ccccc2)NC[C@@H](O)Cc3ccc(O)c(NS(=O)(=O)C)c3,5.5
1229,CHEMBL249359,CS(=O)(=O)Nc1cc(C[C@H](O)CN[C@H](Cc2ccccc2)c3ccc(Cl)c(Cl)c3)ccc1O,5.82
1230,CHEMBL440961,COc1ccc(cc1OC)[C@H](Cc2ccccc2)NC[C@H](O)Cc3ccc(O)c(NS(=O)(=O)C)c3,4.33
1231,CHEMBL398557,COc1ccc(cc1OC)[C@H](Cc2ccccc2)NC[C@@H](O)Cc3ccc(O)c(NS(=O)(=O)C)c3,6.25
1232,CHEMBL399329,COc1ccc(cc1OC)[C@@H](Cc2ccccc2)NC[C@@H](O)Cc3ccc(O)c(NS(=O)(=O)C)c3,5.59
1233,CHEMBL251581,COc1ccc(cc1)[C@@H](Cc2ccccc2)NC[C@@H](O)Cc3ccc(O)c(NS(=O)(=O)C)c3,5.22
1234,CHEMBL398322,COc1cccc(c1)[C@@H](Cc2ccccc2)NC[C@@H](O)Cc3ccc(O)c(NS(=O)(=O)C)c3,5.44
1235,CHEMBL400067,COc1ccc(cc1OC)[C@H](CCc2ccccc2)NC[C@H](O)Cc3ccc(O)c(NS(=O)(=O)C)c3,6.0
1236,CHEMBL251764,COc1ccc(cc1OC)[C@H](CCc2ccc(Cl)cc2)NC[C@H](O)Cc3ccc(O)c(NS(=O)(=O)C)c3,5.98
1237,CHEMBL398241,COc1ccc(cc1OC)[C@H](CCc2cccc(Cl)c2)NC[C@H](O)Cc3ccc(O)c(NS(=O)(=O)C)c3,6.38
1238,CHEMBL447786,COc1ccc(cc1OC)[C@H](CCc2ccccc2Cl)NC[C@H](O)Cc3ccc(O)c(NS(=O)(=O)C)c3,6.57
1239,CHEMBL251555,CS(=O)(=O)Nc1cc(C[C@@H](O)CN[C@@H](CCc2ccccc2)c3ccc(OC(F)F)c(OC(F)F)c3)ccc1O,6.31
1240,CHEMBL251554,COc1cccc(c1)[C@H](CCc2ccccc2)NC[C@H](O)Cc3ccc(O)c(NS(=O)(=O)C)c3,6.24
1241,CHEMBL251347,COc1ccc(cc1)[C@H](CCc2ccccc2)NC[C@H](O)Cc3ccc(O)c(NS(=O)(=O)C)c3,6.14
1244,CHEMBL245875,O[C@@H](CNCCNc1cccc(c1)c2sccc2C(=O)O)c3cccc(Cl)c3,5.4
1245,CHEMBL245874,O[C@@H](CNCCNc1cccc(c1)c2occc2C(=O)O)c3cccc(Cl)c3,5.3
1246,CHEMBL245873,C[C@H](CNc1cccc(c1)c2sccc2C(=O)O)NC[C@H](O)c3cccc(Cl)c3,5.9
1247,CHEMBL395834,C[C@H](CNc1ccc(cc1)c2sccc2C(=O)O)NC[C@H](O)c3cccc(Cl)c3,7.0
1248,CHEMBL245673,C[C@H](CNc1cccc(c1)c2occc2C(=O)O)NC[C@H](O)c3cccc(Cl)c3,7.0
1249,CHEMBL247520,C[C@H](CNc1ccc(cc1)c2occc2C(=O)O)NC[C@H](O)c3cccc(Cl)c3,7.7
1250,CHEMBL393471,C[C@H](CNc1cccc(c1)c2ocnc2C(=O)O)NC[C@H](O)c3cccc(Cl)c3,6.4
1251,CHEMBL247519,C[C@H](CNc1ccc(cc1)c2ocnc2C(=O)O)NC[C@H](O)c3cccc(Cl)c3,7.6
1252,CHEMBL393470,C[C@H](CNc1cccc(c1)c2csc(n2)C(=O)O)NC[C@H](O)c3cccc(Cl)c3,7.0
1253,CHEMBL247518,C[C@H](CNc1ccc(cc1)c2csc(n2)C(=O)O)NC[C@H](O)c3cccc(Cl)c3,7.92
1254,CHEMBL247315,C[C@H](CNc1cccc(c1)c2nc(cs2)C(=O)O)NC[C@H](O)c3cccc(Cl)c3,7.1
1255,CHEMBL430390,C[C@H](CNc1ccc(cc1)c2nc(cs2)C(=O)O)NC[C@H](O)c3cccc(Cl)c3,7.7
1256,CHEMBL393469,C[C@H](CNc1cccc(c1)c2occ(n2)C(=O)O)NC[C@H](O)c3cccc(Cl)c3,6.8
1257,CHEMBL246908,C[C@H](CNc1ccc(cc1)c2occ(n2)C(=O)O)NC[C@H](O)c3cccc(Cl)c3,7.9
1322,CHEMBL248547,CC(C)(Cc1ccc(Oc2ccc(cn2)C(=O)N)cc1)NC[C@H](O)COc3cccc4NC(=O)C5(CC5)c34,7.23
1343,CHEMBL537693,Cl.O[C@@H](CNCCc1ccc(Oc2ccc(OCC(=O)O)cc2)cc1)c3cccc(Cl)c3,7.43
1344,CHEMBL270964,CC(C)Nc1cc(ccc1C(=O)O)c2ccc(CCNC[C@H](O)c3ccccc3)cc2,6.77
1350,CHEMBL273006,O[C@@H](CNCCc1ccc(cc1)c2ccc(C(=O)O)c(Oc3ccccc3)c2)c4ccccc4,6.01
1351,CHEMBL409718,O[C@@H](CNCCc1ccc(cc1)c2ccc(C(=O)O)c(OC3CCCCC3)c2)c4ccccc4,6.59
1355,CHEMBL256418,O[C@@H](CNCCc1ccc(cc1)c2ccc(C(=O)O)c(OC3CCCCC3)c2)c4cccc(Cl)c4,7.26
1356,CHEMBL272583,CC(C)COc1cc(ccc1C(=O)O)c2ccc(CCNC[C@H](O)c3cccc(Cl)c3)cc2,6.46
1357,CHEMBL272584,CC(C)Oc1cc(ccc1C(=O)O)c2ccc(CCNC[C@H](O)c3cccc(Cl)c3)cc2,6.14
1358,CHEMBL270460,COc1cc(CCNC[C@H](O)c2cccc(Cl)c2)ccc1c3ccc(cc3)C(=O)O,8.19
1359,CHEMBL257106,O[C@@H](CNCCc1ccc(c(Cl)c1)c2ccc(cc2)C(=O)O)c3cccc(Cl)c3,8.51
1360,CHEMBL270889,COc1cc(ccc1c2ccc(CCNC[C@H](O)c3cccc(Cl)c3)cc2)C(=O)O,7.75
1361,CHEMBL257297,O[C@@H](CNCCc1ccc(cc1)c2ccc(cc2Cl)C(=O)O)c3cccc(Cl)c3,7.52
1362,CHEMBL408145,O[C@@H](CNCCc1ccc(cc1)c2ccc(cc2F)C(=O)O)c3cccc(Cl)c3,7.7
1363,CHEMBL273028,Cc1cc(ccc1c2ccc(CCNC[C@H](O)c3cccc(Cl)c3)cc2)C(=O)O,7.2
1364,CHEMBL272383,COc1cc(ccc1C(=O)O)c2ccc(CCNC[C@H](O)c3cccc(Cl)c3)cc2,6.6
1365,CHEMBL269823,O[C@@H](CNCCc1ccc(cc1)c2ccc(C(=O)O)c(Cl)c2)c3cccc(Cl)c3,6.59
1366,CHEMBL271367,O[C@@H](CNCCc1ccc(cc1)c2ccc(C(=O)O)c(F)c2)c3cccc(Cl)c3,6.42
1367,CHEMBL269920,Cc1cc(ccc1C(=O)O)c2ccc(CCNC[C@H](O)c3cccc(Cl)c3)cc2,6.24
1370,CHEMBL272234,O[C@@H](CNCCc1ccc(Oc2ccc(cn2)C(=O)O)cc1)c3cccc(Cl)c3,8.85
1371,CHEMBL271765,O[C@@H](CNCCc1ccc(cc1)c2ccc(s2)C(=O)O)c3cccc(Cl)c3,6.7
1372,CHEMBL273097,O[C@@H](CNCCc1ccc(cc1)c2ccc(cn2)C(=O)O)c3cccc(Cl)c3,7.96
1373,CHEMBL273098,O[C@@H](CNCCc1ccc(Nc2cccc(c2)C(=O)O)cc1)c3cccc(Cl)c3,7.44
1374,CHEMBL409827,O[C@@H](CNCCc1ccc(Nc2ccc(cc2)C(=O)O)cc1)c3cccc(Cl)c3,8.41
1378,CHEMBL271576,O[C@@H](CNCCc1ccc(cc1)c2ccc(cc2)C(=O)O)c3cccc(Cl)c3,6.55
1379,CHEMBL408694,O[C@@H](CNCCc1ccc(cc1)c2ccc(CC(=O)O)cc2)c3cccc(Cl)c3,6.52
1383,CHEMBL270027,O[C@@H](CNCCc1ccc(Cc2ccc(OCC(=O)O)cc2)cc1)c3cccc(Cl)c3,7.19
1384,CHEMBL536108,Cl.CN(c1ccc(CCNC[C@H](O)c2cccc(Cl)c2)cc1)c3ccc(OCC(=O)O)cc3,7.2
1385,CHEMBL536330,Cl.O[C@@H](CNCCc1ccc(Nc2ccc(OCC(=O)O)cc2)cc1)c3cccc(Cl)c3,8.04
1404,CHEMBL521611,O[C@@H](CNCCc1cccc(Oc2ccc(F)c(c2)C(=O)O)c1)c3cccc(Cl)c3,6.85
1405,CHEMBL484265,O[C@@H](CNCCc1cccc(Oc2ccc(Cl)c(c2)C(=O)O)c1)c3cccc(Cl)c3,7.19
1406,CHEMBL489201,Cc1ccc(Oc2cccc(CCNC[C@H](O)c3cccc(Cl)c3)c2)cc1C(=O)O,6.26
1407,CHEMBL489199,COc1ccc(Oc2cccc(CCNC[C@H](O)c3cccc(Cl)c3)c2)cc1C(=O)O,6.29
1408,CHEMBL523265,CC(C)Oc1ccc(Oc2cccc(CCNC[C@H](O)c3cccc(Cl)c3)c2)cc1C(=O)O,6.09
1409,CHEMBL489200,CC(=O)Nc1ccc(Oc2cccc(CCNC[C@H](O)c3cccc(Cl)c3)c2)cc1C(=O)O,6.42
1410,CHEMBL490222,O[C@@H](CNCCc1cccc(Oc2ccc(NC(=O)c3ccccc3)c(c2)C(=O)O)c1)c4cccc(Cl)c4,6.89
1411,CHEMBL491645,CC(C)(C)C(=O)Nc1ccc(Oc2cccc(CCNC[C@H](O)c3cccc(Cl)c3)c2)cc1C(=O)O,6.21
1413,CHEMBL519985,CC(=O)Nc1cc(Oc2cccc(CCNC[C@H](O)c3cccc(Cl)c3)c2)cc(c1)C(=O)O,6.62
1414,CHEMBL524145,O[C@@H](CNCCc1cccc(Oc2cc(NC(=O)c3ccccc3)cc(c2)C(=O)O)c1)c4cccc(Cl)c4,6.72
1415,CHEMBL522641,O[C@@H](CNCCc1cccc(Oc2ccc(F)c(c2)C(=O)O)c1)c3cccnc3,6.08
1416,CHEMBL490415,COc1ccc(Oc2cccc(CCNC[C@H](O)c3cccnc3)c2)cc1C(=O)O,6.16
1417,CHEMBL492005,CC(=O)Nc1ccc(Oc2cccc(CCNC[C@H](O)c3cccnc3)c2)cc1C(=O)O,6.72
1418,CHEMBL492006,C[C@H](Cc1cccc(Oc2cccc(c2)C(=O)O)c1)NC[C@H](O)c3cccc(Cl)c3,7.55
1420,CHEMBL461571,C[C@@H](Oc1cccc(Cn2c(C)c(C(=O)c3ccc(Cl)cc3)c4ccc(OC(F)(F)F)cc24)c1)C(=O)O,5.39
1421,CHEMBL458541,CC(C)NCC(O)COc1ccc2N(Cc3ccccc3)CCCc2c1,5.69
1422,CHEMBL530556,COc1ccc(CCNCC(O)COc2ccc3N(Cc4ccccc4)CCCc3c2)cc1,5.14
1427,CHEMBL520313,CC(=O)O.NS(=O)(=O)c1ccccc1CCCCOCCCCCCNC[C@H](O)c2ccc(O)c(CO)c2,6.6
1428,CHEMBL446840,NS(=O)(=O)c1cccc(CCCCOCCCCCCNC[C@H](O)c2ccc(O)c(CO)c2)c1.OC(=O)\C=C\c3ccccc3,6.5
1429,CHEMBL475389,CC(=O)O.NS(=O)(=O)c1ccc(CCCCOCCCCCCNC[C@H](O)c2ccc(O)c(CO)c2)cc1,6.3
1430,CHEMBL516056,CNS(=O)(=O)c1cccc(CCCCOCCCCCCNC[C@H](O)c2ccc(O)c(CO)c2)c1.CC(=O)O,6.3
1431,CHEMBL474393,CN(C)S(=O)(=O)c1cccc(CCCCOCCCCCCNC[C@H](O)c2ccc(O)c(CO)c2)c1.CC(=O)O,6.2
1432,CHEMBL514032,CC(C)NS(=O)(=O)c1cccc(CCCCOCCCCCCNC[C@H](O)c2ccc(O)c(CO)c2)c1.CC(=O)O,6.0
1433,CHEMBL500782,CC(=O)O.OCc1cc(ccc1O)[C@@H](O)CNCCCCCCOCCCCc2cccc(c2)S(=O)(=O)NC3CCCCC3,7.0
1434,CHEMBL506518,CC(=O)O.OCc1cc(ccc1O)[C@@H](O)CNCCCCCCOCCCCc2cccc(c2)S(=O)(=O)N3CCCCC3,6.9
1435,CHEMBL456485,CC(=O)O.OCc1cc(ccc1O)[C@@H](O)CNCCCCCCOCCCCc2cccc(c2)S(=O)(=O)N3CCOCC3,6.2
1436,CHEMBL475236,CC(=O)O.NS(=O)(=O)c1cccc(CCCCOCCCCCCNC[C@@H](O)c2ccc(O)c(CO)c2)c1,5.3
1437,CHEMBL475237,NS(=O)(=O)Cc1cccc(CCCCOCCCCCCNC[C@H](O)c2ccc(O)c(CO)c2)c1,6.0
1438,CHEMBL485847,NS(=O)(=O)O.NS(=O)(=O)c1cccc(CCCOCCCCCCCNC[C@H](O)c2ccc(O)c(CO)c2)c1,5.9
1439,CHEMBL483202,CC(=O)O.NS(=O)(=O)c1cccc(CCCCCOCCCCCNC[C@H](O)c2ccc(O)c(CO)c2)c1,5.9
1440,CHEMBL483407,CC(=O)O.NS(=O)(=O)c1cccc(CCCCCCOCCCCNC[C@H](O)c2ccc(O)c(CO)c2)c1,4.1
1441,CHEMBL443435,NS(=O)(=O)c1cccc(CCCCOCCCCCCNC[C@H](O)c2ccc(O)c(NC=O)c2)c1.OC(=O)\C=C\C(=O)O,7.6
1442,CHEMBL1263,OCc1cc(ccc1O)C(O)CNCCCCCCOCCCCc2ccccc2,6.1
1443,CHEMBL1256786,COc1ccc(CC(C)NCC(O)c2ccc(O)c(NC=O)c2)cc1,7.4
1450,CHEMBL529659,Nc1ccc(cn1)[C@@H](O)CNCCc2ccc(cc2)c3ccc(C(=O)O)c(OC4CCCCC4)c3,7.41
1451,CHEMBL487682,CC(C)Cc1cc(ccc1C(=O)O)c2ccc(CCNC[C@H](O)c3ccc(N)nc3)cc2,6.82
1452,CHEMBL488224,O[C@@H](CNCCc1ccc(cc1)c2ccc(C(=O)O)c(OC3CCCCC3)c2)c4cccnc4,6.32
1454,CHEMBL488223,CC(C)Oc1cc(ccc1C(=O)O)c2ccc(CCNC[C@H](O)c3ccc(N)nc3)cc2,6.89
1456,CHEMBL512147,CC(C)Oc1cc(ccc1C(=O)O)c2ccc(CCNC[C@H](O)c3ccc(O)c(NS(=O)(=O)C)c3)cc2,6.82
1460,CHEMBL518168,CC(C)Oc1cc(ccc1C(=O)O)c2ccc(CCNC[C@H](O)c3cccc(O)c3)cc2,6.36
1461,CHEMBL516804,CC(C)Oc1cc(ccc1C(=O)O)c2ccc(CCNC[C@H](O)c3cccc(F)c3)cc2,6.5
1462,CHEMBL461282,CC(C)Oc1cc(ccc1C(=O)O)c2ccc(CCNC[C@H](O)c3ccc(Cl)cc3)cc2,6.3
1468,CHEMBL488430,C[C@H](Cc1ccc(cc1)c2ccc(cc2)C(=O)O)NC[C@H](O)c3cccc(Cl)c3,7.89
1469,CHEMBL453056,C[C@H](Cc1ccc(cc1)c2ccc(C(=O)O)c(OC3CCCCC3)c2)NC[C@H](O)c4cccnc4,7.62
1470,CHEMBL507506,CCCOc1cc(ccc1C(=O)O)c2ccc(C[C@@H](C)NC[C@H](O)c3cccnc3)cc2,6.72
1471,CHEMBL452798,CC(C)Oc1cc(ccc1C(=O)O)c2ccc(C[C@@H](C)NC[C@H](O)c3cccnc3)cc2,7.1
1472,CHEMBL510102,C[C@H](Cc1ccc(cc1)c2ccc(cc2)C(=O)O)NC[C@H](O)c3cccnc3,7.13
1473,CHEMBL451760,CC(C)Cc1cc(ccc1C(=O)O)c2ccc(CCN[C@@H](C)[C@H](O)c3ccccc3)cc2,6.52
1474,CHEMBL453048,CCCOc1cc(ccc1C(=O)O)c2ccc(CCN[C@@H](C)[C@H](O)c3ccccc3)cc2,6.16
1475,CHEMBL453047,CC(C)Oc1cc(ccc1C(=O)O)c2ccc(CCN[C@@H](C)[C@H](O)c3ccccc3)cc2,6.11
1476,CHEMBL510100,CC(C)Oc1cc(ccc1C(=O)O)c2ccc(CCN[C@@H](C)[C@H](O)c3ccc(O)cc3)cc2,6.3
1478,CHEMBL453323,CC(C)Oc1cc(ccc1C(=O)O)c2ccc(CC(C)(C)NC[C@H](O)c3ccccc3)cc2,6.55
1479,CHEMBL509156,C[C@H](Cc1ccc(cc1)c2ccc(C(=O)O)c(OC3CCCCC3)c2)NC[C@H](O)c4ccccc4,7.55
1480,CHEMBL453322,CC(C)COc1cc(ccc1C(=O)O)c2ccc(C[C@@H](C)NC[C@H](O)c3ccccc3)cc2,6.89
1481,CHEMBL486051,CC(C)Oc1cc(ccc1C(=O)O)c2ccc(C[C@@H](C)NC[C@H](O)c3ccccc3)cc2,7.07
1482,CHEMBL488051,CCOc1cc(ccc1C(=O)O)c2ccc(C[C@@H](C)NC[C@H](O)c3ccccc3)cc2,7.21
1483,CHEMBL520903,COc1cc(ccc1C(=O)O)c2ccc(C[C@@H](C)NC[C@H](O)c3ccccc3)cc2,7.08
1484,CHEMBL507003,C[C@H](Cc1ccc(cc1)c2ccc(cc2)C(=O)O)NC[C@H](O)c3ccccc3,7.66
1485,CHEMBL487443,CC(C)Oc1cc(ccc1C(=O)O)c2ccc(C[C@@H](C)NC[C@H](O)c3cccc(Cl)c3)cc2,7.43
1486,CHEMBL488431,C[C@@H](Cc1ccc(cc1)c2ccc(cc2)C(=O)O)NC[C@H](O)c3cccc(Cl)c3,7.92
1487,CHEMBL451772,CC(C)Oc1cc(ccc1C(=O)O)c2ccc(OCCNC[C@H](O)c3cccc(Cl)c3)cc2,7.08
1488,CHEMBL459646,CC(C)Cc1cc(ccc1C(=O)O)c2ccc(OCCNC[C@H](O)c3ccc(N)nc3)cc2,7.92
1489,CHEMBL459645,CCCOc1cc(ccc1C(=O)O)c2ccc(NCCNC[C@H](O)c3cccc(Cl)c3)cc2,7.96
1490,CHEMBL459863,CCCOc1cc(ccc1C(=O)O)c2ccc(CCCNC[C@H](O)c3cccc(Cl)c3)cc2,6.75
1491,CHEMBL459862,O[C@@H](CNCCOc1ccc(cc1)c2ccc(C(=O)O)c(OC3CCCCC3)c2)c4ccccc4,7.04
1492,CHEMBL460257,CC(C)COc1cc(ccc1C(=O)O)c2ccc(OCCNC[C@H](O)c3ccccc3)cc2,6.4
1493,CHEMBL460256,CCCOc1cc(ccc1C(=O)O)c2ccc(OCCNC[C@H](O)c3ccccc3)cc2,6.68
1494,CHEMBL516785,CC(C)Oc1cc(ccc1C(=O)O)c2ccc(OCCNC[C@H](O)c3ccccc3)cc2,6.29
1495,CHEMBL461301,O[C@@H](CNCCOc1ccc(cc1)c2ccc(C(=O)O)c(OC3CCCCC3)c2)c4cccc(Cl)c4,7.28
1496,CHEMBL453575,CC(C)Cc1cc(ccc1C(=O)O)c2ccc(OCCNC[C@H](O)c3cccc(Cl)c3)cc2,7.82
1497,CHEMBL452034,CC(C)COc1cc(ccc1C(=O)O)c2ccc(OCCNC[C@H](O)c3cccc(Cl)c3)cc2,6.96
1498,CHEMBL452033,CCCOc1cc(ccc1C(=O)O)c2ccc(OCCNC[C@H](O)c3cccc(Cl)c3)cc2,6.92
1501,CHEMBL490733,CC(C)Sc1cc(ccc1C(=O)NS(=O)(=O)C)c2ccc(CCNC[C@H](O)c3cnccc3N)cc2,6.41
1502,CHEMBL446806,Cl.Cl.CS(=O)(=O)NC(=O)c1ccc(cc1OC2CCCCC2)c3ccc(CCNC[C@H](O)c4cnccc4N)cc3,6.85
1503,CHEMBL491726,CC(C)Oc1cc(ccc1C(=O)NS(=O)(=O)C)c2ccc(CCNC[C@H](O)c3cnccc3N)cc2,6.7
1504,CHEMBL523149,CCOc1cc(ccc1C(=O)NS(=O)(=O)C)c2ccc(CCNC[C@H](O)c3cnccc3N)cc2,7.03
1507,CHEMBL491891,Cl.Cl.CC(C)Sc1cc(ccc1C(=O)NS(=O)(=O)C)c2ccc(CCNC[C@H](O)c3cccnc3)cc2,6.62
1509,CHEMBL516209,Cl.Cl.CC(C)Cc1cc(ccc1C(=O)NS(=O)(=O)C)c2ccc(CCNC[C@H](O)c3cccnc3)cc2,6.31
1511,CHEMBL479530,Cl.Cl.Cl.CC(C)Nc1cc(ccc1C(=O)NS(=O)(=O)C)c2ccc(CCNC[C@H](O)c3cccnc3)cc2,6.5
1512,CHEMBL445481,Cl.Cl.CS(=O)(=O)NC(=O)c1ccc(cc1OC2CCCCC2)c3ccc(CCNC[C@H](O)c4cccnc4)cc3,6.1
1513,CHEMBL469610,Cl.Cl.CC(C)Oc1cc(ccc1C(=O)NS(=O)(=O)C)c2ccc(CCNC[C@H](O)c3cccnc3)cc2,6.89
1515,CHEMBL479342,Cl.CS(=O)(=O)NC(=O)c1ccc(cc1SC2CCCCC2)c3ccc(CCNC[C@H](O)c4ccccc4)cc3,6.08
1518,CHEMBL513419,Cl.CS(=O)(=O)NC(=O)c1ccc(cc1CC2CCCCC2)c3ccc(CCNC[C@H](O)c4ccccc4)cc3,6.43
1526,CHEMBL455773,Cl.Cl.CS(=O)(=O)NC(=O)c1ccc(cc1NC2CCCCC2)c3ccc(CCNC[C@H](O)c4ccccc4)cc3,6.05
1527,CHEMBL471060,Cl.Cl.CC(C)Nc1cc(ccc1C(=O)NS(=O)(=O)C)c2ccc(CCNC[C@H](O)c3ccccc3)cc2,6.59
1528,CHEMBL479341,Cl.CS(=O)(=O)NC(=O)c1ccc(cc1OC2CCCCCC2)c3ccc(CCNC[C@H](O)c4ccccc4)cc3,6.66
1531,CHEMBL472090,Cl.CS(=O)(=O)NC(=O)c1ccc(cc1OC2CCCC2)c3ccc(CCNC[C@H](O)c4ccccc4)cc3,6.13
1532,CHEMBL472089,Cl.CCCCCOc1cc(ccc1C(=O)NS(=O)(=O)C)c2ccc(CCNC[C@H](O)c3ccccc3)cc2,6.8
1534,CHEMBL470858,Cl.COc1cc(ccc1C(=O)NS(=O)(=O)C)c2ccc(CCNC[C@H](O)c3ccccc3)cc2,6.14
1547,CHEMBL473495,CC(C)Oc1cc(ccc1C(=O)O)c2ccc(CCNC[C@H](O)c3cnccc3N)cc2,6.89
1548,CHEMBL473702,CC(C)Cc1cc(ccc1C(=O)O)c2ccc(CCNC[C@H](O)c3cnccc3N)cc2,6.82
1549,CHEMBL470857,Nc1ccncc1[C@@H](O)CNCCc2ccc(cc2)c3ccc(C(=O)O)c(OC4CCCCC4)c3,7.41
1554,CHEMBL456352,COc1cc(Oc2ccc3CC[C@@H](Cc3c2)NC[C@H](O)c4cccc(Cl)c4)cc(c1)C(=O)O,6.05
1555,CHEMBL514094,Nc1cc(Oc2ccc3CC[C@@H](Cc3c2)NC[C@H](O)c4cccc(Cl)c4)cc(c1)C(=O)O,6.32
1557,CHEMBL456353,CC(=O)Nc1cc(Oc2ccc3CC[C@@H](Cc3c2)NC[C@H](O)c4cccc(Cl)c4)cc(c1)C(=O)O,6.44
1558,CHEMBL458923,CCCNc1cc(Oc2ccc3CC[C@@H](Cc3c2)NC[C@H](O)c4cccc(Cl)c4)cc(c1)C(=O)O,6.76
1559,CHEMBL509729,O[C@@H](CN[C@H]1CCc2ccc(Oc3cc(NC4CCCCC4)cc(c3)C(=O)O)cc2C1)c5cccc(Cl)c5,7.16
1560,CHEMBL515349,O[C@@H](CN[C@H]1CCc2ccc(Oc3cc(NC4CCOCC4)cc(c3)C(=O)O)cc2C1)c5cccc(Cl)c5,6.47
1561,CHEMBL456578,O[C@@H](CN[C@H]1CCc2ccc(Oc3cccc(c3)C(=O)O)cc2C1)c4ccc(Cl)cc4,6.48
1565,CHEMBL463182,O[C@@H](CN[C@H]1CCc2ccc(Oc3cccc(c3)C(=O)O)cc2C1)c4ccc(Cl)nc4,6.85
1567,CHEMBL463181,CN(C)c1cc(Oc2ccc3CC[C@@H](Cc3c2)NC[C@H](O)c4ccc(Cl)nc4)cc(c1)C(=O)O,6.57
1569,CHEMBL498531,O[C@@H](CN[C@H]1CCCc2ccc(Oc3cccc(c3)C(=O)O)cc2C1)c4cccc(Cl)c4,6.8
1571,CHEMBL498703,O[C@@H](CN[C@H]1CCc2ccc(Oc3ccc(cn3)C(=O)O)cc2C1)c4cccc(Cl)c4,7.16
1577,CHEMBL497280,O[C@@H](CN[C@H]1CCc2ccc(Oc3ccc(s3)C(=O)O)cc2C1)c4cccc(Cl)c4,6.17
1580,CHEMBL498305,O[C@@H](CN[C@H]1CCc2ccc(OCC(=O)O)cc2C1)c3cccc(Cl)c3,5.82
1582,CHEMBL498304,O[C@@H](CN[C@H]1CCc2ccc(cc2C1)c3ccc(cn3)C(=O)O)c4cccc(Cl)c4,6.31
1590,CHEMBL459133,O[C@@H](CN[C@H]1CCc2ccc(cc2C1)c3ccc(cc3F)C(=O)O)c4ccc(Cl)cc4,6.01
1591,CHEMBL458927,Cc1cc(ccc1c2ccc3CC[C@@H](Cc3c2)NC[C@H](O)c4ccc(Cl)cc4)C(=O)O,6.1
1592,CHEMBL457199,CC(C)Oc1cc(ccc1C(=O)O)c2ccc3CC[C@@H](Cc3c2)NC[C@H](O)c4ccc(Cl)cc4,6.51
1594,CHEMBL457629,O[C@@H](CN[C@H]1CCc2ccc(cc2C1)c3ccc(C(=O)O)c(F)c3)c4ccc(Cl)cc4,6.19
1595,CHEMBL514265,Cc1cc(ccc1C(=O)O)c2ccc3CC[C@@H](Cc3c2)NC[C@H](O)c4ccc(Cl)cc4,6.08
1596,CHEMBL516002,O[C@@H](CN[C@H]1CCc2ccc(cc2C1)c3ccc(cc3)C(=O)O)c4ccc(Cl)nc4,6.7
1599,CHEMBL457839,O[C@@H](CN[C@H]1CCc2ccc(cc2C1)c3ccc(cc3)C(=O)O)c4ccc(cc4)C(F)(F)F,6.11
1602,CHEMBL514102,O[C@@H](CN[C@H]1CCc2ccc(cc2C1)c3ccc(cc3)C(=O)O)c4ccc(Cl)cc4,6.04
1603,CHEMBL450842,O[C@@H](CN[C@H]1CCc2ccc(cc2C1)c3ccc(cc3)C(=O)O)c4ccccc4Cl,6.21
1613,CHEMBL466705,O[C@@H](CNCCc1ccc(NC(=O)Cc2ccccn2)cc1)COc3ccc(O)cc3,6.54
1616,CHEMBL466713,O[C@@H](CNCCc1ccc(NC(=O)Cc2ccccn2)cc1)COc3cccnc3,6.75
1617,CHEMBL466519,O[C@@H](CNCCc1ccc(NC(=O)Cc2ccccn2)cc1)COc3cccc4NC(=O)Nc34,6.55
1618,CHEMBL466704,O[C@@H](CNCCc1ccc(NC(=O)Cc2ccccn2)cc1)COc3cccc4[nH]ccc34,5.89
1619,CHEMBL466923,O[C@@H](CNCCc1ccc(NC(=O)Cc2ccccn2)cc1)COc3cccc4[nH]c5ccccc5c34,6.6
1621,CHEMBL466924,Cc1cccnc1CC(=O)Nc2ccc(CCNC[C@H](O)COc3ccccc3)cc2,6.48
1622,CHEMBL466925,Cc1cc(C)nc(CC(=O)Nc2ccc(CCNC[C@H](O)COc3ccccc3)cc2)c1,6.55
1623,CHEMBL466726,O[C@@H](CNCCc1ccc(NC(=O)Cc2cccc(Cl)n2)cc1)COc3ccccc3,7.37
1624,CHEMBL466467,O[C@@H](CNCCc1ccc(NC(=O)Cc2cccc(OCc3ccccc3)n2)cc1)COc4ccccc4,5.6
1625,CHEMBL466879,O[C@@H](CNCCc1ccc(NC(=O)Cc2ncc[nH]2)cc1)COc3ccccc3,5.02
1626,CHEMBL467082,O[C@@H](CNCCc1ccc(NC(=O)Cc2nccn2c3ccccc3)cc1)COc4ccccc4,6.19
1627,CHEMBL467083,O[C@@H](CNCCc1ccc(NC(=O)Cc2nccn2Cc3ccccc3)cc1)COc4ccccc4,6.75
1628,CHEMBL467298,O[C@@H](CNCCc1ccc(NC(=O)Cc2nc3ccccc3n2Cc4ccccc4)cc1)COc5ccccc5,6.85
1629,CHEMBL467301,O[C@@H](CNCCc1ccc(NC(=O)Cc2cn(Cc3ccccc3)cn2)cc1)COc4ccccc4,6.89
1630,CHEMBL467502,O[C@@H](CNCCc1ccc(NC(=O)Cc2nccn2Cc3ccc(Cl)cc3)cc1)COc4ccccc4,6.57
1631,CHEMBL467102,O[C@@H](CNCCc1ccc(NC(=O)Cc2nccn2Cc3ccc(Br)cc3)cc1)COc4ccccc4,6.72
1632,CHEMBL467103,O[C@@H](CNCCc1ccc(NC(=O)Cc2nccn2Cc3ccc4ccccc4c3)cc1)COc5ccccc5,6.59
1633,CHEMBL466088,CC(Cc1ccc(NC(=O)Cc2nccn2Cc3ccccc3)cc1)NC[C@H](O)COc4ccccc4,7.21
1635,CHEMBL467116,CN(C(=O)Cc1nccn1Cc2ccccc2)c3ccc(CCNC[C@H](O)COc4ccccc4)cc3,6.55
1636,CHEMBL467117,CCCN(C(=O)Cc1nccn1Cc2ccccc2)c3ccc(CCNC[C@H](O)COc4ccccc4)cc3,6.3
1637,CHEMBL512099,O[C@@H](CNCCc1ccc2N(CCCc2c1)C(=O)Cc3nccn3Cc4ccccc4)COc5ccccc5,6.77
1662,CHEMBL550746,O[C@@H](CNCCc1ccc(NC(=O)Cc2ccccc2)cc1)COc3ccc(O)cc3,6.12
1663,CHEMBL551831,O[C@@H](CNCCc1ccc(NC(=O)C(c2ccccc2)c3ccccc3)cc1)COc4ccc(O)cc4,6.75
1664,CHEMBL551832,O[C@@H](CNCCc1ccc(NC(=O)C(O)c2ccccc2)cc1)COc3ccc(O)cc3,6.23
1665,CHEMBL550743,NC(C(=O)Nc1ccc(CCNC[C@H](O)COc2ccc(O)cc2)cc1)c3ccccc3,6.18
1666,CHEMBL564544,O[C@@H](CNCCc1ccc(NC(=O)Cc2ccccc2Cl)cc1)COc3ccc(O)cc3,6.14
1667,CHEMBL561348,O[C@@H](CNCCc1ccc(NC(=O)Cc2cccc(Cl)c2)cc1)COc3ccc(O)cc3,7.08
1668,CHEMBL563810,O[C@@H](CNCCc1ccc(NC(=O)Cc2ccc(Cl)cc2)cc1)COc3ccc(O)cc3,6.72
1669,CHEMBL557269,COc1ccccc1CC(=O)Nc2ccc(CCNC[C@H](O)COc3ccc(O)cc3)cc2,6.02
1670,CHEMBL561211,COc1cccc(CC(=O)Nc2ccc(CCNC[C@H](O)COc3ccc(O)cc3)cc2)c1,6.15
1671,CHEMBL551350,COc1ccc(CC(=O)Nc2ccc(CCNC[C@H](O)COc3ccc(O)cc3)cc2)cc1,6.55
1674,CHEMBL564556,O[C@@H](CNCCc1ccc(NC(=O)Cc2cccc3ccccc23)cc1)COc4ccc(O)cc4,6.22
1675,CHEMBL561291,O[C@@H](CNCCc1ccc(NC(=O)Cc2ccc3ccccc3c2)cc1)COc4ccc(O)cc4,6.82
1676,CHEMBL552434,O[C@@H](CNCCc1ccc(NC(=O)CC2C=Nc3ccccc23)cc1)COc4ccc(O)cc4,6.26
1677,CHEMBL539226,O[C@@H](CNCCc1ccc(NC(=O)Cc2cccs2)cc1)COc3ccc(O)cc3,6.26
1678,CHEMBL551892,O[C@@H](CNCCc1ccc(NC(=O)Cc2ccsc2)cc1)COc3ccc(O)cc3,6.31
1680,CHEMBL561818,O[C@@H](CNCCc1ccc(NC(=O)Cc2cccnc2)cc1)COc3ccc(O)cc3,6.04
1681,CHEMBL561693,O[C@@H](CNCCc1ccc(NC(=O)Cc2ccncc2)cc1)COc3ccc(O)cc3,6.59
1682,CHEMBL552089,O[C@@H](CNCCc1ccc(NC(=O)Cc2ccc3ccccc3n2)cc1)COc4ccc(O)cc4,5.77
1683,CHEMBL562153,O[C@@H](CNCCc1ccc(NC(=O)Cc2cc3ccccc3cn2)cc1)COc4ccc(O)cc4,6.46
1685,CHEMBL552497,O[C@@H](CNCCc1ccc(NC(=O)Cc2cnccn2)cc1)COc3ccc(O)cc3,5.51
1710,CHEMBL563872,O[C@@H](CNCCc1ccc(NS(=O)(=O)c2ccccc2)cc1)COc3ccccc3,4.11
1711,CHEMBL1204003,Cl.O[C@H](CNCCc1ccc(cc1)S(=O)(=O)Nc2ccccc2)COc3ccccc3,6.6
1717,CHEMBL1204005,Cl.O[C@@H](CNCCc1ccc(N\C(=N\C#N)\Nc2ccccc2)cc1)COc3ccccc3,7.25
1729,CHEMBL1203995,Cl.COc1ccccc1NC(=S)Nc2ccc(CCNC[C@H](O)COc3ccccc3)cc2,6.47
1767,CHEMBL551532,CC(C)Cc1cc(ccc1C(=O)NS(=O)(=O)C)c2ccc(C[C@@H](C)NC[C@H](O)c3ccccc3)cc2,7.14
1774,CHEMBL561743,CC(C)Oc1cc(ccc1C(=O)NS(=O)(=O)C)c2ccc(CCNC[C@H](O)c3ccc(O)c(NS(=O)(=O)C)c3)cc2,6.82
1775,CHEMBL550871,CC(C)Oc1cc(ccc1C(=O)NS(=O)(=O)C)c2ccc(CCN[C@@H](C)[C@H](O)c3cccc(O)c3)cc2,6.89
1776,CHEMBL551272,CC(C)Oc1cc(ccc1C(=O)NS(=O)(=O)C)c2ccc(CCN[C@@H](C)[C@H](O)c3ccc(O)cc3)cc2,6.54
1777,CHEMBL557253,C[C@H](NCCc1ccc(cc1)c2ccc(C(=O)NS(=O)(=O)C)c(OC3CCCCC3)c2)[C@H](O)c4ccc(O)cc4,6.96
1779,CHEMBL584554,CCN(CC)C(=O)[C@H]1CN([C@@H]2Cc3c[nH]c4cccc(C2=C1)c34)C(=O)Nc5ccccc5,5.24
1830,CHEMBL565747,CC(C)(Cc1ccc(NC(=O)CCCNC(=O)C(N)CCCN)cc1)NCC(O)c2ccc(O)c3NC(=O)COc23,7.62
1831,CHEMBL565770,CC(C)(Cc1ccc(NC(=O)CCCNC(=N)N)cc1)NCC(O)c2cc(O)cc3NC(=O)COc23,7.75
1832,CHEMBL585382,[Cl-].CC(C)(Cc1ccc(NC(=O)CCCNC(=O)C[N+](C)(C)C)cc1)NCC(O)c2cc(O)cc3NC(=O)COc23,7.55
1833,CHEMBL568667,CC(C)(Cc1ccc(NC(=O)CCCN)cc1)NCC(O)c2cc(O)cc3NC(=O)COc23,7.96
1834,CHEMBL576428,CN(C)CC(=O)NCCCC(=O)Nc1ccc(CC(C)(C)NCC(O)c2ccc(O)c3NC(=O)COc23)cc1,8.28
1835,CHEMBL585751,CC(C)(Cc1ccc(NC(=O)CCCNCCCS(=O)(=O)O)cc1)NCC(O)c2ccc(O)c3NC(=O)COc23,8.0
1836,CHEMBL568239,CC(C)(Cc1ccc(NC(=O)CCCNC(=O)CCN)cc1)NCC(O)c2ccc(O)c3NC(=O)COc23,8.34
1837,CHEMBL577702,CC(C)(Cc1ccc(NC(=O)CCCN)cc1)NCC(O)c2ccc(O)c3NC(=O)COc23,8.47
1841,CHEMBL577917,CC(C)(Cc1ccc(NC(=O)CCCNC(=N)N)cc1)NCC(O)c2ccc(O)c3NC(=O)COc23,8.75
1844,CHEMBL587197,[Cl-].CC(C)(Cc1ccc(NC(=O)CCCNC(=O)C[N+](C)(C)C)cc1)NCC(O)c2ccc(O)c3NC(=O)COc23,8.46
1859,CHEMBL467094,COc1cc2CCN(C)C3Cc4cc5OCOc5cc4c(c1OC)c23,5.07
1907,CHEMBL1085898,O[C@@H](CNCCc1ccc(NC(=O)Cc2ccccc2)cc1)c3cccnc3,5.52
1909,CHEMBL1084667,O[C@@H](CNCCc1ccc(NC(=O)Cc2n[nH]c3ccccc23)cc1)c4cccnc4,5.02
1910,CHEMBL1092502,O[C@@H](CNCCc1ccc(NC(=O)Cn2ncc3ccccc23)cc1)c4cccnc4,4.72
1911,CHEMBL1089386,O[C@@H](CNCCc1ccc(NC(=O)Cn2cc3ccccc3n2)cc1)c4cccnc4,5.51
1912,CHEMBL1089387,O[C@@H](CNCCc1ccc(NC(=O)Cn2nc3ccccc3n2)cc1)c4cccnc4,5.12
1913,CHEMBL1089725,O[C@@H](CNCCc1ccc(NC(=O)Cc2oc3ccccc3n2)cc1)c4cccnc4,6.22
1917,CHEMBL1090425,Nc1nc(CC(=O)Nc2ccc(CCNC[C@H](O)c3cccnc3)cc2)cs1,5.08
1918,CHEMBL1090746,O[C@@H](CNCCc1ccc(NC(=O)Cc2csc(n2)c3ccccc3)cc1)c4cccnc4,5.82
1920,CHEMBL1084137,O[C@@H](CNCCc1ccc(NC(=O)Cc2nc(cs2)c3ccccc3)cc1)c4cccnc4,5.96
1923,CHEMBL1085444,O[C@@H](CNCCc1ccc(NC(=O)CN2CC(CC2=O)c3ccccc3)cc1)c4cccnc4,5.85
1924,CHEMBL1077238,O[C@@H](CNCCc1ccc(NC(=O)CN2C=Nc3ccccc3C2=O)cc1)c4cccnc4,5.47
1925,CHEMBL1084144,O[C@@H](CNCCc1ccc(NC(=O)CN2C(=O)N=Cc3ccccc23)cc1)c4cccnc4,5.52
1926,CHEMBL1084145,Cc1sc2N=CN(CC(=O)Nc3ccc(CCNC[C@H](O)c4cccnc4)cc3)C(=O)c2c1C,5.44
1927,CHEMBL1085693,O[C@@H](CNCCc1ccc(NC(=O)c2nc3ccccc3[nH]2)cc1)c4cccnc4,5.07
1929,CHEMBL1085928,O[C@@H](CNCCc1ccc(NC(=O)OCc2nc3ccccc3[nH]2)cc1)c4cccnc4,6.08
1930,CHEMBL1085929,Cn1c(CCC(=O)Nc2ccc(CCNC[C@H](O)c3cccnc3)cc2)nc4ccccc14,4.96
1931,CHEMBL1077273,O[C@@H](CNCCc1ccc(NC(=O)c2cccc3ccnn23)cc1)c4cccnc4,4.8
1942,CHEMBL1089052,CNc1nc(CC(=O)Nc2ccc(CCNC[C@H](O)c3cccnc3)cc2)cs1,6.16
1944,CHEMBL1089395,O[C@@H](CNCCc1ccc(NC(=O)c2ccccc2c3ccccc3)cc1)c4cccnc4,4.89
1945,CHEMBL1089396,O[C@@H](CNCCc1ccc(NC(=O)c2cccc(c2)c3ccccc3)cc1)c4cccnc4,5.31
1946,CHEMBL1089734,O[C@@H](CNCCc1ccc(NC(=O)c2ccc(cc2)c3ccccc3)cc1)c4cccnc4,5.72
1950,CHEMBL1083831,O[C@@H](CNCCc1ccc(NC(=O)c2ccccc2c3nc4ccccc4s3)cc1)c5cccnc5,5.3
1951,CHEMBL1083832,O[C@@H](CNCCc1ccc(NC(=O)c2ccccc2C3CCCCC3)cc1)c4cccnc4,5.22
1953,CHEMBL1078395,O[C@@H](CNCCc1ccc(NC(=O)c2ccccc2CCn3cccc3)cc1)c4cccnc4,4.92
1954,CHEMBL1078465,O[C@@H](CNCCc1ccc(NC(=O)c2ccccc2CCc3ccccc3)cc1)c4cccnc4,5.62
1955,CHEMBL1078575,O[C@@H](CNCCc1ccc(NC(=O)c2ccccc2c3nc4ccccc4[nH]3)cc1)c5cccnc5,5.77
1956,CHEMBL1078495,O[C@@H](CNCCc1ccc(NC(=O)c2ccccc2COc3ccccc3)cc1)c4cccnc4,5.01
1958,CHEMBL1078576,O[C@@H](CNCCc1ccc(NC(=O)c2cccc(c2)c3ncc[nH]3)cc1)c4cccnc4,5.39
1959,CHEMBL1078749,O[C@@H](CNCCc1ccc(NC(=O)c2cccc(CCc3ccccc3)c2)cc1)c4cccnc4,5.4
1960,CHEMBL1078695,O[C@@H](CNCCc1ccc(NC(=O)c2ccc(CCc3ccccc3)cc2)cc1)c4cccnc4,5.72
1961,CHEMBL1078696,Cc1ccc(N2CCCC2)c(c1)C(=O)Nc3ccc(CCNC[C@H](O)c4cccnc4)cc3,4.92
1962,CHEMBL1078876,Cc1ccc(C(=O)Nc2ccc(CCNC[C@H](O)c3cccnc3)cc2)c(c1)N4CCCC4,4.72
1970,CHEMBL1085395,CC(=O)O.OCc1cc(ccc1O)[C@@H](O)CNCCCCCCOCCOCc2ccccc2,7.5
1971,CHEMBL1085638,CC(=O)O.NC(=O)Nc1cccc(COCCOCCCCCCNC[C@H](O)c2ccc(O)c(CO)c2)c1,7.7
1972,CHEMBL1085399,CC(=O)O.CS(=O)(=O)Nc1cccc(COCCOCCCCCCNC[C@H](O)c2ccc(O)c(CO)c2)c1,7.9
1973,CHEMBL1084647,CC(=O)O.OCc1cc(ccc1O)[C@@H](O)CNCCCCCCOCCOCc2c(Cl)cccc2Cl,6.4
1974,CHEMBL1084648,CC(=O)O.OCc1cc(ccc1O)[C@@H](O)CNCCCCCCOCCOCc2cc(Cl)ccc2Cl,7.9
1975,CHEMBL1084891,CC(=O)O.Cc1cc(C)cc(COCCOCCCCCCNC[C@H](O)c2ccc(O)c(CO)c2)c1,8.1
1978,CHEMBL1084655,NS(=O)(=O)c1ccc(COCCOCCCCCCNC[C@H](O)c2ccc(O)c(CO)c2)cc1,7.0
1979,CHEMBL1084656,CC(=O)O.NS(=O)(=O)c1cccc(COCCOCCCCCCNC[C@H](O)c2ccc(O)c(CO)c2)c1,7.3
1980,CHEMBL1086535,OCc1cc(ccc1O)[C@@H](O)CNCCCCCCOCCOCc2ccc(O)cc2,7.1
1981,CHEMBL1086536,CC(=O)O.OCc1cc(ccc1O)[C@@H](O)CNCCCCCCOCCOCc2cccc(O)c2,7.7
1982,CHEMBL1085837,CC(=O)O.OCc1cc(ccc1O)[C@@H](O)CNCCCCCCOCCOCc2cccc3ccccc23,7.9
1988,CHEMBL1083994,CC(C)c1ccc(C)cc1OCC(O)CN2CCC(CN3C(=O)c4cccc5cccc(C3=O)c45)CC2,6.0
1994,CHEMBL1083996,CC(C)c1ccccc1OCC(O)CN2CCC(CN3C(=O)c4cccc5cccc(C3=O)c45)CC2,6.6
1995,CHEMBL1084274,COc1cc(CC=C)ccc1OCC(O)CN2CCC(CN3C(=O)c4cccc5cccc(C3=O)c45)CC2,5.87
1996,CHEMBL1084526,COc1ccc(OCC(O)CN2CCC(CN3C(=O)c4cccc5cccc(C3=O)c45)CC2)c(c1)C(C)(C)C,6.28
1997,CHEMBL1084527,OC(COc1ccc2[nH]ccc2c1)CN3CCC(CN4C(=O)c5cccc6cccc(C4=O)c56)CC3,5.34
2001,CHEMBL1083672,OC(COc1ccccc1CC=C)CN2CCN(CCN3C(=O)c4cccc5cccc(C3=O)c45)CC2,6.53
2002,CHEMBL1083053,CC(C)c1ccccc1OCC(O)CN2CCN(CCN3C(=O)c4cccc5cccc(C3=O)c45)CC2,6.13
2003,CHEMBL1083364,OC(COc1ccccc1CC=C)CN2CCC(CC2)N3C(=O)c4cccc5cccc(C3=O)c45,5.98
2004,CHEMBL1085013,CC(C)c1ccccc1OCC(O)CN2CCC(CC2)N3C(=O)c4cccc5cccc(C3=O)c45,6.62
2005,CHEMBL1085014,OC(COc1ccccc1CC=C)CN2CCC(CN3C(=O)c4cccc5cc(O)cc(C3=O)c45)CC2,6.77
2006,CHEMBL1083366,COc1cc2C(=O)N(CC3CCN(CC(O)COc4ccccc4CC=C)CC3)C(=O)c5cccc(c1)c25,6.52
2007,CHEMBL1083666,COc1cc2C(=O)N(CC3CCN(CC(O)COc4ccccc4C(C)C)CC3)C(=O)c5cccc(c1)c25,6.68
2008,CHEMBL1085016,OC(COc1ccccc1CC=C)CN2CCC(CN3C(=O)c4ccccc4C3=O)CC2,6.72
2009,CHEMBL1085270,CC(C)c1ccccc1OCC(O)CN2CCC(CN3C(=O)c4ccccc4C3=O)CC2,6.14
2010,CHEMBL1085009,OC(COc1ccccc1CC=C)CN2CCC(CN3C(=O)CCCC3=O)CC2,6.36
2011,CHEMBL1085010,CC(C)c1ccccc1OCC(O)CN2CCC(CN3C(=O)CCCC3=O)CC2,6.61
2012,CHEMBL1083667,OC(COc1ccccc1CC=C)CN2CCOCC2,6.94
2014,CHEMBL1083669,CN1CCC(CC1)NCC(O)COc2ccccc2CC=C,6.59
2016,CHEMBL1084706,OC(COc1cccc2[nH]c3ccccc3c12)CN4CCC(CN5C(=O)c6cccc7cc(O)cc(C5=O)c67)CC4,6.6
2031,CHEMBL1214998,C1CCC(CC1)Nc2cc(ccn2)c3cc4cnccc4c(n3)N5CCNCC5,5.63
2033,CHEMBL1214999,NC(=O)c1cc(nc(c1)c2ccnc(NC3CCCCC3)c2)N4CCNCC4,5.08
2039,CHEMBL1221540,CCC(CC)CNC[C@H](O)c1ccc(O)c2NC(=O)Sc12,6.77
2045,CHEMBL1221588,Cc1onc(c1CNC[C@H](O)c2ccc(O)c3NC(=O)Sc23)c4ccccc4,6.05
2048,CHEMBL1221634,O[C@@H](CN[C@@H]1CCCc2ccccc12)c3ccc(O)c4NC(=O)Sc34,6.95
2059,CHEMBL1221733,O[C@@H](CN[C@H]1CCCC[C@@H]1OCc2ccccc2)c3ccc(O)c4NC(=O)Sc34,5.98
2060,CHEMBL1221734,CC1(C)[C@@H]2CC[C@]1(C)[C@H](C2)NC[C@H](O)c3ccc(O)c4NC(=O)Sc34,5.82
2061,CHEMBL1221735,CC1(C)[C@@H]2CC[C@@]1(C)[C@H](C2)NC[C@H](O)c3ccc(O)c4NC(=O)Sc34,6.35
2062,CHEMBL1221736,O[C@@H](CNC1CCCC1C2CCCCC2)c3ccc(O)c4NC(=O)Sc34,6.91
2063,CHEMBL1221801,O[C@@H](CNC1CCCCC1C2CCCCC2)c3ccc(O)c4NC(=O)Sc34,6.18
2064,CHEMBL1221802,O[C@@H](CNC1CCN(CCN2CCCCCC2)CC1)c3ccc(O)c4NC(=O)Sc34,6.73
2077,CHEMBL1258707,OCc1cc(OCC(O)CNC2CCN(CC2)c3ncnc4ccsc34)ccc1O,5.4
2078,CHEMBL1258706,OC(CNC1CCN(CC1)c2ncnc3ccsc23)COc4ccc(O)cc4,5.25
2080,CHEMBL1258598,OCc1cc(OCC(O)CNC2CCN(CC2)c3ncnc4sccc34)ccc1O,5.3
2081,CHEMBL1257674,OC(CNC1CCN(CC1)c2ncnc3sccc23)COc4ccc(O)cc4,5.31
2083,CHEMBL1258485,Cc1csc2ncnc(N3CCC(CC3)NCC(O)COc4ccc(O)c(CO)c4)c12,5.03
2084,CHEMBL1258373,Cc1csc2ncnc(N3CCC(CC3)NCC(O)COc4ccc(O)cc4)c12,5.46
2085,CHEMBL1258372,Cc1csc2ncnc(N3CCC(CC3)NCC(O)COc4ccccc4)c12,6.35
2086,CHEMBL1258260,Cc1c(sc2ncnc(N3CCC(CC3)NCC(O)COc4ccc(O)c(CO)c4)c12)c5ccccc5,5.55
2087,CHEMBL1258259,Cc1c(sc2ncnc(N3CCC(CC3)NCC(O)COc4ccc(O)cc4)c12)c5ccccc5,6.25
2088,CHEMBL1258144,Cc1c(sc2ncnc(N3CCC(CC3)NCC(O)COc4ccccc4)c12)c5ccccc5,6.64
2089,CHEMBL1258143,OCc1cc(OCC(O)CNC2CCN(CC2)c3ncnc4scc(c5cccs5)c34)ccc1O,5.98
2090,CHEMBL1258026,OC(CNC1CCN(CC1)c2ncnc3scc(c4cccs4)c23)COc5ccc(O)cc5,6.89
2092,CHEMBL1257916,OC(CNC1CCN(CC1)c2ncnc3scc(c4ccc(F)cc4)c23)COc5ccc(O)cc5,6.22
2093,CHEMBL1257915,OC(CNC1CCN(CC1)c2ncnc3scc(c4ccc(F)cc4)c23)COc5ccccc5,6.94
2094,CHEMBL1257798,OC(CNC1CCN(CC1)c2ncnc3scc(c4ccccc4)c23)COc5ccc(O)c(c5)C(=O)O,5.17
2095,CHEMBL1257797,CCc1cc(OCC(O)CNC2CCN(CC2)c3ncnc4scc(c5ccccc5)c34)ccc1O,6.54
2096,CHEMBL1257676,CCc1cc(O)ccc1OCC(O)CNC2CCN(CC2)c3ncnc4scc(c5ccccc5)c34,6.63
2097,CHEMBL1257675,COCc1cc(OCC(O)CNC2CCN(CC2)c3ncnc4scc(c5ccccc5)c34)ccc1O,6.32
2098,CHEMBL1257555,OCc1cc(OCC(O)CNC2CCN(CC2)c3ncnc4scc(c5ccccc5)c34)ccc1O,6.2
2099,CHEMBL1257554,OCc1cc(O)ccc1OCC(O)CNC2CCN(CC2)c3ncnc4scc(c5ccccc5)c34,5.83
2100,CHEMBL1257438,OC(CNC1CCN(CC1)c2ncnc3scc(c4ccccc4)c23)COc5ccc(O)c(O)c5,5.07
2101,CHEMBL1257204,OC(CNC1CCN(CC1)c2ncnc3scc(c4ccccc4)c23)COc5cccc(c5)C(=O)N6CCOCC6,5.54
2102,CHEMBL1258940,CNC(=O)c1cccc(OCC(O)CNC2CCN(CC2)c3ncnc4scc(c5ccccc5)c34)c1,5.85
2103,CHEMBL1258825,CC(=O)Nc1cccc(OCC(O)CNC2CCN(CC2)c3ncnc4scc(c5ccccc5)c34)c1,5.7
2104,CHEMBL1258824,NC(=O)Nc1cccc(OCC(O)CNC2CCN(CC2)c3ncnc4scc(c5ccccc5)c34)c1,5.59
2105,CHEMBL1258705,OC(CNC1CCN(CC1)c2ncnc3scc(c4ccccc4)c23)COc5cccc(c5)C#N,6.16
2107,CHEMBL1258597,OC(CNC1CCN(CC1)c2ncnc3scc(c4ccccc4)c23)COc5ccccc5CC=C,6.82
2108,CHEMBL1258596,CCc1ccc(OCC(O)CNC2CCN(CC2)c3ncnc4scc(c5ccccc5)c34)cc1,6.34
2109,CHEMBL1258484,CCc1cccc(OCC(O)CNC2CCN(CC2)c3ncnc4scc(c5ccccc5)c34)c1,6.54
2110,CHEMBL1258371,OCc1cccc(OCC(O)CNC2CCN(CC2)c3ncnc4scc(c5ccccc5)c34)c1,4.46
2111,CHEMBL1258370,OC(CNC1CCN(CC1)c2ncnc3scc(c4ccccc4)c23)COc5ccc(F)cc5,6.57
2112,CHEMBL1258258,OC(CNC1CCN(CC1)c2ncnc3scc(c4ccccc4)c23)COc5cccc(F)c5,6.53
2113,CHEMBL1258257,OC(CNC1CCN(CC1)c2ncnc3scc(c4ccccc4)c23)COc5ccccc5F,6.36
2114,CHEMBL1258142,OC(CNC1CCN(CC1)c2ncnc3scc(c4ccccc4)c23)COc5cccc(OC(F)(F)F)c5,6.0
2115,CHEMBL1258024,COc1cccc(OCC(O)CNC2CCN(CC2)c3ncnc4scc(c5ccccc5)c34)c1,6.03
2116,CHEMBL1258023,COc1ccccc1OCC(O)CNC2CCN(CC2)c3ncnc4scc(c5ccccc5)c34,6.67
2117,CHEMBL1257914,OC(CNC1CCN(CC1)c2ncnc3scc(c4ccccc4)c23)COc5ccc(O)cc5,6.01
2119,CHEMBL1255596,OC(CNC1CCN(CC1)c2ncnc3scc(c4ccccc4)c23)COc5ccccc5,6.8
2167,CHEMBL1684578,O[C@@H](CNCCc1ccc(NS(=O)(=O)c2ccc(cc2)c3nc(cs3)c4ccc(cc4)C(F)(F)F)cc1)c5ccccc5,5.98
2168,CHEMBL1684577,O[C@@H]([C@H]1CCC(Cc2ccc(NS(=O)(=O)c3ccc(cc3)c4nc(cs4)c5ccc(cc5)C(F)(F)F)cc2)N1)c6ccccc6,5.53
2169,CHEMBL1684580,O[C@H]([C@@H]1CCC(Cc2ccc(NS(=O)(=O)c3ccc(cc3)c4nc(cs4)c5ccc(cc5)C(F)(F)F)cc2)N1)c6ccccc6,5.75
2170,CHEMBL1684581,O[C@@H]([C@@H]1CCC(Cc2ccc(NS(=O)(=O)c3ccc(cc3)c4nc(cs4)c5ccc(cc5)C(F)(F)F)cc2)N1)c6ccccc6,5.67
2171,CHEMBL1684582,O[C@H]([C@H]1CCC(Cc2ccc(NS(=O)(=O)c3ccc(cc3)c4nc(cs4)c5ccc(cc5)C(F)(F)F)cc2)N1)c6ccccc6,5.82
2172,CHEMBL1684583,O[C@@H]([C@H]1CC[C@@H](Cc2ccc(NS(=O)(=O)c3ccc(cc3)c4nc(cs4)c5ccc(cc5)C(F)(F)F)cc2)N1)c6ccccc6,5.66
2173,CHEMBL1684584,O[C@@H]([C@H]1CC[C@H](Cc2ccc(NS(=O)(=O)c3ccc(cc3)c4nc(cs4)c5ccc(cc5)C(F)(F)F)cc2)N1)c6ccccc6,6.62
2187,CHEMBL1800935,OCc1cc(ccc1O)C(O)CNCCCCCCCCCCCc2ccccc2,5.64
2188,CHEMBL1807874,CN(CCOCCCNC[C@H](O)c1ccc(O)c2NC(=O)Sc12)CCc3ccccc3,6.7
2193,CHEMBL1807869,O[C@@H](CNCCCSCCNCCc1cccc(Cl)c1)c2ccc(O)c3NC(=O)Sc23,7.0
2196,CHEMBL1807830,O[C@@H](CNCC[S+]([O-])CCCNCCc1cccc(Cl)c1)c2ccc(O)c3NC(=O)Sc23,7.4
2198,CHEMBL1807828,O[C@@H](CNCCSCCCNCCc1ccccc1Cl)c2ccc(O)c3NC(=O)Sc23,7.0
2199,CHEMBL1807827,O[C@@H](CNCCSCCCNCCc1cccc(Cl)c1)c2ccc(O)c3NC(=O)Sc23,7.0
2211,CHEMBL1346,NC(=O)C([C@@H]1CCN(CCc2ccc3OCCc3c2)C1)(c4ccccc4)c5ccccc5,7.4
2241,CHEMBL1814268,CC(=O)O.OCc1cc(ccc1O)[C@@H](O)CNCCCCCCOCCCCc2cccc(c2)N3C(=O)CNC3=O,7.1
2242,CHEMBL1814270,OCc1cc(ccc1O)[C@@H](O)CNCCCCCCOCCCCc2ccccc2N3C(=O)CNC3=O,6.7
2243,CHEMBL1814269,CC(=O)O.OCc1cc(ccc1O)[C@@H](O)CNCCCCCCOCCCCc2ccc(cc2)N3C(=O)CNC3=O,7.1
2244,CHEMBL1814271,CC(=O)O.CC1(C)NC(=O)N(C1=O)c2cccc(CCCCOCCCCCCNC[C@H](O)c3ccc(O)c(CO)c3)c2,6.7
2245,CHEMBL1814272,CC(=O)O.OCc1cc(ccc1O)[C@@H](O)CNCCCCCCOCCCCc2cccc(c2)N3CC(=O)NC3=O,6.7
2246,CHEMBL1814273,CC(=O)O.OCc1cc(ccc1O)[C@@H](O)CNCCCCCCOCCCCc2cccc(CN3C(=O)CNC3=O)c2,6.9
2247,CHEMBL1814274,CC(=O)O.OCc1cc(ccc1O)[C@@H](O)CNCCCCCCOCCCCc2cccc(CN3CC(=O)NC3=O)c2,7.1
2248,CHEMBL1814275,OCc1cc(ccc1O)[C@@H](O)CNCCCCCCOCCCCc2cccc(CN3C(=O)NC(=O)C3=O)c2.OC=O,7.3
2249,CHEMBL1814276,CC(=O)O.NC(=O)CN1C(=O)CN(C1=O)c2cccc(CCCCOCCCCCCNC[C@H](O)c3ccc(O)c(CO)c3)c2,6.8
2250,CHEMBL1814277,OCc1cc(ccc1O)[C@@H](O)CNCCCCCCOCCCCc2cccc(c2)N3C(=O)NC=CC3=O,6.6
2251,CHEMBL1814267,CC(=O)O.OCc1cc(ccc1O)[C@@H](O)CNCCCCCCOCCCCc2cccc(c2)N3C=CC(=O)NC3=O,7.3
2252,CHEMBL1814279,OCc1cc(ccc1O)[C@@H](O)CNCCCCCCOCCCCc2cccc(NC(=O)NCC(=O)O)c2,6.9
2262,CHEMBL1824264,COc1ccc2N=C(N(C)C(=O)c2c1)c3ccc(OCC(O)CNC(C)C)cc3,5.62
2263,CHEMBL1824265,COc1ccc2N=C(N(C)C(=O)c2c1)c3ccc(OCC(O)CNC(C)CF)cc3,5.64
2264,CHEMBL1824266,COc1ccc2N=C(N(C)C(=O)c2c1)c3ccc(OC[C@@H](O)CNC(C)CF)cc3,5.52
2288,CHEMBL1830487,O[C@@H](CNCCCCCCCCNC(=O)CCCCCNC(=O)COc1ccc(\C=C\c2ccc3C=C4C=CC(=[N+]4[B-](F)(F)n23)c5cccs5)cc1)COc6cccc7ccccc67,6.1
2331,CHEMBL1835856,CCNC(=O)Nc1ccc(CCCCOCCCCCCNC[C@H](O)c2ccc(O)c(CO)c2)cc1.CC(=O)O,7.5
2332,CHEMBL1835858,CCNC(=O)NCc1cccc(CCCCOCCCCCCNC[C@H](O)c2ccc(O)c(CO)c2)c1.CC(=O)O,7.5
2333,CHEMBL1835859,NC(=O)CNC(=O)Nc1cccc(CCCCOCCCCCCNC[C@H](O)c2ccc(O)c(CO)c2)c1.OC=O,7.5
2334,CHEMBL1835860,CC(=O)O.OCc1cc(ccc1O)[C@@H](O)CNCCCCCCOCCCCc2cccc(NC(=O)NCC(=O)NC3CCCC3)c2,8.0
2335,CHEMBL1835861,CC(=O)O.NC(=O)Nc1cc(CCCCOCCCCCCNC[C@H](O)c2ccc(O)c(CO)c2)cc(c1)C(F)(F)F,7.3
2336,CHEMBL1835862,CC(=O)O.Cc1cc(CCCCOCCCCCCNC[C@H](O)c2ccc(O)c(CO)c2)cc(NC(=O)N)c1,7.4
2338,CHEMBL1835857,CC(=O)O.NC(=O)NCc1cccc(CCCCOCCCCCCNC[C@H](O)c2ccc(O)c(CO)c2)c1,8.1
2339,CHEMBL1835854,CCNC(=O)Nc1cccc(CCCCOCCCCCCNC[C@H](O)c2ccc(O)c(CO)c2)c1.CC(=O)O,7.5
2340,CHEMBL1835853,CC(=O)O.NC(=O)Nc1cccc(CCCCOCCCCCCNC[C@H](O)c2ccc(O)c(CO)c2)c1,7.2
2341,CHEMBL1835855,CC(=O)O.OCc1cc(ccc1O)[C@@H](O)CNCCCCCCOCCCCc2cccc(NC(=O)NC3CCCCC3)c2,8.1
2344,CHEMBL1200811,O.COc1ccc(C[C@@H](C)NC[C@H](O)c2ccc(O)c(NC=O)c2)cc1.OC(=O)\C=C\C(=O)O,7.4
2446,CHEMBL493,CC(C)C[C@@H]1N2C(=O)[C@](NC(=O)[C@H]3CN(C)[C@@H]4Cc5c(Br)[nH]c6cccc(C4=C3)c56)(O[C@@]2(O)[C@@H]7CCCN7C1=O)C(C)C,5.62
2498,CHEMBL296419,COc1ccc(CCN2CCC(CC2)Nc3nc4ccccc4n3Cc5ccc(F)cc5)cc1,4.76
2506,CHEMBL357995,Cc1cc2c(OCC(CNC(C)(C)C)OC(=O)c3ccccc3)cccc2[nH]1,7.33
2600,CHEMBL633,CCCCc1oc2ccccc2c1C(=O)c3cc(I)c(OCCN(CC)CC)c(I)c3,4.36
2716,CHEMBL768,COC(=O)CCc1ccc(OCC(O)CNC(C)C)cc1,6.71
2734,CHEMBL808,Clc1ccc(COC(Cn2ccnc2)c3ccc(Cl)cc3Cl)cc1,4.89
2896,CHEMBL442,CN1C[C@@H](C=C2[C@H]1Cc3c[nH]c4cccc2c34)C(=O)N[C@]5(C)O[C@@]6(O)[C@@H]7CCCN7C(=O)[C@H](Cc8ccccc8)N6C5=O,5.38
3030,CHEMBL1902627,CC(C)NCC(O)c1ccccc1Cl,5.59
3092,CHEMBL104,Clc1ccccc1C(c2ccccc2)(c3ccccc3)n4ccnc4,4.95
3130,CHEMBL411,CC\C(=C(\CC)/c1ccc(O)cc1)\c2ccc(O)cc2,4.66
3202,CHEMBL723,COc1ccccc1OCCNCC(O)COc2cccc3[nH]c4ccccc4c23,9.75
3300,CHEMBL275742,CC(C)NC[C@@H](O)COc1cccc2ccccc12,6.43
3330,CHEMBL631,CCCNCC(O)COc1ccccc1C(=O)CCc2ccccc2,6.45
3495,CHEMBL1201237,CC(C)(C)NC[C@H](O)COc1cccc2C(=O)CCCc12,8.16
3517,CHEMBL91,Clc1ccc(COC(Cn2ccnc2)c3ccc(Cl)cc3Cl)c(Cl)c1,4.9
3562,CHEMBL157138,CCN(CC)C(=O)N[C@@H]1CN(C)[C@@H]2Cc3c[nH]c4cccc(C2=C1)c34,6.25
3622,CHEMBL429,CC(CCc1ccccc1)NCC(O)c2ccc(O)c(c2)C(=O)N,8.0
3886,CHEMBL83,CC\C(=C(/c1ccccc1)\c2ccc(OCCN(C)C)cc2)\c3ccccc3,4.76
4089,CHEMBL1940830,OCc1cc(ccc1O)[C@@H](O)CNCCc2ccc(NC[C@H](O)c3ccccc3)cc2,6.6
4090,CHEMBL1940831,OCc1cc(ccc1O)[C@@H](O)CNCCc2ccc(NC[C@@H](O)c3ccccc3)cc2,6.6
4091,CHEMBL1940832,O[C@@H](CNCCc1ccc(NC[C@H](O)c2ccccc2)cc1)c3ccc(O)c(NC=O)c3,7.6
4095,CHEMBL1944689,O[C@@H](CNCCc1ccc(CNCCc2c(Cl)cccc2Cl)cc1)c3ccc(O)c4NC(=O)Sc34,6.4
4096,CHEMBL1944690,O[C@@H](CNCCc1cccc(CNCCc2ccccc2Cl)c1)c3ccc(O)c4NC(=O)Sc34,6.8
4098,CHEMBL1944692,O[C@@H](CNCCc1ccc(CNCCc2ccccc2F)cc1)c3ccc(O)c4NC(=O)Sc34,6.4
4099,CHEMBL1944693,COc1ccccc1CCNCc2cccc(CCNC[C@H](O)c3ccc(O)c4NC(=O)Sc34)c2,6.6
4100,CHEMBL1944694,COc1ccccc1CCNCc2ccc(CCNC[C@H](O)c3ccc(O)c4NC(=O)Sc34)cc2,6.5
4101,CHEMBL1944695,O[C@@H](CNCCc1ccc(CNCCc2ccccc2)cc1)c3ccc(O)c4NC(=O)Sc34,6.4
4103,CHEMBL1945032,Cc1cccc2c(CCNCc3ccc(CCNC[C@H](O)c4ccc(O)c5NC(=O)Sc45)cc3)c[nH]c12,6.5
4104,CHEMBL1945033,O[C@@H](CNCCc1cccc(CNCCc2ccccn2)c1)c3ccc(O)c4NC(=O)Sc34,6.8
4107,CHEMBL1945036,CC(CNCc1ccc(CCNC[C@H](O)c2ccc(O)c3NC(=O)Sc23)cc1)c4ccccc4,6.3
4111,CHEMBL1945040,COc1ccccc1CNCc2ccc(CCNC[C@H](O)c3ccc(O)c4NC(=O)Sc34)cc2,5.9
4118,CHEMBL1945291,COc1ccccc1CN(C)Cc2cccc(CCNC[C@H](O)c3ccc(O)c4NC(=O)Sc34)c2,6.7
4119,CHEMBL1945292,COCCNCc1cccc(CCNC[C@H](O)c2ccc(O)c3NC(=O)Sc23)c1,6.8
4120,CHEMBL1945293,COCCNCc1ccc(CCNC[C@H](O)c2ccc(O)c3NC(=O)Sc23)cc1,6.1
4121,CHEMBL1945294,O[C@@H](CNCCc1cccc(CN2CCCC2)c1)c3ccc(O)c4NC(=O)Sc34,6.5
4125,CHEMBL1945298,O[C@@H](CNCCOc1cccc(CNCCc2ccccc2F)c1)c3ccc(O)c4NC(=O)Sc34,6.7
4128,CHEMBL1945503,O[C@@H](CNCCc1cccc(CNCCc2ccccn2)c1)c3ccc(O)c4NC(=O)C=Cc34,5.5
4129,CHEMBL1945504,COc1ccccc1CNCc2ccc(CCNC[C@@H](O)c3ccc(O)c4NC(=O)Sc34)cc2,5.9
4198,CHEMBL2088196,CCc1cc2CC(Cc2cc1CC)NCC(O)c3ccc(O)c4NC(=O)C(=Cc34)C,6.64
4199,CHEMBL2088197,CCc1cc2CC(Cc2cc1CC)NC[C@H](O)c3ccc(O)c4NC(=O)CCc34,6.74
4200,CHEMBL2088198,CCc1cc2CC(Cc2cc1CC)NCCc3ccc(O)c4NC(=O)C=Cc34,6.32
4201,CHEMBL2088199,CCCCc1ccc2CC(Cc2c1)NC[C@H](O)c3ccc(O)c4NC(=O)C=Cc34,6.59
4202,CHEMBL2088200,Cc1c(C)c(C)c2CC(Cc2c1C)NC[C@H](O)c3ccc(O)c4NC(=O)C=Cc34,6.38
4204,CHEMBL2088202,CCC1=C(CC)CC2=C(CC(C2)NC[C@H](O)c3ccc(O)c4NC(=O)C=Cc34)C1,6.88
4206,CHEMBL2158704,COc1ccc(cc1)N2CCN(CC[C@@H](OC(=O)N)c3ccccc3)CC2,6.06
4262,CHEMBL1559535,Cc1cc(nc2ccccc12)N3CCNCC3,6.66
4264,CHEMBL2335167,CC1CCc2c(C1)sc3nc(C)nc(N4CCNCC4)c23,6.17
4265,CHEMBL2335166,CSc1nc(N2CCNCC2)c3sc4CCCCc4c3n1,6.7
4266,CHEMBL2335165,Cc1cc(N2CCNCC2)c3ccccc3n1,5.8
4267,CHEMBL2335164,C1CN(CCN1)c2ccc3cccc(c4cccs4)c3n2,6.6
4270,CHEMBL2335163,COc1cc(OC)cc(c1)N2CCNCC2,5.8
4271,CHEMBL2335162,FC(F)(F)c1cc(cc(c1)C(F)(F)F)N2CCNCC2,5.9
4272,CHEMBL2335161,Cc1cccc(N2CCNCC2)c1C,6.27
4273,CHEMBL2335160,Cc1ccc(cc1C)N2CCNCC2,6.13
4274,CHEMBL2335159,Clc1ccc(cc1Cl)N2CCNCC2,6.67
4275,CHEMBL1424807,Clc1cccc(N2CCNCC2)c1Cl,6.97
4277,CHEMBL2335157,FC(F)(F)c1ccnc(n1)N2CCNCC2,5.6
4278,CHEMBL2335156,FC(F)(F)c1ccnc(c1)N2CCNCC2,5.63
4280,CHEMBL18772,C1CN(CCN1)c2ccc3ccccc3n2,5.2
4281,CHEMBL282614,C1CN(CCN1)c2cccc3OCCOc23,4.8
4321,CHEMBL2348209,OC(CNCCNC(=O)Nc1ccccc1O)COc2ccc(OCCOC3CCCC3)cc2,6.99
4324,CHEMBL2348206,OC(CNCCNC(=O)Nc1ccccc1C(F)(F)F)COc2ccc(OCCOC3CCCC3)cc2,6.94
4351,CHEMBL30713,CC(N)Cc1c[nH]c2ccccc12,5.42
4433,CHEMBL3128185,O[C@@H]([C@H]1CC[C@@H](Cc2ccc(NC(=O)[C@@H]3CCc4sc(nc34)c5ccc(F)cc5)cc2)N1)c6cccnc6,4.88
4434,CHEMBL3128184,O[C@@H]([C@H]1CC[C@@H](Cc2ccc(NC(=O)[C@@H]3CCc4sc(nc34)c5ccc(F)cc5)cc2)N1)c6ccccc6,5.36
4436,CHEMBL3126387,OCc1cc(ccc1O)[C@@H](O)CNCCCCCCOCCCCc2ccc3CCCS(=O)(=O)c3c2.OC=O,5.7
4438,CHEMBL3126386,CC(=O)O.OCc1cc(ccc1O)[C@@H](O)CNCCCCCCOCCCCc2ccc3CCS(=O)(=O)c3c2,5.7
4439,CHEMBL3124955,CC(=O)O.OCc1cc(ccc1O)[C@@H](O)CNCCCCCCOCCCCc2cccc(c2)S(=O)(=O)C3CC=CC3,6.3
4440,CHEMBL3126385,CC(=O)O.OCc1cc(ccc1O)[C@@H](O)CNCCCCCCOCCCCc2cccc(c2)S(=O)(=O)C3CCCCC3,6.6
4441,CHEMBL3126384,CC(=O)O.OCc1cc(ccc1O)[C@@H](O)CNCCCCCCOCCCCc2ccc(cc2)S(=O)(=O)C3CCCC3,6.0
4442,CHEMBL3126383,CC(=O)O.Cc1cc(CCCCOCCCCCCNC[C@H](O)c2ccc(O)c(CO)c2)cc(c1)S(=O)(=O)C3CCCC3,6.8
4443,CHEMBL3126382,CC(=O)O.OCc1cc(ccc1O)[C@@H](O)CNCCCCCCOCCCCc2cccc(c2)S(=O)(=O)C3CCCC3,6.3
4444,CHEMBL3126381,CC(=O)O.CS(=O)(=O)c1ccc(CCCCOCCCCCCNC[C@H](O)c2ccc(O)c(CO)c2)cc1,5.2
4487,CHEMBL3290975,OCc1cc(ccc1O)C(O)CNCCc2ccc(cc2)N3CCC(Cc4ccccc4)CC3,4.1
4494,CHEMBL3290982,OCc1cc(ccc1O)C(O)CNCCc2ccc(Nc3ccc(Oc4ccccc4)cc3)cc2,5.2
4495,CHEMBL3290983,OCc1cc(ccc1O)C(O)CNCCc2ccc(Nc3ccc4ccccc4c3)cc2,4.9
4496,CHEMBL3290984,COc1ccc(Nc2ccc(CCNCC(O)c3ccc(O)c(CO)c3)cc2)cc1,4.5
4497,CHEMBL3290985,OCc1cc(ccc1O)C(O)CNCCc2ccc(Nc3cccc4ccccc34)cc2,4.5
4498,CHEMBL3290986,OCc1cc(ccc1O)C(O)CNCCc2ccc(Nc3ccc4CCCc4c3)cc2,4.6
4499,CHEMBL3290987,OCc1cc(ccc1O)C(O)CNCCc2ccc(Nc3ccc(cc3)c4ccccc4)cc2,4.9
4500,CHEMBL3290988,OCc1cc(ccc1O)C(O)CNCCc2ccc(Nc3cccc(c3)c4ccccc4)cc2,4.9
4501,CHEMBL3290989,COc1ccc(Nc2ccc(CCNCC(O)c3ccc(O)c(CO)c3)cc2)cc1c4ccccc4,4.7
4502,CHEMBL3290990,COc1cccc(Nc2ccc(CCNCC(O)c3ccc(O)c(CO)c3)cc2)c1,4.9
4503,CHEMBL3290991,CCOc1ccc(Nc2ccc(CCNCC(O)c3ccc(O)c(CO)c3)cc2)cc1,4.5
4504,CHEMBL3290992,CSc1ccc(Nc2ccc(CCNCC(O)c3ccc(O)c(CO)c3)cc2)cc1,5.1
4505,CHEMBL3290993,CC(C)Oc1ccc(Nc2ccc(CCNCC(O)c3ccc(O)c(CO)c3)cc2)cc1,4.8
4506,CHEMBL3290994,OCc1cc(ccc1O)C(O)CNCCc2ccc(Nc3ccc(O)cc3)cc2,4.4
4507,CHEMBL3290995,OCc1cc(ccc1O)C(O)CNCCc2ccc(Nc3ccc(F)cc3)cc2,5.1
4508,CHEMBL3290996,COC(=O)c1ccc(Nc2ccc(CCNCC(O)c3ccc(O)c(CO)c3)cc2)cc1,5.0
4512,CHEMBL3290998,COc1ccc(Nc2ccc(CCNC[C@H](O)c3ccc(O)c(NC=O)c3)cc2)cc1c4ccccc4,8.0
4513,CHEMBL3290999,COc1ccc(Nc2ccc(CCNC[C@H](O)c3ccc(O)c4NC(=O)C=Cc34)cc2)cc1c5ccccc5,8.1
4519,CHEMBL3298324,COc1ccc(Nc2ccc(CCNC[C@H](O)c3ccc(O)c4NC(=O)C=Cc34)cc2)cc1c5ccccc5CN,8.6
4520,CHEMBL3298325,COc1ccc(Nc2ccc(CCNC[C@H](O)c3ccc(O)c4NC(=O)C=Cc34)cc2)cc1c5cccc(CN)c5,8.4
4521,CHEMBL3298326,COc1ccc(Nc2ccc(CCNC[C@H](O)c3ccc(O)c4NC(=O)C=Cc34)cc2)cc1c5ccc(CN)cc5,8.6
4524,CHEMBL3298328,NCCOc1ccc(Nc2ccc(CCNC[C@H](O)c3ccc(O)c4NC(=O)C=Cc34)cc2)cc1,8.1
4525,CHEMBL3298329,NCCCOc1ccc(Nc2ccc(CCNC[C@H](O)c3ccc(O)c4NC(=O)C=Cc34)cc2)cc1,8.1
4526,CHEMBL3298330,NCCCCOc1ccc(Nc2ccc(CCNC[C@H](O)c3ccc(O)c4NC(=O)C=Cc34)cc2)cc1,8.1
4527,CHEMBL3298691,NCCOCCOc1ccc(Nc2ccc(CCNC[C@H](O)c3ccc(O)c4NC(=O)C=Cc34)cc2)cc1,8.1
4528,CHEMBL3298692,CC(C)(C)OC(=O)NCCOc1ccc(Nc2ccc(CCNC[C@H](O)c3ccc(O)c4NC(=O)C=Cc34)cc2)cc1,7.9
4529,CHEMBL3298762,O[C@@H](CNCCc1ccc(Nc2ccc(OCCNC(=O)c3ccccc3)cc2)cc1)c4ccc(O)c5NC(=O)C=Cc45,8.7
4530,CHEMBL3298831,O[C@@H](CNCCc1ccc(Nc2ccc(OCCN3CCOCC3)cc2)cc1)c4ccc(O)c5NC(=O)C=Cc45,7.9
4531,CHEMBL3298832,CS(=O)(=O)N1CCN(CCOc2ccc(Nc3ccc(CCNC[C@H](O)c4ccc(O)c5NC(=O)C=Cc45)cc3)cc2)CC1,8.1
4532,CHEMBL3298897,O[C@@H](CNCCc1ccc(Nc2ccc(OCCN3CCNCC3)cc2)cc1)c4ccc(O)c5NC(=O)C=Cc45,8.0
4533,CHEMBL3298986,CC(C)(N)COc1ccc(Nc2ccc(CCNC[C@H](O)c3ccc(O)c4NC(=O)C=Cc34)cc2)cc1,8.2
4534,CHEMBL3298987,CC(C)(N)COc1ccc(Nc2ccc(CCNC[C@H](O)c3ccc(O)c4NC(=O)C=Cc34)cc2)cc1c5ccccc5,8.8
4535,CHEMBL3298213,CC(C)(N)COc1ccc(Nc2ccc(CCNC[C@H](O)c3ccc(O)c(NC=O)c3)cc2)cc1,8.2
4544,CHEMBL3323664,CCOc1cccc(c1)[C@H]2CCC[C@H]2NC[C@H](O)c3ccc(O)c4NC(=O)Sc34,6.36
4546,CHEMBL3323662,Cc1ccc(cc1)[C@H]2CCC[C@H]2NC[C@H](O)c3ccc(O)c4NC(=O)Sc34,6.47
4552,CHEMBL3323656,O[C@@H](CN[C@H]1CCC[C@H]1C2CCCCC2)c3ccc(O)c4NC(=O)Sc34,6.41
4581,CHEMBL3704833,OC(CNCC(=O)N1CCCC1C#N)COc2ccccc2,5.01
4583,CHEMBL3735756,COc1ccc(CCN(CCCc2ccccc2)CCc3ccc4OCOc4c3)cc1OC,5.73
4585,CHEMBL3736433,CB1Nc2c(OCC(O)CN(C)C)cccc2C=C1,6.2
4586,CHEMBL3736156,CB1Nc2cccc(OCC(O)CN(C)C)c2C=C1,6.7
