,molecule_chembl_id,canonical_smiles,pchembl_value
0,losartan,CCCCC1=NC(Cl)=C(CO)N1CC1=CC=C(C=C1)C1=C(C=CC=C1)C1=NN=NN1,8.43
1,telmisartan,CCCC1=NC2=C(C=C(C=C2C)C2=NC3=C(C=CC=C3)N2C)N1CC1=CC=C(C=C1)C1=C(C=CC=C1)C(O)=O,9.48
2,saralasin,CNCC(=O)N[C@@H](CCCNC(N)=N)C(=O)N[C@@H](C(C)C)C(=O)N[C@@H](CC1=CC=C(O)C=C1)C(=O)N[C@@H](C(C)C)C(=O)N[C@@H](CC1=CNC=N1)C(=O)N1CCC[C@H]1C(=O)N[C@@H](C)C(O)=O,9.82
3,CHEMBL286134,CCCCC1=NC2(CCCC2)C(=O)N1Cc3ccc(cc3)c4ccccc4S(=O)(=O)NC(=O)c5ccccc5,7.0
4,CHEMBL290214,CCCCOC(=O)NS(=O)(=O)c1ccc(Cc2cccc(OC)c2)cc1c3ccc(Cn4c(CC)nc5c(C)cc(C)nc45)cc3,7.0
5,CHEMBL71069,CCCc1nc(CN(Cc2ccccc2)C(=O)c3ccccc3)c(C(=O)O)n1Cc4ccc(cc4)c5ccccc5S(=O)(=O)NC(=O)OCC(C)C,7.0
6,CHEMBL304137,CCCCN(Cc1ccccc1)Cc2nc(CCC)n(Cc3ccc(cc3)c4ccccc4c5nn[nH]n5)c2C(=O)O,7.05
7,CHEMBL304620,CCCCN(Cc1nc(CCC)n(Cc2ccc(cc2)c3ccccc3S(=O)(=O)NC(=O)CCC)c1C(=O)O)C(=O)CCC,7.05
8,CHEMBL308361,CCCCOC(=O)NS(=O)(=O)c1ccccc1c2ccc(Cn3c(CCC)nc(CN4CCN(CC4)c5ccccn5)c3C(=O)O)cc2,7.05
9,CHEMBL409843,CCCCOC(=O)NS(=O)(=O)c1sc(CC(C)C)cc1c2ccc(CN3C(=Nc4ccc(NC(=O)c5ccccc5)cc4C3=O)CCC)cc2,7.07
10,CHEMBL217752,CCCCOC(=O)NS(=O)(=O)c1sc(CCOC)cc1c2ccc(Cn3ccnc3)cc2,7.07
11,CHEMBL386718,CCCCS(=O)(=O)NC(=O)c1sc(CC(C)C)cc1c2ccc(Cn3ccnc3)cc2,7.1
12,CHEMBL306216,CCCc1nc(CN2CCN(CC2)c3ccc(F)cc3)c(C(=O)O)n1Cc4ccc(cc4)c5ccccc5c6nn[nH]n6,7.1
13,CHEMBL309165,CCCc1nc(CN2CCN(CC2)c3ncccn3)c(C(=O)O)n1Cc4ccc(cc4)c5ccccc5c6nn[nH]n6,7.1
14,CHEMBL2435823,CCCc1nc2c(C)cc(NC(=O)CC)cc2n1Cc3ccc(cc3)c4ccccc4C(=O)O,7.11
15,CHEMBL2435827,CCCc1nc2c(C)cc(NC(=O)Cc3ccccc3)cc2n1Cc4ccc(cc4)c5ccccc5C(=O)O,7.11
16,CHEMBL507053,CO\C(=C/1\NC(=O)[C@@H](NC(=O)c2csc(n2)c3cc(O)c(nc3c4csc(n4)[C@@H]5COC(=O)c6c7CO[C@@H]([C@H](NC(=O)c8csc1n8)c9nc(cs9)C(=O)N5)[C@H](O[C@H]%10C[C@](C)(O)[C@@H]([C@H](C)O%10)N(C)C)C(=O)OCc%11cccc(c7%11)n6O)c%12nc(cs%12)C(=O)NCCNC(=O)CN(C)C)[C@@H](C)O)\C,7.11
17,CHEMBL385714,CCCCS(=O)(=O)NS(=O)(=O)c1sc(CC(C)C)cc1c2ccc(Cn3ccnc3)cc2,7.12
18,CHEMBL215159,CC(C)Cc1cc(c2ccc(Cn3ccnc3)cc2)c(s1)S(=O)(=O)NC(=O)OC(C)C,7.13
19,CHEMBL191468,CCCCOC(=O)NS(=O)(=O)c1sc(CC(C)C)cc1c2ccc(CC#N)cc2,7.16
20,CHEMBL309367,CCCc1nc(CN2CCN(C[C@H]2C)c3ccccc3)c(C(=O)O)n1Cc4ccc(cc4)c5ccccc5c6nn[nH]n6,7.16
21,CHEMBL155938,COc1ccc2CN(C(Cc2c1OCc3ccccc3)C(=O)O)C(=O)Cc4c(Cl)cccc4Cl,7.16
22,CHEMBL292277,Cc1cc(Cn2cnc3CN([C@@H](Cc23)C(=O)O)C(=O)C(c4ccccc4)c5ccccc5)ccc1N,7.18
23,CHEMBL535139,Cl.Cc1cc(Cn2cnc3CN(C(Cc23)C(=O)O)C(=O)C(c4ccccc4)c5ccccc5)ccc1N,7.18
24,CHEMBL17487,CCC1=Nc2ccc(NC(=O)N3CCOCC3)cc2C(=O)N1Cc4ccc(cc4F)c5ccccc5S(=O)(=O)NC(=O)OCCC(C)C,7.19
25,CHEMBL311484,CCNC(=O)Nc1ccc2N=C(CC)N(Cc3ccc(cc3F)c4ccccc4S(=O)(=O)NC(=O)c5ccccc5F)C(=O)c2c1,7.19
26,CHEMBL386671,CC(C)Cc1cc(c2ccc(Cn3ccnc3)cc2)c(s1)S(=O)(=O)NC(=O)OC(C)(C)C,7.2
27,CHEMBL74476,CCCCOC(=O)NS(=O)(=O)c1ccccc1c2ccc(CN3C(=Nc4ccc(NC(=O)N(C)C(C)C)cc4C3=O)CCCC)cc2,7.22
28,CHEMBL308703,CCCc1nc(CN2CCN(CC2)c3ccccn3)c(C(=O)O)n1Cc4ccc(cc4)c5ccccc5c6nn[nH]n6,7.22
29,CHEMBL2435834,CCCc1nc2c(C)cc(cc2n1Cc3ccc(cc3)c4ccccc4C(=O)O)C(=O)Nc5ccc(C)cc5,7.22
30,CHEMBL1791259,CC[C@@H](C)[C@H](N1Cc2cc(NC(=O)[C@H](CCCN=C(N)N)NC(=O)[C@@H](N)CC(=O)O)ccc2[C@@H](Cc3ccc(O)cc3)C1=O)C(=O)N[C@@H](Cc4c[nH]cn4)C(=O)N5CCC[C@H]5C(=O)N[C@@H](Cc6ccccc6)C(=O)O,7.22
31,CHEMBL155987,COc1cc2CN(C(Cc2cc1OCc3ccccc3)C(=O)O)C(=O)C(c4ccccc4)c5ccccc5,7.23
32,CHEMBL2435824,CCCC(=O)Nc1cc(C)c2nc(CCC)n(Cc3ccc(cc3)c4ccccc4C(=O)O)c2c1,7.28
33,CHEMBL425077,CC[C@H](C)[C@@H]1Nc2c(Cc3ccc(O)cc3)cc(NC(=O)[C@H](CCCN=C(N)N)NC(=O)[C@@H](N)CC(=O)O)cc2CN(CC(=O)N4CCC[C@H]4C(=O)N[C@@H](Cc5ccccc5)C(=O)O)C1=O,7.28
34,CHEMBL1668009,CCCCc1nc(Cl)c2C(=CCC(c3ccc(cc3)c4ccccc4c5nnn[nH]5)n12)C(=O)O,7.3
35,CHEMBL307756,CCCc1nc(CN2CCN(CC2)c3ccccc3)c(C(=O)O)n1Cc4ccc(cc4)c5ccccc5c6nn[nH]n6,7.3
36,CHEMBL289211,CCCCOC(=O)NS(=O)(=O)c1sc(CC(C)C)cc1c2ccc(CN3C(=Nc4ccc(cc4C3=O)N(Cc5ccccc5)C(=O)C)CCC)cc2,7.32
37,CHEMBL432095,CCCCOC(=O)NS(=O)(=O)c1sc(CC(C)C)cc1c2ccc(CN3C(=Nc4ccc(cc4C3=O)N(Cc5ccccc5)C(=O)CCCC)CCC)cc2,7.34
38,CHEMBL328480,CCCCc1nc(SC)c(C(=O)n2cnnn2)n1Cc3ccc(cc3)c4ccccc4S(=O)(=O)NC(=O)NCc5ccccc5,7.36
39,CHEMBL2435833,CCCc1nc2c(C)cc(cc2n1Cc3ccc(cc3)c4ccccc4C(=O)O)C(=O)N5CCCCC5,7.38
40,CHEMBL194864,N[C@@H](CC(=O)O)C(=O)N[C@@H](CCCN=C(N)N)C(=O)Nc1cc(Cc2ccc(O)cc2)cc(c1)C(=O)N[C@@H](Cc3c[nH]cn3)C(=O)N4CCC[C@H]4C(=O)N[C@@H](Cc5ccccc5)C(=O)O,7.38
41,CHEMBL219839,OC(=O)[C@H](Cc1ccccc1)NC(=O)c2cccc(Cc3cnc[nH]3)c2,7.39
42,CHEMBL156587,COc1ccc2CN(C(Cc2c1Oc3ccc(N)cc3)C(=O)O)C(=O)C(c4ccccc4)c5ccccc5,7.4
43,CHEMBL34124,COc1ccc2CN([C@@H](Cc2c1OCc3ccccc3)C(=O)O)C(=O)C(c4ccccc4)c5ccccc5,7.4
44,CHEMBL89769,CCCCc1nc(SC)c(C(=O)C(=O)O)n1Cc2ccc(cc2)c3ccccc3S(=O)(=O)NC(=O)NCc4ccccc4,7.42
45,CHEMBL384577,CC(C)COC(=O)NS(=O)(=O)c1sc(CC(C)C)cc1c2ccc(Cn3ccnc3)cc2,7.43
46,CHEMBL74144,CCC1=Nc2ccc(NC(=O)c3ccccn3)cc2C(=O)N1Cc4ccc(cc4F)c5ccccc5S(=O)(=O)NC(=O)OCCC(C)C,7.43
47,CHEMBL371395,C[C@H](NC(=O)[C@@H](N)CC(=O)O)C(=O)Nc1cccc2CN(CC(=O)N[C@@H](Cc3c[nH]cn3)C(=O)N4CCC[C@H]4C(=O)N[C@@H](Cc5ccccc5)C(=O)O)C(=O)[C@H](Cc6ccc(O)cc6)Nc12,7.43
48,CHEMBL219840,OC(=O)[C@H](Cc1ccccc1)NC(=O)c2cccc(Cn3ccnc3)c2,7.43
49,CHEMBL156165,COc1ccc2CN(C(Cc2c1OCc3ccccc3)C(=O)O)C(=O)C(c4ccc(Cl)cc4)c5ccc(Cl)cc5,7.46
50,CHEMBL217208,CCCCC(=O)NS(=O)(=O)c1sc(CC(C)C)cc1c2ccc(Cn3ccnc3)cc2,7.47
51,CHEMBL157946,CN(C)c1ccc(Cn2cnc3CN([C@@H](Cc23)C(=O)O)C(=O)C(c4ccccc4)c5ccccc5)cc1C.OC(=O)C(F)(F)F.OC(=O)C(F)(F)F,7.47
52,CHEMBL289775,CCCCOC(=O)NS(=O)(=O)c1sc(CC(C)C)cc1c2ccc(CN3C(=Nc4ccc(cc4C3=O)N(CC)C(=O)c5ccccc5)CCC)cc2,7.48
53,CHEMBL307290,CCCCOC(=O)NS(=O)(=O)c1ccccc1c2ccc(CN3C(=Nc4ccc(NC(=O)N5CCOCC5)cc4C3=O)CC)c(F)c2,7.5
54,CHEMBL290708,CCCCOC(=O)NS(=O)(=O)c1sc(CC(C)C)cc1c2ccc(CN3C(=Nc4ccc(cc4C3=O)N(Cc5ccccc5)C(=O)c6ccccc6)CCC)cc2,7.5
55,CHEMBL372814,CCCc1cc(Cn2c(CC)nc3c(C)cc(C)nc23)ccc1OC(C(=O)NS(=O)(=O)c4ccc(cc4)C(C)C)c5ccc6CCOc6c5,7.5
56,CHEMBL386172,COCCOC(=O)NS(=O)(=O)c1sc(CC(C)C)cc1c2ccc(Cn3ccnc3)cc2,7.51
57,CHEMBL290286,OC(=O)[C@@H]1Cc2cc(ccc2CN1C(=O)C(c3ccccc3)c4ccccc4)c5ccccc5,7.52
58,CHEMBL263714,CCCC1=Nc2ccc3NCCCCCCC(=O)NS(=O)(=O)c4ccc(CCC)cc4c5ccc(CN1C(=O)c2c3)cc5,7.62
59,CHEMBL40381,CCCc1nc2c(C)ccnc2n1Cc3ccc(OC(C(=O)O)c4ccccc4Cl)cc3,7.66
60,CHEMBL340473,CCCCC1=NN(C(=O)N1Cc2ccc(cc2F)c3ccccc3S(=O)(=O)NC(=O)OC(C)(C)C)c4cc(NC(=O)c5occc5)ccc4Cl,7.7
61,CHEMBL307321,CCCCCC(=O)NS(=O)(=O)c1ccccc1c2ccc(Cn3c(CCC)nc(CN4CCN(CC4)c5ccccn5)c3C(=O)O)cc2,7.7
62,CHEMBL69839,CCCCOC(=O)NS(=O)(=O)c1ccccc1c2ccc(Cn3c(CCC)nc(CC)c3C(=O)NCCCOc4ccccc4)c(F)c2,7.7
63,CHEMBL288705,CCCCc1nc2ccnc(O)c2n1Cc3ccc(cc3)c4ccccc4C(=O)O,7.7
64,CHEMBL71286,CCCOC(=O)NS(=O)(=O)c1ccccc1c2ccc(Cn3c(CCC)nc(CC)c3C(=O)OCc4ccccc4c5ccsc5)c(F)c2,7.7
65,CHEMBL74236,CCCc1nc(CC)c(C(=O)OCc2ccccc2c3ccsc3)n1Cc4ccc(cc4F)c5ccccc5S(=O)(=O)NC(=O)OCCC(C)C,7.7
66,CHEMBL3746420,COC(C)c1ccc(N2CCN(CC2)C(=O)c3cc(ccc3c4ccc(F)cc4)S(=O)(=O)C)c(F)c1,7.7
67,CHEMBL276674,CCCCC1=NN(C(=O)N1Cc2ccc(cc2)c3ccccc3S(=O)(=O)NC(=O)OC(C)(C)C)c4cc(NC(=O)CC)ccc4C(F)(F)F,7.75
68,CHEMBL2086892,CCCCOC(=O)NS(=O)(=O)c1sc(CC(C)C)cc1c2cccc(Cn3ccnc3)c2,7.75
69,CHEMBL346728,CCc1nc2c(C)cc(C)nc2n1Cc3ccc(cc3)c4ccccc4S(=O)(=O)NC(=O)C(c5ccccc5)c6ccccc6,7.75
70,CHEMBL321531,CCCCC1=NN(C(=O)N1Cc2ccc(cc2F)c3cc(CCC)ccc3S(=O)(=O)NC(=O)c4ccccc4Cl)c5cc(NC(=O)C)ccc5Cl,7.77
71,CHEMBL289803,CCCCOC(=O)NS(=O)(=O)c1sc(CC(C)C)cc1c2ccc(CN3C(=Nc4ccc(NC(=O)C)cc4C3=O)CCC)cc2,7.77
72,CHEMBL376286,CC[C@@H](C)[C@H](NC(=O)c1cccc(Cn2ccnc2)c1)C(=O)O,7.78
73,CHEMBL216515,CCCCOC(=O)NS(=O)(=O)c1ccc(OC(C)C)cc1c2ccc(Cn3ccnc3)cc2,7.82
74,CHEMBL315994,CCCc1nc(SC)c(C(O)C(=O)O)n1Cc2ccc(cc2)c3ccccc3S(=O)(=O)NC(=O)NCc4ccccc4,7.82
75,CHEMBL216361,CCCCNC(=O)NS(=O)(=O)c1sc(CC(C)C)cc1c2ccc(Cn3ccnc3)cc2,7.89
76,CHEMBL75401,CC(C)CCOC(=O)NS(=O)(=O)c1ccccc1c2ccc(CN3C(=Nc4ccc(NC(=O)N(C)C(C)C)cc4C3=O)C)c(F)c2,7.9
77,CHEMBL3394207,CCCCOC(=O)NS(=O)(=O)c1ccc(CC(C)C)cc1c2cccc(Cn3ccnc3)c2,7.91
78,CHEMBL323506,CCCCC1=NN(C(=O)N1Cc2ccc(cc2F)c3cc(CCC)ccc3S(=O)(=O)NC(=O)OC(C)(C)C)c4cc(NC(=O)C)ccc4Cl,7.92
79,CHEMBL267354,CC[C@@H](C)[C@H](NC(=O)[C@@H]1CCCN1C(=O)[C@H](Cc2c[nH]cn2)NC(=O)[C@H](CCCCNC(=O)[C@H](CCCN=C(N)N)NC(=O)OCc3ccccc3)NC(=O)[C@H](Cc4ccc(O)cc4)NC(=O)c5ccccc5)C(=O)O,7.92
80,CHEMBL305956,CN(C)C(=O)Nc1ccc2N=C(C)N(Cc3ccc(cc3F)c4ccccc4S(=O)(=O)NC(=O)OCCC5CC5)C(=O)c2c1,7.92
81,CHEMBL194608,CC(C)CCOC(=O)NS(=O)(=O)c1ccccc1c2ccc(CN3C(=Nc4ccc(NC(=O)NC(C)C)cc4C3=O)C)c(F)c2,7.96
82,CHEMBL311386,CCC1=Nc2ccc(NC(=O)N(C)C(C)C)cc2C(=O)N1Cc3ccc(cc3F)c4ccccc4S(=O)(=O)NC(=O)COCC(C)C,7.96
83,CHEMBL331632,CCC1=NN(C(=O)N1Cc2ccc(cc2F)c3ccccc3S(=O)(=O)NC(=O)OC(C)(C)C)c4cc(NC(=O)c5ccccc5)ccc4Cl,8.0
84,CHEMBL308482,CCCCCCCOC(=O)NS(=O)(=O)c1ccccc1c2ccc(Cn3c(CCC)nc(CC)c3C(=O)OCc4ccccc4OC)c(F)c2,8.0
85,CHEMBL1668008,CCCCc1nc(Cl)c2C=C(CC(c3ccc(cc3)c4ccccc4c5nnn[nH]5)n12)C(=O)O,8.0
86,CHEMBL311018,CCCOC(=O)NS(=O)(=O)c1ccccc1c2ccc(Cn3c(CCC)nc(CC)c3C(=O)OCc4cccc(c4)C(=O)c5ccccc5)c(F)c2,8.0
87,CHEMBL306435,CCCOC(=O)NS(=O)(=O)c1ccccc1c2ccc(Cn3c(CCC)nc(CC)c3C(=O)OCc4ccccc4c5cncnc5)c(F)c2,8.0
88,CHEMBL304065,CCCc1nc(CC)c(C(=O)OCc2ccccc2C(=O)c3ccccc3)n1Cc4ccc(cc4)c5ccccc5S(=O)(=O)NC(=O)OC,8.0
89,CHEMBL307866,CCCc1nc(CC)c(C(=O)OCc2ccccc2OCCC(C)C)n1Cc3ccc(cc3F)c4ccccc4S(=O)(=O)NC(=O)OCCC(C)C,8.0
90,CHEMBL386269,CCOC(=O)NS(=O)(=O)c1sc(CC(C)C)cc1c2ccc(Cn3ccnc3)cc2,8.0
91,CHEMBL196316,N[C@@H](CC(=O)O)C(=O)N[C@@H](CCCN=C(N)N)C(=O)NCc1cc(Cc2ccc(O)cc2)cc(c1)C(=O)N[C@@H](Cc3c[nH]cn3)C(=O)N4CCC[C@H]4C(=O)N[C@@H](Cc5ccccc5)C(=O)O,8.0
92,CHEMBL276163,CC(C)[C@H](NC(=O)[C@H](CCCN=C(N)N)NC(=O)[C@@H](N)CC(=O)O)C(=O)Nc1cc(Cc2ccc(O)cc2)cc(c1)C(=O)N[C@@H](Cc3c[nH]cn3)C(=O)N4CCC[C@H]4C(=O)N[C@@H](Cc5ccccc5)C(=O)O,8.01
93,CHEMBL189568,CCCCOC(=O)NS(=O)(=O)c1sc(CC(C)C)cc1c2ccc(Cn3ccnc3)cc2,8.01
94,CHEMBL306361,CCNC(=O)Nc1ccc2N=C(CC)N(Cc3ccc(cc3F)c4ccccc4S(=O)(=O)NC(=O)OCCC5CC5)C(=O)c2c1,8.01
95,CHEMBL406907,CC(C)[C@H](NC(=O)[C@H](C)NC(=O)[C@@H](N)CC(=O)O)C(=O)Nc1cccc2CN(CC(=O)N[C@@H](Cc3c[nH]cn3)C(=O)N4CCC[C@H]4C(=O)N[C@@H](Cc5ccccc5)C(=O)O)C(=O)[C@H](Cc6ccc(O)cc6)Nc12,8.03
96,CHEMBL76821,CCC1=Nc2ccc(NC(=O)N(C)C(C)C)cc2C(=O)N1Cc3ccc(cc3F)c4ccccc4S(=O)(=O)NC(=O)OCC=C(C)C,8.03
97,CHEMBL155728,COc1ccc2CN(C(Cc2c1OCc3ccccc3)C(=O)O)C(=O)N(C)c4ccccc4,8.03
98,CHEMBL74442,CCC1=Nc2ccc(NC(=O)N(C)C(C)C)cc2C(=O)N1Cc3ccc(cc3F)c4ccccc4S(=O)(=O)NC(=O)OCCC(C)C,8.04
99,CHEMBL313073,CCCCc1nc(SC)c(n1Cc2ccc(cc2)c3ccccc3S(=O)(=O)NC(=O)NCc4ccccc4)C(O)(C(=O)O)C(F)(F)F,8.04
100,CHEMBL263452,CCC1=Nc2ccc(NC(=O)N(C)C(C)C)cc2C(=O)N1Cc3ccc(cc3F)c4ccccc4S(=O)(=O)NC(=O)c5ccc(CC)cc5,8.05
101,CHEMBL306340,CCCc1nc(CC)c(C(=O)NCCCOc2ccccc2)n1Cc3ccc(cc3F)c4ccccc4S(=O)(=O)NC(=O)OCCC(C)C,8.05
102,CHEMBL70793,CCCc1nc(CC)c(C(=O)OCc2ccccc2c3ccccc3)n1Cc4ccc(cc4F)c5ccccc5S(=O)(=O)NC(=O)OCCC(C)C,8.05
103,CHEMBL124903,CCCCNC(=O)c1ccc(c(c1)N2N=C(CC)N(Cc3ccc(cc3F)c4ccccc4S(=O)(=O)NC(=O)OC(C)(C)C)C2=O)C(F)(F)F,8.09
104,CHEMBL3394209,CCCCOC(=O)NS(=O)(=O)c1cc(CC(C)C)ccc1c2cccc(Cn3ccnc3)c2,8.09
105,CHEMBL315275,CCCCc1nc(SC)c(n1Cc2ccc(cc2)c3ccccc3S(=O)(=O)NC(=O)NCCC)C(C)(O)C(=O)O,8.09
106,CHEMBL74556,CCCCC1=Nc2ccc(NC(=O)N(C)C(C)C)cc2C(=O)N1Cc3ccc(cc3F)c4ccccc4S(=O)(=O)NC(=O)OCCC(C)C,8.1
107,CHEMBL287829,CCCCOC(=O)NS(=O)(=O)c1sc(CC(C)C)cc1c2ccc(CN3C(=Nc4ccc(cc4C3=O)N(CC)C(=O)c5cccs5)CCC)cc2,8.1
108,CHEMBL89463,CCCCc1nc(SC)c(C(O)n2cnnn2)n1Cc3ccc(cc3)c4ccccc4S(=O)(=O)NC(=O)NCc5ccccc5,8.1
109,CHEMBL306362,CCCCC1=Nc2ccc(NC(=O)N(C)C(C)C)cc2C(=O)N1Cc3ccc(cc3F)c4ccccc4S(=O)(=O)NC(=O)OCCC5CC5,8.11
110,CHEMBL415073,CCCCOC(=O)NS(=O)(=O)c1ccccc1c2ccc(CN3C(=Nc4ccc(NC(=O)N(C)C(C)C)cc4C3=O)CCCC)c(F)c2,8.11
111,CHEMBL421478,CCCCC(=O)c1ccc(Cl)c(c1)N2N=C(CCCC)N(Cc3ccc(cc3F)c4ccccc4S(=O)(=O)NC(=O)OC(C)(C)C)C2=O,8.13
112,CHEMBL190811,CCCCOC(=O)NS(=O)(=O)c1sc(CC(C)C)cc1c2ccc(Cn3cnc4cccnc34)cc2,8.15
113,CHEMBL302102,CCCCCN(C(=O)c1ccccc1)c2ccc3N=C(CCC)N(Cc4ccc(cc4)c5ccccc5c6nn[nH]n6)C(=O)c3c2,8.16
114,CHEMBL311253,CCCc1nc(CC)c(C(=O)OCCN2C(=O)c3ccccc3C2=O)n1Cc4ccc(cc4F)c5ccccc5S(=O)(=O)NC(=O)OCCC(C)C,8.16
115,CHEMBL265790,Cc1cc(Cn2cnc3CN([C@@H](Cc23)C(=O)O)C(=O)C(c4ccccc4)c5ccccc5)ccc1NCCCCCCNC(=O)[C@@H](N)CCCCNC(=O)CCCC[C@@H]6SC[C@@H]7NC(=O)N[C@H]67,8.16
116,CHEMBL177435,CCCc1nc(c2ccccc2)c(C=O)n1Cc3ccc(cc3)c4ccccc4c5nn[nH]n5,8.17
117,CHEMBL307430,CCC1=Nc2ccc(NC(=O)NC(C)C)cc2C(=O)N1Cc3ccc(cc3F)c4ccccc4S(=O)(=O)NC(=O)OCCC5CC5,8.19
118,CHEMBL338137,CCCCC1=NN(C(=O)N1Cc2ccc(cc2F)c3ccccc3S(=O)(=O)NC(=O)OC(C)(C)C)c4cc(NC(=O)c5ccccc5)ccc4C(F)(F)F,8.2
119,CHEMBL73876,CCC1=Nc2ccc(NC(=O)N(C)C(C)C)cc2C(=O)N1Cc3ccc(cc3F)c4ccccc4S(=O)(=O)NC(=O)OCCC5CC5,8.21
120,CHEMBL125008,CCCCC1=NN(C(=O)N1Cc2ccc(cc2F)c3ccccc3S(=O)(=O)NC(=O)OC(C)(C)C)c4cc(NC(=O)c5ccccc5)ccc4Br,8.22
121,CHEMBL39959,CCCCOC(=O)NS(=O)(=O)c1ccc(CCC)cc1c2ccc(Cn3c(CC)nc4c(C)cc(C)nc34)cc2,8.22
122,CHEMBL216688,CCCCOC(=O)NS(=O)(=O)c1sc(CCC)cc1c2ccc(Cn3ccnc3)cc2,8.22
123,CHEMBL2435825,CCCc1nc2c(C)cc(NC(=O)c3ccccc3)cc2n1Cc4ccc(cc4)c5ccccc5C(=O)O,8.22
124,CHEMBL334300,CCCCC1=NN(C(=O)N1Cc2ccc(cc2)c3ccccc3S(=O)(=O)NC(=O)OC(C)(C)C)c4cc(NC(=O)CC)ccc4Cl,8.24
125,CHEMBL348363,COc1ccc2CN(C(Cc2c1OCc3ccccc3)C(=O)O)C(=O)N(c4ccccc4)c5ccccc5,8.24
126,CHEMBL86617,CCCCc1nc(SC)c(n1Cc2ccc(cc2)c3ccccc3S(=O)(=O)NC(=O)NCC4CCCCC4)C(O)(C(=O)O)C(F)(F)F,8.25
127,CHEMBL122158,CCCC1=NN(C(=O)N1Cc2ccc(cc2F)c3ccccc3S(=O)(=O)NC(=O)OC(C)(C)C)c4cc(NC(=O)c5ccccc5)ccc4C(F)(F)F,8.28
128,CHEMBL340078,CCCCC1=NN(C(=O)N1Cc2ccc(cc2F)c3ccccc3S(=O)(=O)NC(=O)c4cc(Cl)ccc4Cl)c5cc(NC(=O)CC)ccc5C(F)(F)F,8.29
129,CHEMBL424004,Cc1cc(Cn2cnc3CN([C@@H](Cc23)C(=O)O)C(=O)C(c4ccccc4)c5ccccc5)cc(I)c1O,8.29
130,CHEMBL70868,CCCCN(Cc1ccccc1)C(=O)CCCOC(=O)c2c(CC)nc(CCC)n2Cc3ccc(cc3F)c4ccccc4S(=O)(=O)NC(=O)OCCC(C)C,8.3
131,CHEMBL214592,CCCCOC(=O)NS(=O)(=O)c1ccc(CCCC)cc1c2ccc(Cn3ccnc3)cc2,8.3
132,CHEMBL217249,CCCCOC(=O)NS(=O)(=O)c1sc(CCCC)cc1c2ccc(Cn3ccnc3)cc2,8.3
133,CHEMBL419073,CCCc1nc(CC)c(C(=O)NCc2ccccc2[S+]([O-])c3ccccc3)n1Cc4ccc(cc4F)c5ccccc5S(=O)(=O)NC(=O)OCCC(C)C,8.3
134,CHEMBL430792,CCCc1nc(CC)c(C(=O)OCCCC(=O)Nc2ccccc2)n1Cc3ccc(cc3F)c4ccccc4S(=O)(=O)NC(=O)OCCC(C)C,8.3
135,CHEMBL70161,CCCc1nc(CC)c(C(=O)OCCCC(=O)c2ccccc2)n1Cc3ccc(cc3F)c4ccccc4S(=O)(=O)NC(=O)OCCC(C)C,8.3
136,CHEMBL312301,CCCc1nc(CC)c(C(=O)OCc2ccccc2S(=O)(=O)c3ccccc3)n1Cc4ccc(cc4F)c5ccccc5S(=O)(=O)NC(=O)OCCC(C)C,8.3
137,CHEMBL89052,CCCc1nc(SC)c(n1Cc2ccc(cc2)c3ccccc3S(=O)(=O)NC(=O)NCc4ccccc4)C(O)(C=C)C(=O)O,8.3
138,CHEMBL156129,COc1ccc2CN(C(Cc2c1OCCc3ccccc3)C(=O)O)C(=O)C(c4ccccc4)c5ccccc5,8.32
139,CHEMBL275449,CCCc1nc(SC)c(n1Cc2ccc(cc2)c3ccccc3S(=O)(=O)NC(=O)NCc4ccccc4)C(C)(O)C(=O)O,8.33
140,CHEMBL265613,CC[C@H](C)[C@@H]1Nc2c(Cc3ccc(O)cc3)cc(NC(=O)[C@H](CCCN=C(N)N)NC(=O)[C@@H](N)CC(=O)O)cc2CN(CC(=O)N[C@@H](Cc4c[nH]cn4)C(=O)N5CCC[C@H]5C(=O)N[C@@H](Cc6ccccc6)C(=O)O)C1=O,8.33
141,CHEMBL332576,CCCCC1=NN(C(=O)N1Cc2ccc(cc2F)c3ccccc3S(=O)(=O)NC(=O)OCC)c4cc(NC(=O)CC)ccc4C(F)(F)F,8.34
142,CHEMBL291124,CCCCOC(=O)NS(=O)(=O)c1sc(CC(C)C)cc1c2ccc(CN3C(=Nc4ccc(cc4C3=O)N(CC)C(=O)C)CCC)cc2,8.34
143,CHEMBL77029,CCCCc1nc2ccccc2[n+]([O-])c1Oc3ccc(cc3)c4ccccc4c5nn[nH]n5,8.35
144,CHEMBL305647,CCCC1=Nc2ccc(NC(=O)NC(C)C)cc2C(=O)N1Cc3ccc(cc3F)c4ccccc4S(=O)(=O)NC(=O)c5ccc(CC)cc5F,8.36
145,CHEMBL122917,CCCCC1=NN(C(=O)N1Cc2ccc(cc2F)c3ccccc3S(=O)(=O)NC(=O)CC(C)(C)C)c4cc(NC(=O)CC)ccc4C(F)(F)F,8.37
146,CHEMBL332909,CCCCC1=NN(C(=O)N1Cc2ccc(cc2F)c3ccccc3S(=O)(=O)NC(=O)c4ccccc4)c5cc(NC(=O)CC)ccc5C(F)(F)F,8.37
147,CHEMBL273542,CCC1=NN(C(=O)N1Cc2ccc(cc2F)c3ccccc3S(=O)(=O)NC(=O)OC(C)(C)C)c4cc(NC(=O)c5ccccc5)ccc4Br,8.39
148,CHEMBL444065,CCCCC1=NN(C(=O)N1Cc2ccc(cc2F)c3ccccc3S(=O)(=O)NC(=O)OC(C)(C)C)c4cc(ccc4Cl)C(=O)NCCOC,8.39
149,CHEMBL384462,CCCCN(C)C(=O)NS(=O)(=O)c1sc(CC(C)C)cc1c2ccc(Cn3ccnc3)cc2,8.4
150,CHEMBL366210,CCCCOC(=O)NS(=O)(=O)c1sc(CC(C)C)cc1c2ccc(Cn3cnc4ccccc34)cc2,8.4
151,CHEMBL303427,CCCc1nc(CC)c(C(=O)OCCN(C(=O)OCCC(C)C)c2ccccc2)n1Cc3ccc(cc3F)c4ccccc4S(=O)(=O)NC(=O)OCCC(C)C,8.4
152,CHEMBL316021,CCCCc1nc(SC)c(n1Cc2ccc(cc2)c3ccccc3S(=O)(=O)NC(=O)NCc4ccccc4)C(C)(O)C(=O)O,8.41
153,CHEMBL338434,CCCCC(=O)Nc1ccc(c(c1)N2N=C(CCCC)N(Cc3ccc(cc3F)c4ccccc4S(=O)(=O)NC(=O)OC(C)(C)C)C2=O)C(F)(F)F,8.42
154,CHEMBL339605,CCCCC1=NN(C(=O)N1Cc2ccc(cc2F)c3ccccc3S(=O)(=O)NC(=O)OC(C)(C)C)c4cc(NC(=O)CC)ccc4Cl,8.43
155,CHEMBL339806,CCCCNC(=O)c1ccc(Br)c(c1)N2N=C(CC)N(Cc3ccc(cc3F)c4ccccc4S(=O)(=O)NC(=O)OC(C)(C)C)C2=O,8.43
156,CHEMBL339004,CCCCNC(=O)c1ccc(Cl)c(c1)N2N=C(CCCC)N(Cc3ccc(cc3F)c4ccccc4S(=O)(=O)NC(=O)c5ccccc5Cl)C2=O,8.43
157,CHEMBL190286,CNC(=O)[C@H](Cc1c[nH]cn1)NC(=O)[C@@H]2CS[C@@H]3C[C@@](Cc4ccc(O)cc4)(NC(=O)[C@@H](NC(=O)C)C(C)C)C(=O)N23,8.43
158,CHEMBL338342,CCCC1=NN(C(=O)N1Cc2ccc(cc2F)c3ccccc3S(=O)(=O)NC(=O)OC(C)(C)C)c4cc(NC(=O)c5ccccc5)ccc4Br,8.44
159,CHEMBL338889,CCCCC(=O)Nc1ccc(c(c1)N2N=C(CC)N(Cc3ccc(cc3F)c4ccccc4S(=O)(=O)NC(=O)OC(C)(C)C)C2=O)C(F)(F)F,8.44
160,CHEMBL170290,Cc1cc(Cn2cnc3CN([C@@H](Cc23)C(=O)O)C(=O)C(c4ccccc4)c5ccccc5)ccc1NCCCCCCNC(=O)CCNc6ccc(c7nonc67)[N+](=O)[O-],8.44
161,CHEMBL263191,CCCC1=Nc2ccc(NC(=O)NC(C)C)cc2C(=O)N1Cc3ccc(cc3F)c4ccccc4S(=O)(=O)NC(=O)COCC(C)C,8.46
162,CHEMBL339256,CCCCC1=NN(C(=O)N1Cc2ccc(cc2F)c3ccccc3S(=O)(=O)NC(=O)c4ccccc4Cl)c5cc(NC(=O)CC)ccc5C(F)(F)F,8.46
163,CHEMBL1668007,CCCCc1nc2C=CN(CC(=O)N3CCCCC3)C(=O)c2n1Cc4ccc(cc4F)c5ccccc5S(=O)(=O)NC(=O)OCc6ccccc6,8.46
164,CHEMBL338027,CCCCC(=O)Nc1ccc(Br)c(c1)N2N=C(CC)N(Cc3ccc(cc3F)c4ccccc4S(=O)(=O)NC(=O)OC(C)(C)C)C2=O,8.47
165,CHEMBL339040,CCCCC1=NN(C(=O)N1Cc2ccc(cc2F)c3ccccc3S(=O)(=O)NC(=O)OC(C)(C)C)c4cc(ccc4Cl)C(=O)NCCC,8.47
166,CHEMBL259843,CCCC1=Nc2ccc(NC(=O)N3CCOCC3)cc2C(=O)N1Cc4ccc(cc4F)c5ccccc5S(=O)(=O)NC(=O)OCCC(C)C,8.48
167,CHEMBL190577,CCCCOC(=O)NS(=O)(=O)c1sc(CC(C)C)cc1c2ccc(Cn3c(CC)nc4ccccc34)cc2,8.5
168,CHEMBL311160,CCC1=Nc2ccc(NC(=O)NC(C)C)cc2C(=O)N1Cc3ccc(cc3F)c4ccccc4S(=O)(=O)NC(=O)c5ccc(CC)cc5F,8.51
169,CHEMBL339672,CCCCC1=NN(C(=O)N1Cc2ccc(cc2F)c3ccccc3S(=O)(=O)NC(=O)c4ccccc4Cl)c5cc(NC(=O)CC)ccc5Cl,8.51
170,CHEMBL340632,CCCCNC(=O)c1ccc(Cl)c(c1)N2N=C(CCCC)N(Cc3ccc(cc3F)c4ccccc4S(=O)(=O)NC(=O)OC(C)(C)C)C2=O,8.51
171,CHEMBL414478,CC(C)[C@H](NC(=O)[C@H](CCCN=C(N)N)NC(=O)[C@@H](N)CC(=O)O)C(=O)Nc1ccc2N[C@@H](Cc3ccc(O)cc3)C(=O)N(CC(=O)N[C@@H](Cc4c[nH]cn4)C(=O)N5CCC[C@H]5C(=O)N[C@@H](Cc6ccccc6)C(=O)O)Cc2c1,8.52
172,CHEMBL72099,CCCCOC(=O)NS(=O)(=O)c1ccccc1c2ccc(Cn3c(CCC)nc(CC)c3C(=O)OCc4ccccc4Oc5ccccc5)c(F)c2,8.52
173,CHEMBL307008,CCCOC(=O)NS(=O)(=O)c1ccccc1c2ccc(Cn3c(CCC)nc(CC)c3C(=O)OCc4ccccc4c5cccs5)c(F)c2,8.52
174,CHEMBL307359,CCCc1nc(CC)c(C(=O)NCc2ccccc2Sc3ccccc3)n1Cc4ccc(cc4F)c5ccccc5S(=O)(=O)NC(=O)OCCC(C)C,8.52
175,CHEMBL74514,CCCc1nc(CC)c(C(=O)OC(C(=O)c2ccccc2)c3ccccc3)n1Cc4ccc(cc4F)c5ccccc5S(=O)(=O)NC(=O)OCCC(C)C,8.52
176,CHEMBL305238,CCCc1nc(CC)c(C(=O)OCCC(=O)Nc2ccccc2)n1Cc3ccc(cc3F)c4ccccc4S(=O)(=O)NC(=O)OCCC(C)C,8.52
177,CHEMBL70843,CCCc1nc(CC)c(C(=O)OCCCN2C(=O)c3ccccc3C2=O)n1Cc4ccc(cc4F)c5ccccc5S(=O)(=O)NC(=O)OCCC(C)C,8.52
178,CHEMBL309790,CCCc1nc(CC)c(C(=O)OCc2ccccc2C(=O)C(C)(C)C)n1Cc3ccc(cc3F)c4ccccc4S(=O)(=O)NC(=O)OCCC(C)C,8.52
179,CHEMBL303647,CCCc1nc(CC)c(C(=O)OCc2ccccc2c3ccccn3)n1Cc4ccc(cc4F)c5ccccc5S(=O)(=O)NC(=O)OCCC(C)C,8.52
180,CHEMBL74069,CCCc1nc(CC)c(C(=O)OCc2ccccc2c3cccs3)n1Cc4ccc(cc4F)c5ccccc5S(=O)(=O)NC(=O)OCCC(C)C,8.52
181,CHEMBL339113,CCCCC1=NN(C(=O)N1Cc2ccc(cc2F)c3ccccc3S(=O)(=O)NC(=O)OC(C)(C)C)c4cc(NC(=O)CC)ccc4C(F)(F)F,8.54
182,CHEMBL288174,CCCCOC(=O)NS(=O)(=O)c1sc(CC(C)C)cc1c2ccc(Cn3c(CC)nc4c(C)cc(C)nc34)cc2,8.55
183,CHEMBL409528,N[C@@H](CC(=O)O)C(=O)N[C@@H](CCCN=C(N)N)C(=O)Nc1cccc2CN(CC(=O)N[C@@H](Cc3c[nH]cn3)C(=O)N4CCC[C@H]4C(=O)N[C@@H](Cc5ccccc5)C(=O)O)C(=O)[C@H](Cc6ccc(O)cc6)Nc12,8.55
184,CHEMBL331455,CCCCC1=NN(C(=O)N1Cc2ccc(cc2F)c3ccccc3S(=O)(=O)NC(=O)OC(C)C)c4cc(NC(=O)CC)ccc4C(F)(F)F,8.57
185,CHEMBL331507,CCCC1=NN(C(=O)N1Cc2ccc(cc2F)c3ccccc3S(=O)(=O)NC(=O)OC(C)(C)C)c4cc(NC(=O)COCC)ccc4C(F)(F)F,8.59
186,CHEMBL321313,CCCCC1=NN(C(=O)N1Cc2ccc(cc2F)c3cc(CCC)ccc3S(=O)(=O)NC(=O)OCC)c4cc(NC(=O)C)ccc4Cl,8.59
187,CHEMBL121907,CCCCNC(=O)c1ccc(c(c1)N2N=C(CCC)N(Cc3ccc(cc3F)c4ccccc4S(=O)(=O)NC(=O)OC(C)(C)C)C2=O)C(F)(F)F,8.59
188,CHEMBL1791309,CC[C@@H](C)[C@H](N1Cc2cccc(NC(=O)[C@H](CCCN=C(N)N)NC(=O)[C@@H](N)CC(=O)O)c2N[C@@H](Cc3ccc(O)cc3)C1=O)C(=O)N[C@@H](Cc4c[nH]cn4)C(=O)N5CCC[C@H]5C(=O)N[C@@H](Cc6ccccc6)C(=O)O,8.59
189,CHEMBL339722,CCCCC1=NN(C(=O)N1Cc2ccc(cc2F)c3ccccc3S(=O)(=O)NC(=O)OC(C)(C)C)c4cc(NC(=O)COCC)ccc4Cl,8.6
190,CHEMBL121872,CCCCNC(=O)c1ccc(Br)c(c1)N2N=C(CCC)N(Cc3ccc(cc3F)c4ccccc4S(=O)(=O)NC(=O)OC(C)(C)C)C2=O,8.6
191,CHEMBL313868,CCCCC1=NN(C(=O)N1Cc2ccc(cc2F)c3cc(CCC)ccc3S(=O)(=O)NC(=O)c4ccccc4F)c5cc(NC(=O)C)ccc5Cl,8.62
192,CHEMBL155836,COc1ccc2CN(C(Cc2c1OCc3ccccc3)C(=O)O)C(=O)C(c4ccccc4)c5ccccc5,8.62
193,CHEMBL124771,CCCCC1=NN(C(=O)N1Cc2ccc(cc2F)c3ccccc3S(=O)(=O)NC(=O)OC(C)(C)C)c4cc(NC(=O)CC)ccc4Br,8.64
194,CHEMBL58156,CCc1nc2c(C)cc(C)nc2n1Cc3ccc(cc3)c4ccsc4c5nn[nH]n5,8.64
195,CHEMBL341369,CCCCC(=O)Nc1ccc(Br)c(c1)N2N=C(CCC)N(Cc3ccc(cc3F)c4ccccc4S(=O)(=O)NC(=O)OC(C)(C)C)C2=O,8.66
196,CHEMBL338433,CCCCC1=NN(C(=O)N1Cc2ccc(cc2F)c3ccccc3S(=O)(=O)NC(=O)OC(C)(C)C)c4cc(NC(=O)COCC)ccc4C(F)(F)F,8.66
197,CHEMBL333224,CCCCC(=O)Nc1ccc(Br)c(c1)N2N=C(C)N(Cc3ccc(cc3F)c4ccccc4S(=O)(=O)NC(=O)OC(C)(C)C)C2=O,8.68
198,CHEMBL289614,CCCCOC(=O)NS(=O)(=O)c1ccc(CC(C)C)cc1c2ccc(Cn3c(CC)nc4c(C)cc(C)nc34)cc2,8.68
199,CHEMBL70100,CCCc1nc(CC)c(C(=O)OCc2ccccc2C(=O)c3ccccc3)n1Cc4ccc(cc4)c5ccccc5S(=O)(=O)NC(=O)OCCc6ccccc6,8.68
200,CHEMBL88446,CCCc1nc(SC)c(n1Cc2ccc(cc2)c3ccccc3S(=O)(=O)NC(=O)NCc4ccccc4)C(O)(C(=O)O)c5ccccc5,8.68
201,CHEMBL338888,CCCCC(=O)Nc1ccc(Cl)c(c1)N2N=C(CC)N(Cc3ccc(cc3F)c4ccccc4S(=O)(=O)NC(=O)OC(C)(C)C)C2=O,8.7
202,CHEMBL125280,CCCCC1=NN(C(=O)N1Cc2ccc(cc2F)c3ccccc3S(=O)(=O)NC(=O)c4ccccc4F)c5cc(NC(=O)CC)ccc5C(F)(F)F,8.7
203,CHEMBL122401,CCCCNC(=O)c1ccc(Br)c(c1)N2N=C(CCC)N(Cc3ccc(cc3F)c4ccccc4S(=O)(=O)NC(=O)c5cc(Cl)ccc5Cl)C2=O,8.7
204,CHEMBL214525,CCCCc1ccc(c(c1)c2ccc(Cn3ccnc3)cc2)S(=O)(=O)NC(=O)OCC,8.7
205,CHEMBL70935,CCCc1nc(CC)c(C(=O)OCC(=O)c2ccccc2)n1Cc3ccc(cc3F)c4ccccc4S(=O)(=O)NC(=O)OCCC(C)C,8.7
206,CHEMBL302964,CCCc1nc(CC)c(C(=O)OCCCCOc2ccccc2)n1Cc3ccc(cc3F)c4ccccc4S(=O)(=O)NC(=O)OCCC(C)C,8.7
207,CHEMBL70370,CCCc1nc(CC)c(C(=O)OCCCOCc2ccccc2)n1Cc3ccc(cc3F)c4ccccc4S(=O)(=O)NC(=O)OCCC(C)C,8.7
208,CHEMBL69721,CCCc1nc(CC)c(C(=O)OCCCOc2ccccc2)n1Cc3ccc(cc3F)c4ccccc4S(=O)(=O)NC(=O)OCCC(C)C,8.7
209,CHEMBL308323,CCCc1nc(CC)c(C(=O)OCCCS(=O)(=O)c2ccccc2)n1Cc3ccc(cc3F)c4ccccc4S(=O)(=O)NC(=O)OCCC(C)C,8.7
210,CHEMBL71639,CCCc1nc(CC)c(C(=O)OCCCSc2ccccc2)n1Cc3ccc(cc3F)c4ccccc4S(=O)(=O)NC(=O)OCCC(C)C,8.7
211,CHEMBL305017,CCCc1nc(CC)c(C(=O)OCCN(C(=O)c2ccccc2)c3ccccc3)n1Cc4ccc(cc4F)c5ccccc5S(=O)(=O)NC(=O)OCCC(C)C,8.7
212,CHEMBL306761,CCCc1nc(CC)c(C(=O)OCc2ccccc2Sc3ccccc3)n1Cc4ccc(cc4F)c5ccccc5S(=O)(=O)NC(=O)OCCC(C)C,8.7
213,CHEMBL73283,CCCc1nc(CC)c(C(=O)OCc2ccccc2[S+]([O-])c3ccccc3)n1Cc4ccc(cc4F)c5ccccc5S(=O)(=O)NC(=O)OCCC(C)C,8.7
214,CHEMBL315327,CCCc1nc(SC)c(n1Cc2ccc(cc2)c3ccccc3S(=O)(=O)NC(=O)NCc4ccccc4)C(O)(CC)C(=O)O,8.7
215,CHEMBL81236,CCCCc1nc(SC)c(n1Cc2ccc(cc2)c3ccccc3S(=O)(=O)NC(=O)NCC4CCCCC4)C(C)(O)C(=O)O,8.72
216,CHEMBL306638,CCCc1nc(CC)c(C(=O)OCc2ccccc2C(=O)c3ccccc3)n1Cc4ccc(cc4)c5ccccc5S(=O)(=O)NC(=O)OCCC(C)C,8.72
217,CHEMBL156100,COc1ccc(COc2c(OC)ccc3CN(C(Cc23)C(=O)O)C(=O)C(c4ccccc4)c5ccccc5)cc1C,8.72
218,CHEMBL428986,CC(C)[C@H](NC(=O)[C@H](CCCN=C(N)N)NC(=O)[C@@H](N)CC(=O)O)C(=O)NCc1cc(Cc2ccc(O)cc2)cc(c1)C(=O)N[C@@H](Cc3c[nH]cn3)C(=O)N4CCC[C@H]4C(=O)N[C@@H](Cc5ccccc5)C(=O)O,8.73
219,CHEMBL435811,CCCCC1=NN(C(=O)N1Cc2ccc(cc2F)c3ccccc3S(=O)(=O)NC(=O)OC(C)(C)C)c4cc(NC(=O)CCOC)ccc4Cl,8.75
220,CHEMBL385706,CC[C@H](C)[C@@H]1Nc2c(Cc3ccc(O)cc3)cc(NC(=O)[C@@H](NC(=O)[C@H](CCCN=C(N)N)NC(=O)[C@@H](N)CC(=O)O)C(C)C)cc2CN(CC(=O)N[C@@H](Cc4c[nH]cn4)C(=O)N5CCC[C@H]5C(=O)N[C@@H](Cc6ccccc6)C(=O)O)C1=O,8.75
221,CHEMBL122157,CCC(=O)Nc1ccc(Br)c(c1)N2N=C(CC)N(Cc3ccc(cc3F)c4ccccc4S(=O)(=O)NC(=O)OC(C)(C)C)C2=O,8.77
222,CHEMBL331450,CCCNC(=O)c1ccc(c(c1)N2N=C(CCC)N(Cc3ccc(cc3F)c4ccccc4S(=O)(=O)NC(=O)c5ccccc5)C2=O)C(F)(F)F,8.77
223,CHEMBL70726,CCCOC(=O)NS(=O)(=O)c1ccccc1c2ccc(Cn3c(CCC)nc(CC)c3C(=O)OCc4ccccc4C(=O)c5ccccc5)c(F)c2,8.8
224,CHEMBL122380,CCCCC(=O)Nc1ccc(Br)c(c1)N2N=C(CC)N(Cc3ccc(cc3F)c4ccccc4S(=O)(=O)NC(=O)c5cc(F)ccc5F)C2=O,8.82
225,CHEMBL125760,CCOCC(=O)Nc1ccc(Cl)c(c1)N2N=C(CC)N(Cc3ccc(cc3F)c4ccccc4S(=O)(=O)NC(=O)OC(C)(C)C)C2=O,8.82
226,CHEMBL290829,OC(=O)[C@@H]1CN(CCN1C(=O)N(c2ccccc2)c3ccccc3)C(=O)N(c4ccccc4)c5ccccc5,8.82
227,CHEMBL436396,CCCC1=NN(C(=O)N1Cc2ccc(cc2F)c3ccccc3S(=O)(=O)NC(=O)OC(C)(C)C)c4cc(NC(=O)CC)ccc4Br,8.85
228,CHEMBL338687,CCCCC(=O)Nc1ccc(Br)c(c1)N2N=C(CC)N(Cc3ccc(cc3F)c4ccccc4S(=O)(=O)NC(=O)OC(C)C)C2=O,8.96
229,CHEMBL314506,CCCCCCC(O)(C(=O)O)c1c(SC)nc(CCC)n1Cc2ccc(cc2)c3ccccc3S(=O)(=O)NC(=O)NCc4ccccc4,8.96
230,CHEMBL314827,CCCc1nc(SC)c(n1Cc2ccc(cc2)c3ccccc3S(=O)(=O)NC(=O)NCc4ccccc4)C(O)(C(C)C)C(=O)O,8.96
231,CHEMBL89053,CCCc1nc(SC)c(n1Cc2ccc(cc2)c3ccccc3S(=O)(=O)NC(=O)NCc4ccccc4)C(O)(Cc5ccccc5)C(=O)O,8.96
232,CHEMBL154057,COc1ccc2CN(C(Cc2c1OCc3ccccc3)C(=O)O)C(=O)C(C4CCCC4)c5ccccc5,8.96
233,CHEMBL307318,CCCCCOC(=O)NS(=O)(=O)c1ccccc1c2ccc(Cn3c(CCC)nc(CC)c3C(=O)OCCC(=O)Nc4ccccc4)c(F)c2,9.0
234,CHEMBL216250,CCCCOCC(=O)NS(=O)(=O)c1sc(CC(C)C)cc1c2ccc(Cn3ccnc3)cc2,9.0
235,CHEMBL294512,CCCc1nc(CC)c(C(=O)OC)n1Cc2ccc(cc2F)c3ccccc3S(=O)(=O)NC(=O)OCCC(C)C,9.0
236,CHEMBL311625,CCCc1nc(CC)c(C(=O)OCCC[S+]([O-])c2ccccc2)n1Cc3ccc(cc3F)c4ccccc4S(=O)(=O)NC(=O)OCCC(C)C,9.0
237,CHEMBL70867,CCCc1nc(CC)c(C(=O)OCc2ccccc2C(=O)Nc3ccccc3)n1Cc4ccc(cc4F)c5ccccc5S(=O)(=O)NC(=O)OCCC(C)C,9.0
238,CHEMBL72595,CCCc1nc(CC)c(C(=O)OCc2ccccc2C(=O)c3ccccc3)n1Cc4ccc(cc4F)c5ccccc5S(=O)(=O)NC(=O)OCC(C)C,9.0
239,CHEMBL302579,CCCc1nc(CC)c(C(=O)OCc2ccccc2NC(=O)c3ccccc3)n1Cc4ccc(cc4F)c5ccccc5S(=O)(=O)NC(=O)OCCC(C)C,9.0
240,CHEMBL70789,CCCc1nc(CC)c(C(=O)OCc2ccccc2OC)n1Cc3ccc(cc3F)c4ccccc4S(=O)(=O)NC(=O)OCCC(C)C,9.0
241,CHEMBL187880,CNC(=O)[C@H](Cc1c[nH]cn1)NC(=O)[C@@H]2CS[C@H]3C[C@@](Cc4ccc(O)cc4)(NC(=O)[C@@H](NC(=O)C)C(C)C)C(=O)N23,9.0
242,CHEMBL432378,CCCCC(O)(C(=O)O)c1c(SC)nc(CCC)n1Cc2ccc(cc2)c3ccccc3S(=O)(=O)NC(=O)NCc4ccccc4,9.05
243,CHEMBL71172,CCCCOC(=O)NS(=O)(=O)c1ccccc1c2ccc(Cn3c(CCC)nc(CC)c3C(=O)OCc4ccccc4C(=O)c5ccccc5)c(F)c2,9.05
244,CHEMBL71220,CCCc1nc(CC)c(C(=O)OCc2cccc(c2)C(=O)c3ccccc3)n1Cc4ccc(cc4F)c5ccccc5S(=O)(=O)NC(=O)OCCC(C)C,9.05
245,CHEMBL265881,CC(C)[C@H](NC(=O)[C@H](CCCN=C(N)N)NC(=O)[C@@H](N)CC(=O)O)C(=O)Nc1cccc2CN(CC(=O)N[C@@H](Cc3c[nH]cn3)C(=O)N4CCC[C@H]4C(=O)N[C@@H](Cc5ccccc5)C(=O)O)C(=O)[C@H](Cc6ccc(O)cc6)Nc12,9.1
246,CHEMBL217673,CCCCOC(=O)NS(=O)(=O)c1ccc(CC(C)C)cc1c2ccc(Cn3ccnc3)cc2,9.16
247,CHEMBL74573,CCCc1nc(CC)c(C(=O)OCc2ccccc2C(=O)c3ccccc3)n1Cc4ccc(cc4F)c5ccccc5S(=O)(=O)NC(=O)OCCC(C)C,9.16
248,CHEMBL71125,CCCc1nc(CC)c(C(=O)OCc2ccccc2C(=O)c3ccccc3)n1Cc4ccc(cc4F)c5ccccc5S(=O)(=O)NC(=O)OCCc6ccccc6,9.16
249,CHEMBL122273,CCCCC(=O)Nc1ccc(Br)c(c1)N2N=C(CC)N(Cc3ccc(cc3F)c4ccccc4S(=O)(=O)NC(=O)c5ccccc5F)C2=O,9.19
250,CHEMBL157510,[K+].COc1ccc2CN([C@@H](Cc2c1OCc3ccccc3)C(=O)[O-])C(=O)C(c4ccccc4)c5ccccc5,9.24
251,CHEMBL215160,CCCCOC(=O)NS(=O)(=O)c1ccc(OCCCC)cc1c2ccc(Cn3ccnc3)cc2,9.3
252,CHEMBL361927,CCCCOC(=O)NS(=O)(=O)c1sc(CC(C)C)cc1c2ccc(Cn3ccnc3C)cc2,9.3
253,CHEMBL1791308,CC[C@@H](C)[C@H](N1Cc2cccc(NC(=O)[C@@H](NC(=O)[C@H](CCCN=C(N)N)NC(=O)[C@@H](N)CC(=O)O)C(C)C)c2N[C@@H](Cc3ccc(O)cc3)C1=O)C(=O)N[C@@H](Cc4c[nH]cn4)C(=O)N5CCC[C@H]5C(=O)N[C@@H](Cc6ccccc6)C(=O)O,9.52
254,CHEMBL7550,CCc1nc2c(C)cc(C)nc2n1Cc3ccc(cc3)c4ccccc4c5nn[nH]n5,9.7
0,CHEMBL63998,CCCNC(=O)NS(=O)(=O)c1ccccc1c2ccc(Cn3c(CCC)nc(SC)c3C(=O)O)cc2,6.11
3,CHEMBL59974,CCCc1nc(CC)c(C=O)n1Cc2ccc(cc2Br)c3ccccc3c4nn[nH]n4,6.16
4,CHEMBL59957,CCCc1nc(CC)c(C=O)n1Cc2ccc(cc2)c3ccccc3S(=O)(=O)NC(=O)c4ccccc4,6.3
5,CHEMBL61168,CCCCOC(=O)NS(=O)(=O)c1ccccc1c2ccc(Cn3c(CCC)nc(CC)c3C(=O)OC)c(C)c2,8.0
6,CHEMBL59331,CCCCOC(=O)NS(=O)(=O)c1ccccc1c2ccc(Cn3c(CCC)nc(CC)c3C(=O)C)cc2,7.1
7,CHEMBL60661,CCCCOC(=O)NS(=O)(=O)c1ccccc1c2ccc(Cn3c(CCC)nc(CC)c3C=O)c(C)c2,8.05
8,CHEMBL304022,CCCCOC(=O)NS(=O)(=O)c1ccccc1c2ccc(Cn3c(CCC)nc(CC)c3C(=O)OC)c(Cl)c2,8.16
14,CHEMBL61976,CCCc1nc(CC)c(C=O)n1Cc2ccc(cc2C)c3ccccc3c4nn[nH]n4,6.0
22,CHEMBL439936,CCCc1nc(CC)c(C=O)n1Cc2ccc(cc2F)c3ccccc3c4nn[nH]n4,5.52
23,CHEMBL61754,CCCc1nc(CC)c(C=O)n1Cc2ccc(cc2Cl)c3ccccc3c4nn[nH]n4,6.3
24,CHEMBL291803,CCCc1nc(c(C(=O)O)n1Cc2ccc(cc2Br)c3ccccc3c4nn[nH]n4)C(F)(F)C(F)(F)F,7.1
29,CHEMBL294578,CCCCOC(=O)NS(=O)(=O)c1ccccc1c2ccc(Cn3c(CCC)nc(CC)c3C(=O)OC)cc2,7.4
32,CHEMBL64411,CCCCOC(=O)NS(=O)(=O)c1ccccc1c2ccc(Cn3c(CCC)nc(CC)c3C(=O)OC)c(F)c2,8.4
41,CHEMBL59728,CCCCOC(=O)NS(=O)(=O)c1ccccc1c2ccc(Cn3c(CCC)nc(CC)c3C(=O)OC)c(c2)[N+](=O)[O-],7.7
42,CHEMBL417393,CCCCOC(=O)NS(=O)(=O)c1ccccc1c2ccc(Cn3c(CCC)nc(CC)c3C(=O)C)c(C)c2,7.7
45,CHEMBL60992,CCCCOC(=O)NS(=O)(=O)c1ccccc1c2ccc(Cn3c(CCC)nc(CC)c3C(=O)OC)c(Br)c2,7.7
56,CHEMBL59611,CCCCOC(=O)NS(=O)(=O)c1ccccc1c2ccc(Cn3c(CCC)nc(CC)c3C=O)cc2,8.0
57,CHEMBL431137,CCCCOC(=O)NS(=O)(=O)c1ccccc1c2ccc(Cn3c(CCC)nc(CC)c3C(=O)C)c(Cl)c2,7.92
60,CHEMBL60942,CCCCOC(=O)NS(=O)(=O)c1ccccc1c2ccc(Cn3c(CCC)nc(CC)c3C(=O)C)c(F)c2,8.52
65,CHEMBL431162,CCCCOC(=O)NS(=O)(=O)c1ccccc1c2ccc(Cn3c(CCC)nc(CC)c3C=O)c(F)c2,8.7
67,CHEMBL25528,CCCCc1nc(Cl)c(CC(=O)O)n1Cc2ccccc2Cl,4.37
68,CHEMBL287936,CCCCc1ncc(\C=C(/Cc2cccs2)\C(=O)O)n1Cc3ccccc3O,7.05
69,CHEMBL289543,CCCCc1ncc(\C=C(/Cc2cccs2)\C(=O)O)n1Cc3ccccc3Cl,6.36
70,CHEMBL216061,CC[C@H](C)[C@H](NC(=O)[C@H](Cc1ccc(O)cc1)NC(=O)[C@@H](NC(=O)[C@H](CCCN=C(N)N)NC(=O)CNC)C(C)C)C(=O)N[C@@H](Cc2c[nH]cn2)C(=O)N3CCC[C@H]3C(=O)N[C@@H](Cc4ccccc4)C(=O)O,8.89
71,CHEMBL40089,CCCCc1ncc(\C=C(/Cc2cccs2)\C(=O)O)n1Cc3ccc(O)c(C)c3,7.68
72,CHEMBL287762,CCCCc1ncc(\C=C(/Cc2cccs2)\C(=O)O)n1Cc3ccc(cc3)[N+](=O)[O-],6.21
73,CHEMBL291086,CCCCc1ncc(\C=C(/Cc2cccs2)\C(=O)O)n1Cc3ccccc3[N+](=O)[O-],7.51
74,CHEMBL291114,CCCCc1ncc(\C=C\C(=O)O)n1Cc2ccccc2Cl,5.05
75,CHEMBL39345,CCCCc1ncc(CC(=O)O)n1Cc2ccccc2Cl,4.92
76,CHEMBL385189,CC[C@H](C)[C@H](NC(=O)[C@H](Cc1ccc(O)cc1)NC(=O)[C@@H](NC(=O)[C@H](CCCN=C(N)N)NC(=O)CNC)C(C)C)C(=O)N[C@@H](Cc2c[nH]cn2)C(=O)N3CCC[C@H]3C(=O)N[C@@H](Cc4cccs4)C(=O)O,9.96
77,CHEMBL39349,CCCCc1ncc(\C=C(/Cc2cccs2)\C(=O)O)n1Cc3ccccc3C(=O)O,5.22
78,CHEMBL36846,CCCCc1ncc(\C=C(/Cc2ccccc2)\C(=O)O)n1Cc3ccccc3Cl,5.59
79,CHEMBL37679,CCCCc1ncc(\C=C(/Cc2cccs2)\C(=O)O)n1Cc3ccc(cc3Cl)C(=O)O,8.84
80,CHEMBL813,CCCCc1ncc(\C=C(/Cc2cccs2)\C(=O)O)n1Cc3ccc(cc3)C(=O)O,9.0
81,CHEMBL329942,CCCCC1=NN(C(=O)N1Cc2ccc(cc2)c3ccccc3S(=O)(=O)NC(=O)c4cc(Cl)ccc4Cl)c5ccccc5C(F)(F)F,7.59
82,CHEMBL97020,CCCCC1=NN(C(=O)N1Cc2ccc(cc2)c3ccccc3S(=O)(=O)NC(=O)c4ccccc4Br)c5ccccc5C(F)(F)F,7.35
83,CHEMBL93606,CCCCC1=NN(C(=O)N1Cc2ccc(cc2)c3ccccc3S(=O)(=O)NC(=O)CCCCCN)c4ccccc4C(F)(F)F,7.0
84,CHEMBL327569,CCCCC1=NN(C(=O)N1Cc2ccc(cc2)c3ccccc3S(=O)(=O)Nc4oc5ccccc5n4)c6ccccc6C(F)(F)F,6.16
85,CHEMBL407919,CCCCC1=NN(C(=O)N1Cc2ccc(cc2)c3ccccc3S(=O)(=O)NC(=O)c4ccccc4C(F)(F)F)c5ccccc5C(F)(F)F,6.66
86,CHEMBL97500,CCCCC1=NN(C(=O)N1Cc2ccc(cc2)c3ccccc3S(=O)(=O)NC(=O)c4cc(OC)c(OC)c(OC)c4)c5ccccc5C(F)(F)F,5.19
87,CHEMBL316297,CCCCC1=NN(C(=O)N1Cc2ccc(cc2)c3ccccc3S(=O)(=O)NC(=O)c4cccn4C)c5ccccc5C(F)(F)F,6.3
88,CHEMBL93956,CCCCC1=NN(C(=O)N1Cc2ccc(cc2)c3ccccc3S(=O)(=O)NC(=O)CCOC)c4ccccc4C(F)(F)F,6.57
89,CHEMBL328941,CCCCC1=NN(C(=O)N1Cc2ccc(cc2)c3ccccc3S(=O)(=O)NC(=O)c4occc4C)c5ccccc5C(F)(F)F,7.34
90,CHEMBL98426,CCCCC1=NN(C(=O)N1Cc2ccc(cc2)c3ccccc3S(=O)(=O)NC(=O)C4CCC4)c5ccccc5C(F)(F)F.ClC(Cl)Cl,7.0
91,CHEMBL329099,CCCCC1=NN(C(=O)N1Cc2ccc(cc2)c3ccccc3S(=O)(=O)NC(=O)C4CCCCCC4)c5ccccc5C(F)(F)F,6.57
92,CHEMBL97812,CCCCC1=NN(C(=O)N1Cc2ccc(cc2)c3ccccc3S(=O)(=O)NC(=O)C4CCOC4)c5ccccc5C(F)(F)F,6.55
93,CHEMBL329089,CCCCC1=NN(C(=O)N1Cc2ccc(cc2)c3ccccc3S(=O)(=O)NC(=O)c4oc(C)cc4)c5ccccc5C(F)(F)F,6.82
94,CHEMBL321086,CCCCC1=NN(CC(C)(C)C)C(=O)N1Cc2ccc(cc2)c3ccccc3S(=O)(=O)NC(=O)c4ccccc4.ClCCl,5.64
95,CHEMBL95955,CCCCC1=NN(C(=O)N1Cc2ccc(cc2)c3ccccc3S(=O)(=O)NC(=O)c4ccc(Cl)cc4)c5ccccc5C(F)(F)F,6.28
96,CHEMBL97897,CCCCC1=NN(C(=O)N1Cc2ccc(cc2)c3ccccc3S(=O)(=O)NC(=O)C(C)(C)C)c4ccccc4C(F)(F)F,6.8
99,CHEMBL319955,CCCC1=NN(C(=O)N1Cc2ccc(cc2)c3ccccc3S(=O)(=O)NC(=O)C4CC4)c5ccccc5C(F)(F)F,6.39
100,CHEMBL320222,FC(F)(F)CCCC1=NN(C(=O)N1Cc2ccc(cc2)c3ccccc3S(=O)(=O)NC(=O)c4ccccc4Cl)c5ccccc5C(F)(F)F,6.04
101,CHEMBL319353,CCCCC1=NN(C(=O)N1Cc2ccc(cc2)c3ccccc3S(=O)(=O)NC(=O)c4cccc(Cl)c4Cl)c5ccccc5C(F)(F)F,6.11
103,CHEMBL317061,CCCCC1=NN(C(=O)N1Cc2ccc(cc2)c3ccccc3S(=O)(=O)NC(=O)c4cccc(c4)C(F)(F)F)c5ccccc5C(F)(F)F,6.24
104,CHEMBL327191,CCCCC1=NN(C(=O)N1Cc2ccc(cc2)c3ccccc3S(=O)(=O)NC(=O)c4oc(Br)cc4)c5ccccc5C(F)(F)F,6.77
105,CHEMBL94145,CCCCC1=NN(C(=O)N1Cc2ccc(cc2)c3ccccc3S(=O)(=O)NC(=O)C4(C)SCCS4)c5ccccc5C(F)(F)F,7.1
106,CHEMBL432822,CCCCC1=NN(C(=O)N1Cc2ccc(cc2)c3ccccc3S(=O)(=O)NC(=O)CC(C)(C)C)c4ccccc4C(F)(F)F,7.34
107,CHEMBL12190,CCCCc1nc(Cl)c(CO)n1Cc2ccc(cc2)n3cccc3C(=O)O,4.23
108,CHEMBL316300,CCCCC1=NN(C(=O)N1Cc2ccc(cc2)c3ccccc3S(=O)(=O)NC(=O)c4ccccc4Cl)c5ccccc5C(F)(F)F,7.44
109,CHEMBL18606,CCCCC1=NN(C(=O)N1Cc2ccc(cc2)c3ccccc3S(=O)(=O)NC(=O)c4ccccc4)c5c(Cl)cccc5Cl,6.3
110,CHEMBL329858,CCCCC1=NN(C(=O)N1Cc2ccc(cc2)c3ccccc3S(=O)(=O)NC(=O)c4ccc(F)cc4)c5ccccc5C(F)(F)F,6.3
112,CHEMBL98126,CCCCC1=NN(C(=O)N1Cc2ccc(cc2)c3ccccc3S(=O)(=O)NC(=O)C4CC4)c5ccccc5C(F)(F)F,6.96
113,CHEMBL316655,CCCCC1=NN(C(=O)N1Cc2ccc(cc2)c3ccccc3S(=O)(=O)NC(=O)C4CC4C)c5ccccc5C(F)(F)F,6.92
114,CHEMBL97295,CCCC1=NN(C(=O)N1Cc2ccc(cc2)c3ccccc3S(=O)(=O)NC(=O)c4ccccc4)c5ccccc5C(F)(F)F,6.28
115,CHEMBL330463,CCCCC1=NN(C(=O)N1Cc2ccc(cc2)c3ccccc3S(=O)(=O)NC(=O)c4ccc(OC)cc4)c5ccccc5C(F)(F)F,6.3
116,CHEMBL327988,CCCCC1=NN(C(=O)N1Cc2ccc(cc2)c3ccccc3S(=O)(=O)NC(=O)c4oc5ccccc5c4C)c6ccccc6C(F)(F)F,6.89
117,CHEMBL327563,CCCCC1=NN(C(=O)N1Cc2ccc(cc2)c3ccccc3S(=O)(=O)NC(=O)C4(C)CC4)c5ccccc5C(F)(F)F,7.12
118,CHEMBL327791,CCCCC1=NN(C(=O)N1Cc2ccc(cc2)c3ccccc3S(=O)(=O)NC(=O)c4c(C)cccc4C)c5ccccc5C(F)(F)F,6.72
120,CHEMBL432392,CCCCC1=NN(C(=O)N1Cc2ccc(cc2)c3ccccc3S(=O)(=O)NC(=O)C4C(C)(C)C4(C)C)c5ccccc5C(F)(F)F,6.89
121,CHEMBL97332,CCCCC1=NN(C(=O)N1Cc2ccc(cc2)c3ccccc3S(=O)(=O)NS(=O)(=O)c4ccccc4)c5ccccc5C(F)(F)F,5.62
122,CHEMBL19018,CCCCC1=NN(C(=O)N1Cc2ccc(cc2)c3ccccc3c4nn[nH]n4)c5ccccc5C(F)(F)F,4.64
123,CHEMBL317547,CCCCC1=NN(C(=O)N1Cc2ccc(cc2)c3ccccc3S(=O)(=O)NC(=O)C4CC4(C)C)c5ccccc5C(F)(F)F,6.66
124,CHEMBL316482,CCCCOC(=O)NS(=O)(=O)c1ccccc1c2ccc(CN3C(=NN(C3=O)c4ccccc4C(F)(F)F)CCCC)cc2,6.72
125,CHEMBL316706,CCCCC1=NN(C(=O)N1Cc2ccc(cc2)c3ccccc3S(=O)(=O)NS(=O)(=O)C(C)C)c4ccccc4C(F)(F)F,5.44
126,CHEMBL97539,CCCCC1=NN(C(=O)N1Cc2ccc(cc2)c3ccccc3S(=O)(=O)NC(=O)c4ccccc4)c5ccccc5C(F)(F)F.ClCCl,6.52
127,CHEMBL94176,CC1CC1CC2=NN(C(=O)N2Cc3ccc(cc3)c4ccccc4S(=O)(=O)NC(=O)c5ccccc5)c6ccccc6C(F)(F)F,6.3
128,CHEMBL97271,CCCCC1=NN(C(=O)N1Cc2ccc(cc2)c3ccccc3S(=O)(=O)NC(=O)c4cc(Cl)sc4Cl)c5ccccc5C(F)(F)F.ClCCl,7.06
129,CHEMBL98453,CCCCC1=NN(C(=O)N1Cc2ccc(cc2)c3ccccc3S(=O)(=O)NC(=O)c4cc(Br)sc4Br)c5ccccc5C(F)(F)F,7.08
130,CHEMBL319404,CCCCC1=NN(C(=O)N1Cc2ccc(cc2)c3ccccc3S(=O)(=O)NC(=O)C4CCCO4)c5ccccc5C(F)(F)F,6.75
131,CHEMBL330464,CCCCC1=NN(C(=O)N1Cc2ccc(cc2)c3ccccc3S(=O)(=O)NC(=O)C4C5CCC(C5)C4=C)c6ccccc6C(F)(F)F,7.0
132,CHEMBL97446,CCCCC1=NN(C(=O)N1Cc2ccc(cc2)c3ccccc3S(=O)(=O)NC(=O)c4sccc4Cl)c5ccccc5C(F)(F)F,7.52
133,CHEMBL321363,CCCCC1=NN(C(=O)N1Cc2ccc(cc2)c3ccccc3S(=O)(=O)NC(=O)c4sccc4Br)c5ccccc5C(F)(F)F,7.37
134,CHEMBL94910,CCCCC1=NN(C(=O)N1Cc2ccc(cc2)c3ccccc3S(=O)(=O)NC(=O)C(C)C)c4ccccc4C(F)(F)F,6.82
135,CHEMBL94905,CCCCC1=NN(C(=O)N1Cc2ccc(cc2)c3ccccc3S(=O)(=O)NC(=O)C4CCCCC4)c5ccccc5C(F)(F)F,6.8
136,CHEMBL314514,CCCCC1=NN(C(=O)N1Cc2ccc(cc2)c3ccccc3S(=O)(=O)NC(=O)CCC4CCCC4)c5ccccc5C(F)(F)F,6.14
137,CHEMBL275160,CCCCC1=NN(C(=O)N1Cc2ccc(cc2)c3ccccc3S(=O)(=O)NC(=O)c4ccccc4)c5ccccc5Cl,6.23
138,CHEMBL97615,CCCCC1=NN(C(=O)N1Cc2ccc(cc2)c3ccccc3S(=O)(=O)NC(=O)c4cccc(Cl)c4)c5ccccc5C(F)(F)F,6.82
139,CHEMBL328176,CCCCC1=NN(C(=O)N1Cc2ccc(cc2)c3ccccc3S(=O)(=O)NC(=O)c4ccc(cc4)C(F)(F)F)c5ccccc5C(F)(F)F,5.85
140,CHEMBL330165,CCCCC1=NN(C(=O)N1Cc2ccc(cc2)c3ccccc3S(=O)(=O)NC(=O)c4ccccc4C)c5ccccc5C(F)(F)F,6.96
141,CHEMBL97688,CCCCC1=NN(C(=O)N1Cc2ccc(cc2)c3ccccc3S(=O)(=O)NC(=O)c4sccc4C)c5ccccc5C(F)(F)F.ClCCl,7.1
142,CHEMBL329693,CCCCC1=NN(C(=O)N1Cc2ccc(cc2)c3ccccc3S(=O)(=O)NC(=O)c4oc(C)cc4C)c5ccccc5C(F)(F)F,7.26
145,CHEMBL97464,CCCCC1=NN(C(=O)N1Cc2ccc(cc2)c3ccccc3S(=O)(=O)NC(=O)c4ccccc4Cc5ccccc5)c6ccccc6C(F)(F)F,6.72
146,CHEMBL274712,CCCCCCCC(=O)NS(=O)(=O)c1ccccc1c2ccc(CN3C(=NN(C3=O)c4ccccc4C(F)(F)F)CCCC)cc2,6.35
147,CHEMBL97465,CCCCC1=NN(C(=O)N1Cc2ccc(cc2)c3ccccc3S(=O)(=O)NC(=O)c4ccccc4c5ccccc5)c6ccccc6C(F)(F)F,6.48
150,CHEMBL409058,CCCCC1=NN(C(=O)N1Cc2ccc(cc2)c3ccccc3S(=O)(=O)NC(=O)COCC)c4ccccc4C(F)(F)F,6.42
151,CHEMBL292150,CCCCC1=NN(C(=O)N1Cc2ccc(cc2)c3ccccc3S(=O)(=O)NC(=O)OC(C)(C)C)c4ccccc4C(F)(F)F,7.77
152,CHEMBL411487,CCCCC1=NN(C(=O)N1Cc2ccc(cc2)c3ccccc3S(=O)(=O)NC(=O)c4cc5ccccc5s4)c6ccccc6C(F)(F)F.ClCCl,6.37
153,CHEMBL316273,CCCCC1=NN(C(=O)N1Cc2ccc(cc2)c3ccccc3S(=O)(=O)NC(=O)C4CCCC4)c5ccccc5C(F)(F)F,7.09
154,CHEMBL328434,CCCCC1=NN(C(=O)N1Cc2ccc(cc2)c3ccccc3S(=O)(=O)NC(=O)C4(C)CC4(Cl)Cl)c5ccccc5C(F)(F)F,6.92
155,CHEMBL97068,CCCCC1=NN(C(=O)N1Cc2ccc(cc2)c3ccccc3S(=O)(=O)NC(=O)OCC(C)C)c4ccccc4C(F)(F)F,6.77
156,CHEMBL330533,CCCCC1=NN(C(=O)N1Cc2ccc(cc2)c3ccccc3S(=O)(=O)NC(=O)c4ccccc4F)c5ccccc5C(F)(F)F,7.28
157,CHEMBL98068,CCCCC1=NN(C(=O)N1Cc2ccc(cc2)c3ccccc3S(=O)(=O)NC(=O)c4oc5ccccc5c4)c6ccccc6C(F)(F)F.CCOCC,6.8
158,CHEMBL97394,CCCCC1=NN(C(=O)N1Cc2ccc(cc2)c3ccccc3S(=O)(=O)NC(=O)C4SCCS4)c5ccccc5C(F)(F)F,7.46
160,CHEMBL314812,CCCCC1=NN(C(=O)N1Cc2ccc(cc2)c3ccccc3S(=O)(=O)NC(=O)c4cccs4)c5ccccc5C(F)(F)F,6.27
161,CHEMBL330170,CCCCC1=NN(C(=O)N1Cc2ccc(cc2)c3ccccc3S(=O)(=O)NC(=O)NC(C)C)c4ccccc4C(F)(F)F,6.52
162,CHEMBL319313,CCCCC1=NN(C(=O)N1Cc2ccc(cc2)c3ccccc3S(=O)(=O)Nc4ccc(cc4)[N+](=O)[O-])c5ccccc5C(F)(F)F,5.28
163,CHEMBL329290,CCCCC1=NN(C(=O)N1Cc2ccc(cc2)c3ccccc3S(=O)(=O)NC(=O)c4occ(Cl)c4Cl)c5ccccc5C(F)(F)F.ClCCl,7.6
164,CHEMBL97964,CCCCC1=NN(C(=O)N1Cc2ccc(cc2)c3ccccc3S(=O)(=O)NC(=O)c4cocc4)c5ccccc5C(F)(F)F,6.16
165,CHEMBL276381,CCCCc1nc(C(=O)N)c(C(=O)N)n1Cc2ccc(cc2)n3cccc3c4nn[nH]n4,4.52
166,CHEMBL97075,CCCCC1=NN(C(=O)N1Cc2ccc(cc2)c3ccccc3S(=O)(=O)NC(=O)c4cc(C)oc4C(F)(F)F)c5ccccc5C(F)(F)F,7.22
167,CHEMBL97557,CCCCC1=NN(C(=O)N1Cc2ccc(cc2)c3ccccc3S(=O)(=O)NC(=O)c4ccc(cc4)C#N)c5ccccc5C(F)(F)F,6.4
168,CHEMBL274447,CCCCc1nc(Cl)c(CO)n1Cc2ccc(cc2)c3ccccc3C(=O)O,5.48
169,CHEMBL316904,CCCCC1=NN(C(=O)N1Cc2ccc(cc2)c3ccccc3S(=O)(=O)NC(=O)c4ccccc4OC)c5ccccc5C(F)(F)F,7.14
171,CHEMBL95198,CCCCC1=NN(C(=O)N1Cc2ccc(cc2)c3ccccc3S(=O)(=O)NC(=O)c4ccoc4C)c5ccccc5C(F)(F)F,6.96
172,CHEMBL329255,CCCCC1=NN(C(=O)N1Cc2ccc(cc2)c3ccccc3S(=O)(=O)NC(=O)c4cc(C)oc4C)c5ccccc5C(F)(F)F,6.51
173,CHEMBL95579,CCCCC1=NN(C(=O)N1Cc2ccc(cc2)c3ccccc3S(=O)(=O)NC(=O)c4occc4)c5ccccc5C(F)(F)F,6.92
174,CHEMBL94582,CCCCC1=NN(C(=O)N1Cc2ccc(cc2)c3ccccc3S(=O)(=O)NC(=O)C(F)(F)F)c4ccccc4Cl,6.35
175,CHEMBL94355,CCCCC1=NN(C(=O)N1Cc2ccc(cc2)c3ccccc3S(=O)(=O)NC(=O)CCCC(=O)O)c4ccccc4C(F)(F)F,5.82
176,CHEMBL321367,CCCCC1=NN(C(=O)N1Cc2ccc(cc2)c3ccccc3S(=O)(=O)NC(=O)C4CC4(F)F)c5ccccc5C(F)(F)F,7.07
179,CHEMBL265012,CCCCC1=NN(C(=O)N1Cc2ccc(cc2)c3ccccc3S(=O)(=O)NC(=O)c4ccc(C)s4)c5ccccc5C(F)(F)F.ClCCl,6.72
180,CHEMBL433375,CCCCC1=NN(C(=O)N1Cc2ccc(cc2)c3ccccc3S(=O)(=O)NC(=O)c4ccc(Cl)s4)c5ccccc5C(F)(F)F,6.59
181,CHEMBL330007,CCCCC1=NN(C(=O)N1Cc2ccc(cc2)c3ccccc3NS(=O)(=O)C(F)(F)F)c4ccccc4C(F)(F)F,5.26
183,CHEMBL97783,CCCCC1=NN(C(=O)N1Cc2ccc(cc2)c3ccccc3S(=O)(=O)N)c4ccccc4Cl,4.62
184,CHEMBL95197,CCCCC1=NN(C(=O)N1Cc2ccc(cc2)c3ccccc3S(=O)(=O)NC(=O)c4ccsc4)c5ccccc5C(F)(F)F,6.52
185,CHEMBL262296,CCCCC1=NN(C(=O)N1Cc2ccc(cc2)c3ccccc3S(=O)(=O)NC(=O)c4ocnc4C)c5ccccc5C(F)(F)F.ClCCl,7.46
186,CHEMBL318891,CCCCC1=NN(C(C)C)C(=O)N1Cc2ccc(cc2)c3ccccc3S(=O)(=O)NC(=O)c4ccccc4,5.34
187,CHEMBL97273,CCCCC1=NN(C(=O)N1Cc2ccc(cc2)c3ccccc3S(=O)(=O)NC(C)(C)C)c4ccccc4Cl,4.96
188,CHEMBL317864,CCCCC1=NN(C(=O)N1Cc2ccc(cc2)c3ccccc3S(=O)(=O)NC(=O)c4cccnc4Cl)c5ccccc5C(F)(F)F,6.28
189,CHEMBL329759,CCCCC1=NN(C(=O)N1Cc2ccc(cc2)c3ccccc3S(=O)(=O)NC(=O)C(F)(F)F)c4ccccc4C(F)(F)F,6.4
190,CHEMBL274710,CCCCC1=NN(C(=O)N1Cc2ccc(cc2)c3ccccc3S(=O)(=O)NC(=O)Cc4ccccc4)c5ccccc5C(F)(F)F,6.62
191,CHEMBL317368,CCCCC1=NN(C(=O)N1Cc2ccc(cc2)c3ccccc3S(=O)(=O)NC(=O)C(c4ccccc4)c5ccccc5)c6ccccc6C(F)(F)F,6.5
192,CHEMBL431619,CCCCC1=NN(C(=O)N1Cc2ccc(cc2)c3ccccc3S(=O)(=O)NC(=O)OCC)c4ccccc4C(F)(F)F,7.13
193,CHEMBL98140,CCCCC1=NN(C(=O)N1Cc2ccc(cc2)c3ccccc3S(=O)(=O)NC(=O)NC(C)(C)C)c4ccccc4C(F)(F)F,6.89
194,CHEMBL278061,CCc1nc2c(C)cc(C)nc2n1Cc3ccc(OC(C(=O)O)c4ccccc4)c(c3)C(=O)c5ccccc5,7.22
195,CHEMBL15670,CCCCc1nc2ccccc2n1Cc3ccc(OC(C(=O)O)c4ccccc4)cc3,5.7
196,CHEMBL300154,CCc1nc2c(C)cc(C)nc2n1Cc3ccc(cc3)c4cc(CC(C)C)sc4S(=O)(=O)NC(=O)c5ccccc5,7.66
199,CHEMBL15689,CCCc1cc(Cn2c(CC)nc3c(C)cc(C)nc23)ccc1OC(C(=O)O)c4ccccc4,7.33
200,CHEMBL15669,CCc1nc2c(C)cc(C)nc2n1Cc3cc(Cl)c(OC(C(=O)O)c4ccccc4)c(OC)c3,5.11
201,CHEMBL293949,CCCCCc1cc(c2ccc(Cn3c(CC)nc4c(C)cc(C)nc34)cc2)c(s1)S(=O)(=O)NC(=O)c5ccccc5,6.82
202,CHEMBL58499,CCc1cc(c2ccc(Cn3c(CC)nc4c(C)cc(C)nc34)cc2)c(s1)S(=O)(=O)NC(=O)c5ccccc5,6.05
203,CHEMBL278983,CCc1cc(Cn2c(CC)nc3c(C)cc(C)nc23)ccc1OC(C(=O)O)c4ccccc4,6.39
205,CHEMBL15729,CCc1nc2c(C)cc(C)nc2n1Cc3cc(Cl)c(OC(C(=O)O)c4ccccc4)c(CC=C)c3,6.12
207,CHEMBL15850,CCc1nc2c(C)cc(C)nc2n1Cc3ccc(OC(C(=O)O)c4ccccc4)c(Cl)c3,6.14
208,CHEMBL418354,CCc1nc2c(C)cc(C)nc2n1Cc3ccc(OC(C(=O)O)c4ccccc4)c(Cc5ccccc5)c3,6.1
209,CHEMBL274260,CCCc1nc2c(C)ccnc2n1Cc3ccc(OC(C(=O)O)c4ccccc4)cc3,5.47
210,CHEMBL280456,CCc1nc2c(C)cc(C)nn2c1Cc3ccc(OC(C(=O)O)c4ccccc4)cc3,5.52
213,CHEMBL15788,CCCc1cc(Cn2c(CC)nc3c(C)cc(C)nc23)ccc1OC(C(=O)O)c4ccccc4C,5.62
214,CHEMBL15730,CCc1nc2c(C)cc(C)nc2n1Cc3ccc(OC(C(=O)O)c4ccccc4)c(C)c3,6.03
215,CHEMBL56549,CCCc1cc(c2ccc(Cn3c(CC)nc4c(C)cc(C)nc34)cc2)c(s1)S(=O)(=O)NC(=O)c5ccccc5,6.89
216,CHEMBL278234,CCc1nc2c(C)cc(C)nc2n1Cc3ccc(OC(C(=O)O)c4ccccc4)c(CC=C)c3,6.57
217,CHEMBL293511,CCc1nc2c(C)cc(C)nc2n1Cc3ccc(cc3)c4ccccc4S(=O)(=O)NC(=O)c5ccccc5,8.52
218,CHEMBL15847,CCCCc1cc(Cn2c(CC)nc3c(C)cc(C)nc23)ccc1OC(C(=O)O)c4ccccc4,6.85
219,CHEMBL57976,CCc1nc2c(C)cc(C)nc2n1Cc3ccc(cc3)c4ccsc4S(=O)(=O)NC(=O)c5ccccc5,4.6
220,CHEMBL15671,CCc1nc2c(C)cc(C)nc2n1Cc3ccc(OC(C(=O)O)c4ccccc4)cc3,5.7
221,CHEMBL16165,CCCCC1=Nc2ccc(C)cc2C(=O)N1Cc3ccc(OC(C(=O)O)c4ccccc4)cc3,6.12
222,CHEMBL57853,CCc1nc2c(C)cc(C)nc2n1Cc3ccc(cc3)c4cc(Cc5ccccc5)sc4S(=O)(=O)NC(=O)c6ccccc6,6.82
223,CHEMBL15517,CCc1nc2c(C)cc(C)nc2n1Cc3ccc(OC(C(=O)O)c4ccccc4C)c(Cl)c3,5.77
225,CHEMBL15774,CCc1nc2c(C)cc(C)nc2n1Cc3ccc(OC(C(=O)O)c4ccccc4)c(c3)C(C)(C)C,6.52
227,CHEMBL16148,CCc1nc2c(C)cc(C)nc2n1Cc3ccc(OC(C(=O)O)c4ccccc4Cl)cc3,4.82
228,CHEMBL279103,CCCc1cc(Cn2c(CC)nc3c(C)cc(C)nc23)ccc1OC(C(=O)O)c4ccccc4OC,5.92
229,CHEMBL280290,CCc1nc2c(C)cc(C)nc2n1Cc3cc(Cl)c(OC(C(=O)O)c4ccccc4)c(Cl)c3,5.05
230,CHEMBL299897,CCc1nc2c(C)cc(C)nc2n1Cc3ccc(cc3)c4cc(sc4S(=O)(=O)NC(=O)c5ccccc5)[Si](C)(C)C,6.72
231,CHEMBL15816,CCc1nc2c(C)cc(C)nc2n1Cc3ccc(OC(C(=O)O)c4ccccc4)c(OC)c3,5.54
232,CHEMBL58291,CCc1nc2c(C)cc(C)nc2n1Cc3ccc(cc3)c4cc(C)sc4S(=O)(=O)NC(=O)c5ccccc5,5.4
233,CHEMBL292829,CCc1nc2c(C)cc(C)nc2n1Cc3ccc(cc3)c4cc(CN5CCOCC5)sc4S(=O)(=O)NC(=O)c6ccccc6,6.92
235,CHEMBL15606,CCc1nc2c(C)cc(C)nc2n1Cc3ccc(OC(C(=O)O)c4ccccc4C)cc3,5.28
236,CHEMBL15882,CCc1nc2c(C)cc(C)nc2n1Cc3ccc(OC(C(=O)O)c4ccccc4)c(c3)C(C)C,5.48
238,CHEMBL278955,CCc1nc2c(C)cc(C)nc2n1Cc3ccc(OC(C(=O)O)c4ccccc4)c(c3)C(=O)C,6.22
239,CHEMBL15458,CCOc1cc(Cn2c(CC)nc3c(C)cc(C)nc23)ccc1OC(C(=O)O)c4ccccc4,5.92
241,CHEMBL341407,CCc1nc2c(C)cc(C)nc2n1Cc3ccc4c(ccn4C(=O)c5ccccc5)c3,5.05
242,CHEMBL135999,CCc1nc2c(C)cc(C)nc2n1Cc3ccc4c(ccn4Cc5cc(Cl)c(Cl)cc5C(=O)O)c3,5.72
243,CHEMBL131676,CCc1nc2c(C)cc(C)nc2n1Cc3ccc4c(ccn4Cc5cccc(c5C(=O)O)[N+](=O)[O-])c3,4.85
247,CHEMBL335228,CCc1nc2c(C)cc(C)nc2n1Cc3ccc4c(ccn4Cc5ccccc5C(=O)OC)c3,4.68
249,CHEMBL134901,CCc1nc2c(C)cc(C)nc2n1Cc3ccc4c(ccn4C(=O)c5ccccc5NC(=O)O)c3,4.77
251,CHEMBL134307,CCc1nc2c(C)cc(C)nc2n1Cc3ccc4N(CCc4c3)C(C#N)c5cccc(C)c5,4.98
253,CHEMBL337086,CCc1nc2c(C)cc(C)nc2n1Cc3ccc4c(ccn4C(=O)c5c(Cl)ccc(Cl)c5C(=O)O)c3,5.57
254,CHEMBL132408,CCc1nc2c(C)cc(C)nc2n1Cc3ccc4c(ccn4C(=O)c5ccccc5c6nn[nH]n6)c3,6.89
255,CHEMBL135522,CCc1nc2c(C)cc(C)nc2n1Cc3ccc4N(CCc4c3)C(=O)c5ccccc5C#N,4.6
256,CHEMBL135521,CCc1nc2c(C)cc(C)nc2n1Cc3ccc4N(CCc4c3)C(C(=O)OC)c5ccccc5,4.8
257,CHEMBL134433,CCc1nc2c(C)cc(C)nc2n1Cc3ccc4N(CCc4c3)C(C#N)c5ccccc5C,4.89
262,CHEMBL134567,CCc1nc2c(C)cc(C)nc2n1Cc3ccc4N(Cc5cc(Cl)c(Cl)cc5C(=O)O)CCc4c3,6.0
264,CHEMBL135775,CCc1nc2c(C)cc(C)nc2n1Cc3ccc4c(ccn4Cc5c(Cl)cccc5c6nn[nH]n6)c3,4.92
265,CHEMBL135792,CCc1nc2c(C)cc(C)nc2n1Cc3ccc4N(CCc4c3)C(C#N)c5ccccc5,4.94
266,CHEMBL335535,CCc1nc2c(C)cc(C)nc2n1Cc3ccc4N(CCc4c3)C(=O)c5c(Cl)ccc(Cl)c5C(=O)O,5.19
269,CHEMBL134151,CCc1nc2c(C)cc(C)nc2n1Cc3ccc4N(CCc4c3)C(=O)c5ccccc5C(=O)O,5.0
271,CHEMBL335179,CCc1nc2c(C)cc(C)nc2n1Cc3ccc4N(CCc4c3)C(C#N)c5ccc(C)cc5,4.85
272,CHEMBL338505,CCc1nc2c(C)cc(C)nc2n1Cc3ccc4N(CCc4c3)C(C(=O)O)c5ccccc5,4.85
274,CHEMBL133653,CCc1nc2c(C)cc(C)nc2n1Cc3ccc4c(ccn4C(=O)c5ccccc5C(=O)O)c3,5.18
275,CHEMBL128527,OC(=O)C1Cc2cc(ccc2CN1C(=O)C(c3ccccc3)c4ccccc4)c5ccccc5,7.52
276,CHEMBL336991,CCCCCc1cccc2CN(C(Cc12)C(=O)O)C(=O)C(c3ccccc3)c4ccccc4,7.4
280,CHEMBL419979,COC(=O)C1Cc2c(CN1C(=O)C(c3ccccc3)c4ccccc4)cccc2c5ccccc5,5.7
281,CHEMBL128065,Cc1cccc2CN(C(Cc12)C(=O)O)C(=O)C(c3ccccc3)c4ccccc4,6.52
282,CHEMBL340187,COc1ccc(Cc2cccc3CN(C(Cc23)C(=O)O)C(=O)N(C)c4ccccc4)cc1,6.4
283,CHEMBL340467,OC(=O)C1Cc2cc(Oc3ccccc3)ccc2CN1C(=O)C(c4ccccc4)c5ccccc5,7.22
284,CHEMBL340902,OC(=O)C1Cc2c(Cc3ccccc3)cccc2CN1C(=O)C(c4ccccc4)c5ccccc5,7.16
285,CHEMBL128594,CN(C(=O)N1Cc2ccc(Oc3ccccc3)cc2CC1C(=O)O)c4ccccc4,6.52
287,CHEMBL128066,OC(=O)C1Cc2c(CN1C(=O)C(c3ccccc3)c4ccccc4)cccc2c5ccccc5,7.4
288,CHEMBL127844,COC(=O)C1Cc2c(C)cccc2CN1C(=O)C(c3ccccc3)c4ccccc4,5.3
289,CHEMBL340778,COc1ccc(cc1)c2cccc3CN(C(Cc23)C(=O)O)C(=O)C(c4ccccc4)c5ccccc5,7.4
290,CHEMBL338709,COc1ccc(Cc2cccc3CN(C(Cc23)C(=O)O)C(=O)C(c4ccccc4)c5ccccc5)cc1C,7.0
291,CHEMBL339706,COc1ccc(cc1C)c2cccc3CN(C(Cc23)C(=O)O)C(=O)C(c4ccccc4)c5ccccc5,7.16
292,CHEMBL340933,OC(=O)C1Cc2cc(O)ccc2CN1C(=O)C(c3ccccc3)c4ccccc4,6.22
295,CHEMBL340018,COC(=O)C1Cc2c(Cc3ccccc3)cccc2CN1C(=O)C(c4ccccc4)c5ccccc5,5.16
296,CHEMBL419974,COC(=O)C1Cc2c(CN1C(=O)C(c3ccccc3)c4ccccc4)cccc2c5ccc(OC)cc5,5.7
298,CHEMBL294558,COc1ccc(Cn2cnc3CN([C@@H](Cc23)C(=O)O)C(=O)C(c4ccccc4)c5ccccc5)cc1C,8.0
299,CHEMBL339485,COc1ccc(Cc2cccc3CN(C(Cc23)C(=O)O)C(=O)C(c4ccccc4)c5ccccc5)cc1,7.05
300,CHEMBL131940,COc1ccc(Cc2cccc3CN(C(Cc23)C(=O)O)C(=O)N(c4ccccc4)c5ccccc5)cc1,6.7
301,CHEMBL128416,OC(=O)C1Cc2ccccc2CN1C(=O)C(c3ccccc3)c4ccccc4,5.6
302,CHEMBL71485,CCc1nc2c(C)cc(C)nc2n1Cc3ccc(cc3)[C@@H]([C@H](C)C(=O)O)c4ccccc4,8.69
306,CHEMBL336180,CCc1nc2c(C)cc(C)nc2n1Cc3ccc(cc3)c4ccccc4S(=O)(=O)NC(=O)C5CC5,5.62
307,CHEMBL335778,CCc1nc2c(C)cc(C)nc2n1Cc3ccc(cc3)c4ccccc4S(=O)(=O)NC(=O)C(C)C,5.75
308,CHEMBL131156,CCCC(=O)NS(=O)(=O)c1ccccc1c2ccc(Cn3c(CC)nc4c(C)cc(C)nc34)cc2,5.44
312,CHEMBL349020,CCCCc1ncc(C(=O)OC)n1Cc2ccc(cc2)c3ccccc3S(=O)(=O)NC(=O)C4CC4,5.1
313,CHEMBL350493,CCCCc1nc(Cl)c(C(=O)OC)n1Cc2ccc(cc2)c3ccccc3S(=O)(=O)NC(=O)c4ccccc4,5.28
314,CHEMBL165354,CCCCc1nc(Cl)c(C(=O)O)n1Cc2ccc(cc2)c3ccccc3S(=O)(=O)NC(=O)c4ccccc4,5.02
317,CHEMBL350851,CCCCc1ncc(C(=O)OC)n1Cc2ccc(cc2)c3ccccc3NS(=O)(=O)NC(=O)C4CC4,5.0
322,CHEMBL349869,CCCc1nc(CC)c(C=O)n1Cc2ccc(cc2)c3ccccc3S(=O)(=O)NC(=O)C4CC4,5.7
324,CHEMBL162148,CCCc1nc(CC)c(C(=O)OC)n1Cc2ccc(cc2)c3ccccc3S(=O)(=O)NC(=O)c4ccccc4,6.0
326,CHEMBL163486,CCCc1nc(CC)c(C(=O)OC)n1Cc2ccc(cc2)c3ccccc3S(=O)(=O)NC(=O)C4CC4,5.68
327,CHEMBL349652,CCCCc1ncc(C(=O)OC)n1Cc2ccc(cc2)c3ccccc3NS(=O)(=O)NC(=O)c4ccccc4,5.75
328,CHEMBL165349,CCCc1nc(CC)c(C(=O)O)n1Cc2ccc(cc2)c3ccccc3S(=O)(=O)NC(=O)c4ccccc4,5.16
331,CHEMBL350121,CCCCCCCC(=O)NS(=O)(=O)Nc1ccccc1c2ccc(Cn3c(CCCC)ncc3C(=O)O)cc2,5.64
332,CHEMBL162859,CCCCc1ncc(C(=O)O)n1Cc2ccc(cc2)c3ccccc3S(=O)(=O)NC(=O)c4ccccc4,5.35
334,CHEMBL349856,CCCCc1ncc(C(=O)O)n1Cc2ccc(cc2)c3ccccc3S(=O)(=O)NC(=O)C4CC4,5.24
335,CHEMBL348758,CCCCCCCC(=O)NS(=O)(=O)Nc1ccccc1c2ccc(Cn3c(CCCC)ncc3C(=O)OC)cc2,6.3
336,CHEMBL312104,CCCc1nc(C)n2nc(O)nc2c1Cc3ccc(cc3)c4ccccc4c5nn[nH]n5,4.1
337,CHEMBL317962,CCCc1nc(CC)c(C(=O)CCN(C(=O)c2cccnc2)c3ccccn3)n1Cc4ccc(cc4F)c5ccccc5S(=O)(=O)NC(=O)OCCC(C)C,9.8
338,CHEMBL99112,CCCC(=O)N(CCC(=O)c1c(CC)nc(CCC)n1Cc2ccc(cc2)c3ccccc3S(=O)(=O)NC(=O)OCCC(C)C)c4cccnc4,9.0
339,CHEMBL415502,CCCc1nc(CC)c(C(=O)CCN(C(=O)C)c2cccnc2)n1Cc3ccc(cc3F)c4ccccc4S(=O)(=O)NC(=O)OCCC(C)C,8.52
340,CHEMBL98047,CCCC(=O)N(CCC(=O)c1c(CC)nc(CCC)n1Cc2ccc(cc2F)c3ccccc3S(=O)(=O)NC(=O)OCCC(C)C)c4ccccc4,9.82
343,CHEMBL317159,CCCc1nc(CC)c(C(=O)CCN(C(=O)c2ccncc2)c3cccnc3)n1Cc4ccc(cc4F)c5ccccc5S(=O)(=O)NC(=O)OCCC(C)C,9.0
344,CHEMBL98746,CCCc1nc(CC)c(C(=O)CCN(C(=O)C(C)C)c2cccnc2)n1Cc3ccc(cc3F)c4ccccc4S(=O)(=O)NC(=O)OCCC(C)C,9.0
347,CHEMBL98665,CCCc1nc(CC)c(C(=O)CCN(C(=O)c2ccccc2)c3ccccc3)n1Cc4ccc(cc4F)c5ccccc5S(=O)(=O)NC(=O)OCCC(C)C,9.75
349,CHEMBL430659,CCCc1nc(CC)c(C(=O)CCN(C(=O)c2ccncc2)c3ccccc3)n1Cc4ccc(cc4F)c5ccccc5S(=O)(=O)NC(=O)OCCC(C)C,10.0
350,CHEMBL99438,CCCN(CCC(=O)c1c(CC)nc(CCC)n1Cc2ccc(cc2F)c3ccccc3S(=O)(=O)NC(=O)OCCC(C)C)C(=O)c4ccccc4,8.4
352,CHEMBL101039,CCCN(CCC(=O)c1c(CC)nc(CCC)n1Cc2ccc(cc2F)c3ccccc3S(=O)(=O)NC(=O)OCCC(C)C)C(=O)CCC,8.3
354,CHEMBL316503,CCCc1nc(CC)c(C(=O)CCN(C(=O)CC)c2cccnc2)n1Cc3ccc(cc3F)c4ccccc4S(=O)(=O)NC(=O)OCCC(C)C,9.31
355,CHEMBL101455,CCCCN(CCC(=O)c1c(CC)nc(CCC)n1Cc2ccc(cc2F)c3ccccc3S(=O)(=O)NC(=O)OCCC(C)C)C(=O)c4ccccc4,8.0
358,CHEMBL328602,CCCc1nc(CC)c(C(=O)CCN(C(=O)c2cccnc2)c3cccnc3)n1Cc4ccc(cc4)c5ccccc5S(=O)(=O)NC(=O)OCCC(C)C,9.0
359,CHEMBL100119,CCCC(=O)N(CCC(=O)c1c(CC)nc(CCC)n1Cc2ccc(cc2F)c3ccccc3S(=O)(=O)NC(=O)OCCC(C)C)c4cccnc4,9.6
361,CHEMBL433005,CCCc1nc(CC)c(C(=O)CCN(C(=O)c2cccnc2)c3cccnc3)n1Cc4ccc(cc4F)c5ccccc5S(=O)(=O)NC(=O)OCCC(C)C,9.66
364,CHEMBL290669,CC(C)C1=Nc2ccc(cc2C(=O)N1Cc3ccc(cc3)c4ccccc4c5nn[nH]n5)N(Cc6ccccc6)C(=O)c7ccccc7,9.46
365,CHEMBL287250,CCCC1=Nc2ccc(cc2C(=O)N1Cc3ccc(cc3)c4ccccc4c5nn[nH]n5)N(C(=O)c6ccccc6)c7ccccc7,9.16
366,CHEMBL276853,CCC1=Nc2ccc(cc2C(=O)N1Cc3ccc(cc3)c4ccccc4c5nn[nH]n5)N(CC=C(C)C)C(=O)c6ccccc6,9.0
367,CHEMBL24322,CCCCC1=Nc2ccc(NC(=O)N(C)C(C)C)cc2C(=O)N1Cc3ccc(cc3)c4ccccc4c5nn[nH]n5,5.35
368,CHEMBL37919,CCCCC1=Nc2ccc(cc2C(=O)N1Cc3ccc(cc3)c4ccccc4c5nn[nH]n5)N(Cc6ccccc6)C(=O)OCC(C)C,7.48
369,CHEMBL284123,CCC1=Nc2ccc(cc2C(=O)N1Cc3ccc(cc3)c4ccccc4c5nn[nH]n5)N(Cc6ccccc6)C(=O)OCC(C)C,8.48
370,CHEMBL290768,CC(C)C1=Nc2ccc(cc2C(=O)N1Cc3ccc(cc3)c4ccccc4c5nn[nH]n5)N(Cc6ccccc6)C(=O)c7cccs7,9.62
371,CHEMBL285433,CCC1=Nc2ccc(cc2C(=O)N1Cc3ccc(cc3)c4ccccc4c5nn[nH]n5)N(Cc6ccccc6Cl)C(=O)c7ccccc7,9.34
372,CHEMBL285432,CC1=Nc2ccc(cc2C(=O)N1Cc3ccc(cc3)c4ccccc4c5nn[nH]n5)N(Cc6ccccc6)C(=O)c7ccccc7,8.85
373,CHEMBL34082,CCC1=Nc2ccc(cc2C(=O)N1Cc3ccc(cc3)c4ccccc4c5nn[nH]n5)N(Cc6ccccc6)C(=O)c7ccccc7,9.66
374,CHEMBL35638,CCC1=Nc2ccc(cc2C(=O)N1Cc3ccc(cc3)c4ccccc4c5nn[nH]n5)N(Cc6ccccc6)C(=O)c7ccncc7,9.0
375,CHEMBL108981,CCCC1=Nc2ccc(cc2C(=O)N1Cc3ccc(cc3)c4ccccc4c5nn[nH]n5)N(Cc6ccccc6)C(=O)OCC(C)C,9.22
376,CHEMBL289472,CCC1=Nc2ccc(cc2C(=O)N1Cc3ccc(cc3)c4ccccc4c5nn[nH]n5)N(Cc6ccccc6)C(=O)c7cccs7,10.22
377,CHEMBL35324,CC1=Nc2ccc(cc2C(=O)N1Cc3ccc(cc3)c4ccccc4c5nn[nH]n5)N(Cc6ccccc6Cl)C(=O)c7ccccc7,9.13
378,CHEMBL299887,CCCCCN(CCCCC)C(=O)N1CCN([C@H](CO)C1)C(=O)N(c2ccccc2)c3ccccc3,7.52
379,CHEMBL64861,CCCCCN(CCCCC)C(=O)N1CCN([C@@H](C1)C(=O)O)C(=O)N(c2ccccc2)c3cccc(Br)c3,9.22
380,CHEMBL59913,CCCCCN(CCCCC)C(=O)N1CCN([C@H](C1)C(=O)O)C(=O)N(c2ccccc2)c3ccccc3,8.35
381,CHEMBL64714,CN(C(=O)N1CCN([C@@H](C1)C(=O)O)C(=O)N(c2ccccc2)c3ccccc3)c4ccccc4,6.77
382,CHEMBL64881,CCCCCN(CCCCC)C(=O)N1CCN(C(C1)C(=O)O)C(=O)N(c2ccccc2)c3ccccc3,8.77
383,CHEMBL63109,CCCCCN(CCCCC)C(=O)N1CCN([C@@H](C1)C(=O)O)C(=O)N(c2ccccc2)c3ccccc3,8.85
384,CHEMBL60209,CCCCCN(C(=O)N1CCN(C[C@H]1C(=O)O)C(=O)N(c2ccccc2)c3ccccc3)c4ccccc4,7.7
385,CHEMBL62422,CCCCCN(CCCCC)C(=O)N1CCN([C@@H](C1)C(=O)O)C(=O)N(c2ccccc2)c3ccc(Br)cc3,8.57
386,CHEMBL64674,CCCCCN(CCCCC)C(=O)N1CCN([C@@H](C1)C(=O)O)C(=O)N(c2ccccc2)c3ccc(cc3)C(=O)O,6.75
387,CHEMBL293625,CCCCCN(CCCCC)C(=O)N1CCN(C(C1)C(=O)O)C(=O)C(c2ccccc2)c3ccccc3,8.96
388,CHEMBL59854,CCCCCN(CCCCC)C(=O)N1CCN(CC1)C(=O)N(c2ccccc2)c3ccccc3,7.16
389,CHEMBL64575,CCCCCN(CCCCC)C(=O)N1CCN([C@@H](C1)C(=O)O)C(=O)N(c2ccccc2)c3ccc(cc3)C(=O)OCC,7.46
391,CHEMBL64280,CCCCCN(C)C(=O)N1CCN([C@@H](C1)C(=O)O)C(=O)N(c2ccccc2)c3ccccc3,7.82
392,CHEMBL292939,CCCCCN(CCCCC)C(=O)N1CCN([C@@H](C1)C(=O)OC)C(=O)N(c2ccccc2)c3ccccc3,7.92
393,CHEMBL62754,CCCCCN(CCCCC)C(=O)N1CCN([C@@H](C1)C(=O)O)C(=O)N(c2ccccc2)c3cccc(OC)c3,8.11
394,CHEMBL277567,CC(C)N(C(C)C)C(=O)N1CCN([C@@H](C1)C(=O)O)C(=O)N(c2ccccc2)c3ccccc3,7.4
395,CHEMBL62157,CCCCCN(CCCCC)C(=O)N1CCN([C@@H](C1)C(=O)O)C(=O)N(CCCCC)CCCCC,7.09
397,CHEMBL60071,CCCCCN(CCCCC)C(=O)N1CCN([C@@H](C1)C(=O)O)C(=O)N(c2ccccc2)c3cccc(Cl)c3,9.4
398,CHEMBL293414,O=C(N(c1ccccc1)c2ccccc2)N3CCN(CC3)C(=O)N(c4ccccc4)c5ccccc5,7.43
399,CHEMBL62806,CC1CN(C(C)CN1C(=O)N(c2ccccc2)c3ccccc3)C(=O)N(c4ccccc4)c5ccccc5,8.0
401,CHEMBL291818,CC1CN(CCN1C(=O)N(c2ccccc2)c3ccccc3)C(=O)N(c4ccccc4)c5ccccc5,7.82
402,CHEMBL293660,CCCCCN(CCCCC)C(=O)N1CCN([C@@H](C1)C(=O)O)C(=O)N(c2ccccc2)c3cccc(C)c3,9.16
403,CHEMBL303755,CCCCCN(CCCCC)C(=O)N1CCN([C@@H](C1)C(=O)O)C(=O)N(c2ccccc2)c3ccc(O)cc3,6.64
404,CHEMBL293195,CCCCCN(CCCCC)C(=O)N1CCN(C[C@H]1C(=O)O)C(=O)N(c2ccccc2)c3ccccc3,7.64
405,CHEMBL63046,CCCCCN(CCCCC)C(=O)N1CCN([C@H](CCO)C1)C(=O)N(c2ccccc2)c3ccccc3,7.82
406,CHEMBL62744,CCCCCN(CCCCC)C(=O)N1CCN([C@@H](C1)C(=O)O)C(=O)N(c2ccccc2)c3ccc(I)cc3,8.16
407,CHEMBL42101,CCCCc1nc2C=CN(CC(=O)N(c3ccccc3)c4ccccc4)C(=O)c2n1Cc5ccc(cc5)c6ccccc6c7nn[nH]n7,6.52
412,CHEMBL169279,CCCC1=Nc2ccc(NC(=O)N3CCOCC3)cc2C(=O)N1Cc4ccc(cc4)c5ccccc5S(=O)(=O)NC(=O)OCCCC(C)C,8.1
413,CHEMBL169968,CCCC1=Nc2ccc(NC(=O)N3CCOCC3)cc2C(=O)N1Cc4ccc(cc4)c5ccccc5S(=O)(=O)NC(=O)OCCC(C)C,8.55
414,CHEMBL169967,CCCCOC(=O)NS(=O)(=O)c1ccccc1c2ccc(CN3C(=Nc4ccc(NC(=O)N(C)C(C)C)cc4C3=O)CCC)cc2,8.5
415,CHEMBL353615,CCCCNC(=O)Nc1ccc2N=C(CCC)N(Cc3ccc(cc3)c4ccccc4S(=O)(=O)NC(=O)OCCCC)C(=O)c2c1,8.34
416,CHEMBL352503,CCCCOC(=O)NS(=O)(=O)c1ccccc1c2ccc(CN3C(=Nc4ccc(NC(=O)CCCC)cc4C3=O)CCC)cc2,8.28
417,CHEMBL352502,CCCC1=Nc2ccc(NC(=O)c3ccccc3)cc2C(=O)N1Cc4ccc(cc4)c5ccccc5S(=O)(=O)NC(=O)OCCC(C)C,8.68
418,CHEMBL168771,CCCC1=Nc2ccc(NC(=O)c3ccccc3)cc2C(=O)N1Cc4ccc(cc4)c5ccccc5S(=O)(=O)NC(=O)c6ccccc6,7.8
419,CHEMBL353037,CCCCOC(=O)NS(=O)(=O)c1ccccc1c2ccc(CN3C(=Nc4ccc(NC(=O)NC(C)C)cc4C3=O)CCC)cc2,8.44
420,CHEMBL354298,CCCCC1=Nc2ccc(NC(=O)NCC)cc2C(=O)N1Cc3ccc(cc3)c4ccccc4S(=O)(=O)NC(=O)Oc5occc5C,8.05
421,CHEMBL169568,CCCCOC(=O)NS(=O)(=O)c1ccccc1c2ccc(CN3C(=Nc4ccc(NC(=O)NCCC)cc4C3=O)CCC)cc2,8.44
422,CHEMBL169221,CCCCOC(=O)NS(=O)(=O)c1ccccc1c2ccc(CN3C(=Nc4ccc(NC(=O)NCC)cc4C3=O)CCC)cc2,8.2
423,CHEMBL168346,CCCCOC(=O)NS(=O)(=O)c1ccccc1c2ccc(CN3C(=Nc4ccc(cc4C3=O)[N+](=O)[O-])CCC)cc2,6.24
424,CHEMBL352771,CCCCC1=Nc2ccc(NC(=O)NC(C)C)cc2C(=O)N1Cc3ccc(cc3)c4ccccc4S(=O)(=O)NC(=O)c5ccccc5,7.92
425,CHEMBL168413,CCCOC(=O)NS(=O)(=O)c1ccccc1c2ccc(CN3C(=Nc4ccc(NC(=O)NC(C)C)cc4C3=O)CCC)cc2,7.7
426,CHEMBL353980,CCCC1=Nc2ccc(NC(=O)Nc3ccccc3)cc2C(=O)N1Cc4ccc(cc4)c5ccccc5S(=O)(=O)NC(=O)OCCC(C)C,7.82
427,CHEMBL353800,CCCCOC(=O)NS(=O)(=O)c1ccccc1c2ccc(CN3C(=Nc4ccc(NC(=O)NC(C)C)cc4C3=O)CCCC)cc2,8.48
428,CHEMBL169798,CCCC1=Nc2ccc(NC(=O)C)cc2C(=O)N1Cc3ccc(cc3)c4ccccc4S(=O)(=O)NC(=O)C,6.54
429,CHEMBL168490,CCCCOC(=O)NS(=O)(=O)c1ccccc1c2ccc(CN3C(=Nc4ccc(NC(=O)NC)cc4C3=O)CCC)cc2,8.0
430,CHEMBL352947,CCCCC1=Nc2ccc(NC(=O)N(C)C(C)C)cc2C(=O)N1Cc3ccc(cc3)c4ccccc4S(=O)(=O)NC(=O)OCCC(C)C,8.8
431,CHEMBL352629,CCCCC1=Nc2ccc(NC(=O)NC(C)C)cc2C(=O)N1Cc3ccc(cc3)c4ccccc4S(=O)(=O)NC(=O)OCCOC,7.89
432,CHEMBL169827,CCC1=Nc2ccc(cc2C(=O)N1Cc3ccc(cc3)c4ccccc4S(=O)(=O)NC(=O)c5ccccc5)N(Cc6ccccc6)C(=O)c7ccccc7,6.4
433,CHEMBL352458,CCCC1=Nc2ccc(NC(=O)c3occc3)cc2C(=O)N1Cc4ccc(cc4)c5ccccc5S(=O)(=O)NC(=O)OCCC(C)C,8.3
434,CHEMBL354080,CCCC1=Nc2ccc(NC(=O)NCC)cc2C(=O)N1Cc3ccc(cc3)c4ccccc4S(=O)(=O)NC(=O)OCCC(C)(C)C,8.36
435,CHEMBL169009,CCCCOC(=O)NS(=O)(=O)c1ccccc1c2ccc(CN3C(=Nc4ccc(N)cc4C3=O)CCC)cc2,6.77
436,CHEMBL169488,CCCCOC(=O)NS(=O)(=O)c1ccccc1c2ccc(CN3C(=Nc4ccc(NC(=O)NCC)cc4C3=O)CCCC)cc2,8.13
438,CHEMBL354779,CCCCCOC(=O)NS(=O)(=O)c1ccccc1c2ccc(CN3C(=Nc4ccc(NC(=O)NC(C)C)cc4C3=O)CCCC)cc2,8.54
439,CHEMBL342843,CCCCC1=NN(C(=O)N1Cc2ccc(cc2)c3ccccc3S(=O)(=O)NC(=O)c4ccccc4Cl)c5cc(N)ccc5Cl,6.41
440,CHEMBL343719,CCCCC1=NN(C(=O)N1Cc2ccc(cc2)c3ccccc3S(=O)(=O)NC(=O)c4ccccc4Cl)c5cccc(N)c5,6.85
442,CHEMBL135089,CCc1nc2c(C)cc(C)nc2n1Cc3ccc(cc3)N(CC=C)C(C(=O)O)c4ccccc4,6.31
443,CHEMBL334832,CCc1nc2c(C)cc(C)nc2n1Cc3ccc(N(CC=C)C(C(=O)O)c4ccccc4C)c(C)c3,4.96
444,CHEMBL134286,CCc1nc2c(C)cc(C)nc2n1Cc3ccc(cc3)N(CC4CC4)C(C(=O)O)c5ccccc5,5.66
445,CHEMBL335066,CCCN(C(C(=O)O)c1ccccc1)c2ccc(Cn3c(CC)nc4c(C)cc(C)nc34)cc2C,5.32
446,CHEMBL344811,CCCCN(C)C(=O)c1ccc(Cl)c(c1)N2N=C(CCCC)N(Cc3ccc(cc3)c4ccccc4S(=O)(=O)NC(=O)c5ccccc5Cl)C2=O,7.24
447,CHEMBL138690,CCCCC1=NN(C(=O)N1Cc2ccc(cc2)c3ccccc3S(=O)(=O)NC(=O)c4occ(Cl)c4Cl)c5cc(NC(=O)CC)ccc5Cl,8.47
448,CHEMBL275552,CCCCC1=NN(C(=O)N1Cc2ccc(cc2)c3ccccc3S(=O)(=O)NC(=O)c4ccccc4Cl)c5cc(NC(=O)CC)ccc5C(F)(F)F,8.68
449,CHEMBL335722,CCCN(C(C(=O)NS(=O)(=O)c1ccccc1)c2ccccc2)c3ccc(Cn4c(CC)nc5c(C)cc(C)nc45)cc3,6.38
450,CHEMBL293501,CCCCC1=NN(C(=O)N1Cc2ccc(cc2)c3ccccc3S(=O)(=O)NC(=O)c4ccccc4Cl)c5cccc(c5)[N+](=O)[O-],6.76
451,CHEMBL135345,CCc1nc2c(C)cc(C)nc2n1Cc3ccc(cc3)N(C)C(C(=O)O)c4ccccc4,5.47
452,CHEMBL343142,CCCCC1=NN(C(=O)N1Cc2ccc(cc2)c3ccccc3S(=O)(=O)NC(=O)c4ccccc4Cl)c5cc(NC(=O)CC(C)C)ccc5Cl,8.64
453,CHEMBL343309,CCCCC1=NN(C(=O)N1Cc2ccc(cc2)c3ccccc3S(=O)(=O)NC(=O)c4ccccc4Cl)c5cc(NC(=O)C6CC6)ccc5Cl,8.36
454,CHEMBL344467,CCCCC1=NN(C(=O)N1Cc2ccc(cc2)c3ccccc3S(=O)(=O)NC(=O)c4ccccc4Cl)c5cccc(NC(=O)CC)c5,7.47
456,CHEMBL337007,CCN(C(C(=O)NS(=O)(=O)c1ccccc1)c2ccccc2)c3ccc(Cn4c(CC)nc5c(C)cc(C)nc45)cc3,6.7
458,CHEMBL337006,CCc1nc2c(C)cc(C)nc2n1Cc3ccc(cc3)N(CC=C)C(C(=O)NS(=O)(=O)c4ccccc4)c5ccccc5,5.54
459,CHEMBL136465,CCCCC1=NN(C(=O)N1Cc2ccc(cc2)c3ccccc3S(=O)(=O)NC(=O)c4ccccc4Cl)c5cc(NC(=O)C(C)(C)C)ccc5Cl,7.89
460,CHEMBL435792,CCCCC1=NN(C(=O)N1Cc2ccc(cc2)c3ccccc3S(=O)(=O)NC(=O)c4ccccc4Cl)c5cc(NC(=O)CC(C)(C)C)ccc5Cl,8.25
461,CHEMBL139452,CCCCC1=NN(C(=O)N1Cc2ccc(cc2)c3ccccc3S(=O)(=O)NC(=O)c4ccccc4Cl)c5cc(NC(=O)NCCC)ccc5Cl,8.32
462,CHEMBL337663,CCc1nc2c(C)cc(C)nc2n1Cc3ccc(cc3)N(CC=C)C(C(=O)O)c4cc(F)ccc4F,5.06
463,CHEMBL341715,CCCCC1=NN(C(=O)N1Cc2ccc(cc2)c3ccccc3S(=O)(=O)NC(=O)c4ccccc4Cl)c5ccc(cc5C(F)(F)F)[N+](=O)[O-],6.72
464,CHEMBL335514,CCc1nc2c(C)cc(C)nc2n1Cc3ccc(NC(C(=O)O)c4ccccc4)cc3,4.68
466,CHEMBL139582,CCCCC1=NN(C(=O)N1Cc2ccc(cc2)c3ccccc3S(=O)(=O)NC(=O)c4ccccc4Cl)c5cc(NCCC)ccc5Cl,7.54
467,CHEMBL344387,CCCCC1=NN(C(=O)N1Cc2ccc(cc2)c3ccccc3S(=O)(=O)NC(=O)c4ccccc4Cl)c5ccc(N)cc5C(F)(F)F,7.24
468,CHEMBL139041,CCCCC1=NN(C(=O)N1Cc2ccc(cc2)c3ccccc3S(=O)(=O)NC(=O)c4ccccc4Cl)c5cc(NC(=O)OCCC)ccc5Cl,8.18
469,CHEMBL344466,CCCCCNC(=O)c1ccc(N2N=C(CCCC)N(Cc3ccc(cc3)c4ccccc4S(=O)(=O)NC(=O)c5ccccc5Cl)C2=O)c(Cl)c1,6.73
472,CHEMBL338101,CCCCNC(=O)c1ccc(Cl)c(c1)N2N=C(CCCC)N(Cc3ccc(cc3)c4ccccc4S(=O)(=O)NC(=O)c5ccccc5Cl)C2=O,8.62
473,CHEMBL337588,CCCCC1=NN(C(=O)N1Cc2ccc(cc2)c3ccccc3S(=O)(=O)NC(=O)c4ccccc4Cl)c5ccc(cc5Cl)C(=O)OCC,6.7
474,CHEMBL335289,CCN(C(C(=O)O)c1ccccc1)c2ccc(Cn3c(CC)nc4c(C)cc(C)nc34)cc2C,5.07
475,CHEMBL336773,CCc1nc2c(C)cc(C)nc2n1Cc3ccc(N(CC=C)C(C(=O)O)c4ccccc4)c(C)c3,5.37
476,CHEMBL132807,CCN(C(C(=O)O)c1cc(cc(c1)C(F)(F)F)C(F)(F)F)c2ccc(Cn3c(CC)nc4c(C)cc(C)nc34)cc2,4.92
477,CHEMBL341783,CCCCC1=NN(C(=O)N1Cc2ccc(cc2)c3ccccc3S(=O)(=O)NC(=O)c4ccccc4Cl)c5cc(ccc5Cl)C(=O)OC,7.77
478,CHEMBL141592,CCCCC1=NN(C(=O)N1Cc2ccc(cc2)c3ccccc3S(=O)(=O)NC(=O)c4ccccc4Cl)c5cc(ccc5Cl)[N+](=O)[O-],6.64
479,CHEMBL135704,CCc1nc2c(C)cc(C)nc2n1Cc3ccc(NC(C(=O)O)c4ccccc4)c(C)c3,4.96
480,CHEMBL341828,CCCCC(=O)Nc1ccc(Cl)c(c1)N2N=C(CCCC)N(Cc3ccc(cc3)c4ccccc4S(=O)(=O)NC(=O)OC(C)(C)C)C2=O,8.85
481,CHEMBL135929,CCC(C)N(C(C(=O)O)c1ccccc1)c2ccc(Cn3c(CC)nc4c(C)cc(C)nc34)cc2,5.8
482,CHEMBL96075,CCCCC(=O)Nc1ccc(Cl)c(c1)N2N=C(CCCC)N(Cc3ccc(cc3)c4ccccc4S(=O)(=O)NC(=O)c5ccccc5Cl)C2=O,8.8
483,CHEMBL140708,CCCCC1=NN(C(=O)N1Cc2ccc(cc2)c3ccccc3S(=O)(=O)NC(=O)c4ccccc4Cl)c5cc(NC(=O)Cc6ccccc6)ccc5Cl,8.19
484,CHEMBL135819,CCc1nc2c(C)cc(C)nc2n1Cc3ccc(NC(C(=O)O)c4cc(cc(c4)C(F)(F)F)C(F)(F)F)cc3,5.22
486,CHEMBL93907,CCCCC1=NN(C(=O)N1Cc2ccc(cc2)c3ccccc3S(=O)(=O)NC(=O)c4ccccc4Cl)c5cc(NC(=O)CC)ccc5Cl,8.6
487,CHEMBL341934,CCCCC1=NN(C(=O)N1Cc2ccc(cc2)c3ccccc3S(=O)(=O)NC(=O)c4ccccc4Cl)c5cc(NC(=O)CCC)ccc5Cl,8.64
489,CHEMBL134491,CCN(C(C(=O)O)c1cccc(C)c1)c2ccc(Cn3c(CC)nc4c(C)cc(C)nc34)cc2,5.68
490,CHEMBL424643,CCc1nc2c(C)cc(C)nc2n1Cc3ccc(N(C)C(C(=O)O)c4ccccc4)c(C)c3,4.96
491,CHEMBL342605,CCCCC1=NN(C(=O)N1Cc2ccc(cc2)c3ccccc3S(=O)(=O)NC(=O)c4ccccc4Cl)c5ccc(NC(=O)CC)cc5C(F)(F)F,7.0
492,CHEMBL138654,CCCCC1=NN(C(=O)N1Cc2ccc(cc2)c3ccccc3S(=O)(=O)NC(=O)OC(C)(C)C)c4ccc(cc4Cl)C(=O)OCC,6.51
493,CHEMBL139325,CCCCC1=NN(C(=O)N1Cc2ccc(cc2)c3ccccc3S(=O)(=O)NC(=O)c4ccccc4Cl)c5cc(NC(=O)c6ccccc6)ccc5Cl,8.39
495,CHEMBL341986,CCCCC(=O)Nc1cccc(N2N=C(CCCC)N(Cc3ccc(cc3)c4ccccc4S(=O)(=O)NC(=O)c5ccccc5Cl)C2=O)c1C,6.87
496,CHEMBL336738,CCCN(C(C(=O)O)c1ccccc1)c2ccc(Cn3c(CC)nc4c(C)cc(C)nc34)cc2,6.25
498,CHEMBL336808,CCCCN(C(C(=O)O)c1ccccc1)c2ccc(Cn3c(CC)nc4c(C)cc(C)nc34)cc2,6.18
500,CHEMBL424465,CCc1nc2c(C)cc(C)nc2n1Cc3ccc(NC(C(=O)O)c4ccccc4C)c(C)c3,4.72
501,CHEMBL337118,CCCCC1=NN(C(=O)N1Cc2ccc(cc2)c3ccccc3S(=O)(=O)NC(=O)c4ccccc4Cl)c5cc(NC(=O)C(C)C)ccc5Cl,8.36
503,CHEMBL265797,CCCCC1=NN(C(=O)N1Cc2ccc(cc2)c3ccccc3S(=O)(=O)NC(=O)c4ccccc4Cl)c5cc(NC(=O)C)ccc5Cl,7.92
504,CHEMBL135346,CCN(C(C(=O)O)c1ccccc1)c2ccc(Cn3c(CC)nc4c(C)cc(C)nc34)cc2,6.13
507,CHEMBL140619,CCCCC(=O)Nc1cccc(c1)N2N=C(CCCC)N(Cc3ccc(cc3)c4ccccc4S(=O)(=O)NC(=O)c5ccccc5Cl)C2=O,7.82
508,CHEMBL342492,CCCCC1=NN(C(=O)N1Cc2ccc(cc2)c3ccccc3S(=O)(=O)NC(=O)c4ccccc4Cl)c5ccc(NCc6ccccc6)cc5C(F)(F)F,6.97
509,CHEMBL344597,CCCCC1=NN(C(=O)N1Cc2ccc(cc2)c3ccccc3S(=O)(=O)NC(=O)c4ccccc4Cl)c5cc(NC(=O)CCc6ccccc6)ccc5Cl,8.54
510,CHEMBL68786,CCCCC(=O)Nc1cnc2c(c1)nc(CCCC)n2Cc3ccc(cc3)c4ccccc4S(=O)(=O)NC(=O)CCCC,7.76
513,CHEMBL306407,CCCCOC(=O)NS(=O)(=O)c1ccccc1c2ccc(Cn3c(CCCC)nc4cc(NC(=O)CCCC)c(C)nc34)cc2,9.33
515,CHEMBL304947,CCCCC(=O)Nc1cc2nc(CCCC)n(Cc3ccc(cc3)c4ccccc4S(=O)(=O)NC(=O)CCC5CCCC5)c2nc1C,9.51
516,CHEMBL71388,CCCCOC(=O)NS(=O)(=O)c1ccccc1c2ccc(Cn3c(CCC)nc4c(C)c(NC(=O)CCCC)cnc34)cc2,8.65
517,CHEMBL308237,CCCC(=O)Nc1cnc2c(nc(CCC)n2Cc3ccc(cc3)c4ccccc4S(=O)(=O)NC(=O)c5ccc(CCC)cc5)c1C,8.41
518,CHEMBL67801,CCCCCC(=O)NS(=O)(=O)c1ccccc1c2ccc(Cn3c(CCCC)nc4cc(NC(=O)CCCC)cnc34)cc2,8.57
519,CHEMBL308238,CCCC(=O)Nc1cnc2c(nc(CCC)n2Cc3ccc(cc3)c4ccccc4S(=O)(=O)NC(=O)c5ccccc5)c1C,7.23
520,CHEMBL67805,CCCCOC(=O)NS(=O)(=O)c1ccccc1c2ccc(Cn3c(CC)nc4cc(NC(=O)CCCC)cnc34)cc2,8.38
521,CHEMBL71925,CCCCc1nc2c(C)c(NC(=O)N(c3ccccc3)c4ccccc4)cnc2n1Cc5ccc(cc5)c6ccccc6c7nn[nH]n7,6.85
522,CHEMBL306641,CCCCNC(=O)NS(=O)(=O)c1ccccc1c2ccc(Cn3c(CCC)nc4c(C)c(NC(=O)CCC)cnc34)cc2,7.55
523,CHEMBL448476,CCCCc1nc2cc(NC(=O)N(c3ccccc3)c4ccccc4)c(C)nc2n1Cc5ccc(cc5)c6ccccc6c7nn[nH]n7,6.29
524,CHEMBL307757,CCCCN(C(=O)c1ccccc1)c2cnc3c(nc(CCCC)n3Cc4ccc(cc4)c5ccccc5c6nn[nH]n6)c2C,6.4
525,CHEMBL304946,CCCC(=O)Nc1c(C)nc2c(nc(CCC)n2Cc3ccc(cc3)c4ccccc4S(=O)(=O)NC(=O)CCC5CCCC5)c1C,9.6
526,CHEMBL68638,CCc1nc2c(C)cc(C)nc2n1Cc3ccc(cc3)c4ccccc4S(=O)(=O)NC(=O)CCC5CCCC5,7.48
527,CHEMBL67921,CCCCOC(=O)NS(=O)(=O)c1ccccc1c2ccc(Cn3c(CCC)nc4c(C)c(NC(=O)CCC)cnc34)cc2,8.25
528,CHEMBL302519,CCCC(=O)Nc1cnc2c(nc(CCC)n2Cc3ccc(cc3)c4ccccc4S(=O)(=O)NC(=O)OCc5ccccc5)c1C,9.03
529,CHEMBL68618,CCCCC(=O)Nc1cnc2c(c1)nc(CCCC)n2Cc3ccc(cc3)c4ccccc4S(=O)(=O)NC(=O)CCC5CCCC5,9.35
530,CHEMBL71253,CCCCC(=O)N(Cc1ccccc1)c2cc3nc(CCCC)n(Cc4ccc(cc4)c5ccccc5c6nn[nH]n6)c3nc2C,6.05
531,CHEMBL318605,CCCCOC(=O)NS(=O)(=O)c1ccccc1c2ccc(Cn3c(CC)nc4c(C)cc(C)nc34)cc2,7.02
532,CHEMBL105199,CCCCOC(=O)NS(=O)(=O)c1ccc(C)cc1c2ccc(Cn3c(CC)nc4c(C)cc(C)nc34)cc2,7.06
533,CHEMBL449095,CCCCOC(=O)NS(=O)(=O)c1ccc(CC)cc1c2ccc(Cn3c(CC)nc4c(C)cc(C)nc34)cc2,7.43
536,CHEMBL280526,CCCCC1=Nc2ccc(NC(=O)OCC(C)C)cc2C(=O)N1Cc3ccc(cc3)c4ccccc4c5nn[nH]n5,5.27
537,CHEMBL110265,CCCC1=Nc2ccc(NC(=O)OCC(C)C)cc2C(=O)N1Cc3ccc(cc3)c4ccccc4c5nn[nH]n5,5.66
538,CHEMBL326217,CCCC1=Nc2ccc(cc2C(=O)N1Cc3ccc(cc3)c4ccccc4c5nn[nH]n5)N(C)C(=O)OCC(C)C,6.68
540,CHEMBL24861,CCCCC1=Nc2ccc(cc2C(=O)N1Cc3ccc(cc3)c4ccccc4c5nn[nH]n5)N(C)C(=O)OCC(C)C,5.66
542,CHEMBL322471,CCCOC(=O)N(Cc1ccccc1)c2ccc3N=C(CCC)N(Cc4ccc(cc4)c5ccccc5c6nn[nH]n6)C(=O)c3c2,9.1
543,CHEMBL324629,CCCCC(=O)N(Cc1ccccc1)c2ccc3N=C(CCC)N(Cc4ccc(cc4)c5ccccc5c6nn[nH]n6)C(=O)c3c2,9.4
545,CHEMBL88170,CCCCc1nc2C=CN(C(C(=O)OC(C)C)c3ccccc3)C(=O)c2n1Cc4ccc(cc4)c5ccccc5c6nn[nH]n6,7.5
546,CHEMBL316063,CCCCc1nc2C=CN(C(C(=O)OC)c3ccccc3)C(=O)c2n1Cc4ccc(cc4)c5ccccc5c6nn[nH]n6,6.6
547,CHEMBL92206,CCCCc1nc2C=CN(C(C(=O)OC(C)C)c3ccc(Cl)cc3)C(=O)c2n1Cc4ccc(cc4)c5ccccc5c6nn[nH]n6,6.78
548,CHEMBL328997,CCCCc1nc2C=CN(C(C(=O)c3ccccc3)c4ccccc4)C(=O)c2n1Cc5ccc(cc5)c6ccccc6c7nn[nH]n7,6.48
549,CHEMBL313142,CCCCc1nc2C=CN(C(C(=O)NC(C)C)c3ccccc3)C(=O)c2n1Cc4ccc(cc4)c5ccccc5c6nn[nH]n6,6.52
550,CHEMBL122212,CCCc1cc(Cn2c(CC)nc3c(C)cc(C)nc23)cc(CCC)c1OC(C(=O)O)c4ccccc4,5.59
551,CHEMBL340367,CCCc1cc(Cn2c(CC)nc3c(C)cc(C)nc23)cc(CCC)c1OC(C(=O)O)c4cccc(Oc5ccccc5)c4,5.8
552,CHEMBL123562,CCCc1cc(Cn2c(CC)nc3c(C)cc(C)nc23)cc(CCC)c1OC(C(=O)O)c4ccc(CC)cc4,6.62
553,CHEMBL331797,CCCc1cc(Cn2c(CC)nc3c(C)cc(C)nc23)cc(CCC)c1OC(C(=O)O)c4ccc(Oc5ccccc5)cc4,5.72
554,CHEMBL121891,CCCc1cc(Cn2c(CC)nc3c(C)cc(C)nc23)cc(CCC)c1OC(C(=O)O)c4ccccc4C,5.13
555,CHEMBL329655,CCCCc1nc2C=CN(C(C(=O)N(C)c3ccccc3)c4ccccc4)C(=O)c2n1Cc5ccc(cc5)c6ccccc6c7nn[nH]n7,6.82
556,CHEMBL122017,CCCc1cc(Cn2c(CC)nc3c(C)cc(C)nc23)cc(CCC)c1OC(C(=O)O)c4cccc(Cl)c4,5.64
557,CHEMBL315302,CCCCc1nc2C=CN(C(C(=O)C)c3ccccc3)C(=O)c2n1Cc4ccc(cc4)c5ccccc5c6nn[nH]n6,6.5
558,CHEMBL315400,CCCCc1nc2C=CN(C(C(=O)OC(C)C)c3cccc(Cl)c3)C(=O)c2n1Cc4ccc(cc4)c5ccccc5c6nn[nH]n6,6.44
559,CHEMBL313691,CC(C)C[C@H](NC(=O)OC(C)(C)C)[C@@H](O)C(=O)O[C@H]1C[C@@]2(O)[C@@H](OC(=O)c3ccccc3)[C@H]4[C@@](C)([C@@H](O)C[C@H]5OC[C@@]45OC(=O)C)[C@@H](O)[C@H](OC(=O)C)C(=C1C)C2(C)C,7.0
560,CHEMBL88600,CCCCCc1nc2C=CN(C(C(=O)OC(C)C)c3ccccc3)C(=O)c2n1Cc4ccc(cc4)c5ccccc5c6nn[nH]n6,7.33
561,CHEMBL123084,CCCc1cc(Cn2c(CC)nc3c(C)cc(C)nc23)cc(CCC)c1OC(C(=O)O)c4ccccc4Cl,5.46
562,CHEMBL328780,CCCCc1nc2C=CN(C(C(=O)C(C)(C)C)c3ccccc3)C(=O)c2n1Cc4ccc(cc4)c5ccccc5c6nn[nH]n6,6.52
563,CHEMBL315483,CCCCCOC(=O)C(N1C=Cc2nc(CCCC)n(Cc3ccc(cc3)c4ccccc4c5nn[nH]n5)c2C1=O)c6ccccc6,6.82
564,CHEMBL92479,CCCCc1nc2C=CN(C(C(=O)N(C)C)c3ccccc3)C(=O)c2n1Cc4ccc(cc4)c5ccccc5c6nn[nH]n6,6.9
565,CHEMBL314603,CCCc1nc2C=CN(C(C(=O)OC(C)C)c3ccccc3)C(=O)c2n1Cc4ccc(cc4)c5ccccc5c6nn[nH]n6,7.24
566,CHEMBL431592,CCCCOC(=O)NS(=O)(=O)c1ccccc1c2ccc(Cn3c(CCCC)nc4C=CN(C(C(=O)OC(C)C)c5ccccc5)C(=O)c34)cc2,6.37
567,CHEMBL124541,CCCc1cc(Cn2c(CC)nc3c(C)cc(C)nc23)cc(CCC)c1OC(C(=O)O)c4ccc(C)cc4,6.4
568,CHEMBL332239,CCCc1cc(Cn2c(CC)nc3c(C)cc(C)nc23)cc(CCC)c1OC(C(=O)O)c4ccc(Cl)cc4,6.35
569,CHEMBL91465,CCCCc1nc2C=CN(C(C(=O)N3CCOCC3)c4ccccc4)C(=O)c2n1Cc5ccc(cc5)c6ccccc6c7nn[nH]n7,7.16
571,CHEMBL315401,CCCCc1nc2C=CN(C(C(=O)OC(C)C)c3ccccc3Cl)C(=O)c2n1Cc4ccc(cc4)c5ccccc5c6nn[nH]n6,6.24
572,CHEMBL261981,CCCCc1nc2C=CN(C(C(=O)N(CC)CC)c3ccccc3)C(=O)c2n1Cc4ccc(cc4)c5ccccc5c6nn[nH]n6,7.24
573,CHEMBL265291,CCCCc1nc2C=CN(C(C(=O)O)c3ccccc3)C(=O)c2n1Cc4ccc(cc4)c5ccccc5c6nn[nH]n6,4.77
574,CHEMBL328340,CCCCc1nc2C=CN(C(C(=O)N)c3ccccc3)C(=O)c2n1Cc4ccc(cc4)c5ccccc5c6nn[nH]n6,6.02
575,CHEMBL122224,CCCc1cc(Cn2c(CC)nc3c(C)cc(C)nc23)cc(CCC)c1OC(C(=O)O)c4cccc(C)c4,6.1
577,CHEMBL314605,CCCCc1nc2C=CN(C(C(=O)OC3CCCC3)c4ccccc4)C(=O)c2n1Cc5ccc(cc5)c6ccccc6c7nn[nH]n7,6.92
578,CHEMBL420607,CCCCc1nc2C=CN(C(C(=O)OCC(C)C)c3ccccc3)C(=O)c2n1Cc4ccc(cc4)c5ccccc5c6nn[nH]n6,7.02
580,CHEMBL329887,CCCCc1nc2C=CN(C(C(=O)N3CCCCC3)c4ccccc4)C(=O)c2n1Cc5ccc(cc5)c6ccccc6c7nn[nH]n7,6.66
581,CHEMBL90663,CCCCc1nc2C=CN(C(C(=O)OC(C)C)c3ccccc3)C(=O)c2n1Cc4ccc(cc4)c5ccccc5c6noc(O)n6,6.85
583,CHEMBL122367,CCCc1cc(Cn2c(CC)nc3c(C)cc(C)nc23)cc(CCC)c1OC(C(=O)O)c4cccc(c4)c5ccccc5,6.13
584,CHEMBL88663,CCc1nc2C=CN(C(C(=O)OC(C)C)c3ccccc3)C(=O)c2n1Cc4ccc(cc4)c5ccccc5c6nn[nH]n6,6.82
585,CHEMBL352042,CCCc1nc2c(C)ccnc2n1Cc3ccc4SC(Sc4c3)(c5ccccc5)c6nn[nH]n6,4.82
592,CHEMBL165850,CCCc1nc2c(C)ccnc2n1Cc3ccc4SC(Sc4c3)(C(=O)O)c5ccccc5,5.09
593,CHEMBL163523,CCCc1nc2c(C)ccnc2n1Cc3ccc4OC(Oc4c3)(c5ccccc5)c6nn[nH]n6,4.8
619,CHEMBL125231,CCCCC1=NN(C(=O)N1Cc2ccc(cc2Cl)c3ccccc3S(=O)(=O)NC(=O)OC(C)(C)C)c4cc(NC(=O)CC)ccc4Br,8.85
645,CHEMBL165974,CCCc1nc2c(C)ccnc2n1Cc3ccc4OC(Oc4c3)(C(=O)O)c5ccccc5,5.55
697,CHEMBL352934,CCCCC1=Nc2ccc(cc2C(=O)N1Cc3ccc(cc3)c4ccccc4S(=O)(=O)NC(=O)CCC5CCCC5)C(C)C,7.0
698,CHEMBL164769,CCCCC1=Nc2ccc(cc2C(=O)N1Cc3ccc(cc3)c4ccccc4S(=O)(=O)NC(=O)C5CC5)N(C)C(=O)OCC(C)C,6.92
699,CHEMBL350554,CCCC1=Nc2ccc(cc2C(=O)N1Cc3ccc(cc3)c4ccccc4S(=O)(=O)NC(=O)c5ccccc5)N(C)C(=O)OCC(C)C,7.37
703,CHEMBL166338,CCCCC1=Nc2ccc(cc2C(=O)N1Cc3ccc(cc3)c4ccccc4S(=O)(=O)NC(=O)C5CC5)C(C)C,6.41
704,CHEMBL164174,CCCC1=Nc2ccc(cc2C(=O)N1Cc3ccc(cc3)c4ccccc4S(=O)(=O)NC(=O)C5CC5)C(C)C,6.18
706,CHEMBL352639,CCCCC1=Nc2ccc(cc2C(=O)N1Cc3ccc(cc3)c4ccccc4S(=O)(=O)NC(=O)c5ccc(F)cc5)C(C)C,5.68
708,CHEMBL94793,CCCCC(=O)Nc1ccc(Cl)c(c1)N2N=C(CCCC)N(Cc3ccc(cc3)c4cc(CC)ccc4S(=O)(=O)NC(=O)c5ccccc5Cl)C2=O,8.31
709,CHEMBL167929,CCCCC1=Nc2ccc(cc2C(=O)N1Cc3ccc(cc3)c4ccccc4S(=O)(=O)NC(=O)Nc5ccccc5)C(C)C,6.47
710,CHEMBL167662,CCCCC1=Nc2ccc(cc2C(=O)N1Cc3ccc(cc3)c4ccccc4S(=O)(=O)NC(=O)c5ccccc5)C(C)C,7.1
711,CHEMBL165541,CCCCC1=Nc2ccc(cc2C(=O)N1Cc3ccc(cc3)c4ccccc4S(=O)(=O)NC(=O)CCCCCN)C(C)C,6.25
712,CHEMBL164395,CCCC1=Nc2ccc(cc2C(=O)N1Cc3ccc(cc3)c4ccccc4S(=O)(=O)NC(=O)c5ccccc5)N(C)C,6.48
714,CHEMBL159004,CCc1nc2c(C)cc(C)nc2n1Cc3ccc4c(ccn4C(=O)c5cccc(c5)c6nn[nH]n6)c3,6.89
715,CHEMBL354535,CCCCC1=Nc2ccc(cc2C(=O)N1Cc3ccc(cc3)c4ccccc4S(=O)(=O)NC(=O)CCCCCNC(=O)OC(C)(C)C)C(C)C,6.21
717,CHEMBL422374,CCCCC1=Nc2ccc(cc2C(=O)N1Cc3ccc(cc3)c4ccccc4S(=O)(=O)NC(=O)C5CC5)N(C)C,5.82
721,CHEMBL167584,CCCCC1=Nc2ccc(cc2C(=O)N1Cc3ccc(cc3)c4ccccc4S(=O)(=O)NC(=O)c5nn[nH]n5)C(C)C,7.54
722,CHEMBL96554,CCCCC1=NN(C(=O)N1Cc2ccc(cc2)c3cc(CCC)ccc3S(=O)(=O)NC(=O)OC(C)(C)C)c4ccccc4C(F)(F)F,8.09
727,CHEMBL355708,CCCCC1=Nc2ccc(cc2C(=O)N1Cc3ccc(cc3)c4ccccc4S(=O)(=O)NC(=O)C5(C)CC5)C(C)C,6.26
730,CHEMBL319730,CCCCC1=NN(C(=O)N1Cc2ccc(cc2)c3cc(CC)ccc3S(=O)(=O)NC(=O)c4ccccc4Cl)c5cc(NC(=O)CC)ccc5Cl,8.46
736,CHEMBL352137,CCCCC1=Nc2ccc(cc2C(=O)N1Cc3ccc(cc3)c4ccccc4S(=O)(=O)NC(=O)NC(C)C)C(C)C,5.68
737,CHEMBL355443,CCCCC1=Nc2ccc(cc2C(=O)N1Cc3ccc(cc3)c4ccccc4S(=O)(=O)NC(=O)c5cccs5)C(C)C,6.52
739,CHEMBL96314,CCCCC1=NN(C(=O)N1Cc2ccc(cc2F)c3cc(CCC)ccc3S(=O)(=O)NC(=O)c4ccccc4Cl)c5ccccc5C(F)(F)F,8.46
741,CHEMBL166428,CCCC1=Nc2ccc(cc2C(=O)N1Cc3ccc(cc3)c4ccccc4S(=O)(=O)NC(=O)CCCCC(=O)O)C(C)C,5.02
743,CHEMBL92533,CCCCC1=NN(C(=O)N1Cc2ccc(cc2F)c3ccccc3S(=O)(=O)NC(=O)OC(C)(C)C)c4ccccc4C(F)(F)F,8.38
748,CHEMBL354338,CCCC1=Nc2ccc(cc2C(=O)N1Cc3ccc(cc3)c4ccccc4S(=O)(=O)NC(=O)C5CC5)N(C)C,5.7
750,CHEMBL158795,CCCc1ccc(c(c1)c2ccc(Cn3c(CC)nc4c(C)cc(C)nc34)cc2)c5nn[nH]n5,8.7
751,CHEMBL160494,CCCc1nc2c(C)c(NC(=O)c3ccccc3)cnc2n1Cc4ccc(cc4)c5ccccc5S(=O)(=O)NC(=O)OCCC(C)C,9.54
752,CHEMBL316299,CCCCC1=NN(C(=O)N1Cc2ccc(cc2)c3cc(CCC)ccc3S(=O)(=O)NC(=O)c4ccccc4Cl)c5ccccc5C(F)(F)F,7.85
755,CHEMBL329679,CCCCC1=NN(C(=O)N1Cc2ccc(cc2F)c3ccccc3S(=O)(=O)NC(=O)c4ccccc4Cl)c5ccccc5C(F)(F)F,7.92
758,CHEMBL174080,CCCC1=Nc2ccc3cc2C(=O)N1Cc4ccc(cc4)c5cc(CCC)ccc5S(=O)(=O)NC(=O)CCCCCCCN3C(=O)OCc6ccccc6,7.7
759,CHEMBL367095,CCCCCN(C(=O)c1ccccc1)c2ccc3N=C(CCC)N(Cc4ccc(cc4)c5ccccc5S(=O)(=O)NC(=O)c6ccccc6)C(=O)c3c2,6.46
761,CHEMBL367569,CCCC1=Nc2ccc3NCCCCCCCC(=O)NS(=O)(=O)c4ccccc4c5ccc(CN1C(=O)c2c3)cc5,6.7
762,CHEMBL176473,CCCC1=Nc2ccc(NC(=O)NC(C)C)cc2C(=O)N1Cc3ccc(cc3)c4ccccc4S(=O)(=O)NC(=O)c5ccccc5,7.75
763,CHEMBL172376,CCCC1=Nc2ccc3cc2C(=O)N1Cc4ccc(cc4)c5ccccc5S(=O)(=O)NC(=O)CCCCCN3C(=O)OCc6ccccc6,5.4
764,CHEMBL368149,CCCC1=Nc2ccc3NCCCCCCCC(=O)NS(=O)(=O)c4ccc(CCC)cc4c5ccc(CN1C(=O)c2c3)cc5,7.62
765,CHEMBL173455,CCCC1=Nc2ccc(NC(=O)NC(C)C)cc2C(=O)N1Cc3ccc(cc3)c4ccccc4S(=O)(=O)NC(=O)C,6.2
766,CHEMBL408799,CCCC1=Nc2ccc3cc2C(=O)N1Cc4ccc(cc4)c5ccccc5S(=O)(=O)NC(=O)CCCCCCCN3C(=O)OCc6ccccc6,7.13
767,CHEMBL408798,CCCC1=Nc2ccc3cc2C(=O)N1Cc4ccc(cc4)c5ccccc5S(=O)(=O)NC(=O)CCCCCCCN3C(=O)c6ccccc6,7.31
768,CHEMBL173643,CCCC1=Nc2ccc(NC(=O)c3ccccc3)cc2C(=O)N1Cc4ccc(cc4)c5ccccc5c6nn[nH]n6,5.52
774,CHEMBL2021417,[Li+].[Li]O.CCCCc1nc(Cl)c(C(=O)[O-])n1Cc2cccc3c2ccn3c4ccccc4c5nn[nH]n5,5.19
798,CHEMBL3613974,COc1ccc(CN2C=NC3CN(C(CC23)C(=O)O)C(=O)C(c4ccccc4)c5ccccc5)cc1C,7.47
