,molecule_chembl_id,canonical_smiles,pchembl_value
0,CHEMBL2087030,Cc1c(Cl)ccc(c1Cl)S(=O)(=O)N(CCc2ccccc2)CC(=O)NCC(=O)N(CCCCN)CC3CCNCC3,7.0
1,CHEMBL488677,O[C@H](CC(=O)N[C@@H]1CCCc2cc(CN3CCCCC3)ccc12)CS(=O)(=O)c4ccc5ccccc5c4,7.0
2,CHEMBL298860,CCCN1C(=O)C(NC(=O)Nc2ccc(cc2)N3CCN(CC3)c4ccccn4)N=C(C5CCCCC5)c6ccccc16,7.01
3,CHEMBL257016,COC(=O)c1c(F)cccc1c2ccc(CNC(=O)C(O)(C(F)(F)F)C(F)(F)F)c(F)c2,7.02
4,CHEMBL512111,COc1cc(CN(CC(=O)NCc2ccccc2Cl)S(=O)(=O)c3ccc(CN(C)C)cc3)ccc1OCC(C)C,7.03
5,CHEMBL208387,Cc1ccc(cc1)S(=O)(=O)N2CCCC[C@H]2CC(=O)N[C@@H]3CCCc4cc(CNC(C)(C)C)ccc34,7.03
6,CHEMBL272491,COC(=O)c1c(F)cccc1c2ccc(CNC(=O)[C@@H](O)C(C)(C)C)c(F)c2,7.05
7,CHEMBL195617,CCCC(=O)Nc1cccnc1NCc2ccc(cc2)c3ccccc3C(=O)OC,7.06
8,CHEMBL299164,CCCN1C(=O)C(NC(=O)Nc2ccc(cc2)N3CCN(CC3)c4cccnc4)N=C(C5CCCCC5)c6ccccc16,7.07
9,CHEMBL427279,CN(C)Cc1ccc2[C@@H](CCOc2c1)NC(=O)C[C@@H](NS(=O)(=O)c3ccc4ccccc4c3)c5ccccc5,7.07
10,CHEMBL2087417,CN(Cc1ccc(cc1)C2=NCCN2)C(=O)COCCN(C)S(=O)(=O)c3ccc(OC(F)(F)F)cc3,7.07
11,CHEMBL207011,COC(=O)c1c(F)cccc1c2ccc(CNc3ccc(cn3)C(=O)N4CCN(CC4)c5ccccn5)c(F)c2,7.07
12,CHEMBL498488,OCc1ccc2[C@@H](CCOc2c1)NC(=O)C[C@H]3N(c4ccccc4NC3=O)S(=O)(=O)c5ccc(Cl)c(Cl)c5,7.07
13,CHEMBL272791,COC(=O)c1c(F)cccc1c2ccc(CNC(=O)[C@@](C)(O)C(C)C)c(F)c2,7.08
14,CHEMBL3657634,C[C@@H](NC(=O)C1(COC1)NC(=O)c2cn(C)cn2)c3ncc(cc3F)c4cc(Cl)cc(F)c4c5noc(C)n5,7.08
15,CHEMBL408846,NC(CCCN=C(N)N)C(=O)N[C@H](CCCN=C(N)N)C(=O)N1CCC[C@H]1C(=O)N2CC(O)C[C@H]2C(=O)NCC(=O)NC(Cc3cccs3)C(=O)N[C@@H](CO)C(=O)N[C@@H]4CSc5ccccc5N(CC(=O)O)C4=O,7.08
16,CHEMBL207178,COC(=O)c1c(F)cccc1c2ccc(CNc3ccc(cn3)C(=O)N4CCOCC4)c(F)c2,7.1
17,CHEMBL389054,CC(C)(C)NCc1ccc2[C@@H](CCOc2c1)NC(=O)C[C@@H](NS(=O)(=O)c3ccc(cc3)C(F)(F)F)c4ccccc4,7.11
18,CHEMBL1210748,CN(C)CC(=C)c1ccc2[C@@H](CCCc2c1)NC(=O)C[C@@H](NS(=O)(=O)c3cccc(c3)C(F)(F)F)c4ccccc4,7.11
19,CHEMBL2087436,CN(Cc1ccc(cc1)C2=NCCN2)C(=O)CNC(=O)CN(C)S(=O)(=O)c3ccc(Cl)c(C)c3Cl,7.11
20,CHEMBL500312,CC(=O)Nc1ccc(cc1)S(=O)(=O)Nc2ccccc2C(=O)c3cccnc3,7.14
21,CHEMBL206247,CC(C)NCc1ccc2[C@@H](CCCc2c1)NC(=O)C[C@@H]3CCCCN3S(=O)(=O)c4cccc(c4)C(F)(F)F,7.14
22,CHEMBL243467,COC(=O)[C@@H](NC(=O)c1n[nH]c(NC(=O)c2ccccc2Cl)c1Br)c3ccccc3,7.14
23,CHEMBL269948,COC(=O)c1c(F)cccc1c2ccc(CNC(=O)[C@@H](O)C(C)C)c(F)c2,7.15
24,CHEMBL472303,CC(=O)Nc1ccc(cc1)S(=O)(=O)Nc2ccccc2C(=O)c3ccc(Cl)cc3,7.16
25,CHEMBL207539,COC(=O)c1c(F)cccc1c2ccc(CNc3ccc(cn3)C(=O)N4CCCCC4)c(F)c2,7.16
26,CHEMBL498394,Cc1ccc(cc1)S(=O)(=O)N2CCc3ccccc3C2CC(=O)NCCc4ccc(cc4)C5=NCCN5,7.17
27,CHEMBL460046,CC(=O)Nc1ccc(cc1)S(=O)(=O)Nc2ccccc2C(=O)c3cccc(F)c3,7.19
28,CHEMBL1744085,CCCN1C(=O)[C@H](NC(=O)Nc2ccc(cc2)N3CCC(CC3)N4CCCCC4)N=C(c5ccc(C)cc5)c6ccccc16,7.19
29,CHEMBL2087033,CN(Cc1ccc(cc1)C2=NCCN2)C(=O)CCCN(C)S(=O)(=O)c3ccc(Cl)c(C)c3Cl,7.19
30,CHEMBL1835756,O=C(N[C@@H]1CCCc2cc(CN3CCCCC3)ccc12)c4cccc(c4)C5=COc6ccccc6C5=O,7.19
31,CHEMBL2087414,CN(Cc1ccc(cc1)C2=NCCN2)C(=O)COCCN(C)S(=O)(=O)c3ccccc3C#N,7.2
32,CHEMBL202089,COC(=O)c1ccccc1c2ccc(CNC(=O)C3(CC3)NC(=O)CC(F)(F)F)cc2,7.2
33,CHEMBL220978,C[C@@H](NC(=O)C1(CC1)NC(=O)C(F)(F)F)c2ccc(cc2F)c3cccc(F)c3c4nnnn4C,7.2
34,CHEMBL205501,CN(C)Cc1ccc2[C@@H](CCCc2c1)NC(=O)C[C@@H]3CCCCN3S(=O)(=O)c4cccc(c4)C(F)(F)F,7.21
35,CHEMBL208210,COC(=O)c1c(F)cccc1c2ccc(CNc3ccc(cn3)C(=O)N4CCN(CC4)c5ccccc5)c(F)c2,7.21
36,CHEMBL1777973,Cc1ccc(cc1)S(=O)(=O)N2CCNC(=O)[C@H]2CC(=O)N[C@@H]3CCCc4cc(CN)ccc34,7.22
37,CHEMBL234297,Fc1ccc(cc1)C2(CCC(CNc3ncccc3NC(=O)CC(F)(F)F)CC2)C#N,7.22
38,CHEMBL488512,O=C(CCCS(=O)(=O)c1ccc2ccccc2c1)N[C@@H]3CCCc4cc(CN5CCCCC5)ccc34,7.22
39,CHEMBL203174,CC(C)(C)CNCc1ccc2[C@@H](CCCc2c1)NC(=O)C[C@@H]3CCCCN3S(=O)(=O)c4cccc(c4)C(F)(F)F,7.23
40,CHEMBL428954,COC(=O)c1c(F)cccc1c2ccc(CNC(=O)C3(O)CC3)c(F)c2,7.23
41,CHEMBL2087029,Cc1c(Cl)ccc(c1Cl)S(=O)(=O)N[C@H](Cc2ccccc2)C(=O)N[C@@H](CCCCN)C(=O)NCC3CCNCC3,7.23
42,CHEMBL498489,Clc1ccc(cc1Cl)S(=O)(=O)N2[C@H](CC(=O)N[C@@H]3CCOc4cc(C=O)ccc34)C(=O)Nc5ccccc25,7.24
43,CHEMBL439505,FC(F)(F)c1cccc(c1)S(=O)(=O)N2CCCC[C@H]2CC(=O)N[C@@H]3CCCc4cc(CNC5CCC5)ccc34,7.24
44,CHEMBL470486,CC(=O)Nc1ccc(cc1)S(=O)(=O)Nc2ccccc2C(=O)c3ccc(F)cc3F,7.25
45,CHEMBL50208,CCCN1C(=O)C(NC(=O)Nc2ccc(cc2)N3CCC(CC3)c4ccncc4)N=C(CCc5ccccc5)c6ccccc16,7.26
46,CHEMBL508632,O[C@H](CS(=O)(=O)c1cccc(Cl)c1)[C@@H](O)C(=O)N[C@@H]2CCCc3cc(CN4CCCCC4)ccc23,7.26
47,CHEMBL183876,COC(=O)C1C2CCC(CC2)C1c3ccc(CNc4nccc(C)c4NC(=O)CC#N)cc3,7.27
48,CHEMBL382909,COC(=O)c1c(F)cccc1c2ccc(CNc3ccc(cn3)C(=O)N4CCN(CC(F)(F)F)CC4)c(F)c2,7.28
49,CHEMBL234513,COC(=O)c1cccc(c1)C2(CCC(CNc3ncccc3NC(=O)CC(F)(F)F)CC2)C#N,7.31
50,CHEMBL205981,FC(F)(F)c1cccc(c1)S(=O)(=O)N2CCCC[C@H]2CC(=O)N[C@@H]3CCCc4cc(CNC5CC5)ccc34,7.32
51,CHEMBL455643,O[C@H](CS(=O)(=O)c1ccc(cc1)C(F)(F)F)[C@@H](O)C(=O)N[C@@H]2CCCc3cc(CN4CCCCC4)ccc23,7.32
52,CHEMBL471371,CC(=O)Nc1ccc(cc1)S(=O)(=O)Nc2ccccc2C(=O)c3ccccc3,7.35
53,CHEMBL402114,COC(=O)c1c(F)cccc1c2ccc(CNC(=O)[C@@](C)(O)C(F)(F)F)c(F)c2,7.36
54,CHEMBL453596,O[C@H](CS(=O)(=O)c1ccccc1C(F)(F)F)[C@@H](O)C(=O)N[C@@H]2CCCc3cc(CN4CCCCC4)ccc23,7.36
55,CHEMBL488626,CC(=O)Nc1ccc(cc1)S(=O)(=O)Nc2ccccc2C(=O)c3ccc(F)nc3,7.37
56,CHEMBL1934253,CC1=NN(C(=O)c2ccccc12)c3ccc(cc3)C(=O)N[C@H]4CCCc5cc(CN6CCCCC6)ccc45,7.37
57,CHEMBL1210750,COCCNCC(=C)c1ccc2[C@@H](CCCc2c1)NC(=O)C[C@@H](NS(=O)(=O)c3cccc(c3)C(F)(F)F)c4ccccc4,7.38
58,CHEMBL1934262,Clc1ccc2C(=O)C(=COc2c1)c3ccc(cc3)C(=O)N[C@H]4CCCc5cc(CN6CCCCC6)ccc45,7.38
59,CHEMBL530554,O[C@@H](CC(=O)N[C@@H]1CCCc2cc(CN3CCCCC3)ccc12)CS(=O)(=O)c4ccc5ccccc5c4,7.38
60,CHEMBL390603,Cc1c(Cl)cccc1S(=O)(=O)N[C@H](CC(=O)N[C@@H]2CCOc3cc(CNC(C)(C)C)ccc23)c4ccccc4,7.39
61,CHEMBL364073,COC(=O)c1ccccc1c2ccc(CNc3ncccc3NC(=O)CS(=O)(=O)C)cc2,7.4
62,CHEMBL451549,COC(=O)C1C2CCC(C=C2)C1c3ccc(CNc4nccc(C)c4NC(=O)CC#N)cc3,7.42
63,CHEMBL447392,COc1cc(CN(CC(=O)NCc2ccccc2Cl)S(=O)(=O)c3ccc(CN4CCN(C)CC4)cc3)ccc1OCC(C)C,7.43
64,CHEMBL182331,COC(=O)C1=C(CCCC1)c2ccc(CNc3nccc(C)c3NC(=O)CC#N)cc2,7.46
65,CHEMBL1210741,CC(CN1CCCCC1)c2ccc3[C@@H](CCCc3c2)NC(=O)C[C@@H](NS(=O)(=O)c4cccc(c4)C(F)(F)F)c5ccccc5,7.47
66,CHEMBL383089,COC(=O)N1CCN(CC1)C(=O)c2ccc(NCc3ccc(cc3F)c4cccc(F)c4C(=O)OC)nc2,7.47
67,CHEMBL2087419,COc1cc(C)c(c(C)c1)S(=O)(=O)N(C)CCOCC(=O)N2CCN(CC2)[C@H]3CN4CCC3CC4,7.47
68,CHEMBL452238,COc1cc(CN(CC(=O)NCc2ccccc2Cl)S(=O)(=O)c3ccc(CN4CCCCC4)cc3)ccc1OCC(C)C,7.47
69,CHEMBL362974,CNC(=O)c1ccccc1c2ccc(CNc3ncccc3NC(=O)CC(F)(F)F)cc2,7.48
70,CHEMBL415629,O=C(C[C@@H](NS(=O)(=O)c1ccc2ccccc2c1)c3ccccc3)N[C@H]4CCCc5cc(CN6CCCCC6)ccc45,7.51
71,CHEMBL2087430,COc1cc(C)c(c(C)c1)S(=O)(=O)N(C)CCOCC(=O)N2CCC(CC2)C(O)CN(C)C,7.52
72,CHEMBL234514,FC(F)(F)CC(=O)Nc1cccnc1NCC2CCC(CC2)(C#N)c3ccc(Cl)c(Cl)c3,7.52
73,CHEMBL1210755,FC(F)(F)c1cccc(c1)S(=O)(=O)N[C@H](CC(=O)N[C@@H]2CCCc3cc(ccc23)C(=C)CNC4CCCC4)c5ccccc5,7.52
74,CHEMBL1934254,Clc1cccc2OC=C(C(=O)c12)c3cccc(c3)C(=O)N[C@@H]4CCCc5cc(CN6CCCCC6)ccc45,7.54
75,CHEMBL469675,CC(=O)Nc1ccc(cc1)S(=O)(=O)Nc2ccccc2C(=O)c3cccc(F)c3F,7.55
76,CHEMBL52498,CCCN1C(=O)C(NC(=O)Nc2ccc(cc2)N3CCC(CC3)N(C)C)N=C(C4CCCCC4)c5ccccc15,7.55
77,CHEMBL206975,COC(=O)c1c(F)cccc1c2ccc(CNc3ccc(cn3)C(=O)N4CCN(CC(F)F)CC4)c(F)c2,7.55
78,CHEMBL2113274,CC(C)(C)NCc1ccc2[C@@H](CCOc2c1)NC(=O)C[C@@H](NS(=O)(=O)c3cccc(Cl)c3)c4ccccc4,7.56
79,CHEMBL426681,COC(=O)c1c(F)cccc1c2ccc(CNc3ccc(cn3)C(=O)N4CCN(Cc5ccccc5)CC4)c(F)c2,7.59
80,CHEMBL202090,COC(=O)c1ccccc1c2ccc(CNC(=O)C3(CC3)NC(=O)c4cncnc4)cc2,7.59
81,CHEMBL388720,CC(C)(C)NCc1ccc2[C@@H](CCOc2c1)NC(=O)C[C@@H](NS(=O)(=O)c3ccc(F)c(Cl)c3)c4ccccc4,7.6
82,CHEMBL207000,COC(=O)c1c(F)cccc1c2ccc(CNc3ccc(cn3)C(=O)N4CCN(CC#C)CC4)c(F)c2,7.6
83,CHEMBL369307,COC(=O)c1ccccc1C2=CCC(CNc3nccc(C)c3NC(=O)CC#N)CC2,7.6
84,CHEMBL3657625,COCC(=O)NC1(COC1)C(=O)N[C@H](C)c2ncc(cc2F)c3cc(Cl)cc(F)c3c4noc(C)n4,7.6
85,CHEMBL413786,CC(C)(C)NCc1ccc2[C@@H](CCOc2c1)NC(=O)C[C@@H](NS(=O)(=O)c3ccc(cc3)C(C)(C)C)c4ccccc4,7.61
86,CHEMBL1744082,CCCN1C(=O)[C@H](NC(=O)Nc2ccc(cc2)N3CCC(CC3)N4CCCCC4)N=C(C5CCCCC5)c6ccccc16,7.61
87,CHEMBL234512,FC(F)(F)CC(=O)Nc1cccnc1NCC2CCC(CC2)(C#N)c3cccc(c3)C(F)(F)F,7.61
88,CHEMBL530549,CC(=O)Nc1ccc(cc1)S(=O)(=O)Nc2ccccc2C(=O)c3ccc(F)cn3,7.62
89,CHEMBL487620,COCCNC(=O)Nc1ccc(cc1)S(=O)(=O)Nc2ccccc2C(=O)c3ccccc3,7.62
90,CHEMBL3142392,NCCCC[C@H](N)C(=O)N[C@@H](CCCN=C(N)N)C(=O)N1CCC2(CC1)N(CCc3ccccc3)CN(CC(=O)N[C@@H](CO)C(=O)N[C@@H]4CSc5ccccc5N(CC(=O)O)C4=O)C2=O,7.62
91,CHEMBL486641,O[C@H](CCS(=O)(=O)c1ccc2ccccc2c1)C(=O)N[C@@H]3CCCc4cc(CN5CCCCC5)ccc34,7.63
92,CHEMBL516783,CC(=O)Nc1ccc(cc1)S(=O)(=O)Nc2ccccc2C(=O)c3ccc(F)cc3,7.64
93,CHEMBL381366,CC(C)(C)NCc1ccc2[C@@H](CCCc2c1)NC(=O)C[C@@H]3CCCCN3S(=O)(=O)c4cccc(c4)C(F)(F)F,7.64
94,CHEMBL206982,COC(=O)c1c(F)cccc1c2ccc(CNc3ccc(cn3)C(=O)N4CCN(CC4)S(=O)(=O)C)c(F)c2,7.64
95,CHEMBL2096845,COC(=O)c1c(F)cccc1c2ccc([C@H](C)NC(=O)C3(CC3)NC(=O)CC(F)(F)F)c(F)c2,7.66
96,CHEMBL268911,O=C(C[C@@H](NS(=O)(=O)c1ccc2ccccc2c1)c3ccccc3)N[C@@H]4CCOc5cc(CNC6CCCCC6)ccc45,7.66
97,CHEMBL443207,CC(C)COc1ccc(CN(CC(=O)NCc2ccccc2Cl)S(=O)(=O)c3ccc(CN4CCN(C)CC4)cc3)cc1Cl,7.68
98,CHEMBL381372,COCCNCc1ccc2[C@@H](CCCc2c1)NC(=O)C[C@@H]3CCCCN3S(=O)(=O)c4cccc(c4)C(F)(F)F,7.68
99,CHEMBL1210749,OCCNCC(=C)c1ccc2[C@@H](CCCc2c1)NC(=O)C[C@@H](NS(=O)(=O)c3cccc(c3)C(F)(F)F)c4ccccc4,7.68
100,CHEMBL387982,CC(C)(C)NCc1ccc2[C@@H](CCOc2c1)NC(=O)C[C@@H](NS(=O)(=O)c3cc(Cl)c(F)cc3F)c4ccccc4,7.69
101,CHEMBL3657640,C[C@@H](NC(=O)C1(COC1)NC(=O)C(F)(F)F)c2ccc(cc2F)c3cc(Cl)cc(Cl)c3OCC(F)F,7.7
102,CHEMBL1203967,Cl.CNCCNC(=O)Nc1ccc(cc1)S(=O)(=O)Nc2ccccc2C(=O)c3ccccc3,7.72
103,CHEMBL486640,O[C@@H](CCS(=O)(=O)c1ccc2ccccc2c1)C(=O)N[C@@H]3CCCc4cc(CN5CCCCC5)ccc34,7.72
104,CHEMBL227778,CC(C)(C)NCc1ccc2[C@@H](CCOc2c1)NC(=O)C[C@@H](NS(=O)(=O)c3cccc(c3)C(F)(F)F)c4ccccc4,7.75
105,CHEMBL234296,Fc1ccccc1C2(CCC(CNc3ncccc3NC(=O)CC(F)(F)F)CC2)C#N,7.75
106,CHEMBL206935,COC(=O)c1c(F)cccc1c2ccc(CNc3ccc(cn3)C(=O)N4CCN(CC4)C(=O)C)c(F)c2,7.77
107,CHEMBL221925,C[C@@H](NC(=O)C[C@@H](NS(=O)(=O)c1ccc2ccccc2c1)c3ccccc3)c4ccc(CN5CCCCC5)cc4,7.77
108,CHEMBL1934264,Fc1cccc2OC=C(C(=O)c12)c3ccc(cc3)C(=O)N[C@H]4CCCc5cc(CN6CCCCC6)ccc45,7.77
109,CHEMBL385740,O=C(C[C@@H](NS(=O)(=O)c1ccc2ccccc2c1)c3ccccc3)N[C@H]4CCOc5cc(CN6CCCCC6)ccc45,7.77
110,CHEMBL507168,O[C@H](CS(=O)(=O)c1ccc(Cl)c(Cl)c1)[C@@H](O)C(=O)N[C@@H]2CCCc3cc(CN4CCCCC4)ccc23,7.77
111,CHEMBL486456,CC(C)(C)c1ccc(cc1)S(=O)(=O)C[C@@H](O)[C@@H](O)C(=O)N[C@@H]2CCCc3cc(CN4CCCCC4)ccc23,7.8
112,CHEMBL412552,CN1c2cc(CN3CCCCC3)ccc2[C@@H](CS1(=O)=O)NC(=O)C[C@@H](NS(=O)(=O)c4ccc5ccccc5c4)c6ccccc6,7.8
113,CHEMBL380117,FC(F)(F)c1cccc(c1)S(=O)(=O)N2CCCC[C@H]2CC(=O)N[C@@H]3CCCc4cc(CNCC5CC5)ccc34,7.8
114,CHEMBL1210751,FC(F)(F)c1cccc(c1)S(=O)(=O)N[C@H](CC(=O)N[C@@H]2CCCc3cc(ccc23)C(=C)CNCC4CC4)c5ccccc5,7.8
115,CHEMBL2018870,COc1ccc(cc1)S(=O)(=O)N2C(CC(=O)NCCc3ccc(cc3)C4=NCCN4)c5ccccc5c6ccccc26,7.81
116,CHEMBL2087034,CN(Cc1ccc(cc1)C2=NCCN2)C(=O)CCN(C)S(=O)(=O)c3ccc(Cl)c(C)c3Cl,7.82
117,CHEMBL381979,Cc1ccc(cc1Cl)S(=O)(=O)N2CCCC[C@H]2CC(=O)N[C@@H]3CCCc4cc(CNC(C)(C)C)ccc34,7.82
118,CHEMBL1934265,Cc1cccc2OC=C(C(=O)c12)c3ccc(cc3)C(=O)N[C@H]4CCCc5cc(CN6CCCCC6)ccc45,7.82
119,CHEMBL487621,O=C(NCC1CCCO1)Nc2ccc(cc2)S(=O)(=O)Nc3ccccc3C(=O)c4ccccc4,7.82
120,CHEMBL206554,CC(C)(C)NCc1ccc2[C@@H](CCCc2c1)NC(=O)C[C@@H]3CCCCN3S(=O)(=O)c4csc5ccccc45,7.85
121,CHEMBL227870,COCCNCc1ccc2[C@@H](CCOc2c1)NC(=O)C[C@@H](NS(=O)(=O)c3cccc(c3)C(F)(F)F)c4ccc(F)cc4,7.85
122,CHEMBL3657636,C[C@@H](NC(=O)C1(COC1)NC(=O)c2cccnn2)c3ncc(cc3F)c4cc(Cl)cc(F)c4c5noc(C)n5,7.85
123,CHEMBL388029,FC(F)(F)CC(=O)Nc1cccnc1NCC2CCC(CC2)(C#N)c3ccccc3,7.85
124,CHEMBL1210742,FC(F)(F)c1cccc(c1)S(=O)(=O)N[C@H](CC(=O)N[C@@H]2CCCc3cc(ccc23)C4(CN5CCCCC5)CC4)c6ccccc6,7.85
125,CHEMBL390540,CC1CCCC(C)N1Cc2ccc3[C@@H](CCOc3c2)NC(=O)C[C@@H](NS(=O)(=O)c4ccc5ccccc5c4)c6ccccc6,7.87
126,CHEMBL384893,COC(=O)c1c(F)cccc1c2ccc(CNC(=O)C3(CC3)NC(=O)C(F)F)c(F)c2,7.87
127,CHEMBL437509,CC(C)CNCc1ccc2[C@@H](CCCc2c1)NC(=O)C[C@@H]3CCCCN3S(=O)(=O)c4cccc(c4)C(F)(F)F,7.89
128,CHEMBL182785,COC(=O)c1ccccc1N2CCC(CNc3nccc(C)c3NC(=O)CC#N)CC2,7.89
129,CHEMBL488501,O[C@H](CS(=O)(=O)c1cccc(Cl)c1Cl)[C@@H](O)C(=O)N[C@@H]2CCCc3cc(CN4CCCCC4)ccc23,7.9
130,CHEMBL2087036,CN(Cc1ccc(cc1)C2=NCCN2)C(=O)\C=C\CN(C)S(=O)(=O)c3ccc(Cl)c(C)c3Cl,7.92
131,CHEMBL195883,COC(=O)c1ccccc1c2ccc(CNc3ncccc3NC(=O)CC(F)(F)F)cc2,7.92
132,CHEMBL3657610,C[C@@H](NC(=O)C1(COC1)NC(=O)C(F)(F)F)c2ncc(cc2F)c3cc(Cl)cc(F)c3c4noc(C)n4,7.92
133,CHEMBL1210747,FC(F)(F)c1cccc(c1)S(=O)(=O)N[C@H](CC(=O)N[C@@H]2CCCc3cc(ccc23)C(=C)CN4CCC4)c5ccccc5,7.92
134,CHEMBL1210746,O[C@@H]1CCN(CC(=C)c2ccc3[C@@H](CCCc3c2)NC(=O)C[C@@H](NS(=O)(=O)c4cccc(c4)C(F)(F)F)c5ccccc5)C1,7.92
135,CHEMBL387331,COC(=O)c1c(F)cccc1c2ccc(CNC(=O)C3(CC3)NC(=O)C)c(F)c2,7.94
136,CHEMBL193684,Cc1ccnc(NCc2ccc(cc2)c3ccccc3C(=O)O)c1NC(=O)CC#N,7.94
137,CHEMBL1210752,CC(C)(C)NCC(=C)c1ccc2[C@@H](CCCc2c1)NC(=O)C[C@@H](NS(=O)(=O)c3cccc(c3)C(F)(F)F)c4ccccc4,7.96
138,CHEMBL196494,CNC(=O)c1ccccc1c2ccc(CNc3nccc(C)c3NC(=O)CC(F)(F)F)cc2,7.96
139,CHEMBL181968,COC(=O)c1ccccc1c2ccc(CNc3nccc(C)c3NC(=O)CC#N)cc2,7.96
140,CHEMBL196698,COC(=O)c1ccccc1c2ccc(CNc3ncccc3NC(=O)CC#N)cc2,7.96
141,CHEMBL207947,Cc1ccc(cc1C(F)(F)F)S(=O)(=O)N2CCCC[C@H]2CC(=O)N[C@@H]3CCCc4cc(CNC(C)(C)C)ccc34,7.96
142,CHEMBL218319,COC(=O)c1ccccc1c2ccc([C@@H](C)NC(=O)C3(CC3)NC(=O)C(F)(F)F)c(F)c2,7.99
143,CHEMBL181695,CC(C)N1CCN(CC1)C(=O)C2CCN(CC2)S(=O)(=O)c3ccc(NCC(c4ccccc4)c5ccccc5)c(c3)C(=O)N6CCOCC6,8.0
144,CHEMBL2087426,CCN(CC)CCN1CCN(CC1)C(=O)COCCN(C)S(=O)(=O)c2c(C)cc(OC)cc2C,8.0
145,CHEMBL366294,CN(C)CCCN(CCCN(C)C)C(=O)C1CCN(CC1)S(=O)(=O)c2ccc(NCC(c3ccccc3)c4ccccc4)c(c2)[N+](=O)[O-],8.0
146,CHEMBL185551,CN(C)CCCN(CCCN(C)C)C(=O)CCNS(=O)(=O)c1ccc(NCC(c2ccccc2)c3ccccc3)c(c1)C(=O)N4CCOCC4,8.0
147,CHEMBL273869,CN1CCN(CC1)C(=O)C2CCN(CC2)S(=O)(=O)c3ccc(NCC(c4ccccc4)c5ccccc5)c(c3)C(=O)N6CCOCC6,8.0
148,CHEMBL2087428,COc1cc(C)c(c(C)c1)S(=O)(=O)N(C)CCOCC(=O)N2CCC(CC2)C(C)(C)CN(C)C,8.0
149,CHEMBL227977,Fc1ccc(cc1)[C@@H](CC(=O)N[C@@H]2CCOc3cc(CNC4CCC4)ccc23)NS(=O)(=O)c5cccc(c5)C(F)(F)F,8.0
150,CHEMBL207913,COC(=O)c1c(F)cccc1c2ccc(CNc3ccc(cn3)C(=O)N4CCN(CCC(C)C)CC4)c(F)c2,8.02
151,CHEMBL2087431,COc1cc(C)c(c(C)c1)S(=O)(=O)N(C)CCOCC(=O)N2CCC(CC2)N3CCN(C)CC3,8.02
152,CHEMBL208248,COC(=O)c1c(F)cccc1c2ccc(CNc3ccc(CN4CCCCC4)cn3)c(F)c2,8.04
153,CHEMBL2018872,Fc1cc(F)c2c(c1)C(CC(=O)NCCc3ccc(cc3)C4=NCCN4)N(c5ccccc25)S(=O)(=O)c6ccc(Cl)c(Cl)c6,8.04
154,CHEMBL224071,CCNCc1ccc2[C@@H](CCOc2c1)NC(=O)C[C@@H](NS(=O)(=O)c3ccc4ccccc4c3)c5ccccc5,8.05
155,CHEMBL2018874,COc1cccc2C(CC(=O)N[C@@H]3CC[C@@H](CCN4CCCC4)CC3)N(c5ccccc5c12)S(=O)(=O)c6ccc(Cl)c(Cl)c6,8.05
156,CHEMBL3657646,C[C@@H](NC(=O)C1(COC1)NC(=O)c2oc(C)nn2)c3ncc(cc3F)c4cc(Cl)cc(Cl)c4OCC(F)F,8.06
157,CHEMBL227690,CC(C)NCc1ccc2[C@@H](CCOc2c1)NC(=O)C[C@@H](NS(=O)(=O)c3ccc4ccccc4c3)c5ccccc5,8.08
158,CHEMBL1744084,CCCN1C(=O)[C@H](NC(=O)Nc2ccc(cc2)N3CCN(CC3)c4ccncc4)N=C(C5CCCCC5)c6ccccc16,8.1
159,CHEMBL208241,COC(=O)c1c(F)cccc1c2ccc(CNc3ccc(cn3)C(=O)N4CCN(CC=C)CC4)c(F)c2,8.1
160,CHEMBL227786,CC(C)(C)NCc1ccc2[C@@H](CCOc2c1)NC(=O)C[C@@H](NS(=O)(=O)c3ccc(Cl)c(Cl)c3)c4ccccc4,8.12
161,CHEMBL233350,C[C@@H](NC(=O)C1(CC1)NC(=O)C(F)(F)F)c2ccc(cc2F)c3cc(Cl)ccc3c4onc(C)n4,8.12
162,CHEMBL2113085,COC(=O)c1ccccc1c2ccc(CNc3nccc(C)c3NC(=O)CC(F)(F)F)cc2,8.15
163,CHEMBL3657648,C[C@@H](NC(=O)C1(COC1)NC(=O)c2snnc2C)c3ncc(cc3F)c4cc(Cl)cc(Cl)c4OCC(F)F,8.15
164,CHEMBL182378,COC(=O)C1CC=CCC1c2ccc(CNc3nccc(C)c3NC(=O)CC#N)cc2,8.16
165,CHEMBL2087415,CN(Cc1ccc(cc1)C2=NCCN2)C(=O)COCCN(C)S(=O)(=O)c3cccc(Cl)c3C,8.17
166,CHEMBL227655,COCCNCc1ccc2[C@@H](CCOc2c1)NC(=O)C[C@@H](NS(=O)(=O)c3ccc(Cl)c(Cl)c3)c4ccc(F)cc4,8.17
167,CHEMBL257729,C[C@@H](NC(=O)[C@@](C)(O)C(F)(F)F)c1ncc(cc1F)c2cc(Cl)cc(Cl)c2c3onc(C)n3,8.18
168,CHEMBL258326,C[C@@H](NC(=O)[C@@](C)(O)C(F)(F)F)c1ncc(cc1F)c2cc(Cl)cc(F)c2c3onc(C)n3,8.18
169,CHEMBL3657614,COC(=O)c1c(Cl)cccc1c2ccc([C@@H](C)NC(=O)C3(COC3)NC(=O)C(F)(F)F)c(F)c2,8.19
170,CHEMBL487823,CO[C@@H](CC(=O)N[C@@H]1CCCc2cc(CN3CCCCC3)ccc12)CS(=O)(=O)c4ccc5ccccc5c4,8.19
171,CHEMBL2018859,Clc1ccc(cc1Cl)S(=O)(=O)N2C(CC(=O)NCCc3ccc(cc3)C4=NCCN4)CCc5ccccc25,8.2
172,CHEMBL196352,CNC(=O)c1ccccc1c2ccc(cc2)[C@@H](C)Nc3nccc(C)c3NC(=O)CC(F)(F)F,8.22
173,CHEMBL221984,C[C@@H](Nc1nccc(Cl)c1NC(=O)CC#N)c2ccc(cc2)c3cccc(F)c3c4nnnn4C,8.22
174,CHEMBL389478,CC(C)CNCc1ccc2[C@@H](CCOc2c1)NC(=O)C[C@@H](NS(=O)(=O)c3cccc(c3)C(F)(F)F)c4ccc(F)cc4,8.23
175,CHEMBL2087427,COc1cc(C)c(c(C)c1)S(=O)(=O)N(C)CCOCC(=O)N2CCN(CCCN(C)C)CC2,8.24
176,CHEMBL390539,O=C(C[C@@H](NS(=O)(=O)c1ccc2ccccc2c1)c3ccccc3)N[C@@H]4CCOc5cc(CN6CCCC6)ccc45,8.24
177,CHEMBL2087418,COc1cc(C)c(c(C)c1)S(=O)(=O)N(C)CCOCC(=O)N2CCN(CC2)[C@@H]3CN4CCC3CC4,8.25
178,CHEMBL486052,FC1(F)CCCN(CCCNC(=O)Nc2ccc(cc2)S(=O)(=O)Nc3ccccc3C(=O)c4ccccc4)C1,8.25
179,CHEMBL216618,NC(CCCN=C(N)N)C(=O)N[C@H](CCCN=C(N)N)C(=O)N1CCC[C@H]1C(=O)N2CC(O)C[C@H]2C(=O)NCC(=O)NC(C3Cc4ccccc4C3)C(=O)N[C@@H](CO)C(=O)N[C@@H]5CSc6ccccc6N(CC(=O)O)C5=O,8.25
180,CHEMBL207122,COC(=O)c1c(F)cccc1c2ccc(CNc3ccc(cn3)C(=O)N4CCNCC4)c(F)c2,8.26
181,CHEMBL2087410,COc1ccc(c(C)c1)S(=O)(=O)N(C)CCOCC(=O)N(C)Cc2ccc(cc2)C3=NCCN3,8.26
182,CHEMBL227600,Fc1ccc(cc1)[C@@H](CC(=O)N[C@@H]2CCOc3cc(CN4CCCC4)ccc23)NS(=O)(=O)c5cccc(c5)C(F)(F)F,8.26
183,CHEMBL227879,CC(C)(C)NCc1ccc2[C@@H](CCOc2c1)NC(=O)C[C@@H](NS(=O)(=O)c3ccc4ccccc4c3)c5ccccc5,8.27
184,CHEMBL3657616,COC(=O)c1c(Cl)cccc1c2ccc([C@@H](C)NC(=O)C3(COC3)NC(=O)CC(F)(F)F)c(F)c2,8.28
185,CHEMBL382228,COC(=O)c1c(F)cccc1c2ccc(CNc3ccc(cn3)C(=O)N4CCN(CCF)CC4)c(F)c2,8.28
186,CHEMBL425588,COC(=O)c1c(F)cccc1c2ccc(CNc3ccc(cn3)C(=O)N4CCN(CC4)c5ccncc5)c(F)c2,8.29
187,CHEMBL3657627,C[C@@H](NC(=O)C1(COC1)NC(=O)c2oc(C)nn2)c3ncc(cc3F)c4cc(Cl)cc(F)c4c5noc(C)n5,8.29
188,CHEMBL3657617,C[C@@H](NC(=O)C1(COC1)NC(=O)c2onc(C)c2)c3ncc(cc3F)c4cc(Cl)cc(Cl)c4OCC(F)F,8.29
189,CHEMBL390311,CC(C)(C)NCc1ccc2[C@@H](CCOc2c1)NC(=O)C[C@@H](NS(=O)(=O)c3ccc(Cl)c(Cl)c3)c4ccc(F)cc4,8.3
190,CHEMBL227721,CC(C)CNCc1ccc2[C@@H](CCOc2c1)NC(=O)C[C@@H](NS(=O)(=O)c3ccc4ccccc4c3)c5ccccc5,8.3
191,CHEMBL258324,C[C@@H](NC(=O)[C@@](C)(O)C(F)(F)F)c1ncc(cc1F)c2cc(Cl)cc(F)c2c3nnn(C)n3,8.31
192,CHEMBL234720,FC(F)(F)CC(=O)Nc1cccnc1NCC2CCC(CC2)(C#N)c3cccc(Cl)c3Cl,8.31
193,CHEMBL389249,CC(C)(C)NCc1ccc2[C@@H](CCOc2c1)NC(=O)C[C@@H](NS(=O)(=O)c3cccc(c3)C(F)(F)F)c4ccc(F)cc4,8.32
194,CHEMBL1744083,CCCN1C(=O)[C@H](NC(=O)Nc2ccc(cc2)N3CCC(CC3)N4CCCCC4)N=C(CCc5ccccc5)c6ccccc16,8.32
195,CHEMBL425490,CC(C)NCc1ccc2[C@@H](CCOc2c1)NC(=O)C[C@@H](NS(=O)(=O)c3cccc(c3)C(F)(F)F)c4ccc(F)cc4,8.33
196,CHEMBL2087435,COc1cc(C)c(c(C)c1)S(=O)(=O)N(C)CCOCC(=O)N2CCC(CN3CCN(C)CC3)CC2,8.33
197,CHEMBL3657618,C[C@@H](NC(=O)C1(COC1)NC(=O)c2oncc2)c3ncc(cc3F)c4cc(Cl)cc(Cl)c4OCC(F)F,8.33
198,CHEMBL2018869,Cc1ccc(cc1)S(=O)(=O)N2C(CC(=O)NCCc3ccc(cc3)C4=NCCN4)c5ccccc5c6ccccc26,8.33
199,CHEMBL1210753,CC(C)NCC(=C)c1ccc2[C@@H](CCCc2c1)NC(=O)C[C@@H](NS(=O)(=O)c3cccc(c3)C(F)(F)F)c4ccccc4,8.34
200,CHEMBL2087424,COc1cc(C)c(c(C)c1)S(=O)(=O)N(C)CCOCC(=O)N2CCN(CC3CCN(C)CC3)CC2,8.35
201,CHEMBL402831,C[C@@H](NC(=O)[C@@](C)(O)C(F)(F)F)c1ncc(cc1F)c2cc(Cl)cc(F)c2c3noc(C)n3,8.35
202,CHEMBL207937,COC(=O)c1c(F)cccc1c2ccc(CNc3ccc(cn3)C(=O)N4CCN(C)CC4)c(F)c2,8.36
203,CHEMBL2087413,COc1ccc(c(Cl)c1)S(=O)(=O)N(C)CCOCC(=O)N(C)Cc2ccc(cc2)C3=NCCN3,8.37
204,CHEMBL3639564,C[C@@H](NC(=O)C1(COC1)NC(=O)C(F)(F)F)c2ncc(cc2F)c3cc(Cl)cc(F)c3c4nnn(C)n4,8.37
205,CHEMBL3657645,C[C@@H](NC(=O)C1(COC1)NC(=O)c2oc(C)nn2)c3ccc(cc3F)c4cc(Cl)cc(Cl)c4OCC(F)F,8.37
206,CHEMBL2018863,Clc1ccc(cc1Cl)S(=O)(=O)N2C(CC(=O)N[C@@H]3CC[C@@H](CCC4=NCCN4)CC3)CCc5ccccc25,8.37
207,CHEMBL2087412,CN(Cc1ccc(cc1)C2=NCCN2)C(=O)COCCN(C)S(=O)(=O)c3c(Cl)cccc3Cl,8.38
208,CHEMBL455642,O[C@H](CS(=O)(=O)c1cccc(c1)C(F)(F)F)[C@@H](O)C(=O)N[C@@H]2CCCc3cc(CN4CCCCC4)ccc23,8.39
209,CHEMBL208006,COC(=O)c1c(F)cccc1c2ccc(CNc3ccc(cn3)C(=O)N4CCN(CCC=C)CC4)c(F)c2,8.4
210,CHEMBL1934260,Clc1cccc2OC=C(C(=O)c12)c3ccc(cc3)C(=O)N[C@H]4CCCc5cc(CN6CCCCC6)ccc45,8.4
211,CHEMBL256671,COC(=O)c1c(Cl)cc(Cl)cc1c2cnc([C@@H](C)NC(=O)[C@@](C)(O)C(F)(F)F)c(F)c2,8.41
212,CHEMBL2087432,COc1cc(C)c(c(C)c1)S(=O)(=O)N(C)CCOCC(=O)N2CCC(CC2)N3CCN(CC3)C(C)C,8.42
213,CHEMBL429074,C[C@@H](NC(=O)C1(CC1)NC(=O)C(F)(F)F)c2ncc(cc2F)c3cc(Cl)cc(Cl)c3c4nnn(C)n4,8.42
214,CHEMBL2018865,Clc1ccc(cc1Cl)S(=O)(=O)N2CCc3ccccc3C2CC(=O)N4CCC(Cc5ccc(cc5)C6=NCCN6)CC4,8.42
215,CHEMBL188617,Clc1ccc(cc1Cl)S(=O)(=O)N2[C@H](CC(=O)NCCc3ccc(cc3)n4cnnc4)C(=O)Nc5ccccc25,8.43
216,CHEMBL233886,FC(F)(F)CC(=O)Nc1cccnc1NCC2CCC(CC2)(C#N)c3ccccc3Cl,8.43
217,CHEMBL388030,Fc1cccc(c1)C2(CCC(CNc3ncccc3NC(=O)CC(F)(F)F)CC2)C#N,8.43
218,CHEMBL412762,O=C(C[C@@H](NS(=O)(=O)c1ccc2ccccc2c1)c3ccccc3)N[C@@H]4CCOc5cc(CN6CCOCC6)ccc45,8.43
219,CHEMBL233887,FC(F)(F)CC(=O)Nc1cccnc1NCC2CCC(CC2)(C#N)c3ccccc3OC(F)(F)F,8.44
220,CHEMBL424868,COC(=O)c1c(F)cccc1c2ccc(CNc3ccc(cn3)C(=O)N4CCN(CC4)c5cccnc5)c(F)c2,8.46
221,CHEMBL2087429,COc1cc(C)c(c(C)c1)S(=O)(=O)N(C)CCOCC(=O)N2CCC(CCN(C)C)CC2,8.46
222,CHEMBL3657644,COc1cc(on1)C(=O)NC2(COC2)C(=O)N[C@H](C)c3ccc(cc3F)c4cc(Cl)cc(Cl)c4OCC(F)F,8.46
223,CHEMBL1210745,O[C@H]1CCN(CC(=C)c2ccc3[C@@H](CCCc3c2)NC(=O)C[C@@H](NS(=O)(=O)c4cccc(c4)C(F)(F)F)c5ccccc5)C1,8.46
224,CHEMBL207377,CCN1CCN(CC1)C(=O)c2ccc(NCc3ccc(cc3F)c4cccc(F)c4C(=O)OC)nc2,8.47
225,CHEMBL206519,COC(=O)c1c(F)cccc1c2ccc(CNc3ccc(cn3)C(=O)N4CCN(CC5CCC5)CC4)c(F)c2,8.47
226,CHEMBL1210754,FC(F)(F)c1cccc(c1)S(=O)(=O)N[C@H](CC(=O)N[C@@H]2CCCc3cc(ccc23)C(=C)CNC4CCC4)c5ccccc5,8.47
227,CHEMBL207800,COC(=O)c1c(F)cccc1c2ccc(CNc3ccc(cn3)C(=O)N4CCN(C\C=C\C)CC4)c(F)c2,8.48
228,CHEMBL2087420,COc1cc(C)c(c(C)c1)S(=O)(=O)N(C)CCOCC(=O)N2CCN(CC2)C3CC4CCC(C3)N4C,8.48
229,CHEMBL3657642,COc1ncc(cn1)C(=O)NC2(COC2)C(=O)N[C@H](C)c3ccc(cc3F)c4cc(Cl)cc(Cl)c4OCC(F)F,8.48
230,CHEMBL1210743,FC(F)(F)c1cccc(c1)S(=O)(=O)N[C@H](CC(=O)N[C@@H]2CCCc3cc(ccc23)C(=C)CN4CCCCC4)c5ccccc5,8.48
231,CHEMBL2087411,CN(Cc1ccc(cc1)C2=NCCN2)C(=O)COCCN(C)S(=O)(=O)c3cccc(Cl)c3Cl,8.51
232,CHEMBL2018867,Clc1ccc(cc1Cl)S(=O)(=O)N2C(CC(=O)NCCc3ccc(cc3)C4=NCCN4)c5ccccc5c6ccccc26,8.51
233,CHEMBL3657626,COc1cc(on1)C(=O)NC2(COC2)C(=O)N[C@H](C)c3ncc(cc3F)c4cc(Cl)cc(Cl)c4OCC(F)F,8.52
234,CHEMBL219309,COC(=O)c1c(F)cccc1c2ccc(CNC(=O)C3(CC3)NC(=O)C(F)(F)C(F)(F)F)c(F)c2,8.53
235,CHEMBL204562,COC(=O)c1c(F)cccc1c2ccc(CNc3ccc(cn3)C(=O)N4CCN(CC4)C5CCC5)c(F)c2,8.54
236,CHEMBL2018868,Cc1cc(C)c(cc1C)S(=O)(=O)N2C(CC(=O)NCCc3ccc(cc3)C4=NCCN4)c5ccccc5c6ccccc26,8.54
237,CHEMBL2087409,CN(Cc1ccc(cc1)C2=NCCN2)C(=O)COCCN(C)S(=O)(=O)c3ccccc3C(F)(F)F,8.55
238,CHEMBL218552,COC(=O)c1c(F)cccc1c2ccc(CNC(=O)C3(CC3)NC(=O)C(F)Cl)c(F)c2,8.55
239,CHEMBL380920,COC(=O)c1c(F)cccc1c2ccc(CNc3ccc(cn3)C(=O)N4CCN(CC4)C5CCCCC5)c(F)c2,8.55
240,CHEMBL232750,COC(=O)c1c(Cl)cc(Cl)cc1c2cnc([C@@H](C)NC(=O)C3(CC3)NC(=O)C(F)(F)F)c(F)c2,8.59
241,CHEMBL2113091,COC(=O)c1ccccc1c2ccc(cc2)[C@@H](C)Nc3nccc(C)c3NC(=O)CC#N,8.59
242,CHEMBL403434,C[C@@H](NC(=O)C1(CC1)NC(=O)c2cc(on2)C3CC3)c4ncc(cc4F)c5cc(Cl)cc(Cl)c5OCC(F)F,8.59
243,CHEMBL3657609,C[C@@H](NC(=O)C1(COC1)NC(=O)c2cc(F)cc(c2)C(F)(F)F)c3ncc(cc3F)c4cc(Cl)cc(F)c4c5noc(C)n5,8.59
244,CHEMBL3657619,C[C@@H](NC(=O)C1(COC1)NC(=O)c2cncnc2)c3ncc(cc3F)c4cc(Cl)cc(Cl)c4OCC(F)F,8.59
245,CHEMBL496459,NCc1ccc2[C@@H](CCOc2c1)NC(=O)C[C@H]3N(c4ccccc4NC3=O)S(=O)(=O)c5ccc(Cl)c(Cl)c5,8.59
246,CHEMBL454086,O=C(Nc1ccc(cc1)S(=O)(=O)Nc2ccccc2C(=O)c3ccccn3)OCC4CCCO4,8.59
247,CHEMBL218267,COC(=O)c1c(F)cccc1c2ccc(CNC(=O)C3(CC3)NC(=O)C(F)(F)Cl)c(F)c2,8.6
248,CHEMBL3657612,C[C@@H](NC(=O)C1(COC1)NC(=O)c2onc(C)c2)c3ncc(cc3F)c4cc(Cl)cc(F)c4c5noc(C)n5,8.6
249,CHEMBL232933,C[C@@H](NC(=O)C1(CC1)NC(=O)C(F)(F)F)c2ccc(cc2F)c3cc(Cl)cc(Cl)c3c4noc(C)n4,8.62
250,CHEMBL3657611,C[C@@H](NC(=O)C1(COC1)NC(=O)c2oncc2)c3ncc(cc3F)c4cc(Cl)cc(F)c4c5noc(C)n5,8.62
251,CHEMBL255325,CC(C)Oc1c(Cl)cc(Cl)cc1c2ccc([C@@H](C)NC(=O)C3(CC3)NC(=O)C(F)(F)F)c(F)c2,8.64
252,CHEMBL3657639,C[C@@H](NC(=O)C1(COC1)NC(=O)c2oncc2)c3ccc(cc3F)c4cc(Cl)cc(Cl)c4OCC(F)F,8.64
253,CHEMBL182275,COC(=O)C1CCCCC1c2ccc(CNc3nccc(C)c3NC(=O)CC#N)cc2,8.66
254,CHEMBL437704,COC(=O)c1c(F)cccc1c2ccc(CNc3ccc(cn3)C(=O)N4CCN(CC4)C(C)C)c(F)c2,8.66
255,CHEMBL3657641,COc1cc(on1)C(=O)NC2(COC2)C(=O)N[C@H](C)c3ncc(cc3F)c4cc(Cl)cc(F)c4c5nnn(C)n5,8.66
256,CHEMBL2018861,Clc1ccc(cc1Cl)S(=O)(=O)N2CCc3ccccc3C2CC(=O)NCCc4ccc(cc4)C5=NCCN5,8.66
257,CHEMBL2087035,CN(Cc1ccc(cc1)C2=NCCN2)C(=O)COCCN(C)S(=O)(=O)c3ccc(Cl)c(C)c3Cl,8.68
258,CHEMBL451761,Fc1ccc(nc1)C(=O)c2ccccc2NS(=O)(=O)c3ccc(NC(=O)OCC4CCCO4)cc3,8.68
259,CHEMBL487876,O=C(NCCCN1CCOCC1)Nc2ccc(cc2)S(=O)(=O)Nc3ccccc3C(=O)c4ccccc4,8.68
260,CHEMBL391491,COC(=O)c1ccc(Cl)cc1c2ccc([C@@H](C)NC(=O)C3(CC3)NC(=O)C(F)(F)F)c(F)c2,8.69
261,CHEMBL232943,COC(=O)c1c(Cl)cccc1c2ccc([C@@H](C)NC(=O)C3(CC3)NC(=O)C(F)(F)F)c(F)c2,8.7
262,CHEMBL374779,C[C@@H](Nc1nccc(Cl)c1NC(=O)CC#N)c2ccc(cc2)c3cccc(F)c3C#N,8.7
263,CHEMBL181961,Cc1noc(n1)[C@H]2CC=CC[C@@H]2c3ccc(CNc4nccc(C)c4NC(=O)CC#N)cc3,8.7
264,CHEMBL388031,Fc1cccc(c1F)C2(CCC(CNc3ncccc3NC(=O)CC(F)(F)F)CC2)C#N,8.7
265,CHEMBL222159,CCC(=O)c1c(Cl)cccc1c2ccc([C@@H](C)NC(=O)C3(CC3)NC(=O)C(F)(F)F)c(F)c2,8.71
266,CHEMBL1253497,CCCN1C(=O)[C@H](NC(=O)Nc2ccc(cc2)N3CCN(CC3)c4ccncc4)N=C(CCc5ccccc5)c6ccccc16,8.72
267,CHEMBL256903,CCc1onc(c1)C(=O)NC2(CC2)C(=O)N[C@H](C)c3ncc(cc3F)c4cc(Cl)cc(Cl)c4OCC(F)F,8.72
268,CHEMBL392903,CCOC(=O)c1c(Cl)cc(Cl)cc1c2ccc([C@@H](C)NC(=O)C3(CC3)NC(=O)C(F)(F)F)c(F)c2,8.73
269,CHEMBL525092,CC(C)(C)NCc1ccc2[C@@H](CCOc2c1)NC(=O)C[C@H]3N(c4ccccc4NC3=O)S(=O)(=O)c5ccccc5,8.75
270,CHEMBL232946,CCOC(=O)c1c(Cl)cc(Cl)cc1c2cnc([C@@H](C)NC(=O)C3(CC3)NC(=O)C(F)(F)F)c(F)c2,8.75
271,CHEMBL522947,CN1CCC(CC1)N2CCC(CCNC(=O)c3n[nH]c(NC(=O)c4ccccc4Cl)c3C)CC2,8.75
272,CHEMBL201041,COC(=O)c1ccccc1c2ccc(CNC(=O)C3(CC3)NC(=O)c4cncc(c4)C(F)(F)F)cc2,8.75
273,CHEMBL2113087,COC(=O)c1ccccc1c2ccc(cc2)[C@@H](C)Nc3nccc(C)c3NC(=O)CC(F)(F)F,8.75
274,CHEMBL436854,C[C@@H](NC(=O)C1(CC1)NC(=O)C(F)(F)F)c2ccc(cc2F)c3cc(Cl)cc(Cl)c3OCC(F)(F)F,8.75
275,CHEMBL207378,CCCN1CCN(CC1)C(=O)c2ccc(NCc3ccc(cc3F)c4cccc(F)c4C(=O)OC)nc2,8.77
276,CHEMBL504119,CN(C)Cc1ccc2[C@@H](CCOc2c1)NC(=O)C[C@H]3N(c4ccccc4NC3=O)S(=O)(=O)c5ccc(Cl)c(Cl)c5,8.77
277,CHEMBL380679,COC(=O)c1c(F)cccc1c2ccc(CNc3ccc(cn3)C(=O)N4CCN(CC5CCCC5)CC4)c(F)c2,8.77
278,CHEMBL2018873,COc1cccc2C(CC(=O)NCCc3ccc(cc3)C4=NCCN4)N(c5ccccc5c12)S(=O)(=O)c6ccc(Cl)c(Cl)c6,8.77
279,CHEMBL3657629,C[C@@H](NC(=O)C1(COC1)NC(=O)C(F)(F)F)c2ccc(cc2F)c3cc(Cl)cc(F)c3c4nnn(C)n4,8.77
280,CHEMBL453339,O[C@H](CS(=O)(=O)c1ccc2ccccc2c1)[C@@H](O)C(=O)N[C@@H]3CCCc4cc(CN5CCCCC5)ccc34,8.77
281,CHEMBL1939756,Cc1ccc(cc1)S(=O)(=O)N2C=CNC(=O)[C@H]2CC(=O)N[C@@H]3CCCc4cc(CN)ccc34,8.79
282,CHEMBL3657615,COC(=O)c1c(Cl)cccc1c2ccc([C@@H](C)NC(=O)C3(COC3)NC(=O)c4cncnc4)c(F)c2,8.8
283,CHEMBL373803,COC(=O)c1c(F)cccc1c2ccc([C@@H](C)NC(=O)C3(CC3)NC(=O)C(F)(F)C(F)(F)F)c(F)c2,8.8
284,CHEMBL2087421,COc1cc(C)c(c(C)c1)S(=O)(=O)N(C)CCOCC(=O)N2CCN(CC2)C3CCN(C)CC3,8.8
285,CHEMBL391227,C[C@@H](NC(=O)C1(CC1)NC(=O)C(F)(F)F)c2ccc(cc2F)c3cc(Cl)cc(Cl)c3c4nnn(C)n4,8.8
286,CHEMBL3657628,C[C@@H](NC(=O)C1(COC1)NC(=O)c2onc(C)c2)c3ncc(cc3F)c4cc(Cl)cc(F)c4c5nnn(C)n5,8.8
287,CHEMBL3657624,C[C@@H](NC(=O)C1(COC1)NC(=O)c2snnc2C)c3ncc(cc3F)c4cc(Cl)cc(F)c4c5noc(C)n5,8.8
288,CHEMBL521454,C[C@@H](NC(=O)C1(O)CC[S+]([O-])C1)c2ncc(cc2F)c3cc(Cl)cc(F)c3c4nnn(C)n4,8.8
289,CHEMBL441188,O=C(C[C@@H](NS(=O)(=O)c1ccc2ccccc2c1)c3ccccc3)N[C@@H]4CCc5cc(CN6CCCCC6)ccc45,8.8
290,CHEMBL208991,CCC(C)N1CCN(CC1)C(=O)c2ccc(NCc3ccc(cc3F)c4cccc(F)c4C(=O)OC)nc2,8.82
291,CHEMBL269963,CCOc1c(Cl)cc(Cl)cc1c2cnc([C@@H](C)NC(=O)C3(CC3)NC(=O)C(F)(F)F)c(F)c2,8.82
292,CHEMBL413775,COC(=O)c1c(F)cccc1c2ccc(CNC(=O)C3(CC3)NC(=O)C(F)(F)F)c(F)c2,8.82
293,CHEMBL381974,COC(=O)c1c(F)cccc1c2ccc(CNc3ccc(cn3)C(=O)N4CCN(CC(C)C)CC4)c(F)c2,8.82
294,CHEMBL204356,COC(=O)c1c(F)cccc1c2ccc(CNc3ccc(cn3)C(=O)N4CCN(CC4)C5CCCC5)c(F)c2,8.82
295,CHEMBL403202,C[C@@H](NC(=O)C1(CC1)NC(=O)C(F)(F)F)c2ncc(cc2F)c3cc(Cl)cc(Cl)c3OCC(F)F,8.82
296,CHEMBL2087031,Cc1c(Cl)ccc(c1Cl)S(=O)(=O)N(CCc2ccccc2)CC(=O)NCC(=O)N(CCCCN3CCCC3)Cc4ccc(cc4)C(=N)N,8.82
297,CHEMBL449789,O=C(CC(CS(=O)(=O)c1ccc2ccccc2c1)c3ccccc3)N[C@@H]4CCCc5cc(CN6CCCCC6)ccc45,8.82
298,CHEMBL233764,C[C@@H](NC(=O)C1(CC1)NC(=O)C(F)(F)F)c2ccc(cc2F)c3cc(Cl)ccc3c4nnn(C)n4,8.84
299,CHEMBL221695,C[C@@H](NC(=O)C1(CC1)NC(=O)C(F)(F)F)c2ccc(cc2F)c3cccc(F)c3C(F)(F)F,8.84
300,CHEMBL208320,CCCCN1CCN(CC1)C(=O)c2ccc(NCc3ccc(cc3F)c4cccc(F)c4C(=O)OC)nc2,8.85
301,CHEMBL3657650,COc1cc(on1)C(=O)NC2(COC2)C(=O)N[C@H](C)c3ccc(cc3F)c4cc(Cl)cc(F)c4c5nnn(C)n5,8.85
302,CHEMBL3657622,COc1cc(on1)C(=O)NC2(COC2)C(=O)N[C@H](C)c3ncc(cc3F)c4cc(Cl)cc(F)c4c5noc(C)n5,8.85
303,CHEMBL402630,C[C@@H](NC(=O)C1(CC1)NC(=O)c2cc(C)on2)c3ncc(cc3F)c4cc(Cl)cc(Cl)c4OCC(F)F,8.85
304,CHEMBL3657635,C[C@@H](NC(=O)C1(COC1)NC(=O)c2cncc(N)c2)c3ncc(cc3F)c4cc(Cl)cc(F)c4c5noc(C)n5,8.85
305,CHEMBL233351,C[C@@H](NC(=O)C1(CC1)NC(=O)C(F)(F)F)c2ccc(cc2F)c3cc(Cl)ccc3c4noc(C)n4,8.86
306,CHEMBL218553,CCOC(=O)c1c(Cl)cccc1c2ccc([C@@H](C)NC(=O)C3(CC3)NC(=O)C(F)(F)F)c(F)c2,8.87
307,CHEMBL404328,CCOc1c(Cl)cc(Cl)cc1c2ccc([C@@H](C)NC(=O)C3(CC3)NC(=O)C(F)(F)F)c(F)c2,8.89
308,CHEMBL373654,CN1c2cc(CN3CCCCC3)ccc2[C@H](CS1(=O)=O)NC(=O)C[C@@H](NS(=O)(=O)c4ccc5ccccc5c4)c6ccccc6,8.89
309,CHEMBL3657637,C[C@@H](NC(=O)C1(COC1)NC(=O)c2cccnc2)c3ncc(cc3F)c4cc(Cl)cc(F)c4c5noc(C)n5,8.89
310,CHEMBL1939757,CN(C)Cc1ccc2[C@@H](CCCc2c1)NC(=O)C[C@H]3N(C=CNC3=O)S(=O)(=O)c4ccc(C)cc4,8.9
311,CHEMBL232945,CCOC(=O)c1c(Cl)cccc1c2cnc([C@@H](C)NC(=O)C3(CC3)NC(=O)C(F)(F)F)c(F)c2,8.92
312,CHEMBL503847,CNCc1ccc2[C@@H](CCOc2c1)NC(=O)C[C@H]3N(c4ccccc4NC3=O)S(=O)(=O)c5ccc(Cl)c(Cl)c5,8.92
313,CHEMBL225133,COC(=O)c1ccc(C)cc1c2ccc(cc2)[C@@H](C)Nc3nccc(C)c3NC(=O)CC#N,8.92
314,CHEMBL3657643,COc1ncc(cn1)C(=O)NC2(COC2)C(=O)N[C@H](C)c3ncc(cc3F)c4cc(Cl)cc(F)c4c5nnn(C)n5,8.92
315,CHEMBL401619,C[C@@H](NC(=O)C1(CC1)NC(=O)c2ccon2)c3ncc(cc3F)c4cc(Cl)cc(Cl)c4OCC(F)F,8.92
316,CHEMBL3657631,C[C@@H](NC(=O)C1(COC1)NC(=O)c2onc(C)c2)c3ccc(cc3F)c4cc(Cl)cc(F)c4c5noc(C)n5,8.92
317,CHEMBL488662,FC1CCCN(CCCNC(=O)Nc2ccc(cc2)S(=O)(=O)Nc3ccccc3C(=O)c4ccccc4)C1,8.92
318,CHEMBL2018871,Fc1ccc2c(c1)C(CC(=O)NCCc3ccc(cc3)C4=NCCN4)N(c5ccccc25)S(=O)(=O)c6ccc(Cl)c(Cl)c6,8.92
319,CHEMBL508043,CC(C)(C)NCc1ccc2[C@@H](CCOc2c1)NC(=O)C[C@H]3N(c4ccccc4NC3=O)S(=O)(=O)c5ccc(Cl)c(Cl)c5,8.96
320,CHEMBL404280,CCOc1cc(on1)C(=O)NC2(CC2)C(=O)N[C@H](C)c3ncc(cc3F)c4cc(Cl)cc(Cl)c4OCC(F)F,8.96
321,CHEMBL3657651,COc1ncc(cn1)C(=O)NC2(COC2)C(=O)N[C@H](C)c3ccc(cc3F)c4cc(Cl)cc(F)c4c5nnn(C)n5,8.96
322,CHEMBL3657647,COc1ncc(cn1)C(=O)NC2(COC2)C(=O)N[C@H](C)c3ncc(cc3F)c4cc(Cl)cc(Cl)c4OCC(F)F,8.96
323,CHEMBL3657623,COc1ncc(cn1)C(=O)NC2(COC2)C(=O)N[C@H](C)c3ncc(cc3F)c4cc(Cl)cc(F)c4c5noc(C)n5,8.96
324,CHEMBL232354,C[C@@H](NC(=O)C1(CC1)NC(=O)C(F)(F)F)c2ccc(cc2F)c3cc(Cl)cc(F)c3c4nnn(C)n4,8.96
325,CHEMBL3657613,C[C@@H](NC(=O)C1(COC1)NC(=O)c2cncnc2)c3ncc(cc3F)c4cc(Cl)cc(F)c4c5noc(C)n5,8.96
326,CHEMBL225006,C[C@@H](Nc1nccc(Cl)c1NC(=O)CC#N)c2ccc(cc2)c3cccc(F)c3C(F)(F)F,8.96
327,CHEMBL189245,Clc1ccc(cc1Cl)S(=O)(=O)N2[C@H](CC(=O)NCCc3ccc(cc3)n4ccnc4)C(=O)Nc5ccccc25,8.96
328,CHEMBL484882,CC(NC(=O)C1(O)CCC(F)(F)C1)c2ncc(cc2F)c3cc(Cl)cc(F)c3c4nnn(C)n4,9.0
329,CHEMBL183048,CN(C)CCCN(CCCN(C)C)C(=O)C1CCN(CC1)S(=O)(=O)c2ccc(NCC(c3ccccc3)c4ccccc4)c(c2)C(=O)N5CCOCC5,9.0
330,CHEMBL3657621,COC(=O)c1c(Cl)cccc1c2ccc([C@@H](C)NC(=O)C3(COC3)NC(=O)c4onc(C)c4)c(F)c2,9.0
331,CHEMBL3657632,C[C@@H](NC(=O)C1(COC1)NC(=O)c2ccnnc2)c3ncc(cc3F)c4cc(Cl)cc(F)c4c5noc(C)n5,9.0
332,CHEMBL3657630,C[C@@H](NC(=O)C1(COC1)NC(=O)c2onc(C)c2)c3ccc(cc3F)c4cc(Cl)cc(F)c4c5nnn(C)n5,9.0
333,CHEMBL2018866,Clc1ccc(cc1Cl)S(=O)(=O)N2CCc3ccccc3C2CC(=O)N[C@@H]4CC[C@@H](CCC5=NCCN5)CC4,9.0
334,CHEMBL483858,C[C@@H](NC(=O)C1(O)CCOCC1)c2ncc(cc2F)c3cc(Cl)cc(F)c3c4nnn(C)n4,9.02
335,CHEMBL221288,COC(=O)c1c(F)cccc1c2ccc([C@@H](C)NC(=O)C3(CC3)NC(=O)C)c(F)c2,9.03
336,CHEMBL404683,CCOc1c(Cl)cccc1c2ccc([C@@H](C)NC(=O)C3(CC3)NC(=O)C(F)(F)F)c(F)c2,9.05
337,CHEMBL404705,C[C@@H](NC(=O)C1(CC1)NC(=O)C(F)(F)F)c2ccc(cc2F)c3cc(Cl)cc(Cl)c3OC(CF)CF,9.05
338,CHEMBL189123,Clc1ccc(cc1Cl)S(=O)(=O)N2[C@H](CC(=O)NCCc3ccc(cc3)C4=NCCN4)C(=O)Nc5ccccc25,9.05
339,CHEMBL207022,COC(=O)c1c(F)cccc1c2ccc(CNc3ccc(cn3)C(=O)N4CCN(CC5CC5)CC4)c(F)c2,9.07
340,CHEMBL219083,COC(=O)c1c(F)cccc1c2ccc(CNC(=O)C3(CC3)NC(=O)CC(F)(F)F)c(F)c2,9.09
341,CHEMBL220371,COC(=O)c1c(F)cccc1c2ccc([C@@H](C)NC(=O)C3(CC3)NC(=O)C(F)(F)Cl)c(F)c2,9.09
342,CHEMBL3657620,COC(=O)c1c(Cl)cccc1c2ccc([C@@H](C)NC(=O)C3(COC3)NC(=O)c4oncc4)c(F)c2,9.1
343,CHEMBL375288,COC(=O)c1ccc(Cl)cc1c2ccc(cc2)[C@@H](C)Nc3nccc(Cl)c3NC(=O)CC#N,9.1
344,CHEMBL2087423,COc1cc(C)c(c(C)c1)S(=O)(=O)N(C)CCOCC(=O)N2CCN(CC2)C3CCN(CC3)C4CC4,9.1
345,CHEMBL496529,C[C@@H](NC(=O)[C@@](C)(O)C(F)(F)F)c1ncc(cc1F)c2cc(Cl)cc(F)c2c3noc(CO)n3,9.1
346,CHEMBL392551,COC(=O)c1c(Cl)cccc1c2cnc([C@@H](C)NC(=O)C3(CC3)NC(=O)C(F)(F)F)c(F)c2,9.11
347,CHEMBL415848,O=C(C[C@@H](NS(=O)(=O)c1ccc2ccccc2c1)c3ccccc3)N[C@@H]4CCOc5cc(CN6CCCCC6)ccc45,9.11
348,CHEMBL208371,COC(=O)c1c(F)cccc1c2ccc(CNc3nccc(C)c3NC(=O)CC#N)c(F)c2,9.15
349,CHEMBL452331,CC(C)NCc1ccc2[C@@H](CCOc2c1)NC(=O)C[C@H]3N(c4ccccc4NC3=O)S(=O)(=O)c5ccc(Cl)c(Cl)c5,9.16
350,CHEMBL221998,COC(=O)c1c(Cl)cccc1c2ccc(cc2)[C@@H](C)Nc3nccc(Cl)c3NC(=O)CC#N,9.16
351,CHEMBL2087433,COc1cc(C)c(c(C)c1)S(=O)(=O)N(C)CCOCC(=O)N2CCC(CC2)C3CCN(C)CC3,9.16
352,CHEMBL482829,C[C@@H](NC(=O)C1(O)CCS(=O)(=O)C1)c2ncc(cc2F)c3cc(Cl)cc(F)c3c4nnn(C)n4,9.16
353,CHEMBL225218,C[C@@H](Nc1nccc(Cl)c1NC(=O)CC#N)c2ccc(cc2)c3cccc(F)c3c4noc(C)n4,9.16
354,CHEMBL1210744,FC(F)(F)c1cccc(c1)S(=O)(=O)N[C@H](CC(=O)N[C@@H]2CCCc3cc(ccc23)C(=C)CN4CCCC4)c5ccccc5,9.16
355,CHEMBL454085,O=C(Nc1ccc(cc1)S(=O)(=O)Nc2ccccc2C(=O)c3ccccc3)OCC4CCCO4,9.16
356,CHEMBL231734,COC(=O)c1c(F)cc(Cl)cc1c2ccc([C@@H](C)NC(=O)C3(CC3)NC(=O)C(F)(F)F)c(F)c2,9.17
357,CHEMBL484881,C[C@@H](NC(=O)C1(O)CCC(=O)C1)c2ncc(cc2F)c3cc(Cl)cc(F)c3c4nnn(C)n4,9.17
358,CHEMBL426561,C[C@@H](NC(=O)C1(CC1)NC(=O)C(F)(F)F)c2ccc(cc2F)c3cccc(Cl)c3c4nnn(C)n4,9.18
359,CHEMBL270173,CCOc1c(Cl)cc(Cl)cc1c2cnc([C@@H](C)NC(=O)C3(CC3)NC(=O)c4oncc4)c(F)c2,9.22
360,CHEMBL3657638,COc1ncc(cn1)C(=O)NC2(COC2)C(=O)N[C@H](C)c3ccc(cc3F)c4cc(Cl)cc(F)c4c5noc(C)n5,9.22
361,CHEMBL220657,C[C@@H](NC(=O)C1(CC1)NC(=O)C(F)(F)F)c2ccc(cc2F)c3cccc(F)c3c4nnn(C)n4,9.22
362,CHEMBL234097,FC(F)(F)c1ccccc1C2(CCC(CNc3ncccc3NC(=O)c4oncc4)CC2)C#N,9.22
363,CHEMBL299832,CCCN1C(=O)C(NC(=O)Nc2ccc(cc2)N3CCN(CC3)c4ccncc4)N=C(CCc5ccccc5)c6ccccc16,9.23
364,CHEMBL374580,COC(=O)c1c(F)cccc1c2ccc([C@@H](C)NC(=O)C3(CC3)NC(=O)C(F)(F)F)c(F)c2,9.24
365,CHEMBL1939759,Cc1ccc(cc1)S(=O)(=O)N2C=CNC(=O)[C@H]2CC(=O)N[C@@H]3CCCc4cc(CNC5CC5)ccc34,9.25
366,CHEMBL424919,COC(=O)c1c(F)cccc1c2ccc(CNC(=O)C3(CC3)NC(=O)C(Cl)Cl)c(F)c2,9.27
367,CHEMBL218605,C[C@@H](NC(=O)C1(CC1)NC(=O)C(F)(F)F)c2ccc(cc2F)c3cccc(F)c3c4onc(C)n4,9.29
368,CHEMBL404484,COc1cc(on1)C(=O)NC2(CC2)C(=O)N[C@H](C)c3ncc(cc3F)c4cc(Cl)cc(Cl)c4OCC(F)F,9.3
369,CHEMBL387638,C[C@@H](Nc1nccc(Cl)c1NC(=O)CC#N)c2ccc(cc2)c3cccc(F)c3c4nnn(C)n4,9.3
370,CHEMBL222038,C[C@@H](Nc1nccc(Cl)c1NC(=O)CC#N)c2ccc(cc2)c3cccc(F)c3c4onc(C)n4,9.3
371,CHEMBL521735,C[C@@H](NC(=O)C1(O)CCCC1)c2ncc(cc2F)c3cc(Cl)cc(F)c3c4nnn(C)n4,9.32
372,CHEMBL1939760,Cc1ccc(cc1)S(=O)(=O)N2C=CNC(=O)[C@H]2CC(=O)N[C@@H]3CCCc4cc(CNCC(C)(C)C)ccc34,9.32
373,CHEMBL233968,COC(=O)c1c(Cl)cc(Cl)cc1c2ccc([C@@H](C)NC(=O)C3(CC3)NC(=O)C(F)(F)F)c(F)c2,9.34
374,CHEMBL444431,CC(C)CNCc1ccc2[C@@H](CCOc2c1)NC(=O)C[C@H]3N(c4ccccc4NC3=O)S(=O)(=O)c5ccc(Cl)c(Cl)c5,9.36
375,CHEMBL271283,C[C@@H](NC(=O)[C@@](C)(O)C(F)(F)F)c1ncc(cc1Cl)c2cc(Cl)cc(F)c2c3nnn(C)n3,9.37
376,CHEMBL484055,C[C@@H](NC(=O)C1(O)CCC(F)(F)CC1)c2ncc(cc2F)c3cc(Cl)cc(F)c3c4nnn(C)n4,9.39
377,CHEMBL404370,COC(=O)c1c(Cl)cc(Cl)cc1c2ccc([C@@H](C)NC(=O)C3(CC3)NC(=O)c4onc(OC)c4)c(F)c2,9.4
378,CHEMBL414962,COC(=O)c1c(F)cccc1c2ccc([C@@H](C)NC(=O)C3(CC3)NC(=O)C(F)F)c(F)c2,9.4
379,CHEMBL225607,COC(=O)c1c(F)cccc1c2ccc(cc2)[C@@H](C)Nc3nccc(Cl)c3NC(=O)CC#N,9.4
380,CHEMBL2087434,COc1cc(C)c(c(C)c1)S(=O)(=O)N(C)CCOCC(=O)N2CCC(CC2)C3CCN(CC3)C(C)C,9.4
381,CHEMBL255997,C[C@@H](NC(=O)C1(CC1)NC(=O)c2oncc2)c3ncc(cc3F)c4cc(Cl)cc(Cl)c4OCC(F)F,9.4
382,CHEMBL234096,FC(F)(F)CC(=O)Nc1cccnc1NCC2CCC(CC2)(C#N)c3ccccc3C(F)(F)F,9.4
383,CHEMBL227713,Fc1ccc(cc1)[C@@H](CC(=O)N[C@@H]2CCOc3cc(CN4CCCCC4)ccc23)NS(=O)(=O)c5cccc(c5)C(F)(F)F,9.4
384,CHEMBL496530,C[C@@H](NC(=O)C1(O)CCSC1)c2ncc(cc2F)c3cc(Cl)cc(F)c3c4nnn(C)n4,9.41
385,CHEMBL1254771,COc1cc(C)c(c(C)c1)S(=O)(=O)N(C)CCOCC(=O)N(C)Cc2ccc(cc2)C3=NCCN3,9.46
386,CHEMBL1254945,Clc1cccc2CN(C(=O)c12)c3cccc(c3)C(=O)N4CCC5(CC4)CCN(CC5)c6ccncc6,9.59
387,CHEMBL487445,O=C(NCCCN1CCCCC1)Nc2ccc(cc2)S(=O)(=O)Nc3ccccc3C(=O)c4ccccc4,9.6
388,CHEMBL447870,Cc1ccc(cc1)S(=O)(=O)N2[C@H](CC(=O)N[C@@H]3CCOc4cc(CN5CCCCC5)ccc34)C(=O)Nc6ccccc26,9.62
389,CHEMBL218152,O=C(C[C@@H](NS(=O)(=O)c1ccc2ccccc2c1)c3ccccc3)N[C@@H]4CCCc5cc(CN6CCCCC6)ccc45,9.62
390,CHEMBL412824,NCCCCC(N)C(=O)N[C@H](CCCN=C(N)N)C(=O)N1CCC[C@H]1C(=O)N2CC(O)C[C@H]2C(=O)NCC(=O)NC(Cc3cccs3)C(=O)N[C@@H](CO)C(=O)N[C@@H]4CSc5ccccc5N(CC(=O)O)C4=O,9.66
391,CHEMBL2087422,CCN1CCC(CC1)N2CCN(CC2)C(=O)COCCN(C)S(=O)(=O)c3c(C)cc(OC)cc3C,9.7
392,CHEMBL272278,C[C@@H](NC(=O)C1(CC1)NC(=O)C(F)(F)F)c2ccc(cc2F)c3cc(Cl)cc(Cl)c3OCC(F)F,9.7
393,CHEMBL410281,C[C@@H](NC(=O)C1(CC1)NC(=O)c2onc(Cl)c2)c3ncc(cc3F)c4cc(Cl)cc(Cl)c4OCC(F)F,9.7
394,CHEMBL1939758,Cc1ccc(cc1)S(=O)(=O)N2C=CNC(=O)[C@H]2CC(=O)N[C@@H]3CCCc4cc(CN5CCCC5)ccc34,9.71
395,CHEMBL502140,O=C(C[C@H]1N(c2ccccc2NC1=O)S(=O)(=O)c3ccccc3)N[C@@H]4CCOc5cc(CN6CCCCC6)ccc45,9.72
396,CHEMBL1777958,Cc1ccc(cc1)S(=O)(=O)N2CCNC(=O)[C@H]2CC(=O)N[C@@H]3CCCc4cc(CN5CCCCC5)ccc34,9.8
397,CHEMBL450541,Clc1ccc(cc1Cl)S(=O)(=O)N2[C@H](CC(=O)N[C@@H]3CCOc4cc(CN5CCCCC5)ccc34)C(=O)Nc6ccccc26,9.82
398,CHEMBL373530,COC(=O)c1c(F)cccc1c2ccc([C@@H](C)NC(=O)C3(CC3)NC(=O)CC(F)(F)F)c(F)c2,9.89
399,CHEMBL504531,Clc1ccc(cc1Cl)S(=O)(=O)N2[C@H](CC(=O)N[C@@H]3CCCc4cc(CN5CCCCC5)ccc34)C(=O)Nc6ccccc26,10.0
400,CHEMBL185727,Clc1ccc2NC(=O)[C@@H](CC(=O)NCCc3ccc(cc3)c4ncc[nH]4)N(c2c1)S(=O)(=O)c5ccc6ccccc6c5,10.15
401,CHEMBL185811,O=C(C[C@H]1N(c2ccccc2NC1=O)S(=O)(=O)c3ccc4ccccc4c3)NCCc5ccc(cc5)c6ncc[nH]6,10.15
402,CHEMBL1939755,Cc1ccc(cc1)S(=O)(=O)N2C=CNC(=O)[C@H]2CC(=O)N[C@@H]3CCCc4cc(CN5CCCCC5)ccc34,10.35
403,CHEMBL3142391,NCCCC[C@H](N)C(=O)N[C@@H](CCCCN)C(=O)N[C@H](CCCN=C(N)N)C(=O)N1CCC[C@H]1C(=O)N2CC(O)C[C@H]2C(=O)NCC(=O)N[C@@H](C3Cc4ccccc4C3)C(=O)N[C@@H](CO)C(=O)N[C@@H]5CSc6ccccc6N(CC(=O)O)C5=O,10.46
404,CHEMBL3085458,NCCCC[C@H](N)C(=O)N[C@@H](CCCN=C(N)N)C(=O)N1CCC[C@H]1C(=O)N2C[C@H](O)C[C@H]2C(=O)NCC(=O)N[C@@H](C3Cc4ccccc4C3)C(=O)N[C@@H](CO)C(=O)N[C@@H]5CSc6ccccc6N(CC(=O)O)C5=O,10.64
405,CHEMBL185693,CN1CCN=C1c2ccc(CCNC(=O)C[C@H]3N(c4cc(Cl)ccc4NC3=O)S(=O)(=O)c5ccc6ccccc6c5)cc2,10.7
406,CHEMBL359553,O=C(C[C@H]1N(c2ccccc2NC1=O)S(=O)(=O)c3ccc4ccccc4c3)NCCc5ccc(cc5)C6=NCCN6,10.7
407,CHEMBL160547,Clc1ccc2NC(=O)[C@@H](CC(=O)NCCc3ccc(cc3)C4=NCCN4)N(c2c1)S(=O)(=O)c5ccc6ccccc6c5,11.0
0,CHEMBL131647,N[C@H](CCCN=C(N)N)C(=O)N[C@@H](CCCN=C(N)N)C(=O)NC1(CCCCCCC1)C(=O)N[C@@H](CO)C(=O)N2Cc3ccccc3C[C@@H]2C(=O)N4[C@H]5CCCC[C@H]5C[C@H]4C(=O)O,5.5
1,CHEMBL2370700,NCCCC[C@H](N)C(=O)N[C@@H](CCCCN)C(=O)N[C@@H](CCCN=C(N)N)C(=O)N1CCC[C@H]1C(=O)N2C[C@H](O)C[C@H]2C(=O)NCC(=O)N[C@@H](C3Cc4ccccc4C3)C(=O)N[C@@H](CO)C(=O)N[C@H](C5Cc6ccccc6C5)C(=O)N7[C@H]8CCCC[C@H]8C[C@H]7C(=O)O,8.1
2,CHEMBL410363,CC[C@H](C)[C@H](NC(=O)[C@@H](Cc1ccc2ccccc2c1)NC(=O)[C@H](CO)NC(=O)[C@H](Cc3ccccc3)NC(=O)CNC(=O)[C@@H]4CCCN4C(=O)[C@@H]5CCCN5C(=O)[C@H](CCCN=C(N)N)NC(=O)[C@H](CCCCN)NC(=O)C)C(=O)O,7.2
3,CHEMBL134135,N[C@H](CCCN=C(N)N)C(=O)N[C@@H](CCCN=C(N)N)C(=O)NCCCCCC(=O)N[C@@H](CO)C(=O)N1Cc2ccccc2C[C@@H]1C(=O)N3[C@H]4CCCC[C@H]4C[C@H]3C(=O)O,5.7
4,CHEMBL133164,N[C@H](CCCN=C(N)N)C(=O)N[C@@H](CCCN=C(N)N)C(=O)NC1(CCCCCCCC1)C(=O)N[C@@H](CO)C(=O)N2Cc3ccccc3C[C@@H]2C(=O)N4[C@H]5CCCC[C@H]5C[C@H]4C(=O)O,5.2
5,CHEMBL424272,N[C@H](CCCN=C(N)N)C(=O)N[C@@H](CCCN=C(N)N)C(=O)NCCCCCCCCCCC(=O)N[C@@H](CO)C(=O)N1Cc2ccccc2C[C@@H]1C(=O)N3[C@H]4CCCC[C@H]4C[C@H]3C(=O)O,7.1
6,CHEMBL130222,CC(=O)N[C@@H](CCCCN)C(=O)N[C@@H](CCCN=C(N)N)C(=O)NCCCCCCCCCCC(=O)N[C@@H](CO)C(=O)N1Cc2ccccc2C[C@@H]1C(=O)N3[C@H]4CCCC[C@H]4C[C@H]3C(=O)O,6.6
7,CHEMBL266975,N[C@H](CCCN=C(N)N)C(=O)N[C@@H](CCCN=C(N)N)C(=O)NCCC(=O)NC1(CCCCCC1)C(=O)NCCC(=O)N[C@@H](CO)C(=O)N2Cc3ccccc3C[C@@H]2C(=O)N4[C@H]5CCCC[C@H]5C[C@H]4C(=O)O,5.6
8,CHEMBL385081,NCCCC[C@H](N)C(=O)N[C@@H](CCCCN)C(=O)N[C@@H](CCCN=C(N)N)C(=O)NCCCCCCCCCCC(=O)N[C@@H](CO)C(=O)N1Cc2ccccc2C[C@@H]1C(=O)N3[C@H]4CCCC[C@H]4C[C@H]3C(=O)O,6.1
9,CHEMBL335247,N[C@H](CCCN=C(N)N)C(=O)N[C@@H](CCCN=C(N)N)C(=O)NCCCCCCCC(=O)N[C@@H](CO)C(=O)N1Cc2ccccc2C[C@@H]1C(=O)N3[C@H]4CCCC[C@H]4C[C@H]3C(=O)O,5.4
10,CHEMBL218454,N[C@H](CCCN=C(N)N)C(=O)N[C@@H](CCCN=C(N)N)C(=O)NCC(=O)NC1(CCCCCC1)C(=O)NCC(=O)N[C@@H](CO)C(=O)N2Cc3ccccc3C[C@@H]2C(=O)N4[C@H]5CCCC[C@H]5C[C@H]4C(=O)O,5.2
11,CHEMBL339159,CC[C@H](C)[C@H](NC(=O)[C@@H](Cc1ccc2ccccc2c1)NC(=O)[C@H](CO)NC(=O)CCCCCCCCCCNC(=O)[C@H](CCCN=C(N)N)NC(=O)[C@H](CCCCN)NC(=O)C)C(=O)O,7.0
12,CHEMBL384846,N[C@H](CCCN=C(N)N)C(=O)N[C@@H](CCCN=C(N)N)C(=O)NCCCCCCCCCCC(=O)N[C@@H](CO)C(=O)N[C@H](C1Cc2ccccc2C1)C(=O)N3[C@H]4CCCC[C@H]4C[C@H]3C(=O)N[C@@H](CCCN=C(N)N)C(=O)O,5.0
13,CHEMBL133560,N[C@H](CCCN=C(N)N)C(=O)N[C@@H](CCCN=C(N)N)C(=O)NC1(CCCCC1)C(=O)N[C@@H](CO)C(=O)N2Cc3ccccc3C[C@@H]2C(=O)N4[C@H]5CCCC[C@H]5C[C@H]4C(=O)O,5.0
14,CHEMBL2370699,N[C@H](CCCN=C(N)N)C(=O)N[C@@H](CCCN=C(N)N)C(=O)N1CCC[C@H]1C(=O)N2C[C@H](O)C[C@H]2C(=O)NCC(=O)N[C@@H](C3Cc4ccccc4C3)C(=O)N[C@@H](CO)C(=O)N[C@H](C5Cc6ccccc6C5)C(=O)N7[C@H]8CCCC[C@H]8C[C@H]7C(=O)N[C@@H](CCCN=C(N)N)C(=O)O,7.7
15,CHEMBL265814,NCCCC[C@H](N)C(=O)N[C@@H](CCCCN)C(=O)N[C@@H](CCCN=C(N)N)C(=O)NCCCCCCCCCCC(=O)N[C@@H](CO)C(=O)N[C@H](C1Cc2ccccc2C1)C(=O)N3[C@H]4CCCC[C@H]4C[C@@H]3C(=O)O,6.3
16,CHEMBL334538,NCCCC[C@H](N)C(=O)N[C@@H](CCCN=C(N)N)C(=O)NCCCCCCCCCCC(=O)N[C@@H](CO)C(=O)N1Cc2ccccc2C[C@@H]1C(=O)N3[C@H]4CCCC[C@H]4C[C@H]3C(=O)O,6.0
17,CHEMBL1793829,N[C@H](CCCNC(=N)N)C(=O)N[C@@H](CCCNC(=N)N)C(=O)N1CCC[C@H]1C(=O)N2C[C@H](O)C[C@H]2C(=O)NCC(=O)N[C@@H](Cc3cccs3)C(=O)C[C@@H](CO)C(=O)N4Cc5ccccc5C[C@@H]4C(=C)N6[C@H]7CCCC[C@H]7C[C@H]6C(=O)O,6.8
18,CHEMBL339389,N[C@H](CCCN=C(N)N)C(=O)N[C@@H](CCCN=C(N)N)C(=O)NC1(CCCCCC1)C(=O)N[C@@H](CO)C(=O)N2Cc3ccccc3C[C@@H]2C(=O)N4[C@H]5CCCC[C@H]5C[C@H]4C(=O)O,5.9
19,CHEMBL264517,N[C@H](CCCN=C(N)N)C(=O)N[C@@H](CCCN=C(N)N)C(=O)NCCCCCCCCCCCC(=O)N[C@@H](CO)C(=O)N1Cc2ccccc2C[C@@H]1C(=O)N3[C@H]4CCCC[C@H]4C[C@H]3C(=O)O,7.0
20,CHEMBL405644,N[C@H](CCCN=C(N)N)C(=O)N[C@@H](CCCN=C(N)N)C(=O)NCCCC(=O)NC1(CCCCCC1)C(=O)NCCCC(=O)N[C@@H](CO)C(=O)N2Cc3ccccc3C[C@@H]2C(=O)N4[C@H]5CCCC[C@H]5C[C@H]4C(=O)O,5.7
21,CHEMBL337833,N[C@H](CCCN=C(N)N)C(=O)N[C@@H](CCCN=C(N)N)C(=O)NCCCCCCCCCCC(=O)N[C@@H](CO)C(=O)N[C@H](C1Cc2ccccc2C1)C(=O)N3[C@@H]4CCCC[C@@H]4C[C@@H]3C(=O)O,6.3
32,CHEMBL264100,NCCCC[C@H](N)C(=O)N[C@@H](CCCN=C(N)N)C(=O)N1CCC[C@H]1C(=O)N2CCC[C@H]2C(=O)NCC(=O)N[C@@H](Cc3ccccc3)C(=O)N[C@@H](CO)C(=O)N4CCC[C@H]4C(=O)N[C@@H](Cc5ccccc5)C(=O)O,7.07
33,CHEMBL315388,NCCCC[C@H](N)C(=O)N[C@@H](CCCN=C(N)N)C(=O)NCCCCCCCCCCCCC(=O)N[C@@H](CO)C(=O)N1CCC[C@H]1C(=O)N[C@@H](Cc2ccccc2)C(=O)O,6.01
58,CHEMBL491219,O=C(CNC(=O)c1nc2ccccc2n1Cc3ccccc3)N4CCN(CC4)c5ccncc5,6.38
59,CHEMBL490201,CN(Cc1ccc(cc1)C2=NCCN2)C(=O)CNC(=O)c3nc4ccccc4n3Cc5ccccc5,6.81
60,CHEMBL524126,CCN(CC(=O)N1CCN(CC1)C2CCN(C)CC2)C(=O)c3nc4ccccc4n3Cc5ccccc5,7.82
61,CHEMBL492211,CCN(CC(=O)N(C)Cc1ccc(cc1)C2=NCCN2)C(=O)c3nc4ccccc4n3Cc5ccccc5,6.46
62,CHEMBL490618,CCCN(CC(=O)N1CCN(CC1)c2ccncc2)C(=O)c3nc4ccccc4n3Cc5ccccc5,6.4
63,CHEMBL490619,CCCN(CC(=O)N1CCN(CC1)C2CCN(C)CC2)C(=O)c3nc4ccccc4n3Cc5ccccc5,7.64
64,CHEMBL491198,O=C(CCNC(=O)c1nc2ccccc2n1Cc3ccccc3)Nc4ccc(nc4)C5=NCCN5,9.1
