,molecule_chembl_id,canonical_smiles,pchembl_value
0,CHEMBL3646912,CNc1nc(nc2CCN(Cc12)c3cc(ccc3C)C(C)C)c4cccc5[nH]cc(C)c45,7.03
1,CHEMBL3646968,C[C@@H]1CN(CCN1CC(=O)N)c2nc(nc3CCN(Cc23)c4ccccc4C(F)(F)F)c5cccc6[nH]cc(C)c56,7.04
2,CHEMBL469527,CC(C)(CN(C1CCC2(CC1)OCCO2)C(=O)c3csc4ccccc34)c5ccc(Cl)cc5,7.05
3,CHEMBL471018,COC(=O)C(CC1CCCCC1)N(C2CCC3(CC2)OCCO3)C(=O)c4csc5ccccc45,7.05
4,CHEMBL3646902,Cc1cc(N2CCc3nc(nc(N4CCCC(C)(C)C4)c3C2)c5c(C)cccc5C)n(C)n1,7.05
5,CHEMBL514743,Cc1nc(c2csc3ccccc23)n(C4CCC5(CC4)OCCO5)c1Cc6ccc(Cl)cc6,7.05
6,CHEMBL460167,Clc1ccc(Cc2cnc(c3cccc4ccccc34)n2C5CCC6(CC5)OCCO6)cc1,7.05
7,CHEMBL259643,CCN(C1CCCc2nc(cc(OC)c12)c3ccccc3CC)c4cccc5ccccc45,7.07
8,CHEMBL3646985,COC1CCN(CC1(C)C)c2nc(nc3CCN(Cc23)[C@@H](C)c4ccccc4)c5c(C)cccc5C,7.1
9,CHEMBL472455,COc1ccc(N(C(C(=O)NC2CCCC2)c3ccccc3F)C(=O)c4occc4)c(OC)c1,7.1
10,CHEMBL488388,Clc1ccc(CCN(C2CCC3(CC2)OCCO3)C(=O)c4cccc5ccccc45)cc1,7.1
11,CHEMBL3647041,CC(C)c1ccc(C)c(c1)N2CCc3nc(cc(C)c3C2)c4cccc5[nH]cc(C)c45,7.11
12,CHEMBL3646981,COc1nc(nc2CCN(Cc12)c3cc(ccc3C)C4(C)COC4)c5c(C)ccc6[nH]nc(C)c56,7.11
13,CHEMBL3646986,COCCCOc1nc(nc2CCN(Cc12)c3cc(ccc3C)C(C)C)c4c(C)cccc4C,7.13
14,CHEMBL3646969,C[C@@H]1CN(CCN1CC(=O)N)c2nc(nc3CCN(Cc23)c4cc(F)ccc4C)c5cccc6[nH]cc(C)c56,7.13
15,CHEMBL519540,Clc1ccc(CCN(C2CCC3(CC2)OCCO3)C(=O)c4csc5ccccc45)cc1,7.13
16,CHEMBL487167,O[C@@H]1CC[C@H](CC1)N(CCc2ccc(Cl)cc2)C(=O)c3csc4ccccc34,7.16
17,CHEMBL3647027,CN(C)C1CN(C1)c2nc(nc3CCN(Cc23)c4c(Cl)c(nn4C)C5CC5)c6c(C)ccc7[nH]nc(C)c67,7.17
18,CHEMBL3646925,CO[C@H]1CCN(CC1(C)C)c2nc(nc3CCN(Cc23)c4cc(ccc4C)C5CC5)c6ccccc6C(F)(F)F,7.19
19,CHEMBL3646966,CO[C@H]1CCN(CC1(C)C)c2nc(nc3CCN(Cc23)c4cc(nn4C)C(F)(F)F)c5c(C)ccc6[nH]nc(C)c56,7.19
20,CHEMBL431761,Cc1ccc(N2CCN(CC2)C(=O)[C@@H](CC3CCCCC3)N4C(=O)N[C@H](CCCN=C(N)N)C4=O)c(C)c1,7.22
21,CHEMBL3647037,CCc1cccc(CC)c1c2cc(C)c3CN(C(C)Cc3n2)c4cc(nn4C)C5CC5,7.24
22,CHEMBL3647035,CC(C)c1ccc(C)c(c1)N2CCc3nc(cc(C)c3C2)c4c(C)ccc5[nH]ncc45,7.25
23,CHEMBL3647036,CCn1cc(N2CCc3nc(cc(C)c3C2)c4cccc5[nH]cc(C)c45)c(C)n1,7.25
24,CHEMBL3646941,CO[C@@H]1CCN(CC1(C)C)c2nc(nc3CCN(Cc23)c4cc(ccc4C)C(C)C)c5c(C)cncc5C,7.25
25,CHEMBL3646909,CN(C)c1nc(nc2CCN(Cc12)c3ccccc3C)c4c(C)cccc4C,7.27
26,CHEMBL3646901,CC(C)c1cc(N2CCc3nc(nc(N4CCCC(C)(C)C4)c3C2)c5c(C)cccc5C)n(C)n1,7.32
27,CHEMBL457790,C(C1CCCCC1)c2cnc(c3csc4ccccc34)n2C5CCC6(CC5)OCCO6,7.33
28,CHEMBL3646929,CO[C@H]1CCN(CC1(C)C)c2nc(nc3CCN(Cc23)c4cc(ccc4C)C5CC5)c6c(Cl)cnc7[nH]ccc67,7.33
29,CHEMBL3646917,CO[C@H]1C[C@H]2CC[C@@H](C1)N2c3nc(nc4CCN(Cc34)c5cc(ccc5C)C(C)C)c6cccc7[nH]cc(C)c67,7.34
30,CHEMBL468429,CC(=O)C(Cc1ccc(Cl)cc1)N(C2CCC3(CC2)OCCO3)C(=O)c4csc5ccccc45,7.35
31,CHEMBL3646997,CC(C)c1ccc2[nH]ncc2c1c3cc(C)c4CN(CCc4n3)c5c(Cl)c(nn5C)C6CC6,7.38
32,CHEMBL3646959,CO[C@@H]1CCN([C@H](C)C1)c2nc(nc3CCN(Cc23)c4cc(nn4C)C(C)C)c5c(C)cccc5C,7.4
33,CHEMBL471412,COc1ccc(N(C(C(=O)NC2CCCC2)c3ccccc3F)C(=O)c4ccccc4)c(OC)c1,7.4
34,CHEMBL302063,Cc1cccc(C)c1N2CCN(CC2)C(=O)[C@@H](CC3CCCCC3)N4C(=O)N[C@H](CCCN=C(N)N)C4=O,7.4
35,CHEMBL420736,Cc1ccccc1N2CCN(CC2)C(=O)[C@@H](CC3CCCCC3)N4C(=O)N[C@H](CCCN=C(N)N)C4=O,7.4
36,CHEMBL3646920,CC(C)c1ccc(C)c(c1)N2CCc3nc(nc(N4CCC[C@@H]4CO)c3C2)c5cccc6[nH]cc(C)c56,7.41
37,CHEMBL3639459,Cc1cccc(C)c1N2CCc3nc(cc(C)c3C2)c4cccc5[nH]cc(C)c45,7.42
38,CHEMBL3646990,CCn1nc(C)c(N2CCc3nc(cc(C)c3C2)c4c(C)ccc5[nH]ncc45)c1C,7.43
39,CHEMBL471210,CC(CN(C1CCC2(CC1)OCCO2)C(=O)c3csc4ccccc34)c5ccc(Cl)cc5,7.46
40,CHEMBL258658,CCc1cccc(CC)c1c2cc(OC)c3C(CCCc3n2)N4CCc5ccccc5C4,7.46
41,CHEMBL3647017,CC(C)c1ccc(C)c(c1)N2CCc3nc(nc(OCCN4CCOCC4)c3C2)c5c(C)ccc6[nH]nc(C)c56,7.5
42,CHEMBL3646967,CC(C)c1ccc(C)c(c1)N2CCc3nc(nc(N4CCN(CC(=O)N)C[C@H]4C)c3C2)c5cc(C)ccc5C,7.51
43,CHEMBL3646914,CC(C)c1ccc(C)c(c1)N2CCc3nc(nc(N4CC[C@H](O)[C@H](C)C4)c3C2)c5cccc6[nH]cc(C)c56,7.51
44,CHEMBL3647016,CNCCOc1nc(nc2CCN(Cc12)c3cc(ccc3C)C(C)C)c4c(C)ccc5[nH]nc(C)c45,7.51
45,CHEMBL3639458,CO[C@@H]1CCN(C[C@H]1C)c2nc(nc3CCN(Cc23)c4cc(ccc4C)C(C)C)c5c(C)cccc5C#N,7.51
46,CHEMBL463115,Fc1ccc(NC(=O)N2CCC(CC2)N(CCc3ccc(Cl)cc3)C(=O)c4csc5ccccc45)c(F)c1,7.51
47,CHEMBL3646906,CC(C)[C@H](CO)Nc1nc(nc2CCN(Cc12)c3cc(ccc3C)C(C)C)c4cccc5[nH]cc(C)c45,7.52
48,CHEMBL3646946,CO[C@@H]1CCN([C@H](C)C1)c2nc(nc3CCN(Cc23)c4cc(ccc4C)C(C)C)c5c(C)ccnc5C,7.52
49,CHEMBL308932,NC(=N)NCCC[C@H]1NC(=O)N([C@H](CC2CCCCC2)C(=O)N3CCC(CC3)c4ccccc4)C1=O,7.52
50,CHEMBL3646927,CO[C@H]1CCN(CC1(C)C)c2nc(nc3CCN(Cc23)c4cc(ccc4C)C5CC5)c6cccc7[nH]cc(C)c67,7.54
51,CHEMBL467571,CCc1ccccc1C(=O)N(C(CN(C)C)Cc2ccc(Cl)cc2)C3CCC4(CC3)OCCO4,7.57
52,CHEMBL3647034,COc1ccc(C)c(c1)N2CCc3nc(cc(C)c3C2)c4c(C)ccc5[nH]ncc45,7.6
53,CHEMBL68555,NC(=N)NCCC[C@H]1NC(=O)N([C@H](CC2CCCCC2)C(=O)N3CCC4(CC3)CCc5ccccc45)C1=O,7.6
54,CHEMBL3646975,CC(C)c1ccc(C)c(c1)N2CCc3nc(nc(N4CCN(C[C@H]4C)C(=O)C)c3C2)c5ccccc5C(F)(F)F,7.64
55,CHEMBL3647015,CC(C)c1ccc(C)c(c1)N2CCc3nc(nc(OCC(F)F)c3C2)c4c(C)ccc5[nH]nc(C)c45,7.64
56,CHEMBL3646939,CO[C@@H]1CCN([C@H](C)C1)c2nc(nc3CCN(Cc23)c4cc(ccc4C)C(C)C)c5cc(C)ccc5C,7.64
57,CHEMBL3646995,CCc1cccc(CC)c1c2cc(C)c3CN(CCc3n2)c4cc(ccc4C)C(C)C,7.66
58,CHEMBL3646992,CC(C)c1ccc(C)c(c1)N2CCc3nc(cc(C)c3C2)c4cccc5[nH]nc(C)c45,7.68
59,CHEMBL480723,CCc1cccc(CC)c1c2cc(OC)c3C(CCCc3n2)Nc4ccccc4CCO,7.68
60,CHEMBL3646996,CC(C)c1ccc2[nH]ncc2c1c3cc(C)c4CN(CCc4n3)c5cc(nn5C)C6CC6,7.7
61,CHEMBL3647032,CCn1nc(C2CC2)c(Cl)c1N3CCc4nc(nc(N5CC(C5)N(C)C)c4C3)c6c(C)ccc7[nH]nc(C)c67,7.7
62,CHEMBL3646976,C[C@@H]1CN(CCN1c2nc(nc3CCN(Cc23)c4cc(ccc4C)C5(C)COC5)c6cccc7[nH]cc(C)c67)C(=O)C,7.7
63,CHEMBL3646911,CC(C)c1ccc(C)c(c1)N2CCc3nc(nc(N4CCC(O)C(C)(C)C4)c3C2)c5cccc6[nH]cc(C)c56,7.72
64,CHEMBL3647002,CC(C)c1ccc(C)c(c1)N2CCc3nc(nc(N4CCN(C(=O)C)C5(CC5)C4)c3C2)c6cccc7[nH]cc(C)c67,7.75
65,CHEMBL486953,CCc1ccccc1C(=O)N(CCc2ccc(Cl)cc2)C3CCC4(CC3)OCCO4,7.75
66,CHEMBL3646930,CO[C@H]1CCN(CC1(C)C)c2nc(nc3CCN(Cc23)c4cc(ccc4C)C(F)(F)F)c5c(C)cccc5C,7.77
67,CHEMBL3646980,CC(C)c1ccc(C)c(c1)N2CCc3nc(nc(N4CCN([C@H](C)C4)C5COC5)c3C2)c6cccc7[nH]cc(C)c67,7.8
68,CHEMBL3647024,CN(C)[C@@H]1CCN(C1)c2nc(nc3CCN(Cc23)c4c(Cl)c(nn4C)C5CC5)c6c(C)ccc7[nH]nc(C)c67,7.8
69,CHEMBL3646916,CO[C@H]1CCN(C[C@H]1C)c2nc(nc3CCN(Cc23)c4cc(ccc4C)C(C)C)c5cccc6[nH]cc(C)c56,7.8
70,CHEMBL3646922,CC(C)c1ccc(C)c(c1)N2CCc3nc(nc(N4CC(C4)N(C)C)c3C2)c5cccc6[nH]cc(C)c56,7.82
71,CHEMBL514872,COC(=O)C(Cc1ccc(Cl)cc1)N(C2CCC3(CC2)OCCO3)C(=O)c4csc5ccccc45,7.82
72,CHEMBL3647038,CCc1cccc(CC)c1c2cc(C)c3CN(C(C)Cc3n2)c4c(Cl)c(nn4C)C5CC5,7.85
73,CHEMBL479395,CCc1cccc(CC)c1c2cc(OC)c3C(CCCc3n2)Nc4ccc(Cl)cc4CO,7.89
74,CHEMBL468430,CN(C)CC(Cc1ccc(Cl)cc1)N(C2CCC3(CC2)OCCO3)C(=O)c4cccc5ccccc45,7.89
75,CHEMBL3646907,CO[C@H]1CCN([C@H](C)C1)c2nc(nc3CCN(Cc23)c4cc(ccc4C)C(C)C)c5cccc6[nH]cc(C)c56,7.89
76,CHEMBL3646918,CC(C)c1ccc(C)c(c1)N2CCc3nc(nc(N4CCC[C@H](O)C4)c3C2)c5cccc6[nH]cc(C)c56,7.92
77,CHEMBL513344,COCC(Cc1ccc(Cl)cc1)N(C2CCC3(CC2)OCCO3)C(=O)c4csc5ccccc45,7.92
78,CHEMBL3647031,C[C@@H]1COCCN1c2nc(nc3CCN(Cc23)c4c(Cl)c(nn4C)C5CC5)c6c(C)ccc7[nH]nc(C)c67,7.92
79,CHEMBL3646989,CCc1cccc(CC)c1c2cc(C)c3CN(CCc3n2)c4cc(ccc4C)C5CC5,7.96
80,CHEMBL3646915,CC(C)c1ccc(C)c(c1)N2CCc3nc(nc(N4CC(O)C4)c3C2)c5cccc6[nH]cc(C)c56,8.0
81,CHEMBL481482,CCc1cccc(CC)c1c2cc(OC)c3C(CCCc3n2)Nc4cc(OC)ccc4C,8.0
82,CHEMBL3646905,CN(CC(C)(C)O)c1nc(nc2CCN(Cc12)c3ccccc3C)c4c(C)cccc4C,8.0
83,CHEMBL3646908,CO[C@@H]1CCN([C@H](C)C1)c2nc(nc3CCN(Cc23)c4cc(ccc4C)C(C)C)c5cccc6[nH]cc(C)c56,8.0
84,CHEMBL262330,CCc1cccc(CC)c1c2cc(OC)c3C(CCCc3n2)N4CCc5cccc(c5C4)C(F)(F)F,8.01
85,CHEMBL259769,CCN(C1CCCc2nc(cc(OC)c12)c3c(CC)cccc3CC)c4cccc5ccccc45,8.05
86,CHEMBL3647030,CCn1nc(C2CC2)c(Cl)c1N3CCc4nc(nc(N5CCOC[C@H]5C)c4C3)c6c(C)ccc7[nH]nc(C)c67,8.05
87,CHEMBL3646949,CO[C@@H]1CCN(CC1(C)C)c2nc(nc3CCN(Cc23)c4cc(ccc4C)C(C)C)c5c(C)cc(C)cc5C,8.05
88,CHEMBL3646919,CO[C@H]1CCN(C[C@@H]1C)c2nc(nc3CCN(Cc23)c4cc(ccc4C)C(C)C)c5cccc6[nH]cc(C)c56,8.05
89,CHEMBL3646982,COc1nc(nc2CCN(Cc12)c3cc(ccc3C)C(C)C)c4c(C)ccc5[nH]nc(C)c45,8.05
90,CHEMBL3646972,CC(C)c1ccc(C)c(c1)N2CCc3nc(nc(N4CCN(CC(=O)N)[C@H](C)C4)c3C2)c5cccc6[nH]cc(C)c56,8.1
91,CHEMBL513964,CCc1ccccc1C(=O)N(C(Cc2ccc(Cl)cc2)c3noc(C)n3)C4CCC5(CC4)OCCO5,8.1
92,CHEMBL3646965,CO[C@@H]1CCN([C@H](C)C1)c2nc(nc3CCN(Cc23)c4cc(nn4C)C(F)(F)F)c5c(C)ccc6[nH]nc(C)c56,8.1
93,CHEMBL3646960,CO[C@@H]1CCN([C@H](C)C1)c2nc(nc3CCN(Cc23)c4cc(nn4C)C5CC5)c6c(C)cccc6C,8.1
94,CHEMBL3647029,Cc1ccc2[nH]nc(C)c2c1c3nc4CCN(Cc4c(n3)N5CC[C@H]6OC[C@H]6C5)c7c(Cl)c(nn7C)C8CC8,8.1
95,CHEMBL259563,CCc1cccc(CC)c1c2cc(OC)c3C(CCCc3n2)N(C)c4cccc5ccccc45,8.14
96,CHEMBL3646943,CO[C@@H]1CCN([C@H](C)C1)c2nc(nc3CCN(Cc23)c4cc(Cl)ccc4C)c5c(C)cccc5C,8.16
97,CHEMBL3646970,C[C@@H]1CN(CCN1CC(=O)N)c2nc(nc3CCN(Cc23)c4cc(ccc4C)C(F)(F)F)c5cccc6[nH]cc(C)c56,8.16
98,CHEMBL3646973,CC(C)c1ccc(C)c(c1)N2CCc3nc(nc(N4CCN(CC(=O)N)C[C@H]4C)c3C2)c5c(C)ccc6[nH]ncc56,8.22
99,CHEMBL3647010,CO[C@@H]1CCN(CC1(C)C)c2nc(nc3CCN(Cc23)c4c(Cl)c(nn4C)C(F)(F)F)c5c(C)ccc6[nH]nc(C)c56,8.22
100,CHEMBL3646954,CO[C@@H]1CCN(CC1(C)C)c2nc(nc3CCN(Cc23)c4cc(ccc4C)C(F)(F)F)c5c(C)ccc6[nH]nc(C)c56,8.22
101,CHEMBL3646983,COc1nc(nc2CCN(Cc12)c3cc(ccc3C)C(C)C)c4c(C)ccc5[nH]nc(Cl)c45,8.22
102,CHEMBL471017,CCOC(=O)C(Cc1ccc(Cl)cc1)N(C2CCC3(CC2)OCCO3)C(=O)c4csc5ccccc45,8.3
103,CHEMBL3647007,CCO[C@@H]1CCN([C@H](C)C1)c2nc(nc3CCN(Cc23)c4c(Cl)c(nn4C)C5CC5)c6c(C)ccc7[nH]nc(C)c67,8.3
104,CHEMBL3646955,CO[C@@H]1CCN([C@H](C)C1)c2nc(nc3CCN(Cc23)c4cc(ccc4C)C(F)(F)F)c5c(C)cccc5C,8.3
105,CHEMBL3646961,CO[C@H]1CCN(CC1(C)C)c2nc(nc3CCN(Cc23)c4cc(nn4C)C(C)C)c5c(ccc6[nH]ncc56)C(C)C,8.3
106,CHEMBL3646974,C[C@@H]1CN(CCN1c2nc(nc3CCN(Cc23)c4cc(ccc4C)C5CC5)c6cccc7[nH]cc(C)c67)C(=O)C,8.3
107,CHEMBL520715,Clc1ccc(CCN([C@@H]2CC[C@@]3(CCCO3)CC2)C(=O)c4csc5ccccc45)cc1,8.3
108,CHEMBL3646978,CC(C)c1ccc(C)c(c1)N2CCc3nc(nc(N4C[C@H](C)N(CC(=O)N)C[C@H]4C)c3C2)c5cccc6[nH]cc(C)c56,8.4
109,CHEMBL3647005,CCO[C@@H]1CCN(CC1(C)C)c2nc(nc3CCN(Cc23)c4c(Cl)c(nn4C)C5CC5)c6c(C)ccc7[nH]nc(C)c67,8.4
110,CHEMBL3647020,COC1CN(C[C@@H]1N(C)C)c2nc(nc3CCN(Cc23)c4cc(ccc4C)C(C)C)c5c(C)ccc6[nH]nc(C)c56,8.4
111,CHEMBL3647004,CO[C@@H]1CCN(CC1(C)C)c2nc(nc3CCN(Cc23)c4c(Cl)c(nn4C)C5CC5)c6c(C)ccc7[nH]nc(C)c67,8.4
112,CHEMBL3646948,CO[C@@H]1CCN(CC1(C)C)c2nc(nc3CCN(Cc23)c4cc(ccc4C)C(F)(F)F)c5c(C)cccc5C,8.4
113,CHEMBL3646935,CO[C@@H]1CCN(C[C@H]1C)c2nc(nc3CCN(Cc23)c4cc(ccc4C)C(C)C)c5c(C)cccc5Cl,8.4
114,CHEMBL3647026,CO[C@@H]1CN([C@H]1C)c2nc(nc3CCN(Cc23)c4c(Cl)c(nn4C)C5CC5)c6c(C)ccc7[nH]nc(C)c67,8.4
115,CHEMBL3646933,CO[C@H]1CCN(CC1(C)C)c2nc(nc3CCN(Cc23)c4cc(OC)ccc4C)c5c(ccc6[nH]ncc56)C(C)C,8.4
116,CHEMBL3646950,CO[C@H]1CCN(CC1(C)C)c2nc(nc3CCN(Cc23)c4cc(ccc4C)C(C)C)c5ccc(F)c6[nH]cc(C)c56,8.4
117,CHEMBL3646931,CO[C@H]1CCN(CC1(C)C)c2nc(nc3CCN(Cc23)c4cc(ccc4C)C5(C)COC5)c6c(ccc7[nH]ncc67)C(C)C,8.4
118,CHEMBL3646924,CO[C@H]1C[C@H]2CC[C@@H](C1)N2c3nc(nc4CCN(Cc34)c5cc(ccc5C)C(C)C)c6c(C)ccc7[nH]nc(C)c67,8.4
119,CHEMBL3646904,COc1nc(Cl)nc2CCN(Cc3ccccc3)Cc12,8.4
120,CHEMBL3647025,C[C@H]1[C@H](O)CN1c2nc(nc3CCN(Cc23)c4c(Cl)c(nn4C)C5CC5)c6c(C)ccc7[nH]nc(C)c67,8.4
121,CHEMBL3646994,CC(C)c1ccc(C)c(c1)N2CCc3nc(cc(C)c3C2)c4c(ccc5[nH]ncc45)C(C)C,8.52
122,CHEMBL3646977,CC(C)c1ccc(C)c(c1)N2CCc3nc(nc(N4C[C@H](C)N(CC(=O)N)C[C@H]4C)c3C2)c5c(C)cccc5C,8.52
123,CHEMBL465377,CCOC(=O)C(Cc1ccc(Cl)cc1)N(C2CCC3(CC2)OCCO3)C(=O)c4cccc5ccccc45,8.52
124,CHEMBL3647008,CO[C@H]1CCN(CC1(C)C)c2nc(nc3CCN(Cc23)c4c(Cl)c(nn4C)C5CC5)c6c(C)ccc7[nH]nc(C)c67,8.52
125,CHEMBL3646979,CC(C)c1ccc(C)c(c1)N2CCc3nc(nc(N4CCN([C@H](C)C4)S(=O)(=O)C)c3C2)c5cccc6[nH]cc(C)c56,8.7
126,CHEMBL3647022,CC(C)c1ccc(C)c(c1)N2CCc3nc(nc(N4CCOC[C@H]4C)c3C2)c5c(C)ccc6[nH]nc(C)c56,8.7
127,CHEMBL3647019,CC(C)c1ccc(C)c(c1)N2CCc3nc(nc(N4CC[C@H](C4)N(C)C)c3C2)c5c(C)ccc6[nH]nc(C)c56,8.7
128,CHEMBL3647023,CCOC1CN(C1)c2nc(nc3CCN(Cc23)c4c(Cl)c(nn4C)C5CC5)c6c(C)ccc7[nH]nc(C)c67,8.7
129,CHEMBL3647013,CCO[C@@H]1CCN(CC1(C)C)c2nc(nc3CCN(Cc23)c4c(F)c(nn4C)C5CC5)c6c(C)ccc7[nH]nc(C)c67,8.7
130,CHEMBL3647033,CCn1nc(C2CC2)c(F)c1N3CCc4nc(nc(N5CC[C@@H](OC)C(C)(C)C5)c4C3)c6c(C)ccc7[nH]nc(C)c67,8.7
131,CHEMBL3646913,CO[C@@H]1CCN(CC1(C)C)c2nc(nc3CCN(Cc23)c4cc(ccc4C)C(C)C)c5cccc6[nH]cc(C)c56,8.7
132,CHEMBL3647003,CO[C@@H]1CCN([C@H](C)C1)c2nc(nc3CCN(Cc23)c4c(Cl)c(nn4C)C(C)C)c5c(C)ccc6[nH]nc(C)c56,8.7
133,CHEMBL3646942,CO[C@@H]1CCN([C@H](C)C1)c2nc(nc3CCN(Cc23)c4cc(OC)ccc4C)c5c(C)cccc5C,8.7
134,CHEMBL3646958,CO[C@@H]1CCN([C@H](C)C1)c2nc(nc3CCN(Cc23)c4cc(ccc4C)C(C)C)c5c(cnc6[nH]ccc56)C(F)(F)F,8.7
135,CHEMBL3646940,CO[C@@H]1CCN([C@H](C)C1)c2nc(nc3CCN(Cc23)c4cc(ccc4C)C5(C)COC5)c6c(C)cccc6C,8.7
136,CHEMBL3646962,CO[C@@H]1CCN([C@H](C)C1)c2nc(nc3CCN(Cc23)c4cc(nn4C)C(C)C)c5c(C)ccc6[nH]nc(C)c56,8.7
137,CHEMBL3646936,CO[C@H]1CCN(CC1(C)C)c2nc(nc3CCN(Cc23)c4cc(ccc4C)C(C)C)c5c(C)ccc6[nH]nc(C)c56,8.7
138,CHEMBL3646984,CO[C@H]1CCN(CC1(C)C)c2nc(nc3CCN(Cc23)c4cc(ccc4C)C(C)C)c5c(C)ccc6[nH]nc(Cl)c56,8.7
139,CHEMBL3646932,CO[C@H]1CCN(CC1(C)C)c2nc(nc3CCN(Cc23)c4cc(ccc4C)C(C)C)c5c(C)cccc5C,8.7
140,CHEMBL3647011,CO[C@H]1C[C@H]2CC[C@@H](C1)N2c3nc(nc4CCN(Cc34)c5c(F)c(nn5C)C6CC6)c7c(C)ccc8[nH]nc(C)c78,8.7
141,CHEMBL486749,CC(C)Cc1ccccc1C(=O)N(CCc2ccc(Cl)cc2)C3CCC4(CC3)OCCO4,8.82
142,CHEMBL3647018,CC(C)c1ccc(C)c(c1)N2CCc3nc(nc(N4CC(C4)N(C)C)c3C2)c5c(C)ccc6[nH]nc(C)c56,9.0
143,CHEMBL3647021,CC(C)c1ccc(C)c(c1)N2CCc3nc(nc(N4CCC4C)c3C2)c5c(C)ccc6[nH]nc(C)c56,9.0
144,CHEMBL3646957,CC(C)c1ccc(C)c(c1)N2CCc3nc(nc(N4CCCC[C@H]4C)c3C2)c5c(C)ccc6[nH]nc(C)c56,9.0
145,CHEMBL3647001,CC(C)c1ccc(C)c(c1)N2CCc3nc(nc(N4CCN(CC(=O)N)C[C@H]4C)c3C2)c5cccc6[nH]cc(C)c56,9.0
146,CHEMBL3646956,CCO[C@@H]1CCN([C@H](C)C1)c2nc(nc3CCN(Cc23)c4cc(ccc4C)C(C)C)c5c(C)ccc6[nH]nc(C)c56,9.0
147,CHEMBL3647006,CO[C@@H]1CCN(CC1(C)C)c2nc(nc3CCN(Cc23)c4c(Cl)c(nn4C)C(F)F)c5c(C)ccc6[nH]nc(C)c56,9.0
148,CHEMBL3647014,CO[C@@H]1CCN(CC1(C)C)c2nc(nc3CCN(Cc23)c4c(F)c(nn4C)C(F)F)c5c(C)ccc6[nH]nc(C)c56,9.0
149,CHEMBL3646953,CO[C@@H]1CCN(CC1(C)C)c2nc(nc3CCN(Cc23)c4cc(ccc4C)C(C)C)c5c(C)ccc6[nH]nc(C)c56,9.0
150,CHEMBL3646934,CO[C@@H]1CCN(C[C@H]1C)c2nc(nc3CCN(Cc23)c4cc(ccc4C)C(C)C)c5c(C)ccc6[nH]nc(C)c56,9.0
151,CHEMBL3647009,CO[C@@H]1CCN([C@H](C)C1)c2nc(nc3CCN(Cc23)c4c(Cl)c(nn4C)C5CC5)c6c(C)ccc7[nH]nc(C)c67,9.0
152,CHEMBL3646951,CO[C@@H]1CCN([C@H](C)C1)c2nc(nc3CCN(Cc23)c4cc(Cl)ccc4C)c5c(C)ccc6[nH]nc(C)c56,9.0
153,CHEMBL3646944,CO[C@@H]1CCN([C@H](C)C1)c2nc(nc3CCN(Cc23)c4cc(ccc4C)C(C)C)c5c(C)ccc6[nH]nc(C)c56,9.0
154,CHEMBL3646952,CO[C@@H]1CCN([C@H](C)C1)c2nc(nc3CCN(Cc23)c4cc(ccc4C)C(F)(F)F)c5c(C)ccc6[nH]nc(C)c56,9.0
155,CHEMBL3646945,CO[C@@H]1CCN([C@H](C)C1)c2nc(nc3CCN(Cc23)c4cc(ccc4C)C5(C)COC5)c6c(C)ccc7[nH]nc(C)c67,9.0
156,CHEMBL3646963,CO[C@@H]1CCN([C@H](C)C1)c2nc(nc3CCN(Cc23)c4cc(nn4C)C5CC5)c6c(C)ccc7[nH]nc(C)c67,9.0
157,CHEMBL3647012,CO[C@H]1CCN(CC1(C)C)c2nc(nc3CCN(Cc23)c4c(F)c(nn4C)C5CC5)c6c(C)ccc7[nH]nc(C)c67,9.0
158,CHEMBL3647028,Cc1ccc2[nH]nc(C)c2c1c3nc4CCN(Cc4c(n3)N5CC[C@@H]6OC[C@]6(C)C5)c7c(Cl)c(nn7C)C8CC8,9.0
159,CHEMBL3646964,CO[C@@H]1CCN(CC1(C)C)c2nc(nc3CCN(Cc23)c4cc(nn4C)C5CC5)c6c(C)ccc7[nH]nc(C)c67,9.3
160,CHEMBL3646938,CO[C@@H]1CCN([C@H](C)C1)c2nc(nc3CCN(Cc23)c4cc(ccc4C)C(C)C)c5c(C)cccc5C,9.3
5,CHEMBL3350738,N[C@@H](Cc1ccccc1)C(=O)N[C@@H](Cc2c[nH]c3ccccc23)C(=O)N4CCC[C@H]4C(=O)N[C@H](CC5CCCCC5)C(=O)N[C@@H](Cc6c[nH]c7ccccc67)C(=O)N[C@H](CCCN=C(N)N)C(=O)O,5.23
21,CHEMBL291589,CC(=O)N[C@@H](Cc1ccccc1)C(=O)N[C@H]2CCCCNC(=O)[C@@H](CCN=C(N)N)NC(=O)[C@H](Cc3c[nH]c4ccccc34)NC(=O)[C@@H](CC5CCCCC5)NC(=O)[C@@H]6CCCN6C2=O,5.49
25,CHEMBL3350742,NCCCC[C@H](N)C(=O)N[C@@H](Cc1ccccc1)C(=O)N[C@@H](CCCCN)C(=O)N2CCC[C@H]2C(=O)N[C@H](CC3CCCCC3)C(=O)N[C@@H](Cc4c[nH]c5ccccc45)C(=O)N[C@H](CCCN=C(N)N)C(=O)O,5.58
31,CHEMBL3350743,CC(=O)N[C@@H](Cc1ccccc1)C(=O)N[C@@H](CCCN)C(=O)N2CCC[C@H]2C(=O)N[C@H](CC3CCCCC3)C(=O)N[C@@H](Cc4c[nH]c5ccccc45)C(=O)N[C@H](CCCN=C(N)N)C(=O)O,6.1
33,CHEMBL410692,CN1[C@@H](Cc2ccccc2)C(=O)N[C@@H](Cc3c[nH]c4ccccc34)C(=O)N5CCC[C@H]5C(=O)N[C@H](CC6CCCCC6)C(=O)N[C@@H](Cc7c[nH]c8ccccc78)C(=O)N[C@H](CCCN=C(N)N)C1=O,5.53
37,CHEMBL3350737,CCCC[C@H](NC(=O)[C@H](Cc1ccccc1)NC(=O)C)C(=O)N2CCC[C@H]2C(=O)N[C@H](CC3CCCCC3)C(=O)N[C@@H](Cc4c[nH]c5ccccc45)C(=O)N[C@H](CCCN=C(N)N)C(=O)O,5.45
39,CHEMBL3350735,NCCCC[C@H](NC(=O)[C@@H](N)Cc1ccccc1)C(=O)N[C@@H](Cc2ccccc2)C(=O)N[C@@H](CCCCN)C(=O)N3CCC[C@H]3C(=O)N[C@H](CC4CCCCC4)C(=O)N[C@@H](Cc5c[nH]c6ccccc56)C(=O)N[C@H](CCCN=C(N)N)C(=O)O,5.34
41,CHEMBL435777,N[C@@H](Cc1ccccc1)C(=O)N[C@H]2CCCCNC(=O)[C@@H](CCN=C(N)N)NC(=O)[C@H](Cc3c[nH]c4ccccc34)NC(=O)[C@@H](CC5CCCCC5)NC(=O)[C@@H]6CCCN6C2=O,5.09
43,CHEMBL3350733,C[C@H](NC(=O)[C@@H](N)Cc1ccccc1)C(=O)N2CCC[C@H]2C(=O)N[C@H](CC3CCCCC3)C(=O)N[C@@H](Cc4c[nH]c5ccccc45)C(=O)N[C@H](CCCN=C(N)N)C(=O)O,5.04
45,CHEMBL3350746,CC(C)[C@H](NC(=O)[C@H](CO)NC(=O)[C@H](Cc1c[nH]cn1)NC(=O)[C@H](CCCCN)NC(=O)[C@H](Cc2ccc(O)cc2)NC(=O)[C@@H](N)CCCCN)C(=O)N[C@@H](C(C)C)C(=O)N[C@@H](CCCCN)C(=O)N[C@@H](CCCCN)C(=O)NCCCCC(=O)N[C@@H](Cc3ccccc3)C(=O)N[C@@H](CCCCN)C(=O)N4CCC[C@H]4C(=O)N[C@H](CC5CCCCC5)C(=O)N[C@@H](Cc6c[nH]c7ccccc67)C(=O)N[C@H](CCCN=C(N)N)C(=O)O,5.91
51,CHEMBL3350734,CC(=O)N[C@@H](Cc1ccccc1)C(=O)N[C@@H](CCCCN)C(=O)N2CCC[C@H]2C(=O)N[C@H](CC3CCCCC3)C(=O)N[C@@H](Cc4c[nH]c5ccccc45)C(=O)N[C@H](CCCN=C(N)N)C(=O)O,5.32
53,CHEMBL435580,N[C@@H](Cc1ccccc1)C(=O)N[C@H]2CCCNC(=O)[C@@H](CCN=C(N)N)NC(=O)[C@H](Cc3c[nH]c4ccccc34)NC(=O)[C@@H](CC5CCCCC5)NC(=O)[C@@H]6CCCN6C2=O,5.51
57,CHEMBL3350739,CN[C@@H](Cc1ccccc1)C(=O)N[C@@H](CCCCN)C(=O)N2CCC[C@H]2C(=O)N[C@H](CC3CCCCC3)C(=O)N[C@@H](Cc4c[nH]c5ccccc45)C(=O)N[C@H](CCCN=C(N)N)C(=O)O,5.7
59,CHEMBL3350740,CC(=O)N[C@@H](Cc1ccccc1)C(=O)N[C@@H](N)C(=O)N2CCC[C@H]2C(=O)N[C@H](CC3CCCCC3)C(=O)N[C@@H](Cc4c[nH]c5ccccc45)C(=O)N[C@H](CCCN=C(N)N)C(=O)O,5.52
61,CHEMBL433838,N[C@@H](Cc1ccccc1)C(=O)N[C@H]2CCNC(=O)[C@@H](CCN=C(N)N)NC(=O)[C@H](Cc3c[nH]c4ccccc34)NC(=O)[C@@H](CC5CCCCC5)NC(=O)[C@@H]6CCCN6C2=O,5.42
63,CHEMBL58781,CC(=O)N[C@@H](Cc1ccccc1)C(=O)N[C@H]2CNC(=O)[C@@H](CCN=C(N)N)NC(=O)[C@H](Cc3c[nH]c4ccccc34)NC(=O)[C@@H](CC5CCCCC5)NC(=O)[C@@H]6CCCN6C2=O,5.02
65,CHEMBL3350744,NCCCC[C@H](NC(=O)[C@@H](N)Cc1ccccc1)C(=O)N2CCC[C@H]2C(=O)N[C@H](CC3CCCCC3)C(=O)N[C@@H](Cc4c[nH]c5ccccc45)C(=O)N[C@H](CCCN=C(N)N)C(=O)O,5.71
69,CHEMBL268322,CC(C)C[C@H](NC(=O)[C@@H]1CCCN1C(=O)[C@H](C)NC(=O)[C@H](CC(=O)O)NC(=O)[C@H](CCCCN)NC(=O)[C@H](Cc2ccccc2)NC(=O)[C@H](CO)NC(=O)[C@@H](N)Cc3ccc(O)cc3)C(=O)N[C@H](C)C(=O)N[C@@H](CCCN=C(N)N)C(=O)O,5.64
71,CHEMBL412680,CSCC[C@H](NC(=O)[C@H](CC(=O)O)NC(=O)[C@H](CCCCN)NC(=O)[C@H](Cc1ccccc1)NC(=O)[C@H](CO)NC(=O)[C@@H](N)Cc2ccc(O)cc2)C(=O)N[C@@H](CCC(=O)N)C(=O)N3CCC[C@H]3C(=O)NCC(=O)N[C@@H](CCCN=C(N)N)C(=O)O,4.66
75,CHEMBL386427,CSCC[C@H](NC(=O)[C@H](CC(=O)O)NC(=O)[C@H](CCCCN)NC(=O)[C@H](Cc1ccccc1)NC(=O)[C@H](CO)NC(=O)[C@@H](N)Cc2ccc(O)cc2)C(=O)N[C@@H](CCC(=O)N)C(=O)N[C@@H](CC(C)C)C(=O)N[C@@H](C)C(=O)N[C@@H](CCCN=C(N)N)C(=O)O,4.32
77,CHEMBL406011,CSCC[C@H](NC(=O)[C@H](CC(=O)O)NC(=O)[C@H](CCCCN)NC(=O)[C@H](Cc1ccccc1)NC(=O)[C@H](CO)NC(=O)[C@@H](N)Cc2ccc(O)cc2)C(=O)N[C@@H](CCC(=O)N)C(=O)N[C@@H](CC(C)C)C(=O)NCC(=O)N[C@@H](CCCN=C(N)N)C(=O)O,4.43
79,CHEMBL217378,CC[C@H](C)[C@H](N)C(=O)N[C@@H](CO)C(=O)N[C@@H](Cc1c[nH]cn1)C(=O)N[C@@H](CCCCN)C(=O)N[C@@H](CC(=O)O)C(=O)N[C@@H](CCSC)C(=O)N[C@@H](CCC(=O)N)C(=O)N[C@@H](CC(C)C)C(=O)NCC(=O)N[C@@H](CCCN=C(N)N)C(=O)O,8.89
81,CHEMBL262653,CC(C)C[C@H](NC(=O)[C@@H]1CCCN1C(=O)[C@H](CS)NC(=O)[C@H](CC(=O)O)NC(=O)[C@H](CCCCN)NC(=O)[C@H](Cc2ccccc2)NC(=O)[C@H](CO)NC(=O)[C@@H](N)Cc3ccc(O)cc3)C(=O)NCC(=O)N[C@@H](CCCN=C(N)N)C(=O)O,4.71
85,CHEMBL405966,CSCC[C@H](NC(=O)[C@H](CC(=O)O)NC(=O)[C@H](CCCCN)NC(=O)[C@H](Cc1ccccc1)NC(=O)[C@H](CO)NC(=O)[C@@H](N)Cc2ccc(O)cc2)C(=O)N3CCC[C@H]3C(=O)N4CCC[C@H]4C(=O)NCC(=O)N[C@@H](CCCN=C(N)N)C(=O)O,4.3
87,CHEMBL374912,CSCC[C@H](NC(=O)CNC(=O)[C@H](CCCCN)NC(=O)[C@H](Cc1ccccc1)NC(=O)[C@H](CO)NC(=O)[C@@H](N)Cc2ccc(O)cc2)C(=O)N[C@@H](CC(C)C)C(=O)N[C@@H](CC(C)C)C(=O)NCC(=O)N[C@@H](CCCN=C(N)N)C(=O)O,4.16
90,CHEMBL438728,CSCC[C@H](NC(=O)[C@H](CC(=O)O)NC(=O)[C@H](CCCCN)NC(=O)[C@H](Cc1ccccc1)NC(=O)[C@H](CO)NC(=O)[C@@H](N)Cc2ccc(O)cc2)C(=O)N3CCC[C@H]3C(=O)N[C@@H](CC(C)C)C(=O)N[C@H](Cc4ccccc4)C(=O)N[C@@H](CCCN=C(N)N)C(=O)O,5.4
92,CHEMBL441393,CC[C@H](C)[C@H](N)C(=O)N[C@@H](CO)C(=O)N[C@@H](Cc1ccccc1)C(=O)N[C@@H](CCCCN)C(=O)N[C@@H](CC(=O)O)C(=O)N[C@@H](CCSC)C(=O)N[C@@H](CCC(=O)N)C(=O)N[C@@H](CC(C)C)C(=O)NCC(=O)N[C@@H](CCCN=C(N)N)C(=O)O,6.05
94,CHEMBL427936,CC(C)C[C@H](NC(=O)[C@@H]1CCCN1C(=O)[C@H](C)NC(=O)[C@H](CC(=O)O)NC(=O)[C@H](CCCCN)NC(=O)[C@H](Cc2ccccc2)NC(=O)[C@H](CO)NC(=O)[C@@H](N)Cc3ccc(O)cc3)C(=O)NCC(=O)N[C@@H](CCCN=C(N)N)C(=O)O,4.8
96,CHEMBL412249,CSCC[C@H](NC(=O)[C@H](CC(=O)O)NC(=O)[C@H](CCCCN)NC(=O)[C@H](Cc1ccccc1)NC(=O)[C@H](CO)NC(=O)[C@@H](N)Cc2ccc(O)cc2)C(=O)N3CCC[C@H]3C(=O)N[C@@H](C)C(=O)N[C@H](C)C(=O)N[C@@H](CCCN=C(N)N)C(=O)O,5.25
98,CHEMBL414361,CSCC[C@H](NC(=O)[C@H](CC(=O)O)NC(=O)[C@H](CCCCN)NC(=O)[C@H](Cc1ccccc1)NC(=O)[C@H](CO)NC(=O)[C@@H](N)Cc2ccc(O)cc2)C(=O)N3CCC[C@H]3C(=O)N[C@@H](CC(C)C)C(=O)N4CCC[C@@H]4C(=O)N[C@@H](CCCN=C(N)N)C(=O)O,5.6
100,CHEMBL408796,CC(C)C[C@H](NC(=O)[C@H](CC(C)C)NC(=O)[C@H](CC(C)C)NC(=O)CNC(=O)[C@H](CCCCN)NC(=O)[C@H](Cc1ccccc1)NC(=O)[C@H](CO)NC(=O)[C@@H](N)Cc2ccc(O)cc2)C(=O)NCC(=O)N[C@@H](CCCN=C(N)N)C(=O)O,6.52
102,CHEMBL269480,CSCC[C@H](NC(=O)CNC(=O)[C@H](CCCCN)NC(=O)[C@H](Cc1ccccc1)NC(=O)[C@H](CO)NC(=O)[C@@H](N)Cc2ccc(O)cc2)C(=O)N3CCC[C@H]3C(=O)N[C@@H](CC(C)C)C(=O)NCC(=O)N[C@@H](CCCN=C(N)N)C(=O)O,5.7
104,CHEMBL435318,CSCC[C@H](NC(=O)[C@H](CC(=O)O)NC(=O)[C@H](CCCCN)NC(=O)[C@H](Cc1ccccc1)NC(=O)[C@H](CO)NC(=O)[C@@H](N)Cc2ccc(O)cc2)C(=O)N3CCC[C@H]3C(=O)N[C@@H](CC(C)C)C(=O)NCC(=O)N[C@@H](CCCN=C(N)N)C(=O)O,5.3
108,CHEMBL429535,CSCC[C@H](NC(=O)[C@H](CC(=O)O)NC(=O)[C@H](CCCCN)NC(=O)[C@H](Cc1ccccc1)NC(=O)[C@H](CO)NC(=O)[C@@H](N)Cc2ccc(O)cc2)C(=O)N3CCC[C@H]3C(=O)N[C@@H](CC(C)C)C(=O)N[C@H](C)C(=O)N[C@@H](CCCN=C(N)N)C(=O)O,5.68
110,CHEMBL265884,CSCC[C@H](NC(=O)[C@H](CC(=O)O)NC(=O)[C@H](CCCCN)NC(=O)[C@H](Cc1ccccc1)NC(=O)[C@H](CO)NC(=O)[C@@H](N)Cc2ccc(O)cc2)C(=O)N[C@@H](CCC(=O)N)C(=O)N[C@@H](CC(C)C)C(=O)N[C@H](C)C(=O)N[C@@H](CCCN=C(N)N)C(=O)O,5.92
113,CHEMBL425497,C\N=C(\N)/Nc1ccc(OCc2ccccc2)c(c1)c3cccc4ccccc34,5.35
115,CHEMBL170859,C\N=C(\N)/Nc1ccc(OCc2ccccc2)c(Oc3ccccc3)c1,5.4
116,CHEMBL173394,C\N=C(\N)/Nc1ccc(OCCCc2ccccc2)c(c1)c3ccccc3,6.0
119,CHEMBL172952,C\N=C(\N)/Nc1ccc(OCc2ccccc2)c(c1)c3cccs3,5.05
121,CHEMBL171211,C\N=C(\N)/Nc1ccc(OCCc2ccccc2)c(OCc3ccccc3)c1,5.13
122,CHEMBL441305,C\N=C(\N)/Nc1ccc(OCc2ccccc2)c(OC3CCCC3)c1,4.6
123,CHEMBL169553,C\N=C(\N)/Nc1ccc(OCc2ccccc2)c(c1)c3ccc(Cl)cc3,4.3
126,CHEMBL172841,C\N=C(\N)/Nc1ccc(OCCC2CCCCC2)c(OCc3ccccc3)c1,5.05
127,CHEMBL366875,C\N=C(\N)/Nc1ccc(OCc2ccccc2)c(c1)c3ccccc3,5.7
128,CHEMBL278884,CNC(=N)Nc1ccc(OCc2ccccc2)c(c1)c3cccc(OC)c3,5.05
129,CHEMBL173708,CNC(=N)Nc1ccc(OCc2ccccc2)c(c1)c3ccc(OC)cc3,4.27
130,CHEMBL173442,C\N=C(\N)/Nc1ccc(OCCC2CCCCC2)c(c1)c3ccccc3,6.0
132,CHEMBL173206,C\N=C(\N)/Nc1ccc(OCC2CCCCC2)c(c1)c3ccccc3,5.52
135,CHEMBL368161,C\N=C(\N)/Nc1ccc(OCCc2ccccc2)c(c1)c3ccccc3,6.1
139,CHEMBL171630,C\N=C(\N)/Nc1ccc(OCCCCc2ccccc2)c(OCc3ccccc3)c1,5.4
140,CHEMBL355676,C\N=C(\N)/Nc1ccc(OCCCc2ccccc2)c(OCc3ccccc3)c1,5.22
141,CHEMBL174374,C\N=C(\N)/Nc1ccc(OCc2ccccc2)c(c1)c3cccc(F)c3,5.1
142,CHEMBL353857,C\N=C(\N)/Nc1ccc(OCC2CCCCC2)c(OCc3ccccc3)c1,5.1
143,CHEMBL172788,CCCCOc1ccc(NC(=N)NC)cc1OCc2ccccc2,4.52
144,CHEMBL174463,C\N=C(/N)\Nc1ccc(OCc2ccccc2)c(OCc3ccccc3)c1,4.52
145,CHEMBL309154,NC(=N)NCCC[C@H]1NC(=O)N([C@H](Cc2cccc3ccccc23)C(=O)N4CCC5(CC4)CCc6ccccc56)C1=O,4.96
150,CHEMBL303711,NC(=N)NCCC[C@H]1NC(=O)N([C@H](Cc2c[nH]c3ccccc23)C(=O)N4CCC5(CC4)CCc6ccccc56)C1=O,6.35
155,CHEMBL69192,CSCC[C@@H](N1C(=O)N[C@H](CCCN=C(N)N)C1=O)C(=O)N2CCC3(CC2)CCc4ccccc34,5.47
157,CHEMBL307127,CCC[C@@H](N1C(=O)N[C@H](CCCN=C(N)N)C1=O)C(=O)N2CCC3(CC2)CCc4ccccc34,5.52
159,CHEMBL1790511,CC[C@@H](C)[C@@H](N1C(=O)N[C@H](CCCN=C(N)N)C1=O)C(=O)N2CCC3(CC2)CCc4ccccc34,6.7
162,CHEMBL69696,NC(=N)NCCC[C@H]1NC(=O)N([C@H](CC2CCCCC2)C(=O)N3CCC4(CC3)CC(=O)c5ccccc45)C1=O,5.82
164,CHEMBL306210,NCCCC[C@H]1NC(=O)N([C@H](CC2CCCCC2)C(=O)N3CCC4(CC3)CCc5ccccc45)C1=O,5.4
165,CHEMBL71841,NC(=N)NCCC[C@H]1NC(=O)N([C@H](Cc2ccccc2)C(=O)N3CCC4(CC3)CCc5ccccc45)C1=O,6.1
170,CHEMBL69856,NC(=N)NCCC[C@H]1NC(=O)N([C@H](Cc2ccc(F)cc2)C(=O)N3CCC4(CC3)CCc5ccccc45)C1=O,6.64
172,CHEMBL70043,NC(=N)NCCC[C@@H]1NC(=O)N([C@H](Cc2ccccc2)C(=O)N3CCC4(CC3)CCc5ccccc45)C1=O,5.4
179,CHEMBL66454,CC(C)C[C@@H](N1C(=O)N[C@H](CCCN=C(N)N)C1=O)C(=O)N2CCC3(CC2)CCc4ccccc34,6.35
185,CHEMBL303940,NC(=N)NCCC[C@H]1NC(=O)N([C@H](Cc2ccc(O)cc2)C(=O)N3CCC4(CC3)CCc5ccccc45)C1=O,5.4
186,CHEMBL307789,NC(=N)NCCC[C@H]1NC(=O)N([C@H](Cc2ccc3ccccc3c2)C(=O)N4CCC5(CC4)CCc6ccccc56)C1=O,5.7
188,CHEMBL68811,NC(=N)NCCC[C@H]1NC(=O)N(C(CCc2ccccc2)C(=O)N3CCC4(CC3)CCc5ccccc45)C1=O,5.52
192,CHEMBL71506,NC(=N)NCCC[C@H]1NC(=O)N([C@H](CC2CCC(CC2)C3CCCCC3)C(=O)N4CCC5(CC4)CCc6ccccc56)C1=O,5.3
196,CHEMBL431584,NC(=N)NCCC[C@H]1NC(=O)N([C@H](Cc2ccc(cc2)c3ccccc3)C(=O)N4CCC5(CC4)CCc6ccccc56)C1=O,6.05
198,CHEMBL432533,NC(=N)NCCCC[C@H]1NC(=O)N([C@H](CC2CCCCC2)C(=O)N3CCC4(CC3)CCc5ccccc45)C1=O,6.52
205,CHEMBL420926,CC(C)[C@@H](N1C(=O)N[C@H](CCCN=C(N)N)C1=O)C(=O)N2CCC3(CC2)CCc4ccccc34,5.92
208,CHEMBL421108,NC(=N)NCCC[C@H]1NC(=O)N([C@H](CC2CCCCC2)C(=O)N3CCC4(CC3)C=Cc5ccccc45)C1=O,6.52
214,CHEMBL69007,NC(=N)NCCC[C@H]1NC(=O)N([C@H](CC2CCCCC2)C(=O)N3CCN(CC3)c4ccccc4)C1=O,6.0
219,CHEMBL3350715,CC[C@H](C)[C@H](NC(=O)[C@H](CC1CCCCC1)NC(=O)[C@H](CC2CCCCC2)NC(=O)[C@H](CC(=O)O)NC(=O)[C@H](CCCCN)NC(=O)[C@H](Cc3c[nH]cn3)NC(=O)C)C(=O)N[C@H](C)C(=O)N[C@@H](CCCN=C(N)N)C(=O)O,5.7
221,CHEMBL3350718,CC(C)C[C@H](NC(=O)[C@H](CC1CCCCC1)NC(=O)[C@H](CC2CCCCC2)NC(=O)[C@H](CC(=O)O)NC(=O)[C@H](CCCCN)NC(=O)[C@H](Cc3c[nH]cn3)NC(=O)C)C(=O)N[C@H](C)C(=O)N[C@@H](CCCN=C(N)N)C(=O)O,5.54
222,CHEMBL2369493,CC(=O)N[C@@H](Cc1c[nH]cn1)C(=O)N[C@@H](CCCCN)C(=O)N[C@@H](CC(=O)O)C(=O)N[C@@H](CC2CCCCC2)C(=O)N[C@@H](CC3CCCCC3)C(=O)N[C@@H](CC4CCCCC4)C(=O)NCC(=O)N[C@@H](CCCN=C(N)N)C(=O)O,4.6
223,CHEMBL3350714,CCC[C@H](NC(=O)[C@H](CC1CCCCC1)NC(=O)[C@H](CC2CCCCC2)NC(=O)[C@H](CC(=O)O)NC(=O)[C@H](CCCCN)NC(=O)[C@H](Cc3c[nH]cn3)NC(=O)C)C(=O)N[C@H](C)C(=O)N[C@@H](CCCN=C(N)N)C(=O)O,5.28
226,CHEMBL3350366,CC(C)[C@H](NC(=O)[C@H](CC1CCCCC1)NC(=O)[C@H](CC2CCCCC2)NC(=O)[C@H](CC(=O)O)NC(=O)[C@H](CCCCN)NC(=O)[C@H](Cc3c[nH]cn3)NC(=O)C)C(=O)N[C@H](C)C(=O)N[C@@H](CCCN=C(N)N)C(=O)O,5.8
228,CHEMBL3350717,C[C@@H](NC(=O)[C@H](CC1CCCCC1)NC(=O)[C@H](CC2CCCCC2)NC(=O)[C@H](CC3CCCCC3)NC(=O)[C@H](CC(=O)O)NC(=O)[C@H](CCCCN)NC(=O)[C@H](Cc4c[nH]cn4)NC(=O)C)C(=O)N[C@@H](CCCN=C(N)N)C(=O)O,5.0
247,CHEMBL334290,CC(=O)N[C@@H](Cc1ccccc1)C(=O)N[C@H]2CCCCNC(=O)[C@H](CCCN=C(N)N)NC(=O)[C@H](Cc3c[nH]c4ccccc34)NC(=O)[C@@H](CC5CCCCC5)NC(=O)[C@@H]6CCCN6C2=O,5.5
283,CHEMBL116851,CN[C@@H](Cc1ccccc1)C(=O)N[C@@H](CCCCN)C(=O)N2CCC[C@H]2C(=O)N[C@H](CC3CCCCC3)C(=O)N[C@@H](Cc4c[nH]c5ccccc45)C(=O)N[C@H](CCCN=C(N)N)C(=O)N,4.85
285,CHEMBL115478,CC(=O)N[C@@H](Cc1ccccc1)C(=O)N[C@H]2CCCNC(=O)[C@@H](CCCN=C(N)N)NC(=O)[C@H](Cc3c[nH]c4ccccc34)NC(=O)[C@@H](CC5CCCCC5)NC(=O)[C@@H]6CCCN6C2=O,6.55
291,CHEMBL118072,CN[C@@H](Cc1ccccc1)C(=O)N[C@@H](CCCCN)C(=O)N2CCC[C@H]2C(=O)N[C@@H](CC3CCCCC3)C(=O)N[C@@H](Cc4c[nH]c5ccccc45)C(=O)N[C@@H](CCCN=C(N)N)C(=O)O,5.75
330,CHEMBL438915,CC[C@H](C)[C@H](NC(=O)[C@H](CCSC)NC(=O)C)C(=O)N[C@@H](CCCCN)C(=O)N[C@@H](C)C(=O)N[C@@H](Cc1ccccc1)C(=O)N[C@@H]([C@@H](C)O)C(=O)N[C@@H](CCC(=O)O)C(=O)N[C@@H](CCSC)C(=O)N[C@@H](CCSC)C(=O)N[C@@H](C(C)C)C(=O)N[C@@H](C(C)C)C(=O)N[C@@H](C)C(=O)N[C@@H](CO)C(=O)N[C@@H](CCC(=O)N)C(=O)N[C@@H](CC(C)C)C(=O)N[C@@H](CCCN=C(N)N)C(=O)N[C@@H](C)C(=O)N[C@@H](CC(=O)N)C(=O)N[C@@H]([C@@H](C)CC)C(=O)N[C@@H](CO)C(=O)N[C@@H](Cc2c[nH]cn2)C(=O)N[C@@H](CCCCN)C(=O)N[C@@H](CC(=O)O)C(=O)N[C@@H](CCSC)C(=O)N[C@@H](CCC(=O)N)C(=O)N[C@@H](CC(C)C)C(=O)NCC(=O)N[C@@H](CCCN=C(N)N)C(=O)O,4.0
335,CHEMBL435002,CSCC[C@H](NC(=O)[C@H](CC(=O)O)NC(=O)[C@H](CCCCN)NC(=O)CCc1ccccc1)C(=O)N[C@@H](CCC(=O)N)C(=O)N[C@@H](CC(C)C)C(=O)NCC(=O)N[C@@H](CCCN=C(N)N)C(=O)O,5.36
340,CHEMBL132959,CSCC[C@H](NC(=O)[C@H](CC(=O)O)NC(=O)[C@H](CCCCN)NC(=O)[C@@H](N)Cc1ccccc1)C(=O)N[C@@H](CCC(=O)N)C(=O)N[C@@H](CC(C)C)C(=O)NCC(=O)N[C@@H](CCCN=C(N)N)C(=O)O,6.59
343,CHEMBL435810,CSCC[C@H](NC(=O)[C@H](CC(=O)O)NC(=O)[C@H](CCCCN)NC(=O)[C@H](N)Cc1ccccc1)C(=O)N[C@@H](CCC(=O)N)C(=O)N[C@@H](CC(C)C)C(=O)NCC(=O)N[C@@H](CCCN=C(N)N)C(=O)O,4.1
350,CHEMBL414570,CC[C@H](C)[C@H](NC(=O)[C@H](CC(=O)N)NC(=O)[C@H](C)NC(=O)[C@H](CCCN=C(N)N)NC(=O)[C@H](CC(C)C)NC(=O)[C@H](CCC(=O)N)NC(=O)[C@H](CO)NC(=O)[C@H](C)NC(=O)[C@@H](NC(=O)[C@@H](NC(=O)[C@H](CCSC)NC(=O)C)C(C)C)C(C)C)C(=O)N[C@@H](CO)C(=O)N[C@@H](Cc1c[nH]cn1)C(=O)N[C@@H](CCCCN)C(=O)N[C@@H](CC(=O)O)C(=O)N[C@@H](CCSC)C(=O)N[C@@H](CCC(=O)N)C(=O)N[C@@H](CC(C)C)C(=O)NCC(=O)N[C@@H](CCCN=C(N)N)C(=O)O,4.3
352,CHEMBL408929,CC[C@H](C)[C@H](NC(=O)[C@H](CC(=O)N)NC(=O)[C@H](C)N)C(=O)N[C@@H](CO)C(=O)N[C@@H](Cc1ccccc1)C(=O)N[C@@H](CCCCN)C(=O)N[C@@H](CC(=O)O)C(=O)N[C@@H](CCSC)C(=O)N[C@@H](CCC(=O)N)C(=O)N[C@@H](CC(C)C)C(=O)NCC(=O)N[C@@H](CCCN=C(N)N)C(=O)O,6.66
353,CHEMBL128360,CSCC[C@H](NC(=O)[C@H](CC(=O)O)NC(=O)[C@H](CCCCN)NC(=O)[C@@H](C)Nc1nccs1)C(=O)N[C@@H](CCC(=O)N)C(=O)N[C@@H](CC(C)C)C(=O)NCC(=O)N[C@@H](CCCN=C(N)N)C(=O)O,4.7
365,CHEMBL408493,CSCC[C@H](NC(=O)[C@H](CC(=O)O)NC(=O)[C@H](CCCCN)NC(=O)[C@H](N)c1ccccc1)C(=O)N[C@@H](CCC(=O)N)C(=O)N[C@@H](CC(C)C)C(=O)NCC(=O)N[C@@H](CCCN=C(N)N)C(=O)O,4.51
369,CHEMBL429238,CC[C@H](C)[C@H](NC(=O)[C@H](CC(=O)N)NC(=O)[C@H](C)NC(=O)[C@H](CCCN=C(N)N)NC(=O)[C@H](CC(C)C)NC(=O)[C@H](CCC(=O)N)NC(=O)[C@H](CO)NC(=O)[C@H](C)NC(=O)[C@@H](NC(=O)[C@@H](NC(=O)[C@H](CCSC)NC(=O)[C@H](CCSC)NC(=O)[C@H](CCC(=O)O)NC(=O)[C@@H](NC(=O)[C@@H](N)Cc1ccccc1)[C@@H](C)O)C(C)C)C(C)C)C(=O)N[C@@H](CO)C(=O)N[C@@H](Cc2c[nH]cn2)C(=O)N[C@@H](CCCCN)C(=O)N[C@@H](CC(=O)O)C(=O)N[C@@H](CCSC)C(=O)N[C@@H](CCC(=O)N)C(=O)N[C@@H](CC(C)C)C(=O)NCC(=O)N[C@@H](CCCN=C(N)N)C(=O)O,4.0
371,CHEMBL336081,CSCC[C@H](NC(=O)[C@H](CC(=O)O)NC(=O)[C@H](CCCCN)NC(=O)[C@@H](N)CC1=CN(C)CN1)C(=O)N[C@@H](CCC(=O)N)C(=O)N[C@@H](CC(C)C)C(=O)NCC(=O)N[C@@H](CCCN=C(N)N)C(=O)O,4.24
372,CHEMBL2370691,CSCC[C@H](NC(=O)[C@H](CC(=O)O)NC(=O)[C@H](CCCCN)NC(=O)[C@@H](Cc1ccccc1)C(=O)C)C(=O)N[C@@H](CCC(=O)N)C(=O)N[C@@H](CC(C)C)C(=O)NCC(=O)N[C@@H](CCCN=C(N)N)C(=O)O,6.7
373,CHEMBL339127,CSCC[C@H](NC(=O)[C@H](CC(=O)O)NC(=O)[C@H](CCCCN)NC(=O)[C@H](N)CC1CCCCC1)C(=O)N[C@@H](CCC(=O)N)C(=O)N[C@@H](CC(C)C)C(=O)NCC(=O)N[C@@H](CCCN=C(N)N)C(=O)O,4.89
379,CHEMBL439468,CC[C@H](C)[C@H](NC(=O)[C@H](CC(=O)N)NC(=O)[C@H](C)NC(=O)[C@H](CCCN=C(N)N)NC(=O)[C@@H](N)CC(C)C)C(=O)N[C@@H](CO)C(=O)N[C@@H](Cc1ccccc1)C(=O)N[C@@H](CCCCN)C(=O)N[C@@H](CC(=O)O)C(=O)N[C@@H](CCSC)C(=O)N[C@@H](CCC(=O)N)C(=O)N[C@@H](CC(C)C)C(=O)NCC(=O)N[C@@H](CCCN=C(N)N)C(=O)O,6.09
382,CHEMBL217002,CSCC[C@H](NC(=O)[C@H](CC(=O)O)NC(=O)[C@H](CCCCN)NC(=O)[C@@H](N)CCc1ccccc1)C(=O)N[C@@H](CCC(=O)N)C(=O)N[C@@H](CC(C)C)C(=O)NCC(=O)N[C@@H](CCCN=C(N)N)C(=O)O,4.44
383,CHEMBL413040,CC[C@H](C)[C@H](NC(=O)C)C(=O)N[C@@H](CO)C(=O)N[C@@H](Cc1c[nH]cn1)C(=O)N[C@@H](CCCCN)C(=O)N[C@@H](CC(=O)O)C(=O)N[C@@H](CCSC)C(=O)N[C@@H](CCC(=O)N)C(=O)N[C@@H](CC(C)C)C(=O)N[C@@H](CCCN=C(N)N)C(=O)NCC(=O)N[C@@H](CCCN=C(N)N)C(=O)O,4.0
387,CHEMBL127385,CSCC[C@H](NC(=O)[C@H](CC(=O)O)NC(=O)[C@H](CCCCN)NC(=O)[C@H](N)Cc1cccs1)C(=O)N[C@@H](CCC(=O)N)C(=O)N[C@@H](CC(C)C)C(=O)NCC(=O)N[C@@H](CCCN=C(N)N)C(=O)O,5.68
416,CHEMBL41547,CC(=O)N[C@@H](Cc1ccccc1)C(=O)N[C@H]2CCCNC(=O)[C@H](CCCN=C(N)N)NC(=O)[C@H](Cc3c[nH]c4ccccc34)NC(=O)[C@@H](CC5CCCCC5)NC(=O)[C@@H]6CCCN6C2=O,6.52
418,CHEMBL214456,C[C@@H]1NC(=O)[C@H](Cc2c[nH]c3ccccc23)NC(=O)[C@@H](CC4CCCCC4)NC(=O)[C@@H]5CCCN5C(=O)[C@H](CCCNC1=O)NC(=O)[C@H](Cc6ccccc6)NC(=O)C,5.16
419,CHEMBL385012,C[C@@H]1NC(=O)[C@@H](CC2CCCCC2)NC(=O)[C@@H]3CCCN3C(=O)[C@H](CCCNC(=O)[C@H](CCCN=C(N)N)NC1=O)NC(=O)[C@H](Cc4ccccc4)NC(=O)C,4.0
420,CHEMBL407285,C[C@H]1NC(=O)[C@@H]2CCCN2C(=O)[C@H](CCCNC(=O)[C@H](CCCN=C(N)N)NC(=O)[C@H](Cc3c[nH]c4ccccc34)NC1=O)NC(=O)[C@H](Cc5ccccc5)NC(=O)C,4.26
421,CHEMBL405646,C[C@@H]1NC(=O)[C@H](CCCNC(=O)[C@H](CCCN=C(N)N)NC(=O)[C@H](Cc2c[nH]c3ccccc23)NC(=O)[C@@H](CC4CCCCC4)NC1=O)NC(=O)[C@H](Cc5ccccc5)NC(=O)C,7.6
422,CHEMBL267491,C[C@H](NC(=O)C)C(=O)N[C@H]1CCCNC(=O)[C@H](CCCN=C(N)N)NC(=O)[C@H](Cc2c[nH]c3ccccc23)NC(=O)[C@@H](CC4CCCCC4)NC(=O)[C@@H]5CCCN5C1=O,4.64
423,CHEMBL435921,CC(C)CC[C@@H]1NC(=O)[C@H](Cc2c[nH]c3ccccc23)NC(=O)[C@@H](CC4CCCCC4)NC(=O)[C@@H]5CCCN5C(=O)[C@H](CCCNC1=O)NC(=O)[C@H](Cc6ccccc6)NC(=O)C,7.24
424,CHEMBL413916,CC(C)C[C@@H]1NC(=O)[C@H](Cc2c[nH]c3ccccc23)NC(=O)[C@@H](CC4CCCCC4)NC(=O)[C@@H]5CCCN5C(=O)[C@H](CCCNC1=O)NC(=O)[C@H](Cc6ccccc6)NC(=O)C,7.27
425,CHEMBL375137,CC[C@H](C)[C@@H]1NC(=O)[C@H](Cc2c[nH]c3ccccc23)NC(=O)[C@@H](CC4CCCCC4)NC(=O)[C@@H]5CCCN5C(=O)[C@H](CCCNC1=O)NC(=O)[C@H](Cc6ccccc6)NC(=O)C,7.3
426,CHEMBL374575,CCCC[C@@H]1NC(=O)[C@H](Cc2c[nH]c3ccccc23)NC(=O)[C@@H](CC4CCCCC4)NC(=O)[C@@H]5CCCN5C(=O)[C@H](CCCNC1=O)NC(=O)[C@H](Cc6ccccc6)NC(=O)C,7.6
427,CHEMBL412031,CCC[C@@H]1NC(=O)[C@H](Cc2c[nH]c3ccccc23)NC(=O)[C@@H](CC4CCCCC4)NC(=O)[C@@H]5CCCN5C(=O)[C@H](CCCNC1=O)NC(=O)[C@H](Cc6ccccc6)NC(=O)C,7.75
428,CHEMBL435927,CC(=O)N[C@@H](Cc1ccccc1)C(=O)N[C@H]2CCCNC(=O)[C@H](CCC\N=C(\N)/N[N+](=O)[O-])NC(=O)[C@H](Cc3c[nH]c4ccccc34)NC(=O)[C@@H](CC5CCCCC5)NC(=O)[C@@H]6CCCN6C2=O,6.24
429,CHEMBL219236,CC(=O)N[C@@H](Cc1ccccc1)C(=O)N[C@H]2CCCNC(=O)[C@H](CCCNC(=O)N)NC(=O)[C@H](Cc3c[nH]c4ccccc34)NC(=O)[C@@H](CC5CCCCC5)NC(=O)[C@@H]6CCCN6C2=O,6.31
430,CHEMBL405647,CC(=O)N[C@@H](Cc1ccccc1)C(=O)N[C@H]2CCCNC(=O)[C@H](CCCN)NC(=O)[C@H](Cc3c[nH]c4ccccc34)NC(=O)[C@@H](CC5CCCCC5)NC(=O)[C@@H]6CCCN6C2=O,7.75
431,CHEMBL412008,CC(=O)N[C@@H](Cc1ccccc1)C(=O)N[C@H]2CCCNC(=O)[C@H](CCCCN)NC(=O)[C@H](Cc3c[nH]c4ccccc34)NC(=O)[C@@H](CC5CCCCC5)NC(=O)[C@@H]6CCCN6C2=O,5.06
432,CHEMBL415150,CC(=O)N[C@@H](Cc1ccccc1)C(=O)N[C@H]2CCCNC(=O)[C@H](CCCCN=C(N)N)NC(=O)[C@H](Cc3c[nH]c4ccccc34)NC(=O)[C@@H](CC5CCCCC5)NC(=O)[C@@H]6CCCN6C2=O,6.44
433,CHEMBL374694,CC(=O)N[C@@H](Cc1ccccc1)C(=O)N[C@H]2CCCNC(=O)[C@H](Cc3ccc4ccccc4c3)NC(=O)[C@H](Cc5c[nH]c6ccccc56)NC(=O)[C@@H](CC7CCCCC7)NC(=O)[C@@H]8CCCN8C2=O,7.12
434,CHEMBL374542,CC(=O)N[C@@H](Cc1ccccc1)C(=O)N[C@H]2CCCNC(=O)[C@H](Cc3cccc4ccccc34)NC(=O)[C@H](Cc5c[nH]c6ccccc56)NC(=O)[C@@H](CC7CCCCC7)NC(=O)[C@@H]8CCCN8C2=O,7.29
435,CHEMBL425469,CC(=O)N[C@@H](Cc1ccccc1)C(=O)N[C@H]2CCCNC(=O)[C@H](Cc3cccs3)NC(=O)[C@H](Cc4c[nH]c5ccccc45)NC(=O)[C@@H](CC6CCCCC6)NC(=O)[C@@H]7CCCN7C2=O,7.66
436,CHEMBL375443,CC(=O)N[C@@H](Cc1ccccc1)C(=O)N[C@H]2CCCNC(=O)[C@H](Cc3ccccc3)NC(=O)[C@H](Cc4c[nH]c5ccccc45)NC(=O)[C@@H](CC6CCCCC6)NC(=O)[C@@H]7CCCN7C2=O,7.59
437,CHEMBL214024,CC(=O)N[C@@H](Cc1ccccc1)C(=O)N[C@H]2CCCNC(=O)[C@H](CC#N)NC(=O)[C@H](Cc3c[nH]c4ccccc34)NC(=O)[C@@H](CC5CCCCC5)NC(=O)[C@@H]6CCCN6C2=O,7.72
438,CHEMBL407439,CCCC[C@H]1NC(=O)[C@H](Cc2c[nH]c3ccccc23)NC(=O)[C@@H](CC4CCCCC4)NC(=O)[C@@H]5CCCN5C(=O)[C@H](CCCNC1=O)NC(=O)[C@H](Cc6ccccc6)NC(=O)C,6.97
439,CHEMBL374494,CCCCCCCC[C@@H]1NC(=O)[C@H](Cc2c[nH]c3ccccc23)NC(=O)[C@@H](CC4CCCCC4)NC(=O)[C@@H]5CCCN5C(=O)[C@H](CCCNC1=O)NC(=O)[C@H](Cc6ccccc6)NC(=O)C,6.52
440,CHEMBL219386,CC(=O)N[C@@H](Cc1ccccc1)C(=O)N[C@H]2CCCNC(=O)[C@H](CCC3CCCCC3)NC(=O)[C@H](Cc4c[nH]c5ccccc45)NC(=O)[C@@H](CC6CCCCC6)NC(=O)[C@@H]7CCCN7C2=O,6.84
441,CHEMBL425289,CC(=O)N[C@@H](Cc1ccccc1)C(=O)N[C@H]2CCCNC(=O)[C@H](CC3CCCCC3)NC(=O)[C@H](Cc4c[nH]c5ccccc45)NC(=O)[C@@H](CC6CCCCC6)NC(=O)[C@@H]7CCCN7C2=O,7.35
442,CHEMBL374717,CC(=O)N[C@@H](Cc1ccccc1)C(=O)N[C@H]2CCCNC(=O)[C@@H](NC(=O)[C@H](Cc3c[nH]c4ccccc34)NC(=O)[C@@H](CC5CCCCC5)NC(=O)[C@@H]6CCCN6C2=O)C7CCCCC7,7.42
443,CHEMBL2371928,CC(C)CC[C@H](NC(=O)[C@@H]1CCCN1C(=O)[C@H](CCCN)NC(=O)[C@H](Cc2ccccc2)NC(=O)[C@@H]3CC(=O)NC(=O)N3)C(=O)N[C@@H](Cc4ccc(F)cc4)C(=O)N[C@H](Cc5ccccc5)C(=O)N,7.41
444,CHEMBL262181,CC(C)CC[C@H](NC(=O)[C@@H]1CCCN1C(=O)[C@H](CCCN)NC(=O)[C@H](Cc2ccccc2)NC(=O)C)C(=O)N[C@H](Cc3ccc(F)cc3)C(=O)N[C@H](Cc4ccccc4)C(=O)N,7.15
445,CHEMBL437988,CC(C)CC[C@@H](NC(=O)[C@@H]1CCCN1C(=O)[C@H](CCCN)NC(=O)[C@H](Cc2ccccc2)NC(=O)C)C(=O)N[C@H](Cc3cccc(Cl)c3)C(=O)N[C@H](Cc4ccccc4)C(=O)N,7.22
446,CHEMBL262178,CC(C)CC[C@@H](NC(=O)[C@@H]1CCCN1C(=O)[C@H](CCCN)NC(=O)[C@H](Cc2ccccc2)NC(=O)C)C(=O)N[C@H](Cc3ccc(Cl)c(Cl)c3)C(=O)N[C@H](Cc4ccccc4)C(=O)N,6.94
447,CHEMBL262177,CC(C)CC[C@@H](NC(=O)[C@@H]1CCCN1C(=O)[C@H](CCCN)NC(=O)[C@H](Cc2ccccc2)NC(=O)C)C(=O)N[C@H](Cc3csc4ccccc34)C(=O)N[C@H](Cc5ccccc5)C(=O)N,7.57
448,CHEMBL409045,CC(C)CC[C@@H](NC(=O)[C@@H]1CCCN1C(=O)[C@H](CCCN)NC(=O)[C@H](Cc2ccccc2)NC(=O)C)C(=O)N[C@H](Cc3c[nH]c4ccccc34)C(=O)N[C@H](Cc5ccccc5)C(=O)N,7.2
449,CHEMBL376905,CC(=O)N[C@@H](Cc1ccccc1)C(=O)N[C@@H](CCCN)C(=O)N2CCC[C@H]2C(=O)N[C@H](CC3CCCCC3)C(=O)N[C@H](Cc4c[nH]c5ccccc45)C(=O)N[C@H](Cc6ccccc6)C(=O)N,7.51
450,CHEMBL374120,CCCC[C@@H](NC(=O)[C@@H](Cc1c[nH]c2ccccc12)NC(=O)[C@@H](CC3CCCCC3)NC(=O)[C@@H]4CCCN4C(=O)[C@H](CCCN)NC(=O)[C@H](Cc5ccccc5)NC(=O)C)C(=O)N,6.33
451,CHEMBL373600,CC(=O)N[C@@H](Cc1ccccc1)C(=O)N[C@@H](CCCN)C(=O)N2CCC[C@H]2C(=O)N[C@H](CC3CCCCC3)C(=O)N[C@H](Cc4c[nH]c5ccccc45)C(=O)N[C@H](CCCN=C(N)N)C(=O)N,6.72
452,CHEMBL409977,CC(=O)N[C@@H](Cc1ccccc1)C(=O)N[C@@H](CCCN)C(=O)N2CCC[C@H]2C(=O)N[C@H](CC3CCCCC3)C(=O)N[C@H](Cc4c[nH]c5ccccc45)C(=O)N[C@H](CCCN=C(N)N)C(=O)O,6.27
474,CHEMBL257128,CCc1cccc(CC)c1c2cc(OC)c3C(CCCc3n2)N[C@H]4CCCc5ccccc45,6.09
476,CHEMBL257175,CCc1cccc(CC)c1c2cc(OC)c3C(CCCc3n2)N[C@@H]4CCCc5ccccc45,5.72
480,CHEMBL261594,CCc1cccc(CC)c1c2cc(OC)c3C(CCCc3n2)N4CCc5cccc(C(=O)OC)c5C4,6.08
481,CHEMBL259645,CCc1cccc(CC)c1c2cc(OC)c3C(CCCc3n2)N4CCc5ccc(F)cc5C4,6.06
482,CHEMBL405887,CCc1cccc(CC)c1c2cc(OC)c3C(CCCc3n2)N4CCc5ccc(Cl)cc5C4,5.85
483,CHEMBL409128,CCc1cccc(CC)c1c2cc(OC)c3C(CCCc3n2)N4CCc5c(Cl)cccc5C4,5.77
490,CHEMBL259021,CCN(C1CCCc2nc(cc(OC)c12)c3c(CC)cccc3CC)c4cccc5CCCCc45,6.66
491,CHEMBL261277,CCc1cccc(CC)c1c2cc(OC)c3C(CCCc3n2)N(C)c4ccc(OC)c5ccccc45,6.28
492,CHEMBL261278,CCc1cccc(CC)c1c2cc(OC)c3C(CCCc3n2)N(C)c4cccc5cc(OC)ccc45,6.75
493,CHEMBL259971,CCc1cccc(CC)c1c2cc(OC)c3C(CCCc3n2)N(C)c4c(C)ccc5ccccc45,5.82
494,CHEMBL260472,CCc1cccc(CC)c1c2cc(OC)c3C(CCCc3n2)N(C(=O)C)c4cccc5ccccc45,5.21
495,CHEMBL260176,CCc1cccc(CC)c1c2cc(OC)c3C(CCCc3n2)N(CCO)c4cccc5ccccc45,6.72
500,CHEMBL410927,CCc1cccc(CC)c1c2cc(OC)c3C(CCCc3n2)N(C)c4ccccc4,5.1
506,CHEMBL408458,CCN(C1CCCc2nc(cc(OC)c12)c3cccc4ccccc34)c5cccc6ccccc56,5.23
507,CHEMBL260175,CCN(C1CCCc2nc(cc(OC)c12)c3ccccc3F)c4cccc5ccccc45,5.34
508,CHEMBL259642,CCN(C1CCCc2nc(cc(OC)c12)c3ccccc3C(C)C)c4cccc5ccccc45,5.77
510,CHEMBL408460,CCN(C1CCCc2nc(cc(OC)c12)c3ccccc3C)c4cccc5ccccc45,6.46
511,CHEMBL411265,CCN(C1CCCc2nc(cc(OC)c12)c3c(Cl)cccc3OC)c4cccc5ccccc45,6.96
512,CHEMBL259984,CCN(C1CCCc2nc(cc(OC)c12)c3c(OC)cccc3OC)c4cccc5ccccc45,5.75
513,CHEMBL260188,CCN(C1CCCc2nc(cc(OC)c12)c3c(C)cc(OC)cc3C)c4cccc5ccccc45,6.77
514,CHEMBL260476,CCN(C1CCCc2nc(cc(OC)c12)c3c(C)cccc3C)c4cccc5ccccc45,6.89
516,CHEMBL410032,CCN(C1CCCc2nc(cc(Cl)c12)c3c(CC)cccc3CC)c4cccc5ccccc45,5.7
517,CHEMBL408432,CCN(C1CCCc2nc(cc(SC)c12)c3c(CC)cccc3CC)c4cccc5ccccc45,7.09
518,CHEMBL258797,CCN(C1CCCc2nc(cc(OC3CCCC3)c12)c4c(CC)cccc4CC)c5cccc6ccccc56,7.43
519,CHEMBL259713,CCN(C1CCCc2nc(cc(OCc3ccccc3)c12)c4c(CC)cccc4CC)c5cccc6ccccc56,6.57
520,CHEMBL261276,CCOc1cc(nc2CCCC(N(CC)c3cccc4ccccc34)c12)c5c(CC)cccc5CC,7.17
534,CHEMBL519401,Fc1ccc(CC(=O)N2CCC(CC2)N(CCc3ccc(Cl)cc3)C(=O)c4csc5ccccc45)c(F)c1,6.48
535,CHEMBL519730,Fc1ccc(CCN2CCC(CC2)N(CCc3ccc(Cl)cc3)C(=O)c4csc5ccccc45)c(F)c1,6.7
537,CHEMBL486971,Clc1ccc(CCN(C2CCC(=O)CC2)C(=O)c3csc4ccccc34)cc1,6.46
539,CHEMBL485766,O[C@@H]1CC[C@@H](CC1)N(CCc2ccc(Cl)cc2)C(=O)c3csc4ccccc34,6.7
543,CHEMBL485769,Clc1ccc(CCN(C2CCCCC2)C(=O)c3csc4ccccc34)cc1,6.76
544,CHEMBL519705,Clc1ccc(CCN(Cc2ccccc2)C(=O)c3csc4ccccc34)cc1,6.43
546,CHEMBL487141,Clc1ccc(CCN([C@@H]2CC[C@]3(CCCO3)CC2)C(=O)c4csc5ccccc45)cc1,6.7
549,CHEMBL528767,COc1cccc(c1)C(=O)N(CCc2ccc(Cl)cc2)C3CCC4(CC3)OCCO4,6.0
552,CHEMBL520381,CC(C)Oc1ncccc1C(=O)N(CCc2ccc(Cl)cc2)C3CCC4(CC3)OCCO4,6.08
553,CHEMBL486748,COCc1ccccc1C(=O)N(CCc2ccc(Cl)cc2)C3CCC4(CC3)OCCO4,6.76
556,CHEMBL513247,Clc1ccc(CCN(C2CCC3(CC2)OCCO3)C(=O)c4cncc5ccccc45)cc1,6.4
557,CHEMBL471009,Clc1ccc(CCN(C2CCC3(CC2)OCCO3)C(=O)c4cccc5cnccc45)cc1,6.96
558,CHEMBL513055,Clc1ccccc1CCN(C2CCC3(CC2)OCCO3)C(=O)c4csc5ccccc45,6.52
561,CHEMBL511613,O=C(N(Cc1ccccc1)C2CCC3(CC2)OCCO3)c4csc5ccccc45,6.4
563,CHEMBL469528,Clc1ccc(OCCN(C2CCC3(CC2)OCCO3)C(=O)c4csc5ccccc45)cc1,6.36
566,CHEMBL470384,COC(=O)C(CC(C)C)N(C1CCC2(CC1)OCCO2)C(=O)c3csc4ccccc34,6.54
567,CHEMBL518254,O[C@@H]1CC[C@H](CC1)N(CCc2ccc(Cl)cc2)C(=O)c3cccc4ccccc34,6.9
568,CHEMBL486959,COc1ccc(CCCN2CCC(CC2)N(CCc3ccc(Cl)cc3)C(=O)c4ccccc4)cc1,6.0
569,CHEMBL518297,CCc1cccc(CC)c1c2cc(OC)c3C(CCCc3n2)Nc4cc(OC)ccc4Cl,6.42
570,CHEMBL472136,CCc1cccc(CC)c1c2cc(OC)c3C(CCCc3n2)Nc4cc(OC)ccc4OC,6.38
571,CHEMBL480346,CCc1cccc(CC)c1c2cc(OC)c3C(CCCc3n2)Nc4ccc(OC)cc4C,5.62
572,CHEMBL480156,CCc1cccc(CC)c1c2cc(OC)c3C(CCCc3n2)Nc4cc(ccc4C)C(F)(F)F,6.54
574,CHEMBL517683,CCc1cccc(CC)c1c2cc(OC)c3C(CCCc3n2)Nc4cc(C)ccc4C,6.37
575,CHEMBL479392,CCc1cccc(CC)c1c2cc(OC)c3C(CCCc3n2)Nc4cc(ccc4C)c5ccccc5,5.6
576,CHEMBL479391,CCc1cccc(CC)c1c2cc(OC)c3C(CCCc3n2)Nc4cc(F)ccc4C,5.85
577,CHEMBL516444,CCc1cccc(CC)c1c2cc(OC)c3C(CCCc3n2)Nc4cc(Cl)ccc4C,5.82
578,CHEMBL517693,CCc1cccc(CC)c1c2cc(OC)c3C(CCCc3n2)Nc4cccc(OC)c4,5.13
579,CHEMBL479767,CCc1cccc(CC)c1c2cc(OC)c3C(CCCc3n2)Nc4ccccc4C,6.04
580,CHEMBL480318,COc1ccc(C)c(c1)N(C)C2CCCc3nc(cc(OC)c23)c4c(C)cccc4C,5.5
581,CHEMBL480128,CCc1cccc(CC)c1c2cc(OC)c3C(CCCc3n2)N(C)c4cc(OC)ccc4Cl,6.02
582,CHEMBL479554,CCc1cccc(CC)c1c2cc(OC)c3C(CCCc3n2)N(C)c4cc(OC)ccc4OC,5.59
583,CHEMBL479543,CCc1cccc(CC)c1c2cc(OC)c3C(CCCc3n2)N(C)c4ccc(OC)cc4C,5.21
584,CHEMBL480892,CCc1cccc(CC)c1c2cc(OC)c3C(CCCc3n2)N(C)c4cc(OC)ccc4C,6.25
585,CHEMBL480891,CCc1cccc(CC)c1c2cc(OC)c3C(CCCc3n2)N(C)c4cc(C)ccc4C,6.16
586,CHEMBL520426,CCc1cccc(CC)c1c2cc(OC)c3C(CCCc3n2)N(C)c4cc(Cl)ccc4C,5.59
587,CHEMBL481295,CCc1cccc(CC)c1c2cc(OC)c3C(CCCc3n2)N(C)c4ccccc4C,6.1
603,CHEMBL479943,CCc1cccc(CC)c1c2cc(OC)c3C(CCCc3n2)Oc4ccccc4CCO,5.62
604,CHEMBL479558,CCc1cccc(CC)c1c2cc(OC)c3C(CCCc3n2)Oc4cc(OC)ccc4C,6.47
605,CHEMBL479557,CCc1cccc(CC)c1c2cc(OC)c3C(CCCc3n2)Nc4cnccc4CO,5.46
606,CHEMBL479372,CCc1cccc(CC)c1c2cc(OC(C)C)c3C(CCCc3n2)Nc4ccccc4CCO,8.16
609,CHEMBL479394,CCc1cccc(CC)c1c2cc(OC)c3C(CCCc3n2)Nc4ccc(F)cc4CO,7.28
610,CHEMBL481864,CCc1cccc(CC)c1c2cc(OC)c3C(CCCc3n2)Nc4cc(ccc4CO)C(F)(F)F,7.66
611,CHEMBL479773,CCc1cccc(CC)c1c2cc(OC)c3C(CCCc3n2)Nc4cc(Cl)ccc4CO,7.59
612,CHEMBL481756,CCc1cccc(CC)c1c2cc(OC)c3C(CCCc3n2)Nc4ccccc4CO,6.92
613,CHEMBL519456,CCc1cccc(CC)c1c2cc(OC)c3C(CCCc3n2)Nc4ccccc4C#N,5.31
614,CHEMBL480783,CCc1cccc(CC)c1c2cc(OC)c3C(CCCc3n2)Nc4ccccc4C(=O)O,6.39
615,CHEMBL481357,CCc1cccc(CC)c1c2cc(OC)c3C(CCCc3n2)Nc4ccccc4CN,5.3
616,CHEMBL479540,CCc1ccccc1NC2CCCc3nc(cc(OC)c23)c4c(CC)cccc4CC,6.14
617,CHEMBL512543,COc1ccc(N(C(C(=O)NC[C@@H](C)O)c2ccccc2F)C(=O)c3occc3CN(C)C)c(OC)c1,5.5
619,CHEMBL513757,COc1ccc(N(C(C(=O)NC(C)CN(C)C)c2ccccc2F)C(=O)c3ccccc3)c(OC)c1,6.0
620,CHEMBL450470,COc1ccc(N(C(C(=O)NC2CCCC2)c3ccccc3F)C(=O)C)c(OC)c1,6.1
622,CHEMBL513370,COc1ccc(N(C(C(=O)NC[C@@H](C)O)c2ccccc2F)C(=O)c3ccoc3Cl)c(OC)c1,6.5
624,CHEMBL469728,COc1ccc(N(C(C(=O)NC[C@@H](C)O)c2ccccc2F)C(=O)c3occc3Cl)c(OC)c1,6.7
626,CHEMBL469727,COCc1ccoc1C(=O)N(C(C(=O)NC[C@@H](C)O)c2ccccc2F)c3ccc(OC)cc3OC,7.0
628,CHEMBL511782,COc1ccc(N(C(C(=O)NC[C@@H](C)O)c2ccccc2F)C(=O)c3ccccc3)c(OC)c1,7.2
629,CHEMBL472268,COc1ccc(N(C(C(=O)NC[C@@H](C)O)c2ccccc2F)C(=O)c3ccoc3C)c(OC)c1,7.4
633,CHEMBL513412,COc1ccc(N(C(C(=O)NC[C@@H](C)O)c2ccccc2F)C(=O)c3occc3C)c(OC)c1,7.7
660,CHEMBL468625,CCc1ccccc1C(=O)N([C@H](CCN2CCOCC2)Cc3ccc(Cl)cc3)C4CCC5(CC4)OCCO5,6.7
661,CHEMBL456250,CCc1ccccc1C(=O)N(C(Cc2ccc(Cl)cc2)C(=O)O)C3CCC4(CC3)OCCO4,6.46
662,CHEMBL468626,CN(C)Cc1ccccc1C(=O)N(CCc2ccc(Cl)cc2)C3CCC4(CC3)OCCO4,6.3
663,CHEMBL456053,Clc1ccc(Cc2cnc(c3csc4ccccc34)n2C5CCC6(CC5)OCCO6)cc1,6.3
693,CHEMBL459090,Clc1cccc2nc(c3csc4ccccc34)n(C5CCC6(CC5)OCCO6)c12,6.49
694,CHEMBL459092,Clc1ccc2nc(c3csc4ccccc34)n(C5CCC6(CC5)OCCO6)c2c1Cl,6.1
704,CHEMBL595990,CN(c1ccccc1N(C)S(=O)(=O)c2ccc(C)cc2)S(=O)(=O)c3ccc(C)cc3,6.7
706,CHEMBL604277,Cc1ccc(cc1)S(=O)(=O)N(CC=C)c2ccccc2N(CC=C)S(=O)(=O)c3ccc(C)cc3,6.52
709,CHEMBL603858,CN(c1ccccc1C(=O)N2CCc3ccccc23)S(=O)(=O)c4ccc(C)cc4,4.42
710,CHEMBL604583,CN(c1ccccc1C(=O)c2ccsc2)S(=O)(=O)c3ccc(C)cc3,6.22
742,CHEMBL1170025,CC(C)C[C@H](NC(=O)[C@H](CS)NC(=O)[C@H](CS)NC(=O)[C@H](CC(C)C)NC(=O)[C@H](CC(C)C)NC(=O)[C@H](CC(=O)O)NC(=O)[C@H](C)NC(=O)[C@H](CC(C)C)NC(=O)[C@@H](NC(=O)[C@H](CC(C)C)NC(=O)[C@@H](N)Cc1cnc[nH]1)[C@@H](C)O)C(=O)N[C@@H](CO)C(=O)N[C@@H](CC(C)C)C(=O)N2CCC[C@H]2C(=O)N[C@@H](Cc3ccccc3)C(=O)O,6.25
743,CHEMBL1170026,CSCC[C@H](NC(=O)[C@@H]1CCCN1C(=O)[C@H](CCCCN)NC(=O)[C@H](Cc2ccccc2)NC(=O)[C@H](CO)NC(=O)[C@@H](N)Cc3ccc(O)cc3)C(=O)N4CCC[C@H]4C(=O)N[C@@H](CC(C)C)C(=O)N(C)[C@H](C)C(=O)N[C@@H](CCCNC(=N)N)C(=O)O,5.7
744,CHEMBL1170027,CSCC[C@H](NC(=O)[C@H](CC(=O)O)N(C)C(=O)[C@H](CCCCN)NC(=O)[C@H](Cc1ccccc1)NC(=O)[C@H](CO)NC(=O)[C@@H](N)Cc2ccc(O)cc2)C(=O)N3CCC[C@H]3C(=O)N[C@@H](CC(C)C)C(=O)N[C@H](C)C(=O)N[C@@H](CCCNC(=N)N)C(=O)O,4.54
745,CHEMBL1170029,CSCC[C@H](NC(=O)[C@@H]1CCCN1C(=O)[C@H](CCCCN)NC(=O)[C@H](Cc2ccccc2)NC(=O)[C@H](CO)NC(=O)[C@@H](N)Cc3ccc(O)cc3)C(=O)N4CCC[C@H]4C(=O)N[C@@H](CC(C)C)C(=O)N[C@H](C)C(=O)N[C@@H](CCCNC(=N)N)C(=O)O,5.33
767,CHEMBL1169838,CC[C@H](C)[C@H](NC(=O)[C@H](C)NC(=O)[C@H](CC(=O)N)NC(=O)[C@@H](NC(=O)[C@@H](NC(=O)[C@H](CCCNC(=N)N)NC(=O)[C@H](CCCCN)NC(=O)[C@H](C)NC(=O)[C@H](CCC(=O)O)NC(=O)[C@H](Cc1ccccc1)NC(=O)[C@H](C)NC(=O)[C@@H](NC(=O)[C@@H](NC(=O)[C@@H](N)Cc2c[nH]c3ccccc23)C(C)C)[C@@H](C)O)[C@@H](C)O)[C@@H](C)CC)C(=O)N[C@@H](Cc4c[nH]c5ccccc45)C(=O)O,5.77
837,CHEMBL3647039,CCc1cccc(CC)c1c2cc(C)c3CN(CCc3n2)c4c(C)ccnc4C,6.88
838,CHEMBL3647040,CC(C)c1ccc(C)c(c1)N2CCc3nc(cc(C)c3C2)c4c(C)cnc5[nH]ccc45,6.1
845,CHEMBL3646937,CC(C)c1ccc(C)c(c1)N2CCc3nc(nc(N4CCCC(C)(C)C4)c3C2)c5c(cnc6[nH]ccc56)C7CC7,6.79
849,CHEMBL3646910,Cc1ccccc1N2CCc3nc(nc(N4CCOC(C)(C)C4)c3C2)c5c(C)cccc5C,6.8
859,CHEMBL3646971,C[C@@H]1CN(CCN1CC(=O)N)c2nc(nc3CCN(Cc23)c4ccc(F)cc4F)c5cccc6[nH]cc(C)c56,6.33
866,CHEMBL3646903,CC(C)c1cc(N2CCc3nc(nc(N4CCCC(O)C4)c3C2)c5c(C)cccc5C)n(C)n1,6.47
873,CHEMBL3646988,CCc1cccc(CC)c1c2cc(C)c3CN(CCc3n2)c4ccc(C)cc4C,6.75
877,CHEMBL3646999,COCCN(C)c1cc(nc2CCN(C(=O)c12)c3cc(ccc3C)C(C)C)c4c(C)cccc4C,6.1
879,CHEMBL3646991,Cc1ccc2[nH]ncc2c1c3cc(C)c4CN(CCc4n3)c5cc(nn5C)C6CC6,6.06
886,CHEMBL3646923,CO[C@@H]1CCN(CC1(C)C)c2nc(nc3CCN(Cc23)c4cc(Cl)ccc4C)c5cccc6[nH]cc(C)c56,6.79
892,CHEMBL3646947,CO[C@H]1C[C@H]2CC[C@@H](C1)N2c3nc(nc4CCN(Cc34)c5cc(ccc5C)C6(C)COC6)c7c(C)cccc7C,6.51
894,CHEMBL3646987,CC(C)c1ccc(C)c(c1)N2CCc3nc(cc(C)c3C2=O)c4cccc5[nH]cc(C)c45,6.88
902,CHEMBL3646993,COc1ccc(Cl)c(c1)c2cc(C)c3CN(CCc3n2)c4cc(ccc4C)C(C)C,6.26
909,CHEMBL3646926,CO[C@H]1CCN(CC1(C)C)c2nc(nc3CCN(Cc23)c4cc(ccc4C)C5(C)COC5)c6cccc7cnn(C)c67,6.13
917,CHEMBL3646928,CC(C)c1ccc(C)c(c1)N2CCc3nc(nc(N4CCCC(C)(C)C4)c3C2)c5cc(Cl)ccc5CO,6.95
919,CHEMBL3646921,CC(C)c1ccc(C)c(c1)N2CCc3nc(nc(N4CC5(COC5)C4)c3C2)c6cccc7[nH]cc(C)c67,6.38
921,CHEMBL3646998,CCc1cccc(CC)c1c2cc(C)c3CN(CCc3n2)c4nnnn4C,6.7
945,CHEMBL3647000,COCCN(C)c1cc(nc2CCN(Cc12)c3cc(ccc3C)C(C)C)c4c(C)cccc4C,6.71
