,molecule_chembl_id,canonical_smiles,pchembl_value
0,CHEMBL3114481,CC(C)(C)CCN1C(SC(CC(=O)N2CCC(CC2)N3Cc4ccccc4NC3=O)C1=O)c5ccccc5c6ccncc6,7.0
1,CHEMBL471705,CN1C(=O)NC(=O)[C@]12Cc3ccc(NC(=O)CN4C(=O)Nc5cc(C)ccc45)cc3C2,7.0
2,CHEMBL583547,Fc1cccc([C@@H]2CC[C@@H](NC(=O)N3CCC(CC3)C4=CC=CNC4=O)C(=O)N(CC(F)(F)F)C2)c1F,7.0
3,CHEMBL3288290,NCCCC[C@H](NC(=O)[C@@H](Cc1cc2ccccc2s1)NC(=O)N3CCC(CC3)N4C(=O)Nc5ccccc5C4=O)C(=O)N6CCN(CC6)c7ccncc7,7.0
4,CHEMBL3114485,CN1CCN(CC1)c2ccccc2[C@H]3S[C@H](CC(=O)N4CCC(CC4)N5Cc6ccccc6NC5=O)C(=O)N3CCC(C)(C)C,7.01
5,CHEMBL2430183,Cc1cc(CC(NC(=O)N2CCC(CC2)N3Cc4ccccc4NC3=O)c5ncc[nH]5)cc6cn[nH]c16,7.01
6,CHEMBL2018492,Clc1cc(N[C@@H](CC(=O)N2CCC(CC2)N3Cc4ccccc4NC3=O)C(=O)N5CCC(CC5)N6CCCCC6)ncn1,7.01
7,CHEMBL2018488,Clc1cccc(NC(=O)N[C@@H](CC(=O)N2CCC(CC2)N3Cc4ccccc4NC3=O)C(=O)N5CCC(CC5)N6CCCCC6)c1Cl,7.01
8,CHEMBL255966,FC(F)(F)CN1C=C(C=C(NC(=O)N2CCC(CC2)N3C(=O)Nc4ncccc34)C1=O)c5ccccc5,7.02
9,CHEMBL3288289,NCCCC[C@H](NC(=O)[C@@H](Cc1cc2ccccc2s1)NC(=O)N3CCC(CC3)N4Cc5ccccc5NC4=O)C(=O)N6CCN(CC6)c7ccncc7,7.02
10,CHEMBL464263,O=C(CN1C(=O)N(c2ccccn2)c3ccccc13)Nc4ccc5CC6(CC(=O)NC6=O)Cc5c4,7.02
11,CHEMBL255136,Oc1ccc(cc1)C2=CN(CC(F)(F)F)C(=O)C(=C2)NC(=O)N3CCC(CC3)N4C(=O)Nc5ncccc45,7.02
12,CHEMBL400020,Fc1cccc(c1)C2CC[C@@H](NC(=O)N3CCC(CC3)N4C(=O)Nc5ncccc45)C(=O)NC2,7.03
13,CHEMBL3114480,CC(C)(C)CCN1C(SC(CC(=O)N2CCC(CC2)N3Cc4ccccc4NC3=O)C1=O)c5ccccc5c6cccnc6,7.06
14,CHEMBL2018515,O=C(CC(Cc1ccc2[nH]ncc2c1)C(=O)N3CCC4(CC3)OCCO4)N5CCC(CC5)N6Cc7ccccc7NC6=O,7.06
15,CHEMBL3114463,O=C(CC1SC(N(C2CCCCC2)C1=O)c3ccccc3)N4CCC(CC4)N5Cc6ccccc6NC5=O,7.06
16,CHEMBL219721,O=C(CN1C(=O)N(c2ccccc2)c3ccccc13)Nc4ccc5CC6(Cc5c4)NC(=O)NC6=O,7.06
17,CHEMBL3114478,CC(C)(C)CCN1C(SC(CC(=O)N2CCC(CC2)N3Cc4ccccc4NC3=O)C1=O)c5ccccc5n6ccnc6,7.07
18,CHEMBL3114491,CN1CCN(CC1)c2cc(F)ccc2C3SC(CC(=O)N4CCC(CC4)N5CCc6ccccc6NC5=O)C(=O)N3CCC(C)(C)C,7.08
19,CHEMBL429803,O=C(N[C@@H]1CC[C@H](CNC1=O)c2ccccc2)N3CCC(CC3)N4C(=O)Nc5ncccc45,7.08
20,CHEMBL2059801,O=C(N[C@H](Cc1c[nH]c2ccccc12)C(=O)N3CCC(CC3)N4CCCCC4)N5CCC(CC5)N6C(=O)Nc7ccccc67,7.08
21,CHEMBL2018496,Cc1nc(N[C@@H](CC(=O)N2CCC(CC2)N3Cc4ccccc4NC3=O)C(=O)N5CCC(CC5)N6CCCCC6)nc(N)c1[N+](=O)[O-],7.1
22,CHEMBL256203,O=C(NC1=CC(=CN(CC2CC2)C1=O)c3ccccc3)N4CCC(CC4)N5C=C(NC5=O)c6ccccc6,7.1
23,CHEMBL385322,CN1C(=O)N(CC(=O)Nc2ccc3CC4(Cc3c2)NC(=O)NC4=O)c5ccccc15,7.11
24,CHEMBL257731,CN1C=C(C=C(NC(=O)N2CCC(CC2)N3C(=O)Nc4ncccc34)C1=O)c5ccsc5,7.13
25,CHEMBL270796,COCCN1C=C(C=C(NC(=O)N2CCC(CC2)N3C(=O)Nc4ncccc34)C1=O)c5ccc(O)cc5,7.13
26,CHEMBL3114492,CN1CCN(CC1)c2ccc(F)cc2C3SC(CC(=O)N4CCC(CC4)N5CCc6ccccc6NC5=O)C(=O)N3CCC(C)(C)C,7.14
27,CHEMBL2018497,Cc1nc(N[C@@H](CC(=O)N2CCC(CC2)N3Cc4ccccc4NC3=O)C(=O)N5CCC(CC5)N6CCCCC6)nc7nn[nH]c17,7.14
28,CHEMBL257902,CN1C=C(C=C(NC(=O)N2CCC(CC2)N3C(=O)Nc4ncccc34)C1=O)C5C=CN=N5,7.15
29,CHEMBL3114464,O=C(CC1SC(N(CC2CCCO2)C1=O)c3ccccc3)N4CCC(CC4)N5Cc6ccccc6NC5=O,7.17
30,CHEMBL2059804,O=C(NC(Cc1ccc2[nH]ncc2c1)C(=O)N3CCC(CC3)N4CCCCC4)N5CCC(CC5)N6C(=O)Nc7ccccc67,7.17
31,CHEMBL570860,[O-][n+]1cccc2N(C3CCN(CC3)C(=O)N[C@@H]4CC[C@H](CN(CC(F)(F)F)C4=O)c5cccc(F)c5F)C(=O)Nc12,7.18
32,CHEMBL3114456,CCCCN1C(SC(CC(=O)N2CCC(CC2)N3Cc4ccccc4NC3=O)C1=O)c5ccccc5,7.19
33,CHEMBL3114493,CN1CCN(CC1)c2cccc(F)c2C3SC(CC(=O)N4CCC(CC4)N5CCc6ccccc6NC5=O)C(=O)N3CCC(C)(C)C,7.19
34,CHEMBL3114479,CC(C)(C)CCN1C(SC(CC(=O)N2CCC(CC2)N3Cc4ccccc4NC3=O)C1=O)c5ccccc5n6cccn6,7.21
35,CHEMBL519242,COc1ccc2N(CC(=O)Nc3ccc4C[C@]5(Cc4c3)N(C)C(=O)NC5=O)C(=O)Nc2c1,7.21
36,CHEMBL3114474,CC(C)(C)CCN1C(SC(CC(=O)N2CCC(CC2)N3Cc4ccccc4NC3=O)C1=O)c5ccccc5N6CCNCC6,7.22
37,CHEMBL3114473,CC(C)(C)CCN1C(SC(CC(=O)N2CCC(CC2)N3Cc4ccccc4NC3=O)C1=O)c5c(F)cccc5F,7.23
38,CHEMBL3645146,Fc1ccc(cc1)C2N(Cc3cnc4cc5C[C@]6(Cc5cc4c3)C(=O)Nc7ncccc67)CCNC2=O,7.24
39,CHEMBL568880,C[C@H](N(CC(=O)Nc1ccc2C[C@@]3(Cc2c1)N(C)C(=O)NC3=O)C(=O)C(C)(C)C)c4ccccc4,7.25
40,CHEMBL3114467,Fc1ccc(CN2C(SC(CC(=O)N3CCC(CC3)N4Cc5ccccc5NC4=O)C2=O)c6ccccc6)cc1,7.25
41,CHEMBL1093189,CN1C(=O)NC(=O)[C@]12Cc3ccc(NC(=O)CN4C(=O)N(c5ccccn5)c6ccccc46)c(F)c3C2,7.26
42,CHEMBL3114470,CC(C)(C)CCN1C(SC(CC(=O)N2CCC(CC2)N3Cc4ccccc4NC3=O)C1=O)c5ccccc5F,7.27
43,CHEMBL428247,Fc1ccccc1C2=CN(CC(F)(F)F)C(=O)C(=C2)NC(=O)N3CCC(CC3)N4C(=O)Nc5ncccc45,7.27
44,CHEMBL3114475,CC(C)(C)CCN1C(SC(CC(=O)N2CCC(CC2)N3Cc4ccccc4NC3=O)C1=O)c5ccccc5N6CCOCC6,7.28
45,CHEMBL391660,Fc1cccc(c1)[C@@H]2CC[C@@H](NC(=O)N3CCC(CC3)N4C(=O)Nc5ncccc45)C(=O)NC2,7.29
46,CHEMBL379548,Oc1nc2ncncc2n1C3CCN(CC3)C(=O)N[C@@H]4N=C(c5ccccc5)c6ccccc6N(CC(F)(F)F)C4=O,7.29
47,CHEMBL219782,CN1C(=O)NC(=O)[C@]12Cc3ccc(NC(=O)CN4C(=O)Oc5ccccc45)cc3C2,7.32
48,CHEMBL424864,FC(F)(F)CN1C(=O)[C@H](NC(=O)N2CCC(CC2)N3Cc4ccccc4NC3=O)N=C(c5ccccc5)c6ccccc16,7.32
49,CHEMBL3114677,CC(C)(C)CCN1[C@@H](S[C@@H](CC(=O)N2CCC(CC2)N3CCc4ccccc4NC3=O)C1=O)c5cccc(F)c5N6CCN(CC6)C(C)(C)C,7.34
50,CHEMBL577957,Fc1cccc([C@@H]2CC[C@@H](NC(=O)N3CCC4(CC3)NC(=O)NC4=O)C(=O)N(CC(F)(F)F)C2)c1F,7.34
51,CHEMBL571459,Fc1cccc([C@@H]2CC[C@@H](NC(=O)N3CCC4(CC3)OC(=O)Nc5ccccc45)C(=O)N(CC(F)(F)F)C2)c1F,7.34
52,CHEMBL571137,COc1cccc(CN(CC(=O)Nc2ccc3CC4(Cc3c2)N(C)C(=O)NC4=O)C(=O)C(C)(C)C)c1,7.35
53,CHEMBL2018490,Fc1ccccc1NC(=O)N[C@@H](CC(=O)N2CCC(CC2)N3Cc4ccccc4NC3=O)C(=O)N5CCC(CC5)N6CCCCC6,7.35
54,CHEMBL3114455,O=C(CC1SC(N(CC2CC2)C1=O)c3ccccc3)N4CCC(CC4)N5Cc6ccccc6NC5=O,7.35
55,CHEMBL3114477,CC(C)(C)CCN1C(SC(CC(=O)N2CCC(CC2)N3Cc4ccccc4NC3=O)C1=O)c5ccccc5N6CCC(O)CC6,7.36
56,CHEMBL3114482,CCCCN1CCN(CC1)c2ccccc2C3SC(CC(=O)N4CCC(CC4)N5Cc6ccccc6NC5=O)C(=O)N3CCC(C)(C)C,7.36
57,CHEMBL198502,NCCCC[C@@H](NC(=O)[C@H](Cc1cc(Br)c(O)c(Br)c1)NC(=O)N2CCC(CC2)N3C(=O)Oc4ccccc34)C(=O)N5CCN(CC5)c6ccncc6,7.36
58,CHEMBL3334623,NCCCC[C@H](NC(=O)[C@@H](Cc1cc(Br)c(O)c(Br)c1)NC(=O)N2CCC(CC2)N3C(=O)Oc4ccccc34)C(=O)N5CCN(CC5)c6ccncc6,7.36
59,CHEMBL221009,CN1C(=O)NC(=O)[C@]12Cc3ccc(NC(=O)CN4C(=O)Nc5ccccc45)cc3C2,7.37
60,CHEMBL270390,CN1C=C(C=C(NC(=O)N2CCC(CC2)N3C(=O)Nc4ncccc34)C1=O)c5ccc(O)cc5,7.37
61,CHEMBL270175,CN1C=C(C=C(NC(=O)N2CCC(CC2)N3C(=O)Nc4ncccc34)C1=O)c5cccc(O)c5,7.38
62,CHEMBL256901,Fc1cccc(c1)C2=CN(CC(F)(F)F)C(=O)C(=C2)NC(=O)N3CCC(CC3)N4C(=O)Nc5ncccc45,7.38
63,CHEMBL471359,CN1C(=O)NC(=O)[C@]12Cc3ccc(NC(=O)CN4C(=O)Nc5c(C)cccc45)cc3C2,7.39
64,CHEMBL257094,COCCN1C=C(C=C(NC(=O)N2CCC(CC2)N3C(=O)Nc4ncccc34)C1=O)c5cccc(F)c5F,7.39
65,CHEMBL572114,Fc1cccc([C@@H]2CC[C@@H](NC(=O)N3CCC4(CC3)CC(=O)NC4=O)C(=O)N(CC(F)(F)F)C2)c1F,7.39
66,CHEMBL3114476,CN1CCN(CC1)c2ccccc2C3SC(CC(=O)N4CCC(CC4)N5Cc6ccccc6NC5=O)C(=O)N3CCC(C)(C)C,7.4
67,CHEMBL521076,CN1C(=O)NC(=O)[C@]12Cc3ccc(NC(=O)CN4C(=O)N(CC(=O)N)c5ccccc45)cc3C2,7.43
68,CHEMBL241118,Fc1ccccc1C2CC[C@@H](NC(=O)N3CCC(CC3)N4C(=O)Nc5ncccc45)C(=O)NC2,7.43
69,CHEMBL3114483,CC(C)(C)CCN1C(SC(CC(=O)N2CCC(CC2)N3Cc4ccccc4NC3=O)C1=O)c5ccccc5N6CCN(CCO)CC6,7.44
70,CHEMBL453865,CN(C)C(=O)CCN1C(=O)N(CC(=O)Nc2ccc3C[C@]4(Cc3c2)N(C)C(=O)NC4=O)c5ccccc15,7.44
71,CHEMBL2018489,Clc1ccc(NC(=O)N[C@@H](CC(=O)N2CCC(CC2)N3Cc4ccccc4NC3=O)C(=O)N5CCC(CC5)N6CCCCC6)c(Cl)c1,7.44
72,CHEMBL1269978,CN1C(=O)NC(=O)C12Cc3cc4cc(CN(Cc5ccccc5)C(=O)C(C)(C)C)cnc4cc3C2,7.46
73,CHEMBL480999,CN1C(=O)NC(=O)[C@]12Cc3ccc(NC(=O)CN4C(=O)C5(CCOCC5)c6ccccc46)cc3C2,7.46
74,CHEMBL2024171,Cc1cc(CC(CC(=O)N2CCC(CC2)N3Cc4cccc(F)c4NC3=O)c5ccccn5)cc6cn[nH]c16,7.46
75,CHEMBL3655568,O=C(CN1C(=O)N(c2ccccn2)c3ccccc13)Nc4ccc5CC6(Cc5c4)N=C(NC6=O)c7ccccc7,7.46
76,CHEMBL518236,O=C(CN1C(=O)N(c2ccccn2)c3ccccc13)Nc4ccc5C[C@]6(Cc5c4)N=C(NC6=O)c7ccccc7,7.47
77,CHEMBL3114489,CC(C)(C)CCN1C(SC(CC(=O)N2CCC(CC2)N3CCc4ccccc4NC3=O)C1=O)c5ccccc5N6CCNCC6,7.48
78,CHEMBL3114679,CC(C)CCN1C(SC(CC(=O)N2CCC(CC2)N3Cc4ccccc4NC3=O)C1=O)c5ccccc5,7.5
79,CHEMBL3114457,CC(C)CN1C(SC(CC(=O)N2CCC(CC2)N3Cc4ccccc4NC3=O)C1=O)c5ccccc5,7.5
80,CHEMBL470321,CN1C(=O)NC(=O)[C@]12Cc3ccc(NC(=O)CN4C(=O)Nc5c(F)cccc45)cc3C2,7.5
81,CHEMBL2059803,O=C(NC(Cc1ccc2[nH]ccc2c1)C(=O)N3CCC(CC3)N4CCCCC4)N5CCC(CC5)N6C(=O)Nc7ccccc67,7.5
82,CHEMBL2018494,[O-][N+](=O)c1cc(Cl)ccc1N[C@@H](CC(=O)N2CCC(CC2)N3Cc4ccccc4NC3=O)C(=O)N5CCC(CC5)N6CCCCC6,7.5
83,CHEMBL509718,CN1C(=O)NC(=O)[C@]12Cc3ccc(NC(=O)CN4C(=O)N(CCC(=O)N)c5ccccc45)cc3C2,7.51
84,CHEMBL3114472,CC(C)(C)CCN1C(SC(CC(=O)N2CCC(CC2)N3Cc4ccccc4NC3=O)C1=O)c5ccc(F)cc5F,7.52
85,CHEMBL2022595,Cc1cc(CC(OC(=O)N2CCC(CC2)N3Cc4ccccc4NC3=O)c5cc(ccn5)C(=O)O)cc6cn[nH]c16,7.52
86,CHEMBL577110,Fc1cccc([C@@H]2CC[C@@H](NC(=O)N3CCC4(CC3)N=C(NC4=O)c5ccccc5)C(=O)N(CC(F)(F)F)C2)c1F,7.52
87,CHEMBL374666,CN1C(=O)NC(=O)[C@]12Cc3ccc(NC(=O)CN4C(=O)N(c5cc(F)cc(F)c5)c6ccccc46)cc3C2,7.54
88,CHEMBL213976,FC(F)(F)CN1C(=O)[C@H](NC(=O)N2CCC(CC2)N3CC(=O)NC3=O)N=C(c4ccccc4)c5ccccc15,7.54
89,CHEMBL3655571,Fc1cc(F)cc(c1)[C@@H]2CNC3(CCCC3)C(=O)N2CC(=O)Nc4ccc5CC6(Cc5c4)N=C(NC6=O)c7ccccc7,7.54
90,CHEMBL2059897,O=C(N[C@H](Cc1csc2ccccc12)C(=O)N3CCC(CC3)N4CCCCC4)N5CCC6(CC5)NC(=O)Cc7ccccc67,7.54
91,CHEMBL2059879,Cc1nc2cc(C[C@@H](NC(=O)N3CCC(CC3)N4Cc5ccccc5NC4=O)C(=O)N6CCC(CC6)N7CCCCC7)ccc2[nH]1,7.55
92,CHEMBL2336423,Cc1cc(C[C@H](NC(=O)N2CCC(CC2)N3Cc4ccccc4NC3=O)C(=O)N5CCC(CC5)N6CCCCC6)cc7cn[nH]c17,7.57
93,CHEMBL383872,Oc1nc(cn1C2CCN(CC2)C(=O)N[C@@H]3N=C(c4ccccc4)c5ccccc5N(CC(F)(F)F)C3=O)c6ccccn6,7.57
94,CHEMBL384539,Oc1nc2c3ccccc3ccc2n1C4CCN(CC4)C(=O)N[C@@H]5N=C(c6ccccc6)c7ccccc7N(CC(F)(F)F)C5=O,7.57
95,CHEMBL487240,CN1C(=O)NC(=O)[C@]12Cc3ccc(NC(=O)CN4C(=O)N(CC(=O)O)c5c(C)cc(C)cc45)cc3C2,7.59
96,CHEMBL471704,COc1cccc2N(CC(=O)Nc3ccc4C[C@]5(Cc4c3)N(C)C(=O)NC5=O)C(=O)Nc12,7.59
97,CHEMBL384799,Oc1nc(nn1C2CCN(CC2)C(=O)N[C@@H]3N=C(c4ccccc4)c5ccccc5N(CC(F)(F)F)C3=O)c6ccccc6,7.59
98,CHEMBL577304,CN1C(=O)NC(=O)C12Cc3ccc(NC(=O)CN(Cc4ccc(cc4)C(F)(F)F)C(=O)C(C)(C)C)cc3C2,7.6
99,CHEMBL376292,CN1C(=O)NC(=O)[C@]12Cc3ccc(NC(=O)CN4C(=O)N(c5ccccc45)c6ncccn6)cc3C2,7.6
100,CHEMBL3655563,O=C(CN1C(=O)N(c2ccccc12)c3nccs3)Nc4ccc5CC6(Cc5c4)N=C(NC6=O)c7ccccc7,7.6
101,CHEMBL2024591,Cc1cc(CC(CC(=O)N2CCC(CC2)C3=Cc4ccccc4NC3=O)c5ccccn5)cc6cn[nH]c16,7.62
102,CHEMBL572225,CN1C(=O)NC(=O)C12Cc3ccc(NC(=O)CN(Cc4cccc(c4)C#N)C(=O)C(C)(C)C)cc3C2,7.64
103,CHEMBL487077,CN1C(=O)NC(=O)[C@]12Cc3ccc(NC(=O)CN4C(=O)Nc5ccc(C)cc45)cc3C2,7.64
104,CHEMBL408093,FC(F)(F)CN1C(=O)[C@H](NC(=O)N2CCC(CC2)N3C(=O)Nc4ncccc34)N=C(c5ccccc5)c6ccccc16,7.64
105,CHEMBL2059896,O=C(N[C@H](Cc1csc2ccccc12)C(=O)N3CCC(CC3)N4CCCCC4)N5CCC6(CC5)CC(=O)Nc7ccccc67,7.64
106,CHEMBL507339,CN(C)C(=O)CN1C(=O)N(CC(=O)Nc2ccc3C[C@]4(Cc3c2)N(C)C(=O)NC4=O)c5ccccc15,7.66
107,CHEMBL239630,Fc1ccccc1[C@@H]2CC[C@@H](NC(=O)N3CCC(CC3)N4C(=O)Nc5ncccc45)C(=O)NC2,7.66
108,CHEMBL223156,CN1C(=O)NC(=O)[C@]12Cc3ccc(NC(=O)CN4C(=O)N(c5ccccn5)c6ccccc46)cc3C2,7.68
109,CHEMBL488255,COC(=O)[C@H](C)N1C(=O)N(CC(=O)Nc2ccc3C[C@]4(Cc3c2)N(C)C(=O)NC4=O)c5cc(C)cc(C)c15,7.68
110,CHEMBL220101,CN1C(=O)NC(=O)[C@]12Cc3ccc(NC(=O)CN4C(=O)N(C5CCOC5)c6ccccc46)cc3C2,7.7
111,CHEMBL2059900,O=C(N[C@H](Cc1csc2ccccc12)C(=O)N3CCC(CC3)N4CCCCC4)N5CCC6(CC5)N=C(NC6=O)c7ccccc7,7.7
112,CHEMBL2059905,O=C(N[C@H](Cc1csc2ccccc12)C(=O)N3CCC(CC3)N4CCCCC4)N5CCC6(CC5)OC(=O)Nc7ccccc67,7.7
113,CHEMBL3114488,CN1CCN(CC1)c2ccccc2C3SC(CC(=O)N4CCC(CC4)N5CCc6ccccc6NC5=O)C(=O)N3CCC(C)(C)C,7.72
114,CHEMBL2018512,Cc1cc(CC(CC(=O)N2CCC3(CC2)OC(=O)Nc4ccccc34)C(=O)N5CCCCC5)cc6cn[nH]c16,7.72
115,CHEMBL386757,Oc1nc(cn1C2CCN(CC2)C(=O)N[C@@H]3N=C(c4ccccc4)c5ccccc5N(CC(F)(F)F)C3=O)c6ccc(OC(F)F)cc6,7.72
116,CHEMBL487076,CN1C(=O)NC(=O)[C@]12Cc3ccc(NC(=O)CN4C(=O)Nc5cc(F)ccc45)cc3C2,7.75
117,CHEMBL1091903,CN1C(=O)NC(=O)[C@]12Cc3cc4ccc(CN5C(=O)N(c6ccccn6)c7ccccc57)nc4cc3C2,7.77
118,CHEMBL375224,CN1C(=O)NC(=O)[C@]12Cc3ccc(NC(=O)CN4C(=O)N(C5CCS(=O)(=O)C5)c6ccccc46)cc3C2,7.77
119,CHEMBL257252,Fc1cccc(C2=CN(CC(F)(F)F)C(=O)C(=C2)NC(=O)N3CCC(CC3)N4C(=O)Nc5ncccc45)c1F,7.77
120,CHEMBL482178,CN1C(=O)NC(=O)[C@]12Cc3ccc(NC(=O)CN4C(=O)N(c5ccncn5)c6ccccc46)cc3C2,7.8
121,CHEMBL2059802,Cn1cc(C[C@@H](NC(=O)N2CCC(CC2)N3C(=O)Nc4ccccc34)C(=O)N5CCC(CC5)N6CCCCC6)c7ccccc17,7.8
122,CHEMBL471706,CN1C(=O)NC(=O)[C@]12Cc3ccc(NC(=O)CN4C(=O)Nc5cc(Cl)ccc45)cc3C2,7.82
123,CHEMBL520905,CN1C(=O)NC(=O)[C@]12Cc3ccc(NC(=O)CN4C(=O)Nc5ccc(F)cc45)cc3C2,7.82
124,CHEMBL220715,COc1cccc(n1)N2C(=O)N(CC(=O)Nc3ccc4C[C@]5(Cc4c3)N(C)C(=O)NC5=O)c6ccccc26,7.82
125,CHEMBL2018514,O=C(CC(Cc1ccc2[nH]ncc2c1)C(=O)N3CCC(CC3)N4CCCCC4)N5CCC6(CC5)OC(=O)Nc7ccccc67,7.82
126,CHEMBL571350,CN1C(=O)NC(=O)C12Cc3ccc(NC(=O)CN(Cc4ccccc4F)C(=O)C(C)(C)C)cc3C2,7.85
127,CHEMBL520778,CN1C(=O)NC(=O)[C@]12Cc3ccc(NC(=O)CN4C(=O)N(C5CCSCC5)c6ccccc46)cc3C2,7.89
128,CHEMBL508016,CN1C(=O)NC(=O)[C@]12Cc3ccc(NC(=O)CN4C(=O)N(CCCC(=O)N)c5ccccc45)cc3C2,7.89
129,CHEMBL471530,CN1C(=O)NC(=O)[C@]12Cc3ccc(NC(=O)CN4C(=O)Nc5c(Cl)cccc45)cc3C2,7.89
130,CHEMBL1270087,CN1C(=O)NC(=O)[C@]12Cc3cc4cc(CN(Cc5ccccc5)C(=O)C(C)(C)C)cnc4cc3C2,7.92
131,CHEMBL223756,CN1C(=O)NC(=O)[C@]12Cc3ccc(NC(=O)CN4C(=O)N(c5cnccn5)c6ccccc46)cc3C2,7.92
132,CHEMBL2024600,Cc1cc(CC(NC(=O)N2CCC(CC2)N3Cc4ccccc4NC3=O)c5cccc(n5)c6ccccc6)cc7cn[nH]c17,7.92
133,CHEMBL2022602,Cc1cc(CC(OC(=O)N2CCC(CC2)C3=Cc4ccccc4NC3=O)c5ccccn5)cc6cn[nH]c16,7.92
134,CHEMBL2024587,Cc1ccc(nc1)C(CC(=O)N2CCC(CC2)N3Cc4ccccc4NC3=O)Cc5cc(C)c6[nH]ncc6c5,7.92
135,CHEMBL2018518,Cc1cc(C[C@H](CC(=O)N2CCC(CC2)N3Cc4ccccc4NC3=O)C(=O)N5CCC(CC5)N6CCCCC6)cc7cn[nH]c17,7.96
136,CHEMBL398575,O=C(N[C@@H]1CC[C@H](CN(CC2CC2)C1=O)c3ccccc3)N4CCC(CC4)N5C(=O)Nc6ncccc56,7.96
137,CHEMBL2336414,O=C(N[C@H](Cc1cc2OC(=O)Nc2c(c1)C#N)C(=O)N3CCC(CC3)N4CCCCC4)N5CCC(CC5)N6Cc7ccccc7NC6=O,7.96
138,CHEMBL215274,Oc1nc(cn1C2CCN(CC2)C(=O)N[C@@H]3N=C(c4ccccc4)c5ccccc5N(CC(F)(F)F)C3=O)c6ccc(F)cc6,7.96
139,CHEMBL214507,Oc1nc(cn1C2CCN(CC2)C(=O)N[C@@H]3N=C(c4ccccc4)c5ccccc5N(CC(F)(F)F)C3=O)c6cccc(F)c6,7.96
140,CHEMBL215499,Oc1nc(cn1C2CCN(CC2)C(=O)N[C@@H]3N=C(c4ccccc4)c5ccccc5N(CC(F)(F)F)C3=O)c6ccccc6,7.96
141,CHEMBL236593,Oc1nc2ncccc2n1C3CCN(CC3)C(=O)N[C@@H]4CC[C@H](CN(CC(F)(F)F)C4=O)c5cccc(F)c5F,7.96
142,CHEMBL2024172,CCc1ccnc(c1)C(CC(=O)N2CCC(CC2)N3Cc4ccccc4NC3=O)Cc5cc(C)c6[nH]ncc6c5,8.0
143,CHEMBL374251,CN1C(=O)NC(=O)[C@]12Cc3ccc(NC(=O)CN4C(=O)N(c5ccccc45)c6nccc(n6)C(F)(F)F)cc3C2,8.0
144,CHEMBL3114486,CN1CCN(CC1)c2ccccc2[C@@H]3S[C@H](CC(=O)N4CCC(CC4)N5Cc6ccccc6NC5=O)C(=O)N3CCC(C)(C)C,8.0
145,CHEMBL570793,Fc1cccc([C@@H]2CC[C@@H](NC(=O)N3CCC(CC3)C4=CC=NNC4=O)C(=O)N(CC(F)(F)F)C2)c1F,8.0
146,CHEMBL556703,CN1C(=O)C[C@@H]2CN(CC(=O)Nc3ccc4C[C@@]5(Cc4c3)C(=O)Nc6ncccc56)c7cccc1c27,8.01
147,CHEMBL455670,CN(C)C(=O)CCCN1C(=O)N(CC(=O)Nc2ccc3C[C@]4(Cc3c2)N(C)C(=O)NC4=O)c5ccccc15,8.02
148,CHEMBL220146,CN1C(=O)NC(=O)[C@]12Cc3ccc(NC(=O)CN4C(=O)N(c5cncnc5)c6ccccc46)cc3C2,8.02
149,CHEMBL487244,CN1C(=O)NC(=O)[C@]12Cc3ccc(NC(=O)CN4C(=O)Nc5ccc(Cl)cc45)cc3C2,8.02
150,CHEMBL3114465,CC(C)(C)CN1C(SC(CC(=O)N2CCC(CC2)N3Cc4ccccc4NC3=O)C1=O)c5ccccc5,8.05
151,CHEMBL1090846,CN1C(=O)NC(=O)[C@@]12Cc3cc4ccc(CN5C(=O)CCc6ccccc56)nc4cc3C2,8.05
152,CHEMBL2059880,O=C(N[C@H](Cc1csc2ccccc12)C(=O)N3CCC(CC3)N4CCCCC4)N5CCC(CC5)N6C(=O)Nc7ccccc67,8.05
153,CHEMBL375533,CN1C(=O)NC(=O)[C@]12Cc3ccc(NC(=O)CN4C(=O)N(c5ccccc45)c6nccs6)cc3C2,8.06
154,CHEMBL2024170,Cc1cc(CC(CC(=O)N2CCC(CC2)N3Cc4ccccc4NC3=O)c5ccccn5)cc6cn[nH]c16,8.07
155,CHEMBL568921,CN1C(=O)NC(=O)C12Cc3ccc(NC(=O)CN(Cc4cccc(C)c4)C(=O)C(C)(C)C)cc3C2,8.1
156,CHEMBL2024588,Cc1cc(CC(CC(=O)N2CCC(CC2)N3Cc4ccccc4NC3=O)c5ccc(CO)cn5)cc6cn[nH]c16,8.1
157,CHEMBL2430173,Cc1cc(CC(NC(=O)N2CCC(CC2)N3Cc4ccccc4NC3=O)c5ncc(Br)[nH]5)cc6cn[nH]c16,8.13
158,CHEMBL2059798,O=C(N[C@H](Cc1cccc2ccccc12)C(=O)N3CCC(CC3)N4CCCCC4)N5CCC(CC5)N6C(=O)Nc7ccccc67,8.14
159,CHEMBL1162991,CN1C(=O)CN2C(=O)N(CC(=O)Nc3ccc4C[C@]5(Cc4c3)N(C)C(=O)NC5=O)c6cc(C)cc1c26,8.15
160,CHEMBL453644,CN1C(=O)CN2C(=O)N(CC(=O)Nc3ccc4C[C@]5(Cc4c3)N(C)C(=O)NC5=O)c6cccc1c26,8.15
161,CHEMBL374064,CN1C(=O)NC(=O)[C@]12Cc3ccc(NC(=O)CN4C(=O)N(c5cnsc5)c6ccccc46)cc3C2,8.17
162,CHEMBL2023187,Cc1cc(CC(OC(=O)N2CCC(CC2)N3Cc4ccccc4NC3=O)c5ccccn5)cc6c(CN7CCCC7)n[nH]c16,8.17
163,CHEMBL2018520,Cc1cc(C[C@H](CC(=O)N2CCC(CC2)N3Cc4cccc(F)c4NC3=O)C(=O)N5CCC(CC5)N6CCCCC6)cc7cn[nH]c17,8.17
164,CHEMBL570748,CC1=NNC(=O)C(=C1)C2CCN(CC2)C(=O)N[C@@H]3CC[C@H](CN(CC(F)(F)F)C3=O)c4cccc(F)c4F,8.18
165,CHEMBL2023185,Cc1cc(CC(OC(=O)N2CCC(CC2)N3Cc4ccccc4NC3=O)c5ccccn5)cc6c(CN7CCCCC7)n[nH]c16,8.18
166,CHEMBL215325,Cc1ccc(cc1)c2cn(C3CCN(CC3)C(=O)N[C@@H]4N=C(c5ccccc5)c6ccccc6N(CC(F)(F)F)C4=O)c(O)n2,8.2
167,CHEMBL2018510,Cc1cc(CC(CC(=O)N2CCC3(CC2)OC(=O)Nc4ccccc34)C(=O)N5CCC6(CC5)OCCO6)cc7cn[nH]c17,8.23
168,CHEMBL1770564,CNCCc1cnc2[C@@H](CC[C@H](Cn12)c3cccc(F)c3F)NC(=O)N4CCC(CC4)N5C(=O)Nc6ncccc56,8.24
169,CHEMBL471358,CN1C(=O)NC(=O)[C@]12Cc3ccc(NC(=O)CN4C(=O)Nc5c(C)cc(C)cc45)cc3C2,8.26
170,CHEMBL2059906,O=C(N[C@H](Cc1csc2ccccc12)C(=O)N3CCC(CC3)N4CCCCC4)N5CCC6(CC5)NC(=O)Nc7ccccc67,8.3
171,CHEMBL438120,CN(C)CCN1C[C@@H](CC[C@@H](NC(=O)N2CCC(CC2)N3C(=O)Nc4ncccc34)C1=O)c5cccc(F)c5F,8.31
172,CHEMBL2430172,Cc1cc(CC(NC(=O)N2CCC(CC2)N3Cc4ccccc4NC3=O)c5nc(Br)c(Br)[nH]5)cc6cn[nH]c16,8.32
173,CHEMBL2430184,Cc1cc(CC(NC(=O)N2CCC(CC2)N3Cc4ccccc4NC3=O)c5nccn5C)cc6cn[nH]c16,8.32
174,CHEMBL455674,CN1C(=O)NC(=O)[C@]12Cc3ccc(NC(=O)CN4C(=O)N5CCCC(=O)Nc6cccc4c56)cc3C2,8.33
175,CHEMBL371646,NCCCC[C@@H](NC(=O)[C@H](Cc1cc(Br)c(O)c(Br)c1)NC(=O)N2CCC(CC2)N(C(=O)N)c3ccccc3)C(=O)N4CCN(CC4)c5ccncc5,8.33
176,CHEMBL569588,CN1C(=O)NC(=O)[C@@]12Cc3ccc(NC(=O)CN(Cc4cc(Cl)cc(Cl)c4)C(=O)C(C)(C)C)cc3C2,8.36
177,CHEMBL2022596,COC(=O)c1ccnc(c1)C(Cc2cc(C)c3[nH]ncc3c2)OC(=O)N4CCC(CC4)N5Cc6ccccc6NC5=O,8.36
178,CHEMBL2024173,Cc1cccnc1C(CC(=O)N2CCC(CC2)N3Cc4ccccc4NC3=O)Cc5cc(C)c6[nH]ncc6c5,8.36
179,CHEMBL488083,CN1C(=O)NC(=O)[C@]12Cc3ccc(NC(=O)CN4C(=O)N(c5ccccn5)c6c(C)cc(C)cc46)cc3C2,8.37
180,CHEMBL2178423,O[C@@H]1[C@@H](CC[C@@H](OC(=O)N2CCC(CC2)N3C(=O)Nc4ncccc34)c5ncccc15)c6cccc(F)c6F,8.37
181,CHEMBL236590,OCCN1C[C@@H](CC[C@@H](NC(=O)N2CCC(CC2)N3C(=O)Nc4ncccc34)C1=O)c5cccc(F)c5F,8.38
182,CHEMBL3114484,CN1CCN(CC1)c2ccccc2[C@H]3S[C@@H](CC(=O)N4CCC(CC4)N5Cc6ccccc6NC5=O)C(=O)N3CCC(C)(C)C,8.4
183,CHEMBL1770561,Cc1cn2C[C@@H](CC[C@@H](NC(=O)N3CCC(CC3)N4C(=O)Nc5ncccc45)c2n1)c6cccc(F)c6F,8.4
184,CHEMBL207197,NCCCC[C@H](NC(=O)[C@@H](Cc1cc(Br)c(O)c(Br)c1)NC(=O)N2CCC(CC2)N3Cc4ccccc4NC3=O)C(=O)N5CCN(CC5)c6ccncc6,8.4
185,CHEMBL2059881,O=C(N[C@H](Cc1csc2ccccc12)C(=O)N3CCC(CC3)C4CCNCC4)N5CCC(CC5)N6C(=O)Nc7ccccc67,8.4
186,CHEMBL1770559,Fc1cccc([C@@H]2CC[C@@H](NC(=O)N3CCC(CC3)N4C(=O)Nc5ncccc45)c6nc(CC(F)(F)F)cn6C2)c1F,8.41
187,CHEMBL2024601,Cc1cccc(n1)C(Cc2cc(C)c3[nH]ncc3c2)NC(=O)N4CCC(CC4)N5Cc6ccccc6NC5=O,8.42
188,CHEMBL570488,CN1C(=O)NC(=O)C12Cc3ccc(NC(=O)CN(Cc4ccc(F)cc4)C(=O)C(C)(C)C)cc3C2,8.43
189,CHEMBL2018513,Cc1cc(CC(CC(=O)N2CCC(CC2)N3Cc4ccccc4NC3=O)C(=O)N5CCCCC5)cc6cn[nH]c16,8.43
190,CHEMBL473445,O=C(CN1C(=O)N(c2ccccn2)c3ccccc13)Nc4ccc5CC6(Cc5c4)C(=O)Nc7ncccc67,8.43
191,CHEMBL237661,Fc1cccc([C@@H]2CC[C@@H](NC(=O)N3CCC(CC3)N4C(=O)Nc5ncccc45)C(=O)NC2)c1F,8.44
192,CHEMBL570531,Fc1cccc([C@@H]2CC[C@@H](NC(=O)N3CCC4(CC3)CC(=O)Nc5ncccc45)C(=O)N(CC(F)(F)F)C2)c1F,8.46
193,CHEMBL2018509,Cc1cc(CC(CC(=O)N2CCC(CC2)N3Cc4ccccc4NC3=O)C(=O)N5CCC6(CC5)OCCO6)cc7cn[nH]c17,8.5
194,CHEMBL1770560,OCc1cn2C[C@@H](CC[C@@H](NC(=O)N3CCC(CC3)N4C(=O)Nc5ncccc45)c2n1)c6cccc(F)c6F,8.5
195,CHEMBL2024592,Cc1cc(CC(NC(=O)N2CCC(CC2)N3Cc4ccccc4NC3=O)c5ccccn5)cc6cn[nH]c16,8.51
196,CHEMBL1770558,Fc1cccc([C@@H]2CC[C@@H](NC(=O)N3CCC(CC3)N4C(=O)Nc5ncccc45)c6nccn6C2)c1F,8.51
197,CHEMBL1092883,CN1C(=O)CN2C(=O)N(Cc3ccc4cc5C[C@@]6(Cc5cc4n3)N(C)C(=O)NC6=O)c7cccc1c27,8.52
198,CHEMBL3114490,CN1CCN(CC1)c2c(F)cccc2C3SC(CC(=O)N4CCC(CC4)N5CCc6ccccc6NC5=O)C(=O)N3CCC(C)(C)C,8.52
199,CHEMBL2022597,Cc1cc(CC(OC(=O)N2CCC(CC2)N3Cc4ccccc4NC3=O)c5cc(ccn5)C#N)cc6cn[nH]c16,8.52
200,CHEMBL466555,O=C(N[C@H](Cc1csc2ccccc12)C(=O)N3CCC(CC3)N4CCCCC4)N5CCC(CC5)N6Cc7ccccc7NC6=O,8.52
201,CHEMBL2430163,Cc1cc(CC(OC(=O)N2CCC(CC2)C3=Cc4ccccc4NC3=O)c5ncc6CNCCn56)cc7cn[nH]c17,8.54
202,CHEMBL1770565,CN(C)C(=O)c1cnc2[C@@H](CC[C@H](Cn12)c3cccc(F)c3F)NC(=O)N4CCC(CC4)N5C(=O)Nc6ncccc56,8.55
203,CHEMBL2018511,CC1CCN(CC1)C(=O)C(CC(=O)N2CCC(CC2)N3Cc4ccccc4NC3=O)Cc5cc(C)c6[nH]ncc6c5,8.57
204,CHEMBL530116,CN1C(=O)N(CC(=O)Nc2ccc3C[C@]4(Cc3c2)N(C)C(=O)NC4=O)c5cc(C)cc(C)c15,8.57
205,CHEMBL237664,CN1C[C@@H](CC[C@@H](NC(=O)N2CCC(CC2)N3C(=O)Nc4ncccc34)C1=O)c5cccc(F)c5F,8.57
206,CHEMBL382469,NCCCC[C@@H](NC(=O)[C@H](Cc1cc(Br)c(O)c(Br)c1)NC(=O)N2CCC(CC2)n3c(O)nc4ccccc34)C(=O)N5CCN(CC5)c6ccncc6,8.57
207,CHEMBL1770563,OCc1cnc2[C@@H](CC[C@H](Cn12)c3cccc(F)c3F)NC(=O)N4CCC(CC4)N5C(=O)Nc6ncccc56,8.6
208,CHEMBL2059790,Oc1ccc(C[C@@H](NC(=O)N2CCC(CC2)N3C(=O)Nc4ccccc34)C(=O)N5CCC(CC5)N6CCCCC6)cc1,8.6
209,CHEMBL237848,CCN1C[C@@H](CC[C@@H](NC(=O)N2CCC(CC2)N3C(=O)Nc4ncccc34)C1=O)c5cccc(F)c5F,8.62
210,CHEMBL465934,O=C(CN1C(=O)N(c2ccccn2)c3ccccc13)Nc4ccc5C[C@@]6(Cc5c4)C(=O)Nc7ncccc67,8.64
211,CHEMBL455458,CN1C(=O)CCCN2C(=O)N(CC(=O)Nc3ccc4C[C@]5(Cc4c3)N(C)C(=O)NC5=O)c6cccc1c26,8.66
212,CHEMBL1269977,CN1C(=O)NC(=O)C12Cc3cc4ccc(CN(Cc5ccccc5)C(=O)C(C)(C)C)nc4cc3C2,8.66
213,CHEMBL1770562,Cc1cnc2[C@@H](CC[C@H](Cn12)c3cccc(F)c3F)NC(=O)N4CCC(CC4)N5C(=O)Nc6ncccc56,8.66
214,CHEMBL564466,O=C(CN1CC2CCCC(=O)Nc3cccc1c23)Nc4ccc5C[C@@]6(Cc5c4)C(=O)Nc7ncccc67,8.66
215,CHEMBL488082,COC(=O)CN1C(=O)N(CC(=O)Nc2ccc3C[C@]4(Cc3c2)N(C)C(=O)NC4=O)c5cc(C)cc(C)c15,8.68
216,CHEMBL3114494,CCN1CCN(CC1)c2c(F)cccc2C3SC(CC(=O)N4CCC(CC4)N5CCc6ccccc6NC5=O)C(=O)N3CCC(C)(C)C,8.7
217,CHEMBL2024596,Cc1cc(CC(NC(=O)N2CCC(CC2)N3Cc4ccccc4NC3=O)c5ccc6ccccc6n5)cc7cn[nH]c17,8.7
218,CHEMBL2024602,Cc1cc(CC(OC(=O)N2CCC(CC2)N3Cc4ccccc4NC3=O)c5cc(CO)ccn5)cc6cn[nH]c16,8.7
219,CHEMBL571823,CN1C(=O)NC(=O)[C@@]12Cc3ccc(NC(=O)CN(Cc4ccccc4)C(=O)C(C)(C)C)cc3C2,8.72
220,CHEMBL487068,CN1C(=O)NC(=O)[C@]12Cc3ccc(NC(=O)CN4C(=O)N(CC(=O)N)c5c(C)cc(C)cc45)cc3C2,8.72
221,CHEMBL2430181,Cc1cc(CC(NC(=O)N2CCC(CC2)N3Cc4ccccc4NC3=O)c5nccn5Cc6ccccc6F)cc7cn[nH]c17,8.72
222,CHEMBL2023186,Cc1cc(CC(OC(=O)N2CCC(CC2)N3Cc4ccccc4NC3=O)c5ccccn5)cc6c(CN7CCOCC7)n[nH]c16,8.72
223,CHEMBL568920,CN1C(=O)NC(=O)C12Cc3ccc(NC(=O)CN(Cc4cccc(Cl)c4)C(=O)C(C)(C)C)cc3C2,8.75
224,CHEMBL2024590,Cc1cc(CC(CC(=O)N2CCC(CC2)N3Cc4ccccc4NC3=O)c5ccc(CN6CCCCC6)cn5)cc7cn[nH]c17,8.75
225,CHEMBL2430164,CCN1CCn2c(C1)cnc2C(Cc3cc(C)c4[nH]ncc4c3)OC(=O)N5CCC(CC5)C6=Cc7ccccc7NC6=O,8.77
226,CHEMBL519421,CN(C)C(=O)CN1C(=O)N(CC(=O)Nc2ccc3C[C@]4(Cc3c2)N(C)C(=O)NC4=O)c5cc(C)cc(C)c15,8.77
227,CHEMBL392730,C[S+]([O-])CCN1C[C@@H](CC[C@@H](NC(=O)N2CCC(CC2)N3C(=O)Nc4ncccc34)C1=O)c5cccc(F)c5F,8.77
228,CHEMBL571203,Fc1cccc([C@@H]2CC[C@@H](NC(=O)N3CCC4(CC3)C(=O)Nc5ncccc45)C(=O)N(CC(F)(F)F)C2)c1F,8.77
229,CHEMBL464079,O=C(CN1C(=O)C2(CCOCC2)c3ccccc13)Nc4ccc5C[C@@]6(Cc5c4)C(=O)Nc7ncccc67,8.77
230,CHEMBL571580,CN1C(=O)NC(=O)C12Cc3ccc(NC(=O)CN(Cc4cccc(F)c4)C(=O)C(C)(C)C)cc3C2,8.8
231,CHEMBL3655572,C[C@]1(CNC2(CCCC2)C(=O)N1CC(=O)Nc3ccc4CC5(Cc4c3)N=C(NC5=O)c6ccccc6)c7cc(F)cc(F)c7,8.8
232,CHEMBL2430171,Cc1cc(CC(NC(=O)N2CCC(CC2)N3Cc4ccccc4NC3=O)c5nccn5Cc6ccccn6)cc7cn[nH]c17,8.8
233,CHEMBL1090841,CN1C(=O)NC(=O)[C@@]12Cc3cc4ccc(CN5CC6CC(=O)Nc7cccc5c67)nc4cc3C2,8.82
234,CHEMBL2024593,Cc1cc(CC(OC(=O)N2CCC(CC2)N3Cc4ccccc4NC3=O)c5ccccn5)cc6cn[nH]c16,8.82
235,CHEMBL563727,CN1C(=O)Cc2cn(CC(=O)Nc3ccc4C[C@@]5(Cc4c3)C(=O)Nc6ncccc56)c7cccc1c27,8.85
236,CHEMBL2024597,Cc1cc(CC(OC(=O)N2CCC(CC2)N3Cc4ccccc4NC3=O)c5ccc6ccccc6n5)cc7cn[nH]c17,8.85
237,CHEMBL392937,FCCN1C[C@@H](CC[C@@H](NC(=O)N2CCC(CC2)N3C(=O)Nc4ncccc34)C1=O)c5cccc(F)c5F,8.85
238,CHEMBL237663,Fc1cccc([C@@H]2CC[C@@H](NC(=O)N3CCC(CC3)N4C(=O)Nc5ncccc45)C(=O)N(CC6CC6)C2)c1F,8.85
239,CHEMBL1090847,O=C1CCc2ccccc2N1Cc3ccc4cc5C[C@]6(Cc5cc4n3)C(=O)Nc7ncccc67,8.85
240,CHEMBL1270088,CC(C)(C)C(=O)N(Cc1ccccc1)Cc2cnc3cc4C[C@]5(Cc4cc3c2)C(=O)Nc6ncccc56,8.89
241,CHEMBL1089772,CCC12CN(Cc3ccc4cc5C[C@@]6(Cc5cc4n3)N(C)C(=O)NC6=O)c7cccc(NC(=O)C1)c27,8.89
242,CHEMBL2022610,Cc1cc(CC(OC(=O)N2CCC(CC2)N3Cc4ccccc4NC3=O)c5ccccn5)cc6c(C=O)n[nH]c16,8.89
243,CHEMBL3645141,Clc1ccccc1C2=NC3(CCCC3)C(=O)N2Cc4cnc5cc6C[C@]7(Cc6cc5c4)C(=O)Nc8ncccc78,8.89
244,CHEMBL571797,CN1C(=O)NC(=O)[C@@]12Cc3ccc(NC(=O)CN(Cc4cc(F)cc(Cl)c4)C(=O)C(C)(C)C)cc3C2,8.92
245,CHEMBL2022605,Cc1cc(CC(OC(=O)N2CCC(CC2)C3=Cc4ccccc4NC3=O)c5cc(CN6CCOCC6)ccn5)cc7cn[nH]c17,8.92
246,CHEMBL463880,O=C(CN1C(=O)N(C2CCOC2)c3ccccc13)Nc4ccc5C[C@@]6(Cc5c4)C(=O)Nc7ncccc67,8.92
247,CHEMBL564088,O=C(CN1CC2CC(=O)Nc3cccc1c23)Nc4ccc5C[C@@]6(Cc5c4)C(=O)Nc7ncccc67,8.92
248,CHEMBL385454,COc1cccc(c1)c2cn(C3CCN(CC3)C(=O)N[C@@H]4N=C(c5ccccc5)c6ccccc6N(CC(F)(F)F)C4=O)c(O)n2,8.96
249,CHEMBL2024589,Cc1cc(CC(CC(=O)N2CCC(CC2)N3Cc4ccccc4NC3=O)c5ccc(C=O)cn5)cc6cn[nH]c16,8.96
250,CHEMBL1770566,Fc1cccc([C@@H]2CC[C@@H](NC(=O)N3CCC(CC3)N4C(=O)Nc5ncccc45)c6ncc(c7ccccc7)n6C2)c1F,8.96
251,CHEMBL1770567,Fc1cccc([C@@H]2CC[C@@H](NC(=O)N3CCC(CC3)N4C(=O)Nc5ncccc45)c6ncc(c7nccs7)n6C2)c1F,8.96
252,CHEMBL570746,Fc1cccc([C@@H]2CC[C@@H](NC(=O)N3CCC4(CC3)OC(=O)Nc5ncccc45)C(=O)N(CC(F)(F)F)C2)c1F,8.96
253,CHEMBL549503,O=C(CN1CC2CCC(=O)Nc3cccc1c23)Nc4ccc5C[C@@]6(Cc5c4)C(=O)Nc7ncccc67,8.96
254,CHEMBL3114676,CC(C)(C)CCN1[C@H](S[C@@H](CC(=O)N2CCC(CC2)N3CCc4ccccc4NC3=O)C1=O)c5cccc(F)c5N6CCN(CC6)C(C)(C)C,9.0
255,CHEMBL1770556,Fc1cccc([C@@H]2CC[C@@H](NC(=O)N3CCC(CC3)N4C(=O)Nc5ncccc45)c6nnc(C7CC7)n6C2)c1F,9.0
256,CHEMBL2430180,Cc1cc(CC(NC(=O)N2CCC(CC2)N3Cc4ccccc4NC3=O)c5nccn5Cc6ccc(F)cc6)cc7cn[nH]c17,9.01
257,CHEMBL237849,FC(F)CN1C[C@@H](CC[C@@H](NC(=O)N2CCC(CC2)N3C(=O)Nc4ncccc34)C1=O)c5cccc(F)c5F,9.05
258,CHEMBL3645145,Fc1cc(F)cc(c1)[C@@H]2CCNC3(CCCC3)C(=O)N2Cc4ccc5nc6C[C@]7(Cc6cc5c4)C(=O)Nc8ncccc78,9.05
259,CHEMBL392635,Fc1cccc([C@@H]2CC[C@@H](NC(=O)N3CCC(CC3)N4C(=O)Nc5ncccc45)C(=O)N(Cc6ccccn6)C2)c1F,9.05
260,CHEMBL2430182,Cc1cc(CC(NC(=O)N2CCC(CC2)N3Cc4ccccc4NC3=O)c5nccn5CCc6ccccc6)cc7cn[nH]c17,9.06
261,CHEMBL464078,O=C(CN1C(=O)N(C2CCSCC2)c3ccccc13)Nc4ccc5C[C@@]6(Cc5c4)C(=O)Nc7ncccc67,9.06
262,CHEMBL583679,C[C@@H](N(CC(=O)Nc1ccc2C[C@@]3(Cc2c1)N(C)C(=O)NC3=O)C(=O)C(C)(C)C)c4ccccc4,9.08
263,CHEMBL2430168,Cc1cc(CC(NC(=O)N2CCC(CC2)N3Cc4ccccc4NC3=O)c5nccn5Cc6ccncc6)cc7cn[nH]c17,9.08
264,CHEMBL2024598,Cc1cc(CC(NC(=O)N2CCC(CC2)N3Cc4ccccc4NC3=O)c5cc6ccccc6cn5)cc7cn[nH]c17,9.09
265,CHEMBL2430185,Cc1cc(CC(NC(=O)N2CCC(CC2)N3Cc4ccccc4NC3=O)c5nccn5Cc6ccccc6)cc7cn[nH]c17,9.11
266,CHEMBL3645140,Fc1cc(F)cc(c1)[C@@H]2CCC3(CCCC3)C(=O)N2Cc4cnc5cc6C[C@]7(Cc6cc5c4)C(=O)Nc8ncccc78,9.11
267,CHEMBL1270197,CC(C)(C)C(=O)N(Cc1cnc2cc3C[C@]4(Cc3cc2c1)C(=O)Nc5ncccc45)Cc6cc(F)cc(F)c6,9.16
268,CHEMBL1770568,CC(C)c1cnc2[C@@H](CC[C@H](Cn12)c3cccc(F)c3F)NC(=O)N4CCC(CC4)N5C(=O)Nc6ncccc56,9.16
269,CHEMBL415263,CSCCN1C[C@@H](CC[C@@H](NC(=O)N2CCC(CC2)N3C(=O)Nc4ncccc34)C1=O)c5cccc(F)c5F,9.16
270,CHEMBL2178421,O[C@H]1[C@H](CC[C@@H](OC(=O)N2CCC(CC2)N3C(=O)Nc4ncccc34)c5ncccc15)c6cccc(F)c6F,9.17
271,CHEMBL2059877,O=C(N[C@H](Cc1ccc2NC(=O)Cc2c1)C(=O)N3CCC(CC3)N4CCCCC4)N5CCC(CC5)N6Cc7ccccc7NC6=O,9.19
272,CHEMBL2059794,Oc1c(Br)cc(C[C@@H](NC(=O)N2CCC(CC2)N3C(=O)Nc4ccccc34)C(=O)N5CCC(CC5)N6CCCCC6)cc1Br,9.19
273,CHEMBL2430179,Cc1cc(CC(NC(=O)N2CCC(CC2)N3Cc4ccccc4NC3=O)c5nccn5Cc6cccc(F)c6)cc7cn[nH]c17,9.2
274,CHEMBL1770717,Fc1cccc([C@@H]2CC[C@@H](NC(=O)N3CCC4(CC3)C(=O)Nc5ncccc45)c6ncc(n6C2)C7(CC7)C(F)(F)F)c1F,9.2
275,CHEMBL1770718,COCc1cnc2[C@@H](CC[C@H](Cn12)c3cccc(F)c3F)NC(=O)N4CCC5(CC4)C(=O)Nc6ncccc56,9.21
276,CHEMBL3114496,CC(C)(C)CCN1C(SC(CC(=O)N2CCC(CC2)N3CCc4ccccc4NC3=O)C1=O)c5cccc(F)c5N6CCN(CC6)C(C)(C)C,9.22
277,CHEMBL1770716,Fc1cccc([C@@H]2CC[C@@H](NC(=O)N3CCC4(CC3)C(=O)Nc5ncccc45)c6ncc(CC(F)(F)F)n6C2)c1F,9.22
278,CHEMBL518422,O=C(CN1C(=O)N(c2ccncn2)c3ccccc13)Nc4ccc5C[C@@]6(Cc5c4)C(=O)Nc7ncccc67,9.22
279,CHEMBL569340,CN1C(=O)NC(=O)[C@@]12Cc3ccc(NC(=O)CN(Cc4cc(F)cc(F)c4)C(=O)C(C)(C)C)cc3C2,9.26
280,CHEMBL2059878,O=C(N[C@H](Cc1ccc2[nH]nnc2c1)C(=O)N3CCC(CC3)N4CCCCC4)N5CCC(CC5)N6Cc7ccccc7NC6=O,9.26
281,CHEMBL1092837,O=C1CC2CN(Cc3ccc4cc5C[C@]6(Cc5cc4n3)C(=O)Nc7ncccc67)c8cccc(N1)c28,9.26
282,CHEMBL1092838,CN1C(=O)NC(=O)[C@@]12Cc3cc4ccc(CN5CC6(C)CC(=O)Nc7cccc5c67)nc4cc3C2,9.28
283,CHEMBL466192,CN1C(=O)NC(=O)[C@]12Cc3ccc(NC(=O)CN4C(=O)N5CC(=O)Nc6cc(C)cc4c56)cc3C2,9.29
284,CHEMBL453643,CN1C(=O)NC(=O)[C@]12Cc3ccc(NC(=O)CN4C(=O)N5CC(=O)Nc6cccc4c56)cc3C2,9.29
285,CHEMBL2431250,CN1C[C@](C)(N(CCCc2ccc3C[C@]4(Cc3c2)C(=O)Nc5ncccc45)C(=O)C16CCCC6)c7cc(F)cc(F)c7,9.3
286,CHEMBL392636,CS(=O)(=O)CCN1C[C@@H](CC[C@@H](NC(=O)N2CCC(CC2)N3C(=O)Nc4ncccc34)C1=O)c5cccc(F)c5F,9.3
287,CHEMBL392634,Fc1cccc([C@@H]2CC[C@@H](NC(=O)N3CCC(CC3)N4C(=O)Nc5ncccc45)C(=O)N(CCN6CCOCC6)C2)c1F,9.3
288,CHEMBL2024594,Cc1cc(CC(NC(=O)N2CCC(CC2)N3Cc4ccccc4NC3=O)c5cccc(Br)n5)cc6cn[nH]c16,9.31
289,CHEMBL3645144,Fc1cc(F)cc(c1)[C@@H]2CCNC3(CCCC3)C(=O)N2Cc4cnc5cc6C[C@]7(Cc6cc5c4)C(=O)Nc8ncccc78,9.31
290,CHEMBL1770721,Fc1cccc([C@@H]2CC[C@@H](NC(=O)N3CCC4(CC3)C(=O)Nc5ncccc45)c6nnc(CC(F)(F)F)n6C2)c1F,9.32
291,CHEMBL2024599,Cc1cc(CC(OC(=O)N2CCC(CC2)N3Cc4ccccc4NC3=O)c5cc6ccccc6cn5)cc7cn[nH]c17,9.34
292,CHEMBL3648346,C[C@@H](N(C\C=C\c1ccc2C[C@@]3(Cc2c1)N(C)C(=O)NC3=O)C(=O)C(C)(C)C)c4cc(F)cc(F)c4,9.37
293,CHEMBL2430170,Cc1cc(CC(NC(=O)N2CCC(CC2)N3Cc4ccccc4NC3=O)c5nccn5Cc6cccnc6)cc7cn[nH]c17,9.38
294,CHEMBL1090515,CN1C(=O)CN2C(=O)N(Cc3ccc4cc5C[C@]6(Cc5cc4n3)C(=O)Nc7ncccc67)c8cccc1c28,9.39
295,CHEMBL1770719,COC(C)(C)c1cnc2[C@@H](CC[C@H](Cn12)c3cccc(F)c3F)NC(=O)N4CCC5(CC4)C(=O)Nc6ncccc56,9.4
296,CHEMBL2431248,CN1C[C@](C)(N(CC(=O)Nc2ccc3C[C@]4(Cc3c2)C(=O)Nc5ncccc45)C(=O)C16CCCC6)c7cc(F)cc(F)c7,9.41
297,CHEMBL2430176,Cc1cc(CC(NC(=O)N2CCC(CC2)N3Cc4ccccc4NC3=O)c5nc(Br)cn5Cc6cc(F)cc(F)c6)cc7cn[nH]c17,9.41
298,CHEMBL2430178,Cc1cc(CC(NC(=O)N2CCC(CC2)N3Cc4ccccc4NC3=O)c5nccn5Cc6cc(F)cc(F)c6)cc7cn[nH]c17,9.41
299,CHEMBL2022608,Cc1cc(CC(OC(=O)N2CCC(CC2)N3Cc4ccccc4NC3=O)c5ccccn5)cc6c(Cl)n[nH]c16,9.41
300,CHEMBL1770714,COCc1cnc2[C@@H](CC[C@H](Cn12)c3cccc(F)c3F)NC(=O)N4CCC(CC4)N5C(=O)Nc6ncccc56,9.42
301,CHEMBL2024595,Cc1cc(CC(OC(=O)N2CCC(CC2)N3Cc4ccccc4NC3=O)c5cccc(Br)n5)cc6cn[nH]c16,9.42
302,CHEMBL2430174,Cc1cc(CC(NC(=O)N2CCC(CC2)N3Cc4ccccc4NC3=O)c5ncc(C)n5Cc6cccc(F)c6)cc7cn[nH]c17,9.43
303,CHEMBL3645138,CC(C)N1C(=O)N(Cc2cnc3cc4C[C@]5(Cc4cc3c2)C(=O)Nc6ncccc56)C7(CCCCCC7)C1=O,9.47
304,CHEMBL2018506,Cc1cc(CC(CC(=O)N2CCC3(CC2)NC(=O)Nc4ccccc34)C(=O)N5CCC(CC5)N6CCCCC6)cc7cn[nH]c17,9.47
305,CHEMBL2022598,CN(C)C(=O)c1ccnc(c1)C(Cc2cc(C)c3[nH]ncc3c2)OC(=O)N4CCC(CC4)N5Cc6ccccc6NC5=O,9.48
306,CHEMBL2018503,Cc1cc(CC(CC(=O)N2CCC3(CC2)OC(=O)Nc4ccccc34)C(=O)N5CCC(CC5)N6CCCCC6)cc7cn[nH]c17,9.48
307,CHEMBL2022607,Cc1cc(CC(OC(=O)N2CCC(CC2)N3Cc4ccccc4NC3=O)c5ccccn5)cc6c(Br)n[nH]c16,9.48
308,CHEMBL3114495,CC(C)N1CCN(CC1)c2c(F)cccc2C3SC(CC(=O)N4CCC(CC4)N5CCc6ccccc6NC5=O)C(=O)N3CCC(C)(C)C,9.52
309,CHEMBL1270484,CC1(C)CC[C@H](N(Cc2cnc3cc4C[C@]5(Cc4cc3c2)C(=O)Nc6ncccc56)C1=O)c7cc(F)cc(F)c7,9.52
310,CHEMBL1090848,CN1C(=O)NC(=O)[C@@]12Cc3cc4ccc(CN5C(=O)N6CC(=O)Nc7cccc5c67)nc4cc3C2,9.52
311,CHEMBL237662,COCCN1C[C@@H](CC[C@@H](NC(=O)N2CCC(CC2)N3C(=O)Nc4ncccc34)C1=O)c5cccc(F)c5F,9.52
312,CHEMBL2018508,Cc1cc(CC(CC(=O)N2CCC(CC2)C3=Cc4ccccc4NC3=O)C(=O)N5CCC(CC5)N6CCCCC6)cc7cn[nH]c17,9.52
313,CHEMBL3334624,Cc1cc(C[C@@H](OC(=O)N2CCC(CC2)N3CCc4ccccc4NC3=O)C(=O)N5CCC(CC5)N6CCOCC6)cc(C)c1O,9.52
314,CHEMBL1770725,CC(C)(O)c1cnc2[C@@H](CC[C@H](Cn12)c3cccc(F)c3F)NC(=O)N4CCC5(CC4)OC(=O)Nc6ncccc56,9.54
315,CHEMBL3645142,CC(C)N1C(=O)N(Cc2cnc3cc4C[C@]5(Cc4cc3c2)C(=O)Nc6ncccc56)C(C)(C1=O)c7ccccc7,9.55
316,CHEMBL564487,CC12CN(CC(=O)Nc3ccc4C[C@@]5(Cc4c3)C(=O)Nc6ncccc56)c7cccc(NC(=O)C1)c27,9.55
317,CHEMBL2023188,CN(C)C(=O)c1cc(Cl)nc(c1)C(Cc2cc(C)c3[nH]ncc3c2)OC(=O)N4CCC(CC4)C5=Cc6ccccc6NC5=O,9.55
318,CHEMBL2022600,Cc1cc(CC(OC(=O)N2CCC(CC2)N3Cc4ccccc4NC3=O)c5cc(ccn5)C(=O)N6CCCCC6)cc7cn[nH]c17,9.55
319,CHEMBL2336413,Clc1cc2NC(=O)Oc2cc1C[C@@H](NC(=O)N3CCC(CC3)N4Cc5ccccc5NC4=O)C(=O)N6CCC(CC6)N7CCCCC7,9.55
320,CHEMBL2022599,Cc1cc(CC(OC(=O)N2CCC(CC2)N3Cc4ccccc4NC3=O)c5cc(ccn5)c6ccncc6)cc7cn[nH]c17,9.57
321,CHEMBL2059853,O=C(N[C@H](Cc1ccc2NC(=O)Oc2c1)C(=O)N3CCC(CC3)N4CCCCC4)N5CCC(CC5)N6Cc7ccccc7NC6=O,9.57
322,CHEMBL570474,C[C@@H](N(CC(=O)Nc1ccc2C[C@@]3(Cc2c1)N(C)C(=O)NC3=O)C(=O)C(C)(C)C)c4cc(F)cc(F)c4,9.59
323,CHEMBL2430165,Cc1cc(CC(OC(=O)N2CCC(CC2)C3=Cc4ccccc4NC3=O)c5ncc6CN(Cc7ccccc7)CCn56)cc8cn[nH]c18,9.59
324,CHEMBL454751,O=C(N[C@H](Cc1ccc2[nH]ncc2c1)C(=O)N3CCC(CC3)N4CCCCC4)N5CCC(CC5)N6Cc7ccccc7NC6=O,9.59
325,CHEMBL2022604,Cc1cc(CC(OC(=O)N2CCC(CC2)C3=Cc4ccccc4NC3=O)c5cc(CN6CCCC6)ccn5)cc7cn[nH]c17,9.62
326,CHEMBL2022609,Cc1cc(CC(OC(=O)N2CCC(CC2)N3Cc4ccccc4NC3=O)c5ccccn5)cc6c(n[nH]c16)c7ccccc7,9.62
327,CHEMBL2336420,CC(C)c1cc(CC(NC(=O)N2CCC(CC2)N3Cc4ccccc4NC3=O)C(=O)N5CCC(CC5)N6CCCCC6)cc7cn[nH]c17,9.66
328,CHEMBL2430166,Cc1cc(CC(OC(=O)N2CCC(CC2)C3=Cc4ccccc4NC3=O)c5ncc6CN(CCn56)C7CCCCC7)cc8cn[nH]c18,9.66
329,CHEMBL517467,CN(C)C(=O)CN1C(=O)N(CC(=O)Nc2ccc3C[C@@]4(Cc3c2)C(=O)Nc5ncccc45)c6cc(C)cc(C)c16,9.68
330,CHEMBL2024603,Cc1cc(CC(OC(=O)N2CCC(CC2)N3Cc4ccccc4NC3=O)c5cc(C=O)ccn5)cc6cn[nH]c16,9.68
331,CHEMBL2018519,Cc1cc(C[C@@H](CC(=O)N2CCC(CC2)N3Cc4cccc(F)c4NC3=O)C(=O)N5CCC(CC5)N6CCCCC6)cc7cn[nH]c17,9.7
332,CHEMBL2430177,Cc1cc(CC(NC(=O)N2CCC(CC2)N3Cc4ccccc4NC3=O)c5nccn5Cc6ccc(cc6)C(C)(C)C)cc7cn[nH]c17,9.72
333,CHEMBL238276,Fc1cccc([C@@H]2CC[C@@H](NC(=O)N3CCC(CC3)N4C(=O)Nc5ncccc45)C(=O)N(CCOC(F)(F)F)C2)c1F,9.72
334,CHEMBL1770722,Fc1cccc([C@@H]2CC[C@@H](NC(=O)N3CCC4(CC3)OC(=O)Nc5ncccc45)c6nnc(CC(F)(F)F)n6C2)c1F,9.72
335,CHEMBL2018505,Cc1cc(CC(CC(=O)N2CCC(CC2)N3Cc4cccc(F)c4NC3=O)C(=O)N5CCC(CC5)N6CCCCC6)cc7cn[nH]c17,9.75
336,CHEMBL1770727,CC(C)(OCC(F)(F)F)c1cnc2[C@@H](CC[C@H](Cn12)c3cccc(F)c3F)NC(=O)N4CCC5(CC4)OC(=O)Nc6ncccc56,9.8
337,CHEMBL2022603,Cc1cc(CC(OC(=O)N2CCC(CC2)C3=Cc4ccccc4NC3=O)c5cc(CN6CCCCC6)ccn5)cc7cn[nH]c17,9.8
338,CHEMBL1269646,CC(C)(C)C(=O)N(C[C@@H]1CCc2ccccc12)Cc3cnc4nc5C[C@]6(Cc5cc4c3)C(=O)Nc7ncccc67,9.82
339,CHEMBL2018507,Cc1cc(CC(CC(=O)N2CCC(CC2)N3C=C(NC3=O)c4ccccc4)C(=O)N5CCC(CC5)N6CCCCC6)cc7cn[nH]c17,9.82
340,CHEMBL3288288,NCCCC[C@H](NC(=O)[C@@H](Cc1cc(Br)c(O)c(Br)c1)NC(=O)N2CCC(CC2)N3C(=O)Nc4ccccc4C3=O)C(=O)N5CCN(CC5)c6ccncc6,9.82
341,CHEMBL2336412,Brc1cc2NC(=O)Oc2cc1C[C@@H](NC(=O)N3CCC(CC3)N4Cc5ccccc5NC4=O)C(=O)N6CCC(CC6)N7CCCCC7,9.85
342,CHEMBL1770723,COCc1cnc2[C@@H](CC[C@H](Cn12)c3cccc(F)c3F)NC(=O)N4CCC5(CC4)OC(=O)Nc6ncccc56,9.85
343,CHEMBL3645139,Fc1cc(F)cc(c1)[C@@H]2CNC3(CCCC3)C(=O)N2Cc4cnc5cc6C[C@]7(Cc6cc5c4)C(=O)Nc8ncccc78,9.85
344,CHEMBL1770557,Fc1cccc([C@@H]2CC[C@@H](NC(=O)N3CCC(CC3)N4C(=O)Nc5ncccc45)c6ncc(CC(F)(F)F)n6C2)c1F,9.85
345,CHEMBL3099923,C[C@@H](N(C\C=C\c1cnc2C[C@]3(Cc2c1)C(=O)Nc4ncccc34)C(=O)C(C)(C)C)c5ccc(C)c(F)c5,9.89
346,CHEMBL2430169,Cc1cc(Cn2ccnc2C(Cc3cc(C)c4[nH]ncc4c3)NC(=O)N5CCC(CC5)N6Cc7ccccc7NC6=O)ccn1,9.89
347,CHEMBL570933,NCC12CC(=O)Nc3cccc(N(Cc4ccc5cc6C[C@@]7(Cc6cc5n4)C(=O)Nc8ncccc78)C1=O)c23,9.89
348,CHEMBL1089433,CC12CN(Cc3ccc4cc5C[C@]6(Cc5cc4n3)C(=O)Nc7ncccc67)c8cccc(NC(=O)C1)c28,9.92
349,CHEMBL1270391,C[C@@H](N(Cc1cnc2cc3C[C@]4(Cc3cc2c1)C(=O)Nc5ncccc45)C(=O)C(C)(C)C)c6cc(F)cc(F)c6,9.92
350,CHEMBL562069,O=C(Cn1cc2CC(=O)Nc3cccc1c23)Nc4ccc5C[C@@]6(Cc5c4)C(=O)Nc7ncccc67,9.92
351,CHEMBL1269645,CC(C)(C)C(=O)N(C[C@@H]1CCc2ccccc12)Cc3ccc4nc5C[C@]6(Cc5cc4c3)C(=O)Nc7ncccc67,9.96
352,CHEMBL2431255,CC1(C)NC[C@](C)(N(CC(=O)Nc2ccc3C[C@]4(Cc3c2)C(=O)Nc5ncccc45)C1=O)c6cc(F)cc(F)c6,9.96
353,CHEMBL2429882,CN1C[C@](C)(N(CC#Cc2ccc3C[C@]4(Cc3c2)C(=O)Nc5ncccc45)C(=O)C16CCCC6)c7cc(F)cc(F)c7,9.96
354,CHEMBL1270291,C[C@@H](N(Cc1cnc2cc3C[C@]4(Cc3cc2c1)C(=O)Nc5ncccc45)C(=O)C(C)(C)C)c6ccccc6,10.0
355,CHEMBL2022601,Cc1cc(CC(OC(=O)N2CCC(CC2)N3Cc4ccccc4NC3=O)c5cc(CN6CCCCC6)ccn5)cc7cn[nH]c17,10.0
356,CHEMBL2022606,Cc1cc(CC(OC(=O)N2CCC(CC2)C3=Cc4ccccc4NC3=O)c5cc(CN6CCCCCC6)ccn5)cc7cn[nH]c17,10.02
357,CHEMBL2023190,CN(C)C(=O)c1cc(Cl)nc(c1)C(Cc2cc(C)c3[nH]ncc3c2)OC(=O)N4CCC(CC4)N5CCc6ccccc6NC5=O,10.03
358,CHEMBL2431252,CN1C[C@](C)(N(C\C=C\c2ccc3C[C@]4(Cc3c2)C(=O)Nc5ncccc45)C(=O)C16CCCC6)c7cc(F)cc(F)c7,10.03
359,CHEMBL2178424,O[C@H]1[C@@H](CC[C@@H](OC(=O)N2CCC(CC2)N3C(=O)Nc4ncccc34)c5ncccc15)c6cccc(F)c6F,10.09
360,CHEMBL2023189,CN(C)C(=O)c1cc(Cl)nc(c1)[C@@H](Cc2cc(C)c3[nH]ncc3c2)OC(=O)N4CCC(CC4)C5=Cc6ccccc6NC5=O,10.11
361,CHEMBL2430167,Cc1cc(Cn2ccnc2C(Cc3cc(C)c4[nH]ncc4c3)NC(=O)N5CCC(CC5)N6Cc7ccccc7NC6=O)cc(Cl)n1,10.11
362,CHEMBL2018504,Cc1cc(CC(CC(=O)N2CCC(CC2)N3Cc4ccccc4NC3=O)C(=O)N5CCC(CC5)N6CCCCC6)cc7cn[nH]c17,10.13
363,CHEMBL1092208,CCC12CN(Cc3ccc4cc5C[C@]6(Cc5cc4n3)C(=O)Nc7ncccc67)c8cccc(NC(=O)C1)c28,10.14
364,CHEMBL2023191,CN(C)C(=O)c1cc(Cl)nc(c1)C(Cc2cc(C)c3[nH]ncc3c2)OC(=O)N4CCC(CC4)N5C(=O)Nc6ncccc56,10.15
365,CHEMBL1770720,Fc1cccc([C@@H]2CC[C@@H](NC(=O)N3CCC4(CC3)OC(=O)Nc5ncccc45)c6ncc(CC(F)(F)F)n6C2)c1F,10.15
366,CHEMBL2063115,Fc1cccc([C@@H]2CC[C@@H](OC(=O)N3CCC(CC3)N4C(=O)Nc5ncccc45)c6ncccc6C2)c1F,10.15
367,CHEMBL2178420,Fc1cccc([C@@H]2CC[C@@H](OC(=O)N3CCC(CC3)N4C(=O)Nc5ncccc45)c6ncccc6[C@H]2N=[N+]=[N-])c1F,10.18
368,CHEMBL3648344,C[C@@H](N(C\C=C\c1cnc2C[C@]3(Cc2c1)C(=O)Nc4ncccc34)C(=O)C(C)(C)CCl)c5cc(F)cc(F)c5,10.19
369,CHEMBL3645143,CN1C[C@](C)(N(Cc2cnc3cc4C[C@]5(Cc4cc3c2)C(=O)Nc6ncccc56)C(=O)C17CCCC7)c8cc(F)cc(F)c8,10.21
370,CHEMBL2018517,Cc1cc(C[C@@H](CC(=O)N2CCC(CC2)N3Cc4ccccc4NC3=O)C(=O)N5CCC(CC5)N6CCCCC6)cc7cn[nH]c17,10.22
371,CHEMBL197529,NCCCC[C@@H](NC(=O)[C@H](Cc1cc(Br)c(O)c(Br)c1)NC(=O)N2CCC(CC2)N3Cc4ccccc4NC3=O)C(=O)N5CCN(CC5)c6ccncc6,10.22
372,CHEMBL3645137,CC(C)N1C(=O)N(Cc2cnc3cc4C[C@]5(Cc4cc3c2)C(=O)Nc6ncccc56)C7(CCCc8ccccc78)C1=O,10.24
373,CHEMBL2431247,CN1C[C@](C)(N(CC(=O)Nc2ccc3C[C@]4(Cc3c2)C(=O)Nc5ncccc45)C(=O)C1(C)C)c6cc(F)cc(F)c6,10.25
374,CHEMBL2336415,Ic1cc(C[C@@H](NC(=O)N2CCC(CC2)N3Cc4ccccc4NC3=O)C(=O)N5CCC(CC5)N6CCCCC6)cc7OC(=O)Nc17,10.26
375,CHEMBL2035983,C[C@]1(CNC2(CCCC2)C(=O)N1CC(=O)Nc3cnc4C[C@]5(Cc4c3)C(=O)Nc6ncccc56)c7cc(F)cc(F)c7,10.28
376,CHEMBL1770726,CCOC(C)(C)c1cnc2[C@@H](CC[C@H](Cn12)c3cccc(F)c3F)NC(=O)N4CCC5(CC4)OC(=O)Nc6ncccc56,10.3
377,CHEMBL1770724,COC(C)(C)c1cnc2[C@@H](CC[C@H](Cn12)c3cccc(F)c3F)NC(=O)N4CCC5(CC4)OC(=O)Nc6ncccc56,10.3
378,CHEMBL3099925,C[C@@H](N(C\C=C\c1cnc2C[C@]3(Cc2c1)C(=O)Nc4ncccc34)C(=O)C5(CC5)C(F)(F)F)c6cc(F)cc(F)c6,10.3
379,CHEMBL408415,NCCCC[C@@H](NC(=O)[C@H](Cc1cc(Br)c(O)c(Br)c1)NC(=O)N2CCC(CC2)n3cc(nc3O)c4ccccc4)C(=O)N5CCN(CC5)c6ccncc6,10.3
380,CHEMBL2336419,CCc1cc(CC(NC(=O)N2CCC(CC2)N3Cc4ccccc4NC3=O)C(=O)N5CCC(CC5)N6CCCCC6)cc7c(C)n[nH]c17,10.32
381,CHEMBL2431251,CN1C[C@](C)(N(CCCc2cnc3C[C@]4(Cc3c2)C(=O)Nc5ncccc45)C(=O)C16CCCC6)c7cc(F)cc(F)c7,10.35
382,CHEMBL3648345,C[C@@H](N(C\C=C\c1cnc2C[C@]3(Cc2c1)C(=O)Nc4ncccc34)C(=O)C(C)(C)CF)c5cc(F)cc(F)c5,10.39
383,CHEMBL1770715,COC(C)(C)c1cnc2[C@@H](CC[C@H](Cn12)c3cccc(F)c3F)NC(=O)N4CCC(CC4)N5C(=O)Nc6ncccc56,10.4
384,CHEMBL2035981,C[C@]1(CNC2(CCCC2)C(=O)N1CC(=O)Nc3ccc4C[C@]5(Cc4c3)C(=O)Nc6ncccc56)c7cc(F)cc(F)c7,10.4
385,CHEMBL512773,O=C(CN1C(=O)N2CC(=O)Nc3cccc1c23)Nc4ccc5C[C@@]6(Cc5c4)C(=O)Nc7ncccc67,10.4
386,CHEMBL1770728,CCC(CC)(OC)c1cnc2[C@@H](CC[C@H](Cn12)c3cccc(F)c3F)NC(=O)N4CCC5(CC4)OC(=O)Nc6ncccc56,10.41
387,CHEMBL2336417,Clc1cc(C[C@@H](NC(=O)N2CCC(CC2)N3Cc4ccccc4NC3=O)C(=O)N5CCC(CC5)N6CCCCC6)cc7OC(=O)Nc17,10.41
388,CHEMBL1269644,CC(C)(C)C(=O)N(C[C@@H]1CCc2ccccc12)Cc3cnc4cc5C[C@]6(Cc5cc4c3)C(=O)Nc7ncccc67,10.43
389,CHEMBL1770729,CC1(CCCO1)c2cnc3[C@@H](CC[C@H](Cn23)c4cccc(F)c4F)NC(=O)N5CCC6(CC5)OC(=O)Nc7ncccc67,10.44
390,CHEMBL585568,CC1(C)CC[C@H](N(CC(=O)Nc2ccc3C[C@@]4(Cc3c2)C(=O)Nc5ncccc45)C1=O)c6c(F)cccc6F,10.46
391,CHEMBL2431254,CC1(C)NC[C@H](N(CC(=O)Nc2ccc3C[C@]4(Cc3c2)C(=O)Nc5ncccc45)C1=O)c6cc(F)cc(F)c6,10.47
392,CHEMBL2336418,Cc1cc(C[C@@H](NC(=O)N2CCC(CC2)N3Cc4ccccc4NC3=O)C(=O)N5CCC(CC5)N6CCCCC6)c(Cl)c7cn[nH]c17,10.49
393,CHEMBL2178422,N[C@H]1[C@@H](CC[C@@H](OC(=O)N2CCC(CC2)N3C(=O)Nc4ncccc34)c5ncccc15)c6cccc(F)c6F,10.57
394,CHEMBL450668,Cc1cc(C[C@@H](NC(=O)N2CCC(CC2)N3Cc4cccc(F)c4NC3=O)C(=O)N5CCC(CC5)N6CCCCC6)cc7cn[nH]c17,10.59
395,CHEMBL2336416,Brc1cc(C[C@@H](NC(=O)N2CCC(CC2)N3Cc4ccccc4NC3=O)C(=O)N5CCC(CC5)N6CCCCC6)cc7OC(=O)Nc17,10.64
396,CHEMBL2397415,CN1CCC(CC1)N2CCN(CC2)C(=O)[C@@H](Cc3cc(C)c4[nH]ncc4c3)NC(=O)N5CCC(CC5)C6=Cc7ccccc7NC6=O,10.64
397,CHEMBL1092882,O=C1CN2C(=O)N(Cc3ccc4cc5C[C@]6(Cc5cc4n3)C(=O)Nc7ncccc67)c8cccc(N1)c28,10.64
398,CHEMBL2431256,CN1C[C@H](N(CC(=O)Nc2ccc3C[C@]4(Cc3c2)C(=O)Nc5ncccc45)C(=O)C1(C)C)c6cc(F)cc(F)c6,10.66
399,CHEMBL2431253,CN1C[C@](C)(N(C\C=C\c2cnc3C[C@]4(Cc3c2)C(=O)Nc5ncccc45)C(=O)C16CCCC6)c7cc(F)cc(F)c7,10.68
400,CHEMBL1910936,Fc1cc(F)cc(c1)[C@@H]2CNC3(CCCC3)C(=O)N2CC(=O)Nc4ccc5C[C@]6(Cc5c4)C(=O)Nc7ncccc67,10.68
401,CHEMBL2431246,CN1C[C@](C)(N(CC#Cc2cnc3C[C@]4(Cc3c2)C(=O)Nc5ncccc45)C(=O)C16CCCC6)c7cc(F)cc(F)c7,10.72
402,CHEMBL2431249,CN1C[C@](C)(N(CC(=O)Nc2cnc3C[C@]4(Cc3c2)C(=O)Nc5ncccc45)C(=O)C16CCCC6)c7cc(F)cc(F)c7,10.77
403,CHEMBL454791,Cc1cc(C[C@@H](NC(=O)N2CCC(CC2)N3Cc4ccccc4NC3=O)C(=O)N5CCC(CC5)N6CCCCC6)cc7cn[nH]c17,10.77
404,CHEMBL2336411,Cc1cc(C[C@@H](NC(=O)N2CCC(CC2)N3Cc4ccccc4NC3=O)C(=O)N5CCC(CC5)N6CCCCC6)cc7nn[nH]c17,10.82
405,CHEMBL2336424,Cc1cc(CC(NC(=O)N2CCC(CC2)N3Cc4ccccc4NC3=O)C(=O)N5CCC(CC5)N6CCCCC6)cc7cn[nH]c17,10.92
406,CHEMBL2336422,Clc1cc(CC(NC(=O)N2CCC(CC2)N3Cc4ccccc4NC3=O)C(=O)N5CCC(CC5)N6CCCCC6)cc7cn[nH]c17,10.96
0,CHEMBL329678,CCC1CN2CCC1CC2[C@H](O)c3cc(nc4ccc(OC)cc34)c5cccc(c5)[N+](=O)[O-],4.39
2,CHEMBL316211,CCC1CN2CCC1CC2[C@H](O)c3cc(nc4ccc(OC)cc34)c5ccccc5,4.02
3,CHEMBL88111,CCC1CN2CCC1CC2[C@H](O)c3cc(nc4ccc(OC)cc34)c5ccc6OCOc6c5,4.13
5,CHEMBL88441,CCC1CN2CCC1CC2[C@H](O)c3cc(nc4ccc(OC)cc34)c5ccc(Oc6ccccc6)cc5,4.92
7,CHEMBL313797,CCC1CN2CCC1CC2[C@H](O)c3cc(nc4ccc(OC)cc34)c5ccc(F)c(Cl)c5,4.77
8,CHEMBL87174,CCC1CN2CCC1CC2[C@H](O)c3cc(nc4ccc(OC)cc34)c5cccc6ccccc56,4.48
9,CHEMBL419684,CCC1CN2CCC1CC2[C@H](O)c3cc(nc4ccc(OC)cc34)c5ccc(Cl)cc5,5.23
11,CHEMBL314992,CCC1CN2CCC1CC2[C@H](O)c3cc(nc4ccc(OC)cc34)c5ccc(cc5)C(F)(F)F,5.28
12,CHEMBL89148,CCC1CN2CCC1CC2[C@H](O)c3cc(nc4ccc(OC)cc34)c5cccc(c5)C(F)(F)F,5.0
13,CHEMBL88582,CCC1CN2CCC1CC2[C@H](O)c3cc(nc4ccc(OC)cc34)c5ccc(Cl)cc5Cl,4.43
14,CHEMBL3037882,CC(C)C[C@H](NC(=O)CNC(=O)[C@H](C)NC(=O)[C@H](CC(C)C)NC(=O)[C@H](CCCN=C(N)N)NC(=O)[C@H](Cc1c[nH]cn1)NC(=O)[C@@H](NC(=O)[C@@H](NC(=O)[C@H](CS)NC(=O)[C@@H](NC(=O)[C@H](C)NC(=O)[C@@H](NC(=O)[C@H](CC(=O)O)NC(=O)[C@H](CS)NC(=O)[C@H](C)N)[C@@H](C)O)[C@@H](C)O)C(C)C)[C@@H](C)O)C(=O)N[C@@H](CC(=O)N)C(=O)N[C@@H](CO)C(=O)N[C@@H](CCCN=C(N)N)C(=O)N[C@@H](CO)C(=O)NCC(=O)NCC(=O)N[C@@H](C(C)C)C(=O)N[C@@H](C(C)C)C(=O)N[C@@H](CCCCN)C(=O)N[C@@H](CC(=O)N)C(=O)N[C@@H](CC(=O)N)C(=O)N[C@@H](Cc2ccccc2)C(=O)N[C@@H](C(C)C)C(=O)N3CCC[C@@H]3C(=O)N[C@@H]([C@@H](C)O)C(=O)N[C@@H](CC(=O)N)C(=O)N[C@@H](C(C)C)C(=O)NCC(=O)N[C@@H](CO)C(=O)N[C@@H](CCCCN)C(=O)N[C@@H](C)C(=O)N[C@@H](Cc4ccccc4)C(=O)O,8.7
16,CHEMBL1794015,CC(C)C[C@H](NC(=O)COCCOCCNC(=O)[C@@H](NC(=O)[C@H](CS)NC(=O)[C@@H](NC(=O)[C@H](C)NC(=O)[C@@H](NC(=O)[C@H](CC(=O)O)NC(=O)[C@H](CS)NC(=O)[C@H](C)N)[C@H](C)O)[C@H](C)O)C(C)C)C(=O)N[C@@H](CO)C(=O)N[C@@H](CCCN=C(N)N)C(=O)N[C@@H](CO)C(=O)NCC(=O)NCC(=O)N[C@H](C(C)C)C(=O)N[C@H](C(C)C)C(=O)N[C@H](CCCCN)C(=O)N[C@H](CC(=O)N)C(=O)N[C@H](CC(=O)N)C(=O)N[C@@H](Cc1ccccc1)C(=O)N[C@@H](C(C)C)C(=O)N2CCC[C@@H]2C(=O)N[C@H]([C@@H](C)O)C(=O)N[C@@H](CC(=O)N)C(=O)N[C@@H](C(C)C)C(=O)NCC(=O)N[C@@H](CO)C(=O)N[C@@H](CCCCN)C(=O)N[C@@H](C)C(=O)N[C@@H](Cc3ccccc3)C(=O)O,6.73
18,CHEMBL2369742,CC(C)[C@H](NC(=O)CNC(=O)CNC(=O)[C@H](CO)NC(=O)[C@H](CCCN=C(N)N)NC(=O)[C@@H](NC(=O)[C@H](CCCN=C(N)N)NC(=O)[C@@H](NC(=O)[C@H](Cc1c[nH]cn1)NC(=O)[C@@H](NC(=O)[C@H](CS)NC(=O)[C@@H](NC(=O)[C@H](C)NC(=O)[C@@H](NC(=O)[C@H](CC(=O)O)NC(=O)[C@H](CS)NC(=O)[C@H](C)N)[C@@H](C)O)[C@@H](C)O)C(C)C)C(C)C)C(C)C)C(=O)N[C@@H](C(C)C)C(=O)N[C@@H](CCCCN)C(=O)N[C@@H](CC(=O)N)C(=O)N[C@@H](CC(=O)N)C(=O)N[C@@H](Cc2ccccc2)C(=O)N[C@@H](C(C)C)C(=O)N3CCC[C@@H]3C(=O)N[C@@H]([C@@H](C)O)C(=O)N[C@@H](CC(=O)N)C(=O)N[C@@H](C(C)C)C(=O)NCC(=O)N[C@@H](CO)C(=O)N[C@@H](CCCCN)C(=O)N[C@@H](C)C(=O)N[C@@H](Cc4ccccc4)C(=O)N,8.4
20,CHEMBL2369452,CC(C)C[C@H](NC(=O)CNC(=O)[C@H](C)NC(=O)[C@H](CC(C)C)NC(=O)[C@H](CCCN=C(N)N)NC(=O)[C@@H](N)Cc1c[nH]cn1)C(=O)N[C@@H](CC(C)C)C(=O)N[C@@H](CO)C(=O)N[C@@H](CCCN=C(N)N)C(=O)N[C@@H](CO)C(=O)NCC(=O)NCC(=O)N[C@@H](C(C)C)C(=O)N[C@@H](C(C)C)C(=O)N[C@@H](CCCCN)C(=O)N[C@@H](CC(=O)N)C(=O)N[C@@H](CC(=O)N)C(=O)N[C@@H](Cc2ccccc2)C(=O)N[C@@H](C(C)C)C(=O)N3CCC[C@H]3C(=O)N[C@@H]([C@@H](C)O)C(=O)N[C@@H](CC(=O)N)C(=O)N[C@@H](C(C)C)C(=O)NCC(=O)N[C@@H](CO)C(=O)N[C@@H](CCCCN)C(=O)N[C@@H](C)C(=O)N[C@@H](Cc4ccccc4)C(=O)N,8.05
24,CHEMBL2369457,CC(C)C[C@H](NC(=O)CNC(=O)[C@H](C)NC(=O)[C@H](C)NC(=O)[C@H](CCCN=C(N)N)NC(=O)[C@H](Cc1c[nH]cn1)NC(=O)[C@@H](NC(=O)[C@@H](N)C(C)C)[C@@H](C)O)C(=O)N[C@@H](CC(C)C)C(=O)N[C@@H](CO)C(=O)N[C@@H](CCCN=C(N)N)C(=O)N[C@@H](CO)C(=O)NCC(=O)NCC(=O)N[C@@H](C(C)C)C(=O)N[C@@H](C(C)C)C(=O)N[C@@H](CCCCN)C(=O)N[C@@H](CC(=O)N)C(=O)N[C@@H](CC(=O)N)C(=O)N[C@@H](Cc2ccccc2)C(=O)N[C@@H](C(C)C)C(=O)N3CCC[C@H]3C(=O)N[C@@H]([C@@H](C)O)C(=O)N[C@@H](CC(=O)N)C(=O)N[C@@H](C(C)C)C(=O)NCC(=O)N[C@@H](CO)C(=O)N[C@@H](CCCCN)C(=O)N[C@@H](C)C(=O)N[C@@H](Cc4ccccc4)C(=O)N,7.95
28,CHEMBL2369465,CC(C)C[C@H](NC(=O)CNC(=O)[C@H](C)NC(=O)[C@H](CC(C)C)NC(=O)[C@H](C)NC(=O)[C@H](Cc1c[nH]cn1)NC(=O)[C@@H](NC(=O)[C@@H](N)C(C)C)[C@@H](C)O)C(=O)N[C@@H](CC(C)C)C(=O)N[C@@H](CO)C(=O)N[C@@H](CCCN=C(N)N)C(=O)N[C@@H](CO)C(=O)NCC(=O)NCC(=O)N[C@@H](C(C)C)C(=O)N[C@@H](C(C)C)C(=O)N[C@@H](CCCCN)C(=O)N[C@@H](CC(=O)N)C(=O)N[C@@H](CC(=O)N)C(=O)N[C@@H](Cc2ccccc2)C(=O)N[C@@H](C(C)C)C(=O)N3CCC[C@H]3C(=O)N[C@@H]([C@@H](C)O)C(=O)N[C@@H](CC(=O)N)C(=O)N[C@@H](C(C)C)C(=O)NCC(=O)N[C@@H](CO)C(=O)N[C@@H](CCCCN)C(=O)N[C@@H](C)C(=O)N[C@@H](Cc4ccccc4)C(=O)N,7.6
32,CHEMBL2369463,CC(C)C[C@H](NC(=O)CNC(=O)[C@H](C)NC(=O)[C@H](CC(C)C)NC(=O)[C@H](CCCN=C(N)N)NC(=O)[C@H](Cc1c[nH]cn1)NC(=O)[C@@H](N)[C@@H](C)O)C(=O)N[C@@H](CC(C)C)C(=O)N[C@@H](CO)C(=O)N[C@@H](CCCN=C(N)N)C(=O)N[C@@H](CO)C(=O)NCC(=O)NCC(=O)N[C@@H](C(C)C)C(=O)N[C@@H](C(C)C)C(=O)N[C@@H](CCCCN)C(=O)N[C@@H](CC(=O)N)C(=O)N[C@@H](CC(=O)N)C(=O)N[C@@H](Cc2ccccc2)C(=O)N[C@@H](C(C)C)C(=O)N3CCC[C@H]3C(=O)N[C@@H]([C@@H](C)O)C(=O)N[C@@H](CC(=O)N)C(=O)N[C@@H](C(C)C)C(=O)NCC(=O)N[C@@H](CO)C(=O)N[C@@H](CCCCN)C(=O)N[C@@H](C)C(=O)N[C@@H](Cc4ccccc4)C(=O)N,8.64
36,CHEMBL525571,CC(C)C[C@H](NC(=O)CNC(=O)[C@H](C)NC(=O)[C@H](CC(C)C)NC(=O)[C@H](CCCNC(=N)N)NC(=O)[C@H](Cc1cnc[nH]1)NC(=O)[C@@H](NC(=O)[C@@H](N)C(C)C)[C@@H](C)O)C(=O)N[C@@H](CC(C)C)C(=O)N[C@@H](CO)C(=O)N[C@@H](CCCNC(=N)N)C(=O)N[C@@H](CO)C(=O)NCC(=O)NCC(=O)N[C@@H](C(C)C)C(=O)N[C@@H](C(C)C)C(=O)N[C@@H](CCCCN)C(=O)N[C@@H](CC(=O)N)C(=O)N[C@@H](CC(=O)N)C(=O)N[C@@H](Cc2ccccc2)C(=O)N[C@@H](C(C)C)C(=O)N3CCC[C@H]3C(=O)N[C@@H]([C@@H](C)O)C(=O)N[C@@H](CC(=O)N)C(=O)N[C@@H](C(C)C)C(=O)NCC(=O)N[C@@H](CO)C(=O)N[C@@H](CCCCN)C(=O)N[C@@H](C)C(=O)N[C@@H](Cc4ccccc4)C(=O)N,8.64
40,CHEMBL2369458,CC(C)C[C@H](NC(=O)CNC(=O)[C@H](C)NC(=O)[C@H](CC(C)C)NC(=O)[C@H](CCCN=C(N)N)NC(=O)[C@H](Cc1c[nH]cn1)NC(=O)[C@H](C)NC(=O)[C@@H](N)C(C)C)C(=O)N[C@@H](CC(C)C)C(=O)N[C@@H](CO)C(=O)N[C@@H](CCCN=C(N)N)C(=O)N[C@@H](CO)C(=O)NCC(=O)NCC(=O)N[C@@H](C(C)C)C(=O)N[C@@H](C(C)C)C(=O)N[C@@H](CCCCN)C(=O)N[C@@H](CC(=O)N)C(=O)N[C@@H](CC(=O)N)C(=O)N[C@@H](Cc2ccccc2)C(=O)N[C@@H](C(C)C)C(=O)N3CCC[C@H]3C(=O)N[C@@H]([C@@H](C)O)C(=O)N[C@@H](CC(=O)N)C(=O)N[C@@H](C(C)C)C(=O)NCC(=O)N[C@@H](CO)C(=O)N[C@@H](CCCCN)C(=O)N[C@@H](C)C(=O)N[C@@H](Cc4ccccc4)C(=O)N,8.16
44,CHEMBL2369459,CC(C)C[C@H](NC(=O)CNC(=O)[C@H](C)NC(=O)[C@H](CC(C)C)NC(=O)[C@H](CCCN=C(N)N)NC(=O)[C@H](Cc1c[nH]cn1)NC(=O)[C@@H](NC(=O)[C@@H](NC(=O)[C@@H]2CSSC[C@H](NC(=O)[C@@H](C)N)C(=O)N[C@H](CC(=O)O)C(=O)N[C@@H]([C@@H](C)O)C(=O)N[C@H](C)C(=O)N[C@@H]([C@@H](C)O)C(=O)N2)C(C)C)[C@@H](C)O)C(=O)N[C@@H](CC(C)C)C(=O)N[C@@H](CO)C(=O)N[C@@H](CCCN=C(N)N)C(=O)N[C@@H](CO)C(=O)NCC(=O)NCC(=O)N[C@@H](C(C)C)C(=O)N[C@@H](C(C)C)C(=O)N[C@@H](CCCCN)C(=O)N[C@@H](CC(=O)N)C(=O)N[C@@H](CC(=O)N)C(=O)N[C@@H](Cc3ccccc3)C(=O)N[C@@H](C(C)C)C(=O)N4CCC[C@H]4C(=O)N[C@@H]([C@@H](C)O)C(=O)N[C@@H](CC(=O)N)C(=O)N[C@@H](C(C)C)C(=O)NCC(=O)N[C@@H](CO)C(=O)N[C@@H](CCCCN)C(=O)N[C@@H](C)C(=O)N[C@@H](Cc5ccccc5)C(=O)N,8.7
48,CHEMBL2369464,CC(C)C[C@H](NC(=O)CNC(=O)[C@H](C)NC(=O)[C@H](CC(C)C)NC(=O)[C@@H](N)CCCN=C(N)N)C(=O)N[C@@H](CC(C)C)C(=O)N[C@@H](CO)C(=O)N[C@@H](CCCN=C(N)N)C(=O)N[C@@H](CO)C(=O)NCC(=O)NCC(=O)N[C@@H](C(C)C)C(=O)N[C@@H](C(C)C)C(=O)N[C@@H](CCCCN)C(=O)N[C@@H](CC(=O)N)C(=O)N[C@@H](CC(=O)N)C(=O)N[C@@H](Cc1ccccc1)C(=O)N[C@@H](C(C)C)C(=O)N2CCC[C@H]2C(=O)N[C@@H]([C@@H](C)O)C(=O)N[C@@H](CC(=O)N)C(=O)N[C@@H](C(C)C)C(=O)NCC(=O)N[C@@H](CO)C(=O)N[C@@H](CCCCN)C(=O)N[C@@H](C)C(=O)N[C@@H](Cc3ccccc3)C(=O)N,7.7
52,CHEMBL2369454,CC(C)C[C@H](NC(=O)CNC(=O)[C@H](C)NC(=O)[C@H](CC(C)C)NC(=O)[C@H](CCCN=C(N)N)NC(=O)[C@H](C)NC(=O)[C@@H](NC(=O)[C@@H](N)C(C)C)[C@@H](C)O)C(=O)N[C@@H](CC(C)C)C(=O)N[C@@H](CO)C(=O)N[C@@H](CCCN=C(N)N)C(=O)N[C@@H](CO)C(=O)NCC(=O)NCC(=O)N[C@@H](C(C)C)C(=O)N[C@@H](C(C)C)C(=O)N[C@@H](CCCCN)C(=O)N[C@@H](CC(=O)N)C(=O)N[C@@H](CC(=O)N)C(=O)N[C@@H](Cc1ccccc1)C(=O)N[C@@H](C(C)C)C(=O)N2CCC[C@H]2C(=O)N[C@@H]([C@@H](C)O)C(=O)N[C@@H](CC(=O)N)C(=O)N[C@@H](C(C)C)C(=O)NCC(=O)N[C@@H](CO)C(=O)N[C@@H](CCCCN)C(=O)N[C@@H](C)C(=O)N[C@@H](Cc3ccccc3)C(=O)N,8.52
57,CHEMBL404977,CC(C)[C@H](NC(=O)[C@H](CC(=O)N)NC(=O)[C@@H](NC(=O)[C@@H]1CCCN1C(=O)[C@@H](NC(=O)[C@H](C)N)C(C)C)[C@@H](C)O)C(=O)NCC(=O)N[C@@H](CO)C(=O)N[C@@H](CCC(=O)O)C(=O)N[C@@H](C)C(=O)N[C@@H](Cc2ccccc2)C(=O)O,4.62
60,CHEMBL216710,CC(C)[C@H](NC(=O)[C@H](CC(=O)O)NC(=O)[C@@H](NC(=O)[C@@H]1CCCN1C(=O)[C@@H](NC(=O)[C@@H](N)Cc2ccccc2)C(C)C)[C@@H](C)O)C(=O)NCC(=O)N[C@@H](CO)C(=O)N[C@@H](CCC(=O)N)C(=O)N[C@@H](C)C(=O)N[C@@H](Cc3ccccc3)C(=O)O,5.92
61,CHEMBL440990,CC(C)[C@H](NC(=O)[C@H](CC(=O)N)NC(=O)[C@@H](NC(=O)[C@@H]1CCCN1C(=O)[C@@H](NC(=O)[C@@H](N)Cc2ccc(O)cc2)C(C)C)[C@@H](C)O)C(=O)NCC(=O)N[C@@H](CO)C(=O)N[C@@H](CCC(=O)O)C(=O)N[C@@H](C)C(=O)N[C@@H](Cc3ccccc3)C(=O)O,5.52
62,CHEMBL406587,CC(C)[C@H](NC(=O)[C@@H]1CCCN1C(=O)[C@@H](NC(=O)[C@@H]2CCCN2C(=O)[C@@H](NC(=O)[C@@H](N)Cc3ccccc3)C(C)C)[C@@H](C)O)C(=O)NCC(=O)N[C@@H](CO)C(=O)N[C@@H](CCC(=O)O)C(=O)N[C@@H](C)C(=O)N[C@@H](Cc4ccccc4)C(=O)O,5.35
65,CHEMBL262749,CC(C)[C@H](NC(=O)[C@H](CC(=O)N)NC(=O)[C@@H](NC(=O)[C@@H]1CCCN1C(=O)[C@@H](NC(=O)[C@H](Cc2ccccc2)NC(=O)C)C(C)C)[C@@H](C)O)C(=O)NCC(=O)N[C@@H](CO)C(=O)N[C@@H](CCC(=O)O)C(=O)N[C@@H](C)C(=O)N[C@@H](Cc3ccccc3)C(=O)O,5.35
66,CHEMBL409205,CC(C)[C@H](NC(=O)[C@H](CC(=O)N)NC(=O)[C@@H](NC(=O)[C@@H]1CCCN1C(=O)[C@@H](NC(=O)[C@H](Cc2ccccc2)NC(=O)[C@@H](N)CC(=O)N)C(C)C)[C@@H](C)O)C(=O)NCC(=O)N[C@@H](CO)C(=O)N[C@@H](CCC(=O)N)C(=O)NCC(=O)N[C@@H](Cc3ccc(O)cc3)C(=O)O,5.0
67,CHEMBL404978,CC(C)[C@H](NC(=O)[C@H](CC(=O)N)NC(=O)[C@@H](NC(=O)[C@@H]1CCCN1C(=O)[C@@H](NC(=O)[C@@H](N)Cc2ccc(O)cc2)C(C)C)[C@@H](C)O)C(=O)NCC(=O)N[C@@H](C)C(=O)N[C@@H](CCC(=O)O)C(=O)N[C@@H](C)C(=O)N[C@@H](Cc3ccccc3)C(=O)O,5.4
68,CHEMBL269328,CC(C)[C@H](NC(=O)[C@H](CC(=O)N)NC(=O)[C@@H](NC(=O)[C@@H]1CCCN1C(=O)[C@@H](NC(=O)[C@@H](N)Cc2ccc(O)cc2)C(C)C)[C@@H](C)O)C(=O)NCC(=O)N[C@@H](CO)C(=O)N[C@@H](Cc3c[nH]cn3)C(=O)N[C@@H](C)C(=O)N[C@@H](Cc4ccccc4)C(=O)O,5.37
69,CHEMBL20034,CC(C)[C@H](NC(=O)[C@H](CC(=O)O)NC(=O)[C@@H](NC(=O)[C@@H]1CCCN1)[C@@H](C)O)C(=O)NCC(=O)N[C@@H](C)C(=O)N[C@@H](Cc2ccccc2)C(=O)N[C@@H](C)C(=O)N[C@@H](Cc3ccccc3)C(=O)O,6.66
70,CHEMBL411804,CC(C)[C@H](NC(=O)[C@H](CC(=O)O)NC(=O)[C@@H](NC(=O)[C@@H]1CCCN1C(=O)[C@@H](NC(=O)[C@@H](N)Cc2ccccc2)C(C)C)[C@@H](C)O)C(=O)NCC(=O)NC(C)(C)C(=O)N[C@@H](Cc3ccccc3)C(=O)N[C@@H](C)C(=O)N[C@@H](Cc4ccccc4)C(=O)O,6.77
73,CHEMBL267182,CC[C@H](C)[C@H](NC(=O)[C@H](CCCCN)NC(=O)[C@H](CO)NC(=O)[C@H](CCCN=C(N)N)NC(=O)[C@@H]1CCCN1C(=O)[C@H](C)NC(=O)[C@@H](NC(=O)[C@@H](N)CC(=O)N)C(C)C)C(=O)N[C@@H](CO)C(=O)N2CCC[C@H]2C(=O)N[C@@H](CCC(=O)O)C(=O)N[C@@H](C)C(=O)N[C@@H](Cc3ccccc3)C(=O)O,5.0
74,CHEMBL410354,CC(C)[C@H](NC(=O)[C@H](CC(=O)N)NC(=O)[C@@H](NC(=O)[C@@H]1CCCN1C(=O)[C@@H](NC(=O)[C@H](N)Cc2ccc(O)cc2)C(C)C)[C@@H](C)O)C(=O)NCC(=O)N[C@@H](CO)C(=O)N[C@@H](CCC(=O)O)C(=O)N[C@@H](C)C(=O)N[C@@H](Cc3ccccc3)C(=O)O,4.1
75,CHEMBL216101,CC(C)[C@H](NC(=O)[C@H](CC(=O)O)NC(=O)[C@@H](NC(=O)[C@@H]1CCCN1C(=O)[C@@H](NC(=O)[C@@H](N)Cc2ccc(O)cc2)C(C)C)[C@@H](C)O)C(=O)NCC(=O)N[C@@H](CO)C(=O)N[C@@H](CCC(=O)O)C(=O)N[C@@H](C)C(=O)N[C@@H](Cc3ccccc3)C(=O)O,5.3
76,CHEMBL405767,CC(C)[C@H](NC(=O)[C@H](CC(=O)N)NC(=O)[C@@H](NC(=O)[C@@H]1CCCN1C(=O)[C@@H](NC(=O)[C@@H](N)Cc2ccc(O)cc2)C(C)C)[C@@H](C)O)C(=O)NCC(=O)N[C@@H](CO)C(=O)N[C@@H](CCC(=O)O)C(=O)N[C@@H](C)C(=O)N[C@@H](Cc3ccc(O)cc3)C(=O)O,4.5
79,CHEMBL265399,CC(C)[C@H](NC(=O)[C@H](CC(=O)N)NC(=O)[C@@H](NC(=O)[C@@H]1CCCN1C(=O)[C@H](C)NC(=O)[C@@H](N)Cc2ccc(O)cc2)[C@@H](C)O)C(=O)NCC(=O)N[C@@H](CO)C(=O)N[C@@H](CCC(=O)O)C(=O)N[C@@H](C)C(=O)N[C@@H](Cc3ccccc3)C(=O)O,5.1
80,CHEMBL266666,CC(C)[C@H](NC(=O)[C@H](Cc1ccccc1)NC(=O)[C@@H](NC(=O)[C@@H]2CCCN2C(=O)[C@@H](NC(=O)[C@@H](N)Cc3ccc(O)cc3)C(C)C)[C@@H](C)O)C(=O)NCC(=O)N[C@@H](CO)C(=O)N[C@@H](CCC(=O)O)C(=O)N[C@@H](C)C(=O)N[C@@H](Cc4ccccc4)C(=O)O,4.16
81,CHEMBL407774,CC(C)[C@H](NC(=O)[C@H](CC(=O)N)NC(=O)[C@@H](NC(=O)[C@@H]1CCCN1C(=O)[C@@H](NC(=O)[C@@H](N)Cc2ccccc2)C(C)C)[C@@H](C)O)C(=O)NCC(=O)N[C@@H](CO)C(=O)N[C@@H](CCCCN)C(=O)N[C@@H](C)C(=O)N[C@@H](Cc3ccccc3)C(=O)O,5.57
82,CHEMBL269027,CC[C@H](C)[C@H](N)C(=O)N[C@@H](CC(C)C)C(=O)N[C@@H](CO)C(=O)N[C@@H](CO)C(=O)N[C@@H]([C@@H](C)O)C(=O)N[C@@H](CC(=O)N)C(=O)N[C@@H](C(C)C)C(=O)NCC(=O)N[C@@H](CO)C(=O)N[C@@H](CCC(=O)O)C(=O)N[C@@H](C)C(=O)N[C@@H](Cc1ccccc1)C(=O)O,5.0
83,CHEMBL2371144,CC(C)[C@H](NC(=O)[C@H](CC(=O)O)NC(=O)[C@@H](NC(=O)[C@@H]1CCCN1C(=O)[C@@H](NC(=O)[C@@H](N)Cc2ccccc2)C(C)C)[C@@H](C)O)C(=O)NCC(=O)N3CCCC[C@H]3C(=O)N[C@@H](Cc4ccccc4)C(=O)N[C@@H](C)C(=O)N[C@@H](Cc5ccccc5)C(=O)O,6.04
84,CHEMBL2371143,CSCC[C@H](NC(=O)[C@H](CC(C)C)NC(=O)CNC(=O)[C@@H](NC(=O)[C@@H](NC(=O)[C@H](CCC(=O)N)NC(=O)[C@H](CCC(=O)N)NC(=O)[C@@H]1CCCN1C(=O)[C@H](CCCCN)NC(=O)[C@@H]2CCCN2C(=O)[C@@H](N)CCCN=C(N)N)[C@@H](C)c3ccccc3)[C@@H](C)c4ccccc4)C(=O)N,6.84
85,CHEMBL269517,CC(C)[C@H](NC(=O)[C@H](CCC(=O)N)NC(=O)[C@@H](NC(=O)[C@@H]1CCCN1C(=O)[C@@H](NC(=O)[C@@H](N)Cc2ccc(O)cc2)C(C)C)[C@@H](C)O)C(=O)NCC(=O)N[C@@H](CO)C(=O)N[C@@H](CCC(=O)O)C(=O)N[C@@H](C)C(=O)N[C@@H](Cc3ccccc3)C(=O)O,4.02
87,CHEMBL411078,CC(C)[C@H](NC(=O)[C@H](CC(=O)N)NC(=O)[C@@H](NC(=O)[C@@H]1CCCN1C(=O)[C@@H](NC(=O)[C@@H](N)Cc2ccc(O)cc2)C(C)C)[C@@H](C)O)C(=O)NCC(=O)N[C@@H](CO)C(=O)N[C@@H](Cc3ccccc3)C(=O)N[C@@H](C)C(=O)N[C@@H](Cc4ccccc4)C(=O)O,5.32
89,CHEMBL405511,CC(C)[C@H](NC(=O)[C@H](CC(=O)O)NC(=O)[C@@H](NC(=O)[C@@H]1CCCN1C(=O)[C@@H](NC(=O)[C@@H](N)Cc2ccccc2)C(C)C)[C@@H](C)O)C(=O)NCC(=O)N[C@@H](C)C(=O)N[C@@H](Cc3c[nH]cn3)C(=O)N[C@@H](C)C(=O)N[C@@H](Cc4ccccc4)C(=O)O,6.44
90,CHEMBL386824,CC(C)[C@H](NC(=O)[C@H](CC(=O)N)NC(=O)[C@@H](NC(=O)[C@@H]1CCCN1C(=O)[C@@H](NC(=O)[C@@H](N)Cc2ccc(O)cc2)C(C)C)[C@@H](C)O)C(=O)NCC(=O)N[C@@H](CO)C(=O)N[C@@H](CCCCN)C(=O)N[C@@H](C)C(=O)N[C@@H](Cc3ccccc3)C(=O)O,5.19
91,CHEMBL405694,CC(C)[C@H](NC(=O)[C@H](CC(=O)N)NC(=O)[C@@H](NC(=O)[C@@H]1CCCN1C(=O)[C@H](C)NC(=O)[C@@H](NC(=O)[C@@H](N)CC(=O)N)C(C)C)[C@@H](C)O)C(=O)NCC(=O)N[C@@H](CO)C(=O)N[C@@H](CCC(=O)N)C(=O)NCC(=O)N[C@@H](Cc2ccc(O)cc2)C(=O)O,5.0
92,CHEMBL406459,CC(C)[C@H](NC(=O)[C@H](CC(=O)O)NC(=O)[C@@H](NC(=O)[C@@H]1CCCN1C(=O)[C@@H](NC(=O)[C@@H](N)Cc2ccccc2)C(C)C)[C@@H](C)O)C(=O)NCC(=O)N[C@@H](C)C(=O)N[C@@H](Cc3ccccc3)C(=O)N[C@@H](C)C(=O)N[C@@H](Cc4ccccc4)C(=O)O,6.8
93,CHEMBL264010,CC(C)[C@H](NC(=O)[C@H](CC(=O)O)NC(=O)[C@@H](NC(=O)[C@@H]1CCCN1C(=O)[C@@H](NC(=O)[C@@H](N)Cc2ccccc2)C(C)C)[C@@H](C)O)C(=O)NCC(=O)N3CCC[C@H]3C(=O)N[C@@H](Cc4ccccc4)C(=O)N[C@@H](C)C(=O)N[C@@H](Cc5ccccc5)C(=O)O,7.54
95,CHEMBL438008,CC(C)[C@H](NC(=O)[C@H](CC(=O)N)NC(=O)[C@@H](NC(=O)[C@@H]1CCCN1C(=O)[C@H](C)NC(=O)[C@@H](NC(=O)[C@@H](N)CC(=O)N)C(C)C)[C@@H](C)O)C(=O)NCC(=O)N[C@@H](CO)C(=O)N[C@@H](CCC(=O)O)C(=O)N[C@@H](C)C(=O)N[C@@H](Cc2ccccc2)C(=O)O,5.0
97,CHEMBL428096,CC(C)C[C@H](NC(=O)[C@@H](NC(=O)[C@@H]1CCCN1C(=O)[C@@H](NC(=O)[C@@H](N)Cc2ccc(O)cc2)C(C)C)[C@@H](C)O)C(=O)N[C@@H](C(C)C)C(=O)NCC(=O)N[C@@H](CO)C(=O)N[C@@H](CCC(=O)O)C(=O)N[C@@H](C)C(=O)N[C@@H](Cc3ccccc3)C(=O)O,5.16
107,CHEMBL275984,CC(C)C[C@H](NC(=O)[C@H](CO)NC(=O)CNC(=O)[C@@H](NC(=O)[C@H](CC(=O)N)NC(=O)[C@@H](NC(=O)[C@@H]1CCCN1C(=O)[C@@H](NC(=O)[C@@H](N)Cc2ccc(O)cc2)C(C)C)[C@@H](C)O)C(C)C)C(=O)N[C@@H](C)C(=O)N[C@@H](Cc3ccccc3)C(=O)O,5.07
108,CHEMBL267137,CC[C@H](C)[C@H](NC(=O)[C@H](CCCCN)NC(=O)[C@H](CO)NC(=O)[C@H](CCCN=C(N)N)NC(=O)[C@@H]1CCCN1C(=O)[C@@H](NC(=O)[C@H](Cc2ccccc2)NC(=O)[C@@H](N)CC(=O)N)C(C)C)C(=O)N[C@@H](CO)C(=O)N3CCC[C@H]3C(=O)N[C@@H](CCC(=O)N)C(=O)NCC(=O)N[C@@H](Cc4ccc(O)cc4)C(=O)O,5.0
111,CHEMBL267406,CC(C)[C@H](NC(=O)[C@H](CC(=O)N)NC(=O)[C@@H](NC(=O)[C@@H](N)Cc1ccc(O)cc1)[C@@H](C)O)C(=O)NCC(=O)N[C@@H](CO)C(=O)N[C@@H](CCC(=O)O)C(=O)N[C@@H](C)C(=O)N[C@@H](Cc2ccccc2)C(=O)O,4.75
112,CHEMBL407697,CC(C)[C@H](NC(=O)[C@H](CC(=O)N)NC(=O)[C@@H](NC(=O)[C@@H]1C[C@@H](O)CN1C(=O)[C@@H](NC(=O)[C@@H](N)Cc2ccc(O)cc2)C(C)C)[C@@H](C)O)C(=O)NCC(=O)N[C@@H](CO)C(=O)N[C@@H](CCC(=O)O)C(=O)N[C@@H](C)C(=O)N[C@@H](Cc3ccccc3)C(=O)O,5.05
117,CHEMBL439085,CC(C)[C@H](NC(=O)[C@H](CC(=O)N)NC(=O)[C@@H](NC(=O)[C@@H]1CCCN1C(=O)[C@@H](N)Cc2ccc(O)cc2)[C@@H](C)O)C(=O)NCC(=O)N[C@@H](CO)C(=O)N[C@@H](CCC(=O)O)C(=O)N[C@@H](C)C(=O)N[C@@H](Cc3ccccc3)C(=O)O,4.62
118,CHEMBL407854,CC(C)[C@H](NC(=O)[C@H](CC(=O)N)NC(=O)[C@@H](NC(=O)[C@@H]1CCCN1C(=O)[C@@H](NC(=O)[C@@H](N)Cc2ccccc2)C(C)C)[C@@H](C)O)C(=O)NCC(=O)N3CCC[C@H]3C(=O)N[C@@H](CCC(=O)O)C(=O)N[C@@H](C)C(=O)N[C@@H](Cc4ccccc4)C(=O)O,6.55
119,CHEMBL274851,CC(C)[C@H](NC(=O)[C@H](CC(=O)O)NC(=O)[C@@H](NC(=O)[C@@H]1CCCN1C(=O)[C@@H](NC(=O)[C@@H](N)Cc2ccccc2)C(C)C)[C@@H](C)O)C(=O)NCC(=O)N3CCC[C@H]3C(=O)N[C@@H](CCC(=O)O)C(=O)N[C@@H](C)C(=O)N[C@@H](Cc4ccccc4)C(=O)O,6.33
127,CHEMBL410450,CC(C)[C@H](NC(=O)[C@H](CC(=O)N)NC(=O)[C@@H](NC(=O)[C@@H]1CCCN1C(=O)[C@@H](NC(=O)[C@@H](N)Cc2ccc(O)cc2)C(C)C)[C@@H](C)O)C(=O)NCC(=O)N[C@@H](CO)C(=O)N[C@@H](CCC(=O)O)C(=O)NCC(=O)N[C@@H](Cc3ccccc3)C(=O)O,4.29
129,CHEMBL265906,CC(C)[C@H](NC(=O)[C@H](CC(=O)O)NC(=O)[C@@H](NC(=O)[C@@H]1CCCN1C(=O)[C@@H](NC(=O)[C@@H](N)Cc2ccccc2)C(C)C)[C@@H](C)O)C(=O)NCC(=O)N3C[C@H](O)C[C@H]3C(=O)N[C@@H](Cc4ccccc4)C(=O)N[C@@H](C)C(=O)N[C@@H](Cc5ccccc5)C(=O)O,6.21
132,CHEMBL262961,CC(C)[C@H](NC(=O)[C@H](CC(=O)N)NC(=O)[C@@H](NC(=O)[C@H](Cc1ccccc1)NC(=O)[C@@H](NC(=O)[C@@H](N)Cc2ccc(O)cc2)C(C)C)[C@@H](C)O)C(=O)NCC(=O)N[C@@H](CO)C(=O)N[C@@H](CCC(=O)O)C(=O)N[C@@H](C)C(=O)N[C@@H](Cc3ccccc3)C(=O)O,4.35
136,CHEMBL384581,CC(C)[C@H](NC(=O)[C@H](CC(=O)O)NC(=O)[C@@H](NC(=O)[C@@H]1CCCN1C(=O)[C@@H](NC(=O)C)C(C)C)[C@@H](C)O)C(=O)NCC(=O)N[C@@H](C)C(=O)N[C@@H](Cc2ccccc2)C(=O)N[C@@H](C)C(=O)N[C@@H](Cc3ccccc3)C(=O)O,6.52
137,CHEMBL376040,CC(C)[C@H](NC(=O)[C@H](CC(=O)N)NC(=O)[C@@H](NC(=O)[C@@H]1CCCN1C(=O)[C@H](Cc2ccccc2)NC(=O)[C@@H](N)Cc3ccc(O)cc3)[C@@H](C)O)C(=O)NCC(=O)N[C@@H](CO)C(=O)N[C@@H](CCC(=O)O)C(=O)N[C@@H](C)C(=O)N[C@@H](Cc4ccccc4)C(=O)O,4.85
138,CHEMBL268539,CC(C)[C@H](NC(=O)[C@H](CC(=O)O)NC(=O)[C@@H](NC(=O)[C@@H]1CCCN1C(=O)[C@@H](NC(=O)[C@H](Cc2ccccc2)NC(=O)C)C(C)C)[C@@H](C)O)C(=O)NCC(=O)N[C@@H](C)C(=O)N[C@@H](Cc3ccccc3)C(=O)N[C@@H](C)C(=O)N[C@@H](Cc4ccccc4)C(=O)O,6.69
140,CHEMBL3350392,CC(C)[C@H](NC(=O)[C@H](CC(=O)N)NC(=O)[C@@H](NC(=O)[C@@H]1CCCN1C(=O)[C@H](NC(=O)[C@@H](N)Cc2ccc(O)cc2)C(C)C)[C@@H](C)O)C(=O)NCC(=O)N[C@@H](CO)C(=O)N[C@@H](CCC(=O)O)C(=O)N[C@@H](C)C(=O)N[C@@H](Cc3ccccc3)C(=O)O,4.72
141,CHEMBL217867,CC(C)[C@H](NC(=O)[C@H](CC(=O)O)NC(=O)[C@@H](NC(=O)[C@@H]1CCCN1C(=O)C)[C@@H](C)O)C(=O)NCC(=O)N[C@@H](C)C(=O)N[C@@H](Cc2ccccc2)C(=O)N[C@@H](C)C(=O)N[C@@H](Cc3ccccc3)C(=O)O,6.31
142,CHEMBL407740,CC(C)[C@H](NC(=O)[C@H](CC(=O)N)NC(=O)[C@@H](NC(=O)[C@@H]1CCCN1C(=O)[C@@H](NC(=O)[C@@H](N)Cc2ccccc2)C(C)C)[C@@H](C)O)C(=O)NCC(=O)N[C@@H](CO)C(=O)N[C@@H](CCC(=O)O)C(=O)N[C@@H](C)C(=O)N[C@@H](Cc3ccccc3)C(=O)O,5.52
143,CHEMBL438224,CC[C@H](C)[C@H](NC(=O)[C@H](CCCCN)NC(=O)[C@H](CO)NC(=O)[C@H](CCCN=C(N)N)NC(=O)[C@@H]1CCCN1C(=O)[C@@H](NC(=O)[C@H](Cc2ccccc2)NC(=O)[C@@H](N)CC(=O)N)C(C)C)C(=O)N[C@@H](CO)C(=O)N3CCC[C@H]3C(=O)N[C@@H](CCC(=O)O)C(=O)N[C@@H](C)C(=O)N[C@@H](Cc4ccccc4)C(=O)O,5.0
144,CHEMBL216229,CC(C)[C@H](NC(=O)[C@H](CC(=O)N)NC(=O)[C@@H](NC(=O)[C@@H]1CCCN1C(=O)[C@@H](NC(=O)[C@H](Cc2ccccc2)NC(=O)[C@@H](N)CC(=O)N)C(C)C)[C@@H](C)O)C(=O)NCC(=O)N[C@@H](CO)C(=O)N[C@@H](CC(=O)N)C(=O)N[C@@H]([C@@H](C)O)C(=O)N[C@@H](Cc3ccc(O)cc3)C(=O)O,5.0
145,CHEMBL415812,CC(C)[C@H](NC(=O)[C@H](CC(=O)N)NC(=O)[C@@H](NC(=O)[C@@H]1CCCN1C(=O)[C@@H](NC(=O)[C@@H](N)Cc2ccc(O)cc2)C(C)C)[C@@H](C)O)C(=O)NCC(=O)N[C@@H](CO)C(=O)N[C@@H](CCC(=O)N)C(=O)N[C@@H](C)C(=O)N[C@@H](Cc3ccccc3)C(=O)O,5.16
147,CHEMBL407401,CC(C)[C@H](NC(=O)[C@H](CC(=O)N)NC(=O)[C@@H](NC(=O)[C@@H]1CCCN1C(=O)[C@@H]2CCCN2C(=O)[C@@H](N)Cc3ccccc3)[C@@H](C)O)C(=O)NCC(=O)N[C@@H](CO)C(=O)N[C@@H](CCC(=O)O)C(=O)N[C@@H](C)C(=O)N[C@@H](Cc4ccccc4)C(=O)O,5.47
148,CHEMBL429765,CC(C)[C@H](N)C(=O)N1CCC[C@H]1C(=O)N[C@@H]([C@@H](C)O)C(=O)N[C@@H](CC(=O)O)C(=O)N[C@@H](C(C)C)C(=O)NCC(=O)N[C@@H](C)C(=O)N[C@@H](Cc2ccccc2)C(=O)N[C@@H](C)C(=O)N[C@@H](Cc3ccccc3)C(=O)O,6.7
152,CHEMBL426646,NCCCC[C@@H](NC(=O)[C@H](Cc1cc(Br)c(N)c(Br)c1)NC(=O)CCCc2ccccc2)C(=O)Nc3ccccc3,4.3
155,CHEMBL198311,NCCCC[C@@H](NC(=O)[C@H](Cc1cc(Br)c(N)c(Br)c1)NC(=O)CCCc2ccccc2)C(=O)N3CCN(CC3)c4ccncc4,4.99
157,CHEMBL198762,COc1ccccc1CCNC(=O)N[C@@H](Cc2cc(Br)c(O)c(Br)c2)C(=O)N[C@H](CCCCN)C(=O)NCCc3ccccc3,4.89
158,CHEMBL198105,COc1ccccc1CCNC(=O)N[C@@H](Cc2cc(Br)c(O)c(Br)c2)C(=O)N[C@H](CCCCN)C(=O)N3CCN(CC3)c4ccncc4,6.0
159,CHEMBL198925,COc1cccc(CCNC(=O)N[C@@H](Cc2cc(Br)c(O)c(Br)c2)C(=O)N[C@H](CCCCN)C(=O)N3CCN(CC3)c4ccncc4)c1,6.7
162,CHEMBL194631,COc1ccccc1N2CCN(CC2)C(=O)N[C@@H](Cc3cc(Br)c(O)c(Br)c3)C(=O)N[C@H](CCCCN)C(=O)N4CCN(CC4)c5ccncc5,6.65
163,CHEMBL194632,COc1ccccc1C2CCN(CC2)C(=O)N[C@@H](Cc3cc(Br)c(O)c(Br)c3)C(=O)N[C@H](CCCCN)C(=O)N4CCN(CC4)c5ccncc5,6.6
175,CHEMBL198232,NCCCC[C@@H](NC(=O)[C@H](Cc1cc(Br)c(O)c(Br)c1)NC(=O)CCCc2ccccc2)C(=O)NCCc3ccccc3,4.77
176,CHEMBL451246,NCCCC[C@@H](NC(=O)[C@H](Cc1cc(Br)c(N)c(Br)c1)NC(=O)CCCc2ccccc2)C(=O)NCCc3ccccc3,4.4
178,CHEMBL381798,FC(F)(F)CN1C(=O)[C@H](NC(=O)N2CCC(CC2)N3C(=O)Nc4ccccc34)N=C(c5ccccc5)c6ccccc16,5.65
179,CHEMBL214829,FC(F)(F)CN1C(=O)[C@H](NC(=O)N2CCC(CC2)N3CC(NC3=O)c4ccncc4)N=C(c5ccccc5)c6ccccc16,6.14
180,CHEMBL443577,FC(F)(F)CN1C(=O)[C@H](NC(=O)N2CCC(CC2)N3CC(NC3=O)c4cccnc4)N=C(c5ccccc5)c6ccccc16,5.98
181,CHEMBL384409,FC(F)(F)CN1C(=O)[C@H](NC(=O)N2CCC(CC2)N3CC(NC3=O)c4ccccn4)N=C(c5ccccc5)c6ccccc16,5.7
182,CHEMBL214904,FC(F)(F)CN1C(=O)[C@H](NC(=O)N2CCC(CC2)N3CC(NC3=O)c4ccccc4)N=C(c5ccccc5)c6ccccc16,6.47
183,CHEMBL425807,FC(F)(F)CN1C(=O)[C@H](NC(=O)N2CCC(CC2)N3CCNC3=O)N=C(c4ccccc4)c5ccccc15,6.07
188,CHEMBL385399,CC(C)c1cn(C2CCN(CC2)C(=O)N[C@@H]3N=C(c4ccccc4)c5ccccc5N(CC(F)(F)F)C3=O)c(O)n1,5.27
189,CHEMBL213670,Oc1nccn1C2CCN(CC2)C(=O)N[C@@H]3N=C(c4ccccc4)c5ccccc5N(CC(F)(F)F)C3=O,6.23
190,CHEMBL214845,Oc1nc(cn1C2CCN(CC2)C(=O)N[C@@H]3N=C(c4ccccc4)c5ccccc5N(CC(F)(F)F)C3=O)C#N,6.24
191,CHEMBL213717,OCc1cn(C2CCN(CC2)C(=O)N[C@@H]3N=C(c4ccccc4)c5ccccc5N(CC(F)(F)F)C3=O)c(O)n1,4.7
192,CHEMBL384091,OC(=O)c1cn(C2CCN(CC2)C(=O)N[C@@H]3N=C(c4ccccc4)c5ccccc5N(CC(F)(F)F)C3=O)c(O)n1,5.54
193,CHEMBL384408,COC(=O)c1cn(C2CCN(CC2)C(=O)N[C@@H]3N=C(c4ccccc4)c5ccccc5N(CC(F)(F)F)C3=O)c(O)n1,6.96
194,CHEMBL386701,Oc1nc(Cc2ccccc2)cn1C3CCN(CC3)C(=O)N[C@@H]4N=C(c5ccccc5)c6ccccc6N(CC(F)(F)F)C4=O,5.95
197,CHEMBL437718,Oc1nc(cn1C2CCN(CC2)C(=O)N[C@@H]3N=C(c4ccccc4)c5ccccc5N(CC(F)(F)F)C3=O)c6ccc(OC(F)(F)F)cc6,6.98
198,CHEMBL214800,COc1ccc(cc1)c2cn(C3CCN(CC3)C(=O)N[C@@H]4N=C(c5ccccc5)c6ccccc6N(CC(F)(F)F)C4=O)c(O)n2,6.69
204,CHEMBL215424,FC(F)(F)CN1C(=O)[C@H](NC(=O)N2CCC(CC2)N3Cc4ncccc4NC3=O)N=C(c5ccccc5)c6ccccc16,6.02
205,CHEMBL377252,FC(F)(F)CN1C(=O)[C@H](NC(=O)N2CCC(CC2)N3Cc4cnccc4NC3=O)N=C(c5ccccc5)c6ccccc16,6.5
206,CHEMBL427743,FC(F)(F)CN1C(=O)[C@H](NC(=O)N2CCC(CC2)N3Cc4ccncc4NC3=O)N=C(c5ccccc5)c6ccccc16,6.46
207,CHEMBL212942,FC(F)(F)CN1C(=O)[C@H](NC(=O)N2CCC(CC2)N3Cc4cccnc4NC3=O)N=C(c5ccccc5)c6ccccc16,6.53
209,CHEMBL211931,Oc1nc2nccnc2n1C3CCN(CC3)C(=O)N[C@@H]4N=C(c5ccccc5)c6ccccc6N(CC(F)(F)F)C4=O,6.81
211,CHEMBL214950,Oc1nc2c(ccc[n+]2[O-])n1C3CCN(CC3)C(=O)N[C@@H]4N=C(c5ccccc5)c6ccccc6N(CC(F)(F)F)C4=O,6.0
212,CHEMBL386113,Oc1nc2cccnc2n1C3CCN(CC3)C(=O)N[C@@H]4N=C(c5ccccc5)c6ccccc6N(CC(F)(F)F)C4=O,6.37
213,CHEMBL384723,Oc1nc2ccncc2n1C3CCN(CC3)C(=O)N[C@@H]4N=C(c5ccccc5)c6ccccc6N(CC(F)(F)F)C4=O,6.07
214,CHEMBL415453,Oc1nc2cnccc2n1C3CCN(CC3)C(=O)N[C@@H]4N=C(c5ccccc5)c6ccccc6N(CC(F)(F)F)C4=O,6.16
216,CHEMBL384565,Oc1nc2cccc(Cl)c2n1C3CCN(CC3)C(=O)N[C@@H]4N=C(c5ccccc5)c6ccccc6N(CC(F)(F)F)C4=O,5.19
217,CHEMBL215549,Cc1cccc2nc(O)n(C3CCN(CC3)C(=O)N[C@@H]4N=C(c5ccccc5)c6ccccc6N(CC(F)(F)F)C4=O)c12,4.7
218,CHEMBL426142,Oc1nc2ccc(F)cc2n1C3CCN(CC3)C(=O)N[C@@H]4N=C(c5ccccc5)c6ccccc6N(CC(F)(F)F)C4=O,6.01
219,CHEMBL405544,CS(=O)(=O)c1ccc2c(c1)nc(O)n2C3CCN(CC3)C(=O)N[C@@H]4N=C(c5ccccc5)c6ccccc6N(CC(F)(F)F)C4=O,6.59
220,CHEMBL386714,NC(=O)c1ccc2c(c1)nc(O)n2C3CCN(CC3)C(=O)N[C@@H]4N=C(c5ccccc5)c6ccccc6N(CC(F)(F)F)C4=O,5.98
221,CHEMBL405543,OC(=O)c1ccc2c(c1)nc(O)n2C3CCN(CC3)C(=O)N[C@@H]4N=C(c5ccccc5)c6ccccc6N(CC(F)(F)F)C4=O,6.09
223,CHEMBL386706,Oc1nc2cc(F)ccc2n1C3CCN(CC3)C(=O)N[C@@H]4N=C(c5ccccc5)c6ccccc6N(CC(F)(F)F)C4=O,5.55
224,CHEMBL375872,Oc1nc2cc(ccc2n1C3CCN(CC3)C(=O)N[C@@H]4N=C(c5ccccc5)c6ccccc6N(CC(F)(F)F)C4=O)C(F)(F)F,5.42
225,CHEMBL214751,Cc1ccc2c(c1)nc(O)n2C3CCN(CC3)C(=O)N[C@@H]4N=C(c5ccccc5)c6ccccc6N(CC(F)(F)F)C4=O,5.22
226,CHEMBL386204,Oc1nc2c(Cl)cccc2n1C3CCN(CC3)C(=O)N[C@@H]4N=C(c5ccccc5)c6ccccc6N(CC(F)(F)F)C4=O,6.85
227,CHEMBL214873,Oc1nc2c(F)cccc2n1C3CCN(CC3)C(=O)N[C@@H]4N=C(c5ccccc5)c6ccccc6N(CC(F)(F)F)C4=O,6.43
228,CHEMBL384080,Cc1cccc2c1nc(O)n2C3CCN(CC3)C(=O)N[C@@H]4N=C(c5ccccc5)c6ccccc6N(CC(F)(F)F)C4=O,5.16
265,CHEMBL376263,O=C(CN1C(=O)Oc2ccccc12)Nc3ccc4CC5(CCc4c3)NC(=O)NC5=O,6.22
269,CHEMBL223805,O=C(CN1C(=O)Nc2ccccc12)Nc3ccc4CC5(Cc4c3)NC(=O)NC5=O,6.55
270,CHEMBL222198,CN1C(=O)NC(=O)[C@@]12Cc3ccc(NC(=O)CN4C(=O)Oc5ccccc45)cc3C2,5.98
272,CHEMBL221160,CN1C(=O)NC(=O)C12Cc3ccc(NC(=O)CN4C(=O)Oc5ccccc45)cc3C2,6.99
273,CHEMBL220336,O=C(CN1C(=O)Oc2ccccc12)Nc3ccc4CC5(Cc4c3)NC(=O)NC5=O,6.51
304,CHEMBL376719,CC(C)[C@H](NC(=O)[C@H](CC(=O)O)NC(=O)[C@@H](NC(=O)[C@@H]1CCCN1C(=O)[C@@H](NC(=O)[C@@H](N)Cc2ccccc2)C(C)C)[C@@H](C)O)C(=O)NCC(=O)N3CCC[C@H]3C(=O)N[C@@H](Cc4ccccc4)C(=O)N[C@@H](C)C(=O)N[C@@H](Cc5ccccc5)C(=O)N,6.15
306,CHEMBL223642,CC(C)[C@H](NC(=O)[C@H](CC(=O)O)NC(=O)[C@@H](NC(=O)[C@@H]1CCCN1)[C@@H](C)O)C(=O)NCC(=O)N2CCC[C@H]2C(=O)N[C@@H](Cc3ccccc3)C(=O)N[C@@H](C)C(=O)N[C@@H](Cc4ccccc4)C(=O)N,6.11
308,CHEMBL374579,CC(C)[C@H](NC(=O)[C@H](CC(=O)O)NC(=O)[C@@H](NC(=O)[C@@H]1CCCN1)[C@@H](C)O)C(=O)NCC(=O)N2CCCN2C(=O)N[C@@H](Cc3ccccc3)C(=O)N[C@@H](C)C(=O)N[C@@H](Cc4ccccc4)C(=O)N,5.35
310,CHEMBL2371945,CC(C)[C@H](NC(=O)[C@H](CC(=O)O)NC(=O)[C@@H](NC(=O)[C@@H]1CCCN1C(=O)[C@@H](NC(=O)[C@H](N)Cc2ccccc2)C(C)C)[C@@H](C)O)C(=O)NCC(=O)N3CCC[C@H]3C(=O)N[C@@H](Cc4ccccc4)C(=O)NN(C)C(=O)N[C@@H](Cc5ccccc5)C(=O)N,5.45
312,CHEMBL435149,CC(C)[C@H](NC(=O)[C@H](CC(=O)O)NC(=O)[C@@H](NC(=O)[C@@H]1CCCN1C(=O)[C@@H](NC(=O)[C@H](N)Cc2ccccc2)C(C)C)[C@@H](C)O)C(=O)NCC(=O)N3CCC[C@H]3C(=O)NN(Cc4ccccc4)C(=O)N[C@@H](C)C(=O)N[C@@H](Cc5ccccc5)C(=O)N,5.24
314,CHEMBL413872,CC(C)[C@H](NC(=O)[C@H](CC(=O)O)NC(=O)[C@@H](NC(=O)[C@@H]1CCCN1C(=O)[C@@H](NC(=O)[C@H](N)Cc2ccccc2)C(C)C)[C@@H](C)O)C(=O)NNC(=O)N3CCC[C@H]3C(=O)N[C@@H](Cc4ccccc4)C(=O)N[C@@H](C)C(=O)N[C@@H](Cc5ccccc5)C(=O)N,7.17
316,CHEMBL415186,CC(C)[C@H](NC(=O)N(CC(=O)O)NC(=O)[C@@H](NC(=O)[C@@H]1CCCN1C(=O)[C@@H](NC(=O)[C@@H](N)Cc2ccccc2)C(C)C)[C@@H](C)O)C(=O)NCC(=O)N3CCC[C@H]3C(=O)N[C@@H](Cc4ccccc4)C(=O)N[C@@H](C)C(=O)N[C@@H](Cc5ccccc5)C(=O)N,6.42
318,CHEMBL438426,CC(C)[C@H](NC(=O)[C@H](CC(=O)O)NC(=O)[C@@H](NC(=O)[C@@H]1CCCN1C(=O)[C@@H](NC(=O)N(N)Cc2ccccc2)C(C)C)[C@@H](C)O)C(=O)NCC(=O)N3CCC[C@H]3C(=O)N[C@@H](Cc4ccccc4)C(=O)N[C@@H](C)C(=O)N[C@@H](Cc5ccccc5)C(=O)N,6.23
320,CHEMBL268420,CC(C)[C@H](NC(=O)[C@H](CC(=O)O)NC(=O)[C@@H](NC(=O)[C@@H]1CCCN1C(=O)[C@@H](NC(=O)[C@@H](N)Cc2ccccc2)C(C)C)[C@@H](C)O)C(=O)N[C@H]3CC[C@H]4CC[C@H](N4C3=O)C(=O)N[C@@H](Cc5ccccc5)C(=O)N[C@@H](C)C(=O)N[C@@H](Cc6ccccc6)C(=O)N,6.97
358,CHEMBL412994,CC(C)C[C@H](NC(=O)CNC(=O)[C@H](C)NC(=O)[C@H](CC(C)C)NC(=O)[C@H](CCCNC(=N)N)NC(=O)[C@H](Cc1cnc[nH]1)NC(=O)[C@H](NC(=O)[C@@H](NC(=O)[C@H](CS)NC(=O)[C@@H](NC(=O)[C@H](C)NC(=O)[C@@H](NC(=O)[C@H](CC(=O)O)NC(=O)[C@H](CS)NC(=O)[C@H](C)N)[C@H](C)O)[C@@H](C)O)C(C)C)[C@@H](C)O)C(=O)N[C@@H](CC(C)C)C(=O)N[C@@H](CO)C(=O)N[C@@H](CCCNC(=N)N)C(=O)N[C@@H](CO)C(=O)NCC(=O)NCC(=O)N[C@@H](C(C)C)C(=O)N[C@@H](C(C)C)C(=O)N[C@@H](CCCCN)C(=O)N[C@@H](CC(=O)N)C(=O)N[C@@H](CC(=O)N)C(=O)N[C@@H](Cc2ccccc2)C(=O)N[C@@H](C(C)C)C(=O)N3CCC[C@H]3C(=O)N[C@@H]([C@@H](C)O)C(=O)N[C@@H](CC(=O)N)C(=O)N[C@@H](C(C)C)C(=O)NCC(=O)N[C@@H](CO)C(=O)N[C@@H](CCCCN)C(=O)N[C@@H](C)C(=O)N[C@@H](Cc4ccccc4)C(=O)N,9.7
384,CHEMBL241117,O=C(N[C@@H]1CCC(Cc2ccccc2)CNC1=O)N3CCC(CC3)N4C(=O)Nc5ncccc45,6.22
385,CHEMBL240904,CC(C)C1CC[C@@H](NC(=O)N2CCC(CC2)N3C(=O)Nc4ncccc34)C(=O)NC1,6.33
386,CHEMBL240903,Cc1ccc(cc1)C2CC[C@@H](NC(=O)N3CCC(CC3)N4C(=O)Nc5ncccc45)C(=O)NC2,5.96
387,CHEMBL240902,COc1ccccc1C2CC[C@@H](NC(=O)N3CCC(CC3)N4C(=O)Nc5ncccc45)C(=O)NC2,5.77
388,CHEMBL240686,O=C(N[C@@H]1CCC(CNC1=O)c2ccsc2)N3CCC(CC3)N4C(=O)Nc5ncccc45,6.33
389,CHEMBL240685,O=C(N[C@@H]1CCC(CNC1=O)c2cccnc2)N3CCC(CC3)N4C(=O)Nc5ncccc45,5.0
390,CHEMBL398779,O=C(N[C@@H]1CCC(CNC1=O)c2ccccn2)N3CCC(CC3)N4C(=O)Nc5ncccc45,5.36
391,CHEMBL238275,Oc1ccc(cc1)C2CC[C@@H](NC(=O)N3CCC(CC3)N4C(=O)Nc5ncccc45)C(=O)NC2,6.11
462,CHEMBL258070,CN1C=C(C=C(NC(=O)N2CCC(CC2)N3C(=O)Nc4ncccc34)C1=O)c5ccccc5,6.3
465,CHEMBL403765,O=C(NC1=CC(=CN(CC2CC2)C1=O)c3ccccc3)N4CCC(CC4)N5C(=O)Nc6ncccc56,6.77
470,CHEMBL402887,FC(F)(F)CN1C=C(C=C(NC(=O)N2CCC(CC2)N3C(=O)Nc4ncccc34)C1=O)c5ccn[nH]5,6.69
471,CHEMBL255755,FC(F)(F)CN1C=C(C=C(NC(=O)N2CCC(CC2)N3C(=O)Nc4ncccc34)C1=O)c5cccnc5,6.2
472,CHEMBL255967,FC(F)(F)CN1C=C(C=C(NC(=O)N2CCC(CC2)N3C(=O)Nc4ncccc34)C1=O)c5ccsc5,6.98
476,CHEMBL255998,COCCN1C=C(C=C(NC(=O)N2CCC(CC2)N3C(=O)Nc4ncccc34)C1=O)c5ccn[nH]5,6.85
477,CHEMBL255999,COCCN1C=C(C=C(NC(=O)N2CCC(CC2)N3C(=O)Nc4ncccc34)C1=O)c5cccnc5,6.16
478,CHEMBL256813,COCCN1C=C(C=C(NC(=O)N2CCC(CC2)N3C(=O)Nc4ncccc34)C1=O)c5ccsc5,6.41
479,CHEMBL402844,COCCN1C=C(C=C(NC(=O)N2CCC(CC2)N3C(=O)Nc4ncccc34)C1=O)c5ccccc5,6.64
480,CHEMBL445069,CN1C=C(C=C(NC(=O)N2CCC(CC2)N3C(=O)Nc4ncccc34)C1=O)c5cccc(F)c5F,6.78
481,CHEMBL258329,CN1C=C(C=C(NC(=O)N2CCC(CC2)N3C(=O)Nc4ncccc34)C1=O)c5cccc(F)c5,6.81
482,CHEMBL257732,CN1C=C(C=C(NC(=O)N2CCC(CC2)N3C(=O)Nc4ncccc34)C1=O)c5ccccc5F,6.67
485,CHEMBL403373,CN1C=C(C=C(NC(=O)N2CCC(CC2)N3C(=O)Nc4ncccc34)C1=O)c5cccnc5,6.57
486,CHEMBL256802,COc1ccc(cc1)C2=CN(C)C(=O)C(=C2)NC(=O)N3CCC(CC3)N4C(=O)Nc5ncccc45,6.31
489,CHEMBL270392,CN1C=C(C=C(NC(=O)N2CCC(CC2)N3C(=O)Nc4ncccc34)C1=O)c5ccccc5O,6.66
490,CHEMBL409535,CN1C=C(C=C(NC(=O)N2CCC(CC2)N3C(=O)Nc4ncccc34)C1=O)c5ccc(cc5)S(=O)(=O)C,5.76
491,CHEMBL411896,CN1C=C(C=C(NC(=O)N2CCC(CC2)N3C(=O)Nc4ncccc34)C1=O)C5C=NC=N5,5.69
492,CHEMBL258069,CN1C=C(C=C(NC(=O)N2CCC(CC2)N3C(=O)Nc4ncccc34)C1=O)c5ncccn5,5.72
493,CHEMBL257004,CN1C=C(C=C(NC(=O)N2CCC(CC2)N3C(=O)Nc4ncccc34)C1=O)c5ccc(cc5)C(=O)O,5.05
495,CHEMBL402888,O=C(NC1=CC=C(N(CC2CC2)C1=O)c3ccccc3)N4CCC(CC4)N5C=C(NC5=O)c6ccccc6,5.47
557,CHEMBL488065,COc1ccc2NC(=O)N(CC(=O)Nc3ccc4C[C@]5(Cc4c3)N(C)C(=O)NC5=O)c2c1,6.92
558,CHEMBL488066,CN1C(=O)NC(=O)[C@]12Cc3ccc(NC(=O)CN4C(=O)Nc5cccc(Cl)c45)cc3C2,6.6
635,CHEMBL465279,O=C(CN1C(=O)N(c2ccccn2)c3ccccc13)Nc4ccc5C[C@]6(Cc5c4)NC(=O)NC6=O,6.64
636,CHEMBL465280,O=C(CN1C(=O)N(c2ccccn2)c3ccccc13)Nc4ccc5CC6(CCNC6=O)Cc5c4,6.57
638,CHEMBL464264,O=C(CN1C(=O)N(c2ccccn2)c3ccccc13)Nc4ccc5CC6(CCCNC6=O)Cc5c4,5.57
640,CHEMBL472829,O=C(CN1C(=O)N(c2ccccn2)c3ccccc13)Nc4ccc5C[C@]6(Cc5c4)N=C(NC6=O)c7cccnc7,6.89
641,CHEMBL481382,O=C(CN1C(=O)N(c2ccccn2)c3ccccc13)Nc4ccc5C[C@]6(Cc5c4)N=C(NC6=O)C7CC7,5.59
642,CHEMBL515087,O=C(CN1C(=O)N(c2ccccn2)c3ccccc13)Nc4ccc5CC6(Cc5c4)C(=O)Nc7ccccc67,6.28
693,CHEMBL508453,Cc1cc(C[C@@H](OC(=O)N2CCC(CC2)N3Cc4cccc(F)c4NC3=O)C(=O)N5CCC(CC5)N6CCCCC6)cc7cn[nH]c17,10.96
694,CHEMBL452966,Cc1cc(C[C@@H](OC(=O)N2CCC(CC2)N3Cc4ccccc4NC3=O)C(=O)N5CCC(CC5)N6CCCCC6)cc7cn[nH]c17,11.0
695,CHEMBL451164,Cc1cc(C[C@@H](OC(=O)N2CCC(CC2)N3Cc4ccc(F)cc4NC3=O)C(=O)N5CCC(CC5)N6CCCCC6)cc7cn[nH]c17,10.66
696,CHEMBL508215,Cc1cc(C[C@@H](OC(=O)N2CCC(CC2)C3=Cc4ccccc4NC3=O)C(=O)N5CCC(CC5)N6CCCCC6)cc7cn[nH]c17,10.77
697,CHEMBL452686,Cc1cc(C[C@@H](OC(=O)N2CCC(CC2)C3=Cc4cccc(F)c4NC3=O)C(=O)N5CCC(CC5)N6CCCCC6)cc7cn[nH]c17,10.24
698,CHEMBL499810,Cc1cc(C[C@@H](OC(=O)N2CCC(CC2)c3cc4ccccc4cn3)C(=O)N5CCC(CC5)N6CCCCC6)cc7cn[nH]c17,9.75
699,CHEMBL502243,Cc1cc(C[C@@H](OC(=O)N2CCC(CC2)N3C=C(NC3=O)c4ccccc4)C(=O)N5CCC(CC5)N6CCCCC6)cc7cn[nH]c17,10.17
700,CHEMBL500384,Cc1cc(C[C@@H](OC(=O)N2CCC(CC2)C3=Cc4ccccc4NC3=O)C(=O)N5CCCCC5)cc6cn[nH]c16,8.75
701,CHEMBL499488,Cc1cc(C[C@@H](OC(=O)N2CCC(CC2)C3=Cc4ccccc4NC3=O)C(=O)N5CCC(CC5)N6CCC=CC6)cc7cn[nH]c17,10.28
702,CHEMBL501603,CN1CCC2(CC1)CCN(CC2)C(=O)[C@@H](Cc3cc(C)c4[nH]ncc4c3)OC(=O)N5CCC(CC5)C6=Cc7ccccc7NC6=O,10.36
703,CHEMBL447297,Cc1cc(C[C@@H](OC(=O)N2CCC(CC2)C3=Cc4ccccc4NC3=O)C(=O)N5CCN(CC5)C6CCCCC6)cc7cn[nH]c17,10.7
704,CHEMBL508349,Cc1cc(C[C@@H](OC(=O)N2CCC(CC2)C3=Cc4ccccc4NC3=O)C(=O)N5CCN(CC5)c6ccncc6)cc7cn[nH]c17,10.2
705,CHEMBL507893,Cc1cc(C[C@@H](OC(=O)N2CCC(CC2)C3=Cc4ccccc4NC3=O)C(=O)N5CCN(CC5)c6ccc(F)cc6)cc7cn[nH]c17,9.89
742,CHEMBL570626,Fc1cccc([C@@H]2CC[C@@H](NC(=O)N3CCC(CC3)C4=CC(=NNC4=O)c5ccccc5)C(=O)N(CC(F)(F)F)C2)c1F,6.62
744,CHEMBL585017,CN1C(=O)NC(=O)C12CCN(CC2)C(=O)N[C@@H]3CC[C@H](CN(CC(F)(F)F)C3=O)c4cccc(F)c4F,6.29
745,CHEMBL571236,Fc1cccc([C@@H]2CC[C@@H](NC(=O)N3CCC4(CC3)OC(=O)NC4=O)C(=O)N(CC(F)(F)F)C2)c1F,5.05
747,CHEMBL571185,Fc1cccc([C@@H]2CC[C@@H](NC(=O)N3CCC4(CCNC4=O)CC3)C(=O)N(CC(F)(F)F)C2)c1F,6.85
748,CHEMBL571861,Fc1cccc([C@@H]2CC[C@@H](NC(=O)N3CCC4(CC3)CCC(=O)NC4=O)C(=O)N(CC(F)(F)F)C2)c1F,6.47
749,CHEMBL570527,Fc1cccc([C@@H]2CC[C@@H](NC(=O)N3CCC4(CC3)CC(=O)NC(=O)C4)C(=O)N(CC(F)(F)F)C2)c1F,6.41
751,CHEMBL577320,Fc1cccc([C@@H]2CC[C@@H](NC(=O)N3CCC4(CC3)CC(NC4=O)c5ccccc5)C(=O)N(CC(F)(F)F)C2)c1F,6.42
752,CHEMBL584311,Fc1cccc([C@@H]2CC[C@@H](NC(=O)N3CCC4(CC3)Cc5ccccc5NC4=O)C(=O)N(CC(F)(F)F)C2)c1F,5.9
781,CHEMBL570750,OC1CCN(CC1)C(=O)N[C@@H]2CC[C@H](CN(CC(F)(F)F)C2=O)c3cccc(F)c3F,5.3
799,CHEMBL577737,CN1C(=O)NC(=O)[C@]12Cc3ccc(NC(=O)CN(Cc4ccccc4)C(=O)C(C)(C)C)cc3C2,6.1
802,CHEMBL602075,COc1ccc(cc1CC(=O)N2CCC(CC2)N3C(=O)Nc4ncccc34)c5ccccc5,5.6
803,CHEMBL604539,O=C(Cc1oc(nn1)c2ccccc2)N3CCC(CC3)N4C(=O)Nc5ncccc45,6.7
804,CHEMBL601657,Clc1ccccc1c2oc(CC(=O)N3CCC(CC3)N4C(=O)Nc5ncccc45)nn2,6.3
805,CHEMBL600620,Clc1cccc(c1)c2oc(CC(=O)N3CCC(CC3)N4C(=O)Nc5ncccc45)nn2,6.5
806,CHEMBL600820,Clc1ccc(cc1)c2oc(CC(=O)N3CCC(CC3)N4C(=O)Nc5ncccc45)nn2,6.0
807,CHEMBL603098,Clc1cccc(c1Cl)c2oc(CC(=O)N3CCC(CC3)N4C(=O)Nc5ncccc45)nn2,6.8
808,CHEMBL600010,Clc1ccc(Cl)c(c1)c2oc(CC(=O)N3CCC(CC3)N4C(=O)Nc5ncccc45)nn2,6.9
809,CHEMBL600011,Clc1cccc(Cl)c1c2oc(CC(=O)N3CCC(CC3)N4C(=O)Nc5ncccc45)nn2,6.1
810,CHEMBL602492,Clc1ccc(cc1Cl)c2oc(CC(=O)N3CCC(CC3)N4C(=O)Nc5ncccc45)nn2,6.6
811,CHEMBL602085,Clc1cc(Cl)cc(c1)c2oc(CC(=O)N3CCC(CC3)N4C(=O)Nc5ncccc45)nn2,7.8
812,CHEMBL604955,Fc1cc(F)cc(c1)c2oc(CC(=O)N3CCC(CC3)N4C(=O)Nc5ncccc45)nn2,6.9
813,CHEMBL602086,Cc1cc(C)cc(c1)c2oc(CC(=O)N3CCC(CC3)N4C(=O)Nc5ncccc45)nn2,7.6
814,CHEMBL601455,FC(F)(F)c1cc(cc(c1)C(F)(F)F)c2oc(CC(=O)N3CCC(CC3)N4C(=O)Nc5ncccc45)nn2,7.6
815,CHEMBL601033,COc1cc(OC)cc(c1)c2oc(CC(=O)N3CCC(CC3)N4C(=O)Nc5ncccc45)nn2,7.3
816,CHEMBL601034,Fc1cc(Cl)cc(c1)c2oc(CC(=O)N3CCC(CC3)N4C(=O)Nc5ncccc45)nn2,7.6
817,CHEMBL601246,Clc1cc(Br)cc(c1)c2oc(CC(=O)N3CCC(CC3)N4C(=O)Nc5ncccc45)nn2,7.9
818,CHEMBL600636,FC(F)(F)c1cc(Cl)cc(c1)c2oc(CC(=O)N3CCC(CC3)N4C(=O)Nc5ncccc45)nn2,8.4
819,CHEMBL604949,COc1cc(Cl)cc(c1)c2oc(CC(=O)N3CCC(CC3)N4C(=O)Nc5ncccc45)nn2,8.1
820,CHEMBL600836,Clc1cc(cc(c1)c2oc(CC(=O)N3CCC(CC3)N4C(=O)Nc5ncccc45)nn2)c6ccccc6,8.6
821,CHEMBL600837,Clc1cc(cc(c1)c2oc(CC(=O)N3CCC(CC3)N4C(=O)Nc5ncccc45)nn2)N6CCOCC6,8.2
822,CHEMBL609472,Cc1cc(cc(c1)c2oc(CC(=O)N3CCC(CC3)N4C(=O)Nc5ncccc45)nn2)N6CCOCC6,8.2
823,CHEMBL592406,O=C(Cc1oc(nn1)c2cc(cc(c2)c3ccccc3)N4CCOCC4)N5CCC(CC5)N6C(=O)Nc7ncccc67,6.7
824,CHEMBL601639,CN1CCN(CC1)c2cc(Cl)cc(c2)c3oc(CC(=O)N4CCC(CC4)N5C(=O)Nc6ncccc56)nn3,8.3
825,CHEMBL601854,CN1CCC(CC1)c2cc(Cl)cc(c2)c3oc(CC(=O)N4CCC(CC4)N5C(=O)Nc6ncccc56)nn3,8.4
826,CHEMBL610062,CCN1CCC(CC1)c2cc(Cl)cc(c2)c3oc(CC(=O)N4CCC(CC4)N5C(=O)Nc6ncccc56)nn3,8.5
827,CHEMBL592649,FC(F)CN1CCC(CC1)c2cc(Cl)cc(c2)c3oc(CC(=O)N4CCC(CC4)N5C(=O)Nc6ncccc56)nn3,8.4
828,CHEMBL609757,Cc1ccc(cn1)c2cc(Cl)cc(c2)c3oc(CC(=O)N4CCC(CC4)N5C(=O)Nc6ncccc56)nn3,8.6
829,CHEMBL601857,Cc1ncc(c2cc(Cl)cc(c2)c3oc(CC(=O)N4CCC(CC4)N5C(=O)Nc6ncccc56)nn3)n1C,8.8
830,CHEMBL605579,CN(C)CCOc1cc(Cl)cc(c1)c2oc(CC(=O)N3CCC(CC3)N4C(=O)Nc5ncccc45)nn2,8.3
831,CHEMBL602475,CN(C)CCOc1cc(Cl)cc(c1)c2oc(CC(=O)N3CCC(CC3)N4CCc5ccccc5NC4=O)nn2,7.9
852,CHEMBL1089496,CN1C(=O)NC(=O)[C@]12Cc3cc(F)c(NC(=O)CN4C(=O)N(c5ccccn5)c6ccccc46)cc3C2,6.14
853,CHEMBL1089497,CN1C(=O)NC(=O)[C@@]12Cc3cc4nc(CN5C(=O)N(c6ccccn6)c7ccccc57)[nH]c4cc3C2,6.5
855,CHEMBL1088906,CN1C(=O)NC(=O)[C@]12Cc3cc4oc(CN5C(=O)N(c6ccccn6)c7ccccc57)nc4cc3C2,5.22
856,CHEMBL1089207,CN1C(=O)NC(=O)C12Cc3cc4ncc(CN5C(=O)N(c6ccccn6)c7ccccc57)nc4cc3C2,6.73
998,CHEMBL2018354,O=C(C[C@H](NCc1ccccn1)C(=O)N2CCC(CC2)N3CCCCC3)N4CCC(CC4)N5Cc6ccccc6NC5=O,6.16
999,CHEMBL2018355,O=C(C[C@H](NCc1ccc2[nH]ccc2c1)C(=O)N3CCC(CC3)N4CCCCC4)N5CCC(CC5)N6Cc7ccccc7NC6=O,6.42
1000,CHEMBL2018356,O=C(C[C@H](NCc1ccc2[nH]ncc2c1)C(=O)N3CCC(CC3)N4CCCCC4)N5CCC(CC5)N6Cc7ccccc7NC6=O,6.89
1001,CHEMBL2018357,OC1CCC(CC1)N[C@@H](CC(=O)N2CCC(CC2)N3Cc4ccccc4NC3=O)C(=O)N5CCC(CC5)N6CCCCC6,5.35
1002,CHEMBL2018358,Fc1ccc(cc1F)C(=O)N[C@@H](CC(=O)N2CCC(CC2)N3Cc4ccccc4NC3=O)C(=O)N5CCC(CC5)N6CCCCC6,6.37
1003,CHEMBL2018359,CC(C)(C)OC(=O)N[C@@H](CC(=O)N1CCC(CC1)N2Cc3ccccc3NC2=O)C(=O)N4CCC(CC4)N5CCCCC5,6.23
1004,CHEMBL2018487,O=C(C[C@H](NC(=O)Oc1ccccc1)C(=O)N2CCC(CC2)N3CCCCC3)N4CCC(CC4)N5Cc6ccccc6NC5=O,6.55
1009,CHEMBL2018493,O=C(C[C@H](Nc1ccncn1)C(=O)N2CCC(CC2)N3CCCCC3)N4CCC(CC4)N5Cc6ccccc6NC5=O,5.85
1011,CHEMBL2018495,Clc1nc(N[C@@H](CC(=O)N2CCC(CC2)N3Cc4ccccc4NC3=O)C(=O)N5CCC(CC5)N6CCCCC6)c7cn[nH]c7n1,6.6
1014,CHEMBL2018498,O=C(C[C@H](Nc1ccc2[nH]ccc2c1)C(=O)N3CCC(CC3)N4CCCCC4)N5CCC(CC5)N6Cc7ccccc7NC6=O,6.75
1015,CHEMBL2018499,O=C(C[C@H](Nc1ccc2[nH]ncc2c1)C(=O)N3CCC(CC3)N4CCCCC4)N5CCC(CC5)N6Cc7ccccc7NC6=O,6.77
1016,CHEMBL2018500,O=C(C[C@H](Nc1cccc2ncccc12)C(=O)N3CCC(CC3)N4CCCCC4)N5CCC(CC5)N6Cc7ccccc7NC6=O,6.05
1017,CHEMBL2018501,Brc1ccc(N[C@@H](CC(=O)N2CCC(CC2)N3Cc4ccccc4NC3=O)C(=O)N5CCC(CC5)N6CCCCC6)c7ccccc17,6.92
1018,CHEMBL2018502,O=C(C[C@H](Nc1cccc2ccccc12)C(=O)N3CCC(CC3)N4CCCCC4)N5CCC(CC5)N6Cc7ccccc7NC6=O,6.66
1032,CHEMBL2018516,O=C(CC(Cc1ccc2[nH]ncc2c1)C(=O)N3CCC4(CC3)OCCO4)N5CCC6(CC5)OC(=O)Nc7ccccc67,6.34
1038,CHEMBL2018491,Clc1ccccc1NC(=O)N[C@@H](CC(=O)N2CCC(CC2)N3Cc4ccccc4NC3=O)C(=O)N5CCC(CC5)N6CCCCC6,7.0
1143,CHEMBL2059786,CC(C)C[C@@H](NC(=O)N1CCC(CC1)N2C(=O)Nc3ccccc23)C(=O)N4CCC(CC4)N5CCCCC5,5.62
1144,CHEMBL2059787,O=C(N[C@H](Cc1ccccc1)C(=O)N2CCC(CC2)N3CCCCC3)N4CCC(CC4)N5C(=O)Nc6ccccc56,6.52
1148,CHEMBL2059792,Oc1ccc(CC[C@@H](NC(=O)N2CCC(CC2)N3C(=O)Nc4ccccc34)C(=O)N5CCC(CC5)N6CCCCC6)cc1,5.68
1149,CHEMBL2059793,COc1ccc(C[C@@H](NC(=O)N2CCC(CC2)N3C(=O)Nc4ccccc34)C(=O)N5CCC(CC5)N6CCCCC6)cc1,5.85
1152,CHEMBL2059796,Nc1ccc(C[C@@H](NC(=O)N2CCC(CC2)N3C(=O)Nc4ccccc34)C(=O)N5CCC(CC5)N6CCCCC6)cc1,6.13
1153,CHEMBL2059797,CC(=O)Nc1ccc(C[C@@H](NC(=O)N2CCC(CC2)N3C(=O)Nc4ccccc34)C(=O)N5CCC(CC5)N6CCCCC6)cc1,5.72
1155,CHEMBL2059799,O=C(N[C@H](Cc1ccc2ccccc2c1)C(=O)N3CCC(CC3)N4CCCCC4)N5CCC(CC5)N6C(=O)Nc7ccccc67,6.64
1156,CHEMBL2059800,O=C(N[C@H](Cc1ccc(cc1)c2ccccc2)C(=O)N3CCC(CC3)N4CCCCC4)N5CCC(CC5)N6C(=O)Nc7ccccc67,6.6
1163,CHEMBL2059852,O=C(N[C@@H](Cc1ccc2[nH]ncc2c1)C(=O)N3CCC(CC3)N4CCCCC4)N5CCC(CC5)N6Cc7ccccc7NC6=O,6.6
1173,CHEMBL2059895,O=C(N[C@H](Cc1csc2ccccc12)C(=O)N3CCC(CC3)N4CCCCC4)N5CCC6(CC5)C(=O)Nc7ccccc67,6.77
1176,CHEMBL2059898,O=C(N[C@H](Cc1csc2ccccc12)C(=O)N3CCC(CC3)N4CCCCC4)N5CCC6(CC5)CNC(=O)c7ccccc67,6.82
1177,CHEMBL2059899,CN1c2ccccc2C(=O)NC13CCN(CC3)C(=O)N[C@H](Cc4csc5ccccc45)C(=O)N6CCC(CC6)N7CCCCC7,6.07
1179,CHEMBL2059901,O=C(N[C@H](Cc1csc2ccccc12)C(=O)N3CCC(CC3)N4CCCCC4)N5CCC6(CC5)N(CNC6=O)c7ccccc7,6.48
1180,CHEMBL2059902,O=C(N[C@H](Cc1csc2ccccc12)C(=O)N3CCC(CC3)N4CCCCC4)N5CCC6(CC5)N=C(NC6=O)C7CCCCC7,5.07
1181,CHEMBL2059903,O=C(N[C@H](Cc1csc2ccccc12)C(=O)N3CCC(CC3)N4CCCCC4)N5CCC6(CC5)N=C(NC6=O)c7ccncc7,5.85
1182,CHEMBL2059904,O=C(N[C@H](Cc1csc2ccccc12)C(=O)N3CCC(CC3)N4CCCCC4)N5CCC6(CC5)N=C(NC6=O)c7cccnc7,6.68
1194,CHEMBL2063116,Fc1cccc([C@H]2CC[C@H](OC(=O)N3CCC(CC3)N4C(=O)Nc5ncccc45)c6ncccc6C2)c1F,6.03
1278,CHEMBL2430175,Cc1c[nH]c(n1)C(Cc2cc(C)c3[nH]ncc3c2)NC(=O)N4CCC(CC4)N5Cc6ccccc6NC5=O,6.92
1315,CHEMBL3114487,CN1CCN(CC1)c2ccccc2[C@@H]3S[C@@H](CC(=O)N4CCC(CC4)N5Cc6ccccc6NC5=O)C(=O)N3CCC(C)(C)C,5.75
1347,CHEMBL3114471,CC(C)(C)CCN1C(SC(CC(=O)N2CCC(CC2)N3Cc4ccccc4NC3=O)C1=O)c5cccc(F)c5F,6.93
1351,CHEMBL3114469,O=C(CC1SC(N(CCc2ccccn2)C1=O)c3ccccc3)N4CCC(CC4)N5Cc6ccccc6NC5=O,6.7
1353,CHEMBL3114468,O=C(CC1SC(N(Cc2cccnc2)C1=O)c3ccccc3)N4CCC(CC4)N5Cc6ccccc6NC5=O,6.59
1357,CHEMBL3114466,O=C(CC1SC(N(C1=O)c2ccccc2)c3ccccc3)N4CCC(CC4)N5Cc6ccccc6NC5=O,6.09
1365,CHEMBL3114462,CC(N1C(SC(CC(=O)N2CCC(CC2)N3Cc4ccccc4NC3=O)C1=O)c5ccccc5)c6ccccc6,6.53
1367,CHEMBL3114461,CCN(CC)CCN1C(SC(CC(=O)N2CCC(CC2)N3Cc4ccccc4NC3=O)C1=O)c5ccccc5,6.52
1369,CHEMBL3114460,COCCN1C(SC(CC(=O)N2CCC(CC2)N3Cc4ccccc4NC3=O)C1=O)c5ccccc5,6.91
1371,CHEMBL3114459,FC(F)(F)CN1C(SC(CC(=O)N2CCC(CC2)N3Cc4ccccc4NC3=O)C1=O)c5ccccc5,6.12
1373,CHEMBL3114458,CC(C)(C)N1C(SC(CC(=O)N2CCC(CC2)N3Cc4ccccc4NC3=O)C1=O)c5ccccc5,5.73
1381,CHEMBL3114454,O=C(CC1SC(N(C2CC2)C1=O)c3ccccc3)N4CCC(CC4)N5Cc6ccccc6NC5=O,6.06
1383,CHEMBL3114681,CC(C)N1C(SC(CC(=O)N2CCC(CC2)N3Cc4ccccc4NC3=O)C1=O)c5ccccc5,6.94
1385,CHEMBL3114680,CN1C(SC(CC(=O)N2CCC(CC2)N3Cc4ccccc4NC3=O)C1=O)c5ccccc5,6.69
1389,CHEMBL3114678,CC(C)CCN(Cc1cc(Br)c(O)c(Br)c1)C(=O)CCC(=O)N2CCC(CC2)N3Cc4ccccc4NC3=O,6.55
1430,CHEMBL3655564,O=C(CN1C(=O)N(c2ccccn2)c3ccccc13)Nc4ccc5CC6(Cc5c4)N=C(NC6=O)c7ccccn7,6.24
1431,CHEMBL3655565,O=C(CN1C(=O)N(c2ccccn2)c3ccccc13)Nc4ccc5CC6(Cc5c4)N=C(NC6=O)C7CC7,5.59
1432,CHEMBL3655566,CCCC1=NC2(Cc3ccc(NC(=O)CN4C(=O)N(c5ccccn5)c6ccccc46)cc3C2)C(=O)N1,5.19
1433,CHEMBL3655567,O=C(CN1C(=O)N(c2ccccn2)c3ccccc13)Nc4ccc5CC6(Cc5c4)N=C(NC6=O)c7cnccn7,6.2
1435,CHEMBL3655569,O=C(CN1C(=O)N(c2ccccn2)c3ccccc13)Nc4ccc5CC6(Cc5c4)N=C(NC6=O)c7cccnc7,6.89
1436,CHEMBL3655570,O=C(CN1C(=O)N(c2ccccn2)c3ccccc13)Nc4ccc5CC6(Cc5c4)N=C(NC6=O)c7ccncc7,6.8
