,molecule_chembl_id,canonical_smiles,pchembl_value
0,calcitonin (salmon synthetic),[H]N[C@H]1CSSC[C@H](NC(=O)[C@@H](NC(=O)[C@H](CO)NC(=O)[C@H](CC(C)C)NC(=O)[C@H](CC(N)=O)NC(=O)[C@H](CO)NC1=O)[C@@H](C)O)C(=O)N[C@@H](C(C)C)C(=O)N[C@@H](CC(C)C)C(=O)NCC(=O)N[C@@H](CCCCN)C(=O)N[C@@H](CC(C)C)C(=O)N[C@@H](CO)C(=O)N[C@@H](CCC(N)=O)C(=O)N[C@@H](CCC(O)=O)C(=O)N[C@@H](CC(C)C)C(=O)N[C@@H](CC1=CNC=N1)C(=O)N[C@@H](CCCCN)C(=O)N[C@@H](CC(C)C)C(=O)N[C@@H](CCC(N)=O)C(=O)N[C@@H]([C@@H](C)O)C(=O)N[C@@H](CC1=CC=C(O)C=C1)C(=O)N1CCC[C@H]1C(=O)N[C@@H](CCCNC(N)=N)C(=O)N[C@@H]([C@@H](C)O)C(=O)N[C@@H](CC(N)=O)C(=O)N[C@@H]([C@@H](C)O)C(=O)NCC(=O)N[C@@H](CO)C(=O)NCC(=O)N[C@@H]([C@@H](C)O)C(=O)N1CCC[C@H]1C(N)=O,
1,pramlintide,[H]N[C@@H](CCCCN)C(=O)N[C@H]1CSSC[C@H](NC(=O)[C@@H](NC(=O)[C@H](C)NC(=O)[C@@H](NC(=O)[C@H](CC(N)=O)NC1=O)[C@@H](C)O)[C@@H](C)O)C(=O)N[C@@H](C)C(=O)N[C@@H]([C@@H](C)O)C(=O)N[C@@H](CCC(N)=O)C(=O)N[C@@H](CCCNC(N)=N)C(=O)N[C@@H](CC(C)C)C(=O)N[C@@H](C)C(=O)N[C@@H](CC(N)=O)C(=O)N[C@@H](CC1=CC=CC=C1)C(=O)N[C@@H](CC(C)C)C(=O)N[C@@H](C(C)C)C(=O)N[C@@H](CC1=CNC=N1)C(=O)N[C@@H](CO)C(=O)N[C@@H](CO)C(=O)N[C@@H](CC(N)=O)C(=O)N[C@@H](CC(N)=O)C(=O)N[C@@H](CC1=CC=CC=C1)C(=O)NCC(=O)N1CCC[C@H]1C(=O)N[C@@H]([C@@H](C)CC)C(=O)N[C@@H](CC(C)C)C(=O)N1CCC[C@H]1C(=O)N1CCC[C@H]1C(=O)N[C@@H]([C@@H](C)O)C(=O)N[C@@H](CC(N)=O)C(=O)N[C@@H](C(C)C)C(=O)NCC(=O)N[C@@H](CO)C(=O)N[C@@H](CC(N)=O)C(=O)N[C@@H]([C@@H](C)O)C(=O)N[C@@H](CC1=CC=C(O)C=C1)C(N)=O,9.44999981
2,calcitonin (human synthetic),[H]N[C@H]1CSSC[C@H](NC(=O)[C@@H](NC(=O)[C@H](CO)NC(=O)[C@H](CC(C)C)NC(=O)[C@H](CC(N)=O)NC(=O)CNC1=O)[C@@H](C)O)C(=O)N[C@@H](CCSC)C(=O)N[C@@H](CC(C)C)C(=O)NCC(=O)N[C@@H]([C@@H](C)O)C(=O)N[C@@H](CC1=CC=C(O)C=C1)C(=O)N[C@@H]([C@@H](C)O)C(=O)N[C@@H](CCC(N)=O)C(=O)N[C@@H](CC(O)=O)C(=O)N[C@@H](CC1=CC=CC=C1)C(=O)N[C@@H](CC(N)=O)C(=O)N[C@@H](CCCCN)C(=O)N[C@@H](CC1=CC=CC=C1)C(=O)N[C@@H](CC1=CNC=N1)C(=O)N[C@@H]([C@@H](C)O)C(=O)N[C@@H](CC1=CC=CC=C1)C(=O)N1CCC[C@H]1C(=O)N[C@@H](CCC(N)=O)C(=O)N[C@@H]([C@@H](C)O)C(=O)N[C@@H](C)C(=O)N[C@@H]([C@@H](C)CC)C(=O)NCC(=O)N[C@@H](C(C)C)C(=O)NCC(=O)N[C@@H](C)C(=O)N1CCC[C@H]1C(N)=O,
3,CHEMBL2369892,CC[C@H](C)[C@H](NC(=O)[C@H](C)NC(=O)[C@@H](NC(=O)[C@H](CCC(=O)N)NC(=O)[C@H]1CCCN1C(=O)[C@H](Cc2ccccc2)NC(=O)[C@@H](NC(Cc3c[nH]cn3)C(=O)N[C@@H](Cc4ccccc4)C(=O)[C@H](CCCCN)NC(=O)[C@H](CC(=O)N)NC(=O)[C@H](Cc5ccccc5)NC(=O)[C@H](CC(=O)O)NC(=O)[C@H](CCC(=O)N)NC(=O)[C@@H](NC(=O)[C@H](Cc6ccc(O)cc6)NC(=O)[C@@H](NC(=O)CNC(=O)[C@H](CC(C)C)NC(=O)[C@H](CCSC)NC(=O)[C@H](CS)NC(=O)[C@@H](NC(=O)[C@H](CO)NC(=O)[C@H](CC(C)C)NC(=O)[C@H](CC(=O)N)NC(=O)CNC(=O)[C@@H](N)CS)[C@@H](C)O)[C@@H](C)O)[C@@H](C)O)[C@@H](C)O)[C@@H](C)O)C(=O)NCC(=O)N[C@@H](C(C)C)C(=O)NCC(=O)N[C@@H](C)C(=O)N7CCC[C@@H]7C(=O)N,7.37
4,CHEMBL2369897,CCCC[C@H](NC(=O)[C@H](CS)NC(=O)[C@@H](NC(=O)[C@H](CO)NC(=O)[C@H](CC(C)C)NC(=O)[C@H](CC(=O)N)NC(=O)CNC(=O)[C@@H](N)CS)[C@@H](C)O)C(=O)N[C@@H](CC(C)C)C(=O)NCC(=O)N[C@@H]([C@@H](C)O)C(=O)N[C@@H](Cc1ccc(O)cc1)C(=O)N[C@@H]([C@@H](C)O)C(=O)N[C@@H](CCC(=O)N)C(=O)N[C@@H](CC(=O)O)C(=O)N[C@@H](Cc2ccccc2)C(=O)N[C@@H](CC(=O)N)C(=O)N[C@@H](CCCCN)C(=O)[C@H](Cc3ccccc3)NC(=O)C(Cc4c[nH]cn4)N[C@@H](CCC)C(=O)N[C@@H](Cc5ccc(O)cc5)C(=O)N6CCC[C@@H]6C(=O)N[C@@H](CCC(=O)N)C(=O)N[C@@H]([C@@H](C)O)C(=O)N[C@@H](C)C(=O)N[C@@H]([C@@H](C)CC)C(=O)NCC(=O)N[C@@H](C(C)C)C(=O)NCC(=O)N[C@@H](C)C(=O)N7CCC[C@@H]7C(=O)N,8.28
5,CHEMBL2369893,CCCC[C@H](NC(=O)[C@H](CS)NC(=O)[C@@H](NC(=O)[C@H](CO)NC(=O)[C@H](CC(C)C)NC(=O)[C@H](CC(=O)N)NC(=O)CNC(=O)[C@@H](N)CS)[C@@H](C)O)C(=O)N[C@@H](CC(C)C)C(=O)NCC(=O)N[C@@H]([C@@H](C)O)C(=O)N[C@@H](Cc1ccccc1)C(=O)N[C@@H]([C@@H](C)O)C(=O)N[C@@H](CCC(=O)N)C(=O)N[C@@H](CC(=O)O)C(=O)N[C@@H](Cc2ccccc2)C(=O)N[C@H]3CC(=O)NCCC[C@H](NC(Cc4c[nH]cn4)C(=O)N[C@@H](Cc5ccccc5)C(=O)[C@H](CCCCN)NC3=O)C(=O)N[C@@H](Cc6ccc(O)cc6)C(=O)N7CCC[C@@H]7C(=O)N[C@@H](CCC(=O)N)C(=O)N[C@@H]([C@@H](C)O)C(=O)N[C@@H](C)C(=O)N[C@@H]([C@@H](C)CC)C(=O)NCC(=O)N[C@@H](C(C)C)C(=O)NCC(=O)N[C@@H](C)C(=O)N8CCC[C@@H]8C(=O)N,9.25
5,CHEMBL2369886,CC(C)C[C@H](NC(=O)[C@@H](NC(=O)[C@H](CS)NC(=O)[C@@H](NC(=O)[C@H](CO)NC(=O)[C@H](CC(C)C)NC(=O)[C@H](CC(=O)N)NC(=O)[C@H](CO)NC(=O)[C@@H](N)CS)[C@@H](C)O)C(C)C)C(=O)NCC(=O)N[C@@H](CCCCN)C(=O)N[C@@H](CC(C)C)C(=O)N[C@@H](CO)C(=O)N[C@@H](CCC(=O)N)C(=O)N[C@@H](CCC(=O)O)C(=O)N[C@@H](CC(C)C)C(=O)N[C@H]1CC(=O)NCCC[C@H](NC(=O)[C@H](Cc2cn(N)cn2)NC(=O)[C@H](CC(C)C)NC(=O)[C@H](CCCCN)NC1=O)C(=O)N[C@@H](Cc3ccc(O)cc3)C(=O)N4CCC[C@@H]4C(=O)N[C@@H](CCCN=C(N)N)C(=O)N[C@@H]([C@@H](C)O)C(=O)N[C@@H](CC(=O)N)C(=O)N[C@@H]([C@@H](C)O)C(=O)NCC(=O)N[C@@H](CO)C(=O)NCC(=O)N[C@@H]([C@@H](C)O)C(=O)N5CCC[C@@H]5C(=O)N,10.16
17,CHEMBL2369915,CCCC[C@H](NC(=O)[C@H](Cc1c[nH]cn1)NC(=O)[C@H](CC(C)C)NC(=O)[C@H](CCCCN)NC(=O)[C@H](CC(=O)N)NC(=O)[C@H](CC(C)C)NC(=O)[C@H](CCC(=O)O)NC(=O)[C@H](CCC(=O)N)NC(=O)[C@H](CO)NC(=O)[C@H](CC(C)C)NC(=O)[C@H](CCCCN)NC(=O)CNC(=O)[C@H](CC(C)C)NC(=O)[C@@H](NC(=O)[C@H](CS)NC(=O)[C@@H](NC(=O)[C@H](CO)NC(=O)[C@H](CC(C)C)NC(=O)[C@H](CC(=O)N)NC(=O)[C@H](CO)NC(=O)[C@@H](N)CS)[C@@H](C)O)C(C)C)C(=O)N[C@@H](Cc2ccc(O)cc2)C(=O)N3CCC[C@@H]3C(=O)N[C@@H](CCCN=C(N)N)C(=O)N[C@@H]([C@@H](C)O)C(=O)N[C@@H](CC(=O)N)C(=O)N[C@@H]([C@@H](C)O)C(=O)NCC(=O)N[C@@H](CO)C(=O)NCC(=O)N[C@@H]([C@@H](C)O)C(=O)N4CCC[C@@H]4C(=O)N,10.16
21,CHEMBL2369895,CC(C)C[C@H](NC(=O)[C@@H](NC(=O)[C@H](CS)NC(=O)[C@@H](NC(=O)[C@H](CO)NC(=O)[C@H](CC(C)C)NC(=O)[C@H](CC(=O)N)NC(=O)[C@H](CO)NC(=O)[C@@H](N)CS)[C@@H](C)O)C(C)C)C(=O)NCC(=O)N[C@@H](CCCCN)C(=O)N[C@@H](CC(C)C)C(=O)N[C@@H](CO)C(=O)N[C@@H](CCC(=O)N)C(=O)N[C@@H](CCC(=O)O)C(=O)N[C@@H](CC(C)C)C(=O)N[C@H]1CC(=O)NCCC[C@H](NC(=O)[C@H](CCC(=O)N)NC(=O)[C@H](CC(C)C)NC(=O)[C@H](CCCCN)NC1=O)C(=O)N[C@@H](Cc2ccc(O)cc2)C(=O)N3CCC[C@@H]3C(=O)N[C@@H](CCCN=C(N)N)C(=O)N[C@@H]([C@@H](C)O)C(=O)N[C@@H](CC(=O)N)C(=O)N[C@@H]([C@@H](C)O)C(=O)NCC(=O)N[C@@H](CO)C(=O)NCC(=O)N[C@@H]([C@@H](C)O)C(=O)N4CCC[C@@H]4C(=O)N,10.64
25,CHEMBL2304022,CC[C@H](C)[C@H](NC(=O)[C@H](C)NC(=O)[C@@H](NC(=O)[C@H](CCC(=O)N)NC(=O)[C@@H]1CCCN1C(=O)[C@H](Cc2ccccc2)NC(=O)[C@@H](N[C@@H](Cc3c[nH]cn3)C(=O)N[C@@H](Cc4ccccc4)C(=O)[C@@H]5CCCN5C(=O)[C@H](CC(=O)N)NC(=O)[C@H](Cc6ccccc6)NC(=O)[C@H](CC(=O)O)NC(=O)[C@H](CCC(=O)N)NC(=O)[C@@H](NC(=O)[C@H](Cc7ccc(O)cc7)NC(=O)[C@@H](NC(=O)CNC(=O)[C@H](CC(C)C)NC(=O)[C@H](CCSC)NC(=O)[C@H](CS)NC(=O)[C@@H](NC(=O)[C@H](CO)NC(=O)[C@H](CC(C)C)NC(=O)[C@H](CC(=O)N)NC(=O)CNC(=O)[C@@H](N)CS)[C@@H](C)O)[C@@H](C)O)[C@@H](C)O)[C@@H](C)O)[C@H](C)O)C(=O)NCC(=O)N[C@@H](C(C)C)C(=O)NCC(=O)N[C@@H](C)C(=O)N8CCC[C@H]8C(=O)N,5.91
29,CHEMBL2369899,CC[C@H](C)[C@H](NC(=O)[C@H](C)NC(=O)[C@@H](NC(=O)[C@H](CCC(=O)N)NC(=O)[C@H]1CCCN1C(=O)[C@H](Cc2ccccc2)NC(=O)[C@@H]3CCCCNC(=O)C[C@H](NC(=O)[C@H](Cc4ccccc4)NC(=O)[C@H](CC(=O)O)NC(=O)[C@H](CCC(=O)N)NC(=O)[C@@H](NC(=O)[C@H](Cc5ccc(O)cc5)NC(=O)[C@@H](NC(=O)CNC(=O)[C@H](CC(C)C)NC(=O)[C@H](CCSC)NC(=O)[C@H](CS)NC(=O)[C@@H](NC(=O)[C@H](CO)NC(=O)[C@H](CC(C)C)NC(=O)[C@H](CC(=O)N)NC(=O)CNC(=O)[C@@H](N)CS)[C@@H](C)O)[C@@H](C)O)[C@@H](C)O)C(=O)N[C@@H](CCCCN)C(=O)[C@H](Cc6ccccc6)NC(=O)[C@H](Cc7c[nH]cn7)N3)[C@@H](C)O)C(=O)NCC(=O)N[C@@H](C(C)C)C(=O)NCC(=O)N[C@@H](C)C(=O)N8CCC[C@@H]8C(=O)N,6.71
33,CHEMBL2369905,CC[C@H](C)[C@H](NC(=O)[C@H](C)NC(=O)[C@@H](NC(=O)[C@H](CCC(=O)N)NC(=O)[C@H]1CCCN1C(=O)[C@H](Cc2ccccc2)NC(=O)[C@@H](N[C@@H](Cc3c[nH]cn3)C(=O)N4CCC[C@H]4C(=O)[C@H](CCCCN)NC(=O)[C@H](CC(=O)N)NC(=O)[C@H](Cc5ccccc5)NC(=O)[C@H](CC(=O)O)NC(=O)[C@H](CCC(=O)N)NC(=O)[C@@H](NC(=O)[C@H](Cc6ccc(O)cc6)NC(=O)[C@@H](NC(=O)CNC(=O)[C@H](CC(C)C)NC(=O)[C@H](CCSC)NC(=O)[C@H](CS)NC(=O)[C@@H](NC(=O)[C@H](CO)NC(=O)[C@H](CC(C)C)NC(=O)[C@H](CC(=O)N)NC(=O)CNC(=O)[C@@H](N)CS)[C@@H](C)O)[C@@H](C)O)[C@@H](C)O)[C@@H](C)O)[C@@H](C)O)C(=O)NCC(=O)N[C@@H](C(C)C)C(=O)NCC(=O)N[C@@H](C)C(=O)N7CCC[C@@H]7C(=O)N,6.4
37,CHEMBL2369912,CC(C)C[C@H](NC(=O)[C@@H](NC(=O)[C@H](CS)NC(=O)[C@@H](NC(=O)[C@H](CO)NC(=O)[C@H](CC(C)C)NC(=O)[C@H](CC(=O)N)NC(=O)[C@H](CO)NC(=O)[C@@H](N)CS)[C@@H](C)O)C(C)C)C(=O)NCC(=O)N[C@@H](CCCCN)C(=O)N[C@@H](CC(C)C)C(=O)N[C@@H](CO)C(=O)N[C@@H](CCC(=O)N)C(=O)N[C@@H](CCC(=O)O)C(=O)N[C@@H](CC(C)C)C(=O)N[C@H]1CC(=O)NCCCC[C@H](NC(=O)[C@H](Cc2cn(N)cn2)NC(=O)[C@H](CC(C)C)NC(=O)[C@H](CCCCN)NC1=O)C(=O)N[C@@H](Cc3ccc(O)cc3)C(=O)N4CCC[C@@H]4C(=O)N[C@@H](CCCN=C(N)N)C(=O)N[C@@H]([C@@H](C)O)C(=O)N[C@@H](CC(=O)N)C(=O)N[C@@H]([C@@H](C)O)C(=O)NCC(=O)N[C@@H](CO)C(=O)NCC(=O)N[C@@H]([C@@H](C)O)C(=O)N5CCC[C@@H]5C(=O)N,10.3
49,CHEMBL2369907,CC(C)C[C@H](NC(=O)[C@@H](NC(=O)[C@H](CS)NC(=O)[C@@H](NC(=O)[C@H](CO)NC(=O)[C@H](CC(C)C)NC(=O)[C@H](CC(=O)N)NC(=O)[C@H](CO)NC(=O)[C@@H](N)CS)[C@@H](C)O)C(C)C)C(=O)NCC(=O)N[C@@H](CCCCN)C(=O)N[C@@H](CC(C)C)C(=O)N[C@@H](CO)C(=O)N[C@@H](CCC(=O)N)C(=O)N[C@@H](CCC(=O)O)C(=O)N[C@@H](CC(C)C)C(=O)N[C@@H](Cc1c[nH]cn1)C(=O)N[C@@H](CCCCN)C(=O)N[C@@H](CC(C)C)C(=O)N[C@@H](CCC(=O)N)C(=O)N[C@@H]([C@@H](C)O)C(=O)N[C@@H](Cc2ccc(O)cc2)C(=O)N3CCC[C@@H]3C(=O)N[C@@H](CCCN=C(N)N)C(=O)N[C@@H]([C@@H](C)O)C(=O)N[C@@H](CC(=O)N)C(=O)N[C@@H]([C@@H](C)O)C(=O)NCC(=O)N[C@@H](CO)C(=O)NCC(=O)N[C@@H]([C@@H](C)O)C(=O)N4CCC[C@@H]4C(=O)N,10.29
53,CHEMBL2369904,CC[C@H](C)[C@H](NC(=O)[C@H](C)NC(=O)[C@@H](NC(=O)[C@H](CCC(=O)N)NC(=O)[C@H]1CCCN1C(=O)[C@H](Cc2ccccc2)NC(=O)[C@@H](N[C@@H](Cc3c[nH]cn3)C(=O)NC(CCCCN)C(=O)[C@@H]4CCCN4C(=O)[C@H](CC(=O)N)NC(=O)[C@H](Cc5ccccc5)NC(=O)[C@H](CC(=O)O)NC(=O)[C@H](CCC(=O)N)NC(=O)[C@@H](NC(=O)[C@H](Cc6ccc(O)cc6)NC(=O)[C@@H](NC(=O)CNC(=O)[C@H](CC(C)C)NC(=O)[C@H](CCSC)NC(=O)[C@H](CS)NC(=O)[C@@H](NC(=O)[C@H](CO)NC(=O)[C@H](CC(C)C)NC(=O)[C@H](CC(=O)N)NC(=O)CNC(=O)[C@@H](N)CS)[C@@H](C)O)[C@@H](C)O)[C@@H](C)O)[C@@H](C)O)[C@@H](C)O)C(=O)NCC(=O)N[C@@H](C(C)C)C(=O)NCC(=O)N[C@@H](C)C(=O)N7CCC[C@@H]7C(=O)N,5.59
1800,CHEMBL2035983,C[C@]1(CNC2(CCCC2)C(=O)N1CC(=O)Nc3cnc4C[C@]5(Cc4c3)C(=O)Nc6ncccc56)c7cc(F)cc(F)c7,5.5
