,molecule_chembl_id,canonical_smiles,pchembl_value
0,cinacalcet,C[C@@H](NCCCc1cccc(c1)C(F)(F)F)c2cccc3ccccc23,7.7
1,etelcalcetide,C[C@@H](NC(=O)[C@@H](CCCNC(N)=N)NC(=O)[C@@H](CCCNC(N)=N)NC(=O)[C@@H](CCCNC(N)=N)NC(=O)[C@@H](C)NC(=O)[C@@H](CSSC[C@H](N)C(O)=O)NC(C)=O)C(=O)N[C@H](CCCNC(N)=N)C(N)=O,4.5999999
2,CHEMBL1256303,CC(O)(c1ccc(Cl)c(Cl)c1)c2nc3ccccc3s2,7.0
3,CHEMBL1256404,CC(O)(c1ccc(Cl)cc1Cl)c2nc3ccccc3s2,7.0
4,CHEMBL195859,CCC1=C(C)N=C(N(CCc2ccccc2)C1=O)c3ccccc3O,7.0
5,CHEMBL2346786,COC(=O)c1cccc(NC(=O)N(CCC(c2ccccc2)c3ccccc3)CCN4CCOCC4)c1,7.0
6,CHEMBL2349577,COC(=O)c1cccc(NC(=O)N(CCCN2CCN(C)CC2)CCC(c3ccccc3)c4ccccc4)c1,7.0
7,CHEMBL2375383,OC(=O)c1ccc2nc(NC(=O)N(CCC(c3ccccc3)c4ccccc4)CCN5CCOCC5)sc2c1,7.0
8,CHEMBL194764,CCC1=C(C)N=C(N(CCc2ccccc2F)C1=O)c3ccccc3O,7.01
9,CHEMBL1083694,CCc1cc2C(=O)N(CCc3ccccc3F)C(=Nc2cc1C)c4ccccc4O,7.01
10,CHEMBL1289346,FC(F)(F)[C@H]1C[C@H](Nc2c(cnn12)C(=O)OC34CC5CC(CC(C5)C3)C4)c6ccccc6,7.01
11,CHEMBL195711,CC(C)C1=C(C)N=C(N(CCc2cccc(F)c2)C1=O)c3ccccc3O,7.02
12,CHEMBL568485,C[C@@H](N[C@H](C)c1ccn(n1)c2ccc(cc2)C(F)(F)F)c3cccc(Cl)c3,7.04
13,CHEMBL2377745,FC(F)(F)Oc1ccc2nc(NC(=O)N(CCC(c3ccccc3)c4ccccc4)CCN5CCOCC5)sc2c1,7.05
14,CHEMBL292376,COc1cccc(c1)[C@@H](C)NCCCc2ccccc2Cl,7.1
15,CHEMBL2377752,CS(=O)(=O)c1ccc2nc(NC(=O)N(CCC(c3ccccc3)c4ccccc4)CCN5CCOCC5)sc2c1,7.1
16,CHEMBL2377727,Cc1cc(C)nc(NC(=O)N(CCC(c2ccccc2)c3ccccc3)CCN4CCOCC4)c1,7.1
17,CHEMBL1256402,Cc1ccc(c(C)c1)[C@@](C)(O)c2nc3ccccc3s2,7.1
18,CHEMBL2107572,Cl.COc1cccc(c1)[C@@H](C)NCCCc2ccccc2Cl,7.1
19,CHEMBL2377739,Clc1ccc2oc(NC(=O)N(CCC(c3ccccc3)c4ccccc4)CCN5CCOCC5)nc2c1,7.1
20,CHEMBL2377747,OCc1ccc2nc(NC(=O)N(CCC(c3ccccc3)c4ccccc4)CCN5CCOCC5)sc2c1,7.1
21,CHEMBL3827356,C[C@@H](OC[C@H](O)CNC(C)(C)Cc1ccc(Cl)c(F)c1)c2ccc(C)c3O[C@H]4[C@@H]([C@H]4c23)C(=O)O,7.11
22,CHEMBL1290106,C[C@H]1C[C@H](Nc2c(cnn12)C(=O)NC34CC5CC(CC(C5)C3)C4)c6ccccc6,7.12
23,CHEMBL1084513,CC(C)(CC1Cc2ccccc2C1)NC[C@@H](O)COc3cc(CCC(=O)O)ccc3C#N,7.14
24,CHEMBL569863,COc1cc(nn1c2ccc(cc2)C(F)(F)F)[C@@H](C)N[C@H](C)c3ccccc3,7.16
25,CHEMBL523475,COc1ccc(CC(C)(C)NCC(O)COc2cccc(Cl)c2C#N)cc1,7.16
26,CHEMBL487507,COc1ccc(CC(C)(C)NC[C@@H](O)COc2cccc(Cl)c2Cl)cc1,7.17
27,CHEMBL3827723,CC(OC[C@H](O)CNC(C)(C)Cc1ccc2ccccc2c1)c3ccc(C)c4OC5C(C5c34)C(=O)O,7.19
28,CHEMBL2346788,COC(=O)c1cccc(NC(=O)N(CCCN2CCNCC2)CCC(c3ccccc3)c4ccccc4)c1,7.22
29,CHEMBL2377746,Clc1ccc2nc(NC(=O)N(CCC(c3ccccc3)c4ccccc4)CCN5CCOCC5)sc2c1,7.22
30,CHEMBL2349575,Cn1nnc(n1)c2cccc(NC(=O)N(CCC(c3ccccc3)c4ccccc4)CCN5CCOCC5)c2,7.22
31,CHEMBL2349603,O=C(Nc1cccc(c1)c2ocnc2)N(CCC(c3ccccc3)c4ccccc4)CCN5CCOCC5,7.22
32,CHEMBL2377736,O=C(Nc1nc2ccccc2[nH]1)N(CCC(c3ccccc3)c4ccccc4)CCN5CCOCC5,7.22
33,CHEMBL3827154,C[C@@H](OC[C@H](O)CNC(C)(C)Cc1ccc(Cl)c(F)c1)c2ccc(C)c3O[C@@H]4[C@H]([C@@H]4c23)C(=O)O,7.23
34,CHEMBL577333,COc1cc(nn1c2cccc(Cl)c2)[C@@H](C)N[C@H](C)c3cccc(Cl)c3,7.24
35,CHEMBL1224423,COc1ccc(CN[C@H](C)c2ccc(F)cc2)cc1c3ccc(cc3)C(F)(F)F,7.24
36,CHEMBL1783762,CC(C)(CC1Cc2ccccc2C1)NC[C@@H](O)COc3cc(cc(F)c3F)C4CC5CC4C6C5C6C(=O)O,7.25
37,CHEMBL3093418,Fc1sc(NC(=O)N(CCC(c2ccccc2)c3ccccc3)CCN4CCOCC4)nc1c5ccccc5,7.28
38,CHEMBL3827577,C[C@@H](OC[C@H](O)CNC(C)(C)CCSc1ccccc1)c2ccc(C)c3O[C@@H]4[C@H]([C@@H]4c23)C(=O)O,7.29
39,CHEMBL1783934,C[C@@H](OC[C@H](O)CNC(C)(C)Cc1ccc(Cl)cc1F)c2ccccc2C3CC4CC3C5C4C5C(=O)O,7.3
40,CHEMBL3828154,C[C@@H](OC[C@H](O)CNC(C)(C)CC1Cc2ccccc2C1)c3ccc(C)c4O[C@H]5[C@@H]([C@H]5c34)C(=O)O,7.34
41,CHEMBL180672,CC(C)(Cc1ccc2ccccc2c1)NC[C@@H](O)COc3cccc(Cl)c3C#N,7.37
42,CHEMBL571476,COc1cc(nn1c2ccc(cc2)C(F)(F)F)[C@@H](C)N[C@H](C)c3cccc(Cl)c3,7.39
43,CHEMBL2377744,COc1ccc2nc(NC(=O)N(CCC(c3ccccc3)c4ccccc4)CCN5CCOCC5)sc2c1,7.4
44,CHEMBL1289345,FC(F)(F)[C@H]1C[C@H](Nc2c(cnn12)C(=O)NC34CC5CC(CC(C5)C3)C4)c6ccccc6,7.4
45,CHEMBL3827209,CSc1ccc(CC(C)(C)NC[C@@H](O)CO[C@H](C)c2ccc(C)c3O[C@@H]4[C@H]([C@@H]4c23)C(=O)O)cc1,7.41
46,CHEMBL1224342,COc1ccc(CN[C@H](C)c2cccc(F)c2)cc1c3ccc(cc3)C(F)(F)F,7.43
47,CHEMBL3093417,O=C(Nc1nc(cs1)c2ccccc2)N(CCC(c3ccccc3)c4ccccc4)CCN5CCOCC5,7.44
48,CHEMBL1256403,Cc1cc(Cl)ccc1C(C)(O)c2nc3ccccc3s2,7.5
49,CHEMBL2377741,COc1cccc2sc(NC(=O)N(CCC(c3ccccc3)c4ccccc4)CCN5CCOCC5)nc12,7.52
50,CHEMBL2377748,CS(=O)(=O)Nc1ccc2nc(NC(=O)N(CCC(c3ccccc3)c4ccccc4)CCN5CCOCC5)sc2c1,7.52
51,CHEMBL2377743,CS(=O)(=O)Nc1ccc2sc(NC(=O)N(CCC(c3ccccc3)c4ccccc4)CCN5CCOCC5)nc2c1,7.52
52,CHEMBL2377749,Cc1ccc2nc(NC(=O)N(CCC(c3ccccc3)c4ccccc4)CCN5CCOCC5)sc2c1,7.52
53,CHEMBL3827830,C[C@@H](OC[C@H](O)CNC(C)(C)CCCc1ccccc1)c2ccc(C)c3O[C@@H]4[C@H]([C@@H]4c23)C(=O)O,7.55
54,CHEMBL3827041,CSc1ccc(CC(C)(C)NC[C@@H](O)CO[C@H](C)c2ccc(C)c3O[C@@H]4[C@H]([C@@H]4c23)C(=O)O)cc1F,7.56
55,CHEMBL1224341,COc1ccc(CN[C@H](C)c2ccccc2)cc1c3ccc(cc3)C(F)(F)F,7.57
56,CHEMBL1783933,C[C@@H](OC[C@H](O)CNC(C)(C)Cc1ccc(C)c(F)c1)c2ccccc2C3CC4CC3C5C4C5C(=O)O,7.6
57,CHEMBL2368751,C[C@@H](OC[C@H](O)CNC(C)(C)Cc1ccc(C)c(F)c1)c2ccccc2[C@@H]3C[C@@H]4C[C@H]3[C@@H]5[C@H]4[C@H]5C(=O)O,7.6
58,CHEMBL1256367,Cc1ccc(c(C)c1)C(C)(O)c2nc3ccccc3s2,7.6
59,CHEMBL569182,COc1cc(nn1c2ccc(Br)cc2)[C@@H](C)N[C@H](C)c3cccc(Cl)c3,7.64
60,CHEMBL1224340,COc1cccc(c1)[C@@H](C)NCc2ccc(OC)c(c2)c3ccc(cc3)C(F)(F)F,7.64
61,CHEMBL1783931,Cc1ccc(CC(C)(C)NC[C@@H](O)COc2cc(ccc2C#N)C3CC4CC3C5C4C5C(=O)O)cc1F,7.64
62,CHEMBL3093416,O=C(Nc1nc(ns1)c2ccccc2)N(CCC(c3ccccc3)c4ccccc4)CCN5CCOCC5,7.64
63,CHEMBL3827475,C[C@@H](OC[C@H](O)CNC(C)(C)Cc1ccc2OCCOc2c1)c3ccc(C)c4O[C@@H]5[C@H]([C@@H]5c34)C(=O)O,7.66
64,CHEMBL3828483,C[C@@H](OC[C@H](O)CNC(C)(C)Cc1ccc2ccccc2c1)c3ccc(C)c4O[C@H]5[C@@H]([C@H]5c34)C(=O)O,7.67
65,CHEMBL3093430,CS(=O)(=O)Nc1ccc(cc1)c2nsc(NC(=O)N(CCC(c3ccc(F)cc3)c4ccc(F)cc4)CCN5CCOCC5)n2,7.7
66,CHEMBL3827736,C[C@@H](OC[C@H](O)CNC(C)(C)CC1Cc2ccccc2C1)c3ccc(C)c4O[C@@H]5[C@H]([C@@H]5c34)C(=O)O,7.7
67,CHEMBL2377740,Clc1cccc2sc(NC(=O)N(CCC(c3ccccc3)c4ccccc4)CCN5CCOCC5)nc12,7.7
68,CHEMBL2377735,O=C(Nc1nc2ccccc2s1)N(CCC(c3ccccc3)c4ccccc4)CCN5CCOCC5,7.7
69,CHEMBL3828187,COc1ccc(CC(C)(C)NC[C@@H](O)CO[C@H](C)c2ccc(C)c3O[C@@H]4[C@H]([C@@H]4c23)C(=O)O)c(Cl)c1,7.71
70,CHEMBL3093426,NS(=O)(=O)c1ccc(cc1)c2nc(NC(=O)N(CCC(c3cccc(F)c3)c4cccc(F)c4)CCN5CCOCC5)sc2Cl,7.72
71,CHEMBL3827570,C[C@@H](OC[C@H](O)CNC(C)(C)Cc1ccc(C)c(C)c1)c2ccc(C)c3O[C@@H]4[C@H]([C@@H]4c23)C(=O)O,7.75
72,CHEMBL1783935,C[C@@H](OC[C@H](O)CNC(C)(C)Cc1ccc(C)c(Cl)c1)c2ccccc2C3CC4CC3C5C4C5C(=O)O,7.75
73,CHEMBL3093420,Clc1sc(NC(=O)N(CCC(c2ccccc2)c3ccccc3)CCN4CCOCC4)nc1c5ccccc5,7.75
74,CHEMBL1224424,COc1ccc(cc1c2ccc(cc2)C(F)(F)F)[C@@H](C)N[C@H](C)c3ccccc3,7.77
75,CHEMBL3093419,CS(=O)(=O)c1sc(NC(=O)N(CCC(c2ccccc2)c3ccccc3)CCN4CCOCC4)nc1c5ccccc5,7.77
76,CHEMBL3093411,CS(=O)(=O)Nc1ccc(cc1)c2csc(NC(=O)N(CCC(c3ccccc3)c4ccccc4)CCN5CCOCC5)n2,7.8
77,CHEMBL1290328,CC1(C)C[C@H](Nc2c(cnn12)C(=O)NC34CC5CC(CC(C5)C3)C4)c6ccccc6,8.0
78,CHEMBL1256368,Cc1ccc(c(C)c1)[C@](C)(O)c2nc3ccccc3s2,8.0
79,CHEMBL3093427,NS(=O)(=O)c1ccc(cc1)c2nc(NC(=O)N(CCC(c3ccc(F)cc3)c4ccc(F)cc4)CCN5CCOCC5)sc2Cl,8.0
80,CHEMBL3827304,C[C@@H](OC[C@H](O)CNC(C)(C)Cc1ccc2sccc2c1)c3ccc(C)c4O[C@@H]5[C@H]([C@@H]5c34)C(=O)O,8.02
81,CHEMBL3093428,CS(=O)(=O)Nc1ccc(cc1)c2nc(NC(=O)N(CCC(c3ccc(F)cc3)c4ccc(F)cc4)CCN5CCOCC5)sc2Cl,8.05
82,CHEMBL3093429,NS(=O)(=O)c1ccc(cc1)c2nsc(NC(=O)N(CCC(c3ccc(F)cc3)c4ccc(F)cc4)CCN5CCOCC5)n2,8.05
83,CHEMBL3827259,C[C@@H](OC[C@H](O)CNC(C)(C)Cc1ccc2ccccc2c1)c3ccc(C)c4O[C@@H]5[C@H]([C@@H]5c34)C(=O)O,8.13
84,CHEMBL1783764,CC(C)(CC1Cc2ccccc2C1)NC[C@@H](O)COc3cc(ccc3C#N)C4CC5CC4C6C5C6C(=O)O,8.22
85,CHEMBL3093423,CS(=O)(=O)Nc1ccc(cc1)c2nsc(NC(=O)N(CCC(c3ccccc3)c4ccccc4)CCN5CCOCC5)n2,8.22
86,CHEMBL572163,CC(C)(Cc1ccc2ccccc2c1)NC[C@@H](O)COc3ccc(CCC(=O)O)cc3,8.32
87,CHEMBL3093425,NS(=O)(=O)c1ccc(cc1)c2nc(NC(=O)N(CCC(c3ccccc3F)c4ccccc4F)CCN5CCOCC5)sc2Cl,8.4
88,CHEMBL3093421,CS(=O)(=O)Nc1ccc(cc1)c2nc(NC(=O)N(CCC(c3ccccc3)c4ccccc4)CCN5CCOCC5)sc2Cl,8.52
89,CHEMBL2112075,Cl.CC(C)(Cc1ccc2ccccc2c1)NC[C@@H](O)COc3cccc(Cl)c3C#N,8.52
90,CHEMBL3093424,NS(=O)(=O)c1ccc(cc1)c2nsc(NC(=O)N(CCC(c3ccccc3)c4ccccc4)CCN5CCOCC5)n2,8.52
91,CHEMBL3093422,NS(=O)(=O)c1ccc(cc1)c2nc(NC(=O)N(CCC(c3ccccc3)c4ccccc4)CCN5CCOCC5)sc2Cl,8.7
92,CHEMBL570593,CC(C)(Cc1ccc2ccccc2c1)NC[C@@H](O)COc3ccc(CCC(=O)O)cc3C#N,10.66
0,CHEMBL2092942,Cl.C[C@@H](NCc1cc2ccccc2[nH]1)c3cccc4ccccc34,6.51
1,CHEMBL178442,Oc1ccccc1C2=Nc3cc(Cl)ccc3C(=O)N2CCc4cccc(F)c4,5.8
2,CHEMBL361333,Oc1ccccc1C2=Nc3ccc(Cl)cc3C(=O)N2CCc4ccccc4,6.52
3,CHEMBL180057,Cc1ccc2N=C(N(CCc3cccc(F)c3)C(=O)c2c1)c4ccccc4O,6.28
4,CHEMBL180250,Oc1ccccc1C2=Nc3ccccc3C(=O)N2CCc4cccc(Cl)c4,6.1
5,CHEMBL361623,Cc1cccc2N=C(N(CCc3ccccc3)C(=O)c12)c4ccccc4O,6.6
6,CHEMBL360226,Cc1cccc2N=C(N(CCc3cccc(F)c3)C(=O)c12)c4ccccc4O,6.6
7,CHEMBL183287,Oc1ccccc1C2=Nc3ccc(F)cc3C(=O)N2CCc4ccccc4,6.68
8,CHEMBL180463,Oc1ccccc1C2=Nc3ccc(F)cc3C(=O)N2CCc4cccc(F)c4,6.72
10,CHEMBL180336,O=C1N(CCc2ccccc2)C(=Nc3ccccc13)c4occc4,5.46
11,CHEMBL180391,O=C1N(CCc2ccccc2)C(=Nc3ccccc13)c4ccccc4,4.85
17,CHEMBL179333,Oc1cccc(c1)C2=Nc3ccccc3C(=O)N2CCc4ccccc4,5.55
19,CHEMBL182107,Oc1ccc(O)c(c1)C2=Nc3ccccc3C(=O)N2CCc4ccccc4,5.8
20,CHEMBL180030,Oc1ccccc1C2=Nc3ccccc3C(=O)N2CCc4ccccc4,6.52
21,CHEMBL179907,Cc1cccc2C(=O)N(CCc3ccccc3)C(=Nc12)c4ccccc4O,6.16
22,CHEMBL361316,Oc1ccccc1C2=Nc3cc(F)ccc3C(=O)N2CCc4ccccc4,6.22
23,CHEMBL195176,CC1=CC(=O)N(CCc2ccccc2)C(=N1)c3ccccc3O,5.72
24,CHEMBL373306,CC1=CC(=O)N(CCc2ccccc2F)C(=N1)c3ccccc3O,5.8
25,CHEMBL194063,CC1=CC(=O)N(CCc2cccc(F)c2)C(=N1)c3ccccc3O,5.96
26,CHEMBL371828,CC1=C(C)C(=O)N(CCc2ccccc2)C(=N1)c3ccccc3O,6.7
27,CHEMBL193498,CC1=C(C)C(=O)N(CCc2cccc(F)c2)C(=N1)c3ccccc3O,6.77
28,CHEMBL195045,CC1=C(N=C(N(CCc2ccccc2)C1=O)c3ccccc3O)C(F)(F)F,6.1
31,CHEMBL195566,CCCC1=C(C)N=C(N(CCc2cccc(F)c2)C1=O)c3ccccc3O,6.85
33,CHEMBL195305,CC1=C(C2CC2)C(=O)N(CCc3cccc(F)c3)C(=N1)c4ccccc4O,6.92
34,CHEMBL369998,Oc1ccccc1C2=NC3CCCCC3C(=O)N2CCc4ccccc4,6.85
35,CHEMBL194490,Oc1ccccc1C2=NC3CCCCC3C(=O)N2CCc4cccc(F)c4,6.8
36,CHEMBL370503,Oc1ccccc1C2=NC3CCCC3C(=O)N2CCc4ccccc4,6.7
37,CHEMBL195375,Oc1ccccc1C2=NC3CCCC3C(=O)N2CCc4cccc(F)c4,6.7
41,CHEMBL370671,COc1ccc(CC(C)(C)NC[C@@H](O)[C@H]2CCCN2Cc3cccc(c3)C#N)cc1,5.57
42,CHEMBL383609,CC(C)(Cc1nc2ccccc2[nH]1)NC[C@@H](O)[C@H]3CCCN3Cc4cccc(c4)C#N,5.55
43,CHEMBL381685,CC(C)(Cc1nc2ccccc2s1)NC[C@@H](O)[C@H]3CCCN3Cc4cccc(c4)C#N,5.87
44,CHEMBL200041,CC(C)(Cc1csc2ccccc12)NC[C@@H](O)[C@H]3CCCN3Cc4cccc(c4)C#N,6.0
45,CHEMBL538155,CC(C)(Cc1cc2ccccc2[nH]1)NC[C@@H](O)[C@H]3CCCN3Cc4cccc(c4)C#N,6.36
46,CHEMBL200312,CC(C)(Cc1cc2ccccc2s1)NC[C@@H](O)[C@H]3CCCN3Cc4cccc(c4)C#N,6.57
47,CHEMBL383842,CC(C)(Cc1ccc2ccccc2c1)NC[C@@H](O)[C@H]3CCCN3C(=O)c4cccc(c4)C#N,5.07
48,CHEMBL203479,CC(C)(Cc1ccc2ccccc2c1)NC[C@@H](O)[C@H]3CCCN3Cc4cccc(Cl)c4C#N,6.62
49,CHEMBL372321,CC(C)(Cc1ccc2ccccc2c1)NC[C@@H](O)[C@H]3CCCN3Cc4cccc(c4O)[N+](=O)[O-],6.85
50,CHEMBL200422,COc1cccc(CN2CCC[C@@H]2[C@H](O)CNC(C)(C)Cc3ccc4ccccc4c3)c1O,5.81
51,CHEMBL199495,CC(C)(Cc1ccc2ccccc2c1)NC[C@@H](O)[C@H]3CCCN3Cc4cccc(F)c4O,6.85
52,CHEMBL200690,CC(C)(Cc1ccc2ccccc2c1)NC[C@@H](O)[C@H]3CCCN3Cc4cccc(F)c4F,6.44
53,CHEMBL200878,CC(C)(Cc1ccc2ccccc2c1)NC[C@@H](O)[C@H]3CCCN3Cc4cccc(c4)C(=O)O,5.17
54,CHEMBL200297,CC(C)(Cc1ccc2ccccc2c1)NC[C@@H](O)[C@H]3CCCN3Cc4cccc(O)c4,5.94
55,CHEMBL265362,COc1cccc(CN2CCC[C@@H]2[C@H](O)CNC(C)(C)Cc3ccc4ccccc4c3)c1,5.92
56,CHEMBL425394,CC(C)(Cc1ccc2ccccc2c1)NC[C@@H](O)[C@H]3CCCN3Cc4cccc(c4)c5ccccc5,5.61
57,CHEMBL263828,CC(C)(Cc1ccc2ccccc2c1)NC[C@@H](O)[C@H]3CCCN3Cc4cccc(Br)c4,5.8
58,CHEMBL201137,CC(C)(Cc1ccc2ccccc2c1)NC[C@@H](O)[C@H]3CCCN3Cc4cccc(F)c4,6.13
59,CHEMBL201085,CC(C)(Cc1ccc2ccccc2c1)NC[C@@H](O)[C@H]3CCCN3Cc4ccccc4O,6.01
60,CHEMBL199529,CC(C)(Cc1ccc2ccccc2c1)NC[C@@H](O)[C@H]3CCCN3Cc4ccc(cc4)[N+](=O)[O-],6.1
61,CHEMBL372820,CC(C)(Cc1ccc2ccccc2c1)NC[C@@H](O)[C@H]3CCCN3Cc4cccc(c4)[N+](=O)[O-],6.85
62,CHEMBL197863,CC(C)(Cc1ccc2ccccc2c1)NC[C@@H](O)[C@H]3CCCN3Cc4ccccc4[N+](=O)[O-],6.8
63,CHEMBL199548,CC(C)(Cc1ccc2ccccc2c1)NC[C@@H](O)[C@H]3CCCN3Cc4ccc(cc4)C#N,6.6
64,CHEMBL199716,CC(C)(Cc1ccc2ccccc2c1)NC[C@@H](O)[C@H]3CCCN3Cc4cccc(c4)C#N,6.72
65,CHEMBL200361,CC(C)(Cc1ccc2ccccc2c1)NC[C@@H](O)[C@H]3CCCN3Cc4ccccc4C#N,6.47
66,CHEMBL199964,CC(C)(Cc1ccc2ccccc2c1)NC[C@H](O)[C@H]3CCCN3Cc4ccccc4C#N,5.9
67,CHEMBL201381,COc1ccc(CC(C)(C)NC[C@H](O)COc2cccc(OC)c2)cc1,5.86
68,CHEMBL434937,COc1ccc(CC(C)(C)NCC(O)COc2ccc(c(C)c2)S(=O)(=O)C)cc1,4.95
69,CHEMBL200248,CC(C)(Cc1ccccc1)NC[C@H](O)COc2ccccc2S(=O)(=O)C,5.03
70,CHEMBL201065,CC(C)(Cc1ccc(F)cc1)NC[C@@H](O)COc2ccc(OC(F)(F)F)cc2,5.48
71,CHEMBL199473,CC(C)(Cc1ccc(F)cc1)NC[C@@H](O)CSc2cccc(Cl)c2Cl,5.21
72,CHEMBL199363,CC(C)(Cc1ccc(F)cc1)NC[C@@H](O)COc2cccc(Cl)c2C#N,6.22
73,CHEMBL371936,CC(C)(Cc1cc2ccccc2[nH]1)NC[C@H](O)COc3ccccc3C#N,7.0
74,CHEMBL199894,CC(C)(Cc1cc2ccccc2s1)NC[C@H](O)COc3ccccc3C#N,7.22
75,CHEMBL200423,O[C@H](CNc1ccc2ccccc2c1)COc3cccc(Cl)c3C#N,5.34
76,CHEMBL372821,O[C@H](CNCCc1ccc2ccccc2c1)COc3cccc(Cl)c3C#N,5.41
77,CHEMBL382741,CC(C)(Cc1ccc2ccccc2c1)NC[C@@H](O)COc3ccccc3C#N,7.52
78,CHEMBL199785,CC(C)(Cc1ccc2ccccc2c1)NCCCOc3cccc(Cl)c3C#N,6.06
79,CHEMBL370811,CN(C[C@@H](O)COc1cccc(Cl)c1C#N)C(C)(C)Cc2ccc3ccccc3c2,6.57
80,CHEMBL200311,CC(C)(Cc1ccc2ccccc2c1)NC[C@H](O)COc3cccc(Cl)c3C#N,7.3
81,CHEMBL508063,CCN(Cc1ccccc1)c2ncc(C(=O)NCCOc3ccccc3)c(n2)c4cc(OC)c(OC)c(OC)c4,6.7
82,CHEMBL454375,COc1cc(cc(OC)c1OC)c2nc(NCCC(C)C)ncc2C(=O)NCCOc3ccccc3,5.66
83,CHEMBL454374,COc1cc(cc(OC)c1OC)c2nc(NCc3ccccc3)ncc2C(=O)NCCOc4ccccc4,6.14
84,CHEMBL510598,COc1cc(cc(OC)c1OC)c2nc(ncc2C(=O)NCCOc3ccccc3)N(C)Cc4ccccc4,6.33
85,CHEMBL454158,COc1cc(cc(OC)c1OC)c2nc(NCc3ccccc3Cl)ncc2C(=O)NCCOc4ccccc4,5.31
86,CHEMBL453360,COc1cc(cc(OC)c1OC)c2nc(NCc3ccccc3C)ncc2C(=O)NCCOc4ccccc4,5.0
87,CHEMBL493638,COc1cc(cc(OC)c1OC)c2nc(NCc3cccc(Cl)c3)ncc2C(=O)NCCOc4ccccc4,7.16
88,CHEMBL523682,COc1ccc(CNc2ncc(C(=O)NCCOc3ccccc3)c(n2)c4cc(OC)c(OC)c(OC)c4)cc1,5.51
89,CHEMBL493228,COc1cccc(CNc2ncc(C(=O)NCCOc3ccccc3)c(n2)c4cc(OC)c(OC)c(OC)c4)c1,6.47
90,CHEMBL509410,COc1cc(cc(OC)c1OC)c2nc(NCc3ccc4OCOc4c3)ncc2C(=O)NCCOc5ccccc5,6.82
93,CHEMBL494647,COc1cc(cc(OC)c1OC)c2nc(NCCc3ccccc3)ncc2C(=O)NCCOc4ccccc4,6.4
94,CHEMBL494646,COc1cc(cc(OC)c1OC)c2nc(ncc2C(=O)NCCOc3ccccc3)N(C)CCc4ccccc4,5.82
95,CHEMBL494442,COc1ccccc1CCNc2ncc(C(=O)NCCOc3ccccc3)c(n2)c4cc(OC)c(OC)c(OC)c4,6.47
96,CHEMBL494441,COc1cccc(CCNc2ncc(C(=O)NCCOc3ccccc3)c(n2)c4cc(OC)c(OC)c(OC)c4)c1,6.0
97,CHEMBL523701,COc1ccc(CCNc2ncc(C(=O)NCCOc3ccccc3)c(n2)c4cc(OC)c(OC)c(OC)c4)cc1,5.55
100,CHEMBL495263,COc1cc(cc(OC)c1OC)c2nc(N[C@H](CO)Cc3ccccc3)ncc2C(=O)NCCOc4ccccc4,6.82
105,CHEMBL472406,CCN(Cc1ccccc1)c2ncc(C(=O)NCCCc3ccccc3)c(n2)c4cc(OC)c(OC)c(OC)c4,5.68
106,CHEMBL511485,CCN(Cc1ccccc1)c2ncc(C(=O)NCCCCc3ccccc3)c(n2)c4cc(OC)c(OC)c(OC)c4,5.75
110,CHEMBL472731,CN(Cc1ccccc1)c2ncc(C(=O)NCCOc3ccccc3)c(n2)c4ccc(cc4)C(F)(F)F,4.72
111,CHEMBL473345,COc1ccc(cc1OC)c2nc(ncc2C(=O)NCCOc3ccccc3)N(C)Cc4ccccc4,5.16
113,CHEMBL462661,CCN(Cc1ccccc1)c2ncc(C(=O)NCCOc3ccccc3)c(n2)c4ccc(OC)nc4OC,6.44
114,CHEMBL458516,COc1ccc(c(OC)n1)c2nc(NCc3ccc4OCOc4c3)ncc2C(=O)NCCOc5ccccc5,6.66
115,CHEMBL458515,COc1ccc(c(OC)n1)c2nc(NCc3ccc4OCOc4c3)ncc2C(=O)N5CCc6ccccc6C5,6.44
116,CHEMBL454385,COc1ccc(c(OC)n1)c2nc(NCc3ccc4OCOc4c3)ncc2C(=O)NC(C)Cc5ccc(Cl)cc5,6.82
117,CHEMBL454386,CCN(Cc1ccccc1)c2ccc(C(=O)NCCOc3ccccc3)c(n2)c4cc(OC)c(OC)c(OC)c4,6.81
118,CHEMBL455406,CCN(Cc1ccccc1)c2ccc(C(=O)NCCOc3ccccc3)c(n2)c4ccc(OC)nc4OC,5.98
119,CHEMBL457071,COc1cc(cc(OC)c1OC)c2nc(N[C@H](CO)Cc3ccccc3)ccc2C(=O)NCCOc4ccccc4,7.12
120,CHEMBL515828,COc1ccc(c(OC)n1)c2nc(N[C@H](CO)Cc3ccccc3)ccc2C(=O)NCCOc4ccccc4,6.85
121,CHEMBL451383,COc1cc(cc(OC)c1OC)c2nc(NCc3ccc4OCOc4c3)ccc2C(=O)NCCOc5ccccc5,6.89
122,CHEMBL457249,COc1ccc(c(OC)n1)c2nc(NCc3ccc4OCOc4c3)ccc2C(=O)NCCOc5ccccc5,7.22
123,CHEMBL514434,COc1cc(cc(OC)c1OC)c2nc(NCc3cccc(Cl)c3)ccc2C(=O)NCCOc4ccccc4,6.79
124,CHEMBL460726,COc1ccc(c(OC)n1)c2nc(NCc3cccc(Cl)c3)ccc2C(=O)NCCOc4ccccc4,6.71
128,CHEMBL491251,COc1ccc(CC(C)(C)NCC(O)COc2cccc(Cl)c2Cl)cc1,6.7
129,CHEMBL488736,CC(C)(Cc1cccc2ccccc12)NCC(O)COc3ccccc3,6.68
130,CHEMBL487508,COc1ccc(CC(C)(C)NC[C@H](O)COc2cccc(Cl)c2Cl)cc1,6.52
131,CHEMBL520396,COc1ccc(CC(C)(C)NCCCOc2cccc(Cl)c2Cl)cc1,6.03
132,CHEMBL488738,COC(CNC(C)(C)Cc1ccc(OC)cc1)COc2cccc(Cl)c2Cl,6.02
133,CHEMBL488997,COc1ccc(CC(C)(C)NCC(O)COc2ccccc2Cl)cc1,6.0
134,CHEMBL521907,COc1ccc(CC(C)(C)NCC(O)COc2cccc(Cl)c2)cc1,6.0
135,CHEMBL487511,COc1ccc(CC(C)(C)NCC(O)COc2ccc3ccccc3c2)cc1,5.89
136,CHEMBL488337,COc1ccc(CC(C)(C)NCC(O)COc2ccccc2)cc1,5.64
137,CHEMBL488737,COc1ccc(CC(C)(C)N(C)CC(O)COc2cccc(Cl)c2Cl)cc1,5.64
138,CHEMBL483080,COc1ccc(CCC(C)(C)NCC(O)COc2ccccc2)cc1,5.56
139,CHEMBL482874,CCCCOCC(O)CNC(C)(C)Cc1ccc(OC)cc1,5.5
140,CHEMBL524118,COc1ccc(OCC(O)CNC(C)(C)Cc2ccccc2OC)cc1,5.46
141,CHEMBL482462,CCCOCC(O)CNC(C)(C)Cc1ccc(OC)cc1,5.16
142,CHEMBL482873,COc1ccc(CC(C)(C)NCC(O)COC(C)C)cc1,5.0
143,CHEMBL486278,COc1ccc(CC(C)(C)NC[C@H](O)COc2cccc3NC(=O)Nc23)cc1,4.5
148,CHEMBL504479,COc1ccc(CC(C)(C)NCC(O)COc2ccccc2C#N)cc1,6.85
168,CHEMBL571048,C[C@@H](NCc1ccn(n1)c2ccccc2)c3ccccc3,5.8
169,CHEMBL583522,C[C@@H](N[C@H](C)c1ccn(n1)c2ccc(cc2)C(F)(F)F)c3ccccc3,6.63
170,CHEMBL577306,CC[C@@H](N[C@H](C)c1ccccc1)c2ccn(n2)c3ccc(cc3)C(F)(F)F,5.93
171,CHEMBL572362,CC(C)[C@@H](N[C@H](C)c1ccccc1)c2ccn(n2)c3ccc(cc3)C(F)(F)F,5.63
172,CHEMBL572363,C[C@@H](N[C@H](C)c1ccn(n1)c2ccc(cc2)C(F)(F)F)c3cccc(F)c3,6.83
178,CHEMBL583469,COc1cc(nn1c2ccc(cc2)C(=O)O)[C@@H](C)N[C@H](C)c3cccc(Cl)c3,5.72
180,CHEMBL597206,COc1ccc2N(C(C)C)C(=O)N=C(c3ccc(cc3)C(C)C)c2c1,5.85
183,CHEMBL599664,CCc1ccc(cc1)C2=NC(=O)N(C(C)C)c3ccc(OC)cc23,5.68
184,CHEMBL599665,COc1ccc2N(C(C)C)C(=O)N=C(c3ccc(cc3)C4CC4)c2c1,5.48
185,CHEMBL599868,COc1ccc2N(C(C)C)C(=O)N=C(c3ccc(cc3)C(C)(C)C)c2c1,5.68
186,CHEMBL599869,COc1ccc2N(C(C)C)C(=O)N=C(c3ccc(cc3)c4ccccc4)c2c1,5.26
190,CHEMBL597011,CC(C)N1C(=O)N=C(c2ccc(cc2)C(C)C)c3cc(O)ccc13,4.8
191,CHEMBL608721,CCOc1ccc2N(C(C)C)C(=O)N=C(c3ccc(cc3)C(C)C)c2c1,5.66
192,CHEMBL599467,CCCOc1ccc2N(C(C)C)C(=O)N=C(c3ccc(cc3)C(C)C)c2c1,5.96
193,CHEMBL599025,CC(C)Oc1ccc2N(C(C)C)C(=O)N=C(c3ccc(cc3)C(C)C)c2c1,5.57
194,CHEMBL599227,CCCCOc1ccc2N(C(C)C)C(=O)N=C(c3ccc(cc3)C(C)C)c2c1,5.43
195,CHEMBL599228,CC(C)N1C(=O)N=C(c2ccc(cc2)C(C)C)c3cc(OCC=C)ccc13,6.75
196,CHEMBL599229,CC(C)N1C(=O)N=C(c2ccc(cc2)C(C)C)c3cc(OCCC=C)ccc13,5.18
197,CHEMBL592176,CC(C)N1C(=O)N=C(c2ccc(cc2)C(C)C)c3cc(OCC#C)ccc13,8.05
198,CHEMBL591241,CC#CCOc1ccc2N(C(C)C)C(=O)N=C(c3ccc(cc3)C(C)C)c2c1,6.77
199,CHEMBL591475,CC(C)c1ccc(cc1)C2=NC(=O)N(Cc3ccccc3)c4ccc(OCC#C)cc24,8.36
200,CHEMBL591240,CC(C)c1ccc(cc1)C2=NC(=O)N(Cc3ccc(C)cc3)c4ccc(OCC#C)cc24,8.8
201,CHEMBL597400,CCc1ccc(CN2C(=O)N=C(c3ccc(cc3)C(C)C)c4cc(OCC#C)ccc24)cc1,8.38
202,CHEMBL604713,CC(C)c1ccc(CN2C(=O)N=C(c3ccc(cc3)C(C)C)c4cc(OCC#C)ccc24)cc1,7.57
203,CHEMBL597401,COc1ccc(CN2C(=O)N=C(c3ccc(cc3)C(C)C)c4cc(OCC#C)ccc24)cc1,8.38
204,CHEMBL596789,CCOc1ccc(CN2C(=O)N=C(c3ccc(cc3)C(C)C)c4cc(OCC#C)ccc24)cc1,7.72
205,CHEMBL603248,CC(C)c1ccc(cc1)C2=NC(=O)N(Cc3ccc(OCC(=O)O)cc3)c4ccc(OCC#C)cc24,7.9
206,CHEMBL598436,CC(C)c1ccc(cc1)C2=NC(=O)N(Cc3cccc(C)c3)c4ccc(OCC#C)cc24,8.75
207,CHEMBL598637,CCc1cccc(CN2C(=O)N=C(c3ccc(cc3)C(C)C)c4cc(OCC#C)ccc24)c1,7.89
208,CHEMBL604506,COc1cccc(CN2C(=O)N=C(c3ccc(cc3)C(C)C)c4cc(OCC#C)ccc24)c1,8.57
209,CHEMBL597800,CCOc1cc(CN2C(=O)N=C(c3ccc(cc3)C(C)C)c4cc(OCC#C)ccc24)ccc1OC,8.85
210,CHEMBL597194,CC(C)c1ccc(cc1)C2=NC(=O)N(Cc3cccc(OCC(=O)O)c3)c4ccc(OCC#C)cc24,8.47
211,CHEMBL597396,CC(C)c1ccc(cc1)C2=NC(=O)N(Cc3cccc(OCCO)c3)c4ccc(OCC#C)cc24,8.14
212,CHEMBL597397,CC(C)c1ccc(cc1)C2=NC(=S)N(Cc3cccc(OCCO)c3)c4ccc(OCC#C)cc24,9.4
213,CHEMBL589977,CCNc1ccc2N(C(C)C)C(=O)N=C(c3ccc(cc3)C(C)C)c2c1,6.34
214,CHEMBL599857,CCN(CC)c1ccc2N(C(C)C)C(=O)N=C(c3ccc(cc3)C(C)C)c2c1,6.28
215,CHEMBL599858,CCCNc1ccc2N(C(C)C)C(=O)N=C(c3ccc(cc3)C(C)C)c2c1,5.96
216,CHEMBL599039,CCCN(CCC)c1ccc2N(C(C)C)C(=O)N=C(c3ccc(cc3)C(C)C)c2c1,5.54
217,CHEMBL599040,CC(C)N1C(=O)N=C(c2ccc(cc2)C(C)C)c3cc(NCC=C)ccc13,7.16
218,CHEMBL610511,CC(C)N1C(=O)N=C(c2ccc(cc2)C(C)C)c3cc(ccc13)N(C)CC=C,6.64
219,CHEMBL597811,CC(C)N1C(=O)N=C(c2ccc(cc2)C(C)C)c3cc(NCC#C)ccc13,7.52
220,CHEMBL597812,CC(C)N1C(=O)N=C(c2ccc(cc2)C(C)C)c3cc(ccc13)N(CC#C)CC#C,6.92
221,CHEMBL604302,CC(C)N1C(=O)N=C(c2ccc(cc2)C(C)C)c3cc(NCc4ccccc4)ccc13,5.0
222,CHEMBL590539,CC(C)c1ccc(cc1)C2=NC(=O)N(Cc3cccc(NC(=O)CN4CCN(C)CC4)c3)c5ccc(OCC#C)cc25,8.62
223,CHEMBL590552,COCCN1CCN(CC(=O)Nc2cccc(CN3C(=O)N=C(c4ccc(cc4)C(C)C)c5cc(OCC#C)ccc35)c2)CC1,7.89
224,CHEMBL590560,CC(C)c1ccc(cc1)C2=NC(=O)N(Cc3cccc(NC(=O)CN4CCN(CCCN(C)C)CC4)c3)c5ccc(OCC#C)cc25,8.09
225,CHEMBL598638,CC(C)c1ccc(cc1)C2=NC(=O)N(Cc3ccccc3)c4ccc(O)c(CC=C)c24,8.41
226,CHEMBL598016,CCCc1c(O)ccc2N(Cc3ccccc3)C(=O)N=C(c4ccc(cc4)C(C)C)c12,8.18
227,CHEMBL597208,CC(C)c1ccc(cc1)C2=NC(=O)N(Cc3ccccc3)c4ccc(O)c(CC5CC5)c24,8.6
231,CHEMBL1084514,CCOC(=O)CCc1ccc(C#N)c(OC[C@H](O)CNC(C)(C)CC2Cc3ccccc3C2)c1,6.28
235,CHEMBL1084756,CC(C)(Cc1ccc2ccccc2c1)NC[C@@H](O)COCc3ccccc3,6.25
236,CHEMBL1084757,CC(OC[C@H](O)CNC(C)(C)Cc1ccc2ccccc2c1)c3ccccc3,6.66
237,CHEMBL1083949,CC(C)(Cc1ccc2ccccc2c1)NC[C@@H](O)COC(C)(C)c3ccccc3,5.65
238,CHEMBL1083950,CC(Cc1ccccc1)OC[C@H](O)CNC(C)(C)Cc2ccc3ccccc3c2,6.36
239,CHEMBL1085987,CC(COC[C@H](O)CNC(C)(C)Cc1ccc2ccccc2c1)c3ccccc3,6.09
240,CHEMBL1083951,CC(CCOC[C@H](O)CNC(C)(C)Cc1ccc2ccccc2c1)c3ccccc3,6.52
241,CHEMBL1086472,CC(OC[C@H](O)CNC(C)(C)Cc1ccc2ccccc2c1)c3ccccn3,6.38
242,CHEMBL1082379,CC(OC[C@H](O)CNC(C)(C)Cc1ccc2ccccc2c1)c3ccc4ccccc4c3,6.26
243,CHEMBL1082710,CC(OC[C@H](O)CNC(C)(C)Cc1ccc2ccccc2c1)c3cccc4ccccc34,6.44
244,CHEMBL1082711,CCC(OC[C@H](O)CNC(C)(C)Cc1ccc2ccccc2c1)c3ccccc3,7.04
245,CHEMBL1082712,CC(C)(Cc1ccc2ccccc2c1)NC[C@@H](O)COC(C=C)c3ccccc3,6.68
246,CHEMBL1082306,CCCC(OC[C@H](O)CNC(C)(C)Cc1ccc2ccccc2c1)c3ccccc3,6.82
247,CHEMBL1082717,CC(C)C(OC[C@H](O)CNC(C)(C)Cc1ccc2ccccc2c1)c3ccccc3,6.7
248,CHEMBL1082718,CCCCC(OC[C@H](O)CNC(C)(C)Cc1ccc2ccccc2c1)c3ccccc3,6.77
249,CHEMBL1082719,CC(C)(Cc1ccc2ccccc2c1)NC[C@@H](O)COC(c3ccccc3)C(C)(C)C,6.24
250,CHEMBL1083288,CC(C)(Cc1ccc2ccccc2c1)NC[C@@H](O)COC(C3CC3)c4ccccc4,7.16
251,CHEMBL1083289,CC(C)(Cc1ccc2ccccc2c1)NC[C@@H](O)COC(C3CCC3)c4ccccc4,7.13
252,CHEMBL1084200,CC(C)(Cc1ccc2ccccc2c1)NC[C@@H](O)COC(C3CCCC3)c4ccccc4,6.7
253,CHEMBL1084201,CC(C)(Cc1ccc2ccccc2c1)NC[C@@H](O)COC(C3CCCCC3)c4ccccc4,6.22
254,CHEMBL1083306,CC(C)(Cc1ccc2ccccc2c1)NC[C@@H](O)COC(c3ccccc3)c4ccccc4,6.14
255,CHEMBL1083307,CC(OC[C@H](O)CNC(C)(C)Cc1ccc2ccccc2c1)c3ccccc3Cl,6.85
256,CHEMBL1083308,CC(OC[C@H](O)CNC(C)(C)Cc1ccc2ccccc2c1)c3cccc(Cl)c3,6.66
257,CHEMBL1083610,CC(OC[C@H](O)CNC(C)(C)Cc1ccc2ccccc2c1)c3ccccc3C,6.7
258,CHEMBL1082998,CC(OC[C@H](O)CNC(C)(C)Cc1ccc2ccccc2c1)c3cccc(C)c3,6.77
259,CHEMBL1082999,CC(OC[C@H](O)CNC(C)(C)Cc1ccc2ccccc2c1)c3ccc(C)cc3,6.85
260,CHEMBL1083313,COc1ccccc1C(C)OC[C@H](O)CNC(C)(C)Cc2ccc3ccccc3c2,6.92
261,CHEMBL1083314,CC(OC[C@H](O)CNC(C)(C)Cc1ccc2ccccc2c1)c3ccccc3[N+](=O)[O-],6.27
262,CHEMBL1082787,CC(OC[C@H](O)CNC(C)(C)Cc1ccc2ccccc2c1)c3ccccc3C#N,6.8
263,CHEMBL1082788,Cc1ccccc1C(OC[C@H](O)CNC(C)(C)Cc2ccc3ccccc3c2)C4CC4,7.43
264,CHEMBL1086281,COc1ccccc1C(OC[C@H](O)CNC(C)(C)Cc2ccc3ccccc3c2)C4CC4,7.39
265,CHEMBL1086282,Cc1ccccc1[C@H](OC[C@H](O)CNC(C)(C)Cc2ccc3ccccc3c2)C4CC4,7.64
266,CHEMBL1085807,Cc1ccccc1[C@@H](OC[C@H](O)CNC(C)(C)Cc2ccc3ccccc3c2)C4CC4,7.08
267,CHEMBL1085334,Cc1ccccc1[C@H](OC[C@@H](O)CNC(C)(C)Cc2ccc3ccccc3c2)C4CC4,6.51
268,CHEMBL1085335,Cc1ccccc1[C@@H](OC[C@@H](O)CNC(C)(C)Cc2ccc3ccccc3c2)C4CC4,6.12
270,CHEMBL1223221,CCCCn1c(nc2c(cccc12)C(C)C)c3ccc(cc3)C(C)C,5.59
271,CHEMBL1223222,COCCn1c(nc2c(cccc12)C(C)C)c3ccc(cc3)C(C)C,5.71
272,CHEMBL1223298,CCCCn1c(nc2c(OC)cccc12)c3ccc(cc3)C(C)C,5.33
273,CHEMBL1223299,COCCn1c(nc2ccccc12)c3ccc(cc3)C(C)C,4.77
274,CHEMBL1223300,COCCn1c(nc2cccc(OC)c12)c3ccc(cc3)C(C)C,5.72
275,CHEMBL1223301,COCCn1c(nc2cccc(C)c12)c3ccc(cc3)C(C)C,5.68
276,CHEMBL1223302,COCCn1c(nc2c(OC)ccc(C)c12)c3ccc(cc3)C(C)C,5.72
277,CHEMBL1223303,COCCn1c(nc2c(Cl)ccc(OC)c12)c3ccc(cc3)C(C)C,7.3
278,CHEMBL1223367,COCCn1c(nc2c(Br)ccc(OC)c12)c3ccc(cc3)C(C)C,7.66
279,CHEMBL1223368,COCCn1c(nc2c(I)ccc(OC)c12)c3ccc(cc3)C(C)C,7.89
280,CHEMBL1223369,COCCn1c(nc2c(ccc(OC)c12)C(F)(F)F)c3ccc(cc3)C(C)C,7.29
281,CHEMBL1223370,COCCn1c(nc2c(OC)ccc(OC)c12)c3ccc(cc3)C(C)C,5.74
282,CHEMBL1223371,COCCn1c(nc2c(OC)ccc(Cl)c12)c3ccc(cc3)C(C)C,6.11
283,CHEMBL1223437,COCCn1c(nc2c(Br)ccc(Br)c12)c3ccc(cc3)C(C)C,6.0
284,CHEMBL1223438,COc1ccc(Br)c2nc(c3ccc(cc3)C(C)C)n(CCN(C)C)c12,6.72
285,CHEMBL1223439,COCCn1c(nc2c(C)ccc(OC)c12)c3ccc(cc3)C(C)C,6.68
286,CHEMBL1223440,CCCn1c(nc2c(C)ccc(OC)c12)c3ccc(cc3)C(C)C,6.1
288,CHEMBL1223505,COCCn1c(nc2c(Br)c(Br)cc(OC)c12)c3ccc(cc3)C(C)C,7.85
289,CHEMBL1223506,COCCn1c(nc2c(I)c(Br)cc(OC)c12)c3ccc(cc3)C(C)C,8.22
290,CHEMBL1223507,COCCn1c(nc2c(Br)c(cc(OC)c12)C(F)(F)F)c3ccc(cc3)C(C)C,7.96
291,CHEMBL1223508,COCCn1c(nc2c(c(Br)cc(OC)c12)C(F)(F)F)c3ccc(cc3)C(C)C,7.8
292,CHEMBL1223509,COCCn1c(nc2c(Br)c(cc(OC)c12)C#N)c3ccc(cc3)C(C)C,7.6
293,CHEMBL1222424,CCc1cc(OC)c2c(nc(c3ccc(cc3)C(C)C)n2CCOC)c1Br,6.72
294,CHEMBL1222425,COCCn1c(nc2cc(cc(OC)c12)C(F)(F)F)c3ccc(cc3)C(C)C,6.44
295,CHEMBL1222426,COCCn1c(nc2c(Br)c(cc(OC)c12)c3ccccc3)c4ccc(cc4)C(C)C,7.22
296,CHEMBL1222427,COCCn1c(nc2c(Br)c(Cc3ccccc3)cc(OC)c12)c4ccc(cc4)C(C)C,8.3
297,CHEMBL1222489,COCCn1c(nc2c(c(Cc3ccccc3OC)cc(OC)c12)C(F)(F)F)c4ccc(cc4)C(C)C,7.59
298,CHEMBL1222490,COCCn1c(nc2c(Br)c(Cc3ccc(OC)c(OC)c3)cc(OC)c12)c4ccc(cc4)C(C)C,7.37
299,CHEMBL1222491,COCCn1c(nc2c(Br)c(Cc3ccc(C)c(C)c3)cc(OC)c12)c4ccc(cc4)C(C)C,6.47
300,CHEMBL1222492,COCCn1c(nc2c(Br)c(Cc3ccccc3[S+](C)[O-])cc(OC)c12)c4ccc(cc4)C(C)C,8.3
301,CHEMBL1223711,COCCn1c(nc2c(Br)c(Cc3cccnc3)cc(OC)c12)c4ccc(cc4)C(C)C,7.82
302,CHEMBL1223712,COCCn1c(nc2c(c(Cc3cccnc3OC)cc(OC)c12)C(F)(F)F)c4ccc(cc4)C(C)C,8.4
303,CHEMBL1223713,COCCn1c(nc2c(Br)c(Cc3cccnc3SC)cc(OC)c12)c4ccc(cc4)C(C)C,8.4
304,CHEMBL1223714,COCCn1c(nc2c(c(Cc3cccnc3SC)cc(OC)c12)C(F)(F)F)c4ccc(cc4)C(C)C,8.8
305,CHEMBL1223771,COCCn1c(nc2c(c(Cc3cccnc3[S+](C)[O-])cc(OC)c12)C(F)(F)F)c4ccc(cc4)C(C)C,8.59
306,CHEMBL1223772,COCCn1c(nc2c(c(Cc3nccs3)cc(OC)c12)C(F)(F)F)c4ccc(cc4)C(C)C,8.7
307,CHEMBL1224190,COc1cccc(c1)[C@@H](C)NCc2ccccc2,5.92
308,CHEMBL1224191,COc1cccc(c1)[C@@H](C)NCc2ccccc2Cl,5.43
309,CHEMBL1224192,COc1cccc(c1)[C@@H](C)NCc2cccc(c2)c3ccccc3Cl,6.46
310,CHEMBL1224193,COc1ccc(CN[C@H](C)c2cccc(OC)c2)cc1,6.43
311,CHEMBL1224260,COc1cccc(c1)[C@@H](C)NCc2cccc(c2)c3ccccc3F,5.57
312,CHEMBL1224261,COc1cccc(c1)[C@@H](C)NCc2cccc(c2)c3ccccc3C,5.66
313,CHEMBL1224262,COc1cccc(c1)[C@@H](C)NCc2cccc(c2)c3ccccc3OC,5.85
314,CHEMBL1224263,COc1ccc(cc1)c2cccc(CN[C@H](C)c3cccc(OC)c3)c2,6.06
315,CHEMBL1224264,COc1cccc(c1)[C@@H](C)NCc2cccc(c2)c3ccc(cc3)C(F)(F)F,6.21
319,CHEMBL1224343,COc1ccc(CNC(C)c2cccc(C)c2)cc1c3ccc(cc3)C(F)(F)F,6.8
320,CHEMBL1224344,COc1cccc(c1)[C@@H](C)NCc2ccc(Cl)c(c2)c3ccc(cc3)C(F)(F)F,6.55
323,CHEMBL1224425,COc1ccc(cc1c2ccc(cc2)C(F)(F)F)[C@H](C)N[C@H](C)c3ccccc3,5.52
324,CHEMBL1224426,C[C@@H](NCc1ccc(OC(F)(F)F)c(c1)c2ccc(cc2)C(F)(F)F)c3ccccc3,6.96
405,CHEMBL1289573,FC(F)(F)[C@H]1C[C@H](Nc2c(cnn12)C(=O)NC34CC5CC(CC(C5)C3)C4)c6ccccc6Cl,6.96
406,CHEMBL1289679,FC(F)(F)[C@H]1C[C@H](Nc2c(cnn12)C(=O)NC34CC5CC(CC(C5)C3)C4)c6cccc(Cl)c6,6.5
410,CHEMBL1289892,FC(F)(F)[C@H]1C[C@H](Nc2c(cnn12)C(=O)NC34CC5CC(CC(C5)C3)C4)c6occc6,6.4
413,CHEMBL1290007,O=C(NC12CC3CC(CC(C3)C1)C2)c4cnn5[C@H](C[C@H](Nc45)c6ccccc6)c7ccccc7,6.16
417,CHEMBL1290216,O=C(NC12CC3CC(CC(C3)C1)C2)c4cnn5CC[C@H](Nc45)c6ccccc6,5.28
419,CHEMBL1290329,CC1(C)C=C(Nc2c(cnn12)C(=O)NC34CC5CC(CC(C5)C3)C4)c6ccccc6,6.24
422,CHEMBL1672960,CC(C)(Cc1ccc2ccccc2c1)NC[C@@H](O)CO[C@H](C3CC3)c4ccccc4CO,7.75
424,CHEMBL1672962,CC(C)(Cc1ccc2ccccc2c1)NC[C@@H](O)COC(C3CC3)c4cccc(c4)C(=O)O,6.02
427,CHEMBL1672965,C[C@@H](OC[C@H](O)CNC(C)(C)Cc1ccc2ccccc2c1)c3ccccc3CC(=O)O,5.66
428,CHEMBL1672966,C[C@@H](OC[C@H](O)CNC(C)(C)Cc1ccc2ccccc2c1)c3ccccc3CCC(=O)O,7.62
429,CHEMBL1672967,CC(OC[C@H](O)CNC(C)(C)Cc1ccc2ccccc2c1)c3ccc(cc3)c4ccc(cc4)C(=O)O,5.82
430,CHEMBL1672968,CC(OC[C@H](O)CNC(C)(C)Cc1ccc2ccccc2c1)c3cccc(c3)c4ccc(cc4)C(=O)O,7.75
431,CHEMBL1672969,CC(OC[C@H](O)CNC(C)(C)Cc1ccc2ccccc2c1)c3ccccc3c4ccc(cc4)C(=O)O,7.96
432,CHEMBL1672970,C[C@@H](OC[C@H](O)CNC(C)(C)Cc1ccc2ccccc2c1)c3ccccc3c4ccc(cc4)C(=O)O,8.4
433,CHEMBL1672971,C[C@@H](OC[C@H](O)CNC(C)(C)Cc1ccc(Cl)c(F)c1)c2ccccc2c3ccc(cc3)C(=O)O,7.64
434,CHEMBL1672972,C[C@@H](OC[C@H](O)CNC(C)(C)Cc1ccc2ccccc2c1)c3ccccc3c4ccc(C(=O)O)c(C)c4,8.3
435,CHEMBL1672973,C[C@@H](OC[C@H](O)CNC(C)(C)Cc1ccc(Cl)c(F)c1)c2ccccc2c3ccc(C(=O)O)c(C)c3,7.92
438,CHEMBL1688101,FC(F)(F)[C@H]1C[C@H](Nc2c(cnn12)C(=O)NCc3ccc(cc3)C(F)(F)F)c4ccccc4,5.54
439,CHEMBL1688102,FC(F)(F)[C@H]1C[C@H](Nc2c(cnn12)C(=O)NC(c3ccccc3)c4ccccc4)c5ccccc5,6.42
440,CHEMBL1689809,CC(C)(NC(=O)c1cnn2c1NC(CC2(C)C)c3ccccc3)c4ccc(cc4)C(F)(F)F,8.46
441,CHEMBL1689810,CCC(CC)(NC(=O)c1cnn2c1NC(CC2(C)C)c3ccccc3)c4ccc(cc4)C(F)(F)F,8.12
442,CHEMBL1689811,CCCC(CCC)(NC(=O)c1cnn2c1NC(CC2(C)C)c3ccccc3)c4ccc(cc4)C(F)(F)F,8.36
443,CHEMBL1689812,CCCCC(CCCC)(NC(=O)c1cnn2c1NC(CC2(C)C)c3ccccc3)c4ccc(cc4)C(F)(F)F,7.64
444,CHEMBL1689813,CC(C)C(NC(=O)c1cnn2c1NC(CC2(C)C)c3ccccc3)(C(C)C)c4ccc(cc4)C(F)(F)F,7.52
445,CHEMBL1689814,CC1(C)CC(Nc2c(cnn12)C(=O)NC(C3CCCCC3)(C4CCCCC4)c5ccc(cc5)C(F)(F)F)c6ccccc6,6.82
446,CHEMBL1689815,CCC(CC)(NC(=O)c1cnn2c1NC(CC2(C)C)c3ccccc3)c4ccccc4,8.47
447,CHEMBL1689816,CCC(CC)(NC(=O)c1cnn2c1NC(CC2(C)C)c3ccccc3)c4ccc(Cl)cc4,8.13
448,CHEMBL1689817,CCC(CC)(NC(=O)c1cnn2c1NC(CC2(C)C)c3ccccc3)c4cccc(Cl)c4,7.77
449,CHEMBL1689818,CCC(CC)(NC(=O)c1cnn2c1NC(CC2(C)C)c3ccccc3)c4ccc(F)cc4,8.14
450,CHEMBL1688085,CCC(CC)(NC(=O)c1cnn2c1NC(CC2(C)C)c3ccccc3)c4cccc(F)c4,7.6
451,CHEMBL1688086,CCC(CC)(NC(=O)c1cnn2c1NC(CC2(C)C)c3ccccc3)c4ccccc4F,7.92
452,CHEMBL1687946,CCC(CC)(NC(=O)c1cnn2c1NC(CC2(C)C)c3ccccc3)c4ccc(C)cc4,8.26
453,CHEMBL1688087,CCC(CC)(NC(=O)c1cnn2c1NC(CC2(C)C)c3ccccc3)c4ccc(OC)cc4,8.18
454,CHEMBL1688088,CCC(CC)(NC(=O)c1cnn2c1NC(CC2(C)C)c3ccccc3)c4ccc(OCc5ccccc5)cc4,8.07
455,CHEMBL1688090,CCC(CC)(NC(=O)c1cnn2c1NC(CC2(C)C)c3ccccc3)c4ccc(COC(=O)C)cc4,7.85
456,CHEMBL1688091,CCC(CC)(NC(=O)c1cnn2c1NC(CC2(C)C)c3ccccc3)c4ccc(OC(=O)C)cc4,7.51
457,CHEMBL1688092,CCC(=O)Oc1ccc(cc1)C(CC)(CC)NC(=O)c2cnn3c2NC(CC3(C)C)c4ccccc4,7.92
458,CHEMBL1688099,Cl.CCC(CC)(NC(=O)c1cnn2c1N[C@H](CC2(C)C)c3ccccc3)c4ccc(C)cc4,8.64
459,CHEMBL1688100,Cl.CCC(CC)(NC(=O)c1cnn2c1N[C@@H](CC2(C)C)c3ccccc3)c4ccc(C)cc4,7.51
460,CHEMBL1688097,Cl.CCC(CC)(NC(=O)c1cnn2c1NC(CC2(C)C)c3ccccc3)c4ccc(C)cc4,8.31
461,CHEMBL1688103,CCOC(=O)c1ccc(cc1)C(CC)(CC)NC(=O)c2cnn3c2NC(CC3(C)C)c4ccccc4,8.28
462,CHEMBL1689060,CCc1ccc(cc1)C(CC)(CC)NC(=O)c2c(C)nn3c2N[C@H](CC3(C)C)c4ccccc4.Cc5ccc(cc5)S(=O)(=O)O,9.03
463,CHEMBL1689051,Cl.CCC(CC)(NC(=O)c1c(C)nn2c1N[C@H](CC2(C)C)c3ccccc3)c4ccc(cc4)C(C)C,8.77
464,CHEMBL1689057,Cl.CCC(CC)(NC(=O)c1c(C)nn2c1N[C@H](CC2(C)C)c3ccccc3)c4ccc(OC)c(Cl)c4,8.77
465,CHEMBL1689052,Cl.CCC(CC)(NC(=O)c1c(C)nn2c1N[C@H](CC2(C)C)c3ccccc3)c4ccc(OC)cc4,8.7
466,CHEMBL1689055,Cl.CCC(CC)(NC(=O)c1c(C)nn2c1N[C@H](CC2(C)C)c3ccccc3)c4ccc(OCc5ccccc5)cc4,8.66
468,CHEMBL1689049,Cl.CCC(CC)(NC(=O)c1c(C)nn2c1N[C@H](CC2(C)C)c3ccccc3)c4ccccc4,8.64
469,CHEMBL1689047,Cl.CCC(CC)(NC(=O)c1c(C)nn2c1N[C@H](CC2(C)C)c3ccccc3)c4ccc(C)cc4,8.62
470,CHEMBL1689053,Cl.CCOc1ccc(cc1)C(CC)(CC)NC(=O)c2c(C)nn3c2N[C@H](CC3(C)C)c4ccccc4,8.52
471,CHEMBL1689040,Cl.CCC(CC)(NC(=O)c1c(C)nn2c1NC(CC2(C)C)c3ccccc3)c4ccc(C)cc4,8.39
472,CHEMBL1689050,Cl.CCc1ccc(cc1)C(CC)(CC)NC(=O)c2c(C)nn3c2N[C@H](CC3(C)C)c4ccccc4,8.38
473,CHEMBL1689058,Cl.CCC(CC)(NC(=O)c1c(C)nn2c1N[C@H](CC2(C)C)c3ccccc3)c4ccc(OC)c(F)c4,8.34
474,CHEMBL1689046,Cl.CCC(CC)(NC(=O)c1c(SC)nn2c1NC(CC2(C)C)c3ccccc3)c4ccc(C)cc4,8.33
475,CHEMBL1689062,CCC(CC)(NC(=O)c1c(C)nn2c1N[C@H](CC2(C)C)c3ccccc3)c4ccc(cc4)C(=O)C,8.32
476,CHEMBL1689042,Cl.CCCc1nn2c(NC(CC2(C)C)c3ccccc3)c1C(=O)NC(CC)(CC)c4ccc(C)cc4,8.22
477,CHEMBL1687956,Cl.CCC(CC)(NC(=O)c1c(C)nn2c1N[C@H](CC2(C)C)c3ccccc3)c4ccc(Cl)c(OC)c4,8.22
478,CHEMBL1689041,Cl.CCc1nn2c(NC(CC2(C)C)c3ccccc3)c1C(=O)NC(CC)(CC)c4ccc(C)cc4,8.17
479,CHEMBL1689043,Cl.CCCCc1nn2c(NC(CC2(C)C)c3ccccc3)c1C(=O)NC(CC)(CC)c4ccc(C)cc4,7.96
480,CHEMBL1689054,Cl.CCC(CC)(NC(=O)c1c(C)nn2c1N[C@H](CC2(C)C)c3ccccc3)c4ccc(OC)c(OC)c4,7.96
481,CHEMBL1689056,Cl.CCC(CC)(NC(=O)c1c(C)nn2c1N[C@H](CC2(C)C)c3ccccc3)c4ccc(F)c(OC)c4,7.96
482,CHEMBL1689107,CCC(CC)(NC(=O)c1c(C)nn2c1N[C@H](CC2(C)C)c3ccccc3)c4ccc(cc4)C(C)O,7.89
483,CHEMBL1689048,Cl.CCC(CC)(NC(=O)c1c(C)nn2c1N[C@@H](CC2(C)C)c3ccccc3)c4ccc(C)cc4,7.51
484,CHEMBL1689045,Cl.CCC(CC)(NC(=O)c1c(Cc2ccccc2)nn3c1NC(CC3(C)C)c4ccccc4)c5ccc(C)cc5,7.35
485,CHEMBL1689044,CCC(CC)(NC(=O)c1c2NC(CC(C)(C)n2nc1c3ccccc3)c4ccccc4)c5ccc(C)cc5,7.09
486,CHEMBL1689061,CCC(CC)(NC(=O)c1c(C)nn2c1N[C@H](CC2(C)C)c3ccccc3)c4ccc(cc4)C(=O)O,6.5
494,CHEMBL1198855,CC(C)(CC1Cc2ccccc2C1)NC[C@@H](O)COc3cc(CCC(=O)O)cc(F)c3F,6.84
495,CHEMBL1783766,Cc1ccc(CC(C)(C)NC[C@@H](O)COc2cc(ccc2F)C3CC4CC3C5C4C5C(=O)O)cc1F,6.52
496,CHEMBL1783932,CC(C)(CN1Cc2ccccc2C1=O)NC[C@@H](O)COc3cc(ccc3C#N)C4CC5CC4C6C5C6C(=O)O,6.46
497,CHEMBL1783763,CC(C)(CC1Cc2ccccc2C1)NC[C@@H](O)COc3cccc(c3)C4CC5CC4C6C5C6C(=O)O,6.05
498,CHEMBL1783765,Cc1ccc(CC(C)(C)NC[C@@H](O)COc2cccc(c2)C3CC4CC3C5C4C5C(=O)O)cc1F,5.46
499,CHEMBL1783936,C[C@@H](OC[C@H](O)CNC(C)(C)CC1Cc2ccccc2C1)c3ccccc3C4CC5CC4C6C5C6C(=O)O,5.46
515,CHEMBL2349576,Cn1nnnc1c2cccc(NC(=O)N(CCC(c3ccccc3)c4ccccc4)CCN5CCOCC5)c2,6.7
517,CHEMBL2349574,O=C(Nc1cccc(Nc2nnn[nH]2)c1)N(CCC(c3ccccc3)c4ccccc4)CCN5CCOCC5,6.0
518,CHEMBL2349573,O=C(Nc1cccc(c1)c2nc3ccccc3s2)N(CCC(c4ccccc4)c5ccccc5)CCN6CCOCC6,6.82
519,CHEMBL2346765,O=C(Nc1cccc(Nc2nc3ccccc3[nH]2)c1)N(CCC(c4ccccc4)c5ccccc5)CCN6CCOCC6,6.22
520,CHEMBL2349605,O=C(Nc1cccc(c1)c2nccs2)N(CCC(c3ccccc3)c4ccccc4)CCN5CCOCC5,6.52
521,CHEMBL2349604,Cc1cc(on1)c2cccc(NC(=O)N(CCC(c3ccccc3)c4ccccc4)CCN5CCOCC5)c2,6.82
523,CHEMBL2349602,O=C(Nc1cccc(c1)c2occc2)N(CCC(c3ccccc3)c4ccccc4)CCN5CCOCC5,6.82
524,CHEMBL2349601,O=C(Nc1cccc(c1)c2cccnc2)N(CCC(c3ccccc3)c4ccccc4)CCN5CCOCC5,6.7
525,CHEMBL2349600,O=C(Nc1cccc(c1)c2ccccc2)N(CCC(c3ccccc3)c4ccccc4)CCN5CCOCC5,6.7
526,CHEMBL2349599,CN(C)c1cccc(NC(=O)N(CCC(c2ccccc2)c3ccccc3)CCN4CCOCC4)c1,6.52
527,CHEMBL2349598,COc1cccc(NC(=O)N(CCC(c2ccccc2)c3ccccc3)CCN4CCOCC4)c1,6.52
528,CHEMBL2349597,FC(F)(F)c1cccc(NC(=O)N(CCC(c2ccccc2)c3ccccc3)CCN4CCOCC4)c1,6.4
529,CHEMBL2349596,O=C(Nc1cccc(c1)C#N)N(CCC(c2ccccc2)c3ccccc3)CCN4CCOCC4,6.1
530,CHEMBL2349595,FC(F)(F)Oc1cccc(NC(=O)N(CCC(c2ccccc2)c3ccccc3)CCN4CCOCC4)c1,6.7
531,CHEMBL2349594,FC(F)(F)S(=O)(=O)c1cccc(NC(=O)N(CCC(c2ccccc2)c3ccccc3)CCN4CCOCC4)c1,6.4
532,CHEMBL2349593,CS(=O)(=O)c1cccc(NC(=O)N(CCC(c2ccccc2)c3ccccc3)CCN4CCOCC4)c1,6.0
533,CHEMBL2349592,C[S+]([O-])c1cccc(NC(=O)N(CCC(c2ccccc2)c3ccccc3)CCN4CCOCC4)c1,6.1
534,CHEMBL2349591,FC(F)(F)Sc1cccc(NC(=O)N(CCC(c2ccccc2)c3ccccc3)CCN4CCOCC4)c1,6.46
535,CHEMBL2349590,CSc1cccc(NC(=O)N(CCC(c2ccccc2)c3ccccc3)CCN4CCOCC4)c1,6.89
536,CHEMBL2349589,COCc1cccc(NC(=O)N(CCC(c2ccccc2)c3ccccc3)CCN4CCOCC4)c1,6.4
537,CHEMBL2349588,OCc1cccc(NC(=O)N(CCC(c2ccccc2)c3ccccc3)CCN4CCOCC4)c1,6.1
538,CHEMBL2349587,CC(=O)c1cccc(NC(=O)N(CCC(c2ccccc2)c3ccccc3)CCN4CCOCC4)c1,6.26
539,CHEMBL2349586,CCC(=O)c1cccc(NC(=O)N(CCC(c2ccccc2)c3ccccc3)CCN4CCOCC4)c1,6.82
540,CHEMBL2349585,FC(F)(F)C(F)(F)CCCOC(=O)c1cccc(NC(=O)N(CCC(c2ccccc2)c3ccccc3)CCN4CCOCC4)c1,6.4
541,CHEMBL2349584,OCCOC(=O)c1cccc(NC(=O)N(CCC(c2ccccc2)c3ccccc3)CCN4CCOCC4)c1,6.82
542,CHEMBL2349583,CC(C)(C)OC(=O)c1cccc(NC(=O)N(CCC(c2ccccc2)c3ccccc3)CCN4CCOCC4)c1,6.52
543,CHEMBL2349582,CC(OC(=O)c1cccc(NC(=O)N(CCC(c2ccccc2)c3ccccc3)CCN4CCOCC4)c1)C(C)(C)C,6.0
544,CHEMBL2349581,O=C(Nc1cccc(c1)C(=O)OCc2ccccc2)N(CCC(c3ccccc3)c4ccccc4)CCN5CCOCC5,6.7
545,CHEMBL2349580,CC(C)OC(=O)c1cccc(NC(=O)N(CCC(c2ccccc2)c3ccccc3)CCN4CCOCC4)c1,6.82
546,CHEMBL2349579,OC(=O)c1cccc(NC(=O)N(CCC(c2ccccc2)c3ccccc3)CCN4CCOCC4)c1,5.7
547,CHEMBL2349578,COC(=O)N1CCN(CCCN(CCC(c2ccccc2)c3ccccc3)C(=O)Nc4cccc(c4)C(=O)OC)CC1,6.4
550,CHEMBL2346787,COC(=O)c1cccc(NC(=O)N(CCCN2CCOCC2)CCC(c3ccccc3)c4ccccc4)c1,6.82
552,CHEMBL2346785,COC(=O)c1cccc(NC(=O)N(CCC(c2ccccc2)c3ccccc3)CCC4CCCCC4)c1,5.0
553,CHEMBL2346784,COC(=O)c1cccc(NC(=O)N(CCC(c2ccccc2)c3ccccc3)CC(=O)OC(C)(C)C)c1,6.1
554,CHEMBL2346783,COC(=O)c1cccc(NC(=O)N(CCC(c2ccccc2)c3ccccc3)Cc4ccccc4)c1,5.7
555,CHEMBL2346782,COC(=O)c1cccc(NC(=O)N(CCC(c2ccccc2)c3ccccc3)CC(C)C)c1,5.82
556,CHEMBL2346781,COC(=O)c1cccc(c1)N(CCN2CCOCC2)C(=O)NCCC(c3ccccc3)c4ccccc4,5.0
557,CHEMBL2346780,Clc1ccccc1CNC(=O)NCCC(c2ccccc2)c3ccccc3,5.4
558,CHEMBL2346779,COc1ccc(CNC(=O)NCCC(c2ccccc2)c3ccccc3)cc1,4.82
559,CHEMBL2346666,C[C@@H](NC(=O)NCCC(c1ccccc1)c2ccccc2)c3ccccc3,5.22
560,CHEMBL2346778,OC(=O)c1cccc(NC(=O)NCCC(c2ccccc2)c3ccccc3)c1,4.7
561,CHEMBL2346777,FC(F)(F)c1cc(NC(=O)NCCC(c2ccccc2)c3ccccc3)ccc1Cl,5.52
562,CHEMBL2346776,COC(=O)c1cc(NC(=O)NCCC(c2ccccc2)c3ccccc3)ccc1Cl,5.7
563,CHEMBL2346775,O=C(NCCC(c1ccccc1)c2ccccc2)Nc3cccc(c3)c4ccccc4,4.82
564,CHEMBL2346774,O=C(NCCC(c1ccccc1)c2ccccc2)Nc3ccc(cc3)c4ccccc4,5.4
565,CHEMBL2346773,Cc1ccc(NC(=O)NCCC(c2ccccc2)c3ccccc3)cc1,5.4
566,CHEMBL2346772,CCOC(=O)c1ccc(NC(=O)NCCC(c2ccccc2)c3ccccc3)cc1,5.52
567,CHEMBL2346771,COC(=O)c1cccc(NC(=O)NCCC(c2ccccc2)c3ccccc3)c1,5.7
568,CHEMBL2346770,Clc1cccc(NC(=O)NCCC(c2ccccc2)c3ccccc3)c1,5.4
569,CHEMBL2346769,Clc1ccc(NC(=O)NCCC(c2ccccc2)c3ccccc3)cc1,5.4
570,CHEMBL2346768,Clc1ccccc1NC(=O)NCCC(c2ccccc2)c3ccccc3,5.22
571,CHEMBL2346767,COc1ccc(NC(=O)NCCC(c2ccccc2)c3ccccc3)cc1,4.82
572,CHEMBL2346766,COc1cccc(NC(=O)NCCC(c2ccccc2)c3ccccc3)c1,5.1
573,CHEMBL1201284,C[C@@H](NCCCc1cccc(c1)C(F)(F)F)c2cccc3ccccc23,7.1
574,CHEMBL254832,CC(NCCC(c1ccccc1)c2ccccc2)c3ccccc3,6.0
578,CHEMBL2375386,Fc1ccc2nc(NC(=O)N(CCC(c3ccccc3)c4ccccc4)CCN5CCOCC5)sc2c1,6.7
579,CHEMBL2375385,CCOc1ccc2nc(NC(=O)N(CCC(c3ccccc3)c4ccccc4)CCN5CCOCC5)sc2c1,6.0
581,CHEMBL2377751,CN(C)CCNC(=O)c1ccc2nc(NC(=O)N(CCC(c3ccccc3)c4ccccc4)CCN5CCOCC5)sc2c1,6.7
582,CHEMBL2377750,CCOC(=O)c1ccc2nc(NC(=O)N(CCC(c3ccccc3)c4ccccc4)CCN5CCOCC5)sc2c1,6.7
591,CHEMBL2377742,Cc1cccc2sc(NC(=O)N(CCC(c3ccccc3)c4ccccc4)CCN5CCOCC5)nc12,6.22
595,CHEMBL2377738,O=C(Nc1nc2ccccc2n1Cc3ccccc3)N(CCC(c4ccccc4)c5ccccc5)CCN6CCOCC6,6.52
596,CHEMBL2377737,Cn1c(NC(=O)N(CCC(c2ccccc2)c3ccccc3)CCN4CCOCC4)nc5ccccc15,6.82
599,CHEMBL2377734,COC(=O)c1sccc1NC(=O)N(CCC(c2ccccc2)c3ccccc3)CCN4CCOCC4,6.4
600,CHEMBL2377733,Cc1noc(NC(=O)N(CCC(c2ccccc2)c3ccccc3)CCN4CCOCC4)c1C,5.77
601,CHEMBL2377732,Cc1onc(NC(=O)N(CCC(c2ccccc2)c3ccccc3)CCN4CCOCC4)c1,6.7
602,CHEMBL2377731,O=C(Nc1nccs1)N(CCC(c2ccccc2)c3ccccc3)CCN4CCOCC4,6.52
603,CHEMBL2377730,O=C(Nc1nccc(n1)c2nccs2)N(CCC(c3ccccc3)c4ccccc4)CCN5CCOCC5,6.7
604,CHEMBL2377729,COc1cc(C)nc(NC(=O)N(CCC(c2ccccc2)c3ccccc3)CCN4CCOCC4)n1,6.4
605,CHEMBL2377728,O=C(Nc1cnccn1)N(CCC(c2ccccc2)c3ccccc3)CCN4CCOCC4,6.35
607,CHEMBL2377726,O=C(Nc1cccnc1)N(CCC(c2ccccc2)c3ccccc3)CCN4CCOCC4,6.0
619,CHEMBL3091483,O=C(Nc1nc(c2ccccc2)c(C#N)s1)N(CCC(c3ccccc3)c4ccccc4)CCN5CCOCC5,6.8
623,CHEMBL3093414,O=C(Nc1nnc(s1)c2ccccc2)N(CCC(c3ccccc3)c4ccccc4)CCN5CCOCC5,6.54
624,CHEMBL3093415,O=C(Nc1nsc(n1)c2ccccc2)N(CCC(c3ccccc3)c4ccccc4)CCN5CCOCC5,6.76
627,CHEMBL3093412,O=C(Nc1cccc(n1)c2ccccc2)N(CCC(c3ccccc3)c4ccccc4)CCN5CCOCC5,6.52
628,CHEMBL3093413,O=C(Nc1oc(nn1)c2ccccc2)N(CCC(c3ccccc3)c4ccccc4)CCN5CCOCC5,5.99
638,CHEMBL3827912,CC(OC[C@H](O)CNC(C)(C)CC1Cc2ccccc2C1)c3ccc(C)c4OC5C(C5c34)C(=O)O,6.93
641,CHEMBL3828182,CC(OC[C@H](O)CNC(C)(C)Cc1ccc(Cl)c(F)c1)c2ccc(C)c3OC4C(C4c23)C(=O)O,6.69
642,CHEMBL3827410,C[C@@H](OC[C@H](O)CNC(C)(C)Cc1ccc2ncccc2c1)c3ccc(C)c4O[C@@H]5[C@H]([C@@H]5c34)C(=O)O,6.34
644,CHEMBL3828329,C[C@@H](OC[C@H](O)CN1CCCC1(C)Cc2ccccc2)c3ccc(C)c4O[C@@H]5[C@H]([C@@H]5c34)C(=O)O,5.88
645,CHEMBL3827473,C[C@@H](OC[C@H](O)CN1CCCC1Cc2ccccc2)c3ccc(C)c4O[C@@H]5[C@H]([C@@H]5c34)C(=O)O,6.31
