,molecule_chembl_id,canonical_smiles,pchembl_value
0,CHEMBL51815,CC(C)[C@@H](O)[C@H]1C[C@@H](Cc2ccccc2)CCN1CCCNC(=O)Nc3cccc(c3)C(=O)C,7.0
1,CHEMBL50423,CCC[C@H]1C[C@@H](Cc2ccccc2)CCN1CCCNC(=O)Nc3cccc(c3)C(=O)C,7.0
2,CHEMBL2171013,CN(C(=O)N1CCC(CC1)N2CCC(CC2)Oc3ccc(Cl)c(Cl)c3)S(=O)(=O)c4ccc(C)cc4,7.0
3,CHEMBL394443,CN(C)c1ccc(cc1)N2N(C)C(=C(CN(CCc3ccc(Cl)cc3)C4CCN(CC4)C(=O)c5c(F)cccc5F)C2=O)C,7.0
4,CHEMBL395851,CN1N(C(=O)C(=C1C)CN(CCc2ccc(Cl)cc2)C3CCN(CC3)C(=O)c4c(F)cccc4F)c5ccc(O)cc5,7.0
5,CHEMBL395852,CN1N(C(=O)C(=C1C)CN(CCc2ccc(Cl)cc2)C3CCN(CC3)C(=O)c4c(F)cccc4F)c5ccc(cc5)[N+](=O)[O-],7.0
6,CHEMBL395090,CN1N(C(=O)C(=C1C)CN(CCc2ccc(Cl)cc2)C3CCN(CC3)C(=O)c4c(F)cccc4F)c5cccc(F)c5,7.0
7,CHEMBL394444,CN1N(C(=O)C(=C1C)CN(CCc2ccc(Cl)cc2)C3CCN(CC3)C(=O)c4c(F)cccc4F)c5cnccc5Cl,7.0
8,CHEMBL245310,CN1N(C2CCCCC2)C(=O)C(=C1C)CN(CCc3ccc(Cl)cc3)C4CCN(CC4)C(=O)c5c(F)cccc5F,7.0
9,CHEMBL246347,COc1ccc(cc1)N2N(C)C(=C(CN(CCc3ccc(Cl)cc3)C4CCN(CC4)C(=O)c5c(F)cccc5F)C2=O)C,7.0
10,CHEMBL2171018,COc1cccc(c1)C(=O)NCCN2CCC(CC2)Oc3ccc(Cl)c(Cl)c3,7.0
11,CHEMBL181894,Cc1ccccc1NC(=O)N2CCC(CC2)N3CCC(Cc4ccc(Cl)c(Cl)c4)CC3,7.0
12,CHEMBL2171044,Clc1ccc(OC2CCN(CC2)C3CCN(CC3)C(=O)NS(=O)(=O)c4cccc(c4)C#N)cc1Cl,7.0
13,CHEMBL51229,Fc1ccc(CC2CCN(CCCNC(=O)NC3CCCCC3)CC2)cc1,7.0
14,CHEMBL50988,Fc1ccc(CC2CCN(CCCNC(=O)Nc3cccc(c3)c4ncc[nH]4)CC2)cc1,7.0
15,CHEMBL49404,Fc1ccc(CC2CCN(CCCNC(=O)Nc3cccc(c3)c4occc4)CC2)cc1,7.0
16,CHEMBL2159765,Fc1ccc2c(c1)nc(CC(F)(F)F)n2C3CCNCC3,7.0
17,CHEMBL2158830,OC(=O)COc1ccc(cc1)N2CCC(CN3CCC(CC3)Oc4ccc(Cl)c(Cl)c4)CC2,7.0
18,CHEMBL2158823,OC(=O)c1cccc(c1)N2CCC(CN3CCC(CC3)Oc4ccc(Cl)c(Cl)c4)CC2,7.0
19,CHEMBL2208416,OC(COc1ccccc1NC(=O)C2CCC2)CN3CCC(CC3)Oc4ccc(Cl)c(Cl)c4,7.0
20,CHEMBL3355939,OCc1[nH]c2cc(F)ccc2c1C3CCN(CCCSc4ccc(F)cc4)CC3,7.0
21,CHEMBL3355963,CCOC(=O)c1ccnc(c1)n2c(CC)c(C3CCN(CCCSc4ccc(F)cc4)CC3)c5ccc(F)cc25,7.01
22,CHEMBL3355936,CCc1[nH]c2cc(F)ccc2c1C3CCN(CCCSc4ccc(OC)cc4)CC3,7.02
23,CHEMBL183429,Brc1ccccc1\C=C\2/CCN3Cc4ccccc4N=C23,7.05
24,CHEMBL301503,Fc1ccc(CC2CCN(CCCNC(=O)NC34CC5CC(CC(C5)C3)C4)CC2)cc1,7.05
25,CHEMBL50158,[O-][N+](=O)c1ccccc1NC(=O)NCCCN2CCC(Cc3ccc(F)cc3)CC2,7.05
26,CHEMBL253666,CCN(C[C@H](O)[C@@H](C)NC(=O)Nc1cccc(c1)c2nnnn2C)[C@@H](C)[C@H](O)Cc3ccc(F)cc3,7.06
27,CHEMBL3670819,CN(C)C(=O)c1cc(C)nc(NC(=O)[C@H]2CCC(=O)N2C3CCN(Cc4ccc(Cl)c(c4)C(F)(F)F)CC3)c1,7.06
28,CHEMBL3355946,CCc1[nH]c2cc(O)ccc2c1C3CCN(CCCSc4ccc(F)cc4)CC3,7.07
29,CHEMBL181929,CO[C@@H]1CN(CC[C@@H]1Cc2ccc(Cl)c(Cl)c2)C3CCN(CC3)C(=O)c4cnnc5ccccc45,7.07
30,CHEMBL123961,Fc1ccc(CC2CCN(Cc3cc4OCOc4cc3NC(=O)Nc5cccc(c5)C#N)CC2)cc1,7.07
31,CHEMBL3355957,CCOC(=O)Cn1c(CC)c(C2CCN(CCCSc3ccc(F)cc3)CC2)c4ccc(F)cc14,7.09
32,CHEMBL181302,CCc1cc(NC(=O)NC[C@@H]2CCCN(CCc3ccc(cc3)C(F)(F)F)C2)cc(c1)c4nnnn4C,7.09
33,CHEMBL1910164,COc1ccc(Cl)cc1NC(=O)NCCCCN(C)Cc2ccc(F)cc2,7.09
34,CHEMBL123585,COc1cccc(NC(=O)Nc2ccccc2C(O)CN3CCC(Cc4ccccc4)CC3)c1,7.09
35,CHEMBL50233,CCCC[C@H](O)[C@H]1C[C@@H](Cc2ccccc2)CCN1CCCNC(=O)Nc3cccc(c3)C(=O)C,7.1
36,CHEMBL290119,CCOC(=O)[C@H](Cc1ccc(O)cc1)NC(=O)c2cccc3ccccc23,7.1
37,CHEMBL246339,CN1N(C(=O)C(=C1C)CN(CCc2ccc(Cl)cc2)C3CCN(CC3)C(=O)c4c(F)cccc4F)c5ccc(N)cc5,7.1
38,CHEMBL2208437,CS(=O)(=O)c1ccccc1C(=O)NCC(O)CNC2CCN(Cc3ccc(Cl)c(Cl)c3)CC2,7.1
39,CHEMBL365551,Clc1cc(Cl)cc(CCNCC(N2CCN(CC2)C3CCCCC3)c4ccccc4)c1,7.1
40,CHEMBL282285,Clc1ccc(CN2CCC(CC2)NC(=O)CSc3nc4ccccc4s3)cc1,7.1
41,CHEMBL2171015,Clc1ccc(OC2CCN(CC2)C3CCN(CC3)S(=O)(=O)NC(=O)c4ccccc4)cc1Cl,7.1
42,CHEMBL2158816,OC(=O)C(N1CCCC(CN2CCC(CC2)Oc3ccc(Cl)c(Cl)c3)C1)c4ccccc4,7.1
43,CHEMBL2171027,OC(=O)CCCS(=O)(=O)c1cccc(c1)C(=O)N2CCC(CC2)N3CCC(CC3)Oc4ccc(Cl)c(Cl)c4,7.1
44,CHEMBL3355935,CCc1[nH]c2cc(F)ccc2c1C3CCN(CCCSc4ccc(O)cc4)CC3,7.11
45,CHEMBL2112050,COc1cccc(NC(=O)NC2CCCC(CN3CCC(Cc4ccc(F)cc4)CC3)C2)c1,7.11
46,CHEMBL1910165,Fc1ccc(OC2CCN(CCCCNC(=O)Nc3ccc(F)c(F)c3)C2)cc1,7.12
47,CHEMBL183461,Ic1ccccc1\C=C\2/CCN3C(=N)c4ccccc4N=C23,7.12
48,CHEMBL3639696,CNC(=O)c1cccc(NC(=O)[C@H]2CCC(=O)N2C3CCN(Cc4ccc(Cl)c(C)c4)CC3)n1,7.14
49,CHEMBL3670818,CN(C)C(=O)c1cc(C)nc(NC(=O)[C@H]2CCC(=O)N2C3CCN(Cc4ccc(F)c(C)c4)CC3)c1,7.15
50,CHEMBL51259,CS(=O)(=O)c1ccc(NC(=O)NCCCN2CCC(Cc3ccc(F)cc3)CC2)cc1,7.16
51,CHEMBL3670792,Cc1cccc(NC(=O)[C@H]2CCC(=O)N2C3CCN(Cc4ccc(Cl)c(C)c4)CC3)n1,7.16
52,CHEMBL262918,Fc1ccc(CC2CCN(CCCNC(=O)Nc3cccc(c3)C(F)(F)F)CC2)cc1,7.16
53,CHEMBL3355951,CCc1c(C2CCN(CCCSc3ccc(F)cc3)CC2)c4ccc(F)cc4n1c5ccccc5,7.17
54,CHEMBL126163,COC(=O)c1ccc(NC(=O)Nc2cccc(c2)C#N)c(CN3CCC(Cc4ccc(F)cc4)CC3)c1,7.17
55,CHEMBL366654,COc1cccc(NC(=O)NC2CCCCC2CN3CCC(Cc4ccccc4)CC3)c1,7.17
56,CHEMBL3670794,Cc1ccnc(NC(=O)[C@H]2CCC(=O)N2C3CCN(Cc4ccc(Cl)c(C)c4)CC3)c1,7.17
57,CHEMBL178875,Clc1ccc(CC2CCN(CC2)C3CCN(CC3)C(=O)c4cccc5cccnc45)cc1Cl,7.17
58,CHEMBL178576,Cc1ccccc1CC(=O)N2CCC(CC2)N3CCC(Cc4ccc(Br)cc4)CC3,7.18
59,CHEMBL3355943,OCc1[nH]c2ccccc2c1C3CCN(CCCSc4ccc(F)cc4)CC3,7.18
60,CHEMBL126520,COC(=O)c1ccc(NC(=O)Nc2cccc(OC)c2)c(CN3CCC(Cc4ccc(F)cc4)CC3)c1,7.19
61,CHEMBL1910163,COc1ccc(OC)c(c1)S(=O)(=O)N2CCC(CN3CCN(Cc4ccc(F)cc4)CC3)CC2,7.19
62,CHEMBL436363,C[C@H](CN1C2CCC1CC(Cc3ccc(Cl)cc3)C2)NC(=O)Nc4cccc(c4)S(=O)(=O)C,7.19
63,CHEMBL246549,CN1N(C(=O)C(=C1C)CN(CCc2ccc(Cl)cc2)C3CCN(CC3)C(=O)c4c(F)cccc4F)c5ccc(Cl)cc5,7.2
64,CHEMBL2207670,CS(=O)(=O)c1ccc2C(=CNC(=O)c2c1)C(=O)NC[C@@H](O)CN3CCC(CC3)Oc4ccc(C#N)c(Cl)c4,7.2
65,CHEMBL3670823,CN(C)C(=O)c1cc(C)nc(NC(=O)[C@H]2CCC(=O)N2C3CCN(Cc4cc(C)c(Cl)c(C)c4)CC3)c1,7.21
66,CHEMBL195671,COc1ccc(cc1)C(CNCCc2cc(Cl)cc(Cl)c2)N3CCN(CC3)C4CCCCC4,7.21
67,CHEMBL446144,CC(C)C[C@@H](O)[C@H]1C[C@@H](Cc2ccccc2)CCN1CCCNC(=O)Nc3cccc(c3)C(=O)C,7.22
68,CHEMBL3355961,CCOC(=O)c1cccc(n1)n2c(CC)c(C3CCN(CCCSc4ccc(F)cc4)CC3)c5ccc(F)cc25,7.22
69,CHEMBL3355933,CCc1[nH]c2cc(F)ccc2c1C3CCN(CCCSc4ccccc4)CC3,7.22
70,CHEMBL3355952,CCc1c(C2CCN(CCCSc3ccc(F)cc3)CC2)c4ccc(F)cc4n1CC(=O)O,7.22
71,CHEMBL253211,Cn1nnnc1c2cccc(NC(=O)N[C@@H]3CCCC[C@H]3CN(CCCc4ccc(F)cc4)CC(F)(F)F)c2,7.22
72,CHEMBL53673,Fc1ccc(CC2CCN(CCCNC(=O)Nc3ccc(cc3)C(F)(F)F)CC2)cc1,7.22
73,CHEMBL252034,C[C@@H](NC(=O)Nc1cccc(c1)c2nnnn2C)[C@@H](O)CN(CCCc3ccc(F)cc3)CC(F)(F)F,7.23
74,CHEMBL440844,CC(C)(C)OC(=O)[C@H](Cc1ccc(cc1)[N+](=O)[O-])NC(=O)c2cccc3ccccc23,7.24
75,CHEMBL45064,CC(=O)c1cccc(NC(=O)NCCCN2C[C@@H]3Cc4cc(F)ccc4C[C@@H]3C2)c1,7.25
76,CHEMBL369287,Cc1ccccc1CC(=O)N2CCC(CC2)N3CCC(Cc4ccc(Cl)cc4Cl)CC3,7.25
77,CHEMBL47220,COc1cccc(NC(=O)NCCCN2CCCC(Cc3ccccc3)C2)c1,7.26
78,CHEMBL125884,OCc1ccc(NC(=O)Nc2cccc(c2)C#N)c(CN3CCC(Cc4ccc(F)cc4)CC3)c1,7.26
79,CHEMBL3355959,CCOC(=O)c1ccc(nc1)n2c(CC)c(C3CCN(CCCSc4ccc(F)cc4)CC3)c5ccc(F)cc25,7.27
80,CHEMBL180534,Cn1nnnc1c2cccc(NC(=O)NCC3CCN(Cc4ccc(F)cc4)CC3)c2,7.27
81,CHEMBL126218,OCc1cccc(NC(=O)Nc2ccccc2)c1CN3CCC(Cc4ccc(F)cc4)CC3,7.28
82,CHEMBL51244,CC(=O)c1cccc(NC(=O)NCCCN2CC[C@H](Cc3ccccc3)C[C@@H]2C(C)(O)O)c1,7.3
83,CHEMBL297904,CC(C)[C@H](O)[C@H]1C[C@@H](Cc2ccccc2)CCN1CCCNC(=O)Nc3cccc(c3)C(=O)C,7.3
84,CHEMBL54290,CC[C@@H](O)[C@H]1C[C@@H](Cc2ccccc2)CCN1CCCNC(=O)Nc3cccc(c3)C(=O)C,7.3
85,CHEMBL2171037,CN(C)c1ccc(cc1)S(=O)(=O)NC(=O)N2CCC(CC2)N3CCC(CC3)Oc4ccc(Cl)c(Cl)c4,7.3
86,CHEMBL194283,COc1ccc(cc1)C(CNCCc2cc(C)cc(C)c2)N3CCN(CC3)C4CCCCC4,7.3
87,CHEMBL50535,COc1cccc(NC(=O)N2CCCC(CN3CCC(Cc4ccc(F)cc4)CC3)C2)c1,7.3
88,CHEMBL51584,COc1cccc(NC(=O)N2CCOC(CN3CCC(Cc4ccc(F)cc4)CC3)C2)c1,7.3
89,CHEMBL2171019,CS(=O)(=O)c1cccc(c1)C(=O)N2CCC(CC2)N3CCC(CC3)Oc4ccc(Cl)c(Cl)c4,7.3
90,CHEMBL50034,C[S+]([O-])c1cccc(NC(=O)NCCCN2CCC(Cc3ccc(F)cc3)CC2)c1,7.3
91,CHEMBL2158778,OC(=O)[C@H](Cc1ccc(F)cc1)N2CCC(CN3CCC(CC3)Oc4ccc(Cl)cc4)CC2,7.3
92,CHEMBL178447,OC[C@@H]1CN(CC[C@@H]1Cc2ccc(Cl)c(Cl)c2)C3CCN(CC3)C(=O)c4ccc5ncccc5c4,7.3
93,CHEMBL43066,CC(=O)c1cccc(NC(=O)NCCCN2C[C@@H]3Cc4ccc(F)cc4C[C@H]3C2)c1,7.31
94,CHEMBL284954,CCOC(=O)[C@H](Cc1ccc(cc1)[N+](=O)[O-])NC(=O)c2ccccc2,7.31
95,CHEMBL125132,OC(CN1CCC(Cc2ccccc2)CC1)c3ccccc3NC(=O)Nc4cccc(c4)C#N,7.31
96,CHEMBL266181,CCOC(=O)c1ccc2nc(SCC(=O)NC3CCN(Cc4ccc(Cl)c(Cl)c4)CC3)sc2c1,7.32
97,CHEMBL441848,CO[C@@H]1CN(CC[C@@H]1Cc2ccc(Cl)c(Cl)c2)C3CCN(CC3)C(=O)c4ccc5nccnc5c4,7.32
98,CHEMBL3085118,CC(=O)c1cccc(NC(=O)NCCCN2[C@@H]3CC[C@H]2C[C@@H](Cc4ccc(F)cc4)C3)c1,7.33
99,CHEMBL126220,COc1cccc(NC(=O)Nc2ccc(CO)cc2CN3CCC(Cc4ccc(F)cc4)CC3)c1,7.33
100,CHEMBL3670793,COc1ccnc(NC(=O)[C@H]2CCC(=O)N2C3CCN(Cc4ccc(Cl)c(C)c4)CC3)c1,7.33
101,CHEMBL3355945,CCc1[nH]c2cc(C)ccc2c1C3CCN(CCCSc4ccc(F)cc4)CC3,7.34
102,CHEMBL362017,Clc1ccc(CC2CCN(CC2)C3CCN(CC3)C(=O)c4cnnc5ccccc45)cc1Cl,7.34
103,CHEMBL178422,FC[C@@H]1CN(CC[C@@H]1Cc2ccc(Cl)c(Cl)c2)C3CCN(CC3)C(=O)c4ccc5ncccc5c4,7.34
104,CHEMBL399134,CC(=O)c1sc(NC(=O)N[C@@H]2CNC[C@@H]2CN3CCC[C@@H](Cc4ccc(F)cc4)C3)nc1C,7.36
105,CHEMBL468695,CN1CC(C)(NC(=O)Nc2nc(cs2)C(C)(C)C)C(CN3CCC[C@@H](Cc4ccc(F)cc4)C3)OC1=O,7.36
106,CHEMBL125012,COC(=O)c1ccc(NC(=O)Nc2cccc(c2)C(=O)C)c(CN3CCC(Cc4ccc(F)cc4)CC3)c1,7.38
107,CHEMBL2112049,CC(=O)c1cccc(NC(=O)NC2CCCC(CN3CCC(Cc4ccc(F)cc4)CC3)C2)c1,7.39
108,CHEMBL178438,COC[C@@H]1CN(CC[C@@H]1Cc2ccc(Cl)c(Cl)c2)C3CCN(CC3)C(=O)c4ccc5ncccc5c4,7.39
109,CHEMBL43655,O=C(NCCCN1CCCC(Cc2ccccc2)C1)Nc3cccc(c3)C#N,7.39
110,CHEMBL337990,CC(=O)c1cccc(NC(=O)Nc2cc3OCOc3cc2CN4CCC(Cc5ccc(F)cc5)CC4)c1,7.4
111,CHEMBL3355956,CCc1c(C2CCN(CCCSc3ccc(F)cc3)CC2)c4ccc(F)cc4n1c5ccc(cn5)C(=O)O,7.4
112,CHEMBL395850,CN1N(C(=O)C(=C1C)CN(CCc2ccc(Cl)cc2)C3CCN(CC3)C(=O)c4c(F)cccc4F)c5ccccc5F,7.4
113,CHEMBL2171036,COc1ccc(cc1)S(=O)(=O)NC(=O)N2CCC(CC2)N3CCC(CC3)Oc4ccc(Cl)c(Cl)c4,7.4
114,CHEMBL51937,COc1cccc(NC(=O)N2CCN(C(CN3CCC(Cc4ccc(F)cc4)CC3)C2)C(=O)OC(C)(C)C)c1,7.4
115,CHEMBL50094,CSc1ccc(NC(=O)NCCCN2CCC(Cc3ccc(F)cc3)CC2)cc1,7.4
116,CHEMBL362700,Cc1ccccc1CC(=O)N2CCC(CC2)N3CCC(Cc4ccc(Cl)c(Cl)c4)CC3,7.4
117,CHEMBL2158815,OC(=O)C(N1CCC(CC1)N2CCC(CC2)Oc3ccc(Cl)c(Cl)c3)c4ccccc4,7.4
118,CHEMBL2158829,OC(=O)COc1cccc(c1)N2CCC(CN3CCC(CC3)Oc4ccc(Cl)c(Cl)c4)CC2,7.4
119,CHEMBL2158826,OC(=O)Cc1cccc(c1)N2CCC(CN3CCC(CC3)Oc4ccc(Cl)c(Cl)c4)CC2,7.4
120,CHEMBL290276,CC(=O)c1cccc(NC(=O)NCCCN2CC3(Cc4ccc(F)cc4)CCC2CC3)c1,7.41
121,CHEMBL44817,CC(=O)c1cccc(NC(=O)NCCCN2CCC[C@H](Cc3ccc(F)cc3)C2)c1,7.41
122,CHEMBL3355950,CCc1c(C2CCN(CCCSc3ccc(F)cc3)CC2)c4ccc(F)cc4n1C,7.42
123,CHEMBL180813,Clc1ccc(CC2CCN(CC2)C3CCN(CC3)C(=O)c4ccnc5ccccc45)cc1Cl,7.42
124,CHEMBL43818,Fc1ccccc1CC2CCCN(CCCNC(=O)Nc3cccc(c3)C#N)C2,7.42
125,CHEMBL182087,Cn1nnnc1c2cccc(NC(=O)NCC3CCCN(CCCc4ccc(F)cc4)C3)c2,7.44
126,CHEMBL179490,CO[C@@H]1CN(CC[C@@H]1Cc2ccc(Cl)c(Cl)c2)C3CCN(CC3)C(=O)c4ccc5cnccc5n4,7.46
127,CHEMBL361761,Clc1ccccc1\C=C\2/CCN3C(=N)c4ccccc4N=C23,7.46
128,CHEMBL127590,Fc1ccc(CC2CCN(CCc3ccccc3NC(=O)Nc4ccc(F)cc4)CC2)cc1,7.46
129,CHEMBL3355966,CCNC(=O)N[C@@H](CCN1CCC(CC1)c2c(CC)n(c3ccc(cn3)C(=O)OC)c4cc(F)ccc24)Cc5ccc(Cl)c(Cl)c5,7.47
130,CHEMBL181137,CO[C@@H]1CN(CC[C@@H]1Cc2ccc(Cl)c(Cl)c2)C3CCN(CC3)C(=O)c4cnc5ccccc5n4,7.47
131,CHEMBL181379,CCO[C@@H]1CN(CC[C@@H]1Cc2ccc(Cl)c(Cl)c2)C3CCN(CC3)C(=O)c4ccc5ncccc5c4,7.48
132,CHEMBL3355938,Cc1[nH]c2cc(F)ccc2c1C3CCN(CCCSc4ccc(F)cc4)CC3,7.48
133,CHEMBL3355934,CCc1[nH]c2cc(F)ccc2c1C3CCN(CCCSc4ccc(C)cc4)CC3,7.5
134,CHEMBL2171041,CN(C)c1ccccc1S(=O)(=O)NC(=O)N2CCC(CC2)N3CCC(CC3)Oc4ccc(Cl)c(Cl)c4,7.5
135,CHEMBL247160,CN1N(C(=O)C(=C1C)CN(CCc2ccc(Cl)cc2)C3CCN(CC3)C(=O)c4c(F)cccc4F)c5ccccc5,7.5
136,CHEMBL20532,Clc1ccc(CN2CCC(CC2)NC(=O)CSc3nc4ccccc4s3)cc1Cl,7.5
137,CHEMBL2171045,FC(F)(F)c1cccc(c1)S(=O)(=O)NC(=O)N2CCC(CC2)N3CCC(CC3)Oc4ccc(Cl)c(Cl)c4,7.5
138,CHEMBL2171034,Fc1ccc(cc1)S(=O)(=O)NC(=O)N2CCC(CC2)N3CCC(CC3)Oc4ccc(Cl)c(Cl)c4,7.5
139,CHEMBL2158818,OC(=O)C(N1CCO[C@H](CN2CCC(CC2)Oc3ccc(Cl)c(Cl)c3)C1)c4ccccc4,7.5
140,CHEMBL2158828,OC(=O)COc1ccccc1N2CCC(CN3CCC(CC3)Oc4ccc(Cl)c(Cl)c4)CC2,7.5
141,CHEMBL2158836,OC(=O)[C@@H](Cc1ccccc1)N2CCC(CN3CCC(CC3)Oc4ccc(Cl)c(Cl)c4)CC2,7.5
142,CHEMBL2158820,OC(=O)[C@@H](N1CCC(CN2CCC(CC2)Oc3ccc(Cl)c(Cl)c3)CC1)c4ccccc4,7.5
143,CHEMBL2208424,O[C@@H](CCN1CCC(CC1)Oc2ccc(Cl)c(Cl)c2)COc3cccc(c3)C#N,7.5
144,CHEMBL2207668,O[C@H](CNC(=O)C1=CNC(=O)c2ccccc12)CN3CCC(CC3)Oc4ccc(cc4)C#N,7.5
145,CHEMBL3355942,CCc1[nH]c2ccccc2c1C3CCN(CCCSc4ccc(F)cc4)CC3,7.51
146,CHEMBL42507,Fc1ccc(CC2CCN(CCCNC(=O)Nc3cccc(c3)C#N)C2)cc1,7.51
147,CHEMBL2113082,Fc1ccc(C[C@@H]2CCCN(C[C@@H]3CCCC[C@H]3NC(=O)Nc4cccc(Cl)c4)C2)cc1,7.51
148,CHEMBL54273,COc1cccc(NC(=O)N2CCNC(CN3CCC(Cc4ccc(F)cc4)CC3)C2)c1,7.52
149,CHEMBL298505,COc1cccc(NC(=O)N2CCO[C@H](CN3CCC(Cc4ccc(F)cc4)CC3)C2)c1,7.52
150,CHEMBL42388,COc1cccc(NC(=O)NCCCN2CCC(Cc3ccc(F)cc3)CC2)c1,7.52
151,CHEMBL362649,Clc1ccc(CC2CCN(CC2)C3CCN(CC3)C(=O)c4ccc5ncccc5c4)cc1Cl,7.52
152,CHEMBL416305,Fc1ccc(CC2CCN(CCCNC(=O)Nc3ccccc3)CC2)cc1,7.52
153,CHEMBL178136,CC[C@@H]1CN(CC[C@@H]1Cc2ccc(Cl)c(Cl)c2)C3CCN(CC3)C(=O)c4ccc5ncccc5c4,7.54
154,CHEMBL2096695,COc1cccc(NC(=O)N[C@@H]2CCCC[C@H]2CN3CCC[C@H](Cc4ccc(F)cc4)C3)c1,7.54
155,CHEMBL3085295,Cn1nnnc1c2cccc(NC(=O)NC[C@@H]3CCCN(CCCCc4ccc(F)cc4)C3)c2,7.54
156,CHEMBL295229,Fc1ccc(CC2CCCN(CCCNC(=O)Nc3cccc(c3)C#N)C2)cc1,7.54
157,CHEMBL361606,Brc1ccccc1\C=C\2/CCN3C(=N)c4ccccc4N=C23,7.55
158,CHEMBL361149,Brc1ccccc1\C=C\2/CCN3C(=N)c4ccsc4N=C23,7.55
159,CHEMBL2112987,COc1cccc(NC(=O)N[C@@H]2CCCC[C@H]2CN3CCCC(Cc4ccccc4)C3)c1,7.55
160,CHEMBL516224,CSc1ccc(cc1)C(=O)NC2CCC(CC2NC(=O)CNC(=O)c3cc(ccc3N)C(F)(F)F)NC(C)C,7.57
161,CHEMBL180621,CO[C@@H]1CN(CC[C@@H]1Cc2ccc(Cl)c(Cl)c2)C3CCN(CC3)C(=O)c4ccnc5ccccc45,7.59
162,CHEMBL397599,CN1N(C(=O)C(=C1C)CN(CCc2ccc(Cl)cc2)C3CCN(CC3)C(=O)c4c(F)cccc4F)c5ccccn5,7.6
163,CHEMBL2158776,COc1ccc(C[C@H](N2CCC(CN3CCC(CC3)Oc4ccc(Cl)c(Cl)c4)CC2)C(=O)O)cc1,7.6
164,CHEMBL2171040,COc1ccccc1S(=O)(=O)NC(=O)N2CCC(CC2)N3CCC(CC3)Oc4ccc(Cl)c(Cl)c4,7.6
165,CHEMBL2171046,Cc1ccc(cc1)S(=O)(=O)NC(=O)N2CCC(CC2)N3CCC(CC3)Oc4ccc(Cl)cc4Cl,7.6
166,CHEMBL2207282,NS(=O)(=O)c1ccc2C(=CNC(=O)c2c1)C(=O)NC[C@@H](O)CN3CCC(CC3)Oc4ccc(Cl)c(Cl)c4,7.6
167,CHEMBL2158827,OC(=O)Cc1ccc(cc1)N2CCC(CN3CCC(CC3)Oc4ccc(Cl)c(Cl)c4)CC2,7.6
168,CHEMBL2158840,OC(=O)[C@H](Cc1cccc(F)c1)N2CCC(CN3CCC(CC3)Oc4ccc(Cl)c(Cl)c4)CC2,7.6
169,CHEMBL446164,OC(CN1CCC(Cc2ccc(F)cc2)CC1)c3ccccc3NC(=O)Nc4ccccc4,7.62
170,CHEMBL3670791,CNC(=O)c1ccnc(NC(=O)[C@H]2CCC(=O)N2C3CCN(Cc4ccc(Cl)c(C)c4)CC3)c1,7.63
171,CHEMBL178887,Clc1ccc(C[C@H]2CCN(C[C@H]2C=C)C3CCN(CC3)C(=O)c4ccc5ncccc5c4)cc1Cl,7.64
172,CHEMBL218997,O=C(NCCC[C@H]1C[C@H](Cc2ccccc2)CCN1)Nc3cccc(c3)C#N,7.66
173,CHEMBL254055,CCc1cc(NC(=O)N[C@H](C)[C@@H](O)CN(CCCc2ccc(F)cc2)S(=O)(=O)C)cc(c1)c3nnnn3C,7.67
174,CHEMBL33589,CC(C)OC(=O)[C@H](Cc1ccc(cc1)[N+](=O)[O-])NC(=O)c2cccc3ccccc23,7.68
175,CHEMBL123917,COc1cccc(NC(=O)Nc2ccccc2C(O)CN3CCC(Cc4ccc(F)cc4)CC3)c1,7.68
176,CHEMBL332591,[I-].C[N+]1(Cc2cc(O)ccc2NC(=O)Nc3cccc(c3)C#N)CCC(Cc4ccccc4)CC1,7.68
177,CHEMBL53444,CC(C)C[C@H](O)[C@H]1C[C@@H](Cc2ccccc2)CCN1CCCNC(=O)Nc3cccc(c3)C(=O)C,7.7
178,CHEMBL21143,CCOc1ccc2nc(SCC(=O)NC3CCN(Cc4ccc(Cl)c(Cl)c4)CC3)sc2c1,7.7
179,CHEMBL248179,CN1N(C(=O)C(=C1C)CN(CCc2ccc(Cl)cc2)C3CCN(CC3)C(=O)c4c(F)cccc4F)c5ccc(F)cc5,7.7
180,CHEMBL181034,CO[C@@H]1CN(CC[C@@H]1Cc2ccc(Cl)c(Cl)c2)C3CCN(CC3)C(=O)c4nccc5ccccc45,7.7
181,CHEMBL301974,CS(=O)(=O)c1cccc(NC(=O)NCCCN2CCC(Cc3ccc(F)cc3)CC2)c1,7.7
182,CHEMBL50726,CSc1cccc(NC(=O)NCCCN2CCC(Cc3ccc(F)cc3)CC2)c1,7.7
183,CHEMBL301601,C[C@H](O)[C@H]1C[C@@H](Cc2ccccc2)CCN1CCCNC(=O)Nc3cccc(c3)C(=O)C,7.7
184,CHEMBL2158774,Cc1ccc(C[C@H](N2CCC(CN3CCC(CC3)Oc4ccc(Cl)c(Cl)c4)CC2)C(=O)O)cc1,7.7
185,CHEMBL2158773,Cc1cccc(C[C@H](N2CCC(CN3CCC(CC3)Oc4ccc(Cl)c(Cl)c4)CC2)C(=O)O)c1,7.7
186,CHEMBL2171038,Cc1ccccc1S(=O)(=O)NC(=O)N2CCC(CC2)N3CCC(CC3)Oc4ccc(Cl)c(Cl)c4,7.7
187,CHEMBL48873,Clc1ccc(CC2CCN(CCCNC(=O)Nc3cccc(c3)C#N)CC2)cc1,7.7
188,CHEMBL51286,Fc1ccc(CC2CCN(CCCNC(=O)Nc3ccc(cc3)C#N)CC2)cc1,7.7
189,CHEMBL43677,Fc1ccc(CC2CCN(CCCNC(=O)Nc3cccc(c3)C#N)CC2)cc1,7.7
190,CHEMBL2207667,NC(=O)c1c(Cl)c(Cl)ccc1OC2CCN(C[C@H](O)CNC(=O)C3=CNC(=O)c4ccccc34)CC2,7.7
191,CHEMBL2158825,OC(=O)Cc1ccccc1N2CCC(CN3CCC(CC3)Oc4ccc(Cl)c(Cl)c4)CC2,7.7
192,CHEMBL2158838,OC(=O)[C@H](Cc1ccc(Cl)cc1)N2CCC(CN3CCC(CC3)Oc4ccc(Cl)c(Cl)c4)CC2,7.7
193,CHEMBL2158770,OC(=O)[C@H](Cc1cccc(c1)C#N)N2CCC(CN3CCC(CC3)Oc4ccc(Cl)c(Cl)c4)CC2,7.7
194,CHEMBL2158777,OC(=O)[C@H](Cc1cccc(c1)C(F)(F)F)N2CCC(CN3CCC(CC3)Oc4ccc(Cl)c(Cl)c4)CC2,7.7
195,CHEMBL2158831,OC(=O)c1ccccc1CN2CCC(CN3CCC(CC3)Oc4ccc(Cl)c(Cl)c4)CC2,7.7
196,CHEMBL2208423,O[C@H](CNC(=O)c1cccc(c1)C#N)CN2CCC(CC2)Oc3ccc(Cl)c(Cl)c3,7.7
197,CHEMBL481790,CSc1ccc(cc1)C(=O)NC2CCNCC2NC(=O)CNC(=O)c3cc(ccc3N)C(F)(F)F,7.71
198,CHEMBL253034,CCN(C[C@H](O)[C@@H](C)NC(=O)Nc1cccc(c1)c2nnnn2C)[C@@H](C)[C@@H](O)Cc3ccc(F)cc3,7.72
199,CHEMBL3670802,Cc1cc(CN2CCC(CC2)N3[C@H](CCC3=O)C(=O)Nc4cc(ccn4)C(=O)N5CCOCC5)ccc1Cl,7.72
200,CHEMBL42264,Fc1ccc(CC2CCCN(CCCNC(=O)Nc3cccc(c3)C#N)C2)c(F)c1,7.72
201,CHEMBL3670816,CN(C)C(=O)c1cc(C)nc(NC(=O)[C@H]2CCC(=O)N2C3CCN(Cc4ccc(Cl)c(Cl)c4)CC3)c1,7.75
202,CHEMBL362040,CO[C@@H]1CN(CC[C@@H]1Cc2ccc(Cl)c(Cl)c2)C3CCN(CC3)C(=O)c4cccc5cccnc45,7.75
203,CHEMBL32692,[O-][N+](=O)c1ccc(C[C@H](NC(=O)c2cccc3ccccc23)C(=O)OCc4ccccc4)cc1,7.75
204,CHEMBL339884,OC(=O)c1cccc(NC(=O)Nc2ccccc2)c1CN3CCC(Cc4ccc(F)cc4)CC3,7.77
205,CHEMBL399133,CC(=O)c1sc(NC(=O)N[C@@H]2CN(C[C@@H]2CN3CCC[C@@H](Cc4ccc(F)cc4)C3)C(=O)OC(C)(C)C)nc1C,7.8
206,CHEMBL2208428,CS(=O)(=O)c1ccccc1C(=O)NC[C@@H](O)CN2CCC(CC2)Oc3ccc(Cl)c(Cl)c3,7.8
207,CHEMBL2207276,Cc1cc(Cl)ccc1OC2CCN(C[C@H](O)CNC(=O)C3=CNC(=O)c4cc(ccc34)S(=O)(=O)C)CC2,7.8
208,CHEMBL2171033,Clc1ccc(OC2CCN(CC2)C3CCN(CC3)C(=O)NS(=O)(=O)c4ccccc4)cc1Cl,7.8
209,CHEMBL181273,CO[C@@H]1CN(CC[C@@H]1Cc2ccc(Cl)c(Cl)c2)C3CCN(CC3)C(=O)c4ccc5cccnc5n4,7.82
210,CHEMBL362613,Cn1nnnc1c2cccc(NC(=O)NC[C@H]3CCCN(CCCc4ccc(F)cc4)C3)c2,7.82
211,CHEMBL178278,CCc1cc(NC(=O)N[C@@H]2CCCN(CCc3ccc(F)cc3)C2)cc(c1)c4nnnn4C,7.85
212,CHEMBL175559,COc1cccc(NC(=O)N[C@@H]2CCCC[C@H]2CN3CCC(Cc4ccc(F)cc4)CC3)c1,7.85
213,CHEMBL2096763,COc1cccc(NC(=O)N[C@@H]2CCCC[C@H]2CN3CCC[C@@H](Cc4ccc(F)cc4)C3)c1,7.85
214,CHEMBL181460,C[C@@H]1CN(CC[C@@H]1Cc2ccc(Cl)c(Cl)c2)C3CCN(CC3)C(=O)c4ccc5ncccc5c4,7.85
215,CHEMBL125549,Fc1ccc(CC2CCN(CCc3ccccc3NC(=O)Nc4cccc(c4)C#N)CC2)cc1,7.85
216,CHEMBL465272,CN1CC(C)(NC(=O)Nc2nc(C)cs2)C(CN3CCC[C@@H](Cc4ccc(F)cc4)C3)OC1=O,7.89
217,CHEMBL180694,Cn1nnnc1c2cccc(NC(=O)NC[C@H]3CCCN(CCc4ccc(F)cc4)C3)c2,7.89
218,CHEMBL2207655,CC1(O)CN(C1)S(=O)(=O)c2ccc3C(=CNC(=O)c3c2)C(=O)NC[C@@H](O)CN4CCC(CC4)Oc5ccc(Cl)c(Cl)c5,7.9
219,CHEMBL2171016,Cc1c(Cl)ccc(OC2CCN(CC2)C3CCN(CC3)S(=O)(=O)NC(=O)c4ccccc4)c1Cl,7.9
220,CHEMBL2158781,Cc1cc(F)ccc1OC2CCN(CC3CCN(CC3)[C@@H](Cc4ccc(F)cc4)C(=O)O)CC2,7.9
221,CHEMBL2158819,OC(=O)C(N1CCC(CN2CCC(CC2)Oc3ccc(Cl)c(Cl)c3)CC1)c4ccccc4,7.9
222,CHEMBL2208435,O[C@H](CNC(=O)c1cnnc2ccccc12)CN3CCC(CC3)Oc4ccc(Cl)c(Cl)c4,7.9
223,CHEMBL386493,CC(=O)c1cc(NC(=O)NCCC[C@H]2C[C@H](Cc3ccc(F)cc3)CCN2CC(F)F)cc(c1)C(=O)C,7.91
224,CHEMBL360062,CCc1cc(NC(=O)NC[C@@H]2CCCN(CCc3cccc(F)c3)C2)cc(c1)c4nnnn4C,7.92
225,CHEMBL392218,CN1N(C(=O)C(=C1C)CN(CCc2ccc(cc2)[N+](=O)[O-])C3CCN(CC3)C(=O)c4c(C)ccnc4C)c5ccc(F)cc5,7.92
226,CHEMBL392219,CN1N(C(=O)C(=C1C)CN(CCc2ccc(cc2)[N+](=O)[O-])C3CCN(CC3)C(=O)c4ccccn4)c5ccc(F)cc5,7.92
227,CHEMBL175502,COc1cccc(NC(=O)NC2CCCCC2CN3CCC(Cc4ccc(F)cc4)CC3)c1,7.92
228,CHEMBL121637,C[C@H](O)[C@H](CN1C2CCC1CC(Cc3ccc(Cl)cc3)C2)NC(=O)Nc4cccc(c4)S(=O)(=O)C,7.92
229,CHEMBL362465,Fc1ccc(CC2CCN(C[C@@H]3CCCC[C@H]3NC(=O)Nc4cccc(c4)C#N)CC2)cc1,7.92
230,CHEMBL194384,Fc1ccc(C[C@@H]2CCCN(C[C@@H]3CCCC[C@H]3NC(=O)Nc4ccc(F)c(F)c4)C2)cc1,7.92
231,CHEMBL3355964,CCNC(=O)N[C@@H](CCN1CCC(CC1)c2c(CC)[nH]c3cc(F)ccc23)Cc4ccc(Cl)c(Cl)c4,7.96
232,CHEMBL124821,COC(=O)c1cccc(NC(=O)Nc2cccc(OC)c2)c1CN3CCC(Cc4ccc(F)cc4)CC3,7.96
233,CHEMBL178818,CO[C@@H]1CN(CC[C@@H]1Cc2ccc(Cl)c(Cl)c2)C3CCN(CC3)C(=O)c4ccc5ncccc5c4,7.96
234,CHEMBL121905,COc1cc(NC(=O)N[C@H](C)CN2C3CCC2CC(Cc4ccc(Cl)cc4)C3)cc(OC)c1OC,7.96
235,CHEMBL341074,COc1cccc(NC(=O)Nc2ccccc2CCN3CCC(Cc4ccc(F)cc4)CC3)c1,7.96
236,CHEMBL124438,OC(CN1CCC(Cc2ccc(F)cc2)CC1)c3ccccc3NC(=O)Nc4cccc(c4)C#N,7.96
237,CHEMBL123616,[I-].C[N+]1(Cc2cc3OCOc3cc2NC(=O)Nc4cccc(c4)C#N)CCC(Cc5ccccc5)CC1,7.96
238,CHEMBL3670796,CNC(=O)c1cc(C)nc(NC(=O)[C@H]2CCC(=O)N2C3CCN(Cc4ccc(Cl)c(C)c4)CC3)c1,7.98
239,CHEMBL295832,CC(=O)c1cccc(NC(=O)NCCCN2CCC(Cc3ccc(F)cc3)CC2)c1,8.0
240,CHEMBL2171020,Clc1ccc(OC2CCN(CC2)C3CCN(CC3)C(=O)C4=CNC(=O)c5ccccc45)cc1Cl,8.0
241,CHEMBL364263,Fc1ccc(C[C@@H]2CCCN(C[C@@H]3CCCC[C@H]3NC(=O)Nc4cccc(F)c4)C2)cc1,8.0
242,CHEMBL2178574,NC(=O)c1ccc(CNC(=O)NC[C@@H]2CN(Cc3ccc(Cl)c(Cl)c3)CCO2)cc1,8.0
243,CHEMBL2158841,OC(=O)[C@H](Cc1ccc(F)cc1)N2CCC(CN3CCC(CC3)Oc4ccc(Cl)c(Cl)c4)CC2,8.0
244,CHEMBL2158835,OC(=O)[C@H](Cc1ccccc1)N2CCC(CN3CCC(CC3)Oc4ccc(Cl)c(Cl)c4)CC2,8.0
245,CHEMBL2158837,OC(=O)[C@H](Cc1ccccc1Cl)N2CCC(CN3CCC(CC3)Oc4ccc(Cl)c(Cl)c4)CC2,8.0
246,CHEMBL2158839,OC(=O)[C@H](Cc1ccccc1F)N2CCC(CN3CCC(CC3)Oc4ccc(Cl)c(Cl)c4)CC2,8.0
247,CHEMBL2158821,OC(=O)[C@H](N1CCC(CN2CCC(CC2)Oc3ccc(Cl)c(Cl)c3)CC1)c4ccccc4,8.0
248,CHEMBL2207281,OCCNS(=O)(=O)c1ccc2C(=CNC(=O)c2c1)C(=O)NC[C@@H](O)CN3CCC(CC3)Oc4ccc(Cl)c(Cl)c4,8.0
249,CHEMBL360529,CCc1cc(NC(=O)NC[C@@H]2CCCN(CCc3ccc(C)cc3)C2)cc(c1)c4nnnn4C,8.01
250,CHEMBL251078,CC(=O)c1sc(NC(=O)N[C@@H]2CN(CC[C@H]2CN3CCC[C@@H](Cc4ccc(F)cc4)C3)C(=O)OC(C)(C)C)nc1C,8.04
251,CHEMBL465943,CCCN(CCCc1ccc(F)cc1)C[C@@H]2OC(=O)N(C)C[C@H]2NC(=O)Nc3nc(C)cs3,8.04
252,CHEMBL254471,CCc1cc(NC(=O)N[C@H](C)[C@@H](O)CN(CCCc2ccc(F)cc2)CC(F)(F)F)cc(c1)c3nnnn3C,8.05
253,CHEMBL413113,COC(=O)c1cccc(NC(=O)Nc2ccccc2)c1CN3CCC(Cc4ccc(F)cc4)CC3,8.05
254,CHEMBL2096764,Fc1ccc(C[C@@H]2CCCN(C[C@@H]3CCCC[C@H]3NC(=O)Nc4cccc(c4)C#N)C2)cc1,8.05
255,CHEMBL2096696,Fc1ccc(C[C@H]2CCCN(C[C@@H]3CCCC[C@H]3NC(=O)Nc4cccc(c4)C#N)C2)cc1,8.05
256,CHEMBL2159766,Fc1ccc(SCCCN2CCC(CC2)n3c(CC(F)(F)F)nc4cc(F)ccc34)cc1,8.05
257,CHEMBL175679,O=C(N[C@@H]1CCCC[C@H]1CN2CCC(Cc3ccccc3)CC2)Nc4cccc(c4)C#N,8.05
258,CHEMBL439744,[O-][N+](=O)c1cccc(NC(=O)NCCCN2CCC(Cc3ccc(F)cc3)CC2)c1,8.05
259,CHEMBL3670797,CN(C)C(=O)c1ccnc(NC(=O)[C@H]2CCC(=O)N2C3CCN(Cc4ccc(Cl)c(C)c4)CC3)c1,8.07
260,CHEMBL3670813,CCc1cc(cc(NC(=O)[C@H]2CCC(=O)N2C3CCN(Cc4ccc(Cl)c(C)c4)CC3)n1)C(=O)N(C)C,8.08
261,CHEMBL431670,COc1cc(NC(=O)N[C@@H](CN2C3CCC2CC(Cc4ccc(Cl)cc4)C3)[C@H](C)O)cc(OC)c1OC,8.09
262,CHEMBL2158814,Cc1ccc(cc1)S(=O)(=O)NC(=O)N2CCC(CC2)N3CCC(CC3)Oc4ccc(Cl)c(Cl)c4,8.09
263,CHEMBL32210,CCOC(=O)[C@H](Cc1ccc(cc1)[N+](=O)[O-])NC(=O)c2cccc3ccccc23,8.1
264,CHEMBL50593,CC[C@H](O)[C@H]1C[C@@H](Cc2ccccc2)CCN1CCCNC(=O)Nc3cccc(c3)C(=O)C,8.1
265,CHEMBL3670821,CCc1cc(CN2CCC(CC2)N3[C@H](CCC3=O)C(=O)Nc4cc(cc(C)n4)C(=O)N(C)C)ccc1Cl,8.1
266,CHEMBL181528,CCc1cc(NC(=O)N[C@@H]2CCCN(CCCCc3ccc(F)cc3)C2)cc(c1)c4nnnn4C,8.1
267,CHEMBL3670822,CN(C)C(=O)c1cc(NC(=O)[C@H]2CCC(=O)N2C3CCN(Cc4ccc(Cl)c(C)c4)CC3)nc(c1)C#C,8.1
268,CHEMBL127281,CNC(=O)c1ccc(NC(=O)Nc2cccc(c2)C(=O)C)c(CN3CCC(Cc4ccc(F)cc4)CC3)c1,8.1
269,CHEMBL441656,COC(=O)c1cccc(NC(=O)Nc2cccc(c2)C(=O)C)c1CN3CCC(Cc4ccc(F)cc4)CC3,8.1
270,CHEMBL2207671,CS(=O)(=O)c1ccc2C(=CNC(=O)c2c1)C(=O)NC[C@@H](O)CN3CCC(CC3)Oc4ccc(Cl)c(Cl)c4,8.1
271,CHEMBL2158782,Cc1cc(OC2CCN(CC3CCN(CC3)[C@@H](Cc4ccc(F)cc4)C(=O)O)CC2)ccc1Cl,8.1
272,CHEMBL2171048,Cc1ccc(cc1)S(=O)(=O)NC(=O)N2CCC(CC2)N3CCC(CC3)Oc4ccc(Cl)cc4C,8.1
273,CHEMBL2171035,Clc1ccc(cc1)S(=O)(=O)NC(=O)N2CCC(CC2)N3CCC(CC3)Oc4ccc(Cl)c(Cl)c4,8.1
274,CHEMBL47211,Fc1ccc(C[C@@H]2CCCN(CCCNC(=O)Nc3cccc(c3)c4ocnc4)C2)cc1,8.1
275,CHEMBL124473,NC(=O)c1ccc(NC(=O)Nc2cccc(c2)C#N)c(CN3CCC(Cc4ccc(F)cc4)CC3)c1,8.1
276,CHEMBL2158771,OC(=O)[C@H](Cc1ccc(cc1)C#N)N2CCC(CN3CCC(CC3)Oc4ccc(Cl)c(Cl)c4)CC2,8.1
277,CHEMBL2208434,O[C@H](CNC(=O)C1=CC(=O)Nc2ccccc12)CN3CCC(CC3)Oc4ccc(Cl)c(Cl)c4,8.1
278,CHEMBL249056,CC(=O)c1sc(NC(=O)N[C@@H]2CNC[C@H]2CN3CCC[C@@H](Cc4ccc(F)cc4)C3)nc1C,8.12
279,CHEMBL47122,Fc1ccc(C[C@@H]2CCCN(CCCNC(=O)Nc3cccc(c3)n4ccnc4)C2)cc1,8.15
280,CHEMBL401115,CC(=O)CN1CC[C@@H](CN2CCC[C@@H](Cc3ccc(F)cc3)C2)[C@@H](C1)NC(=O)Nc4nc(C)c(s4)C(=O)C,8.16
281,CHEMBL220801,CC(=O)c1cccc(NC(=O)NCCC[C@H]2C[C@H](Cc3ccc(F)cc3)CCN2CCO)c1,8.16
282,CHEMBL49921,CCC[C@H](O)[C@H]1C[C@@H](Cc2ccccc2)CCN1CCCNC(=O)Nc3cccc(c3)C(=O)C,8.16
283,CHEMBL33227,COC(=O)[C@H](Cc1ccc(cc1)[N+](=O)[O-])NC(=O)c2cccc3ccccc23,8.16
284,CHEMBL124628,COC(=O)c1cccc(NC(=O)Nc2cccc(c2)C#N)c1CN3CCC(Cc4ccc(F)cc4)CC3,8.16
285,CHEMBL505722,CSc1ccc(cc1)C(=O)NC2CC(CCC2NC(=O)CNC(=O)c3cccc(c3)C(F)(F)F)NC(=O)OCc4ccccc4,8.16
286,CHEMBL299170,[O-][N+](=O)c1ccc(NC(=O)NCCCN2CCC(Cc3ccc(F)cc3)CC2)cc1,8.16
287,CHEMBL3670805,Cc1cc(cc(NC(=O)[C@H]2CCC(=O)N2C3CCN(Cc4ccc(Cl)c(C)c4)CC3)n1)C(=O)N5CCC5,8.17
288,CHEMBL392217,CN1N(C(=O)C(=C1C)CN(CCc2ccc(cc2)[N+](=O)[O-])C3CCN(CC3)C(=O)c4c(F)cccc4F)c5ccc(F)cc5,8.2
289,CHEMBL2207277,Cc1cc(Cl)ccc1OC2CCN(C[C@H](O)CNC(=O)C3=CNC(=O)c4ccc(cc34)S(=O)(=O)C)CC2,8.2
290,CHEMBL2171043,Clc1cccc(c1)S(=O)(=O)NC(=O)N2CCC(CC2)N3CCC(CC3)Oc4ccc(Cl)c(Cl)c4,8.2
291,CHEMBL2207658,O[C@H](CNC(=O)c1c[nH]nc1C(F)(F)F)CN2CCC(CC2)Oc3ccc(Cl)c(Cl)c3,8.2
292,CHEMBL218581,CC(=O)c1cccc(NC(=O)NCCC[C@H]2C[C@H](Cc3ccccc3)CCN2)c1,8.22
293,CHEMBL250054,CC(=O)c1sc(NC(=O)N[C@@H]2CCN(C[C@H]2CN3CCC[C@@H](Cc4ccc(F)cc4)C3)C(=O)OC(C)(C)C)nc1C,8.22
294,CHEMBL401002,CCc1cc(NC(=O)N[C@H](C)[C@@H](O)CN(CCCc2ccc(F)cc2)C(=O)C)cc(c1)c3nnnn3C,8.22
295,CHEMBL3670799,Cc1cc(cc(NC(=O)[C@H]2CCC(=O)N2C3CCN(Cc4ccc(Cl)c(C)c4)CC3)n1)C(=O)N5CCOCC5,8.22
296,CHEMBL181575,Cn1nnnc1c2cccc(NC(=O)NCC3CCCN(CCc4ccc(F)cc4)C3)c2,8.22
297,CHEMBL193442,Fc1ccc(C[C@@H]2CCCN(C[C@@H]3CCCC[C@H]3NC(=O)Nc4ccc(Br)cc4)C2)cc1,8.22
298,CHEMBL384649,CCC(=O)N1CC[C@@H](Cc2ccc(F)cc2)C[C@@H]1CCCNC(=O)Nc3cc(cc(c3)C(=O)C)C(=O)C,8.24
299,CHEMBL3355932,CCc1[nH]c2cc(F)ccc2c1C3CCN(CCCSc4ccc(F)cc4)CC3,8.24
300,CHEMBL3670812,CN(C)C(=O)c1cc(C)nc(NC(=O)[C@H]2CCC(=O)N2C3CCN(Cc4ccc(Br)c(C)c4)CC3)c1,8.24
301,CHEMBL404202,C[C@@H](CCN1CCC[C@@H](Cc2ccc(F)cc2)C1)NC(=O)Nc3cc(cc(c3)C(=O)C)C(=O)C,8.24
302,CHEMBL252222,C[C@@H](NC(=O)Nc1cccc(c1)c2nnnn2C)[C@@H](O)CN(C)[C@@H](C)[C@H](O)c3ccccc3,8.24
303,CHEMBL180229,CCc1cc(NC(=O)NC[C@@H]2CCCN(CCc3ccc(Cl)cc3Cl)C2)cc(c1)c4nnnn4C,8.26
304,CHEMBL369331,CCc1cc(NC(=O)NC[C@@H]2CCCN(CCc3ccccc3F)C2)cc(c1)c4nnnn4C,8.26
305,CHEMBL3670809,CCC(C)N(C)C(=O)c1cc(C)nc(NC(=O)[C@H]2CCC(=O)N2C3CCN(Cc4ccc(Cl)c(C)c4)CC3)c1,8.28
306,CHEMBL300699,CCCC[C@H](O)[C@H]1C[C@@H](Cc2ccc(F)cc2)CCN1CCCNC(=O)Nc3cccc(c3)C(=O)C,8.3
307,CHEMBL3355962,CCc1c(C2CCN(CCCSc3ccc(F)cc3)CC2)c4ccc(F)cc4n1c5cc(ccn5)C(=O)O,8.3
308,CHEMBL3355960,CCc1c(C2CCN(CCCSc3ccc(F)cc3)CC2)c4ccc(F)cc4n1c5cccc(n5)C(=O)O,8.3
309,CHEMBL2171021,Cc1c(Cl)ccc(OC2CCN(CC2)C3CCN(CC3)C(=O)c4cccc(c4)S(=O)(=O)C)c1Cl,8.3
310,CHEMBL2158772,Cc1ccccc1C[C@H](N2CCC(CN3CCC(CC3)Oc4ccc(Cl)c(Cl)c4)CC2)C(=O)O,8.3
311,CHEMBL2171039,Clc1ccc(OC2CCN(CC2)C3CCN(CC3)C(=O)NS(=O)(=O)c4ccccc4Cl)cc1Cl,8.3
312,CHEMBL43173,Cn1nnnc1c2cccc(NC(=O)NCCCN3CCC(Cc4ccc(F)cc4)CC3)c2,8.3
313,CHEMBL362490,Cn1nnnc1c2cccc(NC(=O)NC[C@@H]3CCCN(CCc4ccc(F)cc4)C3)c2,8.3
314,CHEMBL194141,Fc1ccc(C[C@@H]2CCCN(C[C@@H]3CCCC[C@H]3NC(=O)Nc4ccc(F)cc4)C2)cc1,8.3
315,CHEMBL2158779,OC(=O)[C@H](Cc1ccc(F)cc1)N2CCC(CN3CCC(CC3)Oc4ccc(Cl)cc4Cl)CC2,8.3
316,CHEMBL2158769,OC(=O)[C@H](Cc1ccccc1C#N)N2CCC(CN3CCC(CC3)Oc4ccc(Cl)c(Cl)c4)CC2,8.3
317,CHEMBL3355953,CCc1c(C2CCN(CCCSc3ccc(F)cc3)CC2)c4ccc(F)cc4n1c5ccc(cc5)C(=O)O,8.31
318,CHEMBL249852,COC(=O)N1CC[C@@H](CN2CCC[C@@H](Cc3ccc(F)cc3)C2)[C@@H](C1)NC(=O)Nc4nc(C)c(s4)C(=O)C,8.31
319,CHEMBL3355944,COC(C)c1[nH]c2ccccc2c1C3CCN(CCCSc4ccc(F)cc4)CC3,8.32
320,CHEMBL3355954,CCc1c(C2CCN(CCCSc3ccc(F)cc3)CC2)c4ccc(F)cc4n1c5ccc(cc5)c6nnn[nH]6,8.33
321,CHEMBL3670801,Cc1cc(CN2CCC(CC2)N3[C@H](CCC3=O)C(=O)Nc4cc(ccn4)C(=O)N5CCCC5)ccc1Cl,8.33
322,CHEMBL3670807,Cc1cc(cc(NC(=O)[C@H]2CCC(=O)N2C3CCN(Cc4ccc(Cl)c(C)c4)CC3)n1)C(=O)NCC(F)F,8.34
323,CHEMBL364673,Cc1ccc(F)cc1NC(=O)N[C@@H]2CCCC[C@H]2CN3CCC[C@@H](Cc4ccc(F)cc4)C3,8.34
324,CHEMBL220766,CC(=O)c1cc(NC(=O)NCCC[C@H]2C[C@H](Cc3ccc(F)cc3)CCN2C(=N)N)cc(c1)C(=O)C,8.37
325,CHEMBL3670806,CC(C)CNC(=O)c1cc(C)nc(NC(=O)[C@H]2CCC(=O)N2C3CCN(Cc4ccc(Cl)c(C)c4)CC3)c1,8.37
326,CHEMBL3355940,COC(C)c1[nH]c2cc(F)ccc2c1C3CCN(CCCSc4ccc(F)cc4)CC3,8.37
327,CHEMBL428071,C[C@H](CC(=O)N1CCC[C@@H](Cc2ccc(F)cc2)C1)NC(=O)Nc3cccc(c3)c4nnnn4C,8.38
328,CHEMBL3670811,Cc1cc(cc(NC(=O)[C@H]2CCC(=O)N2C3CCN(Cc4ccc(Cl)c(C)c4)CC3)n1)C(=O)NC5CCC5,8.38
329,CHEMBL221903,CC(=O)c1cccc(NC(=O)NCCC[C@H]2C[C@H](Cc3ccc(F)cc3)CCN2CC=C)c1,8.39
330,CHEMBL3670817,CC(C)c1cc(cc(NC(=O)[C@H]2CCC(=O)N2C3CCN(Cc4ccc(Cl)c(C)c4)CC3)n1)C(=O)N(C)C,8.39
331,CHEMBL367992,CC(=O)c1cccc(NC(=O)NC2CCCCC2CN3CCC(Cc4ccc(F)cc4)CC3)c1,8.4
332,CHEMBL251623,CC(=O)c1sc(NC(=O)N[C@@H]2CCN(CC3CC3)C[C@H]2CN4CCC[C@@H](Cc5ccc(F)cc5)C4)nc1C,8.4
333,CHEMBL3670808,CCC(C)NC(=O)c1cc(C)nc(NC(=O)[C@H]2CCC(=O)N2C3CCN(Cc4ccc(Cl)c(C)c4)CC3)c1,8.4
334,CHEMBL3355965,CCNC(=O)N[C@@H](CCN1CCC(CC1)c2c(CC)n(c3ccc(cn3)C(=O)O)c4cc(F)ccc24)Cc5ccc(Cl)c(Cl)c5,8.4
335,CHEMBL2207665,CN1C=C(C(=O)NC[C@@H](O)CN2CCC(CC2)Oc3ccc(Cl)c(Cl)c3)C(=CC1=O)C(F)(F)F,8.4
336,CHEMBL2207284,CNS(=O)(=O)c1ccc2C(=CNC(=O)c2c1)C(=O)NC[C@@H](O)CN3CCC(CC3)Oc4ccc(Cl)c(Cl)c4,8.4
337,CHEMBL2208427,COc1cc(ccc1N)C(=O)NC[C@@H](O)CN2CCC(CC2)Oc3ccc(Cl)c(Cl)c3,8.4
338,CHEMBL2158775,COc1ccccc1C[C@H](N2CCC(CN3CCC(CC3)Oc4ccc(Cl)c(Cl)c4)CC2)C(=O)O,8.4
339,CHEMBL258323,C[C@@H](CCN1CCC[C@@H](Cc2ccc(F)cc2)C1)NC(=O)Nc3cccc(c3)c4nnnn4C,8.4
340,CHEMBL2158780,Cc1cc(Cl)ccc1OC2CCN(CC3CCN(CC3)[C@@H](Cc4ccc(F)cc4)C(=O)O)CC2,8.4
341,CHEMBL2207279,Cc1cc(Cl)ccc1OC2CCN(C[C@H](O)CNC(=O)C3=CNC(=O)c4cc(F)ccc34)CC2,8.4
342,CHEMBL363166,Cc1ccc(NC(=O)N[C@@H]2CCCC[C@H]2CN3CCC[C@@H](Cc4ccc(F)cc4)C3)cc1F,8.4
343,CHEMBL195790,Fc1ccc(C[C@@H]2CCCN(C[C@@H]3CCCC[C@H]3NC(=O)Nc4nc5c(Cl)cccc5s4)C2)cc1,8.4
344,CHEMBL2207285,O[C@H](CNC(=O)C1=CNC(=O)c2cc(ccc12)S(=O)(=O)NC3CC3)CN4CCC(CC4)Oc5ccc(Cl)c(Cl)c5,8.4
345,CHEMBL2207669,O[C@H](CNC(=O)C1=CNC(=O)c2ccccc12)CN3CCC(CC3)Oc4ccc(C#N)c(Cl)c4,8.4
346,CHEMBL383879,CC(=O)N1CC[C@@H](Cc2ccc(F)cc2)C[C@@H]1CCCNC(=O)Nc3cc(cc(c3)C(=O)C)C(=O)C,8.41
347,CHEMBL359609,CCc1cc(NC(=O)NC[C@@H]2CCCN(CCc3ccccc3)C2)cc(c1)c4nnnn4C,8.43
348,CHEMBL253209,Cn1nnnc1c2cccc(NC(=O)N[C@@H]3CCCC[C@H]3CNCCCc4ccc(F)cc4)c2,8.43
349,CHEMBL385607,CC(=O)c1cc(NC(=O)NCCC[C@H]2C[C@H](Cc3ccc(F)cc3)CCN2CC(=O)N)cc(c1)C(=O)C,8.44
350,CHEMBL249851,CC(=O)c1sc(NC(=O)N[C@@H]2CN(CC[C@H]2CN3CCC[C@@H](Cc4ccc(F)cc4)C3)C(=O)C5CCCC5)nc1C,8.44
351,CHEMBL178287,CCc1cc(NC(=O)NC[C@@H]2CCCN(CCc3ccc(Cl)cc3)C2)cc(c1)c4nnnn4C,8.44
352,CHEMBL42562,Fc1ccc(C[C@@H]2CCCN(CCCNC(=O)Nc3cccc(c3)c4ocnn4)C2)cc1,8.44
353,CHEMBL3670804,Cc1cc(cc(NC(=O)[C@H]2CCC(=O)N2C3CCN(Cc4ccc(Cl)c(C)c4)CC3)n1)C(=O)NCC5CC5,8.46
354,CHEMBL400467,CCN(C[C@H](O)[C@@H](C)NC(=O)Nc1cc(CC)cc(c1)c2nnnn2C)[C@@H](C)[C@H](O)Cc3ccc(F)cc3,8.47
355,CHEMBL366710,CCc1cc(NC(=O)NC[C@@H]2CCCN(CCc3ccc(F)cc3)C2)cc(c1)c4nnnn4C,8.47
356,CHEMBL250436,CCC(=O)N1CC[C@@H](NC(=O)Nc2nc(C)c(s2)C(=O)C)[C@H](CN3CCC[C@@H](Cc4ccc(F)cc4)C3)C1,8.48
357,CHEMBL251274,CC(=O)c1sc(NC(=O)N[C@@H]2CCN(C[C@H]2CN3CCC[C@@H](Cc4ccc(F)cc4)C3)C(=O)C5CC5)nc1C,8.5
358,CHEMBL180351,CCc1cc(NC(=O)NC[C@@H]2CCCN(CCc3ccc(F)c(F)c3)C2)cc(c1)c4nnnn4C,8.5
359,CHEMBL254470,CCc1cc(NC(=O)N[C@H](C)[C@@H](O)CN(CCCc2ccc(F)cc2)C3CCCCC3)cc(c1)c4nnnn4C,8.5
360,CHEMBL3670800,CN(C)C(=O)c1cc(C)nc(NC(=O)[C@H]2CCC(=O)N2C3CCN(Cc4ccc(Cl)c(C)c4)CC3)c1,8.5
361,CHEMBL2171014,CN(C)c1ccc(cc1)S(=O)(=O)NC(=O)N2CCC(CC2)N3CCC(CC3)Oc4ccc(Cl)c(C)c4Cl,8.5
362,CHEMBL2158786,C[C@@](Cc1ccccc1)(N2CCC(CN3CCC(CC3)Oc4ccc(Cl)c(Cl)c4)CC2)C(=O)O,8.5
363,CHEMBL2207659,Cc1cc(Cl)ccc1OC2CCN(C[C@H](O)CNC(=O)c3c[nH]nc3C(F)(F)F)CC2,8.5
364,CHEMBL2207662,O[C@H](CNC(=O)C1=CNC(=O)C=C1C(F)(F)F)CN2CCC(CC2)Oc3ccc(Cl)c(Cl)c3,8.5
365,CHEMBL2207280,O[C@H](CNC(=O)C1=CNC(=O)c2ccc(F)cc12)CN3CCC(CC3)Oc4ccc(Cl)c(Cl)c4,8.5
366,CHEMBL295970,CC(C)n1nnnc1c2cccc(NC(=O)NCCCN3CCC[C@@H](Cc4ccc(F)cc4)C3)c2,8.51
367,CHEMBL295898,Cn1nnnc1c2cc(Br)cc(NC(=O)NCCCN3CCC[C@@H](Cc4ccc(F)cc4)C3)c2,8.51
368,CHEMBL428881,CC(=O)c1cccc(NC(=O)N[C@@H]2CCCC[C@H]2CN3CCC(Cc4ccc(F)cc4)CC3)c1,8.52
369,CHEMBL369073,CC(=O)c1cccc(NC(=O)N[C@@H]2CCCC[C@H]2CN3CCC(Cc4ccccc4)CC3)c1,8.52
370,CHEMBL340853,CC(=O)c1cccc(NC(=O)Nc2ccc(cc2CN3CCC(Cc4ccc(F)cc4)CC3)C(=O)N)c1,8.52
371,CHEMBL290104,CCOC(=O)[C@H](Cc1ccc(cc1)[N+](=O)[O-])NC(=O)c2ccc(C)cc2C,8.52
372,CHEMBL180728,CCc1cc(NC(=O)NC[C@H]2CN(CCc3ccc(F)cc3)CC[C@@H]2C(F)(F)F)cc(c1)c4nnnn4C,8.52
373,CHEMBL361130,CCc1cc(NC(=O)NC[C@H]2CN(CCc3ccc(F)cc3)CC[C@@H]2c4ccccc4)cc(c1)c5nnnn5C,8.52
374,CHEMBL411956,NC(=O)c1cccc(NC(=O)Nc2cccc(c2)C#N)c1CN3CCC(Cc4ccc(F)cc4)CC3,8.52
375,CHEMBL400172,CC(=O)c1sc(NC(=O)N[C@@H]2CCN(C[C@H]2CN3CCC[C@@H](Cc4ccc(F)cc4)C3)C(=O)C5CCCC5)nc1C,8.54
376,CHEMBL399088,CC(=O)c1sc(NC(=O)N[C@@H]2CN(CCO)CC[C@H]2CN3CCC[C@@H](Cc4ccc(F)cc4)C3)nc1C,8.55
377,CHEMBL398889,CC(=O)c1sc(NC(=O)N[C@@H]2CN(CC3CC3)CC[C@H]2CN4CCC[C@@H](Cc5ccc(F)cc5)C4)nc1C,8.57
378,CHEMBL258309,C[C@@H](C[C@H](O)N1CCC[C@@H](Cc2ccc(F)cc2)C1)NC(=O)Nc3cc(cc(c3)C(=O)C)C(=O)C,8.57
379,CHEMBL255398,C[C@H](CCN1CCC[C@@H](Cc2ccc(F)cc2)C1)NC(=O)Nc3cc(cc(c3)C(=O)C)C(=O)C,8.57
380,CHEMBL255399,C[C@H](C[C@@H](O)N1CCC[C@@H](Cc2ccc(F)cc2)C1)NC(=O)Nc3cc(cc(c3)c4occn4)c5occn5,8.57
381,CHEMBL193526,Cc1onc(NC(=O)N[C@@H]2CCCC[C@H]2CN3CCC[C@@H](Cc4ccc(F)cc4)C3)c1,8.57
382,CHEMBL295415,CC(=O)c1cc(NC(=O)NCCCN2CCC[C@@H](Cc3ccc(F)cc3)C2)cc(c1)c4nnnn4C,8.59
383,CHEMBL368683,CC(=O)c1cccc(NC(=O)NN2CCCCC2Cc3ccc(F)cc3)c1,8.59
384,CHEMBL339110,CC(=O)c1cccc(NC(=O)Nc2ccccc2CCN3CCC(Cc4ccc(F)cc4)CC3)c1,8.59
385,CHEMBL251243,CC(=O)c1sc(NC(=O)N[C@@H]2CN(C[C@H]2CN3CCC[C@@H](Cc4ccc(F)cc4)C3)C(=O)OC(C)(C)C)nc1C,8.59
386,CHEMBL400649,CC(=O)c1sc(NC(=O)N[C@@H]2CN(Cc3occc3)CC[C@H]2CN4CCC[C@@H](Cc5ccc(F)cc5)C4)nc1C,8.59
387,CHEMBL429604,CC(C)c1cc(NC(=O)NCCCN2CCC[C@@H](Cc3ccc(F)cc3)C2)cc(c1)c4nnnn4C,8.59
388,CHEMBL404122,C[C@H](CCN1CCC[C@@H](Cc2ccc(F)cc2)C1)NC(=O)Nc3cc(cc(c3)c4nnnn4C)C(C)C,8.59
389,CHEMBL401879,C[C@H](C[C@@H](O)N1CCC[C@@H](Cc2ccc(F)cc2)C1)NC(=O)Nc3cc(cc(c3)n4cccn4)n5cccn5,8.59
390,CHEMBL46905,CC(=O)c1cccc(NC(=O)NCCCN2CCC[C@@H](Cc3ccc(F)cc3)C2)c1,8.6
391,CHEMBL220819,CC(=O)c1cccc(NC(=O)NCCC[C@H]2C[C@H](Cc3ccc(F)cc3)CCN2CC4CC4)c1,8.6
392,CHEMBL370082,CC(=O)c1cccc(NC(=O)N[C@@H]2CCCC[C@H]2CN3CCC[C@H](Cc4ccc(F)cc4)C3)c1,8.6
393,CHEMBL253676,CC(=O)c1cccc(NC(=O)N\C=C\CN2CCC[C@@H](Cc3ccc(F)cc3)C2)c1,8.6
394,CHEMBL402708,CC(=O)c1sc(NC(=O)N[C@@H]2CN(CC[C@H]2CN3CCC[C@@H](Cc4ccc(F)cc4)C3)C(=O)C5CC5)nc1C,8.6
395,CHEMBL254093,CCN(C[C@H](O)[C@@H](C)NC(=O)Nc1cccc(c1)c2nnnn2C)[C@@H](C)CCc3ccc(F)cc3,8.6
396,CHEMBL252792,CCc1cc(NC(=O)N[C@H](C)[C@@H](O)CN(CCCc2ccc(F)cc2)Cc3ccccc3)cc(c1)c4nnnn4C,8.6
397,CHEMBL2208433,CN(C[C@@H](O)CN1CCC(CC1)Oc2ccc(Cl)c(Cl)c2)C(=O)C3=CNC(=O)c4ccccc34,8.6
398,CHEMBL251839,C[C@@H](NC(=O)Nc1cccc(c1)c2nnnn2C)[C@@H](O)CN(CCCc3ccc(F)cc3)C4CCCCC4,8.6
399,CHEMBL2207672,Cc1c(Cl)ccc(OC2CCN(C[C@H](O)CNC(=O)C3=CNC(=O)c4cc(ccc34)S(=O)(=O)C)CC2)c1Cl,8.6
400,CHEMBL362466,Fc1ccc(C[C@@H]2CCCN(C[C@@H]3CCCC[C@H]3NC(=O)Nc4ccccc4)C2)cc1,8.6
401,CHEMBL2208432,O[C@H](CNC(=O)N1C(=O)Nc2ccccc12)CN3CCC(CC3)Oc4ccc(Cl)c(Cl)c4,8.6
402,CHEMBL2208430,O[C@H](CNC(=O)c1c[nH]c2ccccc12)CN3CCC(CC3)Oc4ccc(Cl)c(Cl)c4,8.6
403,CHEMBL270146,CC[C@H](CCN1CCC[C@@H](Cc2ccc(F)cc2)C1)NC(=O)Nc3cc(cc(c3)C(C)(C)O)c4nnnn4C,8.62
404,CHEMBL42599,Cn1nnnc1c2cc(NC(=O)NCCCN3CCC[C@@H](Cc4ccc(F)cc4)C3)cc(c2)c5ccccc5,8.62
405,CHEMBL220713,CC(=O)c1cc(NC(=O)NCCC[C@H]2C[C@H](Cc3ccc(F)cc3)CCN2CCF)cc(c1)C(=O)C,8.64
406,CHEMBL249059,CC(=O)c1sc(NC(=O)N[C@@H]2CCN(CCO)C[C@H]2CN3CCC[C@@H](Cc4ccc(F)cc4)C3)nc1C,8.64
407,CHEMBL3670810,CC(C)N(C)C(=O)c1cc(C)nc(NC(=O)[C@H]2CCC(=O)N2C3CCN(Cc4ccc(Cl)c(C)c4)CC3)c1,8.64
408,CHEMBL3670820,CN(C)C(=O)c1cc(NC(=O)[C@H]2CCC(=O)N2C3CCN(Cc4ccc(Cl)c(C)c4)CC3)nc(c1)C5CC5,8.64
409,CHEMBL400173,COC(=O)N1CC[C@@H](NC(=O)Nc2nc(C)c(s2)C(=O)C)[C@H](CN3CCC[C@@H](Cc4ccc(F)cc4)C3)C1,8.64
410,CHEMBL363373,Fc1ccc(CC2CCCN(C[C@@H]3CCCC[C@H]3NC(=O)Nc4ccc5[nH]ncc5c4)C2)cc1,8.64
411,CHEMBL364977,Fc1ccc(C[C@@H]2CCCN(C[C@@H]3CCCC[C@H]3NC(=O)Nc4nncs4)C2)cc1,8.64
412,CHEMBL20921,Nc1ccc2nc(SCC(=O)NC3CCN(Cc4ccc(Cl)c(Cl)c4)CC3)sc2c1,8.64
413,CHEMBL249058,CC(=O)N1CCC(CC1)N2CC[C@@H](NC(=O)Nc3nc(C)c(s3)C(=O)C)[C@H](CN4CCC[C@@H](Cc5ccc(F)cc5)C4)C2,8.66
414,CHEMBL178671,CC[C@H]1CCN(CCc2ccc(F)cc2)C[C@@H]1CNC(=O)Nc3cc(CC)cc(c3)c4nnnn4C,8.66
415,CHEMBL360039,CCc1cc(NC(=O)NC[C@H]2CCCN(CCCc3ccc(F)cc3)C2)cc(c1)c4nnnn4C,8.66
416,CHEMBL364068,Fc1ccc(C[C@@H]2CCCN(C[C@@H]3CCCC[C@H]3NC(=O)Nc4ccc(cc4)n5cncn5)C2)cc1,8.66
417,CHEMBL251079,CC(=O)c1sc(NC(=O)N[C@@H]2CNCC[C@H]2CN3CCC[C@@H](Cc4ccc(F)cc4)C3)nc1C,8.68
418,CHEMBL399150,CC(C)C(=O)N1CC[C@@H](CN2CCC[C@@H](Cc3ccc(F)cc3)C2)[C@@H](C1)NC(=O)Nc4nc(C)c(s4)C(=O)C,8.68
419,CHEMBL402707,CCC(=O)N1CC[C@@H](CN2CCC[C@@H](Cc3ccc(F)cc3)C2)[C@@H](C1)NC(=O)Nc4nc(C)c(s4)C(=O)C,8.68
420,CHEMBL465942,CN1C[C@@H](NC(=O)Nc2cccc(c2)c3nnnn3C)[C@H](CN(CCCc4ccc(F)cc4)C5CC5)OC1=O,8.68
421,CHEMBL399893,CC(=O)N1CCC(CC1)N2CC[C@@H](CN3CCC[C@@H](Cc4ccc(F)cc4)C3)[C@@H](C2)NC(=O)Nc5nc(C)c(s5)C(=O)C,8.7
422,CHEMBL250689,CC(=O)c1cccc(NC(=O)N[C@@H]2CCCC[C@H]2CN3CCC[C@@H](Cc4ccc(F)cc4)C3)c1,8.7
423,CHEMBL124722,CC(=O)c1cccc(NC(=O)Nc2cccc(C(=O)N)c2CN3CCC(Cc4ccc(F)cc4)CC3)c1,8.7
424,CHEMBL251232,CC(=O)c1sc(NC(=O)N[C@@H]2CCOC[C@H]2CN3CCC[C@@H](Cc4ccc(F)cc4)C3)nc1C,8.7
425,CHEMBL250262,CC(C)C(=O)N1CC[C@@H](NC(=O)Nc2nc(C)c(s2)C(=O)C)[C@H](CN3CCC[C@@H](Cc4ccc(F)cc4)C3)C1,8.7
426,CHEMBL221067,CCCN1CC[C@@H](Cc2ccc(F)cc2)C[C@@H]1CCCNC(=O)Nc3cccc(c3)C(=O)C,8.7
427,CHEMBL427728,CCc1cc(NC(=O)N[C@H](C)CCN2CCC[C@@H](Cc3ccc(F)cc3)C2)cc(c1)c4nnnn4C,8.7
428,CHEMBL251045,CN(C)C(=O)CN1CC[C@@H](CN2CCC[C@@H](Cc3ccc(F)cc3)C2)[C@@H](C1)NC(=O)Nc4nc(C)c(s4)C(=O)C,8.7
429,CHEMBL401394,CN1CCC(CC1)N2CC[C@@H](NC(=O)Nc3nc(C)c(s3)C(=O)C)[C@H](CN4CCC[C@@H](Cc5ccc(F)cc5)C4)C2,8.7
430,CHEMBL249060,CN1CC[C@@H](NC(=O)Nc2nc(C)c(s2)C(=O)C)[C@H](CN3CCC[C@@H](Cc4ccc(F)cc4)C3)C1,8.7
431,CHEMBL124334,CNC(=O)c1cccc(NC(=O)Nc2cccc(OC)c2)c1CN3CCC(Cc4ccc(F)cc4)CC3,8.7
432,CHEMBL123837,CNC(=O)c1cccc(NC(=O)Nc2ccccc2)c1CN3CCC(Cc4ccc(F)cc4)CC3,8.7
433,CHEMBL194601,COc1ccc(NC(=O)N[C@@H]2CCCC[C@H]2CN3CCC[C@@H](Cc4ccc(F)cc4)C3)cc1,8.7
434,CHEMBL441334,C[C@H](CCN1CCC[C@@H](Cc2ccc(F)cc2)C1)NC(=O)Nc3cc(cc(c3)n4ccnn4)n5ccnn5,8.7
435,CHEMBL2158788,Cc1c(Cl)c(Cl)ccc1OC2CCN(CC3CCN(CC3)[C@@H](Cc4ccccc4)C(=O)O)CC2,8.7
436,CHEMBL2207663,Cc1cc(Cl)ccc1OC2CCN(C[C@H](O)CNC(=O)C3=CNC(=O)C=C3C(F)(F)F)CC2,8.7
437,CHEMBL2158793,Cc1cc(F)ccc1OC2CCN(CC3CCN(CC3)[C@@](C)(Cc4ccc(F)cc4)C(=O)O)CC2,8.7
438,CHEMBL363840,Cn1nnnc1c2cccc(NC(=O)N[C@@H]3CCCC[C@H]3CN4CCC[C@@H](Cc5ccc(F)cc5)C4)c2,8.7
439,CHEMBL373347,Fc1ccc(C[C@@H]2CCCN(C[C@@H]3CCCC[C@H]3NC(=O)NC4CC=C(C(=C4)C#N)n5cccn5)C2)cc1,8.7
440,CHEMBL2158822,OC(=O)c1ccccc1N2CCC(CN3CCC(CC3)Oc4ccc(Cl)c(Cl)c4)CC2,8.7
441,CHEMBL2207656,O[C@H](CNC(=O)C1=CNC(=O)c2c(F)cccc12)CN3CCC(CC3)Oc4ccc(Cl)c(Cl)c4,8.7
442,CHEMBL2207278,O[C@H](CNC(=O)C1=CNC(=O)c2cc(F)ccc12)CN3CCC(CC3)Oc4ccc(Cl)c(Cl)c4,8.7
443,CHEMBL124689,[I-].C[N+]1(Cc2cc3OCOc3cc2NC(=O)Nc4cccc(c4)C#N)CCC(Cc5ccc(F)cc5)CC1,8.7
444,CHEMBL249854,CC(=O)N1CC[C@@H](CN2CCC[C@@H](Cc3ccc(F)cc3)C2)[C@@H](C1)NC(=O)Nc4nc(C)c(s4)C(=O)C,8.72
445,CHEMBL220765,CC(=O)c1cc(NC(=O)NCCC[C@H]2C[C@H](Cc3ccc(F)cc3)CCN2CC#C)cc(c1)C(=O)C,8.72
446,CHEMBL250056,CC(=O)c1sc(NC(=O)N[C@@H]2CCNC[C@H]2CN3CCC[C@@H](Cc4ccc(F)cc4)C3)nc1C,8.72
447,CHEMBL180042,CCc1cc(NC(=O)NC[C@@H]2CCCN(CCCc3ccc(F)cc3)C2)cc(c1)c4nnnn4C,8.72
448,CHEMBL365732,Cn1ccc(NC(=O)N[C@@H]2CCCC[C@H]2CN3CCC[C@@H](Cc4ccc(F)cc4)C3)n1,8.72
449,CHEMBL195348,Fc1ccc(CC2CCCN(C[C@@H]3CCCC[C@H]3NC(=O)Nc4ccc5[nH]ccc5c4)C2)cc1,8.72
450,CHEMBL195129,Fc1ccc(C[C@@H]2CCCN(C[C@@H]3CCCC[C@H]3NC(=O)Nc4nccs4)C2)cc1,8.72
451,CHEMBL178506,CCc1cc(NC(=O)NC[C@@H]2CCCN(CCc3ccc(F)cc3F)C2)cc(c1)c4nnnn4C,8.75
452,CHEMBL437031,CCc1cc(NC(=O)N[C@H](C)C[C@@H](O)N2CCC[C@@H](Cc3ccc(F)cc3)C2)cc(c1)c4nnnn4C,8.75
453,CHEMBL254930,CCc1cc(NC(=O)N[C@H](C)[C@@H](O)CN2CCC[C@@H](Cc3ccc(F)cc3)C2)cc(c1)c4nnnn4C,8.75
454,CHEMBL401160,CN(C)C(=O)CN1CC[C@@H](NC(=O)Nc2nc(C)c(s2)C(=O)C)[C@H](CN3CCC[C@@H](Cc4ccc(F)cc4)C3)C1,8.75
455,CHEMBL258156,C[C@H](C[C@@H](C)N1CCC[C@@H](Cc2ccc(F)cc2)C1)NC(=O)Nc3cccc(c3)c4nnnn4C,8.75
456,CHEMBL402983,C[C@H](C[C@@H](O)N1CCC[C@@H](Cc2ccc(F)cc2)C1)NC(=O)Nc3cc(Br)cc(c3)c4nnnn4C,8.75
457,CHEMBL3706811,Cc1[nH]c2cc(NC(=O)N[C@@H]3CCCC[C@H]3CN4CCC[C@@H](Cc5ccc(F)cc5)C4)ccc2c1C,8.75
458,CHEMBL193330,Fc1ccc(C[C@@H]2CCCN(C[C@@H]3CCCC[C@H]3NC(=O)Nc4ccccc4F)C2)cc1,8.75
459,CHEMBL404213,CC(=O)c1sc(NC(=O)N[C@@H]2CCCO[C@H]2CN3CCC[C@@H](Cc4ccc(F)cc4)C3)nc1C,8.77
460,CHEMBL3670824,CCN(C)C(=O)c1cc(C)nc(NC(=O)[C@H]2CCC(=O)N2C3CCN(Cc4ccc(Cl)c(C)c4)CC3)c1,8.77
461,CHEMBL218174,CN1CC[C@@H](Cc2ccc(F)cc2)C[C@@H]1CCCNC(=O)Nc3cccc(c3)C(=O)C,8.77
462,CHEMBL403331,C[C@H](CCN1CCC[C@@H](Cc2ccc(F)cc2)C1)NC(=O)Nc3cc(Br)cc(c3)c4nnnn4C,8.77
463,CHEMBL270147,C[C@H](CCN1CCC[C@@H](Cc2ccc(F)cc2)C1)NC(=O)Nc3cc(cc(c3)n4cccn4)n5cccn5,8.77
464,CHEMBL2113080,Fc1ccc(C[C@@H]2CCCN(C[C@@H]3CCCC[C@H]3NC(=O)Nc4ccc5NCCc5c4)C2)cc1,8.77
465,CHEMBL178230,CCc1cc(NC(=O)NC[C@H]2CCCN(CCc3ccc(F)cc3)C2)cc(c1)c4nnnn4C,8.8
466,CHEMBL178503,CCc1cc(NC(=O)NC[C@H]2CN(CCc3ccc(F)cc3)CC[C@@H]2C(C)C)cc(c1)c4nnnn4C,8.8
467,CHEMBL249858,CN(C)CC(=O)N1CC[C@@H](CN2CCC[C@@H](Cc3ccc(F)cc3)C2)[C@@H](C1)NC(=O)Nc4nc(C)c(s4)C(=O)C,8.8
468,CHEMBL401159,CN(C)CC(=O)N1CC[C@@H](NC(=O)Nc2nc(C)c(s2)C(=O)C)[C@H](CN3CCC[C@@H](Cc4ccc(F)cc4)C3)C1,8.8
469,CHEMBL2158789,Cc1c(Cl)c(Cl)ccc1OC2CCN(CC3CCN(CC3)[C@@](C)(Cc4ccccc4)C(=O)O)CC2,8.8
470,CHEMBL176077,Cc1ccccc1NC(=O)N[C@@H]2CCCC[C@H]2CN3CCC[C@@H](Cc4ccc(F)cc4)C3,8.8
471,CHEMBL403839,Fc1ccc(C[C@@H]2CCCN(CCCNC(=O)Nc3cc(cc(c3)n4cccn4)n5cccn5)C2)cc1,8.8
472,CHEMBL3706813,Fc1ccc(C[C@@H]2CCCN(C[C@@H]3CCCC[C@H]3NC(=O)Nc4ccc5cc[nH]c5c4)C2)cc1,8.8
473,CHEMBL2207666,O[C@H](CNC(=O)C1=CNC(=O)c2ccccc12)CN3CCC(CC3)Oc4ccc(Cl)c(Cl)c4,8.8
474,CHEMBL2208431,O[C@H](CNC(=O)C1=NNC(=O)c2ccccc12)CN3CCC(CC3)Oc4ccc(Cl)c(Cl)c4,8.8
475,CHEMBL2207661,O[C@H](CNC(=O)c1c[nH]nc1C2CC2)CN3CCC(CC3)Oc4ccc(Cl)c(Cl)c4,8.8
476,CHEMBL2208429,O[C@H](CNC(=O)c1n[nH]c2ccccc12)CN3CCC(CC3)Oc4ccc(Cl)c(Cl)c4,8.8
477,CHEMBL365820,CC(=O)c1cc(NC(=O)N[C@@H]2CCCC[C@H]2CN3CCC[C@@H](Cc4ccc(F)cc4)C3)ccc1F,8.82
478,CHEMBL403743,CC(=O)c1sc(NC(=O)N[C@@H]2CN(CC[C@H]2CN3CCC[C@@H](Cc4ccc(F)cc4)C3)C(=O)C5CCOCC5)nc1C,8.82
479,CHEMBL257074,CCC[C@H](CCN1CCC[C@@H](Cc2ccc(F)cc2)C1)NC(=O)Nc3cc(cc(c3)C(C)(C)O)c4nnnn4C,8.82
480,CHEMBL251446,CCNC(=O)N1CC[C@@H](NC(=O)Nc2nc(C)c(s2)C(=O)C)[C@H](CN3CCC[C@@H](Cc4ccc(F)cc4)C3)C1,8.82
481,CHEMBL270582,C[C@H](CCN1CCC[C@@H](Cc2ccc(F)cc2)C1)NC(=O)Nc3cc(cc(c3)c4nnnn4C)C(=O)C,8.82
482,CHEMBL444568,Cc1cc(NC(=O)NCCCN2CCC[C@@H](Cc3ccc(F)cc3)C2)cc(c1)c4nnnn4C,8.82
483,CHEMBL219048,CC(=O)c1cccc(NC(=O)NCCC[C@H]2C[C@H](Cc3ccc(F)cc3)CCN2)c1,8.85
484,CHEMBL251220,CN1CCC(CC1)N2CC[C@@H](CN3CCC[C@@H](Cc4ccc(F)cc4)C3)[C@@H](C2)NC(=O)Nc5nc(C)c(s5)C(=O)C,8.85
485,CHEMBL175634,COc1ccccc1NC(=O)N[C@@H]2CCCC[C@H]2CN3CCC[C@@H](Cc4ccc(F)cc4)C3,8.85
486,CHEMBL272067,C[C@H](C[C@@H](O)N1CCC[C@@H](Cc2ccc(F)cc2)C1)NC(=O)Nc3cc(cc(c3)n4ccnn4)n5ccnn5,8.85
487,CHEMBL195044,Cc1csc(NC(=O)N[C@@H]2CCCC[C@H]2CN3CCC[C@@H](Cc4ccc(F)cc4)C3)n1,8.85
488,CHEMBL195555,Cc1nnnn1c2cccc(NC(=O)N[C@@H]3CCCC[C@H]3CN4CCC[C@@H](Cc5ccc(F)cc5)C4)c2,8.85
489,CHEMBL429303,CC(=O)CN1CC[C@@H](NC(=O)Nc2nc(C)c(s2)C(=O)C)[C@H](CN3CCC[C@@H](Cc4ccc(F)cc4)C3)C1,8.89
490,CHEMBL400588,CC(=O)N1CC[C@@H](NC(=O)Nc2nc(C)c(s2)C(=O)C)[C@H](CN3CCC[C@@H](Cc4ccc(F)cc4)C3)C1,8.89
491,CHEMBL384199,CC(=O)c1cc(NC(=O)NCCC[C@H]2C[C@H](Cc3ccc(F)cc3)CCN2CCCO)cc(c1)C(=O)C,8.89
492,CHEMBL250437,CC(=O)c1sc(NC(=O)N[C@@H]2CCN(CC#N)C[C@H]2CN3CCC[C@@H](Cc4ccc(F)cc4)C3)nc1C,8.89
493,CHEMBL182086,CCc1cc(NC(=O)NC[C@H]2CN(CCc3ccc(F)cc3)CC[C@@H]2C)cc(c1)c4nnnn4C,8.89
494,CHEMBL249855,COCC(=O)N1CC[C@@H](CN2CCC[C@@H](Cc3ccc(F)cc3)C2)[C@@H](C1)NC(=O)Nc4nc(C)c(s4)C(=O)C,8.89
495,CHEMBL428775,C[C@H](CCN1CCC[C@@H](Cc2ccc(F)cc2)C1)NC(=O)Nc3cccc(c3)c4nnnn4C,8.89
496,CHEMBL2113079,Fc1ccc(C[C@@H]2CCCN(C[C@@H]3CCCC[C@H]3NC(=O)Nc4ccc5[nH]nc(Cl)c5c4)C2)cc1,8.89
497,CHEMBL2158785,Cc1c(Cl)c(ccc1OC2CCN(CC3CCN(CC3)[C@@H](Cc4ccc(F)cc4)C(=O)O)CC2)C#N,8.9
498,CHEMBL2207664,Cc1c(Cl)ccc(OC2CCN(C[C@H](O)CNC(=O)C3=CNC(=O)C=C3C(F)(F)F)CC2)c1Cl,8.9
499,CHEMBL2158792,Cc1cc(OC2CCN(CC3CCN(CC3)[C@@](C)(Cc4ccc(F)cc4)C(=O)O)CC2)ccc1Cl,8.9
500,CHEMBL46404,CC(=O)c1cc(NC(=O)NCCCN2CCC[C@@H](Cc3ccc(F)cc3)C2)cc(c1)C(=O)C,8.92
501,CHEMBL403742,CC(=O)c1sc(NC(=O)N[C@@H]2CCN(C[C@H]2CN3CCC[C@@H](Cc4ccc(F)cc4)C3)C(=O)C5CCOCC5)nc1C,8.92
502,CHEMBL404857,CC(=O)c1sc(NC(=O)N[C@@H]2CN(CC#N)CC[C@H]2CN3CCC[C@@H](Cc4ccc(F)cc4)C3)nc1C,8.92
503,CHEMBL251044,CC(=O)c1sc(NC(=O)N[C@@H]2CN(CCF)CC[C@H]2CN3CCC[C@@H](Cc4ccc(F)cc4)C3)nc1C,8.92
504,CHEMBL249057,CC(=O)c1sc(NC(=O)N[C@@H]2CS(=O)(=O)C[C@H]2CN3CCC[C@@H](Cc4ccc(F)cc4)C3)nc1C,8.92
505,CHEMBL257073,CC(C)C[C@H](C[C@@H](O)N1CCC[C@@H](Cc2ccc(F)cc2)C1)NC(=O)Nc3cccc(c3)c4nnnn4C,8.92
506,CHEMBL253244,CCN(C[C@H](O)[C@@H](C)NC(=O)Nc1cc(CC)cc(c1)c2nnnn2C)[C@@H](C)[C@@H](O)Cc3ccc(F)cc3,8.92
507,CHEMBL180746,CCc1cc(NC(=O)N[C@@H]2CCCN(CCCc3ccc(F)cc3)C2)cc(c1)c4nnnn4C,8.92
508,CHEMBL42826,CCn1nnnc1c2cccc(NC(=O)NCCCN3CCC[C@@H](Cc4ccc(F)cc4)C3)c2,8.92
509,CHEMBL410959,CN1CC[C@@H](CN2CCC[C@@H](Cc3ccc(F)cc3)C2)[C@@H](C1)NC(=O)Nc4nc(C)c(s4)C(=O)C,8.92
510,CHEMBL257737,C[C@H](CCN1CCC[C@@H](Cc2ccc(F)cc2)C1)NC(=O)Nc3cc(C)cc(c3)c4nnnn4C,8.92
511,CHEMBL258322,C[C@H](C[C@@H](N)N1CCC[C@@H](Cc2ccc(F)cc2)C1)NC(=O)Nc3cccc(c3)c4nnnn4C,8.92
512,CHEMBL44522,Cn1nnnc1c2cc(NC(=O)NCCCN3CCC[C@@H](Cc4ccc(F)cc4)C3)cc(c2)C(F)(F)F,8.92
513,CHEMBL2113076,Fc1ccc(C[C@@H]2CCCN(C[C@@H]3CCCC[C@H]3NC(=O)Nc4ccc5ncsc5c4)C2)cc1,8.92
514,CHEMBL193575,CC(=O)c1cc(NC(=O)N[C@@H]2CCCC[C@H]2CN3CCC[C@@H](Cc4ccc(F)cc4)C3)cc(c1)C(=O)C,8.96
515,CHEMBL439253,CCNC(=O)N1CC[C@@H](CN2CCC[C@@H](Cc3ccc(F)cc3)C2)[C@@H](C1)NC(=O)Nc4nc(C)c(s4)C(=O)C,8.96
516,CHEMBL465291,CN1CC(C)(NC(=O)Nc2nc(C)c(s2)C(=O)C)C(CN3CCC[C@@H](Cc4ccc(F)cc4)C3)OC1=O,8.96
517,CHEMBL429846,C[C@H](C[C@@H](O)N1CCC[C@@H](Cc2ccc(F)cc2)C1)NC(=O)Nc3cc(cc(c3)c4ccon4)c5ccon5,8.96
518,CHEMBL272068,Cn1nnnc1c2cc(NC(=O)NCCCN3CCC[C@@H](Cc4ccc(F)cc4)C3)cc(c2)C(C)(C)C(=O)O,8.96
519,CHEMBL192240,Fc1ccc(C[C@@H]2CCCN(C[C@@H]3CCCC[C@H]3NC(=O)NC4NC=CC=C4)C2)cc1,8.96
520,CHEMBL218262,CC(=O)c1cc(NC(=O)NCCC[C@H]2C[C@H](Cc3ccc(F)cc3)CCN2CC=C)cc(c1)C(=O)C,9.0
521,CHEMBL404416,CC(=O)c1sc(NC(=O)N[C@@H]2COCC[C@H]2CN3CCC[C@@H](Cc4ccc(F)cc4)C3)nc1C,9.0
522,CHEMBL50194,CCCC[C@H](O)[C@H]1C[C@@H](Cc2ccccc2)CCN1CCCNC(=O)Nc3cccc(c3)c4nnnn4C,9.0
523,CHEMBL270583,CC[C@H](C[C@@H](O)N1CCC[C@@H](Cc2ccc(F)cc2)C1)NC(=O)Nc3cccc(c3)c4nnnn4C,9.0
524,CHEMBL401545,CCc1cc(NC(=O)NCCCN2CCC[C@@H](Cc3ccc(F)cc3)C2)cc(c1)c4nnnn4C,9.0
525,CHEMBL337962,CNC(=O)c1cccc(NC(=O)Nc2cccc(c2)C#N)c1CN3CCC(Cc4ccc(F)cc4)CC3,9.0
526,CHEMBL123611,CNC(=O)c1cccc(NC(=O)Nc2cccc(c2)C(=O)C)c1CN3CCC(Cc4ccc(F)cc4)CC3,9.0
527,CHEMBL257293,C[C@H](C[C@@H](O)N1CCC[C@@H](Cc2ccc(F)cc2)C1)NC(=O)Nc3cc(cc(c3)c4nnnn4C)C(C)C,9.0
528,CHEMBL2207283,Cc1c(Cl)ccc(OC2CCN(C[C@H](O)CNC(=O)C3=CNC(=O)c4ccc(cc34)S(=O)(=O)C)CC2)c1Cl,9.0
529,CHEMBL382108,Cn1nnnc1c2cc(NC(=O)N[C@@H]3CCCC[C@H]3CN4CCC[C@@H](Cc5ccc(F)cc5)C4)cc(c2)c6nnnn6C,9.0
530,CHEMBL3706812,Fc1ccc(C[C@@H]2CCCN(C[C@@H]3CCCC[C@H]3NC(=O)Nc4ccc5nc[nH]c5c4)C2)cc1,9.0
531,CHEMBL419599,[I-].CC(=O)c1cccc(NC(=O)Nc2cc3OCOc3cc2C[N+]4(C)CCC(Cc5ccc(F)cc5)CC4)c1,9.0
532,CHEMBL376737,CC(=O)CN1CC[C@@H](Cc2ccc(F)cc2)C[C@@H]1CCCNC(=O)Nc3cc(cc(c3)C(=O)C)C(=O)C,9.05
533,CHEMBL218568,CC(=O)c1cc(NC(=O)NCCC[C@H]2C[C@H](Cc3ccc(F)cc3)CCN2CCO)cc(c1)C(=O)C,9.05
534,CHEMBL195433,CC(=O)c1sc(NC(=O)N[C@@H]2CCCC[C@H]2CN3CCC[C@@H](Cc4ccc(F)cc4)C3)nc1C,9.05
535,CHEMBL251622,CC(=O)c1sc(NC(=O)N[C@@H]2CCN(CCF)C[C@H]2CN3CCC[C@@H](Cc4ccc(F)cc4)C3)nc1C,9.05
536,CHEMBL428761,CC(=O)c1sc(NC(=O)N[C@@H]2CCN(Cc3occc3)C[C@H]2CN4CCC[C@@H](Cc5ccc(F)cc5)C4)nc1C,9.05
537,CHEMBL251275,COCC(=O)N1CC[C@@H](NC(=O)Nc2nc(C)c(s2)C(=O)C)[C@H](CN3CCC[C@@H](Cc4ccc(F)cc4)C3)C1,9.05
538,CHEMBL3670798,Cc1cc(cc(NC(=O)[C@H]2CCC(=O)N2C3CCN(Cc4ccc(Cl)c(C)c4)CC3)n1)C(=O)N5CCCC5,9.05
539,CHEMBL46747,Cn1nnnc1c2cc(CO)cc(NC(=O)NCCCN3CCC[C@@H](Cc4ccc(F)cc4)C3)c2,9.05
540,CHEMBL364508,Cn1nnnc1c2ccccc2NC(=O)N[C@@H]3CCCC[C@H]3CN4CCC[C@@H](Cc5ccc(F)cc5)C4,9.05
541,CHEMBL2207286,CN(C)S(=O)(=O)c1ccc2C(=CNC(=O)c2c1)C(=O)NC[C@@H](O)CN3CCC(CC3)Oc4ccc(Cl)c(Cl)c4,9.1
542,CHEMBL2158787,C[C@@](Cc1ccc(F)cc1)(N2CCC(CN3CCC(CC3)Oc4ccc(Cl)c(Cl)c4)CC2)C(=O)O,9.1
543,CHEMBL256068,C[C@H](C[C@@H](O)N1CCC[C@@H](Cc2ccc(F)cc2)C1)NC(=O)Nc3cc(cc(c3)C(=O)C)C(=O)C,9.1
544,CHEMBL270806,C[C@H](C[C@@H](O)N1CCC[C@@H](Cc2ccc(F)cc2)C1)NC(=O)Nc3cc(cc(c3)c4nccs4)c5nccs5,9.1
545,CHEMBL2207660,Cc1c(Cl)ccc(OC2CCN(C[C@H](O)CNC(=O)c3c[nH]nc3C(F)(F)F)CC2)c1Cl,9.1
546,CHEMBL2207657,Cc1cc(Cl)ccc1OC2CCN(C[C@H](O)CNC(=O)C3=CNC(=O)c4c(F)cccc34)CC2,9.1
547,CHEMBL386073,CCCN1CC[C@@H](Cc2ccc(F)cc2)C[C@@H]1CCCNC(=O)Nc3cc(cc(c3)C(=O)C)C(=O)C,9.16
548,CHEMBL400589,CNC(=O)N1CC[C@@H](NC(=O)Nc2nc(C)c(s2)C(=O)C)[C@H](CN3CCC[C@@H](Cc4ccc(F)cc4)C3)C1,9.16
549,CHEMBL295081,CNC(=O)c1cc(NC(=O)NCCCN2CCC[C@@H](Cc3ccc(F)cc3)C2)cc(c1)c4nnnn4C,9.16
550,CHEMBL404618,C[C@H](CCN1CCC[C@@H](Cc2ccc(F)cc2)C1)NC(=O)Nc3cc(cc(c3)C(C)(C)C(=O)O)c4nnnn4C,9.16
551,CHEMBL288009,Cn1nnnc1c2cc(NC(=O)NCCCN3CCC[C@@H](Cc4ccc(F)cc4)C3)cc(c2)c5nnnn5C,9.16
552,CHEMBL277131,Cn1nnnc1c2ccc(NC(=O)N[C@@H]3CCCC[C@H]3CN4CCC[C@@H](Cc5ccc(F)cc5)C4)cc2,9.16
553,CHEMBL3706810,Fc1ccc(C[C@@H]2CCCN(C[C@@H]3CCCC[C@H]3NC(=O)Nc4ccc5cn[nH]c5c4)C2)cc1,9.16
554,CHEMBL362179,CCc1cc(NC(=O)NC[C@H]2CN(CCc3ccc(F)cc3)CCC2(C)C)cc(c1)c4nnnn4C,9.2
555,CHEMBL2158791,Cc1cc(Cl)ccc1OC2CCN(CC3CCN(CC3)[C@@](C)(Cc4ccc(F)cc4)C(=O)O)CC2,9.2
556,CHEMBL2171047,Cc1ccc(cc1)S(=O)(=O)NC(=O)N2CCC(CC2)N3CCC(CC3)Oc4ccc(Cl)c(C)c4Cl,9.2
557,CHEMBL269933,CCC[C@H](C[C@@H](O)N1CCC[C@@H](Cc2ccc(F)cc2)C1)NC(=O)Nc3cccc(c3)c4nnnn4C,9.22
558,CHEMBL361369,CCc1cc(NC(=O)NC[C@@H]2CCCN(CCc3cccc(Cl)c3)C2)cc(c1)c4nnnn4C,9.22
559,CHEMBL254677,CCc1cc(NC(=O)N[C@H](C)[C@@H](O)CN(CCCc2ccc(F)cc2)C3CC3)cc(c1)c4nnnn4C,9.22
560,CHEMBL254881,CCc1cc(NC(=O)N[C@H](C)[C@@H](O)CN(CCCc2ccc(F)cc2)CC3CC3)cc(c1)c4nnnn4C,9.22
561,CHEMBL253210,CN(CCCc1ccc(F)cc1)C[C@@H]2CCCC[C@H]2NC(=O)Nc3cccc(c3)c4nnnn4C,9.22
562,CHEMBL249857,CNC(=O)N1CC[C@@H](CN2CCC[C@@H](Cc3ccc(F)cc3)C2)[C@@H](C1)NC(=O)Nc4nc(C)c(s4)C(=O)C,9.22
563,CHEMBL404586,C[C@H](C[C@@H](NC(=O)C)N1CCC[C@@H](Cc2ccc(F)cc2)C1)NC(=O)Nc3cccc(c3)c4nnnn4C,9.22
564,CHEMBL43423,Cn1nnnc1c2cccc(NC(=O)NCCCN3CCC[C@@H](Cc4ccc(F)cc4)C3)c2,9.22
565,CHEMBL331897,CC[N+]1(C\C\2=C\CCCCCC2)CCC(CC1)NC(=O)C3c4cc(Cl)ccc4Oc5ccc(Cl)cc35,9.24
566,CHEMBL277930,[I-].CC[N+]1(C\C\2=C\CCCCCC2)CCC(CC1)NC(=O)C3c4cc(Cl)ccc4Oc5ccc(Cl)cc35,9.24
567,CHEMBL217987,CC(=O)c1cc(NC(=O)NCCC[C@H]2C[C@H](Cc3ccc(F)cc3)CCN2)cc(c1)C(=O)C,9.3
568,CHEMBL254676,CCCN(CCCc1ccc(F)cc1)C[C@H](O)[C@@H](C)NC(=O)Nc2cc(CC)cc(c2)c3nnnn3C,9.3
569,CHEMBL404585,CCc1cc(NC(=O)N[C@H](C)C[C@@H](N(C)C)N2CCC[C@@H](Cc3ccc(F)cc3)C2)cc(c1)c4nnnn4C,9.3
570,CHEMBL251822,CCc1cc(NC(=O)N[C@H](C)[C@@H](O)CN(C)[C@@H](C)[C@@H](O)c2ccccc2)cc(c1)c3nnnn3C,9.3
571,CHEMBL402331,CNC(=O)O[C@H](C[C@@H](C)NC(=O)Nc1cccc(c1)c2nnnn2C)N3CCC[C@@H](Cc4ccc(F)cc4)C3,9.3
572,CHEMBL257029,C[C@H](C[C@@H](O)N1CCC[C@@H](Cc2ccc(F)cc2)C1)NC(=O)Nc3cc(C)cc(c3)c4nnnn4C,9.3
573,CHEMBL2158784,Cc1c(Cl)c(Cl)ccc1OC2CCN(CC3CCN(CC3)[C@@H](Cc4ccc(F)cc4)C(=O)O)CC2,9.3
574,CHEMBL2158783,Cc1c(Cl)ccc(OC2CCN(CC3CCN(CC3)[C@@H](Cc4ccc(F)cc4)C(=O)O)CC2)c1Cl,9.3
575,CHEMBL461445,CCN(CCCc1ccc(F)cc1)CC2OC(=O)N(C)CC2(C)NC(=O)Nc3cccc(c3)c4nnnn4C,9.33
576,CHEMBL403838,CC(C)[C@H](C[C@@H](O)N1CCC[C@@H](Cc2ccc(F)cc2)C1)NC(=O)Nc3cccc(c3)c4nnnn4C,9.4
577,CHEMBL428062,CCN(CCCc1ccc(F)cc1)C[C@H](O)[C@@H](C)NC(=O)Nc2cc(CC)cc(c2)c3nnnn3C,9.4
578,CHEMBL252631,C[C@@H](NC(=O)Nc1cccc(c1)c2nnnn2C)[C@@H](O)CN(C)CCCc3ccc(F)cc3,9.4
579,CHEMBL254503,C[C@@H](NC(=O)Nc1cccc(c1)c2nnnn2C)[C@@H](O)CN(C)[C@@H](C)[C@@H](O)c3ccccc3,9.4
580,CHEMBL400378,C[C@@H](NC(=O)Nc1cccc(c1)c2nnnn2C)[C@@H](O)CN(CCCc3ccc(F)cc3)C4CC4,9.4
581,CHEMBL251838,C[C@@H](NC(=O)Nc1cccc(c1)c2nnnn2C)[C@@H](O)CN(CCCc3ccc(F)cc3)CC4CC4,9.4
582,CHEMBL2113074,Fc1ccc(C[C@@H]2CCCN(C[C@@H]3CCCC[C@H]3NC(=O)Nc4ccc5[nH]ccc5c4)C2)cc1,9.4
583,CHEMBL2207654,O[C@H](CNC(=O)C1=CNC(=O)c2cc(ccc12)S(=O)(=O)N3CCC3)CN4CCC(CC4)Oc5ccc(Cl)c(Cl)c5,9.5
584,CHEMBL437396,CCc1cc(NC(=O)N[C@H](C)[C@@H](O)CN(C)CCCc2ccc(F)cc2)cc(c1)c3nnnn3C,9.52
585,CHEMBL252035,CCc1cc(NC(=O)N[C@H](C)[C@@H](O)CNCCCc2ccc(F)cc2)cc(c1)c3nnnn3C,9.52
586,CHEMBL399495,C[C@@H](NC(=O)Nc1cccc(c1)c2nnnn2C)[C@@H](O)CN3CCC[C@@H](Cc4ccc(F)cc4)C3,9.52
587,CHEMBL429323,C[C@H](C[C@@H](O)N1CCC[C@@H](Cc2ccc(F)cc2)C1)NC(=O)Nc3cccc(c3)c4nccn4C,9.52
588,CHEMBL2113077,Fc1ccc(C[C@@H]2CCCN(C[C@@H]3CCCC[C@H]3NC(=O)Nc4ccc5[nH]ncc5c4)C2)cc1,9.52
589,CHEMBL464902,CN1C[C@@H](NC(=O)Nc2cccc(c2)c3nnnn3C)[C@H](CN4CCC[C@@H](Cc5ccc(F)cc5)C4)OC1=O,9.64
590,CHEMBL398548,CCCN(CCCc1ccc(F)cc1)C[C@H](O)[C@@H](C)NC(=O)Nc2cccc(c2)c3nnnn3C,9.7
591,CHEMBL251837,CCN(CCCc1ccc(F)cc1)C[C@H](O)[C@@H](C)NC(=O)Nc2cccc(c2)c3nnnn3C,9.7
592,CHEMBL254095,CCN(C[C@H](O)[C@@H](C)NC(=O)Nc1cc(CC)cc(c1)c2nnnn2C)[C@@H](C)CCc3ccc(F)cc3,9.7
593,CHEMBL2158790,Cc1c(Cl)c(Cl)ccc1OC2CCN(CC3CCN(CC3)[C@@](C)(Cc4ccc(F)cc4)C(=O)O)CC2,9.7
594,CHEMBL505914,Cl.CN1CC(C)(NC(=O)Nc2cccc(c2)c3nnnn3C)C(CN4CCC[C@@H](Cc5ccc(F)cc5)C4)OC1=O,9.82
595,CHEMBL518571,CN1CC(C)(NC(=O)Nc2cccc(c2)c3nnnn3C)C(CN4CCC[C@@H](Cc5ccc(F)cc5)C4)OC1=O,9.92
6,CHEMBL331702,CC(C)C(CC1CCN(Cc2ccc(Cl)c(Cl)c2)CC1)NC(=O)c3ccc(C)cc3,5.77
10,CHEMBL123943,CC(C)C(CN1CCC(Cc2ccc(Cl)c(Cl)c2)CC1)NC(=O)c3ccc(C)cc3,6.3
11,CHEMBL331672,CC(C)C(CN1CC2CCC1CC2Cc3ccc(Cl)c(Cl)c3)NC(=O)c4ccc(C)cc4,5.28
14,CHEMBL123308,CC(C)C(CN1C2CCC1CC(Cc3ccc(Cl)c(Cl)c3)C2)NC(=O)c4ccc(C)cc4,5.75
22,CHEMBL120957,CC(C)C(CC1CCN(Cc2ccc(C)c(C)c2)CC1)NC(=O)c3ccc(C)cc3,5.11
25,CHEMBL333040,CC(C)C(CC1CCN(Cc2ccc(cc2)[N+](=O)[O-])CC1)NC(=O)c3ccc(C)cc3,5.07
26,CHEMBL420709,COc1cc(NC(=O)NC(CC2CCN(Cc3ccc(Cl)c(Cl)c3)CC2)C(C)C)cc(OC)c1OC,6.3
27,CHEMBL124127,OCCCNC(=O)NCC(CCCN1CCC(O)(CC1)c2ccc(Cl)cc2)(c3ccccc3)c4ccccc4,5.63
29,CHEMBL124966,O=C(Nc1ccc2c[nH]nc2c1)Nc3cc4OCOc4cc3CN5CCC(Cc6ccccc6)CC5,6.59
30,CHEMBL339752,OC1(CCN(CCCC(CNC(=O)NCCN2CCCCC2)(c3ccccc3)c4ccccc4)CC1)c5ccc(Cl)cc5,5.66
31,CHEMBL125618,OC1(CCN(CCCC(CNC(=O)Nc2ccccc2)(c3ccccc3)c4ccccc4)CC1)c5ccc(Cl)cc5,5.01
35,CHEMBL421273,COc1cccc(NC(=O)Nc2cc(CO)ccc2CN3CCC(Cc4ccccc4)CC3)c1,6.44
36,CHEMBL338624,OC1(CCN(CCCC(CNC(=O)Nc2cccc(c2)C(F)(F)F)(c3ccccc3)c4ccccc4)CC1)c5ccc(Cl)cc5,4.71
39,CHEMBL332277,OC1(CCN(CCCC(CNC(=O)Nc2ccncc2)(c3ccccc3)c4ccccc4)CC1)c5ccc(Cl)cc5,5.46
40,CHEMBL124317,CC(=O)c1cccc(NC(=O)Nc2ccccc2CN3CCC(Cc4ccc(F)cc4)CC3)c1,6.9
45,CHEMBL123807,O=C(NCC(c1ccccc1)c2ccccc2)Nc3ccccc3CN4CCC(Cc5ccccc5)CC4,5.58
46,CHEMBL124084,COc1ccc(NC(=O)NCC(CCCN2CCC(O)(CC2)c3ccc(Cl)cc3)(c4ccccc4)c5ccccc5)cc1,5.12
50,CHEMBL340491,OC1(CCN(CCCC(CNC(=O)Nc2cc(F)ccc2F)(c3ccccc3)c4ccccc4)CC1)c5ccc(Cl)cc5,5.24
51,CHEMBL123962,O=C(Nc1cccc(c1)C#N)Nc2cc3OCOc3cc2CN4CCC(Cc5ccccc5)CC4,6.63
53,CHEMBL276784,C(CCc1ccccc1)CN2CCC(Cc3ccccc3)CC2,5.42
54,CHEMBL124583,Fc1ccc(F)c(NC(=O)Nc2ccccc2CN3CCC(Cc4ccccc4)CC3)c1,5.76
56,CHEMBL124669,Fc1ccc(CC2CCN(Cc3ccccc3NC(=O)Nc4ccccc4)CC2)cc1,6.44
57,CHEMBL123580,COc1cccc(NC(=O)Nc2cc3OCOc3cc2CN4CCC(Cc5ccc(F)cc5)CC4)c1,6.85
58,CHEMBL333865,OC1(CCN(CCCC(CNC(=O)Nc2ccc(cc2)C(F)(F)F)(c3ccccc3)c4ccccc4)CC1)c5ccc(Cl)cc5,5.28
59,CHEMBL125108,O=C(NC1CCN(Cc2ccccc2)CC1)Nc3ccccc3CN4CCC(Cc5ccccc5)CC4,5.41
60,CHEMBL421634,OC(CN1CCC(Cc2ccccc2)CC1)c3ccccc3NC(=O)Nc4cc(F)ccc4F,6.39
62,CHEMBL331530,Fc1ccc(F)c(NC(=O)Nc2ccccc2CN3CCC(CC3)c4ccccc4)c1,4.96
64,CHEMBL341343,Oc1ccc(NC(=O)Nc2cccc(c2)C#N)c(CN3CCC(Cc4ccccc4)CC3)c1,6.56
66,CHEMBL339349,CNC(=O)NCC(CCCN1CCC(O)(CC1)c2ccc(Cl)cc2)(c3ccccc3)c4ccccc4,5.08
69,CHEMBL125282,COc1cccc(NC(=O)NCc2ccccc2CN3CCC(Cc4ccccc4)CC3)c1,5.62
70,CHEMBL19375,C(CCc1ccccc1)CN2CCN(Cc3ccccc3)CC2,5.08
71,CHEMBL123957,O=C(Nc1cccc(CN2CCC(Cc3ccccc3)CC2)c1)Nc4cccc(c4)C#N,6.35
72,CHEMBL434437,COC(=O)c1ccc(CN2CCC(Cc3ccccc3)CC2)c(NC(=O)Nc4cccc(OC)c4)c1,6.11
73,CHEMBL125220,Fc1ccc(CCNC(=O)Nc2ccccc2CN3CCN(Cc4ccccc4)CC3)cc1,5.04
74,CHEMBL124813,OC1(CCN(CCCCc2ccccc2)CC1)c3ccc(Cl)cc3,4.84
75,CHEMBL18222,C(Cc1ccccc1)N2CCC(Cc3ccccc3)CC2,5.15
76,CHEMBL124336,O=C(NCc1ccc2OCOc2c1)Nc3ccccc3CN4CCC(CC4)C(=O)c5ccccc5,5.13
78,CHEMBL127534,Fc1ccc(CC2CCN(Cc3ccc4ccccc4c3NC(=O)Nc5cccc(c5)C#N)CC2)cc1,6.28
79,CHEMBL331634,COc1cccc(NC(=O)Nc2ccccc2CCN3CCC(Cc4ccccc4)CC3)c1,6.75
80,CHEMBL340770,Fc1ccc(CCCN2CCC3C(C2)c4cccc5CCN3c45)cc1,6.0
81,CHEMBL125026,OCCCNC(=O)Nc1ccccc1CN2CCC(Cc3ccccc3)CC2,5.59
83,CHEMBL126174,OCc1ccc(CN2CCC(Cc3ccccc3)CC2)c(NC(=O)Nc4cccc(c4)C#N)c1,6.94
85,CHEMBL124272,CC(=O)c1cccc(NC(=O)Nc2cc3OCOc3cc2CN4CCC(Cc5ccccc5)CC4)c1,6.64
86,CHEMBL125643,CC1N(CC2CCN(CCc3ccccc3)CC2)C(=O)C4=C1CC=CC4,4.92
87,CHEMBL125753,OC1(CCN(CCCC(CNC(=O)NCc2ccccc2)(c3ccccc3)c4ccccc4)CC1)c5ccc(Cl)cc5,5.08
88,CHEMBL340080,O=C(Nc1cccc(c1)C#N)Nc2ccccc2CCN3CCC(Cc4ccccc4)CC3,6.85
89,CHEMBL125111,NCC(CCCN1CCC(O)(CC1)c2ccc(Cl)cc2)(c3ccccc3)c4ccccc4,4.92
91,CHEMBL421274,O=C(NCC(c1ccccc1)c2ccccc2)Nc3ccccc3CN4CCC(CC4)C(=O)c5ccccc5,5.41
94,CHEMBL339934,O=C(NCc1ccccc1CN2CCC(Cc3ccccc3)CC2)Nc4cccc(c4)C#N,5.55
95,CHEMBL409001,Fc1ccc(CC2CCN(CCc3ccccc3NC(=O)Cc4ccc(F)cc4)CC2)cc1,6.82
96,CHEMBL332227,O=C(NC1CCN(Cc2ccccc2)CC1)Nc3cccc(CN4CCC(Cc5ccccc5)CC4)c3,5.43
98,CHEMBL124206,OC(CN1CCC(Cc2ccccc2)CC1)c3ccccc3NC(=O)Nc4ccccc4,6.6
100,CHEMBL419244,OC1(CCN(Cc2ccccc2)CC1)c3ccc(Cl)cc3,4.73
101,CHEMBL340797,CN(C)CCNC(=O)NCC(CCCN1CCC(O)(CC1)c2ccc(Cl)cc2)(c3ccccc3)c4ccccc4,5.65
102,CHEMBL34166,OC1(CCN(CCCC(C#N)(c2ccccc2)c3ccccc3)CC1)c4ccc(Cl)cc4,5.05
103,CHEMBL123511,COc1cccc(NC(=O)Nc2ccccc2CN3CCC(Cc4ccccc4)CC3)c1,6.22
104,CHEMBL338543,COc1ccc(NC(=O)Nc2ccccc2CN3CCC(Cc4ccccc4)CC3)cc1,6.13
105,CHEMBL124390,O=C(Nc1ccc2[nH]ncc2c1)Nc3ccccc3CN4CCC(Cc5ccccc5)CC4,6.35
106,CHEMBL338389,Fc1ccc(CC2CCN(Cc3ccccc3NC(=O)Nc4cccc(c4)C#N)CC2)cc1,6.51
108,CHEMBL124585,COC(=O)N1CCC(CC1)NC(=O)NCC(CCCN2CCC(O)(CC2)c3ccc(Cl)cc3)(c4ccccc4)c5ccccc5,5.28
109,CHEMBL435812,CC(C)(C)NC(=O)NCC(CCCN1CCC(O)(CC1)c2ccc(Cl)cc2)(c3ccccc3)c4ccccc4,5.52
110,CHEMBL126106,OCCCNC(=O)NC(Cc1ccccc1)c2ccccc2,4.3
111,CHEMBL333063,OC1(CCN(CCCC(CNC(=O)NC2CCN(Cc3ccccc3)CC2)(c4ccccc4)c5ccccc5)CC1)c6ccc(Cl)cc6,5.79
112,CHEMBL341306,OC1(CCN(CCCC(CNC(=O)NCC2CCCCC2)(c3ccccc3)c4ccccc4)CC1)c5ccc(Cl)cc5,5.62
113,CHEMBL442210,O=C(Nc1ccc2c[nH]nc2c1)Nc3ccccc3CN4CCC(Cc5ccccc5)CC4,6.35
115,CHEMBL124808,N#CC(CCCN1CCN(Cc2ccccc2)CC1)(c3ccccc3)c4ccccc4,4.85
119,CHEMBL341144,O=C1CC2(CCc3ccccc23)C(=O)N1CC4CCN(CCc5ccccc5)CC4,5.7
120,CHEMBL126978,OCCCCNC(=O)NCC(CCCN1CCC(O)(CC1)c2ccc(Cl)cc2)(c3ccccc3)c4ccccc4,5.23
121,CHEMBL125167,Fc1ccc(CCNC(=O)Nc2ccccc2CN3CCC(Cc4ccccc4)CC3)cc1,5.42
124,CHEMBL333422,OC1(CCN(CCCC(CNC(=O)NCCc2ccc(F)cc2)(c3ccccc3)c4ccccc4)CC1)c5ccc(Cl)cc5,5.66
125,CHEMBL124748,O=C(Nc1cccc(CN2CCC(Cc3ccccc3)CC2)c1)Nc4ccc5[nH]ncc5c4,6.21
126,CHEMBL124457,C(C1CCN(Cc2ccccc2)CC1)c3ccccc3,5.08
127,CHEMBL124134,O=C(Nc1ccccc1)Nc2ccccc2CN3CCC(Cc4ccccc4)CC3,6.05
130,CHEMBL125695,COc1ccc(NC(=O)NCc2ccccc2CN3CCC(Cc4ccccc4)CC3)cc1,5.89
133,CHEMBL445379,O=C(NCc1ccc2OCOc2c1)Nc3ccccc3CN4CCC(Cc5ccccc5)CC4,5.76
136,CHEMBL123622,CC(C)NC(=O)NCC(CCCN1CCC(O)(CC1)c2ccc(Cl)cc2)(c3ccccc3)c4ccccc4,5.22
137,CHEMBL123791,O=C(Nc1cccc(c1)C#N)Nc2ccccc2CN3CCC(Cc4ccccc4)CC3,6.13
138,CHEMBL340656,Fc1ccc(F)c(NC(=O)Nc2ccccc2CN3CCC(CC3)C(=O)c4ccccc4)c1,5.33
142,CHEMBL125325,O=C(NCCN1CCCCC1)Nc2ccccc2CN3CCC(Cc4ccccc4)CC3,5.12
143,CHEMBL124321,O=C(NCc1ccccc1)Nc2ccccc2CN3CCC(Cc4ccccc4)CC3,5.47
145,CHEMBL127395,N#CC(CCCN1CCC(Cc2ccccc2)CC1)(c3ccccc3)c4ccccc4,5.34
146,CHEMBL284166,C[C@@H](NC(=O)[C@H](Cc1ccc(cc1)[N+](=O)[O-])NC(=O)c2cccc3ccccc23)C(=O)OC(C)(C)C,7.7
148,CHEMBL33708,COc1ccc(NC(=O)[C@H](C)NC(=O)[C@H](CC2CCCCC2)NC(=O)c3cccc4ccccc34)cc1,6.16
149,CHEMBL284576,COc1ccc(NC(=O)[C@H](C)NC(=O)[C@H](Cc2cscn2)NC(=O)c3cccc4ccccc34)cc1,6.3
151,CHEMBL36223,COc1ccc(C[C@H](NC(=O)c2cccc3ccccc23)C(=O)N[C@@H](C)C(=O)Nc4ccc(cc4)C#N)cc1,6.6
152,CHEMBL32410,[O-][N+](=O)c1ccc(C[C@H](NC(=O)c2cccc3ccccc23)C(=O)N[C@H](C(=O)Nc4ccccc4)c5ccccc5)cc1,6.94
153,CHEMBL36473,CCNC(=O)c1csc(n1)[C@H](Cc2ccc(cc2)[N+](=O)[O-])NC(=O)c3cccc4ccccc34,4.75
154,CHEMBL36195,COc1ccc(C[C@H](NC(=O)c2cccc3ccccc23)C(=O)N[C@@H](C)C(=O)Nc4ccccc4OC)cc1,7.82
155,CHEMBL32850,CCOC(=O)C1COC(=N1)[C@H](Cc2ccc(cc2)[N+](=O)[O-])NC(=O)c3cccc4ccccc34,6.67
156,CHEMBL32895,CCNC(=O)C(C)NC(=O)[C@H](Cc1ccc(cc1)[N+](=O)[O-])NC(=O)c2cccc3ccccc23,6.18
157,CHEMBL32224,C[C@H](NC(=O)[C@H](Cc1ccc(cc1)[N+](=O)[O-])NC(=O)c2cccc3ccccc23)C(=O)Nc4ccccc4,6.72
159,CHEMBL32806,[O-][N+](=O)c1ccc(C[C@H](NC(=O)c2cccc3ccccc23)C(=O)NCC(=O)Nc4ccccc4)cc1,6.4
160,CHEMBL33144,C[C@H](NC(=O)[C@H](Cc1cscn1)NC(=O)c2cccc3ccccc23)C(=O)Nc4ccc(Cl)cc4,6.1
161,CHEMBL284531,C[C@H](NC(=O)[C@H](Cc1ccc(Cl)cc1)NC(=O)c2ccc(C)cc2C)C(=O)Nc3ccc(Cl)cc3,7.35
162,CHEMBL287538,CCn1ccnc1[C@H](Cc2ccc(cc2)[N+](=O)[O-])NC(=O)c3cccc4ccccc34,4.77
163,CHEMBL32852,COc1ccccc1NC(=O)[C@H](C)NC(=O)[C@H](Cc2ccc(cc2)C#N)NC(=O)c3cccc4ccccc34,6.9
164,CHEMBL284313,C[C@H](NC(=O)[C@H](Cc1ccncc1)NC(=O)c2cccc3ccccc23)C(=O)Nc4ccc(cc4)c5ccccc5,6.22
165,CHEMBL35217,CCOC(=O)c1csc(n1)[C@H](Cc2ccc(cc2)[N+](=O)[O-])NC(=O)c3cccc4ccccc34,6.18
167,CHEMBL178019,CCOC(=O)C(=C)NC(=O)[C@H](Cc1ccc(cc1)[N+](=O)[O-])NC(=O)c2cccc3ccccc23,6.46
168,CHEMBL33534,C[C@H](N(C)C(=O)[C@H](Cc1ccc(cc1)[N+](=O)[O-])NC(=O)c2cccc3ccccc23)C(=O)Nc4ccccc4,7.19
170,CHEMBL35896,COc1ccc(NC(=O)[C@H](C)NC(=O)[C@H](Cc2ccc(Cl)cc2)NC(=O)c3cccc4ccccc34)cc1,7.35
171,CHEMBL418041,COc1ccc(NC(=O)[C@H](C)NC(=O)[C@H](Cc2ccc(cc2)C#N)NC(=O)c3cccc4ccccc34)cc1,7.05
172,CHEMBL288554,[O-][N+](=O)c1ccc(C[C@H](NC(=O)c2cccc3ccccc23)c4ocnc4)cc1,4.65
173,CHEMBL287320,[O-][N+](=O)c1ccc(C[C@H](NC(=O)c2cccc3ccccc23)c4nc(cs4)C(=O)N5CCc6ccccc6C5)cc1,4.9
174,CHEMBL34839,CC(NC(=O)[C@H](Cc1ccc(cc1)[N+](=O)[O-])NC(=O)c2cccc3ccccc23)C(=O)N4CCCC4,5.95
175,CHEMBL32191,[O-][N+](=O)c1ccc(C[C@H](NC(=O)c2cccc3ccccc23)c4nc(cs4)C(=O)Nc5ccccc5)cc1,5.11
176,CHEMBL35900,CCOC(=O)c1coc(n1)[C@H](Cc2ccc(cc2)[N+](=O)[O-])NC(=O)c3cccc4ccccc34,6.3
177,CHEMBL35341,CCOC(=O)[C@H](C)NC(=O)[C@H](Cc1ccc(cc1)[N+](=O)[O-])NC(=O)c2cccc3ccccc23,6.42
178,CHEMBL432088,C[C@H](NC(=O)[C@H](Cc1ccc(cc1)[N+](=O)[O-])NC(=O)c2cccc3ccccc23)C(=O)N(C)c4ccccc4,6.22
179,CHEMBL32451,C[C@H](NC(=O)[C@H](Cc1ccc(Cl)cc1)NC(=O)c2cccc3ccccc23)C(=O)Nc4cccnc4,7.57
181,CHEMBL418588,C[C@H](NC(=O)[C@H](Cc1ccc(Cl)cc1)NC(=O)c2cccc3ccccc23)C(=O)Nc4ccccc4,8.3
182,CHEMBL32493,[O-][N+](=O)c1ccc(C[C@H](NC(=O)c2cccc3ccccc23)C4=NCCO4)cc1,6.25
183,CHEMBL32334,CCOC(=O)[C@@H](C)NC(=O)[C@H](Cc1ccc(cc1)[N+](=O)[O-])NC(=O)c2cccc3ccccc23,8.52
184,CHEMBL285444,[O-][N+](=O)c1ccc(C[C@H](NC(=O)c2cccc3ccccc23)c4nccs4)cc1,4.5
185,CHEMBL33537,CC(NC(=O)[C@H](Cc1ccc(cc1)[N+](=O)[O-])NC(=O)c2cccc3ccccc23)C(=O)NCc4ccccc4,6.52
186,CHEMBL32413,CCOC(=O)[C@H](CCc1ccccc1)NC(=O)c2ccccc2,5.23
190,CHEMBL33290,CCOC(=O)[C@H](Cc1ccc(O)cc1)NC(=O)Cc2ccccc2,5.59
192,CHEMBL32468,CCOC(=O)[C@H](Cc1ccc(O)cc1)NC(=O)[C@H](Cc2ccccc2)NC(=O)OCc3ccccc3,5.2
194,CHEMBL32878,CCOC(=O)[C@H](C)NC(=O)c1ccccc1,5.05
197,CHEMBL33838,CCOC(=O)[C@H](Cc1c[nH]c2ccccc12)NC(=O)c3ccccc3,6.49
199,CHEMBL430745,CCOC(=O)[C@H](Cc1ccc(O)cc1)NS(=O)(=O)c2ccc(C)cc2,4.8
202,CHEMBL33242,CCOC(=O)[C@H](Cc1ccc(O)cc1)NC(=O)c2ccccc2,6.42
203,CHEMBL33693,CCOC(=O)[C@H](Cc1ccccc1)NC(=O)c2ccccc2,6.72
204,CHEMBL284577,[O-][N+](=O)c1ccc(C[C@H](NC(=O)c2cccc3ccccc23)C(=O)NCc4ccccc4)cc1,5.4
216,CHEMBL32282,CCOC(=O)[C@H](Cc1ccc(O)cc1)NC(=O)c2ccccn2,5.77
218,CHEMBL32784,CN(C)C(=O)[C@H](Cc1ccc(cc1)[N+](=O)[O-])NC(=O)c2cccc3ccccc23,4.48
220,CHEMBL290565,CCOC(=O)[C@H](Cc1cc(I)c(O)c(I)c1)NC(=O)c2ccccc2,6.27
230,CHEMBL300472,O=C(NCCCN1CC[C@@H]2[C@H](C1)c3cccc4CCN2c34)Nc5cccc(c5)C#N,6.16
232,CHEMBL49117,COc1cccc(NC(=O)N2CCO[C@@H](CN3CCC(Cc4ccc(F)cc4)CC3)C2)c1,6.59
233,CHEMBL298681,O=C(NCCCCCN1CCC(Cc2ccccc2)CC1)Nc3cccc(c3)C#N,5.92
236,CHEMBL416835,Fc1ccc(cc1)C(=O)NCCCCN2CC[C@@H]3[C@H](C2)c4cccc5CCN3c45,5.41
237,CHEMBL51113,FC(F)(F)c1ccc(NC(=O)NCCCN2CCC(Cc3ccccc3)CC2)cc1,5.92
238,CHEMBL417547,COc1cccc(NC(=O)N2CCC(CC2)N3CCC(Cc4ccccc4)CC3)c1,5.64
243,CHEMBL50401,O=C(NCCCCN1CCC(Cc2ccccc2)CC1)c3ccccc3,6.1
244,CHEMBL49296,Fc1ccc(cc1)C(=O)NCCCCN2CCC(Cc3ccccc3)CC2,6.0
245,CHEMBL54251,COc1cccc(NC(=O)N2CCC(CN3CCC(Cc4ccccc4)CC3)CC2)c1,5.8
248,CHEMBL50937,COc1cccc(c1)C(=O)NCCCCN2CC[C@@H]3[C@H](C2)c4cccc5CCN3c45,5.09
252,CHEMBL433086,CN(C)c1ccc(NC(=O)NCCCN2CC[C@@H]3[C@H](C2)c4cccc5CCN3c45)cc1,5.32
253,CHEMBL50801,O=C(NCCCCN1CCC(Cc2ccccc2)CC1)c3ccc(cc3)C#N,5.89
255,CHEMBL51307,O=C(NCCCN1CCC(Cc2ccccc2)CC1)Nc3ccccc3,6.4
256,CHEMBL50400,COc1cccc(c1)C(=O)NCCCCN2CCC(Cc3ccccc3)CC2,5.92
258,CHEMBL48401,COc1ccccc1C(=O)NCCCCN2CC[C@@H]3[C@H](C2)c4cccc5CCN3c45,5.17
259,CHEMBL440477,FC(F)(F)c1ccc(NC(=O)NCCCN2CC[C@@H]3[C@H](C2)c4cccc5CCN3c45)cc1,5.43
260,CHEMBL295726,O=C(NCCN1CCC(Cc2ccccc2)CC1)Nc3cccc(c3)C#N,6.3
261,CHEMBL51267,COc1cccc(NC(=O)N2CCCC(CCN3CCC(Cc4ccc(F)cc4)CC3)C2)c1,6.6
268,CHEMBL42948,O=C(NCCCN1CCC(Cc2ccccc2)CC1)Nc3cccc(c3)C#N,6.7
270,CHEMBL50129,Fc1ccc(CC2CCN(CCCNC(=O)Nc3cccc(c3)c4cccs4)CC2)cc1,6.7
272,CHEMBL50557,Fc1ccccc1CC2CCN(CCCNC(=O)Nc3cccc(c3)C#N)CC2,6.7
279,CHEMBL54143,O=C(NCCCCN1CCC(Cc2ccccc2)CC1)Nc3cccc(c3)C#N,6.3
280,CHEMBL51038,Fc1ccc(cc1)C(=O)NCCCN2CC[C@@H]3[C@H](C2)c4cccc5CCN3c45,5.26
283,CHEMBL51676,Cc1ccc(CC2CCN(CCCNC(=O)Nc3cccc(c3)C#N)CC2)cc1,6.3
284,CHEMBL51480,COc1cccc(NC(=O)N2CCCCC2CN3CCC(Cc4ccc(F)cc4)CC3)c1,6.77
285,CHEMBL51110,CN(C)c1ccc(NC(=O)NCCCN2CCC(Cc3ccccc3)CC2)cc1,5.8
291,CHEMBL50354,Fc1ccc(CC2CCN(CCCNC(=O)NCc3ccccc3)CC2)cc1,6.4
296,CHEMBL297945,Ic1cccc(NC(=O)NCCCN2CC[C@@H]3[C@H](C2)c4cccc5CCN3c45)c1,5.96
297,CHEMBL298999,CC(=O)c1cccc(NC(=O)NCCCN2CC[C@H](Cc3ccccc3)C[C@@H]2Cc4ccccc4)c1,6.7
298,CHEMBL51512,Fc1ccc(cc1)S(=O)(=O)NCCCN2CC[C@@H]3[C@H](C2)c4cccc5CCN3c45,5.0
299,CHEMBL301332,Fc1ccc(cc1)C(=O)NCCN2CC[C@@H]3[C@H](C2)c4cccc5CCN3c45,5.08
300,CHEMBL43666,COc1cccc(NC(=O)NCCCN2CCC(Cc3ccccc3)CC2)c1,6.52
301,CHEMBL52094,CC(=O)c1ccc(NC(=O)NCCCN2CCC(Cc3ccc(F)cc3)CC2)cc1,6.7
303,CHEMBL298414,COc1cccc(NC(=O)N2CCC(CN3CCC(Cc4ccc(F)cc4)CC3)C2)c1,6.62
304,CHEMBL50829,Fc1ccc(CC2CCN(CCCNC(=O)NCCc3ccccc3)CC2)cc1,6.52
305,CHEMBL299385,Fc1ccc(CC2CCN(CCCNC(=O)Nc3ccccc3C(F)(F)F)CC2)cc1,6.7
309,CHEMBL49702,COc1ccc(cc1)C(=O)NCCCCN2CC[C@@H]3[C@H](C2)c4cccc5CCN3c45,5.29
310,CHEMBL49938,C[S+]([O-])c1ccc(NC(=O)NCCCN2CCC(Cc3ccc(F)cc3)CC2)cc1,6.7
312,CHEMBL51052,CC(=O)c1cccc(NC(=O)NCCCN2CC[C@H](Cc3ccccc3)C[C@@H]2C(C)(C)O)c1,6.7
314,CHEMBL51953,Ic1ccc(NC(=O)NCCCN2CC[C@@H]3[C@H](C2)c4cccc5CCN3c45)cc1,5.82
319,CHEMBL300726,COc1cccc(NC(=O)N2CCCC(CN3CCC(Cc4ccccc4)CC3)C2)c1,6.48
321,CHEMBL415950,Fc1ccc(cc1)S(=O)(=O)NCCCCN2CC[C@@H]3[C@H](C2)c4cccc5CCN3c45,5.19
327,CHEMBL51163,Fc1ccc(cc1)C(=O)CCCN2CC[C@@H]3[C@H](C2)c4cccc5CCN3c45,5.96
332,CHEMBL50645,COc1cccc(NC(=O)N2CCCC(C2)N3CCC(Cc4ccc(F)cc4)CC3)c1,6.28
347,CHEMBL20612,Clc1cccc(CN2CCC(CC2)NC(=O)CSc3nc4ccccc4s3)c1,6.55
348,CHEMBL21199,O=C(CSc1nc2ccccc2s1)NCC3CCCN(Cc4ccccc4)C3,6.0
355,CHEMBL20539,O=C(CSc1nc2ccccc2s1)NC3CCN(Cc4ccccc4)CC3,6.13
359,CHEMBL279450,O=C(CSc1nc2ccccc2s1)NCC3CCCN(CC4CCCCC4)C3,6.0
360,CHEMBL2114958,CC(=O)c1cccc(NC(=O)NCCCN2CC3CCC2[C@@H](Cc4ccc(F)cc4)C3)c1,6.77
391,CHEMBL2115412,CC(=O)c1cccc(NC(=O)NCCCN2CC3CCC2[C@H](Cc4ccc(F)cc4)C3)c1,6.1
398,CHEMBL43391,Fc1cccc(CC2CCCN(CCCNC(=O)Nc3cccc(c3)C#N)C2)c1,6.61
405,CHEMBL83338,CN(C[C@@H](CCN1CCC2(CC1)C[S+]([O-])c3ccccc23)c4cccc(Cl)c4)S(=O)(=O)c5ccccc5,5.0
438,CHEMBL175547,COc1ccc(cc1)C(CNC(=O)Nc2cc(Cl)cc(Cl)c2)N3CCN(CC3)C4CCCCC4,6.08
439,CHEMBL179752,CC(C)(C)c1ccc(CCNCC(N2CCN(CC2)C3CCCCC3)c4ccc(cc4)C(F)(F)F)cc1,6.08
440,CHEMBL176281,FC(F)(F)c1ccc(cc1)C(CNC(=O)Nc2cc(Cl)cc(Cl)c2)N3CCN(CC3)C4CCCCC4,6.03
451,CHEMBL180651,Cc1ccccc1CC(=O)N2CCC(CC2)N3CCC(Cc4ccc(Cl)cc4)CC3,6.85
452,CHEMBL178771,Cc1ccccc1CC(=O)N2CCC(CC2)N3CCC(Cc4ccc(F)cc4)CC3,6.96
453,CHEMBL181230,COc1ccc(CC2CCN(CC2)C3CCN(CC3)C(=O)Cc4ccccc4C)cc1,6.1
454,CHEMBL440750,Cc1ccccc1CC(=O)N2CCC(CC2)N3CCC(Cc4cccc(Cl)c4)CC3,6.89
456,CHEMBL181827,Cc1ccccc1CC(=O)N2CCC(CC2)N3CCC(Cc4cc(F)cc(F)c4)CC3,5.65
457,CHEMBL181232,Cc1ccccc1CC(=O)N2CCC(CC2)N3CCC(Cc4cc(Cl)cc(Cl)c4)CC3,6.03
459,CHEMBL178286,Cc1ccccc1CC(=O)N2CCC(CC2)N3CCC(Cc4cccc(Cl)c4Cl)CC3,6.99
461,CHEMBL181290,Cc1ccccc1CC(=O)N2CCC(CC2)N3CCC(Cc4cc(Cl)ccc4Cl)CC3,6.6
462,CHEMBL178916,Cc1ccccc1CC(=O)N2CCC(CC2)N3CCC(Cc4ccc(Cl)cc4F)CC3,6.84
463,CHEMBL181678,Cc1ccccc1CC(=O)N2CCC(CC2)N3CCC(Cc4ccc(Cl)c(F)c4)CC3,6.72
464,CHEMBL181794,Cc1ccccc1CC(=O)N2CCC(CC2)N3CCC(Cc4cc(F)cc(Cl)c4)CC3,6.3
466,CHEMBL180599,Nc1cccc(c1)C(=O)N2CCC(CC2)N3CCC(Cc4ccc(Cl)c(Cl)c4)CC3,6.91
467,CHEMBL180122,Nc1ccc(cc1)C(=O)N2CCC(CC2)N3CCC(Cc4ccc(Cl)c(Cl)c4)CC3,6.87
472,CHEMBL180988,Clc1ccc(CC2CCN(CC2)C3CCN(CC3)C(=O)c4nccc5ccccc45)cc1Cl,6.85
473,CHEMBL359850,Clc1ccc(CC2CCN(CC2)C3CCN(CC3)C(=O)c4cnc5ccccc5c4)cc1Cl,6.34
474,CHEMBL425875,Clc1ccc(CC2CCN(CC2)C3CCN(CC3)C(=O)c4cccc5[nH]ccc45)cc1Cl,6.96
475,CHEMBL178367,Clc1ccc(CC2CCN(CC2)C3CCN(CC3)C(=O)c4ccc5[nH]ccc5c4)cc1Cl,6.92
486,CHEMBL361620,CS(=O)(=O)N[C@@H]1CN(CC[C@@H]1Cc2ccc(Cl)c(Cl)c2)C3CCN(CC3)C(=O)c4ccc5ncccc5c4,6.0
487,CHEMBL180989,CC(=O)N[C@@H]1CN(CC[C@@H]1Cc2ccc(Cl)c(Cl)c2)C3CCN(CC3)C(=O)c4ccc5ncccc5c4,6.79
495,CHEMBL181789,CS(=O)(=O)NC[C@@H]1CN(CC[C@@H]1Cc2ccc(Cl)c(Cl)c2)C3CCN(CC3)C(=O)c4ccc5ncccc5c4,6.48
496,CHEMBL362401,CC(=O)NC[C@@H]1CN(CC[C@@H]1Cc2ccc(Cl)c(Cl)c2)C3CCN(CC3)C(=O)c4ccc5ncccc5c4,6.69
516,CHEMBL360653,Cn1nnnc1c2cccc(NC(=O)NCC3CCN(CCc4ccc(F)cc4)CC3)c2,6.46
517,CHEMBL181311,Cn1nnnc1c2cccc(NC(=O)NCC3CCN(CCCc4ccc(F)cc4)CC3)c2,6.64
518,CHEMBL3085296,Cn1nnnc1c2cccc(NC(=O)NC[C@@H]3CCCN(Cc4ccc(F)cc4)C3)c2,5.46
520,CHEMBL369351,Clc1ccccc1\C=C\2/CCN3Cc4ccccc4N=C23,6.96
522,CHEMBL360738,Fc1ccccc1\C=C\2/CCN3Cc4ccccc4N=C23,5.85
523,CHEMBL182889,FC(F)(F)c1ccccc1\C=C\2/CCN3Cc4ccccc4N=C23,5.8
524,CHEMBL369778,CCc1ccccc1\C=C\2/CCN3Cc4ccccc4N=C23,5.85
525,CHEMBL183229,CCOc1ccccc1\C=C\2/CCN3Cc4ccccc4N=C23,5.35
526,CHEMBL183052,C1C\C(=C/c2ccccc2c3ccccc3)\C4=Nc5ccccc5CN14,5.54
527,CHEMBL359918,FC(F)(F)Oc1ccccc1\C=C\2/CCN3Cc4ccccc4N=C23,5.5
528,CHEMBL360075,Clc1cccc(Cl)c1\C=C\2/CCN3Cc4ccccc4N=C23,5.75
529,CHEMBL180493,Fc1ccc(\C=C\2/CCN3Cc4ccccc4N=C23)c(Cl)c1,6.03
530,CHEMBL434151,CN(C)c1ccc(\C=C\2/CCN3Cc4ccccc4N=C23)c(Cl)c1,5.85
531,CHEMBL183441,Clc1ccc(\C=C\2/CCN3Cc4ccccc4N=C23)c(Cl)c1,5.77
532,CHEMBL181195,Clc1ccc(\C=C\2/CCN3Cc4ccccc4N=C23)cc1Cl,6.14
533,CHEMBL180721,CCC1C\C(=C/c2ccccc2Cl)\C3=Nc4ccccc4CN13,6.85
534,CHEMBL181984,CCCCC1C\C(=C/c2ccccc2Br)\C3=Nc4ccccc4CN13,6.6
535,CHEMBL362032,Fc1ccc(cc1)C2C\C(=C/c3ccccc3Br)\C4=Nc5ccccc5CN24,5.1
557,CHEMBL180860,CCc1cc(NC(=O)NC[C@@H]2CCCN(CCc3ccc(OC)cc3)C2)cc(c1)c4nnnn4C,6.92
558,CHEMBL180082,CCc1cc(NC(=O)NC[C@@H]2CCCN(CCc3ccc(cc3)N(C)C)C2)cc(c1)c4nnnn4C,6.42
562,CHEMBL180446,CCc1ccccc1\C=C\2/CCN3C(=N)c4ccccc4N=C23,6.44
563,CHEMBL183519,COc1ccc(\C=C\2/CCN3C(=N)c4ccccc4N=C23)cc1,5.41
564,CHEMBL360560,C\N=C\1/N2CC\C(=C/c3ccccc3Br)\C2=Nc4ccccc14,6.51
565,CHEMBL182719,Brc1ccccc1\C=C\2/CCN3\C(=N/C#N)\c4ccccc4N=C23,5.22
567,CHEMBL183520,Brc1ccccc1\C=C\2/CCN3C(=N)c4c(csc4N=C23)C5CC5,6.54
568,CHEMBL361430,CC(C)(C)c1csc2N=C3N(CC/C/3=C\c4ccccc4Br)C(=N)c12,5.92
569,CHEMBL360268,Cc1sc2N=C3N(CC/C/3=C\c4ccccc4Br)C(=N)c2c1C,6.59
570,CHEMBL181367,Brc1ccccc1\C=C\2/CCN3C(=N)c4c5CCCCc5sc4N=C23,6.46
571,CHEMBL183478,Cc1oc2N=C3N(CC/C/3=C\c4ccccc4Br)C(=N)c2c1C,6.57
572,CHEMBL360308,Brc1ccccc1\C=C\2/CCN3C(=N)c4cccnc4N=C23,6.09
573,CHEMBL2113024,Brc1ccccc1\C=C\2/CCN3C(=N)c4nc[nH]c4N=C23,6.08
575,CHEMBL180939,COc1ccccc1CC(=O)N2CCC(CC2)N3CCC(Cc4ccc(Br)cc4)CC3,6.4
576,CHEMBL187779,Cc1ccccc1C(=O)NCC2CCCN(C2)C3CCN(Cc4ccc(Cl)c(Cl)c4)CC3,7.22
577,CHEMBL189158,CC(=O)NCC1CCCN(C1)C2CCN(Cc3ccc(Cl)c(Cl)c3)CC2,6.27
578,CHEMBL191418,Clc1ccc(CN2CCC(CC2)N3CCCC(CNC(=O)C4CCCCC4)C3)cc1Cl,6.97
579,CHEMBL190646,COc1ccccc1C(=O)NCC2CCCN(C2)C3CCN(Cc4ccc(Cl)c(Cl)c4)CC3,7.04
581,CHEMBL189917,Cc1ccccc1CC(=O)NCC2CCCN(C2)C3CCN(Cc4ccc(Cl)c(Cl)c4)CC3,7.07
582,CHEMBL366199,Clc1ccc(CN2CCC(CC2)N3CCCC(CNC(=O)c4ccc5ccccc5c4)C3)cc1Cl,7.32
583,CHEMBL372868,Clc1ccc(CN2CCC(CC2)N3CCCC(CNC(=O)c4cccc5ccccc45)C3)cc1Cl,7.24
584,CHEMBL426089,Clc1ccc(CN2CCC(CC2)N3CCCC(CNC(=O)c4ccc5ncccc5c4)C3)cc1Cl,7.64
587,CHEMBL193354,Clc1ccc(CN2CCC(CC2)N3CCCC(CNC(=O)c4cccc5cccnc45)C3)cc1Cl,7.52
591,CHEMBL189206,Clc1ccc(CN2CCC(CC2)N3CCCC(CNC(=O)c4nccc5ccccc45)C3)cc1Cl,7.47
592,CHEMBL190852,Clc1ccc(CN2CCC(CC2)N3CCCC(CNC(=O)c4ccnc5ccccc45)C3)cc1Cl,7.1
593,CHEMBL190048,Clc1ccc(CN2CCC(CC2)N3CCCC(CNC(=O)c4cnnc5ccccc45)C3)cc1Cl,7.0
594,CHEMBL190436,Clc1ccc(CN2CCC(CC2)N3CCCC(CNC(=O)c4ccc5[nH]ccc5c4)C3)cc1Cl,7.54
595,CHEMBL425548,Clc1ccc(CN2CCC(CC2)N3CCCC(CNC(=O)c4cccc5[nH]ccc45)C3)cc1Cl,7.44
596,CHEMBL366143,Clc1ccc(CN2CCC(CC2)N3CCCC(CNC(=O)c4ccc5[nH]cnc5c4)C3)cc1Cl,7.33
597,CHEMBL190894,Clc1cc(Cl)cc(CN2CCC(CC2)N3CCCC(CNC(=O)c4ccc5ncccc5c4)C3)c1,6.4
599,CHEMBL192584,Clc1ccc(Cl)c(CN2CCC(CC2)N3CCCC(CNC(=O)c4ccc5ncccc5c4)C3)c1,6.41
603,CHEMBL190362,Clc1ccc(CN2CCC(CC2)N3CCCC(CNC(=O)c4ccc5ncccc5c4)C3)cc1,7.02
607,CHEMBL192757,CC(N1CCC(CC1)N2CCCC(CNC(=O)c3ccc4ncccc4c3)C2)c5ccc(Cl)c(Cl)c5,7.13
609,CHEMBL189680,Clc1ccc(CCN2CCC(CC2)N3CCCC(CNC(=O)c4ccc5ncccc5c4)C3)cc1Cl,6.75
613,CHEMBL190312,Clc1ccc(CC(=O)N2CCC(CC2)N3CCCC(CNC(=O)c4ccc5ncccc5c4)C3)cc1Cl,6.12
617,CHEMBL190149,CC1(CCN(Cc2ccc(Cl)c(Cl)c2)CC1)N3CCCC(CNC(=O)c4ccc5ncccc5c4)C3,7.3
619,CHEMBL191464,CC1CN(Cc2ccc(Cl)c(Cl)c2)CCC1N3CCCC(CNC(=O)c4ccc5ncccc5c4)C3,8.14
661,CHEMBL193850,COc1ccccc1CCNCC(N2CCN(CC2)C3CCCCC3)c4ccc(cc4)C(F)(F)F,6.93
662,CHEMBL193507,FC(F)(F)c1ccc(cc1)C(CNCCc2cc(Cl)cc(Cl)c2)N3CCN(CC3)C4CCCCC4,6.89
663,CHEMBL195495,CC(C)CC(CNC(=O)Nc1ccc(C)cc1)N2CCN(CC2)c3ccc(Cl)c(Cl)c3,6.75
664,CHEMBL193938,CC(C)(C)c1ccc(cc1)C(CNCCc2cc(Cl)cc(Cl)c2)N3CCN(CC3)C4CCCCC4,6.65
665,CHEMBL195293,CC(C)(C)c1ccc(cc1)C(CNCCc2ccc(cc2)C(F)(F)F)N3CCN(CC3)C4CCCCC4,6.64
666,CHEMBL426822,CC(C)CC(CNC(=O)Nc1cc(Cl)cc(Cl)c1)N2CCN(CC2)C3CCCCC3,6.53
667,CHEMBL195202,CC(C)CC(CNC(=O)Nc1cc(C)cc(C)c1)N2CCN(CC2)c3ccc(Cl)c(Cl)c3,6.5
668,CHEMBL195610,Cc1ccc(NC(=O)NCC(N2CCN(CC2)C3CCCCC3)c4ccc(cc4)c5ccccc5)cc1,6.5
669,CHEMBL195214,Cc1cc(C)cc(NC(=O)NCC(N2CCN(CC2)C3CCCCC3)c4ccc(cc4)c5ccccc5)c1,6.49
670,CHEMBL194161,COc1ccc(CCNCC(N2CCN(CC2)C3CCCCC3)c4ccc(cc4)C(C)(C)C)cc1,6.46
671,CHEMBL193973,CC(C)(C)c1ccc(CCNCC(N2CCN(CC2)C3CCCCC3)c4ccc(cc4)C(C)(C)C)cc1,6.46
672,CHEMBL365596,CC(C)(C)c1ccc(cc1)C(CNCCc2ccccc2)N3CCN(CC3)C4CCCCC4,6.46
673,CHEMBL427357,COc1ccc(CCNCC(N2CCN(CC2)c3ccccc3)c4ccc(cc4)C(F)(F)F)cc1,6.41
674,CHEMBL193916,CC(C)CC(CNC(=O)Nc1ccc(Cl)cc1)N2CCN(CC2)C3CCCCC3,6.37
675,CHEMBL365806,COc1ccc(CCNCC(N2CCN(CC2)C3CCCCC3)c4ccc(cc4)C(F)(F)F)cc1,6.32
676,CHEMBL195291,FC(F)(F)c1ccc(cc1)C(CNC(=O)Nc2ccccc2)N3CCN(CC3)C4CCCCC4,6.32
677,CHEMBL195657,COc1ccccc1CCNCC(N2CCN(CC2)c3ccccc3)c4ccc(cc4)C(C)(C)C,6.31
678,CHEMBL195081,Cc1cc(C)cc(CCNCC(N2CCN(CC2)C3CCCCC3)c4ccc(cc4)c5ccccc5)c1,6.29
679,CHEMBL193828,Cc1ccc(CCNCC(N2CCN(CC2)C3CCCCC3)c4ccc(cc4)C(F)(F)F)cc1,6.26
680,CHEMBL195406,COc1ccc(cc1)C(CNCCc2ccc(C)cc2)N3CCN(CC3)c4ccccc4,6.22
681,CHEMBL191959,COc1ccc(cc1)C(CNCCc2ccc(cc2)C(C)(C)C)N3CCN(CC3)C4CCCCC4,6.2
682,CHEMBL193633,COc1ccc(CCNCC(N2CCN(CC2)c3ccccc3)c4ccc(cc4)C(C)(C)C)cc1,6.12
683,CHEMBL372858,FC(F)(F)c1ccc(CCNCC(N2CCN(CC2)C3CCCCC3)c4ccc(cc4)C(F)(F)F)cc1,6.11
684,CHEMBL192412,Fc1ccc(CCNCC(N2CCN(CC2)C3CCCCC3)c4ccc(cc4)C(F)(F)F)cc1,6.05
685,CHEMBL194044,COc1ccccc1C(CNC(=O)Nc2cc(Cl)cc(Cl)c2)N3CCN(CC3)C4CCCCC4,6.05
686,CHEMBL194022,COc1ccc(cc1)C(CNC(=O)Nc2ccc(cc2)C(C)(C)C)N3CCN(CC3)C4CCCCC4,6.04
687,CHEMBL193809,COc1ccc(cc1)C(CNCCc2ccc(C)cc2)N3CCN(CC3)C4CCCCC4,6.04
688,CHEMBL363181,COc1ccc(cc1)C(CNCCc2ccc(cc2)C(F)(F)F)N3CCN(CC3)C4CCCCC4,6.03
689,CHEMBL373092,CC(C)(C)c1ccc(cc1)C(CNC(=O)Nc2ccc(cc2)C(F)(F)F)N3CCN(CC3)C4CCCCC4,6.01
690,CHEMBL191696,CN(C)c1ccc(cc1)C(CNC(=O)Nc2cc(Cl)cc(Cl)c2)N3CCN(CC3)C4CCCCC4,6.01
691,CHEMBL192162,COc1ccc(cc1)C(CNC(=O)Nc2ccc(F)cc2)N3CCN(CC3)C4CCCCC4,5.99
692,CHEMBL192751,Cc1ccc(NC(=O)NCC(N2CCN(CC2)C3CCCCC3)c4ccc(cc4)C(F)(F)F)cc1,5.97
693,CHEMBL193975,CN(C)c1ccc(CCNCC(N2CCN(CC2)C3CCCCC3)c4ccc(cc4)C(F)(F)F)cc1,5.97
694,CHEMBL193332,Fc1ccc(NC(=O)NCC(N2CCN(CC2)C3CCCCC3)c4ccc(cc4)C(F)(F)F)cc1,5.96
695,CHEMBL195427,CC(C)(C)c1ccc(cc1)C(CNC(=O)Nc2ccccc2)N3CCN(CC3)C4CCCCC4,5.95
696,CHEMBL194885,Fc1ccc(CCNCC(N2CCN(CC2)c3ccccc3)c4ccc(cc4)C(F)(F)F)cc1,5.92
697,CHEMBL194025,FC(F)(F)c1ccc(NC(=O)NCC(N2CCN(CC2)C3CCCCC3)c4ccc(cc4)C(F)(F)F)cc1,5.88
698,CHEMBL194715,FC(F)(F)c1ccc(NC(=O)NCC(N2CCN(CC2)C3CCCCC3)c4ccccc4)cc1,5.84
699,CHEMBL366231,COc1ccc(cc1)C(CNC(=O)Nc2ccc(cc2)C(F)(F)F)N3CCN(CC3)C4CCCCC4,5.82
700,CHEMBL363409,COc1ccccc1CCNCC(N2CCN(CC2)c3ccccc3)c4ccccc4OC,5.8
701,CHEMBL193991,CN(C)c1ccc(cc1)C(CNCCc2ccc(cc2)C(F)(F)F)N3CCN(CC3)c4ccccc4,5.78
702,CHEMBL193810,COc1ccc(NC(=O)NCC(N2CCN(CC2)C3CCCCC3)c4ccc(cc4)C(F)(F)F)cc1,5.77
703,CHEMBL195353,CN(C)c1ccc(NC(=O)NCC(N2CCN(CC2)C3CCCCC3)c4ccc(cc4)C(C)(C)C)cc1,5.76
704,CHEMBL193656,CN(C)c1ccc(CCNCC(N2CCN(CC2)c3ccccc3)c4ccccc4)cc1,5.75
705,CHEMBL193827,COc1ccc(NC(=O)NCC(N2CCN(CC2)C3CCCCC3)c4ccc(cc4)C(C)(C)C)cc1,5.7
706,CHEMBL365584,CC(C)(C)c1ccc(NC(=O)NCC(N2CCN(CC2)C3CCCCC3)c4ccc(cc4)C(C)(C)C)cc1,5.69
707,CHEMBL193369,COc1ccccc1NC(=O)NCC(N2CCN(C)CC2)c3ccc(cc3)C(F)(F)F,5.48
708,CHEMBL370244,COc1ccccc1C(CNC(=O)Nc2ccc(C)cc2)N3CCN(CC3)c4ccccc4,5.45
709,CHEMBL373158,COc1ccccc1NC(=O)NCC(N2CCN(CC2)C3CCCCC3)c4ccc(cc4)C(F)(F)F,5.44
710,CHEMBL365369,CN1CCN(CC1)C(CNCCc2ccccc2)c3ccc(cc3)C(F)(F)F,5.33
711,CHEMBL194086,Cc1ccc(NC(=O)NCC(N2CCN(CC2)C3CCCCC3)c4ccccc4)cc1,5.27
712,CHEMBL194886,COc1ccccc1CC(=O)NCC(N2CCN(CC2)c3ccccc3)c4ccccc4OC,5.22
713,CHEMBL194026,Fc1ccc(NC(=O)NCC(N2CCN(CC2)C3CCCCC3)c4ccccc4)cc1,5.2
714,CHEMBL191828,CN(C)c1ccc(cc1)C(CNC(=O)Nc2ccc(F)cc2)N3CCN(C)CC3,5.11
715,CHEMBL372725,COc1ccccc1CC(=O)NCC(N2CCN(CC2)c3ccccc3)c4ccc(cc4)C(C)(C)C,5.05
716,CHEMBL193871,COc1ccc(NC(=O)NCC(N2CCN(CC2)C3CCCCC3)c4ccccc4OC)cc1,4.98
717,CHEMBL195197,COc1ccc(cc1)C(CNCCc2ccc(F)cc2)N3CCN(C)CC3,4.93
718,CHEMBL193334,COc1ccc(NC(=O)NCC(N2CCN(CC2)c3ccccc3)c4ccc(cc4)C(F)(F)F)cc1,4.83
719,CHEMBL195093,CN1CCN(CC1)C(CNCCc2ccccc2)c3ccccc3,4.66
720,CHEMBL194070,Cc1ccc(CC(=O)NCC(N2CCN(CC2)c3ccccc3)c4ccccc4)cc1,4.57
721,CHEMBL372493,CN(C)c1ccc(cc1)C(CNC(=O)Cc2ccc(cc2)C(F)(F)F)N3CCN(CC3)c4ccccc4,4.46
722,CHEMBL193818,COc1ccc(cc1)C(CNC(=O)Cc2ccccc2)N3CCN(CC3)c4ccccc4,4.4
723,CHEMBL192384,Clc1cc(Cl)cc(CC(=O)NCC(N2CCN(CC2)C3CCCCC3)c4ccccc4)c1,4.2
724,CHEMBL195480,COc1ccccc1CCNCC(N2CCN(CC2)C3CCCCC3)c4ccc(cc4)C(C)(C)C,6.67
725,CHEMBL191693,CN(C)c1ccc(CCNCC(N2CCN(CC2)C3CCCCC3)c4ccc(cc4)C(C)(C)C)cc1,6.51
726,CHEMBL364047,COc1ccccc1C(CNCCc2cc(Cl)cc(Cl)c2)N3CCN(CC3)C4CCCCC4,6.46
727,CHEMBL194435,CN(C)c1ccc(cc1)C(CNCCc2ccc(C)cc2)N3CCN(CC3)c4ccccc4,6.36
728,CHEMBL194135,FC(F)(F)c1ccc(cc1)C(CNCCc2ccccc2)N3CCN(CC3)C4CCCCC4,6.32
729,CHEMBL193535,CN(C)c1ccc(CCNCC(N2CCN(CC2)c3ccccc3)c4ccc(cc4)C(F)(F)F)cc1,6.22
730,CHEMBL372496,COc1ccc(cc1)C(CNCCc2ccccc2)N3CCN(CC3)C4CCCCC4,5.98
731,CHEMBL191719,CC(C)(C)c1ccc(cc1)C(CNC(=O)Nc2ccc(F)cc2)N3CCN(CC3)C4CCCCC4,5.95
732,CHEMBL193931,Clc1cc(Cl)cc(NC(=O)NCC(N2CCN(CC2)C3CCCCC3)c4ccccc4)c1,5.9
733,CHEMBL194040,FC(F)(F)c1ccc(CCNCC(N2CCN(CC2)C3CCCCC3)c4ccccc4)cc1,5.88
734,CHEMBL434918,COc1ccc(cc1)C(CNC(=O)Nc2ccc(C)cc2)N3CCN(CC3)C4CCCCC4,5.65
735,CHEMBL192045,CN(C)c1ccc(cc1)C(CNC(=O)Nc2cc(Cl)cc(Cl)c2)N3CCN(C)CC3,5.42
736,CHEMBL191824,CN1CCN(CC1)C(CNC(=O)Nc2cc(Cl)cc(Cl)c2)c3ccc(cc3)C(F)(F)F,5.29
737,CHEMBL192066,COc1ccccc1C(CNC(=O)Nc2ccc(F)cc2)N3CCN(CC3)C4CCCCC4,5.27
738,CHEMBL193592,Fc1ccc(NC(=O)NCC(N2CCN(CC2)c3ccccc3)c4ccccc4)cc1,5.26
739,CHEMBL192385,Cc1ccc(NC(=O)NCC(N2CCN(CC2)c3ccccc3)c4ccccc4)cc1,5.1
740,CHEMBL195488,CN1CCN(CC1)C(CNCCc2ccc(cc2)C(F)(F)F)c3ccccc3,5.05
741,CHEMBL195533,COc1ccc(NC(=O)NCC(N2CCN(CC2)C3CCCCC3)c4ccccc4)cc1,5.01
742,CHEMBL194943,CC(C)(C)c1ccc(cc1)C(CNC(=O)Cc2ccc(cc2)C(F)(F)F)N3CCN(CC3)C4CCCCC4,4.99
743,CHEMBL193732,CN1CCN(CC1)C(CNC(=O)Nc2ccc(C)cc2)c3ccc(cc3)C(F)(F)F,4.97
744,CHEMBL195473,CC(C)(C)c1ccc(cc1)C(CNC(=O)Cc2ccccc2)N3CCN(CC3)c4ccccc4,4.95
745,CHEMBL425377,CN1CCN(CC1)C(CNCCc2ccc(C)cc2)c3ccccc3,4.94
780,CHEMBL2105686,CCCCOCCOc1ccc(cc1)c2ccc3N(CC(C)C)CCC\C(=C/c3c2)\C(=O)Nc4ccc(cc4)[S+]([O-])Cc5cncn5CCC.CS(=O)(=O)O,5.62
787,CHEMBL220866,O=C(NCCC[C@@H]1C[C@H](Cc2ccccc2)CCN1)Nc3cccc(c3)C#N,6.41
791,CHEMBL217928,CC(=O)c1cc(NC(=O)NCCC[C@H]2C[C@H](Cc3ccc(F)cc3)CCN2CC(F)(F)F)cc(c1)C(=O)C,5.86
809,CHEMBL220800,O=C(NCCCC[C@H]1C[C@H](Cc2ccccc2)CCN1)Nc3cccc(c3)C#N,6.85
810,CHEMBL221901,O=C(NCC[C@H]1C[C@H](Cc2ccccc2)CCN1)Nc3cccc(c3)C#N,6.73
818,CHEMBL248178,CN1N(C(=O)C(=C1C)CN(CCCCc2ccccc2)C3CCN(CC3)C(=O)c4cccc5ccccc45)c6ccccc6,6.8
819,CHEMBL392430,CN1N(C(=O)C(=C1C)CN(CCc2ccc(Cl)cc2)C3CCN(CC3)C(=O)c4cccc[n+]4[O-])c5ccc(F)cc5,6.7
820,CHEMBL246769,CN1N(C(=O)C(=C1C)CN(CCc2ccc(N)cc2)C3CCN(CC3)C(=O)c4c(F)cccc4F)c5ccc(F)cc5,5.6
824,CHEMBL245956,CN1N(C(=O)C(=C1C)CN(CCc2ccccn2)C3CCN(CC3)C(=O)c4c(F)cccc4F)c5ccc(F)cc5,6.0
825,CHEMBL397853,CN1N(C(=O)C(=C1C)CN(CCc2cccnc2)C3CCN(CC3)C(=O)c4c(F)cccc4F)c5ccc(F)cc5,5.6
827,CHEMBL246768,CN1N(C(=O)C(=C1C)CN(CCc2ccc(F)cc2)C3CCN(CC3)C(=O)c4c(F)cccc4F)c5ccc(F)cc5,6.7
828,CHEMBL246766,COc1ccncc1N2N(C)C(=C(CN(CCc3ccc(Cl)cc3)C4CCN(CC4)C(=O)c5c(F)cccc5F)C2=O)C,6.6
831,CHEMBL392405,CN1N(C(=O)C(=C1C)CN(CCc2ccc(Cl)cc2)C3CCN(CC3)C(=O)c4c(F)cccc4F)c5ccc(NC(=O)C)cc5,6.4
832,CHEMBL246348,CN1N(C(=O)C(=C1C)CN(CCc2ccc(Cl)cc2)C3CCN(CC3)C(=O)c4c(F)cccc4F)c5ccc(cc5)C(=O)O,5.6
835,CHEMBL246346,CN1N(C(=O)C(=C1C)CN(CCc2ccc(Cl)cc2)C3CCN(CC3)C(=O)c4c(F)cccc4F)c5ccc(cc5)C#N,6.8
849,CHEMBL246804,Cc1cc(Br)ccc1CNC[C@H](NC(=O)CNC(=O)c2cccc(c2N)C(F)(F)F)C(=O)NC(C)(C)C,5.82
852,CHEMBL247455,CC(C)NC(=O)Nc1ccc(cc1C(=O)NCC(=O)N[C@@H](CNCc2ccc(C)cc2C)C(=O)NC(C)(C)C)C(F)(F)F,5.0
856,CHEMBL247245,Cc1ccc(CNC[C@H](NC(=O)CNC(=O)c2cc(ccc2N)C(F)(F)F)C(=O)NC(C)(C)C)c(C)c1,6.13
941,CHEMBL252628,C[C@@H](NC(=O)Nc1cccc(c1)c2nnnn2C)[C@@H](O)CN(C)[C@H](C)[C@@H](O)c3ccccc3,6.62
943,CHEMBL252221,C[C@@H](NC(=O)Nc1cccc(c1)c2nnnn2C)[C@@H](O)CN(C)[C@H](C)[C@H](O)c3ccccc3,6.24
952,CHEMBL398344,CCc1cc(NC(=O)N[C@H](C)[C@@H](O)CN(CCCc2ccc(F)cc2)CC34CC5CC(CC(C5)C3)C4)cc(c1)c6nnnn6C,6.68
960,CHEMBL252610,C[C@@H](NC(=O)Nc1cccc(c1)c2nnnn2C)[C@@H](O)CN(CCCc3ccc(F)cc3)CC45CC6CC(CC(C6)C4)C5,6.38
1094,CHEMBL412072,CC1(CCN(Cc2ccc3cc(F)ccc3c2)CC1)NC(=O)c4ccccc4c5ccccc5,5.55
1096,CHEMBL214726,Fc1ccc2cc(CN3CCC(CC3)NC(=O)c4ccccc4)ccc2c1,5.89
1097,CHEMBL409830,Fc1ccc2cc(CN3CCC(CC3)NC(=O)c4ccccc4c5ccccc5)ccc2c1,7.42
1098,CHEMBL412061,Fc1ccc2cc(CN3CCC(CC3)NC(=O)c4cccc(Oc5ccccc5)c4)ccc2c1,5.96
1099,CHEMBL410041,Fc1ccc2cc(CN3CCC(CC3)NC(=O)c4ccccc4Oc5ccccc5)ccc2c1,7.02
1100,CHEMBL259409,COc1ccc(cc1)C(=O)NC2CCN(Cc3ccc4cc(F)ccc4c3)CC2,5.62
1101,CHEMBL406296,COc1cccc(c1)C(=O)NC2CCN(Cc3ccc4cc(F)ccc4c3)CC2,5.46
1102,CHEMBL260649,COc1ccccc1C(=O)NC2CCN(Cc3ccc4cc(F)ccc4c3)CC2,6.14
1103,CHEMBL408407,Fc1ccc(cc1)C(=O)NC2CCN(Cc3ccc4cc(F)ccc4c3)CC2,6.19
1104,CHEMBL406468,Fc1cccc(c1)C(=O)NC2CCN(Cc3ccc4cc(F)ccc4c3)CC2,6.17
1105,CHEMBL261574,Fc1ccc2cc(CN3CCC(CC3)NC(=O)c4ccccc4F)ccc2c1,5.54
1106,CHEMBL258997,Fc1ccc2cc(CN3CCC(CC3)OC(=O)Nc4ccccc4)ccc2c1,5.32
1107,CHEMBL408486,Fc1ccc2cc(CN3CCC(CC3)NC(=O)\C=C\c4ccccc4)ccc2c1,5.01
1108,CHEMBL260899,CN(C1CCN(Cc2ccc3cc(F)ccc3c2)CC1)C(=O)c4ccccc4,6.09
1109,CHEMBL260900,Fc1ccc2cc(CN3CCC(CC3)C(=O)Nc4ccccc4)ccc2c1,5.77
1110,CHEMBL258790,Fc1ccc2cc(CN3CCC(CC3)NS(=O)(=O)c4ccccc4)ccc2c1,6.08
1111,CHEMBL408368,Fc1ccc2cc(CN3CCC(CC3)NCc4ccccc4)ccc2c1,6.22
1112,CHEMBL262588,Fc1ccc(\C=C\CN2CCC(CC2)NC(=O)c3ccccc3)cc1,5.47
1122,CHEMBL258996,Fc1ccc2cc(CN3[C@H]4CC[C@H]3CC(C4)NC(=O)c5ccccc5c6ccccc6)ccc2c1,7.7
1150,CHEMBL522295,Fc1ccc2cc(CN3C4CCC3CC(C4)NC(=O)c5ccccc5c6ccccc6)ccc2c1,7.7
1151,CHEMBL3084563,Fc1ccc2cc(CN3[C@@H]4CC[C@H]3C[C@@H](C4)NC(=O)c5ccccc5c6ccncc6)ccc2c1,6.21
1152,CHEMBL3084564,Fc1ccc2cc(CN3[C@@H]4CC[C@H]3C[C@@H](C4)NC(=O)c5ccccc5c6cccnc6)ccc2c1,7.54
1153,CHEMBL3084573,Fc1ccc2cc(CN3[C@@H]4CC[C@H]3C[C@@H](C4)NC(=O)c5ccccc5c6ccccn6)ccc2c1,7.24
1154,CHEMBL3084359,OC(=O)\C=C\C(=O)O.Fc1ccc2cc(CN3[C@@H]4CC[C@H]3C[C@@H](C4)NC(=O)c5ccccc5c6cncnc6)ccc2c1,7.03
1155,CHEMBL3084565,Fc1ccc2cc(CN3[C@@H]4CC[C@H]3C[C@@H](C4)NC(=O)c5ccccc5c6nccs6)ccc2c1,7.05
1156,CHEMBL3084566,Fc1ccc2cc(CN3[C@@H]4CC[C@H]3C[C@@H](C4)NC(=O)c5ccccc5n6cccc6)ccc2c1,6.66
1157,CHEMBL3084574,Fc1ccc2cc(CN3[C@@H]4CC[C@H]3C[C@@H](C4)NC(=O)c5ccccc5n6ccnc6)ccc2c1,6.66
1158,CHEMBL3084575,Fc1ccc2cc(CN3[C@@H]4CC[C@H]3C[C@@H](C4)NC(=O)c5ccccc5OC6CCCCC6)ccc2c1,6.93
1159,CHEMBL3084576,Fc1ccc2cc(CN3[C@@H]4CC[C@H]3C[C@@H](C4)NC(=O)c5ccccc5N6CCCCC6)ccc2c1,6.55
1160,CHEMBL3084577,CN(C1CCCCC1)C(=O)c2ccccc2C(=O)N[C@@H]3C[C@H]4CC[C@@H](C3)N4Cc5ccc6cc(F)ccc6c5,7.36
1161,CHEMBL3084567,Fc1ccc2cc(CN3[C@@H]4CC[C@H]3C[C@@H](C4)NC(=O)c5ccccc5C(=O)N6CCCCC6)ccc2c1,7.64
1162,CHEMBL3084568,CN1CCN(CC1)C(=O)c2ccccc2C(=O)N[C@@H]3C[C@H]4CC[C@@H](C3)N4Cc5ccc6cc(F)ccc6c5,6.32
1163,CHEMBL3084569,Fc1ccc2cc(CN3[C@@H]4CC[C@H]3C[C@@H](C4)NC(=O)c5ccccc5C(=O)N6CCOCC6)ccc2c1,6.17
1164,CHEMBL3084578,Fc1ccc2cc(CN3[C@@H]4CC[C@H]3C[C@@H](C4)NC(=O)c5ccccc5C(=O)N6CCCC6)ccc2c1,6.65
1165,CHEMBL3084579,Fc1ccc2cc(CN3[C@@H]4CC[C@H]3C[C@@H](C4)NC(=O)c5ccccc5C(=O)N6CCCCCC6)ccc2c1,7.92
1167,CHEMBL3084570,Fc1ccc2cc(CN3[C@@H]4CC[C@H]3C[C@@H](C4)NC(=O)c5cccnc5C(=O)N6CCCCC6)ccc2c1,7.01
1168,CHEMBL3084571,Fc1ccc2cc(CN3[C@@H]4CC[C@H]3C[C@@H](C4)NC(=O)c5ccncc5C(=O)N6CCCCC6)ccc2c1,7.89
1169,CHEMBL3084572,Fc1ccc2cc(CN3[C@@H]4CC[C@H]3C[C@@H](C4)NC(=O)c5cnccc5C(=O)N6CCCCC6)ccc2c1,7.07
1170,CHEMBL3084580,Fc1ccc2cc(CN3[C@@H]4CC[C@H]3C[C@@H](C4)NC(=O)c5ncccc5C(=O)N6CCCCC6)ccc2c1,6.88
1171,CHEMBL3084581,[O-][n+]1ccc(C(=O)N[C@@H]2C[C@H]3CC[C@@H](C2)N3Cc4ccc5cc(F)ccc5c4)c(c1)C(=O)N6CCCCC6,7.64
1230,CHEMBL551735,Oc1ccccc1C(=O)N2CCC(=CC(=O)N[C@@H]3CCN(Cc4ccc5cc(F)ccc5c4)C3)CC2,8.08
1235,CHEMBL560275,Cc1ccc(C(=O)N2CCC(=CC(=O)N[C@@H]3CCN(Cc4ccc5cc(F)ccc5c4)C3)CC2)c(O)c1,9.01
1236,CHEMBL564022,Oc1cc(Cl)ccc1C(=O)N2CCC(=CC(=O)N[C@@H]3CCN(Cc4ccc5cc(F)ccc5c4)C3)CC2,8.13
1237,CHEMBL561740,Oc1cc(F)ccc1C(=O)N2CCC(=CC(=O)N[C@@H]3CCN(Cc4ccc5cc(F)ccc5c4)C3)CC2,8.22
1238,CHEMBL562922,COc1cccc(O)c1C(=O)N2CCC(=CC(=O)N[C@@H]3CCN(Cc4ccc5cc(F)ccc5c4)C3)CC2,7.35
1239,CHEMBL562574,COc1ccc(O)c(c1)C(=O)N2CCC(=CC(=O)N[C@@H]3CCN(Cc4ccc5cc(F)ccc5c4)C3)CC2,7.85
1240,CHEMBL561535,COc1ccc(C(=O)N2CCC(=CC(=O)N[C@@H]3CCN(Cc4ccc5cc(F)ccc5c4)C3)CC2)c(O)c1,8.48
1241,CHEMBL565165,COc1cccc(C(=O)N2CCC(=CC(=O)N[C@@H]3CCN(Cc4ccc5cc(F)ccc5c4)C3)CC2)c1O,7.42
1242,CHEMBL562923,Oc1ccc(cc1)C(=O)N2CCC(=CC(=O)N[C@@H]3CCN(Cc4ccc5cc(F)ccc5c4)C3)CC2,8.29
1243,CHEMBL556916,Oc1cccc(c1)C(=O)N2CCC(=CC(=O)N[C@@H]3CCN(Cc4ccc5cc(F)ccc5c4)C3)CC2,8.3
1244,CHEMBL551739,Fc1ccc2cc(CN3CC[C@H](C3)NC(=O)C=C4CCN(CC4)C(=O)c5ccc6OCOc6c5)ccc2c1,8.8
1245,CHEMBL560995,COc1ccc(cc1OC)C(=O)N2CCC(=CC(=O)N[C@@H]3CCN(Cc4ccc5cc(F)ccc5c4)C3)CC2,8.44
1246,CHEMBL551738,COc1ccc(cc1)C(=O)N2CCC(=CC(=O)N[C@@H]3CCN(Cc4ccc5cc(F)ccc5c4)C3)CC2,8.75
1247,CHEMBL557118,COc1cccc(c1)C(=O)N2CCC(=CC(=O)N[C@@H]3CCN(Cc4ccc5cc(F)ccc5c4)C3)CC2,8.24
1248,CHEMBL556227,COc1ccccc1C(=O)N2CCC(=CC(=O)N[C@@H]3CCN(Cc4ccc5cc(F)ccc5c4)C3)CC2,8.29
1249,CHEMBL550464,Fc1ccc(cc1)C(=O)N2CCC(=CC(=O)N[C@@H]3CCN(Cc4ccc5cc(F)ccc5c4)C3)CC2,7.66
1250,CHEMBL563536,Fc1cccc(c1)C(=O)N2CCC(=CC(=O)N[C@@H]3CCN(Cc4ccc5cc(F)ccc5c4)C3)CC2,7.92
1251,CHEMBL556500,Fc1ccc2cc(CN3CC[C@H](C3)NC(=O)C=C4CCN(CC4)C(=O)c5ccccc5F)ccc2c1,8.32
1252,CHEMBL550255,CC(=O)N1CCC(=CC(=O)N[C@@H]2CCN(Cc3ccc4cc(F)ccc4c3)C2)CC1,6.8
1253,CHEMBL563189,Fc1ccc2cc(CN3CC[C@H](C3)NC(=O)C=C4CCN(CC4)C(=O)c5ccccc5)ccc2c1,8.36
1254,CHEMBL563303,Fc1ccc2cc(CN3CC[C@H](C3)NC(=O)\C=C\C4CCN(CC4)C(=O)c5ccccc5)ccc2c1,6.05
1255,CHEMBL560135,Fc1ccc2cc(CN3CC[C@H](C3)NC(=O)C=C4CCC(CC4)Oc5ccccc5)ccc2c1,6.68
1256,CHEMBL551205,Fc1ccc2cc(CN3CCC(CC3)NC(=O)NS(=O)(=O)c4ccccc4)ccc2c1,5.7
1257,CHEMBL563019,Fc1ccc2cc(CN3CC[C@H](C3)NC(=O)NS(=O)(=O)c4ccccc4)ccc2c1,6.6
1259,CHEMBL560198,Fc1ccc2cc(CN3CC[C@H](C3)NC(=O)\C=C\c4ccccc4)ccc2c1,7.0
1260,CHEMBL557936,Fc1ccc2cc(CN3CCC(CC3)NC(=O)Cc4ccccc4)ccc2c1,6.52
1261,CHEMBL549514,Fc1ccc2cc(CN3CC[C@H](C3)NC(=O)Cc4ccccc4)ccc2c1,6.77
1263,CHEMBL551134,Fc1ccc(cc1)C(=O)N[C@@H]2CCN(Cc3ccc4cc(F)ccc4c3)C2,6.64
1264,CHEMBL562475,Fc1ccc2cc(CN3CC[C@H](C3)NC(=O)c4ccccc4c5ccccc5)ccc2c1,6.85
1265,CHEMBL563319,Fc1ccc2cc(CN3CC[C@@H](C3)NC(=O)c4ccccc4c5ccccc5)ccc2c1,5.6
1266,CHEMBL561941,Fc1ccc2cc(CN3CCC(C3)C(=O)c4ccccc4c5ccccc5)ccc2c1,6.5
1267,CHEMBL549302,Fc1ccc2cc(CN3CCCC(C3)NC(=O)c4ccccc4c5ccccc5)ccc2c1,6.26
1289,CHEMBL1910161,Fc1ccc(cc1)C2CCN(CCCNC(=O)C3=Cc4cc(Br)ccc4OCC3)CC2,6.0
1293,CHEMBL1910167,COc1ccc(OC)c(c1)S(=O)(=O)N2CCC(CN3CCC(Cc4ccc(F)cc4)CC3)CC2,5.92
1297,CHEMBL2057491,Fc1ccc2cc(CN3[C@@H]4CC[C@@H]3CC(C4)NC(=O)c5ccccc5c6ccccc6)ccc2c1,7.7
1298,CHEMBL2057490,Fc1ccc2C(=O)N(CCc2c1)C(=O)NCCCN3CCC(CC3)C(c4ccccc4)c5ccccc5,6.72
1299,CHEMBL2057489,Cc1nnc2N(CCCN3CCN(CC3)C(c4ccccc4)c5ccccc5)C(=O)c6ccccc6n12,6.22
1300,CHEMBL2057746,Fc1ccc2CN(CCc2c1)C(=O)NC3C[C@H]4CC[C@H](C3)N4Cc5ccc6cc(F)ccc6c5,6.11
1301,CHEMBL2057747,Fc1ccc2cc(CN3[C@@H]4CC[C@@H]3CC(C4)NC(=O)N5CCC6(CC5)N(CNC6=O)c7ccccc7)ccc2c1,7.23
1302,CHEMBL2057748,CN1CN(c2ccccc2)C3(CCN(CC3)C(=O)NC4C[C@H]5CC[C@H](C4)N5Cc6ccc7cc(F)ccc7c6)C1=O,6.44
1303,CHEMBL2057749,Fc1ccc2cc(CN3[C@@H]4CC[C@@H]3CC(C4)NC(=O)N5CCC(CC5)N6C(=O)Nc7ccccc67)ccc2c1,7.28
1304,CHEMBL2057750,Fc1ccc2cc(CN3[C@@H]4CC[C@@H]3CC(C4)NC(=O)N5CCC(CC5)N6C(=O)Nc7c(F)cccc67)ccc2c1,7.36
1305,CHEMBL2057751,Nc1ccc2N(C3CCN(CC3)C(=O)NC4C[C@H]5CC[C@H](C4)N5Cc6ccc7cc(F)ccc7c6)C(=O)Nc2c1,8.1
1306,CHEMBL2057752,Fc1ccc(cc1)C(=O)N2CCCN(CC2)C(=O)NC3C[C@H]4CC[C@H](C3)N4Cc5ccc6cc(F)ccc6c5,6.51
1307,CHEMBL2057753,Nc1ccc(cc1)C(=O)N2CCCN(CC2)C(=O)NC3C[C@H]4CC[C@H](C3)N4Cc5ccc6cc(F)ccc6c5,6.42
1308,CHEMBL2057754,Fc1ccc2cc(CN3[C@@H]4CC[C@@H]3CC(C4)NC(=O)N5CCCN(CC5)C(=O)c6c(Cl)cccc6Cl)ccc2c1,7.21
1309,CHEMBL2057755,Oc1cccc(F)c1C(=O)N2CCCN(CC2)C(=O)NC3C[C@H]4CC[C@H](C3)N4Cc5ccc6cc(F)ccc6c5,7.29
1310,CHEMBL2057756,Fc1ccc2cc(CN3[C@@H]4CC[C@@H]3CC(C4)NC(=O)N5CCCN(Cc6c(Cl)cccc6Cl)CC5)ccc2c1,7.75
1311,CHEMBL2057757,Fc1ccc2cc(CN3[C@@H]4CC[C@@H]3CC(C4)NC(=O)N5CCN(CC5)C(=O)c6c(Cl)cccc6Cl)ccc2c1,5.8
1312,CHEMBL2057758,Oc1ccc(cc1)C(=O)N2CCCN(CC2)C(=O)NC3C[C@H]4CC[C@H](C3)N4Cc5ccc6cc(F)ccc6c5,6.36
1313,CHEMBL2057759,Oc1ccccc1C(=O)N2CCCN(CC2)C(=O)NC3C[C@H]4CC[C@H](C3)N4Cc5ccc6cc(F)ccc6c5,7.2
1314,CHEMBL2057760,Fc1ccc2cc(CN3[C@@H]4CC[C@@H]3CC(C4)NC(=O)N5CCCN(CC5)C(=O)C6(CC6)c7ccccc7)ccc2c1,7.35
1315,CHEMBL2057761,Fc1ccc2cc(CN3[C@@H]4CC[C@@H]3CC(C4)NC(=O)N5CCCN(CC5)S(=O)(=O)c6ccccc6)ccc2c1,7.25
1316,CHEMBL2057762,Fc1ccc2cc(CN3[C@@H]4CC[C@@H]3CC(C4)NC(=O)N5CCC[C@H]5C(=O)Nc6ccccc6)ccc2c1,6.62
1317,CHEMBL2057763,Fc1ccc2cc(CN3[C@@H]4CC[C@@H]3CC(C4)NC(=O)N5CCC[C@H]5C(=O)Nc6ccccc6Br)ccc2c1,7.89
1318,CHEMBL2057764,Fc1ccc2cc(CN3[C@@H]4CC[C@@H]3CC(C4)NC(=O)N5CCC[C@H]5C(=O)Nc6cccc(Br)c6)ccc2c1,6.96
1319,CHEMBL2057765,Fc1ccc2cc(CN3[C@@H]4CC[C@@H]3CC(C4)NC(=O)N5CCC[C@H]5C(=O)Nc6ccc(Br)cc6)ccc2c1,6.04
1320,CHEMBL2057766,Fc1ccc2cc(CN3[C@@H]4CC[C@@H]3CC(C4)NC(=O)N5CCC[C@H]5C(=O)Nc6ccccc6F)ccc2c1,7.89
1321,CHEMBL2058070,Fc1ccc2cc(CN3[C@@H]4CC[C@@H]3CC(C4)NC(=O)N5CCC[C@H]5C(=O)Nc6ccccc6Cl)ccc2c1,7.54
1322,CHEMBL2058071,[O-][N+](=O)c1ccccc1NC(=O)[C@@H]2CCCN2C(=O)NC3C[C@H]4CC[C@H](C3)N4Cc5ccc6cc(F)ccc6c5,8.31
1323,CHEMBL2058072,COc1ccccc1NC(=O)[C@@H]2CCCN2C(=O)NC3C[C@H]4CC[C@H](C3)N4Cc5ccc6cc(F)ccc6c5,7.51
1324,CHEMBL2058073,CC(C)c1ccccc1NC(=O)[C@@H]2CCCN2C(=O)NC3C[C@H]4CC[C@H](C3)N4Cc5ccc6cc(F)ccc6c5,7.52
1339,CHEMBL2160099,OCCOc1ccccc1NC(=O)N[C@@H]2CCN(Cc3ccc4cc(F)ccc4c3)C2,9.06
1341,CHEMBL2160106,NC(=O)COc1ccccc1NC(=O)N[C@@H]2CCN(Cc3ccc4cc(F)ccc4c3)C2,7.36
1342,CHEMBL2160105,CN(C)CCOc1ccccc1NC(=O)N[C@@H]2CCN(Cc3ccc4cc(F)ccc4c3)C2,7.36
1343,CHEMBL2160104,OCCOc1cccc(NC(=O)N[C@@H]2CCN(Cc3ccc4cc(F)ccc4c3)C2)c1,6.72
1344,CHEMBL2160103,OCCCOc1ccccc1NC(=O)N[C@@H]2CCN(Cc3ccc4cc(F)ccc4c3)C2,7.3
1345,CHEMBL2160102,OCCOCc1ccccc1NC(=O)N[C@@H]2CCN(Cc3ccc4cc(F)ccc4c3)C2,6.96
1346,CHEMBL2160101,COCCOc1ccccc1NC(=O)N[C@@H]2CCN(Cc3ccc4cc(F)ccc4c3)C2,7.15
1347,CHEMBL2160100,OCCOCCOc1ccccc1NC(=O)N[C@@H]2CCN(Cc3ccc4cc(F)ccc4c3)C2,7.55
1349,CHEMBL2160098,OCCCc1ccccc1NC(=O)N[C@@H]2CCN(Cc3ccc4cc(F)ccc4c3)C2,7.29
1350,CHEMBL2160097,COCc1ccccc1NC(=O)N[C@@H]2CCN(Cc3ccc4cc(F)ccc4c3)C2,7.64
1351,CHEMBL2159869,CN(C)C(=O)COc1ccccc1NC(=O)N[C@@H]2CCN(Cc3ccc4cc(F)ccc4c3)C2,7.62
1352,CHEMBL2159868,OCCOc1ccc(NC(=O)N[C@@H]2CCN(Cc3ccc4cc(F)ccc4c3)C2)cc1,7.92
1353,CHEMBL2159867,OCCCCOc1ccccc1NC(=O)N[C@@H]2CCN(Cc3ccc4cc(F)ccc4c3)C2,8.0
1354,CHEMBL2159866,OCCc1ccccc1NC(=O)N[C@@H]2CCN(Cc3ccc4cc(F)ccc4c3)C2,7.36
1355,CHEMBL2159865,Fc1ccc2cc(CN3CC[C@H](C3)NC(=O)Nc4ccccc4)ccc2c1,7.3
1356,CHEMBL2159864,Fc1ccc2cc(CN3CC[C@H](C3)NC(=O)NC4CCCCC4)ccc2c1,7.39
1357,CHEMBL2159863,CS(=O)(=O)N1CCC(CC1)NC(=O)N[C@@H]2CCN(Cc3ccc4cc(F)ccc4c3)C2,7.85
1358,CHEMBL2160111,Oc1ccccc1S(=O)(=O)N2CCC(CC2)NC(=O)N[C@@H]3CCN(Cc4ccc5cc(F)ccc5c4)C3,8.62
1359,CHEMBL2160110,Oc1ccccc1S(=O)(=O)N2CCC(CC2)NC(=O)N3CCCN(Cc4ccc5cc(F)ccc5c4)CC3,7.6
1360,CHEMBL2160109,Fc1ccc2cc(CN3CCCN(CC3)C(=O)NC4CCN(Cc5ccccc5)CC4)ccc2c1,6.42
1361,CHEMBL2160108,Fc1ccc2cc(CN3CCC4(CC3)OC(=O)N(Cc5ccccc5)c6ccccc46)ccc2c1,5.7
1362,CHEMBL2160107,Fc1ccc2cc(CN3CCC4(CC3)CCN(CCc5ccccc5)C4=O)ccc2c1,6.22
1396,CHEMBL2158834,OC(=O)c1cccnc1N2CCC(CN3CCC(CC3)Oc4ccc(Cl)c(Cl)c4)CC2,6.2
1397,CHEMBL2158833,OC(=O)c1ccc(CN2CCC(CN3CCC(CC3)Oc4ccc(Cl)c(Cl)c4)CC2)cc1,6.2
1398,CHEMBL2158832,OC(=O)c1cccc(CN2CCC(CN3CCC(CC3)Oc4ccc(Cl)c(Cl)c4)CC2)c1,6.6
1406,CHEMBL2158824,OC(=O)c1ccc(cc1)N2CCC(CN3CCC(CC3)Oc4ccc(Cl)c(Cl)c4)CC2,6.8
1413,CHEMBL2158817,OC(=O)C(N1CCO[C@@H](CN2CCC(CC2)Oc3ccc(Cl)c(Cl)c3)C1)c4ccccc4,6.9
1422,CHEMBL2171215,Clc1ccc(OC2CCN(CC2)C3CCN(CC3)C(=O)NS(=O)(=O)Cc4ccccc4)cc1Cl,6.8
1423,CHEMBL2171050,Cc1ccc(cc1)S(=O)(=O)NC(=O)N2CCC(CC2)N3CCC(CC3)Oc4ccc(F)c(F)c4,6.2
1424,CHEMBL2171049,Cc1ccc(cc1)S(=O)(=O)NC(=O)N2CCC(CC2)N3CCC(CC3)Oc4ccc(Cl)cc4,6.9
1431,CHEMBL2171042,Cc1cccc(c1)S(=O)(=O)NC(=O)N2CCC(CC2)N3CCC(CC3)Oc4ccc(Cl)c(Cl)c4,6.9
1442,CHEMBL2171032,CS(=O)(=O)c1cccc(c1)C(=O)N2CC[C@H]([C@@H](C2)C(=O)O)N3CCC(CC3)Oc4ccc(Cl)c(Cl)c4,6.4
1443,CHEMBL2171031,Cc1ccc(cc1)C(=O)N2CCC(CC2)N3CC[C@H](C[C@H]3C(=O)O)Oc4ccc(Cl)c(C)c4Cl,5.6
1444,CHEMBL2171030,Cc1ccc(cc1)C(=O)N2CCC(CC2)N3CC[C@@H](C[C@@H]3C(=O)O)Oc4ccc(Cl)c(C)c4Cl,6.2
1445,CHEMBL2171029,OC(=O)CCCCn1nnc(n1)c2ccc(cc2)C(=O)N3CCC(CC3)N4CCC(CC4)Oc5ccc(Cl)c(Cl)c5,6.4
1446,CHEMBL2171028,OC(=O)CCNc1ccccc1C(=O)N2CCC(CC2)N3CCC(CC3)Oc4ccc(Cl)c(Cl)c4,6.3
1448,CHEMBL2171026,Clc1ccc(OC2CCN(CC2)C3CCN(CC3)C(=O)c4ccc(cc4)c5nn[nH]n5)cc1Cl,6.7
1449,CHEMBL2171025,Clc1ccc(OC2CCN(CC2)C3CCN(CC3)C(=O)c4ccc(cc4)C5=NOC(=O)N5)cc1Cl,6.5
1450,CHEMBL2171024,OC(=O)c1cccc(c1)C(=O)N2CCC(CC2)N3CCC(CC3)Oc4ccc(Cl)c(Cl)c4,6.7
1451,CHEMBL2171023,OC(=O)c1ccccc1C(=O)N2CCC(CC2)N3CCC(CC3)Oc4ccc(Cl)c(Cl)c4,6.6
1452,CHEMBL2171022,OC(=O)COc1cccc(c1)C(=O)N2CCC(CC2)N3CCC(CC3)Oc4ccc(Cl)c(Cl)c4,6.6
1457,CHEMBL2171017,COc1ccc(cc1Cl)C(=O)NCCN2CCN(Cc3ccc(Cl)c(Cl)c3)CC2,5.3
1459,CHEMBL2178580,Cc1ccc(nn1)C(=O)N2CCC(=CC(=O)N[C@@H]3CCN(Cc4ccc5cc(F)ccc5c4)C3)CC2,8.75
1550,CHEMBL3355947,CCc1[nH]c2cc(OC)ccc2c1C3CCN(CCCSc4ccc(F)cc4)CC3,6.72
1551,CHEMBL3355948,CCc1[nH]c2cc(ccc2c1C3CCN(CCCSc4ccc(F)cc4)CC3)C(=O)N,6.51
1552,CHEMBL3355949,CCc1[nH]c2cc(ccc2c1C3CCN(CCCSc4ccc(F)cc4)CC3)C(=O)O,5.4
1558,CHEMBL3355955,CCc1c(C2CCN(CCCSc3ccc(F)cc3)CC2)c4ccc(F)cc4n1Cc5ccc(cc5)C(=O)O,5.16
1561,CHEMBL3355958,CCOC(=O)c1ccc(cc1)n2c(CC)c(C3CCN(CCCSc4ccc(F)cc4)CC3)c5ccc(F)cc25,6.92
1574,CHEMBL3355937,CCc1[nH]c2cc(F)ccc2c1C3CCN(CCCSc4ccc(cc4)C(=O)N)CC3,6.35
1578,CHEMBL3355941,CCOC(=O)c1[nH]c2cc(F)ccc2c1C3CCN(CCCSc4ccc(F)cc4)CC3,6.32
1590,CHEMBL3670795,CCc1ccnc(NC(=O)[C@H]2CCC(=O)N2C3CCN(Cc4ccc(Cl)c(C)c4)CC3)c1,6.71
1599,CHEMBL3670803,CN(C(=O)[C@H]1CCC(=O)N1C2CCN(Cc3ccc(Cl)c(C)c3)CC2)c4ccccn4,5.85
1610,CHEMBL3670814,COc1cc(cc(NC(=O)[C@H]2CCC(=O)N2C3CCN(Cc4ccc(Cl)c(C)c4)CC3)n1)C(=O)N(C)C,6.64
1611,CHEMBL3670815,CCCCc1cc(cc(NC(=O)[C@H]2CCC(=O)N2C3CCN(Cc4ccc(Cl)c(C)c4)CC3)n1)C(=O)N(C)C,6.38
