,molecule_chembl_id,canonical_smiles,pchembl_value
0,CHEMBL3800351,CC(C)(C)c1ccc(cc1)S(=O)(=O)Nc2ccc(Cl)c3C(=O)N(CCc4cccnc4)C(=O)c23,7.0
1,CHEMBL3604477,CC(C)(C)c1ccc(cc1)S(=O)(=O)Nc2ccc(Cl)cc2c3ncccc3N,7.02
2,CHEMBL3815007,CC(C)(C)c1ccc(Cn2c(cc3ccc(cc23)C#N)C(=O)O)cn1,7.03
3,CHEMBL3799853,CC(C)(C)c1ccc(cc1)S(=O)(=O)Nc2ccc(Cl)c3C(=O)N(C(=O)c23)c4cccnc4F,7.04
4,CHEMBL3604478,CC(C)(C)c1ccc(cc1)S(=O)(=O)Nc2ccc(Cl)cc2c3ncccc3CO,7.05
5,CHEMBL3799395,Cc1ccc(CN2C(=O)c3c(Cl)ccc(NS(=O)(=O)c4ccc(cc4)C(C)(C)C)c3C2=O)cn1,7.07
6,CHEMBL3814176,Cc1ccc2cc(C(=O)O)n(Cc3ccc(cc3)C(C)(C)C)c2c1,7.07
7,CHEMBL3797948,COc1ccc(cn1)N2C(=O)c3c(Cl)ccc(NS(=O)(=O)c4ccc(cc4)C(C)(C)C)c3C2=O,7.11
8,CHEMBL3798577,COc1ncccc1CN2C(=O)c3c(Cl)ccc(NS(=O)(=O)c4ccc(cc4)C(C)(C)C)c3C2=O,7.11
9,CHEMBL3799220,CC(C)(C)c1ccc(cc1)S(=O)(=O)Nc2ccc(Cl)c3C(=O)N(Cc4ccc[n+]([O-])c4)C(=O)c23,7.13
10,CHEMBL3815051,COc1ccc2cc(C(=O)O)n(Cc3ccc(cc3)C(C)(C)C)c2c1,7.13
11,CHEMBL3800355,CC(C)(C)c1ccc(cc1)S(=O)(=O)Nc2ccc(Cl)c3C(=O)N(C(=O)c23)c4cncc(c4)C#N,7.14
12,CHEMBL3814683,CC1(CCOCC1)c2ccc(Cn3c(cc4ncc(Cl)cc34)C(=O)O)cc2,7.16
13,CHEMBL3604496,CCc1ncnc(c1O)c2cc(Cl)ccc2NS(=O)(=O)c3ccc(cc3)C(C)(C)C,7.22
14,CHEMBL3799328,COc1cncc(CN2C(=O)c3c(Cl)ccc(NS(=O)(=O)c4ccc(cc4)C(C)(C)C)c3C2=O)c1,7.23
15,CHEMBL3798104,Cc1cccc(CN2C(=O)c3c(Cl)ccc(NS(=O)(=O)c4ccc(cc4)C(C)(C)C)c3C2=O)n1,7.24
16,CHEMBL3798670,Cc1ccnc(c1)N2C(=O)c3c(Cl)ccc(NS(=O)(=O)c4ccc(cc4)C(C)(C)C)c3C2=O,7.27
17,CHEMBL3604482,CC(C)(C)c1ccc(cc1)S(=O)(=O)Nc2ccc(Cl)cc2c3nccc(C(=O)N)c3O,7.28
18,CHEMBL3798206,Cc1ccc(CN2C(=O)c3c(Cl)ccc(NS(=O)(=O)c4ccc(cc4)C(C)(C)C)c3C2=O)nc1,7.29
19,CHEMBL3798681,CC(C)(C)c1ccc(cc1)S(=O)(=O)Nc2ccc(Cl)c3C(=O)N(C(=O)c23)c4cc(ccn4)C#N,7.35
20,CHEMBL3798178,CC(C)(C)c1ccc(cc1)S(=O)(=O)Nc2ccc(Cl)c3C(=O)N(Cc4cccc[n+]4[O-])C(=O)c23,7.4
21,CHEMBL3813888,CC(C)(C)c1ccc(Cn2c(cc3ccc(Br)cc23)C(=O)O)cc1,7.44
22,CHEMBL3814811,COCC(C)(C)c1ccc(Cn2c(cc3ncc(Cl)cc23)C(=O)O)cc1,7.46
23,CHEMBL3799487,COc1ccncc1N2C(=O)c3c(Cl)ccc(NS(=O)(=O)c4ccc(cc4)C(C)(C)C)c3C2=O,7.46
24,CHEMBL3604499,CC(C)(C)c1ccc(cc1)S(=O)(=O)Nc2ccc(Cl)cc2c3nccnc3NCCO,7.47
25,CHEMBL3799229,COc1ncccc1N2C(=O)c3c(Cl)ccc(NS(=O)(=O)c4ccc(cc4)C(C)(C)C)c3C2=O,7.5
26,CHEMBL3799280,CC(C)(C)c1ccc(cc1)S(=O)(=O)Nc2ccc(Cl)c3C(=O)N(Cc4cncc(c4)C#N)C(=O)c23,7.51
27,CHEMBL3799828,CC(C)(C)c1ccc(cc1)S(=O)(=O)Nc2ccc(Cl)c3C(=O)N(C(=O)c23)c4cccc(n4)C#N,7.52
28,CHEMBL3797624,CC(C)(C)c1ccc(cc1)S(=O)(=O)Nc2ccc(Cl)c3C(=O)N(Cc4cc[n+]([O-])cc4)C(=O)c23,7.52
29,CHEMBL3604489,CC(C)(C)c1ccc(cc1)S(=O)(=O)Nc2ccc(Cl)cc2c3nc(N)ncc3O,7.52
30,CHEMBL3800161,Cc1cncc(c1)N2C(=O)c3c(Cl)ccc(NS(=O)(=O)c4ccc(cc4)C(C)(C)C)c3C2=O,7.52
31,CHEMBL3814511,CC(C)(C)c1ccc(Cn2c(cc3ccc(Cl)cc23)C(=O)O)cn1,7.54
32,CHEMBL3604476,CC(C)(C)c1ccc(cc1)S(=O)(=O)Nc2ccc(Cl)cc2c3ncccc3O,7.54
33,CHEMBL3798723,COc1nccc(C)c1N2C(=O)c3c(Cl)ccc(NS(=O)(=O)c4ccc(cc4)C(C)(C)C)c3C2=O,7.55
34,CHEMBL3797858,CC(C)(C)c1ccc(cc1)S(=O)(=O)Nc2ccc(Cl)c3C(=O)N(Cc4cccnc4)C(=O)c23,7.57
35,CHEMBL3604490,CNc1ncc(O)c(n1)c2cc(Cl)ccc2NS(=O)(=O)c3ccc(cc3)C(C)(C)C,7.57
36,CHEMBL3604494,CC(C)(C)c1ccc(cc1)S(=O)(=O)Nc2ccc(Cl)cc2c3nncc(N4CCOCC4)c3N,7.59
37,CHEMBL3799968,CC(C)(C)c1ccc(cc1)S(=O)(=O)Nc2ccc(Cl)c3C(=O)N(C(=O)c23)c4cccnc4,7.6
38,CHEMBL3799199,CCc1c(OC)cncc1N2C(=O)c3c(Cl)ccc(NS(=O)(=O)c4ccc(cc4)C(C)(C)C)c3C2=O,7.6
39,CHEMBL3604497,CNc1nccnc1c2cc(Cl)ccc2NS(=O)(=O)c3ccc(cc3)C(C)(C)C,7.6
40,CHEMBL3797271,Cc1c(ccc[n+]1[O-])N2C(=O)c3c(Cl)ccc(NS(=O)(=O)c4ccc(cc4)C(C)(C)C)c3C2=O,7.62
41,CHEMBL3797235,Cc1ccncc1CN2C(=O)c3c(Cl)ccc(NS(=O)(=O)c4ccc(cc4)C(C)(C)C)c3C2=O,7.62
42,CHEMBL3604486,CC(C)(C)c1ccc(cc1)S(=O)(=O)Nc2ccc(Cl)cc2c3nccnc3N,7.64
43,CHEMBL3604487,CC(C)(C)c1ccc(cc1)S(=O)(=O)Nc2ccc(Cl)cc2c3nnccc3N,7.64
44,CHEMBL3799348,Cc1cncc(CN2C(=O)c3c(Cl)ccc(NS(=O)(=O)c4ccc(cc4)C(C)(C)C)c3C2=O)c1,7.64
45,CHEMBL3800584,CC(C)(C)c1ccc(cc1)S(=O)(=O)Nc2ccc(Cl)c3C(=O)N(C(=O)c23)c4cc(F)ccn4,7.66
46,CHEMBL3797425,COc1cccnc1N2C(=O)c3c(Cl)ccc(NS(=O)(=O)c4ccc(cc4)C(C)(C)C)c3C2=O,7.66
47,CHEMBL3800331,COc1cncc(c1)N2C(=O)c3c(Cl)ccc(NS(=O)(=O)c4ccc(cc4)C(C)(C)C)c3C2=O,7.66
48,CHEMBL3798400,Cc1ccc(nc1)N2C(=O)c3c(Cl)ccc(NS(=O)(=O)c4ccc(cc4)C(C)(C)C)c3C2=O,7.68
49,CHEMBL3814736,CC(C)(C)c1ccc(Cn2c(cc3ncc(Cl)cc23)C(=O)O)cc1,7.7
50,CHEMBL3799726,CC(C)(C)c1ccc(cc1)S(=O)(=O)Nc2ccc(Cl)c3C(=O)N(Cc4ccccn4)C(=O)c23,7.7
51,CHEMBL3799062,CC(C)(C)c1ccc(cc1)S(=O)(=O)Nc2ccc(C#N)c3C(=O)N(Cc4cccnc4)C(=O)c23,7.72
52,CHEMBL3800073,CC(C)(C)c1ccc(cc1)S(=O)(=O)Nc2ccc(Cl)c3C(=O)N(C(=O)c23)c4ccc(F)nc4,7.72
53,CHEMBL3799770,Cc1ccc(cn1)N2C(=O)c3c(Cl)ccc(NS(=O)(=O)c4ccc(cc4)C(C)(C)C)c3C2=O,7.72
54,CHEMBL3799111,Cc1cccc(n1)N2C(=O)c3c(Cl)ccc(NS(=O)(=O)c4ccc(cc4)C(C)(C)C)c3C2=O,7.72
55,CHEMBL3800627,COc1cncc(N2C(=O)c3c(Cl)ccc(NS(=O)(=O)c4ccc(cc4)C(C)(C)C)c3C2=O)c1C,7.75
56,CHEMBL3797290,Cc1cnc(C#N)c(c1)N2C(=O)c3c(Cl)ccc(NS(=O)(=O)c4ccc(cc4)C(C)(C)C)c3C2=O,7.75
57,CHEMBL3800135,CC(C)(C)c1ccc(cc1)S(=O)(=O)Nc2ccc(Cl)c3C(=O)N(Cc4ccncc4)C(=O)c23,7.77
58,CHEMBL3800052,CC(C)(C)c1ccc(cc1)S(=O)(=O)Nc2ccc(Cl)c3C(=O)N(C(=O)c23)c4ccc[n+]([O-])c4,7.8
59,CHEMBL3798346,COc1ccc(nc1C)N2C(=O)c3c(Cl)ccc(NS(=O)(=O)c4ccc(cc4)C(C)(C)C)c3C2=O,7.8
60,CHEMBL3797722,COc1ncc(C)cc1N2C(=O)c3c(Cl)ccc(NS(=O)(=O)c4ccc(cc4)C(C)(C)C)c3C2=O,7.8
61,CHEMBL3604492,CC(C)(C)c1ccc(cc1)S(=O)(=O)Nc2ccc(Cl)cc2c3ncnc(N)c3O,7.85
62,CHEMBL3797989,COc1ccc(N2C(=O)c3c(Cl)ccc(NS(=O)(=O)c4ccc(cc4)C(C)(C)C)c3C2=O)c(C)n1,7.85
63,CHEMBL3800062,Cc1ncccc1N2C(=O)c3c(Cl)ccc(NS(=O)(=O)c4ccc(cc4)C(C)(C)C)c3C2=O,7.85
64,CHEMBL3797603,CC(C)(C)c1ccc(cc1)S(=O)(=O)Nc2ccc(Cl)c3C(=O)N(Cc4ncccc4F)C(=O)c23,7.89
65,CHEMBL3800291,Cc1ccc(CN2C(=O)c3c(Cl)ccc(NS(=O)(=O)c4ccc(cc4)C(C)(C)C)c3C2=O)[n+]([O-])c1,7.89
66,CHEMBL3798612,CC(C)(C)c1ccc(cc1)S(=O)(=O)Nc2ccc(Cl)c3C(=O)N(C(=O)c23)c4ccccn4,7.92
67,CHEMBL3797753,Cc1cc[n+]([O-])cc1CN2C(=O)c3c(Cl)ccc(NS(=O)(=O)c4ccc(cc4)C(C)(C)C)c3C2=O,7.92
68,CHEMBL3797572,CC(C)(C)c1ccc(cc1)S(=O)(=O)Nc2ccc(Cl)c3C(=O)N(C(=O)c23)c4ccncc4,7.96
69,CHEMBL2178578,CC(C)(C)c1ccc(cc1)S(=O)(=O)Nc2ccc(Cl)cc2C(=O)c3ccn(=O)cc3,7.96
70,CHEMBL3604495,CC(C)(C)c1ccc(cc1)S(=O)(=O)Nc2ccc(Cl)cc2c3ncnc(CO)c3O,7.96
71,CHEMBL3604488,CC(C)(C)c1ccc(cc1)S(=O)(=O)Nc2ccc(Cl)cc2c3ncncc3O,7.96
72,CHEMBL3797825,Cc1cnc(C)c(c1)N2C(=O)c3c(Cl)ccc(NS(=O)(=O)c4ccc(cc4)C(C)(C)C)c3C2=O,7.96
73,CHEMBL3797882,CC(C)(C)c1ccc(cc1)S(=O)(=O)Nc2ccc(Cl)c3C(=O)N(C(=O)c23)c4ccc(F)cn4,8.0
74,CHEMBL3800270,CCOc1ccncc1N2C(=O)c3c(Cl)ccc(NS(=O)(=O)c4ccc(cc4)C(C)(C)C)c3C2=O,8.05
75,CHEMBL3604493,CN(C)c1ncnc(c1O)c2cc(Cl)ccc2NS(=O)(=O)c3ccc(cc3)C(C)(C)C,8.05
76,CHEMBL3604483,CC(C)(C)c1ccc(cc1)S(=O)(=O)Nc2ccc(Cl)cc2c3nccc(CO)c3O,8.06
77,CHEMBL3814136,CC(C)(C)c1ccc(Cn2c(cc3ccc(cc23)C#N)C(=O)O)cc1,8.1
78,CHEMBL3798193,COc1ccc(N2C(=O)c3c(Cl)ccc(NS(=O)(=O)c4ccc(cc4)C(C)(C)C)c3C2=O)c(OC)n1,8.1
79,CHEMBL3799829,Cc1ccncc1N2C(=O)c3c(Cl)ccc(NS(=O)(=O)c4ccc(cc4)C(C)(C)C)c3C2=O,8.16
80,CHEMBL3798368,COc1c(ccc[n+]1[O-])N2C(=O)c3c(Cl)ccc(NS(=O)(=O)c4ccc(cc4)C(C)(C)C)c3C2=O,8.22
81,CHEMBL3798186,Cc1ccc(N2C(=O)c3c(Cl)ccc(NS(=O)(=O)c4ccc(cc4)C(C)(C)C)c3C2=O)c(C)n1,8.22
82,CHEMBL3798484,Cc1cnccc1N2C(=O)c3c(Cl)ccc(NS(=O)(=O)c4ccc(cc4)C(C)(C)C)c3C2=O,8.22
83,CHEMBL3604485,CC(C)(C)c1ccc(cc1)S(=O)(=O)Nc2ccc(Cl)cc2c3ncncc3N,8.5
84,CHEMBL3814804,CC(C)(C)c1ccc(Cn2c(cc3cnc(Cl)cc23)C(=O)O)cc1,8.82
85,CHEMBL3604484,CC(C)(C)c1ccc(cc1)S(=O)(=O)Nc2ccc(Cl)cc2c3ncccn3,9.52
11,CHEMBL3604491,CC(C)(C)c1ccc(cc1)S(=O)(=O)Nc2ccc(Cl)cc2c3nc(NCCO)ncc3O,6.67
18,CHEMBL3604498,CCNc1nccnc1c2cc(Cl)ccc2NS(=O)(=O)c3ccc(cc3)C(C)(C)C,6.38
20,CHEMBL3604500,CC(C)(C)c1ccc(cc1)S(=O)(=O)Nc2ccc(Cl)cc2c3nccnc3NCCCO,6.21
21,CHEMBL3604501,CN(C)CCNc1nccnc1c2cc(Cl)ccc2NS(=O)(=O)c3ccc(cc3)C(C)(C)C,5.44
22,CHEMBL3604502,CC(C)(C)c1ccc(cc1)S(=O)(=O)Nc2ccc(Cl)cc2c3nccnc3NCC(=O)O,6.09
23,CHEMBL3604503,Cc1cnc(c(NCCO)n1)c2cc(Cl)ccc2NS(=O)(=O)c3ccc(cc3)C(C)(C)C,6.57
24,CHEMBL3604504,CNc1cnc(c(NCCO)n1)c2cc(Cl)ccc2NS(=O)(=O)c3ccc(cc3)C(C)(C)C,6.0
25,CHEMBL3604505,CC(C)(C)c1ccc(cc1)S(=O)(=O)Nc2ccc(Cl)cc2c3nc(Cl)cnc3NCCO,6.15
28,CHEMBL3604481,CC(C)(C)c1ccc(cc1)S(=O)(=O)Nc2ccc(Cl)cc2c3c(O)ccc[n+]3[O-],5.76
46,CHEMBL3604480,COCc1cccnc1c2cc(Cl)ccc2NS(=O)(=O)c3ccc(cc3)C(C)(C)C,5.46
47,CHEMBL3604479,CC(C)(C)c1ccc(cc1)S(=O)(=O)Nc2ccc(Cl)cc2c3ncccc3CN,5.5
51,CHEMBL3604475,COc1cccnc1c2cc(Cl)ccc2NS(=O)(=O)c3ccc(cc3)C(C)(C)C,6.02
52,CHEMBL3604474,COc1ccnc(c1)c2cc(Cl)ccc2NS(=O)(=O)c3ccc(cc3)C(C)(C)C,5.6
444,CHEMBL3718491,CN(C)C(=O)CCc1ccc(cc1)S(=O)(=O)Nc2ccc(Cl)cc2C(=O)c3ccc(C)cc3,6.0
445,CHEMBL3716071,Cc1ncccc1C(=O)c2cc(Cl)ccc2NS(=O)(=O)c3ccc(cc3)c4ocnc4,6.0
461,CHEMBL3715242,Clc1ccc(cc1)S(=O)(=O)Nc2ccc(Cl)cc2C(=O)c3cccnc3,6.0
472,CHEMBL3719213,Cc1ncccc1C(=O)c2cc(Cl)ccc2NS(=O)(=O)c3ccc(OC(F)(F)F)cc3,7.0
482,CHEMBL3717749,FC(F)(F)Oc1ccc(cc1)S(=O)(=O)Nc2ccc(Cl)cc2C(=O)c3ccc(Cl)nc3,7.0
489,CHEMBL3715591,COc1ccc(cc1)S(=O)(=O)Nc2ccc(Cl)cc2C(=O)c3ccccn3,7.0
681,CHEMBL3800612,COc1cc(CN2C(=O)c3c(Cl)ccc(NS(=O)(=O)c4ccc(cc4)C(C)(C)C)c3C2=O)ccn1,6.97
685,CHEMBL3797880,COc1ccc(CN2C(=O)c3c(Cl)ccc(NS(=O)(=O)c4ccc(cc4)C(C)(C)C)c3C2=O)cn1,6.91
732,CHEMBL3800183,CCOc1cncc(c1)N2C(=O)c3c(Cl)ccc(NS(=O)(=O)c4ccc(cc4)C(C)(C)C)c3C2=O,6.89
734,CHEMBL3800309,Cc1ccc(NS(=O)(=O)c2ccc(cc2)C(C)(C)C)c3C(=O)N(Cc4cccnc4)C(=O)c13,6.34
735,CHEMBL3799957,Cc1ccc(NS(=O)(=O)c2ccc(cc2)C(C)(C)C)c3C(=O)N(C(=O)c13)c4cccnc4,6.72
742,CHEMBL3797407,CC(C)(C)c1ccc(cc1)S(=O)(=O)Nc2cccc3C(=O)N(Cc4cccnc4)C(=O)c23,6.21
743,CHEMBL3798585,Fc1ccc(cc1C(F)(F)F)S(=O)(=O)Nc2cccc3C(=O)N(C(=O)c23)c4cccnc4,5.88
744,CHEMBL3797668,FC(F)(F)c1cc(ccc1Cl)S(=O)(=O)Nc2cccc3C(=O)N(C(=O)c23)c4cccnc4,6.69
745,CHEMBL3799583,FC(F)(F)Oc1ccc(cc1)S(=O)(=O)Nc2cccc3C(=O)N(C(=O)c23)c4cccnc4,6.91
746,CHEMBL3797343,FC(F)(F)c1cccc(c1)S(=O)(=O)Nc2cccc3C(=O)N(C(=O)c23)c4cccnc4,5.57
747,CHEMBL3799381,CC(C)(C)c1ccc(cc1)S(=O)(=O)Nc2cccc3C(=O)N(C(=O)c23)c4cccnc4,6.32
748,CHEMBL3814202,CC(C)(C)c1ccc(Cn2c(cc3ccc(Cl)cc23)C(=O)O)cc1,6.64
754,CHEMBL3814368,CC(C)(C)c1cccc(Cn2c(cc3ccc(Cl)cc23)C(=O)O)c1,5.08
757,CHEMBL3814598,CC(C)(C)c1ccc(Cn2c(cc3cccc(Cl)c23)C(=O)O)cn1,6.35
760,CHEMBL3814735,CC(C)(C)c1ccc(Cn2c(cc3ccc(Cl)nc23)C(=O)O)cc1,4.3
761,CHEMBL3814037,CC(C)(C)c1ccc(Cn2c(cc3cc(Cl)ncc23)C(=O)O)cc1,6.42
762,CHEMBL3814546,CC(C)(O)c1ccc(Cn2c(cc3ccc(Cl)cc23)C(=O)O)cc1,6.96
763,CHEMBL3814577,CC(C)(c1ccc(Cn2c(cc3ccc(Cl)cc23)C(=O)O)cc1)c4occn4,6.68
765,CHEMBL3814251,OC(=O)c1cc2ncc(Cl)cc2n1Cc3ccc(cc3)C(F)(F)F,6.95
767,CHEMBL3814185,CC(C)(C)c1ccc(Cn2c(cc3sccc23)C(=O)O)cc1,6.64
