,molecule_chembl_id,canonical_smiles,pchembl_value
0,aclatonium,CC(OC(C)=O)C(=O)OCC[N+](C)(C)C,
1,glycopyrronium bromide,C[N+]1(C)CCC(C1)OC(=O)C(O)(C1CCCC1)C1=CC=CC=C1,8.90999985
2,methanthelinium,CC[N+](C)(CC)CCOC(=O)C1C2=CC=CC=C2OC2=C1C=CC=C2,
3,CHEMBL608151,CCOC[C@H]1[C@@H]2CNC[C@]12c3ccc(Cl)c(Cl)c3,7.0
4,clozapine,CN1CCN(CC1)C2=Nc3cc(Cl)ccc3Nc4ccccc24,7.0
5,CHEMBL376295,COc1nsnc1OCCCOCCCOCCCOc2nsnc2c3cccnc3,7.0
6,CHEMBL386983,COc1nsnc1OCCOCCOCCOCCOCCOc2nsnc2C3=CCCN(C)C3,7.0
7,CHEMBL2112589,CCN1CC[C@H]([C@@H](C1)C(=O)OCCc2ccccc2)c3ccccc3.OC(=O)C(=O)O,7.01
8,CHEMBL576663,CN1CCCC1c2oc(cc2)C(O)(c3ccccc3)c4ccccc4,7.01
9,CHEMBL221753,[Cl-].CC(C)(C)CC(C)(C)c1ccc(OCCOCC[N+](C)(C)Cc2ccccc2)cc1,7.02
10,CHEMBL539373,[I-].C[N+]1(C)CCC[C@H]1[C@H]2C[S+]([O-])C(O2)(c3ccccc3)c4ccccc4,7.04
11,CHEMBL1200604,CCN(Cc1ccncc1)C(=O)C(CO)c2ccccc2,7.05
12,CHEMBL490,Fc1ccc(cc1)[C@@H]2CCNC[C@H]2COc3ccc4OCOc4c3,7.05
13,CHEMBL434684,CC(C1=C(CN(C)C)Cc2ccccc12)c3ccccn3,7.06
14,CHEMBL3323279,[Br-].[Br-].C[N+](C)(C)CCCCCC[N+]1(C)[C@@H]2CC[C@@H]1CC(C2)OC(=O)C(CO)c3ccccc3,7.06
15,CHEMBL121059,CCCCCCCCCOC(=O)C1=C(CCN(CC)C1)c2ccccc2,7.07
16,CHEMBL12098,Cc1cccc(C(=O)N2CCC(CC2)N3CCC(Cc4ccc(cc4)S(=O)(=O)c5cccc(Cl)c5)CC3)c1N,7.07
17,CHEMBL257431,[Br-].[Br-].CCCCN(CCCC)c1ccc(\C=C\c2cc[n+](CCC[N+](CC)(CC)CC)cc2)cc1,7.08
18,CHEMBL2042554,CN(C)C[C@@H]1COCC(O1)(c2ccccc2)c3ccccc3.OC(=O)C(=O)O,7.09
19,CHEMBL21536,CCCCCCOc1nsnc1C2=CCCN(C)C2,7.1
20,CHEMBL2312370,CN1CCC(=C(C1)C(=O)OCCc2cccc(F)c2)c3ccccc3,7.1
21,CHEMBL262198,CCN1CCC(=C(C1)C(=O)OCCc2ccccc2)c3ccccc3.OC(=O)C(=O)O,7.11
22,CHEMBL1909073,[Br-].CC[N+]1(CCOC(=O)C(O)(c2ccccc2)c3ccccc3)CCCCC1,7.11
23,CHEMBL171102,CN(C)CCC1=C(C(c2ccccc2)c3ccccn3)c4ccccc4C1,7.18
24,promazine,CN(C)CCCN1c2ccccc2Sc3ccccc13,7.19
25,CHEMBL324936,CCN1CC=C(C(C1)C(=O)OC2CCCCC2)c3ccccc3.OC(=O)C(=O)O,7.2
26,CHEMBL335542,CN1CCC=C(C1)c2nsnc2OCCOCCOCCOCCOc3nsnc3C4=CCCN(C)C4,7.2
27,CHEMBL205654,Cc1c(NC2CC2)nc(nc1N3CCCCCC3)C4CC4,7.2
28,CHEMBL2312361,CN1CCC(=C(C1)C(=O)OCCc2ccc3OCCc3c2)c4ccccc4,7.22
29,CHEMBL493979,CN1CCC[C@@H]1[C@@H]2C[S+]([O-])[C@@](O2)(C3CCCCC3)c4ccccc4,7.23
30,CHEMBL120080,CCCCCCCCOC(=O)C1=C(CCN(CC)C1)c2ccccc2.OC(=O)C(=O)O,7.24
31,CHEMBL2112958,O=C(CCNC(=O)[C@@H]1CCCN1C(=O)CC(c2ccccc2)(c3ccccc3)c4ccccc4)NC[C@H]5CCCN(CC6CCCCC6)C5,7.24
32,CHEMBL120472,CCN1CCC(=C(C1)C(=O)OCCC2CCCCC2)c3ccccc3.OC(=O)C(=O)O,7.25
33,CHEMBL1319362,Br.CN1[C@@H]2CC[C@H]1C[C@H](C2)OC(=O)C(O)c3ccccc3,7.26
34,CHEMBL576707,CN1CCCC1c2oc(cc2)C(C3CCCCC3)c4ccccc4,7.26
35,CHEMBL7634,O=C1CCCN1CC#CCN2CCCC2,7.26
36,CHEMBL332980,CCN1CCC(=C(C1)C(=O)OC2CCCCC2)c3ccccc3.OC(=O)C(=O)O,7.27
37,clomipramine,CN(C)CCCN1c2ccccc2CCc3ccc(Cl)cc13,7.28
38,CHEMBL77793,Cc1nccn1CC#CCN2CCCC2=O,7.29
39,CHEMBL845,Clc1ccc2Nc3ccccc3C(=Nc2c1)N4CCNCC4,7.29
40,CHEMBL3354078,O=C1CCc2ccccc2N1CCCN3CCC(CCCCCCCCCC4CCN(CCCN5C(=O)CCc6ccccc56)CC4)CC3,7.31
41,CHEMBL541584,Cl.CCN1CC=C(C(C1)C(=O)OCc2ccccc2)c3ccccc3,7.37
42,CHEMBL541671,[I-].C[N+]1(C)CCC[C@H]1[C@H]2C[S+]([O-])[C@@](O2)(C3CCCCC3)c4ccccc4,7.38
43,CHEMBL395110,CN1CCCC(CN2c3ccccc3Sc4ccccc24)C1,7.4
44,olanzapine,CN1CCN(CC1)C2=Nc3ccccc3Nc4sc(C)cc24,7.4
45,CHEMBL2112955,O=C(CCNC(=O)CNC(=O)CC(c1ccccc1)(c2ccccc2)c3ccccc3)NC[C@H]4CCCN(CC5CCCCC5)C4,7.43
46,CHEMBL569729,[I-].C[N+]1(C)CCCC1c2oc(cc2)C(O)(c3ccccc3)c4ccccc4,7.43
47,pirenzepine,CN1CCN(CC(=O)N2C3=CC=CC=C3C(=O)NC3=C2N=CC=C3)CC1,7.45
48,CHEMBL265256,CN(CCCCCCCCN(C)CCCCCCN(CC(=O)N1c2ccccc2C(=O)Nc3cccnc13)CC(=O)N4c5ccccc5C(=O)Nc6cccnc46)CCCCCCNCC(=O)N7c8ccccc8C(=O)Nc9cccnc79,7.47
49,CHEMBL2107687,[Br-].CCC(C)C(C(=O)OCC[N+](C)(CC)CC)c1ccccc1,7.47
50,CHEMBL3334991,O[C@@H]1C[C@@H](C1)NC(=O)c2ccc(cn2)C#Cc3cccc(F)c3,7.48
51,CHEMBL583027,[I-].C[N+]1(C)CCCC1c2oc(cc2)C(c3ccccc3)c4ccccc4,7.5
52,CHEMBL3354071,CN1CCC=C(C1)c2nsnc2OCCCCCCCCCCCCCC3CCN(CCCN4C(=O)CCc5ccccc45)CC3,7.51
53,CHEMBL496915,CN1CCC[C@@H]1[C@@H]2C[S+]([O-])[C@](O2)(C3CCCCC3)c4ccccc4,7.52
54,CHEMBL2312358,COc1ccc(CCOC(=O)C2=C(CCN(C)C2)c3ccccc3)cc1,7.52
55,CHEMBL2112959,O=C(CCNC(=O)CC(c1ccccc1)(c2ccccc2)c3ccccc3)NCCC(=O)NC[C@H]4CCCN(CC5CCCCC5)C4,7.52
56,orphenadrine,CN(C)CCOC(C1=CC=CC=C1)C1=C(C)C=CC=C1,7.55
57,CHEMBL571341,CN1CCC[C@H]1c2oc(cc2)[C@@](O)(C3CCCCC3)c4ccccc4,7.56
58,nortriptyline,CNCCC=C1c2ccccc2CCc3ccccc13,7.57
59,doxepin,CN(C)CCC=C1c2ccccc2COc3ccccc13,7.59
60,chlorpromazine,CN(C)CCCN1c2ccccc2Sc3ccc(Cl)cc13,7.6
61,CHEMBL493980,CN1CCC[C@H]1[C@H]2C[S+]([O-])[C@](O2)(C3CCCCC3)c4ccccc4,7.6
62,CHEMBL1180285,CCN1CCC(=C(C1)C(=O)OCCc2ccc(C)cc2)c3ccccc3,7.61
63,CHEMBL120119,CCN1CCC(=C(C1)C(=O)OCCc2ccc(C)cc2)c3ccccc3.OC(=O)C(=O)O,7.61
64,CHEMBL539120,[I-].C[N+]1(C)CCC[C@H]1[C@H]2C[S+]([O-])[C@](O2)(C3CCCCC3)c4ccccc4,7.63
65,CHEMBL3323282,[Br-].[Br-].C[N+](C)(C)CCCCCC[N+]1(C)[C@@H]2C[C@@H](C[C@H]1[C@@H]3O[C@H]23)OC(=O)[C@H](CO)c4ccccc4,7.68
66,CHEMBL3323281,[Br-].[Br-].CC(C)(CN1C(=O)c2cccc3cccc(C1=O)c23)C[N+](C)(C)CCCCCC[N+]4(C)[C@@H]5CC[C@@H]4CC(C5)OC(=O)C(CO)c6ccccc6,7.71
67,acetylcholine,CC(=O)OCC[N+](C)(C)C,7.72
68,scopolamine,CN1[C@H]2C[C@H](C[C@@H]1[C@H]1O[C@@H]21)OC(=O)[C@H](CO)C1=CC=CC=C1,7.75
69,CHEMBL271108,CC(C)N(CC[C@H](c1ccccc1)c2cc(CCNC(=O)CCCCCNC(=O)COc3ccc(\C=C\C4=[N+]5C(=Cc6ccc(c7cccs7)n6[B-]5(F)F)C=C4)cc3)ccc2O)C(C)C,7.76
70,CHEMBL3323283,[Br-].[Br-].C[N+](C)(CCCCCC[N+]1(C)[C@@H]2C[C@@H](C[C@H]1[C@@H]3O[C@H]23)OC(=O)[C@H](CO)c4ccccc4)CCCN5C(=O)c6ccccc6C5=O,7.77
71,CHEMBL3323280,[Br-].[Br-].CC(C)(CN1C(=O)c2ccccc2C1=O)C[N+](C)(C)CCCCCC[N+]3(C)[C@@H]4CC[C@@H]3CC(C4)OC(=O)C(CO)c5ccccc5,7.78
72,CHEMBL569712,[I-].C[N+]1(C)CCCC1c2oc(cc2)C(C3CCCCC3)c4ccccc4,7.81
73,oxybutynin,CCN(CC)CC#CCOC(=O)C(O)(C1CCCCC1)c2ccccc2,7.85
74,CHEMBL539121,[I-].C[N+]1(C)CCC[C@@H]1[C@@H]2C[S+]([O-])[C@](O2)(C3CCCCC3)c4ccccc4,7.85
75,trihexyphenidyl,OC(CCN1CCCCC1)(C2CCCCC2)c3ccccc3,7.92
76,CHEMBL568870,[I-].C[N+]1(C)CCC[C@H]1c2oc(cc2)[C@@](O)(C3CCCCC3)c4ccccc4,7.92
77,CHEMBL569760,[I-].C[N+]1(C)CCCC1c2oc(cc2)C(O)(C3CCCCC3)c4ccccc4,7.94
78,CHEMBL334255,[Br-].CCCCCCCCCCCCCCCC[n+]1ccccc1,8.0
79,thioridazine,CSc1ccc2Sc3ccccc3N(CCC4CCCCN4C)c2c1,8.03
80,CHEMBL3354070,CN1CCC=C(C1)c2nsnc2OCCCCCCCCCCCC3CCN(CCCN4C(=O)CCc5ccccc45)CC3,8.06
81,clemastine,CN1CCC[C@@H]1CCO[C@](C)(c2ccccc2)c3ccc(Cl)cc3,8.08
82,amitriptyline,CN(C)CCC=C1c2ccccc2CCc3ccccc13,8.1
83,CHEMBL583051,CN1CCCC1c2oc(cc2)C(O)(C3CCCCC3)c4ccccc4,8.15
84,CHEMBL1162116,Cc1nccn1CC#CCOc2ccon2,8.21
85,CHEMBL481153,O=C(OCCN1CCCC1)N2c3ccccc3Sc4ccccc24,8.22
86,CHEMBL3354067,CN1CCC=C(C1)c2nsnc2OCCCCCC3CCN(CCCN4C(=O)CCc5ccccc45)CC3,8.25
87,CHEMBL373515,CN1CCC[C@H]1[C@H]2CSC(O2)(c3ccccc3)c4ccccc4,8.25
88,CHEMBL3323284,[Br-].[Br-].CC(C)(CN1C(=O)c2cccc3cccc(C1=O)c23)C[N+](C)(C)CCCCCC[N+]4(C)[C@@H]5C[C@@H](C[C@H]4[C@@H]6O[C@H]56)OC(=O)[C@H](CO)c7ccccc7,8.26
89,CHEMBL2042552,CN(C)CC1COCC(O1)(c2ccccc2)c3ccccc3.OC(=O)C(=O)O,8.27
90,promethazine,CC(CN1c2ccccc2Sc3ccccc13)N(C)C,8.34
91,CHEMBL2042404,[I-].C[N+](C)(C)CC1COCC(O1)(c2ccccc2)c3ccccc3,8.36
92,CHEMBL143469,CN1CCC=C(C1)c2nsnc2OCCCCCCCCCOc3nsnc3C4=CCCN(C)C4,8.4
93,cyproheptadine,CN1CCC(=C2c3ccccc3C=Cc4ccccc24)CC1,8.42
94,CHEMBL375851,[I-].C[N+]1(C)CCC[C@@H]1[C@@H]2CSC(O2)(c3ccccc3)c4ccccc4,8.46
95,CHEMBL571121,CN1CCC[C@@H]1c2oc(cc2)[C@@](O)(C3CCCCC3)c4ccccc4,8.48
96,CHEMBL375073,CN1CCC[C@@H]1[C@@H]2CSC(O2)(c3ccccc3)c4ccccc4,8.49
97,CHEMBL220393,[I-].C[N+]1(C)CCC[C@@H]1[C@@H]2CS[C@@](O2)(C3CCCCC3)c4ccccc4,8.49
98,CHEMBL2449003,CN1[C@@H]2CC[C@H]1CC(C2)OC(=O)[C@H](CO)c3ccccc3,8.52
99,CHEMBL3354069,CN1CCC=C(C1)c2nsnc2OCCCCCCCCCC3CCN(CCCN4C(=O)CCc5ccccc45)CC3,8.53
100,CHEMBL45454,[I-].C[N+](C)(C)C[C@@H]1CS[C@](O1)(C2CCCCC2)c3ccccc3,8.55
101,dicycloverine,CCN(CC)CCOC(=O)C1(CCCCC1)C2CCCCC2,8.62
102,CHEMBL3354068,CN1CCC=C(C1)c2nsnc2OCCCCCCCC3CCN(CCCN4C(=O)CCc5ccccc45)CC3,8.64
103,methscopolamine,C[N+]1(C)[C@H]2C[C@@H](C[C@@H]1[C@H]1O[C@@H]21)OC(=O)[C@H](CO)C1=CC=CC=C1,8.64
104,CHEMBL1346,NC(=O)C([C@@H]1CCN(CCc2ccc3OCCc3c2)C1)(c4ccccc4)c5ccccc5,8.64
105,tolterodine,CC(C)N(CC[C@H](c1ccccc1)c2cc(C)ccc2O)C(C)C,8.66
106,CHEMBL376870,CN1CCC[C@@H]1[C@@H]2CS[C@@](O2)(C3CCCCC3)c4ccccc4,8.7
107,CHEMBL376255,CN1CCC[C@H]1[C@H]2CS[C@@](O2)(C3CCCCC3)c4ccccc4,8.7
108,benzatropine,CN1[C@@H]2CC[C@H]1C[C@H](C2)OC(c3ccccc3)c4ccccc4,8.7
109,CHEMBL2042553,CN(C)C[C@H]1COCC(O1)(c2ccccc2)c3ccccc3.OC(=O)C(=O)O,8.74
110,CHEMBL2042405,[I-].C[N+](C)(C)C[C@H]1COCC(O1)(c2ccccc2)c3ccccc3,8.77
111,CHEMBL71124,COc1ccc(cc1)[S+]([O-])c2ccc(cc2)C(C)C3CCN(CC3)C4CCCCC4,8.78
112,CHEMBL569307,[I-].C[N+]1(C)CCC[C@@H]1c2oc(cc2)[C@@](O)(C3CCCCC3)c4ccccc4,8.81
113,atropine,[H][C@]12CC[C@]([H])(C[C@@]([H])(C1)OC(=O)C(CO)C1=CC=CC=C1)N2C,8.83
114,CHEMBL385328,CN1CCC[C@H]1[C@H]2CS[C@](O2)(C3CCCCC3)c4ccccc4,8.87
115,CHEMBL219825,CN1CCC[C@@H]1[C@@H]2CS[C@](O2)(C3CCCCC3)c4ccccc4,8.92
116,CHEMBL3629360,O[C@@H](CNCCc1ccc(CCN2CCC(Cn3cnc(n3)[C@@](O)(C4CCCCC4)c5ccccc5)CC2)cc1)c6ccc(O)c7NC(=O)C=Cc67,8.96
117,CHEMBL1464005,[Br-].CC(C)[N+]1(C)[C@@H]2CC[C@H]1C[C@H](C2)OC(=O)C(CO)c3ccccc3,8.98
118,CHEMBL76897,[I-].C[N+]1(C)CCC(CC1)OC(=O)C(c2ccccc2)c3ccccc3,9.08
119,CHEMBL222259,[I-].C[N+]1(C)CCC[C@@H]1[C@@H]2CS[C@](O2)(C3CCCCC3)c4ccccc4,9.11
120,CHEMBL1201024,[Br-].C[N+]1(C)[C@H]2C[C@@H](C[C@H]1[C@H]3O[C@@H]23)OC(=O)[C@H](CO)c4ccccc4,9.35
121,CHEMBL375969,[I-].C[N+]1(C)CCC[C@H]1[C@H]2CSC(O2)(c3ccccc3)c4ccccc4,9.39
122,CHEMBL376057,[I-].C[N+]1(C)CCC[C@H]1[C@H]2CS[C@@](O2)(C3CCCCC3)c4ccccc4,9.7
123,CHEMBL1910856,CC(C)(CCC(C(=O)N)(c1ccccc1)c2ccccc2)N3CC(C3)Oc4cccc(O)c4,9.77
124,CHEMBL551466,[Br-].OC(C(=O)O[C@H]1C[N+]2(CCCOc3ccccc3)CCC1CC2)(c4cccs4)c5cccs5,9.8
125,CHEMBL219786,[I-].C[N+]1(C)CCC[C@H]1[C@H]2CS[C@](O2)(C3CCCCC3)c4ccccc4,9.97
126,CHEMBL3545181,O.[Br-].C[N+]1(C)[C@@H]2C[C@H](C[C@H]1[C@@H]3O[C@H]23)OC(=O)C(O)(c4cccs4)c5cccs5,10.0
0,CHEMBL376897,C[N+]1(C)[C@@H]2C[C@H](C[C@H]1[C@@H]3O[C@H]23)OC(=O)[C@H](CO)c4ccccc4,8.64
1,CHEMBL59347,COc1cc2CCN3Cc4c(OC3c2cc1OC)ccc5[nH]c(C)cc45,4.36
2,CHEMBL303758,CCOC(=O)c1c(C)[nH]c2ccc3OC4N(CCc5cc(C)ccc45)Cc3c12,5.41
3,CHEMBL61494,CCOC(=O)c1c[nH]c2ccc3OC4N(CCc5cc(OC)c(OC)cc45)Cc3c12,4.33
4,CHEMBL60142,CCOC(=O)c1c[nH]c2ccc3OC4N(CCc5cc(OC)ccc45)Cc3c12,5.22
5,CHEMBL277642,C[C@H]1CCC[C@H](\C=C\[C@@H]2[C@H]3CCCC[C@@H]3C[C@H]4[C@@H]2[C@H](C)OC4=O)N1C,5.99
6,CHEMBL1092,Cl.OC(CCN1CCCCC1)(C2CCCCC2)c3ccccc3,7.99
7,CHEMBL62247,CCOC(=O)c1c(C)[nH]c2ccc3OC4N(CCc5cc(OCC)ccc45)Cc3c12,5.06
8,CHEMBL294726,COc1ccc2C3Oc4ccc5[nH]c(C)cc5c4CN3CCc2c1,4.75
9,CHEMBL62251,COc1ccc2C3Oc4ccc5[nH]c(C)c(C(=O)OC(C)C)c5c4CN3CCc2c1,5.32
10,CHEMBL61700,CCOC(=O)c1c(C)[nH]c2ccc3OC4N(CCc5cc(Oc6ccccc6)ccc45)Cc3c12,5.69
11,CHEMBL61412,CCCOC(=O)c1c(C)[nH]c2ccc3OC4N(CCc5cc(OC)ccc45)Cc3c12,5.42
12,CHEMBL14,[Cl-].C[N+](C)(C)CCOC(=O)N,4.6
13,CHEMBL300987,CCOC(=O)c1c(C)[nH]c2ccc3OC4N(CCc5ccc(OC)cc45)Cc3c12,5.09
14,CHEMBL58228,CCOC(=O)c1c(C)[nH]c2ccc3OC4N(CCc5cc(OC)c(OC)cc45)Cc3c12,4.57
15,CHEMBL301041,CCOC(=O)c1c(C)[nH]c2ccc3OC4N(CCc5ccccc45)Cc3c12,5.38
16,CHEMBL59898,CCOC(=O)c1c(C)[nH]c2ccc3OC4N(CCc5cc(OC)ccc45)Cc3c12,5.13
17,CHEMBL304036,CCOC(=O)c1c(C)[nH]c2ccc3OC4N(CCc5cccc(C)c45)Cc3c12,5.76
18,CHEMBL61774,COC(=O)c1c(C)[nH]c2ccc3OC4N(CCc5ccccc45)Cc3c12,5.24
21,CHEMBL59939,COC(=O)c1c(C)[nH]c2ccc3OC4N(CCc5cc(OC)ccc45)Cc3c12,5.39
25,CHEMBL667,CC(=O)OCC[N+](C)(C)C,6.2
31,CHEMBL538793,Cl.CN1CCC=C(C1)c2nsnc2OCCCCCCCCCCCCOC(=O)C,6.2
43,CHEMBL136027,COc1nsnc1OCCCCCCCCCCCCOc2nsnc2C3=CCCN(C)C3,6.8
46,CHEMBL545077,Cl.CN1CCC=C(C1)c2nsnc2OCCCCCCCCCCCCO,6.9
49,CHEMBL553058,Cl.COc1nsnc1OCCOCCOCCOCCOc2nsnc2C3=CCCN(C)C3,6.4
52,CHEMBL69306,C#CCOc1noc2CCCNCc12,6.02
54,CHEMBL305264,CC(C)Oc1noc2CCCNCc12,6.96
56,CHEMBL69305,CCOc1noc2CCCNCc12,5.68
57,CHEMBL304142,COc1noc2CCCNCc12,5.33
58,CHEMBL7303,COC(=O)C1=CCCN(C)C1,6.22
59,CHEMBL369575,CC(C1=C(CCN2CCOCC2)Cc3ccccc13)c4ccccn4,5.57
60,CHEMBL564226,C[C@H](C1=C(CCN(C)C)Cc2ccccc12)c3ccccn3,5.57
61,CHEMBL423831,CN(C)CCC1=C(c2ccccc2C1)C(C)(C)c3ccccn3,6.43
62,CHEMBL167223,CC(C1=C(CCN(C)C)Cc2cc(Cl)ccc12)c3ccccn3,6.14
63,CHEMBL354523,CCC(C1=C(CCN(C)C)Cc2cc(Cl)ccc12)c3ccccn3,6.11
64,CHEMBL352966,CC(C1=C(CCN(C)C)Cc2ccc(C)cc12)c3ccccn3,5.23
65,CHEMBL354678,CCC(C1=C(CCN(C)C)Cc2ccccc12)c3ccccn3,6.17
66,CHEMBL169594,CN(C)CCOC(=O)C1=C(Cc2cccnc2)c3ccccc3C1,4.95
67,CHEMBL355392,CC(C1=C(CCN2CCCCC2)Cc3ccccc13)c4ccccn4,5.63
68,CHEMBL169680,CN(C)CCC1=C(Cc2ccncc2)c3ccccc3C1,4.99
69,CHEMBL172234,CN(C)CCOC(=O)C1=C(Cc2ccccn2)c3ccccc3C1,4.76
70,CHEMBL168223,CN(C)CCNC(=O)C1=C(Cc2ccncc2)c3ccccc3C1,4.38
71,CHEMBL355560,CN(C)CCC1=C(Cc2cccnc2)c3ccccc3C1,5.1
72,CHEMBL354841,CC(C1=C(CCN(C)C)Cc2cc(C)ccc12)c3ccccn3,5.84
73,CHEMBL352404,COc1ccc2CC(=C(C(C)c3ccccn3)c2c1)CCN(C)C,5.05
74,CHEMBL355455,CC(C1=C(CCN2CCCC2)Cc3ccccc13)c4ccccn4,5.7
75,CHEMBL170221,CC(C1=C(CCN(C)C)Cc2ccccc12)c3ccccc3,6.51
76,CHEMBL355851,CN(C)CCNC(=O)C1=C(Cc2cccnc2)c3ccccc3C1,4.18
77,CHEMBL168707,CC(C1=C(CCN(C)C)Cc2ccc(Cl)cc12)c3ccccn3,6.04
78,CHEMBL171216,CC(C)N(C)CC1=C(C(C)c2ccccn2)c3ccccc3C1,5.95
79,CHEMBL170088,CCCC(C1=C(CCN(C)C)Cc2ccccc12)c3ccccn3,6.52
80,CHEMBL352375,CC(C)N(CCC1=C(C(C)c2ccccn2)c3ccccc3C1)C(C)C,5.66
81,CHEMBL352779,CN(C)CCNC(=O)C1=C(Cc2ccccn2)c3ccccc3C1,4.34
82,CHEMBL172233,CC(C1=C(CCN(C)CCF)Cc2ccccc12)c3ccccn3,5.7
83,CHEMBL167027,COc1ccc2C(=C(CCN(C)C)Cc2c1)C(C)c3ccccn3,5.22
85,CHEMBL168704,CCN(CC)CCC1=C(C(C)c2ccccn2)c3ccccc3C1,5.68
86,CHEMBL1493369,C[C@@H](C1=C(CCN(C)C)Cc2ccccc12)c3ccccn3,6.12
87,CHEMBL353290,CC(C1=C(CCN(C)C)Cc2ccc(F)cc12)c3ccccn3,5.98
88,CHEMBL355769,CC(C)N(C)CCC1=C(C(C)c2ccccn2)c3ccccc3C1,5.66
89,CHEMBL169494,CN(C)CCC1=C(Cc2ccccn2)c3ccccc3C1,5.44
90,CHEMBL352723,CSc1ccc2CC(=C(C(C)c3ccccn3)c2c1)CCN(C)C,5.49
94,CHEMBL169401,CC(C1=C(CCCN(C)C)Cc2ccccc12)c3ccccn3,5.49
107,CHEMBL69452,CCO\C(=C\1/CN2CC(CCC2COCc3ccccc3)C1=O)\O,6.25
113,CHEMBL306462,CCO\C(=C\1/CN2CCCC(C2)C1=O)\O,6.01
130,CHEMBL20732,CN(C)CCOC(=O)C1=C\C(=C/c2ccccn2)\c3ccccc13,4.75
131,CHEMBL278074,O=C(OC1CN2CCC1CC2)C3=C\C(=C/c4ccncc4)\c5ccccc35,5.98
132,CHEMBL21321,O=C(OC1CN2CCC1CC2)C3=C\C(=C/c4cccnc4)\c5ccccc35,5.91
133,CHEMBL279453,CCCN(CCC)CC1CCCCN1CCNC(=O)N2c3ccccc3C(=O)Nc4cccnc24,6.27
138,CHEMBL21716,O=C(OC1CN2CCC1CC2)C3=C\C(=C/c4ccccn4)\c5ccccc35,6.01
143,CHEMBL21509,CN(C)CCC1=C\C(=C/c2ccccn2)\c3ccccc13,4.72
144,CHEMBL21328,CN(C)CCN(C)C(=O)C1=C\C(=C/c2cccnc2)\c3ccccc13,4.27
157,CHEMBL22108,CC(C1=C(CCN(C)C)Cc2ccccc12)c3ccccn3,6.1
158,CHEMBL279520,CN(C)CCNC(=O)C1=C\C(=C/c2cccnc2)\c3ccccc13,4.18
159,CHEMBL424214,CN1CCN(CC1)C(=O)C2=C\C(=C/c3ccncc3)\c4ccccc24,4.26
160,CHEMBL21937,CN(C)CCNC(=O)C1=C\C(=C/c2ccccn2)\c3ccccc13,4.26
161,CHEMBL283320,CN(C)CCNC(=O)C1=C\C(=C/c2ccncc2)\c3ccccc13,4.27
162,CHEMBL279225,CN(C)CCN(C)C(=O)C1=C\C(=C/c2ccccn2)\c3ccccc13,4.28
163,CHEMBL280684,CN(C)CCOC(=O)C1=C\C(=C/c2cccnc2)\c3ccccc13,4.52
169,CHEMBL21508,CN(C)CCC1=C\C(=C/c2cccnc2)\c3ccccc13,4.57
170,CHEMBL278129,CN(C)CCOC(=O)C1=C\C(=C/c2ccncc2)\c3ccccc13,4.57
172,CHEMBL114379,Oc1nc2ccccc2n1C3CCN(Cc4cc5OCOc5cc4Cl)CC3,5.72
176,CHEMBL15675,CN1CCC2=C(C1)c3nsnc3SC2,4.64
177,CHEMBL130835,COc1ccccc1CN2CCC(CC2)C3CCN(CC3)C(=O)CCCCCCC(=O)N4CCC(CC4)C5CCN(Cc6ccccc6OC)CC5,6.74
179,CHEMBL15936,C1Cc2ccc3nsnc3c2CN1,4.0
180,CHEMBL127273,COc1ccccc1CN2CCC(CC2)C3CCN(CCCCCCCCN4CCC(CC4)C5CCN(Cc6ccccc6OC)CC5)CC3,6.98
182,CHEMBL15944,CSc1nsnc1C2=CCCN(C)C2,5.68
184,CHEMBL279105,CSc1nsnc1C2=C(C)CCN(C)C2,4.0
187,CHEMBL27673,COc1ccccc1CNCCCCCCNCCCCCCCCNCCCCCCNCc2ccccc2OC,6.5
189,CHEMBL106219,CCOC(=O)c1c(CC)n(Cc2ccccc2)c3ccc4OC5N(CCc6cc(OC)ccc56)Cc4c13,6.32
190,CHEMBL118241,CCCCCCCCOC(=O)C1CN(CC)CC=C1c2ccccc2.OC(=O)C(=O)O,6.4
191,CHEMBL124173,CCN1CC=C(C(C1)C(=O)OCCc2ccc(C)cc2)c3ccccc3.OC(=O)C(=O)O,6.72
192,CHEMBL334093,CCN1CC=C(C(C1)C(=O)OCCCCCc2ccccc2)c3ccccc3.OC(=O)C(=O)O,5.81
194,CHEMBL420662,COc1ccc2C3Oc4ccc5[nH]c(C)c(C(=O)OCC=C)c5c4CN3CCc2c1,5.65
195,CHEMBL320465,CCCc1[nH]c2ccc3OC4N(CCc5cc(OC)ccc45)Cc3c2c1C(=O)OCC,5.65
196,CHEMBL1160977,CCCCCCOC(=O)C1CN(CC)CC=C1c2ccccc2.OC(C(O)C(=O)O)C(=O)O,6.78
197,CHEMBL318995,CCCCc1[nH]c2ccc3OC4N(CCc5cc(SC)ccc45)Cc3c2c1C(=O)OCC,5.83
199,CHEMBL543890,Cl.CCN1CCC(=C(C1)C(=O)OCCCc2ccccc2)c3ccccc3,6.32
200,CHEMBL120109,CCN1CCC(=C(C1)C(=O)OC)c2ccccc2.OC(=O)C(=O)O,6.01
201,CHEMBL332181,CCCCOC(=O)C1CN(CC)CC=C1c2ccccc2.OC(=O)C(=O)O,6.58
202,CHEMBL120581,CCN1CCC(=C(C1)C(=O)OCC(C)C)c2ccccc2.OC(=O)C(=O)O,6.39
203,CHEMBL104210,CCCCCc1[nH]c2ccc3OC4N(CCc5cc(OC)ccc45)Cc3c2c1C(=O)OCC,5.27
204,CHEMBL431688,CCCCCc1noc(n1)C2=C(CCN(CC)C2)c3ccccc3.OC(=O)C(=O)O,5.83
205,CHEMBL340561,CCCCCOC(=O)C1=C(CCN(CC)C1)c2ccccc2.OC(=O)C(=O)O,6.47
208,CHEMBL9967,CN1CCN(CC(=O)N2c3ccccc3C(=O)Nc4cccnc24)CC1,6.47
209,CHEMBL2112957,O=C(CC(c1ccccc1)(c2ccccc2)c3ccccc3)N4CCC[C@H]4C(=O)N5CCC[C@@H]5C(=O)NC[C@H]6CCCN(CC7CCCCC7)C6,6.82
210,CHEMBL104332,COc1ccc(Cn2c(C)c(C(=O)OCC=C)c3c4CN5CCc6cc(OC)ccc6C5Oc4ccc23)cc1,6.3
211,CHEMBL104574,COc1ccc2C3Oc4ccc5[nH]c(C)c(C(=O)OCc6ccccc6)c5c4CN3CCc2c1,5.95
213,CHEMBL120539,CCOC(=O)C1CN(CC)CC=C1c2ccccc2.OC(=O)C(=O)O,5.38
214,CHEMBL369062,O=C(CCCNC(=O)CC(c1ccccc1)(c2ccccc2)c3ccccc3)NCCC(=O)NCC4CCCN(CC5CCCCC5)C4,6.7
215,CHEMBL105148,CCOC(=O)c1c(CC)[nH]c2ccc3OC4N(CCc5cc(OC)ccc45)Cc3c12,5.51
216,CHEMBL543177,Cl.CCN1CCC(=C(C1)C(=O)OCc2ccccc2)c3ccccc3,6.56
217,CHEMBL330892,CCN1CC=C(C(C1)C(=O)OCCc2ccccc2)c3ccccc3.OC(=O)C(=O)O,6.48
218,CHEMBL120135,CCN1CC[C@H]([C@H](C1)C(=O)OC2CCCCC2)c3ccccc3,5.72
219,CHEMBL2112961,O=C(CNC(=O)[C@@H]1CCCN1C(=O)CC(c2ccccc2)(c3ccccc3)c4ccccc4)NC[C@H]5CCCN(CC6CCCCC6)C5,5.7
220,CHEMBL517712,CN1[C@@H]2CC[C@H]1C[C@H](C2)OC(=O)C(CO)c3ccccc3,9.27
221,CHEMBL106218,CCOC(=O)c1c(CC)n(C)c2ccc3OC4N(CCc5cc(OC)ccc45)Cc3c12,5.51
222,CHEMBL121552,CCN1CC=C(C(C1)C(=O)OCC(C)C)c2ccccc2.OC(=O)C(=O)O,6.25
226,CHEMBL106224,CCCc1c(C(=O)OCC)c2c3CN4CCc5cc(OC)ccc5C4Oc3ccc2n1C,5.47
230,CHEMBL121385,CCN1CCC(=C(C1)C(=O)OCCCC2CCCCC2)c3ccccc3.OC(=O)C(=O)O,5.9
232,CHEMBL2112956,O=C(CCCCCNC(=O)CC(c1ccccc1)(c2ccccc2)c3ccccc3)NC[C@H]4CCCN(CC5CCCCC5)C4,6.68
237,CHEMBL333125,CCN1CCC(=C(C1)C(=O)OCCCCc2ccccc2)c3ccccc3.OC(=O)C(=O)O,6.08
238,CHEMBL332645,CCN1CC=C(C(C1)C(=O)Oc2ccccc2)c3ccccc3.OC(=O)C(=O)O,4.51
239,CHEMBL262303,CCN1CC[C@H]([C@@H](C1)C(=O)OC2CCCCC2)c3ccccc3.OC(=O)C(=O)O,5.53
240,CHEMBL177040,O=C(CCCNC(=O)CNC(=O)CC(c1ccccc1)(c2ccccc2)c3ccccc3)NCC4CCCN(CC5CCCCC5)C4,5.96
243,CHEMBL338280,CCN1CCC(=C(C1)C(=O)Oc2ccccc2)c3ccccc3.OC(=O)C(=O)O,5.8
244,CHEMBL121476,CCCCCCCOC(=O)C1CN(CC)CC=C1c2ccccc2.OC(=O)C(=O)O,6.27
246,CHEMBL118553,CCN1CC=C(C(C1)C(=O)OCCCC2CCCCC2)c3ccccc3.OC(=O)C(=O)O,4.96
247,CHEMBL105593,CCOC(=O)c1c(C)[nH]c2ccc3OC4N(CCc5cccc(Cl)c45)Cc3c12,5.32
248,CHEMBL104804,COc1ccc2C3Oc4ccc5[nH]c(C)c(Cc6ccccc6)c5c4CN3CCc2c1,5.95
249,CHEMBL333940,CCCCCCCCCCOC(=O)C1CN(CC)CC=C1c2ccccc2,5.95
250,CHEMBL121298,CCN1CC=C(C(C1)C(=O)OCCCCc2ccccc2)c3ccccc3.OC(=O)C(=O)O,5.3
251,CHEMBL121520,CCN1CCC(=C(C1)C(=O)OCC2CCCCC2)c3ccccc3.OC(=O)C(=O)O,6.94
252,CHEMBL105945,COC(=O)c1c(C)n(C)c2ccc3OC4N(CCc5cc(OC)ccc45)Cc3c12,5.44
259,CHEMBL120963,CCN1CCC(=C(C1)C(=O)OCC(c2ccccc2)c3ccccc3)c4ccccc4.OC(=O)C(=O)O,5.51
260,CHEMBL326450,CCCCc1[nH]c2ccc3OC4N(CCc5cc(OC)ccc45)Cc3c2c1C(=O)OCC,4.95
261,CHEMBL107679,CCOC(=O)c1c(C)n(CC)c2ccc3OC4N(CCc5cc(OC)ccc45)Cc3c12,5.6
266,CHEMBL122353,CCCOC(=O)C1CN(CC)CC=C1c2ccccc2.OC(=O)C(=O)O,5.95
267,CHEMBL116601,CCCCCOC(=O)C1CN(CC)CC=C1c2ccccc2.OC(=O)C(=O)O,6.43
268,CHEMBL106259,CCN(C)C(=O)c1c(C)[nH]c2ccc3OC4N(CCc5cc(OC)ccc45)Cc3c12,4.71
269,CHEMBL340780,CCCCCCOC(=O)[C@H]1CN(CC)CC[C@H]1c2ccccc2.OC(=O)C(=O)O,6.65
271,CHEMBL280220,CCCc1c(C(=O)OCC)c2c3CN4CCc5cc(SC)ccc5C4Oc3ccc2n1C,5.77
272,CHEMBL120972,CCCCCCCCCOC(=O)C1CN(CC)CC=C1c2ccccc2,6.48
273,CHEMBL334194,CCN1CC[C@H]([C@H](C1)C(=O)OCCc2ccccc2)c3ccccc3.OC(=O)C(=O)O,5.37
275,CHEMBL123099,CCN1CCC(=C(C1)C(=O)OCCc2ccc(OC)cc2)c3ccccc3.OC(=O)C(=O)O,6.06
276,CHEMBL333065,CCCCCCOC(=O)C1CN(CC)CC=C1c2ccccc2.OC(=O)C(=O)O,6.29
277,CHEMBL330999,CCN1CC=C(C(C1)C(=O)OCC2CCCCC2)c3ccccc3.OC(=O)C(=O)O,6.67
278,CHEMBL105674,CCOC(=O)c1c(C)[nH]c2ccc3OC4N(CCc5cc(Cl)ccc45)Cc3c12,5.27
279,CHEMBL122354,CCCCCCOC(=O)C1=C(CCN(CC)C1)c2ccccc2.OC(=O)C(=O)O,6.86
280,CHEMBL107444,CCOC(=O)c1c(C)n(C)c2ccc3OC4N(CCc5cc(OC)ccc45)Cc3c12,5.43
281,CHEMBL104803,COc1ccc2C3Oc4ccc5[nH]c(C)c(c6onc(C)n6)c5c4CN3CCc2c1,5.21
283,CHEMBL324712,CCCCOC(=O)C1=C(CCN(CC)C1)c2ccccc2.OC(=O)C(=O)O,6.59
284,CHEMBL332320,CCCCCCCCCCOC(=O)C1=C(CCN(CC)C1)c2ccccc2,6.63
287,CHEMBL540316,Cl.CCN1CC=C(C(C1)C(=O)OCCCc2ccccc2)c3ccccc3,6.59
288,CHEMBL331516,CCN1CCC(=C(C1)C(=O)OCCCCCc2ccccc2)c3ccccc3.OC(=O)C(=O)O,6.33
290,CHEMBL121299,CCN1CC=C(C(C1)C(=O)OCCc2ccc(OC)cc2)c3ccccc3.OC(=O)C(=O)O,6.3
292,CHEMBL334245,CCCCCCCOC(=O)C1=C(CCN(CC)C1)c2ccccc2.OC(=O)C(=O)O,6.71
293,CHEMBL123198,CCN1CC=C(C(C1)C(=O)OCC(c2ccccc2)c3ccccc3)c4ccccc4.OC(=O)C(=O)O,5.45
294,CHEMBL120329,CCCOC(=O)C1=C(CCN(CC)C1)c2ccccc2.OC(=O)C(=O)O,6.22
295,CHEMBL105122,CCOC(=O)c1c(C)[nH]c2ccc3OC4N(CCc5cc(SC)ccc45)Cc3c12,5.71
302,CHEMBL106505,CCCCOC(=O)c1c(C)[nH]c2ccc3OC4N(CCc5cc(OC)ccc45)Cc3c12,5.6
303,CHEMBL330885,CCN1CC=C(C(C1)C(=O)OC)c2ccccc2.OC(=O)C(=O)O,4.77
304,CHEMBL332335,CCOC(=O)C1=C(CCN(CC)C1)c2ccccc2.OC(=O)C(=O)O,5.88
305,CHEMBL120599,CCN1CC=C(C(C1)C(=O)OCCC2CCCCC2)c3ccccc3.OC(=O)C(=O)O,6.8
306,CHEMBL104693,CCCc1[nH]c2ccc3OC4N(CCc5cc(SC)ccc45)Cc3c2c1C(=O)OCC,5.62
308,CHEMBL332405,CCCCCc1noc(n1)C2CN(CC)CC=C2c3ccccc3.OC(=O)C(=O)O,5.68
321,CHEMBL2111540,COc1ccc(cc1)[S+]([O-])c2ccc(cc2)C(C#N)N3CCN(CC3)C4CCCCC4,6.51
322,CHEMBL346389,Clc1ccc(cc1)N2CCN(Cc3ccc4NC(=O)COc4c3)CC2,5.87
340,CHEMBL380759,[Cl-].C[N+](C)(C)CC#CCOC(=O)Nc1ccc(Cl)cc1,5.42
341,CHEMBL128365,CN1CCC=C(C1)C(=O)OCC#C,6.03
344,CHEMBL2093084,[I-].C[C@@H]1O[C@@H](C[S+]1[O-])[C@@H]2CCC[N+]2(C)C,4.47
361,CHEMBL212645,O[C@@H]1C[C@H](N(C1)C(=O)CC(c2ccc(F)cc2)(c3ccc(F)cc3)c4ccc(F)cc4)C(=O)N5CCC[C@@H]5C(=O)NCC6CCN(CC6)C7CCCC7,5.5
364,CHEMBL214898,O[C@@H]1C[C@H](N(C1)C(=O)CC(c2ccc(F)cc2)(c3ccc(F)cc3)c4ccc(F)cc4)C(=O)N5CCC[C@@H]5C(=O)NCC6CCN(CC7CCCC7)CC6,6.03
365,CHEMBL215189,O[C@@H]1C[C@H](N(C1)C(=O)CC(c2ccc(F)cc2)(c3ccc(F)cc3)c4ccc(F)cc4)C(=O)N5CCC[C@@H]5C(=O)NCC6CCN(CC7CCC7)CC6,5.51
366,CHEMBL378772,O[C@@H]1C[C@H](N(C1)C(=O)CC(c2ccc(F)cc2)(c3ccc(F)cc3)c4ccc(F)cc4)C(=O)N5CCC[C@@H]5C(=O)NCC6CCN(CC7CC7)CC6,5.8
367,CHEMBL213709,CCN1CCC(CNC(=O)[C@H]2CCCN2C(=O)[C@@H]3C[C@@H](O)CN3C(=O)CC(c4ccc(F)cc4)(c5ccc(F)cc5)c6ccc(F)cc6)CC1,5.55
368,CHEMBL214342,CN1CCC(CNC(=O)[C@H]2CCCN2C(=O)[C@@H]3C[C@@H](O)CN3C(=O)CC(c4ccc(F)cc4)(c5ccc(F)cc5)c6ccc(F)cc6)CC1,5.8
369,CHEMBL438822,O[C@@H]1C[C@H](N(C1)C(=O)CC(c2ccc(F)cc2)(c3ccc(F)cc3)c4ccc(F)cc4)C(=O)N5CCC[C@@H]5C(=O)NC[C@@H]6CCCNC6,5.77
370,CHEMBL214029,O[C@@H]1C[C@H](N(C1)C(=O)CC(c2ccc(F)cc2)(c3ccc(F)cc3)c4ccc(F)cc4)C(=O)N5CCC[C@@H]5C(=O)NCCC6CCNCC6,5.77
371,CHEMBL215180,O[C@@H]1C[C@H](N(C1)C(=O)CC(c2ccc(F)cc2)(c3ccc(F)cc3)c4ccc(F)cc4)C(=O)N5CCC[C@@H]5C(=O)NCC6CCNCC6,5.46
372,CHEMBL215894,O[C@@H]1C[C@H](N(C1)C(=O)CC(c2ccc(Cl)cc2)(c3ccc(Cl)cc3)c4ccc(Cl)cc4)C(=O)N5CCC[C@@H]5C(=O)NC[C@@H]6CCCNC6,5.57
373,CHEMBL378859,O[C@@H]1C[C@H](N(C1)C(=O)CC(c2ccc(Cl)cc2)(c3ccc(Cl)cc3)c4ccc(Cl)cc4)C(=O)N5CCC[C@@H]5C(=O)NCCC6CCNCC6,6.02
374,CHEMBL378872,O[C@@H]1C[C@H](N(C1)C(=O)CC(c2ccc(Cl)cc2)(c3ccc(Cl)cc3)c4ccc(Cl)cc4)C(=O)N5CCC[C@@H]5C(=O)NCC6CCNCC6,5.6
379,CHEMBL219118,COc1nsc(OCCCOCCCOCCCOc2nsnc2c3cccnc3)n1,6.6
381,CHEMBL216928,COc1nsc(OCCOCCOCCOCCOc2nsnc2C3C=CCCN3C)n1,6.6
382,CHEMBL216983,CN1CCC=C(C1)c2nsnc2OCCOCCOCCOCCO,5.4
384,CHEMBL216927,COc1nsnc1OCCOCCOCCOCCOc2nsnc2C3=CCCN(C)C3,6.4
385,CHEMBL218755,COc1nsnc1OCCOCCOCCOc2nsnc2C3=CCCN(C)C3,6.2
386,CHEMBL373888,COc1nsnc1OCCOCCOc2nsnc2C3=CCCN(C)C3,6.6
434,CHEMBL242345,COc1ccccc1CNCCCCCCN2CCC(CCC3CCN(CCCCCCNCc4ccccc4OC)CC3)CC2,6.77
435,CHEMBL244946,Cc1ccc2c(cccc2n1)c3nnc(SCCCN4CCc5ccc(cc5CC4)c6cc(C)nn6C)n3C,6.2
436,CHEMBL275104,O=C1CCON1CC#CCN2CCCC2,6.29
437,CHEMBL396845,[I-].C[N+]1(CC#CCOC2=NOCC2)CCc3ccccc3C1,5.25
438,CHEMBL239436,[I-].C[N+]1(CC#CCOC2=NOCC2)CCCCC1,5.39
439,CHEMBL239866,OC(=O)C(=O)O.C(OC1=NOCC1)C#CCN2CCCCC2,5.29
440,CHEMBL398043,OC(=O)C(=O)O.O=C1CCON1CC#CCN2CCCCC2,6.26
442,CHEMBL239038,[I-].C[N+]1(CC#CCOc2cc(on2)c3ccccc3)CCCC1,5.74
443,CHEMBL428916,OC(=O)\C=C\C(=O)O.C(Oc1cc(on1)c2ccccc2)C#CCN3CCCC3,5.16
444,CHEMBL238825,[I-].Cc1onc(OCC#CC[N+]2(C)CCCC2)c1,5.12
445,CHEMBL239655,[I-].Cc1onc(OCC#CC[N+](C)(C)C)c1,5.2
465,CHEMBL404557,[I-].C[C@@H]1COC[C@@H](C[N+](C)(C)C)O1,4.06
466,CHEMBL227429,[I-].C[C@H]1COC[C@H](C[N+](C)(C)C)O1,4.52
470,CHEMBL1382,CC(C)N(CC[C@H](c1ccccc1)c2cc(C)ccc2O)C(C)C,8.66
472,CHEMBL257643,[Br-].[Br-].CCN(CC)c1ccc(\C=C\c2cc[n+](CCC[N+](CC)(CC)CC)cc2)cc1,6.64
474,CHEMBL105457,C[C@H]1OC[C@@H](C[N+](C)(C)C)O1,4.66
475,CHEMBL259662,C[C@H]1COC[C@@H](C[N+](C)(C)C)O1,5.43
477,CHEMBL550,CC[C@H]1[C@@H](Cc2cncn2C)COC1=O,4.99
481,CHEMBL151938,CO\N=C\C1=CCCN(C)C1,5.5
483,CHEMBL541424,C[C@@H]1O[C@@H](C[S+]1[O-])[C@@H]2CCC[N+]2(C)C,4.24
485,CHEMBL258907,C[C@H]1O[C@H](CS1)[C@H]2CCC[N+]2(C)C,4.97
486,CHEMBL258906,C[C@@H]1O[C@@H](CS1)[C@@H]2CCC[N+]2(C)C,4.63
487,CHEMBL258905,C[C@@H]1O[C@@H](CS1)[C@H]2CCC[N+]2(C)C,4.61
488,CHEMBL259344,C[C@H]1O[C@H](CS1)[C@@H]2CCC[N+]2(C)C,4.99
489,CHEMBL259131,C[C@H]1OC[C@H](O1)[C@H]2CCC[N+]2(C)C,4.28
490,CHEMBL402473,C[C@H]1OC[C@H](O1)[C@@H]2CCC[N+]2(C)C,4.64
491,CHEMBL320820,C[C@@H]1O[C@H](C[N+](C)(C)C)CS1,4.88
493,CHEMBL1529,Cl.OC(CCCN1CCCCC1)(c2ccccc2)c3ccccc3,5.89
494,CHEMBL257804,[I-].[I-].C[N+]1(C)CCC(CC1)C2CC[N+](C)(CCCC(O)(c3ccccc3)c4ccccc4)CC2,4.59
495,CHEMBL257174,Cl.Cl.CN1CCC(CC1)C2CCN(CCCC(O)(c3ccccc3)c4ccccc4)CC2,5.54
496,CHEMBL402207,[I-].[I-].C[N+]1(CCCC(O)(c2ccccc2)c3ccccc3)CCC(CC1)C4CC[N+](C)(CCCC(O)(c5ccccc5)c6ccccc6)CC4,6.23
497,CHEMBL403773,Cl.Cl.OC(CCCN1CCC(CC1)C2CCN(CCCC(O)(c3ccccc3)c4ccccc4)CC2)(c5ccccc5)c6ccccc6,6.11
498,CHEMBL403592,[I-].[I-].C[N+](C)(CCCC(O)(c1ccccc1)c2ccccc2)CCC[N+](C)(C)CCCC(O)(c3ccccc3)c4ccccc4,5.12
499,CHEMBL256923,Cl.Cl.CN(CCCN(C)CCCC(O)(c1ccccc1)c2ccccc2)CCCC(O)(c3ccccc3)c4ccccc4,6.08
500,CHEMBL257586,[I-].[I-].C[N+](C)(CCCC(O)(c1ccccc1)c2ccccc2)CC[N+](C)(C)CCCC(O)(c3ccccc3)c4ccccc4,4.74
502,CHEMBL402282,[I-].C[N+]1(CCCC(O)(c2ccccc2)c3ccccc3)CCN(CCCC(O)(c4ccccc4)c5ccccc5)CC1,5.81
503,CHEMBL404866,Cl.Cl.OC(CCCN1CCN(CCCC(O)(c2ccccc2)c3ccccc3)CC1)(c4ccccc4)c5ccccc5,4.63
504,CHEMBL257547,[I-].C[N+]1(CCCC(O)(c2ccccc2)c3ccccc3)CCN(CC1)c4ccccc4,5.16
506,CHEMBL436850,[I-].C[N+]1(C)CCN(CCCC(O)(c2ccccc2)c3ccccc3)CC1,5.02
507,CHEMBL258161,Cl.Cl.CN1CCN(CCCC(O)(c2ccccc2)c3ccccc3)CC1,4.87
508,CHEMBL258385,Cl.Cl.OC(CCCN1CCNCC1)(c2ccccc2)c3ccccc3,5.85
509,CHEMBL254586,[I-].C[N+]1(CCCC(O)(c2ccccc2)c3ccccc3)CCCCC1,6.15
519,CHEMBL523518,CN1CCC[C@@H]1[C@@H]2C[S+]([O-])C(O2)(c3ccccc3)c4ccccc4,6.45
526,CHEMBL554916,[I-].C[N+]1(C)CCC[C@@H]1[C@@H]2C[S+]([O-])[C@@](O2)(C3CCCCC3)c4ccccc4,6.52
530,CHEMBL556390,[I-].C[N+]1(C)CCC[C@@H]1[C@@H]2C[S+]([O-])C(O2)(c3ccccc3)c4ccccc4,6.09
533,CHEMBL524061,CN1CCC[C@H]1[C@H]2C[S+]([O-])[C@@](O2)(C3CCCCC3)c4ccccc4,6.42
541,CHEMBL493795,CN1CCC[C@H]1[C@H]2C[S+]([O-])C(O2)(c3ccccc3)c4ccccc4,6.64
544,CHEMBL557808,[I-].C[N+](C)(C)C[C@@H]1C[S+]([O-])[C@](O1)(C2CCCCC2)c3ccccc3,6.85
558,CHEMBL485913,NC(=O)OCCN1CCC(CC1)N2CCC(CC2)N3C(=O)Nc4ccccc34,7.47
574,CHEMBL461087,C1CNC(C1)c2occc2,4.78
575,CHEMBL92387,Cc1oc(C[N+](C)(C)C)cc1,5.16
576,CHEMBL40554,C[N+](C)(C)CC#CCOC(=O)Nc1cccc(Cl)c1,5.42
578,CHEMBL551563,[I-].Cc1oc(cc1)[C@@H]2CCC[N+]2(C)C,5.44
579,CHEMBL553434,[I-].Cc1oc(cc1)[C@H]2CCC[N+]2(C)C,5.02
580,CHEMBL555475,[I-].Cc1oc(cc1)C2CCC[N+]2(C)C,5.33
581,CHEMBL553155,[I-].C[N+]1(C)CCC[C@H]1c2occc2,4.68
582,CHEMBL527880,[I-].C[N+]1(C)CCC[C@@H]1c2occc2,4.63
583,CHEMBL554532,[I-].C[N+]1(C)CCCC1c2occc2,5.5
584,CHEMBL450463,CN1CCC[C@H]1c2oc(C)cc2,4.4
585,CHEMBL461709,CN1CCC[C@@H]1c2oc(C)cc2,4.5
586,CHEMBL513277,CN1CCCC1c2oc(C)cc2,4.66
587,CHEMBL450729,CN1CCC[C@H]1c2occc2,4.2
588,CHEMBL461502,CN1CCC[C@@H]1c2occc2,4.12
589,CHEMBL460470,CN1CCCC1c2occc2,4.35
591,CHEMBL461089,Cc1oc(cc1)[C@H]2CCCN2,4.8
592,CHEMBL505086,Cc1oc(cc1)C2CCCN2,4.72
593,CHEMBL451335,C1CN[C@@H](C1)c2occc2,4.32
594,CHEMBL461088,C1CN[C@H](C1)c2occc2,4.5
595,CHEMBL491209,CCOC(=O)N1CCC(CC1)N2CCC(CC2)N3C(=O)Nc4ccccc34,7.47
614,CHEMBL499519,CCCCCCCCCCCC(OC(=O)C(CCCCN(O)C(=O)C)NC(=O)c1coc(n1)c2ccccc2O)C(C)C(=O)NC3CCCCN(O)C3=O,5.79
616,CHEMBL480464,CC[C@@H](C)[C@@H](O)C(=O)OC[C@H]1CCN2CCC[C@@H]12,5.91
733,CHEMBL523685,Brc1ccc(CN2C(=O)C(=O)c3ccccc23)cc1,5.39
745,CHEMBL569212,CN1CCC[C@@H]1c2oc(cc2)[C@](O)(C3CCCCC3)c4ccccc4,6.33
746,CHEMBL569953,CN1CCC[C@H]1c2oc(cc2)[C@](O)(C3CCCCC3)c4ccccc4,5.81
747,CHEMBL571123,CN1CCCC1c2oc(cc2)C(c3ccccc3)c4ccccc4,6.98
753,CHEMBL568775,[I-].C[N+]1(C)CCC[C@@H]1c2oc(cc2)[C@](O)(C3CCCCC3)c4ccccc4,6.64
754,CHEMBL569089,[I-].C[N+]1(C)CCC[C@H]1c2oc(cc2)[C@](O)(C3CCCCC3)c4ccccc4,6.06
759,CHEMBL593685,[I-].C[C@H]1OC[C@@H](C[N+](C)(C)C)OC1(C)C,4.49
760,CHEMBL594803,[I-].C[C@@H]1O[C@H](C[N+](C)(C)C)COC1(C)C,4.28
761,CHEMBL594801,[I-].CC1(C)COC[C@@H](C[N+](C)(C)C)O1,4.55
762,CHEMBL608985,[I-].C[C@@H]1O[C@H](C[N+](C)(C)C)CO[C@@H]1C,4.01
763,CHEMBL593443,[I-].C[C@H]1CO[C@H](C[N+](C)(C)C)CO1,4.2
765,CHEMBL595265,[I-].C[C@@H]1OC[C@@H](C[N+](C)(C)C)O[C@H]1C,4.81
766,CHEMBL595022,[I-].C[C@H]1O[C@H](C[N+](C)(C)C)COC1(C)C,4.08
769,CHEMBL593620,[I-].C[C@@H]1OC[C@@H](C[N+](C)(C)C)OC1(C)C,4.78
770,CHEMBL594376,[I-].C[C@@H]1CO[C@H](C[N+](C)(C)C)CO1,4.03
772,CHEMBL593861,[I-].CC1(C)OC[C@@H](C[N+](C)(C)C)OC1(C)C,4.18
776,CHEMBL593506,FC(F)(F)Oc1ccc2N(Cc3ccc(cc3)c4ccccc4)C(=O)C(=O)c2c1,5.57
777,CHEMBL603445,FC(F)(F)Oc1ccc2N(Cc3ccc(cc3)c4ccsc4)C(=O)C(=O)c2c1,5.55
778,CHEMBL596289,FC(F)(F)Oc1ccc2N(Cc3ccc(cc3)c4ccc(Cl)nc4)C(=O)C(=O)c2c1,5.32
779,CHEMBL596509,Fc1ccc(cn1)c2ccc(CN3C(=O)C(=O)c4cc(OC(F)(F)F)ccc34)cc2,5.44
780,CHEMBL596510,Cn1cc(cn1)c2ccc(CN3C(=O)C(=O)c4cc(OC(F)(F)F)ccc34)cc2,5.48
781,CHEMBL595403,COc1ccccc1c2ccc(CN3C(=O)C(=O)c4cc(OC(F)(F)F)ccc34)cc2,5.41
791,CHEMBL595404,COc1ccc(CN2C(=O)C(=O)c3ccc(OC(F)(F)F)cc23)cc1,5.24
792,CHEMBL595628,FC(F)(F)Oc1ccc2C(=O)C(=O)N(Cc3ccc(cc3)c4ccccc4)c2c1,5.57
793,CHEMBL604482,FC(F)(F)Oc1ccc2N(Cc3ccc(Oc4ccccc4)cc3)C(=O)C(=O)c2c1,5.72
795,CHEMBL604798,Cc1ccc2oc(nc2n1)N3CCN4CCC3CC4,5.28
806,CHEMBL1094003,CCN1CCN(CC1)c2ccc(NC(=O)c3ccccc3Cl)cc2Cl,5.64
807,CHEMBL1092460,CCN1CCN(CC1)c2ccc(NC(=O)c3ccccc3OC)cc2Cl,5.89
809,CHEMBL1093775,CCN1CCN(CC1)c2ccc(NC(=O)c3cccc(C)c3)cc2Cl,5.46
810,CHEMBL1090094,CCN1CCN(CC1)c2ccc(NC(=O)c3c(F)c(F)c(F)c(F)c3F)cc2Cl,6.08
812,CHEMBL1090096,CCN1CCN(CC1)c2ccc(NC(=O)c3cccc(c3)C(F)(F)F)cc2Cl,5.39
813,CHEMBL1090097,CCN1CCN(CC1)c2ccc(NC(=O)c3cc(ccc3C(F)(F)F)C(F)(F)F)cc2Cl,5.39
818,CHEMBL1083925,C[C@H]1CNCC[C@@H]1CNC(=O)c2c(F)cccc2c3cccc(Cl)c3,6.3
819,CHEMBL1083618,Fc1cccc(c2cccc(Cl)c2)c1C(=O)NCC3=CCNCC3,5.8
820,CHEMBL1082365,C[C@H]1CNCC[C@]1(F)CNC(=O)c2c(F)cccc2c3cccc(Cl)c3,5.2
824,CHEMBL1083723,Cc1ccc(cc1Cl)c2ccccc2C(=O)NCC3CCNCC3,6.1
825,CHEMBL1083108,Fc1ccc(Cl)cc1c2ccccc2C(=O)NCC3CCNCC3,5.3
831,CHEMBL1223753,Cc1cc2N(C3CCN(CC3)C4CCOCC4)C(=O)Nc2cc1F,6.1
832,CHEMBL1223754,CCCO[C@@H]1CC[C@](C)(CC1)N2CCC(CC2)N3C(=O)Nc4cc(F)c(C)cc34,7.9
833,CHEMBL1223803,CCCO[C@@H]1CC[C@](C)(CC1)N2CCC(CC2)N3C(=O)Cc4ccc(C)cc34,7.7
834,CHEMBL1223804,CCO[C@@H]1CC[C@](C)(CC1)N2CCC(CC2)N3C(=O)Cc4ccc(C)cc34,7.7
835,CHEMBL1223805,CO[C@@H]1CC[C@](C)(CC1)N2CCC(CC2)N3C(=O)Cc4ccc(C)cc34,6.9
836,CHEMBL1223806,CO[C@@H]1CC[C@](C)(CC1)N2CCC(CC2)N3C(=O)Oc4ccc(C)cc34,6.4
837,CHEMBL1223807,CCO[C@@H]1CC[C@](C)(CC1)N2CCC(CC2)N3C(=O)Oc4ccccc34,6.0
838,CHEMBL1223860,CCO[C@@H]1CC[C@](C)(CC1)N2CCC(CC2)N3C(=O)Oc4cc(F)c(C)cc34,7.3
839,CHEMBL1223861,CCO[C@@H]1CC[C@](C)(CC1)N2CCC(CC2)N3C(=O)Oc4c(F)cc(C)cc34,6.8
840,CHEMBL1223862,CCO[C@@H]1CC[C@](C)(CC1)N2CCC(CC2)N3C(=O)Oc4ccc(OC)cc34,6.8
842,CHEMBL1223863,CCO[C@@H]1CC[C@](C)(CC1)N2CCC(CC2)N3C(=O)Oc4ccc(cc34)C#N,6.4
843,CHEMBL1223864,CCO[C@@H]1CC[C@](C)(CC1)N2CCC(CC2)N3C(=O)Oc4ccc(cc34)S(=O)(=O)C,5.9
844,CHEMBL1223938,CCO[C@@H]1CC[C@](C)(CC1)N2CCC(CC2)N3C(=O)Oc4ccc(cc34)S(=O)(=O)CC,5.3
845,CHEMBL1223939,CCCO[C@@H]1CC[C@](C)(CC1)N2CCC(CC2)N3C(=O)Oc4ccc(cc34)S(=O)(=O)C,6.5
846,CHEMBL1223940,COCCO[C@@H]1CC[C@](C)(CC1)N2CCC(CC2)N3C(=O)Oc4ccc(C)cc34,6.8
847,CHEMBL1223941,COCCO[C@@H]1CC[C@](C)(CC1)N2CCC(CC2)N3C(=O)Oc4ccc(cc34)C#N,6.0
851,CHEMBL1242979,COc1ccc(CC(=O)NC2CCN(CCCN3C(=O)CCc4cc(F)c(F)cc34)CC2)cc1OC,5.92
916,CHEMBL1255607,Fc1cc(ccc1CN2C(=O)C(=O)c3cc(OC(F)(F)F)ccc23)c4ccccc4,5.23
918,CHEMBL1257151,FC(F)(F)Oc1ccc2N(Cc3ccc4OCOc4c3)C(=O)C(=O)c2c1,5.5
920,CHEMBL1257388,FC(F)(F)Oc1ccc2N(Cc3ccc(cc3)c4cccnc4)C(=O)C(=O)c2c1,5.8
921,CHEMBL1257389,FC(F)(F)Oc1ccc2N(Cc3ccc(cc3)c4ccncc4)C(=O)C(=O)c2c1,5.55
922,CHEMBL1257498,FC(F)(F)Oc1ccc2N(Cc3ccc(cc3)c4cncnc4)C(=O)C(=O)c2c1,5.68
923,CHEMBL1257499,FC(F)(F)Oc1ccc2N(Cc3ccc(Cl)nc3)C(=O)C(=O)c2c1,5.62
924,CHEMBL1257619,FC(F)(F)Oc1ccc2N(Cc3ccc(cn3)c4ccccc4)C(=O)C(=O)c2c1,5.51
927,CHEMBL1257741,FC(F)(F)Oc1ccc2N(Cc3ccc(nc3)c4ccccc4)C(=O)C(=O)c2c1,5.42
928,CHEMBL1257862,FC(F)(F)Oc1ccc2N(Cc3ccc(nc3)c4cccnc4)C(=O)C(=O)c2c1,5.4
929,CHEMBL1257863,FC(F)(F)Oc1ccc2N(Cc3ccc(nc3)c4ccncc4)C(=O)C(=O)c2c1,5.36
930,CHEMBL1257974,FC(F)(F)Oc1ccc2N(Cc3ccc(Oc4ccccn4)cc3)C(=O)C(=O)c2c1,5.5
931,CHEMBL1257975,Fc1cccc(Oc2ccc(CN3C(=O)C(=O)c4cc(OC(F)(F)F)ccc34)cc2)n1,5.82
932,CHEMBL1258090,COc1cccc(Oc2ccc(CN3C(=O)C(=O)c4cc(OC(F)(F)F)ccc34)cc2)n1,5.66
933,CHEMBL1258091,FC(F)(F)Oc1ccc2N(Cc3ccc(Oc4nccs4)cc3)C(=O)C(=O)c2c1,5.55
956,CHEMBL1258223,CCCCN1CCC(COC(=O)c2cc(Cl)c(NC)c3OCCOc23)CC1,6.01
957,CHEMBL1258452,CCCCN1CCC(COC(=O)c2ccc(N)c(OC)c2)CC1,5.39
960,CHEMBL1201027,[Br-].C[N+]1(C)CCC(C1)OC(=O)C(O)(C2CCCC2)c3ccccc3,9.7
962,CHEMBL1367424,CCOC(=O)N1CCC(CC1)NCCNC(=O)c2cccs2,4.05
963,CHEMBL1559151,Cl.CCOC(=O)N1CCC(CC1)NCCNC(=O)c2ccccc2C,4.62
964,CHEMBL1535797,Cl.CCOC(=O)N1CCC(CC1)NCCNC(=O)c2ccccc2,4.19
965,CHEMBL1482157,CCOC(=O)N1CCC(CC1)NCCNC(=O)c2ccccc2Cl,4.32
977,CHEMBL1643900,Fc1cccc(CCN[C@H]2C3C4CC5C6C4CC3C6C25)c1,5.74
982,CHEMBL1184,[Cl-].CC(=O)OCC[N+](C)(C)C,6.1
984,CHEMBL23957,[I-].C[N+](C)(C)CC#CCN1CCCC1=O,5.64
985,CHEMBL1255785,[Cl-].C[C@@H]1O[C@H](C[N+](C)(C)C)C[C@H]1O,5.89
997,CHEMBL1770373,C(c1ccccc1)c2ncc3CCNCCc3n2,6.52
1001,CHEMBL1824784,Cl.C(N1C2CC3CC(CC1C3)C2)c4ccccc4,5.18
1002,CHEMBL1824785,Cl.Fc1cccc(CN2C3CC4CC(CC2C4)C3)c1,5.26
1010,CHEMBL1829961,Nc1nc(Cl)ncc1c2c[nH]c3cccc(O)c23,5.15
1011,CHEMBL1834350,CCN\C(=N/S(=O)(=O)c1cccc(Cl)c1)\N2CC3(CCNCC3)C=N2,5.0
1158,CHEMBL1201203,CN1[C@@H]2CC[C@H]1C[C@H](C2)OC(c3ccccc3)c4ccccc4,8.7
1176,CHEMBL296419,COc1ccc(CCN2CCC(CC2)Nc3nc4ccccc4n3Cc5ccc(F)cc5)cc1,6.15
1181,CHEMBL1201207,C[C@H]1C[C@H]2[C@@H]3CCC4=CC(=O)C=C[C@]4(C)[C@@]3(F)[C@@H](O)C[C@]2(C)[C@@]1(O)C(=O)COP(=O)(O)O,5.11
1199,CHEMBL1113,Clc1ccc2Oc3ccccc3N=C(N4CCNCC4)c2c1,6.07
1267,CHEMBL195437,CCCCCCCCc1ccc(O)cc1,4.51
1273,CHEMBL633,CCCCc1oc2ccccc2c1C(=O)c3cc(I)c(OCCN(CC)CC)c(I)c3,5.82
1315,CHEMBL629,CN(C)CCC=C1c2ccccc2CCc3ccccc13,8.1
1383,CHEMBL305660,CC(C)(C)c1ccc(cc1)C(=O)CCCN2CCC(CC2)OC(c3ccccc3)c4ccccc4,6.47
1407,CHEMBL64894,[Cl-].CN(C)c1ccc(cc1)C(=C2C=CC(=[N+](C)C)C=C2)c3ccc(cc3)N(C)C,6.27
1519,CHEMBL30008,Fc1ccc(cc1)C(N2CCN(C\C=C\c3ccccc3)CC2)c4ccc(F)cc4,5.96
1521,CHEMBL41,CNCCC(Oc1ccc(cc1)C(F)(F)F)c2ccccc2,5.87
1589,CHEMBL1108,Fc1ccc(cc1)C(=O)CCCN2CCC(=CC2)N3C(=O)Nc4ccccc34,5.64
1605,CHEMBL54,OC1(CCN(CCCC(=O)c2ccc(F)cc2)CC1)c3ccc(Cl)cc3,5.41
1617,CHEMBL1201353,CN(C)CC[C@@H](c1ccc(Cl)cc1)c2ccccn2,5.98
1627,CHEMBL1626,CN1CCC[C@@H]1CCO[C@](C)(c2ccccc2)c3ccc(Cl)cc3,8.08
1637,CHEMBL657,CN(C)CCOC(c1ccccc1)c2ccccc2,6.79
1667,CHEMBL936,OC(CCCN1CCCCC1)(c2ccccc2)c3ccccc3,5.92
1701,CHEMBL1628227,CN(C)CCC=C1c2ccccc2COc3ccccc13,7.59
1715,CHEMBL1123,CCN(CC)CCOC(=O)C1(CCCCC1)C2CCCCC2,8.62
1727,CHEMBL648,CN1CCN(CC1)C(c2ccccc2)c3ccccc3,6.2
1775,CHEMBL1172,Clc1ccc2C(=C3CCNCC3)c4ncccc4CCc2c1,6.54
1821,CHEMBL954,CCN(CC)CCOc1ccc(cc1)\C(=C(\Cl)/c2ccccc2)\c3ccccc3,5.75
1823,CHEMBL42,CN1CCN(CC1)C2=Nc3cc(Cl)ccc3Nc4ccccc24,7.89
1833,CHEMBL1200406,CN(C)CCOC(c1ccccc1)c2ccccc2.CN3C(=O)N(C)c4nc(Cl)[nH]c4C3=O,6.5
1835,CHEMBL71,CN(C)CCCN1c2ccccc2Sc3ccc(Cl)cc13,7.6
1839,CHEMBL43064,C(\C=C\c1ccccc1)N2CCN(CC2)C(c3ccccc3)c4ccccc4,6.12
1855,CHEMBL415,CN(C)CCCN1c2ccccc2CCc3ccc(Cl)cc13,7.28
1861,CHEMBL516,CN1CCC(=C2c3ccccc3C=Cc4ccccc24)CC1,8.42
1883,CHEMBL900,CN(C)CCOC(c1ccccc1)c2ccccc2C,7.55
1905,CHEMBL762,Cc1cc(c(O)c(C)c1CC2=NCCN2)C(C)(C)C,5.88
1919,CHEMBL55,NC(=N)c1ccc(OCCCCCOc2ccc(cc2)C(=N)N)cc1,5.54
1943,CHEMBL564,CN(C)CCCN1c2ccccc2Sc3ccccc13,7.19
1975,CHEMBL643,CC(CN1c2ccccc2Sc3ccccc13)N(C)C,8.34
2015,CHEMBL75880,C(C(C1CCCCC1)C2CCCCC2)C3CCCCN3,5.96
2043,CHEMBL715,CN1CCN(CC1)C2=Nc3ccccc3Nc4sc(C)cc24,7.4
2051,CHEMBL1909072,NC(=O)C1CCN(CCCN2c3ccccc3Sc4ccc(Cl)cc24)CC1,5.5
2075,CHEMBL445,CNCCC=C1c2ccccc2CCc3ccccc13,7.57
2093,CHEMBL584,Cc1c(O)cccc1C(=O)N[C@@H](CSc2ccccc2)[C@H](O)CN3C[C@H]4CCCC[C@H]4C[C@H]3C(=O)NC(C)(C)C,4.07
2105,CHEMBL716,OCCOCCN1CCN(CC1)C2=Nc3ccccc3Sc4ccccc24,5.52
2111,CHEMBL1231,CCN(CC)CC#CCOC(=O)C(O)(C1CCCCC1)c2ccccc2,8.49
2123,CHEMBL728,CN1CCN(CCCN2c3ccccc3Sc4ccc(Cl)cc24)CC1,6.66
2125,CHEMBL7568,CCN(CC)CCCC(C)Nc1c2ccc(Cl)cc2nc3ccc(OC)cc13,5.43
2139,CHEMBL534,CN1CCC(=C2c3ccccc3CC(=O)c4sccc24)CC1,6.43
2149,CHEMBL21731,CNCCCC12CCC(c3ccccc13)c4ccccc24,6.8
2169,CHEMBL6437,CN1CCN2C(C1)c3ccccc3Cc4ccccc24,6.5
2206,CHEMBL1200633,CC[C@H](C)[C@H]1O[C@]2(CC[C@@H]1C)C[C@@H]3C[C@@H](C\C=C(/C)\[C@@H](O[C@H]4C[C@H](OC)[C@@H](O[C@H]5C[C@H](OC)[C@@H](O)[C@H](C)O5)[C@H](C)O4)[C@@H](C)\C=C\C=C\6/CO[C@@H]7[C@H](O)C(=C[C@@H](C(=O)O3)[C@]67O)C)O2.CO[C@H]8C[C@H](O[C@H]9[C@H](C)O[C@H](C[C@@H]9OC)O[C@H]%10[C@@H](C)\C=C\C=C\%11/CO[C@@H]%12[C@H](O)C(=C[C@@H](C(=O)O[C@H]%13C[C@@H](C\C=C\%10/C)O[C@@]%14(CC[C@H](C)[C@H](O%14)C(C)C)C%13)[C@]%11%12O)C)O[C@@H](C)[C@@H]8O,5.44
2283,CHEMBL1411979,CN(C)CCN(Cc1cccs1)c2ccccn2,5.49
2397,CHEMBL56564,CN1[C@@H]2CC[C@H]1C[C@H](C2)OC(=O)c3c[nH]c4ccccc34,5.46
2407,CHEMBL1490,OC(CCN1CCCCC1)(C2CCCCC2)c3ccccc3,7.92
2547,CHEMBL479,CSc1ccc2Sc3ccccc3N(CCC4CCCCN4C)c2c1,8.03
2563,CHEMBL1221,Clc1ccc(CSC(Cn2ccnc2)c3ccc(Cl)cc3Cl)cc1,5.58
2569,CHEMBL83,CC\C(=C(/c1ccccc1)\c2ccc(OCCN(C)C)cc2)\c3ccccc3,5.59
2605,CHEMBL809,CN[C@H]1CC[C@@H](c2ccc(Cl)c(Cl)c2)c3ccccc13,6.3
2633,CHEMBL588119,CCCCCCCCN[C@H](C)[C@@H](O)c1ccc(SC(C)C)cc1,5.35
2645,CHEMBL1306,CC(C)N1CCN(CC1)c2ccc(OC[C@H]3CO[C@@](Cn4cncn4)(O3)c5ccc(Cl)cc5Cl)cc2,5.36
2768,CHEMBL2022960,CCCCC1CCN(CCCN2C(=O)COc3cc(F)ccc23)CC1,6.0
2770,CHEMBL3084447,CCOC(=O)N1C[C@H]2CC[C@@H](C1)[C@H]2NCCNC(=O)c3ccccc3,5.55
2771,CHEMBL2024331,CCOC(=O)N1C2CCC1CC(C2)N3CCC[C@H](C3)NC(=O)c4ccccc4C,5.43
2772,CHEMBL3084449,CCOC(=O)N1C[C@H]2CC[C@@H](C1)[C@H]2NCCNC(=O)c3cccc(Cl)c3,5.38
2784,CHEMBL555146,C[C@@H]1CCCN1CCc2oc3ccc(cc3c2)C(=O)c4ccc(F)cc4,6.36
2785,CHEMBL2031737,C[C@@H]1CCCN1CCc2oc3ccc(cc3c2)C(=O)c4ccc(cc4)[N+](=O)[O-],6.47
2790,CHEMBL2030625,C(C1CCCCC1)N2C3CCC2CC3,5.57
2791,CHEMBL2030626,C(N1C2CCC1CC2)C34C5C6C7C(C3C57)C46,6.1
2800,CHEMBL2030634,C(C1CCCCC1)N2CCCC2,5.57
2811,CHEMBL2042551,[I-].C[N+](C)(C)C[C@@H]1COC[C@H](O1)C(c2ccccc2)c3ccccc3,4.5
2812,CHEMBL2042407,[I-].C[N+](C)(C)C[C@@H]1COC[C@@H](O1)C(c2ccccc2)c3ccccc3,5.12
2813,CHEMBL2042406,[I-].C[N+](C)(C)C[C@@H]1COCC(O1)(c2ccccc2)c3ccccc3,6.97
2816,CHEMBL2042403,[I-].C[N+](C)(C)C[C@@H]1COC[C@H](O1)c2ccccc2,4.48
2817,CHEMBL2042402,[I-].C[N+](C)(C)C[C@@H]1COC[C@@H](O1)c2ccccc2,4.99
2819,CHEMBL2042400,[I-].CC[C@H]1COC[C@@H](C[N+](C)(C)C)O1,4.58
2845,CHEMBL2164905,CN1CCN(CC1)C(=O)[C@@](F)(Cc2ccccc2)c3ccccc3,7.09
2858,CHEMBL2205812,COc1ccc(CCN2C3C4C5CC6C7C5C3C7C2(O)C46)cc1,5.77
2860,CHEMBL2205836,COc1ccccc1CCN2C3C4C5CC6C7C5C3C7C2(O)C46,6.03
2865,CHEMBL2205829,OC12C3C4CC5C6C4C1C6C(C35)N2Cc7ccc8OCOc8c7,5.81
2867,CHEMBL2205827,COc1ccc(CN2C3C4C5CC6C7C5C3C7C2(O)C46)cc1OC,5.38
2869,CHEMBL2205825,COc1ccc(CN2C3C4C5CC6C7C5C3C7C2(O)C46)cc1,5.24
2870,CHEMBL2205823,COc1ccccc1CN2C3C4C5CC6C7C5C3C7C2(O)C46,6.03
2876,CHEMBL1189234,OC12C3C4CC5C6C4C1C6C(C35)N2Cc7ccccc7,5.94
2929,CHEMBL2312344,CN1CCC(=C(C1)c2ccccc2)C(=O)OCCc3ccc4OCCc4c3,5.94
2930,CHEMBL2311983,COc1ccc(CCOC(=O)C2=C(CN(C)CC2)c3ccccc3)cc1OC,5.58
2989,CHEMBL1180284,CCN1CCC(=C(C1)C(=O)OC)c2ccccc2,6.01
3046,CHEMBL2391353,O=C(CN1CCN2CCC[C@H]2C1)NC3CCCCC3,4.59
3047,CHEMBL2391352,O=C(CN1CCN2CCC[C@@H]2C1)NC3CCCCC3,4.13
3054,CHEMBL2391356,CC(C)NC(=O)CN1CCNCC1,4.2
3055,CHEMBL1983100,O=C(CN1CCNCC1)NC2CCCCC2,4.15
3065,CHEMBL519609,CCN(CC)CCCOC(=O)N1c2ccccc2Sc3ccccc13,6.92
3072,CHEMBL2432039,C(N[C@H]1C2C3CC4C5C3CC2C5C14)C67C8C9C%10C(C6C8%10)C79,6.23
3073,CHEMBL2432038,C(N[C@H]1C2C3CC4C5C3CC2C5C14)C6CCCCC6,5.52
3075,CHEMBL2432049,C(Cc1ccccn1)N[C@H]2C3C4CC5C6C4CC3C6C25,5.24
3077,CHEMBL2432048,C(Cc1ccccc1)N[C@H]2C3C4CC5C6C4CC3C6C25,5.7
3087,CHEMBL2432054,CN(CCCc1cccc(F)c1)[C@H]2C3C4CC5C6C4C2C6C(=O)C35,5.54
3088,CHEMBL2432052,CN(CCc1cccc(F)c1)[C@H]2C3C4CC5C6C4C2C6C(=O)C35,5.37
3089,CHEMBL2432044,CN(CCc1ccccc1)[C@H]2C3C4CC5C6C4C2C6C(=O)C35,5.62
3090,CHEMBL2432040,CN(Cc1ccccc1)[C@H]2C3C4CC5C6C4C2C6C(=O)C35,5.7
3143,CHEMBL3104091,CN1CCc2c(C1)c3cccc4CCc5ccccc5n2c34,5.29
3168,CHEMBL3105228,Fc1ccc(cc1F)C(=O)N2CCN3C(=O)c4ccccc4[C@@]23c5ccc(Cl)cc5,6.52
3169,CHEMBL3105227,Cc1ccc(cc1)C23N(CCN2C(=O)c4ccccc34)C(=O)c5ccc(F)c(F)c5,5.59
3170,CHEMBL3105226,Cc1ccc(cc1)C23N(CCN2C(=O)c4ccccc34)C(=O)c5cc(F)cc(F)c5,5.64
3174,CHEMBL3105222,Cc1ccc(cc1)C23N(CCN2C(=O)c4ccccc34)C(=O)c5ccc(SC(F)(F)F)cc5,5.39
3181,CHEMBL3105215,Fc1ccc(cc1)C23N(CCN2C(=O)c4ccccc34)C(=O)c5ccc(SC(F)(F)F)cc5,5.89
3183,CHEMBL3105213,Fc1ccc(cc1F)C(=O)N2CCN3C(=O)c4ccccc4C23c5ccc(Cl)cc5,6.32
3184,CHEMBL3105212,Fc1cc(F)cc(c1)C(=O)N2CCN3C(=O)c4ccccc4C23c5ccc(Cl)cc5,6.0
3185,CHEMBL1507034,Cc1ccc(cc1)C(=O)N2CCN3C(=O)c4ccccc4C23c5ccc(Cl)cc5,5.59
3186,CHEMBL3105211,FC(F)(F)c1cccc(c1)C(=O)N2CCN3C(=O)c4ccccc4C23c5ccc(Cl)cc5,5.31
3187,CHEMBL3102882,FC(F)(F)c1ccc(cc1)C(=O)N2CCN3C(=O)c4ccccc4C23c5ccc(Cl)cc5,5.7
3188,CHEMBL3105210,FC(F)(F)Sc1ccc(cc1)C(=O)N2CCN3C(=O)c4ccccc4C23c5ccc(Cl)cc5,5.52
3190,CHEMBL3105208,Fc1ccc(cc1F)C(=O)N2CCN3C(=O)c4ccccc4C23c5ccccc5,5.98
3191,CHEMBL3105207,Fc1cc(F)cc(c1)C(=O)N2CCN3C(=O)c4ccccc4C23c5ccccc5,5.42
3193,CHEMBL3105205,FC(F)(F)c1cccc(c1)C(=O)N2CCN3C(=O)c4ccccc4C23c5ccccc5,5.52
3194,CHEMBL3105204,FC(F)(F)c1ccc(cc1)C(=O)N2CCN3C(=O)c4ccccc4C23c5ccccc5,5.71
3195,CHEMBL3105203,FC(F)(F)Sc1ccc(cc1)C(=O)N2CCN3C(=O)c4ccccc4C23c5ccccc5,5.86
3196,CHEMBL3105202,FC(F)(F)Oc1ccc(cc1)C(=O)N2CCN3C(=O)c4ccccc4C23c5ccccc5,5.35
3267,CHEMBL3217984,CN1CCC2C(C1)c3cccc4SCc5ccccc5N2c34,6.1
3279,CHEMBL3353290,COc1ccc(cc1C)[C@]23N(CCN2C(=O)c4ccccc34)C(=O)c5cc(F)c(F)c(F)c5,6.58
3280,CHEMBL3353289,COc1cc(ccc1C)C23N(CCN2C(=O)c4ccccc34)C(=O)c5ccc(OC(C)C)cc5,5.66
3281,CHEMBL3353288,COc1cc(ccc1Cl)C23N(CCN2C(=O)c4ccccc34)C(=O)c5ccc(OC(C)C)cc5,5.19
3282,CHEMBL3353287,COc1cc(ccc1F)C23N(CCN2C(=O)c4ccccc34)C(=O)c5ccc(OC(C)C)cc5,5.89
3283,CHEMBL3353286,COc1ccc(cc1C)C23N(CCN2C(=O)c4ccccc34)C(=O)c5ccc(OC(C)C)cc5,5.89
3284,CHEMBL3353285,COc1ccc(cc1Cl)C23N(CCN2C(=O)c4ccccc34)C(=O)c5ccc(OC(C)C)cc5,5.48
3285,CHEMBL3353284,COc1ccc(cc1F)C23N(CCN2C(=O)c4ccccc34)C(=O)c5ccc(OC(C)C)cc5,5.5
3286,CHEMBL3353283,CC(C)Oc1ccc(cc1)C(=O)N2CCN3C(=O)c4ccccc4C23c5ccc6OCOc6c5,5.96
3287,CHEMBL3353282,CC(C)Oc1ccc(cc1)C(=O)N2CCN3C(=O)c4ccccc4C23c5ccc(OC(C)C)cc5,5.72
3288,CHEMBL3353281,CCOc1ccc(cc1)C23N(CCN2C(=O)c4ccccc34)C(=O)c5ccc(OC(C)C)cc5,5.39
3289,CHEMBL3353280,COc1cc(ccc1C)C23N(CCN2C(=O)c4ccccc34)C(=O)c5cc(F)c(F)c(F)c5,6.05
3290,CHEMBL3353279,COc1cc(ccc1Cl)C23N(CCN2C(=O)c4ccccc34)C(=O)c5cc(F)c(F)c(F)c5,5.8
3291,CHEMBL3353278,COc1cc(ccc1F)C23N(CCN2C(=O)c4ccccc34)C(=O)c5cc(F)c(F)c(F)c5,6.16
3292,CHEMBL3353277,COc1ccc(cc1C)C23N(CCN2C(=O)c4ccccc34)C(=O)c5cc(F)c(F)c(F)c5,6.29
3293,CHEMBL3353276,COc1ccc(cc1Cl)C23N(CCN2C(=O)c4ccccc34)C(=O)c5cc(F)c(F)c(F)c5,5.85
3295,CHEMBL3353274,Fc1cc(cc(F)c1F)C(=O)N2CCN3C(=O)c4ccccc4C23c5ccc6OCOc6c5,6.0
3296,CHEMBL3353273,CC(C)Oc1ccc(cc1)C23N(CCN2C(=O)c4ccccc34)C(=O)c5cc(F)c(F)c(F)c5,5.62
3298,CHEMBL3353271,COc1cc(ccc1C)C23N(CCN2C(=O)c4ccccc34)C(=O)c5ccc(F)c(F)c5,5.89
3299,CHEMBL3353270,COc1cc(ccc1Cl)C23N(CCN2C(=O)c4ccccc34)C(=O)c5ccc(F)c(F)c5,5.7
3300,CHEMBL3353269,COc1cc(ccc1F)C23N(CCN2C(=O)c4ccccc34)C(=O)c5ccc(F)c(F)c5,5.57
3301,CHEMBL3353268,COc1ccc(cc1C)C23N(CCN2C(=O)c4ccccc34)C(=O)c5ccc(F)c(F)c5,5.92
3302,CHEMBL3353267,COc1ccc(cc1Cl)C23N(CCN2C(=O)c4ccccc34)C(=O)c5ccc(F)c(F)c5,5.26
3303,CHEMBL3353266,COc1ccc(cc1F)C23N(CCN2C(=O)c4ccccc34)C(=O)c5ccc(F)c(F)c5,5.48
3304,CHEMBL3353265,Fc1ccc(cc1F)C(=O)N2CCN3C(=O)c4ccccc4C23c5ccc6OCOc6c5,5.89
3306,CHEMBL3361338,CCOc1ccc(cc1)C23N(CCN2C(=O)c4ccccc34)C(=O)c5ccc(F)c(F)c5,5.5
3313,CHEMBL3361331,Fc1ccc(cc1F)C(=O)N2CCN3C(=O)c4ccccc4C23C5CCCC5,5.61
3314,CHEMBL3361330,Fc1ccc(cc1F)C(=O)N2CCN3C(=O)c4ccccc4C23C5CCCCC5,5.67
3316,CHEMBL3361328,COc1ccc(cc1)C23N(CCN2C(=O)c4ccccc34)C(=O)c5ccc(F)c(F)c5,5.88
3317,CHEMBL3361327,COc1cccc(c1)C23N(CCN2C(=O)c4ccccc34)C(=O)c5ccc(F)c(F)c5,5.79
3318,CHEMBL3361326,COc1ccccc1C23N(CCN2C(=O)c4ccccc34)C(=O)c5ccc(F)c(F)c5,5.25
3321,CHEMBL3361323,Fc1cc(ccn1)C(=O)N2CCN3C(=O)c4ccccc4C23c5ccc(Cl)cc5,5.23
3324,CHEMBL3361320,Fc1cc(cc(F)c1F)C(=O)N2CCN3C(=O)c4ccccc4C23c5ccc(Cl)cc5,6.21
3325,CHEMBL3361319,CC(C)Oc1ccc(cc1)C(=O)N2CCN3C(=O)c4ccccc4C23c5ccc(Cl)cc5,6.1
3326,CHEMBL3361318,CCOc1ccc(cc1)C(=O)N2CCN3C(=O)c4ccccc4C23c5ccc(Cl)cc5,6.07
3327,CHEMBL3361317,COc1ccc(cc1)C(=O)N2CCN3C(=O)c4ccccc4C23c5ccc(Cl)cc5,5.74
3328,CHEMBL3361316,COc1cccc(c1)C(=O)N2CCN3C(=O)c4ccccc4C23c5ccc(Cl)cc5,5.18
3360,CHEMBL3309718,[I-].C[N+](C)(C)C[C@@H]1COCCO1,4.38
3361,CHEMBL387632,[I-].C[C@H]1OC[C@@H](C[N+](C)(C)C)O1,4.66
3379,CHEMBL3323288,[Br-].[Br-].C[N+](C)(C)CCCCCC[N+](C)(C)CC#CCOC1=NOCC1,5.4
3390,CHEMBL3323286,[Br-].C[N+](C)(C)CC#CCOC1=NOCC1,6.92
3391,CHEMBL3121474,[Br-].[Br-].C[N+](C)(CCCCCC[N+](C)(C)CC#CCOC1=NOCC1)CCCN2C(=O)c3ccccc3C2=O,4.52
3395,CHEMBL3329715,CCN(Cc1ccccc1)C(=O)C2CCN(CC2)S(=O)(=O)c3ccccc3,5.21
3396,CHEMBL3329716,CCN(Cc1ccccc1)C(=O)C2CCN(CC2)S(=O)(=O)c3ccc(OC)cc3,5.48
3397,CHEMBL3329717,CCN(Cc1ccccc1)C(=O)C2CCN(CC2)S(=O)(=O)c3cccc(OC)c3,5.51
3409,CHEMBL3329729,CCN(Cc1ccccc1)C(=O)C2CCN(CC2)S(=O)(=O)c3ccc4occc4c3,5.63
3410,CHEMBL3329730,CCN(Cc1ccccc1)C(=O)C2CCN(CC2)S(=O)(=O)c3ccc4[nH]ncc4c3,5.81
3411,CHEMBL3329731,CCN(Cc1ccccc1)C(=O)C2CCN(CC2)S(=O)(=O)c3ccc4cn[nH]c4c3,5.77
3412,CHEMBL3329732,CCN(Cc1ccccc1)C(=O)C2CCN(CC2)S(=O)(=O)c3ccc4nsnc4c3,5.53
3414,CHEMBL3329734,CCN(Cc1ccccc1)C(=O)C2CCN(CC2)S(=O)(=O)c3ccc4OCOc4c3,5.13
3416,CHEMBL3329736,CCN([C@H](C)c1ccccc1)C(=O)C2CCN(CC2)S(=O)(=O)c3ccc(OC)cc3,6.01
3417,CHEMBL3329737,CCN([C@H](C)c1ccccc1)C(=O)C2CCN(CC2)S(=O)(=O)c3ccc4occc4c3,6.03
3418,CHEMBL3329738,CCN([C@H](C)c1ccccc1)C(=O)C2CCN(CC2)S(=O)(=O)c3ccc4OCCc4c3,5.95
3419,CHEMBL3329739,CCN([C@H](C)c1ccccc1)C(=O)C2CCN(CC2)S(=O)(=O)c3ccc4CCCc4c3,6.14
3420,CHEMBL3329740,CCN([C@H](C)c1ccccc1)C(=O)C2CCN(CC2)S(=O)(=O)c3ccc4cn[nH]c4c3,6.12
3421,CHEMBL3329741,CCN([C@H](C)c1ccccc1)C(=O)C2CCN(CC2)S(=O)(=O)c3ccc4[nH]ncc4c3,6.13
3423,CHEMBL3329743,CCN(Cc1cccc(F)c1)C(=O)C2CCN(CC2)S(=O)(=O)c3ccc4cn[nH]c4c3,5.82
3424,CHEMBL3329744,CCN(Cc1ccccc1F)C(=O)C2CCN(CC2)S(=O)(=O)c3ccc4cn[nH]c4c3,5.67
3425,CHEMBL3329745,CCN(Cc1cccc(Cl)c1)C(=O)C2CCN(CC2)S(=O)(=O)c3ccc4cn[nH]c4c3,5.79
3426,CHEMBL3329746,CCN(Cc1cccc(OC)c1)C(=O)C2CCN(CC2)S(=O)(=O)c3ccc4cn[nH]c4c3,5.58
3427,CHEMBL3329747,CCN(Cc1cccc(C)c1)C(=O)C2CCN(CC2)S(=O)(=O)c3ccc4cn[nH]c4c3,6.06
3428,CHEMBL3329748,CCN(Cc1ccccc1C)C(=O)C2CCN(CC2)S(=O)(=O)c3ccc4cn[nH]c4c3,6.06
3429,CHEMBL3329749,CCN(Cc1ccccc1OC)C(=O)C2CCN(CC2)S(=O)(=O)c3ccc4cn[nH]c4c3,6.12
3430,CHEMBL3329750,CCN(Cc1ccccc1Cl)C(=O)C2CCN(CC2)S(=O)(=O)c3ccc4cn[nH]c4c3,6.19
3431,CHEMBL3329751,CCN(Cc1ccccc1C(F)(F)F)C(=O)C2CCN(CC2)S(=O)(=O)c3ccc4cn[nH]c4c3,6.32
3432,CHEMBL3329752,CCN(Cc1cccc(c1)C(F)(F)F)C(=O)C2CCN(CC2)S(=O)(=O)c3ccc4cn[nH]c4c3,5.26
3434,CHEMBL3329754,CCN(Cc1ccccc1Cl)C(=O)C2CCN(CC2)S(=O)(=O)c3ccc4[nH]ncc4c3,6.46
3435,CHEMBL3329755,CCN(Cc1ccccc1C(F)(F)F)C(=O)C2CCN(CC2)S(=O)(=O)c3ccc4[nH]ncc4c3,6.71
3436,CHEMBL3329756,CCCN(Cc1ccccc1C(F)(F)F)C(=O)C2CCN(CC2)S(=O)(=O)c3ccc4[nH]ncc4c3,6.81
3437,CHEMBL3329757,FC(F)(F)c1ccccc1CN(CC=C)C(=O)C2CCN(CC2)S(=O)(=O)c3ccc4[nH]ncc4c3,5.74
3440,CHEMBL3329760,FC(F)(F)c1ccccc1CN(C2CCC2)C(=O)C3CCN(CC3)S(=O)(=O)c4ccc5[nH]ncc5c4,5.74
3442,CHEMBL3329762,FCCN(Cc1ccccc1C(F)(F)F)C(=O)C2CCN(CC2)S(=O)(=O)c3ccc4[nH]ncc4c3,5.9
3443,CHEMBL3329763,CCC(C)N(Cc1ccccc1C(F)(F)F)C(=O)C2CCN(CC2)S(=O)(=O)c3ccc4[nH]ncc4c3,6.82
3444,CHEMBL3329764,CC(C)(C)CN(Cc1ccccc1C(F)(F)F)C(=O)C2CCN(CC2)S(=O)(=O)c3ccc4[nH]ncc4c3,6.91
3445,CHEMBL3329765,FC(F)(F)c1ccccc1CN(CC2CC2)C(=O)C3CCN(CC3)S(=O)(=O)c4ccc5[nH]ncc5c4,6.92
3446,CHEMBL3329766,FC(F)(F)c1ccccc1CN(CC2CCC2)C(=O)C3CCN(CC3)S(=O)(=O)c4ccc5[nH]ncc5c4,6.89
3564,CHEMBL371811,Fc1cccc(\C=N\N=C\c2cccc(F)c2)c1,5.59
3566,CHEMBL3334989,COc1cccc(\C=N\N=C\c2cccc(OC)c2)c1,5.52
3567,CHEMBL3334990,Clc1cccc(\C=N\N=C\c2cccc(Cl)c2)c1,5.12
3568,CHEMBL2431187,O[C@@H]1C[C@H](C1)NC(=O)c2ccc(cn2)C#Cc3cccc(F)c3,6.4
3570,CHEMBL3354065,CCCCC1CCN(CCCN2C(=O)CCc3ccccc23)CC1,5.27
3571,CHEMBL3354066,CN1CCC=C(C1)c2nsnc2OCCCC3CCN(CCCN4C(=O)CCc5ccccc45)CC3,6.99
3577,CHEMBL3354072,OCCCC1CCN(CCCN2C(=O)CCc3ccccc23)CC1,4.84
3578,CHEMBL3354073,OCCCCCC1CCN(CCCN2C(=O)CCc3ccccc23)CC1,5.34
3579,CHEMBL3354074,OCCCCCCCC1CCN(CCCN2C(=O)CCc3ccccc23)CC1,5.51
3580,CHEMBL3354075,OCCCCCCCCCC1CCN(CCCN2C(=O)CCc3ccccc23)CC1,6.07
3581,CHEMBL3354076,OCCCCCCCCCCCC1CCN(CCCN2C(=O)CCc3ccccc23)CC1,6.46
3582,CHEMBL3354077,OCCCCCCCCCCCCCC1CCN(CCCN2C(=O)CCc3ccccc23)CC1,6.47
3626,CHEMBL134641,CO\N=C(/C#N)\[C@H]1CN2CCC1CC2,6.91
3627,CHEMBL2111051,C#CCO[C@H]1CN2CCC1CC2,6.38
3635,CHEMBL3629529,COc1ccc(CCOC(=O)C2(CCN(C)CC2)c3ccccc3)cc1OC,5.16
3636,CHEMBL3629530,COc1ccc(CCOC(=O)C2(CCN(C)CC2)c3ccccc3)cc1,6.06
3638,CHEMBL3629532,COc1ccc(CCNC(=O)C2(CCN(C)CC2)c3ccccc3)cc1,5.16
3639,CHEMBL3629533,COc1ccc(CCC(=O)OCC2(CCN(C)CC2)c3ccccc3)cc1OC,5.67
3640,CHEMBL3629534,COc1ccc(CCC(=O)OCC2(CCN(C)CC2)c3ccccc3)cc1,6.42
3642,CHEMBL3627739,COc1ccc(CCC(=O)NCC2(CCN(C)CC2)c3ccccc3)cc1,5.74
3643,CHEMBL3629536,COc1ccc(CCNC(=O)OCC2(CCN(C)CC2)c3ccccc3)cc1OC,5.27
3644,CHEMBL3629537,COc1ccc(CCOC(=O)NCC2(CCN(C)CC2)c3ccccc3)cc1,5.69
3646,CHEMBL3629539,COc1ccc(CCNC(=O)NCC2(CCN(C)CC2)c3ccccc3)cc1,5.37
3664,CHEMBL3769968,Cl.NCC1CC1c2cc(F)c(F)cc2OCC=C,5.55
