,molecule_chembl_id,canonical_smiles,pchembl_value
0,macitentan,CCCNS(=O)(=O)NC1=C(C(OCCOC2=NC=C(Br)C=N2)=NC=N1)C1=CC=C(Br)C=C1,6.40782309
1,bosentan,COC1=C(OC2=C(OCCO)N=C(N=C2NS(=O)(=O)C2=CC=C(C=C2)C(C)(C)C)C2=NC=CC=N2)C=CC=C1,7.1
2,CHEMBL291247,CCCOc1cc(OC)ccc1[C@H]2[C@@H]([C@@H](c3ccc4OCOc4c3)c5ccc(NC(C)C)nc25)C(=O)O,7.0
3,CHEMBL366872,CCS(=O)(=O)NCCCOc1nc(nc(NS(=O)(=O)c2ccc(cc2)C(C)(C)C)c1Oc3ccccc3OC)c4ncccn4,7.0
4,CHEMBL103001,COc1ccc(cc1)[C@H]2[C@@H]([C@@H](c3ccc4OCOc4c3)c5ccc(C)nc25)C(=O)O,7.0
5,CHEMBL368829,COc1ccccc1Oc2c(NS(=O)(=O)c3ccc(cc3)C(C)(C)C)nc(nc2OCC#C)c4ccnc(CO)c4,7.0
6,CHEMBL172759,COc1ccccc1Oc2c(NS(=O)(=O)c3ccc(cn3)C(C)C)nc(nc2OCCNS(=O)(=O)c4cccs4)N5CCOCC5,7.0
7,CHEMBL8923,CCCCN(CCCC)C(=O)CN1CC(C(C1c2ccc(OC)cc2)C(=O)O)c3ccc4OCOc4c3,7.01
8,CHEMBL280379,COc1ccc(cc1)S(=O)(=O)NC(=O)C(c2ccc3OCOc3c2)c4cn(C)c5cc(ccc45)C(=O)N,7.03
9,CHEMBL418992,Cc1cc(C)nc(OC(C(=O)O)C(OCCc2ccc(Cl)cc2)(c3ccccc3)c4ccccc4)n1,7.03
10,CHEMBL279419,CCCc1cc(Cn2c(CC)nc3c(C)cc(C)nc23)ccc1OC(C(=O)NS(=O)(=O)c4ccc(CC(C)C)s4)c5ccc6OCOc6c5,7.05
11,CHEMBL9194,CCCCN(CCCC)C(=O)CN1C[C@@H]([C@H]([C@@H]1c2ccc(OC)cc2)C(=O)O)c3ccc4OCOc4c3,7.06
12,CHEMBL102773,CCc1ccc2[C@@H]([C@H]([C@H](c3ccc(OC)cc3)c2n1)C(=O)O)c4ccc5OCOc5c4,7.06
13,CHEMBL440780,CN(Cc1cc(ccc1c2ccccc2S(=O)(=O)Nc3onc(C)c3C)c4occn4)C(=O)Cc5ccccc5,7.06
14,CHEMBL290181,COc1ccc([C@H]2[C@@H]([C@@H](c3ccc4OCOc4c3)c5ccc(NC(C)C)nc25)C(=O)O)c(OC(C)C)c1,7.06
15,CHEMBL171950,CCCS(=O)(=O)NCCOc1nc(nc(NS(=O)(=O)c2ccc(cn2)C(C)C)c1Oc3ccccc3OC)C4CC4,7.08
16,CHEMBL123997,CCCc1cccc(CC)c1NC(=O)CN2C[C@@H]([C@H]([C@@H]2c3ccc(OC)cc3)C(=O)O)c4ccc5OCOc5c4,7.09
17,CHEMBL122111,COc1ccc(cc1)[C@H]2[C@@H]([C@H](CN2CC(=O)Nc3cc(C)ccc3C)c4ccc5OCOc5c4)C(=O)O,7.09
18,CHEMBL332231,COc1ccc(cc1)[C@H]2[C@@H]([C@H](CN2CC(=O)Nc3cccc(C)c3C)c4ccc5OCOc5c4)C(=O)O,7.09
19,CHEMBL175268,COc1ccccc1Oc2c(NS(=O)(=O)c3ccc(cn3)C(C)C)nc(nc2OCCNS(=O)(=O)c4ccc(C)cc4)C5CC5,7.09
20,CHEMBL289216,COc1ccc([C@H]2[C@@H]([C@@H](c3ccc4OCOc4c3)c5ccc(NC(C)C)nc25)C(=O)O)c(OC(C)CO)c1,7.11
21,CHEMBL368211,COc1ccccc1Oc2c(NS(=O)(=O)c3ccc(cn3)C(C)C)nc(nc2OCC#CCO)c4ccncc4,7.11
22,CHEMBL2163697,COc1ccccc1Oc2c(NS(=O)(=O)c3ccc(cc3)C(C)(C)C)nc(nc2OCCOc4ncccn4)c5ncccn5,7.12
23,CHEMBL120106,COc1ccc(cc1)[C@H]2[C@@H]([C@H](CN2CC(=O)Nc3ccc(C)cc3C)c4ccc5OCOc5c4)C(=O)O,7.13
24,CHEMBL318146,COc1ccc(CCOC(C(Oc2nc3COCc3c(OC)n2)C(=O)O)(c4ccc(C)cc4)c5ccc(C)cc5)cc1,7.15
25,CHEMBL23833,CCn1cc(C(C(=O)NS(=O)(=O)c2ccc(cc2)C(C)C)c3ccc4OCOc4c3)c5ccc(cc15)C(=O)O,7.16
26,CHEMBL72473,COc1ccccc1Oc2c(NS(=O)(=O)c3ccc(cc3)C(C)(C)C)nc(C)nc2OCCO,7.16
27,CHEMBL539420,CCn1cc(C(C(=O)NS(=O)(=O)c2ccc(cc2)C(C)C)c3ccc4OCOc4c3)c5ccc(cc15)C(=O)N,7.17
28,CHEMBL10847,[Na+].COc1ccc(cc1C)C(=O)\C(=C(/C(=O)[O-])\c2cc(OC)c3OCOc3c2)\Cc4ccc(OC)c(OC)c4OC,7.17
29,CHEMBL321520,CCCOc1ccc2[C@@H]([C@H]([C@H](c3ccc(OC)cc3)c2n1)C(=O)O)c4ccc5OCOc5c4,7.19
30,CHEMBL432012,CCCNc1ccc2[C@@H]([C@H]([C@H](c3ccc(OC)cc3)c2n1)C(=O)O)c4ccc5OCOc5c4,7.2
31,CHEMBL303428,CCCc1nc(NS(=O)(=O)c2ccc(cc2)C(C)(C)C)c(Oc3ccccc3OC)c(OCCOC(=O)Nc4ccccn4)n1,7.2
32,CHEMBL101587,COc1ccc(COC(C(Oc2nc(C)cc(C)n2)C(=O)O)(c3ccccc3)c4ccccc4)cc1OC,7.2
33,CHEMBL430695,COc1ccc(cc1)[C@H]2[C@@H]([C@@H](c3ccc4OCOc4c3)c5ccc(nc25)C6CC6)C(=O)O,7.2
34,CHEMBL287711,COc1ccc([C@H]2[C@@H]([C@@H](c3ccc4OCOc4c3)c5ccc(NC(C)C)nc25)C(=O)O)c(CO)c1,7.21
35,CHEMBL372814,CCCc1cc(Cn2c(CC)nc3c(C)cc(C)nc23)ccc1OC(C(=O)NS(=O)(=O)c4ccc(cc4)C(C)C)c5ccc6CCOc6c5,7.22
36,CHEMBL278176,CCCc1cc(Cn2c(CC)nc3c(C)cc(C)nc23)ccc1OC(C(=O)NS(=O)(=O)c4ccc(cc4)C(C)C)c5ccc6OCOc6c5,7.22
37,CHEMBL320224,COc1ccc(OC(C(Oc2nc(C)cc(C)n2)C(=O)O)(c3ccccc3)c4ccccc4)cc1OC,7.22
38,CHEMBL70487,COc1ccccc1Oc2c(NS(=O)(=O)c3ccc(cc3)C(C)(C)C)nc(nc2OCCOC(=O)Nc4ccccn4)C5CC5,7.22
39,CHEMBL122832,COc1ccc(cc1)[C@H]2[C@@H]([C@H](CN2CC(=O)Nc3c(OC)cccc3OC)c4ccc5OCOc5c4)C(=O)O,7.24
40,CHEMBL305980,COc1nc(OC(C(=O)O)C(OC)(c2ccccc2)c3ccccc3)nc4OCCc14,7.24
41,CHEMBL302564,COc1nc(OC(C(=O)O)C(OC)(c2ccccc2)c3ccccc3)nc4CCCc14,7.25
42,CHEMBL100954,Cc1ccc(CCOC(C(Oc2nc(C)cc(C)n2)C(=O)O)(c3ccccc3)c4ccccc4)cc1,7.26
43,CHEMBL288247,COc1ccc([C@H]2[C@@H]([C@@H](c3ccc4OCOc4c3)c5ccc(NC(C)C)nc25)C(=O)O)c(CC(C)CO)c1,7.27
44,CHEMBL105494,CCCSc1ccc2[C@@H]([C@H]([C@H](c3ccc(OC)cc3)c2n1)C(=O)O)c4ccc5OCOc5c4,7.28
45,CHEMBL10016,COc1cc2c(c3ccc4OCOc4c3)c(C(=O)O)n(Cc5ccc6OCOc6c5)c2cc1OCc7ccccc7,7.3
46,CHEMBL177203,COc1ccccc1Oc2c(NS(=O)(=O)c3ccc(cc3)C(C)(C)C)nc(nc2OCC#CCO)N4CCOCC4,7.3
47,CHEMBL368828,COc1ccccc1Oc2c(NS(=O)(=O)c3ccc(cn3)C(C)C)nc(nc2OCC#CCO)N4CCOCC4,7.31
48,CHEMBL70293,COc1ccccc1Oc2c(NS(=O)(=O)c3ccc(cn3)C(C)C)nc(nc2OCCOC(=O)Nc4ccccn4)c5ncccn5,7.31
49,CHEMBL289634,COCC(C)Cc1cc(OC)ccc1[C@H]2[C@@H]([C@@H](c3ccc4OCOc4c3)c5ccc(NC(C)C)nc25)C(=O)O,7.32
50,CHEMBL122614,COc1ccc(cc1)[C@H]2[C@@H]([C@H](CN2CC(=O)NC(Cc3ccccc3)c4ccccc4)c5ccc6OCOc6c5)C(=O)O.OC(=O)C(F)(F)F,7.33
51,CHEMBL38000,CCOc1cc(OC)ccc1[C@H]2[C@@H]([C@@H](c3ccc4OCOc4c3)c5ccc(NC(C)C)nc25)C(=O)O,7.35
52,CHEMBL331758,CCc1cc(cc(CC)c1NC(=O)CN2C[C@@H]([C@H]([C@@H]2c3ccc(OC)cc3)C(=O)O)c4ccc5OCOc5c4)C(=O)O,7.36
53,CHEMBL173358,COc1ccccc1Oc2c(NS(=O)(=O)c3ccc(cc3)C(C)(C)C)nc(nc2OCC#CCO)c4ccncc4,7.36
54,CHEMBL287683,COc1ccc([C@H]2[C@@H]([C@@H](c3ccc4OCOc4c3)c5ccc(NC(C)C)nc25)C(=O)O)c(CC(C)C(=O)N(C)C)c1,7.37
55,CHEMBL37427,COc1ccc([C@H]2[C@@H]([C@@H](c3ccc4OCOc4c3)c5ccc(NC(C)C)nc25)C(=O)O)c(CN(C)C(=O)C)c1,7.37
56,CHEMBL70203,COc1ccccc1Oc2c(NS(=O)(=O)c3ccc(cc3)C(C)(C)C)nc(nc2OCCOC(=O)Nc4ccccn4)c5ncccn5,7.37
57,CHEMBL448165,COc1ccc(cc1)[C@H]2[C@@H]([C@@H](c3ccc4OCOc4c3)c5ccc(NC(C)C)nc25)C(=O)O,7.38
58,CHEMBL2163704,COc1ccccc1Oc2c(NS(=O)(=O)CCc3ccccc3)nc(nc2OCCOc4ncc(SC)cn4)c5ncccn5,7.38
59,CHEMBL94786,COc1ccccc1Oc2c(NS(=O)(=O)c3ccc(cn3)C(C)C)nc(nc2OCC#CCOC(=O)Nc4ccccn4)N5CCOCC5,7.38
60,CHEMBL348407,COc1ccc(cc1)C2=C(C(=O)O)C(=O)N(Cc3cc(OC)ccc3OC)c4c2oc5ccccc45,7.39
61,CHEMBL1627022,[Na+].Cc1ccc(cc1)c2c([N-]S(=O)(=O)c3ccc(cc3)C(C)(C)CO)ncnc2OCCOc4ncc(Br)cn4,7.39
62,CHEMBL318535,CCc1ccc(cc1)C(OCCc2ccc(OC)c(OC)c2)(C(Oc3nc(C)cc(OC)n3)C(=O)O)c4ccc(CC)cc4,7.4
63,CHEMBL112531,Cc1ccc(cc1)c2c(NS(=O)(=O)c3ccc(cc3)C(C)(C)C)ncnc2OCCOc4ncc(Br)cn4,7.42
64,CHEMBL369489,[Na+].Cc1ccc(cc1)c2c([N-]S(=O)(=O)c3ccc(cc3)C(C)(C)C)ncnc2OCCOc4ncc(Br)cn4,7.42
65,CHEMBL439759,CN([C@H](Cc1ccccc1)C(=O)N[C@@H](Cc2c[nH]c3ccccc23)C(=O)O)C(=O)c4cc(C)cc(C)c4,7.44
66,CHEMBL262784,CC(C)c1ccc(cc1)S(=O)(=O)NC(=O)C(c2ccc3OCOc3c2)c4cn(C)c5cc(ccc45)C(=O)N,7.47
67,CHEMBL368617,CCS(=O)(=O)NCCCOc1nc(nc(NS(=O)(=O)c2ccc(cc2)C(C)(C)C)c1Oc3ccccc3OC)C4CC4,7.48
68,CHEMBL367036,COc1ccccc1Oc2c(NS(=O)(=O)c3ccc(cn3)C(C)C)nc(nc2OCC#CCOC(=O)Nc4ccccc4)c5ccncc5,7.5
69,CHEMBL331548,COc1ccc(cc1)[C@H]2[C@@H]([C@H](CN2CC(=O)NC(c3ccccc3)c4cc(C)ccc4C)c5ccc6OCOc6c5)C(=O)O.OC(=O)C(F)(F)F,7.51
70,CHEMBL1627023,[Na+].Cc1ccc(cc1)c2c([N-]S(=O)(=O)c3ccc(cc3)C(C)(C)C)ncnc2OCCOc4ncc(CO)cn4,7.51
71,CHEMBL339904,CCCCN(CCCC)C(=O)CN1C[C@@H]([C@H]([C@@H]1c2ccc(OC)c(F)c2)C(=O)O)c3ccc4OCOc4c3,7.52
72,CHEMBL105591,CCCc1ccc2[C@@H]([C@H]([C@H](c3ccc(OC)cc3)c2n1)C(=O)O)c4ccc5OCOc5c4,7.52
73,CHEMBL303631,COc1cc(C)nc(OC(C(=O)O)C(OC)(c2ccccc2)c3ccccc3)n1,7.54
74,CHEMBL264035,COc1ccccc1Oc2c(NS(=O)(=O)c3ccc(cn3)C(C)C)nc(nc2OCC#CCOC(=O)Nc4ccccc4)N5CCOCC5,7.55
75,CHEMBL176272,[Na+].Cc1ccc(cc1)c2c([N-]S(=O)(=O)c3ccc(cc3)C(C)(C)C)ncnc2OCCOc4ncc(Cl)cn4,7.55
76,CHEMBL349556,COc1ccc(cc1)C2=C(C(=O)O)C(=O)N(Cc3ccccc3OC)c4c2oc5cc(N)ccc45,7.57
77,CHEMBL332627,COc1ccc(cc1)[C@H]2[C@@H]([C@H](CN2CC(=O)Nc3c(cccc3C(C)C)C(C)C)c4ccc5OCOc5c4)C(=O)O,7.59
78,CHEMBL102797,CCOc1ccc(CCOC(C(Oc2nc(C)cc(C)n2)C(=O)O)(c3ccccc3)c4ccccc4)cc1OC,7.6
79,CHEMBL36627,COc1ccc([C@H]2[C@@H]([C@@H](c3ccc4OCOc4c3)c5ccc(NC(C)C)nc25)C(=O)O)c(OC)c1,7.6
80,CHEMBL70385,COc1ccccc1Oc2c(NS(=O)(=O)c3ccc(C)cn3)nc(nc2OCCOC(=O)Nc4ccccn4)N5CCOCC5,7.6
81,CHEMBL70895,COc1ccccc1Oc2c(NS(=O)(=O)c3ccc(cn3)C(C)C)nc(nc2OCCOC(=O)Nc4ccccn4)C5CCNCC5,7.6
82,CHEMBL310919,CCCCS(=O)(=O)NC(=O)[C@H](NC(=O)[C@@H](Cc1ccc(cc1)c2oncc2)N(C)C(=O)c3cc(C)cc(C)c3)C(C)C,7.62
83,CHEMBL176997,CCCS(=O)(=O)NCCOc1nc(nc(NS(=O)(=O)c2ccc(cn2)C(C)C)c1Oc3ccccc3OC)c4cc(OC)c(OC)c(OC)c4,7.62
84,CHEMBL103695,COc1cc(CCOC(C(Oc2nc(C)cc(C)n2)C(=O)O)(c3ccccc3)c4ccccc4)ccc1OCC(=O)O,7.62
85,CHEMBL101069,COc1ccc(CCOC(C(Oc2nc(C)cc(C)n2)C(=O)O)(c3ccccc3)c4ccccc4)cc1,7.62
86,CHEMBL368107,COc1ccccc1Oc2c(NS(=O)(=O)c3ccc(cn3)C(C)C)nc(nc2OCCCNS(=O)(=O)c4ccc(C)cc4)N5CCOCC5,7.62
87,CHEMBL102307,COc1ccc(CCOC(C(Oc2nc(C)cc(OC)n2)C(=O)O)(c3ccccc3)c4ccccc4)cc1,7.64
88,CHEMBL37920,COc1ccc([C@H]2[C@@H]([C@@H](c3ccc4OCOc4c3)c5ccc(NC(C)C)nc25)C(=O)O)c(CCC(C)(C)O)c1,7.64
89,CHEMBL102173,COc1ccc(cc1)[C@H]2[C@@H]([C@@H](c3ccc4OCOc4c3)c5ccc(nc25)N6CCCC6)C(=O)O,7.68
90,CHEMBL275471,COc1cc(\C=C\COC(C(Oc2nc(C)cc(C)n2)C(=O)O)(c3ccccc3)c4ccccc4)cc(OC)c1OC,7.7
91,CHEMBL35984,COc1ccc([C@H]2[C@@H]([C@@H](c3ccc4OCOc4c3)c5ccc(NC(C)C)nc25)C(=O)O)c(CCCO)c1,7.7
92,CHEMBL121761,COc1ccc(cc1)[C@H]2[C@@H]([C@H](CN2CC(=O)NC(C)c3ccccc3)c4ccc5OCOc5c4)C(=O)O.OC(=O)C(F)(F)F,7.7
93,CHEMBL435185,COc1ccc(cc1)[C@H]2[C@@H]([C@H](CN2CC(=O)Nc3c(C)cccc3C(C)C)c4ccc5OCOc5c4)C(=O)O,7.7
94,CHEMBL2163708,COc1ccccc1Oc2c(NS(=O)(=O)c3ccc(cc3)C(C)(C)C)nc(nc2OCCOc4ncc(Br)cn4)c5ncccn5,7.71
95,CHEMBL287622,COc1ccc([C@H]2[C@@H]([C@@H](c3ccc4OCOc4c3)c5ccc(NC(C)C)nc25)C(=O)O)c(CCO)c1,7.72
96,CHEMBL70339,COc1ccccc1Oc2c(NS(=O)(=O)c3ccc(cc3)C(C)(C)C)nc(nc2OCCOC(=O)Nc4ccccn4)N5CCOCC5,7.72
97,CHEMBL367443,COc1ccccc1Oc2c(NS(=O)(=O)c3ccc(cn3)C(C)C)nc(nc2OCCCNS(=O)(=O)c4ccc(C)cc4)C5CC5,7.72
98,CHEMBL368383,CCCCNC(=O)OCC#CCOc1nc(nc(NS(=O)(=O)c2ccc(cn2)C(C)C)c1Oc3ccccc3OC)c4ccncc4,7.75
99,CHEMBL8823,CCCOc1ccc2[C@@H]([C@H]([C@H](c3ccc(OC)cc3OCC(=O)O)c2c1)C(=O)O)c4ccc5OCOc5c4,7.75
100,CHEMBL123146,COc1ccc(cc1)[C@H]2[C@@H]([C@H](CN2CC(=O)NC(C)c3ccccc3C)c4ccc5OCOc5c4)C(=O)O.OC(=O)C(F)(F)F,7.75
101,CHEMBL102868,Cc1cc(C)nc(OC(C(=O)O)C(OCCc2ccc(O)cc2)(c3ccccc3)c4ccccc4)n1,7.79
102,CHEMBL411925,CCC(CO)Cc1cc(OC)ccc1[C@H]2[C@@H]([C@@H](c3ccc4OCOc4c3)c5ccc(NC(C)C)nc25)C(=O)O,7.8
103,CHEMBL23261,COc1cc(OC)nc(O[C@H](C(=O)O)C(OC)(c2ccccc2)c3ccccc3)n1,7.8
104,CHEMBL331767,COc1ccc(cc1)[C@H]2[C@@H]([C@H](CN2CC(=O)Nc3c(C)cccc3C)c4ccc5OCOc5c4)C(=O)O,7.8
105,CHEMBL172030,COc1ccccc1Oc2c(NS(=O)(=O)c3ccc(cc3)C(C)(C)C)nc(nc2OCCNS(=O)(=O)c4cccs4)c5ncccn5,7.8
106,CHEMBL177538,CCCS(=O)(=O)NCCCOc1nc(nc(NS(=O)(=O)c2ccc(cn2)C(C)C)c1Oc3ccccc3OC)C4CC4,7.82
107,CHEMBL48196,CCCOc1ccc2[C@H]([C@@H]([C@@H](c3ccc(OC)cc3OCC(=O)O)c2c1)C(=O)O)c4ccc5OCOc5c4,7.83
108,CHEMBL319031,COc1cc(C)nc(OC(C(=O)O)C(OCCc2ccc(OC)c(OC)c2)(c3ccccc3)c4ccccc4)n1,7.83
109,CHEMBL432856,COc1ccc([C@H]2[C@@H]([C@@H](c3ccc4OCOc4c3)c5ccc(NC(C)C)nc25)C(=O)O)c(CC(C)(C)O)c1,7.85
110,CHEMBL101424,COc1ccc(cc1)[C@H]2[C@@H]([C@@H](c3ccc4OCOc4c3)c5ccc(CCC=C)nc25)C(=O)O,7.85
111,CHEMBL103090,COc1ccc(cc1)[C@H]2[C@@H]([C@@H](c3ccc4OCOc4c3)c5ccc(nc25)N(C)C(C)C)C(=O)O,7.85
112,CHEMBL308088,COc1ccccc1Oc2c(NS(=O)(=O)c3ccc(cn3)C(C)C)nc(nc2OCCOC(=O)Nc4ccccn4)N5CCSCC5,7.85
113,CHEMBL160768,CCCN(c1ccc2c3N(Cc4ccccc4OC)C(=O)C(=C(c5ccc(OC)cc5)c3oc2c1)C(=O)O)S(=O)(=O)C,7.89
114,CHEMBL368996,COc1ccccc1Oc2c(NS(=O)(=O)c3ccc(cn3)C(C)C)nc(nc2OCC#CCOC(=O)Nc4cnccn4)N5CCOCC5,7.89
115,CHEMBL332794,CCCOc1ccc(cc1)[C@H]2[C@@H]([C@H](CN2CC(=O)Nc3c(CC)cccc3CC)c4ccc5OCOc5c4)C(=O)O,7.92
116,CHEMBL112624,Cc1ccc(cc1)c2c(NS(=O)(=O)c3ccc(cc3)C(C)(C)CO)ncnc2OCCOc4ncc(Br)cn4,7.92
117,CHEMBL102969,CCCCc1ccc2[C@@H]([C@H]([C@H](c3ccc(OC)cc3)c2n1)C(=O)O)c4ccc5OCOc5c4,7.96
118,CHEMBL123926,COc1ccc(cc1)[C@H]2[C@@H]([C@H](CN2CC(=O)Nc3c(Br)cccc3Br)c4ccc5OCOc5c4)C(=O)O,8.0
119,CHEMBL320208,CCCCCc1ccc2[C@@H]([C@H]([C@H](c3ccc(OC)cc3)c2n1)C(=O)O)c4ccc5OCOc5c4,8.04
120,CHEMBL367274,COc1ccccc1Oc2c(NS(=O)(=O)c3ccc(cn3)C(C)C)nc(nc2OCCNS(=O)(=O)c4ccc(C)cc4)N5CCOCC5,8.05
121,CHEMBL155708,COc1ccc(cc1)C2=C(C(=O)O)C(=O)N(Cc3ccccc3OC)c4c2oc5cc(ccc45)N(C)S(=O)(=O)C,8.07
122,CHEMBL102314,COc1ccc(cc1)[C@H]2[C@@H]([C@@H](c3ccc4OCOc4c3)c5ccc(CC(C)C)nc25)C(=O)O,8.08
123,CHEMBL123994,COc1ccc(cc1)[C@H]2[C@@H]([C@H](CN2CC(=O)NC(c3ccccc3)c4ccccc4)c5ccc6OCOc6c5)C(=O)O.OC(=O)C(F)(F)F,8.09
124,CHEMBL331936,CCCC(NC(=O)CN1C[C@@H]([C@H]([C@@H]1c2ccc(OC)cc2)C(=O)O)c3ccc4OCOc4c3)c5ccccc5.OC(=O)C(F)(F)F,8.14
125,CHEMBL102405,COc1ccc(CCOC(C(Oc2nc(C)cc(C)n2)C(=O)O)(c3ccccc3)c4ccccc4)cc1OC,8.15
126,CHEMBL333009,CCc1cccc(CC)c1NC(=O)CN2C[C@@H]([C@H]([C@@H]2c3ccc(OC(C)C)cc3)C(=O)O)c4ccc5OCOc5c4,8.16
127,CHEMBL277275,COc1ccccc1Oc2c(NS(=O)(=O)c3ccc(cn3)C(C)C)nc(nc2OCCNS(=O)(=O)c4cccs4)c5cc(OC)c(OC)c(OC)c5,8.16
128,CHEMBL175501,[Na+].CCOC(=O)C.Cc1ccc(cc1)c2c([N-]S(=O)(=O)c3ccc(cc3)C(C)(C)C)ncnc2OCCOc4ncc(cn4)c5occc5,8.16
129,CHEMBL122673,CCc1ccccc1C(NC(=O)CN2C[C@@H]([C@H]([C@@H]2c3ccc(OC)cc3)C(=O)O)c4ccc5OCOc5c4)c6ccccc6CC.OC(=O)C(F)(F)F,8.18
130,CHEMBL332424,CCc1ccccc1C(NC(=O)CN2C[C@@H]([C@H]([C@@H]2c3ccc(OC)cc3)C(=O)O)c4ccc5OCOc5c4)c6ccccc6C.OC(=O)C(F)(F)F,8.22
131,CHEMBL286621,COc1ccc([C@H]2[C@@H]([C@@H](c3ccc4OCOc4c3)c5ccc(NC(C)C)nc25)C(=O)O)c(CC(O)CO)c1,8.22
132,CHEMBL332387,CCc1cccc(OC)c1NC(=O)CN2C[C@@H]([C@H]([C@@H]2c3ccc(OC)cc3)C(=O)O)c4ccc5OCOc5c4,8.24
133,CHEMBL8978,CCCc1cc(ccc1OC(C(=O)NS(=O)(=O)c2ccc(cc2)C(C)C)c3ccc4OCOc4c3)C(=O)O,8.27
134,CHEMBL334076,CCCCC(NC(=O)CN1C[C@@H]([C@H]([C@@H]1c2ccc(OC)cc2)C(=O)O)c3ccc4OCOc4c3)c5ccccc5.OC(=O)C(F)(F)F,8.3
135,CHEMBL306123,CCCCC(NC(=O)[C@@H](Cc1c(C#N)[nH]c2ccccc12)NC(=O)C(NC(=O)N3[C@H](C)CCC[C@@H]3C)C(C)C)C(=O)O,8.3
136,CHEMBL122933,COc1ccc(cc1)[C@H]2[C@@H]([C@H](CN2CC(=O)NC(CC(C)(C)C)c3ccccc3)c4ccc5OCOc5c4)C(=O)O.OC(=O)C(F)(F)F,8.3
137,CHEMBL72037,COc1ccccc1Oc2c(NS(=O)(=O)c3ccc(cn3)C(C)C)nc(nc2OCCOC(=O)Nc4ccccn4)N5CCOCC5,8.3
138,CHEMBL316735,COc1ccc(CCOC([C@H](Oc2nc(C)cc(C)n2)C(=O)O)(c3ccccc3)c4ccccc4)cc1OC,8.32
139,CHEMBL70310,CN([C@H](Cc1ccc(cc1)c2ccccn2)C(=O)N[C@@H](Cc3c[nH]c4ccccc34)C(=O)O)C(=O)c5cc(C)cc(C)c5,8.36
140,CHEMBL421073,CCc1cccc(C)c1NC(=O)CN2C[C@@H]([C@H]([C@@H]2c3ccc(OC)cc3)C(=O)O)c4ccc5OCOc5c4,8.4
141,CHEMBL276949,COc1ccccc1Oc2c(NS(=O)(=O)c3ccc(cc3)C(C)(C)C)nc(nc2OCCCNS(=O)(=O)c4cccs4)c5ncccn5,8.4
142,CHEMBL367444,COc1ccccc1Oc2c(NS(=O)(=O)c3ccc(cn3)C(C)C)nc(nc2OCCCNS(=O)(=O)c4cccs4)C5CC5,8.4
143,CHEMBL173201,COc1ccccc1Oc2c(NS(=O)(=O)c3ccc(cn3)C(C)C)nc(nc2OCCNS(=O)(=O)c4ccc(C)cc4)c5cc(OC)c(OC)c(OC)c5,8.4
144,CHEMBL307936,CSCCC(NC(=O)[C@@H](Cc1c(C)[nH]c2ccccc12)NC(=O)C(NC(=O)N3[C@H](C)CCC[C@@H]3C)C4CC4)C(=O)O,8.4
145,CHEMBL331066,CCc1cccc(CC)c1NC(=O)CN2C[C@@H]([C@H]([C@@H]2c3ccc(CCOC)cc3)C(=O)O)c4ccc5OCOc5c4,8.42
146,CHEMBL367445,O.[Na+].Cc1ccc(cc1)c2c([N-]S(=O)(=O)c3ccc(cc3)C(C)(C)C)ncnc2OCCOc4ncc(cn4)c5cccs5,8.42
147,CHEMBL433700,CCN(c1ccc2c3N(Cc4ccccc4OC)C(=O)C(=C(c5ccc(OC)cc5)c3oc2c1)C(=O)O)S(=O)(=O)C,8.44
148,CHEMBL435385,CCOc1ccc(cc1)[C@H]2[C@@H]([C@H](CN2CC(=O)Nc3c(CC)cccc3CC)c4ccc5OCOc5c4)C(=O)O,8.44
149,CHEMBL305524,CCSCC(NC(=O)[C@@H](Cc1c(Br)[nH]c2ccccc12)NC(=O)C(CC(C)C)NC(=O)N3[C@H](C)CCC[C@@H]3C)C(=O)O,8.44
150,CHEMBL73042,CCCCS(=O)(=O)NC(=O)C(NC(=O)[C@@H](Cc1ccc(cc1)c2oncc2)N(C)C(=O)c3cc(C)cc(C)c3)C(C)CC,8.46
151,CHEMBL333034,COc1ccc(cc1)[C@H]2[C@@H]([C@H](CN2CC(=O)NC(CC(C)C)c3ccccc3)c4ccc5OCOc5c4)C(=O)O.OC(=O)C(F)(F)F,8.47
152,CHEMBL432227,COc1ccc(cc1)[C@H]2[C@@H]([C@H](CN2CC(=O)NC(c3ccccc3)c4ccccc4C)c5ccc6OCOc6c5)C(=O)O.OC(=O)C(F)(F)F,8.47
153,CHEMBL273642,CC(C)OCCOc1ccc(cc1)[C@H]2[C@@H]([C@H](CN2CC(=O)NC(c3ccccc3C)c4ccccc4C)c5ccc6OCOc6c5)C(=O)O.OC(=O)C(F)(F)F,8.48
154,CHEMBL123206,CCc1ccccc1C(NC(=O)CN2C[C@@H]([C@H]([C@@H]2c3ccc(OCCOC(C)C)cc3)C(=O)O)c4ccc5OCOc5c4)c6ccccc6C.OC(=O)C(F)(F)F,8.48
155,CHEMBL103201,COc1cc(CCOC(C(Oc2nc(C)cc(C)n2)C(=O)O)(c3ccccc3)c4ccccc4)cc(OC)c1OC,8.49
156,CHEMBL263301,CCCCS(=O)(=O)NC(=O)C(NC(=O)[C@@H](Cc1ccc(cc1)c2oncc2)N(C)C(=O)c3cc(C)cc(C)c3)C(C)O,8.5
157,CHEMBL72358,CCCCS(=O)(=O)NC(=O)C(NC(=O)[C@@H](Cc1ccc(cc1)c2oncc2)N(C)C(=O)c3cc(C)cc(C)c3)C4CCCCC4,8.51
158,CHEMBL123107,CCC(NC(=O)CN1C[C@@H]([C@H]([C@@H]1c2ccc(OC)cc2)C(=O)O)c3ccc4OCOc4c3)c5ccccc5.OC(=O)C(F)(F)F,8.59
159,CHEMBL123408,COCCOc1ccc(cc1)[C@H]2[C@@H]([C@H](CN2CC(=O)NC(c3ccccc3)C(C)(C)C)c4ccc5OCOc5c4)C(=O)O.OC(=O)C(F)(F)F,8.66
160,CHEMBL121647,COc1ccc(cc1)[C@H]2[C@@H]([C@H](CN2CC(=O)NC(C(C)C)c3ccccc3)c4ccc5OCOc5c4)C(=O)O.OC(=O)C(F)(F)F,8.68
161,CHEMBL172297,COc1ccccc1Oc2c(NS(=O)(=O)c3ccc(cc3)C(C)(C)C)nc(nc2OCCCNS(=O)(=O)c4cccs4)C5CC5,8.7
162,CHEMBL123654,COCCOc1ccc(cc1)[C@H]2[C@@H]([C@H](CN2CC(=O)NC(c3ccccc3C)c4ccccc4C)c5ccc6OCOc6c5)C(=O)O.OC(=O)C(F)(F)F,8.77
163,CHEMBL420729,CCc1cc(CC)c(NC(=O)CN2C[C@@H]([C@H]([C@@H]2c3ccc(OC)cc3)C(=O)O)c4ccc5OCOc5c4)c(CC)c1,8.82
164,CHEMBL339657,CCc1cccc(CC)c1NC(=O)CN2C[C@@H]([C@H]([C@@H]2c3ccc(OC)cc3)C(=O)O)c4ccc5OCOc5c4,8.85
165,CHEMBL72217,CCCCS(=O)(=O)NC(=O)C(CC(C)C)NC(=O)[C@@H](Cc1ccc(cc1)c2oncc2)N(C)C(=O)c3cc(C)cc(C)c3,8.89
166,CHEMBL311854,CCCCS(=O)(=O)NC(=O)[C@@H](NC(=O)[C@@H](Cc1ccc(cc1)c2oncc2)N(C)C(=O)c3cc(C)cc(C)c3)C(C)C,8.92
167,CHEMBL330895,CCC(CC)C(NC(=O)CN1C[C@@H]([C@H]([C@@H]1c2ccc(OC)cc2)C(=O)O)c3ccc4OCOc4c3)c5ccccc5.OC(=O)C(F)(F)F,8.96
168,CHEMBL73925,CCCCC(NC(=O)[C@@H](Cc1c(Br)[nH]c2ccccc12)NC(=O)C(NC(=O)N3[C@H](C)CCC[C@@H]3C)C4CC4)C(=O)O,8.96
169,CHEMBL331625,CCc1cccc(CC)c1NC(=O)CN2C[C@@H]([C@H]([C@@H]2c3ccc(OCCOC)cc3)C(=O)O)c4ccc5OCOc5c4,8.96
170,CHEMBL332109,COc1ccc(cc1)[C@H]2[C@@H]([C@H](CN2CC(=O)NC(c3ccccc3C)c4ccccc4C)c5ccc6OCOc6c5)C(=O)O.OC(=O)C(F)(F)F,8.96
171,CHEMBL72410,CN([C@H](Cc1ccc(cc1)c2ccccc2)C(=O)N[C@@H](Cc3c[nH]c4ccccc34)C(=O)O)C(=O)c5cc(C)cc(C)c5,9.0
172,CHEMBL123316,COc1ccc(cc1)[C@H]2[C@@H]([C@H](CN2CC(=O)NC(c3ccccc3)C(C)(C)C)c4ccc5OCOc5c4)C(=O)O.OC(=O)C(F)(F)F,9.03
173,CHEMBL333972,CCc1cc(F)cc(CC)c1NC(=O)CN2C[C@@H]([C@H]([C@@H]2c3ccc(OC)cc3)C(=O)O)c4ccc5OCOc5c4,9.1
174,CHEMBL73697,CN([C@H](Cc1ccc(cc1)c2ccon2)C(=O)N[C@@H](Cc3c[nH]c4ccccc34)C(=O)O)C(=O)c5cc(C)cc(C)c5,9.1
175,CHEMBL70686,CN([C@H](Cc1ccc(cc1)c2occc2)C(=O)N[C@@H](Cc3c[nH]c4ccccc34)C(=O)O)C(=O)c5cc(C)cc(C)c5,9.12
176,CHEMBL332289,CC(C)OCCOc1ccc(cc1)[C@H]2[C@@H]([C@H](CN2CC(=O)NC(c3ccccc3)C(C)(C)C)c4ccc5OCOc5c4)C(=O)O.OC(=O)C(F)(F)F,9.15
177,CHEMBL73835,CCCCS(=O)(=O)NC(=O)C(CC)NC(=O)[C@@H](Cc1ccc(cc1)c2oncc2)N(C)C(=O)c3cc(C)cc(C)c3,9.16
178,CHEMBL307470,CN([C@H](Cc1ccc(cc1)c2cccs2)C(=O)N[C@@H](Cc3c[nH]c4ccccc34)C(=O)O)C(=O)c5cc(C)cc(C)c5,9.22
179,CHEMBL307384,CCCCS(=O)(=O)NC(=O)C(Cc1ccc2ccccc2c1)NC(=O)[C@@H](Cc3ccc(cc3)c4oncc4)N(C)C(=O)c5cc(C)cc(C)c5,9.23
180,CHEMBL308269,CN([C@H](Cc1ccc(cc1)c2oncc2)C(=O)N[C@@H](Cc3c[nH]c4ccccc34)C(=O)NS(=O)(=O)Cc5ccccc5)C(=O)c6cc(C)cc(C)c6,9.3
181,CHEMBL307045,CCCCS(=O)(=O)NC(=O)C(CCSC)NC(=O)[C@@H](Cc1ccc(cc1)c2oncc2)N(C)C(=O)c3cc(C)cc(C)c3,9.31
182,CHEMBL109644,CCCCCCS(=O)(=O)N(CCC)CCN1C[C@@H]([C@H]([C@@H]1c2ccc(OC)c(F)c2)C(=O)O)c3ccc4OCOc4c3,9.32
183,CHEMBL323464,CCCCS(=O)(=O)N(CCC)CCN1C[C@@H]([C@H]([C@@H]1c2ccc(OC)c(F)c2)C(=O)O)c3ccc4OCOc4c3,9.33
184,CHEMBL307471,C\C=C\S(=O)(=O)NC(=O)[C@H](Cc1c[nH]c2ccccc12)NC(=O)[C@@H](Cc3ccc(cc3)c4oncc4)N(C)C(=O)c5cc(C)cc(C)c5,9.41
185,CHEMBL73000,CC(C)S(=O)(=O)NC(=O)[C@H](Cc1c[nH]c2ccccc12)NC(=O)[C@@H](Cc3ccc(cc3)c4oncc4)N(C)C(=O)c5cc(C)cc(C)c5,9.42
186,CHEMBL73373,CCS(=O)(=O)NC(=O)[C@H](Cc1c[nH]c2ccccc12)NC(=O)[C@@H](Cc3ccc(cc3)c4oncc4)N(C)C(=O)c5cc(C)cc(C)c5,9.42
187,CHEMBL310920,CN([C@H](Cc1ccc(cc1)c2oncc2)C(=O)N[C@@H](Cc3c[nH]c4ccccc34)C(=O)NS(=O)(=O)c5ccccc5)C(=O)c6cc(C)cc(C)c6,9.47
188,CHEMBL111277,CCCCCS(=O)(=O)N(CCC)CCN1C[C@@H]([C@H]([C@@H]1c2ccc(OC)c(F)c2)C(=O)O)c3ccc4OCOc4c3,9.55
189,CHEMBL306950,CCCCS(=O)(=O)NC(=O)[C@H](Cc1c[nH]c2ccccc12)NC(=O)[C@@H](Cc3ccc(cc3)c4oncc4)N(C)C(=O)c5cc(C)cc(C)c5,9.62
190,CHEMBL72348,CCCS(=O)(=O)NC(=O)[C@H](Cc1c[nH]c2ccccc12)NC(=O)[C@@H](Cc3ccc(cc3)c4oncc4)N(C)C(=O)c5cc(C)cc(C)c5,9.62
191,CHEMBL72924,CCOCCS(=O)(=O)NC(=O)[C@H](Cc1c[nH]c2ccccc12)NC(=O)[C@@H](Cc3ccc(cc3)c4oncc4)N(C)C(=O)c5cc(C)cc(C)c5,9.64
192,CHEMBL305462,CN([C@H](Cc1ccc(cc1)c2ccsc2)C(=O)N[C@@H](Cc3c[nH]c4ccccc34)C(=O)O)C(=O)c5cc(C)cc(C)c5,9.64
193,CHEMBL308102,CN([C@H](Cc1ccc(cc1)c2oncc2)C(=O)N[C@@H](Cc3c[nH]c4ccccc34)C(=O)NS(=O)(=O)CC=C)C(=O)c5cc(C)cc(C)c5,9.64
194,CHEMBL433106,CN([C@H](Cc1ccc(cc1)c2oncc2)C(=O)N[C@@H](Cc3c[nH]c4ccccc34)C(=O)O)C(=O)c5cc(C)cc(C)c5,9.68
195,CHEMBL419367,CCCN(CCN1C[C@@H]([C@H]([C@@H]1c2ccc(OC)c(F)c2)C(=O)O)c3ccc4OCOc4c3)S(=O)(=O)CCCC(F)(F)F,9.7
196,CHEMBL325581,CCCN(CCN1C[C@@H]([C@H]([C@@H]1c2ccc(OC)c(F)c2)C(=O)O)c3ccc4OCOc4c3)S(=O)(=O)CCCCl,9.85
197,CHEMBL310039,CN([C@H](Cc1ccc(cc1)c2oncc2)C(=O)N[C@@H](Cc3c[nH]c4ccccc34)C(=O)NS(=O)(=O)C=C)C(=O)c5cc(C)cc(C)c5,9.85
0,CHEMBL170335,C\C=C\C=C\C=C\C(=O)O[C@@H]1C=C2COC(O)[C@]2(O)[C@@]3(C)CCCC(C)(C)C13,4.68
2,CHEMBL175228,CC(C)C[C@H](OC(=O)NC1CCCCC1)C(=O)N[C@H](Cc2cn(C)c3ccccc23)c4nc(C(=O)O)c(C)[nH]4,4.27
7,CHEMBL177546,CC(C)C[C@H](OC(=O)NC1CCCCC1)C(=O)N[C@H](Cc2cn(C)c3ccccc23)c4oc(C)c(n4)C(=O)O,4.32
9,CHEMBL174448,CC(C)C[C@H](NC(=O)NC1CCCCC1)C(=O)N[C@H](Cc2cn(C)c3ccccc23)c4nc(C(=O)O)c(C)[nH]4,4.47
12,CHEMBL353502,C\C=C\C=C\C(=O)O[C@@H]1C=C2COC(O)[C@]2(O)[C@@]3(C)CCCC(C)(C)C13,4.16
16,CHEMBL368629,CC(C)C[C@H](OC(=O)OC1CCCCC1)C(=O)N[C@H](Cc2cn(C)c3ccccc23)c4oc(C)c(n4)C(=O)O,4.1
19,CHEMBL173059,C\C=C\C=C\C=C\C(=O)O[C@@H]1C=C2COC(=O)[C@]2(O)[C@@]3(C)CCCC(C)(C)C13,4.3
21,CHEMBL414605,CC(C)C[C@H](NC(=O)N(C)C1CCCCC1)C(=O)N[C@H](Cc2cn(C)c3ccccc23)c4nc(C(=O)O)c(C)[nH]4,4.7
25,CHEMBL175698,CC(C)C[C@H](OC(=O)N(C)C1CCCCC1)C(=O)N[C@H](Cc2cn(C)c3ccccc23)c4oc(C)c(n4)C(=O)O,4.05
27,CHEMBL305270,CCc1cc(C)nc(OC(C(=O)O)C(OC)(c2ccccc2)c3ccccc3)n1,6.8
28,CHEMBL302753,COC(C(Oc1nc(C)cc(C)n1)C(=O)O)(c2ccccc2)c3ccccc3,6.71
29,CHEMBL303390,COc1cccc(c1)C(OC)(C(Oc2nc(OC)cc(OC)n2)C(=O)O)c3cccc(OC)c3,5.89
30,CHEMBL64009,COc1cc(OC)nc(OC(C(=O)O)C(OC)(c2ccc(Cl)cc2)c3ccc(Cl)cc3)n1,5.89
31,CHEMBL418326,CCc1cc(CC)nc(OC(C(=O)O)C(OC)(c2ccccc2)c3ccccc3)n1,5.96
32,CHEMBL65833,COc1cc(OC)nc(OC(C(=O)O)C(OC)(c2cccc(C)c2)c3cccc(C)c3)n1,5.89
33,CHEMBL303034,COc1cc(OC)nc(OC(C(=O)O)C(OC)(c2ccc(C)cc2)c3ccc(C)cc3)n1,6.0
34,CHEMBL304778,CCOC(C(Oc1nc(OC)cc(OC)n1)C(=O)O)(c2ccccc2)c3ccccc3,5.6
37,CHEMBL66893,CCOc1cc(OCC)nc(OC(C(=O)O)C(OC)(c2ccccc2)c3ccccc3)n1,5.6
38,CHEMBL63648,COc1cc(OC)nc(OC(C(=O)O)C(O)(c2ccccc2)c3ccccc3)n1,5.46
39,CHEMBL67536,COc1cc(OC)nc(OC(C(=O)O)C(OC)(c2cccc(F)c2)c3cccc(F)c3)n1,5.75
42,CHEMBL304721,COc1cc(OC)nc(OC(C(=O)O)C(OC)(c2ccc(F)cc2)c3ccc(F)cc3)n1,6.01
45,CHEMBL303501,COc1cc(OC)nc(OC(C(=O)O)C(OC)(c2ccccc2F)c3ccccc3F)n1,5.22
46,CHEMBL306218,COC(C(Oc1nccc(C)n1)C(=O)O)(c2ccccc2)c3ccccc3,5.72
47,CHEMBL25344,COc1cc(OC)nc(OC(C(=O)O)C(OC)(c2ccccc2)c3ccccc3)n1,6.0
49,CHEMBL67084,CCCOC(C(Oc1nc(OC)cc(OC)n1)C(=O)O)(c2ccccc2)c3ccccc3,5.77
50,CHEMBL66402,COc1cc(OC)nc(OC(C(=O)O)C(Oc2ccccc2)(c3ccccc3)c4ccccc4)n1,5.82
51,CHEMBL67957,COC(=O)C(Oc1nc(OC)cc(OC)n1)C(C)(Oc2ccc(SC)cc2)c3ccccc3,5.33
52,CHEMBL304173,COc1cc(OC)nc(OC(C(=O)O)C(OCCC(C)(C)C)(c2ccccc2)c3ccccc3)n1,5.85
53,CHEMBL67325,COC(=O)C(Oc1nc(OC)cc(OC)n1)C(C)(Oc2ccc(cc2)C(C)C)c3ccccc3,5.52
61,CHEMBL431651,CCCOc1ccc2[C@@H]([C@H]([C@H](c3ccc(OC)cc3OCCO)c2c1)C(=O)O)c4ccc5OCOc5c4,6.96
65,CHEMBL1205177,CC(C)C[C@@H]1NC(=O)[C@H](NC(=O)[C@H](CC(=O)O)NC(=O)[C@H](CC(=O)N2CCN(CC2)c3ccccc3)NC(=O)[C@@H](CC(=O)O)NC(=O)[C@@H](Cc4c[nH]c5ccccc45)NC1=O)c6cccs6,6.89
66,CHEMBL957,COc1ccccc1Oc2c(NS(=O)(=O)c3ccc(cc3)C(C)(C)C)nc(nc2OCCO)c4ncccn4,6.47
71,CHEMBL286333,Cc1ccccc1c2ccc3[C@H]4[C@H]([C@H]([C@H]4c5ccccc5C(=O)c3c2)C(=O)O)C(=O)O,5.62
72,CHEMBL433039,OC(=O)[C@@H]1[C@@H]([C@H]2[C@@H]1c3ccccc3C(=O)c4cc(ccc24)c5cccc6ccccc56)C(=O)O,6.52
73,CHEMBL414408,Cc1ccc(cc1)c2ccc3[C@H]4[C@H]([C@H]([C@H]4c5ccccc5C(=O)c3c2)C(=O)O)C(=O)O,6.72
75,CHEMBL61211,COc1ccc(cc1)C2=C([C@H](Oc3ccc(OC(C)C)cc23)c4ccc5OCOc5c4)C(=O)O,6.7
76,CHEMBL286214,OC(=O)[C@@H]1[C@@H]([C@H]2[C@@H]1c3ccccc3C(=O)c4cc(ccc24)c5cc(Cl)cc(Cl)c5)C(=O)O,5.68
77,CHEMBL31662,CCc1ccc(cc1)c2ccc3[C@H]4[C@H]([C@H]([C@H]4c5ccccc5C(=O)c3c2)C(=O)O)C(=O)O,6.55
78,CHEMBL286808,OC(=O)[C@@H]1[C@@H]([C@H]2[C@@H]1c3ccccc3C(=O)c4ccccc24)C(=O)O,5.1
79,CHEMBL31469,COc1ccc(cc1)c2ccc3[C@H]4[C@H]([C@H]([C@H]4c5ccccc5C(=O)c3c2)C(=O)O)C(=O)O,6.52
83,CHEMBL30297,OC(=O)[C@@H]1[C@@H]([C@H]2[C@@H]1c3ccc(Br)cc3C(=O)c4cc(Br)ccc24)C(=O)O,5.98
84,CHEMBL283200,OC(=O)[C@@H]1[C@@H]([C@H]2[C@@H]1c3ccccc3C(=O)c4cc(ccc24)c5ccc(Cl)cc5)C(=O)O,6.64
85,CHEMBL286395,OC(=O)[C@@H]1[C@@H]([C@H]2[C@@H]1c3ccccc3C(=O)c4cc(Br)ccc24)C(=O)O,6.05
87,CHEMBL31781,OC(=O)[C@@H]1[C@@H]([C@H]2[C@@H]1c3ccccc3C(=O)c4cc(ccc24)c5ccc(cc5C(F)(F)F)C(F)(F)F)C(=O)O,5.33
89,CHEMBL29265,OC(=O)[C@@H]1[C@@H]([C@H]2[C@@H]1c3ccccc3C(=O)c4cc(ccc24)c5ccc(Cl)cc5Cl)C(=O)O,6.52
90,CHEMBL175616,[Na+].COc1ccccc1Oc2c([N-]S(=O)(=O)c3ccc(cc3)C(C)(C)C)nc(nc2OCCO)c4ncccn4,6.85
92,CHEMBL31524,COc1ccccc1c2ccc3[C@H]4[C@H]([C@H]([C@H]4c5ccccc5C(=O)c3c2)C(=O)O)C(=O)O,5.62
94,CHEMBL433229,COc1cccc(c1)c2ccc3[C@H]4[C@H]([C@H]([C@H]4c5ccccc5C(=O)c3c2)C(=O)O)C(=O)O,5.96
98,CHEMBL286687,OC(=O)[C@@H]1[C@@H]([C@H]2[C@@H]1c3ccccc3C(=O)c4cc(ccc24)c5ccccc5)C(=O)O,6.0
103,CHEMBL78929,Cc1ccccc1S(=O)(=O)Nc2onc(C)c2Br,4.35
104,CHEMBL421523,Cc1noc(NS(=O)(=O)c2ccc(Cl)cc2Cl)c1Br,4.62
105,CHEMBL76360,Cc1noc(NS(=O)(=O)c2cccc(Cl)c2)c1C,4.05
106,CHEMBL78552,Cc1noc(NS(=O)(=O)c2ccc(Cl)cc2)c1Br,5.16
107,CHEMBL417651,Cc1noc(NS(=O)(=O)c2cccc(c2)c3ccccc3)c1C,5.31
108,CHEMBL78080,Cc1noc(NS(=O)(=O)c2ccccc2)c1Br,4.7
109,CHEMBL80857,Cc1noc(NS(=O)(=O)c2ccccc2c3ccccc3)c1Br,5.1
110,CHEMBL312685,Cc1cccc(c1)S(=O)(=O)Nc2onc(C)c2Br,4.89
111,CHEMBL78952,Cc1ccc(cc1)S(=O)(=O)Nc2onc(C)c2C,4.82
112,CHEMBL78830,CCc1ccc(Br)cc1S(=O)(=O)Nc2onc(C)c2C,4.64
113,CHEMBL309692,CCc1ccc(Br)cc1S(=O)(=O)Nc2onc(C)c2Br,5.28
114,CHEMBL310427,Cc1noc(NS(=O)(=O)c2ccccc2c3ccccc3)c1C,4.26
115,CHEMBL311258,Cc1noc(NS(=O)(=O)c2ccc(cc2)c3ccccc3)c1C,6.22
116,CHEMBL76779,COc1ccc(Br)cc1S(=O)(=O)Nc2onc(C)c2C,4.7
117,CHEMBL78853,COc1ccc(cc1OC)S(=O)(=O)Nc2onc(C)c2Br,4.62
118,CHEMBL80342,CCCc1ccc(Br)cc1S(=O)(=O)Nc2onc(C)c2Br,5.18
119,CHEMBL80538,Cc1noc(NS(=O)(=O)c2cccc(c2)c3ccccc3)c1Br,5.96
120,CHEMBL311461,Cc1noc(NS(=O)(=O)c2cc(Cl)cc(Cl)c2)c1Br,4.85
121,CHEMBL312187,COc1ccc(Br)cc1S(=O)(=O)Nc2onc(C)c2Br,5.28
122,CHEMBL311138,CCc1ccc(CC)c(c1)S(=O)(=O)Nc2onc(C)c2Br,5.28
123,CHEMBL80129,Cc1noc(NS(=O)(=O)c2ccc(Br)cc2)c1C,4.85
124,CHEMBL80980,Cc1noc(NS(=O)(=O)c2cccc3ccccc23)c1Br,4.8
125,CHEMBL309397,Cc1noc(NS(=O)(=O)c2cc(Cl)ccc2Cl)c1Br,4.6
127,CHEMBL311455,Cc1noc(NS(=O)(=O)c2cc(Cl)ccc2Cl)c1C,4.1
128,CHEMBL80507,Cc1noc(NS(=O)(=O)c2ccc(Cl)c(Cl)c2)c1Br,5.17
129,CHEMBL27065,Cc1noc(NS(=O)(=O)c2cccc3ccccc23)c1C,4.31
131,CHEMBL76438,Cc1ccc(cc1)S(=O)(=O)Nc2onc(C)c2Br,5.4
132,CHEMBL310739,Cc1noc(NS(=O)(=O)c2ccccc2c3ccccc3)c1Cl,4.89
134,CHEMBL310361,Cc1noc(NS(=O)(=O)c2ccccc2F)c1Br,4.46
135,CHEMBL311742,CCc1ccc(Br)c(c1)S(=O)(=O)Nc2onc(C)c2Br,5.33
136,CHEMBL267458,CN(C)c1cccc2c(cccc12)S(=O)(=O)Nc3onc(C)c3C,4.85
137,CHEMBL80782,CN(C)c1cccc2c(cccc12)S(=O)(=O)Nc3onc(C)c3Br,5.48
138,CHEMBL76949,Cc1noc(NS(=O)(=O)c2cc(Cl)cc(Cl)c2)c1C,4.33
140,CHEMBL80317,Cc1noc(NS(=O)(=O)c2cc(Br)ccc2Br)c1C,4.48
141,CHEMBL76860,Cc1noc(NS(=O)(=O)c2ccccc2)c1Cl,4.57
142,CHEMBL312670,Cc1noc(NS(=O)(=O)c2ccccc2)c1C,4.06
144,CHEMBL78601,Cc1noc(NS(=O)(=O)c2ccc(Cl)cc2)c1C,4.54
145,CHEMBL312266,Cc1noc(NS(=O)(=O)c2ccccc2Br)c1Br,4.41
146,CHEMBL311216,Cc1noc(NS(=O)(=O)c2cc(Br)ccc2Br)c1Br,4.96
147,CHEMBL312551,Cc1noc(NS(=O)(=O)c2cccc(Cl)c2C)c1C,4.13
148,CHEMBL311781,CCCc1ccc(Br)cc1S(=O)(=O)Nc2onc(C)c2C,4.59
149,CHEMBL311510,Cc1noc(NS(=O)(=O)c2cccc(c2)c3ccccc3)c1Cl,5.92
150,CHEMBL80945,Cc1noc(NS(=O)(=O)c2ccc(cc2)[N+](=O)[O-])c1C,4.52
151,CHEMBL430822,Cc1noc(NS(=O)(=O)c2ccc(Br)cc2)c1Br,5.47
153,CHEMBL79066,CCc1ccc(CC)c(c1)S(=O)(=O)Nc2onc(C)c2C,4.77
154,CHEMBL78563,CNc1ccc(C)cc1S(=O)(=O)Nc2onc(C)c2Br,6.03
155,CHEMBL79030,Cc1noc(NS(=O)(=O)c2cccc(c2)[N+](=O)[O-])c1Br,4.42
156,CHEMBL78669,Cc1noc(NS(=O)(=O)c2cccc(Cl)c2C)c1Br,4.66
159,CHEMBL76576,Cc1noc(NS(=O)(=O)c2ccc(Cl)c(Cl)c2)c1C,4.6
160,CHEMBL77962,Cc1cc(C)c(c(C)c1)S(=O)(=O)Nc2onc(C)c2Br,4.34
161,CHEMBL80807,CCc1ccc(Br)c(c1)S(=O)(=O)Nc2onc(C)c2C,4.57
162,CHEMBL79080,Cc1noc(NS(=O)(=O)c2ccc(cc2)[N+](=O)[O-])c1Br,5.42
163,CHEMBL420029,Cc1ccc(Br)cc1S(=O)(=O)Nc2onc(C)c2Br,4.89
164,CHEMBL76623,Cc1noc(NS(=O)(=O)c2ccc(cc2)c3ccccc3)c1Br,6.85
165,CHEMBL81593,Cc1noc(NS(=O)(=O)c2cccc(Br)c2)c1C,4.31
166,CHEMBL80532,Cc1ccc(C)c(c1)S(=O)(=O)Nc2onc(C)c2C,4.24
167,CHEMBL80180,Cc1ccc(Br)cc1S(=O)(=O)Nc2onc(C)c2C,4.23
168,CHEMBL80438,Cc1noc(NS(=O)(=O)c2ccccc2Cl)c1Br,4.43
169,CHEMBL80484,Cc1ccc(C)c(c1)S(=O)(=O)Nc2onc(C)c2Br,4.82
170,CHEMBL453,Cc1noc(NS(=O)(=O)c2ccc(N)cc2)c1C,4.62
171,CHEMBL79031,Cc1noc(NS(=O)(=O)c2cccc(Br)c2)c1Br,5.03
172,CHEMBL78734,Cc1noc(NS(=O)(=O)c2ccc(F)cc2)c1Br,4.85
173,CHEMBL26522,Cc1noc(NS(=O)(=O)c2ccc(F)cc2)c1C,4.24
175,CHEMBL80808,Cc1noc(NS(=O)(=O)c2cccc(Cl)c2)c1Br,4.89
176,CHEMBL8981,COc1ccc(cc1)C2(O)OC(=O)C(=C2Cc3cc(OC)c(OC)c(OC)c3)c4ccc5OCOc5c4,6.32
181,CHEMBL10924,COc1ccc(cc1)C2(O)OC(=O)C(=C2Cc3ccc(OC)c(C)c3)c4ccc5OCOc5c4,5.94
182,CHEMBL25438,[Na+].COc1ccc(cc1)C(=O)\C(=C(/C(=O)[O-])\c2ccc3OCOc3c2)\Cc4cc(OC)c(OC)c(OC)c4,6.38
183,CHEMBL11131,OC1(OC(=O)C(=C1Cc2ccccc2)c3ccc4OCOc4c3)c5ccccc5,4.52
184,CHEMBL10588,COc1ccc(cc1C)C2(O)OC(=O)C(=C2Cc3ccccc3)c4ccc5OCOc5c4,5.76
186,CHEMBL11115,COc1ccc(CC2=C(C(=O)OC2(O)c3ccc(OC)cc3)c4ccc5OCOc5c4)cc1,5.81
187,CHEMBL267094,OC1(OC(=O)C(=C1Cc2ccccc2)c3ccc4OCOc4c3)c5ccc(Cl)cc5,5.57
191,CHEMBL10374,COc1ccc(cc1)C2(O)OC(=O)C(=C2Cc3ccc(C)cc3)c4ccc5OCOc5c4,6.41
192,CHEMBL274383,COc1ccc(cc1)C2(O)OC(=O)C(=C2Cc3ccccc3)c4ccc5OCOc5c4,5.34
193,CHEMBL46311,CCOc1ccc(cc1)c2cc(C)nc(OC(C(=O)O)C(C)(c3ccccc3)c4ccccc4)n2,6.46
199,CHEMBL36671,COc1ccc([C@H]2[C@@H]([C@@H](c3ccc4OCOc4c3)c5ccc(NC(C)C)nc25)C(=O)O)c(O)c1,6.54
226,CHEMBL287517,COc1ccc([C@H]2[C@@H]([C@@H](c3ccc4OCOc4c3)c5ccc(NC(C)C)nc25)C(=O)O)c(OCc6ccccc6)c1,6.32
240,CHEMBL37973,COc1ccc([C@H]2[C@@H]([C@@H](c3ccc4OCOc4c3)c5ccc(NC(C)C)nc25)C(=O)O)c(OCC(C)C)c1,6.38
248,CHEMBL174781,CCCS(=O)(=O)NCCOc1nc(nc(NS(=O)(=O)c2ccc(C)cn2)c1Oc3ccccc3OC)C4CC4,5.33
254,CHEMBL367275,COc1ccccc1Oc2c(NS(=O)(=O)c3ccc(C)cn3)nc(nc2OCCNS(=O)(=O)c4cccs4)N5CCOCC5,6.35
256,CHEMBL368945,COc1ccccc1Oc2c(NS(=O)(=O)c3ccc(C)cn3)nc(Cc4ccc5OCOc5c4)nc2OCCNS(=O)(=O)c6cccs6,5.68
257,CHEMBL176749,CCS(=O)(=O)NCCOc1nc(nc(NS(=O)(=O)c2ccc(cc2)C(C)(C)C)c1Oc3ccccc3OC)C4CC4,6.49
258,CHEMBL368528,CCS(=O)(=O)NCCOc1nc(nc(NS(=O)(=O)c2ccc(C)cn2)c1Oc3ccccc3OC)C4CC4,5.25
261,CHEMBL172071,CCS(=O)(=O)NCCOc1nc(nc(NS(=O)(=O)c2ccc(cn2)C(C)C)c1Oc3ccccc3OC)C4CC4,6.4
263,CHEMBL367017,COc1ccccc1Oc2c(NS(=O)(=O)c3ccc(C)cn3)nc(nc2OCCNS(=O)(=O)c4cccs4)c5ccncc5,5.44
264,CHEMBL366628,COc1ccccc1Oc2c(NS(=O)(=O)c3ccc(C)cn3)nc(nc2OCCNS(=O)(=O)c4ccc(C)cc4)c5ccncc5,5.81
266,CHEMBL174547,COc1ccccc1Oc2c(NS(=O)(=O)c3ccc(C)cn3)nc(nc2OCCNS(=O)(=O)c4cccs4)C5CC5,5.08
267,CHEMBL24906,COc1cc(OC)nc(CC(C(=O)O)C(C)(Oc2ccc(SC)cc2)c3ccccc3)n1,5.33
268,CHEMBL172441,COc1ccccc1Oc2c(NS(=O)(=O)c3ccc(cc3)C(C)(C)C)nc(nc2OCCNS(=O)(=O)c4ccc(C)cc4)c5ncccn5,6.38
270,CHEMBL172029,CCS(=O)(=O)NCCOc1nc(nc(NS(=O)(=O)c2ccc(cc2)C(C)(C)C)c1Oc3ccccc3OC)c4ncccn4,6.06
272,CHEMBL174413,CCS(=O)(=O)NCCOc1nc(nc(NS(=O)(=O)c2ccc(C)cn2)c1Oc3ccccc3OC)c4ccncc4,5.27
275,CHEMBL176418,COc1ccccc1Oc2c(NS(=O)(=O)c3ccc(cc3)C(C)(C)C)nc(nc2OCCNS(=O)(=O)c4ccc(C)cc4)C5CC5,6.52
276,CHEMBL367958,CCS(=O)(=O)NCCOc1nc(nc(NS(=O)(=O)c2ccc(cn2)C(C)C)c1Oc3ccccc3OC)N4CCOCC4,6.91
277,CHEMBL369676,CCCS(=O)(=O)NCCOc1nc(nc(NS(=O)(=O)c2ccc(cn2)C(C)C)c1Oc3ccccc3OC)N4CCOCC4,6.99
278,CHEMBL283637,COc1cc(OC)nc(CC(C(=O)O)C(C)(Oc2ccc(cc2)C(C)C)c3ccccc3)n1,5.52
281,CHEMBL368738,CCCS(=O)(=O)NCCOc1nc(nc(NS(=O)(=O)c2ccc(C)cn2)c1Oc3ccccc3OC)N4CCOCC4,6.03
282,CHEMBL177802,CCS(=O)(=O)NCCCOc1nc(nc(NS(=O)(=O)c2ccc(cn2)C(C)C)c1Oc3ccccc3OC)C4CC4,6.99
283,CHEMBL24461,Cc1noc(NS(=O)(=O)c2ccccc2c3ccc(cc3)c4occn4)c1C,4.73
284,CHEMBL366627,COc1ccccc1Oc2c(NS(=O)(=O)c3ccc(C)cn3)nc(nc2OCCNS(=O)(=O)c4cccs4)c5cc(OC)c(OC)c(OC)c5,6.46
285,CHEMBL27617,COc1cccc(Sc2c(C(=O)O)n(Cc3ccc4OCOc4c3)c5cc6OCOc6cc25)c1,6.12
286,CHEMBL9141,CCCNC(=O)CN1C[C@H]([C@@H]([C@H]1c2ccc(OC)cc2)C(=O)O)c3ccc4OCOc4c3,6.24
287,CHEMBL112777,CCCCN(CCCC)C(=O)CN1C[C@@H]([C@H]([C@@H]1C(C)(C)CCCC)C(=O)O)c2ccc3OCOc3c2,4.44
288,CHEMBL283598,OC(=O)c1c(Sc2ccc3OCOc3c2)c4cc5OCOc5cc4n1Cc6ccc7OCOc7c6,6.38
292,CHEMBL111612,CCCCN(CCCC)C(=O)CN1C[C@@H]([C@H]([C@@H]1CC(C)(C)CCC)C(=O)O)c2cc(OC)c3OCOc3c2,4.78
299,CHEMBL332431,COc1ccc(cc1)[C@H]2[C@@H]([C@H](CN2CC(=O)Nc3ccc(C)c(C)c3)c4ccc5OCOc5c4)C(=O)O,6.08
303,CHEMBL320763,CCCCN(CCCC)C(=O)CN1C[C@@H]([C@H]([C@@H]1CCCC(=C)C)C(=O)O)c2ccc3OCOc3c2,4.44
304,CHEMBL324685,CCCCN(CCCC)C(=O)CN1C[C@@H]([C@H]([C@@H]1CCc2cocc2)C(=O)O)c3ccc4OCOc4c3,4.59
309,CHEMBL332093,CCc1cccc(CC)c1N(C)C(=O)CN2C[C@@H]([C@H]([C@@H]2c3ccc(OC)cc3)C(=O)O)c4ccc5OCOc5c4,6.22
310,CHEMBL323175,CCCCN(CCCC)C(=O)CN1C[C@@H]([C@H]([C@@H]1CCCC2OCCO2)C(=O)O)c3ccc4OCOc4c3,4.3
311,CHEMBL287169,COc1cc2c(Sc3cc(OC)c(OC)c(OC)c3)c(C(=O)O)n(Cc4ccc5OCOc5c4)c2cc1OC,6.42
314,CHEMBL2304017,CSC(C)(C)[C@@H]1NC(=O)[C@@H]2CCCN2C(=O)[C@@H](CC(=O)O)NC(=O)[C@H](Cc3c(C#N)[nH]c4ccccc34)NC(=O)[C@H](NC1=O)C(C)C,7.54
315,CHEMBL123305,CCCc1cccc(CCC)c1NC(=O)CN2C[C@@H]([C@H]([C@@H]2c3ccc(OC)cc3)C(=O)O)c4ccc5OCOc5c4,6.34
318,CHEMBL109206,CCCCN(CCCC)C(=O)CN1C[C@@H]([C@H]([C@@H]1CCc2cccn2C)C(=O)O)c3ccc4OCOc4c3,4.36
321,CHEMBL324586,CCCCN(CCCC)C(=O)CN1C[C@@H]([C@H]([C@@H]1CC(C)(C)C=C(C)C)C(=O)O)c2ccc3OCOc3c2,4.19
322,CHEMBL110053,CCCCN(CCCC)C(=O)CN1C[C@@H]([C@H]([C@@H]1CCN2CCCC2=O)C(=O)O)c3ccc4OCOc4c3,4.18
324,CHEMBL368796,[Na+].CCO.COc1cnc(OCCOc2ncnc([N-]S(=O)(=O)c3ccc(cc3)C(C)(C)C)c2c4ccc(C)cc4)nc1,6.62
326,CHEMBL28920,COc1cc(Sc2c(C(=O)O)n(Cc3ccc4OCOc4c3)c5cc6OCOc6cc25)cc(OC)c1OC,6.64
328,CHEMBL2304006,OC(=O)C[C@H]1NC(=O)[C@H](Cc2c(Br)[nH]c3ccccc23)NC(=O)[C@H](NC(=O)[C@@H](NC(=O)[C@@H]4CCCN4C1=O)C5CCCC5)C6CC6,7.54
331,CHEMBL109248,CCCCC[C@H]1[C@@H]([C@H](CN1CC(=O)N(CCCC)CCCC)c2ccc3OCOc3c2)C(=O)O,4.33
332,CHEMBL109778,CCCCN(CCCC)C(=O)CN1C[C@@H]([C@H]([C@@H]1CCc2ccccn2)C(=O)O)c3ccc4OCOc4c3,4.85
335,CHEMBL109926,CCCCN(CCCC)C(=O)CN1C[C@@H]([C@H]([C@@H]1CC(C)(C)\C=C/C)C(=O)O)c2cc(OC)c3OCOc3c2,4.34
341,CHEMBL28779,OC(=O)c1c(Sc2ccc3OCOc3c2)c4ccccc4n1Cc5ccc6OCOc6c5,5.35
344,CHEMBL109648,COc1ccccc1Oc2c(NS(=O)(=O)c3ccc(C)cn3)nc(nc2OCCO)c4ccnc(c4)c5nn[nH]n5,6.76
345,CHEMBL281451,COc1cccc(Sc2c(C(=O)O)n(Cc3ccc4OCOc4c3)c5cc(OC)c(OCc6ccccc6)cc25)c1,6.16
347,CHEMBL320569,CCCCN(CCCC)C(=O)CN1C[C@@H]([C@H]([C@@H]1CCC2CCCCO2)C(=O)O)c3ccc4OCOc4c3,4.32
348,CHEMBL285368,COc1cccc(Sc2c(C(=O)O)n(Cc3ccc4OCOc4c3)c5cc(OC)c(OC)cc25)c1,5.96
351,CHEMBL177979,O.[Na+].CSc1cnc(OCCOc2ncnc([N-]S(=O)(=O)c3ccc(cc3)C(C)(C)C)c2c4ccc(C)cc4)nc1,6.66
353,CHEMBL112770,CCCCN(CCCC)C(=O)CN1C[C@@H]([C@H]([C@@H]1CCC(CC)CC)C(=O)O)c2ccc3OCOc3c2,4.14
354,CHEMBL28188,COc1cccc(Sc2c(C(=O)O)n(Cc3ccccc3)c4cc(OC)c(OC)cc24)c1,6.06
356,CHEMBL112314,CCCCN(CCCC)C(=O)CN1C[C@@H]([C@H]([C@@H]1CCCCC(F)(F)F)C(=O)O)c2ccc3OCOc3c2,4.47
357,CHEMBL322537,CCCCN(CCCC)C(=O)CN1C[C@@H]([C@H]([C@@H]1CCn2cccn2)C(=O)O)c3ccc4OCOc4c3,4.54
359,CHEMBL322547,CCCCN(CCCC)C(=O)CN1C[C@@H]([C@H]([C@@H]1CCCC(C)C)C(=O)O)c2ccc3OCOc3c2,4.45
360,CHEMBL416570,COc1cccc(Sc2c(C(=O)O)n(Cc3cc(OC)c4OCOc4c3)c5cc(OC)c(OC)cc25)c1,5.96
362,CHEMBL111023,CCCCN(CCCC)C(=O)CN1C[C@@H]([C@H]([C@@H]1CC(CCC)CCC)C(=O)O)c2ccc3OCOc3c2,4.02
363,CHEMBL326685,CCCCN(CCCC)C(=O)CN1C[C@@H]([C@H]([C@@H]1CC\C=C(\C)/CC)C(=O)O)c2ccc3OCOc3c2,5.16
366,CHEMBL282398,CCCOc1ccc2c(Sc3cccc(OC)c3)c(C(=O)O)n(Cc4ccc5OCOc5c4)c2c1,5.17
367,CHEMBL283858,COc1ccc(Sc2c(C(=O)O)n(Cc3cc(OC)c4OCOc4c3)c5cc6OCOc6cc25)cc1OC,6.38
368,CHEMBL320254,CCCCN(CCCC)C(=O)CN1C[C@@H]([C@H]([C@@H]1CCC2OC(C)C(C)O2)C(=O)O)c3ccc4OCOc4c3,4.32
370,CHEMBL428661,COc1ccccc1Cc2c(CCCO)nc(nc2NS(=O)(=O)c3ccc(cc3)C(C)(C)C)c4ncccn4,6.47
371,CHEMBL266594,CCCN(C)C(=O)CN1C[C@H]([C@@H]([C@H]1c2ccc(OC)cc2)C(=O)O)c3ccc4OCOc4c3,5.34
373,CHEMBL2370534,CCCC[C@H](NC(=O)[C@H](CC(C)C)NC(=O)[C@H](CCCCN)NC(=O)[C@H](CCCN=C(N)N)NC(=O)[C@H](CC(=O)N)NC(=O)[C@H](CO)NC(=O)[C@H](Cc1c[nH]cn1)NC(=O)[C@H](C)NC(=O)[C@H](CCC(=O)N)NC(=O)[C@H](CCC(=O)N)NC(=O)[C@H](C)NC(=O)[C@H](CC(C)C)NC(=O)[C@H](CCC(=O)N)NC(=O)[C@H]2CCCCNC(=O)CC[C@@H](NC(=O)[C@H](CCCC)NC(=O)[C@H](CCC(=O)O)NC(=O)[C@H](CC(C)C)NC(=O)[C@@H](NC(=O)[C@H](CCC(=O)O)NC(=O)[C@H](CCCN=C(N)N)NC(=O)[C@H](CC(C)C)NC(=O)[C@H](CC(C)C)NC(=O)[C@H](Cc3c[nH]cn3)NC(=O)[C@H](N)Cc4ccccc4)C(C)C)C(=O)N[C@H](CCCN=C(N)N)C(=O)N[C@@H](C)C(=O)N2)C(=O)N[C@@H](CCC(=O)O)C(=O)N[C@@H]([C@@H](C)CC)C(=O)N[C@@H]([C@@H](C)CC)C(=O)N,8.92
374,CHEMBL109478,CCCCN(CCCC)C(=O)CN1C[C@@H]([C@H]([C@@H]1CCN2CCCCC2=O)C(=O)O)c3ccc4OCOc4c3,4.07
375,CHEMBL323791,CCCCN(CCCC)C(=O)CN1C[C@@H]([C@H]([C@@H]1CCC(C)CC)C(=O)O)c2ccc3OCOc3c2,5.1
381,CHEMBL282426,COc1cccc(Sc2c(C(=O)O)n(Cc3cc(OC)c4OCOc4c3)c5cc6OCOc6cc25)c1,4.54
382,CHEMBL2304015,Cc1[nH]c2ccccc2c1C[C@@H]3NC(=O)[C@H](NC(=O)[C@@H](NC(=O)[C@@H]4CCCN4C(=O)[C@@H](CC(=O)O)NC3=O)C5CCCC5)C6CC6,6.89
383,CHEMBL123077,COc1ccc(cc1)[C@H]2[C@@H]([C@H](CN2CC(=O)Nc3cc(C)cc(C)c3)c4ccc5OCOc5c4)C(=O)O,5.57
386,CHEMBL320124,CCCCN(CCCC)C(=O)CN1C[C@@H]([C@H]([C@@H]1CCC=C(C)C)C(=O)O)c2ccc3OCOc3c2,4.48
387,CHEMBL325935,CCCCN(CCCC)C(=O)CN1C[C@@H]([C@H]([C@@H]1CC\C=C/C)C(=O)O)c2ccc3OCOc3c2,4.58
390,CHEMBL430683,CCCCN(CCCC)C(=O)CN1C[C@@H]([C@H]([C@@H]1CCC2SCCS2)C(=O)O)c3ccc4OCOc4c3,4.53
392,CHEMBL9139,CCCN(CCC)C(=O)CN1C[C@H]([C@@H]([C@H]1c2ccc(OC)cc2)C(=O)O)c3ccc4OCOc4c3,6.4
393,CHEMBL112417,CCCCN(CCCC)C(=O)CN1C[C@@H]([C@H]([C@@H]1CC(C)CCC)C(=O)O)c2ccc3OCOc3c2,4.15
395,CHEMBL267695,CCCCN(C)C(=O)CN1C[C@H]([C@@H]([C@H]1c2ccc(OC)cc2)C(=O)O)c3ccc4OCOc4c3,5.97
397,CHEMBL110064,CCCCN(CCCC)C(=O)CN1C[C@@H]([C@H]([C@@H]1CCCC=C)C(=O)O)c2ccc3OCOc3c2,4.22
398,CHEMBL29147,COc1cc2c(Sc3ccc4OCOc4c3)c(C(=O)O)n(Cc5ccc6OCOc6c5)c2cc1OCc7ccccc7,6.31
402,CHEMBL28948,COc1cccc(Sc2c(C(=O)O)n(Cc3ccccc3)c4ccccc24)c1,4.82
403,CHEMBL28563,COc1ccc(Sc2c(C(=O)O)n(Cc3ccc4OCOc4c3)c5cc6OCOc6cc25)cc1OC,6.77
407,CHEMBL9334,CCCCN(CCC)C(=O)CN1C[C@H]([C@@H]([C@H]1c2ccc(OC)cc2)C(=O)O)c3ccc4OCOc4c3,6.68
409,CHEMBL323485,CCCCN(CCCC)C(=O)CN1C[C@@H]([C@H]([C@@H]1CCC=C2CC2)C(=O)O)c3ccc4OCOc4c3,5.0
410,CHEMBL113472,CCCCN(CCCC)C(=O)CN1C[C@@H]([C@H]([C@@H]1CCc2occc2)C(=O)O)c3ccc4OCOc4c3,4.33
411,CHEMBL111218,CCCCN(CCCC)C(=O)CN1C[C@@H]([C@H]([C@@H]1CC\C=C\C)C(=O)O)c2ccc3OCOc3c2,4.17
412,CHEMBL27732,COc1cc2c(Sc3ccc4OCOc4c3)c(C(=O)O)n(Cc5ccc6OCOc6c5)c2cc1OC,6.55
418,CHEMBL283648,COc1cccc(Sc2c(C(=O)O)n(Cc3ccc4OCOc4c3)c5ccccc25)c1,5.13
419,CHEMBL285380,COc1cccc(Sc2c(C(=O)O)n(Cc3ccc4OCOc4c3)c5cc(OCc6ccccc6)c(OC)cc25)c1,5.8
420,CHEMBL115951,COc1cccc(Oc2c(NS(=O)(=O)c3ccc(cc3)C(C)(C)C)ncnc2OCCO)c1,5.96
423,CHEMBL432974,CCCCN(CCCC)C(=O)CN1C[C@@H]([C@H]([C@@H]1CC(C)(C)CCC)C(=O)O)c2ccc3OCOc3c2,4.21
425,CHEMBL110904,CCCCN(CCCC)C(=O)CN1C[C@@H]([C@H]([C@@H]1CC\C(=C\C)\C)C(=O)O)c2ccc3OCOc3c2,4.32
426,CHEMBL112877,CCCCN(CCCC)C(=O)CN1C[C@@H]([C@H]([C@@H]1CCC2OCCCO2)C(=O)O)c3ccc4OCOc4c3,4.21
427,CHEMBL114074,CCCCN(CCCC)C(=O)CN1C[C@@H]([C@H]([C@@H]1CCc2oc(C)c(C)n2)C(=O)O)c3ccc4OCOc4c3,4.53
428,CHEMBL110695,CCCCN(CCCC)C(=O)CN1C[C@@H]([C@H]([C@@H]1CCN2C=CC=CC2=O)C(=O)O)c3ccc4OCOc4c3,4.39
429,CHEMBL417978,OC1(OC(=O)C(=C1Cc2ccccc2)c3ccc4OCOc4c3)c5ccc6OCOc6c5,5.7
430,CHEMBL10781,COc1ccc(cc1)C2(O)OC(=O)C(=C2Cc3cc(OC)c(OC)c(OC)c3)c4cc(OC)c5OCOc5c4,6.59
432,CHEMBL173557,Cc1noc(NS(=O)(=O)c2sccc2COc3ccc4OCOc4c3)c1Br,5.02
433,CHEMBL10922,[Na+].COc1ccc(cc1C)C(=O)\C(=C(/C(=O)[O-])\c2ccc3OCOc3c2)\Cc4cc(OC)c(OC)c(OC)c4,5.72
436,CHEMBL274307,COc1ccc(cc1)C2(O)OC(=O)C(=C2Cc3ccccc3)c4cccc(OC)c4,4.92
437,CHEMBL275559,COc1ccc(cc1C)C2(O)OC(=O)C(=C2Cc3ccccc3)c4cc(OC)c5OCOc5c4,5.85
440,CHEMBL417067,CCOc1cc(CC2=C(C(=O)OC2(O)c3ccc(OC)cc3)c4ccc5OCOc5c4)cc(OCC)c1OCC,6.35
441,CHEMBL273948,COc1ccc(cc1)C2(O)OC(=O)C(=C2CC3CCCCC3)c4ccc5OCOc5c4,6.65
445,CHEMBL10905,[K+].COc1ccc(cc1)C(=O)\C(=C(/C(=O)[O-])\c2ccc3OCOc3c2)\Cc4ccc(NC(=O)C)cc4,5.09
448,CHEMBL10919,COc1ccc(cc1)C2(O)OC(=O)C(=C2CC3CCCCCC3)c4ccc5OCOc5c4,5.89
449,CHEMBL11369,COc1ccc(cc1C)C2(O)OC(=O)C(=C2Cc3cc(OC)c(OC)c(OC)c3)c4ccc5OCOc5c4,6.62
450,CHEMBL369359,Cc1ccc(OCc2ccsc2S(=O)(=O)Nc3onc(C)c3Br)cc1,4.64
451,CHEMBL11341,OC1(OC(=O)C(=C1Cc2ccccc2)c3ccc4OCOc4c3)c5ccc(OCc6ccccc6)cc5,5.27
453,CHEMBL367024,Cc1cc(C)c(OCc2sccc2S(=O)(=O)Nc3onc(C)c3Br)c(C)c1,5.51
455,CHEMBL276639,COc1ccc(cc1)C2(O)OC(=O)C(=C2Cc3ccc4OCOc4c3)c5ccc6OCOc6c5,5.82
456,CHEMBL173805,Cc1ccc(OCc2ccsc2S(=O)(=O)Nc3onc(C)c3Br)c(C)c1,5.14
460,CHEMBL10819,COc1ccc(cc1)C2(O)OC(=O)C(=C2Cc3ccccc3)c4cc(OC)c(OC)c(OC)c4,5.8
462,CHEMBL172538,Cc1ccc(OCc2sccc2S(=O)(=O)Nc3onc(C)c3Br)cc1,4.81
463,CHEMBL268480,COc1ccc(cc1)C2(O)OC(=O)C(=C2Cc3ccc(OC)c(OC)c3)c4ccc5OCOc5c4,6.02
464,CHEMBL276601,COc1ccc(cc1)C2(O)OC(=O)C(=C2Cc3cccc4C(=O)c5ccccc5CCc34)c6ccc7OCOc7c6,5.0
466,CHEMBL10697,COc1ccc(cc1)C2(O)OC(=O)C(=C2Cc3ccc(NC(=O)C)cc3)c4ccc5OCOc5c4,6.06
467,CHEMBL11106,COc1ccc(cc1)C2(O)OC(=O)C(=C2Cc3cc(OC)c4OCOc4c3)c5ccc6OCOc6c5,4.8
469,CHEMBL10589,COc1cc(cc(OC)c1OC)C2(O)OC(=O)C(=C2Cc3ccccc3)c4ccc5OCOc5c4,5.35
470,CHEMBL10607,COc1ccc(cc1)C2(O)OC(=O)C(=C2Cc3cccc(OC)c3)c4ccc5OCOc5c4,6.59
471,CHEMBL11345,COc1ccc(cc1)C2(O)OC(=O)C(=C2Cc3ccc(cc3)c4ccccc4)c5ccc6OCOc6c5,5.72
473,CHEMBL10794,COc1ccc(cc1)C2(O)OC(=O)C(=C2Cc3ccccc3)c4cc(OC)c5OCOc5c4,6.19
476,CHEMBL11176,COC(=O)c1cccc(CC2=C(C(=O)OC2(O)c3ccc(OC)cc3)c4ccc5OCOc5c4)c1,5.22
479,CHEMBL273951,CCC1=C(C(=O)OC1(O)c2ccc(OC)cc2)c3ccc4OCOc4c3,4.82
480,CHEMBL10832,[Na+].COc1ccc(cc1)C(=O)\C(=C(/C(=O)[O-])\c2ccc3OCOc3c2)\Cc4ccc(OC)c(OC)c4OC,6.89
483,CHEMBL10635,COc1ccc(cc1)C2(O)OC(=O)C(=C2Cc3ccc4OCCOc4c3)c5ccc6OCOc6c5,5.8
488,CHEMBL176538,CCCc1cc2OCOc2cc1OCc3ccsc3S(=O)(=O)Nc4onc(C)c4Br,5.88
489,CHEMBL424371,Cc1cc(C)c(OCc2ccsc2S(=O)(=O)Nc3onc(C)c3Br)c(C)c1,5.37
490,CHEMBL172666,CCCc1cc2OCOc2cc1OCc3sccc3S(=O)(=O)Nc4onc(C)c4Br,6.48
491,CHEMBL274359,COc1ccc(cc1)C2(O)OC(=O)C(=C2Cc3cc(OC)cc(OC)c3)c4ccc5OCOc5c4,6.12
492,CHEMBL10860,COc1ccc(cc1)C2(O)OC(=O)C(=C2Cc3nccc4ccccc34)c5ccc6OCOc6c5,5.5
493,CHEMBL10843,COc1ccc(cc1)C2(O)OC(=O)C(=C2CC3CCCC3)c4ccc5OCOc5c4,6.2
494,CHEMBL277595,Cc1cc(C)c(NC(=O)c2sccc2S(=O)(=O)Nc3onc(C)c3Cl)c(C)c1,5.08
496,CHEMBL10661,COc1ccc(cc1)C2(O)OC(=O)C(=C2Cc3ccc(cc3)S(=O)(=O)C)c4ccc5OCOc5c4,5.52
497,CHEMBL10901,COc1ccc(cc1)C2(O)OC(=O)C(=C2Cc3ccccc3)c4ccc(OC)c(OC)c4,5.41
499,CHEMBL10801,COc1ccc(cc1)C(=O)\C(=C(/C(=O)[O-])\c2ccc3OCOc3c2)\Cc4ccccc4.C[N+](C)(C)CCO,4.66
502,CHEMBL355800,Cc1noc(NS(=O)(=O)c2ccsc2COc3ccc4OCOc4c3)c1Br,5.23
503,CHEMBL292802,Cc1noc(NS(=O)(=O)c2ccsc2C(=O)Oc3ccc4OCOc4c3)c1Br,5.24
506,CHEMBL10948,COc1ccc(cc1)C2(O)OC(=O)C(=C2Cc3ccc(cc3)N(C)C)c4ccc5OCOc5c4,5.75
507,CHEMBL273723,COc1ccc(cc1)C2(O)OC(=O)C(=C2Cc3cc(OC)ccc3OC)c4ccc5OCOc5c4,6.0
508,CHEMBL275701,COc1ccc(cc1)C2(O)OC(=O)C(=C2Cc3cc(OC)c(OC)cc3OC)c4ccc5OCOc5c4,6.07
511,CHEMBL10854,COc1ccc(cc1C)C2(O)OC(=O)C(=C2Cc3cc(OC)c(OC)c(OC)c3)c4cc(OC)c5OCOc5c4,6.75
514,CHEMBL352657,Cc1noc(NS(=O)(=O)c2ccsc2COc3cc4OCOc4cc3Cl)c1Br,6.12
515,CHEMBL11064,CC(C)Oc1ccc(cc1)C2(O)OC(=O)C(=C2Cc3ccccc3)c4ccc5OCOc5c4,4.96
516,CHEMBL10846,COc1ccc(cc1OC)C2(O)OC(=O)C(=C2Cc3ccccc3)c4ccc5OCOc5c4,4.75
517,CHEMBL274175,COc1ccc(cc1)C2(O)OC(=O)C(=C2Cc3ccc(OC)c(OC)c3OC)c4ccc5OCOc5c4,5.7
518,CHEMBL10808,COc1ccc(cc1)C2(O)OC(=O)C(=C2Cc3ccccc3)c4ccc(OC)cc4OC,4.6
519,CHEMBL367776,Cc1ccc(OCc2sccc2S(=O)(=O)Nc3onc(C)c3Br)c(C)c1,5.35
521,CHEMBL417428,COC(=O)c1ccc(CC2=C(C(=O)OC2(O)c3ccc(OC)cc3)c4ccc5OCOc5c4)cc1,5.7
522,CHEMBL273660,[Na+].COc1ccc(cc1)C(=O)\C(=C(/C(=O)[O-])\c2cc(OC)c3OCOc3c2)\Cc4ccccc4,4.8
523,CHEMBL274857,COc1cccc(c1)C2(O)OC(=O)C(=C2Cc3ccccc3)c4ccc5OCOc5c4,4.75
524,CHEMBL10940,COc1ccc(cc1)C2(O)OC(=O)C(=C2Cc3ccc(cc3)[N+](=O)[O-])c4ccc5OCOc5c4,4.77
525,CHEMBL10862,[Na+].COc1ccc(cc1)C(=O)\C(=C(/C(=O)[O-])\c2cc(OC)c3OCOc3c2)\Cc4ccc(OC)c(OC)c4OC,5.29
527,CHEMBL276252,COc1ccc(cc1)C2(O)OC(=O)C(=C2Cc3cccc(OC)c3OC)c4ccc5OCOc5c4,5.66
528,CHEMBL268754,COc1ccc(cc1)C2(O)OC(=O)C(=C2Cc3ccccc3)c4cc(OC)cc(OC)c4,5.28
536,CHEMBL332808,COc1ccc(cc1)[C@H]2[C@@H]([C@H](CN2CC(=O)NCC(c3ccccc3)c4ccccc4)c5ccc6OCOc6c5)C(=O)O.OC(=O)C(F)(F)F,6.97
537,CHEMBL434986,COc1ccc(cc1)[C@H]2[C@@H]([C@H](CN2CC(=O)NC(c3ccccc3)(c4ccccc4)c5ccccc5)c6ccc7OCOc7c6)C(=O)O.OC(=O)C(F)(F)F,6.13
545,CHEMBL332144,COc1ccc(cc1)[C@H]2[C@@H]([C@H](CN2CC(=O)NC3c4ccccc4c5ccccc35)c6ccc7OCOc7c6)C(=O)O.OC(=O)C(F)(F)F,6.22
558,CHEMBL273410,COc1ccc(cc1)c2c(C(=O)O)n(c3ccc4OCOc4c3)c5ccc(OCc6ccccc6)cc25,4.68
559,CHEMBL10523,COc1ccc2c(c1)c(c3ccc4OCOc4c3)c(C(=O)O)n2Cc5ccc6OCOc6c5,5.62
562,CHEMBL10302,CCCOc1ccc2c(c1)c(c3ccc4OCOc4c3)c(C(=O)O)n2c5ccc6OCOc6c5,4.92
563,CHEMBL10211,OC(=O)c1c(c2ccc3OCOc3c2)c4ccccc4n1c5ccc6OCOc6c5,4.66
564,CHEMBL10699,COc1ccc2c(c1)c(c3ccc4OCOc4c3)c(C(=O)O)n2c5ccc6OCOc6c5,4.82
565,CHEMBL10019,COc1ccc(cc1OC)c2c(C(=O)O)n(Cc3ccc4OCOc4c3)c5cc(OC)c(OC)cc25,6.07
566,CHEMBL276638,COc1cc2c(c3ccc4OCOc4c3)c(C(=O)O)n(Cc5ccc6OCOc6c5)c2cc1OC,5.85
571,CHEMBL10218,CCCOc1ccc2c(c1)c(c3ccc4OCOc4c3)c(C(=O)O)n2Cc5ccc6OCOc6c5,5.96
573,CHEMBL10136,OC(=O)c1c(c2ccc3OCOc3c2)c4cc(OCc5ccccc5)ccc4n1c6ccc7OCOc7c6,4.85
578,CHEMBL10092,COc1ccc(Cn2c(C(=O)O)c(c3ccc4OCOc4c3)c5cc(OCc6ccccc6)ccc25)cc1,5.36
581,CHEMBL417246,OC(=O)c1c(c2ccc3OCOc3c2)c4cc(OCc5ccccc5)ccc4n1Cc6ccc7OCOc7c6,5.6
583,CHEMBL416518,OC(=O)c1c(c2ccc3OCOc3c2)c4ccccc4n1Cc5ccc6OCOc6c5,5.48
586,CHEMBL10750,OC(=O)c1c(c2ccc3OCOc3c2)c4ccccc4n1Cc5ccccc5,4.84
587,CHEMBL273529,OC(=O)c1c(c2ccc3OCOc3c2)c4cc5OCOc5cc4n1Cc6ccc7OCOc7c6,6.17
588,CHEMBL274368,COc1cc2c(c3ccc4OCOc4c3)c(C(=O)O)n(c5ccc6OCOc6c5)c2cc1OC,5.16
589,CHEMBL268751,CCCOc1ccc2c(c3ccc4OCOc4c3)c(C(=O)O)n(Cc5ccc6OCOc6c5)c2c1,5.25
590,CHEMBL173761,Cc1cc(C)c(\C=C\c2sccc2S(=O)(=O)Nc3onc(C)c3Br)c(C)c1,5.7
592,CHEMBL128818,CCCCN(CCCC)C(=O)CN1C[C@@H]([C@H]([C@@H]1c2ccc(C)c(F)c2)C(=O)O)c3ccc4OCCc4c3,5.36
593,CHEMBL112832,CCCCN(CCCC)C(=O)CN1C[C@@H]([C@H]([C@@H]1c2ccc(OC)cc2)C(=O)O)c3ccc4occc4c3,5.29
595,CHEMBL336272,CCCCN(CCCC)C(=O)CN1C[C@@H]([C@H]([C@@H]1c2ccc(C)cc2)C(=O)O)c3ccc4OCOc4c3,5.67
596,CHEMBL340575,CCCCN(CCCC)C(=O)CN1C[C@@H]([C@H]([C@@H]1c2ccc(CC)cc2)C(=O)O)c3ccc4OCOc4c3,5.89
598,CHEMBL176675,Cc1noc(NS(=O)(=O)c2sccc2\C=C\c3cc4OCOc4cc3COC5CCOCC5)c1Br,5.38
599,CHEMBL435895,CNCC(=O)OCCOc1nc(C)nc(NS(=O)(=O)c2ccc(cc2)C(C)(C)C)c1Oc3ccccc3OC,6.52
600,CHEMBL176912,Cc1ccc(\C=C\c2ccsc2S(=O)(=O)Nc3onc(C)c3Br)cc1,5.18
601,CHEMBL177070,Cc1noc(NS(=O)(=O)c2sccc2CCc3ccc4OCOc4c3)c1Br,4.75
602,CHEMBL74118,COc1ccccc1Oc2c(NS(=O)(=O)c3ccc(cc3)C(C)(C)C)nc(C)nc2OCCOC(=O)c4cocc4,6.0
604,CHEMBL338754,CCCCN(CCCC)C(=O)CN1C[C@@H]([C@H]([C@@H]1c2ccc(CC)c(F)c2)C(=O)O)c3ccc4OCCc4c3,5.52
605,CHEMBL173977,Cc1cc(C)c(CCc2ccsc2S(=O)(=O)Nc3onc(C)c3Br)c(C)c1,5.86
606,CHEMBL71070,COc1ccccc1Oc2c(NS(=O)(=O)c3ccc(cc3)C(C)(C)C)nc(nc2OCCOC(=O)Nc4ccccn4)C(C)C,6.8
607,CHEMBL326191,CCCCN(CCCC)C(=O)CN1C[C@@H]([C@H]([C@@H]1c2ccc(OC)cc2)C(=O)O)c3ccc4CCOc4c3,6.02
608,CHEMBL419211,CCCCN(CCCC)C(=O)CN1C[C@@H]([C@H]([C@@H]1c2ccc(OC)cc2)C(=O)O)c3ccc4CCCc4c3,5.1
609,CHEMBL174086,Cc1ccc(CCc2sccc2S(=O)(=O)Nc3onc(C)c3Br)cc1,4.93
611,CHEMBL366364,Cc1ccc(CCc2ccsc2S(=O)(=O)Nc3onc(C)c3Br)cc1,5.03
612,CHEMBL175045,Cc1ccc(CCc2sccc2S(=O)(=O)Nc3onc(C)c3Br)c(C)c1,5.46
613,CHEMBL303649,COc1ccccc1Oc2c(NS(=O)(=O)c3ccc(cc3)C(C)(C)C)nc(nc2OCCOC(=O)Nc4ccccn4)C(C)(C)C,6.84
614,CHEMBL128240,CCCCN(CCCC)C(=O)CN1C[C@@H]([C@H]([C@@H]1c2ccc(C)cc2)C(=O)O)c3ccc4OCCc4c3,4.92
616,CHEMBL172248,Cc1cc(C)c(\C=C\c2ccsc2S(=O)(=O)Nc3onc(C)c3Br)c(C)c1,5.76
618,CHEMBL129060,CCCCN(CCCC)C(=O)CN1C[C@@H]([C@H]([C@@H]1c2ccc(CC)cc2)C(=O)O)c3ccc4OCCOc4c3,5.11
619,CHEMBL176422,Cc1ccc(\C=C\c2sccc2S(=O)(=O)Nc3onc(C)c3Br)cc1,5.38
620,CHEMBL70800,COc1ccccc1Oc2c(NS(=O)(=O)c3ccc(cc3)C(C)(C)C)nc(C)nc2OCCOC(=O)Nc4ccccn4,6.92
621,CHEMBL110366,CCCCN(CCCC)C(=O)CN1C[C@@H]([C@H]([C@@H]1c2ccc(OC)cc2)C(=O)O)c3ccc4OCCc4c3,5.57
622,CHEMBL70924,COc1ccccc1Oc2c(NS(=O)(=O)c3ccc(cc3)C(C)(C)C)nc(C)nc2OCCNC(=O)Nc4ccccn4,5.91
623,CHEMBL366378,Cc1cc2OCOc2cc1CCc3ccsc3S(=O)(=O)Nc4onc(C)c4Br,4.91
624,CHEMBL70303,COc1ccccc1Oc2c(NS(=O)(=O)c3ccc(C)cn3)nc(nc2OCCOC(=O)Nc4ccccn4)c5ncccn5,6.77
626,CHEMBL173189,Cc1ccc(CCc2ccsc2S(=O)(=O)Nc3onc(C)c3Br)c(C)c1,5.37
627,CHEMBL70365,COc1ccccc1Oc2c(NS(=O)(=O)c3ccc(cc3)C(C)(C)C)nc(nc2OCCOC(=O)Nc4ccccn4)c5cccs5,6.7
628,CHEMBL70781,COc1ccccc1Oc2c(NS(=O)(=O)c3ccc(cc3)C(C)(C)C)nc(C)nc2OCCOC(=O)c4cccnc4,6.11
629,CHEMBL173982,Cc1noc(NS(=O)(=O)c2ccsc2CCc3ccc4OCOc4c3)c1Br,5.03
630,CHEMBL176854,Cc1cc2OCOc2cc1\C=C\c3ccsc3S(=O)(=O)Nc4onc(C)c4Br,5.27
631,CHEMBL171972,Cc1cc(C)c(CCc2sccc2S(=O)(=O)Nc3onc(C)c3Br)c(C)c1,5.68
632,CHEMBL368780,Cc1cc2OCOc2cc1CCc3sccc3S(=O)(=O)Nc4onc(C)c4Br,5.05
633,CHEMBL70788,COc1ccccc1Oc2c(NS(=O)(=O)c3ccc(cc3)C(C)(C)C)nc(C)nc2OCCOC(=O)Nc4cccnc4,6.16
634,CHEMBL174363,Cc1noc(NS(=O)(=O)c2sccc2\C=C\c3ccc4OCOc4c3)c1Br,5.0
635,CHEMBL367763,Cc1noc(NS(=O)(=O)c2ccsc2\C=C\c3ccc4OCOc4c3)c1Br,5.28
637,CHEMBL128061,CCCCN(CCCC)C(=O)CN1C[C@@H]([C@H]([C@@H]1c2ccc(CCC)cc2)C(=O)O)c3ccc4OCOc4c3,5.95
640,CHEMBL113611,CCCCN(CCCC)C(=O)CN1C[C@@H]([C@H]([C@@H]1c2ccc(OC)cc2)C(=O)O)c3ccc4OCCOc4c3,6.01
641,CHEMBL435346,Cc1ccc(\C=C\c2ccsc2S(=O)(=O)Nc3onc(C)c3Br)c(C)c1,5.53
643,CHEMBL339969,CCCCN(CCCC)C(=O)CN1C[C@@H]([C@H]([C@@H]1c2ccc(cc2)C(F)(F)F)C(=O)O)c3ccc4OCOc4c3,4.85
644,CHEMBL129220,CCCCN(CCCC)C(=O)CN1C[C@@H]([C@H]([C@@H]1c2ccc(OC)c(OC)c2)C(=O)O)c3ccc4OCOc4c3,6.52
645,CHEMBL340190,CCCCN(CCCC)C(=O)CN1C[C@@H]([C@H]([C@@H]1c2ccc(F)c(F)c2)C(=O)O)c3ccc4OCOc4c3,5.98
646,CHEMBL129740,CCCCN(CCCC)C(=O)CN1C[C@@H]([C@H]([C@@H]1c2ccc(CC)cc2)C(=O)O)c3ccc4OCCc4c3,5.09
647,CHEMBL366680,Cc1noc(NS(=O)(=O)c2sccc2\C=C\c3cc4OCOc4cc3CO)c1Br,5.49
648,CHEMBL426218,Cc1cc2OCOc2cc1\C=C\c3sccc3S(=O)(=O)Nc4onc(C)c4Br,5.48
649,CHEMBL172987,Cc1ccc(\C=C\c2sccc2S(=O)(=O)Nc3onc(C)c3Br)c(C)c1,5.53
654,CHEMBL437472,CC[C@H](C)[C@H](NC(=O)[C@H](CC(=O)O)NC(=O)[C@H](CC(C)C)NC(=O)[C@H](Cc1c[nH]cn1)NC(=O)[C@@H]2CSSC[C@@H](N)C(=O)N[C@H](CO)C(=O)N[C@H]3CSSC[C@@H](NC(=O)[C@H](CCC(=O)O)NC(=O)[C@H](CCCCN)NC(=O)[C@@H](CC(=O)O)NC(=O)[C@H](CCSC)NC(=O)[C@@H](CC(C)C)NC(=O)[C@H](CO)NC(=O)[C@@H](CO)NC3=O)C(=O)N[C@@H](C(C)C)C(=O)N[C@H](Cc4ccc(O)cc4)C(=O)N[C@@H](Cc5ccccc5)C(=O)N2)C(=O)N[C@@H]([C@@H](C)CC)C(=O)N[C@@H](Cc6c[nH]c7ccccc67)C(=O)O,9.7
655,CHEMBL307803,COc1ccccc1Oc2c(NS(=O)(=O)c3ccc(cc3)C(C)(C)C)nc(C)nc2OCCOC(=O)Nc4ccncc4,5.55
656,CHEMBL128479,CCCCN(CCCC)C(=O)CN1C[C@@H]([C@H]([C@@H]1c2ccc(CC)c(F)c2)C(=O)O)c3ccc4OCCOc4c3,6.02
657,CHEMBL367382,COc1ccccc1Oc2c(NS(=O)(=O)c3ccc(cc3)C(C)(C)C)nc(nc2OCC#CCO)c4ncccn4,6.08
658,CHEMBL170342,COc1ccccc1Oc2c(NS(=O)(=O)c3ccc(cn3)C(C)C)ncnc2OCC#CCO,6.74
660,CHEMBL173743,COCC#CCOc1nc(nc(NS(=O)(=O)c2ccc(cc2)C(C)(C)C)c1Oc3ccccc3OC)c4ncccn4,5.94
661,CHEMBL172184,COc1ccccc1Oc2c(NS(=O)(=O)c3ccc(cn3)C(C)C)nc(nc2OCC#C)c4ncccn4,5.71
662,CHEMBL174326,COc1ccccc1Oc2c(NS(=O)(=O)c3ccc(C)cn3)nc(nc2OCC#C)c4ccncc4,5.34
663,CHEMBL175058,COc1ccccc1Oc2c(NS(=O)(=O)c3ccc(C)cn3)nc(nc2OCC#CCOC(=O)Nc4cnccn4)N5CCOCC5,6.62
664,CHEMBL176999,COc1ccccc1Oc2c(NS(=O)(=O)c3ccc(cn3)C(C)C)nc(nc2OCC#C)c4ccnc(c4)c5noc(S)n5,6.44
667,CHEMBL368117,COc1ccccc1Oc2c(NS(=O)(=O)c3ccc(cc3)C(C)(C)C)nc(nc2OCC#C)c4ccnc(c4)c5noc(O)n5,6.62
669,CHEMBL176741,COc1ccccc1Oc2c(NS(=O)(=O)c3ccc(C)cn3)nc(nc2OCC#CCOC(=O)Nc4cccnc4)N5CCOCC5,6.04
670,CHEMBL292580,CCOc1ccc2N(Cc3ccccc3OC)C(=O)C(=C(c4ccc(OC)cc4)c2c1)C(=O)O,6.3
671,CHEMBL174607,COc1ccccc1Oc2c(NS(=O)(=O)c3ccc(cc3)C(C)(C)C)nc(nc2OCC#CC)c4ncccn4,5.5
672,CHEMBL176650,CCC#CCOc1nc(nc(NS(=O)(=O)c2ccc(cc2)C(C)(C)C)c1Oc3ccccc3OC)c4ncccn4,5.64
673,CHEMBL173721,COc1ccccc1Oc2c(NS(=O)(=O)c3ccc(cc3)C(C)(C)C)ncnc2OCC#CCO,6.13
674,CHEMBL176664,COc1ccccc1Oc2c(NS(=O)(=O)c3ccc(C)cn3)nc(nc2OCC#C)c4ccnc(c4)c5nn[nH]n5,5.99
675,CHEMBL368929,COc1ccccc1Oc2c(NS(=O)(=O)c3ccc(cn3)C(C)C)nc(nc2OCC#C)N4CCOCC4,6.13
678,CHEMBL174094,COc1ccccc1Oc2c(NS(=O)(=O)c3ccc(cc3)C(C)(C)C)nc(nc2OCC#C)c4ccncc4,6.53
679,CHEMBL56348,COc1ccccc1CN2C(=O)C(=C(c3ccc4OCOc4c3)c5c(OC)c(OC)ccc25)C(=O)O,5.59
680,CHEMBL367767,COc1ccccc1Oc2c(NS(=O)(=O)c3ccc(cc3)C(C)(C)C)nc(nc2OCC#CCOC(=O)Nc4cnccn4)c5ncccn5,5.85
682,CHEMBL301840,CCOc1ccc2N(Cc3ccccc3OC)C(=O)C(=C(c4ccc5OCOc5c4)c2c1)C(=O)O,6.35
683,CHEMBL163638,COc1ccccc1Oc2c(NS(=O)(=O)c3ccc(C)cn3)nc(nc2OCC#CCOC(=O)Nc4ccccc4)N5CCOCC5,6.23
685,CHEMBL176698,COc1ccccc1Oc2c(NS(=O)(=O)c3ccc(cn3)C(C)C)nc(nc2OCC#C)c4cnccn4,5.58
687,CHEMBL425682,COc1ccccc1Oc2c(NS(=O)(=O)c3ccc(cn3)C(C)C)nc(nc2OCC#CCO)c4ncccn4,5.69
689,CHEMBL293151,COc1ccc(CN2C(=O)C(=C(c3ccc4OCOc4c3)c5ccccc25)C(=O)O)cc1,5.17
692,CHEMBL56343,CCc1ccc2N(Cc3ccccc3OC)C(=O)C(=C(c4ccc5OCOc5c4)c2c1)C(=O)O,5.89
693,CHEMBL177111,COc1ccccc1Oc2c(NS(=O)(=O)c3ccc(C)cn3)nc(C)nc2OCC#CCO,5.54
694,CHEMBL368860,COc1ccccc1Oc2c(NS(=O)(=O)c3ccc(cc3)C(C)(C)C)nc(nc2OCC#CCOC(=O)Nc4ccccn4)c5ncccn5,5.98
696,CHEMBL367453,COc1ccccc1Oc2c(NS(=O)(=O)c3ccc(C)cn3)nc(nc2OCC#CCOC(=O)Nc4ccccn4)N5CCOCC5,6.71
698,CHEMBL55666,CCOc1ccc2N(Cc3ccccc3OC)C(=O)C(=C(c4ccc(OC)cc4OC)c2c1)C(=O)O,6.27
699,CHEMBL173689,COc1ccccc1Oc2c(NS(=O)(=O)c3ccc(cc3)C(C)(C)C)nc(nc2OCC#CCOc4ccccc4)c5ncccn5,6.01
700,CHEMBL275897,COc1ccccc1Oc2c(NS(=O)(=O)c3ccc(cn3)C(C)C)nc(nc2OCC#CCOC(=O)Nc4cnccn4)c5ccncc5,6.63
701,CHEMBL175278,COc1ccccc1Oc2c(NS(=O)(=O)c3ccc(C)cn3)nc(nc2OCC#CCOC(=O)NC4CCCCC4)N5CCOCC5,6.22
702,CHEMBL369362,COc1ccccc1Oc2c(NS(=O)(=O)c3ccc(C)cn3)nc(nc2OCC#CCO)N4CCOCC4,6.21
703,CHEMBL177143,COc1ccccc1Oc2c(NS(=O)(=O)c3ccc(cn3)C(C)C)nc(nc2OCC#C)c4ccncc4,6.09
704,CHEMBL366652,COc1ccccc1Oc2c(NS(=O)(=O)c3ccc(cn3)C(C)C)nc(nc2OCC#C)c4ccnc(c4)c5noc(O)n5,6.53
705,CHEMBL367339,COc1ccccc1Oc2c(NS(=O)(=O)c3ccc(cc3)C(C)(C)C)nc(nc2OCC=C)c4ncccn4,5.68
706,CHEMBL175111,COc1ccccc1Oc2c(NS(=O)(=O)c3ccc(C)cn3)nc(nc2OCC#CCO)c4ccncc4,5.82
707,CHEMBL366885,COc1ccccc1Oc2c(NS(=O)(=O)c3ccc(C)cn3)nc(nc2OCC#CCOC(=O)Nc4ccncc4)N5CCOCC5,6.18
708,CHEMBL55853,COc1ccccc1CN2C(=O)C(=C(c3ccc4OCOc4c3)c5ccccc25)C(=O)O,6.03
709,CHEMBL170401,COc1ccccc1Oc2c(NS(=O)(=O)c3ccc(C)cn3)nc(nc2OCC#C)c4ccnc(c4)c5noc(O)n5,5.6
710,CHEMBL368386,COc1ccccc1Oc2c(NS(=O)(=O)c3ccc(cn3)C(C)C)nc(nc2OCC#CCOC(=O)Nc4ccccn4)c5ccncc5,6.91
711,CHEMBL56286,OC(=O)C1=C(c2ccc3OCOc3c2)c4ccccc4N(Cc5ccc6OCOc6c5)C1=O,5.57
712,CHEMBL173366,COc1ccccc1Oc2c(NS(=O)(=O)c3ccc(cc3)C(C)(C)C)nc(nc2OC\C=C\C)c4ncccn4,5.48
715,CHEMBL175057,COc1ccccc1Oc2c(NS(=O)(=O)c3ccc(cn3)C(C)C)nc(nc2OCC#C)c4ccnc(c4)c5nn[nH]n5,6.66
717,CHEMBL175005,CC\C=C\COc1nc(nc(NS(=O)(=O)c2ccc(cc2)C(C)(C)C)c1Oc3ccccc3OC)c4ncccn4,5.53
718,CHEMBL175435,COc1ccccc1Oc2c(NS(=O)(=O)c3ccc(cc3)C(C)(C)C)nc(nc2OCC#C)c4ncccn4,5.92
719,CHEMBL366797,COc1ccccc1Oc2c(NS(=O)(=O)c3ccc(cc3)C(C)(C)C)nc(nc2OCC#C)c4ccnc(c4)c5noc(S)n5,6.59
720,CHEMBL368989,CCCCNC(=O)OCC#CCOc1nc(nc(NS(=O)(=O)c2ccc(C)cn2)c1Oc3ccccc3OC)N4CCOCC4,6.68
722,CHEMBL173465,COc1ccccc1Oc2c(NS(=O)(=O)c3ccc(cc3)C(C)(C)C)nc(nc2OCC#C)c4cnccn4,6.04
723,CHEMBL367686,COc1ccccc1Oc2c(NS(=O)(=O)c3ccc(C)cn3)nc(nc2OCC#C)c4ccnc(c4)c5noc(S)n5,5.78
724,CHEMBL59537,CCOc1ccc2N(Cc3cc(OC)ccc3OC)C(=O)C(=C(c4ccc(OC)cc4)c2c1)C(=O)O,6.7
725,CHEMBL139734,COc1ccccc1Oc2c(NS(=O)(=O)c3ccc(cc3)C(C)(C)C)nc(nc2OCC#CCOCc4ccccc4)c5ncccn5,6.7
726,CHEMBL176482,COc1ccccc1Oc2c(NS(=O)(=O)c3ccc(cn3)C(C)C)nc(nc2OCC#C)c4ccnc(CO)c4,6.69
728,CHEMBL69664,CCCOc1ccc2c(c1)c(c3ccc4OCOc4c3)c(C(=O)O)n2Cc5ccc6nonc6c5,5.28
731,CHEMBL69150,CCCOc1ccc2c(c1)c(c3ccc4OCOc4c3)c(C(=O)O)n2Cc5ccc6nsnc6c5,5.8
733,CHEMBL69741,COc1ccc(cc1)C2(O)OC(=O)C(=C2Cc3cc(OC)c(OC)c(OC)c3)c4ccc5nsnc5c4,6.47
735,CHEMBL68557,COc1cc2c(c3ccc4OCOc4c3)c(C(=O)O)n(Cc5ccc6nsnc6c5)c2cc1OC,5.8
736,CHEMBL306863,CCCOc1ccc2c(c1)c(c3ccc(OC)cc3)c(C(=O)O)n2Cc4cc5nsnc5cc4C,6.48
737,CHEMBL73506,COc1ccc(cc1)C2=C(C(=O)O)C(=O)N(Cc3ccc4OCOc4c3)c5c2oc6ccccc56,6.36
738,CHEMBL68896,CCCOc1ccc2c(c1)c(c3ccc(OC)cc3)c(C(=O)O)n2Cc4ccc5nsnc5c4,5.92
739,CHEMBL67971,COc1ccc(cc1)C2=C(C(=O)O)C(=O)N(Cc3ccc4nsnc4c3)c5c2oc6ccccc56,6.52
740,CHEMBL93612,COc1ccc(CN2C(=O)CN[C@@]([C@H](Oc3nc(C)cc(C)n3)C(=O)O)(c4cc(C)cc(C)c4)c5ccccc25)cc1,6.12
743,CHEMBL318086,Cc1cc(C)nc(O[C@H](C(=O)O)[C@]2(NCC(=O)N(Cc3c(Cl)cccc3Cl)c4ccccc24)c5cccc(c5)c6ccccc6)n1,7.6
746,CHEMBL433619,Cn1cc(C(C(=O)NS(=O)(=O)c2ccc(Cl)cc2)c3ccc4OCOc4c3)c5ccc(cc15)C(=O)N,5.96
747,CHEMBL330425,CN1C(=O)CN[C@@]([C@H](Oc2nc(C)cc(C)n2)C(=O)O)(c3ccccc3)c4ccccc14,6.74
748,CHEMBL96723,Cc1cc(C)nc(O[C@H](C(=O)O)[C@]2(NCC(=O)N(Cc3ccccc3F)c4ccccc24)c5ccccc5)n1,7.48
749,CHEMBL96154,Cc1cc(C)nc(O[C@H](C(=O)O)[C@]2(NCC(=O)N(Cc3ccc(cc3)C(C)(C)C)c4ccccc24)c5ccccc5)n1,7.62
750,CHEMBL329132,COc1cc(OC)cc(O[C@H](C(=O)O)[C@]2(NCC(=O)N(C)c3cc(OC)c(OC)cc23)c4ccccc4)c1,5.1
751,CHEMBL316301,COC(=O)c1ccc(CN2C(=O)CN[C@@]([C@H](Oc3nc(C)cc(C)n3)C(=O)O)(c4ccccc4)c5ccccc25)cc1,7.15
752,CHEMBL148967,Cc1noc(NS(=O)(=O)c2ccccc2c3cc4ccccc4[nH]3)c1C,4.18
753,CHEMBL279947,CC(C)c1ccc(cc1)S(=O)(=O)NC(=O)C(c2ccc3OCOc3c2)c4cn(C)c5cc(CO)ccc45,6.35
754,CHEMBL96351,COc1cc(OC)cc(O[C@H](C(=O)O)[C@]2(NCC(=O)N(C)c3cc(Cl)ccc23)c4ccccc4)c1,5.25
755,CHEMBL420072,CC(C)c1ccc(O[C@H](C(=O)O)[C@]2(NCC(=O)N(Cc3c(Cl)cccc3Cl)c4ccccc24)c5ccccc5)cc1,5.06
757,CHEMBL22513,CCOc1cc(C)ccc1S(=O)(=O)NC(=O)C(c2ccc3OCOc3c2)c4cn(C)c5cc(ccc45)C(=O)N,6.4
758,CHEMBL327823,COc1ccc2c(c1)N(C)C(=O)CN[C@@]2([C@H](Oc3cc(OC)cc(OC)c3)C(=O)O)c4ccccc4,5.11
759,CHEMBL96614,Cc1cc(C)nc(O[C@H](C(=O)O)[C@]2(NCc3nnc(C)n3c4ccccc24)c5ccccc5)n1,6.6
760,CHEMBL313870,Cc1cc(C)nc(O[C@H](C(=O)O)[C@]2(NCC(=O)N(Cc3ccc(Cl)cc3)c4ccccc24)c5ccccc5)n1,6.91
761,CHEMBL431087,Cc1ccc(CN2C(=O)CN[C@@]([C@H](Oc3nc(C)cc(C)n3)C(=O)O)(c4ccccc4)c5ccccc25)cc1,7.16
762,CHEMBL316453,COc1ccc(CN2C(=O)CN[C@@]([C@H](Oc3nc(C)cc(C)n3)C(=O)O)(c4cccc(c4)c5ccccc5)c6ccccc26)cc1,7.06
765,CHEMBL336033,CC(C)C[C@H]1NC(=O)[C@@H](NC(=O)[C@H]2CCCN2C(=O)[C@H](CC(=O)O)NC(=O)[C@H](Cc3c[nH]c4ccccc34)NC1=O)C(C)C,4.22
766,CHEMBL91873,Cc1cc(C)nc(O[C@H](C(=O)O)[C@]2(NCC(=O)N(Cc3ccc(OC(F)(F)F)cc3)c4ccccc24)c5ccccc5)n1,7.49
767,CHEMBL96347,Cc1cc(C)cc(O[C@H](C(=O)O)[C@]2(NCC(=O)N(Cc3c(F)cc(F)cc3F)c4ccccc24)c5ccccc5)c1,6.25
770,CHEMBL96171,Cc1cc(C)nc(O[C@H](C(=O)O)[C@]2(NCC(=O)N(CCc3ccccc3)c4ccccc24)c5ccccc5)n1,7.67
771,CHEMBL94488,COc1cc(OC)cc(O[C@H](C(=O)O)[C@]2(NCC(=O)N(Cc3c(Cl)cccc3Cl)c4ccccc24)c5ccccc5)c1,6.41
772,CHEMBL314946,Cc1cc(C)nc(O[C@H](C(=O)O)[C@]2(NCC(=O)N(Cc3ccccc3C)c4ccccc24)c5ccccc5)n1,7.26
773,CHEMBL96325,OC(=O)[C@@H](Oc1cccc(Cl)c1)[C@]2(NCC(=O)N(Cc3c(Cl)cccc3Cl)c4ccccc24)c5ccccc5,5.5
774,CHEMBL94802,Cc1cc(C)cc(O[C@H](C(=O)O)[C@]2(NCC(=O)N(Cc3c(Cl)cccc3Cl)c4ccccc24)c5ccccc5)c1,6.96
775,CHEMBL24015,Cn1cc(C(C(=O)NS(=O)(=O)c2ccccc2)c3ccc4OCOc4c3)c5ccc(cc15)C(=O)N,5.59
776,CHEMBL317589,Cc1cc(C)nc(O[C@H](C(=O)O)[C@]2(NCC(=O)N(Cc3cccc(Br)c3)c4ccccc24)c5ccccc5)n1,7.59
777,CHEMBL94934,COc1ccc(CN2C(=O)CN[C@@]([C@H](Oc3nc(C)cc(C)n3)C(=O)O)(c4ccc(F)c(C)c4)c5ccccc25)cc1,7.48
779,CHEMBL2112377,Cc1cc(C)nc(O[C@H](C(=O)O)[C@]2(NCc3nnc(CC(=O)O)n3c4ccccc24)c5ccccc5)n1,6.58
780,CHEMBL319007,Cc1cc(C)nc(O[C@H](C(=O)O)[C@]2(NCC(=O)N(Cc3cccc(c3)C(F)(F)F)c4ccccc24)c5ccccc5)n1,7.81
783,CHEMBL313867,Cc1cc(C)nc(O[C@H](C(=O)O)[C@]2(NCC(=O)N(CC(=O)O)c3ccccc23)c4ccccc4)n1,6.25
784,CHEMBL96506,Cc1cc(C)nc(O[C@H](C(=O)O)[C@]2(NCC(=O)N(Cc3ccccc3C(F)(F)F)c4ccccc24)c5ccccc5)n1,7.65
785,CHEMBL415010,CCCCc1ccc(CN2C(=O)CN[C@@]([C@H](Oc3nc(C)cc(C)n3)C(=O)O)(c4ccccc4)c5ccccc25)cc1,7.96
786,CHEMBL318247,Cc1cc(C)nc(O[C@H](C(=O)O)[C@]2(NCC(=O)N(Cc3ccc(F)cc3F)c4ccccc24)c5ccccc5)n1,6.96
787,CHEMBL94580,Cc1cc(C)nc(O[C@H](C(=O)O)[C@]2(NCC(=O)N(Cc3c(F)ccc(F)c3F)c4ccccc24)c5ccccc5)n1,7.88
788,CHEMBL330354,CCCCc1cccc(c1)[C@@]2(NCC(=O)N(Cc3c(F)cc(F)cc3F)c4ccccc24)[C@H](Oc5nc(C)cc(C)n5)C(=O)O,7.48
789,CHEMBL279703,CC(C)c1ccc(cc1)S(=O)(=O)NC(=O)C(c2ccc3OCOc3c2)c4cn(C)c5cc(CN)ccc45,6.69
791,CHEMBL278109,Cc1ccc(cc1)S(=O)(=O)NC(=O)C(c2ccc3OCOc3c2)c4cn(C)c5cc(ccc45)C(=O)N,6.11
792,CHEMBL96318,Cc1cc(C)nc(O[C@H](C(=O)O)[C@]2(NCC(=O)N(CC3CC3)c4ccccc24)c5ccccc5)n1,7.06
793,CHEMBL95013,Cc1cc(C)nc(O[C@H](C(=O)O)[C@]2(NCC(=O)N(Cc3ccccc3)c4ccccc24)c5ccccc5)n1,7.32
794,CHEMBL316851,COc1ccc(CN2C(=O)CN[C@@]([C@H](Oc3nc(C)cc(C)n3)C(=O)O)(c4cccc(c4)C(F)(F)F)c5ccccc25)cc1,6.62
796,CHEMBL95095,COc1ccc(CN2C(=O)CN[C@@]([C@H](Oc3nc(C)cc(C)n3)C(=O)O)(c4cccc(F)c4)c5ccccc25)cc1,7.31
797,CHEMBL1111,COC([C@H](Oc1nc(C)cc(C)n1)C(=O)O)(c2ccccc2)c3ccccc3,5.92
798,CHEMBL450628,CN(C)CCN1C(=O)CN[C@@]([C@H](Oc2nc(C)cc(C)n2)C(=O)O)(c3ccccc3)c4ccccc14,5.75
800,CHEMBL23444,CCn1cc(C(C(=O)NS(=O)(=O)c2ccc(cc2)C(C)C)c3ccc4OCOc4c3)c5ccc(cc15)C(=O)N(C)C,6.32
802,CHEMBL22562,COc1cc(C)ccc1S(=O)(=O)NC(=O)C(c2ccc3OCOc3c2)c4cn(C)c5cc(ccc45)C(=O)N,6.52
804,CHEMBL96746,Cc1cc(C)nc(O[C@H](C(=O)O)[C@]2(NCC(=O)N(Cc3cccc(F)c3)c4ccccc24)c5ccccc5)n1,7.57
805,CHEMBL94962,Cc1cc(C)nc(O[C@H](C(=O)O)[C@]2(NCC(=O)N(Cc3ccc(Br)cc3)c4ccccc24)c5ccccc5)n1,6.92
806,CHEMBL96463,Cc1cc(C)nc(O[C@H](C(=O)O)[C@]2(NCC(=O)N(Cc3ccc(cc3)C(=O)O)c4ccccc24)c5ccccc5)n1,5.45
807,CHEMBL93820,Cc1cc(C)nc(O[C@H](C(=O)O)[C@]2(NCC(=O)N(Cc3cccc(F)c3F)c4ccccc24)c5ccccc5)n1,7.73
808,CHEMBL95017,Cc1cc(C)nc(O[C@H](C(=O)O)[C@]2(NCC(=O)N(Cc3cc(F)cc(F)c3)c4ccccc24)c5ccccc5)n1,7.88
811,CHEMBL329943,Cc1cc(C)nc(O[C@H](C(=O)O)[C@]2(NCC(=O)N(CC3CCCCC3)c4ccccc24)c5ccccc5)n1,7.09
812,CHEMBL316878,COc1ccc(CN2C(=O)CN[C@@]([C@H](Oc3nc(C)cc(C)n3)C(=O)O)(c4ccccc4)c5ccccc25)cc1,7.65
813,CHEMBL96932,CCc1cccc(c1)[C@@]2(NCC(=O)N(Cc3ccc(OC)cc3)c4ccccc24)[C@H](Oc5nc(C)cc(C)n5)C(=O)O,7.17
814,CHEMBL94810,CCCCCCN1C(=O)CN[C@@]([C@H](Oc2nc(C)cc(C)n2)C(=O)O)(c3ccccc3)c4ccccc14,7.4
815,CHEMBL330104,Cc1cc(C)nc(O[C@H](C(=O)O)[C@]2(NCC(=O)N(Cc3c(Cl)cccc3Cl)c4ccccc24)c5ccccc5)n1,8.18
816,CHEMBL330629,COc1cc(OC)cc(O[C@H](C(=O)O)[C@]2(NCC(=O)N(C)c3ccccc23)c4ccccc4)c1,5.2
817,CHEMBL96906,COc1cc(OC)nc(O[C@H](C(=O)O)[C@]2(NCC(=O)N(C)c3ccccc23)c4ccccc4)n1,6.33
818,CHEMBL96303,CCCCc1cccc(c1)[C@@]2(NCC(=O)N(Cc3c(C)cc(C)cc3C)c4ccccc24)[C@H](Oc5nc(C)cc(C)n5)C(=O)O,7.87
819,CHEMBL96704,Cc1cc(C)cc(O[C@H](C(=O)O)[C@]2(NCC(=O)N(Cc3c(F)cccc3Cl)c4ccccc24)c5ccccc5)c1,6.74
820,CHEMBL133257,CC(C)C[C@H]1NC(=O)[C@@H](NC(=O)[C@H]2CCCN2C(=O)[C@H](CC(=O)O)NC(=O)[C@H](Cc3c[nH]c4ccccc34)NC1=O)C5CCCC5,4.68
821,CHEMBL328878,Cc1cc(C)nc(O[C@H](C(=O)O)[C@]2(NCC(=O)N(CCO)c3ccccc23)c4ccccc4)n1,6.97
822,CHEMBL94964,Cc1cc(C)nc(O[C@H](C(=O)O)[C@]2(NCC(=O)N(Cc3nn[nH]n3)c4ccccc24)c5ccccc5)n1,7.18
823,CHEMBL433173,COCCOCN1C(=O)CN[C@@]([C@H](Oc2nc(C)cc(C)n2)C(=O)O)(c3ccccc3)c4ccccc14,7.32
824,CHEMBL96472,Cc1cc(C)nc(O[C@H](C(=O)O)[C@]2(NCC(=O)N(Cc3ccccc3Cl)c4ccccc24)c5ccccc5)n1,7.32
825,CHEMBL440507,OC(=O)[C@@H](Oc1ccccc1)[C@]2(NCC(=O)N(Cc3c(Cl)cccc3Cl)c4ccccc24)c5ccccc5,5.43
826,CHEMBL414165,CC(C)C[C@H]1NC(=O)[C@@H](NC(=O)[C@H]2CCCN2C(=O)[C@H](CC(=O)O)NC(=O)[C@H](Cc3c[nH]c4ccccc34)NC1=O)c5cccs5,4.26
827,CHEMBL96114,Cc1cc(C)nc(O[C@H](C(=O)O)[C@]2(NCC(=O)N(CCCc3ccccc3)c4ccccc24)c5ccccc5)n1,7.74
830,CHEMBL276982,Cn1cc(C(C(=O)NS(=O)(=O)c2ccc(cc2)C(F)(F)F)c3ccc4OCOc4c3)c5ccc(cc15)C(=O)N,6.64
831,CHEMBL96520,CN1C(=O)CN[C@@]([C@H](Oc2ncc(Br)cn2)C(=O)O)(c3ccccc3)c4ccccc14,5.02
832,CHEMBL96331,Cc1cc(C)nc(O[C@H](C(=O)O)[C@]2(NCCCc3ccccc23)c4ccccc4)n1,5.11
833,CHEMBL96831,Cc1cc(C)nc(O[C@H](C(=O)O)[C@]2(NCCOc3ccccc23)c4ccccc4)n1,5.44
835,CHEMBL94212,Cc1cccc(CN2C(=O)CN[C@@]([C@H](Oc3nc(C)cc(C)n3)C(=O)O)(c4ccccc4)c5ccccc25)c1,7.78
836,CHEMBL96422,Cc1cc(C)nc(O[C@H](C(=O)O)[C@]2(NCC(=O)N(Cc3cccc(OC(F)(F)F)c3)c4ccccc24)c5ccccc5)n1,7.51
837,CHEMBL94438,Cc1cc(C)nc(O[C@H](C(=O)O)[C@]2(NCC(=O)N(Cc3cc(F)ccc3F)c4ccccc24)c5ccccc5)n1,7.48
838,CHEMBL329251,Cc1cc(C)nc(O[C@H](C(=O)O)[C@]2(NCC(=O)N(Cc3c(F)cccc3F)c4ccccc24)c5ccccc5)n1,7.75
839,CHEMBL431286,Cc1cc(C)nc(O[C@H](C(=O)O)[C@]2(NCC(=O)N(Cc3c(F)cccc3Cl)c4ccccc24)c5ccccc5)n1,7.96
840,CHEMBL318683,COc1cnc(O[C@H](C(=O)O)[C@]2(NCC(=O)N(C)c3ccccc23)c4ccccc4)nc1,5.03
841,CHEMBL330359,Cc1cc(C)nc(O[C@H](C(=O)O)[C@]2(NCC(=O)N(CCCC(=O)O)c3ccccc23)c4ccccc4)n1,6.6
842,CHEMBL329744,CCCCC[C@@]1(NCC(=O)N(Cc2ccc(OC)cc2)c3ccccc13)[C@H](Oc4nc(C)cc(C)n4)C(=O)O,7.13
843,CHEMBL278349,Cn1cc(C(C(=O)NS(=O)(=O)c2ccccc2C(=O)O)c3ccc4OCOc4c3)c5ccc(cc15)C(=O)N,6.07
844,CHEMBL2114305,CC(C)c1ccc(cc1)S(=O)(=O)NC(=O)C(c2ccc3OCOc3c2)c4cn(C)c5cc(ccc45)C(=O)O,5.82
845,CHEMBL96387,Cc1cc(C)nc(O[C@H](C(=O)O)[C@]2(NCC(=O)N(Cc3ccccc3OC(F)(F)F)c4ccccc24)c5ccccc5)n1,7.13
846,CHEMBL316629,COc1ccc(CN2C(=O)CN[C@@]([C@H](Oc3nc(C)cc(C)n3)C(=O)O)(c4cccc(OC)c4)c5ccccc25)cc1,7.03
847,CHEMBL94769,Cc1cccc(O[C@H](C(=O)O)[C@]2(NCC(=O)N(Cc3c(Cl)cccc3Cl)c4ccccc24)c5ccccc5)c1,6.13
848,CHEMBL94606,Cc1ccc(O[C@H](C(=O)O)[C@]2(NCC(=O)N(Cc3c(Cl)cccc3Cl)c4ccccc24)c5ccccc5)cc1,6.02
850,CHEMBL314755,Cc1cc(C)nc(O[C@H](C(=O)O)[C@]2(NCC(=O)N(Cc3ccc(F)cc3)c4ccccc24)c5ccccc5)n1,7.3
851,CHEMBL94446,Cc1cc(C)nc(O[C@H](C(=O)O)[C@]2(NCC(=O)N(Cc3ccc(cc3)c4ccccc4)c5ccccc25)c6ccccc6)n1,6.27
852,CHEMBL93084,Cc1cc(C)nc(O[C@H](C(=O)O)[C@]2(NCC(=O)N(Cc3ccc(F)c(F)c3F)c4ccccc24)c5ccccc5)n1,7.3
853,CHEMBL431460,COc1ccc(CN2C(=O)CN[C@@]([C@H](Oc3nc(C)cc(C)n3)C(=O)O)(c4ccccc4F)c5ccccc25)cc1,7.1
854,CHEMBL94091,COc1ccc(CN2C(=O)CN[C@@]([C@H](Oc3nc(C)cc(C)n3)C(=O)O)(c4ccc(C)cc4)c5ccccc25)cc1,6.74
855,CHEMBL94602,COc1cccc(O[C@H](C(=O)O)[C@]2(NCC(=O)N(Cc3c(Cl)cccc3Cl)c4ccccc24)c5ccccc5)c1,5.83
856,CHEMBL433221,CCn1cc(C(C(=O)NS(=O)(=O)c2ccc(cc2)C(C)C)c3ccc4OCOc4c3)c5ccc(cc15)C(=O)NC,6.68
857,CHEMBL96313,COc1ccc(CN2C(=O)CN[C@@]([C@H](Oc3nc(C)cc(C)n3)C(=O)O)(c4cccc(Cl)c4)c5ccccc25)cc1,7.11
858,CHEMBL22249,Cc1ccccc1S(=O)(=O)NC(=O)C(c2ccc3OCOc3c2)c4cn(C)c5cc(ccc45)C(=O)N,5.98
859,CHEMBL318270,CCc1cc(CC)nc(O[C@H](C(=O)O)[C@]2(NCC(=O)N(C)c3ccccc23)c4ccccc4)n1,6.18
860,CHEMBL330045,Cc1cc(C)nc(O[C@H](C(=O)O)[C@]2(NCc3c(nc(C)n3c4ccccc24)C(=O)O)c5ccccc5)n1,6.15
861,CHEMBL94752,Cc1cc(C)nc(O[C@H](C(=O)O)[C@]2(NCC(=O)N(CCC3CCCCC3)c4ccccc24)c5ccccc5)n1,6.82
862,CHEMBL96193,Cc1cc(C)nc(O[C@H](C(=O)O)[C@]2(NCC(=O)N(CCN3CCOCC3)c4ccccc24)c5ccccc5)n1,6.13
863,CHEMBL420435,Cc1cc(C)nc(O[C@H](C(=O)O)[C@]2(NCC(=O)N(Cc3ccc(F)c(F)c3)c4ccccc24)c5ccccc5)n1,7.48
864,CHEMBL329477,Cc1cc(C)nc(O[C@H](C(=O)O)[C@]2(NCC(=O)N(Cc3c(F)cc(F)cc3F)c4ccccc24)c5ccccc5)n1,7.08
865,CHEMBL22367,COc1ccccc1S(=O)(=O)NC(=O)C(c2ccc3OCOc3c2)c4cn(C)c5cc(ccc45)C(=O)N,6.51
866,CHEMBL96125,COc1cc(OC)cc(O[C@H](C(=O)O)[C@]2(NCC(=O)N(C)c3ccc(Cl)cc23)c4ccccc4)c1,5.74
867,CHEMBL327976,Cc1cc(C)nc(O[C@H](C(=O)O)[C@]2(NCC(=O)N(Cc3cccc(Cl)c3)c4ccccc24)c5ccccc5)n1,7.67
868,CHEMBL91926,Cc1cc(C)nc(O[C@H](C(=O)O)[C@]2(NCC(=O)N(Cc3ccc(cc3)C(F)(F)F)c4ccccc24)c5ccccc5)n1,7.33
869,CHEMBL94766,Cc1cc(C)nc(O[C@H](C(=O)O)[C@]2(NCC(=O)N(Cc3cc(F)c(F)c(F)c3)c4ccccc24)c5ccccc5)n1,7.6
870,CHEMBL419136,Cc1cc(C)c(CN2C(=O)CN[C@@]([C@H](Oc3nc(C)cc(C)n3)C(=O)O)(c4ccccc4)c5ccccc25)c(C)c1,7.81
871,CHEMBL319754,Cc1cc(C)nc(O[C@H](C(=O)O)[C@]2(NCC(=O)N(Cc3c(F)cc(F)cc3F)c4ccccc24)c5cccc(c5)c6ccccc6)n1,7.05
874,CHEMBL419879,Cc1cc(C)nc(O[C@H](C(=O)O)[C@]2(NCC(=O)N(Cc3cc(F)c(F)cc3F)c4ccccc24)c5ccccc5)n1,7.14
875,CHEMBL406551,Cc1cc(C)nc(O[C@H](C(=O)O)[C@]2(NCC(=O)N(Cc3c(F)c(F)c(F)c(F)c3F)c4ccccc24)c5ccccc5)n1,7.54
876,CHEMBL328073,COc1ccc(CN2C(=O)CN[C@@]([C@H](Oc3nc(C)cc(C)n3)C(=O)O)(C4CCCCC4)c5ccccc25)cc1,6.98
877,CHEMBL317510,COc1ccc(CN2C(=O)CN[C@@]([C@H](Oc3nc(C)cc(C)n3)C(=O)O)(c4cccc(C)c4)c5ccccc25)cc1,7.3
878,CHEMBL422068,CCCCc1cccc(c1)[C@@]2(NCC(=O)N(Cc3ccc(OC)cc3)c4ccccc24)[C@H](Oc5nc(C)cc(C)n5)C(=O)O,7.44
879,CHEMBL330135,CCCCc1cccc(c1)[C@@]2(NCC(=O)N(Cc3c(F)cccc3Cl)c4ccccc24)[C@H](Oc5nc(C)cc(C)n5)C(=O)O,8.15
882,CHEMBL431124,CCCC[C@H](NC(=O)[C@@H](Cc1c(C#N)[nH]c2ccccc12)NC(=O)C(NC(=O)N3[C@H](C)CCC[C@@H]3C)C(C)C)C(=O)O,8.4
883,CHEMBL41087,COc1ccc(cc1)[C@H]2[C@@H]([C@@H](c3ccc4OCOc4c3)c5ccc(O)cc25)C(=O)O,6.32
884,CHEMBL303185,CC(C)C[C@@H]1NC(=O)[C@@H](NC(=O)[C@@H]2CCCN2C(=O)[C@H](CC(=O)O)NC(=O)[C@@H](Cc3c[nH]c4ccccc34)NC1=O)C(C)C,4.75
887,CHEMBL290026,COc1ccc(cc1)[C@H]2[C@@H]([C@@H](c3ccc(OC)cc3)c4ccccc24)C(=O)O,5.61
889,CHEMBL293874,CC(C)C[C@@H]1NC(=O)[C@@H](NC(=O)CN(C)C(=O)[C@H](CC(=O)O)NC(=O)[C@@H](Cc2c[nH]c3ccccc23)NC1=O)C(C)C,4.52
890,CHEMBL38537,COc1ccc(cc1)[C@@H]2[C@H]([C@H](c3ccc4OCOc4c3)c5ccccc25)C(=O)O,6.12
892,CHEMBL39142,CCCOc1ccc2[C@@H]([C@H]([C@H](c3ccc(OC)cc3)c2c1)C(=O)O)c4ccc5OCOc5c4,5.98
893,CHEMBL284250,CCCC[C@H](NC(=O)[C@@H](Cc1c(Br)[nH]c2ccccc12)NC(=O)[C@@H](NC(=O)N3[C@H](C)CCC[C@@H]3C)C4CC4)C(=O)O,9.1
895,CHEMBL303204,CC(C)C[C@@H]1NC(=O)[C@@H](NC(=O)[C@H](C)N(C)C(=O)[C@H](CC(=O)O)NC(=O)[C@@H](Cc2c[nH]c3ccccc23)NC1=O)C(C)C,4.33
899,CHEMBL150260,Cc1noc(NS(=O)(=O)c2ccccc2c3ccc(cc3)c4nccs4)c1C,4.28
900,CHEMBL149592,Cc1noc(NS(=O)(=O)c2ccccc2c3ccc(cc3)c4oncc4)c1C,4.41
901,CHEMBL149763,Cc1noc(NS(=O)(=O)c2ccccc2c3ccc(cc3)c4ccccc4)c1C,4.7
904,CHEMBL345951,Cc1noc(NS(=O)(=O)c2ccccc2c3ccc(cc3)c4cccnc4)c1C,4.7
905,CHEMBL147238,Cc1noc(NS(=O)(=O)c2ccccc2c3ccc(cc3)c4cccc[n+]4[O-])c1C,4.51
906,CHEMBL147365,COc1cc(OC)nc(n1)c2ccc(cc2)c3ccccc3S(=O)(=O)Nc4onc(C)c4C,4.32
908,CHEMBL149232,Cc1noc(NS(=O)(=O)c2ccccc2c3ccc(cc3)c4ccccn4)c1C,5.2
909,CHEMBL359273,Cc1noc(NS(=O)(=O)c2ccccc2c3ccc(cc3)c4ncccn4)c1C,4.8
911,CHEMBL357077,Cc1noc(NS(=O)(=O)c2ccccc2c3ccc(cc3)c4ocnn4)c1C,4.13
912,CHEMBL147340,Cc1noc(NS(=O)(=O)c2ccccc2c3ccc(cc3)c4cnccn4)c1C,4.66
914,CHEMBL148719,Cc1noc(NS(=O)(=O)c2ccccc2c3ccc(cc3)n4cccn4)c1C,5.03
916,CHEMBL29972,Cc1noc(NS(=O)(=O)c2ccccc2c3ccc(cc3CN4CCC(C)(C)C4=O)c5occn5)c1C,6.57
917,CHEMBL308646,COC(=O)COc1cc(CC2=C(C(=O)OC2(O)c3ccc(OC)cc3)c4ccc5OCOc5c4)cc(OC)c1OC,6.22
918,CHEMBL274489,CN(C(=O)CC(C)(C)C)c1cc(ccc1c2ccccc2S(=O)(=O)Nc3noc(C)c3C)c4occn4,6.09
919,CHEMBL304762,COc1ccc(cc1)C2(O)OC(=O)C(=C2Cc3cc(OC)c(OC)c(OCCCC(=O)O)c3)c4ccc5OCOc5c4,5.92
920,CHEMBL282336,CN(Cc1cc(ccc1c2ccccc2S(=O)(=O)Nc3onc(C)c3C)c4occn4)C(=O)Cc5ccc(cc5)C(F)(F)F,5.85
921,CHEMBL30405,Cc1noc(NS(=O)(=O)c2ccccc2c3ccc(cc3CN4CC(C)(C)CC4=O)c5occn5)c1C,6.02
922,CHEMBL29793,CN(Cc1cc(ccc1c2ccccc2S(=O)(=O)Nc3onc(C)c3C)c4occn4)c5ccccc5,6.82
923,CHEMBL29346,CN(Cc1cc(ccc1c2ccccc2S(=O)(=O)Nc3onc(C)c3C)c4occn4)C(=O)CCc5ccccc5,5.92
924,CHEMBL285118,CC(C)OCc1cc(ccc1c2ccccc2S(=O)(=O)Nc3onc(C)c3C)c4occn4,4.96
927,CHEMBL69832,COc1ccc(cc1)C2(O)OC(=O)C(=C2Cc3cc(OC)c(OC)c(OCCCCC(=O)O)c3)c4ccc5OCOc5c4,5.68
928,CHEMBL30150,CN(Cc1cc(ccc1c2ccccc2S(=O)(=O)Nc3onc(C)c3C)c4occn4)C(=O)c5cc(Cl)cc(Cl)c5,6.5
929,CHEMBL29652,CN(Cc1cc(ccc1c2ccccc2S(=O)(=O)Nc3onc(C)c3C)c4occn4)C(=O)CC5CCCCC5,5.55
931,CHEMBL29464,Cc1noc(NS(=O)(=O)c2ccccc2c3ccc(cc3CNc4ccncn4)c5occn5)c1C,6.01
932,CHEMBL281659,CN(Cc1cc(ccc1c2ccccc2S(=O)(=O)Nc3onc(C)c3C)c4occn4)C(=O)CC(C)(C)C,5.47
933,CHEMBL2113316,Cc1onc(NS(=O)(=O)c2ccccc2c3ccc(cc3CN4CCC(C)(C)C4=O)c5occn5)c1C,6.11
934,CHEMBL29422,CC(=O)NCc1cc(ccc1c2ccccc2S(=O)(=O)Nc3onc(C)c3C)c4occn4,5.36
935,CHEMBL30215,Cc1noc(NS(=O)(=O)c2ccccc2c3ccc(cc3CC(=O)NC(C)(C)C)c4occn4)c1C,5.96
936,CHEMBL29598,Cc1noc(NS(=O)(=O)c2ccccc2c3ccc(cc3Cc4occn4)c5occn5)c1C,5.77
940,CHEMBL30009,Cc1noc(NS(=O)(=O)c2ccccc2c3ccc(cc3Cn4ccnc4)c5occn5)c1C,5.37
942,CHEMBL281977,CN(Cc1cc(ccc1c2ccccc2S(=O)(=O)Nc3onc(C)c3C)c4occn4)C(=O)c5cc6ccccc6n5C,6.51
943,CHEMBL29420,Cc1noc(NS(=O)(=O)c2ccccc2c3ccc(cc3CNCC(F)(F)F)c4occn4)c1C,5.57
946,CHEMBL408055,[Na+].COc1ccc(cc1)C2(O)OC(=O)C(=C2Cc3cc(OC)c(OC)c(OCCCS(=O)(=O)[O-])c3)c4ccc5OCOc5c4,5.8
947,CHEMBL284656,CN(Cc1cc(ccc1c2ccccc2S(=O)(=O)Nc3onc(C)c3C)c4occn4)C(=O)C,5.4
948,CHEMBL281549,CN(Cc1cc(ccc1c2ccccc2S(=O)(=O)Nc3onc(C)c3C)c4occn4)C(=O)CC(F)(F)F,6.42
950,CHEMBL291058,COC(=O)CCCCOc1cc(CC2=C(C(=O)OC2(O)c3ccc(OC)cc3)c4ccc5OCOc5c4)cc(OC)c1OC,6.05
952,CHEMBL282359,CN(Cc1cc(ccc1c2ccccc2S(=O)(=O)Nc3onc(C)c3C)c4occn4)C(=O)c5ccccc5,6.24
953,CHEMBL431296,CN(Cc1cc(ccc1c2ccccc2S(=O)(=O)Nc3onc(C)c3C)c4occn4)CC(F)(F)F,5.72
954,CHEMBL282628,CN1CCN(Cc2cc(ccc2c3ccccc3S(=O)(=O)Nc4onc(C)c4C)c5occn5)C1=O,5.89
956,CHEMBL282303,CC(C)COCc1cc(ccc1c2ccccc2S(=O)(=O)Nc3onc(C)c3C)c4occn4,5.32
959,CHEMBL281668,CN(C)C(=O)Cc1cc(ccc1c2ccccc2S(=O)(=O)Nc3onc(C)c3C)c4occn4,5.14
961,CHEMBL286279,Cc1noc(NS(=O)(=O)c2ccccc2c3ccc(cc3\C=C\c4ccccc4)c5occn5)c1C,5.04
962,CHEMBL283610,Cc1noc(NS(=O)(=O)c2ccccc2c3ccc(cc3CN4CCCC(C)(C)C4=O)c5occn5)c1C,6.44
963,CHEMBL70017,COc1ccc(cc1)C2(O)OC(=O)C(=C2Cc3cc(OC)c(OC)c(OCC(=O)O)c3)c4ccc5OCOc5c4,5.35
964,CHEMBL69986,COC(=O)CCCOc1cc(CC2=C(C(=O)OC2(O)c3ccc(OC)cc3)c4ccc5OCOc5c4)cc(OC)c1OC,6.7
965,CHEMBL28963,CC(C)C(=O)N(Cc1cc(ccc1c2ccccc2S(=O)(=O)Nc3onc(C)c3C)c4occn4)C5CC5,6.26
966,CHEMBL302974,COc1ccc(cc1)C2(O)OC(=O)C(=C2Cc3cc(OC)c(OC)c(OCCN4CCOCC4)c3)c5ccc6OCOc6c5,5.64
967,CHEMBL29775,CC(C)N(Cc1cc(ccc1c2ccccc2S(=O)(=O)Nc3onc(C)c3C)c4occn4)C(=O)C,5.77
969,CHEMBL27855,CN(Cc1cc(ccc1c2ccccc2S(=O)(=O)Nc3onc(C)c3C)c4occn4)C(=O)C(C)(C)C,6.19
970,CHEMBL29710,CN(Cc1cc(ccc1c2ccccc2S(=O)(=O)Nc3onc(C)c3C)c4occn4)C(=O)Cc5ccccn5,5.6
971,CHEMBL305777,COc1ccc(cc1)C2(O)OC(=O)C(=C2Cc3cccc(OCCN(C)C)c3)c4ccc5OCOc5c4,5.62
972,CHEMBL30092,Cc1noc(NS(=O)(=O)c2ccccc2c3ccc(cc3Cn4cccn4)c5occn5)c1C,5.85
973,CHEMBL28863,CC(C)C(=O)N(C)Cc1cc(ccc1c2ccccc2S(=O)(=O)Nc3onc(C)c3C)c4occn4,6.1
974,CHEMBL29502,CC(C)N(Cc1cc(ccc1c2ccccc2S(=O)(=O)Nc3onc(C)c3C)c4occn4)C(=O)C(C)(C)C,5.64
975,CHEMBL28586,Cc1noc(NS(=O)(=O)c2ccccc2c3ccc(cc3COc4ccccc4)c5occn5)c1C,5.34
976,CHEMBL29223,Cc1onc(NCc2cc(ccc2c3ccccc3S(=O)(=O)Nc4onc(C)c4C)c5occn5)c1,5.98
977,CHEMBL29313,Cc1noc(NS(=O)(=O)c2ccccc2c3ccc(cc3\C=C/c4ccccc4)c5occn5)c1C,5.72
978,CHEMBL285832,Cc1noc(NS(=O)(=O)c2ccccc2c3ccc(cc3Cn4ccc(n4)C(F)(F)F)c5occn5)c1C,5.82
980,CHEMBL62264,CCCCC1=C([C@H](Oc2ccc(OC(C)C)cc12)c3ccc4OCOc4c3)C(=O)O,6.4
982,CHEMBL368558,CCCCN(CCCC)C(=O)CN1C[C@@H]([C@@H](CC(=O)O)[C@@H]1c2ccc(OC)cc2)c3ccc4OCOc4c3,5.29
985,CHEMBL51530,[Na+].COc1ccc(cc1)C(=O)\C(=C(/C(=O)[O-])\c2ccc3OCOc3c2)\Cc4ccccc4,5.34
989,CHEMBL319452,CCOC(=O)CNC(=O)OC1(OC(=O)C(=C1Cc2cc(OC)c(OC)c(OC)c2)c3ccc4OCOc4c3)c5ccc(OC)cc5,5.75
994,CHEMBL413825,C[C@@H](O)[C@H]1NC(=O)CNC(=O)[C@@H](Cc2c[nH]cn2)NC(=O)[C@H](Cc3c[nH]c4ccccc34)NC(=O)[C@@H](CC(=O)N)NC(=O)CNC(=O)[C@H](CC(=O)N[C@@H](Cc5c[nH]c6ccccc56)C(=O)N[C@@H](Cc7ccccc7)C(=O)N[C@@H](Cc8ccccc8)C(=O)N[C@@H](CC(=O)N)C(=O)N[C@@H](Cc9ccc(O)cc9)C(=O)N[C@@H](Cc%10ccc(O)cc%10)C(=O)N[C@@H](Cc%11c[nH]c%12ccccc%11%12)C(=O)O)NC(=O)[C@H]%13CCCN%13C(=O)[C@H](C)NC1=O,5.19
999,CHEMBL405677,CC(=O)[C@@H](Cc1c[nH]c2ccccc12)N[C@@H](Cc3ccccc3)C(=O)N[C@@H](Cc4ccccc4)C(=O)N[C@@H](CC(=O)N)C(=O)N[C@@H](Cc5ccc(O)cc5)C(=O)N[C@@H](Cc6ccc(O)cc6)C(=O)N[C@@H](Cc7c[nH]c8ccccc78)C(=O)O,5.12
1000,CHEMBL441006,CC(=O)[C@H](Cc1c[nH]c2ccccc12)N[C@@H](Cc3ccccc3)C(=O)N[C@@H](Cc4ccccc4)C(=O)N[C@@H](CC(=O)N)C(=O)N[C@@H](Cc5ccc(O)cc5)C(=O)N[C@@H](Cc6ccc(O)cc6)C(=O)N[C@@H](Cc7c[nH]c8ccccc78)C(=O)O,4.85
1013,CHEMBL103846,CCOC(=O)C(NC(=O)OC1(OC(=O)C(=C1Cc2cc(OC)c(OC)c(OC)c2)c3ccc4OCOc4c3)c5ccc(OC)cc5)C(C)C,5.89
1014,CHEMBL413880,NC(=O)C[C@H](NC(=O)[C@H](Cc1ccccc1)NC(=O)[C@H](Cc2ccccc2)N[C@H](Cc3c[nH]c4ccccc34)C(=O)O)C(=O)N[C@@H](Cc5ccc(O)cc5)C(=O)N[C@@H](Cc6ccc(O)cc6)C(=O)N[C@@H](Cc7c[nH]c8ccccc78)C(=O)O,4.82
1022,CHEMBL94918,CC(C)c1ccc(cc1)S(=O)(=O)NC(=O)C(N2N=C(C)C=C(C)C2=O)c3ccc4OCOc4c3,5.8
1023,CHEMBL414917,N[C@@H](C1c2ccccc2CCc3ccccc13)C(=O)N[C@@H](Cc4ccccc4)C(=O)N[C@@H](CC(=O)N)C(=O)N[C@@H](Cc5ccc(O)cc5)C(=O)N[C@@H](Cc6ccc(O)cc6)C(=O)N[C@@H](Cc7c[nH]c8ccccc78)C(=O)O,4.89
1024,CHEMBL385405,CC(=O)N[C@@H](C1c2ccccc2CCc3ccccc13)C(=O)N[C@@H](Cc4ccccc4)C(=O)N[C@@H](CC(=O)N)C(=O)N[C@@H](Cc5ccc(O)cc5)C(=O)N[C@@H](Cc6ccc(O)cc6)C(=O)N[C@@H](Cc7c[nH]c8ccccc78)C(=O)O,5.37
1025,CHEMBL3143473,[Na+].CCCC[C@@H](NC(=O)[C@@H](Cc1cn(COC)c2ccccc12)NC(=O)[C@H](CC(C)(C)C)NC(=O)N3[C@H](C)CCC[C@@H]3C)C(=O)[O-],8.92
1027,CHEMBL177221,COc1ccc(cc1)C(=O)\C(=C(/C(=O)O)\c2ccc3OCOc3c2)\Cc4cccc(OC)c4,6.59
1034,CHEMBL316523,CCOC(=O)C(CC(C)C)NC(=O)OC1(OC(=O)C(=C1Cc2cc(OC)c(OC)c(OC)c2)c3ccc4OCOc4c3)c5ccc(OC)cc5,5.6
1036,CHEMBL89688,Cc1ccc(c(C)c1)c2ccsc2S(=O)(=O)Nc3onc(C)c3Br,4.22
1037,CHEMBL432815,CC(C)Cc1ccc(c(C)c1)c2ccsc2S(=O)(=O)Nc3onc(C)c3Br,5.82
1038,CHEMBL103190,Cc1ccc(CCCOC(C(Oc2nc(C)cc(C)n2)C(=O)O)(c3ccccc3)c4ccccc4)cc1,6.77
1039,CHEMBL329560,CCCCc1ccc(cc1)c2ccsc2S(=O)(=O)Nc3onc(C)c3Br,5.21
1041,CHEMBL329890,CCCc1ccc(cc1)c2ccsc2S(=O)(=O)Nc3onc(C)c3Br,5.09
1042,CHEMBL330674,CC(C)c1ccc(cc1)c2ccsc2S(=O)(=O)Nc3onc(C)c3Br,4.55
1043,CHEMBL314307,CC(C)CCc1ccc(cc1)c2ccsc2S(=O)(=O)Nc3onc(C)c3Br,5.49
1044,CHEMBL89457,Cc1noc(NS(=O)(=O)c2sccc2Oc3ccccc3)c1Br,4.45
1047,CHEMBL317716,CCc1ccc(cc1)C(OCCc2ccc(OC)cc2)(C(Oc3nc(C)cc(C)n3)C(=O)O)c4ccc(CC)cc4,6.71
1048,CHEMBL103605,COc1ccc(CCOC(C(Oc2nc3CCCc3c(OC)n2)C(=O)O)(c4ccc(Cl)cc4)c5ccc(Cl)cc5)cc1OC,6.67
1050,CHEMBL72295,CCCCS(=O)(=O)NC(=O)[C@H](NC(=O)[C@H](Cc1ccc(cc1)c2oncc2)N(C)C(=O)c3cc(C)cc(C)c3)C(C)C,5.92
1053,CHEMBL321984,Cc1ccc(\C=C\COC(C(Oc2nc(C)cc(C)n2)C(=O)O)(c3ccccc3)c4ccccc4)cc1,6.5
1054,CHEMBL329861,COc1cccc(c1)c2ccsc2S(=O)(=O)Nc3onc(C)c3Br,4.25
1057,CHEMBL322996,CCc1ccc(cc1)C(OCCc2ccc(OC)cc2)(C(Oc3nc(C)cc(OC)n3)C(=O)O)c4ccc(CC)cc4,6.8
1058,CHEMBL89689,COc1ccc(cc1)c2ccsc2S(=O)(=O)Nc3onc(C)c3Br,4.21
1059,CHEMBL293232,Cc1noc(NS(=O)(=O)c2ccsc2c3ccccc3)c1Br,4.13
1060,CHEMBL328089,Cc1cccc(c1)c2ccsc2S(=O)(=O)Nc3onc(C)c3Br,4.67
1062,CHEMBL91073,Cc1ccc(cc1)c2ccsc2S(=O)(=O)Nc3onc(C)c3Br,4.02
1065,CHEMBL316012,CCCc1ccc(c(C)c1)c2ccsc2S(=O)(=O)Nc3onc(C)c3Br,5.54
1067,CHEMBL314320,Cc1noc(NS(=O)(=O)c2ccc(s2)c3ccccc3)c1Br,5.62
1068,CHEMBL330003,COc1ccccc1c2ccsc2S(=O)(=O)Nc3onc(C)c3Br,4.23
1070,CHEMBL328517,CC(C)Cc1ccc(cc1)c2ccsc2S(=O)(=O)Nc3onc(C)c3Br,5.54
1071,CHEMBL92318,Cc1noc(NS(=O)(=O)c2sccc2Cc3ccccc3)c1Br,4.4
1072,CHEMBL317233,Cc1cc(C)nc(OC(C(=O)O)C(OCCc2ccccc2)(c3ccccc3)c4ccccc4)n1,6.64
1079,CHEMBL88506,Cc1noc(NS(=O)(=O)c2sccc2c3ccccc3)c1Br,4.19
1080,CHEMBL313801,CC(C)CCc1ccc(c(C)c1)c2ccsc2S(=O)(=O)Nc3onc(C)c3Br,5.61
1081,CHEMBL276288,COc1cc(C)nc(OC(C(=O)O)C(OCCc2ccc(OC)c(OC)c2)(c3ccc(Cl)cc3)c4ccc(Cl)cc4)n1,6.89
1082,CHEMBL101742,Cc1cc(C)nc(OC(C(=O)O)C(OCCc2ccc(cc2)C(=O)O)(c3ccccc3)c4ccccc4)n1,6.94
1083,CHEMBL329375,Cc1noc(NS(=O)(=O)c2cc(cs2)c3ccccc3)c1Br,4.87
1084,CHEMBL307033,CCCCS(=O)(=O)NC(=O)[C@@H](NC(=O)[C@H](Cc1ccc(cc1)c2oncc2)N(C)C(=O)c3cc(C)cc(C)c3)C(C)C,5.92
1086,CHEMBL89203,CCc1ccc(cc1)c2ccsc2S(=O)(=O)Nc3onc(C)c3Br,4.36
1089,CHEMBL296456,COc1cc(OC)c(NC(=O)c2sccc2S(=O)(=O)Nc3onc(C)c3Cl)c(c1)C#N,4.91
1090,CHEMBL297473,Cc1cc2OCOc2cc1NC(=O)c3sccc3S(=O)(=O)Nc4onc(C)c4Cl,4.45
1091,CHEMBL44539,Cc1noc(NS(=O)(=O)c2ccsc2C(=O)Nc3ccccc3C(=O)O)c1Br,4.71
1092,CHEMBL44615,Cc1noc(NS(=O)(=O)c2ccsc2C(=O)Nc3ccc(O)nn3)c1Br.OC(=O)C(F)(F)F,4.09
1093,CHEMBL417719,Cc1noc(NS(=O)(=O)c2ccsc2C(=O)Nc3cc4OCOc4cc3CC#N)c1Cl,4.59
1095,CHEMBL297215,COc1cc(OC)c(NC(=O)c2sccc2S(=O)(=O)Nc3onc(C)c3Cl)c(c1)C(=O)N,4.22
1096,CHEMBL296927,CC(=O)OCCc1cc2OCOc2cc1NC(=O)c3sccc3S(=O)(=O)Nc4onc(C)c4Cl,4.59
1097,CHEMBL47604,Cc1noc(NS(=O)(=O)c2ccsc2C(=O)Nc3cc4OCOc4cc3OCCO)c1Cl,4.84
1099,CHEMBL19808,Cc1noc(NS(=O)(=O)c2ccsc2C(=O)Nc3cc4OCOc4cc3C#N)c1Cl,4.39
1100,CHEMBL48031,Cc1cccc(NC(=O)c2sccc2S(=O)(=O)Nc3onc(C)c3Br)c1,4.17
1101,CHEMBL45456,Cc1ccc(NC(=O)c2sccc2S(=O)(=O)Nc3onc(C)c3C)cc1,4.17
1102,CHEMBL295588,Cc1noc(NS(=O)(=O)c2ccsc2C(=O)Nc3cc4OCOc4cc3CCO)c1Cl,4.78
1103,CHEMBL295207,COc1ccccc1NC(=O)c2sccc2S(=O)(=O)Nc3onc(C)c3Br,4.21
1104,CHEMBL283535,CC(=O)c1cc2OCOc2cc1NC(=O)c3sccc3S(=O)(=O)Nc4onc(C)c4Cl,4.49
1105,CHEMBL296291,COc1ccc(NC(=O)c2sccc2S(=O)(=O)Nc3onc(C)c3Br)cc1,4.52
1106,CHEMBL297618,CN(C)C(=O)Cc1cc2OCOc2cc1NC(=O)c3sccc3S(=O)(=O)Nc4onc(C)c4Cl,4.86
1107,CHEMBL288967,COc1cccc(NC(=O)c2sccc2S(=O)(=O)Nc3onc(C)c3Br)c1.OC(=O)C(F)(F)F,4.2
1108,CHEMBL44321,Cc1noc(NS(=O)(=O)c2ccsc2C(=O)Nc3ccc(cc3)c4ccccc4)c1Br,5.06
1109,CHEMBL283136,Cc1noc(NS(=O)(=O)c2ccsc2C(=O)Nc3ccc4OCOc4c3)c1Br,5.0
1110,CHEMBL45087,Cc1ccc(NC(=O)c2sccc2S(=O)(=O)Nc3onc(C)c3Cl)nc1,4.35
1111,CHEMBL47620,Cc1noc(NS(=O)(=O)c2ccsc2C(=O)Nc3cc4OCOc4cc3CCCO)c1Cl,5.04
1116,CHEMBL48134,COc1ccc(NC(=O)c2sccc2S(=O)(=O)Nc3onc(C)c3Cl)c(C)c1,4.85
1117,CHEMBL296129,CC(=O)OCCOc1cc2OCOc2cc1NC(=O)c3sccc3S(=O)(=O)Nc4onc(C)c4Cl,4.8
1118,CHEMBL47418,CCc1ccc(NC(=O)c2sccc2S(=O)(=O)Nc3onc(C)c3Br)cc1,5.13
1119,CHEMBL47827,Cc1ccc(NC(=O)c2sccc2S(=O)(=O)Nc3onc(C)c3Cl)c(O)c1,5.08
1120,CHEMBL47417,CC(C)c1ccc(NC(=O)c2sccc2S(=O)(=O)Nc3onc(C)c3Br)cc1,5.36
1121,CHEMBL278114,Cc1ccc(NC(=O)c2sccc2S(=O)(=O)Nc3onc(C)c3Cl)cc1,4.85
1122,CHEMBL43788,CCOC(=O)C.COc1ccc(NC(=O)c2sccc2S(=O)(=O)Nc3onc(C)c3Cl)c(OC)c1,4.29
1123,CHEMBL47828,Cc1noc(NS(=O)(=O)c2ccsc2C(=O)Nc3cc4OCOc4cc3CNS(=O)(=O)C)c1Cl.OC(=O)C(F)(F)F,4.7
1124,CHEMBL48120,Cc1onc(NC(=O)c2sccc2S(=O)(=O)Nc3onc(C)c3Cl)c1.OC(=O)C(F)(F)F,4.04
1126,CHEMBL45269,Cc1noc(NS(=O)(=O)c2ccsc2C(=O)Nc3ccccc3)c1Br,4.11
1127,CHEMBL296326,Cc1ccc(NC(=O)c2sccc2S(=O)(=O)Nc3onc(C)c3Br)cc1,5.04
1128,CHEMBL48024,Cc1noc(NS(=O)(=O)c2ccsc2C(=O)Nc3cccc(O)c3)c1Br,4.17
1129,CHEMBL433074,Cc1noc(NS(=O)(=O)c2ccsc2C(=O)Nc3ccc(cc3)C(C)(C)C)c1Br,5.16
1130,CHEMBL416086,COc1cccc(NCc2sccc2S(=O)(=O)Nc3onc(C)c3Br)c1.OC(=O)C(F)(F)F,5.12
1132,CHEMBL295697,CCC(C)c1ccc(NC(=O)c2sccc2S(=O)(=O)Nc3onc(C)c3Br)cc1,5.23
1133,CHEMBL417358,Cc1noc(NS(=O)(=O)c2ccsc2C(=O)NCc3ccccc3)c1Br,4.01
1134,CHEMBL45760,CCCCc1ccc(NC(=O)c2sccc2S(=O)(=O)Nc3onc(C)c3Br)cc1,5.21
1135,CHEMBL157742,COc1ccc(cc1)C2=C(C(=O)O)C(=O)N(Cc3ccccc3OC)c4c2oc5ccccc45,6.92
1136,CHEMBL156539,COc1ccccc1CN2C(=O)C(=C(c3ccc4OCOc4c3)c5oc6ccccc6c25)C(=O)O,5.72
1138,CHEMBL106749,Cc1oc(nc1C)c2ccc(cc2)c3ccccc3S(=O)(=O)Nc4onc(C)c4C,4.92
1140,CHEMBL156194,COc1ccc(cc1)C2=C(C(=O)O)C(=O)N(Cc3ccccc3OC)c4c2oc5cc(NS(=O)(=O)C)ccc45,6.92
1144,CHEMBL320631,CCNCc1ccc2[C@@H]([C@H]([C@H](c3ccc(OC)cc3)c2n1)C(=O)O)c4ccc5OCOc5c4,6.03
1145,CHEMBL319036,Cc1noc(NS(=O)(=O)c2ccccc2c3ccc(cc3)c4oc5ccccc5n4)c1C,4.03
1147,CHEMBL352241,COc1ccc(cc1)C2=C(C(=O)O)C(=O)N(Cc3ccccc3OC)c4c2oc5cc(ccc45)[N+](=O)[O-],6.7
1150,CHEMBL422002,COc1ccc(cc1)C2=C(C(=O)O)C(=O)N(Cc3ccccc3C(C)C)c4c2oc5ccccc45,6.18
1152,CHEMBL105490,CC(C)Cc1ccc(cc1)c2ccccc2S(=O)(=O)Nc3onc(C)c3C,5.77
1154,CHEMBL322434,COc1ccc(cc1)[C@H]2[C@@H]([C@@H](c3ccc4OCOc4c3)c5ccc(CCC(=O)O)nc25)C(=O)O,6.28
1156,CHEMBL104223,Cc1coc(n1)c2ccc(cc2)c3ccccc3S(=O)(=O)Nc4onc(C)c4C,4.0
1157,CHEMBL155937,COc1ccc(OC)c(c1)C2=C(C(=O)O)C(=O)N(Cc3ccccc3OC)c4c2oc5ccccc45,5.17
1158,CHEMBL347680,COc1ccccc1CN2C(=O)C(=C(c3cc(OC)c(OC)c(OC)c3)c4oc5ccccc5c24)C(=O)O,6.77
1159,CHEMBL155973,COc1cccc(c1)C2=C(C(=O)O)C(=O)N(Cc3ccccc3OC)c4c2oc5ccccc45,5.46
1160,CHEMBL430506,CCOCc1ccc2[C@@H]([C@H]([C@H](c3ccc(OC)cc3)c2n1)C(=O)O)c4ccc5OCOc5c4,6.85
1164,CHEMBL104848,Cc1noc(NS(=O)(=O)c2ccccc2c3ccc(cc3)c4cocn4)c1C,4.7
1165,CHEMBL107574,Cc1noc(NS(=O)(=O)c2ccccc2c3ccc(cc3)c4ocnc4)c1C,4.11
1166,CHEMBL102411,COc1ccc(cc1)[C@H]2[C@@H]([C@@H](c3ccc4OCOc4c3)c5ccc(nc25)c6ccccc6)C(=O)O,6.89
1167,CHEMBL158239,COc1ccc(cc1)C2=C(C(=O)O)C(=O)N(Cc3cccc(OC)c3)c4c2oc5ccccc45,5.8
1168,CHEMBL322674,Cc1oc(nc1)c2ccc(cc2)c3ccccc3S(=O)(=O)Nc4onc(C)c4C,4.92
1170,CHEMBL156453,COc1ccc(cc1)C2=C(C(=O)O)C(=O)N(Cc3ccccc3C)c4c2oc5ccccc45,6.52
1174,CHEMBL323561,COc1ccc(cc1)[C@H]2[C@@H]([C@@H](c3ccc4OCOc4c3)c5ccc(CCCO)nc25)C(=O)O,6.72
1175,CHEMBL319924,Cc1noc(NS(=O)(=O)c2ccccc2c3ccc(Cc4occn4)cc3)c1C,4.47
1176,CHEMBL104172,Cc1ocnc1c2ccc(cc2)c3ccccc3S(=O)(=O)Nc4onc(C)c4C,4.03
1178,CHEMBL156404,COc1ccc(C2=C(C(=O)O)C(=O)N(Cc3ccccc3OC)c4c2oc5ccccc45)c(OC)c1,6.37
1185,CHEMBL102825,COc1ccc(cc1)[C@H]2[C@@H]([C@@H](c3ccc4OCOc4c3)c5cccnc25)C(=O)O,6.39
1186,CHEMBL156532,COc1ccc(cc1)C2=C(C(=O)O)C(=O)N(Cc3ccccc3SC)c4c2oc5ccccc45,5.19
1189,CHEMBL157827,CCOc1ccccc1CN2C(=O)C(=C(c3ccc(OC)cc3)c4oc5ccccc5c24)C(=O)O,5.89
1190,CHEMBL158204,COc1ccc(cc1)C2=C(C(=O)O)C(=O)N(Cc3ccccc3Cl)c4c2oc5ccccc45,5.57
1191,CHEMBL157763,COc1ccc(cc1)C2=C(C(=O)O)C(=O)N(Cc3cccc(OC)c3OC)c4c2oc5ccccc45,5.28
1193,CHEMBL345380,COc1ccc(cc1)C2=C(C(=O)O)C(=O)N(Cc3ccccc3)c4c2oc5ccccc45,5.52
1194,CHEMBL303203,Cc1ccc(OC(=O)c2sccc2S(=O)(=O)Nc3onc(C)c3Cl)c(C)c1,4.17
1199,CHEMBL278930,CCCc1cc(Cn2c(CC)nc3c(C)cc(C)nc23)cc(CCC)c1OC(C(=O)NS(=O)(=O)c4cccs4)c5ccc6OCOc6c5,6.27
1206,CHEMBL293877,Cc1ccc(OC(=O)c2sccc2S(=O)(=O)Nc3onc(C)c3Br)cc1,5.04
1211,CHEMBL276819,CCCc1cc(Cn2c(CC)nc3c(C)cc(C)nc23)cc(CCC)c1OC(C(=O)O)c4cc(Br)c(OC)c(OC)c4Br,4.51
1212,CHEMBL15689,CCCc1cc(Cn2c(CC)nc3c(C)cc(C)nc23)ccc1OC(C(=O)O)c4ccccc4,4.33
1213,CHEMBL302872,Cc1noc(NS(=O)(=O)c2ccsc2C(=O)Oc3ccc4OCOc4c3)c1Cl,5.1
1214,CHEMBL274243,CCCc1cc(Cn2c(CC)nc3c(C)cc(C)nc23)cc(CCC)c1OC(C(=O)NS(=O)(=O)c4ccccc4)c5ccc6OCOc6c5,6.1
1220,CHEMBL16018,CCCc1cc(Cn2c(CC)nc3c(C)cc(C)nc23)cc(CCC)c1OC(C(=O)NS(=O)(=O)C(C)C)c4ccc5OCOc5c4,5.72
1229,CHEMBL275179,CCCc1cc(Cn2c(CC)nc3c(C)cc(C)nc23)cc(CCC)c1OC(C(=O)O)c4ccc5OCOc5c4,6.64
1233,CHEMBL63937,Cc1ccc(OC(=O)c2sccc2S(=O)(=O)Nc3onc(C)c3Br)c(C)c1,4.37
1236,CHEMBL15573,CCCc1cc(Cn2c(CC)nc3c(C)cc(C)nc23)cc(CCC)c1OC(C(=O)NS(=O)(=O)c4ccc(cc4)C(C)C)c5ccc6OCOc6c5,5.89
1237,CHEMBL16306,CCCc1cc(Cn2c(CC)nc3c(C)cc(C)nc23)ccc1OC(C(=O)O)c4ccc5OCOc5c4,5.8
1242,CHEMBL63290,Cc1noc(NS(=O)(=O)c2ccsc2C(=O)Oc3ccc4OCOc4c3)c1C,4.31
1243,CHEMBL16197,CCCc1cc(Cn2c(CC)nc3c(C)cc(C)nc23)cc(CCC)c1OC(C(=O)NS(=O)(=O)C)c4ccc5OCOc5c4,5.92
1244,CHEMBL15310,CCCc1cc(Cn2c(CC)nc3c(C)cc(C)nc23)cc(CCC)c1OC(C(=O)NS(=O)(=O)c4ccc(CC(C)C)s4)c5ccc6OCOc6c5,6.38
1245,CHEMBL265116,CC[C@H](C)[C@H](NC(=O)[C@H](Cc1ccccc1)NC(=O)[C@H](CC(=O)O)NC(=O)[C@H](CC(C)C)NC(=O)[C@@H](NC(=O)C)C(c2ccccc2)c3ccccc3)C(=O)N[C@@H](Cc4c[nH]c5ccccc45)C(=O)O,6.05
1246,CHEMBL328942,CC[C@H](C)[C@H](NC(=O)[C@@H](NC(=O)[C@H](CC(=O)O)NC(=O)[C@H](CC(C)C)NC(=O)[C@@H](NC(=O)C)C(c1ccccc1)c2ccccc2)[C@@H](C)CC)C(=O)N[C@@H](Cc3c[nH]c4ccccc34)C(=O)O,7.22
1248,CHEMBL433349,CC[C@H](C)[C@H](NC(=O)[C@@H](NC(=O)[C@H](CCC(=O)O)NC(=O)[C@H](CC(C)C)NC(=O)[C@@H](NC(=O)C)C(c1ccccc1)c2ccccc2)[C@@H](C)CC)C(=O)N[C@@H](Cc3c[nH]c4ccccc34)C(=O)O,5.75
1251,CHEMBL405599,CC[C@H](C)[C@H](NC(=O)[C@@H](NC(=O)[C@H](CC(=O)O)NC(=O)[C@H](CCCNC(=N)N)NC(=O)[C@@H](NC(=O)C)C(c1ccccc1)c2ccccc2)[C@@H](C)CC)C(=O)N[C@@H](Cc3c[nH]c4ccccc34)C(=O)O,6.23
1252,CHEMBL384052,CC[C@H](C)[C@H](NC(=O)[C@H](CC(=O)O)NC(=O)[C@H](CC(C)C)NC(=O)[C@@H](NC(=O)c1ccccc1)C(c2ccccc2)c3ccccc3)C(=O)N[C@@H]([C@@H](C)CC)C(=O)N[C@@H](Cc4c[nH]c5ccccc45)C(=O)O,5.36
1253,CHEMBL262993,CC[C@H](C)[C@H](NC(=O)[C@H](CC(=O)O)NC(=O)[C@H](CC(C)C)NC(=O)[C@@H](NC(=O)C)C1c2ccccc2CCc3ccccc13)C(=O)N[C@@H]([C@@H](C)CC)C(=O)N[C@@H](Cc4c[nH]c5ccccc45)C(=O)O,6.68
1254,CHEMBL421190,CC[C@H](C)[C@H](NC(=O)[C@@H](NC(=O)[C@H](Cc1ccccc1)NC(=O)[C@H](CC(C)C)NC(=O)[C@H](Cc2ccccc2)NC(=O)C)[C@@H](C)CC)C(=O)N[C@@H](Cc3c[nH]c4ccccc34)C(=O)O,7.43
1255,CHEMBL264579,CC[C@H](C)[C@H](NC(=O)[C@H](CC(=O)O)NC(=O)[C@H](CC(C)C)NC(=O)[C@@H](NC(=O)C1c2ccccc2CCc3ccccc13)C(c4ccccc4)c5ccccc5)C(=O)N[C@@H]([C@@H](C)CC)C(=O)N[C@@H](Cc6c[nH]c7ccccc67)C(=O)O,5.23
1257,CHEMBL295477,Cc1ccc(CC(=O)c2sccc2S(=O)(=O)Nc3onc(C)c3Br)cc1,5.04
1259,CHEMBL45160,CC(=O)c1c(NC(=O)c2sccc2S(=O)(=O)Nc3onc(C)c3Cl)ccc4OCOc14,4.49
1260,CHEMBL47706,Cc1noc(NS(=O)(=O)c2ccsc2C(=O)Cc3ccc4OCOc4c3)c1Br,5.26
1261,CHEMBL297557,CCOC(=O)C.Cc1noc(NS(=O)(=O)c2ccsc2C(O)Cc3ccc4OCOc4c3)c1Cl,4.8
1263,CHEMBL46357,CCOC(=O)C.Cc1noc(NS(=O)(=O)c2ccsc2C(=O)c3ccc4OCOc4c3)c1Br,4.81
1265,CHEMBL47383,Cc1noc(NS(=O)(=O)c2ccsc2C3(Cc4ccc5OCOc5c4)OCCO3)c1Cl,5.68
1266,CHEMBL297679,COc1cccc(CC(=O)c2sccc2S(=O)(=O)Nc3onc(C)c3Cl)c1,4.72
1267,CHEMBL47424,Cc1ccc(C)c(CC(=O)c2sccc2S(=O)(=O)Nc3onc(C)c3Cl)c1,4.74
1270,CHEMBL47404,Cc1noc(NS(=O)(=O)c2ccsc2C(=O)Nc3ccc4OCOc4c3C#N)c1Cl,4.39
1271,CHEMBL298203,Cc1noc(NS(=O)(=O)c2ccsc2C(=O)Cc3ccc4OCOc4c3)c1C,4.57
1272,CHEMBL47915,Cc1ccc(CC(=O)c2sccc2S(=O)(=O)Nc3onc(C)c3C)c(C)c1,4.76
1274,CHEMBL282470,Cc1noc(NS(=O)(=O)c2ccsc2C(=O)Cc3ccc4OCOc4c3)c1Cl,5.16
1278,CHEMBL432109,CCOC(=O)C.COc1ccc(CC(=O)c2sccc2S(=O)(=O)Nc3onc(C)c3Cl)cc1,5.0
1281,CHEMBL20168,Cc1cc2OCOc2cc1CC(=O)c3sccc3S(=O)(=O)Nc4onc(C)c4C,4.47
1284,CHEMBL295557,CC#N.Cc1noc(NS(=O)(=O)c2ccsc2C(=O)Cc3cc4OCOc4cc3C#N)c1Cl,6.14
1287,CHEMBL45723,Cc1noc(NS(=O)(=O)c2ccsc2NC(=O)Nc3ccc4OCOc4c3)c1Br,5.89
1288,CHEMBL445101,Cc1ccc(CC(=O)c2sccc2S(=O)(=O)Nc3onc(C)c3Cl)c(C)c1,5.32
1289,CHEMBL297783,Cc1onc(NS(=O)(=O)c2ccsc2C(=O)Cc3cc4OCOc4cc3C)c1Cl,5.41
1295,CHEMBL45872,Cc1noc(NS(=O)(=O)c2ccsc2NC(=O)Oc3ccc4OCOc4c3)c1Br,5.23
1297,CHEMBL48448,Cc1noc(NS(=O)(=O)c2ccsc2C(=O)C(C#N)c3ccc4OCOc4c3)c1Cl.OC(=O)C(F)(F)F,4.56
1305,CHEMBL47765,Cc1cc(C)cc(CC(=O)c2sccc2S(=O)(=O)Nc3onc(C)c3Cl)c1,4.75
1306,CHEMBL45875,Cc1ccc(CC(=O)c2sccc2S(=O)(=O)Nc3onc(C)c3C)cc1,4.54
1307,CHEMBL297599,Cc1noc(NS(=O)(=O)c2ccsc2C(=O)NC(=O)c3ccc4OCOc4c3)c1Br,4.43
1310,CHEMBL44544,COc1cc(NC(=O)c2sccc2S(=O)(=O)Nc3onc(C)c3Cl)c(cc1OC)C#N,4.91
1315,CHEMBL45351,CCOC(=O)C.Cc1noc(NS(=O)(=O)c2ccsc2\C(=N/O)\Cc3ccc4OCOc4c3)c1Cl,5.38
1316,CHEMBL413093,Cc1ccc(CC(=O)c2sccc2S(=O)(=O)Nc3onc(C)c3Br)c(C)c1,5.46
1323,CHEMBL238539,CN(Cc1cc(ccc1c2ccccc2S(=O)(=O)Nc3oncc3)c4occn4)C(=O)CC(C)(C)C,5.22
1324,CHEMBL413001,CN(Cc1cc(ccc1c2ccccc2S(=O)(=O)Nc3oncc3)c4occn4)C(=O)CCc5ccc(OCCOCCOCCOCCOCCC(=O)Nc6ccc(CCC(=O)CC(=O)C)cc6)cc5,5.31
1325,CHEMBL268201,CN(Cc1cc(ccc1c2ccccc2S(=O)(=O)Nc3oncc3)c4occn4)C(=O)Cc5ccc(OCCOCCOCCOCCOCCC(=O)Nc6ccc(CCC(=O)CC(=O)C)cc6)cc5,5.72
1326,CHEMBL429019,CN(Cc1cc(ccc1c2ccccc2S(=O)(=O)Nc3oncc3)c4occn4)C(=O)CCCC(=O)NCCOCCOCCOCCOCCOCCOCCOCCOCCOCCOCCOCCC(=O)Nc5ccc(CCC(=O)CC(=O)C)cc5,5.35
1327,CHEMBL398070,CN(Cc1cc(ccc1c2ccccc2S(=O)(=O)Nc3oncc3)c4occn4)C(=O)CCOCCOCCOCCOCCOCCOCCOCCC(=O)Nc5ccc(CCC(=O)CC(=O)C)cc5,5.33
1329,CHEMBL241460,CN(Cc1cc(ccc1c2ccccc2S(=O)(=O)Nc3oncc3)c4occn4)C(=O)COCCOCCOCCOCCC(=O)Nc5ccc(CCC(=O)CC(=O)C)cc5,5.96
1330,CHEMBL1790180,CC[C@H](C)[C@H](NC(=O)[C@H](CC(=O)O)NC(=O)[C@H](CC(C)C)NC(=O)[C@H](Cc1c[nH]cn1)NC(=O)[C@@H]2CSSC[C@@H](N)C(=O)N[C@H]([C@@H](C)O)C(=O)N[C@H]3CSSC[C@@H](NC(=O)[C@H](CCC(=O)O)NC(=O)[C@H](CCCCN)NC(=O)[C@@H](CC(=O)O)NC(=O)[C@H](CCCCN)NC(=O)[C@@H](CCc4ccc(O)cc4)NC(=O)[C@@H](NC(=O)[C@@H](Cc5ccccc5)NC3=O)[C@H](C)O)C(=O)N[C@@H](C(C)C)C(=O)N[C@H](Cc6ccc(O)cc6)C(=O)N[C@@H](Cc7ccc(O)cc7)C(=O)N2)C(=O)N[C@@H]([C@@H](C)CC)C(=O)N[C@@H](Cc8c[nH]c9ccccc89)C(=O)O,10.04
1346,CHEMBL1272137,CCc1cc2OCOc2cc1CN3C(=C(Cc4cccc(c4)C(=O)O)C(=O)c5cc(O)ccc35)C(=O)O,4.81
1347,CHEMBL1272190,CCOc1ccc2N(Cc3cc4OCOc4cc3CC)C(=C(Cc5cccc(c5)C(=O)O)C(=O)c2c1)C(=O)O,5.51
1348,CHEMBL1272244,CCCOc1ccc2N(Cc3cc4OCOc4cc3CC)C(=C(Cc5cccc(c5)C(=O)O)C(=O)c2c1)C(=O)O,6.04
1349,CHEMBL1272299,CCc1cc2OCOc2cc1CN3C(=C(Cc4cccc(c4)C(=O)O)C(=O)c5cc(OC(C)C)ccc35)C(=O)O,6.17
1350,CHEMBL1271479,CCc1cc2OCOc2cc1CN3C(=C(Cc4cccc(c4)C(=O)O)C(=O)c5cc(OCC=C)ccc35)C(=O)O,5.95
1351,CHEMBL1271531,CCc1cc2OCOc2cc1CN3C(=C(Cc4cccc(c4)C(=O)O)C(=O)c5cc(OCOC)ccc35)C(=O)O,5.99
1352,CHEMBL1271586,CCCCOc1ccc2N(Cc3cc4OCOc4cc3CC)C(=C(Cc5cccc(c5)C(=O)O)C(=O)c2c1)C(=O)O,6.26
1353,CHEMBL1271640,CCc1cc2OCOc2cc1CN3C(=C(Cc4cccc(c4)C(=O)O)C(=O)c5cc(OCC(C)C)ccc35)C(=O)O,5.7
1354,CHEMBL1271807,CCc1cc2OCOc2cc1CN3C(=C(Cc4cccc(c4)C(=O)O)C(=O)c5cc(OCCCO)ccc35)C(=O)O,5.36
1355,CHEMBL1271863,CCc1cc2OCOc2cc1CN3C(=C(Cc4cccc(c4)C(=O)O)C(=O)c5cc(OCC(=O)O)ccc35)C(=O)O,5.84
1356,CHEMBL1204990,CCc1cc2OCOc2cc1CN3C(=C(Cc4cccc(c4)C(=O)O)C(=O)c5ccccc35)C(=O)O,6.24
1360,CHEMBL2165326,NS(=O)(=O)Nc1ncnc(OCCOc2ncc(Br)cn2)c1c3ccc(Br)cc3,6.01
1363,CHEMBL2165327,CC[C@H](C)[C@H](NC(=O)[C@@H](NC(=O)[C@H](CC(=O)O)NC(=O)[C@H](CCC(=O)N)NC(=O)[C@H](Cc1cnc[nH]1)NC(=O)[C@@H]2CSSC[C@H](N)C(=O)N[C@@H]([C@@H](C)O)C(=O)N[C@H]3CSSC[C@H](NC(=O)[C@H](CCC(=O)O)NC(=O)[C@H](CCC(=O)O)NC(=O)[C@H](CC(=O)O)NC(=O)[C@@H](NC(=O)[C@H](CCSC)NC(=O)[C@H](CC(=O)O)NC(=O)[C@H](CC(=O)N)NC3=O)[C@@H](C)O)C(=O)N[C@@H](CC(C)C)C(=O)N[C@@H](CC(=O)N)C(=O)N[C@@H](Cc4ccccc4)C(=O)N2)C(C)C)C(=O)N[C@@H](Cc5c[nH]c6ccccc56)C(=O)O,9.68
1365,CHEMBL2163694,CCCCS(=O)(=O)Nc1ncnc(OCCOc2ncc(Br)cn2)c1c3ccc(Br)cc3,5.62
1366,CHEMBL2163693,CCCS(=O)(=O)Nc1ncnc(OCCOc2ncc(Br)cn2)c1c3ccc(Br)cc3,5.52
1367,CHEMBL2163692,CCCNS(=O)(=O)Nc1ncnc(OCCOc2ncc(Br)cn2)c1Oc3cc(OC)ccc3Cl,6.68
1368,CHEMBL2163691,CCCNS(=O)(=O)Nc1ncnc(OCCOc2ncc(Br)cn2)c1Oc3cccc(OC)c3,6.33
1369,CHEMBL2163690,CCCNS(=O)(=O)Nc1ncnc(OCCOc2ncc(Br)cn2)c1c3ccc(Cl)cc3,6.11
1370,CHEMBL2163689,Brc1ccc(cc1)c2c(NS(=O)(=O)N3CCOCC3)ncnc2OCCOc4ncc(Br)cn4,5.55
1371,CHEMBL2163688,CN(Cc1ccccc1)S(=O)(=O)Nc2ncnc(OCCOc3ncc(Br)cn3)c2c4ccc(Br)cc4,5.28
1372,CHEMBL2165340,Brc1ccc(cc1)c2c(NS(=O)(=O)NC3CC3)ncnc2OCCOc4ncc(Br)cn4,5.83
1373,CHEMBL2165339,CCCCNS(=O)(=O)Nc1ncnc(OCCOc2ncc(Br)cn2)c1c3ccc(Br)cc3,6.8
1374,CHEMBL2103873,CCCNS(=O)(=O)Nc1ncnc(OCCOc2ncc(Br)cn2)c1c3ccc(Br)cc3,6.41
1375,CHEMBL2165338,CCNS(=O)(=O)Nc1ncnc(OCCOc2ncc(Br)cn2)c1c3ccc(Br)cc3,6.08
1376,CHEMBL2165337,CNS(=O)(=O)Nc1ncnc(OCCOc2ncc(Br)cn2)c1c3ccc(Br)cc3,6.09
1377,CHEMBL2165336,CC(C)c1ccc(cc1)c2c(NS(=O)(=O)NCc3ccccc3)ncnc2OCCOc4ncc(Br)cn4,5.61
1378,CHEMBL2165335,CCc1ccc(cc1)c2c(NS(=O)(=O)NCc3ccccc3)ncnc2OCCOc4ncc(Br)cn4,5.9
1379,CHEMBL2165334,Brc1ccc(cc1)c2c(NS(=O)(=O)NCc3ccccc3)ncnc2OCCOc4ncc(Br)cn4,6.34
1380,CHEMBL2165333,Clc1ccc(cc1)c2c(NS(=O)(=O)NCc3ccccc3)ncnc2OCCOc4ncc(Br)cn4,6.3
1381,CHEMBL2165332,Cc1ccc(cc1)c2c(NS(=O)(=O)NCc3ccccc3)ncnc2OCCOc4ncc(Br)cn4,6.36
1382,CHEMBL2165331,Brc1cnc(OCCOc2ncnc(NS(=O)(=O)NCc3ccccc3)c2c4ccccc4)nc1,5.3
1383,CHEMBL2165330,COc1ccc(Cl)c(Oc2c(NS(=O)(=O)NCc3ccccc3)ncnc2OCCOc4ncc(Br)cn4)c1,6.15
1384,CHEMBL2165329,COc1cccc(Oc2c(NS(=O)(=O)NCc3ccccc3)ncnc2OCCOc4ncc(Br)cn4)c1,6.34
1385,CHEMBL2165328,COc1ccccc1Oc2c(NS(=O)(=O)NCc3ccccc3)ncnc2OCCOc4ncc(Br)cn4,6.28
1386,CHEMBL2163728,COCCOc1nc(NS(=O)(=O)NCc2ccccc2)c(Oc3ccccc3OC)c(OCCOc4ncc(Br)cn4)n1,6.26
1387,CHEMBL2163727,COc1ccccc1Oc2c(NS(=O)(=O)NCc3ccccc3)nc(OC)nc2OCCOc4ncc(Br)cn4,5.6
1388,CHEMBL2163726,COc1ccccc1Oc2c(NS(=O)(=O)NCc3ccccc3)nc(nc2OCCOc4ncc(Br)cn4)C5CC5,5.97
1389,CHEMBL2163725,COc1ccccc1Oc2c(NS(=O)(=O)NCc3ccccc3)nc(nc2OCCOc4ncc(Br)cn4)N5CCOCC5,6.72
1390,CHEMBL2163724,COc1ccccc1Oc2c(NS(=O)(=O)NCc3ccccc3)nc(nc2OCCOc4ncc(Br)cn4)c5ccncc5,6.25
1391,CHEMBL2163723,COc1ccccc1Oc2c(NS(=O)(=O)NCc3ccccc3)nc(nc2OCCOc4ncc(Br)cn4)c5cnccn5,6.78
1392,CHEMBL2163722,COc1ccccc1Oc2c(NS(=O)(=O)N3CCOCC3)nc(nc2OCCOc4ncc(Br)cn4)c5ncccn5,5.83
1393,CHEMBL2163721,COc1ccccc1Oc2c(NS(=O)(=O)N(C)Cc3ccccc3)nc(nc2OCCOc4ncc(Br)cn4)c5ncccn5,6.34
1394,CHEMBL2163720,CCCCNS(=O)(=O)Nc1nc(nc(OCCOc2ncc(Br)cn2)c1Oc3ccccc3OC)c4ncccn4,6.78
1395,CHEMBL2163719,CCCNS(=O)(=O)Nc1nc(nc(OCCOc2ncc(Br)cn2)c1Oc3ccccc3OC)c4ncccn4,6.49
1396,CHEMBL2163718,CCNS(=O)(=O)Nc1nc(nc(OCCOc2ncc(Br)cn2)c1Oc3ccccc3OC)c4ncccn4,6.18
1397,CHEMBL2163717,CNS(=O)(=O)Nc1nc(nc(OCCOc2ncc(Br)cn2)c1Oc3ccccc3OC)c4ncccn4,6.71
1398,CHEMBL2163716,COc1ccccc1Oc2c(NS(=O)(=O)NCc3ccccc3)nc(nc2OCCOc4ncc(Br)cn4)c5ncccn5,6.83
1399,CHEMBL2163715,CCCCS(=O)(=O)Nc1nc(nc(OCCOc2ncc(Br)cn2)c1Oc3ccccc3OC)c4ncccn4,6.26
1400,CHEMBL2163714,CCCS(=O)(=O)Nc1nc(nc(OCCOc2ncc(Br)cn2)c1Oc3ccccc3OC)c4ncccn4,6.25
1401,CHEMBL2163713,CCS(=O)(=O)Nc1nc(nc(OCCOc2ncc(Br)cn2)c1Oc3ccccc3OC)c4ncccn4,6.34
1402,CHEMBL2163712,COc1ccccc1Oc2c(NS(=O)(=O)C)nc(nc2OCCOc3ncc(Br)cn3)c4ncccn4,5.94
1403,CHEMBL2163711,COc1ccccc1Oc2c(NS(=O)(=O)CCCc3ccccc3)nc(nc2OCCOc4ncc(Br)cn4)c5ncccn5,6.42
1404,CHEMBL2163710,COc1ccccc1Oc2c(NS(=O)(=O)Cc3ccccc3)nc(nc2OCCOc4ncc(Br)cn4)c5ncccn5,5.46
1405,CHEMBL2163709,COc1ccccc1Oc2c(NS(=O)(=O)c3ccccc3)nc(nc2OCCOc4ncc(Br)cn4)c5ncccn5,6.47
1408,CHEMBL2163706,COc1ccccc1Oc2c(NS(=O)(=O)CCc3ccccc3)nc(nc2OCCOc4ncc(cn4)C5CC5)c6ncccn6,6.37
1409,CHEMBL2163705,COc1ccccc1Oc2c(NS(=O)(=O)CCc3ccccc3)nc(nc2OCCOc4ncc(cn4)C(F)(F)F)c5ncccn5,6.84
1411,CHEMBL2163703,COc1cnc(OCCOc2nc(nc(NS(=O)(=O)CCc3ccccc3)c2Oc4ccccc4OC)c5ncccn5)nc1,6.7
1412,CHEMBL2163702,COc1ccccc1Oc2c(NS(=O)(=O)CCc3ccccc3)nc(nc2OCCOc4ncc(Br)cn4)c5ncccn5,6.67
1413,CHEMBL2163701,COc1ccccc1Oc2c(NS(=O)(=O)CCc3ccccc3)nc(nc2OCCOc4ncc(Cl)cn4)c5ncccn5,6.34
1414,CHEMBL2163700,COc1ccccc1Oc2c(NS(=O)(=O)CCc3ccccc3)nc(nc2OCCOc4ncc(C)cn4)c5ncccn5,5.82
1415,CHEMBL2163699,COc1ccccc1Oc2c(NS(=O)(=O)C)nc(nc2OCCOc3ncccn3)c4ncccn4,5.75
1416,CHEMBL2163698,COc1ccccc1Oc2c(NS(=O)(=O)CCc3ccccc3)nc(nc2OCCOc4ncccn4)c5ncccn5,6.33
1418,CHEMBL2163696,COc1ccccc1Oc2c(NS(=O)(=O)C)nc(nc2OCCO)c3ncccn3,5.02
1419,CHEMBL2163695,COc1ccccc1Oc2c(NS(=O)(=O)CCc3ccccc3)nc(nc2OCCO)c4ncccn4,5.95
1423,CHEMBL2261602,CCOC(=O)c1ccc2c(cn(C)c2c1)C(C(=O)NS(=O)(=O)c3ccc(C)cc3OC)c4ccc5OCOc5c4,6.62
1424,CHEMBL2261601,COCc1ccc2c(cn(C)c2c1)C(C(=O)NS(=O)(=O)c3ccc(C)cc3OC)c4ccc5OCOc5c4,5.94
1425,CHEMBL2261600,COc1cc(C)ccc1S(=O)(=O)NC(=O)C(c2ccc3OCOc3c2)c4cn(C)c5cc(ccc45)C#N,6.38
1426,CHEMBL2261599,COc1cc(C)ccc1S(=O)(=O)NC(=O)C(c2ccc3OCOc3c2)c4cn(C)c5cc(ccc45)C(=O)C,6.04
1427,CHEMBL2261364,COc1cc(C)ccc1S(=O)(=O)NC(=O)C(c2ccc3OCOc3c2)c4cn(C)c5cc(F)ccc45,6.66
1428,CHEMBL2261363,COc1cc(C)ccc1S(=O)(=O)NC(=O)C(c2ccc3OCOc3c2)c4cn(C)c5cc(Cl)ccc45,6.66
1430,CHEMBL2261361,COc1cc(C)ccc1S(=O)(=O)NC(=O)[C@@H](c2ccc3OCOc3c2)c4cn(C)c5cc(CO)ccc45,5.82
1432,CHEMBL2261360,COc1cc(C)ccc1S(=O)(=O)NC(=O)C(c2ccc3OCOc3c2)c4cn(C)c5cc(CO)ccc45,6.61
1433,CHEMBL2261359,COc1cc(C)ccc1S(=O)(=O)NC(=O)[C@@H](c2ccc3OCOc3c2)c4cn(C)c5cc(ccc45)C(=O)O,5.84
1435,CHEMBL2261358,COc1cc(C)ccc1S(=O)(=O)NC(=O)C(c2ccc3OCOc3c2)c4cn(C)c5cc(ccc45)C(=O)O,6.19
1437,CHEMBL2261357,Cn1cc(C(C(=O)NS(=O)(=O)c2ccc(CC(=O)O)cc2)c3ccc4OCOc4c3)c5ccc(cc15)C(=O)N,6.24
