,molecule_chembl_id,canonical_smiles,pchembl_value
0,CHEMBL3741045,CC(C)Nc1cc(COc2cccc(F)c2)nc(n1)c3ccccn3,7.0
1,CHEMBL3604043,CCOC(CC(=O)O)c1ccc(OCc2cccc(OCOC)c2)cc1,7.0
2,CHEMBL2048612,COc1cc(COc2ccc(CCC(=O)O)c(F)c2)cc(c1)c3c(C)cccc3C,7.0
3,CHEMBL3604038,CCOC(CC(=O)O)c1ccc(OCc2ccc(Cl)c(Cl)c2)cc1Cl,7.01
4,CHEMBL2385463,COc1ccc(F)c(c1)c2ccc(COc3ccc4CCC[C@]5(C[C@H]5C(=O)O)c4c3F)cc2[C@@H]6CCCC6(C)C,7.01
5,CHEMBL3753188,Cc1ccc(COc2ccc(cc2)[C@H](CC(=O)O)c3nccn3C)cc1c4ccc(Cl)cc4C,7.01
6,CHEMBL3798213,CCCOc1cc(COc2ccc(CCC(=O)O)c(F)c2)cc(c1)c3c(C)onc3C,7.02
7,CHEMBL2381299,CS(=O)(=O)CCCOc1ccc(c(Cl)c1)c2cccc(c2)[C@@H]3COc4cc5[C@H](CC(=O)O)COc5cc4O3,7.02
8,CHEMBL3780211,Cc1nc(sc1COc2ccc3C(CC(=O)O)COc3c2)c4ccc(cc4)C(F)(F)F,7.02
9,CHEMBL3264814,COc1cc(c(F)cn1)c2ccc(COc3cccc([C@@H](CC(=O)O)C4CC4)c3F)cc2[C@@H]5CCCC5(C)C,7.03
10,CHEMBL3353741,Cc1cc(OCCCS(=O)(=O)C)cc(C)c1c2cccc(COc3ccc(OCC(=O)O)c(Cl)c3)c2,7.03
11,CHEMBL2385462,COc1ccc(F)c(c1)c2ccc(COc3ccc4CCC[C@]5(C[C@H]5C(=O)O)c4c3)cc2[C@@H]6CCCC6(C)C,7.04
12,CHEMBL3798609,Cc1onc(C)c1c2cc(COc3ccc(CCC(=O)O)c(F)c3)cc(OCC4CC4)c2,7.04
13,CHEMBL3799443,CCCCOc1cc(COc2ccc(CCC(=O)O)c(F)c2)cc(c1)c3c(C)onc3C,7.05
14,CHEMBL3604042,CCOC(CC(=O)O)c1ccc(OCc2cccc(OC)c2)cc1,7.05
15,CHEMBL3264813,COc1ccc(F)c(c1)c2ccc(COc3cccc(c3)[C@@H](CC(=O)O)C4CC4)cc2CC(C)(C)C,7.06
16,CHEMBL2381315,Cc1ccc(C)c(c1)c2cccc(c2)C3COc4cc5[C@H](CC(=O)O)COc5cc4O3,7.06
17,CHEMBL3781162,Cc1nc(sc1COc2ccc3C(CC(=O)O)COc3c2)c4ccc(Cl)cc4,7.07
18,CHEMBL2386353,OC(=O)CCc1ccc(cc1F)C#Cc2ccccc2CC#N,7.07
19,CHEMBL3786972,CC(=C(C)C#Cc1ccc(CCC(=O)O)cc1)C,7.08
20,CHEMBL3427707,CCO[C@@H](CC(=O)O)c1ccc(OC2Cc3ccccc3C2)cc1,7.08
21,CHEMBL2047154,Cc1cc(OC2CCS(=O)(=O)CC2)cc(C)c1c3cccc(COc4ccc5C(CC(=O)O)COc5c4)c3,7.08
22,CHEMBL2381297,Cc1cc(OCCCS(=O)(=O)C)c(F)c(C)c1c2cccc(c2)[C@@H]3COc4cc5[C@H](CC(=O)O)COc5cc4O3,7.08
23,CHEMBL3787463,CC(=C)C#Cc1ccc(CCC(=O)O)c(F)c1,7.09
24,CHEMBL2385460,COc1ccc(F)c(c1)c2ccc(COc3ccc4CC[C@]5(C[C@H]5C(=O)O)c4c3)cc2[C@@H]6CCCC6(C)C,7.09
25,CHEMBL3288352,Cc1cccc(C)c1c2cccc(COc3ccc(CCC(=O)O)c(C)n3)c2,7.09
26,CHEMBL1829173,CC#C[C@@H](CC(=O)O)c1ccc(OCc2cccc(c2)c3ccc(cc3)C(F)(F)F)cc1,7.1
27,CHEMBL3797784,CC(C)Oc1cc(COc2ccc(CCC(=O)O)c(F)c2)cc(c1)c3c(C)onc3C,7.1
28,CHEMBL3740598,CC1(COc2cc(COc3ccc(F)c(F)c3F)nc(n2)c4ccccn4)COC1,7.1
29,CHEMBL3264816,COc1ccc(F)c(c1)c2ccc(COc3cccc(c3)[C@@H](CC(=O)O)C4CC4)cc2[C@@H]5CCCC5(C)C,7.12
30,CHEMBL3780334,Cc1ccc(cc1)c2nc(C)c(COc3ccc4C(CC(=O)O)COc4c3)s2,7.13
31,CHEMBL2381317,OC(=O)C[C@@H]1COc2cc3OC(COc3cc12)c4cccc(c4)c5ccc(F)cc5Cl,7.13
32,CHEMBL2381280,OC(=O)C[C@@H]1COc2cc3OC(COc3cc12)c4cccc(c4)c5ccccc5C(F)(F)F,7.13
33,CHEMBL3286409,Cc1nc(sc1COc2ccc(cc2)[C@H](CC(=O)O)c3nccn3C)c4ccc(cc4)C(F)(F)F,7.14
34,CHEMBL2381318,OC(=O)C[C@@H]1COc2cc3OC(COc3cc12)c4cccc(c4)c5ccccc5F,7.14
35,CHEMBL3288345,Cc1cccc(C)c1c2cccc(COc3ccc(CCC(=O)O)nc3)c2,7.15
36,CHEMBL3427706,CCO[C@@H](CC(=O)O)c1ccc(O[C@H]2CCc3ccccc23)cc1,7.16
37,CHEMBL3797383,CCOc1cc(COc2ccc(CCC(=O)O)c(F)c2)cc(c1)c3c(C)onc3C,7.16
38,CHEMBL604126,Cc1cc(Oc2ncc(cc2Cl)C(F)(F)F)ccc1CC3SC(=O)NC3=O,7.16
39,CHEMBL3287575,Cc1nc(sc1COc2ccc(cc2)[C@H](CC(=O)O)c3occn3)c4ccc(cc4)C(F)(F)F,7.16
40,CHEMBL3780232,Cc1nc(sc1COc2ccc3C(CC(=O)O)COc3c2)c4ccsc4,7.16
41,CHEMBL3752487,Cn1ccnc1[C@@H](CC(=O)O)c2ccc(OCc3cccc(c3)c4ccc(Cl)cc4Cl)cc2,7.16
42,CHEMBL2315528,OC(=O)CCc1ccc(cc1)C#Cc2ccccc2CC#N,7.16
43,CHEMBL3264815,COc1cc(c(F)cn1)c2ccc(COc3cccc(c3)[C@@H](CC(=O)O)C4CC4)cc2[C@@H]5CCCC5(C)C,7.17
44,CHEMBL2381296,Cc1cc(OCCCS(=O)(=O)C)cc(C)c1c2ccc(F)c(c2)[C@H]3COc4cc5[C@H](CC(=O)O)COc5cc4O3,7.17
45,CHEMBL449588,Cc1ccccc1C#Cc2ccc(CCC(=O)O)cc2,7.17
46,CHEMBL3628756,CCOc1cc(C)c(c(C)c1)c2cccc(COc3ccc(OCC(=O)O)c(F)c3)c2,7.18
47,CHEMBL2381311,OC(=O)C[C@@H]1COc2cc3OC(COc3cc12)c4cccc(c4)c5ccccc5,7.18
48,CHEMBL2381309,OC(=O)C[C@@H]1COc2cc3O[C@@H](COc3cc12)c4cccc(c4)c5ccccc5Cl,7.18
49,CHEMBL3288355,CC(Cc1ccc(OCc2cccc(c2)c3c(C)cccc3C)nc1)C(=O)O,7.19
50,CHEMBL3604053,CCOC(CC(=O)O)c1ccc(OCCc2ccc(Cl)c(Cl)c2)cc1,7.19
51,CHEMBL3288347,Cc1cccc(C)c1c2cccc(COc3ncc(CCC(=O)O)s3)c2,7.19
52,CHEMBL3287572,Cc1nc(sc1COc2ccc(cc2)[C@H](CC(=O)O)c3ncnn3C)c4ccc(cc4)C(F)(F)F,7.19
53,CHEMBL3780456,Cc1nc(sc1COc2ccc3C(CC(=O)O)COc3c2)c4cccc(F)c4,7.19
54,CHEMBL3604046,CCOC(CC(=O)O)c1ccc(OCc2cccc(c2)[N+](=O)[O-])cc1,7.2
55,CHEMBL3427710,CCO[C@@H](CC(=O)O)c1ccc(O[C@@H]2CCc3c(OCC)cccc23)cc1,7.2
56,CHEMBL3741735,Fc1ccc(OCc2cc(OCC3(F)COC3)nc(n2)c4ccccn4)c(F)c1F,7.2
57,CHEMBL2380322,OC(=O)C[C@@H]1COc2cc3OC(COc3cc12)c4cc(F)cc(c4)C(F)(F)F,7.2
58,CHEMBL3427708,CCO[C@@H](CC(=O)O)c1ccc(O[C@@H]2CCCc3ccccc23)cc1,7.21
59,CHEMBL3781733,CCOc1ccc(COc2ccc3C(CC(=O)O)COc3c2)cc1n4c(C)ccc4C,7.21
60,CHEMBL2381314,Cc1cc(C)c(c(C)c1)c2cccc(c2)C3COc4cc5[C@H](CC(=O)O)COc5cc4O3,7.21
61,CHEMBL3353742,Cc1cc(OCCCS(=O)(=O)C)cc(C)c1c2cccc(COc3ccc(OCC(=O)O)c(F)c3)c2,7.21
62,CHEMBL3754682,Cc1c(Cl)cccc1c2cccc(COc3ccc(cc3)[C@H](CC(=O)O)c4nccn4C)c2,7.22
63,CHEMBL3754659,Cc1cc(F)ccc1c2cccc(COc3ccc(cc3)[C@H](CC(=O)O)c4nccn4C)c2,7.23
64,CHEMBL2022244,Cc1cccc(C)c1c2cccc(COc3ccc4C(CC(=O)O)CCCc4c3)c2,7.23
65,CHEMBL1829174,Cc1cc(OCCCS(=O)(=O)C)cc(C)c1c2cccc(COc3ccc4[C@H](CC(=O)O)COc4c3)c2,7.24
66,CHEMBL2022257,Cc1ccc(c(C)c1)c2cccc(COc3ccc4C(CC(=O)O)COc4c3)c2,7.24
67,CHEMBL2048610,Cc1cccc(C)c1c2cccc(COc3ccc(CCC(=O)O)cc3)c2C,7.24
68,CHEMBL3752601,Cc1cccc(C)c1c2cccc(COc3ccc(cc3)[C@H](CC(=O)O)c4nccn4C)c2,7.24
69,CHEMBL3287576,Cc1nc(sc1COc2ccc(cc2)[C@H](CC(=O)O)c3ocnc3)c4ccc(cc4)C(F)(F)F,7.24
70,CHEMBL3600993,Cc1oc(nc1COc2ccc(CCC(=O)O)cc2)c3ccccc3,7.24
71,CHEMBL2381302,CS(=O)(=O)CCCOc1ccc(c(Cl)c1)c2ccc(F)c(c2)C3COc4cc5[C@H](CC(=O)O)COc5cc4O3,7.25
72,CHEMBL2381293,Cc1cc(OCCCS(=O)(=O)C)cc(C)c1c2cccc(c2)[C@@H]3COc4cc5[C@H](CC(=O)O)COc5cc4O3,7.25
73,CHEMBL2381310,OC(=O)C[C@@H]1COc2cc3O[C@H](COc3cc12)c4cccc(c4)c5ccccc5Cl,7.25
74,CHEMBL2381281,OC(=O)C[C@@H]1COc2cc3OC(COc3cc12)c4cccc(Br)c4,7.26
75,CHEMBL3604045,CCOC(CC(=O)O)c1ccc(OCc2cccc(c2)C#N)cc1,7.28
76,CHEMBL3798881,COc1cc(COc2ccc(CCC(=O)O)c(F)c2)cc(c1)c3c(C)onc3C,7.28
77,CHEMBL3288346,Cc1cccc(C)c1c2cccc(COc3ccc(CCC(=O)O)s3)c2,7.28
78,CHEMBL2381305,Cc1cccc(C)c1c2cccc(c2)[C@@H]3COc4cc5[C@H](CC(=O)O)COc5cc4O3,7.28
79,CHEMBL3628755,COc1cc(C)c(c(C)c1)c2cccc(COc3ccc(OCC(=O)O)c(F)c3)c2,7.3
80,CHEMBL1777855,CC#CC(CC(=O)O)c1ccc(Oc2ccc(cc2OC(F)F)C(F)(F)F)cc1F,7.31
81,CHEMBL3604054,CCOC(CC(=O)O)c1ccc(Oc2ccc(Cl)c(Cl)c2)cc1,7.31
82,CHEMBL3288360,Cc1cccc(C)c1c2cccc(COc3cc4COC(CC(=O)O)c4cn3)c2,7.31
83,CHEMBL3781477,Cc1nc(sc1COc2ccc3C(CC(=O)O)COc3c2)c4ccc(F)cc4,7.31
84,CHEMBL3752807,CCc1ccccc1c2cccc(COc3ccc(cc3)[C@H](CC(=O)O)c4nccn4C)c2,7.32
85,CHEMBL3787072,C\C=C/C#Cc1ccc(CCC(=O)O)c(F)c1,7.32
86,CHEMBL2048613,COc1ccc(COc2ccc(CCC(=O)O)cc2)cc1c3c(C)cccc3C,7.33
87,CHEMBL2381295,Cc1cc(OCCCS(=O)(=O)C)cc(C)c1c2ccc(F)c(c2)[C@@H]3COc4cc5[C@H](CC(=O)O)COc5cc4O3,7.33
88,CHEMBL3781077,Cc1ccc(C)n1c2cccc(COc3ccc4C(CC(=O)O)COc4c3)c2,7.33
89,CHEMBL1688486,Cc1cccc(C)c1c2cccc(COc3ccc(CCC(=O)O)cc3)c2,7.34
90,CHEMBL3629049,Cc1cc(OCCCS(=O)(=O)C)ccc1c2cccc(COc3ccc(OCC(=O)O)c(F)c3)c2,7.36
91,CHEMBL3753265,Cc1ccccc1c2cccc(COc3ccc(cc3)[C@H](CC(=O)O)c4nccn4C)c2,7.37
92,CHEMBL2022584,Cl.CCOCCOc1cc(C)c(c(C)c1)c2cccc(CNc3ccc4C(CC(=O)O)COc4c3)c2,7.37
93,CHEMBL3752274,Cn1ccnc1[C@@H](CC(=O)O)c2ccc(OCc3cccc(c3)c4ccccc4Cl)cc2,7.37
94,CHEMBL1777870,CC#CC(CC(=O)O)c1ccc(O[C@@H]2CCc3ccccc23)cc1,7.38
95,CHEMBL2047159,O.Cc1cc(OCCCS(=O)(=O)C)cc(C)c1c2cccc(COc3ccc4[C@H](CC(=O)O)COc4c3)c2,7.38
96,CHEMBL2022252,Cc1ccc2ccccc2c1c3cccc(COc4ccc5C(CC(=O)O)COc5c4)c3,7.39
97,CHEMBL3287573,Cc1nc(sc1COc2ccc(cc2)[C@H](CC(=O)O)c3nnnn3C)c4ccc(cc4)C(F)(F)F,7.39
98,CHEMBL1777860,CC#CC(CC(=O)O)c1ccc(Oc2ccc(cc2C)C(F)(F)F)cc1,7.4
99,CHEMBL2047165,Cc1c(C)c(c(C)c(C)c1OC2CCS(=O)(=O)CC2)c3cccc(COc4ccc5[C@H](CC(=O)O)COc5c4)c3,7.4
100,CHEMBL2381313,Cc1ccc(c(C)c1)c2cccc(c2)C3COc4cc5[C@H](CC(=O)O)COc5cc4O3,7.41
101,CHEMBL2381307,Cc1ccccc1c2cccc(c2)[C@@H]3COc4cc5[C@H](CC(=O)O)COc5cc4O3,7.41
102,CHEMBL3799341,Cc1onc(C)c1c2cc(Cl)cc(COc3ccc(CCC(=O)O)c(F)c3)c2,7.41
103,CHEMBL2022247,Cc1cccc(C)c1c2cccc(COc3ccc4C(CC(=O)O)COc4c3)c2,7.42
104,CHEMBL2047158,CCS(=O)(=O)CCOc1cc(C)c(c(C)c1)c2cccc(COc3ccc4[C@H](CC(=O)O)COc4c3)c2,7.43
105,CHEMBL3785764,C\C=C(/C)\C#Cc1ccc(CCC(=O)O)c(F)c1,7.43
106,CHEMBL3330547,Cc1ccccc1Oc2ccc(cc2)N3N=C(CC3CC(=O)O)C#N,7.43
107,CHEMBL1777863,CC#CC(CC(=O)O)c1ccc(Oc2ccc(cc2Br)C#N)cc1,7.44
108,CHEMBL3287568,CC#C[C@@H](CC(=O)O)c1ccc(OCc2cccc(c2)c3ccc(Cl)cc3C)cc1,7.44
109,CHEMBL3604068,CCO[C@@H](CC(=O)O)c1ccc(O[C@@H]2COc3c2cccc3C(F)(F)F)nc1,7.44
110,CHEMBL2022258,Cc1cc(C)c(c(C)c1)c2cccc(COc3ccc4C(CC(=O)O)COc4c3)c2,7.44
111,CHEMBL2047155,Cc1cc(OC2CCS(=O)(=O)CC2)cc(C)c1c3cccc(COc4ccc5[C@H](CC(=O)O)COc5c4)c3,7.44
112,CHEMBL3753533,Cc1ccc(F)cc1c2cccc(COc3ccc(cc3)[C@H](CC(=O)O)c4nccn4C)c2,7.44
113,CHEMBL3287574,Cc1nc(sc1COc2ccc(cc2)[C@H](CC(=O)O)c3ccon3)c4ccc(cc4)C(F)(F)F,7.44
114,CHEMBL2381291,OC(=O)C[C@@H]1COc2cc3OC(COc3cc12)c4cccc(c4)C5CC5,7.44
115,CHEMBL2381312,Cc1cc(F)ccc1c2cccc(c2)C3COc4cc5[C@H](CC(=O)O)COc5cc4O3,7.45
116,CHEMBL3604049,CCOC(CC(=O)O)c1ccc(OCC2CCCCC2)cc1,7.46
117,CHEMBL3288363,CCOC(CC(=O)O)c1ccc(OCc2cccc(C)c2)cc1,7.46
118,CHEMBL3780042,COc1ccc(COc2ccc3C(CC(=O)O)COc3c2)cc1n4c(C)ccc4C,7.46
119,CHEMBL2381285,OC(=O)C[C@@H]1COc2cc3O[C@@H](COc3cc12)c4cccc(Cl)c4,7.47
120,CHEMBL2047166,Cc1c(C)c(c(C)c(C)c1OCCCS(=O)(=O)C)c2cccc(COc3ccc4[C@H](CC(=O)O)COc4c3)c2,7.48
121,CHEMBL3287569,Cc1cc(Cl)ccc1c2cccc(COc3ccc(cc3)[C@H](CC(=O)O)c4nccn4C)c2,7.48
122,CHEMBL3287570,Cc1cc(Cl)ccc1c2cccc(COc3ccc(cc3)[C@H](CC(=O)O)c4ncnn4C)c2,7.48
123,CHEMBL3799639,Cc1onc(C)c1c2cc(F)cc(COc3ccc(CCC(=O)O)c(F)c3)c2,7.48
124,CHEMBL2022577,CCOCCOc1cc(C)c(c(C)c1)c2cccc(COc3ccc4C(CC(=O)O)COc4c3)c2,7.5
125,CHEMBL1688473,Cc1cccc(C)c1c2cccc(COc3ccc(CCC(=O)O)c(F)c3)c2,7.5
126,CHEMBL3427705,CCO[C@@H](CC(=O)O)c1ccc(O[C@@H]2CCc3ccccc23)cc1,7.51
127,CHEMBL2047167,Cc1cc(OC2CCS(=O)(=O)CC2)c(F)c(C)c1c3cccc(COc4ccc5[C@H](CC(=O)O)COc5c4)c3,7.51
128,CHEMBL2047160,Cc1cc(OCCCN2CCCC2=O)cc(C)c1c3cccc(COc4ccc5[C@H](CC(=O)O)COc5c4)c3,7.51
129,CHEMBL1777866,CC#CC(CC(=O)O)c1ccc(Oc2ncc(cc2Cl)C(F)(F)F)cc1,7.52
130,CHEMBL3604040,CCOC(CC(=O)O)c1ccc(OCc2cccc(F)c2)cc1,7.52
131,CHEMBL2381306,Cc1cccc(C)c1c2cccc(c2)[C@H]3COc4cc5[C@H](CC(=O)O)COc5cc4O3,7.52
132,CHEMBL2381290,OC(=O)C[C@@H]1COc2cc3O[C@H](COc3cc12)c4cccc(c4)C(F)(F)F,7.52
133,CHEMBL3427709,CCO[C@@H](CC(=O)O)c1ccc(O[C@@H]2CCc3c(C)cccc23)cc1,7.54
134,CHEMBL207881,OC(=O)CCc1ccc(NCc2cccc(Oc3ccccc3)c2)cc1,7.55
135,CHEMBL3604033,CCOC(CC(=O)O)c1ccc(NCc2ccc(Cl)c(Cl)c2)cc1,7.57
136,CHEMBL3798274,Cc1onc(C)c1c2cccc(COc3ccc(CCC(=O)O)c(F)c3)c2F,7.59
137,CHEMBL1939654,CC#CC(CC(=O)O)c1ccc(OCc2cccc(c2)c3ccc(cc3)C(F)(F)F)cc1,7.6
138,CHEMBL3742135,CC1(C)CN(C1)c2cc(COc3ccc(F)c(F)c3F)nc(n2)c4ccccn4,7.6
139,CHEMBL2048614,COc1cc(C)c(c(C)c1)c2cccc(COc3ccc(CCC(=O)O)cc3)c2,7.6
140,CHEMBL2047152,Cc1cc(OCC2(C)COC2)cc(C)c1c3cccc(COc4ccc5[C@H](CC(=O)O)COc5c4)c3,7.6
141,CHEMBL3800232,Cc1onc(C)c1c2cc(COc3ccc(CCC(=O)O)c(F)c3)ccc2F,7.6
142,CHEMBL3798341,COc1ccc(cc1COc2ccc(CCC(=O)O)c(F)c2)c3c(C)onc3C,7.61
143,CHEMBL3799946,Cc1onc(C)c1c2cccc(COc3ccc(CCC(=O)O)c(F)c3)c2,7.61
144,CHEMBL2047157,Cc1cc(OCC2(O)CCS(=O)(=O)CC2)cc(C)c1c3cccc(COc4ccc5[C@H](CC(=O)O)COc5c4)c3,7.62
145,CHEMBL1777872,CC#CC(CC(=O)O)c1ccc(OC2CCCc3nc(sc23)c4ccc(C)cc4)cc1,7.64
146,CHEMBL1777862,CC#CC(CC(=O)O)c1ccc(Oc2ccc(cc2Cl)C#N)cc1,7.64
147,CHEMBL3604044,CCOC(CC(=O)O)c1ccc(OCc2cccc(Oc3ccccc3)c2)cc1,7.64
148,CHEMBL2048617,CCOCCOc1cc(C)c(c(C)c1)c2cccc(COc3ccc(CCC(=O)O)cc3)c2,7.64
149,CHEMBL2047149,CCOCCOc1cc(C)c(c(C)c1)c2cccc(COc3ccc4[C@H](CC(=O)O)COc4c3)c2,7.64
150,CHEMBL3798575,COc1ccc(COc2ccc(CCC(=O)O)c(F)c2)cc1c3c(C)onc3C,7.64
151,CHEMBL3265148,COc1cc(c(F)cn1)c2ccc(COc3cc4c(CC[C@]45C[C@H]5C(=O)O)cn3)cc2[C@@H]6CCCC6(C)C,7.66
152,CHEMBL3604066,CCO[C@@H](CC(=O)O)c1ccc(O[C@@H]2COc3c2cccc3C(F)(F)F)cc1,7.68
153,CHEMBL2047151,Cc1cc(OCC2(C)COC2)cc(C)c1c3cccc(COc4ccc5C(CC(=O)O)COc5c4)c3,7.68
154,CHEMBL2048621,Cc1cc(OCCCN2CCCC2=O)cc(C)c1c3cccc(COc4ccc(CCC(=O)O)c(F)c4)c3,7.68
155,CHEMBL3785637,C\C=C(\C)/C#Cc1ccc(CCC(=O)O)c(F)c1,7.69
156,CHEMBL3330549,CCC1C(CC(=O)O)N(N=C1C(F)(F)F)c2ccc(Cc3ccc(cc3C)c4cc(OC)ccc4F)cc2,7.7
157,CHEMBL3288362,CCOC(CC(=O)O)c1ccc(OCc2ccccc2C)cc1,7.7
158,CHEMBL3604067,CCO[C@@H](CC(=O)O)c1ccc(O[C@@H]2CCc3c2cccc3C(F)(F)F)nc1,7.7
159,CHEMBL2048625,CCS(=O)(=O)CCOc1cc(C)c(c(C)c1)c2cccc(CNc3ccc(CCC(=O)O)c(F)c3)c2,7.7
160,CHEMBL2048619,Cc1cc(OC2CCOCC2)cc(C)c1c3cccc(COc4ccc(CCC(=O)O)c(F)c4)c3,7.7
161,CHEMBL1777876,CC#CC(C1OC(=O)NC1=O)c2ccc(Oc3ccc(cc3OC(F)F)C(F)(F)F)cc2,7.72
162,CHEMBL3604041,CCOC(CC(=O)O)c1ccc(OCc2cccc(Cl)c2)cc1,7.72
163,CHEMBL3427713,CCO[C@@H](CC(=O)O)c1ccc(O[C@H]2CCc3c2cccc3C(F)(F)F)cc1,7.72
164,CHEMBL3265146,COc1cc(c(F)cn1)c2ccc(COc3cc(ccn3)[C@H](C)CC(=O)O)cc2[C@@H]4CCCC4(C)C,7.72
165,CHEMBL2048627,Cc1cc(OCC2(O)CCS(=O)(=O)CC2)cc(C)c1c3cccc(CNc4ccc(CCC(=O)O)c(F)c4)c3,7.72
166,CHEMBL2048624,Cc1cc(OCC2(O)CCS(=O)(=O)CC2)cc(C)c1c3cccc(COc4ccc(CCC(=O)O)c(F)c4)c3,7.72
167,CHEMBL2047169,Cc1cc(OCCCS(=O)(=O)C)c(Cl)c(C)c1c2cccc(COc3ccc4[C@H](CC(=O)O)COc4c3)c2,7.72
168,CHEMBL2381308,Cc1ccccc1c2cccc(c2)[C@H]3COc4cc5[C@H](CC(=O)O)COc5cc4O3,7.72
169,CHEMBL2048626,Cc1cc(OC2CCS(=O)(=O)CC2)cc(C)c1c3cccc(CNc4ccc(CCC(=O)O)c(F)c4)c3,7.75
170,CHEMBL2047168,Cc1cc(OCCCS(=O)(=O)C)c(F)c(C)c1c2cccc(COc3ccc4[C@H](CC(=O)O)COc4c3)c2,7.75
171,CHEMBL2022576,Cc1cc(OCc2ccccc2)cc(C)c1c3cccc(COc4ccc5C(CC(=O)O)COc5c4)c3,7.75
172,CHEMBL3288357,Cc1cccc(C)c1c2cccc(COc3ccc(cn3)C(F)CC(=O)O)c2,7.75
173,CHEMBL2048628,Cl.CCOCCOc1cc(C)c(c(C)c1)c2cccc(CNc3ccc(CCC(=O)O)c(F)c3)c2,7.75
174,CHEMBL2048623,Cc1cc(OC2CCS(=O)(=O)CC2)cc(C)c1c3cccc(COc4ccc(CCC(=O)O)c(F)c4)c3,7.8
175,CHEMBL2048615,Cc1cc(OCC2CC2)cc(C)c1c3cccc(COc4ccc(CCC(=O)O)cc4)c3,7.8
176,CHEMBL3799274,Cc1onc(C)c1c2cc(COc3ccc(CCC(=O)O)c(F)c3)ccc2Cl,7.8
177,CHEMBL2381287,OC(=O)C[C@@H]1COc2cc3O[C@@H](COc3cc12)c4ccc(Cl)c(Cl)c4,7.8
178,CHEMBL2048622,CCS(=O)(=O)CCOc1cc(C)c(c(C)c1)c2cccc(COc3ccc(CCC(=O)O)c(F)c3)c2,7.82
179,CHEMBL2047163,Cc1cc(OCc2cccc3nccn23)cc(C)c1c4cccc(COc5ccc6[C@H](CC(=O)O)COc6c5)c4,7.82
180,CHEMBL2048616,Cc1cc(OCc2ccccc2)cc(C)c1c3cccc(COc4ccc(CCC(=O)O)cc4)c3,7.82
181,CHEMBL3288359,CCOC(CC(=O)O)c1ccc(OCc2cccc(c2)c3c(C)cccc3C)nc1,7.85
182,CHEMBL2164242,Cc1cc(OCCCS(=O)(=O)C)ccc1c2cccc(CNc3ccc(CCC(=O)O)c(F)c3)c2,7.85
183,CHEMBL2381282,OC(=O)C[C@@H]1COc2cc3O[C@@H](COc3cc12)c4cccc(Br)c4,7.87
184,CHEMBL1777864,CC#CC(CC(=O)O)c1ccc(Oc2ccc(C#N)c3ccccc23)cc1,7.89
185,CHEMBL3604052,CCOC(CC(=O)O)c1ccc(OCc2ccc(F)c3ccccc23)cc1,7.89
186,CHEMBL3604057,CCO[C@@H](CC(=O)O)c1ccc(OCc2ccc(cc2F)C(F)(F)F)cc1,7.89
187,CHEMBL3604063,CCO[C@@H](CC(=O)O)c1ccc(O[C@@H]2CCc3c(cccc23)C4CC4)cc1,7.89
188,CHEMBL3603843,CCO[C@@H](CC(=O)O)c1ccc(O[C@@H]2CCc3cc(ccc23)C(F)(F)F)cc1,7.89
189,CHEMBL2152070,COc1ccc(F)c(c1)c2ccc(COc3cccc(c3)[C@@H](CC(=O)O)C4CC4)cc2C5=CCCC5(C)C,7.89
190,CHEMBL3740072,Fc1ccc(OCc2cc(OCC3CCC3)nc(n2)c4ccccn4)c(F)c1F,7.9
191,CHEMBL1777861,CC#CC(CC(=O)O)c1ccc(Oc2ccc(cc2OC(F)F)C(F)(F)F)cc1,7.92
192,CHEMBL3604037,CCOC(CC(=O)O)c1ccc(OCc2ccc(Cl)c(Cl)c2)cc1F,7.92
193,CHEMBL3604047,CCOC(CC(=O)O)c1ccc(OCc2ccc(Cl)cc2)cc1,7.92
194,CHEMBL2048618,CCOCCOc1cc(C)c(c(C)c1)c2cccc(COc3ccc(CCC(=O)O)c(F)c3)c2,7.92
195,CHEMBL3604061,CCO[C@@H](CC(=O)O)c1ccc(O[C@@H]2CCc3c(CC)cccc23)cc1,7.92
196,CHEMBL3604062,CCO[C@@H](CC(=O)O)c1ccc(O[C@@H]2CCc3c(cccc23)C(C)C)cc1,7.92
197,CHEMBL2047170,Cc1c(Cl)c(OCCCS(=O)(=O)C)c(Cl)c(C)c1c2cccc(COc3ccc4[C@H](CC(=O)O)COc4c3)c2,7.92
198,CHEMBL3800362,Cc1cc(COc2ccc(CCC(=O)O)c(F)c2)cc(c1)c3c(C)onc3C,7.92
199,CHEMBL3287571,Cc1cc(Cl)ccc1c2cccc(COc3ccc(cc3)[C@H](CC(=O)O)c4nnnn4C)c2,7.92
200,CHEMBL2047162,Cc1nc(C)c(COc2cc(C)c(c(C)c2)c3cccc(COc4ccc5[C@H](CC(=O)O)COc5c4)c3)s1,7.92
201,CHEMBL2048620,Cl.Cc1cccc(Oc2cc(C)c(c(C)c2)c3cccc(COc4ccc(CCC(=O)O)c(F)c4)c3)n1,7.92
202,CHEMBL1773261,Cc1ccccc1c2cccc(CNc3ccc(CCC(=O)O)cc3)c2,7.95
203,CHEMBL2381289,OC(=O)C[C@@H]1COc2cc3O[C@@H](COc3cc12)c4cccc(c4)C(F)(F)F,7.95
204,CHEMBL2047164,CCc1cc(OCCCS(=O)(=O)C)cc(CC)c1c2cccc(COc3ccc4[C@H](CC(=O)O)COc4c3)c2,7.96
205,CHEMBL3798044,Cc1onc(C)c1c2ccc(F)c(COc3ccc(CCC(=O)O)c(F)c3)c2,7.96
206,CHEMBL3288358,CC(CC(=O)O)c1ccc(OCc2cccc(c2)c3c(C)cccc3C)nc1,8.0
207,CHEMBL3604065,CCO[C@@H](CC(=O)O)c1ccc(O[C@@H]2CCc3c(OC(F)(F)F)cccc23)cc1,8.0
208,CHEMBL3288351,Cc1cccc(C)c1c2cccc(COc3cc(C)c(CCC(=O)O)cn3)c2,8.03
209,CHEMBL3799898,Cc1onc(C)c1c2ccc(Cl)c(COc3ccc(CCC(=O)O)c(F)c3)c2,8.03
210,CHEMBL2047161,Cl.CN1CCC(CC1)Oc2cc(C)c(c(C)c2)c3cccc(COc4ccc5[C@H](CC(=O)O)COc5c4)c3,8.06
211,CHEMBL3288354,Cc1cccc(C)c1c2cccc(COc3ccc(CC(F)C(=O)O)cn3)c2,8.07
212,CHEMBL3741349,Fc1ccc(OCc2cc(OCC(F)(F)F)nc(n2)c3ccccn3)c(F)c1F,8.1
213,CHEMBL3604058,CCO[C@@H](CC(=O)O)c1ccc(OCc2ccc(c(F)c2)C(F)(F)F)cc1,8.13
214,CHEMBL3817889,Cc1cc(OCCOCCNc2ccc(c3nonc23)[N+](=O)[O-])ccc1c4cccc(COc5ccc(CCC(=O)O)c(F)c5)c4,8.13
215,CHEMBL3604048,CCOC(CC(=O)O)c1ccc(OCc2ccc(cc2)C(F)(F)F)cc1,8.14
216,CHEMBL2022256,Cc1cccc(C)c1c2cc(COc3ccc4C(CC(=O)O)COc4c3)ccc2OCc5ccccc5,8.16
217,CHEMBL3265150,CO[C@@H](c1cc(COc2ccc3CC[C@](C)(CC(=O)O)c3c2)ccc1c4cc(OC)ncc4F)C(C)(C)C,8.17
218,CHEMBL3427702,CCOC(CC(=O)O)c1ccc(OCc2ccc(Cl)c(Cl)c2)cc1,8.21
219,CHEMBL3265145,CC[C@H](CC(=O)O)c1ccnc(OCc2ccc(c(c2)[C@@H]3CCCC3(C)C)c4cc(OC)ncc4F)c1,8.22
220,CHEMBL3330550,COc1ccc(F)c(c1)c2ccc(Cc3ccc(cc3)N4N=C(C(C)C4CC(=O)O)c5ccccc5)c(C)c2,8.22
221,CHEMBL3425533,CCO[C@@H](CC(=O)O)c1ccc(OCc2ccc(cc2)C(F)(F)F)cc1,8.28
222,CHEMBL3427711,CCO[C@@H](CC(=O)O)c1ccc(O[C@@H]2CCc3c(Cl)cccc23)cc1,8.3
223,CHEMBL3427703,CCO[C@@H](CC(=O)O)c1ccc(OCc2ccc(Cl)c(Cl)c2)cc1,8.41
224,CHEMBL3288348,Cc1cccc(C)c1c2cccc(COc3cnc(CCC(=O)O)cn3)c2,8.42
225,CHEMBL3427712,CCO[C@@H](CC(=O)O)c1ccc(O[C@@H]2CCc3c2cccc3C(F)(F)F)cc1,8.43
226,CHEMBL3288344,Cc1cccc(C)c1c2cccc(COc3ccc(CCC(=O)O)cn3)c2,8.46
227,CHEMBL3265147,COc1cc(c(F)cn1)c2ccc(COc3ccc4CC[C@](C)(CC(=O)O)c4c3)cc2[C@@H]5CCCC5(C)C,8.47
228,CHEMBL3265144,COc1cc(c(F)cn1)c2ccc(COc3cc(ccn3)[C@@H](CC(=O)O)C4CC4)cc2[C@@H]5CCCC5(C)C,8.77
229,CHEMBL3265149,CO[C@@H](c1cc(COc2cc(ccn2)[C@@H](CC(=O)O)C3CC3)ccc1c4cc(OC)ncc4F)C(C)(C)C,9.22
2,CHEMBL203297,ONC(=O)[C@H]1C[C@@H]1c2ccc(NCc3cccc(Oc4ccccc4)c3)cc2,7.83
3,CHEMBL203126,CC(C)NC(=O)[C@H]1C[C@@H]1c2ccc(NCc3cccc(Oc4ccccc4)c3)cc2,7.9
4,CHEMBL382341,O=C(CCc1ccc(NCc2cccc(Oc3ccccc3)c2)cc1)N4CCCC4,6.94
5,CHEMBL206779,CN(C)C(=O)CCc1ccc(NCc2cccc(Oc3ccccc3)c2)cc1,6.76
6,CHEMBL204671,CC(C)NC(=O)CCc1ccc(NCc2cccc(Oc3ccccc3)c2)cc1,7.4
7,CHEMBL208175,CNC(=O)CCc1ccc(NCc2cccc(Oc3ccccc3)c2)cc1,7.31
8,CHEMBL203334,NC(=O)CCc1ccc(NCc2cccc(Oc3ccccc3)c2)cc1,7.29
9,CHEMBL207753,OC(=O)[C@H]1C[C@@H]1c2ccc(NCc3cccc(Oc4ccccc4)c3)cc2,7.91
10,CHEMBL204455,OC(=O)[C@@H]1C[C@H]1c2ccc(NCc3cccc(Oc4ccccc4)c3)cc2,6.25
11,CHEMBL380719,CC(CC(=O)O)c1ccc(NCc2cccc(Oc3ccccc3)c2)cc1,6.9
12,CHEMBL203520,CC(Cc1ccc(NCc2cccc(Oc3ccccc3)c2)cc1)C(=O)O,7.0
14,CHEMBL206572,OC(=O)CSc1ccc(NCc2cccc(Oc3ccccc3)c2)cc1,6.49
16,CHEMBL206880,OC(=O)COc1ccc(NCc2cccc(Oc3ccccc3)c2)cc1,5.69
17,CHEMBL205960,OC(=O)\C=C\c1ccc(NCc2cccc(Oc3ccccc3)c2)cc1,6.84
18,CHEMBL205090,OC(=O)CCCc1ccc(NCc2cccc(Oc3ccccc3)c2)cc1,5.95
39,CHEMBL204630,Cc1nc(sc1CNc2ccc(CCC(=O)O)cc2)c3ccc(cc3)C(F)(F)F,7.17
41,CHEMBL382915,Cc1nc(sc1CNc2ccc(cc2)[C@H]3C[C@@H]3C(=O)NO)c4ccc(cc4)C(F)(F)F,8.16
42,CHEMBL382884,Cc1nc(sc1CNc2ccc(cc2)[C@H]3C[C@@H]3C(=O)NC4CCNC4)c5ccc(cc5)C(F)(F)F,6.69
43,CHEMBL208783,C[C@@H](NC(=O)[C@H]1C[C@@H]1c2ccc(NCc3sc(nc3C)c4ccc(cc4)C(F)(F)F)cc2)c5ccccc5,7.27
44,CHEMBL205433,Cc1nc(sc1CNc2ccc(cc2)[C@H]3C[C@@H]3C(=O)NC4CCC4)c5ccc(cc5)C(F)(F)F,8.04
45,CHEMBL380884,CC(C)NC(=O)[C@H]1C[C@@H]1c2ccc(NCc3sc(nc3C)c4ccc(cc4)C(F)(F)F)cc2,7.96
46,CHEMBL202835,CN(C)C(=O)[C@H]1C[C@@H]1c2ccc(NCc3sc(nc3C)c4ccc(cc4)C(F)(F)F)cc2,7.18
48,CHEMBL382831,Cc1nc(sc1CNc2ccc(cc2)[C@H]3C[C@@H]3C(=O)N)c4ccc(cc4)C(F)(F)F,8.35
49,CHEMBL205263,CC(C)NC(=O)CCc1ccc(NCc2sc(nc2C)c3ccc(cc3)C(F)(F)F)cc1,7.0
50,CHEMBL381958,Cc1nc(sc1CNc2ccc(CCC(=O)N)cc2)c3ccc(cc3)C(F)(F)F,7.89
51,CHEMBL206942,Cc1nc(sc1CNc2ccc(cc2)[C@@H]3C[C@@H]3C(=O)O)c4ccc(cc4)C(F)(F)F,6.52
52,CHEMBL382381,Cc1nc(sc1CNc2ccc(cc2)[C@H]3C[C@@H]3C(=O)O)c4ccc(cc4)C(F)(F)F,8.31
53,CHEMBL378275,CC(CC(=O)O)c1ccc(NCc2sc(nc2C)c3ccc(cc3)C(F)(F)F)cc1,7.23
54,CHEMBL380504,CC(Cc1ccc(NCc2sc(nc2C)c3ccc(cc3)C(F)(F)F)cc1)C(=O)O,6.45
56,CHEMBL206881,Cc1nc(sc1CNc2ccc(OCC(=O)O)cc2)c3ccc(cc3)C(F)(F)F,6.54
57,CHEMBL205434,Cc1nc(sc1CNc2ccc(\C=C\C(=O)O)cc2)c3ccc(cc3)C(F)(F)F,7.44
141,CHEMBL233835,OC(=O)CCc1ccc(NCc2ccc(Cl)cc2)cc1,6.0
142,CHEMBL234057,OC(=O)CCc1ccc(NCc2ccc(Oc3ccccc3)cc2)cc1,6.71
146,CHEMBL393661,COc1ccc(CNc2ccc(CCC(=O)O)cc2)cc1,5.9
153,CHEMBL234834,OC(=O)CCc1ccc(NCc2ccccc2)cc1,5.1
154,CHEMBL397613,OC(=O)CCc1ccc(NCc2cc(cnc2Cl)C(F)(F)F)cc1,5.3
155,CHEMBL414895,OC(=O)CCc1ccc(NCc2cccc(F)c2)cc1,5.3
156,CHEMBL234470,Cc1ccc(CNc2ccc(CCC(=O)O)cc2)cc1,5.4
157,CHEMBL234469,OC(=O)CCc1ccc(NCc2ccccc2Cl)cc1,5.4
158,CHEMBL234468,OC(=O)CCc1ccc(NCc2ccc(cc2)C(F)(F)F)cc1,5.7
159,CHEMBL394900,OC(=O)CCc1ccc(NCc2ccc(Cl)s2)cc1,5.7
160,CHEMBL394666,OC(=O)CCc1ccc(NCc2cccc(Br)c2)cc1,6.1
161,CHEMBL234467,OC(=O)CCc1ccc(NCc2ccc3ccccc3c2)cc1,6.1
162,CHEMBL233402,OC(=O)CCc1ccc(NCc2ccc(Cl)c(Cl)c2)cc1,6.6
163,CHEMBL233223,OC(=O)Cc1ccc(NCc2ccc(cc2)c3ccccc3)cc1,4.91
165,CHEMBL397776,OC(=O)CCCc1ccc(NCc2ccc(cc2)c3ccccc3)cc1,5.8
166,CHEMBL232192,OC(=O)CCc1cccc(NCc2ccc(cc2)c3ccccc3)c1,6.3
167,CHEMBL234450,OC(=O)C1CC1c2ccc(NCc3ccc(cc3)c4ccccc4)cc2,7.4
168,CHEMBL234269,OC(=O)CCc1ccc(NCc2ccc(cc2)c3ccccc3)cc1,6.6
170,CHEMBL234268,CC(C(=O)O)c1ccc(NCc2cccc(Oc3ccccc3)c2)cc1,4.78
172,CHEMBL234267,OC(=O)CCc1cccc(NCc2cccc(Oc3ccccc3)c2)c1,6.4
173,CHEMBL392869,OC(=O)C1CC1c2ccc(NCc3cccc(Oc4ccccc4)c3)cc2,7.3
232,CHEMBL255074,[O-][N+](=O)c1ccc(cc1)C(=O)NCc2cccc(Oc3ccccc3)c2,5.55
240,CHEMBL438164,[O-][N+](=O)c1ccc(Oc2cccc(c2)C(=O)Nc3ccccc3)cc1,5.28
275,CHEMBL473459,OC(=O)COc1ccc(cc1)C#Cc2ccccc2,5.9
276,CHEMBL486145,Cc1ccccc1C#Cc2ccc(OCC(=O)O)cc2,5.43
277,CHEMBL485713,Cc1cccc(c1)C#Cc2ccc(OCC(=O)O)cc2,6.29
278,CHEMBL449321,OC(=O)COc1ccc(cc1)C#Cc2cccc(O)c2,5.25
279,CHEMBL488384,OC(=O)CCc1ccc(cc1)C#Cc2ccccc2,7.02
280,CHEMBL446575,Nc1cccc(c1)C#Cc2ccc(CCC(=O)O)cc2,5.96
281,CHEMBL488385,OCc1cccc(c1)C#Cc2ccc(CCC(=O)O)cc2,6.05
282,CHEMBL488395,OC(=O)CCc1ccc(cc1)C#Cc2cccc(C=O)c2,6.45
283,CHEMBL488396,OC(=O)CCc1ccc(cc1)C#Cc2cccc(c2)[N+](=O)[O-],7.23
284,CHEMBL526510,OC(=O)CCc1ccc(cc1)C#Cc2cccc(c2)C#N,7.04
285,CHEMBL487570,OC(=O)CCc1ccc(cc1)C#Cc2cccc(c2)C#C,6.81
286,CHEMBL487365,OC(=O)CCc1ccc(cc1)C#Cc2cccc(c2)C(F)(F)F,7.05
287,CHEMBL454257,Cc1cccc(c1)C#Cc2ccc(CCC(=O)O)cc2,7.36
289,CHEMBL485738,Cc1ccc(cc1)C#Cc2ccc(CCC(=O)O)cc2,6.97
290,CHEMBL485935,Cc1cccc(C#Cc2ccc(CCC(=O)O)cc2)c1C,7.06
291,CHEMBL519548,OC(=O)CCc1ccc(cc1)C#Cc2cccc(\C=C\C=C)c2\C=C\C=C,7.07
292,CHEMBL486139,Cc1cc(C)cc(c1)C#Cc2ccc(CCC(=O)O)cc2,7.13
318,CHEMBL475027,OC(=O)[C@H]1[C@@H]2Oc3cc(Oc4ccc(cc4Cl)C(F)(F)F)ccc3[C@H]12,10.0
321,CHEMBL475053,[Na+].Cc1cccc(C)c1c2cccc(COc3ccc(CN4OC(=O)[N-]C4=O)cc3)c2,6.59
323,CHEMBL514337,CC#CC(CC(=O)O)c1ccc(OC2CCc3cc(ccc23)c4cccs4)cc1,8.0
325,CHEMBL474195,OC(=O)CCc1ccc(OCc2ccc(CC(CCc3ccccn3)c4nc(cs4)c5ccccc5)cc2)cc1,7.72
391,CHEMBL484771,CCCN1[C@H]([C@H](C(=O)O)c2ccccc2C1=O)c3ccc(O[C@@H]4CC[C@H](C)CC4)cc3,8.0
392,CHEMBL484772,CCN1[C@H]([C@H](C(=O)O)c2ccccc2C1=O)c3ccc(Oc4ccccc4)cc3,7.92
393,CHEMBL485146,CCCN1[C@H]([C@H](C(=O)O)c2ccccc2C1=O)c3ccc(OC)cc3,5.68
394,CHEMBL485335,CCCN1[C@H]([C@H](C(=O)O)c2ccccc2C1=O)c3ccc(OCc4ccccc4)cc3,7.02
395,CHEMBL485006,CCCN1[C@H]([C@H](C(=O)O)c2ccccc2C1=O)c3ccc(Oc4cc(C)cc(C)c4)cc3,8.7
396,CHEMBL485007,CCCN1[C@H]([C@H](C(=O)O)c2ccccc2C1=O)c3ccc(Oc4ccc(C)c(C)c4)cc3,8.52
397,CHEMBL519358,CCCN1[C@H]([C@H](C(=O)O)c2ccccc2C1=O)c3ccc(Oc4ccc(cn4)C(F)(F)F)cc3,7.54
398,CHEMBL485025,CN1[C@H]([C@H](C(=O)O)c2ccccc2C1=O)c3ccc(Oc4ccccc4)cc3,6.81
399,CHEMBL519525,OC(=O)[C@H]1[C@@H](N(CC2CC2)C(=O)c3ccccc13)c4ccc(Oc5ccccc5)cc4,8.4
400,CHEMBL483936,CCCN1[C@H]([C@H](C(=O)O)c2ccccc2C1=O)c3ccc(Cl)c(Cl)c3,7.05
401,CHEMBL483937,CCCN1[C@H]([C@H](C(=O)O)c2ccccc2C1=O)c3cccc(Cl)c3,6.64
402,CHEMBL483342,CCCN1[C@H]([C@H](C(=O)O)c2ccccc2C1=O)c3oc4ccccc4c3,6.92
403,CHEMBL483545,CC[C@H](C)CN1[C@H]([C@H](C(=O)O)c2ccccc2C1=O)c3ccc(Cl)c(Cl)c3,7.89
404,CHEMBL483546,CCC(CC)CN1[C@H]([C@H](C(=O)O)c2ccccc2C1=O)c3ccc(Cl)c(Cl)c3,8.0
405,CHEMBL485131,CCC(CC)CN1[C@H]([C@H](C(=O)O)c2ccccc2C1=O)c3nc4ccccc4s3,8.0
406,CHEMBL485328,CC[C@H](C)CN1[C@H]([C@H](C(=O)O)c2ccccc2C1=O)c3oc4ccccc4c3,7.7
408,CHEMBL602867,Clc1ccc(Oc2ccc(CC3SC(=O)NC3=O)cc2)c(Cl)c1,7.0
409,CHEMBL602868,Clc1ccc(Oc2ccc(CC3OC(=O)NC3=O)cc2)c(Cl)c1,5.4
410,CHEMBL589992,Clc1ccc(Oc2ccc(CC3CC(=O)NC3=O)cc2)c(Cl)c1,5.19
411,CHEMBL611065,O=C1NC(=O)C(Cc2ccc(Oc3ccccc3)cc2)S1,6.51
412,CHEMBL597424,O=C1NC(=O)C(Cc2cccc(Oc3ccccc3)c2)S1,5.33
413,CHEMBL599067,O=C1NC(=O)C(Cc2ccccc2Oc3ccccc3)S1,4.95
414,CHEMBL599068,O=C1NC(=O)C(Cc2ccc(Sc3ccccc3)cc2)S1,5.3
415,CHEMBL599270,O=C1NC(=O)C(Cc2ccc(Cc3ccccc3)cc2)S1,5.03
416,CHEMBL599271,O=C1NC(=O)C(Cc2ccc(\C=C\c3ccccc3)cc2)S1,5.68
417,CHEMBL598040,O=C1NC(=O)C(Cc2ccc(CCc3ccccc3)cc2)S1,5.97
418,CHEMBL316370,O=C1NC(=O)C(Cc2ccc(OCc3ccccc3)cc2)S1,5.21
419,CHEMBL600658,O=C(c1ccccc1)c2ccc(CC3SC(=O)NC3=O)cc2,5.28
420,CHEMBL597435,O=C1NC(=O)C(Cc2ccc(cc2)c3ccccc3)S1,5.65
421,CHEMBL597436,Cc1ccccc1Oc2ccc(CC3SC(=O)NC3=O)cc2,6.91
422,CHEMBL597638,Cc1cccc(Oc2ccc(CC3SC(=O)NC3=O)cc2)c1,6.69
423,CHEMBL611084,Cc1ccc(Oc2ccc(CC3SC(=O)NC3=O)cc2)cc1,6.26
424,CHEMBL590699,Cc1cc(C)cc(Oc2ccc(CC3SC(=O)NC3=O)cc2)c1,7.02
425,CHEMBL602731,Cc1cccc(Oc2ccc(CC3SC(=O)NC3=O)cc2)c1C,6.48
426,CHEMBL599280,Cc1ccc(Oc2ccc(CC3SC(=O)NC3=O)cc2)c(C)c1,6.92
427,CHEMBL609034,Cc1ccc(C)c(Oc2ccc(CC3SC(=O)NC3=O)cc2)c1,6.62
428,CHEMBL598673,Cc1ccc(Oc2ccc(CC3SC(=O)NC3=O)cc2)cc1C,6.14
429,CHEMBL598674,Clc1ccccc1Oc2ccc(CC3SC(=O)NC3=O)cc2,5.93
430,CHEMBL610787,Clc1cccc(Oc2ccc(CC3SC(=O)NC3=O)cc2)c1,6.5
431,CHEMBL601504,Clc1ccc(Oc2ccc(CC3SC(=O)NC3=O)cc2)cc1,6.62
432,CHEMBL596666,Clc1cc(Cl)cc(Oc2ccc(CC3SC(=O)NC3=O)cc2)c1,6.68
433,CHEMBL607983,FC(F)(F)c1ccc(Oc2ccc(CC3SC(=O)NC3=O)cc2)c(Cl)c1,7.11
434,CHEMBL596667,Cc1cc(Oc2ccc(CC3SC(=O)NC3=O)cc2)cc(C)c1C#N,6.92
435,CHEMBL609615,O=C1NC(=O)C(Cc2ccc(Oc3cccc4ccccc34)cc2)S1,6.87
436,CHEMBL591214,FC(F)(F)c1cccnc1Oc2ccc(CC3SC(=O)NC3=O)cc2,5.64
437,CHEMBL603063,FC(F)(F)c1ccnc(Oc2ccc(CC3SC(=O)NC3=O)cc2)c1,6.63
438,CHEMBL603064,FC(F)(F)c1ccc(Oc2ccc(CC3SC(=O)NC3=O)cc2)nc1,6.25
439,CHEMBL606213,FC(F)(F)c1cccc(Oc2ccc(CC3SC(=O)NC3=O)cc2)n1,5.79
440,CHEMBL603065,Cc1cccnc1Oc2ccc(CC3SC(=O)NC3=O)cc2,5.96
441,CHEMBL603066,Cc1ccnc(Oc2ccc(CC3SC(=O)NC3=O)cc2)c1,5.37
442,CHEMBL602457,Cc1ccc(Oc2ccc(CC3SC(=O)NC3=O)cc2)nc1,5.35
443,CHEMBL602289,Cc1cccc(Oc2ccc(CC3SC(=O)NC3=O)cc2)n1,5.58
444,CHEMBL601850,Clc1ccc(Oc2ccc(CC3SC(=O)NC3=O)cc2)nc1,5.73
445,CHEMBL606207,Cc1cc(cc(Oc2ccc(CC3SC(=O)NC3=O)cc2)n1)C(F)(F)F,6.66
446,CHEMBL601848,Cc1cc(Oc2ccc(CC3SC(=O)NC3=O)cc2)nc(c1)C(F)(F)F,6.16
447,CHEMBL606206,FC(F)(F)c1cnc(Oc2ccc(CC3SC(=O)NC3=O)cc2)c(Cl)c1,7.16
448,CHEMBL591686,Clc1cnc(Oc2ccc(CC3SC(=O)NC3=O)cc2)c(Cl)c1,7.05
449,CHEMBL601420,O=C1NC(=O)C(Cc2ccc(Oc3cc4ccccc4cn3)cc2)S1,6.84
451,CHEMBL600799,Cc1cc(Oc2ccc(cc2Cl)C(F)(F)F)ccc1CC3SC(=O)NC3=O,7.75
452,CHEMBL600800,FC(F)(F)c1cnc(Oc2ccc(CC3SC(=O)NC3=O)c(Cl)c2)c(Cl)c1,7.59
453,CHEMBL598917,Clc1cnc(Oc2ccc(CC3SC(=O)NC3=O)c(Cl)c2)c(Cl)c1,7.2
454,CHEMBL609037,FC(F)(F)c1cc(Oc2ccc(Cl)cc2Cl)ccc1CC3SC(=O)NC3=O,7.06
455,CHEMBL598731,COc1cc(Oc2ccc(Cl)cc2Cl)ccc1CC3SC(=O)NC3=O,5.85
456,CHEMBL598732,COc1cc(Oc2ncc(cc2Cl)C(F)(F)F)ccc1CC3SC(=O)NC3=O,4.86
457,CHEMBL598934,Cc1cc(Oc2ncc(cc2Cl)C(F)(F)F)cc(C)c1CC3SC(=O)NC3=O,5.26
458,CHEMBL604317,FC(F)(F)c1cnc(Oc2ccc(CC3SC(=O)NC3=O)c4ccccc24)c(Cl)c1,4.63
459,CHEMBL611821,Cc1nc(sc1CNc2ccc(cc2)C3CC3C(=O)O)c4ccc(cc4)C(F)(F)F,8.0
465,CHEMBL598935,Fc1ccc(Oc2ccc(CC3SC(=O)NC3=O)cc2)cc1,6.32
466,CHEMBL1688452,OC(=O)CCc1ccc(OCc2ccccc2)cc1,6.29
467,CHEMBL1688453,OC(=O)CCc1ccc(OCc2ccc(cc2)c3ccccc3)cc1,6.52
468,CHEMBL1688454,OC(=O)CCc1ccc(OCc2ccc(Oc3ccccc3)cc2)cc1,6.51
469,CHEMBL1688455,OC(=O)CCc1ccc(OCc2ccccc2c3ccccc3)cc1,5.44
470,CHEMBL1688456,OC(=O)CCc1ccc(OCc2ccccc2Oc3ccccc3)cc1,5.96
471,CHEMBL1688457,OC(=O)CCc1ccc(OCc2cccc(c2)c3ccccc3)cc1,6.59
472,CHEMBL1688458,OC(=O)CCc1ccc(OCc2cccc(Oc3ccccc3)c2)cc1,7.47
473,CHEMBL1688459,Cc1ccc(Oc2cccc(COc3ccc(CCC(=O)O)cc3)c2)cc1,7.4
474,CHEMBL1688460,Cc1cccc(Oc2cccc(COc3ccc(CCC(=O)O)cc3)c2)c1,7.35
475,CHEMBL1688461,Cc1ccccc1Oc2cccc(COc3ccc(CCC(=O)O)cc3)c2,7.42
476,CHEMBL1688462,Cc1cccc(C)c1Oc2cccc(COc3ccc(CCC(=O)O)cc3)c2,7.33
477,CHEMBL1688463,Cc1ccc(cc1)c2cccc(COc3ccc(CCC(=O)O)cc3)c2,6.92
478,CHEMBL1688464,Cc1cccc(c1)c2cccc(COc3ccc(CCC(=O)O)cc3)c2,6.62
479,CHEMBL1688465,Cc1ccccc1c2cccc(COc3ccc(CCC(=O)O)cc3)c2,7.57
480,CHEMBL1688466,Cc1cccc(C)c1c2cccc(CNc3ccc(CCC(=O)O)cc3)c2,8.2
481,CHEMBL1688467,CN(Cc1cccc(c1)c2c(C)cccc2C)c3ccc(CCC(=O)O)cc3,6.28
482,CHEMBL1688468,Cc1cccc(C)c1c2cccc(CCc3ccc(CCC(=O)O)cc3)c2,6.5
483,CHEMBL1688469,Cc1cccc(C)c1c2cccc(CSc3ccc(CCC(=O)O)cc3)c2,5.75
484,CHEMBL1688470,Cc1cccc(C)c1c2cccc(COc3ccc(CC(F)C(=O)O)cc3)c2,6.77
485,CHEMBL1688471,CC(Cc1ccc(OCc2cccc(c2)c3c(C)cccc3C)cc1)C(=O)O,6.77
486,CHEMBL1688472,CC(CC(=O)O)c1ccc(OCc2cccc(c2)c3c(C)cccc3C)cc1,7.5
488,CHEMBL1688474,Cc1cccc(C)c1c2cccc(COc3ccc(CCC(=O)O)c(C)c3)c2,7.52
489,CHEMBL1688475,COc1cc(OCc2cccc(c2)c3c(C)cccc3C)ccc1CCC(=O)O,7.52
490,CHEMBL1688476,Cc1cccc(C)c1c2cccc(COc3cc(F)c(CCC(=O)O)c(F)c3)c2,7.46
491,CHEMBL1688477,OC(=O)CCc1ccc(OCc2cccc(OCc3ccccc3)c2)cc1,6.52
492,CHEMBL1688478,OC(=O)CCc1ccc(OCc2cccc(OCCc3ccccc3)c2)cc1,6.59
493,CHEMBL1688479,OC(=O)CCc1ccc(OCc2cccc(c2)c3ccccn3)cc1,5.57
494,CHEMBL1688480,OC(=O)CCc1ccc(OCc2cccc(c2)c3cccs3)cc1,6.28
495,CHEMBL1688481,OC(=O)CCc1ccc(OCc2cccc(c2)c3nccs3)cc1,5.57
496,CHEMBL1688482,COc1ccccc1c2cccc(COc3ccc(CCC(=O)O)cc3)c2,7.09
497,CHEMBL1688483,OC(=O)CCc1ccc(OCc2cccc(c2)c3ccccc3F)cc1,6.92
498,CHEMBL1688484,OC(=O)CCc1ccc(OCc2cccc(c2)c3ccccc3Cl)cc1,7.7
499,CHEMBL1688485,CC(C)c1ccccc1c2cccc(COc3ccc(CCC(=O)O)cc3)c2,7.52
501,CHEMBL1688487,Cc1cccc(c1C)c2cccc(COc3ccc(CCC(=O)O)cc3)c2,7.72
502,CHEMBL1688488,Cc1ccc(c(C)c1)c2cccc(COc3ccc(CCC(=O)O)cc3)c2,8.0
503,CHEMBL1688491,OC(=O)CCc1ccc(OCCCCc2ccccc2)cc1,5.77
504,CHEMBL1688490,OC(=O)CCc1ccc(OCCCc2ccccc2)cc1,5.46
505,CHEMBL1688489,OC(=O)CCc1ccc(OCCc2ccccc2)cc1,5.46
506,CHEMBL423319,OC(=O)CCc1ccc(Oc2ccccc2)cc1,5.5
510,CHEMBL1773246,OC(=O)CCc1ccc(COc2ccccc2)cc1,5.2
511,CHEMBL1773247,OC(=O)CCc1ccc(CNc2ccccc2)cc1,4.67
512,CHEMBL1773248,OC(=O)CCc1ccc(CCc2ccccc2)cc1,5.44
513,CHEMBL1773249,CC(Oc1ccc(CCC(=O)O)cc1)c2ccccc2,5.48
514,CHEMBL1773250,OC(=O)CCc1ccc(OCc2ccccc2)c(I)c1,4.9
515,CHEMBL1773251,OC(=O)CCc1ccc2oc(cc2c1)c3ccccc3,5.61
519,CHEMBL1773252,OC(=O)CCc1ccc(OCc2ccc(Br)cc2)cc1,6.26
520,CHEMBL1773253,OC(=O)CCc1ccc(OCc2ccccc2Br)cc1,6.35
521,CHEMBL1773254,OC(=O)CCc1ccc(OCc2cccc(Br)c2)cc1,7.05
523,CHEMBL1773255,OC(=O)CCc1ccc(OCc2cccc(c2)C#N)cc1,6.28
524,CHEMBL1773256,OC(=O)CCc1ccc(NCc2cccc(c2)C(F)(F)F)cc1,6.73
525,CHEMBL1773257,OC(=O)CCc1ccc(OCc2cccc(c2)C(F)(F)F)cc1,7.08
532,CHEMBL1773258,OC(=O)CCc1ccc(NCc2cccc(c2)c3ccccc3)cc1,7.27
534,CHEMBL1773259,OC(=O)CCc1ccc(NCc2ccccc2c3ccccc3)cc1,5.97
536,CHEMBL1773260,Cc1ccc(cc1)c2cccc(CNc3ccc(CCC(=O)O)cc3)c2,6.9
540,CHEMBL1773167,COc1ccccc1c2cccc(CNc3ccc(CCC(=O)O)cc3)c2,7.16
583,CHEMBL1777856,OC(=O)CCc1ccc(Oc2ccc(Cl)cc2Cl)cc1,5.87
584,CHEMBL1777857,OC(=O)CCc1ccc(Oc2ccc(cc2Cl)C(F)(F)F)cc1,6.16
585,CHEMBL1777858,OC(=O)C(Cc1ccc(Oc2ccc(cc2Cl)C(F)(F)F)cc1)C(=O)O,6.01
586,CHEMBL1777859,CC(CC(=O)O)c1ccc(Oc2ccc(Cl)cc2Cl)cc1,5.61
592,CHEMBL1777865,CC#CC(CC(=O)O)c1ccc(Oc2ccc(c3ccccc23)C(F)(F)F)cc1,5.85
594,CHEMBL1777867,CC#CC(CC(=O)O)c1ccc(Oc2ncc(Br)cn2)cc1,5.81
595,CHEMBL1777868,CC#CC(CC(=O)O)c1ccc(Oc2nccnc2C#N)cc1,5.8
596,CHEMBL1777869,CC#CC(CC(=O)O)c1ccc(Oc2nccc3ccccc23)cc1,6.41
599,CHEMBL1777873,CC#CC(CC(=O)O)c1ccc(OC2CCCC2)cc1,6.94
601,CHEMBL1777874,CC#C[C@@]1(C[C@@H]1C(=O)O)c2ccc(Oc3ccc(cc3Cl)C(F)(F)F)cc2,5.55
602,CHEMBL1777875,CC#C[C@@]1(C[C@H]1C(=O)O)c2ccc(Oc3ccc(cc3Cl)C(F)(F)F)cc2,4.61
603,CHEMBL1777871,CC#CC(C1OC(=O)NC1=O)c2ccc(OCc3ccccc3)cc2,6.02
605,CHEMBL1777877,CC#C[C@@H]([C@H]1OC(=O)NC1=O)c2ccc(Oc3ccc(cc3OC(F)F)C(F)(F)F)cc2,5.12
606,CHEMBL1777878,CC#C[C@H]([C@H]1OC(=O)NC1=O)c2ccc(Oc3ccc(cc3OC(F)F)C(F)(F)F)cc2,6.89
713,CHEMBL1939637,COc1ccc(COc2ccc(CCC(=O)O)cc2)cc1,5.96
714,CHEMBL1939638,CCC(CC(=O)O)c1ccc(OCc2ccc(OC)cc2)cc1,5.5
715,CHEMBL1939639,COc1ccc(COc2ccc(cc2)C(CC(=O)O)C=C)cc1,6.05
716,CHEMBL1939640,COc1ccc(COc2ccc(cc2)C(CC(=O)O)c3ccc(F)cc3)cc1,6.24
717,CHEMBL1939641,COc1ccc(COc2ccc(cc2)C(CC(=O)O)C=C(C)C)cc1,6.92
718,CHEMBL1939642,COc1ccc(COc2ccc(cc2)C(=C(C)C)CC(=O)O)cc1,5.92
719,CHEMBL1939643,COc1ccc(COc2ccc(cc2)C(CC(=O)O)C#CC)cc1,6.59
720,CHEMBL1939644,COc1ccc(COc2ccc(cc2)[C@@H](CC(=O)O)C#CC)cc1,5.17
721,CHEMBL1939645,COc1ccc(COc2ccc(cc2)[C@H](CC(=O)O)C#CC)cc1,7.19
722,CHEMBL1939646,CC#CC(CC(=O)O)c1ccc(OCc2ccccc2)cc1,6.21
723,CHEMBL1939647,CC#CC(CC(=O)O)c1ccc(OCCc2ccccc2)cc1,5.21
724,CHEMBL1939648,CC#CC(CC(=O)O)c1ccc(OCc2ccc(C)cc2)cc1,6.75
725,CHEMBL1939649,CC#CC(CC(=O)O)c1ccc(OCc2ccc(cc2)C(F)(F)F)cc1,4.57
726,CHEMBL1939650,COc1cccc(COc2ccc(cc2)C(CC(=O)O)C#CC)c1,6.96
727,CHEMBL1939651,CC#CC(CC(=O)O)c1ccc(OCc2ccc(cc2)c3ccccc3)cc1,5.92
728,CHEMBL1939652,CC#CC(CC(=O)O)c1ccc(OCc2ccccc2c3ccccc3)cc1,6.62
729,CHEMBL1939653,CC#CC(CC(=O)O)c1ccc(OCc2cccc(c2)c3ccccc3)cc1,7.24
730,CHEMBL1938409,CC#CC(CC(=O)O)c1ccc(Oc2cccc(c2)c3ccccc3)cc1,6.44
751,CHEMBL2022243,Cc1cccc(C)c1c2cccc(COc3ccc4C(CC(=O)O)CCc4c3)c2,7.48
753,CHEMBL2022245,Cc1cccc(C)c1c2cccc(COc3ccc4C(CC(=O)O)CCCCc4c3)c2,6.03
754,CHEMBL2022246,Cc1cccc(C)c1c2cccc(COc3ccc4c(CC(=O)O)coc4c3)c2,5.31
756,CHEMBL2022248,Cc1cccc(C)c1c2cccc(COc3ccc4CC(CCOc4c3)C(=O)O)c2,7.16
757,CHEMBL2022249,Cc1cccc(C)c1c2cccc(COc3ccc4C(CC(=O)O)Cc4c3)c2,7.16
758,CHEMBL2022250,Cc1cccc(C)c1c2cccc(COc3ccc4C(CC(=O)O)CCc4n3)c2,6.24
761,CHEMBL2022253,OC(=O)CC1COc2cc(OCc3cccc(c3)c4csc5ccccc45)ccc12,7.41
762,CHEMBL2022254,OC(=O)CC1COc2cc(OCc3cccc(c3)c4ccc5sccc5c4)ccc12,6.75
763,CHEMBL2022255,COc1ccc(COc2ccc3C(CC(=O)O)COc3c2)cc1c4c(C)cccc4C,7.62
769,CHEMBL2022578,CCOCCOc1cc(C)c(c(C)c1)c2cccc(COc3ccc4CC(Cc4c3)C(=O)O)c2,6.02
770,CHEMBL2022579,CCOCCOc1cc(C)c(c(C)c1)c2cccc(COc3ccc4CC(CC(=O)O)Cc4c3)c2,7.08
771,CHEMBL2022580,CCOCCOc1cc(C)c(c(C)c1)c2cccc(COc3ccc4CC(CCc4c3)C(=O)O)c2,6.85
772,CHEMBL2022581,CCOCCOc1cc(C)c(c(C)c1)c2cccc(COc3ccc4CC(CC(=O)O)CCc4c3)c2,6.29
773,CHEMBL2022582,CCOCCOc1cc(C)c(c(C)c1)c2cccc(COc3ccc4C(CC(=O)O)OCc4c3)c2,7.04
809,CHEMBL2047150,CCOCCOc1cc(C)c(c(C)c1)c2cccc(COc3ccc4[C@@H](CC(=O)O)COc4c3)c2,6.54
812,CHEMBL2047153,Cc1cc(OCC2(C)COC2)cc(C)c1c3cccc(COc4ccc5[C@@H](CC(=O)O)COc5c4)c3,6.57
815,CHEMBL2047156,Cc1cc(OC2CCS(=O)(=O)CC2)cc(C)c1c3cccc(COc4ccc5[C@@H](CC(=O)O)COc5c4)c3,6.54
877,CHEMBL2048611,COc1ccc(cc1COc2ccc(CCC(=O)O)cc2)c3c(C)cccc3C,6.28
940,CHEMBL2058518,Cc1ccccc1c2ccccc2COc3ccc(CCC(=O)O)cc3,6.22
941,CHEMBL2058519,Cc1cccc(c1)c2ccccc2COc3ccc(CCC(=O)O)cc3,6.28
942,CHEMBL2058520,Cc1ccc(cc1)c2ccccc2COc3ccc(CCC(=O)O)cc3,6.2
943,CHEMBL2058521,OC(=O)CCc1ccc(OCc2ccccc2c3ccc(F)cc3)cc1,6.03
944,CHEMBL2058522,OC(=O)CCc1ccc(OCc2ccccc2c3ccc(Cl)cc3)cc1,6.29
945,CHEMBL2058523,OC(=O)CCc1ccc(OCc2ccccc2c3ccc(Br)cc3)cc1,6.07
946,CHEMBL2058524,OC(=O)CCc1ccc(OCc2ccccc2c3ccc(cc3)C(F)(F)F)cc1,5.94
947,CHEMBL2058525,COc1ccc(cc1)c2ccccc2COc3ccc(CCC(=O)O)cc3,5.69
948,CHEMBL2058526,CCOc1ccc(cc1)c2ccccc2COc3ccc(CCC(=O)O)cc3,5.35
949,CHEMBL2058527,OC(=O)CCc1ccc(OCc2ccccc2c3ccc(OC(F)(F)F)cc3)cc1,6.2
950,CHEMBL2058528,CSc1ccc(cc1)c2ccccc2COc3ccc(CCC(=O)O)cc3,5.45
951,CHEMBL2058529,OC(=O)CCc1ccc(OCc2cc(Cl)ccc2c3ccccc3)cc1,6.22
952,CHEMBL2058530,OC(=O)CCc1ccc(OCc2ccc(Cl)cc2c3ccccc3)cc1,6.96
953,CHEMBL2058531,Cc1ccc(cc1)c2ccc(Cl)cc2COc3ccc(CCC(=O)O)cc3,6.39
954,CHEMBL2058532,OC(=O)CCc1ccc(OCc2cc(F)ccc2c3ccccc3)cc1,6.02
955,CHEMBL2058533,Cc1ccc(cc1)c2ccc(F)cc2COc3ccc(CCC(=O)O)cc3,4.19
996,CHEMBL2151300,COc1ccc(F)c(c1)c2ccc(COc3cccc(c3)[C@@H](CC(=O)O)C4CCCC4)cc2C(C)(C)C,5.88
997,CHEMBL2151299,COc1ccc(F)c(c1)c2ccc(COc3cccc(c3)[C@@H](CC(=O)O)C4CCC4)cc2C(C)(C)C,6.38
998,CHEMBL2151298,COc1ccc(F)c(c1)c2ccc(COc3cccc(c3)[C@@H](CC(=O)O)C4CC4)cc2C(C)(C)C,6.43
999,CHEMBL2151297,COc1ccc(F)c(c1)c2ccc(COc3cccc(c3)[C@@H](CC(=O)O)C(C)C)cc2C(C)(C)C,5.66
1000,CHEMBL2151296,CCC[C@H](CC(=O)O)c1cccc(OCc2ccc(c3cc(OC)ccc3F)c(c2)C(C)(C)C)c1,6.16
1001,CHEMBL2151294,COc1ccc(F)c(c1)c2ccc(COc3cccc(c3)[C@H](C)CC(=O)O)cc2C(C)(C)C,6.11
1002,CHEMBL2151292,COc1ccc(F)c(c1)c2ccc(COc3cccc(CCC(=O)O)c3)cc2,5.92
1003,CHEMBL2151290,COc1ccc(F)c(c1)c2ccc(COc3ccc(cc3)[C@@H](CC(=O)O)C#CC)cc2,5.64
1004,CHEMBL2151288,COc1cccc(c1)c2ccc(COc3ccc(cc3)[C@H](CC(=O)O)C#CC)cc2,6.19
1006,CHEMBL367149,CC\C=C/C\C=C/C\C=C/C\C=C/C\C=C/C\C=C/CCC(=O)O,4.44
1019,CHEMBL2151295,CC[C@H](CC(=O)O)c1cccc(OCc2ccc(c3cc(OC)ccc3F)c(c2)C(C)(C)C)c1,6.17
1020,CHEMBL2151293,COc1ccc(F)c(c1)c2ccc(COc3cccc(CCC(=O)O)c3)cc2C(C)(C)C,6.05
1021,CHEMBL2151291,COc1ccc(F)c(c1)c2ccc(COc3ccc(CCC(=O)O)cc3)cc2,5.72
1022,CHEMBL2151289,COc1cccc(c1)c2ccc(COc3ccc(cc3)[C@@H](CC(=O)O)C#CC)cc2,5.4
1051,CHEMBL2163923,Cc1cc(OCCCS(=O)(=O)C)cc(C)c1c2cccc(COc3ccc4C(CC(=O)O)COc4c3)c2,7.66
1074,CHEMBL2179472,Cc1cc(OCCCS(=O)(=O)C)cc(C)c1c2cccc(COc3ccc4[C@@H](CC(=O)O)COc4c3)c2,6.43
1091,CHEMBL2315532,OC(=O)[C@H]1C[C@@H]1c2ccc(cc2)C#Cc3ccccc3CC#N,7.45
1092,CHEMBL2315531,OC(=O)CCc1ccc(cc1)C#Cc2cccc(OCC#N)c2,6.58
1093,CHEMBL2315530,OC(=O)CCc1ccc(cc1)C#Cc2ccccc2OCC#N,7.33
1094,CHEMBL2315529,OC(=O)CCc1ccc(cc1)C#Cc2cccc(CC#N)c2,6.72
1096,CHEMBL2315256,Cc1ccc(cc1C#Cc2ccc(CCC(=O)O)cc2)C#N,7.4
1097,CHEMBL2315255,Cc1ccc(C#N)c(c1)C#Cc2ccc(CCC(=O)O)cc2,6.33
1098,CHEMBL2315254,CS(=O)(=O)CCCCOc1cccc(c1)C#Cc2ccc(CCC(=O)O)cc2,6.37
1099,CHEMBL2315253,CS(=O)(=O)CCCOc1cccc(c1)C#Cc2ccc(CCC(=O)O)cc2,6.09
1100,CHEMBL2315252,COCc1cccc(c1)C#Cc2ccc(CCC(=O)O)cc2,7.42
1101,CHEMBL2315251,COCc1ccccc1C#Cc2ccc(CCC(=O)O)cc2,7.39
1102,CHEMBL2315250,OCCc1ccccc1C#Cc2ccc(CCC(=O)O)cc2,5.69
1103,CHEMBL2315249,OCc1ccccc1C#Cc2ccc(CCC(=O)O)cc2,6.24
1104,CHEMBL2315248,CC(=O)c1ccccc1C#Cc2ccc(CCC(=O)O)cc2,6.73
1105,CHEMBL2315555,OC(=O)CCc1ccc(cc1)C#Cc2cccc(OC(F)(F)F)c2,7.02
1106,CHEMBL2315554,OC(=O)CCc1ccc(cc1)C#Cc2ccccc2OC(F)(F)F,6.65
1107,CHEMBL2315553,COc1cccc(c1)C#Cc2ccc(CCC(=O)O)cc2,7.15
1108,CHEMBL2315552,COc1ccccc1C#Cc2ccc(CCC(=O)O)cc2,6.66
1109,CHEMBL2315551,OC(=O)CCc1ccc(cc1)C#Cc2cccc(O)c2,6.35
1110,CHEMBL2315550,OC(=O)CCc1ccc(cc1)C#Cc2ccccc2O,4.79
1111,CHEMBL2315549,OC(=O)CCc1ccc(cc1)C#Cc2ccccc2C(F)(F)F,6.47
1112,CHEMBL2315548,OC(=O)CCc1ccc(cc1)C#Cc2ccccc2Br,7.08
1113,CHEMBL2315547,OC(=O)CCc1ccc(cc1)C#Cc2ccccc2Cl,6.82
1114,CHEMBL2315546,OC(=O)CCc1ccc(cc1)C#Cc2ccccc2c3ccccc3,6.0
1115,CHEMBL2315545,CCc1ccccc1C#Cc2ccc(CCC(=O)O)cc2,7.05
1116,CHEMBL2315544,OC(=O)CCc1ccc(cc1)C#Cc2ccc(F)cc2,6.28
1117,CHEMBL2315543,Cc1cc(Cl)ccc1C#Cc2ccc(CCC(=O)O)cc2,6.86
1118,CHEMBL2315542,Cc1cccc(C)c1C#Cc2ccc(CCC(=O)O)cc2,6.38
1119,CHEMBL2315541,Cc1ccc(C)c(c1)C#Cc2ccc(CCC(=O)O)cc2,6.91
1120,CHEMBL2315540,Cc1ccc(cc1)C#Cc2ccc(cc2)[C@H]3C[C@@H]3C(=O)O,6.51
1121,CHEMBL2315539,Cc1cccc(c1)C#Cc2ccc(cc2)[C@H]3C[C@@H]3C(=O)O,7.03
1122,CHEMBL2315538,Cc1ccccc1C#Cc2ccc(cc2)[C@H]3C[C@@H]3C(=O)O,6.86
1123,CHEMBL2315537,OC(=O)[C@H]1C[C@@H]1c2ccc(cc2)C#Cc3ccccc3,6.84
1124,CHEMBL2315536,OC(=O)CC1CCc2cc(ccc12)C#Cc3ccccc3,6.46
1125,CHEMBL2315535,CC(CC(=O)O)c1ccc(cc1)C#Cc2ccccc2,6.7
1126,CHEMBL2315534,Cc1ccccc1C#Cc2ccc(\C=C\C(=O)O)cc2,5.64
1127,CHEMBL2315533,OC(=O)\C=C\c1ccc(cc1)C#Cc2ccccc2,5.03
1128,CHEMBL2315557,OC(=O)CCCc1ccc(cc1)C#Cc2ccccc2,6.0
1129,CHEMBL2315556,OC(=O)Cc1ccc(cc1)C#Cc2ccccc2,6.01
1256,CHEMBL2385474,COc1ccc(F)c(c1)c2ccc(COc3ccc4CC[C@]5(CC[C@H]5C(=O)O)c4c3)cc2C6=CCCC6(C)C,6.28
1257,CHEMBL2385467,COc1ccc(F)c(c1)c2ccc(COc3ccc4CC[C@@]5(C[C@H]5C(=O)O)c4c3)cc2C6=CCCC6(C)C,5.42
1258,CHEMBL2385466,COc1ccc(F)c(c1)c2ccc(COc3ccc4C[C@H]5[C@@H]([C@H]5c4c3)C(=O)O)cc2C6=CCCC6(C)C,5.85
1259,CHEMBL2385476,COc1ccc(F)c(c1)c2ccc(COc3ccc4CC[C@H](CC(=O)O)c4c3)cc2C5=CCCC5(C)C,6.3
1388,CHEMBL3265138,CCC[C@H](CC(=O)O)c1cccc(OCc2ccc(c3cccc(OC)c3)c(c2)C(C)(C)C)c1,6.43
1389,CHEMBL3265137,CCC[C@H](CC(=O)O)c1cccc(OCc2ccc(c3cccc(OC)n3)c(c2)C(C)(C)C)c1,5.43
1390,CHEMBL3264818,CCC[C@H](CC(=O)O)c1cccc(OCc2ccc(c3cncc(OC)c3)c(c2)C(C)(C)C)c1,4.52
1391,CHEMBL3264817,COc1cc(c(F)cn1)c2ccc(COc3cccc(c3)[C@@H](CC(=O)O)C4CC4)cc2C5=CCCC5(C)C,6.92
1396,CHEMBL3265139,COc1ccc(F)c(c1)c2ccc(COc3cccc(c3)[C@@H](CC(=O)O)C4CC4)cc2[C@H](F)C(C)(C)C,6.98
1397,CHEMBL3265140,CO[C@@H](c1cc(COc2cccc(c2)[C@@H](CC(=O)O)C3CC3)ccc1c4cc(OC)ccc4F)C(C)(C)C,6.83
1398,CHEMBL3265141,CCO[C@@H](c1cc(COc2cccc(c2)[C@@H](CC(=O)O)C3CC3)ccc1c4cc(OC)ccc4F)C(C)(C)C,6.94
1399,CHEMBL3265142,COc1ccc(F)c(c1)c2ccc(COc3cccc(c3)[C@@H](CC(=O)O)C4CC4)cc2[C@@H]5OCCCC5(C)C,6.64
1400,CHEMBL3265143,CO[C@H](c1cc(COc2cccc(c2)[C@@H](CC(=O)O)C3CC3)ccc1c4cc(OC)ccc4F)C(C)(C)C,5.85
1408,CHEMBL3265151,CO[C@@H](c1cc(COc2cc3c(CC[C@]34C[C@H]4C(=O)O)cn2)ccc1c5cc(OC)ncc5F)C(C)(C)C,6.6
1453,CHEMBL3288349,Cc1cccc(C)c1c2cccc(COc3ccc(CCC(=O)O)nn3)c2,6.38
1454,CHEMBL3288350,Cc1cccc(C)c1c2cccc(COc3ncc(CCC(=O)O)cn3)c2,6.89
1457,CHEMBL3288353,Cc1cccc(C)c1c2cccc(COc3ncc(CCC(=O)O)cc3C)c2,5.6
1461,CHEMBL3288356,COC(Cc1ccc(OCc2cccc(c2)c3c(C)cccc3C)nc1)C(=O)O,6.92
1466,CHEMBL3288361,CCOC(CC(=O)O)c1ccc(OCc2ccccc2)nc1,6.64
1469,CHEMBL3286417,CCOC(CC(=O)O)c1ccc(OCc2ccc(C)cc2)cc1,6.43
1501,CHEMBL3353738,Cc1cc(OCc2cccc(c2)c3c(C)cc(OCCCS(=O)(=O)C)cc3C)ccc1OCC(=O)O,6.81
1503,CHEMBL3353262,CC(Oc1ccc(OCc2cccc(c2)c3c(C)cc(OCCCS(=O)(=O)C)cc3C)cc1)C(=O)O,6.41
1504,CHEMBL3353261,Cc1cc(OCCCS(=O)(=O)C)cc(C)c1c2cccc(COc3ccc(OCC(=O)O)cc3)c2,6.92
1527,CHEMBL121,CN(CCOc1ccc(CC2SC(=O)NC2=O)cc1)c3ccccn3,4.94
1531,CHEMBL3330548,COc1cccc(c1)c2ccc(Oc3ccc(cc3)N4N=C(CC4CC(=O)O)C(F)(F)F)c(C)c2,6.54
1537,CHEMBL3427715,CCO[C@H](CC(=O)O)c1ccc(O[C@H]2CCc3c2cccc3C(F)(F)F)cc1,5.59
1538,CHEMBL3427714,CCO[C@H](CC(=O)O)c1ccc(O[C@@H]2CCc3c2cccc3C(F)(F)F)cc1,6.48
1549,CHEMBL3427704,CCO[C@H](CC(=O)O)c1ccc(OCc2ccc(Cl)c(Cl)c2)cc1,6.44
1575,CHEMBL3601059,OC(=O)CCc1ccc(OCc2onc(n2)c3cccc(c3)C(F)(F)F)c(Cl)c1,4.52
1576,CHEMBL3601058,OC(=O)CCc1ccc(OCc2onc(n2)c3ccccc3)c(Cl)c1,4.88
1577,CHEMBL3601057,Cc1cccc(c1)c2noc(COc3ccc(CCC(=O)O)cc3Cl)n2,5.34
1578,CHEMBL3601056,CC(Oc1ccc(CCC(=O)O)cc1)c2onc(n2)c3cccs3,5.4
1579,CHEMBL3601055,COc1cccc(c1)c2noc(COc3ccc(CCC(=O)O)cc3Cl)n2,5.52
1580,CHEMBL3601054,COc1cccc(c1)c2noc(COc3ccc(CCC(=O)O)cc3)n2,5.57
1602,CHEMBL3601061,OC(=O)Cc1ccc(OCc2onc(n2)c3cccc(Cl)c3)cc1,4.73
1618,CHEMBL3604064,CCO[C@@H](CC(=O)O)c1ccc(OC2CCc3c(OC)cccc23)cc1,6.72
1623,CHEMBL3604060,CCO[C@@H](CC(=O)O)c1ccc(Oc2noc3c(C)cccc23)cc1,6.92
1624,CHEMBL3604059,CCO[C@@H](CC(=O)O)c1ccc(OC2CCc3ncccc23)cc1,5.25
1634,CHEMBL3604056,CCOC(CC(=O)O)c1cccc(OCc2ccc(Cl)c(Cl)c2)c1,6.83
1635,CHEMBL3604055,CCOC(CC(=O)O)c1ccc(Oc2ccc(Cl)c3ccccc23)cc1,6.25
1639,CHEMBL3604051,CCOC(CC(=O)O)c1ccc(OCc2cc(C)nn2C)cc1,5.5
1640,CHEMBL3604050,CCOC(CC(=O)O)c1ccc(OCc2cccnc2C)cc1,5.68
1654,CHEMBL3604039,CCOC(CC(=O)O)c1ccc(OCc2ccc(Cl)c(Cl)c2)cc1OC,6.01
1657,CHEMBL3604036,CCOC(CC(=O)O)c1ccc(OCc2ccc(Cl)c(Cl)c2)c(c1)[N+](=O)[O-],5.51
1658,CHEMBL3604035,CCOC(CC(=O)O)c1ccc(OCc2ccc(Cl)c(Cl)c2)c(C)c1,5.82
1659,CHEMBL3604034,CCOC(CC(=O)O)c1ccc(OCc2ccc(Cl)c(Cl)c2)c(F)c1,6.68
1661,CHEMBL3604032,CCOC(CC(=O)O)c1ccc(NC(=O)c2ccccc2C)cc1,5.8
1662,CHEMBL3604031,CCOC(CC(=O)NS(=O)(=O)C)c1ccc(OCc2ccccc2C)cc1,6.24
1663,CHEMBL3604030,CCOC(c1ccc(OCc2ccccc2C)cc1)C(F)(F)C(=O)O,5.42
1664,CHEMBL3604029,CCOC(Cc1nnn[nH]1)c2ccc(OCc3ccccc3C)cc2,5.77
1747,CHEMBL3628757,CCCOc1cc(C)c(c(C)c1)c2cccc(COc3ccc(OCC(=O)O)c(F)c3)c2,6.98
1787,CHEMBL3739652,Cc1cc(N\N=C\c2ccccc2)nc(n1)c3ccccc3,6.6
1788,CHEMBL3739715,C(Oc1ccccc1)c2cc(nc(n2)c3ccccn3)N4CCOCC4,6.2
1790,CHEMBL3739522,Fc1ccc(OCc2cc(OCC3(CC#N)COC3)nc(n2)c4ccccn4)c(F)c1F,6.4
1791,CHEMBL3741582,COC1(COc2cc(COc3ccc(F)c(F)c3F)nc(n2)c4ccccn4)COC1,6.3
1793,CHEMBL3741385,Fc1ccc(OCc2cc(OCC3COC3)nc(n2)c4ccccn4)c(F)c1F,6.5
1796,CHEMBL3740291,CC1(CN(C1)c2cc(COc3ccc(F)c(F)c3F)nc(n2)c4ccccn4)C#N,6.8
1797,CHEMBL3741353,CC1(CS(=O)(=O)C)CN(C1)c2cc(COc3ccc(F)c(F)c3F)nc(n2)c4ccccn4,5.2
1798,CHEMBL3741297,Fc1ccc(OCc2cc(nc(n2)c3ccccn3)N4CC5(CCO5)C4)c(F)c1F,6.3
1799,CHEMBL3740555,Cc1cc(COc2ccccc2)nc(n1)c3ccccn3,6.1
1800,CHEMBL3741030,Cc1cc(COc2ccccc2Cl)nc(n1)c3ccccn3,6.5
1801,CHEMBL3740168,Cc1cc(COc2cccc(Cl)c2)nc(n1)c3ccccn3,6.4
1802,CHEMBL3741358,Cc1cc(COc2ccc(Cl)cc2)nc(n1)c3ccccn3,6.6
1803,CHEMBL3740758,COc1ccccc1OCc2cc(C)nc(n2)c3ccccn3,5.7
1804,CHEMBL3740835,COc1cccc(OCc2cc(C)nc(n2)c3ccccn3)c1,5.7
1805,CHEMBL3739500,COc1ccc(OCc2cc(C)nc(n2)c3ccccn3)cc1,5.1
1806,CHEMBL3740222,Cc1cc(COc2ccccc2C#N)nc(n1)c3ccccn3,5.0
1807,CHEMBL3740984,Cc1cc(COc2cccc(c2)C#N)nc(n1)c3ccccn3,5.6
1808,CHEMBL3741704,Cc1cc(COc2ccc(cc2)C#N)nc(n1)c3ccccn3,4.5
1815,CHEMBL3740298,Cc1cc(COc2ccccc2F)nc(n1)c3ccccn3,6.4
1816,CHEMBL3740771,Cc1cc(COc2cccc(F)c2)nc(n1)c3ccccn3,6.1
1817,CHEMBL3740314,Cc1cc(COc2ccc(F)cc2)nc(n1)c3ccccn3,6.2
1818,CHEMBL3741230,Cc1cc(COc2cccc(F)c2F)nc(n1)c3ccccn3,6.4
1819,CHEMBL3741109,Cc1cc(COc2ccc(F)cc2F)nc(n1)c3ccccn3,6.4
1820,CHEMBL3741570,Cc1cc(COc2ccc(F)c(F)c2)nc(n1)c3ccccn3,6.3
1821,CHEMBL3739712,Cc1cc(COc2ccc(F)c(F)c2F)nc(n1)c3ccccn3,6.6
1822,CHEMBL3741919,Cc1cc(COc2cc(F)cc(F)c2F)nc(n1)c3ccccn3,6.3
1823,CHEMBL3742333,Cc1cc(COc2c(F)ccc(F)c2F)nc(n1)c3ccccn3,5.8
1824,CHEMBL3740906,Cc1cc(COc2cc(F)c(F)cc2F)nc(n1)c3ccccn3,6.4
1825,CHEMBL3739963,Cc1cc(COc2c(F)cc(F)cc2F)nc(n1)c3ccccn3,5.9
1826,CHEMBL3740515,Cc1cc(COc2cc(F)c(F)c(F)c2)nc(n1)c3ccccn3,6.4
1827,CHEMBL3739442,COc1cc(COc2cccc(F)c2)nc(n1)c3ccccn3,5.9
1828,CHEMBL3741974,CCOc1cc(COc2cccc(F)c2)nc(n1)c3ccccn3,6.6
1829,CHEMBL3742371,CN(C)c1cc(COc2cccc(F)c2)nc(n1)c3ccccn3,5.8
1830,CHEMBL3741858,CCNc1cc(COc2cccc(F)c2)nc(n1)c3ccccn3,6.2
1833,CHEMBL3741899,OC1CN(C1)c2cc(COc3ccc(F)c(F)c3F)nc(n2)c4ccccn4,5.5
1835,CHEMBL3753362,Cc1cc(Cl)ccc1c2cccc(COc3ccc(cc3)[C@H](CC(=O)O)c4nccn4C)c2C,4.64
1845,CHEMBL3754173,Cn1ccnc1[C@@H](CC(=O)O)c2ccc(OCc3cccc(c3)c4ccccc4OC(F)(F)F)cc2,4.22
1870,CHEMBL3754486,Cn1ccnc1C(CC(=O)O)c2ccc(OCc3cccc(c3)c4ccc(cc4)C(F)(F)F)cc2,6.89
1871,CHEMBL3752026,OC(=O)CC(c1ccc(OCc2cccc(c2)c3ccc(cc3)C(F)(F)F)cc1)c4nccs4,6.92
1872,CHEMBL3753088,OC(=O)CC(c1ccc(OCc2cccc(c2)c3ccc(cc3)C(F)(F)F)cc1)c4cccs4,6.72
1873,CHEMBL3752557,OC(=O)CC(c1ccncc1)c2ccc(OCc3cccc(c3)c4ccc(cc4)C(F)(F)F)cc2,6.72
1874,CHEMBL3753057,OC(=O)CC(c1ccc(OCc2cccc(c2)c3ccc(cc3)C(F)(F)F)cc1)c4cccnc4,6.4
1875,CHEMBL3753980,OC(=O)CC(c1ccc(OCc2cccc(c2)c3ccc(cc3)C(F)(F)F)cc1)c4ccccn4,6.48
1876,CHEMBL3752303,OC(=O)CC(c1ccccc1)c2ccc(OCc3cccc(c3)c4ccc(cc4)C(F)(F)F)cc2,6.48
1882,CHEMBL3758549,Brc1cccc(COc2ccc(CC3SC(=O)NC3=O)cc2)c1,5.45
1883,CHEMBL3759133,Brc1ccc(COc2ccc(CC3SC(=O)NC3=O)cc2)cc1,4.64
1884,CHEMBL3759467,O=C1NC(=O)C(Cc2ccc(OCc3cccc(c3)c4ccccc4)cc2)S1,5.0
1885,CHEMBL3759922,Cc1ccccc1c2cccc(COc3ccc(CC4SC(=O)NC4=O)cc3)c2,5.11
1886,CHEMBL3759212,Cc1cccc(C)c1c2cccc(COc3ccc(CC4SC(=O)NC4=O)cc3)c2,5.94
1887,CHEMBL3758553,FC(F)(F)c1ccc(cc1)c2cccc(COc3ccc(CC4SC(=O)NC4=O)cc3)c2,5.21
1888,CHEMBL3759866,COc1cccc(O[C@@H](CCOc2ccc(CC3SC(=O)NC3=O)cc2)c4ccccc4)c1,4.71
1889,CHEMBL3759746,FC(F)(F)c1ccc(O[C@@H](CCOc2ccc(CC3SC(=O)NC3=O)cc2)c4ccccc4)cc1,5.13
1890,CHEMBL3759913,Clc1ccc(O[C@@H](CCOc2ccc(CC3SC(=O)NC3=O)cc2)c4ccccc4)cc1,5.07
1891,CHEMBL3758719,Clc1ccc(O[C@@H](CCOc2ccc(CC3SC(=O)NC3=O)cc2)c4ccccc4)c(Cl)c1,5.78
1892,CHEMBL3758919,O=C1NC(=O)C(Cc2ccc(OCc3nc4ccccc4n3Cc5ccccc5)cc2)S1,5.39
1893,CHEMBL3758197,CC(C)Cn1c(COc2ccc(CC3SC(=O)NC3=O)cc2)nc4ccccc14,5.72
1894,CHEMBL3758885,C=CCn1c(COc2ccc(CC3SC(=O)NC3=O)cc2)nc4ccccc14,4.68
1895,CHEMBL3759448,CC(C)n1c(COc2ccc(CC3SC(=O)NC3=O)cc2)nc4ccccc14,4.78
1896,CHEMBL464982,CCCCC\C=C/C\C=C/C\C=C/CCCCC(=O)O,5.34
1898,CHEMBL448569,CCCCCCCCC1SC(=O)NC1=O,5.1
1899,CHEMBL3758511,CCOC(=O)CCCCCOc1ccc2cc(CC3SC(=O)NC3=O)ccc2c1,5.2
1999,CHEMBL3785789,CCCCCCCC#Cc1ccc(CCC(=O)O)cc1,5.84
2000,CHEMBL3787580,OC(=O)CCc1ccc(cc1)C#CCc2ccccc2,6.41
2001,CHEMBL3787151,OC(=O)CCc1ccc(cc1)C#CCCc2ccccc2,5.74
2002,CHEMBL3786964,OC(=O)CCc1ccc(cc1)C#CC2CC2,5.3
2003,CHEMBL3787110,OC(=O)CCc1ccc(cc1)C#CC2CCCC2,6.31
2004,CHEMBL3786418,OC(=O)CCc1ccc(cc1)C#CC2CCCCC2,6.29
2006,CHEMBL3786524,OC(=O)CCc1ccc(cc1)C#CC2=CCCCC2,6.7
2007,CHEMBL3785544,CC(=C)C#Cc1ccc(CCC(=O)O)cc1,6.38
2010,CHEMBL3786526,C\C=C\C#Cc1ccc(CCC(=O)O)c(F)c1,6.68
2014,CHEMBL3785413,C\C(=C\CO)\C#Cc1ccc(CCC(=O)O)c(F)c1,6.37
2035,CHEMBL3800255,CC(C)COc1cc(COc2ccc(CCC(=O)O)c(F)c2)cc(c1)c3c(C)onc3C,6.85
2048,CHEMBL3798642,Cc1onc(C)c1c2cc(COc3ccc(CCC(=O)O)c(F)c3)cc(c2)C(F)(F)F,6.94
2054,CHEMBL3798992,Cc1onc(C)c1c2cc(COc3ccc(CCC(=O)O)c(F)c3)cc(OC4CCCC4)c2,6.99
2055,CHEMBL3798520,Cc1onc(C)c1c2cccc(COc3ccc(CCC(=O)O)c(F)c3)n2,6.3
2056,CHEMBL3800040,Cc1onc(C)c1c2cncc(COc3ccc(CCC(=O)O)c(F)c3)c2,5.3
2057,CHEMBL3799646,Cc1onc(C)c1c2cc(COc3ccc(CCC(=O)O)c(F)c3)ccn2,6.06
2058,CHEMBL3797836,Cc1onc(C)c1c2ccnc(COc3ccc(CCC(=O)O)c(F)c3)c2,5.71
2059,CHEMBL3797889,Cc1onc(C)c1C#Cc2cccc(COc3ccc(CCC(=O)O)c(F)c3)c2,6.67
2086,CHEMBL3805377,OC(=O)CCc1ccc(OCc2nnc(s2)C(=O)Nc3cccc(Cl)c3)cc1,4.97
2087,CHEMBL3805246,Cc1ccc(NC(=O)c2nnc(COc3ccc(CCC(=O)O)cc3)s2)cc1,5.37
2088,CHEMBL3805952,OC(=O)CCc1ccc(OCc2nnc(s2)C(=O)Nc3ccc(F)c(F)c3)cc1,6.24
2089,CHEMBL3805670,COc1cccc(NC(=O)c2nnc(COc3ccc(CCC(=O)O)cc3)s2)c1,5.33
2090,CHEMBL3805903,OC(=O)CCc1ccc(OCc2nnc(s2)C(=O)Nc3cccc(F)c3)cc1,5.92
2091,CHEMBL3805971,OC(=O)CCc1ccc(OCc2nnc(s2)C(=O)Nc3ccc(Cl)cc3)cc1,5.43
2092,CHEMBL3805668,Cc1ccccc1NC(=O)c2nnc(COc3ccc(CCC(=O)O)cc3)s2,5.82
2093,CHEMBL3805086,OC(=O)CCc1ccc(OCc2nnc(s2)C(=O)Nc3ccc(F)cc3)cc1,5.18
2094,CHEMBL3806055,Cc1cccc(NC(=O)c2nnc(COc3ccc(CCC(=O)O)cc3)s2)c1,5.75
2095,CHEMBL3805888,OC(=O)CCc1ccc(OCc2nnc(s2)C(=O)Nc3ccccc3F)cc1,6.24
2097,CHEMBL3806208,OC(=O)CCc1ccc(OCc2nnc(s2)C(=O)Nc3ccccc3)cc1,5.98
2098,CHEMBL3804883,OC(=O)CCc1nnc(s1)C(=O)Nc2ccc(OCc3ccccc3)cc2,4.75
2099,CHEMBL3805303,OC(=O)CCc1nnc(s1)C(=O)Nc2cccc(c2)c3occc3,5.79
2100,CHEMBL3805879,OC(=O)CCc1nnc(s1)C(=O)Nc2cccc(c2)c3ccc(F)cc3,5.89
2101,CHEMBL3805558,OC(=O)CCc1nnc(s1)C(=O)Nc2cccc(c2)c3cccc(Cl)c3,5.77
2102,CHEMBL3805328,Cc1cccc(c1)c2cccc(NC(=O)c3nnc(CCC(=O)O)s3)c2,6.12
