,molecule_chembl_id,canonical_smiles,pchembl_value
0,CHEMBL3311302,Cc1ccc(cc1)S(=O)(=O)NC2c3ccccc3Oc4ccccc24,7.1
33,CHEMBL207881,OC(=O)CCc1ccc(NCc2cccc(Oc3ccccc3)c2)cc1,5.85
35,CHEMBL449588,Cc1ccccc1C#Cc2ccc(CCC(=O)O)cc2,5.65
36,CHEMBL1688452,OC(=O)CCc1ccc(OCc2ccccc2)cc1,4.93
37,CHEMBL234834,OC(=O)CCc1ccc(NCc2ccccc2)cc1,4.24
38,CHEMBL1773252,OC(=O)CCc1ccc(OCc2ccc(Br)cc2)cc1,5.27
39,CHEMBL1773253,OC(=O)CCc1ccc(OCc2ccccc2Br)cc1,5.76
40,CHEMBL1773254,OC(=O)CCc1ccc(OCc2cccc(Br)c2)cc1,6.32
41,CHEMBL394666,OC(=O)CCc1ccc(NCc2cccc(Br)c2)cc1,5.51
42,CHEMBL1773255,OC(=O)CCc1ccc(OCc2cccc(c2)C#N)cc1,4.68
43,CHEMBL1773257,OC(=O)CCc1ccc(OCc2cccc(c2)C(F)(F)F)cc1,5.89
44,CHEMBL1773256,OC(=O)CCc1ccc(NCc2cccc(c2)C(F)(F)F)cc1,5.17
45,CHEMBL1688458,OC(=O)CCc1ccc(OCc2cccc(Oc3ccccc3)c2)cc1,6.25
46,CHEMBL1688454,OC(=O)CCc1ccc(OCc2ccc(Oc3ccccc3)cc2)cc1,4.78
47,CHEMBL234057,OC(=O)CCc1ccc(NCc2ccc(Oc3ccccc3)cc2)cc1,5.35
48,CHEMBL234269,OC(=O)CCc1ccc(NCc2ccc(cc2)c3ccccc3)cc1,4.23
49,CHEMBL1688457,OC(=O)CCc1ccc(OCc2cccc(c2)c3ccccc3)cc1,5.62
50,CHEMBL1773258,OC(=O)CCc1ccc(NCc2cccc(c2)c3ccccc3)cc1,5.32
51,CHEMBL1688455,OC(=O)CCc1ccc(OCc2ccccc2c3ccccc3)cc1,6.43
52,CHEMBL1773259,OC(=O)CCc1ccc(NCc2ccccc2c3ccccc3)cc1,4.29
53,CHEMBL1688465,Cc1ccccc1c2cccc(COc3ccc(CCC(=O)O)cc3)c2,5.06
54,CHEMBL1773261,Cc1ccccc1c2cccc(CNc3ccc(CCC(=O)O)cc3)c2,5.2
55,CHEMBL2058518,Cc1ccccc1c2ccccc2COc3ccc(CCC(=O)O)cc3,5.15
56,CHEMBL2058519,Cc1cccc(c1)c2ccccc2COc3ccc(CCC(=O)O)cc3,5.71
57,CHEMBL2058520,Cc1ccc(cc1)c2ccccc2COc3ccc(CCC(=O)O)cc3,6.75
58,CHEMBL2058521,OC(=O)CCc1ccc(OCc2ccccc2c3ccc(F)cc3)cc1,6.23
59,CHEMBL2058522,OC(=O)CCc1ccc(OCc2ccccc2c3ccc(Cl)cc3)cc1,6.51
60,CHEMBL2058523,OC(=O)CCc1ccc(OCc2ccccc2c3ccc(Br)cc3)cc1,6.53
61,CHEMBL2058524,OC(=O)CCc1ccc(OCc2ccccc2c3ccc(cc3)C(F)(F)F)cc1,5.69
62,CHEMBL2058525,COc1ccc(cc1)c2ccccc2COc3ccc(CCC(=O)O)cc3,6.72
63,CHEMBL2058526,CCOc1ccc(cc1)c2ccccc2COc3ccc(CCC(=O)O)cc3,5.66
64,CHEMBL2058527,OC(=O)CCc1ccc(OCc2ccccc2c3ccc(OC(F)(F)F)cc3)cc1,5.36
65,CHEMBL2058528,CSc1ccc(cc1)c2ccccc2COc3ccc(CCC(=O)O)cc3,6.63
66,CHEMBL2058529,OC(=O)CCc1ccc(OCc2cc(Cl)ccc2c3ccccc3)cc1,6.62
67,CHEMBL2058530,OC(=O)CCc1ccc(OCc2ccc(Cl)cc2c3ccccc3)cc1,6.04
68,CHEMBL2058531,Cc1ccc(cc1)c2ccc(Cl)cc2COc3ccc(CCC(=O)O)cc3,6.29
69,CHEMBL2058532,OC(=O)CCc1ccc(OCc2cc(F)ccc2c3ccccc3)cc1,6.96
70,CHEMBL2058533,Cc1ccc(cc1)c2ccc(F)cc2COc3ccc(CCC(=O)O)cc3,7.36
131,CHEMBL2315528,OC(=O)CCc1ccc(cc1)C#Cc2ccccc2CC#N,5.32
134,CHEMBL2386371,CS(=O)(=O)CCCOCc1cccc(c1)C#Cc2ccc(CCC(=O)O)c(F)c2,6.52
135,CHEMBL2386370,CS(=O)(=O)CCCOCc1ccccc1C#Cc2ccc(CCC(=O)O)c(F)c2,6.52
136,CHEMBL2386369,CS(=O)(=O)CCOCc1cccc(c1)C#Cc2ccc(CCC(=O)O)c(F)c2,6.52
137,CHEMBL2386368,CS(=O)(=O)CCOCc1ccccc1C#Cc2ccc(CCC(=O)O)c(F)c2,6.52
176,CHEMBL2131154,Cc1cc(C)c(NS(=O)(=O)c2ccccc2)c(C)c1,4.9
177,CHEMBL3311312,COc1cccc(c1)S(=O)(=O)Nc2c(C)cc(C)cc2C,4.9
178,CHEMBL3311324,COc1ccc(cc1OC)S(=O)(=O)Nc2c(C)cc(C)cc2C,5.0
179,CHEMBL3311316,CC(=O)c1ccc(cc1)S(=O)(=O)Nc2c(C)cc(C)cc2C,5.1
180,CHEMBL3311317,Cc1cc(C)c(NS(=O)(=O)c2ccc(F)cc2)c(C)c1,5.2
181,CHEMBL3311303,COC(=O)c1cccc(NS(=O)(=O)c2ccc(C)cc2)c1C,5.4
182,CHEMBL3311306,COc1ccc(cc1)S(=O)(=O)Nc2c(C)cccc2C,5.5
183,CHEMBL3311318,Cc1cc(C)c(NS(=O)(=O)c2ccc(Cl)cc2)c(C)c1,5.5
184,CHEMBL3311305,COc1ccc(cc1)S(=O)(=O)Nc2ccc(C)cc2C,5.6
185,CHEMBL3311322,CC(C)Oc1ccc(cc1)S(=O)(=O)Nc2c(C)cc(C)cc2C,5.7
186,CHEMBL3311326,Cc1cc(C)c(NS(=O)(=O)c2ccc3OCCCOc3c2)c(C)c1,5.7
187,CHEMBL3311313,Cc1cc(C)c(NS(=O)(=O)c2ccc(OC(F)(F)F)cc2)c(C)c1,5.9
188,CHEMBL3311314,Cc1ccc(cc1)S(=O)(=O)Nc2c(C)cc(C)cc2C,6.0
189,CHEMBL3311196,COc1ccc(cc1)S(=O)(=O)Nc2c(C)cc(F)cc2C,6.0
190,CHEMBL1581959,COc1cc(ccc1Cl)S(=O)(=O)Nc2c(C)cc(C)cc2C,6.1
191,CHEMBL3311308,COc1ccc(cc1)S(=O)(=O)Nc2c(C)cc(C)cc2C,6.3
192,CHEMBL3311197,COc1ccc(cc1)S(=O)(=O)Nc2c(C)cc(Cl)cc2C,6.3
193,CHEMBL3311319,CCCc1ccc(cc1)S(=O)(=O)Nc2c(C)cc(C)cc2C,6.4
194,CHEMBL3311198,COc1ccc(cc1)S(=O)(=O)Nc2c(C)cc(OC)cc2C,6.4
195,CHEMBL267476,CCCCC\C=C/C\C=C/CCCCCCCC(=O)O,6.5
196,CHEMBL3311325,Cc1cc(C)c(NS(=O)(=O)c2ccc3OCCOc3c2)c(C)c1,6.5
197,CHEMBL3311327,COc1ccc(cc1)S(=O)(=O)Nc2c(C)cc(CC=C)cc2C,6.5
247,CHEMBL3785789,CCCCCCCC#Cc1ccc(CCC(=O)O)cc1,5.39
248,CHEMBL3787580,OC(=O)CCc1ccc(cc1)C#CCc2ccccc2,4.98
249,CHEMBL3787151,OC(=O)CCc1ccc(cc1)C#CCCc2ccccc2,5.32
251,CHEMBL3787110,OC(=O)CCc1ccc(cc1)C#CC2CCCC2,4.47
252,CHEMBL3786418,OC(=O)CCc1ccc(cc1)C#CC2CCCCC2,5.02
256,CHEMBL3786972,CC(=C(C)C#Cc1ccc(CCC(=O)O)cc1)C,5.12
258,CHEMBL3786526,C\C=C\C#Cc1ccc(CCC(=O)O)c(F)c1,4.46
259,CHEMBL3785764,C\C=C(/C)\C#Cc1ccc(CCC(=O)O)c(F)c1,4.58
260,CHEMBL3785637,C\C=C(\C)/C#Cc1ccc(CCC(=O)O)c(F)c1,4.7
261,CHEMBL3787072,C\C=C/C#Cc1ccc(CCC(=O)O)c(F)c1,4.75
