,molecule_chembl_id,canonical_smiles,pchembl_value
0,CHEMBL1770298,Cc1ccc(s1)C(NC(=O)c2ccccc2O)C(=O)Nc3c(C)cccc3C,7.0
1,CHEMBL267179,CSCC[C@H](NC=O)C(=O)N[C@@H](CC(C)C)C(=O)N[C@@H](Cc1ccccc1)C(=O)O,7.38
2,CHEMBL1770297,CCOc1ccc2oc(C(=O)NC(CCSC)c3nc4ccccc4[nH]3)c(C)c2c1,7.5
3,CHEMBL415296,CC(C)C[C@@H](NC(=O)[C@H](Cc1ccccc1)NC(=O)[C@@H](CC(C)C)NC(=O)[C@H](Cc2ccccc2)NC(=O)NC34CC5CC(CC(C5)C3)C4)C(=O)N[C@@H](Cc6ccccc6)C(=O)O,7.7
4,CHEMBL7753,COc1ccc(NC(=O)N[C@@H](CCSC)C(=O)N[C@@H](CC(C)C)C(=O)NC(Cc2ccccc2)C(=O)O)cc1,8.7
106,CHEMBL265408,CCCCNC(=O)N[C@@H](CCSC)C(=O)N[C@@H](CC(C)C)C(=O)N[C@@H](Cc1ccccc1)C(=O)O,6.52
108,CHEMBL266448,CCCNC(=O)N[C@@H](CCSC)C(=O)N[C@@H](CC(C)C)C(=O)N[C@@H](Cc1ccccc1)C(=O)O,5.7
111,CHEMBL7034,CSCC[C@H](NC(=O)NC(C)C)C(=O)N[C@@H](CC(C)C)C(=O)N[C@@H](Cc1ccccc1)C(=O)O,5.7
113,CHEMBL7486,CC(C)C[C@@H](NC(=O)[C@H](Cc1ccccc1)NC(=O)[C@@H](CC(C)C)NC(=O)[C@H](Cc2ccccc2)NC(=O)Nc3cccc(C)c3)C(=O)N[C@@H](Cc4ccccc4)C(=O)O,6.7
116,CHEMBL266802,CSCC[C@H](NC(=O)Nc1ccc(C)cc1)C(=O)N[C@@H](CC(C)C)C(=O)N[C@@H](Cc2ccccc2)C(=O)O,8.7
118,CHEMBL267388,CSCC[C@H](NC(=O)Nc1ccc(Cl)cc1)C(=O)N[C@@H](CC(C)C)C(=O)N[C@@H](Cc2ccccc2)C(=O)O,8.7
120,CHEMBL162488,CC(C)C[C@@H](NC(=O)[C@H](Cc1ccccc1)NC(=O)[C@@H](CC(C)C)NC(=O)[C@H](Cc2ccccc2)NC(=O)Nc3ccccc3)C(=O)N[C@@H](Cc4ccccc4)C(=O)O,7.3
123,CHEMBL7520,CSCC[C@H](NC(=O)Nc1ccccc1)C(=O)N[C@@H](CC(C)C)C(=O)N[C@@H](Cc2ccccc2)C(=O)O,7.52
125,CHEMBL6450,CC(C)C[C@@H](NC(=O)[C@H](Cc1ccccc1)NC(=O)[C@@H](CC(C)C)NC(=O)[C@H](Cc2ccccc2)NC(=O)N)C(=O)N[C@@H](Cc3ccccc3)C(=O)O,6.1
127,CHEMBL268823,CSCC[C@H](NC(=O)NCC(C)C)C(=O)N[C@@H](CC(C)C)C(=O)N[C@@H](Cc1ccccc1)C(=O)O,6.0
130,CHEMBL6997,CSCC[C@H](NC(=O)Nc1cccc(C)c1)C(=O)N[C@@H](CC(C)C)C(=O)N[C@@H](Cc2ccccc2)C(=O)O,7.0
133,CHEMBL6779,CSCC[C@H](NC(=O)NC12CC3CC(CC(C3)C1)C2)C(=O)N[C@@H](CC(C)C)C(=O)N[C@@H](Cc4ccccc4)C(=O)O,6.05
135,CHEMBL266089,CSCC[C@H](NC(=O)NC(=C)C)C(=O)N[C@@H](CC(C)C)C(=O)N[C@@H](Cc1ccccc1)C(=O)O,6.52
136,CHEMBL7214,CCNC(=O)N[C@@H](CCSC)C(=O)N[C@@H](CC(C)C)C(=O)N[C@@H](Cc1ccccc1)C(=O)O,6.0
142,CHEMBL7363,CCCCNC(=O)N[C@@H](Cc1ccccc1)C(=O)N[C@H](CC(C)C)C(=O)N[C@@H](Cc2ccccc2)C(=O)N[C@H](CC(C)C)C(=O)N[C@@H](Cc3ccccc3)C(=O)O,6.52
147,CHEMBL7306,CSCC[C@H](NC(=O)N)C(=O)N[C@@H](CC(C)C)C(=O)N[C@@H](Cc1ccccc1)C(=O)O,5.7
149,CHEMBL7226,CSCC[C@H](NC(=O)NCc1ccccc1)C(=O)N[C@@H](CC(C)C)C(=O)N[C@@H](Cc2ccccc2)C(=O)O,6.1
151,CHEMBL7181,CNC(=O)N[C@@H](CCSC)C(=O)N[C@@H](CC(C)C)C(=O)N[C@@H](Cc1ccccc1)C(=O)O,5.52
154,CHEMBL415299,CSCC[C@H](NC(=O)NC(C)(C)C)C(=O)N[C@@H](CC(C)C)C(=O)N[C@@H](Cc1ccccc1)C(=O)O,5.52
157,CHEMBL7122,CC(C)C[C@@H](NC(=O)[C@H](Cc1ccccc1)NC(=O)[C@@H](CC(C)C)NC(=O)[C@H](Cc2ccccc2)NC(=O)NC(C)C)C(=O)N[C@@H](Cc3ccccc3)C(=O)O,6.7
192,CHEMBL561375,COc1cccc(CC2=CC(=NN(CC(=O)Nc3ccccc3)C2=O)C)c1,5.5
194,CHEMBL539401,COc1cccc(CC2=CC(=NN(CC(=O)Nc3ccc(C)cc3)C2=O)C)c1,5.8
196,CHEMBL562910,COc1ccc(NC(=O)CN2N=C(C)C=C(Cc3cccc(OC)c3)C2=O)cc1,5.96
198,CHEMBL554291,COc1cccc(CC2=CC(=NN(CC(=O)Nc3ccc(OC)c(OC)c3)C2=O)C)c1,5.44
200,CHEMBL556485,COc1cccc(CC2=CC(=NN(CC(=O)Nc3ccc4OCOc4c3)C2=O)C)c1,5.44
202,CHEMBL549570,COc1cccc(CC2=CC(=NN(CC(=O)Nc3ccc(cc3)C(F)(F)F)C2=O)C)c1,4.66
204,CHEMBL562380,COc1ccc(CC2=CC(=NN(CC(=O)Nc3ccc(Br)cc3)C2=O)C)cc1,5.37
212,CHEMBL551589,COc1cccc(CC2=CC(=NN(CC(=O)Nc3ccc(Br)cc3)C2=O)C)c1,5.47
213,CHEMBL551590,COc1cccc(CC2=CC(=NN(CCC(=O)Nc3ccc(Br)cc3)C2=O)C)c1,5.01
214,CHEMBL564392,COc1cccc(CC2=CC(=NN(C(C)C(=O)Nc3ccc(Br)cc3)C2=O)C)c1,5.5
226,CHEMBL552527,CSCC[C@H](NC(=O)[C@H](Cc1ccc(O)cc1)NC(=O)[C@H](CCCCN)NC(=O)[C@@H](N)Cc2c[nH]c3ccccc23)C(=O)N[C@@H](C(C)C)C(=O)N[C@H](CCSC)C(=O)N,6.3
229,CHEMBL556625,COc1cccc(CC2=CC(=NN(CC(=O)Nc3ccc(Cl)cc3)C2=O)C)c1,5.59
230,CHEMBL560780,COc1cccc(CC2=CC(=NN(CC(=O)Nc3ccc(I)cc3)C2=O)C)c1,5.55
231,CHEMBL552396,COc1cccc(CC2=CC(=NN(CC(=O)Nc3ccc(F)cc3)C2=O)C)c1,5.12
241,CHEMBL562456,COc1cccc(CC2=CC(=NN(CC(=O)Nc3ccc(cc3)[N+](=O)[O-])C2=O)C)c1,4.98
389,CHEMBL1770484,CCC[C@H](NC(=O)c1oc2ccc(OCC)cc2c1C)c3nc4ccccc4[nH]3,6.0
391,CHEMBL1770482,CCOc1ccc2oc(C(=O)NC(CS(=O)(=O)C)c3nc4ccccc4[nH]3)c(C)c2c1,5.0
392,CHEMBL1770481,CCOc1ccc2oc(C(=O)N[C@H](CSC)c3nc4ccccc4[nH]3)c(C)c2c1,6.2
394,CHEMBL1770479,CSCCC(NC(=O)c1sccc1Cl)c2ncc([nH]2)c3ccccc3,5.2
395,CHEMBL1770478,CCOc1ccc2oc(C(=O)NC(CCSC)c3nc4ncncc4[nH]3)c(C)c2c1,5.3
396,CHEMBL1770477,CCOc1ccc2oc(C(=O)NC(CCSC)c3nc4ncccc4[nH]3)c(C)c2c1,5.5
398,CHEMBL1770475,CSCCC(NC(=O)c1ccccc1)c2nc3ccccc3n2Cc4ccc(cc4)C#N,6.5
399,CHEMBL1770474,CSCCC(NC(=O)c1ccccc1)c2nc3ccccc3n2Cc4ccccc4,5.6
401,CHEMBL1770472,CSCCC(NC(=O)c1ccc(C)cc1)c2nc3ccccc3[nH]2,5.0
402,CHEMBL1770471,CSCCC(NC(=O)c1sccc1Cl)c2nc3ccccc3[nH]2,5.7
403,CHEMBL1770470,CSCCC(NC(=O)c1ocnc1C)c2nc3ccccc3[nH]2,5.0
404,CHEMBL1545798,CSCCC(NC(=O)C1CCCCC1)c2nc3ccccc3[nH]2,5.6
405,CHEMBL1770469,CSCCC(NC(=O)c1cnccn1)c2nc3ccccc3[nH]2,5.0
406,CHEMBL1770468,CSCCC(NC(=O)c1ccccc1O)c2nc3ccccc3[nH]2,5.4
408,CHEMBL1770466,CSCCC(NC(=O)c1ccccc1)c2nc3ccccc3[nH]2,5.3
409,CHEMBL1770310,CSCCC(NC(=O)c1occc1C)c2nc3ccccc3[nH]2,5.4
410,CHEMBL1770309,CSCCC(NC(=O)c1oc2ccccc2c1C)c3nc4ccccc4[nH]3,5.4
411,CHEMBL1770308,CN(C(C(=O)Nc1c(C)cccc1C)c2ccccc2)C(=O)c3ccccc3O,5.0
412,CHEMBL1770307,Cc1cccc(C)c1NC(=O)C(NC(=O)C2=Nc3ccccc3NC2=O)c4ccc(Cl)cc4,5.6
415,CHEMBL1770304,Oc1ccccc1C(=O)NC(C(=O)NC2CCCCC2)c3ccc(Cl)cc3,5.6
416,CHEMBL1770303,Oc1ccccc1C(=O)NC(C(=O)Nc2ccccc2)c3ccc(Cl)cc3,5.3
417,CHEMBL1770302,Cc1cccc(C)c1NC(=O)C(NC(=O)c2ccccc2O)C3CCCCC3,6.1
418,CHEMBL1770301,Cc1cccc(C)c1NC(=O)C(NC(=O)c2ccccc2O)c3cn(C)cn3,5.8
419,CHEMBL1770153,Cc1cccc(C)c1NC(=O)C(NC(=O)c2ccccc2O)c3ccccc3,5.9
420,CHEMBL1770300,Cc1cccc(C(NC(=O)c2ccccc2O)C(=O)Nc3c(C)cccc3C)c1C,7.1
421,CHEMBL1770299,Cc1cccc(C)c1NC(=O)C(NC(=O)c2ccccc2O)c3ccc(Cl)cc3,6.1
436,CHEMBL832,[O-][S+](CCC1C(=O)N(N(C1=O)c2ccccc2)c3ccccc3)c4ccccc4,5.0
437,CHEMBL1770295,CC(C)C(N1C(=S)S\C(=C\2/C(=O)N(C)c3ccccc23)\C1=O)C(=O)O,5.3
439,CHEMBL1770296,CSCC[C@H](NC(=O)OC(C)(C)C)C(=O)N[C@@H](CC(C)C)C(=O)N[C@@H](Cc1ccccc1)C(=O)O,5.6
445,CHEMBL1916082,CCC(CC)NC(=O)c1cnn(c1NS(=O)(=O)c2ccc(C)cc2)c3ccccc3,5.7
446,CHEMBL1916084,Cc1ccc(cc1)S(=O)(=O)Nc2c(cnn2c3ccccc3)C(=O)NC4CCCCC4,5.4
447,CHEMBL1916085,CN(C1CCCCC1)C(=O)c2cnn(c2NS(=O)(=O)c3ccc(C)cc3)c4ccccc4,5.8
448,CHEMBL1916086,Cc1ccc(cc1)S(=O)(=O)Nc2c(cnn2c3ccccc3)C(=O)NCc4ccccc4,5.0
449,CHEMBL1916087,Cc1ccc(cc1)S(=O)(=O)Nc2c(cnn2c3ccccc3)C(=O)NCc4ccc(C)cc4C,6.1
450,CHEMBL1916255,CCCC(CC)NC(=O)c1cnn(c1NS(=O)(=O)c2ccc(C)cc2)c3ccccc3,6.5
451,CHEMBL1916257,Cc1ccc(cc1)S(=O)(=O)Nc2c(cnn2c3ccccc3)C(=O)NC4CCOCC4,5.0
452,CHEMBL1916258,CCC(CC)NC(=O)c1cnn(c1NS(=O)(=O)c2ccccc2C)c3ccccc3,5.2
453,CHEMBL1916259,CCC(CC)NC(=O)c1cnn(c1NS(=O)(=O)c2ccccc2)c3ccccc3,5.3
454,CHEMBL1916260,CCC(CC)NC(=O)c1cnn(c1NS(=O)(=O)C2CCCC2)c3ccccc3,5.3
455,CHEMBL1916261,CCC(CC)NC(=O)c1nnn(c1NS(=O)(=O)c2ccc(C)cc2)c3ccccc3,5.4
456,CHEMBL1916262,CCC(CC)NC(=O)c1ncn(c1NS(=O)(=O)c2ccc(C)cc2)c3ccccc3,5.8
457,CHEMBL1916263,CCC(CC)NC(=O)c1cn(nc1NS(=O)(=O)c2ccc(C)cc2)c3ccccc3,5.0
458,CHEMBL1916264,CCC(CC)NC(=O)c1cnn(c1NS(=O)(=O)c2ccc(C)cc2)c3ccccc3Cl,5.0
459,CHEMBL1916265,CCC(CC)NC(=O)c1cnn(c1NS(=O)(=O)c2ccc(C)cc2)c3ccc(cc3)C#N,4.8
460,CHEMBL1916266,CCC(CC)NC(=O)c1cnn(c1NS(=O)(=O)c2ccc(C)cc2)c3ccccn3,4.7
461,CHEMBL1916267,CCC(CC)NC(=O)c1cnn(Cc2ccccc2)c1NS(=O)(=O)c3ccc(C)cc3,5.3
462,CHEMBL1916268,CCC(CC)NC(=O)c1cnn(C(C)C)c1NS(=O)(=O)c2ccc(C)cc2,5.0
463,CHEMBL1916270,CCC(CC)NC(=O)c1cnn(c1NS(=O)(=O)c2ccc(cc2)c3ocnc3)c4ccccc4,5.3
464,CHEMBL1916271,CCN(C1CCCCC1)C(=O)c2cnn(c2NS(=O)(=O)c3ccc(cc3)c4ocnc4)c5ccccc5,7.1
465,CHEMBL1916272,CCC(CC)NC(=O)c1c(C)nn(c1NS(=O)(=O)c2ccc(C)cc2)c3ccccc3,6.3
466,CHEMBL1916273,CC(C)NC(=O)c1c(C)nn(c1NS(=O)(=O)c2ccc(C)cc2)c3ccccc3,5.2
467,CHEMBL1916274,Cc1ccc(cc1)S(=O)(=O)Nc2c(C(=O)NC3CCCCC3)c(C)nn2c4ccccc4,6.1
468,CHEMBL1916275,CN(C1CCCCC1)C(=O)c2c(C)nn(c2NS(=O)(=O)c3ccc(C)cc3)c4ccccc4,5.5
469,CHEMBL1916276,CC1CCCCC1NC(=O)c2cnn(c2NS(=O)(=O)c3ccc(C)cc3)c4ccccc4,6.0
470,CHEMBL1916277,CC1CCCCC1NC(=O)c2c(C)nn(c2NS(=O)(=O)c3ccc(C)cc3)c4ccccc4,6.8
471,CHEMBL1916278,Cc1ccc(cc1)S(=O)(=O)Nc2c(C(=O)NC3CCOCC3)c(C)nn2c4ccccc4,5.3
472,CHEMBL1916279,Cc1ccc(cc1)S(=O)(=O)Nc2c(C(=O)NCC(C)(C)C)c(C)nn2c3ccccc3,5.7
473,CHEMBL1916280,CCC(C)NC(=O)c1c(C)nn(c1NS(=O)(=O)c2ccc(C)cc2)c3ccccc3,6.8
474,CHEMBL1916281,CC(NC(=O)c1c(C)nn(c1NS(=O)(=O)c2ccc(C)cc2)c3ccccc3)C(C)(C)C,6.9
475,CHEMBL1916282,C[C@H](NC(=O)c1c(C)nn(c1NS(=O)(=O)c2ccc(C)cc2)c3ccccc3)C(C)(C)C,7.1
476,CHEMBL1916283,C[C@@H](NC(=O)c1c(C)nn(c1NS(=O)(=O)c2ccc(C)cc2)c3ccccc3)C(C)(C)C,6.3
477,CHEMBL1916284,C[C@H](NC(=O)c1c(NS(=O)(=O)c2ccc(C)cc2)n(nc1C(F)(F)F)c3ccccc3)C(C)(C)C,7.6
478,CHEMBL1916286,C[C@H](NC(=O)c1c(C)nn(c1NS(=O)(=O)C2CCCCC2)c3ccccc3)C(C)(C)C,6.0
479,CHEMBL1916287,C[C@H](NC(=O)c1c(C)nn(c1NS(=O)(=O)c2cccnc2)c3ccc(F)cc3)C(C)(C)C,6.0
480,CHEMBL1916288,C[C@H](NC(=O)c1c(C)nn(c1NS(=O)(=O)c2ccc(cc2)C#N)c3ccc(F)cc3)C(C)(C)C,7.6
481,CHEMBL1916289,C[C@H](NC(=O)c1c(C)nn(c1NS(=O)(=O)c2ccc(cc2)C(F)(F)F)c3ccc(F)cc3)C(C)(C)C,7.9
488,CHEMBL1934426,C[C@H](NC(=O)c1c(C)nn(C2CCOCC2)c1NS(=O)(=O)c3ccc(cc3)C4CC4)C(C)(C)C,6.1
489,CHEMBL1934424,CO[C@@H]1CC[C@@H](CC1)n2nc(C)c(C(=O)N[C@@H](C)C(C)(C)C)c2NS(=O)(=O)c3ccc(C)cc3,7.7
494,CHEMBL1934423,C[C@H](NC(=O)c1c(C)nn(C2CCOC2)c1NS(=O)(=O)c3ccc(C)cc3)C(C)(C)C,6.0
495,CHEMBL1934422,C[C@H](NC(=O)c1c(C)nn(C2CCOCC2)c1NS(=O)(=O)c3ccc(C)cc3)C(C)(C)C,6.5
496,CHEMBL1934421,C[C@H](NC(=O)c1c(C)nn(C2CCN(CC(F)(F)F)CC2)c1NS(=O)(=O)c3ccc(C)cc3)C(C)(C)C,5.5
497,CHEMBL1934419,C[C@H](NC(=O)c1c(C)nn(C2CCS(=O)(=O)CC2)c1NS(=O)(=O)c3ccc(C)cc3)C(C)(C)C,5.0
498,CHEMBL1934418,C[C@H](NC(=O)c1c(C)nn(C2CCSCC2)c1NS(=O)(=O)c3ccc(C)cc3)C(C)(C)C,7.4
499,CHEMBL1934417,COCCC(C)n1nc(C)c(C(=O)N[C@@H](C)C(C)(C)C)c1NS(=O)(=O)c2ccc(C)cc2,6.5
500,CHEMBL1934416,COCC(C)n1nc(C)c(C(=O)N[C@@H](C)C(C)(C)C)c1NS(=O)(=O)c2ccc(C)cc2,5.6
501,CHEMBL1934415,C[C@H](NC(=O)c1c(C)nn(C2CCCCC2)c1NS(=O)(=O)c3ccc(C)cc3)C(C)(C)C,7.5
502,CHEMBL1934414,C[C@H](NC(=O)c1c(C)nn(C2CCCC2)c1NS(=O)(=O)c3ccc(C)cc3)C(C)(C)C,7.1
503,CHEMBL1934413,C[C@H](NC(=O)c1c(C)nn(C2CCC2)c1NS(=O)(=O)c3ccc(C)cc3)C(C)(C)C,6.7
504,CHEMBL1934271,CCC(CC)n1nc(C)c(C(=O)N[C@@H](C)C(C)(C)C)c1NS(=O)(=O)c2ccc(C)cc2,6.4
505,CHEMBL1934270,C[C@H](NC(=O)c1c(C)nn(c1NS(=O)(=O)c2ccc(C)cc2)C(C)(C)C)C(C)(C)C,5.8
506,CHEMBL1934269,C[C@H](NC(=O)c1c(C)nn(CC(F)(F)F)c1NS(=O)(=O)c2ccc(C)cc2)C(C)(C)C,5.5
507,CHEMBL1934268,CCn1nc(C)c(C(=O)N[C@@H](C)C(C)(C)C)c1NS(=O)(=O)c2ccc(C)cc2,5.2
508,CHEMBL1934267,CC(C)n1nc(C)c(C(=O)N[C@@H](C)C(C)(C)C)c1NS(=O)(=O)c2ccc(C)cc2,6.0
509,CHEMBL1934266,CCC(CC)NC(=O)c1c(C)nn(C(C)C)c1NS(=O)(=O)c2ccc(C)cc2,4.6
859,CHEMBL3311030,CC(C)C[C@@H](NC(=O)[C@H](Cc1ccccc1)NC(=O)[C@@H](CC(C)C)NC(=O)[C@H](Cc2ccccc2)NC(=O)OC(C)(C)C)C(=O)N[C@@H](Cc3ccccc3)C(=O)O,5.7
860,CHEMBL3311301,CC(C)C[C@@H](NC(=O)[C@H](CC1=CCCCC1)NC(=O)[C@@H](CC(C)C)NC(=O)[C@H](Cc2ccc(cc2)C(=O)c3ccccc3)NC(=O)OC(C)(C)C)C(=O)N[C@@H](CC4CCCCC4)C(=O)O,8.16
861,CHEMBL3311300,CC(C)C[C@@H](NC(=O)[C@H](CC1=CCCCC1)NC(=O)[C@@H](CC(C)C)NC(=O)[C@H](Cc2ccc(cc2)C(=O)c3ccccc3)NC(=O)OC(C)(C)C)C(=O)N[C@@H](Cc4ccccc4)C(=O)O,8.68
862,CHEMBL3311299,CC(C)C[C@@H](NC(=O)[C@H](Cc1ccccc1)NC(=O)[C@@H](CC(C)C)NC(=O)[C@H](Cc2ccccc2)NC(=O)OC(C)(C)C)C(=O)N[C@@H](Cc3ccc(cc3)C(=O)c4ccccc4)C(=O)O,6.82
863,CHEMBL3311298,CC(C)C[C@@H](NC(=O)[C@H](Cc1ccccc1)NC(=O)[C@@H](CC(C)C)NC(=O)[C@H](Cc2ccccc2)NC(=O)OC(C)(C)C)C(=O)N[C@@H](Cc3cn(C(=O)OC(C)(C)C)c4ccccc34)C(=O)O,6.92
864,CHEMBL3311297,CC(C)C[C@@H](NC(=O)[C@H](Cc1ccccc1)NC(=O)[C@@H](CC(C)C)NC(=O)[C@H](Cc2ccccc2)NC(=O)OC(C)(C)C)C(=O)N[C@@H](Cc3c[nH]c4ccccc34)C(=O)O,6.82
865,CHEMBL3311296,CC(C)C[C@@H](NC(=O)[C@H](Cc1ccccc1)NC(=O)[C@@H](CC(C)C)NC(=O)[C@H](Cc2ccccc2)NC(=O)OC(C)(C)C)C(=O)N[C@@H](Cc3ccc(OC(C)(C)C)cc3)C(=O)O,7.17
866,CHEMBL3311295,CC(C)C[C@@H](NC(=O)[C@H](Cc1ccccc1)NC(=O)[C@@H](CC(C)C)NC(=O)[C@H](Cc2ccccc2)NC(=O)OC(C)(C)C)C(=O)N[C@@H](CC3CCCCC3)C(=O)O,7.11
867,CHEMBL3311294,CC(C)C[C@@H](NC(=O)[C@H](Cc1ccccc1)NC(=O)OC(C)(C)C)C(=O)N[C@@H](Cc2ccccc2)C(=O)N[C@H](CC(C)C)C(=O)N[C@@H]([C@@H](C)OC(C)(C)C)C(=O)O,6.89
868,CHEMBL3311293,CC(C)C[C@@H](NC(=O)[C@H](Cc1ccccc1)NC(=O)[C@@H](CC(C)C)NC(=O)[C@H](Cc2ccccc2)NC(=O)OC(C)(C)C)C(=O)N[C@@H](COC(C)(C)C)C(=O)O,6.75
869,CHEMBL3311292,CC(C)C[C@H](NC(=O)[C@@H](CC(C)C)NC(=O)[C@H](Cc1ccccc1)NC(=O)[C@@H](CC(C)C)NC(=O)[C@H](Cc2ccccc2)NC(=O)OC(C)(C)C)C(=O)O,6.89
870,CHEMBL3309281,CC(C)C[C@@H](NC(=O)[C@H](Cc1ccccc1)NC(=O)OC(C)(C)C)C(=O)N[C@@H](Cc2ccccc2)C(=O)N[C@H](CC(C)C)C(=O)N[C@@H](C(C)C)C(=O)O,6.59
871,CHEMBL3311291,CC(C)C[C@@H](NC(=O)[C@H](Cc1ccc(cc1)C(=O)c2ccccc2)NC(=O)[C@@H](CC(C)C)NC(=O)[C@H](Cc3ccccc3)NC(=O)OC(C)(C)C)C(=O)N[C@@H](Cc4ccccc4)C(=O)O,6.82
873,CHEMBL3311289,CC(C)C[C@@H](NC(=O)[C@H](CC(=O)OC(C)(C)C)NC(=O)[C@@H](CC(C)C)NC(=O)[C@H](Cc1ccccc1)NC(=O)OC(C)(C)C)C(=O)N[C@@H](Cc2ccccc2)C(=O)O,6.29
874,CHEMBL3311288,CC(C)C[C@@H](NC(=O)[C@@H](NC(=O)[C@@H](CC(C)C)NC(=O)[C@H](Cc1ccccc1)NC(=O)OC(C)(C)C)[C@@H](C)OC(C)(C)C)C(=O)N[C@@H](Cc2ccccc2)C(=O)O,6.08
875,CHEMBL3311144,CSCC[C@H](NC(=O)[C@@H](CC(C)C)NC(=O)[C@H](Cc1ccccc1)NC(=O)OC(C)(C)C)C(=O)N[C@H](CC(C)C)C(=O)N[C@@H](Cc2ccccc2)C(=O)O,6.89
876,CHEMBL3311143,CC(C)C[C@@H](NC(=O)[C@H](CC1CCCCC1)NC(=O)[C@@H](CC(C)C)NC(=O)[C@H](Cc2ccccc2)NC(=O)OC(C)(C)C)C(=O)N[C@@H](Cc3ccccc3)C(=O)O,7.6
877,CHEMBL3311142,CC(C)C[C@H](NC(=O)[C@@H](CC(C)C)NC(=O)[C@H](Cc1ccccc1)NC(=O)OC(C)(C)C)C(=O)N[C@H](CC(C)C)C(=O)N[C@@H](Cc2ccccc2)C(=O)O,6.7
879,CHEMBL3311140,CC(C)C[C@@H](NC(=O)[C@H](Cc1ccccc1)NC(=O)[C@@H](CC(C)C)NC(=O)[C@H](CCCCNC(=O)c2ccccc2)NC(=O)OC(C)(C)C)C(=O)N[C@@H](Cc3ccccc3)C(=O)O,6.85
880,CHEMBL3311139,CC(C)C[C@@H](NC(=O)[C@H](Cc1ccccc1)NC(=O)[C@@H](CC(C)C)NC(=O)[C@H](CCCCNC(=O)C2CCCCC2)NC(=O)OC(C)(C)C)C(=O)N[C@@H](Cc3ccccc3)C(=O)O,6.82
881,CHEMBL3311138,CC(C)C[C@@H](NC(=O)[C@H](Cc1ccccc1)NC(=O)[C@@H](CC(C)C)NC(=O)[C@H](CCCCN)NC(=O)OC(C)(C)C)C(=O)N[C@@H](Cc2ccccc2)C(=O)O,6.14
882,CHEMBL3311137,CC(C)C[C@@H](NC(=O)[C@H](Cc1ccccc1)NC(=O)[C@@H](CC(C)C)NC(=O)[C@H](Cc2ccc(cc2)C(=O)c3ccccc3)NC(=O)OC(C)(C)C)C(=O)N[C@@H](Cc4ccccc4)C(=O)O,7.8
883,CHEMBL3311136,CC(C)C[C@@H](NC(=O)[C@H](Cc1ccccc1)NC(=O)[C@@H](CC(C)C)NC(=O)[C@H](Cc2cn(C(=O)OC(C)(C)C)c3ccccc23)NC(=O)OC(C)(C)C)C(=O)N[C@@H](Cc4ccccc4)C(=O)O,7.16
884,CHEMBL3311135,CC(C)C[C@@H](NC(=O)[C@H](Cc1ccccc1)NC(=O)[C@@H](CC(C)C)NC(=O)[C@H](Cc2cn(C=O)c3ccccc23)NC(=O)OC(C)(C)C)C(=O)N[C@@H](Cc4ccccc4)C(=O)O,7.05
885,CHEMBL3311134,CC(C)C[C@@H](NC(=O)[C@H](Cc1ccccc1)NC(=O)[C@@H](CC(C)C)NC(=O)[C@H](Cc2c[nH]c3ccccc23)NC(=O)OC(C)(C)C)C(=O)N[C@@H](Cc4ccccc4)C(=O)O,6.72
886,CHEMBL3311133,CC(C)C[C@@H](NC(=O)[C@H](Cc1ccccc1)NC(=O)[C@@H](CC(C)C)NC(=O)[C@H](Cc2ccc(OC(C)(C)C)cc2)NC(=O)OC(C)(C)C)C(=O)N[C@@H](Cc3ccccc3)C(=O)O,7.21
887,CHEMBL3311132,CC(C)C[C@@H](NC(=O)[C@H](Cc1ccccc1)NC(=O)[C@@H](CC(C)C)NC(=O)[C@H](Cc2ccc(Cl)cc2)NC(=O)OC(C)(C)C)C(=O)N[C@@H](Cc3ccccc3)C(=O)O,7.13
888,CHEMBL3311131,CC(C)C[C@@H](NC(=O)[C@H](CC1CCCCC1)NC(=O)OC(C)(C)C)C(=O)N[C@@H](Cc2ccccc2)C(=O)N[C@H](CC(C)C)C(=O)N[C@@H](Cc3ccccc3)C(=O)O,7.18
889,CHEMBL3311130,CC(C)C[C@@H](NC(=O)[C@H](COC(C)(C)C)NC(=O)OC(C)(C)C)C(=O)N[C@@H](Cc1ccccc1)C(=O)N[C@H](CC(C)C)C(=O)N[C@@H](Cc2ccccc2)C(=O)O,7.0
890,CHEMBL3311037,CC(C)C[C@@H](NC(=O)[C@H](Cc1ccccc1)NC(=O)[C@@H](CC(C)C)NC(=O)[C@@H](NC(=O)OC(C)(C)C)[C@@H](C)OC(C)(C)C)C(=O)N[C@@H](Cc2ccccc2)C(=O)O,6.85
891,CHEMBL3311036,CC(C)C[C@H](NC(=O)OC(C)(C)C)C(=O)N[C@H](CC(C)C)C(=O)N[C@@H](Cc1ccccc1)C(=O)N[C@H](CC(C)C)C(=O)N[C@@H](Cc2ccccc2)C(=O)O,6.7
892,CHEMBL3311035,CC(C)C[C@@H](NC(=O)[C@H](Cc1ccccc1)NC(=O)[C@@H](CC(C)C)NC(=O)[C@H](Cc2ccccc2)NC(=O)OC(C)(C)C)C(=O)N[C@@H](C)C(=O)O,6.46
893,CHEMBL3311034,CC(C)C[C@@H](NC(=O)[C@H](Cc1ccccc1)NC(=O)OC(C)(C)C)C(=O)N[C@@H](Cc2ccccc2)C(=O)N[C@@H](C)C(=O)N[C@@H](Cc3ccccc3)C(=O)O,6.38
894,CHEMBL3311033,CC(C)C[C@@H](NC(=O)[C@H](C)NC(=O)[C@@H](CC(C)C)NC(=O)[C@H](Cc1ccccc1)NC(=O)OC(C)(C)C)C(=O)N[C@@H](Cc2ccccc2)C(=O)O,6.55
895,CHEMBL3311032,CC(C)C[C@@H](NC(=O)[C@H](Cc1ccccc1)NC(=O)[C@H](C)NC(=O)[C@H](Cc2ccccc2)NC(=O)OC(C)(C)C)C(=O)N[C@@H](Cc3ccccc3)C(=O)O,6.59
896,CHEMBL3311031,CC(C)C[C@@H](NC(=O)[C@H](C)NC(=O)OC(C)(C)C)C(=O)N[C@@H](Cc1ccccc1)C(=O)N[C@H](CC(C)C)C(=O)N[C@@H](Cc2ccccc2)C(=O)O,6.77
912,CHEMBL3588871,COc1ccc(NC(=O)N[C@@H](Cc2c[nH]c3ccccc23)C(=O)NCC4(CCCCC4)c5ccc(OC)cn5)cc1,6.37
920,CHEMBL3590073,COc1ccc(NC(=O)N[C@@H](Cc2c[nH]c3ccccc23)C(=O)NCC4(CCCCC4)c5ccccn5)cc1,6.02
