,molecule_chembl_id,canonical_smiles,pchembl_value
0,CHEMBL507373,CCCCCCCCCCCCCCCC(=O)NCCCC[C@H](NC(=O)[C@H](CCCCN)NC(=O)[C@H](CCCCN)NC(=O)CNC(=O)[C@H](CC(C)C)NC(=O)[C@H](CC(C)C)NC(=O)[C@H](Cc1ccc(O)cc1)NC(=O)CNC(=O)[C@H](C)NC(=O)[C@H](CO)NC(=O)[C@H](CC(=O)N)NC(=O)[C@H](CC(C)C)NC(=O)[C@@H](NC(=O)[C@H](Cc2c[nH]c3ccccc23)NC(=O)CNC)[C@@H](C)O)C(=O)N[C@@H](CCCCN)C(=O)N,7.13
1,CHEMBL1790054,CCCCCCCCCCCCCCCC(=O)NCCCC[C@H](NC(=O)[C@H](CCCNC(=N)N)NC(=O)[C@H](CCCNC(=N)N)NC(=O)[C@@H]1CCCN1C(=O)CNC(=O)[C@H](CC(C)C)NC(=O)[C@H](CC(C)C)NC(=O)[C@H](Cc2ccc(O)cc2)NC(=O)CNC(=O)[C@H](C)NC(=O)[C@H](CO)NC(=O)[C@H](CC(=O)N)NC(=O)[C@H](CC(C)C)NC(=O)[C@@H](NC(=O)[C@H](Cc3c[nH]c4ccccc34)NC(=O)CNC)[C@@H](C)O)C(=O)N[C@@H](CCCNC(=N)N)C(=O)N,7.18
2,CHEMBL578514,CCCCCCCCCCCCCCCC(=O)NCCCC[C@H](NC(=O)[C@H](CCCCN)NC(=O)[C@H](CCCCN)NC(=O)[C@@H]1CCCN1C(=O)CNC(=O)[C@H](CC(C)C)NC(=O)[C@H](CC(C)C)NC(=O)[C@H](Cc2ccc(O)cc2)NC(=O)CNC(=O)[C@H](C)NC(=O)[C@H](CO)NC(=O)[C@H](CC(=O)N)NC(=O)[C@H](CC(C)C)NC(=O)[C@@H](NC(=O)[C@H](Cc3c[nH]c4ccccc34)NC(=O)CNC)[C@@H](C)O)C(=O)N[C@@H](CCCCN)C(=O)O,7.28
3,CHEMBL504758,CCCCCCCCCCCCCCCC(=O)NCCCC[C@H](NC(=O)[C@H](CCCCN)NC(=O)[C@H](CCCCN)NC(=O)[C@@H]1CCCN1C(=O)CNC(=O)[C@H](CC(C)C)NC(=O)[C@H](CC(C)C)NC(=O)[C@H](Cc2ccc(O)cc2)NC(=O)CNC(=O)[C@H](C)NC(=O)[C@H](CO)NC(=O)[C@H](CC(=O)N)NC(=O)[C@H](CC(C)C)NC(=O)[C@@H](NC(=O)[C@H](Cc3c[nH]c4ccccc34)NC(=O)CCCCCN)[C@@H](C)O)C(=O)N[C@@H](CCCCN)C(=O)N,7.29
4,CHEMBL525023,CCCCCCCCCCCCCCCC(=O)NCCCC[C@H](NC(=O)[C@H](CCCCN)NC(=O)[C@H](CCCCN)NC(=O)[C@@H]1CCCN1C(=O)CNC(=O)[C@H](CC(C)C)NC(=O)[C@H](CC(C)C)NC(=O)[C@H](Cc2ccc(O)cc2)NC(=O)CNC(=O)[C@H](C)NC(=O)[C@H](CO)NC(=O)[C@H](CC(=O)N)NC(=O)[C@H](CC(C)C)NC(=O)[C@@H](NC(=O)[C@H](Cc3c[nH]c4ccccc34)NC(=O)CNC)[C@@H](C)O)C(=O)N[C@@H](CCCCN)C(=O)N,7.29
5,CHEMBL507353,CCCCCCCCCCCCCCCC(=O)NCCCC[C@H](NC(=O)[C@H](CCCCN)NC(=O)[C@H](CCCCN)NC(=O)[C@@H]1CCCN1C(=O)CNC(=O)[C@H](CC(C)C)NC(=O)[C@H](CC(C)C)NC(=O)[C@H](Cc2ccc(O)cc2)NC(=O)CNC(=O)[C@H](C)NC(=O)[C@H](CO)NC(=O)[C@H](CC(=O)N)NC(=O)[C@H](CC(C)C)NC(=O)[C@@H](NC(=O)[C@H](Cc3c[nH]c4ccccc34)OC(=O)CNC)[C@@H](C)O)C(=O)N[C@@H](CCCCN)C(=O)N,7.29
6,CHEMBL506495,CCCCCCCCCCCCCCCC(=O)NCCCC[C@H](NC(=O)[C@H](CCCCN)NC(=O)[C@H](CCCCN)NC(=O)[C@@H]1CCCN1C(=O)CNC(=O)[C@H](CC(C)C)NC(=O)[C@H](CC(C)C)NC(=O)[C@H](Cc2ccc(O)cc2)NC(=O)CNC(=O)[C@H](C)NC(=O)[C@H](CO)NC(=O)[C@H](CC(=O)N)NC(=O)[C@H](CC(C)C)NC(=O)[C@@H](NC(=O)[C@@H](N)Cc3c[nH]c4ccccc34)[C@@H](C)O)C(=O)N[C@@H](CCCCN)C(=O)N,7.32
7,CHEMBL578910,CCCCCCCCCCCCCCCC(=O)NCCCC[C@H](NC(=O)[C@H](CCCCN)NC(=O)[C@H](CCCCN)NC(=O)[C@@H]1CCCN1C(=O)CNC(=O)[C@H](CC(C)C)NC(=O)[C@H](CC(C)C)NC(=O)[C@H](Cc2ccc(O)cc2)NC(=O)CNC(=O)[C@H](C)NC(=O)[C@H](CO)NC(=O)[C@H](CC(=O)N)NC(=O)[C@H](CC(C)C)NC(=O)[C@@H](NC(=O)[C@H](Cc3c[nH]c4ccccc34)NC(=O)[C@H](C)N)[C@@H](C)O)C(=O)N[C@@H](CCCCN)C(=O)N,7.46
8,CHEMBL504914,CCCCCCCCCCCCCCCC(=O)NCCCC[C@H](NC(=O)[C@H](CCCCN)NC(=O)[C@@H]1CCCN1C(=O)CNC(=O)[C@H](CC(C)C)NC(=O)[C@H](CC(C)C)NC(=O)[C@H](Cc2ccc(O)cc2)NC(=O)CNC(=O)[C@H](C)NC(=O)[C@H](CO)NC(=O)[C@H](CC(=O)N)NC(=O)[C@H](CC(C)C)NC(=O)[C@@H](NC(=O)[C@H](Cc3c[nH]c4ccccc34)NC(=O)CNC)[C@@H](C)O)C(=O)N[C@@H](CCCCN)C(=O)N[C@@H](CCCCN)C(=O)N,7.55
9,CHEMBL508036,CNCC(=O)O[C@@H](Cc1c[nH]c2ccccc12)C(=O)N[C@@H]([C@@H](C)O)C(=O)N[C@@H](CC(C)C)C(=O)N[C@@H](CC(=O)N)C(=O)N[C@@H](CO)C(=O)N[C@@H](C)C(=O)NCC(=O)N[C@@H](Cc3ccc(O)cc3)C(=O)N[C@@H](CC(C)C)C(=O)N[C@@H](CC(C)C)C(=O)NCC(=O)N4CCC[C@H]4C(=O)N[C@@H](CCCCN)C(=O)N[C@@H](CCCCN)C(=O)N[C@@H](CCCCN)C(=O)N[C@@H](CCCCN)C(=O)N,7.62
10,CHEMBL499807,CCCCCCCCCCCCCCCC(=O)NCCCC[C@H](NC(=O)[C@H](CCCCN)NC(=O)[C@H](CCCCN)NC(=O)[C@@H]1CCCN1C(=O)CNC(=O)[C@H](CC(C)C)NC(=O)[C@H](CC(C)C)NC(=O)[C@H](Cc2ccc(O)cc2)NC(=O)CNC(=O)[C@H](C)NC(=O)[C@H](CO)NC(=O)[C@H](CC(=O)N)NC(=O)[C@H](CC(C)C)NC(=O)[C@@H](NC(=O)[C@H](Cc3c[nH]c4ccccc34)NC(=O)CN)[C@@H](C)O)C(=O)N[C@@H](CCCCN)C(=O)N,7.65
11,CHEMBL525755,CCCCCCCCCCCCCCCC(=O)NCCCC[C@H](NC(=O)[C@H](CCCCN)NC(=O)[C@H](CCCCN)NC(=O)[C@H](CCCCN)NC(=O)[C@@H]1CCCN1C(=O)CNC(=O)[C@H](CC(C)C)NC(=O)[C@H](CC(C)C)NC(=O)[C@H](Cc2ccc(O)cc2)NC(=O)CNC(=O)[C@H](C)NC(=O)[C@H](CO)NC(=O)[C@H](CC(=O)N)NC(=O)[C@H](CC(C)C)NC(=O)[C@@H](NC(=O)[C@H](Cc3c[nH]c4ccccc34)NC(=O)CNC)[C@@H](C)O)C(=O)N,7.66
12,CHEMBL505299,CNCC(=O)O[C@@H](Cc1c[nH]c2ccccc12)C(=O)N[C@@H]([C@@H](C)O)C(=O)N[C@@H](CC(C)C)C(=O)N[C@@H](CC(=O)N)C(=O)N[C@@H](CO)C(=O)N[C@@H](C)C(=O)NCC(=O)N[C@@H](Cc3ccc(O)cc3)C(=O)N[C@@H](CC(C)C)C(=O)N[C@@H](CC(C)C)C(=O)NCC(=O)N4CCC[C@H]4C(=O)N[C@@H](CCCCN)C(=O)N[C@@H](CCCCN)C(=O)N[C@@H](CCCCNC(=O)COCCOCCOCCOCCOC)C(=O)N[C@@H](CCCCN)C(=O)N,7.69
13,CHEMBL604991,CCCCCCCCCCCCCCCC(=O)NCCCC[C@H](NC(=O)[C@H](CCCCN)NC(=O)[C@H](CCCCN)NC(=O)[C@@H]1CCCN1C(=O)CNC(=O)[C@H](CC(C)C)NC(=O)[C@H](CC(C)C)NC(=O)[C@H](Cc2ccc(O)cc2)NC(=O)CNC(=O)[C@H](C)NC(=O)[C@H](CO)NC(=O)[C@H](CC(=O)N)NC(=O)[C@H](CC(C)C)NC(=O)[C@@H](NC(=O)[C@H](Cc3c[nH]c4ccccc34)NC)[C@@H](C)O)C(=O)N[C@@H](CCCCN)C(=O)N,7.7
14,CHEMBL524678,CCCCCCCCCCCCCC(=O)NCCCC[C@H](NC(=O)[C@H](CCCCN)NC(=O)[C@H](CCCCN)NC(=O)[C@@H]1CCCN1C(=O)CNC(=O)[C@H](CC(C)C)NC(=O)[C@H](CC(C)C)NC(=O)[C@H](Cc2ccc(O)cc2)NC(=O)CNC(=O)[C@H](C)NC(=O)[C@H](CO)NC(=O)[C@H](CC(=O)N)NC(=O)[C@H](CC(C)C)NC(=O)[C@@H](NC(=O)[C@H](Cc3c[nH]c4ccccc34)OC(=O)CNC)[C@@H](C)O)C(=O)N[C@@H](CCCCN)C(=O)N,7.74
15,CHEMBL507733,CCCCCCCCCCCC(=O)NCCCC[C@H](NC(=O)[C@H](CCCCN)NC(=O)[C@H](CCCCN)NC(=O)[C@@H]1CCCN1C(=O)CNC(=O)[C@H](CC(C)C)NC(=O)[C@H](CC(C)C)NC(=O)[C@H](Cc2ccc(O)cc2)NC(=O)CNC(=O)[C@H](C)NC(=O)[C@H](CO)NC(=O)[C@H](CC(=O)N)NC(=O)[C@H](CC(C)C)NC(=O)[C@@H](NC(=O)[C@H](Cc3c[nH]c4ccccc34)OC(=O)CNC)[C@@H](C)O)C(=O)N[C@@H](CCCCN)C(=O)N,7.79
16,CHEMBL578317,CCCCCCCCCCCCCCCC(=O)NCCCC[C@H](NC(=O)[C@H](CCCCN)NC(=O)[C@H](CCCCN)NC(=O)[C@@H]1CCCN1C(=O)CNC(=O)[C@H](CC(C)C)NC(=O)[C@H](CC(C)C)NC(=O)[C@H](Cc2ccc(O)cc2)NC(=O)CNC(=O)[C@H](C)NC(=O)[C@H](CO)NC(=O)[C@H](CC(=O)N)NC(=O)[C@H](CC(C)C)NC(=O)[C@@H](NC(=O)[C@H](Cc3c[nH]c4ccccc34)NC(=O)C)[C@@H](C)O)C(=O)N[C@@H](CCCCN)C(=O)N,7.8
17,CHEMBL2324950,CNCC(=O)N[C@@H](Cc1c[nH]c2ccccc12)C(=O)N[C@@H]([C@@H](C)O)C(=O)N[C@@H](CC(C)C)C(=O)N[C@@H](CC(=O)N)C(=O)N[C@@H](CO)C(=O)N[C@@H](C)C(=O)NCC(=O)N[C@@H](Cc3ccc(O)cc3)C(=O)N[C@@H](CC(C)C)C(=O)N[C@@H](CC(C)C)C(=O)NCC(=O)N4CCC[C@H]4C(=O)N[C@@]5(C)CCC\C=C/CCC[C@](C)(NC(=O)[C@H](CCCCN)NC(=O)[C@H](CCCCN)NC(=O)[C@H](CCCCN)NC5=O)C(=O)N[C@@H](CCCCN)C(=O)N,7.81
18,CHEMBL526500,CCCCCCCCCCCCCCCC(=O)NCCCC[C@@H](NC(=O)[C@H](CCCCN)NC(=O)[C@@H](CCCCN)NC(=O)[C@H]1CCCN1C(=O)CNC(=O)[C@H](CC(C)C)NC(=O)[C@H](CC(C)C)NC(=O)[C@H](Cc2ccc(O)cc2)NC(=O)CNC(=O)[C@H](C)NC(=O)[C@H](CO)NC(=O)[C@H](CC(=O)N)NC(=O)[C@H](CC(C)C)NC(=O)[C@@H](NC(=O)[C@H](Cc3c[nH]c4ccccc34)NC(=O)CNC)[C@@H](C)O)C(=O)N[C@@H](CCCCN)C(=O)N,7.82
19,CHEMBL450827,CCCCCCCCCCCCCCCCCC(=O)NCCCC[C@H](NC(=O)[C@H](CCCCN)NC(=O)[C@H](CCCCN)NC(=O)[C@@H]1CCCN1C(=O)CNC(=O)[C@H](CC(C)C)NC(=O)[C@H](CC(C)C)NC(=O)[C@H](Cc2ccc(O)cc2)NC(=O)CNC(=O)[C@H](C)NC(=O)[C@H](CO)NC(=O)[C@H](CC(=O)N)NC(=O)[C@H](CC(C)C)NC(=O)[C@@H](NC(=O)[C@H](Cc3c[nH]c4ccccc34)OC(=O)CNC)[C@@H](C)O)C(=O)N[C@@H](CCCCN)C(=O)N,7.82
20,CHEMBL503900,CCCCCCCC(=O)NCCCC[C@H](NC(=O)[C@H](CCCCN)NC(=O)[C@H](CCCCN)NC(=O)[C@@H]1CCCN1C(=O)CNC(=O)[C@H](CC(C)C)NC(=O)[C@H](CC(C)C)NC(=O)[C@H](Cc2ccc(O)cc2)NC(=O)CNC(=O)[C@H](C)NC(=O)[C@H](CO)NC(=O)[C@H](CC(=O)N)NC(=O)[C@H](CC(C)C)NC(=O)[C@@H](NC(=O)[C@H](Cc3c[nH]c4ccccc34)OC(=O)CNC)[C@@H](C)O)C(=O)N[C@@H](CCCCN)C(=O)N,7.83
21,CHEMBL460706,CCCCCCCCCC(=O)NCCCC[C@H](NC(=O)[C@H](CCCCN)NC(=O)[C@H](CCCCN)NC(=O)[C@@H]1CCCN1C(=O)CNC(=O)[C@H](CC(C)C)NC(=O)[C@H](CC(C)C)NC(=O)[C@H](Cc2ccc(O)cc2)NC(=O)CNC(=O)[C@H](C)NC(=O)[C@H](CO)NC(=O)[C@H](CC(=O)N)NC(=O)[C@H](CC(C)C)NC(=O)[C@@H](NC(=O)[C@H](Cc3c[nH]c4ccccc34)OC(=O)CNC)[C@@H](C)O)C(=O)N[C@@H](CCCCN)C(=O)N,7.84
3,CHEMBL501079,CC[C@H](C)[C@H](NC(=O)[C@H](C)NC(=O)[C@H](Cc1c[nH]cn1)NC(=O)[C@@H]2CCCN2C(=O)CNC(=O)[C@H](CC(C)C)NC(=O)[C@H](CC(C)C)NC(=O)[C@H](Cc3ccc(O)cc3)NC(=O)CNC(=O)[C@H](C)NC(=O)[C@H](CO)NC(=O)[C@H](CC(=O)N)NC(=O)[C@H](CC(C)C)NC(=O)[C@@H](NC(=O)[C@H](Cc4c[nH]c5ccccc45)NC(=O)CN)[C@@H](C)O)C(=O)N[C@@H](CC(=O)O)C(=O)N[C@@H](CC(=O)N)C(=O)N[C@@H](Cc6c[nH]cn6)C(=O)N[C@@H](CCCNC(=N)N)C(=O)N[C@@H](CO)C(=O)N[C@@H](Cc7ccccc7)C(=O)N[C@@H](Cc8c[nH]cn8)C(=O)N[C@@H](CC(=O)O)C(=O)N[C@@H](CCCCN)C(=O)N[C@@H](Cc9ccc(O)cc9)C(=O)NCC(=O)N[C@@H](CC(C)C)C(=O)N[C@@H](C)C(=O)N,8.5
24,CHEMBL525055,CNCC(=O)N[C@@H](Cc1c[nH]c2ccccc12)C(=O)N[C@@H]([C@@H](C)O)C(=O)N[C@@H](CC(C)C)C(=O)N[C@@H](CC(=O)N)C(=O)N[C@@H](CO)C(=O)N[C@@H](C)C(=O)NCC(=O)N[C@@H](Cc3ccc(O)cc3)C(=O)N[C@@H](CC(C)C)C(=O)N[C@@H](CC(C)C)C(=O)NCC(=O)N4CCC[C@H]4C(=O)N[C@@H](CCCCN)C(=O)N[C@@H](CCCCN)C(=O)N[C@@H](CCCCN)C(=O)N[C@@H](CCCCN)C(=O)N,7.62
25,CHEMBL526862,CCCCCCCCCCCCCCCC(=O)NCCCC[C@H](NC(=O)[C@H](C)NC(=O)[C@H](Cc1cnc[nH]1)NC(=O)[C@@H]2CCCN2C(=O)CNC(=O)[C@H](CC(C)C)NC(=O)[C@H](CC(C)C)NC(=O)[C@H](Cc3ccc(O)cc3)NC(=O)CNC(=O)[C@H](C)NC(=O)[C@H](CO)NC(=O)[C@H](CC(=O)N)NC(=O)[C@H](CC(C)C)NC(=O)[C@@H](NC(=O)[C@H](Cc4c[nH]c5ccccc45)NC(=O)CNC)[C@@H](C)O)C(=O)N,6.8
26,CHEMBL508083,CC(C)C[C@H](NC(=O)[C@H](CC(C)C)NC(=O)[C@H](Cc1ccc(O)cc1)NC(=O)CNC(=O)[C@H](C)NC(=O)[C@H](CO)NC(=O)[C@H](CC(=O)N)NC(=O)[C@H](CC(C)C)NC(=O)[C@@H](NC(=O)[C@H](Cc2c[nH]c3ccccc23)NC(=O)CN)[C@@H](C)O)C(=O)NCC(=O)N4CCC[C@H]4C(=O)N[C@@H](Cc5cnc[nH]5)C(=O)N[C@@H](C)C(=O)N[C@@H](C(C)C)C(=O)N,7.89
30,CHEMBL501306,CCCCCCCCCCCCCCCC(=O)NCCCC[C@H](NC(=O)[C@@H]1CCCN1C(=O)CNC(=O)[C@H](CC(C)C)NC(=O)[C@H](CC(C)C)NC(=O)[C@H](Cc2ccc(O)cc2)NC(=O)CNC(=O)[C@H](C)NC(=O)[C@H](CO)NC(=O)[C@H](CC(=O)N)NC(=O)[C@H](CC(C)C)NC(=O)[C@@H](NC(=O)[C@H](Cc3c[nH]c4ccccc34)NC(=O)CNC)[C@@H](C)O)C(=O)N[C@@H](CCCCN)C(=O)N[C@@H](CCCCN)C(=O)N[C@@H](CCCCN)C(=O)N,6.97
36,CHEMBL526889,CCCCCCCCCCCCCCCC(=O)NCCCC[C@H](NC(=O)[C@H](CCCCN)NC(=O)[C@H](CCCCN)NC(=O)[C@H](CCCCN)NC(=O)[C@H](CCCCN)NC(=O)[C@H](CC(C)C)NC(=O)[C@H](CC(C)C)NC(=O)[C@H](Cc1ccc(O)cc1)NC(=O)CNC(=O)[C@H](C)NC(=O)[C@H](CO)NC(=O)[C@H](CC(=O)N)NC(=O)[C@H](CC(C)C)NC(=O)[C@@H](NC(=O)[C@H](Cc2c[nH]c3ccccc23)NC(=O)CNC)[C@@H](C)O)C(=O)N[C@@H](CCCCN)C(=O)N,6.67
38,CHEMBL524892,CCCCCCCCCCCCCCCC(=O)NCCCC[C@H](NC(=O)[C@H](CCCCN)NC(=O)[C@H](CCCCN)NC(=O)[C@H](CC(C)C)NC(=O)[C@H](CC(C)C)NC(=O)[C@H](Cc1ccc(O)cc1)NC(=O)CNC(=O)[C@H](C)NC(=O)[C@H](CO)NC(=O)[C@H](CC(=O)N)NC(=O)[C@H](CC(C)C)NC(=O)[C@@H](NC(=O)[C@H](Cc2c[nH]c3ccccc23)NC(=O)CNC)[C@@H](C)O)C(=O)N[C@@H](CCCCN)C(=O)N,5.88
39,CHEMBL499179,CC(C)C[C@H](NC(=O)CNC(=O)[C@H](CC(=O)N)NC(=O)[C@H](CCCCN)NC(=O)[C@H](CC(=O)O)NC(=O)[C@H](CO)NC(=O)[C@H](Cc1ccccc1)NC(=O)[C@H](CO)NC(=O)[C@H](CCCNC(=N)N)NC(=O)[C@H](Cc2cnc[nH]2)NC(=O)[C@H](CC(=O)N)NC(=O)CNC(=O)[C@@H](NC(=O)[C@H](C)NC(=O)[C@H](Cc3cnc[nH]3)NC(=O)[C@@H]4CCCN4C(=O)CNC(=O)[C@H](CC(C)C)NC(=O)[C@H](CC(C)C)NC(=O)[C@H](Cc5ccc(O)cc5)NC(=O)CNC(=O)[C@H](C)NC(=O)[C@H](CO)NC(=O)[C@H](CC(=O)N)NC(=O)[C@H](CC(C)C)NC(=O)[C@@H](NC(=O)[C@H](Cc6c[nH]c7ccccc67)NC(=O)CN)[C@@H](C)O)C(C)C)C(=O)N[C@@H]([C@@H](C)O)C(=O)O,8.64
40,CHEMBL506210,CC(C)C[C@H](NC(=O)[C@H](CC(C)C)NC(=O)[C@H](Cc1ccc(O)cc1)NC(=O)CNC(=O)[C@H](C)NC(=O)[C@H](CO)NC(=O)[C@H](CC(=O)N)NC(=O)[C@H](CC(C)C)NC(=O)[C@@H](NC(=O)[C@@H](N)Cc2c[nH]c3ccccc23)[C@@H](C)O)C(=O)O,8.75
41,CHEMBL499980,CC[C@H](C)[C@H](NC(=O)[C@H](C)NC(=O)[C@H](Cc1cnc[nH]1)NC(=O)[C@@H]2CCCN2C(=O)CNC(=O)[C@H](CC(C)C)NC(=O)[C@H](CC(C)C)NC(=O)[C@H](Cc3ccc(O)cc3)NC(=O)CNC(=O)[C@H](C)NC(=O)[C@H](CO)NC(=O)[C@H](CC(=O)N)NC(=O)[C@H](CC(C)C)NC(=O)[C@@H](NC(=O)[C@H](Cc4c[nH]c5ccccc45)NC(=O)CN)[C@@H](C)O)C(=O)O,8.3
42,CHEMBL526003,CSCC[C@H](NC(=O)[C@H](CC(C)C)NC(=O)CNC(=O)[C@H](Cc1ccccc1)NC(=O)[C@H](Cc2ccccc2)NC(=O)[C@H](CCC(=O)N)NC(=O)[C@H](CCC(=O)N)NC(=O)[C@@H]3CCCN3C(=O)CNC(=O)[C@H](CC(C)C)NC(=O)[C@H](CC(C)C)NC(=O)[C@H](Cc4ccc(O)cc4)NC(=O)CNC(=O)[C@H](C)NC(=O)[C@H](CO)NC(=O)[C@H](CC(=O)N)NC(=O)[C@H](CC(C)C)NC(=O)[C@@H](NC(=O)[C@H](Cc5c[nH]c6ccccc56)NC(=O)CN)[C@@H](C)O)C(=O)N,9.0
44,CHEMBL2309599,CC1=CC(=O)Oc2cc(NC(=O)[C@@H](CCCCN)NC(=O)[C@H](CC3CCCCC3)NC(=O)OCC4c5ccccc5c6ccccc46)ccc12,4.62
45,CHEMBL503473,CC(C)C[C@H](NC(=O)[C@H](CC(C)C)NC(=O)[C@H](Cc1ccc(O)cc1)NC(=O)CNC(=O)[C@H](C)NC(=O)[C@H](CO)NC(=O)[C@H](CC(=O)N)NC(=O)[C@H](CC(C)C)NC(=O)[C@@H](NC(=O)[C@H](Cc2c[nH]c3ccccc23)NC(=O)CN)[C@@H](C)O)C(=O)NCC(=O)N4CCC[C@H]4C(=O)N5CCC[C@H]5C(=O)N6CCC[C@H]6C(=O)NCC(=O)N[C@@H](Cc7ccccc7)C(=O)N[C@@H](CO)C(=O)N8CCC[C@H]8C(=O)N[C@@H](Cc9ccccc9)C(=O)N[C@@H](CCCNC(=N)N)C(=O)N,8.7
50,CHEMBL604990,CC(C)C[C@H](NC(=O)[C@H](CC(C)C)NC(=O)[C@H](Cc1ccc(O)cc1)NC(=O)CNC(=O)[C@H](C)NC(=O)[C@H](CO)NC(=O)[C@H](CC(=O)N)NC(=O)[C@H](CC(C)C)NC(=O)[C@@H](NC(=O)[C@H](Cc2c[nH]c3ccccc23)NC(=O)CN)[C@@H](C)O)C(=O)NCC(=O)N4CCC[C@H]4C(=O)N5CCC[C@H]5C(=O)N6CCC[C@H]6C(=O)N[C@@H](C)C(=O)N[C@@H](CC(C)C)C(=O)N[C@@H](C)C(=O)N[C@@H](CC(C)C)C(=O)N[C@@H](C)C(=O)N,8.82
52,CHEMBL592413,CC[C@H](C)[C@H](NC(=O)[C@H](Cc1ccc(O)cc1)NC(=O)[C@H](Cc2cnc[nH]2)NC(=O)[C@H](CCCNC(=N)N)NC(=O)[C@@H]3CCCN3C(=O)CNC(=O)[C@H](CC(C)C)NC(=O)[C@H](CC(C)C)NC(=O)[C@H](Cc4ccc(O)cc4)NC(=O)CNC(=O)[C@H](C)NC(=O)[C@H](CO)NC(=O)[C@H](CC(=O)N)NC(=O)[C@H](CC(C)C)NC(=O)[C@@H](NC(=O)[C@H](Cc5c[nH]c6ccccc56)NC(=O)CN)[C@@H](C)O)C(=O)N[C@@H](CC(=O)N)C(=O)N[C@@H](CC(C)C)C(=O)N[C@@H]([C@@H](C)O)C(=O)N[C@@H](CCCNC(=N)N)C(=O)N[C@@H](CCC(=O)N)C(=O)N[C@@H](CCCNC(=N)N)C(=O)N[C@@H](Cc7ccc(O)cc7)C(=O)N,8.85
54,CHEMBL604373,CC(C)C[C@H](NC(=O)[C@H](CC(C)C)NC(=O)[C@@H](Cc1c[nH]c2ccccc12)NC(=O)[C@H](Cc3ccccc3)NC(=O)[C@@H](Cc4c[nH]c5ccccc45)NC(=O)[C@H](CCC(=O)N)NC(=O)[C@H](CCC(=O)N)NC(=O)[C@@H]6CCCN6C(=O)[C@H](CCCCN)NC(=O)[C@@H]7CCCN7C(=O)[C@@H](CCCNC(=N)N)NC(=O)[C@@H]8CCCN8C(=O)CNC(=O)[C@H](CC(C)C)NC(=O)[C@H](CC(C)C)NC(=O)[C@H](Cc9ccc(O)cc9)NC(=O)CNC(=O)[C@H](C)NC(=O)[C@H](CO)NC(=O)[C@H](CC(=O)N)NC(=O)[C@H](CC(C)C)NC(=O)[C@@H](NC(=O)[C@H](Cc%10c[nH]c%11ccccc%10%11)NC(=O)CN)[C@@H](C)O)C(=O)N,9.22
55,CHEMBL592170,CC(C)C[C@H](NC(=O)CNC(=O)[C@H](CC(=O)N)NC(=O)[C@H](CCCCN)NC(=O)[C@H](CC(=O)O)NC(=O)[C@H](CO)NC(=O)[C@H](Cc1ccccc1)NC(=O)[C@H](CO)NC(=O)[C@H](CCCNC(=N)N)NC(=O)[C@H](Cc2cnc[nH]2)NC(=O)[C@H](CC(=O)N)NC(=O)CNC(=O)[C@@H](NC(=O)[C@H](C)NC(=O)[C@H](Cc3cnc[nH]3)NC(=O)[C@@H]4CCCN4C(=O)CNC(=O)[C@H](CC(C)C)NC(=O)[C@H](CC(C)C)NC(=O)[C@H](Cc5ccc(O)cc5)NC(=O)CNC(=O)[C@H](C)NC(=O)[C@H](CO)NC(=O)[C@H](CC(=O)N)NC(=O)[C@H](CC(C)C)NC(=O)[C@@H](NC(=O)[C@H](Cc6c[nH]c7ccccc67)NC(=O)CN)[C@@H](C)O)C(C)C)C(=O)N[C@@H]([C@@H](C)O)C(=O)N[C@@H](CO)C(=O)N,6.66
56,CHEMBL578710,CC(C)C[C@H](NC(=O)[C@H](CC(C)C)NC(=O)[C@H](Cc1ccc(O)cc1)NC(=O)CNC(=O)[C@H](C)NC(=O)[C@H](CO)NC(=O)[C@H](CC(=O)N)NC(=O)[C@H](CC(C)C)NC(=O)[C@@H](NC(=O)[C@@H](N)Cc2c[nH]c3ccccc23)[C@@H](C)O)C(=O)N,8.76
57,CHEMBL592415,CC(C)C[C@H](NC(=O)[C@H](CC(C)C)NC(=O)[C@H](Cc1ccc(O)cc1)NC(=O)CNC(=O)[C@H](C)NC(=O)[C@H](CO)NC(=O)[C@H](CC(=O)N)NC(=O)[C@H](CC(C)C)NC(=O)[C@@H](NC(=O)[C@@H](N)Cc2c[nH]c3ccccc23)[C@@H](C)O)C(=O)NCC(=O)N4CCC[C@H]4C(=O)N[C@@H](Cc5cnc[nH]5)C(=O)N[C@@H](C)C(=O)N[C@@H](C(C)C)C(=O)NCC(=O)N[C@@H](CC(=O)N)C(=O)N[C@@H](Cc6cnc[nH]6)C(=O)N[C@@H](CCCNC(=N)N)C(=O)N[C@@H](CO)C(=O)N[C@@H](Cc7ccccc7)C(=O)N[C@@H](CO)C(=O)N[C@@H](CC(=O)O)C(=O)N[C@@H](CCCCN)C(=O)N[C@@H](CC(=O)N)C(=O)NCC(=O)N[C@@H](CC(C)C)C(=O)N[C@@H]([C@@H](C)O)C(=O)N[C@@H](CO)C(=O)O,8.01
91,CHEMBL1458812,CC(=O)SC(C[N+](=O)[O-])c1cn(C(=O)C)c2ccccc12,4.84
95,CHEMBL1400481,[O-][N+](=O)c1cc(c2ncccn2)c(s1)[N+](=O)[O-],5.05
101,CHEMBL1451772,CN(C)c1ccc(NC2=C(Cl)C(=O)c3ccccc3C2=O)cc1,5.05
102,CHEMBL1342746,CCOC(=O)N1CCN(CC1)c2[nH]cnc3c4cc(F)ccc4nc23,4.34
106,CHEMBL1540377,ClC1=C(Cl)C(=O)N(CC(=O)N2CCN(CC2)S(=O)(=O)c3ccc4ccccc4c3)N=C1,5.27
109,CHEMBL1374788,CCc1ccccc1NC(=O)CN(C)C(=O)CN2N=CC(=C(Cl)C2=O)Cl,5.12
118,CHEMBL1482215,Nc1[nH]c(N=Nc2nc(cs2)c3ccc(F)cc3)c4ccccc14,4.34
128,CHEMBL1585420,CNc1nc2cc(c(cc2nc1NC)[N+](=O)[O-])[N+](=O)[O-],5.89
129,CHEMBL1586531,Clc1ccc(cc1)C(=O)\C=C\Sc2nc[nH]n2,4.96
132,CHEMBL1432794,Clc1ccc(\C=C\C(=O)NC(=S)Nc2ccc(NC(=O)c3occc3)cc2)cc1,5.17
134,CHEMBL1531933,Cc1cccc(c1)C(=O)Nc2ccc(cc2)C(=O)\C=C\c3cccnc3,4.67
135,CHEMBL1447697,CCOC(=O)c1cc(c(cc1NC(=O)C)[N+](=O)[O-])[N+](=O)[O-],4.99
191,CHEMBL1921901,Cc1ccc(C)c(Nc2cc(Nc3ccccc3)nc(n2)N4CCCCC4)c1,5.34
192,CHEMBL1921902,COc1ccc(Nc2cc(Nc3ccccc3)nc(n2)N4CCCCC4)cc1,5.96
193,CHEMBL1921903,FC(F)(F)Oc1cccc(Nc2cc(Nc3ccccc3)nc(n2)N4CCCCC4)c1,5.18
194,CHEMBL1921988,FC(F)Oc1ccc(Nc2cc(Nc3ccccc3)nc(n2)N4CCCCC4)cc1,5.47
195,CHEMBL1921989,FC(F)Oc1cccc(Nc2cc(Nc3ccccc3)nc(n2)N4CCCCC4)c1,5.38
196,CHEMBL1921990,C(Nc1cc(Nc2ccccc2)nc(n1)N3CCCCC3)c4ccc5OCOc5c4,5.43
197,CHEMBL1921991,COc1ccc(Nc2cc(Nc3ccccc3)nc(n2)N4CCCCC4)cc1F,5.06
198,CHEMBL1921992,COc1ccc(Nc2cc(nc(n2)N3CCCC3)N4CCN(CC4)c5ccccc5)cc1,5.47
199,CHEMBL1921993,COc1ccc(Nc2cc(Nc3cccc(OC)c3)nc(n2)N4CCCC4)cc1,6.03
200,CHEMBL1921994,COc1ccc(Nc2cc(Nc3ccc(OC)cc3)nc(n2)N4CCCC4)cc1,5.1
201,CHEMBL1921995,COc1ccc(Nc2cc(Nc3ccc(OC(F)F)cc3)nc(NC4CCCCC4)n2)cc1,4.9
202,CHEMBL1921996,COc1ccc(Nc2cc(Nc3cccc(OC(F)F)c3)nc(NC4CCCCC4)n2)cc1,6.11
203,CHEMBL1921997,COc1ccc(Nc2cc(Nc3ccc(OC(F)(F)F)cc3)nc(NC4CCCCC4)n2)cc1,5.98
204,CHEMBL1921998,COc1ccc(Nc2cc(Nc3cccc(OC)c3)nc(NC4CCCCC4)n2)cc1,5.76
205,CHEMBL1921999,COc1ccc(Nc2cc(Nc3cccc(OC(F)(F)F)c3)nc(NC4CCCCC4)n2)cc1,6.26
206,CHEMBL1922000,COc1ccc(Nc2cc(nc(n2)N3CCCN(CC3)c4ncccc4C(F)(F)F)N5CCCCC5)cc1,5.72
207,CHEMBL1922001,Cc1ccc(C)c(Nc2cc(nc(n2)N3CCCN(CC3)c4ncccc4C(F)(F)F)N5CCCCC5)c1,5.68
208,CHEMBL1922002,COc1ccc(Nc2cc(nc(n2)N3CCCN(CC3)c4ncccc4C(F)(F)F)N5CCCCC5)cc1F,5.69
209,CHEMBL1922003,Cc1c(F)cccc1Nc2cc(nc(n2)N3CCCN(CC3)c4ncccc4C(F)(F)F)N5CCCCC5,6.25
211,CHEMBL1922004,COc1ccc(Nc2nc(Nc3ccc(C)cc3C)cc(n2)N4CCCCC4)cc1,5.93
212,CHEMBL1922005,COc1ccc(Nc2nc(Nc3cc(C)ccc3C)cc(n2)N4CCCCC4)cc1,6.36
213,CHEMBL1922006,COc1ccc(Nc2nc(Nc3cccc(OC(F)(F)F)c3)cc(n2)N4CCCCC4)cc1,6.42
214,CHEMBL1922007,COc1ccc(Nc2nc(Nc3ccc(OC(F)(F)F)cc3)cc(n2)N4CCCCC4)cc1,6.48
215,CHEMBL1922008,COc1ccc(Nc2nc(Nc3ccc(cc3)C(F)(F)F)cc(n2)N4CCCCC4)cc1,6.11
216,CHEMBL1922009,COc1ccc(Nc2nc(Nc3cccc(OC(F)F)c3)cc(n2)N4CCCCC4)cc1,6.27
217,CHEMBL1922010,COc1ccc(Nc2nc(Nc3ccc(OC)c(F)c3)cc(n2)N4CCCCC4)cc1,6.37
218,CHEMBL1922011,COc1ccc(Nc2nc(NCc3cccc(c3)C(F)(F)F)cc(n2)N4CCCCC4)cc1,5.71
219,CHEMBL1922012,COc1ccc(Nc2nc(Nc3ccc(F)cc3C)cc(n2)N4CCCCC4)cc1,6.01
220,CHEMBL1922013,COc1ccc(Nc2nc(Nc3cccc(F)c3C)cc(n2)N4CCCCC4)cc1,6.42
221,CHEMBL1922014,COc1ccc(Nc2nc(Nc3ccc(F)c(Cl)c3)cc(n2)N4CCCCC4)cc1,5.38
222,CHEMBL1922016,COc1ccc(Nc2nc(Nc3ccc(OC)c(F)c3)cc(n2)N4CCCCCC4)cc1,6.11
223,CHEMBL1922017,CCN(CC)c1cc(Nc2ccc(OC)c(F)c2)nc(Nc3ccc(OC)cc3)n1,5.55
224,CHEMBL1922019,COc1ccc(Nc2nc(Nc3ccc(OC)c(F)c3)cc(n2)N4CCCC(C)C4)cc1,5.87
225,CHEMBL1922023,COc1ccc(Nc2nc(Nc3ccc(OC)c(F)c3)cc(n2)N4CCN(CC4)c5ccccc5)cc1,4.61
226,CHEMBL1922025,COc1ccc(Nc2nc(Nc3ccc(OC)c(F)c3)cc(n2)N4CCCN(CC4)C(=O)OC(C)(C)C)cc1,5.04
326,CHEMBL2324949,CNCC(=O)N[C@@H](Cc1c[nH]c2ccccc12)C(=O)N[C@@H]([C@@H](C)O)C(=O)N[C@@H](CC(C)C)C(=O)N[C@@H](CC(=O)N)C(=O)N[C@@H](CO)C(=O)N[C@@]3(C)CCC\C=C\CCC[C@](C)(NC(=O)[C@H](CC(C)C)NC(=O)[C@H](Cc4ccc(O)cc4)NC(=O)CNC3=O)C(=O)NCC(=O)N5CCC[C@H]5C(=O)N[C@@H](CCCCN)C(=O)N[C@@H](CCCCN)C(=O)N[C@@H](CCCCN)C(=O)N[C@@H](CCCCN)C(=O)N,6.92
