,molecule_chembl_id,canonical_smiles,pchembl_value
0,CHEMBL526862,CCCCCCCCCCCCCCCC(=O)NCCCC[C@H](NC(=O)[C@H](C)NC(=O)[C@H](Cc1cnc[nH]1)NC(=O)[C@@H]2CCCN2C(=O)CNC(=O)[C@H](CC(C)C)NC(=O)[C@H](CC(C)C)NC(=O)[C@H](Cc3ccc(O)cc3)NC(=O)CNC(=O)[C@H](C)NC(=O)[C@H](CO)NC(=O)[C@H](CC(=O)N)NC(=O)[C@H](CC(C)C)NC(=O)[C@@H](NC(=O)[C@H](Cc4c[nH]c5ccccc45)NC(=O)CNC)[C@@H](C)O)C(=O)N,7.07
1,CHEMBL526889,CCCCCCCCCCCCCCCC(=O)NCCCC[C@H](NC(=O)[C@H](CCCCN)NC(=O)[C@H](CCCCN)NC(=O)[C@H](CCCCN)NC(=O)[C@H](CCCCN)NC(=O)[C@H](CC(C)C)NC(=O)[C@H](CC(C)C)NC(=O)[C@H](Cc1ccc(O)cc1)NC(=O)CNC(=O)[C@H](C)NC(=O)[C@H](CO)NC(=O)[C@H](CC(=O)N)NC(=O)[C@H](CC(C)C)NC(=O)[C@@H](NC(=O)[C@H](Cc2c[nH]c3ccccc23)NC(=O)CNC)[C@@H](C)O)C(=O)N[C@@H](CCCCN)C(=O)N,7.38
2,CHEMBL2324949,CNCC(=O)N[C@@H](Cc1c[nH]c2ccccc12)C(=O)N[C@@H]([C@@H](C)O)C(=O)N[C@@H](CC(C)C)C(=O)N[C@@H](CC(=O)N)C(=O)N[C@@H](CO)C(=O)N[C@@]3(C)CCC\C=C\CCC[C@](C)(NC(=O)[C@H](CC(C)C)NC(=O)[C@H](Cc4ccc(O)cc4)NC(=O)CNC3=O)C(=O)NCC(=O)N5CCC[C@H]5C(=O)N[C@@H](CCCCN)C(=O)N[C@@H](CCCCN)C(=O)N[C@@H](CCCCN)C(=O)N[C@@H](CCCCN)C(=O)N,7.43
3,CHEMBL501306,CCCCCCCCCCCCCCCC(=O)NCCCC[C@H](NC(=O)[C@@H]1CCCN1C(=O)CNC(=O)[C@H](CC(C)C)NC(=O)[C@H](CC(C)C)NC(=O)[C@H](Cc2ccc(O)cc2)NC(=O)CNC(=O)[C@H](C)NC(=O)[C@H](CO)NC(=O)[C@H](CC(=O)N)NC(=O)[C@H](CC(C)C)NC(=O)[C@@H](NC(=O)[C@H](Cc3c[nH]c4ccccc34)NC(=O)CNC)[C@@H](C)O)C(=O)N[C@@H](CCCCN)C(=O)N[C@@H](CCCCN)C(=O)N[C@@H](CCCCN)C(=O)N,7.59
4,CHEMBL507373,CCCCCCCCCCCCCCCC(=O)NCCCC[C@H](NC(=O)[C@H](CCCCN)NC(=O)[C@H](CCCCN)NC(=O)CNC(=O)[C@H](CC(C)C)NC(=O)[C@H](CC(C)C)NC(=O)[C@H](Cc1ccc(O)cc1)NC(=O)CNC(=O)[C@H](C)NC(=O)[C@H](CO)NC(=O)[C@H](CC(=O)N)NC(=O)[C@H](CC(C)C)NC(=O)[C@@H](NC(=O)[C@H](Cc2c[nH]c3ccccc23)NC(=O)CNC)[C@@H](C)O)C(=O)N[C@@H](CCCCN)C(=O)N,7.59
5,CHEMBL504758,CCCCCCCCCCCCCCCC(=O)NCCCC[C@H](NC(=O)[C@H](CCCCN)NC(=O)[C@H](CCCCN)NC(=O)[C@@H]1CCCN1C(=O)CNC(=O)[C@H](CC(C)C)NC(=O)[C@H](CC(C)C)NC(=O)[C@H](Cc2ccc(O)cc2)NC(=O)CNC(=O)[C@H](C)NC(=O)[C@H](CO)NC(=O)[C@H](CC(=O)N)NC(=O)[C@H](CC(C)C)NC(=O)[C@@H](NC(=O)[C@H](Cc3c[nH]c4ccccc34)NC(=O)CCCCCN)[C@@H](C)O)C(=O)N[C@@H](CCCCN)C(=O)N,7.67
6,CHEMBL578910,CCCCCCCCCCCCCCCC(=O)NCCCC[C@H](NC(=O)[C@H](CCCCN)NC(=O)[C@H](CCCCN)NC(=O)[C@@H]1CCCN1C(=O)CNC(=O)[C@H](CC(C)C)NC(=O)[C@H](CC(C)C)NC(=O)[C@H](Cc2ccc(O)cc2)NC(=O)CNC(=O)[C@H](C)NC(=O)[C@H](CO)NC(=O)[C@H](CC(=O)N)NC(=O)[C@H](CC(C)C)NC(=O)[C@@H](NC(=O)[C@H](Cc3c[nH]c4ccccc34)NC(=O)[C@H](C)N)[C@@H](C)O)C(=O)N[C@@H](CCCCN)C(=O)N,7.96
7,CHEMBL504914,CCCCCCCCCCCCCCCC(=O)NCCCC[C@H](NC(=O)[C@H](CCCCN)NC(=O)[C@@H]1CCCN1C(=O)CNC(=O)[C@H](CC(C)C)NC(=O)[C@H](CC(C)C)NC(=O)[C@H](Cc2ccc(O)cc2)NC(=O)CNC(=O)[C@H](C)NC(=O)[C@H](CO)NC(=O)[C@H](CC(=O)N)NC(=O)[C@H](CC(C)C)NC(=O)[C@@H](NC(=O)[C@H](Cc3c[nH]c4ccccc34)NC(=O)CNC)[C@@H](C)O)C(=O)N[C@@H](CCCCN)C(=O)N[C@@H](CCCCN)C(=O)N,8.22
8,CHEMBL499807,CCCCCCCCCCCCCCCC(=O)NCCCC[C@H](NC(=O)[C@H](CCCCN)NC(=O)[C@H](CCCCN)NC(=O)[C@@H]1CCCN1C(=O)CNC(=O)[C@H](CC(C)C)NC(=O)[C@H](CC(C)C)NC(=O)[C@H](Cc2ccc(O)cc2)NC(=O)CNC(=O)[C@H](C)NC(=O)[C@H](CO)NC(=O)[C@H](CC(=O)N)NC(=O)[C@H](CC(C)C)NC(=O)[C@@H](NC(=O)[C@H](Cc3c[nH]c4ccccc34)NC(=O)CN)[C@@H](C)O)C(=O)N[C@@H](CCCCN)C(=O)N,8.28
9,CHEMBL450827,CCCCCCCCCCCCCCCCCC(=O)NCCCC[C@H](NC(=O)[C@H](CCCCN)NC(=O)[C@H](CCCCN)NC(=O)[C@@H]1CCCN1C(=O)CNC(=O)[C@H](CC(C)C)NC(=O)[C@H](CC(C)C)NC(=O)[C@H](Cc2ccc(O)cc2)NC(=O)CNC(=O)[C@H](C)NC(=O)[C@H](CO)NC(=O)[C@H](CC(=O)N)NC(=O)[C@H](CC(C)C)NC(=O)[C@@H](NC(=O)[C@H](Cc3c[nH]c4ccccc34)OC(=O)CNC)[C@@H](C)O)C(=O)N[C@@H](CCCCN)C(=O)N,8.4
10,CHEMBL2324950,CNCC(=O)N[C@@H](Cc1c[nH]c2ccccc12)C(=O)N[C@@H]([C@@H](C)O)C(=O)N[C@@H](CC(C)C)C(=O)N[C@@H](CC(=O)N)C(=O)N[C@@H](CO)C(=O)N[C@@H](C)C(=O)NCC(=O)N[C@@H](Cc3ccc(O)cc3)C(=O)N[C@@H](CC(C)C)C(=O)N[C@@H](CC(C)C)C(=O)NCC(=O)N4CCC[C@H]4C(=O)N[C@@]5(C)CCC\C=C/CCC[C@](C)(NC(=O)[C@H](CCCCN)NC(=O)[C@H](CCCCN)NC(=O)[C@H](CCCCN)NC5=O)C(=O)N[C@@H](CCCCN)C(=O)N,8.42
11,CHEMBL525023,CCCCCCCCCCCCCCCC(=O)NCCCC[C@H](NC(=O)[C@H](CCCCN)NC(=O)[C@H](CCCCN)NC(=O)[C@@H]1CCCN1C(=O)CNC(=O)[C@H](CC(C)C)NC(=O)[C@H](CC(C)C)NC(=O)[C@H](Cc2ccc(O)cc2)NC(=O)CNC(=O)[C@H](C)NC(=O)[C@H](CO)NC(=O)[C@H](CC(=O)N)NC(=O)[C@H](CC(C)C)NC(=O)[C@@H](NC(=O)[C@H](Cc3c[nH]c4ccccc34)NC(=O)CNC)[C@@H](C)O)C(=O)N[C@@H](CCCCN)C(=O)N,8.46
12,CHEMBL578514,CCCCCCCCCCCCCCCC(=O)NCCCC[C@H](NC(=O)[C@H](CCCCN)NC(=O)[C@H](CCCCN)NC(=O)[C@@H]1CCCN1C(=O)CNC(=O)[C@H](CC(C)C)NC(=O)[C@H](CC(C)C)NC(=O)[C@H](Cc2ccc(O)cc2)NC(=O)CNC(=O)[C@H](C)NC(=O)[C@H](CO)NC(=O)[C@H](CC(=O)N)NC(=O)[C@H](CC(C)C)NC(=O)[C@@H](NC(=O)[C@H](Cc3c[nH]c4ccccc34)NC(=O)CNC)[C@@H](C)O)C(=O)N[C@@H](CCCCN)C(=O)O,8.46
13,CHEMBL507353,CCCCCCCCCCCCCCCC(=O)NCCCC[C@H](NC(=O)[C@H](CCCCN)NC(=O)[C@H](CCCCN)NC(=O)[C@@H]1CCCN1C(=O)CNC(=O)[C@H](CC(C)C)NC(=O)[C@H](CC(C)C)NC(=O)[C@H](Cc2ccc(O)cc2)NC(=O)CNC(=O)[C@H](C)NC(=O)[C@H](CO)NC(=O)[C@H](CC(=O)N)NC(=O)[C@H](CC(C)C)NC(=O)[C@@H](NC(=O)[C@H](Cc3c[nH]c4ccccc34)OC(=O)CNC)[C@@H](C)O)C(=O)N[C@@H](CCCCN)C(=O)N,8.46
14,CHEMBL1790054,CCCCCCCCCCCCCCCC(=O)NCCCC[C@H](NC(=O)[C@H](CCCNC(=N)N)NC(=O)[C@H](CCCNC(=N)N)NC(=O)[C@@H]1CCCN1C(=O)CNC(=O)[C@H](CC(C)C)NC(=O)[C@H](CC(C)C)NC(=O)[C@H](Cc2ccc(O)cc2)NC(=O)CNC(=O)[C@H](C)NC(=O)[C@H](CO)NC(=O)[C@H](CC(=O)N)NC(=O)[C@H](CC(C)C)NC(=O)[C@@H](NC(=O)[C@H](Cc3c[nH]c4ccccc34)NC(=O)CNC)[C@@H](C)O)C(=O)N[C@@H](CCCNC(=N)N)C(=O)N,8.48
15,CHEMBL524678,CCCCCCCCCCCCCC(=O)NCCCC[C@H](NC(=O)[C@H](CCCCN)NC(=O)[C@H](CCCCN)NC(=O)[C@@H]1CCCN1C(=O)CNC(=O)[C@H](CC(C)C)NC(=O)[C@H](CC(C)C)NC(=O)[C@H](Cc2ccc(O)cc2)NC(=O)CNC(=O)[C@H](C)NC(=O)[C@H](CO)NC(=O)[C@H](CC(=O)N)NC(=O)[C@H](CC(C)C)NC(=O)[C@@H](NC(=O)[C@H](Cc3c[nH]c4ccccc34)OC(=O)CNC)[C@@H](C)O)C(=O)N[C@@H](CCCCN)C(=O)N,8.59
16,CHEMBL525755,CCCCCCCCCCCCCCCC(=O)NCCCC[C@H](NC(=O)[C@H](CCCCN)NC(=O)[C@H](CCCCN)NC(=O)[C@H](CCCCN)NC(=O)[C@@H]1CCCN1C(=O)CNC(=O)[C@H](CC(C)C)NC(=O)[C@H](CC(C)C)NC(=O)[C@H](Cc2ccc(O)cc2)NC(=O)CNC(=O)[C@H](C)NC(=O)[C@H](CO)NC(=O)[C@H](CC(=O)N)NC(=O)[C@H](CC(C)C)NC(=O)[C@@H](NC(=O)[C@H](Cc3c[nH]c4ccccc34)NC(=O)CNC)[C@@H](C)O)C(=O)N,8.72
17,CHEMBL578317,CCCCCCCCCCCCCCCC(=O)NCCCC[C@H](NC(=O)[C@H](CCCCN)NC(=O)[C@H](CCCCN)NC(=O)[C@@H]1CCCN1C(=O)CNC(=O)[C@H](CC(C)C)NC(=O)[C@H](CC(C)C)NC(=O)[C@H](Cc2ccc(O)cc2)NC(=O)CNC(=O)[C@H](C)NC(=O)[C@H](CO)NC(=O)[C@H](CC(=O)N)NC(=O)[C@H](CC(C)C)NC(=O)[C@@H](NC(=O)[C@H](Cc3c[nH]c4ccccc34)NC(=O)C)[C@@H](C)O)C(=O)N[C@@H](CCCCN)C(=O)N,8.77
18,CHEMBL507733,CCCCCCCCCCCC(=O)NCCCC[C@H](NC(=O)[C@H](CCCCN)NC(=O)[C@H](CCCCN)NC(=O)[C@@H]1CCCN1C(=O)CNC(=O)[C@H](CC(C)C)NC(=O)[C@H](CC(C)C)NC(=O)[C@H](Cc2ccc(O)cc2)NC(=O)CNC(=O)[C@H](C)NC(=O)[C@H](CO)NC(=O)[C@H](CC(=O)N)NC(=O)[C@H](CC(C)C)NC(=O)[C@@H](NC(=O)[C@H](Cc3c[nH]c4ccccc34)OC(=O)CNC)[C@@H](C)O)C(=O)N[C@@H](CCCCN)C(=O)N,8.85
19,CHEMBL460706,CCCCCCCCCC(=O)NCCCC[C@H](NC(=O)[C@H](CCCCN)NC(=O)[C@H](CCCCN)NC(=O)[C@@H]1CCCN1C(=O)CNC(=O)[C@H](CC(C)C)NC(=O)[C@H](CC(C)C)NC(=O)[C@H](Cc2ccc(O)cc2)NC(=O)CNC(=O)[C@H](C)NC(=O)[C@H](CO)NC(=O)[C@H](CC(=O)N)NC(=O)[C@H](CC(C)C)NC(=O)[C@@H](NC(=O)[C@H](Cc3c[nH]c4ccccc34)OC(=O)CNC)[C@@H](C)O)C(=O)N[C@@H](CCCCN)C(=O)N,8.89
20,CHEMBL526500,CCCCCCCCCCCCCCCC(=O)NCCCC[C@@H](NC(=O)[C@H](CCCCN)NC(=O)[C@@H](CCCCN)NC(=O)[C@H]1CCCN1C(=O)CNC(=O)[C@H](CC(C)C)NC(=O)[C@H](CC(C)C)NC(=O)[C@H](Cc2ccc(O)cc2)NC(=O)CNC(=O)[C@H](C)NC(=O)[C@H](CO)NC(=O)[C@H](CC(=O)N)NC(=O)[C@H](CC(C)C)NC(=O)[C@@H](NC(=O)[C@H](Cc3c[nH]c4ccccc34)NC(=O)CNC)[C@@H](C)O)C(=O)N[C@@H](CCCCN)C(=O)N,9.05
21,CHEMBL503900,CCCCCCCC(=O)NCCCC[C@H](NC(=O)[C@H](CCCCN)NC(=O)[C@H](CCCCN)NC(=O)[C@@H]1CCCN1C(=O)CNC(=O)[C@H](CC(C)C)NC(=O)[C@H](CC(C)C)NC(=O)[C@H](Cc2ccc(O)cc2)NC(=O)CNC(=O)[C@H](C)NC(=O)[C@H](CO)NC(=O)[C@H](CC(=O)N)NC(=O)[C@H](CC(C)C)NC(=O)[C@@H](NC(=O)[C@H](Cc3c[nH]c4ccccc34)OC(=O)CNC)[C@@H](C)O)C(=O)N[C@@H](CCCCN)C(=O)N,9.16
22,CHEMBL505299,CNCC(=O)O[C@@H](Cc1c[nH]c2ccccc12)C(=O)N[C@@H]([C@@H](C)O)C(=O)N[C@@H](CC(C)C)C(=O)N[C@@H](CC(=O)N)C(=O)N[C@@H](CO)C(=O)N[C@@H](C)C(=O)NCC(=O)N[C@@H](Cc3ccc(O)cc3)C(=O)N[C@@H](CC(C)C)C(=O)N[C@@H](CC(C)C)C(=O)NCC(=O)N4CCC[C@H]4C(=O)N[C@@H](CCCCN)C(=O)N[C@@H](CCCCN)C(=O)N[C@@H](CCCCNC(=O)COCCOCCOCCOCCOC)C(=O)N[C@@H](CCCCN)C(=O)N,9.3
23,CHEMBL508036,CNCC(=O)O[C@@H](Cc1c[nH]c2ccccc12)C(=O)N[C@@H]([C@@H](C)O)C(=O)N[C@@H](CC(C)C)C(=O)N[C@@H](CC(=O)N)C(=O)N[C@@H](CO)C(=O)N[C@@H](C)C(=O)NCC(=O)N[C@@H](Cc3ccc(O)cc3)C(=O)N[C@@H](CC(C)C)C(=O)N[C@@H](CC(C)C)C(=O)NCC(=O)N4CCC[C@H]4C(=O)N[C@@H](CCCCN)C(=O)N[C@@H](CCCCN)C(=O)N[C@@H](CCCCN)C(=O)N[C@@H](CCCCN)C(=O)N,9.4
0,CHEMBL501079,CC[C@H](C)[C@H](NC(=O)[C@H](C)NC(=O)[C@H](Cc1c[nH]cn1)NC(=O)[C@@H]2CCCN2C(=O)CNC(=O)[C@H](CC(C)C)NC(=O)[C@H](CC(C)C)NC(=O)[C@H](Cc3ccc(O)cc3)NC(=O)CNC(=O)[C@H](C)NC(=O)[C@H](CO)NC(=O)[C@H](CC(=O)N)NC(=O)[C@H](CC(C)C)NC(=O)[C@@H](NC(=O)[C@H](Cc4c[nH]c5ccccc45)NC(=O)CN)[C@@H](C)O)C(=O)N[C@@H](CC(=O)O)C(=O)N[C@@H](CC(=O)N)C(=O)N[C@@H](Cc6c[nH]cn6)C(=O)N[C@@H](CCCNC(=N)N)C(=O)N[C@@H](CO)C(=O)N[C@@H](Cc7ccccc7)C(=O)N[C@@H](Cc8c[nH]cn8)C(=O)N[C@@H](CC(=O)O)C(=O)N[C@@H](CCCCN)C(=O)N[C@@H](Cc9ccc(O)cc9)C(=O)NCC(=O)N[C@@H](CC(C)C)C(=O)N[C@@H](C)C(=O)N,9.08
18,CHEMBL525055,CNCC(=O)N[C@@H](Cc1c[nH]c2ccccc12)C(=O)N[C@@H]([C@@H](C)O)C(=O)N[C@@H](CC(C)C)C(=O)N[C@@H](CC(=O)N)C(=O)N[C@@H](CO)C(=O)N[C@@H](C)C(=O)NCC(=O)N[C@@H](Cc3ccc(O)cc3)C(=O)N[C@@H](CC(C)C)C(=O)N[C@@H](CC(C)C)C(=O)NCC(=O)N4CCC[C@H]4C(=O)N[C@@H](CCCCN)C(=O)N[C@@H](CCCCN)C(=O)N[C@@H](CCCCN)C(=O)N[C@@H](CCCCN)C(=O)N,9.4
20,CHEMBL508083,CC(C)C[C@H](NC(=O)[C@H](CC(C)C)NC(=O)[C@H](Cc1ccc(O)cc1)NC(=O)CNC(=O)[C@H](C)NC(=O)[C@H](CO)NC(=O)[C@H](CC(=O)N)NC(=O)[C@H](CC(C)C)NC(=O)[C@@H](NC(=O)[C@H](Cc2c[nH]c3ccccc23)NC(=O)CN)[C@@H](C)O)C(=O)NCC(=O)N4CCC[C@H]4C(=O)N[C@@H](Cc5cnc[nH]5)C(=O)N[C@@H](C)C(=O)N[C@@H](C(C)C)C(=O)N,9.3
21,CHEMBL524892,CCCCCCCCCCCCCCCC(=O)NCCCC[C@H](NC(=O)[C@H](CCCCN)NC(=O)[C@H](CCCCN)NC(=O)[C@H](CC(C)C)NC(=O)[C@H](CC(C)C)NC(=O)[C@H](Cc1ccc(O)cc1)NC(=O)CNC(=O)[C@H](C)NC(=O)[C@H](CO)NC(=O)[C@H](CC(=O)N)NC(=O)[C@H](CC(C)C)NC(=O)[C@@H](NC(=O)[C@H](Cc2c[nH]c3ccccc23)NC(=O)CNC)[C@@H](C)O)C(=O)N[C@@H](CCCCN)C(=O)N,6.51
26,CHEMBL506495,CCCCCCCCCCCCCCCC(=O)NCCCC[C@H](NC(=O)[C@H](CCCCN)NC(=O)[C@H](CCCCN)NC(=O)[C@@H]1CCCN1C(=O)CNC(=O)[C@H](CC(C)C)NC(=O)[C@H](CC(C)C)NC(=O)[C@H](Cc2ccc(O)cc2)NC(=O)CNC(=O)[C@H](C)NC(=O)[C@H](CO)NC(=O)[C@H](CC(=O)N)NC(=O)[C@H](CC(C)C)NC(=O)[C@@H](NC(=O)[C@@H](N)Cc3c[nH]c4ccccc34)[C@@H](C)O)C(=O)N[C@@H](CCCCN)C(=O)N,6.41
30,CHEMBL499179,CC(C)C[C@H](NC(=O)CNC(=O)[C@H](CC(=O)N)NC(=O)[C@H](CCCCN)NC(=O)[C@H](CC(=O)O)NC(=O)[C@H](CO)NC(=O)[C@H](Cc1ccccc1)NC(=O)[C@H](CO)NC(=O)[C@H](CCCNC(=N)N)NC(=O)[C@H](Cc2cnc[nH]2)NC(=O)[C@H](CC(=O)N)NC(=O)CNC(=O)[C@@H](NC(=O)[C@H](C)NC(=O)[C@H](Cc3cnc[nH]3)NC(=O)[C@@H]4CCCN4C(=O)CNC(=O)[C@H](CC(C)C)NC(=O)[C@H](CC(C)C)NC(=O)[C@H](Cc5ccc(O)cc5)NC(=O)CNC(=O)[C@H](C)NC(=O)[C@H](CO)NC(=O)[C@H](CC(=O)N)NC(=O)[C@H](CC(C)C)NC(=O)[C@@H](NC(=O)[C@H](Cc6c[nH]c7ccccc67)NC(=O)CN)[C@@H](C)O)C(C)C)C(=O)N[C@@H]([C@@H](C)O)C(=O)O,9.4
31,CHEMBL506210,CC(C)C[C@H](NC(=O)[C@H](CC(C)C)NC(=O)[C@H](Cc1ccc(O)cc1)NC(=O)CNC(=O)[C@H](C)NC(=O)[C@H](CO)NC(=O)[C@H](CC(=O)N)NC(=O)[C@H](CC(C)C)NC(=O)[C@@H](NC(=O)[C@@H](N)Cc2c[nH]c3ccccc23)[C@@H](C)O)C(=O)O,6.06
32,CHEMBL499980,CC[C@H](C)[C@H](NC(=O)[C@H](C)NC(=O)[C@H](Cc1cnc[nH]1)NC(=O)[C@@H]2CCCN2C(=O)CNC(=O)[C@H](CC(C)C)NC(=O)[C@H](CC(C)C)NC(=O)[C@H](Cc3ccc(O)cc3)NC(=O)CNC(=O)[C@H](C)NC(=O)[C@H](CO)NC(=O)[C@H](CC(=O)N)NC(=O)[C@H](CC(C)C)NC(=O)[C@@H](NC(=O)[C@H](Cc4c[nH]c5ccccc45)NC(=O)CN)[C@@H](C)O)C(=O)O,8.5
33,CHEMBL2309599,CC1=CC(=O)Oc2cc(NC(=O)[C@@H](CCCCN)NC(=O)[C@H](CC3CCCCC3)NC(=O)OCC4c5ccccc5c6ccccc46)ccc12,4.92
34,CHEMBL503473,CC(C)C[C@H](NC(=O)[C@H](CC(C)C)NC(=O)[C@H](Cc1ccc(O)cc1)NC(=O)CNC(=O)[C@H](C)NC(=O)[C@H](CO)NC(=O)[C@H](CC(=O)N)NC(=O)[C@H](CC(C)C)NC(=O)[C@@H](NC(=O)[C@H](Cc2c[nH]c3ccccc23)NC(=O)CN)[C@@H](C)O)C(=O)NCC(=O)N4CCC[C@H]4C(=O)N5CCC[C@H]5C(=O)N6CCC[C@H]6C(=O)NCC(=O)N[C@@H](Cc7ccccc7)C(=O)N[C@@H](CO)C(=O)N8CCC[C@H]8C(=O)N[C@@H](Cc9ccccc9)C(=O)N[C@@H](CCCNC(=N)N)C(=O)N,10.0
35,CHEMBL526003,CSCC[C@H](NC(=O)[C@H](CC(C)C)NC(=O)CNC(=O)[C@H](Cc1ccccc1)NC(=O)[C@H](Cc2ccccc2)NC(=O)[C@H](CCC(=O)N)NC(=O)[C@H](CCC(=O)N)NC(=O)[C@@H]3CCCN3C(=O)CNC(=O)[C@H](CC(C)C)NC(=O)[C@H](CC(C)C)NC(=O)[C@H](Cc4ccc(O)cc4)NC(=O)CNC(=O)[C@H](C)NC(=O)[C@H](CO)NC(=O)[C@H](CC(=O)N)NC(=O)[C@H](CC(C)C)NC(=O)[C@@H](NC(=O)[C@H](Cc5c[nH]c6ccccc56)NC(=O)CN)[C@@H](C)O)C(=O)N,9.52
36,CHEMBL503924,COC(=O)[C@H](CCCCN)NC(=O)[C@]1(C)NC(=O)c2nc(oc2C)[C@@](C)(NC(=O)c3nc(oc3C)[C@@](C)(NC(=O)c4nc1oc4C)C(=O)NCC5CCCCC5)C(=O)NC6c7ccccc7c8ccccc68.OC(=O)C(F)(F)F,4.47
40,CHEMBL592170,CC(C)C[C@H](NC(=O)CNC(=O)[C@H](CC(=O)N)NC(=O)[C@H](CCCCN)NC(=O)[C@H](CC(=O)O)NC(=O)[C@H](CO)NC(=O)[C@H](Cc1ccccc1)NC(=O)[C@H](CO)NC(=O)[C@H](CCCNC(=N)N)NC(=O)[C@H](Cc2cnc[nH]2)NC(=O)[C@H](CC(=O)N)NC(=O)CNC(=O)[C@@H](NC(=O)[C@H](C)NC(=O)[C@H](Cc3cnc[nH]3)NC(=O)[C@@H]4CCCN4C(=O)CNC(=O)[C@H](CC(C)C)NC(=O)[C@H](CC(C)C)NC(=O)[C@H](Cc5ccc(O)cc5)NC(=O)CNC(=O)[C@H](C)NC(=O)[C@H](CO)NC(=O)[C@H](CC(=O)N)NC(=O)[C@H](CC(C)C)NC(=O)[C@@H](NC(=O)[C@H](Cc6c[nH]c7ccccc67)NC(=O)CN)[C@@H](C)O)C(C)C)C(=O)N[C@@H]([C@@H](C)O)C(=O)N[C@@H](CO)C(=O)N,6.26
41,CHEMBL578710,CC(C)C[C@H](NC(=O)[C@H](CC(C)C)NC(=O)[C@H](Cc1ccc(O)cc1)NC(=O)CNC(=O)[C@H](C)NC(=O)[C@H](CO)NC(=O)[C@H](CC(=O)N)NC(=O)[C@H](CC(C)C)NC(=O)[C@@H](NC(=O)[C@@H](N)Cc2c[nH]c3ccccc23)[C@@H](C)O)C(=O)N,6.06
42,CHEMBL592415,CC(C)C[C@H](NC(=O)[C@H](CC(C)C)NC(=O)[C@H](Cc1ccc(O)cc1)NC(=O)CNC(=O)[C@H](C)NC(=O)[C@H](CO)NC(=O)[C@H](CC(=O)N)NC(=O)[C@H](CC(C)C)NC(=O)[C@@H](NC(=O)[C@@H](N)Cc2c[nH]c3ccccc23)[C@@H](C)O)C(=O)NCC(=O)N4CCC[C@H]4C(=O)N[C@@H](Cc5cnc[nH]5)C(=O)N[C@@H](C)C(=O)N[C@@H](C(C)C)C(=O)NCC(=O)N[C@@H](CC(=O)N)C(=O)N[C@@H](Cc6cnc[nH]6)C(=O)N[C@@H](CCCNC(=N)N)C(=O)N[C@@H](CO)C(=O)N[C@@H](Cc7ccccc7)C(=O)N[C@@H](CO)C(=O)N[C@@H](CC(=O)O)C(=O)N[C@@H](CCCCN)C(=O)N[C@@H](CC(=O)N)C(=O)NCC(=O)N[C@@H](CC(C)C)C(=O)N[C@@H]([C@@H](C)O)C(=O)N[C@@H](CO)C(=O)O,7.29
44,CHEMBL1187471,COC(=O)[C@H](CCCCN)NC(=O)[C@]1(C)NC(=O)c2nc(oc2C)[C@@](C)(NC(=O)c3nc(oc3C)[C@@](C)(NC(=O)c4nc1oc4C)C(=O)NCC5CCCCC5)C(=O)NC6c7ccccc7c8ccccc68,4.47
46,CHEMBL604990,CC(C)C[C@H](NC(=O)[C@H](CC(C)C)NC(=O)[C@H](Cc1ccc(O)cc1)NC(=O)CNC(=O)[C@H](C)NC(=O)[C@H](CO)NC(=O)[C@H](CC(=O)N)NC(=O)[C@H](CC(C)C)NC(=O)[C@@H](NC(=O)[C@H](Cc2c[nH]c3ccccc23)NC(=O)CN)[C@@H](C)O)C(=O)NCC(=O)N4CCC[C@H]4C(=O)N5CCC[C@H]5C(=O)N6CCC[C@H]6C(=O)N[C@@H](C)C(=O)N[C@@H](CC(C)C)C(=O)N[C@@H](C)C(=O)N[C@@H](CC(C)C)C(=O)N[C@@H](C)C(=O)N,10.0
48,CHEMBL592413,CC[C@H](C)[C@H](NC(=O)[C@H](Cc1ccc(O)cc1)NC(=O)[C@H](Cc2cnc[nH]2)NC(=O)[C@H](CCCNC(=N)N)NC(=O)[C@@H]3CCCN3C(=O)CNC(=O)[C@H](CC(C)C)NC(=O)[C@H](CC(C)C)NC(=O)[C@H](Cc4ccc(O)cc4)NC(=O)CNC(=O)[C@H](C)NC(=O)[C@H](CO)NC(=O)[C@H](CC(=O)N)NC(=O)[C@H](CC(C)C)NC(=O)[C@@H](NC(=O)[C@H](Cc5c[nH]c6ccccc56)NC(=O)CN)[C@@H](C)O)C(=O)N[C@@H](CC(=O)N)C(=O)N[C@@H](CC(C)C)C(=O)N[C@@H]([C@@H](C)O)C(=O)N[C@@H](CCCNC(=N)N)C(=O)N[C@@H](CCC(=O)N)C(=O)N[C@@H](CCCNC(=N)N)C(=O)N[C@@H](Cc7ccc(O)cc7)C(=O)N,9.52
50,CHEMBL604373,CC(C)C[C@H](NC(=O)[C@H](CC(C)C)NC(=O)[C@@H](Cc1c[nH]c2ccccc12)NC(=O)[C@H](Cc3ccccc3)NC(=O)[C@@H](Cc4c[nH]c5ccccc45)NC(=O)[C@H](CCC(=O)N)NC(=O)[C@H](CCC(=O)N)NC(=O)[C@@H]6CCCN6C(=O)[C@H](CCCCN)NC(=O)[C@@H]7CCCN7C(=O)[C@@H](CCCNC(=N)N)NC(=O)[C@@H]8CCCN8C(=O)CNC(=O)[C@H](CC(C)C)NC(=O)[C@H](CC(C)C)NC(=O)[C@H](Cc9ccc(O)cc9)NC(=O)CNC(=O)[C@H](C)NC(=O)[C@H](CO)NC(=O)[C@H](CC(=O)N)NC(=O)[C@H](CC(C)C)NC(=O)[C@@H](NC(=O)[C@H](Cc%10c[nH]c%11ccccc%10%11)NC(=O)CN)[C@@H](C)O)C(=O)N,10.1
54,CHEMBL604991,CCCCCCCCCCCCCCCC(=O)NCCCC[C@H](NC(=O)[C@H](CCCCN)NC(=O)[C@H](CCCCN)NC(=O)[C@@H]1CCCN1C(=O)CNC(=O)[C@H](CC(C)C)NC(=O)[C@H](CC(C)C)NC(=O)[C@H](Cc2ccc(O)cc2)NC(=O)CNC(=O)[C@H](C)NC(=O)[C@H](CO)NC(=O)[C@H](CC(=O)N)NC(=O)[C@H](CC(C)C)NC(=O)[C@@H](NC(=O)[C@H](Cc3c[nH]c4ccccc34)NC)[C@@H](C)O)C(=O)N[C@@H](CCCCN)C(=O)N,6.44
59,CHEMBL1921902,COc1ccc(Nc2cc(Nc3ccccc3)nc(n2)N4CCCCC4)cc1,5.07
60,CHEMBL1921903,FC(F)(F)Oc1cccc(Nc2cc(Nc3ccccc3)nc(n2)N4CCCCC4)c1,4.46
61,CHEMBL1921989,FC(F)Oc1cccc(Nc2cc(Nc3ccccc3)nc(n2)N4CCCCC4)c1,5.16
62,CHEMBL1921991,COc1ccc(Nc2cc(Nc3ccccc3)nc(n2)N4CCCCC4)cc1F,5.17
63,CHEMBL1921992,COc1ccc(Nc2cc(nc(n2)N3CCCC3)N4CCN(CC4)c5ccccc5)cc1,4.89
64,CHEMBL1921993,COc1ccc(Nc2cc(Nc3cccc(OC)c3)nc(n2)N4CCCC4)cc1,5.34
65,CHEMBL1921995,COc1ccc(Nc2cc(Nc3ccc(OC(F)F)cc3)nc(NC4CCCCC4)n2)cc1,4.56
66,CHEMBL1921996,COc1ccc(Nc2cc(Nc3cccc(OC(F)F)c3)nc(NC4CCCCC4)n2)cc1,5.3
67,CHEMBL1921997,COc1ccc(Nc2cc(Nc3ccc(OC(F)(F)F)cc3)nc(NC4CCCCC4)n2)cc1,5.23
68,CHEMBL1921998,COc1ccc(Nc2cc(Nc3cccc(OC)c3)nc(NC4CCCCC4)n2)cc1,5.25
69,CHEMBL1921999,COc1ccc(Nc2cc(Nc3cccc(OC(F)(F)F)c3)nc(NC4CCCCC4)n2)cc1,5.17
70,CHEMBL1922000,COc1ccc(Nc2cc(nc(n2)N3CCCN(CC3)c4ncccc4C(F)(F)F)N5CCCCC5)cc1,5.48
71,CHEMBL1922001,Cc1ccc(C)c(Nc2cc(nc(n2)N3CCCN(CC3)c4ncccc4C(F)(F)F)N5CCCCC5)c1,5.41
72,CHEMBL1922002,COc1ccc(Nc2cc(nc(n2)N3CCCN(CC3)c4ncccc4C(F)(F)F)N5CCCCC5)cc1F,5.2
73,CHEMBL1922003,Cc1c(F)cccc1Nc2cc(nc(n2)N3CCCN(CC3)c4ncccc4C(F)(F)F)N5CCCCC5,5.89
79,CHEMBL1922016,COc1ccc(Nc2nc(Nc3ccc(OC)c(F)c3)cc(n2)N4CCCCCC4)cc1,5.26
80,CHEMBL1922019,COc1ccc(Nc2nc(Nc3ccc(OC)c(F)c3)cc(n2)N4CCCC(C)C4)cc1,5.17
81,CHEMBL1922021,COc1ccc(Nc2nc(NCC3CCCCC3)cc(Nc4ccc(OC)c(F)c4)n2)cc1,5.42
82,CHEMBL1922022,COc1ccc(Nc2nc(Nc3ccc(OC)c(F)c3)cc(n2)N4CCN(CC4)c5ncccn5)cc1,5.42
83,CHEMBL1922023,COc1ccc(Nc2nc(Nc3ccc(OC)c(F)c3)cc(n2)N4CCN(CC4)c5ccccc5)cc1,5.17
84,CHEMBL1922024,COc1ccc(Nc2nc(Nc3ccc(OC)c(F)c3)cc(n2)N4CCC(CC4)N5CCCCC5)cc1,4.8
85,CHEMBL1922025,COc1ccc(Nc2nc(Nc3ccc(OC)c(F)c3)cc(n2)N4CCCN(CC4)C(=O)OC(C)(C)C)cc1,5.55
