,molecule_chembl_id,canonical_smiles,pchembl_value
0,lodoxamide,OC(=O)C(=O)NC1=CC(=CC(NC(=O)C(O)=O)=C1Cl)C#N,8.79317379
1,dicoumarol,OC1=C(CC2=C(O)C3=C(OC2=O)C=CC=C3)C(=O)OC2=CC=CC=C12,7.41
2,CHEMBL6246,Oc1cc2C(=O)Oc3c(O)c(O)cc4C(=O)Oc(c1O)c2c34,7.0
3,CHEMBL2392175,CCOc1ccc(cc1)C(=O)Nc2cc(Br)cc3C(=O)C=C(Oc23)C(=O)O,7.01
4,CHEMBL2392168,OC(=O)C1=CC(=O)c2cc(Br)cc(NC(=O)c3ccccc3)c2O1,7.09
5,CHEMBL2392178,OC(=O)C1=CC(=O)c2cc(Br)cc(NC(=O)c3ccc4OCOc4c3)c2O1,7.22
6,CHEMBL2392182,COc1ccc(nc1)C(=O)Nc2cc(Br)cc3C(=O)C=C(Oc23)C(=O)O,7.25
7,CHEMBL2425825,OC(=O)COc1ccc(\C=C\2/SC(=O)NC2=O)cc1,7.29
8,CHEMBL177880,OC(=O)c1cc2ccccc2c(Cc3c(O)c(cc4ccccc34)C(=O)O)c1O,7.3
9,CHEMBL2425822,COc1ccc(cc1)C(=O)Nc2cc(C)cc3C(=O)C=C(Oc23)C(=O)O,7.37
10,CHEMBL1708510,COC(=O)c1cnn(c1\C=N\NC(=S)NC(C)(C)C)c2ccc(F)cc2F,7.38
11,CHEMBL2392170,OC(=O)C1=CC(=O)c2cc(Br)cc(NC(=O)c3ccc(Cl)cc3)c2O1,7.39
12,CHEMBL2392171,OC(=O)C1=CC(=O)c2cc(Br)cc(NC(=O)c3ccc(Cl)cc3Cl)c2O1,7.46
13,CHEMBL2392183,COc1ccc(cn1)C(=O)Nc2cc(Br)cc3C(=O)C=C(Oc23)C(=O)O,7.52
14,CHEMBL2392167,COc1ccc(cc1)C(=O)Nc2cc(Cl)cc3C(=O)C=C(Oc23)C(=O)O,7.54
15,CHEMBL1384502,C\C(=C/c1ccccc1)\C=C\2/SC(=S)N(CCCC(=O)Nc3ccc(C(=O)O)c(O)c3)C2=O,7.57
16,CHEMBL2392172,OC(=O)C1=CC(=O)c2cc(Br)cc(NC(=O)c3ccc(Cl)c(Cl)c3)c2O1,7.57
17,CHEMBL2425823,COc1ccc(cc1)C(=O)Nc2cc(OC)cc3C(=O)C=C(Oc23)C(=O)O,7.59
18,CHEMBL2392141,OC(=O)c1ccc(\C=C\2/S\C(=N/c3ccccc3F)\NC2=O)cc1,7.59
19,CHEMBL2392162,COc1ccc(cc1)C(=O)Nc2cc(F)cc3C(=O)C=C(Oc23)C(=O)O,7.6
20,CHEMBL2392174,COc1ccc(cc1)C(=O)Nc2cc(Br)cc3C(=O)C=C(Oc23)C(=O)O,7.66
21,CHEMBL2392160,OC(=O)C1=CC(=O)c2cc(F)cc(NC(=O)c3ccc(Cl)cc3Cl)c2O1,7.69
22,CHEMBL2392179,COc1ccc(C(=O)Nc2cc(Br)cc3C(=O)C=C(Oc23)C(=O)O)c(Cl)c1,7.83
23,CHEMBL2392161,OC(=O)C1=CC(=O)c2cc(F)cc(NC(=O)c3ccc(Cl)c(Cl)c3)c2O1,7.94
24,CHEMBL2425824,COc1ccc(C(=O)Nc2cc(Cl)cc3C(=O)C=C(Oc23)C(=O)O)c(F)c1,8.22
25,CHEMBL3347474,Oc1c(cc(cc1[N+](=O)[O-])C(=C(Cl)Cl)c2cc(c(O)c(c2)[N+](=O)[O-])[N+](=O)[O-])[N+](=O)[O-],8.22
26,CHEMBL2425818,[3H]C([3H])([3H])Oc1ccc(cc1)C(=O)Nc2cc(Br)cc3C(=O)C=C(Oc23)C(=O)O,8.23
27,CHEMBL2425821,COc1cc(F)c(C(=O)Nc2cc(Br)cc3C(=O)C=C(Oc23)C(=O)O)c(F)c1,8.26
28,CHEMBL2425819,COc1ccc(C(=O)Nc2cc(Br)cc3C(=O)C=C(Oc23)C(=O)O)c(F)c1,8.35
29,CHEMBL2425820,COc1ccc(cc1F)C(=O)Nc2cc(Br)cc3C(=O)C=C(Oc23)C(=O)O,8.36
1,CHEMBL1444708,OC(=O)c1cccc(NC(=O)CCCN2C(=S)S\C(=C\c3ccccc3)\C2=O)c1,5.79
2,CHEMBL1368962,Clc1ccc(CSc2nc3ccc(NC(=O)c4ccccc4C(=O)N5CCOCC5)cc3s2)cc1,4.78
3,CHEMBL1487024,COc1ccc(\C=C\2/SC(=S)N(CCCC(=O)Nc3cccc(c3)C(=O)O)C2=O)cc1OC,5.92
4,CHEMBL1387413,Cc1ccc(\C=C\2/SC(=S)N(CCCC(=O)Nc3cccc(c3)C(=O)O)C2=O)cc1,5.86
5,CHEMBL1589694,CCOC(=O)c1ccc(NC(=O)CCCN2C(=S)S\C(=C/c3ccc(C)cc3)\C2=O)cc1,4.67
6,CHEMBL1487870,C\C(=C/c1ccccc1)\C=C\2/SC(=S)N(CCCC(=O)Nc3ccc(cc3)C(=O)O)C2=O,5.8
9,CHEMBL1333032,OC(=O)c1ccc(NC(=O)CCCN2C(=S)S\C(=C\c3ccccc3)\C2=O)cc1,5.48
10,CHEMBL1552304,COc1ccc(\C=C\2/SC(=S)N(CCCC(=O)Nc3ccc(C(=O)O)c(O)c3)C2=O)cc1OC,6.28
11,CHEMBL1387749,OC(=O)c1ccc(NC(=O)CCCN2C(=O)S\C(=C\c3ccccc3)\C2=S)cc1,5.84
12,CHEMBL1589711,OC(=O)c1ccc(NC(=O)CCCN2C(=S)S\C(=C/c3ccc4OCOc4c3)\C2=O)cc1O,5.68
13,CHEMBL1355774,CCOc1ccc(NC(=O)CSC2=Nc3ccsc3C(=O)N2Cc4ccc(cc4)C(=O)O)cc1,4.84
14,CHEMBL1357976,OC(=O)c1ccc(NC(=O)CCCN2C(=O)S\C(=C/C=C/c3ccccc3)\C2=O)cc1,5.02
15,CHEMBL1529781,OC(=O)c1ccc(NC(=O)CCCN2C(=S)S\C(=C/c3ccccc3)\C2=O)cc1O,5.57
18,CHEMBL1314099,CC1CCN(CC1)c2ncnc3sc(C(=O)Nc4ccc5OCCOc5c4)c(C)c23,4.69
19,CHEMBL1406190,OC(=O)c1ccc(NC(=O)CCCN2C(=O)S\C(=C\C=C\c3ccccc3)\C2=O)cc1,5.93
20,CHEMBL1490915,O=C(Nc1ccc2nc(SCc3ccccc3)sc2c1)c4ccccc4C(=O)N5CCOCC5,5.34
21,CHEMBL1428840,Cc1ccc(Cn2ncc3c(ncnc23)N4CCN(CC4)c5ccccc5C)cc1,4.75
22,CHEMBL1372770,CC(C)c1ccc(NC(=O)CSC2=Nc3ccsc3C(=O)N2Cc4ccc(cc4)C(=O)O)cc1,5.25
23,CHEMBL1312928,Cc1ccc(\C=C\2/SC(=S)N(CCCC(=O)Nc3ccc(O)cc3)C2=O)cc1,6.6
24,CHEMBL1367928,COc1cccc(\C=C\2/SC(=S)N(CCCC(=O)Nc3ccc(cc3)C(=O)O)C2=O)c1,6.16
25,CHEMBL1560901,OC(=O)c1cccc(NC(=O)CCCN2C(=S)S\C(=C/c3ccc4OCOc4c3)\C2=O)c1,5.72
26,CHEMBL1333832,CC(C)(C)c1ccc(OCCC(=O)NCCc2ccc(cc2)S(=O)(=O)N)cc1,5.0
27,CHEMBL1413629,CCc1ccc(\C=C\2/SC(=S)N(CCCC(=O)Nc3ccc(cc3)C(=O)O)C2=O)cc1,6.2
29,CHEMBL1532025,OC(=O)c1ccc(NC(=O)CCCN2C(=S)S\C(=C/c3ccc4OCOc4c3)\C2=O)cc1,5.39
32,CHEMBL1716874,CNC(=S)N\N=C\c1c(cnn1c2ccc(F)cc2F)C(=O)OC,5.6
34,CHEMBL1700467,COC(=O)c1cnn(c1\C=N\NC(=S)Nc2ccc(Cl)cc2)c3ccc(F)cc3F,6.77
35,CHEMBL1723578,CNC(=S)N\N=C\c1c(cnn1c2ccc(Cl)cc2)C(=O)OC,5.9
36,CHEMBL1718866,COC(=O)c1cnn(c1\C=N\NC(=S)Nc2ccccc2)c3ccc(F)cc3F,6.42
37,CHEMBL1709632,COC(=O)c1cnn(c1\C=N\NC(=S)Nc2ccccc2)c3ccc(Cl)cc3,6.68
39,CHEMBL1734603,COC(=O)c1cnn(c1\C=N\NC(=S)N)c2ccc(Cl)cc2,5.34
40,CHEMBL1720530,COC(=O)c1cnn(c1\C=N\NC(=S)NC(C)(C)C)c2ccccc2,6.51
41,CHEMBL1709028,COC(=O)c1cnn(c1\C=N\NC(=S)Nc2ccccc2)c3ccccc3,6.0
43,CHEMBL1704074,COC(=O)c1cnn(c1\C=N\NC(=S)Nc2ccc(Cl)cc2)c3ccccc3,6.5
58,CHEMBL1718220,Cc1nnc(c2cccc3ccccc23)c4cn(nc14)c5cccc(Br)c5,4.55
69,CHEMBL1713756,COc1ccc(cc1)n2cc3c(nnc(C)c3n2)c4ccc(cc4)c5ccccc5,5.32
107,CHEMBL1707517,Cc1ccc(cc1)c2nnc(C)c3nn(cc23)c4ccc(C)cc4,4.81
108,CHEMBL1736438,Cc1nnc(c2ccccc2)c3cn(nc13)c4ccc(Cl)cc4,4.64
115,CHEMBL1533415,CC(C)CSC1=NSC2=NC(=O)\C(=C/C3=COc4ccccc4C3=O)\C(=N)N12,4.63
116,CHEMBL1518827,CCOc1ccc2nc3cc(NCc4ccc(OC)cc4)ccc3c(N)c2c1,4.82
117,CHEMBL1309475,N#C\C(=C\c1oc(cc1)N2CCOCC2)\c3nc4ccccc4[nH]3,5.62
118,CHEMBL1464544,CC(C)c1ccc(cc1)N2C(=S)S\C(=C/N(C)C)\C2=O,6.08
119,CHEMBL1412529,CS(=O)(=O)N1N=C(CC1c2ccc3OCOc3c2)c4ccccc4,5.85
120,CHEMBL1442788,CC1=C(Cl)SN(C1=O)c2ccc(Cl)cc2,5.57
121,CHEMBL1437947,NC(=O)\C(=C\c1oc(cc1)N2CCCCC2)\C#N,5.18
122,CHEMBL1500763,OC(=O)CSc1n[nH]c(CCCCCCCCC=C)n1,6.26
124,CHEMBL467373,NS(=O)(=O)c1ccc(CCNC(=O)CCS(=O)(=O)c2ccc(Br)cc2)cc1,5.65
125,CHEMBL1497386,CN1CC=C2C(C1)C(c3ccsc3)C(C#N)(C#N)C(=C2C#N)N,6.0
126,CHEMBL1596753,O=C(\C=C\c1occc1)c2ccc(NC(=O)C34CC5CC(CC(C5)C3)C4)cc2,5.31
127,CHEMBL1536628,CCN(CC)S(=O)(=O)c1ccc(NC(=O)c2cccnc2Cl)c(NC(=O)c3cccnc3Cl)c1,5.06
128,CHEMBL1494365,CCCCCOC(=O)c1ccc(NC(=O)c2cccc(NC(=O)c3ccccc3C(=O)O)c2)cc1,6.0
129,CHEMBL3209511,COc1ccc(cc1)\N=C\2/S\C(=C/c3oc(cc3)N4CCOCC4)\C(=O)N2CCc5c[nH]c6ccccc56,5.83
130,CHEMBL1536710,COc1ccc2nc3oc(cc3cc2c1)C(=O)N4CCN(CC4)c5cccc(Cl)c5,5.67
131,CHEMBL1970711,COc1ccc(\C=C\2/S\C(=C\C(=O)c3ccc(C)cc3)\NC2=O)c(OC)c1,5.76
132,CHEMBL1487918,CN1CC=C2C(C1)C(c3cccc(Cl)c3Cl)C(C#N)(C#N)C(=C2C#N)N,4.92
134,CHEMBL1386711,CN(C)\C=C\C(=O)c1ccc(cc1)N2CCN(CC2)c3ncc(cc3Cl)C(F)(F)F,6.28
135,CHEMBL1572785,CN(C)\C=C\C=C\C=C\C1=[N+](C)c2ccccc2C1(C)C.F[B-](F)(F)F,5.74
137,CHEMBL1975147,CC\N=C\1/S\C(=C/c2cc(OC)c(cc2OC)N3CCCC3)\C(=O)N1CC,6.05
139,CHEMBL1416442,Cl.CC1(C)Cc2c(ccc3ccccc23)\C(=C\C(=O)N4CCCCC4)\N1,4.96
140,CHEMBL1300169,CCOc1ccc(cc1)N(C)c2ccc(\C=C/3\SC(=S)NC3=O)cc2,6.15
141,CHEMBL1306983,[Cl-].COc1ccc(C)cc1Nc2n[n+](c3ccccc3)c(s2)c4ccc(cc4)N(C)C,5.45
142,CHEMBL1547464,[O-][N+](=O)c1cc(ccc1N2CCCCC2)C(=O)Nc3nc4ccccc4s3,5.95
143,CHEMBL1521989,COc1cc(\C=C(\C)/[N+](=O)[O-])ccc1OCc2ccccc2Cl,5.61
144,CHEMBL1370183,CCOC(=O)C1=C(Cc2ccc(Cl)cc2)C(=O)c3ccccc3C1=O,5.37
145,CHEMBL1504949,CCOC(=O)c1c(NC(=O)\C(=C\c2ccc(O)c(OC)c2)\C#N)scc1c3ccccc3,5.56
146,CHEMBL1498210,CCN1CCN(CC1)C2=CC3=CC(=C(C#N)C#N)CCC3CC2,5.78
147,CHEMBL1430125,Nc1[nH]c2cc(ccc2c1c3ccccn3)[N+](=O)[O-],6.1
148,CHEMBL1303807,CN(C)c1ccc(\C=C\2/NC(=S)N(Cc3ccccc3)C2=O)cc1,6.19
149,CHEMBL1501743,OC(=O)c1cccc(c1)c2oc(\C=C\3/C(=N)N4C(=NC3=O)SC=C4c5ccccc5)cc2,5.64
150,CHEMBL1492565,OC(=O)c1cccc(c1)c2oc(\C=C/3\C(=N)N4C(=NC3=O)SC=C4c5ccccc5)cc2,5.96
152,CHEMBL1981103,CC(C)CC1NC(=O)C23C(C=C(C)C(C)C12)\C=C(/C)\CCC(O)C(O)\C=C\C3=O,5.52
153,CHEMBL1570760,ClC1=C(Cl)C(=O)N(Cc2ccccc2Cl)N=C1,5.67
155,CHEMBL466853,[I-].CCN1\C(=C\C(=C\c2sc3ccccc3[n+]2CC)\C)\Sc4ccccc14,6.0
156,CHEMBL1595152,CC(NS(=O)(=O)OCC(Cl)(Cl)Cl)c1ccc(cc1)C(C)(C)C,5.84
158,CHEMBL1608333,COc1ccc(C=C2C=C(C(=O)C(=C2)C(C)(C)C)C(C)(C)C)cc1OC,5.5
159,CHEMBL1304179,CCCOc1cc(ccc1\C=C(\C#N)/c2nc3cc(C)ccc3[nH]2)N(CC)CC,6.24
163,CHEMBL1307717,[Cl-].CCN(CC)c1ccc(cc1)c2sc(Nc3ccccc3)n[n+]2c4ccc(F)cc4,6.2
164,CHEMBL1517609,[I-].Cc1ccc2[nH]c(C)c(\C=C\c3cc[n+](C)cc3)c2c1,5.79
165,CHEMBL1420573,CN1CC2C(c3ccccc3)C(C#N)(C#N)C(N)C(=C2C=C1)C#N,6.0
166,CHEMBL1576905,[I-].Cc1c(\C=C\c2cc[n+](C)cc2)c3ccccc3n1CC=C,5.7
168,CHEMBL3194571,CC1(C)C2CCC1(C)\C(=N\NC3=NC(=O)\C(=C/c4ccc(Cl)cc4)\S3)\C2,4.86
169,CHEMBL1351967,[Cl-].CN(C)c1ccc(cc1)c2sc(Nc3ccccc3)n[n+]2c4ccc(F)cc4,5.88
171,CHEMBL1407436,COc1ccc2nc(C)cc(NCc3ccc(F)cc3)c2c1,5.59
172,CHEMBL1612267,CCN(CC)CCCNc1ccc(cn1)c2oc(nn2)c3ccc(OCC(C)C)cc3,5.71
174,CHEMBL1532412,CCN(CC)c1ccc(\C=C(\C#N)/c2nc3ccccc3[nH]2)c(OC(C)C)c1,5.92
175,CHEMBL1466582,COc1cccc(C2C3CN(C)CC=C3C(=C(N)C2(C#N)C#N)C#N)c1OC,5.56
176,CHEMBL1510156,CC(NC(=O)CN1N=CC(=C(Cl)C1=O)Cl)C23CC4CC(CC(C4)C2)C3,5.97
177,CHEMBL1431610,FC(F)(F)C1=CC(=O)Oc2c3CCCN4CCCc(cc12)c34,5.86
178,CHEMBL1400236,CCCCN1C(=O)NC(=O)\C(=C(\O)/C=C/c2c[nH]c3ccccc23)\C1=O,5.51
185,CHEMBL1526855,CC(=O)N(C1CCCCC1)C2=C(Cl)C(=O)c3ccccc3C2=O,5.26
186,CHEMBL1490312,CN(C)c1ccc(\C=C/2\OC(=S)N(C)C2=O)cc1,5.95
187,CHEMBL1523126,CCOc1ccc(NC(=O)C(C)Oc2ccccc2C(=O)Nc3ccc(C)c(Cl)c3)cc1,5.88
190,CHEMBL1308547,CC1=CC(=Cc2sc3ccccc3[n+]2C)C=C(C)N1CC4CCCO4.F[B-](F)(F)F,5.84
192,CHEMBL1407961,CCC1CCCCN1S(=O)(=O)c2ccc(NC(=O)c3nc(ncc3Cl)S(=O)(=O)C)cc2,5.49
193,CHEMBL1369492,CCc1nnc(NS(=O)(=O)c2ccc(NC(=S)NC(=O)\C=C\c3ccc(cc3)C(C)C)cc2)s1,5.8
194,CHEMBL1424929,CC(=O)Nc1sc(nc1c2ccc(C)cc2)\C(=C\c3ccc(Cl)c(Cl)c3)\C#N,6.27
196,CHEMBL3196703,Oc1ccc(\C=N\Nc2nc(nc3ccccc23)c4ccccc4F)c(O)c1,5.51
198,CHEMBL1388639,CC(NC(=O)\C(=C\c1ccc(Cl)c(c1)[N+](=O)[O-])\C#N)c2ccccc2,5.6
199,CHEMBL1463795,CN1CCN(CC1)C2=CC3=CC(=C(C#N)C#N)CCC3CC2,5.56
200,CHEMBL3198952,COc1ccc(\C=C/C(=O)NCC(=O)N\N=C\c2ccc(O)cc2O)cc1,5.94
201,CHEMBL1550295,CC(C(=O)Nc1ccc(cc1)C(=O)C)n2nc(c3ccccc3)c4cc(Cl)ccc24,5.75
202,CHEMBL1542492,CC(NC(=O)\C(=C\c1oc(cc1)[N+](=O)[O-])\C#N)c2ccccc2,5.42
204,CHEMBL567422,O=C1C=CC(=O)N1CCCCCCN2C(=O)C=CC2=O,5.21
205,CHEMBL1442537,Cc1nnc(NC(=O)c2sc3nc(cc(c3c2N)C(F)(F)F)c4cccs4)s1,6.22
206,CHEMBL1457048,OC(=O)COc1ccc(\C=C\C(=O)c2ccc(cc2)C3CCCCC3)cc1,5.67
207,CHEMBL1460894,Cc1nc(N2CCCCC2)c3c(C)c(sc3n1)C(=O)Nc4ccc5OCCOc5c4,5.69
210,CHEMBL1353925,CCN(CC)c1ccc(\C=C(\C#N)/c2nc3cc(C)ccc3[nH]2)c(OC(C)C)c1,6.25
211,CHEMBL2007593,CCOc1ccc(\C=N\NC(=O)Cc2csc(Nc3cccc(c3)C(F)(F)F)n2)cc1,5.68
217,CHEMBL1354041,COc1ccc(NC(=O)c2cnn3c(O)cc(nc23)C4CCN(CC4)C(=O)OC(C)(C)C)cc1Cl,6.3
225,CHEMBL1386881,COc1ccc(CNCCC(c2ccc(F)cc2)c3ccc(OC)cc3)cc1,4.64
235,CHEMBL1468612,CC(C)(C)OC(=O)N1CCC(CC1)c2cc(O)n3ncc(C(=O)Nc4ccc(F)c(Cl)c4)c3n2,5.28
478,CHEMBL28079,CCCOc1ccccc1C2=Nc3nn[nH]c3C(=O)N2,5.38
580,CHEMBL2037453,Cc1sc2c(C)c(sc2c1Br)C(=O)O,5.89
581,CHEMBL2037454,Cc1c(sc2c(Br)c(Br)sc12)C(=O)O,6.16
583,CHEMBL2035007,OC(=O)c1sc2c(Br)c(Br)sc2c1C(F)(F)F,6.29
584,CHEMBL2037456,OC(=O)c1sc2c(Br)c(Br)sc2c1O,7.8
585,CHEMBL2037457,OC(=O)c1sc2ccsc2c1O,5.01
586,CHEMBL2037458,OC(=O)c1sc2c(Br)csc2c1Cl,5.99
587,CHEMBL2037459,OC(=O)c1sc2c(Br)csc2c1C3CC3,5.58
588,CHEMBL2037460,Cc1c(sc2c(csc12)C#C)C(=O)O,5.83
589,CHEMBL2037461,Cc1c(sc2c(csc12)C3CC3)C(=O)O,6.02
590,CHEMBL2037462,Cc1c(sc2c(csc12)c3cccnc3)C(=O)O,6.62
591,CHEMBL2037463,Cc1c(sc2c(csc12)c3ccsc3)C(=O)O,6.59
592,CHEMBL2037464,Cc1c(sc2c(csc12)c3cn[nH]c3)C(=O)O,6.43
593,CHEMBL2037465,Cc1c([nH]c2c(Br)csc12)C(=O)O,4.93
594,CHEMBL2037466,Cc1c([nH]c2c(csc12)c3cccnc3)C(=O)O,6.2
595,CHEMBL2037467,Cc1c([nH]c2c(csc12)C3CC3)C(=O)O,5.08
596,CHEMBL2037468,Cc1c(C(=O)O)n(C)c2c(Br)csc12,5.28
762,CHEMBL2089228,Cc1c(sc2cc(O)c(O)cc12)C(=O)O,4.04
763,CHEMBL2089229,Cc1c(sc2cc(Br)c(O)c(Br)c12)C(=O)O,4.33
790,CHEMBL2089194,OC(=O)c1cc2cc(O)c(O)cc2n1Cc3ccccc3,4.36
792,CHEMBL2089196,OC(=O)c1cc2cc(O)c(O)cc2n1CC(=O)c3ccccc3,4.36
793,CHEMBL2089197,Cc1ccc(cc1)C(=O)Cn2c(cc3cc(O)c(O)cc23)C(=O)O,4.4
796,CHEMBL2089217,OC(=O)c1[nH]c2cc(O)c(O)cc2c1c3ccccc3,4.7
798,CHEMBL2089219,OC(=O)c1[nH]c2cc(O)c(O)cc2c1c3cccnc3,4.08
805,CHEMBL2089225,OC(=O)c1[nH]c2cc(O)c(O)cc2c1c3ccc(cc3)C(F)(F)F,4.89
837,CHEMBL2392177,COc1ccc(cc1OC)C(=O)Nc2cc(Br)cc3C(=O)C=C(Oc23)C(=O)O,6.37
838,CHEMBL2392176,COc1ccccc1C(=O)Nc2cc(Br)cc3C(=O)C=C(Oc23)C(=O)O,5.78
844,CHEMBL2392157,COc1ccc(cc1)C(=O)Nc2cccc3C(=O)C=C(Oc23)C(=O)O,6.46
