,molecule_chembl_id,canonical_smiles,pchembl_value
0,CHEMBL1365455,CN1[C@@H]2CC[C@H]1CC(C2)OC(=O)c3cc(Cl)cc(Cl)c3,8.16
24,CHEMBL3315349,CC(C)C[C@H](NC(=O)[C@H](Cc1ccccc1)NC(=O)[C@H](Cc2ccc(O)cc2)NC(=O)CNC(=O)[C@H](CCCNC(=N)N)NC(=O)[C@H](CO)NC(=O)[C@H](CCC(=O)N)NC(=O)[C@H](CO)NC(=O)[C@H](C)NC(=O)[C@H](Cc3ccccc3)NC(=O)[C@@H]4CCCN4C(=O)[C@H](CO)NC(=O)[C@H](CCC(=O)N)NC(=O)[C@H](Cc5ccccc5)NC(=O)[C@H](CCC(=O)O)NC(=O)[C@H](CCC(=O)O)NC(=O)[C@H](CC(=O)O)NC(=O)[C@@H](NC(=O)[C@H](CCCNC(=N)N)NC(=O)[C@@H](N)Cc6ccccc6)C(C)C)C(=O)N[C@@H](Cc7ccccc7)C(=O)N[C@@H](CCCNC(=N)N)C(=O)N8CCC[C@H]8C(=O)N[C@@H](CCCNC(=N)N)C(=O)N[C@@H](CC(=O)N)C(=O)N,9.37
86,CHEMBL3759452,CC(C)C[C@H](NC(=O)[C@H](Cc1ccccc1)NC(=O)C)C(=O)N[C@@H](Cc2ccccc2)C(=O)N[C@@H](CCCNC(=N)N)C(=O)N3CCC[C@H]3C(=O)N[C@@H](CCCNC(=N)N)C(=O)N[C@@H](CC(=O)N)C(=O)N,9.24
87,CHEMBL3758577,CC(C)C[C@H](NC(=O)[C@H](Cc1ccccc1)NC(=O)C(C)(C)N)C(=O)N[C@@H](Cc2ccccc2)C(=O)N[C@@H](CCCNC(=N)N)C(=O)N3CCC[C@H]3C(=O)N[C@@H](CCCNC(=N)N)C(=O)N[C@@H](CC(=O)N)C(=O)N,9.25
88,CHEMBL3759714,CCCCCCCCCCCCCCCC(=O)NC(C)(C)C(=O)N[C@@H](Cc1ccccc1)C(=O)N[C@@H](CC(C)C)C(=O)N[C@@H](Cc2ccccc2)C(=O)N[C@@H](CCCNC(=N)N)C(=O)N3CCC[C@H]3C(=O)N[C@@H](CCCNC(=N)N)C(=O)N[C@@H](CC(=O)N)C(=O)N,6.85
89,CHEMBL3760037,CCCCCCCCCCCCCCCC(=O)NCCOCCOCCOCCOCCOCCOCCOCCOCCOCCOCCOCCOCCC(=O)NC(C)(C)C(=O)N[C@@H](Cc1ccccc1)C(=O)N[C@@H](CC(C)C)C(=O)N[C@@H](Cc2ccccc2)C(=O)N[C@@H](CCCNC(=N)N)C(=O)N3CCC[C@H]3C(=O)N[C@@H](CCCNC(=N)N)C(=O)N[C@@H](CC(=O)N)C(=O)N,8.75
90,CHEMBL3759206,CCCCCCCCCCCCCCCCNC(=O)CNCC(=O)NC(C)(C)C(=O)N[C@@H](Cc1ccccc1)C(=O)N[C@@H](CC(C)C)C(=O)N[C@@H](Cc2ccccc2)C(=O)N[C@@H](CCCNC(=N)N)C(=O)N3CCC[C@H]3C(=O)N[C@@H](CCCNC(=N)N)C(=O)N[C@@H](CC(=O)N)C(=O)N,7.91
91,CHEMBL3758845,CCCCCCCCCCCCCCCCNC(=O)CN(CCCCCCCCCCCCCCCC)CC(=O)NC(C)(C)C(=O)N[C@@H](Cc1ccccc1)C(=O)N[C@@H](CC(C)C)C(=O)N[C@@H](Cc2ccccc2)C(=O)N[C@@H](CCCNC(=N)N)C(=O)N3CCC[C@H]3C(=O)N[C@@H](CCCNC(=N)N)C(=O)N[C@@H](CC(=O)N)C(=O)N,4.9
92,CHEMBL3759820,CCCCCCCCCCCCCCCCNC(=O)CN(CC(=O)NC(C)(C)C(=O)N[C@@H](Cc1ccccc1)C(=O)N[C@@H](CC(C)C)C(=O)N[C@@H](Cc2ccccc2)C(=O)N[C@@H](CCCNC(=N)N)C(=O)N3CCC[C@H]3C(=O)N[C@@H](CCCNC(=N)N)C(=O)N[C@@H](CC(=O)N)C(=O)N)C(=O)c4cccnc4,7.32
93,CHEMBL3758247,CCCCCCCCCCCCCCCCN(CCCCCCCCCCCCCCCC)CCCCCC(=O)NC(C)(C)C(=O)N[C@@H](Cc1ccccc1)C(=O)N[C@@H](CC(C)C)C(=O)N[C@@H](Cc2ccccc2)C(=O)N[C@@H](CCCNC(=N)N)C(=O)N3CCC[C@H]3C(=O)N[C@@H](CCCNC(=N)N)C(=O)N[C@@H](CC(=O)N)C(=O)N,6.3
94,CHEMBL3758687,CC(C)C[C@H](NC(=O)[C@H](Cc1ccccc1)NC(=O)C(C)(C)N)C(=O)N[C@@H](Cc2ccccc2)C(=O)N[C@@H](CCCNC(=N)N)C(=O)N3CCC[C@H]3C(=O)N[C@@H](CCCNC(=N)N)C(=O)N[C@@H](CC(=O)N)C(=O)NC(C)(C)C(=O)N,7.23
95,CHEMBL3759549,CCCCCCCCCCCCCCCC(=O)NCCOCCOCCOCCOCCOCCOCCOCCOCCOCCOCCOCCOCCC(=O)NC(C)(C)C(=O)N[C@@H](Cc1ccccc1)C(=O)N[C@@H](CC(C)C)C(=O)N[C@@H](Cc2ccccc2)C(=O)N[C@@H](CCCNC(=N)N)C(=O)N3CCC[C@H]3C(=O)N[C@@H](CCCNC(=N)N)C(=O)N[C@@H](CC(=O)N)C(=O)NC(C)(C)C(=O)N,6.89
96,CHEMBL3759408,CC(C)C[C@H](NC(=O)[C@H](Cc1ccccc1)NC(=O)CCCCCNC(=O)[C@@H](N)CS)C(=O)N[C@@H](Cc2ccccc2)C(=O)N[C@@H](CCCNC(=N)N)C(=O)N3CCC[C@H]3C(=O)N[C@@H](CCCNC(=N)N)C(=O)N[C@@H](CC(=O)N)C(=O)NCCCCCC(=O)N[C@@H](CS)C(=O)N,6.79
97,CHEMBL3758417,CC(C)C[C@H](NC(=O)[C@H](Cc1ccccc1)NC(=O)CCCCCNC(=O)[C@@H](N)CS)C(=O)N[C@@H](Cc2ccccc2)C(=O)N[C@@H](CCCNC(=N)N)C(=O)N3[C@H]4CCCC[C@H]4C[C@H]3C(=O)N[C@@H](CCCNC(=N)N)C(=O)N[C@@H](CC(=O)N)C(=O)NCCCCCC(=O)N[C@@H](CS)C(=O)N,5.87
98,CHEMBL3759626,CC(C)C[C@H](NC(=O)[C@H](Cc1ccccc1)NC(=O)CCCCCNC(=O)[C@@H](N)CS)C(=O)N[C@@H](Cc2ccccc2)C(=O)N[C@@H](CCCNC(=N)N)C(=O)N3Cc4ccccc4C[C@@H]3C(=O)N[C@@H](CCCNC(=N)N)C(=O)N[C@@H](CC(=O)N)C(=O)NCCCCCC(=O)N[C@@H](CS)C(=O)N,5.3
99,CHEMBL3759523,CCCCCCCCCCCCCCCCSCc1cc2CSC[C@@H](N)C(=O)NCCCCCC(=O)N[C@@H](Cc3ccccc3)C(=O)N[C@@H](CC(C)C)C(=O)N[C@@H](Cc4ccccc4)C(=O)N[C@@H](CCCNC(=N)N)C(=O)N5CCC[C@H]5C(=O)N[C@@H](CCCNC(=N)N)C(=O)N[C@@H](CC(=O)N)C(=O)NCCCCCC(=O)N[C@H](CSCc(c1)c2)C(=O)N,5.87
100,CHEMBL3758896,CCCCCCCCCCCCCCCCSCc1cc2CSC[C@@H](N)C(=O)NCCCCCC(=O)N[C@@H](Cc3ccccc3)C(=O)N[C@@H](CC(C)C)C(=O)N[C@@H](Cc4ccccc4)C(=O)N[C@@H](CCCNC(=N)N)C(=O)N5[C@H]6CCCC[C@H]6C[C@H]5C(=O)N[C@@H](CCCNC(=N)N)C(=O)N[C@@H](CC(=O)N)C(=O)NCCCCCC(=O)N[C@H](CSCc(c1)c2)C(=O)N,5.2
101,CHEMBL3758812,CCCCCCCCCCCCCCCCSCc1cc2CSC[C@@H](N)C(=O)NCCCCCC(=O)N[C@@H](Cc3ccccc3)C(=O)N[C@@H](CC(C)C)C(=O)N[C@@H](Cc4ccccc4)C(=O)N[C@@H](CCCNC(=N)N)C(=O)N5Cc6ccccc6C[C@H]5C(=O)N[C@@H](CCCNC(=N)N)C(=O)N[C@@H](CC(=O)N)C(=O)NCCCCCC(=O)N[C@H](CSCc(c1)c2)C(=O)N,5.1
