,molecule_chembl_id,canonical_smiles,pchembl_value
0,CHEMBL3716700,CCCC(C)COc1ccc(cc1)C(CN2CCN(C)CC2)NC(=O)[C@@H](C)c3ccccc3,7.0
1,CHEMBL3403783,CCCC(C)COc1ccc(cc1)[C@H](CN2CCOCC2)NC(=O)[C@@H](C)c3ccccc3,7.0
2,CHEMBL3714989,CCCC(C)COc1ccc(cc1)[C@H](CNC(=O)[C@@H](C)N)NC(=O)[C@@H](C)c2ccccc2,7.0
3,CHEMBL3717978,CCCC(C)COc1ccc(cc1)[C@H](CNC(=O)[C@@H](N)CC2CC2)NC(=O)[C@@H](C)c3ccccc3,7.0
4,CHEMBL3717488,CCCC(C)COc1ccc(cc1)[C@H](CNC(=O)[C@@H](N)[C@@H](C)OC)NC(=O)[C@@H](C)c2ccccc2,7.0
5,CHEMBL3717617,CCCC(C)COc1ccc(cc1)[C@H](CNC(=O)[C@@H](N)[C@H](C)CC)NC(=O)[C@@H](C)c2ccccc2,7.0
6,CHEMBL3717324,CCCC(C)COc1ccc(cc1)[C@H](CNC(=O)[C@H](N)C2CC2)NC(=O)[C@@H](C)c3ccccc3,7.0
7,CHEMBL3715622,CCCC(C)COc1ccc(cc1)[C@H](CNC(=O)[C@H](N)CCC)NC(=O)[C@@H](C)c2ccccc2,7.0
8,CHEMBL3717512,CCCC(C)COc1ccc(cc1)[C@H](CNC(=O)[C@H](N)Cc2cscn2)NC(=O)[C@@H](C)c3ccccc3,7.0
9,CHEMBL3717750,CCCC(C)COc1ccc(cc1)[C@H](CNC(=O)[C@H](N)[C@@H](C)CC)NC(=O)[C@@H](C)c2ccccc2,7.0
10,CHEMBL3715058,CCCC(C)COc1ccc(cc1)[C@H](CNCC(C)CC)NC(=O)[C@@H](C)c2ccccc2,7.0
11,CHEMBL3718752,CCCC(C)COc1ccc(cc1)[C@H](CNCC2CCOC2)NC(=O)[C@@H](C)c3ccccc3,7.0
12,CHEMBL3715177,CCCC(C)COc1ccc(cc1)[C@H](CNC[C@@H]2CCCN2)NC(=O)[C@@H](C)c3ccccc3,7.0
13,CHEMBL3715294,CCCC(C)COc1ccc(cc1)[C@H](CNC[C@H](C)N)NC(=O)[C@@H](C)c2ccccc2,7.0
14,CHEMBL3716282,CCCC(C)COc1ccc(cc1)[C@H](CNCc2c[nH]c3ccccc23)NC(=O)[C@@H](C)c4ccccc4,7.0
15,CHEMBL3715982,CCCC(C)COc1ccc(cc1)[C@H](CNCc2cc[nH]n2)NC(=O)[C@@H](C)c3ccccc3,7.0
16,CHEMBL3715603,CCCC(C)COc1ccc(cc1)[C@H](CNCc2cccnc2)NC(=O)[C@@H](C)c3ccccc3,7.0
17,CHEMBL3717835,CCCC(C)COc1ccc(cc1)[C@H](CNCc2ccncc2)NC(=O)[C@@H](C)c3ccccc3,7.0
18,CHEMBL3403768,CCCC(C)COc1ccc(cc1)[C@H](CO)NC(=O)[C@@H](C)c2ccccc2,7.0
19,CHEMBL3716055,CCCC(C)COc1ccc(cc1)[C@H](CO)NC(=O)[C@@H](CC)c2ccccc2,7.0
20,CHEMBL3715473,CCCC(C)COc1ccc(cc1)[C@H](CO)NC(=O)[C@@H](CO)c2ccccc2,7.0
21,CHEMBL3719078,CCCNC[C@H](NC(=O)[C@@H](C)c1ccccc1)c2ccc(OC[C@@H](C)CC)cc2,7.0
22,CHEMBL3715126,CC[C@H](C)COc1ccc(cc1)[C@@H](NC(=O)[C@@H](C)c2ccccc2)[C@@H](C)O,7.0
23,CHEMBL3400269,CC[C@H](C)[C@H](N)CN(C(=O)[C@@H]1C[C@H]1c2ccccc2)c3ccc(cc3)c4ccc(Oc5ccccc5)cc4,7.03
24,CHEMBL3403765,Cc1ccc(cc1)c2ccc(cc2)[C@H](CO)NC(=O)[C@H]3C[C@@H]3c4cccs4,7.03
25,CHEMBL3403782,CCCC(C)COc1ccc(cc1)[C@H](CN2CCN(C)CC2)NC(=O)[C@@H](C)c3ccccc3,7.05
26,CHEMBL3715014,CCCC(C)COc1ccc(cc1)[C@H](CNC(=O)[C@@H]2CCCN2)NC(=O)[C@@H](C)c3ccccc3,7.05
27,CHEMBL3400267,CCOc1ccc(cc1)c2ccc(cc2)N(C[C@@H](N)[C@@H](C)CC)C(=O)[C@@H]3C[C@H]3c4ccccc4,7.05
28,CHEMBL3718649,Cc1ccc(cc1)c2ccc(cc2)[C@H](CO)NC(=O)[C@@H]3C[C@H]3c4cccs4,7.09
29,CHEMBL3718508,CCCC(C)COc1ccc(cc1)[C@H](CO)NC(=O)[C@H]2C[C@@H]2c3cccs3,7.13
30,CHEMBL3400266,CC[C@H](C)[C@H](N)CN(C(=O)[C@@H]1C[C@H]1c2ccccc2)c3ccc(cc3)c4ccc(OC(C)C)cc4,7.14
31,CHEMBL3400274,CC[C@H](C)[C@H](N)CN(C(=O)[C@@H]1C[C@H]1c2ccccc2)c3ccc(cc3)c4ccc(CC(=O)OC)cc4,7.18
32,CHEMBL3714993,CCC(CC)COc1ccc([C@H](CO)NC(=O)[C@H]2C[C@@H]2c3ccccc3)c(OC)c1,7.21
33,CHEMBL3715868,CCC(CC)COc1ccc([C@H](CO)NC(=O)[C@H]2C[C@@H]2c3cccs3)c(C)c1,7.21
34,CHEMBL3716350,CCC(CC)COc1ccc(cc1)[C@H](CO)NC(=O)[C@H]2C[C@@H]2c3cccs3,7.21
35,CHEMBL3718836,CCCC#Cc1ccc([C@H](CO)NC(=O)[C@H]2C[C@@H]2c3cccs3)c(OC)c1,7.21
36,CHEMBL3718798,CCCC(C)COc1ccc([C@H](CO)NC(=O)[C@H]2C[C@@H]2c3cccs3)c(C)c1,7.21
37,CHEMBL3716842,CCCC(C)COc1ccc(cc1)[C@H](CN2CCN(C)CC2)NC(=O)[C@H]3C[C@@H]3c4cccs4,7.21
38,CHEMBL3717751,CC[C@H](C)COc1ccc([C@H](CN)NC(=O)[C@H]2C[C@@H]2c3cccs3)c(C)c1,7.21
39,CHEMBL3716229,CC[C@H](C)COc1ccc([C@H](CO)NC(=O)[C@H]2C[C@@H]2c3cccs3)c(C)c1,7.21
40,CHEMBL3715159,CC[C@H](C)COc1ccc(cc1)[C@H](CN)NC(=O)[C@H]2C[C@@H]2c3cccs3,7.21
41,CHEMBL3714859,CC[C@H](C)COc1ccc(cc1)[C@H](CN2CCN(C)CC2)NC(=O)[C@H]3C[C@@H]3c4cccs4,7.21
42,CHEMBL3719161,CC[C@H](NC(=O)[C@H]1C[C@@H]1c2ccccc2)c3ccc(cc3)c4ccc(OC)cc4,7.21
43,CHEMBL3718412,CCc1ccc(cc1)c2ccc([C@H](CO)NC(=O)[C@H]3C[C@@H]3c4cccs4)c(OC)c2,7.21
44,CHEMBL3717862,CCc1ccc(cc1)c2ccc(cc2)[C@H](CO)NC(=O)[C@H]3C[C@@H]3c4cccs4,7.21
45,CHEMBL3715370,COc1cc(ccc1[C@H](CO)NC(=O)[C@H]2C[C@@H]2c3cccs3)c4ccc(C)cc4,7.21
46,CHEMBL3400263,CCCc1ccc(cc1)c2ccc(cc2)N(C[C@@H](N)[C@@H](C)CC)C(=O)[C@@H]3C[C@H]3c4ccccc4,7.22
47,CHEMBL3403780,CCCC(C)COc1ccc(cc1)[C@H](CN)NC(=O)[C@@H](C)c2ccccc2,7.27
48,CHEMBL3400262,CC[C@H](C)[C@H](N)CN(C(=O)[C@@H]1C[C@H]1c2ccccc2)c3ccc(cc3)c4ccc(CC)cc4,7.36
49,CHEMBL3403779,CCCC(C)COc1ccc(cc1)[C@@H](NC(=O)[C@@H](C)c2ccccc2)C(C)(C)O,7.41
50,CHEMBL3403781,CCCC(C)COc1ccc(cc1)[C@H](CN(C)C)NC(=O)[C@@H](C)c2ccccc2,7.41
51,CHEMBL3716360,CCCC(C)COc1ccc(cc1)[C@H](CNC(=O)[C@@H](N)C(C)C)NC(=O)[C@@H](C)c2ccccc2,7.41
52,CHEMBL3715029,CCCC(C)COc1ccc(cc1)[C@H](CNC(=O)[C@@H](N)CC)NC(=O)[C@@H](C)c2ccccc2,7.41
53,CHEMBL3716078,CCCC(C)COc1ccc(cc1)[C@H](CNC(=O)[C@@H](N)CCC)NC(=O)[C@@H](C)c2ccccc2,7.41
54,CHEMBL3717315,CCCC(C)COc1ccc(cc1)[C@H](CNC(=O)[C@@H](N)[C@@H](C)CC)NC(=O)[C@@H](C)c2ccccc2,7.41
55,CHEMBL3718503,CCCC(C)COc1ccc(cc1)[C@H](CNC(=O)[C@H](C)N)NC(=O)[C@@H](C)c2ccccc2,7.41
56,CHEMBL3716058,CCCC(C)COc1ccc(cc1)[C@H](CNC(=O)[C@H](N)CC(C)C)NC(=O)[C@@H](C)c2ccccc2,7.41
57,CHEMBL3718100,CCCC(C)COc1ccc(cc1)[C@H](CNC(=O)[C@H](N)[C@H](C)CC)NC(=O)[C@@H](C)c2ccccc2,7.41
58,CHEMBL3718302,CCCC(C)COc1ccc(cc1)[C@H](CNCC2(N)CCCC2)NC(=O)[C@@H](C)c3ccccc3,7.41
59,CHEMBL3715862,CCCC(C)COc1ccc(cc1)[C@H](CNCC2CC2)NC(=O)[C@@H](C)c3ccccc3,7.41
60,CHEMBL3403793,CC[C@H](C)COc1ccc(cc1)[C@H](CN)NC(=O)[C@@H](C)c2ccccc2,7.41
61,CHEMBL3400271,CC[C@H](C)[C@H](N)CN(C(=O)[C@@H]1C[C@H]1c2ccccc2)c3ccc(cc3)c4ccc(COC)cc4,7.46
62,CHEMBL3401459,CC[C@H](C)[C@H](N)CN(C(=O)[C@@H]1C[C@H]1c2ccccn2)c3ccc(cc3)c4ccc(COC)cc4,7.82
63,CHEMBL3400201,CC(C)(C)[C@H](N)CN(C(=O)[C@@H]1C[C@H]1c2ccccc2)c3ccc(cc3)c4ccccc4,7.96
64,CHEMBL3400202,O=C([C@@H]1C[C@H]1c2ccccc2)N(CC3CCCNC3)c4ccc(cc4)c5ccccc5,8.0
65,CHEMBL3714828,CC[C@H](C)[C@H](N)CN(C(=O)[C@@H]1C[C@H]1c2cccc(F)n2)c3ccc(cc3)c4ccc(OC(C)C)cc4.OC(=O)C(F)(F)F.OC(=O)C(F)(F)F,8.1
66,CHEMBL3400207,O=C([C@@H]1C[C@H]1c2ccccc2)N(CCNCC3CCCCC3)c4ccc(cc4)c5ccccc5,8.18
67,CHEMBL3404053,CC[C@H](C)[C@@H](CN(C(=O)[C@@H]1C[C@H]1c2ccccc2)c3ccc(cc3)c4ccccc4)NC(=O)C,8.24
68,CHEMBL3400205,CC(C)CCNCCN(C(=O)[C@@H]1C[C@H]1c2ccccc2)c3ccc(cc3)c4ccccc4,8.29
69,CHEMBL3400206,CCC(C)CNCCN(C(=O)[C@@H]1C[C@H]1c2ccccc2)c3ccc(cc3)c4ccccc4,8.33
70,CHEMBL3400196,N[C@H](CN(C(=O)[C@@H]1C[C@H]1c2ccccc2)c3ccc(cc3)c4ccccc4)c5ccccc5,8.33
71,CHEMBL3401460,CC[C@H](C)[C@H](N)CN(C(=O)[C@@H]1C[C@H]1c2ccccn2)c3ccc(cc3)c4ccc(OC(C)C)cc4,8.46
72,CHEMBL3401461,CCCc1ccc(cc1)c2ccc(cc2)N(C[C@@H](N)[C@@H](C)CC)C(=O)[C@@H]3C[C@H]3c4ccccn4,8.51
73,CHEMBL3400203,CC(C)C[C@H](N)CCN(C(=O)[C@@H]1C[C@H]1c2ccccc2)c3ccc(cc3)c4ccccc4,8.52
74,CHEMBL3714801,CC(C)Oc1ccc(cc1)c2ccc(cc2)N(CC3(N)CCCC3)C(=O)[C@@H]4C[C@H]4c5cccc(F)n5.OC(=O)C(F)(F)F.OC(=O)C(F)(F)F,8.52
75,CHEMBL3718945,CCCC#Cc1ccc(cc1)N(C[C@@H](N)[C@@H](C)CC)C(=O)[C@H]2C[C@@H]2c3cccc(F)n3.OC(=O)C(F)(F)F.OC(=O)C(F)(F)F,8.52
76,CHEMBL3718084,CCCc1ccc(cc1)c2ccc(cc2)N(CC3(N)CCCC3)C(=O)[C@@H]4C[C@H]4c5cccc(F)n5.OC(=O)C(F)(F)F.OC(=O)C(F)(F)F,8.52
77,CHEMBL3715807,CCCc1ccc(cc1)c2ccc(cc2)N(C[C@@H](N)[C@@H](C)CC)C(=O)[C@@H]3C[C@H]3c4cccc(F)n4.OC(=O)C(F)(F)F.OC(=O)C(F)(F)F,8.52
78,CHEMBL3715829,CCCc1ccc(cc1)c2ccc(cc2)N(C[C@@H](N)[C@@H](C)CC)C(=O)[C@@H]3C[C@H]3c4cnccn4.OC(=O)C(F)(F)F.OC(=O)C(F)(F)F,8.52
79,CHEMBL3718515,CCCc1ccc(cc1)c2ccc(cc2)N(C[C@@H](N)[C@@H](C)CC)C(=O)[C@@H]3C[C@H]3c4ncccc4F.OC(=O)C(F)(F)F.OC(=O)C(F)(F)F,8.52
80,CHEMBL3718875,CCCc1ccc(cc1)c2ccc(cc2)N(C[C@@H](N)[C@@H](C)OC)C(=O)[C@@H]3C[C@H]3c4cnccn4.OC(=O)C(F)(F)F.OC(=O)C(F)(F)F,8.52
81,CHEMBL3716470,CC[C@H](C)[C@H](N)CN(C(=O)[C@@H]1C[C@H]1c2ccc(F)cn2)c3ccc(OCC4CCC4)cc3.OC(=O)C(F)(F)F.OC(=O)C(F)(F)F,8.52
82,CHEMBL3715838,CC[C@H](C)[C@H](N)CN(C(=O)[C@@H]1C[C@H]1c2ccc(F)cn2)c3ccc(cc3)c4ccc(COC)cc4.OC(=O)C(F)(F)F,8.52
83,CHEMBL3718796,CC[C@H](C)[C@H](N)CN(C(=O)[C@@H]1C[C@H]1c2ccc(F)cn2)c3ccc4cc(ccc4c3)C5CC5.OC(=O)C(F)(F)F,8.52
84,CHEMBL3717656,CC[C@H](C)[C@H](N)CN(C(=O)[C@@H]1C[C@H]1c2cccc(F)n2)c3ccc(cc3)c4ccc(COC)cc4.OC(=O)C(F)(F)F.OC(=O)C(F)(F)F,8.52
85,CHEMBL3717562,CC[C@H](C)[C@H](N)CN(C(=O)[C@@H]1C[C@H]1c2ccccn2)c3ccc(OCC4CCC4)cc3,8.52
86,CHEMBL3719007,CC[C@H](C)[C@H](N)CN(C(=O)[C@@H]1C[C@H]1c2ccccn2)c3ccc(cc3)c4ccc(cc4)C#CC.OC(=O)C(F)(F)F,8.52
87,CHEMBL3718807,COCc1ccc(cc1)c2ccc(cc2)N(CC3(N)CCCC3)C(=O)[C@@H]4C[C@H]4c5cccc(F)n5.OC(=O)C(F)(F)F.OC(=O)C(F)(F)F,8.52
88,CHEMBL3716013,Cl.CCCc1ccc(cc1)c2ccc(cc2)N(CC3(N)CCOCC3)C(=O)[C@@H]4C[C@H]4c5ccccn5,8.52
89,CHEMBL3400208,O=C([C@@H]1C[C@H]1c2ccccc2)N(CCNCC3CCCC3)c4ccc(cc4)c5ccccc5,8.6
90,CHEMBL3400204,CCC(CC)C(N)CCN(C(=O)[C@@H]1C[C@H]1c2ccccc2)c3ccc(cc3)c4ccccc4,8.7
91,CHEMBL3404052,CN[C@@H](CC(C)C)CN(C(=O)[C@@H]1C[C@H]1c2ccccc2)c3ccc(cc3)c4ccccc4,8.7
92,CHEMBL3404051,CC(C)C[C@@H](N)CN(C(=O)[C@@H]1C[C@H]1c2ccccc2)c3ccc(cc3)c4ccccc4,8.75
93,CHEMBL3404055,N[C@@H](CC1CCCCC1)CN(C(=O)[C@@H]2C[C@H]2c3ccccc3)c4ccc(cc4)c5ccccc5,8.77
94,CHEMBL3400200,CC(C)(N)CN(C(=O)[C@@H]1C[C@H]1c2ccccc2)c3ccc(cc3)c4ccccc4,8.85
95,CHEMBL3404054,CC[C@@H](C)[C@H](N)CN(C(=O)[C@@H]1C[C@H]1c2ccccc2)c3ccc(cc3)c4ccccc4,8.85
96,CHEMBL3404049,CC(C)C[C@H](N)CN(C(=O)C(C)Cc1ccccc1)c2ccc(cc2)c3ccccc3,8.92
97,CHEMBL3400197,CC(C)[C@H](N)CN(C(=O)[C@@H]1C[C@H]1c2ccccc2)c3ccc(cc3)c4ccccc4,8.96
98,CHEMBL3400198,CO[C@H](C)[C@H](N)CN(C(=O)[C@@H]1C[C@H]1c2ccccc2)c3ccc(cc3)c4ccccc4,9.17
99,CHEMBL3404056,N[C@H](CN(C(=O)[C@@H]1C[C@H]1c2ccccc2)c3ccc(cc3)c4ccccc4)C5CCCCC5,9.18
100,CHEMBL3400199,NC1(CN(C(=O)[C@@H]2C[C@H]2c3ccccc3)c4ccc(cc4)c5ccccc5)CCCC1,9.24
0,CHEMBL3403764,OCC(NC(=O)[C@@H]1C[C@H]1c2ccccc2)c3ccc4ccccc4c3,5.22
2,CHEMBL3403766,CC(C)COc1ccc(cc1)[C@H](CO)NC(=O)[C@@H](C)c2ccccc2,6.3
3,CHEMBL3403767,CC[C@H](C)COc1ccc(cc1)[C@H](CO)NC(=O)[C@@H](C)c2ccccc2,6.72
8,CHEMBL3403772,CCCC(C)COc1ccc(cc1)[C@H](CO)NC(=O)[C@H](C)c2ccccc2,6.96
9,CHEMBL3403773,CCCC(C)COc1ccc(cc1)[C@H](CO)NC(=O)[C@H]2C[C@@H]2c3ccccc3,6.14
10,CHEMBL3403774,CCCC(C)COc1ccc(cc1)[C@H](CO)NC(=O)c2ccccc2,6.77
12,CHEMBL3400186,CCCC(C)COc1ccc(cc1)[C@H](CO)NC(=O)C(CO)c2ccccc2,6.09
13,CHEMBL3403776,CCCC(C)COc1ccc(cc1)[C@H](CO)NC(=O)[C@@H](OC)c2ccccc2,6.92
14,CHEMBL3403777,CCCC(C)COc1ccc(cc1)[C@H](CO)NC(=O)[C@@H](NC)c2ccccc2,6.07
15,CHEMBL3403778,CCCC(C)COc1ccc(cc1)[C@H](CO)NC(=O)N(CC)Cc2ccccc2,5.82
21,CHEMBL3403784,CCCC(C)COc1ccc(cc1)[C@H](CN2CCCC2)NC(=O)[C@@H](C)c3ccccc3,6.24
22,CHEMBL3403785,CC[C@H](C)COc1ccc([C@H](CO)NC(=O)[C@@H](C)c2ccccc2)c(C)c1,6.8
23,CHEMBL3403786,CC[C@H](C)COc1ccc([C@H](CO)NC(=O)[C@@H](C)c2ccccc2)c(F)c1,6.34
24,CHEMBL3403787,CC[C@H](C)COc1ccc([C@H](CO)NC(=O)[C@@H](C)c2ccccc2)c(OC)c1,6.72
25,CHEMBL3403788,CC[C@H](C)COc1cc(C)c([C@H](CO)NC(=O)[C@@H](C)c2ccccc2)c(C)c1,6.77
26,CHEMBL3403789,CC[C@H](C)COc1ccc([C@H](CO)NC(=O)[C@@H](C)c2ccccc2)c(C)n1,6.59
27,CHEMBL3403790,COc1ccc(cc1)[C@H](CO)NC(=O)[C@@H](C)c2ccccc2,6.39
28,CHEMBL3403791,CC(C)COc1ccc(cc1)[C@H](CO)NC(=O)[C@H]2C[C@@H]2c3cccs3,6.16
34,CHEMBL3403797,OC[C@H](NC(=O)[C@H]1C[C@@H]1c2ccccc2)c3ccc4ccccc4c3,5.6
41,CHEMBL3400284,CC[C@H](C)[C@H](N)CN(C(=O)[C@H]1C[C@@H]1c2ccccn2)c3ccc(cc3)c4ccc(COC)cc4,5.92
43,CHEMBL3400282,CC[C@H](C)[C@H](N)CN(C(=O)[C@@H]1C[C@H]1c2ccccc2)c3ccc(cc3)c4ccc(CNC)cc4,5.19
44,CHEMBL3400281,CC[C@H](C)[C@H](N)CN(C(=O)[C@@H]1C[C@H]1c2ccccc2)c3ccc(cc3)c4ccc(CN(C)C)cc4,6.34
45,CHEMBL3400280,CC[C@H](C)[C@H](N)CN(C(=O)[C@@H]1C[C@H]1c2ccccc2)c3ccc(cc3)c4ccc(NC(=O)C)cc4,5.26
46,CHEMBL3400279,CC[C@H](C)[C@H](N)CN(C(=O)[C@@H]1C[C@H]1c2ccccc2)c3ccc(cc3)c4ccc(NS(=O)(=O)C)cc4,5.92
47,CHEMBL3400278,CC[C@H](C)[C@H](N)CN(C(=O)[C@@H]1C[C@H]1c2ccccc2)c3ccc(cc3)c4ccc(N)cc4,6.5
48,CHEMBL3400277,CC[C@H](C)[C@H](N)CN(C(=O)[C@@H]1C[C@H]1c2ccccc2)c3ccc(cc3)c4ccc(cc4)C(=O)N(C)C,6.01
49,CHEMBL3400276,CCOC(=O)c1ccc(cc1)c2ccc(cc2)N(C[C@@H](N)[C@@H](C)CC)C(=O)[C@@H]3C[C@H]3c4ccccc4,6.59
50,CHEMBL3400275,CC[C@H](C)[C@H](N)CN(C(=O)[C@@H]1C[C@H]1c2ccccc2)c3ccc(cc3)c4ccc(CCC(=O)OC)cc4,6.96
52,CHEMBL3400273,CC[C@H](C)[C@H](N)CN(C(=O)[C@@H]1C[C@H]1c2ccccc2)c3ccc(cc3)c4ccc(CO)cc4,5.96
53,CHEMBL3400272,CC[C@H](C)[C@H](N)CN(C(=O)[C@@H]1C[C@H]1c2ccccc2)c3ccc(cc3)c4ccc(COC(C)(C)C)cc4,6.55
55,CHEMBL3400270,CC[C@H](C)[C@H](N)CN(C(=O)[C@@H]1C[C@H]1c2ccccc2)c3ccc(cc3)c4ccc(OC(F)(F)F)cc4,6.77
57,CHEMBL3400268,CC[C@H](C)[C@H](N)CN(C(=O)[C@@H]1C[C@H]1c2ccccc2)c3ccc(cc3)c4ccc(OC)cc4,6.92
60,CHEMBL3400265,CC[C@H](C)[C@H](N)CN(C(=O)[C@@H]1C[C@H]1c2ccccc2)c3ccc(cc3)c4ccc(cc4)C(F)(F)F,6.47
61,CHEMBL3400264,CC[C@H](C)[C@H](N)CN(C(=O)[C@@H]1C[C@H]1c2ccccc2)c3ccc(cc3)c4ccc(cc4)C(C)(C)C,6.13
64,CHEMBL3400261,CC[C@H](C)[C@H](N)CN(C(=O)[C@@H]1C[C@H]1c2ccccc2)c3ccc(cc3)c4ccccc4,6.64
65,CHEMBL3400260,CC(C)C[C@H](N)CN(C(=O)[C@@H]1C[C@H]1c2ccccc2)c3ccc(cc3)c4ccccc4Cl,5.42
66,CHEMBL3400259,CC(C)C[C@H](N)CN(C(=O)[C@@H]1C[C@H]1c2ccccc2)c3ccc(cc3)c4ccc(Cl)cc4,6.19
67,CHEMBL3400258,CC(C)C[C@H](N)CN(C(=O)[C@@H]1C[C@H]1c2ccccc2)c3ccc(cc3)c4cccc(c4)C#N,5.35
68,CHEMBL3400257,CC(C)C[C@H](N)CN(C(=O)[C@@H]1C[C@H]1c2ccccc2)c3ccc(cc3)c4ccc(cc4)C#N,6.17
69,CHEMBL3400256,CC(C)C[C@H](N)CN(C(=O)[C@@H]1C[C@H]1c2ccccc2)c3ccc(cc3)c4ccccc4F,5.8
70,CHEMBL3400255,CC(C)C[C@H](N)CN(C(=O)[C@@H]1C[C@H]1c2ccccc2)c3ccc(cc3)c4cccc(F)c4,5.68
71,CHEMBL3400254,CC(C)C[C@H](N)CN(C(=O)[C@@H]1C[C@H]1c2ccccc2)c3ccc(cc3)c4ccc(F)cc4,6.05
72,CHEMBL3400253,COc1ccccc1c2ccc(cc2)N(C[C@@H](N)CC(C)C)C(=O)[C@@H]3C[C@H]3c4ccccc4,5.5
73,CHEMBL3400252,COc1cccc(c1)c2ccc(cc2)N(C[C@@H](N)CC(C)C)C(=O)[C@@H]3C[C@H]3c4ccccc4,5.96
74,CHEMBL3400251,COc1ccc(cc1)c2ccc(cc2)N(C[C@@H](N)CC(C)C)C(=O)[C@@H]3C[C@H]3c4ccccc4,6.48
75,CHEMBL3400250,CC(C)C[C@H](N)CN(C(=O)[C@@H]1C[C@H]1c2ccccc2)c3ccc(cc3)c4ccccc4C,5.47
76,CHEMBL3400249,CC(C)C[C@H](N)CN(C(=O)[C@@H]1C[C@H]1c2ccccc2)c3ccc(cc3)c4cccc(C)c4,5.92
77,CHEMBL3400248,CC(C)C[C@H](N)CN(C(=O)[C@@H]1C[C@H]1c2ccccc2)c3ccc(cc3)c4ccc(C)cc4,6.44
78,CHEMBL3400247,CC(C)C[C@H](N)CN(C(=O)[C@@H]1C[C@H]1c2ccccc2)c3ccc(cc3)C4=CCCCC4,5.92
79,CHEMBL3400246,CC(C)C[C@H](N)CN(C(=O)[C@@H]1C[C@H]1c2ccccc2)c3ccc(cc3)C4=CCCCCC4,5.68
80,CHEMBL3400245,CC(C)C[C@H](N)CN(C(=O)[C@@H]1C[C@H]1c2ccccc2)c3ccc(cc3)C4=CCCC4,5.92
81,CHEMBL3400244,CC(C)C[C@H](N)CN(C(=O)[C@@H]1C[C@H]1c2ccccc2)c3ccc(cc3)c4cocc4,5.7
82,CHEMBL3400243,CC(C)C[C@H](N)CN(C(=O)[C@@H]1C[C@H]1c2ccccc2)c3ccc(cc3)c4cccs4,5.82
83,CHEMBL3400242,CC(C)C[C@H](N)CN(C(=O)[C@@H]1C[C@H]1c2ccccc2)c3ccc(cc3)c4ccsc4,5.92
84,CHEMBL3400241,CC(C)C[C@H](N)CN(C(=O)[C@@H]1C[C@H]1c2ccccc2)c3ccc(cc3)c4ccncc4,4.89
85,CHEMBL3400240,CC(C)C[C@H](N)CN(C(=O)[C@@H]1C[C@H]1c2ccccc2)c3ccc(cc3)c4cccnc4,5.0
86,CHEMBL3400239,CC(C)C[C@H](N)CN(C(=O)[C@@H]1C[C@H]1c2ccccc2)c3ccccc3c4ccccc4,5.21
87,CHEMBL3400238,CC(C)C[C@H](N)CN(C(=O)[C@@H]1C[C@H]1c2ccccc2)c3cccc(c3)c4ccccc4,4.64
88,CHEMBL3400237,CC[C@H](C)[C@H](N)CN(C(=O)[C@@H]1C[C@H]1c2csc(C)n2)c3ccc(cc3)c4ccccc4,5.82
89,CHEMBL3400236,CC[C@H](C)[C@H](N)CN(C(=O)[C@@H]1C[C@H]1c2nc(C)c(C)s2)c3ccc(cc3)c4ccccc4,5.44
90,CHEMBL3400235,CC[C@H](C)[C@H](N)CN(C(=O)[C@@H]1C[C@H]1c2ncc(C)s2)c3ccc(cc3)c4ccccc4,5.89
91,CHEMBL3400234,CC[C@H](C)[C@H](N)CN(C(=O)[C@@H]1C[C@H]1c2nc(C)cs2)c3ccc(cc3)c4ccccc4,6.14
92,CHEMBL3400233,CC[C@H](C)[C@H](N)CN(C(=O)[C@@H]1C[C@H]1c2cocc2)c3ccc(cc3)c4ccccc4,6.24
93,CHEMBL3400232,CC[C@H](C)[C@H](N)CN(C(=O)[C@@H]1C[C@H]1c2ccsc2)c3ccc(cc3)c4ccccc4,6.35
94,CHEMBL3400231,CC[C@H](C)[C@H](N)CN(C(=O)[C@@H]1C[C@H]1c2cccs2)c3ccc(cc3)c4ccccc4,6.44
95,CHEMBL3400230,CC[C@H](C)[C@H](N)CN(C(=O)[C@@H]1C[C@H]1c2nccs2)c3ccc(cc3)c4ccccc4,6.68
96,CHEMBL3400229,CC[C@H](C)[C@H](N)CN(C(=O)[C@@H]1C[C@H]1c2cncnc2)c3ccc(cc3)c4ccccc4,4.72
97,CHEMBL3400228,CC[C@H](C)[C@H](N)CN(C(=O)[C@@H]1C[C@H]1c2ncccn2)c3ccc(cc3)c4ccccc4,6.89
98,CHEMBL3400227,CC[C@H](C)[C@H](N)CN(C(=O)[C@@H]1C[C@H]1c2ccncc2)c3ccc(cc3)c4ccccc4,5.82
99,CHEMBL3400226,CC[C@H](C)[C@H](N)CN(C(=O)[C@@H]1C[C@H]1c2cccnc2)c3ccc(cc3)c4ccccc4,5.82
100,CHEMBL3400225,CC[C@H](C)[C@H](N)CN(C(=O)[C@@H]1C[C@H]1c2ccccn2)c3ccc(cc3)c4ccccc4,6.89
101,CHEMBL3400224,CC[C@H](C)[C@H](N)CN(C(=O)[C@@H]1C[C@H]1c2c(F)cccc2F)c3ccc(cc3)c4ccccc4,4.96
102,CHEMBL3400223,CC[C@H](C)[C@H](N)CN(C(=O)[C@@H]1C[C@H]1c2ccc(F)cc2F)c3ccc(cc3)c4ccccc4,5.89
103,CHEMBL3400222,CC[C@H](C)[C@H](N)CN(C(=O)[C@@H]1C[C@H]1c2ccc(F)c(F)c2)c3ccc(cc3)c4ccccc4,6.14
104,CHEMBL3400221,CC[C@H](C)[C@H](N)CN(C(=O)[C@@H]1C[C@H]1c2cc(F)cc(F)c2)c3ccc(cc3)c4ccccc4,6.02
105,CHEMBL3400220,CC[C@H](C)[C@H](N)CN(C(=O)[C@@H]1C[C@H]1c2cc(F)ccc2F)c3ccc(cc3)c4ccccc4,6.11
107,CHEMBL3400218,CC[C@H](C)[C@H](N)CN(C(=O)[C@@H]1C[C@H]1c2cccc(c2)C#N)c3ccc(cc3)c4ccccc4,5.8
109,CHEMBL3400216,CC[C@H](C)[C@H](N)CN(C(=O)[C@@H]1C[C@H]1c2cccc(C)c2)c3ccc(cc3)c4ccccc4,5.92
110,CHEMBL3400215,CC[C@H](C)[C@H](N)CN(C(=O)[C@@H]1C[C@H]1c2ccccc2F)c3ccc(cc3)c4ccccc4,6.19
111,CHEMBL3400214,CC[C@H](C)[C@H](N)CN(C(=O)[C@@H]1C[C@H]1c2cccc(F)c2)c3ccc(cc3)c4ccccc4,6.25
112,CHEMBL3400213,CC[C@H](C)[C@H](N)CN(C(=O)[C@@H]1C[C@H]1c2ccc(F)cc2)c3ccc(cc3)c4ccccc4,6.22
113,CHEMBL3400212,CC[C@H](C)[C@H](N)CN(C(=O)[C@@H]1C[C@H]1c2cccc(OC)c2)c3ccc(cc3)c4ccccc4,5.52
116,CHEMBL3400210,CC[C@H](C)[C@H](N)CN(C(=O)[C@@H]1C[C@H]1c2cccc(Cl)c2)c3ccc(cc3)c4ccccc4,5.66
117,CHEMBL3400209,CC[C@H](C)[C@H](N)CN(C(=O)[C@@H]1C[C@H]1c2ccc(Cl)cc2)c3ccc(cc3)c4ccccc4,5.37
140,CHEMBL3404048,CC(C)C[C@H](N)CN(C(=O)[C@@H]1C[C@H]1c2ccccc2)c3ccc(cc3)c4ccccc4,6.06
224,CHEMBL3716191,CCCC(C)COc1ccc(cc1)[C@H](CNCc2ccccn2)NC(=O)[C@@H](C)c3ccccc3,6.96
232,CHEMBL3715186,CCCC(C)COc1ccc(cc1)[C@H](CNC[C@H]2CCCN2)NC(=O)[C@@H](C)c3ccccc3,6.81
254,CHEMBL3717100,CC(C)COc1ccc(cc1)[C@@H](NC(=O)[C@@H](C)c2ccccc2)[C@H]3CCCN3,6.6
