,molecule_chembl_id,canonical_smiles,pchembl_value
1,CHEMBL128949,Cc1ccc(Cc2cc([nH]n2)C(=O)O)cc1,4.69
2,CHEMBL128679,OC(=O)c1cc[nH]n1,6.23
3,CHEMBL338017,OC(=O)c1cc([nH]n1)c2cccc(Cl)c2,4.2
4,CHEMBL238002,CC(C)c1cc(n[nH]1)C(=O)O,6.17
5,CHEMBL129385,OC(=O)c1cc(CCc2ccccc2)[nH]n1,5.8
7,CHEMBL338405,OC(=O)c1n[nH]c2CCCCc12,5.45
8,CHEMBL573,OC(=O)c1cccnc1,7.48
9,CHEMBL237788,CCCc1cc(n[nH]1)C(=O)O,6.85
10,CHEMBL128077,CCCCCCCCCCCc1cc([nH]n1)C(=O)O,4.67
11,CHEMBL247317,OC(=O)c1cc(Cc2ccccc2)n[nH]1,5.9
13,CHEMBL394441,OC(=O)c1cc(Cc2cccc(Cl)c2)n[nH]1,6.3
14,CHEMBL428730,CCCCc1cc(n[nH]1)C(=O)O,7.14
15,CHEMBL341154,Cc1ccc(cc1)c2cc([nH]n2)C(=O)O,4.42
16,CHEMBL127387,COc1ccc(Cc2cc([nH]n2)C(=O)O)cc1,4.18
17,CHEMBL129326,OC(=O)c1cc(CCCc2ccccc2)[nH]n1,5.2
18,CHEMBL341520,OC(=O)c1cc(Cc2ccc(Cl)cc2)[nH]n1,5.44
19,CHEMBL128604,OC(=O)c1n[nH]c2CCCc12,6.81
20,CHEMBL456145,C1Cc2[nH]nc(c2C1)c3nn[nH]n3,5.64
26,CHEMBL482768,OC(=O)c1ccccc1NC(=O)CCc2cnn3c2CCc4cc(O)ccc34,5.57
31,CHEMBL1086657,CC(C)(Cc1onc(n1)c2ccc(O)cn2)C(=O)NC3=C(CCCC3)C(=O)O,5.34
32,CHEMBL1223819,FC(F)(F)C1=Nc2ncccc2C(=O)N1,6.4
33,CHEMBL1224070,Clc1ccccc1OCCCOC2=Nc3ncccc3C(=O)N2,5.85
34,CHEMBL1224147,Fc1ccc(CCOCC2=Nc3ncccc3C(=O)N2)cc1,5.57
35,CHEMBL1224219,Clc1cccc(CCOCC2=Nc3ncccc3C(=O)N2)c1,6.19
41,CHEMBL1672639,CC1(CCCC2=CC(=O)OC3=C2C(=O)NC(=N3)C(F)F)CC1,8.22
42,CHEMBL1671877,FC(F)C1=NC2=C(C(=O)N1)C(=CC(=O)O2)CCCC3CC3,8.52
43,CHEMBL1939047,CCC#CCOC1=NC2=C(C(=O)N1)C(=CC(=O)O2)CCC3CCC3,7.55
44,CHEMBL1939049,CCC#CCOC1=NC2=C(C(=O)N1)C(=CC(=O)O2)CCCC3CC3,7.08
45,CHEMBL2036813,CCCCC1=CC(=O)OC2=C1C(=O)NC(=O)N2,8.1
46,CHEMBL2036948,CC(C)CCC1=CC(=O)OC2=C1C(=O)NC(=O)N2,8.4
47,CHEMBL2036951,FC(F)CCCC1=CC(=O)OC2=C1C(=O)NC(=O)N2,8.7
48,CHEMBL2036954,O=C1NC(=O)C2=C(N1)OC(=O)C=C2CCC3CCC3,8.3
49,CHEMBL2036955,O=C1NC(=O)C2=C(N1)OC(=O)C=C2CCCC3CC3,8.7
50,CHEMBL2036958,CC1(CCCC2=CC(=O)OC3=C2C(=O)NC(=O)N3)CC1,8.1
