,molecule_chembl_id,canonical_smiles,pchembl_value
0,zolmitriptan,CN(C)CCc1c[nH]c2ccc(C[C@H]3COC(=O)N3)cc12,8.9
1,rizatriptan,CN(C)CCC1=CNC2=C1C=C(CN1C=NC=N1)C=C2,7.9
2,naratriptan,CNS(=O)(=O)CCC1=CC=C2NC=C(C3CCN(C)CC3)C2=C1,8.7959
3,almotriptan,CN(C)CCC1=CNC2=C1C=C(CS(=O)(=O)N1CCCC1)C=C2,7.5
4,dihydroergotamine,CN1C[C@@H](C[C@H]2[C@H]1Cc3c[nH]c4cccc2c34)C(=O)N[C@]5(C)O[C@@]6(O)[C@@H]7CCCN7C(=O)[C@H](Cc8ccccc8)N6C5=O,9.55
5,frovatriptan,CN[C@@H]1CCc2[nH]c3ccc(cc3c2C1)C(=O)N,8.36
6,sumatriptan,CNS(=O)(=O)CC1=CC2=C(NC=C2CCN(C)C)C=C1,8.92
7,eletriptan,CN1CCC[C@@H]1CC1=CNC2=C1C=C(CCS(=O)(=O)C1=CC=CC=C1)C=C2,9.05
8,vortioxetine,CC1=CC=C(SC2=C(C=CC=C2)N2CCNCC2)C(C)=C1,7.26760626
9,ergotamine,CN1C[C@@H](C=C2[C@H]1Cc3c[nH]c4cccc2c34)C(=O)N[C@]5(C)O[C@@]6(O)[C@@H]7CCCN7C(=O)[C@H](Cc8ccccc8)N6C5=O,9.1
10,CHEMBL2110300,CN(C)[C@@H]1C[C@H](C1)c2c[nH]c3ccc(CC4COC(=O)N4)cc23,7.0
11,CHEMBL2368257,CN(C)[C@@H]1C[C@H](C1)c2c[nH]c3ccc(CC4COC(=O)N4C)cc23,7.0
12,CHEMBL195898,COc1cc2CCN(C(=O)Cc3cccc(Cl)c3F)c2cc1N4C[C@@H](C)N(C)[C@@H](C)C4,7.0
13,CHEMBL195497,COc1cc2CCN(C(=O)c3ccc(c4cccc(C)n4)c5ccccc35)c2cc1N6C[C@@H](C)N(C)[C@@H](C)C6,7.0
14,CHEMBL21790,COc1ccc(NC(=O)c2ccc(cc2)c3ccc(cc3C)c4noc(C)n4)cc1CCCN(C)C,7.0
15,CHEMBL29433,COc1ccc(NS(=O)(=O)c2sc3ccc(Cl)cc3c2C)cc1N4CCN5CCC[C@H]5C4,7.0
16,CHEMBL2391541,COc1ccc2[nH]cc(CCN(CC=C)CC=C)c2c1,7.0
17,CHEMBL393539,Cc1ccc2c(OCCN3CCC(Cc4ccc5OCC(=O)Nc5c4F)CC3)cc(F)cc2n1,7.0
18,CHEMBL2113348,Cl.O=C(N[C@@H]1CC[C@@H](CCN2CCc3cc(ccc3C2)C#N)CC1)c4ccc5ccccc5c4,7.0
19,CHEMBL2113350,Cl.O=C(N[C@@H]1CC[C@@H](CCN2CCc3ccc(cc3C2)C#N)CC1)\C=C\c4ccccc4,7.0
20,CHEMBL2113347,Cl.O=C(N[C@@H]1CC[C@@H](CCN2CCc3ccc(cc3C2)C#N)CC1)c4cc5ccccc5[nH]4,7.0
21,aripiprazole,Clc1cccc(N2CCN(CCCCOc3ccc4CCC(=O)Nc4c3)CC2)c1Cl,7.0
22,CHEMBL327103,CC(C)C(=O)Oc1ccc2[nH]cc(CCN(C)C)c2c1,7.01
23,CHEMBL126340,CN(C)CCc1cccc2c1cc(C(=O)c3ccccc3)n2S(=O)(=O)c4ccccc4,7.01
24,CHEMBL159381,C(Cc1c[nH]c2ccc(cc12)n3cnnc3)N4CCC[C@@H]4COCc5ccccc5,7.02
25,CHEMBL1910141,COc1ccccc1N2CCN(CCN(C(=O)C34CCC(CF)(CC3)C4)c5ccccn5)CC2,7.04
26,CHEMBL430500,COc1ccccc1N2CCN(CC2)C(=O)Nc3ccc(OC)c(c3)N4CCN(C)CC4.OC(=O)\C=C\C(=O)O,7.05
27,CHEMBL2413154,COc1ccccc1N2CCN(CCCCN3N=CC(=O)N(C)C3=O)CC2,7.05
28,CHEMBL70431,CCCN(CCC)C1CCc2ccc3[nH]cc(C(=O)C(=O)N)c3c2C1,7.06
29,CHEMBL323986,COc1ccc(NC(=O)N2CCN(CC2)c3ccc(C)cc3C)cc1N4CCN(C)CC4.OC(=O)\C=C\C(=O)O,7.06
30,CHEMBL234448,C[C@@H]1CN(CCN1CC[C@H]2OCCc3cc(ccc23)C(=O)N)c4cccc5cc(F)ccc45,7.06
31,CHEMBL72107,CN1CCN=C1Cc2c(C)cc(cc2C)C(C)(C)C,7.07
32,CHEMBL3104091,CN1CCc2c(C1)c3cccc4CCc5ccccc5n2c34,7.07
33,CHEMBL104496,CN1CCC(CC1)c2c[nH]c3ccc(NC(=O)c4ccc(Cl)cc4Cl)nc23,7.08
34,CHEMBL446459,CC(C)Oc1cccc2C(C)NC(=Nc12)NCC(F)F,7.09
35,CHEMBL484386,CC(CN1CCC(Cc2ccc3OCC(=O)Nc3c2)CC1)Oc4cccc5nc(C)ccc45,7.1
36,CHEMBL435936,COc1cc2CCN(C(=O)Nc3cccc(Cl)c3Cl)c2cc1N4C[C@@H](C)N(C)[C@@H](C)C4,7.1
37,CHEMBL113238,COc1cccc2Cc3ccccc3[C@@H]4CN(C)CCN4c12,7.1
38,CHEMBL238730,Cc1ccc2c(OCCN3CCC(Cc4cc(F)c5OCC(=O)Nc5c4)CC3)cc(F)cc2n1,7.1
39,CHEMBL241499,Cc1ccc2c(OCCN3CCC(Cc4ccc5OCC(=O)Nc5c4)CC3)ccc(F)c2n1,7.1
40,CHEMBL505954,Fc1ccc(cc1)C(=O)Nc2ccc3[nH]cc(C4CCN(CCCN5CCC(CC5)c6c[nH]c7ccc(NC(=O)c8ccc(F)cc8)cc67)CC4)c3c2,7.1
41,CHEMBL69560,C1CCN(C1)C2CCc3ccc4[nH]ccc4c3C2,7.11
42,CHEMBL142629,CCN(CC)CCc1c[nH]c2ccc(O)cc12,7.11
43,CHEMBL64003,FC(F)(CN1CCC(Cc2ccccc2)CC1)Cc3c[nH]c4ccc(cc34)n5cnnc5,7.11
44,CHEMBL357130,CN(C)CCc1c[nH]c2ccc(OCc3ccccc3)cc12,7.12
45,CHEMBL422192,C(Cc1c[nH]c2ccc(cc12)C3=CCNCC3)N4CCCC4,7.13
46,CHEMBL69729,CCCN(CC1CC1)C2CCc3ccc4[nH]ccc4c3C2,7.13
47,CHEMBL307408,Cc1cc(Br)cc(C)c1CC2=NCCN2,7.13
48,CHEMBL310744,NC(=O)c1ccc2C(CCN3CCN(CC3)c4c[nH]c5cc(F)ccc45)OCCc2c1,7.13
49,CHEMBL72178,Cc1cc(C)c(CC2=NCCN2)c(C)c1,7.14
50,CHEMBL310082,NC(=O)c1ccc2C(CCN3CCC(=CC3)c4ccc5cc(F)ccc5c4)OCCc2c1,7.15
51,CHEMBL258075,CC(C)Oc1cccc2C(C)NC(=Nc12)N,7.16
52,CHEMBL109839,CCCCCCCCCCCOc1ccc2[nH]cc(CCN)c2c1,7.16
53,CHEMBL305976,CCCNC1CCc2ccc3[nH]ccc3c2C1,7.16
54,CHEMBL108722,COc1cccc(c1)N2CCN(CC2)C(=O)Nc3ccc(OC)c(c3)N4CCN(C)CC4.OC(=O)\C=C\C(=O)O,7.16
55,CHEMBL3706924,C[C@H]1CN(CCN1CC[C@H]2OCc3cc(ccc23)C(=O)N)c4cccc5cc(F)ccc45,7.17
56,CHEMBL2368253,CN(C)[C@@H]1C[C@H](C1)c2c[nH]c3ccc(Oc4ccccc4)cc23,7.19
57,CHEMBL311323,Cn1cc(C2=CCN(CCC3OCCc4cc(ccc34)C(=O)N)CC2)c5ccc(F)cc15,7.19
58,CHEMBL2113386,Ic1ccccc1CS(=O)(=O)Nc2ccc3[nH]cc(C[C@H]4CCCN4)c3c2,7.19
59,CHEMBL88783,C(CNC1=NCCCN1)NCC2CCc3ccccc3O2,7.2
60,CHEMBL70980,C(CNCC1CCc2ccc3[nH]ccc3c2C1)Cc4ccccc4,7.2
61,CHEMBL3217984,CN1CCC2C(C1)c3cccc4SCc5ccccc5N2c34,7.2
62,CHEMBL241500,Cc1ccc2c(OCCN3CCC(Cc4ccc5OCC(=O)Nc5c4)CC3)ccc(Cl)c2n1,7.2
63,CHEMBL2021538,Cl.CCCN[C@H]1CCc2c(CS(=O)(=O)C(F)(F)F)cccc2C1,7.2
64,CHEMBL552599,Cl.FC(F)(F)S(=O)(=O)Oc1ccc2CCN(CCCCNC(=O)\C=C\c3c[nH]c4ccccc34)Cc2c1,7.2
65,CHEMBL79853,NC(=O)c1ccc2C(CCN3CCC(=CC3)c4noc5cc(F)ccc45)OCCc2c1,7.2
66,CHEMBL6640,NCCc1c[nH]c2ccccc12,7.22
67,CHEMBL139438,CN(C)CCn1ccc2ccc(cc12)c3ccc4ccccc4c3,7.24
68,CHEMBL82523,NC(=O)c1ccc2C(CCN3CCC(=CC3)c4c[nH]c5c(F)c(F)ccc45)OCCc2c1,7.24
69,CHEMBL234447,C[C@@H]1CN(CCN1CCC2OCCc3cc(ccc23)C(=O)N)c4cccc5cc(F)ccc45,7.25
70,CHEMBL68019,FC(F)(CN1CCC(CCc2ccccc2)CC1)Cc3c[nH]c4ccc(cc34)n5cnnc5,7.25
71,CHEMBL83617,NC(=O)c1ccc2C(CCN3CCC(=CC3)c4c[nH]c5cc(F)ccc45)OCCc2c1,7.25
72,CHEMBL110318,NCCc1c[nH]c2ccc(OCCCCC3CCCCC3)cc12,7.26
73,CHEMBL71899,CCCN(CCC)C1CCc2ccc3[nH]cc(CC(F)(F)F)c3c2C1,7.27
74,CHEMBL71247,CCCN(CCC)[C@@H]1CCc2ccc3[nH]cc(C(=O)C(=O)N)c3c2C1,7.27
75,CHEMBL182837,Cc1cc(Br)cc(C)c1N=C2NCCN2,7.27
76,CHEMBL303269,CCCN(CCC)C1CCc2ccc3[nH]cc(c3c2C1)S(=O)(=O)C,7.28
77,CHEMBL103503,CN1CCC(CC1)c2c[nH]c3cnc(NC(=O)c4ccc(F)cc4)cc23,7.28
78,CHEMBL15928,COc1ccc(NC(=O)c2ccc(cc2)c3ccc(cc3C)c4noc(C)n4)cc1N5CCN(C)CC5,7.28
79,CHEMBL442974,Cn1nc(C2=CCN(CCC3OCCc4cc(ccc34)C(=O)N)CC2)c5ccc(F)cc15,7.29
80,CHEMBL312845,CC(C)\N=C(\NCCCNCC1CCc2ccccc2O1)/NC#N,7.3
81,CHEMBL370214,COc1cc2CCN(C(=O)Nc3cccc(c3Cl)C(F)(F)F)c2cc1N4C[C@@H](C)N(C)[C@@H](C)C4,7.3
82,CHEMBL360803,Clc1cc(I)cc(Cl)c1N=C2NCCN2,7.3
83,CHEMBL467094,COc1cc2CCN(C)C3Cc4cc5OCOc5cc4c(c1OC)c23,7.31
84,CHEMBL7257,COc1ccc2[nH]cc(CCN(C)C)c2c1,7.31
85,CHEMBL105970,COc1ccc(NC(=O)N2CCN(CC2)c3ccccc3C)cc1N4CCN(C)CC4.OC(=O)\C=C\C(=O)O,7.32
86,CHEMBL49048,CCc1ccc2[nH]cc(CCN3CCCC3)c2c1,7.35
87,CHEMBL197982,C[C@@H]1CN(CCN1CCC2OCCc3c(Cl)c(sc23)C(=O)N)c4cccc5cc(F)ccc45,7.35
88,CHEMBL1910792,COc1ccc(NC(=O)c2ccc3N(CC(=O)N(C)c3c2)c4ccc(Cl)c(Cl)c4)cc1N5CCN(C)CC5,7.36
89,CHEMBL69562,CCCN(CCC)C1CCc2ccc3[nH]cc(C)c3c2C1,7.37
90,CHEMBL341897,CNS(=O)(=O)Cc1ccc2[nH]cc(CCCN3CCC(CC3)N[C@H](C)c4ccccc4)c2c1,7.37
91,CHEMBL19114,NCCc1coc2ccc(cc12)C(=O)N,7.37
92,CHEMBL111283,CC(C)CCCCCCOc1ccc2[nH]cc(CCN)c2c1,7.38
93,CHEMBL111284,CCCCCCCCCCOc1ccc2[nH]cc(CCN)c2c1,7.38
94,CHEMBL322054,CCCCCCCCCOc1ccc2[nH]cc(CCN(C)C)c2c1,7.38
95,CHEMBL71804,CCCN(CCC)[C@H]1CCc2ccc3[nH]cc(C#N)c3c2C1,7.38
96,CHEMBL314738,C(CNCC1CCc2ccccc2C1)CNC3=NCCCN3,7.4
97,CHEMBL65196,CCCN(CCC)C1CCc2ccc3[nH]ccc3c2C1,7.4
98,CHEMBL102292,CCNC(=O)Nc1ccc2[nH]cc(C3CCN(C)CC3)c2n1,7.4
99,CHEMBL521235,CN1CCC(CC1)c2c[nH]c3ccc(N)cc23,7.4
100,CHEMBL20771,CN1CCN(CC1)c2cc(NC(=O)c3ccc(Br)c(C)c3)ccc2C,7.4
101,CHEMBL282693,COc1ccc(NC(=O)c2ccc(cc2)c3ccc(cc3C)c4noc(C)n4)cc1NCCN(C)C,7.4
102,CHEMBL79725,NC(=O)c1ccc2C(CCN3CCC(C3)c4c[nH]c5cc(F)ccc45)OCCc2c1,7.4
103,CHEMBL444843,NC(=O)c1ccc2C(CCN3CCC(CC3)c4nsc5cc(F)ccc45)OCCc2c1,7.4
104,CHEMBL104026,CN1CCC(CC1)c2c[nH]c3cnc(NC(=O)C)cc23,7.41
105,CHEMBL18785,COc1ccc2[nH]cc(C3=CCNCC3)c2c1,7.41
106,CHEMBL324287,CN(Cc1ccccc1)[C@@H]2CCN(CCc3c[nH]c4ccc(cc34)n5cnnc5)C2,7.42
107,CHEMBL111302,COc1ccc(NC(=O)N2CCN(CC2)c3c(C)cccc3C)cc1N4CCN(C)CC4.OC(=O)\C=C\C(=O)O,7.43
108,CHEMBL146735,COc1ccc(NC(=O)c2ccc(cc2)c3ccc(cc3C)c4oc(C)nn4)cc1N5CCN(C)CC5,7.43
109,CHEMBL143894,O[C@H]1Cc2ccccc2C1NC3CCN(CCCc4c[nH]c5ccc(cc45)n6cnnc6)CC3,7.43
110,CHEMBL70985,CCCN(CCC)C1CCc2cc(F)c3[nH]cc(C(=O)CC)c3c2C1,7.44
111,CHEMBL146891,C(CN1CCC(CC1)NCc2cccnc2)Cc3c[nH]c4ccc(cc34)n5cnnc5,7.46
112,CHEMBL1744041,CCCN(CC(C)C)[C@@H]1CCc2ccc3[nH]ccc3c2C1,7.46
113,CHEMBL309121,CCCN(CC=C)C1CCc2ccc3[nH]ccc3c2C1,7.46
114,CHEMBL67367,CN(Cc1ccccc1)C2CCN(CC(F)(F)Cc3c[nH]c4ccc(cc34)n5cnnc5)CC2,7.46
115,CHEMBL27403,CN1CCN(CC1)c2nc3cc(ccc3n4cccc24)C(F)(F)F,7.46
116,CHEMBL117249,CN1CCN(CCCc2c[nH]c3ccc(cc23)n4cnnc4)CC1,7.46
117,CHEMBL370128,COc1ccc(NC(=O)N2CCN(CC2)c3ccccc3Cl)cc1N4CCN(C)CC4,7.46
118,CHEMBL70652,CCCN(CCC)[C@H]1CCc2cc(F)c3[nH]cc(C=O)c3c2C1,7.47
119,CHEMBL420191,CCCN(Cc1ccccc1)C2CCc3ccc4[nH]cc(C=O)c4c3C2,7.48
120,CHEMBL361470,Cc1cc(cc(C)c1CC2=NCCCN2)C(C)(C)C,7.48
121,CHEMBL313490,C(CNc1ncccn1)NCC2CCc3ccccc3O2,7.5
122,CHEMBL138462,CN(C)CCn1ccc2ccc(cc12)C3=CCOCC3,7.5
123,CHEMBL2113097,COc1cc2CCN(C(=O)Cc3cccc(c3)[N+](=O)[O-])c2cc1N4CCN(C)CC4,7.5
124,CHEMBL197505,COc1cc2CCN(C(=O)Oc3cccc(c3F)C(F)(F)F)c2cc1N4C[C@@H](C)N(C)[C@@H](C)C4,7.5
125,CHEMBL20963,COc1ccc(NC(=O)c2ccc(cc2)c3ccc(cc3C)c4noc(C)n4)cc1OCCN(C)C,7.5
126,CHEMBL341854,OC[C@H](NC1CCN(CCCc2c[nH]c3ccc(Cn4cncn4)cc23)CC1)c5ccccc5,7.5
127,CHEMBL274001,C(CN1CCNCC1)Cc2c[nH]c3ccc(cc23)n4cnnc4,7.51
128,CHEMBL71625,CCCN(CCC)[C@@H]1CCc2ccc3[nH]cc(C=O)c3c2C1,7.51
129,CHEMBL111000,CN(C)CCc1c[nH]c2ccc(OC(=O)C)cc12,7.51
130,CHEMBL84171,COc1ccc2[nH]cc(C3=CCN(CCC4OCCc5cc(ccc45)C(=O)N)CC3)c2c1,7.51
131,CHEMBL423610,Clc1ccc(s1)c2ccc3[nH]cc(CCN4CCCC4)c3c2,7.51
132,CHEMBL319920,CN1CCC(CC1)c2c[nH]c3ccc(OS(=O)(=O)c4ccc(F)cc4)nc23,7.52
133,CHEMBL356315,C[C@H](O)[C@H](NC1CCN(CCCc2c[nH]c3ccc(cc23)n4cnnc4)CC1)c5ccccc5,7.52
134,CHEMBL361729,Cc1cc(cc(C)c1CC2=NCCN2Cc3ccccc3)C(C)(C)C,7.52
135,CHEMBL305062,FC(CN1CCC(CC1)OCc2ccccc2)Cc3c[nH]c4ccc(cc34)n5cnnc5,7.52
136,CHEMBL606547,CN1CCC[C@@H]1Cc2c[nH]c3ccc(NS(=O)(=O)c4ccccc4Cl)cc23,7.53
137,CHEMBL3084967,CN(C)[C@@H]1C[C@@H](Cc2c[nH]c3ccc(C[C@H]4COC(=O)N4)cc23)C1,7.54
138,CHEMBL3104092,CN1CCc2c(C1)c3cccc4Cc5ccccc5Cn2c34,7.54
139,CHEMBL146150,C[C@@H](NC1CCN(CCCc2c[nH]c3ccc(cc23)n4cnnc4)CC1)c5ccc(NC(=O)C)cc5,7.54
140,CHEMBL440008,O=C(NN1CCC(=CC1)c2ccc3[nH]cc(CCN4CCCC4)c3c2)C56CC7CC(CC(C7)C5)C6,7.54
141,CHEMBL162771,O=C(NN1CCC(=CC1)c2ccc3[nH]cc(CCN4CCCC4)c3c2)C5CCCCC5,7.54
142,CHEMBL163516,S=C(NN1CCC(=CC1)c2ccc3[nH]cc(CCN4CCCC4)c3c2)C56CC7CC(CC(C7)C5)C6,7.54
143,CHEMBL311787,C[C@H]1CC(CCN1CCC2OCCc3cc(ccc23)C(=O)N)c4c[nH]c5cc(F)ccc45,7.55
144,CHEMBL3764335,Cl.Oc1ccccc1N2CCN(CCCCCC(=O)n3c4ccccc4c5ccccc35)CC2,7.55
145,CHEMBL82488,NC(=O)c1ccc2C(CCN3CCC(=CC3)c4coc5cc(F)ccc45)OCCc2c1,7.55
146,CHEMBL278610,NC(=O)c1ccc2[nH]cc(C3=CCC(CC3)NCCCNC4CCC(=CC4)c5c[nH]c6ccc(cc56)C(=O)N)c2c1,7.56
147,CHEMBL312525,CCCNC1CCc2ccc3[nH]cc(C=O)c3c2C1,7.57
148,CHEMBL2112307,NC(=O)c1ccc2C(CCN3CCC(=CC3)c4ccc(F)c5ccoc45)OCCc2c1,7.57
149,CHEMBL162011,O=S(=O)(N1CCC(=CC1)c2ccc3[nH]cc(CCN4CCCC4)c3c2)c5cccc6ccccc56,7.57
150,CHEMBL71091,CCCN(CCC)C1CCc2ccc3NC(=O)Cc3c2C1,7.59
151,CHEMBL69943,CCCN(CCCCN1C(=O)CC(C)(C)CC1=O)C2CCc3ccc4[nH]ccc4c3C2,7.59
152,CHEMBL325359,COc1ccc(NC(=O)N2CCN(CC2)c3cccc4CCCCc34)cc1N5CCN(C)CC5.OC(=O)\C=C\C(=O)O,7.59
153,CHEMBL83112,NC(=O)c1ccc2C(CCN3CCC(=CC3)c4c[nH]c5c(F)cccc45)OCCc2c1,7.59
154,CHEMBL83732,NC(=O)c1ccc2C(CCN3CCC(=CC3)c4cccc5ccc(F)cc45)OCCc2c1,7.59
155,CHEMBL159627,OC[C@@H]1CCN(CCc2c[nH]c3ccc(cc23)n4cnnc4)C1,7.59
156,CHEMBL148095,C(CN1CCC(CC1)NC2CCc3ccccc23)Cc4c[nH]c5ccc(cc45)n6cnnc6,7.6
157,CHEMBL89448,C(CNCC1COc2ccccc2O1)CNC3=NCCCN3,7.6
158,CHEMBL21724,CN(C)CCOc1cc(NC(=O)c2ccc(cc2)c3ccc(cc3C)c4noc(C)n4)cc5CCOc15,7.6
159,CHEMBL372731,COc1cc2CCN(C(=O)Oc3cccc(c3Cl)C(F)(F)F)c2cc1N4C[C@@H](C)N(C)[C@@H](C)C4,7.6
160,CHEMBL195114,COc1cc2CCN(C(=O)c3ccc(c4cccc(C)n4)c5ccccc35)c2cc1N6CCN(C)CC6,7.6
161,CHEMBL523064,Cc1ccc2c(cccc2n1)N3C[C@H]4C[C@@H]3CN4CCc5ccc6OCC(=O)Nc6c5,7.6
162,CHEMBL95104,Clc1ccc(OC2CCN(CC[C@H]3CCCN3S(=O)(=O)c4ccc5cc[nH]c5c4)CC2)cc1,7.6
163,CHEMBL1159649,NC(=O)c1ccc2[C@@H](CCN3CCC(=CC3)c4c[nH]c5c(F)cccc45)OCCc2c1,7.6
164,CHEMBL146729,C(CN1CCC(CC1)NCc2ccncc2)Cc3c[nH]c4ccc(cc34)n5cnnc5,7.62
165,CHEMBL331612,C(CN1CCCCC1)Cc2c[nH]c3ccc(cc23)n4cnnc4,7.62
166,CHEMBL71640,CCCN(CC1CC1)C2CCc3ccc4[nH]cc(C=O)c4c3C2,7.62
167,CHEMBL450852,Fc1ccc(cc1)C(=O)Nc2ccc3[nH]cc(C4CCN(C\C=C\CN5CCC(CC5)c6c[nH]c7ccc(NC(=O)c8ccc(F)cc8)cc67)CC4)c3c2,7.62
168,CHEMBL441259,NC(=O)c1ccc2C(CCN3CCC(=CC3)c4[nH]nc5cc(F)ccc45)OCCc2c1,7.62
169,CHEMBL420874,C(Cc1c[nH]c2ccc(cc12)n3cnnc3)N4CC[C@H](C4)OCc5ccccc5,7.64
170,CHEMBL303021,CCCN(CCC)C1CCc2ccc3[nH]cc(Cl)c3c2C1,7.64
171,CHEMBL104374,COc1ccc2[nH]cc(C3CCN(C)CC3)c2n1,7.64
172,CHEMBL343712,CN(C)CCn1ccc2ccc(cc12)C3=CCSCC3,7.66
173,CHEMBL147786,CN(CC1CC1)C2CCN(CCCc3c[nH]c4ccc(cc34)n5cnnc5)CC2,7.66
174,CHEMBL115496,CC(C)(C)OC(=O)NCC1(O)CCN(CCCc2c[nH]c3ccc(cc23)n4cnnc4)CC1,7.68
175,CHEMBL143510,CCN(CC)CCc1c[nH]c2ccc(OS(=O)(=O)C(F)(F)F)cc12,7.68
176,CHEMBL163639,O=S(=O)(N1CCC(=CC1)c2ccc3[nH]cc(CCN4CCCC4)c3c2)c5ccccc5,7.68
177,CHEMBL277452,NC(=O)c1ccc2[nH]cc(C3=CCC(CC3)NCCCCNC4CCC(=CC4)c5c[nH]c6ccc(cc56)C(=O)N)c2c1,7.69
178,CHEMBL435060,C(Cc1c[nH]c2ccc(cc12)n3cnnc3)N4CC[C@@H](C4)OCc5ccccc5,7.7
179,CHEMBL20791,CN(C)CCN1CCOc2ccc(NC(=O)c3ccc(cc3)c4ccc(cc4C)c5noc(C)n5)cc12,7.7
180,CHEMBL148286,CN(CC=C)C1CCN(CCCc2c[nH]c3ccc(cc23)n4cnnc4)CC1,7.7
181,CHEMBL193268,COc1ccc(CN2CCN(CCOc3cccc4nc(C)ccc34)CC2)cc1[N+](=O)[O-],7.7
182,CHEMBL81703,NC(=O)c1ccc2C(CCN3CCC(=CC3)c4csc5cc(F)ccc45)OCCc2c1,7.7
183,CHEMBL353256,C(Cc1c[nH]c2ccc(cc12)c3cccs3)N4CCCC4,7.72
184,CHEMBL1788196,CN(C)[C@H]1CCc2ccc3[nH]cc(C=O)c3c2C1,7.72
185,CHEMBL149488,CN(Cc1ccc(NC(=O)C)cc1)C2CCN(CCCc3c[nH]c4ccc(cc34)n5cnnc5)CC2,7.72
186,CHEMBL306869,CCCN(CCC)C1CCc2ccc3[nH]cc(SC)c3c2C1,7.75
187,CHEMBL148325,CN(C1CCN(CCCc2c[nH]c3ccc(cc23)n4cnnc4)CC1)C(=O)Nc5ccccc5,7.75
188,CHEMBL147555,CN(Cc1ccc(cc1)S(=O)(=O)C)C2CCN(CCCc3c[nH]c4ccc(cc34)n5cnnc5)CC2,7.75
189,CHEMBL144002,C[C@@H](NC1CCN(CCCc2c[nH]c3ccc(cc23)n4cncn4)CC1)c5ccccc5,7.75
190,CHEMBL162296,C=CCNC[C@@H]1CCN(CCc2c[nH]c3ccc(cc23)n4cnnc4)C1,7.77
191,CHEMBL322349,CCC(=O)Oc1ccc2[nH]cc(CCN(C)C)c2c1,7.77
192,CHEMBL347570,CN(CC1CCN(CCCc2c[nH]c3ccc(cc23)n4cnnc4)CC1)C(=O)c5ccc(NC(=O)C)cc5,7.77
193,CHEMBL88212,C(CNC[C@@H]1CCc2ccccc2O1)CNC3=NCCCN3,7.8
194,CHEMBL111150,CC(C)(C)CCCCCCOc1ccc2[nH]cc(CCN)c2c1,7.8
195,CHEMBL97450,CCCCCCCCCOc1ccc2[nH]cc(CCN)c2c1,7.8
196,CHEMBL71469,CCCN(C)C1CCc2ccc3[nH]cc(C=O)c3c2C1,7.8
197,CHEMBL302172,CCCN(CCC)[C@@H]1CCc2ccc3[nH]ccc3c2C1,7.8
198,CHEMBL50492,CCc1ccc2[nH]cc(CCN(C)C)c2c1,7.8
199,CHEMBL194701,CN1CCN(CC1)c2nccc3cc4CCN(C(=O)c5ccccc5C(F)(F)F)c4cc23,7.8
200,CHEMBL274256,COc1cc2CCN(C(=O)c3ccc(cc3)c4ccc(cc4C)c5noc(C)n5)c2cc1N6C[C@@H](C)N(C)[C@@H](C)C6,7.8
201,CHEMBL196848,COc1cc2CCN(C(=O)c3ccc(cc3)c4ccccc4C)c2cc1N5C[C@@H](C)N(C)[C@@H](C)C5,7.8
202,CHEMBL161894,S=C(NN1CCC(=CC1)c2ccc3[nH]cc(CCN4CCCC4)c3c2)c5cccc6ccccc56,7.8
203,CHEMBL195927,COc1ccccc1N2CCC(CC2)C(=O)Nc3ccc(OC)c(c3)N4CCN(C)CC4,7.81
204,CHEMBL28313,CCCNC1CCc2cccc(OS(=O)(=O)C(F)(F)F)c2C1,7.82
205,CHEMBL303339,CN(C)[C@@H]1CCc2ccc3[nH]ccc3c2C1,7.82
206,CHEMBL148071,CS(=O)(=O)NC[C@H](NC1CCN(CCCc2c[nH]c3ccc(cc23)n4cnnc4)CC1)c5ccccc5,7.82
207,CHEMBL148110,C[C@@H](NC1CCN(CCCc2c[nH]c3ccc(cc23)n4cnnc4)CC1)C(=O)Nc5ccccc5,7.82
208,CHEMBL423022,C[C@@H](NC1CCN(CCCc2c[nH]c3ccc(cc23)n4cnnc4)CC1)[C@H](O)c5ccccc5,7.82
209,CHEMBL305301,Fc1cccc(CCN2CCN(CC(F)(F)Cc3c[nH]c4ccc(cc34)n5cnnc5)CC2)c1,7.82
210,CHEMBL1169435,NC(=O)c1ccc2[C@H](CCN3CCC(=CC3)c4c[nH]c5c(F)cccc45)OCCc2c1,7.82
211,CHEMBL158638,CN(C)[C@@H]1C[C@H](C1)c2c[nH]c3ccc(cc23)C(=O)N,7.83
212,CHEMBL2368254,N[C@@H]1C[C@H](C1)c2c[nH]c3ccc(Oc4ccccc4)cc23,7.84
213,CHEMBL145997,C(CN1CCC(CC1)NCc2ccccn2)Cc3c[nH]c4ccc(cc34)n5cnnc5,7.85
214,CHEMBL70710,CCCN(CCC)[C@@H]1CCc2cc(F)c3[nH]ccc3c2C1,7.85
215,CHEMBL391272,C[C@H]1CN(CCN1CC[C@@H]2OCCc3cc(ccc23)C(=O)N)c4ccc5cc(F)ccc5c4,7.85
216,CHEMBL3706923,C[C@H]1CN(CCN1CC[C@@H]2OCc3cc(ccc23)C(=O)N)c4cccc5cc(F)ccc45,7.85
217,CHEMBL79693,NC(=O)c1ccc2C(CCN3CCC(CC3)c4cccc5ccccc45)OCCc2c1,7.85
218,CHEMBL147853,OC[C@@H](Cc1ccccc1)NC2CCN(CCCc3c[nH]c4ccc(cc34)n5cnnc5)CC2,7.85
219,CHEMBL420748,CCCN(CCCOc1cccc(Cl)c1)C2CCc3ccc4[nH]ccc4c3C2,7.89
220,CHEMBL71145,CCCN(CCc1cccs1)C2CCc3ccc4[nH]ccc4c3C2,7.89
221,CHEMBL92207,CN(Cc1ccccc1)[C@@H]2CCN(CCCc3c[nH]c4ccc(cc34)n5cnnc5)C[C@@H]2F,7.89
222,CHEMBL2114039,CN(Cc1ccccc1C(F)(F)F)[C@H]2CCN(CCCc3c[nH]c4ccc(cc34)n5cnnc5)C[C@@H]2F,7.89
223,CHEMBL331970,C[C@@H](NC1CCN(CCCc2c[nH]c3ccc(cc23)n4cnnc4)CC1)c5ccccc5,7.89
224,CHEMBL73281,Cc1cc(cc(C)c1CC(=N)N)C(C)(C)C,7.89
225,CHEMBL2115111,F[C@@H]1CN(CCCc2c[nH]c3ccc(cc23)n4cnnc4)CC[C@@H]1NCc5ccccc5C(F)(F)F,7.89
226,CHEMBL500749,Fc1ccc(cc1)C(=O)Nc2ccc3[nH]cc(C4CCN(CCCCCCCCCCCCN5CCC(CC5)c6c[nH]c7ccc(NC(=O)c8ccc(F)cc8)cc67)CC4)c3c2,7.89
227,CHEMBL509314,Fc1ccc(cc1)C(=O)Nc2ccc3[nH]cc(C4CCN(CCCCCCCCCCCN5CCC(CC5)c6c[nH]c7ccc(NC(=O)c8ccc(F)cc8)cc67)CC4)c3c2,7.89
228,CHEMBL500230,Fc1ccc(cc1)C(=O)Nc2ccc3[nH]cc(C4CCN(CCCCCCCCCCN5CCC(CC5)c6c[nH]c7ccc(NC(=O)c8ccc(F)cc8)cc67)CC4)c3c2,7.89
229,CHEMBL2112862,O[C@@H]1Cc2ccccc2[C@H]1NC3CCN(CCCc4c[nH]c5ccc(cc45)n6cnnc6)CC3,7.89
230,CHEMBL431211,C(CCNC1=NCCCN1)CNCC2CCc3ccccc3O2,7.9
231,CHEMBL195432,COc1cc2CCN(C(=O)Nc3cccc(Cl)c3Cl)c2cc1N4CCN(C)CC4,7.9
232,CHEMBL494991,COc1ccc(CN2CCN(CCOc3cccc4nc(C)ccc34)CC2)cc1,7.9
233,CHEMBL277467,COc1ccc(NC(=O)c2ccc(Br)c(C)c2)cc1N3CCN(C)CC3,7.9
234,CHEMBL483365,Cc1ccc2c(cccc2n1)N3CCN(CCCCc4ccc5OCC(=O)Nc5c4)CC3,7.9
235,CHEMBL484059,O=C1COc2ccc(CCN3CCN(CC3)c4cccc5nc(ccc45)c6ccccc6)cc2N1,7.9
236,CHEMBL146023,CC(=O)Nc1ccc(CCNC2CCN(CCCc3c[nH]c4ccc(cc34)n5cnnc5)CC2)cc1,7.92
237,CHEMBL349390,CC(=O)Nc1ccc(CNC[C@@H]2CCN(CCc3c[nH]c4ccc(cc34)n5cnnc5)C2)cc1,7.92
238,CHEMBL28437,CCCN(CCC)C1CCc2cccc(OS(=O)(=O)C(F)(F)F)c2C1,7.92
239,CHEMBL413105,CN(C)C1CCc2ccc3[nH]ccc3c2C1,7.92
240,CHEMBL91534,CN(Cc1ccccc1)[C@H]2CCN(CCCc3c[nH]c4ccc(cc34)n5cnnc5)C[C@H]2F,7.92
241,CHEMBL143890,C[C@@H](NC1CCN(CCCc2c[nH]c3ccc(cc23)n4cnnc4)CC1)[C@@H](O)c5ccccc5,7.92
242,CHEMBL148087,C[C@H](NC1CCN(CCCc2c[nH]c3ccc(cc23)n4cnnc4)CC1)c5ccccc5,7.92
243,CHEMBL349174,Cc1ccc(cc1)S(=O)(=O)N2CCC(=CC2)c3ccc4[nH]cc(CCN5CCCC5)c4c3,7.92
244,CHEMBL351036,Clc1ccc(cc1)C(=S)NN2CCC(=CC2)c3ccc4[nH]cc(CCN5CCCC5)c4c3,7.92
245,CHEMBL143951,NC1CCN(CCCc2c[nH]c3ccc(cc23)n4cnnc4)CC1,7.92
246,CHEMBL143952,O=S(=O)(NCC1CCN(CCCc2c[nH]c3ccc(cc23)n4cnnc4)CC1)c5ccccc5,7.92
247,CHEMBL500488,CN1CCC(CC1)c2c[nH]c3ccc(NC(=O)CCCCCCCCCCCCCCC(=O)Nc4ccc5[nH]cc(C6CCN(C)CC6)c5c4)cc23,7.95
248,CHEMBL326723,CC(=O)Nc1ccc(CNCC2(O)CCN(CCCc3c[nH]c4ccc(cc34)n5cnnc5)CC2)cc1,7.96
249,CHEMBL305743,CCCN(CCC)C1CCc2cc(F)c3[nH]ccc3c2C1,7.96
250,CHEMBL80189,CN(C)CCc1c[nH]c2ccc(cc12)n3cnc4cccnc34,7.96
251,CHEMBL349675,COc1ccc(cc1)S(=O)(=O)N2CCC(=CC2)c3ccc4[nH]cc(CCN5CCCC5)c4c3,7.96
252,CHEMBL348756,S=C(NN1CCC(=CC1)c2ccc3[nH]cc(CCN4CCCC4)c3c2)C5CCCCC5,7.96
253,CHEMBL343025,CCCN(CCC)CCc1c[nH]c2ccc(cc12)C(C)(C)C,7.97
254,CHEMBL88784,C(CCNCC1CCc2ccccc2O1)CCNC3=NCCCN3,8.0
255,CHEMBL329207,C(CNCC1CCc2ccccc2O1)CNc3ccncn3,8.0
256,CHEMBL88152,C(CNCC1CCc2ccccc2O1)CNc3cnccn3,8.0
257,CHEMBL423749,CN([C@@H](CO)c1ccccc1)C2CCN(CCCc3c[nH]c4ccc(cc34)n5cnnc5)CC2,8.0
258,CHEMBL196140,CN1CCN(CC1)c2nccc3cc4CCN(C(=O)c5cnn(C)c5C(F)(F)F)c4cc23,8.0
259,CHEMBL458200,CN1CCN(CC1=O)c2cccc(CC3CCN(CCOc4cccc5nc(C)ccc45)CC3)c2,8.0
260,CHEMBL147071,COc1ccc(NC(=O)c2ccc(cc2)c3ccc(cc3C)C(=O)N)cc1N4CCN(C)CC4,8.0
261,CHEMBL192176,Cc1ccc2c(OCCN3CCN(CN4OC5=CCC(=O)C=C5C=C4)CC3)cccc2n1,8.0
262,CHEMBL365810,Cc1ccc2c(OCCN3CCN(Cc4ccc(O)c(c4)[N+](=O)[O-])CC3)cccc2n1,8.0
263,CHEMBL248457,Cc1ccc2c(OCCN3CCN(Cc4ccc5OCC(=O)Nc5c4)CC3)cccc2n1,8.0
264,CHEMBL485395,Cc1ccc2c(cccc2n1)N3CCN(CCCc4ccc5OCC(=O)Nc5c4)CC3,8.0
265,CHEMBL234449,NC(=O)c1ccc2[C@H](CCN3CCN(CC3)c4ccc5cc(F)ccc5c4)OCCc2c1,8.0
266,CHEMBL146396,CC#CCN(C)C1CCN(CCCc2c[nH]c3ccc(cc23)n4cnnc4)CC1,8.01
267,CHEMBL110317,CC(=O)c1ccc2[nH]cc(CCN)c2c1,8.01
268,CHEMBL423127,CCCN(CCCCN1C(=O)CC(C)(C)CC1=O)C2CCc3ccc4[nH]cc(C=O)c4c3C2,8.01
269,CHEMBL352181,S=C(NN1CCC(=CC1)c2ccc3[nH]cc(CCN4CCCC4)c3c2)c5ccccc5,8.02
270,CHEMBL92139,CN(C)CCc1cccc2c1ccn2S(=O)(=O)c3ccccc3,8.03
271,CHEMBL2115112,CN(Cc1ccccc1C(F)(F)F)[C@H]2CCN(CCCc3c[nH]c4ccc(cc34)n5cnnc5)C[C@H]2F,8.03
272,CHEMBL434315,CN(Cc1occc1)C2CCN(CCCc3c[nH]c4ccc(cc34)n5cnnc5)CC2,8.03
273,CHEMBL349903,Clc1ccc(cc1)S(=O)(=O)N2CCC(=CC2)c3ccc4[nH]cc(CCN5CCCC5)c4c3,8.03
274,CHEMBL342805,NC(=O)OC[C@H](NC1CCN(CCCc2c[nH]c3ccc(cc23)n4cnnc4)CC1)c5ccccc5,8.03
275,CHEMBL159493,C(Cc1c[nH]c2ccc(cc12)n3cnnc3)N4CC[C@@H](CNc5ccccc5)C4,8.04
276,CHEMBL148085,CN(Cc1cocc1)C2CCN(CCCc3c[nH]c4ccc(cc34)n5cnnc5)CC2,8.05
277,CHEMBL344537,COC[C@H](NC1CCN(CCCc2c[nH]c3ccc(Cn4cncn4)cc23)CC1)c5ccc(F)cc5,8.05
278,CHEMBL349528,O[C@@H]1CCN(CCc2c[nH]c3ccc(cc23)n4cnnc4)C1,8.05
279,CHEMBL162930,C(CN1CCOCC1)Cc2c[nH]c3ccc(cc23)n4cnnc4,8.06
280,CHEMBL423789,O=C(NN1CCC(=CC1)c2ccc3[nH]cc(CCN4CCCC4)c3c2)c5cccc6ccccc56,8.06
281,CHEMBL161066,C(Cc1c[nH]c2ccc(cc12)n3cnnc3)N4CC[C@@H](CNCc5ccncc5)C4,8.07
282,CHEMBL71474,CCCN(CCC)C1CCc2cc(F)c3[nH]cc(C#N)c3c2C1,8.07
283,CHEMBL323264,CNC(=O)Nc1ccc2[nH]cc(C3CCN(C)CC3)c2n1,8.07
284,CHEMBL69385,COc1ccc(cc1)N2CCN(CCC3OCCc4cc(ccc34)C(=O)N)CC2,8.07
285,CHEMBL162012,Cc1ccc(cc1)C(=O)NN2CCC(=CC2)c3ccc4[nH]cc(CCN5CCCC5)c4c3,8.07
286,CHEMBL63258,FC(F)(CN1CCC(CC1)OCc2ccccc2)Cc3c[nH]c4ccc(cc34)n5cnnc5,8.07
287,CHEMBL163151,O=C(NN1CCC(=CC1)c2ccc3[nH]cc(CCN4CCCC4)c3c2)c5ccccc5,8.07
288,CHEMBL71663,CCCN(CCC)C1CCc2cc(F)c3[nH]cc(CCC)c3c2C1,8.08
289,CHEMBL143767,CN(C)CCc1c[nH]c2ccc(OS(=O)(=O)C(F)(F)F)cc12,8.08
290,CHEMBL79674,NC(=O)c1ccc2C(CCN3CCC(CC3)c4c[nH]c5cc(F)ccc45)OCCc2c1,8.08
291,CHEMBL441296,OC[C@H](NC[C@@H]1CCN(CCc2c[nH]c3ccc(cc23)n4cnnc4)C1)c5ccccc5,8.08
292,CHEMBL343667,CN(CC1CCN(CCCc2c[nH]c3ccc(cc23)n4cnnc4)CC1)Cc5ccc(cc5)S(=O)(=O)C,8.09
293,CHEMBL174141,OC[C@@H]1CCCN1CCc2c[nH]c3ccc(cc23)c4cccs4,8.09
294,CHEMBL89427,C(CNCC1CCc2ccccc2O1)CNc3nccs3,8.1
295,CHEMBL198488,CCc1c(cnn1c2ccc(cc2)C#N)C(=O)N3CCc4cc5ccnc(N6CCN(CC6)C(C)C)c5cc34,8.1
296,CHEMBL199144,CCc1c(cnn1c2ccc(cc2)C#N)C(=O)N3CCc4cc5ccnc(N6C[C@@H](C)N[C@@H](C)C6)c5cc34,8.1
297,CHEMBL115415,CN(C)CCc1c[nH]c2ccc(cc12)C3=CCN(C)CC3,8.1
298,CHEMBL105556,CN1CCC(CC1)c2c[nH]c3ccc(OS(=O)(=O)C)nc23,8.1
299,CHEMBL199175,CN1CCN(CC1)c2nccc3cc4CCN(C(=O)c5cc(C)oc5C(F)(F)F)c4cc23,8.1
300,CHEMBL484387,Cc1ccc2c(OCCN3CC(COc4ccc5OCC(=O)Nc5c4)C3)cccc2n1,8.1
301,CHEMBL456459,Cc1ccc2c(OCCN3CCC(Cc4cccc(c4)c5ccccc5)CC3)cccc2n1,8.1
302,CHEMBL192536,Cc1ccc2c(OCCN3CCN(Cc4ccc(F)c(c4)[N+](=O)[O-])CC3)cccc2n1,8.1
303,CHEMBL90405,Fc1ccc2OC(CNCCCNC3=NCCCN3)CCc2c1,8.1
304,CHEMBL22553,NC(=O)c1ccc2[nH]cc(C3=CCC(CC3)NCCNC4CCC(=CC4)c5c[nH]c6ccc(cc56)C(=O)N)c2c1,8.1
305,CHEMBL159733,CN(C[C@@H]1CCN(CCc2c[nH]c3ccc(Cn4cncn4)cc23)C1)Cc5ccccc5,8.11
306,CHEMBL428991,COc1ccc(cc1)C(=O)NN2CCC(=CC2)c3ccc4[nH]cc(CCN5CCCC5)c4c3,8.11
307,CHEMBL117046,C(CN1CCC(CC1)NCc2ccccc2)Cc3c[nH]c4ccc(cc34)n5cnnc5,8.12
308,CHEMBL422737,CN(C)CCc1c[nH]c2ccc(cc12)c3ccc(Cl)s3,8.12
309,CHEMBL70589,CCCN(CCC)C1CCc2ccc3[nH]cc(C#N)c3c2C1,8.13
310,CHEMBL72285,CCCN(CCc1ccccc1)C2CCc3ccc4[nH]ccc4c3C2,8.13
311,CHEMBL162049,Cc1ccc(cc1)C(=S)NN2CCC(=CC2)c3ccc4[nH]cc(CCN5CCCC5)c4c3,8.13
312,CHEMBL147961,OC[C@H](NC1CCN(CCCc2c[nH]c3ccc(cc23)n4cncn4)CC1)c5ccccc5,8.13
313,CHEMBL113831,CC(C)(C)CNCC1(O)CCN(CCCc2c[nH]c3ccc(cc23)n4cnnc4)CC1,8.14
314,CHEMBL138821,CN(C)CCn1ccc2ccc(cc12)c3ccsc3,8.14
315,CHEMBL159332,CNS(=O)(=O)Cc1ccc2[nH]cc(C[C@H]3CCCN3C)c2c1,8.14
316,CHEMBL357408,C(CN1CCC(CC1)NCc2cocc2)Cc3c[nH]c4ccc(cc34)n5cnnc5,8.15
317,CHEMBL2368256,CN[C@@H]1C[C@H](C1)c2c[nH]c3ccc(CC4COC(=O)N4)cc23,8.15
318,CHEMBL391271,C[C@@H]1CN(CCN1CC[C@@H]2OCCc3cc(ccc23)C(=O)N)c4cccc5cc(F)ccc45,8.16
319,CHEMBL163114,Cc1noc(n1)c2ccc(CCN3CCN(CCCc4c[nH]c5ccc(cc45)n6cnnc6)CC3)cc2,8.16
320,CHEMBL332063,NCCc1c[nH]c2ccc(OCC(=O)N3CCN(CC3)c4ccccc4CN)cc12,8.16
321,CHEMBL308347,CCCN(CCC)[C@@H]1CCc2ccc3[nH]cc(C#N)c3c2C1,8.17
322,CHEMBL71724,COc1ccc(cc1)N2CCN(CCC3OCCc4ccccc34)CC2,8.17
323,CHEMBL146502,C[C@H](Cc1ccccc1)NC2CCN(CCCc3c[nH]c4ccc(cc34)n5cnnc5)CC2,8.17
324,CHEMBL70409,Cc1cc(ccc1CC2=NCCN2)C(C)(C)C,8.17
325,CHEMBL2021539,Cl.CCCN[C@@H]1CCc2cccc(CS(=O)(=O)C(F)(F)F)c2C1,8.17
326,CHEMBL304993,FC(CN1CCN(CCc2ccccc2)CC1)Cc3c[nH]c4ccc(cc34)n5cnnc5,8.17
327,CHEMBL162899,O=C1CN(CCCc2c[nH]c3ccc(cc23)n4cnnc4)CCN1Cc5ccccc5,8.18
328,CHEMBL1744039,CCCN(CC(C)C)[C@@H]1CCc2ccc3[nH]cc(C=O)c3c2C1,8.19
329,CHEMBL372453,COc1ccc(NC(=O)N2CCN(CC2)c3ccc(Cl)cc3)cc1N4CCN(C)CC4,8.19
330,CHEMBL331241,Cc1ccc2[nH]cc(CCN)c2c1,8.19
331,CHEMBL88208,C(CNCC1CCc2ccccc2O1)CNC3=NCCN3,8.2
332,CHEMBL495217,COc1ccc(CC2CCN(CCOc3cccc4nc(C)ccc34)CC2)cc1NS(=O)(=O)C,8.2
333,CHEMBL485427,Cc1ccc2c(OC3CCN(CCc4ccc5OCC(=O)Nc5c4)CC3)cccc2n1,8.2
334,CHEMBL456460,Cc1ccc2c(OCCN3CCC(Cc4cccc(c4)c5cocc5)CC3)cccc2n1,8.2
335,CHEMBL248231,Cc1ccc2c(OCCN3CCN(Cc4ccc5OCC(=O)N(Cc6ccccc6)c5c4)CC3)cccc2n1,8.2
336,CHEMBL146129,OC[C@H](NC1CCN(CCCc2c[nH]c3ccc(C[C@H]4COC(=O)N4)cc23)CC1)c5ccccc5,8.2
337,CHEMBL277120,C1CN(CCN1)c2cccc3ccccc23,8.21
338,CHEMBL433108,CC(CN1CCN(CC(F)(F)Cc2c[nH]c3ccc(cc23)n4cnnc4)CC1)c5ccccc5,8.21
339,CHEMBL147454,CCCNCCc1c[nH]c2ccc(cc12)C(C)(C)C,8.21
340,CHEMBL159278,COc1ccc(cc1)C(=S)NN2CCC(=CC2)c3ccc4[nH]cc(CCN5CCCC5)c4c3,8.21
341,CHEMBL147907,C[C@@H](NC1CCN(CCCc2c[nH]c3ccc(cc23)n4ccnc4)CC1)c5ccccc5,8.21
342,CHEMBL145849,CN(CC1CCN(CCCc2c[nH]c3ccc(cc23)n4cnnc4)CC1)[C@@H](CO)c5ccccc5,8.22
343,CHEMBL162724,Clc1ccc(cc1)C(=O)NN2CCC(=CC2)c3ccc4[nH]cc(CCN5CCCC5)c4c3,8.22
344,CHEMBL147148,CN(CC1CCN(CCCc2c[nH]c3ccc(cc23)n4cnnc4)CC1)C(=O)Nc5ccccc5,8.23
345,CHEMBL147979,OC[C@H](NCC1CCN(CCCc2c[nH]c3ccc(cc23)n4cnnc4)CC1)c5ccccc5,8.23
346,CHEMBL147546,CN(CCc1ccc(NC(=O)C)cc1)C2CCN(CCCc3c[nH]c4ccc(cc34)n5cnnc5)CC2,8.24
347,CHEMBL2114036,F[C@H](CN1CCN(CCc2cccc(F)c2)CC1)Cc3c[nH]c4ccc(cc34)n5cnnc5,8.24
348,CHEMBL143893,C(CN1CCC(CNCc2ccccc2)CC1)Cc3c[nH]c4ccc(cc34)n5cnnc5,8.25
349,CHEMBL138873,CN(C)CCn1ccc2ccc(cc12)C3CCSCC3,8.25
350,CHEMBL323705,CN1CCC[C@@H]1Cc2c[nH]c3ccc(cc23)C4=CCN(CC4)\C(=N\C56C[C@@H]7C[C@@H](C[C@@H](C7)C5)C6)\S,8.25
351,CHEMBL303514,FC(CN1CCN(CCc2ccc(F)cc2)CC1)Cc3c[nH]c4ccc(cc34)n5cnnc5,8.26
352,CHEMBL39,NCCc1c[nH]c2ccc(O)cc12,8.26
353,CHEMBL146628,OCCC(NC1CCN(CCCc2c[nH]c3ccc(cc23)n4cnnc4)CC1)c5ccccc5,8.26
354,CHEMBL416688,CN(Cc1ccccc1)C2CCN(CC(F)Cc3c[nH]c4ccc(cc34)n5cnnc5)CC2,8.27
355,CHEMBL8165,COc1ccc2[nH]cc(CCN)c2c1,8.27
356,CHEMBL81191,NC(=O)c1ccc2C(CCN3CCC(=CC3)c4cccc5ccccc45)OCCc2c1,8.27
357,CHEMBL297660,CC(C)c1ccc2[nH]cc(CCN3CCCC3)c2c1,8.28
358,CHEMBL148194,CC(CO)(NC1CCN(CCCc2c[nH]c3ccc(cc23)n4cnnc4)CC1)c5ccccc5,8.28
359,CHEMBL163376,FC(F)(F)c1ccc(CN2CCN(CCCc3c[nH]c4ccc(cc34)n5cnnc5)CC2)cc1,8.28
360,CHEMBL161970,O=C1CN(CCCc2c[nH]c3ccc(cc23)n4cnnc4)CCN1CCc5ccccc5,8.28
361,CHEMBL303921,CCCN(CCCOc1cccc(Cl)c1)C2CCc3ccc4[nH]cc(C=O)c4c3C2,8.29
362,CHEMBL63432,FC(CN1CCN(CCc2cccc(F)c2)CC1)Cc3c[nH]c4ccc(cc34)n5cnnc5,8.29
363,CHEMBL88207,C(CNCC1CCc2ccccc2O1)CNc3ccccn3,8.3
364,CHEMBL146335,CC(=O)Nc1ccc(CNC2CCN(CCCc3c[nH]c4ccc(cc34)n5cnnc5)CC2)cc1,8.3
365,CHEMBL495161,CC(=O)Nc1ccccc1CN2CCN(CCOc3cccc4nc(C)ccc34)CC2,8.3
366,CHEMBL1788198,CCCN(CCCCN1C(=O)CC(C)(C)CC1=O)[C@@H]2CCc3ccc4[nH]cc(C=O)c4c3C2,8.3
367,CHEMBL282229,COc1cc2CCN(C(=O)c3ccc(cc3)c4ccc(cc4C)c5noc(C)n5)c2cc1OCCN(C)C,8.3
368,CHEMBL364495,Cc1ccc2c(OCCN3CCN(Cc4ccc(Cl)c(c4)[N+](=O)[O-])CC3)cccc2n1,8.3
369,CHEMBL1290596,Cc1ccc2c(cccc2n1)N3CCN(CCc4c(C)ccc5NC(=O)CCc45)CC3,8.3
370,CHEMBL2114038,F[C@H]1CN(CCCc2c[nH]c3ccc(cc23)n4cnnc4)CC[C@@H]1NCc5ccccc5C(F)(F)F,8.3
371,CHEMBL120272,NCCc1c[nH]c2ccc(OCCCC(=O)N3CCN(CC3)c4ccc(cc4)[N+](=O)[O-])cc12,8.3
372,CHEMBL352123,C(CN1CCN(CCCc2c[nH]c3ccc(cc23)n4cnnc4)CC1)Cc5ccccc5,8.31
373,CHEMBL351311,C(CN1CCN(CCc2cccnc2)CC1)Cc3c[nH]c4ccc(cc34)n5cnnc5,8.31
374,CHEMBL320079,CCCCCCCOc1ccc2[nH]cc(CCN)c2c1,8.31
375,CHEMBL147838,C(CN1CCC(CC1)N2CCCCC2c3ccccc3)Cc4c[nH]c5ccc(cc45)n6cnnc6,8.33
376,CHEMBL606556,CN1CCC[C@@H]1Cc2c[nH]c3ccc(NS(=O)(=O)c4cccc(Cl)c4)cc23,8.33
377,CHEMBL292262,FC(CN1CCN(CCc2ccccc2F)CC1)Cc3c[nH]c4ccc(cc34)n5cnnc5,8.33
378,CHEMBL441256,CCCN(CCC)C1CCc2cc(F)c3[nH]cc(C=O)c3c2C1,8.34
379,CHEMBL441095,CNC(=O)c1ccc2[C@H](CCN3CCN(CC3)c4ccc(cc4)C(=O)N)OCCc2c1,8.34
380,CHEMBL173162,C(Cc1c[nH]c2ccc(cc12)c3cccs3)N4CC=CC4,8.35
381,CHEMBL125745,NCCc1cccc2c1ccn2S(=O)(=O)c3ccccc3,8.35
382,CHEMBL331143,OC1(CNCC2CC2)CCN(CCCc3c[nH]c4ccc(cc34)n5cnnc5)CC1,8.35
383,CHEMBL71176,CCCN(CCC)[C@@H]1CCc2cc(F)c3[nH]cc(C=O)c3c2C1,8.36
384,CHEMBL146391,C[C@H](NCC1CCN(CCCc2c[nH]c3ccc(cc23)n4cnnc4)CC1)c5ccccc5,8.36
385,CHEMBL423212,CN(Cc1cccs1)C2CCN(CCCc3c[nH]c4ccc(cc34)n5cnnc5)CC2,8.37
386,CHEMBL342330,CN([C@H](CO)c1ccccc1)C2CCN(CCCc3c[nH]c4ccc(cc34)n5cnnc5)CC2,8.37
387,CHEMBL147940,CC(=O)Nc1ccc(CNCC2CCN(CCCc3c[nH]c4ccc(cc34)n5cnnc5)CC2)cc1,8.38
388,CHEMBL159650,CN(C[C@@H]1CCN(CCCc2c[nH]c3ccc(cc23)n4cnnc4)C1)Cc5ccccc5,8.38
389,CHEMBL146024,CN(Cc1ccsc1)C2CCN(CCCc3c[nH]c4ccc(cc34)n5cnnc5)CC2,8.38
390,CHEMBL91123,C(CNCC1CCc2ccccc2O1)CNC3=NCCCC3,8.4
391,CHEMBL459068,CC(=O)N1CCC(CC1)c2cccc(CC3CCN(CCOc4cccc5nc(C)ccc45)CC3)c2,8.4
392,CHEMBL248456,CC(C)N1C(=O)COc2ccc(CC3CCN(CCOc4cccc5nc(C)ccc45)CC3)cc12,8.4
393,CHEMBL332484,CN1CCC[C@@H]1Cc2c[nH]c3ccc(cc23)C4=CCN(CC4)C(=O)NC56C[C@@H]7C[C@@H](C[C@@H](C7)C5)C6,8.4
394,CHEMBL456458,CN1CCN(C(=O)C1)c2cccc(CC3CCN(CCOc4cccc5nc(C)ccc45)CC3)c2,8.4
395,CHEMBL370625,CN1CCN(CC1)c2nccc3cc4CCN(C(=O)c5cccc6ncccc56)c4cc23,8.4
396,CHEMBL363413,Cc1ccc2c(OCCN3CCN(Cc4cc(Cl)ccc4Cl)CC3)cccc2n1,8.4
397,CHEMBL324751,Cc1ccccc1CNCC2(O)CCN(CCCc3c[nH]c4ccc(cc34)n5cnnc5)CC2,8.4
398,CHEMBL29951,CCCN(CCC)C1CCc2cccc(OCCCCCCOc3cccc4CCC(Cc34)N(CCC)CCC)c2C1,8.41
399,CHEMBL263881,CCN(CC)C(=O)[C@H]1CN(C)[C@@H]2Cc3c[nH]c4cccc(C2=C1)c34,8.41
400,CHEMBL501645,Fc1ccc(cc1)C(=O)Nc2ccc3[nH]cc(C4CCN(CCOCCOCCOCCN5CCC(CC5)c6c[nH]c7ccc(NC(=O)c8ccc(F)cc8)cc67)CC4)c3c2,8.41
401,CHEMBL345657,C(Cc1c[nH]c2ccc(cc12)n3cnnc3)N4CC[C@@H](CNCc5cccnc5)C4,8.42
402,CHEMBL105369,CN1CCC(CC1)c2c[nH]c3ccc(NC(=O)Nc4ccc(F)cc4)nc23,8.42
403,CHEMBL71635,COc1ccc(cc1)N2CCN(CC[C@@H]3OCCc4cc(ccc34)C(=O)N)CC2,8.42
404,CHEMBL107511,CCc1ccc2[nH]cc(CCN)c2c1,8.43
405,CHEMBL343105,CN(C)CCn1ccc2ccc(cc12)C3CCOCC3,8.43
406,CHEMBL137781,C[C@@H]1C[C@H](C)N1C(=O)[C@H]2CN(C)C3Cc4c[nH]c5cccc(C3=C2)c45,8.43
407,CHEMBL349893,C(Cc1c[nH]c2ccc(cc12)n3cnnc3)N4CC[C@@H](CNCc5ccccn5)C4,8.44
408,CHEMBL107772,CN1CCN(CC1)c2cc(OC(=O)N3CCN(CC3)c4ccccc4C)ccc2Cl.OC(=O)\C=C\C(=O)O,8.44
409,CHEMBL2110299,N[C@@H]1C[C@H](C1)c2c[nH]c3ccc(CC4COC(=O)N4)cc23,8.44
410,CHEMBL146131,OC[C@H](Cc1ccccc1)NC2CCN(CCCc3c[nH]c4ccc(cc34)n5cnnc5)CC2,8.44
411,CHEMBL300686,CN1CCC[C@@H]1Cc2c[nH]c3ccc(C)cc23,8.46
412,CHEMBL146132,OC[C@@H](NC1CCN(CCCc2c[nH]c3ccc(cc23)n4cnnc4)CC1)c5ccccc5,8.46
413,CHEMBL116092,C(Cc1c[nH]c2ccc(cc12)n3cnnc3)N4CCCC4,8.47
414,CHEMBL305837,CCCN(CCCc1ccccc1OC)C2CCc3ccc4[nH]cc(C=O)c4c3C2,8.47
415,CHEMBL139801,CN(C)CCn1ccc2ccc(cc12)C3(O)CCOCC3,8.47
416,CHEMBL489453,CN1CCC(CC1)c2c[nH]c3ccc(NC(=O)CC(=O)Nc4ccc5[nH]cc(C6CCN(C)CC6)c5c4)cc23,8.47
417,CHEMBL18840,NCCc1c[nH]c2ccc(cc12)C(=O)N,8.47
418,CHEMBL146976,NCCc1c[nH]c2ccc(cc12)C3CCCCC3,8.47
419,CHEMBL146265,OC[C@@H](NCC1CCN(CCCc2c[nH]c3ccc(cc23)n4cnnc4)CC1)c5ccccc5,8.47
420,CHEMBL310061,CN1C[C@@H](CN(Cc2ccccc2)C#N)C[C@@H]1Cc3c[nH]c4ccc(cc34)n5ccnc5,8.48
421,CHEMBL17828,NC(=O)c1ccc2[nH]cc(C3=CCC(CC3)NCCCCCNC4CCC(=CC4)c5c[nH]c6ccc(cc56)C(=O)N)c2c1,8.48
422,CHEMBL88676,C(CNCC1CCc2ccccc2O1)CNC3=NCCCN3,8.5
423,CHEMBL161192,C(Cc1c[nH]c2ccc(Cn3cncn3)cc12)N4CC[C@@H](CNCc5ccccc5)C4,8.5
424,CHEMBL90443,CC(C)\N=C(/N)\NNCCCNCC1CCc2ccccc2O1,8.5
425,CHEMBL248229,CCCCN1C(=O)COc2ccc(CN3CCN(CCOc4cccc5nc(C)ccc45)CC3)cc12,8.5
426,CHEMBL382078,CCc1c(cnn1c2ccc(cc2)C#N)C(=O)N3CCc4cc5ccnc(N6CCN7CCC[C@H]7C6)c5cc34,8.5
427,CHEMBL174355,CN(C)CCc1c[nH]c2ccc(cc12)c3ccc(C)s3,8.5
428,CHEMBL91596,COc1ccc2CCC(CNCCCNC3=NCCCN3)Oc2c1,8.5
429,CHEMBL239168,Cc1ccc2c(OCCN3CCC(Cc4cc5NC(=O)COc5cc4F)CC3)cccc2n1,8.5
430,CHEMBL462915,Cc1ccc2c(OCCN3CCC(Cc4cccc(c4)C5CCN(CC5)S(=O)(=O)C)CC3)cccc2n1,8.5
431,CHEMBL2113061,Cc1ccc2c(OCCN3CCN(Cc4ccc5[nH]ccc5c4)CC3)cccc2n1,8.5
432,CHEMBL190190,Cc1ccc2c(OCCN3CCN(Cc4cccc5cc[nH]c45)CC3)cccc2n1,8.5
433,CHEMBL112558,OC1(CNCc2ccccn2)CCN(CCCc3c[nH]c4ccc(cc34)n5cnnc5)CC1,8.5
434,CHEMBL323603,CN1CCC[C@@H]1Cc2c[nH]c3ccc(cc23)C4=CCN(CC4)C(=O)NC5CCCCC5,8.52
435,CHEMBL145815,COC[C@H](NC1CCN(CCCc2c[nH]c3ccc(cc23)n4cnnc4)CC1)c5ccccc5,8.52
436,CHEMBL147503,COc1ccc(NC(=O)c2ccc(cc2)c3ccc(cc3C)C(=N)N)cc1N4CCN(C)CC4,8.52
437,CHEMBL146483,C[C@H](NCC1CCN(CCCc2c[nH]c3ccc(cc23)n4cnnc4)CC1)c5ccc(NC(=O)C)cc5,8.52
438,CHEMBL334159,NCCc1c[nH]c2ccc(OCC(=O)N3CCN(CC3)c4ccc(N)cc4)cc12,8.54
439,CHEMBL331240,CC(=O)Nc1ccc(cc1)N2CCN(CC2)C(=O)COc3ccc4[nH]cc(CCN)c4c3,8.55
440,CHEMBL304767,CCCN(CCc1ccccc1)C2CCc3ccc4[nH]cc(C=O)c4c3C2,8.55
441,CHEMBL147660,CN(CC1CCN(CCCc2c[nH]c3ccc(cc23)n4cnnc4)CC1)Cc5ccc(NC(=O)C)cc5,8.55
442,CHEMBL143512,NCCc1c[nH]c2ccc(OS(=O)(=O)C(F)(F)F)cc12,8.55
443,CHEMBL121901,CS(=O)(=O)Nc1ccc(cc1)N2CCN(CC2)C(=O)COc3ccc4[nH]cc(CCN)c4c3,8.57
444,CHEMBL281575,NC(=O)c1ccc2[nH]cc(C3=CCC(CC3)NCCCCCCCCCCNC4CCC(=CC4)c5c[nH]c6ccc(cc56)C(=O)N)c2c1,8.58
445,CHEMBL348815,C(Cc1ccccc1)NC[C@@H]2CCN(CCc3c[nH]c4ccc(cc34)n5cnnc5)C2,8.59
446,CHEMBL357007,CN(CCC=C(C)C)C1CCN(CCCc2c[nH]c3ccc(cc23)n4cnnc4)CC1,8.59
447,CHEMBL88240,C(CNC[C@H]1CCc2ccccc2O1)CNC3=NCCCN3,8.6
448,CHEMBL163127,CC(=O)Nc1ccc(CN2CCN(CCCc3c[nH]c4ccc(cc34)n5cnnc5)CC2)cc1,8.6
449,CHEMBL297471,CC(C)(C)c1ccc2[nH]cc(CCN3CCCC3)c2c1,8.6
450,CHEMBL248230,CC(C)CN1C(=O)COc2ccc(CN3CCN(CCOc4cccc5nc(C)ccc45)CC3)cc12,8.6
451,CHEMBL173656,CC1CCC(C)N1CCc2c[nH]c3ccc(cc23)c4cccs4,8.6
452,CHEMBL306197,CCCN(CCCc1ccccc1OC)C2CCc3ccc4[nH]ccc4c3C2,8.6
453,CHEMBL426285,CCN1CCN(CC1)c2nccc3cc4CCN(C(=O)c5cnn(c5CC)c6ccc(cc6)C#N)c4cc23,8.6
454,CHEMBL372651,CCc1c(cnn1c2ccc(cc2)C#N)C(=O)N3CCc4cc5ccnc(N6CCNCC6)c5cc34,8.6
455,CHEMBL246597,CN1C(=O)COc2ccc(CC3CCN(CCOc4cccc5nc(C)ccc45)CC3)cc12,8.6
456,CHEMBL194809,CN1CCN(CC1)c2nccc3cc4CCN(C(=O)c5ccccc5Cl)c4cc23,8.6
457,CHEMBL197169,CN1CCN(CC1)c2nccc3cc4CCN(C(=O)c5oc(C)nc5C)c4cc23,8.6
458,CHEMBL494992,COc1cccc(CN2CCN(CCOc3cccc4nc(C)ccc34)CC2)c1,8.6
459,CHEMBL424154,C[C@H](NC[C@@H]1CCN(CCc2c[nH]c3ccc(Cn4cncn4)cc23)C1)c5ccccc5,8.6
460,CHEMBL391033,Cc1ccc2c(OCCN3CCC(Cc4ccc5OCC(=O)Nc5c4)CC3)c(F)ccc2n1,8.6
461,CHEMBL456684,Cc1ccc2c(OCCN3CCC(Cc4cccc(c4)N5CCCC5)CC3)cccc2n1,8.6
462,CHEMBL457765,Cc1ccc2c(OCCN3CCC(Cc4cccc(c4)N5CCOCC5)CC3)cccc2n1,8.6
463,CHEMBL191921,Cc1ccc2c(OCCN3CCN(Cc4cccc5ncccc45)CC3)cccc2n1,8.6
464,CHEMBL362992,Cc1ccc2c(OCCN3CCN(Cc4cccc5ncncc45)CC3)cccc2n1,8.6
465,CHEMBL121499,NCCc1c[nH]c2ccc(OCC(=O)N3CCN(CC3)c4ccc(CN)cc4)cc12,8.6
466,CHEMBL324289,NCCc1c[nH]c2ccc(OCCCCC(=O)N3CCN(CC3)c4ccc(cc4)[N+](=O)[O-])cc12,8.6
467,CHEMBL343755,C[C@H]1C[C@H](C)N1C(=O)[C@H]2CN(C)C3Cc4c[nH]c5cccc(C3=C2)c45,8.62
468,CHEMBL326371,C(Cc1c[nH]c2ccc(cc12)n3cnnc3)N4CC[C@@H](COCc5ccccc5)C4,8.64
469,CHEMBL500284,CN1CCC(CC1)c2c[nH]c3ccc(NC(=O)CCCCCCCCCCCCCC(=O)Nc4ccc5[nH]cc(C6CCN(C)CC6)c5c4)cc23,8.64
470,CHEMBL163462,NC(=O)C(N1CCN(CCCc2c[nH]c3ccc(cc23)n4cnnc4)CC1)c5ccccc5,8.64
471,CHEMBL304857,CN(Cc1ccccc1)C2CCN(CCCc3c[nH]c4ccc(cc34)n5cnnc5)CC2,8.66
472,CHEMBL117157,CS(=O)(=O)NCc1ccc(cc1)N2CCN(CC2)C(=O)COc3ccc4[nH]cc(CCN)c4c3,8.66
473,CHEMBL146991,Oc1nc2ccccc2n1C3CCN(CCCc4c[nH]c5ccc(cc45)n6cnnc6)CC3,8.66
474,CHEMBL161735,C(CN1CC[C@@H](COCc2ccccc2)C1)Cc3c[nH]c4ccc(cc34)n5cnnc5,8.68
475,CHEMBL2114040,CN(Cc1ccccc1)[C@H]2CCN(CCCc3c[nH]c4ccc(cc34)n5cnnc5)C[C@@H]2F,8.68
476,CHEMBL120055,Cc1ccccc1N2CCN(CC2)C(=O)COc3ccc4[nH]cc(CCN)c4c3,8.68
477,CHEMBL417650,CCCCCCCNC1CCC(=CC1)c2c[nH]c3ccc(cc23)C(=O)N,8.7
478,CHEMBL70680,CCCN(CCCc1ccccc1)C2CCc3ccc4[nH]cc(C=O)c4c3C2,8.7
479,CHEMBL72062,CCCN(CCc1cccs1)C2CCc3ccc4[nH]cc(C=O)c4c3C2,8.7
480,CHEMBL246599,CCCN1C(=O)COc2ccc(CN3CCN(CCOc4cccc5nc(C)ccc45)CC3)cc12,8.7
481,CHEMBL138872,CN(C)CCn1ccc2ccc(cc12)C3(O)CCSCC3,8.7
482,CHEMBL113868,CN1CCC[C@@H]1Cc2c[nH]c3ccc(cc23)C4=CCN(CC4)\C(=N\C5CCCCC5)\S,8.7
483,CHEMBL191971,CN1CCN(CC1)c2cc3N(CCc3cc2Cl)C(=O)Nc4ccc(c5ccncc5)c6ccccc46,8.7
484,CHEMBL352234,COc1cccc(c1)N2CCN(CC2)C(=O)COc3ccc4[nH]cc(CCN)c4c3,8.7
485,CHEMBL138989,C[C@@H]1C[C@@H](C)N1C(=O)[C@H]2CN(C)C3Cc4c[nH]c5cccc(C3=C2)c45,8.7
486,CHEMBL495895,Cc1ccc2c(OCCN3CCC(Cc4cccc(c4)N5CCCC5=O)CC3)cccc2n1,8.7
487,CHEMBL516997,Cc1ccc2c(OCCN3CCC(Cc4cccc(c4)c5cccnc5)CC3)cccc2n1,8.7
488,CHEMBL191605,Cc1ccc2c(OCCN3CCN(Cc4ccc(C)c(c4)[N+](=O)[O-])CC3)cccc2n1,8.7
489,CHEMBL248407,Cc1ccc2c(OCCN3CCN(Cc4ccc5OCC(=O)N(CCc6ccccc6)c5c4)CC3)cccc2n1,8.7
490,CHEMBL321818,Cc1ccccc1N2CCN(CC2)C(=O)COc3ccc4[nH]cc(CCN)c4c3.OC(=O)\C=C\C(=O)O,8.7
491,CHEMBL89007,Clc1ccc(NCCCNCC2CCc3ccccc3O2)nn1,8.7
492,CHEMBL293678,FC1(CCc2ccccc2)CCN(CCCc3c[nH]c4ccc(cc34)n5cnnc5)CC1,8.7
493,CHEMBL146285,CC(NC1CCN(CCCc2c[nH]c3ccc(cc23)n4cnnc4)CC1)c5ccc(F)cc5,8.72
494,CHEMBL128699,CN1CCN(CC1)c2cccc3ccc(OCC(=O)N4CCN(CC4)c5c(C)cc(C)cc5C)cc23,8.72
495,CHEMBL1203216,O.Cl.CN(C)S(=O)(=O)Nc1ccc(cc1)N2CCN(CC2)C(=O)COc3ccc4[nH]cc(CCN)c4c3,8.72
496,CHEMBL333089,CC(=O)Nc1cccc(CCN2CCN(CCCc3c[nH]c4ccc(cc34)n5cnnc5)CC2)c1,8.75
497,CHEMBL65215,CC(CN1CCN(CC(F)(F)Cc2c[nH]c3ccc(cc23)n4cnnc4)CC1)c5ccc(F)cc5,8.75
498,CHEMBL115352,CN(CC(C)(C)C)CC1(O)CCN(CCCc2c[nH]c3ccc(cc23)n4cnnc4)CC1,8.75
499,CHEMBL148233,CN(CC=C(C)C)C1CCN(CCCc2c[nH]c3ccc(cc23)n4cnnc4)CC1,8.75
500,CHEMBL369798,COC[C@@H]1CCCN1CCc2c[nH]c3ccc(cc23)c4cccs4,8.75
501,CHEMBL120480,CS(=O)(=O)NCc1ccccc1N2CCN(CC2)C(=O)COc3ccc4[nH]cc(CCN)c4c3,8.75
502,CHEMBL3706925,C[C@H]1CN(CCN1CC[C@H]2OCc3cc(ccc23)C(=O)N)c4cccc5cc(ccc45)C#N,8.75
503,CHEMBL304197,OC(CN1CCN(Cc2ccccc2)CC1)Cc3c[nH]c4ccc(cc34)n5cnnc5,8.75
504,CHEMBL358072,C(CN1CCC(CNc2ccccn2)CC1)Cc3c[nH]c4ccc(cc34)n5cnnc5,8.77
505,CHEMBL350153,CN(C[C@@H]1CCN(CCc2c[nH]c3ccc(C[C@H]4COC(=O)N4C)cc23)C1)Cc5ccccc5,8.77
506,CHEMBL502138,CN1CCC(CC1)c2c[nH]c3ccc(NC(=O)CCCCCCCCCCCCC(=O)Nc4ccc5[nH]cc(C6CCN(C)CC6)c5c4)cc23,8.77
507,CHEMBL30831,CN1CCN(CC1)c2cccc3ccc(OCCOc4ccc5cccc(N6CCN(C)CC6)c5c4)cc23,8.77
508,CHEMBL334193,NCCc1c[nH]c2ccc(OCC(=O)N3CCN(CC3)c4ccc(NC(=O)c5ccccc5)cc4)cc12,8.77
509,CHEMBL151502,NCCc1c[nH]c2ccc(cc12)C3CCCC3,8.77
510,CHEMBL355517,NCCc1c[nH]c2ccc(cc12)c3cccs3,8.77
511,CHEMBL118012,OC[C@H](NC1CCN(CCCc2c[nH]c3ccc(cc23)n4cnnc4)CC1)c5ccccc5,8.77
512,CHEMBL164413,C(CN1CCN(Cc2ncc[nH]2)CC1)Cc3c[nH]c4ccc(cc34)n5cnnc5,8.8
513,CHEMBL422243,C(CNCC1CCc2ccccc2O1)CNc3ncccn3,8.8
514,CHEMBL159819,C(Cc1c[nH]c2ccc(cc12)n3cnnc3)N4CC[C@H](CNCc5ccccc5)C4,8.8
515,CHEMBL326667,CCCCCCCCOc1ccc2[nH]cc(CCN)c2c1,8.8
516,CHEMBL497127,CCN(C(=O)C)c1cccc(CC2CCN(CCOc3cccc4nc(C)ccc34)CC2)c1,8.8
517,CHEMBL246598,CCN1C(=O)COc2ccc(CC3CCN(CCOc4cccc5nc(C)ccc45)CC3)cc12,8.8
518,CHEMBL1744040,CN(C)[C@@H]1CCc2ccc3[nH]cc(C=O)c3c2C1,8.8
519,CHEMBL145982,CN(CC1CCN(CCCc2c[nH]c3ccc(cc23)n4cnnc4)CC1)S(=O)(=O)c5ccccc5,8.8
520,CHEMBL495046,CN(c1cccc(CC2CCN(CCOc3cccc4nc(C)ccc34)CC2)c1)S(=O)(=O)C,8.8
521,CHEMBL513955,C[C@@H]1CN(C[C@H](C)O1)c2cccc(CC3CCN(CCOc4cccc5nc(C)ccc45)CC3)c2,8.8
522,CHEMBL495703,C[C@H]1CN(CCN1CCc2ccc3OCC(=O)Nc3c2)c4cccc5nc(C)ccc45,8.8
523,CHEMBL183460,Cc1ccc2c(OCCN3CCC(Cc4ccc5OCC(=O)Nc5c4)CC3)cccc2n1,8.8
524,CHEMBL522708,Cc1ccc2c(OCCN3CCC(Cc4cccc(c4)N5CCCS5(=O)=O)CC3)cccc2n1,8.8
525,CHEMBL191895,Cc1ccc2c(OCCN3CCN(Cc4ccc(O)c(N)c4)CC3)cccc2n1,8.8
526,CHEMBL1631544,Cc1ccc2c(cccc2n1)N3CCN(CCc4cccc(c4)N5C(=O)CCC5=O)CC3,8.8
527,CHEMBL349041,C(Cc1c[nH]c2ccc(cc12)n3cnnc3)N4CC[C@@H](CNCc5occc5)C4,8.82
528,CHEMBL111376,CCCCCOc1ccc2[nH]cc(CCN)c2c1,8.82
529,CHEMBL147818,CN(C)C[C@H](NC1CCN(CCCc2c[nH]c3ccc(cc23)n4cnnc4)CC1)c5ccccc5,8.82
530,CHEMBL357634,CN(C1CCN(CCCc2c[nH]c3ccc(cc23)n4cnnc4)CC1)S(=O)(=O)c5ccccc5,8.82
531,CHEMBL146338,C[C@@H](NCC1CCN(CCCc2c[nH]c3ccc(cc23)n4cnnc4)CC1)c5ccc(NC(=O)C)cc5,8.82
532,CHEMBL448555,Fc1ccc(cc1)C(=O)Nc2ccc3[nH]cc(C4CCN(CCOCCOCCN5CCC(CC5)c6c[nH]c7ccc(NC(=O)c8ccc(F)cc8)cc67)CC4)c3c2,8.82
533,CHEMBL162463,C(CN1CCN(CC1)c2ccccc2)Cc3c[nH]c4ccc(cc34)n5cnnc5,8.85
534,CHEMBL117633,C(CN1CCN(CCc2ccccc2)CC1)Cc3c[nH]c4ccc(cc34)n5cnnc5,8.85
535,CHEMBL343492,CN(C)CCn1ccc2ccc(cc12)c3cccnc3,8.85
536,CHEMBL374973,CN1CCC(CC1)c2c[nH]c3ccc(NC(=O)CCCCCCCCCCCC(=O)Nc4ccc5[nH]cc(C6CCN(C)CC6)c5c4)cc23,8.85
537,CHEMBL343217,COC[C@H](NC1CCN(CCCc2c[nH]c3ccc(cc23)n4cnnc4)CC1)c5ccc(F)cc5,8.85
538,CHEMBL331037,CS(=O)(=O)Nc1ccc(cc1)N2CCN(CC2)C(=O)CCCCCOc3ccc4[nH]cc(CCN)c4c3,8.85
539,CHEMBL343648,C[C@@H](NCC1CCN(CCCc2c[nH]c3ccc(cc23)n4cnnc4)CC1)c5ccccc5,8.85
540,CHEMBL116314,NCCc1c[nH]c2ccc(OCCCCC(=O)N3CCN(CC3)c4ccc(N)cc4)cc12,8.85
541,CHEMBL351303,OC[C@@H](NC[C@@H]1CCN(CCc2c[nH]c3ccc(cc23)n4cnnc4)C1)c5ccccc5,8.85
542,CHEMBL88893,OC[C@H](NC1CCN(CC(F)Cc2c[nH]c3ccc(cc23)n4cnnc4)CC1)c5ccc(F)cc5,8.85
543,CHEMBL115989,CN(CC1CC1)CC2(O)CCN(CCCc3c[nH]c4ccc(cc34)n5cnnc5)CC2,8.87
544,CHEMBL356808,C(CN1CCC(CNC2CCc3ccccc23)CC1)Cc4c[nH]c5ccc(cc45)n6cnnc6,8.89
545,CHEMBL119785,CC(=O)Nc1ccc(CCN2CCN(CCCc3c[nH]c4ccc(cc34)n5cnnc5)CC2)cc1,8.89
546,CHEMBL114303,CN(Cc1ccccc1C)CC2(O)CCN(CCCc3c[nH]c4ccc(cc34)n5cnnc5)CC2,8.89
547,CHEMBL75642,CN1CCC[C@@H]1Cc2c[nH]c3ccc(cc23)n4cnc5cc(ccc45)C#N,8.89
548,CHEMBL498355,CC(C)C(=O)Nc1cccc(CC2CCN(CCOc3cccc4nc(C)ccc34)CC2)c1,8.9
549,CHEMBL443060,CCN1C(=O)COc2ccc(CN3CCN(CCOc4cccc5nc(C)ccc45)CC3)c(F)c12,8.9
550,CHEMBL498356,CN(C(=O)C)c1cccc(CC2CCN(CCOc3cccc4nc(C)ccc34)CC2)c1,8.9
551,CHEMBL380812,CN1CCN(CC1)c2nccc3cc4CCN(C(=O)c5cnn6ccccc56)c4cc23,8.9
552,CHEMBL459067,Cc1ccc2c(OCCN3CCC(Cc4cccc(c4)C5CCNCC5)CC3)cccc2n1,8.9
553,CHEMBL285402,CN1CCN(CC1)c2cccc3ccc(OCC(=O)N4CCN(CC4)C(=O)COc5ccc6cccc(N7CCN(C)CC7)c6c5)cc23,8.91
554,CHEMBL111899,CN(CC1CCCCC1)CC2(O)CCN(CCCc3c[nH]c4ccc(cc34)n5cnnc5)CC2,8.92
555,CHEMBL114877,CN(Cc1ccccc1)CC2(O)CCN(CCCc3c[nH]c4ccc(cc34)n5cnnc5)CC2,8.92
556,CHEMBL84712,CN1[C@@H](Cc2c[nH]c3ccc(cc23)n4cnnc4)C[C@@H]5CN(CCc6cccc(F)c6)C[C@H]15,8.92
557,CHEMBL421064,NCCc1c[nH]c2ccc(OCC(=O)N3CCN(CC3)c4ccccc4)cc12,8.92
558,CHEMBL164111,C(CN1CCN(Cc2cocc2)CC1)Cc3c[nH]c4ccc(cc34)n5cnnc5,8.96
559,CHEMBL161045,C(Cc1c[nH]c2ccc(cc12)n3cnnc3)N4CCC4,8.96
560,CHEMBL423599,CC(=O)N(C[C@@H]1CCN(CCc2c[nH]c3ccc(cc23)n4cnnc4)C1)Cc5ccccc5,8.96
561,CHEMBL308042,CC(C)c1cc(C)c(CC2=NCCN2)c(C)c1,8.96
562,CHEMBL150798,CC(C)c1ccc2[nH]cc(CCN)c2c1,8.96
563,CHEMBL161780,CNS(=O)(=O)Cc1ccc2[nH]cc(CCN3CC[C@@H](CNCc4ccccc4)C3)c2c1,8.96
564,CHEMBL164046,CC(C)(NC[C@@H]1CCN(CCc2c[nH]c3ccc(cc23)n4cnnc4)C1)c5ccccc5,9.0
565,CHEMBL64004,CC(CN1CCN(CC(F)Cc2c[nH]c3ccc(cc23)n4cnnc4)CC1)c5ccc(F)cc5,9.0
566,CHEMBL304833,CC(CN1CCN(CC(F)Cc2c[nH]c3ccc(cc23)n4cnnc4)CC1)c5ccccc5F,9.0
567,CHEMBL351346,CC(N1CCN(CCCc2c[nH]c3ccc(cc23)n4cnnc4)CC1)c5ccccc5,9.0
568,CHEMBL248458,CCN1C(=O)COc2ccc(CN3CCN(CCOc4cccc5nc(C)ccc45)CC3)cc12,9.0
569,CHEMBL197947,CCc1c(cnn1c2ccc(cc2)C#N)C(=O)N3CCc4cc5ccnc(N6CCN7CCC[C@@H]7C6)c5cc34,9.0
570,CHEMBL164035,CN(C)C(=O)C(N1CCN(CCCc2c[nH]c3ccc(cc23)n4cnnc4)CC1)c5ccccc5,9.0
571,CHEMBL496098,CN(C)CC(=O)Nc1cccc(CC2CCN(CCOc3cccc4nc(C)ccc34)CC2)c1,9.0
572,CHEMBL1290716,CN1C(=O)C=Cc2c(CCN3CCN(CC3)c4cccc5nc(C)ccc45)cccc12,9.0
573,CHEMBL143947,C[C@@H](O)[C@H](NC1CCN(CCCc2c[nH]c3ccc(cc23)n4cnnc4)CC1)c5ccccc5,9.0
574,CHEMBL457982,C[C@@H]1CN([C@@H](C)CN1)c2cccc(CC3CCN(CCOc4cccc5nc(C)ccc45)CC3)c2,9.0
575,CHEMBL518545,C[C@H]1CN(CCN1)c2cccc(CC3CCN(CCOc4cccc5nc(C)ccc45)CC3)c2,9.0
576,CHEMBL459061,Cc1ccc2c(OCCN3CCC(Cc4cccc(c4)N5CCCCC5)CC3)cccc2n1,9.0
577,CHEMBL462916,Cc1ccc2c(OCCN3CCC(Cc4cccc(c4)c5ccncc5)CC3)cccc2n1,9.0
578,CHEMBL494631,Cc1ccc2c(OCCN3CCN(Cc4ccccc4)CC3)cccc2n1,9.0
579,CHEMBL294732,FC1(Cc2ccccc2)CCN(CCCc3c[nH]c4ccc(cc34)n5cnnc5)CC1,9.0
580,CHEMBL293614,Fc1ccc(CCC2(F)CCN(CCCc3c[nH]c4ccc(cc34)n5cnnc5)CC2)cc1,9.0
581,CHEMBL119668,Fc1ccc(CCN2CCN(CCCc3c[nH]c4ccc(cc34)n5cnnc5)CC2)cc1F,9.0
582,CHEMBL505750,Fc1ccc(cc1)C(=O)Nc2ccc3[nH]cc(C4CCN(CCCCCCCCCN5CCC(CC5)c6c[nH]c7ccc(NC(=O)c8ccc(F)cc8)cc67)CC4)c3c2,9.0
583,CHEMBL391273,NC(=O)c1ccc2[C@H](CCN3CCN(CC3)c4cccc5cc(ccc45)C#N)OCCc2c1,9.0
584,CHEMBL45929,CCc1ccc2[nH]cc(C[C@H]3CCCN3C)c2c1,9.01
585,CHEMBL333341,CN(CC1CCN(CCCc2c[nH]c3ccc(cc23)n4cnnc4)CC1)Cc5ccccc5,9.02
586,CHEMBL444404,CN1CCC(CC1)c2c[nH]c3ccc(NC(=O)CCCC(=O)Nc4ccc5[nH]cc(C6CCN(C)CC6)c5c4)cc23,9.02
587,CHEMBL452387,CN1CCC(CC1)c2c[nH]c3ccc(NC(=O)CCCCCCCCC(=O)Nc4ccc5[nH]cc(C6CCN(C)CC6)c5c4)cc23,9.02
588,CHEMBL432332,FC(CN1CCC(Cc2ccccc2)CC1)Cc3c[nH]c4ccc(cc34)n5cnnc5,9.02
589,CHEMBL160581,NCCc1c[nH]c2ccc(OCC(=O)N3CCN(CC3)c4cccc5ccccc45)cc12,9.02
590,CHEMBL119927,NCCc1c[nH]c2ccc(OCC(=O)N3CCN(CC3)c4ccccc4C#N)cc12,9.04
591,CHEMBL65321,CC(CN1CCN(CC(F)Cc2c[nH]c3ccc(cc23)n4cnnc4)CC1)c5cccc(F)c5,9.05
592,CHEMBL1788197,CCCN(CCCc1ccccc1)[C@@H]2CCc3ccc4[nH]cc(C=O)c4c3C2,9.05
593,CHEMBL158941,CN(C)CCc1c[nH]c2ccc(CS(=O)(=O)N(C)Cc3ccc(CN(C)S(=O)(=O)Cc4ccc5[nH]cc(CCN(C)C)c5c4)cc3)cc12,9.05
594,CHEMBL84070,CN(C[C@H]1C[C@H](Cc2c[nH]c3ccc(cc23)n4ccnc4)N(C)C1)Cc5ccccc5,9.05
595,CHEMBL448902,CN1CCC(CC1)c2c[nH]c3ccc(NC(=O)CCCCCCC(=O)Nc4ccc5[nH]cc(C6CCN(C)CC6)c5c4)cc23,9.05
596,CHEMBL446745,CN1CCC(CC1)c2c[nH]c3ccc(NC(=O)CCCCCCCCCC(=O)Nc4ccc5[nH]cc(C6CCN(C)CC6)c5c4)cc23,9.05
597,CHEMBL83426,CN1[C@@H](Cc2c[nH]c3ccc(cc23)n4cnnc4)C[C@@H]5CN(Cc6ccccc6)C[C@H]15,9.05
598,CHEMBL71838,CNC(=O)c1ccc2[C@H](CCN3CCN(CC3)c4ccc(OC)cc4)OCCc2c1,9.05
599,CHEMBL348962,CNCC(N1CCN(CCCc2c[nH]c3ccc(cc23)n4cnnc4)CC1)c5ccccc5,9.05
600,CHEMBL233210,C[C@H]1CN(CCN1CC[C@@H]2OCCc3cc(ccc23)C(=O)N)c4cccc5cc(ccc45)C#N,9.05
601,CHEMBL313714,OC[C@H](NC1CCN(CCCc2c[nH]c3ccc(cc23)n4cnnc4)CC1)c5ccc(F)cc5,9.05
602,CHEMBL323666,CN1CCC[C@@H]1Cc2c[nH]c3ccc(cc23)C4=CCN(CC4)S(=O)(=O)c5cccc6ccccc56,9.06
603,CHEMBL2112661,CN1CCN(CC1)c2cccc3ccc(OCC(=O)N4CCN(CC4)c5cccc6ccccc56)cc23,9.06
604,CHEMBL21862,NC(=O)c1ccc2[nH]cc(C3=CCC(CC3)NCCCCCCNC4CCC(=CC4)c5c[nH]c6ccc(cc56)C(=O)N)c2c1,9.08
605,CHEMBL334323,NCCc1c[nH]c2ccc(OCC(=O)N3CCN(CC3)c4ccc(cc4)[N+](=O)[O-])cc12,9.08
606,CHEMBL348304,C(Cc1c[nH]c2ccc(cc12)n3cnnc3)N4CCC[C@H]4COCc5ccccc5,9.09
607,CHEMBL162722,CC(CN1CCN(CCCc2c[nH]c3ccc(cc23)n4cnnc4)CC1)c5ccccc5,9.1
608,CHEMBL159683,CN(C[C@@H]1CCCN1CCc2c[nH]c3ccc(cc23)n4cnnc4)Cc5ccccc5,9.1
609,CHEMBL116876,CN1CCC[C@@H]1Cc2c[nH]c3ccc(cc23)C4=CCN(CC4)S(=O)(=O)c5ccc(C)cc5,9.1
610,CHEMBL194647,CN1CCN(CC1)c2nccc3cc4CCN(C(=O)c5ccc(cc5)C#N)c4cc23,9.1
611,CHEMBL82204,CN1[C@@H](Cc2c[nH]c3ccc(cc23)n4cnnc4)C[C@@H]5CN(Cc6ccc(F)cc6)C[C@H]15,9.1
612,CHEMBL88283,COc1cccc2CCC(CNCCCNC3=NCCCN3)Oc12,9.1
613,CHEMBL461670,C[C@@H]1CN(C[C@H](C)N1)c2cccc(CC3CCN(CCOc4cccc5nc(C)ccc45)CC3)c2,9.1
614,CHEMBL241503,Cc1ccc2c(OCCN3CCC(Cc4ccc5OCC(=O)Nc5c4F)CC3)cccc2n1,9.1
615,CHEMBL425190,Cc1ccc2c(OCCN3CCN(Cc4cccc5cccnc45)CC3)cccc2n1,9.1
616,CHEMBL115750,Fc1ccc(CCN2CCN(CCCc3c[nH]c4ccc(cc34)n5cnnc5)CC2)cc1,9.1
617,CHEMBL67460,Fc1ccccc1CCC2(F)CCN(CCCc3c[nH]c4ccc(cc34)n5cnnc5)CC2,9.1
618,CHEMBL434125,OC[C@H](NC1CCN(CCCc2c[nH]c3ccc(cc23)n4ccnc4)CC1)c5ccccc5,9.1
619,CHEMBL352159,S=C1CN(CCCc2c[nH]c3ccc(cc23)n4cnnc4)CCN1Cc5ccccc5,9.1
620,CHEMBL115941,COc1ccc(cc1)S(=O)(=O)N2CCC(=CC2)c3ccc4[nH]cc(C[C@H]5CCCN5C)c4c3,9.12
621,CHEMBL339308,COc1ccc(NC(=O)c2ccc(cc2)c3ccc(cc3C)C4=NC(C)ON4)cc1N5CCN(C)CC5,9.13
622,CHEMBL63799,Fc1cccc(CCC2(F)CCN(CCCc3c[nH]c4ccc(cc34)n5cnnc5)CC2)c1,9.13
623,CHEMBL161410,C[C@@H](NC[C@@H]1CCN(CCc2c[nH]c3ccc(cc23)n4cnnc4)C1)c5ccccc5,9.14
624,CHEMBL170192,CN(C)CCc1c[nH]c2ccc(cc12)c3cccs3,9.16
625,CHEMBL117579,CN(C[C@@H]1CCN(CCc2c[nH]c3ccc(cc23)n4cnnc4)C1)Cc5ccccc5,9.16
626,CHEMBL117397,CN1CCC[C@@H]1Cc2c[nH]c3ccc(cc23)C4=CCN(CC4)\C(=N\c5cccc6ccccc56)\S,9.16
627,CHEMBL340786,CN1CCN(CC1)c2cccc3ccc(OCC(=O)N4CCN(CC4)c5ccccc5C)cc23,9.16
628,CHEMBL85668,CN1[C@@H](Cc2c[nH]c3ccc(cc23)n4ccnc4)C[C@@H]5CN(Cc6ccccc6)C[C@H]15,9.16
629,CHEMBL129661,COc1ccc2ccc(cc2c1)N3CCNCC3,9.16
630,CHEMBL348864,C[C@H](N(C)C[C@@H]1CCN(CCc2c[nH]c3ccc(Cn4cncn4)cc23)C1)c5ccccc5,9.16
631,xylometazoline,Cc1cc(cc(C)c1CC2=NCCN2)C(C)(C)C,9.16
632,CHEMBL116153,Fc1cc(F)cc(CCN2CCN(CCCc3c[nH]c4ccc(cc34)n5cnnc5)CC2)c1,9.16
633,CHEMBL347665,N#Cc1ccc(CN2CCN(CCCc3c[nH]c4ccc(cc34)n5cnnc5)CC2)cc1,9.16
634,CHEMBL163386,OCC(N1CCN(CCCc2c[nH]c3ccc(cc23)n4cnnc4)CC1)c5ccccc5,9.16
635,CHEMBL334259,CN1CCC[C@@H]1Cc2c[nH]c3ccc(cc23)C4=CCN(CC4)\C(=N\c5ccccc5)\S,9.17
636,CHEMBL331819,CC(C)CN(C)CC1(O)CCN(CCCc2c[nH]c3ccc(cc23)n4cnnc4)CC1,9.19
637,CHEMBL116161,CC1(C)CCCN(CC2(O)CCN(CCCc3c[nH]c4ccc(cc34)n5cnnc5)CC2)C1,9.19
638,CHEMBL498354,CCC(=O)Nc1cccc(CC2CCN(CCOc3cccc4nc(C)ccc34)CC2)c1,9.2
639,CHEMBL1631548,CCCS(=O)(=O)Nc1cccc(CCN2CCN(CC2)c3cccc4nc(C)ccc34)c1,9.2
640,CHEMBL372743,CCc1c(cnn1c2ccc(cc2)C#N)C(=O)N3CCc4cc5ccnc(N6CCN(C)CC6)c5cc34,9.2
641,CHEMBL514429,CN1CCCN(CC1)c2cccc(CC3CCN(CCOc4cccc5nc(C)ccc45)CC3)c2,9.2
642,CHEMBL198975,CN1CCN(CC1)c2nccc3cc4CCN(C(=O)c5cnn(c5C)c6ccccc6)c4cc23,9.2
643,CHEMBL1632214,COc1ccccc1C(=O)Nc2cccc(CCN3CCN(CC3)c4cccc5nc(C)ccc45)c2,9.2
644,CHEMBL517170,C[C@@H]1CN(CCN1)c2cccc(CC3CCN(CCOc4cccc5nc(C)ccc45)CC3)c2,9.2
645,CHEMBL1631536,Cc1ccc2c(cccc2n1)N3CCN(CCc4cccc(NC(=O)Nc5cccc(F)c5)c4)CC3,9.2
646,CHEMBL338015,COc1cccc(N2CCN(CC2)C(=O)COc3ccc4cccc(N5CCN(C)CC5)c4c3)c1OC,9.21
647,CHEMBL159396,C(CN1CCN(CC1)c2ncccn2)Cc3c[nH]c4ccc(cc34)n5cnnc5,9.22
648,CHEMBL162858,C(CN1CCN(Cc2ccncc2)CC1)Cc3c[nH]c4ccc(cc34)n5cnnc5,9.22
649,CHEMBL420965,C(Cc1c[nH]c2ccc(cc12)n3cnnc3)N4CC[C@@H](CNCc5ccccc5)C4,9.22
650,CHEMBL444341,CC(C)(C)c1ccc2[nH]cc(CCN)c2c1,9.22
651,CHEMBL67684,CC(CC1(F)CCN(CCCc2c[nH]c3ccc(cc23)n4cnnc4)CC1)c5ccccc5,9.22
652,CHEMBL500737,Fc1ccc(cc1)C(=O)Nc2ccc3[nH]cc(C4CCN(CCCCCCN5CCC(CC5)c6c[nH]c7ccc(NC(=O)c8ccc(F)cc8)cc67)CC4)c3c2,9.22
653,CHEMBL292779,Fc1cccc(CCN2CCN(CCCc3c[nH]c4ccc(cc34)n5cnnc5)CC2)c1,9.22
654,CHEMBL116031,Fc1ccccc1CCN2CCN(CCCc3c[nH]c4ccc(cc34)n5cnnc5)CC2,9.22
655,CHEMBL332142,NCCc1c[nH]c2ccc(OCC(=O)N3CCN(CC3)c4ccccc4[N+](=O)[O-])cc12,9.24
656,CHEMBL115663,CN1CCC[C@@H]1Cc2c[nH]c3ccc(cc23)C4=CCN(CC4)\C(=N\c5ccc(Cl)cc5)\S,9.25
657,CHEMBL2112662,CN1CCN(CC1)c2cccc3ccc(OCC(=O)N4CCN(Cc5ccccc5C)CC4)cc23,9.26
658,CHEMBL472117,FC(F)(F)c1nc2c(cccc2[nH]1)N3CCN(CCOc4cccc5nc([nH]c45)C(F)(F)F)CC3,9.26
659,CHEMBL2112660,CN1CCN(CC1)c2cccc3ccc(OCC(=O)N4CCN(CC4)c5ccccc5C#N)cc23,9.29
660,CHEMBL525712,CC(=O)Nc1cccc(CC2CCN(CCOc3cccc4nc(C)ccc34)CC2)c1,9.3
661,CHEMBL494806,CC(=O)Nc1cccc(CN2CCN(CCOc3cccc4nc(C)ccc34)CC2)c1,9.3
662,CHEMBL171129,CN(C)CCc1c[nH]c2ccc(cc12)c3ccsc3,9.3
663,CHEMBL247609,CN1C(=O)COc2ccc(CN3CCN(CCOc4cccc5nc(C)ccc45)CC3)c(F)c12,9.3
664,CHEMBL399719,CN1C(=O)COc2ccc(CN3CCN(CCOc4cccc5nc(C)ccc45)CC3)cc12,9.3
665,CHEMBL458199,CN1CCN(CC1)c2cccc(CC3CCN(CCOc4cccc5nc(C)ccc45)CC3)c2,9.3
666,CHEMBL282950,CN1CCN(CC1)c2cccc3ccc(OCC(=O)Nc4ccc(NC(=O)COc5ccc6[nH]cc(CCN)c6c5)cc4)cc23,9.3
667,CHEMBL370852,CN1CCN(CC1)c2nccc3cc4CCN(C(=O)c5ccc(Cl)cc5)c4cc23,9.3
668,CHEMBL199088,CN1CCN(CC1)c2nccc3cc4CCN(C(=O)c5ccc(nc5)C(F)(F)F)c4cc23,9.3
669,CHEMBL1632216,COc1ccc(cc1)C(=O)Nc2cccc(CCN3CCN(CC3)c4cccc5nc(C)ccc45)c2,9.3
670,CHEMBL521873,C[C@@H]1CN(CCN1CCc2ccc3OCC(=O)Nc3c2)c4cccc5nc(C)ccc45,9.3
671,CHEMBL497963,Cc1ccc2c(OCCN3CCC(Cc4cccc(NS(=O)(=O)C)c4)CC3)cccc2n1,9.3
672,CHEMBL490417,Cc1ccc2c(cccc2n1)N3CCN(CCc4ccc5OCC(=O)Nc5c4)CC3,9.3
673,CHEMBL1631534,Cc1ccc2c(cccc2n1)N3CCN(CCc4cccc(N)c4)CC3,9.3
674,CHEMBL1631537,Cc1ccc2c(cccc2n1)N3CCN(CCc4cccc(NC(=O)Nc5ccc(F)cc5)c4)CC3,9.3
675,CHEMBL161696,Clc1ccc(CN2CCN(CCCc3c[nH]c4ccc(cc34)n5cnnc5)CC2)cc1,9.3
676,CHEMBL121207,NCCc1c[nH]c2ccc(OCCCCCC(=O)N3CCN(CC3)c4ccc(cc4)[N+](=O)[O-])cc12,9.33
677,CHEMBL113994,COc1ccc(NC(=S)N2CCC(=CC2)c3ccc4[nH]cc(C[C@H]5CCCN5C)c4c3)cc1,9.34
678,CHEMBL349185,C(Cc1c[nH]c2ccc(cc12)n3cnnc3)N4CC[C@@H](CNCc5cocc5)C4,9.35
679,CHEMBL113893,CN1CCC[C@@H]1Cc2c[nH]c3ccc(cc23)C4=CCN(CC4)C(=O)Nc5cccc6ccccc56,9.35
680,CHEMBL325175,CN1CCC[C@@H]1Cc2c[nH]c3ccc(cc23)C4=CCN(CC4)C(=O)Nc5ccccc5,9.35
681,CHEMBL129813,CN1CCN(CC1)c2cccc3ccc(OCC(=O)N4CCN(CC4)c5cccc6OCCOc56)cc23,9.35
682,CHEMBL357034,CNCCc1c[nH]c2ccc(cc12)C(C)(C)C,9.35
683,CHEMBL159759,C[C@H](NC[C@@H]1CCN(CCc2c[nH]c3ccc(cc23)n4cnnc4)C1)c5ccccc5,9.35
684,CHEMBL301757,Cn1cc(CCN)c2cc(ccc12)C(C)(C)C,9.35
685,CHEMBL326125,OC1(CNCc2ccccc2)CCN(CCCc3c[nH]c4ccc(cc34)n5cnnc5)CC1,9.35
686,CHEMBL423029,CN(C)CCc1c[nH]c2ccc(cc12)C(C)(C)C,9.36
687,CHEMBL431866,COc1ccc(NC(=O)N2CCC(=CC2)c3ccc4[nH]cc(C[C@H]5CCCN5C)c4c3)cc1,9.38
688,CHEMBL163573,C(CN1CCN(Cc2ccccn2)CC1)Cc3c[nH]c4ccc(cc34)n5cnnc5,9.4
689,CHEMBL162805,C(CN1CCN(Cc2occc2)CC1)Cc3c[nH]c4ccc(cc34)n5cnnc5,9.4
690,CHEMBL495213,CC(C)S(=O)(=O)Nc1cccc(CC2CCN(CCOc3cccc4nc(C)ccc34)CC2)c1,9.4
691,CHEMBL300519,CC(C)c1ccc2[nH]cc(CCN(C)C)c2c1,9.4
692,CHEMBL489393,CCN1C(=O)COc2ccc(CCN3CCN(CC3)c4cccc5nc(C)ccc45)cc12,9.4
693,CHEMBL247428,CN1C(=O)COc2c(F)cc(CN3CCN(CCOc4cccc5nc(C)ccc45)CC3)cc12,9.4
694,CHEMBL31217,CN1CCN(CC1)c2cccc3ccc(OCCOc4ccc5[nH]cc(CCN)c5c4)cc23,9.4
695,CHEMBL484260,Cc1cc(N2CCN(CCc3ccc4OCC(=O)Nc4c3)CC2)c5ccc(C)nc5c1,9.4
696,oxymetazoline,CC1=CC(=C(O)C(C)=C1CC1=NCCN1)C(C)(C)C,9.4
697,CHEMBL241463,Cc1ccc2c(OCCN3CCC(Cc4cc(F)c5OCC(=O)Nc5c4)CC3)cccc2n1,9.4
698,CHEMBL496520,Cc1ccc2c(cccc2n1)N3CCN(CCc4ccc5OCC(=O)Nc5c4F)CC3,9.4
699,CHEMBL1632213,Cc1ccc2c(cccc2n1)N3CCN(CCc4cccc(NC(=O)c5ccc(F)cc5)c4)CC3,9.4
700,CHEMBL1632218,Cc1ccc2c(cccc2n1)N3CCN(CCc4cccc(NC(=O)c5csc(C)n5)c4)CC3,9.4
701,CHEMBL65765,Fc1cccc(CC2(F)CCN(CCCc3c[nH]c4ccc(cc34)n5cnnc5)CC2)c1,9.4
702,CHEMBL114780,CN1CCC[C@@H]1Cc2c[nH]c3ccc(cc23)C4=CCN(CC4)C(=O)Nc5ccc(Cl)cc5,9.42
703,CHEMBL113950,CN1CCC[C@@H]1Cc2c[nH]c3ccc(cc23)C4=CCN(CC4)\C(=N\c5ccc(C)cc5)\S,9.42
704,CHEMBL120514,NCCc1c[nH]c2ccc(OCCCCCC(=O)N3CCN(CC3)c4ccc(N)cc4)cc12,9.42
705,CHEMBL294547,C(CN1CCC(Cc2ccccc2)CC1)Cc3c[nH]c4ccc(cc34)n5cnnc5,9.46
706,CHEMBL159483,O=C1N[C@@H](Cc2ccc3[nH]cc(CCN4CC[C@@H](CNCc5ccccc5)C4)c3c2)CO1,9.46
707,prazosin,COc1cc2nc(nc(N)c2cc1OC)N3CCN(CC3)C(=O)c4occc4,9.48
708,CHEMBL22960,NC(=O)c1ccc2[nH]cc(C3=CCC(CC3)NCCCCCCCCCCCCNC4CCC(=CC4)c5c[nH]c6ccc(cc56)C(=O)N)c2c1,9.48
709,CHEMBL495705,CC1CN(CCc2ccc3OCC(=O)Nc3c2)CCN1c4cccc5nc(C)ccc45,9.5
710,CHEMBL89878,CCc1ccc2CCC(CNCCCNC3=NCCCN3)Oc2c1,9.5
711,CHEMBL1631539,CN(C(=O)C)c1cccc(CCN2CCN(CC2)c3cccc4nc(C)ccc34)c1,9.5
712,CHEMBL506942,CN(C(=O)C)c1cccc(CN2CCN(CCOc3cccc4nc(C)ccc34)CC2)c1,9.5
713,CHEMBL522257,CN1C(=O)COc2ccc(CCN3CCN(CC3)c4cccc5nc(C)ccc45)cc12,9.5
714,CHEMBL497979,Cc1ccc2c(ccc(F)c2n1)N3CCN(CCc4ccc5OCC(=O)Nc5c4)CC3,9.5
715,CHEMBL1632209,Cc1ccc2c(cccc2n1)N3CCN(CCc4cccc(NC(=O)C(C)(C)C)c4)CC3,9.5
716,CHEMBL1632223,Cc1ccc2c(cccc2n1)N3CCN(CCc4cccc(NC(=O)Nc5ccccc5)c4)CC3,9.5
717,CHEMBL1632212,Cc1ccc2c(cccc2n1)N3CCN(CCc4cccc(NC(=O)c5cccc(F)c5)c4)CC3,9.5
718,CHEMBL1632210,Cc1ccc2c(cccc2n1)N3CCN(CCc4cccc(NC(=O)c5ccccc5)c4)CC3,9.5
719,CHEMBL1631541,Cc1ccc2c(cccc2n1)N3CCN(CCc4cccc(c4)N5CCCNC5=O)CC3,9.5
720,CHEMBL489195,Cc1ncc2c(cccc2n1)N3CCN(CCc4ccc5OCC(=O)Nc5c4)CC3,9.5
721,CHEMBL114571,CN1CCC[C@@H]1Cc2c[nH]c3ccc(cc23)C4=CCN(CC4)C(=O)Nc5ccc(C)cc5,9.51
722,CHEMBL422366,C(CN1CCN(Cc2cccnc2)CC1)Cc3c[nH]c4ccc(cc34)n5cnnc5,9.52
723,CHEMBL296161,CN(C)CCc1c[nH]c2ccc(cc12)n3cnnc3,9.52
724,CHEMBL344127,COc1ccc(CNC(=O)\C=C\c2ccc3[nH]cc(CCN(C)C)c3c2)cc1,9.52
725,CHEMBL160070,C[C@H](NC[C@@H]1CCN(CCc2c[nH]c3ccc(C[C@H]4COC(=O)N4)cc23)C1)c5ccccc5,9.52
726,CHEMBL366322,Cc1cc(cc(C)c1NC2=NCCN2)C(C)(C)C,9.52
727,CHEMBL63167,FC(F)(F)c1ccccc1CC2(F)CCN(CCCc3c[nH]c4ccc(cc34)n5cnnc5)CC2,9.52
728,CHEMBL503468,Fc1ccc(cc1)C(=O)Nc2ccc3[nH]cc(C4CCN(CCCCCCCN5CCC(CC5)c6c[nH]c7ccc(NC(=O)c8ccc(F)cc8)cc67)CC4)c3c2,9.52
729,CHEMBL44054,CC(C)c1ccc2[nH]cc(C[C@H]3CCCN3C)c2c1,9.54
730,CHEMBL1632206,CC(=O)Nc1cccc(CCN2CCN(CC2)c3cccc4nc(C)ccc34)c1,9.6
731,CHEMBL525362,CCNC(=O)Nc1cccc(CC2CCN(CCOc3cccc4nc(C)ccc34)CC2)c1,9.6
732,CHEMBL49826,CN1CCC[C@@H]1Cc2c[nH]c3ccc(cc23)C(C)(C)C,9.6
733,CHEMBL1631532,COC(=O)Nc1cccc(CCN2CCN(CC2)c3cccc4nc(C)ccc34)c1,9.6
734,CHEMBL190298,Cc1ccc2c(OCCN3CCN(Cc4cccc5[nH]cnc45)CC3)cccc2n1,9.6
735,CHEMBL496317,Cc1ccc2c(cccc2n1)N3CCN(CCc4cc5NC(=O)COc5cc4F)CC3,9.6
736,CHEMBL1632222,Cc1ccc2c(cccc2n1)N3CCN(CCc4cccc(NC(=O)NC(C)(C)C)c4)CC3,9.6
737,CHEMBL1632211,Cc1ccc2c(cccc2n1)N3CCN(CCc4cccc(NC(=O)c5ccccc5F)c4)CC3,9.6
738,CHEMBL1632219,Cc1ccc2c(cccc2n1)N3CCN(CCc4cccc(NC(=O)c5scnc5C)c4)CC3,9.6
739,CHEMBL1631543,Cc1ccc2c(cccc2n1)N3CCN(CCc4cccc(c4)N5CCCOC5=O)CC3,9.6
740,CHEMBL523095,O=C1COc2ccc(CCN3CCN(CC3)c4cccc5cccnc45)cc2N1,9.6
741,CHEMBL490211,O=C1COc2ccc(CCN3CCN(CC3)c4nccc5ccccc45)cc2N1,9.6
742,CHEMBL65367,C(CN1CCN(Cc2ccccc2)CC1)Cc3c[nH]c4ccc(cc34)n5cnnc5,9.7
743,CHEMBL161176,CC(=O)Nc1cccc(CN2CCN(CCCc3c[nH]c4ccc(cc34)n5cnnc5)CC2)c1,9.7
744,CHEMBL1632207,CCC(=O)Nc1cccc(CCN2CCN(CC2)c3cccc4nc(C)ccc34)c1,9.7
745,CHEMBL459282,CN1CCC(CC1)c2cccc(CC3CCN(CCOc4cccc5nc(C)ccc45)CC3)c2,9.7
746,CHEMBL444398,Cc1cc2c(cccc2[nH]1)N3CCN(CCc4ccc5OCC(=O)Nc5c4)CC3,9.7
747,CHEMBL485491,Cc1ccc2c(cc(F)cc2n1)N3CCN(CCc4ccc5OCC(=O)Nc5c4)CC3,9.7
748,CHEMBL497980,Cc1ccc2c(ccc(Cl)c2n1)N3CCN(CCc4ccc5OCC(=O)Nc5c4)CC3,9.7
749,CHEMBL489394,Cc1ccc2c(cccc2n1)N3CCN(CCc4cc(F)c5OCC(=O)Nc5c4)CC3,9.7
750,CHEMBL1631533,Cc1ccc2c(cccc2n1)N3CCN(CCc4cccc(NC(=O)Nc5ccccc5F)c4)CC3,9.7
751,CHEMBL1632217,Cc1ccc2c(cccc2n1)N3CCN(CCc4cccc(NC(=O)c5cnccn5)c4)CC3,9.7
752,CHEMBL1631540,Cc1ccc2c(cccc2n1)N3CCN(CCc4cccc(c4)N5CCNC5=O)CC3,9.7
753,CHEMBL1632208,CC(C)C(=O)Nc1cccc(CCN2CCN(CC2)c3cccc4nc(C)ccc34)c1,9.8
754,CHEMBL491839,CC1(C)Cc2cccc(N3CCN(CCc4ccc5OCC(=O)Nc5c4)CC3)c2O1,9.8
755,CHEMBL1632221,CCCNC(=O)Nc1cccc(CCN2CCN(CC2)c3cccc4nc(C)ccc34)c1,9.8
756,CHEMBL1632220,CCNC(=O)Nc1cccc(CCN2CCN(CC2)c3cccc4nc(C)ccc34)c1,9.8
757,CHEMBL1632215,COc1cccc(c1)C(=O)Nc2cccc(CCN3CCN(CC3)c4cccc5nc(C)ccc45)c2,9.8
758,CHEMBL521506,Cc1ccc2c(cc(Cl)cc2n1)N3CCN(CCc4ccc5OCC(=O)Nc5c4)CC3,9.8
759,CHEMBL1631542,Cc1ccc2c(cccc2n1)N3CCN(CCc4cccc(c4)N5CCOC5=O)CC3,9.8
760,CHEMBL1631545,Cc1ccc2c(cccc2n1)N3CCN(CCc4cccc(c4)n5cccn5)CC3,9.8
761,CHEMBL1631538,CCOC(=O)Nc1cccc(CCN2CCN(CC2)c3cccc4nc(C)ccc34)c1,9.9
762,CHEMBL1631535,Cc1ccc2c(cccc2n1)N3CCN(CCc4cccc(NS(=O)(=O)C)c4)CC3,9.9
763,CHEMBL22961,NC(=O)c1ccc2[nH]cc(C3=CCC(CC3)NCCCCCCCCNC4CCC(=CC4)c5c[nH]c6ccc(cc56)C(=O)N)c2c1,9.96
764,CHEMBL144030,NCCc1c[nH]c2ccc(OCc3ccc(COc4ccc5[nH]cc(CCN)c5c4)cc3)cc12,9.96
765,CHEMBL1241913,Cc1ccc2c(cccc2n1)N3CCN(CCc4cccc5c4OCc6c(ncn56)C(=O)N)CC3,10.0
766,CHEMBL161723,Fc1ccc(CN2CCN(CCCc3c[nH]c4ccc(cc34)n5cnnc5)CC2)cc1,10.0
767,CHEMBL65824,Fc1ccccc1CC2(F)CCN(CCCc3c[nH]c4ccc(cc34)n5cnnc5)CC2,10.0
768,CHEMBL112507,OC1(Cc2ccccc2)CCN(CCCc3c[nH]c4ccc(cc34)n5cnnc5)CC1,10.0
769,CHEMBL22744,NC(=O)c1ccc2[nH]cc(C3=CCC(CC3)NCCCCCCCNC4CCC(=CC4)c5c[nH]c6ccc(cc56)C(=O)N)c2c1,10.3
5,CHEMBL325131,COc1ccc(NC(=O)N2CCN(CC2)c3ccccc3)cc1N4CCN(C)CC4.OC(=O)\C=C\C(=O)O,6.47
26,CHEMBL106807,CN1CCN(CC1)c2cc(OCC(=O)N3CCN(CC3)c4ccccc4C)ccc2Cl.OC(=O)\C=C\C(=O)O,6.62
27,CHEMBL292759,COc1ccc(NS(=O)(=O)c2ccc(Br)cc2)cc1N3CCN(C)CC3,6.6
31,CHEMBL29846,COc1ccc(NS(=O)(=O)c2sc3ccc(Cl)cc3c2C)cc1N4CCN(C)CC4,6.7
37,CHEMBL281350,CN1CCC2(CC1)COc3cc4CCN(C(=O)c5ccc(cc5)c6ccc(cc6C)c7noc(C)n7)c4cc23,6.59
40,CHEMBL542139,Cl.COc1ccc(NS(=O)(=O)c2sc3ccc(Cl)cc3c2C)cc1N4CCNCC4,6.6
41,CHEMBL110601,COc1ccc(NCC(=O)N2CCN(CC2)c3ccccc3C)cc1N4CCN(C)CC4.OC(=O)\C=C\C(=O)O,4.38
51,CHEMBL108645,COc1ccc(cc1)N2CCN(CC2)C(=O)Nc3ccc(OC)c(c3)N4CCN(C)CC4.OC(=O)\C=C\C(=O)O,6.64
59,CHEMBL128,CNS(=O)(=O)Cc1ccc2[nH]cc(CCN(C)C)c2c1,7.4
64,CHEMBL905,CN(C)CCc1c[nH]c2ccc(Cn3cncn3)cc12,7.1
79,CHEMBL15933,CN1CCC2(CC1)COc3ccc(NC(=O)c4ccc(cc4)c5ccc(cc5C)c6noc(C)n6)cc23,5.7
80,CHEMBL21369,CN1CCN(CC1)c2cccc(NC(=O)c3ccc(Br)c(C)c3)c2,6.7
96,CHEMBL324931,CN1CCN(CCc2c[nH]c3ccc(cc23)n4cnnc4)CC1,6.87
105,CHEMBL422191,CN1CCN(CCCCc2c[nH]c3ccc(cc23)n4cnnc4)CC1,6.68
116,CHEMBL161969,O=C1CN(Cc2ccccc2)CCN1CCCc3c[nH]c4ccc(cc34)n5cnnc5,6.76
210,CHEMBL136962,CCCN(C)CCCOc1ccccc1C2CCCC2,6.85
212,CHEMBL282971,COc1ccc(NS(=O)(=O)c2sc3ccc(Cl)cc3c2C)cc1N4CCN5CCC[C@@H]5C4,6.9
213,CHEMBL140415,CCCN(C)CCOc1ccccc1C2CCCC2,7.09
214,CHEMBL29410,COc1ccc(NS(=O)(=O)c2sc3ccc(Cl)cc3c2C)cc1N4CCN5CCCCC5C4,6.5
215,CHEMBL138958,CNCCOc1cccc2ccccc12,7.47
216,CHEMBL336092,OCCNCCOc1cccc2ccccc12,7.17
217,CHEMBL136311,CNCCOc1ccccc1,5.75
219,CHEMBL431298,COc1ccc(NS(=O)(=O)c2sc3ccc(Cl)cc3c2C)cc1N4CCNCC4,6.6
220,CHEMBL140417,CCCN(C)CCOc1cccc2ccccc12,6.99
221,CHEMBL140416,CN(CCOc1cccc2ccccc12)Cc3ccccc3,6.23
223,CHEMBL138907,CCCCN(CC)CCOc1cccc2ccccc12,6.95
240,CHEMBL304008,Oc1ccc2[nH]cc(C3=CCNCC3)c2n1,5.66
241,CHEMBL274866,FC(F)(F)c1cccc(c1)N2CCNCC2,6.22
263,CHEMBL28178,FC(F)(F)c1ccc2c(c1)nc(N3CCNCC3)c4cccn24,6.72
265,CHEMBL158627,CS(=O)(=O)Oc1ccc2CN(CC[C@@H]3CC[C@H](CC3)NC(=O)\C=C\c4ccc(F)cc4)Cc2c1,5.9
280,CHEMBL18710,CN(C)CCc1coc2ccc(cc12)C(=O)N,6.82
283,CHEMBL18928,NCCC1COc2ccc(cc12)C(=O)N,6.11
286,CHEMBL159470,CN(C)[C@@H]1C[C@H](C1)c2c[nH]c3ccc(cc23)C(=O)NCc4ccccc4,6.85
287,CHEMBL2368261,CN(C)[C@@H]1C[C@H](C1)c2c[nH]c3ccc(CCN4C(=O)c5ccccc5C4=O)cc23,6.71
288,CHEMBL2368259,CNS(=O)(=O)Cc1ccc2[nH]cc([C@@H]3C[C@H](C3)N(C)C)c2c1,6.72
290,CHEMBL151894,COc1ccc(NS(=O)(=O)c2ccc(cc2)c3ccc(cc3C)c4oc(C)nn4)cc1N5CCN(C)CC5,6.16
293,CHEMBL359447,CN1CCN(CC1)c2cc(NC(=O)c3ccc(cc3)c4ccc(cc4C)c5oc(C)nn5)ccc2O,6.4
294,CHEMBL151420,CN1CCN(CC1)c2cc(NC(=O)c3ccc(cc3)c4ccc(cc4C)c5noc(C)n5)ccc2OCCF,6.22
297,CHEMBL1185,CN(C)CCc1c[nH]c2ccc(C[C@H]3COC(=O)N3)cc12,8.55
299,CHEMBL2368262,CN(C)[C@@H]1C[C@H](C1)c2c[nH]c3ccc(CCN4C(=O)NC(C)(C)C4=O)cc23,5.83
300,CHEMBL159536,CN(C)[C@@H]1C[C@H](C1)c2c[nH]c3ccc(Cc4n[nH]c(C)n4)cc23,5.69
309,CHEMBL83658,CN(C)CC1CC2N(O1)c3ccccc3Cc4ccccc24,6.18
310,CHEMBL2368260,CN(C)[C@@H]1C[C@H](C1)c2c[nH]c3ccc(CN4C(=O)NC(C)(C)C4=O)cc23,5.51
312,CHEMBL2368255,CC1(C)NC(=O)N(CCc2ccc3[nH]cc([C@@H]4C[C@@H](N)C4)c3c2)C1=O,6.3
313,CHEMBL161694,CN(C)[C@@H]1C[C@H](C1)c2c[nH]c3ccc(Cc4onc(C)n4)cc23,6.03
315,CHEMBL348811,CN(C)[C@@H]1C[C@H](C1)c2c[nH]c3ccc(CC(=O)N)cc23,6.14
322,CHEMBL350277,CN(C)[C@@H]1C[C@H](C1)c2c[nH]c3ccc(CC(=O)NCc4ccccc4)cc23,6.47
325,CHEMBL350637,CN(C)[C@@H]1C[C@H](C1)c2c[nH]c3ccc(cc23)c4onc(C)n4,6.25
326,CHEMBL6437,CN1CCN2C(C1)c3ccccc3Cc4ccccc24,6.42
327,CHEMBL422504,CN1CCN(CC1)c2cc(NC(=O)c3ccc(cc3)c4ccc(cc4C)c5noc(C)n5)ccc2O,6.33
328,CHEMBL2368258,CN(C)[C@@H]1C[C@H](C1)c2c[nH]c3ccc(CN4C(=O)CNC4=O)cc23,5.61
330,CHEMBL136936,COc1ccccc1N2CCN(CCC(O)c3csc4ccccc34)CC2,5.58
332,CHEMBL134743,COc1ccccc1N2CCN(CCC(Oc3cccc4ccccc34)c5ccsc5)CC2,5.9
335,CHEMBL135878,COc1ccccc1N2CCN(CCC(=O)c3csc4ccccc34)CC2,5.3
340,CHEMBL7318,COc1ccc2[nH]c(c(CCN(C)C)c2c1)c3ccccc3,5.21
341,CHEMBL442,CN1C[C@@H](C=C2[C@H]1Cc3c[nH]c4cccc2c34)C(=O)N[C@]5(C)O[C@@]6(O)[C@@H]7CCCN7C(=O)[C@H](Cc8ccccc8)N6C5=O,9.1
342,CHEMBL143723,CCN(CC)CCc1c[nH]c2ccc(OCc3ccccc3)cc12,6.96
352,CHEMBL308727,CC(C)(C)c1ccc(CC2=NCCN2)cc1,6.98
356,CHEMBL303441,Cc1ccc(CC2=NCCN2)c(C)c1OCc3ccccc3,5.96
360,CHEMBL7143,COc1ccc2[nH]c(C)c(CCN(C)C)c2c1,6.6
361,CHEMBL141706,CCCN(CCC)CCc1c[nH]c2ccc(O)cc12,6.09
363,CHEMBL762,Cc1cc(c(O)c(C)c1CC2=NCCN2)C(C)(C)C,9.4
367,CHEMBL72167,Cc1ccc(CC2=NCCN2)c(C)c1O,5.72
400,CHEMBL143967,CCCN(CCC)CCc1c[nH]c2ccc(OS(=O)(=O)C(F)(F)F)cc12,6.72
408,CHEMBL312448,Cc1cc(cc(C)c1CC2=NCCN2)C(C)(C)C,9.16
412,CHEMBL71033,Cc1cccc(C)c1CC2=NCCN2,5.66
431,CHEMBL73943,CCCCc1ccc(CC2=NCCN2)cc1,5.6
435,CHEMBL267615,CCc1[nH]c2ccc(OC)cc2c1CCN(C)C,6.54
436,CHEMBL73670,CC(C)c1ccc(CC2=NCCN2)cc1,6.47
437,CHEMBL143745,CCCN(CCC)CCc1c[nH]c2ccc(OCc3ccccc3)cc12,6.33
458,CHEMBL309976,Brc1ccc(CC2=NCCN2)cc1,5.36
464,CHEMBL72158,Cc1cc(cc(C)c1CCN)C(C)(C)C,5.87
475,CHEMBL309162,Cc1ccc(O)c(C)c1CC2=NCCN2,5.99
476,CHEMBL73190,CCCc1ccc(CC2=NCCN2)cc1,5.62
481,CHEMBL294649,Cn1cc(C(=O)C(=O)N[C@H]2CN3CCC2CC3)c4ccccc14,4.4
496,CHEMBL2368612,Cl.O=C(N[C@@H]1CC[C@@H](CCN2CCc3cc(ccc3C2)C#N)CC1)\C=C\c4ccccc4,6.5
498,CHEMBL553591,Cl.O=C(NCCCCN1CCc2ccc(cc2C1)C#N)\C=C\c3c[nH]c4ccccc34,6.6
499,CHEMBL2368611,Cl.Fc1ccc(\C=C\C(=O)N[C@@H]2CC[C@@H](CCN3CCc4cc(ccc4C3)C#N)CC2)cc1,6.2
502,CHEMBL2113352,Cl.CS(=O)(=O)c1cccc(\C=C\C(=O)N[C@@H]2CC[C@@H](CCN3CCc4cc(ccc4C3)C#N)CC2)c1,5.4
508,CHEMBL90981,O=C1CCCN=C(NCCCNCC2CCc3ccccc3O2)N1,6.8
511,CHEMBL91154,C(CNCC1Cc2ccccc2O1)CNC3=NCCCN3,6.9
515,CHEMBL2110366,Cl.O=C(N[C@@H]1CC[C@@H](CCN2CCc3cc(ccc3C2)C#N)CC1)c4ccnc5ccccc45,5.9
531,CHEMBL315772,CN(C)CC1CC2N(O1)c3cc(Cl)ccc3Cc4ccccc24,6.87
533,CHEMBL147901,NCCc1c[nH]c2ccc(OCCNC(=O)COc3ccc4[nH]cc(CCN)c4c3)cc12,9.75
535,CHEMBL273921,Oc1nc2cc(F)ccc2n1C3CCN(CCN4CCCc5ccccc5C4=O)CC3,5.62
537,CHEMBL357830,NCCc1c[nH]c2ccc(OCC(=O)N3CCC(CC3)C4CCN(CC4)C(=O)COc5ccc6[nH]cc(CCN)c6c5)cc12,9.57
538,CHEMBL424128,NCCc1c[nH]c2ccc(OCCCCCCOc3ccc4[nH]cc(CCN)c4c3)cc12,9.34
539,CHEMBL342323,NCCc1c[nH]c2ccc(OCCCCCCNS(=O)(=O)c3ccc(cc3)c4ccc(cc4)S(=O)(=O)NCCCCCCOc5ccc6[nH]cc(CCN)c6c5)cc12,9.35
540,CHEMBL144397,NCCc1c[nH]c2ccc(OCC(=O)NCCCNC(=O)COc3ccc4[nH]cc(CCN)c4c3)cc12,9.52
541,CHEMBL356277,NCCc1c[nH]c2ccc(OCC(=O)Nc3ccc(NC(=O)COc4ccc5[nH]cc(CCN)c5c4)cc3)cc12,9.96
542,CHEMBL148314,NCCc1c[nH]c2ccc(OCc3ccccc3COc4ccc5[nH]cc(CCN)c5c4)cc12,8.82
543,CHEMBL343196,NCCc1c[nH]c2ccc(OCCOc3ccc4[nH]cc(CCN)c4c3)cc12,9.0
546,CHEMBL147851,NCCc1c[nH]c2ccc(OCCN3CCN(CC3)C(=O)COc4ccc5[nH]cc(CCN)c5c4)cc12,9.8
547,CHEMBL148022,NCCc1c[nH]c2ccc(OCc3cccc(COc4ccc5[nH]cc(CCN)c5c4)c3)cc12,9.46
548,CHEMBL146720,NCCc1c[nH]c2ccc(OCC(=O)N3CCN(CC3)C(=O)COc4ccc5[nH]cc(CCN)c5c4)cc12,9.38
550,CHEMBL147677,NCCc1c[nH]c2ccc(OCCNC(=O)NCCOc3ccc4[nH]cc(CCN)c4c3)cc12,9.4
551,CHEMBL144128,NCCc1c[nH]c2ccc(OCCN3CCN(CCOc4ccc5[nH]cc(CCN)c5c4)CC3)cc12,9.46
552,CHEMBL357478,NCCc1c[nH]c2ccc(OCC(=O)Nc3ccc(cc3)N4CCN(CC4)C(=O)COc5ccc6[nH]cc(CCN)c6c5)cc12,10.05
554,CHEMBL26533,COc1ccccc1N2CCN(CCCCNC(=O)C34C[C@@H]5C[C@@H](C[C@@H](C5)C3)C4)CC2,6.34
558,CHEMBL84305,NC(=O)c1ccc2C(CCN3CCC(=CC3)c4c[nH]c5c(Cl)c(Cl)ccc45)OCCc2c1,6.78
566,CHEMBL108818,CCCCCCOc1ccc2[nH]c3CCC(N)Cc3c2c1,5.96
576,CHEMBL418823,CCCCCCCCCOc1ccc2[nH]cc(CCNCCCC)c2c1,6.65
585,CHEMBL109360,CN(C)CCc1c[nH]c2ccc(OC(=O)C(C)(C)C)cc12,6.96
591,CHEMBL79561,NC(=O)c1ccc2C(CCN3CCC(=CC3)c4c[nH]c5ccc(F)cc45)OCCc2c1,6.89
596,CHEMBL309872,NC(=O)c1ccc2C(CCN3CCC(=CC3)c4c[nH]c5cc(Cl)ccc45)OCCc2c1,6.84
597,CHEMBL313452,NC(=O)c1ccc2C(CCN3CCC(=CC3)c4c[nH]c5cc(ccc45)C(F)(F)F)OCCc2c1,6.91
601,CHEMBL111107,CCCCCCCCCOc1ccc2[nH]c3CCC(N)Cc3c2c1,5.63
610,CHEMBL311694,NC(=O)c1ccc2C(CCN3CCC(=CC3)c4c[nH]c5c(cccc45)C#N)OCCc2c1,6.89
616,CHEMBL414420,CCCCCCCCCCc1ccc2[nH]cc(CCN)c2c1,6.68
623,CHEMBL108337,COc1ccc2[nH]c3CCC(N)Cc3c2c1,5.92
630,CHEMBL282199,CC1CCN(CC[C@H]2CCCN2S(=O)(=O)c3cccc(O)c3)CC1,5.8
632,CHEMBL114012,CC1CCN(CCC2CCCCN2S(=O)(=O)c3cccc4ccccc34)CC1,5.7
634,CHEMBL133868,CC(N)Cc1c[nH]c2ccc3OCCCc3c12,5.72
635,CHEMBL94984,CC1CCN(CC[C@H]2CCCN2S(=O)(=O)c3cccc4ccccc34)CC1,6.2
638,CHEMBL12624,CC1CCN(CC[C@H]2CCCN2S(=O)(=O)c3cccc(C)c3)CC1,5.5
643,CHEMBL1788231,CC1CCN(CC[C@H]2CCCCN2S(=O)(=O)c3cccc4ccccc34)CC1,6.3
654,CHEMBL333784,CC1CCN(CC[C@H]2CCCN2S(=O)(=O)c3ccc(Cl)c(Cl)c3)CC1,6.2
655,CHEMBL116448,CC1CCN(CC[C@H]2CCCN2S(=O)(=O)c3cccc(Br)c3)CC1,6.3
664,CHEMBL302171,CCCN(CCC)[C@H]1CCc2ccc3[nH]ccc3c2C1,6.36
690,CHEMBL2112317,O.CCCN(CCCCN1C(=O)CC(C)(C)CC1=O)[C@H]2CCc3ccc4[nH]cc(C=O)c4c3C2,6.6
703,CHEMBL70606,CCCN(Cc1ccccc1)C2CCc3ccc4[nH]ccc4c3C2,6.72
732,CHEMBL71409,CCCN(C)C1CCc2ccc3[nH]ccc3c2C1,6.77
736,CHEMBL292274,CN(C)[C@H]1CCc2ccc3[nH]ccc3c2C1,6.64
742,CHEMBL73112,C1CCCN(CC1)C2CCc3ccc4[nH]ccc4c3C2,6.47
749,CHEMBL51,Fc1ccc(cc1)C(=O)C2CCN(CCN3C(=O)Nc4ccccc4C3=O)CC2,6.59
773,CHEMBL1278,CNS(=O)(=O)CCc1ccc2[nH]cc(C3CCN(C)CC3)c2c1,8.64
794,CHEMBL330803,C(Cc1c[nH]c2ccc(cc12)n3cnnc3)N4CCCCC4,6.7
800,CHEMBL1279,CN[C@@H]1CCc2[nH]c3ccc(cc3c2C1)C(=O)N,8.36
821,CHEMBL77734,Oc1ccc2[nH]cc(\C=N\Nc3ncc[nH]3)c2c1,5.75
824,CHEMBL545461,Cl.N\C(=N\N=C\c1c[nH]c2ccc(O)cc12)\NCCc3ccc(Cl)c(Cl)c3,6.23
825,CHEMBL74208,CCCCC\N=C(\N)/N\N=C\c1c[nH]c2ccc(O)nc12,6.58
827,CHEMBL261917,CC(C)(C)c1ccc(cc1)S(=O)(=O)Nc2ccc3nccc(N4CCNCC4)c3c2,5.9
828,CHEMBL316081,CN1CCN(CC1)c2ccnc3ccc(NS(=O)(=O)c4sc5ccc(Cl)cc5c4C)cc23,6.6
830,CHEMBL97637,O=S(=O)(Nc1ccc2nccc(N3CCNCC3)c2c1)c4ccc(cc4)c5ccccc5,6.8
834,CHEMBL75420,CCCCC\N=C(\N)/N\N=C\c1c[nH]c2ccc(OC(C)C)cc12,6.54
842,CHEMBL97211,Cc1cc(N2CCNCC2)c3cc(NS(=O)(=O)c4sc5ccc(Cl)cc5c4C)ccc3n1,6.5
845,CHEMBL97596,Clc1cccc2cc(ccc12)S(=O)(=O)Nc3ccc4nccc(N5CCNCC5)c4c3,6.7
854,CHEMBL12264,C[C@H](CCN1CCC(C)CC1)N(C)S(=O)(=O)c2cccc(C)c2,5.5
857,CHEMBL97158,Cc1c(sc2ccc(Cl)cc12)S(=O)(=O)Nc3ccc4nccc(N5CCNCC5)c4c3,6.2
861,CHEMBL318018,Cc1sc2ccc(Cl)cc2c1S(=O)(=O)Nc3ccc4nccc(N5CCNCC5)c4c3,6.4
862,CHEMBL6621,CCCCCNC(=N)N\N=C\c1c[nH]c2ccc(O)cc12,8.03
866,CHEMBL98965,CCc1c(sc2ccc(Cl)cc12)S(=O)(=O)Nc3ccc4nccc(N5CCNCC5)c4c3,5.6
867,CHEMBL95823,C[C@H]1CN(CCN1)c2ccnc3ccc(NS(=O)(=O)c4sc5ccc(Cl)cc5c4C)cc23,6.4
868,CHEMBL76552,CCCCCCCN(C)C(=N)N\N=C\c1c[nH]c2ccc(O)cc12,6.06
872,CHEMBL309021,COc1ccc(cc1CCCN(C)C)C(=O)Nc2ccc(cc2)c3ccncc3,6.27
873,CHEMBL118360,COc1ccc(cc1C#CCN(C)C)C(=O)Nc2ccc(cc2)c3ccncc3,5.92
874,CHEMBL2111779,COc1ccc(cc1\C=C/CN(C)C)C(=O)Nc2ccc(cc2)c3ccncc3,6.77
875,CHEMBL119800,COc1ccc(cc1\C=C\CN(C)C)C(=O)Nc2ccc(cc2)c3ccncc3,6.25
876,CHEMBL119264,CN(C)CCCc1cc(ccc1O)C(=O)Nc2ccc(cc2)c3ccncc3,6.16
903,CHEMBL71798,CNC(=O)c1ccc2[C@@H](CCN3CCN(CC3)c4ccc(OC)cc4)OCCc2c1,6.53
927,CHEMBL71907,COc1ccc(cc1)N2CCN(CC[C@H]3OCCc4cc(ccc34)C(=O)N)CC2,6.62
963,CHEMBL279436,CC1=C(C(C(=C(C)N1)C(=O)NCCCN2CCC(CC2)(c3ccccc3)c4ccccc4)c5ccc(cc5)[N+](=O)[O-])C(=O)N,6.22
964,CHEMBL355910,CCOC(=O)C1(CCN(CCCNC(=O)C2=C(C)NC(=C(C2c3ccc(cc3)[N+](=O)[O-])C(=O)NC)C)CC1)c4ccccc4,5.25
966,CHEMBL358406,CC1=C(C(C(=C(C)N1)C(=O)NCCCN2CCC(CC2)(C(=O)Oc3ccccc3)c4ccccc4)c5ccc(cc5)[N+](=O)[O-])C(=O)N,6.23
969,CHEMBL346649,CCO\C(=C/1\C(C(=C(C)N=C1C)C(=O)NCCCN2CCC(CC2)(C(=O)OC)c3ccccc3)c4ccc(cc4)[N+](=O)[O-])\O,6.13
979,CHEMBL356623,CC1=C(C(C(=C(C)N1)C(=O)NCCCN2CCC(CC2)(C(=O)OCCO)c3ccccc3)c4ccc(cc4)[N+](=O)[O-])C(=O)N,4.96
991,CHEMBL358253,CNC(=O)C1=C(C)NC(=C(C1c2ccc(cc2)[N+](=O)[O-])C(=O)NCCCN3CCC(CC3)c4ccccc4)C,6.2
999,CHEMBL76237,COc1ccc2c(c1)c(CCN(C)C)cn2S(=O)(=O)c3ccccc3,6.14
1000,CHEMBL356829,COC(=O)C1(CCN(CCCNC(=O)C2=C(C)NC(=C(C2c3ccc(cc3)[N+](=O)[O-])C(=O)N)C)CC1)c4ccccc4,5.35
1005,CHEMBL263700,CN(C)CCc1cn(C(=O)c2ccccc2)c3ccc(O)cc13,6.75
1008,CHEMBL151825,COC(=O)C1(CCN(CCCNC(=O)C2=C(C)N=C(C)\C(=C(\O)/OCCC#N)\C2c3ccc(cc3)[N+](=O)[O-])CC1)c4ccccc4,6.13
1009,CHEMBL151668,COC(=O)C1(CCN(CCCNC(=O)C2=C(C)NC(=C(C2c3ccc(cc3)[N+](=O)[O-])C(=O)O)C)CC1)c4ccccc4,4.54
1010,CHEMBL148552,COC(=O)C1(CCN(CCCNC(=O)C2=C(C)NC(=C(C2c3ccc4OCOc4c3)C(=O)C)C)CC1)c5ccccc5,5.76
1013,CHEMBL150743,CC1=C(C(C(=C(C)N1)C(=O)NCCCN2CCCCC2)c3ccc(cc3)[N+](=O)[O-])C(=O)N,4.51
1025,CHEMBL56,CCCN(CCC)C1CCc2cccc(O)c2C1,6.94
1040,CHEMBL275854,CC(N)Cc1c[nH]c2ccc(O)cc12,6.82
1041,CHEMBL356923,CNC(=O)C1=C(C)NC(=C(C1c2ccc(cc2)[N+](=O)[O-])C(=O)NCCCN3CCC(CN(C)C)(CC3)c4ccccc4)C,4.29
1042,CHEMBL357061,COCCOC(=O)C1(CCN(CCCNC(=O)C2=C(C)NC(=C(C2c3ccc(cc3)[N+](=O)[O-])C(=O)N)C)CC1)c4ccccc4,5.5
1047,CHEMBL347499,CCOC(=O)C1(CCN(CCCNC(=O)C2=C(C)NC(=C(C2c3ccc(cc3)[N+](=O)[O-])C(=O)C)C)CC1)c4ccccc4,5.72
1048,CHEMBL149263,CCOC(=O)C1(CCN(CCCNC(=O)C2=C(C)NC(=C(C2c3ccc4OCOc4c3)C(=O)N)C)CC1)c5ccccc5,5.34
1049,CHEMBL2,COc1cc2nc(nc(N)c2cc1OC)N3CCN(CC3)C(=O)c4occc4,9.48
1058,CHEMBL317535,CCOC(=O)c1[nH]c2ccccc2c1CCN(C)C,6.48
1059,CHEMBL150696,CN(C)C(=O)C1(CCN(CCCNC(=O)C2=C(C)NC(=C(C2c3ccc(cc3)[N+](=O)[O-])C(=O)N)C)CC1)c4ccccc4,4.73
1060,CHEMBL347501,COC(=O)C1(CCN(CCCNC(=O)C2=C(C)N=C(C)\C(=C(\O)/OCCO)\C2c3ccc(cc3)[N+](=O)[O-])CC1)c4ccccc4,5.73
1063,CHEMBL127411,CN(C)[C@H]1Cc2cn(c3cccc([C@@H]1O)c23)S(=O)(=O)c4ccc(C)cc4,5.41
1064,CHEMBL266591,Cc1[nH]c2ccc(O)cc2c1CCN,5.91
1065,CHEMBL147077,CNC(=O)C1=C(C)NC(=C(C1c2ccc(cc2)[N+](=O)[O-])C(=O)NCCCN3CCC(CC3)(C(=O)OC)c4ccccc4)C,5.06
1068,CHEMBL359375,CC1=C(C(C(=C(C)N1)C(=O)NCCCN2CCC(C)(CC2)c3ccccc3)c4ccc(cc4)[N+](=O)[O-])C(=O)N,5.71
1069,CHEMBL268800,COc1ccc2[nH]c(C)c(CCN)c2c1,5.98
1070,CHEMBL146815,COC(=O)C1(CCN(CCCNC(=O)C2=C(C)NC(=C(C2c3ccc(cc3)[N+](=O)[O-])C(=O)C)C)CC1)c4ccccc4,5.65
1079,CHEMBL93868,CN(C)CCc1cn(c2ccccc12)S(=O)(=O)c3ccccc3,6.29
1080,CHEMBL347522,CC(=O)C1(CCN(CCCNC(=O)C2=C(C)NC(=C(C2c3ccc(cc3)[N+](=O)[O-])C(=O)N)C)CC1)c4ccccc4,5.42
1081,CHEMBL41844,CO\C(=C/1\C(C(=C(C)N=C1C)C(=O)NCCCN2CCC(CC2)(C(=O)OC)c3ccccc3)c4ccc(cc4)[N+](=O)[O-])\O,5.94
1088,CHEMBL151045,CC1=C(C(C(=C(C)N1)C(=O)NCCCN2CCC(O)(CC2)c3ccccc3)c4ccc(cc4)[N+](=O)[O-])C(=O)N,5.33
1089,CHEMBL347559,CC1=C(C(C(=C(C)N1)C(=O)NCCCN2CCC(CC2)(C#N)c3ccccc3)c4ccc(cc4)[N+](=O)[O-])C(=O)N,5.56
1090,CHEMBL151878,CCOC(=O)C1(CCN(CCCNC(=O)C2=C(C)NC(=C(C2c3ccc(cc3)[N+](=O)[O-])C(=O)N)C)CC1)c4ccccc4,5.3
1092,CHEMBL357681,CCNC(=O)C1=C(C)NC(=C(C1c2ccc(cc2)[N+](=O)[O-])C(=O)NCCCN3CCC(CC3)(C(=O)OC)c4ccccc4)C,5.32
1096,CHEMBL146983,CCOC(=O)C1CCN(CCCNC(=O)C2=C(C)NC(=C(C2c3ccc(cc3)[N+](=O)[O-])C(=O)NC)C)CC1,4.35
1105,CHEMBL104753,CN1CCC(CC1)c2c[nH]c3ccc(NC(=O)c4ccsc4)nc23,6.09
1107,CHEMBL105958,CN1CCC(CC1)c2c[nH]c3ccc(NC(=O)c4ccncc4)nc23,6.38
1108,CHEMBL104158,CN1CCC(CC1)c2c[nH]c3cnc(NC(=O)C)nc23,6.33
1109,CHEMBL104720,CN1CCC(CC1)c2c[nH]c3ccc(NC(=O)C4CC4)nc23,5.75
1111,CHEMBL111184,COc1cccc2Cc3ccccc3[C@H]4CN(C)CCN4c12,5.83
1113,CHEMBL320198,CN1CCC(CC1)c2c[nH]c3cnc(NC(=O)c4ccc(F)cc4)nc23,5.72
1118,CHEMBL105327,CN1CCC(CC1)c2c[nH]c3ccc(NS(=O)(=O)C)nc23,6.42
1120,CHEMBL105025,CN1CCC(CC1)c2c[nH]c3ccc(NC(=O)c4ccccc4C)nc23,6.36
1127,CHEMBL105118,CN1CCC(CC1)c2c[nH]c3ccc(NC(=O)c4cccc(c4)[N+](=O)[O-])nc23,6.48
1130,CHEMBL103550,CN1CCC(CC1)c2c[nH]c3ccc(NC(=O)c4cccc(F)c4)nc23,6.16
1131,CHEMBL420475,CN1CCC(CC1)c2c[nH]c3ccc(NC(=O)C4CCC4)nc23,6.05
1136,CHEMBL318105,CN1CCC(CC1)c2c[nH]c3ccc(N)nc23,6.38
1137,CHEMBL104692,CN1CCC(CC1)c2c[nH]c3ccc(NC(=O)c4ccc(cc4)[N+](=O)[O-])nc23,6.47
1142,CHEMBL321967,CN1CCC(CC1)c2c[nH]c3ccc(NC(=O)C4CCCC4)nc23,6.13
1144,CHEMBL105743,CN1CCC(CC1)c2c[nH]c3ccc(NC(=O)c4ccccc4)nc23,6.0
1146,CHEMBL103424,CN1CCC(CC1)c2c[nH]c3ccc(NC(=O)C)cc23,6.82
1148,CHEMBL105091,CN1CCC(CC1)c2c[nH]c3ccc(NC(=O)c4occc4)nc23,6.03
1151,CHEMBL431041,CN1CCC(CC1)c2c[nH]c3ccc(NC(=O)C)nc23,6.6
1152,CHEMBL103479,CN1CCC(CC1)c2c[nH]c3ccc(NC(=O)c4ccc(F)cc4)nc23,6.14
1154,CHEMBL104484,CN1CCC(CC1)c2c[nH]c3ccc(NC(=O)c4ccc(cc4)C#N)nc23,6.42
1155,CHEMBL101690,CN1CCC(CC1)c2c[nH]c3ccc(NC(=O)c4ccc(F)cc4)cc23,6.37
1156,CHEMBL321343,CN1CCC(CC1)c2c[nH]c3ccc(NC(=O)c4ccccc4[N+](=O)[O-])nc23,6.77
1157,CHEMBL102250,CN1CCC(CC1)c2c[nH]c3ccc(NC(=O)c4cocc4)nc23,5.96
1158,CHEMBL105722,CN1CCC(CC1)c2c[nH]c3ccc(NC(=O)c4ccccn4)nc23,6.09
1161,CHEMBL321080,CN1CCC(CC1)c2c[nH]c3ccc(NC(=O)c4cccs4)nc23,6.19
1162,CHEMBL105261,CCC(=O)Nc1ccc2[nH]cc(C3CCN(C)CC3)c2n1,6.14
1164,CHEMBL101686,CCCCCCCC(=O)Nc1ccc2[nH]cc(C3CCN(C)CC3)c2n1,6.96
1168,CHEMBL449406,CN1CCC(CC1)c2c[nH]c3ccc(NC(=O)c4cccc(C)c4)nc23,6.31
1170,CHEMBL100086,COc1cccc(CN2CCN(CC2)C3CCC(O)(CC3)c4ccc5OCOc5c4)c1,6.16
1171,CHEMBL100875,OC1(CCC(CC1)N2CCN(Cc3ccccc3)CC2)c4ccc5OCOc5c4,4.89
1175,CHEMBL24474,Nc1ccc(cc1)S(=O)(=O)c2cc(Br)nc(c2)N3CCNCC3,5.95
1176,CHEMBL339980,CN(C)CCc1c(C)[nH]c2cccc(NC(=O)c3ccc(F)cc3)c12,5.79
1178,CHEMBL414628,COc1ccc(cc1N2CCNCC2)S(=O)(=O)N3CCc4ccc(I)cc34,6.7
1182,CHEMBL76480,CCOC(=O)c1[nH]c2ccc(CCN3C(=O)CNC3=O)cc2c1CCN(C)C,5.0
1201,CHEMBL84931,CN(C)CC1CC2N(O1)c3cc(F)ccc3Cc4ccccc24,6.52
1204,CHEMBL2021524,Cl.CCCN[C@H]1CCc2cccc(CS(=O)(=O)C(F)(F)F)c2C1,6.8
1212,CHEMBL26998,CCCN(CCC)[C@@H]1CCc2cccc(O)c2C1,6.79
1229,CHEMBL554220,Cl.CCCN[C@@H]1CCc2ccc(OS(=O)(=O)C(F)(F)F)cc2C1,6.9
1242,CHEMBL26427,CN(C)CCc1cn(C)c2ccc3OCCCc3c12,5.03
1273,CHEMBL122860,CN(C)CCc1c[nH]c2cc3CCCOc3cc12,5.92
1290,CHEMBL27173,NCCc1c[nH]c2ccc3OCCCc3c12,6.96
1325,CHEMBL25800,Cn1cc(CCN)c2c3CCCOc3ccc12,5.38
1385,CHEMBL412876,CN(C)CCc1c[nH]c2ccc3OCCCc3c12,6.66
1396,CHEMBL334923,CN(C)CCO\N=C/1\c2cccn2c3c(C)csc13,6.32
1429,CHEMBL304573,CCCN(CCC)[C@H]1CCc2cc(F)c3[nH]ccc3c2C1,6.53
1431,CHEMBL302373,CCCNC1CCc2cc(F)ccc2C1,6.23
1433,CHEMBL302263,CCCN(CCC)C1CCc2ccc3[nH]cc(C(=O)C(F)(F)F)c3c2C1,6.95
1434,CHEMBL307521,CCCN(CCC)[C@H]1CCc2ccc3[nH]cc(C(=O)C(=O)N)c3c2C1,6.36
1437,CHEMBL70882,CCCN(CCC)C1CCc2cc(F)c3c(ccn3C)c2C1,6.66
1439,CHEMBL71319,CCCN(CCC)C1CCc2cc(F)c3c(c2C1)c(C=O)cn3C,6.38
1442,CHEMBL71395,CCCN(CCC)C1CCc2ccc3[nH]cc(C(=O)C)c3c2C1,6.97
1449,CHEMBL71299,CCCN(CCC)C1CCc2ccc3c(c2C1)c(C=O)cn3C,6.48
1450,CHEMBL71676,CCCN(CCC)C1CCc2c(N)c(F)ccc2C1,6.12
1465,CHEMBL84165,CN(C)CCc1c([nH]c2ccc(CCN3C(=O)CNC3=O)cc12)C(=O)NCc4ccccc4,5.88
1507,CHEMBL86223,CN(C)CCc1c([nH]c2ccc(CCN3C(=O)NC(C)(C)C3=O)cc12)C(=O)NCc4ccccc4,5.42
1516,CHEMBL303997,FC(F)(CN1CCC(COc2ccccc2)CC1)Cc3c[nH]c4ccc(cc34)n5cnnc5,6.55
1562,CHEMBL276868,CC(C)(C)c1ccc(cc1)C2=NCCN2,6.98
1566,CHEMBL186919,Cc1cccc(C)c1N=C2NCCN2,5.68
1569,CHEMBL183704,Cc1cc(cc(C)c1NC2=NCCN2)[N+](=O)[O-],6.48
1576,CHEMBL184597,CN1CCC(CC1)c2n[nH]c3ccc(NC(=O)c4ccc(F)cc4)cc23,5.51
1581,CHEMBL361303,CN1CCC(CC1)n2ccc3ccc(NC(=O)c4ccc(F)cc4)cc23,6.85
1582,CHEMBL187952,CN1CCC(CC1)C2CNc3ccc(NC(=O)c4ccc(F)cc4)cc23,5.64
1583,CHEMBL361061,CN1CCC(CC1)N2CCc3ccc(NC(=O)c4ccc(F)cc4)cc23,6.68
1584,CHEMBL184994,CN1CCC(CC1)N2CCOc3ccc(NC(=O)c4ccc(F)cc4)cc23,5.64
1589,CHEMBL187928,OC(=O)C(F)(F)F.O=C(\C=C\c1ccccc1)N(Cc2ccc(cc2)c3ccc(CNCCc4ccccc4)cc3)Cc5cccnc5,5.9
1590,CHEMBL191460,CN(C)CCN(Cc1ccc(cc1)c2ccc(CNCCc3ccccc3)cc2)C(=O)CCC4CCCC4.OC(=O)C(F)(F)F.OC(=O)C(F)(F)F,6.4
1591,CHEMBL188486,CN(C)CCN(Cc1ccc(cc1)c2ccc(CNCCc3ccccc3)cc2)C(=O)\C=C\c4ccccc4.OC(=O)C(F)(F)F,6.8
1600,CHEMBL191980,Cc1ccc2c(OCCN3CCN(Cc4ccc(Cl)c(Cl)c4)CC3)cccc2n1,5.6
1622,CHEMBL195897,COc1cc2CCN(C(=O)c3ccc(c4cccc(C)n4)c5ccccc35)c2cc1N6C[C@@H](C)N[C@@H](C)C6,6.9
1623,CHEMBL434355,CCN1[C@H](C)CN(C[C@@H]1C)c2cc3N(CCc3cc2OC)C(=O)c4ccc(c5cccc(C)n5)c6ccccc46,6.9
1624,CHEMBL371655,CCCN1[C@H](C)CN(C[C@@H]1C)c2cc3N(CCc3cc2OC)C(=O)c4ccc(c5cccc(C)n5)c6ccccc46,6.8
1630,CHEMBL2113098,COc1cc2CCN(C(=O)Cc3cccc(c3)[N+](=O)[O-])c2cc1N4C[C@@H](C)N(C)[C@@H](C)C4,6.6
1632,CHEMBL370896,COc1cc2CCN(C(=O)c3cccc(Cl)c3Cl)c2cc1N4C[C@@H](C)N(C)[C@@H](C)C4,6.6
1633,CHEMBL194610,COc1cc2CCN(C(=O)c3cccc(Cl)c3)c2cc1N4C[C@@H](C)N(C)[C@@H](C)C4,6.6
1635,CHEMBL195651,COc1cc2CCN(C(=O)Cc3cccc(F)c3C(F)(F)F)c2cc1N4C[C@@H](C)N(C)[C@@H](C)C4,6.7
1636,CHEMBL196600,COc1cc2CCN(C(=O)Cc3cccc(c3F)C(F)(F)F)c2cc1N4C[C@@H](C)N(C)[C@@H](C)C4,6.9
1637,CHEMBL381035,COc1cc2CCN(C(=O)Nc3cccc(Cl)c3F)c2cc1N4C[C@@H](C)N(C)[C@@H](C)C4,6.7
1638,CHEMBL424837,COc1cc2CCN(C(=O)Nc3cccc(c3F)C(F)(F)F)c2cc1N4C[C@@H](C)N(C)[C@@H](C)C4,6.8
1643,CHEMBL196951,COc1cc2CCN(C(=O)c3ccc(cc3)c4ccc(cc4C)C(=O)C)c2cc1N5C[C@@H](C)N[C@@H](C)C5,6.4
1644,CHEMBL193616,COc1cc2CCN(C(=O)c3ccc(cc3)c4cc(C)ncc4C)c2cc1N5C[C@@H](C)N[C@@H](C)C5,6.3
1646,CHEMBL196666,COc1cc2CCN(C(=O)c3ccc(cc3)c4ccc(cc4C)c5noc(C)n5)c2cc1N6C[C@@H](C)N[C@@H](C)C6,6.6
1647,CHEMBL425919,COc1cc2CCN(C(=O)c3ccc(cc3)c4ccc(nc4C)N5CCCC5=O)c2cc1N6C[C@@H](C)N[C@@H](C)C6,6.4
1648,CHEMBL364056,COc1cc2CCN(C(=O)c3ccc(cc3)c4ccc(cc4C)c5ncccn5)c2cc1N6C[C@@H](C)N[C@@H](C)C6,6.6
1650,CHEMBL194206,COc1ccc(NC(=O)N2CCN(CC2)c3ccc(F)cc3)cc1N4CCN(C)CC4,6.77
1651,CHEMBL197408,COc1ccc(NC(=O)N2CCN(CC2)c3ccc(cc3)c4ccccc4)cc1N5CCN(C)CC5,6.68
1652,CHEMBL196598,COc1ccc(NC(=O)N2CCN(CC2)c3ccc(cc3)C(F)(F)F)cc1N4CCN(C)CC4,6.46
1653,CHEMBL197796,COc1ccc(NC(=O)N2CCN(CC2)c3ccc(SC)cc3)cc1N4CCN(C)CC4,6.48
1678,CHEMBL196370,COc1ccccc1N2CCN(CC2)C(=O)Nc3ccc(OC)c(c3)N4CCN(C)CC4,6.98
1680,CHEMBL196169,COc1ccc(NC(=O)N2CCN(CC2)c3ccccc3F)cc1N4CCN(C)CC4,6.99
1683,CHEMBL371300,C[C@H](N)Cn1ncc2ccc(O)cc12,5.1
1689,CHEMBL244946,Cc1ccc2c(cccc2n1)c3nnc(SCCCN4CCc5ccc(cc5CC4)c6cc(C)nn6C)n3C,6.7
1719,CHEMBL239167,Cc1ccc2c(OCCN3CCC(Cc4ccc5OCC(=O)Nc5c4)CC3)cc(cc2n1)C#N,6.6
1720,CHEMBL239166,Cc1ccc2c(OCCN3CCC(Cc4ccc5OCC(=O)Nc5c4)CC3)cc(Cl)cc2n1,6.1
1721,CHEMBL442087,Cc1ccc2c(OCCN3CCC(Cc4ccc5OCC(=O)Nc5c4)CC3)cc(F)cc2n1,6.4
1725,CHEMBL238732,Cc1ccc2c(OCCN3CCC(Cc4cc(F)c5OCC(=O)Nc5c4)CC3)cc(Cl)cc2n1,6.2
1727,CHEMBL391661,Cc1ccc2c(OCCN3CCC(Cc4cc5NC(=O)COc5cc4F)CC3)cc(Cl)cc2n1,6.1
1728,CHEMBL238520,Cc1ccc2c(OCCN3CCC(Cc4cc5NC(=O)COc5cc4F)CC3)cc(F)cc2n1,6.6
1729,CHEMBL238519,Cc1ccc2c(OCCN3CCC(Cc4ccc5OCC(=O)Nc5c4F)CC3)cc(Cl)cc2n1,6.2
1733,CHEMBL251541,COc1cccc2C[C@@H]3[C@H](C[C@H](CN3C)C(=O)N4CCN(CC4)c5ccc(cc5)[N+](=O)[O-])Cc12,6.95
1759,CHEMBL401541,NC1=Nc2cccc(Cl)c2CN1,5.44
1760,CHEMBL1548,NC1=Nc2ccc(Cl)c(Cl)c2CN1,5.9
1762,CHEMBL272781,CC1NC(=Nc2c(Cl)ccc(Cl)c12)N,6.02
1763,CHEMBL258073,COc1c(Cl)ccc2N=C(N)NC(C)c12,5.94
1764,CHEMBL401745,COc1cc(Cl)c(C)c2C(C)NC(=Nc12)N,6.85
1765,CHEMBL402179,CNC1=Nc2c(OC(C)C)cccc2C(C)N1,6.8
1767,CHEMBL408152,COc1cccc2C(C)NC(=Nc12)N,6.35
1768,CHEMBL271298,CNC1=Nc2ccc(Cl)c(Cl)c2C(C)N1,6.34
1769,CHEMBL273170,CC1NC(=Nc2ccc(Cl)c(Cl)c12)N,6.59
1770,CHEMBL439240,CCC1NC(=Nc2ccc(Cl)c(Cl)c12)N,5.89
1771,CHEMBL269964,CNC1=Nc2cccc(Cl)c2C(C)N1,5.84
1772,CHEMBL270177,CC1NC(=Nc2cccc(Cl)c12)N,5.9
1773,CHEMBL404511,CC1NC(=Nc2cccc(Cl)c12)NCC(F)F,5.86
1775,CHEMBL257744,COc1c(Cl)ccc2N=C(NCC(F)F)NC(C)c12,5.74
1777,CHEMBL404248,COc1cccc2C(C)NC(=Nc12)NCC(F)F,6.13
1779,CHEMBL256694,C[C@@H]1NC(=Nc2ccc(Cl)c(Cl)c12)NCC(F)F,6.63
1780,CHEMBL429136,CC1NC(=Nc2ccc(Cl)c(Cl)c12)NCC(F)F,6.2
1781,CHEMBL404372,C[C@@H]1NC(=Nc2cccc(Cl)c12)N,5.96
1782,CHEMBL541993,C[C@@H]1NC(=Nc2cccc(Cl)c12)NCC(F)F,5.84
1827,CHEMBL510280,Fc1ccc(cc1)C(=O)Nc2ccc3[nH]cc(C4CCN(CCN5CCC(CC5)c6c[nH]c7ccc(NC(=O)c8ccc(F)cc8)cc67)CC4)c3c2,6.66
1832,CHEMBL451394,Fc1ccc(cc1)C(=O)Nc2ccc3[nH]cc(C4CCN(Cc5cccc(CN6CCC(CC6)c7c[nH]c8ccc(NC(=O)c9ccc(F)cc9)cc78)c5)CC4)c3c2,6.82
1868,CHEMBL495160,CC(=O)Nc1ccc(CN2CCN(CCOc3cccc4nc(C)ccc34)CC2)cc1,6.7
1901,CHEMBL494678,CN1CCN(CC1)c2cc(nc(N)n2)c3ccc(cc3)C#N,6.92
1904,CHEMBL513715,Cc1ccc2c(cccc2n1)N3CCN(CCc4cccc5NC(=O)COc45)CC3,10.3
1905,CHEMBL469345,CN1C(=O)COc2c(CCN3CCN(CC3)c4cccc5nc(C)ccc45)cccc12,9.5
1906,CHEMBL512724,Cc1ccc2c(cccc2n1)N3CCN(CCc4ccc5NC(=O)COc5c4)CC3,9.1
1907,CHEMBL472289,CN1C(=O)COc2cc(CCN3CCN(CC3)c4cccc5nc(C)ccc45)ccc12,8.3
1908,CHEMBL472290,CCN1C(=O)COc2c(CCN3CCN(CC3)c4cccc5nc(C)ccc45)cccc12,9.7
1909,CHEMBL469567,CC(C)N1C(=O)COc2c(CCN3CCN(CC3)c4cccc5nc(C)ccc45)cccc12,9.6
1910,CHEMBL469568,Cc1ccc2c(cccc2n1)N3CCN(CCc4cccc5N(C6CC6)C(=O)COc45)CC3,9.8
1911,CHEMBL469995,Cc1ccc2c(cccc2n1)N3CCN(CCc4cccc5N(CC6CC6)C(=O)COc45)CC3,9.5
1912,CHEMBL511279,Cc1ccc2c(cccc2n1)N3CCN(CCc4cccc5N(CC(F)F)C(=O)COc45)CC3,9.4
1913,CHEMBL511815,C[C@@H]1CN(CCN1CCc2cccc3N(C)C(=O)COc23)c4cccc5nc(C)ccc45,9.4
1914,CHEMBL471047,C[C@H]1CN(CCN1CCc2cccc3N(C)C(=O)COc23)c4cccc5nc(C)ccc45,8.8
1915,CHEMBL469374,CN1C(=O)COc2c(CCN3CCN(CC3)c4cc(F)cc5nc(C)ccc45)cccc12,10.1
1916,CHEMBL513875,C[C@@H]1CN(CCN1CCc2cccc3N(C)C(=O)COc23)c4cc(F)cc5nc(C)ccc45,9.5
1917,CHEMBL469375,CN1C(=O)COc2c(CCCN3CCN(CC3)c4cccc5nc(C)ccc45)cccc12,8.5
1918,CHEMBL469376,C[C@@H]1CN(CCN1CCCc2cccc3N(C)C(=O)COc23)c4cccc5nc(C)ccc45,9.2
1919,CHEMBL469589,CN1C(=O)COc2c(CCCN3CCN(CC3)c4cc(F)cc5nc(C)ccc45)cccc12,7.8
1920,CHEMBL470217,C[C@@H]1CN(CCN1CCCc2cccc3N(C)C(=O)COc23)c4cc(F)cc5nc(C)ccc45,8.4
1921,CHEMBL470849,Cc1ccc2c(cccc2n1)N3CCN(CCCc4cccc5NC(=O)COc45)CC3,9.4
1943,CHEMBL402143,COc1c(OCCF)cccc1C(O)C2CCN(CCc3ccc(F)cc3)CC2,6.15
1944,CHEMBL515472,COc1c(OCCF)cccc1[C@H](O)C2CCN(CCc3ccc(F)cc3)CC2,5.97
1945,CHEMBL516088,COc1c(OCCF)cccc1C(=O)C2CCN(CCc3ccc(F)cc3)CC2,6.15
1946,CHEMBL476838,COc1c(OCCF)cccc1C(O)C2CCN(CCc3ccc(cc3)[N+](=O)[O-])CC2,5.47
1947,CHEMBL476839,COc1c(OCCF)cccc1C(O)C2CCN(CCc3ccc(C)cc3)CC2,5.84
1950,CHEMBL490634,COc1c(OCCF)cccc1C(=O)C2CCN(CCc3ccc(cc3)[N+](=O)[O-])CC2,5.74
1951,CHEMBL489408,COc1ccc(CCN2CCC(CC2)C(=O)c3cccc(OCCF)c3OC)cc1,5.84
1954,CHEMBL495075,Clc1ccc(cc1Cl)C(=O)N[C@H]2CCN(Cc3ccc(OC4CCNCC4)c(Br)c3)C2,6.85
1960,CHEMBL484205,Cc1ccc2c(cccc2n1)N3CCN(Cc4ccc5OCC(=O)Nc5c4)CC3,6.9
1962,CHEMBL484216,CC(COc1cccc2nc(C)ccc12)N3CCC(Cc4ccc5OCC(=O)Nc5c4)CC3,6.6
1966,CHEMBL519010,Cc1ccc2c(OCCCN3CC(COc4ccc5OCC(=O)Nc5c4)C3)cccc2n1,6.8
1967,CHEMBL519019,Cc1ccc2c(OCCCN3CC(C3)Oc4ccc5OCC(=O)Nc5c4)cccc2n1,6.6
1968,CHEMBL484742,Cc1ccc2c(OC3CCN(Cc4ccc5OCC(=O)Nc5c4)CC3)cccc2n1,5.9
1969,CHEMBL484743,Cc1ccc2c(OCC3CCN(Cc4ccc5OCC(=O)Nc5c4)CC3)cccc2n1,5.9
1971,CHEMBL519037,Cc1ccc2c(OC3CCN(CC(=O)c4ccc5OCC(=O)Nc5c4)CC3)cccc2n1,5.7
1972,CHEMBL485630,Cc1ccc2c(OCC3CCN(CC(=O)c4ccc5OCC(=O)Nc5c4)CC3)cccc2n1,6.6
1977,CHEMBL458001,ClC1=C(C=NN(Cc2cccc(NC(=O)c3ccc(cc3)c4ccccc4)c2)C1=O)N5CCNCC5,6.38
1978,CHEMBL458002,Cc1ccc(CN2N=CC(=C(Cl)C2=O)N3CCNCC3)cc1NC(=O)c4ccc(cc4)c5ccccc5,6.13
1979,CHEMBL458220,Cc1c(CN2N=CC(=C(Cl)C2=O)N3CCNCC3)cccc1NC(=O)c4ccc(cc4)c5ccccc5,6.34
2041,CHEMBL604102,N[C@@H]1CCN(C1)c2ccc3[nH]nc(c3c2)S(=O)(=O)c4cccc5ccccc45,5.64
2042,CHEMBL1085672,Clc1cccc(c1)N2CCN(CC3CCCCN3)C2=O,6.3
2043,CHEMBL1084132,C(C1CCCCN1)N2CCN(C2)c3ccccc3,5.5
2055,CHEMBL1242904,Cc1ccc2c(cccc2n1)N3CCN(CCc4cccc5c4OCc6nccn56)CC3,10.0
2057,CHEMBL1241547,Cc1ccc2c(cccc2n1)N3CCN(CCc4cccc5c4OCc6nc(C)cn56)CC3,9.9
2059,CHEMBL1241548,Cc1ccc2c(cccc2n1)N3CCN(CCc4cccc5c4OCc6nc(C)c(C)n56)CC3,9.8
2061,CHEMBL1241641,Cc1ccc2c(cccc2n1)N3CCN(CCc4cccc5c4OCc6nc(cn56)C(F)(F)F)CC3,9.9
2063,CHEMBL1241642,Cc1ccc2c(cccc2n1)N3CCN(CCc4cccc5c4OCc6cncn56)CC3,9.9
2065,CHEMBL1241738,Cc1ccc2c(cccc2n1)N3CCN(CCc4cccc5c4OCc6nnc(C)n56)CC3,9.8
2067,CHEMBL1241546,Cc1ccc2c(cccc2n1)N3CCN(CCc4cccc5c4OCc6c(C)nnn56)CC3,9.9
2069,CHEMBL1241639,Cc1ccc2c(cccc2n1)N3CCN(CCc4cccc5c4OCc6nnnn56)CC3,9.9
2071,CHEMBL1241640,CCOC(=O)c1ncn2c1COc3c(CCN4CCN(CC4)c5cccc6nc(C)ccc56)cccc23,9.5
2073,CHEMBL1241736,CC(=O)c1ncn2c1COc3c(CCN4CCN(CC4)c5cccc6nc(C)ccc56)cccc23,10.0
2075,CHEMBL1241737,CO\N=C(/C)\c1ncn2c1COc3c(CCN4CCN(CC4)c5cccc6nc(C)ccc56)cccc23,9.5
2077,CHEMBL1241824,CN(C)C(=O)c1ncn2c1COc3c(CCN4CCN(CC4)c5cccc6nc(C)ccc56)cccc23,9.8
2079,CHEMBL1241825,Cc1ccc2c(cccc2n1)N3CCN(CCc4cccc5c4OCc6c(ncn56)C#N)CC3,8.7
2081,CHEMBL1241912,CNC(=O)c1ncn2c1COc3c(CCN4CCN(CC4)c5cccc6nc(C)ccc56)cccc23,9.9
2085,CHEMBL1241998,CC(C)NC(=O)c1ncn2c1COc3c(CCN4CCN(CC4)c5cccc6nc(C)ccc56)cccc23,9.8
2087,CHEMBL1242081,Cc1ccc2c(cccc2n1)N3CCN(CCc4cccc5c4OCc6c(ncn56)C(=O)NC7CC7)CC3,10.4
2089,CHEMBL1242167,Cc1ccc2c(cccc2n1)N3CCN(CCc4cccc5c4OCc6c(ncn56)C(=O)NC7CCC7)CC3,10.0
2091,CHEMBL1242257,Cc1ccc2c(cccc2n1)N3CCN(CCc4cccc5c4OCc6c(ncn56)C(=O)NC7CCCC7)CC3,9.8
2093,CHEMBL1242345,Cc1ccc2c(cccc2n1)N3CCN(CCc4cccc5c4OCc6c(ncn56)C(=O)NCC7CC7)CC3,10.7
2095,CHEMBL1242436,Cc1ccc2c(cccc2n1)N3CCN(CCc4cccc5c4OCc6c(ncn56)C(=O)N7CCC7)CC3,9.7
2097,CHEMBL1242533,Cc1ccc2c(cccc2n1)N3CCN(CCc4cccc5c4OCc6c(ncn56)C(=O)N7CCCC7)CC3,9.8
2099,CHEMBL1242623,Cc1ccc2c(cccc2n1)N3CCN(CCc4cccc5c4OCc6c(ncn56)C(=O)N7CCCCC7)CC3,9.8
2101,CHEMBL1242717,Cc1ccc2c(cccc2n1)N3CCN(CCc4cccc5c4OCc6c(ncn56)C(=O)N7CCOCC7)CC3,9.8
2104,CHEMBL1258223,CCCCN1CCC(COC(=O)c2cc(Cl)c(NC)c3OCCOc23)CC1,5.89
2105,CHEMBL1258452,CCCCN1CCC(COC(=O)c2ccc(N)c(OC)c2)CC1,5.25
2106,CHEMBL1258671,CCCCN1CCC(COC(=O)c2cc(F)c(N)c3OCCOc23)CC1,5.54
2111,CHEMBL1277565,Cn1nc(c2cc(ccc12)N3CCNCC3)S(=O)(=O)c4cccc5ccccc45,5.56
2117,CHEMBL1290486,Cc1ccc2c(cccc2n1)N3CCN(CCc4cccc5NC(=O)CCc45)CC3,10.0
2118,CHEMBL1290487,CN1C(=O)CCc2c(CCN3CCN(CC3)c4cccc5nc(C)ccc45)cccc12,10.1
2119,CHEMBL1290597,CN1C(=O)CCc2c(CCN3CCN(CC3)c4cccc5nc(C)ccc45)c(C)ccc12,9.0
2120,CHEMBL1290715,Cc1ccc2c(cccc2n1)N3CCN(CCc4cccc5NC(=O)C=Cc45)CC3,9.9
2121,CHEMBL1289047,Cc1ccc2c(cccc2n1)N3CCN(CCc4c(C)ccc5NC(=O)C=Cc45)CC3,8.6
2122,CHEMBL1289048,CN1C(=O)C=Cc2c(CCN3CCN(CC3)c4cccc5nc(C)ccc45)c(C)ccc12,8.7
2123,CHEMBL1289163,CN1C(=O)C=Cc2c(CCN3CCN(CC3)c4cccc5nc(C)ccc45)c(F)ccc12,9.4
2124,CHEMBL1289164,CN1C(=O)C=Cc2c(CCN3CCN(CC3)c4cccc5nc(C)ccc45)c(Cl)ccc12,8.4
2125,CHEMBL1289276,CN1C(=O)C=Cc2c(CCN3CCN(CC3)c4cc(F)cc5nc(C)ccc45)c(C)ccc12,8.7
2126,CHEMBL1289277,C[C@@H]1CN(CCN1CCc2c(C)ccc3N(C)C(=O)C=Cc23)c4cccc5nc(C)ccc45,8.6
2127,CHEMBL1289394,C[C@@H]1CN(CCN1CCc2cccc3N(C)C(=O)C=Cc23)c4cc(F)cc5nc(C)ccc45,9.9
2128,CHEMBL1287827,C[C@H]1CN(CCN1CCc2cccc3N(C)C(=O)C=Cc23)c4cccc5nc(C)ccc45,8.3
2129,CHEMBL1289509,C[C@H]1CN(CCN1CCc2c(C)ccc3N(C)C(=O)C=Cc23)c4cccc5nc(C)ccc45,7.7
2130,CHEMBL1289510,C[C@H]1CN(CCN1CCc2cccc3N(C)C(=O)C=Cc23)c4cc(F)cc5nc(C)ccc45,8.9
2132,CHEMBL1289618,CN1C(=O)C=Cc2c(CCN3CCN(CC3(C)C)c4cccc5nc(C)ccc45)cccc12,9.3
2133,CHEMBL1289721,CN1C(=O)C=Cc2c(CCN3CCC(CC3)c4cccc5nc(C)ccc45)c(C)ccc12,7.4
2226,CHEMBL1632158,COC(=O)CCCCCN1CCC(CNC(=O)c2c3OCCCn3c4ccccc24)CC1,5.5
2233,CHEMBL1642882,Cl.Clc1cccc(c1)S(=O)(=O)c2n[nH]c3ccc(NC4CCNCC4)cc23,6.39
2234,CHEMBL1642886,Cl.CC(C)c1ccc(cc1)S(=O)(=O)c2n[nH]c3ccc(NC4CCNCC4)cc23,5.83
2237,CHEMBL1642866,Cl.O=C(Nc1ccc2[nH]nc(c2c1)S(=O)(=O)c3cccc4ccccc34)C5CCNCC5,5.87
2259,CHEMBL1834350,CCN\C(=N/S(=O)(=O)c1cccc(Cl)c1)\N2CC3(CCNCC3)C=N2,5.0
2264,CHEMBL1910139,COc1ccccc1N2CCN(CCN(C(=O)C34C5C6C3C7C4C5C67CF)c8ccccn8)CC2,6.91
2265,CHEMBL1910140,COc1ccccc1N2CCN(CCN(C(=O)C34CCC(CF)(CC3)CC4)c5ccccn5)CC2,6.44
2270,CHEMBL555146,C[C@@H]1CCCN1CCc2oc3ccc(cc3c2)C(=O)c4ccc(F)cc4,5.2
2271,CHEMBL2031737,C[C@@H]1CCCN1CCc2oc3ccc(cc3c2)C(=O)c4ccc(cc4)[N+](=O)[O-],5.28
2303,CHEMBL2181187,CCCN1CCC(COc2nc3c(OC)cccc3c4ccccc24)CC1,5.59
2304,CHEMBL2181188,CCCN1CCC(COc2nc3c(Cl)cccc3c4ccccc24)CC1,5.63
2314,CHEMBL2260932,CN[C@H](COc1cccc(Cl)c1Cl)c2ccccc2.OC(=O)C(=O)O,5.11
2315,CHEMBL2260931,CN[C@@H](COc1cccc(Cl)c1Cl)c2ccccc2.OC(=O)C(=O)O,5.2
2316,CHEMBL2260934,CN1CCN(CC1)[C@H](COc2cccc(Cl)c2Cl)c3ccccc3.OC(=O)C(=O)O,5.26
2317,CHEMBL2260927,CNC(C)COc1cc(Cl)ccc1Cl.OC(=O)C(=O)O,5.27
2318,CHEMBL2260922,CNCCOc1cc(Cl)ccc1Cl.OC(=O)C(=O)O,5.42
2319,CHEMBL2260926,CNC(C)COc1ccc(Cl)cc1Cl.OC(=O)C(=O)O,5.54
2320,CHEMBL2260920,CNCCOc1cccc(Cl)c1Cl.OC(=O)C(=O)O,5.69
2321,CHEMBL2260933,CN1CCN(CC1)[C@@H](COc2cccc(Cl)c2Cl)c3ccccc3.OC(=O)C(=O)O,5.83
2322,CHEMBL2260923,CNCCOc1ccc(Br)cc1Br.OC(=O)C(=O)O,5.91
2323,CHEMBL2260928,CNC(C)COc1ccc(Br)cc1Br.OC(=O)C(=O)O,5.95
2324,CHEMBL2260921,CNCCOc1ccc(Cl)cc1Cl.OC(=O)C(=O)O,6.01
2325,CHEMBL2260925,CNC(C)COc1cccc(Cl)c1Cl.OC(=O)C(=O)O,6.22
2326,CHEMBL2260930,CNC(C)COc1cccc(Oc2ccccc2)c1.OC(=O)C(=O)O,6.41
2327,CHEMBL2260929,CNC(C)COc1c(Br)cccc1Br.OC(=O)C(=O)O,6.65
2331,CHEMBL30713,CC(N)Cc1c[nH]c2ccccc12,5.75
2334,CHEMBL519609,CCN(CC)CCCOC(=O)N1c2ccccc2Sc3ccccc13,5.57
2338,CHEMBL2413153,CN1C(=O)C=NN(CCCCN2CCN(CC2)c3ccccc3OCCF)C1=O,6.63
2374,CHEMBL2058429,C\N=C\1/N(C)C(=O)\C(=C/c2c[nH]c3c(Br)cccc23)\N1C,5.05
2375,CHEMBL2058419,CN1C(=N)N(C)\C(=C\c2c[nH]c3cccc(Br)c23)\C1=O,5.17
2376,CHEMBL2058426,C\N=C\1/N(C)C(=O)\C(=C/c2c[nH]c3cccc(Br)c23)\N1C,5.59
2391,CHEMBL3104093,CN1CCc2c(C1)c3cccc4c5ccccc5CCn2c34,6.2
2401,CHEMBL1112,Clc1cccc(N2CCN(CCCCOc3ccc4CCC(=O)Nc4c3)CC2)c1Cl,7.0
2402,CHEMBL85,CC1=C(CCN2CCC(CC2)c3noc4cc(F)ccc34)C(=O)N5CCCCC5=N1,6.0
2406,CHEMBL3326982,COc1ccccc1N2CCN(CCCCC(=O)NCc3ccccc3c4ccccc4Cl)CC2,6.38
2407,CHEMBL3326993,COc1ccccc1N2CCN(CCCCCC(=O)NCc3ccccc3c4ccccc4Cl)CC2,6.91
2439,CHEMBL3735756,COc1ccc(CCN(CCCc2ccccc2)CCc3ccc4OCOc4c3)cc1OC,6.35
2443,CHEMBL3754166,Brc1ccc2[nH]cc(CCN(CC=C)CC=C)c2c1,6.9
2444,CHEMBL3753318,Cc1ccc2[nH]cc(CCN(CC=C)CC=C)c2c1,6.4
2453,CHEMBL3764650,Cl.COc1ccccc1N2CCN(CCCCCC(=O)n3c4ccccc4c5ccccc35)CC2,5.89
2454,CHEMBL3763779,Cl.COc1ccccc1N2CCN(CCCCC(=O)n3c4ccccc4c5ccccc35)CC2,6.34
2455,CHEMBL3764133,Cl.Oc1ccccc1N2CCN(CCCCC(=O)n3c4ccccc4c5ccccc35)CC2,5.85
2457,CHEMBL582877,CC1(C)NC(=NC(=N1)N)Nc2cccc(Br)c2,5.58
2458,CHEMBL3770106,CCOC(=O)c1cccc(NC2=NC(=NC3(CCCCC3)N2)N)c1,5.07
2459,CHEMBL3770981,CCOC(=O)c1cccc(NC2=NC(=NC3(CCCCC3)N2)N(C)C)c1,5.42
2460,CHEMBL3770342,NC1=NC2(CCCCC2)NC(=N1)Nc3cccc(Br)c3,5.54
