,molecule_chembl_id,canonical_smiles,pchembl_value
0,vortioxetine,CC1=CC=C(SC2=C(C=CC=C2)N2CCNCC2)C(C)=C1,7.48148584
1,zolmitriptan,CN(C)CCc1c[nH]c2ccc(C[C@H]3COC(=O)N3)cc12,7.7
2,rizatriptan,CN(C)CCC1=CNC2=C1C=C(CN1C=NC=N1)C=C2,6.9
3,almotriptan,CN(C)CCC1=CNC2=C1C=C(CS(=O)(=O)N1CCCC1)C=C2,8.0
4,frovatriptan,CN[C@@H]1CCc2[nH]c3ccc(cc3c2C1)C(=O)N,7.99
5,sumatriptan,CNS(=O)(=O)CC1=CC2=C(NC=C2CCN(C)C)C=C1,8.26
6,naratriptan,CNS(=O)(=O)CCC1=CC=C2NC=C(C3CCN(C)CC3)C2=C1,8.48
7,eletriptan,CN1CCC[C@@H]1CC1=CNC2=C1C=C(CCS(=O)(=O)C1=CC=CC=C1)C=C2,8.52
8,CHEMBL3126382,CC(=O)O.OCc1cc(ccc1O)[C@@H](O)CNCCCCCCOCCCCc2cccc(c2)S(=O)(=O)C3CCCC3,7.0
9,CHEMBL484216,CC(COc1cccc2nc(C)ccc12)N3CCC(Cc4ccc5OCC(=O)Nc5c4)CC3,7.0
10,CHEMBL497127,CCN(C(=O)C)c1cccc(CC2CCN(CCOc3cccc4nc(C)ccc34)CC2)c1,7.0
11,CHEMBL149488,CN(Cc1ccc(NC(=O)C)cc1)C2CCN(CCCc3c[nH]c4ccc(cc34)n5cnnc5)CC2,7.0
12,CHEMBL97333,CN1CCC(CCN2CCC(CC2)c3cn(c4ccc(F)cc4)c5ccc(cc35)c6ncn(C)n6)C1=O,7.0
13,CHEMBL467094,COc1cc2CCN(C)C3Cc4cc5OCOc5cc4c(c1OC)c23,7.0
14,CHEMBL192176,Cc1ccc2c(OCCN3CCN(CN4OC5=CCC(=O)C=C5C=C4)CC3)cccc2n1,7.0
15,CHEMBL248457,Cc1ccc2c(OCCN3CCN(Cc4ccc5OCC(=O)Nc5c4)CC3)cccc2n1,7.0
16,CHEMBL552599,Cl.FC(F)(F)S(=O)(=O)Oc1ccc2CCN(CCCCNC(=O)\C=C\c3c[nH]c4ccccc34)Cc2c1,7.0
17,CHEMBL500737,Fc1ccc(cc1)C(=O)Nc2ccc3[nH]cc(C4CCN(CCCCCCN5CCC(CC5)c6c[nH]c7ccc(NC(=O)c8ccc(F)cc8)cc67)CC4)c3c2,7.0
18,CHEMBL116031,Fc1ccccc1CCN2CCN(CCCc3c[nH]c4ccc(cc34)n5cnnc5)CC2,7.0
19,CHEMBL147853,OC[C@@H](Cc1ccccc1)NC2CCN(CCCc3c[nH]c4ccc(cc34)n5cnnc5)CC2,7.0
20,CHEMBL434125,OC[C@H](NC1CCN(CCCc2c[nH]c3ccc(cc23)n4ccnc4)CC1)c5ccccc5,7.0
21,CHEMBL148194,CC(CO)(NC1CCN(CCCc2c[nH]c3ccc(cc23)n4cnnc4)CC1)c5ccccc5,7.01
22,CHEMBL143767,CN(C)CCc1c[nH]c2ccc(OS(=O)(=O)C(F)(F)F)cc12,7.01
23,CHEMBL2368257,CN(C)[C@@H]1C[C@H](C1)c2c[nH]c3ccc(CC4COC(=O)N4C)cc23,7.01
24,CHEMBL2368253,CN(C)[C@@H]1C[C@H](C1)c2c[nH]c3ccc(Oc4ccccc4)cc23,7.01
25,CHEMBL119668,Fc1ccc(CCN2CCN(CCCc3c[nH]c4ccc(cc34)n5cnnc5)CC2)cc1F,7.01
26,CHEMBL114877,CN(Cc1ccccc1)CC2(O)CCN(CCCc3c[nH]c4ccc(cc34)n5cnnc5)CC2,7.02
27,CHEMBL148087,C[C@H](NC1CCN(CCCc2c[nH]c3ccc(cc23)n4cnnc4)CC1)c5ccccc5,7.02
28,CHEMBL79725,NC(=O)c1ccc2C(CCN3CCC(C3)c4c[nH]c5cc(F)ccc45)OCCc2c1,7.02
29,CHEMBL161894,S=C(NN1CCC(=CC1)c2ccc3[nH]cc(CCN4CCCC4)c3c2)c5cccc6ccccc56,7.02
30,CHEMBL351311,C(CN1CCN(CCc2cccnc2)CC1)Cc3c[nH]c4ccc(cc34)n5cnnc5,7.03
31,CHEMBL159627,OC[C@@H]1CCN(CCc2c[nH]c3ccc(cc23)n4cnnc4)C1,7.03
32,CHEMBL349528,O[C@@H]1CCN(CCc2c[nH]c3ccc(cc23)n4cnnc4)C1,7.03
33,CHEMBL234448,C[C@@H]1CN(CCN1CC[C@H]2OCCc3cc(ccc23)C(=O)N)c4cccc5cc(F)ccc45,7.04
34,CHEMBL114303,CN(Cc1ccccc1C)CC2(O)CCN(CCCc3c[nH]c4ccc(cc34)n5cnnc5)CC2,7.05
35,CHEMBL434315,CN(Cc1occc1)C2CCN(CCCc3c[nH]c4ccc(cc34)n5cnnc5)CC2,7.05
36,CHEMBL343217,COC[C@H](NC1CCN(CCCc2c[nH]c3ccc(cc23)n4cnnc4)CC1)c5ccc(F)cc5,7.05
37,CHEMBL159493,C(Cc1c[nH]c2ccc(cc12)n3cnnc3)N4CC[C@@H](CNc5ccccc5)C4,7.06
38,CHEMBL326371,C(Cc1c[nH]c2ccc(cc12)n3cnnc3)N4CC[C@@H](COCc5ccccc5)C4,7.06
39,CHEMBL348864,C[C@H](N(C)C[C@@H]1CCN(CCc2c[nH]c3ccc(Cn4cncn4)cc23)C1)c5ccccc5,7.06
40,CHEMBL3706925,C[C@H]1CN(CCN1CC[C@H]2OCc3cc(ccc23)C(=O)N)c4cccc5cc(ccc45)C#N,7.06
41,CHEMBL609742,Clc1ccccc1S(=O)(=O)Nc2ccc3[nH]cc(C[C@H]4CCCN4)c3c2,7.06
42,CHEMBL352123,C(CN1CCN(CCCc2c[nH]c3ccc(cc23)n4cnnc4)CC1)Cc5ccccc5,7.07
43,CHEMBL113831,CC(C)(C)CNCC1(O)CCN(CCCc2c[nH]c3ccc(cc23)n4cnnc4)CC1,7.07
44,CHEMBL145849,CN(CC1CCN(CCCc2c[nH]c3ccc(cc23)n4cnnc4)CC1)[C@@H](CO)c5ccccc5,7.07
45,CHEMBL148110,C[C@@H](NC1CCN(CCCc2c[nH]c3ccc(cc23)n4cnnc4)CC1)C(=O)Nc5ccccc5,7.07
46,CHEMBL101690,CN1CCC(CC1)c2c[nH]c3ccc(NC(=O)c4ccc(F)cc4)cc23,7.08
47,CHEMBL324751,Cc1ccccc1CNCC2(O)CCN(CCCc3c[nH]c4ccc(cc34)n5cnnc5)CC2,7.08
48,CHEMBL146396,CC#CCN(C)C1CCN(CCCc2c[nH]c3ccc(cc23)n4cnnc4)CC1,7.09
49,CHEMBL441256,CCCN(CCC)C1CCc2cc(F)c3[nH]cc(C=O)c3c2C1,7.09
50,CHEMBL162724,Clc1ccc(cc1)C(=O)NN2CCC(=CC2)c3ccc4[nH]cc(CCN5CCCC5)c4c3,7.09
51,CHEMBL103503,CN1CCC(CC1)c2c[nH]c3cnc(NC(=O)c4ccc(F)cc4)cc23,7.1
52,CHEMBL462915,Cc1ccc2c(OCCN3CCC(Cc4cccc(c4)C5CCN(CC5)S(=O)(=O)C)CC3)cccc2n1,7.1
53,CHEMBL191605,Cc1ccc2c(OCCN3CCN(Cc4ccc(C)c(c4)[N+](=O)[O-])CC3)cccc2n1,7.1
54,CHEMBL503468,Fc1ccc(cc1)C(=O)Nc2ccc3[nH]cc(C4CCN(CCCCCCCN5CCC(CC5)c6c[nH]c7ccc(NC(=O)c8ccc(F)cc8)cc67)CC4)c3c2,7.1
55,CHEMBL147979,OC[C@H](NCC1CCN(CCCc2c[nH]c3ccc(cc23)n4cnnc4)CC1)c5ccccc5,7.1
56,CHEMBL357408,C(CN1CCC(CC1)NCc2cocc2)Cc3c[nH]c4ccc(cc34)n5cnnc5,7.11
57,CHEMBL148071,CS(=O)(=O)NC[C@H](NC1CCN(CCCc2c[nH]c3ccc(cc23)n4cnnc4)CC1)c5ccccc5,7.11
58,CHEMBL161970,O=C1CN(CCCc2c[nH]c3ccc(cc23)n4cnnc4)CCN1CCc5ccccc5,7.11
59,CHEMBL145997,C(CN1CCC(CC1)NCc2ccccn2)Cc3c[nH]c4ccc(cc34)n5cnnc5,7.12
60,CHEMBL421573,Fc1ccc(cc1)n2cc(C3CCN(CCN4CCNC4=O)CC3)c5cc(ccc25)c6ncccn6,7.12
61,CHEMBL161410,C[C@@H](NC[C@@H]1CCN(CCc2c[nH]c3ccc(cc23)n4cnnc4)C1)c5ccccc5,7.13
62,CHEMBL292779,Fc1cccc(CCN2CCN(CCCc3c[nH]c4ccc(cc34)n5cnnc5)CC2)c1,7.13
63,CHEMBL146991,Oc1nc2ccccc2n1C3CCN(CCCc4c[nH]c5ccc(cc45)n6cnnc6)CC3,7.13
64,CHEMBL79693,NC(=O)c1ccc2C(CCN3CCC(CC3)c4cccc5ccccc45)OCCc2c1,7.14
65,CHEMBL342330,CN([C@H](CO)c1ccccc1)C2CCN(CCCc3c[nH]c4ccc(cc34)n5cnnc5)CC2,7.15
66,CHEMBL2260929,CNC(C)COc1c(Br)cccc1Br.OC(=O)C(=O)O,7.15
67,CHEMBL309021,COc1ccc(cc1CCCN(C)C)C(=O)Nc2ccc(cc2)c3ccncc3,7.15
68,CHEMBL173656,CC1CCC(C)N1CCc2c[nH]c3ccc(cc23)c4cccs4,7.16
69,CHEMBL350153,CN(C[C@@H]1CCN(CCc2c[nH]c3ccc(C[C@H]4COC(=O)N4C)cc23)C1)Cc5ccccc5,7.16
70,CHEMBL327527,Cn1cnc(n1)c2ccc3c(c2)c(cn3c4ccc(F)cc4)C5CCN(CCN6CCNC6=O)CC5,7.17
71,CHEMBL328940,Cn1ncc(n1)c2ccc3c(c2)c(cn3c4ccc(F)cc4)C5CCN(CCN6CCNC6=O)CC5,7.17
72,CHEMBL352181,S=C(NN1CCC(=CC1)c2ccc3[nH]cc(CCN4CCCC4)c3c2)c5ccccc5,7.17
73,CHEMBL343667,CN(CC1CCN(CCCc2c[nH]c3ccc(cc23)n4cnnc4)CC1)Cc5ccc(cc5)S(=O)(=O)C,7.18
74,CHEMBL147546,CN(CCc1ccc(NC(=O)C)cc1)C2CCN(CCCc3c[nH]c4ccc(cc34)n5cnnc5)CC2,7.18
75,CHEMBL440008,O=C(NN1CCC(=CC1)c2ccc3[nH]cc(CCN4CCCC4)c3c2)C56CC7CC(CC(C7)C5)C6,7.19
76,CHEMBL423789,O=C(NN1CCC(=CC1)c2ccc3[nH]cc(CCN4CCCC4)c3c2)c5cccc6ccccc56,7.19
77,CHEMBL109360,CN(C)CCc1c[nH]c2ccc(OC(=O)C(C)(C)C)cc12,7.2
78,CHEMBL1289048,CN1C(=O)C=Cc2c(CCN3CCN(CC3)c4cccc5nc(C)ccc45)c(C)ccc12,7.2
79,CHEMBL469375,CN1C(=O)COc2c(CCCN3CCN(CC3)c4cccc5nc(C)ccc45)cccc12,7.2
80,CHEMBL456458,CN1CCN(C(=O)C1)c2cccc(CC3CCN(CCOc4cccc5nc(C)ccc45)CC3)c2,7.2
81,CHEMBL162012,Cc1ccc(cc1)C(=O)NN2CCC(=CC2)c3ccc4[nH]cc(CCN5CCCC5)c4c3,7.2
82,CHEMBL456459,Cc1ccc2c(OCCN3CCC(Cc4cccc(c4)c5ccccc5)CC3)cccc2n1,7.2
83,CHEMBL248231,Cc1ccc2c(OCCN3CCN(Cc4ccc5OCC(=O)N(Cc6ccccc6)c5c4)CC3)cccc2n1,7.2
84,CHEMBL190298,Cc1ccc2c(OCCN3CCN(Cc4cccc5[nH]cnc45)CC3)cccc2n1,7.2
85,CHEMBL143951,NC1CCN(CCCc2c[nH]c3ccc(cc23)n4cnnc4)CC1,7.2
86,CHEMBL345657,C(Cc1c[nH]c2ccc(cc12)n3cnnc3)N4CC[C@@H](CNCc5cccnc5)C4,7.21
87,CHEMBL161780,CNS(=O)(=O)Cc1ccc2[nH]cc(CCN3CC[C@@H](CNCc4ccccc4)C3)c2c1,7.21
88,CHEMBL432332,FC(CN1CCC(Cc2ccccc2)CC1)Cc3c[nH]c4ccc(cc34)n5cnnc5,7.21
89,CHEMBL115352,CN(CC(C)(C)C)CC1(O)CCN(CCCc2c[nH]c3ccc(cc23)n4cnnc4)CC1,7.22
90,CHEMBL472117,FC(F)(F)c1nc2c(cccc2[nH]1)N3CCN(CCOc4cccc5nc([nH]c45)C(F)(F)F)CC3,7.22
91,CHEMBL143952,O=S(=O)(NCC1CCN(CCCc2c[nH]c3ccc(cc23)n4cnnc4)CC1)c5ccccc5,7.22
92,CHEMBL322349,CCC(=O)Oc1ccc2[nH]cc(CCN(C)C)c2c1,7.23
93,CHEMBL159650,CN(C[C@@H]1CCN(CCCc2c[nH]c3ccc(cc23)n4cnnc4)C1)Cc5ccccc5,7.23
94,CHEMBL161696,Clc1ccc(CN2CCN(CCCc3c[nH]c4ccc(cc34)n5cnnc5)CC2)cc1,7.23
95,CHEMBL159278,COc1ccc(cc1)C(=S)NN2CCC(=CC2)c3ccc4[nH]cc(CCN5CCCC5)c4c3,7.24
96,CHEMBL146391,C[C@H](NCC1CCN(CCCc2c[nH]c3ccc(cc23)n4cnnc4)CC1)c5ccccc5,7.24
97,CHEMBL331143,OC1(CNCC2CC2)CCN(CCCc3c[nH]c4ccc(cc34)n5cnnc5)CC1,7.24
98,CHEMBL163127,CC(=O)Nc1ccc(CN2CCN(CCCc3c[nH]c4ccc(cc34)n5cnnc5)CC2)cc1,7.25
99,CHEMBL304767,CCCN(CCc1ccccc1)C2CCc3ccc4[nH]cc(C=O)c4c3C2,7.25
100,sertindole,FC1=CC=C(C=C1)N1C=C(C2CCN(CCN3CCNC3=O)CC2)C2=C1C=CC(Cl)=C2,7.25
101,CHEMBL163462,NC(=O)C(N1CCN(CCCc2c[nH]c3ccc(cc23)n4cnnc4)CC1)c5ccccc5,7.26
102,CHEMBL112558,OC1(CNCc2ccccn2)CCN(CCCc3c[nH]c4ccc(cc34)n5cnnc5)CC1,7.26
103,CHEMBL327103,CC(C)C(=O)Oc1ccc2[nH]cc(CCN(C)C)c2c1,7.28
104,CHEMBL107487,CCCCCCCCCOc1ccc2[nH]cc(CC(C)N)c2c1,7.28
105,CHEMBL387545,COc1cc(N2CCN(C)CC2)c3nc(cc(N(C)C)c3c1)C(=O)Nc4ccc(cc4)N5CCOCC5,7.29
106,CHEMBL159819,C(Cc1c[nH]c2ccc(cc12)n3cnnc3)N4CC[C@H](CNCc5ccccc5)C4,7.3
107,CHEMBL498355,CC(C)C(=O)Nc1cccc(CC2CCN(CCOc3cccc4nc(C)ccc34)CC2)c1,7.3
108,CHEMBL506942,CN(C(=O)C)c1cccc(CN2CCN(CCOc3cccc4nc(C)ccc34)CC2)c1,7.3
109,CHEMBL195897,COc1cc2CCN(C(=O)c3ccc(c4cccc(C)n4)c5ccccc35)c2cc1N6C[C@@H](C)N[C@@H](C)C6,7.3
110,CHEMBL160070,C[C@H](NC[C@@H]1CCN(CCc2c[nH]c3ccc(C[C@H]4COC(=O)N4)cc23)C1)c5ccccc5,7.3
111,CHEMBL484387,Cc1ccc2c(OCCN3CC(COc4ccc5OCC(=O)Nc5c4)C3)cccc2n1,7.3
112,CHEMBL485395,Cc1ccc2c(cccc2n1)N3CCN(CCCc4ccc5OCC(=O)Nc5c4)CC3,7.3
113,CHEMBL304984,CCCN(CC=C)C1CCc2ccc3[nH]cc(C=O)c3c2C1,7.31
114,CHEMBL293678,FC1(CCc2ccccc2)CCN(CCCc3c[nH]c4ccc(cc34)n5cnnc5)CC1,7.31
115,CHEMBL159483,O=C1N[C@@H](Cc2ccc3[nH]cc(CCN4CC[C@@H](CNCc5ccccc5)C4)c3c2)CO1,7.31
116,CHEMBL349893,C(Cc1c[nH]c2ccc(cc12)n3cnnc3)N4CC[C@@H](CNCc5ccccn5)C4,7.32
117,CHEMBL143947,C[C@@H](O)[C@H](NC1CCN(CCCc2c[nH]c3ccc(cc23)n4cnnc4)CC1)c5ccccc5,7.32
118,CHEMBL319352,Cn1nnc(n1)c2ccc3c(c2)c(cn3c4ccc(F)cc4)C5CCN(CCN6CCNC6=O)CC5,7.32
119,CHEMBL420965,C(Cc1c[nH]c2ccc(cc12)n3cnnc3)N4CC[C@@H](CNCc5ccccc5)C4,7.33
120,CHEMBL45929,CCc1ccc2[nH]cc(C[C@H]3CCCN3C)c2c1,7.33
121,CHEMBL116153,Fc1cc(F)cc(CCN2CCN(CCCc3c[nH]c4ccc(cc34)n5cnnc5)CC2)c1,7.33
122,CHEMBL326125,OC1(CNCc2ccccc2)CCN(CCCc3c[nH]c4ccc(cc34)n5cnnc5)CC1,7.33
123,CHEMBL72062,CCCN(CCc1cccs1)C2CCc3ccc4[nH]cc(C=O)c4c3C2,7.34
124,CHEMBL163114,Cc1noc(n1)c2ccc(CCN3CCN(CCCc4c[nH]c5ccc(cc45)n6cnnc6)CC3)cc2,7.34
125,CHEMBL146335,CC(=O)Nc1ccc(CNC2CCN(CCCc3c[nH]c4ccc(cc34)n5cnnc5)CC2)cc1,7.35
126,CHEMBL162722,CC(CN1CCN(CCCc2c[nH]c3ccc(cc23)n4cnnc4)CC1)c5ccccc5,7.35
127,CHEMBL158638,CN(C)[C@@H]1C[C@H](C1)c2c[nH]c3ccc(cc23)C(=O)N,7.35
128,CHEMBL329280,Cn1cc(cn1)c2ccc3c(c2)c(cn3c4ccc(F)cc4)C5CCN(CCN6CCNC6=O)CC5,7.35
129,CHEMBL428991,COc1ccc(cc1)C(=O)NN2CCC(=CC2)c3ccc4[nH]cc(CCN5CCCC5)c4c3,7.36
130,CHEMBL148233,CN(CC=C(C)C)C1CCN(CCCc2c[nH]c3ccc(cc23)n4cnnc4)CC1,7.39
131,CHEMBL159759,C[C@H](NC[C@@H]1CCN(CCc2c[nH]c3ccc(cc23)n4cnnc4)C1)c5ccccc5,7.39
132,CHEMBL248456,CC(C)N1C(=O)COc2ccc(CC3CCN(CCOc4cccc5nc(C)ccc45)CC3)cc12,7.4
133,CHEMBL322054,CCCCCCCCCOc1ccc2[nH]cc(CCN(C)C)c2c1,7.4
134,CHEMBL306197,CCCN(CCCc1ccccc1OC)C2CCc3ccc4[nH]ccc4c3C2,7.4
135,CHEMBL498356,CN(C(=O)C)c1cccc(CC2CCN(CCOc3cccc4nc(C)ccc34)CC2)c1,7.4
136,CHEMBL347570,CN(CC1CCN(CCCc2c[nH]c3ccc(cc23)n4cnnc4)CC1)C(=O)c5ccc(NC(=O)C)cc5,7.4
137,CHEMBL495217,COc1ccc(CC2CCN(CCOc3cccc4nc(C)ccc34)CC2)cc1NS(=O)(=O)C,7.4
138,CHEMBL110601,COc1ccc(NCC(=O)N2CCN(CC2)c3ccccc3C)cc1N4CCN(C)CC4.OC(=O)\C=C\C(=O)O,7.4
139,CHEMBL456684,Cc1ccc2c(OCCN3CCC(Cc4cccc(c4)N5CCCC5)CC3)cccc2n1,7.4
140,CHEMBL456460,Cc1ccc2c(OCCN3CCC(Cc4cccc(c4)c5cocc5)CC3)cccc2n1,7.4
141,CHEMBL1631544,Cc1ccc2c(cccc2n1)N3CCN(CCc4cccc(c4)N5C(=O)CCC5=O)CC3,7.4
142,CHEMBL1631541,Cc1ccc2c(cccc2n1)N3CCN(CCc4cccc(c4)N5CCCNC5=O)CC3,7.4
143,CHEMBL163151,O=C(NN1CCC(=CC1)c2ccc3[nH]cc(CCN4CCCC4)c3c2)c5ccccc5,7.4
144,CHEMBL164046,CC(C)(NC[C@@H]1CCN(CCc2c[nH]c3ccc(cc23)n4cnnc4)C1)c5ccccc5,7.41
145,CHEMBL323705,CN1CCC[C@@H]1Cc2c[nH]c3ccc(cc23)C4=CCN(CC4)\C(=N\C56C[C@@H]7C[C@@H](C[C@@H](C7)C5)C6)\S,7.41
146,CHEMBL70589,CCCN(CCC)C1CCc2ccc3[nH]cc(C#N)c3c2C1,7.42
147,CHEMBL194206,COc1ccc(NC(=O)N2CCN(CC2)c3ccc(F)cc3)cc1N4CCN(C)CC4,7.42
148,CHEMBL500230,Fc1ccc(cc1)C(=O)Nc2ccc3[nH]cc(C4CCN(CCCCCCCCCCN5CCC(CC5)c6c[nH]c7ccc(NC(=O)c8ccc(F)cc8)cc67)CC4)c3c2,7.42
149,CHEMBL348756,S=C(NN1CCC(=CC1)c2ccc3[nH]cc(CCN4CCCC4)c3c2)C5CCCCC5,7.42
150,CHEMBL308042,CC(C)c1cc(C)c(CC2=NCCN2)c(C)c1,7.43
151,CHEMBL164413,C(CN1CCN(Cc2ncc[nH]2)CC1)Cc3c[nH]c4ccc(cc34)n5cnnc5,7.44
152,CHEMBL2260920,CNCCOc1cccc(Cl)c1Cl.OC(=O)C(=O)O,7.44
153,CHEMBL351036,Clc1ccc(cc1)C(=S)NN2CCC(=CC2)c3ccc4[nH]cc(CCN5CCCC5)c4c3,7.44
154,CHEMBL328187,Cn1cc(nn1)c2ccc3c(c2)c(cn3c4ccc(F)cc4)C5CCN(CCN6CCNC6=O)CC5,7.44
155,CHEMBL6640,NCCc1c[nH]c2ccccc12,7.44
156,CHEMBL111284,CCCCCCCCCCOc1ccc2[nH]cc(CCN)c2c1,7.46
157,CHEMBL146024,CN(Cc1ccsc1)C2CCN(CCCc3c[nH]c4ccc(cc34)n5cnnc5)CC2,7.46
158,CHEMBL376813,COc1cc(N2CC[C@H](C2)N(C)C)c3NC(=CC(=O)c3c1)C(=O)Nc4ccc(cc4)N5CCOCC5,7.46
159,CHEMBL331970,C[C@@H](NC1CCN(CCCc2c[nH]c3ccc(cc23)n4cnnc4)CC1)c5ccccc5,7.46
160,CHEMBL146265,OC[C@@H](NCC1CCN(CCCc2c[nH]c3ccc(cc23)n4cnnc4)CC1)c5ccccc5,7.47
161,CHEMBL161735,C(CN1CC[C@@H](COCc2ccccc2)C1)Cc3c[nH]c4ccc(cc34)n5cnnc5,7.48
162,CHEMBL117579,CN(C[C@@H]1CCN(CCc2c[nH]c3ccc(cc23)n4cnnc4)C1)Cc5ccccc5,7.48
163,CHEMBL2204360,Cl.Cc1ccc(Sc2ccccc2N3CCNCC3)c(C)c1,7.48
164,CHEMBL2368256,CN[C@@H]1C[C@H](C1)c2c[nH]c3ccc(CC4COC(=O)N4)cc23,7.49
165,CHEMBL248230,CC(C)CN1C(=O)COc2ccc(CN3CCN(CCOc4cccc5nc(C)ccc45)CC3)cc12,7.5
166,CHEMBL101686,CCCCCCCC(=O)Nc1ccc2[nH]cc(C3CCN(C)CC3)c2n1,7.5
167,CHEMBL248229,CCCCN1C(=O)COc2ccc(CN3CCN(CCOc4cccc5nc(C)ccc45)CC3)cc12,7.5
168,CHEMBL246599,CCCN1C(=O)COc2ccc(CN3CCN(CCOc4cccc5nc(C)ccc45)CC3)cc12,7.5
169,CHEMBL371655,CCCN1[C@H](C)CN(C[C@@H]1C)c2cc3N(CCc3cc2OC)C(=O)c4ccc(c5cccc(C)n5)c6ccccc46,7.5
170,CHEMBL15933,CN1CCC2(CC1)COc3ccc(NC(=O)c4ccc(cc4)c5ccc(cc5C)c6noc(C)n6)cc23,7.5
171,CHEMBL457982,C[C@@H]1CN([C@@H](C)CN1)c2cccc(CC3CCN(CCOc4cccc5nc(C)ccc45)CC3)c2,7.5
172,CHEMBL162049,Cc1ccc(cc1)C(=S)NN2CCC(=CC2)c3ccc4[nH]cc(CCN5CCCC5)c4c3,7.5
173,CHEMBL391033,Cc1ccc2c(OCCN3CCC(Cc4ccc5OCC(=O)Nc5c4)CC3)c(F)ccc2n1,7.5
174,CHEMBL1631543,Cc1ccc2c(cccc2n1)N3CCN(CCc4cccc(c4)N5CCCOC5=O)CC3,7.5
175,CHEMBL501645,Fc1ccc(cc1)C(=O)Nc2ccc3[nH]cc(C4CCN(CCOCCOCCOCCN5CCC(CC5)c6c[nH]c7ccc(NC(=O)c8ccc(F)cc8)cc67)CC4)c3c2,7.5
176,CHEMBL355517,NCCc1c[nH]c2ccc(cc12)c3cccs3,7.5
177,CHEMBL523095,O=C1COc2ccc(CCN3CCN(CC3)c4cccc5cccnc45)cc2N1,7.5
178,CHEMBL112507,OC1(Cc2ccccc2)CCN(CCCc3c[nH]c4ccc(cc34)n5cnnc5)CC1,7.5
179,CHEMBL239596,CC(C)N1CCN(CC1)C2CCc3ccc(OCc4noc(n4)c5ccc(Cl)cc5)cc23,7.51
180,CHEMBL97422,Fc1ccc(cc1)n2cc(C3CCN(CCN4CCNC4=O)CC3)c5cc(ccc25)c6c[nH]nn6,7.51
181,CHEMBL116092,C(Cc1c[nH]c2ccc(cc12)n3cnnc3)N4CCCC4,7.52
182,CHEMBL326723,CC(=O)Nc1ccc(CNCC2(O)CCN(CCCc3c[nH]c4ccc(cc34)n5cnnc5)CC2)cc1,7.52
183,CHEMBL331819,CC(C)CN(C)CC1(O)CCN(CCCc2c[nH]c3ccc(cc23)n4cnnc4)CC1,7.52
184,CHEMBL224267,COc1cc(nc2c(cc(F)cc12)N3CCN(C)CC3)C(=O)Nc4ccc(cc4)N5CCOCC5,7.52
185,CHEMBL39,NCCc1c[nH]c2ccc(O)cc12,7.52
186,CHEMBL143893,C(CN1CCC(CNCc2ccccc2)CC1)Cc3c[nH]c4ccc(cc34)n5cnnc5,7.55
187,CHEMBL67684,CC(CC1(F)CCN(CCCc2c[nH]c3ccc(cc23)n4cnnc4)CC1)c5ccccc5,7.55
188,CHEMBL318249,CCn1cc(nn1)c2ccc3c(c2)c(cn3c4ccc(F)cc4)C5CCN(CCN6CCNC6=O)CC5,7.55
189,CHEMBL333341,CN(CC1CCN(CCCc2c[nH]c3ccc(cc23)n4cnnc4)CC1)Cc5ccccc5,7.55
190,CHEMBL196598,COc1ccc(NC(=O)N2CCN(CC2)c3ccc(cc3)C(F)(F)F)cc1N4CCN(C)CC4,7.55
191,CHEMBL164111,C(CN1CCN(Cc2cocc2)CC1)Cc3c[nH]c4ccc(cc34)n5cnnc5,7.57
192,CHEMBL115989,CN(CC1CC1)CC2(O)CCN(CCCc3c[nH]c4ccc(cc34)n5cnnc5)CC2,7.57
193,CHEMBL111899,CN(CC1CCCCC1)CC2(O)CCN(CCCc3c[nH]c4ccc(cc34)n5cnnc5)CC2,7.57
194,CHEMBL308347,CCCN(CCC)[C@@H]1CCc2ccc3[nH]cc(C#N)c3c2C1,7.59
195,CHEMBL356808,C(CN1CCC(CNC2CCc3ccccc23)CC1)Cc4c[nH]c5ccc(cc45)n6cnnc6,7.6
196,CHEMBL248458,CCN1C(=O)COc2ccc(CN3CCN(CCOc4cccc5nc(C)ccc45)CC3)cc12,7.6
197,CHEMBL525362,CCNC(=O)Nc1cccc(CC2CCN(CCOc3cccc4nc(C)ccc34)CC2)c1,7.6
198,CHEMBL105556,CN1CCC(CC1)c2c[nH]c3ccc(OS(=O)(=O)C)nc23,7.6
199,CHEMBL469376,C[C@@H]1CN(CCN1CCCc2cccc3N(C)C(=O)COc23)c4cccc5nc(C)ccc45,7.6
200,CHEMBL485427,Cc1ccc2c(OC3CCN(CCc4ccc5OCC(=O)Nc5c4)CC3)cccc2n1,7.6
201,CHEMBL248407,Cc1ccc2c(OCCN3CCN(Cc4ccc5OCC(=O)N(CCc6ccccc6)c5c4)CC3)cccc2n1,7.6
202,CHEMBL293614,Fc1ccc(CCC2(F)CCN(CCCc3c[nH]c4ccc(cc34)n5cnnc5)CC2)cc1,7.6
203,CHEMBL147660,CN(CC1CCN(CCCc2c[nH]c3ccc(cc23)n4cnnc4)CC1)Cc5ccc(NC(=O)C)cc5,7.62
204,CHEMBL357007,CN(CCC=C(C)C)C1CCN(CCCc2c[nH]c3ccc(cc23)n4cnnc4)CC1,7.62
205,CHEMBL31354,COc1ccccc1N2CCN(CCN(C(=O)C3CCCCC3)c4ccccn4)CC2,7.62
206,CHEMBL162858,C(CN1CCN(Cc2ccncc2)CC1)Cc3c[nH]c4ccc(cc34)n5cnnc5,7.64
207,CHEMBL170192,CN(C)CCc1c[nH]c2ccc(cc12)c3cccs3,7.64
208,CHEMBL323666,CN1CCC[C@@H]1Cc2c[nH]c3ccc(cc23)C4=CCN(CC4)S(=O)(=O)c5cccc6ccccc56,7.64
209,CHEMBL118360,COc1ccc(cc1C#CCN(C)C)C(=O)Nc2ccc(cc2)c3ccncc3,7.65
210,CHEMBL422366,C(CN1CCN(Cc2cccnc2)CC1)Cc3c[nH]c4ccc(cc34)n5cnnc5,7.66
211,CHEMBL63799,Fc1cccc(CCC2(F)CCN(CCCc3c[nH]c4ccc(cc34)n5cnnc5)CC2)c1,7.66
212,CHEMBL110318,NCCc1c[nH]c2ccc(OCCCCC3CCCCC3)cc12,7.66
213,CHEMBL109839,CCCCCCCCCCCOc1ccc2[nH]cc(CCN)c2c1,7.68
214,CHEMBL233210,C[C@H]1CN(CCN1CC[C@@H]2OCCc3cc(ccc23)C(=O)N)c4cccc5cc(ccc45)C#N,7.68
215,CHEMBL349041,C(Cc1c[nH]c2ccc(cc12)n3cnnc3)N4CC[C@@H](CNCc5occc5)C4,7.7
216,CHEMBL525712,CC(=O)Nc1cccc(CC2CCN(CCOc3cccc4nc(C)ccc34)CC2)c1,7.7
217,CHEMBL494806,CC(=O)Nc1cccc(CN2CCN(CCOc3cccc4nc(C)ccc34)CC2)c1,7.7
218,CHEMBL1744040,CN(C)[C@@H]1CCc2ccc3[nH]cc(C=O)c3c2C1,7.7
219,CHEMBL194610,COc1cc2CCN(C(=O)c3cccc(Cl)c3)c2cc1N4C[C@@H](C)N(C)[C@@H](C)C4,7.7
220,CHEMBL239168,Cc1ccc2c(OCCN3CCC(Cc4cc5NC(=O)COc5cc4F)CC3)cccc2n1,7.7
221,CHEMBL495895,Cc1ccc2c(OCCN3CCC(Cc4cccc(c4)N5CCCC5=O)CC3)cccc2n1,7.7
222,CHEMBL327662,Cn1cnnc1c2ccc3c(c2)c(cn3c4ccc(F)cc4)C5CCN(CCN6CCNC6=O)CC5,7.7
223,CHEMBL330603,Cn1nnnc1c2ccc3c(c2)c(cn3c4ccc(F)cc4)C5CCN(CCN6CCNC6=O)CC5,7.7
224,CHEMBL161723,Fc1ccc(CN2CCN(CCCc3c[nH]c4ccc(cc34)n5cnnc5)CC2)cc1,7.7
225,CHEMBL294547,C(CN1CCC(Cc2ccccc2)CC1)Cc3c[nH]c4ccc(cc34)n5cnnc5,7.72
226,CHEMBL116161,CC1(C)CCCN(CC2(O)CCN(CCCc3c[nH]c4ccc(cc34)n5cnnc5)CC2)C1,7.72
227,CHEMBL2111779,COc1ccc(cc1\C=C/CN(C)C)C(=O)Nc2ccc(cc2)c3ccncc3,7.72
228,CHEMBL119800,COc1ccc(cc1\C=C\CN(C)C)C(=O)Nc2ccc(cc2)c3ccncc3,7.73
229,CHEMBL196169,COc1ccc(NC(=O)N2CCN(CC2)c3ccccc3F)cc1N4CCN(C)CC4,7.74
230,CHEMBL2110299,N[C@@H]1C[C@H](C1)c2c[nH]c3ccc(CC4COC(=O)N4)cc23,7.74
231,CHEMBL163573,C(CN1CCN(Cc2ccccn2)CC1)Cc3c[nH]c4ccc(cc34)n5cnnc5,7.75
232,CHEMBL162805,C(CN1CCN(Cc2occc2)CC1)Cc3c[nH]c4ccc(cc34)n5cnnc5,7.75
233,CHEMBL145982,CN(CC1CCN(CCCc2c[nH]c3ccc(cc23)n4cnnc4)CC1)S(=O)(=O)c5ccccc5,7.75
234,CHEMBL325131,COc1ccc(NC(=O)N2CCN(CC2)c3ccccc3)cc1N4CCN(C)CC4.OC(=O)\C=C\C(=O)O,7.75
235,CHEMBL448555,Fc1ccc(cc1)C(=O)Nc2ccc3[nH]cc(C4CCN(CCOCCOCCN5CCC(CC5)c6c[nH]c7ccc(NC(=O)c8ccc(F)cc8)cc67)CC4)c3c2,7.75
236,CHEMBL352159,S=C1CN(CCCc2c[nH]c3ccc(cc23)n4cnnc4)CCN1Cc5ccccc5,7.75
237,CHEMBL171129,CN(C)CCc1c[nH]c2ccc(cc12)c3ccsc3,7.77
238,CHEMBL116876,CN1CCC[C@@H]1Cc2c[nH]c3ccc(cc23)C4=CCN(CC4)S(=O)(=O)c5ccc(C)cc5,7.77
239,CHEMBL348962,CNCC(N1CCN(CCCc2c[nH]c3ccc(cc23)n4cnnc4)CC1)c5ccccc5,7.77
240,CHEMBL197796,COc1ccc(NC(=O)N2CCN(CC2)c3ccc(SC)cc3)cc1N4CCN(C)CC4,7.78
241,CHEMBL498354,CCC(=O)Nc1cccc(CC2CCN(CCOc3cccc4nc(C)ccc34)CC2)c1,7.8
242,CHEMBL489453,CN1CCC(CC1)c2c[nH]c3ccc(NC(=O)CC(=O)Nc4ccc5[nH]cc(C6CCN(C)CC6)c5c4)cc23,7.8
243,CHEMBL194701,CN1CCN(CC1)c2nccc3cc4CCN(C(=O)c5ccccc5C(F)(F)F)c4cc23,7.8
244,CHEMBL197169,CN1CCN(CC1)c2nccc3cc4CCN(C(=O)c5oc(C)nc5C)c4cc23,7.8
245,CHEMBL2113098,COc1cc2CCN(C(=O)Cc3cccc(c3)[N+](=O)[O-])c2cc1N4C[C@@H](C)N(C)[C@@H](C)C4,7.8
246,CHEMBL518545,C[C@H]1CN(CCN1)c2cccc(CC3CCN(CCOc4cccc5nc(C)ccc45)CC3)c2,7.8
247,CHEMBL470849,Cc1ccc2c(cccc2n1)N3CCN(CCCc4cccc5NC(=O)COc45)CC3,7.8
248,CHEMBL67460,Fc1ccccc1CCC2(F)CCN(CCCc3c[nH]c4ccc(cc34)n5cnnc5)CC2,7.8
249,CHEMBL49826,CN1CCC[C@@H]1Cc2c[nH]c3ccc(cc23)C(C)(C)C,7.81
250,CHEMBL331612,C(CN1CCCCC1)Cc2c[nH]c3ccc(cc23)n4cnnc4,7.82
251,CHEMBL159683,CN(C[C@@H]1CCCN1CCc2c[nH]c3ccc(cc23)n4cnnc4)Cc5ccccc5,7.82
252,CHEMBL606547,CN1CCC[C@@H]1Cc2c[nH]c3ccc(NS(=O)(=O)c4ccccc4Cl)cc23,7.82
253,CHEMBL294732,FC1(Cc2ccccc2)CCN(CCCc3c[nH]c4ccc(cc34)n5cnnc5)CC1,7.82
254,CHEMBL391273,NC(=O)c1ccc2[C@H](CCN3CCN(CC3)c4cccc5cc(ccc45)C#N)OCCc2c1,7.82
255,CHEMBL159332,CNS(=O)(=O)Cc1ccc2[nH]cc(C[C@H]3CCCN3C)c2c1,7.84
256,CHEMBL111283,CC(C)CCCCCCOc1ccc2[nH]cc(CCN)c2c1,7.85
257,CHEMBL300519,CC(C)c1ccc2[nH]cc(CCN(C)C)c2c1,7.85
258,CHEMBL1788197,CCCN(CCCc1ccccc1)[C@@H]2CCc3ccc4[nH]cc(C=O)c4c3C2,7.85
259,CHEMBL119264,CN(C)CCCc1cc(ccc1O)C(=O)Nc2ccc(cc2)c3ccncc3,7.85
260,CHEMBL323603,CN1CCC[C@@H]1Cc2c[nH]c3ccc(cc23)C4=CCN(CC4)C(=O)NC5CCCCC5,7.85
261,CHEMBL323264,CNC(=O)Nc1ccc2[nH]cc(C3CCN(C)CC3)c2n1,7.85
262,CHEMBL115941,COc1ccc(cc1)S(=O)(=O)N2CCC(=CC2)c3ccc4[nH]cc(C[C@H]5CCCN5C)c4c3,7.85
263,CHEMBL343648,C[C@@H](NCC1CCN(CCCc2c[nH]c3ccc(cc23)n4cnnc4)CC1)c5ccccc5,7.85
264,xylometazoline,Cc1cc(cc(C)c1CC2=NCCN2)C(C)(C)C,7.85
265,CHEMBL63167,FC(F)(F)c1ccccc1CC2(F)CCN(CCCc3c[nH]c4ccc(cc34)n5cnnc5)CC2,7.85
266,CHEMBL94612,Fc1ccc(cc1)n2cc(C3CCN(CCN4CCNC4=O)CC3)c5cc(ccc25)c6cccnc6,7.85
267,CHEMBL143512,NCCc1c[nH]c2ccc(OS(=O)(=O)C(F)(F)F)cc12,7.85
268,CHEMBL197408,COc1ccc(NC(=O)N2CCN(CC2)c3ccc(cc3)c4ccccc4)cc1N5CCN(C)CC5,7.86
269,CHEMBL162463,C(CN1CCN(CC1)c2ccccc2)Cc3c[nH]c4ccc(cc34)n5cnnc5,7.89
270,CHEMBL351346,CC(N1CCN(CCCc2c[nH]c3ccc(cc23)n4cnnc4)CC1)c5ccccc5,7.89
271,CHEMBL147818,CN(C)C[C@H](NC1CCN(CCCc2c[nH]c3ccc(cc23)n4cnnc4)CC1)c5ccccc5,7.89
272,CHEMBL2114040,CN(Cc1ccccc1)[C@H]2CCN(CCCc3c[nH]c4ccc(cc34)n5cnnc5)C[C@@H]2F,7.89
273,CHEMBL1259203,CN1CCC(CC1)c2cn(c3ccc(F)cc3)c4ccc(cc24)c5cncnc5,7.89
274,CHEMBL113868,CN1CCC[C@@H]1Cc2c[nH]c3ccc(cc23)C4=CCN(CC4)\C(=N\C5CCCCC5)\S,7.89
275,CHEMBL250973,CCOc1ccc(CC(=O)N2CCc3cc(OC)c(cc23)N4C[C@@H](C)N(C)[C@@H](C)C4)cc1Cl,7.9
276,CHEMBL1631539,CN(C(=O)C)c1cccc(CCN2CCN(CC2)c3cccc4nc(C)ccc34)c1,7.9
277,CHEMBL495046,CN(c1cccc(CC2CCN(CCOc3cccc4nc(C)ccc34)CC2)c1)S(=O)(=O)C,7.9
278,CHEMBL20771,CN1CCN(CC1)c2cc(NC(=O)c3ccc(Br)c(C)c3)ccc2C,7.9
279,CHEMBL370896,COc1cc2CCN(C(=O)c3cccc(Cl)c3Cl)c2cc1N4C[C@@H](C)N(C)[C@@H](C)C4,7.9
280,CHEMBL522708,Cc1ccc2c(OCCN3CCC(Cc4cccc(c4)N5CCCS5(=O)=O)CC3)cccc2n1,7.9
281,CHEMBL516997,Cc1ccc2c(OCCN3CCC(Cc4cccc(c4)c5cccnc5)CC3)cccc2n1,7.9
282,CHEMBL432713,Oc1ccc2[nH]cc(C3CCN(CCCCCNC(=O)\C=C\c4ccc(Cl)c(Cl)c4)CC3)c2c1,7.9
283,CHEMBL602875,COc1cc2CC[C@@H](Oc2c(c1)N3CCN(C)CC3)C(=O)Nc4ccc(cc4)N5CCOCC5,7.91
284,CHEMBL196370,COc1ccccc1N2CCN(CC2)C(=O)Nc3ccc(OC)c(c3)N4CCN(C)CC4,7.91
285,CHEMBL349185,C(Cc1c[nH]c2ccc(cc12)n3cnnc3)N4CC[C@@H](CNCc5cocc5)C4,7.92
286,CHEMBL366322,Cc1cc(cc(C)c1NC2=NCCN2)C(C)(C)C,7.92
287,CHEMBL370128,COc1ccc(NC(=O)N2CCN(CC2)c3ccccc3Cl)cc1N4CCN(C)CC4,7.95
288,CHEMBL65367,C(CN1CCN(Cc2ccccc2)CC1)Cc3c[nH]c4ccc(cc34)n5cnnc5,7.96
289,CHEMBL423599,CC(=O)N(C[C@@H]1CCN(CCc2c[nH]c3ccc(cc23)n4cnnc4)C1)Cc5ccccc5,7.96
290,CHEMBL70680,CCCN(CCCc1ccccc1)C2CCc3ccc4[nH]cc(C=O)c4c3C2,7.96
291,CHEMBL305837,CCCN(CCCc1ccccc1OC)C2CCc3ccc4[nH]cc(C=O)c4c3C2,7.96
292,CHEMBL92139,CN(C)CCc1cccc2c1ccn2S(=O)(=O)c3ccccc3,7.96
293,CHEMBL332484,CN1CCC[C@@H]1Cc2c[nH]c3ccc(cc23)C4=CCN(CC4)C(=O)NC56C[C@@H]7C[C@@H](C[C@@H](C7)C5)C6,7.96
294,CHEMBL106807,CN1CCN(CC1)c2cc(OCC(=O)N3CCN(CC3)c4ccccc4C)ccc2Cl.OC(=O)\C=C\C(=O)O,7.96
295,CHEMBL318735,Cn1ccnc1c2ccc3c(c2)c(cn3c4ccc(F)cc4)C5CCN(CCN6CCNC6=O)CC5,7.96
296,CHEMBL277120,C1CN(CCN1)c2cccc3ccccc23,7.98
297,CHEMBL44054,CC(C)c1ccc2[nH]cc(C[C@H]3CCCN3C)c2c1,7.98
298,risperidone,CC1=C(CCN2CCC(CC2)c3noc4cc(F)ccc34)C(=O)N5CCCCC5=N1,8.0
299,CHEMBL357634,CN(C1CCN(CCCc2c[nH]c3ccc(cc23)n4cnnc4)CC1)S(=O)(=O)c5ccccc5,8.0
300,CHEMBL281350,CN1CCC2(CC1)COc3cc4CCN(C(=O)c5ccc(cc5)c6ccc(cc6C)c7noc(C)n7)c4cc23,8.0
301,CHEMBL369798,COC[C@@H]1CCCN1CCc2c[nH]c3ccc(cc23)c4cccs4,8.0
302,CHEMBL111302,COc1ccc(NC(=O)N2CCN(CC2)c3c(C)cccc3C)cc1N4CCN(C)CC4.OC(=O)\C=C\C(=O)O,8.0
303,CHEMBL183460,Cc1ccc2c(OCCN3CCC(Cc4ccc5OCC(=O)Nc5c4)CC3)cccc2n1,8.0
304,CHEMBL111316,NC1CCc2[nH]c3ccc(cc3c2C1)C(=O)N,8.0
305,CHEMBL195927,COc1ccccc1N2CCC(CC2)C(=O)Nc3ccc(OC)c(c3)N4CCN(C)CC4,8.01
306,CHEMBL2368254,N[C@@H]1C[C@H](C1)c2c[nH]c3ccc(Oc4ccccc4)cc23,8.02
307,CHEMBL163386,OCC(N1CCN(CCCc2c[nH]c3ccc(cc23)n4cnnc4)CC1)c5ccccc5,8.02
308,CHEMBL225363,CN1CCN(CC1)c2cc(F)cc3C(=O)C=C(Nc23)C(=O)Nc4ccc(cc4)N5CCOCC5,8.03
309,CHEMBL146483,C[C@H](NCC1CCN(CCCc2c[nH]c3ccc(cc23)n4cnnc4)CC1)c5ccc(NC(=O)C)cc5,8.03
310,CHEMBL601012,Cc1ccc(c2NC(=CC(=O)c12)C(=O)Nc3ccc(cc3)N4CCOCC4)c5c(C)n[nH]c5C,8.03
311,CHEMBL2113386,Ic1ccccc1CS(=O)(=O)Nc2ccc3[nH]cc(C[C@H]4CCCN4)c3c2,8.03
312,CHEMBL147940,CC(=O)Nc1ccc(CNCC2CCN(CCCc3c[nH]c4ccc(cc34)n5cnnc5)CC2)cc1,8.05
313,CHEMBL146338,C[C@@H](NCC1CCN(CCCc2c[nH]c3ccc(cc23)n4cnnc4)CC1)c5ccc(NC(=O)C)cc5,8.05
314,CHEMBL108645,COc1ccc(cc1)N2CCN(CC2)C(=O)Nc3ccc(OC)c(c3)N4CCN(C)CC4.OC(=O)\C=C\C(=O)O,8.08
315,CHEMBL199144,CCc1c(cnn1c2ccc(cc2)C#N)C(=O)N3CCc4cc5ccnc(N6C[C@@H](C)N[C@@H](C)C6)c5cc34,8.1
316,CHEMBL399719,CN1C(=O)COc2ccc(CN3CCN(CCOc4cccc5nc(C)ccc45)CC3)cc12,8.1
317,CHEMBL514429,CN1CCCN(CC1)c2cccc(CC3CCN(CCOc4cccc5nc(C)ccc45)CC3)c2,8.1
318,CHEMBL191971,CN1CCN(CC1)c2cc3N(CCc3cc2Cl)C(=O)Nc4ccc(c5ccncc5)c6ccccc46,8.1
319,CHEMBL2113097,COc1cc2CCN(C(=O)Cc3cccc(c3)[N+](=O)[O-])c2cc1N4CCN(C)CC4,8.1
320,CHEMBL435936,COc1cc2CCN(C(=O)Nc3cccc(Cl)c3Cl)c2cc1N4C[C@@H](C)N(C)[C@@H](C)C4,8.1
321,CHEMBL381035,COc1cc2CCN(C(=O)Nc3cccc(Cl)c3F)c2cc1N4C[C@@H](C)N(C)[C@@H](C)C4,8.1
322,CHEMBL193616,COc1cc2CCN(C(=O)c3ccc(cc3)c4cc(C)ncc4C)c2cc1N5C[C@@H](C)N[C@@H](C)C5,8.1
323,CHEMBL108722,COc1cccc(c1)N2CCN(CC2)C(=O)Nc3ccc(OC)c(c3)N4CCN(C)CC4.OC(=O)\C=C\C(=O)O,8.1
324,CHEMBL521873,C[C@@H]1CN(CCN1CCc2ccc3OCC(=O)Nc3c2)c4cccc5nc(C)ccc45,8.1
325,CHEMBL462916,Cc1ccc2c(OCCN3CCC(Cc4cccc(c4)c5ccncc5)CC3)cccc2n1,8.1
326,CHEMBL1631534,Cc1ccc2c(cccc2n1)N3CCN(CCc4cccc(N)c4)CC3,8.1
327,CHEMBL107511,CCc1ccc2[nH]cc(CCN)c2c1,8.11
328,CHEMBL162930,C(CN1CCOCC1)Cc2c[nH]c3ccc(cc23)n4cnnc4,8.13
329,CHEMBL110317,CC(=O)c1ccc2[nH]cc(CCN)c2c1,8.13
330,CHEMBL3326993,COc1ccccc1N2CCN(CCCCCC(=O)NCc3ccccc3c4ccccc4Cl)CC2,8.16
331,CHEMBL29951,CCCN(CCC)C1CCc2cccc(OCCCCCCOc3cccc4CCC(Cc34)N(CCC)CCC)c2C1,8.19
332,CHEMBL98299,Cn1ncnc1c2ccc3c(c2)c(cn3c4ccc(F)cc4)C5CCN(CCN6CCNC6=O)CC5,8.19
333,CHEMBL125745,NCCc1cccc2c1ccn2S(=O)(=O)c3ccccc3,8.19
334,CHEMBL496098,CN(C)CC(=O)Nc1cccc(CC2CCN(CCOc3cccc4nc(C)ccc34)CC2)c1,8.2
335,CHEMBL472289,CN1C(=O)COc2cc(CCN3CCN(CC3)c4cccc5nc(C)ccc45)ccc12,8.2
336,CHEMBL246597,CN1C(=O)COc2ccc(CC3CCN(CCOc4cccc5nc(C)ccc45)CC3)cc12,8.2
337,CHEMBL458199,CN1CCN(CC1)c2cccc(CC3CCN(CCOc4cccc5nc(C)ccc45)CC3)c2,8.2
338,CHEMBL277467,COc1ccc(NC(=O)c2ccc(Br)c(C)c2)cc1N3CCN(C)CC3,8.2
339,CHEMBL459067,Cc1ccc2c(OCCN3CCC(Cc4cccc(c4)C5CCNCC5)CC3)cccc2n1,8.2
340,CHEMBL483365,Cc1ccc2c(cccc2n1)N3CCN(CCCCc4ccc5OCC(=O)Nc5c4)CC3,8.2
341,CHEMBL147148,CN(CC1CCN(CCCc2c[nH]c3ccc(cc23)n4cnnc4)CC1)C(=O)Nc5ccccc5,8.21
342,CHEMBL328048,Cn1nccc1c2ccc3c(c2)c(cn3c4ccc(F)cc4)C5CCN(CCN6CCNC6=O)CC5,8.23
343,CHEMBL334259,CN1CCC[C@@H]1Cc2c[nH]c3ccc(cc23)C4=CCN(CC4)\C(=N\c5ccccc5)\S,8.24
344,CHEMBL50492,CCc1ccc2[nH]cc(CCN(C)C)c2c1,8.26
345,CHEMBL65765,Fc1cccc(CC2(F)CCN(CCCc3c[nH]c4ccc(cc34)n5cnnc5)CC2)c1,8.28
346,CHEMBL459282,CN1CCC(CC1)c2cccc(CC3CCN(CCOc4cccc5nc(C)ccc45)CC3)c2,8.3
347,CHEMBL196140,CN1CCN(CC1)c2nccc3cc4CCN(C(=O)c5cnn(C)c5C(F)(F)F)c4cc23,8.3
348,CHEMBL364056,COc1cc2CCN(C(=O)c3ccc(cc3)c4ccc(cc4C)c5ncccn5)c2cc1N6C[C@@H](C)N[C@@H](C)C6,8.3
349,CHEMBL274256,COc1cc2CCN(C(=O)c3ccc(cc3)c4ccc(cc4C)c5noc(C)n5)c2cc1N6C[C@@H](C)N(C)[C@@H](C)C6,8.3
350,CHEMBL425919,COc1cc2CCN(C(=O)c3ccc(cc3)c4ccc(nc4C)N5CCCC5=O)c2cc1N6C[C@@H](C)N[C@@H](C)C6,8.3
351,CHEMBL1632213,Cc1ccc2c(cccc2n1)N3CCN(CCc4cccc(NC(=O)c5ccc(F)cc5)c4)CC3,8.3
352,CHEMBL325175,CN1CCC[C@@H]1Cc2c[nH]c3ccc(cc23)C4=CCN(CC4)C(=O)Nc5ccccc5,8.32
353,CHEMBL109526,CCCOc1ccc2[nH]cc(CCN)c2c1,8.34
354,CHEMBL161045,C(Cc1c[nH]c2ccc(cc12)n3cnnc3)N4CCC4,8.36
355,CHEMBL606556,CN1CCC[C@@H]1Cc2c[nH]c3ccc(NS(=O)(=O)c4cccc(Cl)c4)cc23,8.37
356,CHEMBL15928,COc1ccc(NC(=O)c2ccc(cc2)c3ccc(cc3C)c4noc(C)n4)cc1N5CCN(C)CC5,8.37
357,CHEMBL431866,COc1ccc(NC(=O)N2CCC(=CC2)c3ccc4[nH]cc(C[C@H]5CCCN5C)c4c3)cc1,8.38
358,CHEMBL97650,Fc1ccc(cc1)n2cc(C3CCN(CCN4CCNC4=O)CC3)c5cc(ccc25)c6cncnc6,8.38
359,CHEMBL246598,CCN1C(=O)COc2ccc(CC3CCN(CCOc4cccc5nc(C)ccc45)CC3)cc12,8.4
360,CHEMBL434355,CCN1[C@H](C)CN(C[C@@H]1C)c2cc3N(CCc3cc2OC)C(=O)c4ccc(c5cccc(C)n5)c6ccccc46,8.4
361,CHEMBL198488,CCc1c(cnn1c2ccc(cc2)C#N)C(=O)N3CCc4cc5ccnc(N6CCN(CC6)C(C)C)c5cc34,8.4
362,CHEMBL195432,COc1cc2CCN(C(=O)Nc3cccc(Cl)c3Cl)c2cc1N4CCN(C)CC4,8.4
363,CHEMBL424837,COc1cc2CCN(C(=O)Nc3cccc(c3F)C(F)(F)F)c2cc1N4C[C@@H](C)N(C)[C@@H](C)C4,8.4
364,CHEMBL1632216,COc1ccc(cc1)C(=O)Nc2cccc(CCN3CCN(CC3)c4cccc5nc(C)ccc45)c2,8.4
365,CHEMBL1632214,COc1ccccc1C(=O)Nc2cccc(CCN3CCN(CC3)c4cccc5nc(C)ccc45)c2,8.4
366,CHEMBL461670,C[C@@H]1CN(C[C@H](C)N1)c2cccc(CC3CCN(CCOc4cccc5nc(C)ccc45)CC3)c2,8.4
367,CHEMBL1632222,Cc1ccc2c(cccc2n1)N3CCN(CCc4cccc(NC(=O)NC(C)(C)C)c4)CC3,8.4
368,CHEMBL1631536,Cc1ccc2c(cccc2n1)N3CCN(CCc4cccc(NC(=O)Nc5cccc(F)c5)c4)CC3,8.4
369,CHEMBL114780,CN1CCC[C@@H]1Cc2c[nH]c3ccc(cc23)C4=CCN(CC4)C(=O)Nc5ccc(Cl)cc5,8.42
370,CHEMBL113893,CN1CCC[C@@H]1Cc2c[nH]c3ccc(cc23)C4=CCN(CC4)C(=O)Nc5cccc6ccccc56,8.42
371,CHEMBL224399,COc1cc(N2CCN(C)CC2)c3NC(=CC(=O)c3c1)C(=O)Nc4ccc(cc4)N5CCOCC5,8.46
372,CHEMBL8165,COc1ccc2[nH]cc(CCN)c2c1,8.46
373,CHEMBL358072,C(CN1CCC(CNc2ccccn2)CC1)Cc3c[nH]c4ccc(cc34)n5cnnc5,8.48
374,CHEMBL2112882,CC(C)C[C@@H]1N2C(=O)[C@](C)(NC(=O)[C@H]3CN(C)[C@@H]4Cc5c[nH]c6cccc(C4=C3)c56)O[C@@]2(O)[C@H](Cc7ccccc7)NC1=O,8.5
375,CHEMBL105369,CN1CCC(CC1)c2c[nH]c3ccc(NC(=O)Nc4ccc(F)cc4)nc23,8.5
376,CHEMBL117397,CN1CCC[C@@H]1Cc2c[nH]c3ccc(cc23)C4=CCN(CC4)\C(=N\c5cccc6ccccc56)\S,8.5
377,CHEMBL195651,COc1cc2CCN(C(=O)Cc3cccc(F)c3C(F)(F)F)c2cc1N4C[C@@H](C)N(C)[C@@H](C)C4,8.5
378,CHEMBL195497,COc1cc2CCN(C(=O)c3ccc(c4cccc(C)n4)c5ccccc35)c2cc1N6C[C@@H](C)N(C)[C@@H](C)C6,8.5
379,CHEMBL196951,COc1cc2CCN(C(=O)c3ccc(cc3)c4ccc(cc4C)C(=O)C)c2cc1N5C[C@@H](C)N[C@@H](C)C5,8.5
380,CHEMBL196666,COc1cc2CCN(C(=O)c3ccc(cc3)c4ccc(cc4C)c5noc(C)n5)c2cc1N6C[C@@H](C)N[C@@H](C)C6,8.5
381,CHEMBL21790,COc1ccc(NC(=O)c2ccc(cc2)c3ccc(cc3C)c4noc(C)n4)cc1CCCN(C)C,8.5
382,CHEMBL1631537,Cc1ccc2c(cccc2n1)N3CCN(CCc4cccc(NC(=O)Nc5ccc(F)cc5)c4)CC3,8.5
383,CHEMBL1632223,Cc1ccc2c(cccc2n1)N3CCN(CCc4cccc(NC(=O)Nc5ccccc5)c4)CC3,8.5
384,CHEMBL1632212,Cc1ccc2c(cccc2n1)N3CCN(CCc4cccc(NC(=O)c5cccc(F)c5)c4)CC3,8.5
385,CHEMBL1632211,Cc1ccc2c(cccc2n1)N3CCN(CCc4cccc(NC(=O)c5ccccc5F)c4)CC3,8.5
386,CHEMBL1632218,Cc1ccc2c(cccc2n1)N3CCN(CCc4cccc(NC(=O)c5csc(C)n5)c4)CC3,8.5
387,CHEMBL1631540,Cc1ccc2c(cccc2n1)N3CCN(CCc4cccc(c4)N5CCNC5=O)CC3,8.5
388,ergotamine,CN1C[C@@H](C=C2[C@H]1Cc3c[nH]c4cccc2c34)C(=O)N[C@]5(C)O[C@@]6(O)[C@@H]7CCCN7C(=O)[C@H](Cc8ccccc8)N6C5=O,8.51
389,CHEMBL65824,Fc1ccccc1CC2(F)CCN(CCCc3c[nH]c4ccc(cc34)n5cnnc5)CC2,8.51
390,CHEMBL326667,CCCCCCCCOc1ccc2[nH]cc(CCN)c2c1,8.52
391,CHEMBL114571,CN1CCC[C@@H]1Cc2c[nH]c3ccc(cc23)C4=CCN(CC4)C(=O)Nc5ccc(C)cc5,8.52
392,CHEMBL97184,Cn1nncc1c2ccc3c(c2)c(cn3c4ccc(F)cc4)C5CCN(CCN6CCNC6=O)CC5,8.55
393,CHEMBL348304,C(Cc1c[nH]c2ccc(cc12)n3cnnc3)N4CCC[C@H]4COCc5ccccc5,8.57
394,CHEMBL285402,CN1CCN(CC1)c2cccc3ccc(OCC(=O)N4CCN(CC4)C(=O)COc5ccc6cccc(N7CCN(C)CC7)c6c5)cc23,8.59
395,CHEMBL372651,CCc1c(cnn1c2ccc(cc2)C#N)C(=O)N3CCc4cc5ccnc(N6CCNCC6)c5cc34,8.6
396,CHEMBL20791,CN(C)CCN1CCOc2ccc(NC(=O)c3ccc(cc3)c4ccc(cc4C)c5noc(C)n5)cc12,8.6
397,CHEMBL370214,COc1cc2CCN(C(=O)Nc3cccc(c3Cl)C(F)(F)F)c2cc1N4C[C@@H](C)N(C)[C@@H](C)C4,8.6
398,CHEMBL372731,COc1cc2CCN(C(=O)Oc3cccc(c3Cl)C(F)(F)F)c2cc1N4C[C@@H](C)N(C)[C@@H](C)C4,8.6
399,CHEMBL197505,COc1cc2CCN(C(=O)Oc3cccc(c3F)C(F)(F)F)c2cc1N4C[C@@H](C)N(C)[C@@H](C)C4,8.6
400,CHEMBL282693,COc1ccc(NC(=O)c2ccc(cc2)c3ccc(cc3C)c4noc(C)n4)cc1NCCN(C)C,8.6
401,CHEMBL241503,Cc1ccc2c(OCCN3CCC(Cc4ccc5OCC(=O)Nc5c4F)CC3)cccc2n1,8.6
402,CHEMBL485491,Cc1ccc2c(cc(F)cc2n1)N3CCN(CCc4ccc5OCC(=O)Nc5c4)CC3,8.6
403,CHEMBL1632210,Cc1ccc2c(cccc2n1)N3CCN(CCc4cccc(NC(=O)c5ccccc5)c4)CC3,8.6
404,CHEMBL161176,CC(=O)Nc1cccc(CN2CCN(CCCc3c[nH]c4ccc(cc34)n5cnnc5)CC2)c1,8.62
405,CHEMBL113994,COc1ccc(NC(=S)N2CCC(=CC2)c3ccc4[nH]cc(C[C@H]5CCCN5C)c4c3)cc1,8.62
406,CHEMBL111150,CC(C)(C)CCCCCCOc1ccc2[nH]cc(CCN)c2c1,8.64
407,CHEMBL105970,COc1ccc(NC(=O)N2CCN(CC2)c3ccccc3C)cc1N4CCN(C)CC4.OC(=O)\C=C\C(=O)O,8.64
408,CHEMBL30831,CN1CCN(CC1)c2cccc3ccc(OCCOc4ccc5cccc(N6CCN(C)CC6)c5c4)cc23,8.68
409,CHEMBL107617,CC(C)(C)CCCCCCCOc1ccc2[nH]cc(CCN)c2c1,8.7
410,CHEMBL495705,CC1CN(CCc2ccc3OCC(=O)Nc3c2)CCN1c4cccc5nc(C)ccc45,8.7
411,CHEMBL1632221,CCCNC(=O)Nc1cccc(CCN2CCN(CC2)c3cccc4nc(C)ccc34)c1,8.7
412,CHEMBL1631548,CCCS(=O)(=O)Nc1cccc(CCN2CCN(CC2)c3cccc4nc(C)ccc34)c1,8.7
413,CHEMBL382078,CCc1c(cnn1c2ccc(cc2)C#N)C(=O)N3CCc4cc5ccnc(N6CCN7CCC[C@H]7C6)c5cc34,8.7
414,CHEMBL199175,CN1CCN(CC1)c2nccc3cc4CCN(C(=O)c5cc(C)oc5C(F)(F)F)c4cc23,8.7
415,CHEMBL195898,COc1cc2CCN(C(=O)Cc3cccc(Cl)c3F)c2cc1N4C[C@@H](C)N(C)[C@@H](C)C4,8.7
416,CHEMBL195114,COc1cc2CCN(C(=O)c3ccc(c4cccc(C)n4)c5ccccc35)c2cc1N6CCN(C)CC6,8.7
417,CHEMBL129661,COc1ccc2ccc(cc2c1)N3CCNCC3,8.7
418,CHEMBL430500,COc1ccccc1N2CCN(CC2)C(=O)Nc3ccc(OC)c(c3)N4CCN(C)CC4.OC(=O)\C=C\C(=O)O,8.7
419,CHEMBL517170,C[C@@H]1CN(CCN1)c2cccc(CC3CCN(CCOc4cccc5nc(C)ccc45)CC3)c2,8.7
420,CHEMBL497963,Cc1ccc2c(OCCN3CCC(Cc4cccc(NS(=O)(=O)C)c4)CC3)cccc2n1,8.7
421,CHEMBL459061,Cc1ccc2c(OCCN3CCC(Cc4cccc(c4)N5CCCCC5)CC3)cccc2n1,8.7
422,CHEMBL1632209,Cc1ccc2c(cccc2n1)N3CCN(CCc4cccc(NC(=O)C(C)(C)C)c4)CC3,8.7
423,CHEMBL1632219,Cc1ccc2c(cccc2n1)N3CCN(CCc4cccc(NC(=O)c5scnc5C)c4)CC3,8.7
424,CHEMBL1631542,Cc1ccc2c(cccc2n1)N3CCN(CCc4cccc(c4)N5CCOC5=O)CC3,8.7
425,CHEMBL357034,CNCCc1c[nH]c2ccc(cc12)C(C)(C)C,8.72
426,CHEMBL323986,COc1ccc(NC(=O)N2CCN(CC2)c3ccc(C)cc3C)cc1N4CCN(C)CC4.OC(=O)\C=C\C(=O)O,8.72
427,CHEMBL372453,COc1ccc(NC(=O)N2CCN(CC2)c3ccc(Cl)cc3)cc1N4CCN(C)CC4,8.74
428,CHEMBL602674,CCC(=O)N1CCN(CC1)c2ccc(NC(=O)C3=CC(=O)c4cc(F)cc(N5CCN(C)CC5)c4O3)cc2,8.76
429,CHEMBL1632208,CC(C)C(=O)Nc1cccc(CCN2CCN(CC2)c3cccc4nc(C)ccc34)c1,8.8
430,CHEMBL111376,CCCCCOc1ccc2[nH]cc(CCN)c2c1,8.8
431,CHEMBL443060,CCN1C(=O)COc2ccc(CN3CCN(CCOc4cccc5nc(C)ccc45)CC3)c(F)c12,8.8
432,CHEMBL426285,CCN1CCN(CC1)c2nccc3cc4CCN(C(=O)c5cnn(c5CC)c6ccc(cc6)C#N)c4cc23,8.8
433,CHEMBL21724,CN(C)CCOc1cc(NC(=O)c2ccc(cc2)c3ccc(cc3C)c4noc(C)n4)cc5CCOc15,8.8
434,CHEMBL247609,CN1C(=O)COc2ccc(CN3CCN(CCOc4cccc5nc(C)ccc45)CC3)c(F)c12,8.8
435,CHEMBL196600,COc1cc2CCN(C(=O)Cc3cccc(c3F)C(F)(F)F)c2cc1N4C[C@@H](C)N(C)[C@@H](C)C4,8.8
436,CHEMBL1632215,COc1cccc(c1)C(=O)Nc2cccc(CCN3CCN(CC3)c4cccc5nc(C)ccc45)c2,8.8
437,CHEMBL496317,Cc1ccc2c(cccc2n1)N3CCN(CCc4cc5NC(=O)COc5cc4F)CC3,8.8
438,CHEMBL1631545,Cc1ccc2c(cccc2n1)N3CCN(CCc4cccc(c4)n5cccn5)CC3,8.8
439,CHEMBL113950,CN1CCC[C@@H]1Cc2c[nH]c3ccc(cc23)C4=CCN(CC4)\C(=N\c5ccc(C)cc5)\S,8.82
440,CHEMBL115663,CN1CCC[C@@H]1Cc2c[nH]c3ccc(cc23)C4=CCN(CC4)\C(=N\c5ccc(Cl)cc5)\S,8.82
441,CHEMBL296161,CN(C)CCc1c[nH]c2ccc(cc12)n3cnnc3,8.85
442,CHEMBL128699,CN1CCN(CC1)c2cccc3ccc(OCC(=O)N4CCN(CC4)c5c(C)cc(C)cc5C)cc23,8.85
443,CHEMBL448902,CN1CCC(CC1)c2c[nH]c3ccc(NC(=O)CCCCCCC(=O)Nc4ccc5[nH]cc(C6CCN(C)CC6)c5c4)cc23,8.89
444,CHEMBL446745,CN1CCC(CC1)c2c[nH]c3ccc(NC(=O)CCCCCCCCCC(=O)Nc4ccc5[nH]cc(C6CCN(C)CC6)c5c4)cc23,8.89
445,CHEMBL495213,CC(C)S(=O)(=O)Nc1cccc(CC2CCN(CCOc3cccc4nc(C)ccc34)CC2)c1,8.9
446,CHEMBL1632207,CCC(=O)Nc1cccc(CCN2CCN(CC2)c3cccc4nc(C)ccc34)c1,8.9
447,CHEMBL1632220,CCNC(=O)Nc1cccc(CCN2CCN(CC2)c3cccc4nc(C)ccc34)c1,8.9
448,CHEMBL1631538,CCOC(=O)Nc1cccc(CCN2CCN(CC2)c3cccc4nc(C)ccc34)c1,8.9
449,CHEMBL194809,CN1CCN(CC1)c2nccc3cc4CCN(C(=O)c5ccccc5Cl)c4cc23,8.9
450,CHEMBL495703,C[C@H]1CN(CCN1CCc2ccc3OCC(=O)Nc3c2)c4cccc5nc(C)ccc45,8.9
451,CHEMBL1632217,Cc1ccc2c(cccc2n1)N3CCN(CCc4cccc(NC(=O)c5cnccn5)c4)CC3,8.9
452,CHEMBL18840,NCCc1c[nH]c2ccc(cc12)C(=O)N,8.9
453,CHEMBL97450,CCCCCCCCCOc1ccc2[nH]cc(CCN)c2c1,8.92
454,CHEMBL321190,CCCCCCCCC(=O)Oc1ccc2[nH]cc(CCN(C)C)c2c1,8.96
455,CHEMBL320079,CCCCCCCOc1ccc2[nH]cc(CCN)c2c1,9.0
456,CHEMBL372743,CCc1c(cnn1c2ccc(cc2)C#N)C(=O)N3CCc4cc5ccnc(N6CCN(C)CC6)c5cc34,9.0
457,CHEMBL197947,CCc1c(cnn1c2ccc(cc2)C#N)C(=O)N3CCc4cc5ccnc(N6CCN7CCC[C@@H]7C6)c5cc34,9.0
458,CHEMBL380812,CN1CCN(CC1)c2nccc3cc4CCN(C(=O)c5cnn6ccccc56)c4cc23,9.0
459,CHEMBL20963,COc1ccc(NC(=O)c2ccc(cc2)c3ccc(cc3C)c4noc(C)n4)cc1OCCN(C)C,9.0
460,CHEMBL489394,Cc1ccc2c(cccc2n1)N3CCN(CCc4cc(F)c5OCC(=O)Nc5c4)CC3,9.0
461,CHEMBL1631533,Cc1ccc2c(cccc2n1)N3CCN(CCc4cccc(NC(=O)Nc5ccccc5F)c4)CC3,9.0
462,CHEMBL601013,COC1(CCOCC1)c2ccc(NC(=O)C3CCc4cc(F)cc(c4O3)c5c(C)nn(C)c5C)cn2,9.02
463,CHEMBL224195,COc1cc(N2CCCN(C)CC2)c3NC(=CC(=O)c3c1)C(=O)Nc4ccc(cc4)N5CCOCC5,9.05
464,CHEMBL500488,CN1CCC(CC1)c2c[nH]c3ccc(NC(=O)CCCCCCCCCCCCCCC(=O)Nc4ccc5[nH]cc(C6CCN(C)CC6)c5c4)cc23,9.09
465,CHEMBL489393,CCN1C(=O)COc2ccc(CCN3CCN(CC3)c4cccc5nc(C)ccc45)cc12,9.1
466,CHEMBL452387,CN1CCC(CC1)c2c[nH]c3ccc(NC(=O)CCCCCCCCC(=O)Nc4ccc5[nH]cc(C6CCN(C)CC6)c5c4)cc23,9.1
467,CHEMBL370625,CN1CCN(CC1)c2nccc3cc4CCN(C(=O)c5cccc6ncccc56)c4cc23,9.1
468,CHEMBL241463,Cc1ccc2c(OCCN3CCC(Cc4cc(F)c5OCC(=O)Nc5c4)CC3)cccc2n1,9.1
469,CHEMBL1631535,Cc1ccc2c(cccc2n1)N3CCN(CCc4cccc(NS(=O)(=O)C)c4)CC3,9.1
470,CHEMBL1241913,Cc1ccc2c(cccc2n1)N3CCN(CCc4cccc5c4OCc6c(ncn56)C(=O)N)CC3,9.1
471,CHEMBL523064,Cc1ccc2c(cccc2n1)N3C[C@H]4C[C@@H]3CN4CCc5ccc6OCC(=O)Nc6c5,9.1
472,CHEMBL321818,Cc1ccccc1N2CCN(CC2)C(=O)COc3ccc4[nH]cc(CCN)c4c3.OC(=O)\C=C\C(=O)O,9.1
473,CHEMBL490211,O=C1COc2ccc(CCN3CCN(CC3)c4nccc5ccccc45)cc2N1,9.1
474,CHEMBL444404,CN1CCC(CC1)c2c[nH]c3ccc(NC(=O)CCCC(=O)Nc4ccc5[nH]cc(C6CCN(C)CC6)c5c4)cc23,9.12
475,CHEMBL31217,CN1CCN(CC1)c2cccc3ccc(OCCOc4ccc5[nH]cc(CCN)c5c4)cc23,9.12
476,CHEMBL282950,CN1CCN(CC1)c2cccc3ccc(OCC(=O)Nc4ccc(NC(=O)COc5ccc6[nH]cc(CCN)c6c5)cc4)cc23,9.16
477,CHEMBL158941,CN(C)CCc1c[nH]c2ccc(CS(=O)(=O)N(C)Cc3ccc(CN(C)S(=O)(=O)Cc4ccc5[nH]cc(CCN(C)C)c5c4)cc3)cc12,9.19
478,CHEMBL491839,CC1(C)Cc2cccc(N3CCN(CCc4ccc5OCC(=O)Nc5c4)CC3)c2O1,9.2
479,CHEMBL198975,CN1CCN(CC1)c2nccc3cc4CCN(C(=O)c5cnn(c5C)c6ccccc6)c4cc23,9.2
480,CHEMBL196848,COc1cc2CCN(C(=O)c3ccc(cc3)c4ccccc4C)c2cc1N5C[C@@H](C)N(C)[C@@H](C)C5,9.2
481,CHEMBL484260,Cc1cc(N2CCN(CCc3ccc4OCC(=O)Nc4c3)CC2)c5ccc(C)nc5c1,9.2
482,CHEMBL489195,Cc1ncc2c(cccc2n1)N3CCN(CCc4ccc5OCC(=O)Nc5c4)CC3,9.2
483,CHEMBL500284,CN1CCC(CC1)c2c[nH]c3ccc(NC(=O)CCCCCCCCCCCCCC(=O)Nc4ccc5[nH]cc(C6CCN(C)CC6)c5c4)cc23,9.24
484,CHEMBL159396,C(CN1CCN(CC1)c2ncccn2)Cc3c[nH]c4ccc(cc34)n5cnnc5,9.3
485,CHEMBL1632206,CC(=O)Nc1cccc(CCN2CCN(CC2)c3cccc4nc(C)ccc34)c1,9.3
486,CHEMBL522257,CN1C(=O)COc2ccc(CCN3CCN(CC3)c4cccc5nc(C)ccc45)cc12,9.3
487,CHEMBL502138,CN1CCC(CC1)c2c[nH]c3ccc(NC(=O)CCCCCCCCCCCCC(=O)Nc4ccc5[nH]cc(C6CCN(C)CC6)c5c4)cc23,9.3
488,CHEMBL194647,CN1CCN(CC1)c2nccc3cc4CCN(C(=O)c5ccc(cc5)C#N)c4cc23,9.3
489,CHEMBL1631532,COC(=O)Nc1cccc(CCN2CCN(CC2)c3cccc4nc(C)ccc34)c1,9.3
490,CHEMBL282229,COc1cc2CCN(C(=O)c3ccc(cc3)c4ccc(cc4C)c5noc(C)n5)c2cc1OCCN(C)C,9.3
491,CHEMBL325359,COc1ccc(NC(=O)N2CCN(CC2)c3cccc4CCCCc34)cc1N5CCN(C)CC5.OC(=O)\C=C\C(=O)O,9.3
492,CHEMBL521506,Cc1ccc2c(cc(Cl)cc2n1)N3CCN(CCc4ccc5OCC(=O)Nc5c4)CC3,9.3
493,CHEMBL497980,Cc1ccc2c(ccc(Cl)c2n1)N3CCN(CCc4ccc5OCC(=O)Nc5c4)CC3,9.3
494,CHEMBL490417,Cc1ccc2c(cccc2n1)N3CCN(CCc4ccc5OCC(=O)Nc5c4)CC3,9.3
495,CHEMBL338015,COc1cccc(N2CCN(CC2)C(=O)COc3ccc4cccc(N5CCN(C)CC5)c4c3)c1OC,9.36
496,CHEMBL129813,CN1CCN(CC1)c2cccc3ccc(OCC(=O)N4CCN(CC4)c5cccc6OCCOc56)cc23,9.37
497,CHEMBL2112661,CN1CCN(CC1)c2cccc3ccc(OCC(=O)N4CCN(CC4)c5cccc6ccccc56)cc23,9.37
498,CHEMBL605785,COC1(CCOCC1)c2ccc(NC(=O)C3=CC(=O)c4cc(F)cc(c4O3)c5c(C)nn(C)c5C)cn2,9.37
499,CHEMBL444398,Cc1cc2c(cccc2[nH]1)N3CCN(CCc4ccc5OCC(=O)Nc5c4)CC3,9.4
500,CHEMBL496520,Cc1ccc2c(cccc2n1)N3CCN(CCc4ccc5OCC(=O)Nc5c4F)CC3,9.4
501,CHEMBL2112660,CN1CCN(CC1)c2cccc3ccc(OCC(=O)N4CCN(CC4)c5ccccc5C#N)cc23,9.42
502,CHEMBL473186,CC(C)c1cc(nc(N)n1)c2ccc(F)c3ccccc23,9.5
503,CHEMBL370852,CN1CCN(CC1)c2nccc3cc4CCN(C(=O)c5ccc(Cl)cc5)c4cc23,9.5
504,CHEMBL484059,O=C1COc2ccc(CCN3CCN(CC3)c4cccc5nc(ccc45)c6ccccc6)cc2N1,9.5
505,CHEMBL340786,CN1CCN(CC1)c2cccc3ccc(OCC(=O)N4CCN(CC4)c5ccccc5C)cc23,9.52
506,oxymetazoline,CC1=CC(=C(O)C(C)=C1CC1=NCCN1)C(C)(C)C,9.52
507,CHEMBL199088,CN1CCN(CC1)c2nccc3cc4CCN(C(=O)c5ccc(nc5)C(F)(F)F)c4cc23,9.6
508,CHEMBL194837,CN(C)CCOc1cc(C)c2cc(NC(=O)COc3ccc(Cl)cc3Cl)ccc2n1,9.7
509,CHEMBL247428,CN1C(=O)COc2c(F)cc(CN3CCN(CCOc4cccc5nc(C)ccc45)CC3)cc12,9.7
510,CHEMBL2112662,CN1CCN(CC1)c2cccc3ccc(OCC(=O)N4CCN(Cc5ccccc5C)CC4)cc23,9.7
511,CHEMBL344127,COc1ccc(CNC(=O)\C=C\c2ccc3[nH]cc(CCN(C)C)c3c2)cc1,9.7
512,CHEMBL339308,COc1ccc(NC(=O)c2ccc(cc2)c3ccc(cc3C)C4=NC(C)ON4)cc1N5CCN(C)CC5,9.85
513,CHEMBL374973,CN1CCC(CC1)c2c[nH]c3ccc(NC(=O)CCCCCCCCCCCC(=O)Nc4ccc5[nH]cc(C6CCN(C)CC6)c5c4)cc23,10.0
514,CHEMBL144030,NCCc1c[nH]c2ccc(OCc3ccc(COc4ccc5[nH]cc(CCN)c5c4)cc3)cc12,10.0
6,CHEMBL107772,CN1CCN(CC1)c2cc(OC(=O)N3CCN(CC3)c4ccccc4C)ccc2Cl.OC(=O)\C=C\C(=O)O,6.82
14,CHEMBL292759,COc1ccc(NS(=O)(=O)c2ccc(Br)cc2)cc1N3CCN(C)CC3,6.4
15,CHEMBL29846,COc1ccc(NS(=O)(=O)c2sc3ccc(Cl)cc3c2C)cc1N4CCN(C)CC4,6.1
24,CHEMBL542139,Cl.COc1ccc(NS(=O)(=O)c2sc3ccc(Cl)cc3c2C)cc1N4CCNCC4,6.1
35,CHEMBL128,CNS(=O)(=O)Cc1ccc2[nH]cc(CCN(C)C)c2c1,8.11
47,CHEMBL115415,CN(C)CCc1c[nH]c2ccc(cc12)C3=CCN(C)CC3,6.22
76,CHEMBL21369,CN1CCN(CC1)c2cccc(NC(=O)c3ccc(Br)c(C)c3)c2,6.9
97,CHEMBL76237,COc1ccc2c(c1)c(CCN(C)C)cn2S(=O)(=O)c3ccccc3,5.04
101,CHEMBL324931,CN1CCN(CCc2c[nH]c3ccc(cc23)n4cnnc4)CC1,6.52
102,CHEMBL163376,FC(F)(F)c1ccc(CN2CCN(CCCc3c[nH]c4ccc(cc34)n5cnnc5)CC2)cc1,6.55
104,CHEMBL422191,CN1CCN(CCCCc2c[nH]c3ccc(cc23)n4cnnc4)CC1,5.29
109,CHEMBL161969,O=C1CN(Cc2ccccc2)CCN1CCCc3c[nH]c4ccc(cc34)n5cnnc5,5.41
112,CHEMBL162899,O=C1CN(CCCc2c[nH]c3ccc(cc23)n4cnnc4)CCN1Cc5ccccc5,6.55
113,CHEMBL115750,Fc1ccc(CCN2CCN(CCCc3c[nH]c4ccc(cc34)n5cnnc5)CC2)cc1,6.92
123,CHEMBL117249,CN1CCN(CCCc2c[nH]c3ccc(cc23)n4cnnc4)CC1,6.51
126,CHEMBL274001,C(CN1CCNCC1)Cc2c[nH]c3ccc(cc23)n4cnnc4,6.84
134,CHEMBL347665,N#Cc1ccc(CN2CCN(CCCc3c[nH]c4ccc(cc34)n5cnnc5)CC2)cc1,6.89
136,CHEMBL164035,CN(C)C(=O)C(N1CCN(CCCc2c[nH]c3ccc(cc23)n4cnnc4)CC1)c5ccccc5,6.99
138,CHEMBL119785,CC(=O)Nc1ccc(CCN2CCN(CCCc3c[nH]c4ccc(cc34)n5cnnc5)CC2)cc1,6.59
140,CHEMBL117633,C(CN1CCN(CCc2ccccc2)CC1)Cc3c[nH]c4ccc(cc34)n5cnnc5,6.78
145,CHEMBL2112766,CNCCOc1cccc(C)c1C,6.5
146,CHEMBL136962,CCCN(C)CCCOc1ccccc1C2CCCC2,5.92
147,CHEMBL29433,COc1ccc(NS(=O)(=O)c2sc3ccc(Cl)cc3c2C)cc1N4CCN5CCC[C@H]5C4,6.2
148,CHEMBL282971,COc1ccc(NS(=O)(=O)c2sc3ccc(Cl)cc3c2C)cc1N4CCN5CCC[C@@H]5C4,6.2
149,CHEMBL140415,CCCN(C)CCOc1ccccc1C2CCCC2,6.37
152,CHEMBL138683,CCCNCCOc1cccc2ccccc12,6.7
153,CHEMBL337539,NCCOc1cccc2ccccc12,7.0
154,CHEMBL334465,CCCCN(CCCC)CCOc1cccc2ccccc12,5.57
155,CHEMBL342704,NCCCOc1cccc2ccccc12,6.54
156,CHEMBL29410,COc1ccc(NS(=O)(=O)c2sc3ccc(Cl)cc3c2C)cc1N4CCN5CCCCC5C4,5.4
157,CHEMBL139737,CC(C)NCCCOc1cccc2ccccc12,5.12
158,CHEMBL138958,CNCCOc1cccc2ccccc12,7.59
159,CHEMBL138963,CC(C)NCCOc1cccc2ccccc12,6.92
160,CHEMBL336092,OCCNCCOc1cccc2ccccc12,6.97
162,CHEMBL500,CC(C)NCC(O)COc1cccc2[nH]ccc12,5.59
163,CHEMBL136311,CNCCOc1ccccc1,5.23
165,CHEMBL431298,COc1ccc(NS(=O)(=O)c2sc3ccc(Cl)cc3c2C)cc1N4CCNCC4,6.1
166,CHEMBL139103,CN(C)CCOc1cccc2ccccc12,7.03
167,CHEMBL452861,CC(C)NC[C@H](O)COc1cccc2ccccc12,5.39
168,CHEMBL138509,CNCCCOc1ccccc1,5.46
169,CHEMBL140417,CCCN(C)CCOc1cccc2ccccc12,6.13
170,CHEMBL140416,CN(CCOc1cccc2ccccc12)Cc3ccccc3,6.59
173,CHEMBL136470,CN(C)CCCCOc1cccc2ccccc12,6.33
174,CHEMBL136236,CCNCCOc1cccc2ccccc12,7.18
176,CHEMBL138136,CN(C)CCCOc1cccc2ccccc12,6.59
177,CHEMBL139230,CC(C)NCCOc1cccc2[nH]ccc12,5.95
178,CHEMBL138907,CCCCN(CC)CCOc1cccc2ccccc12,5.91
196,CHEMBL158627,CS(=O)(=O)Oc1ccc2CN(CC[C@@H]3CC[C@H](CC3)NC(=O)\C=C\c4ccc(F)cc4)Cc2c1,5.3
198,CHEMBL333089,CC(=O)Nc1cccc(CCN2CCN(CCCc3c[nH]c4ccc(cc34)n5cnnc5)CC2)c1,6.77
203,CHEMBL3084967,CN(C)[C@@H]1C[C@@H](Cc2c[nH]c3ccc(C[C@H]4COC(=O)N4)cc23)C1,6.85
205,CHEMBL159470,CN(C)[C@@H]1C[C@H](C1)c2c[nH]c3ccc(cc23)C(=O)NCc4ccccc4,6.5
206,CHEMBL2368261,CN(C)[C@@H]1C[C@H](C1)c2c[nH]c3ccc(CCN4C(=O)c5ccccc5C4=O)cc23,6.69
207,CHEMBL2368259,CNS(=O)(=O)Cc1ccc2[nH]cc([C@@H]3C[C@H](C3)N(C)C)c2c1,6.56
210,CHEMBL2110300,CN(C)[C@@H]1C[C@H](C1)c2c[nH]c3ccc(CC4COC(=O)N4)cc23,6.79
212,CHEMBL1185,CN(C)CCc1c[nH]c2ccc(C[C@H]3COC(=O)N3)cc12,8.21
213,CHEMBL2368262,CN(C)[C@@H]1C[C@H](C1)c2c[nH]c3ccc(CCN4C(=O)NC(C)(C)C4=O)cc23,5.92
214,CHEMBL159536,CN(C)[C@@H]1C[C@H](C1)c2c[nH]c3ccc(Cc4n[nH]c(C)n4)cc23,5.41
220,CHEMBL2368260,CN(C)[C@@H]1C[C@H](C1)c2c[nH]c3ccc(CN4C(=O)NC(C)(C)C4=O)cc23,5.42
221,CHEMBL2368255,CC1(C)NC(=O)N(CCc2ccc3[nH]cc([C@@H]4C[C@@H](N)C4)c3c2)C1=O,5.95
222,CHEMBL161694,CN(C)[C@@H]1C[C@H](C1)c2c[nH]c3ccc(Cc4onc(C)n4)cc23,5.82
223,CHEMBL348811,CN(C)[C@@H]1C[C@H](C1)c2c[nH]c3ccc(CC(=O)N)cc23,5.87
228,CHEMBL350277,CN(C)[C@@H]1C[C@H](C1)c2c[nH]c3ccc(CC(=O)NCc4ccccc4)cc23,6.58
230,CHEMBL350637,CN(C)[C@@H]1C[C@H](C1)c2c[nH]c3ccc(cc23)c4onc(C)n4,6.08
231,CHEMBL2368258,CN(C)[C@@H]1C[C@H](C1)c2c[nH]c3ccc(CN4C(=O)CNC4=O)cc23,5.2
247,CHEMBL308727,CC(C)(C)c1ccc(CC2=NCCN2)cc1,5.17
250,CHEMBL303441,Cc1ccc(CC2=NCCN2)c(C)c1OCc3ccccc3,5.41
252,CHEMBL762,Cc1cc(c(O)c(C)c1CC2=NCCN2)C(C)(C)C,9.52
255,CHEMBL72167,Cc1ccc(CC2=NCCN2)c(C)c1O,5.7
256,CHEMBL70831,COc1cccc(CC2=NCCN2)c1,5.79
257,CHEMBL70409,Cc1cc(ccc1CC2=NCCN2)C(C)(C)C,6.15
262,CHEMBL307408,Cc1cc(Br)cc(C)c1CC2=NCCN2,5.8
264,CHEMBL143967,CCCN(CCC)CCc1c[nH]c2ccc(OS(=O)(=O)C(F)(F)F)cc12,6.61
267,CHEMBL312448,Cc1cc(cc(C)c1CC2=NCCN2)C(C)(C)C,7.85
271,CHEMBL73281,Cc1cc(cc(C)c1CC(=N)N)C(C)(C)C,6.22
276,CHEMBL450281,Oc1cccc(CC2=NCCN2)c1,5.43
280,CHEMBL73670,CC(C)c1ccc(CC2=NCCN2)cc1,5.56
281,CHEMBL143510,CCN(CC)CCc1c[nH]c2ccc(OS(=O)(=O)C(F)(F)F)cc12,6.77
289,CHEMBL72178,Cc1cc(C)c(CC2=NCCN2)c(C)c1,5.46
296,CHEMBL309162,Cc1ccc(O)c(C)c1CC2=NCCN2,5.24
299,CHEMBL2113347,Cl.O=C(N[C@@H]1CC[C@@H](CCN2CCc3ccc(cc3C2)C#N)CC1)c4cc5ccccc5[nH]4,6.2
301,CHEMBL2368612,Cl.O=C(N[C@@H]1CC[C@@H](CCN2CCc3cc(ccc3C2)C#N)CC1)\C=C\c4ccccc4,6.0
302,CHEMBL553591,Cl.O=C(NCCCCN1CCc2ccc(cc2C1)C#N)\C=C\c3c[nH]c4ccccc34,6.8
304,CHEMBL2113350,Cl.O=C(N[C@@H]1CC[C@@H](CCN2CCc3ccc(cc3C2)C#N)CC1)\C=C\c4ccccc4,6.8
305,CHEMBL2113352,Cl.CS(=O)(=O)c1cccc(\C=C\C(=O)N[C@@H]2CC[C@@H](CCN3CCc4cc(ccc4C3)C#N)CC2)c1,5.2
311,CHEMBL147901,NCCc1c[nH]c2ccc(OCCNC(=O)COc3ccc4[nH]cc(CCN)c4c3)cc12,9.8
318,CHEMBL357830,NCCc1c[nH]c2ccc(OCC(=O)N3CCC(CC3)C4CCN(CC4)C(=O)COc5ccc6[nH]cc(CCN)c6c5)cc12,9.66
320,CHEMBL424128,NCCc1c[nH]c2ccc(OCCCCCCOc3ccc4[nH]cc(CCN)c4c3)cc12,9.3
322,CHEMBL342323,NCCc1c[nH]c2ccc(OCCCCCCNS(=O)(=O)c3ccc(cc3)c4ccc(cc4)S(=O)(=O)NCCCCCCOc5ccc6[nH]cc(CCN)c6c5)cc12,9.42
324,CHEMBL144397,NCCc1c[nH]c2ccc(OCC(=O)NCCCNC(=O)COc3ccc4[nH]cc(CCN)c4c3)cc12,9.52
326,CHEMBL356277,NCCc1c[nH]c2ccc(OCC(=O)Nc3ccc(NC(=O)COc4ccc5[nH]cc(CCN)c5c4)cc3)cc12,9.57
328,CHEMBL148314,NCCc1c[nH]c2ccc(OCc3ccccc3COc4ccc5[nH]cc(CCN)c5c4)cc12,8.77
330,CHEMBL343196,NCCc1c[nH]c2ccc(OCCOc3ccc4[nH]cc(CCN)c4c3)cc12,8.6
333,CHEMBL331240,CC(=O)Nc1ccc(cc1)N2CCN(CC2)C(=O)COc3ccc4[nH]cc(CCN)c4c3,8.48
334,CHEMBL147851,NCCc1c[nH]c2ccc(OCCN3CCN(CC3)C(=O)COc4ccc5[nH]cc(CCN)c5c4)cc12,9.96
336,CHEMBL148022,NCCc1c[nH]c2ccc(OCc3cccc(COc4ccc5[nH]cc(CCN)c5c4)c3)cc12,9.5
338,CHEMBL146720,NCCc1c[nH]c2ccc(OCC(=O)N3CCN(CC3)C(=O)COc4ccc5[nH]cc(CCN)c5c4)cc12,9.44
342,CHEMBL147677,NCCc1c[nH]c2ccc(OCCNC(=O)NCCOc3ccc4[nH]cc(CCN)c4c3)cc12,9.7
344,CHEMBL144128,NCCc1c[nH]c2ccc(OCCN3CCN(CCOc4ccc5[nH]cc(CCN)c5c4)CC3)cc12,9.59
346,CHEMBL357478,NCCc1c[nH]c2ccc(OCC(=O)Nc3ccc(cc3)N4CCN(CC4)C(=O)COc5ccc6[nH]cc(CCN)c6c5)cc12,9.85
352,CHEMBL84171,COc1ccc2[nH]cc(C3=CCN(CCC4OCCc5cc(ccc45)C(=O)N)CC3)c2c1,6.5
356,CHEMBL441259,NC(=O)c1ccc2C(CCN3CCC(=CC3)c4[nH]nc5cc(F)ccc45)OCCc2c1,6.68
357,CHEMBL108818,CCCCCCOc1ccc2[nH]c3CCC(N)Cc3c2c1,6.73
359,CHEMBL83732,NC(=O)c1ccc2C(CCN3CCC(=CC3)c4cccc5ccc(F)cc45)OCCc2c1,6.68
363,CHEMBL418823,CCCCCCCCCOc1ccc2[nH]cc(CCNCCCC)c2c1,6.87
364,CHEMBL82488,NC(=O)c1ccc2C(CCN3CCC(=CC3)c4coc5cc(F)ccc45)OCCc2c1,6.81
365,CHEMBL81191,NC(=O)c1ccc2C(CCN3CCC(=CC3)c4cccc5ccccc45)OCCc2c1,6.82
368,CHEMBL444843,NC(=O)c1ccc2C(CCN3CCC(CC3)c4nsc5cc(F)ccc45)OCCc2c1,6.7
371,CHEMBL1169435,NC(=O)c1ccc2[C@H](CCN3CCC(=CC3)c4c[nH]c5c(F)cccc45)OCCc2c1,6.41
373,CHEMBL83617,NC(=O)c1ccc2C(CCN3CCC(=CC3)c4c[nH]c5cc(F)ccc45)OCCc2c1,6.55
386,CHEMBL111107,CCCCCCCCCOc1ccc2[nH]c3CCC(N)Cc3c2c1,6.76
387,CHEMBL310744,NC(=O)c1ccc2C(CCN3CCN(CC3)c4c[nH]c5cc(F)ccc45)OCCc2c1,6.51
389,CHEMBL79853,NC(=O)c1ccc2C(CCN3CCC(=CC3)c4noc5cc(F)ccc45)OCCc2c1,6.81
390,CHEMBL81703,NC(=O)c1ccc2C(CCN3CCC(=CC3)c4csc5cc(F)ccc45)OCCc2c1,6.73
394,CHEMBL275854,CC(N)Cc1c[nH]c2ccc(O)cc12,6.6
400,CHEMBL414420,CCCCCCCCCCc1ccc2[nH]cc(CCN)c2c1,6.56
402,CHEMBL1159649,NC(=O)c1ccc2[C@@H](CCN3CCC(=CC3)c4c[nH]c5c(F)cccc45)OCCc2c1,6.7
405,CHEMBL79674,NC(=O)c1ccc2C(CCN3CCC(CC3)c4c[nH]c5cc(F)ccc45)OCCc2c1,6.88
406,CHEMBL108337,COc1ccc2[nH]c3CCC(N)Cc3c2c1,6.47
416,CHEMBL275035,CNCCc1c[nH]c(CCC(c2ccccc2)c3ccccc3)n1,5.09
418,CHEMBL146942,NCCCC1(CCCN)CCc2cccc(O)c2C1,6.5
419,CHEMBL282199,CC1CCN(CC[C@H]2CCCN2S(=O)(=O)c3cccc(O)c3)CC1,6.0
422,CHEMBL133455,C[C@H](N)Cc1c[nH]c2ccc3OCCCc3c12,5.48
425,CHEMBL94984,CC1CCN(CC[C@H]2CCCN2S(=O)(=O)c3cccc4ccccc34)CC1,5.4
428,CHEMBL12624,CC1CCN(CC[C@H]2CCCN2S(=O)(=O)c3cccc(C)c3)CC1,5.8
429,CHEMBL275507,NCCc1c[nH]c(CCC(c2ccccc2)c3ccccc3)n1,4.85
433,CHEMBL333784,CC1CCN(CC[C@H]2CCCN2S(=O)(=O)c3ccc(Cl)c(Cl)c3)CC1,5.8
434,CHEMBL116448,CC1CCN(CC[C@H]2CCCN2S(=O)(=O)c3cccc(Br)c3)CC1,6.0
440,CHEMBL302171,CCCN(CCC)[C@H]1CCc2ccc3[nH]ccc3c2C1,5.64
441,CHEMBL305976,CCCNC1CCc2ccc3[nH]ccc3c2C1,6.32
444,CHEMBL69943,CCCN(CCCCN1C(=O)CC(C)(C)CC1=O)C2CCc3ccc4[nH]ccc4c3C2,6.65
446,CHEMBL71640,CCCN(CC1CC1)C2CCc3ccc4[nH]cc(C=O)c4c3C2,6.71
449,CHEMBL70980,C(CNCC1CCc2ccc3[nH]ccc3c2C1)Cc4ccccc4,6.64
452,CHEMBL420191,CCCN(Cc1ccccc1)C2CCc3ccc4[nH]cc(C=O)c4c3C2,6.0
453,CHEMBL115496,CC(C)(C)OC(=O)NCC1(O)CCN(CCCc2c[nH]c3ccc(cc23)n4cnnc4)CC1,6.47
455,CHEMBL1744041,CCCN(CC(C)C)[C@@H]1CCc2ccc3[nH]ccc3c2C1,6.66
456,CHEMBL1788198,CCCN(CCCCN1C(=O)CC(C)(C)CC1=O)[C@@H]2CCc3ccc4[nH]cc(C=O)c4c3C2,6.92
458,CHEMBL71469,CCCN(C)C1CCc2ccc3[nH]cc(C=O)c3c2C1,6.96
459,CHEMBL2112317,O.CCCN(CCCCN1C(=O)CC(C)(C)CC1=O)[C@H]2CCc3ccc4[nH]cc(C=O)c4c3C2,5.79
464,CHEMBL423127,CCCN(CCCCN1C(=O)CC(C)(C)CC1=O)C2CCc3ccc4[nH]cc(C=O)c4c3C2,6.94
467,CHEMBL303339,CN(C)[C@@H]1CCc2ccc3[nH]ccc3c2C1,6.64
470,CHEMBL70606,CCCN(Cc1ccccc1)C2CCc3ccc4[nH]ccc4c3C2,5.34
475,CHEMBL71707,Oc1ccc2[nH]cc([C@@H]3C[C@H]4CC[C@@H](C3)N4C[C@@H]5CC[C@@H](CC5)NC(=O)\C=C\c6ccc(Cl)c(Cl)c6)c2c1,6.0
484,CHEMBL72285,CCCN(CCc1ccccc1)C2CCc3ccc4[nH]ccc4c3C2,6.6
486,CHEMBL302172,CCCN(CCC)[C@@H]1CCc2ccc3[nH]ccc3c2C1,6.86
488,CHEMBL312525,CCCNC1CCc2ccc3[nH]cc(C=O)c3c2C1,6.64
490,CHEMBL303921,CCCN(CCCOc1cccc(Cl)c1)C2CCc3ccc4[nH]cc(C=O)c4c3C2,6.73
491,CHEMBL413105,CN(C)C1CCc2ccc3[nH]ccc3c2C1,6.57
498,CHEMBL292274,CN(C)[C@H]1CCc2ccc3[nH]ccc3c2C1,5.77
499,CHEMBL420748,CCCN(CCCOc1cccc(Cl)c1)C2CCc3ccc4[nH]ccc4c3C2,6.61
503,CHEMBL65196,CCCN(CCC)C1CCc2ccc3[nH]ccc3c2C1,6.46
505,CHEMBL420874,C(Cc1c[nH]c2ccc(cc12)n3cnnc3)N4CC[C@H](C4)OCc5ccccc5,6.84
508,CHEMBL51,Fc1ccc(cc1)C(=O)C2CCN(CCN3C(=O)Nc4ccccc4C3=O)CC2,5.19
515,CHEMBL313714,OC[C@H](NC1CCN(CCCc2c[nH]c3ccc(cc23)n4cnnc4)CC1)c5ccc(F)cc5,6.73
516,CHEMBL117046,C(CN1CCC(CC1)NCc2ccccc2)Cc3c[nH]c4ccc(cc34)n5cnnc5,6.9
518,CHEMBL1278,CNS(=O)(=O)CCc1ccc2[nH]cc(C3CCN(C)CC3)c2c1,8.48
519,CHEMBL905,CN(C)CCc1c[nH]c2ccc(Cn3cncn3)cc12,7.39
523,CHEMBL118012,OC[C@H](NC1CCN(CCCc2c[nH]c3ccc(cc23)n4cnnc4)CC1)c5ccccc5,6.94
525,CHEMBL324287,CN(Cc1ccccc1)[C@@H]2CCN(CCc3c[nH]c4ccc(cc34)n5cnnc5)C2,6.68
526,CHEMBL330803,C(Cc1c[nH]c2ccc(cc12)n3cnnc3)N4CCCCC4,6.25
528,CHEMBL304857,CN(Cc1ccccc1)C2CCN(CCCc3c[nH]c4ccc(cc34)n5cnnc5)CC2,6.84
529,CHEMBL1279,CN[C@@H]1CCc2[nH]c3ccc(cc3c2C1)C(=O)N,7.99
542,CHEMBL275481,CCCN1CCN(Cc2ccccc2)CC13COc4cccc(OC)c4C3,4.45
543,CHEMBL11425,O=C1CC2(CCCC2)CC(=O)N1CCCCNCC3COc4ccccc4C3,5.16
544,CHEMBL11265,COc1cccc2OCC3(CCCN3CCCCN4C(=O)CC5(CCCC5)CC4=O)Cc12,5.42
546,CHEMBL417608,CCCN(CCCCN1C(=O)CC2(CCCC2)CC1=O)CC3COc4cccc(OC)c4C3,5.13
547,CHEMBL11409,CCCN1CCN(CCCCN2C(=O)CC3(CCCC3)CC2=O)CC14COc5cccc(OC)c5C4,5.8
548,CHEMBL416523,COc1cccc2OCC(CNCCCCN3C(=O)CC4(CCCC4)CC3=O)Cc12,5.52
549,CHEMBL11262,CCCN(CCC)CC1COc2cccc(OC)c2C1,4.64
553,CHEMBL261917,CC(C)(C)c1ccc(cc1)S(=O)(=O)Nc2ccc3nccc(N4CCNCC4)c3c2,5.8
554,CHEMBL316081,CN1CCN(CC1)c2ccnc3ccc(NS(=O)(=O)c4sc5ccc(Cl)cc5c4C)cc23,6.3
555,CHEMBL97637,O=S(=O)(Nc1ccc2nccc(N3CCNCC3)c2c1)c4ccc(cc4)c5ccccc5,6.5
556,CHEMBL97211,Cc1cc(N2CCNCC2)c3cc(NS(=O)(=O)c4sc5ccc(Cl)cc5c4C)ccc3n1,5.9
557,CHEMBL97596,Clc1cccc2cc(ccc12)S(=O)(=O)Nc3ccc4nccc(N5CCNCC5)c4c3,6.2
560,CHEMBL97158,Cc1c(sc2ccc(Cl)cc12)S(=O)(=O)Nc3ccc4nccc(N5CCNCC5)c4c3,5.7
561,CHEMBL318018,Cc1sc2ccc(Cl)cc2c1S(=O)(=O)Nc3ccc4nccc(N5CCNCC5)c4c3,6.3
562,CHEMBL98965,CCc1c(sc2ccc(Cl)cc12)S(=O)(=O)Nc3ccc4nccc(N5CCNCC5)c4c3,5.5
563,CHEMBL95823,C[C@H]1CN(CCN1)c2ccnc3ccc(NS(=O)(=O)c4sc5ccc(Cl)cc5c4C)cc23,5.6
582,CHEMBL116463,Fc1ccc(cc1)C(CCCN2CCC(CC2)NC(=O)OCCc3ccc(cc3)C#N)c4ccc(F)cc4,5.45
589,CHEMBL159733,CN(C[C@@H]1CCN(CCc2c[nH]c3ccc(Cn4cncn4)cc23)C1)Cc5ccccc5,6.24
595,CHEMBL349390,CC(=O)Nc1ccc(CNC[C@@H]2CCN(CCc3c[nH]c4ccc(cc34)n5cnnc5)C2)cc1,6.78
598,CHEMBL161192,C(Cc1c[nH]c2ccc(Cn3cncn3)cc12)N4CC[C@@H](CNCc5ccccc5)C4,6.59
599,CHEMBL348815,C(Cc1ccccc1)NC[C@@H]2CCN(CCc3c[nH]c4ccc(cc34)n5cnnc5)C2,6.9
600,CHEMBL351303,OC[C@@H](NC[C@@H]1CCN(CCc2c[nH]c3ccc(cc23)n4cnnc4)C1)c5ccccc5,6.78
601,CHEMBL424154,C[C@H](NC[C@@H]1CCN(CCc2c[nH]c3ccc(Cn4cncn4)cc23)C1)c5ccccc5,6.52
608,CHEMBL435060,C(Cc1c[nH]c2ccc(cc12)n3cnnc3)N4CC[C@@H](C4)OCc5ccccc5,6.56
613,CHEMBL441296,OC[C@H](NC[C@@H]1CCN(CCc2c[nH]c3ccc(cc23)n4cnnc4)C1)c5ccccc5,6.57
614,CHEMBL162296,C=CCNC[C@@H]1CCN(CCc2c[nH]c3ccc(cc23)n4cnnc4)C1,6.49
615,CHEMBL159381,C(Cc1c[nH]c2ccc(cc12)n3cnnc3)N4CCC[C@@H]4COCc5ccccc5,6.24
617,CHEMBL161066,C(Cc1c[nH]c2ccc(cc12)n3cnnc3)N4CC[C@@H](CNCc5ccncc5)C4,6.96
625,CHEMBL115444,Oc1nc2ccccc2n1C3CCN(CC3)C(=O)OCc4cc5OCOc5cc4Cl,6.15
633,CHEMBL263700,CN(C)CCc1cn(C(=O)c2ccccc2)c3ccc(O)cc13,6.38
638,CHEMBL56,CCCN(CCC)C1CCc2cccc(O)c2C1,6.25
642,CHEMBL126340,CN(C)CCc1cccc2c1cc(C(=O)c3ccccc3)n2S(=O)(=O)c4ccccc4,6.72
644,CHEMBL317535,CCOC(=O)c1[nH]c2ccccc2c1CCN(C)C,6.04
645,CHEMBL127411,CN(C)[C@H]1Cc2cn(c3cccc([C@@H]1O)c23)S(=O)(=O)c4ccc(C)cc4,5.51
646,CHEMBL147077,CNC(=O)C1=C(C)NC(=C(C1c2ccc(cc2)[N+](=O)[O-])C(=O)NCCCN3CCC(CC3)(C(=O)OC)c4ccccc4)C,5.58
649,CHEMBL93868,CN(C)CCc1cn(c2ccccc12)S(=O)(=O)c3ccccc3,5.64
655,CHEMBL104753,CN1CCC(CC1)c2c[nH]c3ccc(NC(=O)c4ccsc4)nc23,6.0
657,CHEMBL105958,CN1CCC(CC1)c2c[nH]c3ccc(NC(=O)c4ccncc4)nc23,6.48
658,CHEMBL104158,CN1CCC(CC1)c2c[nH]c3cnc(NC(=O)C)nc23,5.54
659,CHEMBL104720,CN1CCC(CC1)c2c[nH]c3ccc(NC(=O)C4CC4)nc23,5.77
661,CHEMBL320198,CN1CCC(CC1)c2c[nH]c3cnc(NC(=O)c4ccc(F)cc4)nc23,5.22
664,CHEMBL321562,COc1ccccc1C(=O)Nc2ccc3[nH]cc(C4CCN(C)CC4)c3n2,6.13
665,CHEMBL105327,CN1CCC(CC1)c2c[nH]c3ccc(NS(=O)(=O)C)nc23,6.22
667,CHEMBL105025,CN1CCC(CC1)c2c[nH]c3ccc(NC(=O)c4ccccc4C)nc23,6.82
668,CHEMBL173162,C(Cc1c[nH]c2ccc(cc12)c3cccs3)N4CC=CC4,6.97
670,CHEMBL353256,C(Cc1c[nH]c2ccc(cc12)c3cccs3)N4CCCC4,6.15
672,CHEMBL419547,CN1CCC(CC1)c2c[nH]c3ccc(NC(=O)c4cccc(c4)C#N)nc23,6.23
673,CHEMBL105118,CN1CCC(CC1)c2c[nH]c3ccc(NC(=O)c4cccc(c4)[N+](=O)[O-])nc23,6.41
676,CHEMBL103550,CN1CCC(CC1)c2c[nH]c3ccc(NC(=O)c4cccc(F)c4)nc23,5.8
677,CHEMBL420475,CN1CCC(CC1)c2c[nH]c3ccc(NC(=O)C4CCC4)nc23,6.42
681,CHEMBL423610,Clc1ccc(s1)c2ccc3[nH]cc(CCN4CCCC4)c3c2,6.32
682,CHEMBL318105,CN1CCC(CC1)c2c[nH]c3ccc(N)nc23,6.1
683,CHEMBL104692,CN1CCC(CC1)c2c[nH]c3ccc(NC(=O)c4ccc(cc4)[N+](=O)[O-])nc23,6.57
684,CHEMBL174141,OC[C@@H]1CCCN1CCc2c[nH]c3ccc(cc23)c4cccs4,6.95
688,CHEMBL321967,CN1CCC(CC1)c2c[nH]c3ccc(NC(=O)C4CCCC4)nc23,6.19
690,CHEMBL105743,CN1CCC(CC1)c2c[nH]c3ccc(NC(=O)c4ccccc4)nc23,6.09
692,CHEMBL103424,CN1CCC(CC1)c2c[nH]c3ccc(NC(=O)C)cc23,6.41
694,CHEMBL105091,CN1CCC(CC1)c2c[nH]c3ccc(NC(=O)c4occc4)nc23,5.96
697,CHEMBL431041,CN1CCC(CC1)c2c[nH]c3ccc(NC(=O)C)nc23,6.57
698,CHEMBL103479,CN1CCC(CC1)c2c[nH]c3ccc(NC(=O)c4ccc(F)cc4)nc23,5.92
699,CHEMBL104484,CN1CCC(CC1)c2c[nH]c3ccc(NC(=O)c4ccc(cc4)C#N)nc23,6.51
702,CHEMBL102250,CN1CCC(CC1)c2c[nH]c3ccc(NC(=O)c4cocc4)nc23,6.03
703,CHEMBL105722,CN1CCC(CC1)c2c[nH]c3ccc(NC(=O)c4ccccn4)nc23,6.0
705,CHEMBL104374,COc1ccc2[nH]cc(C3CCN(C)CC3)c2n1,6.96
706,CHEMBL321080,CN1CCC(CC1)c2c[nH]c3ccc(NC(=O)c4cccs4)nc23,6.41
707,CHEMBL105261,CCC(=O)Nc1ccc2[nH]cc(C3CCN(C)CC3)c2n1,6.14
710,CHEMBL422737,CN(C)CCc1c[nH]c2ccc(cc12)c3ccc(Cl)s3,6.52
712,CHEMBL174355,CN(C)CCc1c[nH]c2ccc(cc12)c3ccc(C)s3,6.88
713,CHEMBL449406,CN1CCC(CC1)c2c[nH]c3ccc(NC(=O)c4cccc(C)c4)nc23,5.92
720,CHEMBL339980,CN(C)CCc1c(C)[nH]c2cccc(NC(=O)c3ccc(F)cc3)c12,5.98
728,CHEMBL414628,COc1ccc(cc1N2CCNCC2)S(=O)(=O)N3CCc4ccc(I)cc34,5.9
763,CHEMBL161368,CC(C)n1cc2C[C@H]3N(C)C[C@H](CO)C=C3c4cccc1c24.OC(=O)\C=C/C(=O)O,6.68
782,CHEMBL161046,CC(C)n1cc2C[C@@H]3[C@H](C[C@@H](CO)CN3C)c4cccc1c24.OC(=O)\C=C/C(=O)O,5.73
787,CHEMBL349405,CC(C)n1cc2C[C@@H]3[C@H](C=C(CO)CN3C)c4cccc1c24.OC(=O)\C=C/C(=O)O,6.07
803,CHEMBL300686,CN1CCC[C@@H]1Cc2c[nH]c3ccc(C)cc23,6.93
806,CHEMBL133939,COc1ccc2[nH]cc(C[C@@H]3CCCN3C)c2c1,5.24
808,CHEMBL95104,Clc1ccc(OC2CCN(CC[C@H]3CCCN3S(=O)(=O)c4ccc5cc[nH]c5c4)CC2)cc1,6.2
810,CHEMBL297660,CC(C)c1ccc2[nH]cc(CCN3CCCC3)c2c1,6.33
812,CHEMBL297471,CC(C)(C)c1ccc2[nH]cc(CCN3CCCC3)c2c1,6.51
813,CHEMBL7257,COc1ccc2[nH]cc(CCN(C)C)c2c1,6.26
814,CHEMBL137485,COc1ccc2[nH]cc(C[C@H]3CCCN3C)c2c1,6.08
816,CHEMBL49048,CCc1ccc2[nH]cc(CCN3CCCC3)c2c1,5.79
818,CHEMBL147786,CN(CC1CC1)C2CCN(CCCc3c[nH]c4ccc(cc34)n5cnnc5)CC2,6.59
820,CHEMBL344537,COC[C@H](NC1CCN(CCCc2c[nH]c3ccc(Cn4cncn4)cc23)CC1)c5ccc(F)cc5,5.92
824,CHEMBL146131,OC[C@H](Cc1ccccc1)NC2CCN(CCCc3c[nH]c4ccc(cc34)n5cnnc5)CC2,6.85
831,CHEMBL341897,CNS(=O)(=O)Cc1ccc2[nH]cc(CCCN3CCC(CC3)N[C@H](C)c4ccccc4)c2c1,6.59
833,CHEMBL420997,Cn1cnc(n1)c2ccc3c(c2)c(cn3c4ccc(F)cc4)C5CCN(CCC#N)CC5,6.47
834,CHEMBL423022,C[C@@H](NC1CCN(CCCc2c[nH]c3ccc(cc23)n4cnnc4)CC1)[C@H](O)c5ccccc5,6.7
835,CHEMBL423212,CN(Cc1cccs1)C2CCN(CCCc3c[nH]c4ccc(cc34)n5cnnc5)CC2,6.85
836,CHEMBL147838,C(CN1CCC(CC1)N2CCCCC2c3ccccc3)Cc4c[nH]c5ccc(cc45)n6cnnc6,6.39
838,CHEMBL146502,C[C@H](Cc1ccccc1)NC2CCN(CCCc3c[nH]c4ccc(cc34)n5cnnc5)CC2,6.77
843,CHEMBL98241,C[C@H](CN1CCN(CC1)c2cc(F)c(F)cc2F)N3C(=O)CC4(CCCC4)CC3=O,5.11
845,CHEMBL97242,Cn1nnc(n1)c2ccc3c(c2)c(cn3c4ccc(F)cc4)C5CCN(CCN6CCOC6=O)CC5,6.66
846,CHEMBL146150,C[C@@H](NC1CCN(CCCc2c[nH]c3ccc(cc23)n4cnnc4)CC1)c5ccc(NC(=O)C)cc5,6.46
847,CHEMBL146891,C(CN1CCC(CC1)NCc2cccnc2)Cc3c[nH]c4ccc(cc34)n5cnnc5,6.85
848,CHEMBL147961,OC[C@H](NC1CCN(CCCc2c[nH]c3ccc(cc23)n4cncn4)CC1)c5ccccc5,6.4
859,CHEMBL313424,Cn1cnc(n1)c2ccc3c(c2)c(cn3c4ccc(F)cc4)C5CCN(CCN6CCOC6=O)CC5,6.32
863,CHEMBL143890,C[C@@H](NC1CCN(CCCc2c[nH]c3ccc(cc23)n4cnnc4)CC1)[C@@H](O)c5ccccc5,6.68
865,CHEMBL148325,CN(C1CCN(CCCc2c[nH]c3ccc(cc23)n4cnnc4)CC1)C(=O)Nc5ccccc5,6.85
867,CHEMBL342805,NC(=O)OC[C@H](NC1CCN(CCCc2c[nH]c3ccc(cc23)n4cnnc4)CC1)c5ccccc5,6.92
868,CHEMBL2112862,O[C@@H]1Cc2ccccc2[C@H]1NC3CCN(CCCc4c[nH]c5ccc(cc45)n6cnnc6)CC3,6.68
874,CHEMBL146729,C(CN1CCC(CC1)NCc2ccncc2)Cc3c[nH]c4ccc(cc34)n5cnnc5,6.85
877,CHEMBL146023,CC(=O)Nc1ccc(CCNC2CCN(CCCc3c[nH]c4ccc(cc34)n5cnnc5)CC2)cc1,6.77
878,CHEMBL146129,OC[C@H](NC1CCN(CCCc2c[nH]c3ccc(C[C@H]4COC(=O)N4)cc23)CC1)c5ccccc5,6.34
879,CHEMBL12713,Fc1ccc(cc1)n2cc(C3CCN(CCN4CCNC4=O)CC3)c5cc(Cl)ccc25,7.25
881,CHEMBL146628,OCCC(NC1CCN(CCCc2c[nH]c3ccc(cc23)n4cnnc4)CC1)c5ccccc5,6.82
884,CHEMBL147555,CN(Cc1ccc(cc1)S(=O)(=O)C)C2CCN(CCCc3c[nH]c4ccc(cc34)n5cnnc5)CC2,6.85
885,CHEMBL148286,CN(CC=C)C1CCN(CCCc2c[nH]c3ccc(cc23)n4cnnc4)CC1,6.5
886,CHEMBL95175,Fc1ccc(cc1)n2cc(C3CCN(CCN4CCOC4=O)CC3)c5cc(ccc25)c6ncccn6,6.44
890,CHEMBL147907,C[C@@H](NC1CCN(CCCc2c[nH]c3ccc(cc23)n4ccnc4)CC1)c5ccccc5,6.96
892,CHEMBL146285,CC(NC1CCN(CCCc2c[nH]c3ccc(cc23)n4cnnc4)CC1)c5ccc(F)cc5,6.64
894,CHEMBL317333,Fc1ccc(cc1)n2cc(C3CCN(CCC#N)CC3)c4cc(ccc24)c5ncccn5,6.7
897,CHEMBL144002,C[C@@H](NC1CCN(CCCc2c[nH]c3ccc(cc23)n4cncn4)CC1)c5ccccc5,6.38
900,CHEMBL145815,COC[C@H](NC1CCN(CCCc2c[nH]c3ccc(cc23)n4cnnc4)CC1)c5ccccc5,6.68
903,CHEMBL148095,C(CN1CCC(CC1)NC2CCc3ccccc23)Cc4c[nH]c5ccc(cc45)n6cnnc6,6.55
904,CHEMBL93923,Cn1ccc(n1)c2ccc3c(c2)c(cn3c4ccc(F)cc4)C5CCN(CCN6CCNC6=O)CC5,6.96
905,CHEMBL330171,CCn1ncc(n1)c2ccc3c(c2)c(cn3c4ccc(F)cc4)C5CCN(CCN6CCNC6=O)CC5,6.68
909,CHEMBL143894,O[C@H]1Cc2ccccc2C1NC3CCN(CCCc4c[nH]c5ccc(cc45)n6cnnc6)CC3,6.52
911,CHEMBL146132,OC[C@@H](NC1CCN(CCCc2c[nH]c3ccc(cc23)n4cnnc4)CC1)c5ccccc5,6.8
912,CHEMBL334923,CN(C)CCO\N=C/1\c2cccn2c3c(C)csc13,5.57
919,CHEMBL356315,C[C@H](O)[C@H](NC1CCN(CCCc2c[nH]c3ccc(cc23)n4cnnc4)CC1)c5ccccc5,6.82
923,CHEMBL423749,CN([C@@H](CO)c1ccccc1)C2CCN(CCCc3c[nH]c4ccc(cc34)n5cnnc5)CC2,6.68
924,CHEMBL148085,CN(Cc1cocc1)C2CCN(CCCc3c[nH]c4ccc(cc34)n5cnnc5)CC2,6.7
925,CHEMBL341854,OC[C@H](NC1CCN(CCCc2c[nH]c3ccc(Cn4cncn4)cc23)CC1)c5ccccc5,5.89
930,CHEMBL318901,Cn1cnc(n1)c2ccc3c(c2)c(cn3c4ccc(F)cc4)C5CCN(CCN6C(=O)Nc7ccccc7C6=O)CC5,6.25
933,CHEMBL71474,CCCN(CCC)C1CCc2cc(F)c3[nH]cc(C#N)c3c2C1,6.92
934,CHEMBL71899,CCCN(CCC)C1CCc2ccc3[nH]cc(CC(F)(F)F)c3c2C1,6.39
938,CHEMBL71091,CCCN(CCC)C1CCc2ccc3NC(=O)Cc3c2C1,6.71
939,CHEMBL304573,CCCN(CCC)[C@H]1CCc2cc(F)c3[nH]ccc3c2C1,6.02
941,CHEMBL302373,CCCNC1CCc2cc(F)ccc2C1,5.82
943,CHEMBL302263,CCCN(CCC)C1CCc2ccc3[nH]cc(C(=O)C(F)(F)F)c3c2C1,6.55
944,CHEMBL307521,CCCN(CCC)[C@H]1CCc2ccc3[nH]cc(C(=O)C(=O)N)c3c2C1,5.96
945,CHEMBL70652,CCCN(CCC)[C@H]1CCc2cc(F)c3[nH]cc(C=O)c3c2C1,6.75
947,CHEMBL70882,CCCN(CCC)C1CCc2cc(F)c3c(ccn3C)c2C1,5.78
949,CHEMBL71319,CCCN(CCC)C1CCc2cc(F)c3c(c2C1)c(C=O)cn3C,6.21
950,CHEMBL303269,CCCN(CCC)C1CCc2ccc3[nH]cc(c3c2C1)S(=O)(=O)C,6.43
951,CHEMBL71247,CCCN(CCC)[C@@H]1CCc2ccc3[nH]cc(C(=O)C(=O)N)c3c2C1,6.07
952,CHEMBL71395,CCCN(CCC)C1CCc2ccc3[nH]cc(C(=O)C)c3c2C1,6.23
957,CHEMBL305743,CCCN(CCC)C1CCc2cc(F)c3[nH]ccc3c2C1,6.67
958,CHEMBL71299,CCCN(CCC)C1CCc2ccc3c(c2C1)c(C=O)cn3C,6.36
959,CHEMBL71676,CCCN(CCC)C1CCc2c(N)c(F)ccc2C1,5.69
961,CHEMBL69562,CCCN(CCC)C1CCc2ccc3[nH]cc(C)c3c2C1,6.1
962,CHEMBL70710,CCCN(CCC)[C@@H]1CCc2cc(F)c3[nH]ccc3c2C1,6.85
963,CHEMBL71663,CCCN(CCC)C1CCc2cc(F)c3[nH]cc(CCC)c3c2C1,6.75
966,CHEMBL70431,CCCN(CCC)C1CCc2ccc3[nH]cc(C(=O)C(=O)N)c3c2C1,6.26
967,CHEMBL71804,CCCN(CCC)[C@H]1CCc2ccc3[nH]cc(C#N)c3c2C1,6.52
969,CHEMBL162771,O=C(NN1CCC(=CC1)c2ccc3[nH]cc(CCN4CCCC4)c3c2)C5CCCCC5,6.89
972,CHEMBL91534,CN(Cc1ccccc1)[C@H]2CCN(CCCc3c[nH]c4ccc(cc34)n5cnnc5)C[C@H]2F,6.66
983,CHEMBL304197,OC(CN1CCN(Cc2ccccc2)CC1)Cc3c[nH]c4ccc(cc34)n5cnnc5,6.44
984,CHEMBL64003,FC(F)(CN1CCC(Cc2ccccc2)CC1)Cc3c[nH]c4ccc(cc34)n5cnnc5,5.89
990,CHEMBL162011,O=S(=O)(N1CCC(=CC1)c2ccc3[nH]cc(CCN4CCCC4)c3c2)c5cccc6ccccc56,6.39
991,CHEMBL65215,CC(CN1CCN(CC(F)(F)Cc2c[nH]c3ccc(cc23)n4cnnc4)CC1)c5ccc(F)cc5,6.0
992,CHEMBL416688,CN(Cc1ccccc1)C2CCN(CC(F)Cc3c[nH]c4ccc(cc34)n5cnnc5)CC2,5.92
1006,CHEMBL422192,C(Cc1c[nH]c2ccc(cc12)C3=CCNCC3)N4CCCC4,6.12
1007,CHEMBL65321,CC(CN1CCN(CC(F)Cc2c[nH]c3ccc(cc23)n4cnnc4)CC1)c5cccc(F)c5,6.55
1010,CHEMBL67367,CN(Cc1ccccc1)C2CCN(CC(F)(F)Cc3c[nH]c4ccc(cc34)n5cnnc5)CC2,5.68
1011,CHEMBL304833,CC(CN1CCN(CC(F)Cc2c[nH]c3ccc(cc23)n4cnnc4)CC1)c5ccccc5F,6.42
1012,CHEMBL68019,FC(F)(CN1CCC(CCc2ccccc2)CC1)Cc3c[nH]c4ccc(cc34)n5cnnc5,5.24
1014,CHEMBL163516,S=C(NN1CCC(=CC1)c2ccc3[nH]cc(CCN4CCCC4)c3c2)C56CC7CC(CC(C7)C5)C6,6.77
1015,CHEMBL292262,FC(CN1CCN(CCc2ccccc2F)CC1)Cc3c[nH]c4ccc(cc34)n5cnnc5,6.28
1016,CHEMBL2114036,F[C@H](CN1CCN(CCc2cccc(F)c2)CC1)Cc3c[nH]c4ccc(cc34)n5cnnc5,6.17
1021,CHEMBL2114038,F[C@H]1CN(CCCc2c[nH]c3ccc(cc23)n4cnnc4)CC[C@@H]1NCc5ccccc5C(F)(F)F,6.77
1024,CHEMBL305301,Fc1cccc(CCN2CCN(CC(F)(F)Cc3c[nH]c4ccc(cc34)n5cnnc5)CC2)c1,5.8
1030,CHEMBL2114039,CN(Cc1ccccc1C(F)(F)F)[C@H]2CCN(CCCc3c[nH]c4ccc(cc34)n5cnnc5)C[C@@H]2F,6.66
1036,CHEMBL2115111,F[C@@H]1CN(CCCc2c[nH]c3ccc(cc23)n4cnnc4)CC[C@@H]1NCc5ccccc5C(F)(F)F,6.52
1037,CHEMBL63258,FC(F)(CN1CCC(CC1)OCc2ccccc2)Cc3c[nH]c4ccc(cc34)n5cnnc5,6.0
1042,CHEMBL63432,FC(CN1CCN(CCc2cccc(F)c2)CC1)Cc3c[nH]c4ccc(cc34)n5cnnc5,6.0
1044,CHEMBL349675,COc1ccc(cc1)S(=O)(=O)N2CCC(=CC2)c3ccc4[nH]cc(CCN5CCCC5)c4c3,6.85
1046,CHEMBL303997,FC(F)(CN1CCC(COc2ccccc2)CC1)Cc3c[nH]c4ccc(cc34)n5cnnc5,5.14
1048,CHEMBL2115112,CN(Cc1ccccc1C(F)(F)F)[C@H]2CCN(CCCc3c[nH]c4ccc(cc34)n5cnnc5)C[C@H]2F,6.66
1049,CHEMBL303514,FC(CN1CCN(CCc2ccc(F)cc2)CC1)Cc3c[nH]c4ccc(cc34)n5cnnc5,6.27
1050,CHEMBL305062,FC(CN1CCC(CC1)OCc2ccccc2)Cc3c[nH]c4ccc(cc34)n5cnnc5,5.52
1054,CHEMBL64004,CC(CN1CCN(CC(F)Cc2c[nH]c3ccc(cc23)n4cnnc4)CC1)c5ccc(F)cc5,6.51
1077,CHEMBL433108,CC(CN1CCN(CC(F)(F)Cc2c[nH]c3ccc(cc23)n4cnnc4)CC1)c5ccccc5,5.75
1081,CHEMBL349903,Clc1ccc(cc1)S(=O)(=O)N2CCC(=CC2)c3ccc4[nH]cc(CCN5CCCC5)c4c3,6.96
1083,CHEMBL304993,FC(CN1CCN(CCc2ccccc2)CC1)Cc3c[nH]c4ccc(cc34)n5cnnc5,6.03
1089,CHEMBL349174,Cc1ccc(cc1)S(=O)(=O)N2CCC(=CC2)c3ccc4[nH]cc(CCN5CCCC5)c4c3,6.85
1095,CHEMBL163639,O=S(=O)(N1CCC(=CC1)c2ccc3[nH]cc(CCN4CCCC4)c3c2)c5ccccc5,6.36
1117,CHEMBL182837,Cc1cc(Br)cc(C)c1N=C2NCCN2,5.85
1118,CHEMBL183704,Cc1cc(cc(C)c1NC2=NCCN2)[N+](=O)[O-],4.99
1120,CHEMBL360803,Clc1cc(I)cc(Cl)c1N=C2NCCN2,5.7
1122,CHEMBL361729,Cc1cc(cc(C)c1CC2=NCCN2Cc3ccccc3)C(C)(C)C,5.73
1123,CHEMBL361470,Cc1cc(cc(C)c1CC2=NCCCN2)C(C)(C)C,5.35
1125,CHEMBL184597,CN1CCC(CC1)c2n[nH]c3ccc(NC(=O)c4ccc(F)cc4)cc23,5.64
1128,CHEMBL365405,CN1CCC(CC1)n2ncc3ccc(NC(=O)c4ccc(F)cc4)cc23,5.62
1129,CHEMBL361303,CN1CCC(CC1)n2ccc3ccc(NC(=O)c4ccc(F)cc4)cc23,6.59
1132,CHEMBL361061,CN1CCC(CC1)N2CCc3ccc(NC(=O)c4ccc(F)cc4)cc23,6.36
1139,CHEMBL187928,OC(=O)C(F)(F)F.O=C(\C=C\c1ccccc1)N(Cc2ccc(cc2)c3ccc(CNCCc4ccccc4)cc3)Cc5cccnc5,6.2
1140,CHEMBL191460,CN(C)CCN(Cc1ccc(cc1)c2ccc(CNCCc3ccccc3)cc2)C(=O)CCC4CCCC4.OC(=O)C(F)(F)F.OC(=O)C(F)(F)F,6.5
1141,CHEMBL188486,CN(C)CCN(Cc1ccc(cc1)c2ccc(CNCCc3ccccc3)cc2)C(=O)\C=C\c4ccccc4.OC(=O)C(F)(F)F,6.2
1144,CHEMBL191895,Cc1ccc2c(OCCN3CCN(Cc4ccc(O)c(N)c4)CC3)cccc2n1,6.6
1145,CHEMBL365810,Cc1ccc2c(OCCN3CCN(Cc4ccc(O)c(c4)[N+](=O)[O-])CC3)cccc2n1,6.4
1146,CHEMBL193268,COc1ccc(CN2CCN(CCOc3cccc4nc(C)ccc34)CC2)cc1[N+](=O)[O-],6.5
1147,CHEMBL192536,Cc1ccc2c(OCCN3CCN(Cc4ccc(F)c(c4)[N+](=O)[O-])CC3)cccc2n1,6.6
1149,CHEMBL364495,Cc1ccc2c(OCCN3CCN(Cc4ccc(Cl)c(c4)[N+](=O)[O-])CC3)cccc2n1,6.7
1150,CHEMBL191980,Cc1ccc2c(OCCN3CCN(Cc4ccc(Cl)c(Cl)c4)CC3)cccc2n1,5.7
1152,CHEMBL363413,Cc1ccc2c(OCCN3CCN(Cc4cc(Cl)ccc4Cl)CC3)cccc2n1,6.2
1153,CHEMBL2113061,Cc1ccc2c(OCCN3CCN(Cc4ccc5[nH]ccc5c4)CC3)cccc2n1,6.8
1154,CHEMBL191921,Cc1ccc2c(OCCN3CCN(Cc4cccc5ncccc45)CC3)cccc2n1,6.6
1155,CHEMBL362992,Cc1ccc2c(OCCN3CCN(Cc4cccc5ncncc45)CC3)cccc2n1,6.5
1156,CHEMBL425190,Cc1ccc2c(OCCN3CCN(Cc4cccc5cccnc45)CC3)cccc2n1,6.7
1158,CHEMBL190190,Cc1ccc2c(OCCN3CCN(Cc4cccc5cc[nH]c45)CC3)cccc2n1,6.4
1221,CHEMBL364005,Cc1[nH]c2ccc(Cl)cc2c1C3=CCNCC3,6.96
1223,CHEMBL189118,CN(C)CCN(C)c1cc(C)c2cc(NC(=O)\C=C\c3ccc(OC(F)(F)F)cc3)ccc2n1,6.1
1256,CHEMBL371221,CN1CCc2c(C1)sc3N=CN(CCN4CCN(CC4)c5nccc6ccccc56)C(=O)c23,9.3
1257,CHEMBL198836,CN1CCc2c(C1)sc3N=CN(CCN4CCN(CC4)c5cccc6ccccc56)C(=O)c23,9.3
1258,CHEMBL200951,CN1CCc2c(C1)sc3N=CN(CCN4CCN(CC4)c5ccc6ccccc6n5)C(=O)c23,7.44
1259,CHEMBL196907,CN1CCc2c(C1)sc3N=CN(CCN4CCN(CC4)c5ncnc6ccccc56)C(=O)c23,6.5
1260,CHEMBL199443,CN1CCc2c(C1)sc3N=CN(CCN4CCN(CC4)c5cccc6cccnc56)C(=O)c23,9.52
1261,CHEMBL438619,CN1CCc2c(C1)sc3N=CN(CCN4CCN(CC4)c5cccc6ccncc56)C(=O)c23,10.0
1262,CHEMBL199269,CN1CCc2c(C1)sc3N=CN(CCN4CCN(CC4)c5cccc6cnccc56)C(=O)c23,9.05
1263,CHEMBL197240,CN1CCc2c(C1)sc3N=CN(CCN4CCN(CC4)c5cccc6ncccc56)C(=O)c23,8.77
1264,CHEMBL198463,CN1CCc2c(C1)sc3N=CN(CCN4CCN(CC4)c5ccnc6ccccc56)C(=O)c23,8.01
1265,CHEMBL370110,CN1CCc2c(C1)sc3N=CN(CCN4CCN(CC4)c5cncc6ccccc56)C(=O)c23,8.6
1266,CHEMBL197344,CN1CCc2c(C1)sc3N=CN(CCN4CCN(CC4)c5cccc6ccsc56)C(=O)c23,9.4
1267,CHEMBL200315,CN1CCc2c(C1)sc3N=CN(CCN4CCN(CC4)c5cccc6CCOc56)C(=O)c23,9.3
1268,CHEMBL200950,COc1ccc2ccccc2c1N3CCN(CCN4C=Nc5sc6CN(C)CCc6c5C4=O)CC3,8.27
1269,CHEMBL197445,COc1c(Cl)cc(Cl)cc1N2CCN(CCN3C=Nc4sc5CN(C)CCc5c4C3=O)CC2,8.42
1270,CHEMBL197338,COc1cc(Cl)c(Cl)cc1N2CCN(CCN3C=Nc4sc5CN(C)CCc5c4C3=O)CC2,8.31
1271,CHEMBL196914,COc1c(Cl)cccc1N2CCN(CCN3C=Nc4sc5CN(C)CCc5c4C3=O)CC2,9.3
1272,CHEMBL196962,COc1cc(Cl)ccc1N2CCN(CCN3C=Nc4sc5CN(C)CCc5c4C3=O)CC2,8.48
1273,CHEMBL196961,COc1ccc(cc1N2CCN(CCN3C=Nc4sc5CN(C)CCc5c4C3=O)CC2)c6ccccc6,6.93
1274,CHEMBL200949,COc1ccc(cc1N2CCN(CCN3C=Nc4sc5CN(C)CCc5c4C3=O)CC2)C(F)(F)F,7.37
1275,CHEMBL197064,COc1ccc(C)cc1N2CCN(CCN3C=Nc4sc5CN(C)CCc5c4C3=O)CC2,7.92
1276,CHEMBL197011,COc1ccc(OC)c(c1)N2CCN(CCN3C=Nc4sc5CN(C)CCc5c4C3=O)CC2,7.3
1277,CHEMBL198462,COc1ccc(Cl)cc1N2CCN(CCN3C=Nc4sc5CN(C)CCc5c4C3=O)CC2,7.15
1278,CHEMBL198999,CN1CCc2c(C1)sc3N=CN(CCN4CCN(CC4)c5ccccc5OCc6ccccc6)C(=O)c23,8.92
1279,CHEMBL198792,CN1CCc2c(C1)sc3N=CN(CCN4CCN(CC4)c5ccccc5Oc6ccccc6)C(=O)c23,8.96
1280,CHEMBL371094,CN1CCc2c(C1)sc3N=CN(CCN4CCN(CC4)c5ccccc5OCC(C)(C)C)C(=O)c23,8.27
1281,CHEMBL196958,CC(C)Oc1ccccc1N2CCN(CCN3C=Nc4sc5CN(C)CCc5c4C3=O)CC2,8.6
1282,CHEMBL196862,CN1CCc2c(C1)sc3N=CN(CCN4CCN(CC4)c5ccccc5C#N)C(=O)c23,8.85
1283,CHEMBL198696,CN1CCc2c(C1)sc3N=CN(CCN4CCN(CC4)c5ccccc5Cl)C(=O)c23,8.77
1284,CHEMBL197007,CN1CCc2c(C1)sc3N=CN(CCN4CCN(CC4)c5ccccc5c6ccccc6)C(=O)c23,8.96
1285,CHEMBL197078,CN1CCc2c(C1)sc3N=CN(CCN4CCN(CC4)c5ccccc5C)C(=O)c23,8.46
1286,CHEMBL199049,COc1ccccc1N2CCN(CCN3C=Nc4sc5CN(C)CCc5c4C3=O)CC2,8.85
1368,CHEMBL426317,COc1cccc(c1)N2CCN(CCCCN3N=CC(=O)N(C)C3=O)CC2,6.64
1376,CHEMBL225364,CNc1cc(nc2c(cc(OC)cc12)N3CCN(C)CC3)C(=O)Nc4ccc(cc4)N5CCOCC5,5.89
1380,CHEMBL225310,CCN(C1CCN(CC)C1)c2cc(OC)cc3C(=O)C=C(Nc23)C(=O)Nc4ccc(cc4)N5CCOCC5,6.77
1383,CHEMBL225308,COc1cc(N(C)CCN(C)C)c2NC(=CC(=O)c2c1)C(=O)Nc3ccc(cc3)N4CCOCC4,6.41
1385,CHEMBL224738,COc1cc(N(C)CCCN(C)C)c2NC(=CC(=O)c2c1)C(=O)Nc3ccc(cc3)N4CCOCC4,6.54
1394,CHEMBL3706923,C[C@H]1CN(CCN1CC[C@@H]2OCc3cc(ccc23)C(=O)N)c4cccc5cc(F)ccc45,6.94
1400,CHEMBL391271,C[C@@H]1CN(CCN1CC[C@@H]2OCCc3cc(ccc23)C(=O)N)c4cccc5cc(F)ccc45,6.99
1401,CHEMBL234447,C[C@@H]1CN(CCN1CCC2OCCc3cc(ccc23)C(=O)N)c4cccc5cc(F)ccc45,6.55
1413,CHEMBL239167,Cc1ccc2c(OCCN3CCC(Cc4ccc5OCC(=O)Nc5c4)CC3)cc(cc2n1)C#N,6.0
1414,CHEMBL239166,Cc1ccc2c(OCCN3CCC(Cc4ccc5OCC(=O)Nc5c4)CC3)cc(Cl)cc2n1,5.9
1416,CHEMBL241500,Cc1ccc2c(OCCN3CCC(Cc4ccc5OCC(=O)Nc5c4)CC3)ccc(Cl)c2n1,6.8
1417,CHEMBL241499,Cc1ccc2c(OCCN3CCC(Cc4ccc5OCC(=O)Nc5c4)CC3)ccc(F)c2n1,6.1
1419,CHEMBL238732,Cc1ccc2c(OCCN3CCC(Cc4cc(F)c5OCC(=O)Nc5c4)CC3)cc(Cl)cc2n1,6.2
1420,CHEMBL238730,Cc1ccc2c(OCCN3CCC(Cc4cc(F)c5OCC(=O)Nc5c4)CC3)cc(F)cc2n1,6.5
1421,CHEMBL391661,Cc1ccc2c(OCCN3CCC(Cc4cc5NC(=O)COc5cc4F)CC3)cc(Cl)cc2n1,5.7
1422,CHEMBL238520,Cc1ccc2c(OCCN3CCC(Cc4cc5NC(=O)COc5cc4F)CC3)cc(F)cc2n1,6.0
1423,CHEMBL238519,Cc1ccc2c(OCCN3CCC(Cc4ccc5OCC(=O)Nc5c4F)CC3)cc(Cl)cc2n1,5.8
1424,CHEMBL393539,Cc1ccc2c(OCCN3CCC(Cc4ccc5OCC(=O)Nc5c4F)CC3)cc(F)cc2n1,6.4
1435,CHEMBL392770,OCC1(CCCC1)N2CCN(CC2)C3CCc4ccc(OCc5noc(n5)c6ccc(Cl)cc6)cc34,5.83
1436,CHEMBL239598,CC1CC(CC1C)N2CCN(CC2)C3CCc4ccc(OCc5noc(n5)c6ccc(Cl)cc6)cc34,6.38
1468,CHEMBL399704,COc1cc2CCN(c2cc1N3C[C@@H](C)N(C)[C@@H](C)C3)S(=O)(=O)c4cccc(Br)c4,5.7
1474,CHEMBL10085,CC(C)Oc1ccccc1N2CCN(Cc3cccc(c3)C(=O)N4CCCCC4)CC2,5.54
1525,CHEMBL451394,Fc1ccc(cc1)C(=O)Nc2ccc3[nH]cc(C4CCN(Cc5cccc(CN6CCC(CC6)c7c[nH]c8ccc(NC(=O)c9ccc(F)cc9)cc78)c5)CC4)c3c2,6.34
1526,CHEMBL450852,Fc1ccc(cc1)C(=O)Nc2ccc3[nH]cc(C4CCN(C\C=C\CN5CCC(CC5)c6c[nH]c7ccc(NC(=O)c8ccc(F)cc8)cc67)CC4)c3c2,6.99
1530,CHEMBL509314,Fc1ccc(cc1)C(=O)Nc2ccc3[nH]cc(C4CCN(CCCCCCCCCCCN5CCC(CC5)c6c[nH]c7ccc(NC(=O)c8ccc(F)cc8)cc67)CC4)c3c2,6.9
1532,CHEMBL505750,Fc1ccc(cc1)C(=O)Nc2ccc3[nH]cc(C4CCN(CCCCCCCCCN5CCC(CC5)c6c[nH]c7ccc(NC(=O)c8ccc(F)cc8)cc67)CC4)c3c2,6.9
1543,CHEMBL521235,CN1CCC(CC1)c2c[nH]c3ccc(N)cc23,6.45
1558,CHEMBL495161,CC(=O)Nc1ccccc1CN2CCN(CCOc3cccc4nc(C)ccc34)CC2,5.8
1559,CHEMBL495160,CC(=O)Nc1ccc(CN2CCN(CCOc3cccc4nc(C)ccc34)CC2)cc1,5.9
1560,CHEMBL494992,COc1cccc(CN2CCN(CCOc3cccc4nc(C)ccc34)CC2)c1,6.8
1561,CHEMBL494991,COc1ccc(CN2CCN(CCOc3cccc4nc(C)ccc34)CC2)cc1,6.3
1563,CHEMBL494631,Cc1ccc2c(OCCN3CCN(Cc4ccccc4)CC3)cccc2n1,6.6
1599,CHEMBL513715,Cc1ccc2c(cccc2n1)N3CCN(CCc4cccc5NC(=O)COc45)CC3,9.0
1600,CHEMBL469345,CN1C(=O)COc2c(CCN3CCN(CC3)c4cccc5nc(C)ccc45)cccc12,8.4
1601,CHEMBL512724,Cc1ccc2c(cccc2n1)N3CCN(CCc4ccc5NC(=O)COc5c4)CC3,7.5
1602,CHEMBL472290,CCN1C(=O)COc2c(CCN3CCN(CC3)c4cccc5nc(C)ccc45)cccc12,8.4
1603,CHEMBL469567,CC(C)N1C(=O)COc2c(CCN3CCN(CC3)c4cccc5nc(C)ccc45)cccc12,8.3
1604,CHEMBL469568,Cc1ccc2c(cccc2n1)N3CCN(CCc4cccc5N(C6CC6)C(=O)COc45)CC3,8.3
1605,CHEMBL469995,Cc1ccc2c(cccc2n1)N3CCN(CCc4cccc5N(CC6CC6)C(=O)COc45)CC3,8.2
1606,CHEMBL511279,Cc1ccc2c(cccc2n1)N3CCN(CCc4cccc5N(CC(F)F)C(=O)COc45)CC3,7.8
1607,CHEMBL511815,C[C@@H]1CN(CCN1CCc2cccc3N(C)C(=O)COc23)c4cccc5nc(C)ccc45,8.6
1608,CHEMBL471047,C[C@H]1CN(CCN1CCc2cccc3N(C)C(=O)COc23)c4cccc5nc(C)ccc45,7.8
1609,CHEMBL469374,CN1C(=O)COc2c(CCN3CCN(CC3)c4cc(F)cc5nc(C)ccc45)cccc12,8.6
1610,CHEMBL513875,C[C@@H]1CN(CCN1CCc2cccc3N(C)C(=O)COc23)c4cc(F)cc5nc(C)ccc45,8.7
1611,CHEMBL469589,CN1C(=O)COc2c(CCCN3CCN(CC3)c4cc(F)cc5nc(C)ccc45)cccc12,6.1
1612,CHEMBL470217,C[C@@H]1CN(CCN1CCCc2cccc3N(C)C(=O)COc23)c4cc(F)cc5nc(C)ccc45,6.8
1637,CHEMBL402143,COc1c(OCCF)cccc1C(O)C2CCN(CCc3ccc(F)cc3)CC2,5.73
1638,CHEMBL515472,COc1c(OCCF)cccc1[C@H](O)C2CCN(CCc3ccc(F)cc3)CC2,6.05
1639,CHEMBL516088,COc1c(OCCF)cccc1C(=O)C2CCN(CCc3ccc(F)cc3)CC2,5.66
1641,CHEMBL476839,COc1c(OCCF)cccc1C(O)C2CCN(CCc3ccc(C)cc3)CC2,5.31
1642,CHEMBL490632,COc1c(OCCF)cccc1C(=O)C2CCN(CCc3ccc(C)cc3)CC2,5.47
1650,CHEMBL519010,Cc1ccc2c(OCCCN3CC(COc4ccc5OCC(=O)Nc5c4)C3)cccc2n1,6.5
1655,CHEMBL484386,CC(CN1CCC(Cc2ccc3OCC(=O)Nc3c2)CC1)Oc4cccc5nc(C)ccc45,6.7
1660,CHEMBL519019,Cc1ccc2c(OCCCN3CC(C3)Oc4ccc5OCC(=O)Nc5c4)cccc2n1,6.4
1665,CHEMBL485630,Cc1ccc2c(OCC3CCN(CC(=O)c4ccc5OCC(=O)Nc5c4)CC3)cccc2n1,6.2
1671,CHEMBL458001,ClC1=C(C=NN(Cc2cccc(NC(=O)c3ccc(cc3)c4ccccc4)c2)C1=O)N5CCNCC5,6.28
1672,CHEMBL458002,Cc1ccc(CN2N=CC(=C(Cl)C2=O)N3CCNCC3)cc1NC(=O)c4ccc(cc4)c5ccccc5,6.11
1673,CHEMBL458220,Cc1c(CN2N=CC(=C(Cl)C2=O)N3CCNCC3)cccc1NC(=O)c4ccc(cc4)c5ccccc5,6.23
1681,CHEMBL520129,O=C(Nc1ccc2cnn(c2c1)S(=O)(=O)c3cccc4ccccc34)C5CCCNC5,5.75
1693,CHEMBL458200,CN1CCN(CC1=O)c2cccc(CC3CCN(CCOc4cccc5nc(C)ccc45)CC3)c2,6.9
1696,CHEMBL457765,Cc1ccc2c(OCCN3CCC(Cc4cccc(c4)N5CCOCC5)CC3)cccc2n1,6.9
1697,CHEMBL513955,C[C@@H]1CN(C[C@H](C)O1)c2cccc(CC3CCN(CCOc4cccc5nc(C)ccc45)CC3)c2,6.8
1702,CHEMBL459068,CC(=O)N1CCC(CC1)c2cccc(CC3CCN(CCOc4cccc5nc(C)ccc45)CC3)c2,6.8
1761,CHEMBL604102,N[C@@H]1CCN(C1)c2ccc3[nH]nc(c3c2)S(=O)(=O)c4cccc5ccccc45,5.22
1777,CHEMBL1242904,Cc1ccc2c(cccc2n1)N3CCN(CCc4cccc5c4OCc6nccn56)CC3,8.8
1779,CHEMBL1241547,Cc1ccc2c(cccc2n1)N3CCN(CCc4cccc5c4OCc6nc(C)cn56)CC3,8.8
1781,CHEMBL1241548,Cc1ccc2c(cccc2n1)N3CCN(CCc4cccc5c4OCc6nc(C)c(C)n56)CC3,8.7
1783,CHEMBL1241641,Cc1ccc2c(cccc2n1)N3CCN(CCc4cccc5c4OCc6nc(cn56)C(F)(F)F)CC3,9.0
1785,CHEMBL1241642,Cc1ccc2c(cccc2n1)N3CCN(CCc4cccc5c4OCc6cncn56)CC3,9.0
1787,CHEMBL1241738,Cc1ccc2c(cccc2n1)N3CCN(CCc4cccc5c4OCc6nnc(C)n56)CC3,9.1
1789,CHEMBL1241546,Cc1ccc2c(cccc2n1)N3CCN(CCc4cccc5c4OCc6c(C)nnn56)CC3,8.6
1791,CHEMBL1241639,Cc1ccc2c(cccc2n1)N3CCN(CCc4cccc5c4OCc6nnnn56)CC3,8.1
1793,CHEMBL1241640,CCOC(=O)c1ncn2c1COc3c(CCN4CCN(CC4)c5cccc6nc(C)ccc56)cccc23,8.9
1795,CHEMBL1241736,CC(=O)c1ncn2c1COc3c(CCN4CCN(CC4)c5cccc6nc(C)ccc56)cccc23,9.0
1797,CHEMBL1241737,CO\N=C(/C)\c1ncn2c1COc3c(CCN4CCN(CC4)c5cccc6nc(C)ccc56)cccc23,8.6
1799,CHEMBL1241824,CN(C)C(=O)c1ncn2c1COc3c(CCN4CCN(CC4)c5cccc6nc(C)ccc56)cccc23,9.2
1801,CHEMBL1241825,Cc1ccc2c(cccc2n1)N3CCN(CCc4cccc5c4OCc6c(ncn56)C#N)CC3,8.8
1803,CHEMBL1241912,CNC(=O)c1ncn2c1COc3c(CCN4CCN(CC4)c5cccc6nc(C)ccc56)cccc23,8.9
1807,CHEMBL1241998,CC(C)NC(=O)c1ncn2c1COc3c(CCN4CCN(CC4)c5cccc6nc(C)ccc56)cccc23,8.6
1809,CHEMBL1242081,Cc1ccc2c(cccc2n1)N3CCN(CCc4cccc5c4OCc6c(ncn56)C(=O)NC7CC7)CC3,9.3
1811,CHEMBL1242167,Cc1ccc2c(cccc2n1)N3CCN(CCc4cccc5c4OCc6c(ncn56)C(=O)NC7CCC7)CC3,9.2
1813,CHEMBL1242257,Cc1ccc2c(cccc2n1)N3CCN(CCc4cccc5c4OCc6c(ncn56)C(=O)NC7CCCC7)CC3,8.7
1815,CHEMBL1242345,Cc1ccc2c(cccc2n1)N3CCN(CCc4cccc5c4OCc6c(ncn56)C(=O)NCC7CC7)CC3,8.8
1817,CHEMBL1242436,Cc1ccc2c(cccc2n1)N3CCN(CCc4cccc5c4OCc6c(ncn56)C(=O)N7CCC7)CC3,8.8
1819,CHEMBL1242533,Cc1ccc2c(cccc2n1)N3CCN(CCc4cccc5c4OCc6c(ncn56)C(=O)N7CCCC7)CC3,9.0
1821,CHEMBL1242623,Cc1ccc2c(cccc2n1)N3CCN(CCc4cccc5c4OCc6c(ncn56)C(=O)N7CCCCC7)CC3,8.8
1823,CHEMBL1242717,Cc1ccc2c(cccc2n1)N3CCN(CCc4cccc5c4OCc6c(ncn56)C(=O)N7CCOCC7)CC3,9.0
1826,CHEMBL1258723,CCCCOc1ccc(cc1)c2nn3c(C)cc(C)nc3c2CC(=O)N(CC)CC,5.8
1830,CHEMBL1258223,CCCCN1CCC(COC(=O)c2cc(Cl)c(NC)c3OCCOc23)CC1,6.09
1834,CHEMBL1275709,CN(C)[C@@H]1CC[C@@H](C1)c2c[nH]c3ccc(cc23)C#N,6.47
1835,CHEMBL1275791,CN(C)[C@H]1CC[C@H](C1)c2c[nH]c3ccc(F)cc23,6.3
1839,CHEMBL1277565,Cn1nc(c2cc(ccc12)N3CCNCC3)S(=O)(=O)c4cccc5ccccc45,5.44
1845,CHEMBL1290486,Cc1ccc2c(cccc2n1)N3CCN(CCc4cccc5NC(=O)CCc45)CC3,9.2
1846,CHEMBL1290487,CN1C(=O)CCc2c(CCN3CCN(CC3)c4cccc5nc(C)ccc45)cccc12,9.1
1847,CHEMBL1290715,Cc1ccc2c(cccc2n1)N3CCN(CCc4cccc5NC(=O)C=Cc45)CC3,8.7
1848,CHEMBL1290716,CN1C(=O)C=Cc2c(CCN3CCN(CC3)c4cccc5nc(C)ccc45)cccc12,9.1
1849,CHEMBL1289163,CN1C(=O)C=Cc2c(CCN3CCN(CC3)c4cccc5nc(C)ccc45)c(F)ccc12,7.5
1852,CHEMBL1289394,C[C@@H]1CN(CCN1CCc2cccc3N(C)C(=O)C=Cc23)c4cc(F)cc5nc(C)ccc45,9.1
1853,CHEMBL1287827,C[C@H]1CN(CCN1CCc2cccc3N(C)C(=O)C=Cc23)c4cccc5nc(C)ccc45,6.4
1855,CHEMBL1289510,C[C@H]1CN(CCN1CCc2cccc3N(C)C(=O)C=Cc23)c4cc(F)cc5nc(C)ccc45,6.5
1859,CHEMBL1290596,Cc1ccc2c(cccc2n1)N3CCN(CCc4c(C)ccc5NC(=O)CCc45)CC3,6.7
1860,CHEMBL1290597,CN1C(=O)CCc2c(CCN3CCN(CC3)c4cccc5nc(C)ccc45)c(C)ccc12,6.4
1861,CHEMBL1289047,Cc1ccc2c(cccc2n1)N3CCN(CCc4c(C)ccc5NC(=O)C=Cc45)CC3,6.3
1863,CHEMBL1289164,CN1C(=O)C=Cc2c(CCN3CCN(CC3)c4cccc5nc(C)ccc45)c(Cl)ccc12,6.5
1956,CHEMBL1642882,Cl.Clc1cccc(c1)S(=O)(=O)c2n[nH]c3ccc(NC4CCNCC4)cc23,5.78
1957,CHEMBL1642886,Cl.CC(C)c1ccc(cc1)S(=O)(=O)c2n[nH]c3ccc(NC4CCNCC4)cc23,5.56
1986,CHEMBL442,CN1C[C@@H](C=C2[C@H]1Cc3c[nH]c4cccc2c34)C(=O)N[C@]5(C)O[C@@]6(O)[C@@H]7CCCN7C(=O)[C@H](Cc8ccccc8)N6C5=O,8.68
1987,CHEMBL1910792,COc1ccc(NC(=O)c2ccc3N(CC(=O)N(C)c3c2)c4ccc(Cl)c(Cl)c4)cc1N5CCN(C)CC5,6.92
2043,CHEMBL2203713,N=C(Nc1ccc2N(CCc2c1)C3CCNCC3)c4cccs4,5.66
2051,CHEMBL2205817,OC12C3C4CC5C6C4C1C6C(C35)N2CCc7cccnc7,5.15
2052,CHEMBL2205816,OC12C3C4CC5C6C4C1C6C(C35)N2CCc7ccccn7,6.02
2056,CHEMBL2205811,COc1cccc(CCN2C3C4C5CC6C7C5C3C7C2(O)C46)c1,5.2
2084,CHEMBL2260927,CNC(C)COc1cc(Cl)ccc1Cl.OC(=O)C(=O)O,5.17
2085,CHEMBL2260926,CNC(C)COc1ccc(Cl)cc1Cl.OC(=O)C(=O)O,5.38
2086,CHEMBL2260922,CNCCOc1cc(Cl)ccc1Cl.OC(=O)C(=O)O,5.44
2087,CHEMBL2260921,CNCCOc1ccc(Cl)cc1Cl.OC(=O)C(=O)O,5.56
2088,CHEMBL2260925,CNC(C)COc1cccc(Cl)c1Cl.OC(=O)C(=O)O,5.61
2089,CHEMBL2260928,CNC(C)COc1ccc(Br)cc1Br.OC(=O)C(=O)O,5.64
2090,CHEMBL2260924,CN1CCN(CCOc2ccc(Br)cc2Br)CC1.OC(=O)C(=O)O,5.84
2091,CHEMBL2260923,CNCCOc1ccc(Br)cc1Br.OC(=O)C(=O)O,5.9
2092,CHEMBL2260934,CN1CCN(CC1)[C@H](COc2cccc(Cl)c2Cl)c3ccccc3.OC(=O)C(=O)O,6.04
2093,CHEMBL2260933,CN1CCN(CC1)[C@@H](COc2cccc(Cl)c2Cl)c3ccccc3.OC(=O)C(=O)O,6.08
2094,CHEMBL2260930,CNC(C)COc1cccc(Oc2ccccc2)c1.OC(=O)C(=O)O,6.12
2104,CHEMBL2391541,COc1ccc2[nH]cc(CCN(CC=C)CC=C)c2c1,6.89
2106,CHEMBL30713,CC(N)Cc1c[nH]c2ccccc12,6.25
2111,CHEMBL481153,O=C(OCCN1CCCC1)N2c3ccccc3Sc4ccccc24,5.66
2113,CHEMBL2413154,COc1ccccc1N2CCN(CCCCN3N=CC(=O)N(C)C3=O)CC2,6.19
2114,CHEMBL2413153,CN1C(=O)C=NN(CCCCN2CCN(CC2)c3ccccc3OCCF)C1=O,6.39
2116,CHEMBL2424668,Cl.FCCOc1cc(OC2CCNCC2)ccc1CC(=O)N3CCC(CC3)N4C(=O)CCc5ccccc45,6.16
2179,CHEMBL3104093,CN1CCc2c(C1)c3cccc4c5ccccc5CCn2c34,5.91
2180,CHEMBL3104092,CN1CCc2c(C1)c3cccc4Cc5ccccc5Cn2c34,6.15
2181,CHEMBL3104091,CN1CCc2c(C1)c3cccc4CCc5ccccc5n2c34,5.87
2188,CHEMBL715,CN1CCN(CC1)C2=Nc3ccccc3Nc4sc(C)cc24,6.0
2189,CHEMBL42,CN1CCN(CC1)C2=Nc3cc(Cl)ccc3Nc4ccccc24,6.0
2191,CHEMBL1112,Clc1cccc(N2CCN(CCCCOc3ccc4CCC(=O)Nc4c3)CC2)c1Cl,6.0
2192,CHEMBL85,CC1=C(CCN2CCC(CC2)c3noc4cc(F)ccc34)C(=O)N5CCCCC5=N1,8.0
2193,CHEMBL3217984,CN1CCC2C(C1)c3cccc4SCc5ccccc5N2c34,6.5
2198,CHEMBL3286557,CNc1nc(nc2CCNCCc12)C(F)(F)c3ccccc3,6.22
2204,CHEMBL3326982,COc1ccccc1N2CCN(CCCCC(=O)NCc3ccccc3c4ccccc4Cl)CC2,6.88
2270,CHEMBL3752900,Clc1ccc2[nH]cc(CCN(CC=C)CC=C)c2c1,6.05
2271,CHEMBL3754166,Brc1ccc2[nH]cc(CCN(CC=C)CC=C)c2c1,6.02
2272,CHEMBL3753318,Cc1ccc2[nH]cc(CCN(CC=C)CC=C)c2c1,5.87
2275,CHEMBL3754496,Fc1ccc2[nH]cc(CCN(CC=C)CC=C)c2c1,5.75
2277,CHEMBL3764650,Cl.COc1ccccc1N2CCN(CCCCCC(=O)n3c4ccccc4c5ccccc35)CC2,6.07
2278,CHEMBL3763779,Cl.COc1ccccc1N2CCN(CCCCC(=O)n3c4ccccc4c5ccccc35)CC2,5.43
2282,CHEMBL582877,CC1(C)NC(=NC(=N1)N)Nc2cccc(Br)c2,5.82
2284,CHEMBL3770981,CCOC(=O)c1cccc(NC2=NC(=NC3(CCCCC3)N2)N(C)C)c1,5.02
