,molecule_chembl_id,canonical_smiles,pchembl_value
0,vortioxetine,CC1=CC=C(SC2=C(C=CC=C2)N2CCNCC2)C(C)=C1,7.72124624
1,CHEMBL241103,CC(=O)OC1CCc2ccc(cc12)\N=C\N3CCc4ccccc4C3,7.0
2,CHEMBL162071,CN(C)CCSc1ccnc(c1)c2ccccc2,7.0
3,CHEMBL3746713,CN(C1CCN(CCOc2ccccc2c3ccccc3)CC1)S(=O)(=O)c4ccccc4,7.0
4,CHEMBL240025,CN(Cc1ccccc1)\C=N\c2ccc3CCC(OC(=O)C)c3c2,7.0
5,clozapine,CN1CCN(CC1)C2=Nc3cc(Cl)ccc3Nc4ccccc24,7.0
6,CHEMBL3104091,CN1CCc2c(C1)c3cccc4CCc5ccccc5n2c34,7.0
7,CHEMBL1631535,Cc1ccc2c(cccc2n1)N3CCN(CCc4cccc(NS(=O)(=O)C)c4)CC3,7.0
8,CHEMBL3819366,Cl.Fc1ccc(OCCCN2CCc3ccccc3C2)cc1,7.0
9,CHEMBL3401483,Clc1ccc(cc1)N2CCN(CCCCCC3=Nc4ccccc4C(=O)N3)CC2,7.0
10,aripiprazole,Clc1cccc(N2CCN(CCCCOc3ccc4CCC(=O)Nc4c3)CC2)c1Cl,7.0
11,CHEMBL131495,Fc1ccc2[nH]cc(C3=CCN(CCCCN4C(=O)c5ccccc5C4=O)CC3)c2c1,7.0
12,CHEMBL3235742,NC(=O)[C@@H]1CCCN1C(=O)CCCCCCN2CCN(CC2)c3noc4ccccc34,7.0
13,CHEMBL268921,O=C1Nc2cccc3CCCC1(CCN4CCN(CC4)c5ccccc5)c23,7.0
14,CHEMBL77855,OC(C1CCN(CCc2ccccc2I)CC1)c3ccc(F)cc3,7.0
15,CHEMBL71165,CC(=O)c1ccc2NC(=O)C3(CCCCN4CCC(=CC4)c5ccccc5)CCCc1c23,7.01
16,CHEMBL270176,CCC1NC(=Nc2cccc(Cl)c12)N,7.01
17,CHEMBL258956,COc1ccc(cc1)N2C(=Nc3ccccc3C2=O)CNC(=O)CCCN4CCN(CC4)c5ccccc5OC,7.01
18,CHEMBL407411,COc1cccc(c1)N2C(=Nc3ccccc3C2=O)CNC(=O)CCCN4CCN(CC4)c5ccccc5OC,7.01
19,CHEMBL1910141,COc1ccccc1N2CCN(CCN(C(=O)C34CCC(CF)(CC3)C4)c5ccccn5)CC2,7.01
20,CHEMBL2159454,Fc1ccc(cc1F)S(=O)(=O)NC2CCN(CCOc3cc(Cl)ccc3Cl)C2,7.01
21,CHEMBL3321790,OC1(CC2CCC(C1)N2CCCSc3ccc(F)cc3)c4ccc(Cl)cc4,7.01
22,CHEMBL1836783,CCC1(CCCCN2CCN(CC2)c3ccc(Cl)cc3)C(=O)Nc4c(Cl)c(F)c(Cl)cc14,7.02
23,CHEMBL3233401,CCOc1ccccc1N2CCN(CCCN3C(=O)N(C)C(=O)C3(c4ccccc4)c5ccccc5)CC2,7.02
24,CHEMBL2164342,COc1cccc(OC)c1c2ccccc2N3CCNCC3,7.02
25,CHEMBL261291,Cc1cccc(N2CCN(CCC(=O)NCC3=Nc4ccccc4C(=O)N3c5ccccc5)CC2)c1C,7.02
26,CHEMBL3262433,Cl.CN(CCCCCCN1CCN(CC1)c2cccc(c2)C(F)(F)F)c3cccc(O)c3,7.02
27,CHEMBL3235756,NC(=O)[C@@H]1Cc2ccccc2CN1C(=O)CCCCCN3CCN(CC3)c4cccc(Cl)c4Cl,7.02
28,CHEMBL601859,COc1ccc(cc1)S(=O)(=O)N(CCCN2CCN(CC2)c3ccc(F)cc3)CC4CC4,7.03
29,CHEMBL3121441,Cc1ccc(cc1)n2cc(CN3CCN(CC3)c4ccccc4)c5ccccc25.OC(=O)\C=C\C(=O)O,7.03
30,CHEMBL2164335,Cc1ccc(cc1C)c2cccc(c2)N3CCNCC3,7.03
31,CHEMBL2159310,Fc1ccc(cc1F)S(=O)(=O)NC2CCN(CCSc3ccccc3c4ccccc4)CC2,7.03
32,CHEMBL3409035,NC(=O)[C@@H]1Cc2ccccc2CN1C(=O)CCCCN3CCN(CC3)c4ccccc4c5ccccc5,7.03
33,CHEMBL1917335,O=S(=O)(NCCCCN1CCc2ccccc2C1)c3ccccc3,7.03
34,CHEMBL3289975,O=S(=O)(NCCCN1CCN(CC1)c2noc3ccccc23)c4cccs4,7.03
35,CHEMBL3262424,Oc1cccc(c1)N(CCCN2CCN(CC2)c3ccccc3)Cc4ccccc4,7.03
36,CHEMBL258995,CCOc1ccccc1N2CCN(CCCC(=O)NCC3=Nc4cc(F)ccc4C(=O)N3c5cccc(OC)c5)CC2,7.04
37,CHEMBL364270,CN(C)C[C@@H]1CC2[C@H](O1)c3cc(Cl)ccc3Oc4ccccc24,7.04
38,CHEMBL261019,Fc1ccc2C(=O)N(C(=Nc2c1)CNC(=O)CCCN3CCN(CC3)c4cccc(c4)C(F)(F)F)c5ccccc5,7.04
39,CHEMBL3409039,O=C(CCCCN1CCN(CC1)c2ccccc2c3ccccc3)N4CCC[C@H]4C(=O)N5CCCCC5,7.04
40,CHEMBL3121433,OC(=O)\C=C\C(=O)O.C(N1CCC(=CC1)c2ccccc2)c3cn(c4ccccc4)c5ccccc35,7.04
41,CHEMBL493625,COc1ccc(cc1)S(=O)(=O)NCCCN2CCN(CC2)c3cccc(c3)C(F)(F)F,7.05
42,CHEMBL2391541,COc1ccc2[nH]cc(CCN(CC=C)CC=C)c2c1,7.05
43,CHEMBL3769441,COc1cccc(c1)N2CCN(CC(O)CN3C(=O)NC(C)(C3=O)c4ccc(F)cc4)CC2,7.05
44,CHEMBL1917344,COc1ccccc1N2CCN(CCCNS(=O)(=O)c3cccc4cccnc34)CC2,7.05
45,CHEMBL3401491,Cc1sc2N=CN(CCCCCN3CCN(CC3)c4cccc(Cl)c4)C(=O)c2c1C,7.05
46,CHEMBL1940418,Fc1ccc(CCCCN2CCN(CC2)c3ccccn3)cc1,7.05
47,CHEMBL12259,O=C1N(CCCCCN2CCN(CC2)c3ccccc3)c4cccc5cccc1c45,7.05
48,CHEMBL3262423,Oc1cccc(c1)N(CCCN2CCN(CC2)c3ccccc3)c4ccccc4,7.05
49,CHEMBL81041,CN1CCCN(CCn2ccc3cc(Br)ccc23)CC1,7.06
50,CHEMBL3310116,Cl.Cc1cccc2c3ccc(cc3C(O)c12)C(=O)N=C(N)N,7.06
51,CHEMBL1949964,Cl.Clc1cccc(c1)N2CCN(CCCCNS(=O)(=O)c3cnc4ccc(Cl)cc4c3)CC2,7.06
52,CHEMBL3764133,Cl.Oc1ccccc1N2CCN(CCCCC(=O)n3c4ccccc4c5ccccc35)CC2,7.06
53,CHEMBL1917348,O=S(=O)(NCCCCN1CCc2ccccc2C1)c3cccc4cccnc34,7.06
54,CHEMBL605582,[O-][N+](=O)c1ccc(cc1)S(=O)(=O)N(CCCN2CCN(CC2)c3ccccc3)CC4CCCCC4,7.06
55,CHEMBL2159313,CCOc1ccccc1C(=O)NC2CCN(CCOc3ccccc3c4ccccc4)C2,7.07
56,CHEMBL3262412,CN(CCCN1CCN(CC1)c2ccccc2)c3cccc(C)c3,7.07
57,CHEMBL260705,COc1ccccc1N2CCN(CCCC(=O)NCC3=Nc4cc(F)ccc4C(=O)N3c5ccccc5)CC2,7.07
58,CHEMBL3819082,Cl.Fc1ccc2CC(CCN3CCc4ccccc4C3)Cc2c1,7.07
59,CHEMBL277120,C1CN(CCN1)c2cccc3ccccc23,7.08
60,CHEMBL836,CCOc1ccccc1OCCN[C@H](C)Cc2ccc(OC)c(c2)S(=O)(=O)N,7.08
61,CHEMBL97518,CC[C@@](C)(CO)CNC(=O)[C@H]1CN(C)[C@@H]2Cc3c[nH]c4cccc(C2=C1)c34,7.08
62,CHEMBL161846,CN(C)CCSc1nc2ccccc2s1,7.08
63,CHEMBL3747117,Cn1cc(cn1)S(=O)(=O)NC2CCN(CCOc3ccccc3C(C)(C)C)CC2,7.08
64,CHEMBL3769534,CCOc1ccccc1N2CCN(CC(O)CN3C(=O)NC(C)(C3=O)c4ccc(F)cc4)CC2,7.09
65,CHEMBL3262398,Oc1cccc2CCC(Cc12)N3CCN(CC3)c4ccccc4,7.09
66,CHEMBL2164341,C1CN(CCN1)c2cccc(c2)c3ccccn3,7.1
67,CHEMBL3771222,CC1(NC(=O)N(CC(O)CN2CCN(CC2)C(c3ccccc3)c4ccccc4)C1=O)c5ccc(F)cc5,7.1
68,CHEMBL194659,CN(C)C[C@H]1CC2[C@H](O1)c3cc(F)ccc3Oc4ccccc24,7.1
69,CHEMBL3217984,CN1CCC2C(C1)c3cccc4SCc5ccccc5N2c34,7.1
70,olanzapine,CN1CCN(CC1)C2=Nc3ccccc3Nc4sc(C)cc24,7.1
71,CHEMBL410604,COc1cc2CC3N(C)CCc4cc(OC)c(O)c(c34)c2cc1O,7.1
72,CHEMBL2376462,COc1cccc(c1)c2ccccc2CN3CCN(CC3)c4ccccc4OC,7.1
73,CHEMBL259626,COc1ccccc1N2CCN(CCC(=O)NCC3=Nc4ccccc4C(=O)N3c5ccccc5)CC2,7.1
74,CHEMBL409156,COc1ccccc1N2CCN(CCCC(=O)NCC3=Nc4ccc(F)cc4C(=O)N3c5ccccc5OC)CC2,7.1
75,CHEMBL1917341,COc1ccccc1N2CCN(CCCCNS(=O)(=O)c3cnc4ccccc4c3)CC2,7.1
76,CHEMBL238732,Cc1ccc2c(OCCN3CCC(Cc4cc(F)c5OCC(=O)Nc5c4)CC3)cc(Cl)cc2n1,7.1
77,CHEMBL238730,Cc1ccc2c(OCCN3CCC(Cc4cc(F)c5OCC(=O)Nc5c4)CC3)cc(F)cc2n1,7.1
78,CHEMBL1632223,Cc1ccc2c(cccc2n1)N3CCN(CCc4cccc(NC(=O)Nc5ccccc5)c4)CC3,7.1
79,CHEMBL1632210,Cc1ccc2c(cccc2n1)N3CCN(CCc4cccc(NC(=O)c5ccccc5)c4)CC3,7.1
80,CHEMBL3818881,Cl.OC1(CC2CCC(C1)N2CCCCC(=O)c3nc4ccccc4s3)c5ccc(Cl)cc5,7.1
81,CHEMBL1917333,O=S(=O)(NCCCN1CCc2ccccc2C1)c3ccc4ccccc4c3,7.1
82,CHEMBL3409037,CC(C)c1ccccc1N2CCN(CCCCCCC(=O)N3CCC[C@H]3C(=O)N4CCCCC4)CC2,7.11
83,CHEMBL3262419,COC(=O)c1cccc(NCCCN2CCN(CC2)c3ccccc3)c1,7.11
84,CHEMBL518752,COc1ccccc1N2CCN(CCCCCCN3C(=O)Nc4ccccc34)CC2,7.11
85,CHEMBL1910140,COc1ccccc1N2CCN(CCN(C(=O)C34CCC(CF)(CC3)CC4)c5ccccn5)CC2,7.11
86,CHEMBL3235744,CSc1ccccc1N2CCN(CCCCCC(=O)N3Cc4ccccc4C[C@H]3C(=O)N)CC2,7.11
87,CHEMBL2159461,CSc1ccccc1OCCN2CCC(CNS(=O)(=O)c3cccc(Cl)c3)CC2,7.11
88,CHEMBL3233677,Cl.CC1(C)N(CCCCCN2CCN(CC2)c3ccc(Cl)c(Cl)c3)C(=O)N(Cc4ccc(Cl)cc4Cl)C1=O,7.11
89,CHEMBL3233402,Cl.CN1C(=O)N(CCCCCN2CCN(CC2)c3ccccc3)C(C1=O)(c4ccccc4)c5ccccc5,7.11
90,CHEMBL1917331,O=S(=O)(NCCN1CCc2ccccc2C1)c3ccc4ccccc4c3,7.11
91,CHEMBL3759298,CC(C)(C)c1ccccc1OCCN2CCC(CC2)NS(=O)(=O)c3cccc(Cl)c3,7.13
92,CHEMBL606547,CN1CCC[C@@H]1Cc2c[nH]c3ccc(NS(=O)(=O)c4ccccc4Cl)cc23,7.13
93,CHEMBL261102,Cc1cccc(N2CCN(CCCC(=O)NCC3=Nc4cc(F)ccc4C(=O)N3c5ccccc5)CC2)c1C,7.13
94,CHEMBL3764650,Cl.COc1ccccc1N2CCN(CCCCCC(=O)n3c4ccccc4c5ccccc35)CC2,7.13
95,CHEMBL3752900,Clc1ccc2[nH]cc(CCN(CC=C)CC=C)c2c1,7.13
96,CHEMBL69388,FC(F)(F)c1ccccc1N2CCN(CCCCC34CCCc5cccc(NC3=O)c45)CC2,7.13
97,CHEMBL260906,Fc1ccc2N=C(CNC(=O)CCCN3CCN(CC3)c4cccc(c4)C(F)(F)F)N(C(=O)c2c1)c5ccccc5,7.13
98,CHEMBL395933,O=C1Cc2ccccc2N1CCCCN3CCN(CC3)c4ccccc4,7.13
99,CHEMBL307686,CC(=O)C1(CCN(CCCCC23CCCc4cccc(NC2=O)c34)CC1)c5ccccc5,7.14
100,CHEMBL3758466,CC(C)c1ccccc1OCCN2CCC(CC2)NS(=O)(=O)c3cccnc3,7.14
101,CHEMBL1836858,CCC1(CCCCN2CCN(CC2)c3cccc(Cl)c3)C(=O)Nc4c(Cl)c(F)c(Cl)cc14,7.14
102,CHEMBL439240,CCC1NC(=Nc2ccc(Cl)c(Cl)c12)N,7.14
103,CHEMBL3360997,Cl.CN1C(=O)N(C)c2ncn(CCCCN3CCN(CC3)c4cccc(Cl)c4Cl)c2C1=O,7.14
104,CHEMBL3233669,Cl.COc1ccccc1N2CCN(CCCCCN3C(=O)N(Cc4ccccc4)C(=O)C3(C)C)CC2,7.14
105,CHEMBL3113601,Fc1ccc(CNC(=O)CCCCCN2CCN(CC2)c3ncccc3c4ccncc4)cn1,7.15
106,CHEMBL84270,Brc1ccc2ccn(CCN3CCN4CCCCC4C3)c2c1,7.16
107,CHEMBL3760010,CC(C)c1cccc(OCCN2C3CCC2CC(C3)NS(=O)(=O)c4cnn(C)c4)c1,7.16
108,CHEMBL3581244,CCOc1cc2C[C@@H]3N(C)CCc4cc(OC)c(OC)c(c2cc1OC)c34,7.16
109,CHEMBL3746806,CN(C1CCN(CCOc2ccccc2C(C)(C)C)CC1)S(=O)(=O)c3ccccc3,7.16
110,CHEMBL310317,CN1CCCN(CCn2ccc3ccc(cc23)C(=C)C)CC1,7.16
111,CHEMBL3121428,COc1ccccc1n2cc(CN3CCN(CC3)c4ccccc4)c5ccccc25.OC(=O)\C=C\C(=O)O,7.16
112,thioridazine,CSc1ccc2Sc3ccccc3N(CCC4CCCCN4C)c2c1,7.16
113,CHEMBL3233668,Cl.CC1(C)N(CCCCCN2CCN(CC2)c3ccccc3)C(=O)N(Cc4ccccc4)C1=O,7.16
114,CHEMBL1949965,Cl.Clc1cccc(c1)N2CCN(CCCCNS(=O)(=O)c3ccc4ncccc4c3)CC2,7.16
115,CHEMBL506875,O=C1Cc2ccccc2N1CCCCCN3CCN(CC3)c4cccc5ccccc45,7.16
116,CHEMBL490645,O=C1Cc2ccccc2N1C\C=C\CN3CCN(CC3)c4cccc5ccccc45,7.16
117,CHEMBL3745975,CN(C1CCN(CCOc2ccccc2C(C)(C)C)CC1)S(=O)(=O)c3cccc(F)c3,7.17
118,CHEMBL467094,COc1cc2CCN(C)C3Cc4cc5OCOc5cc4c(c1OC)c23,7.17
119,CHEMBL3401476,Cc1sc2N=C(CCCCCN3CCN(CC3)c4cccc(Cl)c4)NC(=O)c2c1C,7.17
120,CHEMBL1949970,Cl.Clc1ccc(cc1)N2CCN(CCCCNS(=O)(=O)c3cncc4ccccc34)CC2,7.17
121,CHEMBL523121,O=C1Cc2ccccc2N1CCCCCN3CCN(CC3)c4cccc5[nH]cnc45,7.17
122,CHEMBL3289976,O=S(=O)(NCCCCN1CCN(CC1)c2noc3ccccc23)c4cccs4,7.17
123,CHEMBL3326991,COc1ccccc1N2CCN(CCCCC(=O)NCc3ccccc3c4ccc(C)cc4)CC2,7.18
124,CHEMBL3113602,Fc1ccc(CNC(=O)CCCCCN2CCN(CC2)c3cccnc3c4ccncc4)cn1,7.18
125,CHEMBL13049,CC(CCN1CCCC(C)C1)N(C)S(=O)(=O)c2cccc3ccccc23,7.19
126,CHEMBL3113604,COc1ccc(CNC(=O)CCCCCN2CCN(CC2)c3cccnc3c4ccncc4)cc1,7.19
127,CHEMBL3326977,COc1ccccc1N2CCN(CCCC(=O)NCc3ccccc3c4ccccc4)CC2,7.19
128,CHEMBL3121440,Cc1cccc(c1)n2cc(CN3CCN(CC3)c4ccccc4)c5ccccc25.OC(=O)\C=C\C(=O)O,7.19
129,CHEMBL1914488,O=S(=O)(NCCCCN1CCc2ccccc2C1)c3ccc4ccccc4c3,7.19
130,CHEMBL1632206,CC(=O)Nc1cccc(CCN2CCN(CC2)c3cccc4nc(C)ccc34)c1,7.2
131,CHEMBL1255588,CC(C)(C)[C@@]1(O)CCN2C[C@@H]3c4ccccc4CCc5cccc([C@H]2C1)c35,7.2
132,mianserin,[H]C12CN(C)CCN1C1=C(CC3=C2C=CC=C3)C=CC=C1,7.2
133,CHEMBL522417,COc1ccccc1N2CCN(CCCCCN3C(=O)Cc4ccccc34)CC2,7.2
134,CHEMBL78218,Fc1ccc(CCN2CCC(CC2)C(=O)c3ccc(F)cc3)cc1,7.2
135,CHEMBL221692,Fc1ccc(cc1)c2cncc(CN3CCN(CC3)c4cccc5OCCOc45)c2,7.2
136,CHEMBL3262420,NC(=O)c1cccc(NCCCN2CCN(CC2)c3ccccc3)c1,7.2
137,CHEMBL2037530,O=C(CCCCN1CCN(CC1)c2ccccc2)c3nc4ccccc4s3,7.2
138,CHEMBL489029,O=C1Cc2ccccc2N1CCCCCN3CCN(CC3)c4ccccc4,7.2
139,quetiapine,OCCOCCN1CCN(CC1)C2=Nc3ccccc3Sc4ccccc24,7.2
140,CHEMBL432713,Oc1ccc2[nH]cc(C3CCN(CCCCCNC(=O)\C=C\c4ccc(Cl)c(Cl)c4)CC3)c2c1,7.2
141,CHEMBL3262390,Oc1ccc2[nH]cc(CCN3CCN(CC3)c4ccccc4)c2c1,7.2
142,CHEMBL225512,Oc1ccccc1N2CCN(CCCCCC(=O)NC3CCCc4ccccc34)CC2,7.2
143,CHEMBL2392349,COc1ccccc1N2CCN(CCCCCN3Cc4ccc5ccccc5c4C3=O)CC2,7.21
144,CHEMBL3121431,COc1ccccc1N2CCN(Cc3cn(c4ccccn4)c5ccccc35)CC2.OC(=O)\C=C\C(=O)O,7.21
145,CHEMBL3321797,O=C1Cc2ccccc2N1CCCCCCCN3CC[C@H]4CCCC[C@@H]4C3,7.21
146,CHEMBL2159457,CC(C)c1ccccc1OCCN2CCC(CNS(=O)(=O)c3ccc(F)cc3)CC2,7.22
147,CHEMBL182121,CC(Nc1nc(N)nc(NCCCc2ccccc2)n1)c3ccccc3,7.22
148,CHEMBL3423378,CN1C(=O)N(C)c2nc3N(CCCCN4CCN(CC4)c5ccc(Cl)cc5)C(=O)C=Cn3c2C1=O,7.22
149,CHEMBL2164354,O=C(C1CCCCC1)N(CCN2CCC(=CC2)c3ccccc3)c4ccccn4,7.22
150,CHEMBL3321798,O=C1Cc2ccccc2N1CC\C=C\CCN3CC[C@H]4CCCC[C@@H]4C3,7.22
151,CHEMBL3121432,OC(=O)\C=C\C(=O)O.C(N1CCN(CC1)c2ccccc2)c3cn(c4cccnc4)c5ccccc35,7.22
152,CHEMBL515472,COc1c(OCCF)cccc1[C@H](O)C2CCN(CCc3ccc(F)cc3)CC2,7.23
153,CHEMBL2159315,Cc1ccccc1C(=O)NC2CCN(CCOc3ccccc3c4ccccc4)C2,7.23
154,CHEMBL3310123,Cl.CC1(O)c2ccccc2c3ccc(cc13)C(=O)N=C(N)N,7.23
155,CHEMBL112150,CC1CCN(CC[C@H]2CCCN2S(=O)(=O)c3ccc4[nH]c(O)nc4c3)CC1,7.24
156,CHEMBL3581246,CCCCCCOc1cc2C[C@@H]3N(C)CCc4cc(OC)c(OC)c(c2cc1OC)c34,7.24
157,CHEMBL195706,CN(C)C[C@@H]1CC2[C@H](O1)c3cc(F)ccc3Oc4ccccc24,7.24
158,CHEMBL3746079,CN(C1CCN(CCOc2ccccc2C(C)(C)C)CC1)S(=O)(=O)c3ccc(F)cc3,7.24
159,CHEMBL3746771,CN(C1CCN(CCOc2ccccc2C(C)(C)C)CC1)S(=O)(=O)c3cnn(C)c3,7.24
160,CHEMBL3262402,Cl.CN(CCN1CCN(CC1)c2ccccc2)c3cccc(NS(=O)(=O)C)c3,7.24
161,CHEMBL3310121,Cl.NC(=N)NC(=O)c1ccc2c(c1)C(F)c3ccccc23,7.24
162,CHEMBL2159475,Clc1ccc(Cl)c(OCCN2CCC(C2)NS(=O)(=O)c3ccc(Cl)s3)c1,7.24
163,CHEMBL3331263,O=C1Oc2ccccc2N1CCCCCN3CCN(CC3)c4ccccc4,7.24
164,CHEMBL3289989,O=S(=O)(NCCCCN1CCN(CC1)c2noc3ccccc23)c4cccc5scnc45,7.24
165,CHEMBL3747148,CC(C)c1ccccc1OCCN2CCC(CC2)N(CC3CC3)S(=O)(=O)c4cccc(F)c4,7.25
166,CHEMBL3745882,CC(C)c1ccccc1OCCN2CCC(CC2)N(CC3CC3)S(=O)(=O)c4cnn(C)c4,7.25
167,CHEMBL3769612,Cc1ccc(C)c(c1)N2CCN(CC(O)CN3C(=O)NC(C)(C3=O)c4ccc(F)cc4)CC2,7.25
168,CHEMBL1949963,Cl.Clc1cccc(c1)N2CCN(CCCCNS(=O)(=O)c3cnc4ccccc4c3)CC2,7.25
169,CHEMBL2312639,Clc1cccc(N2CCN(CCCCNS(=O)(=O)c3cc4ccccc4cn3)CC2)c1Cl,7.25
170,CHEMBL260022,CCOc1ccccc1N2CCN(CCCC(=O)NCC3=Nc4ccccc4C(=O)N3c5cccc(OC)c5)CC2,7.26
171,CHEMBL253318,CN1CCc2ccc3NC(=O)c4cccc5C[C@@H]1c2c3c45,7.26
172,CHEMBL1917345,COc1ccccc1N2CCN(CCCCNS(=O)(=O)c3cccc4cccnc34)CC2,7.26
173,CHEMBL261434,Cc1cccc(N2CCN(CCCC(=O)NCC3=Nc4ccc(F)cc4C(=O)N3c5ccccc5)CC2)c1C,7.26
174,CHEMBL3759925,CC(C)(C)c1ccccc1OCCN2CCC(CC2)NS(=O)(=O)c3ccc(F)cc3,7.27
175,CHEMBL229181,CCOc1nc2N(C)C(=O)N(C)C(=O)c2n1CCCCN3CCN(CC3)c4ccccc4OC,7.27
176,CHEMBL3581256,COc1cc2c(C[C@@H]3N(C)CCc4cc(OC)c(OC)c2c34)cc1OCc5ccc(Br)cc5,7.27
177,CHEMBL182805,C[C@H](Nc1nc(C)nc(NCCOc2ccccc2)n1)c3ccccc3,7.27
178,CHEMBL3289959,Clc1ccc2cc(sc2c1)S(=O)(=O)NCCCN3CCN(CC3)c4nsc5ccccc45,7.27
179,CHEMBL3121434,OC(=O)\C=C\C(=O)O.C(N1CCN(CC1)c2ccccc2)c3cn(c4ccccc4)c5ccccc35,7.27
180,CHEMBL3819494,C(CCc1c[nH]c2ccccc12)CN3CCc4ccccc4C3,7.28
181,CHEMBL3746083,CC(C)(C)c1ccccc1OCCN2CCC(CC2)N(CC3CC3)S(=O)(=O)c4ccc(F)cc4,7.28
182,CHEMBL1836793,CCC1(CCCCN2CCC(=CC2)c3cccc(Cl)c3)C(=O)Nc4ccc(F)cc14,7.28
183,CHEMBL407412,CCC1(CCCCN2CCN(CC2)c3ccccc3Cl)C(=O)Nc4ccccc14,7.28
184,CHEMBL3581247,COc1cc2c(C[C@@H]3N(C)CCc4cc(OC)c(OC)c2c34)cc1OCCF,7.28
185,CHEMBL495445,Fc1ccc(cc1)N2CCN(CCCNS(=O)(=O)c3ccc4ccccc4c3)CC2,7.28
186,CHEMBL259408,Fc1ccc2C(=O)N(C(=Nc2c1)CNC(=O)CCCN3CCN(CC3)c4ccccc4Cl)c5ccccc5,7.28
187,CHEMBL3758378,O=S(=O)(NC1CCN(CCOc2ccccc2c3ccccc3)CC1)c4cccnc4,7.28
188,CHEMBL3235743,CSc1ccccc1N2CCN(CCCCC(=O)N3Cc4ccccc4C[C@H]3C(=O)N)CC2,7.29
189,cyproheptadine,CN1CCC(=C2c3ccccc3C=Cc4ccccc24)CC1,7.3
190,CHEMBL3581253,COc1cc2c(C[C@@H]3N(C)CCc4cc(OC)c(OC)c2c34)cc1OC5CCCCC5,7.3
191,CHEMBL3310118,Cl.COCc1cccc2C(O)c3cc(ccc3c12)C(=O)N=C(N)N,7.3
192,CHEMBL1949973,Cl.Clc1cccc(c1)N2CCN(CCCCNS(=O)(=O)c3ccc4ccccc4c3)CC2,7.3
193,CHEMBL3758488,Cn1cc(cn1)S(=O)(=O)NC2CC3CCC(C2)N3CCOc4cccc(c4)c5ccccc5,7.3
194,CHEMBL3235741,NC(=O)[C@@H]1CCCN1C(=O)CCCCCN2CCN(CC2)c3noc4ccccc34,7.3
195,CHEMBL1774995,Oc1ccccc1N2CCN(CCN(C(=O)C34C5C6C3C7C4C5C67I)c8ccccn8)CC2,7.3
196,CHEMBL3754166,Brc1ccc2[nH]cc(CCN(CC=C)CC=C)c2c1,7.31
197,CHEMBL561346,CCOc1ccccc1CNC(=N)NC(=O)NC,7.31
198,CHEMBL259199,CCOc1ccccc1N2CCN(CCCC(=O)NCC3=Nc4cc(F)ccc4C(=O)N3c5ccc(OC)cc5)CC2,7.31
199,CHEMBL3819556,Cl.Fc1ccc(SCCCN2CCc3ccccc3C2)cc1,7.31
200,CHEMBL3746493,Cn1cc(cn1)S(=O)(=O)N(CC2CC2)C3CCN(CCOc4ccccc4C(C)(C)C)CC3,7.31
201,CHEMBL600606,Fc1ccc(cc1)N2CCN(CCCN(CC3CC3)S(=O)(=O)c4ccc5ccccc5c4)CC2,7.31
202,CHEMBL3740691,O=S(=O)(NC1CCN(CCOc2ccccc2c3ccccc3)CC1)c4ccccc4,7.31
203,CHEMBL259001,CCOc1ccccc1N2CCN(CCCC(=O)NCC3=Nc4ccc(F)cc4C(=O)N3c5ccccc5OC)CC2,7.32
204,CHEMBL3121417,CCc1ccccc1n2cc(CN3CCN(CC3)c4ccccc4)c5ccccc25.OC(=O)\C=C\C(=O)O,7.32
205,CHEMBL3326990,COc1ccccc1N2CCN(CCCCC(=O)NCc3ccccc3c4cccc(C)c4)CC2,7.32
206,CHEMBL476462,O=C1Nc2ccccc2N1CCCCN3CCN(CC3)c4ccccc4,7.32
207,CHEMBL3769606,CC1(NC(=O)N(CC(O)CN2CCN(CC2)c3ccccc3Cl)C1=O)c4ccc(F)cc4,7.33
208,CHEMBL493816,COc1ccc(cc1)S(=O)(=O)NCCCN2CCN(CC2)c3ccc(F)cc3,7.33
209,CHEMBL3326992,COc1ccccc1N2CCN(CCCC(=O)NCc3ccccc3c4ccccc4Cl)CC2,7.33
210,CHEMBL1949977,Cl.Clc1ccc(cc1)N2CCN(CCC3CCN(CC3)S(=O)(=O)c4cncc5ccccc45)CC2,7.33
211,CHEMBL3331260,Clc1ccc(cc1)N2CCN(CCCCN3C(=O)Sc4ccccc34)CC2,7.33
212,CHEMBL411663,Fc1ccc2NC(=O)C(CCCCN3CCN(CC3)c4ccccc4)c2c1,7.33
213,CHEMBL489028,O=C1Cc2ccccc2N1CCCCN3CCN(CC3)c4cccc5ccccc45,7.33
214,CHEMBL2159460,CC(C)c1ccccc1OCCN2CCC(CNS(=O)(=O)c3cccc(Cl)c3)CC2,7.34
215,CHEMBL239259,CC1(C)CC(=O)N(CCCCN2CCN(CC2)c3cccc(c3)C(F)(F)F)C(=O)C1,7.34
216,CHEMBL2375370,COc1ccc(cc1)c2ccccc2CN3CCN(CC3)c4ccccc4OC,7.34
217,CHEMBL3233675,Cl.CC1(C)N(CCCCCN2CCN(CC2)c3ccc(F)cc3)C(=O)N(Cc4ccc(F)cc4)C1=O,7.34
218,CHEMBL2312641,Clc1ccc2ncc(cc2c1)S(=O)(=O)NCCCN3CCN(CC3)c4cccc(Cl)c4Cl,7.34
219,CHEMBL72008,O=C1Nc2cccc3CCCC1(CCCCN4CCN(CC4)c5ncccn5)c23,7.34
220,CHEMBL3331388,O=C1Oc2ccccc2N1CCCCCCCN3CCN(CC3)c4ccccc4,7.34
221,CHEMBL241280,Oc1c(F)cccc1CC2NCCc3c2[nH]c4ccccc34,7.34
222,CHEMBL267777,CC1=C(CCN2CCC(=C(c3ccc(F)cc3)c4ccc(F)cc4)CC2)C(=O)N5C=CSC5=N1,7.35
223,CHEMBL436700,CCOc1ccccc1N2CCN(CCC(=O)NCC3=Nc4ccccc4C(=O)N3c5ccccc5)CC2,7.35
224,CHEMBL3113600,COc1ccc(CNC(=O)CCOCCN2CCN(CC2)c3ccccc3c4ccc(F)cc4)cc1,7.35
225,CHEMBL393275,COc1cccc(CC2NCCc3c2[nH]c4ccc(OC)cc34)c1,7.35
226,CHEMBL3233672,Cl.CC1(C)N(CCCCCN2CCN(CC2)c3ccc(F)cc3)C(=O)N(Cc4ccccc4)C1=O,7.35
227,CHEMBL3740209,CC(C)CS(=O)(=O)NC1CCN(CCOc2ccccc2c3ccccc3)CC1,7.36
228,CHEMBL3326987,COc1ccc(cc1)c2ccccc2CNC(=O)CCCCN3CCN(CC3)c4ccccc4OC,7.36
229,CHEMBL3326978,COc1ccccc1N2CCN(CCCCCC(=O)NCc3ccccc3c4ccccc4)CC2,7.36
230,CHEMBL302093,OC1(CCN(CCCCC23CCCc4cccc(NC2=O)c34)CC1)c5ccccc5,7.36
231,CHEMBL3409034,CC(C)c1ccccc1N2CCN(CCCCCCC(=O)N3Cc4ccccc4C[C@H]3C(=O)N)CC2,7.37
232,CHEMBL3423333,CN1C(=O)N(C)c2nc3n(CCCCCN4CCN(CC4)c5ccccc5O)c(cn3c2C1=O)c6ccccc6,7.37
233,CHEMBL228082,COc1cc2C[C@@H]3N(C)CCc4cc(OC)c(OC)c(c2cc1OC)c34,7.37
234,CHEMBL2376461,COc1ccccc1N2CCN(Cc3ccccc3c4ccccc4OC)CC2,7.37
235,CHEMBL3310120,Cl.NC1c2ccccc2c3ccc(cc13)C(=O)N=C(N)N,7.37
236,CHEMBL3741279,CC(C)c1ccccc1OCCN2CCC(CC2)NS(=O)(=O)c3ccccc3,7.38
237,CHEMBL1099284,Cl.CN1CCc2[nH]c3ccc(cc3c2C1)S(=O)(=O)Nc4cccc(F)c4,7.38
238,CHEMBL3092755,Cl.NC(=NC(=O)c1ccc2c(c1)[nH]c3ccccc23)N,7.38
239,CHEMBL3331259,O=C1Sc2ccccc2N1CCCCN3CCN(Cc4ccccc4)CC3,7.38
240,CHEMBL1917356,CCN(CCCCN1CCN(CC1)c2ccccc2OC)S(=O)(=O)c3ccc4ncccc4c3,7.39
241,CHEMBL3310117,Cl.NC(=NC(=O)c1ccc2c(c1)C(O)c3cccc(CO)c23)N,7.39
242,CHEMBL3310109,Cl.NC(=NC(=O)c1ccc2c(c1)C(O)c3cccc(Cl)c23)N,7.39
243,CHEMBL2312936,Clc1ccc2ncc(cc2c1)S(=O)(=O)NCCCCN3CCN(CC3)c4cccc(Cl)c4Cl,7.39
244,CHEMBL3343673,NC(=NC(=O)c1ccc2c3ccccc3[C@]4(CCCO4)c2c1)N,7.39
245,CHEMBL2159469,O=C(NC1CCN(CCOc2ccccc2c3ccccc3)C1)c4ccc5ccccc5n4,7.39
246,CHEMBL3321796,O=C1Cc2ccccc2N1CCCCCN3CC[C@H]4CCCC[C@@H]4C3,7.39
247,CHEMBL3289988,O=S(=O)(NCCCN1CCN(CC1)c2noc3ccccc23)c4cccc5scnc45,7.39
248,CHEMBL3121429,OC(=O)\C=C\C(=O)O.N#Cc1ccccc1n2cc(CN3CCN(CC3)c4ccccc4)c5ccccc25,7.39
249,CHEMBL3409043,CC(C)c1ccccc1N2CCN(CCCCCC(=O)N3Cc4ccccc4C[C@H]3C(=O)N5CCCCC5)CC2,7.4
250,CHEMBL114012,CC1CCN(CCC2CCCCN2S(=O)(=O)c3cccc4ccccc34)CC1,7.4
251,CHEMBL1632220,CCNC(=O)Nc1cccc(CCN2CCN(CC2)c3cccc4nc(C)ccc34)c1,7.4
252,CHEMBL3262417,CN(CCCN1CCN(CC1)c2ccccc2)c3cccc(NS(=O)(=O)C)c3,7.4
253,CHEMBL478680,COc1ccccc1N2CCN(CCCN3C(=O)Nc4ccccc34)CC2,7.4
254,CHEMBL391661,Cc1ccc2c(OCCN3CCC(Cc4cc5NC(=O)COc5cc4F)CC3)cc(Cl)cc2n1,7.4
255,CHEMBL238520,Cc1ccc2c(OCCN3CCC(Cc4cc5NC(=O)COc5cc4F)CC3)cc(F)cc2n1,7.4
256,CHEMBL1949976,Cl.Clc1ccc(cc1)N2CCN(CCC3CCN(CC3)S(=O)(=O)c4cnc5ccccc5c4)CC2,7.4
257,CHEMBL3262406,Cl.Oc1cccc(CCCN2CCN(CC2)c3ccccc3)c1,7.4
258,CHEMBL3759558,Cn1cc(cn1)S(=O)(=O)NC2CN(CCOc3ccccc3c4ccccc4)C2,7.4
259,CHEMBL1836792,Fc1ccc2NC(=O)C(CCCCN3CCC(=CC3)c4cccc(c4)C(F)(F)F)c2c1,7.4
260,CHEMBL1836859,Fc1ccc2NC(=O)C(CCCCN3CCN(CC3)c4ccc(Cl)cc4)c2c1,7.4
261,CHEMBL3759161,CC(C)c1ccccc1OCCN2CCC(CC2)NS(=O)(=O)c3ccc(N)cc3,7.41
262,CHEMBL404248,COc1cccc2C(C)NC(=Nc12)NCC(F)F,7.41
263,CHEMBL3259846,Cl.CN(CCCCCCN1CCN(CC1)c2cccc3ccccc23)c4cccc(O)c4,7.41
264,CHEMBL3581251,CCCCC(C)Oc1cc2C[C@@H]3N(C)CCc4cc(OC)c(OC)c(c2cc1OC)c34,7.42
265,CHEMBL1917354,CCN(CCCCN1CCN(CC1)c2ccccc2OC)S(=O)(=O)c3cnc4ccccc4c3,7.42
266,CHEMBL3325464,COc1ccccc1N2CCN(CCCCC(=O)NCc3ccccc3c4ccccc4)CC2,7.42
267,CHEMBL476464,COc1ccccc1N2CCN(CCCCCN3C(=O)Nc4ccccc34)CC2,7.42
268,CHEMBL3764335,Cl.Oc1ccccc1N2CCN(CCCCCC(=O)n3c4ccccc4c5ccccc35)CC2,7.42
269,CHEMBL3289955,Clc1ccc2cc(ccc2c1)S(=O)(=O)NCCCN3CCN(CC3)c4nsc5ccccc45,7.42
270,CHEMBL81488,CC(C)CN1CCCN(CCn2ccc3ccc(Br)cc23)CC1,7.43
271,CHEMBL1917357,CCN(CCCCN1CCN(CC1)c2ccccc2OC)S(=O)(=O)c3cccc4cccnc34,7.43
272,CHEMBL158285,CN(C)CCSc1cccc(Br)n1,7.43
273,CHEMBL3423337,CN1C(=O)N(C)c2nc3n(CCCCN4CCN(CC4)c5ccc(Cl)cc5)c(cn3c2C1=O)c6ccccc6,7.43
274,CHEMBL427518,COc1ccc(cc1)S(=O)(=O)NCCCN2CCN(CC2)c3ccccc3OC,7.43
275,CHEMBL275258,O=C1Cc2ccccc2N1C3CCN(CCN4CCCc5ccccc5C4=O)CC3,7.43
276,CHEMBL391190,COc1ccc2[nH]c3C(Cc4ccc5OCOc5c4)NCCc3c2c1,7.44
277,CHEMBL3326979,COc1ccccc1N2CCN(CCCCC(=O)NCc3ccccc3c4ccccc4F)CC2,7.44
278,CHEMBL180946,C[C@@H](Nc1nc(N)nc(NCCOc2ccc(F)cc2)n1)c3ccc(F)cc3,7.44
279,CHEMBL1949972,Cl.Clc1cccc(c1)N2CCN(CCCCNS(=O)(=O)c3cccc4ccccc34)CC2,7.44
280,CHEMBL3740302,Fc1cccc(c1)S(=O)(=O)NC2CCN(CCOc3ccccc3c4ccccc4)CC2,7.44
281,CHEMBL3321793,O=C1Cc2ccccc2N1CCCCCCCN3CCc4ccccc4C3,7.44
282,CHEMBL3331255,O=C1Sc2ccccc2N1CCCCN3CCN(CC3)c4ccccc4,7.44
283,CHEMBL2037522,C(CCc1nc2ccccc2s1)CN3CCc4ccccc4C3,7.45
284,CHEMBL3401486,Clc1cccc(c1)N2CCN(CCCCCN3C=Nc4ccccc4C3=O)CC2,7.45
285,CHEMBL602889,Fc1ccc(cc1)N2CCN(CCCN(CC3CC3)S(=O)(=O)c4cccc5cccnc45)CC2,7.45
286,CHEMBL193435,CN(C)C[C@H]1CC2[C@H](O1)c3cc(Br)ccc3Oc4ccccc24,7.46
287,CHEMBL3113594,COc1ccc(cc1)c2ccccc2N3CCN(CCOCCC(=O)NCc4ccc(F)nc4)CC3,7.46
288,CHEMBL3326981,COc1ccccc1N2CCN(CCCCC(=O)NCc3ccccc3c4ccc(F)cc4)CC2,7.46
289,CHEMBL3326980,COc1ccccc1N2CCN(CCCCC(=O)NCc3ccccc3c4cccc(F)c4)CC2,7.46
290,CHEMBL241279,CSc1ccccc1CC2NCCc3c2[nH]c4ccccc34,7.46
291,CHEMBL3581249,CCC(C)Oc1cc2C[C@@H]3N(C)CCc4cc(OC)c(OC)c(c2cc1OC)c34,7.47
292,CHEMBL363581,CN(C)C[C@@H]1CC2[C@H](O1)c3cc(F)ccc3Sc4ccccc24,7.47
293,CHEMBL312049,CN1CCCN(CCn2ccc3ccc(Cl)cc23)CC1,7.47
294,CHEMBL3233667,Cl.COc1ccccc1N2CCN(CCCCCN3C(=O)N(C)C(=O)C3(C)c4ccccc4)CC2,7.47
295,CHEMBL3289969,Clc1ccc(cc1Cl)S(=O)(=O)NCCCN2CCN(CC2)c3noc4ccccc34,7.47
296,CHEMBL3290013,Fc1ccc2c(noc2c1)C3CCN(CCCNS(=O)(=O)c4cc5ccc(Cl)cc5s4)CC3,7.47
297,CHEMBL3121423,OC(=O)\C=C\C(=O)O.C(N1CCN(CC1)c2ccccc2)c3cn(c4cccc5ccccc45)c6ccccc36,7.47
298,CHEMBL404511,CC1NC(=Nc2cccc(Cl)c12)NCC(F)F,7.48
299,CHEMBL408429,CCC1(CCCCN2CCN(CC2)c3ccccc3)C(=O)N(C)c4ccccc14,7.48
300,CHEMBL1917360,CCN(CCCCCN1CCC2CCCCC2C1)S(=O)(=O)c3cccc4cccnc34,7.48
301,CHEMBL3113598,COc1ccc(CNC(=O)CCOCCN2CCN(CC2)c3ccccc3c4ccccc4C)cc1,7.48
302,CHEMBL180087,C[C@H](Nc1cc(NCCc2ccccc2)ncn1)c3ccccc3,7.48
303,CHEMBL3121412,Cc1ccccc1n2cc(CN3CCC(=CC3)c4ccccc4)c5ccccc25.OC(=O)\C=C\C(=O)O,7.48
304,CHEMBL3310115,Cl.NC(=NC(=O)c1ccc2c(c1)C(O)c3c(Cl)cccc23)N,7.48
305,CHEMBL3289956,Clc1ccc2cc(ccc2c1)S(=O)(=O)NCCCCN3CCN(CC3)c4nsc5ccccc45,7.48
306,CHEMBL18840,NCCc1c[nH]c2ccc(cc12)C(=O)N,7.48
307,CHEMBL3326988,COc1ccccc1N2CCN(CCCCC(=O)NCc3ccccc3c4c(OC)cccc4OC)CC2,7.49
308,chlorpromazine,CN(C)CCCN1c2ccccc2Sc3ccc(Cl)cc13,7.5
309,CHEMBL3326985,COc1ccccc1N2CCN(CCCCC(=O)NCc3ccccc3c4ccccc4OC)CC2,7.5
310,CHEMBL394080,COc1ccccc1N2CCN(CCCCN3C(=O)Cc4ccccc34)CC2,7.5
311,CHEMBL422146,C[C@H](CCN1CCC(C)CC1)C(C)S(=O)(=O)c2ccc(Cl)c(Cl)c2,7.5
312,CHEMBL347115,C[C@H](CCN1CCC(C)CC1)C(C)S(=O)(=O)c2cccc3ccccc23,7.5
313,CHEMBL275996,C[C@H](CCN1CCC(C)CC1)N(C)S(=O)(=O)c2ccc(Cl)c(Cl)c2,7.5
314,CHEMBL12264,C[C@H](CCN1CCC(C)CC1)N(C)S(=O)(=O)c2cccc(C)c2,7.5
315,CHEMBL12777,C[C@H](CCN1CCC(C)CC1)N(C)S(=O)(=O)c2cccc3ccccc23,7.5
316,CHEMBL81424,CN1CCCN(CCn2ccc3ccc(Br)cc23)CC1,7.51
317,CHEMBL138989,C[C@@H]1C[C@@H](C)N1C(=O)[C@H]2CN(C)C3Cc4c[nH]c5cccc(C3=C2)c45,7.51
318,CHEMBL3233676,Cl.CC1(C)N(CCCCCN2CCN(CC2)c3cccc(Cl)c3Cl)C(=O)N(Cc4ccc(Cl)cc4Cl)C1=O,7.51
319,CHEMBL2312637,Clc1cccc(N2CCN(CCCCNS(=O)(=O)c3ccc4cccnc4c3)CC2)c1Cl,7.51
320,CHEMBL2312642,Clc1cccc(N2CCN(CCCNS(=O)(=O)c3ccc4ncccc4c3)CC2)c1Cl,7.51
321,CHEMBL239898,FC(F)(F)c1cccc(c1)N2CCN(CCCCN3C(=O)C4CC=CCC4C3=O)CC2,7.51
322,CHEMBL3409033,CC(C)c1ccccc1N2CCN(CCCCC(=O)N3Cc4ccccc4C[C@H]3C(=O)N)CC2,7.52
323,CHEMBL274384,CCN(CC)C(=O)[C@H]1CN(C)[C@@H]2Cc3c(Br)[nH]c4cccc(C2=C1)c34,7.52
324,CHEMBL3262428,CN(CCCCN1CCN(CC1)c2ccccc2)c3cccc(O)c3,7.52
325,CHEMBL3423332,CN1C(=O)N(C)c2nc3n(CCCCN4CCN(CC4)c5ccccc5O)c(cn3c2C1=O)c6ccccc6,7.52
326,CHEMBL7257,COc1ccc2[nH]cc(CCN(C)C)c2c1,7.52
327,CHEMBL209324,COc1ccccc1N2CCN(CCCCNS(=O)(=O)c3ccc(C)cc3)CC2,7.52
328,CHEMBL3401473,Cc1sc2N=C(CCCCCN3CCN(CC3)c4ccccc4)NC(=O)c2c1C,7.52
329,CHEMBL3763779,Cl.COc1ccccc1N2CCN(CCCCC(=O)n3c4ccccc4c5ccccc35)CC2,7.52
330,CHEMBL2312935,Clc1cccc(N2CCN(CCCCNS(=O)(=O)c3cnc4ccccc4c3)CC2)c1Cl,7.52
331,CHEMBL3409042,O=C(CCCCCCN1CCN(CC1)c2ccccc2c3ccccc3)N4CCC[C@H]4C(=O)N5CCOCC5,7.52
332,CHEMBL308461,COc1ccc2[nH]c3CN(CCCCC45CCCc6cccc(NC4=O)c56)CCc3c2c1,7.53
333,CHEMBL2159470,CC(C)c1ccccc1OCCN2CCC(C2)NS(=O)(=O)c3cccs3,7.54
334,CHEMBL1917355,CCN(CCCN1CCN(CC1)c2ccccc2OC)S(=O)(=O)c3ccc4ncccc4c3,7.54
335,CHEMBL260756,CCOc1ccccc1N2CCN(CCCC(=O)NCC3=Nc4ccccc4C(=O)N3c5ccc(OC)cc5)CC2,7.54
336,CHEMBL408717,CCOc1ccccc1N2CCN(CCCC(=O)NCC3=Nc4ccccc4C(=O)N3c5ccccc5OC)CC2,7.54
337,CHEMBL3310112,Cl.NC(=NC(=O)c1ccc2c(c1)C(O)c3cccc(F)c23)N,7.54
338,CHEMBL3289948,FC(F)(F)Oc1ccc(cc1)S(=O)(=O)NCCCN2CCN(CC2)c3nsc4ccccc34,7.54
339,CHEMBL125745,NCCc1cccc2c1ccn2S(=O)(=O)c3ccccc3,7.54
340,CHEMBL3321795,O=C1Cc2ccccc2N1CCCCN3CC[C@H]4CCCC[C@@H]4C3,7.54
341,CHEMBL3747744,CC(C)c1ccccc1OCCN2CCC(CC2)N(CC3CC3)S(=O)(=O)c4ccc(F)cc4,7.55
342,CHEMBL3741657,CC(C)c1ccccc1OCCN2CCC(CC2)NS(=O)(=O)c3ccc(F)c(F)c3,7.55
343,CHEMBL2159490,CC(C)c1ccccc1OCCN2CC[C@@H](C2)NS(=O)(=O)c3ccc(Cl)s3,7.55
344,CHEMBL3581248,COc1cc2c(C[C@@H]3N(C)CCc4cc(OC)c(OC)c2c34)cc1OC(C)C,7.55
345,CHEMBL3235760,NC(=O)[C@@H]1Cc2ccccc2CN1C(=O)CCCCCCN3CCN(CC3)c4noc5ccccc45,7.55
346,CHEMBL3321777,O=C1Cc2ccccc2N1CCCCCN3CCc4ccccc4C3,7.55
347,CHEMBL273821,O=C1Oc2ccccc2N1C3CCN(CCN4CCCc5ccccc5C4=O)CC3,7.56
348,CHEMBL3759651,CC(C)Oc1ccccc1OCCN2CCC(CC2)NS(=O)(=O)c3ccc(F)cc3,7.57
349,CHEMBL350166,CN(C)CCSc1nc(cs1)c2ccncc2,7.57
350,CHEMBL2158033,COc1ccc(OC)c(c1)S(=O)(=O)NCC2CCN(CCOc3ccccc3C(C)C)CC2,7.57
351,CHEMBL3818128,Cl.Fc1ccc(CCCCN2CCc3ccccc3C2)cc1,7.57
352,CHEMBL2312638,Clc1cccc(N2CCN(CCCCNS(=O)(=O)c3cccc4cccnc34)CC2)c1Cl,7.57
353,CHEMBL2159472,O=S(=O)(NC1CCN(CCOc2cccc3CCCCc23)C1)c4cccs4,7.57
354,CHEMBL3121436,OC(=O)\C=C\C(=O)O.Oc1ccccc1N2CCN(Cc3cn(c4ccccc4)c5ccccc35)CC2,7.57
355,CHEMBL3113603,COc1ccc(CNC(=O)CCCCCN2CCN(CC2)c3ncccc3c4ccncc4)cc1,7.58
356,CHEMBL3326989,COc1ccccc1N2CCN(CCCCC(=O)NCc3ccccc3c4ccccc4C)CC2,7.58
357,CHEMBL3331254,O=C1Oc2ccccc2N1CCCCN3CCN(CC3)c4ccccc4,7.58
358,CHEMBL112765,CC1CCN(CC[C@H]2CCCN2S(=O)(=O)c3ccc4[nH]nnc4c3)CC1,7.59
359,CHEMBL261231,CCOc1ccccc1N2CCN(CCCC(=O)NCC3=Nc4ccccc4C(=O)N3c5ccccc5)CC2,7.59
360,CHEMBL599612,CN(C)CCSc1cccc(n1)c2cocc2,7.59
361,CHEMBL319005,COc1cccc(CC2NCCc3c2[nH]c4ccccc34)c1,7.59
362,CHEMBL3326984,COc1ccccc1N2CCN(CCCCC(=O)NCc3ccccc3c4ccc(Cl)cc4)CC2,7.59
363,CHEMBL476463,COc1ccccc1N2CCN(CCCCN3C(=O)Nc4ccccc34)CC2,7.59
364,CHEMBL3759948,Nc1ccc(cc1)S(=O)(=O)NC2CCN(CCOc3ccccc3c4ccccc4)CC2,7.59
365,CHEMBL2164331,C1CN(CCN1)c2cccc(c2)c3ccccc3,7.6
366,CHEMBL389718,CC(=O)c1ccccc1N2CCN(CCCCCC(=O)NC3CCCc4ccccc34)CC2,7.6
367,CHEMBL258593,CCC1(CCCCN2CCN(CC2)c3ccc(OC)cc3)C(=O)Nc4ccccc14,7.6
368,amisulpride,CCN1CCCC1CNC(=O)C1=C(OC)C=C(N)C(=C1)S(=O)(=O)CC,7.6
369,CHEMBL70819,CN1C(=O)C2(CCCCN3CCC(=CC3)c4ccccc4)CCCc5cccc1c25,7.6
370,CHEMBL294951,CN1CCC(=C2c3ccccc3CCc4sccc24)CC1,7.6
371,CHEMBL1631532,COC(=O)Nc1cccc(CCN2CCN(CC2)c3cccc4nc(C)ccc34)c1,7.6
372,CHEMBL3289961,Cc1c(sc2ccc(F)cc12)S(=O)(=O)NCCCN3CCN(CC3)c4nsc5ccccc45,7.6
373,CHEMBL1949966,Cl.Clc1cccc(c1)N2CCN(CCCCNS(=O)(=O)c3cccc4cccnc34)CC2,7.6
374,CHEMBL1836860,Fc1ccc2C(CCCCN3CCN(CC3)c4ccc(Cl)cc4)C(=O)Nc2c1,7.6
375,CHEMBL9615,O=C1C(CCN2CCC(CC2)Oc3ccccc3)CCCc4ccccc14,7.6
376,CHEMBL541993,C[C@@H]1NC(=Nc2cccc(Cl)c12)NCC(F)F,7.61
377,CHEMBL3742257,CC(C)c1ccccc1OCCN2CCC(CC2)NS(=O)(=O)c3ccc(Cl)s3,7.62
378,CHEMBL3581250,CCCC(C)Oc1cc2C[C@@H]3N(C)CCc4cc(OC)c(OC)c(c2cc1OC)c34,7.62
379,CHEMBL3580670,CCCCCOc1cc2C[C@@H]3N(C)CCc4cc(OC)c(OC)c(c2cc1OC)c34,7.62
380,CHEMBL606556,CN1CCC[C@@H]1Cc2c[nH]c3ccc(NS(=O)(=O)c4cccc(Cl)c4)cc23,7.62
381,CHEMBL2442998,COc1ccc(cc1)c2ccccc2N3CCN(CCOCCC(=O)NCc4cccnc4)CC3,7.62
382,CHEMBL601885,COc1ccccc1N2CCN(CCCN(CC3CCCCC3)S(=O)(=O)c4cccc5cccnc45)CC2,7.62
383,CHEMBL3321778,O=C1Cc2ccccc2N1CCCCCCN3CCc4ccccc4C3,7.62
384,CHEMBL69040,[O-][N+](=O)c1ccccc1N2CCN(CCCCC34CCCc5cccc(NC3=O)c45)CC2,7.62
385,CHEMBL429136,CC1NC(=Nc2ccc(Cl)c(Cl)c12)NCC(F)F,7.63
386,CHEMBL2442997,COc1ccc(cc1)c2ccccc2N3CCN(CCOCCC(=O)NCc4ccccn4)CC3,7.63
387,CHEMBL2164340,C1CN(CCN1)c2ccccc2c3ccccn3,7.64
388,CHEMBL113192,CC1CCN(CC[C@H]2CCCN2S(=O)(=O)c3ccc4CCNc4c3)CC1,7.64
389,CHEMBL312489,CN1CCCN(CCn2ccc3ccc(cc23)C(F)(F)F)CC1,7.64
390,CHEMBL3581255,COc1cc2c(C[C@@H]3N(C)CCc4cc(OC)c(OC)c2c34)cc1OCc5ccccc5,7.64
391,CHEMBL182840,C[C@H](Nc1nc(NCCOc2ccccc2)nc(n1)N(C)C)c3ccccc3,7.64
392,CHEMBL3818710,Cl.[O-][S+](CCCN1CCc2ccccc2C1)c3ccc(F)cc3,7.64
393,CHEMBL3289950,O=S(=O)(NCCCN1CCN(CC1)c2nsc3ccccc23)c4cccs4,7.64
394,perphenazine,OCCN1CCN(CCCN2c3ccccc3Sc4ccc(Cl)cc24)CC1,7.64
395,CHEMBL3409044,CC(C)c1ccccc1N2CCN(CCCCCCC(=O)N3Cc4ccccc4C[C@H]3C(=O)N5CCCCC5)CC2,7.66
396,CHEMBL161203,CN(C)CCSc1nc(cs1)C(C)(C)C,7.66
397,CHEMBL307352,COC1(CCN(CCCCC23CCCc4cccc(NC2=O)c34)CC1)c5ccccc5,7.66
398,CHEMBL3581252,COc1cc2c(C[C@@H]3N(C)CCc4cc(OC)c(OC)c2c34)cc1OCC5CC5,7.66
399,CHEMBL3326986,COc1cccc(c1)c2ccccc2CNC(=O)CCCCN3CCN(CC3)c4ccccc4OC,7.66
400,CHEMBL3235759,NC(=O)[C@@H]1Cc2ccccc2CN1C(=O)CCCCCN3CCN(CC3)c4noc5ccccc45,7.66
401,CHEMBL3401479,Clc1cccc(c1)N2CCN(CCCCC3=Nc4ccccc4C(=O)N3)CC2,7.67
402,CHEMBL3739561,CC(C)c1ccccc1OCCN2CCC(CC2)NS(=O)(=O)c3cncc4ccccc34,7.68
403,CHEMBL412143,CCC1(CCCN2CCN(CC2)c3cccc(Cl)c3)C(=O)Nc4ccccc14,7.68
404,CHEMBL3262422,CCCN(CCCN1CCN(CC1)c2ccccc2)c3cccc(O)c3,7.68
405,CHEMBL28056,CN1CCc2cccc3c2[C@H]1Cc4cccc(c5c(C)cccc5C#N)c34,7.68
406,CHEMBL428781,COc1ccccc1N2CCN(CCCC(=O)NCC3=Nc4ccccc4C(=O)N3c5ccccc5)CC2,7.68
407,CHEMBL177064,COc1ccccc1N2CCN(Cc3ccn(c3)c4ccccc4C)CC2,7.68
408,CHEMBL93240,CSc1ccc2Sc3ccccc3CC(N4CCN(C)CC4)c2c1,7.68
409,CHEMBL2312640,Clc1cccc(N2CCN(CCCCNS(=O)(=O)c3cncc4ccccc34)CC2)c1Cl,7.68
410,CHEMBL239680,FC(F)(F)c1cccc(c1)N2CCN(CCCCN3C(=O)CCCC3=O)CC2,7.68
411,CHEMBL2159467,Fc1cccc(C(=O)NC2CCN(CCOc3ccccc3c4ccccc4)C2)c1F,7.68
412,CHEMBL71390,COc1ccc(cc1)N2CCN(CCCCC34CCCc5cccc(NC3=O)c45)CC2,7.69
413,CHEMBL9564,O=C1N(CCN2CCC(CC2)Oc3ccccc3)CCCc4ccccc14,7.69
414,CHEMBL241100,CCCSc1ccccc1CC2NCCc3c2[nH]c4ccccc34,7.7
415,CHEMBL3262407,CN(CCCN1CCN(CC1)c2ccccc2)c3cccc(O)c3,7.7
416,CHEMBL464099,COc1cc2c(C[C@@H]3N(C)CCc4cc(OC)c(OC)c2c34)cc1O,7.7
417,CHEMBL3581254,COc1cc2c(C[C@@H]3N(C)CCc4cc(OC)c(OC)c2c34)cc1OCC=C,7.7
418,CHEMBL497749,COc1ccccc1N2CCN(CCCNS(=O)(=O)c3ccc4ccccc4c3)CC2,7.7
419,CHEMBL225284,CSc1ccccc1N2CCN(CCCCCC(=O)NC3CCCc4ccccc34)CC2,7.7
420,CHEMBL152292,C[C@H](CCN1CCC(C)CC1)C(C)S(=O)(=O)c2ccc(Br)c(Br)c2,7.7
421,CHEMBL12771,C[C@H](CCN1CCC(C)CC1)N(C)S(=O)(=O)c2ccc(Br)c(Br)c2,7.7
422,CHEMBL497963,Cc1ccc2c(OCCN3CCC(Cc4cccc(NS(=O)(=O)C)c4)CC3)cccc2n1,7.7
423,CHEMBL3289945,Clc1ccc(cc1Cl)S(=O)(=O)NCCCN2CCN(CC2)c3nsc4ccccc34,7.7
424,CHEMBL2159455,Clc1ccc(s1)S(=O)(=O)NCC2CCN(CCOc3ccccc3c4ccccc4)CC2,7.7
425,CHEMBL3759581,Clc1cccc(c1)S(=O)(=O)NC2CN(CCOc3ccccc3c4ccccc4)C2,7.7
426,spiperone,Fc1ccc(cc1)C(=O)CCCN2CCC3(CC2)N(CNC3=O)c4ccccc4,7.7
427,CHEMBL3758569,Fc1ccc(cc1F)S(=O)(=O)NC2CC3CCC(C2)N3CCOc4cccc(c4)c5ccccc5,7.7
428,CHEMBL478905,O=C1Nc2ccccc2N1CCCCCCN3CCN(CC3)c4ccccc4,7.7
429,CHEMBL3331264,O=C1Sc2ccccc2N1CCCCCN3CCN(CC3)c4ccccc4,7.7
430,CHEMBL3121427,OC(=O)\C=C\C(=O)O.FC(F)(F)c1ccccc1n2cc(CN3CCN(CC3)c4ccccc4)c5ccccc25,7.7
431,CHEMBL3121425,OC(=O)\C=C\C(=O)O.Oc1ccccc1N2CCN(Cc3cn(c4cccc5ccccc45)c6ccccc36)CC2,7.7
432,CHEMBL3739745,CC(C)c1ccccc1OCCN2CCC(CC2)NS(=O)(=O)c3cnn(C)c3,7.72
433,CHEMBL364124,CCN(CCCN1CCN(CC1)c2ccccc2OC)S(=O)(=O)c3ccc(C)cc3,7.72
434,CHEMBL258785,CCOc1ccccc1N2CCN(CCCC(=O)NCC3=Nc4cc(F)ccc4C(=O)N3c5ccccc5)CC2,7.72
435,CHEMBL71170,CN(C)C(=O)Cn1c2CN(CCCCC34CCCc5cccc(NC3=O)c45)CCc2c6ccccc16,7.72
436,CHEMBL2204360,Cl.Cc1ccc(Sc2ccccc2N3CCNCC3)c(C)c1,7.72
437,CHEMBL305526,Cn1c2CN(CCCCC34CCCc5cccc(NC3=O)c45)CCc2c6ccccc16,7.72
438,CHEMBL3741281,Cn1cc(cn1)S(=O)(=O)NC2CCN(CCOc3ccccc3c4ccccc4)CC2,7.72
439,CHEMBL3289949,FC(F)(F)Oc1ccc(cc1)S(=O)(=O)NCCCCN2CCN(CC2)c3nsc4ccccc34,7.72
440,CHEMBL3758591,Fc1cccc(c1)S(=O)(=O)NC2CCN(CCOc3ccccc3C4CCCC4)CC2,7.72
441,CHEMBL81485,CNCC1CC2N(O1)c3ccccc3Cc4ccccc24,7.73
442,CHEMBL9696,O=C1CC(CN2CCC(CC2)Oc3ccccc3)CCc4ccccc14,7.73
443,CHEMBL2164344,COc1ccccc1c2ccccc2N3CCNCC3,7.74
444,CHEMBL3747114,CC(C)c1ccccc1OCCN2CCC(CC2)N(C)S(=O)(=O)c3cccc(F)c3,7.75
445,CHEMBL95067,CN(C)S(=O)(=O)N[C@H]1C[C@H]2[C@@H](Cc3c[nH]c4cccc2c34)N(C)C1,7.75
446,CHEMBL27251,CN1CCc2ccc3[C@@H](N)c4cccc5C[C@@H]1c2c3c45,7.75
447,CHEMBL368044,COC(=O)c1cccc(C)c1n2ccc(CN3CCN(CC3)c4ccccc4OC)c2,7.75
448,CHEMBL257744,COc1c(Cl)ccc2N=C(NCC(F)F)NC(C)c12,7.75
449,CHEMBL2442999,COc1ccc(cc1)c2ccccc2N3CCN(CCOCCC(=O)NCc4ccncc4)CC3,7.75
450,CHEMBL3121421,Cc1cccc(c1C)n2cc(CN3CCN(CC3)c4ccccc4)c5ccccc25.OC(=O)\C=C\C(=O)O,7.75
451,CHEMBL3121437,Cc1ccccc1n2cc(CN3CCN(CC3)c4ccccc4)c5ccccc25.OC(=O)\C=C\C(=O)O,7.75
452,CHEMBL3092759,Cl.NC(=NC(=O)c1ccc2c(c1)C(O)c3ccccc23)N,7.75
453,CHEMBL3745853,Fc1ccc(cc1)S(=O)(=O)N(CC2CC2)C3CCN(CCOc4ccccc4c5ccccc5)CC3,7.75
454,CHEMBL3290007,Fc1ccc2c(noc2c1)C3CCN(CCCNS(=O)(=O)c4ccc5cc(Cl)ccc5c4)CC3,7.75
455,CHEMBL3139188,NC(=NC(=O)c1ccc2c(c1)C(O)c3ccccc23)N,7.75
456,CHEMBL3409032,NC(=O)[C@@H]1CCCN1C(=O)CCCCCCN2CCN(CC2)c3ccccc3c4ccccc4,7.75
457,CHEMBL3235758,NC(=O)[C@@H]1Cc2ccccc2CN1C(=O)CCCCN3CCN(CC3)c4noc5ccccc45,7.75
458,CHEMBL2413153,CN1C(=O)C=NN(CCCCN2CCN(CC2)c3ccccc3OCCF)C1=O,7.76
459,CHEMBL70869,NC(=O)c1ccccc1N2CCN(CCCCC34CCCc5cccc(NC3=O)c45)CC2,7.76
460,CHEMBL310594,Brc1ccc2ccn(CCN3CCCN(CC3)C4CCCCC4)c2c1,7.77
461,CHEMBL3771309,CC1(NC(=O)N(CC(O)CN2CCN(CC2)c3cccc(Cl)c3Cl)C1=O)c4ccc(F)cc4,7.77
462,CHEMBL71224,COCn1c2CN(CCCCC34CCCc5cccc(NC3=O)c45)CCc2c6ccccc16,7.77
463,CHEMBL3817898,COc1ccc(cc1)C(=O)CCCN2CCc3ccccc3C2,7.77
464,CHEMBL3121420,COc1ccccc1N2CCN(Cc3cn(c4ccccc4C(C)C)c5ccccc35)CC2.OC(=O)\C=C\C(=O)O,7.77
465,CHEMBL2159308,CSc1ccccc1OCCN2CCC(CC2)NS(=O)(=O)c3ccc(Cl)s3,7.77
466,CHEMBL3760017,Clc1cccc(c1)S(=O)(=O)NC2CCN(CCOc3ccccc3C4CCCC4)CC2,7.77
467,CHEMBL39,NCCc1c[nH]c2ccc(O)cc12,7.77
468,CHEMBL3262429,CN(CCCCCN1CCN(CC1)c2ccccc2)c3cccc(O)c3,7.78
469,CHEMBL1836790,Fc1ccc2C(CCCCN3CCN(CC3)c4ccccn4)C(=O)Nc2c1,7.78
470,CHEMBL309523,Brc1ccc2ccn(CCN3CCCN(CC3)C4CC4)c2c1,7.8
471,CHEMBL152595,CC1CCN(CC[C@@H]2CCCCN2S(=O)(=O)c3cccc4ccccc34)CC1,7.8
472,CHEMBL1788231,CC1CCN(CC[C@H]2CCCCN2S(=O)(=O)c3cccc4ccccc34)CC1,7.8
473,CHEMBL270177,CC1NC(=Nc2cccc(Cl)c12)N,7.8
474,CHEMBL406221,CCOc1ccccc1N2CCN(CCCC(=O)NCC3=Nc4ccc(F)cc4C(=O)N3c5ccc(OC)cc5)CC2,7.8
475,CHEMBL261742,CCOc1ccccc1N2CCN(CCCC(=O)NCC3=Nc4ccc(F)cc4C(=O)N3c5cccc(OC)c5)CC2,7.8
476,CHEMBL3326993,COc1ccccc1N2CCN(CCCCCC(=O)NCc3ccccc3c4ccccc4Cl)CC2,7.8
477,CHEMBL2079256,COc1ccccc1N2CCN(CCCCN3C(=O)N(C)C(=O)C3(c4ccccc4)c5ccccc5)CC2,7.8
478,CHEMBL154090,C[C@H](CCN1CCC(C)CC1)C(C)S(=O)(=O)c2cc(Br)c(Br)cc2c3cccs3,7.8
479,CHEMBL274595,C[C@H](CCN1CCC(C)CC1)N(C)S(=O)(=O)c2cc(Br)c(Br)s2,7.8
480,CHEMBL182006,C[C@H](Nc1cncc(NCCc2ccc(F)cc2)c1)c3ccccc3,7.8
481,CHEMBL92221,Cc1c(NC2=NCCN2)cccc1c3ccccc3,7.8
482,CHEMBL522708,Cc1ccc2c(OCCN3CCC(Cc4cccc(c4)N5CCCS5(=O)=O)CC3)cccc2n1,7.8
483,CHEMBL222755,Cc1ccccc1N2CCN(CCCCCC(=O)NC3CCCc4ccccc34)CC2,7.8
484,CHEMBL3343670,Cl.NC(=NC(=O)c1ccc2c3ccccc3C4(CCCO4)c2c1)N,7.8
485,CHEMBL2159484,Fc1ccc(F)c(c1)S(=O)(=O)NC2CCN(CCOc3cccc4CCCCc34)C2,7.8
486,CHEMBL2159480,Fc1ccc(cc1)S(=O)(=O)NC2CCN(CCOc3cccc4CCCCc34)C2,7.8
487,CHEMBL3758622,Fc1ccc(cc1)S(=O)(=O)NC2CCN(CCOc3ccccc3C4CCCC4)CC2,7.8
488,CHEMBL3113597,Fc1ccc(cc1)c2ccccc2N3CCN(CCOCCC(=O)NCc4ccc(F)nc4)CC3,7.8
489,CHEMBL3409040,O=C(CCCCCN1CCN(CC1)c2ccccc2c3ccccc3)N4CCC[C@H]4C(=O)N5CCCCC5,7.8
490,CHEMBL85249,O=C1Nc2cccc3CCCC1(CCCCN4CCc5occc5C4)c23,7.8
491,CHEMBL1836856,O=C1Nc2ccccc2C1CCCCN3CCN(CC3)c4ccccc4,7.8
492,CHEMBL3121419,CC(C)c1ccccc1n2cc(CN3CCN(CC3)c4ccccc4)c5ccccc25.OC(=O)\C=C\C(=O)O,7.82
493,CHEMBL3581245,CCCCOc1cc2C[C@@H]3N(C)CCc4cc(OC)c(OC)c(c2cc1OC)c34,7.82
494,CHEMBL269964,CNC1=Nc2cccc(Cl)c2C(C)N1,7.82
495,CHEMBL1209157,COc1ccc(OC)c(c1)C2CCN(Cc3cnn(c3C)c4ccccc4F)C2,7.82
496,CHEMBL2442994,COc1ccc(cc1)c2ccccc2N3CCN(CCCCCC(=O)NCc4ccccn4)CC3,7.82
497,CHEMBL2159486,CSc1ccccc1OCCN2CCC(C2)NS(=O)(=O)c3cccc(Cl)c3,7.82
498,CHEMBL3289998,Fc1ccc2c(noc2c1)C3CCN(CCCCNS(=O)(=O)c4ccc(OC(F)(F)F)cc4)CC3,7.82
499,CHEMBL3343672,NC(=NC(=O)c1ccc2c3ccccc3[C@@]4(CCCO4)c2c1)N,7.82
500,CHEMBL3409041,O=C(CCCCCCN1CCN(CC1)c2ccccc2c3ccccc3)N4CCC[C@H]4C(=O)N5CCCCC5,7.82
501,CHEMBL522691,O=C(CCCCCN1CCN(CC1)c2ccccc2c3ccccc3)NCc4ccc(cc4)C#N,7.82
502,CHEMBL81784,CC(C)N1CCCN(CCn2ccc3ccc(Br)cc23)CC1,7.85
503,CHEMBL3759577,CC(C)c1ccccc1OCCN2CC(C2)NS(=O)(=O)c3cccc(F)c3,7.85
504,CHEMBL3770639,CC1(NC(=O)N(CC(O)CN2CCN(CC2)c3ccccc3C#N)C1=O)c4ccc(F)cc4,7.85
505,CHEMBL343755,C[C@H]1C[C@H](C)N1C(=O)[C@H]2CN(C)C3Cc4c[nH]c5cccc(C3=C2)c45,7.85
506,CHEMBL3310111,Cl.Cc1cccc2C(O)c3cc(ccc3c12)C(=O)N=C(N)N,7.85
507,CHEMBL1644267,Clc1ccc(cc1)c2nn(Cc3ccccc3)c4CCNCc24,7.85
508,CHEMBL2159474,Clc1ccc(s1)S(=O)(=O)NC2CCN(CCOc3cccc(Cl)c3Cl)C2,7.85
509,CHEMBL3759819,Clc1cccc(c1)S(=O)(=O)NC2CC3CCC(C2)N3CCOc4cccc(c4)c5ccccc5,7.85
510,CHEMBL3759342,Fc1ccc(cc1)S(=O)(=O)NC2CC3CCC(C2)N3CCOc4cccc(c4)c5ccccc5,7.85
511,CHEMBL3290019,Fc1ccc2c(noc2c1)C3CCN(CCCCNS(=O)(=O)c4cnc5ccccn45)CC3,7.85
512,CHEMBL275475,O=C1N(CCN2CCC(CC2)n3nnc4ccccc34)CCCc5ccccc15,7.85
513,CHEMBL3331384,O=C1Oc2ccccc2N1CCCCCCN3CCN(CC3)c4ccccc4,7.85
514,CHEMBL367584,CN(C)[C@@H]1COc2ccc(cc2C1)c3c(C)cccc3C,7.87
515,CHEMBL281048,CN1CCc2ccc3[C@H](N)c4cccc5C[C@@H]1c2c3c45,7.87
516,CHEMBL271298,CNC1=Nc2ccc(Cl)c(Cl)c2C(C)N1,7.88
517,CHEMBL3262421,O=Cc1cccc(NCCCN2CCN(CC2)c3ccccc3)c1,7.88
518,CHEMBL3747071,CC(C)c1ccccc1OCCN2CCC(CC2)N(C)S(=O)(=O)c3ccc(F)cc3,7.89
519,CHEMBL1917359,CCN(CCCCN1CCC2CCCCC2C1)S(=O)(=O)c3cccc4cccnc34,7.89
520,CHEMBL329566,CN(C)C[C@H]1C[C@H]2[C@H](O1)c3ccccc3Cc4ccccc24,7.89
521,CHEMBL2413154,COc1ccccc1N2CCN(CCCCN3N=CC(=O)N(C)C3=O)CC2,7.89
522,CHEMBL182356,C[C@H](Nc1cncc(NCCc2ccccc2)c1)c3ccccc3,7.89
523,CHEMBL3262394,Cc1[nH]c2ccc(O)cc2c1CCN3CCN(CC3)c4cccc5ccccc45,7.89
524,CHEMBL3113595,Cc1ccccc1c2ccccc2N3CCN(CCOCCC(=O)NCc4ccc(F)nc4)CC3,7.89
525,CHEMBL3401487,Clc1ccc(cc1)N2CCN(CCCCCN3C=Nc4ccccc4C3=O)CC2,7.89
526,CHEMBL2159458,Fc1ccc(cc1)S(=O)(=O)NCC2CCN(CCOc3ccccc3c4ccccc4)CC2,7.89
527,CHEMBL1836794,Fc1ccc2C(CCCCN3CCC(=CC3)c4cccc(Cl)c4)C(=O)Nc2c1,7.89
528,CHEMBL3290021,Fc1ccc2c(noc2c1)C3CCN(CCCCNS(=O)(=O)c4cccc5scnc45)CC3,7.89
529,CHEMBL3289957,O=S(=O)(NCCCN1CCN(CC1)c2nsc3ccccc23)c4cc5ccccc5s4,7.89
530,CHEMBL2164339,[O-][N+](=O)c1ccc(cc1)c2cccc(c2)N3CCNCC3,7.89
531,methysergide,[H][C@@]12CC3=CN(C)C4=CC=CC(=C34)C1=C[C@H](CN2C)C(=O)N[C@@H](CC)CO,7.9
532,CHEMBL2442995,COc1ccc(cc1)c2ccccc2N3CCN(CCCCCC(=O)NCc4cccnc4)CC3,7.9
533,CHEMBL314672,O=C1Nc2cccc3CCCC1(CCCCCN4CCc5ccccc5C4)c23,7.9
534,CHEMBL71057,Brc1ccc2NC(=O)C3(CCCCN4CCC(=CC4)c5ccccc5)CCCc1c23,7.91
535,CHEMBL258073,COc1c(Cl)ccc2N=C(N)NC(C)c12,7.91
536,CHEMBL602677,COc1ccccc1N2CCN(CCCN(CC3CC3)S(=O)(=O)c4cccc5cccnc45)CC2,7.91
537,CHEMBL307101,Clc1ccccc1N2CCN(CCCCC34CCCc5cccc(NC3=O)c45)CC2,7.91
538,CHEMBL3092753,NC(=NC(=O)c1ccc2c(Cc3ccccc23)c1)N,7.91
539,CHEMBL3819427,NC(=O)c1ccc(cc1)C(=O)CCCN2CCc3ccccc3C2,7.91
540,CHEMBL260907,CCOc1ccccc1N2CCN(CCCC(=O)NCC3=Nc4ccc(F)cc4C(=O)N3c5ccccc5)CC2,7.92
541,CHEMBL345803,CN(C)CCSc1nc(cs1)c2ccccc2,7.92
542,CHEMBL3262430,CN(CCCCCCN1CCN(CC1)c2ccccc2)c3cccc(O)c3,7.92
543,CHEMBL137781,C[C@@H]1C[C@H](C)N1C(=O)[C@H]2CN(C)C3Cc4c[nH]c5cccc(C3=C2)c45,7.92
544,CHEMBL2159309,Clc1ccc(s1)S(=O)(=O)NC2CCN(CCOc3ccccc3c4ccccc4)CC2,7.92
545,CHEMBL2159491,Clc1ccc(s1)S(=O)(=O)N[C@H]2CCN(CCOc3ccccc3c4ccccc4)C2,7.92
546,CHEMBL2312934,Clc1cccc(N2CCN(CCCNS(=O)(=O)c3ccc4cccnc4c3)CC2)c1Cl,7.92
547,CHEMBL3401482,Clc1cccc(c1)N2CCN(CCCCCC3=Nc4ccccc4C(=O)N3)CC2,7.92
548,CHEMBL495678,FC(F)(F)c1cccc(c1)N2CCN(CCCNS(=O)(=O)c3ccc4ccccc4c3)CC2,7.92
549,CHEMBL3759281,Fc1cccc(c1)S(=O)(=O)NC2CC3CCC(C2)N3CCOc4cccc(c4)c5ccccc5,7.92
550,CHEMBL3409048,O=C(CCCCCCN1CCN(CC1)c2ccccc2c3ccccc3)N4Cc5ccccc5C[C@H]4C(=O)N6CCCCC6,7.92
551,CHEMBL3262425,Oc1cccc(c1)N(CCCN2CCN(CC2)c3ccccc3)S(=O)(=O)c4ccccc4,7.92
552,CHEMBL3331386,COc1ccccc1N2CCN(CCCCCCN3C(=O)Oc4ccccc34)CC2,7.93
553,CHEMBL429202,Clc1ccc(OC2CCN(CCN3CCCc4ccccc4C3=O)CC2)cc1,7.93
554,CHEMBL3262393,Oc1ccc2[nH]cc(CCN3CCN(CC3)c4cccc5ccccc45)c2c1,7.94
555,CHEMBL2442996,COc1ccc(cc1)c2ccccc2N3CCN(CCCCCC(=O)NCc4ccncc4)CC3,7.95
556,CHEMBL9840,COc1ccccc1C2CCN(CC3CCc4ccccc4C(=O)C3)CC2,7.95
557,CHEMBL269400,Cc1ccccc1OC2CCN(CCC3CCCc4ccccc4C3=O)CC2,7.95
558,CHEMBL1836784,CCC1(CCCCN2CCN(CC2)c3cccc(F)c3)C(=O)Nc4ccccc14,7.96
559,CHEMBL2159478,CSc1ccccc1OCCN2CCC(C2)NS(=O)(=O)c3ccc(F)cc3,7.96
560,CHEMBL3216098,Cl.Cl.Cl.Cl.Cc1nc(C(=O)NCCCN2CCN(CC2)c3cccc(Cl)c3Cl)c(C)n1c4ccccc4,7.96
561,CHEMBL479105,Clc1cccc(c1)N2CCN(CCCCCN3C(=O)Nc4ccccc34)CC2,7.96
562,CHEMBL1836791,FC(F)(F)c1cccc(c1)C2=CCN(CCCCC3C(=O)Nc4ccccc34)CC2,7.96
563,CHEMBL3407516,NC(=O)[C@@H]1Cc2ccccc2CN1C(=O)CCCCCCN3CCN(CC3)c4ccccc4c5ccccc5,7.96
564,CHEMBL1836788,O=C1Nc2ccccc2C1CCCCN3CCN(CC3)c4ccccn4,7.96
565,CHEMBL3121435,COc1ccccc1N2CCN(Cc3cn(c4ccccc4)c5ccccc35)CC2.OC(=O)\C=C\C(=O)O,7.97
566,CHEMBL304167,Cc1ccccc1N2CCN(CCCCC34CCCc5cccc(NC3=O)c45)CC2,7.98
567,CHEMBL260870,CCC1(CCCCN2CCN(CC2)c3ccc(Cl)cc3)C(=O)Nc4c(Cl)cc(Cl)cc14,7.99
568,CHEMBL3331256,COc1ccccc1N2CCN(CCCCN3C(=O)Oc4ccccc34)CC2,7.99
569,CHEMBL3818056,Oc1ccc(cc1)C(=O)CCCN2CCc3ccccc3C2,7.99
570,CHEMBL273872,Oc1nc2ccccc2n1C3CCN(CCN4CCCc5ccccc5C4=O)CC3,7.99
571,CHEMBL81022,Brc1ccc2ccn(CCN3CCCN(CC3)C4CCCC4)c2c1,8.0
572,CHEMBL309106,CC(C)Oc1ccccc1N2CCN(C[C@@H](O)CNC(=O)c3ccc4C(=O)N(C(=O)c4c3)c5ccc(cc5)N(C)C)CC2,8.0
573,CHEMBL2159477,CC(C)c1ccccc1OCCN2CCC(C2)NS(=O)(=O)c3cccc4cccnc34,8.0
574,CHEMBL3747459,CC(C)c1ccccc1OCCN2CCC(CC2)N(C)S(=O)(=O)c3cnn(C)c3,8.0
575,risperidone,CC1=C(CCN2CCC(CC2)c3noc4cc(F)ccc34)C(=O)N5CCCCC5=N1,8.0
576,CHEMBL94261,CC1CCN(CC[C@@H]2CCCN2S(=O)(=O)c3cccc4ccccc34)CC1,8.0
577,CHEMBL94984,CC1CCN(CC[C@H]2CCCN2S(=O)(=O)c3cccc4ccccc34)CC1,8.0
578,CHEMBL260551,CCC1(CCCCN2CCN(CC2)c3ccc(Cl)cc3)C(=O)Nc4cc(F)c(Cl)cc14,8.0
579,CHEMBL332701,COc1cccc(c1)S(=O)(=O)N2CCC[C@@H]2CCN3CCC(C)CC3,8.0
580,CHEMBL153156,COc1cccc(c1)S(=O)(=O)N2CCC[C@H]2CCN3CCC(C)CC3,8.0
581,CHEMBL441312,C[C@H](Nc1nc(F)nc(NCCOc2ccccc2)n1)c3ccccc3,8.0
582,CHEMBL3290015,Cc1c(sc2ccc(F)cc12)S(=O)(=O)NCCCN3CCC(CC3)c4noc5cc(F)ccc45,8.0
583,CHEMBL3289967,Cc1cccc(c1)S(=O)(=O)NCCCN2CCN(CC2)c3noc4ccccc34,8.0
584,CHEMBL81607,Clc1ccc2ccn(CCN3CCCN4CCCCC4C3)c2c1,8.0
585,CHEMBL3747240,Cn1cc(cn1)S(=O)(=O)N(CC2CC2)C3CCN(CCOc4ccccc4c5ccccc5)CC3,8.0
586,CHEMBL2159492,Fc1ccc(cc1)S(=O)(=O)N[C@H]2CCN(CCOc3ccccc3c4ccccc4)C2,8.0
587,CHEMBL3289971,Fc1ccc(cc1Cl)S(=O)(=O)NCCCN2CCN(CC2)c3noc4ccccc34,8.0
588,CHEMBL3409036,NC(=O)[C@@H]1Cc2ccccc2CN1C(=O)CCCCCN3CCN(CC3)c4ccccc4c5ccccc5,8.0
589,CHEMBL3409045,O=C(CCCCN1CCN(CC1)c2ccccc2c3ccccc3)N4Cc5ccccc5C[C@H]4C(=O)N6CCCCC6,8.0
590,CHEMBL2159471,O=S(=O)(NC1CCN(CCOc2ccccc2c3ccccc3)C1)c4cccs4,8.0
591,CHEMBL3289958,O=S(=O)(NCCCCN1CCN(CC1)c2nsc3ccccc23)c4cc5ccccc5s4,8.0
592,CHEMBL3262411,Oc1cccc(NCCCN2CCN(CC2)c3ccccc3)c1,8.0
593,CHEMBL282199,CC1CCN(CC[C@H]2CCCN2S(=O)(=O)c3cccc(O)c3)CC1,8.01
594,CHEMBL85602,CN1C(=O)C2(CCCCN3CCc4sccc4C3)CCCc5cccc1c25,8.01
595,CHEMBL25924,CN1CCc2cccc3c2[C@H]1Cc4cccc(c5ccccc5)c34,8.01
596,CHEMBL2413451,[11CH3]N1C(=O)C2(CCCCCN3CCc4sccc4C3)CCCc5cccc1c25,8.01
597,CHEMBL2311141,[11CH3]N1C(=O)C2(CCCCN3CCc4sccc4C3)CCCc5cccc1c25,8.01
598,CHEMBL259009,CCC1(CCCCN2CCN(CC2)c3cccc(Cl)c3)C(=O)Nc4c(Cl)cc(Cl)cc14,8.02
599,CHEMBL224820,COc1ccccc1N2CCN(CCCCCC(=O)NC3CCCc4ccccc34)CC2,8.02
600,CHEMBL3289947,Fc1ccc(cc1Cl)S(=O)(=O)NCCCN2CCN(CC2)c3nsc4ccccc34,8.02
601,CHEMBL9250,Fc1ccc2N(C3CCN(CCN4CCCc5ccccc5C4=O)CC3)C(=O)Oc2c1,8.03
602,CHEMBL261009,CCC1(CCCCN2CCN(CC2)c3cccc(Cl)c3)C(=O)Nc4cc(F)c(Cl)cc14,8.04
603,CHEMBL9770,Cc1ccc(OC2CCN(CCN3CCCc4ccccc4C3=O)CC2)cc1,8.04
604,CHEMBL199824,[11CH3]Oc1ccc2cccc(N3CCN(CCCCN4N=CC(=O)N(C)C4=O)CC3)c2c1,8.04
605,CHEMBL433134,Brc1ccc2ccn(CCN3CCCN(CC4CC4)CC3)c2c1,8.05
606,CHEMBL328476,C(C1NCCc2c1[nH]c3ccccc23)c4ccc5OCOc5c4,8.05
607,CHEMBL3759262,CC(C)c1cccc(OCCN2C3CCC2CC(C3)NS(=O)(=O)c4ccc(F)c(F)c4)c1,8.05
608,CHEMBL3747052,CC(C)c1ccccc1OCCN2CCC(CC2)N(C)S(=O)(=O)c3ccccc3,8.05
609,CHEMBL3740054,CC(C)c1ccccc1OCCN2CCC(CC2)NS(=O)(=O)c3cccc(F)c3,8.05
610,CHEMBL222864,COc1ccccc1N2CCN(CCCCC(=O)NC3CCCc4ccccc34)CC2,8.05
611,CHEMBL182418,C[C@H](Nc1nc(N)nc(NCCc2ccccn2)n1)c3ccc(F)cc3,8.05
612,CHEMBL3289960,Clc1ccc2cc(sc2c1)S(=O)(=O)NCCCCN3CCN(CC3)c4nsc5ccccc45,8.05
613,CHEMBL2159483,Fc1ccc(F)c(c1)S(=O)(=O)NC2CCN(CCOc3ccccc3c4ccccc4)C2,8.05
614,CHEMBL2159479,Fc1ccc(cc1)S(=O)(=O)NC2CCN(CCOc3ccccc3)C2,8.05
615,CHEMBL3409049,O=C(CCCCCCN1CCN(CC1)c2ccccc2c3ccccc3)N4Cc5ccccc5C[C@H]4C(=O)N6CCOCC6,8.05
616,CHEMBL3409047,O=C(CCCCCN1CCN(CC1)c2ccccc2c3ccccc3)N4Cc5ccccc5C[C@H]4C(=O)N6CCCCC6,8.05
617,CHEMBL3409046,O=C(CCCCN1CCN(CC1)c2ccccc2c3ccccc3)N4Cc5ccccc5C[C@H]4C(=O)N6CCOCC6,8.05
618,CHEMBL3741445,O=S(=O)(NC1CCN(CCOc2ccccc2c3ccccc3)CC1)c4cncc5ccccc45,8.05
619,CHEMBL273170,CC1NC(=Nc2ccc(Cl)c(Cl)c12)N,8.06
620,CHEMBL3326982,COc1ccccc1N2CCN(CCCCC(=O)NCc3ccccc3c4ccccc4Cl)CC2,8.06
621,CHEMBL3121438,COc1ccccc1N2CCN(Cc3cn(c4ccccc4C)c5ccccc35)CC2.OC(=O)\C=C\C(=O)O,8.06
622,CHEMBL306478,Fc1ccc(cc1)C(=O)C2CCN(CCc3cccc(I)c3)CC2,8.06
623,CHEMBL3289997,Fc1ccc2c(noc2c1)C3CCN(CCCNS(=O)(=O)c4ccc(OC(F)(F)F)cc4)CC3,8.06
624,CHEMBL70889,NC(=O)Cn1c2CN(CCCCC34CCCc5cccc(NC3=O)c45)CCc2c6ccccc16,8.06
625,CHEMBL232791,COc1cccc(OC)c1c2cccc(CCN(C)C)c2,8.07
626,CHEMBL3331391,COc1ccccc1N2CCN(CCCCCCCN3C(=O)Sc4ccccc34)CC2,8.07
627,CHEMBL273241,O=C1N(CCCCN2CCc3ccccc3C2)C(=O)c4ccccc14,8.07
628,CHEMBL411919,CCC1(CCCCN2CCN(CC2)c3cccc(Cl)c3)C(=O)Nc4ccc(Cl)cc14,8.08
629,CHEMBL232792,COc1ccccc1c2cccc(CCN(C)C)c2,8.08
630,CHEMBL85814,O=C1Nc2cccc3CCCC1(CCCN4CCc5ccccc5C4)c23,8.08
631,CHEMBL408152,COc1cccc2C(C)NC(=Nc12)N,8.09
632,CHEMBL2164328,COc1ccccc1c2cccc(c2)N3CCNCC3,8.09
633,CHEMBL3262432,Cl.CN(C(=O)CCCCCN1CCN(CC1)c2cccc3ccccc23)c4cccc(O)c4,8.09
634,CHEMBL422587,Oc1ccc2NC(=O)C3(CCCCN4CCC(=CC4)c5ccccc5)CCCc1c23,8.09
635,CHEMBL303166,CC(=O)c1ccccc1N2CCN(CCCCC34CCCc5cccc(NC3=O)c45)CC2,8.1
636,CHEMBL202780,CC(C)(CCCN1CC[C@@H]2CCCC[C@H]2C1)S(=O)(=O)c3ccccc3,8.1
637,CHEMBL3740235,CC(C)c1ccccc1OCCN2CCC(CC2)NS(=O)(=O)c3cc(F)ccc3F,8.1
638,CHEMBL3742251,CC(C)c1ccccc1OCCN2CCC(CC2)NS(=O)(=O)c3cccc(Cl)c3,8.1
639,CHEMBL182797,CC(Nc1nc(N)nc(NCCOc2ccccc2)n1)c3ccccc3,8.1
640,CHEMBL183462,CC(Nc1nc(N)nc(NCCc2ccccc2)n1)c3ccc(F)cc3,8.1
641,CHEMBL12314,CN(C)S(=O)(=O)N[C@H]1C[C@H]2[C@@H](Cc3cn(C)c4cccc2c34)N(C)C1,8.1
642,CHEMBL589390,CN1CCc2c(C1)c3cc(C)ccc3n2CCc4ccc(C)nc4,8.1
643,CHEMBL196514,C[C@H]1Oc2c(NC1=O)cccc2N3CCN(CCCc4c[nH]c5ccc(F)cc45)CC3,8.1
644,CHEMBL3739582,O=S(=O)(NC1CCN(CCOc2ccccc2c3ccccc3)CC1)c4cccc5ncccc45,8.1
645,CHEMBL204171,O=S(=O)(c1ccccc1)C2(CCCN3CCc4ccccc4C3)CCC2,8.1
646,CHEMBL3331390,COc1ccccc1N2CCN(CCCCCCCN3C(=O)Oc4ccccc34)CC2,8.11
647,CHEMBL3331257,COc1ccccc1N2CCN(CCCCN3C(=O)Sc4ccccc34)CC2,8.11
648,CHEMBL256694,C[C@@H]1NC(=Nc2ccc(Cl)c(Cl)c12)NCC(F)F,8.11
649,CHEMBL407263,CCC1(CCCCN2CCc3ccccc3C2)C(=O)Nc4ccccc14,8.12
650,CHEMBL395870,CN(C)CCc1cccc(c1)c2ccccc2C,8.12
651,CHEMBL3331389,O=C1Sc2ccccc2N1CCCCCCCN3CCN(CC3)c4ccccc4,8.12
652,CHEMBL234885,Cc1ccccc1c2cccc(CCN)c2,8.13
653,CHEMBL159143,CN(C)CCSc1cccc(n1)C2(O)CCCCC2,8.14
654,CHEMBL348890,Clc1ccc(cc1)C2=CCN(CCCCC34CCCc5c(Cl)ccc(NC3=O)c45)CC2,8.14
655,CHEMBL73979,Fc1ccc(cc1)C(=O)C2CCN(CCc3ccc(I)cc3)CC2,8.14
656,CHEMBL71959,CN(C)C(=O)n1c2CN(CCCCC34CCCc5cccc(NC3=O)c45)CCc2c6ccccc16,8.15
657,CHEMBL2164343,COc1cccc(OC)c1c2cccc(c2)N3CCNCC3,8.15
658,CHEMBL3758978,CC(C)c1ccccc1OCCN2CC(C2)NS(=O)(=O)c3ccc(F)cc3,8.16
659,CHEMBL2159321,CC(C)c1ccccc1OCCN2CCC(C2)NS(=O)(=O)c3ccc(Cl)s3,8.16
660,CHEMBL3739680,CC(C)c1ccccc1OCCN2CCC(CC2)NS(=O)(=O)c3cccc4ncccc34,8.16
661,CHEMBL258537,CCC1(CCCCN2CCC(CC2)c3ccc(F)cc3)C(=O)Nc4ccccc14,8.16
662,CHEMBL3401488,CCOc1ccccc1N2CCN(CCCCCN3C=Nc4ccccc4C3=O)CC2,8.16
663,CHEMBL3747003,CN(C1CCN(CCOc2ccccc2c3ccccc3)CC1)S(=O)(=O)c4cnn(C)c4,8.16
664,CHEMBL3121422,COc1ccccc1N2CCN(Cc3cn(c4cccc(C)c4C)c5ccccc35)CC2,8.16
665,CHEMBL2164329,Cc1ccccc1c2ccccc2N3CCNCC3,8.16
666,CHEMBL260994,Clc1ccc(cc1)N2CCN(CCCCC3C(=O)Nc4ccccc34)CC2,8.16
667,CHEMBL515939,Clc1ccc(cc1)N2CCN(CCCCCN3C(=O)Nc4ccccc34)CC2,8.16
668,CHEMBL3289946,Clc1ccc(cc1Cl)S(=O)(=O)NCCCCN2CCN(CC2)c3nsc4ccccc34,8.16
669,CHEMBL81276,FC(F)(F)c1ccc2ccn(CCN3CCCN4CCCCC4C3)c2c1,8.16
670,CHEMBL3740801,Fc1ccc(F)c(c1)S(=O)(=O)NC2CCN(CCOc3ccccc3c4ccccc4)CC2,8.16
671,CHEMBL3740913,Fc1ccc(cc1)S(=O)(=O)NC2CCN(CCOc3ccccc3c4ccccc4)CC2,8.16
672,CHEMBL2159481,Fc1ccc(cc1F)S(=O)(=O)NC2CCN(CCOc3ccccc3c4ccccc4)C2,8.16
673,CHEMBL2159466,Fc1ccc(cc1F)S(=O)(=O)NC2CCN(CCOc3ccccc3c4ccccc4)CC2,8.16
674,CHEMBL9446,Fc1ccc2N(C3CCN(CCN4CCCc5ccccc5C4=O)CC3)C(=O)Cc2c1,8.16
675,CHEMBL445334,O=C1Cc2ccccc2N1CCCCN3CCc4ccccc4C3,8.16
676,CHEMBL2164338,[O-][N+](=O)c1ccc(cc1)c2ccccc2N3CCNCC3,8.16
677,CHEMBL3216758,Cl.Cl.Cl.Cl.Cc1nc(C(=O)NCCN2CCN(CC2)c3cccc(Cl)c3Cl)c(C)n1c4ccccc4,8.17
678,CHEMBL3289980,Clc1ccc2cc(ccc2c1)S(=O)(=O)NCCCCN3CCN(CC3)c4noc5ccccc45,8.17
679,CHEMBL1836857,Fc1ccc2C(CCCCN3CCN(CC3)c4cccc(Cl)c4)C(=O)Nc2c1,8.17
680,CHEMBL408451,CCC1(CCCCN2CCN(CC2)c3ccccc3OC)C(=O)N(Cc4ccccc4)c5ccccc15,8.18
681,CHEMBL263881,CCN(CC)C(=O)[C@H]1CN(C)[C@@H]2Cc3c[nH]c4cccc(C2=C1)c34,8.18
682,CHEMBL3262395,CCc1[nH]c2ccc(O)cc2c1CCN3CCN(CC3)c4cccc5ccccc45,8.18
683,CHEMBL193639,CN(C)C[C@H]1CC2[C@H](O1)c3cc(F)ccc3Sc4ccccc24,8.18
684,CHEMBL71225,CC(=O)n1c2CN(CCCCC34CCCc5cccc(NC3=O)c45)CCc2c6ccccc16,8.19
685,CHEMBL112876,CC1CCN(CC[C@H]2CCCN2S(=O)(=O)c3ccc4[nH]cnc4c3)CC1,8.19
686,CHEMBL111922,CC1CCN(CC[C@H]2CCCN2S(=O)(=O)c3ccc4c[nH]nc4c3)CC1,8.19
687,CHEMBL366164,CN(C)C[C@H]1C[C@H]2[C@H](O1)c3cc(F)ccc3Sc4ccccc24,8.19
688,CHEMBL13816,CN1C[C@H](CNC(=O)OCc2ccccc2)C[C@H]3[C@H]1Cc4c[nH]c5cccc3c45,8.19
689,CHEMBL314055,O=C1Nc2cccc3CCCC1(CCCCN4CCc5sccc5C4)c23,8.19
690,CHEMBL2112882,CC(C)C[C@@H]1N2C(=O)[C@](C)(NC(=O)[C@H]3CN(C)[C@@H]4Cc5c[nH]c6cccc(C4=C3)c56)O[C@@]2(O)[C@H](Cc7ccccc7)NC1=O,8.2
691,CHEMBL19215,CN1C[C@H](CNC(=O)OCc2ccccc2)C[C@H]3[C@H]1Cc4cn(C)c5cccc3c45,8.2
692,CHEMBL602878,FC(F)(F)c1cccc(c1)N2CCN(CCCN(CC3CC3)S(=O)(=O)c4cccc5cccnc45)CC2,8.2
693,CHEMBL3290000,Fc1ccc2c(noc2c1)C3CCN(CCCCNS(=O)(=O)c4cccs4)CC3,8.2
694,CHEMBL331803,O=S(=O)(N1CCC[C@@H]1CCN2CCC(CC2)c3cc4ccccc4[nH]3)c5ccc6cc[nH]c6c5,8.2
695,CHEMBL3289963,O=S(=O)(NCCCN1CCN(CC1)c2nsc3ccccc23)c4cnc5ccccn45,8.2
696,CHEMBL161765,CN(C)CCSc1cccc(n1)c2ccccc2,8.21
697,CHEMBL234881,CN(C)CCc1cccc(c1)c2c(C)cccc2C,8.21
698,CHEMBL302766,C=CCn1c2CN(CCCCC34CCCc5cccc(NC3=O)c45)CCc2c6ccccc16,8.22
699,CHEMBL2159487,CC(C)c1ccccc1OCCN2CC[C@H](C2)NS(=O)(=O)c3ccc(Cl)s3,8.22
700,CHEMBL185437,CC(Nc1ccnc(NCCc2ccc(F)cc2)n1)c3ccccc3,8.22
701,CHEMBL182070,CC(Nc1nccc(NCCc2ccccc2)n1)c3ccccc3,8.22
702,CHEMBL260761,CCC1(CCCCN2CCN(CC2)c3ccc(Cl)cc3)C(=O)Nc4c(Cl)cc(F)cc14,8.22
703,CHEMBL557330,COc1ccccc1N2CCN(CC2)C(=O)NC(=N)NCc3cccc4ccccc34,8.22
704,CHEMBL404372,C[C@@H]1NC(=Nc2cccc(Cl)c12)N,8.22
705,ziprasidone,Clc1cc2NC(=O)Cc2cc1CCN3CCN(CC3)c4nsc5ccccc45,8.22
706,CHEMBL3740055,Clc1cccc(c1)S(=O)(=O)NC2CCN(CCOc3ccccc3c4ccccc4)CC2,8.22
707,CHEMBL515780,O=C1Nc2ccccc2N1CCCCCN3CCN(CC3)c4ccccc4,8.22
708,CHEMBL3331382,COc1ccccc1N2CCN(CCCCCN3C(=O)Oc4ccccc34)CC2,8.23
709,CHEMBL3289987,O=S(=O)(NCCCCN1CCN(CC1)c2noc3ccccc23)c4cnc5ccccn45,8.23
710,CHEMBL71383,O=C1Nc2cccc3CCCC1(CCCCN4CCc5c(C4)[nH]c6ccccc56)c23,8.24
711,CHEMBL265927,CCC1(CCCCN2CCN(CC2)c3ccccc3OC)C(=O)Nc4ccccc14,8.27
712,CHEMBL181874,COc1ccccc1N2CCN(Cc3ccn(c3)c4ccccc4C#N)CC2,8.27
713,CHEMBL3286432,Fc1ccc(cc1Cl)S(=O)(=O)NCCCCN2CCN(CC2)c3nsc4ccccc34,8.28
714,CHEMBL13052,O=C1Nc2cccc3CCCC1(CCCN4CCN(CC4)c5ccccc5)c23,8.28
715,CHEMBL1836786,CCC1(CCCCN2CCN(CC2)c3cccc(c3)C(F)(F)F)C(=O)Nc4ccccc14,8.29
716,CHEMBL12702,COc1ccccc1N2CCN(CCCCC34CCCc5cccc(NC3=O)c45)CC2,8.29
717,CHEMBL3331383,COc1ccccc1N2CCN(CCCCCN3C(=O)Sc4ccccc34)CC2,8.29
718,CHEMBL3289984,Clc1ccc2cc(sc2c1)S(=O)(=O)NCCCCN3CCN(CC3)c4noc5ccccc45,8.29
719,CHEMBL3289994,Fc1ccc2c(noc2c1)C3CCN(CCCCNS(=O)(=O)c4ccc(Cl)c(Cl)c4)CC3,8.29
720,CHEMBL182322,CC(Nc1nc(N)nc(NCCOc2ccc(F)cc2)n1)c3ccc(F)cc3,8.3
721,CHEMBL3745815,CN(C1CCN(CCOc2ccccc2c3ccccc3)CC1)S(=O)(=O)c4ccc(F)cc4,8.3
722,CHEMBL2159322,CSc1ccccc1OCCN2CCC(C2)NS(=O)(=O)c3ccc(Cl)s3,8.3
723,CHEMBL182943,C[C@H](Nc1cc(NCCOc2ccc(F)cc2)ncn1)c3ccccc3,8.3
724,CHEMBL182680,C[C@H](Nc1cc(NCCc2ccc(F)cc2)ncn1)c3ccccc3,8.3
725,CHEMBL348410,Clc1ccc2NC(=O)C3(CCCCN4CCC(=CC4)c5ccccc5)CCCc1c23,8.3
726,CHEMBL1836785,Fc1ccc(cc1)N2CCN(CCCCC3C(=O)Nc4ccccc34)CC2,8.3
727,CHEMBL2159323,Fc1ccc(cc1)S(=O)(=O)NC2CCN(CCOc3ccccc3c4ccccc4)C2,8.3
728,CHEMBL3343668,Cl.NC(=NC(=O)c1ccc2c3ccccc3C4(CC4)c2c1)N,8.31
729,CHEMBL259215,CCC1(CCCCN2CCN(CC2)c3cccc(Cl)c3)C(=O)Nc4c(Cl)cc(F)cc14,8.32
730,CHEMBL304731,Cc1ccc(cc1)C2=CCN(CCCCC34CCCc5cccc(NC3=O)c45)CC2,8.32
731,CHEMBL3289962,Cc1c(sc2ccc(F)cc12)S(=O)(=O)NCCCCN3CCN(CC3)c4nsc5ccccc45,8.34
732,CHEMBL198463,CN1CCc2c(C1)sc3N=CN(CCN4CCN(CC4)c5ccnc6ccccc56)C(=O)c23,8.35
733,CHEMBL3121424,COc1ccccc1N2CCN(Cc3cn(c4cccc5ccccc45)c6ccccc36)CC2.OC(=O)\C=C\C(=O)O,8.35
734,CHEMBL275451,Fc1ccc(OC2CCN(CCN3CCCc4ccccc4C3=O)CC2)cc1,8.35
735,CHEMBL314830,O=C1Nc2cccc3CCCC1(CCCCN4CCc5ccccc5C4)c23,8.35
736,CHEMBL3289996,Fc1ccc2c(noc2c1)C3CCN(CCCCNS(=O)(=O)c4ccc(F)c(Cl)c4)CC3,8.36
737,CHEMBL410128,CCC1(CCCCN2CCc3sccc3C2)C(=O)Nc4ccccc14,8.37
738,CHEMBL3290010,Fc1ccc2c(noc2c1)C3CCN(CCCCNS(=O)(=O)c4csc5ccccc45)CC3,8.37
739,CHEMBL446459,CC(C)Oc1cccc2C(C)NC(=Nc12)NCC(F)F,8.38
740,CHEMBL3310113,CCc1cccc2C(O)c3cc(ccc3c12)C(=O)N=C(N)N,8.39
741,CHEMBL3310122,Cl.CC1c2ccccc2c3ccc(cc13)C(=O)N=C(N)N,8.39
742,CHEMBL3290011,Fc1ccc2c(noc2c1)C3CCN(CCCNS(=O)(=O)c4cc5ccccc5s4)CC3,8.39
743,CHEMBL3289964,O=S(=O)(NCCCCN1CCN(CC1)c2nsc3ccccc23)c4cnc5ccccn45,8.39
744,CHEMBL3759233,CC(C)c1cccc(OCCN2C3CCC2CC(C3)NS(=O)(=O)c4cc(F)ccc4F)c1,8.4
745,CHEMBL3758286,CC(C)c1cccc(OCCN2C3CCC2CC(C3)NS(=O)(=O)c4cccc(Cl)c4)c1,8.4
746,CHEMBL2159485,CC(C)c1ccccc1OCCN2CCC(C2)NS(=O)(=O)c3cccc(Cl)c3,8.4
747,CHEMBL153398,CC1CCN(CC[C@@H]2CCCN2S(=O)(=O)c3ccc(Cl)c(Cl)c3)CC1,8.4
748,CHEMBL333784,CC1CCN(CC[C@H]2CCCN2S(=O)(=O)c3ccc(Cl)c(Cl)c3)CC1,8.4
749,CHEMBL1836789,CCC1(CCCCN2CCN(CC2)c3ccccn3)C(=O)Nc4ccccc14,8.4
750,CHEMBL553794,CNC(=O)Cn1c2CN(CCCCC34CCCc5cccc(NC3=O)c45)CCc2c6ccccc16,8.4
751,CHEMBL185512,C[C@H](Nc1cc(NCCc2ccc(F)cc2)ccn1)c3ccccc3,8.4
752,CHEMBL184789,C[C@H](Nc1cncc(NCCOc2ccc(F)cc2)c1)c3ccccc3,8.4
753,CHEMBL359725,C[C@H](Nc1cncc(NCCOc2ccccc2)c1)c3ccccc3,8.4
754,CHEMBL3310713,Cl.Cc1cccc2c1c3ccc(cc3C2(C)O)C(=O)N=C(N)N,8.4
755,CHEMBL2159488,Clc1ccc(s1)S(=O)(=O)N[C@@H]2CCN(CCOc3ccccc3c4ccccc4)C2,8.4
756,CHEMBL12846,O=C1Nc2cccc3CCCC1(CCCCN4CCC(CC4)c5ccccc5)c23,8.4
757,CHEMBL273246,O=C1Nc2cccc3CCCC1(CCCCN4CCN(CC4)c5ccccc5C#N)c23,8.4
758,CHEMBL3113593,COc1ccc(cc1)c2ccccc2N3CCN(CCCCCC(=O)NCc4ccc(F)nc4)CC3,8.42
759,CHEMBL3289708,Cc1cccc(c1)S(=O)(=O)NCCN2CCN(CC2)c3nsc4ccccc34,8.42
760,CHEMBL269083,CCC1(CCCCN2CCN(CC2)c3ccc(Cl)cc3)C(=O)Nc4ccc(Cl)cc14,8.43
761,CHEMBL74756,Fc1ccc(cc1)C(=O)C2CCN(CCc3ccccc3I)CC2,8.43
762,CHEMBL3818047,Clc1ccc(cc1)C(=O)CCCN2CCc3ccccc3C2,8.44
763,CHEMBL418888,Fc1ccc(cc1)C2=CCN(CCCCC34CCCc5cccc(NC3=O)c45)CC2,8.45
764,CHEMBL186112,CCCN(CCC)[C@H]1COc2c(C1)cccc2c3ccccc3,8.47
765,CHEMBL408426,Fc1ccc(cc1)N2CCN(CCCCC3C(=O)Nc4ccc(F)cc34)CC2,8.47
766,CHEMBL3289966,O=S(=O)(NCCCCN1CCN(CC1)c2nsc3ccccc23)c4cccc5scnc45,8.47
767,CHEMBL69257,O=C1Nc2cccc3CCCC1(CCCCN4CCC(=CC4)c5ccccc5)c23,8.48
768,CHEMBL12427,O=C1Nc2cccc3CCCC1(CCCCN4CCN(CC4)c5ccccc5)c23,8.48
769,CHEMBL12624,CC1CCN(CC[C@H]2CCCN2S(=O)(=O)c3cccc(C)c3)CC1,8.5
770,CHEMBL95104,Clc1ccc(OC2CCN(CC[C@H]3CCCN3S(=O)(=O)c4ccc5cc[nH]c5c4)CC2)cc1,8.5
771,CHEMBL3290008,Fc1ccc2c(noc2c1)C3CCN(CCCCNS(=O)(=O)c4ccc5cc(Cl)ccc5c4)CC3,8.5
772,CHEMBL3290018,Fc1ccc2c(noc2c1)C3CCN(CCCNS(=O)(=O)c4cnc5ccccn45)CC3,8.5
773,CHEMBL146942,NCCCC1(CCCN)CCc2cccc(O)c2C1,8.5
774,CHEMBL3289951,O=S(=O)(NCCCCN1CCN(CC1)c2nsc3ccccc23)c4cccs4,8.5
775,CHEMBL3262410,Oc1cccc(CCCCN2CCN(CC2)c3ccccc3)c1,8.51
776,CHEMBL309750,Brc1ccc2ccn(CCN3CCCN4CCCCC4C3)c2c1,8.52
777,CHEMBL3401493,CCOc1ccccc1N2CCN(CCCCCN3C=Nc4sc(C)c(C)c4C3=O)CC2,8.52
778,CHEMBL181950,C[C@H](Nc1cc(NCCc2ccccc2)ccn1)c3ccccc3,8.52
779,CHEMBL182174,C[C@H](Nc1nc(N)nc(NCCOc2ccccc2)n1)c3ccccc3,8.52
780,CHEMBL183862,C[C@H](Nc1ncnc(NCCOc2ccccc2)n1)c3ccccc3,8.52
781,CHEMBL3233679,Cl.COc1ccccc1N2CCN(CC(O)CN3C(=O)NC(C)(C3=O)c4ccc(F)cc4)CC2,8.52
782,CHEMBL3331385,O=C1Sc2ccccc2N1CCCCCCN3CCN(CC3)c4ccccc4,8.53
783,CHEMBL362540,CCCN(CCC)[C@H]1CCc2c(C1)cccc2c3ccccc3,8.54
784,CHEMBL3262408,CN(CCCN1CCN(CC1)c2cccc3ccccc23)c4cccc(O)c4,8.54
785,CHEMBL3331387,COc1ccccc1N2CCN(CCCCCCN3C(=O)Sc4ccccc34)CC2,8.54
786,CHEMBL259010,CCC1(CCCCN2CCN(CC2)c3ccc(Cl)cc3)C(=O)Nc4ccc(F)cc14,8.55
787,CHEMBL3331262,O=C1Sc2ccccc2N1CCCCN3CCc4ccccc4C3,8.55
788,CHEMBL9952,O=C1N(CCN2CCC(CC2)n3ccc4ccccc34)CCCc5ccccc15,8.56
789,CHEMBL2164332,Fc1ccc(cc1)c2ccccc2N3CCNCC3,8.57
790,CHEMBL260762,CCC1(CCCCN2CCN(CC2)c3cccc(OC)c3)C(=O)Nc4ccccc14,8.59
791,CHEMBL2164336,COc1ccc(cc1)c2ccccc2N3CCNCC3,8.59
792,CHEMBL183329,COc1cccc(OC)c1c2cccc3C[C@H](COc23)N(C)C,8.59
793,CHEMBL3289986,Cc1c(sc2ccc(F)cc12)S(=O)(=O)NCCCCN3CCN(CC3)c4noc5ccccc45,8.59
794,CHEMBL401745,COc1cc(Cl)c(C)c2C(C)NC(=Nc12)N,8.6
795,CHEMBL275343,Clc1ccc(cc1)C(=O)C2CCN(CCN3CCCc4ccccc4C3=O)CC2,8.6
796,CHEMBL330353,CC1CCN(CC[C@H]2CCCN2S(=O)(=O)c3ccc4cc[nH]c4c3)CC1,8.62
797,CHEMBL272781,CC1NC(=Nc2c(Cl)ccc(Cl)c12)N,8.62
798,CHEMBL402179,CNC1=Nc2c(OC(C)C)cccc2C(C)N1,8.62
799,CHEMBL71847,COc1cccc(c1)N2CCN(CCCCC34CCCc5cccc(NC3=O)c45)CC2,8.63
800,CHEMBL3310714,Cl.CCc1cccc2c1c3ccc(cc3C2(C)O)C(=O)N=C(N)N,8.64
801,CHEMBL273921,Oc1nc2cc(F)ccc2n1C3CCN(CCN4CCCc5ccccc5C4=O)CC3,8.65
802,CHEMBL350221,N[C@@H](Cc1c[nH]c2ccc(O)cc12)C(=O)O,8.67
803,CHEMBL25815,O=C1Nc2cccc3CCC[C@@]1(CCCCN4CCC(=CC4)c5ccccc5)c23,8.67
804,CHEMBL259550,CCC1(CCCCN2CCN(CC2)c3cccc(Cl)c3)C(=O)Nc4ccc(F)cc14,8.68
805,CHEMBL410628,CCC1(CCCCN2CCN(CC2)c3ccccc3)C(=O)Nc4ccccc14,8.68
806,CHEMBL422869,Fc1ccc(cc1)C2=CCN(CCCCC34CCCc5c(Cl)ccc(NC3=O)c45)CC2,8.69
807,CHEMBL9347,Fc1ccc2c(c1)nnn2C3CCN(CCN4CCCc5ccccc5C4=O)CC3,8.69
808,CHEMBL3759617,CC(C)c1cccc(OCCN2C3CCC2CC(C3)NS(=O)(=O)c4cccc(F)c4)c1,8.7
809,CHEMBL180086,CC(Nc1nc(N)nc(NCCc2cccs2)n1)c3ccc(F)cc3,8.7
810,CHEMBL347286,CC1CCN(CC[C@@H]2CCCN2S(=O)(=O)c3cccc(Br)c3)CC1,8.7
811,CHEMBL116448,CC1CCN(CC[C@H]2CCCN2S(=O)(=O)c3cccc(Br)c3)CC1,8.7
812,CHEMBL157910,COc1ccc(cc1N2CCNCC2)S(=O)(=O)Nc3cc(Cl)cc(Cl)c3Cl,8.7
813,CHEMBL8165,COc1ccc2[nH]cc(CCN)c2c1,8.7
814,CHEMBL185511,C[C@H](Nc1ccnc(NCCOc2ccccc2)n1)c3ccccc3,8.7
815,CHEMBL182937,C[C@H](Nc1nc(N)nc(NCCOc2ccc(F)cc2)n1)c3ccc(F)cc3,8.7
816,CHEMBL413049,C[C@H](Nc1nc(N)nc(NCCc2ccc(F)cc2)n1)c3ccc(F)cc3,8.7
817,CHEMBL2159489,Fc1ccc(cc1)S(=O)(=O)N[C@@H]2CCN(CCOc3ccccc3c4ccccc4)C2,8.7
818,CHEMBL428494,O=C1Nc2cccc3CCCC1(CCCCN4CCN(CC4)c5ccccn5)c23,8.7
819,CHEMBL3289965,O=S(=O)(NCCCN1CCN(CC1)c2nsc3ccccc23)c4cccc5scnc45,8.7
820,CHEMBL408450,Fc1ccc2NC(=O)C(CCCCN3CCN(CC3)c4cccc(Cl)c4)c2c1,8.71
821,CHEMBL2164334,Cc1ccc(cc1C)c2ccccc2N3CCNCC3,8.72
822,CHEMBL3290012,Fc1ccc2c(noc2c1)C3CCN(CCCCNS(=O)(=O)c4cc5ccccc5s4)CC3,8.72
823,CHEMBL323778,O=C1Oc2ccccc2N1C3CCN(CC[C@H]4CCCN4S(=O)(=O)c5ccc6cc[nH]c6c5)CC3,8.74
824,CHEMBL408191,CC(C)CC1(CCCCN2CCN(CC2)c3cccc(Cl)c3)C(=O)Nc4ccccc14,8.75
825,CHEMBL3343669,Cl.NC(=NC(=O)c1ccc2c3ccccc3C4(CCCC4)c2c1)N,8.75
826,CHEMBL3289954,O=S(=O)(NCCCCN1CCN(CC1)c2nsc3ccccc23)c4ccc5ccccc5c4,8.75
827,CHEMBL3331261,Clc1cccc(c1)N2CCN(CCCCN3C(=O)Sc4ccccc34)CC2,8.76
828,CHEMBL3289709,Cc1cccc(c1)S(=O)(=O)NCCCN2CCN(CC2)c3nsc4ccccc34,8.77
829,CHEMBL9616,Fc1ccc(cc1)C(=O)C2CCN(CCN3CCCc4ccccc4C3=O)CC2,8.78
830,CHEMBL3289944,Cc1cccc(c1)S(=O)(=O)NCCCCN2CCN(CC2)c3nsc4ccccc34,8.8
831,CHEMBL259216,CCC1(CCCCN2CCN(CC2)c3ccc(F)cc3)C(=O)Nc4ccc(F)cc14,8.82
832,CHEMBL3289992,Cc1cccc(c1)S(=O)(=O)NCCCCN2CCC(CC2)c3noc4cc(F)ccc34,8.82
833,CHEMBL3289953,O=S(=O)(NCCCN1CCN(CC1)c2nsc3ccccc23)c4ccc5ccccc5c4,8.82
834,CHEMBL3289952,O=S(=O)(NCCN1CCN(CC1)c2nsc3ccccc23)c4ccc5ccccc5c4,8.82
835,CHEMBL258496,CCC1(CCCCCN2CCN(CC2)c3cccc(Cl)c3)C(=O)Nc4ccccc14,8.84
836,CHEMBL494675,C1CN(CCN1)c2ccccc2c3ccccc3,8.85
837,CHEMBL2164330,Cc1ccccc1c2cccc(c2)N3CCNCC3,8.85
838,CHEMBL3343665,Cl.COC1(C)c2ccccc2c3ccc(cc13)C(=O)N=C(N)N,8.85
839,CHEMBL3290006,Fc1ccc2c(noc2c1)C3CCN(CCCCNS(=O)(=O)c4ccc5ccccc5c4)CC3,8.85
840,CHEMBL158973,CN(C)CCSC(C)(C)C,8.89
841,CHEMBL3343671,Cl.NC(=NC(=O)c1ccc2c3ccccc3C4(CCOCC4)c2c1)N,8.89
842,CHEMBL3290014,Fc1ccc2c(noc2c1)C3CCN(CCCCNS(=O)(=O)c4cc5ccc(Cl)cc5s4)CC3,8.89
843,CHEMBL3290020,Fc1ccc2c(noc2c1)C3CCN(CCCNS(=O)(=O)c4cccc5scnc45)CC3,8.89
844,CHEMBL3290001,Fc1ccc2c(noc2c1)C3CCN(CCNS(=O)(=O)c4cccc5ccccc45)CC3,8.89
845,CHEMBL1256844,Cl.CC1CCN(CC[C@H]2CCCN2S(=O)(=O)c3cccc(O)c3)CC1,8.9
846,CHEMBL262068,CCC1(CCCCCN2CCN(CC2)c3ccc(Cl)cc3)C(=O)Nc4ccccc14,8.91
847,CHEMBL410225,CCC1(CCCCN2CCC(=CC2)c3ccc(F)cc3)C(=O)Nc4ccccc14,8.92
848,CHEMBL3343663,Cl.CCC1(O)c2ccccc2c3ccc(cc13)C(=O)N=C(N)N,8.92
849,CHEMBL3289993,Fc1ccc2c(noc2c1)C3CCN(CCCNS(=O)(=O)c4ccc(Cl)c(Cl)c4)CC3,8.92
850,CHEMBL281923,CO[C@@]1(C)c2cccc3C[C@H]4N(C)CCc5ccc1c(c45)c23,8.96
851,CHEMBL281924,CO[C@]1(C)c2cccc3C[C@H]4N(C)CCc5ccc1c(c45)c23,8.96
852,CHEMBL3289968,Cc1cccc(c1)S(=O)(=O)NCCCCN2CCN(CC2)c3noc4ccccc34,8.96
853,CHEMBL3289990,Cc1cccc(c1)S(=O)(=O)NCCN2CCC(CC2)c3noc4cc(F)ccc34,8.96
854,CHEMBL410226,CCC1(CCCCN2CCC(=CC2)c3ccc(Cl)cc3)C(=O)Nc4ccccc14,8.99
855,CHEMBL154274,COc1ccc(cc1N2CCNCC2)S(=O)(=O)Nc3cc(Br)ccc3Br,8.99
856,CHEMBL258075,CC(C)Oc1cccc2C(C)NC(=Nc12)N,9.0
857,CHEMBL3759205,CC(C)c1cccc(OCCN2C3CCC2CC(C3)NS(=O)(=O)c4ccc(F)cc4)c1,9.0
858,CHEMBL182071,CC(Nc1nccc(NCCOc2ccc(F)cc2)n1)c3ccccc3,9.0
859,CHEMBL428892,CSc1ccc2Sc3ccccc3C[C@H](N4CCN(C)CC4)c2c1,9.0
860,CHEMBL3331258,Cc1ccccc1N2CCN(CCCCN3C(=O)Sc4ccccc34)CC2,9.0
861,CHEMBL3289995,Fc1ccc2c(noc2c1)C3CCN(CCCNS(=O)(=O)c4ccc(F)c(Cl)c4)CC3,9.05
862,CHEMBL3289999,Fc1ccc2c(noc2c1)C3CCN(CCCNS(=O)(=O)c4cccs4)CC3,9.05
863,CHEMBL3290009,Fc1ccc2c(noc2c1)C3CCN(CCCNS(=O)(=O)c4csc5ccccc45)CC3,9.05
864,CHEMBL114345,Fc1ccc(cc1)C(=O)C2CCN(CC[C@H]3CCCN3S(=O)(=O)c4ccc5cc[nH]c5c4)CC2,9.08
865,CHEMBL409662,CCC1(CCCCN2CCN(CC2)c3ccc(Cl)cc3)C(=O)Nc4cc(F)ccc14,9.1
866,CHEMBL116292,Clc1ccc(cc1)C(=O)C2CCN(CC[C@H]3CCCN3S(=O)(=O)c4ccc5cc[nH]c5c4)CC2,9.1
867,CHEMBL3290003,Fc1ccc2c(noc2c1)C3CCN(CCCCNS(=O)(=O)c4cccc5ccccc45)CC3,9.1
868,CHEMBL3290005,Fc1ccc2c(noc2c1)C3CCN(CCCNS(=O)(=O)c4ccc5ccccc5c4)CC3,9.1
869,CHEMBL3289978,O=S(=O)(NCCCCN1CCN(CC1)c2noc3ccccc23)c4ccc5ccccc5c4,9.1
870,CHEMBL3343667,Cl.COCC1(OC)c2ccccc2c3ccc(cc13)C(=O)N=C(N)N,9.12
871,CHEMBL115262,Oc1nc2ccccc2n1C3CCN(CC[C@H]4CCCN4S(=O)(=O)c5ccc6cc[nH]c6c5)CC3,9.15
872,CHEMBL158402,CN(C)CCSc1cccc(n1)C2CCCCC2,9.16
873,CHEMBL3290017,Cc1c(sc2ccc(Cl)cc12)S(=O)(=O)NCCCCN3CCC(CC3)c4noc5cc(F)ccc45,9.16
874,CHEMBL3289970,Clc1ccc(cc1Cl)S(=O)(=O)NCCCCN2CCN(CC2)c3noc4ccccc34,9.16
875,CHEMBL3321794,O=C1Cc2ccccc2N1CC\C=C\CCN3CCc4ccccc4C3,9.16
876,CHEMBL259549,CCC1(CCCCN2CCN(CC2)c3cccc(Cl)c3)C(=O)Nc4cc(F)ccc14,9.17
877,CHEMBL430706,O=S(=O)(N1CCC[C@@H]1CCN2CCC(CC2)c3c[nH]c4ccccc34)c5ccc6cc[nH]c6c5,9.17
878,CHEMBL259086,CCC1(CCCCN2CCN(CC2)c3ccc(C)c(Cl)c3)C(=O)Nc4ccccc14,9.18
879,CHEMBL259087,CCC1(CCCCN2CCN(CC2)c3ccc(Cl)c(Cl)c3)C(=O)Nc4ccccc14,9.2
880,CHEMBL406414,CCC1(CCCCN2CCN(CC2)c3ccc(F)c(Cl)c3)C(=O)Nc4ccccc14,9.22
881,CHEMBL2164327,CN(C)[C@H]1CCc2c(C1)cccc2c3c(C)nn(C)c3C,9.22
882,CHEMBL8618,COc1ccccc1N2CCN(CCCCN3C(=O)c4ccccc4C3=O)CC2,9.22
883,CHEMBL185384,C[C@H](Nc1ccnc(NCCc2ccccc2)n1)c3ccccc3,9.22
884,CHEMBL3289991,Cc1cccc(c1)S(=O)(=O)NCCCN2CCC(CC2)c3noc4cc(F)ccc34,9.22
885,CHEMBL3343666,Cl.CCC1(OC)c2ccccc2c3ccc(cc13)C(=O)N=C(N)N,9.22
886,CHEMBL9951,Fc1ccc2c(ccn2C3CCN(CCN4CCCc5ccccc5C4=O)CC3)c1,9.25
887,CHEMBL413707,Fc1ccc(OC2CCN(CC[C@H]3CCCN3S(=O)(=O)c4ccc5cc[nH]c5c4)CC2)cc1,9.3
888,CHEMBL3290002,Fc1ccc2c(noc2c1)C3CCN(CCCNS(=O)(=O)c4cccc5ccccc45)CC3,9.3
889,CHEMBL261209,Clc1cccc(c1)N2CCN(CCCCC3C(=O)Nc4ccccc34)CC2,9.31
890,CHEMBL260872,CCC1(CCCCN2CCN(CC2)c3ccc(F)cc3)C(=O)Nc4ccccc14,9.37
891,CHEMBL408976,CCC1(CCCCN2CCN(CC2)c3cccc(Cl)c3)C(=O)Nc4ccccc14,9.39
892,CHEMBL267062,O=C1N(CCN2CCC(CC2)c3c[nH]c4ccccc34)CCCc5ccccc15,9.39
893,CHEMBL183423,C[C@H](Nc1cc(NCCOc2ccc(F)cc2)ccn1)c3ccccc3,9.4
894,CHEMBL184607,C[C@H](Nc1cc(NCCOc2ccccc2)ccn1)c3ccccc3,9.4
895,CHEMBL181356,C[C@H](Nc1ccnc(NCCOc2ccccc2)c1)c3ccccc3,9.4
896,CHEMBL181605,C[C@H](Nc1ccnc(NCCc2ccc(F)cc2)c1)c3ccccc3,9.4
897,CHEMBL3290004,Fc1ccc2c(noc2c1)C3CCN(CCNS(=O)(=O)c4ccc5ccccc5c4)CC3,9.4
898,CHEMBL605081,CN1CCc2c(C1)c3cc(C)ccc3n2CCc4ccc(C)cc4,9.41
899,CHEMBL261719,CCC1(CCCCN2CCN(CC2)c3ccc(Cl)cc3)C(=O)Nc4ccccc14,9.42
900,CHEMBL414628,COc1ccc(cc1N2CCNCC2)S(=O)(=O)N3CCc4ccc(I)cc34,9.5
901,CHEMBL2159465,CC(C)c1ccccc1OCCN2CCC(CC2)NS(=O)(=O)c3ccc(F)cc3,9.52
902,CHEMBL596959,CCCN(CCC)[C@H]1CCc2c(C1)cccc2c3cccc4ccccc34,9.52
903,CHEMBL183277,C[C@H](Nc1ccnc(NCCOc2ccc(F)cc2)n1)c3ccccc3,9.52
904,CHEMBL182923,C[C@H](Nc1ccnc(NCCc2ccccc2)c1)c3ccccc3,9.52
905,CHEMBL1256863,NCCc1c[nH]c2ccc(cc12)C(=O)N.OC(=O)\C=C/C(=O)O,9.52
906,CHEMBL592752,CN1CCc2c(C1)c3cc(C)ccc3n2CCc4ccccc4,9.6
907,CHEMBL605405,CN1CCc2c(C1)c3cc(C)ccc3n2\C=C/c4ccccc4,9.68
908,CHEMBL363452,C[C@H](Nc1ccnc(NCCOc2ccc(F)cc2)c1)c3ccccc3,9.7
909,CHEMBL3290016,Cc1c(sc2ccc(F)cc12)S(=O)(=O)NCCCCN3CCC(CC3)c4noc5cc(F)ccc45,9.7
910,CHEMBL3289972,Fc1ccc(cc1Cl)S(=O)(=O)NCCCCN2CCN(CC2)c3noc4ccccc34,10.0
0,CHEMBL267930,Fc1ccc(cc1)C(=O)CCCN2CCC3(CC2)N(CNC3=O)c4ccccc4,7.2
