,molecule_chembl_id,canonical_smiles,pchembl_value
0,CHEMBL246321,CC(C)(C)c1ccc(cc1)n2nc(cc2CCCCC(=O)N[C@@H](Cc3ccc(O)cc3)C(=O)N)c4cccnc4,9.51
36,CHEMBL429108,CC(C)(C)c1ccc(cc1)n2nc(cc2CCCCC(=O)NCCc3ccc(O)cc3)c4cccnc4,7.1
37,CHEMBL393847,CC(C)(C)c1ccc(cc1)n2nc(cc2CCCCC(=O)N[C@H](CC(=O)N)Cc3ccccc3)c4ccncc4,6.72
38,CHEMBL439392,CC(C)(C)c1ccc(cc1)n2nc(cc2NCCCCCC(=O)N[C@@H](Cc3cccc(O)c3)C(=O)N)c4ccccn4,6.82
39,CHEMBL247700,CC(C)(C)c1ccc(cc1)n2nc(cc2NCCCCCC(=O)N[C@H](C(=O)N)c3ccc(O)cc3)c4ccccn4,6.77
40,CHEMBL269261,CC(C)(C)Oc1ccc(C[C@H](NC(=O)CCCCNc2cc(nn2c3ccc(cc3)C(C)(C)C)c4cccnc4)C(=O)N)cc1,4.92
42,CHEMBL247945,CC(C)(C)c1ccc(cc1)n2nc(cc2c3cccc(c3)C(=O)N[C@@H](Cc4ccc(O)cc4)C(=O)N)c5cc6ccccc6cn5,6.3
44,CHEMBL397316,CC(C)(C)c1ccc(cc1)n2nc(cc2CCCCC(=O)N[C@@H](Cc3ccc(O)cc3)C(=O)N)c4ccncc4,6.6
53,CHEMBL245663,CC(C)(C)c1ccc(cc1)n2nc(CCCCC(=O)N[C@@H](Cc3ccc(O)cc3)C(=O)N)cc2c4ccncc4,5.64
124,CHEMBL1651721,CSc1nc(c2cccc(NCC(=O)NCC#C)c2)c3c(N)c(sc3n1)C(=O)NC(C)(C)C,9.0
126,CHEMBL1651723,CSc1nc(c2cccc(NCC(=O)NCc3cn(CCn4cc(COc5ccc(cc5)[C@@]6(C)CC(C)(C)N(C(=O)C)c7ccc(NC(=O)c8ccc(cc8)c9ccccc9)cc67)nn4)nn3)c2)c%10c(N)c(sc%10n1)C(=O)NC(C)(C)C,8.0
127,CHEMBL1651823,CSc1nc(c2cccc(NCC(=O)NCc3cn(CCOCCn4cc(COc5ccc(cc5)[C@@]6(C)CC(C)(C)N(C(=O)C)c7ccc(NC(=O)c8ccc(cc8)c9ccccc9)cc67)nn4)nn3)c2)c%10c(N)c(sc%10n1)C(=O)NC(C)(C)C,7.57
128,CHEMBL1651824,CSc1nc(c2cccc(NCC(=O)NCc3cn(CCOCCOCCn4cc(COc5ccc(cc5)[C@@]6(C)CC(C)(C)N(C(=O)C)c7ccc(NC(=O)c8ccc(cc8)c9ccccc9)cc67)nn4)nn3)c2)c%10c(N)c(sc%10n1)C(=O)NC(C)(C)C,7.37
129,CHEMBL1651825,CSc1nc(c2cccc(NCC(=O)NCc3cn(CCOCCOCCOCCn4cc(COc5ccc(cc5)[C@@]6(C)CC(C)(C)N(C(=O)C)c7ccc(NC(=O)c8ccc(cc8)c9ccccc9)cc67)nn4)nn3)c2)c%10c(N)c(sc%10n1)C(=O)NC(C)(C)C,7.22
130,CHEMBL1651826,CSc1nc(c2cccc(NCC(=O)NCc3cn(CCOCCOCCOCCOCCn4cc(COc5ccc(cc5)[C@@]6(C)CC(C)(C)N(C(=O)C)c7ccc(NC(=O)c8ccc(cc8)c9ccccc9)cc67)nn4)nn3)c2)c%10c(N)c(sc%10n1)C(=O)NC(C)(C)C,7.26
132,CHEMBL1651828,CSc1nc(c2cccc(NCC(=O)NCc3cn(CCOCCOCCN=[N+]=[N-])nn3)c2)c4c(N)c(sc4n1)C(=O)NC(C)(C)C,8.3
133,CHEMBL1651829,CSc1nc(c2cccc(NCC(=O)NCc3cn(CCn4cc(COc5ccc(cc5)[C@]6(C)CC(C)(C)N(C(=O)C)c7ccc(NC(=O)c8ccc(cc8)c9ccccc9)cc67)nn4)nn3)c2)c%10c(N)c(sc%10n1)C(=O)NC(C)(C)C,7.62
134,CHEMBL1651830,CSc1nc(c2cccc(NCC(=O)NCc3cn(CCOCCn4cc(COc5ccc(cc5)[C@]6(C)CC(C)(C)N(C(=O)C)c7ccc(NC(=O)c8ccc(cc8)c9ccccc9)cc67)nn4)nn3)c2)c%10c(N)c(sc%10n1)C(=O)NC(C)(C)C,7.1
135,CHEMBL1651821,CSc1nc(c2cccc(NCC(=O)NCc3cn(CCOCCOCCn4cc(COc5ccc(cc5)[C@]6(C)CC(C)(C)N(C(=O)C)c7ccc(NC(=O)c8ccc(cc8)c9ccccc9)cc67)nn4)nn3)c2)c%10c(N)c(sc%10n1)C(=O)NC(C)(C)C,7.13
136,CHEMBL1651822,CSc1nc(c2cccc(NCC(=O)NCc3cn(CCOCCOCCOCCn4cc(COc5ccc(cc5)[C@]6(C)CC(C)(C)N(C(=O)C)c7ccc(NC(=O)c8ccc(cc8)c9ccccc9)cc67)nn4)nn3)c2)c%10c(N)c(sc%10n1)C(=O)NC(C)(C)C,7.24
137,CHEMBL1651831,CSc1nc(c2cccc(NCC(=O)NCc3cn(CCOCCOCCOCCOCCn4cc(COc5ccc(cc5)[C@]6(C)CC(C)(C)N(C(=O)C)c7ccc(NC(=O)c8ccc(cc8)c9ccccc9)cc67)nn4)nn3)c2)c%10c(N)c(sc%10n1)C(=O)NC(C)(C)C,7.41
