,molecule_chembl_id,canonical_smiles,pchembl_value
0,CHEMBL2335047,CCCCCCCCCCCCCCCCCCOC[C@@H](COP(=S)(O)O)OC,7.05
1,CHEMBL2017139,CCCCCCCCCCCCCCCCCC(=O)OCC(COP(=O)(O)S)OC,7.07
2,CHEMBL357053,CCCCCCCCCCCCCCCCCC(=O)OC[C@@H](COP(=S)(O)O)OC,7.1
3,CHEMBL2335050,[Na+].CCCCCCCCCCCCCCCCCOC(COC)COP(=S)(O)[O-],7.11
4,CHEMBL2335051,[Na+].CCCCCCCCCCCCCCCCCC(=O)OC(COC)COP(=S)(O)[O-],7.12
5,CHEMBL2335049,[Na+].CCCCCCCCCCCCCCCCOC(COC)COP(=S)(O)[O-],7.18
6,CHEMBL153043,CCCCCCCCCCCCCCCCCC(=O)OC[C@H](COP(=S)(O)O)OC,7.23
7,CHEMBL2335052,CCCCCCCCCCCCCCCCCCOCC(COP(=S)(O)O)OC,7.41
