,molecule_chembl_id,canonical_smiles,pchembl_value
0,CHEMBL183221,CCCCCCCC\C=C/CCCCCCCC(=O)N[C@@H](COP(=O)(O)O)Cc1ccc(OCc2cc(OCC(F)(F)F)ccn2)cc1,7.08
1,CHEMBL364797,CCCCCCCCCCCCCCCC(=O)OC[C@@H](O)COP(=O)(O)O,7.15
2,CHEMBL291229,CCCCCCCC\C=C/CCCCCCCC(=O)N[C@@H](COP(=O)(O)O)Cc1ccc(OCc2cc(OCCC)ccn2)cc1,7.19
3,CHEMBL362053,CCCCCCCC\C=C/CCCCCCCC(=O)N[C@@H](COP(=O)(O)O)Cc1ccc(OCc2ncc(C)c(OC)c2C)cc1,7.21
4,CHEMBL604677,OC(=O)c1ccc2C(=O)N(C(=O)c2c1)c3cccc(Oc4ccc(cc4)[N+](=O)[O-])c3,7.32
5,CHEMBL3621959,CCCCCCCC\C=C/CCCCCCCC(=O)NCCOP(=S)(O)O,7.4
6,CHEMBL182446,CCCCCCCC\C=C/CCCCCCCC(=O)N[C@@H](COP(=O)(O)O)Cc1ccc(OCc2cc(OCCOC)ccn2)cc1,7.46
7,CHEMBL2335048,CCCCCCCCCCCCCCCCCCOC[C@H](COP(=S)(O)O)OC,7.51
8,CHEMBL2335049,[Na+].CCCCCCCCCCCCCCCCOC(COC)COP(=S)(O)[O-],7.58
9,CHEMBL183143,CCCCCCCC\C=C/CCCCCCCC(=O)N[C@@H](COP(=O)(O)O)Cc1ccc(OCc2cc(OCC)ccn2)cc1,7.59
10,CHEMBL2182052,C[C@@H](OC(=O)Nc1c(C)noc1c2ccc(cc2)c3ccc(CC(=O)O)cc3)c4ccccc4,7.6
11,CHEMBL153043,CCCCCCCCCCCCCCCCCC(=O)OC[C@H](COP(=S)(O)O)OC,7.62
12,CHEMBL440696,CCCCCCCC\C=C/CCCCCCCC(=O)N[C@@H](COP(=O)(O)O)Cc1ccc(OCc2ccccn2)cc1,7.75
13,CHEMBL117021,CCCCCCCC\C=C/CCCCCCCC(=O)OC[C@@H](O)COP(=O)(O)O,7.75
14,CHEMBL3621966,C[C@@H](OC(=O)Nc1c(C)noc1c2ccc(cc2)c3ccc(CC(=O)O)cc3)c4ccccc4Cl,7.77
15,CHEMBL2017139,CCCCCCCCCCCCCCCCCC(=O)OCC(COP(=O)(O)S)OC,7.78
16,CHEMBL357053,CCCCCCCCCCCCCCCCCC(=O)OC[C@@H](COP(=S)(O)O)OC,7.83
17,CHEMBL2335051,[Na+].CCCCCCCCCCCCCCCCCC(=O)OC(COC)COP(=S)(O)[O-],7.91
18,CHEMBL2335050,[Na+].CCCCCCCCCCCCCCCCCOC(COC)COP(=S)(O)[O-],7.95
19,CHEMBL2335047,CCCCCCCCCCCCCCCCCCOC[C@@H](COP(=S)(O)O)OC,7.99
20,CHEMBL2335052,CCCCCCCCCCCCCCCCCCOCC(COP(=S)(O)O)OC,8.08
21,CHEMBL3621968,COc1ccc([C@@H](O)C(=O)N(CCCc2ccccc2)Cc3nc(C(=O)NS(=O)(=O)C)c(C)s3)c(F)c1,8.18
0,CHEMBL325970,CCCCCCCC\C=C/CCCCCCCC(=O)NCCC(=S)P(=O)(O)O,6.5
8,CHEMBL331661,CCCCCCCC\C=C/CCCCCCCC(=O)NCCCP(=O)(O)O,5.71
10,CHEMBL325288,CCCCCCCC\C=C/CCCCCCCC(=O)NCCC(O)P(=O)(O)O,5.91
12,CHEMBL117529,CCCCCCCC\C=C/CCCCCCCC(=O)NCCC(=O)P(=O)(O)O,6.66
14,CHEMBL117798,CCCCCCCC\C=C/CCCCCCCC(=O)NCCC(=O)P(=S)(O)O,7.4
16,CHEMBL117754,CCCCCCCC\C=C/CCCCCCCC(=O)NCCOP(=O)(O)O,6.71
26,CHEMBL314554,CCCCCCCC\C=C/CCCCCCCC(=O)N[C@@H](COP(=O)(O)O)Cc1ccc(Oc2cc3ccccc3[nH]2)cc1,5.16
28,CHEMBL89937,CCCCCCCC\C=C/CCCCCCCC(=O)N[C@H](COP(=O)(O)O)Cc1ccc(OCc2cccc(OC)c2)cc1,5.25
34,CHEMBL262906,CCCCCCCC\C=C/CCCCCCCC(=O)NC(COP(=O)(O)O)Cc1ccc(OCc2ccccc2)cc1,5.28
36,CHEMBL91168,CCCCC\C=C/C\C=C/CCCCCCCC(=O)NC(COP(=O)(O)O)Cc1ccc(OCc2ccccc2)cc1,5.37
42,CHEMBL432821,CCCCCCCCCCCCCC(=O)NC(COP(=O)(O)O)Cc1ccc(OCc2ccccc2)cc1,5.04
44,CHEMBL313413,CCCCCCCC\C=C/CCCCCCCC(=O)N[C@@H](COP(=O)(O)O)Cc1ccc(OC2Cc3ccccc3C2)cc1,5.53
48,CHEMBL91058,CCCCCCCC\C=C/CCCCCCCC(=O)N[C@@H](COP(=O)(O)O)Cc1ccc(OCc2cccc(OC)c2)cc1,5.97
50,CHEMBL314555,CCCCCCCC\C=C/CCCCCCCC(=O)N[C@H](COP(=O)(O)O)Cc1ccc(OCc2ccccn2)cc1,6.22
72,CHEMBL327240,CCCCCCCC\C=C/CCCCCCCC(=O)N[C@@H](COP(=O)(O)O)Cc1ccc(OCc2ccccc2)cc1,5.6
74,CHEMBL92452,CCCCCCCC(=O)NC(COP(=O)(O)O)Cc1ccc(OCc2ccccc2)cc1,5.1
80,CHEMBL184055,CCCCCCCC\C=C/CCCCCCCC(=O)N[C@@H](COP(=O)(O)O)Cc1ccc(OCc2cccnc2)cc1,6.0
82,CHEMBL360727,CCCCCCCC\C=C/CCCCCCCC(=O)N[C@H](COP(=O)(O)O)Cc1ccc(OCc2cccnc2)cc1,5.35
84,CHEMBL360399,CCCCCCCC\C=C/CCCCCCCC(=O)N[C@@H](COP(=O)(O)O)Cc1ccc(OCc2ccncc2)cc1,6.13
88,CHEMBL185287,CCCCCCCC\C=C/CCCCCCCC(=O)N[C@@H](COP(=O)(O)O)Cc1ccc(OCc2cccc(OC)n2)cc1,5.55
92,CHEMBL265967,CCCCCCCC\C=C/CCCCCCCC(=O)N[C@@H](COP(=O)(O)O)Cc1ccc(OCc2cc(OC)ccn2)cc1,5.2
104,CHEMBL181917,CCCCCCCC\C=C/CCCCCCCC(=O)N[C@H](COP(=O)(O)O)Cc1ccc(OCc2ncc(C)c(OC)c2C)cc1,5.43
106,CHEMBL360131,CCCCCCCC\C=C/CCCCCCCC(=O)N[C@@H](COP(=O)(O)O)Cc1ccc(OCc2ccc3ccccc3n2)cc1,5.85
108,CHEMBL360928,CCCCCCCC\C=C/CCCCCCCC(=O)N[C@@H](COP(=O)(O)O)Cc1ccc(OCc2cc(OC)c3ccccc3n2)cc1,6.02
122,CHEMBL181612,CCCCCCCC\C=C/CCCCCCCC(=O)N[C@H](CC(O)P(=O)(O)O)Cc1ccc(OCc2ccccc2)cc1,5.37
158,CHEMBL187459,CCCCCCCC\C=C\CCCCCCCCOP(=S)(O)O,6.71
177,CHEMBL190328,CCCCCCCCCCCCCCCC(=O)N[C@@H](COP(=O)(O)O)C(=O)O,5.73
195,CHEMBL202243,CCCCCCCCOC[C@H](COP(=O)(O)O)OCCCCCCCC,5.49
197,CHEMBL201482,CCCCCCCCOC[C@H](COP(=S)(O)O)OCCCCCCCC,6.16
226,CHEMBL211465,CCCCCCCCCCCCCCCC(=O)OCC1CCP(=S)(O)O1,6.1
243,CHEMBL246943,CC(OC(=O)Nc1conc1c2ccc(CSCCC(=O)O)cc2)C3=C(Cl)CCCC3,6.77
244,CHEMBL246942,CC(OC(=O)Nc1conc1c2ccc(CCSCC(=O)O)cc2)c3ccccc3Cl,6.89
245,CHEMBL246735,CC(OC(=O)Nc1conc1c2ccc(NC(=O)CCC(=O)O)cc2)c3ccccc3Cl,6.85
246,CHEMBL246734,CC(OC(=O)Nc1conc1c2ccc(CCC(C)(C)CC(=O)O)cc2)c3ccccc3Cl,6.43
247,CHEMBL246527,CC(OC(=O)Nc1conc1c2ccc(CCCCC(=O)O)cc2)c3ccccc3Cl,6.7
248,CHEMBL394038,CC(OC(=O)Nc1conc1c2ccc(CS(=O)(=O)CCC(=O)O)cc2)c3ccccc3Cl,6.55
249,CHEMBL245295,CC(OC(=O)Nc1conc1c2ccc(CSCCS(=O)(=O)O)cc2)c3ccccc3Cl,6.37
251,CHEMBL246929,CC(OC(=O)Nc1conc1c2ccc(CSCCC(=O)O)cc2)c3ccccc3Cl,6.66
252,CHEMBL246928,CC(OC(=O)Nc1cnoc1c2ccc(CSCCC(=O)O)cc2)c3ccccc3Cl,6.59
253,CHEMBL247959,CC(OC(=O)Nc1conc1c2ccc(CSCCC(=O)O)cc2)C3=C(Cl)CCC3,6.89
257,CHEMBL404575,CC(OC(=O)Nc1c(C)noc1c2ccccc2)c3ccccc3,7.3
266,CHEMBL519002,OC(=O)\C=C\C(=O)Nc1cccc(NC(=O)\C=C\C(=O)O)c1,6.66
270,CHEMBL482498,OC(=O)\C=C\C(=O)Nc1ccc(Oc2cccc(Oc3ccc(NC(=O)\C=C\C(=O)O)cc3)c2)cc1,4.56
281,CHEMBL607806,Cc1ccc(Oc2ccc3C(=O)N(CC(=O)O)C(=O)c3c2)cc1,6.22
295,CHEMBL2182051,C[C@@H](OC(=O)Nc1c(nnn1C)c2ccc(cc2)C3CCC(CC(=O)O)CC3)c4ccccc4,6.66
296,CHEMBL2182046,C[C@@H](OC(=O)Nc1c(nnn1C)c2ccc(cc2)c3ccc(cc3)C4(CC4)C(=O)O)c5cccc(c5)C(F)(F)F,6.47
297,CHEMBL2182044,C[C@@H](OC(=O)Nc1c(nnn1C)c2ccc(cc2F)c3ccc(cc3)C4(CC4)C(=O)O)c5ccccc5,7.7
298,CHEMBL2182043,C[C@@H](OC(=O)Nc1c(nnn1C)c2ccc(cc2)c3ccc(cc3)C4(CC4)C(=O)O)c5ccccc5,7.7
299,CHEMBL2182042,C[C@@H](OC(=O)Nc1c(nnn1C)c2ccc(cc2)c3ccc(CC(=O)O)cc3)c4ccccc4,6.41
301,CHEMBL2182063,C[C@@H](OC(=O)Nc1c(cnn1C)c2ccc(cc2)c3ccc(cc3)C4(CC4)C(=O)O)c5ccccc5,7.7
315,CHEMBL2182049,C[C@@H](OC(=O)Nc1c(nnn1C)c2ccc(cc2)c3ccc(cc3)C4(CC4)C(=O)NS(=O)(=O)C)c5ccccc5,7.72
316,CHEMBL2182047,C[C@H](OC(=O)Nc1c(nnn1C)c2ccc(cc2)c3ccc(cc3)C4(CC4)C(=O)O)c5cccc(c5)C(F)(F)F,5.58
318,CHEMBL2182045,CC(C)[C@@H](C)OC(=O)Nc1c(nnn1C)c2ccc(cc2)c3ccc(cc3)C4(CC4)C(=O)O,7.16
322,CHEMBL2182040,C[C@@H](OC(=O)Nc1cnnn1c2ccc(cc2)c3ccc(cc3)C4(CC4)C(=O)O)c5ccccc5,7.44
323,CHEMBL2182039,CCc1nnn(c1NC(=O)O[C@H](C)c2ccccc2)c3ccc(cc3)c4ccc(cc4)C5(CC5)C(=O)O,7.38
324,CHEMBL2182038,C[C@@H](OC(=O)Nc1c(C)nnn1c2ccc(cc2)c3ccc(cc3)C4(CC4)c5nnn[nH]5)c6ccccc6,7.64
325,CHEMBL2182037,C[C@@H](OC(=O)Nc1c(C)nnn1c2ccc(cc2)c3ccc(cc3)C4(CC4)C(=O)NS(=O)(=O)C)c5ccccc5,7.5
326,CHEMBL2182036,Cc1nnn(c1NC(=O)OC(C)(C)C)c2ccc(cc2)c3ccc(cc3)C4(CC4)C(=O)O,6.01
327,CHEMBL2182035,CC(OC(=O)Nc1c(C)nnn1c2ccc(cc2)c3ccc(cc3)C4(CC4)C(=O)O)C5CCC5,6.79
328,CHEMBL2182034,CC[C@@H](C)OC(=O)Nc1c(C)nnn1c2ccc(cc2)c3ccc(cc3)C4(CC4)C(=O)O,6.4
329,CHEMBL2182033,CC(C)[C@@H](C)OC(=O)Nc1c(C)nnn1c2ccc(cc2)c3ccc(cc3)C4(CC4)C(=O)O,6.66
330,CHEMBL2182032,C[C@@H](OC(=O)Nc1c(C)nnn1c2ccc(cc2)c3ccc(cc3)C4(CC4)C(=O)O)c5cccc(c5)C(F)(F)F,6.76
331,CHEMBL2182031,C[C@@H](OC(=O)Nc1c(C)nnn1c2ccc(cc2)c3ccc(cc3)C4(CC4)C(=O)O)c5ccccc5C(F)(F)F,6.95
332,CHEMBL2182030,C[C@@H](OC(=O)Nc1c(C)nnn1c2ccc(cc2)c3ccc(cc3)C4(CC4)C(=O)O)c5ccccc5F,7.46
334,CHEMBL2182026,Cn1ncc(c1NC(=O)OC2CCC2)c3ccc(cc3)c4ccc(cc4)C5(CC5)C(=O)O,6.75
335,CHEMBL2182025,CC(C)[C@@H](C)OC(=O)Nc1c(cnn1C)c2ccc(cc2)c3ccc(cc3)C4(CC4)C(=O)O,6.98
336,CHEMBL2182024,CC[C@@H](C)OC(=O)Nc1c(cnn1C)c2ccc(cc2)c3ccc(cc3)C4(CC4)C(=O)O,7.42
337,CHEMBL2182023,C[C@@H](OC(=O)Nc1c(cnn1C)c2ccc(cc2)c3ccc(cc3)C4(CC4)C(=O)O)c5cccc(c5)C(F)(F)F,7.39
338,CHEMBL2182065,CC(OC(=O)Nc1c(cnn1C)c2ccc(cc2)c3ccc(cc3)C4(CC4)C(=O)O)c5ccc(F)cc5,7.24
339,CHEMBL2182064,C[C@@H](OC(=O)Nc1c(cnn1C)c2ccc(cc2)c3ccc(cc3)C4(CC4)C(=O)O)c5ccccc5F,7.62
341,CHEMBL2182061,C[C@@H](OC(=O)Nc1c(cnn1C)c2ccc(cc2)c3ccc(CC(=O)O)cc3)c4ccccc4,7.46
383,CHEMBL3218459,CCCCCCCCCCCCCCCCCC(=O)N[C@@H](COP(=O)(O)O)Cc1ccc(OCc2cc(OCC(F)(F)F)ccn2)cc1,7.08
384,CHEMBL3218460,CCCCCCCCCCCCCCCC(=O)N[C@H](Cc1ccc(OCc2cc(OCC(F)(F)F)ccn2)cc1)\C=C\P(=O)(O)O,6.85
418,CHEMBL3326534,COc1ccc(C(=O)\C(=N/C(C)C)\n2ncc(C#N)c2N)c(OC)c1,6.96
419,CHEMBL3326533,COc1ccc(C(=O)\C(=N/C2CCCCC2)\n3ncc(C#N)c3N)c(OC)c1,6.29
420,CHEMBL3326532,COc1cc2CCCc2cc1C(=O)\C(=N/C3CCCC3)\n4ncc(C#N)c4N,6.08
421,CHEMBL3326531,COc1cc2ccccc2cc1C(=O)\C(=N/C3CCCC3)\n4ncc(C#N)c4N,6.09
422,CHEMBL3326529,COc1cc(OC)c(cc1OC)C(=O)\C(=N/C2CCCC2)\n3ncc(C#N)c3N,5.47
423,CHEMBL3326527,COc1ccc(C(=O)\C(=N/C2CCCC2)\n3ncc(C#N)c3N)c(F)c1,7.13
424,CHEMBL3326525,Nc1c(cnn1\C(=N\C2CCCC2)\C(=O)c3ccc(Br)cc3)C#N,5.53
425,CHEMBL3326524,CCc1ccc(cc1)C(=O)\C(=N/C2CCCC2)\n3ncc(C#N)c3N,6.23
426,CHEMBL3326523,COc1ccc(C(=O)\C(=N/C2CCCC2)\n3ncc(C#N)c3N)c(OC)c1,7.1
452,CHEMBL3621353,[Na+].CCCCCCCC\C=C/CCCCCCCC(=O)OC[C@@H](O)CC(Br)P(=O)(O)[O-],6.77
453,CHEMBL3621354,[Na+].CCCCCCCCCCCCCCCC(=O)OC[C@@H](O)CC(Br)P(=O)(O)[O-],6.77
455,CHEMBL3621960,CCCCCCCC\C=C/CCCCCCCC(=O)NCCSP(=O)(O)O,6.5
457,CHEMBL3621961,CCCCCCCC\C=C/CCCCCCCCOC[C@H](COP(=S)(O)O)OC,6.1
458,CHEMBL3621962,CCCCCCCC\C=C/CCCCCCCCOC[C@@H](COP(=S)(O)O)OC,6.24
460,CHEMBL3621963,CCCCCCCC\C=C/CCCCCCCC(=O)N[C@H](COP(=O)(O)O)C(=O)c1ccc(OCc2ccccc2)cc1,5.6
462,CHEMBL3621964,CCCCCC\C=C/CCCCCCCC(=O)OC[C@@H](O)CC(Br)P(=O)(O)O,5.82
463,CHEMBL3621965,CC(OC(=O)Nc1cnoc1c2ccc(CSCC(=O)O)cc2)c3ccccc3Cl,6.89
