,molecule_chembl_id,canonical_smiles,pchembl_value
0,masoprocol,C[C@@H](CC1=CC(O)=C(O)C=C1)[C@H](C)CC1=CC(O)=C(O)C=C1,7.07
1,CHEMBL168658,CCCc1c(OCCCOc2ccc3CCC(Oc3c2CCC)C(=O)O)ccc(c1OC)c4cocn4,7.0
2,CHEMBL138174,COC(=O)CCCCCOc1cc(cc(n1)c2ccccc2)c3ccccc3,7.0
3,CHEMBL342688,Cc1ccc(cc1)c2cc(OCCCCC(C)(C)C(=O)O)nc3ccccc23,7.0
4,CHEMBL113528,[Li+].CCCCCCCCC(O)c1ccc2ccc(CCc3cccc(c3)C(=O)[O-])nc2c1,7.0
5,CHEMBL168944,CCCc1c(OCCCOc2ccc3CCC(Oc3c2CCC)C(=O)O)ccc(c1OC)c4cscn4,7.03
6,CHEMBL420576,CCc1cc(c(O)cc1OCCCOc2ccc(CCC(=O)O)cc2)c3cc[nH]n3,7.06
7,CHEMBL52,CC(Cc1ccc(O)c(O)c1)C(C)Cc2ccc(O)c(O)c2,7.07
8,CHEMBL15766,CCc1cc(C(=O)C)c(O)cc1OCCCCCC(C)(C)c2nn[nH]n2,7.07
9,CHEMBL45460,[Na+].CCc1cc(C(=O)C)c(O)cc1OCCCCCC(C)(C)c2nn[n-]n2,7.07
10,CHEMBL295799,[Na+].CCc1cc(OCCC(C)C)c(O)cc1OCCCCCC(C)(C)c2nn[n-]n2,7.08
11,CHEMBL81489,CCc1cc(c(O)cc1OCCCCCOc2ccc(cc2)C(=O)O)c3cc[nH]n3,7.09
12,CHEMBL340180,CN(CCc1ccccc1)C(=O)Cn2cc(C=O)c3cc(OCc4ccccc4)ccc23,7.1
13,CHEMBL115362,COc1ccc(CCCCCCCCOc2ccc(CSc3cccc(c3)C(=O)O)nc2\C=C\C(=O)O)cc1,7.1
14,CHEMBL264197,COc1ccc(CCCCCCCCOc2ccc(CSc3ccccc3)nc2\C=C\C(=O)O)cc1,7.13
15,CHEMBL334267,COc1ccc(CCCCCCCCOc2ccc(CSc3cccc(NC(=O)C(=O)O)c3)nc2\C=C\C(=O)O)cc1,7.14
16,CHEMBL15648,CCCc1c(OCCCOc2cc(O)c(cc2CC)C(=O)C)cccc1OCC(=O)O,7.17
17,CHEMBL367943,COc1ccc(cc1NC(=O)\C=C\c2ccc(cc2)c3ccccc3)C(=O)O,7.17
18,CHEMBL167580,CCc1cc(c(O)cc1OCCCCCC(C)(C)c2nn[nH]n2)c3cccc(c3)C(F)(F)F,7.18
19,CHEMBL166862,CCc1cc(c(O)cc1OCCCCCC(C)(C)c2nn[nH]n2)c3ccc(cc3)N(C)C,7.2
20,CHEMBL424361,CCc1cc(c(O)cc1OCCCCCC(C)(C)c2nn[nH]n2)c3cccc(C)c3,7.21
21,CHEMBL135612,CC(C)(CCCCCCOc1cc(cc(n1)c2ccccc2)c3ccccc3)C(=O)O,7.22
22,CHEMBL108415,CC(C)(CCCCCc1sccc1CCCc2ccccc2)C(=O)O,7.22
23,CHEMBL125611,CN(O)C(=O)c1cc(CC(=O)N(C)CCc2ccccc2)c3cccc(OCc4ccccc4)c3c1,7.22
24,CHEMBL111811,[Li+].CCCCCCCCC(O)CCc1cccc(CC(O)c2cccc(c2)C(=O)[O-])n1,7.22
25,CHEMBL167261,CCc1cc(c(O)cc1OCCCCCC(C)(C)c2nn[nH]n2)c3ccccc3C,7.23
26,CHEMBL309883,CCc1cc(c(O)cc1OCCCCCOc2ccc(CC(=O)O)cc2)c3cc[nH]n3,7.26
27,CHEMBL415548,CC(C)(CCCCOc1cc(cc(n1)c2ccccc2)c3ccccc3)c4nnnn4CCCCC(=O)NCCCOCCOCCOCCCNC(=O)[C@H](CS(=O)(=O)O)NC(=O)[C@H](CS(=O)(=O)O)NC(=O)[C@H](CS(=O)(=O)O)NC(=O)[C@H](CS(=O)(=O)O)NC(=O)CC[C@H](NC(=O)CN(CCN(CCN(CC(=O)O)CC(=O)O)CC(=O)O)CC(=O)O)C(=O)N[C@@H](CS(=O)(=O)O)C(=O)N[C@@H](CS(=O)(=O)O)C(=O)N[C@@H](CS(=O)(=O)O)C(=O)N[C@@H](CS(=O)(=O)O)C(=O)NCCCOCCOCCOCCCNC(=O)CCCCn5nnnc5C(C)(C)CCCCOc6cc(cc(n6)c7ccccc7)c8ccccc8,7.27
28,CHEMBL81817,CCc1cc(c(O)cc1OCCCOc2ccc(CC(=O)O)cc2)c3ccn[nH]3,7.27
29,CHEMBL325643,COc1ccc(CCCCCCCCOc2ccc(CS(=O)(=O)Cc3cccc(c3)C(=O)O)nc2\C=C\C(=O)O)cc1,7.28
30,CHEMBL47716,[Na+].CCc1cc(OC(C)C)c(O)cc1OCCCCCC(C)(C)c2nn[n-]n2,7.28
31,CHEMBL136243,C(CCOc1cc(cc(n1)c2ccccc2)c3ccccc3)CCn4cnnn4,7.3
32,CHEMBL138380,CC(C)(CCCCCOc1cc(cc(n1)c2ccccc2)c3ccccc3)C(=O)O,7.3
33,CHEMBL137248,CC(C)(CCCCOc1cc(c2ccc(Cl)cc2)c3ccccc3n1)c4nnn[nH]4,7.3
34,CHEMBL124717,CN(CCc1ccccc1)C(=O)Cc2cccc(\C=C\C(=O)O)c2,7.3
35,CHEMBL137594,OC(=O)CCCCCOc1cc(cc(n1)c2ccccc2)c3ccc(cc3)[N+](=O)[O-],7.3
36,CHEMBL137201,OC(=O)CCCCOc1cc(cc(n1)c2ccccc2)c3ccccc3,7.3
37,CHEMBL1788228,[Li+].CCCCCCCC[C@@H](O)c1ccc2ccc(CCc3cccc(c3)C(=O)[O-])nc2c1,7.3
38,CHEMBL60881,[Na+].[Na+].[Na+].CCc1cc(C(=O)C)c([O-])cc1OCCCOc2ccc(cc2CCC(=O)[O-])C(=O)c3cccc(c3)C(=O)[O-],7.34
39,CHEMBL49210,COc1ccc(\C=C\CCCCOc2ccc3C(=O)c4cc(ccc4Oc3c2CCC(=O)O)C(=O)O)cc1,7.35
40,CHEMBL136991,Nc1ccc(cc1)c2cc(OCCCCCC(=O)O)nc(c2)c3ccccc3,7.35
41,CHEMBL384950,[Na+].CC(C)(CCCCOc1cc(cc(n1)c2ccccc2)c3ccccc3)c4nnnn4CCCCC(=O)NCCCOCCOCCOCCCNC(=O)c5ccc(N\N=C\c6ccccc6S(=O)(=O)[O-])nc5,7.35
42,CHEMBL288758,CCCCCCCCCCOc1ccc2C(=O)c3cc(ccc3Oc2c1CCC(=O)O)C(=O)O,7.37
43,CHEMBL14823,CCCc1c(OCCCOc2ccc3CCC(Oc3c2CCC)C(=O)O)ccc(C(=O)C)c1OC,7.37
44,CHEMBL112135,Nc1cccc(SCc2ccc(OCCCCCCCCc3ccc(cc3)C(F)(F)F)c(\C=C\C(=O)O)n2)c1,7.37
45,CHEMBL139254,CCCc1c(OCCCOc2cc(O)c(cc2CC)c3ccc(F)cc3)cccc1Sc4ccccc4C(=O)O,7.38
46,CHEMBL99099,CCCc1c(OCCCOc2ccc(c(OC)c2CC3CC3)c4cscn4)ccc5CCC(Oc15)C(=O)O,7.38
47,CHEMBL15817,CCCc1cc(OCCCOc2ccc(C(=O)C)c(OC)c2CCC)cc3CCC(Oc13)C(=O)O,7.38
48,CHEMBL47726,[Na+].CCc1cc(OC2CCCC2)c(O)cc1OCCCCCC(C)(C)c3nn[n-]n3,7.38
49,CHEMBL134697,CC(C)(CCCCOc1cc(c2ccc(N)cc2)c3ccccc3n1)C(=O)O,7.4
50,CHEMBL137494,CC(CCCCOc1cc(cc(n1)c2ccccc2)c3ccc(Cl)cc3)C(=O)O,7.4
51,CHEMBL136960,CC(CCCCOc1cc(cc(n1)c2ccccc2)c3cccc(Cl)c3)C(=O)O,7.4
52,CHEMBL90788,CCCc1c(OCCCOc2cc(O)c(cc2CC)C(=O)C)ccc3CCC(Oc13)C(=O)O,7.4
53,CHEMBL169055,CN(C)C(=O)CC1(O)CCCC(C1)\C=C\C(O)CCCCc2ccccc2,7.4
54,CHEMBL15559,[Na+].CCCc1c(OCCCOc2cc(O)c(cc2CC)C(=O)C)ccc3CCC(Oc13)C(=O)[O-],7.4
55,CHEMBL292783,CCc1cc(c(O)cc1OCCCOc2cc(Oc3ccc(cc3)C(=O)O)ccc2CCC(=O)O)c4ccc(F)cc4,7.41
56,CHEMBL167972,CCc1cc(c(O)cc1OCCCCCC(C)(C)c2nn[nH]n2)c3ccc(OC)cc3,7.42
57,CHEMBL112804,COc1ccc(CCCCCCCCOc2ccc(C[S+]([O-])c3ccccc3)nc2\C=C\C(=O)O)cc1,7.43
58,CHEMBL15295,CCCc1c(OCCCOc2cc(O)c(cc2CC)C(=O)C)cccc1OC(CC)C(=O)O,7.44
59,CHEMBL139799,CCCc1c(OCCCOc2cc(O)c(cc2CC)c3ccc(F)cc3)cccc1S(=O)(=O)c4ccccc4C(=O)O,7.44
60,CHEMBL129463,CCc1cc(c(O)cc1OCCCOc2ccc3C(=O)c4ccccc4Oc3c2CCC(=O)O)c5ccc(F)cc5,7.44
61,CHEMBL114290,COc1ccc(CCCCCCCCOc2ccc(CS(=O)(=O)c3cccc(N)c3)nc2\C=C\C(=O)O)cc1,7.44
62,CHEMBL112176,Nc1cccc(SCc2ccc(OCCCCCCCCc3ccccc3)c(\C=C\C(=O)O)n2)c1,7.44
63,CHEMBL168011,CCc1cc(c(O)cc1OCCCCCC(C)(C)c2nn[nH]n2)c3ccc(C)cc3,7.47
64,CHEMBL112808,COc1ccc(CCCCCCCCOc2ccc(CSc3cccc(N)c3)nc2\C=C\C(=O)O)cc1,7.47
65,CHEMBL139115,CCCc1c(OCCCOc2cc(O)c(cc2CC)c3ccc(F)cc3)cccc1C(=O)c4ccccc4C(=O)O,7.48
66,CHEMBL58794,[Na+].CCCCCCc1cc(CC)c(OCCCCCC(C)(C)c2nn[n-]n2)cc1O,7.48
67,CHEMBL65061,CCCCC\C=C/C[C@@H](O)\C=C\C=C\C=C/[C@@H](O)CCCC(=O)O,7.5
68,CHEMBL47725,[Na+].CCc1cc(OCc2ccc(F)cc2)c(O)cc1OCCCCCC(C)(C)c3nn[n-]n3,7.51
69,CHEMBL135671,CC(C)(CCCCOc1cc(cc(n1)c2ccccc2)c3ccccc3)C(=O)O,7.52
70,CHEMBL137089,CC(CCCCOc1cc(cc(n1)c2ccccc2)c3ccc(C)cc3)C(=O)O,7.52
71,CHEMBL137247,CC(CCCCOc1cc(cc(n1)c2ccccc2)c3ccc(N)cc3)C(=O)O,7.52
72,CHEMBL137581,CC(CCCCOc1cc(cc(n1)c2ccccc2)c3ccccc3)C(=O)O,7.52
73,CHEMBL135431,CN(C)c1ccc(cc1)c2cc(OCCCCCC(=O)O)nc(c2)c3ccccc3,7.52
74,CHEMBL318809,Cc1c(C)c2nc(NCc3ccc(cc3)S(=O)(=O)N)sc2c(C)c1O,7.52
75,CHEMBL137168,OC(=O)CCCCCOc1cc(c2ccc(Cl)cc2)c3ccccc3n1,7.52
76,CHEMBL137801,OC(=O)CCCCCOc1cc(cc(n1)c2ccc(F)cc2)c3ccccc3,7.52
77,CHEMBL137504,OC(=O)CCCCCOc1cc(cc(n1)c2ccccc2)c3ccccc3,7.52
78,CHEMBL136094,OC(=O)CCCCCOc1cc(cc(n1)c2ccccc2)c3ccccc3F,7.52
79,CHEMBL81503,CCc1cc(c(O)cc1OCCCCCOc2ccc(CCC(=O)O)cc2)c3cc[nH]n3,7.55
80,CHEMBL115040,COc1ccc(CCCCOc2ccc(CSCc3cccc(c3)C(=O)O)nc2CCC(=O)O)cc1,7.55
81,CHEMBL436047,CCCc1c(OCCCOc2ccc3CCC(CCC(=O)O)Oc3c2CCC)ccc(c1OC)c4cscn4,7.59
82,CHEMBL138954,CCCc1c(Cc2ccccc2C(=O)O)cccc1OCCCOc3cc(O)c(cc3CC)c4ccc(F)cc4,7.6
83,CHEMBL329123,CCCc1c(OCCCOc2cc(O)c(cc2CC)c3ccc(F)cc3)cccc1Oc4ccccc4C(=O)O,7.6
84,CHEMBL355503,CCCc1c(OCCCOc2ccc(c(OC)c2CC=C)c3cscn3)ccc4CCC(Oc14)C(=O)O,7.6
85,CHEMBL135434,OC(=O)CCCCCCOc1cc(cc(n1)c2ccccc2)c3ccccc3,7.6
86,CHEMBL46820,[Na+].CCc1cc(OC)c(O)cc1OCCCCCC(C)(C)c2nn[n-]n2,7.6
87,CHEMBL15299,CCCc1c(OCCCOc2cc(O)c(cc2CC)C(=O)C)cccc1OC(C)C(=O)O,7.64
88,CHEMBL416259,[Na+].CCCCCOc1cc(CC)c(OCCCCCC(C)(C)c2nn[n-]n2)cc1O,7.65
89,CHEMBL136955,CC(C)Nc1ccc(cc1)c2cc(OCCCCCC(=O)O)nc(c2)c3ccccc3,7.66
90,CHEMBL129272,CCc1cc(c(O)cc1OCCCOc2ccc3C(=O)c4ccccc4Oc3c2CCC(=O)O)c5ccccc5,7.66
91,CHEMBL167850,CCc1cc(c(O)cc1OCCCCCC(C)(C)c2nn[nH]n2)c3ccc(Cl)cc3,7.69
92,CHEMBL137330,CC(C)(CCCCOc1cc(cc(n1)c2ccccc2)c3ccc4OCOc4c3)C(=O)O,7.7
93,CHEMBL380555,CC(C)(CCCCOc1cc(cc(n1)c2ccccc2)c3ccccc3)c4nnn[nH]4,7.7
94,CHEMBL337563,CC(CCCCOc1cc(cc(n1)c2ccccc2)c3ccccc3)n4cnnn4,7.7
95,CHEMBL344230,CC(CCCCOc1cc(cc(n1)c2ccccc2F)c3ccccc3)C(=O)O,7.75
96,CHEMBL62051,[Na+].CCc1cc(CC)c(OCCCCCC(C)(C)c2nn[n-]n2)cc1O,7.77
97,CHEMBL424779,COc1ccc(cc1NC(=O)\C=C\c2ccc(cc2)c3ccccc3)c4nn[nH]n4,7.78
98,CHEMBL167923,CCc1cc(c(O)cc1OCCCCCC(C)(C)c2nn[nH]n2)c3cccc(OC)c3,7.79
99,CHEMBL406432,CC(C)(CCCCOc1cc(cc(n1)c2ccccc2)c3ccccc3)c4nnnn4CCCCC(=O)NCCCOCCOCCOCCCNC(=O)[C@H](CS(=O)(=O)O)NC(=O)[C@H](CS(=O)(=O)O)NC(=O)[C@H](CS(=O)(=O)O)NC(=O)[C@H](CS(=O)(=O)O)NC(=O)c5ccc(N\N=C\c6ccccc6)nc5,7.8
100,CHEMBL175073,COc1ccc(cc1NC(=O)\C=C(/C)\c2ccc(cc2)c3ccccc3)C(=O)O,7.8
101,CHEMBL435665,CCCc1c(OCCCOc2ccc(c(OC)c2CC3CC3)c4cscn4)ccc5C(Oc15)C(=O)O,7.81
102,CHEMBL112707,OC(=O)\C=C\c1nc(CSCc2cccc(c2)C(=O)O)ccc1OCCCCCCCCc3ccccc3,7.81
103,CHEMBL137497,CC(C)(CCCCOc1cc(c2ccc(Cl)cc2)c3ccccc3n1)C(=O)O,7.82
104,CHEMBL419948,CCCc1c(OCCCOc2ccc(C(=O)NC)c(OC)c2CC3CC3)ccc4CC[C@@H](CCC(=O)O)Oc14,7.84
105,CHEMBL112737,Nc1cccc(c1)[S+]([O-])Cc2ccc(OCCCCCCCCc3ccc(cc3)C(F)(F)F)c(\C=C\C(=O)O)n2,7.85
106,CHEMBL60617,[Na+].CCCc1cc(CC)c(OCCCCCC(C)(C)c2nn[n-]n2)cc1O,7.85
107,CHEMBL48667,[Na+].CCOc1cc(CC)c(OCCCCCC(C)(C)c2nn[n-]n2)cc1O,7.85
108,CHEMBL49302,COc1ccc(\C=C\CCCCOc2ccc(cc2CCC(=O)O)C(=O)c3cccc(c3)C(=O)O)cc1,7.88
109,CHEMBL172168,CCCc1c(OCCCOc2ccc(c(OC)c2CC3CC3)c4cscn4)ccc5CCC(CCC(=O)O)Oc15,7.91
110,CHEMBL137074,CC(CCCCOc1cc(cc(n1)c2ccccc2Cl)c3ccc4OCOc4c3)C(=O)O,7.92
111,CHEMBL310870,CCc1cc(c(O)cc1OCCCOc2ccccc2CC(=O)O)c3cc[nH]n3,7.92
112,CHEMBL326909,Nc1cccc(c1)[S+]([O-])Cc2ccc(OCCCCCCCCc3ccc(F)cc3)c(\C=C\C(=O)O)n2,7.92
113,CHEMBL127341,OC(=O)\C=C\c1nc(CSc2c(Cl)cccc2Cl)ccc1OCc3ccc(F)cc3,7.92
114,CHEMBL328492,CCCc1c(OCCCOc2ccc(C(=O)NC)c(OC)c2CC3CC3)ccc4CCC(CCC(=O)O)Oc14,7.96
115,CHEMBL78605,CCc1cc(c(O)cc1OCCCOc2cccc(CC(=O)O)c2)c3cc[nH]n3,7.96
116,CHEMBL137531,COc1ccc(cc1)c2cc(OCCCCC(C)C(=O)O)nc(c2)c3ccccc3,7.96
117,CHEMBL112018,Nc1cccc(c1)[S+]([O-])Cc2ccc(OCCCCCCCCc3ccccc3)c(\C=C\C(=O)O)n2,7.96
118,CHEMBL305560,[Na+].CCCCc1cc(CC)c(OCCCCCC(C)(C)c2nn[n-]n2)cc1O,7.97
119,CHEMBL136805,COc1ccc(cc1)c2cc(OCCCCC(C)(C)C(=O)O)nc3ccccc23,8.0
120,CHEMBL137303,OC(=O)CCCCCOc1cc(cc(n1)c2ccccc2)c3ccc(cc3)C(F)(F)F,8.0
121,CHEMBL326397,[Li+].CCCCCCCCC(O)c1ccc2ccc(CC(O)c3cccc(c3)C(=O)[O-])nc2c1,8.0
122,CHEMBL137104,CC(C)(CCCCOc1cc(cc(n1)c2ccccc2)c3ccc(N)cc3)C(=O)O,8.02
123,CHEMBL312483,CCc1cc(c(O)cc1OCCCCCC(C)(C)c2nnn[nH]2)c3ccn(C)n3,8.03
124,CHEMBL112972,COc1ccc(CCCCOc2ccc(CSCc3cccc(c3)C(=O)O)nc2\C=C\C(=O)O)cc1,8.04
125,CHEMBL167669,CCCc1c(OCCCOc2ccc(C(=O)NC)c(OC)c2CC3CC3)ccc4CC[C@H](CCC(=O)O)Oc14,8.07
126,CHEMBL51770,O[C@@H]1[C@@H](Cc2ccc(cc2)c3ccccc3)COc4cc(ccc14)C5(CCCC5)C(=O)O,8.08
127,CHEMBL412510,CC(C)(CCCCOc1cc(cc(n1)c2ccccc2)c3ccccc3)c4nnnn4CCCCC(=O)NCCCOCCOCCOCCCNC(=O)[C@H](CS(=O)(=O)O)NC(=O)[C@H](CS(=O)(=O)O)NC(=O)[C@H](CS(=O)(=O)O)NC(=O)[C@H](CS(=O)(=O)O)NC(=O)CC[C@H](N)C(=O)N[C@@H](CS(=O)(=O)O)C(=O)N[C@@H](CS(=O)(=O)O)C(=O)N[C@@H](CS(=O)(=O)O)C(=O)N[C@@H](CS(=O)(=O)O)C(=O)NCCCOCCOCCOCCCNC(=O)CCCCn5nnnc5C(C)(C)CCCCOc6cc(cc(n6)c7ccccc7)c8ccccc8,8.1
128,CHEMBL325773,COc1ccc(CCCCCCCCOc2ccc(CSCc3cccc(c3)C(=O)O)nc2CCC(=O)O)cc1,8.1
129,CHEMBL422598,COc1ccc(CCCCCCCCOc2ccc(CSCc3cccc(c3)C(=O)O)nc2\C=C\C(=O)O)cc1,8.15
130,CHEMBL126463,COc1cc(ccc1OCCCCOc2ccc3c(N)noc3c2)C(=O)N(C(C)C)C(C)C,8.16
131,CHEMBL137336,COc1cccc(c1)c2cc(OCCCCC(C)C(=O)O)nc(c2)c3ccccc3,8.16
132,CHEMBL137341,CC(CCCCOc1cc(cc(n1)c2ccccc2)c3ccc4OCOc4c3)C(=O)O,8.18
133,CHEMBL407983,CCc1cc(c(O)cc1OCCCCCC(C)(C)c2nnn[nH]2)c3cc[nH]n3,8.19
134,CHEMBL342416,CC(CCCCOc1cc(cc(n1)c2ccccc2Cl)c3ccccc3)C(=O)O,8.22
135,CHEMBL137759,OC(=O)CCCCCOc1cc(cc(n1)c2ccccc2)c3ccc4OCOc4c3,8.22
136,CHEMBL139969,CCCc1c(OCCCOc2cc(O)c(cc2CC)c3ccc(F)cc3)cccc1[S+]([O-])c4ccccc4C(=O)O,8.23
137,CHEMBL79991,CCc1cc(c(O)cc1OCCCOc2cccc(CCC(=O)O)c2)c3cc[nH]n3,8.24
138,CHEMBL325637,COc1ccc(CCCCCCCCOc2ccc(CSCc3ccc(cc3)C(=O)O)nc2\C=C\C(=O)O)cc1,8.24
139,CHEMBL167474,CCCc1c(OCCCOc2ccc(C(=O)NC)c(OC)c2CC3CC3)ccc4CCC(Oc14)C(=O)O,8.28
140,CHEMBL354553,CCCc1c(OCCCOc2ccc3CCC(Oc3c2CCC)C(=O)O)ccc(c1OC)c4c[nH]nn4,8.28
141,CHEMBL137472,CNc1ccc(cc1)c2cc(OCCCCCC(=O)O)nc(c2)c3ccccc3,8.3
142,CHEMBL115658,OC(=O)\C=C\c1nc(CSCc2cccc(c2)C(=O)O)ccc1OCCCCc3ccccc3,8.32
143,CHEMBL353378,CCc1cc(c(O)cc1OCCCCCC(C)(C)c2nn[nH]n2)c3cccc(F)c3,8.33
144,CHEMBL328712,CN(CCc1ccccc1)C(=O)Cc2cc(cc3c(OCc4ccccc4)cccc23)C(=O)O,8.33
145,CHEMBL112338,COc1ccc(CCCCCCCCOc2ccc(C[S+]([O-])c3cccc(N)c3)nc2\C=C\C(=O)O)cc1,8.33
146,CHEMBL81401,CCCc1c(OCCCOc2cc(O)c(cc2CC)c3cc[nH]n3)ccc4CCC(Oc14)C(=O)O,8.35
147,CHEMBL416277,CCCc1c(OCCCOc2cc(O)c(OCC)cc2CC)ccc3CCC(Oc13)C(=O)O,8.38
148,CHEMBL88337,CCc1cc(C(=O)C)c(O)cc1OCCCOc2ccc3C(=O)c4cc(ccc4Oc3c2CCC(=O)O)C(=O)O,8.4
149,CHEMBL89326,COc1cc(ccc1OCCCCCOc2ccc(cc2)C(=N)N)C(=O)N(C(C)C)C(C)C,8.4
150,CHEMBL422420,COc1ccc(\C=C\CCCCOc2cccc(OCCCCC(=O)O)c2CCC(=O)O)cc1,8.4
151,CHEMBL292768,[Na+].[Na+].[Na+].CCc1cc(C(=O)C)c([O-])cc1OCCCOc2ccc3C(=O)c4cc(ccc4Oc3c2CCC(=O)[O-])C(=O)[O-],8.4
152,CHEMBL435273,CCc1cc(c(O)cc1OCCCCCC(C)(C)c2nn[nH]n2)c3ccccc3,8.46
153,CHEMBL58495,CCCc1c(OCCCOc2ccc(c(COC)c2CC3CC3)c4cscn4)ccc5CC[C@@H](Oc15)C(=O)O,8.5
154,CHEMBL167520,CCc1cc(c(O)cc1OCCCCCC(C)(C)c2nn[nH]n2)c3ccc(F)cc3,8.52
155,CHEMBL113288,[Li+].CCCCOc1cccc(c1)C(O)\C=C\c2cccc(CC(O)c3cccc(c3)C(=O)[O-])n2,8.52
156,CHEMBL294987,CCCc1c(OCCCOc2cc(O)c(OC)cc2CC)ccc3CCC(Oc13)C(=O)O,8.54
157,CHEMBL123862,COc1ccc(CCCCOc2ccc(CSc3ccccc3)nc2\C=C\C(=O)O)cc1,8.55
158,CHEMBL166699,CCCc1c(OCCCOc2ccc3CCC(Oc3c2CCC)C(=O)O)ccc(C(=O)N)c1OC,8.62
159,CHEMBL337995,COc1ccc(CCCCOc2ccc(CSc3c(Cl)cccc3Cl)nc2\C=C\C(=O)O)cc1,8.82
160,CHEMBL123722,OC(=O)\C=C\c1nc(CSc2c(Cl)cccc2Cl)ccc1OCCc3ccc(F)cc3,8.82
161,CHEMBL126976,OC(=O)\C=C\c1nc(CSc2c(Cl)cccc2Cl)ccc1OCCCc3ccccc3,8.85
162,CHEMBL127376,OC(=O)\C=C\c1nc(CSc2c(Cl)cccc2Cl)ccc1OCCc3ccc(Cl)cc3,8.89
163,CHEMBL127913,COc1ccc(CCOc2ccc(CSc3c(Cl)cccc3Cl)nc2\C=C\C(=O)O)cc1,8.92
164,CHEMBL62265,CCc1cc(c(O)cc1OCCCOc2ccc(cc2CCC(=O)O)C#CCCC(=O)O)c3ccc(F)cc3,8.96
165,CHEMBL262231,CCc1cc(c(O)cc1OCCCOc2cccc(Oc3ccc(cc3)C(=O)O)c2CCC(=O)O)c4ccc(F)cc4,8.96
166,CHEMBL112487,CCCCCCCCC(O)\C=C\c1cccc(CC(O)c2cccc(c2)C(=O)O)n1,9.0
167,CHEMBL95453,CCCc1c(OCCCCCCc2cccc(OCCCCC(=O)O)c2CCC(=O)O)ccc3C(=O)CCOc13,9.0
168,CHEMBL86900,CCCc1c(OCCCCCCc2cccc(OCCCCCC(=O)O)c2CCC(=O)O)ccc3C(=O)CCOc13,9.0
169,CHEMBL112520,[Li+].CCCCCCCCC(O)\C=C\c1cccc(CC(O)c2cccc(c2)C(=O)[O-])n1,9.0
170,CHEMBL167804,CCCc1c(OCCCOc2ccc3CCC(Oc3c2CCC)C(=O)O)ccc(C(=O)NC)c1OC,9.07
171,CHEMBL90214,OC(=O)\C=C\c1nc(CSc2c(Cl)cccc2Cl)ccc1OCCc3ccccc3,9.1
172,CHEMBL340460,CCc1cc(c(O)cc1OCCCOc2ccc3C(=O)c4cc(ccc4Oc3c2CCC(=O)O)C(=O)O)c5ccccc5,9.24
173,CHEMBL292782,CCc1cc(c(O)cc1OCCCOc2ccc3C(=O)c4cc(ccc4Oc3c2CCC(=O)O)C(=O)O)c5ccc(F)cc5,9.33
174,CHEMBL167350,CCCc1c(OCCCOc2ccc3CCC(Oc3c2CCC)C(=O)O)ccc(C(=O)N(C)C)c1OC,9.82
175,CHEMBL422388,CCCc1c(OCCCOc2ccc3CCC(Oc3c2CCC)C(=O)O)ccc(C(=O)NC(C)C)c1OC,10.0
211,CHEMBL320258,Cc1cc(CCCCCCC(=O)O)c(CCCc2ccccc2)s1,6.16
212,CHEMBL109016,OC(=O)CCCCCc1sccc1CCCc2ccccc2,5.35
213,CHEMBL326000,COc1ccc(CCCc2sccc2CCCCCCC(=O)O)cc1,5.52
214,CHEMBL53967,CCCCC\C=C/C[C@@H](C)\C=C\C=C\C=C\[C@@H](O)CCCC(=O)O,5.42
216,CHEMBL322985,CC(C)(CCCCCc1cc(sc1CCCc2ccccc2)c3ccccc3)C(=O)O,5.92
217,CHEMBL107781,OC(=O)CCCCCCc1csc(CCCc2ccc(O)cc2)c1,5.3
218,CHEMBL107760,OC(=O)CCCCCCc1ccsc1CCCc2ccc(Cl)cc2,6.0
221,CHEMBL109129,Cc1cc(CCCc2ccccc2)c(SCCCCCC(=O)O)s1,5.52
223,CHEMBL110767,CC(CCCCCc1sccc1CCCc2ccccc2)C(=O)O,6.96
225,CHEMBL110402,OC(=O)CCCCCCc1ccsc1CCCc2ccccc2,6.0
227,CHEMBL108094,OC(=O)CCCCc1sccc1CCCc2ccccc2,5.46
228,CHEMBL106055,OC(=O)CCCCCCc1csc(CCc2ccccc2)c1,5.0
230,CHEMBL109015,OC(=O)CCCCCCc1csc(CCCc2ccc(Cl)cc2)c1,6.0
231,CHEMBL110707,OC(=O)CCCCCCc1sc(cc1CCCc2ccccc2)c3ccccc3,6.0
232,CHEMBL326650,CC(CCCCCc1sc(C)cc1CCCc2ccccc2)C(=O)O,6.52
234,CHEMBL110243,Cc1cc(CCCc2ccccc2)c(CCCCCC(C)(C)C(=O)O)s1,6.7
237,CHEMBL109128,OC(CCCCCC(=O)O)c1sccc1CCCc2ccccc2,5.22
239,CHEMBL322290,OC(=O)CCCCCCc1csc(Cc2ccccc2)c1,5.0
240,CHEMBL265563,CC(CCCCCc1cc(C)sc1CCCc2ccccc2)C(=O)O,6.52
242,CHEMBL109176,OC(=O)CCCCCCc1sccc1CCCc2ccccc2,6.0
244,CHEMBL430520,CC(C)(CCCCCc1sc(cc1CCCc2ccccc2)c3ccccc3)C(=O)O,6.1
246,CHEMBL110708,Cc1cc(CCCc2ccccc2)c(CCCCCCC(=O)O)s1,5.82
265,CHEMBL326192,COc1ccc(CCCCCCCCOc2ccc(C[S+]([O-])c3cccc(c3)C(=O)O)nc2\C=C\C(=O)O)cc1,6.78
268,CHEMBL58534,[Na+].[Na+].CCc1cc(C(=O)C)c([O-])cc1OCCCOc2ccc3C(=O)c4cc(ccc4Oc3c2)C(=O)[O-],6.72
276,CHEMBL112169,COc1ccc(CCCCCCCCOc2ccc(C[S+]([O-])Cc3cccc(c3)C(=O)O)nc2\C=C\C(=O)O)cc1,6.62
289,CHEMBL113146,COc1ccc(CCCCCCCCOc2ccc(C[S+]([O-])Cc3ccc(cc3)C(=O)O)nc2\C=C\C(=O)O)cc1,6.79
291,CHEMBL420488,COc1ccc(CCCCCCCCOc2ccc(CSCc3ccccc3C(=O)O)nc2\C=C\C(=O)O)cc1,6.95
302,CHEMBL112309,Cn1c(N)nc(Cc2ccc(CCCCO)cc2)c1Cc3ccccc3,5.62
349,CHEMBL116278,Nc1nc(Cc2ccccc2)c(Cc3ccccc3)[nH]1,5.05
358,CHEMBL115679,COc1cccc(Cc2nc(N)n(C)c2Cc3ccccc3)c1,4.57
359,CHEMBL111825,Cn1c(N)nc(Cc2ccc3OCOc3c2)c1Cc4ccc5OCOc5c4,5.46
360,CHEMBL111872,Cn1c(N)nc(Cc2ccccc2)c1Cc3ccccc3,4.72
379,CHEMBL121748,CN(CCc1ccccc1)C(=O)Cc2ccc(OCc3ccccc3)cc2,6.05
390,CHEMBL78859,CCCc1c(OCCCOc2cc(O)c(cc2CC)C(=O)\C=C\N(C)C)ccc3CCC(Oc13)C(=O)O,6.5
394,CHEMBL78966,CCc1cc(c(O)cc1OCCCCCC(C)(C)c2nnn[nH]2)c3ccnn3C,6.97
409,CHEMBL79233,CCCc1c(CCC(=O)O)cccc1OCCCOc2cc(O)c(cc2CC)c3cc[nH]n3,6.08
410,CHEMBL432363,CCCc1ccc(CCC(=O)O)cc1OCCCOc2cc(O)c(cc2CC)c3cc[nH]n3,6.13
427,CHEMBL49209,CCCCCCCCCCOc1ccc2C(=O)c3cccc(C(=O)O)c3Oc2c1CCC(=O)O,5.68
433,CHEMBL296869,CCCCCCCCCCOc1cc2Oc3ccc(cc3C(=O)c2cc1CCC(=O)O)C(=O)O,6.08
435,CHEMBL48068,CCCCCCCCCCOc1ccc(cc1CCC(=O)O)C(=O)c2cccc(c2)C(=O)O,6.68
437,CHEMBL297501,CCCCCCCCCCOc1cc2Oc3c(cccc3C(=O)c2cc1CCC(=O)O)C(=O)O,5.75
445,CHEMBL313923,CCCCCCCCCCOc1ccc(CC(O)c2cccc(c2)C(=O)O)nc1\C=C\C(=O)O,6.55
446,CHEMBL169446,CCCc1c(OCCCOc2ccc3CCC(Oc3c2CCC)C(=O)O)ccc(c1OC)c4coc(C)n4,5.96
452,CHEMBL169120,CCCc1c(OCCCOc2ccc3CCC(Oc3c2CCC)C(=O)O)ccc(c1OC)c4csc(N)n4,6.5
454,CHEMBL169835,CCCc1c(OCCCOc2ccc3CCC(Oc3c2CCC)C(=O)O)ccc(c1OC)c4csc(OC)n4,5.94
457,CHEMBL171780,CCCc1c(OCCCOc2ccc3CCC(Oc3c2CCC)C(=O)O)ccc(c1OC)c4csc(SC)n4,5.55
461,CHEMBL368540,CCCc1c(OCCCOc2ccc3CCC(Oc3c2CCC)C(=O)O)ccc(c1OC)c4c[nH]c(SCc5ccccc5)n4,6.13
462,CHEMBL169683,CCCc1c(OCCCOc2ccc3CCC(Oc3c2CCC)C(=O)O)ccc(c1OC)c4cc[nH]n4,6.22
463,CHEMBL172628,CCCc1c(OCCCOc2ccc3CCC(Oc3c2CCC)C(=O)O)ccc(c1OC)c4oncc4,6.11
468,CHEMBL169722,CCCc1c(OCCCOc2ccc3CCC(Oc3c2CCC)C(=O)O)ccc(c1OC)c4csc(S)n4,6.05
471,CHEMBL352863,CCCc1c(OCCCOc2ccc3CCC(Oc3c2CCC)C(=O)O)ccc(c1OC)c4c[nH]cn4,6.28
472,CHEMBL169246,CCCc1c(OCCCOc2ccc3CCC(Oc3c2CCC)C(=O)O)ccc(c1OC)c4csc(SCc5ccccc5)n4,5.24
483,CHEMBL171666,CC(Oc1ccc2[C@@H](O)[C@@H](Cc3ccccn3)COc2c1)c4ccc5ccccc5n4,5.48
490,CHEMBL169743,O[C@H]1[C@@H](Cc2cccnc2)COc3cc(OCc4ccc5ccccc5n4)ccc13,4.42
491,CHEMBL169639,C[C@H](Oc1ccc2[C@@H](O)[C@H](Cc3cccnc3)COc2c1)c4ccc5ccccc5n4,5.72
510,CHEMBL414462,O[C@H]1[C@H](Cc2cccnc2)COc3ccc(OCc4ccc5ccccc5n4)cc13,4.8
523,CHEMBL170226,O[C@H]1[C@H](Cc2cccnc2)COc3cc(OCc4ccc5ccccc5n4)ccc13,4.41
528,CHEMBL282524,O[C@H]1[C@@H](Cc2cccnc2)COc3ccc(OCc4ccc5ccccc5n4)cc13,4.42
534,CHEMBL352814,CC(Oc1ccc2[C@@H](O)[C@@H](Cc3cccnc3)COc2c1)c4ccc5ccccc5n4,5.28
552,CHEMBL172457,C[C@@H](Oc1ccc2[C@@H](O)[C@H](Cc3cccnc3)COc2c1)c4ccc5ccccc5n4,6.48
572,CHEMBL168854,CC(Oc1ccc2[C@@H](O)[C@H](Cc3ccccn3)COc2c1)c4ccc5ccccc5n4,6.62
592,CHEMBL113167,COc1ccc(CCCCCCCCOc2ccc(C[S+]([O-])c3cccc(OC)c3)nc2\C=C\C(=O)O)cc1,6.64
593,CHEMBL110797,COc1ccc(CCCCCCCCOc2ccc(COc3cccc(c3)C(=O)O)[n+]([O-])c2\C=C\C(=O)O)cc1,6.82
594,CHEMBL115437,COc1ccc(CCCCCCOc2ccc(CC(O)c3cccc(c3)C(=O)O)nc2\C=C\C(=O)O)cc1,6.78
601,CHEMBL324478,COc1ccc(CCCCCCCCOc2ccc(C[S+]([O-])c3cccc(c3)N(C)C)nc2\C=C\C(=O)O)cc1,6.61
602,CHEMBL325615,CCCCCCCCCCOc1ccc(CC(O)c2cccc(c2)C(=O)O)nc1CCC(=O)O,6.37
603,CHEMBL112310,CCCCCCCCCCCCOc1ccc(COc2cccc(c2)C(=O)O)nc1\C=C\C(=O)O,5.95
604,CHEMBL321261,COc1ccc(CCCCCCCCOc2ccc(C[S+]([O-])c3cccc(NS(=O)(=O)c4ccccc4)c3)nc2\C=C\C(=O)O)cc1,6.83
621,CHEMBL116101,COc1ccc(CCCCCCCCOc2ccc(CSc3cccc(NS(=O)(=O)C(F)(F)F)c3)nc2\C=C\C(=O)O)cc1,6.55
625,CHEMBL111908,CCCCCCCCCCCCOc1ccc(C[S+]([O-])c2cccc(c2)C(=O)O)nc1\C=C\C(=O)O,6.89
627,CHEMBL325423,CCCCCCCCCCCCOc1ccc(CS(=O)(=O)c2cccc(c2)C(=O)O)nc1\C=C\C(=O)O,6.83
633,CHEMBL112088,COc1ccc(CCCCCCCCOc2ccc(CSc3cccc(OC)c3)nc2\C=C\C(=O)O)cc1,6.72
636,CHEMBL112455,COc1ccc(CCCCCCCCOc2ccc(CSc3cccc(c3)N(C)C)nc2\C=C\C(=O)O)cc1,6.1
642,CHEMBL326779,CCCCCCCCCCCCOc1ccc(C[S+]([O-])c2ccccc2C(=O)O)nc1\C=C\C(=O)O,6.32
643,CHEMBL112544,CCCCCCCCCCCCOc1ccc(COc2cccc(c2)C(=O)O)[n+]([O-])c1\C=C\C(=O)O,6.47
644,CHEMBL111969,CCCCCCCCCCCCOc1ccc(C[S+]([O-])c2ccc(cc2)C(=O)O)nc1\C=C\C(=O)O,6.6
648,CHEMBL111723,COc1ccc(CCCCCCCCOc2ccc(CS(=O)c3cccc(CS(=O)(=O)C(F)(F)F)c3)nc2\C=C\C(=O)O)cc1,6.65
649,CHEMBL112510,COc1ccc(CCCCCCCCOc2ccc(CSc3cccc(NS(=O)(=O)c4ccccc4)c3)nc2\C=C\C(=O)O)cc1,6.22
686,CHEMBL137307,N#CCCCCCOc1cc(cc(n1)c2ccccc2)c3ccccc3,6.16
687,CHEMBL424290,COc1cc(ccc1Cc2cn(C(c3ccccc3)c4ccccc4)c5ccc(cc25)C#N)C(=O)O,6.1
692,CHEMBL343124,COc1cc(ccc1Cc2cn(C(c3ccccc3)c4ccccc4)c5ccc(Cl)cc25)C(=O)O,6.4
703,CHEMBL140539,COc1cc(ccc1Cc2cn(C(c3ccccc3)c4ccccc4)c5ccc(Br)cc25)C(=O)O,6.4
713,CHEMBL415687,Cc1ccc(cc1)c2cc(cc(OCCCCCC(=O)O)n2)c3ccccc3,6.52
730,CHEMBL137342,COc1ccc(cc1)c2cc(cc(OCCCCCC(=O)O)n2)c3ccccc3,6.0
737,CHEMBL136953,NC(=O)CCCCCOc1cc(cc(n1)c2ccccc2)c3ccccc3,6.8
745,CHEMBL343710,OC(=O)CCCCCOc1cc(cc(n1)c2ccccc2)c3ccccc3Cl,6.7
753,CHEMBL336303,OC(=O)CCCCCOc1cc(cc(n1)c2ccccc2)c3ccc(NC(=O)C(F)(F)F)cc3,6.82
767,CHEMBL337790,COc1cc(ccc1Cc2cn(C(c3ccccc3)c4ccccc4)c5ccc(C)cc25)C(=O)O,6.4
772,CHEMBL341565,COc1cccc(c1)c2cc(cc(OCCCCCC(=O)O)n2)c3ccccc3,6.3
773,CHEMBL137633,OC(=O)CCCOc1cc(cc(n1)c2ccccc2)c3ccccc3,6.52
783,CHEMBL137480,OC(=O)CCCCCOc1cc(cc(n1)c2ccc(cc2)C(F)(F)F)c3ccccc3,5.92
799,CHEMBL344176,COc1cc(ccc1Cc2cn(C(c3ccccc3)c4ccccc4)c5ccc(cc25)[N+](=O)[O-])C(=O)O,6.3
801,CHEMBL49866,CCN(CC)C(=O)\C=C(/C)\c1ccc(OC(C)c2ccccc2)c(CCC(=O)O)c1,8.02
811,CHEMBL167465,CN(C)C(=O)CC1(O)CCCC(C1)\C=C\C(O)CCCCc2ccc(cc2)N=[N+]=[N-],5.7
812,CHEMBL138018,CC(C)(CCCCOc1cc(c2ccc(cc2)C(F)(F)F)c3ccccc3n1)C(=O)O,6.52
813,CHEMBL134698,CC(C)(CCCCOc1cc(c2ccc(cc2)[N+](=O)[O-])c3ccccc3n1)C(=O)O,6.82
814,CHEMBL434810,COc1cccc(c1)c2cc(OCCCCC(C)(C)C(=O)O)nc3ccccc23,6.52
819,CHEMBL164721,OC(CCCCc1ccc(cc1)N=[N+]=[N-])\C=C\C2CCCC(O)(CC(=O)O)C2,5.7
821,CHEMBL345047,CC(C)(CCCCOc1cc(c2ccccc2F)c3ccccc3n1)C(=O)O,6.1
824,CHEMBL137625,OC(=O)CCCCCOc1cc(c2ccccc2)c3ccccc3n1,6.16
826,CHEMBL354872,OC(CCCCc1ccccc1)\C=C\C2CCCC(O)(CC(=O)O)C2,6.52
827,CHEMBL105139,CNc1nc2c(Cc3cccnc3)c(C)c(O)c(C)c2s1,6.68
829,CHEMBL137570,CC(CCCCOc1cc(c2ccccc2)c3ccccc3n1)C(=O)O,6.26
832,CHEMBL137030,CC(C)(CCCCOc1cc(c2ccccc2)c3ccccc3n1)c4nnn[nH]4,6.4
833,CHEMBL137676,OC(=O)CCCCCCCOc1cc(c2ccccc2)c3ccccc3n1,5.7
835,CHEMBL352717,CN(C)C(=O)CC1(O)CCCC(C1)\C=C\C(O)CCCCc2ccc(N=[N+]=[N-])c(I)c2,5.22
841,CHEMBL136433,OC(=O)CCCCCCOc1cc(c2ccccc2)c3ccccc3n1,5.75
845,CHEMBL137234,C(CCOc1cc(c2ccccc2)c3ccccc3n1)CCc4nnn[nH]4,6.3
846,CHEMBL137654,CC(C)(CCCCOc1cc(c2ccccc2)c3cc(Cl)ccc3n1)C(=O)O,5.6
848,CHEMBL422282,CC(C)(CCCCOc1cc(c2cccc(Cl)c2)c3ccccc3n1)C(=O)O,5.96
849,CHEMBL335142,CC(C)(CCCCOc1cc(c2ccccc2)c3ccc(Cl)cc3n1)C(=O)O,5.7
850,CHEMBL335525,CC(C)(CCCCOc1cc(c2ccccc2)c3ccccc3n1)C(=O)O,6.74
852,CHEMBL137346,Cc1c(OCCCCC(C)(C)C(=O)O)nc2ccccc2c1c3ccccc3,5.1
876,CHEMBL137121,CN(CCc1ccccc1)C(=O)CC2=CC=C(CC2)OCc3ccccc3,5.33
886,CHEMBL262530,CCCc1c(CO)c(ccc1OCCCOc2ccc3CC[C@@H](Oc3c2CCC)C(=O)O)C(=O)C,6.5
888,CHEMBL174638,CCOc1ccc(cc1NC(=O)\C=C\c2ccc(cc2)c3ccccc3)C(=O)O,6.72
890,CHEMBL176747,COc1ccc(cc1NC(=O)\C=C\c2ccc(c(C)c2)c3ccccc3)C(=O)O,5.91
893,CHEMBL176974,OC(=O)c1ccccc1NC(=O)\C=C\c2ccc(cc2)c3ccccc3,6.08
898,CHEMBL176903,OC(=O)c1ccc(Cl)c(NC(=O)\C=C\c2ccc(cc2)c3ccccc3)c1,6.04
903,CHEMBL172091,COc1ccc(cc1NC(=O)CCc2ccc(cc2)c3ccccc3)C(=O)O,5.82
904,CHEMBL176748,COc1ccc(cc1NC(=O)\C=C\c2ccc(cc2)c3ccccc3C)C(=O)O,5.34
905,CHEMBL367291,COc1cccc(C(=O)O)c1NC(=O)\C=C\c2ccc(cc2)c3ccccc3,5.93
907,CHEMBL426773,COc1ccc(cc1NC(=O)CC(=O)c2ccc(cc2)c3ccccc3)C(=O)O,6.11
910,CHEMBL172201,OC(=O)c1cccc(NC(=O)\C=C\c2ccc(cc2)c3ccccc3)c1,5.93
911,CHEMBL175128,COc1ccc(cc1NC(=O)[C@H]2C[C@@H]2c3ccc(cc3)c4ccccc4)C(=O)O,6.03
912,CHEMBL172974,COc1ccc(cc1NC(=O)\C=C\c2ccc(cc2)c3ccc(C)cc3)C(=O)O,6.56
914,CHEMBL113351,CCCCCCCCC(O)c1ccc2ccc(CC(O)CCCC(=O)O)nc2c1,6.05
916,CHEMBL419036,CCCCCCCCC(O)c1ccc2ccc(CCCCCC(=O)O)nc2c1,5.55
917,CHEMBL113401,[Li+].CCCCCCCCC(O)c1ccc2ccc(CSc3cccc(c3)C(=O)[O-])cc2c1,5.05
918,CHEMBL114454,[Li+].CCCCOc1cccc(c1)C(O)CCc2cccc(CC(O)c3cccc(c3)C(=O)[O-])n2,6.0
919,CHEMBL441647,CCCCCCCCC(O)c1ccc2ccc(\C=C\CCCC(=O)O)nc2c1,5.85
921,CHEMBL1256923,CCCCC\C=C/C[C@H](O)\C=C\c1cccc(C[C@H](O)CCCCO)n1,6.16
922,CHEMBL113514,CCCCCCCCC(O)c1ccc2ccc(C[S+]([O-])c3cccc(c3)C(=O)O)nc2c1,6.85
924,CHEMBL113792,CCCCCCCCC(O)c1ccc2ccc(CSc3cccc(c3)C(=O)O)nc2c1,6.22
927,CHEMBL115826,[Li+].CCCCCCCCC(O)c1ccc2ccc(C[S+]([O-])c3cccc(c3)C(=O)[O-])cc2c1,6.3
942,CHEMBL305933,[Na+].CCCCCC(O)\C=C\[C@H]1CCC[C@@](O)(CCCC(=O)[O-])C1,4.16
943,CHEMBL77513,[Na+].OC(CCCCc1ccccc1)\C=C\[C@H]2CCC[C@@](O)(CC(=O)[O-])C2,6.1
945,CHEMBL76530,[Na+].CCCCCC(O)\C=C\[C@H]1CCC[C@@](O)(CC(=O)[O-])C1,5.1
947,CHEMBL80541,[Na+].CCCCCCCCC(O)\C=C\[C@H]1CCC[C@@](O)(CC(=O)[O-])C1,6.0
959,CHEMBL437275,CC(C)(CCCCOc1cc(cc(n1)c2ccccc2)c3ccccc3)c4nnnn4CCCCC(=O)NCCCOCCOCCOCCCNC(=O)[C@H](CS(=O)(=O)O)NC(=O)[C@H](CS(=O)(=O)O)NC(=O)[C@H](CS(=O)(=O)O)NC(=O)[C@H](CS(=O)(=O)O)NC(=O)CC[C@H](NC(=O)c5ccc(N\N=C\c6ccccc6)nc5)C(=O)N[C@@H](CS(=O)(=O)O)C(=O)N[C@@H](CS(=O)(=O)O)C(=O)N[C@@H](CS(=O)(=O)O)C(=O)N[C@@H](CS(=O)(=O)O)C(=O)NCCCOCCOCCOCCCNC(=O)CCCCn7nnnc7C(C)(C)CCCCOc8cc(cc(n8)c9ccccc9)c%10ccccc%10,6.64
964,CHEMBL485054,CN1C(=N)N(C)\C(=N\c2nc(Cc3ccc4OCOc4c3)c(Cc5ccc6OCOc6c5)n2C)\C1=O,4.81
967,CHEMBL485053,CN1C(=N\C(=C/c2ccc3OCOc3c2)\C1=O)N,4.0
972,CHEMBL1099326,OC(=O)CCCOc1cccc(CCCCCCOc2cc(cc(c2)c3ccncc3)c4ccncc4)c1CCC(=O)O,10.15
973,CHEMBL1099335,OC(=O)CCCOc1cccc(CCCCCCOc2cc(cc(c2)c3cccc(F)c3)c4ccncc4)c1CCC(=O)O,9.75
974,CHEMBL1099332,OC(=O)CCCOc1cccc(CCCCCCOc2cc(cc(c2)c3ccsc3)c4ccncc4)c1CCC(=O)O,9.7
975,CHEMBL1099323,OC(=O)CCCOc1cccc(CCCCCCOc2cc(cc(c2)c3ccccc3)c4ccccc4)c1CCC(=O)O,9.68
976,CHEMBL1094346,OC(=O)CCCOc1cccc(CCCCCCOc2cc(cc(c2)c3ccc4OCOc4c3)c5ccncc5)c1CCC(=O)O,9.66
977,CHEMBL1099331,OC(=O)CCCOc1cccc(CCCCCCOc2cc(cc(c2)c3ccsc3)c4ccccc4)c1CCC(=O)O,9.44
978,CHEMBL1094347,OC(=O)CCCOc1cccc(CCCCCCOc2cc(cc(c2)c3cncnc3)c4ccc5OCOc5c4)c1CCC(=O)O,9.42
979,CHEMBL1099334,OC(=O)CCCOc1cccc(CCCCCCOc2cc(cc(c2)c3cncnc3)c4ccsc4)c1CCC(=O)O,9.41
980,CHEMBL1098560,OC(=O)CCCOc1cccc(CCCCCCOc2cc(cc(c2)c3ccc4OCOc4c3)c5ccsc5)c1CCC(=O)O,9.36
981,CHEMBL1099330,OC(=O)CCCOc1cccc(CCCCCCOc2cc(cc(n2)c3ccccc3)c4ccccc4)c1CCC(=O)O,9.32
982,CHEMBL1099333,OC(=O)CCCOc1cccc(CCCCCCOc2cc(cc(c2)c3ccnc(Cl)c3)c4ccsc4)c1CCC(=O)O,9.24
983,CHEMBL1098550,OC(=O)CCCOc1cccc(CCCCCCOc2cc(cc(c2)c3ccsc3)c4ccsc4)c1CCC(=O)O,9.24
984,CHEMBL1099337,OC(=O)CCCOc1cccc(CCCCCCOc2cc(cc(c2)c3ccc4OCOc4c3)c5ccccc5)c1CCC(=O)O,9.24
985,CHEMBL1094349,OC(=O)CCCOc1cccc(CCCCCCOc2cc(cc(c2)c3ccccc3F)c4ccc5OCOc5c4)c1CCC(=O)O,9.22
986,CHEMBL1094348,OC(=O)CCCOc1cccc(CCCCCCOc2cc(cc(c2)c3ccc4OCOc4c3)c5cccc(F)c5)c1CCC(=O)O,8.92
987,CHEMBL1099338,COc1ccc(cc1)c2cc(OCCCCCCc3cccc(OCCCC(=O)O)c3CCC(=O)O)cc(c2)c4ccc5OCOc5c4,8.49
988,CHEMBL1099327,OC(=O)CCCOc1cccc(CCCCCCOc2cc(cc(c2)c3cncnc3)c4ccccc4)c1CCC(=O)O,8.27
989,CHEMBL1099328,OC(=O)CCCOc1cccc(CCCCCCOc2cc(cc(c2)c3ccc4OCOc4c3)c5ccc6OCOc6c5)c1CCC(=O)O,8.27
990,CHEMBL1099324,OC(=O)CCCOc1cccc(CCCCCCOc2cc(cc(c2)c3ccc(F)cc3)c4ccc(F)cc4)c1CCC(=O)O,8.07
991,CHEMBL1099336,OC(=O)CCCOc1cccc(CCCCCCOc2cc(cc(c2)c3ccc4[nH]ccc4c3)c5cccc(F)c5)c1CCC(=O)O,7.85
992,CHEMBL1099325,COc1ccc(cc1)c2cc(OCCCCCCc3cccc(OCCCC(=O)O)c3CCC(=O)O)cc(c2)c4ccc(OC)cc4,7.51
994,CHEMBL1094350,OC(=O)CCCOc1cccc(CCCCCCOc2cc(cc(c2)c3ccc4OCCOc4c3)c5ccc(F)cc5)c1CCC(=O)O,7.22
998,CHEMBL1099329,OC(=O)CCCOc1cccc(CCCCCCOc2cc(cc(c2)c3ccc4OCCOc4c3)c5ccc6OCCOc6c5)c1CCC(=O)O,6.86
