,molecule_chembl_id,canonical_smiles,pchembl_value
0,afamelanotide,CCCC[C@H](NC(=O)[C@H](CO)NC(=O)[C@H](CC1=CC=C(O)C=C1)NC(=O)[C@H](CO)NC(C)=O)C(=O)N[C@@H](CCC(O)=O)C(=O)N[C@@H](CC1=CNC=N1)C(=O)N[C@@H](CC1=CC=CC=C1)C(=O)N[C@@H](CCCNC(N)=N)C(=O)N[C@@H](CC1=CNC2=C1C=CC=C2)C(=O)NCC(=O)N[C@@H](CCCCN)C(=O)N1CCC[C@H]1C(=O)N[C@@H](C(C)C)C(N)=O,10.0
1,CHEMBL504349,CCC[C@@H]1N(CCN([C@@H](Cc2ccc3ccccc3c2)C(=O)NC)C1=O)C(=O)[C@@H](Cc4ccc(F)cc4)NC(=O)[C@H](C)NC,7.0
2,CHEMBL448410,CCC[C@@H]1N(CCN([C@@H](Cc2ccc3ccccc3c2)C(=O)NC)C1=O)C(=O)[C@@H](Cc4ccc(F)cc4)NC(=O)[C@H]5CCCCN5,7.0
3,CHEMBL315258,COCC(=O)N[C@@H](Cc1c[nH]cn1)C(=O)N[C@@H](Cc2ccccc2)C(=O)N[C@@H](CCCN=C(N)N)C(=O)N[C@@H](Cc3c[nH]c4ccccc34)C(=O)N,7.04
4,CHEMBL88630,NC(=N)NCCC[C@H](NC(=O)[C@H](Cc1ccccc1)NC(=O)[C@H](Cc2c[nH]cn2)NC(=O)CC#N)C(=O)N[C@@H](Cc3c[nH]c4ccccc34)C(=O)N,7.06
5,CHEMBL377620,CC(=O)N[C@@H](Cc1ccc(O)cc1)C(=O)N[C@H](Cc2ccccc2)C(=O)N3C[C@@H](C[C@@H]3CCCN=C(N)N)OCc4ccc5ccccc5c4,7.07
6,CHEMBL380437,NC(=N)NCCC[C@H]1C[C@H](CN1C(=O)[C@H](CC[C@H]2Cc3ccccc3CN2)Cc4ccccc4)OCc5ccccc5,7.15
7,CHEMBL345234,CCCC(=O)N[C@@H](Cc1c[nH]cn1)C(=O)N[C@@H](Cc2ccc(OC)cc2)C(=O)N[C@@H](CCCN=C(N)N)C(=O)N[C@@H](Cc3c[nH]c4ccccc34)C(=O)NCC(=O)N,7.16
8,CHEMBL3601432,CCCC[C@@H](NC(=O)C)C(=O)N[C@H]1CC(=O)NCCCC[C@H](N(C)C(=O)[C@H](Cc2c[nH]c3ccccc23)N(C)C(=O)[C@H](CCCNC(=N)N)N(C)C(=O)[C@@H](Cc4ccc5ccccc5c4)N(C)C(=O)[C@H](Cc6cnc[nH]6)N(C)C1=O)C(=O)N,7.17
9,CHEMBL443396,CNC(=O)[C@H](Cc1ccc2ccccc2c1)N3CCN([C@@H](C\C=N\NC(=N)N)C3=O)C(=O)[C@H](N)Cc4ccc(F)cc4,7.2
10,CHEMBL86573,NC(=N)NCCC[C@H](NC(=O)[C@H](Cc1ccccc1)NC(=O)[C@H](Cc2c[nH]cn2)NC(=O)CC(F)(F)F)C(=O)N[C@@H](Cc3c[nH]c4ccccc34)C(=O)N,7.2
11,CHEMBL328117,NC(=N)NCCC[C@H](NC(=O)[C@H](Cc1ccccc1)NC(=O)[C@H](Cc2c[nH]cn2)NC(=O)C(=O)N)C(=O)N[C@@H](Cc3c[nH]c4ccccc34)C(=O)N,7.21
12,CHEMBL3601429,CCCC[C@@H](NC(=O)C)C(=O)N[C@H]1CC(=O)NCCCC[C@H](N(C)C(=O)[C@H](Cc2c[nH]c3ccccc23)N(C)C(=O)[C@H](CCCNC(=N)N)NC(=O)[C@@H](Cc4ccc5ccccc5c4)N(C)C(=O)[C@H](Cc6cnc[nH]6)N(C)C1=O)C(=O)N,7.24
13,CHEMBL327450,CSCC(=O)N[C@@H](Cc1c[nH]cn1)C(=O)N[C@@H](Cc2ccccc2)C(=O)N[C@@H](CCCN=C(N)N)C(=O)N[C@@H](Cc3c[nH]c4ccccc34)C(=O)N,7.24
14,CHEMBL375440,NC(=N)NCCC[C@H]1C[C@H](CN1C(=O)[C@@H](Cc2ccccc2)NC(=O)[C@@H]3CCCN3)OCc4ccc5ccccc5c4,7.26
15,CHEMBL407825,CCC(=O)N[C@@H](Cc1c[nH]cn1)C(=O)N[C@@H](Cc2ccccc2)C(=O)N[C@@H](CCCN=C(N)N)C(=O)N[C@@H](Cc3c[nH]c4ccccc34)C(=O)N,7.32
16,CHEMBL438118,CCCC[C@H](NC(=O)C)C(=O)C[C@H]1CC(=O)NCCCC[C@H](NC(=O)[C@H](Cc2cc3ccccc3[nH]2)NC(=O)[C@@H]4CCCN4C(=O)[C@@H](Cc5ccc(cc5)c6ccccc6)NC(=O)[C@H](Cc7cnc[nH]7)NC1=O)C(=O)N,7.35
17,CHEMBL2070251,CCCC[C@H](NC(=O)[C@H](CCCNC(=N)N)NC(=O)[C@H](Cc1cnc[nH]1)NC(=O)[C@H](CCC(=O)N)NC(=O)[C@H](CO)NC(=O)CNC(=O)COCCOCCNC(=O)CCCCCCCCCCCCCCCc2nnn[nH]2)C(=O)N[C@H]3CCC(=O)NCCCC[C@H](NC(=O)[C@H](Cc4c[nH]c5ccccc45)NC(=O)[C@H](CCCNC(=N)N)NC(=O)[C@@H](Cc6ccccc6)NC(=O)[C@@H]7C[C@@H](O)CN7C3=O)C(=O)N,7.36
18,CHEMBL315356,CC(C)(C)C(=O)N[C@@H](Cc1c[nH]cn1)C(=O)N[C@@H](Cc2ccccc2)C(=O)N[C@@H](CCCN=C(N)N)C(=O)N[C@@H](Cc3c[nH]c4ccccc34)C(=O)N,7.37
19,CHEMBL329586,NC(=N)NCCC[C@H](NC(=O)[C@H](Cc1ccccc1)NC(=O)[C@H](Cc2c[nH]cn2)NC(=O)C3CC3)C(=O)N[C@@H](Cc4c[nH]c5ccccc45)C(=O)N,7.37
20,CHEMBL365278,Fc1ccccc1CCNCc2ccccc2N3CCN(CC3)C(=O)[C@@H](Cc4ccc(Cl)cc4)NC(=O)[C@H]5Cc6ccccc6CN5,7.38
21,CHEMBL214347,NC(=N)NCCC[C@H]1C[C@H](CN1C(=O)[C@@H](Cc2ccccc2)NC(=O)[C@@H]3Cc4ccccc4CN3)OCc5ccc6ccccc6c5,7.38
22,CHEMBL313377,CC(C)C(=O)N[C@@H](Cc1c[nH]cn1)C(=O)N[C@@H](Cc2ccccc2)C(=O)N[C@@H](CCCN=C(N)N)C(=O)N[C@@H](Cc3c[nH]c4ccccc34)C(=O)N,7.4
23,CHEMBL213956,NC(=N)NCCC[C@H]1C[C@H](CN1C(=O)[C@@H](Cc2ccccc2)NC(=O)[C@@H]3CCCCN3)OCc4ccc5ccccc5c4,7.4
24,CHEMBL264306,CCCC(=O)N[C@@H](Cc1c[nH]cn1)C(=O)N[C@@H](Cc2ccccc2)C(=O)N[C@@H](CCCN=C(N)N)C(=O)N[C@@H](Cc3c[nH]c4ccccc34)C(=O)N,7.43
25,CHEMBL3600836,CCCC[C@@H](NC(=O)C)C(=O)N[C@H]1CC(=O)NCCCC[C@H](N(C)C(=O)[C@H](Cc2c[nH]c3ccccc23)N(C)C(=O)[C@H](CCCNC(=N)N)NC(=O)[C@@H](Cc4ccc5ccccc5c4)NC(=O)[C@H](Cc6cnc[nH]6)NC1=O)C(=O)N,7.44
26,CHEMBL209789,CC(=O)N[C@@H](CCC(=O)N)C(=O)N[C@H](Cc1ccccc1)C(=O)N2C[C@@H](C[C@@H]2CCCN=C(N)N)OCc3ccc4ccccc4c3,7.46
27,CHEMBL88537,NC(=N)NCCC[C@H](NC(=O)[C@H](Cc1ccccc1)NC(=O)[C@H](Cc2c[nH]cn2)NC(=O)CCCO)C(=O)N[C@@H](Cc3c[nH]c4ccccc34)C(=O)N,7.47
28,CHEMBL446941,CCCC(=O)C1(CCN(CC1)C(=O)[C@@H](Cc2ccc(OC)cc2)NC(=O)[C@H](N)Cc3c[nH]cn3)c4ccccc4,7.5
29,CHEMBL3600916,CCCC[C@@H](NC(=O)C)C(=O)N[C@H]1CC(=O)NCCCC[C@H](N(C)C(=O)[C@H](Cc2c[nH]c3ccccc23)N(C)C(=O)[C@H](CCCNC(=N)N)NC(=O)[C@@H](Cc4ccc5ccccc5c4)NC(=O)[C@H](Cc6cnc[nH]6)N(C)C1=O)C(=O)N,7.5
30,CHEMBL316259,NC(=N)NCCC[C@H](NC(=O)[C@H](Cc1ccccc1)NC(=O)[C@H](Cc2c[nH]cn2)NC(=O)c3ccccc3)C(=O)N[C@@H](Cc4c[nH]c5ccccc45)C(=O)N,7.52
31,CHEMBL206033,NC(=N)NCCC[C@H]1C[C@H](CN1C(=O)[C@@H](Cc2ccccc2)NC(=O)[C@H]3Cc4ccccc4CN3)OCc5ccccc5,7.52
32,CHEMBL14642,CCCC(=O)C1(CCN(CC1)C(=O)[C@@H](Cc2ccc(OC)cc2)NC(=O)[C@@H](N)Cc3cncn3C)c4ccccc4,7.55
33,CHEMBL183434,NCc1ccccc1N2CCN(CC2)C(=O)[C@@H](Cc3ccc(Cl)cc3)NC(=O)[C@H]4Cc5ccccc5CN4,7.57
34,CHEMBL3601428,CCCC[C@@H](NC(=O)C)C(=O)N[C@H]1CC(=O)NCCCC[C@H](N(C)C(=O)[C@H](Cc2c[nH]c3ccccc23)N(C)C(=O)[C@H](CCCNC(=N)N)N(C)C(=O)[C@@H](Cc4ccc5ccccc5c4)NC(=O)[C@H](Cc6cnc[nH]6)N(C)C1=O)C(=O)N,7.59
35,CHEMBL3753760,CCCC[C@H](NC(=O)C)C(=O)N[C@H]1CC(=O)NCCCC[C@H](NC(=O)[C@H](Cc2c[nH]c3ccccc23)NC(=O)[C@H](CCCNC(=N)N)NC(=O)[C@@H](Cc4ccccc4)NC(=O)[C@@H]5CCCN5C(=O)[C@H](Cc6c[nH]c7ccccc67)NC1=O)C(=O)N,7.59
36,CHEMBL3600918,CCCC[C@@H](NC(=O)C)C(=O)N[C@H]1CC(=O)NCCCC[C@H](N(C)C(=O)[C@H](Cc2c[nH]c3ccccc23)NC(=O)[C@H](CCCNC(=N)N)N(C)C(=O)[C@@H](Cc4ccc5ccccc5c4)NC(=O)[C@H](Cc6cnc[nH]6)N(C)C1=O)C(=O)N,7.64
37,CHEMBL406276,CCCCC(=O)N[C@@H](Cc1c[nH]cn1)C(=O)N[C@@H](Cc2ccccc2)C(=O)N[C@@H](CCCN=C(N)N)C(=O)N[C@@H](Cc3c[nH]c4ccccc34)C(=O)N,7.69
38,CHEMBL213751,NC(=N)NCCC[C@@H]1C[C@H](CN1C(=O)[C@@H](Cc2ccccc2)NC(=O)C3Cc4ccccc4CN3)OCc5ccc6ccccc6c5,7.72
39,CHEMBL276301,CCCC(=O)C1(CCN(CC1)C(=O)[C@@H](Cc2ccc(OC)cc2)NC(=O)CCc3c[nH]cn3)c4ccccc4,7.75
40,CHEMBL384176,CNC(=O)[C@H](Cc1ccc2ccccc2c1)N3CCN([C@@H](CCCN=C(N)N)C3=O)C(=O)[C@@H](Cc4ccc(F)cc4)NC(=O)C,7.75
41,CHEMBL89004,NC(=N)NCCC[C@H](NC(=O)[C@H](Cc1ccccc1)NC(=O)[C@H](Cc2c[nH]cn2)NC(=O)Cc3ccccc3)C(=O)N[C@@H](Cc4c[nH]c5ccccc45)C(=O)N,7.76
42,CHEMBL506762,CCC[C@@H]1N(CCN([C@@H](Cc2ccc3ccccc3c2)C(=O)NC)C1=O)C(=O)[C@@H](Cc4ccc(F)cc4)NC(=O)C5CCNCC5,7.77
43,CHEMBL2112918,CCCC(=O)N[C@@H](Cc1c[nH]cn1)C(=O)N[C@H](Cc2ccc(OCC)cc2)C(=O)N[C@@H](CCCN=C(N)N)C(=O)N[C@@H](Cc3c[nH]c4ccccc34)C(=O)NCC(=O)N,7.8
44,CHEMBL209587,N[C@@H](Cc1c[nH]cn1)C(=O)N[C@H](Cc2ccccc2)C(=O)N3C[C@@H](C[C@@H]3C(=O)NCCN=C(N)N)OCc4ccc5ccccc5c4,7.82
45,CHEMBL385000,CNC(=O)[C@H](Cc1ccc2ccccc2c1)N3CCN([C@@H](CCCN=C(N)N)C3=O)C(=O)[C@@H](Cc4ccc(F)cc4)NC(=O)[C@H](Cc5ccc(O)cc5)NC(=O)C,7.85
46,CHEMBL378293,CC(=O)N[C@@H](Cc1c[nH]cn1)C(=O)N[C@H](Cc2ccccc2)C(=O)N3C[C@@H](C[C@@H]3C(=O)NCCN=C(N)N)OCc4ccc5ccccc5c4,7.89
47,CHEMBL211699,CNC(=O)[C@H](Cc1ccc2ccccc2c1)NC(=O)[C@H](CCCN=C(N)N)NC(=O)[C@@H](Cc3ccccc3)NC(=O)[C@H](Cc4c[nH]cn4)NC(=O)C,7.89
48,CHEMBL3600737,CCCC[C@@H](NC(=O)C)C(=O)N[C@H]1CC(=O)NCCCC[C@H](N(C)C(=O)[C@H](Cc2c[nH]c3ccccc23)NC(=O)[C@H](CCCNC(=N)N)NC(=O)[C@@H](Cc4ccc5ccccc5c4)NC(=O)[C@H](Cc6cnc[nH]6)NC1=O)C(=O)N,7.9
49,CHEMBL312998,NC(=N)NCCC[C@H](NC(=O)[C@H](Cc1ccccc1)NC(=O)[C@H](Cc2c[nH]cn2)NC(=O)C(O)Cc3ccccc3)C(=O)N[C@@H](Cc4c[nH]c5ccccc45)C(=O)N,7.94
50,CHEMBL380120,CC(=O)N[C@H](Cc1ccc(O)cc1)C(=O)N[C@H](Cc2ccccc2)C(=O)N3C[C@@H](C[C@@H]3CCCN=C(N)N)OCc4ccccc4,8.05
51,CHEMBL2070243,CCCCCCCCCCCCCCCC(=O)NCC(=O)N[C@@H](CO)C(=O)N[C@@H](CCC(=O)N)C(=O)N[C@@H](Cc1cnc[nH]1)C(=O)N[C@@H](CO)C(=O)N[C@@H](CCCC)C(=O)N[C@H]2CCC(=O)NCCCC[C@H](NC(=O)[C@H](Cc3c[nH]c4ccccc34)NC(=O)[C@H](CCCNC(=N)N)NC(=O)[C@@H](Cc5ccccc5)NC(=O)[C@@H]6C[C@@H](O)CN6C2=O)C(=O)N,8.1
52,CHEMBL432565,NC(=N)NCCC[C@H](NC(=O)[C@H](Cc1ccccc1)NC(=O)[C@H](Cc2c[nH]cn2)NC(=O)CCc3ccccc3)C(=O)N[C@@H](Cc4c[nH]c5ccccc45)C(=O)N,8.22
53,CHEMBL419307,NC(=N)NCCC[C@H](NC(=O)[C@H](Cc1ccccc1)NC(=O)[C@H](Cc2c[nH]cn2)NC(=O)COc3ccc(Cl)cc3)C(=O)N[C@@H](Cc4c[nH]c5ccccc45)C(=O)N,8.22
54,CHEMBL276012,CCCC(=O)C1(CCN(CC1)C(=O)[C@@H](Cc2ccc(OC)cc2)NC(=O)[C@H](O)Cc3c[nH]cn3)c4ccccc4,8.26
55,CHEMBL275067,CCCC(=O)C1(CCN(CC1)C(=O)[C@@H](Cc2ccc(OC)cc2)NC(=O)[C@@H](Cc3c[nH]cn3)NC(=O)C)c4ccccc4,8.29
56,CHEMBL211419,CC(=O)N[C@@H](Cc1c[nH]cn1)C(=O)N[C@H](Cc2ccccc2)C(=O)N3C[C@@H](C[C@H]3CCCN=C(N)N)OCc4ccc5ccccc5c4,8.33
57,CHEMBL214410,CNC(=O)[C@H](Cc1ccc2ccccc2c1)N3CCN([C@@H](CCCN=C(N)N)C3=O)C(=O)[C@@H](Cc4ccc(F)cc4)N5CCNCC5,8.37
58,CHEMBL1923668,CCCC[C@H](NC(=O)[C@@H](NC(=O)[C@H](Cc1ccc(O)cc1)NC(=O)[C@@H](N)CCCCNC(=O)CCCC#C)C(C)C)C(=O)NCC(=O)N[C@@H](Cc2cnc[nH]2)C(=O)N[C@H](Cc3ccc4ccccc4c3)C(=O)N[C@@H](CCCNC(=N)N)C(=O)N[C@H](Cc5ccccc5)C(=O)N[C@@H](CC(=O)O)C(=O)N[C@@H](CCCNC(=N)N)C(=O)N[C@@H](Cc6ccccc6)C(=O)NCC(=O)N,8.38
59,CHEMBL435923,O=C(CCc1c[nH]c2ccccc12)N3C[C@@H]4CCCN4C[C@H]3Cc5ccccc5,8.4
60,CHEMBL3600837,CCCC[C@@H](NC(=O)C)C(=O)N[C@H]1CC(=O)NCCCC[C@H](N(C)C(=O)[C@H](Cc2c[nH]c3ccccc23)NC(=O)[C@H](CCCNC(=N)N)N(C)C(=O)[C@@H](Cc4ccc5ccccc5c4)NC(=O)[C@H](Cc6cnc[nH]6)NC1=O)C(=O)N,8.41
61,CHEMBL504986,NC(=N)NCCC[C@@H]1NC(=O)[C@@H](Cc2ccccc2)NC(=O)[C@H](Cc3cnc[nH]3)NC(=O)c4cc(ccc4SC[C@H](NC(=O)[C@H](Cc5c[nH]c6ccccc56)NC1=O)C(=O)N)[N+](=O)[O-],8.43
62,CHEMBL92481,NC(=N)NCCC[C@H](NC(=O)[C@H](Cc1ccccc1)NC(=O)[C@H](Cc2c[nH]cn2)NC(=O)Cc3ccc(Cl)cc3)C(=O)N[C@@H](Cc4c[nH]c5ccccc45)C(=O)N,8.46
63,CHEMBL2070245,CCCCCCCCCCCCCCCC(=O)NCC(=O)N[C@@H](CO)C(=O)N[C@@H](CCC(=O)N)C(=O)N[C@@H](CCCCNC(=N)N)C(=O)N[C@@H](CO)C(=O)N[C@@H](CCCC)C(=O)N[C@H]1CCC(=O)NCCCC[C@H](NC(=O)[C@H](Cc2c[nH]c3ccccc23)NC(=O)[C@H](CCCNC(=N)N)NC(=O)[C@@H](Cc4ccccc4)NC(=O)[C@@H]5C[C@@H](O)CN5C1=O)C(=O)N,8.5
64,CHEMBL13910,CCCC(=O)C1(CCN(CC1)C(=O)[C@@H](Cc2ccc(OC)cc2)NC(=O)[C@@H](Cc3c[nH]cn3)NC(=O)c4ccccc4)c5ccccc5,8.51
65,CHEMBL1923666,CCCC[C@H](NC(=O)[C@@H](NC(=O)[C@H](Cc1ccc(O)cc1)NC(=O)[C@@H](N)CCCCNC(=O)CCCC#C)C(C)C)C(=O)NCC(=O)N[C@@H](Cc2cnc[nH]2)C(=O)N[C@H](Cc3ccc4ccccc4c3)C(=O)N[C@@H](CCCNC(=N)N)C(=O)N[C@H](Cc5c[nH]c6ccccc56)C(=O)N[C@@H](CC(=O)O)C(=O)N[C@@H](CCCNC(=N)N)C(=O)N[C@@H](Cc7ccccc7)C(=O)NCC(=O)N,8.59
66,CHEMBL218748,O=C(Cc1ccccc1)N2C[C@@H]3CCCN3C[C@@H]2Cc4ccccc4,8.66
67,CHEMBL215833,CNC(=O)[C@H](Cc1ccc2ccccc2c1)N3CCN([C@@H](CCCN=C(N)N)C3=O)C(=O)[C@@H](Cc4ccc(F)cc4)NC(=O)[C@H](CCC(=O)N)NC(=O)C,8.7
68,CHEMBL384774,CNC(=O)[C@H](Cc1ccc2ccccc2c1)N3CCN([C@@H](CCCN=C(N)N)C3=O)C(=O)[C@@H](Cc4ccc(F)cc4)NC(=O)[C@H](Cc5c[nH]cn5)NC(=O)C,8.7
69,CHEMBL377465,CC(=O)N[C@@H](Cc1c[nH]cn1)C(=O)N[C@H](Cc2ccccc2)C(=O)N3C[C@H](C[C@@H]3CCCN=C(N)N)OCc4ccc5ccccc5c4,8.89
70,CHEMBL373821,O=C(Cc1ccccc1)N2C[C@@H]3CCCN3C[C@H]2Cc4ccccc4,8.89
71,CHEMBL379054,CNC(=O)[C@H](Cc1ccc2ccccc2c1)N3CCN([C@@H](CCCN=C(N)N)C3=O)C(=O)[C@@H](Cc4ccccc4)NC(=O)[C@H](Cc5ccc(O)cc5)NC(=O)C,9.0
72,CHEMBL379508,CC(=O)N[C@@H](Cc1c[nH]cn1)C(=O)N[C@H](Cc2ccccc2)C(=O)N3C[C@@H](C[C@@H]3CCCN=C(N)N)OCc4ccc5ccccc5c4,9.19
73,CHEMBL212614,CNC(=O)[C@H](Cc1ccc2ccccc2c1)N3CCN([C@@H](CCCN=C(N)N)C3=O)C(=O)[C@@H](Cc4ccccc4)NC(=O)[C@H](Cc5c[nH]cn5)NC(=O)C,9.4
74,CHEMBL1923664,NC(=N)NCCC[C@H](NC(=O)[C@@H](Cc1ccccc1)NC(=O)[C@H](Cc2cnc[nH]2)NC(=O)CCCc3ccccc3)C(=O)N[C@@H](Cc4c[nH]c5ccccc45)C(=O)NCC(=O)N[C@@H](CCCCNC(=O)CCCC#C)C(=O)N,9.62
75,CHEMBL1923662,NC(=N)NCCC[C@H](NC(=O)[C@@H](Cc1ccccc1)NC(=O)[C@H](Cc2cnc[nH]2)NC(=O)CCCc3ccccc3)C(=O)N[C@@H](Cc4c[nH]c5ccccc45)C(=O)N,9.77
1,CHEMBL437822,CCCCC(=O)N[C@@H]1CC(=O)NCCCC[C@H](NC(=O)[C@H](Cc2c[nH]c3ccccc23)NC(=O)[C@@H](CCCN=C(N)N)NC(=O)[C@H](Cc4ccccc4)NC(=O)C5(CCc6c(C5)cccc6OC(C)C)NC1=O)C(=O)N,5.88
2,CHEMBL24892,CCCCC(=O)N[C@@H]1CC(=O)NCCCC[C@H](NC(=O)[C@H](Cc2c[nH]c3ccccc23)NC(=O)[C@@H](CCCN=C(N)N)NC(=O)[C@H](Cc4ccccc4)NC(=O)[C@@H](Cc5c[nH]cn5)NC1=O)C(=O)N,9.4
4,CHEMBL412174,CCCCC(=O)N[C@@H]1CC(=O)NCCCC[C@H](NC(=O)[C@H](Cc2c[nH]c3ccccc23)NC(=O)[C@@H](CCCN=C(N)N)NC(=O)[C@H](Cc4ccccc4)NC(=O)C5(CCc6ccc(Br)cc6C5)NC1=O)C(=O)N,6.85
5,CHEMBL264337,CCCCC(=O)N[C@@H]1CC(=O)NCCCC[C@H](NC(=O)[C@H](Cc2c[nH]c3ccccc23)NC(=O)[C@@H](CCCN=C(N)N)NC(=O)[C@H](Cc4ccccc4)NC(=O)C5(CCc6c(C5)cccc6C(C)C)NC1=O)C(=O)N,6.32
6,CHEMBL439361,CCCCC(=O)N[C@@H]1CC(=O)NCCCC[C@H](NC(=O)[C@H](Cc2c[nH]c3ccccc23)NC(=O)[C@@H](CCCN=C(N)N)NC(=O)[C@H](Cc4ccccc4)NC(=O)C5(CCc6c(C5)cccc6OCC)NC1=O)C(=O)N,5.89
7,CHEMBL2371902,CCCCC(=O)N[C@H]1CC(=O)NCCCC[C@H](NC(=O)[C@H](Cc2c[nH]c3ccccc23)NC(=O)[C@H](CCCN=C(N)N)NC(=O)[C@@H](Cc4ccccc4)NC(=O)[C@@H]5Cc6ccccc6CN5C1=O)C(=O)N,8.3
9,CHEMBL3037885,CCCC[C@H](NC(=O)C)C(=O)N[C@H]1CC(=O)NCCCC[C@H](NC(=O)[C@H](Cc2c[nH]c3ccccc23)NC(=O)[C@H](CCCN=C(N)N)NC(=O)[C@@H](Cc4ccccc4)NC(=O)[C@H](CCC(=O)N)NC1=O)C(=O)N,9.52
10,CHEMBL410148,CCCCC(=O)N[C@@H]1CC(=O)NCCCC[C@H](NC(=O)[C@H](Cc2c[nH]c3ccccc23)NC(=O)[C@@H](CCCN=C(N)N)NC(=O)[C@H](Cc4ccccc4)NC(=O)[C@@H](Cc5ccc(cc5)C(F)(F)F)NC1=O)C(=O)N,7.92
11,CHEMBL2371880,CCCCC(=O)N[C@H]1CC(=O)NCCCC[C@H](NC(=O)[C@H](Cc2c[nH]c3ccccc23)NC(=O)[C@H](CCCN=C(N)N)NC(=O)[C@@H](Cc4ccccc4)NC(=O)[C@@]5(CCc6c(C5)cccc6OC)NC1=O)C(=O)N,6.13
14,CHEMBL2371903,CCCCC(=O)N[C@H]1CC(=O)NCCCC[C@H](NC(=O)[C@H](Cc2c[nH]c3ccccc23)NC(=O)[C@H](CCCN=C(N)N)NC(=O)[C@@H](Cc4ccccc4)NC(=O)[C@H]5N(Cc6ccccc56)C1=O)C(=O)N,8.52
18,CHEMBL2371913,CCCCC(=O)N[C@H]1CC(=O)NCCCC[C@H](NC(=O)[C@H](Cc2c[nH]c3ccccc23)NC(=O)[C@H](CCCN=C(N)N)NC(=O)[C@@H](Cc4ccccc4)NC(=O)[C@@]5(CCc6ccccc6C5)NC1=O)C(=O)N,6.05
20,CHEMBL386871,CCCCC(=O)N[C@@H]1CC(=O)NCCCC[C@H](NC(=O)[C@H](Cc2c[nH]c3ccccc23)NC(=O)[C@@H](CCCN=C(N)N)NC(=O)[C@H](Cc4ccccc4)NC(=O)C5(CCc6c(C5)cccc6N(C)C)NC1=O)C(=O)N,6.32
25,CHEMBL430239,CCCC[C@H](NC(=O)C)C(=O)N[C@H]1CC(=O)NCCCC[C@H](NC(=O)[C@H](Cc2c[nH]c3ccccc23)NC(=O)[C@H](CCCNC(=N)N)NC(=O)[C@@H](Cc4ccccc4)NC(=O)[C@H](Cc5cnc[nH]5)NC1=O)C(=O)N,9.22
27,CHEMBL407754,CCCCC(=O)N[C@@H]1CC(=O)NCCCC[C@H](NC(=O)[C@H](Cc2c[nH]c3ccccc23)NC(=O)[C@@H](CCCN=C(N)N)NC(=O)[C@H](Cc4ccccc4)NC(=O)C5(Cc6ccccc6C5)NC1=O)C(=O)N,6.43
28,CHEMBL2371887,CCCCC(=O)N[C@H]1CC(=O)NCCCC[C@H](NC(=O)[C@H](Cc2c[nH]c3ccccc23)NC(=O)[C@H](CCCN=C(N)N)NC(=O)[C@@H](Cc4ccccc4)NC(=O)[C@@]5(CCc6c(CC)cccc6C5)NC1=O)C(=O)N,6.38
42,CHEMBL316038,NC(=N)NCCC[C@H](NC(=O)[C@H](Cc1ccccc1)NC(=O)[C@H](Cc2c[nH]cn2)NC(=O)CO)C(=O)N[C@@H](Cc3c[nH]c4ccccc34)C(=O)N,6.9
55,CHEMBL50056,CC(=O)N[C@@H](Cc1c[nH]cn1)C(=O)N[C@@H](Cc2ccccc2)C(=O)N[C@@H](CCCN=C(N)N)C(=O)N[C@@H](Cc3c[nH]c4ccccc34)C(=O)N,7.43
59,CHEMBL88185,CS(=O)(=O)N[C@@H](Cc1c[nH]cn1)C(=O)N[C@@H](Cc2ccccc2)C(=O)N[C@@H](CCCN=C(N)N)C(=O)N[C@@H](Cc3c[nH]c4ccccc34)C(=O)N,6.59
63,CHEMBL339053,Clc1ccc(C[C@@H](NC(=O)[C@H]2Cc3ccccc3CN2)C(=O)N4CCC(Cn5cncn5)(CC4)C6CCCCC6)cc1,5.69
76,CHEMBL89270,N[C@@H](Cc1c[nH]cn1)C(=O)N[C@@H](Cc2ccccc2)C(=O)N[C@@H](CCCN=C(N)N)C(=O)N[C@@H](Cc3c[nH]c4ccccc34)C(=O)N,7.29
96,CHEMBL91957,NC(=N)NCCC[C@H](NC(=O)[C@H](Cc1ccccc1)NC(=O)[C@H](Cc2c[nH]cn2)NS(=O)(=O)c3ccc(Cl)cc3)C(=O)N[C@@H](Cc4c[nH]c5ccccc45)C(=O)N,6.77
114,CHEMBL3350298,CCCC[C@H](NC(=O)C)C(=O)N[C@H]1CC(=O)NCCCC[C@H](NC(=O)[C@H](Cc2c[nH]c3ccccc23)NC(=O)[C@H](CCCN=C(N)N)NC(=O)[C@H](NC(=O)[C@H](Cc4c[nH]cn4)NC1=O)[C@H](C)c5ccccc5)C(=O)N,8.2
120,CHEMBL2115249,CCCC[C@H](NC(=O)C)C(=O)N[C@H]1CC(=O)NCCCC[C@@H](NC(=O)[C@@H](NC(=O)[C@H](CCCN=C(N)N)NC(=O)[C@@H](Cc2ccccc2)NC(=O)[C@H](Cc3c[nH]cn3)NC1=O)[C@@H](C)c4c[nH]c5ccccc45)C(=O)N,9.36
122,CHEMBL414965,C[C@@H](O)[C@H](NC(=O)[C@H]1CCCCNC(=O)C[C@H](NC(=O)[C@@H](N)Cc2ccccc2)C(=O)N[C@@H](Cc3c[nH]cn3)C(=O)N[C@H](Cc4ccccc4)C(=O)N[C@@H](CCCN=C(N)N)C(=O)N[C@H](Cc5c[nH]c6ccccc56)C(=O)N1)C(=O)N,10.0
128,CHEMBL405408,C[C@@H](O)[C@H](NC(=O)[C@@H]1CSSC[C@H](NC(=O)[C@H](N)Cc2ccccc2)C(=O)N[C@@H](Cc3c[nH]cn3)C(=O)N[C@@H](Cc4cccc5ccccc45)C(=O)N[C@@H](CCCN=C(N)N)C(=O)N[C@H](Cc6c[nH]c7ccccc67)C(=O)N1)C(=O)N,5.3
131,CHEMBL405791,C[C@@H](O)[C@H](NC(=O)[C@H]1CSSC[C@H](NC(=O)[C@H](N)Cc2ccccc2)C(=O)N[C@@H](Cc3ncc[nH]3)C(=O)N[C@H](Cc4cccc5ccccc45)C(=O)N[C@@H](CCCN=C(N)N)C(=O)N[C@H](Cc6c[nH]c7ccccc67)C(=O)N1)C(=O)N,5.0
137,CHEMBL2115246,CCCC[C@H](NC(=O)C)C(=O)N[C@H]1CC(=O)NCCCC[C@H](NC(=O)[C@H](Cc2c[nH]c3ccccc23)NC(=O)[C@H](CCCN=C(N)N)NC(=O)[C@@H](NC(=O)[C@H](Cc4c[nH]cn4)NC1=O)[C@@H](C)c5ccccc5)C(=O)N,8.2
139,CHEMBL2115248,CSCC[C@H](NC(=O)[C@H](CO)NC(=O)[C@H](Cc1ccc(O)cc1)NC(=O)[C@H](CO)NC(=O)C)C(=O)N[C@@H](CCC(=O)O)C(=O)N[C@@H](Cc2c[nH]cn2)C(=O)N[C@@H]([C@@H](C)c3ccccc3)C(=O)N[C@@H](CCCN=C(N)N)C(=O)N[C@@H](Cc4c[nH]c5ccccc45)C(=O)NCC(=O)N[C@@H](CCCCN)C(=O)N6CCC[C@H]6C(=O)N[C@@H](C(C)C)C(=O)N,9.7
141,CHEMBL427814,C[C@@H](O)[C@H](NC(=O)[C@H]1CCCCNC(=O)CC[C@H](NC(=O)[C@H](N)Cc2ccccc2)C(=O)N[C@@H](Cc3c[nH]c(C)n3)C(=O)N[C@@H](Cc4ccccc4)C(=O)N[C@@H](CCCN=C(N)N)C(=O)N[C@H](Cc5c[nH]c6ccccc56)C(=O)N1)C(=O)N,9.0
147,CHEMBL407845,C[C@@H](O)[C@H](NC(=O)[C@H]1CSSC[C@H](NC(=O)[C@@H](N)Cc2ccccc2)C(=O)N[C@@H](Cc3c[nH]cn3)C(=O)N[C@H](Cc4ccccc4)C(=O)N[C@@H](CCCN=C(N)N)C(=O)N[C@H](Cc5c[nH]c6ccccc56)C(=O)N1)C(=O)N,5.52
149,CHEMBL406842,C[C@H](O)[C@@H](NC(=O)[C@H]1CSSC[C@H](NC(=O)[C@H](N)Cc2ccccc2)C(=O)N[C@@H](Cc3c[nH]cn3)C(=O)N[C@@H](Cc4ccc(Cl)cc4)C(=O)N[C@@H](CCCN=C(N)N)C(=O)N[C@H](Cc5c[nH]c6ccccc56)C(=O)N1)C(=O)N,7.52
155,CHEMBL405087,C[C@@H](O)[C@H](NC(=O)[C@H]1CSSC[C@H](NC(=O)[C@H](N)Cc2ccccc2)C(=O)N[C@H](Cc3c[nH]cn3)C(=O)N[C@H](Cc4ccccc4)C(=O)N[C@@H](CCCN=C(N)N)C(=O)N[C@H](Cc5c[nH]c6ccccc56)C(=O)N1)C(=O)N,10.0
157,CHEMBL407098,C[C@@H](O)[C@H](NC(=O)[C@@H]1CSSCC[C@H](NC(=O)[C@H](N)Cc2ccccc2)C(=O)N[C@@H](Cc3ncc[nH]3)C(=O)N[C@H](Cc4ccccc4)C(=O)N[C@@H](CCCN=C(N)N)C(=O)N[C@H](Cc5c[nH]c6ccccc56)C(=O)N1)C(=O)N,9.52
159,CHEMBL411378,C[C@@H](O)[C@H](NC(=O)[C@H]1CSSC[C@H](NC(=O)[C@@H](N)Cc2ccccc2)C(=O)N[C@@H](Cc3c[nH]c(C)n3)C(=O)N[C@H](Cc4ccccc4)C(=O)N[C@@H](CCCN=C(N)N)C(=O)N[C@H](Cc5c[nH]c6ccccc56)C(=O)N1)C(=O)N,5.0
164,CHEMBL410404,C[C@@H](O)[C@H](NC(=O)[C@H]1CSSC[C@H](NC(=O)[C@H](N)Cc2ccccc2)C(=O)N[C@@H](Cc3c[nH]cn3)C(=O)N[C@@H](Cc4ccccc4)C(=O)N[C@@H](CCCN=C(N)N)C(=O)N[C@H](Cc5c[nH]c6ccccc56)C(=O)N1)C(=O)N,8.0
166,CHEMBL415200,C[C@@H](O)[C@H](NC(=O)[C@H]1CSSC[C@H](NC(=O)[C@H](N)Cc2ccccc2)C(=O)N[C@@H](Cc3c[nH]cn3)C(=O)N[C@@H](Cc4ccccc4)C(=O)N(CCCN)CC(=O)N[C@H](Cc5c[nH]c6ccccc56)C(=O)N1)C(=O)N,7.0
177,CHEMBL2364550,CCCC[C@H](NC(=O)C)C(=O)N[C@H]1CC(=O)NCCCC[C@H](NC(=O)[C@@H](NC(=O)[C@H](CCCN=C(N)N)NC(=O)[C@@H](Cc2ccccc2)NC(=O)[C@H](Cc3c[nH]cn3)NC1=O)[C@H](C)c4c[nH]c5ccccc45)C(=O)N,7.54
179,CHEMBL406891,C[C@@H](O)[C@H](NC(=O)[C@H]1CCSSC[C@H](NC(=O)[C@@H](N)Cc2ccccc2)C(=O)N[C@@H](Cc3c[nH]cn3)C(=O)N[C@H](Cc4ccccc4)C(=O)N[C@@H](CCCN=C(N)N)C(=O)N[C@H](Cc5c[nH]c6ccccc56)C(=O)N1)C(=O)N,6.0
181,CHEMBL507214,C[C@@H](O)[C@H](NC(=O)[C@H]1NC(=O)[C@@H](NC(=O)[C@H](CCCN)NC(=O)[C@@H](Cc2c[nH]c3ccccc23)NC(=O)[C@H](Cc4ccc(O)cc4)NC(=O)[C@H](CSSC1(C)C)NC(=O)[C@H](N)Cc5ccccc5)[C@@H](C)O)C(=O)N,7.0
183,CHEMBL411400,C[C@@H](O)[C@H](NC(=O)[C@@H]1NC(=O)[C@@H](Cc2c[nH]c3ccccc23)NC(=O)[C@H](CCCN=C(N)N)NC(=O)[C@@H](Cc4ccccc4)NC(=O)[C@@H](Cc5c[nH]cn5)NC(=O)[C@H](CSSC1(C)C)NC(=O)[C@H](N)Cc6ccccc6)C(=O)N,7.0
187,CHEMBL2114259,CSCC[C@H](NC(=O)[C@H](CO)NC(=O)[C@H](Cc1ccc(O)cc1)NC(=O)[C@H](CO)NC(=O)C)C(=O)N[C@@H](CCC(=O)O)C(=O)N[C@@H](Cc2c[nH]cn2)C(=O)N[C@@H]([C@H](C)c3ccccc3)C(=O)N[C@@H](CCCN=C(N)N)C(=O)N[C@@H](Cc4c[nH]c5ccccc45)C(=O)NCC(=O)N[C@@H](CCCCN)C(=O)N6CCC[C@H]6C(=O)N[C@@H](C(C)C)C(=O)N,10.7
193,CHEMBL411009,C[C@@H](O)[C@H](NC(=O)[C@@H]1CSSC[C@H](NC(=O)[C@H](N)Cc2ccccc2)C(=O)N[C@@H](Cc3c[nH]cn3)C(=O)N[C@@H](Cc4ccc(F)cc4)C(=O)N[C@@H](CCCN=C(N)N)C(=O)N[C@H](Cc5c[nH]c6ccccc56)C(=O)N1)C(=O)N,6.0
196,CHEMBL320459,CCCC[C@H](NC(=O)C)C(=O)N[C@H]1CC(=O)NCCCC[C@@H](NC(=O)[C@@H]2CSCCN2C(=O)[C@H](CCCN=C(N)N)NC(=O)[C@H](Cc3ccccc3)NC(=O)[C@H](Cc4c[nH]cn4)NC1=O)C(=O)N,8.48
200,CHEMBL3350329,CCCC[C@H](NC(=O)C)C(=O)N[C@H]1CC(=O)NCCCC[C@H](NC(=O)[C@H](NC(=O)[C@H](CCCN=C(N)N)NC(=O)[C@@H](Cc2ccccc2)NC(=O)[C@H](Cc3c[nH]cn3)NC1=O)[C@H](C)c4c[nH]c5ccccc45)C(=O)N,9.48
202,CHEMBL2114258,CCCC[C@H](NC(=O)C)C(=O)N[C@H]1CC(=O)NCCCC[C@H](NC(=O)[C@H](Cc2c[nH]c3ccccc23)NC(=O)[C@H](CCCN=C(N)N)NC(=O)[C@H](NC(=O)[C@H](Cc4c[nH]cn4)NC1=O)[C@@H](C)c5ccccc5)C(=O)N,8.7
208,CHEMBL319752,CCCC[C@H](NC(=O)C)C(=O)N[C@H]1CC(=O)NCCCC[C@@H](NC(=O)[C@H]2CSCCN2C(=O)[C@H](CCCN=C(N)N)NC(=O)[C@H](Cc3ccccc3)NC(=O)[C@H](Cc4c[nH]cn4)NC1=O)C(=O)N,9.0
212,CHEMBL302703,CC(=O)N[C@@H](Cc1c[nH]cn1)C(=O)N[C@@H](Cc2ccccc2)C(=O)N[C@@H](CCCN=C(N)N)C(=O)N[C@H](Cc3c[nH]c4ccccc34)C(=O)N,5.2
217,CHEMBL263948,CSCC[C@H](NC(=O)[C@H](CO)NC(=O)[C@H](Cc1ccc(O)cc1)NC(=O)[C@H](CO)NC(=O)C)C(=O)N[C@@H](CCC(=O)O)C(=O)N[C@@H](Cc2c[nH]cn2)C(=O)N[C@H](Cc3ccccc3)C(=O)N[C@@H](CCCN=C(N)N)C(=O)N[C@@H](Cc4c[nH]c5ccccc45)C(=O)NCC(=O)N[C@@H](CCCCN)C(=O)N6CCC[C@H]6C(=O)N[C@@H](C(C)C)C(=O)N,8.22
224,CHEMBL264190,CC(=O)N[C@@H](Cc1cnc[nH]1)C(=O)N[C@H](Cc2ccccc2)C(=O)N[C@@H](CCCNC(=N)N)C(=O)N[C@@H](Cc3c[nH]c4ccccc34)C(=O)N,6.21
227,CHEMBL410217,C[C@H]1NC(=O)[C@H](Cc2c[nH]c3ccccc23)NC(=O)[C@@H](CCCN=C(N)N)NC(=O)[C@H](Cc4ccccc4)NC(=O)[C@@H](Cc5c[nH]cn5)NC(=O)[C@@H](CC(=O)NCCCC[C@@H](NC1=O)C(=O)N)NC(=O)C,8.71
231,CHEMBL2115441,CCCC[C@H](NC(=O)C)C(=O)N[C@H]1CC(=O)NCCCC[C@H](NC(=O)[C@H](C)NC(=O)[C@H](Cc2c[nH]c3ccccc23)NC(=O)[C@H](CCCN=C(N)N)NC(=O)[C@@H](Cc4ccccc4)NC(=O)[C@H](Cc5c[nH]cn5)NC1=O)C(=O)N,9.46
233,CHEMBL217584,CCCC[C@H](NC(=O)C)C(=O)N[C@H]1CC(=O)NCCCC[C@H](NC(=O)[C@H](C)NC(=O)[C@H](Cc2c[nH]c3ccccc23)NC(=O)[C@H](CCCN=C(N)N)NC(=O)[C@H](Cc4ccccc4)NC(=O)[C@H](Cc5c[nH]cn5)NC1=O)C(=O)N,7.65
236,CHEMBL3350396,CCCC[C@H](NC(=O)C)C(=O)N[C@H]1CC(=O)NCCCC[C@H](NC(=O)[C@H](C)NC(=O)[C@@H](Cc2c[nH]c3ccccc23)NC(=O)[C@H](CCCN=C(N)N)NC(=O)[C@H](Cc4ccccc4)NC(=O)[C@H](Cc5c[nH]cn5)NC1=O)C(=O)N,9.04
240,CHEMBL413260,CCCC[C@H](NC(=O)C)C(=O)N[C@@H]1CC(=O)NCCCC[C@H](NC(=O)[C@H](C)NC(=O)[C@@H](Cc2c[nH]c3ccccc23)NC(=O)[C@H](CCCN=C(N)N)NC(=O)[C@H](Cc4ccccc4)NC(=O)[C@H](Cc5c[nH]cn5)NC1=O)C(=O)N,6.58
242,CHEMBL423101,Clc1ccc(C[C@@H](NC(=O)[C@H]2Cc3ccccc3CN2)C(=O)N4CCN(CC4)c5ccccc5Cn6ccnc6)cc1,5.4
244,CHEMBL338594,CS(=O)(=O)Nc1ccccc1N2CCN(CC2)C(=O)[C@@H](Cc3ccc(Cl)cc3)NC(=O)[C@H]4Cc5ccccc5CN4,4.92
245,CHEMBL14416,CCCC(=O)C1(CCN(CC1)C(=O)[C@@H](Cc2ccc(OC)cc2)NC(=O)[C@@H](N)Cc3c[nH]cn3)c4ccccc4,6.4
251,CHEMBL429212,COc1ccc(C[C@@H](NC(=O)[C@H]2Cc3ccccc3CN2)C(=O)N4CCC5(CC4)CN(c6ccccc56)S(=O)(=O)C)cc1,6.66
265,CHEMBL275042,CCCC(=O)C1(CCN(CC1)C(=O)[C@@H](Cc2ccc(OC)cc2)NC(=O)[C@H](N)Cc3cncn3C)c4ccccc4,6.29
272,CHEMBL1159703,NCCC[C@H](NCc1ccc2ccccc2c1)C(=O)OCC=C,4.66
273,CHEMBL2092821,O=C(NCc1c[nH]c2ccccc12)[C@@H]3CCCN3Cc4cccc5ccccc45,5.05
274,CHEMBL2093089,O=C(NCc1c[nH]c2ccccc12)[C@H]3CCCN3Cc4cccc5ccccc45,4.35
278,CHEMBL9274,NC(=O)[C@H](Cc1c[nH]c2ccccc12)NCc3ccc4ccccc4c3,5.06
279,CHEMBL1159702,NC(=NCCC[C@H](NCc1ccc2ccccc2c1)C(=O)Nc3ccc4ccccc4c3)N,5.54
280,CHEMBL1159698,NC(=NCCC[C@H](NCc1ccc2ccccc2c1)C(=O)O)N,5.35
281,CHEMBL428480,NC(=O)[C@H](Cc1ccc2ccccc2c1)NCc3c[nH]c4ccccc34,4.59
285,CHEMBL9219,NC(=O)[C@@H](Cc1ccc2ccccc2c1)NCc3c[nH]c4ccccc34,4.13
286,CHEMBL9138,NC(=O)[C@@H](Cc1c[nH]c2ccccc12)NCc3ccc4ccccc4c3,4.82
294,CHEMBL8720,NC(=N)NCCC[C@H](NCc1ccc2ccccc2c1)C(=O)N[C@@H](Cc3c[nH]c4ccccc34)C(=O)N,4.54
296,CHEMBL1159700,NC(=NCCCNC(=O)[C@@H]1C[C@H](O)CN1Cc2ccc3ccccc3c2)N,5.54
297,CHEMBL1159699,NC(=NCCC[C@H](NCc1ccc2ccccc2c1)C(=O)NCc3c[nH]c4ccccc34)N,5.66
298,CHEMBL1159701,NC(=NCCC[C@H](NCc1ccc2ccccc2c1)C(=O)OCC=C)N,5.23
299,CHEMBL313379,NC(=N)NCCCNC(=O)[C@H](CCCN=C(N)N)NCc1ccc2ccccc2c1,5.35
300,CHEMBL1159697,NC(=NCCC[C@H](NCc1ccc2ccccc2c1)C(=O)Nc3cccc4ccccc34)N,5.89
301,CHEMBL447178,NC(=N)NCCC[C@@H](NCc1ccc2ccccc2c1)C(=O)N[C@@H](Cc3c[nH]c4ccccc34)C(=O)N,4.5
334,CHEMBL417853,C[C@@H](N(CC(=O)N)C(=O)CN(C(c1ccccc1)c2ccccc2)C(=O)CNCCCN=C(N)N)c3ccccc3,5.04
336,CHEMBL3350330,CCCC[C@H](NC(=O)C)C(=O)N[C@H]1CC(=O)NCCCC[C@H](NC(=O)[C@H](NC(=O)[C@H](CCCN=C(N)N)NC(=O)[C@@H](Cc2ccccc2)NC(=O)[C@H](Cc3c[nH]cn3)NC1=O)[C@@H](C)c4c[nH]c5ccccc45)C(=O)N,10.22
354,CHEMBL2370906,CCCC[C@H](NC(=O)C)C(=O)N[C@@H](CC(=O)O)C(=O)N[C@@H](Cc1c[nH]cn1)C(=O)N[C@@H](Cc2ccccc2)C(=O)N[C@@H](CCCN=C(N)N)C(=O)N[C@H]([C@H](C)c3c[nH]c4ccccc34)C(=O)N[C@@H](CCCCN)C(=O)N,9.52
360,CHEMBL2364555,CCCC[C@H](NC(=O)C)C(=O)N[C@H]1CC(=O)NCCCC[C@H](NC(=O)[C@@H](NC(=O)[C@H](CCCN=C(N)N)NC(=O)[C@@H](Cc2ccccc2)NC(=O)[C@H](Cc3c[nH]cn3)NC1=O)[C@@H](C)c4c[nH]c5ccccc45)C(=O)N,9.36
375,CHEMBL2372046,CCCC(=O)N[C@]1(CCc2ccccc2C1)C(=O)N[C@H](Cc3ccccc3)C(=O)N[C@@H](CCCN=C(N)N)C(=O)N[C@@H](Cc4c[nH]c5ccccc45)C(=O)NCC(=O)N,5.36
376,CHEMBL442537,CCCCC(=O)NC1(CCc2c(C1)cccc2OCC)C(=O)N[C@H](Cc3ccccc3)C(=O)N[C@@H](CCCN=C(N)N)C(=O)N[C@@H](Cc4c[nH]c5ccccc45)C(=O)NCC(=O)N,6.0
377,CHEMBL2112064,CCCCC(=O)N[C@@]1(CCc2ccccc2C1)C(=O)N[C@H](Cc3ccccc3)C(=O)N[C@@H](CCCN=C(N)N)C(=O)N[C@@H](Cc4c[nH]c5ccccc45)C(=O)NCC(=O)N,5.71
378,CHEMBL29056,CCCC(=O)N[C@@H](C)C(=O)N[C@H](Cc1ccccc1)C(=O)N[C@@H](CCCN=C(N)N)C(=O)N[C@@H](Cc2c[nH]c3ccccc23)C(=O)NCC(=O)N,6.64
380,CHEMBL27848,CCCCC(=O)NC1(CCc2c(C)cccc2C1)C(=O)N[C@H](Cc3ccccc3)C(=O)N[C@@H](CCCN=C(N)N)C(=O)N[C@@H](Cc4c[nH]c5ccccc45)C(=O)NCC(=O)N,5.91
381,CHEMBL29317,CCCCC(=O)NC1(CCc2c(C1)cccc2N(C)C)C(=O)N[C@H](Cc3ccccc3)C(=O)N[C@@H](CCCN=C(N)N)C(=O)N[C@@H](Cc4c[nH]c5ccccc45)C(=O)NCC(=O)N,5.73
387,CHEMBL29349,CCCCC(=O)NC1(CCc2c(Cl)cccc2C1)C(=O)N[C@H](Cc3ccccc3)C(=O)N[C@@H](CCCN=C(N)N)C(=O)N[C@@H](Cc4c[nH]c5ccccc45)C(=O)NCC(=O)N,6.05
390,CHEMBL281060,CCCCC(=O)NC1(CCc2c(C1)cccc2OC(C)C)C(=O)N[C@H](Cc3ccccc3)C(=O)N[C@@H](CCCN=C(N)N)C(=O)N[C@@H](Cc4c[nH]c5ccccc45)C(=O)NCC(=O)N,6.17
391,CHEMBL442339,CCCCC(=O)NC1(CCc2cccc(Br)c2C1)C(=O)N[C@H](Cc3ccccc3)C(=O)N[C@@H](CCCN=C(N)N)C(=O)N[C@@H](Cc4c[nH]c5ccccc45)C(=O)NCC(=O)N,5.54
392,CHEMBL434966,CCCCC(=O)NC1(CCc2c(C1)cccc2C(C)C)C(=O)N[C@H](Cc3ccccc3)C(=O)N[C@@H](CCCN=C(N)N)C(=O)N[C@@H](Cc4c[nH]c5ccccc45)C(=O)NCC(=O)N,6.53
393,CHEMBL29511,CCCCC(=O)NC1(CCc2cc(Br)ccc2C1)C(=O)N[C@H](Cc3ccccc3)C(=O)N[C@@H](CCCN=C(N)N)C(=O)N[C@@H](Cc4c[nH]c5ccccc45)C(=O)NCC(=O)N,5.33
395,CHEMBL282533,CCCCC(=O)NC1(CCc2c(CC)cccc2C1)C(=O)N[C@H](Cc3ccccc3)C(=O)N[C@@H](CCCN=C(N)N)C(=O)N[C@@H](Cc4c[nH]c5ccccc45)C(=O)NCC(=O)N,6.71
399,CHEMBL29693,CCCCC(=O)NC1(CCc2c(C1)cccc2OC)C(=O)N[C@H](Cc3ccccc3)C(=O)N[C@@H](CCCN=C(N)N)C(=O)N[C@@H](Cc4c[nH]c5ccccc45)C(=O)NCC(=O)N,5.83
406,CHEMBL29582,CCCC(=O)N[C@@H](Cc1c[nH]cn1)C(=O)N[C@H](Cc2ccccc2)C(=O)N[C@@H](CCCN=C(N)N)C(=O)N[C@@H](Cc3c[nH]c4ccccc34)C(=O)NCC(=O)N,8.0
411,CHEMBL2096742,CCCC[C@@H](NC(=O)C)C(=O)N[C@@H]1CC(=O)NCCCC[C@H](NC(=O)[C@H](Cc2c[nH]c3ccccc23)NC(=O)[C@H](CCCNC(=N)N)NC(=O)[C@@H](Cc4ccc5ccccc5c4)NC(=O)[C@H](Cc6c[nH]cn6)NC1=O)C(=O)N,10.44
412,CHEMBL440801,CCCC[C@H](NC(=O)C)C(=O)N[C@@H]1CC(=O)NCCCC[C@H](NC(=O)[C@H](Cc2c[nH]c3ccccc23)NC(=O)[C@@H](CCCN=C(N)N)NC(=O)[C@@H](Cc4ccc(I)cc4)NC(=O)[C@@H](Cc5c[nH]cn5)NC1=O)C(=O)N,10.26
413,CHEMBL309213,CCCCN[C@@H](Cc1c[nH]cn1)C(=O)N[C@H](Cc2ccccc2)C(=O)N[C@@H](Cc3c[nH]cn3)C(=O)N[C@@H](Cc4c[nH]c5ccccc45)C(=O)NCC(=O)N,5.77
414,CHEMBL311175,CCCCN[C@@H](Cc1c[nH]cn1)C(=O)N[C@H](Cc2ccccc2)C(=O)N[C@@H](CCCN)C(=O)N[C@@H](Cc3c[nH]c4ccccc34)C(=O)NCC(=O)N,6.05
415,CHEMBL311750,CCCCN[C@@H](Cc1c[nH]cn1)C(=O)N[C@H](Cc2ccccc2)C(=O)N[C@@H](CCC\N=C(\N)/NC#N)C(=O)N[C@@H](Cc3c[nH]c4ccccc34)C(=O)NCC(=O)N,7.82
416,CHEMBL412358,CCCCN[C@@H](Cc1c[nH]cn1)C(=O)N[C@H](Cc2ccccc2)C(=O)N[C@@H](CCC(=O)N=C(N)N)C(=O)N[C@@H](Cc3c[nH]c4ccccc34)C(=O)NCC(=O)N,9.0
418,CHEMBL309869,CCCCN[C@@H](Cc1c[nH]cn1)C(=O)N[C@H](Cc2ccccc2)C(=O)N[C@@H](CCCCNC(C)C)C(=O)N[C@@H](Cc3c[nH]c4ccccc34)C(=O)NCC(=O)N,6.59
419,CHEMBL312357,CCCCN[C@@H](Cc1c[nH]cn1)C(=O)N[C@H](Cc2ccccc2)C(=O)N[C@@H](CCCNC(=O)N)C(=O)N[C@@H](Cc3c[nH]c4ccccc34)C(=O)NCC(=O)N,6.02
420,CHEMBL420581,CCCCN[C@@H](Cc1c[nH]cn1)C(=O)N[C@H](Cc2ccccc2)C(=O)N[C@@H](CCCCN(C)C)C(=O)N[C@@H](Cc3c[nH]c4ccccc34)C(=O)NCC(=O)N,7.22
422,CHEMBL78565,CCCCN[C@@H](Cc1c[nH]cn1)C(=O)N[C@H](Cc2ccccc2)C(=O)N[C@@H](CCCN=C(N)N)C(=O)N[C@@H](Cc3c[nH]c4ccccc34)C(=O)NCC(=O)N,8.0
423,CHEMBL80803,CCCCN[C@@H](Cc1c[nH]cn1)C(=O)N[C@H](Cc2ccccc2)C(=O)N[C@@H](CCCN(C)C)C(=O)N[C@@H](Cc3c[nH]c4ccccc34)C(=O)NCC(=O)N,6.46
424,CHEMBL311629,CCCCN[C@@H](Cc1c[nH]cn1)C(=O)N[C@H](Cc2ccccc2)C(=O)N[C@@H](CCCCNCc3ccccc3)C(=O)N[C@@H](Cc4c[nH]c5ccccc45)C(=O)NCC(=O)N,7.07
430,CHEMBL263607,CC(C)[C@H](NC(=O)[C@@H](NC(=O)[C@@H]1CCC(=O)NCCCC(=O)N[C@H](Cc2c[nH]cn2)C(=O)N[C@@H](Cc3ccccc3)C(=O)N[C@H](CCCN=C(N)N)C(=O)N[C@@H](Cc4c[nH]c5ccccc45)C(=O)N1)C(C)C)C(=O)NCC(=O)N,5.57
432,CHEMBL387038,CC(C)[C@H](NC(=O)[C@@H](NC(=O)[C@H]1CCC(=O)N[C@@H](Cc2c[nH]cn2)C(=O)N[C@@H](Cc3ccccc3)C(=O)N[C@@H](CCCN=C(N)N)C(=O)N[C@H](Cc4c[nH]c5ccccc45)C(=O)N1)C(C)C)C(=O)NCC(=O)N,6.08
436,CHEMBL428801,CCCC[C@H](NC(=O)C)C(=O)N[C@H]1CC(=O)NCCCC[C@@H](NC(=O)[C@@H](Cc2c[nH]c3ccccc23)NC(=O)[C@H](CCCN=C(N)N)NC(=O)[C@@H](Cc4ccc(I)cc4)NC(=O)[C@H](Cc5c[nH]cn5)NC1=O)C(=O)N,10.3
441,CHEMBL409760,CC(C)[C@H](NC(=O)[C@@H](NC(=O)[C@@H]1CCC(=O)NCC(=O)N[C@H](Cc2c[nH]cn2)C(=O)N[C@H](Cc3ccc4ccccc4c3)C(=O)N[C@H](CCCN=C(N)N)C(=O)N[C@@H](Cc5c[nH]c6ccccc56)C(=O)N1)C(C)C)C(=O)NCC(=O)N,7.22
445,CHEMBL2371590,CCCC[C@@H]1NC(=O)CC[C@H](NC(=O)[C@H](Cc2c[nH]c3ccccc23)NC(=O)[C@H](CCCN=C(N)N)NC(=O)[C@@H](Cc4ccccc4)NC(=O)[C@H](Cc5c[nH]cn5)NC1=O)C(=O)N[C@@H](C(C)C)C(=O)N[C@@H](C(C)C)C(=O)NCC(=O)N,7.64
447,CHEMBL406614,CC(C)[C@H](NC(=O)[C@@H](NC(=O)[C@@H]1CCC(=O)NCCCC(=O)N[C@H](Cc2c[nH]cn2)C(=O)N[C@H](Cc3ccc4ccccc4c3)C(=O)N[C@H](CCCN=C(N)N)C(=O)N[C@@H](Cc5c[nH]c6ccccc56)C(=O)N1)C(C)C)C(=O)NCC(=O)N,7.64
452,CHEMBL428615,CCCC[C@H](NC(=O)C)C(=O)N[C@H]1CC(=O)NCCCC[C@@H](NC(=O)[C@@H](Cc2c[nH]c3ccccc23)NC(=O)[C@H](CCCN=C(N)N)NC(=O)[C@@H](Cc4ccc(F)cc4)NC(=O)[C@H](Cc5c[nH]cn5)NC1=O)C(=O)N,10.0
455,CHEMBL216529,CC(C)[C@H](NC(=O)[C@@H](NC(=O)[C@@H]1CCC(=O)NCC(=O)N[C@H](Cc2c[nH]cn2)C(=O)N[C@H](Cc3ccccc3)C(=O)N[C@H](CCCN=C(N)N)C(=O)N[C@@H](Cc4c[nH]c5ccccc45)C(=O)N1)C(C)C)C(=O)NCC(=O)N,6.29
459,CHEMBL437054,CC(C)[C@H](NC(=O)[C@@H](NC(=O)[C@@H]1CCC(=O)NCC(=O)N[C@H](Cc2c[nH]cn2)C(=O)N[C@@H](Cc3ccccc3)C(=O)N[C@H](CCCN=C(N)N)C(=O)N[C@@H](Cc4c[nH]c5ccccc45)C(=O)N1)C(C)C)C(=O)NCC(=O)N,5.28
463,CHEMBL267755,CC(C)[C@H](NC(=O)[C@@H](NC(=O)[C@H]1CCC(=O)N[C@@H](Cc2c[nH]cn2)C(=O)N[C@@H](Cc3ccc4ccccc4c3)C(=O)N[C@@H](CCCN=C(N)N)C(=O)N[C@H](Cc5c[nH]c6ccccc56)C(=O)N1)C(C)C)C(=O)NCC(=O)N,7.22
465,CHEMBL413212,CCCC[C@H](NC(=O)C)C(=O)N[C@H]1CC(=O)NCCCC[C@@H](NC(=O)[C@@H](Cc2c[nH]c3ccccc23)NC(=O)[C@H](CCCN=C(N)N)NC(=O)[C@@H](Cc4ccc(Cl)cc4)NC(=O)[C@H](Cc5c[nH]cn5)NC1=O)C(=O)N,8.7
468,CHEMBL269338,CC(C)[C@H](NC(=O)[C@@H](NC(=O)[C@@H]1CCC(=O)NCCC(=O)N[C@H](Cc2c[nH]cn2)C(=O)N[C@H](Cc3ccc4ccccc4c3)C(=O)N[C@H](CCCN=C(N)N)C(=O)N[C@@H](Cc5c[nH]c6ccccc56)C(=O)N1)C(C)C)C(=O)NCC(=O)N,8.7
470,CHEMBL265804,CC(C)[C@H](NC(=O)[C@@H](NC(=O)[C@@H]1CCC(=O)NCCC(=O)N[C@H](Cc2c[nH]cn2)C(=O)N[C@H](Cc3ccccc3)C(=O)N[C@H](CCCN=C(N)N)C(=O)N[C@@H](Cc4c[nH]c5ccccc45)C(=O)N1)C(C)C)C(=O)NCC(=O)N,7.51
472,CHEMBL384392,CC(C)[C@H](NC(=O)[C@@H](NC(=O)[C@@H]1CCC(=O)NCCCC(=O)N[C@H](Cc2c[nH]cn2)C(=O)N[C@H](Cc3ccccc3)C(=O)N[C@H](CCCN=C(N)N)C(=O)N[C@@H](Cc4c[nH]c5ccccc45)C(=O)N1)C(C)C)C(=O)NCC(=O)N,6.5
476,CHEMBL347864,CCCC(=O)N[C@@H](Cc1c[nH]cn1)C(=O)N[C@@H](Cc2ccc(O)cc2)C(=O)N[C@@H](CCCN=C(N)N)C(=O)N[C@@H](Cc3c[nH]c4ccccc34)C(=O)NCC(=O)N,6.75
477,CHEMBL2371220,CCCC(=O)N[C@@H](Cc1c[nH]cn1)C(=O)N[C@H](Cc2cccc3ccccc23)C(=O)N[C@@H](CCCN=C(N)N)C(=O)N[C@@H](Cc4c[nH]c5ccccc45)C(=O)NCC(=O)N,5.4
479,CHEMBL158471,CCCC(=O)N[C@@H](Cc1c[nH]cn1)C(=O)N[C@@H](Cc2cccc(c2)C(F)(F)F)C(=O)N[C@@H](CCCN=C(N)N)C(=O)N[C@@H](Cc3c[nH]c4ccccc34)C(=O)NCC(=O)N,5.02
481,CHEMBL348526,CCCC(=O)N[C@@H](Cc1c[nH]cn1)C(=O)N[C@@H](Cc2ccc(C)cc2)C(=O)N[C@@H](CCCN=C(N)N)C(=O)N[C@@H](Cc3c[nH]c4ccccc34)C(=O)NCC(=O)N,7.26
482,CHEMBL2371218,CCCC(=O)N[C@@H](Cc1c[nH]cn1)C(=O)N[C@H](Cc2ccc3ccccc3c2)C(=O)N[C@@H](CCCN=C(N)N)C(=O)N[C@@H](Cc4c[nH]c5ccccc45)C(=O)NCC(=O)N,5.3
488,CHEMBL348511,CCCC(=O)N[C@@H](Cc1c[nH]cn1)C(=O)N[C@@H](Cc2ccc(Cl)cc2)C(=O)N[C@@H](CCCN=C(N)N)C(=O)N[C@@H](Cc3c[nH]c4ccccc34)C(=O)NCC(=O)N,6.52
490,CHEMBL2371219,CCCC(=O)N[C@@H](Cc1c[nH]cn1)C(=O)N[C@H](Cc2ccc(Cl)c(Cl)c2)C(=O)N[C@@H](CCCN=C(N)N)C(=O)N[C@@H](Cc3c[nH]c4ccccc34)C(=O)NCC(=O)N,6.6
494,CHEMBL2112920,CCCC(=O)N[C@@H](Cc1c[nH]cn1)C(=O)N[C@H](Cc2ccccc2)C(=O)N[C@@H](CCCN=C(N)N)C(=O)N[C@@H](Cc3ccc4ccccc4c3)C(=O)NCC(=O)N,6.22
496,CHEMBL2373212,CCCC(=O)N[C@@H](Cc1c[nH]cn1)C(=O)N[C@H](Cc2ccccc2)C(=O)N[C@@H](CCCN=C(N)N)C(=O)N[C@@H](Cc3cccc4ccccc34)C(=O)NCC(=O)N,5.92
498,CHEMBL349298,CCCC(=O)N[C@@H](Cc1c[nH]cn1)C(=O)N[C@@H](Cc2ccccc2)C(=O)N[C@@H](CCCN=C(N)N)C(=O)N[C@@H](Cc3c[nH]c4ccccc34)C(=O)NCC(=O)N,6.24
500,CHEMBL346930,CCCC(=O)N[C@@H](Cc1c[nH]cn1)C(=O)N[C@@H](Cc2ccccc2)C(=O)N[C@@H](CCCN=C(N)N)C(=O)N[C@H](Cc3csc4ccccc34)C(=O)NCC(=O)N,5.54
502,CHEMBL158808,CCCC(=O)N[C@@H](Cc1c[nH]cn1)C(=O)N[C@@H](Cc2ccc(Br)cc2)C(=O)N[C@@H](CCCN=C(N)N)C(=O)N[C@@H](Cc3c[nH]c4ccccc34)C(=O)NCC(=O)N,6.52
509,CHEMBL267020,N[C@@H](CCCN=C(N)N)C(=O)N(Cc1ccc2ccccc2c1)Cc3cccc4ccccc34,6.16
510,CHEMBL269689,NC(=N)NCCCNCc1ccc2ccccc2c1,4.72
512,CHEMBL8208,C(NCc1c[nH]c2ccccc12)c3cccc4ccccc34,4.59
514,CHEMBL2113315,N[C@@H](CCCN=C(N)N)C(=O)N(CCc1c[nH]c2ccccc12)Cc3ccc4ccccc4c3,5.82
515,CHEMBL8418,NCCCCNC(=O)[C@H](CCCCNCc1c[nH]c2ccccc12)NCc3ccc4ccccc4c3,5.01
516,CHEMBL8287,N[C@H](CCC(=O)O)C(=O)N(Cc1ccc2ccccc2c1)Cc3cccc4ccccc34,4.34
517,CHEMBL8552,NCCCNCc1c[nH]c2ccccc12,4.55
518,CHEMBL269653,C(Cc1c[nH]c2ccccc12)NCc3c[nH]c4ccccc34,4.5
520,CHEMBL8825,OC(=O)CCCCCNC(=O)N(Cc1ccc2ccccc2c1)Cc3cccc4ccccc34,5.82
521,CHEMBL8045,C(Cc1c[nH]c2ccccc12)NCc3ccc4ccccc4c3,4.8
524,CHEMBL266305,NCCNC(=O)[C@H](CNCc1ccc2ccccc2c1)NCc3ccc4ccccc4c3,4.57
525,CHEMBL269776,NCCCNC(=O)[C@H](CNCc1c[nH]c2ccccc12)NCc3ccc4ccccc4c3,6.16
526,CHEMBL8742,NC(=N)NCCCNCc1c[nH]c2ccccc12,4.92
527,CHEMBL2113280,N[C@@H](CCCN=C(N)N)C(=O)N(Cc1cccc2ccccc12)Cc3c[nH]c4ccccc34,4.96
533,CHEMBL85918,NCCCCCC(=O)N(Cc1ccc2ccccc2c1)Cc3cccc4ccccc34,5.8
538,CHEMBL2096759,CCCC[C@H](NC(=O)[C@@H](NC(=O)[C@@H](N)Cc1ccc(O)cc1)C(C)C)C(=O)NCC(=O)N[C@@H](Cc2c[nH]cn2)C(=O)N[C@H](Cc3ccccc3)C(=O)N[C@@H](CCCN=C(N)N)C(=O)N[C@H](Cc4c[nH]c5ccccc45)C(=O)N[C@@H](CC(=O)O)C(=O)N[C@@H](CCCN=C(N)N)C(=O)N[C@@H](Cc6ccccc6)C(=O)NCC(=O)ON,8.1
540,CHEMBL413439,CCCC[C@H](NC(=O)[C@@H](NC(=O)[C@@H](N)Cc1ccc(O)cc1)C(C)C)C(=O)NCC(=O)N[C@@H](Cc2c[nH]cn2)C(=O)N[C@H](Cc3ccc4ccccc4c3)C(=O)N[C@@H](CCCN=C(N)N)C(=O)N[C@@H](Cc5c[nH]c6ccccc56)C(=O)N[C@@H](CC(=O)O)C(=O)N[C@@H](CCCN=C(N)N)C(=O)N[C@@H](Cc7ccccc7)C(=O)NCC(=O)O,9.52
543,CHEMBL414778,CCCC[C@H](NC(=O)[C@@H](NC(=O)[C@@H](N)Cc1ccc(O)cc1)C(C)C)C(=O)NCC(=O)N[C@@H](Cc2c[nH]cn2)C(=O)N[C@H](Cc3ccc4ccccc4c3)C(=O)N[C@@H](CCCN=C(N)N)C(=O)N[C@@H](Cc5ccccc5)C(=O)N[C@@H](CC(=O)O)C(=O)N[C@@H](CCCN=C(N)N)C(=O)N[C@@H](Cc6ccccc6)C(=O)NCC(=O)ON,9.8
546,CHEMBL411359,CCCC[C@H](NC(=O)[C@@H](NC(=O)[C@@H](N)Cc1ccc(O)cc1)C(C)C)C(=O)NCC(=O)N[C@@H](Cc2c[nH]cn2)C(=O)N[C@@H](Cc3ccccc3)C(=O)N[C@@H](CCCN=C(N)N)C(=O)N[C@@H](Cc4c[nH]c5ccccc45)C(=O)N[C@@H](CC(=O)O)C(=O)N[C@@H](CCCN=C(N)N)C(=O)N[C@@H](Cc6ccccc6)C(=O)NCC(=O)O,7.22
549,CHEMBL437050,CSCC[C@H](NC(=O)[C@@H](NC(=O)[C@@H](N)Cc1ccc(O)cc1)C(C)C)C(=O)NCC(=O)N[C@@H](Cc2c[nH]cn2)C(=O)N[C@@H](Cc3ccccc3)C(=O)N[C@@H](CCCN=C(N)N)C(=O)N[C@@H](Cc4c[nH]c5ccccc45)C(=O)N[C@@H](CC(=O)O)C(=O)N[C@@H](CCCN=C(N)N)C(=O)N[C@@H](Cc6ccccc6)C(=O)NCC(=O)O,8.92
552,CHEMBL2310901,CCCC[C@H](NC(=O)[C@@H](NC(=O)[C@@H](N)Cc1ccc(O)cc1)C(C)C)C(=O)NCC(=O)N2CCC[C@H]2C(=O)N[C@@H](Cc3ccccc3)C(=O)N[C@@H](CCCN=C(N)N)C(=O)N[C@H](Cc4ccc5ccccc5c4)C(=O)N[C@@H](CC(=O)O)C(=O)N[C@@H](CCCN=C(N)N)C(=O)N[C@@H](Cc6ccccc6)C(=O)NCC(=O)O,7.7
555,CHEMBL2371712,CCCC[C@H](NC(=O)[C@@H](NC(=O)[C@@H](N)Cc1ccc(O)cc1)C(C)C)C(=O)NCC(=O)N2CCC[C@H]2C(=O)N[C@H](Cc3ccc4ccccc4c3)C(=O)N[C@@H](CCCN=C(N)N)C(=O)N[C@H](Cc5ccc6ccccc6c5)C(=O)N[C@@H](CC(=O)O)C(=O)N[C@@H](CCCN=C(N)N)C(=O)N[C@@H](Cc7ccccc7)C(=O)NCC(=O)ON,8.7
558,CHEMBL438920,CCCC[C@H](NC(=O)[C@@H](NC(=O)[C@@H](N)Cc1ccc(O)cc1)C(C)C)C(=O)NCC(=O)N[C@@H](Cc2c[nH]cn2)C(=O)N[C@@H](Cc3ccccc3)C(=O)N[C@@H](CCCN=C(N)N)C(=O)N[C@H](Cc4ccc5ccccc5c4)C(=O)N[C@@H](CC(=O)O)C(=O)N[C@@H](CCCN=C(N)N)C(=O)N[C@@H](Cc6ccccc6)C(=O)NCC(=O)ON,9.16
565,CHEMBL443071,CCCC[C@H](NC(=O)[C@@H](NC(=O)[C@H](Cc1ccc(O)cc1)NC(=O)C)C(C)C)C(=O)NCC(=O)N[C@@H](Cc2c[nH]cn2)C(=O)N[C@@H](Cc3ccccc3)C(=O)N[C@@H](CCCN=C(N)N)C(=O)N[C@@H](Cc4c[nH]c5ccccc45)C(=O)N[C@@H](CC(=O)O)C(=O)N[C@@H](CCCN=C(N)N)C(=O)N[C@@H](Cc6ccccc6)C(=O)NCC(=O)ON,9.3
572,CHEMBL368876,CN1CCN[C@@H](C1)C(=O)N[C@H](Cc2ccc(F)cc2)C(=O)N3CCC(CC3)(C4CCCCC4)C(=O)NC(C)(C)C,5.77
575,CHEMBL362670,Clc1ccc(C[C@@H](NC(=O)C2Cc3ccccc3CN2)C(=O)N4CCN(CC4)[C@H]5CCCC[C@@H]5n6cncn6)cc1,5.66
576,CHEMBL180937,Clc1ccc(C[C@@H](NC(=O)C2Cc3ccccc3CN2)C(=O)N4CCN(CC4)C5(Cn6cncn6)CCCC5)cc1,6.28
578,CHEMBL184275,Clc1ccc(CCNC(=O)c2ccc(N\C(=N\C3CCCCC3)\N4CCNCC4)cc2)c(Cl)c1,6.4
581,CHEMBL185195,Clc1ccc(C[C@@H](NC(=O)C2Cc3ccccc3CN2)C(=O)N4CCN(CC4)c5ccccc5)cc1,4.89
582,CHEMBL361052,Clc1ccc(C[C@@H](NC(=O)C2Cc3ccccc3CN2)C(=O)N4CCN(CC4)C5CCCCC5)cc1,4.96
583,CHEMBL362010,[O-][N+]1(CCN(CC1)C(=O)[C@@H](Cc2ccc(Cl)cc2)NC(=O)C3Cc4ccccc4CN3)c5ccccc5,4.44
585,CHEMBL263182,Clc1ccc(C[C@@H](NC(=O)C2Cc3ccccc3CN2)C(=O)N4CCN(CC4)C5CCCCC5Cn6cncn6)cc1,5.7
586,CHEMBL405150,Clc1ccc(C[C@@H](NC(=O)C2Cc3ccccc3CN2)C(=O)N4CCN(CC4)C5(Cn6cncn6)CCCCC5)cc1,5.5
587,CHEMBL365039,Clc1ccc(C[C@@H](NC(=O)C2Cc3ccccc3CN2)C(=O)N4CCN(CC4)[C@@H]5CCCC[C@H]5n6cncn6)cc1,5.7
588,CHEMBL365825,NC(=N)NCCC[C@H](NC(=O)[C@H](Cc1ccccc1)NC(=O)[C@H](Cc2ccc(Cl)cc2)NC(=O)c3c(F)c(F)c(F)c(F)c3F)C(=O)N[C@@H](Cc4c[nH]c5ccccc45)C(=O)N,6.26
592,CHEMBL366706,Clc1ccc(C[C@@H](NC(=O)[C@H]2Cc3ccccc3CN2)C(=O)N4CCN(CC4)c5ccccc5CNCCc6cccs6)cc1,5.22
594,CHEMBL185035,CC(N[C@H]1CCNC1)c2ccccc2N3CCN(CC3)C(=O)[C@@H](Cc4ccc(Cl)cc4)NC(=O)[C@H]5Cc6ccccc6CN5,5.68
595,CHEMBL360716,CC(NC1CCCNC1)c2ccccc2N3CCN(CC3)C(=O)[C@@H](Cc4ccc(Cl)cc4)NC(=O)[C@H]5Cc6ccccc6CN5,5.82
596,CHEMBL185869,CCOC(=O)N[C@@H](Cc1ccc(Cl)cc1)C(=O)N[C@@H](Cc2ccccc2)C(=O)N[C@@H](CCCN=C(N)N)C(=O)N[C@@H](Cc3c[nH]c4ccccc34)C(=O)N,6.68
597,CHEMBL184968,CCC(=O)OC(=O)N[C@@H](Cc1ccc(Cl)cc1)C(=O)N[C@@H](Cc2ccccc2)C(=O)N[C@@H](CCCN=C(N)N)C(=O)N[C@@H](Cc3c[nH]c4ccccc34)C(=O)N,5.99
598,CHEMBL366040,NC(=N)NCCC[C@H](NC(=O)[C@H](Cc1ccccc1)NC(=O)[C@H](Cc2ccc(Cl)cc2)NC(=O)CO)C(=O)N[C@@H](Cc3c[nH]c4ccccc34)C(=O)N,6.3
599,CHEMBL434329,NC(=N)NCCC[C@H](NC(=O)[C@H](Cc1ccccc1)NC(=O)[C@H](Cc2ccc(Cl)cc2)NC(=O)C(=O)N)C(=O)N[C@@H](Cc3c[nH]c4ccccc34)C(=O)N,6.46
600,CHEMBL186687,NC(=N)NCCC[C@H](NC(=O)[C@H](Cc1ccccc1)NC(=O)[C@H](Cc2ccc(Cl)cc2)NC(=O)CC#N)C(=O)N[C@@H](Cc3c[nH]c4ccccc34)C(=O)N,6.25
601,CHEMBL187167,NC(=O)CC(=O)N[C@@H](Cc1ccc(Cl)cc1)C(=O)N[C@@H](Cc2ccccc2)C(=O)N[C@@H](CCCN=C(N)N)C(=O)N[C@@H](Cc3c[nH]c4ccccc34)C(=O)N,6.22
602,CHEMBL369770,NC(=N)NCCC[C@H](NC(=O)[C@H](Cc1ccccc1)NC(=O)[C@H](Cc2ccc(Cl)cc2)NC(=O)CNC=O)C(=O)N[C@@H](Cc3c[nH]c4ccccc34)C(=O)N,6.22
603,CHEMBL181161,CNC(=O)N[C@@H](Cc1ccc(Cl)cc1)C(=O)N[C@@H](Cc2ccccc2)C(=O)N[C@@H](CCCN=C(N)N)C(=O)N[C@@H](Cc3c[nH]c4ccccc34)C(=O)N,6.07
604,CHEMBL361252,CN(C)C(=O)N[C@@H](Cc1ccc(Cl)cc1)C(=O)N[C@@H](Cc2ccccc2)C(=O)N[C@@H](CCCN=C(N)N)C(=O)N[C@@H](Cc3c[nH]c4ccccc34)C(=O)N,5.67
605,CHEMBL184870,NC(=N)NCCC[C@H](NC(=O)[C@H](Cc1ccccc1)NC(=O)[C@H](Cc2ccc(Cl)cc2)NC(=O)NCC=C)C(=O)N[C@@H](Cc3c[nH]c4ccccc34)C(=O)N,6.3
606,CHEMBL181494,NC(=N)NCCC[C@H](NC(=O)[C@H](Cc1ccccc1)NC(=O)[C@H](Cc2ccc(Cl)cc2)NC(=O)c3ccccc3)C(=O)N[C@@H](Cc4c[nH]c5ccccc45)C(=O)N,6.16
607,CHEMBL361578,NC(=N)NCCC[C@H](NC(=O)[C@H](Cc1ccccc1)NC(=O)[C@H](Cc2ccc(Cl)cc2)NC(=O)c3cccs3)C(=O)N[C@@H](Cc4c[nH]c5ccccc45)C(=O)N,6.05
608,CHEMBL361579,NC(=N)NCCC[C@H](NC(=O)[C@H](Cc1ccccc1)NC(=O)[C@H](Cc2ccc(Cl)cc2)NC(=O)c3ccsc3)C(=O)N[C@@H](Cc4c[nH]c5ccccc45)C(=O)N,6.17
609,CHEMBL187125,NC(=N)NCCC[C@H](NC(=O)[C@H](Cc1ccccc1)NC(=O)[C@H](Cc2ccc(Cl)cc2)Nc3occc3)C(=O)N[C@@H](Cc4c[nH]c5ccccc45)C(=O)N,5.85
610,CHEMBL364119,NC(=N)NCCC[C@H](NC(=O)[C@H](Cc1ccccc1)NC(=O)[C@H](Cc2ccc(Cl)cc2)NC(=O)c3ccccn3)C(=O)N[C@@H](Cc4c[nH]c5ccccc45)C(=O)N,6.02
611,CHEMBL413912,CC[C@H](C)[C@H](NC(=O)[C@H](CO)NC(=O)[C@H](Cc1ccc(O)cc1)NC(=O)[C@H](CO)NC(=O)C)C(=O)N[C@@H](CCC(=O)O)C(=O)N[C@@H](Cc2c[nH]cn2)C(=O)N[C@@H](Cc3ccccc3)C(=O)N[C@@H](CCCN=C(N)N)C(=O)N[C@@H](Cc4c[nH]c5ccccc45)C(=O)NCC(=O)N[C@@H](CCCCN)C(=O)N6CCC[C@H]6C(=O)N[C@@H](C(C)C)C(=O)N,10.15
612,CHEMBL183733,CC(=O)N[C@@H](Cc1c[nH]cn1)C(=O)N[C@@H](Cc2ccccc2)C(=O)N[C@@H](Cc3ccccc3)C(=O)N[C@@H](CCCN=C(N)N)C(=O)N[C@@H](Cc4c[nH]c5ccccc45)C(=O)N,7.89
614,CHEMBL266665,NC(=N)NCCC[C@H](NC(=O)[C@H](Cc1ccccc1)NC(=O)[C@H](Cc2ccccc2)NC(=O)[C@H](Cc3c[nH]cn3)NC(=O)CCCC(=O)c4ccccc4)C(=O)N[C@@H](Cc5c[nH]c6ccccc56)C(=O)N,10.3
615,CHEMBL360598,NC(=N)NCCC[C@H](NC(=O)[C@H](Cc1ccccc1)NC(=O)[C@H](Cc2ccc(Cl)cc2)NC(=O)c3cccnc3)C(=O)N[C@@H](Cc4c[nH]c5ccccc45)C(=O)N,6.24
616,CHEMBL184466,NC(=N)NCCC[C@H](NC(=O)[C@H](Cc1ccccc1)NC(=O)[C@H](Cc2ccc(Cl)cc2)NC(=O)c3ccncc3)C(=O)N[C@@H](Cc4c[nH]c5ccccc45)C(=O)N,6.27
617,CHEMBL263234,NC(=N)NCCC[C@H](NC(=O)[C@H](Cc1ccccc1)NC(=O)[C@H](Cc2ccc(Cl)cc2)NC(=O)Cc3ccccc3)C(=O)N[C@@H](Cc4c[nH]c5ccccc45)C(=O)N,6.16
618,CHEMBL184895,NC(=N)NCCC[C@H](NC(=O)[C@H](Cc1ccccc1)NC(=O)[C@H](Cc2ccc(Cl)cc2)NC(=O)CCc3ccccc3)C(=O)N[C@@H](Cc4c[nH]c5ccccc45)C(=O)N,6.36
619,CHEMBL361253,NC(=N)NCCC[C@H](NC(=O)[C@H](Cc1ccccc1)NC(=O)[C@H](Cc2ccc(Cl)cc2)NC(=O)CCCc3ccccc3)C(=O)N[C@@H](Cc4c[nH]c5ccccc45)C(=O)N,6.95
620,CHEMBL365044,NC(=N)NCCC[C@H](NC(=O)[C@H](Cc1ccccc1)NC(=O)[C@H](Cc2ccc(Cl)cc2)NC(=O)CCCCc3ccccc3)C(=O)N[C@@H](Cc4c[nH]c5ccccc45)C(=O)N,6.84
621,CHEMBL365019,NC(=N)NCCC[C@H](NC(=O)[C@H](Cc1ccccc1)NC(=O)[C@H](Cc2ccc(Cl)cc2)NC(=O)CCCC(=O)c3ccccc3)C(=O)N[C@@H](Cc4c[nH]c5ccccc45)C(=O)N,7.64
622,CHEMBL183315,CC(=O)N[C@@H](Cc1ccc(Cl)cc1)C(=O)N[C@@H](Cc2ccccc2)C(=O)N[C@@H](CCCN=C(N)N)C(=O)N[C@@H](Cc3c[nH]c4ccccc34)C(=O)N,6.06
623,CHEMBL183476,CCC(=O)N[C@@H](Cc1ccc(Cl)cc1)C(=O)N[C@@H](Cc2ccccc2)C(=O)N[C@@H](CCCN=C(N)N)C(=O)N[C@@H](Cc3c[nH]c4ccccc34)C(=O)N,5.7
624,CHEMBL363272,CCCC(=O)N[C@@H](Cc1ccc(Cl)cc1)C(=O)N[C@@H](Cc2ccccc2)C(=O)N[C@@H](CCCN=C(N)N)C(=O)N[C@@H](Cc3c[nH]c4ccccc34)C(=O)N,6.1
625,CHEMBL359701,CC(C)C(=O)N[C@@H](Cc1ccc(Cl)cc1)C(=O)N[C@@H](Cc2ccccc2)C(=O)N[C@@H](CCCN=C(N)N)C(=O)N[C@@H](Cc3c[nH]c4ccccc34)C(=O)N,6.25
626,CHEMBL363061,NC(=N)NCCC[C@H](NC(=O)[C@H](Cc1ccccc1)NC(=O)[C@H](Cc2ccc(Cl)cc2)NC(=O)CCC(=O)c3ccc(F)cc3)C(=O)N[C@@H](Cc4c[nH]c5ccccc45)C(=O)N,6.94
627,CHEMBL359702,NC(=N)NCCC[C@H](NC(=O)[C@H](Cc1ccccc1)NC(=O)[C@H](Cc2ccc(Cl)cc2)NC(=O)C3CC3)C(=O)N[C@@H](Cc4c[nH]c5ccccc45)C(=O)N,6.27
628,CHEMBL434544,CCCCC(=O)N[C@@H](Cc1ccc(Cl)cc1)C(=O)N[C@@H](Cc2ccccc2)C(=O)N[C@@H](CCCN=C(N)N)C(=O)N[C@@H](Cc3c[nH]c4ccccc34)C(=O)N,6.36
629,CHEMBL359927,CC(C)(C)C(=O)N[C@@H](Cc1ccc(Cl)cc1)C(=O)N[C@@H](Cc2ccccc2)C(=O)N[C@@H](CCCN=C(N)N)C(=O)N[C@@H](Cc3c[nH]c4ccccc34)C(=O)N,6.42
630,CHEMBL263047,NC(=N)NCCC[C@H](NC(=O)[C@H](Cc1ccccc1)NC(=O)[C@H](Cc2ccc(Cl)cc2)NC(=O)CC(F)(F)F)C(=O)N[C@@H](Cc3c[nH]c4ccccc34)C(=O)N,5.92
631,CHEMBL363271,NC(=N)NCCC[C@H](NC(=O)[C@H](Cc1ccccc1)NC(=O)[C@H](Cc2ccc(Cl)cc2)NC(=O)CCC(=O)c3cc(F)cc(F)c3)C(=O)N[C@@H](Cc4c[nH]c5ccccc45)C(=O)N,7.39
632,CHEMBL425348,NC(=N)NCCC[C@H](NC(=O)[C@H](Cc1ccccc1)NC(=O)[C@H](Cc2ccc(Cl)cc2)NC(=O)COc3ccccc3)C(=O)N[C@@H](Cc4c[nH]c5ccccc45)C(=O)N,6.08
633,CHEMBL359765,NC(=N)NCCC[C@H](NC(=O)[C@H](Cc1ccccc1)NC(=O)[C@H](Cc2ccc(Cl)cc2)NC(=O)Nc3ccccc3)C(=O)N[C@@H](Cc4c[nH]c5ccccc45)C(=O)N,6.01
634,CHEMBL184644,CS(=O)(=O)N[C@@H](Cc1ccc(Cl)cc1)C(=O)N[C@@H](Cc2ccccc2)C(=O)N[C@@H](CCCN=C(N)N)C(=O)N[C@@H](Cc3c[nH]c4ccccc34)C(=O)N,6.27
635,CHEMBL364359,NC(=N)NCCC[C@H](NC(=O)[C@H](Cc1ccccc1)NC(=O)[C@H](Cc2ccc(Cl)cc2)NS(=O)(=O)C(F)(F)F)C(=O)N[C@@H](Cc3c[nH]c4ccccc34)C(=O)N,5.67
636,CHEMBL434357,COP(=O)(N[C@@H](Cc1ccc(Cl)cc1)C(=O)N[C@@H](Cc2ccccc2)C(=O)N[C@@H](CCCN=C(N)N)C(=O)N[C@@H](Cc3c[nH]c4ccccc34)C(=O)N)OC,6.11
637,CHEMBL184326,COP(=S)(N[C@@H](Cc1ccc(Cl)cc1)C(=O)N[C@@H](Cc2ccccc2)C(=O)N[C@@H](CCCN=C(N)N)C(=O)N[C@@H](Cc3c[nH]c4ccccc34)C(=O)N)OC,5.72
638,CHEMBL185868,NC(=N)NCCC[C@H](NC(=O)[C@H](Cc1ccccc1)NC(=O)[C@H](Cc2ccc(Cl)cc2)NC(=O)CC=C)C(=O)N[C@@H](Cc3c[nH]c4ccccc34)C(=O)N,6.07
639,CHEMBL365385,COCC(=O)N[C@@H](Cc1ccc(Cl)cc1)C(=O)N[C@@H](Cc2ccccc2)C(=O)N[C@@H](CCCN=C(N)N)C(=O)N[C@@H](Cc3c[nH]c4ccccc34)C(=O)N,6.3
640,CHEMBL362879,CSCC(=O)N[C@@H](Cc1ccc(Cl)cc1)C(=O)N[C@@H](Cc2ccccc2)C(=O)N[C@@H](CCCN=C(N)N)C(=O)N[C@@H](Cc3c[nH]c4ccccc34)C(=O)N,6.42
643,CHEMBL186083,NCCC(=O)N[C@H](Cc1ccc(Cl)cc1)C(=O)N2CCN(CC2)c3ccccc3CNCCc4cccs4,5.89
644,CHEMBL186289,NCCCC(=O)N[C@H](Cc1ccc(Cl)cc1)C(=O)N2CCN(CC2)c3ccccc3CNCCc4cccs4,5.92
645,CHEMBL186074,Clc1ccc(C[C@@H](NC(=O)C2CCCNC2)C(=O)N3CCN(CC3)c4ccccc4CNCCc5cccs5)cc1,5.64
646,CHEMBL184432,C[C@H]1CN([C@H](C)CN1)\C(=N\c2ccc(cc2)C(=O)NCCc3ccc(Cl)cc3Cl)\NC4CCCCC4,6.44
649,CHEMBL186339,Clc1ccc(CCNC(=O)c2ccc(N\C(=N/C3CCNC3)\NC4CCCCC4)cc2)c(Cl)c1,5.72
652,CHEMBL363019,COc1cccc(CC(=O)NCC2(CCCCC2)N3CCN(CC3)C(=O)[C@@H](Cc4ccc(Cl)cc4Cl)NC(=O)CCN)c1,5.55
653,CHEMBL364560,COc1ccc(CC(=O)NCC2(CCCCC2)N3CCN(CC3)C(=O)[C@@H](Cc4ccc(Cl)cc4Cl)NC(=O)CCN)cc1,5.24
654,CHEMBL188651,NCCC(=O)N[C@H](Cc1ccc(Cl)cc1Cl)C(=O)N2CCN(CC2)C3(CNC(=O)Cc4cccs4)CCCCC3,5.34
655,CHEMBL365465,NCCC(=O)N[C@H](Cc1ccc(Cl)cc1Cl)C(=O)N2CCN(CC2)C3(CNCc4cccs4)CCCCC3,5.35
657,CHEMBL433764,CC(C)(C)NC(=O)C1(CCN(CC1)C(=O)[C@@H](Cc2ccc(Cl)cc2)NC(=O)[C@H]3CCc4ccccc4[C@H]3N)C5CCCCC5,6.28
658,CHEMBL187990,CC(C)(C)NC(=O)C1(CCN(CC1)C(=O)[C@@H](Cc2ccc(Cl)cc2)NC(=O)C3Cc4ccccc4C3N)C5CCCCC5,5.85
659,CHEMBL362523,CC(C)(C)NC(=O)C1(CCN(CC1)C(=O)[C@@H](Cc2ccc(Cl)cc2)NC(=O)C3Cc4ccccc4CC3N)C5CCCCC5,6.03
661,CHEMBL2113041,CC(C)(C)NC(=O)C1(CCN(CC1)C(=O)[C@@H](Cc2ccc(Cl)cc2)NC(=O)C3CCCc4ccccc4C3N)C5CCCCC5,6.66
662,CHEMBL360818,CC(C)(C)NC(=O)C1(CCN(CC1)C(=O)[C@@H](Cc2ccc(Cl)cc2)NC(=O)[C@@H]3CCc4ccccc4[C@@H]3N)C5CCCCC5,6.01
663,CHEMBL360819,CC(C)(C)NC(=O)C1(CCN(CC1)C(=O)[C@@H](Cc2ccc(Cl)cc2)NC(=O)[C@H]3CCc4ccccc4[C@@]3(C)N)C5CCCCC5,6.21
666,CHEMBL2113043,COc1ccc(cc1)N2N=C(CC(CC[C@@H](C)NC(=O)[C@H]3CCNC[C@@H]3c4ccc(F)cc4)C2=O)Sc5ccc(Cl)cc5,5.96
668,CHEMBL2113039,COc1ccc(cc1)N2N=C(CC(CC[C@@H](C)NC(=O)[C@H]3CNC[C@@H]3c4ccc(F)cc4)C2=O)Sc5ccc(Cl)cc5,6.54
673,CHEMBL2113037,COc1ccc(cc1)N2N=C(CC(CC[C@@H](C)NC(=O)[C@H]3CNCC[C@@H]3c4ccc(F)cc4)C2=O)Sc5ccc(Cl)cc5,6.64
677,CHEMBL436122,FCCOC(=O)N[C@H](Cc1ccc(Cl)cc1Cl)C(=O)N2CCN(CC2)c3ccccc3CNCCc4cccs4,6.0
681,CHEMBL194987,CN(C)C(=O)N[C@H](Cc1ccc(Cl)cc1Cl)C(=O)N2CCN(CC2)c3ccccc3CNCCc4cccs4,5.17
682,CHEMBL195110,Clc1ccc(C[C@@H](NC(=O)N2CCCC2)C(=O)N3CCN(CC3)c4ccccc4CNCCc5cccs5)c(Cl)c1,5.16
683,CHEMBL415165,CSCC[C@H](NC(=O)[C@H](CO)NC(=O)[C@H](Cc1ccc(O)cc1)NC(=O)[C@H](CO)NC(=O)[C@@H]2CCCN2C(=O)[C@H](CC(=O)O)NC(=O)[C@@H](N)CC(=O)N)C(=O)N[C@@H](CCC(=O)O)C(=O)N[C@@H](Cc3c[nH]cn3)C(=O)N[C@@H](Cc4ccccc4)C(=O)N[C@@H](CCCN=C(N)N)C(=O)N[C@@H](Cc5c[nH]c6ccccc56)C(=O)NCC(=O)N[C@@H](CCCCN)C(=O)N7CCC[C@H]7C(=O)N[C@@H](C(C)C)C(=O)NCC(=O)O,10.0
684,CHEMBL412536,CSCC[C@H](NC(=O)[C@H](CCCN=C(N)N)NC(=O)[C@H](Cc1ccc(O)cc1)NC(=O)[C@@H]2CCCN2C(=O)CNC(=O)[C@H](CCC(=O)O)NC(=O)[C@H](CC(=O)O)NC(=O)[C@H](CCCCN)NC(=O)[C@H](CCCCN)NC(=O)[C@H](CCC(=O)O)NC(=O)[C@H](C)N)C(=O)N[C@@H](CCC(=O)O)C(=O)N[C@@H](Cc3c[nH]cn3)C(=O)N[C@@H](Cc4ccccc4)C(=O)N[C@@H](CCCN=C(N)N)C(=O)N[C@@H](Cc5c[nH]c6ccccc56)C(=O)NCC(=O)N[C@@H](CO)C(=O)N7CCC[C@H]7C(=O)N8CCC[C@H]8C(=O)N[C@@H](CCCCN)C(=O)N[C@@H](CC(=O)O)C(=O)O,9.05
685,CHEMBL428326,CSCC[C@H](NC(=O)[C@H](CCCN=C(N)N)NC(=O)[C@H](Cc1ccc(O)cc1)NC(=O)[C@@H]2CCCN2C(=O)CN)C(=O)N[C@@H](CCC(=O)O)C(=O)N[C@@H](Cc3c[nH]cn3)C(=O)N[C@@H](Cc4ccccc4)C(=O)N[C@@H](CCCN=C(N)N)C(=O)N[C@@H](Cc5c[nH]c6ccccc56)C(=O)NCC(=O)N[C@@H](CO)C(=O)N7CCC[C@H]7C(=O)N8CCC[C@H]8C(=O)N[C@@H](CCCCN)C(=O)N[C@@H](CC(=O)O)C(=O)N,9.29
686,CHEMBL414718,CSCC[C@H](NC(=O)[C@H](CCCN=C(N)N)NC(=O)[C@H](Cc1ccc(O)cc1)NC(=O)C)C(=O)N[C@@H](CCC(=O)O)C(=O)N[C@@H](Cc2c[nH]cn2)C(=O)N[C@H](Cc3ccccc3)C(=O)N[C@@H](CCCN=C(N)N)C(=O)N[C@@H](Cc4c[nH]c5ccccc45)C(=O)NCC(=O)N[C@@H](CO)C(=O)N6CCC[C@H]6C(=O)N7CCC[C@H]7C(=O)N[C@@H](CCCCN)C(=O)N[C@@H](CC(=O)O)C(=O)N,10.05
687,CHEMBL2373515,CC(=O)N[C@@H](Cc1ccc(O)cc1)C(=O)N[C@@H](CCCN=C(N)N)C(=O)N[C@@H]2CSSC[C@@H](NC(=O)[C@@H](Cc3c[nH]c4ccccc34)NC(=O)[C@H](CCCN=C(N)N)NC(=O)[C@H](Cc5ccccc5)NC(=O)[C@H](Cc6c[nH]cn6)NC(=O)[C@@H](CCC(=O)O)NC2=O)C(=O)N[C@@H](CO)C(=O)N7CCC[C@H]7C(=O)N8CCC[C@H]8C(=O)N[C@@H](CCCCN)C(=O)N[C@@H](CC(=O)O)C(=O)N,9.24
688,CHEMBL264352,CC(=O)N[C@@H](Cc1ccc(O)cc1)C(=O)N[C@@H](CCCN=C(N)N)C(=O)N[C@@H]2CSSC[C@@H](NC(=O)[C@@H](Cc3c[nH]c4ccccc34)NC(=O)[C@H](CCCN=C(N)N)NC(=O)[C@H](Cc5ccccc5)NC(=O)[C@H](Cc6c[nH]cn6)NC(=O)[C@@H](CCC(=O)O)NC2=O)C(=O)N,7.77
689,CHEMBL410672,CC(=O)N[C@@H](Cc1ccc(O)cc1)C(=O)N[C@@H](CCCN=C(N)N)C(=O)N[C@@H]2CSSC[C@@H](NC(=O)[C@@H](Cc3c[nH]c4ccccc34)NC(=O)[C@H](CCCN=C(N)N)NC(=O)[C@@H](Cc5ccccc5)NC(=O)[C@H](Cc6c[nH]cn6)NC(=O)[C@@H](CCC(=O)O)NC2=O)C(=O)N,6.83
690,CHEMBL266879,CSCC[C@H](NC(=O)[C@H](CCCN=C(N)N)NC(=O)[C@H](Cc1ccc(O)cc1)NC(=O)C)C(=O)N[C@@H](CCC(=O)O)C(=O)N[C@@H](Cc2c[nH]cn2)C(=O)N[C@H](Cc3ccccc3)C(=O)N[C@@H](CCCN=C(N)N)C(=O)N[C@@H](Cc4c[nH]c5ccccc45)C(=O)NCC(=O)N,9.68
691,CHEMBL427666,CSC[C@H](NC(=O)[C@H](Cc1c[nH]c2ccccc12)NC(=O)[C@H](CCCN=C(N)N)NC(=O)[C@@H](Cc3ccccc3)NC(=O)[C@H](Cc4c[nH]cn4)NC(=O)[C@H](CCC(=O)O)NC(=O)[C@H](CSC)NC(=O)[C@H](CCCN=C(N)N)NC(=O)[C@H](Cc5ccc(O)cc5)NC(=O)C)C(=O)N,8.56
692,CHEMBL412523,CC(=O)N[C@@H](Cc1ccc(O)cc1)C(=O)N[C@@H](CCCN=C(N)N)C(=O)N[C@@H]2CSSC[C@@H](NC(=O)[C@@H](Cc3c[nH]c4ccccc34)NC(=O)[C@H](CCCN=C(N)N)NC(=O)[C@H](Cc5ccc6ccccc6c5)NC(=O)[C@H](Cc7c[nH]cn7)NC(=O)[C@@H](CCC(=O)O)NC2=O)C(=O)N,6.92
693,CHEMBL415661,CC(=O)N[C@@H](Cc1ccc(O)cc1)C(=O)N[C@@H](CCCN=C(N)N)C(=O)N[C@@H]2CSSC[C@@H](NC(=O)[C@@H](Cc3c[nH]c4ccccc34)NC(=O)[C@H](CCCN=C(N)N)NC(=O)[C@H](Cc5ccc(Cl)cc5)NC(=O)[C@H](Cc6c[nH]cn6)NC(=O)[C@@H](CCC(=O)O)NC2=O)C(=O)N,8.09
694,CHEMBL407809,CC(=O)N[C@@H](Cc1ccc(O)cc1)C(=O)N[C@@H](CCCN=C(N)N)C(=O)N[C@@H]2CSSC[C@@H](NC(=O)[C@@H](Cc3c[nH]c4ccccc34)NC(=O)[C@H](CCCN=C(N)N)NC(=O)[C@H](Cc5ccc(F)cc5)NC(=O)[C@H](Cc6c[nH]cn6)NC(=O)[C@@H](CCC(=O)O)NC2=O)C(=O)N,8.0
696,CHEMBL385556,CC(=O)N[C@@H]1CSSC[C@@H](NC(=O)[C@@H](Cc2c[nH]c3ccccc23)NC(=O)[C@H](CCCN=C(N)N)NC(=O)[C@H](Cc4ccccc4)NC(=O)[C@H](Cc5c[nH]cn5)NC(=O)[C@@H](CCC(=O)O)NC1=O)C(=O)N,7.17
697,CHEMBL412494,CC(=O)N[C@@H](Cc1ccc(O)cc1)C(=O)N[C@@H](CCCNC(=O)N)C(=O)N[C@@H]2CSSC[C@@H](NC(=O)[C@@H](Cc3c[nH]c4ccccc34)NC(=O)[C@H](CCCN=C(N)N)NC(=O)[C@H](Cc5ccccc5)NC(=O)[C@H](Cc6c[nH]cn6)NC(=O)[C@@H](CCC(=O)O)NC2=O)C(=O)N,7.31
698,CHEMBL412495,CC(=O)N[C@@H](Cc1ccc(O)cc1)C(=O)N[C@@H](CCCCN)C(=O)N[C@@H]2CSSC[C@@H](NC(=O)[C@@H](Cc3c[nH]c4ccccc34)NC(=O)[C@H](CCCN=C(N)N)NC(=O)[C@H](Cc5ccccc5)NC(=O)[C@H](Cc6c[nH]cn6)NC(=O)[C@@H](CCC(=O)O)NC2=O)C(=O)N,7.8
699,CHEMBL408257,CC(=O)N[C@H](CCCN=C(N)N)C(=O)N[C@H]1CSSC[C@H](NC(=O)[C@H](Cc2c[nH]c3ccccc23)NC(=O)[C@@H](CCCN=C(N)N)NC(=O)[C@@H](Cc4ccccc4)NC(=O)[C@@H](Cc5c[nH]cn5)NC(=O)[C@H](CCC(=O)O)NC1=O)C(=O)N,7.99
700,CHEMBL267900,CC(=O)N[C@@H](CCCN=C(N)N)C(=O)N[C@H]1CSSC[C@H](NC(=O)[C@H](Cc2c[nH]c3ccccc23)NC(=O)[C@@H](CCCN=C(N)N)NC(=O)[C@@H](Cc4ccccc4)NC(=O)[C@@H](Cc5c[nH]cn5)NC(=O)[C@H](CCC(=O)O)NC1=O)C(=O)N,7.78
726,CHEMBL2372039,CCCCC(=O)N[C@]1(CCc2ccccc2C1)C(=O)N[C@H](Cc3ccccc3)C(=O)N[C@@H](CCCN=C(N)N)C(=O)N[C@@H](Cc4c[nH]c5ccccc45)C(=O)NCC(=O)N,6.08
729,CHEMBL197695,CCCCC(=O)N[C@@]1(CC[C@H](CC1)c2ccccc2)C(=O)N[C@H](Cc3ccccc3)C(=O)N[C@@H](CCCN=C(N)N)C(=O)N[C@@H](Cc4c[nH]c5ccccc45)C(=O)NCC(=O)N,5.89
736,CHEMBL436329,CCCCC(=O)N[C@@]1(CC[C@@H](CC1)c2ccc(O)cc2)C(=O)N[C@H](Cc3ccccc3)C(=O)N[C@@H](CCCN=C(N)N)C(=O)N[C@@H](Cc4c[nH]c5ccccc45)C(=O)NCC(=O)N,5.89
737,CHEMBL262470,CCCCC(=O)N[C@@]1(CC[C@@H](CC1)c2cccc(OC)c2)C(=O)N[C@H](Cc3ccccc3)C(=O)N[C@@H](CCCN=C(N)N)C(=O)N[C@@H](Cc4c[nH]c5ccccc45)C(=O)NCC(=O)N,6.16
738,CHEMBL372274,CCCCC(=O)N[C@@]1(CC[C@@H](CC1)c2cc(CCC)cc(CCC)c2)C(=O)N[C@H](Cc3ccccc3)C(=O)N[C@@H](CCCN=C(N)N)C(=O)N[C@@H](Cc4c[nH]c5ccccc45)C(=O)NCC(=O)N,6.68
739,CHEMBL199037,CCCCC(=O)N[C@@]1(CC[C@@H](CC1)c2ccccc2)C(=O)N[C@H](Cc3ccccc3)C(=O)N[C@@H](CCCN=C(N)N)C(=O)N[C@@H](Cc4c[nH]c5ccccc45)C(=O)N,5.89
741,CHEMBL2113133,CC(=O)N1CCCc2cccc(N3CCN(CC3)C(=O)[C@@H](Cc4ccc(Cl)cc4)NC(=O)[C@H]5Cc6ccccc6CN5)c12,4.7
742,CHEMBL2113139,Clc1ccc(C[C@@H](NC(=O)[C@H]2Cc3ccccc3CN2)C(=O)N4CCN(CC4)c5cccc6CCN(Cc56)S(=O)(=O)c7ccccc7)cc1,5.16
743,CHEMBL2113144,Clc1ccc(C[C@@H](NC(=O)[C@H]2Cc3ccccc3CN2)C(=O)N4CCN(CC4)c5cccc6CCCCc56)cc1,5.52
744,CHEMBL2113149,CN(C)C1CCc2cccc(N3CCN(CC3)C(=O)[C@@H](Cc4ccc(Cl)cc4)NC(=O)[C@H]5Cc6ccccc6CN5)c2C1,5.4
758,CHEMBL371215,CCCCC(=O)NC1(CCc2c(Br)cccc2C1)C(=O)N[C@H](Cc3ccccc3)C(=O)N[C@@H](CCCN=C(N)N)C(=O)NC(Cc4ccc5ccccc5c4)C(=O)NCC(=O)N,5.54
780,CHEMBL381125,CC(C)N(CC1(CCN(CC1)C(=O)[C@@H](Cc2ccc(Cl)cc2)NC(=O)[C@H]3Cc4ccccc4CN3)C5CCCCC5)S(=O)(=O)C,5.89
782,CHEMBL380727,CCOC(=O)N(CC1(CCN(CC1)C(=O)[C@@H](Cc2ccc(Cl)cc2)NC(=O)[C@H]3Cc4ccccc4CN3)C5CCCCC5)C(C)C,5.96
783,CHEMBL383719,CC1(C)CCN(CC2(CCN(CC2)C(=O)[C@@H](Cc3ccc(Cl)cc3)NC(=O)[C@H]4Cc5ccccc5CN4)C6CCCCC6)S1(=O)=O,5.92
784,CHEMBL203975,Clc1ccc(C[C@@H](NC(=O)[C@H]2Cc3ccccc3CN2)C(=O)N4CCC(CN5CCCS5(=O)=O)(CC4)C6CCCCC6)cc1,5.89
785,CHEMBL380635,Clc1ccc(C[C@@H](NC(=O)[C@H]2Cc3ccccc3CN2)C(=O)N4CCC(CN5C(=O)OCC56CCC6)(CC4)C7CCCCC7)cc1,5.68
786,CHEMBL204308,Clc1ccc(C[C@@H](NC(=O)[C@H]2Cc3ccccc3CN2)C(=O)N4CCC(CN5C(=O)OCC56CC6)(CC4)C7CCCCC7)cc1,5.62
787,CHEMBL204078,C[C@H]1COC(=O)N1CC2(CCN(CC2)C(=O)[C@@H](Cc3ccc(Cl)cc3)NC(=O)[C@H]4Cc5ccccc5CN4)C6CCCCC6,5.62
788,CHEMBL203911,C[C@@H]1COC(=O)N1CC2(CCN(CC2)C(=O)[C@@H](Cc3ccc(Cl)cc3)NC(=O)[C@H]4Cc5ccccc5CN4)C6CCCCC6,5.77
789,CHEMBL381501,CC1(C)COC(=O)N1CC2(CCN(CC2)C(=O)[C@@H](Cc3ccc(Cl)cc3)NC(=O)[C@H]4Cc5ccccc5CN4)C6CCCCC6,5.96
790,CHEMBL265985,Clc1ccc(C[C@@H](NC(=O)[C@H]2Cc3ccccc3CN2)C(=O)N4CCC(CN5CCOC5=O)(CC4)C6CCCCC6)cc1,5.7
791,CHEMBL438259,CN1CCN(CC2(CCN(CC2)C(=O)[C@@H](Cc3ccc(Cl)cc3)NC(=O)[C@H]4Cc5ccccc5CN4)C6CCCCC6)C1=O,5.75
792,CHEMBL381503,Clc1ccc(C[C@@H](NC(=O)[C@H]2Cc3ccccc3CN2)C(=O)N4CCC(CN5CCNC5=O)(CC4)C6CCCCC6)cc1,5.96
825,CHEMBL204864,CCCC[C@@H]1NC(=O)CC[C@H](NC(=O)[C@H](Cc2c[nH]c3ccccc23)NC(=O)[C@H](CCCN=C(N)N)NC(=O)[C@@H](Cc4ccc5ccccc5c4)NC(=O)[C@H](CCCC)NC1=O)C(=O)N,5.52
826,CHEMBL413573,CCCC[C@@H]1NC(=O)CC[C@H](NC(=O)[C@H](Cc2c[nH]c3ccccc23)NC(=O)[C@H](CCCN=C(N)N)NC(=O)[C@@H](Cc4ccc5ccccc5c4)NC(=O)[C@@H](NC1=O)C(C)C)C(=O)N,5.4
827,CHEMBL204263,CCCC[C@@H]1NC(=O)CC[C@H](NC(=O)[C@H](Cc2c[nH]c3ccccc23)NC(=O)[C@H](CCCN=C(N)N)NC(=O)[C@@H](Cc4ccc5ccccc5c4)NC(=O)[C@@H](CCCN=C(N)N)NC1=O)C(=O)N,5.82
828,CHEMBL204310,CCCC[C@@H]1NC(=O)CC[C@H](NC(=O)[C@H](Cc2c[nH]c3ccccc23)NC(=O)[C@H](CCCN=C(N)N)NC(=O)[C@@H](Cc4ccc5ccccc5c4)NC(=O)[C@H](CCC(=O)N)NC1=O)C(=O)N,6.0
835,CHEMBL263822,CCCC[C@@H]1NC(=O)CC[C@H](NC(=O)[C@H](Cc2c[nH]c3ccccc23)NC(=O)[C@H](CCCN=C(N)N)NC(=O)[C@@H](Cc4ccccc4)NC(=O)[C@@H](CCCN=C(N)N)NC1=O)C(=O)N,5.85
836,CHEMBL203602,CCCC[C@@H]1NC(=O)CC[C@H](NC(=O)[C@H](Cc2c[nH]c3ccccc23)NC(=O)[C@H](CCCN=C(N)N)NC(=O)[C@@H](Cc4ccccc4)NC(=O)[C@@H](CCC(=O)N)NC1=O)C(=O)N,6.0
870,CHEMBL202699,CNC(=O)[C@H](Cc1ccc2ccccc2c1)NC(=O)[C@H](CCCN=C(N)N)NC(=O)[C@@H](Cc3ccccc3)NC(=O)[C@H](Cc4ccc(O)cc4)NC(=O)C,5.35
874,CHEMBL383256,CNC(=O)[C@H](Cc1ccc2ccccc2c1)NC(=O)[C@H](CCCN=C(N)N)NC(=O)[C@H](CC[C@@H]3Cc4ccccc4CN3)Cc5ccccc5,5.4
875,CHEMBL206018,CNC(=O)[C@H](Cc1ccc2ccccc2c1)NC(=O)[C@H](CCCN=C(N)N)NC(=O)[C@H](CC[C@H](Cc3ccc(Cl)cc3)NC(=O)C)Cc4ccc(F)cc4,4.91
876,CHEMBL203252,CNC(=O)[C@H](Cc1ccc2ccccc2c1)NC(=O)[C@H](CCCN=C(N)N)NC(=O)[C@H](CC[C@H](Cc3ccccc3)NC(=O)C)Cc4ccc(F)cc4,4.63
877,CHEMBL437132,CNC(=O)[C@H](Cc1ccc2ccccc2c1)NC(=O)[C@H](CCCN=C(N)N)NC(=O)[C@H](CC[C@H](Cc3ccc(O)cc3)NC(=O)C)Cc4ccc(F)cc4,4.65
878,CHEMBL444883,CNC(=O)[C@H](Cc1ccc2ccccc2c1)NC(=O)[C@H](CCCN=C(N)N)NC(=O)[C@H](CC[C@H](Cc3ccc(O)cc3)NC(=O)C)Cc4ccccc4,5.07
879,CHEMBL381357,CNC(=O)[C@H](Cc1ccc2ccccc2c1)NC(=O)[C@H](CCCN=C(N)N)NC(=O)[C@@H](Cc3ccccc3)NC(=O)[C@@H]4Cc5ccccc5CN4,5.64
880,CHEMBL380855,CCN(CC)CC(N1CCN(CC1)C(=O)[C@@H](Cc2ccc(Cl)cc2)NC(=O)CC3NCc4ccccc34)c5ccccc5F,5.22
881,CHEMBL377961,CCN(CC)CC(N1CCN(CC1)C(=O)[C@@H](Cc2ccc(Cl)cc2)NC(=O)[C@H]3Cc4ccccc4CN3)c5ccccc5F,5.24
882,CHEMBL380540,CCN(CC)CC(N1CCN(CC1)C(=O)[C@@H](Cc2ccc(Cl)cc2)NC(=O)C3Cc4ccccc4C(C)(C)N3)c5ccccc5F,5.16
883,CHEMBL438432,CCN(CC)CC(N1CCN(CC1)C(=O)[C@@H](Cc2ccc(Cl)cc2)NC(=O)CC3(C)NCc4ccccc34)c5ccccc5F,4.7
884,CHEMBL206840,CCN(CC)CC(N1CCN(CC1)C(=O)[C@@H](Cc2ccc(Cl)cc2)NC(=O)c3cc4ccccc4cn3)c5ccccc5F,5.16
885,CHEMBL380365,CCN(CC)CC(N1CCN(CC1)C(=O)[C@@H](Cc2ccc(Cl)cc2)NC(=O)CC3NCCc4ccccc34)c5ccccc5F,5.52
886,CHEMBL380858,CCN(CC)CC(N1CCN(CC1)C(=O)[C@@H](Cc2ccc(Cl)cc2)NC(=O)CC3N(C)Cc4ccccc34)c5ccccc5F,5.07
887,CHEMBL379959,NC(=N)NCCC[C@@H]1NC(=O)[C@@H](Cc2ccccc2)NC(=O)[C@@H](Cc3c[nH]cn3)NC(=O)CCCCCCNC(=O)[C@@H](Cc4c[nH]c5ccccc45)NC1=O,7.17
888,CHEMBL211131,NC(=N)NCCC[C@@H]1NC(=O)[C@H](Cc2ccccc2)NC(=O)[C@@H](Cc3c[nH]cn3)NC(=O)CCCCCCCNC(=O)[C@H](Cc4c[nH]c5ccccc45)NC1=O,5.29
889,CHEMBL3143817,NC(=N)NCCC[C@@H]1NC(=O)[C@@H](Cc2ccccc2)NC(=O)[C@H](Cc3c[nH]cn3)NC(=O)CCNC(=O)[C@H](Cc4c[nH]c5ccccc45)NC1=O,6.87
890,CHEMBL379531,NC(=N)NCCC[C@@H]1NC(=O)[C@@H](Cc2ccccc2)NC(=O)[C@@H](Cc3c[nH]cn3)NC(=O)CCCNC(=O)[C@H](Cc4c[nH]c5ccccc45)NC1=O,6.57
891,CHEMBL210399,NC(=N)NCCC[C@@H]1NC(=O)[C@@H](Cc2ccccc2)NC(=O)[C@@H](Cc3c[nH]cn3)NC(=O)CCCCNC(=O)[C@H](Cc4c[nH]c5ccccc45)NC1=O,5.48
892,CHEMBL379627,NC(=N)NCCC[C@@H]1NC(=O)[C@@H](Cc2ccccc2)NC(=O)[C@@H](Cc3c[nH]cn3)NC(=O)CCCCCNC(=O)[C@H](Cc4c[nH]c5ccccc45)NC1=O,5.89
893,CHEMBL264120,NC(=N)NCCC[C@@H]1NC(=O)[C@H](Cc2ccccc2)NC[C@H](Cc3c[nH]cn3)NC(=O)CCCCCCCC(=O)[C@H](Cc4c[nH]c5ccccc45)NC1=O,7.11
1006,CHEMBL211975,CNC(=O)[C@H](Cc1ccc2ccccc2c1)N3CCN([C@@H](CCCN=C(N)N)C3=O)C(=O)[C@H](N)Cc4ccccc4,6.18
1007,CHEMBL215895,CNC(=O)[C@H](Cc1ccc2ccccc2c1)N3CCN([C@@H](CCCN=C(N)N)C3=O)C(=O)[C@@H](Cc4ccc(F)cc4)NC(=O)C5Cc6ccccc6CN5,6.5
1008,CHEMBL212855,CNC(=O)[C@H](Cc1ccc2ccccc2c1)N3CCN([C@@H](CCNC(=O)N)C3=O)C(=O)[C@H](N)Cc4ccc(F)cc4,4.66
1009,CHEMBL213284,CNC(=O)[C@H](Cc1ccc2ccccc2c1)N3CCN([C@@H](CCCNC(=O)N)C3=O)C(=O)[C@H](N)Cc4ccc(F)cc4,5.67
1010,CHEMBL214770,CNC(=O)[C@H](Cc1ccc2ccccc2c1)N3CCN([C@@H](CCN)C3=O)C(=O)[C@H](N)Cc4ccc(F)cc4,5.24
1011,CHEMBL212332,CNC(=O)[C@H](Cc1ccc2ccccc2c1)NC(=O)[C@H](CCCN=C(N)N)NC(=O)[C@H](N)Cc3ccc(F)cc3,5.39
1015,CHEMBL215576,CNC(=O)[C@H](Cc1ccc2ccccc2c1)N3CCN([C@@H](CCCN=C(N)N)C3=O)C(=O)CCc4ccc(F)cc4,6.02
1016,CHEMBL213566,CNC(=O)[C@H](Cc1ccc2ccccc2c1)N3CCN([C@@H](CCNC(=N)N)C3=O)C(=O)[C@H](N)Cc4ccc(F)cc4,5.95
1024,CHEMBL378837,CNC(=O)[C@H](Cc1ccc2ccccc2c1)N3CCN([C@@H](CCCN=C(N)N)C3=O)C(=O)[C@H](N)Cc4ccc(F)cc4,6.44
1058,CHEMBL213122,CC(C)C[C@H](N)c1cc(C)ccc1N2CCN(CC2)C(=O)[C@H](C)Cc3ccc(Cl)cc3,5.51
1061,CHEMBL214729,CC(=O)N[C@H]1CSSC[C@@H](N(CCCCN=C(N)N)C(=O)[C@@H](Cc2ccccc2)NC(=O)[C@H](Cc3c[nH]cn3)NC1=O)C(=O)N[C@@H](Cc4c[nH]c5ccccc45)C(=O)N,6.0
1066,CHEMBL437899,CC(=O)N[C@H]1CCC(=O)NCCC[C@H](N(CCCCN=C(N)N)C(=O)[C@@H](Cc2ccccc2)NC(=O)[C@H](Cc3c[nH]cn3)NC1=O)C(=O)N[C@@H](Cc4c[nH]c5ccccc45)C(=O)N,6.13
1128,CHEMBL365597,NCCC(=O)N[C@H](Cc1ccc(Cl)cc1Cl)C(=O)N2CCN(CC2)c3ccccc3CNCCc4cccs4,5.38
1129,CHEMBL389674,CCCC[C@H](NC(=O)C)C(=O)N[C@H]1CC(=O)NCCCC[C@H](NC(=O)[C@H](Cc2cc3ccccc3[nH]2)NC(=O)[C@@H]4CCCN4C(=O)[C@@H](Cc5ccccc5)NC(=O)[C@H](Cc6cnc[nH]6)NC1=O)C(=O)N,5.6
1131,CHEMBL375947,CCCC[C@H](NC(=O)C)C(=O)N[C@H]1CC(=O)NCCCC[C@H](NC(=O)[C@H](Cc2cc3ccccc3[nH]2)NC(=O)[C@@H]4CCCN4C(=O)[C@H](Cc5ccccc5)NC(=O)[C@H](Cc6cnc[nH]6)NC1=O)C(=O)N,6.01
1138,CHEMBL2371964,CCCC[C@H](NC(=O)C)C(=O)N[C@H]1CC(=O)NCCCC[C@H](NC(=O)[C@H](Cc2cc3ccccc3[nH]2)NC(=O)[C@@H]4CCCN4C(=O)[C@H](NC(=O)[C@H](Cc5cnc[nH]5)NC1=O)C(c6ccccc6)c7ccccc7)C(=O)N,5.54
1140,CHEMBL227239,CCCC[C@H](NC(=O)C)C(=O)N[C@H]1CC(=O)NCCCC[C@H](NC(=O)[C@H](Cc2cc3ccccc3[nH]2)NC(=O)[C@@H]4CCCN4C(=O)[C@@H](Cc5cc6ccccc6s5)N(CC)C(=O)[C@H](Cc7cnc[nH]7)NC1=O)C(=O)N,5.66
1141,CHEMBL376339,CCCC[C@H](NC(=O)C)C(=O)N[C@H]1CC(=O)NCCCC[C@H](NC(=O)[C@H](Cc2cc3ccccc3[nH]2)NC(=O)[C@@H]4CCCN4C(=O)[C@@H](Cc5ccc(Cl)cc5)NC(=O)[C@H](Cc6cnc[nH]6)NC1=O)C(=O)N,6.25
1145,CHEMBL376614,CCCC[C@H](NC(=O)C)C(=O)N[C@H]1CC(=O)NCCCC[C@H](NC(=O)[C@H](Cc2cc3ccccc3[nH]2)NC(=O)[C@@H]4CCCN4C(=O)[C@@H](Cc5ccc(O)cc5)N(CC)C(=O)[C@H](Cc6cnc[nH]6)NC1=O)C(=O)N,6.37
1146,CHEMBL228194,CCCC[C@H](NC(=O)C)C(=O)N[C@H]1CC(=O)NCCCC[C@H](NC(=O)[C@H](Cc2cc3ccccc3[nH]2)NC(=O)[C@@H]4CCCN4C(=O)[C@@H](Cc5ccc(O)cc5)N(C)C(=O)[C@H](Cc6cnc[nH]6)NC1=O)C(=O)N,6.3
1150,CHEMBL438294,CCCC[C@H](NC(=O)C)C(=O)N[C@H]1CC(=O)NCCCC[C@H](NC(=O)[C@H](Cc2cc3ccccc3[nH]2)NC(=O)[C@@H]4CCCN4C(=O)[C@@H](Cc5ccc6ccccc6c5)NC(=O)[C@H](Cc7cnc[nH]7)NC1=O)C(=O)N,6.06
1151,CHEMBL2371962,CCCC[C@H](NC(=O)C)C(=O)N[C@H]1CC(=O)NCCCC[C@H](NC(=O)[C@H](Cc2c[nH]c3ccccc23)NC(=O)[C@@H]4CCCCN4C(=O)[C@H](Cc5ccc(cc5)c6ccccc6)NC(=O)[C@H](Cc7c[nH]cn7)NC1=O)C(=O)N,8.23
1153,CHEMBL2371972,CCCC[C@H](NC(=O)C)C(=O)N[C@H]1CC(=O)NCCCC[C@H](NC(=O)[C@H](Cc2c[nH]c3ccccc23)NC(=O)[C@@H]4CCCCN4C(=O)[C@H](CC5CCC(CC5)C6CCCCC6)NC(=O)[C@H]7CC8CCCCC8N7C1=O)C(=O)N,5.89
1156,CHEMBL2371969,CCCC[C@H](NC(=O)C)C(=O)N[C@H]1CC(=O)NCCCC[C@H](NC(=O)[C@H](Cc2c[nH]c3ccccc23)NC(=O)[C@@H]4CCCCN4C(=O)[C@H](Cc5ccc(cc5)c6ccccc6)NC(=O)[C@@H](NC1=O)C(C)C)C(=O)N,5.31
1158,CHEMBL2371967,CCCC[C@H](NC(=O)C)C(=O)N[C@H]1CC(=O)NCCCC[C@H](NC(=O)[C@H](Cc2c[nH]c3ccccc23)NC(=O)[C@@H]4CCCCN4C(=O)[C@H](Cc5ccc(cc5)c6ccccc6)NC(=O)[C@@H]7Cc8ccccc8CN7C1=O)C(=O)N,6.15
1159,CHEMBL2371966,CCCC[C@H](NC(=O)C)C(=O)N[C@H]1CC(=O)NCCCC[C@H](NC(=O)[C@H](Cc2c[nH]c3ccccc23)NC(=O)[C@@H]4CCCCN4C(=O)[C@H](Cc5ccc(cc5)c6ccccc6)NC(=O)[C@@H]7CCCN7C1=O)C(=O)N,7.19
1160,CHEMBL2371965,CCCC[C@H](NC(=O)C)C(=O)N[C@H]1CC(=O)NCCCC[C@H](NC(=O)[C@H](Cc2c[nH]c3ccccc23)NC(=O)[C@@H]4CCCN4C(=O)[C@H](Cc5ccc(cc5)c6ccccc6)NC(=O)[C@@H]7CC8CCCCC8N7C1=O)C(=O)N,5.11
1161,CHEMBL2371963,CCCC[C@H](NC(=O)C)C(=O)N[C@H]1CC(=O)NCCCC[C@H](NC(=O)[C@H](Cc2c[nH]c3ccccc23)NC(=O)[C@@H]4CCCN4C(=O)[C@H](Cc5ccc(cc5)c6ccccc6)NC(=O)[C@@H]7CCCN7C1=O)C(=O)N,5.68
1203,CHEMBL393075,CCCC[C@H](N)C(=O)N[C@H]1CC(=O)NCCCC[C@H](NC(=O)[C@H](Cc2c[nH]c3ccccc23)NC(=O)[C@H](CCCNC(=N)N)NC(=O)[C@@H](Cc4ccc5ccccc5c4)NC(=O)[C@H](Cc6cnc[nH]6)NC1=O)C(=O)N,9.7
1204,CHEMBL391704,CCCC[C@H](N)C(=O)N[C@H]1CC(=O)NCCCC[C@H](NC(=O)[C@H](Cc2c[nH]c3ccccc23)NC(=O)[C@H](CCCNC(=N)N)NC(=O)[C@@H](Cc4ccc5ccccc5c4)N6Cc7ccccc7CC(NC1=O)C6=O)C(=O)N,6.24
1217,CHEMBL233135,CC(C)CCN(CCC(C)C)C(=O)c1ccc2nc(Nc3ccc(cc3)C(=O)C)n(CCCN4CCCCC4)c2c1,5.28
1218,CHEMBL392092,COc1ccc(cc1)C(=O)c2nc3ccc(cc3n2CCCN4CCCCC4)C(=O)N(CCC(C)C)CCC(C)C,5.13
1220,CHEMBL233758,CNC(=O)c1ccc(Nc2nc3ccc(cc3n2CCCN4CCCCC4)C(=O)N(CCC(C)C)CCC(C)C)cc1,5.03
1232,CHEMBL391902,CC(C)[C@H](N)c1cc(C)ccc1N2CCN(CC2)C(=O)[C@@H]3CN(C[C@H]3c4ccc(Cl)cc4)C5CCOCC5,5.48
1241,CHEMBL393584,CC(C)C[C@@H](NC(=O)CCN(C)C)c1ccc(C)nc1N2CCN(CC2)C(=O)[C@H](C)Cc3ccc(Cl)cc3Cl,5.19
1242,CHEMBL398929,COc1ccc(CNCC2(CCCCC2)N3CCN(CC3)C(=O)[C@H]4CN(C[C@@H]4c5ccc(Cl)cc5)C(C)C)cc1F,5.41
1244,CHEMBL253788,NC(=N)NCCC[C@@H]1NC(=O)[C@@H](Cc2ccc3ccccc3c2)NC(=O)[C@@H]4CCCN4C(=O)c5ccccc5C(=O)NCCCC[C@H](NC(=O)[C@H](Cc6c[nH]c7ccccc67)NC1=O)C(=O)N,6.39
1252,CHEMBL438744,NC(=N)NCCC[C@@H]1NC(=O)[C@@H](Cc2ccccc2)NC(=O)c3nccnc3C(=O)NCCCC[C@H](NC(=O)[C@H](Cc4c[nH]c5ccccc45)NC1=O)C(=O)N,6.39
1253,CHEMBL267265,N[C@H]1CCCCC(=O)CCC(=O)NCCCC[C@H](NC(=O)[C@H](Cc2c[nH]c3ccccc23)NC(=O)[C@H](CCCNC(=N)N)NC(=O)[C@@H](Cc4ccc5ccccc5c4)NC1=O)C(=O)N,5.7
1255,CHEMBL253789,NC(=N)NCCC[C@@H]1NC(=O)[C@@H](Cc2ccc3ccccc3c2)NC(=O)c4nccnc4C(=O)NCCCC[C@H](NC(=O)[C@H](Cc5c[nH]c6ccccc56)NC1=O)C(=O)N,6.15
1283,CHEMBL403806,CC(C)[C@H](NC(=O)CCN(C)C)c1cc(C)ccc1N2CCN(CC2)C(=O)[C@H]3CN(C[C@@H]3c4ccc(Cl)cc4)C5CCOCC5,6.92
1299,CHEMBL506274,NC(=N)NCCC[C@@H]1NC(=O)[C@@H](Cc2ccccc2)NC(=O)[C@H](Cc3cnc[nH]3)NC(=O)c4cc(ccc4SC[C@H](NC(=O)[C@H](Cc5ccc6ccccc6c5)NC1=O)C(=O)N)[N+](=O)[O-],6.75
1300,CHEMBL448081,NC(=N)NCCC[C@@H]1NC(=O)[C@@H](Cc2ccc3ccccc3c2)NC(=O)[C@H](Cc4cnc[nH]4)NC(=O)c5cc(ccc5SC[C@H](NC(=O)[C@H](Cc6c[nH]c7ccccc67)NC1=O)C(=O)N)[N+](=O)[O-],6.12
1303,CHEMBL510234,NC(=N)NCCC[C@@H]1NC(=O)[C@@H](Cc2ccccc2)NC(=O)[C@H](CC3CCCCC3)NC(=O)c4cc(ccc4SC[C@H](NC(=O)[C@H](Cc5c[nH]c6ccccc56)NC1=O)C(=O)N)[N+](=O)[O-],6.09
1353,CHEMBL467588,CC(C)[C@H](NC(=O)CCN(C)C)c1cc(Cl)ccc1N2CCN(CC2)C(=O)[C@H](C)Cc3ccc(Cl)cc3,5.21
1354,CHEMBL498150,CC(C)[C@H](NC(=O)C1CN(C)C1)c2cc(Cl)ccc2N3CCN(CC3)C(=O)[C@H](C)Cc4ccc(Cl)cc4,5.09
1368,CHEMBL445009,CNC(=O)[C@H](Cc1ccc2ccccc2c1)N3CCN([C@@H](CCNc4ccccn4)C3=O)C(=O)[C@H](N)Cc5ccc(F)cc5,5.35
1369,CHEMBL468252,CNC(=O)[C@H](Cc1ccc2ccccc2c1)N3CCN([C@@H](CCN(C)C)C3=O)C(=O)[C@H](N)Cc4ccc(F)cc4,4.77
1370,CHEMBL460142,CNC(=O)[C@H](Cc1ccc2ccccc2c1)N3CCN([C@@H](C(C)C)C3=O)C(=O)[C@H](N)Cc4ccc(F)cc4,5.0
1371,CHEMBL517108,CNC(=O)[C@H](Cc1ccc2ccccc2c1)N3CCN([C@@H](C)C3=O)C(=O)[C@H](N)Cc4ccc(F)cc4,4.63
1372,CHEMBL460349,CC[C@@H]1N(CCN([C@@H](Cc2ccc3ccccc3c2)C(=O)NC)C1=O)C(=O)[C@H](N)Cc4ccc(F)cc4,5.0
1373,CHEMBL460138,CCC[C@@H]1N(CCN([C@@H](Cc2ccc3ccccc3c2)C(=O)NC)C1=O)C(=O)[C@H](N)Cc4ccc(F)cc4,5.0
1383,CHEMBL466380,CCC[C@@H]1N(CCN([C@@H](Cc2ccc3ccccc3c2)C(=O)NC)C1=O)C(=O)[C@@H](Cc4ccc(F)cc4)NC(=O)C,5.86
1384,CHEMBL446757,CCC[C@@H]1N(CCN([C@@H](Cc2ccc3ccccc3c2)C(=O)NC)C1=O)C(=O)[C@@H](Cc4ccc(F)cc4)NC(=O)[C@@H]5Cc6ccccc6CN5,7.1
1387,CHEMBL442829,CCC[C@@H]1N(CCN([C@@H](Cc2ccc3ccccc3c2)C(=O)NC)C1=O)C(=O)[C@@H](Cc4ccc(F)cc4)NC(=O)[C@@H]5CCCN5,6.77
1389,CHEMBL452710,CCC[C@@H]1N(CCN([C@@H](Cc2ccc3ccccc3c2)C(=O)NC)C1=O)C(=O)[C@@H](Cc4ccc(F)cc4)NC(=O)CNC,7.01
1390,CHEMBL450236,CCC[C@@H]1N(CCN([C@@H](Cc2ccc3ccccc3c2)C(=O)NC)C1=O)C(=O)[C@@H](Cc4ccc(F)cc4)NC(=O)C5(N)CCCC5,7.36
1391,CHEMBL447117,CCC[C@@H]1N(CCN([C@@H](Cc2ccc3ccccc3c2)C(=O)NC)C1=O)C(=O)[C@@H](Cc4ccc(F)cc4)NC(=O)C5(N)CCC5,7.32
1392,CHEMBL451694,CCC[C@@H]1N(CCN([C@@H](Cc2ccc3ccccc3c2)C(=O)NC)C1=O)C(=O)[C@@H](Cc4ccc(F)cc4)NC(=O)C5(N)CC5,6.13
1393,CHEMBL453734,CCC[C@@H]1N(CCN([C@@H](Cc2ccc3ccccc3c2)C(=O)NC)C1=O)C(=O)[C@@H](Cc4ccc(F)cc4)NC(=O)C(C)(C)N,6.84
1394,CHEMBL448337,CCC[C@@H]1N(CCN([C@@H](Cc2ccc3ccccc3c2)C(=O)NC)C1=O)C(=O)[C@@H](Cc4ccc(F)cc4)NC(=O)c5ccccn5,6.41
1395,CHEMBL463047,CCC[C@@H]1N(CCN([C@@H](Cc2ccc3ccccc3c2)C(=O)NC)C1=O)C(=O)[C@@H](Cc4ccc(F)cc4)NC(=O)c5cccnc5,6.71
1396,CHEMBL449131,CCC[C@@H]1N(CCN([C@@H](Cc2ccc3ccccc3c2)C(=O)NC)C1=O)C(=O)[C@@H](Cc4ccc(F)cc4)NC(=O)c5ccncc5,6.37
1397,CHEMBL453300,CCC[C@@H]1N(CCN([C@@H](Cc2ccc3ccccc3c2)C(=O)NC)C1=O)C(=O)[C@@H](Cc4ccc(F)cc4)NC(=O)c5cscn5,6.06
1398,CHEMBL506272,CCC[C@@H]1N(CCN([C@@H](Cc2ccc3ccccc3c2)C(=O)NC)C1=O)C(=O)[C@@H](Cc4ccc(F)cc4)NC(=O)C5CCC(=O)N5,6.98
1399,CHEMBL449050,CCC[C@@H]1N(CCN([C@@H](Cc2ccc3ccccc3c2)C(=O)NC)C1=O)C(=O)[C@@H](Cc4ccc(F)cc4)NC(=O)COC,6.51
1400,CHEMBL507876,CCC[C@@H]1N(CCN([C@@H](Cc2ccc3ccccc3c2)C(=O)NC)C1=O)C(=O)[C@@H](Cc4ccc(F)cc4)NC(=O)C(C)(C)C,6.1
1485,CHEMBL569693,NC(=N)NCCC[C@H](NC(=O)[C@@H](Cc1ccccc1)NC(=O)[C@H](CC2=CN=CC2)NC(=O)CCCc3ccccc3)C(=O)N[C@H](Cc4c[nH]c5ccccc45)C(=O)N,11.0
1486,CHEMBL569694,NC(=N)NCCC[C@@H](NC(=O)[C@@H](Cc1ccccc1)NC(=O)[C@H](Cc2cnc[nH]2)NC(=O)CCCc3ccccc3)C(=O)N,8.3
1487,CHEMBL598631,COc1ccc(cc1)N(C(C)C)C(=O)CN2C=CN(C(=O)C(Cc3n[nH]c4ccccc34)C2=O)c5ccccc5,7.53
1488,CHEMBL598010,COc1ccc(cc1)N(C(C)C)C(=O)CN2C=CN(C(=O)[C@@H](Cc3n[nH]c4ccccc34)C2=O)c5ccccc5,5.81
1489,CHEMBL598011,COc1ccc(cc1)N(C(C)C)C(=O)CN2C=CN(C(=O)[C@H](Cc3n[nH]c4ccccc34)C2=O)c5ccccc5,7.8
1490,CHEMBL598214,Fc1ccc2c(CC3C(=O)N(CC(=O)N4CCCCc5ccccc45)C=CN(C3=O)c6ccccc6)n[nH]c2c1,8.8
1491,CHEMBL599867,O=C(CN1C=CN(C(=O)C(Cc2n[nH]c3ccccc23)C1=O)c4ccccc4)N5CCCCc6ccccc56,8.8
1492,CHEMBL596794,O=C(CN1C=CN(C(=O)[C@@H](Cc2n[nH]c3ccccc23)C1=O)c4ccccc4)N5CCCCc6ccccc56,7.21
1493,CHEMBL605115,O=C(CN1C=CN(C(=O)[C@H](Cc2n[nH]c3ccccc23)C1=O)c4ccccc4)N5CCCCc6ccccc56,8.8
1494,CHEMBL603468,CC(C)N(C(=O)CN1C=CN(C(=O)C(Cc2n[nH]c3ccccc23)C1=O)c4ccccc4)c5ccccc5,6.15
1495,CHEMBL598442,CC(C)N(C(=O)CN1C=CN(C(=O)[C@@H](Cc2n[nH]c3ccccc23)C1=O)c4ccccc4)c5ccccc5,4.5
1496,CHEMBL598643,CC(C)N(C(=O)CN1C=CN(C(=O)[C@H](Cc2n[nH]c3ccccc23)C1=O)c4ccccc4)c5ccccc5,6.53
1497,CHEMBL598021,CC(C)N(C(=O)CN1C=CN(C(=O)C(Cc2n[nH]c3cc(F)ccc23)C1=O)c4ccccc4)c5ccccc5,6.73
1498,CHEMBL596602,CC(C)N(C(=O)CN1C=CN(C(=O)[C@@H](Cc2n[nH]c3cc(F)ccc23)C1=O)c4ccccc4)c5ccccc5,4.5
1499,CHEMBL596804,CC(C)N(C(=O)CN1C=CN(C(=O)[C@H](Cc2n[nH]c3cc(F)ccc23)C1=O)c4ccccc4)c5ccccc5,7.45
1500,CHEMBL590281,COc1ccc(cc1)N(C(C)C)C(=O)CN2C=CN(C(=O)C(Cc3n[nH]c4cc(F)ccc34)C2=O)c5ccccc5,8.8
1501,CHEMBL598616,CC(C)N(C(=O)CN1C=CN(C(=O)C(Cc2n[nH]c3ccccc23)C1=O)c4ccccc4)c5ccc(F)cc5,7.3
1502,CHEMBL598617,CC(C)N(C(=O)CN1C=CN(C(=O)C(Cc2n[nH]c3cc(F)ccc23)C1=O)c4ccccc4)c5ccc(F)cc5,7.85
1503,CHEMBL606399,CC(C)N(C(=O)CN1C=CN(C(=O)C(Cc2n[nH]c3ccccc23)C1=O)c4ccccc4)c5ccc(O)cc5,6.26
1504,CHEMBL1237166,Cl.CC(C)N(C(=O)CN1C=CN(C(=O)C(Cc2n[nH]c3ccccc23)C1=O)c4ccccc4)c5ccc(O)cc5,6.8
1505,CHEMBL1237150,Br.CC(C)N(C(=O)CN1C=CN(C(=O)C(Cc2n[nH]c3ccccc23)C1=O)c4ccccc4)c5ccc(O)cc5,7.28
1506,CHEMBL604911,COc1ccc(cc1)N(C(C)C)C(=O)CN2C=CN(C(=O)C(Cc3n[nH]c4ccccc34)C2=O)c5cccnc5,6.75
1507,CHEMBL590955,COc1ccc(cc1)N(C(C)C)C(=O)CN2C=CN(C(=O)C(Cc3cc[nH]n3)(Cc4n[nH]c5ccccc45)C2=O)c6ccccc6,6.4
1508,CHEMBL590794,COc1ccc(cc1)N(C(C)C)C(=O)CN2C=CN(C(=O)C(Cc3n[nH]c4cc(F)ccc34)C2=O)c5cccnc5,7.9
1509,CHEMBL590841,COC1(Cc2n[nH]c3ccccc23)C(=O)N(CC(=O)N(C(C)C)c4ccc(F)cc4)C=CN(C1=O)c5ccccc5,5.53
1510,CHEMBL598831,COc1ccc(cc1)N(C(C)C)C(=O)CN2C=CN(C3CCCCC3)C(=O)C(Cc4ccccc4)C2=O,4.5
1511,CHEMBL591194,CC(C)N(C(=O)CN1C=CN(C(=O)C(Cc2n[nH]c3ccccc23)C1=O)c4ccccc4)c5ccc(cc5)N6CCOCC6,6.08
1512,CHEMBL605970,COc1ccc(cc1)N(C(C)C)C(=O)CN2C=CN(C3CCCCC3)C(=O)C(Cc4n[nH]c5ccccc45)C2=O,4.5
1513,CHEMBL591195,COc1ccc(cc1)N(C(C)C)C(=O)CN2C=CN(Cc3cccs3)C(=O)C(Cc4n[nH]c5ccccc45)(OC)C2=O,5.93
1514,CHEMBL591026,COc1ccc(cc1)N(C(C)C)C(=O)CN2C=CN(Cc3ccccc3)C(=O)C(Cc4n[nH]c5ccccc45)C2=O,6.1
1515,CHEMBL591037,CC(C)N(C(=O)CN1C=CN(C(=O)C(Cc2n[nH]c3ccccc23)C1=O)c4ccccc4)c5ccc(OC(F)(F)F)cc5,7.65
1516,CHEMBL591041,COc1ccc(cc1)N(C(C)C)C(=O)CN2C=CN(C(=O)C(Cc3n[nH]c4ccccc34)(OC)C2=O)c5ccccc5,5.86
1517,CHEMBL591132,O=C(CN1C=CN(C(=O)C(Cc2n[nH]c3ccccc23)C1=O)c4ccccc4)CP(=O)(Oc5ccccc5)Oc6ccccc6,4.5
1518,CHEMBL591061,COc1ccc(cc1)N(C(C)C)C(=O)CN2C=CN(C(=O)C(Cc3nn(C)c4ccccc34)C2=O)c5ccccc5,4.5
1519,CHEMBL591123,CCn1nc(CC2(OC)C(=O)N(CC(=O)N(C(C)C)c3ccc(OC)cc3)C=CN(C2=O)c4ccccc4)c5ccccc15,4.5
1520,CHEMBL598208,OP(=O)(CC(=O)CN1C=CN(C(=O)C(Cc2n[nH]c3ccccc23)C1=O)c4ccccc4)Oc5ccccc5,4.5
1521,CHEMBL591717,CC(C)N(C(=O)CN1C=CN(C)C(=O)C(Cc2n[nH]c3cc(F)ccc23)C1=O)c4ccc(F)cc4,5.43
1564,CHEMBL1093304,CC(=O)NC(C)(C)[C@@H]1CC2(CCN(CC2)C(=O)[C@@H]3CN(C[C@H]3c4ccc(F)cc4F)C(C)(C)C)c5cc(Cl)c(C)cc15,5.99
1565,CHEMBL1093305,CC(=O)NC(C)(C)[C@H]1CC2(CCN(CC2)C(=O)[C@@H]3CN(C[C@H]3c4ccc(F)cc4F)C(C)(C)C)c5cc(Cl)c(C)cc15,6.64
1566,CHEMBL1093307,CC(=O)NC(C)(C)[C@H]1CC2(CCN(CC2)C(=O)[C@H]3CN(C[C@@H]3c4ccc(F)cc4F)C(C)(C)C)c5cc(Cl)c(C)cc15,6.21
1629,CHEMBL1682208,COCC(=O)N[C@H]1Cc2cc3COCOc3c(Cc4ccc(Oc5cccc(CN(CCCN6CCN(CCCN)CC6)C1=O)c5)cc4)c2,6.48
1630,CHEMBL1682209,COCC(=O)N[C@H]1Cc2ccc(OC)c(Cc3ccc(Oc4cccc(CN(CCCN5CCN(CCCN)CC5)C1=O)c4)cc3)c2,6.94
1638,CHEMBL1761874,C[C@H]1CN(C[C@H](C)N1)C(=O)N[C@H](Cc2ccc(F)cc2)C(=O)N3CCC(CC3)(C4CCCCC4)C(=O)NC(C)(C)C,5.48
1641,CHEMBL1762008,CC[C@@H]1CN(C[C@@H](CC)N1)C(=O)N[C@H](Cc2ccc(F)cc2)C(=O)N3CCC(CC3)(C4CCCCC4)C(=O)NC(C)(C)C,5.55
1644,CHEMBL1762009,C[C@@H]1CN(C[C@H](C)N1)C(=O)N[C@H](Cc2ccc(Cl)cc2)C(=O)N3CCC(CC3)(C4CCCCC4)C(=O)NC(C)(C)C,5.82
1647,CHEMBL1761870,C[C@@H]1CN(C[C@H](C)N1)C(=O)N[C@H](Cc2ccc(F)cc2)C(=O)N3CCC(CC3)(C4CCCCC4)C(=O)NC(C)(C)C,5.29
1649,CHEMBL1761871,CC[C@@H]1CN(C[C@H](CC)N1)C(=O)N[C@H](Cc2ccc(F)cc2)C(=O)N3CCC(CC3)(C4CCCCC4)C(=O)NC(C)(C)C,5.68
1652,CHEMBL1761872,C[C@@H]1CN(C[C@H](C)N1C)C(=O)N[C@H](Cc2ccc(F)cc2)C(=O)N3CCC(CC3)(C4CCCCC4)C(=O)NC(C)(C)C,5.11
1720,CHEMBL1923663,CC(=O)N[C@@H](CCc1ccccc1)C(=O)N[C@@H](Cc2cnc[nH]2)C(=O)N[C@H](Cc3ccccc3)C(=O)N[C@@H](CCCNC(=N)N)C(=O)N[C@@H](Cc4c[nH]c5ccccc45)C(=O)N,8.75
1722,CHEMBL1923665,CCCC[C@H](NC(=O)[C@@H](NC(=O)[C@@H](N)Cc1ccc(O)cc1)C(C)C)C(=O)NCC(=O)N[C@@H](Cc2cnc[nH]2)C(=O)N[C@H](Cc3ccc4ccccc4c3)C(=O)N[C@@H](CCCNC(=N)N)C(=O)N[C@H](Cc5c[nH]c6ccccc56)C(=O)N[C@@H](CC(=O)O)C(=O)N[C@@H](CCCNC(=N)N)C(=O)N[C@@H](Cc7ccccc7)C(=O)NCC(=O)N,8.7
1724,CHEMBL1923667,CCCC[C@H](NC(=O)[C@@H](NC(=O)[C@@H](N)Cc1ccc(O)cc1)C(C)C)C(=O)NCC(=O)N[C@@H](Cc2cnc[nH]2)C(=O)N[C@H](Cc3ccc4ccccc4c3)C(=O)N[C@@H](CCCNC(=N)N)C(=O)N[C@H](Cc5ccccc5)C(=O)N[C@@H](CC(=O)O)C(=O)N[C@@H](CCCNC(=N)N)C(=O)N[C@@H](Cc6ccccc6)C(=O)NCC(=O)N,8.25
1729,CHEMBL2070241,CCCC[C@H](NC(=O)C)C(=O)N[C@H]1CC(=O)NCCCC[C@H](NC(=O)[C@H](Cc2c[nH]c3ccccc23)NC(=O)[C@H](CCCNC(=N)N)NC(=O)[C@@H](Cc4ccccc4)NC(=O)[C@H](Cc5cnc[nH]5)NC1=O)C(=O)O,8.19
1730,CHEMBL2070242,CCCC[C@H](NC(=O)[C@H](CO)NC(=O)[C@H](Cc1cnc[nH]1)NC(=O)[C@H](CCC(=O)N)NC(=O)[C@H](CO)NC(=O)CNC(=O)C)C(=O)N[C@H]2CCC(=O)NCCCC[C@H](NC(=O)[C@H](Cc3c[nH]c4ccccc34)NC(=O)[C@H](CCCNC(=N)N)NC(=O)[C@@H](Cc5ccccc5)NC(=O)[C@@H]6C[C@@H](O)CN6C2=O)C(=O)N,6.7
1732,CHEMBL2070244,CCCC[C@H](NC(=O)[C@H](CO)NC(=O)[C@H](CCCCNC(=N)N)NC(=O)[C@H](CCC(=O)N)NC(=O)[C@H](CO)NC(=O)CNC(=O)C)C(=O)N[C@H]1CCC(=O)NCCCC[C@H](NC(=O)[C@H](Cc2c[nH]c3ccccc23)NC(=O)[C@H](CCCNC(=N)N)NC(=O)[C@@H](Cc4ccccc4)NC(=O)[C@@H]5C[C@@H](O)CN5C1=O)C(=O)N,7.14
1734,CHEMBL2070246,CCCCCCCCCCCCCCCC(=O)NS(=O)(=O)CCCC(=O)NCC(=O)N[C@@H](CO)C(=O)N[C@@H](CCC(=O)N)C(=O)N[C@@H](Cc1cnc[nH]1)C(=O)N[C@@H](CO)C(=O)N[C@@H](CCCC)C(=O)N[C@H]2CCC(=O)NCCCC[C@H](NC(=O)[C@H](Cc3c[nH]c4ccccc34)NC(=O)[C@H](CCCNC(=N)N)NC(=O)[C@@H](Cc5ccccc5)NC(=O)[C@@H]6C[C@@H](O)CN6C2=O)C(=O)N,6.64
1735,CHEMBL2070247,CCCC[C@H](NC(=O)[C@H](CO)NC(=O)[C@H](Cc1cnc[nH]1)NC(=O)[C@H](CCC(=O)N)NC(=O)[C@H](CO)NC(=O)CNC(=O)COCCOCCNC(=O)CCCCCCCCCCCCCCCc2nnn[nH]2)C(=O)N[C@H]3CCC(=O)NCCCC[C@H](NC(=O)[C@H](Cc4c[nH]c5ccccc45)NC(=O)[C@H](CCCNC(=N)N)NC(=O)[C@@H](Cc6ccccc6)NC(=O)[C@@H]7C[C@@H](O)CN7C3=O)C(=O)N,5.92
1736,CHEMBL2070248,CCCCCCCCCCCCCCCC(=O)NCC(=O)NCC(=O)NCC(=O)NCC(=O)NCC(=O)N[C@@H](CCCC)C(=O)N[C@H]1CCC(=O)NCCCC[C@H](NC(=O)[C@H](Cc2c[nH]c3ccccc23)NC(=O)[C@H](CCCNC(=N)N)NC(=O)[C@@H](Cc4ccccc4)NC(=O)[C@@H]5C[C@@H](O)CN5C1=O)C(=O)N,6.89
1737,CHEMBL2070249,CCCC[C@H](NC(=O)[C@H](CN)NC(=O)[C@H](Cc1cnc[nH]1)NC(=O)[C@H](CCC(=O)N)NC(=O)[C@H](CO)NC(=O)CNC(=O)COCCOCCNC(=O)CCCCCCCCCCCCCCCc2nnn[nH]2)C(=O)N[C@H]3CCC(=O)NCCCC[C@H](NC(=O)[C@H](Cc4c[nH]c5ccccc45)NC(=O)[C@H](CCCNC(=N)N)NC(=O)[C@@H](Cc6ccccc6)NC(=O)[C@@H]7C[C@@H](O)CN7C3=O)C(=O)N,6.4
1738,CHEMBL2070250,CCCC[C@H](NC(=O)[C@@H](N)CNC(=O)[C@H](Cc1cnc[nH]1)NC(=O)[C@H](CCC(=O)N)NC(=O)[C@H](CO)NC(=O)CNC(=O)COCCOCCNC(=O)CCCCCCCCCCCCCCCc2nnn[nH]2)C(=O)N[C@H]3CCC(=O)NCCCC[C@H](NC(=O)[C@H](Cc4c[nH]c5ccccc45)NC(=O)[C@H](CCCNC(=N)N)NC(=O)[C@@H](Cc6ccccc6)NC(=O)[C@@H]7C[C@@H](O)CN7C3=O)C(=O)N,6.16
1740,CHEMBL2070252,CCCC[C@H](NC(=O)[C@H](CNC(C)C)NC(=O)[C@H](Cc1cnc[nH]1)NC(=O)[C@H](CCC(=O)N)NC(=O)[C@H](CO)NC(=O)CNC(=O)COCCOCCNC(=O)CCCCCCCCCCCCCCCc2nnn[nH]2)C(=O)N[C@H]3CCC(=O)NCCCC[C@H](NC(=O)[C@H](Cc4c[nH]c5ccccc45)NC(=O)[C@H](CCCNC(=N)N)NC(=O)[C@@H](Cc6ccccc6)NC(=O)[C@@H]7C[C@@H](O)CN7C3=O)C(=O)N,6.57
1741,CHEMBL2069317,CCCC[C@H](NC(=O)[C@H](CN(C)C)NC(=O)[C@H](Cc1cnc[nH]1)NC(=O)[C@H](CCC(=O)N)NC(=O)[C@H](CO)NC(=O)CNC(=O)COCCOCCNC(=O)CCCCCCCCCCCCCCCc2nnn[nH]2)C(=O)N[C@H]3CCC(=O)NCCCC[C@H](NC(=O)[C@H](Cc4c[nH]c5ccccc45)NC(=O)[C@H](CCCNC(=N)N)NC(=O)[C@@H](Cc6ccccc6)NC(=O)[C@@H]7C[C@@H](O)CN7C3=O)C(=O)N,6.36
1744,CHEMBL2070373,CCCC[C@H](NC(=O)[C@H](CCC(=O)O)NC(=O)[C@H](Cc1c[nH]cn1)NC(=O)[C@H](CCC(=O)O)NC(=O)[C@H](CCC(=O)O)NC(=O)CNC(=O)COCCOCCNC(=O)CCCCCCCCCCCCCCCc2nnn[nH]2)C(=O)N[C@H]3CCC(=O)NCCCC[C@H](NC(=O)[C@H](Cc4c[nH]c5ccccc45)NC(=O)[C@H](CCCNC(=N)N)NC(=O)[C@@H](Cc6ccccc6)NC(=O)[C@@H]7C[C@@H](O)CN7C3=O)C(=O)N,5.09
1745,CHEMBL2070374,CCCC[C@H](NC(=O)[C@H](CNC(=O)CN(CC(=O)O)CC(=O)O)NC(=O)[C@H](Cc1cnc[nH]1)NC(=O)[C@H](CCC(=O)N)NC(=O)[C@H](CO)NC(=O)CNC(=O)COCCOCCNC(=O)CCCCCCCCCCCCCCCc2nnn[nH]2)C(=O)N[C@H]3CCC(=O)NCCCC[C@H](NC(=O)[C@H](Cc4c[nH]c5ccccc45)NC(=O)[C@H](CCCNC(=N)N)NC(=O)[C@@H](Cc6ccccc6)NC(=O)[C@@H]7C[C@@H](O)CN7C3=O)C(=O)N,5.57
1777,CHEMBL3421676,CC(=O)N[C@H]1Cc2c(CN([C@H](Cc3ccccc3)C(=O)N[C@@H](CCCNC(=N)N)C(=O)N[C@@H](Cc4c[nH]c5ccccc45)C(=O)N)C1=O)[nH]c6ccccc26,5.87
1778,CHEMBL3421677,CC(=O)N[C@H]1Cc2c(CN([C@H](Cc3ccc(F)cc3)C(=O)N[C@@H](CCCNC(=N)N)C(=O)N[C@@H](Cc4c[nH]c5ccccc45)C(=O)N)C1=O)[nH]c6ccccc26,6.59
1779,CHEMBL3421678,CC(=O)N[C@H]1Cc2c(CN([C@H](Cc3ccc(Br)cc3)C(=O)N[C@@H](CCCNC(=N)N)C(=O)N[C@@H](Cc4c[nH]c5ccccc45)C(=O)N)C1=O)[nH]c6ccccc26,6.52
1780,CHEMBL3421679,CC(=O)N[C@H]1Cc2ccccc2CN([C@H](Cc3ccccc3)C(=O)N[C@@H](CCCNC(=N)N)C(=O)N[C@@H](Cc4c[nH]c5ccccc45)C(=O)N)C1=O,6.23
1781,CHEMBL3421680,CC(=O)N[C@H]1Cn2nncc2CN([C@H](Cc3ccccc3)C(=O)N[C@@H](CCCNC(=N)N)C(=O)N[C@@H](Cc4c[nH]c5ccccc45)C(=O)N)C1=O,5.34
1826,CHEMBL3601431,CCCC[C@@H](NC(=O)C)C(=O)N[C@H]1CC(=O)NCCCC[C@H](NC(=O)[C@H](Cc2c[nH]c3ccccc23)N(C)C(=O)[C@H](CCCNC(=N)N)N(C)C(=O)[C@@H](Cc4ccc5ccccc5c4)N(C)C(=O)[C@H](Cc6cnc[nH]6)N(C)C1=O)C(=O)N,5.74
1827,CHEMBL3601430,CCCC[C@@H](NC(=O)C)C(=O)N[C@H]1CC(=O)NCCCC[C@H](N(C)C(=O)[C@H](Cc2c[nH]c3ccccc23)NC(=O)[C@H](CCCNC(=N)N)N(C)C(=O)[C@@H](Cc4ccc5ccccc5c4)N(C)C(=O)[C@H](Cc6cnc[nH]6)N(C)C1=O)C(=O)N,5.86
1830,CHEMBL3601427,CCCC[C@@H](NC(=O)C)C(=O)N[C@H]1CC(=O)NCCCC[C@H](N(C)C(=O)[C@H](Cc2c[nH]c3ccccc23)N(C)C(=O)[C@H](CCCNC(=N)N)N(C)C(=O)[C@@H](Cc4ccc5ccccc5c4)N(C)C(=O)[C@H](Cc6cnc[nH]6)NC1=O)C(=O)N,5.91
1831,CHEMBL3601426,CCCC[C@@H](NC(=O)C)C(=O)N[C@H]1CC(=O)NCCCC[C@H](NC(=O)[C@H](Cc2c[nH]c3ccccc23)NC(=O)[C@H](CCCNC(=N)N)N(C)C(=O)[C@@H](Cc4ccc5ccccc5c4)N(C)C(=O)[C@H](Cc6cnc[nH]6)N(C)C1=O)C(=O)N,5.97
1832,CHEMBL3600922,CCCC[C@@H](NC(=O)C)C(=O)N[C@H]1CC(=O)NCCCC[C@H](NC(=O)[C@H](Cc2c[nH]c3ccccc23)N(C)C(=O)[C@H](CCCNC(=N)N)NC(=O)[C@@H](Cc4ccc5ccccc5c4)N(C)C(=O)[C@H](Cc6cnc[nH]6)N(C)C1=O)C(=O)N,5.76
1948,CHEMBL3663374,CC(=O)N[C@@H](CCCNC(=N)N)C(=O)N[C@H]1CCC(=O)NCCC[C@H](NC(=O)[C@H](Cc2c[nH]c3ccccc23)NC(=O)[C@H](CCCNC(=N)N)NC(=O)[C@@H](Cc4ccccc4F)NC(=O)[C@H](CCC(=O)N)NC1=O)C(=O)N,7.24
1949,CHEMBL3663347,CC(=O)N[C@@H](CCCNC(=N)N)C(=O)N[C@H]1CCC(=O)NCCC[C@H](NC(=O)[C@H](Cc2c[nH]c3ccccc23)NC(=O)[C@H](CCCNC(=N)N)NC(=O)[C@@H](Cc4ccccc4Cl)NC(=O)[C@H](CO)NC1=O)C(=O)N,6.52
1950,CHEMBL3667951,CC(=O)N[C@@H](CCCNC(=N)N)C(=O)N[C@H]1CCC(=O)NCCC[C@H](NC(=O)[C@H](Cc2c[nH]c3ccccc23)NC(=O)[C@H](CCCNC(=N)N)NC(=O)[C@@H](Cc4ccc(cc4)C#N)NC(=O)[C@H](CC(=O)O)NC1=O)C(=O)N,5.0
1951,CHEMBL3646886,CC(=O)N[C@H](CCCNC(=N)N)C(=O)N[C@H]1CCCNC(=O)CC[C@H](NC(=O)[C@H](Cc2c[nH]c3ccccc23)NC(=O)[C@H](CCCNC(=N)N)NC(=O)[C@@H](Cc4ccccc4)NC(=O)[C@H](CC(=O)N)NC1=O)C(=O)N,6.08
1952,CHEMBL3663366,CC(=O)N[C@H](CCCNC(=N)N)C(=O)N[C@H]1CCCNC(=O)CC[C@H](NC(=O)[C@H](Cc2c[nH]c3ccccc23)NC(=O)[C@H](CCCNC(=N)N)NC(=O)[C@@H](Cc4ccccc4Cl)NC(=O)[C@H](Cc5c[nH]cn5)NC1=O)C(=O)N,8.7
1953,CHEMBL3663382,CC(=O)N[C@@H](CCCNC(=N)N)C(=O)N[C@H]1CCC(=O)NCCC[C@H](NC(=O)[C@H](Cc2c[nH]c3ccccc23)NC(=O)[C@H](CCCNC(=N)N)NC(=O)[C@@H](Cc4ccc(F)cc4)NC(=O)[C@@H]5CCCN5C1=O)C(=O)N,6.89
1954,CHEMBL3663356,CC(=O)N[C@@H](CCCNC(=N)N)C(=O)N[C@H]1CCC(=O)NCCC[C@H](NC(=O)[C@H](Cc2c[nH]c3ccccc23)NC(=O)[C@H](CCCNC(=N)N)NC(=O)[C@@H](Cc4ccc(cc4)C#N)NC(=O)[C@@H]5C[C@@H](O)CN5C1=O)C(=O)N,6.06
1955,CHEMBL3667919,CC(=O)N[C@@H](CCCNC(=N)N)C(=O)N[C@H]1CCCNC(=O)CC[C@H](NC(=O)[C@H](Cc2c[nH]c3ccccc23)NC(=O)[C@H](CCCNC(=N)N)NC(=O)[C@@H](Cc4cccc(C)c4)NC(=O)[C@H](CC(=O)N)NC1=O)C(=O)N,5.64
1956,CHEMBL3663355,CC(=O)N[C@@H](CCCNC(=N)N)C(=O)N[C@H]1CCC(=O)NCCC[C@H](NC(=O)[C@H](Cc2c[nH]c3ccccc23)NC(=O)[C@H](CCCNC(=N)N)NC(=O)[C@@H](Cc4ccc(cc4)C#N)NC(=O)[C@@H]5CCCN5C1=O)C(=O)N,5.81
1957,CHEMBL3663359,CC(=O)N[C@@H](CCCNC(=N)N)C(=O)N[C@H]1CCC(=O)NCCC[C@H](NC(=O)[C@H](Cc2c[nH]c3ccccc23)NC(=O)[C@H](CCCNC(=N)N)NC(=O)[C@@H](Cc4ccc(cc4)C#N)NC(=O)[C@H](CC(=O)N)NC1=O)C(=O)N,6.06
1958,CHEMBL3663380,CC(=O)N[C@@H](CCCNC(=N)N)C(=O)N[C@H]1CCC(=O)NCCC[C@H](NC(=O)[C@H](Cc2c[nH]c3ccccc23)NC(=O)[C@H](CCCNC(=N)N)NC(=O)[C@@H](Cc4ccc(F)cc4)NC(=O)[C@H](CO)NC1=O)C(=O)N,7.37
1959,CHEMBL3646885,CC(=O)N[C@@H](CCCNC(=N)N)C(=O)N[C@H]1CCCCNC(=O)C[C@H](NC(=O)[C@H](Cc2c[nH]c3ccccc23)NC(=O)[C@H](CCCNC(=N)N)NC(=O)[C@@H](Cc4ccccc4)NC(=O)[C@H](CC(=O)N)NC1=O)C(=O)N,6.62
1960,CHEMBL3667931,CC(=O)N[C@@H](CCCNC(=N)N)C(=O)N[C@H]1CCC(=O)NCCC[C@H](NC(=O)[C@H](Cc2c[nH]c3ccccc23)NC(=O)[C@H](CCCNC(=N)N)NC(=O)[C@@H](Cc4ccc(cc4)C#N)NC(=O)[C@H](CC(=O)N)NC1=O)C(=O)O,5.0
1961,CHEMBL3663378,C[C@@H](OCc1ccccc1)[C@@H]2NC(=O)[C@H](CCC(=O)NCCC[C@H](NC(=O)[C@H](Cc3c[nH]c4ccccc34)NC(=O)[C@H](CCCNC(=N)N)NC(=O)[C@@H](Cc5ccccc5Cl)NC2=O)C(=O)N)NC(=O)[C@H](CCCNC(=N)N)NC(=O)C,7.92
1962,CHEMBL3667958,CC(=O)N[C@@H](CCCNC(=N)N)C(=O)N[C@H]1CCCNC(=O)CC[C@H](NC(=O)[C@H](Cc2c[nH]c3ccccc23)NC(=O)[C@H](CCCNC(=N)N)NC(=O)[C@@H](Cc4ccccc4Cl)NC(=O)[C@H](CC(=O)N)NC1=O)C(=O)N,6.59
1963,CHEMBL3663373,CC(=O)N[C@@H](CCCNC(=N)N)C(=O)N[C@H]1CCC(=O)NCCC[C@H](NC(=O)[C@H](Cc2c[nH]c3ccccc23)NC(=O)[C@H](CCCNC(=N)N)NC(=O)[C@@H](Cc4ccccc4F)NC(=O)[C@H](CO)NC1=O)C(=O)N,6.86
1964,CHEMBL3663354,CC(=O)N[C@@H](CCCNC(=N)N)C(=O)N[C@H]1CCC(=O)NCCC[C@H](NC(=O)[C@H](Cc2c[nH]c3ccccc23)NC(=O)[C@H](CCCNC(=N)N)NC(=O)[C@@H](Cc4cccc(Cl)c4)NC(=O)[C@H](CCC(=O)N)NC1=O)C(=O)N,6.54
1965,CHEMBL3663361,CC(=O)N[C@@H](CCCNC(=N)N)C(=O)N[C@H]1CCC(=O)NCCC[C@H](NC(=O)[C@H](Cc2c[nH]c3ccccc23)NC(=O)[C@H](CCCNC(=N)N)NC(=O)[C@@H](Cc4ccc(cc4)C#N)NC(=O)[C@H](CO)NC1=O)C(=O)N,5.0
1966,CHEMBL3667918,CC(=O)N[C@@H](CCCNC(=N)N)C(=O)N[C@H]1CCCNC(=O)CC[C@H](NC(=O)[C@H](Cc2c[nH]c3ccccc23)NC(=O)[C@H](CCCNC(=N)N)NC(=O)[C@@H](Cc4ccccc4F)NC(=O)[C@H](CC(=O)N)NC1=O)C(=O)N,6.48
1967,CHEMBL3646884,CC(=O)N[C@@H](CCCNC(=N)N)C(=O)N[C@H]1CCCNC(=O)CC[C@H](NC(=O)[C@H](Cc2c[nH]c3ccccc23)NC(=O)[C@H](CCCNC(=N)N)NC(=O)[C@@H](Cc4ccccc4)NC(=O)[C@H](CC(=O)N)NC1=O)C(=O)N,6.16
1968,CHEMBL3663381,CC(=O)N[C@@H](CCCNC(=N)N)C(=O)N[C@H]1CCC(=O)NCCC[C@H](NC(=O)[C@H](Cc2c[nH]c3ccccc23)NC(=O)[C@H](CCCNC(=N)N)NC(=O)[C@@H](Cc4ccccc4F)NC(=O)[C@@H]5CCCN5C1=O)C(=O)N,7.02
1969,CHEMBL3667952,CC(=O)N[C@@H](CCCNC(=N)N)C(=O)N[C@H]1CCC(=O)NCCC[C@H](NC(=O)[C@H](Cc2c[nH]c3ccccc23)NC(=O)[C@H](CCCNC(=N)N)NC(=O)[C@@H](Cc4ccc(cc4)C#N)NC(=O)[C@H](CC(=O)O)NC1=O)C(=O)O,5.0
1970,CHEMBL3667959,CC(=O)N[C@@H](CCCNC(=N)N)C(=O)N[C@H]1CCC(=O)NCCC[C@H](NC(=O)[C@H](Cc2c[nH]c3ccccc23)NC(=O)[C@H](CCCNC(=N)N)NC(=O)[C@@H](Cc4ccccc4C(F)(F)F)NC(=O)[C@H](CCC(=O)N)NC1=O)C(=O)N,7.03
1971,CHEMBL3663379,CC(=O)N[C@@H](CCCNC(=N)N)C(=O)N[C@H]1CCC(=O)NCCC[C@H](NC(=O)[C@H](Cc2c[nH]c3ccccc23)NC(=O)[C@H](CCCNC(=N)N)NC(=O)[C@@H](Cc4ccccc4F)NC(=O)[C@@H]5C[C@@H](O)CN5C1=O)C(=O)N,7.28
1972,CHEMBL3663358,CC(C)[C@@H]1NC(=O)[C@H](CCC(=O)NCCC[C@H](NC(=O)[C@H](Cc2c[nH]c3ccccc23)NC(=O)[C@H](CCCNC(=N)N)NC(=O)[C@@H](Cc4ccc(cc4)C#N)NC1=O)C(=O)N)NC(=O)[C@H](CCCNC(=N)N)NC(=O)C,6.38
1973,CHEMBL3667960,CC(=O)N[C@@H](CCCNC(=N)N)C(=O)N[C@H]1CCCNC(=O)CC[C@H](NC(=O)[C@H](Cc2c[nH]c3ccccc23)NC(=O)[C@H](CCCNC(=N)N)NC(=O)[C@@H](Cc4ccccc4C(F)(F)F)NC(=O)[C@H](CCC(=O)N)NC1=O)C(=O)N,6.63
1974,CHEMBL3667920,CC(=O)N[C@@H](CCCNC(=N)N)C(=O)N[C@H]1CCC(=O)NCCC[C@H](NC(=O)[C@H](Cc2c[nH]c3ccccc23)NC(=O)[C@H](CCCNC(=N)N)NC(=O)[C@@H](Cc4ccccc4C)NC(=O)[C@H](CC(=O)N)NC1=O)C(=O)N,6.8
1975,CHEMBL3667961,CC(=O)N[C@@H](CCCNC(=N)N)C(=O)N[C@H]1CCC(=O)NCCC[C@H](NC(=O)[C@H](Cc2c[nH]c3ccccc23)NC(=O)[C@H](CCCNC(=N)N)NC(=O)[C@@H](Cc4ccccc4C(F)(F)F)NC(=O)[C@H](CC(=O)N)NC1=O)C(=O)N,6.42
1976,CHEMBL3663352,C[C@@H](O)[C@@H]1NC(=O)[C@H](CCC(=O)NCCC[C@H](NC(=O)[C@H](Cc2c[nH]c3ccccc23)NC(=O)[C@H](CCCNC(=N)N)NC(=O)[C@@H](Cc4cccc(Cl)c4)NC1=O)C(=O)N)NC(=O)[C@H](CCCNC(=N)N)NC(=O)C,6.42
1977,CHEMBL3663367,CC(=O)N[C@H](CCCNC(=N)N)C(=O)N[C@H]1CCCNC(=O)CC[C@H](NC(=O)[C@H](Cc2c[nH]c3ccccc23)NC(=O)[C@H](CCCNC(=N)N)NC(=O)[C@@H](Cc4cccc(Cl)c4)NC(=O)[C@H](Cc5c[nH]cn5)NC1=O)C(=O)N,8.52
1978,CHEMBL3646892,CC(=O)N[C@@H](CCCNC(=N)N)C(=O)N[C@H]1CCCCNC(=O)C[C@H](NC(=O)[C@H](Cc2ccc3ccccc3c2)NC(=O)[C@H](CCCNC(=N)N)NC(=O)[C@@H](Cc4ccccc4)NC(=O)[C@H](CC(=O)N)NC1=O)C(=O)N,6.59
1979,CHEMBL3663371,CC(=O)NCC[C@@H]1NC(=O)[C@H](CCC(=O)NCCC[C@H](NC(=O)[C@H](Cc2c[nH]c3ccccc23)NC(=O)[C@H](CCCNC(=N)N)NC(=O)[C@@H](Cc4ccccc4Cl)NC1=O)C(=O)N)NC(=O)[C@H](CCCNC(=N)N)NC(=O)C,7.52
1980,CHEMBL3663377,CC(=O)N[C@@H](CCCNC(=N)N)C(=O)N[C@H]1CCC(=O)NCCC[C@H](NC(=O)[C@H](Cc2c[nH]c3ccccc23)NC(=O)[C@H](CCCNC(=N)N)NC(=O)[C@@H](Cc4ccccc4Cl)NC(=O)[C@H](CN)NC1=O)C(=O)N,7.55
1981,CHEMBL3667926,CC(=O)N[C@H](CCCNC(=N)N)C(=O)N[C@H]1CC(=O)NCCCC[C@H](NC(=O)[C@H](Cc2c[nH]c3ccccc23)NC(=O)[C@H](CCCNC(=N)N)NC(=O)[C@@H](Cc4cccc(Cl)c4)NC(=O)[C@H](CCC(=O)N)NC1=O)C(=O)N,5.76
1982,CHEMBL3663372,CC(=O)N[C@H](CCCNC(=N)N)C(=O)N[C@H]1CCCNC(=O)CC[C@H](NC(=O)[C@H](Cc2c[nH]c3ccccc23)NC(=O)[C@H](CCCNC(=N)N)NC(=O)[C@@H](Cc4ccc(F)cc4)NC(=O)[C@H](Cc5c[nH]cn5)NC1=O)C(=O)N,9.0
1983,CHEMBL3667932,CC(=O)N[C@@H](CCCNC(=N)N)C(=O)N[C@H]1CCC(=O)NCCC[C@H](NC(=O)[C@H](Cc2c[nH]c3ccccc23)NC(=O)[C@H](CCCNC(=N)N)NC(=O)[C@@H](Cc4ccc(cc4)C#N)NC(=O)[C@H](CCC(=O)N)NC1=O)C(=O)O,5.4
1984,CHEMBL3663353,CC(=O)N[C@@H](CCCNC(=N)N)C(=O)N[C@H]1CCC(=O)NCCC[C@H](NC(=O)[C@H](Cc2c[nH]c3ccccc23)NC(=O)[C@H](CCCNC(=N)N)NC(=O)[C@@H](Cc4cccc(Cl)c4)NC(=O)[C@@H]5C[C@@H](O)CN5C1=O)C(=O)N,6.37
1985,CHEMBL3663323,CC(=O)N[C@@H](CCCNC(=N)N)C(=O)N[C@H]1CCC(=O)NCCC[C@H](NC(=O)[C@H](Cc2c[nH]c3ccccc23)NC(=O)[C@H](CCCNC(=N)N)NC(=O)[C@@H](Cc4ccc(cc4)C#N)NC(=O)[C@H](CCN)NC1=O)C(=O)N,8.3
1986,CHEMBL3667916,CC(=O)N[C@@H](CCCNC(=N)N)C(=O)N[C@H]1CCC(=O)NCCC[C@H](NC(=O)[C@H](Cc2c[nH]c3ccccc23)NC(=O)[C@H](CCCNC(=N)N)NC(=O)[C@@H](Cc4ccc(F)cc4)NC(=O)[C@H](CC(=O)N)NC1=O)C(=O)N,6.82
1987,CHEMBL3667956,CC(=O)N[C@@H](CCCNC(=N)N)C(=O)N[C@H]1CCCNC(=O)CC[C@H](NC(=O)[C@H](Cc2c[nH]c3ccccc23)NC(=O)[C@H](CCCNC(=N)N)NC(=O)[C@@H](Cc4ccccc4C)NC(=O)[C@H](CCC(=O)N)NC1=O)C(=O)N,6.84
1988,CHEMBL3663322,CC(=O)N[C@@H](CCCNC(=N)N)C(=O)N[C@H]1CCC(=O)NCCC[C@H](NC(=O)[C@H](Cc2c[nH]c3ccccc23)NC(=O)[C@H](CCCNC(=N)N)NC(=O)[C@@H](Cc4cccc(c4)C#N)NC(=O)[C@H](CCN)NC1=O)C(=O)N,7.37
1989,CHEMBL3646889,CC(=O)N[C@@H](CCCNC(=N)N)C(=O)N[C@H]1CCNC(=O)CCC[C@H](NC(=O)[C@H](Cc2c[nH]c3ccccc23)NC(=O)[C@H](CCCNC(=N)N)NC(=O)[C@@H](Cc4ccccc4)NC(=O)[C@H](CCC(=O)N)NC1=O)C(=O)N,6.88
1990,CHEMBL3663360,C[C@@H](O)[C@@H]1NC(=O)[C@H](CCC(=O)NCCC[C@H](NC(=O)[C@H](Cc2c[nH]c3ccccc23)NC(=O)[C@H](CCCNC(=N)N)NC(=O)[C@@H](Cc4ccc(cc4)C#N)NC1=O)C(=O)N)NC(=O)[C@H](CCCNC(=N)N)NC(=O)C,5.79
1992,CHEMBL3663363,CC(=O)N[C@@H](CCCNC(=N)N)C(=O)N[C@H]1CCC(=O)NCCC[C@H](NC(=O)[C@H](Cc2c[nH]c3ccccc23)NC(=O)[C@H](CCCNC(=N)N)NC(=O)[C@@H](Cc4ccccc4Cl)NC(=O)[C@H](COCc5ccccc5)NC1=O)C(=O)N,7.6
1993,CHEMBL3663350,CC(=O)N[C@@H](CCCNC(=N)N)C(=O)N[C@H]1CCC(=O)NCCC[C@H](NC(=O)[C@H](Cc2c[nH]c3ccccc23)NC(=O)[C@H](CCCNC(=N)N)NC(=O)[C@@H](Cc4ccccc4Cl)NC(=O)[C@H](CCC(=O)N)NC1=O)C(=O)N,6.89
1994,CHEMBL3646891,CC(=O)N[C@@H](CCCNC(=N)N)C(=O)N[C@H]1CCC(=O)NCCC[C@H](NC(=O)[C@H](Cc2c[nH]c3ccccc23)NC(=O)[C@H](CCCNC(=N)N)NC(=O)[C@@H](Cc4ccccc4)NC(=O)[C@H](CC(=O)N)NC1=O)C(=O)N,6.81
1995,CHEMBL3663320,CC(=O)N[C@@H](CCCNC(=N)N)C(=O)N[C@H]1CCC(=O)NCCC[C@H](NC(=O)[C@H](Cc2c[nH]c3ccccc23)NC(=O)[C@H](CCCNC(=N)N)NC(=O)[C@@H](Cc4ccc(Cl)cc4Cl)NC(=O)[C@H](CCN)NC1=O)C(=O)N,9.3
1996,CHEMBL3663321,CC(=O)N[C@@H](CCCNC(=N)N)C(=O)N[C@H]1CCC(=O)NCCC[C@H](NC(=O)[C@H](Cc2c[nH]c3ccccc23)NC(=O)[C@H](CCCNC(=N)N)NC(=O)[C@@H](Cc4ccc(Cl)c(Cl)c4)NC(=O)[C@H](CCN)NC1=O)C(=O)N,9.7
1997,CHEMBL3663318,CC(=O)N[C@@H](CCCNC(=N)N)C(=O)N[C@H]1CCC(=O)NCCC[C@H](NC(=O)[C@H](Cc2c[nH]c3ccccc23)NC(=O)[C@H](CCCNC(=N)N)NC(=O)[C@@H](Cc4cccc(Cl)c4)NC(=O)[C@H](CCN)NC1=O)C(=O)N,9.0
1998,CHEMBL3646890,CC(=O)N[C@@H](CCCNC(=N)N)C(=O)N[C@H]1CCCC(=O)NCC[C@H](NC(=O)[C@H](Cc2c[nH]c3ccccc23)NC(=O)[C@H](CCCNC(=N)N)NC(=O)[C@@H](Cc4ccccc4)NC(=O)[C@H](CC(=O)N)NC1=O)C(=O)N,6.53
1999,CHEMBL3667930,CC(=O)N[C@@H](CCCNC(=N)N)C(=O)N[C@H]1CCC(=O)NCCC[C@H](NC(=O)[C@H](Cc2c[nH]c3ccccc23)NC(=O)[C@H](CCCNC(=N)N)NC(=O)[C@@H](Cc4ccccc4F)NC(=O)[C@H](CC(=O)N)NC1=O)C(=O)N,6.61
2000,CHEMBL3667917,CC(=O)N[C@@H](CCCNC(=N)N)C(=O)N[C@H]1CCCNC(=O)CC[C@H](NC(=O)[C@H](Cc2c[nH]c3ccccc23)NC(=O)[C@H](CCCNC(=N)N)NC(=O)[C@@H](Cc4ccc(F)cc4)NC(=O)[C@H](CC(=O)N)NC1=O)C(=O)N,6.77
2001,CHEMBL3663331,CC(=O)N[C@@H](CCCNC(=N)N)C(=O)N[C@H]1CCC(=O)NCCC[C@H](NC(=O)[C@H](Cc2c[nH]c3ccccc23)NC(=O)[C@H](CCCNC(=N)N)NC(=O)[C@@H](Cc4ccc(C)cc4)NC(=O)[C@H](CCN)NC1=O)C(=O)N,9.13
2002,CHEMBL3663327,CC(=O)N[C@@H](CCCNC(=N)N)C(=O)N[C@H]1CCC(=O)NCCC[C@H](NC(=O)[C@H](Cc2c[nH]c3ccccc23)NC(=O)[C@H](CCCNC(=N)N)NC(=O)[C@@H](Cc4ccc(F)cc4)NC(=O)[C@H](CCN)NC1=O)C(=O)N,9.3
2003,CHEMBL3663375,CC(=O)N[C@@H](CCCNC(=N)N)C(=O)N[C@H]1CCC(=O)NCCC[C@H](NC(=O)[C@H](Cc2c[nH]c3ccccc23)NC(=O)[C@H](CCCNC(=N)N)NC(=O)[C@@H](Cc4ccc(F)cc4)NC(=O)[C@@H]5C[C@@H](O)CN5C1=O)C(=O)N,7.05
2004,CHEMBL3667957,CC(=O)N[C@@H](CCCNC(=N)N)C(=O)N[C@H]1CCCNC(=O)CC[C@H](NC(=O)[C@H](Cc2c[nH]c3ccccc23)NC(=O)[C@H](CCCNC(=N)N)NC(=O)[C@@H](Cc4ccccc4Cl)NC(=O)[C@H](CCC(=O)N)NC1=O)C(=O)N,7.08
2005,CHEMBL3667921,CC(=O)N[C@@H](CCCNC(=N)N)C(=O)N[C@H]1CCCNC(=O)CC[C@H](NC(=O)[C@H](Cc2c[nH]c3ccccc23)NC(=O)[C@H](CCCNC(=N)N)NC(=O)[C@@H](Cc4ccccc4C)NC(=O)[C@H](CC(=O)N)NC1=O)C(=O)N,6.39
2006,CHEMBL3644320,CC(=O)N[C@H](CCCNC(=N)N)C(=O)N[C@H]1CC(=O)NCCCC[C@H](NC(=O)[C@H](Cc2c[nH]c3ccccc23)NC(=O)[C@H](CCCNC(=N)N)NC(=O)[C@@H](Cc4ccccc4)NC(=O)[C@H](CCC(=O)N)NC1=O)C(=O)N,5.48
2007,CHEMBL3663324,CC(=O)N[C@@H](CCCNC(=N)N)C(=O)N[C@H]1CCC(=O)NCCC[C@H](NC(=O)[C@H](Cc2c[nH]c3ccccc23)NC(=O)[C@H](CCCNC(=N)N)NC(=O)[C@@H](Cc4ccc(O)cc4)NC(=O)[C@H](CCN)NC1=O)C(=O)N,7.82
2008,CHEMBL3663329,CC(=O)N[C@@H](CCCNC(=N)N)C(=O)N[C@H]1CCC(=O)NCCC[C@H](NC(=O)[C@H](Cc2c[nH]c3ccccc23)NC(=O)[C@H](CCCNC(=N)N)NC(=O)[C@@H](Cc4ccccc4C(F)(F)F)NC(=O)[C@H](CCN)NC1=O)C(=O)N,8.52
2009,CHEMBL3646882,CC(=O)N[C@H](CCCNC(=N)N)C(=O)N[C@H]1CCCNC(=O)CC[C@H](NC(=O)[C@H](Cc2c[nH]c3ccccc23)NC(=O)[C@H](CCCNC(=N)N)NC(=O)[C@@H](Cc4ccccc4)NC(=O)[C@H](CCC(=O)N)NC1=O)C(=O)N,6.92
2010,CHEMBL3667925,CC(=O)N[C@H](CCCNC(=N)N)C(=O)N[C@H]1CC(=O)NCCCC[C@H](NC(=O)[C@H](Cc2c[nH]c3ccccc23)NC(=O)[C@H](CCCNC(=N)N)NC(=O)[C@@H](Cc4ccccc4Cl)NC(=O)[C@H](CCC(=O)N)NC1=O)C(=O)N,6.4
2011,CHEMBL3663351,CC(=O)N[C@@H](CCCNC(=N)N)C(=O)N[C@H]1CCC(=O)NCCC[C@H](NC(=O)[C@H](Cc2c[nH]c3ccccc23)NC(=O)[C@H](CCCNC(=N)N)NC(=O)[C@@H](Cc4cccc(Cl)c4)NC(=O)[C@H](CO)NC1=O)C(=O)N,6.09
2012,CHEMBL3663365,CC(=O)N[C@@H](CCCNC(=N)N)C(=O)N[C@H]1CCC(=O)NCCC[C@H](NC(=O)[C@H](Cc2c[nH]c3ccccc23)NC(=O)[C@H](CCCNC(=N)N)NC(=O)[C@@H](Cc4ccccc4Cl)NC(=O)[C@H](CCCN)NC1=O)C(=O)O,8.1
2013,CHEMBL3663349,CC(=O)N[C@@H](CCCNC(=N)N)C(=O)N[C@H]1CCC(=O)NCCC[C@H](NC(=O)[C@H](Cc2c[nH]c3ccccc23)NC(=O)[C@H](CCCNC(=N)N)NC(=O)[C@@H](Cc4ccccc4Cl)NC(=O)[C@@H]5C[C@@H](O)CN5C1=O)C(=O)N,6.85
2014,CHEMBL3663348,C[C@@H](O)[C@@H]1NC(=O)[C@H](CCC(=O)NCCC[C@H](NC(=O)[C@H](Cc2c[nH]c3ccccc23)NC(=O)[C@H](CCCNC(=N)N)NC(=O)[C@@H](Cc4ccccc4Cl)NC1=O)C(=O)N)NC(=O)[C@H](CCCNC(=N)N)NC(=O)C,6.27
2015,CHEMBL3646880,CC(=O)N[C@@H](CCCNC(=N)N)C(=O)N[C@H]1CCCNC(=O)CC[C@H](NC(=O)[C@H](Cc2c[nH]c3ccccc23)NC(=O)[C@H](CCCNC(=N)N)NC(=O)[C@@H](Cc4ccccc4)NC(=O)[C@H](CCC(=O)N)NC1=O)C(=O)N,6.89
2016,CHEMBL3663368,CC(=O)N[C@H](CCCNC(=N)N)C(=O)N[C@H]1CCCNC(=O)CC[C@H](NC(=O)[C@H](Cc2c[nH]c3ccccc23)NC(=O)[C@H](CCCNC(=N)N)NC(=O)[C@@H](Cc4ccc(cc4)C#N)NC(=O)[C@H](Cc5c[nH]cn5)NC1=O)C(=O)N,8.22
2017,CHEMBL3667928,CC(=O)N[C@H](CCCNC(=N)N)C(=O)N[C@H]1CC(=O)NCCCC[C@H](NC(=O)[C@H](Cc2c[nH]c3ccccc23)NC(=O)[C@H](CCCNC(=N)N)NC(=O)[C@@H](Cc4ccccc4F)NC(=O)[C@H](CCC(=O)N)NC1=O)C(=O)N,6.66
2018,CHEMBL3667954,CC(=O)N[C@@H](CCCNC(=N)N)C(=O)N[C@H]1CCC(=O)NCCC[C@H](NC(=O)[C@H](Cc2c[nH]c3ccccc23)NC(=O)[C@H](CCCNC(=N)N)NC(=O)[C@@H](Cc4ccc(cc4)C#N)NC(=O)[C@H](CCC(=O)O)NC1=O)C(=O)O,5.0
2019,CHEMBL3639667,CC(=O)N[C@H](CCCNC(=N)N)C(=O)N[C@H]1CC(=O)NCCCC[C@H](NC(=O)[C@H](Cc2c[nH]c3ccccc23)NC(=O)[C@H](CCCNC(=N)N)NC(=O)[C@@H](Cc4ccc(F)c(F)c4)NC(=O)[C@H](CCC(=O)N)NC1=O)C(=O)N,6.29
2020,CHEMBL3663319,CC(=O)N[C@@H](CCCNC(=N)N)C(=O)N[C@H]1CCC(=O)NCCC[C@H](NC(=O)[C@H](Cc2c[nH]c3ccccc23)NC(=O)[C@H](CCCNC(=N)N)NC(=O)[C@@H](Cc4ccc(Cl)cc4)NC(=O)[C@H](CCN)NC1=O)C(=O)N,9.52
2021,CHEMBL3667927,CC(=O)N[C@H](CCCNC(=N)N)C(=O)N[C@H]1CC(=O)NCCCC[C@H](NC(=O)[C@H](Cc2c[nH]c3ccccc23)NC(=O)[C@H](CCCNC(=N)N)NC(=O)[C@@H](Cc4ccc(cc4)C#N)NC(=O)[C@H](CCC(=O)N)NC1=O)C(=O)N,5.0
2022,CHEMBL3663364,CC(=O)N[C@@H](CCCNC(=N)N)C(=O)N[C@H]1CCC(=O)NCCC[C@H](NC(=O)[C@H](Cc2c[nH]c3ccccc23)NC(=O)[C@H](CCCNC(=N)N)NC(=O)[C@@H](Cc4ccccc4Cl)NC(=O)[C@H](Cc5cccc(c5)C(=O)N)NC1=O)C(=O)N,6.26
2023,CHEMBL3663317,CC(=O)N[C@@H](CCCNC(=N)N)C(=O)N[C@H]1CCC(=O)NCCC[C@H](NC(=O)[C@H](Cc2c[nH]c3ccccc23)NC(=O)[C@H](CCCNC(=N)N)NC(=O)[C@@H](Cc4ccccc4Cl)NC(=O)[C@H](CCN)NC1=O)C(=O)N,9.0
2024,CHEMBL3667922,CC(=O)N[C@@H](CCCNC(=N)N)C(=O)N[C@H]1CCCNC(=O)CC[C@H](NC(=O)[C@H](Cc2c[nH]c3ccccc23)NC(=O)[C@H](CCCNC(=N)N)NC(=O)[C@@H](Cc4ccc(F)c(F)c4)NC(=O)[C@H](CC(=O)N)NC1=O)C(=O)N,6.72
2025,CHEMBL3667962,CC(=O)N[C@@H](CCCNC(=N)N)C(=O)N[C@H]1CCCNC(=O)CC[C@H](NC(=O)[C@H](Cc2c[nH]c3ccccc23)NC(=O)[C@H](CCCNC(=N)N)NC(=O)[C@@H](Cc4ccccc4C(F)(F)F)NC(=O)[C@H](CC(=O)N)NC1=O)C(=O)N,6.27
2026,CHEMBL3663370,CC(=O)N[C@H](CCCNC(=N)N)C(=O)N[C@H]1CCCNC(=O)CC[C@H](NC(=O)[C@H](Cc2c[nH]c3ccccc23)NC(=O)[C@H](CCCNC(=N)N)NC(=O)[C@@H](Cc4ccc(F)c(F)c4)NC(=O)[C@H](Cc5c[nH]cn5)NC1=O)C(=O)N,9.16
2027,CHEMBL3667923,CC(=O)N[C@@H](CCCNC(=N)N)C(=O)N[C@H]1CCC(=O)NCCC[C@H](NC(=O)[C@H](Cc2c[nH]c3ccccc23)NC(=O)[C@H](CCCNC(=N)N)NC(=O)[C@@H](Cc4cc(F)cc(F)c4)NC(=O)[C@H](CC(=O)N)NC1=O)C(=O)N,6.59
2028,CHEMBL3663357,C[C@@H]1NC(=O)[C@H](CCC(=O)NCCC[C@H](NC(=O)[C@H](Cc2c[nH]c3ccccc23)NC(=O)[C@H](CCCNC(=N)N)NC(=O)[C@@H](Cc4ccc(cc4)C#N)NC1=O)C(=O)N)NC(=O)[C@H](CCCNC(=N)N)NC(=O)C,5.37
2029,CHEMBL3667929,CC(=O)N[C@H](CCCNC(=N)N)C(=O)N[C@H]1CC(=O)NCCCC[C@H](NC(=O)[C@H](Cc2c[nH]c3ccccc23)NC(=O)[C@H](CCCNC(=N)N)NC(=O)[C@@H](Cc4ccc(F)cc4)NC(=O)[C@H](CCC(=O)N)NC1=O)C(=O)N,6.59
2030,CHEMBL3663325,CC(=O)N[C@@H](CCCNC(=N)N)C(=O)N[C@H]1CCC(=O)NCCC[C@H](NC(=O)[C@H](Cc2c[nH]c3ccccc23)NC(=O)[C@H](CCCNC(=N)N)NC(=O)[C@@H](Cc4ccccc4F)NC(=O)[C@H](CCN)NC1=O)C(=O)N,9.1
2031,CHEMBL3663362,CC(=O)N[C@@H](CCCNC(=N)N)C(=O)N[C@H]1CCC(=O)NCCC[C@H](NC(=O)[C@H](Cc2c[nH]c3ccccc23)NC(=O)[C@H](CCCNC(=N)N)NC(=O)[C@@H](Cc4ccc(cc4)C#N)NC(=O)[C@H](CCC(=O)N)NC1=O)C(=O)N,6.37
2032,CHEMBL3639622,CC(=O)N[C@@H](CCCNC(=N)N)C(=O)N[C@H]1CCC(=O)NCCC[C@H](NC(=O)[C@H](Cc2c[nH]c3ccccc23)NC(=O)[C@H](CCCNC(=N)N)NC(=O)[C@@H](Cc4cccc(Cl)c4)NC(=O)[C@H](CCCN)NC1=O)C(=O)O,7.64
2033,CHEMBL3667924,CC(=O)N[C@@H](CCCNC(=N)N)C(=O)N[C@H]1CCCNC(=O)CC[C@H](NC(=O)[C@H](Cc2c[nH]c3ccccc23)NC(=O)[C@H](CCCNC(=N)N)NC(=O)[C@@H](Cc4cc(F)cc(F)c4)NC(=O)[C@H](CC(=O)N)NC1=O)C(=O)N,6.72
2034,CHEMBL3663328,CC(=O)N[C@@H](CCCNC(=N)N)C(=O)N[C@H]1CCC(=O)NCCC[C@H](NC(=O)[C@H](Cc2c[nH]c3ccccc23)NC(=O)[C@H](CCCNC(=N)N)NC(=O)[C@@H](Cc4ccccc4C#N)NC(=O)[C@H](CCN)NC1=O)C(=O)N,7.46
2035,CHEMBL3663332,COc1ccc(C[C@H]2NC(=O)[C@H](CCN)NC(=O)[C@H](CCC(=O)NCCC[C@H](NC(=O)[C@H](Cc3c[nH]c4ccccc34)NC(=O)[C@H](CCCNC(=N)N)NC2=O)C(=O)N)NC(=O)[C@H](CCCNC(=N)N)NC(=O)C)cc1,9.82
2036,CHEMBL3667955,CC(=O)N[C@@H](CCCNC(=N)N)C(=O)N[C@H]1CCC(=O)NCCC[C@H](NC(=O)[C@H](Cc2c[nH]c3ccccc23)NC(=O)[C@H](CCCNC(=N)N)NC(=O)[C@@H](Cc4ccccc4C)NC(=O)[C@H](CCC(=O)N)NC1=O)C(=O)N,6.98
2037,CHEMBL3663330,CC(=O)N[C@@H](CCCNC(=N)N)C(=O)N[C@H]1CCC(=O)NCCC[C@H](NC(=O)[C@H](Cc2c[nH]c3ccccc23)NC(=O)[C@H](CCCNC(=N)N)NC(=O)[C@@H](Cc4cccc(c4)C(F)(F)F)NC(=O)[C@H](CCN)NC1=O)C(=O)N,8.05
2038,CHEMBL3667915,CC(=O)N[C@@H](CCCNC(=N)N)C(=O)N[C@H]1CCC(=O)NCCC[C@H](NC(=O)[C@H](Cc2c[nH]c3ccccc23)NC(=O)[C@H](CCCNC(=N)N)NC(=O)[C@@H](Cc4ccc(F)cc4)NC(=O)[C@H](CCS(=O)(=O)C)NC1=O)C(=O)N,7.48
2039,CHEMBL3663376,CC(=O)N[C@@H](CCCNC(=N)N)C(=O)N[C@H]1CCC(=O)NCCC[C@H](NC(=O)[C@H](Cc2c[nH]c3ccccc23)NC(=O)[C@H](CCCNC(=N)N)NC(=O)[C@@H](Cc4cccc(Cl)c4)NC(=O)[C@H](CN)NC1=O)C(=O)N,7.6
2040,CHEMBL3667953,CC(=O)N[C@@H](CCCNC(=N)N)C(=O)N[C@H]1CCC(=O)NCCC[C@H](NC(=O)[C@H](Cc2c[nH]c3ccccc23)NC(=O)[C@H](CCCNC(=N)N)NC(=O)[C@@H](Cc4ccc(cc4)C#N)NC(=O)[C@H](CCC(=O)O)NC1=O)C(=O)N,5.0
2041,CHEMBL3663369,CC(=O)N[C@H](CCCNC(=N)N)C(=O)N[C@H]1CCCNC(=O)CC[C@H](NC(=O)[C@H](Cc2c[nH]c3ccccc23)NC(=O)[C@H](CCCNC(=N)N)NC(=O)[C@@H](Cc4ccccc4F)NC(=O)[C@H](Cc5c[nH]cn5)NC1=O)C(=O)N,9.13
2042,CHEMBL3663326,CC(=O)N[C@@H](CCCNC(=N)N)C(=O)N[C@H]1CCC(=O)NCCC[C@H](NC(=O)[C@H](Cc2c[nH]c3ccccc23)NC(=O)[C@H](CCCNC(=N)N)NC(=O)[C@@H](Cc4cccc(F)c4)NC(=O)[C@H](CCN)NC1=O)C(=O)N,8.7
