,molecule_chembl_id,canonical_smiles,pchembl_value
0,afamelanotide,CCCC[C@H](NC(=O)[C@H](CO)NC(=O)[C@H](CC1=CC=C(O)C=C1)NC(=O)[C@H](CO)NC(C)=O)C(=O)N[C@@H](CCC(O)=O)C(=O)N[C@@H](CC1=CNC=N1)C(=O)N[C@@H](CC1=CC=CC=C1)C(=O)N[C@@H](CCCNC(N)=N)C(=O)N[C@@H](CC1=CNC2=C1C=CC=C2)C(=O)NCC(=O)N[C@@H](CCCCN)C(=O)N1CCC[C@H]1C(=O)N[C@@H](C(C)C)C(N)=O,9.0
1,CHEMBL3600838,CCCC[C@@H](NC(=O)C)C(=O)N[C@H]1CC(=O)NCCCC[C@H](N(C)C(=O)[C@H](Cc2c[nH]c3ccccc23)NC(=O)[C@H](CCCNC(=N)N)NC(=O)[C@@H](Cc4ccc5ccccc5c4)N(C)C(=O)[C@H](Cc6cnc[nH]6)NC1=O)C(=O)N,7.02
2,CHEMBL263585,CC(=O)C1C(=O)N[C@H](CCC(=O)O)C(=O)N[C@@H](Cc2c[nH]cn2)C(=O)N[C@@H](Cc3ccc4ccccc4c3)C(=O)N[C@@H](CCCN=C(N)N)C(=O)N[C@H](Cc5c[nH]c6ccccc56)C(=O)NC(CSSC1(C)C)C(=O)N7CCC[C@H]7C(=O)CN8CCC[C@H]8C(=O)CN[C@@H](CCCCN)C(=O)CN[C@@H](CC(=O)O)C(=O)N,7.03
3,CHEMBL184612,CN(C1CCCCC1)\C(=N\c2ccc(cc2)C(=O)NCCc3ccc(Cl)cc3Cl)\NC4CCCCC4,7.04
4,CHEMBL391704,CCCC[C@H](N)C(=O)N[C@H]1CC(=O)NCCCC[C@H](NC(=O)[C@H](Cc2c[nH]c3ccccc23)NC(=O)[C@H](CCCNC(=N)N)NC(=O)[C@@H](Cc4ccc5ccccc5c4)N6Cc7ccccc7CC(NC1=O)C6=O)C(=O)N,7.06
5,CHEMBL377231,COc1cc(Cl)ccc1CC(C)C(=O)N2CCN(CC2)c3ccc(cc3[C@@H](N)CC(C)C)C(F)(F)F,7.07
6,CHEMBL1093304,CC(=O)NC(C)(C)[C@@H]1CC2(CCN(CC2)C(=O)[C@@H]3CN(C[C@H]3c4ccc(F)cc4F)C(C)(C)C)c5cc(Cl)c(C)cc15,7.08
7,CHEMBL381501,CC1(C)COC(=O)N1CC2(CCN(CC2)C(=O)[C@@H](Cc3ccc(Cl)cc3)NC(=O)[C@H]4Cc5ccccc5CN4)C6CCCCC6,7.1
8,CHEMBL363730,CC1CN(CC(C)N1)\C(=N\c2ccc(cc2)C(=O)NCCc3ccc(Cl)cc3Cl)\NC4CCCCC4,7.1
9,CHEMBL363290,Clc1ccc(CCNC(=O)c2ccc(N\C(=N\C3CCCCC3)\N4CCC(CC4)N5CCCC5)cc2)c(Cl)c1,7.11
10,CHEMBL2112604,CC(=O)[C@H]1CSSC[C@@H](NC(=O)[C@@H](Cc2c[nH]c3ccccc23)NC(=O)[C@H](CCCN=C(N)N)NC(=O)[C@H](Cc4ccccc4)NC(=O)[C@H](Cc5c[nH]cn5)NC(=O)[C@@H](CCC(=O)O)NC1=O)C(=O)N6CCC[C@H]6C(=O)CN7CCC[C@H]7C(=O)CN[C@@H](CCCCN)C(=O)CN[C@@H](CC(=O)O)C(=O)N,7.14
11,CHEMBL3753760,CCCC[C@H](NC(=O)C)C(=O)N[C@H]1CC(=O)NCCCC[C@H](NC(=O)[C@H](Cc2c[nH]c3ccccc23)NC(=O)[C@H](CCCNC(=N)N)NC(=O)[C@@H](Cc4ccccc4)NC(=O)[C@@H]5CCCN5C(=O)[C@H](Cc6c[nH]c7ccccc67)NC1=O)C(=O)N,7.14
12,CHEMBL3421678,CC(=O)N[C@H]1Cc2c(CN([C@H](Cc3ccc(Br)cc3)C(=O)N[C@@H](CCCNC(=N)N)C(=O)N[C@@H](Cc4c[nH]c5ccccc45)C(=O)N)C1=O)[nH]c6ccccc26,7.15
13,CHEMBL185469,C[C@@H]1CN(CCN1)\C(=N\c2ccc(cc2)C(=O)NCCc3ccc(Cl)cc3Cl)\NC4CCCCC4,7.16
14,CHEMBL186792,Fc1cc(F)cc(C\N=C(\NC2CCCCC2)/Nc3ccc(cc3)C(=O)NCCc4ccc(Cl)cc4Cl)c1,7.16
15,CHEMBL467772,CNCC(=O)N[C@@H](C(C)C)c1cccc(F)c1N2CCN(CC2)C(=O)[C@H](C)Cc3ccc(Cl)cc3OC,7.17
16,CHEMBL433764,CC(C)(C)NC(=O)C1(CCN(CC1)C(=O)[C@@H](Cc2ccc(Cl)cc2)NC(=O)[C@H]3CCc4ccccc4[C@H]3N)C5CCCCC5,7.19
17,CHEMBL429854,CC[C@H](NC(=O)C)c1cc(Cl)ccc1C2CCN(CC2)C(=O)[C@@H]3CN(C[C@H]3c4ccc(Br)cc4F)C(C)(C)C,7.19
18,CHEMBL434985,NC(=N)NCCC[C@@H]1NC(=O)[C@H](Cc2ccc3ccccc3c2)NC(=O)[C@H](Cc4c[nH]cn4)NC(=O)CCC(=O)NCC(NC(=O)[C@@H](Cc5c[nH]c6ccccc56)NC1=O)C(=O)N,7.19
19,CHEMBL3600737,CCCC[C@@H](NC(=O)C)C(=O)N[C@H]1CC(=O)NCCCC[C@H](N(C)C(=O)[C@H](Cc2c[nH]c3ccccc23)NC(=O)[C@H](CCCNC(=N)N)NC(=O)[C@@H](Cc4ccc5ccccc5c4)NC(=O)[C@H](Cc6cnc[nH]6)NC1=O)C(=O)N,7.22
20,CHEMBL552520,NC(=N)NCCC[C@@H]1NC(=O)[C@@H](Cc2ccccc2)NC(=O)[C@@H]3CCCN3C(=O)c4cc(ccc4SC[C@H](NC(=O)[C@H](Cc5c[nH]c6ccccc56)NC1=O)C(=O)N)[N+](=O)[O-],7.24
21,CHEMBL2113041,CC(C)(C)NC(=O)C1(CCN(CC1)C(=O)[C@@H](Cc2ccc(Cl)cc2)NC(=O)C3CCCc4ccccc4C3N)C5CCCCC5,7.27
22,CHEMBL1762009,C[C@@H]1CN(C[C@H](C)N1)C(=O)N[C@H](Cc2ccc(Cl)cc2)C(=O)N3CCC(CC3)(C4CCCCC4)C(=O)NC(C)(C)C,7.27
23,CHEMBL184323,CN1CCN(CC1)\C(=N\c2ccc(cc2)C(=O)NCCc3ccc(Cl)cc3Cl)\NC4CCCCC4,7.3
24,CHEMBL1923664,NC(=N)NCCC[C@H](NC(=O)[C@@H](Cc1ccccc1)NC(=O)[C@H](Cc2cnc[nH]2)NC(=O)CCCc3ccccc3)C(=O)N[C@@H](Cc4c[nH]c5ccccc45)C(=O)NCC(=O)N[C@@H](CCCCNC(=O)CCCC#C)C(=O)N,7.34
25,CHEMBL185398,Clc1ccc(CCNC(=O)c2ccc(N\C(=N\C3CCCCC3)\N4CCN(Cc5ccccc5)CC4)cc2)c(Cl)c1,7.36
26,CHEMBL415333,CC(=O)[C@@H]1CSSC[C@H](NC(=O)CNC(=O)[C@@H](Cc2c[nH]c3ccccc23)NC(=O)[C@H](CCCN=C(N)N)NC(=O)[C@H](Cc4ccc5ccccc5c4)NC(=O)[C@H](Cc6c[nH]cn6)NC(=O)[C@@H](CCC(=O)O)NC1=O)C(=O)N7CCC[C@H]7C(=O)CN8CCC[C@H]8C(=O)CN[C@@H](CCCCN)C(=O)CN[C@@H](CC(=O)O)C(=O)N,7.38
27,CHEMBL362523,CC(C)(C)NC(=O)C1(CCN(CC1)C(=O)[C@@H](Cc2ccc(Cl)cc2)NC(=O)C3Cc4ccccc4CC3N)C5CCCCC5,7.4
28,CHEMBL3600916,CCCC[C@@H](NC(=O)C)C(=O)N[C@H]1CC(=O)NCCCC[C@H](N(C)C(=O)[C@H](Cc2c[nH]c3ccccc23)N(C)C(=O)[C@H](CCCNC(=N)N)NC(=O)[C@@H](Cc4ccc5ccccc5c4)NC(=O)[C@H](Cc6cnc[nH]6)N(C)C1=O)C(=O)N,7.4
29,CHEMBL3600917,CCCC[C@@H](NC(=O)C)C(=O)N[C@H]1CC(=O)NCCCC[C@H](N(C)C(=O)[C@H](Cc2c[nH]c3ccccc23)NC(=O)[C@H](CCCNC(=N)N)N(C)C(=O)[C@@H](Cc4ccc5ccccc5c4)N(C)C(=O)[C@H](Cc6cnc[nH]6)NC1=O)C(=O)N,7.4
30,CHEMBL2070250,CCCC[C@H](NC(=O)[C@@H](N)CNC(=O)[C@H](Cc1cnc[nH]1)NC(=O)[C@H](CCC(=O)N)NC(=O)[C@H](CO)NC(=O)CNC(=O)COCCOCCNC(=O)CCCCCCCCCCCCCCCc2nnn[nH]2)C(=O)N[C@H]3CCC(=O)NCCCC[C@H](NC(=O)[C@H](Cc4c[nH]c5ccccc45)NC(=O)[C@H](CCCNC(=N)N)NC(=O)[C@@H](Cc6ccccc6)NC(=O)[C@@H]7C[C@@H](O)CN7C3=O)C(=O)N,7.4
31,CHEMBL510234,NC(=N)NCCC[C@@H]1NC(=O)[C@@H](Cc2ccccc2)NC(=O)[C@H](CC3CCCCC3)NC(=O)c4cc(ccc4SC[C@H](NC(=O)[C@H](Cc5c[nH]c6ccccc56)NC1=O)C(=O)N)[N+](=O)[O-],7.42
32,CHEMBL3421679,CC(=O)N[C@H]1Cc2ccccc2CN([C@H](Cc3ccccc3)C(=O)N[C@@H](CCCNC(=N)N)C(=O)N[C@@H](Cc4c[nH]c5ccccc45)C(=O)N)C1=O,7.43
33,CHEMBL186439,CNC1CCN(C1)\C(=N\c2ccc(cc2)C(=O)NCCc3ccc(Cl)cc3Cl)\NC4CCCCC4,7.44
34,CHEMBL187990,CC(C)(C)NC(=O)C1(CCN(CC1)C(=O)[C@@H](Cc2ccc(Cl)cc2)NC(=O)C3Cc4ccccc4C3N)C5CCCCC5,7.47
35,CHEMBL467587,COc1cc(Cl)ccc1C[C@@H](C)C(=O)N2CCN(CC2)c3ccc(Cl)cc3[C@@H](NC(=O)[C@@H](C)N)C(C)C,7.47
36,CHEMBL360819,CC(C)(C)NC(=O)C1(CCN(CC1)C(=O)[C@@H](Cc2ccc(Cl)cc2)NC(=O)[C@H]3CCc4ccccc4[C@@]3(C)N)C5CCCCC5,7.51
37,CHEMBL398665,NC(=N)NCCC[C@@H]1NC(=O)[C@@H](Cc2ccc3ccccc3c2)NC(=O)[C@@H]4CCCN4C(=O)c5ccccc5C(=O)CCCNCCCC[C@H](NC(=O)[C@H](Cc6c[nH]c7ccccc67)NC1=O)C(=O)N,7.57
38,CHEMBL1923662,NC(=N)NCCC[C@H](NC(=O)[C@@H](Cc1ccccc1)NC(=O)[C@H](Cc2cnc[nH]2)NC(=O)CCCc3ccccc3)C(=O)N[C@@H](Cc4c[nH]c5ccccc45)C(=O)N,7.57
39,CHEMBL186339,Clc1ccc(CCNC(=O)c2ccc(N\C(=N/C3CCNC3)\NC4CCCCC4)cc2)c(Cl)c1,7.59
40,CHEMBL313279,NC(=N)NCCC[C@@H]1NC(=O)[C@@H](Cc2ccc3ccccc3c2)NC(=O)[C@H](Cc4c[nH]cn4)NC(=O)CCCC(=O)NCCCC[C@@H](NC(=O)[C@@H](Cc5c[nH]c6ccccc56)NC1=O)C(=O)N,7.59
41,CHEMBL360818,CC(C)(C)NC(=O)C1(CCN(CC1)C(=O)[C@@H](Cc2ccc(Cl)cc2)NC(=O)[C@@H]3CCc4ccccc4[C@@H]3N)C5CCCCC5,7.62
42,CHEMBL2371973,CCCC[C@H](NC(=O)C)C(=O)N[C@H]1CC(=O)NCCCC[C@H](NC(=O)[C@H](Cc2c[nH]c3ccccc23)NC(=O)[C@@H]4CCCCN4C(=O)[C@H](Cc5ccc(Cc6ccccc6)cc5)NC(=O)[C@@H]7CC8CCCCC8N7C1=O)C(=O)N,7.62
43,CHEMBL2370533,CC(=O)N[C@@H]1CSSC[C@H](NC(=O)CNC(=O)[C@@H](Cc2c[nH]c3ccccc23)NC(=O)[C@H](CCCN=C(N)N)NC(=O)[C@H](Cc4ccc(Cl)c(Cl)c4)NC(=O)[C@H](Cc5c[nH]cn5)NC(=O)[C@@H](CCC(=O)O)NC1=O)C(=O)N6CCC[C@H]6C(=O)N7CCC[C@H]7C(=O)[C@H](CCCCN)NC(=O)[C@@H](N)CC(=O)O,7.66
44,CHEMBL185455,C[C@H]1CN(CCN1)\C(=N\c2ccc(cc2)C(=O)NCCc3ccc(Cl)cc3Cl)\NC4CCCCC4,7.68
45,CHEMBL3753126,CCCC[C@H](NC(=O)C)C(=O)N[C@H]1CC(=O)NCCCC[C@H](NC(=O)[C@H](Cc2c[nH]c3ccccc23)NC(=O)[C@H](CCCNC(=N)N)NC(=O)[C@@H](Cc4ccc5ccccc5c4)NC(=O)[C@@H]6CCCN6C(=O)[C@H](Cc7c[nH]c8ccccc78)NC1=O)C(=O)N,7.7
46,CHEMBL184275,Clc1ccc(CCNC(=O)c2ccc(N\C(=N\C3CCCCC3)\N4CCNCC4)cc2)c(Cl)c1,7.75
47,CHEMBL267265,N[C@H]1CCCCC(=O)CCC(=O)NCCCC[C@H](NC(=O)[C@H](Cc2c[nH]c3ccccc23)NC(=O)[C@H](CCCNC(=N)N)NC(=O)[C@@H](Cc4ccc5ccccc5c4)NC1=O)C(=O)N,7.77
48,CHEMBL2370553,CC(=O)N[C@@H]1CSSC[C@H](NC(=O)CNC(=O)[C@@H](Cc2c[nH]c3ccccc23)NC(=O)[C@H](CCCN=C(N)N)NC(=O)[C@H](Cc4ccc5ccccc5c4)NC(=O)[C@H](Cc6c[nH]cn6)NC(=O)[C@@H](CCC(=O)O)NC1=O)C(=O)N7CCC[C@H]7C(=O)N8CCC[C@H]8C(=O)[C@H](CCCCN)NC(=O)[C@@H](N)CC(=O)O,7.8
49,CHEMBL3600836,CCCC[C@@H](NC(=O)C)C(=O)N[C@H]1CC(=O)NCCCC[C@H](N(C)C(=O)[C@H](Cc2c[nH]c3ccccc23)N(C)C(=O)[C@H](CCCNC(=N)N)NC(=O)[C@@H](Cc4ccc5ccccc5c4)NC(=O)[C@H](Cc6cnc[nH]6)NC1=O)C(=O)N,7.82
50,CHEMBL2070247,CCCC[C@H](NC(=O)[C@H](CO)NC(=O)[C@H](Cc1cnc[nH]1)NC(=O)[C@H](CCC(=O)N)NC(=O)[C@H](CO)NC(=O)CNC(=O)COCCOCCNC(=O)CCCCCCCCCCCCCCCc2nnn[nH]2)C(=O)N[C@H]3CCC(=O)NCCCC[C@H](NC(=O)[C@H](Cc4c[nH]c5ccccc45)NC(=O)[C@H](CCCNC(=N)N)NC(=O)[C@@H](Cc6ccccc6)NC(=O)[C@@H]7C[C@@H](O)CN7C3=O)C(=O)N,7.82
51,CHEMBL3600839,CCCC[C@@H](NC(=O)C)C(=O)N[C@H]1CC(=O)NCCCC[C@H](N(C)C(=O)[C@H](Cc2c[nH]c3ccccc23)NC(=O)[C@H](CCCNC(=N)N)NC(=O)[C@@H](Cc4ccc5ccccc5c4)NC(=O)[C@H](Cc6cnc[nH]6)N(C)C1=O)C(=O)N,7.89
52,CHEMBL2070374,CCCC[C@H](NC(=O)[C@H](CNC(=O)CN(CC(=O)O)CC(=O)O)NC(=O)[C@H](Cc1cnc[nH]1)NC(=O)[C@H](CCC(=O)N)NC(=O)[C@H](CO)NC(=O)CNC(=O)COCCOCCNC(=O)CCCCCCCCCCCCCCCc2nnn[nH]2)C(=O)N[C@H]3CCC(=O)NCCCC[C@H](NC(=O)[C@H](Cc4c[nH]c5ccccc45)NC(=O)[C@H](CCCNC(=N)N)NC(=O)[C@@H](Cc6ccccc6)NC(=O)[C@@H]7C[C@@H](O)CN7C3=O)C(=O)N,7.89
53,CHEMBL467586,CNCC(=O)N[C@@H](C(C)C)c1cc(Cl)ccc1N2CCN(CC2)C(=O)[C@H](C)Cc3ccc(Cl)cc3OC,7.89
54,CHEMBL2111808,CC(=O)[C@@H]1CSSC[C@H](NC(=O)[C@@H](Cc2c[nH]c3ccccc23)NC(=O)[C@H](CCCN=C(N)N)NC(=O)[C@H](Cc4ccccc4)NC(=O)[C@H](Cc5c[nH]cn5)NC(=O)[C@@H](CCC(=O)O)NC1=O)C(=O)N6CCC[C@H]6C(=O)CN7CCC[C@H]7C(=O)CN[C@@H](CCCCN)C(=O)CN[C@@H](CC(=O)O)C(=O)N,8.0
55,CHEMBL2371965,CCCC[C@H](NC(=O)C)C(=O)N[C@H]1CC(=O)NCCCC[C@H](NC(=O)[C@H](Cc2c[nH]c3ccccc23)NC(=O)[C@@H]4CCCN4C(=O)[C@H](Cc5ccc(cc5)c6ccccc6)NC(=O)[C@@H]7CC8CCCCC8N7C1=O)C(=O)N,8.0
56,CHEMBL3752534,CCCC[C@H](NC(=O)C)C(=O)N[C@H]1CC(=O)NCCCC[C@H](NC(=O)[C@H](Cc2c[nH]c3ccccc23)NC(=O)[C@H](CCCNC(=N)N)NC(=O)[C@@H](Cc4ccc5ccccc5c4)NC(=O)[C@@H]6CCCN6C(=O)[C@@H]7CCCN7C1=O)C(=O)N,8.0
57,CHEMBL2070249,CCCC[C@H](NC(=O)[C@H](CN)NC(=O)[C@H](Cc1cnc[nH]1)NC(=O)[C@H](CCC(=O)N)NC(=O)[C@H](CO)NC(=O)CNC(=O)COCCOCCNC(=O)CCCCCCCCCCCCCCCc2nnn[nH]2)C(=O)N[C@H]3CCC(=O)NCCCC[C@H](NC(=O)[C@H](Cc4c[nH]c5ccccc45)NC(=O)[C@H](CCCNC(=N)N)NC(=O)[C@@H](Cc6ccccc6)NC(=O)[C@@H]7C[C@@H](O)CN7C3=O)C(=O)N,8.0
58,CHEMBL3601428,CCCC[C@@H](NC(=O)C)C(=O)N[C@H]1CC(=O)NCCCC[C@H](N(C)C(=O)[C@H](Cc2c[nH]c3ccccc23)N(C)C(=O)[C@H](CCCNC(=N)N)N(C)C(=O)[C@@H](Cc4ccc5ccccc5c4)NC(=O)[C@H](Cc6cnc[nH]6)N(C)C1=O)C(=O)N,8.09
59,CHEMBL2370154,CCCC[C@H](NC(=O)C)C(=O)N[C@H]1CC(=O)NCCCCC[C@H](NC(=O)[C@H](Cc2c[nH]c3ccccc23)NC(=O)[C@H](CCCNC(=N)N)NC(=O)[C@H](Cc4ccccc4)NC(=O)[C@H](Cc5c[nH]cn5)NC1=O)C(=O)N,8.16
60,CHEMBL3600914,CCCC[C@@H](NC(=O)C)C(=O)N[C@H]1CC(=O)NCCCC[C@H](N(C)C(=O)[C@H](Cc2c[nH]c3ccccc23)N(C)C(=O)[C@H](CCCNC(=N)N)N(C)C(=O)[C@@H](Cc4ccc5ccccc5c4)NC(=O)[C@H](Cc6cnc[nH]6)NC1=O)C(=O)N,8.18
61,CHEMBL3600837,CCCC[C@@H](NC(=O)C)C(=O)N[C@H]1CC(=O)NCCCC[C@H](N(C)C(=O)[C@H](Cc2c[nH]c3ccccc23)NC(=O)[C@H](CCCNC(=N)N)N(C)C(=O)[C@@H](Cc4ccc5ccccc5c4)NC(=O)[C@H](Cc6cnc[nH]6)NC1=O)C(=O)N,8.22
62,CHEMBL184432,C[C@H]1CN([C@H](C)CN1)\C(=N\c2ccc(cc2)C(=O)NCCc3ccc(Cl)cc3Cl)\NC4CCCCC4,8.23
63,CHEMBL366042,CC(C)(N)C\N=C(\NC1CCCCC1)/Nc2ccc(cc2)C(=O)NCCc3ccc(Cl)cc3Cl,8.28
64,CHEMBL438118,CCCC[C@H](NC(=O)C)C(=O)C[C@H]1CC(=O)NCCCC[C@H](NC(=O)[C@H](Cc2cc3ccccc3[nH]2)NC(=O)[C@@H]4CCCN4C(=O)[C@@H](Cc5ccc(cc5)c6ccccc6)NC(=O)[C@H](Cc7cnc[nH]7)NC1=O)C(=O)N,8.39
65,CHEMBL1923668,CCCC[C@H](NC(=O)[C@@H](NC(=O)[C@H](Cc1ccc(O)cc1)NC(=O)[C@@H](N)CCCCNC(=O)CCCC#C)C(C)C)C(=O)NCC(=O)N[C@@H](Cc2cnc[nH]2)C(=O)N[C@H](Cc3ccc4ccccc4c3)C(=O)N[C@@H](CCCNC(=N)N)C(=O)N[C@H](Cc5ccccc5)C(=O)N[C@@H](CC(=O)O)C(=O)N[C@@H](CCCNC(=N)N)C(=O)N[C@@H](Cc6ccccc6)C(=O)NCC(=O)N,8.41
66,CHEMBL2070252,CCCC[C@H](NC(=O)[C@H](CNC(C)C)NC(=O)[C@H](Cc1cnc[nH]1)NC(=O)[C@H](CCC(=O)N)NC(=O)[C@H](CO)NC(=O)CNC(=O)COCCOCCNC(=O)CCCCCCCCCCCCCCCc2nnn[nH]2)C(=O)N[C@H]3CCC(=O)NCCCC[C@H](NC(=O)[C@H](Cc4c[nH]c5ccccc45)NC(=O)[C@H](CCCNC(=N)N)NC(=O)[C@@H](Cc6ccccc6)NC(=O)[C@@H]7C[C@@H](O)CN7C3=O)C(=O)N,8.47
67,CHEMBL2070248,CCCCCCCCCCCCCCCC(=O)NCC(=O)NCC(=O)NCC(=O)NCC(=O)NCC(=O)N[C@@H](CCCC)C(=O)N[C@H]1CCC(=O)NCCCC[C@H](NC(=O)[C@H](Cc2c[nH]c3ccccc23)NC(=O)[C@H](CCCNC(=N)N)NC(=O)[C@@H](Cc4ccccc4)NC(=O)[C@@H]5C[C@@H](O)CN5C1=O)C(=O)N,8.52
68,CHEMBL2070251,CCCC[C@H](NC(=O)[C@H](CCCNC(=N)N)NC(=O)[C@H](Cc1cnc[nH]1)NC(=O)[C@H](CCC(=O)N)NC(=O)[C@H](CO)NC(=O)CNC(=O)COCCOCCNC(=O)CCCCCCCCCCCCCCCc2nnn[nH]2)C(=O)N[C@H]3CCC(=O)NCCCC[C@H](NC(=O)[C@H](Cc4c[nH]c5ccccc45)NC(=O)[C@H](CCCNC(=N)N)NC(=O)[C@@H](Cc6ccccc6)NC(=O)[C@@H]7C[C@@H](O)CN7C3=O)C(=O)N,8.52
69,CHEMBL2069317,CCCC[C@H](NC(=O)[C@H](CN(C)C)NC(=O)[C@H](Cc1cnc[nH]1)NC(=O)[C@H](CCC(=O)N)NC(=O)[C@H](CO)NC(=O)CNC(=O)COCCOCCNC(=O)CCCCCCCCCCCCCCCc2nnn[nH]2)C(=O)N[C@H]3CCC(=O)NCCCC[C@H](NC(=O)[C@H](Cc4c[nH]c5ccccc45)NC(=O)[C@H](CCCNC(=N)N)NC(=O)[C@@H](Cc6ccccc6)NC(=O)[C@@H]7C[C@@H](O)CN7C3=O)C(=O)N,8.54
70,CHEMBL3600918,CCCC[C@@H](NC(=O)C)C(=O)N[C@H]1CC(=O)NCCCC[C@H](N(C)C(=O)[C@H](Cc2c[nH]c3ccccc23)NC(=O)[C@H](CCCNC(=N)N)N(C)C(=O)[C@@H](Cc4ccc5ccccc5c4)NC(=O)[C@H](Cc6cnc[nH]6)N(C)C1=O)C(=O)N,8.55
71,CHEMBL2070243,CCCCCCCCCCCCCCCC(=O)NCC(=O)N[C@@H](CO)C(=O)N[C@@H](CCC(=O)N)C(=O)N[C@@H](Cc1cnc[nH]1)C(=O)N[C@@H](CO)C(=O)N[C@@H](CCCC)C(=O)N[C@H]2CCC(=O)NCCCC[C@H](NC(=O)[C@H](Cc3c[nH]c4ccccc34)NC(=O)[C@H](CCCNC(=N)N)NC(=O)[C@@H](Cc5ccccc5)NC(=O)[C@@H]6C[C@@H](O)CN6C2=O)C(=O)N,8.8
72,CHEMBL1923666,CCCC[C@H](NC(=O)[C@@H](NC(=O)[C@H](Cc1ccc(O)cc1)NC(=O)[C@@H](N)CCCCNC(=O)CCCC#C)C(C)C)C(=O)NCC(=O)N[C@@H](Cc2cnc[nH]2)C(=O)N[C@H](Cc3ccc4ccccc4c3)C(=O)N[C@@H](CCCNC(=N)N)C(=O)N[C@H](Cc5c[nH]c6ccccc56)C(=O)N[C@@H](CC(=O)O)C(=O)N[C@@H](CCCNC(=N)N)C(=O)N[C@@H](Cc7ccccc7)C(=O)NCC(=O)N,8.85
73,CHEMBL2070246,CCCCCCCCCCCCCCCC(=O)NS(=O)(=O)CCCC(=O)NCC(=O)N[C@@H](CO)C(=O)N[C@@H](CCC(=O)N)C(=O)N[C@@H](Cc1cnc[nH]1)C(=O)N[C@@H](CO)C(=O)N[C@@H](CCCC)C(=O)N[C@H]2CCC(=O)NCCCC[C@H](NC(=O)[C@H](Cc3c[nH]c4ccccc34)NC(=O)[C@H](CCCNC(=N)N)NC(=O)[C@@H](Cc5ccccc5)NC(=O)[C@@H]6C[C@@H](O)CN6C2=O)C(=O)N,8.92
74,CHEMBL2371968,CCCC[C@H](NC(=O)C)C(=O)N[C@H]1CC(=O)NCCCC[C@H](NC(=O)[C@H](Cc2c[nH]c3ccccc23)NC(=O)[C@@H]4CCCCN4C(=O)[C@H](Cc5ccc(cc5)c6ccccc6)NC(=O)[C@@H]7CC8CCCCC8N7C1=O)C(=O)N,9.02
75,CHEMBL387169,O=C(CCc1c[nH]c2ccccc12)N3C[C@@H]4CCCN4C[C@@H]3Cc5ccccc5,9.1
76,CHEMBL218361,O=C(CCC(=O)N1C[C@@H]2CCCN2C[C@@H]1Cc3ccccc3)NCCc4c[nH]c5ccccc45,9.3
77,CHEMBL2070245,CCCCCCCCCCCCCCCC(=O)NCC(=O)N[C@@H](CO)C(=O)N[C@@H](CCC(=O)N)C(=O)N[C@@H](CCCCNC(=N)N)C(=O)N[C@@H](CO)C(=O)N[C@@H](CCCC)C(=O)N[C@H]1CCC(=O)NCCCC[C@H](NC(=O)[C@H](Cc2c[nH]c3ccccc23)NC(=O)[C@H](CCCNC(=N)N)NC(=O)[C@@H](Cc4ccccc4)NC(=O)[C@@H]5C[C@@H](O)CN5C1=O)C(=O)N,9.33
78,CHEMBL218558,O=C(CCc1c[nH]c2ccccc12)NCCCCCC(=O)N3C[C@@H]4CCCN4C[C@@H]3Cc5ccccc5,9.4
79,CHEMBL220018,NC(=N)NCCC[C@H](NC(=O)CCc1c[nH]c2ccccc12)C(=O)N3C[C@@H]4CCCN4C[C@@H]3Cc5ccccc5,10.0
80,CHEMBL425442,O=C(CCC(=O)N1C[C@@H]2CCCN2C[C@H]1Cc3ccccc3)NCCc4c[nH]c5ccccc45,10.0
81,CHEMBL1161313,CCCC[C@@H](NC(=O)C)C(=O)N[C@@H]1CC(=O)NCCCC[C@H](NC(=O)[C@H](Cc2c[nH]c3ccccc23)NC(=O)[C@@H](CCCNC(=N)N)NC(=O)[C@H](Cc4ccc5ccccc5c4)NC(O)[C@H]6CCCN6C1=O)C(=O)N,10.51
0,CHEMBL24892,CCCCC(=O)N[C@@H]1CC(=O)NCCCC[C@H](NC(=O)[C@H](Cc2c[nH]c3ccccc23)NC(=O)[C@@H](CCCN=C(N)N)NC(=O)[C@H](Cc4ccccc4)NC(=O)[C@@H](Cc5c[nH]cn5)NC1=O)C(=O)N,7.48
4,CHEMBL430239,CCCC[C@H](NC(=O)C)C(=O)N[C@H]1CC(=O)NCCCC[C@H](NC(=O)[C@H](Cc2c[nH]c3ccccc23)NC(=O)[C@H](CCCNC(=N)N)NC(=O)[C@@H](Cc4ccccc4)NC(=O)[C@H](Cc5cnc[nH]5)NC1=O)C(=O)N,7.6
7,CHEMBL439128,CCCC[C@H](NC(=O)[C@@H](NC(=O)[C@@H](N)Cc1ccc(O)cc1)C(C)C)C(=O)N[C@@H]2CSSC[C@H](NC(=O)[C@H](Cc3c[nH]c4ccccc34)NC(=O)[C@H](CCCN=C(N)N)NC(=O)[C@@H](Cc5ccccc5)NC(=O)[C@H](Cc6c[nH]cn6)NC(=O)CNC2=O)C(=O)N[C@@H](CCCN=C(N)N)C(=O)N[C@@H](Cc7ccccc7)C(=O)NCC(=O)N,7.57
10,CHEMBL263878,CCCC[C@H](NC(=O)[C@@H](NC(=O)[C@@H](N)Cc1ccc(O)cc1)C(C)C)C(=O)N[C@@H]2CSSC[C@@H](NC(=O)[C@H](Cc3c[nH]c4ccccc34)NC(=O)[C@H](CCCN=C(N)N)NC(=O)[C@@H](Cc5ccccc5)NC(=O)[C@H](Cc6c[nH]cn6)NC(=O)CNC2=O)C(=O)N[C@@H](CCCN=C(N)N)C(=O)N[C@@H](Cc7ccccc7)C(=O)NCC(=O)N,6.66
13,CHEMBL2370966,CCCC[C@H](NC(=O)[C@@H](NC(=O)[C@@H](N)Cc1ccc(O)cc1)C(C)C)C(=O)NCC(=O)N[C@@H](CCN)C(=O)N[C@@H](Cc2ccccc2)C(=O)N[C@@H](CCCN=C(N)N)C(=O)N[C@H](Cc3ccc4ccccc4c3)C(=O)N[C@@H](CC(=O)O)C(=O)N[C@@H](CCCN=C(N)N)C(=O)N[C@@H](Cc5ccccc5)C(=O)NCC(=O)N,6.92
20,CHEMBL2370964,CCCC[C@H](NC(=O)[C@@H](NC(=O)[C@@H](N)Cc1ccc(O)cc1)C(C)C)C(=O)NCC(=O)N[C@@H](Cc2c[nH]cn2)C(=O)N[C@H](Cc3ccc4ccccc4c3)C(=O)N[C@@H](CCCN=C(N)N)C(=O)N[C@@H](Cc5c[nH]c6ccccc56)C(=O)N[C@@H](CC(=O)O)C(=O)N[C@@H](CCCN=C(N)N)C(=O)N[C@@H](Cc7ccccc7)C(=O)NCC(=O)N,9.0
22,CHEMBL2370968,CCCC[C@H](NC(=O)[C@@H](NC(=O)[C@@H](N)Cc1ccc(O)cc1)C(C)C)C(=O)NCC(=O)N2CCC[C@H]2C(=O)N[C@H](Cc3ccc4ccccc4c3)C(=O)N[C@@H](CCCN=C(N)N)C(=O)N[C@@H](Cc5c[nH]c6ccccc56)C(=O)N[C@@H](CC(=O)O)C(=O)N[C@@H](CCCN=C(N)N)C(=O)N[C@@H](Cc7ccccc7)C(=O)NCC(=O)N,7.85
24,CHEMBL334457,Clc1ccc(C[C@@H](NC(=O)[C@@H]2Cc3ccccc3CN2)C(=O)N4CCC(Cn5cncn5)(CC4)C6CCCCC6)cc1,6.57
26,CHEMBL427629,CCCC[C@H](NC(=O)[C@@H](NC(=O)[C@@H](N)Cc1ccc(O)cc1)C(C)C)C(=O)N[C@H]2CSSC[C@H](NC(=O)[C@H](Cc3c[nH]c4ccccc34)NC(=O)[C@H](CCCN=C(N)N)NC(=O)[C@@H](Cc5ccccc5)NC(=O)[C@H](Cc6c[nH]cn6)NC(=O)CNC2=O)C(=O)N[C@@H](CCCN=C(N)N)C(=O)N[C@@H](Cc7ccccc7)C(=O)NCC(=O)N,6.68
29,CHEMBL339053,Clc1ccc(C[C@@H](NC(=O)[C@H]2Cc3ccccc3CN2)C(=O)N4CCC(Cn5cncn5)(CC4)C6CCCCC6)cc1,6.13
34,CHEMBL437050,CSCC[C@H](NC(=O)[C@@H](NC(=O)[C@@H](N)Cc1ccc(O)cc1)C(C)C)C(=O)NCC(=O)N[C@@H](Cc2c[nH]cn2)C(=O)N[C@@H](Cc3ccccc3)C(=O)N[C@@H](CCCN=C(N)N)C(=O)N[C@@H](Cc4c[nH]c5ccccc45)C(=O)N[C@@H](CC(=O)O)C(=O)N[C@@H](CCCN=C(N)N)C(=O)N[C@@H](Cc6ccccc6)C(=O)NCC(=O)O,5.68
38,CHEMBL2370963,CCCC[C@H](NC(=O)[C@@H](NC(=O)[C@@H](N)Cc1ccc(O)cc1)C(C)C)C(=O)NCC(=O)N[C@@H](Cc2c[nH]cn2)C(=O)N[C@@H](Cc3ccccc3)C(=O)N[C@@H](CCCN=C(N)N)C(=O)N[C@H](Cc4ccc5ccccc5c4)C(=O)N[C@@H](CC(=O)O)C(=O)N[C@@H](CCCN=C(N)N)C(=O)N[C@@H](Cc6ccccc6)C(=O)NCC(=O)N,7.77
43,CHEMBL140738,Cn1nnc(CC2(CCN(CC2)C(=O)[C@@H](Cc3ccc(Cl)cc3)NC(=O)[C@H]4Cc5ccccc5CN4)C6CCCCC6)n1,6.0
45,CHEMBL2370965,CCCC[C@H](NC(=O)[C@@H](NC(=O)[C@@H](N)Cc1ccc(O)cc1)C(C)C)C(=O)NCC(=O)N[C@@](C)(Cc2ccccc2)C(=O)N[C@@H](Cc3ccccc3)C(=O)N[C@@H](CCCN=C(N)N)C(=O)N[C@H](Cc4ccc5ccccc5c4)C(=O)N[C@@H](CC(=O)O)C(=O)N[C@@H](CCCN=C(N)N)C(=O)N[C@@H](Cc6ccccc6)C(=O)NCC(=O)N,5.48
48,CHEMBL441760,CC(C)[C@H](NC(=O)[C@@H](N)Cc1ccc(O)cc1)C(=O)N[C@@H]2CSSC(C)(C)[C@H](NC(=O)[C@H](Cc3c[nH]c4ccccc34)NC(=O)[C@H](CCCN=C(N)N)NC(=O)[C@@H](Cc5ccccc5)NC(=O)[C@H](Cc6c[nH]cn6)NC(=O)CNC2=O)C(=O)N[C@@H](CCCN=C(N)N)C(=O)N[C@@H](Cc7ccccc7)C(=O)NCC(=O)N,6.32
50,CHEMBL438235,CCCC[C@H](NC(=O)[C@@H](NC(=O)[C@@H](N)Cc1ccc(O)cc1)C(C)C)C(=O)N[C@H]2C(=O)NCC(=O)N[C@@H](Cc3c[nH]cn3)C(=O)N[C@H](Cc4ccccc4)C(=O)N[C@@H](CCCN=C(N)N)C(=O)N[C@@H](Cc5c[nH]c6ccccc56)C(=O)N[C@H](CSSC2(C)C)C(=O)N[C@@H](CCCN=C(N)N)C(=O)N[C@@H](Cc7ccccc7)C(=O)NCC(=O)N,6.82
54,CHEMBL409049,CC(C)[C@H](NC(=O)[C@@H](N)Cc1ccc(O)cc1)C(=O)N[C@H]2C(=O)NCC(=O)N[C@@H](Cc3c[nH]cn3)C(=O)N[C@H](Cc4ccccc4)C(=O)N[C@@H](CCCN=C(N)N)C(=O)N[C@@H](Cc5c[nH]c6ccccc56)C(=O)N[C@@H](CSSC2(C)C)C(=O)N[C@@H](CCCN=C(N)N)C(=O)N[C@@H](Cc7ccccc7)C(=O)NCC(=O)N,5.77
56,CHEMBL409636,CCCC[C@H](NC(=O)[C@@H](NC(=O)[C@@H](N)Cc1ccc(O)cc1)C(C)C)C(=O)N[C@H]2CC(=O)NCCCC[C@@H](NC(=O)[C@@H](Cc3c[nH]c4ccccc34)NC(=O)[C@H](CCCN=C(N)N)NC(=O)[C@@H](Cc5ccccc5)NC(=O)[C@H](Cc6c[nH]cn6)NC2=O)C(=O)N[C@@H](CCCN=C(N)N)C(=O)N[C@@H](Cc7ccccc7)C(=O)NCC(=O)N,8.06
59,CHEMBL410168,CC(C)[C@H](NC(=O)[C@@H](N)Cc1ccc(O)cc1)C(=O)N[C@@H]2CSSC[C@H](NC(=O)[C@H](Cc3c[nH]c4ccccc34)NC(=O)[C@H](CCCN=C(N)N)NC(=O)[C@@H](Cc5ccccc5)NC(=O)[C@H](Cc6c[nH]cn6)NC(=O)CNC2=O)C(=O)N[C@@H](CCCN=C(N)N)C(=O)N[C@@H](Cc7ccccc7)C(=O)NCC(=O)N,6.68
62,CHEMBL438030,CCCC[C@H](NC(=O)[C@@H](NC(=O)[C@@H](N)Cc1ccc(O)cc1)C(C)C)C(=O)NCC(=O)N[C@@H](Cc2c[nH]cn2)C(=O)N[C@@H](Cc3ccccc3)C(=O)N[C@@H](CCCN=C(N)N)C(=O)N[C@@H](Cc4c[nH]c5ccccc45)C(=O)N[C@@H](CC(=O)O)C(=O)N[C@@H](CCCN=C(N)N)C(=O)N[C@@H](Cc6ccccc6)C(=O)NCC(=O)N,6.72
65,CHEMBL140154,Cn1nnnc1CC2(CCN(CC2)C(=O)[C@@H](Cc3ccc(Cl)cc3)NC(=O)[C@H]4Cc5ccccc5CN4)C6CCCCC6,6.9
67,CHEMBL441738,CCCC[C@H](NC(=O)[C@H](CO)NC(=O)[C@H](Cc1ccc(O)cc1)NC(=O)[C@H](CO)NC(=O)C)C(=O)N[C@@H](CCC(=O)O)C(=O)N[C@@H](Cc2cnc[nH]2)C(=O)N[C@H](Cc3ccccc3)C(=O)N[C@@H](CCCNC(=N)N)C(=O)N[C@@H](Cc4c[nH]c5ccccc45)C(=O)NCC(=O)N[C@@H](CCCCN)C(=O)N6CCC[C@H]6C(=O)N[C@@H](C(C)C)C(=O)N,9.07
73,CHEMBL263948,CSCC[C@H](NC(=O)[C@H](CO)NC(=O)[C@H](Cc1ccc(O)cc1)NC(=O)[C@H](CO)NC(=O)C)C(=O)N[C@@H](CCC(=O)O)C(=O)N[C@@H](Cc2c[nH]cn2)C(=O)N[C@H](Cc3ccccc3)C(=O)N[C@@H](CCCN=C(N)N)C(=O)N[C@@H](Cc4c[nH]c5ccccc45)C(=O)NCC(=O)N[C@@H](CCCCN)C(=O)N6CCC[C@H]6C(=O)N[C@@H](C(C)C)C(=O)N,6.25
84,CHEMBL2115441,CCCC[C@H](NC(=O)C)C(=O)N[C@H]1CC(=O)NCCCC[C@H](NC(=O)[C@H](C)NC(=O)[C@H](Cc2c[nH]c3ccccc23)NC(=O)[C@H](CCCN=C(N)N)NC(=O)[C@@H](Cc4ccccc4)NC(=O)[C@H](Cc5c[nH]cn5)NC1=O)C(=O)N,7.61
87,CHEMBL214332,CSCC[C@H](NC(=O)[C@H](CO)NC(=O)[C@H](Cc1ccc(O)cc1)NC(=O)[C@H](CO)NC(=O)C)C(=O)N[C@@H](CCC(=O)O)C(=O)N[C@@H](Cc2cnc[nH]2)C(=O)N[C@@H](Cc3ccccc3)C(=O)N[C@@H](CCCNC(=N)N)C(=O)N[C@@H](Cc4c[nH]c5ccccc45)C(=O)NCC(=O)N[C@@H](CCCCN)C(=O)N6CCC[C@H]6C(=O)N[C@@H](C(C)C)C(=O)N,6.25
88,CHEMBL3350396,CCCC[C@H](NC(=O)C)C(=O)N[C@H]1CC(=O)NCCCC[C@H](NC(=O)[C@H](C)NC(=O)[C@@H](Cc2c[nH]c3ccccc23)NC(=O)[C@H](CCCN=C(N)N)NC(=O)[C@H](Cc4ccccc4)NC(=O)[C@H](Cc5c[nH]cn5)NC1=O)C(=O)N,6.85
93,CHEMBL91041,NC(=N)NCCC[C@@H]1NC(=O)[C@@H](Cc2ccccc2)NC(=O)[C@H](Cc3c[nH]cn3)NC(=O)CCC(=O)NCCCC[C@@H](NC(=O)[C@@H](Cc4c[nH]c5ccccc45)NC1=O)C(=O)N,6.18
96,CHEMBL2111807,CC(=O)[C@@H]1CSSC[C@H](NC(=O)[C@@H](Cc2c[nH]c3ccccc23)NC(=O)[C@H](CCCN=C(N)N)NC(=O)[C@H](Cc4ccc5ccccc5c4)NC(=O)[C@H](Cc6c[nH]cn6)NC(=O)[C@@H](CCC(=O)O)NC1=O)C(=O)N7CCC[C@H]7C(=O)CN8CCC[C@H]8C(=O)CN[C@@H](CCCCN)C(=O)CN[C@@H](CC(=O)O)C(=O)N,6.75
102,CHEMBL2112603,CC(=O)[C@H]1CSSC[C@@H](NC(=O)[C@@H](Cc2c[nH]c3ccccc23)NC(=O)[C@H](CCCN=C(N)N)NC(=O)[C@H](Cc4ccc5ccccc5c4)NC(=O)[C@H](Cc6c[nH]cn6)NC(=O)[C@@H](CCC(=O)O)NC1=O)C(=O)N7CCC[C@H]7C(=O)CN8CCC[C@H]8C(=O)CN[C@@H](CCCCN)C(=O)CN[C@@H](CC(=O)O)C(=O)N,4.59
105,CHEMBL408336,CC(=O)C1CSSCC(NC(=O)[C@@H](Cc2c[nH]c3ccccc23)NC(=O)[C@H](CCCN=C(N)N)NC(=O)[C@H](Cc4ccc5ccccc5c4)NC(=O)[C@H](Cc6c[nH]cn6)NC(=O)[C@@H](CCC(=O)O)NC1=O)C(=O)N7CCC[C@H]7C(=O)CN8CCC[C@H]8C(=O)CN[C@@H](CCCCN)C(=O)CN[C@@H](CC(=O)O)C(=O)N,4.82
119,CHEMBL439188,NC(=N)NCCC[C@@H]1NC(=O)[C@@H](Cc2ccc3ccccc3c2)NC(=O)[C@H](Cc4c[nH]cn4)NC(=O)c5ccccc5C(=O)NCCCC[C@@H](NC(=O)[C@@H](Cc6c[nH]c7ccccc67)NC1=O)C(=O)N,5.24
122,CHEMBL313690,NC(=N)NCCC[C@@H]1NC(=O)[C@@H](Cc2ccccc2)NC(=O)[C@H](Cc3c[nH]cn3)NC(=O)CCCC(=O)NCCCC[C@@H](NC(=O)[C@@H](Cc4c[nH]c5ccccc45)NC1=O)C(=O)N,5.51
125,CHEMBL410949,CC(=O)C1C(=O)N[C@H](CCC(=O)O)C(=O)N[C@@H](Cc2c[nH]cn2)C(=O)N[C@@H](Cc3ccccc3)C(=O)N[C@@H](CCCN=C(N)N)C(=O)N[C@H](Cc4c[nH]c5ccccc45)C(=O)NC(CSSC1(C)C)C(=O)N6CCC[C@H]6C(=O)CN7CCC[C@H]7C(=O)CN[C@@H](CCCCN)C(=O)CN[C@@H](CC(=O)O)C(=O)N,4.57
132,CHEMBL433413,NCCCC[C@H](NC(=O)[C@H](Cc1c[nH]c2ccccc12)NC(=O)[C@H](CCCN=C(N)N)NC(=O)[C@@H](Cc3ccccc3)NC(=O)[C@H](Cc4c[nH]cn4)NC(=O)CCC(=O)O)C(=O)N,6.06
138,CHEMBL432377,NC(=N)NCCC[C@@H]1NC(=O)[C@@H](Cc2ccc3ccccc3c2)NC(=O)[C@H](Cc4c[nH]cn4)NC(=O)CCC(=O)NCCCC[C@@H](NC(=O)[C@@H](Cc5c[nH]c6ccccc56)NC1=O)C(=O)N,6.85
141,CHEMBL268094,CC(=O)[C@@H]1CSSC[C@@H](NC(=O)[C@@H](Cc2c[nH]c3ccccc23)NC(=O)[C@H](CCCN=C(N)N)NC(=O)[C@H](Cc4ccc5ccccc5c4)NC(=O)[C@@H]6CCCN6C(=O)[C@@H](CCC(=O)O)NC1=O)C(=O)N7CCC[C@H]7C(=O)CN8CCC[C@H]8C(=O)CN[C@@H](CCCCN)C(=O)CN[C@@H](CC(=O)O)C(=O)N,4.01
150,CHEMBL606990,NC(=N)NCCC[C@H]1NC(=O)[C@H](Cc2ccccc2)NC(=O)[C@H]3CCCN3C(=O)CCC(=O)NCCCC[C@H](NC(=O)[C@H](Cc4c[nH]c5ccccc45)NC1=O)C(=O)N,6.0
153,CHEMBL407680,CC(=O)[C@@H]1CSSC[C@@H](NC(=O)[C@@H](Cc2c[nH]c3ccccc23)NC(=O)[C@H](CCCN=C(N)N)NC(=O)[C@H](Cc4ccccc4)NC(=O)[C@@H]5CCCN5C(=O)[C@@H](CCC(=O)O)NC1=O)C(=O)N6CCC[C@H]6C(=O)CN7CCC[C@H]7C(=O)CN[C@@H](CCCCN)C(=O)CN[C@@H](CC(=O)O)C(=O)N,6.7
159,CHEMBL423101,Clc1ccc(C[C@@H](NC(=O)[C@H]2Cc3ccccc3CN2)C(=O)N4CCN(CC4)c5ccccc5Cn6ccnc6)cc1,6.16
160,CHEMBL349850,CN(C)Cc1ccccc1N2CCN(CC2)C(=O)[C@@H](Cc3ccc(Cl)cc3)NC(=O)[C@H]4Cc5ccccc5CN4,5.85
161,CHEMBL338594,CS(=O)(=O)Nc1ccccc1N2CCN(CC2)C(=O)[C@@H](Cc3ccc(Cl)cc3)NC(=O)[C@H]4Cc5ccccc5CN4,5.92
162,CHEMBL275067,CCCC(=O)C1(CCN(CC1)C(=O)[C@@H](Cc2ccc(OC)cc2)NC(=O)[C@@H](Cc3c[nH]cn3)NC(=O)C)c4ccccc4,5.41
164,CHEMBL276301,CCCC(=O)C1(CCN(CC1)C(=O)[C@@H](Cc2ccc(OC)cc2)NC(=O)CCc3c[nH]cn3)c4ccccc4,5.03
166,CHEMBL276012,CCCC(=O)C1(CCN(CC1)C(=O)[C@@H](Cc2ccc(OC)cc2)NC(=O)[C@H](O)Cc3c[nH]cn3)c4ccccc4,5.57
168,CHEMBL13910,CCCC(=O)C1(CCN(CC1)C(=O)[C@@H](Cc2ccc(OC)cc2)NC(=O)[C@@H](Cc3c[nH]cn3)NC(=O)c4ccccc4)c5ccccc5,5.68
170,CHEMBL539306,Cl.COc1ccc(cc1)N2N=C(Sc3ccc(Cl)cc3)C=C(CC[C@@H](C)NC(=O)[C@H]4CNCC[C@@H]4c5ccccc5)C2=O,5.85
171,CHEMBL14642,CCCC(=O)C1(CCN(CC1)C(=O)[C@@H](Cc2ccc(OC)cc2)NC(=O)[C@@H](N)Cc3cncn3C)c4ccccc4,5.36
173,CHEMBL446941,CCCC(=O)C1(CCN(CC1)C(=O)[C@@H](Cc2ccc(OC)cc2)NC(=O)[C@H](N)Cc3c[nH]cn3)c4ccccc4,5.0
182,CHEMBL9274,NC(=O)[C@H](Cc1c[nH]c2ccccc12)NCc3ccc4ccccc4c3,4.38
183,CHEMBL1159702,NC(=NCCC[C@H](NCc1ccc2ccccc2c1)C(=O)Nc3ccc4ccccc4c3)N,5.18
185,CHEMBL428480,NC(=O)[C@H](Cc1ccc2ccccc2c1)NCc3c[nH]c4ccccc34,4.22
189,CHEMBL9219,NC(=O)[C@@H](Cc1ccc2ccccc2c1)NCc3c[nH]c4ccccc34,4.02
190,CHEMBL9138,NC(=O)[C@@H](Cc1c[nH]c2ccccc12)NCc3ccc4ccccc4c3,4.43
198,CHEMBL8720,NC(=N)NCCC[C@H](NCc1ccc2ccccc2c1)C(=O)N[C@@H](Cc3c[nH]c4ccccc34)C(=O)N,4.13
201,CHEMBL1159699,NC(=NCCC[C@H](NCc1ccc2ccccc2c1)C(=O)NCc3c[nH]c4ccccc34)N,4.82
202,CHEMBL1159701,NC(=NCCC[C@H](NCc1ccc2ccccc2c1)C(=O)OCC=C)N,4.82
204,CHEMBL1159697,NC(=NCCC[C@H](NCc1ccc2ccccc2c1)C(=O)Nc3cccc4ccccc34)N,5.06
205,CHEMBL447178,NC(=N)NCCC[C@@H](NCc1ccc2ccccc2c1)C(=O)N[C@@H](Cc3c[nH]c4ccccc34)C(=O)N,4.25
206,CHEMBL9048,O[C@H]1C[C@H](N(Cc2ccc3ccccc3c2)C1)C(=O)NCCc4c[nH]cn4,4.3
208,CHEMBL405282,CSCC[C@H](NC(=O)[C@@H](NC(=O)[C@@H](N)Cc1ccc(O)cc1)C(C)C)C(=O)NCC(=O)N[C@@H](Cc2c[nH]cn2)C(=O)N[C@@H](Cc3ccccc3)C(=O)N[C@@H](CCCN=C(N)N)C(=O)N[C@H](Cc4c[nH]c5ccccc45)C(=O)N[C@@H](CC(=O)O)C(=O)N[C@@H](CCCN=C(N)N)C(=O)N[C@@H](Cc6ccccc6)C(=O)NCC(=O)O,6.47
211,CHEMBL2112008,CSCC[C@H](NC(=O)[C@H](NC(=O)[C@@H](N)Cc1ccc(O)cc1)C(C)C)C(=O)NCC(=O)N[C@@H](Cc2c[nH]cn2)C(=O)N[C@@H](Cc3ccccc3)C(=O)N[C@@H](CCCN=C(N)N)C(=O)N[C@@H](Cc4c[nH]c5ccccc45)C(=O)N[C@@H](CC(=O)O)C(=O)N[C@@H](CCCN=C(N)N)C(=O)N[C@@H](Cc6ccccc6)C(=O)NCC(=O)O,5.15
214,CHEMBL3349030,CSCC[C@@H](NC(=O)[C@@H](NC(=O)[C@@H](N)Cc1ccc(O)cc1)C(C)C)C(=O)NCC(=O)N[C@@H](Cc2c[nH]cn2)C(=O)N[C@@H](Cc3ccccc3)C(=O)N[C@@H](CCCN=C(N)N)C(=O)N[C@@H](Cc4c[nH]c5ccccc45)C(=O)N[C@@H](CC(=O)O)C(=O)N[C@@H](CCCN=C(N)N)C(=O)N[C@@H](Cc6ccccc6)C(=O)NCC(=O)O,5.07
228,CHEMBL410795,CSCC[C@H](NC(=O)[C@@H](NC(=O)[C@@H](N)Cc1ccc(O)cc1)C(C)C)C(=O)NCC(=O)N[C@@H](Cc2c[nH]cn2)C(=O)N[C@@H](Cc3ccccc3)C(=O)N[C@@H](CCCN=C(N)N)C(=O)N[C@@H](Cc4c[nH]c5ccccc45)C(=O)N[C@H](CC(=O)O)C(=O)N[C@@H](CCCN=C(N)N)C(=O)N[C@@H](Cc6ccccc6)C(=O)NCC(=O)O,6.27
240,CHEMBL1161321,CCCC[C@@H](NC(=O)C)C(=O)N[C@@H]1CC(=O)NCCCC[C@H](NC(=O)[C@H](Cc2c[nH]c3ccccc23)NC(=O)[C@@H](CCCNC(=N)N)NC(=O)[C@H](Cc4ccc5ccccc5c4)NC(=O)C6(Cc7ccccc7C6)NC1=O)C(=O)N,7.92
246,CHEMBL1161318,CCCC[C@@H](NC(=O)C)C(=O)N[C@@H]1CC(=O)NCCCC[C@H](NC(=O)[C@H](Cc2c[nH]c3ccccc23)NC(=O)[C@@H](CCCNC(=N)N)NC(=O)[C@H](Cc4ccc5ccccc5c4)NC(=O)C6(CCCCC6)NC1=O)C(=O)N,8.34
251,CHEMBL1161322,CCCC[C@@H](NC(=O)C)C(=O)N[C@@H]1CC(=O)NCCCC[C@H](NC(=O)[C@H](Cc2c[nH]c3ccccc23)NC(=O)[C@@H](CCCNC(=N)N)NC(=O)[C@H](Cc4ccc5ccccc5c4)NC(=O)[C@H]6CCCN6C1=O)C(=O)N,10.51
254,CHEMBL2372589,CCCC[C@@H](NC(=O)C)C(=O)N[C@@H]1CC(=O)NCCCC[C@H](NC(=O)[C@H](Cc2c[nH]c3ccccc23)NC(=O)[C@@H](CCCNC(=N)N)NC(=O)[C@H](Cc4ccc5ccccc5c4)NC(=O)[C@@H]6Cc7ccccc7CN6C1=O)C(=O)N,8.91
257,CHEMBL1161323,CCCC[C@@H](NC(=O)C)C(=O)N[C@@H]1CC(=O)NCCCC[C@H](NC(=O)[C@H](Cc2c[nH]c3ccccc23)NC(=O)[C@@H](CCCNC(=N)N)NC(=O)[C@H](Cc4ccc5ccccc5c4)NC(=O)[C@H]6C[C@@]7(C)CCCC[C@@]7(C)N6C1=O)C(=O)N,9.96
260,CHEMBL1161316,CCCC[C@@H](NC(=O)C)C(=O)N[C@@H]1CC(=O)NCCCC[C@H](NC(=O)[C@H](Cc2c[nH]c3ccccc23)NC(=O)[C@@H](CCCNC(=N)N)NC(=O)[C@H](Cc4ccc5ccccc5c4)NC(=O)C6(CCCC6)NC1=O)C(=O)N,7.8
263,CHEMBL2096742,CCCC[C@@H](NC(=O)C)C(=O)N[C@@H]1CC(=O)NCCCC[C@H](NC(=O)[C@H](Cc2c[nH]c3ccccc23)NC(=O)[C@H](CCCNC(=N)N)NC(=O)[C@@H](Cc4ccc5ccccc5c4)NC(=O)[C@H](Cc6c[nH]cn6)NC1=O)C(=O)N,10.05
266,CHEMBL2372588,CCCC[C@@H](NC(=O)C)C(=O)N[C@@H]1CC(=O)NCCCC[C@H](NC(=O)[C@H](Cc2c[nH]c3ccccc23)NC(=O)[C@@H](CCCNC(=N)N)NC(=O)[C@H](Cc4ccc5ccccc5c4)NC(=O)[C@@H]6Cc7ccccc7N6C1=O)C(=O)N,7.68
269,CHEMBL358015,NC(=N)NCCC[C@H]1NC(=O)[C@H](Cc2cccc3ccccc23)NC(=O)CCC(=O)NCCCC[C@H](NC(=O)[C@H](Cc4c[nH]c5ccccc45)NC1=O)C(=O)N,6.27
271,CHEMBL1161320,CCCC[C@@H](NC(=O)C)C(=O)N[C@@H]1CC(=O)NCCCC[C@H](NC(=O)[C@H](Cc2c[nH]c3ccccc23)NC(=O)[C@@H](CCCNC(=N)N)NC(=O)[C@H](Cc4ccc5ccccc5c4)NC(=O)C6(CC6)NC1=O)C(=O)N,8.39
282,CHEMBL29582,CCCC(=O)N[C@@H](Cc1c[nH]cn1)C(=O)N[C@H](Cc2ccccc2)C(=O)N[C@@H](CCCN=C(N)N)C(=O)N[C@@H](Cc3c[nH]c4ccccc34)C(=O)NCC(=O)N,4.88
284,CHEMBL8201,NCCCNCc1ccc2ccccc2c1,4.37
285,CHEMBL267020,N[C@@H](CCCN=C(N)N)C(=O)N(Cc1ccc2ccccc2c1)Cc3cccc4ccccc34,5.6
286,CHEMBL269689,NC(=N)NCCCNCc1ccc2ccccc2c1,4.44
288,CHEMBL8208,C(NCc1c[nH]c2ccccc12)c3cccc4ccccc34,4.42
289,CHEMBL8561,NC(=N)N1CCN(Cc2ccc3ccccc3c2)CC1,4.13
290,CHEMBL2113315,N[C@@H](CCCN=C(N)N)C(=O)N(CCc1c[nH]c2ccccc12)Cc3ccc4ccccc4c3,5.0
292,CHEMBL8287,N[C@H](CCC(=O)O)C(=O)N(Cc1ccc2ccccc2c1)Cc3cccc4ccccc34,4.35
294,CHEMBL269653,C(Cc1c[nH]c2ccccc12)NCc3c[nH]c4ccccc34,4.75
295,CHEMBL8743,NCCNCc1ccc2ccccc2c1,4.08
296,CHEMBL8825,OC(=O)CCCCCNC(=O)N(Cc1ccc2ccccc2c1)Cc3cccc4ccccc34,5.39
297,CHEMBL8045,C(Cc1c[nH]c2ccccc12)NCc3ccc4ccccc4c3,4.85
299,CHEMBL8129,C(NCc1cccc2ccccc12)c3ccc4ccccc4c3,4.0
300,CHEMBL266305,NCCNC(=O)[C@H](CNCc1ccc2ccccc2c1)NCc3ccc4ccccc4c3,4.55
301,CHEMBL269776,NCCCNC(=O)[C@H](CNCc1c[nH]c2ccccc12)NCc3ccc4ccccc4c3,4.44
302,CHEMBL8742,NC(=N)NCCCNCc1c[nH]c2ccccc12,4.33
303,CHEMBL2113280,N[C@@H](CCCN=C(N)N)C(=O)N(Cc1cccc2ccccc12)Cc3c[nH]c4ccccc34,4.92
306,CHEMBL433645,N[C@H]1CC(=O)NCCCC[C@@H](NC(=O)[C@@H](Cc2c[nH]c3ccccc23)NC(=O)[C@H](CCCN=C(N)N)NC(=O)[C@H](Cc4ccc5ccccc5c4)NC1=O)C(=O)N,7.62
308,CHEMBL436169,NC(=N)NCCC[C@@H]1NC(=O)[C@@H](Cc2ccc3ccccc3c2)NC(=O)CCC(=O)NCCCC[C@@H](NC(=O)[C@@H](Cc4c[nH]c5ccccc45)NC1=O)C(=O)N,5.31
312,CHEMBL333263,NC(=N)NCCC[C@@H]1NC(=O)[C@H](Cc2ccc3ccccc3c2)NC(=O)CCC(=O)NC4CCC(N4C(=O)[C@@H](Cc5c[nH]c6ccccc56)NC1=O)C(=O)N,5.6
314,CHEMBL123938,NNC(=O)[C@H]1CCCCNC(=O)CCC(=O)N[C@@H](Cc2ccc3ccccc3c2)C(=O)N[C@@H](CCCN=C(N)N)C(=O)N[C@H](Cc4c[nH]c5ccccc45)C(=O)N1,6.27
316,CHEMBL442504,CCCC[C@H](NC(=O)C)C(=O)N[C@H]1CC(=O)NCCCC[C@@H](NC(=O)[C@@H](Cc2c[nH]c3ccccc23)NC(=O)[C@H](CCCN=C(N)N)NC(=O)[C@H](Cc4ccc5ccccc5c4)NC(=O)[C@H](Cc6c[nH]cn6)NC1=O)C(=O)N,10.05
321,CHEMBL122773,CCC1CC(=O)N[C@@H](Cc2ccc3ccccc3c2)C(=O)N[C@@H](CCCN=C(N)N)C(=O)N[C@H](Cc4c[nH]c5ccccc45)C(=O)N[C@H](CCCCNC1=O)C(=O)N,6.85
323,CHEMBL331728,NC(=N)NCCC[C@@H]1NC(=O)[C@H](Cc2ccc3ccccc3c2)NC(=O)CCC(=O)NCC(NC(=O)[C@@H](Cc4c[nH]c5ccccc45)NC1=O)C(=O)N,5.32
325,CHEMBL85918,NCCCCCC(=O)N(Cc1ccc2ccccc2c1)Cc3cccc4ccccc34,5.4
326,CHEMBL332762,NC(=N)NCCC[C@@H]1NC(=O)[C@@H](Cc2ccc3ccccc3c2)NCC(=O)CC[C@@H](NC(=O)[C@@H](Cc4c[nH]c5ccccc45)NC1=O)C(=O)N,5.3
331,CHEMBL420727,NC(=N)NCCC[C@@H]1NC(=O)[C@@H](Cc2ccc3ccccc3c2)NC(=O)CCC(=O)NCCCC[C@@H](NC(=O)[C@H](Cc4c[nH]c5ccccc45)NC1=O)C(=O)N,5.31
333,CHEMBL334309,NC(=N)NCCC[C@@H]1NC(=O)[C@H](Cc2ccc3ccccc3c2)NC(=O)CCC(=O)NCC[C@@H](NC(=O)[C@@H](Cc4c[nH]c5ccccc45)NC1=O)C(=O)N,5.57
338,CHEMBL331259,CCCC[C@H](NC(=O)C)C(=O)N[C@H]1CC(=O)NCCCC[C@@H](NC(=O)[C@@H](Cc2c[nH]c3ccccc23)NC(=O)[C@H](CCCN=C(N)N)NC(=O)[C@H](Cc4ccc5ccccc5c4)NC1=O)C(=O)N,7.7
340,CHEMBL333178,NC(=N)NCCC[C@@H]1NC(=O)[C@H](Cc2ccc3ccccc3c2)NC(=O)CCC(=O)NCCC[C@@H](NC(=O)[C@@H](Cc4c[nH]c5ccccc45)NC1=O)C(=O)N,6.89
342,CHEMBL124169,NC(=N)NCCC[C@@H]1NC(=O)[C@H](Cc2ccc3ccccc3c2)NC(=O)[C@H](Cc4c[nH]cn4)NC(=O)CCC(=O)NCCCC[C@@H](NC(=O)[C@@H](Cc5c[nH]c6ccccc56)NC1=O)C(=O)N,6.82
344,CHEMBL432407,NC(=N)NCCC[C@H]1NC(=O)[C@@H](Cc2ccc3ccccc3c2)NC(=O)CCC(=O)NCCCC[C@@H](NC(=O)[C@@H](Cc4c[nH]c5ccccc45)NC1=O)C(=O)N,5.16
346,CHEMBL408843,CC(=O)N[C@@H]1CSSC[C@H](NC(=O)CNC(=O)[C@@H](Cc2c[nH]c3ccccc23)NC(=O)[C@H](CCCN=C(N)N)NC(=O)[C@H](Cc4ccc5ccccc5c4)NC(=O)[C@H](Cc6c[nH]cn6)NC(=O)[C@@H](CCC(=O)O)NC1=O)C(=O)N,9.41
350,CHEMBL420167,N[C@H]1CC(=O)NCCCC[C@@H](NC(=O)[C@@H](Cc2c[nH]c3ccccc23)NC(=O)[C@H](CCCN=C(N)N)NC(=O)[C@H](Cc4ccc5ccccc5c4)NC(=O)[C@H](Cc6c[nH]cn6)NC1=O)C(=O)N,7.75
353,CHEMBL385465,CC(=O)N[C@H]1CC(=O)NCCCC[C@@H](NC(=O)[C@@H](Cc2c[nH]c3ccccc23)NC(=O)[C@H](CCCN=C(N)N)NC(=O)[C@@H](Cc4ccc5ccccc5c4)NC(=O)[C@H](Cc6c[nH]cn6)NC1=O)C(=O)N,8.37
355,CHEMBL407213,CC(=O)N[C@H]1CC(=O)NCCCC[C@@H](NC(=O)[C@@H](Cc2c[nH]c3ccccc23)NC(=O)[C@H](CCCN=C(N)N)NC(=O)[C@H](Cc4ccc5ccccc5c4)NC1=O)C(=O)N,6.14
357,CHEMBL333262,NC(=N)NCCC[C@@H]1NC(=O)[C@@H](Cc2ccc3ccccc3c2)NC(=O)[C@H](Cc4c[nH]cn4)NCC(=O)CC[C@@H](NC(=O)[C@@H](Cc5c[nH]c6ccccc56)NC1=O)C(=O)N,5.62
359,CHEMBL266417,CCCC[C@H](NC(=O)C)C(=O)N[C@H]1CC(=O)NCCCC[C@@H](NC(=O)[C@@H](Cc2c[nH]c3ccccc23)NC(=O)[C@H](CCCN=C(N)N)NC(=O)[C@@H](Cc4ccc5ccccc5c4)NC(=O)[C@H](Cc6c[nH]cn6)NC1=O)C(=O)N,7.59
362,CHEMBL268851,CCCC[C@H](NC(=O)C)C(=O)N[C@@H]1CC(=O)N[C@@H](Cc2c[nH]cn2)C(=O)N[C@H](Cc3ccc4ccccc4c3)C(=O)N[C@@H](CCCN=C(N)N)C(=O)N[C@H](Cc5c[nH]c6ccccc56)C(=O)N[C@H](CCCCNC1=O)C(=O)N,7.55
364,CHEMBL2096759,CCCC[C@H](NC(=O)[C@@H](NC(=O)[C@@H](N)Cc1ccc(O)cc1)C(C)C)C(=O)NCC(=O)N[C@@H](Cc2c[nH]cn2)C(=O)N[C@H](Cc3ccccc3)C(=O)N[C@@H](CCCN=C(N)N)C(=O)N[C@H](Cc4c[nH]c5ccccc45)C(=O)N[C@@H](CC(=O)O)C(=O)N[C@@H](CCCN=C(N)N)C(=O)N[C@@H](Cc6ccccc6)C(=O)NCC(=O)ON,6.39
366,CHEMBL413439,CCCC[C@H](NC(=O)[C@@H](NC(=O)[C@@H](N)Cc1ccc(O)cc1)C(C)C)C(=O)NCC(=O)N[C@@H](Cc2c[nH]cn2)C(=O)N[C@H](Cc3ccc4ccccc4c3)C(=O)N[C@@H](CCCN=C(N)N)C(=O)N[C@@H](Cc5c[nH]c6ccccc56)C(=O)N[C@@H](CC(=O)O)C(=O)N[C@@H](CCCN=C(N)N)C(=O)N[C@@H](Cc7ccccc7)C(=O)NCC(=O)O,8.46
369,CHEMBL414778,CCCC[C@H](NC(=O)[C@@H](NC(=O)[C@@H](N)Cc1ccc(O)cc1)C(C)C)C(=O)NCC(=O)N[C@@H](Cc2c[nH]cn2)C(=O)N[C@H](Cc3ccc4ccccc4c3)C(=O)N[C@@H](CCCN=C(N)N)C(=O)N[C@@H](Cc5ccccc5)C(=O)N[C@@H](CC(=O)O)C(=O)N[C@@H](CCCN=C(N)N)C(=O)N[C@@H](Cc6ccccc6)C(=O)NCC(=O)ON,8.48
371,CHEMBL408509,CCCC[C@H](NC(=O)[C@@H](NC(=O)[C@@H](N)Cc1ccc(O)cc1)C(C)C)C(=O)NCC(=O)N[C@H](Cc2ccc3ccccc3c2)C(=O)N[C@@H](Cc4ccccc4)C(=O)N[C@@H](CCCN=C(N)N)C(=O)N[C@@H](Cc5c[nH]c6ccccc56)C(=O)N[C@@H](CC(=O)O)C(=O)N[C@@H](CCCN=C(N)N)C(=O)N[C@@H](Cc7ccccc7)C(=O)NCC(=O)ON,6.0
374,CHEMBL411359,CCCC[C@H](NC(=O)[C@@H](NC(=O)[C@@H](N)Cc1ccc(O)cc1)C(C)C)C(=O)NCC(=O)N[C@@H](Cc2c[nH]cn2)C(=O)N[C@@H](Cc3ccccc3)C(=O)N[C@@H](CCCN=C(N)N)C(=O)N[C@@H](Cc4c[nH]c5ccccc45)C(=O)N[C@@H](CC(=O)O)C(=O)N[C@@H](CCCN=C(N)N)C(=O)N[C@@H](Cc6ccccc6)C(=O)NCC(=O)O,6.2
380,CHEMBL2310901,CCCC[C@H](NC(=O)[C@@H](NC(=O)[C@@H](N)Cc1ccc(O)cc1)C(C)C)C(=O)NCC(=O)N2CCC[C@H]2C(=O)N[C@@H](Cc3ccccc3)C(=O)N[C@@H](CCCN=C(N)N)C(=O)N[C@H](Cc4ccc5ccccc5c4)C(=O)N[C@@H](CC(=O)O)C(=O)N[C@@H](CCCN=C(N)N)C(=O)N[C@@H](Cc6ccccc6)C(=O)NCC(=O)O,6.19
383,CHEMBL2371712,CCCC[C@H](NC(=O)[C@@H](NC(=O)[C@@H](N)Cc1ccc(O)cc1)C(C)C)C(=O)NCC(=O)N2CCC[C@H]2C(=O)N[C@H](Cc3ccc4ccccc4c3)C(=O)N[C@@H](CCCN=C(N)N)C(=O)N[C@H](Cc5ccc6ccccc6c5)C(=O)N[C@@H](CC(=O)O)C(=O)N[C@@H](CCCN=C(N)N)C(=O)N[C@@H](Cc7ccccc7)C(=O)NCC(=O)ON,8.7
385,CHEMBL438920,CCCC[C@H](NC(=O)[C@@H](NC(=O)[C@@H](N)Cc1ccc(O)cc1)C(C)C)C(=O)NCC(=O)N[C@@H](Cc2c[nH]cn2)C(=O)N[C@@H](Cc3ccccc3)C(=O)N[C@@H](CCCN=C(N)N)C(=O)N[C@H](Cc4ccc5ccccc5c4)C(=O)N[C@@H](CC(=O)O)C(=O)N[C@@H](CCCN=C(N)N)C(=O)N[C@@H](Cc6ccccc6)C(=O)NCC(=O)ON,6.7
389,CHEMBL439691,CCCC[C@H](NC(=O)[C@@H](NC(=O)[C@@H](N)Cc1ccc(O)cc1)C(C)C)C(=O)NCC(=O)N[C@@H](Cc2c[nH]cn2)C(=O)N[C@@H](Cc3ccccc3)C(=O)N[C@@H](CCCN=C(N)N)C(=O)N[C@@H](Cc4c[nH]c5ccccc45)C(=O)N[C@@H](CC(=O)O)C(=O)N[C@@H](CCCN=C(N)N)C(=O)N[C@@H](Cc6ccccc6)C(=O)NCC(=O)ON,6.7
398,CHEMBL443071,CCCC[C@H](NC(=O)[C@@H](NC(=O)[C@H](Cc1ccc(O)cc1)NC(=O)C)C(C)C)C(=O)NCC(=O)N[C@@H](Cc2c[nH]cn2)C(=O)N[C@@H](Cc3ccccc3)C(=O)N[C@@H](CCCN=C(N)N)C(=O)N[C@@H](Cc4c[nH]c5ccccc45)C(=O)N[C@@H](CC(=O)O)C(=O)N[C@@H](CCCN=C(N)N)C(=O)N[C@@H](Cc6ccccc6)C(=O)NCC(=O)ON,8.62
407,CHEMBL180892,CS(=O)(=O)Nc1ccccc1N2CCN(CC2)C(=O)[C@@H](Cc3ccc(Cl)cc3)NC(=O)[C@@H]4Cc5ccccc5CN4,6.64
408,CHEMBL181162,CS(=O)(=O)N(CC1CC1)c2ccccc2N3CCN(CC3)C(=O)[C@@H](Cc4ccc(Cl)cc4)NC(=O)[C@@H]5Cc6ccccc6CN5,6.77
409,CHEMBL368008,CS(=O)(=O)N(CCN)c1ccccc1N2CCN(CC2)C(=O)[C@@H](Cc3ccc(Cl)cc3)NC(=O)[C@@H]4Cc5ccccc5CN4,7.1
410,CHEMBL179836,CCCN(c1ccccc1N2CCN(CC2)C(=O)[C@@H](Cc3ccc(Cl)cc3)NC(=O)[C@@H]4Cc5ccccc5CN4)S(=O)(=O)C,6.68
411,CHEMBL183799,CC(NC1CCCNC1)c2ccccc2N3CCN(CC3)C(=O)[C@@H](Cc4ccc(Cl)cc4)NC(=O)c5cnc6ccccc6c5,6.22
412,CHEMBL368876,CN1CCN[C@@H](C1)C(=O)N[C@H](Cc2ccc(F)cc2)C(=O)N3CCC(CC3)(C4CCCCC4)C(=O)NC(C)(C)C,5.62
418,CHEMBL2113028,CC(C)(C)NC(=O)C1(CCN(CC1)C(=O)[C@@H](Cc2ccc(F)cc2)NC(=O)[C@@H]3CNCCN3C(=O)OC(C)(C)C)C4CCCCC4,5.75
421,CHEMBL3216179,Cl.Cl.CN1CCN[C@H](C1)C(=O)N[C@H](Cc2ccc(F)cc2)C(=O)N3CCC(CC3)(C4CCCCC4)C(=O)NC(C)(C)C,5.57
423,CHEMBL3216393,Cl.Cl.CN1CCNC[C@H]1C(=O)N[C@H](Cc2ccc(F)cc2)C(=O)N3CCC(CC3)(C4CCCCC4)C(=O)NC(C)(C)C,5.48
425,CHEMBL2145453,CCN1CCN[C@@H](C1)C(=O)N[C@H](Cc2ccc(F)cc2)C(=O)N3CCC(CC3)(C4CCCCC4)C(=O)NC(C)(C)C.OC(=O)C(F)(F)F.OC(=O)C(F)(F)F,6.08
427,CHEMBL2145454,CC(C)(C)NC(=O)C1(CCN(CC1)C(=O)[C@@H](Cc2ccc(F)cc2)NC(=O)[C@@H]3CN(CC(F)F)CCN3)C4CCCCC4.OC(=O)C(F)(F)F.OC(=O)C(F)(F)F,6.29
429,CHEMBL2145455,CC(C)CN1CCN[C@@H](C1)C(=O)N[C@H](Cc2ccc(F)cc2)C(=O)N3CCC(CC3)(C4CCCCC4)C(=O)NC(C)(C)C.OC(=O)C(F)(F)F.OC(=O)C(F)(F)F,6.47
431,CHEMBL2145456,C[C@H](N)C(=O)N1CCN[C@@H](C1)C(=O)N[C@H](Cc2ccc(F)cc2)C(=O)N3CCC(CC3)(C4CCCCC4)C(=O)NC(C)(C)C.OC(=O)C(F)(F)F.OC(=O)C(F)(F)F,5.7
435,CHEMBL362670,Clc1ccc(C[C@@H](NC(=O)C2Cc3ccccc3CN2)C(=O)N4CCN(CC4)[C@H]5CCCC[C@@H]5n6cncn6)cc1,4.77
436,CHEMBL180937,Clc1ccc(C[C@@H](NC(=O)C2Cc3ccccc3CN2)C(=O)N4CCN(CC4)C5(Cn6cncn6)CCCC5)cc1,4.75
438,CHEMBL184385,Cc1ccc(C)c(c1)N2CCN(CC2)\C(=N\c3ccc(cc3)C(=O)NCCc4ccc(Cl)cc4Cl)\NC5CCCCC5,5.75
439,CHEMBL183842,Clc1ccc(CCNC(=O)c2ccc(N\C(=N\C3CCCCC3)\N4CCN(CC4)c5ccccc5)cc2)c(Cl)c1,6.54
440,CHEMBL182844,Clc1ccc(CCNC(=O)c2ccc(N\C(=N\C3CCCCC3)\N4CCN(CC4)c5ncccn5)cc2)c(Cl)c1,6.52
449,CHEMBL185195,Clc1ccc(C[C@@H](NC(=O)C2Cc3ccccc3CN2)C(=O)N4CCN(CC4)c5ccccc5)cc1,4.77
450,CHEMBL361052,Clc1ccc(C[C@@H](NC(=O)C2Cc3ccccc3CN2)C(=O)N4CCN(CC4)C5CCCCC5)cc1,5.09
451,CHEMBL362010,[O-][N+]1(CCN(CC1)C(=O)[C@@H](Cc2ccc(Cl)cc2)NC(=O)C3Cc4ccccc4CN3)c5ccccc5,4.03
453,CHEMBL263182,Clc1ccc(C[C@@H](NC(=O)C2Cc3ccccc3CN2)C(=O)N4CCN(CC4)C5CCCCC5Cn6cncn6)cc1,4.8
454,CHEMBL405150,Clc1ccc(C[C@@H](NC(=O)C2Cc3ccccc3CN2)C(=O)N4CCN(CC4)C5(Cn6cncn6)CCCCC5)cc1,4.85
455,CHEMBL365039,Clc1ccc(C[C@@H](NC(=O)C2Cc3ccccc3CN2)C(=O)N4CCN(CC4)[C@@H]5CCCC[C@H]5n6cncn6)cc1,5.01
457,CHEMBL183434,NCc1ccccc1N2CCN(CC2)C(=O)[C@@H](Cc3ccc(Cl)cc3)NC(=O)[C@H]4Cc5ccccc5CN4,5.64
458,CHEMBL365278,Fc1ccccc1CCNCc2ccccc2N3CCN(CC3)C(=O)[C@@H](Cc4ccc(Cl)cc4)NC(=O)[C@H]5Cc6ccccc6CN5,6.59
459,CHEMBL366706,Clc1ccc(C[C@@H](NC(=O)[C@H]2Cc3ccccc3CN2)C(=O)N4CCN(CC4)c5ccccc5CNCCc6cccs6)cc1,6.62
461,CHEMBL185035,CC(N[C@H]1CCNC1)c2ccccc2N3CCN(CC3)C(=O)[C@@H](Cc4ccc(Cl)cc4)NC(=O)[C@H]5Cc6ccccc6CN5,6.23
462,CHEMBL360716,CC(NC1CCCNC1)c2ccccc2N3CCN(CC3)C(=O)[C@@H](Cc4ccc(Cl)cc4)NC(=O)[C@H]5Cc6ccccc6CN5,6.57
463,CHEMBL364215,Clc1ccc(C[C@@H](NC(=O)c2cccnc2)C(=O)N3CCN(CC3)c4ccccc4CNCCc5cccs5)cc1,6.14
464,CHEMBL390130,NCC(=O)N[C@H](Cc1ccc(Cl)cc1)C(=O)N2CCN(CC2)c3ccccc3CNCCc4cccs4,6.0
465,CHEMBL186083,NCCC(=O)N[C@H](Cc1ccc(Cl)cc1)C(=O)N2CCN(CC2)c3ccccc3CNCCc4cccs4,6.0
466,CHEMBL186289,NCCCC(=O)N[C@H](Cc1ccc(Cl)cc1)C(=O)N2CCN(CC2)c3ccccc3CNCCc4cccs4,6.0
467,CHEMBL186074,Clc1ccc(C[C@@H](NC(=O)C2CCCNC2)C(=O)N3CCN(CC3)c4ccccc4CNCCc5cccs5)cc1,6.14
472,CHEMBL187022,CC1CN(CC(C)O1)\C(=N\c2ccc(cc2)C(=O)NCCc3ccc(Cl)cc3Cl)\NC4CCCCC4,6.46
473,CHEMBL186249,CC1CC(C)CN(C1)\C(=N\c2ccc(cc2)C(=O)NCCc3ccc(Cl)cc3Cl)\NC4CCCCC4,6.84
474,CHEMBL363440,Clc1ccc(CCNC(=O)c2ccc(N\C(=N\C3CCCCC3)\N4CCNC(=O)C4)cc2)c(Cl)c1,6.25
475,CHEMBL187757,CC1N(CCNC1=O)\C(=N\c2ccc(cc2)C(=O)NCCc3ccc(Cl)cc3Cl)\NC4CCCCC4,5.98
477,CHEMBL186189,CCCN(CCC)\C(=N\c1ccc(cc1)C(=O)NCCc2ccc(Cl)cc2Cl)\NC3CCCCC3,6.44
485,CHEMBL366036,NC1CCN(CC1)\C(=N\c2ccc(cc2)C(=O)NCCc3ccc(Cl)cc3Cl)\NC4CCCCC4,6.64
487,CHEMBL185862,NCCC(=O)N[C@H](Cc1ccc(Cl)cc1Cl)C(=O)N2CCN(CC2)C3(CNC(=O)Cc4ccccc4)CCCCC3,6.04
488,CHEMBL363019,COc1cccc(CC(=O)NCC2(CCCCC2)N3CCN(CC3)C(=O)[C@@H](Cc4ccc(Cl)cc4Cl)NC(=O)CCN)c1,6.33
489,CHEMBL364560,COc1ccc(CC(=O)NCC2(CCCCC2)N3CCN(CC3)C(=O)[C@@H](Cc4ccc(Cl)cc4Cl)NC(=O)CCN)cc1,6.27
490,CHEMBL188651,NCCC(=O)N[C@H](Cc1ccc(Cl)cc1Cl)C(=O)N2CCN(CC2)C3(CNC(=O)Cc4cccs4)CCCCC3,6.32
491,CHEMBL365465,NCCC(=O)N[C@H](Cc1ccc(Cl)cc1Cl)C(=O)N2CCN(CC2)C3(CNCc4cccs4)CCCCC3,5.72
493,CHEMBL187774,CC(C)(C)NC(=O)C1(CCN(CC1)C(=O)[C@@H](Cc2ccc(F)cc2)NC(=O)[C@H]3C[C@@H]4CC[C@@H]3NC4)C5CCCCC5,5.99
496,CHEMBL2113031,CC(C)(C)NC(=O)C1(CCN(CC1)C(=O)[C@@H](Cc2ccc(F)cc2)NC(=O)[C@@H]3C[C@H]4CC[C@@H]3NC4)C5CCCCC5,6.03
499,CHEMBL429387,CN1C[C@@H]2CC[C@H]1[C@H](C2)C(=O)N[C@H](Cc3ccc(F)cc3)C(=O)N4CCC(CC4)(C5CCCCC5)C(=O)NC(C)(C)C,5.97
518,CHEMBL365401,CN1C[C@H]2CC[C@@H]1[C@H](C2)C(=O)N[C@H](Cc3ccc(F)cc3)C(=O)N4CCC(CC4)(C5CCCCC5)C(=O)NC(C)(C)C,5.19
523,CHEMBL2113043,COc1ccc(cc1)N2N=C(CC(CC[C@@H](C)NC(=O)[C@H]3CCNC[C@@H]3c4ccc(F)cc4)C2=O)Sc5ccc(Cl)cc5,5.51
527,CHEMBL365237,NCCC(=O)N[C@H](Cc1ccc(Cl)cc1Cl)C(=O)N2CCN(CC2)C3(CNCCc4ccccc4)CCCCC3,5.92
528,CHEMBL187659,NCCC(=O)N[C@H](Cc1ccc(Cl)cc1Cl)C(=O)N2CCN(CC2)C3(CNCc4ccccc4F)CCCCC3,5.85
529,CHEMBL365005,COc1ccc(cc1)N2N=C(Sc3ccc(Cl)cc3)C=C(CC[C@@H](C)NC(=O)[C@H]4CNC[C@@H]4c5ccc(F)cc5)C2=O,5.85
531,CHEMBL363740,COc1ccc(cc1)N2N=C(Sc3ccc(Cl)cc3)C=C(CC[C@@H](C)NC(=O)[C@H]4CNCC[C@@H]4c5ccc(F)cc5)C2=O,6.08
533,CHEMBL361883,COc1ccc(cc1)N2N=C(Sc3ccc(Cl)cc3)C=C(CC[C@@H](C)NC(=O)[C@H]4CCNC[C@@H]4c5ccc(F)cc5)C2=O,5.92
538,CHEMBL195071,CC(=O)N[C@H](Cc1ccc(Cl)cc1Cl)C(=O)N2CCN(CC2)c3ccccc3CNCCc4cccs4,6.14
539,CHEMBL195734,Fc1ccccc1CNC(=O)N[C@H](Cc2ccc(Cl)cc2Cl)C(=O)N3CCN(CC3)c4ccccc4CNCCc5cccs5,5.64
540,CHEMBL436122,FCCOC(=O)N[C@H](Cc1ccc(Cl)cc1Cl)C(=O)N2CCN(CC2)c3ccccc3CNCCc4cccs4,6.25
541,CHEMBL192464,CC(C)OC(=O)N[C@H](Cc1ccc(Cl)cc1Cl)C(=O)N2CCN(CC2)c3ccccc3CNCCc4cccs4,6.17
542,CHEMBL195308,OCCNC(=O)N[C@H](Cc1ccc(Cl)cc1Cl)C(=O)N2CCN(CC2)c3ccccc3CNCCc4cccs4,6.46
543,CHEMBL363576,CCNC(=O)N[C@H](Cc1ccc(Cl)cc1Cl)C(=O)N2CCN(CC2)c3ccccc3CNCCc4cccs4,6.52
544,CHEMBL194987,CN(C)C(=O)N[C@H](Cc1ccc(Cl)cc1Cl)C(=O)N2CCN(CC2)c3ccccc3CNCCc4cccs4,6.46
545,CHEMBL195110,Clc1ccc(C[C@@H](NC(=O)N2CCCC2)C(=O)N3CCN(CC3)c4ccccc4CNCCc5cccs5)c(Cl)c1,6.8
546,CHEMBL415165,CSCC[C@H](NC(=O)[C@H](CO)NC(=O)[C@H](Cc1ccc(O)cc1)NC(=O)[C@H](CO)NC(=O)[C@@H]2CCCN2C(=O)[C@H](CC(=O)O)NC(=O)[C@@H](N)CC(=O)N)C(=O)N[C@@H](CCC(=O)O)C(=O)N[C@@H](Cc3c[nH]cn3)C(=O)N[C@@H](Cc4ccccc4)C(=O)N[C@@H](CCCN=C(N)N)C(=O)N[C@@H](Cc5c[nH]c6ccccc56)C(=O)NCC(=O)N[C@@H](CCCCN)C(=O)N7CCC[C@H]7C(=O)N[C@@H](C(C)C)C(=O)NCC(=O)O,9.77
547,CHEMBL412536,CSCC[C@H](NC(=O)[C@H](CCCN=C(N)N)NC(=O)[C@H](Cc1ccc(O)cc1)NC(=O)[C@@H]2CCCN2C(=O)CNC(=O)[C@H](CCC(=O)O)NC(=O)[C@H](CC(=O)O)NC(=O)[C@H](CCCCN)NC(=O)[C@H](CCCCN)NC(=O)[C@H](CCC(=O)O)NC(=O)[C@H](C)N)C(=O)N[C@@H](CCC(=O)O)C(=O)N[C@@H](Cc3c[nH]cn3)C(=O)N[C@@H](Cc4ccccc4)C(=O)N[C@@H](CCCN=C(N)N)C(=O)N[C@@H](Cc5c[nH]c6ccccc56)C(=O)NCC(=O)N[C@@H](CO)C(=O)N7CCC[C@H]7C(=O)N8CCC[C@H]8C(=O)N[C@@H](CCCCN)C(=O)N[C@@H](CC(=O)O)C(=O)O,7.11
548,CHEMBL428326,CSCC[C@H](NC(=O)[C@H](CCCN=C(N)N)NC(=O)[C@H](Cc1ccc(O)cc1)NC(=O)[C@@H]2CCCN2C(=O)CN)C(=O)N[C@@H](CCC(=O)O)C(=O)N[C@@H](Cc3c[nH]cn3)C(=O)N[C@@H](Cc4ccccc4)C(=O)N[C@@H](CCCN=C(N)N)C(=O)N[C@@H](Cc5c[nH]c6ccccc56)C(=O)NCC(=O)N[C@@H](CO)C(=O)N7CCC[C@H]7C(=O)N8CCC[C@H]8C(=O)N[C@@H](CCCCN)C(=O)N[C@@H](CC(=O)O)C(=O)N,7.61
549,CHEMBL414718,CSCC[C@H](NC(=O)[C@H](CCCN=C(N)N)NC(=O)[C@H](Cc1ccc(O)cc1)NC(=O)C)C(=O)N[C@@H](CCC(=O)O)C(=O)N[C@@H](Cc2c[nH]cn2)C(=O)N[C@H](Cc3ccccc3)C(=O)N[C@@H](CCCN=C(N)N)C(=O)N[C@@H](Cc4c[nH]c5ccccc45)C(=O)NCC(=O)N[C@@H](CO)C(=O)N6CCC[C@H]6C(=O)N7CCC[C@H]7C(=O)N[C@@H](CCCCN)C(=O)N[C@@H](CC(=O)O)C(=O)N,9.59
553,CHEMBL266879,CSCC[C@H](NC(=O)[C@H](CCCN=C(N)N)NC(=O)[C@H](Cc1ccc(O)cc1)NC(=O)C)C(=O)N[C@@H](CCC(=O)O)C(=O)N[C@@H](Cc2c[nH]cn2)C(=O)N[C@H](Cc3ccccc3)C(=O)N[C@@H](CCCN=C(N)N)C(=O)N[C@@H](Cc4c[nH]c5ccccc45)C(=O)NCC(=O)N,9.08
554,CHEMBL427666,CSC[C@H](NC(=O)[C@H](Cc1c[nH]c2ccccc12)NC(=O)[C@H](CCCN=C(N)N)NC(=O)[C@@H](Cc3ccccc3)NC(=O)[C@H](Cc4c[nH]cn4)NC(=O)[C@H](CCC(=O)O)NC(=O)[C@H](CSC)NC(=O)[C@H](CCCN=C(N)N)NC(=O)[C@H](Cc5ccc(O)cc5)NC(=O)C)C(=O)N,7.21
555,CHEMBL412523,CC(=O)N[C@@H](Cc1ccc(O)cc1)C(=O)N[C@@H](CCCN=C(N)N)C(=O)N[C@@H]2CSSC[C@@H](NC(=O)[C@@H](Cc3c[nH]c4ccccc34)NC(=O)[C@H](CCCN=C(N)N)NC(=O)[C@H](Cc5ccc6ccccc6c5)NC(=O)[C@H](Cc7c[nH]cn7)NC(=O)[C@@H](CCC(=O)O)NC2=O)C(=O)N,7.42
556,CHEMBL415661,CC(=O)N[C@@H](Cc1ccc(O)cc1)C(=O)N[C@@H](CCCN=C(N)N)C(=O)N[C@@H]2CSSC[C@@H](NC(=O)[C@@H](Cc3c[nH]c4ccccc34)NC(=O)[C@H](CCCN=C(N)N)NC(=O)[C@H](Cc5ccc(Cl)cc5)NC(=O)[C@H](Cc6c[nH]cn6)NC(=O)[C@@H](CCC(=O)O)NC2=O)C(=O)N,7.38
557,CHEMBL407809,CC(=O)N[C@@H](Cc1ccc(O)cc1)C(=O)N[C@@H](CCCN=C(N)N)C(=O)N[C@@H]2CSSC[C@@H](NC(=O)[C@@H](Cc3c[nH]c4ccccc34)NC(=O)[C@H](CCCN=C(N)N)NC(=O)[C@H](Cc5ccc(F)cc5)NC(=O)[C@H](Cc6c[nH]cn6)NC(=O)[C@@H](CCC(=O)O)NC2=O)C(=O)N,6.62
567,CHEMBL534930,Cl.Cl.C[C@H]1CN[C@@H](CN1)C(=O)N[C@H](Cc2ccc(F)cc2)C(=O)N3CCC(CC3)(C4CCCCC4)C(=O)NC(C)(C)C,6.06
569,CHEMBL557154,Cl.Cl.CC[C@H]1CN[C@@H](CN1)C(=O)N[C@H](Cc2ccc(F)cc2)C(=O)N3CCC(CC3)(C4CCCCC4)C(=O)NC(C)(C)C,6.15
571,CHEMBL534928,Cl.Cl.CC(C)[C@H]1CN[C@@H](CN1)C(=O)N[C@H](Cc2ccc(F)cc2)C(=O)N3CCC(CC3)(C4CCCCC4)C(=O)NC(C)(C)C,6.47
573,CHEMBL559181,Cl.Cl.CC(C)(C)NC(=O)C1(CCN(CC1)C(=O)[C@@H](Cc2ccc(F)cc2)NC(=O)[C@@H]3CN[C@H](CN3)C4CC4)C5CCCCC5,6.12
575,CHEMBL558787,Cl.Cl.CC(C)(C)NC(=O)C1(CCN(CC1)C(=O)[C@@H](Cc2ccc(F)cc2)NC(=O)[C@@H]3CN[C@H](CN3)C(C)(C)C)C4CCCCC4,6.44
577,CHEMBL535152,Cl.Cl.CC(C)(C)NC(=O)C1(CCN(CC1)C(=O)[C@@H](Cc2ccc(F)cc2)NC(=O)[C@@H]3CN[C@H](CN3)C4(C)CC4)C5CCCCC5,6.52
579,CHEMBL2028956,CC[C@@H]1CN[C@@H](CN1)C(=O)N[C@H](Cc2ccc(F)cc2)C(=O)N3CCC(CC3)(C4CCCCC4)C(=O)NC(C)(C)C.OC(=O)C(F)(F)F.OC(=O)C(F)(F)F,7.35
581,CHEMBL2028957,CC(C)[C@@H]1CN[C@@H](CN1)C(=O)N[C@H](Cc2ccc(F)cc2)C(=O)N3CCC(CC3)(C4CCCCC4)C(=O)NC(C)(C)C.OC(=O)C(F)(F)F.OC(=O)C(F)(F)F,5.85
583,CHEMBL2028958,CC(C)(C)NC(=O)C1(CCN(CC1)C(=O)[C@@H](Cc2ccc(F)cc2)NC(=O)[C@@H]3CN[C@@H](CN3)C4CC4)C5CCCCC5.CC(F)(F)C(=O)O.OC(=O)C(F)(F)F,5.85
585,CHEMBL2028959,CC(C)(C)NC(=O)C1(CCN(CC1)C(=O)[C@@H](Cc2ccc(F)cc2)NC(=O)[C@@H]3CN[C@@H](CN3)C(C)(C)C)C4CCCCC4.OC(=O)C(F)(F)F.OC(=O)C(F)(F)F,6.0
587,CHEMBL2028960,CC(C)(C)NC(=O)C1(CCN(CC1)C(=O)[C@@H](Cc2ccc(F)cc2)NC(=O)[C@@H]3CN[C@@H](CN3)C4(C)CC4)C5CCCCC5.OC(=O)C(F)(F)F.OC(=O)C(F)(F)F,6.04
589,CHEMBL2028961,CC(C)(C)NC(=O)C1(CCN(CC1)C(=O)[C@@H](Cc2ccc(F)cc2)NC(=O)[C@@H]3CNC4(CC4)CN3)C5CCCCC5.OC(=O)C(F)(F)F.OC(=O)C(F)(F)F,5.72
591,CHEMBL538567,Cl.Cl.CC[C@H]1CN[C@@H](CN1C)C(=O)N[C@H](Cc2ccc(F)cc2)C(=O)N3CCC(CC3)(C4CCCCC4)C(=O)NC(C)(C)C,6.35
593,CHEMBL554368,Cl.Cl.CC[C@@H]1CN[C@@H](CN1C)C(=O)N[C@H](Cc2ccc(F)cc2)C(=O)N3CCC(CC3)(C4CCCCC4)C(=O)NC(C)(C)C,5.62
601,CHEMBL2113133,CC(=O)N1CCCc2cccc(N3CCN(CC3)C(=O)[C@@H](Cc4ccc(Cl)cc4)NC(=O)[C@H]5Cc6ccccc6CN5)c12,5.4
602,CHEMBL2113139,Clc1ccc(C[C@@H](NC(=O)[C@H]2Cc3ccccc3CN2)C(=O)N4CCN(CC4)c5cccc6CCN(Cc56)S(=O)(=O)c7ccccc7)cc1,6.16
603,CHEMBL2113144,Clc1ccc(C[C@@H](NC(=O)[C@H]2Cc3ccccc3CN2)C(=O)N4CCN(CC4)c5cccc6CCCCc56)cc1,6.59
604,CHEMBL2113149,CN(C)C1CCc2cccc(N3CCN(CC3)C(=O)[C@@H](Cc4ccc(Cl)cc4)NC(=O)[C@H]5Cc6ccccc6CN5)c2C1,6.55
606,CHEMBL380727,CCOC(=O)N(CC1(CCN(CC1)C(=O)[C@@H](Cc2ccc(Cl)cc2)NC(=O)[C@H]3Cc4ccccc4CN3)C5CCCCC5)C(C)C,6.2
607,CHEMBL381125,CC(C)N(CC1(CCN(CC1)C(=O)[C@@H](Cc2ccc(Cl)cc2)NC(=O)[C@H]3Cc4ccccc4CN3)C5CCCCC5)S(=O)(=O)C,6.7
608,CHEMBL383719,CC1(C)CCN(CC2(CCN(CC2)C(=O)[C@@H](Cc3ccc(Cl)cc3)NC(=O)[C@H]4Cc5ccccc5CN4)C6CCCCC6)S1(=O)=O,6.72
609,CHEMBL203975,Clc1ccc(C[C@@H](NC(=O)[C@H]2Cc3ccccc3CN2)C(=O)N4CCC(CN5CCCS5(=O)=O)(CC4)C6CCCCC6)cc1,6.77
610,CHEMBL380635,Clc1ccc(C[C@@H](NC(=O)[C@H]2Cc3ccccc3CN2)C(=O)N4CCC(CN5C(=O)OCC56CCC6)(CC4)C7CCCCC7)cc1,6.68
611,CHEMBL204308,Clc1ccc(C[C@@H](NC(=O)[C@H]2Cc3ccccc3CN2)C(=O)N4CCC(CN5C(=O)OCC56CC6)(CC4)C7CCCCC7)cc1,6.77
612,CHEMBL204078,C[C@H]1COC(=O)N1CC2(CCN(CC2)C(=O)[C@@H](Cc3ccc(Cl)cc3)NC(=O)[C@H]4Cc5ccccc5CN4)C6CCCCC6,6.66
613,CHEMBL203911,C[C@@H]1COC(=O)N1CC2(CCN(CC2)C(=O)[C@@H](Cc3ccc(Cl)cc3)NC(=O)[C@H]4Cc5ccccc5CN4)C6CCCCC6,6.96
615,CHEMBL265985,Clc1ccc(C[C@@H](NC(=O)[C@H]2Cc3ccccc3CN2)C(=O)N4CCC(CN5CCOC5=O)(CC4)C6CCCCC6)cc1,6.75
616,CHEMBL438259,CN1CCN(CC2(CCN(CC2)C(=O)[C@@H](Cc3ccc(Cl)cc3)NC(=O)[C@H]4Cc5ccccc5CN4)C6CCCCC6)C1=O,6.8
617,CHEMBL381503,Clc1ccc(C[C@@H](NC(=O)[C@H]2Cc3ccccc3CN2)C(=O)N4CCC(CN5CCNC5=O)(CC4)C6CCCCC6)cc1,6.82
644,CHEMBL446185,CCCC[C@@H]1NC(=O)CC[C@H](NC(=O)[C@H](Cc2c[nH]c3ccccc23)NC(=O)[C@H](CCCN=C(N)N)NC(=O)[C@@H](Cc4ccccc4)NC(=O)[C@H](Cc5c[nH]cn5)NC1=O)C(=O)N,7.0
648,CHEMBL383250,CCCC[C@@H]1NC(=O)CC[C@H](NC(=O)[C@H](Cc2c[nH]c3ccccc23)NC(=O)[C@H](CCCN=C(N)N)NC(=O)[C@@H](Cc4ccc5ccccc5c4)NC(=O)[C@H](CCC(=O)O)NC1=O)C(=O)N,7.36
649,CHEMBL409144,CCCC[C@@H]1NC(=O)CC[C@H](NC(=O)[C@H](Cc2c[nH]c3ccccc23)NC(=O)[C@H](CCCN=C(N)N)NC(=O)[C@@H](Cc4ccc5ccccc5c4)NC(=O)[C@@H](CC(=O)O)NC1=O)C(=O)N,6.66
650,CHEMBL204864,CCCC[C@@H]1NC(=O)CC[C@H](NC(=O)[C@H](Cc2c[nH]c3ccccc23)NC(=O)[C@H](CCCN=C(N)N)NC(=O)[C@@H](Cc4ccc5ccccc5c4)NC(=O)[C@H](CCCC)NC1=O)C(=O)N,8.42
651,CHEMBL413573,CCCC[C@@H]1NC(=O)CC[C@H](NC(=O)[C@H](Cc2c[nH]c3ccccc23)NC(=O)[C@H](CCCN=C(N)N)NC(=O)[C@@H](Cc4ccc5ccccc5c4)NC(=O)[C@@H](NC1=O)C(C)C)C(=O)N,8.66
652,CHEMBL204263,CCCC[C@@H]1NC(=O)CC[C@H](NC(=O)[C@H](Cc2c[nH]c3ccccc23)NC(=O)[C@H](CCCN=C(N)N)NC(=O)[C@@H](Cc4ccc5ccccc5c4)NC(=O)[C@@H](CCCN=C(N)N)NC1=O)C(=O)N,8.64
653,CHEMBL204310,CCCC[C@@H]1NC(=O)CC[C@H](NC(=O)[C@H](Cc2c[nH]c3ccccc23)NC(=O)[C@H](CCCN=C(N)N)NC(=O)[C@@H](Cc4ccc5ccccc5c4)NC(=O)[C@H](CCC(=O)N)NC1=O)C(=O)N,8.85
654,CHEMBL203760,CCCC[C@@H]1NC(=O)CC[C@H](NC(=O)[C@H](Cc2c[nH]c3ccccc23)NC(=O)[C@H](CCCN=C(N)N)NC(=O)[C@@H](Cc4ccc5ccccc5c4)NC(=O)[C@@H]6CCCN6C1=O)C(=O)N,8.0
655,CHEMBL425591,CCCC[C@@H]1NC(=O)CC[C@H](NC(=O)[C@H](Cc2c[nH]c3ccccc23)NC(=O)[C@H](CCCN=C(N)N)NC(=O)[C@@H](Cc4ccc5ccccc5c4)NC(=O)[C@H](Cc6c[nH]cn6)NC1=O)C(=O)N,8.64
656,CHEMBL382369,CCCC[C@@H]1NC(=O)CC[C@H](NC(=O)[C@H](Cc2c[nH]c3ccccc23)NC(=O)[C@H](CCCN=C(N)N)NC(=O)[C@@H](Cc4ccccc4)NC(=O)[C@@H](CCC(=O)O)NC1=O)C(=O)N,5.51
658,CHEMBL380638,CCCC[C@@H]1NC(=O)CC[C@H](NC(=O)[C@H](Cc2c[nH]c3ccccc23)NC(=O)[C@H](CCCN=C(N)N)NC(=O)[C@@H](Cc4ccccc4)NC(=O)[C@H](CCCC)NC1=O)C(=O)N,7.16
659,CHEMBL427205,CCCC[C@@H]1NC(=O)CC[C@H](NC(=O)[C@H](Cc2c[nH]c3ccccc23)NC(=O)[C@H](CCCN=C(N)N)NC(=O)[C@@H](Cc4ccccc4)NC(=O)[C@@H](NC1=O)C(C)C)C(=O)N,6.96
660,CHEMBL263822,CCCC[C@@H]1NC(=O)CC[C@H](NC(=O)[C@H](Cc2c[nH]c3ccccc23)NC(=O)[C@H](CCCN=C(N)N)NC(=O)[C@@H](Cc4ccccc4)NC(=O)[C@@H](CCCN=C(N)N)NC1=O)C(=O)N,7.17
661,CHEMBL203602,CCCC[C@@H]1NC(=O)CC[C@H](NC(=O)[C@H](Cc2c[nH]c3ccccc23)NC(=O)[C@H](CCCN=C(N)N)NC(=O)[C@@H](Cc4ccccc4)NC(=O)[C@@H](CCC(=O)N)NC1=O)C(=O)N,6.3
662,CHEMBL381739,CCCC[C@@H]1NC(=O)CC[C@H](NC(=O)[C@H](Cc2c[nH]c3ccccc23)NC(=O)[C@H](CCCN=C(N)N)NC(=O)[C@@H](Cc4ccccc4)NC(=O)[C@H]5CCCN5C1=O)C(=O)N,6.4
696,CHEMBL380855,CCN(CC)CC(N1CCN(CC1)C(=O)[C@@H](Cc2ccc(Cl)cc2)NC(=O)CC3NCc4ccccc34)c5ccccc5F,5.92
697,CHEMBL377961,CCN(CC)CC(N1CCN(CC1)C(=O)[C@@H](Cc2ccc(Cl)cc2)NC(=O)[C@H]3Cc4ccccc4CN3)c5ccccc5F,6.02
698,CHEMBL380540,CCN(CC)CC(N1CCN(CC1)C(=O)[C@@H](Cc2ccc(Cl)cc2)NC(=O)C3Cc4ccccc4C(C)(C)N3)c5ccccc5F,6.38
699,CHEMBL438432,CCN(CC)CC(N1CCN(CC1)C(=O)[C@@H](Cc2ccc(Cl)cc2)NC(=O)CC3(C)NCc4ccccc34)c5ccccc5F,5.85
700,CHEMBL206840,CCN(CC)CC(N1CCN(CC1)C(=O)[C@@H](Cc2ccc(Cl)cc2)NC(=O)c3cc4ccccc4cn3)c5ccccc5F,6.04
701,CHEMBL380365,CCN(CC)CC(N1CCN(CC1)C(=O)[C@@H](Cc2ccc(Cl)cc2)NC(=O)CC3NCCc4ccccc34)c5ccccc5F,6.04
702,CHEMBL380858,CCN(CC)CC(N1CCN(CC1)C(=O)[C@@H](Cc2ccc(Cl)cc2)NC(=O)CC3N(C)Cc4ccccc34)c5ccccc5F,5.7
703,CHEMBL378046,COc1ccccc1CCNCc2cccnc2N3CCN(CC3)C(=O)[C@@H](Cc4ccc(Cl)cc4Cl)NC(=O)CCN,5.68
704,CHEMBL213380,CC(C)C[C@H](N)c1cccc(F)c1N2CCN(CC2)C(=O)CCc3ccc(Cl)cc3Cl,5.92
705,CHEMBL215659,CCC(C)[C@H](NC(=O)CCN)c1cc(ccc1N2CCN(CC2)C(=O)CCc3ccc(Cl)cc3Cl)C(F)(F)F,6.77
706,CHEMBL211564,CC(C)C[C@H](NC(=O)CN)c1cc(ccc1N2CCN(CC2)C(=O)CCc3ccc(Cl)cc3Cl)C(F)(F)F,6.3
708,CHEMBL213122,CC(C)C[C@H](N)c1cc(C)ccc1N2CCN(CC2)C(=O)[C@H](C)Cc3ccc(Cl)cc3,6.0
715,CHEMBL268684,CC(=O)N[C@H]1CSSC[C@H](NC(=O)[C@@H](Cc2ccc3ccccc3c2)NC(=O)[C@H](Cc4c[nH]cn4)NC1=O)C(=O)N(CCCCN=C(N)N)[C@@H](Cc5c[nH]c6ccccc56)C(=O)N,6.68
780,CHEMBL365597,NCCC(=O)N[C@H](Cc1ccc(Cl)cc1Cl)C(=O)N2CCN(CC2)c3ccccc3CNCCc4cccs4,6.55
781,CHEMBL389674,CCCC[C@H](NC(=O)C)C(=O)N[C@H]1CC(=O)NCCCC[C@H](NC(=O)[C@H](Cc2cc3ccccc3[nH]2)NC(=O)[C@@H]4CCCN4C(=O)[C@@H](Cc5ccccc5)NC(=O)[C@H](Cc6cnc[nH]6)NC1=O)C(=O)N,6.6
783,CHEMBL2371972,CCCC[C@H](NC(=O)C)C(=O)N[C@H]1CC(=O)NCCCC[C@H](NC(=O)[C@H](Cc2c[nH]c3ccccc23)NC(=O)[C@@H]4CCCCN4C(=O)[C@H](CC5CCC(CC5)C6CCCCC6)NC(=O)[C@H]7CC8CCCCC8N7C1=O)C(=O)N,6.16
784,CHEMBL2371971,CCCC[C@H](NC(=O)C)C(=O)N[C@H]1CC(=O)NCCCC[C@H](NC(=O)[C@H](Cc2c[nH]c3ccccc23)NC(=O)[C@@H]4CCCCN4C(=O)[C@H](Cc5ccc(cc5)c6ccccc6)NC(=O)[C@@H](NC1=O)c7ccccc7)C(=O)N,8.68
785,CHEMBL2371970,CCCC[C@H](NC(=O)C)C(=O)N[C@H]1CC(=O)NCCCC[C@H](NC(=O)[C@H](Cc2c[nH]c3ccccc23)NC(=O)[C@@H]4CCCCN4C(=O)[C@H](Cc5ccc(cc5)c6ccccc6)NC(=O)[C@@H](NC1=O)C7CCCCC7)C(=O)N,7.3
786,CHEMBL2371969,CCCC[C@H](NC(=O)C)C(=O)N[C@H]1CC(=O)NCCCC[C@H](NC(=O)[C@H](Cc2c[nH]c3ccccc23)NC(=O)[C@@H]4CCCCN4C(=O)[C@H](Cc5ccc(cc5)c6ccccc6)NC(=O)[C@@H](NC1=O)C(C)C)C(=O)N,8.14
788,CHEMBL2371967,CCCC[C@H](NC(=O)C)C(=O)N[C@H]1CC(=O)NCCCC[C@H](NC(=O)[C@H](Cc2c[nH]c3ccccc23)NC(=O)[C@@H]4CCCCN4C(=O)[C@H](Cc5ccc(cc5)c6ccccc6)NC(=O)[C@@H]7Cc8ccccc8CN7C1=O)C(=O)N,8.57
789,CHEMBL2371966,CCCC[C@H](NC(=O)C)C(=O)N[C@H]1CC(=O)NCCCC[C@H](NC(=O)[C@H](Cc2c[nH]c3ccccc23)NC(=O)[C@@H]4CCCCN4C(=O)[C@H](Cc5ccc(cc5)c6ccccc6)NC(=O)[C@@H]7CCCN7C1=O)C(=O)N,9.82
791,CHEMBL2371963,CCCC[C@H](NC(=O)C)C(=O)N[C@H]1CC(=O)NCCCC[C@H](NC(=O)[C@H](Cc2c[nH]c3ccccc23)NC(=O)[C@@H]4CCCN4C(=O)[C@H](Cc5ccc(cc5)c6ccccc6)NC(=O)[C@@H]7CCCN7C1=O)C(=O)N,8.54
792,CHEMBL2371962,CCCC[C@H](NC(=O)C)C(=O)N[C@H]1CC(=O)NCCCC[C@H](NC(=O)[C@H](Cc2c[nH]c3ccccc23)NC(=O)[C@@H]4CCCCN4C(=O)[C@H](Cc5ccc(cc5)c6ccccc6)NC(=O)[C@H](Cc7c[nH]cn7)NC1=O)C(=O)N,9.14
794,CHEMBL375947,CCCC[C@H](NC(=O)C)C(=O)N[C@H]1CC(=O)NCCCC[C@H](NC(=O)[C@H](Cc2cc3ccccc3[nH]2)NC(=O)[C@@H]4CCCN4C(=O)[C@H](Cc5ccccc5)NC(=O)[C@H](Cc6cnc[nH]6)NC1=O)C(=O)N,6.41
801,CHEMBL2371964,CCCC[C@H](NC(=O)C)C(=O)N[C@H]1CC(=O)NCCCC[C@H](NC(=O)[C@H](Cc2cc3ccccc3[nH]2)NC(=O)[C@@H]4CCCN4C(=O)[C@H](NC(=O)[C@H](Cc5cnc[nH]5)NC1=O)C(c6ccccc6)c7ccccc7)C(=O)N,5.82
803,CHEMBL227239,CCCC[C@H](NC(=O)C)C(=O)N[C@H]1CC(=O)NCCCC[C@H](NC(=O)[C@H](Cc2cc3ccccc3[nH]2)NC(=O)[C@@H]4CCCN4C(=O)[C@@H](Cc5cc6ccccc6s5)N(CC)C(=O)[C@H](Cc7cnc[nH]7)NC1=O)C(=O)N,6.44
804,CHEMBL376339,CCCC[C@H](NC(=O)C)C(=O)N[C@H]1CC(=O)NCCCC[C@H](NC(=O)[C@H](Cc2cc3ccccc3[nH]2)NC(=O)[C@@H]4CCCN4C(=O)[C@@H](Cc5ccc(Cl)cc5)NC(=O)[C@H](Cc6cnc[nH]6)NC1=O)C(=O)N,5.89
807,CHEMBL227833,CCCC[C@H](NC(=O)C)C(=O)N[C@H]1CC(=O)NCCCC[C@H](NC(=O)[C@H](Cc2cc3ccccc3[nH]2)NC(=O)[C@@H]4CCCN4C(=O)[C@@H](Cc5ccc(cc5)[N+](=O)[O-])NC(=O)[C@H](Cc6cnc[nH]6)NC1=O)C(=O)N,6.11
808,CHEMBL376614,CCCC[C@H](NC(=O)C)C(=O)N[C@H]1CC(=O)NCCCC[C@H](NC(=O)[C@H](Cc2cc3ccccc3[nH]2)NC(=O)[C@@H]4CCCN4C(=O)[C@@H](Cc5ccc(O)cc5)N(CC)C(=O)[C@H](Cc6cnc[nH]6)NC1=O)C(=O)N,6.47
809,CHEMBL228194,CCCC[C@H](NC(=O)C)C(=O)N[C@H]1CC(=O)NCCCC[C@H](NC(=O)[C@H](Cc2cc3ccccc3[nH]2)NC(=O)[C@@H]4CCCN4C(=O)[C@@H](Cc5ccc(O)cc5)N(C)C(=O)[C@H](Cc6cnc[nH]6)NC1=O)C(=O)N,5.59
812,CHEMBL426756,CCCC[C@H](NC(=O)C)C(=O)N[C@H]1CC(=O)NCCCC[C@H](NC(=O)[C@H](Cc2cc3ccccc3[nH]2)NC(=O)[C@@H]4CCCN4C(=O)[C@@H](Cc5c[nH]c6ccccc56)NC(=O)[C@H](Cc7cnc[nH]7)NC1=O)C(=O)N,5.57
813,CHEMBL438294,CCCC[C@H](NC(=O)C)C(=O)N[C@H]1CC(=O)NCCCC[C@H](NC(=O)[C@H](Cc2cc3ccccc3[nH]2)NC(=O)[C@@H]4CCCN4C(=O)[C@@H](Cc5ccc6ccccc6c5)NC(=O)[C@H](Cc7cnc[nH]7)NC1=O)C(=O)N,7.3
848,CHEMBL234629,CCCC[C@H](N)C(=O)N[C@H]1CC(=O)NCCCC[C@H](NC(=O)[C@H](Cc2c[nH]c3ccccc23)NC(=O)[C@H](CCCNC(=N)N)NC(=O)[C@@H](Cc4ccccc4)N5Cc6ccccc6CC(NC1=O)C5=O)C(=O)N,5.54
849,CHEMBL393075,CCCC[C@H](N)C(=O)N[C@H]1CC(=O)NCCCC[C@H](NC(=O)[C@H](Cc2c[nH]c3ccccc23)NC(=O)[C@H](CCCNC(=N)N)NC(=O)[C@@H](Cc4ccc5ccccc5c4)NC(=O)[C@H](Cc6cnc[nH]6)NC1=O)C(=O)N,8.13
851,CHEMBL391796,CCCC[C@H](N)C(=O)N[C@H]1CC(=O)NCCCC[C@H](NC(=O)[C@H](Cc2c[nH]c3ccccc23)NC(=O)[C@H](CCCNC(=N)N)NC(=O)[C@@H](Cc4ccc(Cl)cc4)N5Cc6ccccc6CC(NC1=O)C5=O)C(=O)N,6.91
862,CHEMBL233135,CC(C)CCN(CCC(C)C)C(=O)c1ccc2nc(Nc3ccc(cc3)C(=O)C)n(CCCN4CCCCC4)c2c1,5.66
863,CHEMBL392092,COc1ccc(cc1)C(=O)c2nc3ccc(cc3n2CCCN4CCCCC4)C(=O)N(CCC(C)C)CCC(C)C,5.8
864,CHEMBL233372,CC(C)CCN(CCC(C)C)C(=O)c1ccc2nc(Cc3ccc(cc3)C(=O)C)n(CCCN4CCCCC4)c2c1,5.23
865,CHEMBL233758,CNC(=O)c1ccc(Nc2nc3ccc(cc3n2CCCN4CCCCC4)C(=O)N(CCC(C)C)CCC(C)C)cc1,6.06
866,CHEMBL236650,CC(C)C[C@H](N)c1cc(ccc1N2CCN(CC2)C(=O)[C@@H](Cc3ccc(Cl)cc3Cl)N4CCNCC4=O)C(F)(F)F,6.44
867,CHEMBL439560,CC(C)C[C@H](N)c1cc(ccc1N2CCN(CC2)C(=O)[C@@H](Cc3ccc(Cl)cc3)N4CCCC4=O)C(F)(F)F,6.0
868,CHEMBL236940,CC(C)C[C@H](N)c1cc(ccc1N2CCN(CC2)C(=O)[C@@H](Cc3ccc(Cl)cc3Cl)N4CCCC4=O)C(F)(F)F,6.6
869,CHEMBL236014,CC(C)C[C@H](N)c1cccc(F)c1N2CCN(CC2)C(=O)[C@@H](Cc3ccc(Cl)cc3Cl)NC(=O)CCN,6.62
871,CHEMBL235617,NCC1CCCC(CN(Cc2ccccc2)C(=O)CCCc3c[nH]c4ccccc34)C1,5.06
872,CHEMBL235616,NCC1CCCC(CN(C\C(=C\c2ccccc2)\Cl)C(=O)CCCc3c[nH]c4ccccc34)C1,5.04
873,CHEMBL235382,NC1CCCC(C1)N(Cc2ccccc2)C(=O)CCCc3c[nH]c4ccccc34,4.75
874,CHEMBL393553,NC1CCCC(C1)N(C\C(=C\c2ccccc2)\Cl)C(=O)CCCc3c[nH]c4ccccc34,5.0
875,CHEMBL394669,NC1CCCC(C1)NC(=O)NC2CCCC(C2)N(Cc3ccccc3)C(=O)CCCc4c(Cc5ccc(O)cc5)[nH]c6ccccc46,4.64
876,CHEMBL235162,NC1CCCC(C1)NC(=O)NC2CCCC(C2)N(Cc3ccccc3)C(=O)CCCc4c[nH]c5ccccc45,4.31
877,CHEMBL236226,NC1CCCC(C1)NC(=O)NC2CCCC(C2)N(C\C(=C\c3ccccc3)\Cl)C(=O)CCCc4c[nH]c5ccccc45,4.8
878,CHEMBL238369,N[C@@H]1CC[C@H](CC1)NC(=O)NC2CCCC(C2)N(Cc3ccccc3)C(=O)CCCc4c[nH]c5ccccc45,4.43
879,CHEMBL393552,NCC1CCC(CN(Cc2ccccc2)C(=O)CCCc3c[nH]c4ccccc34)CC1,4.75
880,CHEMBL238368,NCC1CCC(CN(C\C(=C\c2ccccc2)\Cl)C(=O)CCCc3c[nH]c4ccccc34)CC1,4.96
881,CHEMBL238367,N[C@@H]1CC[C@H](CC1)N(Cc2ccccc2)C(=O)CCCc3c[nH]c4ccccc34,4.4
882,CHEMBL238159,N[C@@H]1CC[C@H](CC1)N(C\C(=C\c2ccccc2)\Cl)C(=O)CCCc3c[nH]c4ccccc34,5.0
883,CHEMBL238158,NC1CCCC(C1)NC(=O)N[C@@H]2CC[C@H](CC2)N(Cc3ccccc3)C(=O)CCCc4c[nH]c5ccccc45,4.28
885,CHEMBL398980,NCCCN1CCN(CCCN(Cc2ccccc2)C(=O)CCCc3c[nH]c4ccccc34)CC1,4.66
886,CHEMBL398777,NCCCN1CCN(CCCN(C\C(=C\c2ccccc2)\Cl)C(=O)CCCc3c[nH]c4ccccc34)CC1,5.18
887,CHEMBL238154,CC1CC(CC2CCC(C(C)C2)N(Cc3ccccc3)C(=O)CCCc4c[nH]c5ccccc45)CCC1N,5.25
891,CHEMBL238153,CC1CC(CC2CCC(C(C)C2)N(C\C(=C\c3ccccc3)\Cl)C(=O)CCCc4c[nH]c5ccccc45)CCC1N,5.32
894,CHEMBL237930,NCc1ccc(CN(C\C=C\c2ccccc2)C(=O)CCCc3c[nH]c4ccccc34)cc1,5.01
895,CHEMBL236645,NCc1ccc(CN(Cc2ccc3ccccc3c2)C(=O)CCCc4c[nH]c5ccccc45)cc1,4.77
896,CHEMBL392521,NCc1cccc(CN(Cc2ccccc2)C(=O)CCCc3c[nH]c4ccccc34)c1,4.5
897,CHEMBL236443,NCc1cccc(CN(Cc2ccc3ccccc3c2)C(=O)CCCc4c[nH]c5ccccc45)c1,5.19
898,CHEMBL236442,NC(=N)NC1CCC(CC2CCC(CC2)N(C\C=C\c3ccccc3)C(=O)CCCc4c[nH]c5ccccc45)CC1,4.43
899,CHEMBL393350,NC(=N)NC1CCC(CC2CCC(CC2)N(Cc3ccccc3)C(=O)CCCc4c[nH]c5ccccc45)CC1,5.59
900,CHEMBL236020,NC(=N)NC1CCC(CC2CCC(CC2)N(C\C(=C\c3ccccc3)\Cl)C(=O)CCCc4c[nH]c5ccccc45)CC1,4.57
902,CHEMBL236022,NC(=N)NCCCCN(Cc1ccc2ccccc2c1)C(=O)CCCc3c[nH]c4ccccc34,4.96
903,CHEMBL235802,NC(=N)NCCCCN(Cc1ccc2ccccc2c1)C(=O)CCc3c[nH]c4ccccc34,4.68
904,CHEMBL393532,NC(=N)NCCCCN(Cc1ccc2ccccc2c1)C(=O)Cc3c[nH]c4ccccc34,4.8
905,CHEMBL238149,NC(=N)NCCCN(Cc1ccc2ccccc2c1)C(=O)CCCc3c[nH]c4ccccc34,5.22
906,CHEMBL235798,NC(=N)NCCCN(Cc1ccc2ccccc2c1)C(=O)CCc3c[nH]c4ccccc34,4.89
907,CHEMBL235592,NC(=N)NCCCN(Cc1ccc2ccccc2c1)C(=O)Cc3c[nH]c4ccccc34,4.55
908,CHEMBL235590,NC(=N)NCCN(Cc1ccc2ccccc2c1)C(=O)CCCc3c[nH]c4ccccc34,5.08
909,CHEMBL235147,NC(=N)NCCN(Cc1ccc2ccccc2c1)C(=O)CCc3c[nH]c4ccccc34,4.77
910,CHEMBL238353,NC(=N)NCCN(Cc1ccc2ccccc2c1)C(=O)Cc3c[nH]c4ccccc34,4.82
911,CHEMBL394075,COc1cc(Br)c(CN([C@@H]2CC[C@H](C[C@@H]3CC[C@@H](N)CC3)CC2)C(=O)CCCc4c(Cc5ccc(O)cc5)[nH]c6ccccc46)cc1OC,5.04
912,CHEMBL394074,COc1cc(Br)c(CN([C@@H]2CC[C@H](C[C@@H]3CC[C@H](N)CC3)CC2)C(=O)CCCc4c[nH]c5ccccc45)cc1OC,5.16
913,CHEMBL238144,NC1CCC(CC2CCC(CC2)N(C\C=C\c3ccccc3)C(=O)CCCc4c[nH]c5ccccc45)CC1,5.11
914,CHEMBL237920,N[C@@H]1CC[C@@H](C[C@@H]2CC[C@H](CC2)N(C\C(=C\c3ccccc3)\Cl)C(=O)CCCc4c[nH]c5ccccc45)CC1,5.08
916,CHEMBL393568,NC1CCC(CC2CCC(CC2)N(C3CCc4ccccc4C3)C(=O)CCCc5c[nH]c6ccccc56)CC1,4.36
917,CHEMBL237702,NC1CCC(CC2CCC(CC2)N(C\C(=C\c3ccccc3)\Cl)C(=O)COc4ccc5ccccc5c4)CC1,5.17
919,CHEMBL236861,NC1CCC(CC2CCC(CC2)N(C\C(=C\c3ccccc3)\Cl)C(=O)CCCc4c[nH]c5ccccc45)CC1,5.5
923,CHEMBL235582,NC1CCC(CC2CCC(CC2)N(CC(=C)Br)C(=O)CCCc3c[nH]c4ccccc34)CC1,5.26
927,CHEMBL394073,NC1CCC(CC2CCC(CC2)N(Cc3c(F)cccc3F)C(=O)CCCc4c(Cc5ccc(O)cc5)[nH]c6ccccc46)CC1,4.68
928,CHEMBL235359,NC1CCC(CC2CCC(CC2)N(Cc3c(F)cccc3F)C(=O)CCCc4c[nH]c5ccccc45)CC1,4.08
929,CHEMBL237698,NC1CCC(CC2CCC(CC2)N(Cc3c(Cl)cccc3Cl)C(=O)CCCc4c(Cc5ccc(O)cc5)[nH]c6ccccc46)CC1,4.66
930,CHEMBL399811,NC1CCC(CC2CCC(CC2)N(Cc3c(Cl)cccc3Cl)C(=O)CCCc4c[nH]c5ccccc45)CC1,5.14
931,CHEMBL237689,NC1CCC(CC2CCC(CC2)N(Cc3ccc(cc3)C#N)C(=O)CCCc4c(Cc5ccc(O)cc5)[nH]c6ccccc46)CC1,4.68
932,CHEMBL399810,NC1CCC(CC2CCC(CC2)N(Cc3ccc(cc3)C#N)C(=O)CCCc4c[nH]c5ccccc45)CC1,5.41
934,CHEMBL413982,NC1CCC(CC2CCC(CC2)N(Cc3c(F)cccc3Cl)C(=O)CCCc4c(Cc5ccc(O)cc5)[nH]c6ccccc46)CC1,4.82
935,CHEMBL235358,NC1CCC(CC2CCC(CC2)N(CCc3c(F)cccc3Cl)C(=O)CCCc4c[nH]c5ccccc45)CC1,5.28
936,CHEMBL396111,COc1cc(Cl)c(CN(C2CCC(CC3CCC(N)CC3)CC2)C(=O)CCCc4c(Cc5ccc(O)cc5)[nH]c6ccccc46)cc1OC,4.96
937,CHEMBL397550,COc1cc(Cl)c(CN(C2CCC(CC3CCC(N)CC3)CC2)C(=O)CCCc4c[nH]c5ccccc45)cc1OC,5.05
939,CHEMBL236626,NC1CCC(CC2CCC(CC2)N(Cc3ccccc3Cl)C(=O)CCCc4c(Cc5ccc(O)cc5)[nH]c6ccccc46)CC1,4.01
940,CHEMBL235140,NC1CCC(CC2CCC(CC2)N(Cc3ccccc3Cl)C(=O)CCCc4c[nH]c5ccccc45)CC1,5.28
941,CHEMBL236002,COc1cc(Br)c(\C=C\CN(C2CCC(CC3CCC(N)CC3)CC2)C(=O)CCCc4c(Cc5ccc(O)cc5)[nH]c6ccccc46)cc1OC,4.75
943,CHEMBL238345,COc1cc(O)ccc1\C=C\CN(C2CCC(CC3CCC(N)CC3)CC2)C(=O)CCCc4c[nH]c5ccccc45,4.96
945,CHEMBL237688,COc1ccc(CN(C2CCC(CC3CCC(N)CC3)CC2)C(=O)CCCc4c(Cc5ccc(O)cc5)[nH]c6ccccc46)cc1Br,4.64
947,CHEMBL393753,NC1CCC(CC2CCC(CC2)N(Cc3ccccn3)C(=O)CCCc4c[nH]c5ccccc45)CC1,4.31
948,CHEMBL237502,COc1ccccc1\C=C\CN(C2CCC(CC3CCC(N)CC3)CC2)C(=O)CCCc4c[nH]c5ccccc45,5.3
950,CHEMBL237714,NC1CCC(CC2CCC(CC2)N(Cc3ccccc3Br)C(=O)CCCc4c[nH]c5ccccc45)CC1,5.04
951,CHEMBL394667,Cc1ccc(CN(C2CCC(CC3CCC(N)CC3)CC2)C(=O)CCCc4c(Cc5ccc(O)cc5)[nH]c6ccccc46)cc1,5.66
952,CHEMBL237504,Cc1ccc(CN(C2CCC(CC3CCC(N)CC3)CC2)C(=O)CCCc4c[nH]c5ccccc45)cc1,5.0
953,CHEMBL236639,Cc1ccccc1CN(C2CCC(CC3CCC(N)CC3)CC2)C(=O)CCCc4c(Cc5ccc(O)cc5)[nH]c6ccccc46,5.36
954,CHEMBL391944,Cc1ccccc1CN(C2CCC(CC3CCC(N)CC3)CC2)C(=O)CCCc4c[nH]c5ccccc45,4.82
955,CHEMBL394646,Cc1cccc(CN(C2CCC(CC3CCC(N)CC3)CC2)C(=O)CCCc4c(Cc5ccc(O)cc5)[nH]c6ccccc46)c1,4.8
956,CHEMBL237291,Cc1cccc(CN(C2CCC(CC3CCC(N)CC3)CC2)C(=O)CCCc4c[nH]c5ccccc45)c1,4.92
957,CHEMBL394645,CSc1ccc(CN(C2CCC(CC3CCC(N)CC3)CC2)C(=O)CCCc4c(Cc5ccc(O)cc5)[nH]c6ccccc46)cc1,5.05
958,CHEMBL237290,CSc1ccc(CN(C2CCC(CC3CCC(N)CC3)CC2)C(=O)CCCc4c[nH]c5ccccc45)cc1,4.07
959,CHEMBL445669,COC(=O)c1ccc(CN(C2CCC(CC3CCC(N)CC3)CC2)C(=O)CCCc4c(Cc5ccc(O)cc5)[nH]c6ccccc46)cc1,5.17
960,CHEMBL393994,COC(=O)c1ccc(CN(C2CCC(CC3CCC(N)CC3)CC2)C(=O)CCCc4c[nH]c5ccccc45)cc1,5.02
961,CHEMBL394394,NC1CCC(CC2CCC(CC2)N(Cc3ccccc3F)C(=O)CCCc4c(Cc5ccc(O)cc5)[nH]c6ccccc46)CC1,4.44
962,CHEMBL237070,NC1CCC(CC2CCC(CC2)N(Cc3ccccc3F)C(=O)CCCc4c[nH]c5ccccc45)CC1,5.14
963,CHEMBL235589,CCOc1cc(CN(C2CCC(CC3CCC(N)CC3)CC2)C(=O)CCCc4c(Cc5ccc(O)cc5)[nH]c6ccccc46)ccc1OC,4.92
964,CHEMBL429451,CCOc1cc(CN(C2CCC(CC3CCC(N)CC3)CC2)C(=O)CCCc4c[nH]c5ccccc45)ccc1OC,5.02
965,CHEMBL235176,COc1ccc(CN(C2CCC(CC3CCC(N)CC3)CC2)C(=O)CCCc4c(Cc5ccc(O)cc5)[nH]c6ccccc46)cc1OC,4.96
966,CHEMBL237069,COc1ccc(CN(C2CCC(CC3CCC(N)CC3)CC2)C(=O)CCCc4c[nH]c5ccccc45)cc1OC,5.08
968,CHEMBL236649,NCCCCCCCCN(C\C=C\c1ccccc1)C(=O)CCc2c[nH]c3ccccc23,4.4
969,CHEMBL236640,NCCCCCCCN(Cc1ccccc1)C(=O)CCCc2c[nH]c3ccccc23,5.5
970,CHEMBL410179,NCCCCCCCN(C\C(=C\c1ccccc1)\Cl)C(=O)CCCc2c[nH]c3ccccc23,4.54
971,CHEMBL392316,CC(CN(CCCCCCN)C(=O)c1cc2cc(O)ccc2[nH]1)Cc3ccccc3,4.51
972,CHEMBL236638,NCCCCCCN(Cc1ccccc1)C(=O)CCCc2c(Cc3ccc(O)cc3)[nH]c4ccccc24,5.68
973,CHEMBL392315,NCCCCCCN(Cc1ccccc1)C(=O)CCCc2c[nH]c3ccccc23,5.42
974,CHEMBL236847,C\C(=C/c1ccccc1)\CN(CCCCCCN)C(=O)c2cc3cc(O)ccc3[nH]2,4.7
975,CHEMBL393919,NCCCCCCN(C\C(=C\c1ccccc1)\Cl)C(=O)CCCc2c[nH]c3ccccc23,4.68
976,CHEMBL235356,NCCCCCN(C1CCC2(CCC=CC2)CC1)C(=O)COc3ccc4ccccc4c3,5.1
977,CHEMBL393383,NCCCCCN(Cc1ccccc1)C(=O)[C@@H](N)Cc2c[nH]c3ccccc23,4.27
979,CHEMBL235138,NCCCCCN(Cc1ccccc1)C(=O)CCCc2c(Cc3ccc(O)cc3)[nH]c4ccccc24,5.29
980,CHEMBL235137,NCCCCCN(Cc1ccccc1)C(=O)CCCc2c[nH]c3ccccc23,5.34
981,CHEMBL235136,NCCCCCN(Cc1ccccc1)C(=O)[C@H](N)Cc2ccc(cc2)c3ccccc3,4.7
983,CHEMBL238342,NCCCCCN(Cc1ccccc1)C(=O)[C@@H](N)Cc2ccc3ccccc3c2,4.47
984,CHEMBL238341,NCCCCCN(Cc1ccccc1)C(=O)[C@H](N)Cc2ccc3ccccc3c2,4.62
985,CHEMBL391707,CCN(CC)c1ccc(CN(CCCCCN)C(=O)CCCc2c[nH]c3ccccc23)cc1,4.47
986,CHEMBL238136,C\C(=C\c1ccccc1)\CN(CCCCCN)C(=O)\C=C\c2c[nH]c3ccccc23,4.77
987,CHEMBL238135,C\C(=C\c1ccccc1)\CN(CCCCCN)C(=O)CCCc2c[nH]c3ccccc23,5.06
988,CHEMBL238134,NCCCCCN(C\C(=C/c1ccccc1)\Cl)C(=O)\C=C\c2c[nH]c3ccccc23,5.27
989,CHEMBL391706,NCCCCCN(C\C(=C/c1ccccc1)\Cl)C(=O)CCCc2c[nH]c3ccccc23,4.55
990,CHEMBL237912,NCCCCCN(C\C=C/c1ccccc1)C(=O)CCCc2c[nH]c3ccccc23,5.66
991,CHEMBL237911,NCCCCCN(C\C=C/c1ccccc1)C(=O)CCc2c(Cc3ccc(O)cc3)[nH]c4ccccc24,5.17
992,CHEMBL237910,NCCCCCN(C\C=C\c1ccccc1)C(=O)CCc2c[nH]c3ccccc23,5.1
994,CHEMBL237694,NCCCCCN(Cc1ccc2OCOc2c1)C(=O)CCCc3c[nH]c4ccccc34,4.64
995,CHEMBL237693,NCCCCCN(C1CCCCCC1)C(=O)Cc2c[nH]c3ccccc23,4.46
996,CHEMBL237692,CC(N(CCCCCN)C(=O)Cc1c[nH]c2ccccc12)c3ccc(cc3)C(F)(F)F,4.96
997,CHEMBL393558,NCCCCCN(CCc1ccc2ccccc2c1)C(=O)Cc3c[nH]c4ccccc34,5.1
998,CHEMBL237483,NCCCCCN(C1C2CC3CC(CC1C3)C2)C(=O)CCCc4c[nH]c5ccccc45,4.34
999,CHEMBL393557,NCCCCCN(CCCc1ccccc1)C(=O)CCCc2c[nH]c3ccccc23,4.72
1000,CHEMBL237052,NCCCCCN(CCCc1ccccc1)C(=O)Cc2c[nH]c3ccccc23,5.1
1001,CHEMBL237051,NCCCCCN(Cc1ccc2ccccc2c1)C(=O)CCCc3c[nH]c4ccccc34,4.47
1002,CHEMBL393359,NCCCCCN(Cc1ccc2ccccc2c1)C(=O)CCc3c[nH]c4ccccc34,5.14
1003,CHEMBL236842,NCCCCCN(Cc1ccc2ccccc2c1)C(=O)Cc3c[nH]c4ccccc34,5.28
1004,CHEMBL236841,NCCCCN(Cc1ccccc1)C(=O)CCCc2c(Cc3ccc(O)cc3)[nH]c4ccccc24,5.34
1005,CHEMBL438334,NCCCCN(Cc1ccccc1)C(=O)CCCc2c[nH]c3ccccc23,4.7
1006,CHEMBL236840,COc1ccc2c(c1)c(CC(=O)N(CCCCN)C\C(=C\c3ccccc3)\C)c(C)n2C(=O)c4ccc(Cl)cc4,4.25
1007,CHEMBL236630,NCCCCN(C\C(=C\c1ccccc1)\Cl)C(=O)CCCc2c[nH]c3ccccc23,4.07
1008,CHEMBL392096,NCCCCN(C\C=C\c1ccccc1)C(=O)CCc2c[nH]c3ccccc23,5.0
1011,CHEMBL392094,COc1ccc2c(c1)c(CC(=O)N(CCCCN)C34CC5CC(CC(C5)C3)C4)c(C)n2C(=O)c6ccc(Cl)cc6,4.46
1012,CHEMBL236003,CCC(N(CCCCN)C(=O)CCc1c[nH]c2ccccc12)c3ccccc3,4.89
1013,CHEMBL237687,NCCCCN(Cc1ccc2ccccc2c1)C(=O)Cc3c[nH]c4ccccc34,4.8
1014,CHEMBL393125,NCCCCN(Cc1ccc2ccccc2c1)C(=O)c3c[nH]c4ccccc34,4.75
1015,CHEMBL396341,NCCCN(Cc1ccccc1)C(=O)CCCc2c[nH]c3ccccc23,4.6
1017,CHEMBL235627,NCCCN(C1CCc2ccccc2C1)C(=O)\C=C\c3c[nH]c4ccccc34,4.92
1018,CHEMBL393755,NCCCN(C1CCc2ccccc2C1)C(=O)Cc3c[nH]c4ccccc34,4.6
1019,CHEMBL238180,NCCCN(C1CCc2ccccc2C1)C(=O)c3c[nH]c4ccccc34,4.64
1020,CHEMBL394647,C\C(=C/c1ccccc1)\CN(CCCN)C(=O)CCCc2cccs2,4.04
1021,CHEMBL235815,C\C(=C/c1ccccc1)\CN(CCCN)C(=O)C(=O)c2c[nH]c3ccccc23,4.24
1022,CHEMBL396303,C\C(=C/c1ccccc1)\CN(CCCN)C(=O)Cc2c[nH]c3ccccc23,4.05
1023,CHEMBL391823,C\C(=C/c1ccccc1)\CN(CCCN)C(=O)c2c[nH]c3ccccc23,6.03
1024,CHEMBL237937,NCCCN(C\C(=C\c1ccccc1)\Cl)C(=O)C(=O)c2c[nH]c3ccccc23,5.37
1025,CHEMBL237935,NCCCN(C\C(=C\c1ccccc1)\Cl)C(=O)CCCc2c[nH]c3ccccc23,4.51
1026,CHEMBL392223,NCCCN(C\C=C\c1ccccc1)C(=O)Cc2ccc3ccccc3c2,5.0
1027,CHEMBL399624,NCCCN(C\C=C\c1ccccc1)C(=O)C(=O)c2c[nH]c3ccccc23,5.31
1028,CHEMBL393918,NCCCN(C\C=C\c1ccccc1)C(=O)CCc2c[nH]c3ccccc23,4.96
1029,CHEMBL237957,NCCCN(C\C=C\c1ccccc1)C(=O)c2c[nH]c3ccccc23,4.92
1030,CHEMBL237743,NCCCN(CCCc1ccccc1)C(=O)Cc2c[nH]c3ccccc23,4.89
1031,CHEMBL237530,NCCCN(CCc1ccccc1)C(=O)CCCc2c[nH]c3ccccc23,4.48
1032,CHEMBL394149,CC(N(CCCN)C(=O)CCCc1c[nH]c2ccccc12)c3csc4ccccc34,4.26
1034,CHEMBL237315,NCCCN(Cc1ccc2ccccc2c1)C(=O)CCCc3c[nH]c4ccccc34,4.64
1035,CHEMBL237314,NCCCN(Cc1ccc2ccccc2c1)C(=O)Cc3c[nH]c4ccccc34,4.92
1036,CHEMBL237094,NCCN(C1CCC2(CCCCC2)CC1)C(=O)[C@H](N)Cc3ccc(Cl)cc3,5.5
1037,CHEMBL396638,NCCN(C1CCC2(CCCCC2)CC1)C(=O)COc3ccc4ccccc4c3,5.47
1038,CHEMBL428903,NCCN(C1CCC2(CCCCC2)CC1)C(=O)CCCc3c[nH]c4ccccc34,4.92
1040,CHEMBL237299,NCCN(C1CCc2ccccc2C1)C(=O)Cc3ccc4ccccc4c3,4.6
1041,CHEMBL237079,NCCN(C1CCc2ccccc2C1)C(=O)Cc3c[nH]c4ccccc34,4.54
1042,CHEMBL237719,NCCN(C\C=C\c1ccccc1)C(=O)CCc2c[nH]c3ccccc23,4.89
1043,CHEMBL236450,CC(N(CCN)C(=O)Cc1c[nH]c2ccccc12)c3ccc4ccccc4c3,4.72
1044,CHEMBL396655,NCCN(CCCc1ccccc1)C(=O)CCc2c[nH]c3ccccc23,4.7
1045,CHEMBL236447,NCCN(Cc1ccc2ccccc2c1)C(=O)Cc3c[nH]c4ccccc34,4.75
1046,CHEMBL235797,NCCN(Cc1ccc2ccccc2c1)C(=O)c3c[nH]c4ccccc34,4.57
1068,CHEMBL236803,NC1CCC(CC2CCC(CC2)N(C\C(=C\c3ccccc3)\Cl)C(=O)c4cc5cc(OCc6ccccc6)ccc5[nH]4)CC1,4.92
1070,CHEMBL393576,CC(C)C[C@H](NCCN)c1cccc(F)c1N2CCN(CC2)C(=O)[C@@H](Cc3ccc(Cl)cc3Cl)N4CCCC4=O,6.07
1071,CHEMBL236521,CC(C)C[C@H](NC(=O)CCN(C)C)c1cc(C)ccc1N2CCN(CC2)C(=O)[C@@H](Cc3ccc(Cl)cc3Cl)N4CCCC4=O,6.28
1072,CHEMBL397580,CC(C)C[C@H](NC(=O)CCN)c1cccc(F)c1N2CCN(CC2)C(=O)[C@@H](Cc3ccc(Cl)cc3Cl)N4CCCC4=O,5.89
1073,CHEMBL240571,CNCC(=O)N[C@@H](C(C)C)c1cc(C)ccc1N2CCN(CC2)C(=O)[C@H](C)Cc3ccc(Cl)cc3F,6.75
1074,CHEMBL240364,CC(C)[C@H](NC(=O)CCN)c1cc(C)ccc1N2CCN(CC2)C(=O)[C@H](C)Cc3ccc(Cl)cc3,6.5
1075,CHEMBL240780,CNCCC(=O)N[C@@H](C(C)C)c1cc(C)ccc1N2CCN(CC2)C(=O)[C@H](C)Cc3ccc(Cl)cc3,6.44
1076,CHEMBL427860,CC(C)[C@H](NC(=O)CCN(C)C)c1cc(C)ccc1N2CCN(CC2)C(=O)[C@H](C)Cc3ccc(Cl)cc3,6.47
1077,CHEMBL391902,CC(C)[C@H](N)c1cc(C)ccc1N2CCN(CC2)C(=O)[C@@H]3CN(C[C@H]3c4ccc(Cl)cc4)C5CCOCC5,6.62
1078,CHEMBL237976,CC(C)[C@H](N)c1cc(C)ccc1N2CCN(CC2)C(=O)[C@H]3CN(C[C@@H]3c4ccc(Cl)cc4)C5CCOCC5,6.42
1083,CHEMBL235556,CC(C)C[C@H](NC(=O)CCN(C)C)c1cc(C)ccc1N2CCN(CC2)C(=O)[C@H](C)Cc3ccc(Cl)cc3,6.15
1084,CHEMBL266647,CC(C)C[C@H](NC(=O)CCN(C)C)c1cc(Cl)ccc1N2CCN(CC2)C(=O)[C@H](C)Cc3ccc(Cl)cc3,6.22
1086,CHEMBL393584,CC(C)C[C@@H](NC(=O)CCN(C)C)c1ccc(C)nc1N2CCN(CC2)C(=O)[C@H](C)Cc3ccc(Cl)cc3Cl,5.92
1087,CHEMBL251735,Clc1ccc(C[C@H](NC(=O)[C@H]2Cc3ccccc3CN2)C(=O)N4CCC(CC#N)(CC4)C5CCCCC5)cc1,6.19
1089,CHEMBL399715,Cn1nnnc1CC2(CCN(CC2)C(=O)[C@H](Cc3ccc(Cl)cc3)NC(=O)[C@H]4Cc5ccccc5CN4)C6CCOCC6,5.53
1091,CHEMBL399714,Cn1nnnc1CC2(CCN(CC2)C(=O)[C@H](Cc3ccc(Cl)cc3)NC(=O)[C@H]4Cc5ccccc5CN4)c6ccc(Cl)cc6,6.28
1093,CHEMBL398487,Cn1nnnc1CC2(Cc3ccccc3)CCN(CC2)C(=O)[C@H](Cc4ccc(Cl)cc4)NC(=O)[C@H]5Cc6ccccc6CN5,5.75
1095,CHEMBL249277,CCCCCCC1(Cc2nnnn2C)CCN(CC1)C(=O)[C@H](Cc3ccc(Cl)cc3)NC(=O)[C@H]4Cc5ccccc5CN4,6.17
1096,CHEMBL400456,CCC(C)C1(Cc2nnnn2C)CCN(CC1)C(=O)[C@H](Cc3ccc(Cl)cc3)NC(=O)[C@H]4Cc5ccccc5CN4,6.6
1098,CHEMBL400252,Cn1nnnc1CC2(CC(C)(C)C)CCN(CC2)C(=O)[C@H](Cc3ccc(Cl)cc3)NC(=O)[C@H]4Cc5ccccc5CN4,6.42
1100,CHEMBL398816,CC(C)CC1(Cc2nnnn2C)CCN(CC1)C(=O)[C@H](Cc3ccc(Cl)cc3)NC(=O)[C@H]4Cc5ccccc5CN4,6.18
1102,CHEMBL250508,Cn1nnnc1CC2(CCN(CC2)C(=O)[C@H](Cc3ccc(Cl)cc3)NC(=O)[C@H]4Cc5ccccc5CN4)C6CCCCC6,6.65
1104,CHEMBL248893,Clc1ccc(C[C@H](NC(=O)[C@H]2Cc3ccccc3CN2)C(=O)N4CCC(CC#N)(CC4)C5CCCC5)cc1,6.2
1106,CHEMBL248892,CC(C)C1(CC#N)CCN(CC1)C(=O)[C@H](Cc2ccc(Cl)cc2)NC(=O)[C@H]3Cc4ccccc4CN3,5.96
1108,CHEMBL248701,CCCCC1(CC#N)CCN(CC1)C(=O)[C@H](Cc2ccc(Cl)cc2)NC(=O)[C@H]3Cc4ccccc4CN3,6.32
1127,CHEMBL248671,CN1CCN[C@H](C1)C(=O)N[C@@H](Cc2ccc(F)cc2)C(=O)N3CCC(CC3)(C(=O)NC(C)(C)C)C4(C)CCCCC4,5.7
1129,CHEMBL249322,CN1CCN[C@H](C1)C(=O)N[C@@H](Cc2ccc(F)cc2)C(=O)N3CCC(CC3)(C4CCC(C)(C)CC4)C(=O)NC(C)(C)C,5.95
1131,CHEMBL249321,CC1CCC(CC1)C2(CCN(CC2)C(=O)[C@H](Cc3ccc(F)cc3)NC(=O)[C@H]4CN(C)CCN4)C(=O)NC(C)(C)C,6.05
1133,CHEMBL249319,CN1CCN[C@H](C1)C(=O)N[C@@H](Cc2ccc(F)cc2)C(=O)N3CCC(CC3)(C4CCCCC4)C(=O)NC(C)(C)C,6.01
1148,CHEMBL398635,NC(=N)NCCC[C@@H]1NC(=O)[C@@H](Cc2ccc3ccccc3c2)NC(=O)[C@@H]4CCCN4C(=O)\C=C/C(=O)NCCCC[C@H](NC(=O)[C@H](Cc5c[nH]c6ccccc56)NC1=O)C(=O)N,6.92
1149,CHEMBL400866,NC(=N)NCCC[C@@H]1NC(=O)[C@@H](Cc2ccccc2)NC(=O)[C@@H]3CCCN3C(=O)\C=C/C(=O)NCCCC[C@H](NC(=O)[C@H](Cc4c[nH]c5ccccc45)NC1=O)C(=O)N,6.1
1151,CHEMBL398664,NC(=N)NCCC[C@@H]1NC(=O)[C@@H](Cc2ccccc2)NC(=O)[C@@H]3CCCN3C(=O)CCCNCCCC[C@H](NC(=O)[C@H](Cc4c[nH]c5ccccc45)NC1=O)C(=O)N,6.06
1152,CHEMBL253788,NC(=N)NCCC[C@@H]1NC(=O)[C@@H](Cc2ccc3ccccc3c2)NC(=O)[C@@H]4CCCN4C(=O)c5ccccc5C(=O)NCCCC[C@H](NC(=O)[C@H](Cc6c[nH]c7ccccc67)NC1=O)C(=O)N,6.68
1174,CHEMBL272538,CC(C)[C@H](NC(=O)CCN(C)C)c1cc(C)ccc1N2CCN(CC2)C(=O)[C@@H]3CN(C[C@H]3c4ccc(Cl)cc4)C5CCOCC5,6.1
1175,CHEMBL403806,CC(C)[C@H](NC(=O)CCN(C)C)c1cc(C)ccc1N2CCN(CC2)C(=O)[C@H]3CN(C[C@@H]3c4ccc(Cl)cc4)C5CCOCC5,6.28
1176,CHEMBL254589,CC[C@H](NC(=O)C)c1cc(Cl)ccc1C2CCN(CC2)C(=O)[C@@H]3CN(C[C@H]3c4ccc(Cl)cc4F)C(C)(C)C,6.89
1179,CHEMBL403420,CC[C@H](NC(=O)C)c1cc(Cl)ccc1C2CCN(CC2)C(=O)[C@@H]3CN(C[C@H]3c4ccc5ccccc5c4)C(C)(C)C,6.17
1180,CHEMBL402769,CC[C@H](NC(=O)C)c1cc(Cl)ccc1C2CCN(CC2)C(=O)[C@H]3CN(C[C@@H]3c4ccc(cc4)C(F)(F)F)C(C)(C)C,6.35
1181,CHEMBL257759,CC[C@H](NC(=O)C)c1cc(Cl)ccc1C2CCN(CC2)C(=O)[C@@H]3CN(C[C@H]3c4ccc(OC)cc4F)C(C)(C)C,6.69
1183,CHEMBL255286,CC[C@H](NC(=O)C)c1cc(Cl)ccc1C2CCN(CC2)C(=O)[C@H]3CN(C[C@@H]3c4ccc(Br)cc4F)C(C)(C)C,6.55
1184,CHEMBL254757,CC[C@H](NC(=O)C)c1cc(Cl)ccc1C2CCN(CC2)C(=O)[C@H]3CN(C[C@@H]3c4ccc(Cl)cc4Cl)C(C)(C)C,6.61
1196,CHEMBL504986,NC(=N)NCCC[C@@H]1NC(=O)[C@@H](Cc2ccccc2)NC(=O)[C@H](Cc3cnc[nH]3)NC(=O)c4cc(ccc4SC[C@H](NC(=O)[C@H](Cc5c[nH]c6ccccc56)NC1=O)C(=O)N)[N+](=O)[O-],6.72
1200,CHEMBL506274,NC(=N)NCCC[C@@H]1NC(=O)[C@@H](Cc2ccccc2)NC(=O)[C@H](Cc3cnc[nH]3)NC(=O)c4cc(ccc4SC[C@H](NC(=O)[C@H](Cc5ccc6ccccc6c5)NC1=O)C(=O)N)[N+](=O)[O-],6.47
1201,CHEMBL508816,NC(=N)NCCC[C@@H]1NC(=O)[C@H](Cc2ccc3ccccc3c2)NC(=O)[C@H](Cc4cnc[nH]4)NC(=O)c5cc(ccc5SC[C@H](NC(=O)[C@H](Cc6c[nH]c7ccccc67)NC1=O)C(=O)N)[N+](=O)[O-],6.89
1202,CHEMBL448081,NC(=N)NCCC[C@@H]1NC(=O)[C@@H](Cc2ccc3ccccc3c2)NC(=O)[C@H](Cc4cnc[nH]4)NC(=O)c5cc(ccc5SC[C@H](NC(=O)[C@H](Cc6c[nH]c7ccccc67)NC1=O)C(=O)N)[N+](=O)[O-],6.12
1205,CHEMBL449124,NC(=N)NCCC[C@@H]1NC(=O)[C@@H](Cc2ccccc2)NC(=O)C3(Cc4ccccc4C3)NC(=O)c5cc(ccc5SC[C@H](NC(=O)[C@H](Cc6c[nH]c7ccccc67)NC1=O)C(=O)N)[N+](=O)[O-],6.25
1254,CHEMBL511826,CC(C)CC(N)c1ccccc1N2CCN(CC2)C(=O)[C@@H](Cc3ccc(Cl)cc3Cl)NC(=O)CCN,6.27
1255,CHEMBL454900,CCC(O)(CC)c1ccccc1N2CCN(CC2)C(=O)[C@@H](Cc3ccc(Cl)cc3Cl)NC(=O)CN(C)C,6.02
1256,CHEMBL454916,CC(C)CC(O)c1ccccc1N2CCN(CC2)C(=O)[C@@H](Cc3ccc(Cl)cc3Cl)NC(=O)CN(C)C,6.27
1257,CHEMBL471340,CNCC(=O)N[C@H](Cc1ccc(Cl)cc1Cl)C(=O)N2CCN(CC2)c3ccccc3C(O)CC(C)C,5.75
1258,CHEMBL513404,CC(C)CC(O)c1ccccc1N2CCN(CC2)C(=O)[C@@H](Cc3ccc(Cl)cc3Cl)NC(=O)CCN,6.01
1259,CHEMBL460942,CC(C)CC(=O)c1ccccc1N2CCN(CC2)C(=O)[C@@H](Cc3ccc(Cl)cc3Cl)NC(=O)CCN,6.48
1260,CHEMBL467771,CNCC(=O)N[C@@H](C(C)C)c1cccc(F)c1N2CCN(CC2)C(=O)[C@H](C)Cc3ccc(Cl)cc3,5.96
1261,CHEMBL498150,CC(C)[C@H](NC(=O)C1CN(C)C1)c2cc(Cl)ccc2N3CCN(CC3)C(=O)[C@H](C)Cc4ccc(Cl)cc4,6.4
1262,CHEMBL467588,CC(C)[C@H](NC(=O)CCN(C)C)c1cc(Cl)ccc1N2CCN(CC2)C(=O)[C@H](C)Cc3ccc(Cl)cc3,6.41
1265,CHEMBL525177,CNCC(=O)N[C@@H](C(C)C)c1cc(Cl)ccc1N2CCN(CC2)C(=O)[C@H](C)Cc3ccc(Cl)cc3,6.96
1270,CHEMBL497746,CC(C)[C@H](NC(=O)CCN(C)C)c1cccc(F)c1N2CCN(CC2)C(=O)[C@H](C)Cc3ccc(Cl)cc3,5.96
1275,CHEMBL501592,CCCC[C@H](NC(=O)C)C(=O)N[C@H]1CC(=O)NCCCC[C@H](NC(=O)[C@H](Cc2c[nH]c3ccccc23)NC(=O)[C@H](CCCNC(=N)N)NC(=O)[C@@H](Cc4ccc5ccccc5c4)NC(=O)[C@@H]6C[C@H](CN6C1=O)NC(=N)N)C(=O)N,9.52
1277,CHEMBL500743,CCCC[C@H](NC(=O)C)C(=O)N[C@H]1CC(=O)NCCCC[C@H](NC(=O)[C@H](Cc2c[nH]c3ccccc23)NC(=O)[C@H](CCCNC(=N)N)NC(=O)[C@@H](Cc4ccccc4)NC(=O)[C@@H]5C[C@H](CN5C1=O)NC(=N)N)C(=O)N,8.8
1278,CHEMBL503229,CCCC[C@H](NC(=O)[C@@H](NC(=O)[C@H](Cc1ccc(O)cc1)NC(=O)C)C(C)C)C(=O)NCC(=O)N[C@@H](Cc2cnc[nH]2)C(=O)N[C@H](Cc3ccccc3)C(=O)N[C@@H](CCCNC(=N)N)C(=O)N[C@@H](Cc4c[nH]c5ccccc45)C(=O)N[C@@H](CC(=O)O)C(=O)N[C@@H](CCCNC(=N)N)C(=O)N[C@@H](Cc6ccccc6)C(=O)NCC(=O)N,8.72
1280,CHEMBL524861,CCCC[C@H](NC(=O)C)C(=O)N[C@H]1CC(=O)NCCCC[C@H](NC(=O)[C@H](Cc2c[nH]c3ccccc23)NC(=O)[C@H](CCCNC(=N)N)NC(=O)[C@@H](Cc4ccccc4)NC(=O)[C@@H]5C[C@@H](CN5C1=O)NC(=N)N)C(=O)N,7.68
1281,CHEMBL502300,CCCC[C@H](NC(=O)C)C(=O)N[C@H]1CC(=O)NCCCC[C@H](NC(=O)[C@H](Cc2c[nH]c3ccccc23)NC(=O)[C@H](CCCNC(=N)N)NC(=O)[C@@H](Cc4ccc5ccccc5c4)NC(=O)[C@@H]6C[C@@H](CN6C1=O)NC(=N)N)C(=O)N,7.07
1282,CHEMBL509582,CCCC[C@H](NC(=O)C)C(=O)N[C@H]1CC(=O)NCCCC[C@H](NC(=O)[C@H](Cc2c[nH]c3ccccc23)NC(=O)[C@@H]4C[C@@H](CN4C(=O)[C@@H](Cc5ccc6ccccc6c5)NC(=O)[C@H](Cc7cnc[nH]7)NC1=O)NC(=N)N)C(=O)N,5.62
1283,CHEMBL455070,CCCC[C@H](NC(=O)C)C(=O)N[C@H]1CC(=O)NCCCC[C@H](NC(=O)[C@H](Cc2c[nH]c3ccccc23)NC(=O)[C@@H]4C[C@@H](CN4C(=O)[C@@H](Cc5ccccc5)NC(=O)[C@H](Cc6cnc[nH]6)NC1=O)NC(=N)N)C(=O)N,5.6
1352,CHEMBL1093858,C[C@@H]1CN(C[C@H](C)[C@@]1(O)c2ccc(F)cc2)C(=O)[C@@H]3CN(C)C[C@H]3c4ccc(F)cc4F,4.82
1353,CHEMBL1204065,Cl.C[C@@H]1CN(C[C@H](C)[C@@]1(O)c2ccccc2)C(=O)[C@@H]3CN(C)C[C@H]3c4ccc(F)cc4F,4.7
1383,CHEMBL1209788,Cc1cc2[C@H](OC3(CCN(CC3)C(=O)[C@@H]4CN(C[C@H]4c5ccc(F)cc5F)C6CCOCC6)c2cc1Cl)C(C)(C)C#N,6.91
1385,CHEMBL1682208,COCC(=O)N[C@H]1Cc2cc3COCOc3c(Cc4ccc(Oc5cccc(CN(CCCN6CCN(CCCN)CC6)C1=O)c5)cc4)c2,5.82
1386,CHEMBL1682209,COCC(=O)N[C@H]1Cc2ccc(OC)c(Cc3ccc(Oc4cccc(CN(CCCN5CCN(CCCN)CC5)C1=O)c4)cc3)c2,6.41
1389,CHEMBL1761873,C[C@@H]1CN(C[C@@H](C)N1)C(=O)N[C@H](Cc2ccc(F)cc2)C(=O)N3CCC(CC3)(C4CCCCC4)C(=O)NC(C)(C)C,6.0
1391,CHEMBL1761874,C[C@H]1CN(C[C@H](C)N1)C(=O)N[C@H](Cc2ccc(F)cc2)C(=O)N3CCC(CC3)(C4CCCCC4)C(=O)NC(C)(C)C,5.85
1394,CHEMBL1762008,CC[C@@H]1CN(C[C@@H](CC)N1)C(=O)N[C@H](Cc2ccc(F)cc2)C(=O)N3CCC(CC3)(C4CCCCC4)C(=O)NC(C)(C)C,5.89
1399,CHEMBL1761870,C[C@@H]1CN(C[C@H](C)N1)C(=O)N[C@H](Cc2ccc(F)cc2)C(=O)N3CCC(CC3)(C4CCCCC4)C(=O)NC(C)(C)C,6.07
1402,CHEMBL1761871,CC[C@@H]1CN(C[C@H](CC)N1)C(=O)N[C@H](Cc2ccc(F)cc2)C(=O)N3CCC(CC3)(C4CCCCC4)C(=O)NC(C)(C)C,6.37
1404,CHEMBL1761872,C[C@@H]1CN(C[C@H](C)N1C)C(=O)N[C@H](Cc2ccc(F)cc2)C(=O)N3CCC(CC3)(C4CCCCC4)C(=O)NC(C)(C)C,5.85
1593,CHEMBL508112,S(Sc1nc2ccccc2s1)c3nc4ccccc4s3,5.41
1632,CHEMBL296419,COc1ccc(CCN2CCC(CC2)Nc3nc4ccccc4n3Cc5ccc(F)cc5)cc1,5.65
1727,CHEMBL633,CCCCc1oc2ccccc2c1C(=O)c3cc(I)c(OCCN(CC)CC)c(I)c3,5.02
1870,CHEMBL808,Clc1ccc(COC(Cn2ccnc2)c3ccc(Cl)cc3Cl)cc1,4.4
2005,CHEMBL726,OCCN1CCN(CCCN2c3ccccc3Sc4ccc(cc24)C(F)(F)F)CC1,5.02
2083,CHEMBL334255,[Br-].CCCCCCCCCCCCCCCC[n+]1ccccc1,5.43
2091,CHEMBL404811,C[C@@H]1CC[C@@]2(OC1)O[C@H]3[C@@H](O)[C@H]4[C@@H]5CC[C@H]6C[C@@H](O[C@@H]7O[C@H](CO)[C@H](O[C@@H]8O[C@H](CO)C(O)[C@H](O[C@@H]9OC[C@@H](O)[C@H](O)[C@H]9O)[C@H]8O[C@@H]%10O[C@H](CO)[C@H](O)[C@H](O[C@@H]%11O[C@H](CO)[C@@H](O)[C@H](O)[C@H]%11O)[C@H]%10O)[C@H](O)[C@H]7O)[C@H](O)C[C@]6(C)[C@H]5CC[C@]4(C)[C@H]3[C@@H]2C,5.41
2131,CHEMBL7002,CC1(COc2ccc(CC3SC(=O)NC3=O)cc2)CCCCC1,4.54
2185,CHEMBL407135,CCC(C)CCCC(=O)N[C@@H](CCN)C(=O)N[C@@H]([C@@H](C)O)C(=O)N[C@@H](CCN)C(=O)N[C@H]1CCNC(=O)[C@@H](NC(=O)[C@H](CCN)NC(=O)[C@H](CCN)NC(=O)[C@H](CC(C)C)NC(=O)[C@@H](CC(C)C)NC(=O)[C@H](CCN)NC1=O)[C@H](C)O,6.58
2293,CHEMBL71,CN(C)CCCN1c2ccccc2Sc3ccc(Cl)cc13,5.12
2492,CHEMBL428647,CC(=O)O[C@H]1C(=O)[C@]2(C)[C@@H](O)C[C@H]3OC[C@@]3(OC(=O)C)[C@H]2[C@H](OC(=O)c4ccccc4)[C@]5(O)C[C@H](OC(=O)[C@H](O)[C@@H](NC(=O)c6ccccc6)c7ccccc7)C(=C1C5(C)C)C,4.77
2657,CHEMBL91,Clc1ccc(COC(Cn2ccnc2)c3ccc(Cl)cc3Cl)c(Cl)c1,4.65
2665,CHEMBL1221512,CC[C@H](C)[C@@H](CO[C@@H](Cc1ccccc1)C(=O)N[C@@H](CCS(=O)(=O)C)C(=O)OC(C)C)NC[C@@H](N)CS,6.91
3025,CHEMBL83,CC\C(=C(/c1ccccc1)\c2ccc(OCCN(C)C)cc2)\c3ccccc3,4.58
3063,CHEMBL809,CN[C@H]1CC[C@@H](c2ccc(Cl)c(Cl)c2)c3ccccc13,5.34
3212,CHEMBL1923663,CC(=O)N[C@@H](CCc1ccccc1)C(=O)N[C@@H](Cc2cnc[nH]2)C(=O)N[C@H](Cc3ccccc3)C(=O)N[C@@H](CCCNC(=N)N)C(=O)N[C@@H](Cc4c[nH]c5ccccc45)C(=O)N,7.24
3214,CHEMBL1923665,CCCC[C@H](NC(=O)[C@@H](NC(=O)[C@@H](N)Cc1ccc(O)cc1)C(C)C)C(=O)NCC(=O)N[C@@H](Cc2cnc[nH]2)C(=O)N[C@H](Cc3ccc4ccccc4c3)C(=O)N[C@@H](CCCNC(=N)N)C(=O)N[C@H](Cc5c[nH]c6ccccc56)C(=O)N[C@@H](CC(=O)O)C(=O)N[C@@H](CCCNC(=N)N)C(=O)N[C@@H](Cc7ccccc7)C(=O)NCC(=O)N,9.12
3216,CHEMBL1923667,CCCC[C@H](NC(=O)[C@@H](NC(=O)[C@@H](N)Cc1ccc(O)cc1)C(C)C)C(=O)NCC(=O)N[C@@H](Cc2cnc[nH]2)C(=O)N[C@H](Cc3ccc4ccccc4c3)C(=O)N[C@@H](CCCNC(=N)N)C(=O)N[C@H](Cc5ccccc5)C(=O)N[C@@H](CC(=O)O)C(=O)N[C@@H](CCCNC(=N)N)C(=O)N[C@@H](Cc6ccccc6)C(=O)NCC(=O)N,9.15
3221,CHEMBL2070241,CCCC[C@H](NC(=O)C)C(=O)N[C@H]1CC(=O)NCCCC[C@H](NC(=O)[C@H](Cc2c[nH]c3ccccc23)NC(=O)[C@H](CCCNC(=N)N)NC(=O)[C@@H](Cc4ccccc4)NC(=O)[C@H](Cc5cnc[nH]5)NC1=O)C(=O)O,7.77
3222,CHEMBL2070242,CCCC[C@H](NC(=O)[C@H](CO)NC(=O)[C@H](Cc1cnc[nH]1)NC(=O)[C@H](CCC(=O)N)NC(=O)[C@H](CO)NC(=O)CNC(=O)C)C(=O)N[C@H]2CCC(=O)NCCCC[C@H](NC(=O)[C@H](Cc3c[nH]c4ccccc34)NC(=O)[C@H](CCCNC(=N)N)NC(=O)[C@@H](Cc5ccccc5)NC(=O)[C@@H]6C[C@@H](O)CN6C2=O)C(=O)N,8.29
3224,CHEMBL2070244,CCCC[C@H](NC(=O)[C@H](CO)NC(=O)[C@H](CCCCNC(=N)N)NC(=O)[C@H](CCC(=O)N)NC(=O)[C@H](CO)NC(=O)CNC(=O)C)C(=O)N[C@H]1CCC(=O)NCCCC[C@H](NC(=O)[C@H](Cc2c[nH]c3ccccc23)NC(=O)[C@H](CCCNC(=N)N)NC(=O)[C@@H](Cc4ccccc4)NC(=O)[C@@H]5C[C@@H](O)CN5C1=O)C(=O)N,8.37
3234,CHEMBL2070253,CCCC[C@H](NC(=O)[C@H](CCC(=O)O)NC(=O)[C@H](CCC(=O)O)NC(=O)[C@H](CCC(=O)O)NC(=O)[C@H](CCC(=O)O)NC(=O)CNC(=O)COCCOCCNC(=O)CCCCCCCCCCCCCCCc1nnn[nH]1)C(=O)N[C@H]2CCC(=O)NCCCC[C@H](NC(=O)[C@H](Cc3c[nH]c4ccccc34)NC(=O)[C@H](CCCNC(=N)N)NC(=O)[C@@H](Cc5ccccc5)NC(=O)[C@@H]6C[C@@H](O)CN6C2=O)C(=O)N,6.15
3235,CHEMBL2070254,CCCC[C@H](NC(=O)[C@H](CCC(=O)O)NC(=O)[C@H](CCCNC(=N)N)NC(=O)[C@H](CCC(=O)O)NC(=O)[C@H](CCC(=O)O)NC(=O)CNC(=O)COCCOCCNC(=O)CCCCCCCCCCCCCCCc1nnn[nH]1)C(=O)N[C@H]2CCC(=O)NCCCC[C@H](NC(=O)[C@H](Cc3c[nH]c4ccccc34)NC(=O)[C@H](CCCNC(=N)N)NC(=O)[C@@H](Cc5ccccc5)NC(=O)[C@@H]6C[C@@H](O)CN6C2=O)C(=O)N,6.57
3236,CHEMBL2070373,CCCC[C@H](NC(=O)[C@H](CCC(=O)O)NC(=O)[C@H](Cc1c[nH]cn1)NC(=O)[C@H](CCC(=O)O)NC(=O)[C@H](CCC(=O)O)NC(=O)CNC(=O)COCCOCCNC(=O)CCCCCCCCCCCCCCCc2nnn[nH]2)C(=O)N[C@H]3CCC(=O)NCCCC[C@H](NC(=O)[C@H](Cc4c[nH]c5ccccc45)NC(=O)[C@H](CCCNC(=N)N)NC(=O)[C@@H](Cc6ccccc6)NC(=O)[C@@H]7C[C@@H](O)CN7C3=O)C(=O)N,6.96
3239,CHEMBL3421676,CC(=O)N[C@H]1Cc2c(CN([C@H](Cc3ccccc3)C(=O)N[C@@H](CCCNC(=N)N)C(=O)N[C@@H](Cc4c[nH]c5ccccc45)C(=O)N)C1=O)[nH]c6ccccc26,6.2
3240,CHEMBL3421677,CC(=O)N[C@H]1Cc2c(CN([C@H](Cc3ccc(F)cc3)C(=O)N[C@@H](CCCNC(=N)N)C(=O)N[C@@H](Cc4c[nH]c5ccccc45)C(=O)N)C1=O)[nH]c6ccccc26,6.78
3243,CHEMBL3421680,CC(=O)N[C@H]1Cn2nncc2CN([C@H](Cc3ccccc3)C(=O)N[C@@H](CCCNC(=N)N)C(=O)N[C@@H](Cc4c[nH]c5ccccc45)C(=O)N)C1=O,6.86
3263,CHEMBL3600736,CCCC[C@@H](NC(=O)C)C(=O)N[C@H]1CC(=O)NCCCC[C@H](NC(=O)[C@H](Cc2c[nH]c3ccccc23)NC(=O)[C@H](CCCNC(=N)N)NC(=O)[C@@H](Cc4ccc5ccccc5c4)NC(=O)[C@H](Cc6cnc[nH]6)NC1=O)C(=O)N,8.16
3265,CHEMBL3600832,CCCC[C@@H](NC(=O)C)C(=O)N[C@H]1CC(=O)NCCCC[C@H](NC(=O)[C@H](Cc2c[nH]c3ccccc23)N(C)C(=O)[C@H](CCCNC(=N)N)NC(=O)[C@@H](Cc4ccc5ccccc5c4)NC(=O)[C@H](Cc6cnc[nH]6)NC1=O)C(=O)N,7.78
3266,CHEMBL3600833,CCCC[C@@H](NC(=O)C)C(=O)N[C@H]1CC(=O)NCCCC[C@H](NC(=O)[C@H](Cc2c[nH]c3ccccc23)NC(=O)[C@H](CCCNC(=N)N)N(C)C(=O)[C@@H](Cc4ccc5ccccc5c4)NC(=O)[C@H](Cc6cnc[nH]6)NC1=O)C(=O)N,8.47
3267,CHEMBL3600834,CCCC[C@@H](NC(=O)C)C(=O)N[C@H]1CC(=O)NCCCC[C@H](NC(=O)[C@H](Cc2c[nH]c3ccccc23)NC(=O)[C@H](CCCNC(=N)N)NC(=O)[C@@H](Cc4ccc5ccccc5c4)N(C)C(=O)[C@H](Cc6cnc[nH]6)NC1=O)C(=O)N,7.56
3268,CHEMBL3600835,CCCC[C@@H](NC(=O)C)C(=O)N[C@H]1CC(=O)NCCCC[C@H](NC(=O)[C@H](Cc2c[nH]c3ccccc23)NC(=O)[C@H](CCCNC(=N)N)NC(=O)[C@@H](Cc4ccc5ccccc5c4)NC(=O)[C@H](Cc6cnc[nH]6)N(C)C1=O)C(=O)N,8.3
3273,CHEMBL3600840,CCCC[C@@H](NC(=O)C)C(=O)N[C@H]1CC(=O)NCCCC[C@H](NC(=O)[C@H](Cc2c[nH]c3ccccc23)N(C)C(=O)[C@H](CCCNC(=N)N)N(C)C(=O)[C@@H](Cc4ccc5ccccc5c4)NC(=O)[C@H](Cc6cnc[nH]6)NC1=O)C(=O)N,7.78
3274,CHEMBL3600841,CCCC[C@@H](NC(=O)C)C(=O)N[C@H]1CC(=O)NCCCC[C@H](NC(=O)[C@H](Cc2c[nH]c3ccccc23)N(C)C(=O)[C@H](CCCNC(=N)N)NC(=O)[C@@H](Cc4ccc5ccccc5c4)N(C)C(=O)[C@H](Cc6cnc[nH]6)NC1=O)C(=O)N,5.65
3275,CHEMBL3600842,CCCC[C@@H](NC(=O)C)C(=O)N[C@H]1CC(=O)NCCCC[C@H](NC(=O)[C@H](Cc2c[nH]c3ccccc23)N(C)C(=O)[C@H](CCCNC(=N)N)NC(=O)[C@@H](Cc4ccc5ccccc5c4)NC(=O)[C@H](Cc6cnc[nH]6)N(C)C1=O)C(=O)N,7.04
3276,CHEMBL3600843,CCCC[C@@H](NC(=O)C)C(=O)N[C@H]1CC(=O)NCCCC[C@H](NC(=O)[C@H](Cc2c[nH]c3ccccc23)NC(=O)[C@H](CCCNC(=N)N)N(C)C(=O)[C@@H](Cc4ccc5ccccc5c4)N(C)C(=O)[C@H](Cc6cnc[nH]6)NC1=O)C(=O)N,7.45
3277,CHEMBL3600912,CCCC[C@@H](NC(=O)C)C(=O)N[C@H]1CC(=O)NCCCC[C@H](NC(=O)[C@H](Cc2c[nH]c3ccccc23)NC(=O)[C@H](CCCNC(=N)N)N(C)C(=O)[C@@H](Cc4ccc5ccccc5c4)NC(=O)[C@H](Cc6cnc[nH]6)N(C)C1=O)C(=O)N,8.2
3278,CHEMBL3600913,CCCC[C@@H](NC(=O)C)C(=O)N[C@H]1CC(=O)NCCCC[C@H](NC(=O)[C@H](Cc2c[nH]c3ccccc23)NC(=O)[C@H](CCCNC(=N)N)NC(=O)[C@@H](Cc4ccc5ccccc5c4)N(C)C(=O)[C@H](Cc6cnc[nH]6)N(C)C1=O)C(=O)N,5.78
3280,CHEMBL3600915,CCCC[C@@H](NC(=O)C)C(=O)N[C@H]1CC(=O)NCCCC[C@H](N(C)C(=O)[C@H](Cc2c[nH]c3ccccc23)N(C)C(=O)[C@H](CCCNC(=N)N)NC(=O)[C@@H](Cc4ccc5ccccc5c4)N(C)C(=O)[C@H](Cc6cnc[nH]6)NC1=O)C(=O)N,6.23
3284,CHEMBL3600919,CCCC[C@@H](NC(=O)C)C(=O)N[C@H]1CC(=O)NCCCC[C@H](N(C)C(=O)[C@H](Cc2c[nH]c3ccccc23)NC(=O)[C@H](CCCNC(=N)N)NC(=O)[C@@H](Cc4ccc5ccccc5c4)N(C)C(=O)[C@H](Cc6cnc[nH]6)N(C)C1=O)C(=O)N,6.41
3285,CHEMBL3600920,CCCC[C@@H](NC(=O)C)C(=O)N[C@H]1CC(=O)NCCCC[C@H](NC(=O)[C@H](Cc2c[nH]c3ccccc23)N(C)C(=O)[C@H](CCCNC(=N)N)N(C)C(=O)[C@@H](Cc4ccc5ccccc5c4)N(C)C(=O)[C@H](Cc6cnc[nH]6)NC1=O)C(=O)N,6.8
3286,CHEMBL3600921,CCCC[C@@H](NC(=O)C)C(=O)N[C@H]1CC(=O)NCCCC[C@H](NC(=O)[C@H](Cc2c[nH]c3ccccc23)N(C)C(=O)[C@H](CCCNC(=N)N)N(C)C(=O)[C@@H](Cc4ccc5ccccc5c4)NC(=O)[C@H](Cc6cnc[nH]6)N(C)C1=O)C(=O)N,6.06
3287,CHEMBL3600922,CCCC[C@@H](NC(=O)C)C(=O)N[C@H]1CC(=O)NCCCC[C@H](NC(=O)[C@H](Cc2c[nH]c3ccccc23)N(C)C(=O)[C@H](CCCNC(=N)N)NC(=O)[C@@H](Cc4ccc5ccccc5c4)N(C)C(=O)[C@H](Cc6cnc[nH]6)N(C)C1=O)C(=O)N,6.24
3288,CHEMBL3601426,CCCC[C@@H](NC(=O)C)C(=O)N[C@H]1CC(=O)NCCCC[C@H](NC(=O)[C@H](Cc2c[nH]c3ccccc23)NC(=O)[C@H](CCCNC(=N)N)N(C)C(=O)[C@@H](Cc4ccc5ccccc5c4)N(C)C(=O)[C@H](Cc6cnc[nH]6)N(C)C1=O)C(=O)N,6.94
3289,CHEMBL3601427,CCCC[C@@H](NC(=O)C)C(=O)N[C@H]1CC(=O)NCCCC[C@H](N(C)C(=O)[C@H](Cc2c[nH]c3ccccc23)N(C)C(=O)[C@H](CCCNC(=N)N)N(C)C(=O)[C@@H](Cc4ccc5ccccc5c4)N(C)C(=O)[C@H](Cc6cnc[nH]6)NC1=O)C(=O)N,5.82
3291,CHEMBL3601429,CCCC[C@@H](NC(=O)C)C(=O)N[C@H]1CC(=O)NCCCC[C@H](N(C)C(=O)[C@H](Cc2c[nH]c3ccccc23)N(C)C(=O)[C@H](CCCNC(=N)N)NC(=O)[C@@H](Cc4ccc5ccccc5c4)N(C)C(=O)[C@H](Cc6cnc[nH]6)N(C)C1=O)C(=O)N,5.37
3292,CHEMBL3601430,CCCC[C@@H](NC(=O)C)C(=O)N[C@H]1CC(=O)NCCCC[C@H](N(C)C(=O)[C@H](Cc2c[nH]c3ccccc23)NC(=O)[C@H](CCCNC(=N)N)N(C)C(=O)[C@@H](Cc4ccc5ccccc5c4)N(C)C(=O)[C@H](Cc6cnc[nH]6)N(C)C1=O)C(=O)N,5.98
3293,CHEMBL3601431,CCCC[C@@H](NC(=O)C)C(=O)N[C@H]1CC(=O)NCCCC[C@H](NC(=O)[C@H](Cc2c[nH]c3ccccc23)N(C)C(=O)[C@H](CCCNC(=N)N)N(C)C(=O)[C@@H](Cc4ccc5ccccc5c4)N(C)C(=O)[C@H](Cc6cnc[nH]6)N(C)C1=O)C(=O)N,6.75
3294,CHEMBL3601432,CCCC[C@@H](NC(=O)C)C(=O)N[C@H]1CC(=O)NCCCC[C@H](N(C)C(=O)[C@H](Cc2c[nH]c3ccccc23)N(C)C(=O)[C@H](CCCNC(=N)N)N(C)C(=O)[C@@H](Cc4ccc5ccccc5c4)N(C)C(=O)[C@H](Cc6cnc[nH]6)N(C)C1=O)C(=O)N,6.59
