,molecule_chembl_id,canonical_smiles,pchembl_value
0,CHEMBL1934130,CC(=O)N[C@@H]1CC2(CCN(Cc3ccc4c(c3)c5ccccc5n4C(=O)N)CC2)c6ccccc16,7.89
1,CHEMBL194837,CN(C)CCOc1cc(C)c2cc(NC(=O)COc3ccc(Cl)cc3Cl)ccc2n1,8.06
2,CHEMBL196196,CN(C)CCNc1cc(C)c2cc(NC(=O)\C=C\c3ccc(OC(F)(F)F)cc3)ccc2n1,8.08
3,CHEMBL196581,CN(C)CCCNc1cc(C)c2cc(NC(=O)COc3ccc(OC(F)(F)F)cc3)ccc2n1,8.15
4,CHEMBL373084,CNCCN(C)c1cc(C)c2cc(NC(=O)COc3ccc(Cl)cc3Cl)ccc2n1,8.17
5,CHEMBL427540,Cc1cc(nc2ccc(NC(=O)COc3ccc(OC(F)(F)F)cc3)cc12)N4CC5CC4CN5,8.17
6,CHEMBL197050,CN(CCO)c1cc(C)c2cc(NC(=O)\C=C\c3ccc(OC(F)(F)F)cc3)ccc2n1,8.19
7,CHEMBL195635,Cc1cc(nc2ccc(NC(=O)COc3ccc(OC(F)(F)F)cc3)cc12)N4CCC(CC4)N5CCCC5,8.2
8,CHEMBL197026,Cc1cc(nc2ccc(NC(=O)COc3ccc(OC(F)(F)F)cc3)cc12)N4CCC(N)CC4,8.33
9,CHEMBL194408,CN(C)CCN(C)c1cc(C)c2cc(NC(=O)COc3ccc(Cl)cc3Cl)ccc2n1,8.35
10,CHEMBL196667,Cc1cc(nc2ccc(NC(=O)COc3ccc(Cl)cc3Cl)cc12)N4CCNCC4,8.43
11,CHEMBL557629,CSCC[C@H](NC(=O)[C@H](CC(=O)O)NC(=O)[C@H](Cc1ccccc1)NC(=O)[C@@H](N)CC(=O)O)C(=O)N[C@@H](CC(C)C)C(=O)N[C@@H](CCCNC(=N)N)C(=O)N[C@H]2CSSC[C@H](NC(=O)[C@@H]3CCCN3C(=O)[C@H](CCCNC(=N)N)NC(=O)[C@H](Cc4ccccc4)NC(=O)[C@@H](NC(=O)[C@H](CCCNC(=N)N)NC(=O)CNC(=O)[C@H](CC(C)C)NC(=O)[C@H](CCSC)NC2=O)C(C)C)C(=O)N[C@@H](Cc5c[nH]c6ccccc56)C(=O)N[C@@H](CCC(=O)N)CN[C@@H](Cc7ccc(O)cc7)C(=O)O,8.8
12,CHEMBL287560,COc1ccc2oc(c(CCNC(=O)C)c2c1)c3ccccc3,11.0
0,CHEMBL184292,CCN1CCCC1CNC(=O)c2ccc(NC(=O)Nc3ccc(Oc4ccccc4)cc3)cc2,5.2
1,CHEMBL186894,O=C(Nc1ccc(Oc2ccccc2)cc1)Nc3ccc(cc3)C(=O)NCCN4CCN(Cc5ccccc5)CC4,5.54
2,CHEMBL182554,COc1cc(NC(=O)Nc2ccc(Oc3ccccc3)cc2)ccc1C(=O)NCCCN4CCCCC4,5.0
13,CHEMBL184438,COc1cc(NC(=O)Nc2cccc(Nc3ccccc3)c2)ccc1C(=O)NCCCN4CCCCC4,5.0
188,CHEMBL217480,CCCc1cc(NC2CCC2)c3cc(NC(=O)\C=C\c4ccc(cc4)C(F)(F)F)ccc3n1,6.02
266,CHEMBL540930,Fc1ccc(cc1)C(NC(=O)CC2CCN(Cc3ccn(c3)c4ccc(cc4)C(F)(F)F)CC2)C5=CNC(=O)C(=C5)Cl,5.34
269,CHEMBL1934102,CCn1c2ccccc2c3cc(CN4CCC5(CC4)C=Cc6ccccc56)ccc13,6.0
270,CHEMBL1934103,CCn1c2ccccc2c3cc(CCN4CCC5(CC4)C=Cc6ccccc56)ccc13,5.0
271,CHEMBL1934104,CCn1c2ccccc2c3cc(CCCN4CCC5(CC4)C=Cc6ccccc56)ccc13,4.82
272,CHEMBL1934105,CCn1c2ccccc2c3cc(ccc13)C(=O)N4CCC5(CC4)C=Cc6ccccc56,4.22
273,CHEMBL1934106,CCn1c2ccccc2c3cc(NC(=O)N4CCC5(CC4)C=Cc6ccccc56)ccc13,4.22
274,CHEMBL1934107,C(N1CCC2(CC1)C=Cc3ccccc23)c4ccc5[nH]c6ccccc6c5c4,7.0
275,CHEMBL1934108,CC(=O)n1c2ccccc2c3cc(CN4CCC5(CC4)C=Cc6ccccc56)ccc13,7.16
276,CHEMBL1934109,CN(C)C(=O)n1c2ccccc2c3cc(CN4CCC5(CC4)C=Cc6ccccc56)ccc13,8.4
277,CHEMBL1934110,COC(=O)n1c2ccccc2c3cc(CN4CCC5(CC4)C=Cc6ccccc56)ccc13,6.52
278,CHEMBL1934111,CS(=O)(=O)n1c2ccccc2c3cc(CN4CCC5(CC4)C=Cc6ccccc56)ccc13,6.7
279,CHEMBL1934112,NC(=O)n1c2ccccc2c3cc(CN4CCC5(CC4)C=Cc6ccccc56)ccc13,8.4
280,CHEMBL1934113,CCC(=O)n1c2ccccc2c3cc(CN4CCC5(CC4)C=Cc6ccccc56)ccc13,7.0
281,CHEMBL1934114,CCn1c2ccccc2c3cc(CN4CCC5(CC4)C(O)Cc6ccccc56)ccc13,7.52
282,CHEMBL1934115,CCn1c2ccccc2c3cc(CN4CCC5(CC4)CC(O)c6ccccc56)ccc13,6.7
283,CHEMBL1934116,O[C@@H]1Cc2ccccc2C13CCN(Cc4ccc5[nH]c6ccccc6c5c4)CC3,8.0
284,CHEMBL1934117,O[C@H]1Cc2ccccc2C13CCN(Cc4ccc5[nH]c6ccccc6c5c4)CC3,7.1
285,CHEMBL1934118,CCn1c2ccccc2c3cc(CN4CCC5(CC4)[C@H](O)[C@@H](O)c6ccccc56)ccc13,6.82
286,CHEMBL1934119,CCn1c2ccccc2c3cc(CN4CCC5(CC4)[C@H](O)[C@@H](NC(=O)C)c6ccccc56)ccc13,7.0
287,CHEMBL1934120,CCn1c2ccccc2c3cc(CN4CCC5(CC4)C(Cc6ccccc56)NC(=O)C)ccc13,6.6
288,CHEMBL1934121,CCn1c2ccccc2c3cc(CN4CCC5(CC4)CC(NC(=O)C)c6ccccc56)ccc13,10.0
289,CHEMBL1934122,CC(=O)N[C@H]1CC2(CCN(Cc3ccc4[nH]c5ccccc5c4c3)CC2)c6ccccc16,7.89
290,CHEMBL1934123,CC(=O)N[C@@H]1CC2(CCN(Cc3ccc4[nH]c5ccccc5c4c3)CC2)c6ccccc16,10.0
291,CHEMBL1934124,CCn1c2ccccc2c3cc(CN4CCC5(CC4)[C@@H](O)[C@@H](O)c6ccccc56)ccc13,6.6
292,CHEMBL1934125,CC(=O)N[C@@H]1[C@@H](O)C2(CCN(Cc3ccc4[nH]c5ccccc5c4c3)CC2)c6ccccc16,8.1
293,CHEMBL1934126,CC(=O)N[C@@H]1CC2(CCN(Cc3ccc4[nH]c5ccc(F)cc5c4c3)CC2)c6ccccc16,8.0
294,CHEMBL1934127,CC(=O)N[C@@H]1CC2(CCN(Cc3ccc4[nH]c5ccc(Cl)cc5c4c3)CC2)c6ccccc16,9.0
295,CHEMBL1934128,CC(=O)N[C@@H]1CC2(CCN(Cc3ccc4[nH]c5ccc(Br)cc5c4c3)CC2)c6ccccc16,8.0
296,CHEMBL1934129,CC(=O)N[C@@H]1CC2(CCN(Cc3ccc4[nH]c5ccc(cc5c4c3)C(F)(F)F)CC2)c6ccccc16,6.17
