,molecule_chembl_id,canonical_smiles,pchembl_value
0,CHEMBL3361418,NC(=N)NCC(=O)NCC1(CCN(Cc2ccccc2)CC1)Nc3cccc4ccccc34,7.03
1,CHEMBL2208294,NC(=N)NCCC[C@H](NC(=O)c1cccc2ccccc12)C(=O)N[C@@H](Cc3ccccc3)C(=O)N,7.06
2,CHEMBL2208304,NC(=N)NCCC[C@@H](NC(=O)\C=C\c1ccccc1)C(=O)N[C@H](Cc2ccccc2)C(=O)N,7.08
3,CHEMBL3361425,NC(=N)NCCNC(=O)C1(CCN(Cc2ccccc2)CC1)Nc3ccccc3,7.09
4,CHEMBL3360829,CC(=N)NCCC[C@H](NC(=O)C12CC3CC(CC(C3)C1)C2)C(=O)N[C@@H](Cc4ccccc4)C(=O)N,7.24
5,CHEMBL2208307,NC(=N)NCCC[C@@H](NC(=O)C12CC3CC(CC(C3)C1)C2)C(=O)N[C@H](Cc4ccccc4)C(=O)N,7.29
6,CHEMBL2208316,NC(=N)NCCC[C@@H](NC(=O)Cc1ccccc1)C(=O)N[C@@H](Cc2ccccc2)C(=O)N,7.46
7,CHEMBL2208305,NC(=N)NCCC[C@@H](NC(=O)C12CC3CC(CC(C3)C1)C2)C(=O)N[C@@H](Cc4ccccc4)C(=O)N,7.54
8,CHEMBL2208339,NC(=N)NCCC[C@H](NC(=O)c1ccccc1)C(=O)N[C@@H](Cc2ccccc2)C(=O)N,7.64
9,CHEMBL1672380,NC(=N)NCCC[C@H](NC(=O)C12CC3CC(CC(C3)C1)C2)C(=O)N[C@@H](Cc4ccccc4)C(=O)N,7.66
10,CHEMBL332347,NC(=NCCC[C@@H](NC(=O)C(c1ccccc1)c2ccccc2)C(=O)NCc3ccc(O)cc3)N,7.75
11,CHEMBL2208299,NC(=N)NCCC[C@@H](NC(=O)C(c1ccccc1)c2ccccc2)C(=O)N[C@H](Cc3ccccc3)C(=O)N,7.82
12,CHEMBL2208340,NC(=N)NCCC[C@@H](NC(=O)c1ccccc1)C(=O)N[C@@H](Cc2ccccc2)C(=O)N,7.96
13,CHEMBL2208319,NC(=N)NCCC[C@@H](NC(=O)C(c1ccccc1)c2ccccc2)C(=O)N[C@@H](Cc3ccccc3)C(=O)N,8.0
14,CHEMBL2208322,NC(=N)NCCC[C@@H](NC(=O)c1cccc(c1)c2ccccc2)C(=O)N[C@@H](Cc3ccccc3)C(=O)N,8.22
15,CHEMBL2208320,NC(=N)NCCC[C@@H](NC(=O)c1ccccc1c2ccccc2)C(=O)N[C@H](Cc3ccccc3)C(=O)N,8.3
16,CHEMBL2208325,NC(=N)NCCC[C@@H](NC(=O)c1ccc(cc1)c2ccccc2)C(=O)N[C@@H](Cc3ccccc3)C(=O)N,8.7
17,CHEMBL2208338,NC(=N)NCCC[C@@H](NC(=O)c1ccccc1c2ccccc2)C(=O)N[C@@H](Cc3ccccc3)C(=O)N,8.7
18,CHEMBL2208301,NC(=N)NCCC[C@H](NC(=O)CCN1c2ccccc2Sc3ccccc13)C(=O)N[C@@H](Cc4ccccc4)C(=O)N,9.05
19,CHEMBL2208303,NC(=N)NCCC[C@@H](NC(=O)\C=C\c1ccccc1)C(=O)N[C@@H](Cc2ccccc2)C(=O)N,9.1
20,CHEMBL2208337,NC(=N)NCCC[C@H](NC(=O)c1ccccc1c2ccccc2)C(=O)N[C@@H](Cc3ccccc3)C(=O)N,9.5
6,CHEMBL575058,NC(=N)N\N=C(/c1ccccc1)\c2ccc(Cl)c(Cl)c2,6.1
9,CHEMBL573738,Cc1ccccc1c2oc(\C=N\NC(=N)N)cc2,7.1
11,CHEMBL572825,CC(C)c1ccccc1c2oc(\C=N\NC(=N)N)cc2,6.8
13,CHEMBL574565,NC(=N)N\N=C\c1oc(cc1)c2ccccc2C(F)(F)F,7.4
15,CHEMBL573518,NC(=N)N\N=C\c1ccc(s1)c2ccccc2C(F)(F)F,6.9
17,CHEMBL573519,Cn1c(\C=N\NC(=N)N)ccc1c2ccccc2C(F)(F)F,6.5
26,CHEMBL376756,CC(C)C[C@H](NC(=O)CNC(=O)[C@H](Cc1ccccc1)NC(=O)[C@H](CO)NC(=O)[C@H](CC(=O)N)NC(=O)[C@H](Cc2c[nH]c3ccccc23)NC(=O)[C@H](CC(=O)N)NC(=O)[C@@H](N)Cc4ccc(O)cc4)C(=O)N[C@@H](CCCNC(=N)N)C(=O)N[C@@H](Cc5ccccc5)C(=O)N,8.33
29,CHEMBL1672379,CC(C)C[C@H](NC(=O)[C@@H](N)CO)C(=O)N[C@@H](C)C(=O)N[C@@H](C)C(=O)N1CCC[C@H]1C(=O)N[C@@H](CCC(=O)N)C(=O)N[C@@H](CCCNC(=N)N)C(=O)N[C@@H](Cc2ccccc2)C(=O)O,8.72
93,CHEMBL2208296,NC(=N)NCCC[C@H](NC(=O)c1ccc2cc[nH]c2c1)C(=O)N[C@@H](Cc3ccccc3)C(=O)N,6.42
96,CHEMBL2208306,NC(=N)NCCC[C@H](NC(=O)C12CC3CC(CC(C3)C1)C2)C(=O)N[C@H](Cc4ccccc4)C(=O)N,6.94
104,CHEMBL2208317,NC(=N)NCCC[C@@H](NC(=O)Cc1ccccc1)C(=O)N[C@H](Cc2ccccc2)C(=O)N,6.56
106,CHEMBL2208312,NC(=N)NCCC[C@H](NC(=O)c1ccc2ccccc2n1)C(=O)N[C@@H](Cc3ccccc3)C(=O)N,6.92
107,CHEMBL2208326,NC(=N)NCCC[C@@H](NC(=O)c1ccc(cc1)c2ccccc2)C(=O)N[C@H](Cc3ccccc3)C(=O)N,6.78
109,CHEMBL2208323,NC(=N)NCCC[C@@H](NC(=O)c1cccc(c1)c2ccccc2)C(=O)N[C@H](Cc3ccccc3)C(=O)N,6.96
114,CHEMBL2208334,COc1cccc(c1)C(=O)N[C@@H](CCCNC(=N)N)C(=O)N[C@@H](Cc2ccccc2)C(=O)N,6.98
115,CHEMBL2204019,NC(=N)NCCC[C@@H](NC(=O)c1ccccc1)C(=O)N[C@H](Cc2ccccc2)C(=O)N,6.7
265,CHEMBL3360830,CC(C)C[C@@H](N(C)C(=O)[C@H](N)Cc1ccc(O)cc1)C(=O)N[C@@H](Cc2ccccc2)C(=O)N[C@@H](CCC(=O)N)C(=O)N3CCC[C@H]3C(=O)N[C@@H](CCC(=O)N)C(=O)N[C@@H](CCCNC(=N)N)C(=O)N[C@@H](Cc4ccccc4)C(=O)N,7.15
268,CHEMBL3360832,N[C@@H](CCCNC(=N)N)C(=O)NCC1(CCN(Cc2ccccc2)CC1)Nc3ccccc3,6.31
269,CHEMBL3360833,N[C@@H](CCCNC(=N)N)C(=O)NCC1(CCN(CCc2ccccc2)CC1)Nc3ccccc3,5.54
270,CHEMBL3360834,N[C@@H](CCCNC(=N)N)C(=O)NCC1(CCN(Cc2ccc3ccccc3c2)CC1)Nc4ccccc4,6.32
272,CHEMBL3360836,NC(=N)NCC1(CCN(Cc2ccccc2)CC1)Nc3ccccc3,5.73
273,CHEMBL3360837,NC(=N)NCC1(CCN(CCc2ccccc2)CC1)Nc3ccccc3,5.53
277,CHEMBL3361410,NC(=N)NCCC(=O)NCC1(CCN(Cc2ccccc2)CC1)Nc3ccccc3,6.36
278,CHEMBL3361411,CC(C)(C)OC(=O)NCC(=O)NCC1(CCN(Cc2ccccc2)CC1)Nc3ccccc3,5.47
279,CHEMBL3361416,NC(=N)NCC(=O)NCC1(CCN(Cc2ccccc2)CC1)Nc3ccccc3,6.5
280,CHEMBL3361417,NC(=N)NCC(=O)NCC1(CCCN(Cc2ccccc2)C1)NCc3ccccc3,6.04
282,CHEMBL3361419,COc1cc(NC2(CNC(=O)CNC(=N)N)CCN(Cc3ccccc3)CC2)cc(OC)c1,6.94
283,CHEMBL3361420,COc1cccc(NC2(CNC(=O)CNC(=N)N)CCN(Cc3ccccc3)CC2)c1,6.7
284,CHEMBL3361421,NC(=N)NCC(=O)NCC1(CCN(Cc2ccccc2)CC1)Nc3ccc(Cl)c(Cl)c3,6.72
285,CHEMBL3361422,NC(=N)NCC(=O)NCC1(CCN(Cc2ccccc2)CC1)c3ccccc3,6.29
286,CHEMBL3361423,NC(=N)NCC(=O)NCC1(Cc2ccccc2)CCN(Cc3ccccc3)CC1,6.38
287,CHEMBL3361424,NC(=N)NCC(=O)NCC1(CCc2ccccc2)CCN(Cc3ccccc3)CC1,6.82
289,CHEMBL3361426,NC(=N)NCC(=O)NCC1(CCNCC1)Nc2ccccc2,4.82
290,CHEMBL3361427,NC(=N)NCC(=O)NCC1(CCN(CC2CCCCC2)CC1)Nc3ccccc3,5.79
291,CHEMBL3361428,NC(=N)NCC(=O)NCC1(CCN(CCc2ccccc2)CC1)Nc3ccccc3,5.98
292,CHEMBL3361429,NC(=N)NCC(=O)NCC1(CCN(Cc2cccc3ccccc23)CC1)Nc4ccccc4,6.27
293,CHEMBL3361430,NC(=N)NCC(=O)NCC1(CCN(Cc2ccc3ccccc3c2)CC1)Nc4ccccc4,6.85
294,CHEMBL3361431,NC(=N)NCC(=O)NCC1(CCN(Cc2ccc(Br)cc2)CC1)Nc3ccccc3,6.95
295,CHEMBL3361432,COC(=O)c1ccc(CN2CCC(CNC(=O)CNC(=N)N)(CC2)Nc3ccccc3)cc1,6.47
296,CHEMBL3361433,NC(=N)NCC(=O)NCC1(Cc2cccc3ccccc23)CCN(Cc4ccccc4)CC1,6.95
297,CHEMBL3361434,NC(=N)NCC(=O)NCC1(Cc2ccc(Cl)c(Cl)c2)CCN(Cc3ccccc3)CC1,6.37
298,CHEMBL3361435,NC(=N)NCC(=O)NCC1(Cc2ccc3ccccc3c2)CCN(Cc4ccccc4)CC1,6.5
299,CHEMBL3361436,NC(=N)NCC(=O)NCC1(Cc2ccc(cc2)c3ccccc3)CCN(Cc4ccccc4)CC1,6.53
317,CHEMBL3352907,CC(C)(C)OC(=O)N\C(=N/C(=O)OC(C)(C)C)\NCCCC(=O)NCC1(CCN(Cc2ccccc2)CC1)Nc3ccccc3,5.57
318,CHEMBL3361412,CC(C)(C)OC(=O)N\C(=N\C(=O)OC(C)(C)C)\NCCCCC(=O)NCC1(CCN(Cc2ccccc2)CC1)Nc3ccccc3,5.61
319,CHEMBL3361413,CC(C)(C)OC(=O)N\C(=N/C(=O)OC(C)(C)C)\Nc1cccc(c1)C(=O)NCC2(CCN(Cc3ccccc3)CC2)Nc4ccccc4,5.79
320,CHEMBL3361414,CC(C)(C)OC(=O)N\C(=N/C(=O)OC(C)(C)C)\Nc1ccc(cc1)C(=O)NCC2(CCN(Cc3ccccc3)CC2)Nc4ccccc4,5.71
321,CHEMBL3361415,CC(C)(C)OC(=O)N\C(=N/C(=O)OC(C)(C)C)\Nc1ccc(CC(=O)NCC2(CCN(Cc3ccccc3)CC2)Nc4ccccc4)cc1,5.63
324,CHEMBL3422516,CCCCCCCCCCCCCCCC(=O)N[C@@H](CCC(=O)NCCCC[C@H](NC(=O)[C@H](Cc1ccc(O)cc1)NC(=O)C)C(=O)N[C@@H](Cc2c[nH]c3ccccc23)C(=O)N[C@@H](CC(=O)N)C(=O)N[C@@H](CO)C(=O)N[C@@H](Cc4ccccc4)C(=O)NCc5cn(nn5)[C@@H](CC(C)C)C(=O)N[C@@H](CCCNC(=N)N)C(=O)N[C@@H](Cc6ccc(O)cc6)C(=O)N)C(=O)O,6.65
331,CHEMBL508974,CCOC(=O)CNC(=O)\N=C(\N)/NCCC[C@@H](NC(=O)C(c1ccccc1)c2ccccc2)C(=O)NCc3ccc(O)cc3,5.96
333,CHEMBL3746851,Cn1cc(CNC(=O)\N=C(\N)/NCCC[C@@H](NC(=O)C(c2ccccc2)c3ccccc3)C(=O)NCc4ccc(O)cc4)nn1.OC(=O)C(F)(F)F,6.2
335,CHEMBL3746386,CCC(=O)NCCNC(=O)\N=C(\N)/NCCC[C@@H](NC(=O)C(c1ccccc1)c2ccccc2)C(=O)NCc3ccc(O)cc3.OC(=O)C(F)(F)F.OC(=O)C(F)(F)F,6.0
