,molecule_chembl_id,canonical_smiles,pchembl_value
0,CHEMBL81337,CC(C)C(=O)N1CCC(CNc2nc3c(CCOc4cc(Cl)c(F)cc34)s2)CC1,7.0
1,CHEMBL82374,CCCCC(=O)N1CCC(CNc2nc3c(CCOc4ccc(F)cc34)s2)CC1,7.0
2,CHEMBL300543,CCn1c2ccccc2c3cc(ccc13)c4nc(C)c([nH]4)c5ccccn5,7.0
3,CHEMBL75662,COc1ccc(cc1)S(=O)(=O)Nc2ccc(cc2)c3cc(N)n(n3)c4ccccc4,7.0
4,CHEMBL139483,Cc1nc(N2CCCCC2)c3[nH]c(cc3n1)c4cccs4,7.0
5,CHEMBL137404,Cc1nc(N2CCOCC2)c3[nH]c(cc3n1)c4ccccc4,7.0
6,CHEMBL1829318,CC(C)S(=O)(=O)NC[C@@H]1CC[C@H](CC1)NC(=O)CN2C(=O)COc3ccc(F)cc23,7.01
7,CHEMBL52382,Clc1ccc(NC(=O)NC[C@@H]2CC[C@@H](CNS(=O)(=O)c3cccc4ccccc34)CC2)cc1Cl,7.02
8,CHEMBL468846,COc1ccc2C(C3=C(O)CC(C)(C)CC3=O)C4=C(CC(C)(C)CC4=O)Oc2c1,7.03
9,CHEMBL294822,Cn1c2ccccc2c3cc(NC(=O)C(F)(F)F)ccc13,7.03
10,CHEMBL506812,Fc1ccc(cc1)C2(CNC(=N2)c3ccsc3)c4ccc(F)cc4,7.03
11,CHEMBL160722,CC(C)Oc1ccc(cc1)c2cc(NC(=O)C3Cc4ccccc4C3)[nH]n2,7.04
12,CHEMBL305987,COc1ccc2C3CC(=NC3CCc2c1)NC(=O)[C@@H]4CC[C@@H](CNS(=O)(=O)c5ccccc5)CC4,7.04
13,CHEMBL350684,O=C(NNC(=O)c1cc2ccccc2s1)[C@@H]3CC[C@@H](CNS(=O)(=O)c4cccc5cccnc45)CC3,7.04
14,CHEMBL491020,O=C1O[C@@]2(CC[C@H](CC2)c3nc4ccccc4[nH]3)c5ccccc15,7.04
15,CHEMBL495930,O=C1O[C@@]2(CC[C@H](CC2)c3nc4cccnc4[nH]3)c5ccccc15,7.04
16,CHEMBL403282,CN(C1CCN(CC1)S(=O)(=O)C)C(=O)NC2CCN(CC2)c3ccccc3F,7.06
17,CHEMBL1829329,COc1ccc2N(CCN[C@@H]3CC[C@@H](CNS(=O)(=O)C(C)C)CC3)CCOc2c1,7.06
18,CHEMBL351082,COc1ccc2CCCC(CNCC3CN(CCNS(=O)(=O)c4cccc5ccccc45)C3)Cc2c1,7.07
19,CHEMBL484267,CS(=O)(=O)c1ccc2[nH]c(nc2c1)N3CCC4(CC3)OC(=O)c5ccccc45,7.07
20,CHEMBL163470,Clc1ccc2CCCC(Cc2c1)NCC3CCN(CCNS(=O)(=O)c4cccc5ccccc45)CC3,7.07
21,CHEMBL498166,FC(F)(F)c1cccc2[nH]c(nc12)N3CCC4(CC3)OC(=O)c5ccccc45,7.08
22,CHEMBL469041,CC1(C)CC(=C(C2C3=C(CC(C)(C)CC3=O)Oc4ccc(F)cc24)C(=O)C1)O,7.09
23,CHEMBL82408,CN(C)CC(=O)N[C@@H]1CC[C@@H](CNc2nc3c(CCCc4ccc(F)cc34)s2)CC1,7.09
24,CHEMBL2016741,CN([C@@H]1CC[C@]2(CC1)Cc3cnccc3C(=O)O2)C(=O)Nc4cnc(cn4)c5ccccc5,7.09
25,CHEMBL1912074,CS(=O)(=O)NCCCCCNc1nc(cs1)c2ccsc2,7.1
26,CHEMBL73534,Cc1cc(nn1c2cccc(c2)C(F)(F)F)C(=O)Nc3cccc4cnccc34,7.1
27,CHEMBL158759,Cc1ccc(cc1)c2cc(NC(=O)C3Cc4ccccc4C3)[nH]n2,7.1
28,CHEMBL73251,Cc1ccc(cc1)n2nc(cc2N)c3ccc(NS(=O)(=O)c4ccc(cc4)[N+](=O)[O-])cc3,7.1
29,CHEMBL344820,Cc1nc(N2CCCCC2)c3[nH]c(cc3n1)c4cc(F)ccc4F,7.1
30,CHEMBL159450,[O-][N+](=O)c1ccc2CCCC(Cc2c1)NCC3CCN(CCNS(=O)(=O)c4cccc5ccccc45)CC3,7.1
31,CHEMBL78901,CC(=O)NC1CCN(CC(=O)Nc2nc3c(CCCc4ccc(F)cc34)s2)CC1,7.11
32,CHEMBL119426,CC(C)(C)Cn1c2ccccc2c3cc(NC(=O)N4CCOCC4)ccc13,7.11
33,CHEMBL425012,FC(F)(F)Oc1cc(Br)ccc1S(=O)(=O)NCC2CCC(CNc3ncc4ccccc4n3)CC2,7.11
34,CHEMBL2115090,CC(C)Cn1c2ccccc2c3cc(NC(=O)CCN4CCCC4)ncc13,7.13
35,CHEMBL1909729,CC1CN(CC(C)O1)S(=O)(=O)NCCCCCNc2nc(cs2)c3ccccn3,7.13
36,CHEMBL334373,CCC1CCCCN1c2[nH]c(C)nc3cc(nc23)c4ccccc4,7.13
37,CHEMBL42768,COc1ccc2C(Cc3cccnc3)C(CCc2c1)NC(=O)CN4CCC(CC4)n5c(O)nc6ccccc56,7.13
38,CHEMBL421695,Cc1ccc(cc1)n2nc(cc2N)c3ccc(NS(=O)(=O)c4ccc(N)cc4)cc3,7.13
39,CHEMBL526641,Cc1cccc2[nH]c(nc12)N3CCC4(CC3)OC(=O)c5ccccc45,7.13
40,CHEMBL3084863,Fc1ccc2C(CC=C)C(CCc2c1)NC(=O)[C@@H]3CC[C@@H](CNS(=O)(=O)c4ccccc4)CC3,7.13
41,CHEMBL162094,Cc1ccc2CCCC(Cc2c1)NCC3CCN(CCNS(=O)(=O)c4cccc5ccccc45)CC3,7.14
42,CHEMBL76422,CC(CC1CCCCC1)N(C)C(=O)Nc2ccc(Oc3ccccc3)cc2,7.15
43,CHEMBL467813,CC1(C)CC(=C(C2C3=C(CC(C)(C)CC3=O)Oc4c(Cl)cccc24)C(=O)C1)O,7.15
44,CHEMBL311824,Fc1ccc2OCCc3sc(NCC4CCN(CC4)C(=O)CN5CCCCC5)nc3c2c1,7.15
45,CHEMBL83255,CC(=O)N1CCC(CNc2nc3c(CCCc4ccc(F)cc34)s2)CC1,7.16
46,CHEMBL81442,CC(=O)N1CCC(CNc2nc3c(CCOc4ccc(F)cc34)s2)CC1,7.16
47,CHEMBL77010,C[C@H]([C@@H](O)c1ccccc1)N(C)\C(=N\c2ccc(Oc3ccccc3)cc2)\S,7.16
48,CHEMBL333509,Cc1[nH]c(nc1c2ccc(Cl)cc2)c3cccnc3,7.16
49,CHEMBL165556,COc1cc2CCCC(Cc2cc1OC)NCC3CCN(CCNS(=O)(=O)c4cccc5ccccc45)CC3,7.17
50,CHEMBL308110,Cc1ccc(cc1)n2nc(cc2N)c3ccc(NS(=O)(=O)c4ccc(OC(F)(F)F)cc4)cc3,7.17
51,CHEMBL137258,CCCc1cc2[nH]c(C)nc(N3CCCCC3)c2n1,7.18
52,CHEMBL354111,COc1ccc2CCC(O)(CNCC3CCN(CCNS(=O)(=O)c4cccc5ccccc45)CC3)c2c1,7.18
53,CHEMBL165506,COc1ccc2CCCC(Cc2c1)NC3CCN(CCNS(=O)(=O)c4cccc5ccccc45)CC3,7.18
54,CHEMBL75827,Cc1ccc(cc1)n2nc(cc2N)c3ccc(NS(=O)(=O)c4ccc(cc4)C(F)(F)F)cc3,7.2
55,CHEMBL159070,COc1ccc(cc1)c2cc(NC(=O)C3Cc4ccccc4C3)[nH]n2,7.21
56,CHEMBL316153,CC(C)C(=O)N1CCC(CNc2nc3c(CCOc4ccc(C)cc34)s2)CC1,7.22
57,CHEMBL1829330,CC(C)S(=O)(=O)NC[C@@H]1CC[C@H](CC1)NCCN2CCOc3ccc(Cl)cc23,7.22
58,CHEMBL1909731,COCCN(CCOC)S(=O)(=O)NCCCCCNc1nc(cs1)c2ccccn2,7.22
59,CHEMBL66168,O=C(NC1=NC2CCc3ccccc3C2C1)[C@@H]4CC[C@@H](CNS(=O)(=O)c5ccccc5)CC4,7.22
60,CHEMBL403223,CN(C1CCN(CC1)C(=O)C)C(=O)N[C@@H]2CC[C@H](CC2)c3ccccc3,7.23
61,CHEMBL435036,Clc1ccc(cc1)c2cc(NC(=O)C3Cc4ccccc4C3)[nH]n2,7.23
62,CHEMBL493998,OCc1cccc(c1)C2=NC(CN2)(c3ccc(F)cc3)c4ccc(F)cc4,7.23
63,CHEMBL497785,CN(C)C(=O)c1ccc2[nH]c(nc2c1)N3CCC4(CC3)OC(=O)c5ccccc45,7.24
64,CHEMBL67768,COc1ccc2C3CC(=NC3CCc2c1)NC[C@@H]4CC[C@@H](CNS(=O)(=O)c5ccccc5)CC4,7.24
65,CHEMBL343153,Cc1nc(N2CCC2)c3[nH]c(cc3n1)c4ccccc4,7.24
66,CHEMBL167621,COc1ccc2CCCC(O)(CNCC3CCN(CCNS(=O)(=O)c4cccc5ccccc45)CC3)Cc2c1,7.25
67,CHEMBL422608,COc1cccc(c1)c2c[nH]c(n2)c3cccnc3,7.25
68,CHEMBL496537,CS(=O)(=O)Nc1ccc2[nH]c(nc2c1)N3CCC4(CC3)OC(=O)c5ccccc45,7.25
69,CHEMBL493970,C1NC(=NC1(c2ccccc2)c3ccccc3)c4ccccc4,7.27
70,CHEMBL302584,Clc1ccc2C3CC(=NC3CCc2c1)NC[C@@H]4CC[C@@H](CNS(=O)(=O)c5ccccc5)CC4,7.27
71,CHEMBL494175,Fc1ccc(cc1)C2(CNC(=N2)c3cccs3)c4ccc(F)cc4,7.27
72,CHEMBL402557,CN(C1CCN(CC1)S(=O)(=O)C)C(=O)NC2CCN(CC2)c3ccccc3C,7.28
73,CHEMBL257939,CN(C1CCN(CC1)S(=O)(=O)C)C(=O)N[C@@H]2CC[C@H](CC2)c3ccccc3,7.28
74,CHEMBL137613,CN(Cc1occc1)c2[nH]c(C)nc3cc(nc23)c4ccccc4,7.28
75,CHEMBL118931,COc1ccc2C(Cc3cccnc3)C(CCc2c1)NCCCCCCNS(=O)(=O)c4ccccc4,7.28
76,CHEMBL266637,COc1ccc2CCc3[nH]c(nc3c2c1)c4ccccc4,7.28
77,CHEMBL137427,Cc1nc(N2CCCCC2)c3[nH]c(c(C)c3n1)c4ccccc4,7.28
78,CHEMBL279073,Clc1ccc2SC(=O)N(CC(=O)N3CCC(CC3)C(=O)Nc4nccs4)c2c1,7.28
79,CHEMBL46799,Fc1ccc2C(Cc3cccnc3)C(CCc2c1)NC(=O)CN4CCC(CC4)NC(=O)Oc5ccccc5,7.28
80,CHEMBL164586,Nc1ccc2CCCC(Cc2c1)NCC3CCN(CCNS(=O)(=O)c4cccc5ccccc45)CC3,7.28
81,CHEMBL522513,COc1cccc(c1)C2=NC(CN2)(c3ccc(F)cc3)c4ccc(F)cc4,7.29
82,CHEMBL497972,Clc1cccc2[nH]c(nc12)N3CCC4(CC3)OC(=O)c5ccccc45,7.29
83,CHEMBL1912072,CCC(C)S(=O)(=O)NCCCCCNc1nc(cs1)c2ccccn2,7.31
84,CHEMBL154168,CC(C)c1cc(C(C)C)c(c(c1)C(C)C)S(=O)(=O)NC[C@@H]2CC[C@H](CC2)C(=O)NNC(=O)c3cccs3,7.32
85,CHEMBL270890,CN(C1CCN(CC1)S(=O)(=O)C)C(=O)NC2CCN(CC2)c3ccc(Cl)c(Cl)c3,7.32
86,CHEMBL307458,COc1ccc(cc1)S(=O)(=O)Nc2ccc(cc2)c3cc(N)n(n3)c4cccc5ccccc45,7.32
87,CHEMBL439638,Clc1ccc(cc1)S(=O)(=O)NC[C@@H]2CC[C@H](CC2)C(=O)NNC(=O)c3cccs3,7.32
88,CHEMBL158732,Clc1ccc(cc1)c2cc(NC(=O)Cc3ccc4ccccc4c3)[nH]n2,7.33
89,CHEMBL452726,FC(F)(F)c1ccc2[nH]c(nc2c1)[C@@H]3CC[C@]4(CC3)OC(=O)c5ccccc45,7.33
90,CHEMBL495036,Fc1ccc(cc1)C2(CNC(=N2)c3cncnc3)c4ccc(F)cc4,7.33
91,CHEMBL17022,O=S(=O)(NC[C@@H]1CC[C@@H](CNCc2ccc3ccccc3c2)CC1)c4ccc5ccccc5c4,7.33
92,CHEMBL266904,Fc1ccc2CCCc3[nH]c(nc3c2c1)c4ccccn4,7.34
93,CHEMBL49906,[O-][N+](=O)c1ccccc1S(=O)(=O)NCCCCCCNC(=O)C2CCc3ccccc3C2,7.34
94,CHEMBL523943,Brc1ccc2[nH]c(nc2c1)[C@@H]3CC[C@]4(CC3)OC(=O)c5ccccc45,7.35
95,CHEMBL42020,CC(C)(C)OC(=O)NC1CCN(CC(=O)NC2CCc3cc(F)ccc3C2Cc4cccnc4)C1,7.35
96,CHEMBL162093,COc1ccc2CCCC(Cc2c1)NCC3CCN(CCNS(=O)(=O)c4cccc5ccccc45)CC3,7.35
97,CHEMBL419086,C[C@H]([C@H](O)c1ccccc1)N(C)C(=O)Nc2ccc(Oc3ccccc3)cc2,7.35
98,CHEMBL335145,Cc1nc(N2CCCCC2)c3[nH]c(cc3n1)C45C[C@@H]6C[C@@H](C[C@@H](C6)C4)C5,7.35
99,CHEMBL1912071,O=S(=O)(NCCCCCNc1nc(cs1)c2ccccn2)C3CC3,7.35
100,CHEMBL523364,CC(=O)c1cccc(c1)C2=NC(CN2)(c3ccc(F)cc3)c4ccc(F)cc4,7.36
101,CHEMBL137008,Cc1nc(N2CCCCC2)c3[nH]c(cc3n1)c4ccccc4F,7.36
102,CHEMBL292560,CCN1C(=O)c2ccc(NC(=O)C(F)(F)F)cc2c3ccccc13,7.37
103,CHEMBL158344,Cc1ccc(cc1)S(=O)(=O)NC[C@@H]2CC[C@H](CC2)C(=O)NNC(=O)c3cc4ccccc4s3,7.37
104,CHEMBL1783922,C[C@@H]1NC(=N[C@@]1(c2ccc(F)cc2)c3ccc(F)nc3)C4=CC(=O)NC=C4,7.38
105,CHEMBL3126051,CC(C)N1CCN([C@@H]2CC[C@@H](CC2)C(=O)Nc3ccc(cn3)c4cc(F)cc(F)c4)C1=O,7.39
106,CHEMBL417236,CCN1C(=O)c2ccc(NC(=O)CN(C)C)cc2c3ccccc13,7.39
107,CHEMBL469257,CCc1ccc2C(C3=C(O)CC(C)(C)CC3=O)C4=C(CC(C)(C)CC4=O)Oc2c1,7.39
108,CHEMBL195123,CN(C)c1nc(NCC2CCC(CNS(=O)(=O)C)CC2)nc3ccccc13,7.39
109,CHEMBL422816,COc1ccc(cc1)c2cc3[nH]c(C)nc(N4CCCCC4)c3n2,7.39
110,CHEMBL574089,CS(=O)(=O)N1CC2(CCN(CC2)C(=O)Nc3ccc(cc3)n4nccn4)c5ccccc15,7.39
111,CHEMBL79302,Fc1ccc2OCCc3sc(NCC4CCN(CC4)C(=O)CN5CCOCC5)nc3c2c1,7.39
112,CHEMBL79500,CC(C)C(=O)N1CCC(CNc2nc3c(CCOc4cc(F)c(F)cc34)s2)CC1,7.4
113,CHEMBL72133,Cc1ccc(cc1)n2nc(cc2N)c3ccc(NS(=O)(=O)c4ccc(C)cc4)cc3,7.4
114,CHEMBL311229,Cc1ccc2OCCc3sc(NCC4CCN(CC4)C(=O)[C@H]5CCCO5)nc3c2c1,7.4
115,CHEMBL332582,Cc1ccccc1c2c[nH]c(n2)c3cccnc3,7.4
116,CHEMBL332561,Clc1ccc(cc1Cl)c2c[nH]c(n2)c3cnccn3,7.4
117,CHEMBL3084876,Fc1ccc2C(Cc3cccnc3)C(CCc2c1)NC(=O)[C@@H]4CC[C@@H](CNS(=O)(=O)c5ccccc5)CC4,7.4
118,CHEMBL324028,O=C(Nc1ccc2c(c1)c3ccccc3n2C4CCOC4)N5CCOCC5,7.4
119,CHEMBL351508,COc1ccc2CCCC(CNC3CCN(CCNS(=O)(=O)c4cccc5ccccc45)CC3)Cc2c1,7.41
120,CHEMBL1744020,Cl.O=S(=O)(NC[C@@H]1CC[C@@H](CNC2=NC3CCc4ccccc4C3C2)CC1)c5ccccc5,7.41
121,CHEMBL523964,Clc1ccc2[nH]c(nc2c1)[C@@H]3CC[C@]4(CC3)OC(=O)c5ccccc45,7.41
122,CHEMBL492766,Fc1ccc(cc1)C2(CNC(=N2)c3cccc(n3)C#N)c4ccc(F)cc4,7.41
123,CHEMBL42437,Fc1ccc2C(Cc3cccnc3)C(CCc2c1)NC(=O)[C@@H]4CC[C@@H](CNC(=O)c5ccccc5)CC4,7.41
124,CHEMBL418459,CC(C)N1C(=O)c2ccc(NC(=O)CN(C)C)cc2c3ccccc13,7.42
125,CHEMBL80006,CCCCC(=O)N1CCC(CNc2nc3c(CCOc4cc(F)c(F)cc34)s2)CC1,7.42
126,CHEMBL1909728,O=S(=O)(NCCCCCNc1nc(cs1)c2ccccn2)N3CCOCC3,7.42
127,CHEMBL164897,O=S(=O)(NC[C@@H]1CC[C@H](CNCC2CCc3ccccc3C2)CC1)c4cccc5ccccc45,7.42
128,CHEMBL42620,CC(C)(C)OC(=O)NC1CCN(CC(=O)NC2CCc3cc(F)ccc3C2Cc4cccnc4)CC1,7.43
129,CHEMBL81551,COCC(=O)N1CCC(CNc2nc3c(CCOc4ccc(F)cc34)s2)CC1,7.43
130,CHEMBL73401,COc1ccc(cc1)S(=O)(=O)Nc2ccc(cc2)c3cc(N)n(n3)c4ccc(F)cc4,7.43
131,CHEMBL444319,COc1ccc(cc1)S(=O)(=O)Nc2ccc(cc2)c3cc(N)n(n3)c4cccc(C)c4,7.43
132,CHEMBL525543,COc1ccc2[nH]c(nc2c1)N3CCC4(CC3)OC(=O)c5ccccc45,7.43
133,CHEMBL325704,FC(F)(F)c1ccc(cc1)c2c[nH]c(n2)c3cccnc3,7.43
134,CHEMBL467550,CC1(C)CC(=C(C2C3=C(CC(C)(C)CC3=O)Oc4cc(Br)ccc24)C(=O)C1)O,7.44
135,CHEMBL337152,CCN(CC)c1[nH]c(C)nc2cc(nc12)c3ccccc3,7.44
136,CHEMBL469256,Cc1ccc2C(C3=C(O)CC(C)(C)CC3=O)C4=C(CC(C)(C)CC4=O)Oc2c1,7.44
137,CHEMBL451955,Cc1ccc2[nH]c(nc2c1)N3CCC4(CC3)OC(=O)c5ccccc45,7.44
138,CHEMBL288763,Fc1ccc2C(Cc3cccnc3)C(CCc2c1)NC(=O)CN4CCC(CC4)NC(=O)Cc5ccccc5,7.44
139,CHEMBL404462,CN(C1CCN(CC1)S(=O)(=O)C)C(=O)NC2CCN(CC2)c3cccc(F)c3,7.46
140,CHEMBL76661,CN(CCc1ccccc1)C(=O)Nc2ccc(Oc3ccccc3)cc2,7.46
141,CHEMBL66371,COc1ccc2C3CC(=NC3CCc2c1)NC[C@@H]4CC[C@@H](CNS(=O)(=O)c5ccccc5F)CC4,7.46
142,CHEMBL1909721,CC(C)S(=O)(=O)NCCCCCNc1nc(cs1)c2sc(C)nc2C,7.47
143,CHEMBL468225,CC1(C)CC(=C(C2C3=C(CC(C)(C)CC3=O)Oc4c(F)cccc24)C(=O)C1)O,7.47
144,CHEMBL512787,CC1(C)CC(=C(C2C3=C(CC(C)(C)CC3=O)Oc4cc(Cl)ccc24)C(=O)C1)O,7.47
145,CHEMBL309370,CN(C1CCc2ccccc2C1)C(=O)Nc3ccc(Oc4ccccc4)cc3,7.47
146,CHEMBL120431,Fc1ccc(cc1F)c2c[nH]c(n2)c3cccnc3,7.47
147,CHEMBL327027,c1ccc(cc1)c2c[nH]c(n2)c3ccccc3,7.47
148,CHEMBL491762,CC1(C)CC(=C(C2C3=C(CC(C)(C)CC3=O)Oc4ccccc24)C(=O)C1)O,7.48
149,CHEMBL160443,COc1ccc(cc1OC)c2cc(NC(=O)C3Cc4ccccc4C3)[nH]n2,7.48
150,CHEMBL118973,Cn1c2ccccc2c3cc(NC(=O)CCc4ccncc4)ccc13,7.48
151,CHEMBL422150,O=C(NNC(=O)c1cccs1)[C@@H]2CC[C@@H](CNS(=O)(=O)c3ccccc3)CC2,7.49
152,CHEMBL137530,C1CCN(CC1)c2[nH]c(nc3cc(nc23)c4ccccc4)C5CC5,7.5
153,CHEMBL268654,Cc1ccc2CCCc3[nH]c(nc3c2c1)c4ccccn4,7.5
154,CHEMBL493971,Fc1ccc(cc1)C2(CNC(=N2)c3ccccc3)c4ccc(F)cc4,7.5
155,CHEMBL415926,O=S(=O)(NC[C@@H]1CC[C@@H](CNCC2CCc3ccccc3C2)CC1)c4ccc5ccccc5c4,7.5
156,CHEMBL193771,CN(C)c1nc(NC2CCC(CC2)NS(=O)(=O)c3ccc(Br)cc3OC(F)(F)F)nc4ccccc14,7.51
157,CHEMBL44036,Fc1ccc2C(Cc3cccnc3)C(CCc2c1)NC(=O)[C@@H]4CC[C@@H](CNC(=O)Oc5ccccc5)CC4,7.51
158,CHEMBL1912083,O=S(=O)(NCCCCCNc1nc(cs1)c2ccccn2)c3cccs3,7.51
159,CHEMBL42031,CC(C)(C)OC(=O)N[C@@H]1CCN(CC(=O)NC2CCc3cc(F)ccc3C2Cc4cccnc4)C1,7.52
160,CHEMBL73643,COc1ccc(cc1)S(=O)(=O)Nc2ccc(cc2)c3cc(N)n(n3)c4cccc(c4)N(C)C,7.52
161,CHEMBL499973,Cc1cccc(c1)C2=NC(CN2)(c3ccc(F)cc3)c4ccc(F)cc4,7.52
162,CHEMBL133032,Cc1nc(N2CCCCC2)c3oc(cc3n1)c4ccccc4,7.52
163,CHEMBL120377,Clc1ccc(cc1Cl)c2c[nH]c(n2)c3ccccn3,7.52
164,CHEMBL513701,CC1(C)CC(=C(C2C3=C(CC(C)(C)CC3=O)Oc4cc(F)ccc24)C(=O)C1)O,7.54
165,CHEMBL3099721,CC[C@H](C)[C@H](N)C(=O)N[C@@H](CCCCN)C(=O)N1CCC[C@H]1C(=O)N[C@@H](CCC(=O)O)C(=O)N[C@@H](C)C(=O)N2CCC[C@H]2C(=O)NCC(=O)N[C@@H](CCC(=O)O)C(=O)N[C@@H](CC(=O)O)C(=O)N[C@@H](C)C(=O)N[C@@H](CO)C(=O)N3CCC[C@H]3C(=O)N[C@@H](CCC(=O)O)C(=O)N[C@@H](CCC(=O)O)C(=O)N[C@@H](CC(C)C)C(=O)N[C@@H](CC(=O)N)C(=O)N[C@@H](CCCNC(=N)N)C(=O)N[C@@H](Cc4ccc(O)cc4)C(=O)N[C@@H](Cc5ccc(O)cc5)C(=O)N[C@@H](C)C(=O)N[C@@H](CO)C(=O)N[C@@H](CC(C)C)C(=O)N[C@@H](CCCNC(=N)N)C(=O)N[C@@H](Cc6cnc[nH]6)C(=O)N[C@@H](Cc7ccc(O)cc7)C(=O)N[C@@H](CC(C)C)C(=O)N[C@@H](CC(=O)N)C(=O)N[C@@H](C)C(=O)N[C@@H](C(C)C)C(=O)N[C@@H]([C@@H](C)O)C(=O)N[C@@H](CCCNC(=N)N)C(=O)N[C@@H](CCC(=O)N)C(=O)N[C@@H](CCCNC(=N)N)C(=O)O[C@@H](Cc8ccc(O)cc8)C(=O)N,7.54
166,CHEMBL136650,CNc1nc(N2CCCCC2)c3[nH]c(cc3n1)c4ccccc4,7.54
167,CHEMBL72547,Cc1ccc(cc1)n2nc(cc2N)c3ccc(NS(=O)(=O)c4ccc(F)cc4)cc3,7.54
168,CHEMBL312361,Fc1ccc2CCCc3sc(NC[C@@H]4CC[C@H](CC4)NC(=O)CN5CCCCC5)nc3c2c1,7.54
169,CHEMBL153522,Brc1ccc(cc1)S(=O)(=O)NC[C@@H]2CC[C@H](CC2)C(=O)NNC(=O)c3cc4ccccc4s3,7.55
170,CHEMBL137758,CCCc1nc(N2CCCCC2)c3[nH]c(cc3n1)c4ccccc4,7.55
171,CHEMBL79849,CCOCC(=O)N1CCC(CNc2nc3c(CCOc4ccc(F)cc34)s2)CC1,7.55
172,CHEMBL409418,COc1ccc2CCCC(O)(CNCC3CCN(CC3)C(=O)CN4C(=O)Sc5ccc(Cl)cc45)c2c1,7.55
173,CHEMBL1783925,C[C@@H]1NC(=N[C@@]1(c2ccc(F)cc2)c3ccc(F)nc3)C4=C(C)C=CC(=O)N4,7.55
174,CHEMBL44886,Fc1ccc2C(Cc3cccnc3)C(CCc2c1)NC(=O)CN4CCC(CC4)NC(=O)c5ccccc5,7.55
175,CHEMBL525918,Fc1ccc2[nH]c(nc2c1)N3CCC4(CC3)OC(=O)c5ccccc45,7.55
176,CHEMBL301747,[O-][N+](=O)c1ccccc1S(=O)(=O)NC[C@@H]2CC[C@@H](CNCc3ccnc4ccccc34)CC2,7.55
177,CHEMBL1829309,CN(C)S(=O)(=O)NC[C@@H]1CC[C@H](CC1)NC(=O)CN2C(=O)CC(C)(C)Sc3ccccc23,7.57
178,CHEMBL404304,CN(C1CCN(CC1)S(=O)(=O)C)C(=O)NC2CCN(CC2)c3cccc(c3)C#N,7.57
179,CHEMBL120117,FC(F)(F)c1ccccc1c2c[nH]c(n2)c3cccnc3,7.57
180,CHEMBL119355,Fc1ccc2C(Cc3cccnc3)C(CCc2c1)NC(=O)CN4CC[C@H](C4)NS(=O)(=O)c5ccccc5,7.57
181,CHEMBL3084886,Fc1ccc2C(Cc3cccnc3)C(CCc2c1)NC[C@@H]4CC[C@@H](CNS(=O)(=O)c5ccccc5)CC4,7.57
182,CHEMBL51874,FC(F)(F)c1ccccc1S(=O)(=O)NC[C@@H]2CC[C@@H](CNCc3cccc4ccccc34)CC2,7.59
183,CHEMBL42658,Fc1ccc2C(Cc3cccnc3)C(CCc2c1)NC(=O)CN4CC[C@@H](C4)NC(=O)c5ccccc5,7.59
184,CHEMBL593935,O=C(Nc1cc([nH]n1)c2ccccc2)[C@@H]3CC[C@]4(CC3)OC(=O)c5cccnc45,7.59
185,CHEMBL422012,CCc1cc(ccn1)c2cc(NC(=O)C3Cc4ccc5ccccc5c4C3)[nH]n2,7.6
186,CHEMBL310292,CN(C)C(=O)CCCCNc1nc2c(CCCc3ccc(F)cc23)s1,7.6
187,CHEMBL6938,COc1ccc2CCCc3[nH]c(nc3c2c1)c4ccccc4,7.6
188,CHEMBL75823,Cc1ccc(cc1)n2nc(cc2N)c3ccc(NS(=O)(=O)c4ccccc4)cc3,7.6
189,CHEMBL309449,Cc1ccc2OCCc3sc(NCC4CCN(CC4)C(=O)c5ccccn5)nc3c2c1,7.6
190,CHEMBL296022,Oc1nc2ccccc2n1C3CCN(CC(=O)NC4CCc5cc(F)ccc5C4Cc6cccnc6)CC3,7.6
191,CHEMBL77355,CC[C@@H](C)N(C)C(=O)Nc1ccc(Oc2ccccc2)cc1,7.62
192,CHEMBL79714,CN1CCN(CC(=O)N2CCC(CNc3nc4c(CCCc5ccc(F)cc45)s3)CC2)CC1,7.62
193,CHEMBL166399,COc1ccc2CCCC(O)(CNCCC3CCN(CCNS(=O)(=O)c4cccc5ccccc45)CC3)c2c1,7.62
194,CHEMBL466756,OC1=C(C2C3=C(CC4(CCCCC4)CC3=O)Oc5ccccc25)C(=O)CC6(CCCCC6)C1,7.62
195,CHEMBL1829316,CC(C)S(=O)(=O)NC[C@@H]1CC[C@H](CC1)NC(=O)CN2CCC(C)(C)S(=O)(=O)c3ccccc23,7.64
196,CHEMBL3084865,COc1ccc2C(Cc3cccnc3)C(CCc2c1)NC[C@@H]4CC[C@@H](CNS(=O)(=O)c5ccccc5F)CC4,7.64
197,CHEMBL492375,CS(=O)(=O)N1CC2(CCN(CC2)C(=O)Nc3cccc(c3)c4ccncc4)c5ccccc15,7.64
198,CHEMBL81000,CS(=O)(=O)NC[C@@H]1CC[C@H](CC1)Nc2nc(cs2)c3ccc(F)cc3,7.64
199,CHEMBL2016733,CN([C@@H]1CC[C@]2(CC1)OC(=O)c3ccccc23)C(=O)Nc4ccn(n4)c5ccccc5F,7.66
200,CHEMBL312169,COCCC(=O)N1CCC(CNc2nc3c(CCOc4ccc(F)cc34)s2)CC1,7.66
201,CHEMBL331319,N[C@@H](CCCCNS(=O)(=O)c1ccccc1F)C(=O)NC2CCc3cc(F)ccc3C2Cc4cccnc4,7.66
202,CHEMBL298037,Oc1nc2ccccc2n1C3CCN(CC(=O)NC4CCc5ccccc5C4Cc6cccnc6)CC3,7.66
203,CHEMBL82710,CC(C)OCC(=O)N1CCC(CNc2nc3c(CCOc4ccc(C)cc34)s2)CC1,7.68
204,CHEMBL1829317,CC(C)S(=O)(=O)NC[C@@H]1CC[C@H](CC1)NC(=O)CN2C(=O)COc3ccccc23,7.68
205,CHEMBL294286,CCn1c2ccccc2c3cc(NC(=O)CN(C)C)ccc13,7.68
206,CHEMBL120332,Clc1ccccc1c2c[nH]c(n2)c3cccnc3,7.68
207,CHEMBL3084890,Fc1ccc2C(CC=C)C(CCc2c1)NC[C@@H]3CC[C@@H](CNS(=O)(=O)c4ccccc4)CC3,7.68
208,CHEMBL154889,Cc1ccc(cc1)S(=O)(=O)NC[C@@H]2CC[C@H](CC2)C(=O)NNC(=O)c3cccs3,7.69
209,CHEMBL7017,C1Cc2ccccc2c3[nH]c(nc3C1)c4ccncc4,7.7
210,CHEMBL512996,CCC1(CC)CC(=C(C2C3=C(CC(CC)(CC)CC3=O)Oc4ccccc24)C(=O)C1)O,7.7
211,CHEMBL84285,CCCCC(=O)N1CCC(CNc2nc3c(CCOc4cc(F)c(Cl)cc34)s2)CC1,7.7
212,CHEMBL345082,CCc1nc(N2CCCCC2)c3[nH]c(cc3n1)c4ccccc4,7.7
213,CHEMBL404398,CN(C1CCN(CC1)S(=O)(=O)C)C(=O)NC2CCN(CC2)c3cccc(C)c3,7.7
214,CHEMBL525908,CNC(=O)c1ccc2[nH]c(nc2c1)N3CCC4(CC3)OC(=O)c5ccccc45,7.7
215,CHEMBL306277,C[C@H]([C@@H](O)c1ccccc1)N(C)C(=O)Nc2ccc(OCc3ccccc3)cc2,7.7
216,CHEMBL497644,FC(F)(F)c1ccc(cc1)c2cnc(NC(=O)N3CCC4(CC3)OC(=O)c5ccccc45)nc2,7.7
217,CHEMBL80041,Fc1ccc2CCCc3sc(NCC4CCN(CC4)C(=O)c5ccccc5F)nc3c2c1,7.7
218,CHEMBL3084800,Nc1ccccc1S(=O)(=O)NCC2CCC(CC2)c3cc(N)n(n3)c4ccc(cc4)C(F)(F)F,7.7
219,CHEMBL490608,O=C1O[C@@]2(CC[C@H](CC2)c3nc4cc(ccc4[nH]3)C#N)c5ccccc15,7.7
220,CHEMBL1829314,CC(C)S(=O)(=O)NC[C@@H]1CC[C@H](CC1)NC(=O)CN2C(=O)CC(C)(C)Sc3ccccc23,7.72
221,CHEMBL119507,Cc1[nH]c(nc1c2cccc(Cl)c2)c3cccnc3,7.72
222,CHEMBL1912086,Cc1onc(C)c1S(=O)(=O)NCCCCCNc2nc(cs2)c3ccccn3,7.72
223,CHEMBL3084885,Fc1ccc2C(Cc3cccnc3)C(CCc2c1)NC[C@@H]4CC[C@@H](CNS(=O)(=O)c5ccccc5F)CC4,7.72
224,CHEMBL312710,Fc1ccc2OCCc3sc(NCC4CCN(CC4)C(=O)[C@@H]5CCCO5)nc3c2c1,7.72
225,CHEMBL521720,O=C1OC2(CCN(CC2)c3nc4cc(ccc4[nH]3)C#N)c5ccccc15,7.72
226,CHEMBL84269,CCOCC(=O)N1CCC(CNc2nc3c(CCOc4ccc(C)cc34)s2)CC1,7.75
227,CHEMBL79301,CN(CC1CC1)CC(=O)N2CCC(CNc3nc4c(CCOc5ccc(F)cc45)s3)CC2,7.75
228,CHEMBL136093,Cc1nc(N2CCCCC2)c3nc(COc4ccccc4)cc3[nH]1,7.75
229,CHEMBL43659,CC(C)(C)OC(=O)N[C@H]1CCN(CC(=O)NC2CCc3cc(F)ccc3C2Cc4cccnc4)C1,7.77
230,CHEMBL137538,CC1CCCC(C)N1c2[nH]c(C)nc3cc(nc23)c4ccccc4,7.77
231,CHEMBL82196,CCCCC(=O)N1CCC(CNc2nc3c(CCOc4ccc(OC)cc34)s2)CC1,7.77
232,CHEMBL2440192,CC[C@H](C)[C@H](NC(=O)[C@H](CC(C)C)NC(=O)[C@H](CCSC)NC(=O)[C@H](CC(=O)N)NC(=O)[C@@H](NC(=O)[C@H](Cc1ccc(O)cc1)NC(=O)[C@H](CCCNC(=N)N)NC(=O)[C@H](CCCNC(=N)N)NC(=O)[C@H](CC(C)C)NC(=O)[C@H](CC(=O)O)NC(=O)[C@H](C)NC(=O)[C@H](C)NC(=O)[C@H](Cc2ccc(O)cc2)NC(=O)[C@H](CCC(=O)N)NC(=O)[C@H](C)NC(=O)[C@H](CCSC)NC(=O)[C@H](CCC(=O)N)NC(=O)[C@H](CCC(=O)O)NC(=O)[C@@H]3CCCN3C(=O)[C@@H](NC(=O)[C@H](C)NC(=O)[C@H](CC(=O)N)NC(=O)[C@H](CC(=O)O)NC(=O)CNC(=O)[C@@H]4CCCN4C(=O)[C@H](Cc5ccc(O)cc5)NC(=O)[C@@H](NC(=O)[C@@H]6CCCN6C(=O)[C@H](CCC(=O)O)NC(=O)[C@H](CC(C)C)NC(=O)[C@@H]7CCCN7C(=O)[C@H](C)N)C(C)C)[C@@H](C)O)[C@@H](C)O)C(=O)N[C@@H](CCCNC(=N)N)C(=O)N8CCC[C@H]8C(=O)N[C@@H](CCCNC(=N)N)C(=O)N[C@H](N)Cc9ccc(O)cc9,7.77
233,CHEMBL81427,Cc1ccc2OCCc3sc(NCC4CCN(CC4)C(=O)[C@@H]5CCCO5)nc3c2c1,7.77
234,CHEMBL276283,Clc1ccc2SC(=O)N(CC(=O)N3CCC(CC3)C(=O)Nc4cccc5ccccc45)c2c1,7.77
235,CHEMBL523339,Fc1ccc(cc1)C2(CNC(=N2)c3cncc(c3)C#N)c4ccc(F)cc4,7.77
236,CHEMBL524988,O=C1OC2(CCN(CC2)c3nc4c(cccc4[nH]3)c5ccccc5)c6ccccc16,7.77
237,CHEMBL469173,OC1=C(C2C3=C(CC4(CCCC4)CC3=O)Oc5ccccc25)C(=O)CC6(CCCC6)C1,7.77
238,CHEMBL299295,OCC(Cc1ccc(Cl)cc1)NC[C@@H]2CC[C@@H](CNS(=O)(=O)c3cccc4ccccc34)CC2,7.77
239,CHEMBL2110162,OC(=O)CCc1cccc(CC(=O)Nc2cc(n[nH]2)c3ccc(Cl)cc3)c1,7.79
240,CHEMBL45199,CC(C)(C)OC(=O)NC[C@@H]1CC[C@H](CC1)C(=O)NC2CCc3cc(F)ccc3C2Cc4cccnc4,7.8
241,CHEMBL59866,CC(C)N1C(=O)c2ccc(NC(=O)Cc3ccncc3)cc2c4ccccc14,7.8
242,CHEMBL350620,COc1ccc2CCCC(CNCC3CCN(CCNS(=O)(=O)c4cccc5ccccc45)CC3)Cc2c1,7.8
243,CHEMBL333310,Clc1ccc(cc1)c2c[nH]c(n2)c3cccnc3,7.8
244,CHEMBL81621,CC(=O)C1(CCC(CC(=O)Nc2nc3c(CCCc4ccc(F)cc34)s2)CC1)c5ccccc5,7.82
245,CHEMBL294842,CC(C)n1c2ccccc2c3cc(NC(=O)C(F)(F)F)ccc13,7.82
246,CHEMBL303325,CCn1c2ccccc2c3cc(ccc13)c4nc(C)c([nH]4)c5ccccc5,7.82
247,CHEMBL417225,CCn1c2ccccc2c3cc(ccc13)c4nc5cc[nH]cc5n4,7.82
248,CHEMBL419104,CN(C)S(=O)(=O)NC[C@@H]1CC[C@H](CC1)Nc2nc3c4ccccc4Sc5ccccc5c3s2,7.82
249,CHEMBL83748,COCCCNCC(=O)N1CCC(CNc2nc3c(CCCc4ccc(F)cc34)s2)CC1,7.82
250,CHEMBL430414,COc1ccc(cc1)S(=O)(=O)Nc2ccc(cc2)c3cc(N)n(n3)c4ccc(C)cc4,7.82
251,CHEMBL443809,CS(=O)(=O)n1c2ccccc2c3cc(NC(=O)N4CCOCC4)ccc13,7.82
252,CHEMBL81636,Fc1ccc2CCCc3sc(NC[C@@H]4CC[C@H](CC4)NC(=O)c5cccs5)nc3c2c1,7.82
253,CHEMBL522609,O=C1O[C@@]2(CC[C@H](CC2)c3nc4cc(ccc4[nH]3)c5ocnn5)c6ccccc16,7.82
254,CHEMBL1829331,CC(C)S(=O)(=O)NC[C@@H]1CC[C@H](CC1)NCCN2CCOc3cc(Cl)ccc23,7.85
255,CHEMBL508770,CC1(C)CC(=C([C@H]2C3=C(CC(C)(C)CC3=O)Oc4ccccc24)C(=O)C1)O,7.85
256,CHEMBL61879,CCn1c2ccccc2c3cc(NC(=O)C(F)(F)F)ccc13,7.85
257,CHEMBL495828,COc1ccc(cc1)c2cnc(NC(=O)N3CCC4(CC3)OC(=O)c5ccccc45)nc2,7.85
258,CHEMBL339652,Cc1cccc(c1)c2c[nH]c(n2)c3cccnc3,7.85
259,CHEMBL467558,OC1=C(C2C3=C(CC4(CCC4)CC3=O)Oc5ccccc25)C(=O)CC6(CCC6)C1,7.85
260,CHEMBL51138,[O-][N+](=O)c1ccccc1S(=O)(=O)NC[C@@H]2CC[C@@H](CNCc3ccc4ccccc4n3)CC2,7.85
261,CHEMBL441059,CC(C)C(=O)N1CCC(CNc2nc3c(CCOc4cc(F)c(Cl)cc34)s2)CC1,7.89
262,CHEMBL255352,CN(C1CCN(CC1)S(=O)(=O)C)C(=O)NC2CCN(CC2)c3cccc(Cl)c3,7.89
263,CHEMBL167860,COc1ccc2CCCC(O)(CNCC3CCN(CCNS(=O)(=O)c4cccc(C)c4)CC3)c2c1,7.89
264,CHEMBL267193,COc1ccc2CCCc3[nH]c(nc3c2c1)c4ccncc4,7.89
265,CHEMBL1782077,C[C@@H]1NC(=N[C@@]1(c2ccc(F)cc2)c3ccc(F)nc3)C4=CN(C)C(=O)C=C4,7.89
266,CHEMBL269561,Fc1ccc2CCCc3[nH]c(nc3c2c1)c4ccncc4,7.89
267,CHEMBL157157,O=C(NNC(=O)c1cccs1)[C@@H]2CC[C@@H](CNS(=O)(=O)c3cccs3)CC2,7.9
268,CHEMBL1912068,CC(C)S(=O)(=O)NCCCCCNc1nc(cs1)c2ccccn2,7.92
269,CHEMBL2013028,CC(C)S(=O)(=O)NC[C@@H]1CC[C@H](CC1)NC(=O)Cc2c[nH]c3ccccc23,7.92
270,CHEMBL325639,CC(C)n1c2ccccc2c3c(F)c(NC(=O)N4CCOCC4)c(F)cc13,7.92
271,CHEMBL304896,CCN1C(=O)c2ccc(NC(=O)Cc3ccncc3)cc2c4ccccc14,7.92
272,CHEMBL3126049,CN1CCCN([C@@H]2CC[C@@H](CC2)C(=O)Nc3ccc(cn3)c4cc(F)cc(F)c4)C1=O,7.92
273,CHEMBL3084904,Fc1ccc2C(Cc3cccnc3)C(CCc2c1)NC(=O)[C@@H]4CC[C@@H](CNS(=O)(=O)c5ccccc5F)CC4,7.92
274,CHEMBL445613,O=S(=O)(NC[C@@H]1CC[C@@H](CNCc2ccc3OCCOc3c2)CC1)c4cccc5ccccc45,7.92
275,CHEMBL155553,O=C(NNC(=O)c1cc2ccccc2s1)[C@@H]3CC[C@@H](CNS(=O)(=O)c4cccs4)CC3,7.94
276,CHEMBL2016743,CCN([C@@H]1CC[C@]2(CC1)Cc3ccccc3C(=O)O2)C(=O)Nc4cnc(cn4)c5ccccc5,7.96
277,CHEMBL292729,CCn1c2ccccc2c3cc(NC(=O)CCN4CCCC4)ccc13,7.96
278,CHEMBL3084877,COc1ccc2C(Cc3cccnc3)C(CCc2c1)NC(=O)[C@@H]4CC[C@@H](CNS(=O)(=O)c5ccccc5)CC4,7.96
279,CHEMBL3084871,COc1ccc2C(Cc3cccnc3)C(CCc2c1)NC(=O)[C@@H]4CC[C@@H](CNS(=O)(=O)c5ccccc5F)CC4,7.96
280,CHEMBL167558,COc1ccc2CCCC(O)(CNCC3CCN(CCNS(=O)(=O)c4cccc(Cl)c4C)CC3)c2c1,7.96
281,CHEMBL577358,CS(=O)(=O)N1CC2(CCN(CC2)C(=O)Nc3ccc(Cl)nc3)c4ccccc14,7.96
282,CHEMBL1784123,C[C@@H]1NC(=N[C@@]1(c2ccc(F)cc2)c3ccc(F)nc3)C4=CNC(=O)C(=C4)F,7.96
283,CHEMBL135831,Cc1nc(N2CCCCC2)c3nc(cc3[nH]1)C4CCCCC4,7.96
284,CHEMBL442399,Fc1ccc2C(Cc3cccnc3)C(CCc2c1)NC(=O)CN4CCC(C4)NS(=O)(=O)c5ccccc5,7.96
285,CHEMBL51884,O=S(=O)(NC[C@@H]1CC[C@@H](CNCC2CCc3ccccc3C2)CC1)c4cccc5ccccc45,7.96
286,CHEMBL497570,Brc1ccc2[nH]c(nc2c1)N3CCC4(CC3)OC(=O)c5ccccc45,8.0
287,CHEMBL2013011,CC(C)S(=O)(=O)NC[C@@H]1CC[C@H](CC1)NC(=O)CN2C(=O)Oc3ccccc23,8.0
288,CHEMBL137638,CCCCc1cc2[nH]c(C)nc(N3CCCCC3)c2n1,8.0
289,CHEMBL3126050,CCN1CCN([C@@H]2CC[C@@H](CC2)C(=O)Nc3ccc(cn3)c4cc(F)cc(F)c4)C1=O,8.0
290,CHEMBL61934,CCn1c2ccccc2c3cc(ccc13)c4nc(C)c(C)[nH]4,8.0
291,CHEMBL2016735,CN([C@@H]1CC[C@@]2(CC1)OCc3ccccc23)C(=O)Nc4ccn(n4)c5ccccc5F,8.0
292,CHEMBL3084895,COc1ccc2C(Cc3cccnc3)C(CCc2c1)NC[C@@H]4CC[C@@H](CNS(=O)(=O)c5ccccc5)CC4,8.0
293,CHEMBL17214,Cc1ccc2nc(NC(=O)C3CCN(CC3)C(=O)CN4C(=O)Sc5ccc(Cl)cc45)sc2c1,8.0
294,CHEMBL51542,FC(F)(F)c1ccccc1S(=O)(=O)NC[C@@H]2CC[C@@H](CNCc3ccc4ccccc4c3)CC2,8.0
295,CHEMBL522489,Fc1ccc(cc1)C2(CNC(=N2)c3cccc(F)c3)c4ccc(F)cc4,8.0
296,CHEMBL117400,Fc1ccc2C(Cc3cccnc3)C(CCc2c1)NC(=O)CN4CCC(CC4)NS(=O)(=O)c5ccccc5,8.0
297,CHEMBL3084801,Nc1cc(nn1c2ccc(cc2)C(F)(F)F)C3CCC(CNS(=O)(=O)c4ccccc4[N+](=O)[O-])CC3,8.0
298,CHEMBL3084802,Nc1cc(nn1c2cccc(c2)C(F)(F)F)C3CCC(CNS(=O)(=O)c4ccccc4[N+](=O)[O-])CC3,8.0
299,CHEMBL2113711,Nc1ccccc1S(=O)(=O)NC[C@@H]2CC[C@@H](CNCC3CCc4ccccc4C3)CC2,8.0
300,CHEMBL350690,O=C(Nc1cc([nH]n1)c2ccncc2)C3Cc4ccc5ccccc5c4C3,8.0
301,CHEMBL497152,[O-][N+](=O)c1ccc2[nH]c(nc2c1)N3CCC4(CC3)OC(=O)c5ccccc45,8.0
302,CHEMBL492567,CS(=O)(=O)N1CC2(CCN(CC2)C(=O)Nc3nccc(n3)c4ccccc4)c5ccccc15,8.01
303,CHEMBL483040,O=C1OC2(CCN(CC2)c3nc4cc5OCOc5cc4[nH]3)c6ccccc16,8.03
304,CHEMBL1829332,CC(C)S(=O)(=O)NC[C@@H]1CC[C@H](CC1)NCCN2CCOc3cc(ccc23)C(F)(F)F,8.04
305,CHEMBL495369,CS(=O)(=O)c1cccc(c1)C2=NC(CN2)(c3ccc(F)cc3)c4ccc(F)cc4,8.04
306,CHEMBL519651,Cc1cc2nc([nH]c2cc1C)N3CCC4(CC3)OC(=O)c5ccccc45,8.04
307,CHEMBL2013027,CC(C)S(=O)(=O)NC[C@@H]1CC[C@H](CC1)NC(=O)Cn2c(C)cc3ccccc23,8.05
308,CHEMBL576941,COc1cccc2sc(NC(=O)N3CCC4(CC3)CN(c5ccccc45)S(=O)(=O)C)nc12,8.05
309,CHEMBL77769,C[C@H]([C@@H](O)c1ccccc1)N(C)C(=O)Nc2cccc(Oc3ccccc3)c2,8.05
310,CHEMBL574772,Cn1ccnc1c2ccc(NC(=O)N3CCC4(CC3)CN(c5ccccc45)S(=O)(=O)C)cc2,8.05
311,CHEMBL3126048,Fc1cc(F)cc(c1)c2ccc(NC(=O)[C@@H]3CC[C@@H](CC3)N4CCCNC4=O)nc2,8.05
312,CHEMBL3126052,Fc1cc(F)cc(c1)c2ccc(NC(=O)[C@@H]3CC[C@@H](CC3)N4CCN(C5CC5)C4=O)nc2,8.05
313,CHEMBL17513,NS(=O)(=O)c1ccc(CCNC(=O)C2CCN(CC2)C(=O)CN3C(=O)Sc4ccc(Cl)cc34)cc1,8.05
314,CHEMBL304353,Oc1ccc2C3CC(=NC3CCc2c1)NC(=O)[C@@H]4CC[C@@H](CNS(=O)(=O)c5ccccc5)CC4,8.05
315,CHEMBL273182,CN(C1CCN(CC1)S(=O)(=O)C)C(=O)NC2CCN(CC2)c3cccc(Br)c3,8.06
316,CHEMBL522539,Fc1ccc(cc1)C2(CNC(=N2)c3cccc(C=O)c3)c4ccc(F)cc4,8.06
317,CHEMBL490949,CCC[C@@H]1NC(=NC1(c2ccc(F)cc2)c3ccc(F)cc3)c4cc(ccn4)C#N,8.07
318,CHEMBL1783924,C[C@@H]1NC(=N[C@@]1(c2ccc(F)cc2)c3ccc(F)nc3)C4=CC(=CC(=O)N4)C,8.07
319,CHEMBL1783927,C[C@@H]1NC(=N[C@@]1(c2ccc(F)cc2)c3ccc(F)nc3)C4=CC=C(Cl)C(=O)N4,8.07
320,CHEMBL1784133,C[C@@H]1NC(=N[C@@]1(c2ccc(F)cc2)c3ccc(F)nc3)C4=CN(C(F)F)C(=O)C(=C4)C,8.07
321,CHEMBL135261,Cc1nc(N2CCCCC2)c3nc(CC4CCCCC4)cc3[nH]1,8.07
322,CHEMBL1829319,CC(C)S(=O)(=O)NC[C@@H]1CC[C@H](CC1)NC(=O)CN2C(=O)COc3cc(F)ccc23,8.08
323,CHEMBL291666,COc1ccc(cc1OC)c2cc(NC(=O)Cc3ccc4ccccc4c3)[nH]n2,8.08
324,CHEMBL492377,Fc1ccc(cc1)C2(CNC(=N2)C3=CC=CC(=O)N3)c4ccc(F)cc4,8.09
325,CHEMBL61175,CCn1c2ccccc2c3cc(ccc13)c4nc5c[nH]cnc5n4,8.1
326,CHEMBL308130,CN(C(Cc1ccccc1)c2ccccc2)C(=O)Nc3ccc(Oc4ccccc4)cc3,8.1
327,CHEMBL117922,CN(C)S(=O)(=O)n1c2ccccc2c3cc(NC(=O)CCc4ccncc4)ccc13,8.1
328,CHEMBL2016736,CN([C@@H]1CC[C@@]2(CC1)COc3ccccc23)C(=O)Nc4ccn(n4)c5ccccc5F,8.1
329,CHEMBL522788,Clc1cc2nc([nH]c2cc1Cl)[C@@H]3CC[C@]4(CC3)OC(=O)c5ccccc45,8.1
330,CHEMBL325727,Clc1cccc(c1)c2c[nH]c(n2)c3cccnc3,8.1
331,CHEMBL3126053,Fc1cc(F)cc(c1)c2ccc(NC(=O)[C@@H]3CC[C@@H](CC3)N4CCCC4=O)nc2,8.1
332,CHEMBL3126042,Fc1cc(F)cc(c1)c2ccc(NC(=O)[C@@H]3CC[C@@H](CC3)N4CCOC4=O)nc2,8.1
333,CHEMBL1912081,Fc1ccccc1S(=O)(=O)NCCCCCNc2nc(cs2)c3ccccn3,8.1
334,CHEMBL521723,O=C(Nc1nc(cs1)c2ccccc2)N3CCC4(CC3)OC(=O)c5ccccc45,8.1
335,CHEMBL299879,[O-][N+](=O)c1ccccc1S(=O)(=O)NC[C@@H]2CC[C@@H](CNCC3CCc4ccccc4C3)CC2,8.1
336,CHEMBL152016,Brc1ccc(cc1)S(=O)(=O)NC[C@@H]2CC[C@H](CC2)C(=O)NNC(=O)c3cccs3,8.11
337,CHEMBL522768,COC(=O)c1ccc2[nH]c(nc2c1)[C@@H]3CC[C@]4(CC3)OC(=O)c5ccccc45,8.11
338,CHEMBL1909725,CN(C)S(=O)(=O)NCCCCCNc1nc(cs1)c2ccccn2,8.12
339,CHEMBL401726,CN(C1CCN(CC1)C(=O)C)C(=O)NC2CCN(CC2)c3cc(F)cc(F)c3,8.13
340,CHEMBL492371,CS(=O)(=O)N1CC2(CCN(CC2)C(=O)Nc3ccnc(n3)c4ccccc4)c5ccccc15,8.13
341,CHEMBL1783920,C[C@@H]1NC(=N[C@@]1(c2ccc(F)cc2)c3ccc(F)nc3)C4=CNC(=O)C=C4,8.13
342,CHEMBL568337,Fc1ccc(cc1)c2cnc(NC(=O)[C@@H]3CC[C@]4(CC3)OC(=O)c5ncccc45)nc2,8.13
343,CHEMBL414205,C1Cc2ccccc2c3[nH]c(nc3C1)c4cccnc4,8.14
344,CHEMBL1784119,CCON1C=C(C=CC1=O)C2=N[C@@]([C@H](C)N2)(c3ccc(F)cc3)c4ccc(F)nc4,8.14
345,CHEMBL495034,Fc1ccc(cc1)C2(CNC(=N2)c3cccnc3)c4ccc(F)cc4,8.14
346,CHEMBL572909,CS(=O)(=O)N1CC2(CCN(CC2)C(=O)Nc3ccc(Cl)cn3)c4ccccc14,8.15
347,CHEMBL1829315,CC(C)S(=O)(=O)NC[C@@H]1CC[C@H](CC1)NC(=O)CN2CCC(C)(C)Sc3ccccc23,8.16
348,CHEMBL421521,CCCCC(=O)N1CCC(CNc2nc3c(CCOc4ccc(C)cc34)s2)CC1,8.16
349,CHEMBL119247,CCn1c2ccccc2c3cc(NC(=O)N4CCOCC4)ccc13,8.16
350,CHEMBL1783926,C[C@@H]1NC(=N[C@@]1(c2ccc(F)cc2)c3ccc(F)nc3)C4=CC=C(F)C(=O)N4,8.16
351,CHEMBL3126044,C[C@H]1CN([C@@H]2CC[C@@H](CC2)C(=O)Nc3ccc(cn3)c4cc(F)cc(F)c4)C(=O)O1,8.16
352,CHEMBL81024,Clc1ccc2CCCc3sc(NCC4CCN(CC4)C(=O)CN5CCCCC5)nc3c2c1,8.16
353,CHEMBL3084864,Oc1ccc2C(Cc3cccnc3)C(CCc2c1)NC[C@@H]4CC[C@@H](CNS(=O)(=O)c5ccccc5F)CC4,8.16
354,CHEMBL490008,Fc1cc2[nH]c(nc2cc1Cl)N3CCC4(CC3)OC(=O)c5ccccc45,8.17
355,CHEMBL1784132,CCN1C=C(C=C(C)C1=O)C2=N[C@@]([C@H](C)N2)(c3ccc(F)cc3)c4ccc(F)nc4,8.18
356,CHEMBL508271,Clc1ccc2[nH]c(nc2c1)N3CCC4(CC3)OC(=O)c5ccccc45,8.18
357,CHEMBL77639,C[C@H]([C@@H](O)c1ccccc1)N(C)C(=O)Nc2ccc(Oc3ccccc3)cc2,8.19
358,CHEMBL7149,Cc1ccc2CCCc3[nH]c(nc3c2c1)c4ccncc4,8.19
359,CHEMBL7370,Fc1ccc2CCCc3[nH]c(nc3c2c1)c4cccnc4,8.19
360,CHEMBL257457,CCC(=O)N1CCC(CC1)N(C)C(=O)NC2CCN(CC2)c3cc(F)cc(F)c3,8.2
361,CHEMBL429006,COc1ccc2CCCc3[nH]c(nc3c2c1)c4cccnc4,8.2
362,CHEMBL492388,Fc1ccc(cc1)C2(CNC(=N2)c3cccc(c3)C(F)(F)F)c4ccc(F)cc4,8.21
363,CHEMBL79659,CCCCC(=O)N[C@@H]1CC[C@@H](CNc2nc3c(CCCc4ccc(F)cc34)s2)CC1,8.22
364,CHEMBL79308,CCCN(C)CC(=O)N[C@@H]1CC[C@@H](CNc2nc3c(CCCc4ccc(F)cc34)s2)CC1,8.22
365,CHEMBL578013,CS(=O)(=O)N1CC2(CCN(CC2)C(=O)Nc3ccc4ccccc4n3)c5ccccc15,8.22
366,CHEMBL3126040,Fc1cc(F)cc(c1)c2cnc(NC(=O)[C@@H]3CC[C@@H](CC3)N4CCCC4=O)cn2,8.22
367,CHEMBL310674,Fc1ccc2CCCc3sc(NCC4CCN(CC4)C(=O)CNCC5CC5)nc3c2c1,8.22
368,CHEMBL79663,Fc1ccc2CCCc3sc(NCC4CCN(CC4)C(=O)CNCC5CCCO5)nc3c2c1,8.22
369,CHEMBL81982,Fc1ccc2CCCc3sc(NC[C@@H]4CC[C@H](CC4)NC(=O)C5CC5)nc3c2c1,8.22
370,CHEMBL310119,Fc1ccc2CCCc3sc(NC[C@@H]4CC[C@H](CC4)NC(=O)CC5CC5)nc3c2c1,8.22
371,CHEMBL81104,O=C(CN1CCCCC1)N2CCC(CNc3nc4c(CCCc5ccccc45)s3)CC2,8.22
372,CHEMBL497839,O=C(Nc1ccc(nn1)c2ccccc2)N3CCC4(CC3)OC(=O)c5ccccc45,8.22
373,CHEMBL42762,Oc1ccc2C(Cc3cccnc3)C(CCc2c1)NC(=O)CN4CCC(CC4)n5c(O)nc6ccccc56,8.22
374,CHEMBL257248,CCCC(=O)N1CCC(CC1)N(C)C(=O)NC2CCN(CC2)c3cc(F)cc(F)c3,8.23
375,CHEMBL523821,C[C@@H]1NC(=N[C@@]1(c2ccc(F)cc2)c3ccc(F)nc3)c4cccc(n4)C#N,8.23
376,CHEMBL521750,Cn1nnc(n1)c2ccc3[nH]c(nc3c2)[C@@H]4CC[C@]5(CC4)OC(=O)c6ccccc56,8.23
377,CHEMBL414020,C1Cc2ccccc2c3[nH]c(nc3C1)c4ccccc4,8.24
378,CHEMBL484268,Clc1cc(Cl)c2nc([nH]c2c1)N3CCC4(CC3)OC(=O)c5ccccc45,8.24
379,CHEMBL496393,O=C(Nc1cnc(cn1)c2ccccc2)N3CCC4(CC3)OC(=O)Cc5ccccc45,8.24
380,CHEMBL2013026,CC(C)S(=O)(=O)NC[C@@H]1CC[C@H](CC1)NC(=O)Cn2ccc3cc(ccc23)C#N,8.25
381,CHEMBL574085,CS(=O)(=O)N1CC2(CCN(CC2)C(=O)Nc3cnc4ccccc4c3)c5ccccc15,8.27
382,CHEMBL492778,Fc1ccc(cc1)C2(CNC(=N2)c3cccc(Cl)c3)c4ccc(F)cc4,8.27
383,CHEMBL607088,O=C(Nc1cc([nH]n1)c2ccccc2)[C@@H]3CC[C@]4(CC3)OC(=O)c5ncccc45,8.27
384,CHEMBL138118,Cc1nc(N2CCCCC2)c3nc(CCc4ccccc4)cc3[nH]1,8.28
385,CHEMBL489725,C[C@@H]1NC(=N[C@@]1(c2ccc(F)cc2)c3ccc(F)nc3)c4cc(ccn4)C(=O)N,8.29
386,CHEMBL522589,Cc1onc(n1)c2ccc3[nH]c(nc3c2)[C@@H]4CC[C@]5(CC4)OC(=O)c6ccccc56,8.29
387,CHEMBL2016681,CC(C)(C)S(=O)(=O)N[C@@H]1CC[C@H](CC1)C(=O)Nc2ccc(cn2)C(F)(F)F,8.3
388,CHEMBL3126047,CN1CCN([C@@H]2CC[C@@H](CC2)C(=O)Nc3ccc(cn3)c4cc(F)cc(F)c4)C1=O,8.3
389,CHEMBL1784126,COC1=CC(=CNC1=O)C2=N[C@@]([C@H](C)N2)(c3ccc(F)cc3)c4ccc(F)nc4,8.3
390,CHEMBL572460,CS(=O)(=O)N1CC2(CCN(CC2)C(=O)Nc3oc4ccc(Cl)cc4n3)c5ccccc15,8.3
391,CHEMBL78109,C[C@H]([C@@H](O)c1ccccc1)N(C)C(=O)Nc2ccc(Oc3ccc(Cl)cc3)cc2,8.3
392,CHEMBL3126046,Fc1cc(F)cc(c1)c2ccc(NC(=O)[C@@H]3CC[C@@H](CC3)N4CCNC4=O)nc2,8.3
393,CHEMBL3126039,Fc1cc(F)cc(c1)c2cnc(NC(=O)[C@@H]3CC[C@@H](CC3)N4CCCC4=O)nc2,8.3
394,CHEMBL324311,Fc1ccc2C(Cc3cccnc3)C(CCc2c1)NC(=O)CN4CC[C@@H](C4)NS(=O)(=O)c5ccccc5,8.3
395,CHEMBL80003,Fc1ccc2CCCc3sc(NC[C@@H]4CC[C@H](CC4)N5CCCC5=O)nc3c2c1,8.3
396,CHEMBL309685,Fc1ccc2OCCc3sc(NCC4CCN(CC4)C(=O)[C@H]5CCCO5)nc3c2c1,8.3
397,CHEMBL494346,NS(=O)(=O)N1CC2(CCN(CC2)C(=O)Nc3ccccc3Cl)c4ccccc14,8.3
398,CHEMBL3084889,Oc1ccc2C(CC=C)C(CCc2c1)NC[C@@H]3CC[C@@H](CNS(=O)(=O)c4ccccc4)CC3,8.3
399,CHEMBL193666,CCCCS(=O)(=O)NCC1CCC(CNc2nc(N(C)C)c3ccccc3n2)CC1,8.31
400,CHEMBL576158,CCS(=O)(=O)N1CC2(CCN(CC2)C(=O)Nc3cn(cn3)c4ccccc4OC)c5ccccc15,8.31
401,CHEMBL120586,FC(F)(F)Oc1cccc(c1)c2c[nH]c(n2)c3cccnc3,8.31
402,CHEMBL483252,Fc1cc2nc([nH]c2cc1F)N3CCC4(CC3)OC(=O)c5ccccc45,8.32
403,CHEMBL494398,Fc1ccc(cc1)C2(CNC(=N2)c3cccc(Br)c3)c4ccc(F)cc4,8.32
404,CHEMBL451113,Fc1ccc(cc1)C2(CNC(=N2)c3ccnc(c3)C#N)c4ccc(F)cc4,8.32
405,CHEMBL1784128,CCCN1C=C(C=CC1=O)C2=N[C@@]([C@H](C)N2)(c3ccc(F)cc3)c4ccc(F)nc4,8.33
406,CHEMBL294305,CCn1c2ccccc2c3cc(NC(=O)Cc4ccncc4)ccc13,8.33
407,CHEMBL16740,Cc1cc(O)ccc1NC(=O)C2CCN(CC2)C(=O)CN3C(=O)Sc4ccc(Cl)cc34,8.33
408,CHEMBL275642,Clc1ccc2SC(=O)N(CC(=O)N3CCC(CC3)C(=O)Nc4oc5ccc(Cl)cc5n4)c2c1,8.33
409,CHEMBL2016742,CN([C@@H]1CC[C@]2(CC1)Cc3ccccc3C(=O)O2)C(=O)Nc4cnc(cn4)c5ccccc5,8.34
410,CHEMBL491436,COC(=O)c1ccc2[nH]c(nc2c1Cl)[C@@H]3CC[C@]4(CC3)OC(=O)c5ccccc45,8.35
411,CHEMBL585854,FCOc1ccccc1c2cnc(NC(=O)[C@@H]3CC[C@]4(CC3)OC(=O)c5ncccc45)nc2,8.35
412,CHEMBL1829334,CC(C)S(=O)(=O)NC[C@@H]1CC[C@H](CC1)NCCN2CCCc3cc(Cl)ccc23,8.36
413,CHEMBL17037,Clc1ccc2SC(=O)N(CC(=O)N3CCC(CC3)C(=O)Nc4ccccc4)c2c1,8.36
414,CHEMBL594163,O=C(Nc1ccn(n1)c2ccccc2)[C@@H]3CC[C@]4(CC3)OC(=O)c5ncccc45,8.36
415,CHEMBL1784120,C[C@@H]1NC(=N[C@@]1(c2ccc(F)cc2)c3ccc(F)nc3)C4=CNC(=O)C(=C4)C,8.37
416,CHEMBL490937,Fc1ccc(cc1)C2(CNC(=N2)c3cnccn3)c4ccc(F)cc4,8.37
417,CHEMBL492594,[O-][N+](=O)c1cccc(c1)C2=NC(CN2)(c3ccc(F)cc3)c4ccc(F)cc4,8.37
418,CHEMBL576159,CS(=O)(=O)N1CC2(CCN(CC2)C(=O)Nc3ccc(cc3)c4occc4)c5ccccc15,8.38
419,CHEMBL596031,O=C(Nc1cnc(cn1)c2ccccc2)[C@@H]3CC[C@]4(CC3)OC(=O)c5ncccc45,8.38
420,CHEMBL575858,CCS(=O)(=O)N1CC2(CCN(CC2)C(=O)Nc3cn(cn3)c4ccc(F)cc4)c5ccccc15,8.39
421,CHEMBL523205,CS(=O)(=O)N1CC2(CCN(CC2)C(=O)Nc3ccc(cc3)c4ccncc4)c5ccccc15,8.39
422,CHEMBL489732,C[C@@H]1NC(=N[C@@]1(c2ccc(F)cc2)c3ccc(F)nc3)c4nccs4,8.39
423,CHEMBL3126045,CC(C)(C)C1CN([C@@H]2CC[C@@H](CC2)C(=O)Nc3ccc(cn3)c4cc(F)cc(F)c4)C(=O)O1,8.4
424,CHEMBL2013014,CC(C)S(=O)(=O)NC[C@@H]1CC[C@H](CC1)NC(=O)CN2CCc3cc(F)ccc23,8.4
425,CHEMBL83860,CCOC(=O)N1CCC(CNc2nc3c(CCCc4ccc(F)cc34)s2)CC1,8.4
426,CHEMBL421714,CN(C)CC(=O)N1CCC(CNc2nc3c(CCCc4ccc(F)cc34)s2)CC1,8.4
427,CHEMBL311159,C[C@H]([C@@H](O)c1ccccc1)N(C)C(=O)Nc2ccc(Oc3cccc(c3)[N+](=O)[O-])cc2,8.4
428,CHEMBL77333,C[C@H]([C@@H](O)c1ccccc1)N(C)C(=O)Nc2ccc3oc4ccccc4c3c2,8.4
429,CHEMBL120760,Clc1ccc(cc1Cl)c2c[nH]c(n2)c3cccnc3,8.4
430,CHEMBL82080,Fc1ccc2CCCc3sc(NCC4CCN(CC4)C(=O)CN5CCCCC5)nc3c2c1,8.4
431,CHEMBL309550,Fc1ccc2CCCc3sc(NCC4CCN(CC4)C(=O)[C@H]5CCC(=O)O5)nc3c2c1,8.4
432,CHEMBL492986,NS(=O)(=O)N1CC2(CCN(CC2)C(=O)Nc3ccc(Cl)c(Cl)c3)c4ccccc14,8.4
433,CHEMBL1829325,CC(C)S(=O)(=O)NC[C@@H]1CC[C@H](CC1)NC(=O)CN2C(=O)CCc3cc(Cl)ccc23,8.41
434,CHEMBL572450,CS(=O)(=O)N1CC2(CCN(CC2)C(=O)Nc3cn(cn3)c4ccccc4F)c5ccccc15,8.41
435,CHEMBL496197,Clc1ccc(cc1)c2cnc(NC(=O)N3CCC4(CC3)OC(=O)c5ccccc45)nc2,8.41
436,CHEMBL593466,O=C(Nc1cnc(cn1)c2ccccc2)[C@@H]3CC[C@]4(CC3)OC(=O)c5cccnc45,8.41
437,CHEMBL1784125,C[C@@H]1NC(=N[C@@]1(c2ccc(F)cc2)c3ccc(F)nc3)C4=CNC(=O)C(=C4)C(F)(F)F,8.42
438,CHEMBL1909720,CC(C)S(=O)(=O)NCCCCCNc1nc(cs1)c2ccsc2,8.43
439,CHEMBL164873,COc1ccc2CCCC(Cc2c1)NCC3CCN(CC3)C(=O)CNS(=O)(=O)c4cccc5ccccc45,8.43
440,CHEMBL482667,O=C(Nc1cnc(cn1)c2ccccc2)N3CCC4(CC3)NC(=O)c5ccccc45,8.43
441,CHEMBL1784129,CC(C)N1C=C(C=CC1=O)C2=N[C@@]([C@H](C)N2)(c3ccc(F)cc3)c4ccc(F)nc4,8.44
442,CHEMBL491567,C[C@@H]1NC(=N[C@@]1(c2ccc(F)cc2)c3ccc(F)nc3)c4nccc(n4)C#N,8.44
443,CHEMBL1829321,CC(C)S(=O)(=O)NC[C@@H]1CC[C@H](CC1)NC(=O)CN2CCOc3cc(Cl)ccc23,8.46
444,CHEMBL2013013,CC(C)S(=O)(=O)NC[C@@H]1CC[C@H](CC1)NC(=O)CN2CCc3cc(C)ccc23,8.46
445,CHEMBL122527,Clc1ccc(cc1Cl)c2c[nH]c(n2)c3ccncc3,8.46
446,CHEMBL497359,FC(F)(F)c1ccc2[nH]c(nc2c1)N3CCC4(CC3)OC(=O)c5ccccc45,8.46
447,CHEMBL522378,O=C(Nc1cn(cn1)c2ccccc2)N3CCC4(CC3)OC(=O)c5ccccc45,8.46
448,CHEMBL301638,CC(C)n1c2ccccc2c3cc(NC(=O)CCN4CCCC4)ccc13,8.47
449,CHEMBL257708,CCCS(=O)(=O)N1CCC(CC1)N(C)C(=O)NC2CCN(CC2)c3cc(F)cc(F)c3,8.47
450,CHEMBL572688,CCS(=O)(=O)N1CC2(CCN(CC2)C(=O)Nc3cn(cn3)c4ccccc4)c5ccccc15,8.47
451,CHEMBL576726,CS(=O)(=O)N1CC2(CCN(CC2)C(=O)Nc3nnc(s3)c4ccccc4)c5ccccc15,8.47
452,CHEMBL1784124,C[C@@H]1NC(=N[C@@]1(c2ccc(F)cc2)c3ccc(F)nc3)C4=CNC(=O)C(=C4)Cl,8.47
453,CHEMBL1912087,Cc1nc(C)c(s1)S(=O)(=O)NCCCCCNc2nc(cs2)c3ccccn3,8.47
454,CHEMBL522237,O=C(Nc1nnc(s1)c2ccccc2)N3CCC4(CC3)OC(=O)c5ccccc45,8.47
455,CHEMBL573858,CCS(=O)(=O)N1CC2(CCN(CC2)C(=O)Nc3cn(cn3)c4ccccc4F)c5ccccc15,8.48
456,CHEMBL418546,Cc1cccc(n1)C(O)CNC(=O)C2CCN(CC2)C(=O)CN3C(=O)Sc4ccc(Cl)cc34,8.48
457,CHEMBL490427,Cc1oc(nn1)c2ccc3[nH]c(nc3c2)[C@@H]4CC[C@]5(CC4)OC(=O)c6ccccc56,8.48
458,CHEMBL429679,CC(C)S(=O)(=O)N1CCC(CC1)N(C)C(=O)NC2CCN(CC2)c3cc(F)cc(F)c3,8.5
459,CHEMBL576333,CCS(=O)(=O)N1CC2(CCN(CC2)C(=O)Nc3cn(cn3)c4ccc(OC)cc4)c5ccccc15,8.5
460,CHEMBL428953,CN(C1CCN(CC1)S(=O)(=O)C)C(=O)NC2CCN(CC2)c3cc(F)cc(F)c3,8.5
461,CHEMBL572456,CS(=O)(=O)N1CC2(CCN(CC2)C(=O)Nc3ccc(cc3)n4cccn4)c5ccccc15,8.5
462,CHEMBL491895,C[C@@H]1NC(=N[C@@]1(c2ccc(F)cc2)c3ccc(F)nc3)c4cncc(c4)C#N,8.5
463,CHEMBL521932,C[C@@H]1NC(=NC1(c2ccc(F)nc2)c3ccc(F)nc3)c4cc(ccn4)C#N,8.51
464,CHEMBL77273,C[C@H](Cc1ccccc1)N(C)C(=O)Nc2ccc(Oc3ccccc3)cc2,8.51
465,CHEMBL565625,FCOc1cccc(c1)c2cnc(NC(=O)[C@@H]3CC[C@]4(CC3)OC(=O)c5ncccc45)nc2,8.51
466,CHEMBL521959,O=C1O[C@@]2(CC[C@H](CC2)c3nc4cc(ccc4[nH]3)c5cccnc5)c6ccccc16,8.51
467,CHEMBL116210,CC(=O)n1c2ccccc2c3cc(NC(=O)CCc4ccncc4)ccc13,8.52
468,CHEMBL432628,CC(C)n1c2ccc(F)cc2c3cc(NC(=O)N4CCOCC4)ccc13,8.52
469,CHEMBL325226,CC(C)n1c2ccccc2c3c(C)c(NC(=O)N4CCOCC4)ccc13,8.52
470,CHEMBL137058,CC1CCCCN1c2[nH]c(C)nc3cc(nc23)c4ccccc4,8.52
471,CHEMBL577398,CCS(=O)(=O)N1CC2(CCN(CC2)C(=O)Nc3cn(cn3)c4cccc(F)c4)c5ccccc15,8.52
472,CHEMBL83830,CN(C)S(=O)(=O)NC[C@@H]1CC[C@H](CC1)Nc2nc3c(CCSc4ccc(F)cc34)s2,8.52
473,CHEMBL310670,CN(CC1CC1)CC(=O)N2CCC(CNc3nc4c(CCCc5ccc(F)cc45)s3)CC2,8.52
474,CHEMBL81103,COC[C@@H]1CCCN1CC(=O)N2CCC(CNc3nc4c(CCCc5ccc(F)cc45)s3)CC2,8.52
475,CHEMBL524044,CS(=O)(=O)N1CC2(CCN(CC2)C(=O)Nc3ccc(cc3)c4ccccn4)c5ccccc15,8.52
476,CHEMBL495200,CS(=O)(=O)N1CC2(CCN(CC2)C(=O)Nc3ccc(nn3)c4ccccc4)c5ccccc15,8.52
477,CHEMBL3126043,C[C@@H]1CN([C@@H]2CC[C@@H](CC2)C(=O)Nc3ccc(cn3)c4cc(F)cc(F)c4)C(=O)O1,8.52
478,CHEMBL565848,Fc1ccccc1c2cnc(NC(=O)[C@@H]3CC[C@]4(CC3)OC(=O)c5ncccc45)nc2,8.52
479,CHEMBL492999,NS(=O)(=O)N1CC2(CCN(CC2)C(=O)Nc3ccc(Oc4ccccc4)cc3)c5ccccc15,8.52
480,CHEMBL273597,Nc1nc(N[C@@H]2CC[C@@H](CNS(=O)(=O)c3cccc4ccccc34)CC2)nc5ccccc15,8.52
481,CHEMBL523305,OC[C@@H]1NC(=NC1(c2ccc(F)cc2)c3ccc(F)cc3)c4cc(ccn4)C#N,8.52
482,CHEMBL1784127,CCN1C=C(C=CC1=O)C2=N[C@@]([C@H](C)N2)(c3ccc(F)cc3)c4ccc(F)nc4,8.54
483,CHEMBL17645,Nc1nc(NC[C@@H]2CC[C@@H](CNS(=O)(=O)c3cccc4ccccc34)CC2)nc5ccccc15,8.54
484,CHEMBL596266,O=C(Nc1cc([nH]n1)c2ccccc2)[C@@H]3CC[C@]4(CC3)OC(=O)c5cnccc45,8.54
485,CHEMBL495593,O=C(Nc1ccn(n1)c2ccccc2)N3CCC4(CC3)OC(=O)c5ccccc45,8.54
486,CHEMBL585851,O=C(Nc1ncc(cn1)c2ccccc2)[C@@H]3CC[C@]4(CC3)OC(=O)c5cccnc45,8.54
487,CHEMBL278280,OCCc1ccc(NC(=O)C2CCN(CC2)C(=O)CN3C(=O)Sc4ccc(Cl)cc34)cc1,8.54
488,CHEMBL257707,CCS(=O)(=O)N1CCC(CC1)N(C)C(=O)NC2CCN(CC2)c3cc(F)cc(F)c3,8.55
489,CHEMBL1784131,CON1C=C(C=CC1=O)C2=N[C@@]([C@H](C)N2)(c3ccc(F)cc3)c4ccc(F)nc4,8.55
490,CHEMBL158913,COc1ccc(cc1OC)c2cc(NC(=O)C3Cc4ccc5ccccc5c4C3)[nH]n2,8.55
491,CHEMBL574771,CS(=O)(=O)N1CC2(CCN(CC2)C(=O)Nc3ccc(cc3)c4cscn4)c5ccccc15,8.55
492,CHEMBL1784130,C[C@@H]1NC(=N[C@@]1(c2ccc(F)cc2)c3ccc(F)nc3)C4=CN(C(F)F)C(=O)C=C4,8.55
493,CHEMBL607192,O=C(Nc1cc(on1)c2ccccc2)[C@@H]3CC[C@]4(CC3)OC(=O)c5ncccc45,8.55
494,CHEMBL574996,CC(=O)c1ccc(NC(=O)N2CCC3(CC2)CN(c4ccccc34)S(=O)(=O)C)cc1,8.57
495,CHEMBL193438,CN(C)c1nc(NCC2CCC(CNS(=O)(=O)c3ccc(Br)cc3OC(F)(F)F)CC2)nc4ccccc14,8.57
496,CHEMBL496327,COC(=O)c1ccc2[nH]c(nc2c1)N3CCC4(CC3)OC(=O)c5ccccc45,8.57
497,CHEMBL537846,Cl.CN(C)c1nc(NC[C@@H]2CC[C@@H](CNS(=O)(=O)c3ccc(Br)cc3OC(F)(F)F)CC2)nc4ccccc14,8.57
498,CHEMBL523819,Fc1ccc(cc1)C2(CNC(=N2)c3cccc(c3)C#N)c4ccc(F)cc4,8.57
499,CHEMBL565626,Fc1ccc(cc1)c2cnc(NC(=O)[C@@H]3CC[C@]4(CC3)OC(=O)c5ccncc45)nc2,8.57
500,CHEMBL606631,O=C(Nc1cc([nH]n1)c2ccccc2)[C@@H]3CC[C@]4(CC3)OC(=O)c5ccncc45,8.57
501,CHEMBL257022,CC(C)C(=O)N1CCC(CC1)N(C)C(=O)NC2CCN(CC2)c3cc(F)cc(F)c3,8.59
502,CHEMBL440647,CCCCCCCCCCNC(=O)C1CCN(CC1)C(=O)CN2C(=O)Sc3ccc(Cl)cc23,8.59
503,CHEMBL522793,CC[C@@H]1NC(=NC1(c2ccc(F)cc2)c3ccc(F)cc3)c4cc(ccn4)C#N,8.59
504,CHEMBL58424,CCn1c2ccccc2c3cc(NC(=O)CNCc4ccccc4)ccc13,8.59
505,CHEMBL17165,COc1ccc(NC(=O)C2CCN(CC2)C(=O)CN3C(=O)Sc4ccc(Cl)cc34)cn1,8.59
506,CHEMBL572442,CS(=O)(=O)N1CC2(CCN(CC2)C(=O)Nc3ccc(Oc4ccccc4)cc3)c5ccccc15,8.59
507,CHEMBL1783923,C[C@@H]1NC(=N[C@@]1(c2ccc(F)cc2)c3ccc(F)nc3)C4=CC=C(C)C(=O)N4,8.59
508,CHEMBL455815,FC(F)(F)c1cc2[nH]c(nc2cc1Cl)[C@@H]3CC[C@]4(CC3)OC(=O)c5ccccc45,8.59
509,CHEMBL565826,FCOc1ccccc1c2cnc(NC(=O)[C@@H]3CC[C@]4(CC3)OC(=O)c5ccncc45)nc2,8.59
510,CHEMBL193970,CN(C)c1nc(NCC2CCC(CC2)NS(=O)(=O)c3ccc(Br)cc3OC(F)(F)F)nc4ccccc14,8.6
511,CHEMBL490902,COc1ccnc(c1)C2=N[C@@]([C@H](C)N2)(c3ccc(F)cc3)c4ccc(F)nc4,8.6
512,CHEMBL577794,CS(=O)(=O)N1CC2(CCN(CC2)C(=O)Nc3ccc4ncccc4c3)c5ccccc15,8.6
513,CHEMBL491894,C[C@@H]1NC(=N[C@@]1(c2ccc(F)cc2)c3ccc(F)nc3)c4cccc(c4)S(=O)(=O)C,8.6
514,CHEMBL255147,CCCC(=O)N1CCC(CC1)N(C)C(=O)N[C@@H]2CC[C@H](CC2)c3cc(F)cc(F)c3,8.62
515,CHEMBL2016737,CN([C@@H]1CC[C@]2(CC1)Cc3ccccc3C(=O)O2)C(=O)Nc4ccn(n4)c5ccccc5F,8.62
516,CHEMBL574088,CS(=O)(=O)N1CC2(CCN(CC2)C(=O)Nc3ccc(cc3)c4nccs4)c5ccccc15,8.62
517,CHEMBL577372,CS(=O)(=O)N1CC2(CCN(CC2)C(=O)Nc3cn(cn3)c4ccccc4)c5ccccc15,8.62
518,CHEMBL523228,Fc1ccc(cc1)c2cnc(NC(=O)N3CCC4(CC3)OC(=O)c5ccccc45)nc2,8.62
519,CHEMBL594888,O=C(Nc1cc(on1)c2ccccc2)[C@@H]3CC[C@]4(CC3)OC(=O)c5cccnc45,8.62
520,CHEMBL491930,O=C(Nc1cnc(cn1)c2ccccc2)N3CCC4(CC3)OC(=O)c5ccccc45,8.62
521,CHEMBL595121,O=C(Nc1cnc(cn1)c2ccccc2)[C@@H]3CC[C@]4(CC3)OC(=O)c5cnccc45,8.62
522,CHEMBL491230,O=C(c1ccccc1)c2ccc3[nH]c(nc3c2)[C@@H]4CC[C@]5(CC4)OC(=O)c6ccccc56,8.62
523,CHEMBL497569,O=C1OC2(CCN(CC2)c3nc4cc(ccc4[nH]3)c5ccccc5)c6ccccc16,8.62
524,CHEMBL491427,O=C1O[C@@]2(CC[C@H](CC2)c3nc4cc(ccc4[nH]3)c5ccccn5)c6ccccc16,8.62
525,CHEMBL17502,COc1ccc(CNC(=O)C2CCN(CC2)C(=O)CN3C(=O)Sc4ccc(Cl)cc34)cc1,8.64
526,CHEMBL7342,Cc1ccc2CCCc3[nH]c(nc3c2c1)c4cccnc4,8.64
527,CHEMBL584732,FCc1cccc(c1)c2cnc(NC(=O)[C@@H]3CC[C@]4(CC3)OC(=O)c5ncccc45)nc2,8.64
528,CHEMBL595560,O=C(Nc1ccn(n1)c2ccccc2)[C@@H]3CC[C@]4(CC3)OC(=O)c5ccncc45,8.64
529,CHEMBL495594,O=C(Nc1cnn(c1)c2ccccc2)N3CCC4(CC3)OC(=O)c5ccccc45,8.64
530,CHEMBL489587,O=C1O[C@@]2(CC[C@H](CC2)c3nc4cc(ccc4[nH]3)c5ccccc5)c6ccccc16,8.64
531,CHEMBL2013023,CC(C)S(=O)(=O)NC[C@@H]1CC[C@H](CC1)NC(=O)Cn2ccc3cc(F)ccc23,8.66
532,CHEMBL491239,COC(=O)c1cc2[nH]c(nc2cc1Cl)[C@@H]3CC[C@]4(CC3)OC(=O)c5ccccc45,8.66
533,CHEMBL572451,CS(=O)(=O)N1CC2(CCN(CC2)C(=O)Nc3ncc(s3)c4ccccc4)c5ccccc15,8.66
534,CHEMBL523776,C[C@@H]1NC(=N[C@@]1(c2ccc(F)cc2)c3ccc(F)nc3)c4cnccn4,8.66
535,CHEMBL135262,Cc1nc(N2CC=CC2)c3[nH]c(cc3n1)c4ccccc4,8.66
536,CHEMBL490824,Clc1cc2nc([nH]c2cc1c3ccccc3)[C@@H]4CC[C@]5(CC4)OC(=O)c6ccccc56,8.66
537,CHEMBL483244,FC1(F)Oc2cc3nc([nH]c3cc2O1)N4CCC5(CC4)OC(=O)c6ccccc56,8.66
538,CHEMBL565624,FCOc1ccccc1c2cnc(NC(=O)[C@@H]3CC[C@]4(CC3)OC(=O)c5cnccc45)nc2,8.66
539,CHEMBL583007,Fc1ccc(cc1)c2cnc(NC(=O)[C@@H]3CC[C@]4(CC3)OC(=O)c5cnccc45)nc2,8.66
540,CHEMBL584902,Fc1cccc(c1)c2cnc(NC(=O)[C@@H]3CC[C@]4(CC3)OC(=O)c5ncccc45)nc2,8.66
541,CHEMBL607144,O=C(Nc1cnc(cn1)c2ccccc2)[C@@H]3CC[C@]4(CC3)OC(=O)c5ccncc45,8.66
542,CHEMBL525173,O=C(Nc1cnc(nc1)c2ccccc2)N3CCC4(CC3)OC(=O)c5ccccc45,8.66
543,CHEMBL596025,O=C(Nc1cnn(c1)c2ccccc2)[C@@H]3CC[C@]4(CC3)OC(=O)c5ccncc45,8.66
544,CHEMBL494592,CS(=O)(=O)N1CC2(CCN(CC2)C(=O)Nc3ccc(cc3)c4cccnc4)c5ccccc15,8.68
545,CHEMBL489608,FC(F)(F)c1onc(n1)c2ccc3[nH]c(nc3c2)[C@@H]4CC[C@]5(CC4)OC(=O)c6ccccc56,8.68
546,CHEMBL596264,O=C(Nc1cc(on1)c2ccccc2)[C@@H]3CC[C@]4(CC3)OC(=O)c5ccncc45,8.68
547,CHEMBL604480,O=C(Nc1ccc(cn1)c2ccccc2)[C@@H]3CC[C@]4(CC3)OC(=O)c5ccncc45,8.68
548,CHEMBL568144,O=C(Nc1ncc(cn1)c2ccccc2)[C@@H]3CC[C@]4(CC3)OC(=O)c5ncccc45,8.68
549,CHEMBL524029,CC(=O)c1ccc(NC(=O)N2CCC3(CC2)CN(c4ccccc34)S(=O)(=O)N)cc1,8.7
550,CHEMBL17327,CC(=O)c1cccc(NC(=O)C2CCN(CC2)C(=O)CN3C(=O)Sc4ccc(Cl)cc34)c1,8.7
551,CHEMBL81484,CC(C)C(=O)N1CCC(CNc2nc3c(CCCc4ccc(F)cc34)s2)CC1,8.7
552,CHEMBL1909722,CC(C)S(=O)(=O)NCCCCCNc1nc2c(CCSc3ccccc23)s1,8.7
553,CHEMBL2013029,CC(C)S(=O)(=O)NC[C@@H]1CC[C@H](CC1)NC(=O)Cc2cn(C)c3ccccc23,8.7
554,CHEMBL117563,CC(C)n1c2ccc(NC(=O)N3CCOCC3)cc2c4cccc(C)c14,8.7
555,CHEMBL419951,CC(C)n1c2ccccc2c3cc(NC(=O)N4CCOCC4)ccc13,8.7
556,CHEMBL524644,CCOC(=O)c1ccc2[nH]c(nc2c1)N3CCC4(CC3)OC(=O)c5ccccc45,8.7
557,CHEMBL572431,CCS(=O)(=O)N1CC2(CCN(CC2)C(=O)Nc3cn(cn3)c4cccc(OC)c4)c5ccccc15,8.7
558,CHEMBL325475,CCn1c2ccccc2c3cc(NC(=O)CCc4ccncc4)ccc13,8.7
559,CHEMBL82158,COC(=O)N[C@@H]1CC[C@@H](CNc2nc3c(CCCc4ccc(F)cc34)s2)CC1,8.7
560,CHEMBL313087,COCC(=O)N1CCC(CNc2nc3c(CCCc4ccc(F)cc34)s2)CC1,8.7
561,CHEMBL313454,COCCC(=O)N1CCC(CNc2nc3c(CCCc4ccc(F)cc34)s2)CC1,8.7
562,CHEMBL309967,COCCNCC(=O)N1CCC(CNc2nc3c(CCCc4ccc(F)cc34)s2)CC1,8.7
563,CHEMBL523945,C[C@@H]1NC(=N[C@@]1(c2ccc(F)cc2)c3ccc(F)nc3)c4cnsn4,8.7
564,CHEMBL584815,FCc1ccccc1c2cnc(NC(=O)[C@@H]3CC[C@]4(CC3)OC(=O)c5ccncc45)nc2,8.7
565,CHEMBL3126041,Fc1cc(F)cc(c1)c2ccc(NC(=O)[C@@H]3CC[C@@H](CC3)N4CCCCC4=O)nc2,8.7
566,CHEMBL522456,Fc1ccc(cc1)C2(CNC(=N2)c3cc(ccn3)C#N)c4ccc(F)cc4,8.7
567,CHEMBL84453,Fc1ccc2CCCc3sc(NCC4CCN(CC4)C(=O)C5CC5)nc3c2c1,8.7
568,CHEMBL81586,Fc1ccc2CCCc3sc(NCC4CCN(CC4)C(=O)CN5CCOCC5)nc3c2c1,8.7
569,CHEMBL432169,Fc1ccc2CCCc3sc(NCC4CCN(CC4)C(=O)[C@@H]5CCCO5)nc3c2c1,8.7
570,CHEMBL312362,Fc1ccc2CCCc3sc(NCC4CCN(CC4)C(=O)[C@H]5CCCO5)nc3c2c1,8.7
571,CHEMBL594164,Fc1cccc(c1)n2ccc(NC(=O)[C@@H]3CC[C@]4(CC3)OC(=O)c5ccncc45)n2,8.7
572,CHEMBL568370,O=C(Nc1ncc(cn1)c2ccccc2)[C@@H]3CC[C@]4(CC3)OC(=O)c5cnccc45,8.7
573,CHEMBL1912082,COc1ccc(C)cc1S(=O)(=O)NCCCCCNc2nc(cs2)c3ccccn3,8.72
574,CHEMBL491119,Cl.C[C@@H]1NC(=NC1(c2ccc(F)cc2)c3ccc(F)cc3)c4cnccn4,8.72
575,CHEMBL567318,FCOc1cccc(c1)c2cnc(NC(=O)[C@@H]3CC[C@]4(CC3)OC(=O)c5ccncc45)nc2,8.72
576,CHEMBL497211,O=C(Nc1cc(n[nH]1)c2ccccc2)N3CCC4(CC3)OC(=O)c5ccccc45,8.72
577,CHEMBL496326,CC(C)Cc1ccc2[nH]c(nc2c1)N3CCC4(CC3)OC(=O)c5ccccc45,8.75
578,CHEMBL2013017,CC(C)S(=O)(=O)NC[C@@H]1CC[C@H](CC1)NC(=O)CCN2CCc3ccccc23,8.75
579,CHEMBL1829324,CC(C)S(=O)(=O)NC[C@@H]1CC[C@H](CC1)NC(=O)CN2CCS(=O)(=O)c3cc(Cl)ccc23,8.75
580,CHEMBL1909727,CCN(CC)S(=O)(=O)NCCCCCNc1nc(cs1)c2ccccn2,8.75
581,CHEMBL257940,CN(C1CCN(CC1)C(=O)C)C(=O)N[C@@H]2CC[C@H](CC2)c3cc(F)cc(F)c3,8.75
582,CHEMBL495625,COc1cccc(c1)c2cnc(NC(=O)N3CCC4(CC3)OC(=O)c5ccccc45)nc2,8.75
583,CHEMBL573860,CS(=O)(=O)N1CC2(CCN(CC2)C(=O)Nc3cn(cn3)c4cccc(F)c4)c5ccccc15,8.75
584,CHEMBL137259,Cc1nc(N2CCCCCC2)c3[nH]c(cc3n1)c4ccccc4,8.75
585,CHEMBL490903,Cl.C[C@@H]1NC(=N[C@@]1(c2ccc(F)cc2)c3ccc(F)nc3)c4cc(Cl)ccn4,8.75
586,CHEMBL567310,FCOc1cccc(c1)c2cnc(NC(=O)[C@@H]3CC[C@]4(CC3)OC(=O)c5cnccc45)nc2,8.75
587,CHEMBL585107,FCc1cccc(c1)c2cnc(NC(=O)[C@@H]3CC[C@]4(CC3)OC(=O)c5ccncc45)nc2,8.75
588,CHEMBL570864,Fc1cccc(c1)c2cnc(NC(=O)[C@@H]3CC[C@]4(CC3)OC(=O)c5ccncc45)nc2,8.75
589,CHEMBL585203,Fc1ccccc1c2cnc(NC(=O)[C@@H]3CC[C@]4(CC3)OC(=O)c5ccncc45)nc2,8.75
590,CHEMBL567527,O=C(Nc1ncc(cn1)c2ccccc2)[C@@H]3CC[C@]4(CC3)OC(=O)c5ccncc45,8.75
591,CHEMBL496399,O=C(Nc1ncc(s1)c2ccccc2)N3CCC4(CC3)OC(=O)c5ccccc45,8.75
592,CHEMBL2013019,CC(C)S(=O)(=O)NC[C@@H]1CC[C@H](CC1)NC(=O)Cn2ccc3c(Cl)cccc23,8.77
593,CHEMBL337427,Cc1cc(N2CCCCC2)c3[nH]c(cc3n1)c4ccccc4,8.77
594,CHEMBL266241,Clc1ccc2CCCc3[nH]c(nc3c2c1)c4ccccc4,8.77
595,CHEMBL491229,Fc1ccc(cc1)c2ccc3[nH]c(nc3c2)[C@@H]4CC[C@]5(CC4)OC(=O)c6ccccc56,8.77
596,CHEMBL496392,O=C(Nc1cnc(cn1)c2ccccc2)N3CCC4(CC3)NC(=O)Cc5ccccc45,8.77
597,CHEMBL490123,C[C@@H]1NC(=N[C@]1(c2ccc(F)cc2)c3ccc(F)nc3)c4cc(ccn4)C#N,8.8
598,CHEMBL483251,Clc1cc2nc([nH]c2cc1Cl)N3CCC4(CC3)OC(=O)c5ccccc45,8.8
599,CHEMBL326483,FC(F)(F)c1cccc(c1)c2c[nH]c(n2)c3cccnc3,8.8
600,CHEMBL595573,Fc1ccccc1n2ccc(NC(=O)[C@@H]3CC[C@]4(CC3)OC(=O)c5ccncc45)n2,8.8
601,CHEMBL192266,Nc1nc(NCC2CCC(CNS(=O)(=O)c3ccc(Br)cc3OC(F)(F)F)CC2)nc4ccccc14,8.8
602,CHEMBL2013015,CC(C)S(=O)(=O)NC[C@@H]1CC[C@H](CC1)NC(=O)CN2CCc3c(F)c(F)ccc23,8.82
603,CHEMBL2013018,CC(C)S(=O)(=O)NC[C@@H]1CC[C@H](CC1)NC(=O)Cn2ccc3ccccc23,8.82
604,CHEMBL403918,CCC(=O)N1CCC(CC1)N(C)C(=O)N[C@@H]2CC[C@H](CC2)c3cc(F)cc(F)c3,8.82
605,CHEMBL294560,CCn1c2ccccc2c3cc(ccc13)c4nc5ccc[nH]c5n4,8.82
606,CHEMBL522321,CS(=O)(=O)N1C[C@@]2(CC[C@H](CC2)C(=O)Nc3ccc(cc3)c4ccccc4)c5ccccc15,8.82
607,CHEMBL279309,Clc1ccc2SC(=O)N(CC(=O)N3CCC(CC3)C(=O)Nc4ccc(Oc5ccccc5)cc4)c2c1,8.82
608,CHEMBL584526,Fc1cccc(c1)c2cnc(NC(=O)[C@@H]3CC[C@]4(CC3)OC(=O)c5cnccc45)nc2,8.82
609,CHEMBL567495,Fc1ccccc1c2cnc(NC(=O)[C@@H]3CC[C@]4(CC3)OC(=O)c5cnccc45)nc2,8.82
610,CHEMBL593934,O=C(Nc1cnc(cn1)c2ccccc2)[C@@H]3CC[C@]4(CC3)OC(=O)c5ccccc45,8.82
611,CHEMBL574084,CS(=O)(=O)N1CC2(CCN(CC2)C(=O)Nc3cc(n[nH]3)c4ccccc4)c5ccccc15,8.85
612,CHEMBL524192,CS(=O)(=O)Nc1ccccc1N2CCN(CC2)C(=O)Nc3cc(n[nH]3)c4ccc(Cl)cc4,8.85
613,CHEMBL489726,C[C@@H]1NC(=N[C@@]1(c2ccc(F)cc2)c3ccc(F)nc3)C4=CC=CC(=O)N4,8.85
614,CHEMBL1836102,Cl.Nc1nc(NC[C@@H]2CC[C@@H](CNS(=O)(=O)c3ccc4ccccc4c3)CC2)nc5ccccc15,8.85
615,CHEMBL17590,Clc1ccc2SC(=O)N(CC(=O)N3CCC(CC3)C(=O)Nc4cccc(c4)C(=O)c5ccccc5)c2c1,8.85
616,CHEMBL522388,O=C(Nc1ncc(cn1)c2ccccc2)N3CCC4(CC3)OC(=O)c5ccccc45,8.85
617,CHEMBL524051,CS(=O)(=O)N1CC2(CCN(CC2)C(=O)Nc3cccc(c3)c4ccccc4)c5ccccc15,8.89
618,CHEMBL576727,CS(=O)(=O)N1CC2(CCN(CC2)C(=O)Nc3onc(c3)c4ccccc4)c5ccccc15,8.89
619,CHEMBL491288,C[C@@H]1NC(=N[C@@]1(c2ccc(F)cc2)c3ccc(F)nc3)c4cc(ccn4)C#N,8.89
620,CHEMBL526645,FC(F)(F)c1ccccc1c2cnc(NC(=O)N3CCC4(CC3)OC(=O)c5ccccc45)nc2,8.89
621,CHEMBL595120,O=C(Nc1cnn(c1)c2ccccc2)[C@@H]3CC[C@]4(CC3)OC(=O)c5ncccc45,8.89
622,CHEMBL161724,CC(C)(C)OCCOc1ccc(cn1)c2nc(c[nH]2)c3cccc(c3)C#N,8.92
623,CHEMBL2013024,CC(C)S(=O)(=O)NC[C@@H]1CC[C@H](CC1)NC(=O)Cn2ccc3ccc(F)cc23,8.92
624,CHEMBL523330,CCCCc1ccc(NC(=O)N2CCC3(CC2)CN(c4ccccc34)S(=O)(=O)C)cc1,8.92
625,CHEMBL255353,CN(C1CCN(CC1)S(=O)(=O)C)C(=O)N[C@@H]2CC[C@H](CC2)c3cc(F)cc(F)c3,8.92
626,CHEMBL167709,COc1ccc2CCCC(CNC(=O)C3CCN(CC3)C(=O)CN4C(=O)Sc5ccc(Cl)cc45)Cc2c1,8.92
627,CHEMBL135883,Nc1nc(N2CCCCC2)c3[nH]c(cc3n1)c4ccccc4,8.92
628,CHEMBL607037,O=C(Nc1csc(n1)c2ccccc2)[C@@H]3CC[C@]4(CC3)OC(=O)c5ccncc45,8.92
629,CHEMBL496621,O=C(Nc1nsc(n1)c2ccccc2)N3CCC4(CC3)OC(=O)c5ccccc45,8.92
630,CHEMBL276322,OC(CNC(=O)C1CCN(CC1)C(=O)CN2C(=O)Sc3ccc(Cl)cc23)c4ccccc4,8.92
631,CHEMBL2013016,CC(C)S(=O)(=O)NC[C@@H]1CC[C@H](CC1)NC(=O)CN2CC(C)(C)c3cc(Cl)ccc23,8.96
632,CHEMBL428423,CN(C1CCN(CC1)S(=O)(=O)C)C(=O)NC2CCN(CC2)c3cc(Cl)cc(Cl)c3,8.96
633,CHEMBL523060,COc1ccccc1c2cnc(NC(=O)N3CCC4(CC3)OC(=O)c5ccccc45)nc2,8.96
634,CHEMBL335039,Cc1nc(N2CCCCC2)c3[nH]c(cc3n1)c4ccccc4,8.96
635,CHEMBL506163,Cl.COc1ccc(cn1)[C@@]2(N=C(N[C@H]2C)c3cc(ccn3)C#N)c4ccc(F)cc4,8.96
636,CHEMBL496196,Clc1ccccc1c2cnc(NC(=O)N3CCC4(CC3)OC(=O)c5ccccc45)nc2,8.96
637,CHEMBL495630,Fc1cccc(c1)c2cnc(NC(=O)N3CCC4(CC3)OC(=O)c5ccccc45)nc2,8.96
638,CHEMBL1829320,CC(C)S(=O)(=O)NC[C@@H]1CC[C@H](CC1)NC(=O)CN2C(=O)COc3cc(Cl)ccc23,9.0
639,CHEMBL2013021,CC(C)S(=O)(=O)NC[C@@H]1CC[C@H](CC1)NC(=O)Cn2ccc3ccc(Cl)cc23,9.0
640,CHEMBL119743,CC(C)n1c2ccccc2c3cc(NC(=O)CCc4ccncc4)ccc13,9.0
641,CHEMBL2016739,CN([C@@H]1CC[C@@]2(CC1)OC(=O)c3ccncc23)C(=O)Nc4cnc(cn4)c5ccccc5,9.0
642,CHEMBL349486,COc1ccc2CCCC(O)(CNC(=O)C3CCN(CC3)C(=O)CN4C(=O)Sc5ccc(Cl)cc45)c2c1,9.0
643,CHEMBL325486,CS(=O)(=O)n1c2ccccc2c3cc(NC(=O)CCc4ccncc4)ccc13,9.0
644,CHEMBL523134,C[C@@H]1NC(=NC1(c2ccc(F)cc2)c3ccc(F)cc3)c4cc(ccn4)C#N,9.0
645,CHEMBL490561,C[C@@H]1NC(=N[C@@]1(c2ccc(F)cc2)c3ccc(F)nc3)c4ccnc(c4)C#N,9.0
646,CHEMBL497621,Clc1cccc(c1)c2cc(NC(=O)N3CCC4(CC3)OC(=O)c5ccccc45)on2,9.0
647,CHEMBL81994,Fc1ccc2CCCc3sc(NCC4CCN(CC4)C(=O)C5CCOC5)nc3c2c1,9.0
648,CHEMBL521537,Fc1ccccc1c2cnc(NC(=O)N3CCC4(CC3)OC(=O)c5ccccc45)nc2,9.0
649,CHEMBL331551,N[C@@H](CCCCNS(=O)(=O)c1ccccc1F)CNC2CCc3cc(O)ccc3C2Cc4cccnc4,9.0
650,CHEMBL69881,Oc1ccc2C3CC(=NC3CCc2c1)NC[C@@H]4CC[C@@H](CNS(=O)(=O)c5ccccc5)CC4,9.0
651,CHEMBL495201,CS(=O)(=O)N1CC2(CCN(CC2)C(=O)Nc3cnc(cn3)c4ccccc4)c5ccccc15,9.01
652,CHEMBL494593,CS(=O)(=O)N1CC2(CCN(CC2)C(=O)Nc3ccc(cn3)c4ccccc4)c5ccccc15,9.02
653,CHEMBL521545,Clc1cccc(c1)c2cnc(NC(=O)N3CCC4(CC3)OC(=O)c5ccccc45)nc2,9.04
654,CHEMBL595790,Fc1ccc(cc1)n2ccc(NC(=O)[C@@H]3CC[C@]4(CC3)OC(=O)c5ccncc45)n2,9.04
655,CHEMBL2013010,CC(C)S(=O)(=O)NC[C@@H]1CC[C@H](CC1)NC(=O)CN2C(=O)Sc3cc(Cl)ccc23,9.05
656,CHEMBL1829326,CC(C)S(=O)(=O)NC[C@@H]1CC[C@H](CC1)NC(=O)CN2CCCc3cc(Cl)ccc23,9.05
657,CHEMBL2013025,CC(C)S(=O)(=O)NC[C@@H]1CC[C@H](CC1)NC(=O)Cn2ccc3cc(F)c(F)cc23,9.05
658,CHEMBL2013022,CC(C)S(=O)(=O)NC[C@@H]1CC[C@H](CC1)NC(=O)Cn2ccc3cccc(Cl)c23,9.05
659,CHEMBL442182,CC(Cc1ccc(Cl)cc1)N(C)C(=O)Nc2ccc(Oc3ccccc3)cc2,9.05
660,CHEMBL2016740,CN([C@@H]1CC[C@]2(CC1)OC(=O)c3ccncc23)C(=O)Nc4cnc(cn4)c5ccccc5,9.05
661,CHEMBL593465,O=C(Nc1cnn(n1)c2ccccc2)[C@@H]3CC[C@]4(CC3)OC(=O)c5ccncc45,9.05
662,CHEMBL3666786,CCS(=O)(=O)NC[C@@H]1CC[C@H](CC1)Nc2onc(n2)c3ccc(F)c(F)c3,9.07
663,CHEMBL492568,CS(=O)(=O)N1CC2(CCN(CC2)C(=O)Nc3ccc(cc3)c4ccccc4)c5ccccc15,9.07
664,CHEMBL523715,CS(=O)(=O)N1CC2(CCN(CC2)C(=O)Nc3cnc(nc3)c4ccccc4)c5ccccc15,9.07
665,CHEMBL497641,FC(F)(F)c1cccc(c1)c2cnc(NC(=O)N3CCC4(CC3)OC(=O)c5ccccc45)nc2,9.07
666,CHEMBL59680,CCn1c2ccccc2c3cc(NC(=O)CCN4CCOCC4)ccc13,9.08
667,CHEMBL526084,Clc1ccccc1c2cc(NC(=O)N3CCC4(CC3)OC(=O)c5ccccc45)on2,9.08
668,CHEMBL495580,O=C(Nc1onc(c1)c2ccccc2)N3CCC4(CC3)OC(=O)c5ccccc45,9.08
669,CHEMBL3666781,CCS(=O)(=O)NC[C@@H]1CC[C@H](CC1)Nc2onc(n2)c3cccc(F)c3,9.09
670,CHEMBL522540,CS(=O)(=O)N1CC2(CCN(CC2)C(=O)Nc3ccc(nc3)c4ccccc4)c5ccccc15,9.09
671,CHEMBL1829322,CC(C)S(=O)(=O)NC[C@@H]1CC[C@H](CC1)NC(=O)CN2C(=O)CSc3cc(Cl)ccc23,9.1
672,CHEMBL2016682,CN([C@@H]1CC[C@@]2(CC1)OC(=O)c3ccncc23)C(=O)Nc4ccn(n4)c5ccccc5F,9.1
673,CHEMBL521947,C[C@@H]1NC(=N[C@@]1(c2ccc(F)cc2)c3ccc(F)nc3)c4cccc(c4)C#N,9.1
674,CHEMBL404461,CCS(=O)(=O)N1CCC(CC1)N(C)C(=O)N[C@@H]2CC[C@H](CC2)c3cc(F)cc(F)c3,9.13
675,CHEMBL2016732,CN([C@@H]1CC[C@@]2(CC1)OC(=O)c3ccccc23)C(=O)Nc4ccn(n4)c5ccccc5F,9.16
676,CHEMBL166606,COc1ccc2CCCC(Cc2c1)NCC3CCN(CC3)C(=O)CN4C(=O)Sc5ccc(Cl)cc45,9.16
677,CHEMBL341563,Cc1nc(N2CCCC2)c3[nH]c(cc3n1)c4ccccc4,9.16
678,CHEMBL137086,Cc1nc(N2CCCCC2)c3[nH]c(cc3n1)c4ccc(cc4)C(F)(F)F,9.16
679,CHEMBL524085,Clc1ccc(cc1)c2cc(NC(=O)N3CCC4(CC3)OC(=O)c5ccccc45)on2,9.16
680,CHEMBL16986,Fc1ccc(NC(=O)C2CCN(CC2)C(=O)CN3C(=O)Sc4ccc(Cl)cc34)cc1C(F)(F)F,9.16
681,CHEMBL575214,CS(=O)(=O)N1CC2(CCN(CC2)C(=O)Nc3ccc(cc3)C(=O)c4ccccc4)c5ccccc15,9.17
682,CHEMBL570633,O=C(Nc1ncc(cn1)c2ccccc2)[C@@H]3CC[C@]4(CC3)OC(=O)c5ccccc45,9.19
683,CHEMBL1829323,CC(C)S(=O)(=O)NC[C@@H]1CC[C@H](CC1)NC(=O)CN2CCSc3cc(Cl)ccc23,9.22
684,CHEMBL495169,CS(=O)(=O)N1CC2(CCN(CC2)C(=O)Nc3ncc(cn3)c4ccccc4)c5ccccc15,9.24
685,CHEMBL167991,COc1ccc2CCCC(O)(CNCC3CCN(CCNS(=O)(=O)c4cccc5ccccc45)CC3)c2c1,9.27
686,CHEMBL2013012,CC(C)S(=O)(=O)NC[C@@H]1CC[C@H](CC1)NC(=O)CN2CCc3cc(Cl)ccc23,9.3
687,CHEMBL78089,CC(Cc1ccncc1)N(C)C(=O)Nc2ccc(Oc3ccccc3)cc2,9.3
688,CHEMBL137449,Cc1ccc(cc1)c2cc3[nH]c(C)nc(N4CCCCC4)c3n2,9.3
689,CHEMBL343318,Cc1oc(cc1)c2cc3[nH]c(C)nc(N4CCCCC4)c3n2,9.3
690,CHEMBL62166,Oc1nc2ccccc2n1C3CCN(CC(=O)Nc4ccc5C(=O)c6ccccc6c5c4)CC3,9.33
691,CHEMBL403414,CN(C1CCN(CC1)S(=O)(=O)C)C(=O)Nc2ccc(cc2)c3cc(F)cc(F)c3,9.4
692,CHEMBL445328,Cc1nc(N2CCC=CC2)c3[nH]c(cc3n1)c4ccccc4,9.4
693,CHEMBL137378,Cc1nc(N2CCCCC2)c3[nH]c(cc3n1)c4cc(F)cc(F)c4,9.4
694,CHEMBL61880,CC(C)Cn1c2ccccc2c3cc(NC(=O)CCN4CCCC4)ccc13,9.52
695,CHEMBL2013020,CC(C)S(=O)(=O)NC[C@@H]1CC[C@H](CC1)NC(=O)Cn2ccc3cc(Cl)ccc23,9.52
696,CHEMBL138379,Cc1nc(N2CCCCC2)c3[nH]c(cc3n1)c4ccc(F)cc4,9.52
697,CHEMBL343817,Cc1nc(N2CCCCC2)c3[nH]c(cc3n1)c4cccc(F)c4,9.52
698,CHEMBL135143,Cc1nc(N2CCCCC2)c3[nH]c(cc3n1)c4oc5ccccc5c4,9.52
699,CHEMBL275841,Clc1ccc2SC(=O)N(CC(=O)N3CCC(CC3)C(=O)Nc4ccc(Cl)c5ccccc45)c2c1,9.64
700,CHEMBL342438,CCCCCc1cc2[nH]c(C)nc(N3CCCCC3)c2n1,9.7
701,CHEMBL492370,CS(=O)(=O)N1CC2(CCN(CC2)C(=O)Nc3ccc(Cl)c(Cl)c3)c4ccccc14,9.7
0,CHEMBL75193,Cc1cc(nn1c2ccccc2)C(=O)Nc3cc(Cl)cc(Cl)c3,6.12
2,CHEMBL305922,Cc1cc(nn1c2cccc(c2)C(F)(F)F)C(=O)Nc3cccc(Br)c3,6.45
4,CHEMBL306993,Cc1cc(nn1c2cccc(c2)C(F)(F)F)C(=O)Nc3cccc(Cl)c3,6.28
9,CHEMBL312748,Cc1cc(nn1c2cccc(c2)C(F)(F)F)C(=O)Nc3cccc(OC(F)(F)F)c3,6.37
10,CHEMBL76218,Cc1cc(nn1c2cccc(c2)C(F)(F)F)C(=O)Nc3ccc(F)cc3,6.1
11,CHEMBL74252,Cc1cc(nn1c2cccc(c2)C(F)(F)F)C(=O)Nc3cccc4ccccc34,6.45
12,CHEMBL312086,Cc1cc(nn1c2cccc(c2)C(F)(F)F)C(=O)Nc3cccc4CCCCc34,6.71
19,CHEMBL440310,Cc1cc(nn1c2cccc(c2)C(F)(F)F)C(=O)Nc3c(F)cccc3F,6.63
20,CHEMBL73351,Cc1cc(nn1c2cccc(c2)C(F)(F)F)C(=O)Nc3ccccc3n4cccc4,6.12
22,CHEMBL312308,Cc1cccc(c1)n2nc(cc2C)C(=O)Nc3cc(Cl)cc(Cl)c3,6.66
25,CHEMBL75163,Cc1ccccc1NC(=O)c2cc(C)n(n2)c3cccc(c3)C(F)(F)F,6.24
27,CHEMBL76413,Cc1cc(nn1c2cccc(c2)C(F)(F)F)C(=O)Nc3ccccc3Nc4ccccc4,6.57
29,CHEMBL310694,Cc1cc(nn1c2cccc(c2)C(F)(F)F)C(=O)Nc3ccccc3Cc4ccccc4,6.54
30,CHEMBL74161,Cc1cc(nn1c2cccc(c2)C(F)(F)F)C(=O)Nc3cccc4ncccc34,6.64
32,CHEMBL74777,Cc1cc(nn1c2cccc(c2)C(F)(F)F)C(=O)Nc3cccc(I)c3,6.17
38,CHEMBL76512,Cc1cc(nn1c2cccc(c2)C(F)(F)F)C(=O)Nc3cc(Cl)cc(Cl)c3,6.82
39,CHEMBL309055,Cc1cccc(NC(=O)c2cc(C)n(n2)c3cccc(c3)C(F)(F)F)c1,6.21
42,CHEMBL290175,N\C(=N\CCCC(NC(=O)Cc1ccc(cc1)c2ccccc2)C(=O)N3CCCc4cc(O)ccc4C3)\NCCCc5ccccc5,6.11
43,CHEMBL41673,C[C@@H](NC(=O)C(CCCN=C(N)N)NC(=O)C(c1ccccc1)c2ccccc2)c3ccccc3,4.32
44,CHEMBL41981,NC(=N)NCCCC(NC(=O)C(c1ccccc1)c2ccccc2)C(=O)N[C@H](CO)c3ccccc3,4.17
45,CHEMBL41457,NC(=N)NCCCC(NC(=O)C(c1ccccc1)c2ccc(Cl)cc2)C(=O)NCc3ccccc3,5.59
46,CHEMBL41686,NC(=N)NCCCC(NC(=O)C(c1ccccc1)c2ccc(Cl)cc2)C(=O)N[C@H]3CCc4ccccc34,4.92
47,CHEMBL42747,NC(=N)NCCCC(NC(=O)C(c1ccccc1)c2ccccc2)C(=O)N3CCCc4cc(O)ccc4C3,4.6
49,CHEMBL44246,NC(=N)NCCCC(NC(=O)C(c1ccccc1)c2ccccc2)C(=O)NCc3ccc(O)cc3,4.1
51,CHEMBL288355,CC(NC(=O)C(CCCN=C(N)N)NC(=O)C(c1ccccc1)c2ccccc2)c3ccc(O)cc3,4.13
57,CHEMBL308034,Cc1ccc(cc1)n2nc(cc2N)c3ccc(NS(=O)(=O)c4cccc(N)c4)cc3,6.52
60,CHEMBL432352,CN(C)c1ccc(cc1)S(=O)(=O)Nc2ccc(cc2)c3cc(N)n(n3)c4ccc(C)cc4,6.79
61,CHEMBL307902,Cc1ccc(cc1)n2nc(cc2N)c3ccc(NS(=O)(=O)c4ccccc4N)cc3,6.64
66,CHEMBL76411,CNc1cc(nn1c2ccc(C)cc2)c3ccc(NS(=O)(=O)c4ccc(cc4)N(C)C)cc3,6.31
72,CHEMBL308508,Nc1cc(nn1c2ccc(cc2)C(F)(F)F)c3ccc(CNS(=O)(=O)c4ccccc4)cc3,6.94
74,CHEMBL307901,Cc1ccc(cc1)n2nc(cc2N)c3ccc(NS(=O)(=O)c4ccccc4[N+](=O)[O-])cc3,6.75
78,CHEMBL307462,COc1ccc(cc1)S(=O)(=O)Nc2ccc(cc2)c3cc(N)n(n3)c4ccccn4,6.36
81,CHEMBL73619,COc1ccc(cc1)S(=O)(=O)Nc2ccc(cc2)c3cc(N)n(n3)c4c[n+](ccn4)C(F)(F)F,6.15
83,CHEMBL75369,CN(C)c1cccc(c1)S(=O)(=O)Nc2ccc(cc2)c3cc(N)n(n3)c4ccc(C)cc4,6.84
85,CHEMBL42096,Fc1ccc2C(Cc3cccnc3)C(CCc2c1)NC(=O)[C@@H]4CC[C@@H](CNC(=O)Cc5ccccc5)CC4,6.94
94,CHEMBL44338,Fc1ccc2C(Cc3cccnc3)C(CCc2c1)NC(=O)CN4CCC(CC4)NC(=O)Nc5ccccc5,6.63
99,CHEMBL296557,Fc1ccc2C(Cc3cccnc3)C(CCc2c1)NC(=O)[C@@H]4CC[C@@H](CNC(=O)Nc5ccccc5)CC4,6.77
104,CHEMBL42611,CC(C)(C)NC(=O)NC1CCN(CC(=O)NC2CCc3cc(F)ccc3C2Cc4cccnc4)CC1,6.85
114,CHEMBL68467,COc1ccc2C(Cc3ccccc3)C(CCc2c1)NCCc4ccc(OC)c(OC)c4,6.05
119,CHEMBL438945,CC[C@H](C)[C@H](NC(=O)[C@H](Cc1ccc(O)cc1)NC(=O)[C@H](Cc2cnc[nH]2)NC(=O)[C@H](CCCNC(=N)N)NC(=O)[C@H](CC(C)C)NC(=O)[C@H](C)NC(=O)[C@H](CO)NC(=O)[C@H](Cc3ccc(O)cc3)NC(=O)[C@H](Cc4ccc(O)cc4)NC(=O)[C@H](CCCNC(=N)N)NC(=O)[C@H](C)NC(=O)[C@H](CCSC)NC(=O)[C@H](CC(=O)O)NC(=O)[C@H](CCC(=O)O)NC(=O)[C@H](C)NC(=O)[C@@H]5CCCN5C(=O)[C@H](C)NC(=O)[C@H](CC(=O)O)NC(=O)[C@H](CCC(=O)O)NC(=O)CNC(=O)[C@@H]6CCCN6C(=O)[C@H](CC(=O)N)NC(=O)[C@H](CC(=O)O)NC(=O)[C@@H]7CCCN7C(=O)[C@H](CCCCN)NC(=O)[C@H](CO)NC(=O)[C@@H]8CCCN8C(=O)[C@@H](N)Cc9ccc(O)cc9)C(=O)N[C@@H](CC(=O)N)C(=O)N[C@@H](CC(C)C)C(=O)N[C@@H]([C@@H](C)CC)C(=O)N[C@@H]([C@@H](C)O)C(=O)N[C@@H](CCCNC(=N)N)C(=O)N[C@@H](CCC(=O)N)C(=O)N[C@@H](CCCNC(=N)N)C(=O)N[C@@H](Cc%10ccc(O)cc%10)C(=O)N,8.52
125,CHEMBL3084874,COc1ccc2C(Cc3ccccc3)C(CCc2c1)NC[C@@H]4CC[C@@H](CNS(=O)(=O)c5ccc6ccccc6c5)CC4,6.35
126,CHEMBL3084875,COc1ccc2C(Cc3cccnc3)C(CCc2c1)NC[C@@H]4CC[C@@H](CNS(=O)(=O)c5ccc6ccccc6c5)CC4,6.47
139,CHEMBL48777,O=S(=O)(NCCCCCCNCc1ccc2ccccc2c1)c3ccc4ccccc4c3,6.91
145,CHEMBL158940,Clc1cccc(c1)c2cc(NC(=O)C3Cc4ccccc4C3)[nH]n2,6.92
147,CHEMBL161398,O=C(Nc1cc([nH]n1)c2ccccc2)C3Cc4ccccc4C3,6.59
148,CHEMBL157588,Clc1ccccc1c2cc(NC(=O)C3Cc4ccccc4C3)[nH]n2,6.35
150,CHEMBL160595,Clc1ccc(cc1)c2cc(NC(=O)Cc3cccc4ccccc34)[nH]n2,6.5
156,CHEMBL160389,Clc1ccc(cc1)c2cc(NC(=O)CCCc3ccccc3)[nH]n2,6.35
163,CHEMBL350463,Clc1ccc(cc1)c2cc(NC(=O)Cc3ccccc3)[nH]n2,6.1
274,CHEMBL306099,Clc1ccc2C3CC(=NC3CCc2c1)NC(=O)[C@@H]4CC[C@@H](CNS(=O)(=O)c5ccccc5)CC4,6.96
275,CHEMBL2112218,N[C@@H](CCCCNS(=O)(=O)c1ccccc1F)C(=O)NC2=NC3CCc4cc(F)ccc4C3C2,6.7
282,CHEMBL430604,COc1ccc2C3CC(=NC3CCc2c1)NC(=O)[C@@H]4CC[C@@H](CNS(=O)(=O)c5ccccc5F)CC4,6.92
305,CHEMBL76478,CN(C(=O)Nc1ccc(Oc2ccccc2)cc1)C(C)(C)Cc3ccccc3,5.88
307,CHEMBL76439,CC(C)C(Cc1ccccc1)N(C)C(=O)Nc2ccc(Oc3ccccc3)cc2,6.42
315,CHEMBL80465,C[C@H]([C@@H](O)c1ccccc1)N(C)C(=O)Oc2ccc(Oc3ccccc3)cc2,5.02
317,CHEMBL78265,C[C@@H]([C@H](O)c1ccccc1)N(C)C(=O)Nc2ccc(Oc3ccccc3)cc2,6.9
319,CHEMBL76627,CCN([C@H](C)[C@@H](O)c1ccccc1)C(=O)Nc2ccc(Oc3ccccc3)cc2,5.91
320,CHEMBL308046,C[C@@H](NC(=O)Nc1ccc(Oc2ccccc2)cc1)[C@@H](O)c3ccccc3,5.78
328,CHEMBL76549,C[C@H]([C@@H](O)c1ccccc1)N(C)\C(=N\c2ccc(Cc3ccccc3)cc2)\NC#N,6.55
334,CHEMBL76265,COc1ccc(NC(=O)N(C)[C@H](C)[C@@H](O)c2ccccc2)cc1,5.54
341,CHEMBL308623,C[C@H]([C@@H](O)c1ccccc1)N(C)C(=O)Cc2ccc(Oc3ccccc3)cc2,5.13
343,CHEMBL77311,C[C@H]([C@@H](O)c1ccccc1)N(C)C(=O)Nc2ccc(O)cc2,5.35
344,CHEMBL77255,C[C@@H](N(C)C(=O)Nc1ccc(Oc2ccccc2)cc1)C(=O)c3ccccc3,5.02
350,CHEMBL308625,C[C@@H]([C@@H](O)c1ccccc1)N(C)C(=O)Nc2ccc(Oc3ccccc3)cc2,6.3
351,CHEMBL77719,C[C@@H](Cc1ccccc1)N(C)C(=O)Nc2ccc(Oc3ccccc3)cc2,5.3
356,CHEMBL77208,CN(C1Cc2ccccc2C1)C(=O)Nc3ccc(Oc4ccccc4)cc3,6.79
367,CHEMBL332381,C1CCC(CC1)c2c[nH]c(n2)c3cccnc3,6.64
371,CHEMBL122120,COc1ccc(cc1OC)c2c[nH]c(n2)c3cccnc3,6.83
374,CHEMBL332598,Clc1ccc(cc1Cl)c2c[nH]c(n2)c3nccc4ccccc34,6.94
378,CHEMBL120538,N#Cc1ccc(cc1)c2c[nH]c(n2)c3cccnc3,5.52
380,CHEMBL323658,FC(F)(F)Oc1ccc(cc1)c2c[nH]c(n2)c3cccnc3,6.68
381,CHEMBL326736,c1ccc(cc1)c2c[nH]c(n2)c3ccncc3,5.82
384,CHEMBL120336,c1ccc(cc1)c2c[nH]c(n2)c3cccnc3,6.28
386,CHEMBL116488,Clc1ccc(cc1Cl)c2c[nH]c(n2)c3cc4ccccc4cn3,5.32
387,CHEMBL325171,c1ccc(cc1)c2c[nH]c(n2)c3ccccn3,5.84
390,CHEMBL349386,CCOC(=O)COc1ccc2CCCC(Cc2c1)NCC3CCN(CCNS(=O)(=O)c4cccc5ccccc45)CC3,6.17
398,CHEMBL164805,Clc1ccc2CCCC(Cc2c1)NCC3CN(CCNS(=O)(=O)c4cccc5ccccc45)C3,6.51
399,CHEMBL348806,O=S(=O)(NCCN1CCC(CNC2CCCc3ccccc3C2)CC1)c4cccc5ccccc45,6.68
403,CHEMBL167318,COc1ccc2CCCC(Cc2c1)NCCN3CCC(CNS(=O)(=O)c4cccc5ccccc45)CC3,6.13
405,CHEMBL167926,COc1ccc2CC(CCCc2c1)NCCN3CCC(CNS(=O)(=O)c4cccc5ccccc45)CC3,6.0
407,CHEMBL350379,Cc1ccc2CCCC(Cc2c1)NCC3CN(CCNS(=O)(=O)c4cccc5ccccc45)C3,6.72
408,CHEMBL164748,COc1ccc2CCCC(Cc2c1OC)NCC3CN(CCNS(=O)(=O)c4cccc5ccccc45)C3,6.85
409,CHEMBL164971,COc1ccc2CCCC(CNCCN3CCC(CNS(=O)(=O)c4cccc5ccccc45)CC3)Cc2c1,6.27
411,CHEMBL343564,Cc1nc(N2CCCCC2)c3[nH]c(cc3n1)c4ccc(cc4)c5ccccc5,5.85
412,CHEMBL137808,Cc1nc(N2CCc3ccccc3C2)c4[nH]c(cc4n1)c5ccccc5,6.66
414,CHEMBL435825,Cc1nc(C2CCCCC2)c3[nH]c(cc3n1)c4ccccc4,5.09
416,CHEMBL137350,Cc1nc(N2CCCCC2)c3[nH]c(cc3n1)c4c(F)cccc4F,6.42
417,CHEMBL137260,Cc1nc(N2CCCCC2)c3[nH]c(cc3n1)c4cc5ccccc5s4,6.85
419,CHEMBL136959,Cc1nc(c2cccnc2)c3[nH]c(cc3n1)c4ccccc4,5.07
420,CHEMBL337105,Cc1cc2cc([nH]c2c(n1)N3CCCCC3)c4ccccc4,5.92
422,CHEMBL342918,CC(=O)N1CCN(CC1)c2[nH]c(C)nc3cc(nc23)c4ccccc4,5.22
423,CHEMBL137724,Cc1nc(c2ccsc2)c3[nH]c(cc3n1)c4ccccc4,6.25
427,CHEMBL344228,Cc1nc(N2CCCCC2)c3[nH]c(c4ccccc4)c(c5ccccc5)c3n1,6.38
429,CHEMBL137403,Cc1nc(N2CCCCC2)c3[nH]c(cc3n1)c4ccccn4,6.82
430,CHEMBL2111927,COc1c([nH]c2c(nc(C)nc12)N3CCCCC3)c4ccccc4,6.04
434,CHEMBL343924,Cc1nc(N2CCCCC2)c3nc(Cc4cccc(c4)C(F)(F)F)cc3[nH]1,6.77
435,CHEMBL137360,CC1CC(C)CN(C1)c2[nH]c(C)nc3cc(nc23)c4ccccc4,6.72
438,CHEMBL137557,CCOCCCNc1[nH]c(C)nc2cc(nc12)c3ccccc3,6.14
439,CHEMBL137102,CCCCCC(CC)CNc1[nH]c(C)nc2cc(nc12)c3ccccc3,5.11
443,CHEMBL337305,Cc1nc(N2CCCCC2)c3sc(cc3n1)c4ccccc4,6.66
445,CHEMBL135485,Cc1nc(N2CCCCC2CCO)c3[nH]c(cc3n1)c4ccccc4,6.14
447,CHEMBL343330,CC(C)c1nc(N2CCCCC2)c3[nH]c(cc3n1)c4ccccc4,5.08
448,CHEMBL336029,O=C(Nc1nc(N2CCCCC2)c3[nH]c(cc3n1)c4ccccc4)c5ccccc5,6.13
450,CHEMBL137236,Cc1nc(N2CCC(O)CC2)c3[nH]c(cc3n1)c4ccccc4,6.6
451,CHEMBL137572,Cc1nc(N)c2[nH]c(cc2n1)c3ccccc3,5.51
455,CHEMBL137711,Cc1nc(N2CCCCC2)c3[nH]c(c(F)c3n1)c4ccccc4,5.8
457,CHEMBL423720,Cc1nc(N2CCCCC2)c3[nH]c(cc3n1)c4cnccn4,5.85
458,CHEMBL136940,Cc1nc(N2CCNCC2)c3[nH]c(cc3n1)c4ccccc4,5.14
459,CHEMBL343102,Cc1nc(NCc2ccccc2)c3[nH]c(cc3n1)c4ccccc4,5.82
460,CHEMBL138383,C1CCN(CC1)c2[nH]cnc3cc(nc23)c4ccccc4,5.64
461,CHEMBL137464,CC(C)Cc1nc(N2CCCCC2)c3[nH]c(cc3n1)c4ccccc4,6.34
462,CHEMBL344844,COc1nc(N2CCCCC2)c3[nH]c(cc3n1)c4ccccc4,6.27
467,CHEMBL137669,C1CCN(CC1)c2[nH]c(nc3cc(nc23)c4ccccc4)c5ccccc5,5.03
468,CHEMBL138278,CN(C)c1nc(N2CCCCC2)c3[nH]c(cc3n1)c4ccccc4,6.55
472,CHEMBL342042,COc1ccc(Cc2cc3[nH]c(C)nc(N4CCCCC4)c3n2)cc1,5.62
475,CHEMBL137619,Cc1nc(N2CCCCC2)c3[nH]c(cc3n1)c4occc4,5.96
476,CHEMBL139270,Cc1nc(N2CCN(CC2)S(=O)(=O)C)c3[nH]c(cc3n1)c4ccccc4,5.13
477,CHEMBL334960,Cc1nc(N2CCCCC2)c3[nH]c(nc3n1)c4ccccc4,6.33
478,CHEMBL336985,Cc1nc(N2CCCCC2)c3c(cc(c4ccccc4)n3C)n1,5.89
479,CHEMBL342818,FC(F)(F)c1nc(N2CCCCC2)c3[nH]c(cc3n1)c4ccccc4,6.23
480,CHEMBL137290,Cc1nc(N2CCCCC2)c3[nH]c(cc3n1)c4ccccc4Cl,6.18
481,CHEMBL138435,Cc1nc(N2CCCCC2)c3nc(Cc4ccc(F)cc4)cc3[nH]1,6.07
482,CHEMBL343766,Cc1nc(N2CCCCC2)c3[nH]c(c(Br)c3n1)c4ccccc4,6.24
484,CHEMBL337815,Cc1nc(NCCN2CCOCC2)c3[nH]c(cc3n1)c4ccccc4,5.4
487,CHEMBL344692,Cc1nc(Nc2ccccc2)c3[nH]c(cc3n1)c4ccccc4,6.27
489,CHEMBL137786,Cc1oc(CNc2[nH]c(C)nc3cc(nc23)c4ccccc4)cc1,5.59
491,CHEMBL137296,CSc1nc(N2CCCCC2)c3[nH]c(cc3n1)c4ccccc4,5.33
494,CHEMBL341993,COc1ccc(CCc2cc3[nH]c(C)nc(N4CCCCC4)c3n2)cc1,6.82
496,CHEMBL342153,CCCNc1nc(N2CCCCC2)c3[nH]c(cc3n1)c4ccccc4,6.92
497,CHEMBL421913,Cc1nc(N2CCCCC2)c3nc(CS(=O)(=O)c4ccc(Cl)cc4)cc3[nH]1,5.07
499,CHEMBL343394,Cc1cc2[nH]c(C)nc(N3CCCCC3)c2n1,6.8
502,CHEMBL138172,CC(=O)c1c([nH]c2c(nc(C)nc12)N3CCCCC3)c4ccccc4,5.29
504,CHEMBL137125,Cc1nc(N2CCCCC2)c3nc(CSc4ccc(Cl)cc4)cc3[nH]1,6.17
505,CHEMBL137356,CN(C)CC1CCCCN1c2[nH]c(C)nc3cc(nc23)c4ccccc4,5.28
506,CHEMBL137428,C1CCN(CC1)c2nc(N3CCCCC3)c4[nH]c(cc4n2)c5ccccc5,5.4
507,CHEMBL136944,Cc1nc(N2CCCCC2)c3[nH]c(cc3n1)c4ccccc4C(F)(F)F,5.6
509,CHEMBL335861,CCc1c([nH]c2c(nc(C)nc12)N3CCCCC3)c4ccccc4,6.48
511,CHEMBL277551,Nc1nc(N[C@H]2CCCC[C@H]2NS(=O)(=O)c3cccc4ccccc34)nc5ccccc15,5.31
515,CHEMBL155048,CC(C)c1cc(C(C)C)c(c(c1)C(C)C)S(=O)(=O)NC[C@@H]2CC[C@H](CC2)C(=O)NNC(=O)c3cc4ccccc4s3,6.85
516,CHEMBL18016,COc1cc2nc(nc(N)c2cc1OC)N3CCC(CC3)N4Cc5ccccc5C4=O,5.85
517,CHEMBL154412,O=C(NNC(=O)c1cc2ccccc2s1)[C@@H]3CC[C@@H](CNS(=O)(=O)c4ccccc4)CC3,6.76
518,CHEMBL418359,Nc1nc(NCC2CCCC(CNS(=O)(=O)c3cccc4ccccc34)C2)nc5ccccc15,7.42
519,CHEMBL276530,CC(=O)O[C@@H]1CC[C@H](CC1)Nc2nc(Nc3ccccc3)c4ccccc4n2,8.22
520,CHEMBL276551,Nc1nc(NCCCCCCNS(=O)(=O)c2cccc3ccccc23)nc4ccccc14,7.55
522,CHEMBL17496,O=C(O[C@@H]1CC[C@H](CC1)Nc2nc(Nc3ccccc3)c4ccccc4n2)c5ccccc5,6.4
523,CHEMBL17417,Nc1nc(NCCC2CCN(CC2)S(=O)(=O)c3cccc4ccccc34)nc5ccccc15,7.29
526,CHEMBL17521,Cc1ccc(cc1)S(=O)(=O)NC[C@@H]2CC[C@H](CC2)Nc3nc(Nc4ccccc4)c5ccccc5n3,8.4
527,CHEMBL17914,C1CCC(CC1)Nc2nc(Nc3ccccc3)c4ccccc4n2,7.3
529,CHEMBL273811,CCS(=O)(=O)Cc1ccc(Nc2nc(Nc3ccccc3)c4ccccc4n2)cc1,9.22
530,CHEMBL17450,CCCCN(CCCC)CCCNc1nc(Nc2cccc(c2)C(F)(F)F)c3ccccc3n1,6.68
532,CHEMBL17454,CNC[C@@H]1CC[C@H](CC1)Nc2nc(Nc3ccc(Cl)cc3)c4ccccc4n2,6.29
533,CHEMBL17196,Nc1nc(NCCCCCCCNS(=O)(=O)c2cccc3ccccc23)nc4ccccc14,7.36
536,CHEMBL17701,Nc1nc(NCCCCCCCCNS(=O)(=O)c2cccc3ccccc23)nc4ccccc14,7.34
537,CHEMBL275845,CN(C[C@@H]1CC[C@@H](CN(C)S(=O)(=O)c2cccc3ccccc23)CC1)c4nc(N)c5ccccc5n4,6.15
540,CHEMBL17398,CC(=O)NC[C@@H]1CC[C@H](CC1)Nc2nc(Nc3ccc(Cl)cc3)c4ccccc4n2,6.41
542,CHEMBL157905,O=C(NNC(=O)c1cccs1)[C@@H]2CC[C@@H](CNS(=O)(=O)c3cccc4cccnc34)CC2,6.83
543,CHEMBL429053,Cc1ccc(Nc2nc(Nc3ccccc3)c4ccccc4n2)cc1,6.7
544,CHEMBL276768,CN(C[C@@H]1CC[C@@H](CNS(=O)(=O)c2cccc3ccccc23)CC1)c4nc(N)c5ccccc5n4,7.8
546,CHEMBL17483,N(c1ccccc1)c2nc(Nc3ccccc3)c4ccccc4n2,7.1
547,CHEMBL279181,Clc1ccc(Nc2nc(N[C@@H]3CC[C@@H](CNC(=O)c4ccccc4)CC3)nc5ccccc25)cc1,6.51
548,CHEMBL17427,CN(C[C@@H]1CC[C@H](CC1)Nc2nc(Nc3ccc(Cl)cc3)c4ccccc4n2)C(=O)c5ccccc5,6.6
549,CHEMBL278881,Nc1nc(NCC[C@@H]2CC[C@@H](CNS(=O)(=O)c3cccc4ccccc34)CC2)nc5ccccc15,8.54
550,CHEMBL279408,CCN(CC)c1ccc(Nc2nc(Nc3ccccc3)c4ccccc4n2)cc1,8.4
551,CHEMBL17395,CN(C[C@@H]1CC[C@H](CC1)Nc2nc(Nc3ccc(Cl)cc3)c4ccccc4n2)C(=O)C,7.24
552,CHEMBL17632,CS(=O)(=O)NC[C@@H]1CC[C@H](CC1)Nc2nc(Nc3ccccc3)c4ccccc4n2,8.7
554,CHEMBL17247,Clc1ccc(Nc2nc(Nc3ccccc3)c4ccccc4n2)cc1Cl,6.57
555,CHEMBL275610,O=S(=O)(N1CCC(CNCc2ccc3ccccc3c2)CC1)c4cccc5ccccc45,6.0
556,CHEMBL16936,C1CCC(CC1)c2ccc(Nc3nc(Nc4ccccc4)c5ccccc5n3)cc2,7.7
557,CHEMBL278677,Nc1nc(NCc2ccc(CNS(=O)(=O)c3cccc4ccccc34)cc2)nc5ccccc15,6.54
558,CHEMBL17911,CN(C[C@@H]1CC[C@@H](CNc2nc(N)c3ccccc3n2)CC1)S(=O)(=O)c4cccc5ccccc45,6.96
559,CHEMBL17441,NCCCCNc1nc(N)c2cc(ccc2n1)c3ccccc3,5.7
560,CHEMBL17456,COc1cc2nc(nc(N)c2cc1OC)N3CCC(CC3)N4C(=O)CC(CC4=O)C5CCCCC5,6.8
561,CHEMBL17326,Clc1ccc(Nc2nc(Nc3ccccc3)c4ccccc4n2)cc1,7.0
562,CHEMBL18163,CN(C)S(=O)(=O)Cc1ccc(Nc2nc(Nc3ccccc3)c4ccccc4n2)cc1,9.05
563,CHEMBL440735,Clc1ccc(cc1)S(=O)(=O)NC[C@@H]2CC[C@H](CC2)C(=O)NNC(=O)c3cc4ccccc4s3,6.55
564,CHEMBL17352,COc1ccc(Nc2nc(Nc3ccccc3)c4ccccc4n2)cc1,7.48
565,CHEMBL17686,CCOP(=O)(Cc1ccc(Nc2nc(Nc3ccccc3)c4ccccc4n2)cc1)OCC,7.48
566,CHEMBL16965,Nc1nc(NCc2cccc(CNS(=O)(=O)c3cccc4ccccc34)c2)nc5ccccc15,6.42
567,CHEMBL52332,[O-][N+](=O)c1cccc2ccc(cc12)S(=O)(=O)NC[C@@H]3CC[C@@H](CNC(=O)C4CCc5ccccc5C4)CC3,6.14
568,CHEMBL299742,Cc1ccc(cc1)S(=O)(=O)NC(Cc2ccccc2)C(=O)NC[C@@H]3CC[C@@H](CNS(=O)(=O)c4ccc5ccccc5c4)CC3,6.7
571,CHEMBL298168,[O-][N+](=O)c1ccccc1S(=O)(=O)NC[C@@H]2CC[C@@H](CNC(=O)Nc3cccc4ccccc34)CC2,6.99
574,CHEMBL299579,[O-][N+](=O)c1ccccc1S(=O)(=O)NCCCCCCNC(=O)c2ccc3ccccc3c2,6.39
575,CHEMBL48960,O=C(NC[C@@H]1CC[C@@H](CNS(=O)(=O)c2cccc3ccccc23)CC1)C4CCc5ccccc5C4,5.39
577,CHEMBL298342,[O-][N+](=O)c1ccccc1S(=O)(=O)NCCCCCCNC(=O)Nc2cccc3ccccc23,6.82
578,CHEMBL296387,Cc1ccc(cc1)S(=O)(=O)NC(Cc2ccccc2)C(=O)NCCCCCCNS(=O)(=O)c3cccc4ccccc34,6.37
579,CHEMBL50807,O=C(NCCCCCCNS(=O)(=O)c1cccc2ccccc12)C3CCc4ccccc4C3,6.14
580,CHEMBL296906,O=C(NCCCCCCNS(=O)(=O)c1cccc2ccccc12)Nc3cccc4ccccc34,6.64
581,CHEMBL48904,[O-][N+](=O)c1ccccc1S(=O)(=O)NCCCCNC(=O)Nc2cccc3ccccc23,6.14
605,CHEMBL81611,COc1ccc2OCCc3sc(NCC4CCN(CC4)C(=O)CCN5CCCCC5)nc3c2c1,5.61
608,CHEMBL420399,CN(C)CCCC(=O)N[C@@H]1CC[C@@H](CNc2nc3c(CCCc4ccc(F)cc34)s2)CC1,6.54
611,CHEMBL312711,Fc1ccc(cc1)c2csc(Nc3ccccc3)n2,5.8
619,CHEMBL81979,Nc1nc2c3ccccc3Sc4ccccc4c2s1,5.75
641,CHEMBL79815,Fc1ccc2CCCc3sc(NC[C@@H]4CC[C@H](CC4)NC(=O)CCN5CCCCC5)nc3c2c1,6.82
643,CHEMBL432931,CC(C)N1CCN(CC(=O)N[C@@H]2CC[C@@H](CNc3nc4c(CCCc5ccc(F)cc45)s3)CC2)CC1,6.68
654,CHEMBL6985,C1Cc2[nH]c(nc2c3ccccc3O1)c4ccccc4,5.22
661,CHEMBL268810,C1Cc2ccccc2c3[nH]c(nc3C1)c4ccccn4,6.96
664,CHEMBL6646,COc1ccc2CCCc3[nH]c(nc3c2c1)c4ccccn4,6.96
666,CHEMBL6893,Cc1[nH]c(nc1c2cccnc2)c3ccccc3,6.37
672,CHEMBL7147,C1Cc2ccccc2c3[nH]c(nc3C1)c4c[nH]cn4,6.24
675,CHEMBL117469,CC(C)n1c2ccccc2c3c(C)c(NC(=O)N4CCOCC4)cc(C)c13,6.15
679,CHEMBL118710,CC(C)c1c(NC(=O)N2CCOCC2)ccc3c1c4ccccc4n3C(C)C,6.11
684,CHEMBL119726,CC(C)n1c2ccccc2c3c(C)c(NC(=O)N4CCOCC4)c(C)cc13,6.41
686,CHEMBL118098,CCOc1c(NC(=O)N2CCOCC2)ccc3c1c4ccccc4n3C(C)C,6.57
687,CHEMBL117684,CCn1c2ccccc2c3cccc(NC(=O)CCc4ccncc4)c13,6.36
689,CHEMBL325666,O=C(CCc1ccncc1)Nc2ccc3[nH]c4ccccc4c3c2,6.64
690,CHEMBL331019,O=C(CSc1ccncc1)Nc2ccc(cc2)C(=O)c3ccccc3,6.46
692,CHEMBL326491,CCn1c2ccccc2c3cc(ccc13)C(=O)NCCc4ccncc4,6.16
693,CHEMBL324366,CN(C)S(=O)(=O)n1c2ccccc2c3cc(NC(=O)N4CCOCC4)ccc13,6.46
695,CHEMBL115690,CCn1c2ccccc2c3ccc(NC(=O)CCc4ccncc4)cc13,6.1
697,CHEMBL117626,CCn1c2ccccc2c3cc(CNC(=O)Cc4ccncc4)ccc13,5.47
698,CHEMBL115911,CCn1c2ccccc2c3cc(CC(=O)NCc4ccncc4)ccc13,5.65
699,CHEMBL435384,CCn1c2ccccc2c3cc(ccc13)N(C)C(=O)CCc4ccncc4,5.66
701,CHEMBL327151,O=C(CCc1ccncc1)Nc2ccc(cc2)C(=O)c3ccccc3,6.52
708,CHEMBL60667,CCN1C(=O)c2cc(NC(=O)CN(C)C)ccc2c3ccccc13,5.67
723,CHEMBL413455,CC[C@H](C)[C@H](N)C(=O)N[C@@H](CC(=O)N)C(=O)N1CCC[C@H]1C(=O)N[C@@H](CSSC[C@@H](NC(=O)[C@@H]2CCCN2C(=O)[C@H](CC(=O)N)NC(=O)[C@@H](N)[C@@H](C)CC)C(=O)N[C@@H](Cc3ccc(O)cc3)C(=O)N[C@@H](CCCN=C(N)N)C(=O)N[C@@H](CC(C)C)C(=O)N[C@@H](CCCN=C(N)N)CN[C@@H](Cc4ccc(O)cc4)C(=O)N)C(=O)N[C@@H](Cc5ccc(O)cc5)C(=O)N[C@@H](CCCN=C(N)N)C(=O)N[C@@H](CC(C)C)C(=O)N[C@@H](CCCN=C(N)N)CN[C@@H](Cc6ccc(O)cc6)C(=O)N,5.63
727,CHEMBL413426,CC[C@H](C)[C@H](N)C(=O)N[C@@H](CC(=O)N)C(=O)N1CCC[C@H]1C(=O)N[C@@H](CSSC[C@@H](NC(=O)[C@@H]2CCCN2C(=O)[C@H](CC(=O)N)NC(=O)[C@@H](N)[C@@H](C)CC)C(=O)N[C@@H](Cc3ccc(O)cc3)C(=O)N[C@@H](CCCN=C(N)N)C(=O)N[C@@H](CC(C)C)C(=O)N[C@@H](CCCN=C(N)N)C(=O)N[C@@H](Cc4ccc(O)cc4)C(=O)OC)C(=O)N[C@@H](Cc5ccc(O)cc5)C(=O)N[C@@H](CCCN=C(N)N)C(=O)N[C@@H](CC(C)C)C(=O)N[C@@H](CCCN=C(N)N)C(=O)N[C@@H](Cc6ccc(O)cc6)C(=O)OC,6.33
729,CHEMBL429531,CC[C@H](C)[C@H](NC(=O)[C@H](Cc1ccc(O)cc1)NC(=O)[C@H](Cc2c[nH]cn2)NC(=O)[C@H](CCCN=C(N)N)NC(=O)[C@H](CC(C)C)NC(=O)[C@H](C)NC(=O)[C@H](CO)NC(=O)[C@H](Cc3ccc(O)cc3)NC(=O)[C@H](Cc4ccc(O)cc4)NC(=O)[C@H](CCCN=C(N)N)NC(=O)[C@H](C)NC(=O)[C@H](CC(C)C)NC(=O)[C@H](CC(=O)O)NC(=O)[C@H](CCC(=O)O)NC(=O)[C@H](C)NC(=O)[C@@H]5CCCN5C(=O)[C@H](C)NC(=O)[C@H](CC(=O)O)NC(=O)[C@H](CCC(=O)O)NC(=O)CNC(=O)[C@@H]6CCCN6C(=O)[C@H](CC(=O)N)NC(=O)[C@H](CC(=O)O)NC(=O)[C@@H]7CCCN7C(=O)[C@H](CCCCN)NC(=O)[C@H](CO)NC(=O)[C@@H]8CCCN8C(=O)[C@@H](N)Cc9ccc(O)cc9)C(=O)N[C@@H](CC(=O)N)C(=O)N[C@@H](CC(C)C)C(=O)N[C@@H](CC(C)C)C(=O)N[C@@H]([C@@H](C)O)C(=O)N[C@@H](CCCN=C(N)N)C(=O)N%10CCC[C@H]%10C(=O)N[C@@H](CCCN=C(N)N)C(=O)N[C@@H](Cc%11ccc(O)cc%11)C(=O)N,8.66
732,CHEMBL410166,CC[C@H](C)[C@H](N)C(=O)N[C@H]1CCC(=O)NC[C@H](NC(=O)[C@@H]2CCCN2C(=O)[C@@H](CCC(=O)NC[C@@H](NC(=O)[C@@H]3CCCN3C1=O)C(=O)N[C@@H](Cc4ccc(O)cc4)C(=O)N[C@@H](CCCN=C(N)N)C(=O)N[C@@H](CC(C)C)C(=O)N[C@@H](CCCN=C(N)N)CN[C@@H](Cc5ccc(O)cc5)C(=O)N)NC(=O)[C@@H](N)[C@@H](C)CC)C(=O)N[C@@H](Cc6ccc(O)cc6)C(=O)N[C@@H](CCCN=C(N)N)C(=O)N[C@@H](CC(C)C)C(=O)N[C@@H](CCCN=C(N)N)CN[C@@H](Cc7ccc(O)cc7)C(=O)N,5.1
737,CHEMBL304245,CCN1Cc2ccc(NC(=O)C(F)(F)F)cc2c3ccccc13,6.42
738,CHEMBL2110365,CC[C@H](C)[C@H](N)C(=O)N[C@H]1CCC(=O)NC[C@H](NC(=O)[C@@H]2CCCN2C(=O)[C@H](CCC(=O)NC[C@H](NC(=O)[C@@H]3CCCN3C1=O)C(=O)N[C@@H](Cc4ccc(O)cc4)C(=O)N[C@@H](CCCN=C(N)N)C(=O)N[C@@H](CC(C)C)C(=O)N[C@@H](CCCN=C(N)N)C(=O)N[C@@H](Cc5ccc(O)cc5)C(=O)N)NC(=O)[C@@H](N)[C@@H](C)CC)C(=O)N[C@@H](Cc6ccc(O)cc6)C(=O)N[C@@H](CCCN=C(N)N)C(=O)N[C@@H](CC(C)C)C(=O)N[C@@H](CCCN=C(N)N)C(=O)N[C@@H](Cc7ccc(O)cc7)C(=O)N,6.94
740,CHEMBL265391,CC[C@H](C)[C@H](N)C(=O)N[C@@H](CC(=O)N)C(=O)N1CCC[C@H]1C(=O)N[C@@H]([C@@H](C)CC)C(=O)N[C@@H](Cc2ccc(O)cc2)C(=O)N[C@@H](CCCN=C(N)N)C(=O)N[C@@H](CC(C)C)C(=O)N[C@@H](CCCN=C(N)N)CN[C@@H](Cc3ccc(O)cc3)C(=O)N,5.29
741,CHEMBL411117,CC[C@H](C)[C@H](N)C(=O)N[C@H]1CCC(=O)NC[C@H](NC(=O)[C@@H]2CCCN2C(=O)[C@@H](CCC(=O)NC[C@@H](NC(=O)[C@@H]3CCCN3C1=O)C(=O)N[C@@H](Cc4ccc(O)cc4)C(=O)N[C@@H](CCCN=C(N)N)C(=O)N[C@@H](CC(C)C)C(=O)N[C@@H](CCCN=C(N)N)C(=O)N[C@@H](Cc5ccc(O)cc5)C(=O)OC)NC(=O)[C@@H](N)[C@@H](C)CC)C(=O)N[C@@H](Cc6ccc(O)cc6)C(=O)N[C@@H](CCCN=C(N)N)C(=O)N[C@@H](CC(C)C)C(=O)N[C@@H](CCCN=C(N)N)C(=O)N[C@@H](Cc7ccc(O)cc7)C(=O)OC,6.18
743,CHEMBL438914,CC[C@H](C)[C@H](N)C(=O)N[C@@H](CC(=O)N)C(=O)N1CCC[C@H]1C(=O)N[C@@H]([C@@H](C)CC)C(=O)N[C@@H](Cc2ccc(O)cc2)C(=O)N[C@@H](CCCN=C(N)N)C(=O)N[C@@H](CC(C)C)C(=O)N[C@@H](CCCN=C(N)N)C(=O)N[C@@H](Cc3ccc(O)cc3)C(=O)OC,5.15
747,CHEMBL180003,CN(C)c1nc(N[C@@H]2CC[C@@H](CC2)NS(=O)(=O)c3ccc(Br)cc3OC(F)(F)F)nc4ccccc14,6.06
750,CHEMBL367355,CN(C)c1nc(NCC2CCC(CNC(=O)c3ccc(Br)cc3OC(F)(F)F)CC2)nc4ccccc14,6.33
751,CHEMBL360117,CN(C)c1nc(NCC2CCC(CNCc3ccc(Br)cc3OC(F)(F)F)CC2)nc4ccccc14,6.25
761,CHEMBL181393,CN(C)c1nc(NC2CCC(CNC(=O)c3ccc(Br)cc3OC(F)(F)F)CC2)nc4ccccc14,5.75
763,CHEMBL181466,CN(C)c1nc(NC2CCC(CNCc3ccc(Br)cc3OC(F)(F)F)CC2)nc4ccccc14,5.62
764,CHEMBL181217,CN(C)c1nc(N[C@@H]2CC[C@H](CNS(=O)(=O)c3ccc(Br)cc3OC(F)(F)F)CC2)nc4ccccc14,6.92
768,CHEMBL360671,CN(C)c1nc(NC2CCN(CC2)S(=O)(=O)c3ccc(Br)cc3OC(F)(F)F)nc4ccccc14,5.05
769,CHEMBL182150,CN(C)c1nc(N[C@@H]2CC[C@@H](CC2)NC(=O)c3ccc(F)c(F)c3)nc4ccccc14,5.57
772,CHEMBL181727,CN(C)c1nc(NCC2CCC(CN(C)S(=O)(=O)c3ccc(Br)cc3OC(F)(F)F)CC2)nc4ccccc14,6.34
782,CHEMBL194602,CN(C)c1nc(NC2CCC(CNS(=O)(=O)c3ccc(Br)cc3OC(F)(F)F)CC2)nc4ccccc14,6.82
786,CHEMBL195810,FC(F)(F)Oc1cc(Br)ccc1S(=O)(=O)NCC2CCC(CC2)Nc3ncc4ccccc4n3,6.92
787,CHEMBL195346,FC(F)(F)Oc1cc(Br)ccc1S(=O)(=O)NC2CCC(CC2)Nc3ncc4ccccc4n3,6.06
788,CHEMBL194173,CN(C)c1nc(NCC2CCN(CC2)S(=O)(=O)c3ccc(Br)cc3OC(F)(F)F)nc4ccccc14,5.52
795,CHEMBL439904,CC[C@H](C)[C@H](N)C(=O)N[C@@H](CCCCN)C(=O)N1CCC[C@H]1C(=O)N[C@@H](CCC(=O)O)C(=O)N[C@@H](C)C(=O)N2CCC[C@H]2C(=O)NCC(=O)N[C@@H](CCC(=O)O)C(=O)N[C@@H](CC(=O)O)C(=O)N[C@@H](C)C(=O)N[C@@H](CO)C(=O)N3CCC[C@H]3C(=O)N[C@@H](CCC(=O)O)C(=O)N[C@@H](CCC(=O)O)C(=O)N[C@@H](CC(C)C)C(=O)N[C@@H](CC(=O)N)C(=O)N[C@@H](CCCNC(=N)N)C(=O)N[C@@H](Cc4ccc(O)cc4)C(=O)N[C@@H](Cc5ccc(O)cc5)C(=O)N[C@@H](C)C(=O)N[C@@H](CO)C(=O)N[C@@H](CC(C)C)C(=O)N[C@@H](CCCNC(=N)N)C(=O)N[C@@H](Cc6cnc[nH]6)C(=O)N[C@@H](Cc7ccc(O)cc7)C(=O)N[C@@H](CC(C)C)C(=O)N[C@@H](CC(=O)N)C(=O)N[C@@H](CC(C)C)C(=O)N[C@@H](C(C)C)C(=O)N[C@@H]([C@@H](C)O)C(=O)N[C@@H](CCCNC(=N)N)C(=O)N[C@@H](CCC(=O)N)C(=O)N[C@@H](CCCNC(=N)N)C(=O)N[C@@H](Cc8ccc(O)cc8)C(=O)N,7.7
796,CHEMBL429005,CC(C)C[C@H](NC(=O)[C@H](Cc1ccc(O)cc1)NC(=O)[C@H](Cc2cnc[nH]2)NC(=O)[C@H](CCCNC(=N)N)NC(=O)OCC3c4ccccc4c5ccccc35)C(=O)N[C@@H](CC(=O)N)C(=O)N[C@@H](CC(C)C)C(=O)N[C@@H](C(C)C)C(=O)N[C@@H]([C@@H](C)O)C(=O)N[C@@H](CCCNC(=N)N)C(=O)N[C@@H](CCC(=O)N)C(=O)N[C@@H](CCCNC(=N)N)C(=O)N[C@@H](Cc6ccc(O)cc6)C(=O)N,6.29
821,CHEMBL256592,CN(C1CCN(CC1)S(=O)(=O)C)C(=O)N[C@@H]2CC[C@@H](CC2)c3ccccc3,6.3
824,CHEMBL256885,CN(C1CCN(CC1)S(=O)(=O)C)C(=O)NC2CCN(CC2)c3ccc(F)c(Cl)c3,6.8
825,CHEMBL408153,CN(C1CCN(CC1)S(=O)(=O)C)C(=O)NC2CCN(CC2)c3ccc(F)c(F)c3,6.51
827,CHEMBL270997,CN(C1CCN(CC1)S(=O)(=O)C)C(=O)NC2CCN(CC2)c3ccc(Br)cc3,6.09
828,CHEMBL403622,CN(C1CCN(CC1)S(=O)(=O)C)C(=O)NC2CCN(CC2)c3ccc(Cl)cc3,6.89
829,CHEMBL270999,CN(C1CCN(CC1)S(=O)(=O)C)C(=O)NC2CCN(CC2)c3ccc(F)cc3,6.1
830,CHEMBL272964,CN(C1CCN(CC1)S(=O)(=O)C)C(=O)NC2CCN(CC2)c3cccc(c3)C(=O)C,6.79
831,CHEMBL273180,COc1cccc(c1)N2CCC(CC2)NC(=O)N(C)C3CCN(CC3)S(=O)(=O)C,6.51
839,CHEMBL255390,CN(C1CCN(CC1)S(=O)(=O)C)C(=O)NC2CCN(CC2)c3cccnc3,6.39
840,CHEMBL255800,CN(C1CCN(CC1)S(=O)(=O)C)C(=O)NC2CCN(CC2)c3ccccc3,6.52
850,CHEMBL522913,O=C1OC2(CCN(CC2)c3nc4ccccc4[nH]3)c5ccccc15,6.85
851,CHEMBL522213,O=C1OC2(CCN(CC2)c3nc4ccccc4s3)c5ccccc15,5.0
852,CHEMBL495725,O=C1OC2(CCN(CC2)c3nc4cccnc4[nH]3)c5ccccc15,5.8
853,CHEMBL523235,O=C1OC2(CCN(Cc3nc4ccccc4[nH]3)CC2)c5ccccc15,5.31
855,CHEMBL498197,O=C1O[C@@]2(CC[C@@H](CC2)c3nc4cccnc4[nH]3)c5ccccc15,5.85
856,CHEMBL498396,Fc1cccc2[nH]c(nc12)N3CCC4(CC3)OC(=O)c5ccccc45,6.3
860,CHEMBL496345,COc1cccc2[nH]c(nc12)N3CCC4(CC3)OC(=O)c5ccccc45,6.6
874,CHEMBL498594,NC(=O)c1ccc2[nH]c(nc2c1)N3CCC4(CC3)OC(=O)c5ccccc45,6.96
878,CHEMBL497786,CC(=O)Nc1ccc2[nH]c(nc2c1)N3CCC4(CC3)OC(=O)c5ccccc45,6.89
895,CHEMBL521844,Fc1ccc(cc1)C2(CNC(=N2)c3ccccc3Cl)c4ccc(F)cc4,6.2
897,CHEMBL492779,Fc1ccc(cc1)C2(CNC(=N2)c3ccc(Cl)cc3)c4ccc(F)cc4,6.89
899,CHEMBL522866,Fc1ccc(cc1)C2(CNC(=N2)c3ccc(cc3)C(F)(F)F)c4ccc(F)cc4,6.8
907,CHEMBL493997,COC(=O)c1cccc(c1)C2=NC(CN2)(c3ccc(F)cc3)c4ccc(F)cc4,6.57
911,CHEMBL494174,Nc1cccc(c1)C2=NC(CN2)(c3ccc(F)cc3)c4ccc(F)cc4,6.52
915,CHEMBL494018,Fc1ccc(cc1)C2(CNC(=N2)c3ccccn3)c4ccc(F)cc4,6.8
917,CHEMBL521862,Fc1ccc(cc1)C2(CNC(=N2)c3ccncc3)c4ccc(F)cc4,6.8
920,CHEMBL522192,Fc1ccc(cc1)C2(CNC(=N2)c3ncccn3)c4ccc(F)cc4,6.46
921,CHEMBL523338,Fc1ccc(cc1)C2(CNC(=N2)c3cccnn3)c4ccc(F)cc4,6.25
951,CHEMBL492393,CS(=O)(=O)N1CC2(CCN(CC2)C(=O)Cc3ccc(cc3)c4ccccc4)c5ccccc15,6.75
952,CHEMBL492582,CS(=O)(=O)N1C[C@@]2(CC[C@@H](CC2)C(=O)Nc3ccc(cc3)c4ccccc4)c5ccccc15,6.7
953,CHEMBL522702,CS(=O)(=O)N1CC2(CCN(CC2)C(=O)Nc3ccccc3c4ccccc4)c5ccccc15,6.37
976,CHEMBL489609,COC(=O)c1cc2[nH]c(nc2cc1Cl)[C@@H]3CC[C@@]4(CC3)OC(=O)c5ccccc45,6.0
977,CHEMBL483239,Cc1oc(nn1)c2ccc3[nH]c(nc3c2)[C@@H]4CC[C@@]5(CC4)OC(=O)c6ccccc56,6.0
984,CHEMBL491107,C[C@H]1NC(=NC1(c2ccc(F)cc2)c3ccc(F)cc3)c4cc(ccn4)C#N,6.52
993,CHEMBL490901,C[C@@H]1NC(=N[C@]1(C2=CNC(=O)C=C2)c3ccc(F)cc3)c4cc(ccn4)C#N,6.84
1016,CHEMBL468414,CC1CC(=C(C2C3=C(CC(C)CC3=O)Oc4ccccc24)C(=O)C1)O,6.71
1019,CHEMBL511264,CCOc1ccc2C(C3=C(O)CC(C)(C)CC3=O)C4=C(CC(C)(C)CC4=O)Oc2c1,6.08
1027,CHEMBL466946,CC1(C)CC(=C(C2C3=C(CC(C)(C)CC3=O)Oc4ccc(Cl)cc24)C(=O)C1)O,6.71
1028,CHEMBL468847,COc1cccc2C(C3=C(O)CC(C)(C)CC3=O)C4=C(CC(C)(C)CC4=O)Oc12,5.66
1030,CHEMBL477578,COc1ccc2OC3=C(C(C4=C(O)CC(C)(C)CC4=O)c2c1)C(=O)CC(C)(C)C3,6.23
1033,CHEMBL478417,CC1(C)CC(=C([C@@H]2C3=C(CC(C)(C)CC3=O)Oc4ccccc24)C(=O)C1)O,6.47
1190,CHEMBL1080298,C(Cc1ccc(NC2=N[C@@H](CCS2)c3ccccc3)cc1)Nc4nc5ccccc5s4,5.22
1191,CHEMBL1209347,FC(F)(F)c1ccc(Nc2nc(cs2)c3ccccn3)cc1,7.8
1192,CHEMBL1209345,Fc1cc(F)cc(CN2C[C@@H]3[C@H](CNc4nc(cs4)c5ccccn5)[C@@H]3C2)c1,9.2
1193,CHEMBL1209346,CC(N1C[C@@H]2[C@H](CNc3nc(cs3)c4ccccn4)[C@@H]2C1)c5ccccc5,8.9
1194,CHEMBL1209281,Cc1cc(C)cc(CN2C[C@@H]3[C@H](CNc4nc(cs4)c5ccccn5)[C@@H]3C2)c1,8.4
1195,CHEMBL1209280,C(Nc1nc(cs1)c2ccccn2)[C@H]3[C@H]4CN(Cc5ccccc5)C[C@@H]34,8.8
1196,CHEMBL1209279,CC(C)CN1C[C@@H]2[C@H](CNc3nc(cs3)c4ccccn4)[C@@H]2C1,8.4
1197,CHEMBL1209278,C(Nc1nc(cs1)c2ccccn2)[C@@H]3[C@H]4CNC[C@@H]34,6.0
1198,CHEMBL1209277,O=C(C1CCOCC1)N2C[C@@H]3[C@H](CNc4nc(cs4)c5ccccn5)[C@@H]3C2,7.5
1199,CHEMBL1209218,O=C(C1CCCO1)N2C[C@@H]3[C@H](CNc4nc(cs4)c5ccccn5)[C@@H]3C2,8.3
1200,CHEMBL1209217,O=C(C1CCOC1)N2C[C@@H]3[C@H](CNc4nc(cs4)c5ccccn5)[C@@H]3C2,8.1
1201,CHEMBL1209216,O=C([C@H]1C[C@@H]1c2ccccc2)N3C[C@@H]4[C@H](CNc5nc(cs5)c6ccccn6)[C@@H]4C3,9.1
1202,CHEMBL1209215,CC(C(C)c1ccccc1)C(=O)N2C[C@@H]3[C@H](CNc4nc(cs4)c5ccccn5)[C@@H]3C2,8.3
1203,CHEMBL1209162,O=C(CCc1ccccc1)N2C[C@@H]3[C@H](CNc4nc(cs4)c5ccccn5)[C@@H]3C2,9.2
1204,CHEMBL1209161,O=C(CCc1ccccc1)N2C[C@@H]3[C@@H](CNc4nc(cs4)c5ccccn5)[C@@H]3C2,8.2
1205,CHEMBL1209160,O=C(N1C[C@@H]2[C@H](CNc3nc(cs3)c4ccccn4)[C@@H]2C1)C5(CC5)c6ccccc6,9.1
1206,CHEMBL1209159,CC(C(=O)N1C[C@@H]2[C@H](CNc3nc(cs3)c4ccccn4)[C@@H]2C1)c5ccccc5,9.4
1207,CHEMBL1209102,O=C(Cc1ccccc1)N2C[C@@H]3[C@H](CNc4nc(cs4)c5ccccn5)[C@@H]3C2,9.0
1208,CHEMBL1209101,O=C(Cc1ccccc1)N2C[C@@H]3[C@@H](CNc4nc(cs4)c5ccccn5)[C@@H]3C2,9.0
1209,CHEMBL1208795,O=C(N1C[C@@H]2[C@H](CNc3nc(cs3)c4ccccn4)[C@@H]2C1)c5ccncc5,7.3
1210,CHEMBL1209100,O=C(N1C[C@@H]2[C@H](CNc3nc(cs3)c4ccccn4)[C@@H]2C1)c5cccnc5,8.3
1211,CHEMBL1209053,Fc1cc(F)cc(c1)C(=O)N2C[C@@H]3[C@H](CNc4nc(cs4)c5ccccn5)[C@@H]3C2,8.8
1212,CHEMBL1209052,Fc1cccc(c1)C(=O)N2C[C@@H]3[C@H](CNc4nc(cs4)c5ccccn5)[C@@H]3C2,9.0
1213,CHEMBL1209051,O=C(N1C[C@@H]2[C@H](CNc3nc(cs3)c4ccccn4)[C@@H]2C1)c5ccccc5,8.6
1214,CHEMBL1209050,O=C(N1C[C@@H]2[C@@H](CNc3nc(cs3)c4ccccn4)[C@@H]2C1)c5ccccc5,7.9
1215,CHEMBL1209049,CC(C)C(=O)N1C[C@@H]2[C@H](CNc3nc(cs3)c4ccccn4)[C@@H]2C1,8.6
1216,CHEMBL1208996,CC(=O)N1C[C@@H]2[C@H](CNc3nc(cs3)c4ccccn4)[C@@H]2C1,5.6
1217,CHEMBL1258110,O=C1O[C@@]2(CC[C@@H](CNc3nc(cs3)c4ccccn4)CC2)CN1c5ccccn5,10.1
1218,CHEMBL1258111,Fc1ccccc1n2ccc(NC[C@@H]3CC[C@@]4(CC3)CN(C(=O)O4)c5ccccn5)n2,10.5
1219,CHEMBL1258224,Fc1ccccc1c2cnc(NC[C@@H]3CC[C@@]4(CC3)CN(C(=O)O4)c5ccccn5)nc2,9.5
1220,CHEMBL1257993,Fc1ccccc1c2cnc(NC[C@@H]3CC[C@@]4(CC3)CN(C(=O)O4)c5ccccn5)cn2,10.6
1221,CHEMBL1257992,Fc1ccccc1c2ccc(NC[C@@H]3CC[C@@]4(CC3)CN(C(=O)O4)c5ccccn5)nn2,10.2
1222,CHEMBL1257882,Fc1ccccc1c2ccc(NC[C@@H]3CC[C@@]4(CC3)CN(C(=O)O4)c5ccccn5)cn2,8.3
1223,CHEMBL1257881,FC(F)(F)c1ccc(NC[C@@H]2CC[C@@]3(CC2)CN(C(=O)O3)c4ccccn4)nc1,9.0
1224,CHEMBL1257761,O=C1O[C@@]2(CC[C@@H](CNc3ccc(OC4CCC4)cn3)CC2)CN1c5ccccn5,9.8
1225,CHEMBL1257760,O=C1O[C@@]2(CC[C@@H](CNc3ccc(cn3)c4ncccn4)CC2)CN1c5ccccn5,9.8
1226,CHEMBL1257637,O=C1O[C@@]2(CC[C@@H](CNc3ccc(cn3)c4nccs4)CC2)CN1c5ccccn5,9.9
1227,CHEMBL1257636,Fc1ccccc1n2cc(NC[C@@H]3CC[C@@]4(CC3)CN(C(=O)O4)c5cccnc5)cn2,10.0
1228,CHEMBL1257520,Cc1ncccc1N2C[C@@]3(CC[C@H](CNc4cnn(c4)c5ccccc5F)CC3)OC2=O,9.2
1229,CHEMBL1258225,Fc1ccccc1n2cc(NC[C@@H]3CC[C@@]4(CC3)CN(C(=O)O4)c5cncnc5)cn2,10.4
1230,CHEMBL1258340,Fc1ccccc1n2cc(NC[C@@H]3CC[C@@]4(CC3)CN(C(=O)O4)c5cccnc5F)cn2,10.0
1231,CHEMBL1258341,Fc1ccccc1n2cc(NC[C@@H]3CC[C@@]4(CC3)CN(C(=O)O4)c5cnccn5)cn2,10.2
1232,CHEMBL1258453,Fc1ccccc1n2cc(NC[C@@H]3CC[C@@]4(CC3)CN(C(=O)O4)c5cccnn5)cn2,10.0
1233,CHEMBL1258454,Fc1ccccc1n2cc(NC[C@@H]3CC[C@@]4(CC3)CN(C(=O)O4)c5ccnnc5)cn2,9.7
1234,CHEMBL1258562,Cc1nnc(s1)N2C[C@@]3(CC[C@H](CNc4cnn(c4)c5ccccc5F)CC3)OC2=O,9.7
1235,CHEMBL1258563,O=C1O[C@@]2(CC[C@@H](CNc3ccc(cn3)c4ncccn4)CC2)CN1c5cccnn5,8.8
1236,CHEMBL1258673,Fc1ccccc1c2ccc(NC[C@@H]3CC[C@@]4(CC3)CN(C(=O)O4)c5cccnn5)nn2,9.8
1237,CHEMBL1258674,Fc1cc(F)cc(c1)c2ccc(NC[C@@H]3CC[C@@]4(CC3)CN(C(=O)O4)c5cccnn5)nn2,10.0
1238,CHEMBL1258787,Cc1ccccc1c2ccc(NC[C@@H]3CC[C@@]4(CC3)CN(C(=O)O4)c5cccnn5)nn2,10.2
1239,CHEMBL1258788,Cc1cccc(n1)c2ccc(NC[C@@H]3CC[C@@]4(CC3)CN(C(=O)O4)c5cccnn5)nc2,9.6
1240,CHEMBL1258907,Fc1cccnc1c2ccc(NC[C@@H]3CC[C@@]4(CC3)CN(C(=O)O4)c5cccnn5)nc2,9.5
1242,CHEMBL1257173,O=C(Nc1nc(cs1)c2ccccn2)N3CCC4(CC3)CN(C(=O)O4)c5ccccc5,8.7
1243,CHEMBL1290707,O=C1OC2(CCN(CC2)c3nc4ccccc4[nH]3)CN1c5ccccc5,6.5
1244,CHEMBL1289610,Cc1ncccc1N2C[C@@]3(CC[C@@H](CC3)c4nc5cc(OC(F)(F)F)ccc5[nH]4)OC2=O,7.1
1245,CHEMBL1289715,FC(F)(F)Oc1ccc2[nH]c(nc2c1)[C@@H]3CC[C@@]4(CC3)CN(C(=O)O4)c5cccnc5,7.6
1246,CHEMBL1289039,Fc1ccc2[nH]c(nc2c1)N3CCC4(CC3)CN(C(=O)O4)c5ccccc5,7.7
1247,CHEMBL1289819,Fc1ncccc1N2C[C@@]3(CC[C@@H](CC3)c4nc5cc(OC(F)(F)F)ccc5[nH]4)OC2=O,7.7
1248,CHEMBL1290147,O=C1O[C@@]2(CC[C@H](CC2)c3nc4cc(ccc4[nH]3)C#N)CN1c5ccccn5,8.1
1249,CHEMBL1289387,Cc1ccccc1N2C[C@@]3(CC[C@@H](CC3)c4nc5cc(OC(F)(F)F)ccc5[nH]4)OC2=O,8.3
1250,CHEMBL1289936,FC(F)(F)c1ccc2[nH]c(nc2c1)[C@@H]3CC[C@@]4(CC3)CN(C(=O)O4)c5ccccn5,8.3
1251,CHEMBL1289937,Fc1cccc(n1)N2C[C@@]3(CC[C@@H](CC3)c4nc5cc(ccc5[nH]4)C(F)(F)F)OC2=O,8.4
1252,CHEMBL1289502,FC(F)(F)Oc1ccc2[nH]c(nc2c1)[C@@H]3CC[C@@]4(CC3)CN(C(=O)O4)c5ccccc5Cl,8.6
1253,CHEMBL1290706,FC(F)(F)c1ccc2[nH]c(nc2c1)N3CCC4(CC3)CN(C(=O)O4)c5ccccc5,8.8
1254,CHEMBL1289038,Brc1ccc2[nH]c(nc2c1)N3CCC4(CC3)CN(C(=O)O4)c5ccccc5,8.9
1255,CHEMBL1289503,FC(F)(F)Oc1ccc2[nH]c(nc2c1)[C@@H]3CC[C@@]4(CC3)CN(C(=O)O4)c5ccccn5,8.9
1256,CHEMBL1289714,Fc1cccc(n1)N2C[C@@]3(CC[C@@H](CC3)c4nc5cc(OC(F)(F)F)ccc5[nH]4)OC2=O,8.9
1257,CHEMBL1289268,Fc1ccccc1N2C[C@@]3(CC[C@@H](CC3)c4nc5cc(OC(F)(F)F)ccc5[nH]4)OC2=O,9.2
1258,CHEMBL1289820,FC(F)(F)c1ccc2[nH]c(nc2c1)[C@@H]3CC[C@@]4(CC3)CN(C(=O)O4)c5ccccc5,9.2
1259,CHEMBL1290038,Fc1ccc(cc1)N2C[C@@]3(CC[C@@H](CC3)c4nc5cc(ccc5[nH]4)C#N)OC2=O,9.2
1260,CHEMBL1289609,Cc1cccc(n1)N2C[C@@]3(CC[C@@H](CC3)c4nc5cc(OC(F)(F)F)ccc5[nH]4)OC2=O,9.4
1261,CHEMBL1289267,FC(F)(F)Oc1ccc2[nH]c(nc2c1)[C@@H]3CC[C@@]4(CC3)CN(C(=O)O4)c5ccccc5,9.5
1262,CHEMBL1289386,Fc1ccc(cc1)N2C[C@@]3(CC[C@@H](CC3)c4nc5cc(OC(F)(F)F)ccc5[nH]4)OC2=O,9.5
1263,CHEMBL1290037,O=C1O[C@@]2(CC[C@H](CC2)c3nc4cc(ccc4[nH]3)C#N)CN1c5ccccc5,9.5
1264,CHEMBL1289153,Fc1ccc(cc1)c2ccc3[nH]c(nc3c2)N4CCC5(CC4)CN(C(=O)O5)c6ccccc6,9.7
1265,CHEMBL1289154,FC(F)(F)Oc1ccc2[nH]c(nc2c1)N3CCC4(CC3)CN(C(=O)O4)c5ccccc5,9.8
1277,CHEMBL1783921,C[C@@H]1NC(=N[C@@]1(c2ccc(F)cc2)c3ccc(F)nc3)C4=CC=CNC4=O,6.22
1284,CHEMBL1783928,C[C@@H]1NC(=N[C@@]1(c2ccc(F)cc2)c3ccc(F)nc3)C4=CC=CC(=O)N4C,6.46
1286,CHEMBL1784121,C[C@@H]1NC(=N[C@@]1(c2ccc(F)cc2)c3ccc(F)nc3)C4=CNC(=O)C=C4C.OC(=O)C(F)(F)F,6.2
1304,CHEMBL1829310,CN(C)S(=O)(=O)NC[C@@H]1CC[C@H](CC1)NC(=O)CN2C(=O)CCSc3ccccc23,6.38
1305,CHEMBL1829311,CC1(C)CC(=O)N(CC(=O)N[C@@H]2CC[C@@H](CNS(=O)(=O)C)CC2)c3ccccc3S1,5.72
1306,CHEMBL1829312,CCS(=O)(=O)NC[C@@H]1CC[C@H](CC1)NC(=O)CN2C(=O)CC(C)(C)Sc3ccccc23,6.7
1307,CHEMBL1829313,CC1(C)CC(=O)N(CC(=O)N[C@@H]2CC[C@@H](CNS(=O)(=O)C3CC3)CC2)c4ccccc4S1,6.68
1321,CHEMBL1829327,CC(C)S(=O)(=O)NC[C@@H]1CC[C@H](CC1)NCCN2CCOc3ccc(F)cc23,6.77
1322,CHEMBL1829328,CC(C)S(=O)(=O)NC[C@@H]1CC[C@H](CC1)NCCN2CCOc3cc(F)c(F)cc23,6.96
1327,CHEMBL1829333,CC(C)S(=O)(=O)NC[C@@H]1CC[C@H](CC1)NCCN2CCSc3cc(Cl)ccc23,6.43
1329,CHEMBL1836332,CS(=O)(=O)NC[C@@H]1CC[C@H](CC1)Nc2nc3c(CCOc4ccccc34)s2,8.41
1335,CHEMBL1836326,Fc1ccc2CCCc3sc(NCCCCNS(=O)(=O)CC(F)(F)F)nc3c2c1,8.72
1336,CHEMBL1836325,CS(=O)(=O)N[C@@H]1CC[C@H](CC1)Nc2nc3c(CCCc4ccc(F)cc34)s2,8.06
1337,CHEMBL1836324,CCS(=O)(=O)NCCCCCNc1nc2c(CCSc3ccccc23)s1,9.22
1338,CHEMBL1836323,CS(=O)(=O)NCCCCCNc1nc2c(CCSc3ccccc23)s1,8.3
1339,CHEMBL1836322,CCS(=O)(=O)NCCCCCNc1nc2c(CCCc3ccc(F)cc23)s1,8.89
1340,CHEMBL1836321,Fc1ccc2CCCc3sc(NCCCCCNS(=O)(=O)CC(F)(F)F)nc3c2c1,8.0
1341,CHEMBL1836320,CC(C)S(=O)(=O)NCCCCCNc1nc2c(CCCc3ccc(F)cc23)s1,7.01
1342,CHEMBL1836319,CS(=O)(=O)NCCCCCNc1nc2c(CCCc3ccc(F)cc23)s1,9.05
1343,CHEMBL1836318,CCS(=O)(=O)NC[C@@H]1CC[C@H](CC1)Nc2nc3c(CCSc4ccccc34)s2,7.51
1344,CHEMBL1836317,CS(=O)(=O)NC[C@@H]1CC[C@H](CC1)Nc2nc3c(CCSc4ccccc34)s2,8.75
1345,CHEMBL1836316,O=S(=O)(NC[C@@H]1CC[C@H](CC1)Nc2nc3c(CCSc4ccccc34)s2)c5cccs5,8.42
1346,CHEMBL1836315,Cn1cnc(c1)S(=O)(=O)NC[C@@H]2CC[C@H](CC2)Nc3nc4c(CCSc5ccccc45)s3,7.98
1347,CHEMBL1836314,O=S(=O)(NC[C@@H]1CC[C@H](CC1)Nc2nc3c(CCSc4ccccc34)s2)c5cccc6ccccc56,7.36
1348,CHEMBL1836103,COc1ccc(C)cc1S(=O)(=O)NC[C@@H]2CC[C@H](CC2)Nc3nc4c(CCSc5ccccc45)s3,7.46
1371,CHEMBL19060,COc1ccccc1CNCCCCCCNCCSSCCNCCCCCCNCc2ccccc2OC,5.3
1372,CHEMBL1912069,CS(=O)(=O)NCCCCCNc1nc(cs1)c2ccccn2,6.28
1373,CHEMBL1912070,CS(=O)(=O)NCCCCCNc1nc(cs1)c2cccs2,6.77
1375,CHEMBL1912075,Cc1nc(C)c(s1)c2csc(NCCCCCNS(=O)(=O)C)n2,6.82
1376,CHEMBL1912076,CS(=O)(=O)NCCCCCNc1nc(cs1)c2nccs2,5.37
1377,CHEMBL1912077,Cc1c(sc2ccc(Cl)cc12)c3csc(NCCCCCNS(=O)(=O)C)n3,6.44
1378,CHEMBL1912066,CS(=O)(=O)NCCCCCNc1nc(cs1)c2ccn(c2)S(=O)(=O)c3ccccc3,6.13
1379,CHEMBL1912067,FC(F)(F)S(=O)(=O)NCCCCCNc1nc(cs1)c2ccccn2,6.96
1380,CHEMBL1912065,CCS(=O)(=O)NCCCCCNc1nc(cs1)c2ccccn2,6.82
1384,CHEMBL1912073,O=S(=O)(CC1CCCC1)NCCCCCNc2nc(cs2)c3ccccn3,6.6
1385,CHEMBL1912078,O=S(=O)(NCCCCCNc1nc(cs1)c2ccccn2)C3CCCCC3,6.96
1386,CHEMBL1912079,O=S(=O)(NCCCCCNc1nc(cs1)c2ccccn2)C3CCNCC3,5.57
1387,CHEMBL1912080,O=C(OCc1ccccc1)N2CCC(CC2)S(=O)(=O)NCCCCCNc3nc(cs3)c4ccccn4,6.62
1391,CHEMBL1912084,Cn1cnc(c1)S(=O)(=O)NCCCCCNc2nc(cs2)c3ccccn3,5.95
1392,CHEMBL1912085,Cc1nn(C)c(C)c1S(=O)(=O)NCCCCCNc2nc(cs2)c3ccccn3,6.8
1395,CHEMBL1909718,CC(C)S(=O)(=O)NCCCCCNc1nc(cs1)c2cccnc2,6.29
1396,CHEMBL1909719,CC(C)S(=O)(=O)NCCCCCNc1nc(cs1)c2nccnc2C,5.73
1400,CHEMBL1909723,CC(C)S(=O)(=O)NCCOCCNc1nc(cs1)c2ccccn2,6.54
1401,CHEMBL1909724,CC(C)S(=O)(=O)N1CCN(CCNc2nc(cs2)c3ccccn3)CC1,5.3
1403,CHEMBL1909726,NS(=O)(=O)NCCCCCNc1nc(cs1)c2ccccn2,6.1
1407,CHEMBL1909730,CN1CCN(CC1)S(=O)(=O)NCCCCCNc2nc(cs2)c3ccccn3,6.77
1439,CHEMBL2016734,Fc1ccccc1n2ccc(NC(=O)NC3CCC4(CC3)OC(=O)c5ccncc45)n2,6.07
1443,CHEMBL2016738,CN([C@@H]1CC[C@]2(CC1)Cc3cnccc3C(=O)O2)C(=O)Nc4ccn(n4)c5ccccc5F,6.73
1449,CHEMBL2016744,FC(F)(F)CN([C@@H]1CC[C@]2(CC1)Cc3ccccc3C(=O)O2)C(=O)Nc4cnc(cn4)c5ccccc5,5.63
1450,CHEMBL2016745,O=C(CC1CCC2(CC1)Cc3ccccc3C(=O)O2)Nc4cnc(cn4)c5ccccc5,6.52
1453,CHEMBL2440182,CC[C@H](C)[C@H](NC(=O)[C@H](Cc1ccc(O)cc1)NC(=O)[C@H](Cc2cnc[nH]2)NC(=O)[C@H](CCCNC(=N)N)NC(=O)C)C(=O)N[C@@H](CC(=O)N)C(=O)N[C@@H](CC(C)C)C(=O)N[C@@H](CCCNC(=N)N)C(=O)N[C@@H]3[C@@H]([C@H]3C(=O)OC)C(=O)N[C@@H](CCCNC(=N)N)C(=O)N[C@@H]4[C@@H]([C@H]4C(=O)OC)C(=O)N[C@@H](CCCNC(=N)N)C(=O)N[C@@H](Cc5ccc(O)cc5)C(=O)N,6.21
1454,CHEMBL2440183,CC[C@H](C)[C@H](NC(=O)[C@H](Cc1ccc(O)cc1)NC(=O)[C@H](Cc2cnc[nH]2)NC(=O)[C@H](CCCNC(=N)N)NC(=O)C)C(=O)N[C@@H](CC(=O)N)C(=O)N[C@@H](CC(C)C)C(=O)N[C@@H]([C@@H](C)CC)C(=O)N[C@@H]([C@@H](C)O)C(=O)N[C@@H](CCCNC(=N)N)C(=O)N[C@@H]3[C@@H]([C@H]3C(=O)OC)C(=O)N[C@@H](CCCNC(=N)N)C(=O)N[C@@H](Cc4ccc(O)cc4)C(=O)N,6.93
1519,CHEMBL3099722,CC[C@H](C)[C@H](N)C(=O)N[C@@H](CCCCN)C(=O)N1CCC[C@H]1C(=O)N[C@@H](CCC(=O)O)C(=O)N[C@@H](C)C(=O)N2CCC[C@H]2C(=O)NCC(=O)N[C@@H](CCC(=O)O)C(=O)N[C@@H](CC(=O)O)C(=O)N[C@@H](C)C(=O)N[C@@H](CO)C(=O)N3CCC[C@H]3C(=O)N[C@@H](CCC(=O)O)C(=O)N[C@@H](CCC(=O)O)C(=O)N[C@@H](CC(C)C)C(=O)N[C@@H](CC(=O)N)C(=O)N[C@@H](CCCNC(=N)N)C(=O)N[C@@H](Cc4ccc(O)cc4)C(=O)N[C@@H](Cc5ccc(O)cc5)C(=O)N[C@@H](C)C(=O)N[C@@H](CO)C(=O)N[C@@H](CC(C)C)C(=O)N[C@@H](CCCNC(=N)N)C(=O)N[C@@H](Cc6cnc[nH]6)C(=O)N[C@@H](Cc7ccc(O)cc7)C(=O)N[C@@H](CC(C)C)C(=O)N[C@@H](CC(=O)N)C(=O)N[C@@H](C)C(=O)N[C@@H](C(C)C)C(=O)N[C@@H]([C@@H](C)O)C(=O)N[C@@H](CCCNC(=N)N)C(=O)N[C@@H](CCC(=O)N)C(=O)O[C@@H](CCCNC(=N)N)C(=O)N[C@@H](Cc8ccc(O)cc8)C(=O)N,6.73
1520,CHEMBL3099723,CC[C@H](C)[C@H](N)C(=O)N[C@@H](CCCCN)C(=O)N1CCC[C@H]1C(=O)N[C@@H](CCC(=O)O)C(=O)N[C@@H](C)C(=O)N2CCC[C@H]2C(=O)NCC(=O)N[C@@H](CCC(=O)O)C(=O)N[C@@H](CC(=O)O)C(=O)N[C@@H](C)C(=O)N[C@@H](CO)C(=O)N3CCC[C@H]3C(=O)N[C@@H](CCC(=O)O)C(=O)N[C@@H](CCC(=O)O)C(=O)N[C@@H](CC(C)C)C(=O)N[C@@H](CC(=O)N)C(=O)N[C@@H](CCCNC(=N)N)C(=O)N[C@@H](Cc4ccc(O)cc4)C(=O)N[C@@H](Cc5ccc(O)cc5)C(=O)N[C@@H](C)C(=O)N[C@@H](CO)C(=O)N[C@@H](CC(C)C)C(=O)N[C@@H](CCCNC(=N)N)C(=O)N[C@@H](Cc6cnc[nH]6)C(=O)N[C@@H](Cc7ccc(O)cc7)C(=O)N[C@@H](CC(C)C)C(=O)N[C@@H](CC(=O)N)C(=O)N[C@@H](C)C(=O)N[C@@H](C(C)C)C(=O)N[C@@H]([C@@H](C)O)C(=O)N[C@@H](CCCNC(=N)N)C(=O)O[C@@H](CCC(=O)N)C(=O)N[C@@H](CCCNC(=N)N)C(=O)N[C@@H](Cc8ccc(O)cc8)C(=O)N,6.76
1521,CHEMBL3099727,CC[C@H](C)[C@H](N)C(=O)N[C@@H](CCCCN)C(=O)N1CCC[C@H]1C(=O)N[C@@H](CCC(=O)O)C(=O)N[C@@H](C)C(=O)N2CCC[C@H]2C(=O)NCC(=O)N[C@@H](CCC(=O)O)C(=O)N[C@@H](CC(=O)O)C(=O)N[C@@H](C)C(=O)N[C@@H](CO)C(=O)N3CCC[C@H]3C(=O)N[C@@H](CCC(=O)O)C(=O)N[C@@H](CCC(=O)O)C(=O)N[C@@H](CC(C)C)C(=O)N[C@@H](CC(=O)N)C(=O)N[C@@H](CCCNC(=N)N)C(=O)N[C@@H](Cc4ccc(O)cc4)C(=O)N[C@@H](Cc5ccc(O)cc5)C(=O)N[C@@H](C)C(=O)N[C@@H](CO)C(=O)N[C@@H](CC(C)C)C(=O)N[C@@H](CCCNC(=N)N)C(=O)N[C@@H](Cc6cnc[nH]6)C(=O)N[C@@H](Cc7ccc(O)cc7)C(=O)N[C@@H](CC(C)C)C(=O)N[C@@H](CC(=O)N)C(=O)N[C@@H](C)C(=O)N[C@@H](C(C)C)C(=O)N[C@@H]([C@@H](C)O)C(=O)O[C@@H](CCCNC(=N)N)C(=O)N[C@@H](CCC(=O)N)C(=O)N[C@@H](CCCNC(=N)N)C(=O)N[C@@H](Cc8ccc(O)cc8)C(=O)N,6.95
1524,CHEMBL3099724,CC[C@H](C)[C@H](N)C(=O)N[C@@H](CCCCN)C(=O)N1CCC[C@H]1C(=O)N[C@@H](CCC(=O)O)C(=O)N[C@@H](C)C(=O)N2CCC[C@H]2C(=O)NCC(=O)N[C@@H](CCC(=O)O)C(=O)N[C@@H](CC(=O)O)C(=O)N[C@@H](C)C(=O)N[C@@H](CO)C(=O)N3CCC[C@H]3C(=O)N[C@@H](CCC(=O)O)C(=O)N[C@@H](CCC(=O)O)C(=O)N[C@@H](CC(C)C)C(=O)N[C@@H](CC(=O)N)C(=O)N[C@@H](CCCNC(=N)N)C(=O)N[C@@H](Cc4ccc(O)cc4)C(=O)N[C@@H](Cc5ccc(O)cc5)C(=O)N[C@@H](C)C(=O)N[C@@H](CO)C(=O)N[C@@H](CC(C)C)C(=O)N[C@@H](CCCNC(=N)N)C(=O)N[C@@H](Cc6cnc[nH]6)C(=O)N[C@@H](Cc7ccc(O)cc7)C(=O)N[C@@H](CC(C)C)C(=O)N[C@@H](CC(=O)N)C(=O)N[C@@H](C)C(=O)N[C@@H](C(C)C)C(=O)N[C@@H]([C@@H](C)O)C(=O)N[C@@H](CCCNC(=N)N)C(=O)N[C@@H](CCC(=O)N)C(=O)N[C@@H](CCCNC(=N)N)C(=O)N[C@@H](Cc8ccc(O)cc8)C(=O)N,7.43
1527,CHEMBL3104112,CC(C)C[C@H](NC(=O)[C@H](CO)NC(=O)[C@H](C)NC(=O)[C@H](Cc1ccc(O)cc1)NC(=O)[C@H](Cc2ccc(O)cc2)NC(=O)[C@H](CCCNC(=N)N)NC(=O)[C@H](CC(=O)N)NC(=O)[C@H](CC(C)C)NC(=O)[C@H](CCC(=O)O)NC(=O)[C@H](CCC(=O)O)NC(=O)[C@@H]3CCCN3C(=O)[C@H](CO)NC(=O)c4cccnc4SCCOCCOCCOCCOCCOCCOCCOCCOCCOCCOCCOCCOCCOCCOCCOCCOCCOCCOCCOCCO)C(=O)N[C@@H](CCCNC(=N)N)C(=O)N[C@@H](Cc5cnc[nH]5)C(=O)N[C@@H](Cc6ccc(O)cc6)C(=O)N[C@@H](CC(C)C)C(=O)N[C@@H](CC(=O)N)C(=O)N[C@@H](CC(C)C)C(=O)N[C@@H](C(C)C)C(=O)N[C@@H]([C@@H](C)O)C(=O)N[C@@H](CCCNC(=N)N)C(=O)N[C@@H](CCC(=O)N)C(=O)N[C@@H](CCCNC(=N)N)C(=O)N[C@@H](Cc7ccc(O)cc7)C(=O)N,6.2
1531,CHEMBL3126054,Fc1cc(F)cc(c1)c2ccc(NC(=O)[C@@H]3CC[C@H](CC3)N4CCCC4=O)nc2,6.14
