,molecule_chembl_id,canonical_smiles,pchembl_value
0,CHEMBL506981,COc1cccc(OC)c1c2cc(nn2c3ccnc4cc(Cl)ccc34)C(=O)NC5(C6CC7CC(CC5C7)C6)C(=O)O,7.09
1,CHEMBL2431105,Cl.COc1cccc(OC)c1c2cc(nn2c3ccc(cc3C(C)C)C(=O)N(C)CCCN(C)C)C(=O)NC4(C5CC6CC(CC4C6)C5)C(=O)O,7.3
2,CHEMBL266230,CC[C@H](C)[C@H](NC(=O)[C@H](Cc1ccc(O)cc1)NC(=O)C[C@@H]2CCCN2C(=O)[C@H](CCCNC(=N)N)NC(=O)[C@@H](N)CCCNC(=N)N)C(=O)N[C@@H](CC(C)C)C(=O)O,7.33
3,CHEMBL447400,CN[C@@H](CCCCN)CC(=O)N[C@@H](CCCNC(=N)N)C(=O)N1CCC[C@H]1C(=O)N[C@@H](Cc2ccc(O)cc2)C(=O)N[C@H](C(=O)N[C@@H](CC(C)C)C(=O)O)C(C)(C)C,7.57
4,CHEMBL499673,CC(C)C[C@H](NC(=O)[C@@H](NC(=O)[C@H](Cc1ccc(O)cc1)NC(=O)[C@@H]2CCCN2C(=O)[C@H](CCCNC(=N)N)NC(=O)C[C@@](C)(N)CCCCN)C(C)(C)C)C(=O)O,7.86
5,CHEMBL362127,CC[C@H](C)[C@H](NC(=O)[C@H](Cc1ccc(O)cc1)N2CC[C@]3(CCCN3C(=O)[C@H](CCCN=C(N)N)NC(=O)[C@@H](N)CCCN=C(N)N)C2=O)C(=O)N[C@@H](CC(C)C)C(=O)O,7.92
6,CHEMBL505906,CC(C)C[C@H](NC(=O)[C@@H](NC(=O)[C@H](Cc1ccc(O)cc1)NC(=O)[C@@H]2CCCN2C(=O)[C@H](CCCNC(=N)N)NC(=O)C[C@@H](N)CCCCN)C(C)(C)C)C(=O)O,7.97
7,CHEMBL1172376,[Cl-].CC(C)C[C@H](NC(=O)[C@@H](NC(=O)[C@H](Cc1ccc(O)cc1)NC(=O)[C@@H]2CCCN2C(=O)[C@H](CCCNC(=N)N)NC(=O)[C@@H](C)CCC[N+](C)(C)C)C(C)(C)C)C(=O)O,7.98
8,CHEMBL1766937,CC[C@H](C)[C@H](NC(=O)C[C@H](Cc1ccc(O)cc1)NC(=O)[C@@H]2CCCN2C(=O)[C@H](CCCNC(=N)N)NC(=O)[C@@H](N)CCCNC(=N)N)C(=O)N[C@@H](CC(C)C)C(=O)O,8.08
9,CHEMBL1766939,CC[C@H](C)[C@H](NC(=O)[C@H](Cc1ccc(O)cc1)NC(=O)[C@@H]2CCCN2C(=O)[C@H](CCCNC(=N)N)NC(=O)[C@@H](N)CCCNC(=N)N)C(=O)N[C@@H](CC(C)C)CC(=O)O,8.08
10,CHEMBL3786135,[Br-].CC[C@H](C)[C@H](NC(=O)[C@H](Cc1ccc(O)cc1)NC(=O)[C@@H]2CCCN2C(=O)[C@H](CCCNC(=N)N)NC(=O)[C@@H](N)CCCN\C(=N\C(=O)NCCCCNC(=O)CCCCCN3\C(=C/C=C/C=C/C4=[N+](C)c5ccccc5C4(C)C)\C(C)(C)c6ccccc36)\N)C(=O)N[C@@H](CC(C)C)C(=O)O.OC(=O)C(F)(F)F.OC(=O)C(F)(F)F.OC(=O)C(F)(F)F.OC(=O)C(F)(F)F,8.1
11,CHEMBL453924,CC(C)C[C@H](NC(=O)[C@@H](NC(=O)[C@H](Cc1ccc(O)cc1)NC(=O)[C@@H]2CCCN2C(=O)[C@H](CCCNC(=N)N)NC(=O)C[C@H](CCCCN)N=[N+]=[N-])C(C)(C)C)C(=O)O,8.14
12,CHEMBL335846,CC(C)C[C@H](NC(=O)[C@@H](NC(=O)[C@H](Cc1ccc(O)cc1)NC(=O)[C@@H]2CCCN2C(=O)[C@@H](N)CCC\N=C(\N)/NC(=O)[C@@H](N)CCCCCN)C(C)(C)C)C(=O)O,8.24
13,CHEMBL3787095,CC[C@H](C)[C@H](NC(=O)[C@H](Cc1ccc(O)cc1)NC(=O)[C@@H]2CCCN2C(=O)[C@H](CCCNC(=N)N)NC(=O)[C@@H](N)CCCN\C(=N\C(=O)NCCCCNC(=O)CCCCC[n+]3cc(ccc3\C=C\C4=Cc5ccc(cc5OC4=O)N(CC)CC)S(=O)(=O)[O-])\N)C(=O)N[C@@H](CC(C)C)C(=O)O.OC(=O)C(F)(F)F.OC(=O)C(F)(F)F.OC(=O)C(F)(F)F,8.3
14,CHEMBL450258,CC(C)C[C@H](NC(=O)[C@@H](NC(=O)[C@H](Cc1ccc(O)cc1)NC(=O)[C@@H]2CCCN2C(=O)[C@H](CCCNC(=N)N)NC(=O)CCCCCCN)C(C)(C)C)C(=O)O,8.4
15,CHEMBL3040381,COc1cccc(OC)c1c2cc(nn2c3ccc(cc3C(C)C)C(=O)N(C)CCCN(C)C)C(=O)NC4(C5CC6CC(CC4C6)C5)C(=O)O,8.4
16,CHEMBL1766936,CC[C@H](C)[C@H](NC(=O)[C@H](Cc1ccc(O)cc1)NC(=O)[C@@H]2CCCN2C(=O)C[C@H](CCCNC(=N)N)NC(=O)[C@@H](N)CCCNC(=N)N)C(=O)N[C@@H](CC(C)C)C(=O)O,8.47
17,CHEMBL3706653,CC[C@H](C)[C@H](NC(=O)[C@H](Cc1ccc(O)cc1)NC(=O)[C@@H]2CCCN2C(=O)[C@H](CCCN=C(N)N)NC(=O)[C@@H](NC(=O)[C@@H]3CCCN3C(=O)[C@H](CCCCNC(=O)C4OC5(c6ccc(O)cc6Oc7cc(O)ccc57)c8ccc(NC(=N)S)cc48)NC(=O)C9OC%10(c%11ccc(O)cc%11Oc%12cc(O)ccc%10%12)c%13ccc(NC(=N)S)cc9%13)C%14CCC(CC%14)C(=N)N)C(=O)N[C@@H](CC(C)C)C(=O)O,8.47
18,CHEMBL375002,CC(C)C[C@H](NC(=O)[C@@H](NC(=O)[C@H](Cc1ccc(O)cc1)NC(=O)[C@@H]2CCCN2C(=O)[C@H](CCCN=C(N)N)NCC(CCCN=C(N)N)NC(=O)CNC(=O)C(CNCCN)CNCCN)C(C)(C)C)C(=O)O,8.54
19,CHEMBL505695,CC[C@@H](C)[C@H](NC(=O)[C@H](Cc1ccc(O)cc1)NC(=O)[C@@H]2CCCN2C(=O)[C@H](CCCNC(=N)N)NC(=O)CCCCNC(=N)N)C(=O)N[C@@H](CC(C)C)C(=O)O,8.57
20,CHEMBL507382,CC[C@H](C)[C@H](NC(=O)[C@H](Cc1ccc(O)cc1)NC(=O)[C@@H]2CCCN2C(=O)[C@H](CCCNC(=N)N)NC(=O)[C@@H](N)CCCNC(=N)N)C(=O)NC3(C4CC5CC(CC3C5)C4)C(=O)O,8.62
21,CHEMBL3786291,CC[C@H](C)[C@H](NC(=O)[C@H](Cc1ccc(O)cc1)NC(=O)[C@@H]2CCCN2C(=O)[C@H](CCCNC(=N)N)NC(=O)[C@@H](N)CCCN\C(=N\C(=O)NCCCCNC(=O)CC)\N)C(=O)N[C@@H](CC(C)C)C(=O)O.OC(=O)C(F)(F)F.OC(=O)C(F)(F)F.OC(=O)C(F)(F)F,8.7
22,CHEMBL3786771,CC[C@H](C)[C@H](NC(=O)[C@H](Cc1ccc(O)cc1)NC(=O)[C@@H]2CCCN2C(=O)[C@H](CCCN\C(=N/C(=O)NCCOCCOCCNC(=O)CC)\N)NC(=O)[C@@H](N)CCCNC(=N)N)C(=O)N[C@@H](CC(C)C)C(=O)O.OC(=O)C(F)(F)F.OC(=O)C(F)(F)F.OC(=O)C(F)(F)F,8.76
23,CHEMBL3786852,CC[C@H](C)[C@H](NC(=O)[C@H](Cc1ccc(O)cc1)NC(=O)[C@@H]2CCCN2C(=O)[C@H](CCCNC(=N)N)NC(=O)[C@@H](N)CCCN\C(=N\C(=O)NCCCCN)\N)C(=O)N[C@@H](CC(C)C)C(=O)O.OC(=O)C(F)(F)F.OC(=O)C(F)(F)F.OC(=O)C(F)(F)F.OC(=O)C(F)(F)F,8.77
24,CHEMBL133798,CC[C@H](C)[C@H](NC(=O)[C@H](Cc1ccc(O)cc1)NC(=O)[C@@H]2CCCN2C(=O)[C@@H](N)CCCNC(=N)NC(=O)[C@@H](N)CCCC[N+](C)(C)C)C(=O)N[C@@H](CC(C)C)C(=O)O,8.8
25,CHEMBL219862,CC(C)C[C@H](NC(=O)[C@@H](NC(=O)[C@H](Cc1ccc(O)cc1)NC(=O)[C@@H]2CCCN2C(=O)[C@H](CCCN=C(N)N)NCC(CCCCN)NC(=O)CNC(=O)C(CNCCN)CNCCN)C(C)(C)C)C(=O)O,8.82
26,CHEMBL337721,CC[C@H](C)[C@H](NC(=O)[C@H](Cc1ccc(O)cc1)NC(=O)[C@@H]2CCCN2C(=O)[C@@H](N)CCC\N=C(\N)/NC(=O)[C@@H](N)CCCN3CCN=C3N)C(=O)N[C@@H](CC(C)C)C(=O)O,8.92
27,CHEMBL3706655,CC[C@H](C)[C@H](NC(=O)[C@H](Cc1ccc(O)cc1)NC(=O)[C@@H]2CCCN2C(=O)[C@H](CCCNC(=N)N)NC(=O)[C@@H](NC(=O)[C@@H]3CCCN3C(=O)[C@H](CCCCN)NC(=O)C4OC5(c6ccc(O)cc6Oc7cc(O)ccc57)c8ccc(NC(=S)N)cc48)C9CCC(CC9)C(=N)N)C(=O)N[C@@H](CC(C)C)C(=O)O,8.92
28,CHEMBL3086356,COc1cccc(OC)c1c2cc(nn2c3ccc(cc3C(C)C)C(=O)N(C)CCCN(C)CCCCc4cn(nn4)[C@@H]5O[C@H](CO)[C@@H](O)[C@H](O)[C@H]5F)C(=O)NC6(C7CC8CC(CC6C8)C7)C(=O)O,9.01
29,CHEMBL3706654,CC[C@H](C)[C@H](NC(=O)[C@H](Cc1ccc(O)cc1)NC(=O)[C@@H]2CCCN2C(=O)[C@H](CCCN=C(N)N)NC(=O)[C@@H](NC(=O)[C@@H]3CCCN3C(=O)[C@@H](N)CCCCNC(=O)C4OC5(c6ccc(O)cc6Oc7cc(O)ccc57)c8ccc(NC(=N)S)cc48)C9CCC(CC9)C(=N)N)C(=O)N[C@@H](CC(C)C)C(=O)O,9.22
30,CHEMBL339139,CC[C@H](C)[C@H](NC(=O)[C@H](Cc1ccc(O)cc1)NC(=O)[C@@H]2CCCN2C(=O)[C@@H](N)CCC\N=C(\N)/NC(=O)[C@@H](N)CCCN)C(=O)N[C@@H](CC(C)C)C(=O)O,9.23
31,CHEMBL3785364,[3H]CC([3H])C(=O)NCCCCNC(=O)\N=C(/N)\NCCC[C@H](N)C(=O)N[C@@H](CCCNC(=N)N)C(=O)N1CCC[C@H]1C(=O)N[C@@H](Cc2ccc(O)cc2)C(=O)N[C@@H]([C@@H](C)CC)C(=O)N[C@@H](CC(C)C)C(=O)O.OC(=O)C(F)(F)F.OC(=O)C(F)(F)F.OC(=O)C(F)(F)F,9.24
32,CHEMBL133849,CC[C@H](C)[C@H](NC(=O)[C@H](Cc1ccc(O)cc1)NC(=O)[C@@H]2CCCN2C(=O)[C@@H](N)CCC\N=C(\N)/NC(=O)[C@@H](N)CCCCCNC)C(=O)N[C@@H](CC(C)C)C(=O)O,9.28
33,CHEMBL132794,CC[C@H](C)[C@H](NC(=O)[C@H](Cc1ccc(O)cc1)NC(=O)[C@@H]2CCCN2C(=O)[C@@H](N)CCCNC(=N)NC(=O)[C@@H](N)CCCCC[N+](C)(C)C)C(=O)N[C@@H](CC(C)C)C(=O)O,9.29
34,CHEMBL3142915,CC(C)C[C@H](NC(=O)[C@@H](NC(=O)[C@H](Cc1ccc(O)cc1)NC(=O)[C@@H]2CCCN2C(=O)[C@H](CCCN=C(N)N)NC(=O)[C@@H](NC(=O)[C@@H]3CCCN3C(=O)[C@@H](NC(=O)C4OC5(C6C=CC(=CC6Oc7cc(O)ccc57)O)c8ccc(NC(=N)S)cc48)C9CCNCC9)C%10CCC(CC%10)C(=N)N)C(C)(C)C)C(=O)O,9.3
35,CHEMBL1791383,CC[C@H](C)[C@H](NC(=O)[C@H](Cc1ccc(O)cc1)NC(=O)[C@@H]2CCCN2C(=O)[C@H](CCCN=C(N)N)NCC(CCCCN)NC(=O)CNC(=O)C(CNCCN)CNCCN)C(=O)N[C@@H](CC(C)C)C(=O)O,9.39
36,CHEMBL3787200,CC[C@H](C)[C@H](NC(=O)[C@H](Cc1ccc(O)cc1)NC(=O)[C@@H]2CCCN2C(=O)[C@H](CCCNC(=N)N)NC(=O)[C@@H](N)CCCN\C(=N\C(=O)NCCOCCOCCNC(=O)CC)\N)C(=O)N[C@@H](CC(C)C)C(=O)O.OC(=O)C(F)(F)F.OC(=O)C(F)(F)F.OC(=O)C(F)(F)F,9.39
37,CHEMBL132507,CC[C@H](C)[C@H](NC(=O)[C@H](Cc1ccc(O)cc1)NC(=O)[C@@H]2CCCN2C(=O)[C@@H](N)CCC\N=C(\N)/NC(=O)[C@@H](N)CCCCN(C)C)C(=O)N[C@@H](CC(C)C)C(=O)O,9.4
38,CHEMBL132409,CC[C@H](C)[C@H](NC(=O)[C@H](Cc1ccc(O)cc1)NC(=O)[C@@H]2CCCN2C(=O)[C@@H](N)CCC\N=C(\N)/NC(=O)[C@@H](N)CCCN=C(N)N)C(=O)N[C@@H](CC(C)C)C(=O)O,9.4
39,CHEMBL337644,CC[C@H](C)[C@H](NC(=O)[C@H](Cc1ccc(O)cc1)NC(=O)[C@@H]2CCCN2C(=O)[C@@H](N)CCC\N=C(\N)/NC(=O)[C@@H](N)CCCCCN)C(=O)N[C@@H](CC(C)C)C(=O)O,9.42
40,CHEMBL133378,CC[C@H](C)[C@H](NC(=O)[C@H](Cc1ccc(O)cc1)NC(=O)[C@@H]2CCCN2C(=O)[C@@H](N)CCC\N=C(\N)/NC(=O)[C@@H](N)CCCN(C)C)C(=O)N[C@@H](CC(C)C)C(=O)O,9.44
41,CHEMBL3785233,CC[C@H](C)[C@H](NC(=O)[C@H](Cc1ccc(O)cc1)NC(=O)[C@@H]2CCCN2C(=O)[C@H](CCCN\C(=N/C(=O)NCCOCCOCCN)\N)NC(=O)[C@@H](N)CCCNC(=N)N)C(=O)N[C@@H](CC(C)C)C(=O)O.OC(=O)C(F)(F)F.OC(=O)C(F)(F)F.OC(=O)C(F)(F)F.OC(=O)C(F)(F)F,9.44
42,CHEMBL129953,CC[C@H](C)[C@H](NC(=O)[C@H](Cc1ccc(O)cc1)NC(=O)[C@@H]2CCCN2C(=O)[C@@H](N)CCCNC(=N)NC(=O)[C@@H](N)CCC[N+](C)(C)C)C(=O)N[C@@H](CC(C)C)C(=O)O,9.47
43,CHEMBL337260,CC[C@H](C)[C@H](NC(=O)[C@H](Cc1ccc(O)cc1)NC(=O)[C@@H]2CCCN2C(=O)[C@@H](N)CCC\N=C(\N)/NC(=O)[C@@H](N)CCCCNC)C(=O)N[C@@H](CC(C)C)C(=O)O,9.47
44,CHEMBL2369722,CC[C@H](C)[C@H](NC(=O)[C@H](Cc1ccc(O)cc1)NC(=O)[C@@H]2CCCN2C(=O)[C@H](CCCN=C(N)N)NC(=O)[C@H](CCCN=C(N)N)NC(=O)CNC(=O)C(CNCCN)CNCCN)C(=O)N[C@@H](CC(C)C)C(=O)O,9.5
45,CHEMBL430910,CC[C@H](C)[C@H](NC(=O)[C@H](Cc1ccc(O)cc1)NC(=O)[C@@H]2CCCN2C(=O)[C@@H](N)CCC\N=C(\N)/NC(=O)[C@@H](N)CCCCN)C(=O)N[C@@H](CC(C)C)C(=O)O,9.52
46,CHEMBL132524,CC[C@H](C)[C@H](NC(=O)[C@H](Cc1ccc(O)cc1)NC(=O)[C@@H]2CCCN2C(=O)[C@@H](N)CCC\N=C(\N)/NC(=O)[C@@H](N)CCCNC3NCCN3)C(=O)N[C@@H](CC(C)C)C(=O)O,9.52
47,CHEMBL434227,CC[C@H](C)[C@H](NC(=O)[C@H](Cc1ccc(O)cc1)NC(=O)[C@@H]2CCCN2C(=O)[C@@H](N)CCC\N=C(\N)/NC(=O)[C@@H](N)CCC\N=C(\N)/NC)C(=O)N[C@@H](CC(C)C)C(=O)O,9.52
48,CHEMBL133850,CC[C@H](C)[C@H](NC(=O)[C@H](Cc1ccc(O)cc1)NC(=O)[C@@H]2CCCN2C(=O)[C@@H](N)CCC\N=C(\N)/NC(=O)[C@@H](N)CCCCCN(C)C)C(=O)N[C@@H](CC(C)C)C(=O)O,9.55
49,CHEMBL3786779,CC[C@H](C)[C@H](NC(=O)[C@H](Cc1ccc(O)cc1)NC(=O)[C@@H]2CCCN2C(=O)[C@H](CCCNC(=N)N)NC(=O)[C@@H](N)CCCN\C(=N\C(=O)NCCOCCOCCN)\N)C(=O)N[C@@H](CC(C)C)C(=O)O.OC(=O)C(F)(F)F.OC(=O)C(F)(F)F.OC(=O)C(F)(F)F.OC(=O)C(F)(F)F,9.59
50,CHEMBL133340,CC[C@H](C)[C@H](NC(=O)[C@H](Cc1ccc(O)cc1)NC(=O)[C@@H]2CCCN2C(=O)[C@@H](N)CCC\N=C(\N)/NC(=O)[C@@H](N)CCCNC)C(=O)N[C@@H](CC(C)C)C(=O)O,9.62
51,CHEMBL1766935,CC[C@H](C)[C@H](NC(=O)[C@H](Cc1ccc(O)cc1)NC(=O)[C@@H]2CCCN2C(=O)[C@H](CCCNC(=N)N)NC(=O)C[C@@H](N)CCCNC(=N)N)C(=O)N[C@@H](CC(C)C)C(=O)O,9.64
0,CHEMBL38243,Cc1ccc(cc1)S(=O)(=O)NCCNC2(OC(=O)c3ccccc23)c4ccccc4,5.22
1,CHEMBL6562,CCOC(=O)[C@H](CC(C)C)NC(=O)[C@@H](NC(=O)[C@H](Cc1c[nH]c2ccccc12)NC(=O)[C@H]3CCCN3C(=O)[C@H](CCCCN)NC[C@@H](N)CCCCN)C(C)(C)C,7.51
2,CHEMBL268600,CCOC(=O)[C@H](CC(C)C)NC(=O)[C@@H](NC(=O)[C@H](Cc1c[nH]c2ccccc12)NC(=O)[C@H]3CCCN3C(=O)[C@H](CCCCN)NC[C@@H](N)CCCN=C(N)N)C(C)(C)C,6.36
3,CHEMBL380726,CC(C)C[C@H](NC(=O)[C@@H](NC(=O)[C@H](Cc1c[nH]c2ccccc12)NC(=O)[C@@H]3CCCN3C(=O)[C@@H](N)CCCCN)C(C)(C)C)C(=O)O,7.22
4,CHEMBL269601,CC(C)C[C@H](NC(=O)[C@@H](NC(=O)[C@H](Cc1c[nH]c2ccccc12)NC(=O)[C@H]3CCCN3C(=O)[C@H](CCCCN)NC[C@@H](N)CCCCN)C(C)(C)C)C(=O)O,8.95
5,CHEMBL427604,CC[C@H](C)[C@H](NC(=O)[C@H](Cc1c[nH]c2ccccc12)NC(=O)[C@H]3CCCN3C(=O)[C@H](CCCCN)NC[C@@H](N)CCCCN)C(=O)N[C@@H](CC(C)C)C(=O)O,10.22
6,CHEMBL6505,CC(C)C[C@H](NC(=O)[C@@H](NC(=O)[C@H](Cc1c[nH]c2ccccc12)NC(=O)[C@H]3CCCN3C(=O)C(CCCCN)CCCCN)C(C)(C)C)C(=O)O,8.42
7,CHEMBL1793865,CC[C@H](C)[C@H](NC(=O)[C@H](Cc1ccc(O)cc1)NC(=O)[C@H]2CCCN2C(=O)[C@H](CCCCN)NC[C@@H](N)CCCCN)C(=O)N[C@@H](CC(C)C)C(=O)O,9.82
8,CHEMBL267459,CC(C)C[C@H](NC(=O)[C@@H](NC(=O)[C@H](Cc1c[nH]c2ccccc12)NC(=O)[C@H]3CCCN3C(=O)[C@H](CCCCN)NC[C@@H](N)CCCN=C(N)N)C(C)(C)C)C(=O)O,7.77
9,CHEMBL265671,CCOC(=O)[C@H](CC(C)C)NC(=O)[C@@H](NC(=O)[C@H](Cc1c[nH]c2ccccc12)NC(=O)[C@H]3CCCN3C(=O)[C@H](CCCCN)NCCCCCCN)C(C)(C)C,7.57
10,CHEMBL266571,CN[C@@H](CCCNC(=N)N)C(=O)N[C@@H](CCCCN)C(=O)N1CCC[C@H]1C(=O)N[C@@H](Cc2c[nH]c3ccccc23)C(=O)N[C@H](C(=O)N[C@@H](CC(C)C)C(=O)O)C(C)(C)C,10.19
11,CHEMBL342252,CC[C@@H](C)[C@H](NC(=O)[C@H](Cc1ccc(O)cc1)NC(=O)[C@@H]2CCCN2C(=O)[C@H](CCCNC(=N)N)NC(=O)[C@@H](N)CCCNC(=N)N)C(=O)N[C@@H](CC(C)C)C(=O)O,9.28
12,CHEMBL6716,CC(C)C[C@H](NC(=O)[C@@H](NC(=O)[C@H](Cc1c[nH]c2ccccc12)NC(=O)[C@H]3CCCN3C(=O)C(CCCN=C(N)N)CCCN=C(N)N)C(C)(C)C)C(=O)O,10.0
13,CHEMBL427956,CC(C)C[C@H](NC(=O)[C@@H](NC(=O)[C@H](Cc1c[nH]c2ccccc12)NC(=O)[C@H]3CCCN3C(=O)C(CCCN)CCCN)C(C)(C)C)C(=O)O,7.77
14,CHEMBL6508,CC(C)C[C@H](NC(=O)[C@@H](NC(=O)[C@H](Cc1ccc(O)cc1)NC(=O)[C@H]2CCCN2C(=O)[C@H](CCCCN)NC[C@@H](N)CCCCN)C(C)(C)C)C(=O)O,9.4
15,CHEMBL174771,CC[C@@H](C)[C@H](NC(=O)[C@H](Cc1ccc(O)cc1)NC(=O)[C@@H]2CCCN2C(=O)[C@H](CCCN=C(N)N)NC(=O)[C@H](CCCN=C(N)N)NC(=O)[C@@H]3CCCN3C(=O)C)C(=O)N[C@@H](CC(C)C)C(=O)O,10.0
18,CHEMBL405151,CC[C@@H](C)[C@H](NC(=O)[C@H](Cc1ccc(O)cc1)NC(=O)[C@@H]2CCCN2C(=O)[C@H](CCCN=C(N)N)NC(=O)[C@H](CCCN=C(N)N)NC(=O)[C@@H]3CCCN3C(=O)[C@H](CCCCN)NC(=O)[C@H](CC(=O)N)NC(=O)C)C(=O)N[C@@H](CC(C)C)C(=O)O,10.89
19,CHEMBL173256,CC[C@@H](C)[C@H](NC(=O)[C@H](C)NC(=O)[C@@H]1CCCN1C(=O)[C@H](CCCN=C(N)N)NC(=O)[C@@H](N)CCCN=C(N)N)C(=O)N[C@@H](C)C(=O)O,5.41
21,CHEMBL172473,CC[C@@H](C)[C@H](NC(=O)[C@H](Cc1ccc(O)cc1)NC(=O)[C@@H]2CCCN2C(=O)[C@H](C)NC(=O)[C@@H](N)CCCN=C(N)N)C(=O)N[C@@H](CC(C)C)C(=O)O,8.68
23,CHEMBL171907,CC[C@@H](C)[C@H](NC(=O)[C@H](C)NC(=O)[C@@H]1CCCN1C(=O)[C@H](CCCN=C(N)N)NC(=O)[C@@H](N)CCCN=C(N)N)C(=O)N[C@@H](CC(C)C)C(=O)O,6.96
25,CHEMBL412980,CC[C@@H](C)[C@H](NC(=O)[C@H](Cc1ccc(O)cc1)NC(=O)[C@@H]2CCCN2C(=O)[C@H](CCCN=C(N)N)NC(=O)[C@H](CCCN=C(N)N)NC(=O)[C@@H]3CCCN3C(=O)[C@H](CCCCN)NC(=O)[C@H](CC(=O)N)NC(=O)[C@H](CCC(=O)O)NC(=O)[C@H](Cc4ccc(O)cc4)NC(=O)[C@H](CC(C)C)NC(=O)C)C(=O)N[C@@H](CC(C)C)C(=O)O,9.96
26,CHEMBL174438,CC[C@@H](C)[C@H](NC(=O)[C@H](Cc1ccc(O)cc1)NC(=O)[C@@H]2CCCN2C(=O)[C@H](CCCN=C(N)N)NC(=O)[C@@H](N)CCCN=C(N)N)C(=O)N[C@@H](C)C(=O)O,6.7
28,CHEMBL441754,CC[C@@H](C)[C@H](NC(=O)[C@H](Cc1ccc(O)cc1)NC(=O)[C@@H]2CCCN2C(=O)[C@H](CCCN=C(N)N)NC(=O)[C@H](CCCN=C(N)N)NC(=O)[C@@H]3CCCN3C(=O)[C@H](CCCCN)NC(=O)[C@H](CC(=O)N)NC(=O)[C@H](CCC(=O)O)NC(=O)C)C(=O)N[C@@H](CC(C)C)C(=O)O,9.92
29,CHEMBL172313,CC(C)C[C@H](NC(=O)[C@H](C)NC(=O)[C@H](Cc1ccc(O)cc1)NC(=O)[C@@H]2CCCN2C(=O)[C@H](CCCN=C(N)N)NC(=O)[C@@H](N)CCCN=C(N)N)C(=O)O,8.35
31,CHEMBL407196,CC[C@H](C)[C@H](NC(=O)[C@H](Cc1ccc(O)cc1)NC(=O)[C@@H]2CCCN2C(=O)[C@H](CCCNC(=N)N)NC(=O)[C@H](CCCNC(=N)N)NC(=O)[C@@H]3CCCN3C(=O)[C@H](CCCCN)NC(=O)[C@H](CC(=O)N)NC(=O)[C@H](CCC(=O)O)NC(=O)[C@H](Cc4ccc(O)cc4)NC(=O)[C@H](CC(C)C)NC(=O)[C@@H]5CCC(=O)N5)C(=O)N[C@@H](CC(C)C)C(=O)O,9.77
32,CHEMBL367873,CC[C@@H](C)[C@H](NC(=O)[C@H](Cc1ccc(O)cc1)NC(=O)[C@@H]2CCCN2C(=O)[C@H](CCCN=C(N)N)NC(=O)[C@@H](N)CCCN=C(N)N)C(=O)N,4.92
33,CHEMBL366912,CC[C@@H](C)[C@H](NC(=O)[C@H](Cc1ccc(O)cc1)NC(=O)[C@@H]2CCCN2C(=O)[C@H](CCCN=C(N)N)NC(=O)[C@H](C)N)C(=O)N[C@@H](CC(C)C)C(=O)O,9.6
35,CHEMBL413433,CC[C@@H](C)[C@H](NC(=O)[C@H](Cc1ccc(O)cc1)NC(=O)[C@@H]2CCCN2C(=O)[C@H](CCCN=C(N)N)NC(=O)[C@H](CCCN=C(N)N)NC(=O)[C@@H]3CCCN3C(=O)[C@H](CCCCN)NC(=O)[C@H](CC(=O)N)NC(=O)[C@H](CCC(=O)O)NC(=O)[C@H](Cc4ccc(O)cc4)NC(=O)C)C(=O)N[C@@H](CC(C)C)C(=O)O,9.68
36,CHEMBL425847,CC[C@@H](C)[C@H](NC(=O)[C@H](Cc1ccc(O)cc1)NC(=O)[C@H](C)NC(=O)[C@H](CCCN=C(N)N)NC(=O)[C@@H](N)CCCN=C(N)N)C(=O)N[C@@H](CC(C)C)C(=O)O,9.04
38,CHEMBL264534,CC[C@@H](C)[C@H](NC(=O)[C@H](Cc1ccc(O)cc1)NC(=O)[C@@H]2CCCN2C(=O)[C@H](CCCN=C(N)N)NC(=O)[C@H](CCCN=C(N)N)NC(=O)[C@@H]3CCCN3C(=O)[C@H](CCCCN)NC(=O)C)C(=O)N[C@@H](CC(C)C)C(=O)O,10.62
39,CHEMBL344337,CC[C@@H](C)[C@H](NC(=O)[C@H](Cc1ccc(O)cc1)NC(=O)[C@@H]2CCCN2C(=O)[C@H](CCCNC(=N)N)NC(=O)[C@H](CCCNC(=N)N)NC(=O)C)C(=O)N[C@@H](CC(C)C)C(=O)O,9.89
40,CHEMBL367552,CC[C@@H](C)[C@H](NC(=O)[C@H](Cc1ccc(O)cc1)NC(=O)[C@@H]2CCCN2C(=O)[C@H](CCCN=C(N)N)NC(=O)[C@@H](N)CCCN=C(N)N)C(=O)N[C@@H](CC(C)C)C(=O)N,8.0
