,molecule_chembl_id,canonical_smiles,pchembl_value
0,CHEMBL3040381,COc1cccc(OC)c1c2cc(nn2c3ccc(cc3C(C)C)C(=O)N(C)CCCN(C)C)C(=O)NC4(C5CC6CC(CC4C6)C5)C(=O)O,7.13
1,CHEMBL3086356,COc1cccc(OC)c1c2cc(nn2c3ccc(cc3C(C)C)C(=O)N(C)CCCN(C)CCCCc4cn(nn4)[C@@H]5O[C@H](CO)[C@@H](O)[C@H](O)[C@H]5F)C(=O)NC6(C7CC8CC(CC6C8)C7)C(=O)O,7.16
2,CHEMBL1172376,[Cl-].CC(C)C[C@H](NC(=O)[C@@H](NC(=O)[C@H](Cc1ccc(O)cc1)NC(=O)[C@@H]2CCCN2C(=O)[C@H](CCCNC(=N)N)NC(=O)[C@@H](C)CCC[N+](C)(C)C)C(C)(C)C)C(=O)O,7.27
3,CHEMBL1766937,CC[C@H](C)[C@H](NC(=O)C[C@H](Cc1ccc(O)cc1)NC(=O)[C@@H]2CCCN2C(=O)[C@H](CCCNC(=N)N)NC(=O)[C@@H](N)CCCNC(=N)N)C(=O)N[C@@H](CC(C)C)C(=O)O,7.36
4,CHEMBL1766947,CC(C)C[C@H](NC(=O)[C@H](CC(C)(C)C)NC(=C)[C@H](Cc1cccc2ccccc12)NC(=O)[C@@H]3CCCN3C(=O)[C@H](CCCNC(=N)N)NC(=O)[C@@H](C)CCCNC(=N)N)C(=O)O,7.47
5,CHEMBL1766939,CC[C@H](C)[C@H](NC(=O)[C@H](Cc1ccc(O)cc1)NC(=O)[C@@H]2CCCN2C(=O)[C@H](CCCNC(=N)N)NC(=O)[C@@H](N)CCCNC(=N)N)C(=O)N[C@@H](CC(C)C)CC(=O)O,7.6
6,CHEMBL1766936,CC[C@H](C)[C@H](NC(=O)[C@H](Cc1ccc(O)cc1)NC(=O)[C@@H]2CCCN2C(=O)C[C@H](CCCNC(=N)N)NC(=O)[C@@H](N)CCCNC(=N)N)C(=O)N[C@@H](CC(C)C)C(=O)O,7.8
7,CHEMBL335846,CC(C)C[C@H](NC(=O)[C@@H](NC(=O)[C@H](Cc1ccc(O)cc1)NC(=O)[C@@H]2CCCN2C(=O)[C@@H](N)CCC\N=C(\N)/NC(=O)[C@@H](N)CCCCCN)C(C)(C)C)C(=O)O,7.96
8,CHEMBL133849,CC[C@H](C)[C@H](NC(=O)[C@H](Cc1ccc(O)cc1)NC(=O)[C@@H]2CCCN2C(=O)[C@@H](N)CCC\N=C(\N)/NC(=O)[C@@H](N)CCCCCNC)C(=O)N[C@@H](CC(C)C)C(=O)O,8.16
9,CHEMBL1766938,CC[C@H](C)[C@H](CC(=O)N[C@@H](CC(C)C)C(=O)O)NC(=O)[C@H](Cc1ccc(O)cc1)NC(=O)[C@@H]2CCCN2C(=O)[C@H](CCCNC(=N)N)NC(=O)[C@@H](N)CCCNC(=N)N,8.27
10,CHEMBL129953,CC[C@H](C)[C@H](NC(=O)[C@H](Cc1ccc(O)cc1)NC(=O)[C@@H]2CCCN2C(=O)[C@@H](N)CCCNC(=N)NC(=O)[C@@H](N)CCC[N+](C)(C)C)C(=O)N[C@@H](CC(C)C)C(=O)O,8.28
11,CHEMBL133378,CC[C@H](C)[C@H](NC(=O)[C@H](Cc1ccc(O)cc1)NC(=O)[C@@H]2CCCN2C(=O)[C@@H](N)CCC\N=C(\N)/NC(=O)[C@@H](N)CCCN(C)C)C(=O)N[C@@H](CC(C)C)C(=O)O,8.29
12,CHEMBL133850,CC[C@H](C)[C@H](NC(=O)[C@H](Cc1ccc(O)cc1)NC(=O)[C@@H]2CCCN2C(=O)[C@@H](N)CCC\N=C(\N)/NC(=O)[C@@H](N)CCCCCN(C)C)C(=O)N[C@@H](CC(C)C)C(=O)O,8.46
13,CHEMBL133340,CC[C@H](C)[C@H](NC(=O)[C@H](Cc1ccc(O)cc1)NC(=O)[C@@H]2CCCN2C(=O)[C@@H](N)CCC\N=C(\N)/NC(=O)[C@@H](N)CCCNC)C(=O)N[C@@H](CC(C)C)C(=O)O,8.46
14,CHEMBL133798,CC[C@H](C)[C@H](NC(=O)[C@H](Cc1ccc(O)cc1)NC(=O)[C@@H]2CCCN2C(=O)[C@@H](N)CCCNC(=N)NC(=O)[C@@H](N)CCCC[N+](C)(C)C)C(=O)N[C@@H](CC(C)C)C(=O)O,8.5
15,CHEMBL132794,CC[C@H](C)[C@H](NC(=O)[C@H](Cc1ccc(O)cc1)NC(=O)[C@@H]2CCCN2C(=O)[C@@H](N)CCCNC(=N)NC(=O)[C@@H](N)CCCCC[N+](C)(C)C)C(=O)N[C@@H](CC(C)C)C(=O)O,8.51
16,CHEMBL339139,CC[C@H](C)[C@H](NC(=O)[C@H](Cc1ccc(O)cc1)NC(=O)[C@@H]2CCCN2C(=O)[C@@H](N)CCC\N=C(\N)/NC(=O)[C@@H](N)CCCN)C(=O)N[C@@H](CC(C)C)C(=O)O,8.52
17,CHEMBL132507,CC[C@H](C)[C@H](NC(=O)[C@H](Cc1ccc(O)cc1)NC(=O)[C@@H]2CCCN2C(=O)[C@@H](N)CCC\N=C(\N)/NC(=O)[C@@H](N)CCCCN(C)C)C(=O)N[C@@H](CC(C)C)C(=O)O,8.55
18,CHEMBL3786291,CC[C@H](C)[C@H](NC(=O)[C@H](Cc1ccc(O)cc1)NC(=O)[C@@H]2CCCN2C(=O)[C@H](CCCNC(=N)N)NC(=O)[C@@H](N)CCCN\C(=N\C(=O)NCCCCNC(=O)CC)\N)C(=O)N[C@@H](CC(C)C)C(=O)O.OC(=O)C(F)(F)F.OC(=O)C(F)(F)F.OC(=O)C(F)(F)F,8.6
19,CHEMBL430910,CC[C@H](C)[C@H](NC(=O)[C@H](Cc1ccc(O)cc1)NC(=O)[C@@H]2CCCN2C(=O)[C@@H](N)CCC\N=C(\N)/NC(=O)[C@@H](N)CCCCN)C(=O)N[C@@H](CC(C)C)C(=O)O,8.68
20,CHEMBL337260,CC[C@H](C)[C@H](NC(=O)[C@H](Cc1ccc(O)cc1)NC(=O)[C@@H]2CCCN2C(=O)[C@@H](N)CCC\N=C(\N)/NC(=O)[C@@H](N)CCCCNC)C(=O)N[C@@H](CC(C)C)C(=O)O,8.75
21,CHEMBL132409,CC[C@H](C)[C@H](NC(=O)[C@H](Cc1ccc(O)cc1)NC(=O)[C@@H]2CCCN2C(=O)[C@@H](N)CCC\N=C(\N)/NC(=O)[C@@H](N)CCCN=C(N)N)C(=O)N[C@@H](CC(C)C)C(=O)O,9.05
22,CHEMBL132524,CC[C@H](C)[C@H](NC(=O)[C@H](Cc1ccc(O)cc1)NC(=O)[C@@H]2CCCN2C(=O)[C@@H](N)CCC\N=C(\N)/NC(=O)[C@@H](N)CCCNC3NCCN3)C(=O)N[C@@H](CC(C)C)C(=O)O,9.11
23,CHEMBL3786852,CC[C@H](C)[C@H](NC(=O)[C@H](Cc1ccc(O)cc1)NC(=O)[C@@H]2CCCN2C(=O)[C@H](CCCNC(=N)N)NC(=O)[C@@H](N)CCCN\C(=N\C(=O)NCCCCN)\N)C(=O)N[C@@H](CC(C)C)C(=O)O.OC(=O)C(F)(F)F.OC(=O)C(F)(F)F.OC(=O)C(F)(F)F.OC(=O)C(F)(F)F,9.13
24,CHEMBL337644,CC[C@H](C)[C@H](NC(=O)[C@H](Cc1ccc(O)cc1)NC(=O)[C@@H]2CCCN2C(=O)[C@@H](N)CCC\N=C(\N)/NC(=O)[C@@H](N)CCCCCN)C(=O)N[C@@H](CC(C)C)C(=O)O,9.16
25,CHEMBL434227,CC[C@H](C)[C@H](NC(=O)[C@H](Cc1ccc(O)cc1)NC(=O)[C@@H]2CCCN2C(=O)[C@@H](N)CCC\N=C(\N)/NC(=O)[C@@H](N)CCC\N=C(\N)/NC)C(=O)N[C@@H](CC(C)C)C(=O)O,9.17
26,CHEMBL1766935,CC[C@H](C)[C@H](NC(=O)[C@H](Cc1ccc(O)cc1)NC(=O)[C@@H]2CCCN2C(=O)[C@H](CCCNC(=N)N)NC(=O)C[C@@H](N)CCCNC(=N)N)C(=O)N[C@@H](CC(C)C)C(=O)O,9.22
27,CHEMBL337721,CC[C@H](C)[C@H](NC(=O)[C@H](Cc1ccc(O)cc1)NC(=O)[C@@H]2CCCN2C(=O)[C@@H](N)CCC\N=C(\N)/NC(=O)[C@@H](N)CCCN3CCN=C3N)C(=O)N[C@@H](CC(C)C)C(=O)O,9.64
3,CHEMBL439494,CC[C@H](C)[C@H](NC(=O)[C@H](Cc1ccc(O)cc1)NC(=O)[C@@H]2CCCN2C(=O)[C@H](CCCN=C(N)N)NC(=O)[C@H](CCCN=C(N)N)NC(=O)[C@@H]3CCCN3C(=O)[C@H](CCCCN)NC(=O)[C@H](CC(=O)N)NC(=O)CNC(=O)[C@H](Cc4ccc(O)cc4)NC(=O)[C@H](CC(C)C)NC(=O)[C@@H](N)CCC(=O)O)C(=O)O,8.4
8,CHEMBL342252,CC[C@@H](C)[C@H](NC(=O)[C@H](Cc1ccc(O)cc1)NC(=O)[C@@H]2CCCN2C(=O)[C@H](CCCNC(=N)N)NC(=O)[C@@H](N)CCCNC(=N)N)C(=O)N[C@@H](CC(C)C)C(=O)O,8.57
11,CHEMBL435199,CC(C)C[C@H](NC(=O)[C@@H](NC(=O)[C@H](Cc1c[nH]c2ccccc12)NC(=O)[C@@H]3CCCN3C(=O)[C@@H](N)CCC\N=C(\N)/NC(=O)[C@@H](N)CCCCCN)C(C)(C)C)C(=O)O,6.3
14,CHEMBL336836,CCNC(=N)NCCC[C@H](N)C(=O)\N=C(\N)/NCCC[C@H](N)C(=O)N1CCC[C@H]1C(=O)N[C@@H](Cc2ccc(O)cc2)C(=O)N[C@@H]([C@@H](C)CC)C(=O)N[C@@H](CC(C)C)C(=O)O,9.52
26,CHEMBL254769,CC[C@H](C)[C@H](NC(=O)[C@H](Cc1ccc(O)cc1)NC(=O)[C@@H]2CCCN2C(=O)[C@H](CCCCN)NC(=O)CNCCCCN)C(=O)N[C@@H](CC(C)C)C(=O)O,9.13
27,CHEMBL1766928,CC[C@H](C)[C@H](NC(=O)[C@H](CC1=CC=C(O)CC1)NC(=O)[C@@H]2CCCN2C(=O)[C@H](CCCNC(=N)N)NC(=O)[C@@H](N)CCCNC(=N)N)C(=O)N[C@@H](CC(C)C)C(=O)O,8.92
32,CHEMBL1766945,CC[C@H](C)[C@H](NC(=O)CN(CCc1ccc(O)cc1)C(=O)[C@@H]2CCCN2C(=O)[C@H](CCCNC(=N)N)NC(=O)[C@@H](N)CCCCN)C(=O)N[C@@H](CC(C)C)C(=O)O,8.36
36,CHEMBL1766929,CC[C@H](C)[C@H](NC(=O)[C@H](Cc1ccc(O)cc1)NC(=O)[C@@H]2CCCN2C(=O)[C@H](CCCNC(=N)N)NC(=O)[C@H](N)CCCNC(=N)N)C(=O)N[C@@H](CC(C)C)C(=O)O,8.27
37,CHEMBL258221,CC[C@H](C)[C@H](NC(=O)[C@H](Cc1ccc(O)cc1)NC(=O)[C@@H]2CCCN2C(=O)[C@H](CCCCN)NC(=O)[C@@H](N)CCCCN)C(=O)N[C@@H](CC(C)C)C(=O)O,8.22
41,CHEMBL253527,CC[C@H](C)[C@H](NC(=O)[C@H](CCc1ccc(O)cc1)NC(=O)[C@@H]2CCCN2C(=O)[C@H](CCCNC(=N)N)NC(=O)[C@@H](N)CCCNC(=N)N)C(=O)N[C@@H](CC(C)C)C(=O)O,7.77
42,CHEMBL1766942,CC[C@H](C)[C@H](NC(=O)CN(CCc1ccccc1)C(=O)[C@@H]2CCCN2C(=O)[C@H](CCCNC(=N)N)NC(=O)[C@@H](N)CCCNC(=N)N)C(=O)N[C@@H](CC(C)C)C(=O)O,7.7
43,CHEMBL411195,CC[C@H](C)[C@H](NC(=O)[C@H](Cc1ccc(O)cc1)NC(=O)[C@@H]2CCCN2C(=O)CN(CCCCN)C(=O)[C@@H](N)CCCCN)C(=O)N[C@@H](CC(C)C)C(=O)O,7.68
44,CHEMBL1766924,CC[C@H](C)[C@H](NC(=O)[C@H](Cc1ccc(O)cc1)NC(=O)[C@@H]2CCCN2C(=O)[C@H](C)NC(=O)[C@@H](N)CCCNC(=N)N)C(=O)N[C@@H](CC(C)C)C(=O)O,7.62
47,CHEMBL1766941,CC[C@H](C)[C@H](NC(=O)CN(CCc1ccc(OC)cc1)C(=O)[C@@H]2CCCN2C(=O)[C@H](CCCNC(=N)N)NC(=O)[C@@H](N)CCCNC(=N)N)C(=O)N[C@@H](CC(C)C)C(=O)O,7.42
49,CHEMBL1766930,CC[C@H](C)[C@H](NC(=O)[C@H](Cc1ccc(O)cc1)NC(=O)[C@@H]2CCCN2C(=O)[C@@H](CCCNC(=N)N)NC(=O)[C@@H](N)CCCNC(=N)N)C(=O)N[C@@H](CC(C)C)C(=O)O,7.29
50,CHEMBL1766923,CC[C@H](C)[C@H](NC(=O)[C@H](Cc1ccc(O)cc1)NC(=O)[C@@H]2CCCN2C(=O)[C@H](CCCNC(=N)N)NC(=O)[C@H](C)N)C(=O)N[C@@H](CC(C)C)C(=O)O,7.25
51,CHEMBL1766925,CC[C@H](C)[C@H](NC(=O)[C@H](Cc1ccc(O)cc1)NC(=O)[C@H](C)NC(=O)[C@H](CCCNC(=N)N)NC(=O)[C@@H](N)CCCNC(=N)N)C(=O)N[C@@H](CC(C)C)C(=O)O,7.2
52,CHEMBL172313,CC(C)C[C@H](NC(=O)[C@H](C)NC(=O)[C@H](Cc1ccc(O)cc1)NC(=O)[C@@H]2CCCN2C(=O)[C@H](CCCN=C(N)N)NC(=O)[C@@H](N)CCCN=C(N)N)C(=O)O,7.2
53,CHEMBL1766926,CC[C@H](C)[C@H](NC(=O)[C@H](C)NC(=O)[C@@H]1CCCN1C(=O)[C@H](CCCNC(=N)N)NC(=O)[C@@H](N)CCCNC(=N)N)C(=O)N[C@@H](CC(C)C)C(=O)O,7.08
54,CHEMBL1766943,CC[C@H](C)[C@H](NC(=O)CN(CCc1ccccn1)C(=O)[C@@H]2CCCN2C(=O)[C@H](CCCNC(=N)N)NC(=O)[C@@H](N)CCCNC(=N)N)C(=O)N[C@@H](CC(C)C)C(=O)O,7.0
56,CHEMBL1766932,CC[C@H](C)[C@H](NC(=O)[C@@H](Cc1ccc(O)cc1)NC(=O)[C@@H]2CCCN2C(=O)[C@H](CCCNC(=N)N)NC(=O)[C@@H](N)CCCNC(=N)N)C(=O)N[C@@H](CC(C)C)C(=O)O,6.85
57,CHEMBL266230,CC[C@H](C)[C@H](NC(=O)[C@H](Cc1ccc(O)cc1)NC(=O)C[C@@H]2CCCN2C(=O)[C@H](CCCNC(=N)N)NC(=O)[C@@H](N)CCCNC(=N)N)C(=O)N[C@@H](CC(C)C)C(=O)O,6.68
58,CHEMBL2369509,CC[C@H](C)N(CC(=O)N[C@@H](CC(C)C)C(=O)O)C(=O)[C@H](Cc1ccc(O)cc1)NC(=O)[C@@H]2CCCN2C(=O)[C@H](CCCCN)NC(=O)[C@@H](N)CCCCN,6.48
60,CHEMBL1766931,CC[C@H](C)[C@H](NC(=O)[C@H](Cc1ccc(O)cc1)NC(=O)[C@H]2CCCN2C(=O)[C@H](CCCNC(=N)N)NC(=O)[C@@H](N)CCCNC(=N)N)C(=O)N[C@@H](CC(C)C)C(=O)O,6.23
62,CHEMBL1766933,CC[C@H](C)[C@@H](NC(=O)[C@H](Cc1ccc(O)cc1)NC(=O)[C@@H]2CCCN2C(=O)[C@H](CCCNC(=N)N)NC(=O)[C@@H](N)CCCNC(=N)N)C(=O)N[C@@H](CC(C)C)C(=O)O,6.16
65,CHEMBL254770,CC[C@H](C)[C@H](NC(=O)CN(Cc1ccc(O)cc1)C(=O)[C@@H]2CCCN2C(=O)[C@H](CCCCN)NC(=O)[C@@H](N)CCCCN)C(=O)N[C@@H](CC(C)C)C(=O)O,6.0
67,CHEMBL1766927,CC[C@H](C)[C@H](NC(=O)[C@H](Cc1ccc(O)cc1)NC(=O)[C@@H]2CCCN2C(=O)[C@H](CCCNC(=N)N)NC(=O)[C@@H](N)CCCNC(=N)N)C(=O)N[C@@H](C)C(=O)O,5.89
68,CHEMBL1766940,CC[C@H](C)[C@H](NC(=O)[C@H](Cc1ccc(O)cc1)NC(=O)[C@@H]2CCCN2C(=O)[C@H](CCCCN)NC(=O)[C@@H](N)CCCCN)C(=O)N(CC(C)C)CC(=O)O,5.8
69,CHEMBL1766934,CC[C@H](C)[C@H](NC(=O)[C@H](Cc1ccc(O)cc1)NC(=O)[C@@H]2CCCN2C(=O)[C@H](CCCNC(=N)N)NC(=O)[C@@H](N)CCCNC(=N)N)C(=O)N[C@H](CC(C)C)C(=O)O,5.43
71,CHEMBL506981,COc1cccc(OC)c1c2cc(nn2c3ccnc4cc(Cl)ccc34)C(=O)NC5(C6CC7CC(CC5C7)C6)C(=O)O,6.38
137,CHEMBL415788,CC[C@H](C)[C@H](NC(=O)[C@H](Cc1ccc(O)cc1)NC(=O)[C@@H]2CCCN2C(=O)[C@H](CCCNC(=N)N)NC(=O)[C@@H](N)CCCNC(=N)N)C(=O)N[C@@H](CC(C)C)C(=O)O,8.12
138,CHEMBL3622801,CC(C)C[C@H](NC(=O)[C@H](C[Si](C)(C)C)NC(=O)[C@H](Cc1ccc(O)cc1)NC(=O)[C@@H]2CCCN2C(=O)[C@H](CCCCN)NC(=O)[C@@H](N)CCCCN)C(=O)O,6.39
139,CHEMBL3622802,CC[C@H](C)[C@H](NC(=O)[C@H](Cc1ccc(O)cc1)NC(=O)[C@@H]2CCCN2C(=O)[C@H](CCCCN)NC(=O)[C@@H](N)CCCCN)C(=O)N[C@@H](C[Si](C)(C)C)C(=O)O,9.59
140,CHEMBL3622803,C[Si](C)(C)C[C@H](NC(=O)[C@H](C[Si](C)(C)C)NC(=O)[C@H](Cc1ccc(O)cc1)NC(=O)[C@@H]2CCCN2C(=O)[C@H](CCCCN)NC(=O)[C@@H](N)CCCCN)C(=O)O,7.54
141,CHEMBL3622804,CC(C)C[C@H](NC(=O)[C@H](C[Si](C)(C)C)NC(=O)[C@H](Cc1ccc(O)cc1)NC(=O)[C@@H]2C[Si](C)(C)CN2C(=O)[C@H](CCCCN)NC(=O)[C@@H](N)CCCCCN)C(=O)O,5.85
142,CHEMBL3622805,CN[C@@H](CCCNC(=N)N)C(=O)N[C@@H](CCCCN)C(=O)N1CCC[C@H]1C(=O)N[C@@H](Cc2ccc(O)cc2)C(=O)N[C@@H](C[Si](C)(C)C)C(=O)N[C@@H](CC(C)C)C(=O)O,7.53
143,CHEMBL3622806,CC[C@H](C)[C@H](NC(=O)[C@H](Cc1ccc(O)cc1)NC(=O)[C@@H]2C[Si](C)(C)CN2C(=O)[C@H](CCCCN)NC(=O)[C@@H](N)CCCCN)C(=O)N[C@@H](CC(C)C)C(=O)O,7.67
