,molecule_chembl_id,canonical_smiles,pchembl_value
0,atosiban,CCOc1ccc(C[C@H]2NC(=O)CCSSC[C@H](NC(=O)[C@H](CC(=O)N)NC(=O)[C@@H](NC(=O)[C@@H](NC2=O)[C@@H](C)CC)[C@@H](C)O)C(=O)N3CCC[C@H]3C(=O)N[C@@H](CCCN)C(=O)NCC(=O)N)cc1,7.96
1,oxytocin,[H]N[C@H]1CSSC[C@H](NC(=O)[C@H](CC(N)=O)NC(=O)[C@H](CCC(N)=O)NC(=O)[C@@H](NC(=O)[C@H](CC2=CC=C(O)C=C2)NC1=O)[C@@H](C)CC)C(=O)N1CCC[C@H]1C(=O)N[C@@H](CC(C)C)C(=O)NCC(N)=O,9.1
2,carbetocin,CC[C@H](C)[C@@H]1NC(=O)[C@H](Cc2ccc(OC)cc2)NC(=O)CCCSC[C@H](NC(=O)[C@H](CC(=O)N)NC(=O)[C@H](CCC(=O)N)NC1=O)C(=O)N3CCC[C@H]3C(=O)N[C@@H](CC(C)C)C(=O)NCC(=O)N,8.14874172
3,CHEMBL24678,CC(=O)CCCC(=O)NC1N=C(c2ccccc2)c3ccccc3N(CC(=O)NCCCc4cccc(Cl)c4)C1=O,7.0
4,CHEMBL24605,CC(=O)NC1N=C(c2ccccc2)c3ccccc3N(CC(=O)NCCc4ccc(Cl)c(Cl)c4)C1=O,7.0
5,CHEMBL24074,CC(=O)NC1N=C(c2ccccc2)c3ccccc3N(CC(=O)NCCc4cccc(Cl)c4)C1=O,7.0
6,CHEMBL24816,CC(=O)NC1N=C(c2ccccc2)c3ccccc3N(CC(=O)NCCc4cccc5ccccc45)C1=O,7.0
7,CHEMBL427353,CC(C)C[C@H]1N([C@H](C(=O)NC(C)C)c2ccc(F)cc2)C(=O)[C@H](NC1=O)C3Cc4ccccc4C3,7.0
8,CHEMBL197833,CC(C)C[C@H]1N([C@H](C(=O)NC(C)C)c2ccc(cc2)S(=O)(=O)C)C(=O)[C@H](NC1=O)C3Cc4ccccc4C3,7.0
9,CHEMBL30550,FC(F)(F)C1=CN(CC(=O)NCc2oc3cc(ccc3c2)C(=O)N4CCC(CC4)N5C(=O)OCc6ccccc56)C(=O)C=C1,7.0
10,CHEMBL287628,Fc1cccc2N(C3CCN(CC3)C(=O)c4ccc5oc(CNC(=O)CN6C=C(C=CC6=O)C(F)(F)F)cc5c4)C(=O)OCc12,7.0
11,CHEMBL3814232,CC[C@H](C)[C@@H]1NC(=O)[C@H](Cc2ccc(O)cc2)NC(=O)[C@H](CSSC[C@H](N(C)C(=O)[C@H](CC(=O)N)NC(=O)[C@H](CCC(=O)N)NC1=O)C(=O)N3CCC[C@H]3C(=O)N[C@@H](CC(C)C)C(=O)NCC(=O)N)NC,7.01
12,CHEMBL3245751,CC[C@H](C)[C@@H]1NC(=O)[C@H](Cc2ccc(O)cc2)NC(=O)CC(CC)(CC)SSC[C@H](NC(=O)[C@H](CC(=O)N)NC(=O)[C@H](CC(C)C)NC1=O)C(=O)N3CCC[C@H]3C(=O)N[C@@H](CC(C)C)C(=O)NCC(=O)N,7.02
13,CHEMBL1254025,CO\N=C/1\C[C@@H](CO)N(C1)C(=O)c2ccc(cc2)c3ccccc3C,7.02
14,CHEMBL2369831,C[C@@H](O)[C@@H]1NC(=O)[C@H](Cc2ccccc2)NC(=O)[C@H](Cc3ccc(O)cc3)NC(=O)CCSSC[C@H](NC(=O)[C@H](CC(=O)N)NC1=O)C(=O)N4CCC[C@H]4C(=O)N[C@@H](CCCN=C(N)N)C(=O)NCC(=O)N,7.04
15,CHEMBL1779420,COc1ccc(cc1)S(=O)(=O)N2C(=O)[C@](N3CCC[C@H]3c4occn4)(c5cc(CN6CCN(C)CC6)ccc5OC)c7cc(Cl)ccc27,7.05
16,CHEMBL1254116,O=C(CN(c1ccccc1)S(=O)(=O)c2ccccc2)N\N=C\3/C(=O)Nc4ccccc34,7.05
17,CHEMBL27157,COc1ccc(C(=O)N2CCC(CC2)N3C(=O)OCc4ccccc34)c(OC)c1,7.06
18,CHEMBL69498,COc1cc(OC2CCNCC2)ccc1C(=O)N3CCC(CC3)N4C(=O)OCc5ccccc45,7.09
19,CHEMBL436540,CC(=O)CCCC(=O)NC1N=C(c2ccccc2)c3ccccc3N(CC(=O)N[C@@H](Cc4ccc(F)cc4)C(=O)N)C1=O,7.1
20,CHEMBL28627,CC(=O)N1CCN(Cc2oc3ccc(cc3c2)C(=O)N4CCC(CC4)N5C(=O)OCc6ccccc56)CC1,7.1
21,CHEMBL198328,CC(C)C[C@H]1N([C@H](C(=O)NC(C)(C)C)c2ccccc2)C(=O)[C@H](NC1=O)C3Cc4ccccc4C3,7.1
22,CHEMBL194233,CC(C)C[C@H]1N([C@H](C(=O)NC(C)C)c2ccc(cc2)C(F)(F)F)C(=O)[C@H](NC1=O)C3Cc4ccccc4C3,7.1
23,CHEMBL438849,CCOc1ccc(C[C@@H]2NC(=O)CCSSC[C@H](NC(=O)[C@H](CC(=O)N)NC(=O)[C@H](CCC(=O)N)NC(=O)[C@@H](NC2=O)[C@@H](C)CC)C(=O)N3Cc4ccccc4C[C@@H]3C(=O)N[C@@H](CC(C)C)C(=O)NC(C)(C)C(=O)N)cc1,7.1
24,CHEMBL31978,CS(=O)(=O)N1CCC(CC1)c2oc3ccc(cc3c2)C(=O)N4CCC(CC4)N5C(=O)OCc6ccccc56,7.1
25,CHEMBL282767,FC(F)(F)C1=CN(CC(=O)NCc2nc3cc(ccc3s2)C(=O)N4CCC(CC4)N5C(=O)OCc6ccccc56)C(=O)C=C1,7.1
26,CHEMBL2017980,CS(=O)(=O)N1CCC(CC1)Oc2ccc(CC(=O)N3CCC(CC3)N4C(=O)CCc5ccccc45)c(O)c2,7.11
27,CHEMBL105960,COc1cc(OC(C)C2CCNCC2)ccc1C(=O)N3CCC(CC3)N4C(=O)OCc5ccccc45,7.14
28,CHEMBL319646,COc1cc(OCc2ccccc2)ccc1C(=O)N3CCC(CC3)N4C(=O)OCc5ccccc45,7.14
29,CHEMBL1429,NC(=O)CC[C@@H]1NC(=O)[C@H](Cc2ccccc2)NC(=O)[C@H](Cc3ccc(O)cc3)NC(=O)CCSSC[C@H](NC(=O)[C@H](CC(=O)N)NC1=O)C(=O)N4CCC[C@H]4C(=O)N[C@H](CCCNC(=N)N)C(=O)NCC(=O)N,7.14
30,CHEMBL3813858,CC[C@H](C)[C@@H]1NC(=O)[C@H](Cc2ccc(O)cc2)NC(=O)[C@@H](N)CSSC[C@H](N(C)C(=O)[C@H](CC(=O)N)NC(=O)[C@H](CCC(=O)N)NC1=O)C(=O)N3CCC[C@H]3C(=O)N(C)[C@@H](CC(C)C)C(=O)NCC(=O)N,7.16
31,CHEMBL2113202,CCOc1ccc(cc1)S(=O)(=O)N(CC(=O)N\N=C\2/C(=O)Nc3ccncc23)c4ccc(Cl)cc4,7.19
32,CHEMBL31606,CC(=O)N1CCC(CC1)c2oc3ccc(cc3c2)C(=O)N4CCC(CC4)N5C(=O)OCc6ccccc56,7.2
33,CHEMBL31350,CC(=O)NCc1oc2ccc(cc2c1)C(=O)N3CCC(CC3)N4C(=O)OCc5ccccc45,7.2
34,CHEMBL194432,CC(C)C[C@H]1N([C@@H](C(=O)NC(C)C)c2ccccc2)C(=O)[C@@H](C3Cc4ccccc4C3)N(CC=C)C1=O,7.2
35,CHEMBL286979,CN(CCn1ccc2cc(ccc12)C(=O)N3CCC(CC3)N4C(=O)OCc5ccccc45)C(=O)C,7.2
36,CHEMBL514113,COc1ccc(cc1)N(Cc2csc(n2)c3ccccc3)S(=O)(=O)c4ccccn4,7.2
37,CHEMBL459291,COc1ccc(cn1)N(Cc2onc(n2)c3ccccc3)S(=O)(=O)c4ccccn4,7.2
38,CHEMBL282781,CS(=O)(=O)N1CCN(Cc2oc3ccc(cc3c2)C(=O)N4CCC(CC4)N5C(=O)OCc6ccccc56)CC1,7.2
39,CHEMBL286771,FC(F)(F)C1=CN(Cc2cncc(c2)c3oc4ccc(cc4c3)C(=O)N5CCC(CC5)N6C(=O)OCc7ccccc67)C(=O)C=C1,7.2
40,CHEMBL603708,O=C(Nc1ccc(cc1)C(=O)N2CCCCc3ccccc23)c4ccccc4c5ccccc5,7.2
41,CHEMBL1779401,COc1ccc(c(OC)c1)S(=O)(=O)N2C(=O)[C@](N3CCC[C@H]3C(=O)N(C)C)(c4cccnc4OC)c5cc(Cl)ccc25,7.21
42,CHEMBL338522,CC1(C)[C@@H]2CC[C@@]1(CS(=O)(=O)N3CCC4(CC3)CCc5ccccc45)[C@H](C2)NC(=O)Cc6c[nH]cn6,7.22
43,CHEMBL3763342,Cc1cc(ccc1CNC(=O)N2CCN(Cc3cc(O)cc(O)c3)CC2)C(=O)N4Cc5cnn(C)c5Nc6ccccc46,7.22
44,CHEMBL2113203,CN(C)CCOc1ccc(cc1)S(=O)(=O)N(CC(=O)N\N=C\2/C(=O)Nc3ccccc23)c4ccc(Cl)cc4,7.23
45,CHEMBL102762,CCC(Oc1ccc(C(=O)N2CCC(CC2)N3C(=O)OCc4ccccc34)c(OC)c1)c5ccccc5,7.24
46,CHEMBL3229634,CC[C@H](C)[C@@H]1NC(=O)[C@H](Cc2ccc(O)cc2)NC(=O)CC(CC)(CC)SSC[C@H](NC(=O)[C@H](CC(=O)N)NC(=O)[C@H](CCC(=O)N)NC1=O)C(=O)N3CCC[C@H]3C(=O)N[C@@H](CC(C)C)C(=O)NCC(=O)N,7.24
47,CHEMBL1254297,COc1ccc(cn1)n2c(C)nnc2c3ccc(cc3)c4ccccc4OC,7.25
48,CHEMBL233080,CCOc1ccc(C[C@@H]2NC(=O)CCSSC[C@H](NC(=O)[C@H](CC(=O)N)NC(=O)[C@H](CCC(=O)N)NC(=O)[C@@H](NC2=O)[C@@H](C)CC)C(=O)NC(C)(C)C(=O)N[C@@H](CC(C)C)C(=O)N3CCCC[C@@H]3C(=O)N)cc1,7.26
49,CHEMBL318174,COc1cc(OC(C)C2CCN(CC2)C(=O)C)ccc1C(=O)N3CCC(CC3)N4C(=O)OCc5ccccc45,7.27
50,CHEMBL233328,CCOc1ccc(C[C@@H]2NC(=O)CCSSC[C@H](NC(=O)[C@H](CC(=O)N)NC(=O)[C@H](CCC(=O)N)NC(=O)[C@@H](NC2=O)[C@@H](C)CC)C(=O)N3Cc4ccccc4C[C@@H]3C(=O)N[C@@H](CC(C)C)C(=O)NCC(=O)N)cc1,7.29
51,CHEMBL194922,CC(C)C[C@H]1N([C@H](C(=O)NC(C)C)c2ccc(C)cc2)C(=O)[C@H](NC1=O)C3Cc4ccccc4C3,7.3
52,CHEMBL273988,CC(C)C[C@H]1N([C@H](C(=O)NC(C)C)c2ccccc2)C(=O)[C@H](NC1=O)C3Cc4ccccc4C3,7.3
53,CHEMBL1254210,CO\N=C/1\C[C@@H](N(C1)C(=O)c2ccc(cc2)c3ccccc3C)c4onc(C)n4,7.3
54,CHEMBL281106,Cn1c(CNC(=O)CN2C=C(C=CC2=O)C(F)(F)F)cc3ccc(cc13)C(=O)N4CCC(CC4)N5C(=O)OCc6ccccc56,7.3
55,CHEMBL411148,C[C@@H]1NC(=O)[C@@H](Cc2ccccc2)NC(=O)[C@H](Cc3ccc(O)cc3)NC(=O)CCSSC[C@@H](NC(=O)[C@@H](CC(=O)N)NC1=O)C(=O)N4CCC[C@@H]4C(=O)N[C@@H](CCCN=C(N)N)C(=O)NCC(=O)N,7.31
56,CHEMBL2113177,Clc1ccc(cc1)N(CC(=O)N\N=C\2/C(=O)Nc3ccccc23)S(=O)(=O)c4ccc(NCCN5CCOCC5)cc4,7.31
57,CHEMBL3342795,FC(F)(F)Sc1ccc(cc1)S(=O)(=O)Nc2ccnn2c3ccccn3,7.33
58,CHEMBL1779405,COc1ccc(c(OC)c1)S(=O)(=O)N2C(=O)[C@](N3CCC[C@H]3C(=O)N(C)C)(c4ccc(CN5CCCC5)cc4OC)c6cc(Cl)ccc26,7.35
59,CHEMBL1779404,COc1ccc(c(OC)c1)S(=O)(=O)N2C(=O)[C@](N3C[C@H](O)C[C@H]3C(=O)N(C)C)(c4cnc(OC)nc4OC)c5cc(Cl)ccc25,7.35
60,CHEMBL1779400,COc1ccc(c(OC)c1)S(=O)(=O)N2C(=O)[C@](N3C[C@H](O)C[C@H]3C(=O)N(C)C)(c4cccnc4OC)c5cc(Cl)ccc25,7.38
61,CHEMBL30667,CC(=O)NCCc1oc2ccc(cc2c1)C(=O)N3CCC(CC3)N4C(=O)OCc5ccccc45,7.4
62,CHEMBL2035014,CC(C)C[C@H]1N([C@@H](C(=O)NC(C)C)c2ccccc2OC(F)(F)F)C(=O)[C@H](NC1=O)C3Cc4ccccc4C3,7.4
63,CHEMBL2035015,CC(C)C[C@H]1N([C@@H](C(=O)NC(C)C)c2ccccc2c3ccccc3)C(=O)[C@H](NC1=O)C4Cc5ccccc5C4,7.4
64,CHEMBL393020,CCOc1ccc(C[C@@H]2NC(=O)CCSSC[C@H](NC(=O)[C@H](CC(=O)N)NC(=O)[C@H](CCC(=O)N)NC(=O)[C@@H](NC2=O)[C@@H](C)CC)C(=O)N3CCCC[C@H]3C(=O)N[C@@H](CC(C)C)C(=O)NCC(=O)N)cc1,7.4
65,CHEMBL30315,CN(CCn1ccc2cc(ccc12)C(=O)N3CCC(CC3)N4C(=O)OCc5ccccc45)S(=O)(=O)C,7.4
66,CHEMBL271057,CNC(=O)c1oc(cc1)[C@@H](N2[C@H](CC(C)C)C(=O)N[C@H](C3Cc4ccccc4C3)C2=O)C(=O)NC(C)C,7.4
67,CHEMBL514287,COc1ccc(cc1)S(=O)(=O)N(Cc2noc(n2)c3ccccc3)c4ccc(OC)nc4,7.4
68,CHEMBL197822,COc1ccc(cc1)[C@H](N2[C@H](CC(C)C)C(=O)N[C@H](C3Cc4ccccc4C3)C2=O)C(=O)NC(C)(C)C,7.4
69,CHEMBL515384,COc1ccc(cn1)N(Cc2nc(cs2)c3ccccc3)S(=O)(=O)c4ccccn4,7.4
70,CHEMBL25942,NC(=O)[C@H](Cc1ccc(Cl)c(Cl)c1)NC(=O)CN2C(=O)C(NC(=O)CN3CCOCC3)N=C(c4ccccc4)c5ccccc25,7.4
71,CHEMBL405165,CC[C@H](C)[C@@H]1NC(=O)[C@H](Cc2c[nH]c3ccccc23)NC(=O)CCSSC[C@H](NC(=O)[C@H](CC(=O)N)NC(=O)[C@@H](CCC(=O)N)NC1=O)C(=O)N(C)CC(=O)N[C@@H](CCCN=C(N)N)C(=O)NCC(=O)N,7.43
72,CHEMBL3814120,CC[C@H](C)[C@@H]1NC(=O)[C@H](Cc2ccc(O)cc2)NC(=O)[C@@H](N)CSSC[C@H](N(C)C(=O)[C@H](CC(=O)N)NC(=O)[C@H](CCC(=O)N)NC1=O)C(=O)N3CCC[C@H]3C(=O)N[C@@H](CC(C)C)C(=O)N(C)CC(=O)N,7.47
73,CHEMBL360648,CN1CCCN(CC1)C(=S)[C@@H]2CCCN2C(=O)NCc3ccc(cc3C)C(=O)N4Cc5cnn(C)c5Nc6ccccc46,7.48
74,CHEMBL26877,COc1ccc(CC(=O)N2CCC(CC2)N3C(=O)OCc4ccccc34)c(OC)c1,7.48
75,CHEMBL277425,CC(=O)CCCC(=O)NC1N=C(C2CCCCC2)c3ccccc3N(CC(=O)N[C@@H](Cc4ccc(Cl)c(Cl)c4)C(=O)N)C1=O,7.5
76,CHEMBL197298,CC(C)C[C@H]1N([C@@H](C(=O)NC(C)C)c2ccc(cc2)C(=O)N)C(=O)[C@H](NC1=O)C3Cc4ccccc4C3,7.5
77,CHEMBL2035012,CC(C)C[C@H]1N([C@@H](C(=O)NC(C)C)c2ccccc2C(F)(F)F)C(=O)[C@H](NC1=O)C3Cc4ccccc4C3,7.5
78,CHEMBL3814617,CC[C@H](C)[C@@H]1NC(=O)[C@H](Cc2ccc(O)cc2)NC(=O)[C@@H](N)CSSC[C@H](NC(=O)[C@H](CC(=O)N)N(C)C(=O)[C@H](CCC(=O)N)NC1=O)C(=O)N3CCC[C@H]3C(=O)N[C@@H](CC(C)C)C(=O)NCC(=O)N,7.5
79,CHEMBL2369425,CC[C@H](C)[C@@H]1NC(=O)[C@H](Cc2ccc(O)cc2)NC(=O)[C@H](N)CCSC[C@H](NC(=O)[C@H](CC(=O)N)NC(=O)[C@H](CCC(=O)N)NC1=O)C(=O)N3CCC[C@H]3C(=O)N[C@@H](CC(C)C)C(=O)NCC(=O)O,7.5
80,CHEMBL2035013,COc1ccccc1[C@@H](N2[C@H](CC(C)C)C(=O)N[C@H](C3Cc4ccccc4C3)C2=O)C(=O)NC(C)C,7.5
81,CHEMBL2113179,OCCCc1ccc(cc1)S(=O)(=O)N(CC(=O)N\N=C\2/C(=O)Nc3ccccc23)c4ccc(Cl)cc4,7.5
82,CHEMBL1254117,CCOc1ccc(cc1)S(=O)(=O)N(CC(=O)N\N=C\2/C(=O)Nc3ccccc23)c4ccc(C)cc4,7.52
83,CHEMBL119793,Cc1ccccc1C(=O)Nc2ccc(cc2)C(=O)N3CCCCc4ccccc34,7.52
84,CHEMBL1765665,[Li+].[Li+].CC(C)C[C@@H]1NC(=O)[C@H](Cc2ccccc2)NC(=O)[C@H](Cc3ccc(O)cc3)NC(=O)CCSSC[C@H](NC(=O)[C@H](CC(=O)N)NC1=O)C(=O)N4CCC[C@H]4C(=O)N[C@@H](CCCCNC(=O)c5ccc(C6=C7C=CC(=N)C(=C7Oc8c6ccc(N)c8S(=O)(=O)[O-])S(=O)(=O)O)c(c5)C(=O)[O-])C(=O)NCC(=O)O,7.52
85,CHEMBL1765663,CC(C)C[C@@H]1NC(=O)[C@H](Cc2ccccc2)NC(=O)[C@H](Cc3ccc(O)cc3)NC(=O)CCSSC[C@H](NC(=O)[C@H](CC(=O)N)NC1=O)C(=O)N4CCC[C@H]4C(=O)N[C@@H](CCCCN)C(=O)NCC(=O)O,7.54
86,CHEMBL304577,COc1cc(OC2CCN(Cc3ccccc3)CC2)ccc1C(=O)N4CCC(CC4)N5C(=O)OCc6ccccc56,7.54
87,CHEMBL1779408,COc1ccc(c(OC)c1)S(=O)(=O)N2C(=O)[C@](N3CCC[C@H]3C(=O)N(C)C)(c4cc(CN5CCCC5)ccc4OC)c6cc(Cl)ccc26,7.54
88,CHEMBL492029,CCOCc1nnc(c2ccc(OCC)c(C)c2)n1c3ccc(OC)nc3,7.55
89,CHEMBL1254024,CO\N=C/1\C[C@H](N(C1)C(=O)c2ccc(cc2)c3ccccc3C)C(=O)NC[C@@H](O)c4ccccc4,7.55
90,CHEMBL2017979,COc1cc(OC2CCN(CC2)S(=O)(=O)C)ccc1CC(=O)N3CCC(CC3)N4C(=O)CCc5ccccc45,7.55
91,CHEMBL1779406,COc1ccc(cc1)S(=O)(=O)N2C(=O)[C@](N3CCC[C@H]3C(=O)N(C)C)(c4ccc(CN5CCCC5)cc4OC)c6cc(Cl)ccc26,7.55
92,CHEMBL1630525,CC[C@H](C)[C@@H]1NC(=O)[C@H](Cc2ccc(O)cc2)NC(=O)[C@@H](N)C[Te][Te]C[C@H](NC(=O)[C@H](CC(=O)N)NC(=O)[C@H](CCC(=O)N)NC1=O)C(=O)N3CCC[C@H]3C(=O)N[C@@H](CC(C)C)NCC(=O)N,7.56
93,CHEMBL3416757,Cc1ccn(Cc2ccc(cc2C)C(=O)N3Cc4cnn(C)c4Nc5ccccc35)n1,7.56
94,CHEMBL605373,Cc1ccn(n1)c2ccc(cc2C)C(=O)N3Cc4cnn(C)c4Nc5ccccc35,7.56
95,CHEMBL415230,CCOc1ccc(C[C@@H]2NC(=O)CC3(CCCCC3)SSC[C@@H](NC(=O)[C@H](CC(=O)N)NC(=O)[C@H](CCC(=O)N)NC(=O)[C@@H](NC2=O)[C@@H](C)CC)C(=O)N(C)CC(=O)N[C@@H](CCCN=C(N)N)C(=O)NCC(=O)N)cc1,7.57
96,CHEMBL2369839,NC(=O)CNC(=O)[C@H](CCCN=C(N)N)NC(=O)[C@@H]1CCCN1C(=O)[C@@H]2CSSCCC(=O)N[C@@H](Cc3ccc(O)cc3)C(=O)N[C@@H](Cc4ccccc4)C(=O)N[C@@H](CC(=O)N)C(=O)N[C@@H](CC(=O)N)C(=O)N2,7.59
97,CHEMBL281403,CC(=O)CCCC(=O)NC1N=C(c2ccccc2)c3ccccc3N(CC(=O)NCCc4ccc(Cl)c(Cl)c4)C1=O,7.6
98,CHEMBL32187,CC(=O)N1CCC[C@@H]1c2oc3ccc(cc3c2)C(=O)N4CCC(CC4)N5C(=O)OCc6ccccc56,7.6
99,CHEMBL24806,CC(=O)NC1N=C(c2ccccc2)c3ccccc3N(CC(=O)N[C@@H](Cc4ccc(Cl)c(Cl)c4)C(=O)N)C1=O,7.6
100,CHEMBL382065,CC(C)C[C@H]1N([C@@H](C(=O)NC(C)(C)C)c2ccc(cc2)N3CCN(C)CC3)C(=O)[C@H](NC1=O)C4Cc5ccccc5C4,7.6
101,CHEMBL371291,CC(C)C[C@H]1N([C@H](C(=O)NC(C)C)c2ccc(cc2)N(C)C)C(=O)[C@H](NC1=O)C3Cc4ccccc4C3,7.6
102,CHEMBL31802,CC1OC(=O)N(CC(=O)NCc2oc3ccc(cc3c2)C(=O)N4CCC(CC4)N5C(=O)OCc6ccccc56)C1=O,7.6
103,CHEMBL434193,CCOc1ccc(C[C@@H]2NC(=O)CCSSC[C@H](NC(=O)[C@H](CC(=O)N)NC(=O)[C@H](CCC(=O)N)NC(=O)[C@@H](NC2=O)[C@@H](C)CC)C(=O)N3Cc4ccccc4C[C@@H]3C(=O)N[C@@H](CC(C)C)C(=O)N5Cc6ccccc6C[C@@H]5C(=O)N)cc1,7.6
104,CHEMBL31213,CN(Cc1oc2ccc(cc2c1)C(=O)N3CCC(CC3)N4C(=O)OCc5ccccc45)C(=O)CN6C(=O)CNC6=O,7.6
105,CHEMBL582857,COc1ccc(c(OC)c1)S(=O)(=O)N2C(=O)[C@](N3C[C@H](O)C[C@H]3C(=O)N(C)C)(c4ccccc4OC)c5cc(Cl)ccc25,7.6
106,CHEMBL287629,FC(F)(F)C1=CN(CC(=O)NCc2oc3ccc(cc3c2)C(=O)N4CCC(CC4)N5C(=O)CCc6ccccc56)C(=O)C=C1,7.6
107,CHEMBL281988,FC(F)(F)C1=CN([C@@H]2CCCN(Cc3oc4ccc(cc4c3)C(=O)N5CCC(CC5)N6C(=O)OCc7ccccc67)C2)C(=O)C=C1,7.6
108,CHEMBL417133,O=C(CN1CCCC1=O)NCc2oc3ccc(cc3c2)C(=O)N4CCC(CC4)N5C(=O)OCc6ccccc56,7.6
109,CHEMBL31163,O=C(Cc1cccnc1)NCc2oc3ccc(cc3c2)C(=O)N4CCC(CC4)N5C(=O)OCc6ccccc56,7.6
110,CHEMBL358793,CC(=O)N1CCC(CC1)Oc2ccc(cc2)C(=O)N3CCC(CC3)N4C(=O)OCc5ccccc45,7.62
111,CHEMBL3814165,CC[C@H](C)[C@@H]1NC(=O)[C@H](Cc2ccc(O)cc2)N(C)C(=O)[C@@H](N)CSSC[C@H](NC(=O)[C@H](CC(=O)N)NC(=O)[C@H](CCC(=O)N)NC1=O)C(=O)N3CCC[C@H]3C(=O)N[C@@H](CC(C)C)C(=O)NCC(=O)N,7.62
112,CHEMBL66567,COc1cc(OC2CCN(Cc3ccccn3)CC2)ccc1C(=O)N4CCC(CC4)N5C(=O)OCc6ccccc56,7.64
113,CHEMBL1765667,CC(C)C[C@@H]1NC(=O)[C@H](Cc2ccccc2)NC(=O)[C@H](Cc3ccc(O)cc3)NC(=O)CCSSC[C@H](NC(=O)[C@H](CC(=O)N)NC1=O)C(=O)N4CCC[C@H]4C(=O)N[C@@H](CCCCNC(=O)CCCCCCN)C(=O)NCC(=O)O,7.66
114,CHEMBL1765664,CC(C)C[C@@H]1NC(=O)[C@H](Cc2ccccc2)NC(=O)[C@H](Cc3ccc(O)cc3)NC(=O)CCSSC[C@H](NC(=O)[C@H](CC(=O)N)NC1=O)C(=O)N4CCC[C@H]4C(=O)N[C@@H](CCCCNC(=O)c5ccccc5N)C(=O)NCC(=O)O,7.68
115,CHEMBL438387,CCOc1ccc(C[C@@H]2NC(=O)CC3(CCCCC3)SSC[C@H](NC(=O)[C@H](CC(=O)N)NC(=O)[C@H](CCC(=O)N)NC(=O)[C@H](Cc4ccccc4)NC2=O)C(=O)N(C)CC(=O)N[C@@H](CCCN=C(N)N)C(=O)NCC(=O)N)cc1,7.68
116,CHEMBL278802,CC(=O)CCCC(=O)NC1N=C(c2ccccc2)c3ccccc3N(CC(=O)NCCc4cccc(Cl)c4)C1=O,7.7
117,CHEMBL1779410,COc1ccc(cc1)S(=O)(=O)N2C(=O)[C@](N3CCC[C@H]3C(=O)N(C)C)(c4cc(CN5CCN(C)CC5)ccc4OC)c6cc(Cl)ccc26,7.7
118,CHEMBL284410,CS(=O)(=O)N1CCC[C@@H]1Cn2ccc3cc(ccc23)C(=O)N4CCC(CC4)N5C(=O)OCc6ccccc56,7.7
119,CHEMBL3354573,CC[C@H](C)[C@@H]1NC(=O)[C@H](Cc2ccc(O)cc2)NC(=O)CCSSC[C@H](NC(=O)[C@H](CC(=O)N)NC(=O)[C@H](CCC(=O)N)NC1=O)C(=O)N(CCC3CCCN3)CC(=O)N[C@@H](CC(C)C)C(=O)NCC(=O)N,7.72
120,CHEMBL3342789,Clc1ccc(cc1)S(=O)(=O)Nc2ccnn2c3ccccn3,7.72
121,CHEMBL3342793,Fc1cc(Cl)ccc1S(=O)(=O)Nc2ccnn2c3ccccn3,7.72
122,CHEMBL2113210,CCCCOc1ccc(cc1)S(=O)(=O)N(CC(=O)N\N=C\2/C(=O)Nc3ccccc23)c4ccc(Cl)cc4,7.75
123,CHEMBL1630524,CC[C@H](C)[C@@H]1NC(=O)[C@H](Cc2ccc(O)cc2)NC(=O)[C@@H](N)C[Se][Se]C[C@H](NC(=O)[C@H](CC(=O)N)NC(=O)[C@H](CCC(=O)N)NC1=O)C(=O)N3CCC[C@H]3C(=O)N[C@@H](CC(C)C)NCC(=O)N,7.75
124,CHEMBL330022,CC[C@H](C)[C@@H]1NC(=O)[C@H](Cc2ccc(OC)cc2)NC(=O)CCSSC[C@@H](NC(=O)[C@H](CC(=O)N)NC(=O)[C@H](CCC(=O)N)NC1=O)C(=O)N3CCC[C@H]3C(=O)N(C)CC(=O)NCC(=O)N,7.75
125,CHEMBL2370342,CC[C@H](C)[C@H](NC(=O)[C@H](Cc1ccc(O)cc1)NC(=O)CC2(CCCCC2)SCCC(=O)N)C(=O)N[C@@H]([C@@H](C)O)C(=O)N[C@@H](CC(=O)N)C(=O)N[C@@H](CS)C(=O)NCC(=O)N[C@@H](CCCN)C(=O)N[C@@H](Cc3ccc(N=[N+]=[N-])c(I)c3)C(=O)N,7.75
126,CHEMBL105039,COc1cc(OC(C)C)ccc1C(=O)N2CCC(CC2)N3C(=O)OCc4ccccc34,7.77
127,CHEMBL1779409,COc1ccc(cc1)S(=O)(=O)N2C(=O)[C@](N3CCC[C@H]3C(=O)N(C)C)(c4cc(CN5CCCC5)ccc4OC)c6cc(Cl)ccc26,7.77
128,CHEMBL601931,Cc1ccn(n1)c2ccc(C(=O)N3Cc4cnn(C)c4Nc5ccccc35)c(Cl)c2,7.77
129,CHEMBL3342794,Cc1ccnc(c1)n2nccc2NS(=O)(=O)c3ccc(cc3)C(F)(F)F,7.77
130,CHEMBL285312,CC(=O)CCCC(=O)NC1N=C(c2ccccc2)c3ccccc3N(CC(=O)NCCc4ccc5ccccc5c4)C1=O,7.8
131,CHEMBL24786,CC(=O)CCCC(=O)NC1N=C(c2ccccc2)c3ccccc3N(CC(=O)NCCc4cccc5ccccc45)C1=O,7.8
132,CHEMBL284419,CC(=O)NCC(=O)NCc1oc2ccc(cc2c1)C(=O)N3CCC(CC3)N4C(=O)OCc5ccccc45,7.8
133,CHEMBL284688,CC1(C)NC(=O)N(CC(=O)NCc2oc3ccc(cc3c2)C(=O)N4CCC(CC4)N5C(=O)OCc6ccccc56)C1=O,7.8
134,CHEMBL2035011,CCc1ccccc1[C@@H](N2[C@H](CC(C)C)C(=O)N[C@H](C3Cc4ccccc4C3)C2=O)C(=O)NC(C)C,7.8
135,CHEMBL66749,COc1cc(OC2CCN(CC2)C(C)c3cccnc3)ccc1C(=O)N4CCC(CC4)N5C(=O)OCc6ccccc56,7.8
136,CHEMBL2017869,CS(=O)(=O)N1CCC(CC1)Oc2ccc(CC(=O)N3CCC(CC3)N4C(=O)CCc5ccccc45)c(OCCF)c2,7.8
137,CHEMBL104530,CCOc1ccc(C(=O)N2CCC(CC2)N3C(=O)OCc4ccccc34)c(OC)c1,7.82
138,CHEMBL411420,CCOc1ccc(C[C@@H]2NC(=O)CCSSC[C@@H](NC(=O)[C@H](CC(=O)N)NC(=O)[C@H](CCC(=O)N)NC(=O)[C@@H](NC2=O)[C@@H](C)CC)C(=O)N(C)CC(=O)N[C@@H](CCCN=C(N)N)C(=O)NCC(=O)N)cc1,7.82
139,CHEMBL372122,CCOc1ccc(cc1)S(=O)(=O)N(CC(=O)N\N=C\c2ccccc2O)c3ccc(Cl)cc3,7.82
140,CHEMBL2113189,CN(C)CCCOc1ccc(cc1)S(=O)(=O)N(CC(=O)N\N=C\2/C(=O)NC(=O)c3ccccc23)c4ccc(Cl)cc4,7.82
141,CHEMBL2424668,Cl.FCCOc1cc(OC2CCNCC2)ccc1CC(=O)N3CCC(CC3)N4C(=O)CCc5ccccc45,7.82
142,CHEMBL3814126,CC[C@H](C)[C@@H]1N(C)C(=O)[C@H](Cc2ccc(O)cc2)NC(=O)[C@@H](N)CSSC[C@H](NC(=O)[C@H](CC(=O)N)NC(=O)[C@H](CCC(=O)N)NC1=O)C(=O)N3CCC[C@H]3C(=O)N[C@@H](CC(C)C)C(=O)NCC(=O)N,7.83
143,CHEMBL445816,CN(C)CCCNC(=O)CCc1ccc(cc1)S(=O)(=O)N(CC(=O)N\N=C\2/C(=O)Nc3ccccc23)c4ccc(Cl)cc4,7.85
144,CHEMBL2113201,CN(C)CCCOc1ccc(cc1)S(=O)(=O)N(CC(=O)N\N=C\2/C(=O)Nc3ccccc23)c4ccc(Cl)cc4,7.85
145,CHEMBL68373,COc1cc(OC2CCN(Cc3ccc(C)[n+]([O-])c3)CC2)ccc1C(=O)N4CCC(CC4)N5C(=O)OCc6ccccc56,7.85
146,CHEMBL68752,COc1cc(OC2CCN(Cc3cc(C)c[n+]([O-])c3)CC2)ccc1C(=O)N4CCC(CC4)N5C(=O)OCc6ccccc56,7.89
147,CHEMBL1253853,Cc1ccccc1N2CCN(CC2)S(=O)(=O)C[C@]34CC[C@H](C[C@@H]3NC(=O)[C@@H](N)CCS(=O)(=O)C)C4(C)C,7.89
148,CHEMBL1765666,CC(C)C[C@@H]1NC(=O)[C@H](Cc2ccccc2)NC(=O)[C@H](Cc3ccc(O)cc3)NC(=O)CCSSC[C@H](NC(=O)[C@H](CC(=O)N)NC1=O)C(=O)N4CCC[C@H]4C(=O)N[C@@H](CCCCNC(=O)CCN)C(=O)NCC(=O)O,7.9
149,CHEMBL271456,CC(C)C[C@H]1N([C@@H](C(=O)NC(C)(C)C)c2cocc2)C(=O)[C@H](NC1=O)C3Cc4ccccc4C3,7.9
150,CHEMBL209917,CC(C)C[C@H]1N([C@@H](CO)c2ccc(F)cc2F)C(=O)[C@H](NC1=O)C3Cc4ccccc4C3,7.9
151,CHEMBL458634,COc1ccc(cc1)S(=O)(=O)N(Cc2ccc(cn2)c3ccccc3Cl)c4ccc(OC)nc4,7.9
152,CHEMBL458872,COc1ccc(cn1)N(Cc2ccc(cn2)c3ccccc3C)S(=O)(=O)c4cccc(c4)S(=O)(=O)C,7.9
153,CHEMBL458654,COc1ccc(cn1)N(Cc2ccc(cn2)c3ccccc3C)S(=O)(=O)c4cccs4,7.9
154,CHEMBL456263,COc1ccc(cn1)N(Cc2ccc(cn2)c3ccccc3C)S(=O)(=O)c4cn(C)c(C)n4,7.9
155,CHEMBL515975,COc1ccc(cn1)N(Cc2ccc(cn2)c3ccccc3C)S(=O)(=O)c4cn(C)cn4,7.9
156,CHEMBL514123,COc1ccc(cn1)N(Cc2ccc(cn2)c3ccccc3C)S(=O)(=O)c4sc(C)nc4C,7.9
157,CHEMBL69539,COc1cc(OC2CCN(Cc3ccc[n+]([O-])c3)CC2)ccc1C(=O)N4CCC(CC4)N5C(=O)OCc6ccccc56,7.96
158,CHEMBL69520,COc1cc(OC2CCN(Cc3cccnc3C)CC2)ccc1C(=O)N4CCC(CC4)N5C(=O)OCc6ccccc56,7.96
159,CHEMBL3813722,CC[C@H](C)[C@@H]1NC(=O)[C@H](Cc2ccc(O)cc2)NC(=O)[C@@H](N)CSSC[C@H](NC(=O)[C@H](CC(=O)N)NC(=O)[C@H](CCC(=O)N)NC1=O)C(=O)N3CCC[C@H]3C(=O)N(C)[C@@H](CC(C)C)C(=O)N(C)CC(=O)N,7.97
160,CHEMBL194584,CC(C)C[C@H]1N([C@@H](C(=O)NC(C)C)c2ccc(cc2)S(=O)(=O)C)C(=O)[C@H](NC1=O)C3Cc4ccccc4C3,8.0
161,CHEMBL2113209,CCCOc1ccc(cc1)S(=O)(=O)N(CC(=O)N\N=C\2/C(=O)Nc3ccccc23)c4ccc(Cl)cc4,8.0
162,CHEMBL3354574,CC[C@H](C)[C@@H]1NC(=O)[C@H](Cc2ccc(O)cc2)NC(=O)CCSSC[C@H](NC(=O)[C@H](CC(=O)N)NC(=O)[C@H](CCC(=O)N)NC1=O)C(=O)N(CCN3CCOCC3)CC(=O)N[C@@H](CC(C)C)C(=O)NCC(=O)N,8.0
163,CHEMBL24781,COc1cc(OC2CCN(CC2)C(=O)C)ccc1C(=O)N3CCC(CC3)N4C(=O)OCc5ccccc45,8.0
164,CHEMBL68914,COc1cc(OC2CCN(Cc3cccnc3)CC2)ccc1C(=O)N4CCC(CC4)N5C(=O)OCc6ccccc56,8.0
165,CHEMBL515660,COc1ccc(cc1)S(=O)(=O)N(Cc2ccc(cn2)c3ccccc3C#N)c4ccc(OC)nc4,8.0
166,CHEMBL457998,COc1ccc(cn1)N(Cc2ccc(cn2)c3ccccc3C)S(=O)(=O)c4ccccc4,8.0
167,CHEMBL2017867,CS(=O)(=O)N1CCC(CC1)Oc2ccc(CC(=O)N3CCC(CC3)N4C(=O)CCc5ccccc45)c(OC\C=C\I)c2,8.0
168,CHEMBL32745,Cc1cc(cc2ccn(C[C@H]3CCCN3S(=O)(=O)C)c12)C(=O)N4CCC(CC4)N5C(=O)OCc6ccccc56,8.0
169,CHEMBL281081,FC(F)(F)C1=CN(CC(=O)NCc2nc3ccc(cc3s2)C(=O)N4CCC(CC4)N5C(=O)OCc6ccccc56)C(=O)C=C1,8.0
170,CHEMBL283676,FC(F)(F)C1=CN(C[C@@H]2CCCCN2Cc3oc4ccc(cc4c3)C(=O)N5CCC(CC5)N6C(=O)OCc7ccccc67)C(=O)C=C1,8.0
171,CHEMBL445875,FC(F)(F)C1=CN(Cc2cccc(n2)c3oc4ccc(cc4c3)C(=O)N5CCC(CC5)N6C(=O)OCc7ccccc67)C(=O)C=C1,8.0
172,CHEMBL279230,COc1cc(OC2CCN(CC2)C(=O)C)ccc1CC(=O)N3CCC(CC3)N4C(=O)OCc5ccccc45,8.01
173,CHEMBL594828,COCc1nnc(N2CC(C2)Oc3ccc(F)cc3Cl)n1c4ccc(OC)nc4,8.02
174,CHEMBL284120,CC(=O)CCCC(=O)NC1N=C(c2ccccc2)c3ccccc3N(CC(=O)N[C@@H](Cc4ccc(Cl)c(Cl)c4)C(=O)N)C1=O,8.1
175,CHEMBL2035010,CC(C)C[C@H]1N([C@@H](C(=O)NC(C)C)c2ccccc2C)C(=O)[C@H](NC1=O)C3Cc4ccccc4C3,8.1
176,CHEMBL3813982,CC[C@H](C)[C@@H]1NC(=O)[C@H](Cc2ccc(O)cc2)N(C)C(=O)CCSSC[C@H](N(C)C(=O)[C@H](CC(=O)N)NC(=O)[C@H](CCC(=O)N)NC1=O)C(=O)N3CCC[C@H]3C(=O)N[C@@H](CC(C)C)C(=O)NCC(=O)N,8.1
177,CHEMBL414582,CC[C@H](C)[C@@H]1NC(=O)[C@H](Cc2ccccc2)NC(=O)CC3(CCCCC3)SSC[C@@H](NC(=O)[C@H](CC(=O)N)NC(=O)[C@H](CCC(=O)N)NC1=O)C(=O)N(C)CC(=O)N[C@@H](CCCN=C(N)N)C(=O)NCC(=O)N,8.1
178,CHEMBL87636,CC[C@H](C)[C@@H]1NC(=O)[C@H](Cc2ccccc2)NC(=O)CCSSC[C@@H](NC(=O)[C@H](CC(=O)N)NC(=O)[C@H](CCC(=O)N)NC1=O)C(=O)N(C)CC(=O)N[C@@H](CCCN=C(N)N)C(=O)NCC(=O)N,8.1
179,CHEMBL157988,CC[C@H](C)[C@@H]1NC(=O)[C@H](Cc2ccccc2)NC(=O)CCSSC[C@H](NC(=O)[C@H](CC(=O)N)NC(=O)[C@@H](CCC(=O)N)NC1=O)C(=O)N(C)CC(=O)N[C@@H](CCCN=C(N)N)C(=O)NCC(=O)O,8.1
180,CHEMBL2113211,COCCOc1ccc(cc1)S(=O)(=O)N(CC(=O)N\N=C\2/C(=O)Nc3ccccc23)c4ccc(Cl)cc4,8.1
181,CHEMBL102994,COc1cc(OC(C)c2ccccc2)ccc1C(=O)N3CCC(CC3)N4C(=O)OCc5ccccc45,8.1
182,CHEMBL458635,COc1ccc(cc1)S(=O)(=O)N(Cc2ccc(cn2)c3ccccc3C)c4ccc(OC)nc4,8.1
183,CHEMBL3342790,FC(F)(F)c1ccc(cc1)S(=O)(=O)Nc2ccnn2c3ccccn3,8.1
184,CHEMBL287101,Fc1cc2oc(CNC(=O)CN3C=C(C=CC3=O)C(F)(F)F)cc2cc1C(=O)N4CCC(CC4)N5C(=O)OCc6ccccc56,8.1
185,CHEMBL30910,Fc1cccc2COC(=O)N(C3CCN(CC3)C(=O)c4ccc5oc(CNC(=O)CN6C=C(C=CC6=O)C(F)(F)F)cc5c4)c12,8.1
186,CHEMBL68978,COc1cc(OC2CCN(Cc3ccncc3)CC2)ccc1C(=O)N4CCC(CC4)N5C(=O)OCc6ccccc56,8.11
187,CHEMBL105514,COc1cc(O[C@H](C)c2cc[n+]([O-])cc2)c(F)cc1C(=O)N3CCC(CC3)N4C(=O)OCc5ccccc45,8.13
188,CHEMBL3813729,CC[C@H](C)[C@@H]1NC(=O)[C@H](Cc2ccc(O)cc2)N(C)C(=O)[C@@H](N)CSSC[C@H](N(C)C(=O)[C@H](CC(=O)N)NC(=O)[C@H](CCC(=O)N)NC1=O)C(=O)N3CCC[C@H]3C(=O)N[C@@H](CC(C)C)C(=O)NCC(=O)N,8.16
189,CHEMBL265017,CN(CC(=O)N[C@@H](CCCN=C(N)N)C(=O)NCC(=O)N)C(=O)[C@@H]1CSSC2(CCCCC2)CC(=O)N[C@@H](Cc3ccccc3)C(=O)N[C@@H](Cc4ccccc4)C(=O)N[C@@H](CCC(=O)N)C(=O)N[C@@H](CC(=O)N)C(=O)N1,8.16
190,CHEMBL2113208,COCCOCCOc1ccc(cc1)S(=O)(=O)N(CC(=O)N\N=C\2/C(=O)Nc3ccccc23)c4ccc(Cl)cc4,8.16
191,CHEMBL69201,COc1cc(OC2CCN(CC2)C3CCCc4c3ccc[n+]4[O-])ccc1C(=O)N5CCC(CC5)N6C(=O)OCc7ccccc67,8.16
192,CHEMBL1779407,COc1ccc(cc1)S(=O)(=O)N2C(=O)[C@](N3CCC[C@H]3C(=O)N(C)C)(c4ccc(CN5CCN(C)CC5)cc4OC)c6cc(Cl)ccc26,8.16
193,CHEMBL2113185,Clc1ccc(cc1)N(CC(=O)N\N=C\2/C(=O)Nc3ccccc23)S(=O)(=O)c4ccc(OCCN5CCOCC5)cc4,8.16
194,CHEMBL69265,COc1cc(OC2CCN(Cc3c[n+]([O-])ccc3C(F)(F)F)CC2)ccc1C(=O)N4CCC(CC4)N5C(=O)OCc6ccccc56,8.17
195,CHEMBL193773,CC(C)C[C@H]1N([C@@H](C(=O)NC(C)(C)C)c2cccc(NC(=O)C)c2)C(=O)[C@H](NC1=O)C3Cc4ccccc4C3,8.2
196,CHEMBL270013,CC(C)C[C@H]1N([C@@H](C(=O)NC(C)C)c2cccs2)C(=O)[C@H](NC1=O)C3Cc4ccccc4C3,8.2
197,CHEMBL271266,CC(C)C[C@H]1N([C@@H](C(=O)NC(C)C)c2occc2)C(=O)[C@H](NC1=O)C3Cc4ccccc4C3,8.2
198,CHEMBL401858,CC[C@@H](C)[C@H]1N([C@@H](C(=O)N2CCOCC2)c3coc(C)n3)C(=O)[C@H](NC1=O)C4Cc5ccccc5C4,8.2
199,CHEMBL457544,COc1ccc(cc1)S(=O)(=O)N(Cc2ccc(cn2)c3ccccc3F)c4ccc(OC)nc4,8.2
200,CHEMBL514586,COc1ccc(cn1)N(Cc2ccc(cn2)c3ccccc3C)S(=O)(=O)c4ccc(cc4)S(=O)(=O)C,8.2
201,CHEMBL282494,Fc1ccc2COC(=O)N(C3CCN(CC3)C(=O)c4ccc5oc(CNC(=O)CN6C=C(C=CC6=O)C(F)(F)F)cc5c4)c2c1,8.2
202,CHEMBL283039,Fc1ccc2N(C3CCN(CC3)C(=O)c4ccc5oc(CNC(=O)CN6C=C(C=CC6=O)C(F)(F)F)cc5c4)C(=O)OCc2c1,8.2
203,CHEMBL31476,O=C(CN1C(=O)CNC1=O)NCc2oc3ccc(cc3c2)C(=O)N4CCC(CC4)N5C(=O)OCc6ccccc56,8.2
204,CHEMBL287325,O=C(CN1C=CC=CC1=O)NCc2oc3ccc(cc3c2)C(=O)N4CCC(CC4)N5C(=O)OCc6ccccc56,8.2
205,CHEMBL281044,O=C(CN1C=Cc2ccccc2C1=O)NCc3oc4ccc(cc4c3)C(=O)N5CCC(CC5)N6C(=O)OCc7ccccc67,8.2
206,CHEMBL1790713,CC[C@@H](C)[C@H]1NC(=O)[C@](C)(NC(=O)CC2(CCCCC2)SSC[C@@H](NC(=O)[C@@H](CC(=O)N)NC(=O)[C@H](NC1=O)[C@@H](C)O)C(=O)N3CCC[C@@H]3C(=O)N[C@@H](CCCNC(=O)c4ccc5C(=O)OC6(c7ccc(O)cc7Oc8cc(O)ccc68)c5c4)C(=O)N[C@H](C(=O)N)c9ccc(O)cc9)c%10ccc(O)cc%10,8.21
207,CHEMBL274397,CC[C@H](C)[C@@H]1NC(=O)[C@@H](Cc2c[nH]c3ccccc23)NC(=O)CCSSC[C@@H](NC(=O)[C@H](CC(=O)N)NC(=O)[C@H](CCC(=O)N)NC1=O)C(=O)NCC(=O)N[C@@H](CCCN=C(N)N)C(=O)NCC(=O)N,8.22
208,CHEMBL264208,CC[C@H](C)[C@H](NC(=O)[C@@H](Cc1c[nH]c2ccccc12)NC(=O)C3=CC(=O)Oc4cc(OC)ccc34)C(=O)N[C@@H](CCC(=O)N)C(=O)N[C@@H](CC(=O)N)C(=O)N[C@@H](CS)C(=O)N(C)CC(=O)N[C@@H](CCCN=C(N)N)C(=O)NCC(=O)O,8.22
209,CHEMBL467378,COc1ccc(cn1)n2c(C)nnc2c3cnc(cn3)c4ccc(F)cc4C,8.22
210,CHEMBL2017868,CS(=O)(=O)N1CCC(CC1)Oc2ccc(CC(=O)N3CCC(CC3)N4C(=O)CCc5ccccc45)c(OC\C=C/I)c2,8.24
211,CHEMBL65950,COc1cc(OC2CCN(CC2)C(=O)c3ccc[n+]([O-])c3C)ccc1C(=O)N4CCC(CC4)N5C(=O)OCc6ccccc56,8.25
212,CHEMBL3814395,CC[C@H](C)[C@@H]1NC(=O)[C@H](Cc2ccc(O)cc2)NC(=O)[C@H](CSSC[C@H](NC(=O)[C@H](CC(=O)N)NC(=O)[C@H](CCC(=O)N)NC1=O)C(=O)N3CCC[C@H]3C(=O)N[C@@H](CC(C)C)C(=O)NCC(=O)N)NC,8.26
213,CHEMBL105406,COc1cc(OC(C)c2cccnc2)ccc1C(=O)N3CCC(CC3)N4C(=O)OCc5ccccc45,8.27
214,CHEMBL2391300,CN[C@@H](CCS(=O)(=O)C)C(=O)N[C@H]1C[C@H]2CC[C@]1(CS(=O)(=O)N3CCN(CC3)c4ccccc4C)C2(C)C,8.28
215,CHEMBL65949,COc1cc(OC2CCN(Cc3ccc(C)[n+]([O-])c3C)CC2)ccc1C(=O)N4CCC(CC4)N5C(=O)OCc6ccccc56,8.28
216,CHEMBL68199,COc1cc(OC2CCN(Cc3c[n+]([O-])c(C)cc3C)CC2)ccc1C(=O)N4CCC(CC4)N5C(=O)OCc6ccccc56,8.29
217,CHEMBL196780,CC(C)C[C@H]1N([C@@H](C(=O)NC(C)(C)C)c2ccc(OC(F)(F)F)cc2)C(=O)[C@H](NC1=O)C3Cc4ccccc4C3,8.3
218,CHEMBL194374,CC(C)C[C@H]1N([C@@H](C(=O)NC(C)(C)C)c2ccccc2)C(=O)[C@H](NC1=O)C3Cc4ccccc4C3,8.3
219,CHEMBL198329,CC(C)C[C@H]1N([C@@H](C(=O)NC(C)C)c2ccc(cc2)C(F)(F)F)C(=O)[C@H](NC1=O)C3Cc4ccccc4C3,8.3
220,CHEMBL2037494,CN(C)C(=O)[C@H](N1[C@H](CC2CC2)C(=O)N[C@H](C3Cc4ccccc4C3)C1=O)c5ccc(C)nc5,8.3
221,CHEMBL2037495,Cc1ccc(cn1)[C@@H](N2[C@H](CC3CC3)C(=O)N[C@H](C4Cc5ccccc5C4)C2=O)C(=O)N6CCOCC6,8.3
222,desmopressin,NC(=O)CC[C@@H]1NC(=O)[C@H](Cc2ccccc2)NC(=O)[C@H](Cc3ccc(O)cc3)NC(=O)CCSSC[C@H](NC(=O)[C@H](CC(=O)N)NC1=O)C(=O)N4CCC[C@H]4C(=O)N[C@@H](CCCNC(=N)N)C(=O)NCC(=O)N,8.3
223,CHEMBL306645,COc1cc(OC2CCN(Cc3ccc[n+]([O-])c3C)CC2)ccc1C(=O)N4CCC(CC4)N5C(=O)OCc6ccccc56,8.31
224,CHEMBL308460,COc1cc(OC2CCN(CC2)C3CCc4ncccc34)c(F)cc1C(=O)N5CCC(CC5)N6C(=O)OCc7ccccc67,8.32
225,CHEMBL25120,FC(F)(F)COc1ccccc1CC(=O)N2CCC(CC2)N3C(=O)OCc4ccccc34,8.35
226,CHEMBL3813883,CC[C@H](C)[C@@H]1NC(=O)[C@H](Cc2ccc(O)cc2)NC(=O)CCSSC[C@H](N(C)C(=O)[C@H](CC(=O)N)NC(=O)[C@H](CCC(=O)N)NC1=O)C(=O)N3CCC[C@H]3C(=O)N(C)[C@@H](CC(C)C)C(=O)NCC(=O)N,8.37
227,CHEMBL306010,COc1cc(OC2CCN(Cc3c(C)cc(C)[n+]([O-])c3C)CC2)ccc1C(=O)N4CCC(CC4)N5C(=O)OCc6ccccc56,8.38
228,CHEMBL429736,CC[C@H](C)[C@H]1N([C@@H](C(=O)N2CCOCC2)c3coc(C)n3)C(=O)[C@H](NC1=O)C4Cc5ccccc5C4,8.39
229,CHEMBL372978,CC(C)C[C@H]1N([C@@H](C(=O)N(C)C(C)C)c2ccccc2)C(=O)[C@H](NC1=O)C3Cc4ccccc4C3,8.4
230,CHEMBL213112,CC(C)C[C@H]1N([C@@H](C(=O)NC(C)(C)C)c2ccc(cc2)N3CCC(O)CC3)C(=O)[C@H](NC1=O)C4Cc5ccccc5C4,8.4
231,CHEMBL378939,CC(C)C[C@H]1N([C@@H](C(=O)NC(C)(C)C)c2ccc3OCCc3c2)C(=O)[C@H](NC1=O)C4Cc5ccccc5C4,8.4
232,CHEMBL211440,CC(C)C[C@H]1N([C@@H](C(=O)NC(C)(C)C)c2ccc3OCOc3c2)C(=O)[C@H](NC1=O)C4Cc5ccccc5C4,8.4
233,CHEMBL555148,CC(C)C[C@H]1N([C@@H](C(=O)NC(C)C)c2ccc(C)cc2)C(=O)[C@H](NC1=O)C3Cc4ccccc4C3,8.4
234,CHEMBL197793,CC(C)C[C@H]1N([C@@H](C(=O)NC(C)C)c2ccc(F)cc2)C(=O)[C@H](NC1=O)C3Cc4ccccc4C3,8.4
235,CHEMBL382518,CC(C)C[C@H]1N([C@@H](C(=O)NC(C)C)c2ccccc2)C(=O)[C@H](NC1=O)C3Cc4ccccc4C3,8.4
236,CHEMBL2035009,CC(C)C[C@H]1N([C@@H](C(=O)NC(C)C)c2ccccc2Cl)C(=O)[C@H](NC1=O)C3Cc4ccccc4C3,8.4
237,CHEMBL279782,CN1CCC(=O)N(CC(=O)NCc2oc3ccc(cc3c2)C(=O)N4CCC(CC4)N5C(=O)OCc6ccccc56)C1=O,8.4
238,CHEMBL515818,COc1ccc(cn1)N(Cc2ccc(cn2)c3ccccc3C)S(=O)(=O)c4ccccn4,8.4
239,CHEMBL32404,FC(F)(F)C1=CC(=O)N(CC(=O)NCc2oc3ccc(cc3c2)C(=O)N4CCC(CC4)N5C(=O)OCc6ccccc56)C=N1,8.4
240,CHEMBL2113198,CCOc1ccc(cc1)S(=O)(=O)N(CC(=O)N\N=C\2/C(=O)Nc3ccccc23)c4ccc(Cl)cc4,8.41
241,CHEMBL322187,COc1cc(O[C@H](C)c2ccncc2)ccc1C(=O)N3CCC(CC3)N4C(=O)OCc5ccccc45,8.41
242,CHEMBL3815099,CC[C@H](C)[C@@H]1NC(=O)[C@H](Cc2ccc(O)cc2)NC(=O)CCSSC[C@H](NC(=O)[C@H](CC(=O)N)NC(=O)[C@H](CCC(=O)N)NC1=O)C(=O)N3CCC[C@H]3C(=O)N(C)[C@@H](CC(C)C)C(=O)N(C)CC(=O)N,8.43
243,CHEMBL303487,COc1cc(OC2CCN(Cc3c[n+]([O-])ccc3C)CC2)ccc1C(=O)N4CCC(CC4)N5C(=O)OCc6ccccc56,8.46
244,CHEMBL68816,COc1cc(OC2CCN(CC2)C3CCc4c3ccc[n+]4[O-])c(F)cc1C(=O)N5CCC(CC5)N6C(=O)OCc7ccccc67,8.48
245,CHEMBL2037488,CC(C)C[C@H]1N([C@@H](C(=O)N(C)C)c2ccc(O)nc2)C(=O)[C@H](NC1=O)C3Cc4ccccc4C3,8.5
246,CHEMBL403477,CC(C)C[C@H]1N([C@@H](C(=O)N(C)C)c2nc(C)oc2C)C(=O)[C@H](NC1=O)C3Cc4ccccc4C3,8.5
247,CHEMBL196603,CC(C)C[C@H]1N([C@@H](C(=O)NC(C)C)c2ccc(cc2)N(C)C)C(=O)[C@H](NC1=O)C3Cc4ccccc4C3,8.5
248,CHEMBL262384,CN1CC(=O)N(CC(=O)NCc2oc3ccc(cc3c2)C(=O)N4CCC(CC4)N5C(=O)OCc6ccccc56)C1=O,8.5
249,CHEMBL31651,FC(F)(F)C1=CN(CC(=O)NCc2oc3ccc(cc3c2)C(=O)N4CCC(CC4)N5C(=O)OCc6ccc(Cl)cc56)C(=O)C=C1,8.5
250,CHEMBL284442,FC(F)(F)C1=CN(CC(=O)NCc2oc3ncc(cc3c2)C(=O)N4CCC(CC4)N5C(=O)OCc6ccccc56)C(=O)C=C1,8.5
251,CHEMBL269012,CN([C@H](Cc1ccc(O)cc1)C(=O)N[C@@H](Cc2ccccc2)C(=O)N[C@@H](CCC(=O)N)C(=O)N[C@@H](CC(=O)N)C(=O)N[C@@H](CCCN=C(N)N)C(=O)N3CCC[C@H]3C(=O)N[C@@H](CCCN=C(N)N)C(=O)N)C(=O)Cc4ccc(O)cc4,8.57
252,CHEMBL1630522,CC[C@H](C)[C@@H]1NC(=O)[C@H](Cc2ccc(O)cc2)NC(=O)[C@@H](N)C[Se]SC[C@H](NC(=O)[C@H](CC(=O)N)NC(=O)[C@H](CCC(=O)N)NC1=O)C(=O)N3CCC[C@H]3C(=O)N[C@@H](CC(C)C)NCC(=O)N,8.59
253,CHEMBL381024,CC(C)C[C@H]1N([C@@H](C(=O)NC(C)(C)C)c2ccc(Cl)cc2)C(=O)[C@H](NC1=O)C3Cc4ccccc4C3,8.6
254,CHEMBL409878,CC(C)C[C@H]1N([C@@H](C(=O)NC(C)C)c2ccc(s2)c3ccccn3)C(=O)[C@H](NC1=O)C4Cc5ccccc5C4,8.6
255,CHEMBL69202,CCCc1c(CN2CCC(CC2)Oc3ccc(C(=O)N4CCC(CC4)N5C(=O)OCc6ccccc56)c(OC)c3)ccc[n+]1[O-],8.6
256,CHEMBL281243,COC1=CC=CN(CC(=O)NCc2oc3ccc(cc3c2)C(=O)N4CCC(CC4)N5C(=O)OCc6ccccc56)C1=O,8.6
257,CHEMBL302029,COc1cc(OC2CCN(CC2)C3CCCc4ncccc34)c(F)cc1C(=O)N5CCC(CC5)N6C(=O)OCc7ccccc67,8.6
258,CHEMBL456464,COc1ccc(c(OC)c1)S(=O)(=O)N(Cc2ccc(cn2)c3ccccc3C)c4ccc(OC)nc4,8.6
259,CHEMBL372128,COc1ccc(cc1)[C@@H](N2[C@H](CC(C)C)C(=O)N[C@H](C3Cc4ccccc4C3)C2=O)C(=O)NC(C)(C)C,8.6
260,CHEMBL24682,CC(=O)N1CCC(CC1)Oc2ccc(CC(=O)N3CCC(CC3)N4C(=O)OCc5ccccc45)c(OC(F)(F)F)c2,8.62
261,CHEMBL3813707,CC[C@H](C)[C@@H]1NC(=O)[C@H](Cc2ccc(O)cc2)NC(=O)CCSSC[C@H](N(C)C(=O)[C@H](CC(=O)N)NC(=O)[C@H](CCC(=O)N)NC1=O)C(=O)N3CCC[C@H]3C(=O)N[C@@H](CC(C)C)C(=O)N(C)CC(=O)N,8.62
262,CHEMBL2370343,CC[C@H](C)[C@H](NC(=O)[C@H](Cc1ccc(OC)cc1)NC(=O)CC2(CCCCC2)SCCC(=O)N)C(=O)N[C@@H]([C@@H](C)O)C(=O)N[C@@H](CC(=O)N)C(=O)N[C@@H](CS)C(=O)NCC(=O)N[C@@H](CCCN)C(=O)N[C@@H](Cc3ccc(N=[N+]=[N-])c(I)c3)C(=O)N,8.64
263,CHEMBL265070,COc1cc(OC2CCN(CC2)[C@@H]3CCCc4c3ccc[n+]4[O-])c(F)cc1C(=O)N5CCC(CC5)N6C(=O)OCc7ccccc67,8.64
264,CHEMBL302128,COc1cc(OC2CCN(CC2)c3cccc4ncccc34)c(F)cc1C(=O)N5CCC(CC5)N6C(=O)OCc7ccccc67,8.64
265,CHEMBL66240,CCc1c(CN2CCC(CC2)Oc3ccc(C(=O)N4CCC(CC4)N5C(=O)OCc6ccccc56)c(OC)c3)ccc[n+]1[O-],8.68
266,CHEMBL3416752,COc1ccc(c[nH+]1)n2c(COCCOCCOCCOCCOCCOCCOCCOCCNC(=O)CCCCCNC(=O)c3ccc(C4=C5C=CC(=O)C=C5Oc6cc(O)ccc46)c(c3)C(=O)O)nnc2N7CC(C7)Oc8ccc(F)cc8Cl.[O-]C(=O)C(F)(F)F,8.69
267,CHEMBL372615,C1NCc2ccccc2O1,8.7
268,CHEMBL271039,CC(C)C[C@H]1N([C@@H](C(=O)N2CCOCC2)c3coc(C)n3)C(=O)[C@H](NC1=O)C4Cc5ccccc5C4,8.7
269,CHEMBL372554,CC(C)C[C@H]1N([C@@H](C(=O)NC(C)(C)C)c2ccc(NC(=O)C)cc2)C(=O)[C@H](NC1=O)C3Cc4ccccc4C3,8.7
270,CHEMBL410420,CC(C)C[C@H]1N([C@@H](C(=O)NC(C)C)c2ccc(Br)s2)C(=O)[C@H](NC1=O)C3Cc4ccccc4C3,8.7
271,CHEMBL283894,CCOC1=NC(=O)N(CC(=O)NCc2oc3ccc(cc3c2)C(=O)N4CCC(CC4)N5C(=O)OCc6ccccc56)C=C1,8.7
272,CHEMBL66992,COc1cc(OC2CCN(CC2)C3CCCc4c3ccc[n+]4[O-])c(F)cc1C(=O)N5CCC(CC5)N6C(=O)OCc7ccccc67,8.7
273,CHEMBL104237,COc1cc(O[C@H](C)c2ccncc2)c(F)cc1C(=O)N3CCC(CC3)N4C(=O)OCc5ccccc45,8.7
274,CHEMBL31065,FC(F)(F)C1=CN(CC(=O)NCc2oc3ccc(cc3c2)C(=O)N4CCC(CC4)N5C(=O)OCc6ccccc56)C(=O)C=C1,8.7
275,CHEMBL1161979,CN([C@H](Cc1ccc(O)cc1)C(=O)N[C@@H](Cc2ccccc2)C(=O)N[C@@H](CCC(=O)N)C(=O)N[C@@H](CC(=O)N)C(=O)N[C@@H](CCCNC(=N)N)C(=O)N3CC[C@@H](C3)C(=O)N([C@@H](CCCCN)C(=O)N)C(=O)c4ccc(C5=C6C=CC(=N)C(=C6Oc7c5ccc(N)c7S(=O)(=O)O)S(=O)(=O)O)c(c4)C(=O)O)C(=O)CCc8ccc(O)cc8,8.71
276,CHEMBL3416754,CCN1\C(=C/C=C/C=C/C2=[N+](CC)c3cc(ccc3C2(C)C)S(=O)(=O)[O-])\C(C)(CCCC(=O)NCCOCCOCCOCCOCCOCCOCCOCCOCc4nnc(N5CC(C5)Oc6ccc(F)cc6Cl)n4c7ccc(OC)[nH+]c7)c8cc(ccc18)S(=O)(=O)O.[O-]C(=O)C(F)(F)F,8.73
277,CHEMBL1790728,CC[C@@H](C)[C@H]1NC(=O)[C@@H](NC(=O)CCSSC[C@@H](NC(=O)[C@@H](CC(=O)N)NC(=O)[C@H](NC1=O)C(C)O)C(=O)N2CCC[C@@H]2C(=O)N[C@@H](CCCCNC(=O)c3ccc4C(=O)OC5(c6ccc(O)cc6Oc7cc(O)ccc57)c4c3)C(=O)NCN)c8ccc(O)cc8,8.75
278,CHEMBL3416749,OC(=O)c1cc(ccc1C2=C3C=CC(=O)C=C3Oc4cc(O)ccc24)C(=O)NCCCCCC(=O)NCCNC(=O)CCc5ccc(cc5)S(=O)(=O)N(CC(=O)N\N=C\6/C(=O)Nc7ccccc67)c8ccc(Cl)cc8,8.76
279,CHEMBL68800,COc1cc(OC2CCN(CC2)[C@H]3CCCc4c3ccc[n+]4[O-])c(F)cc1C(=O)N5CCC(CC5)N6C(=O)OCc7ccccc67,8.77
280,CHEMBL2037491,CC(C)C[C@H]1N([C@@H](C(=O)N(C)C)c2ccc(C)nc2)C(=O)[C@H](NC1=O)C3Cc4ccccc4C3,8.8
281,CHEMBL403149,CC(C)C[C@H]1N([C@@H](C(=O)N2CCC2)c3coc(C)n3)C(=O)[C@H](NC1=O)C4Cc5ccccc5C4,8.8
282,CHEMBL371008,CC(C)C[C@H]1N([C@@H](C(=O)NC(C)C)c2ccc(NC(=O)C)cc2)C(=O)[C@H](NC1=O)C3Cc4ccccc4C3,8.8
283,CHEMBL3416753,CCN1\C(=C/C=C/C=C/C2=[N+](CC)c3cc(ccc3C2(C)C)S(=O)(=O)[O-])\C(C)(CCCC(=O)NCCOCCOCCOCCOCc4nnc(N5CC(C5)Oc6ccc(F)cc6Cl)n4c7ccc(OC)[nH+]c7)c8cc(ccc18)S(=O)(=O)O.[O-]C(=O)C(F)(F)F,8.8
284,CHEMBL427227,CC[C@@H](C)[C@H]1N([C@@H](C(=O)NC(C)C)c2ccc(cc2)N3CCOCC3)C(=O)[C@H](NC1=O)C4Cc5ccccc5C4,8.8
285,CHEMBL412210,CN([C@H](Cc1ccc(O)cc1)C(=O)N[C@@H](Cc2ccccc2)C(=O)N[C@@H](CCC(=O)N)C(=O)N[C@@H](CC(=O)N)C(=O)N[C@@H](CCCN=C(N)N)C(=O)N3CCC[C@H]3C(=O)N([C@@H](CCCCN)C(=O)N)C(=O)c4ccc5c(c4)C(=O)OC56c7ccc(O)cc7Oc8cc(O)ccc68)C(=O)CCc9ccc(O)cc9,8.8
286,CHEMBL456254,COc1ccc(OC)c(c1)S(=O)(=O)N(Cc2ccc(cn2)c3ccccc3C)c4ccc(OC)nc4,8.8
287,CHEMBL3416751,COc1ccc(c[nH+]1)n2c(COCCOCCOCCOCCNC(=O)CCCCCNC(=O)c3ccc(C4=C5C=CC(=O)C=C5Oc6cc(O)ccc46)c(c3)C(=O)O)nnc2N7CC(C7)Oc8ccc(F)cc8Cl.[O-]C(=O)C(F)(F)F,8.8
288,CHEMBL68480,CCc1c(CN2CCC(CC2)Oc3ccc(C(=O)N4CCC(CC4)N5C(=O)OCc6ccccc56)c(OC)c3)c(C)cc(C)[n+]1[O-],8.82
289,CHEMBL24526,CC(=O)N1CCC(CC1)Oc2ccc(CC(=O)N3CCC(CC3)N4C(=O)OCc5ccccc45)c(OCC(F)(F)F)c2,8.85
290,CHEMBL66931,COc1cc(OC2CCN(Cc3ccc[n+]([O-])c3C(F)(F)F)CC2)ccc1C(=O)N4CCC(CC4)N5C(=O)OCc6ccccc56,8.85
291,CHEMBL278818,FC(F)(F)COc1cc(OCCN2CCOCC2)ccc1CC(=O)N3CCC(CC3)N4C(=O)OCc5ccccc45,8.85
292,CHEMBL3416750,CCN1\C(=C/C=C/C=C/C2=[N+](CC)c3cc(ccc3C2(C)C)S(=O)(=O)[O-])\C(C)(CCCC(=O)NCCNC(=O)CCc4ccc(cc4)S(=O)(=O)N(CC(=O)N\N=C\5/C(=O)Nc6ccccc56)c7ccc(Cl)cc7)c8cc(ccc18)S(=O)(=O)O,8.86
293,CHEMBL3814633,CC[C@H](C)[C@@H]1NC(=O)[C@H](Cc2ccc(O)cc2)NC(=O)[C@@H](N)CSSC[C@H](NC(=O)[C@H](CC(=O)N)NC(=O)[C@H](CCC(=O)N)NC1=O)C(=O)N3CCC[C@H]3C(=O)N[C@@H](CC(C)C)C(=O)N(C)CC(=O)N,8.88
294,CHEMBL3353941,CC[C@H](C)[C@@H]1NC(=O)[C@H](Cc2ccc(O)cc2)NC(=O)CCSSC[C@H](NC(=O)[C@H](CC(=O)N)NC(=O)[C@H](CCC(=O)N)NC1=O)C(=O)N(CC(=O)N[C@@H](CC(C)C)C(=O)NCC(=O)N)C3CCCCC3,8.89
295,CHEMBL3353950,CC[C@H](C)[C@@H]1NC(=O)[C@H](Cc2ccc(O)cc2)NC(=O)CCSSC[C@H](NC(=O)[C@H](CC(=O)N)NC(=O)[C@H](CCC(=O)N)NC1=O)C(=O)N(CC(=O)N[C@@H](CC(C)C)C(=O)NCC(=O)N)Cc3ccccn3,8.89
296,CHEMBL3353951,CC[C@H](C)[C@@H]1NC(=O)[C@H](Cc2ccc(O)cc2)NC(=O)CCSSC[C@H](NC(=O)[C@H](CC(=O)N)NC(=O)[C@H](CCC(=O)N)NC1=O)C(=O)N(CC(=O)N[C@@H](CC(C)C)C(=O)NCC(=O)N)Cc3cccnc3,8.89
297,CHEMBL256391,CC(C)C[C@H]1N([C@@H](C(=O)N(C)CCO)c2coc(C)n2)C(=O)[C@H](NC1=O)C3Cc4ccccc4C3,8.9
298,CHEMBL211443,CC(C)C[C@H]1N([C@@H](C(=O)N2CCOCC2)c3ccc(F)cc3F)C(=O)[C@H](NC1=O)C4Cc5ccccc5C4,8.9
299,CHEMBL196478,CC(C)C[C@H]1N([C@@H](C(=O)NC(C)C)c2ccc(F)cc2F)C(=O)[C@H](NC1=O)C3Cc4ccccc4C3,8.9
300,CHEMBL401910,CC(C)C[C@H]1N([C@@H](C(=O)NC(C)C)c2coc(C)n2)C(=O)[C@H](NC1=O)C3Cc4ccccc4C3,8.9
301,CHEMBL271657,CC(C)C[C@H]1N([C@@H](C(=O)NC(C)C)c2oc(C)c(C)c2)C(=O)[C@H](NC1=O)C3Cc4ccccc4C3,8.9
302,CHEMBL2037503,CC[C@H](C)[C@H]1N([C@@H](C(=O)NC)c2cc(C)cnc2C)C(=O)[C@H](NC1=O)C3Cc4ccccc4C3,8.9
303,CHEMBL475395,Cc1cc(ccc1c2ccccc2)C(=O)N(CC3CC3)CC4CCCO4,8.9
304,CHEMBL285820,Cn1ncc2C(=O)N(CC(=O)NCc3oc4ccc(cc4c3)C(=O)N5CCC(CC5)N6C(=O)OCc7ccccc67)C=Nc12,8.9
305,CHEMBL540192,CN(C)c1ccc2c(Oc3cc(ccc3C24OC(=O)c5cc(ccc45)C(=O)N([C@@H](CCCCN)C(=O)N)C(=O)[C@@H]6CCCN6C(=O)[C@H](CCCN=C(N)N)NC(=O)[C@H](CC(=O)N)NC(=O)[C@H](CCC(=O)N)NC(=O)[C@H](Cc7ccccc7)NC(=O)[C@@H](Cc8ccc(O)cc8)N(C)C(=O)CCc9ccc(O)cc9)N(C)C)c1,8.92
306,CHEMBL71540,COc1cc(OC2CCN(Cc3c[n+]([O-])ccc3C(F)(F)F)CC2)c(F)cc1C(=O)N4CCC(CC4)N5C(=O)OCc6ccccc56,8.92
307,CHEMBL262035,CN([C@H](Cc1ccc(O)cc1)C(=O)N[C@@H](Cc2ccccc2)C(=O)N[C@@H](CCC(=O)N)C(=O)N[C@@H](CC(=O)N)C(=O)N[C@@H](CCCN=C(N)N)C(=O)N3CCC[C@H]3C(=O)N[C@@H](CCCN=C(N)N)C(=O)N)C(=O)Cc4ccccc4,8.96
308,CHEMBL306416,COc1cc(OC2CCN(Cc3ccc[n+]([O-])c3C)CC2)c(F)cc1C(=O)N4CCC(CC4)N5C(=O)OCc6ccccc56,8.96
309,CHEMBL1161978,CC1CC(C)(C)N=C2C1CC3=C(c4cc5C(C)CC(C)(C)Nc5c(c4OC3C2S(=O)(=O)O)S(=O)(=O)O)c6c(Cl)c(SCC(=O)NCCCCCC(=O)N([C@@H](CCCCN)C(=O)N)C(=O)[C@H]7CCN(C7)C(=O)[C@H](CCCNC(=N)N)NC(=O)[C@H](CC(=O)N)NC(=O)[C@H](CCC(=O)N)NC(=O)[C@H](Cc8ccccc8)NC(=O)[C@@H](Cc9ccc(O)cc9)N(C)C(=O)CCc%10ccc(O)cc%10)c(Cl)c(Cl)c6C(=O)O,8.98
310,CHEMBL3813894,CC[C@H](C)[C@@H]1NC(=O)[C@H](Cc2ccc(O)cc2)NC(=O)[C@@H](N)CSSC[C@H](N(C)C(=O)[C@H](CC(=O)N)NC(=O)[C@H](CCC(=O)N)NC1=O)C(=O)N3CCC[C@H]3C(=O)N[C@@H](CC(C)C)C(=O)NCC(=O)N,8.98
311,CHEMBL257660,CC(C)C[C@H]1N([C@@H](C(=O)NC(C)C)c2cc(Br)cs2)C(=O)[C@H](NC1=O)C3Cc4ccccc4C3,9.0
312,CHEMBL208787,CC(C)C[C@H]1N([C@@H](C(=O)NC(C)C)c2ccc3occc3c2)C(=O)[C@H](NC1=O)C4Cc5ccccc5C4,9.0
313,CHEMBL209864,CC(C)C[C@H]1N([C@@H](C(=O)NC(C)C)c2oc(C)cc2)C(=O)[C@H](NC1=O)C3Cc4ccccc4C3,9.0
314,CHEMBL2037498,CC[C@@H](C)[C@H]1N([C@@H](C(=O)N(C)C)c2ccc(C)nc2)C(=O)[C@H](NC1=O)C3Cc4ccccc4C3,9.0
315,CHEMBL2037502,CC[C@H](C)[C@H]1N([C@@H](C(=O)N(C)C)c2ccc(C)[n+]([O-])c2)C(=O)[C@H](NC1=O)C3Cc4ccccc4C3,9.0
316,CHEMBL308673,COc1cc(OC2CCN(Cc3c(C)cc(C)[n+]([O-])c3C)CC2)c(F)cc1C(=O)N4CCC(CC4)N5C(=O)OCc6ccccc56,9.0
317,CHEMBL302297,COc1cc(OC2CCN(Cc3c(C)cc[n+]([O-])c3C)CC2)ccc1C(=O)N4CCC(CC4)N5C(=O)OCc6ccccc56,9.0
318,CHEMBL24456,FC(F)(F)COc1cc(OC2CCN(CC3CC3)CC2)ccc1CC(=O)N4CCC(CC4)N5C(=O)OCc6ccccc56,9.0
319,CHEMBL30510,O=C(CN1C=CC(=NC1=O)c2ccccc2)NCc3oc4ccc(cc4c3)C(=O)N5CCC(CC5)N6C(=O)OCc7ccccc67,9.0
320,CHEMBL3814744,CC[C@H](C)[C@@H]1NC(=O)[C@H](Cc2ccc(O)cc2)NC(=O)[C@@H](N)CSSC[C@H](NC(=O)[C@H](CC(=O)N)NC(=O)[C@H](CCC(=O)N)NC1=O)C(=O)N3CCC[C@H]3C(=O)N(C)[C@@H](CC(C)C)C(=O)NCC(=O)N,9.01
321,CHEMBL3353933,CC[C@H](C)[C@@H]1NC(=O)[C@H](Cc2ccc(OC)cc2)NC(=O)CCCSC[C@H](NC(=O)[C@H](CC(=O)N)NC(=O)[C@H](CCC(=O)N)NC1=O)C(=O)N3C[C@@H](C[C@H]3C(=O)N[C@@H](CC(C)C)C(=O)NCC(=O)N)OC,9.01
322,CHEMBL3354577,CC[C@H](C)[C@@H]1NC(=O)[C@H](Cc2ccccc2)NC(=O)CCCSC[C@H](NC(=O)[C@H](CC(=O)N)NC(=O)[C@H](CCC(=O)N)NC1=O)C(=O)N(CCOC)CC(=O)N[C@@H](CC(C)C)C(=O)NCC(=O)N,9.02
323,CHEMBL3352839,CC[C@H](C)[C@@H]1NC(=O)[C@H](Cc2ccccc2)NC(=O)CCSCC[C@H](NC(=O)[C@H](CC(=O)N)NC(=O)[C@H](CCC(=O)N)NC1=O)C(=O)N(CCCO)CC(=O)N[C@@H](CC(C)C)C(=O)NCC(=O)N,9.07
324,CHEMBL3354578,CC[C@H](C)[C@@H]1NC(=O)[C@H](Cc2ccccc2)NC(=O)CCSCC[C@H](NC(=O)[C@H](CC(=O)N)NC(=O)[C@H](CCC(=O)N)NC1=O)C(=O)N(CCOC)CC(=O)N[C@@H](CC(C)C)C(=O)NCC(=O)N,9.07
325,CHEMBL25353,FC(F)(F)COc1cc(ccc1CC(=O)N2CCC(CC2)N3C(=O)OCc4ccccc34)N5CCOCC5,9.07
326,CHEMBL3353934,CC[C@H](C)[C@@H]1NC(=O)[C@H](Cc2ccc(OC)cc2)NC(=O)CCCSC[C@H](NC(=O)[C@H](CC(=O)N)NC(=O)[C@H](CCC(=O)N)NC1=O)C(=O)N3C[C@@H](C[C@H]3C(=O)N[C@@H](CC(C)C)C(=O)NCC(=O)N)SC,9.09
327,CHEMBL66985,CCc1c(CN2CCC(CC2)Oc3cc(OC)c(cc3F)C(=O)N4CCC(CC4)N5C(=O)OCc6ccccc56)c(C)cc(C)[n+]1[O-],9.09
328,CHEMBL303700,COc1cc(OC2CCN(Cc3ccc[n+]([O-])c3C(F)(F)F)CC2)c(F)cc1C(=O)N4CCC(CC4)N5C(=O)OCc6ccccc56,9.09
329,CHEMBL256692,CC(C)C[C@H]1N([C@@H](C(=O)N(C)C)c2coc(n2)C3CC3)C(=O)[C@H](NC1=O)C4Cc5ccccc5C4,9.1
330,CHEMBL270624,CC(C)C[C@H]1N([C@@H](C(=O)NC(C)C)c2oc(Br)cc2)C(=O)[C@H](NC1=O)C3Cc4ccccc4C3,9.1
331,CHEMBL2037504,CC[C@H](C)[C@H]1N([C@@H](C(=O)N(C)C)c2cc(C)cnc2C)C(=O)[C@H](NC1=O)C3Cc4ccccc4C3,9.1
332,CHEMBL2037505,CC[C@H](C)[C@H]1N([C@@H](C(=O)N2CCOCC2)c3cc(C)cnc3C)C(=O)[C@H](NC1=O)C4Cc5ccccc5C4,9.1
333,CHEMBL3354599,CC[C@H](C)[C@@H]1NC(=O)[C@H](Cc2ccccc2)NC(=O)CCSCC[C@H](NC(=O)[C@H](CC(=O)N)NC(=O)[C@H](CCC(=O)N)NC1=O)C(=O)N(CCc3ccccc3)CC(=O)N[C@@H](CC(C)C)C(=O)NCC(=O)N,9.11
334,CHEMBL1630523,CC[C@H](C)[C@@H]1NC(=O)[C@H](Cc2ccc(O)cc2)NC(=O)[C@@H](N)CS[Se]C[C@H](NC(=O)[C@H](CC(=O)N)NC(=O)[C@H](CCC(=O)N)NC1=O)C(=O)N3CCC[C@H]3C(=O)N[C@@H](CC(C)C)NCC(=O)N,9.14
335,CHEMBL3416758,COc1ccc(C[C@@H]2NC(=O)C(N)C3(CCCCC3)SSC[C@H](NC(=O)[C@H](CC(=O)N)NC(=O)[C@@H](NC(=O)[C@H](Cc4ccccc4)NC2=O)[C@@H](C)O)C(=O)N5CCC[C@H]5C(=O)N[C@@H](CCCN)C(=O)N[C@@H](Cc6ccc(O)cc6)C(=O)N)cc1,9.17
336,CHEMBL377414,CC(C)C[C@H]1N([C@@H](C(=O)N(C)C)c2ccc(F)cc2F)C(=O)[C@H](NC1=O)C3Cc4ccccc4C3,9.2
337,CHEMBL377315,CC(C)C[C@H]1N([C@@H](C(=O)N2CC(O)C2)c3ccc(F)cc3F)C(=O)[C@H](NC1=O)C4Cc5ccccc5C4,9.2
338,CHEMBL378718,CC(C)C[C@H]1N([C@@H](C(=O)N2CCC2)c3ccc(F)cc3F)C(=O)[C@H](NC1=O)C4Cc5ccccc5C4,9.2
339,CHEMBL211556,CC(C)C[C@H]1N([C@@H](C(=O)O)c2ccc(F)cc2F)C(=O)[C@H](NC1=O)C3Cc4ccccc4C3,9.2
340,CHEMBL3142789,CC[C@H](C)[C@H](NC(=O)[C@H](Cc1ccc(O)cc1)NC(=O)CC2(CCCCC2)SCCC(=O)N)C(=O)N[C@@H]([C@@H](C)O)C(=O)N[C@@H](CC(=O)N)C(=O)N[C@@H](CS)C(=O)N3CCC[C@H]3C(=O)N[C@@H](CCCN)C(=O)N[C@@H](Cc4ccc(N=[N+]=[N-])c(I)c4)C(=O)N,9.22
341,CHEMBL3354593,CC[C@H](C)[C@@H]1NC(=O)[C@H](Cc2ccccc2)NC(=O)CCSCC[C@H](NC(=O)[C@H](CC(=O)N)NC(=O)[C@H](CCC(=O)N)NC1=O)C(=O)N(CC(=O)N[C@@H](CC(C)C)C(=O)NCC(=O)N)Cc3cccc(C)c3,9.25
342,CHEMBL438609,CC(C)C[C@H]1N([C@@H](C(=O)N)c2ccc(F)cc2F)C(=O)[C@H](NC1=O)C3Cc4ccccc4C3,9.3
343,CHEMBL2037493,CC(C)C[C@H]1N([C@@H](C(=O)N2CCCC2)c3ccc(C)nc3)C(=O)[C@H](NC1=O)C4Cc5ccccc5C4,9.3
344,CHEMBL2037500,CC[C@@H](C)[C@H]1N([C@@H](C(=O)N2CCOCC2)c3ccc(C)nc3)C(=O)[C@H](NC1=O)C4Cc5ccccc5C4,9.3
345,CHEMBL1253499,Cl.CCN(Cc1cccnc1)C(=O)c2ccc(Cl)c(c2)[C@]3(C)C(=O)N(Cc4ccc(OC)cc4OC)c5ccc(Cl)cc35,9.3
346,CHEMBL286895,O=C(CN1C=CC(=NC1=O)N2CCOCC2)NCc3oc4ccc(cc4c3)C(=O)N5CCC(CC5)N6C(=O)OCc7ccccc67,9.3
347,CHEMBL3353952,CC[C@H](C)[C@@H]1NC(=O)[C@H](Cc2ccc(O)cc2)NC(=O)CCSSC[C@H](NC(=O)[C@H](CC(=O)N)NC(=O)[C@H](CCC(=O)N)NC1=O)C(=O)N(CC(=O)N[C@@H](CC(C)C)C(=O)NCC(=O)N)Cc3ccncc3,9.34
348,CHEMBL408691,CC(C)C[C@H]1N([C@@H](C(=O)N(C)C)c2csc(C)n2)C(=O)[C@H](NC1=O)C3Cc4ccccc4C3,9.4
349,CHEMBL2037492,CC(C)C[C@H]1N([C@@H](C(=O)N2CCOCC2)c3ccc(C)nc3)C(=O)[C@H](NC1=O)C4Cc5ccccc5C4,9.4
350,CHEMBL1790711,CC[C@@H](C)[C@H]1NC(=O)[C@@H](NC(=O)CCSSC[C@@H](NC(=O)[C@@H](CC(=O)N)NC(=O)[C@H](NC1=O)[C@H](C)O)C(=O)N2CCC[C@@H]2C(=O)N[C@@H](CCCNC(=O)c3ccc4C(=O)OC5(c6ccc(O)cc6Oc7cc(O)ccc57)c4c3)C(=O)NCN)c8ccc(O)cc8,9.4
351,CHEMBL3354590,CC[C@H](C)[C@@H]1NC(=O)[C@H](Cc2ccccc2)NC(=O)CCSCC[C@H](NC(=O)[C@H](CC(=O)N)NC(=O)[C@H](CCC(=O)N)NC1=O)C(=O)N(CC(=O)N[C@@H](CC(C)C)C(=O)NCC(=O)N)Cc3ccccc3,9.4
352,CHEMBL2037509,CC[C@H](C)[C@H]1N([C@@H](C(=O)NC)c2ccc(C)nc2C)C(=O)[C@H](NC1=O)C3Cc4ccccc4C3,9.4
353,CHEMBL379192,CNC(=O)[C@H](N1[C@H](CC(C)C)C(=O)N[C@H](C2Cc3ccccc3C2)C1=O)c4ccc(F)cc4F,9.4
354,CHEMBL2037486,COc1ccc(cn1)[C@@H](N2[C@H](CC(C)C)C(=O)N[C@H](C3Cc4ccccc4C3)C2=O)C(=O)N(C)C,9.4
355,CHEMBL3353943,CC[C@H](C)[C@@H]1NC(=O)[C@H](Cc2ccc(O)cc2)NC(=O)CCSSC[C@H](NC(=O)[C@H](CC(=O)N)NC(=O)[C@H](CCC(=O)N)NC1=O)C(=O)N(CCCO)CC(=O)N[C@@H](CC(C)C)C(=O)NCC(=O)N,9.41
356,CHEMBL3353937,CC[C@H](C)[C@@H]1NC(=O)[C@H](Cc2ccc(OC)cc2)NC(=O)CCCSC[C@H](NC(=O)[C@H](CC(=O)N)NC(=O)[C@H](CCC(=O)N)NC1=O)C(=O)NCC(=O)N[C@@H](CC(C)C)C(=O)NCC(=O)N,9.43
357,CHEMBL1790717,CC[C@@H](C)[C@H]1NC(=O)[C@@H](NC(=O)C(O)CSSC[C@@H](NC(=O)[C@@H](CC(=O)N)NC(=O)[C@@H](CCC(=O)N)NC1=O)C(=O)N2CCC[C@@H]2C(=O)N[C@@H](CCCCNC(=O)c3ccc4C(=O)OC5(c6ccc(O)cc6Oc7cc(O)ccc57)c4c3)C(=O)NCN)c8ccc(O)cc8,9.47
358,CHEMBL439044,CC[C@H](C)[C@@H]1NC(=O)[C@H](Cc2ccc(O)cc2)NC(=O)CCSSC[C@H](NC(=O)[C@H](CC(=O)N)NC(=O)[C@H](CCC(=O)N)NC1=O)C(=O)N3CCC[C@H]3C(=O)N[C@@H](CC(C)C)C(=O)NCC(=O)N,9.48
359,CHEMBL2037490,CC(C)C[C@H]1N([C@@H](C(=O)N2CCOCC2)c3ccc(nc3)N(C)C)C(=O)[C@H](NC1=O)C4Cc5ccccc5C4,9.5
360,CHEMBL1790729,CC[C@@H](C)[C@H]1NC(=O)[C@@H](NC(=O)C(O)CSSC[C@@H](NC(=O)[C@@H](CC(=O)N)NC(=O)[C@H](NC1=O)C(C)O)C(=O)N2CCC[C@@H]2C(=O)N[C@@H](CCCCNC(=O)c3ccc4C(=O)OC5(c6ccc(O)cc6Oc7cc(O)ccc57)c4c3)C(=O)NCN)c8ccc(O)cc8,9.5
361,CHEMBL3354602,CC[C@H](C)[C@@H]1NC(=O)[C@H](Cc2ccccc2)NC(=O)CCSCC[C@H](NC(=O)[C@H](CC(=O)N)NC(=O)[C@H](CCC(=O)N)NC1=O)C(=O)N(CC(=O)N[C@@H](CC(C)C)C(=O)NCC(=O)N)Cc3cccs3,9.52
362,CHEMBL3142790,CC[C@H](C)[C@H](NC(=O)[C@H](Cc1ccc(OC)cc1)NC(=O)CC2(CCCCC2)SCCC(=O)N)C(=O)N[C@@H]([C@@H](C)O)C(=O)N[C@@H](CC(=O)N)C(=O)N[C@@H](CS)C(=O)N3CCC[C@H]3C(=O)N[C@@H](CCCN)C(=O)N[C@@H](Cc4ccc(N=[N+]=[N-])c(I)c4)C(=O)N,9.52
363,CHEMBL1790718,CC[C@@H](C)[C@H]1NC(=O)[C@@H](NC(=O)CCSSC[C@@H](NC(=O)[C@@H](CC(=O)N)NC(=O)[C@@H](CCC(=O)N)NC1=O)C(=O)N2CCC[C@@H]2C(=O)N[C@@H](CCCCNC(=O)c3ccc4C(=O)OC5(c6ccc(O)cc6Oc7cc(O)ccc57)c4c3)C(=O)NCN)c8ccc(O)cc8,9.54
364,CHEMBL3813771,CC[C@H](C)[C@@H]1NC(=O)[C@H](Cc2ccc(O)cc2)NC(=O)CCSSC[C@H](N(C)C(=O)[C@H](CC(=O)N)NC(=O)[C@H](CCC(=O)N)NC1=O)C(=O)N3CCC[C@H]3C(=O)N[C@@H](CC(C)C)C(=O)NCC(=O)N,9.54
365,CHEMBL2037489,CC(C)C[C@H]1N([C@@H](C(=O)N(C)C)c2ccc(nc2)N(C)C)C(=O)[C@H](NC1=O)C3Cc4ccccc4C3,9.6
366,CHEMBL3354586,CCCCCN(CC(=O)N[C@@H](CC(C)C)C(=O)NCC(=O)N)C(=O)[C@@H]1CCSCCC(=O)N[C@@H](Cc2ccc(O)cc2)C(=O)N[C@@H]([C@@H](C)CC)C(=O)N[C@@H](CCC(=O)N)C(=O)N[C@@H](CC(=O)N)C(=O)N1,9.6
367,CHEMBL1790721,CC[C@@H](C)[C@H]1NC(=O)[C@@H](NC(=O)CCSSC[C@@H](NC(=O)[C@@H](CC(=O)N)NC(=O)[C@@H](CCC(=O)N)NC1=O)C(=O)N2CCC[C@@H]2C(=O)N[C@@H](CCCNC(=O)c3ccc4C(=O)OC5(c6ccc(O)cc6Oc7cc(O)ccc57)c4c3)C(=O)NCN)c8ccc(O)cc8,9.6
368,CHEMBL3142545,CC[C@H](C)[C@H](NC(=O)[C@H](Cc1ccc(OC)cc1)NC(=O)CC2(CCCCC2)SCCC(=O)N)C(=O)N[C@@H]([C@@H](C)O)C(=O)N[C@@H](CC(=O)N)C(=O)N[C@@H](CS)C(=O)N3CCC[C@H]3C(=O)N[C@@H](CCCN)C(=O)N[C@@H](Cc4ccc(N=[N+]=[N-])c([125I])c4)C(=O)N,9.6
369,CHEMBL2037487,COc1ccc(cn1)[C@@H](N2[C@H](CC(C)C)C(=O)N[C@H](C3Cc4ccccc4C3)C2=O)C(=O)N5CCOCC5,9.6
370,CHEMBL3354583,CCCCN(CC(=O)N[C@@H](CC(C)C)C(=O)NCC(=O)N)C(=O)[C@@H]1CSCCCC(=O)N[C@@H](Cc2ccccc2)C(=O)N[C@@H]([C@@H](C)CC)C(=O)N[C@@H](CCC(=O)N)C(=O)N[C@@H](CC(=O)N)C(=O)N1,9.64
371,CHEMBL3354596,CC[C@H](C)[C@@H]1NC(=O)[C@H](Cc2ccccc2)NC(=O)CCSCC[C@H](NC(=O)[C@H](CC(=O)N)NC(=O)[C@H](CCC(=O)N)NC1=O)C(=O)N(CC(=O)N[C@@H](CC(C)C)C(=O)NCC(=O)N)Cc3ccc(F)cc3,9.64
372,CHEMBL3353936,CCOc1ccc(C[C@@H]2NC(=O)CCCSC[C@H](NC(=O)[C@H](CC(=O)N)NC(=O)[C@H](CCC(=O)N)NC(=O)[C@@H](NC2=O)[C@@H](C)CC)C(=O)N3C[C@H](C[C@H]3C(=O)N[C@@H](CC(C)C)C(=O)NCC(=O)N)OC)cc1,9.68
373,CHEMBL1790712,CC[C@@H](C)[C@H]1NC(=O)[C@](C)(NC(=O)CC2(CCCCC2)SSC[C@@H](NC(=O)[C@@H](CC(=O)N)NC(=O)[C@H](NC1=O)[C@@H](C)O)C(=O)N3CCC[C@@H]3C(=O)N[C@@H](CCCN)C(=O)N[C@H](C(=O)N)c4ccc(O)cc4)c5ccc(O)cc5,9.68
374,CHEMBL2037499,CC[C@H](C)[C@H]1N([C@@H](C(=O)N(C)C)c2ccc(C)nc2)C(=O)[C@H](NC1=O)C3Cc4ccccc4C3,9.7
375,CHEMBL1790720,CC[C@@H](C)[C@H]1NC(=O)[C@@H](NC(=O)C(O)CSSC[C@@H](NC(=O)[C@@H](CC(=O)N)NC(=O)[C@@H](CCC(=O)N)NC1=O)C(=O)N2CCC[C@@H]2C(=O)N[C@@H](CCCNC(=O)c3ccc4C(=O)OC5(c6ccc(O)cc6Oc7cc(O)ccc57)c4c3)C(=O)NCN)c8ccc(O)cc8,9.75
376,CHEMBL1790719,CC[C@@H](C)[C@H]1NC(=O)[C@@H](NC(=O)C(O)CSSC[C@@H](NC(=O)[C@@H](CC(=O)N)NC(=O)[C@H](NC1=O)C(C)O)C(=O)N2CCC[C@@H]2C(=O)N[C@@H](CCCNC(=O)c3ccc4C(=O)OC5(c6ccc(O)cc6Oc7cc(O)ccc57)c4c3)C(=O)NCN)c8ccc(O)cc8,9.77
377,CHEMBL257916,CC(C)C[C@H]1N([C@@H](C(=O)NC(C)C)c2coc(n2)C(F)(F)F)C(=O)[C@H](NC1=O)C3Cc4ccccc4C3,9.8
378,CHEMBL3354576,CC[C@H](C)[C@@H]1NC(=O)[C@H](Cc2ccc(O)cc2)NC(=O)CCSCC[C@H](NC(=O)[C@H](CC(=O)N)NC(=O)[C@H](CCC(=O)N)NC1=O)C(=O)N(CCOC)CC(=O)N[C@@H](CC(C)C)C(=O)NCC(=O)N,9.8
379,CHEMBL2037501,CC[C@H](C)[C@H]1N([C@@H](C(=O)N2CCOCC2)c3ccc(C)nc3)C(=O)[C@H](NC1=O)C4Cc5ccccc5C4,9.8
380,CHEMBL3353947,CC[C@H](C)[C@@H]1NC(=O)[C@H](Cc2ccc(O)cc2)NC(=O)CCSSC[C@H](NC(=O)[C@H](CC(=O)N)NC(=O)[C@H](CCC(=O)N)NC1=O)C(=O)N(CC(=O)N[C@@H](CC(C)C)C(=O)NCC(=O)N)Cc3ccc(C)cc3,9.82
381,CHEMBL3354582,CCCCN(CC(=O)N[C@@H](CC(C)C)C(=O)NCC(=O)N)C(=O)[C@@H]1CCSCCC(=O)N[C@@H](Cc2ccc(O)cc2)C(=O)N[C@@H]([C@@H](C)CC)C(=O)N[C@@H](CCC(=O)N)C(=O)N[C@@H](CC(=O)N)C(=O)N1,9.85
382,CHEMBL3354601,CC[C@H](C)[C@@H]1NC(=O)[C@H](Cc2ccc(O)cc2)NC(=O)CCSCC[C@H](NC(=O)[C@H](CC(=O)N)NC(=O)[C@H](CCC(=O)N)NC1=O)C(=O)N(CC(=O)N[C@@H](CC(C)C)C(=O)NCC(=O)N)Cc3cccs3,9.85
383,CHEMBL3353938,CCCCCN(CC(=O)N[C@@H](CC(C)C)C(=O)NCC(=O)N)C(=O)[C@@H]1CSSCCC(=O)N[C@@H](Cc2ccc(O)cc2)C(=O)N[C@@H]([C@@H](C)CC)C(=O)N[C@@H](CCC(=O)N)C(=O)N[C@@H](CC(=O)N)C(=O)N1,9.89
384,CHEMBL3354580,CC[C@H](C)[C@@H]1NC(=O)[C@H](Cc2ccc(O)cc2)NC(=O)CCSCC[C@H](NC(=O)[C@H](CC(=O)N)NC(=O)[C@H](CCC(=O)N)NC1=O)C(=O)N(CCCO)CC(=O)N[C@@H](CC(C)C)C(=O)NCC(=O)N,9.89
385,CHEMBL210029,CC(C)C[C@H]1N([C@@H](C(=O)N(C)CCO)c2ccc(F)cc2F)C(=O)[C@H](NC1=O)C3Cc4ccccc4C3,9.9
386,CHEMBL2037511,CC[C@H](C)[C@H]1N([C@@H](C(=O)N2CCOCC2)c3ccc(C)nc3C)C(=O)[C@H](NC1=O)C4Cc5ccccc5C4,9.9
387,CHEMBL3354581,CCCCN(CC(=O)N[C@@H](CC(C)C)C(=O)NCC(=O)N)C(=O)[C@@H]1CSCCCC(=O)N[C@@H](Cc2ccc(O)cc2)C(=O)N[C@@H]([C@@H](C)CC)C(=O)N[C@@H](CCC(=O)N)C(=O)N[C@@H](CC(=O)N)C(=O)N1,9.92
388,CHEMBL3353945,CC[C@H](C)[C@@H]1NC(=O)[C@H](Cc2ccc(O)cc2)NC(=O)CCSSC[C@H](NC(=O)[C@H](CC(=O)N)NC(=O)[C@H](CCC(=O)N)NC1=O)C(=O)N(CC(=O)N[C@@H](CC(C)C)C(=O)NCC(=O)N)Cc3ccccc3C,9.92
389,CHEMBL3353953,CC[C@H](C)[C@@H]1NC(=O)[C@H](Cc2ccc(O)cc2)NC(=O)CCSSC[C@H](NC(=O)[C@H](CC(=O)N)NC(=O)[C@H](CCC(=O)N)NC1=O)C(=O)N(CCc3ccccc3)CC(=O)N[C@@H](CC(C)C)C(=O)NCC(=O)N,9.92
390,CHEMBL3353954,CC[C@H](C)[C@@H]1NC(=O)[C@H](Cc2ccc(O)cc2)NC(=O)CCSSC[C@H](NC(=O)[C@H](CC(=O)N)NC(=O)[C@H](CCC(=O)N)NC1=O)C(=O)N(CCc3ccccn3)CC(=O)N[C@@H](CC(C)C)C(=O)NCC(=O)N,9.92
391,CHEMBL3354585,CCCCCN(CC(=O)N[C@@H](CC(C)C)C(=O)NCC(=O)N)C(=O)[C@@H]1CSCCCC(=O)N[C@@H](Cc2ccc(O)cc2)C(=O)N[C@@H]([C@@H](C)CC)C(=O)N[C@@H](CCC(=O)N)C(=O)N[C@@H](CC(=O)N)C(=O)N1,9.96
392,CHEMBL3354575,CC[C@H](C)[C@@H]1NC(=O)[C@H](Cc2ccc(O)cc2)NC(=O)CCCSC[C@H](NC(=O)[C@H](CC(=O)N)NC(=O)[C@H](CCC(=O)N)NC1=O)C(=O)N(CCOC)CC(=O)N[C@@H](CC(C)C)C(=O)NCC(=O)N,9.96
393,CHEMBL3353944,CC[C@H](C)[C@@H]1NC(=O)[C@H](Cc2ccc(O)cc2)NC(=O)CCSSC[C@H](NC(=O)[C@H](CC(=O)N)NC(=O)[C@H](CCC(=O)N)NC1=O)C(=O)N(CC(=O)N[C@@H](CC(C)C)C(=O)NCC(=O)N)Cc3ccccc3,9.96
394,CHEMBL3354570,CC[C@H](C)[C@@H]1NC(=O)[C@H](Cc2ccc(O)cc2)NC(=O)CCSSC[C@H](NC(=O)[C@H](CC(=O)N)NC(=O)[C@H](CCC(=O)N)NC1=O)C(=O)N(CC(=O)N[C@@H](CC(C)C)C(=O)NCC(=O)N)Cc3occc3,9.96
395,CHEMBL401960,CC(C)C[C@H]1N([C@@H](C(=O)NC(C)C)c2oc(cc2)C(F)(F)F)C(=O)[C@H](NC1=O)C3Cc4ccccc4C3,10.0
396,CHEMBL2037512,CCC(CC)[C@H]1N([C@@H](C(=O)NC)c2ccc(C)nc2)C(=O)[C@H](NC1=O)C3Cc4ccccc4C3,10.0
397,CHEMBL3354584,CCCCN(CC(=O)N[C@@H](CC(C)C)C(=O)NCC(=O)N)C(=O)[C@@H]1CCSCCC(=O)N[C@@H](Cc2ccccc2)C(=O)N[C@@H]([C@@H](C)CC)C(=O)N[C@@H](CCC(=O)N)C(=O)N[C@@H](CC(=O)N)C(=O)N1,10.05
398,CHEMBL1790723,CC[C@@H](C)[C@H]1NC(=O)[C@@H](NC(=O)C(O)CSSC[C@@H](NC(=O)[C@@H](CC(=O)N)NC(=O)[C@@H](CCC(=O)N)NC1=O)C(=O)N2CCC[C@@H]2C(=O)N[C@@H](CCCNC(=O)c3ccc(C4=C5C=CC(=CC5OC6=CC(=[N+](C)C)C=CC46)N(C)C)c(c3)C(=O)O)C(=O)NCN)c7ccc(O)cc7,10.05
399,CHEMBL3354600,CC[C@H](C)[C@@H]1NC(=O)[C@H](Cc2ccc(O)cc2)NC(=O)CCCSC[C@H](NC(=O)[C@H](CC(=O)N)NC(=O)[C@H](CCC(=O)N)NC1=O)C(=O)N(CC(=O)N[C@@H](CC(C)C)C(=O)NCC(=O)N)Cc3cccs3,10.05
400,CHEMBL3354594,CC[C@H](C)[C@@H]1NC(=O)[C@H](Cc2ccc(O)cc2)NC(=O)CCCSC[C@H](NC(=O)[C@H](CC(=O)N)NC(=O)[C@H](CCC(=O)N)NC1=O)C(=O)N(CC(=O)N[C@@H](CC(C)C)C(=O)NCC(=O)N)Cc3ccc(F)cc3,10.1
401,CHEMBL3354591,CC[C@H](C)[C@@H]1NC(=O)[C@H](Cc2ccc(O)cc2)NC(=O)CCCSC[C@H](NC(=O)[C@H](CC(=O)N)NC(=O)[C@H](CCC(=O)N)NC1=O)C(=O)N(CC(=O)N[C@@H](CC(C)C)C(=O)NCC(=O)N)Cc3cccc(C)c3,10.1
402,CHEMBL2037510,CC[C@H](C)[C@H]1N([C@@H](C(=O)N(C)C)c2ccc(C)nc2C)C(=O)[C@H](NC1=O)C3Cc4ccccc4C3,10.1
403,CHEMBL2037497,Cc1ccc(cn1)[C@@H](N2[C@H](CC(C)(C)C)C(=O)N[C@H](C3Cc4ccccc4C3)C2=O)C(=O)N5CCOCC5,10.1
404,CHEMBL3354587,CCCCCN(CC(=O)N[C@@H](CC(C)C)C(=O)NCC(=O)N)C(=O)[C@@H]1CCSCCC(=O)N[C@@H](Cc2ccccc2)C(=O)N[C@@H]([C@@H](C)CC)C(=O)N[C@@H](CCC(=O)N)C(=O)N[C@@H](CC(=O)N)C(=O)N1,10.15
405,CHEMBL3354572,CC[C@H](C)[C@@H]1NC(=O)[C@H](Cc2ccc(O)cc2)NC(=O)CCSSC[C@H](NC(=O)[C@H](CC(=O)N)NC(=O)[C@H](CCC(=O)N)NC1=O)C(=O)N(CC3CCCO3)CC(=O)N[C@@H](CC(C)C)C(=O)NCC(=O)N,10.15
406,CHEMBL2037506,CC[C@H](C)[C@H]1N([C@@H](C(=O)NC)c2cnc(C)cc2C)C(=O)[C@H](NC1=O)C3Cc4ccccc4C3,10.2
407,CHEMBL2037496,CN(C)C(=O)[C@H](N1[C@H](CC(C)(C)C)C(=O)N[C@H](C2Cc3ccccc3C2)C1=O)c4ccc(C)nc4,10.2
408,CHEMBL3353931,CCCCN(CC(=O)N[C@@H](CC(C)C)C(=O)NCC(=O)N)C(=O)[C@@H]1CSSCCC(=O)N[C@@H](Cc2ccc(O)cc2)C(=O)N[C@@H]([C@@H](C)CC)C(=O)N[C@@H](CCC(=O)N)C(=O)N[C@@H](CC(=O)N)C(=O)N1,10.22
409,CHEMBL3353935,CCOc1ccc(C[C@@H]2NC(=O)CCCSC[C@H](NC(=O)[C@H](CC(=O)N)NC(=O)[C@H](CCC(=O)N)NC(=O)[C@@H](NC2=O)[C@@H](C)CC)C(=O)N3C[C@@H](O)C[C@H]3C(=O)N[C@@H](CC(C)C)C(=O)NCC(=O)N)cc1,10.22
410,CHEMBL3353949,CC[C@H](C)[C@@H]1NC(=O)[C@H](Cc2ccc(O)cc2)NC(=O)CCSSC[C@H](NC(=O)[C@H](CC(=O)N)NC(=O)[C@H](CCC(=O)N)NC1=O)C(=O)N(CC(=O)N[C@@H](CC(C)C)C(=O)NCC(=O)N)Cc3ccc(OC)cc3,10.22
411,CHEMBL2037513,CCC(CC)[C@H]1N([C@@H](C(=O)N(C)C)c2ccc(C)nc2)C(=O)[C@H](NC1=O)C3Cc4ccccc4C3,10.3
412,CHEMBL2037515,CCC(CC)[C@H]1N([C@@H](C(=O)NC)c2ccc(C)nc2C)C(=O)[C@H](NC1=O)C3Cc4ccccc4C3,10.3
413,CHEMBL3354589,CC[C@H](C)[C@@H]1NC(=O)[C@H](Cc2ccc(O)cc2)NC(=O)CCSCC[C@H](NC(=O)[C@H](CC(=O)N)NC(=O)[C@H](CCC(=O)N)NC1=O)C(=O)N(CC(=O)N[C@@H](CC(C)C)C(=O)NCC(=O)N)Cc3ccccc3,10.3
414,CHEMBL3354598,CC[C@H](C)[C@@H]1NC(=O)[C@H](Cc2ccc(O)cc2)NC(=O)CCSCC[C@H](NC(=O)[C@H](CC(=O)N)NC(=O)[C@H](CCC(=O)N)NC1=O)C(=O)N(CCc3ccccc3)CC(=O)N[C@@H](CC(C)C)C(=O)NCC(=O)N,10.3
415,CHEMBL3353929,CC[C@H](C)[C@@H]1NC(=O)[C@H](Cc2ccc(O)cc2)NC(=O)CCSSC[C@H](NC(=O)[C@H](CC(=O)N)NC(=O)[C@H](CCC(=O)N)NC1=O)C(=O)N(CC(=O)N[C@@H](CC(C)C)C(=O)NCC(=O)N)C3CC3,10.3
416,CHEMBL2037508,CC[C@H](C)[C@H]1N([C@@H](C(=O)N2CCOCC2)c3cnc(C)cc3C)C(=O)[C@H](NC1=O)C4Cc5ccccc5C4,10.3
417,CHEMBL3354588,CC[C@H](C)[C@@H]1NC(=O)[C@H](Cc2ccc(O)cc2)NC(=O)CCCSC[C@H](NC(=O)[C@H](CC(=O)N)NC(=O)[C@H](CCC(=O)N)NC1=O)C(=O)N(CC(=O)N[C@@H](CC(C)C)C(=O)NCC(=O)N)Cc3ccccc3,10.4
418,CHEMBL3354597,CC[C@H](C)[C@@H]1NC(=O)[C@H](Cc2ccc(O)cc2)NC(=O)CCCSC[C@H](NC(=O)[C@H](CC(=O)N)NC(=O)[C@H](CCC(=O)N)NC1=O)C(=O)N(CCc3ccccc3)CC(=O)N[C@@H](CC(C)C)C(=O)NCC(=O)N,10.4
419,CHEMBL3354595,CC[C@H](C)[C@@H]1NC(=O)[C@H](Cc2ccc(O)cc2)NC(=O)CCSCC[C@H](NC(=O)[C@H](CC(=O)N)NC(=O)[C@H](CCC(=O)N)NC1=O)C(=O)N(CC(=O)N[C@@H](CC(C)C)C(=O)NCC(=O)N)Cc3ccc(F)cc3,10.4
420,CHEMBL2037507,CC[C@H](C)[C@H]1N([C@@H](C(=O)N(C)C)c2cnc(C)cc2C)C(=O)[C@H](NC1=O)C3Cc4ccccc4C3,10.4
421,CHEMBL2037516,CCC(CC)[C@H]1N([C@@H](C(=O)N(C)C)c2ccc(C)nc2C)C(=O)[C@H](NC1=O)C3Cc4ccccc4C3,10.5
422,CHEMBL2037517,CCC(CC)[C@H]1N([C@@H](C(=O)N2CCOCC2)c3ccc(C)nc3C)C(=O)[C@H](NC1=O)C4Cc5ccccc5C4,10.5
423,CHEMBL3353942,CC[C@H](C)[C@@H]1NC(=O)[C@H](Cc2ccc(O)cc2)NC(=O)CCSSC[C@H](NC(=O)[C@H](CC(=O)N)NC(=O)[C@H](CCC(=O)N)NC1=O)C(=O)N(CCOC)CC(=O)N[C@@H](CC(C)C)C(=O)NCC(=O)N,10.52
424,CHEMBL2037514,CCC(CC)[C@H]1N([C@@H](C(=O)N2CCOCC2)c3ccc(C)nc3)C(=O)[C@H](NC1=O)C4Cc5ccccc5C4,10.6
425,CHEMBL3354592,CC[C@H](C)[C@@H]1NC(=O)[C@H](Cc2ccc(O)cc2)NC(=O)CCSCC[C@H](NC(=O)[C@H](CC(=O)N)NC(=O)[C@H](CCC(=O)N)NC1=O)C(=O)N(CC(=O)N[C@@H](CC(C)C)C(=O)NCC(=O)N)Cc3cccc(C)c3,10.7
426,CHEMBL3354571,CC[C@H](C)[C@@H]1NC(=O)[C@H](Cc2ccc(O)cc2)NC(=O)CCSSC[C@H](NC(=O)[C@H](CC(=O)N)NC(=O)[C@H](CCC(=O)N)NC1=O)C(=O)N(CCc3cccs3)CC(=O)N[C@@H](CC(C)C)C(=O)NCC(=O)N,10.7
427,CHEMBL3353955,CC[C@H](C)[C@@H]1NC(=O)[C@H](Cc2ccc(O)cc2)NC(=O)CCSSC[C@H](NC(=O)[C@H](CC(=O)N)NC(=O)[C@H](CCC(=O)N)NC1=O)C(=O)N(CCc3ccncc3)CC(=O)N[C@@H](CC(C)C)C(=O)NCC(=O)N,10.7
428,CHEMBL3353940,CCCCCCN(CC(=O)N[C@@H](CC(C)C)C(=O)NCC(=O)N)C(=O)[C@@H]1CSSCCC(=O)N[C@@H](Cc2ccc(O)cc2)C(=O)N[C@@H]([C@@H](C)CC)C(=O)N[C@@H](CCC(=O)N)C(=O)N[C@@H](CC(=O)N)C(=O)N1,11.0
429,CHEMBL3354579,CC[C@H](C)[C@@H]1NC(=O)[C@H](Cc2ccc(O)cc2)NC(=O)CCCSC[C@H](NC(=O)[C@H](CC(=O)N)NC(=O)[C@H](CCC(=O)N)NC1=O)C(=O)N(CCCO)CC(=O)N[C@@H](CC(C)C)C(=O)NCC(=O)N,11.0
430,CHEMBL3353932,CC[C@H](C)[C@@H]1NC(=O)[C@H](Cc2ccc(O)cc2)NC(=O)CCSSC[C@H](NC(=O)[C@H](CC(=O)N)NC(=O)[C@H](CCC(=O)N)NC1=O)C(=O)N(CC(=O)N[C@@H](CC(C)C)C(=O)NCC(=O)N)C3CCC3,11.0
431,CHEMBL3353939,CC[C@H](C)[C@@H]1NC(=O)[C@H](Cc2ccc(O)cc2)NC(=O)CCSSC[C@H](NC(=O)[C@H](CC(=O)N)NC(=O)[C@H](CCC(=O)N)NC1=O)C(=O)N(CC(=O)N[C@@H](CC(C)C)C(=O)NCC(=O)N)C3CCCC3,11.0
432,CHEMBL3353948,CC[C@H](C)[C@@H]1NC(=O)[C@H](Cc2ccc(O)cc2)NC(=O)CCSSC[C@H](NC(=O)[C@H](CC(=O)N)NC(=O)[C@H](CCC(=O)N)NC1=O)C(=O)N(CC(=O)N[C@@H](CC(C)C)C(=O)NCC(=O)N)Cc3ccc(F)cc3,11.0
433,CHEMBL3353946,CC[C@H](C)[C@@H]1NC(=O)[C@H](Cc2ccc(O)cc2)NC(=O)CCSSC[C@H](NC(=O)[C@H](CC(=O)N)NC(=O)[C@H](CCC(=O)N)NC1=O)C(=O)N(CC(=O)N[C@@H](CC(C)C)C(=O)NCC(=O)N)Cc3cccc(C)c3,11.0
434,CHEMBL3353956,CC[C@H](C)[C@@H]1NC(=O)[C@H](Cc2ccc(O)cc2)NC(=O)CCSSC[C@H](NC(=O)[C@H](CC(=O)N)NC(=O)[C@H](CCC(=O)N)NC1=O)C(=O)N(CC(=O)N[C@@H](CC(C)C)C(=O)NCC(=O)N)Cc3cccs3,11.0
435,CHEMBL3353930,CC[C@H](C)[C@@H]1NC(=O)[C@H](Cc2ccc(O)cc2)NC(=O)CCSSC[C@H](NC(=O)[C@H](CC(=O)N)NC(=O)[C@H](CCC(=O)N)NC1=O)C(=O)N(CC3CC3)CC(=O)N[C@@H](CC(C)C)C(=O)NCC(=O)N,11.0
0,CHEMBL32567,CN(CCn1cnc2cc(ccc12)C(=O)N3CCC(CC3)N4C(=O)OCc5ccccc45)S(=O)(=O)C,6.4
4,CHEMBL287067,Cc1c[nH]c2ccc(cc12)C(=O)N3CCC(CC3)N4C(=O)OCc5ccccc45,6.1
7,CHEMBL31823,CC(=O)NCCn1ccc2cc(ccc12)C(=O)N3CCC(CC3)N4C(=O)OCc5ccccc45,6.4
8,CHEMBL287042,CS(=O)(=O)N1CCC[C@H]1Cn2ccc3cc(ccc23)C(=O)N4CCC(CC4)N5C(=O)OCc6ccccc56,6.9
9,CHEMBL32740,Cc1cc2cc(ccc2[nH]1)C(=O)N3CCC(CC3)N4C(=O)OCc5ccccc45,6.9
10,CHEMBL30865,Cc1c(C)n(C[C@H]2CCCN2S(=O)(=O)C)c3ccc(cc13)C(=O)N4CCC(CC4)N5C(=O)OCc6ccccc56,6.4
14,CHEMBL285013,CS(=O)(=O)NCCn1ccc2cc(ccc12)C(=O)N3CCC(CC3)N4C(=O)OCc5ccccc45,6.5
19,CHEMBL285012,CN(CCCn1ccc2cc(ccc12)C(=O)N3CCC(CC3)N4C(=O)OCc5ccccc45)S(=O)(=O)C,6.8
21,CHEMBL31941,CS(=O)(=O)N1CCC[C@@H]1Cc2coc3cc(ccc23)C(=O)N4CCC(CC4)N5C(=O)OCc6ccccc56,6.7
22,CHEMBL288774,CC(=O)N1CCCC(C1)c2oc3ccc(cc3c2)C(=O)N4CCC(CC4)N5C(=O)OCc6ccccc56,6.7
25,CHEMBL31986,Cc1nc(sc1C(=O)N2CCC(CC2)N3C(=O)OCc4ccccc34)c5ccncc5,6.9
26,CHEMBL287293,Cn1ccc2cc(ccc12)C(=O)N3CCC(CC3)N4C(=O)OCc5ccccc45,6.9
28,CHEMBL32054,O=C(N1CCC(CC1)N2C(=O)OCc3ccccc23)c4ccc5ncsc5c4,6.1
29,CHEMBL282577,O=C(N1CCC(CC1)N2C(=O)OCc3ccccc23)c4ccc5cc[nH]c5c4,6.7
32,CHEMBL31691,O=C(N1CCC(CC1)N2C(=O)OCc3ccccc23)c4ccc5ccoc5c4,6.4
33,CHEMBL31241,O=C(N1CCC(CC1)N2C(=O)OCc3ccccc23)c4ccc5[nH]ccc5c4,6.7
34,CHEMBL286476,CC(=O)N1CCC[C@@H]1Cn2ccc3cc(ccc23)C(=O)N4CCC(CC4)N5C(=O)OCc6ccccc56,6.8
36,CHEMBL286084,O=C(N1CCC(CC1)N2C(=O)OCc3ccccc23)c4ccc5occc5c4,6.6
39,CHEMBL31645,O=C(N1CCC(CC1)N2C(=O)OCc3ccccc23)c4ccc5[nH]ccc5n4,6.1
40,CHEMBL31665,Cc1nc(ncc1C(=O)N2CCC(CC2)N3C(=O)OCc4ccccc34)c5cccs5,6.8
43,CHEMBL2110163,CC[C@H](C)[C@H]1NC(=O)[C@@]2(CCc3ccccc3C2)NC(=O)CCSSC[C@@H](NC(=O)[C@@H](CC(=O)N)NC(=O)[C@H](CCC(=O)N)NC1=O)C(=O)N(C)CC(=O)N[C@@H](CCCN=C(N)N)C(=O)NCC(=O)N,6.43
56,CHEMBL31556,FC(F)(F)C1=CN(Cc2cccc(c2)c3oc4ccc(cc4c3)C(=O)N5CCC(CC5)N6C(=O)OCc7ccccc67)C(=O)C=C1,6.1
61,CHEMBL2110297,CC[C@H](C)[C@H]1NC(=O)[C@]2(CCc3ccccc3C2)NC(=O)CCSSC[C@@H](NC(=O)[C@@H](CC(=O)N)NC(=O)[C@H](CCC(=O)N)NC1=O)C(=O)N(C)CC(=O)N[C@@H](CCCN=C(N)N)C(=O)NCC(=O)N,5.72
65,CHEMBL395429,CC[C@H](C)[C@@H]1NC(=O)[C@H](Cc2ccc(O)cc2)NC(=O)[C@@H](N)CSSC[C@H](NC(=O)[C@H](CC(=O)N)NC(=O)[C@H](CCC(=O)N)NC1=O)C(=O)N3CCC[C@H]3C(=O)N[C@@H](CC(C)C)C(=O)NCC(=O)N,8.17
73,CHEMBL30587,FC(F)(F)C1=CN(C2CCN(Cc3oc4ccc(cc4c3)C(=O)N5CCC(CC5)N6C(=O)OCc7ccccc67)CC2)C(=O)C=C1,6.1
75,CHEMBL2371240,CC[C@H](C)[C@@H]1NC(=O)[C@H]2N(CCc3c2[nH]c4ccccc34)C(=O)CCSSC[C@@H](NC(=O)[C@H](CC(=O)N)NC(=O)[C@H](CCC(=O)N)NC1=O)C(=O)N(C)CC(=O)N[C@@H](CCCN=C(N)N)C(=O)NCC(=O)N,4.24
88,CHEMBL143304,CC(=O)NCCCOc1ccc(cc1)C(=O)N2CCC(CC2)N3C(=O)OCc4ccccc34,6.89
89,CHEMBL296908,CC(=O)NCCCOc1ccc(cc1)C(=O)N2CCC(CC2)N3C(=O)CCc4ccccc34,6.77
90,CHEMBL344752,CC(=O)N1CCCCC1CCOc2ccc(cc2)C(=O)N3CCC(CC3)N4C(=O)OCc5ccccc45,6.82
91,CHEMBL142324,CC(=O)N1CCCC(COc2ccc(cc2)C(=O)N3CCC(CC3)N4C(=O)OCc5ccccc45)C1,6.7
92,CHEMBL143341,CC(=O)NCCCOc1ccc(cc1)C(=O)N2CCC(CC2)N3C(=O)NCc4ccccc34,5.68
96,CHEMBL25502,CC(=O)N1CCC(CC1)Oc2ccc(CC(=O)N3CCC(CC3)N4C(=O)OCc5ccccc45)cc2,6.41
100,CHEMBL25611,COc1ccc(CCC(=O)N2CCC(CC2)N3C(=O)OCc4ccccc34)c(OC)c1,6.62
106,CHEMBL280678,C[C@@H](O)CN1CCC[C@H](C1)C(=O)NC2CC3CCC2(CS(=O)(=O)N4CCC5(CC4)CCc6ccccc56)C3(C)C,6.89
107,CHEMBL277400,CC1(C)C2CCC1(CS(=O)(=O)N3CCC4(CC3)CCc5ccccc45)C(C2)NC(=O)C6CCCNC6,7.17
109,CHEMBL2369845,CCC[C@@H]1NC(=O)[C@H](Cc2ccccc2)NC(=O)[C@H](Cc3ccc(O)cc3)NC(=O)CCSSC[C@H](NC(=O)[C@H](CC(=O)N)NC1=O)C(=O)N4CCC[C@H]4C(=O)N[C@@H](CCCN=C(N)N)C(=O)NCC(=O)N,6.88
111,CHEMBL2369834,NCC[C@@H]1NC(=O)[C@H](Cc2ccccc2)NC(=O)[C@H](Cc3ccc(O)cc3)NC(=O)CCSSC[C@H](NC(=O)[C@H](CC(=O)N)NC1=O)C(=O)N4CCC[C@H]4C(=O)N[C@@H](CCCN=C(N)N)C(=O)NCC(=O)N,6.32
113,CHEMBL384292,CN(CC(=O)N[C@@H](CCCN=C(N)N)C(=O)NCC(=O)N)C(=O)[C@@H]1CSSC2(CCCCC2)CC(=O)N[C@@H](Cc3ccc(O)cc3)C(=O)N[C@@H](Cc4ccccc4)C(=O)N[C@@H](CCC(=O)N)C(=O)N[C@@H](CC(=O)N)C(=O)N1,6.8
114,CHEMBL268306,CC(C)C[C@@H]1NC(=O)[C@@H](Cc2ccccc2)NC(=O)[C@H](Cc3ccc(O)cc3)NC(=O)CCSSC[C@@H](NC(=O)[C@@H](CC(=O)N)NC1=O)C(=O)N4CCC[C@@H]4C(=O)N[C@@H](CCCN=C(N)N)C(=O)NCC(=O)N,6.68
117,CHEMBL1793955,CC[C@H](C)[C@@H]1NC(=O)CC2(CCCCC2)SSC[C@H](NC(=O)[C@H](CC(=O)N)NC(=O)[C@H](CCC(=O)N)NC(=O)[C@H](Cc3ccccc3)NC1=O)C(=O)N(C)CC(=O)N[C@@H](CCCN=C(N)N)C(=O)NCC(=O)N,6.58
118,CHEMBL2369842,NC(=O)CNC(=O)[C@H](CCCN=C(N)N)NC(=O)[C@@H]1CCCN1C(=O)[C@@H]2CSSCCC(=O)N[C@@H](Cc3ccc(O)cc3)C(=O)N[C@@H](Cc4ccccc4)C(=O)N[C@@H](Cc5ccc(O)cc5)C(=O)N[C@@H](CC(=O)N)C(=O)N2,6.9
119,CHEMBL435021,CC[C@H](C)[C@@H]1NC(=O)[C@@H](Cc2c[nH]c3ccccc23)NC(=O)[C@@H]4CCCN4C(=O)[C@@H](Cc5ccccc5)N(C)C(=O)[C@@H]6CNCCN6C(=O)[C@H]7CCCCN7C1=O,8.33
122,CHEMBL2369836,NC(=O)CNC(=O)[C@H](CCCN=C(N)N)NC(=O)[C@@H]1CCCN1C(=O)[C@@H]2CSSCCC(=O)N[C@@H](Cc3ccc(O)cc3)C(=O)N[C@@H](Cc4ccccc4)C(=O)N[C@@H](CCCCN=C(N)N)C(=O)N[C@@H](CC(=O)N)C(=O)N2,5.87
123,CHEMBL265858,NC(=O)CNC(=O)[C@H](CCCN=C(N)N)NC(=O)[C@@H]1CCCN1C(=O)[C@@H]2CSSCCC(=O)N[C@@H](Cc3ccc(O)cc3)C(=O)N[C@@H](Cc4ccccc4)C(=O)N[C@@H](CC5CCCCC5)C(=O)N[C@@H](CC(=O)N)C(=O)N2,6.62
126,CHEMBL1790937,CC[C@@H](C)[C@@H]1NC(=O)[C@@H](Cc2c[nH]c3ccccc23)NC(=O)[C@@H]4CCCN4C(=O)[C@@H](Cc5c[nH]cn5)NC(=O)[C@@H]6CCCCN6C(=O)[C@H]7CCCCN7C1=O,7.77
129,CHEMBL376685,NC(=O)CC[C@@H]1NC(=O)[C@H](Cc2ccccc2)NC(=O)[C@H](Cc3ccc(O)cc3)NC(=O)CCSSC[C@H](NC(=O)[C@H](CC(=O)N)NC1=O)C(=O)N4CCC[C@H]4C(=O)N[C@@H](CCCNC(=N)N)C(=O)NCC(=O)N,8.3
130,CHEMBL338308,CC[C@H](C)[C@@H]1NC(=O)[C@@H](Cc2ccccc2)NC(=O)[C@@H]3CCCN3C(=O)[C@@H](Cc4ccccc4)N(C)C(=O)[C@H](CCCN)NC(=O)[C@H]5CCC=NN5C1=O,7.48
134,CHEMBL2369829,CC[C@@H]1NC(=O)[C@H](Cc2ccccc2)NC(=O)[C@H](Cc3ccc(O)cc3)NC(=O)CCSSC[C@H](NC(=O)[C@H](CC(=O)N)NC1=O)C(=O)N4CCC[C@H]4C(=O)N[C@@H](CCCN=C(N)N)C(=O)NCC(=O)N,6.65
135,CHEMBL2369848,NC(=O)CNC(=O)[C@H](CCCN=C(N)N)NC(=O)[C@@H]1CCCN1C(=O)[C@@H]2CSSCCC(=O)N[C@@H](Cc3ccc(O)cc3)C(=O)N[C@@H](Cc4ccccc4)C(=O)N[C@@H](Cc5cccs5)C(=O)N[C@@H](CC(=O)N)C(=O)N2,6.43
136,CHEMBL2112249,CC[C@H](C)[C@@H]1NC(=O)[C@@H](Cc2ccc3ccccc3c2)NC(=O)[C@@H]4CCCN4C(=O)[C@@H](Cc5c[nH]cn5)NC(=O)[C@@H]6CCCCN6C(=O)[C@H]7CCCCN7C1=O,8.19
138,CHEMBL375096,NCCC[C@@H]1NC(=O)[C@H](Cc2ccccc2)NC(=O)[C@H](Cc3ccc(O)cc3)NC(=O)CCSSC[C@H](NC(=O)[C@H](CC(=O)N)NC1=O)C(=O)N4CCC[C@H]4C(=O)N[C@@H](CCCN=C(N)N)C(=O)NCC(=O)N,6.49
140,CHEMBL2369830,CCCC[C@@H]1NC(=O)[C@H](Cc2ccccc2)NC(=O)[C@H](Cc3ccc(O)cc3)NC(=O)CCSSC[C@H](NC(=O)[C@H](CC(=O)N)NC1=O)C(=O)N4CCC[C@H]4C(=O)N[C@@H](CCCN=C(N)N)C(=O)NCC(=O)N,6.85
141,CHEMBL2369847,NC(=O)CNC(=O)[C@H](CCCN=C(N)N)NC(=O)[C@@H]1CCCN1C(=O)[C@@H]2CSSCCC(=O)N[C@@H](Cc3ccc(O)cc3)C(=O)N[C@@H](Cc4ccccc4)C(=O)N[C@@H](Cc5ccccc5)C(=O)N[C@@H](CC(=O)N)C(=O)N2,6.79
142,CHEMBL2369841,NC[C@@H]1NC(=O)[C@H](Cc2ccccc2)NC(=O)[C@H](Cc3ccc(O)cc3)NC(=O)CCSSC[C@H](NC(=O)[C@H](CC(=O)N)NC1=O)C(=O)N4CCC[C@H]4C(=O)N[C@@H](CCCN=C(N)N)C(=O)NCC(=O)N,5.99
143,CHEMBL2369835,NC(=O)CNC(=O)[C@H](CCCN=C(N)N)NC(=O)[C@@H]1CCCN1C(=O)[C@@H]2CSSCCC(=O)N[C@@H](Cc3ccc(O)cc3)C(=O)N[C@@H](Cc4ccccc4)C(=O)N[C@@H](CCC(=O)O)C(=O)N[C@@H](CC(=O)N)C(=O)N2,6.18
144,CHEMBL2369840,NC(=O)CNC(=O)[C@H](CCCN=C(N)N)NC(=O)[C@@H]1CCCN1C(=O)[C@@H]2CSSCCC(=O)N[C@@H](Cc3ccc(O)cc3)C(=O)N[C@@H](Cc4ccccc4)C(=O)N[C@@H](Cc5c[nH]c6ccccc56)C(=O)N[C@@H](CC(=O)N)C(=O)N2,6.65
145,CHEMBL2112248,CC[C@H](C)[C@@H]1NC(=O)[C@@H](Cc2c[nH]c3ccccc23)NC(=O)[C@@H]4CCCN4C(=O)[C@@H](Cc5c[nH]cn5)NC(=O)[C@@H]6CCCCN6C(=O)[C@H]7CCC=NN7C1=O,8.64
147,CHEMBL1790575,CC[C@H](C)[C@@H]1NC(=O)[C@@H](Cc2ccccc2)NC(=O)[C@H](Cc3ccc(O)cc3)NC(=O)CCSSC[C@@H](NC(=O)[C@@H](CC(=O)N)NC1=O)C(=O)N4CCC[C@@H]4C(=O)N[C@@H](CCCN=C(N)N)C(=O)NCC(=O)N,6.99
148,CHEMBL2369838,NC(=O)CNC(=O)[C@H](CCCN=C(N)N)NC(=O)[C@@H]1CCCN1C(=O)[C@@H]2CSSCCC(=O)N[C@@H](Cc3ccc(O)cc3)C(=O)N[C@@H](Cc4ccccc4)C(=O)N[C@@H](CO)C(=O)N[C@@H](CC(=O)N)C(=O)N2,6.69
149,CHEMBL2369837,NCCCC[C@@H]1NC(=O)[C@H](Cc2ccccc2)NC(=O)[C@H](Cc3ccc(O)cc3)NC(=O)CCSSC[C@H](NC(=O)[C@H](CC(=O)N)NC1=O)C(=O)N4CCC[C@H]4C(=O)N[C@@H](CCCN=C(N)N)C(=O)NCC(=O)N,5.85
151,CHEMBL375324,NC(=O)CNC(=O)[C@H](CCCN=C(N)N)NC(=O)[C@@H]1CCCN1C(=O)[C@@H]2CSSCCC(=O)N[C@@H](Cc3ccc(O)cc3)C(=O)N[C@@H](Cc4ccccc4)C(=O)N[C@@H](CCCN=C(N)N)C(=O)N[C@@H](CC(=O)N)C(=O)N2,5.97
152,CHEMBL80877,NC(=O)CNC(=O)[C@H](CCCN=C(N)N)NC(=O)[C@H]1CCCN1C(=O)[C@H]2CSSCCC(=O)N[C@@H](Cc3ccc(O)cc3)C(=O)N[C@H](Cc4ccccc4)C(=O)NCC(=O)N[C@H](CC(=O)N)C(=O)N2,6.26
153,CHEMBL221436,CC(C)[C@@H]1NC(=O)[C@H](Cc2ccccc2)NC(=O)[C@H](Cc3ccc(O)cc3)NC(=O)CCSSC[C@H](NC(=O)[C@H](CC(=O)N)NC1=O)C(=O)N4CCC[C@H]4C(=O)N[C@@H](CCCNC(=N)N)C(=O)NCC(=O)N,6.87
154,CHEMBL2112378,CC[C@@H](C)[C@@H]1NC(=O)[C@@H](NC(=O)[C@@H](Cc2c[nH]c3ccccc23)NC(=O)CCCSC[C@@H](CCCCN)NC(=O)[C@H](CC(=O)N)NC1=O)[C@@H](C)CC,8.55
155,CHEMBL2112376,CC[C@@H](C)[C@@H]1NC(=O)[C@@H](NC(=O)[C@@H](Cc2c[nH]c3ccccc23)NC(=O)CCCSC[C@@H]4CCCN4C(=O)[C@H](CC(=O)N)NC1=O)[C@@H](C)CC,6.0
156,CHEMBL328348,CC[C@@H](C)[C@@H]1NC(=O)[C@@H](NC(=O)[C@@H](Cc2c[nH]c3ccccc23)NC(=O)CCCSC[C@H](CCCN)NC(=O)[C@H](CC(=O)N)NC1=O)[C@@H](C)CC,7.59
158,CHEMBL2369136,CC[C@H](C)[C@@H]1NC(=O)[C@@H](NC(=O)[C@H](N)C(C)(C)SSC[C@@H]2NC(=O)[C@@H](CC(=O)N)NC(=O)[C@@H](CCC(=O)NCCCC[C@@H](NC(=O)[C@H]3CCCN3C2=O)C(=O)NCC(=O)N)NC1=O)[C@@H](C)c4c(C)cc(OC)cc4C,8.1
159,CHEMBL406351,CC[C@H](C)[C@@H]1NC(=O)[C@@H](Cc2ccc(O)cc2)NC(=O)[C@H](N)C(C)(C)SSC[C@@H]3NC(=O)[C@@H](CC(=O)N)NC(=O)[C@@H](CCC(=O)NCCCC[C@@H](NC(=O)[C@H]4CCCN4C3=O)C(=O)NCC(=O)N)NC1=O,6.89
160,CHEMBL2369135,CC[C@H](C)[C@@H]1NC(=O)[C@H](NC(=O)[C@H](N)C(C)(C)SSC[C@@H]2NC(=O)[C@@H](CC(=O)N)NC(=O)[C@@H](CCC(=O)NCCCC[C@@H](NC(=O)[C@H]3CCCN3C2=O)C(=O)NCC(=O)N)NC1=O)[C@H](C)c4c(C)cc(OC)cc4C,6.8
161,CHEMBL2370761,CC[C@H](C)[C@@H]1NC(=O)[C@@H](NC(=O)[C@H](N)C(C)(C)SSC[C@@H]2NC(=O)[C@@H](CC(=O)N)NC(=O)[C@@H](CCC(=O)NCCCC[C@@H](NC(=O)[C@H]3CCCN3C2=O)C(=O)NCC(=O)N)NC1=O)[C@H](C)c4c(C)cc(OC)cc4C,4.72
162,CHEMBL2370768,CC[C@H](C)[C@@H]1NC(=O)[C@H](NC(=O)[C@H](N)C(C)(C)SSC[C@@H]2NC(=O)[C@@H](CC(=O)N)NC(=O)[C@@H](CCC(=O)NCCCC[C@@H](NC(=O)[C@H]3CCCN3C2=O)C(=O)NCC(=O)N)NC1=O)[C@@H](C)c4c(C)cc(OC)cc4C,4.44
165,CHEMBL322162,COc1cc(OC(c2ccccc2)c3ccccc3)ccc1C(=O)N4CCC(CC4)N5C(=O)OCc6ccccc56,5.75
174,CHEMBL105673,COc1cc(O[C@@H](C)c2ccncc2)ccc1C(=O)N3CCC(CC3)N4C(=O)OCc5ccccc45,6.8
176,CHEMBL105733,COc1cc(OC2CCCc3ccccc23)ccc1C(=O)N4CCC(CC4)N5C(=O)OCc6ccccc56,6.59
190,CHEMBL285608,CC(=O)CCCC(=O)NC1N=C(c2ccccc2)c3ccccc3N(CC(=O)N[C@@H](Cc4cccs4)C(=O)N)C1=O,9.0
218,CHEMBL1790722,CC[C@@H](C)[C@H]1NC(=O)[C@@H](NC(=O)CC2(CCCCC2)SSC[C@@H](NC(=O)[C@@H](CC(=O)N)NC(=O)[C@H](NC1=O)C(C)O)C(=O)N3CCC[C@@H]3C(=O)N[C@@H](CCCNC(=O)c4ccc5C(=O)OC6(c7ccc(O)cc7Oc8cc(O)ccc68)c5c4)C(=O)O)c9ccc(O)cc9,6.9
221,CHEMBL428694,CN(CCc1cccc(Cl)c1)C(=O)CN2C(=O)C(NC(=O)C)N=C(c3ccccc3)c4ccccc24,5.8
232,CHEMBL24353,CC(=O)CCCC(=O)NC1N=C(C)c2ccccc2N(CC(=O)N[C@@H](Cc3ccc(Cl)c(Cl)c3)C(=O)N)C1=O,6.7
240,CHEMBL25310,CC(=O)CCCC(=O)NC1N=C(c2ccccc2)c3ccccc3N(CC(=O)NCCc4ccccc4)C1=O,6.5
241,CHEMBL422044,CC(=O)NC1N=C(c2ccccc2)c3ccccc3N(CC(=O)N[C@H](Cc4ccc(Cl)c(Cl)c4)C(=O)N)C1=O,6.1
246,CHEMBL26398,CS(=O)(=O)NC1N=C(c2ccccc2)c3ccccc3N(CC(=O)N[C@@H](Cc4ccc(Cl)c(Cl)c4)C(=O)N)C1=O,6.3
247,CHEMBL278619,CC(=O)CCCC(=O)NC1N=C(Cn2ccnc2)c3ccccc3N(CC(=O)N[C@@H](Cc4ccc(Cl)c(Cl)c4)C(=O)N)C1=O,6.1
250,CHEMBL25067,CC(=O)CCCC(=O)NC1N=C(c2ccccc2)c3ccccc3N(CC(=O)NCCc4ccccc4Cl)C1=O,6.7
253,CHEMBL278093,CC(=O)CCCC(=O)NC1N=C(c2ccccc2)c3ccccc3N(CC(=O)N[C@@H](CC4CCCCC4)C(=O)N)C1=O,6.1
261,CHEMBL278988,CC(=O)NC1N=C(c2ccccc2)c3ccccc3N(CC(=O)NCc4onc(n4)c5ccccc5)C1=O,6.1
267,CHEMBL443300,CO[C@@H]1C[C@H](N(C1)C(=O)NCc2ccc(cc2Cl)C(=O)N3CCCCc4sccc34)C(=O)N5CCC(CC5)N6CCCCC6,5.66
269,CHEMBL185152,CN1CCCN(CC1)C(=S)[C@@H]2CCCN2C(=O)NCc3ccc(cc3Cl)C(=O)N4CCCCc5sccc45,6.09
270,CHEMBL365862,CN1CCCN(CC1)C(=S)[C@@H]2CCCN2C(=O)NCc3ccc(cc3C)C(=O)N4CCCCc5sccc45,6.19
272,CHEMBL445393,CO[C@@H]1C[C@H](N(C1)C(=O)NCc2ccc(cc2Cl)C(=O)N3CCCCc4sccc34)C(=O)NCCc5ccccn5,5.82
273,CHEMBL182627,CO[C@@H]1C[C@H](N(C1)C(=O)NCc2ccc(cc2Cl)C(=O)N3CCCCc4sccc34)\C(=N\CCc5ccccn5)\S,6.33
274,CHEMBL362382,CO[C@@H]1C[C@H](N(C1)C(=O)NCc2ccc(cc2Cl)C(=O)N3CCCCc4sccc34)C(=O)N5CCC(CC5)N6CCCC6,5.64
275,CHEMBL181487,CO[C@@H]1C[C@H](N(C1)C(=O)NCc2ccc(cc2Cl)C(=O)N3CCCCc4sccc34)C(=S)N5CCC(CC5)N6CCCC6,6.32
276,CHEMBL364994,CO[C@@H]1C[C@H](N(C1)C(=O)NCc2ccc(cc2Cl)C(=O)N3CCCCc4sccc34)C(=O)N5CCCN(C)CC5,5.55
277,CHEMBL362483,CO[C@@H]1C[C@H](N(C1)C(=O)NCc2ccc(cc2Cl)C(=O)N3CCCCc4sccc34)C(=S)N5CCCN(C)CC5,6.37
293,CHEMBL371983,CC(C)C[C@H]1N([C@@H](C(=O)NC(C)(C)C)c2cccc(c2)N3CCN(C)CC3)C(=O)[C@H](NC1=O)C4Cc5ccccc5C4,6.8
295,CHEMBL372619,CC(C)C[C@H]1N([C@H](C(=O)NC(C)C)c2ccc(NC(=O)C)cc2)C(=O)[C@H](NC1=O)C3Cc4ccccc4C3,6.9
302,CHEMBL196688,CC(C)C[C@H]1N([C@H](C(=O)NC(C)C)c2ccc(cc2)C(=O)N)C(=O)[C@H](NC1=O)C3Cc4ccccc4C3,6.8
304,CHEMBL198964,CC(C)C[C@H]1N([C@H](C(=O)NC(C)(C)C)c2ccc(Cl)cc2)C(=O)[C@H](NC1=O)C3Cc4ccccc4C3,6.8
306,CHEMBL372516,CC(C)C[C@H]1N([C@H](C(=O)NC(C)(C)C)c2ccc(OC(F)(F)F)cc2)C(=O)[C@H](NC1=O)C3Cc4ccccc4C3,6.8
309,CHEMBL194431,CC(C)C[C@@H]1CN[C@H](C2Cc3ccccc3C2)C(=O)N1[C@@H](C(=O)NC(C)C)c4ccccc4,6.5
314,CHEMBL2113200,CN(C)CCCOc1ccc(cc1)S(=O)(=O)N(CC(=O)N\N=C\2/C(=O)Nc3ccncc23)c4ccc(Cl)cc4,6.94
315,CHEMBL2113196,CN(C)CCCOc1ccc(cc1)S(=O)(=O)N(CC(=O)N\N=C\2/C(=O)N(CC(=O)N)c3ccccc23)c4ccc(Cl)cc4,6.49
317,CHEMBL2113195,COC(=O)c1cccc2\C(=N\NC(=O)CN(c3ccc(Cl)cc3)S(=O)(=O)c4ccc(OCCCN(C)C)cc4)\C(=O)Nc12,6.96
319,CHEMBL2113181,OCCCNC(=O)CCc1ccc(cc1)S(=O)(=O)N(CC(=O)N\N=C\2/C(=O)Nc3ccccc23)c4ccc(Cl)cc4,9.05
328,CHEMBL382515,Cc1ccc(cc1)N(CC(=O)N=Nc2c(O)[nH]c3ccccc23)S(=O)(=O)c4ccc(cc4)c5ccccc5,6.98
329,CHEMBL2113205,Cc1ccc(cc1)N(CC(=O)N\N=C\2/C(=O)Nc3ccccc23)S(=O)(=O)c4ccc(cc4)C#N,6.96
330,CHEMBL2113216,CCCOc1ccc(cc1)S(=O)(=O)N(CC(=O)N\N=C\2/C(=O)Nc3ccccc23)c4ccc(C)cc4,7.68
331,CHEMBL2113215,COc1ccc(cc1)S(=O)(=O)N(CC(=O)N\N=C\2/C(=O)Nc3ccccc23)c4ccc(C)cc4,7.7
332,CHEMBL2113214,CCC(C)(C)c1ccc(cc1)S(=O)(=O)N(CC(=O)N\N=C\2/C(=O)Nc3ccccc23)c4ccc(Cl)cc4,5.76
333,CHEMBL2113213,CC(C)(C)c1ccc(cc1)S(=O)(=O)N(CC(=O)N\N=C/2\C(=O)Nc3ccccc23)c4ccc(Cl)cc4,7.22
334,CHEMBL2113212,CCCc1ccc(cc1)S(=O)(=O)N(CC(=O)N\N=C\2/C(=O)Nc3ccccc23)c4ccc(Cl)cc4,7.44
337,CHEMBL2113207,Clc1ccc(cc1)N(CC(=O)N\N=C\2/C(=O)Nc3ccccc23)S(=O)(=O)c4ccccc4,8.06
338,CHEMBL200729,Cc1ccc(cc1)N(CC(=O)N=Nc2c(O)[nH]c3ccccc23)S(=O)(=O)c4ccc5ccccc5c4,6.62
339,CHEMBL2113206,Cc1ccc(cc1)N(CC(=O)N\N=C\2/C(=O)Nc3ccccc23)S(=O)(=O)c4cccc5ccccc45,6.76
340,CHEMBL2113204,Clc1ccc(cc1)N(CC(=O)N\N=C\2/C(=O)Nc3ccccc23)S(=O)(=O)c4cccs4,7.43
341,CHEMBL371223,COc1ccc(cc1OC)S(=O)(=O)N(CC(=O)N=Nc2c(O)[nH]c3ccccc23)c4ccc(Cl)cc4,7.75
342,CHEMBL383149,CCOc1ccc(cc1)S(=O)(=O)N(CC(=O)N2Cc3ccccc3C2C(=O)N)c4ccc(OC)cc4,6.11
343,CHEMBL198622,CCOc1ccc(cc1)S(=O)(=O)N(CC(=O)N2Cc3ccccc3CC2C(=O)N)c4ccc(OC)cc4,6.5
344,CHEMBL197378,CCOc1ccc(cc1)S(=O)(=O)N(CC(=O)N2Cc3ccccc3CC2CC(=O)N)c4ccc(OC)cc4,6.29
345,CHEMBL427190,CCOc1ccc(cc1)S(=O)(=O)N(CC(=O)N2Cc3ccccc3CC2CC(=O)N)c4ccc(C)cc4,6.3
350,CHEMBL200368,CCOc1ccc(cc1)S(=O)(=O)N(CC(=O)N\N=C\c2ccccn2)c3ccc(Cl)cc3,5.56
354,CHEMBL200329,CCOc1ccc(cc1)S(=O)(=O)N(CC(=O)N\N=C\c2ccccc2O)c3ccc(C)cc3,7.22
361,CHEMBL200403,CCOc1ccc(cc1)S(=O)(=O)N(CC(=O)N=Nc2c(O)[nH]c3ccccc23)c4ccccc4,7.44
363,CHEMBL2113197,CCOc1ccc(cc1)S(=O)(=O)N(C(CO)C(=O)N\N=C\2/C(=O)Nc3ccccc23)c4ccc(C)cc4,5.86
364,CHEMBL2113194,CCOc1ccc(cc1)S(=O)(=O)N(C(C)C(=O)N\N=C\2/C(=O)Nc3ccccc23)c4ccc(C)cc4,6.35
365,CHEMBL381433,Cc1ccc(cc1)N(CC(=O)N2CCc3ccccc3C2)S(=O)(=O)c4ccccc4,6.33
366,CHEMBL373167,COc1ccc(cc1)N(CC(=O)N2CCc3ccccc3C2)S(=O)(=O)c4ccccc4,6.8
367,CHEMBL198780,COc1ccc(cc1OC)S(=O)(=O)N(CC(=O)Nc2cccc(Cl)c2C)c3ccc(C)cc3,6.21
368,CHEMBL200682,COc1ccc(cc1)N(CC(=O)Nc2ccc(Cl)cc2C)S(=O)(=O)c3ccccc3,6.1
370,CHEMBL114302,COc1ccc(cc1)N(CC(=O)Nc2cccc(Cl)c2C)S(=O)(=O)c3ccccc3,7.0
371,CHEMBL196974,Cc1c(Cl)cccc1NC(=O)CN(c2ccc(Cl)cc2)S(=O)(=O)c3ccccc3,6.8
372,CHEMBL200415,Cc1ccc(cc1)N(CC(=O)Nc2cccc(Cl)c2C)S(=O)(=O)c3ccccc3,7.03
373,CHEMBL196816,C\C(=N/NC(=O)CN(c1cccc(Cl)c1)S(=O)(=O)c2ccccc2)\c3ccccc3O,5.31
374,CHEMBL198630,C\C(=N/NC(=O)CN(c1ccccc1)S(=O)(=O)c2ccccc2)\c3ccccc3O,6.63
375,CHEMBL200792,Oc1ccccc1\C=N\NC(=O)CN(c2ccc(Cl)cc2)S(=O)(=O)c3ccccc3,7.17
376,CHEMBL115305,Cc1ccc(cc1)N(CC(=O)N\N=C\c2ccccc2O)S(=O)(=O)c3ccccc3,7.17
388,CHEMBL382301,CCOc1ccc(C[C@H]2NC(=O)CCSSC[C@H](NC(=O)[C@H](CC(=O)N)NC(=O)[C@@H](NC(=O)[C@@H](NC2=O)[C@@H](C)CC)[C@@H](C)O)C(=O)N3CCC[C@H]3C(=O)N[C@@H](CCCN)C(=O)NCC(=O)N)cc1,7.23
445,CHEMBL221485,NCCCC[C@H](NC(=O)[C@@H]1CCCN1C(=O)[C@@H]2CSSCCC(=O)N[C@@H](Cc3ccc(O)cc3)C(=O)N[C@@H](Cc4ccccc4)C(=O)N[C@@H](CC5CCCCC5)C(=O)N[C@@H](CC(=O)N)C(=O)N2)C(=O)NCC(=O)N,6.48
447,CHEMBL375187,NC[C@H](NC(=O)[C@@H]1CCCN1C(=O)[C@@H]2CSSCCC(=O)N[C@@H](Cc3ccc(O)cc3)C(=O)N[C@@H](Cc4ccccc4)C(=O)N[C@@H](CC5CCCCC5)C(=O)N[C@@H](CC(=O)N)C(=O)N2)C(=O)NCC(=O)N,6.32
448,CHEMBL412742,NCC[C@H](NC(=O)[C@@H]1CCCN1C(=O)[C@@H]2CSSCCC(=O)N[C@@H](Cc3ccc(O)cc3)C(=O)N[C@@H](Cc4ccccc4)C(=O)N[C@@H](CC5CCCCC5)C(=O)N[C@@H](CC(=O)N)C(=O)N2)C(=O)NCC(=O)N,6.35
449,CHEMBL263090,NCCC[C@H](NC(=O)[C@@H]1CCCN1C(=O)[C@@H]2CSSCCC(=O)N[C@@H](Cc3ccc(O)cc3)C(=O)N[C@@H](Cc4ccccc4)C(=O)N[C@@H](CC5CCCCC5)C(=O)N[C@@H](CC(=O)N)C(=O)N2)C(=O)NCC(=O)N,6.55
462,CHEMBL415417,CC(C)C[C@H](NC(=O)[C@H](NC(=O)[C@@H]1CSSC[C@H](N)C(=O)N[C@@H](Cc2ccc(O)cc2)C(=O)N[C@H](C(=O)N[C@@H](CCC(=O)N)C(=O)N[C@@H](CC(=O)N)C(=O)N1)C(C)(C)C)C(C)(C)C)C(=O)NCC(=O)N,4.29
463,CHEMBL234363,CC[C@H](C)[C@@H]1NC(=O)[C@H](Cc2ccc(O)cc2)NC(=O)[C@@H](N)CSSC[C@H](NC(=O)[C@H](CC(=O)N)NC(=O)[C@H](CCC(=O)N)NC1=O)C(=O)N[C@@H](C(=O)N[C@@H](CC(C)C)C(=O)NCC(=O)N)C(C)(C)C,5.86
464,CHEMBL395430,CC[C@H](C)[C@@H]1NC(=O)[C@H](Cc2ccc(O)cc2)NC(=O)[C@@H](N)CSSC[C@H](NC(=O)[C@H](CC(=O)N)NC(=O)[C@H](CCC(=O)N)NC1=O)C(=O)NC(C)(C)C(=O)N[C@@H](CC(C)C)C(=O)NCC(=O)N,7.13
465,CHEMBL435159,CC[C@H](C)[C@@H]1NC(=O)[C@H](Cc2ccc(O)cc2)NC(=O)[C@@H](N)CSSC[C@H](NC(=O)[C@H](CC(=O)N)NC(=O)[C@H](CCC(=O)N)NC1=O)C(=O)N3Cc4ccccc4C[C@@H]3C(=O)N[C@@H](CC(C)C)C(=O)NCC(=O)N,6.14
466,CHEMBL397407,CC[C@H](C)[C@@H]1NC(=O)[C@H](Cc2ccc(O)cc2)NC(=O)[C@@H](N)CSSC[C@H](NC(=O)[C@H](CC(=O)N)NC(=O)[C@H](CCC(=O)N)NC1=O)C(=O)N3Cc4ccccc4C[C@H]3C(=O)N[C@@H](CC(C)C)C(=O)NCC(=O)N,6.89
467,CHEMBL395290,CC[C@H](C)[C@@H]1NC(=O)[C@H](Cc2ccc(O)cc2)NC(=O)[C@@H](N)CSSC[C@H](NC(=O)[C@H](CC(=O)N)NC(=O)[C@H](CCC(=O)N)NC1=O)C(=O)N3CCCC[C@H]3C(=O)N[C@@H](CC(C)C)C(=O)NCC(=O)N,8.16
468,CHEMBL265630,CC[C@H](C)[C@@H]1NC(=O)[C@H](Cc2ccc(O)cc2)NC(=O)CCSSC[C@H](NC(=O)[C@H](CC(=O)N)NC(=O)[C@H](CCC(=O)N)NC1=O)C(=O)N3Cc4ccccc4C[C@@H]3C(=O)N[C@@H](CC(C)C)C(=O)NCC(=O)N,6.42
469,CHEMBL415418,CC[C@H](C)[C@@H]1NC(=O)[C@H](Cc2ccc(O)cc2)NC(=O)CCSSC[C@H](NC(=O)[C@H](CC(=O)N)NC(=O)[C@H](CCC(=O)N)NC1=O)C(=O)N3Cc4ccccc4C[C@H]3C(=O)N[C@@H](CC(C)C)C(=O)NCC(=O)N,6.99
471,CHEMBL393021,CCOc1ccc(C[C@@H]2NC(=O)CCSSC[C@H](NC(=O)[C@H](CC(=O)N)NC(=O)[C@H](CCC(=O)N)NC(=O)[C@@H](NC2=O)[C@@H](C)CC)C(=O)NC(C)(C)C(=O)N[C@@H](CC(C)C)C(=O)NCC(=O)N)cc1,6.31
472,CHEMBL232501,CCOc1ccc(C[C@@H]2NC(=O)CCSSC[C@H](NC(=O)[C@H](CC(=O)N)NC(=O)[C@H](CCC(=O)N)NC(=O)[C@@H](NC2=O)C(C)(C)C)C(=O)N[C@H](C(=O)N[C@@H](CC(C)C)C(=O)NCC(=O)N)C(C)(C)C)cc1,5.11
473,CHEMBL441128,CCOc1ccc(C[C@@H]2NC(=O)CCSSC[C@H](NC(=O)[C@H](CC(=O)N)NC(=O)[C@H](CCC(=O)N)NC(=O)[C@@H](NC2=O)[C@@H](C)CC)C(=O)N[C@H](C(=O)N[C@@H](CC(C)C)C(=O)NCC(=O)N)C(C)(C)C)cc1,6.0
478,CHEMBL234377,CCOc1ccc(C[C@@H]2NC(=O)CCSSC[C@H](NC(=O)[C@H](CC(=O)N)NC(=O)[C@H](CCC(=O)N)NC(=O)[C@@H](NC2=O)[C@@H](C)CC)C(=O)N3Cc4ccccc4C[C@H]3C(=O)N[C@@H](CC(C)C)C(=O)NCC(=O)N)cc1,6.75
479,CHEMBL394268,CC[C@H](C)[C@@H]1NC(=O)[C@H]2Cc3ccccc3CN2C(=O)CCSSC[C@H](NC(=O)[C@H](CC(=O)N)NC(=O)[C@H](CCC(=O)N)NC1=O)C(=O)NC(C)(C)C(=O)N[C@@H](CC(C)C)C(=O)NCC(=O)N,5.07
483,CHEMBL363910,Cc1ccn(n1)c2ccc(C(=O)N3Cc4cccn4Cc5ccccc35)c(Cl)c2,6.45
484,CHEMBL238206,Cc1ccc(F)cc1C(=O)Nc2ccc(C(=O)Nc3ccccc3Cn4cccc4C(=O)O)c(Cl)c2,6.0
485,CHEMBL237987,Cc1ccc(F)cc1C(=O)Nc2ccc(C(=O)Nc3ccccc3C(=O)O)c(Cl)c2,6.0
486,CHEMBL237772,Cc1ccc(F)cc1C(=O)Nc2ccc(C(=O)N3CC4C=CC(=O)N4Cc5ccccc35)c(Cl)c2,6.0
487,CHEMBL392363,Cc1ccc(F)cc1C(=O)Nc2ccc(C(=O)N3C=C4CCC(=O)N4Cc5ccccc35)c(Cl)c2,6.0
488,CHEMBL49429,Cc1ccc(F)cc1C(=O)Nc2ccc(C(=O)N3Cc4cccn4Cc5ccccc35)c(Cl)c2,6.29
519,CHEMBL491224,CCOc1ccc(cc1)S(=O)(=O)N(CC(=O)N\N=C\2/C(=O)Nc3ccccc23)c4ccccc4,8.22
520,CHEMBL491421,CCOc1ccc(cc1C)c2nnc(C)n2c3ccc(OC)nc3,6.85
521,CHEMBL491422,CCOc1ccc(cc1C)c2nnc(COC)n2c3ccc(OC)nc3,6.99
522,CHEMBL521789,CCOc1ccc(cc1C(F)(F)F)c2nnc(COC)n2c3ccc(OC)nc3,6.72
523,CHEMBL489386,CCOc1ccc(cc1Cl)c2nnc(COC)n2c3ccc(OC)nc3,6.84
524,CHEMBL489387,CCOc1ccc(cc1C)c2nnc(Cn3nccn3)n2c4ccc(OC)nc4,7.35
525,CHEMBL522255,CCOc1ccc(cc1C)c2nnc(COCCOC)n2c3ccc(OC)nc3,7.72
529,CHEMBL475207,O=C(N(CC1CC1)CC2CCCO2)c3ccc(cc3)c4ccccc4,7.3
530,CHEMBL514975,Clc1ccccc1c2ccc(cc2)C(=O)N(CC3CC3)CC4CCCO4,8.5
531,CHEMBL515111,COc1ccccc1c2ccc(cc2)C(=O)N(CC3CC3)CC4CCCO4,7.2
532,CHEMBL474219,CS(=O)(=O)c1ccccc1c2ccc(cc2)C(=O)N(CC3CC3)CC4CCCO4,6.2
533,CHEMBL475561,O=C(N(CC1CC1)CC2CCCO2)c3ccc(cc3)c4ccccc4C#N,5.7
535,CHEMBL514031,Cc1cc(ccc1C(=O)N(CC2CC2)CC3CCCO3)c4ccccc4,6.9
536,CHEMBL473442,Clc1cccc(c1)c2ccc(cc2)C(=O)N(CC3CC3)CC4CCCO4,8.1
537,CHEMBL473443,Clc1ccc(cc1)c2ccc(cc2)C(=O)N(CC3CC3)CC4CCCO4,7.1
538,CHEMBL447916,O=C(N(CC1CC1)CC2CCCO2)c3ccc(nc3)c4ccccc4,5.5
540,CHEMBL474621,Cc1cc(ccc1c2ccccc2)C(=O)N(CC3CCCO3)Cc4ccccc4,7.4
541,CHEMBL482323,Cc1cc(F)ccc1c2ccc(cc2)C(=O)N(CC3CCCO3)Cc4ccccc4,7.8
542,CHEMBL482321,COc1ccccc1c2ccc(cc2)C(=O)N(CC3CCCO3)Cc4ccccc4,7.2
543,CHEMBL521444,Cc1cc(ccc1C(=O)N(CC2CCCO2)Cc3ccccc3)c4ccccc4,6.2
544,CHEMBL482322,FC(F)(F)c1cccnc1c2ccc(cc2)C(=O)N(CC3CCCO3)Cc4ccccc4,6.0
545,CHEMBL480546,FC(F)(F)c1ccccc1c2ccc(cn2)C(=O)N(CC3CCCO3)Cc4ccccc4,7.1
546,CHEMBL480584,O=C(N(CC1CCCO1)Cc2ccccc2)c3ccc(cc3)c4ccccc4C#N,6.0
547,CHEMBL520595,O=C(N(CC1CCCO1)Cc2ccccc2)c3ccc(nc3)c4ccccc4,5.5
548,CHEMBL481568,COc1ccc(C)cc1c2ccc(cc2)C(=O)N(CC3CCCO3)Cc4ccccc4,5.2
549,CHEMBL481569,Cc1cc(F)ccc1c2ccc(cc2)C(=O)N(CC3CC3)CC4CCCO4,8.5
550,CHEMBL481730,FC(F)(F)c1cccnc1c2ccc(cc2)C(=O)N(CC3CC3)CC4CCCO4,6.7
551,CHEMBL515447,FC(F)(F)c1ccccc1c2ccc(cn2)C(=O)N(CC3CC3)CC4CCCO4,6.5
552,CHEMBL474609,COc1ccc(C)cc1c2ccc(cc2)C(=O)N(CC3CC3)CC4CCCO4,5.2
554,CHEMBL2112903,Cc1ccccc1N2CCN(CC2)S(=O)(=O)C[C@]34CCC(C[C@@H]3NC(=O)[C@@H](N)CCS(=O)(=O)C)C4(C)C,8.1
555,CHEMBL466762,COc1ccc(cn1)n2c(C)nnc2c3cnc(cn3)c4cccc(F)c4Cl,9.0
556,CHEMBL511215,COCc1nnc(c2cnc(cn2)c3ccc(C)c(C)c3)n1c4ccc(OC)nc4,6.7
557,CHEMBL469005,COCc1nnc(c2cnc(cn2)c3ccc(cc3C)C#N)n1c4ccc(OC)nc4,7.85
558,CHEMBL511917,COCc1nnc(c2cnc(cn2)c3ccc(OC)c(C)c3)n1c4ccc(OC)nc4,6.27
559,CHEMBL467546,CCSc1ccc(c(C)c1)c2cnc(cn2)c3nnc(C)n3c4ccc(OC)nc4,6.64
560,CHEMBL467545,COc1ccc(cn1)n2c(C)nnc2c3cnc(cn3)c4ccccc4Cl,8.7
562,CHEMBL512105,COCc1nnc(c2cnc(cn2)c3cccc(c3)C#N)n1c4cccnc4,7.08
563,CHEMBL511265,COCc1nnc(c2cnc(cn2)c3ccc(F)c(C)c3)n1c4ccc(OC)nc4,7.77
564,CHEMBL467186,COCc1nnc(c2cnc(cn2)c3cccc(C)c3C)n1c4ccc(OC)nc4,8.4
565,CHEMBL512257,COCc1nnc(c2cnc(cn2)c3ccccc3)n1c4ccc(OC)nc4,7.37
566,CHEMBL467185,COCc1nnc(c2ccc(cc2)c3ccccc3OC)n1c4ccc(OC)nc4,7.8
567,CHEMBL467184,COc1ccc(cc1)n2c(C)nnc2c3ccc(cc3)c4ccccc4OC,7.25
568,CHEMBL511908,COc1ccc(cc1)n2c(C)nnc2c3ccc(cc3)c4ccccc4,6.85
569,CHEMBL467154,Cc1nnc(c2ccc(cc2)c3ccccc3)n1c4ccccc4OCCN5CCOCC5,6.52
570,CHEMBL467153,CO\N=C/1\C[C@@H](N(C1)C(=O)c2ccc(cc2)c3ccccc3C)c4oncn4,7.3
571,CHEMBL513488,CC(C)C[C@H]1N(C(C(=O)N2CCOCC2)c3coc(C)n3)C(=O)[C@H](NC1=O)C4Cc5ccccc5C4,8.52
580,CHEMBL457997,COc1ccc(cc1)S(=O)(=O)N(Cc2ccc(cn2)c3ccccc3)c4ccc(OC)nc4,6.9
595,CHEMBL459073,COc1ccc(cc1)N(CC2=Cc3cccc4CCCN(C2=O)c34)S(=O)(=O)c5ccccc5,6.7
602,CHEMBL539665,COc1ccc(cn1)n2c(C)nnc2c3cnc(Oc4ccccc4)cn3,6.46
603,CHEMBL562946,COc1ccc(cn1)n2c(C)nnc2c3cnc(Oc4ccccc4Cl)cn3,7.63
604,CHEMBL563905,COc1ccc(cn1)n2c(C)nnc2c3cnc(Oc4ccccc4C)cn3,7.9
605,CHEMBL551395,CCc1ccccc1Oc2cnc(cn2)c3nnc(C)n3c4ccc(OC)nc4,7.28
606,CHEMBL549633,COc1ccc(cn1)n2c(C)nnc2c3cnc(Oc4ccccc4OC)cn3,6.6
607,CHEMBL561520,COc1ccc(cn1)n2c(C)nnc2c3cnc(Oc4ccccc4SC)cn3,6.7
608,CHEMBL549494,COc1ccc(cn1)n2c(C)nnc2c3cnc(Oc4cccc(F)c4C)cn3,7.84
609,CHEMBL563771,COc1ccc(cn1)n2c(C)nnc2c3cnc(Oc4ccc(F)cc4C)cn3,8.03
610,CHEMBL550244,COc1ccc(cn1)n2c(C)nnc2c3cnc(Oc4c(C)cccc4C)cn3,8.23
611,CHEMBL565189,COc1ccc(cn1)n2c(C)nnc2c3cnc(Oc4c(F)ccc(F)c4Cl)cn3,8.06
612,CHEMBL563613,COc1ccc(cn1)n2c(C)nnc2c3cnc(Oc4ccc(Cl)cc4Cl)cn3,7.43
615,CHEMBL1204126,Br.COc1ccc(c(OC)c1)S(=O)(=O)N2C(CCS(=O)(=O)N3CCC(CC3)NCC4CCCCC4)CCc5ccccc25,5.26
617,CHEMBL592250,COc1ccc(cn1)n2c(C)nnc2N3CCC(CC3)Oc4ccccc4,6.94
618,CHEMBL592493,COc1ccc(cn1)n2c(C)nnc2N3CCC(CC3)Oc4ccccc4C,8.27
619,CHEMBL592494,COc1ccc(cn1)n2c(C)nnc2N3CCC(CC3)Oc4ccc(F)cc4C,8.38
620,CHEMBL602545,COc1ccc(cn1)n2c(C)nnc2N3CCC(CC3)Oc4cccc(F)c4C,8.59
621,CHEMBL606976,COc1ccc(cn1)n2c(C)nnc2N3CCC(CC3)Oc4cc(F)cc(F)c4C,9.4
622,CHEMBL592495,COCc1nnc(N2CCC(CC2)Oc3ccccc3C)n1c4ccc(OC)nc4,8.66
623,CHEMBL603205,COc1ccc(cn1)n2c(C)nnc2N3CC[C@H](C3)Oc4ccccc4,6.77
624,CHEMBL592731,COc1ccc(cn1)n2c(C)nnc2N3CC[C@H](C3)Oc4ccccc4C,7.45
625,CHEMBL591310,COc1ccc(cn1)n2c(C)nnc2N3CC[C@H](C3)Oc4ccc(F)cc4C,7.5
626,CHEMBL590097,COCc1nnc(N2CC[C@H](C2)Oc3ccccc3C)n1c4ccc(OC)nc4,7.55
627,CHEMBL592732,COCc1nnc(N2CC[C@H](C2)Oc3ccc(F)cc3C)n1c4ccc(OC)nc4,7.75
628,CHEMBL609848,COCc1nnc(N2CC[C@H](C2)Oc3cc(F)cc(F)c3C)n1c4ccc(OC)nc4,8.24
629,CHEMBL592733,COCc1nnc(N2CC[C@@H](C2)Oc3ccccc3C)n1c4ccc(OC)nc4,6.68
630,CHEMBL594361,COc1ccc(cn1)n2c(C)nnc2N3CC(C3)Oc4ccccc4,6.52
631,CHEMBL590099,COc1ccc(cn1)n2c(C)nnc2N3CC(C3)Oc4ccccc4Cl,7.26
632,CHEMBL590349,COCc1nnc(N2CC(C2)Oc3ccccc3Cl)n1c4ccc(OC)nc4,7.49
633,CHEMBL589125,COc1ccc(cn1)n2c(C)nnc2N3CC(C3)Oc4ccc(F)cc4Cl,7.55
634,CHEMBL594591,COc1ccc(cn1)n2c(C)nnc2N3CC(C3)Oc4ccc(F)cc4C,7.76
635,CHEMBL602641,COc1ccc(cn1)n2c(C)nnc2N3CC(C3)Oc4cc(F)ccc4C,7.4
636,CHEMBL589128,COCc1nnc(N2CC(C2)Oc3ccc(F)cc3C)n1c4ccc(OC)nc4,7.74
688,CHEMBL1092497,COc1ccc(cn1)N(C)C(=O)N2CC(C2)Oc3cccc(F)c3C,6.8
689,CHEMBL1092498,COc1ccc(cn1)N(C)C(=O)N2CC(C2)Oc3cc(F)cc(F)c3C,6.63
690,CHEMBL1092499,COc1ccc(cn1)N(C)C(=O)N2CC(C2)Oc3ccc(F)cc3C,6.95
691,CHEMBL1090417,COc1ccc(cn1)N(C)C(=O)N2CC(C2)Oc3ccc(F)cc3Cl,7.17
692,CHEMBL1093744,CCN(C(=O)N1CC(C1)Oc2cc(F)cc(F)c2C)c3ccc(OC)nc3,7.44
693,CHEMBL1077300,CCN(C(=O)N1CC(C1)Oc2cccc(F)c2C)c3ccc(OC)nc3,7.86
694,CHEMBL1094049,CCN(C(=O)N1CC(C1)Oc2ccc(F)cc2Cl)c3ccc(OC)nc3,7.32
695,CHEMBL1094050,CCN(C(=O)N1CC(C1)Oc2ccc(F)cc2C)c3ccc(OC)nc3,7.37
696,CHEMBL1091817,COc1ccc(cn1)n2c(C)nnc2N3CC(C3)Oc4cc(F)cc(F)c4C,7.38
698,CHEMBL1089391,COc1ccc(cn1)n2c(C)nnc2N3CC(C3)Oc4cccc(F)c4C,7.71
700,CHEMBL1092098,COc1ccc(cn1)N(C)C(=O)c2ccc(cc2)c3ccccc3,7.05
701,CHEMBL1089682,COc1ccc(cn1)N(C)C(=O)c2cnc(cn2)c3ccccc3C,7.04
702,CHEMBL1089025,CCN(C(=O)c1cnc(cn1)c2ccccc2C)c3ccc(OC)nc3,6.89
703,CHEMBL1089026,COc1ccc(cn1)N(C(C)C)C(=O)c2cnc(cn2)c3ccccc3C,6.82
704,CHEMBL1093365,COCCN(C(=O)c1cnc(cn1)c2ccccc2C)c3ccc(OC)nc3,6.94
705,CHEMBL1093366,COc1ccc(cn1)N(C)C(=O)c2cnc(cn2)c3ccc(F)cc3C,6.66
706,CHEMBL1093367,COc1ccc(cn1)N(C)C(=O)c2cnc(cn2)c3ccc(cc3C)C#N,6.21
707,CHEMBL1094002,CCN(C(=O)c1cnc(cn1)c2ccc(cc2C)C#N)c3ccc(OC)nc3,6.41
708,CHEMBL1092457,COCCN(C(=O)c1cnc(cn1)c2ccc(cc2C)C#N)c3ccc(OC)nc3,6.36
709,CHEMBL1092458,CCN(C(=O)c1cnc(cn1)c2cccc(F)c2C)c3ccc(OC)nc3,7.54
710,CHEMBL1090654,CCN(C(=O)c1cnc(cn1)c2cccc(C)c2C)c3ccc(OC)nc3,7.6
711,CHEMBL1092459,COc1ccc(cn1)N(C(C)C)C(=O)c2cnc(cn2)c3cccc(C)c3C,7.85
712,CHEMBL1093599,COCCN(C(=O)c1cnc(cn1)c2cccc(C)c2C)c3ccc(OC)nc3,7.96
713,CHEMBL1093776,CCN(C(=O)c1cc(n[nH]1)c2ccc(C)cc2)c3ccc(OC)nc3,7.39
714,CHEMBL1088765,CCN(C(=O)c1cnn(c1C)c2ccccc2)c3ccc(OC)nc3,7.07
715,CHEMBL1088766,COCCN(C(=O)c1cnn(c1C)c2ccccc2)c3ccc(OC)nc3,7.01
716,CHEMBL1088767,CCN(C(=O)c1cnn(c1C)c2ccc(OC)cc2)c3ccc(OC)nc3,7.04
717,CHEMBL1093340,COc1ccc2oc(cc2c1)C(=O)N(C)c3ccc(OC)nc3,6.64
718,CHEMBL1093341,CCN(C(=O)c1oc2ccc(OC)cc2c1)c3ccc(OC)nc3,7.07
719,CHEMBL1093342,CCN(C(=O)COc1ccc(cc1)C(C)C)c2ccc(OC)nc2,6.6
720,CHEMBL1089272,CCN(C(=O)COc1ccc2ccccc2c1)c3ccc(OC)nc3,7.32
721,CHEMBL1091770,CCN(C(=O)C1=CC=C(NC1=O)c2ccccc2)c3ccc(OC)nc3,7.01
722,CHEMBL1093709,CCN(C(=O)C1=CC=C(NC1=O)c2ccc(OC)cc2)c3ccc(OC)nc3,7.08
731,CHEMBL341339,CC1(C)[C@@H]2CC[C@@]1(CS(=O)(=O)N3CCC4(CC3)C=Cc5ccccc45)[C@@](O)(CC(=O)O)C2,6.28
732,CHEMBL341490,Cc1ccc(cc1)S(=O)(=O)N2CCC3(CC2)C=Cc4ccccc34,6.0
736,CHEMBL1253935,CO\N=C\1/C[C@H](N(C1)C(=O)c2ccc(cc2)c3ccccc3)C(=O)NCC(O)c4ccccc4,6.59
757,CHEMBL1356933,Cl.Oc1ccc(Cl)cc1CNCc2ccc(F)cc2,4.81
761,CHEMBL1559201,CC1(C)CC[C@@]2([C@H](O)C[C@]3(C)C(=CCC4[C@@]5(C)CC[C@H](O)C(C)(C)C5CC[C@@]34C)C2C1)C(=O)O,5.57
766,CHEMBL1495292,COc1ccc(CNc2[nH]cnc3c4ccccc4nc23)cc1,4.56
770,CHEMBL1390471,COc1ccc(CCNCC(O)Cn2c3ccccc3c4ccccc24)cc1OC,4.73
773,CHEMBL1587205,Br.Brc1ccc(s1)C(=O)CN2C(=N)N(Cc3ccccc3)c4ccccc24,4.83
774,CHEMBL1549574,Cl.COc1ccc(cc1COc2ccc(F)cc2)C3NCCc4c3[nH]c5ccccc45,4.57
775,CHEMBL3211384,Cl.Oc1ccc(Cl)cc1CNCc2ccc(Cl)nc2,4.71
780,CHEMBL473106,CCN1C(=S)SC(=O)C1=C2C=C(C)N(Cc3occc3)C(=C2)C,4.78
781,CHEMBL276711,Cc1cc(C)c(\C=C\2/C(=O)Nc3ccccc23)[nH]1,4.94
786,CHEMBL3189462,CCN(CC)c1ccc2C=C(C(=O)N)\C(=N/NC(=O)c3ccncc3)\Oc2c1,4.66
808,CHEMBL2369424,CC[C@H](C)[C@@H]1NC(=O)[C@H](Cc2ccc(O)cc2)NC(=O)[C@@H](N)CSC[C@H](NC(=O)[C@H](CC(=O)N)NC(=O)[C@H](CCC(=O)N)NC1=O)C(=O)N3CCC[C@H]3C(=O)N[C@@H](CC(C)C)C(=O)NCC(=O)O,6.07
809,CHEMBL1630532,CC[C@H](C)[C@@H]1NC(=O)[C@H](Cc2ccc(O)cc2)NC(=O)[C@@H]3CSSC[C@H](NC(=O)[C@@H](NC(=O)[C@H](CCC(=O)N)NC1=O)C(=O)N)C(=O)N4CCC[C@H]4C(=O)N[C@@H](CC(C)C)C(=O)NCC(=O)N3,5.85
820,CHEMBL1643584,CCCCNCc1ccc(cc1)c2nc(CN(C3CCCC3)S(=O)(=O)c4ccc(OC)cc4)cs2,5.3
821,CHEMBL1643585,COc1ccc(cc1)S(=O)(=O)N(Cc2csc(n2)c3ccc(CNCC(C)C)cc3)C4CCCC4,5.6
822,CHEMBL1643586,CCN(CC)Cc1ccc(cc1)c2nc(CN(C3CCCC3)S(=O)(=O)c4ccc(OC)cc4)cs2,5.4
823,CHEMBL1643587,COc1ccc(cc1)S(=O)(=O)N(Cc2csc(n2)c3ccc(CNCC(C)(C)C)cc3)C4CCCC4,4.6
824,CHEMBL1643588,CCCNCc1ccc(cc1)c2nc(CN(C3CCCC3)S(=O)(=O)c4ccc(OC)cc4)cs2,5.2
825,CHEMBL1643589,COc1ccc(cc1)S(=O)(=O)N(Cc2csc(n2)c3ccc(CNCC4CCCCC4)cc3)C5CCCC5,5.2
826,CHEMBL1643590,COc1ccc(cc1)S(=O)(=O)N(Cc2csc(n2)c3ccc(CNCc4cocc4)cc3)C5CCCC5,4.7
827,CHEMBL1643591,COc1ccc(CNCc2ccc(cc2)c3nc(CN(C4CCCC4)S(=O)(=O)c5ccc(OC)cc5)cs3)cc1,4.3
836,CHEMBL572709,COc1ccc(c(OC)c1)S(=O)(=O)N2C(CCS(=O)(=O)N3CCC(CC3)NCC4CCCCC4)CCc5ccccc25,6.5
846,CHEMBL1765668,CC(C)C[C@@H]1NC(=O)[C@H](Cc2ccccc2)NC(=O)[C@H](Cc3ccc(O)cc3)NC(=O)CCSSC[C@H](NC(=O)[C@H](CC(=O)N)NC1=O)C(=O)N4CCC[C@H]4C(=O)N[C@@H](CCCCNC(=O)CCCCCCCCCCN)C(=O)NCC(=O)O,6.68
847,CHEMBL1765669,CC(C)C[C@@H]1NC(=O)[C@H](Cc2ccccc2)NC(=O)[C@H](Cc3ccc(O)cc3)NC(=O)C(O)CSSC[C@H](NC(=O)[C@H](CC(=O)N)NC1=O)C(=O)N4CCC[C@H]4C(=O)N[C@@H](CCCCN)C(=O)NCC(=O)O,6.75
848,CHEMBL1765670,[Li+].[Li+].CC(C)C[C@@H]1NC(=O)[C@H](Cc2ccccc2)NC(=O)[C@H](Cc3ccc(O)cc3)NC(=O)C(O)CSSC[C@H](NC(=O)[C@H](CC(=O)N)NC1=O)C(=O)N4CCC[C@H]4C(=O)N[C@@H](CCCCNC(=O)c5ccc(C6=C7C=CC(=N)C(=C7Oc8c6ccc(N)c8S(=O)(=O)[O-])S(=O)(=O)[O-])c(c5)C(=O)O)C(=O)NCC(=O)O,6.02
849,CHEMBL1765671,CC(C)C[C@@H]1NC(=O)[C@H](Cc2ccccc2)NC(=O)[C@H](Cc3ccc(O)cc3)NC(=O)C(O)CSSC[C@H](NC(=O)[C@H](CC(=O)N)NC1=O)C(=O)N4CCC[C@H]4C(=O)N[C@@H](CCCCNC(=O)CCCCCCCCCCN)C(=O)NCC(=O)O,5.43
859,CHEMBL1779403,COc1ccc(c(OC)c1)S(=O)(=O)N2C(=O)[C@@](N3C[C@H](O)C[C@H]3C(=O)N(C)C)(c4cc(Cl)ccc24)c5nccnc5OC,6.57
867,CHEMBL1779417,COc1ccc(cc1)S(=O)(=O)N2C(=O)[C@](N3CCC[C@H]3c4occn4)(c5cc(CN6CCCC6)ccc5OC)c7cc(Cl)ccc27,6.77
868,CHEMBL1779418,COc1ccc(cc1)S(=O)(=O)N2C(=O)[C@](N3CCC[C@H]3c4occn4)(c5cc(CN(C)C)ccc5OC)c6cc(Cl)ccc26,6.94
869,CHEMBL1779419,CNCc1ccc(OC)c(c1)[C@@]2(N3CCC[C@H]3c4occn4)C(=O)N(c5ccc(Cl)cc25)S(=O)(=O)c6ccc(OC)cc6,6.87
872,CHEMBL1779235,COc1ccc2c(c1)c(CC(=O)N3CCCNCC3)c(C)n2S(=O)(=O)c4ccc(OC)c(C)c4C,6.5
874,CHEMBL1807273,CN(C)[C@@H]1CC[C@H](CC1)NC(=O)[C@@H](Cc2ccc(Cl)cc2)NC(=O)C3(CC3)c4ccc(F)cc4,6.42
886,CHEMBL1819440,NCCC[C@H](NC(=O)[C@@H]1CCCN1C(=O)[C@@H]2CSSC[C@H](N)C(=O)N[C@@H](Cc3ccc(O)cc3)C(=O)N[C@@H](Cc4ccccc4)C(=O)N[C@@H](CCC(=O)N)C(=O)N[C@@H](CC(=O)N)C(=O)N2)C(=O)NCC(=O)N,7.15
889,CHEMBL1819541,CC[C@H](C)[C@@H]1NC(=O)[C@H](Cc2ccc(O)cc2)NC(=O)[C@@H](N)CSSC[C@H](NC(=O)[C@H](CC(=O)N)NC(=O)[C@H](CCC(=O)N)NC1=O)C(=O)N3CCC[C@H]3C(=O)N[C@@H](CCCN)C(=O)NCC(=O)N,8.48
898,CHEMBL1819550,CC[C@H](C)[C@@H]1NC(=O)[C@H](Cc2occc2)NC(=O)[C@@H](N)CSSC[C@H](NC(=O)[C@H](CC(=O)N)NC(=O)[C@H](CCC(=O)N)NC1=O)C(=O)N3CCC[C@H]3C(=O)N[C@@H](CCN)C(=O)NCC(=O)N,6.98
905,CHEMBL1819557,CC[C@H](C)[C@@H]1NC(=O)[C@H](Cc2ccccc2)NC(=O)[C@@H](N)CSSC[C@H](NC(=O)[C@H](CC(=O)N)NC(=O)[C@H](CCC(=O)NC)NC1=O)C(=O)N3CCC[C@H]3C(=O)N[C@@H](CCCN)C(=O)NCC(=O)N,6.76
923,CHEMBL1817704,CC[C@H](C)[C@@H]1NC(=O)[C@H](Cc2ccccc2)NC(=O)[C@@H](N)CSSC[C@H](NC(=O)[C@H](CC(=O)N)NC(=O)[C@H](CCC(=O)N)NC1=O)C(=O)N3CCC[C@H]3C(=O)N[C@@H](CCCNC(C)C)C(=O)NCC(=O)N,7.48
925,CHEMBL1817706,CCCNCCC[C@H](NC(=O)[C@@H]1CCCN1C(=O)[C@@H]2CSSC[C@H](N)C(=O)N[C@@H](Cc3ccccc3)C(=O)N[C@@H]([C@@H](C)CC)C(=O)N[C@@H](CCC(=O)N)C(=O)N[C@@H](CC(=O)N)C(=O)N2)C(=O)NCC(=O)N,7.49
926,CHEMBL1817707,CCNCCC[C@H](NC(=O)[C@@H]1CCCN1C(=O)[C@@H]2CSSC[C@H](N)C(=O)N[C@@H](Cc3ccccc3)C(=O)N[C@@H]([C@@H](C)CC)C(=O)N[C@@H](CCC(=O)N)C(=O)N[C@@H](CC(=O)N)C(=O)N2)C(=O)NCC(=O)N,7.5
927,CHEMBL1817708,CC[C@H](C)[C@@H]1NC(=O)[C@H](Cc2ccccc2)NC(=O)[C@@H](N)CSSC[C@H](NC(=O)[C@H](CC(=O)N)NC(=O)[C@H](CCC(=O)N)NC1=O)C(=O)N3CCC[C@H]3C(=O)N[C@@H](CCCNCCC(C)C)C(=O)NCC(=O)N,7.36
937,CHEMBL1817756,CC[C@H](C)[C@@H]1NC(=O)[C@H](Cc2occc2)NC(=O)[C@@H](N)CSSC[C@H](NC(=O)[C@H](CC(=O)N)NC(=O)[C@H](CCC(=O)N)NC1=O)C(=O)N3CCC[C@H]3C(=O)N[C@@H](CCCNC(C)C)C(=O)NCC(=O)N,6.59
939,CHEMBL1817758,CC[C@H](C)[C@@H]1NC(=O)[C@H](Cc2occc2)NC(=O)[C@@H](N)CSSC[C@H](NC(=O)[C@H](CC(=O)N)NC(=O)[C@H](CC(=O)N)NC1=O)C(=O)N3CCC[C@H]3C(=O)N[C@@H](CCCNC(C)C)C(=O)NCC(=O)N,6.01
942,CHEMBL1817761,CC[C@H](C)[C@@H]1NC(=O)[C@H](Cc2cccs2)NC(=O)[C@@H](N)CSSC[C@H](NC(=O)[C@H](CC(=O)N)NC(=O)[C@H](CCC(=O)N)NC1=O)C(=O)N3CCC[C@H]3C(=O)N[C@@H](CCCNC(C)C)C(=O)NCC(=O)N,6.96
944,CHEMBL1817763,CC[C@H](C)[C@@H]1NC(=O)[C@H](Cc2cccs2)NC(=O)[C@@H](N)CSSC[C@H](NC(=O)[C@H](CC(=O)N)NC(=O)[C@H](CC(=O)N)NC1=O)C(=O)N3CCC[C@H]3C(=O)N[C@@H](CCCNC(C)C)C(=O)NCC(=O)N,6.06
1028,CHEMBL2035016,COC(=O)c1ccccc1[C@H](N2[C@H](CC(C)C)C(=O)N[C@H](C3Cc4ccccc4C3)C2=O)C(=O)NC(C)C,6.8
1073,CHEMBL2172290,CCN1\C(=C\C=C\C=C\C2=[N+](CC)c3ccc(cc3C2(C)C)S(=O)(=O)[O-])\C(C)(CCCC(=O)NCCOCCOCCOCCn4cc(CNC(=O)CCC(=O)NC5CCCN(C(=O)c6ccc(NC(=O)c7ccccc7c8ccccc8)cc6)c9ccccc59)nn4)c%10cc(ccc1%10)S(=O)(=O)O,6.09
1074,CHEMBL2172289,CCN1\C(=C\C=C\C=C\C2=[N+](CC)c3ccc(cc3C2(C)C)S(=O)(=O)[O-])\C(C)(CCCC(=O)NCCn4cc(CNC(=O)CCC(=O)NC5CCCN(C(=O)c6ccc(NC(=O)c7ccccc7c8ccccc8)cc6)c9ccccc59)nn4)c%10cc(ccc1%10)S(=O)(=O)O,6.74
1075,CHEMBL2172288,OC(=O)c1cc(NC(=S)NCCOCCOCCOCCn2cc(CNC(=O)CCC(=O)NC3CCCN(C(=O)c4ccc(NC(=O)c5ccccc5c6ccccc6)cc4)c7ccccc37)nn2)ccc1C8=C9C=CC(=O)C=C9Oc%10cc(O)ccc8%10,6.18
1078,CHEMBL2172293,CCN(CC)c1ccc2C(=C3C=CC(=[N+](CC)CC)C=C3Oc2c1)c4ccc(cc4S(=O)(=O)[O-])S(=O)(=O)NCCOCCOCCOCCn5cc(CNC(=O)CCC(=O)NC6CCCN(C(=O)c7ccc(NC(=O)c8ccccc8C)cc7)c9ccccc69)nn5,6.31
1079,CHEMBL2172292,CCN(CC)c1ccc2C(=C3C=CC(=[N+](CC)CC)C=C3Oc2c1)c4ccc(cc4S(=O)(=O)NCCOCCOCCOCCn5cc(CNC(=O)CCC(=O)NC6CCCN(C(=O)c7ccc(NC(=O)c8ccccc8C)cc7)c9ccccc69)nn5)S(=O)(=O)[O-],6.51
1082,CHEMBL420762,CN(C)C1CCCN(C(=O)c2ccc(NC(=O)c3ccccc3C)cc2)c4ccccc14,6.18
1091,CHEMBL3229632,CC[C@H](C)[C@@H]1NC(=O)[C@H](Cc2ccc(O)cc2)NC(=O)CC(C)(C)SSC[C@H](NC(=O)[C@H](CC(=O)N)NC(=O)[C@H](CCC(=O)N)NC1=O)C(=O)N3CCC[C@H]3C(=O)N[C@@H](CC(C)C)C(=O)NCC(=O)N,6.94
1092,CHEMBL3245748,CC[C@H](C)[C@@H]1NC(=O)[C@H](Cc2ccc(O)cc2)NC(=O)[C@@H](N)C(C)(C)SSC[C@H](NC(=O)[C@H](CC(=O)N)NC(=O)[C@H](CCC(=O)N)NC1=O)C(=O)N3CCC[C@H]3C(=O)N[C@@H](CC(C)C)C(=O)NCC(=O)N,6.86
1093,CHEMBL3245750,CC[C@H](C)[C@@H]1NC(=O)[C@H](Cc2ccc(O)cc2)NC(=O)[C@@H](N)C(C)(C)SSC[C@H](NC(=O)[C@H](CC(=O)N)NC(=O)[C@H](CC(C)C)NC1=O)C(=O)N3CCC[C@H]3C(=O)N[C@@H](CC(C)C)C(=O)NCC(=O)N,6.77
1163,CHEMBL3301668,CC[C@H](C)[C@@H]1NC(=O)[C@H](Cc2ccc(OC)cc2)NC(=O)CCCSC[C@H](NC(=O)[C@H](CC(=O)N)NC(=O)[C@H](CCC(=O)N)NC1=O)C(=O)N3CCC[C@H]3C(=O)N[C@@H](CC(C)C)C(=O)NCC(=O)N,9.16
1169,CHEMBL3342798,CCc1ccc(cc1)S(=O)(=O)Nc2ccnn2c3nc(ns3)C4CC4,5.8
1170,CHEMBL3342797,FC(F)(F)S(=O)(=O)c1ccc(cc1)S(=O)(=O)Nc2ccnn2c3ccccn3,6.12
1171,CHEMBL3342796,FC(F)(F)c1ccc(cc1)S(=O)(=O)Nc2ccnn2c3ncc(cn3)C(F)(F)F,5.8
1175,CHEMBL3342792,Cc1csc(n1)n2nccc2NS(=O)(=O)c3ccc(cc3)C(F)(F)F,6.28
1176,CHEMBL3342791,Fc1ccc(cc1)n2nccc2NS(=O)(=O)c3ccc(Cl)cc3,5.61
1211,CHEMBL3416861,Clc1ccc2c(c[nH]c2c1)C(=O)N3CCC4(CC3)OCc5ccccc45,5.12
1221,CHEMBL3765356,COc1cc(CN2CCN(CCCCCC(=O)N3Cc4cnn(C)c4Nc5ccccc35)CC2)cc(OC)c1,5.13
1270,CHEMBL3813879,CC[C@H](C)[C@@H]1N(C)C(=O)[C@H](Cc2ccc(O)cc2)NC(=O)[C@@H](N)CSSC[C@H](N(C)C(=O)[C@H](CC(=O)N)NC(=O)[C@H](CCC(=O)N)NC1=O)C(=O)N3CCC[C@H]3C(=O)N[C@@H](CC(C)C)C(=O)NCC(=O)N,6.55
