,molecule_chembl_id,canonical_smiles,pchembl_value
0,CHEMBL3261362,O[C@H]1[C@@H](O)[C@@H](O[C@@H]1COP(=O)(O)OP(=O)(O)OP(=O)(O)O)N2C=C\C(=N\OCCCc3cccc(F)c3)\NC2=O,7.0
1,CHEMBL1784892,O[C@H]1[C@@H](O)[C@@H](O[C@@H]1COP(=O)(O)OP(=O)(O)OP(=O)(O)O)N2C=C\C(=N\OCc3ccccc3)\NC2=O,7.01
2,CHEMBL3261367,O[C@H]1[C@@H](O)[C@@H](O[C@@H]1COP(=O)(O)OP(=O)(O)OP(=O)(O)O)N2C=C\C(=N\OCCCc3cccc(c3)[N+](=O)[O-])\NC2=O,7.02
3,CHEMBL3261379,O[C@H]1[C@@H](O)[C@@H](O[C@@H]1COP(=O)(O)OP(=O)(O)OP(=O)(O)OP(=O)(O)OC[C@H]2O[C@H]([C@H](O)[C@@H]2O)N3C=C\C(=N\OCCCc4ccccc4)\NC3=O)N5C=CC(=O)NC5=O,7.03
4,CHEMBL3261366,O[C@H]1[C@@H](O)[C@@H](O[C@@H]1COP(=O)(O)OP(=O)(O)OP(=O)(O)O)N2C=C\C(=N\OCCCc3ccc(I)cc3)\NC2=O,7.04
5,CHEMBL3261368,O[C@H]1[C@@H](O)[C@@H](O[C@@H]1COP(=O)(O)OP(=O)(O)OP(=O)(O)O)N2C=C\C(=N\OCCCc3ccc(cc3)[N+](=O)[O-])\NC2=O,7.08
6,CHEMBL3261378,O[C@@H]1[C@@H](COP(=O)(O)OP(=O)(O)OP(=O)(O)O)O[C@H]([C@@H]1O)N2C=C\C(=N\OCCCc3ccc(OCC(=O)NCCc4cn(CCCNC(=O)CCCCCNC(=O)COc5ccc(\C=C\c6ccc7C=C8C=CC(=[N+]8[B-](F)(F)n67)c9cccs9)cc5)nn4)cc3)\NC2=O,7.16
7,CHEMBL3261360,O[C@H]1[C@@H](O)[C@@H](O[C@@H]1COP(=O)(O)OP(=O)(O)OP(=O)(O)O)N2C=C\C(=N\OCCCCc3ccccc3)\NC2=O,7.27
8,CHEMBL3261375,O[C@@H]1[C@@H](COP(=O)(O)OP(=O)(O)OP(=O)(O)O)O[C@H]([C@@H]1O)N2C=C\C(=N\OCCC(C#N)(c3ccccc3)c4ccccc4)\NC2=O,7.33
9,CHEMBL3261376,O[C@H]1[C@@H](O)[C@@H](O[C@@H]1COP(=O)(O)OP(=O)(O)OP(=O)(O)O)N2C=C\C(=N\OCCCc3ccc(OCC(=O)NCCC#C)cc3)\NC2=O,7.4
10,CHEMBL1198849,CO\N=C/1\NC(=O)N(C=C1)[C@@H]2O[C@H](COP(=O)(O)OP(=O)(O)OP(=O)(O)O)[C@@H](O)[C@H]2O,7.6
11,CHEMBL3261369,COc1ccc(CCCO\N=C\2/NC(=O)N(C=C2)[C@@H]3O[C@H](COP(=O)(O)OP(=O)(O)OP(=O)(O)O)[C@@H](O)[C@H]3O)cc1,7.64
12,CHEMBL3261372,O[C@H]1[C@@H](O)[C@@H](O[C@@H]1COP(=O)(O)OP(=O)(O)OP(=O)(O)O)N2C=C\C(=N\OCCCc3ccsc3)\NC2=O,7.7
1,CHEMBL336296,O[C@H]1[C@@H](O)[C@@H](O[C@@H]1COP(=O)(O)OP(=O)(O)OP(=O)(O)O)N2C=CC(=O)NC2=O,5.6
4,CHEMBL14249,Nc1ncnc2c1ncn2[C@@H]3O[C@H](COP(=O)(O)OP(=O)(O)OP(=O)(O)O)[C@@H](O)[C@H]3O,4.37
9,CHEMBL606210,O[C@@H]1[C@H](O)[C@]2(COP(=O)(O)OP(=O)(O)OP(=O)(O)O)C[C@@H]2[C@H]1N3C=CC(=O)NC3=O,7.07
18,CHEMBL1207447,O[C@@H]1[C@H](O)[C@H](O[C@H]1COP(=O)(O)OP(=O)(O)OP(=O)(O)OP(=O)(O)OC[C@H]2O[C@H]([C@H](O)[C@@H]2O)N3C=CC(=O)NC3=O)N4C=CC(=O)NC4=O,6.4
41,CHEMBL217467,O[C@H]1[C@@H](O)[C@@H](O[C@@H]1COP(=O)(O)OP(=O)(O)C(Cl)(Cl)P(=O)(O)O)N2C=C(Br)C(=O)NC2=O,5.4
42,CHEMBL214698,O[C@H]1[C@@H](O)[C@@H](O[C@@H]1COP(=O)(O)OP(=O)(O)O)N2C=C(Br)C(=O)NC2=O,5.14
43,CHEMBL384527,O[C@H]1[C@@H](O)[C@@H](O[C@@H]1COP(=O)(O)OP(=O)(O)OP(=O)(O)O)N2C=C(Br)C(=O)NC2=O,5.46
44,CHEMBL215783,CN1C(=O)C=CN([C@@H]2O[C@H](COP(=O)(O)OP(=O)(O)OP(=O)(O)O)[C@@H](O)[C@H]2O)C1=O,5.54
45,CHEMBL217803,O[C@H]1[C@@H](O)[C@@H](O[C@@H]1COP(=O)(O)OP(=O)(O)OP(=O)(O)O)N2C=CC(=O)NC2=S,5.75
93,CHEMBL221326,O[C@H]1[C@@H](O)[C@@H](O[C@@H]1COP(=O)(O)OP(=O)(O)OP(=O)(O)OP(=O)(O)OC[C@H]2O[C@H]([C@H](O)[C@@H]2O)N3C=CC(=O)NC3=O)N4C=CC(=O)NC4=O,6.89
95,CHEMBL220940,CC1=CN([C@@H]2O[C@H](COP(=O)(O)OP(=O)(O)OP(=O)(O)O)[C@@H](O)[C@H]2O)C(=O)NC1=O,5.41
96,CHEMBL221162,CC(C)(C)C(=O)N[C@@H]1[C@H](O)[C@@H](COP(=O)(O)OP(=O)(O)OP(=O)(O)O)O[C@H]1N2C=CC(=O)NC2=S,5.08
97,CHEMBL373780,N[C@@H]1[C@H](O)[C@@H](COP(=O)(O)OP(=O)(O)OP(=O)(O)O)O[C@H]1N2C=CC(=O)NC2=S,5.62
99,CHEMBL385098,N[C@@H]1[C@H](O)[C@@H](COP(=O)(O)OP(=O)(O)OP(=O)(O)O)O[C@H]1N2C=CC(=O)NC2=O,5.92
105,CHEMBL393100,O[C@H]1[C@@H](O)[C@@H](O[C@@H]1COP(=O)(O)OP(=O)(O)OP(=O)(O)O)N2C=Cc3ccccc3C2=O,5.15
108,CHEMBL240201,O[C@H]1[C@@H](O)[C@@H](O[C@@H]1COP(=O)(O)OP(=O)(O)OP(=O)(O)O)N2C=Cc3ccc(Cl)cc3C2=O,4.7
109,CHEMBL399017,O[C@H]1[C@@H](O)[C@@H](O[C@@H]1COP(=O)(O)OP(=O)(O)OP(=O)(O)O)N2C=Cc3ccc(F)cc3C2=O,5.45
111,CHEMBL241481,O[C@H]1[C@@H](O)[C@@H](O[C@@H]1COP(=O)(O)OP(=O)(O)OP(=O)(O)O)c2nc3ccccc3s2,5.39
113,CHEMBL392989,O[C@H]1[C@@H](O)[C@@H](O[C@@H]1COP(=O)(O)OP(=O)(O)OP(=O)(O)O)c2nc3c(F)cc(Cl)cc3s2,5.37
115,CHEMBL257495,[Na+].COc1ccccc1Nc2cc(c(N)c3C(=O)c4ccccc4C(=O)c23)S(=O)(=O)[O-],4.3
144,CHEMBL505403,NC1=NC(=O)c2ncn([C@H]3C[C@H](O)[C@@H](COP(=O)(O)OP(=O)(O)OP(=O)(O)OP(=O)(O)OC[C@H]4O[C@H]([C@H](O)[C@@H]4O)N5C=CC(=O)NC5=O)O3)c2N1,6.27
145,CHEMBL509434,NC1=NC(=O)N(C=C1)[C@H]2C[C@H](O)[C@@H](COP(=O)(O)OP(=O)(O)OP(=O)(O)OP(=O)(O)OC[C@H]3O[C@H]([C@H](O)[C@@H]3O)N4C=CC(=O)NC4=S)O2,6.15
146,CHEMBL507282,NC1=NC(=O)N(C=C1)[C@H]2C[C@H](O)[C@@H](COP(=O)(O)OP(=O)(O)OP(=O)(O)OP(=O)(O)OC[C@H]3O[C@H]([C@H](O)[C@@H]3O)N4C=CC(=O)NC4=O)O2,6.85
148,CHEMBL503798,O[C@H]1[C@@H](O)[C@@H](O[C@@H]1COP(=O)(O)OP(=O)(O)OP(=O)(O)OP(=O)(O)OC[C@H]2O[C@H]([C@H](O)[C@@H]2O)N3C=CC(=S)NC3=O)N4C=CC(=S)NC4=O,7.1
150,CHEMBL239151,O[C@H]1[C@@H](O)[C@@H](O[C@@H]1COP(=O)(O)OP(=O)(O)OP(=O)(O)OC[C@H]2O[C@H]([C@H](O)[C@@H]2O)N3C=CC(=O)NC3=O)N4C=CC(=O)NC4=O,6.06
151,CHEMBL454230,OC1C[C@@H](O)[C@H](O)[C@@H](COP(=O)(O)OP(=O)(O)OP(=O)(O)OP(=O)(O)OC[C@H]2O[C@H]([C@H](O)[C@@H]2O)N3C=CC(=O)NC3=O)O1,5.37
153,CHEMBL444212,OC[C@H]1O[C@H](OP(=O)(O)OP(=O)(O)OP(=O)(O)OP(=O)(O)OC[C@H]2O[C@H]([C@H](O)[C@@H]2O)N3C=CC(=O)NC3=O)[C@H](O)[C@@H](O)[C@H]1O,5.75
154,CHEMBL499138,OC[C@H]1O[C@H](OP(=O)(O)OP(=O)(O)OP(=O)(O)OP(=O)(O)OC[C@H]2O[C@H]([C@H](O)[C@@H]2O)N3C=CC(=O)NC3=O)[C@H](O)[C@@H](O)[C@@H]1O,5.69
155,CHEMBL500840,CC[C@]1(O)O[C@@H](COP(=O)(O)OP(=O)(O)OP(=O)(O)OP(=O)(O)OC[C@H]2O[C@H]([C@H](O)[C@@H]2O)N3C=CC(=O)NC3=O)[C@H](O)[C@H]1O,5.2
156,CHEMBL448985,OC1O[C@@H](COP(=O)(O)OP(=O)(O)OP(=O)(O)OP(=O)(O)OC[C@H]2O[C@H]([C@H](O)[C@@H]2O)N3C=CC(=O)NC3=O)[C@H](O)[C@@H]1O,5.32
158,CHEMBL482895,OCC(O)COP(=O)(O)OP(=O)(O)OP(=O)(O)OP(=O)(O)OC[C@H]1O[C@H]([C@H](O)[C@@H]1O)N2C=CC(=O)NC2=O,5.95
159,CHEMBL484105,O[C@H]1[C@@H](O)[C@@H](O[C@@H]1COP(=O)(O)OP(=O)(O)OP(=O)(O)OP(=O)(O)OCCC#N)N2C=CC(=O)NC2=O,5.71
160,CHEMBL483913,CP(=O)(O)OP(=O)(O)OP(=O)(O)OP(=O)(O)OC[C@H]1O[C@H]([C@H](O)[C@@H]1O)N2C=CC(=O)NC2=O,5.6
161,CHEMBL519991,COP(=O)(O)OP(=O)(O)OP(=O)(O)OP(=O)(O)OC[C@H]1O[C@H]([C@H](O)[C@@H]1O)N2C=CC(=O)NC2=O,5.57
162,CHEMBL482683,O[C@H]1[C@@H](O)[C@@H](O[C@@H]1COP(=O)(O)OP(=O)(O)OP(=O)(O)OP(=O)(O)OP(=O)(O)O)N2C=CC(=O)NC2=S,5.28
163,CHEMBL521451,O[C@H]1[C@@H](O)[C@@H](O[C@@H]1COP(=O)(O)OP(=O)(O)OP(=O)(O)OP(=O)(O)O)N2C=CC(=S)NC2=O,6.55
164,CHEMBL482485,O[C@H]1[C@@H](O)[C@@H](O[C@@H]1COP(=O)(O)OP(=O)(O)OP(=O)(O)OP(=O)(O)O)N2C=CC(=O)NC2=S,5.26
165,CHEMBL483502,O[C@H]1[C@@H](O)[C@@H](O[C@@H]1COP(=O)(O)OP(=O)(O)OP(=O)(O)OP(=O)(O)O)N2C=CC(=O)NC2=O,5.33
166,CHEMBL521487,C[C@@]1(O)[C@H](O)[C@@H](COP(=O)(O)OP(=O)(O)OP(=O)(O)O)O[C@H]1N2C=CC(=O)NC2=O,5.9
167,CHEMBL484494,O[C@H]1[C@H](O)[C@@H](O[C@@H]1COP(=O)(O)OP(=O)(O)OP(=O)(O)O)N2C=CC(=O)NC2=S,5.1
168,CHEMBL484295,NC(=O)N[C@@H]1[C@H](O)[C@@H](COP(=O)(O)OP(=O)(O)OP(=O)(O)O)O[C@H]1N2C=CC(=O)NC2=O,5.33
169,CHEMBL482472,CSC1=NC(=S)N(C=C1)[C@@H]2O[C@H](COP(=O)(O)OP(=O)(O)OP(=O)(O)O)[C@@H](O)[C@H]2O,5.27
170,CHEMBL519835,O[C@H]1[C@@H](O)[C@@H](O[C@@H]1COP(=O)(O)OP(=O)(O)C(Cl)(Cl)P(=O)(O)O)N2C=CC(=O)NC2=S,7.05
171,CHEMBL484290,O[C@H]1[C@@H](O)[C@@H](O[C@@H]1COP(=O)(O)OP(=O)(O)C(F)(F)P(=O)(O)O)N2C=CC(=O)NC2=S,5.09
199,CHEMBL477339,[Na+].[Na+].[Na+].[Na+].Cc1cc(N=Nc2ccc(cc2S(=O)(=O)[O-])S(=O)(=O)[O-])c(COP(=O)([O-])[O-])c(C=O)c1O,4.14
220,CHEMBL1774,O[C@H]1[C@@H](O)[C@@H](O[C@@H]1COP(=O)(O)OP(=O)(O)OP(=O)(O)O)N2C=C(F)C(=O)NC2=O,6.22
222,CHEMBL590981,O[C@H]1[C@@H](O)[C@@H](O[C@@H]1COP(=O)(O)OP(=O)(O)O)N2C=C(F)C(=O)NC2=O,5.46
225,CHEMBL256057,[Na+].Nc1c2C(=O)c3ccccc3C(=O)c2c(Nc4ccccc4)cc1S(=O)(=O)[O-],4.59
226,CHEMBL496030,[Na+].Nc1c2C(=O)c3ccccc3C(=O)c2c(Nc4ccc(O)cc4)cc1S(=O)(=O)[O-],5.63
229,CHEMBL498423,[Na+].Nc1c2C(=O)c3ccccc3C(=O)c2c(Nc4cccc5ccccc45)cc1S(=O)(=O)[O-],5.0
230,CHEMBL1084296,CCN(CC)CC.CC(C)(C)O\N=C\1/NC(=O)N(C=C1)[C@@H]2O[C@H](COP(=O)(O)OP(=O)(O)O)[C@@H](O)[C@H]2O,5.21
231,CHEMBL1084020,CCN(CC)CC.CO\N=C\1/NC(=O)N(C=C1)[C@@H]2O[C@H](COP(=O)(O)OP(=O)(O)O)[C@@H](O)[C@H]2O,5.19
232,CHEMBL1084612,CCN(CC)CC.O[C@H]1[C@@H](O)[C@@H](O[C@@H]1COP(=O)(O)OP(=O)(O)O)N2C=C\C(=N\OCc3ccccc3)\NC2=O,5.94
233,CHEMBL1083256,CCN(CC)CC.CO\N=C\1/NC(=O)N(C=C1)[C@@H]2O[C@H](COP(=O)(O)OP(=O)(O)OP(=O)(O)OC[C@H]3O[C@H]([C@H](O)[C@@H]3O)N4C=CC(=O)NC4=O)[C@@H](O)[C@H]2O,6.1
235,CHEMBL1083148,CCN(CC)CC.O[C@H]1[C@@H](O)[C@@]2(C[C@H]2[C@@H]1COP(=O)(O)OP(=O)(O)OP(=O)(O)O)N3C=CC(=O)NC3=O,6.52
236,CHEMBL1083257,CO\N=C\1/NC(=O)N(C=C1)[C@@H]2O[C@H](COP(=O)(O)OP(=O)(O)OP(=O)(O)OC[C@H]3O[C@H]([C@H](O)[C@@H]3O)N4C=C\C(=N\OC)\NC4=O)[C@@H](O)[C@H]2O,6.25
237,CHEMBL1084295,CCO\N=C\1/NC(=O)N(C=C1)[C@@H]2O[C@H](COP(=O)(O)OP(=O)(O)O)[C@@H](O)[C@H]2O.CCN(CC)CC,6.75
238,CHEMBL1083764,CCN(CC)CC.CO\N=C/1\NC(=O)N(C=C1)[C@@H]2O[C@H](COP(=O)(O)OP(=O)(O)OP(=O)(O)O)[C@@H](O)[C@H]2O,7.3
240,CHEMBL1083763,O[C@H]1C[C@@H]([C@H]2C[C@]12COP(=O)(O)OP(=O)(O)OP(=O)(O)O)N3C=CC(=O)NC3=O,7.07
255,CHEMBL1671995,[Na+].COc1cccc(Nc2cc(c(N)c3C(=O)c4ccccc4C(=O)c23)S(=O)(=O)[O-])c1,5.0
256,CHEMBL271672,[Na+].Nc1c2C(=O)c3ccccc3C(=O)c2c(Nc4cccc(Cl)c4)cc1S(=O)(=O)[O-],4.66
260,CHEMBL499580,[Na+].Nc1c2C(=O)c3ccccc3C(=O)c2c(Nc4cc(Nc5nc(Cl)nc(Cl)n5)cc(c4)C(=O)O)cc1S(=O)(=O)[O-],5.84
261,CHEMBL496401,[Na+].Nc1c2C(=O)c3ccccc3C(=O)c2c(Nc4ccc(Nc5nc(Cl)nc(Cl)n5)cc4)cc1S(=O)(=O)[O-],5.0
262,CHEMBL1672105,[Na+].Nc1c2C(=O)c3ccccc3C(=O)c2c(Nc4cccc(Nc5nc(Cl)nc(Cl)n5)c4)cc1S(=O)(=O)[O-],5.0
264,CHEMBL1672106,[Na+].Nc1c2C(=O)c3ccccc3C(=O)c2c(Nc4ccc(Nc5nc(O)nc(O)n5)cc4)cc1S(=O)(=O)[O-],5.0
267,CHEMBL1767410,CSC1=NC(=O)C=CN1[C@@H]2O[C@H](COP(=O)(O)OP(=O)(O)O)[C@@H](O)[C@H]2O,5.82
268,CHEMBL1767411,CCCSC1=NC(=O)C=CN1[C@@H]2O[C@H](COP(=O)(O)OP(=O)(O)O)[C@@H](O)[C@H]2O,5.31
269,CHEMBL1767412,O[C@H]1[C@@H](O)[C@@H](O[C@@H]1COP(=O)(O)OP(=O)(O)O)N2C=CC(=O)N=C2SCc3ccccc3,5.22
271,CHEMBL1767414,COC1=NC(=O)C=CN1[C@@H]2O[C@H](COP(=O)(O)OP(=O)(O)O)[C@@H](O)[C@H]2O,5.35
275,CHEMBL1767418,CCSC1=NC(=O)C=CN1[C@@H]2O[C@H](COP(=O)(O)O)[C@@H](O)[C@H]2O,5.36
280,CHEMBL1233534,NC1=NC(=O)C=CN1[C@@H]2O[C@H](COP(=O)(O)O)[C@@H](O)[C@H]2O,5.3
284,CHEMBL1765115,O[C@H]1[C@@H](O)[C@@H](O[C@@H]1COP(=O)(O)OP(=O)(O)C(Cl)(Cl)P(=O)(O)O)N2C=CC(=O)N(CC(=O)c3ccccc3)C2=O,5.14
286,CHEMBL1765116,O[C@H]1[C@@H](O)[C@@H](O[C@@H]1COP(=O)(O)OP(=O)(O)C(Cl)(Cl)P(=O)(O)O)N2C=CC(=S)NC2=O,5.1
288,CHEMBL1765118,O[C@H]1[C@@H](O)[C@@H](O[C@@H]1COP(=O)(O)OP(=O)(O)C(F)(F)P(=O)(O)O)N2C=CC(=O)N(CC(=O)c3ccccc3)C2=O,5.41
289,CHEMBL1765119,O[C@H]1[C@@H](O)[C@@H](O[C@@H]1COP(=O)(O)OP(=O)(O)C(F)(F)P(=O)(O)O)N2C=CC(=S)NC2=O,5.03
291,CHEMBL1767407,[Na+].[Na+].[Na+].[Na+].NC1=NC(=O)N(C=C1)[C@H]2C[C@H](O)[C@@H](COP(=O)([O-])OP(=O)([O-])OP(=O)([O-])OP(=O)([O-])OC[C@H]3O[C@H]([C@H](O)[C@@H]3O)N4C=CC(=O)NC4=O)O2,6.1
292,CHEMBL1767408,[Na+].[Na+].[Na+].[Na+].O[C@H]1[C@@H](O)[C@@H](O[C@@H]1COP(=O)([O-])OP(=O)([O-])OP(=O)([O-])OP(=O)([O-])OC[C@H]2O[C@H]([C@H](O)[C@@H]2O)N3C=CC(=O)NC3=O)N4C=CC(=O)NC4=O,6.4
293,CHEMBL1767409,O[C@H]1[C@@H](O)[C@@H](O[C@@H]1COP(=O)(O)OP(=O)(O)OP(=O)(O)O)N2C=CC(=S)NC2=O,7.64
297,CHEMBL1784888,O[C@@H]1[C@@H](COP(=O)(O)OP(=O)(O)OP(=O)(O)O)O[C@H]([C@@H]1N=[N+]=[N-])N2C=CC(=O)NC2=O,5.96
303,CHEMBL1784890,CCO\N=C\1/NC(=O)N(C=C1)[C@@H]2O[C@H](COP(=O)(O)OP(=O)(O)OP(=O)(O)O)[C@@H](O)[C@H]2O,6.68
304,CHEMBL1784891,CC(C)(C)O\N=C\1/NC(=O)N(C=C1)[C@@H]2O[C@H](COP(=O)(O)OP(=O)(O)OP(=O)(O)O)[C@@H](O)[C@H]2O,5.68
306,CHEMBL1784893,O[C@H]1[C@@H](O)[C@@H](O[C@@H]1COP(=O)(O)OP(=O)(O)OP(=O)(O)O)N2C=C\C(=N\OCCc3ccccc3)\NC2=O,7.14
307,CHEMBL1784894,O[C@H]1[C@@H](O)[C@@H](O[C@@H]1COP(=O)(O)OP(=O)(O)OP(=O)(O)O)N2C=C\C(=N\OCCCc3ccccc3)\NC2=O,7.64
312,CHEMBL1784900,O[C@H]1[C@@H](O)[C@@H](O[C@@H]1COP(=O)(O)OP(=O)(O)OP(=O)(O)OP(=O)(O)Oc2cccc(c2)[N+](=O)[O-])N3C=CC(=O)NC3=O,5.6
314,CHEMBL1784885,OC[C@H]1O[C@H](OP(=O)(O)OP(=O)(O)OP(=O)(O)OP(=O)(O)OC[C@H]2O[C@H]([C@H](O)[C@@H]2O)N3C=CC(=O)NC3=O)[C@H](O)[C@H](O)[C@@H]1O,6.74
315,CHEMBL1784886,OC[C@H]1O[C@H](OP(=O)(O)OP(=O)(O)OP(=O)(O)OP(=O)(O)OC[C@H]2O[C@H]([C@H](O)[C@@H]2O)N3C=CC(=O)NC3=O)[C@@H](O)[C@@H](O)[C@@H]1O,5.35
316,CHEMBL1784887,O[C@@H]1CO[C@H](OP(=O)(O)OP(=O)(O)OP(=O)(O)OP(=O)(O)OC[C@H]2O[C@H]([C@H](O)[C@@H]2O)N3C=CC(=O)NC3=O)[C@H](O)[C@H]1O,6.21
317,CHEMBL1784889,CC(=O)N[C@@H]1[C@@H](O)[C@H](O)[C@@H](CO)O[C@@H]1OP(=O)(O)OP(=O)(O)OP(=O)(O)OP(=O)(O)OC[C@H]2O[C@H]([C@H](O)[C@@H]2O)N3C=CC(=O)NC3=O,6.04
318,CHEMBL1784902,O[C@@H]1[C@@H](O)[C@@H](OP(=O)(O)OP(=O)(O)OP(=O)(O)OP(=O)(O)OC[C@H]2O[C@H]([C@H](O)[C@@H]2O)N3C=CC(=O)NC3=O)O[C@@H]([C@H]1O)C(=O)O,6.64
319,CHEMBL1784904,OC[C@H]1O[C@H](OP(=O)(O)OP(=O)(O)OP(=O)(O)OP(=O)(O)OC[C@H]2O[C@H]([C@H](O)[C@@H]2O)N3C=CC(=O)NC3=O)[C@H](O)[C@@H](F)[C@@H]1O,7.21
320,CHEMBL1784291,OC[C@H]1O[C@H](OP(=O)(O)OP(=O)(O)OP(=O)(O)OP(=O)(O)OC[C@H]2O[C@H]([C@H](O)[C@@H]2O)N3C=C\C(=N\OCc4ccccc4)\NC3=O)[C@H](O)[C@@H](F)[C@@H]1O,6.17
321,CHEMBL1784292,CO\N=C\1/NC(=O)N(C=C1)[C@@H]2O[C@H](COP(=O)(O)OP(=O)(O)OP(=O)(O)OP(=O)(O)O[C@H]3O[C@H](CO)[C@@H](O)[C@H](F)[C@H]3O)[C@@H](O)[C@H]2O,6.51
322,CHEMBL1784293,OC[C@H]1O[C@H](OP(=O)(O)OP(=O)(O)OP(=O)(O)OP(=O)(O)OC[C@H]2O[C@H]([C@H](O)[C@@H]2O)N3C=CC(=O)NC3=O)[C@H](O)[C@@H](O)[C@@H]1F,6.66
346,CHEMBL2029010,BP(=O)(OC[C@H]1O[C@H]([C@H](O)[C@@H]1O)N2C=CC(=O)NC2=O)OP(=O)(O)OP(=O)(O)OP(=O)(O)OC[C@H]3O[C@H]([C@H](O)[C@@H]3O)N4C=CC(=O)NC4=O.CCCCN(CCCC)CCCC.CCCCN(CCCC)CCCC.CCCCN(CCCC)CCCC.CCCCN(CCCC)CCCC,5.03
391,CHEMBL3220047,O[C@H]1[C@@H](O)[C@@H](O[C@@H]1COP(=O)(O)OP(=O)(O)O)N2C=C\C(=N\OCc3cccc(I)c3)\NC2=O,6.45
392,CHEMBL3220054,O[C@H]1[C@@H](O)[C@@H](O[C@@H]1COP(=O)(O)OP(=O)(O)OP(=O)(O)OC[C@H]2O[C@H]([C@H](O)[C@@H]2O)N3C=C\C(=N\OCc4ccccc4)\NC3=O)N5C=CC(=O)NC5=O,6.2
393,CHEMBL1198754,CO\N=C\1/NC(=O)N(C=C1)[C@@H]2O[C@H](COP(=O)(O)OP(=O)(O)OP(=O)(O)OC[C@H]3O[C@H]([C@H](O)[C@@H]3O)N4C=CC(=O)NC4=O)[C@@H](O)[C@H]2O,6.1
395,CHEMBL3220051,O[C@@H]1[C@@H](COP(=O)(O)OP(=O)(O)O)O[C@H]([C@@H]1O)N2C=C\C(=N\OCc3cccc(c3)C#CCCC#C)\NC2=O,6.02
396,CHEMBL1198872,O[C@H]1[C@@H](O)[C@@H](O[C@@H]1COP(=O)(O)OP(=O)(O)O)N2C=C\C(=N\OCc3ccccc3)\NC2=O,5.94
397,CHEMBL3220050,O[C@H]1[C@@H](O)[C@@H](O[C@@H]1COP(=O)(O)OP(=O)(O)O)N2C=C\C(=N\OCc3ccc(cc3)[N+](=O)[O-])\NC2=O,5.66
398,CHEMBL3220058,CC(=O)NCCn1cc(CCOP(=O)(O)OP(=O)(O)OP(=O)(O)OC[C@H]2O[C@H]([C@H](O)[C@@H]2O)N3C=C\C(=N\OCc4ccccc4)\NC3=O)nn1,5.48
399,CHEMBL3220048,O[C@H]1[C@@H](O)[C@@H](O[C@@H]1COP(=O)(O)OP(=O)(O)O)N2C=C\C(=N\OCc3ccc(Br)cc3)\NC2=O,5.13
407,CHEMBL3261359,O[C@H]1[C@@H](O)[C@@H](O[C@@H]1COP(=O)(O)OP(=O)(O)OP(=O)(O)O)N2C=C\C(=N\OCCCC(=O)O)\NC2=O,6.33
409,CHEMBL3261361,O[C@H]1[C@@H](O)[C@@H](O[C@@H]1COP(=O)(O)OP(=O)(O)OP(=O)(O)O)N2C=C\C(=N\OCCOc3ccccc3)\NC2=O,6.37
411,CHEMBL3261363,O[C@H]1[C@@H](O)[C@@H](O[C@@H]1COP(=O)(O)OP(=O)(O)OP(=O)(O)O)N2C=C\C(=N\OCCCc3ccc(F)cc3)\NC2=O,6.98
412,CHEMBL3261364,O[C@H]1[C@@H](O)[C@@H](O[C@@H]1COP(=O)(O)OP(=O)(O)OP(=O)(O)O)N2C=C\C(=N\OCCCc3ccc(Br)cc3)\NC2=O,6.85
413,CHEMBL3261365,O[C@H]1[C@@H](O)[C@@H](O[C@@H]1COP(=O)(O)OP(=O)(O)OP(=O)(O)O)N2C=C\C(=N\OCCCc3cccc(I)c3)\NC2=O,6.94
418,CHEMBL3261370,O[C@H]1[C@@H](O)[C@@H](O[C@@H]1COP(=O)(O)OP(=O)(O)OP(=O)(O)O)N2C=C\C(=N\OCCCc3cccnc3)\NC2=O,6.52
419,CHEMBL3261371,O[C@H]1[C@@H](O)[C@@H](O[C@@H]1COP(=O)(O)OP(=O)(O)OP(=O)(O)O)N2C=C\C(=N\OCCCc3ccncc3)\NC2=O,6.6
421,CHEMBL3261373,O[C@H]1[C@@H](O)[C@@H](O[C@@H]1COP(=O)(O)OP(=O)(O)OP(=O)(O)O)N2C=C\C(=N\OCCCC#C)\NC2=O,6.39
422,CHEMBL3261374,O[C@H]1[C@@H](O)[C@@H](O[C@@H]1COP(=O)(O)OP(=O)(O)OP(=O)(O)O)N2C=C\C(=N\OCCCc3ccc4ccccc4c3)\NC2=O,6.89
425,CHEMBL3261377,CCN(CC)CC.CCN(CC)CC.Nc1ccc2C(=C3C=CC(=N)C(=C3Oc2c1S(=O)(=O)O)S(=O)(=O)O)c4ccc(cc4C(=O)O)C(=O)NCCCCCCn5cc(CCNC(=O)COc6ccc(CCCO\N=C\7/NC(=O)N(C=C7)[C@@H]8O[C@H](COP(=O)(O)OP(=O)(O)OP(=O)(O)O)[C@@H](O)[C@H]8O)cc6)nn5,6.7
429,CHEMBL3261380,O[C@@H]1[C@@H](COP(=O)(O)OP(=O)(O)OP(=O)(O)OP(=O)(O)OC[C@H]2O[C@H]([C@H](O)[C@@H]2O)N3C=C\C(=N\OCCCc4ccccc4)\NC3=O)O[C@H]([C@@H]1O)N5C=C\C(=N\OCCCc6ccccc6)\NC5=O,5.88
