,molecule_chembl_id,canonical_smiles,pchembl_value
0,CHEMBL457515,CCc1ccc(CN2C(=O)N=C(NCCNC(=N)N)N(Cc3ccc(OC)cc3)C2=O)cc1,7.66
8,CHEMBL561309,CCCCN1C(=O)N=C(NCCNC(=N)N)N(Cc2ccc(OC)cc2)C1=O,5.66
9,CHEMBL556890,COc1ccc(CN2C(=O)N(C(=O)N=C2NCCNC(=N)N)c3occc3)cc1,5.59
10,CHEMBL550577,COc1ccc(CN2C(=NC(=O)N(Cc3ccc(F)cc3)C2=O)NCCNC(=N)N)cc1,7.48
11,CHEMBL550780,COc1ccc(CN2C(=O)N(Cc3ccc(Cl)c(Cl)c3)C(=O)N=C2NCCNC(=N)N)cc1,7.66
12,CHEMBL565054,COc1ccc(CN2C(=NC(=O)N(Cc3cccc(OC)c3)C2=O)NCCNC(=N)N)cc1,5.43
14,CHEMBL562111,COc1ccc(CN2C(=O)N=C(NCCNC(=N)N)N(Cc3ccc(OC)cc3)C2=O)cc1,7.68
15,CHEMBL564734,COc1ccc(CN2C(=NC(=O)N(Cc3ccc(O)cc3)C2=O)NCCNC(=N)N)cc1,5.94
16,CHEMBL560171,COc1ccc(CCN2C(=O)N=C(NCCNC(=N)N)N(Cc3ccc(OC)cc3)C2=O)cc1,6.34
17,CHEMBL562508,COc1ccc(CN2C(=NC(=O)N(Cc3ccc(cc3)C#N)C2=O)NCCNC(=N)N)cc1,6.5
18,CHEMBL554483,COc1ccc(CN2C(=O)N(Cc3ccc(Cl)c(Cl)c3)C(=O)N=C2NCCCNC(=N)N)cc1,5.92
19,CHEMBL560053,COc1ccc(CCN2C(=O)N(Cc3ccc(F)cc3)C(=O)N=C2NCCNC(=N)N)cc1,5.54
20,CHEMBL563069,NC(=N)NCCNC1=NC(=O)N(Cc2ccc(Cl)cc2)C(=O)N1Cc3ccccc3,5.32
21,CHEMBL551383,COc1ccc(CN2C(=NC(=O)N(Cc3ccc(Cl)cc3)C2=O)NCCNC(=N)N)cc1,7.72
23,CHEMBL557700,CCCOc1ccc(CN2C(=O)N(Cc3ccc(Cl)c(Cl)c3)C(=O)N=C2NCCNC(=N)N)cc1,6.29
24,CHEMBL560451,CCCCCCN1C(=O)N(Cc2ccc(Cl)c(Cl)c2)C(=O)N=C1NCCNC(=N)N,5.19
25,CHEMBL550034,COC1CCC(CN2C(=O)N(Cc3ccc(OC)cc3)C(=O)N=C2NCCNC(=N)N)CC1,5.49
26,CHEMBL551583,COc1ccc(CN2C(=O)N=C(NCCNC(=N)N)N(Cc3ccc(O)cc3)C2=O)cc1,7.57
27,CHEMBL563890,NC(=N)NCCNC1=NC(=O)N(Cc2ccc(Cl)cc2)C(=O)N1c3cocc3,5.73
28,CHEMBL559719,COc1ccc(CN2C(=O)N=C(NCCNC(=N)N)N(Cc3ccc(OC)nc3)C2=O)cc1,7.29
29,CHEMBL549558,NC(=N)NCCNC1=NC(=O)N(Cc2ccc(Cl)c(Cl)c2)C(=O)N1Cc3ccc(OC(F)F)cc3,7.33
31,CHEMBL563405,COc1ccc(CN2C(=NC(=O)N(Cc3ccccc3)C2=O)NCCNC(=N)N)cc1,6.47
32,CHEMBL550903,COc1ccc(CN2C(=O)N(CCc3ccccc3)C(=O)N=C2NCCNC(=N)N)cc1,5.6
33,CHEMBL3622086,CC(C)n1c(nc2ccccc12)C3CCCN(C3)C(=O)c4ccnc(c4)N(C)C,6.5
34,CHEMBL3622087,CCn1cc(cn1)C(=O)N2CCCC(C2)c3cc4ccccc4n3C(C)C,6.48
35,CHEMBL3622088,CNc1cc(cnn1)C(=O)N2CCCC(C2)c3[nH]c4ccccc4c3C,5.13
36,CHEMBL3622089,CCn1c(cc2cc(Cl)ccc12)C3CCCN(C3)C(=O)c4cn(C)nc4N,6.04
37,CHEMBL3622090,CNc1cc(ccn1)C(=O)N2CCCC(F)(C2)c3ncc(Cl)cc3C,6.54
