,molecule_chembl_id,canonical_smiles,pchembl_value
0,CHEMBL33139,CC(C)Cc1ccc(cc1)C#Cc2cc3C(=NCc4nnc(C)n4c3s2)c5ccccc5Cl,7.0
1,CHEMBL300463,CCCCCC(=C\C=C\C(=O)N[C@H](C)CCCc1cccnc1)CCCCC,7.0
2,CHEMBL283152,CCc1nnc2CN=C(c3ccccc3F)c4cc(ccc4n12)C#CCN5C(=O)c6ccccc6C5=O,7.0
3,CHEMBL20141,COC1N=C(c2ccccc2F)c3cc(ccc3n4c(C)nnc14)C#CCN5C(=O)CCc6ccccc56,7.0
4,CHEMBL36269,COc1cc(cc(OC)c1OC)[C@@H]2CC[C@H](OCCCc3cccnc3)O2,7.0
5,CHEMBL37809,COc1cc(cc(OC)c1OC)[C@H]2CC[C@@H](OCCCc3cccnc3)O2,7.0
6,CHEMBL143914,Cc1cc2N=C3C=CC(=CN3C(=O)c2cc1C)C(=O)NCCCCc4cncnc4,7.0
7,CHEMBL20591,Cc1nnc2CN=C(c3ccc(Cl)cc3)c4cc(ccc4n12)C#CCN5C(=O)CCc6ccccc56,7.0
8,CHEMBL288098,Cc1nnc2CN=C(c3ccccc3Cl)c4cc(C#Cc5ccccc5)sc4n12,7.0
9,CHEMBL369194,Cc1nnc2CN=C(c3ccccc3Cl)c4cc(CCc5ccc(cc5)n6ccnc6)sc4n12,7.0
10,CHEMBL52821,O=C(CCC=C(c1ccccc1)c2ccccc2)NCCCCc3cccnc3,7.0
11,CHEMBL280164,Cc1nnc2CN=C(c3ccccc3Cl)c4cc(CCC(=O)N5CCOCC5)sc4n12,7.03
12,CHEMBL160571,CCCNC(=O)N(O)c1cc(cc(OCCC)c1OCCC)[C@H]2CC[C@@H](O2)c3cc(OC)c(OC)c(OC)c3,7.04
13,CHEMBL328833,CCCCC1=C(CCc2cc(OC)ccc12)\C=C\C(=O)N[C@@H](C)CCCc3cccnc3,7.05
14,CHEMBL20690,Cc1nnc2CN=C(c3ccccc3Cl)c4cc(C#CCn5c6CCCCc6c7cc(Cl)ccc57)sc4n12,7.05
15,CHEMBL57510,COc1ccc(cc1)C(=C\C=C\C(=O)NC(C)(C)CCCc2cccnc2)c3ccc(OC)cc3,7.07
16,CHEMBL286229,CC(C)Cc1ccc(\C=C/c2cc3C(=NCc4nnc(C)n4c3s2)c5ccccc5Cl)cc1,7.1
17,CHEMBL296169,COc1ccc(cc1OC)c2ccc(cc2CC=C)C(=O)N[C@H](C)CCCc3cccnc3,7.1
18,CHEMBL281780,Cc1nnc2CN=C(C3=CC(=O)CC=C3Cl)c4cc(C#CCN5C(=O)CCc6ccccc56)sc4n12,7.1
19,CHEMBL21026,Cc1nnc2CN=C(c3cc(ccc3Cl)[N+](=O)[O-])c4cc(C#CCN5C(=O)CCc6ccccc56)sc4n12,7.13
20,CHEMBL19917,OCc1nnc2CN=C(c3ccccc3Cl)c4cc(C#CCN5C(=O)c6ccccc6c7ccccc57)sc4n12,7.13
21,CHEMBL20927,Cc1nnc2CN=C(c3ccccc3Cl)c4cc(C#CCn5c6CCCCCc6c7cc(Cl)ccc57)sc4n12,7.16
22,CHEMBL434090,CCCOc1cc(cc(N(CC)C(=O)N(C)O)c1OCCC)[C@H]2CC[C@@H](O2)c3cc(OC)c(OC)c(OC)c3,7.17
23,CHEMBL52577,COc1ccc(cc1)C(=C\C=C\C(=O)N[C@H](C)CCCc2cccnc2)c3ccc(OC)cc3,7.19
24,CHEMBL104767,COc1cc(CCc2ccc(cc2)C3=Cc4ccccc4C5=NC(C)(C)CN35)cc(OC)c1OC,7.22
25,CHEMBL449395,COc1cc(CCc2ccc(cc2)C3=Cc4ccccc4C5=NCCN35)cc(OC)c1OC,7.22
26,CHEMBL53029,COc1ccc(cc1)C(=C\C=C\C(=O)N[C@@H](CCCc2cccnc2)C3CC3)c4ccc(OC)cc4,7.22
27,CHEMBL54041,COc1ccc(cc1OC)c2ccc(cc2)\C(=N\[C@H](C)CCCc3cccnc3)\S,7.22
28,CHEMBL55156,Cc1ccc(cc1)C(=C\C=C\C(=O)NCCCCc2cccnc2)c3ccc(C)cc3,7.22
29,CHEMBL284079,Cc1nnc2CN=C(c3ccccc3Cl)c4cc(C#Cc5ccc(s5)c6ccccn6)sc4n12,7.22
30,CHEMBL52615,Clc1ccc(cc1)C(=C\C=C\C(=O)NCCCCc2cccnc2)c3ccc(Cl)cc3,7.22
31,CHEMBL109738,CCCOc1c(OC)cc(cc1S(=O)(=O)CCO)C2CCC(O2)c3cc(OC)c(OC)c(OC)c3,7.23
32,CHEMBL160839,CCCOc1cc(cc(N(O)C(=O)NCC)c1OCCC)[C@H]2CC[C@@H](O2)c3cc(OC)c(OC)c(OC)c3,7.23
33,CHEMBL2304166,C[C@@H]1C(=O)O[C@H]2[C@H](OCOCc3ccccc3)C45[C@H]6C[C@@H](C(C)(C)C)[C@]47[C@@H](OC(=O)[C@@H]7O)O[C@@]5(C(=O)O6)[C@@]12O,7.23
34,CHEMBL155873,CCCOc1c(NC(=O)N(O)C(C)C)cc(cc1OC)C2CCC(O2)c3cc(OC)c(OC)c(OC)c3,7.24
35,CHEMBL155760,CCCOc1cc(cc(N(CC)C(=O)N(O)CCC)c1OCCC)[C@H]2CC[C@@H](O2)c3cc(OC)c(OC)c(OC)c3,7.25
36,CHEMBL319568,COc1ccc(cc1)c2c(\C=C\C(=O)N[C@@H](C)CCCc3cccnc3)ccc4cc(OC)ccc24,7.26
37,CHEMBL300251,COc1ccc(cc1OC)C(=C\C=C\C(=O)NCCCCc2cccnc2)c3ccc(OC)c(OC)c3,7.26
38,CHEMBL52297,O=C(C\C=C\C=C(c1ccccc1)c2ccccc2)NCCCCc3cccnc3,7.26
39,CHEMBL283790,Cc1nnc2CN=C(c3ccccc3Cl)c4cc(C#CCN5C(=O)c6ccccc6c7ccccc7C5=O)sc4n12,7.29
40,CHEMBL51855,CCC\C(=C/C=C/C(=O)N[C@H](C)CCCc1cccnc1)\c2ccc(OC)cc2,7.3
41,CHEMBL432324,CCCc1cc(ccc1c2ccc(OC)c(OC)c2)C(=O)N[C@H](C)CCCc3cccnc3,7.3
42,CHEMBL319921,COc1cc(CCc2ccc(cc2)C3=Cc4oc(C)cc4C5=NCCN35)cc(OC)c1OC,7.3
43,CHEMBL53372,COc1ccc(cc1OC)C(=C\C=C\C(=O)N[C@H](C)CCCc2cccnc2)c3ccc(OC)c(OC)c3,7.3
44,CHEMBL299760,C[C@H](CCCc1cccnc1)NC(=O)c2ccc(c3ccccc3)c(c2)c4ccccc4,7.3
45,CHEMBL279021,Cc1nnc2C(O)N=C(c3ccccc3F)c4cc(ccc4n12)C#CCN5C(=O)CCc6ccccc56,7.3
46,CHEMBL2113724,CCCCN(O)C(=O)Nc1cc(cc(OC)c1OCCSc2ccc(Cl)c(Cl)c2)[C@@H]3CC[C@H](O3)c4cc(OC)c(OC)c(OC)c4,7.35
47,CHEMBL19991,Cc1nnc2CN=C(c3ccccc3F)c4cc(ccc4n12)C#CCCN5C(=O)c6ccccc6C5=O,7.35
48,CHEMBL2304167,CC1C(=O)O[C@H]2[C@H](O)C34[C@H]5C[C@@H](C(C)(C)C)[C@]36[C@@H](OC(=O)[C@@H]6OCOCc7ccccc7)O[C@@]4(C(=O)O5)[C@@]12O,7.39
49,CHEMBL95720,CCCCC\C(=C/C=C/C(=O)N[C@@H](C)CCCc1cccnc1)\c2ccc(OC)cc2,7.4
50,CHEMBL277245,CCCCC\C(=C/C=C/C(=O)N[C@H](C)CCCc1cccnc1)\c2ccc(OC)cc2,7.4
51,CHEMBL95765,CCCCCc1c(oc2cc(OC)ccc12)\C=C\C(=O)N[C@@H](C)CCCc3cccnc3,7.4
52,CHEMBL106521,COc1cc(CCc2ccc(cc2)C3=Cc4ccccc4C5=NCCCN35)cc(OC)c1OC,7.4
53,CHEMBL300299,COc1ccc(cc1)\C(=C\C=C\C(=O)N[C@H](C)CCCc2cccnc2)\C(C)C,7.4
54,CHEMBL52971,COc1cccc(c1)\C(=C\C=C\C(=O)NCCCCc2cccnc2)\c3cccc(F)c3,7.4
55,CHEMBL53804,COc1ccccc1C(=C\C=C\C(=O)NCCCCc2cccnc2)c3ccccc3OC,7.4
56,CHEMBL415940,Fc1ccc(cc1)C(=C\C=C\C(=O)NCCCCc2cccnc2)c3ccc(F)cc3,7.4
57,CHEMBL2113730,CCCCN(O)C(=O)Nc1cc(cc(OC)c1OCCSc2ccc(OC)cc2)[C@@H]3CC[C@H](O3)c4cc(OC)c(OC)c(OC)c4,7.41
58,CHEMBL2113726,CCCCN(O)C(=O)Nc1cc(cc(OC)c1OCCS(=O)(=O)c2ccc(Br)cc2)[C@@H]3CC[C@H](O3)c4cc(OC)c(OC)c(OC)c4,7.42
59,CHEMBL301797,COc1cccc(c1)C(=C\C=C\C(=O)N[C@H](C)CCCc2cccnc2)c3cccc(OC)c3,7.46
60,CHEMBL432850,Cc1nnc2CN=C(c3ccccc3Cl)c4cc(CCc5ccc(cc5)C6CCCCC6)sc4n12,7.46
61,CHEMBL97120,CCCCCC1=C(Cc2cc(OC)ccc12)\C=C\C(=O)N[C@@H](C)CCCc3cccnc3,7.48
62,CHEMBL346538,CCCCN(O)C(=O)Nc1cc(cc(OC)c1OCCC)C2CCC(O2)c3cc(OC)c(OC)c(OC)c3,7.48
63,CHEMBL59051,CCCCN(O)C(=O)Nc1cc(cc(OC)c1OCCC)[C@@H]2CC[C@H](O2)c3cc(OC)c(OC)c(OC)c3,7.48
64,CHEMBL32942,CC(C)Cc1ccc(CCc2cc3C(=NCc4nnc(C)n4c3s2)c5ccccc5Cl)cc1,7.52
65,CHEMBL160218,CCCOc1c(NC(=O)NO)cc(cc1OC)C2CCC(O2)c3cc(OC)c(OC)c(OC)c3,7.52
66,CHEMBL299856,CC\C(=C/C=C/C(=O)N[C@H](C)CCCc1cccnc1)\c2ccc(OC)cc2,7.52
67,CHEMBL20293,CN(C)CCN1C(=O)N(CC#Cc2cc3C(=NCc4nnc(C)n4c3s2)c5ccccc5Cl)c6ccccc16,7.52
68,CHEMBL51760,COc1ccc(\C=C\C=C\C(=O)N[C@H](C)CCCc2cccnc2)cc1,7.52
69,CHEMBL54046,COc1ccc(cc1)C(=C\C=C\C(=O)NC(C)CCCc2cccnc2C)c3ccc(OC)cc3,7.52
70,CHEMBL98401,COc1ccc(cc1)C2=C(CCc3cc(OC)ccc23)\C=C\C(=O)N[C@@H](C)CCCc4cccnc4,7.52
71,CHEMBL279893,Cc1nnc2CN=C(c3ccccc3Cl)c4cc(C#CCN5C(=O)c6cc(Cl)ccc6c7ccc(Cl)cc57)sc4n12,7.52
72,CHEMBL2304168,C[C@@H]1C(=O)O[C@H]2[C@H](OCc3ccc(Cl)cc3)C45[C@H]6C[C@@H](C(C)(C)C)[C@]47[C@@H](OC(=O)[C@@H]7O)O[C@@]5(C(=O)O6)[C@@]12O,7.54
73,CHEMBL319384,CCCCCc1c(\C=C\C(=O)N[C@@H](CC)CCCc2cccnc2)n(C)c3cc(OC)ccc13,7.59
74,CHEMBL155851,CCCOc1c(NC(=O)N(O)C(C)(C)C)cc(cc1OC)C2CCC(O2)c3cc(OC)c(OC)c(OC)c3,7.59
75,CHEMBL2113733,CCCCN(O)C(=O)Nc1cc(cc(OC)c1OCCS(=O)(=O)c2ccccc2Br)[C@@H]3CC[C@H](O3)c4cc(OC)c(OC)c(OC)c4,7.6
76,CHEMBL160290,CCCOc1c(NC(=O)N(O)C(C)CC)cc(cc1OC)C2CCC(O2)c3cc(OC)c(OC)c(OC)c3,7.6
77,CHEMBL20691,COc1cc2CCN(CC#Cc3cc4C(=NCc5nnc(C)n5c4s3)c6ccccc6Cl)C(=O)c2cc1OC,7.6
78,CHEMBL54029,COc1ccc(cc1)C(=C\C=C\C(=O)NCCCCc2cccnc2)c3ccc(OC)cc3,7.6
79,CHEMBL52966,COc1ccc(cc1)\C(=C\C=C\C(=O)N[C@H](C)CCCc2cccnc2)\C,7.6
80,CHEMBL34361,COc1ccc(cc1OC)[C@@H]2CC[C@@H](OCCCn3c(C)nc4cnccc34)O2,7.6
81,CHEMBL294387,COc1cccc(c1)\C(=C/C=C/C(=O)NCCCCc2cccnc2)\c3cccc(F)c3,7.6
82,CHEMBL282495,Cc1nnc2C(O)N=C(c3ccccc3Cl)c4cc(C#CCN5C(=O)c6ccccc6c7ccccc57)sc4n12,7.6
83,CHEMBL278635,Cc1nnc2CN=C(c3ccccc3Cl)c4cc(C#CCN5c6ccccc6C(=O)c7ccccc57)sc4n12,7.6
84,CHEMBL53149,Clc1cccc(c1)C(=C\C=C\C(=O)NCCCCc2cccnc2)c3cccc(Cl)c3,7.6
85,CHEMBL97176,CCCCCc1c(\C=C\C(=O)N[C@@H](C)CCCc2cccnc2)sc3cc(OC)ccc13,7.62
86,CHEMBL2113721,CCCCN(O)C(=O)Nc1cc(cc(OC)c1OCCSc2ccccc2Br)[C@@H]3CC[C@H](O3)c4cc(OC)c(OC)c(OC)c4,7.64
87,CHEMBL2113722,CCCCN(O)C(=O)Nc1cc(cc(OC)c1OCCSc2cccc(Br)c2)[C@@H]3CC[C@H](O3)c4cc(OC)c(OC)c(OC)c4,7.66
88,CHEMBL2113723,CCCCN(O)C(=O)Nc1cc(cc(OC)c1OCCSc2ccc(Br)cc2)[C@@H]3CC[C@H](O3)c4cc(OC)c(OC)c(OC)c4,7.68
89,CHEMBL2113727,CCCCN(O)C(=O)Nc1cc(cc(OC)c1OCCSc2ccc(Cl)cc2)[C@@H]3CC[C@H](O3)c4cc(OC)c(OC)c(OC)c4,7.7
90,CHEMBL34182,COc1cc(cc(OC)c1OC)C2CCC(OCCCn3c(C)nc4cnccc34)O2,7.7
91,CHEMBL52616,COc1ccc(cc1)\C(=C/C=C/C(=O)N[C@H](C)CCCc2cccnc2)\C3CCCCC3,7.7
92,CHEMBL416124,COc1ccc(cc1)\C(=C\C=C\C(=O)N[C@H](C)CCCc2cccnc2)\C3CCCCC3,7.7
93,CHEMBL51238,COc1cccc(c1)c2ccc(cc2)C(=O)N[C@H](C)CCCc3cccnc3,7.7
94,CHEMBL32475,Cc1nnc2CN=C(c3ccccc3Cl)c4cc(C#C[Si](C)(C)C)sc4n12,7.7
95,CHEMBL289463,Cc1nnc2CN=C(c3ccccc3Cl)c4cc(CCc5ccc6CCCc6c5)sc4n12,7.7
96,CHEMBL287465,Cc1nnc2CN=C(c3ccccc3Cl)c4cc(CCc5ccc6OCCc6c5)sc4n12,7.7
97,CHEMBL20033,Cc1nnc2CN=C(c3ccccc3Cl)c4cc(ccc4n12)C#CCN5C(=O)c6ccccc6C5=O,7.7
98,CHEMBL279664,Cc1nnc2CN=C(c3ccccc3F)c4cc(ccc4n12)C#CCN5C(=O)CCc6ccccc56,7.7
99,CHEMBL52834,Fc1cccc(c1)C(=C\C=C\C(=O)NCCCCc2cccnc2)c3cccc(F)c3,7.7
100,CHEMBL53867,CCCCc1cc(ccc1c2ccc(OC)c(OC)c2)C(=O)NCCCCc3cccnc3,7.75
101,CHEMBL160692,CCCOc1c(NC(=O)N(C)O)cc(cc1OC)C2CCC(O2)c3cc(OC)c(OC)c(OC)c3,7.77
102,CHEMBL348609,CCCOc1cc(cc(N(CC)C(=O)N(O)CC)c1OCCC)[C@H]2CC[C@@H](O2)c3cc(OC)c(OC)c(OC)c3,7.77
103,CHEMBL97630,CCCCc1c(\C=C\C(=O)N[C@@H](C)CCCc2cccnc2)ccc3ccc(OC)cc13,7.82
104,CHEMBL35776,COc1ccc(cc1OC)C2CCC(OCCCn3c(C)nc4cnccc34)O2,7.82
105,CHEMBL53585,COc1ccc(cc1OC)c2ccc(cc2)C(=O)N[C@H](C)CCCc3cccnc3,7.82
106,CHEMBL418556,Cc1nnc2CN=C(C3=CC(=O)CC=C3Cl)c4cc(C#CCN5C(=O)c6ccccc6c7ccccc57)sc4n12,7.82
107,CHEMBL277678,Cc1nnc2CN=C(c3ccccc3Cl)c4cc(C#CCN5C(=O)Cn6ccc7c(Cl)ccc5c67)sc4n12,7.82
108,CHEMBL20644,Cc1nnc2CN=C(c3ccccc3Cl)c4cc(C#CCn5c6CCCCCc6c7ccccc57)sc4n12,7.82
109,CHEMBL430333,Cc1nnc2CN=C(c3ccccc3Cl)c4cc(ccc4n12)C#CCN5C(=O)c6cccc7cccc(C5=O)c67,7.82
110,CHEMBL296600,CCCC\C(=C/C=C/C(=O)N[C@H](C)CCCc1cccnc1)\c2ccc(OC)cc2,7.85
111,CHEMBL1793831,CCCOc1c(OC)cc(cc1S(=O)(=O)C)[C@H]2CC[C@@H](O2)c3cc(OC)c(OC)c(OC)c3,7.85
112,CHEMBL29067,CCOC(=O)C1=C(NC(=C(C1c2ccccc2Cl)C(=O)Nc3ccccn3)C)c4ccc(cc4)n5c(C)nc6cnccc56,7.89
113,CHEMBL277650,Cc1nnc2CN=C(c3ccccc3Cl)c4cc(C#CCN5C(=O)c6ccccc6c7ccccc57)sc4n12,7.89
114,CHEMBL283525,Cc1nnc2CN=C(c3ccccc3Cl)c4cc(C#CCN5C(=O)C6(C)CCCc7cccc5c67)sc4n12,7.92
115,CHEMBL417275,Cc1nnc2CN=C(c3ccccc3Cl)c4cc(C#CCN5C(=O)CC(C)(C)c6ccccc56)sc4n12,7.92
116,CHEMBL280401,Cc1nnc2CN=C(c3ccccc3Cl)c4cc(C#CCN5C(=O)c6cccc7cccc(C5=O)c67)sc4n12,7.92
117,CHEMBL290840,[Cl-].CCCCCCCCCCCCCCCCCCOC1CC(COC(=O)N(Cc2cccc[n+]2CC)C(=O)C)CO1,7.92
118,CHEMBL349811,O=C(Nc1cccc(c1)C(=O)c2ccccc2)c3ccn4[C@H](SCc34)c5cccnc5,7.96
119,CHEMBL431744,CCCCC\C(=C\C=C\C(=O)N[C@H](C)CCCc1cccnc1)\c2ccc(OC)cc2,8.0
120,CHEMBL442259,CCCCc1ccc(CCc2cc3C(=NCc4nnc(C)n4c3s2)c5ccccc5Cl)cc1,8.0
121,CHEMBL430919,CCCCc1ccc(\C=C/c2cc3C(=NCc4nnc(C)n4c3s2)c5ccccc5Cl)cc1,8.0
122,CHEMBL320835,COc1cc(CCc2ccc(cc2)C3=Cc4ccsc4C5=NCCN35)cc(OC)c1OC,8.0
123,CHEMBL2113720,COc1cc(cc(OC)c1OC)[C@@H]2CC[C@H](O2)c3cc(CNC(=O)N(C)O)c(OCCSc4ccc(Cl)cc4)c(OC)c3,8.0
124,CHEMBL53014,COc1ccc(cc1)C(=C\C=C\C(=O)Nc2ccc(cc2)c3cccnc3)c4ccc(OC)cc4,8.0
125,CHEMBL37357,Cc1nc2cnccc2n1CCCOC3CCC(O3)c4ccc(Br)cc4,8.0
126,CHEMBL286217,Cc1nnc2CN=C(c3ccccc3Cl)c4cc(C#C)sc4n12,8.0
127,CHEMBL19801,Cc1nnc2CN=C(c3ccccc3F)c4cc(ccc4n12)C#CCN5C(=O)c6ccccc6C5=O,8.0
128,CHEMBL53527,CCCCCC\C(=C/C=C/C(=O)N[C@H](C)CCCc1cccnc1)\c2ccc(OC)cc2,8.05
129,CHEMBL20343,Cc1nnc2CN=C(c3ccccc3Cl)c4cc(C#CCN5C(=O)CCc6cc(Cl)cc(Cl)c56)sc4n12,8.05
130,CHEMBL279234,Cc1nnc2CN=C(c3ccccc3Cl)c4cc(C#CCn5c(O)nc6ccccc56)sc4n12,8.05
131,CHEMBL347382,CCCOc1c(NC(=O)N(O)CC)cc(cc1OC)C2CCC(O2)c3cc(OC)c(OC)c(OC)c3,8.1
132,CHEMBL34461,Cc1nnc2CN=C(c3ccccc3Cl)c4cc(CCc5ccc(s5)c6ccccn6)sc4n12,8.1
133,CHEMBL97530,CCCCc1c(\C=C\C(=O)N[C@@H](C)CCCc2cccnc2)ccc3cc(OC)ccc13,8.16
134,CHEMBL288329,COc1ccc(cc1OC)[C@H]2CC[C@@H](OCCCn3c(C)nc4cnccc34)O2,8.16
135,CHEMBL37358,Cc1nc2cnccc2n1CCCOC3CCC(O3)c4ccc(F)cc4,8.16
136,CHEMBL20003,Cc1nnc2CN=C(c3ccccc3Cl)c4cc(C#CCN5C(=O)C(=O)c6ccccc56)sc4n12,8.16
137,CHEMBL20323,Cc1nnc2CN=C(c3ccccc3Cl)c4cc(C#CCN5C(=O)CCc6ccc(Cl)cc56)sc4n12,8.16
138,CHEMBL278072,Cc1nnc2CN=C(c3ccccc3Cl)c4cc(C#CCn5c6CCCCc6c7ccccc57)sc4n12,8.16
139,CHEMBL277618,Cc1nnc2CN=C(c3ccccc3F)c4cc(ccc4n12)C#CCN5C(=O)CSc6ccccc56,8.16
140,CHEMBL299944,CCCOc1c(OC)cc(cc1S(=O)(=O)CCO)[C@@H]2CC[C@H](O2)c3cc(OC)c(OC)c(OC)c3,8.2
141,CHEMBL317579,CCCCc1c(\C=C\C(=O)N[C@@H](C)CCCc2cccnc2)ccc3c(OC)cccc13,8.22
142,CHEMBL277246,C[C@@H]1N=C(c2ccccc2F)c3cc(ccc3n4c(C)nnc14)C#CCN5C(=O)CCc6ccccc56,8.22
143,CHEMBL282905,Cc1nnc2CN=C(c3ccccc3Cl)c4cc(C#CCN5C(=O)N(C=C=C)c6ccccc56)sc4n12,8.22
144,CHEMBL435756,Cc1nnc2CN=C(c3ccccc3Cl)c4cc(C#CCN5C(=O)NCc6ccccc56)sc4n12,8.22
145,CHEMBL21224,Cc1nnc2CN=C(c3ccccc3Cl)c4cc(C#CCN5C(=O)c6ccccc6C(=O)c7ccccc57)sc4n12,8.22
146,CHEMBL116072,CCCOc1c(OC)cc(cc1S(=O)(=O)C[C@H](C)CCCO)[C@@H]2CC[C@H](O2)c3cc(OC)c(OC)c(OC)c3,8.28
147,CHEMBL415953,CCCCCCCC\C(=C/C=C/C(=O)N[C@H](C)CCCc1cccnc1)\c2ccc(OC)cc2,8.3
148,CHEMBL430969,COc1ccc(cc1OC)c2ccc(cc2C#C)C(=O)N[C@H](C)CCCc3cccnc3,8.3
149,CHEMBL284276,Cc1nc2cnccc2n1CCCOC3CCC(O3)c4ccc(Cl)c(Cl)c4,8.3
150,CHEMBL20877,Cc1nnc2CN=C(c3ccccc3Cl)c4cc(C#CCN5C(=O)COc6ccc(Cl)cc56)sc4n12,8.3
151,CHEMBL20208,Cc1nnc2CN=C(c3ccccc3Cl)c4cc(C#CCN5C(=O)c6cccc7cccc5c67)sc4n12,8.3
152,CHEMBL280683,Cc1nnc2CN=C(c3ccccc3Cl)c4cc(C#CCN5CCc6ccccc6C5=O)sc4n12,8.3
153,CHEMBL277029,Cc1nnc2CN=C(c3ccccc3Cl)c4cc(C#CCn5cnc6ccccc56)sc4n12,8.3
154,CHEMBL19947,Cc1nnc2CN=C(c3ccccc3F)c4cc(ccc4n12)C#CCN5C(=O)COc6ccccc56,8.3
155,CHEMBL20194,Fc1ccccc1C2=NCc3nnc(n3c4ccc(cc24)C#CCN5C(=O)c6ccccc6C5=O)C(F)(F)F,8.3
156,CHEMBL53584,O=C(NCCCCc1cccnc1)c2ccc(c3ccccc3)c(c2)c4ccccc4,8.3
157,CHEMBL51692,CCCCc1cc(ccc1c2ccc(OC)c(OC)c2)C(=O)N[C@H](C)CCCc3cccnc3,8.4
158,CHEMBL53001,CCc1cc(ccc1c2ccc(OC)c(OC)c2)C(=O)N[C@H](C)CCCc3cccnc3,8.4
159,CHEMBL52925,COc1ccc(cc1)\C(=C/C=C/C(=O)N[C@H](C)CCCc2cccnc2)\c3ccccc3,8.4
160,CHEMBL20418,Cc1nnc2CN=C(c3ccccc3Cl)c4cc(C#CCN5C(=O)COc6cc(F)ccc56)sc4n12,8.4
161,CHEMBL20267,Cc1nnc2CN=C(c3ccccc3Cl)c4cc(C#CCN5C(=O)OCc6ccccc56)sc4n12,8.4
162,CHEMBL280210,Cc1nnc2CN=C(c3ccccc3Cl)c4cc(C#CCN5Cc6cccc7cccc(C5=O)c67)sc4n12,8.4
163,CHEMBL283339,Cc1nnc2CN=C(c3ccccc3Cl)c4cc(C#CCOc5cccnc5)sc4n12,8.4
164,CHEMBL334115,CCCOc1c(OC)cc(cc1S(=O)(=O)C[C@@H](C)CCCO)[C@@H]2CC[C@H](O2)c3cc(OC)c(OC)c(OC)c3,8.43
165,CHEMBL99924,CCCCc1c(\C=C\C(=O)N[C@@H](C)CCCc2cccnc2)cc(OC)c3ccc(OC)cc13,8.52
166,CHEMBL407427,CCCOc1c(OCCCn2ccnc2)cc(cc1S(=O)(=O)CC(=O)C)[C@@H]3CC[C@H](O3)c4cc(OC)c(OC)c(OC)c4,8.52
167,CHEMBL34548,COc1ccc(cc1Cl)C2CCC(OCCCn3c(C)nc4cnccc34)O2,8.52
168,CHEMBL429066,Cc1nnc2CN=C(c3ccccc3Cl)c4cc(C#CCN5C(=O)Cc6ccccc56)sc4n12,8.52
169,CHEMBL20163,Cc1nnc2CN=C(c3ccccc3Cl)c4cc(C#CCOc5ccccc5)sc4n12,8.52
170,CHEMBL118105,CCCOc1c(OCCCO)cc(cc1S(=O)(=O)CC(=O)C)[C@@H]2CC[C@H](O2)c3cc(OC)c(OC)c(OC)c3,8.54
171,CHEMBL117413,CCCOc1c(OCCCN2CCOCC2)cc(cc1S(=O)(=O)CC(=O)C)[C@@H]3CC[C@H](O3)c4cc(OC)c(OC)c(OC)c4,8.6
172,CHEMBL156461,O=C([C@@H]1CSC(N1)c2cccnc2)N3CCN(CCCc4ccccc4)CC3,8.64
173,CHEMBL2113725,CCCCN(O)C(=O)Nc1cc(cc(OC)c1OCCSc2c(F)c(F)cc(F)c2F)[C@@H]3CC[C@H](O3)c4cc(OC)c(OC)c(OC)c4,8.7
174,CHEMBL57676,COc1ccc(cc1)\C(=C\C=C\C(=O)N[C@H](C)CCCc2cccnc2)\c3ccccc3,8.7
175,CHEMBL296149,COc1cccc(c1)C(=C\C=C\C(=O)NCCCCc2cccnc2)c3cccc(OC)c3,8.7
176,CHEMBL279665,Cc1nnc2CN=C(c3ccccc3Cl)c4cc(C#CCN5C(=O)C=Cc6ccccc56)sc4n12,8.7
177,CHEMBL99294,CCCCc1c(\C=C\C(=O)N[C@@H](C)CCCc2cccnc2)cc(OC)c3ccccc13,9.0
178,CHEMBL293773,CCCS(=O)(=O)c1cc(cc(OC)c1OCCS(=O)(=O)c2ccccc2)C3CC[C@H](O3)c4cc(OC)c(OC)c(OC)c4,9.0
179,CHEMBL281779,Cc1nnc2CN=C(c3ccccc3Cl)c4cc(C#CCN5C(=O)N(c6ccccc6)c7ccccc57)sc4n12,9.0
180,CHEMBL282883,Cc1nnc2CN=C(c3ccccc3Cl)c4cc(C#CCN5C=Cc6ccccc6C5=O)sc4n12,9.0
181,CHEMBL283162,Cc1nnc2CN=C(c3ccccc3Cl)c4cc(C#CCn5ncc6ccccc56)sc4n12,9.0
182,CHEMBL317090,[Cl-].CN(C)C(=O)n1cc(C(=O)c2ccn3[C@H](SCc23)c4ccc[n+](COC(=O)C)c4)c5ccc(cc15)c6ccc(F)cc6,9.01
183,CHEMBL20019,Cc1nnc2CN=C(c3ccccc3Cl)c4cc(C#CCC56CCCc7cccc(NC5=O)c67)sc4n12,9.16
184,CHEMBL19747,Cc1nnc2CN=C(c3ccccc3Cl)c4cc(C#CCN5C(=O)COc6ccccc56)sc4n12,9.16
185,CHEMBL19640,CN1C(=O)N(CC#Cc2cc3C(=NCc4nnc(C)n4c3s2)c5ccccc5Cl)c6ccccc6C1=O,9.22
186,CHEMBL369225,CN(C)C(=O)n1cc(C(=O)c2ccc(Cn3c(C)nc4cnccc34)c(F)c2)c5c(cccc15)C#C,9.24
187,CHEMBL322832,CCOC(=O)[C@H](CC(C)C)N(C)S(=O)(=O)c1ccc(Cn2c(C)nc3cnccc23)cc1,9.42
188,CHEMBL20195,CN1C(=O)N(CC#Cc2cc3C(=NCc4nnc(C)n4c3s2)c5ccccc5Cl)c6ccccc16,9.52
189,CHEMBL1235246,CCCCCCCCCCCCCCCCOC[C@H](COP(=O)([O-])OCC[N+](C)(C)C)OC(=O)C,9.55
190,CHEMBL277701,Cc1nnc2CN=C(c3ccccc3Cl)c4cc(C#CCN5C(=O)CCc6ccccc56)sc4n12,9.7
191,CHEMBL157078,CCOC[C@H](CC(C)C)NS(=O)(=O)c1ccc(Cn2c(C)nc3cnccc23)cc1,10.82
37,CHEMBL325491,[K+].CCCOc1c(OCCCOP(=O)(O)[O-])cc(cc1S(=O)(=O)CC(=O)C)[C@@H]2CC[C@H](O2)c3cc(OC)c(OC)c(OC)c3,6.96
43,CHEMBL297624,COc1cc(cc(OC)c1OC)[C@H]2CC[C@@H](O2)c3cc(OC)c(OC)c(OC)c3,6.99
70,CHEMBL112481,COc1ccc(cc1OC)[C@@H]2O[C@@H]([C@H](C)[C@H]2C)c3ccc(OC)c(OC)c3,6.0
74,CHEMBL418608,CN(C1CCCCC1)S(=O)(=O)c2ccc(Cn3c(C)nc4ccccc34)cc2,6.52
75,CHEMBL37792,COc1ccc(cc1OC)C2CCC(OCc3ccc(Cn4c(C)nc5ccccc45)cc3)O2,5.7
77,CHEMBL37770,COc1ccc(cc1OC)C2CCC(OCCCCn3c(C)nc4cnccc34)O2,6.3
79,CHEMBL34612,CCCCCCCC1CCC(OCCCn2c(C)nc3cnccc23)O1,6.92
82,CHEMBL286696,COc1ccc(cc1OC)C2CCC(OCCCn3c(C)nnc3C)O2,6.6
83,CHEMBL34669,COc1ccc(cc1OC)C2CCC(COCCn3c(C)nc4cnccc34)O2,6.3
84,CHEMBL37602,COc1ccc(cc1OC)C2CCC(OCc3ccc(cc3)n4c(C)nc5ccccc45)O2,6.05
87,CHEMBL286197,COc1ccc(cc1OC)[C@@H]2CC[C@H](OCCCc3cccnc3)O2,6.82
91,CHEMBL36154,Cc1nc2cnccc2n1CCCOC3CCC(O3)c4ccccc4,6.72
93,CHEMBL54482,CC[C@H](CCCc1cccnc1)NC(=O)\C=C\C=C(c2ccc(OC)cc2)c3ccc(OC)cc3,6.92
94,CHEMBL54068,COc1ccc(cc1)C(=C\C=C\C(=O)NCCOCc2cccnc2)c3ccc(OC)cc3,6.6
97,CHEMBL52933,C[C@@H](CCCc1cccnc1)NC(=O)\C=C\C=C(c2cccc(F)c2)c3cccc(F)c3,6.6
104,CHEMBL299780,C[C@@H](CCCc1cccnc1)NC(=O)\C=C\C=C(c2ccc(F)cc2)c3ccc(F)cc3,6.56
109,CHEMBL51696,O=C(NCCCCc1cccnc1)\C=C/C=C(c2ccccc2)c3ccccc3,6.4
113,CHEMBL54709,O=C(NCCCCc1cccnc1)C=C(c2ccccc2)c3ccccc3,6.35
119,CHEMBL431923,COc1cccc(c1)C(=C\C=C\C(=O)N[C@@H](C)CCCc2cccnc2)c3cccc(OC)c3,6.52
127,CHEMBL2113731,CCCCN(O)C(=O)NCc1cc(cc(OC)c1OCCSc2ccc(Cl)cc2)[C@@H]3CC[C@H](O3)c4cc(OC)c(OC)c(OC)c4,6.78
133,CHEMBL52526,COc1ccc(cc1)C(=C\C=C\C(=O)NC(C)CCCc2ccc(C)nc2)c3ccc(OC)cc3,6.16
134,CHEMBL50244,COc1ccc(cc1)C(=C\C=C\C(=O)N[C@@H](C)CCCc2cccnc2)c3ccc(OC)cc3,6.7
145,CHEMBL52970,[O-][N+](=O)c1cccc(c1)C(=C\C=C\C(=O)NCCCCc2cccnc2)c3cccc(c3)[N+](=O)[O-],6.94
149,CHEMBL54935,C[C@H](CCCc1cccnc1)NC(=O)\C=C\C=C(c2cccc(F)c2)c3cccc(F)c3,6.77
150,CHEMBL52693,O=C(CCCCC=C(c1ccccc1)c2ccccc2)NCCCCc3cccnc3,6.26
151,CHEMBL297734,COc1ccc(cc1)C(=C\C=C\C(=O)N[C@@H](CCCc2cccnc2)C(C)C)c3ccc(OC)cc3,6.1
155,CHEMBL54163,COc1ccc(cc1)C(=C\C=C\C(=O)NCCCOc2cccnc2)c3ccc(OC)cc3,6.52
156,CHEMBL52924,CC[C@@H](CCCc1cccnc1)NC(=O)\C=C\C=C(c2ccc(OC)cc2)c3ccc(OC)cc3,6.4
161,CHEMBL446140,C[C@H](CCCc1cccnc1)NC(=O)\C=C\C=C(c2ccc(C)cc2)c3ccc(C)cc3,6.6
162,CHEMBL54106,COc1ccc(cc1)C(=C\C=C\C(=O)Nc2ccc(Cc3cccnc3)cc2)c4ccc(OC)cc4,6.6
163,CHEMBL2113732,CCCCN(O)C(=O)Nc1cc(cc(OC)c1OCCS(=O)(=O)c2c(F)c(F)cc(F)c2F)[C@@H]3CC[C@H](O3)c4cc(OC)c(OC)c(OC)c4,6.55
166,CHEMBL300742,C[C@H](CCCc1cccnc1)NC(=O)\C=C\C=C(c2ccc(F)cc2)c3ccc(F)cc3,6.6
167,CHEMBL334318,CC(=O)N1CCC(=C2c3ccccc3CCc4ccccc24)CC1,4.39
169,CHEMBL345902,CN(C1CCCCC1)C(=O)c2ccc(Cn3c(C)nc4ccccc34)cc2,6.3
171,CHEMBL325909,Clc1ccc2C(=C3CCN(CC3)C=O)c4ncccc4CCc2c1,4.89
172,CHEMBL139760,CC(=O)N1CCC(=C2c3cc(Cl)c(Cl)cc3CCc4cccnc24)CC1,5.75
177,CHEMBL334127,CC(=O)N1CCC(=C2c3cc(Cl)ccc3CCc4cccnc24)CC1,5.47
180,CHEMBL142268,CC(=O)N1CCC(=C2c3ccc(Br)cc3CCc4cccnc24)CC1,6.09
182,CHEMBL140919,CC(=O)N1CCC(=C(c2ccc(Cl)cc2)c3ccccn3)CC1,4.55
184,CHEMBL143242,CC(=O)N1CCC(=C2c3ccc(C)cc3CCc4cccnc24)CC1,6.0
187,CHEMBL116935,CCC(=O)N1CCC(=C2c3ccc(Cl)cc3CCc4cccnc24)CC1,5.62
191,CHEMBL143272,CC(=O)N1CCC(=C2c3cc(F)ccc3CCc4cccnc24)CC1,6.09
195,CHEMBL344942,CC(=O)N1CCC(=C2c3ccc(F)cc3CCc4cccnc24)CC1,6.17
197,CHEMBL131155,COc1ccc2C(=C3CCN(CC3)C(=O)C)c4ncccc4CCc2c1,5.47
201,CHEMBL342747,CC(=O)N1CCC(=C2c3cc(F)c(F)cc3CCc4cccnc24)CC1,6.0
203,CHEMBL331603,CCCC(=O)N1CCC(=C2c3ccc(Cl)cc3CCc4cccnc24)CC1,4.48
205,CHEMBL358332,CC(=O)N1CCC(=C2c3ccc(O)cc3CCc4cccnc24)CC1,5.06
206,CHEMBL10971,CC(=O)N1CCC(=C2c3ccc(Cl)cc3CCc4cccnc24)CC1,6.22
209,CHEMBL140483,CC(=O)N1CCC(=C2c3ccccc3CCc4cccnc24)CC1,5.85
215,CHEMBL53750,COc1ccc(cc1OC)c2ccc(cc2Br)C(=O)N[C@H](C)CCCc3cccnc3,6.75
219,CHEMBL53534,COc1ccc(cc1OC)c2ccc(cc2[N+](=O)[O-])C(=O)NCCCCc3cccnc3,6.7
223,CHEMBL300644,COc1ccc(cc1OC)c2ccc(cc2)\C(=N\CCCCc3cccnc3)\S,6.85
225,CHEMBL50050,O=C(NCCCCc1cccnc1)c2ccc(cc2)c3cccc(OC4=CC=CC=CC4)c3,6.16
226,CHEMBL301388,Fc1cccc(c1)c2ccc(cc2F)C(=O)NCCCCc3cccnc3,5.68
227,CHEMBL51170,COc1ccc(cc1OC)c2ccc(cc2)C(=O)NCCCCc3cccnc3,6.4
231,CHEMBL52031,COc1ccc(cc1OC)c2ccc(cc2OC)C(=O)NCCCCc3cccnc3,6.52
237,CHEMBL416480,Oc1cccc(c1)c2ccc(cc2)C(=O)NCCCCc3cccnc3,6.52
241,CHEMBL52636,COc1ccc(cc1OC)c2ccc(cc2Br)C(=O)NCCCCc3cccnc3,6.66
245,CHEMBL53482,COc1ccc(cc1OC)c2ccc(cc2[N+](=O)[O-])C(=O)N[C@H](C)CCCc3cccnc3,6.7
249,CHEMBL416120,O=C(NCCCCc1cccnc1)c2ccc(cc2)c3ccccc3,6.2
255,CHEMBL51867,Cc1ccc(cc1C)c2ccc(cc2)C(=O)NCCCCc3cccnc3,6.7
257,CHEMBL50250,COc1ccc(cc1)c2ccc(cc2c3ccc(OC)cc3)C(=O)NCCCCc4cccnc4,6.9
261,CHEMBL53808,COc1cccc(c1)c2ccc(cc2c3cccc(OC)c3)C(=O)NCCCCc4cccnc4,6.7
263,CHEMBL412441,COc1cccc(c1)c2ccc(cc2)C(=O)NCCCCc3cccnc3,6.55
265,CHEMBL54095,Cc1cccc(c1)c2ccc(cc2)C(=O)NCCCCc3cccnc3,6.3
268,CHEMBL312567,COc1ccc(cc1OC)C2=Cc3ccccc3C4=NCCN24,4.66
269,CHEMBL80130,C1CN2C(=Cc3ccccc3C2=N1)c4ccccc4,4.95
270,CHEMBL310425,C1CN2C(=Cc3ccccc3C2=N1)c4occc4,4.0
271,CHEMBL312130,Fc1ccc(cc1)C2=Cc3ccccc3C4=NCCN24,4.85
272,CHEMBL80443,CC(C)(C)c1ccc(cc1)C2=Cc3cc(Cl)ccc3C4=NCCN24,5.66
273,CHEMBL311227,C(N1CCOCC1)c2ccc(cc2)C3=Cc4ccccc4C5=NCCN35,5.55
274,CHEMBL78668,Clc1ccc(cc1)C2=Cc3ccccc3C4=NCCN24,4.43
275,CHEMBL78137,CC(C)(C)c1ccc(cc1)C2=Cc3ccc(Cl)cc3C4=NCCN24,4.39
276,CHEMBL310238,Fc1ccccc1C2=Cc3ccccc3C4=NCCN24,5.24
277,CHEMBL309310,C1CN2C(=Cc3ccccc3C2=N1)c4ccncc4,4.32
278,CHEMBL312650,Cc1ccc(cc1)C2=Cc3ccccc3C4=NCCN24,5.27
279,CHEMBL419471,CCc1ccc(cc1)C2=Cc3ccccc3C4=NCCN24,5.2
280,CHEMBL310866,Clc1ccc(cc1Cl)C2=Cc3ccccc3C4=NCCN24,4.77
281,CHEMBL80774,C(N(C1CCCCC1)C2CCCCC2)c3ccc(cc3)C4=Cc5ccccc5C6=NCCN46,4.88
282,CHEMBL312268,Clc1ccc(C2=Cc3ccccc3C4=NCCN24)c(Cl)c1,4.09
283,CHEMBL420208,C(N1CCSCC1)c2ccc(cc2)C3=Cc4ccccc4C5=NCCN35,5.96
284,CHEMBL78545,C[Si](C)(C)c1ccc(cc1)C2=Cc3ccccc3C4=NCCN24,5.19
285,CHEMBL80647,C=CCN(CC=C)Cc1ccc(cc1)C2=Cc3ccccc3C4=NCCN24,5.04
286,CHEMBL76778,C1Oc2ccc(cc2O1)C3=Cc4ccccc4C5=NCCN35,4.72
287,CHEMBL80165,C1CN2C(=Cc3ccccc3C2=N1)c4cccs4,4.82
288,CHEMBL80179,CC1CCCCN1Cc2ccc(cc2)C3=Cc4ccccc4C5=NCCN35,5.96
289,CHEMBL420943,C1CN2C(=Cc3ccccc3C2=N1)c4ccc(cc4)c5ccccc5,5.47
290,CHEMBL81715,Oc1ccc(cc1)C2=Cc3ccccc3C4=NCCN24,5.14
291,CHEMBL312225,C(N1CCCCC1)c2ccc(cc2)C3=Cc4ccccc4C5=NCCN35,5.13
292,CHEMBL78642,C(N1CCCC1)c2ccc(cc2)C3=Cc4ccccc4C5=NCCN35,4.23
293,CHEMBL80963,Clc1ccccc1C2=Cc3ccccc3C4=NCCN24,5.09
294,CHEMBL79089,CC(C)(C)c1ccc(cc1)C2=Cc3ccccc3C4=NCCN24,6.05
295,CHEMBL78624,Cc1ccc2C=C(N3CCN=C3c2c1)c4ccc(cc4)C(C)(C)C,4.5
296,CHEMBL80505,C1CN2C(=Cc3ccccc3C2=N1)c4cccnc4,4.0
297,CHEMBL309194,COc1ccc(cc1)C2=Cc3ccccc3C4=NCCN24,4.26
298,CHEMBL78310,Clc1cccc(c1)C2=Cc3ccccc3C4=NCCN24,5.27
299,CHEMBL431400,FC(F)(F)c1cccc(c1)C2=Cc3ccccc3C4=NCCN24,4.72
300,CHEMBL419472,CC(C)(C)c1cccc(c1)C2=Cc3ccccc3C4=NCCN24,5.4
307,CHEMBL155975,CCCOc1c(NC(=O)N(O)C2CCCCC2)cc(cc1OC)C3CCC(O3)c4cc(OC)c(OC)c(OC)c4,6.0
317,CHEMBL160148,CCCOc1c(NC(=O)N(O)Cc2ccccc2)cc(cc1OC)C3CCC(O3)c4cc(OC)c(OC)c(OC)c4,6.37
327,CHEMBL320871,COc1cc(CCc2ccc(cc2)C3=Nc4ccccc4C5=NCCN35)cc(OC)c1OC,5.94
328,CHEMBL320609,COc1cc(CCc2ccc(cc2)C3=Cc4ccccc4C5=NC(C)CN35)cc(OC)c1OC,6.66
331,CHEMBL320577,COc1cc(CCc2ccc(cc2)c3cc4ccccc4c5nccn35)cc(OC)c1OC,4.05
333,CHEMBL106163,COc1cc(CCc2ccc(cc2)c3cc4ccccc4c5nc(C)cn35)cc(OC)c1OC,4.46
335,CHEMBL104631,COc1cc(CCc2ccc(cc2)C3=Cc4ccccc4C5=NCC(C)(C)CN35)cc(OC)c1OC,6.3
336,CHEMBL106358,COc1cc(CCc2ccc(cc2)c3cc4ccccc4c5nnc(C)n35)cc(OC)c1OC,5.02
347,CHEMBL287380,Cc1nnc2CN=C(c3ccccc3Cl)c4cc(C#CC(=O)N5CCOCC5)sc4n12,6.59
348,CHEMBL285926,Cc1nnc2CN=C(c3ccccc3Cl)c4cc(\C=C/c5ccccn5)sc4n12,6.4
349,CHEMBL32327,Cc1nnc2CN=C(c3ccccc3Cl)c4cc(C#CCO)sc4n12,6.75
350,CHEMBL286762,Cc1nnc2CN=C(c3ccccc3Cl)c4cc(\C=C/c5ccc6CCCc6c5)sc4n12,6.96
352,CHEMBL285199,Cc1nnc2CN=C(c3ccccc3Cl)c4cc(sc4n12)\C(=N/N)\CC(=O)N5CCOCC5,6.38
355,CHEMBL285067,Cc1nnc2CN=C(c3ccccc3Cl)c4cc(\C=C\C(=O)N5CCOCC5)sc4n12,6.35
356,CHEMBL32479,Cc1nnc2CN=C(c3ccccc3Cl)c4cc(Br)sc4n12,6.52
358,CHEMBL286337,Cc1cc(CCc2cc3C(=NCc4nnc(C)n4c3s2)c5ccccc5Cl)cc6CC(C)(C)Oc16,6.4
359,CHEMBL33217,Cc1nnc2CN=C(c3ccccc3Cl)c4cc(sc4n12)c5[nH]nnc5C(=O)N6CCOCC6,6.0
360,CHEMBL285035,Cc1nnc2CN=C(c3ccccc3Cl)c4cc(C#Cc5ccccn5)sc4n12,6.6
362,CHEMBL33857,Cc1nnc2CN=C(c3ccccc3Cl)c4cc(C#Cc5ccc(cc5)C6CCCCC6)sc4n12,6.52
363,CHEMBL32932,Cc1cc(cc2CC(C)(C)Oc12)C#Cc3cc4C(=NCc5nnc(C)n5c4s3)c6ccccc6Cl,6.4
364,CHEMBL284280,Cc1nnc2CN=C(c3ccccc3Cl)c4cc(C#Cc5ccc6CCCc6c5)sc4n12,6.42
367,CHEMBL286557,Cc1nnc2CN=C(c3ccccc3Cl)c4cc(\C=C/C(=O)N5CCOCC5)sc4n12,6.75
368,CHEMBL34796,Cc1nnc2CN=C(c3ccccc3Cl)c4cc(C#Cc5ccc6OCCc6c5)sc4n12,6.38
369,CHEMBL20359,Cc1nnc2CN=C(c3ccccc3Cl)c4cc(I)sc4n12,6.43
370,CHEMBL32767,CCCCc1ccc(cc1)C#Cc2cc3C(=NCc4nnc(C)n4c3s2)c5ccccc5Cl,6.19
373,CHEMBL32389,Cc1nnc2CN=C(c3ccccc3Cl)c4cc(\C=C/c5ccc(cc5)C6CCCCC6)sc4n12,6.92
378,CHEMBL32110,Cc1nnc2CN=C(c3ccccc3Cl)c4cc(C#Cc5cccc6ccccc56)sc4n12,6.82
380,CHEMBL32303,Cc1nnc2CN=C(c3ccccc3Cl)c4cc(sc4n12)c5cc(O)[nH]n5,6.0
415,CHEMBL432393,CCO\C(=C/1\[C@H](C(=C(C)N=C1COCCn2c(C)nc3ccccc23)C(=O)NC(C)(C)C)c4ccccc4Cl)\O,7.22
417,CHEMBL104967,CCO\C(=C/1\[C@@H](C(=C(C)N=C1COCCn2c(C)nc3ccccc23)C(=O)NC(C)(C)C)c4ccccc4Cl)\O,8.64
418,CHEMBL53019,CCO\C(=C/1\C(C(=C(C)N=C1COCCn2c(C)nc(C)c2C)C(=O)OC)c3ccccc3Cl)\O,7.68
419,CHEMBL105908,CCO\C(=C/1\C(C(=C(C)N=C1COCCn2c(C)nc(C)c2C)C(=O)NC(C)(C)C)c3ccccc3Cl)\O,7.66
420,CHEMBL319839,CCO\C(=C/1\[C@@H](C(=C(C)N=C1COCCn2c(C)nc(C)c2C)C(=O)OC)c3ccccc3Cl)\O,7.82
421,CHEMBL320241,CCO\C(=C/1\C(C(=C(C)N=C1COCCn2c(C)nc3ccncc23)C(=O)Nc4ccccn4)c5ccccc5Cl)\O,7.31
422,CHEMBL105029,CCO\C(=C/1\[C@H](C(=C(C)N=C1COCCn2c(C)nc(C)c2C)C(=O)OC)c3ccccc3Cl)\O,6.74
423,CHEMBL317911,CCO\C(=C/1\C(C(=C(C)N=C1COCCn2c(C)nc3cnccc23)C(=O)Nc4ccccn4)c5ccccc5Cl)\O,8.1
424,CHEMBL440149,CCO\C(=C/1\C(C(=C(C)N=C1COCCn2c(C)nc(C)c2C)C(=O)Nc3ccccc3)c4ccccc4Cl)\O,7.77
425,CHEMBL318391,CCO\C(=C/1\C(C(=C(C)N=C1COCCn2c(C)nc3cccnc23)C(=O)Nc4ccccn4)c5ccccc5Cl)\O,8.1
426,CHEMBL104843,CCO\C(=C/1\C(C(=C(C)N=C1COCCn2c(C)nc3ccccc23)C(=O)NC(C)(C)C)c4ccccc4Cl)\O,8.13
427,CHEMBL104290,CCO\C(=C/1\C(C(=C(C)N=C1COCCn2c(C)nc3ccccc23)C(=O)Nc4ccccn4)c5ccccc5Cl)\O,8.52
429,CHEMBL104620,COC(=O)C1=C(NC(=C(C1c2ccccc2Cl)C(=O)Nc3nccs3)C)c4ccc(cc4)n5ccnc5,6.38
431,CHEMBL104978,CCO\C(=C/1\C(C(=C(C)N=C1COCCn2c(C)nc(C)c2C)C(=O)Nc3cccc(C)n3)c4ccccc4Cl)\O,7.96
432,CHEMBL322029,CCO\C(=C/1\C(C(=C(C)N=C1COCCn2c(C)nc3ncccc23)C(=O)Nc4ccccn4)c5ccccc5Cl)\O,8.19
437,CHEMBL291332,COc1cc(cc(OC)c1OC)[C@H]2CCC(O2)c3cc(OC)c(OC)c(OC)c3,6.75
438,CHEMBL514432,C[C@@H]1C(=O)O[C@H]2[C@H](O)[C@@]34[C@H]5C[C@@H](C(C)(C)C)[C@]36[C@@H](OC(=O)[C@@H]6O)O[C@@]4(C(=O)O5)[C@@]12O,6.89
439,CHEMBL36733,[Cl-].CCCCCCC1CCC(OCCCCCC[n+]2ccccc2)O1,5.8
442,CHEMBL295212,CCCCCCCCCCCCCCCCCCNC(=O)OCC(COP(=O)([O-])OCC[n+]1ccsc1)OC,6.22
445,CHEMBL57480,Oc1ccc2N=C3C=CC(=CN3C(=O)c2c1)C(=O)NCCCCc4cccnc4,5.92
448,CHEMBL20196,Cc1nnc2nc(c3ccccc3F)c4cc(ccc4n12)C#CCN5C(=O)c6ccccc6C5=O,6.52
456,CHEMBL34063,[I-].COc1ccc(cc1OC)[C@@H]2CC[C@@H](OCCCc3ccc[n+](C)c3)O2,5.52
461,CHEMBL279476,Cc1nnc2C(=O)NC(c3ccccc3Cl)c4cc(C#CCN5C(=O)c6ccccc6c7ccccc57)sc4n12,6.25
468,CHEMBL36494,COc1ccc(cc1OC)C2CCC(OCCc3cccnc3)O2,4.82
473,CHEMBL284078,Fc1ccc(cc1)[C@H]2CC[C@@H](OCCCc3cccnc3)O2,6.64
488,CHEMBL37951,COc1ccc(cc1OC)[C@H]2CC[C@@H](OCCCc3cccnc3)O2,6.82
489,CHEMBL37686,COc1ccc(cc1OC)C2CCC(OCCCCc3cccnc3)O2,5.22
492,CHEMBL56588,Cc1cc2N=C3C=CC(=CN3C(=O)c2cc1C)C(=NCCCCc4cccnc4)O,6.6
493,CHEMBL418141,CC(C)c1ccc2N=C3C=CC(=CN3C(=O)c2c1)C(=NCCc4cccnc4)O,5.6
495,CHEMBL287821,[I-].COc1ccc(cc1OC)[C@H]2CC[C@@H](OCCCc3ccc[n+](C)c3)O2,6.0
504,CHEMBL37603,Clc1ccc(cc1)[C@H]2CC[C@@H](OCCCc3cccnc3)O2,6.0
515,CHEMBL141825,CC(C)c1ccc2N=C3C=CC(=CN3C(=O)c2c1)C(=O)NCCCCCCc4cncnc4,6.7
518,CHEMBL37364,Fc1ccc(cc1)[C@@H]2CC[C@@H](OCCCc3cccnc3)O2,5.4
519,CHEMBL37547,Brc1ccc(cc1)[C@H]2CC[C@@H](OCCCc3cccnc3)O2,6.1
520,CHEMBL288849,Clc1ccc(cc1Cl)[C@H]2CC[C@@H](OCCCc3cccnc3)O2,6.7
526,CHEMBL291082,Brc1ccc(cc1)[C@@H]2CC[C@@H](OCCCc3cccnc3)O2,5.4
535,CHEMBL57736,CC(C)c1ccc2N=C3C=CC(=CN3C(=O)c2c1)C(=O)NCCCCc4cccnc4,6.46
542,CHEMBL20178,CC1N=C(c2ccccc2Cl)c3cc(C#CCN4C(=O)c5ccccc5c6ccccc46)sc3n7c(C)nnc17,6.6
546,CHEMBL293362,COc1ccc2N=C3C=CC(=CN3C(=O)c2c1)C(=O)NCCCCc4cccnc4,6.0
554,CHEMBL19721,CN(C)CCN1C(=O)N(CC#Cc2cc3C(=NCc4nnc(C)n4c3s2)c5ccccc5Cl)c6ccccc6C1=O,6.82
558,CHEMBL283365,FC(F)(F)c1nnc2CN=C(c3ccc(Cl)cc3)c4cc(ccc4n12)C#CCN5C(=O)CCc6ccccc56,6.0
562,CHEMBL280207,C[C@H]1N=C(c2ccccc2F)c3cc(ccc3n4c(C)nnc14)C#CCN5C(=O)CCc6ccccc56,6.0
564,CHEMBL417781,CC(C)c1ccc2N=C3C=CC(=CN3C(=O)c2c1)C(=NCCCCCCc4cccnc4)O,6.4
565,CHEMBL56742,CC(C)c1ccc2N=C3C=CC(=CN3C(=O)c2c1)C(=O)NCCCCc4ccccn4,5.3
566,CHEMBL142903,C[C@@H](CCCc1cccnc1)NC(=O)C2=CN3C(=Nc4ccc(cc4C3=O)C(C)C)C=C2,6.4
569,CHEMBL37735,COc1ccc(cc1)[C@H]2CC[C@@H](OCCCc3cccnc3)O2,5.7
572,CHEMBL279084,Fc1ccccc1C2=NCc3nnc(n3c4ccc(cc24)C#CCN5C(=O)CCc6ccccc56)C(F)(F)F,6.7
582,CHEMBL281139,Cc1nnc2CNC(c3ccccc3F)c4cc(ccc4n12)C#CCN5C(=O)c6ccccc6C5=O,6.96
602,CHEMBL20914,Cc1nnc2CN=C(c3ccccc3Cl)c4cc(I)ccc4n12,6.0
604,CHEMBL301215,CC(C)c1ccc2N=C3C=CC(=CN3C(=O)c2c1)C(=O)NC(C)(C)CCCc4cccnc4,5.92
613,CHEMBL37952,COc1ccc(cc1OC)C2CCC(OC\C=C\c3cccnc3)O2,6.52
615,CHEMBL57489,Clc1ccc2C(=O)N3C=C(C=CC3=Nc2c1)C(=O)NCCCCc4cccnc4,6.0
616,CHEMBL416232,COc1ccc(cc1OC)C2CCC(OCCCCCc3cccnc3)O2,5.52
617,CHEMBL289406,Clc1ccc(cc1)[C@@H]2CC[C@@H](OCCCc3cccnc3)O2,5.3
618,CHEMBL20701,Cc1nnc2CN=C(c3ccccc3Cl)c4cc(C#CCn5c6ccccc6c7ccccc57)sc4n12,6.92
620,CHEMBL57825,CC(CCCc1cccnc1)NC(=O)C2=CN3C(=Nc4ccc(cc4C3=O)C(C)C)C=C2,6.6
621,CHEMBL142433,C[C@H](CCCc1cccnc1)NC(=O)C2=CN3C(=Nc4ccc(cc4C3=O)C(C)C)C=C2,6.22
635,CHEMBL20577,Cc1nnc2CN=C(c3ccccc3F)c4cc(I)ccc4n12,6.0
637,CHEMBL57716,CC(C)Oc1ccc2N=C3C=CC(=CN3C(=O)c2c1)C(=O)NCCCCc4cccnc4,6.22
654,CHEMBL286677,COc1ccc(cc1)[C@@H]2CC[C@@H](OCCCc3cccnc3)O2,5.4
655,CHEMBL20344,Cc1nnc2CN=C(c3ccccc3Cl)c4cc(ccc4n12)C#CCOc5cccnc5,6.89
663,CHEMBL287004,COc1ccc(cc1OC)[C@@H]2CC[C@@H](OCCCc3cccnc3)O2,5.4
664,CHEMBL37929,Clc1ccc(cc1Cl)[C@@H]2CC[C@@H](OCCCc3cccnc3)O2,5.6
665,CHEMBL294706,CC(C)c1ccc2N=C3C=CC(=CN3C(=O)c2c1)C(=O)NCCCCc4cncnc4,6.35
674,CHEMBL20808,Cc1nnc2CN=C(c3cc(ccc3Cl)[N+](=O)[O-])c4cc(I)sc4n12,6.44
676,CHEMBL20325,Fc1ccccc1C2=NCc3nncn3c4ccc(cc24)C#CCN5C(=O)c6ccccc6C5=O,6.0
679,CHEMBL56434,CC(C)c1ccc2N=C3C=CC(=CN3C(=O)c2c1)C(=NCCCCn4ccnc4)O,5.46
682,CHEMBL418370,Cc1nnc2CNC(c3ccccc3F)c4cc(I)ccc4n12,6.0
687,CHEMBL282666,Cc1nnc2COC(c3ccccc3F)c4cc(ccc4n12)C#CCN5C(=O)c6ccccc6C5=O,6.3
691,CHEMBL300338,Cc1ccc2N=C3C=CC(=CN3C(=O)c2c1)C(=O)NCCCCc4cccnc4,6.3
694,CHEMBL35181,C(COC1CCC(O1)c2ccccc2)Cc3cccnc3,5.22
695,CHEMBL283113,CC1N=C(c2ccccc2Cl)c3cc(I)sc3n4c(C)nnc14,6.92
703,CHEMBL57072,CC(C)c1ccc2N=C3C=CC(=CN3C(=O)c2c1)C(=NCCCCc4ccncc4)O,5.89
706,CHEMBL56418,COc1ccc2C(=O)N3C=C(C=CC3=Nc2c1)C(=O)NCCCCc4cccnc4,6.43
707,CHEMBL291293,COc1ccc(cc1OC)C2CCC(OCc3cccnc3)O2,4.6
731,CHEMBL60625,O=C(NCCCCc1cccnc1)C2=CN3C(=Nc4ccccc4C3=O)C=C2,5.75
742,CHEMBL284773,COc1ccc(cc1OC)C2CCC(OCCCc3cccnc3)O2,6.52
743,CHEMBL33972,COc1cc(cc(OC)c1OC)[C@@H]2CC[C@@H](OCCCc3cccnc3)O2,5.82
752,CHEMBL58518,Brc1ccc2N=C3C=CC(=CN3C(=O)c2c1)C(=O)NCCCCc4cccnc4,6.16
755,CHEMBL37116,COc1ccc(cc1OC)C2CCC(OCC#Cc3cccnc3)O2,4.75
760,CHEMBL2373416,C[C@@H]1C[C@H]2O[C@@]3(C)CC\C=C(/C)\CC[C@]1(C)C4=C2[C@](O)(OC4)[C@H]3O,5.9
761,CHEMBL363216,C[C@@H]1C[C@H]2O[C@@]3(C)CC\C=C(/C)\CC[C@@]1(C)[C@]45CO[C@](O)([C@H]3O)[C@]24O5,5.63
762,CHEMBL365357,C[C@@H]1C[C@H](O)C2=C3CO[C@]2(O)[C@H]4O[C@]4(C)CC\C=C(/C)\CC[C@]13C,5.84
763,CHEMBL371351,C[C@@H]1C[C@@H](O)C2=C3CO[C@]2(O)[C@@H]4O[C@@]4(C)CC\C=C(/C)\CC[C@]13C,5.95
764,CHEMBL371569,C[C@@H]1CCC2=C3CO[C@]2(O)[C@H]4O[C@]4(C)CC\C=C(/C)\CC[C@]13C,6.24
765,CHEMBL191612,C[C@@H]1CCC2=C3CO[C@]2(O)[C@@H]4O[C@@]4(C)CC\C=C(/C)\CC[C@]13C,6.24
766,CHEMBL2373409,C[C@@H]1CC[C@]23O[C@@]24CO[C@]3(O)\C=C(/C)\CC\C=C(/C)\CC[C@@]14C,5.94
769,CHEMBL91397,Cc1cncc(CN2CCC(=C3c4ccc(Cl)cc4CCc5cccnc35)CC2)c1,5.43
775,CHEMBL210514,COc1nc(NCCCN2CCOCC2)nc(OC)c1NC(=O)c3oc(Oc4cc5c(CCC5(C)C)cc4C)cc3,5.98
1472,CHEMBL34431,CN(C1CCCCC1)C(=O)CCCOc2ccc3nc(O)ccc3c2,5.43
1524,CHEMBL104,Clc1ccccc1C(c2ccccc2)(c3ccccc3)n4ccnc4,4.46
2531,CHEMBL2105667,C[C@@H](N(C)C(=O)N1CC[C@@H](C[C@@H]1c2ccc(F)cc2C)N3CCN4[C@@H](CCC4=O)C3)c5cc(cc(c5)C(F)(F)F)C(F)(F)F,5.64
2540,CHEMBL3765778,CN1C(=O)N(CC(C)(C)C)c2ccc(nc12)c3cc(ccc3C)C(C)(C)O,5.7
