,molecule_chembl_id,canonical_smiles,pchembl_value
0,alprostadil,CCCCC[C@H](O)\C=C\[C@H]1[C@H](O)CC(=O)[C@@H]1CCCCCCC(O)=O,8.0
1,dinoprostone,CCCCC[C@H](O)\C=C\[C@H]1[C@H](O)CC(=O)[C@@H]1C\C=C/CCCC(O)=O,8.77
2,rioprostil,[H][C@@]1(O)CC(=O)[C@]([H])(CCCCCCCO)[C@@]1([H])\C=C\CC(C)(O)CCCC,
3,CHEMBL3586322,COc1cc(cc2CN(Cc3ccc(cc3)S(=O)(=O)C)CCOc12)c4csc5ccccc45,7.0
4,CHEMBL3586324,COc1cc(cc2CN(Cc3cccc(c3)C#N)CCOc12)c4csc5ccccc45,7.0
5,CHEMBL3586345,COc1cc(cc2CN(Cc3cccnc3)CCOc12)n4ccc5cc(ccc45)C#N,7.0
6,CHEMBL3586314,COc1ccc(CN2CCOc3c(C2)cc(cc3OC)c4csc5ccccc45)cn1,7.0
7,CHEMBL3586346,COc1cc(cc2CN(Cc3cccnc3)CCOc12)n4ccc5cc(F)ccc45,7.05
8,CHEMBL251709,CCCC\C=C/C=C/[C@H]1CCC(=O)N1CCc2ccc(cc2)C(=O)O,7.06
9,CHEMBL3586342,COc1cc(cc2CN(Cc3cccnc3)CCOc12)n4ccc5cc(Cl)ccc45,7.1
10,CHEMBL3586312,COc1cc(cc2CN(Cc3cncnc3)CCOc12)c4csc5ccccc45,7.1
11,CHEMBL3586353,Clc1cc(cc2CN(Cc3cccnc3)CCOc12)c4csc5ccccc45,7.1
12,CHEMBL222782,O[C@@H](CCC1CCC1)\C=C\[C@H]2CCC(=O)N2CCc3ccc(cc3)C(=O)O,7.13
13,CHEMBL1628262,CCCC1(CCC1)[C@@H](O)C\C=C\[C@H]2[C@H](O)CC(=O)[C@@H]2CCCCCCC(=O)O,7.14
14,CHEMBL3586309,COc1cc(cc2CN(Cc3cccnc3)CCOc12)c4csc5ccccc45,7.16
15,CHEMBL3805981,O[C@@H]1C[C@@H]2O[C@H](CC[C@@H]2[C@H]1COc3cccc(OC(F)(F)F)c3)c4nc(cs4)C(=O)O,7.16
16,CHEMBL2112332,C(Cc1ccccc1)SCc2ccc(cc2)c3ccccc3CCc4nnn[nH]4,7.2
17,CHEMBL251505,CCCC\C(=C/C=C/[C@H]1CCC(=O)N1CCc2ccc(cc2)C(=O)O)\C,7.22
18,CHEMBL3586347,COc1cc(cc2CN(Cc3cccnc3)CCOc12)N4CCc5cc(Cl)ccc45,7.22
19,CHEMBL3586340,COc1cc(cc2CN(Cc3cccnc3)CCOc12)n4cc(Cl)c5ccccc45,7.22
20,CHEMBL248678,C\C(=C\C=C\[C@H]1CCC(=O)N1CCc2ccc(cc2)C(=O)O)\CC3CCCC3,7.22
21,CHEMBL3754197,O[C@H](\C=C\[C@H]1COC(=O)N1CCSc2nc(cs2)C(=O)O)C3(CCC4CCCCC4)CCC3,7.22
22,CHEMBL3792668,Cc1cc(OC[C@H]2[C@H](O)C[C@@H]3O[C@H](CC[C@H]23)c4coc(c4)C(=O)O)ccc1Cl,7.26
23,CHEMBL257217,CCCCCC[C@H](O)\C=C\[C@H]1CCC(=O)N1CCc2ccc(cc2)C(=O)O,7.27
24,CHEMBL563646,CC(C)(C)c1ccc(CN(Cc2cccc(OCC(=O)O)c2)S(=O)(=O)c3cccnc3)cc1,7.3
25,CHEMBL3586360,Fc1ccc2c(ccn2c3cc(Cl)c4OCCN(CC5=CC(=O)NC=C5)Cc4c3)c1,7.3
26,CHEMBL601299,OC(=O)c1ccc(CNC(=O)c2c(Cl)sc(Cl)c2Cc3cccc(Cl)c3)cc1,7.37
27,CHEMBL376347,CCCCC[C@H](O)CC[C@H]1CCC(=O)N1CCc2ccc(cc2)C(=O)O,7.46
28,CHEMBL271896,CCCC1(CCC1)[C@H](O)C\C=C\[C@H]2[C@H](O)CC(=O)[C@@H]2CCCCCCC(=O)OC,7.48
29,CHEMBL398948,CCCC\C=C(/C)\C=C\[C@H]1CCC(=O)N1CCc2ccc(cc2)C(=O)O,7.54
30,CHEMBL3753898,CCOCCC1(CCC1)[C@H](O)\C=C\[C@H]2COC(=O)N2CCSc3nc(cs3)C(=O)O,7.54
31,CHEMBL3805455,O[C@@H]1C[C@@H]2O[C@H](CC[C@@H]2[C@H]1CCCCCOc3ccccc3)c4nc(cs4)C(=O)O,7.55
32,CHEMBL3805316,Cc1ccc(OC[C@H]2[C@H](O)C[C@@H]3O[C@H](CC[C@H]23)c4nc(cs4)C(=O)O)cc1,7.57
33,CHEMBL3793724,CO[C@H]1C[C@@H]2O[C@H](CC[C@@H]2[C@H]1COc3ccc(Cl)c(C)c3)c4nc(cs4)C(=O)O,7.64
34,CHEMBL3806060,O[C@@H]1C[C@@H]2O[C@H](CC[C@@H]2[C@H]1COc3ccccc3F)c4nc(cs4)C(=O)O,7.64
35,CHEMBL3753268,CC#CCC1(CCC1)[C@H](O)\C=C\[C@H]2COC(=O)N2CCSc3nc(cs3)C(=O)O,7.68
36,CHEMBL272277,CCCCC1(CCC1)[C@@H](O)\C=C\[C@H]2CCC(=O)N2CCc3ccc(cc3)C(=O)O,7.68
37,CHEMBL3586359,Clc1cc(cc2CN(CC3=CC(=O)NC=C3)CCOc12)c4csc5ccccc45,7.7
38,CHEMBL3753788,COCCCC1(CCC1)[C@H](O)\C=C\[C@H]2COC(=O)N2CCSc3nc(cs3)C(=O)O,7.75
39,CHEMBL1237298,OC(=O)\C=C\c1ccccc1C\C=C/c2cccc(OCc3ccccc3)c2.OC(=O)\C=C\c4ccccc4\C=C\Cc5cccc(OCc6ccccc6)c5,7.75
40,CHEMBL599051,C[C@H](NC(=O)c1cscc1Cc2cccc(Cl)c2)c3ccc(cc3)C(=O)O,7.8
41,CHEMBL3793009,Cc1cc(OC[C@H]2[C@H](O)C[C@@H]3O[C@H](CC[C@H]23)c4occ(n4)C(=O)O)ccc1Cl,7.82
42,CHEMBL3805122,O[C@@H]1C[C@@H]2O[C@H](CC[C@@H]2[C@H]1COc3ccc(OC(F)(F)F)cc3)c4nc(cs4)C(=O)O,7.85
43,CHEMBL3670660,ONC(=O)c1ccc(CNC(=O)c2[nH]c(cc2c3ccc(O)cc3)c4cccs4)cc1,7.89
44,CHEMBL3805408,O[C@@H]1C[C@@H]2O[C@H](CC[C@@H]2[C@H]1COc3ccc(cc3)C(F)(F)F)c4nc(cs4)C(=O)O,7.89
45,CHEMBL3793209,O[C@@H]1C[C@@H]2O[C@H](CC[C@@H]2[C@H]1COc3ccccc3)c4nc(cs4)C(=O)O,7.89
46,CHEMBL3805169,O[C@@H]1C[C@@H]2O[C@H](CC[C@@H]2[C@H]1\C=C\CCCOc3ccccc3)c4nc(cs4)C(=O)O,7.89
47,CHEMBL3793167,Cc1cc(OC[C@H]2[C@@H](F)C[C@@H]3O[C@H](CC[C@H]23)c4nc(cs4)C(=O)O)ccc1Cl,7.96
48,CHEMBL3806284,O[C@@H]1C[C@@H]2O[C@H](CC[C@@H]2[C@H]1COc3ccccc3C(F)(F)F)c4nc(cs4)C(=O)O,7.96
49,CHEMBL3586362,C[C@@H]1COc2c(Cl)cc(cc2CN1CC3=CC(=O)NC=C3)n4ccc5cc(F)ccc45,8.0
50,CHEMBL2107783,OC(=O)COc1cccc(CN(Cc2ccc(cc2)n3cccn3)S(=O)(=O)c4cccnc4)c1,8.0
51,CHEMBL3805044,O[C@@H]1C[C@@H]2O[C@H](CC[C@@H]2[C@H]1CCCOc3ccccc3)c4nc(cs4)C(=O)O,8.0
52,CHEMBL3670661,ONC(=O)c1ccc(CNC(=O)c2[nH]c(cc2c3cocc3)c4ccc(O)cc4)cc1,8.03
53,CHEMBL3670664,COc1ccc(cc1)c2cc([nH]c2C(=O)Nc3cccc(CC(=O)NO)c3)c4ccccc4,8.04
54,CHEMBL3793045,O[C@@H]1C[C@@H]2O[C@H](CC[C@@H]2[C@H]1COc3cccc(c3)C(F)(F)F)c4nc(cs4)C(=O)O,8.05
55,CHEMBL3586361,C[C@@H]1COc2c(Cl)cc(cc2CN1CC3=CC(=O)NC=C3)c4csc5ccccc45,8.1
56,CHEMBL181035,OC(=O)\C=C\c1ccccc1\C=C\c2ccccc2OCc3ccccc3,8.1
57,CHEMBL3804978,O[C@@H](COc1ccccc1)\C=C\[C@H]2[C@H](O)C[C@@H]3O[C@H](CC[C@H]23)c4nc(cs4)C(=O)O,8.1
58,CHEMBL3753853,CCCCC(C)(C)[C@H](O)\C=C\[C@H]1COC(=O)N1CCSc2nc(cs2)C(=O)O,8.13
59,CHEMBL3670655,COC(=O)c1ccc(CNC(=O)c2[nH]c(cc2c3ccc(O)cc3)c4cocc4)cc1,8.16
60,CHEMBL3805075,O[C@@H]1C[C@@H]2O[C@H](CC[C@@H]2[C@H]1COc3ccc(F)cc3)c4nc(cs4)C(=O)O,8.16
61,CHEMBL413509,CCCCC[C@H](O)\C=C\[C@H]1[C@H](O)CC(=O)N1C\C=C\CCCC(=O)O,8.19
62,CHEMBL3805596,O[C@@H]1C[C@@H]2O[C@H](CC[C@@H]2[C@H]1COc3cccc(Cl)c3)c4nc(cs4)C(=O)O,8.19
63,CHEMBL3752406,CC(C)(CCCCF)[C@H](O)\C=C\[C@H]1COC(=O)N1CCSc2nc(cs2)C(=O)O,8.24
64,CHEMBL1933725,O[C@@H](Cc1ccccc1)\C=C\[C@H]2CCC(=O)N2CCSc3nc(cs3)C(=O)O,8.25
65,CHEMBL3806076,O[C@@H]1C[C@@H]2O[C@H](CC[C@@H]2[C@H]1COc3cccc(F)c3)c4nc(cs4)C(=O)O,8.27
66,CHEMBL3670657,ONC(=O)c1ccc(CNC(=O)c2[nH]c(cc2c3ccc(O)cc3)c4cocc4)cc1,8.36
67,CHEMBL3793809,Cc1cc(OC[C@H]2[C@H](O)C[C@@H]3O[C@H](CC[C@H]23)c4nc(cs4)C(=O)O)ccc1C(F)(F)F,8.41
68,CHEMBL3793786,O[C@@H]1C[C@@H]2O[C@H](CC[C@@H]2[C@H]1COc3ccc(Cl)cc3)c4nc(cs4)C(=O)O,8.41
69,CHEMBL3805176,O[C@@H]1C[C@@H]2O[C@H](CC[C@@H]2[C@H]1\C=C\CCOc3ccccc3)c4nc(cs4)C(=O)O,8.41
70,CHEMBL64246,CCC1(CCC1)[C@@H](O)C\C=C\[C@H]2[C@H](O)C[C@@H](Cl)[C@@H]2C\C=C/CCCC(=O)O,8.42
71,CHEMBL3670656,COC(=O)c1ccc(CNC(=O)c2[nH]c(cc2c3ccc(F)cc3)c4cccs4)nc1,8.42
72,CHEMBL3670658,ONC(=O)c1ccc(CNC(=O)c2[nH]c(cc2c3ccc(F)cc3)c4cccs4)nc1,8.42
73,CHEMBL3805693,O[C@@H]1C[C@@H]2O[C@H](CC[C@@H]2[C@H]1\C=C\COc3ccccc3)c4nc(cs4)C(=O)O,8.42
74,CHEMBL3793862,O[C@@H]1C[C@@H]2O[C@H](CC[C@@H]2[C@H]1COc3cc(Cl)c(Cl)cc3Cl)c4nc(cs4)C(=O)O,8.43
75,CHEMBL3805554,Cc1cccc(OC[C@H]2[C@H](O)C[C@@H]3O[C@H](CC[C@H]23)c4nc(cs4)C(=O)O)c1,8.44
76,CHEMBL3805767,O[C@@H]1C[C@@H]2O[C@H](CC[C@@H]2[C@H]1COc3ccccc3Cl)c4nc(cs4)C(=O)O,8.48
77,CHEMBL3670662,COc1ccc(cc1)c2cc([nH]c2C(=O)Nc3oc(cc3)C(=O)NO)c4ccccc4,8.51
78,CHEMBL3753221,CCCCC1(CCC1)[C@H](O)\C=C\[C@H]2COC(=O)N2CCSc3nc(cs3)C(=O)O,8.54
79,CHEMBL3793797,Cc1ccc(OC[C@H]2[C@H](O)C[C@@H]3O[C@H](CC[C@H]23)c4nc(cs4)C(=O)O)cc1C,8.54
80,CHEMBL3751951,O[C@H](\C=C\[C@H]1COC(=O)N1CCSc2nc(cs2)C(=O)O)C3(CCCCF)CCC3,8.54
81,CHEMBL3670654,OC(=O)c1[nH]c(cc1c2ccc(O)cc2)c3cocc3,8.55
82,CHEMBL3794016,Cc1cc(OC[C@H]2[C@H](O)C[C@@H]3O[C@H](CC[C@H]23)c4nc(cs4)C(=O)O)cc(C)c1Cl,8.64
83,CHEMBL3792632,O[C@@H]1C[C@@H]2O[C@H](CC[C@@H]2[C@H]1COc3ccc(Cl)c(Cl)c3Cl)c4nc(cs4)C(=O)O,8.64
84,CHEMBL3794226,Cc1cc(OC[C@H]2[C@H](O)C[C@@H]3O[C@H](CC[C@H]23)c4oc(cc4)C(=O)O)ccc1Cl,8.66
85,CHEMBL3793020,CC(C)c1cc(OC[C@H]2[C@H](O)C[C@@H]3O[C@H](CC[C@H]23)c4nc(cs4)C(=O)O)ccc1Cl,8.7
86,CHEMBL3670653,OC(=O)c1[nH]c(cc1c2ccc(F)cc2)c3cccs3,8.72
87,CHEMBL3794585,COc1cc(OC[C@H]2[C@H](O)C[C@@H]3O[C@H](CC[C@H]23)c4nc(cs4)C(=O)O)ccc1Cl,8.75
88,CHEMBL3286796,O[C@@H](C\C=C\[C@H]1[C@H](O)C[C@@H](Cl)[C@@H]1C\C=C/CCCC(=O)O)C2(CC=C)CCC2,8.75
89,CHEMBL3670663,ONC(=O)c1oc(CNC(=O)c2[nH]c(cc2c3ccc(F)cc3)c4ccccc4)cc1,8.82
90,CHEMBL3806130,O[C@@H]1C[C@@H]2O[C@H](CC[C@@H]2[C@H]1CCOc3ccccc3)c4nc(cs4)C(=O)O,8.85
91,CHEMBL3670659,ONC(=O)c1ccc(CNC(=O)c2[nH]c(cc2c3ccc(F)cc3)c4cocc4)cc1,8.96
92,CHEMBL3752377,CCCCC(C)(C)[C@H](O)\C=C\[C@H]1CCC(=O)N1CCSc2nc(cs2)C(=O)O,9.04
93,CHEMBL3793892,Cc1cc(OC[C@H]2[C@H](O)C[C@@H]3O[C@H](CC[C@H]23)c4nc(cs4)C(=O)O)ccc1Cl,9.16
94,CHEMBL3794466,CCc1cc(OC[C@H]2[C@H](O)C[C@@H]3O[C@H](CC[C@H]23)c4nc(cs4)C(=O)O)ccc1Cl,9.17
95,CHEMBL3793802,O[C@@H]1C[C@@H]2O[C@H](CC[C@@H]2[C@H]1COc3ccc(Cl)c(Cl)c3)c4nc(cs4)C(=O)O,9.24
96,CHEMBL3754586,CCCC[C@H](C)C[C@H](O)\C=C\[C@H]1CCC(=O)N1CCSc2nc(cs2)C(=O)O,9.41
97,CHEMBL3793515,Cc1cc(OC[C@H]2[C@@H](O)C[C@@H]3O[C@H](CC[C@H]23)c4nc(cs4)C(=O)O)ccc1Cl,9.85
98,CHEMBL3794302,O[C@@H]1C[C@@H]2O[C@H](CC[C@@H]2[C@H]1COc3ccc(Cl)c(c3)C(F)(F)F)c4nc(cs4)C(=O)O,9.96
1,CHEMBL359231,[O-][S+](CCC(=O)NNC(=O)N1Cc2ccccc2Oc3ccc(Cl)cc13)Cc4occc4,6.2
2,CHEMBL114395,ClCCCCC(=O)NNC(=O)N1Cc2ccccc2Oc3ccc(Cl)cc13,6.2
3,CHEMBL358653,Clc1ccc2Oc3ccccc3CN(C(=O)NNC(=O)CCSCc4occc4)c2c1,8.1
4,CHEMBL148449,Clc1ccc2Oc3ccccc3CN(C(=O)NNC(=O)CCS(=O)(=O)Cc4occc4)c2c1,6.6
7,CHEMBL42027,CCCCC[C@H](O)\C=C\[C@H]1CCC(=O)N1CCCCCCC(=O)O,5.35
8,CHEMBL47018,OC(\C=C\[C@H]1CCC(=O)N1CCCCCCC(=O)O)c2cccc(c2)c3ccccc3,4.5
11,CHEMBL417171,OC(\C=C\[C@H]1CCC(=O)N1CCCCCCC(=O)O)c2cccc(c2)C(F)(F)F,4.17
12,CHEMBL45418,OC(\C=C\[C@H]1CCC(=O)N1CCCCCCC(=O)O)c2oc(cc2)C(F)(F)F,4.24
13,CHEMBL37853,O[C@@H](COc1cccc(Cl)c1)\C=C\[C@H]2[C@H](O)C[C@H](O)[C@@H]2C\C=C/CCCC(=O)O,5.43
14,CHEMBL290969,O[C@H](CC[C@H]1[C@H](O)C[C@H](O)[C@@H]1CCCCCCC(=O)O)CCc2ccccc2,5.6
15,CHEMBL45008,O[C@@H](Cc1cccc(c1)C(F)(F)F)\C=C\[C@H]2CCC(=O)N2CCCCCCC(=O)O,4.54
16,CHEMBL296715,Cc1cc(O)ccc1c2cccc(c2)[C@H](O)CC[C@H]3CCC(=O)N3CCCCCCC(=O)O,4.59
17,CHEMBL36817,CCCCC[C@H](O)CC[C@H]1[C@H](O)C[C@H](O)[C@@H]1CCCCCCC(=O)O,5.31
23,CHEMBL369797,OC(CC[C@H]1[C@H](O)C[C@H](O)[C@@H]1CCCCCCC(=O)O)CSc2cccs2,5.89
26,CHEMBL297578,OC(\C=C\[C@H]1CCC(=O)N1CCCCCCC(=O)O)c2cccc(c2)c3ccccc3Cl,4.38
27,CHEMBL14359,OC(Cc1ccccc1)\C=C\[C@H]2CCC(=O)N2CCCCCCC(=O)O,4.51
29,CHEMBL173680,OC(CC[C@H]1[C@H](O)C[C@H](O)[C@@H]1CCCCCCC(=O)O)CSc2cccc(Cl)c2,5.62
31,CHEMBL36041,O[C@H](CC[C@H]1[C@H](O)C[C@H](O)[C@@H]1CCCCCCC(=O)O)COc2cccc(Cl)c2,5.17
34,CHEMBL46395,O[C@H](CC[C@H]1CCC(=O)N1CCCCCCC(=O)O)Cc2cccc(c2)C(F)(F)F,4.66
37,CHEMBL46671,OC(\C=C\[C@H]1CCC(=O)N1CCCCCCC(=O)O)c2cccc(c2)c3ccc(Cl)cc3,5.38
38,CHEMBL42129,O[C@@H](CC1CCCCC1)\C=C\[C@H]2CCC(=O)N2CCCCCCC(=O)O,4.15
39,CHEMBL297139,OC(\C=C\[C@H]1CCC(=O)N1CCCCCCC(=O)O)c2ccccc2,4.39
40,CHEMBL47138,OC(\C=C\[C@H]1CCC(=O)N1CCCCCCC(=O)O)c2cccc(c2)c3cccc(Cl)c3,4.07
46,CHEMBL434247,CC(Cc1ccccc1c2cccc(c2)c3ccccc3OCc4ccccc4)C(=O)O,5.44
47,CHEMBL125588,OC(=O)C1CC1c2ccccc2c3csc(c3)c4ccccc4OCc5ccccc5,5.64
48,CHEMBL340501,OC(=O)\C=C\c1ccccc1c2cccc(c2)c3ccccc3OCc4ccccc4,6.08
49,CHEMBL87371,Clc1ccc(cc1Cl)c2ccccc2\C=C\C(=O)NS(=O)(=O)c3cccs3,5.0
50,CHEMBL124574,OC(=O)\C=C\c1ccccc1c2ccc(Cl)c(Cl)c2,5.13
51,CHEMBL338388,OC(=O)CCc1ccccc1c2cccc(c2)c3ccccc3OCc4ccccc4,5.43
52,CHEMBL125087,OC(=O)CCc1ccccc1c2cccc(c2)c3ccccc3OCc4c(Cl)cccc4Cl,5.34
53,CHEMBL123844,OC(=O)Cc1ccccc1c2cccc(c2)c3ccccc3OCc4ccccc4,5.44
54,CHEMBL126472,OC(=O)CCc1ccccc1c2cccc(c2)c3ccccc3,5.09
55,CHEMBL127482,OC(=O)CCc1ccccc1c2cccc(c2)c3ccccc3COc4ccccc4,5.54
57,CHEMBL124199,OC(=O)c1ccc(CCCc2ccccc2OCc3ccccc3)cc1,6.82
58,CHEMBL446098,CC(Cc1ccccc1c2csc(c2)c3ccccc3OCc4ccccc4)C(=O)O,5.26
59,CHEMBL125269,OC(=O)CCCc1ccccc1c2cccc(c2)c3ccccc3OCc4ccccc4,5.46
60,CHEMBL123855,OC(=O)CCc1ccccc1c2cc(cs2)c3ccccc3OCc4ccccc4,5.54
61,CHEMBL124738,OC(=O)CCc1ccccc1c2csc(c2)c3ccccc3OCc4ccccc4,5.6
62,CHEMBL332446,CC(CC(=O)O)c1ccccc1c2csc(c2)c3ccccc3OCc4ccccc4,5.34
63,CHEMBL124675,OC(=O)CNc1ccccc1c2csc(c2)c3ccccc3OCc4ccccc4,5.6
64,CHEMBL123794,Cc1cccc(\C=C\Cc2ccccc2\C=C\C(=O)O)c1OCc3ccccc3,5.09
65,CHEMBL125110,OC(=O)CCc1ccccc1c2ccc(s2)c3ccccc3OCc4ccccc4,5.39
66,CHEMBL434637,O=C(CCc1ccccc1c2cccc(c2)c3ccccc3OCc4ccccc4)NS(=O)(=O)c5cccs5,5.8
67,CHEMBL313266,O=S(=O)(CCc1ccccc1c2ccc(CSCCc3ccccc3)cc2)NS(=O)(=O)c4cccs4,5.52
68,CHEMBL87797,Cc1cccc(OCCCOc2ccc(cc2)c3ccccc3CNC(=O)NS(=O)(=O)c4cccs4)c1,5.07
69,CHEMBL314616,Clc1ccc2ccc(\C=C\c3cccc(c3)c4ccccc4\C=C\C(=O)NS(=O)(=O)c5cccs5)nc2c1,4.16
70,CHEMBL83518,O=C(CCc1ccccc1c2ccc(CSCCc3ccccc3)cc2)NS(=O)(=O)c4cccs4,5.57
71,CHEMBL87366,O=C(CCc1ccccc1c2ccc(OCCCOc3cccc(CSCCc4ccccc4)c3)cc2)NS(=O)(=O)c5cccs5,5.31
73,CHEMBL86886,O=C(Cc1ccccc1c2ccc(CSCCc3ccccc3)cc2)NS(=O)(=O)c4cccs4,6.23
74,CHEMBL87975,Cc1cccc(OCCCOc2ccc(cc2)c3ccccc3CC(C)(C)C(=O)NS(=O)(=O)c4cccs4)c1,5.54
76,CHEMBL86933,O=C(CCc1ccccc1c2cccc(CSCCc3ccccc3)c2)NS(=O)(=O)c4cccs4,5.7
77,CHEMBL445895,O=C(CCCc1ccccc1c2ccc(CSCCc3ccccc3)cc2)NS(=O)(=O)c4cccs4,5.75
78,CHEMBL87263,Cc1cccc(OCCCOc2ccc(cc2)c3ccccc3CCC(=O)NS(=O)(=O)c4cccs4)c1,5.54
80,CHEMBL313700,O=C(NS(=O)(=O)CCc1ccccc1c2ccc(CSCCc3ccccc3)cc2)c4cccs4,5.6
81,CHEMBL87816,Cc1cccc(OCCCOc2ccc(cc2)c3ccccc3COC(=O)NS(=O)(=O)c4cccs4)c1,5.68
82,CHEMBL314200,CC(Cc1ccccc1c2ccc(OCCCOc3cccc(C)c3)cc2)C(=O)NS(=O)(=O)c4cccs4,5.54
84,CHEMBL86799,OC(=O)CCc1ccccc1c2ccc(CSCCc3ccccc3)cc2,6.85
85,CHEMBL83450,Clc1ccc2ccc(\C=C\c3cccc(c3)c4ccccc4CCC(=O)NS(=O)(=O)c5cccs5)nc2c1,4.8
86,CHEMBL431612,O=C(CCc1ccccc1c2ccccc2CSCCc3ccccc3)NS(=O)(=O)c4cccs4,5.42
87,CHEMBL315974,CSc1cccc(c1)c2ccccc2CCC(=O)NS(=O)(=O)c3cccs3,4.51
88,CHEMBL350832,OC(=O)\C=C\c1ccccc1Cc2ccc(Cl)cc2Cl,5.39
89,CHEMBL165010,CSc1ccc(Cc2ccccc2\C=C\C(=O)O)cc1,4.37
90,CHEMBL423815,OC(=O)\C=C\c1ccccc1Cc2ccc3ccccc3c2,4.92
91,CHEMBL166351,OC(=O)\C=C\c1ccccc1Cc2ccc(Cl)c(Cl)c2,4.89
95,CHEMBL328067,O=C(Cc1ccccc1)NS(=O)(=O)c2ccccc2c3ccc(CN4C(=O)c5ccccc5CCc6ccccc46)cc3,4.85
98,CHEMBL91063,O=C(NS(=O)(=O)c1ccccc1c2ccc(CN3C(=O)c4ccccc4CCc5ccccc35)cc2)OCc6ccccc6,4.96
103,CHEMBL92539,CN(CCc1ccccc1)C(=O)NS(=O)(=O)c2ccccc2c3ccc(CN4C(=O)c5ccccc5CCc6ccccc46)cc3,4.64
105,CHEMBL91537,CO[C@@](C(=O)NS(=O)(=O)c1ccccc1c2ccc(CN3C(=O)c4ccccc4CCc5ccccc35)cc2)(c6ccccc6)C(F)(F)F,4.89
107,CHEMBL314533,CC(C)(C(=O)NS(=O)(=O)c1ccccc1c2ccc(CN3C(=O)c4ccccc4CCc5ccccc35)cc2)c6ccccc6,4.64
108,CHEMBL327597,C[C@H](NC(=O)NS(=O)(=O)c1ccccc1c2ccc(CN3C(=O)c4ccccc4CCc5ccccc35)cc2)c6ccccc6,4.68
111,CHEMBL432380,O=C(COc1ccccc1)NS(=O)(=O)c2ccccc2c3ccc(CN4C(=O)c5ccccc5CCc6ccccc46)cc3,4.66
112,CHEMBL415310,CO[C@](C(=O)NS(=O)(=O)c1ccccc1c2ccc(CN3C(=O)c4ccccc4CCc5ccccc35)cc2)(c6ccccc6)C(F)(F)F,4.96
114,CHEMBL262690,O=C(Nc1ccccc1)NS(=O)(=O)c2ccccc2c3ccc(CN4C(=O)c5ccccc5CCc6ccccc46)cc3,4.8
118,CHEMBL14334,CCCCCC(O)\C=C\[C@H]1CCC(=O)N1CCCCCCC(=O)O,5.18
127,CHEMBL15096,CCCCCC(O)CCC1CCC(=O)N1CCCCCCC(=O)O,5.52
133,CHEMBL428524,CCCCCC(O)CC[C@H]1CCC(=O)N1CCCCCCC(=O)O,5.39
134,CHEMBL14286,CCCCCC(O)CC[C@@H]1CCC(=O)N1CCCCCCC(=O)O,5.44
135,CHEMBL180752,Cc1cccc(C2CC2c3ccccc3CCC(=O)O)c1OCc4ccccc4,6.0
137,CHEMBL1237305,OCc1cccc(C\C=C\c2ccccc2\C=C\C(=O)O)c1OCc3c(Cl)cccc3Cl.OCc4cccc(\C=C\Cc5ccccc5\C=C\C(=O)O)c4OCc6c(Cl)cccc6Cl,5.6
138,CHEMBL180742,Cc1cccc(\C=C\C(O)c2ccccc2\C=C\C(=O)O)c1OCc3c(Cl)cccc3Cl,5.68
139,CHEMBL360290,Cc1cccc(C(O)\C=C\c2ccccc2\C=C\C(=O)O)c1OCc3c(Cl)cccc3Cl,5.41
140,CHEMBL1237295,Cc1cccc(C\C=C\c2ccccc2\C=C\C(=O)O)c1OCc3ccccc3.Cc4cccc(\C=C\Cc5ccccc5\C=C\C(=O)O)c4OCc6ccccc6,6.07
143,CHEMBL1237296,OC(=O)\C=C\c1ccccc1C\C=C/c2cccc(O)c2OCc3ccccc3.OC(=O)\C=C\c4ccccc4\C=C\Cc5cccc(O)c5OCc6ccccc6,5.28
144,CHEMBL1237297,OC(=O)\C=C\c1ccccc1C\C=C/c2ccccc2OCc3ccccc3.OC(=O)\C=C\c4ccccc4\C=C\Cc5ccccc5OCc6ccccc6,6.17
145,CHEMBL1237315,OC(=O)\C=C\c1ccccc1C\C=C\c2ccccc2.OC(=O)\C=C\c3ccccc3\C=C\Cc4ccccc4,5.85
146,CHEMBL1237316,COc1ccc(C\C=C\c2ccccc2\C=C\C(=O)O)cc1.COc3ccc(\C=C\Cc4ccccc4\C=C\C(=O)O)cc3,5.6
148,CHEMBL1237317,COc1cc(C\C=C\c2ccccc2\C=C\C(=O)O)ccc1OCc3ccccc3.COc4cc(\C=C/Cc5ccccc5\C=C\C(=O)O)ccc4OCc6ccccc6,6.13
149,CHEMBL180389,Cc1cccc(\C=C\Cc2ccccc2\C=C\C(=O)O)c1O,5.14
150,CHEMBL1237299,Cc1cccc(C\C=C\c2cccc(\C=C\C(=O)O)c2)c1OCc3ccccc3.Cc4cccc(\C=C\Cc5cccc(\C=C\C(=O)O)c5)c4OCc6ccccc6,6.2
151,CHEMBL1237300,Cc1cccc(C\C=C/c2ccc(\C=C\C(=O)O)cc2)c1OCc3ccccc3.Cc4cccc(\C=C\Cc5ccc(\C=C\C(=O)O)cc5)c4OCc6ccccc6,5.77
152,CHEMBL1237301,Cc1cccc(C\C=C\c2ccccc2C(=O)O)c1OCc3ccccc3.Cc4cccc(\C=C/Cc5ccccc5C(=O)O)c4OCc6ccccc6,5.15
153,CHEMBL1237302,Cc1cccc(C\C=C\c2ccccc2CC(=O)O)c1OCc3ccccc3.Cc4cccc(\C=C\Cc5ccccc5CC(=O)O)c4OCc6ccccc6,5.54
154,CHEMBL1237303,CC(=O)c1ccc(OCc2ccccc2)c(C\C=C\c3ccccc3\C=C\C(=O)O)c1.CC(=O)c4ccc(OCc5ccccc5)c(\C=C\Cc6ccccc6\C=C\C(=O)O)c4,5.06
155,CHEMBL1237304,OC(=O)\C=C\c1ccccc1C\C=C/c2ccccc2Oc3ccccc3.OC(=O)\C=C\c4ccccc4\C=C\Cc5ccccc5Oc6ccccc6,6.96
156,CHEMBL180089,Cc1cccc(\C=C\Cc2ccccc2\C=C\C(=O)O)c1OCc3ccc(F)cc3,5.39
157,CHEMBL183919,Cc1cccc(\C=C\Cc2ccccc2\C=C\C(=O)O)c1OCc3c(Cl)cccc3Cl,5.27
158,CHEMBL424975,Cc1cccc(CCCc2ccccc2\C=C\C(=O)O)c1OCc3ccccc3,6.42
159,CHEMBL181691,COc1cccc(CCCc2ccccc2\C=C\C(=O)O)c1OCc3ccccc3,5.96
160,CHEMBL180343,Cc1cccc(CCCc2ccccc2CCC(=O)O)c1OCc3ccccc3,6.03
162,CHEMBL2373410,[Na+].[O-]C(=O)COc1cccc(C[C@@H]2CCC[C@@H]3O[C@]23c4oc(c5ccccc5)c(n4)c6ccccc6)c1,5.85
175,CHEMBL383484,CC(=O)c1cc(cc2c3CC[C@H](CC(=O)O)c3n(Cc4ccc(Cl)cc4)c12)S(=O)(=O)C,6.64
176,CHEMBL207203,CC(O)c1cc(cc2c3CC[C@H](CC(=O)O)c3n(Cc4ccc(Cl)cc4)c12)S(=O)(=O)C,6.41
178,CHEMBL218123,Cc1ccc(OCc2ccccc2)c(\C=C\Cc3ccccc3\C=C\C(=O)O)c1,6.07
180,CHEMBL217991,O=C(NS(=O)(=O)c1cccs1)\C=C\c2ccccc2Cc3ccc4cc(OCc5ccccc5)ccc4c3,5.1
183,CHEMBL220802,O=C(NS(=O)(=O)c1cccs1)\C=C\c2ccccc2Cc3ccc4ccccc4c3,5.07
185,CHEMBL220821,Cc1ccc(OCc2ccccc2)c(CCCc3ccccc3CCC(=O)NS(=O)(=O)c4cccs4)c1,5.8
186,CHEMBL220820,Cc1ccc(OCc2ccccc2)c(CCCc3ccccc3CCC(=O)O)c1,6.03
187,CHEMBL217988,Cc1ccc(OCc2c(Cl)cccc2Cl)c(\C=C\Cc3ccccc3\C=C\C(=O)O)c1,5.27
188,CHEMBL218280,COc1cc(\C=C\Cc2ccccc2\C=C\C(=O)NS(=O)(=O)c3cccs3)ccc1OCc4ccccc4,5.06
189,CHEMBL218626,COc1cc(\C=C\Cc2ccccc2\C=C\C(=O)O)ccc1OCc3ccccc3,6.13
190,CHEMBL218228,COc1ccc(\C=C\Cc2ccccc2\C=C\C(=O)NS(=O)(=O)c3cccs3)cc1,5.19
191,CHEMBL219590,COc1ccc(\C=C\Cc2ccccc2\C=C\C(=O)O)cc1,5.6
192,CHEMBL385396,O=C(NS(=O)(=O)c1cccs1)\C=C\c2ccccc2C\C=C\c3ccccc3,5.1
193,CHEMBL376282,OC(=O)\C=C\c1ccccc1C\C=C\c2ccccc2,5.85
194,CHEMBL218178,Cc1ccc(OCc2ccccc2)c(\C=C\Cc3ccccc3\C=C\C(=O)NS(=O)(=O)c4cccs4)c1,5.68
195,CHEMBL376053,Cc1ccc(OCc2ccccc2)c(C\C=C\c3ccccc3\C=C\C(=O)O)c1,6.07
196,CHEMBL218179,Cc1ccc(OCc2ccccc2)c(C\C=C\c3ccccc3\C=C\C(=O)NS(=O)(=O)c4cccs4)c1,5.68
198,CHEMBL384878,O=C(NS(=O)(=O)c1cccs1)\C=C\c2ccccc2\C=C\Cc3ccccc3,5.1
200,CHEMBL218229,COc1ccc(C\C=C\c2ccccc2\C=C\C(=O)NS(=O)(=O)c3cccs3)cc1,5.19
202,CHEMBL385955,COc1cc(C\C=C\c2ccccc2\C=C\C(=O)NS(=O)(=O)c3cccs3)ccc1OCc4ccccc4,5.06
204,CHEMBL426559,CS(=O)(=O)c1cc(F)cc2c3CC[C@H](CC(=O)O)c3n(Cc4ccc(Cl)cc4)c12,6.87
205,CHEMBL385126,CC(=O)c1cc(F)cc2c3CC[C@H](CC(=O)O)c3n(Cc4ccc(Cl)cc4)c12,6.51
206,CHEMBL426387,OC(=O)C[C@H]1CCc2c1n(Cc3ccc(Cl)cc3)c4c(Br)cc(F)cc24,6.39
209,CHEMBL222677,Cc1cc(Cl)ccc1c2cccc(c2)[C@H](O)CC[C@H]3CCC(=O)N3CCc4ccc(cc4)C(=O)O,5.29
210,CHEMBL222834,COCc1cccc(C[C@H](O)\C=C\[C@H]2CCC(=O)N2CCc3ccc(cc3)C(=O)O)c1,5.6
211,CHEMBL223744,O[C@@H](CCC1CCC1)CC[C@H]2CCC(=O)N2CCc3ccc(cc3)C(=O)O,6.66
213,CHEMBL224970,CCCCC[C@H](O)\C=C\[C@H]1CCC(=O)N1CCc2ccc(s2)C(=O)O,5.43
215,CHEMBL222715,CCCCC[C@H](O)\C=C\[C@H]1CCC(=O)N1CCc2ccc(cc2)C(=O)O,6.89
216,CHEMBL223151,CCCCC[C@H](O)\C=C\[C@H]1CCC(=O)N1CCSCCCC(=O)O,5.33
218,CHEMBL400404,CC(=O)Nc1cccc(c1)c2ccc(Cc3ocnc3C(=O)N[C@@H](Cc4ccccc4)C(=O)O)cc2,4.5
219,CHEMBL245908,OC(=O)COc1ccc(Cl)cc1C2CCCCC2,5.52
220,CHEMBL251294,CCCC[C@H](O)\C=C\[C@H]1CCC(=O)N1CCc2ccc(cc2)C(=O)O,6.9
222,CHEMBL248679,C\C(=C/C=C/[C@H]1CCC(=O)N1CCc2ccc(cc2)C(=O)O)\c3ccccc3,6.13
224,CHEMBL251710,CC\C(=C/C=C/[C@H]1CCC(=O)N1CCc2ccc(cc2)C(=O)O)\C,6.76
226,CHEMBL2096894,CCCC\C=C(/C)\C=C/[C@H]1CCC(=O)N1CCc2ccc(cc2)C(=O)O,6.1
227,CHEMBL398947,CC(=C\C=C\[C@H]1CCC(=O)N1CCc2ccc(cc2)C(=O)O)C,5.73
230,CHEMBL251504,CCCC\C(=C\C=C\[C@H]1CCC(=O)N1CCc2ccc(cc2)C(=O)O)\C,6.87
231,CHEMBL548,CCCCC[C@H](O)\C=C\[C@H]1[C@H](O)CC(=O)[C@@H]1C\C=C/CCCC(=O)O,8.31
237,CHEMBL250153,CCCC1(CCC1)C(O)CCCN2CCC(=O)N2CCc3ccc(cc3)C(=O)O,6.13
239,CHEMBL249954,CCCCCC(O)CCCN1CCC(=O)N1CCc2ccc(cc2)C(=O)O,5.61
240,CHEMBL398827,O[C@H](CCN1CCC(=O)N1CCc2ccc(cc2)C(=O)O)Cc3cccc(I)c3,5.69
241,CHEMBL249953,O[C@H](CCN1CCC(=O)N1CCc2ccc(cc2)C(=O)O)Cc3cccc(Br)c3,5.51
242,CHEMBL249952,O[C@H](CCN1CCC(=O)N1CCc2ccc(cc2)C(=O)O)Cc3ccccc3,5.04
245,CHEMBL400447,CC(CCN1CCC(=O)N1CCc2ccc(cc2)C(=O)O)Cc3cccc(CCc4ccccc4)c3,6.25
246,CHEMBL249745,OC(CCN1CCC(=O)N1CCc2ccc(cc2)C(=O)O)Cc3cccc(CCC4CC4)c3,5.08
247,CHEMBL249744,OC(CCN1CCC(=O)N1CCc2ccc(cc2)C(=O)O)Cc3cccc(Cl)c3,5.25
248,CHEMBL249540,OC(CCN1CCC(=O)N1CCc2ccc(cc2)C(=O)O)Cc3cccc(c3)C(F)(F)F,5.22
249,CHEMBL400446,OC(CCN1CCC(=O)N1CCc2ccc(cc2)C(=O)O)Cc3cccc(F)c3,5.2
250,CHEMBL249539,OC(CCN1CCC(=O)N1CCc2ccc(cc2)C(=O)O)Cc3cccc(OC(F)(F)F)c3,5.55
251,CHEMBL249538,OC(CCN1CCC(=O)N1CCc2ccc(cc2)C(=O)O)Cc3cccc(Br)c3,5.26
252,CHEMBL404414,OC(CCN1CCC(=O)N1CCc2ccc(cc2)C(=O)O)Cc3cccc(I)c3,5.63
253,CHEMBL249342,OC(CCN1CCC(=O)N1CCc2ccc(cc2)C(=O)O)Cc3ccccc3,5.21
254,CHEMBL249341,CCCC(C)C(O)CCN1CCC(=O)N1CCc2ccc(cc2)C(=O)O,5.56
255,CHEMBL404413,CC(C)CC(O)CCN1CCC(=O)N1CCc2ccc(cc2)C(=O)O,5.36
256,CHEMBL249136,CCCCCC(O)CCN1CCC(=O)N1CCc2ccc(cc2)C(=O)O,5.66
267,CHEMBL258332,O[C@@H](Cc1cccc(Cl)c1)\C=C\[C@H]2CCC(=O)N2CCc3ccc(cc3)C(=O)O,6.0
268,CHEMBL272276,O[C@@H](Cc1ccccc1)\C=C\[C@H]2CCC(=O)N2CCc3ccc(cc3)C(=O)O,5.6
270,CHEMBL257658,CCCCC(C)(C)[C@H](O)\C=C\[C@H]1CCC(=O)N1CCc2ccc(cc2)C(=O)O,6.85
272,CHEMBL271488,CCC[C@H](O)\C=C\[C@H]1CCC(=O)N1CCc2ccc(cc2)C(=O)O,4.6
281,CHEMBL402162,CCOc1c2C(=O)N(Cc2c(OCC)c3ncccc13)c4ccc(CS(=O)(=O)NC(=O)Cc5ccccc5OC)cc4C,5.72
282,CHEMBL404199,COc1cccc(OC)c1C2(CC2)C(=O)NS(=O)(=O)Cc3ccc(N4Cc5c(OCC(F)(F)F)c6ncccc6c(OCC(F)(F)F)c5C4=O)c(C)c3,6.52
286,CHEMBL412070,CS(=O)(=O)c1cc(F)cc2c1c(C(=O)c3ccc(Cl)cc3)c4[C@@H](CC(=O)O)CCCn24,5.47
288,CHEMBL521609,Cn1cc(\C=C\C(=O)NS(=O)(=O)c2ccc(F)c(F)c2)c3c(Oc4ccc5ccccc5c4)cccc13,4.9
289,CHEMBL489310,Cn1cc(\C=C\C(=O)NS(=O)(=O)c2ccc(F)c(F)c2)c3c(Oc4ccc(Cl)c(Cl)c4)cccc13,5.38
290,CHEMBL459885,Cn1cc(\C=C\C(=O)NS(=O)(=O)c2ccc(F)c(F)c2)c3c(Oc4ccc(Cl)cc4Cl)cccc13,5.02
293,CHEMBL475348,Cn1cc(\C=C\C(=O)NS(=O)(=O)c2cc(F)c(F)cc2F)c3c(Oc4ccc(Cl)c(Cl)c4)cccc13,5.12
294,CHEMBL475349,Cn1cc(\C=C\C(=O)NS(=O)(=O)c2cc(F)c(F)cc2F)c3c(Oc4ccc(Cl)cc4Cl)cccc13,5.03
296,CHEMBL521777,Cn1cc(\C=C\C(=O)NS(=O)(=O)c2cc(F)c(F)cc2F)c3c(Oc4ccc(Cl)c(F)c4)cccc13,5.0
297,CHEMBL484778,CC(C)c1nccc2c1c(Sc3ccc(Cl)c(Cl)c3)c4[C@H](CC(=O)O)CCn24,5.14
298,CHEMBL483991,CC(C)c1nccc2c1c(Sc3ccc(Cl)c(Cl)c3)c4[C@@H](CC(=O)O)CCn24,5.4
299,CHEMBL479664,CC12CCCC(=C1N(Cc3ccc(F)c(F)c3)C(=O)C2)\C=C\C(=O)NS(=O)(=O)c4ccc(F)c(F)c4,5.64
300,CHEMBL479263,CC12CCCC(=C1N(Cc3ccc(F)c(F)c3)C(=O)C2)\C=C\C(=O)NS(=O)(=O)c4cc(F)c(F)cc4F,4.86
308,CHEMBL467114,[Na+].[O-]C(=O)c1cccc(Cc2cc(Cl)ccc2OCc3ccc(Cl)cc3F)n1,5.8
311,CHEMBL565591,Cc1cn(Cc2ccc(Cl)cc2Cl)c3c(\C=C\C(=O)NS(=O)(=O)c4cc(Cl)c(Cl)s4)cc(F)cc13,5.38
312,CHEMBL565992,Clc1ccc(Cn2cnc3cccc(OCC(=O)NS(=O)(=O)c4cc(Cl)c(Cl)s4)c23)c(Cl)c1,5.32
313,CHEMBL467632,Clc1cc(sc1Cl)S(=O)(=O)NC(=O)COc2cccc3[nH]cc(Cc4ccc5ccccc5c4)c23,4.91
315,CHEMBL565799,Cc1cn(Cc2ccc3ccccc3c2)c4c(\C=C\C(=O)NS(=O)(=O)c5cc(Cl)c(Cl)s5)cc(F)cc14,4.48
316,CHEMBL589973,CCCCNC(=O)c1ccc(Oc2ccc(CC(=O)O)cc2OC)c(NS(=O)(=O)c3ccc(Cl)cc3Cl)c1,4.36
319,CHEMBL599052,C[C@H](NC(=O)c1c(Cl)sc(Cl)c1Cc2cccc(Cl)c2)c3ccc(cc3)C(=O)O,6.13
320,CHEMBL604546,C[C@H](NC(=O)c1c(C)sc(C)c1Cc2cccc(Cl)c2)c3ccc(cc3)C(=O)O,6.33
321,CHEMBL605330,C[C@H](NC(=O)c1c(C)sc(C)c1Cc2cccc(c2)C(F)(F)F)c3ccc(cc3)C(=O)O,6.1
322,CHEMBL599262,C[C@H](NC(=O)c1c(C)sc(C)c1Cc2ccc(Cl)cc2)c3ccc(cc3)C(=O)O,6.7
323,CHEMBL603690,C[C@H](NC(=O)c1c(C)sc(C)c1Cc2ccc(cc2)C(F)(F)F)c3ccc(cc3)C(=O)O,5.92
325,CHEMBL597997,Cc1sc(C)c(C(=O)NC2(CC2)c3ccc(cc3)C(=O)O)c1Cc4ccc(cc4)C(F)(F)F,5.23
327,CHEMBL591431,C[C@@H](NC(=O)c1c(Cl)sc(Cl)c1Cc2cccc(Cl)c2)c3ccc(cc3)C(=O)O,6.42
329,CHEMBL1081186,Cc1cn(Cc2ccc(Cl)cc2Cl)c3c(cc(F)cc13)c4onc(NS(=O)(=O)c5ccc(F)c(F)c5)c4,4.7
334,CHEMBL1084009,OC(=O)c1ccc(cc1)C2(CC2)NC(=O)c3cccc4ccn(Cc5ccc(cc5)C(F)(F)F)c34,5.1
347,CHEMBL1290413,C[C@@H](c1ccc(cc1)C(F)(F)F)n2c3[C@@H](CC(=O)O)CCCc3c4cc(F)cc(c24)S(=O)(=O)C,5.64
348,CHEMBL1644003,CN(C)C(=O)c1sc2c(C)cc(C)cc2c1c3ccc(CCNC(=O)NS(=O)(=O)c4ccc(C)cc4)cc3,5.48
358,CHEMBL2164612,COc1cc(C\C=C\c2ccccc2\C=C\C(=O)O)ccc1OCC[n+]3c(C)cc(\C=C\C=C\c4ccc(cc4)N(C)C)cc3C.F[B-](F)(F)F,5.53
359,CHEMBL2164609,COc1cc(C\C=C\c2ccccc2\C=C\C(=O)NS(=O)(=O)c3cccs3)ccc1OCCn4cc5ccccc5c4C#N,4.97
360,CHEMBL2164608,COc1cc(C\C=C\c2ccccc2\C=C\C(=O)O)ccc1OCCn3cc4ccccc4c3C#N,5.37
362,CHEMBL180191,COc1cc(C\C=C\c2ccccc2\C=C\C(=O)O)ccc1OCc3ccccc3,5.76
375,CHEMBL2385903,OC(=O)Cn1c2CCN(Cc2c3cc(F)ccc13)C(=O)CCc4cccc5ccccc45,5.02
376,CHEMBL2386080,OC(=O)Cn1c2CCN(Cc2c3cc(Cl)ccc13)C(=O)c4cccc5ccccc45,5.13
377,CHEMBL2386079,OC(=O)Cn1c2CCN(Cc2c3ccccc13)C(=O)c4cccc5ccccc45,5.18
378,CHEMBL2385904,CCc1ccc(cc1)c2ccc(cc2)C(=O)N3CCc4c(C3)c5ccccc5n4CC(=O)O,5.19
379,CHEMBL2385900,OC(=O)Cn1c2CCN(Cc2c3cc(F)cc(Cl)c13)C(=O)c4cccc5ccccc45,5.57
380,CHEMBL2386081,OC(=O)Cn1c2CCN(Cc2c3cc(F)ccc13)C(=O)c4cccc5ccccc45,5.59
407,CHEMBL3115074,Cl.C[C@H](NC(=O)[C@H]1CCCCN1CCOc2ccccc2)c3ccc(cc3)C(=O)O,5.81
467,CHEMBL1722929,CCCCCC(O)c1ccc(cc1)[C@H]2CCC(=O)[C@@H]2CCCCCCC(=O)O,6.62
570,CHEMBL1317823,CC(C)Oc1ccc2C(=O)c3cc(ccc3Oc2c1)C(=O)O,5.94
580,CHEMBL1578948,CCOC(=O)c1c2CCCCCc2sc1NC(=O)c3occc3,5.11
600,CHEMBL3586352,Cc1cc(cc2CN(Cc3cccnc3)CCOc12)c4csc5ccccc45,6.0
603,CHEMBL3586349,Oc1cc(cc2CN(Cc3cccnc3)CCOc12)c4csc5ccccc45,5.42
613,CHEMBL3586339,COc1cc(cc2CN(Cc3cccnc3)CCOc12)c4cn(C)c5ccccc45,5.6
614,CHEMBL3586338,COc1cc(cc2CN(Cc3cccnc3)CCOc12)c4c[nH]c5ccccc45,5.52
615,CHEMBL3586337,COc1cc(cc2CN(Cc3cccnc3)CCOc12)n4ccc5ccccc45,6.0
616,CHEMBL3586336,COc1cc(cc2CN(Cc3cccnc3)CCOc12)n4cnc5ccccc45,4.82
617,CHEMBL3586335,COc1cc(cc2CN(Cc3cccnc3)CCOc12)c4nsc5ccccc45,6.22
619,CHEMBL3586333,COc1cc(cc2CN(Cc3cccnc3)CCOc12)c4cccc(Cl)c4,5.72
622,CHEMBL3586330,COc1cc(cc2CN(Cc3cccnc3)CCOc12)c4cccc(C)c4,4.89
624,CHEMBL3586328,COc1cc(cc2CN(Cc3cccnc3)CCOc12)c4cccc5ccccc45,5.6
626,CHEMBL3586326,COc1cc(cc2CN(Cc3cccnc3)CCOc12)c4cc5ccccc5s4,5.32
637,CHEMBL3586315,COc1cc(cc2CN(CC3=CNC(=O)C=C3)CCOc12)c4csc5ccccc45,6.3
639,CHEMBL3586313,COc1cc(cc2CN(Cc3cccnc3OC)CCOc12)c4csc5ccccc45,5.96
641,CHEMBL3586311,COc1cc(cc2CN(Cc3ccncc3)CCOc12)c4csc5ccccc45,6.05
642,CHEMBL3586310,COc1cc(cc2CN(Cc3ccccn3)CCOc12)c4csc5ccccc45,5.52
714,CHEMBL3138992,C[C@H](NC(=O)[C@H]1CCCCN1CCOc2ccccc2)c3ccc(cc3)C(=O)O,5.81
716,CHEMBL3667607,CC(C)[C@@H](OCCOc1ccccc1)C(=O)N[C@@H](C)c2ccc(cc2)C(=O)O,6.58
717,CHEMBL3740325,Cc1ccc(C(=O)O)c(C)c1NC(=O)c2cc(cc3ccccc23)c4cccc(Cl)c4,5.55
729,CHEMBL3753622,O[C@H](\C=C\[C@H]1COC(=O)N1CCSc2nc(cs2)C(=O)O)C3(CCc4ccccc4)CCC3,6.8
732,CHEMBL3752435,CC(C)(C)CCC1(CCC1)[C@H](O)\C=C\[C@H]2COC(=O)N2CCSc3nc(cs3)C(=O)O,5.43
749,CHEMBL3794185,Cc1cc(OC[C@H]2[C@H](O)C[C@@H]3O[C@H](CC[C@H]23)c4csc(c4)C(=O)O)ccc1Cl,6.94
908,CHEMBL3805134,O[C@@H](COc1ccccc1)\C=C\[C@H]2[C@H](O)C[C@@H]3O[C@@H](CCCC(=O)O)CC[C@H]23,5.05
