,molecule_chembl_id,canonical_smiles,pchembl_value
0,alprostadil,CCCCC[C@H](O)\C=C\[C@H]1[C@H](O)CC(=O)[C@@H]1CCCCCCC(O)=O,6.8
1,epoprostenol,[H][C@]12C[C@@H](O)[C@H](\C=C\[C@@H](O)CCCCC)[C@@]1([H])C\C(O2)=C\CCCC(O)=O,4.80000019
2,dinoprostone,CCCCC[C@H](O)\C=C\[C@H]1[C@H](O)CC(=O)[C@@H]1C\C=C/CCCC(O)=O,8.04
3,limaprost,CCCC[C@H](C)C[C@H](O)\C=C\[C@H]1[C@H](O)CC(=O)[C@@H]1CCCC\C=C\C(O)=O,
4,CHEMBL1915250,CC(C)c1oc2c(Cn3nc(cc3C)C(=O)NN4CCCCC4)cc(Cl)cc2c1,7.0
5,CHEMBL3127160,CCOc1ccc2c(nn(c3nc(cs3)C(=O)O)c2c1)c4ccccc4,7.0
6,CHEMBL379143,CCc1ccc(c2cc(Cl)ccc2OCc3ccccc3)n1c4cccc(c4)C(=O)O,7.0
7,CHEMBL233858,COc1ccc(COc2ccccc2C3=C(CCC3)c4cccc(c4)C(=O)O)cc1,7.0
8,CHEMBL3092141,Cc1c(nn(c1c2ccc(F)cc2)c3nc(cs3)C(=O)O)c4ccccc4,7.0
9,CHEMBL1915258,Cc1cc(NC(=O)C2CCNCC2)nn1Cc3cc(Cl)cc4cc(oc34)c5ccccc5,7.0
10,CHEMBL208891,Cc1ccc(c2cc(Br)ccc2OCc3c(F)cccc3C(F)(F)F)n1c4cccc(c4)C(=O)O,7.0
11,CHEMBL378464,Cc1ccc(c2cc(Br)ccc2OCc3ccc(Cl)c(Cl)c3)n1c4cccc(c4)C(=O)O,7.0
12,CHEMBL481519,Cl.CC(C)COc1ccc(Cl)cc1Cn2nc(NC(=O)c3ccc(CN(C)C)cc3)cc2C,7.0
13,CHEMBL494466,Cl.CC(C)COc1ccc(Cl)cc1Cn2nc(NC(=O)c3ccc(cc3)C4CCCN4)cc2C,7.0
14,CHEMBL492840,Cl.CC(C)COc1ccc(Cl)cc1Cn2nc(NC(=O)c3ccc4CN(CCc4c3)C(C)C)cc2C,7.0
15,CHEMBL481870,Cl.CCNCc1ccc(cc1)C(=O)Nc2cc(C)n(Cc3cc(Cl)ccc3OCC(C)C)n2,7.0
16,CHEMBL328697,O=C(NCCc1cccs1)NS(=O)(=O)c2ccccc2c3ccc(CN4C(=O)c5ccccc5CCc6ccccc46)cc3,7.0
17,CHEMBL234069,OC(=O)c1cccc(c1)C2=C(CCC2)c3cc(Br)ccc3OCc4ccc(Cl)c(Cl)c4,7.0
18,CHEMBL234924,OC(=O)c1cccc(c1)C2=C(CCC2)c3cc(ccc3OCc4ccccc4)C#N,7.0
19,CHEMBL206096,OC(=O)c1cccc(c1)c2ncccc2c3cc(Cl)ccc3OCc4ccccc4,7.0
20,CHEMBL208660,OC(=O)c1cccc(c1)n2c(ccc2C(F)(F)F)c3cc(Cl)ccc3OCc4ccc(F)cc4F,7.0
21,CHEMBL404309,[Na+].CC(C)C(=O)c1cn(c2nc(cs2)C(=O)[O-])c3cc(Cl)ccc13,7.0
22,CHEMBL401698,[Na+].CC(C)Cc1cn(c2ncc(s2)C(=O)[O-])c3cc(Cl)ccc13,7.0
23,CHEMBL499155,[Na+].CCCCOc1ccc(Cl)cc1c2ccccc2c3cccc(n3)C(=O)[O-],7.0
24,CHEMBL458008,[Na+].Cc1cccc(c2cc(Cl)ccc2OCc3ccccc3)c1c4cccc(c4)C(=O)[O-],7.0
25,CHEMBL468723,[Na+].[O-]C(=O)c1cccc(Cc2cc(Cl)ccc2OCC3CCCCC3)n1,7.0
26,CHEMBL511733,[Na+].[O-]C(=O)c1cccc(Cc2cc(Cl)ccc2OCc3ccc(F)cc3)n1,7.0
27,CHEMBL3806130,O[C@@H]1C[C@@H]2O[C@H](CC[C@@H]2[C@H]1CCOc3ccccc3)c4nc(cs4)C(=O)O,7.01
28,CHEMBL3753268,CC#CCC1(CCC1)[C@H](O)\C=C\[C@H]2COC(=O)N2CCSc3nc(cs3)C(=O)O,7.05
29,CHEMBL184947,OC(=O)c1cncc(c1)c2sccc2c3cc(Cl)ccc3OCc4ccccc4,7.05
30,CHEMBL2442494,Cc1c(nn(c2nc(cs2)C(=O)O)c1C(F)(F)F)c3ccccc3,7.08
31,CHEMBL431612,O=C(CCc1ccccc1c2ccccc2CSCCc3ccccc3)NS(=O)(=O)c4cccs4,7.08
32,CHEMBL379155,CCc1ccc(c2cc(Br)ccc2OCc3ccccc3)n1c4cccc(c4)C(=O)O,7.1
33,CHEMBL240247,CCc1ccccc1N(CC(=O)NCc2cccc(OC)c2)S(=O)(=O)c3ccc(C)cc3,7.1
34,CHEMBL395311,CS(=O)(=O)c1ccc(OCc2ccc(F)cc2)c(c1)C3=C(CCC3)c4cccc(c4)C(=O)O,7.1
35,CHEMBL265086,CS(=O)(=O)c1ccc(OCc2ccccc2)c(c1)C3=C(CCC3)c4cccc(c4)C(=O)O,7.1
36,CHEMBL3092135,Cc1c(nn(c1c2ccsc2)c3nc(cs3)C(=O)O)c4ccccc4,7.1
37,CHEMBL269514,Cc1ccc(OCc2ccc(F)cc2)c(c1)c3ccc(C)n3c4cc(C(=O)O)c5ccccc5c4,7.1
38,CHEMBL210994,Cc1ccc(c2cc(Br)ccc2OCc3cccc(OC(F)F)c3)n1c4cccc(c4)C(=O)O,7.1
39,CHEMBL394173,Cc1ccc(c2cc(Cl)ccc2OCc3ccccc3)n1c4cccc(c4)S(=O)(=O)NC(=O)c5ccccc5,7.1
40,CHEMBL232531,Cc1ccc(cc1)S(=O)(=O)N(Cc2oc(Cc3ccccc3Cl)nn2)c4cccc(Cl)c4C,7.1
41,CHEMBL495090,Cl.CC(C)COc1ccc(Cl)cc1Cn2nc(NC(=O)c3ccc4CCNCCc4c3)cc2C,7.1
42,CHEMBL459091,OC(=O)c1ccc(F)c(c1)c2ccccc2c3ccccc3OCc4ccccc4,7.1
43,CHEMBL208030,OC(=O)c1cccc(c1)C2=C(COC2=O)c3cc(Cl)ccc3OCc4ccccc4,7.1
44,CHEMBL209244,OC(=O)c1cccc(c1)c2ccncc2c3cc(Cl)ccc3OCc4ccccc4,7.1
45,CHEMBL380667,OC(=O)c1cccc(c1)n2nccc2c3cc(Cl)ccc3OCc4ccccc4,7.1
46,CHEMBL3127169,OC(=O)c1csc(n1)n2nc(C3=CCCC3)c4ccccc24,7.1
47,CHEMBL3127155,OC(=O)c1csc(n1)n2nc(c3ccccc3)c4cc(F)ccc24,7.1
48,CHEMBL466102,[Na+].[O-]C(=O)c1cccc(Cc2cc(Cl)ccc2OCc3c(F)cc(F)cc3F)n1,7.1
49,CHEMBL508276,[Na+].[O-]C(=O)c1cccc(Cc2cc(Cl)ccc2OCc3ccccc3F)n1,7.1
50,CHEMBL403460,[Na+].[O-]C(=O)c1ccn(Cc2cc(Cl)ccc2OCc3ccccc3)n1,7.1
51,CHEMBL182662,Clc1ccc(OCc2ccccc2)c(c1)c3ccsc3c4cccc(NS(=O)(=O)Cc5ccccc5)c4,7.14
52,CHEMBL362543,OC(=O)c1cccc(c1)c2sccc2c3cc(Cl)ccc3OCc4ccccc4,7.16
53,CHEMBL233361,CC(=O)Nc1cccc(c1)n2c(C)ccc2c3cc(Cl)ccc3OCc4ccccc4,7.2
54,CHEMBL1915247,CC(C)c1oc2c(Cn3nc(cc3C)C(=O)NC4CCOCC4)cc(Cl)cc2c1,7.2
55,CHEMBL438126,CC1=CC(=O)Nc2cc(ccc12)n3c(C)ccc3c4cc(Cl)ccc4OCc5ccccc5,7.2
56,CHEMBL410957,CCc1ccccc1N(CC(=O)NCc2ccccc2)S(=O)(=O)c3ccc(C)cc3,7.2
57,CHEMBL234600,CCc1ccccc1N(CC(=O)OCc2ccc(OC)cc2)S(=O)(=O)c3ccc(C)cc3,7.2
58,CHEMBL1915246,CNCc1ccc(NC(=O)c2cc(C)n(Cc3cc(Cl)cc4cc(oc34)C(C)C)n2)cc1,7.2
59,CHEMBL232160,COc1ccc(Cc2oc(CN(c3cccc(c3C)C(F)(F)F)S(=O)(=O)c4ccc(C)cc4)nn2)cc1,7.2
60,CHEMBL234281,CSc1ccc(OCc2ccccc2)c(c1)C3=C(CCC3)c4cccc(c4)C(=O)O,7.2
61,CHEMBL1915257,Cc1cc(NC(=O)CC2CCNCC2)nn1Cc3cc(Cl)cc4cc(oc34)c5ccccc5,7.2
62,CHEMBL1915016,Cc1cc(nn1Cc2cc(Cl)cc3cc(oc23)C(C)(C)C)C(=O)O,7.2
63,CHEMBL233159,Cc1ccc(c2cc(Br)ccc2OCc3ccc(F)cc3F)n1c4cccc(c4)c5nc6ccccc6[nH]5,7.2
64,CHEMBL232537,Cc1ccc(c2cc(Cl)ccc2OCc3ccccc3)n1c4ccc(cc4)C(=O)NCc5ccncc5,7.2
65,CHEMBL393416,Cc1ccc(c2cc(Cl)ccc2OCc3ccccc3)n1c4cccc(c4)C(=O)N,7.2
66,CHEMBL233141,Cc1ccc(c2cc(Cl)ccc2OCc3ccccc3)n1c4cccc(c4)C(=O)NCc5cccnc5,7.2
67,CHEMBL233146,Cc1ccc(c2cc(Cl)ccc2OCc3ccccc3)n1c4cccc(c4)C(=O)NCc5ccncc5,7.2
68,CHEMBL232925,Cc1ccc(cc1)S(=O)(=O)N(Cc2oc(Cc3c(Cl)cccc3Cl)nn2)c4cccc(Cl)c4C,7.2
69,CHEMBL232926,Cc1ccc(cc1)S(=O)(=O)N(Cc2oc(Cc3ccc(Cl)cc3Cl)nn2)c4cccc(Cl)c4C,7.2
70,CHEMBL514425,OC(=O)c1cc(F)cc(c1)c2ccccc2c3ccccc3OCc4ccccc4,7.2
71,CHEMBL254763,[Na+].CC(C)Cc1cn(c2cccc(n2)C(=O)[O-])c3cc(Cl)ccc13,7.2
72,CHEMBL512617,[Na+].[O-]C(=O)c1cccc(n1)c2ccccc2c3cc(Cl)ccc3OCc4ccc(F)cc4Cl,7.2
73,CHEMBL3092130,Nc1c(nn(c1c2ccccc2)c3nc(cs3)C(=O)O)c4ccccc4,7.22
74,CHEMBL3092152,OC(=O)c1csc(n1)n2nc(c(Cl)c2c3ccccc3)c4ccccc4,7.22
75,CHEMBL3092155,OC(=O)c1csc(n1)n2nc(c(O)c2c3ccccc3)c4ccccc4,7.22
76,CHEMBL328067,O=C(Cc1ccccc1)NS(=O)(=O)c2ccccc2c3ccc(CN4C(=O)c5ccccc5CCc6ccccc46)cc3,7.24
77,CHEMBL1915251,CC(C)c1oc2c(Cn3nc(cc3C)C(=O)NN4CCOCC4)cc(Cl)cc2c1,7.3
78,CHEMBL1915245,CC(C)c1oc2c(Cn3nc(cc3C)c4nc5ccccc5[nH]4)cc(Cl)cc2c1,7.3
79,CHEMBL234174,CCN(CC)C(=O)c1ccc(cc1)n2c(C)ccc2c3cc(Br)ccc3OCc4ccc(F)cc4F,7.3
80,CHEMBL3127162,CNc1ccc2c(nn(c3nc(cs3)C(=O)O)c2c1)c4ccccc4,7.3
81,CHEMBL91537,CO[C@@](C(=O)NS(=O)(=O)c1ccccc1c2ccc(CN3C(=O)c4ccccc4CCc5ccccc35)cc2)(c6ccccc6)C(F)(F)F,7.3
82,CHEMBL377034,COc1ccc(COc2ccc(Br)cc2c3ccc(C)n3c4cccc(c4)C(=O)O)cc1,7.3
83,CHEMBL377134,COc1cccc(COc2ccc(Br)cc2c3ccc(C)n3c4cccc(c4)C(=O)O)c1,7.3
84,CHEMBL3092140,Cc1c(nn(c1c2cccc(F)c2)c3nc(cs3)C(=O)O)c4ccccc4,7.3
85,CHEMBL2442495,Cc1c(nn(c1c2ccccc2)c3nc(cs3)C(=O)O)c4ccccc4,7.3
86,CHEMBL1915013,Cc1cc(nn1Cc2cc(Cl)cc3cc(oc23)C4CC4)C(=O)O,7.3
87,CHEMBL399800,Cc1ccc(c2cc(Cl)ccc2OCc3ccccc3)n1c4cccc(c4)C(=O)NCc5ccccn5,7.3
88,CHEMBL232389,Cc1ccc(cc1)S(=O)(=O)N(Cc2oc(Cc3ccc(cc3)C(F)(F)F)nn2)c4cccc(Cl)c4C,7.3
89,CHEMBL494268,Cl.CC(C)CNC(C)c1ccc(cc1)C(=O)Nc2cc(C)n(Cc3cc(Cl)ccc3OCC(C)C)n2,7.3
90,CHEMBL481689,Cl.CC(C)COc1ccc(Cl)cc1Cn2nc(NC(=O)c3ccc(CN4CCCC4)cc3)cc2C,7.3
91,CHEMBL521988,Cl.CC(C)COc1ccc(Cl)cc1Cn2nc(NC(=O)c3ccc(CN4CCOCC4)cc3)cc2C,7.3
92,CHEMBL494269,Cl.CC(C)COc1ccc(Cl)cc1Cn2nc(NC(=O)c3ccc(cc3)C(C)N4CCCC4)cc2C,7.3
93,CHEMBL495091,Cl.CCN1CCc2ccc(cc2CC1)C(=O)Nc3cc(C)n(Cc4cc(Cl)ccc4OCC(C)C)n3,7.3
94,CHEMBL388655,OC(=O)c1cccc(c1)C2=C(CCC2)c3ccccc3OCc4ccc(Cl)cc4F,7.3
95,CHEMBL207174,OC(=O)c1cccc(c1)c2ccccc2c3cc(Cl)ccc3OCc4ccccc4,7.3
96,CHEMBL402608,[Na+].CC(C)Cc1cn(c2ccc(s2)C(=O)[O-])c3cc(Cl)ccc13,7.3
97,CHEMBL404760,[Na+].[O-]C(=O)Cc1csc(n1)c2cc(Cl)ccc2OCc3ccccc3,7.3
98,CHEMBL408367,[Na+].[O-]C(=O)c1ccc(Cc2cc(Cl)ccc2OCc3ccccc3)s1,7.3
99,CHEMBL467578,[Na+].[O-]C(=O)c1cccc(n1)c2ccccc2c3cc(Cl)ccc3OCc4ccc(Br)cc4F,7.3
100,CHEMBL90227,O=C(CCc1ccccc1)NS(=O)(=O)c2ccccc2c3ccc(CN4C(=O)c5ccccc5CCc6ccccc46)cc3,7.33
101,CHEMBL403329,CC(C)COc1ccc(Cl)cc1Cc2cccc(n2)C(=O)O,7.4
102,CHEMBL234280,COc1ccc(COc2ccc(Br)cc2C3=C(CCC3)c4cccc(c4)C(=O)O)cc1,7.4
103,CHEMBL391270,COc1ccc(Nc2oc(CN(c3cccc(Cl)c3Cl)S(=O)(=O)c4ccc(C)cc4)nn2)cc1,7.4
104,CHEMBL391931,C[C@@H](NC(=O)c1cccc(c1)n2c(C)ccc2c3cc(Cl)ccc3OCc4ccccc4)c5ccccc5,7.4
105,CHEMBL1915259,Cc1cc(NC(=O)C2(F)CCNCC2)nn1Cc3cc(Cl)cc4cc(oc34)c5ccccc5,7.4
106,CHEMBL404698,Cc1cc(nn1Cc2cc(Cl)ccc2OCc3ccccc3)C(=O)Nc4ccccc4,7.4
107,CHEMBL210987,Cc1ccc(c2cc(Br)ccc2OCC3CCCCC3)n1c4cccc(c4)C(=O)O,7.4
108,CHEMBL233565,Cc1ccc(c2cc(Br)ccc2OCc3ccc(F)cc3F)n1c4ccc(cc4)c5cnc[nH]5,7.4
109,CHEMBL379514,Cc1ccc(c2cc(Br)ccc2OCc3ccc(cc3)C(F)(F)F)n1c4cccc(c4)C(=O)O,7.4
110,CHEMBL378090,Cc1ccc(c2cc(Cl)ccc2OCC3CCCO3)n1c4cccc(c4)C(=O)O,7.4
111,CHEMBL212680,Cc1ccc(c2cc(Cl)ccc2OCC3CCOCC3)n1c4cccc(c4)C(=O)O,7.4
112,CHEMBL392047,Cc1ccc(c2cc(Cl)ccc2OCc3ccccc3)n1c4ccc5[nH]ncc5c4,7.4
113,CHEMBL234181,Cc1ccc(c2cc(Cl)ccc2OCc3ccccc3)n1c4ccc5cn[nH]c5c4,7.4
114,CHEMBL233160,Cc1oc(nn1)c2cccc(c2)n3c(C)ccc3c4cc(Br)ccc4OCc5ccc(F)cc5F,7.4
115,CHEMBL492829,Cl.CC(C)COc1ccc(Cl)cc1Cn2nc(NC(=O)c3ccc(CN4CCCCC4)cc3)cc2C,7.4
116,CHEMBL493254,Cl.CC(C)COc1ccc(Cl)cc1Cn2nc(NC(=O)c3ccc4CNCCc4c3)cc2C,7.4
117,CHEMBL234290,OC(=O)c1cc(ccn1)C2=C(CCC2)c3cc(ccc3OCc4ccccc4)C(F)(F)F,7.4
118,CHEMBL233044,OC(=O)c1cc(cnn1)C2=C(CCC2)c3cc(Cl)ccc3OCc4ccccc4,7.4
119,CHEMBL397957,OC(=O)c1cccc(c1)C2=C(CCC2)c3cc(ccc3OCc4ccc(F)cc4F)C#N,7.4
120,CHEMBL3092131,OC(=O)c1csc(n1)n2nc(c3Cc4ccccc4c23)c5ccccc5,7.4
121,CHEMBL257998,[Na+].CC(C)COc1ccc(Cl)cc1Cc2cccc(n2)C(=O)[O-],7.4
122,CHEMBL403082,[Na+].CC(C)Cc1c(C)n(c2nc(cs2)C(=O)[O-])c3cc(Cl)ccc13,7.4
123,CHEMBL257135,[Na+].CC(C)Cc1cn(c2nc(cs2)C(=O)[O-])c3cc(F)ccc13,7.4
124,CHEMBL256334,[Na+].CC(C)Cc1cn(c2nc(cs2)C(=O)[O-])c3ccc(Cl)cc13,7.4
125,CHEMBL403890,[Na+].CC(C)c1cn(c2nc(cs2)C(=O)[O-])c3cc(Cl)ccc13,7.4
126,CHEMBL467113,[Na+].[O-]C(=O)c1cccc(Cc2cc(Cl)ccc2OCc3ccc(Cl)cc3)n1,7.4
127,CHEMBL466103,[Na+].[O-]C(=O)c1cccc(Cc2cc(Cl)ccc2OCc3ccccc3Cl)n1,7.4
128,CHEMBL459537,[Na+].[O-]C(=O)c1cccc(n1)c2ccccc2c3cc(Cl)ccc3OCc4ccccc4F,7.4
129,CHEMBL256674,[Na+].[O-]C(=O)c1csc(Cc2cc(Cl)ccc2OCc3ccccc3)c1,7.4
130,CHEMBL3127152,OC(=O)c1csc(n1)n2nc(c3ccccc3)c4ccncc24,7.41
131,CHEMBL215956,Cc1cc(nn1Cc2cc(Br)ccc2OCc3ccc(cc3)C(F)(F)F)C(=O)O,7.45
132,CHEMBL3127174,CC1CCN(CC1)c2nn(c3nc(cs3)C(=O)O)c4ccccc24,7.5
133,CHEMBL233545,COc1ccc(Nc2oc(CN(c3cccc(Cl)c3C)S(=O)(=O)c4ccc(C)cc4)nn2)cc1,7.5
134,CHEMBL389596,CSc1ccc(OCc2ccc(F)cc2)c(c1)C3=C(CCC3)c4cccc(c4)C(=O)O,7.5
135,CHEMBL232931,Cc1ccc(c2cc(Br)ccc2OCc3ccccc3)n1c4ccc(cc4)S(=O)(=O)C,7.5
136,CHEMBL378226,Cc1ccc(c2cc(ccc2OCC3CCCCC3)C(F)(F)F)n1c4cccc(c4)C(=O)O,7.5
137,CHEMBL495294,Cl.CC(C)COc1ccc(Cl)cc1Cn2nc(cc2C)C(=O)Nc3ccc(CO)cc3,7.5
138,CHEMBL254764,[Na+].CC(C)(C)Cc1cn(c2nc(cs2)C(=O)[O-])c3cc(Cl)ccc13,7.5
139,CHEMBL255880,[Na+].CCCc1cn(c2nc(cs2)C(=O)[O-])c3cc(Cl)ccc13,7.5
140,CHEMBL511252,[Na+].[O-]C(=O)c1cccc(Cc2cc(Cl)ccc2OCC3CCCC3)n1,7.5
141,CHEMBL3092151,OC(=O)c1csc(n1)n2nc(c(F)c2c3ccccc3)c4ccccc4,7.52
142,CHEMBL3127171,OC(=O)c1csc(n1)n2nc(c3ccsc3)c4ccccc24,7.52
143,CHEMBL1915014,CCCc1oc2c(Cn3nc(cc3C)C(=O)O)cc(Cl)cc2c1,7.6
144,CHEMBL238754,CCc1ccccc1N(CC(=O)NCc2ccc(OC)c(OC)c2)S(=O)(=O)c3ccc(C)cc3,7.6
145,CHEMBL234398,CCc1ccccc1N(CC(=O)NCc2ccc(OC)cc2)S(=O)(=O)c3ccc(C)cc3,7.6
146,CHEMBL233155,CCc1ccccc1N(Cc2oc(COc3ccc(OC)cc3)nn2)S(=O)(=O)c4ccc(C)cc4,7.6
147,CHEMBL1915260,Cc1cc(NC(=O)C2CCN(CC(F)(F)F)CC2)nn1Cc3cc(Cl)cc4cc(oc34)c5ccccc5,7.6
148,CHEMBL1915263,Cc1cc(nn1Cc2cc(Cl)cc3cc(oc23)c4ccccc4)C(=O)NCC(O)C(F)(F)F,7.6
149,CHEMBL232544,Cc1ccc(c2cc(Br)ccc2OCc3ccc(F)cc3F)n1c4cccc(c4)C(O)(C(F)(F)F)C(F)(F)F,7.6
150,CHEMBL380197,Cc1ccc(c2cc(Cl)ccc2OCC3CCCC3)n1c4cccc(c4)C(=O)O,7.6
151,CHEMBL234176,Cc1ccc(c2cc(Cl)ccc2OCc3ccccc3)n1c4ccc(cc4)C(=O)NCc5ccccc5,7.6
152,CHEMBL233975,Cc1ccc(c2cc(Cl)ccc2OCc3ccccc3)n1c4ccc5nn[nH]c5c4,7.6
153,CHEMBL233140,Cc1ccc(c2cc(Cl)ccc2OCc3ccccc3)n1c4cccc(c4)C(=O)NCc5ccccc5,7.6
154,CHEMBL397226,Cc1ccc(c2cc(F)ccc2OCc3ccc(F)cc3)n1c4cc(C(=O)O)c5ccccc5c4,7.6
155,CHEMBL212742,Cc1ccc(c2cc(ccc2OCc3ccccc3)S(=O)(=O)C)n1c4cccc(c4)C(=O)O,7.6
156,CHEMBL209746,Cc1onc(COc2ccc(Br)cc2c3ccc(C)n3c4cccc(c4)C(=O)O)c1,7.6
157,CHEMBL480002,Cl.CC(C)COc1ccc(Cl)cc1Cn2nc(NC(=O)c3ccccc3CO)cc2C,7.6
158,CHEMBL495107,Cl.CC(C)COc1ccc(Cl)cc1Cn2nc(cc2C)C(=O)Nc3ccc(CNCCO)cc3,7.6
159,CHEMBL233230,OC(=O)c1cccc(c1)C2=C(CCC2)c3ccccc3OCc4ccc(F)cc4F,7.6
160,CHEMBL377338,OC(=O)c1cccc(c1)n2c(Cl)ccc2c3cc(Cl)ccc3OCc4ccccc4,7.6
161,CHEMBL403407,[Na+].CC(C)Cc1cn(c2oc(cc2)C(=O)[O-])c3cc(Cl)ccc13,7.6
162,CHEMBL466101,[Na+].[O-]C(=O)c1cccc(Cc2cc(Cl)ccc2OCc3ccc(F)cc3F)n1,7.6
163,CHEMBL401768,[Na+].[O-]C(=O)c1csc(Nc2cc(Cl)ccc2OCc3ccccc3)n1,7.6
164,CHEMBL258057,[Na+].[O-]C(=O)c1nc(Cc2cc(Cl)ccc2OCc3ccccc3)cs1,7.6
165,CHEMBL182623,OC(C#N)c1cncc(c1)c2sccc2c3cc(Cl)ccc3OCc4ccccc4,7.64
166,CHEMBL231722,CNC(=O)c1cccc(c1)n2c(C)ccc2c3cc(Br)ccc3OCc4ccc(F)cc4F,7.7
167,CHEMBL233134,COc1ccc(Cc2oc(CN(c3cccc(Cl)c3Cl)S(=O)(=O)c4ccc(Cl)cc4)nn2)cc1,7.7
168,CHEMBL233356,COc1ccc(NCc2oc(CN(c3cccc(Cl)c3C)S(=O)(=O)c4ccc(C)cc4)nn2)cc1,7.7
169,CHEMBL1915256,Cc1cc(nn1Cc2cc(Cl)cc3cc(oc23)c4ccccc4)C(=O)NCC5CCNCC5,7.7
170,CHEMBL232930,Cc1ccc(c2cc(Cl)ccc2OCc3ccccc3)n1c4ccc(cc4)S(=O)(=O)C,7.7
171,CHEMBL393187,Cc1ccc(c2cc(Cl)ccc2OCc3ccccc3)n1c4ccc(cc4)S(=O)(=O)N,7.7
172,CHEMBL211776,Cc1ccc(c2ccccc2OCc3ccccc3)n1c4cccc(c4)C(=O)O,7.7
173,CHEMBL208797,Cc1ccccc1COc2ccc(Br)cc2c3ccc(C)n3c4cccc(c4)C(=O)O,7.7
174,CHEMBL395284,OC(=O)c1cccc(c1)C2=C(CCC2)c3cc(Br)ccc3OCc4ccc(F)cc4,7.7
175,CHEMBL516787,OC(=O)c1cccc(c1)c2ccccc2c3ccccc3OCc4ccccc4,7.7
176,CHEMBL456707,OC(=O)c1ccccc1c2ccccc2c3cc(Cl)ccc3OCc4ccccc4,7.7
177,CHEMBL3092153,OC(=O)c1csc(n1)n2nc(c(Br)c2c3ccccc3)c4ccccc4,7.7
178,CHEMBL3127165,OC(=O)c1csc(n1)n2nc(c3cccc(F)c3)c4ccccc24,7.7
179,CHEMBL3092132,OC(=O)c1csc(n1)n2nc(c3ccccc3)c4oc5ccccc5c24,7.7
180,CHEMBL3092133,OC(=O)c1csc(n1)n2nc3c(CCc4ccccc34)c2c5ccccc5,7.7
181,CHEMBL467579,[Na+].[O-]C(=O)c1cccc(n1)c2ccccc2c3cc(Cl)ccc3OCc4ccc(Cl)cc4F,7.7
182,CHEMBL257464,[Na+].[O-]C(=O)c1coc(Cc2cc(Cl)ccc2OCc3ccccc3)n1,7.7
183,CHEMBL3127161,Nc1ccc2c(nn(c3nc(cs3)C(=O)O)c2c1)c4ccccc4,7.72
184,CHEMBL315391,CC(C)(Cc1ccccc1)C(=O)NS(=O)(=O)c2ccccc2c3ccc(CN4C(=O)c5ccccc5CCc6ccccc46)cc3,7.75
185,CHEMBL387454,Cc1cc(nn1Cc2cc(Br)ccc2OCc3cccc(Br)c3)C(=O)O,7.75
186,CHEMBL2113029,NS(=O)(=O)c1cccc(c1)c2ccsc2c3cc(Cl)ccc3OCc4ccccc4,7.75
187,CHEMBL360592,CC(NC(=O)c1cccc(c1)c2sccc2c3cc(Cl)ccc3OCc4ccccc4)c5cccnc5,7.77
188,CHEMBL92539,CN(CCc1ccccc1)C(=O)NS(=O)(=O)c2ccccc2c3ccc(CN4C(=O)c5ccccc5CCc6ccccc46)cc3,7.77
189,CHEMBL90491,CC(C(=O)NS(=O)(=O)c1ccccc1c2ccc(CN3C(=O)c4ccccc4CCc5ccccc35)cc2)c6ccccc6,7.8
190,CHEMBL233138,CN(C)C(=O)c1ccc(cc1)n2c(C)ccc2c3cc(Br)ccc3OCc4ccc(F)cc4F,7.8
191,CHEMBL234710,CS(=O)(=O)c1ccc(OCc2ccc(F)cc2F)c(c1)C3=C(CCC3)c4cccc(c4)C(=O)O,7.8
192,CHEMBL234709,CSc1ccc(OCc2ccc(F)cc2F)c(c1)C3=C(CCC3)c4cccc(c4)C(=O)O,7.8
193,CHEMBL254990,Cc1cc(NC(=O)c2ccccc2)nn1Cc3cc(Cl)ccc3OCc4ccccc4,7.8
194,CHEMBL388510,Cc1ccc(OCc2ccc(F)cc2)c(c1)c3ccc(C)n3c4cc(N)c(C)c(c4)C(=O)O,7.8
195,CHEMBL230873,Cc1ccc(OCc2ccc(F)cc2)c(c1)c3ccc(C)n3c4ccc(F)c(c4)C(=O)O,7.8
196,CHEMBL208684,Cc1ccc(c2cc(Br)ccc2OCC3CCCC3)n1c4cccc(c4)C(=O)O,7.8
197,CHEMBL208882,Cc1ccc(c2cc(Br)ccc2OCc3ccc(F)cc3Cl)n1c4cccc(c4)C(=O)O,7.8
198,CHEMBL439381,Cc1ccc(c2cc(Br)ccc2OCc3ccc(F)cc3F)n1c4ccc(cc4)C(=O)NC(C)(C)C,7.8
199,CHEMBL377910,Cc1ccc(c2cc(Br)ccc2OCc3ccc(OC(F)(F)F)cc3)n1c4cccc(c4)C(=O)O,7.8
200,CHEMBL523216,Cl.CC(C)COc1ccc(Cl)cc1Cn2nc(cc2C)C(=O)Nc3ccc(CN(CCO)CCO)cc3,7.8
201,CHEMBL3127173,OC(=O)c1csc(n1)n2nc(N3CCCCC3)c4ccccc24,7.8
202,CHEMBL3127177,OC(=O)c1csc(n1)n2nc(c3CCCCc23)c4ccccc4,7.8
203,CHEMBL467510,[Na+].CC(C)COc1ccc(Cl)cc1c2ccccc2c3cccc(n3)C(=O)[O-],7.8
204,CHEMBL184779,OC(=O)Cc1cccc(c1)c2sccc2c3cc(Cl)ccc3OCc4ccccc4,7.82
205,CHEMBL215573,Cc1cc(nn1Cc2cc(Br)ccc2OCc3c(F)cccc3F)C(=O)O,7.83
206,CHEMBL3127163,OC(=O)c1csc(n1)n2nc(c3ccccc3)c4ccc(cc24)C(F)(F)F,7.85
207,CHEMBL439559,CN(C)c1ccc(Cc2oc(CN(c3cccc(Cl)c3C)S(=O)(=O)c4ccc(C)cc4)nn2)cc1,7.9
208,CHEMBL379753,Cc1ccc(c2cc(Br)ccc2OCc3c(F)cccc3Cl)n1c4cccc(c4)C(=O)O,7.9
209,CHEMBL388243,Cc1ccc(c2cc(Br)ccc2OCc3ccc(F)cc3F)n1c4cc(cc(c4)C(F)(F)F)C(=O)O,7.9
210,CHEMBL212471,Cc1ccc(c2cc(Br)ccc2OCc3ccc(cc3F)C(F)(F)F)n1c4cccc(c4)C(=O)O,7.9
211,CHEMBL390081,Cc1ccc(c2cc(Br)ccc2OCc3ccccc3)n1c4cc(C(=O)O)c5ccccc5c4,7.9
212,CHEMBL380046,Cc1ccc(c2cc(Br)ccc2OCc3ccccc3Cl)n1c4cccc(c4)C(=O)O,7.9
213,CHEMBL401023,Cc1ccc(c2cc(Cl)ccc2OCc3ccccc3)n1c4ccc(cc4)C(=O)NCc5cccnc5,7.9
214,CHEMBL230874,Cc1ccc(c2cc(F)ccc2OCc3ccc(F)cc3)n1c4ccc(F)c(c4)C(=O)O,7.9
215,CHEMBL447709,Cl.CC(C)COc1ccc(Cl)cc1Cn2nc(NC(=O)c3ccc(CO)cc3)cc2C,7.9
216,CHEMBL480790,Cl.CCNCc1ccc(NC(=O)c2cc(C)n(Cc3cc(Cl)ccc3OCc4ccccc4)n2)cc1,7.9
217,CHEMBL480789,Cl.CNCc1ccc(NC(=O)c2cc(C)n(Cc3cc(Cl)ccc3OCc4ccccc4)n2)cc1,7.9
218,CHEMBL479989,Cl.Cc1cc(nn1Cc2cc(Cl)ccc2OCc3ccccc3)C(=O)Nc4ccc(CN5CCCC5)cc4,7.9
219,CHEMBL480181,Cl.Cc1cc(nn1Cc2cc(Cl)ccc2OCc3ccccc3)C(=O)Nc4ccc(CN5CCCCC5)cc4,7.9
220,CHEMBL428370,OC(=O)c1cccc(c1)C2=C(CCC2)c3cc(Br)ccc3OCc4ccc(Cl)cc4,7.9
221,CHEMBL397687,OC(=O)c1cccc(c1)C2=C(CCC2)c3cc(Br)ccc3OCc4ccccc4,7.9
222,CHEMBL207577,OC(=O)c1cccc(c1)C2=C(CCC2)c3cc(Cl)ccc3OCc4ccccc4,7.9
223,CHEMBL402392,[Na+].CC(C)Cc1cn(c2nc(cs2)C(=O)[O-])c3cc(ccc13)C(F)(F)F,7.9
224,CHEMBL467114,[Na+].[O-]C(=O)c1cccc(Cc2cc(Cl)ccc2OCc3ccc(Cl)cc3F)n1,7.9
225,CHEMBL513491,[Na+].[O-]C(=O)c1cccc(Cc2cc(Cl)ccc2OCc3ccc(F)cc3Cl)n1,7.9
226,CHEMBL466549,[Na+].[O-]C(=O)c1cccc(n1)c2ccccc2c3cc(Cl)ccc3OCc4c(F)cc(F)cc4F,7.9
227,CHEMBL415310,CO[C@](C(=O)NS(=O)(=O)c1ccccc1c2ccc(CN3C(=O)c4ccccc4CCc5ccccc35)cc2)(c6ccccc6)C(F)(F)F,7.92
228,CHEMBL3127166,OC(=O)c1csc(n1)n2nc(c3ccc(Cl)cc3)c4ccccc24,7.92
229,CHEMBL456495,CC(=O)Nc1cc(cc(c1)c2ccccc2c3cc(Cl)ccc3OCc4ccccc4)C(=O)O,8.0
230,CHEMBL314533,CC(C)(C(=O)NS(=O)(=O)c1ccccc1c2ccc(CN3C(=O)c4ccccc4CCc5ccccc35)cc2)c6ccccc6,8.0
231,CHEMBL458448,CC(C)C(=O)Nc1cc(cc(c1)c2ccccc2c3cc(Cl)ccc3OCc4ccccc4)C(=O)O,8.0
232,CHEMBL1915253,CC(C)NC(=O)c1cc(C)n(Cc2cc(Cl)cc3cc(oc23)c4ccccc4)n1,8.0
233,CHEMBL240436,CCc1ccccc1N(CC(=O)NCc2ccc(Cl)cc2)S(=O)(=O)c3ccc(C)cc3,8.0
234,CHEMBL231723,CN(C)C(=O)c1cccc(c1)n2c(C)ccc2c3cc(Br)ccc3OCc4ccc(F)cc4F,8.0
235,CHEMBL1915255,Cc1cc(nn1Cc2cc(Cl)cc3cc(oc23)c4ccccc4)C(=O)NC(C)(C)C,8.0
236,CHEMBL1915264,Cc1cc(nn1Cc2cc(Cl)cc3cc(oc23)c4ccccc4)C(=O)NN5CCOCC5,8.0
237,CHEMBL211700,Cc1ccc(c2cc(Br)ccc2OCc3ccc(Cl)cc3)n1c4cccc(c4)C(=O)O,8.0
238,CHEMBL210261,Cc1ccc(c2cc(Br)ccc2OCc3cccc(Cl)c3)n1c4cccc(c4)C(=O)O,8.0
239,CHEMBL429259,Cc1ccc(c2cc(Cl)ccc2OCc3ccc(F)cc3F)n1c4cc(cc(c4)C(F)(F)F)C(=O)O,8.0
240,CHEMBL479591,Cl.Cc1cc(nn1Cc2cc(Cl)ccc2OCc3ccccc3)C(=O)Nc4ccc(CN5CCOCC5)cc4,8.0
241,CHEMBL383090,OC(=O)c1cccc(c1)n2cccc2c3cc(Cl)ccc3OCc4ccccc4,8.0
242,CHEMBL515981,OC(=O)c1cccc(n1)c2ccccc2c3cc(Cl)ccc3OCc4ccccc4,8.0
243,CHEMBL233043,OC(=O)c1cncc(c1)C2=C(CCC2)c3cc(ccc3OCc4ccccc4)C(F)(F)F,8.0
244,CHEMBL270208,[Na+].CC(C)COc1ccc(Cl)cc1Cn2nc(cc2C)C(=O)[O-],8.0
245,CHEMBL402656,[Na+].CC(C)Cc1cn(c2nc(cs2)C(=O)[O-])c3cc(C)ccc13,8.0
246,CHEMBL404525,[Na+].Cc1cc(nn1Cc2cc(Cl)ccc2OCc3ccccc3)C(=O)[O-],8.0
247,CHEMBL407175,[Na+].Cc1cc(oc1Cc2cc(Cl)ccc2OCc3ccccc3)C(=O)[O-],8.0
248,CHEMBL467720,[Na+].[O-]C(=O)c1cccc(Cc2cc(Cl)ccc2OCc3ccc(Cl)cc3Cl)n1,8.0
249,CHEMBL213412,OC(=O)c1ccn(Cc2cc(Br)ccc2OCc3ccccc3)n1,8.01
250,CHEMBL215400,Cc1cc(nn1Cc2cc(Br)ccc2OCc3ccc(Cl)cc3)C(=O)O,8.06
251,CHEMBL234399,CCc1ccccc1N(CC(=O)NCCc2ccc(OC)c(OC)c2)S(=O)(=O)c3ccc(C)cc3,8.1
252,CHEMBL399614,COc1ccc(Cc2oc(CN(c3cccc(Cl)c3Cl)S(=O)(=O)c4ccc(C)cc4)nn2)cc1,8.1
253,CHEMBL232950,COc1ccc(Nc2oc(CN(c3cccc(Cl)c3Cl)S(=O)(=O)c4ccc(cc4)C(F)(F)F)nn2)cc1,8.1
254,CHEMBL1915261,Cc1cc(nn1Cc2cc(Cl)cc3cc(oc23)c4ccccc4)C(=O)N[C@@H]5CC[C@@H](O)CC5,8.1
255,CHEMBL209078,Cc1ccc(c2cc(Br)ccc2OCc3cc(F)ccc3F)n1c4cccc(c4)C(=O)O,8.1
256,CHEMBL232932,Cc1ccc(c2cc(Br)ccc2OCc3ccc(F)cc3F)n1c4ccc(cc4)C(=O)N,8.1
257,CHEMBL377649,Cc1ccc(c2cc(Br)ccc2OCc3ccccc3)n1c4cccc(c4)C(=O)O,8.1
258,CHEMBL232543,Cc1ccc(c2cc(Cl)ccc2OCc3ccccc3)n1c4ccc(cc4)S(=O)(=O)NC(=O)c5ccccc5,8.1
259,CHEMBL377852,Cc1ccc(c2cc(Cl)ccc2OCc3ccccc3)n1c4cccc(c4)C(=O)O,8.1
260,CHEMBL388038,Cc1ccc(c2cc(ccc2OCc3ccc(F)cc3)C(F)(F)F)n1c4cc(cc(c4)C(=O)O)N5CCCS5(=O)=O,8.1
261,CHEMBL388478,Cc1ccc(c2cc(ccc2OCc3ccc(F)cc3)C(F)(F)F)n1c4ccc(F)c(c4)C(=O)O,8.1
262,CHEMBL523679,Cl.CC(C)COc1ccc(Cl)cc1Cn2nc(cc2C)C(=O)Nc3ccc(CN4CCOCC4)cc3,8.1
263,CHEMBL523158,Cl.CCNCc1ccc(NC(=O)c2cc(C)n(Cc3cc(Cl)ccc3OCC(C)C)n2)cc1,8.1
264,CHEMBL480950,Cl.CN(C)Cc1ccc(NC(=O)c2cc(C)n(Cc3cc(Cl)ccc3OCc4ccccc4)n2)cc1,8.1
265,CHEMBL492237,Cl.CNCc1ccc(NC(=O)c2cc(C)n(Cc3cc(Cl)ccc3OCC(C)C)n2)cc1,8.1
266,CHEMBL255009,[Na+].CC(C)COc1ccc(Cl)cc1Cc2nc(cs2)C(=O)[O-],8.1
267,CHEMBL402338,[Na+].CC(C)Cc1cn(c2occ(n2)C(=O)[O-])c3cc(Cl)ccc13,8.1
268,CHEMBL215453,Cc1cc(nn1Cc2cc(Br)ccc2OCc3ccc(F)cc3)C(=O)O,8.13
269,CHEMBL213221,Cc1cc(nn1Cc2cc(Br)ccc2OCc3ccccc3)C(=O)O,8.19
270,CHEMBL456496,CCC(=O)Nc1cc(cc(c1)c2ccccc2c3cc(Cl)ccc3OCc4ccccc4)C(=O)O,8.2
271,CHEMBL441126,CCOc1ccc(Cc2oc(CN(c3cccc(Cl)c3Cl)S(=O)(=O)c4ccc(C)cc4)nn2)cc1,8.2
272,CHEMBL399613,COc1ccc(Cc2oc(CN(c3cccc(Cl)c3C)S(=O)(=O)c4ccc(C)cc4)nn2)cc1,8.2
273,CHEMBL1915262,Cc1cc(nn1Cc2cc(Cl)cc3cc(oc23)c4ccccc4)C(=O)NC[C@H]5CCCO5,8.2
274,CHEMBL395310,Cc1ccc(c2cc(Br)ccc2OCc3ccc(F)cc3)n1c4cc(ccc4F)C(=O)O,8.2
275,CHEMBL208791,Cc1ccc(c2cc(Br)ccc2OCc3ccc(F)cc3)n1c4cccc(c4)C(=O)O,8.2
276,CHEMBL378641,Cc1ccc(c2cc(Br)ccc2OCc3cccc(F)c3F)n1c4cccc(c4)C(=O)O,8.2
277,CHEMBL208912,Cc1ccc(c2cc(Cl)ccc2OCc3ccc(F)cc3)n1c4cccc(c4)C(=O)O,8.2
278,CHEMBL266258,Cc1ccc(c2cc(Cl)ccc2OCc3ccc(F)cc3F)n1c4cc(ccc4F)C(=O)O,8.2
279,CHEMBL228695,Cc1ccc(c2cc(Cl)ccc2OCc3ccccc3)n1c4cc(C(=O)O)c5ccccc5c4,8.2
280,CHEMBL395523,Cc1ccc(c2cc(ccc2OCc3ccccc3)C(F)(F)F)n1c4cc(ccc4F)C(=O)O,8.2
281,CHEMBL494282,Cl.CC(C)COc1ccc(Cl)cc1Cn2nc(cc2C)C(=O)Nc3ccc(CN4CCCC4)cc3,8.2
282,CHEMBL493065,Cl.CC(C)COc1ccc(Cl)cc1Cn2nc(cc2C)C(=O)Nc3ccc(CN4CCCCC4)cc3,8.2
283,CHEMBL520438,Cl.Cc1cc(nn1Cc2cc(Cl)ccc2OCc3ccccc3)C(=O)Nc4ccc(CO)cc4,8.2
284,CHEMBL395582,OC(=O)c1cccc(c1)C2=C(CCC2)c3ccccc3OCc4ccccc4,8.2
285,CHEMBL233245,OC(=O)c1cnnc(c1)C2=C(CCC2)c3cc(Cl)ccc3OCc4ccc(F)cc4F,8.2
286,CHEMBL255675,[Na+].CC(C)(C)CCc1cn(c2nc(cs2)C(=O)[O-])c3cc(Cl)ccc13,8.2
287,CHEMBL403892,[Na+].CC(C)Cc1cn(Cc2nc(cs2)C(=O)[O-])c3cc(Cl)ccc13,8.2
288,CHEMBL257997,[Na+].CC(C)Cc1cn(c2nc(cs2)C(=O)[O-])c3cc(Cl)ccc13,8.2
289,CHEMBL258184,[Na+].Cc1cc(nn1Cc2cc(Br)ccc2OCc3ccccc3)C(=O)[O-],8.2
290,CHEMBL255652,[Na+].[O-]C(=O)c1csc(Cc2cc(Cl)ccc2OCc3ccccc3)n1,8.2
291,CHEMBL272793,[Na+].[O-]C(=O)c1oc(Cc2cc(Cl)ccc2OCc3ccccc3)cc1,8.2
292,CHEMBL362851,OC(=O)c1cccc(n1)c2sccc2c3cc(Cl)ccc3OCc4ccccc4,8.22
293,CHEMBL182368,OC(c1cncc(c1)c2sccc2c3cc(Cl)ccc3OCc4ccccc4)C(F)(F)F,8.22
294,CHEMBL378120,CC(C)COc1ccc(Br)cc1c2ccc(C)n2c3cccc(c3)C(=O)O,8.3
295,CHEMBL209800,CC(C)COc1ccc(Cl)cc1c2ccc(C)n2c3cccc(c3)C(=O)O,8.3
296,CHEMBL1915012,CC(C)c1oc2c(Cn3nc(cc3C)C(=O)O)cc(Cl)cc2c1,8.3
297,CHEMBL234728,COC(=O)Nc1cc(cc(c1)n2c(C)ccc2c3cc(Cl)ccc3OCc4ccccc4)C(=O)O,8.3
298,CHEMBL391026,C[C@H](NC(=O)c1ccc(cc1)n2c(C)ccc2c3cc(Cl)ccc3OCc4ccccc4)c5ccccc5,8.3
299,CHEMBL1915254,Cc1cc(nn1Cc2cc(Cl)cc3cc(oc23)c4ccccc4)C(=O)N,8.3
300,CHEMBL1914467,Cc1cc(nn1Cc2cc(Cl)cc3cc(oc23)c4ccccc4)C(=O)NC5CC5,8.3
301,CHEMBL211059,Cc1ccc(c2cc(Br)ccc2OCc3ccc(Cl)cc3Cl)n1c4cccc(c4)C(=O)O,8.3
302,CHEMBL208934,Cc1ccc(c2cc(Br)ccc2OCc3ccc(F)c(F)c3)n1c4cccc(c4)C(=O)O,8.3
303,CHEMBL228746,Cc1ccc(c2cc(Br)ccc2OCc3ccc(F)cc3)n1c4cc(C(=O)O)c5ccccc5c4,8.3
304,CHEMBL374824,Cc1ccc(c2cc(Br)ccc2OCc3ccccc3)n1c4ccc(OC(F)F)c(c4)C(=O)O,8.3
305,CHEMBL388242,Cc1ccc(c2cc(Cl)ccc2OCc3ccc(F)cc3F)n1c4cc(Br)cc(c4)C(=O)O,8.3
306,CHEMBL234722,Cc1ccc(c2cc(Cl)ccc2OCc3ccccc3)n1c4cc(Br)cc(c4)C(=O)O,8.3
307,CHEMBL390660,Cc1ccc(c2cc(Cl)ccc2OCc3ccccc3)n1c4cc(cc(c4)C(=O)O)N5CCCS5(=O)=O,8.3
308,CHEMBL212688,Cc1ccc(c2cc(ccc2OCc3ccccc3)C(F)(F)F)n1c4cccc(c4)C(=O)O,8.3
309,CHEMBL231184,Cc1ccc(cc1C(=O)O)n2c(C)ccc2c3cc(Cl)ccc3OCc4ccc(F)cc4,8.3
310,CHEMBL391287,Cc1onc(C)c1S(=O)(=O)NC(=O)c2cccc(c2)n3c(C)ccc3c4ccccc4OCc5ccccc5,8.3
311,CHEMBL492238,Cl.CC(C)COc1ccc(Cl)cc1Cn2nc(cc2C)C(=O)Nc3ccc(CN(C)C)cc3,8.3
312,CHEMBL180046,Clc1ccc(OCc2ccccc2)c(c1)c3ccsc3c4cccc(NC(=O)Cc5ccccc5)c4,8.3
313,CHEMBL387605,OC(=O)c1cccc(c1)C2=C(CCC2)c3cc(Br)ccc3OCc4ccc(F)cc4F,8.3
314,CHEMBL457142,OC(=O)c1cccc(n1)c2ccccc2c3cc(Cl)ccc3OCc4ccc(F)cc4,8.3
315,CHEMBL185346,OC(O)(c1cncc(c1)c2sccc2c3cc(Cl)ccc3OCc4ccccc4)C(F)(F)F,8.3
316,CHEMBL413509,CCCCC[C@H](O)\C=C\[C@H]1[C@H](O)CC(=O)N1C\C=C\CCCC(=O)O,8.35
317,CHEMBL3127164,OC(=O)c1csc(n1)n2nc(c3ccc(F)cc3)c4ccccc24,8.35
318,CHEMBL234303,CC(=O)Nc1cc(cc(c1)n2c(C)ccc2c3cc(F)ccc3OCc4ccc(F)cc4)C(=O)O,8.4
319,CHEMBL231759,CCOc1ccc(Cc2oc(CN(c3cccc(Cl)c3C)S(=O)(=O)c4ccc(C)cc4)nn2)cc1,8.4
320,CHEMBL233137,CNC(=O)c1ccc(cc1)n2c(C)ccc2c3cc(Br)ccc3OCc4ccc(F)cc4F,8.4
321,CHEMBL458452,COCC(=O)Nc1cc(cc(c1)c2ccccc2c3cc(Cl)ccc3OCc4ccccc4)C(=O)O,8.4
322,CHEMBL3127167,COc1ccc(cc1)c2nn(c3nc(cs3)C(=O)O)c4ccccc24,8.4
323,CHEMBL1915015,Cc1cc(nn1Cc2cc(Cl)cc3cc(oc23)C4CCCCC4)C(=O)O,8.4
324,CHEMBL389995,Cc1ccc(c2cc(Br)ccc2OCc3ccc(F)cc3F)n1c4cc(Cl)cc(c4)C(=O)O,8.4
325,CHEMBL391286,Cc1ccc(c2cc(Br)ccc2OCc3ccc(F)cc3F)n1c4cccc(c4)C(=O)NS(=O)(=O)C,8.4
326,CHEMBL234721,Cc1ccc(c2cc(Cl)ccc2OCc3ccc(F)cc3F)n1c4cc(Cl)cc(c4)C(=O)O,8.4
327,CHEMBL211088,Cc1ccc(c2cc(Cl)ccc2OCc3ccc(F)cc3F)n1c4cccc(c4)C(=O)O,8.4
328,CHEMBL234301,Cc1ccc(c2cc(Cl)ccc2OCc3ccccc3)n1c4cc(N)cc(c4)C(=O)O,8.4
329,CHEMBL228644,Cc1ccc(c2cc(ccc2OCc3ccc(F)cc3)C(F)(F)F)n1c4cc(N)c(C)c(c4)C(=O)O,8.4
330,CHEMBL228592,Cc1ccc(c2cc(ccc2OCc3ccccc3)C(F)(F)F)n1c4cc(N)c(C)c(c4)C(=O)O,8.4
331,CHEMBL514574,OC(=O)c1cccc(n1)c2ccccc2c3cc(Cl)ccc3OCc4ccc(F)cc4F,8.4
332,CHEMBL3127170,OC(=O)c1csc(n1)n2nc(C3=CCCCC3)c4ccccc24,8.4
333,CHEMBL257134,[Na+].CC(C)Cc1cn(c2nc(cs2)C(=O)[O-])c3cc(Br)ccc13,8.4
334,CHEMBL402880,Cc1cc(nn1Cc2cc(Br)ccc2OCc3ccccc3Cl)C(=O)O,8.5
335,CHEMBL388294,Cc1ccc(c2cc(Br)ccc2OCc3ccccc3)n1c4cc(N)c(C)c(c4)C(=O)O,8.5
336,CHEMBL234302,Cc1ccc(c2cc(Br)ccc2OCc3ccccc3)n1c4cc(N)cc(c4)C(=O)O,8.5
337,CHEMBL212672,Cc1ccc(c2cc(Br)ccc2OCc3ccccc3F)n1c4cccc(c4)C(=O)O,8.5
338,CHEMBL395542,OC(=O)c1ccnc(c1)C2=C(CCC2)c3cc(Br)ccc3OCc4ccc(F)cc4,8.5
339,CHEMBL403330,[Na+].CC(C)COc1ccc(Cl)cc1Cc2oc(cc2)C(=O)[O-],8.5
340,CHEMBL390190,CC(=O)Nc1cc(cc(c1)n2c(C)ccc2c3cc(Cl)ccc3OCc4ccc(F)cc4)C(=O)O,8.6
341,CHEMBL233335,CCOc1ccc(Cc2oc(CN(c3cccc(Cl)c3Cl)S(=O)(=O)c4ccc(cc4)C(F)(F)F)nn2)cc1,8.6
342,CHEMBL209685,Cc1ccc(COc2ccc(Br)cc2c3ccc(C)n3c4cccc(c4)C(=O)O)cc1,8.6
343,CHEMBL230875,Cc1ccc(c2cc(Br)ccc2OCc3ccc(F)cc3)n1c4ccc(Cl)c(c4)C(=O)O,8.6
344,CHEMBL414978,Cc1ccc(c2cc(Br)ccc2OCc3ccc(F)cc3F)n1c4cc(C(=O)O)c5ccccc5c4,8.6
345,CHEMBL232117,Cc1ccc(c2cc(Cl)ccc2OCc3ccccc3)n1c4ccc(cc4)C(=O)NCc5ccccn5,8.6
346,CHEMBL232340,Cc1ccc(c2cc(Cl)ccc2OCc3ccccc3)n1c4cccc(c4)C(=O)NS(=O)(=O)c5ccccc5,8.6
347,CHEMBL232341,Cc1ccc(c2ccccc2OCc3ccccc3)n1c4cccc(c4)C(=O)NS(=O)(=O)c5ccccc5,8.6
348,CHEMBL397655,Cc1ccc(cc1C(=O)O)n2c(C)ccc2c3cc(Cl)ccc3OCc4ccc(F)cc4F,8.6
349,CHEMBL390188,OC(=O)c1cccc(c1)C2=C(CCC2)c3cc(Br)ccc3OCc4ccc(Cl)cc4F,8.6
350,CHEMBL234940,OC(=O)c1cccc(n1)C2=C(CCC2)c3cc(Cl)ccc3OCc4ccc(F)cc4F,8.6
351,CHEMBL3127175,OC(=O)c1csc(n1)n2nc(c3ccccc3)c4ccccc24,8.62
352,CHEMBL234518,CC(=O)Nc1cc(cc(c1)n2c(C)ccc2c3cc(Cl)ccc3OCc4ccccc4)C(=O)O,8.7
353,CHEMBL516324,CCCC(=O)Nc1cc(cc(c1)c2ccccc2c3cc(Cl)ccc3OCc4ccccc4)C(=O)O,8.7
354,CHEMBL1915252,Cc1cc(nn1Cc2cc(Cl)cc3cc(oc23)c4ccccc4)C(=O)O,8.7
355,CHEMBL228638,Cc1ccc(c2cc(Br)ccc2OCc3ccc(F)cc3)n1c4ccc(OC(F)F)c(c4)C(=O)O,8.7
356,CHEMBL234946,Cc1ccc(c2cc(Br)ccc2OCc3ccc(F)cc3F)n1c4cc(cc(c4)C(=O)O)N5CCCC5=O,8.7
357,CHEMBL395488,Cc1ccc(c2cc(Br)ccc2OCc3ccc(F)cc3F)n1c4ccc(O)c(c4)C(=O)O,8.7
358,CHEMBL426913,Cc1ccc(c2cc(Cl)ccc2OCc3ccccc3)n1c4cc(N)c(C)c(c4)C(=O)O,8.7
359,CHEMBL230766,Cc1ccc(c2cc(ccc2OCc3ccccc3)C(F)(F)F)n1c4ccc(F)c(c4)C(=O)O,8.7
360,CHEMBL389996,OC(=O)c1cncc(n1)C2=C(CCC2)c3cc(Cl)ccc3OCc4ccc(F)cc4F,8.7
361,CHEMBL3127156,OC(=O)c1csc(n1)n2nc(c3ccccc3)c4ccc(F)cc24,8.7
362,CHEMBL390038,CC(=O)Nc1cc(cc(c1)n2c(C)ccc2c3cc(I)ccc3OCc4ccc(F)cc4F)C(=O)O,8.8
363,CHEMBL233768,C[C@@H](NC(=O)c1ccc(cc1)n2c(C)ccc2c3cc(Cl)ccc3OCc4ccccc4)c5ccccc5,8.8
364,CHEMBL210394,Cc1ccc(c2cc(Br)ccc2OCc3c(F)cc(F)cc3F)n1c4cccc(c4)C(=O)O,8.8
365,CHEMBL234945,Cc1ccc(c2cc(Cl)ccc2OCc3ccc(F)cc3)n1c4cc(NS(=O)(=O)C)cc(c4)C(=O)O,8.8
366,CHEMBL389796,Cc1ncc(cc1C(=O)O)C2=C(CCC2)c3cc(Cl)ccc3OCc4ccc(F)cc4,8.8
367,CHEMBL3804978,O[C@@H](COc1ccccc1)\C=C\[C@H]2[C@H](O)C[C@@H]3O[C@H](CC[C@H]23)c4nc(cs4)C(=O)O,8.85
368,CHEMBL234519,CC(=O)Nc1cc(cc(c1)n2c(C)ccc2c3cc(Br)ccc3OCc4ccccc4)C(=O)O,8.9
369,CHEMBL234727,CC(=O)Nc1cc(cc(c1)n2c(C)ccc2c3cc(ccc3OCc4ccccc4)C(F)(F)F)C(=O)O,8.9
370,CHEMBL390238,CN(C(=O)C)c1cc(cc(c1)n2c(C)ccc2c3cc(Br)ccc3OCc4ccc(F)cc4F)C(=O)O,8.9
371,CHEMBL230765,Cc1ccc(c2cc(Br)ccc2OCc3ccc(F)cc3)n1c4ccc(F)c(c4)C(=O)O,8.9
372,CHEMBL428367,Cc1ccc(c2cc(Br)ccc2OCc3ccc(F)cc3F)n1c4cc(cc(c4)C(=O)O)N5CCCCC5=O,8.9
373,CHEMBL228963,Cc1ccc(c2cc(Cl)ccc2OCc3ccccc3)n1c4cc(C(=O)O)c5cc[nH]c5c4,8.9
374,CHEMBL395248,Cc1ccc(cc1C(=O)O)n2c(C)ccc2c3cc(Br)ccc3OCc4ccc(F)cc4F,8.9
375,CHEMBL3127159,COc1ccc2c(nn(c3nc(cs3)C(=O)O)c2c1)c4ccccc4,8.96
376,CHEMBL211534,Cc1ccc(c2cc(Br)ccc2OCc3c(F)cccc3F)n1c4cccc(c4)C(=O)O,9.0
377,CHEMBL3127157,Cc1ccc2c(nn(c3nc(cs3)C(=O)O)c2c1)c4ccccc4,9.0
378,CHEMBL430360,CC(=O)Nc1cc(cc(c1)n2c(C)ccc2c3cc(Br)ccc3OCc4ccc(F)cc4)C(=O)O,9.1
379,CHEMBL228593,Cc1ccc(c2cc(Br)ccc2OCc3ccc(F)cc3)n1c4cc(N)c(C)c(c4)C(=O)O,9.1
380,CHEMBL387878,Cc1ccc(c2cc(Br)ccc2OCc3ccc(F)cc3F)n1c4ccc(OC(F)F)c(c4)C(=O)O,9.2
381,CHEMBL214967,Cc1cc(nn1Cc2cc(Br)ccc2OCc3ccc(F)cc3F)C(=O)O,9.28
382,CHEMBL390189,Cc1ccc(c2cc(Br)ccc2OCc3ccc(F)cc3F)n1c4cc(N)cc(c4)C(=O)O,9.3
383,CHEMBL427844,CC(=O)Nc1cc(cc(c1)n2c(C)ccc2c3cc(Br)ccc3OCc4ccc(F)cc4F)C(=O)O,9.4
384,CHEMBL387969,CC(=O)Nc1ccc(cc1C(=O)O)n2c(C)ccc2c3cc(Br)ccc3OCc4ccc(F)cc4F,9.4
385,CHEMBL228586,COc1ccc(cc1C(=O)O)n2c(C)ccc2c3cc(Br)ccc3OCc4ccc(F)cc4F,9.4
386,CHEMBL214971,Cc1cc(nn1Cc2cc(Br)ccc2OCc3ccc(Cl)cc3Cl)C(=O)O,9.88
387,CHEMBL2110364,[Na+].Cc1cc(nn1Cc2cc(Br)ccc2OCc3ccc(Cl)cc3Cl)C(=O)[O-],9.89
0,CHEMBL155667,CCS(=O)(=O)CCC(=O)NNC(=O)N1Cc2ccccc2Oc3ccc(Cl)cc13,5.8
1,CHEMBL346268,CCS(=O)(=O)CCC(=O)CNC(=O)N1Cc2ccccc2Oc3ccc(Cl)cc13,5.6
2,CHEMBL436218,Clc1ccc2Oc3ccccc3CN(C(=O)CNC(=O)CCSCc4occc4)c2c1,7.4
3,CHEMBL352251,Clc1ccc2Oc3ccccc3CN(C(=O)NCC(=O)CCSCc4occc4)c2c1,7.2
4,CHEMBL358653,Clc1ccc2Oc3ccccc3CN(C(=O)NNC(=O)CCSCc4occc4)c2c1,8.1
5,CHEMBL347397,Clc1ccc2Oc3ccccc3CN(C(=O)CNC(=O)CCc4ccncc4)c2c1,5.7
6,CHEMBL155358,Clc1ccc2Oc3ccccc3CN(C(=O)NNC(=O)CCc4ccncc4)c2c1,6.5
7,CHEMBL345797,OC(c1ccccn1)C(F)(F)C(=O)NNC(=O)N2Cc3ccccc3Oc4ccc(Cl)cc24,7.5
9,CHEMBL348061,CCS(=O)(=O)CCC(=O)NCC(=O)N1Cc2ccccc2Oc3ccc(Cl)cc13,5.7
10,CHEMBL173499,OC(CC[C@H]1[C@H](O)C[C@H](O)[C@@H]1CCCCCCC(=O)O)CSc2cccc(F)c2,6.44
15,CHEMBL434173,OC(CC[C@H]1[C@H](O)C[C@H](O)[C@@H]1CCCCCCC(=O)O)CNc2ccccc2,5.3
18,CHEMBL37853,O[C@@H](COc1cccc(Cl)c1)\C=C\[C@H]2[C@H](O)C[C@H](O)[C@@H]2C\C=C/CCCC(=O)O,6.31
19,CHEMBL290969,O[C@H](CC[C@H]1[C@H](O)C[C@H](O)[C@@H]1CCCCCCC(=O)O)CCc2ccccc2,5.25
26,CHEMBL173299,OC(CC[C@H]1[C@H](O)C[C@H](O)[C@@H]1CCCCCCC(=O)O)CSc2ccccc2,6.04
27,CHEMBL172250,OC(CC[C@H]1[C@H](O)C[C@H](O)[C@@H]1CCCCCCC(=O)O)CSc2cccc(c2)C(F)(F)F,5.57
28,CHEMBL369797,OC(CC[C@H]1[C@H](O)C[C@H](O)[C@@H]1CCCCCCC(=O)O)CSc2cccs2,5.96
30,CHEMBL280223,OC(\C=C\[C@H]1CCC(=O)N1CCCCCCC(=O)O)C2(CC2)c3ccccc3,4.55
33,CHEMBL425681,O[C@H](CC[C@H]1[C@H](O)C[C@H](O)[C@@H]1CCCCCCC(=O)O)COc2ccccc2,6.15
36,CHEMBL36041,O[C@H](CC[C@H]1[C@H](O)C[C@H](O)[C@@H]1CCCCCCC(=O)O)COc2cccc(Cl)c2,5.87
37,CHEMBL176692,Cc1cccc(SCC(O)CC[C@H]2[C@H](O)C[C@H](O)[C@@H]2CCCCCCC(=O)O)c1,5.34
38,CHEMBL815,CCCCC[C@H](O)\C=C\[C@H]1[C@H](O)C[C@H](O)[C@@H]1C\C=C/CCCC(=O)O,6.42
40,CHEMBL288978,OC(\C=C\[C@H]1CCC(=O)N1CCCCCCC(=O)O)c2cccc(Oc3ccccc3)c2,4.3
49,CHEMBL334398,O[C@@H](COc1ccccc1)\C=C\[C@H]2[C@H](O)C[C@H](O)[C@@H]2C\C=C/CCCC(=O)O,7.42
52,CHEMBL434247,CC(Cc1ccccc1c2cccc(c2)c3ccccc3OCc4ccccc4)C(=O)O,5.08
53,CHEMBL125588,OC(=O)C1CC1c2ccccc2c3csc(c3)c4ccccc4OCc5ccccc5,4.32
54,CHEMBL340501,OC(=O)\C=C\c1ccccc1c2cccc(c2)c3ccccc3OCc4ccccc4,4.14
55,CHEMBL87371,Clc1ccc(cc1Cl)c2ccccc2\C=C\C(=O)NS(=O)(=O)c3cccs3,5.09
56,CHEMBL124574,OC(=O)\C=C\c1ccccc1c2ccc(Cl)c(Cl)c2,5.0
57,CHEMBL338388,OC(=O)CCc1ccccc1c2cccc(c2)c3ccccc3OCc4ccccc4,5.08
58,CHEMBL125087,OC(=O)CCc1ccccc1c2cccc(c2)c3ccccc3OCc4c(Cl)cccc4Cl,5.96
59,CHEMBL123844,OC(=O)Cc1ccccc1c2cccc(c2)c3ccccc3OCc4ccccc4,5.03
60,CHEMBL126472,OC(=O)CCc1ccccc1c2cccc(c2)c3ccccc3,4.47
61,CHEMBL127482,OC(=O)CCc1ccccc1c2cccc(c2)c3ccccc3COc4ccccc4,5.02
63,CHEMBL124199,OC(=O)c1ccc(CCCc2ccccc2OCc3ccccc3)cc1,6.64
64,CHEMBL446098,CC(Cc1ccccc1c2csc(c2)c3ccccc3OCc4ccccc4)C(=O)O,4.89
65,CHEMBL125269,OC(=O)CCCc1ccccc1c2cccc(c2)c3ccccc3OCc4ccccc4,4.92
66,CHEMBL123855,OC(=O)CCc1ccccc1c2cc(cs2)c3ccccc3OCc4ccccc4,4.76
67,CHEMBL124738,OC(=O)CCc1ccccc1c2csc(c2)c3ccccc3OCc4ccccc4,4.75
68,CHEMBL332446,CC(CC(=O)O)c1ccccc1c2csc(c2)c3ccccc3OCc4ccccc4,4.46
69,CHEMBL124675,OC(=O)CNc1ccccc1c2csc(c2)c3ccccc3OCc4ccccc4,4.07
70,CHEMBL123794,Cc1cccc(\C=C\Cc2ccccc2\C=C\C(=O)O)c1OCc3ccccc3,4.92
71,CHEMBL125110,OC(=O)CCc1ccccc1c2ccc(s2)c3ccccc3OCc4ccccc4,4.57
72,CHEMBL434637,O=C(CCc1ccccc1c2cccc(c2)c3ccccc3OCc4ccccc4)NS(=O)(=O)c5cccs5,5.59
73,CHEMBL313266,O=S(=O)(CCc1ccccc1c2ccc(CSCCc3ccccc3)cc2)NS(=O)(=O)c4cccs4,5.13
74,CHEMBL87797,Cc1cccc(OCCCOc2ccc(cc2)c3ccccc3CNC(=O)NS(=O)(=O)c4cccs4)c1,4.82
75,CHEMBL314616,Clc1ccc2ccc(\C=C\c3cccc(c3)c4ccccc4\C=C\C(=O)NS(=O)(=O)c5cccs5)nc2c1,4.39
76,CHEMBL83518,O=C(CCc1ccccc1c2ccc(CSCCc3ccccc3)cc2)NS(=O)(=O)c4cccs4,5.77
77,CHEMBL87366,O=C(CCc1ccccc1c2ccc(OCCCOc3cccc(CSCCc4ccccc4)c3)cc2)NS(=O)(=O)c5cccs5,4.89
78,CHEMBL2112332,C(Cc1ccccc1)SCc2ccc(cc2)c3ccccc3CCc4nnn[nH]4,5.31
79,CHEMBL86886,O=C(Cc1ccccc1c2ccc(CSCCc3ccccc3)cc2)NS(=O)(=O)c4cccs4,5.43
80,CHEMBL87975,Cc1cccc(OCCCOc2ccc(cc2)c3ccccc3CC(C)(C)C(=O)NS(=O)(=O)c4cccs4)c1,5.75
82,CHEMBL86933,O=C(CCc1ccccc1c2cccc(CSCCc3ccccc3)c2)NS(=O)(=O)c4cccs4,6.09
83,CHEMBL445895,O=C(CCCc1ccccc1c2ccc(CSCCc3ccccc3)cc2)NS(=O)(=O)c4cccs4,5.52
84,CHEMBL87263,Cc1cccc(OCCCOc2ccc(cc2)c3ccccc3CCC(=O)NS(=O)(=O)c4cccs4)c1,5.34
86,CHEMBL313700,O=C(NS(=O)(=O)CCc1ccccc1c2ccc(CSCCc3ccccc3)cc2)c4cccs4,5.55
87,CHEMBL87816,Cc1cccc(OCCCOc2ccc(cc2)c3ccccc3COC(=O)NS(=O)(=O)c4cccs4)c1,5.55
88,CHEMBL314200,CC(Cc1ccccc1c2ccc(OCCCOc3cccc(C)c3)cc2)C(=O)NS(=O)(=O)c4cccs4,5.24
90,CHEMBL86799,OC(=O)CCc1ccccc1c2ccc(CSCCc3ccccc3)cc2,5.07
91,CHEMBL83450,Clc1ccc2ccc(\C=C\c3cccc(c3)c4ccccc4CCC(=O)NS(=O)(=O)c5cccs5)nc2c1,4.31
93,CHEMBL315974,CSc1cccc(c1)c2ccccc2CCC(=O)NS(=O)(=O)c3cccs3,4.57
94,CHEMBL40183,CCCCC(C)(C)[C@H](O)\C=C\[C@H]1[C@H](O)C[C@H](O)[C@@H]1C\C=C/CCCC(=O)O,6.52
97,CHEMBL289568,O[C@H](CC[C@H]1[C@H](O)C[C@H](O)[C@@H]1CCCCCCC(=O)O)CCc2cccc(F)c2,5.0
102,CHEMBL39784,O[C@H](CC[C@H]1[C@H](O)C[C@H](O)[C@@H]1CCCCCCC(=O)O)CCc2cccc(c2)C(F)(F)F,4.52
104,CHEMBL36911,O[C@H](CC[C@H]1[C@H](O)C[C@H](O)[C@@H]1CCCCCCC(=O)O)CCc2ccc(F)cc2,5.46
111,CHEMBL289373,O[C@H](CC[C@H]1[C@H](O)C[C@H](O)[C@@H]1CCCCCCC(=O)O)CCc2ccccc2F,5.51
112,CHEMBL37244,Cc1ccccc1CC[C@H](O)CC[C@H]2[C@H](O)C[C@H](O)[C@@H]2CCCCCCC(=O)O,5.0
119,CHEMBL166351,OC(=O)\C=C\c1ccccc1Cc2ccc(Cl)c(Cl)c2,4.2
121,CHEMBL327596,CN(C(=O)NCCc1ccccc1)S(=O)(=O)c2ccccc2c3ccc(CN4C(=O)c5ccccc5CCc6ccccc46)cc3,6.44
122,CHEMBL91301,O=C(NCCc1ccccc1)N(Cc2ccccc2)S(=O)(=O)c3ccccc3c4ccc(CN5C(=O)c6ccccc6CCc7ccccc57)cc4,4.29
123,CHEMBL91063,O=C(NS(=O)(=O)c1ccccc1c2ccc(CN3C(=O)c4ccccc4CCc5ccccc35)cc2)OCc6ccccc6,6.82
124,CHEMBL91270,CCCCNC(=O)NS(=O)(=O)c1ccccc1c2ccc(CN3C(=O)c4ccccc4CCc5ccccc35)cc2,6.66
126,CHEMBL90935,O=C(NCCCc1ccccc1)NS(=O)(=O)c2ccccc2c3ccc(CN4C(=O)c5ccccc5CCc6ccccc46)cc3,6.4
127,CHEMBL90226,O=C(NCc1ccccc1)NS(=O)(=O)c2ccccc2c3ccc(CN4C(=O)c5ccccc5CCc6ccccc46)cc3,6.7
129,CHEMBL88154,CC(C)(C)NC(=O)NS(=O)(=O)c1ccccc1c2ccc(CN3C(=O)c4ccccc4CCc5ccccc35)cc2,6.11
130,CHEMBL91377,O=C(NCCc1cccs1)NS(=O)(=O)c2ccccc2c3ccc(CN4C(=O)c5ccccc5Oc6ccccc46)cc3,4.97
134,CHEMBL327597,C[C@H](NC(=O)NS(=O)(=O)c1ccccc1c2ccc(CN3C(=O)c4ccccc4CCc5ccccc35)cc2)c6ccccc6,6.85
136,CHEMBL316278,O=C(NCCc1cccs1)NS(=O)(=O)c2ccccc2c3ccc(CN4Cc5ccccc5CCc6ccccc46)cc3,5.55
138,CHEMBL432380,O=C(COc1ccccc1)NS(=O)(=O)c2ccccc2c3ccc(CN4C(=O)c5ccccc5CCc6ccccc46)cc3,6.85
140,CHEMBL314097,O=C(NCCc1cccs1)NS(=O)(=O)c2ccccc2c3ccc(CN4C(=O)c5ccccc5c6ccccc46)cc3,5.92
141,CHEMBL90269,O=C(NCCc1ccccc1)NS(=O)(=O)c2ccccc2c3ccc(CN4C(=O)c5ccccc5CCc6ccccc46)cc3,6.92
142,CHEMBL262690,O=C(Nc1ccccc1)NS(=O)(=O)c2ccccc2c3ccc(CN4C(=O)c5ccccc5CCc6ccccc46)cc3,4.68
164,CHEMBL181035,OC(=O)\C=C\c1ccccc1\C=C\c2ccccc2OCc3ccccc3,4.35
165,CHEMBL1237305,OCc1cccc(C\C=C\c2ccccc2\C=C\C(=O)O)c1OCc3c(Cl)cccc3Cl.OCc4cccc(\C=C\Cc5ccccc5\C=C\C(=O)O)c4OCc6c(Cl)cccc6Cl,5.15
166,CHEMBL180742,Cc1cccc(\C=C\C(O)c2ccccc2\C=C\C(=O)O)c1OCc3c(Cl)cccc3Cl,5.52
167,CHEMBL360290,Cc1cccc(C(O)\C=C\c2ccccc2\C=C\C(=O)O)c1OCc3c(Cl)cccc3Cl,4.89
168,CHEMBL1237295,Cc1cccc(C\C=C\c2ccccc2\C=C\C(=O)O)c1OCc3ccccc3.Cc4cccc(\C=C\Cc5ccccc5\C=C\C(=O)O)c4OCc6ccccc6,4.72
171,CHEMBL1237296,OC(=O)\C=C\c1ccccc1C\C=C/c2cccc(O)c2OCc3ccccc3.OC(=O)\C=C\c4ccccc4\C=C\Cc5cccc(O)c5OCc6ccccc6,4.8
172,CHEMBL1237297,OC(=O)\C=C\c1ccccc1C\C=C/c2ccccc2OCc3ccccc3.OC(=O)\C=C\c4ccccc4\C=C\Cc5ccccc5OCc6ccccc6,4.62
175,CHEMBL1237298,OC(=O)\C=C\c1ccccc1C\C=C/c2cccc(OCc3ccccc3)c2.OC(=O)\C=C\c4ccccc4\C=C\Cc5cccc(OCc6ccccc6)c5,4.85
177,CHEMBL180389,Cc1cccc(\C=C\Cc2ccccc2\C=C\C(=O)O)c1O,4.17
178,CHEMBL1237299,Cc1cccc(C\C=C\c2cccc(\C=C\C(=O)O)c2)c1OCc3ccccc3.Cc4cccc(\C=C\Cc5cccc(\C=C\C(=O)O)c5)c4OCc6ccccc6,4.68
180,CHEMBL1237301,Cc1cccc(C\C=C\c2ccccc2C(=O)O)c1OCc3ccccc3.Cc4cccc(\C=C/Cc5ccccc5C(=O)O)c4OCc6ccccc6,4.8
181,CHEMBL1237302,Cc1cccc(C\C=C\c2ccccc2CC(=O)O)c1OCc3ccccc3.Cc4cccc(\C=C\Cc5ccccc5CC(=O)O)c4OCc6ccccc6,4.68
182,CHEMBL1237303,CC(=O)c1ccc(OCc2ccccc2)c(C\C=C\c3ccccc3\C=C\C(=O)O)c1.CC(=O)c4ccc(OCc5ccccc5)c(\C=C\Cc6ccccc6\C=C\C(=O)O)c4,5.55
184,CHEMBL180089,Cc1cccc(\C=C\Cc2ccccc2\C=C\C(=O)O)c1OCc3ccc(F)cc3,4.77
185,CHEMBL183919,Cc1cccc(\C=C\Cc2ccccc2\C=C\C(=O)O)c1OCc3c(Cl)cccc3Cl,5.17
188,CHEMBL180343,Cc1cccc(CCCc2ccccc2CCC(=O)O)c1OCc3ccccc3,4.64
201,CHEMBL182367,OC(c1cncc(c1)c2sccc2c3cc(Cl)ccc3OCc4ccccc4)(C(F)(F)F)C(F)(F)F,6.59
228,CHEMBL192613,OC(=O)c1cccc(C[C@@H]2CCCC=C2c3oc(c4ccccc4)c(n3)c5ccccc5)c1,5.6
233,CHEMBL196779,OC(=O)COc1cccc2C[C@@](O)(COC(=O)N(c3ccccc3)c4ccccc4)CCc12,5.02
241,CHEMBL382197,OC(CC[C@H]1CCC(=O)N1CCCc2ccc(s2)C(=O)O)Cc3cccc(c3)c4ccccc4,4.73
248,CHEMBL207175,OC(=O)c1cccc(c1)c2nccnc2c3cc(Cl)ccc3OCc4ccccc4,6.4
249,CHEMBL210268,OC(=O)c1cccc(c1)c2cnccc2c3cc(Cl)ccc3OCc4ccccc4,6.5
259,CHEMBL207293,OC(=O)c1cccc(c1)n2cncc2c3cc(Cl)ccc3OCc4ccccc4,6.9
262,CHEMBL207688,Cc1ccc(c2cccc(c2)C(=O)O)n1c3cc(Cl)ccc3OCc4ccccc4,6.7
313,CHEMBL376996,Cc1ccc(c2cc(Br)ccc2OCc3cccc(c3)C(F)(F)F)n1c4cccc(c4)C(=O)O,6.6
317,CHEMBL212679,Cc1onc(C)c1COc2ccc(Br)cc2c3ccc(C)n3c4cccc(c4)C(=O)O,6.7
326,CHEMBL377831,Cc1ccc(c2cc(Cl)ccc2OCC3CCCCC3)n1c4cccc(c4)C(=O)O,6.9
328,CHEMBL377135,Cc1c(Br)cc(c2cc(Cl)ccc2OCc3ccccc3)n1c4cccc(c4)C(=O)O,6.1
336,CHEMBL209326,OC(=O)c1cccc(c1)n2c(ccc2C(F)(F)F)c3cc(Cl)ccc3OCc4ccc(F)cc4,6.7
338,CHEMBL379163,Cc1ccc(c2cc(ccc2OCc3ccccc3)c4ccsc4)n1c5cccc(c5)C(=O)O,6.2
339,CHEMBL377245,Cc1ccc(c2cc(ccc2OCc3ccccc3)c4ccccc4)n1c5cccc(c5)C(=O)O,6.4
351,CHEMBL380297,Cc1cn(Cc2cc(Br)ccc2OCc3ccccc3)nc1C(=O)O,5.87
352,CHEMBL213669,OC(=O)c1nn(Cc2cc(Br)ccc2OCc3ccccc3)cc1F,6.16
353,CHEMBL212563,CCCCc1cc(nn1Cc2cc(Br)ccc2OCc3ccccc3)C(=O)O,6.01
369,CHEMBL386543,Cc1cc(nn1Cc2cc(Br)ccc2OCc3cc(Cl)cc(Cl)c3)C(=O)O,5.95
370,CHEMBL425076,Cc1cc(nn1Cc2cc(Br)ccc2OCc3cccc(c3)C(F)(F)F)C(=O)O,5.96
371,CHEMBL379151,Cc1cc(nn1Cc2cc(Br)ccc2OCc3cccc(c3)[N+](=O)[O-])C(=O)O,6.47
372,CHEMBL212667,Cc1cccc(COc2ccc(Br)cc2Cn3nc(cc3C)C(=O)O)c1,6.28
373,CHEMBL215667,Cc1cc(nn1Cc2cc(Br)ccc2OCc3cccc(Cl)c3)C(=O)O,6.37
377,CHEMBL212300,COc1ccccc1COc2ccc(Br)cc2Cn3nc(cc3C)C(=O)O,7.16
382,CHEMBL378533,Cc1cc(nn1Cc2cc(Br)ccc2OCc3cc(cc(c3)C(F)(F)F)C(F)(F)F)C(=O)O,5.28
383,CHEMBL386532,Cc1cc(nn1Cc2cc(Br)ccc2OCc3ccc(cc3)C(C)(C)C)C(=O)O,5.91
384,CHEMBL215687,Cc1cc(nn1Cc2cc(Br)ccc2OCc3ccc(Cl)c(c3)C(F)(F)F)C(=O)O,6.24
398,CHEMBL215992,Cc1cc(nn1Cc2cc(Cl)ccc2OCc3ccc(Cl)cc3Cl)C(=O)O,9.26
400,CHEMBL214914,Cc1cc(nn1Cc2cc(F)ccc2OCc3ccc(F)cc3F)C(=O)O,8.1
401,CHEMBL385620,Cc1cc(nn1Cc2cc(F)ccc2OCc3ccc(Cl)cc3Cl)C(=O)O,7.69
402,CHEMBL213875,Cc1cc(nn1Cc2ccccc2OCc3ccc(Cl)cc3Cl)C(=O)O,8.08
403,CHEMBL384332,Cc1cc(nn1Cc2cc(Cl)ccc2OCc3ccc(F)cc3F)C(=O)O,8.95
410,CHEMBL214900,OC(=O)c1cc(c2cccs2)n(Cc3cc(Br)ccc3OCc4ccccc4)n1,6.21
412,CHEMBL218123,Cc1ccc(OCc2ccccc2)c(\C=C\Cc3ccccc3\C=C\C(=O)O)c1,4.72
414,CHEMBL217991,O=C(NS(=O)(=O)c1cccs1)\C=C\c2ccccc2Cc3ccc4cc(OCc5ccccc5)ccc4c3,5.5
416,CHEMBL218071,COc1ccc(Br)cc1S(=O)(=O)NC(=O)\C=C\c2ccccc2Cc3ccc4ccccc4c3,4.41
417,CHEMBL220802,O=C(NS(=O)(=O)c1cccs1)\C=C\c2ccccc2Cc3ccc4ccccc4c3,5.02
419,CHEMBL220821,Cc1ccc(OCc2ccccc2)c(CCCc3ccccc3CCC(=O)NS(=O)(=O)c4cccs4)c1,5.17
420,CHEMBL220820,Cc1ccc(OCc2ccccc2)c(CCCc3ccccc3CCC(=O)O)c1,4.64
421,CHEMBL217988,Cc1ccc(OCc2c(Cl)cccc2Cl)c(\C=C\Cc3ccccc3\C=C\C(=O)O)c1,5.17
422,CHEMBL218280,COc1cc(\C=C\Cc2ccccc2\C=C\C(=O)NS(=O)(=O)c3cccs3)ccc1OCc4ccccc4,5.82
424,CHEMBL218228,COc1ccc(\C=C\Cc2ccccc2\C=C\C(=O)NS(=O)(=O)c3cccs3)cc1,5.59
426,CHEMBL385396,O=C(NS(=O)(=O)c1cccs1)\C=C\c2ccccc2C\C=C\c3ccccc3,5.07
428,CHEMBL218178,Cc1ccc(OCc2ccccc2)c(\C=C\Cc3ccccc3\C=C\C(=O)NS(=O)(=O)c4cccs4)c1,5.64
429,CHEMBL376053,Cc1ccc(OCc2ccccc2)c(C\C=C\c3ccccc3\C=C\C(=O)O)c1,4.72
430,CHEMBL218179,Cc1ccc(OCc2ccccc2)c(C\C=C\c3ccccc3\C=C\C(=O)NS(=O)(=O)c4cccs4)c1,5.64
432,CHEMBL384878,O=C(NS(=O)(=O)c1cccs1)\C=C\c2ccccc2\C=C\Cc3ccccc3,5.07
434,CHEMBL218229,COc1ccc(C\C=C\c2ccccc2\C=C\C(=O)NS(=O)(=O)c3cccs3)cc1,5.59
436,CHEMBL385955,COc1cc(C\C=C\c2ccccc2\C=C\C(=O)NS(=O)(=O)c3cccs3)ccc1OCc4ccccc4,5.82
438,CHEMBL426559,CS(=O)(=O)c1cc(F)cc2c3CC[C@H](CC(=O)O)c3n(Cc4ccc(Cl)cc4)c12,5.94
440,CHEMBL426387,OC(=O)C[C@H]1CCc2c1n(Cc3ccc(Cl)cc3)c4c(Br)cc(F)cc24,5.36
443,CHEMBL222677,Cc1cc(Cl)ccc1c2cccc(c2)[C@H](O)CC[C@H]3CCC(=O)N3CCc4ccc(cc4)C(=O)O,4.75
507,CHEMBL233872,CCOc1ccc(cc1n2c(C)ccc2c3cc(Cl)ccc3OCc4ccccc4)C(=O)O,6.9
508,CHEMBL233871,COc1ccc(cc1n2c(C)ccc2c3cc(Cl)ccc3OCc4ccccc4)C(=O)O,6.6
509,CHEMBL395756,Cc1ccc(c2cc(Cl)ccc2OCc3ccc(F)cc3F)n1c4cc(ccc4Cl)C(=O)O,6.8
510,CHEMBL233665,Cc1ccc(c2cc(Cl)ccc2OCc3ccc(F)cc3)n1c4cc(ccc4Cl)C(=O)O,6.5
518,CHEMBL234939,OC(=O)c1ccnc(n1)C2=C(CCC2)c3cc(Cl)ccc3OCc4ccccc4,6.8
519,CHEMBL389994,OC(=O)c1cc(ncn1)C2=C(CCC2)c3cc(Cl)ccc3OCc4ccccc4,6.7
526,CHEMBL234289,OC(=O)c1cccc(c1)C2=C(CCC2)c3cc(ccc3OCc4ccc(Cl)cc4)C#N,6.7
528,CHEMBL234082,OC(=O)c1cccc(c1)C2=C(CCC2)c3cc(ccc3OCc4ccc(F)cc4)C#N,6.4
546,CHEMBL233231,OC(=O)c1cccc(c1)C2=C(CCC2)c3ccccc3OCc4ccc(Cl)c(Cl)c4,6.4
551,CHEMBL233772,Cc1ccc(c2cc(Br)ccc2OCc3ccc(F)cc3F)n1c4ccc5C(=O)NC(=O)c5c4,6.8
552,CHEMBL391456,Cc1ccc(c2cc(Cl)ccc2OCc3ccccc3)n1c4ccc(cc4)n5cncn5,6.3
556,CHEMBL233359,Cc1onc(n1)c2cccc(c2)n3c(C)ccc3c4cc(Br)ccc4OCc5ccc(F)cc5F,6.7
559,CHEMBL393743,Cc1ccc(c2cc(Br)ccc2OCc3ccc(F)cc3F)n1c4cccc(c4)c5ncccn5,6.9
560,CHEMBL234183,Cc1ccc(c2cc(Br)ccc2OCc3ccc(F)cc3F)n1c4cccc(c4)c5ccccn5,6.6
561,CHEMBL234182,Cc1ccc(c2cc(Br)ccc2OCc3ccc(F)cc3F)n1c4cccc(c4)c5cccnc5,6.9
565,CHEMBL233971,Cc1ccc(c2ccccc2OCc3ccc(F)cc3F)n1c4ccc5nn[nH]c5c4,6.2
568,CHEMBL391228,C[C@H](NC(=O)c1cccc(c1)n2c(C)ccc2c3cc(Cl)ccc3OCc4ccccc4)c5ccccc5,6.5
573,CHEMBL391930,Cc1ccc(c2cc(Br)ccc2OCc3ccc(F)cc3F)n1c4cccc(c4)C(=O)Nc5ccccc5,6.3
577,CHEMBL393374,Cc1ccc(c2ccccc2OCc3ccc(F)cc3F)n1c4cccc(c4)C(=O)N,6.3
591,CHEMBL439388,Cc1ccc(c2ccccc2OCc3ccccc3)n1c4ccc(cc4)S(=O)(=O)C,6.3
592,CHEMBL232734,Cc1ccc(c2cc(Br)ccc2OCc3ccccc3)n1c4cccc(c4)S(=O)(=O)C,6.7
593,CHEMBL232733,Cc1ccc(c2cc(Cl)ccc2OCc3ccccc3)n1c4cccc(c4)S(=O)(=O)C,6.9
604,CHEMBL232159,CCOc1ccc(Cc2oc(CN(c3ccccc3CC)S(=O)(=O)c4ccc(C)cc4)nn2)cc1,7.4
605,CHEMBL231964,CCc1ccccc1N(Cc2oc(Cc3ccccc3)nn2)S(=O)(=O)c4ccc(C)cc4,6.4
606,CHEMBL231699,Cc1ccc(cc1)S(=O)(=O)N(CC(=O)NCCc2ccc(Cl)cc2)c3ccccc3C,6.6
608,CHEMBL233157,CCc1ccccc1N(Cc2oc(CNc3ccc(OC)cc3)nn2)S(=O)(=O)c4ccc(C)cc4,6.3
617,CHEMBL232924,Cc1ccc(cc1)S(=O)(=O)N(Cc2oc(Cc3cccc(Cl)c3)nn2)c4cccc(Cl)c4C,6.8
619,CHEMBL400025,Cc1ccc(cc1)S(=O)(=O)N(Cc2oc(Cc3cccc(F)c3)nn2)c4cccc(Cl)c4C,6.5
620,CHEMBL233808,Cc1ccc(cc1)S(=O)(=O)N(Cc2oc(Cc3ccccc3F)nn2)c4cccc(Cl)c4C,6.3
621,CHEMBL393376,Cc1ccc(cc1)S(=O)(=O)N(Cc2oc(Cc3ccc(F)cc3)nn2)c4cccc(Cl)c4C,6.7
630,CHEMBL232158,CCc1ccccc1N(Cc2oc(Cc3ccc(OC)cc3)nn2)S(=O)(=O)c4ccc(C)cc4,6.9
631,CHEMBL401432,CCc1ccccc1N(Cc2oc(Cc3ccc(Cl)cc3)nn2)S(=O)(=O)c4ccc(C)cc4,6.4
664,CHEMBL240029,CCn1nccc1N(CC(=O)NCc2ccc(Cl)cc2)S(=O)(=O)c3ccc(C)cc3,7.14
665,CHEMBL240028,Cc1ccc(cc1)S(=O)(=O)N(CC(=O)NCc2ccc(Cl)cc2)c3ccnn3C,6.23
670,CHEMBL240866,Cc1ccc(cc1)S(=O)(=O)N(CC(=O)NCc2ccc(Cl)cc2)c3cccnc3C,6.17
673,CHEMBL393595,CCc1ccccc1N(CC(=O)NCc2ccccc2OC)S(=O)(=O)c3ccc(C)cc3,5.97
674,CHEMBL401042,CCc1ccccc1N(CC(=O)NCc2ccccc2F)S(=O)(=O)c3ccc(C)cc3,6.87
675,CHEMBL240457,CCc1ccccc1N(CC(=O)NCc2ccc(cc2)C(F)(F)F)S(=O)(=O)c3ccc(C)cc3,6.68
676,CHEMBL240844,CCc1ccccc1N(CC(=O)NCc2ccc(Br)cc2)S(=O)(=O)c3ccc(C)cc3,7.64
679,CHEMBL393178,CCc1ccccc1N(CC(=O)NCc2cccc(Cl)c2)S(=O)(=O)c3ccc(C)cc3,5.85
680,CHEMBL240248,CCc1ccccc1N(CC(=O)NCc2cccc(OC(F)(F)F)c2)S(=O)(=O)c3ccc(C)cc3,6.37
685,CHEMBL238752,CCc1ccccc1N(CC(=O)NCCc2ccc(OC)c(OC)c2)S(=O)(=O)c3ccccc3Cl,5.7
686,CHEMBL239365,CCc1ccccc1N(CC(=O)NCCc2ccc(OC)c(OC)c2)S(=O)(=O)c3cccc(C)c3,5.78
687,CHEMBL239363,CCc1ccccc1N(CC(=O)NCCc2ccc(OC)c(OC)c2)S(=O)(=O)c3cccc(OC(F)(F)F)c3,6.15
688,CHEMBL392795,CCc1ccccc1N(CC(=O)NCCc2ccc(OC)c(OC)c2)S(=O)(=O)c3cccc(c3)C#N,6.62
689,CHEMBL239137,CCc1ccccc1N(CC(=O)NCCc2ccc(OC)c(OC)c2)S(=O)(=O)c3ccc(OC)cc3,6.77
690,CHEMBL238931,CCc1ccccc1N(CC(=O)NCCc2ccc(OC)c(OC)c2)S(=O)(=O)c3ccccc3C,6.78
691,CHEMBL238930,CCc1ccccc1N(CC(=O)NCCc2ccc(OC)c(OC)c2)S(=O)(=O)c3ccc(OC(F)(F)F)cc3,7.16
692,CHEMBL238929,CCc1ccccc1N(CC(=O)NCCc2ccc(OC)c(OC)c2)S(=O)(=O)c3ccc(cc3)C#N,7.5
693,CHEMBL392794,CCc1ccccc1N(CC(=O)NCCc2ccc(OC)c(OC)c2)S(=O)(=O)c3ccc(Br)cc3,7.54
694,CHEMBL238727,CCc1ccccc1N(CC(=O)NCCc2ccc(OC)c(OC)c2)S(=O)(=O)c3ccc(cc3)C(F)(F)F,7.72
695,CHEMBL238726,COc1ccc(CCNC(=O)CN(c2ccccc2C)S(=O)(=O)c3ccccc3)cc1OC,6.13
696,CHEMBL392793,COc1ccc(CCNC(=O)CN(c2cccc(C)c2C)S(=O)(=O)c3ccc(C)cc3)cc1OC,7.89
698,CHEMBL238725,COc1ccc(CCNC(=O)CN(c2cccc(c2)C(F)(F)F)S(=O)(=O)c3ccc(C)cc3)cc1OC,7.51
699,CHEMBL238514,COc1ccc(CCNC(=O)CN(c2cccc(Br)c2)S(=O)(=O)c3ccc(C)cc3)cc1OC,7.46
700,CHEMBL238513,COc1ccc(CCNC(=O)CN(c2cccc(Cl)c2)S(=O)(=O)c3ccc(C)cc3)cc1OC,7.21
701,CHEMBL238512,COc1ccc(CCNC(=O)CN(c2cccc(C)c2)S(=O)(=O)c3ccc(C)cc3)cc1OC,7.21
705,CHEMBL238925,COc1ccc(CCNC(=O)CN(c2ccc(Cl)cc2)S(=O)(=O)c3ccc(C)cc3)cc1OC,5.89
707,CHEMBL401452,COc1ccc(CCNC(=O)CN(c2ccccc2)S(=O)(=O)c3ccc(C)cc3)cc1OC,6.23
708,CHEMBL241672,Cc1ccc(cc1)S(=O)(=O)N(CC(=O)NCCc2ccccc2)c3ccccc3C,5.87
709,CHEMBL241671,CNS(=O)(=O)c1cc(CCNC(=O)CN(c2ccccc2C)S(=O)(=O)c3ccc(C)cc3)ccc1O,8.43
710,CHEMBL400423,COc1ccc(CCNC(=O)CN(c2ccccc2C)S(=O)(=O)c3ccc(C)cc3)c(F)c1OC,7.18
711,CHEMBL241670,Cc1ccc(cc1)S(=O)(=O)N(CC(=O)NCCc2ccc(NS(=O)(=O)C)cc2)c3ccccc3C,7.05
712,CHEMBL241494,Cc1ccc(cc1)S(=O)(=O)N(CC(=O)NCCc2cccc(O)c2)c3ccccc3C,6.69
713,CHEMBL400422,COc1ccc(CCNC(=O)CN(c2ccccc2C)S(=O)(=O)c3ccc(C)cc3)cc1,6.77
714,CHEMBL241493,COc1ccc(CCNC(=O)CN(c2ccccc2C)S(=O)(=O)c3ccc(C)cc3)cc1OC,7.41
733,CHEMBL251505,CCCC\C(=C/C=C/[C@H]1CCC(=O)N1CCc2ccc(cc2)C(=O)O)\C,5.0
734,CHEMBL251504,CCCC\C(=C\C=C\[C@H]1CCC(=O)N1CCc2ccc(cc2)C(=O)O)\C,5.0
735,CHEMBL548,CCCCC[C@H](O)\C=C\[C@H]1[C@H](O)CC(=O)[C@@H]1C\C=C/CCCC(=O)O,8.04
738,CHEMBL273145,OC(=O)c1cccc(Oc2cc(Cl)ccc2OCc3ccccc3)n1,6.1
743,CHEMBL270162,[Na+].[O-]C(=O)c1csc(n1)c2cc(Cl)ccc2OCc3ccccc3,6.2
750,CHEMBL258303,[Na+].[O-]C(=O)c1cncc(Cc2cc(Cl)ccc2OCc3ccccc3)c1,6.2
751,CHEMBL270174,OC(=O)c1cccc(Cc2cc(Cl)ccc2OCc3ccccc3)n1,6.8
752,CHEMBL404239,[Na+].[O-]C(=O)c1cccc(Cc2cc(Cl)ccc2OCc3ccccc3)c1,6.5
758,CHEMBL535640,Cl.Cn1cc(nc1Cc2cc(Cl)ccc2OCc3ccccc3)C(=O)O,6.5
760,CHEMBL257846,[Na+].[O-]C(=O)c1cnc(Cc2cc(Cl)ccc2OCc3ccccc3)s1,6.2
764,CHEMBL403459,Cc1cc(cn1Cc2cc(Cl)ccc2OCc3ccccc3)C(=O)O,6.8
780,CHEMBL412070,CS(=O)(=O)c1cc(F)cc2c1c(C(=O)c3ccc(Cl)cc3)c4[C@@H](CC(=O)O)CCCn24,6.85
781,CHEMBL411255,CS(=O)(=O)c1cc(F)cc2c1c(C(=O)c3ccc(Cl)cc3)c4[C@H](CC(=O)O)CCCn24,5.66
789,CHEMBL258041,[Na+].[O-]C(=O)c1cccc(Cc2cc(Cl)ccc2OCc3ccccc3)n1,6.8
794,CHEMBL436656,[Na+].[O-]C(=O)c1csc(n1)n2cc(Cc3ccccc3)c4ccc(Cl)cc24,7.2
801,CHEMBL255928,[Na+].CC(C)Cc1cn(c2cccc(c2)C(=O)[O-])c3cc(Cl)ccc13,6.2
804,CHEMBL257413,[Na+].CC(C)Cc1cn(c2nc(CC(=O)[O-])cs2)c3cc(Cl)ccc13,6.8
813,CHEMBL401785,[Na+].CC(C)Cc1cn(c2nc(cs2)C(=O)[O-])c3ccccc13,6.8
816,CHEMBL255319,[Na+].CN(C)C(=O)c1cn(c2nc(cs2)C(=O)[O-])c3cc(Cl)ccc13,6.0
819,CHEMBL256336,[Na+].[O-]C(=O)c1csc(n1)n2cc(CC(F)(F)F)c3ccc(Cl)cc23,6.6
820,CHEMBL404176,[Na+].CCc1cn(c2nc(cs2)C(=O)[O-])c3cc(Cl)ccc13,6.9
889,CHEMBL521609,Cn1cc(\C=C\C(=O)NS(=O)(=O)c2ccc(F)c(F)c2)c3c(Oc4ccc5ccccc5c4)cccc13,5.85
891,CHEMBL459885,Cn1cc(\C=C\C(=O)NS(=O)(=O)c2ccc(F)c(F)c2)c3c(Oc4ccc(Cl)cc4Cl)cccc13,5.41
894,CHEMBL475348,Cn1cc(\C=C\C(=O)NS(=O)(=O)c2cc(F)c(F)cc2F)c3c(Oc4ccc(Cl)c(Cl)c4)cccc13,5.27
897,CHEMBL521777,Cn1cc(\C=C\C(=O)NS(=O)(=O)c2cc(F)c(F)cc2F)c3c(Oc4ccc(Cl)c(F)c4)cccc13,5.86
898,CHEMBL484778,CC(C)c1nccc2c1c(Sc3ccc(Cl)c(Cl)c3)c4[C@H](CC(=O)O)CCn24,4.55
899,CHEMBL483991,CC(C)c1nccc2c1c(Sc3ccc(Cl)c(Cl)c3)c4[C@@H](CC(=O)O)CCn24,4.55
930,CHEMBL520950,Cl.CC(C)COc1ccc(Cl)cc1Cn2nc(NC(=O)c3cccc(CN4CCOCC4)c3)cc2C,6.6
931,CHEMBL482132,Cl.CC(C)COc1ccc(Cl)cc1Cn2nc(NC(=O)c3cccc(CN4CCCCC4)c3)cc2C,6.3
932,CHEMBL481137,Cl.CC(C)COc1ccc(Cl)cc1Cn2nc(NC(=O)c3cccc(CN4CCCC4)c3)cc2C,6.9
933,CHEMBL480979,Cl.CC(C)COc1ccc(Cl)cc1Cn2nc(NC(=O)c3cccc(CN(C)C)c3)cc2C,6.2
934,CHEMBL516608,Cl.CCNCc1cccc(c1)C(=O)Nc2cc(C)n(Cc3cc(Cl)ccc3OCC(C)C)n2,6.3
949,CHEMBL481813,CC12CCCC(=C1N(Cc3ccc4ccccc4c3)C(=O)C2)\C=C\C(=O)NS(=O)(=O)c5cc(Cl)c(Cl)s5,5.16
950,CHEMBL482330,COc1cccc(CN2C(=O)CC3(C)CCCC(=C23)\C=C\C(=O)NS(=O)(=O)c4ccc(F)c(F)c4)c1,5.85
951,CHEMBL479439,CC12CCCC(=C1N(Cc3ccc(Cl)cc3Cl)C(=O)C2)\C=C\C(=O)NS(=O)(=O)c4cc(F)c(F)cc4F,4.94
975,CHEMBL511919,[Na+].[O-]C(=O)c1cccc(Cc2cc(Cl)ccc2OCC3CC3)n1,6.7
997,CHEMBL457797,OC(=O)c1cc(ccc1Cl)c2ccccc2c3ccccc3OCc4ccccc4,6.9
999,CHEMBL515697,Cc1c(cccc1c2ccccc2c3ccccc3OCc4ccccc4)C(=O)O,6.3
1000,CHEMBL456919,OC(=O)c1ccc(cc1)c2ccccc2c3cc(Cl)ccc3OCc4ccccc4,6.1
1006,CHEMBL460168,OC(=O)c1cccc(c1)c2ccccc2c3ccc(Cl)cc3OCc4ccccc4,6.5
1012,CHEMBL456679,[Na+].CCCOc1ccc(Cl)cc1c2ccccc2c3cccc(n3)C(=O)[O-],6.6
1013,CHEMBL458858,[Na+].[O-]C(=O)c1cccc(n1)c2ccccc2c3cc(Cl)ccc3OCC4CCCC4,6.8
1017,CHEMBL565992,Clc1ccc(Cn2cnc3cccc(OCC(=O)NS(=O)(=O)c4cc(Cl)c(Cl)s4)c23)c(Cl)c1,5.1
1018,CHEMBL467632,Clc1cc(sc1Cl)S(=O)(=O)NC(=O)COc2cccc3[nH]cc(Cc4ccc5ccccc5c4)c23,5.2
1019,CHEMBL585581,Clc1ccc(Cn2ccc3cccc(\C=C\C(=O)NS(=O)(=O)c4cccs4)c23)c(Cl)c1,5.09
1020,CHEMBL565799,Cc1cn(Cc2ccc3ccccc3c2)c4c(\C=C\C(=O)NS(=O)(=O)c5cc(Cl)c(Cl)s5)cc(F)cc14,6.44
1070,CHEMBL1084009,OC(=O)c1ccc(cc1)C2(CC2)NC(=O)c3cccc4ccn(Cc5ccc(cc5)C(F)(F)F)c34,4.7
1083,CHEMBL1290413,C[C@@H](c1ccc(cc1)C(F)(F)F)n2c3[C@@H](CC(=O)O)CCCc3c4cc(F)cc(c24)S(=O)(=O)C,5.34
1092,CHEMBL1915017,CC(C)c1oc2cc(Cl)cc(Cn3nc(cc3C)C(=O)O)c2c1,6.6
1093,CHEMBL1915018,CC(C)c1cc2c(Cn3nc(cc3C)C(=O)O)cc(Cl)cn2c1,6.9
1094,CHEMBL1915019,CC(C)c1cn2cc(Cl)cc(Cn3nc(cc3C)C(=O)O)c2n1,6.3
1100,CHEMBL1915248,CO[C@@H]1CC[C@H](CC1)NC(=O)c2cc(C)n(Cc3cc(Cl)cc4cc(oc34)C(C)C)n2,6.5
1101,CHEMBL1915249,CC(C)c1oc2c(Cn3nc(cc3C)C(=O)NC4CCNCC4)cc(Cl)cc2c1,6.1
1120,CHEMBL2164612,COc1cc(C\C=C\c2ccccc2\C=C\C(=O)O)ccc1OCC[n+]3c(C)cc(\C=C\C=C\c4ccc(cc4)N(C)C)cc3C.F[B-](F)(F)F,4.16
1121,CHEMBL2164609,COc1cc(C\C=C\c2ccccc2\C=C\C(=O)NS(=O)(=O)c3cccs3)ccc1OCCn4cc5ccccc5c4C#N,4.69
1122,CHEMBL2164608,COc1cc(C\C=C\c2ccccc2\C=C\C(=O)O)ccc1OCCn3cc4ccccc4c3C#N,4.8
1149,CHEMBL2442490,OC(=O)c1csc(n1)n2nc(cc2C(F)(F)F)c3ccccc3O,6.28
1150,CHEMBL2442485,COc1ccc(cc1)c2cc(nn2c3nc(cs3)C(=O)O)C(F)(F)F,5.06
1158,CHEMBL2442497,Cn1c(nc(c2nc(cs2)C(=O)O)c1c3ccccc3)c4ccccc4,6.3
1162,CHEMBL2442489,OC(=O)c1csc(n1)n2nc(cc2C(F)(F)F)c3cccc(O)c3,6.24
1163,CHEMBL2442488,OC(=O)c1csc(n1)n2nc(cc2C(F)(F)F)c3ccc(O)cc3,6.5
1164,CHEMBL2442487,Cc1ccc(cc1)c2cc(n(n2)c3nc(cs3)C(=O)O)C(F)(F)F,5.52
1165,CHEMBL1479261,OC(=O)c1csc(n1)n2nc(cc2C(F)(F)F)c3ccccc3,6.5
1166,CHEMBL2442486,COc1ccc(cc1)c2cc(n(n2)c3nc(cs3)C(=O)O)C(F)(F)F,6.37
1190,CHEMBL3092154,OC(=O)c1csc(n1)n2nc(c(I)c2c3ccccc3)c4ccccc4,6.89
1194,CHEMBL3092150,OC(=O)c1csc(n1)n2nc(c3ccccc3)c(c2c4ccccc4)C(F)(F)F,6.82
1195,CHEMBL3092148,Cc1c(nn(c2nc(\C=C\C(=O)O)cs2)c1c3ccccc3)c4ccccc4,6.3
1196,CHEMBL3092147,Cc1sc(nc1C(=O)O)n2nc(c(C)c2c3ccccc3)c4ccccc4,6.48
1197,CHEMBL3092146,Cc1c(nn(c2ccc(s2)C(=O)O)c1c3ccccc3)c4ccccc4,6.0
1201,CHEMBL3092134,Cc1c(nn(c1c2cccs2)c3nc(cs3)C(=O)O)c4ccccc4,6.92
1214,CHEMBL3127168,OC(=O)c1csc(n1)n2nc(c3ccc(cc3)C(F)(F)F)c4ccccc24,6.85
1224,CHEMBL3127158,OC(=O)c1csc(n1)n2nc(c3ccccc3)c4ccc(O)cc24,6.85
1228,CHEMBL3127154,OC(=O)c1csc(n1)n2nc(c3ccccc3)c4c(F)cccc24,6.3
1230,CHEMBL3127151,OC(=O)c1csc(n1)n2nc(c3ccccc3)c4cccnc24,6.7
1231,CHEMBL3127178,OC(=O)c1csc(n1)n2nc(c3CCCCCc23)c4ccccc4,6.0
1233,CHEMBL3127176,OC(=O)c1csc(n1)n2cc(c3ccccc3)c4ccccc24,6.92
1243,CHEMBL3286796,O[C@@H](C\C=C\[C@H]1[C@H](O)C[C@@H](Cl)[C@@H]1C\C=C/CCCC(=O)O)C2(CC=C)CCC2,5.89
1247,CHEMBL1317823,CC(C)Oc1ccc2C(=O)c3cc(ccc3Oc2c1)C(=O)O,5.92
1271,CHEMBL3753853,CCCCC(C)(C)[C@H](O)\C=C\[C@H]1COC(=O)N1CCSc2nc(cs2)C(=O)O,6.92
1272,CHEMBL3752406,CC(C)(CCCCF)[C@H](O)\C=C\[C@H]1COC(=O)N1CCSc2nc(cs2)C(=O)O,6.37
1273,CHEMBL3753221,CCCCC1(CCC1)[C@H](O)\C=C\[C@H]2COC(=O)N2CCSc3nc(cs3)C(=O)O,6.66
1274,CHEMBL3751951,O[C@H](\C=C\[C@H]1COC(=O)N1CCSc2nc(cs2)C(=O)O)C3(CCCCF)CCC3,5.97
1276,CHEMBL3753898,CCOCCC1(CCC1)[C@H](O)\C=C\[C@H]2COC(=O)N2CCSc3nc(cs3)C(=O)O,5.08
1277,CHEMBL3753622,O[C@H](\C=C\[C@H]1COC(=O)N1CCSc2nc(cs2)C(=O)O)C3(CCc4ccccc4)CCC3,6.1
1278,CHEMBL3754197,O[C@H](\C=C\[C@H]1COC(=O)N1CCSc2nc(cs2)C(=O)O)C3(CCC4CCCCC4)CCC3,5.88
1280,CHEMBL3752435,CC(C)(C)CCC1(CCC1)[C@H](O)\C=C\[C@H]2COC(=O)N2CCSc3nc(cs3)C(=O)O,6.83
1297,CHEMBL3805044,O[C@@H]1C[C@@H]2O[C@H](CC[C@@H]2[C@H]1CCCOc3ccccc3)c4nc(cs4)C(=O)O,5.38
1298,CHEMBL3805693,O[C@@H]1C[C@@H]2O[C@H](CC[C@@H]2[C@H]1\C=C\COc3ccccc3)c4nc(cs4)C(=O)O,6.16
1300,CHEMBL3805169,O[C@@H]1C[C@@H]2O[C@H](CC[C@@H]2[C@H]1\C=C\CCCOc3ccccc3)c4nc(cs4)C(=O)O,6.01
1301,CHEMBL3805176,O[C@@H]1C[C@@H]2O[C@H](CC[C@@H]2[C@H]1\C=C\CCOc3ccccc3)c4nc(cs4)C(=O)O,6.8
