,molecule_chembl_id,canonical_smiles,pchembl_value
0,travoprost,CC(C)OC(=O)CCC\C=C/C[C@H]1[C@@H](O)C[C@@H](O)[C@@H]1\C=C\[C@@H](O)COC1=CC(=CC=C1)C(F)(F)F,7.28399658
1,bimatoprost,CCNC(=O)CCC\C=C/C[C@H]1[C@@H](O)C[C@@H](O)[C@@H]1\C=C\[C@@H](O)CCC1=CC=CC=C1,5.3
2,latanoprost,CC(C)OC(=O)CCC\C=C/C[C@H]1[C@@H](O)C[C@@H](O)[C@@H]1CC[C@@H](O)CCC1=CC=CC=C1,6.30000019
3,dinoprost,CCCCC[C@H](O)\C=C\[C@H]1[C@H](O)C[C@H](O)[C@@H]1C\C=C/CCCC(O)=O,8.4
4,carboprost,CCCCC[C@](C)(O)\C=C\[C@H]1[C@H](O)C[C@H](O)[C@@H]1C\C=C/CCCC(O)=O,
5,tafluprost,CC(C)OC(=O)CCC\C=C/C[C@H]1[C@@H](O)C[C@@H](O)[C@@H]1\C=C\C(F)(F)COC1=CC=CC=C1,
6,CHEMBL434173,OC(CC[C@H]1[C@H](O)C[C@H](O)[C@@H]1CCCCCCC(=O)O)CNc2ccccc2,7.05
7,CHEMBL290969,O[C@H](CC[C@H]1[C@H](O)C[C@H](O)[C@@H]1CCCCCCC(=O)O)CCc2ccccc2,7.09
8,CHEMBL289373,O[C@H](CC[C@H]1[C@H](O)C[C@H](O)[C@@H]1CCCCCCC(=O)O)CCc2ccccc2F,7.12
9,CHEMBL2114230,O[C@H](CCCCc1ccccc1)\C=C\C2[C@H](O)C[C@H](O)[C@@H]2C\C=C/CCCC(=O)O,7.15
10,CHEMBL176692,Cc1cccc(SCC(O)CC[C@H]2[C@H](O)C[C@H](O)[C@@H]2CCCCCCC(=O)O)c1,7.2
11,CHEMBL440164,CP(=O)(O)CCC\C=C/C[C@H]1[C@@H](O)C[C@@H](O)[C@@H]1\C=C\[C@@H](O)COc2ccccc2,7.38
12,CHEMBL289568,O[C@H](CC[C@H]1[C@H](O)C[C@H](O)[C@@H]1CCCCCCC(=O)O)CCc2cccc(F)c2,7.38
13,CHEMBL88275,O[C@@H](CCCCc1ccccc1)\C=C\C2[C@H](O)C[C@H](O)[C@@H]2C\C=C/CCCC(=O)O,7.5
14,CHEMBL3804978,O[C@@H](COc1ccccc1)\C=C\[C@H]2[C@H](O)C[C@@H]3O[C@H](CC[C@H]23)c4nc(cs4)C(=O)O,7.5
15,CHEMBL37853,O[C@@H](COc1cccc(Cl)c1)\C=C\[C@H]2[C@H](O)C[C@H](O)[C@@H]2C\C=C/CCCC(=O)O,7.51
16,CHEMBL173499,OC(CC[C@H]1[C@H](O)C[C@H](O)[C@@H]1CCCCCCC(=O)O)CSc2cccc(F)c2,7.54
17,CHEMBL173680,OC(CC[C@H]1[C@H](O)C[C@H](O)[C@@H]1CCCCCCC(=O)O)CSc2cccc(Cl)c2,7.77
18,CHEMBL40183,CCCCC(C)(C)[C@H](O)\C=C\[C@H]1[C@H](O)C[C@H](O)[C@@H]1C\C=C/CCCC(=O)O,7.8
19,CHEMBL425681,O[C@H](CC[C@H]1[C@H](O)C[C@H](O)[C@@H]1CCCCCCC(=O)O)COc2ccccc2,7.92
20,CHEMBL369797,OC(CC[C@H]1[C@H](O)C[C@H](O)[C@@H]1CCCCCCC(=O)O)CSc2cccs2,7.96
21,CHEMBL287080,O[C@@H](CCc1cccc(c1)C(F)(F)F)\C=C\[C@H]2[C@H](O)C[C@H](O)[C@@H]2C\C=C/CCCC(=O)O,8.0
22,CHEMBL39784,O[C@H](CC[C@H]1[C@H](O)C[C@H](O)[C@@H]1CCCCCCC(=O)O)CCc2cccc(c2)C(F)(F)F,8.07
23,CHEMBL173299,OC(CC[C@H]1[C@H](O)C[C@H](O)[C@@H]1CCCCCCC(=O)O)CSc2ccccc2,8.52
24,CHEMBL36041,O[C@H](CC[C@H]1[C@H](O)C[C@H](O)[C@@H]1CCCCCCC(=O)O)COc2cccc(Cl)c2,8.59
25,CHEMBL334398,O[C@@H](COc1ccccc1)\C=C\[C@H]2[C@H](O)C[C@H](O)[C@@H]2C\C=C/CCCC(=O)O,8.7
0,CHEMBL88974,O[C@@H](CCc1ccc(cc1)N=[N+]=[N-])\C=C\[C@H]2[C@H](O)C[C@H](O)[C@@H]2C\C=C/CCCC(=O)O,6.48
2,CHEMBL315519,O[C@@H](CCc1ccc(cc1O)N=[N+]=[N-])\C=C\[C@H]2[C@H](O)C[C@H](O)[C@@H]2C\C=C/CCCC(=O)O,5.22
3,CHEMBL89096,O[C@@H](COc1cc(O)cc(c1)N=[N+]=[N-])\C=C\[C@H]2[C@H](O)C[C@H](O)[C@@H]2C\C=C/CCCC(=O)O,4.96
4,CHEMBL90450,O[C@@H](CCc1ccc(N=[N+]=[N-])c(I)c1)\C=C\[C@H]2[C@H](O)C[C@H](O)[C@@H]2C\C=C/CCCC(=O)O,6.46
5,CHEMBL815,CCCCC[C@H](O)\C=C\[C@H]1[C@H](O)C[C@H](O)[C@@H]1C\C=C/CCCC(=O)O,7.37
11,CHEMBL36817,CCCCC[C@H](O)CC[C@H]1[C@H](O)C[C@H](O)[C@@H]1CCCCCCC(=O)O,6.46
12,CHEMBL173811,OC(CC[C@H]1[C@H](O)C[C@H](O)[C@@H]1CCCCCCC(=O)O)CSc2nccs2,5.85
14,CHEMBL172250,OC(CC[C@H]1[C@H](O)C[C@H](O)[C@@H]1CCCCCCC(=O)O)CSc2cccc(c2)C(F)(F)F,6.5
21,CHEMBL336543,CCCCC[C@H](O)\C=C\[C@H]1[C@H](O)C[C@H](O)[C@@H]1C\C=C/CCCP(=O)(O)O,6.0
22,CHEMBL133945,CCCCC[C@H](O)\C=C\[C@H]1[C@H](O)C[C@H](O)[C@@H]1C\C=C/CCCP(=O)(O)CC,5.39
23,CHEMBL336781,CCCCC[C@H](O)\C=C\[C@H]1[C@H](O)C[C@H](O)[C@@H]1C\C=C/CCCP(=O)(C)O,6.51
25,CHEMBL134546,CCCCC[C@H](O)\C=C\[C@H]1[C@H](O)C[C@H](O)[C@@H]1C\C=C/CCCP(=O)O,6.94
26,CHEMBL133910,CCCCC[C@H](O)\C=C\[C@H]1[C@H](O)C[C@H](O)[C@@H]1C\C=C/CCCP(=O)(O)CCCC,5.17
30,CHEMBL125588,OC(=O)C1CC1c2ccccc2c3csc(c3)c4ccccc4OCc5ccccc5,4.66
31,CHEMBL87371,Clc1ccc(cc1Cl)c2ccccc2\C=C\C(=O)NS(=O)(=O)c3cccs3,4.77
34,CHEMBL39746,COc1ccccc1CC[C@H](O)CC[C@H]2[C@H](O)C[C@H](O)[C@@H]2CCCCCCC(=O)O,5.23
36,CHEMBL323591,O[C@@H](COc1cccc(Cl)c1)\C=C\[C@H]2[C@H](O)CC[C@H](O)[C@@H]2C\C=C/CCCC(=O)O,5.72
39,CHEMBL289660,O[C@H](CC[C@H]1[C@H](O)C[C@H](O)[C@@H]1CCCCCCC(=O)O)CCc2ccc(cc2)C(F)(F)F,5.44
42,CHEMBL416784,COc1ccc(CC[C@H](O)CC[C@H]2[C@H](O)C[C@H](O)[C@@H]2CCCCCCC(=O)O)cc1,6.54
43,CHEMBL428794,O[C@H](COc1cccc(Cl)c1)\C=C\[C@H]2[C@H](O)CC[C@H](O)[C@@H]2C\C=C/CCCC(=O)O,4.25
44,CHEMBL36901,CCc1cccc(CC[C@H](O)CC[C@H]2[C@H](O)C[C@H](O)[C@@H]2CCCCCCC(=O)O)c1,6.27
49,CHEMBL36911,O[C@H](CC[C@H]1[C@H](O)C[C@H](O)[C@@H]1CCCCCCC(=O)O)CCc2ccc(F)cc2,6.68
50,CHEMBL290571,Cc1ccc(CC[C@H](O)CC[C@H]2[C@H](O)C[C@H](O)[C@@H]2CCCCCCC(=O)O)cc1,5.36
53,CHEMBL288277,O[C@H](CC[C@H]1[C@H](O)C[C@H](O)[C@@H]1CCCCCCC(=O)O)CCc2ccccc2C(F)(F)F,5.67
56,CHEMBL286132,O[C@H](CC[C@H]1[C@H](O)C[C@H](O)[C@@H]1CCCCCCC(=O)O)CCc2cccc(c2)C#N,6.68
60,CHEMBL37244,Cc1ccccc1CC[C@H](O)CC[C@H]2[C@H](O)C[C@H](O)[C@@H]2CCCCCCC(=O)O,6.2
65,CHEMBL35715,COc1cccc(CC[C@H](O)CC[C@H]2[C@H](O)C[C@H](O)[C@@H]2CCCCCCC(=O)O)c1,5.79
66,CHEMBL350832,OC(=O)\C=C\c1ccccc1Cc2ccc(Cl)cc2Cl,4.2
68,CHEMBL423815,OC(=O)\C=C\c1ccccc1Cc2ccc3ccccc3c2,4.16
69,CHEMBL166351,OC(=O)\C=C\c1ccccc1Cc2ccc(Cl)c(Cl)c2,4.39
70,CHEMBL315391,CC(C)(Cc1ccccc1)C(=O)NS(=O)(=O)c2ccccc2c3ccc(CN4C(=O)c5ccccc5CCc6ccccc46)cc3,5.89
71,CHEMBL92539,CN(CCc1ccccc1)C(=O)NS(=O)(=O)c2ccccc2c3ccc(CN4C(=O)c5ccccc5CCc6ccccc46)cc3,5.21
72,CHEMBL314533,CC(C)(C(=O)NS(=O)(=O)c1ccccc1c2ccc(CN3C(=O)c4ccccc4CCc5ccccc35)cc2)c6ccccc6,5.3
73,CHEMBL90491,CC(C(=O)NS(=O)(=O)c1ccccc1c2ccc(CN3C(=O)c4ccccc4CCc5ccccc35)cc2)c6ccccc6,5.28
74,CHEMBL415310,CO[C@](C(=O)NS(=O)(=O)c1ccccc1c2ccc(CN3C(=O)c4ccccc4CCc5ccccc35)cc2)(c6ccccc6)C(F)(F)F,5.42
95,CHEMBL185559,O[C@@H](COc1cccc(c1)C(F)(F)F)\C=C\[C@H]2OC[C@H](O)[C@@H]2CCC\C=C/CCC(=O)O,7.17
97,CHEMBL363439,O[C@H](COc1cccc(c1)C(F)(F)F)\C=C\[C@H]2OC[C@H](O)[C@@H]2CCC\C=C/CCC(=O)O,6.11
101,CHEMBL360869,CCCCC[C@H](O)\C=C\[C@H]1OC[C@H](O)[C@@H]1C\C=C/CCCC(=O)O,5.62
104,CHEMBL182117,O[C@@H](COc1ccccc1)\C=C\[C@H]2OC[C@H](O)[C@@H]2C\C=C/CCCCC(=O)O,6.53
108,CHEMBL360862,O[C@@H](COc1cccc(Cl)c1)\C=C\[C@H]2OC[C@H](O)[C@@H]2C\C=C/CCCCC(=O)O,7.24
110,CHEMBL184264,O[C@H](COc1cccc(Cl)c1)\C=C\[C@H]2OC[C@H](O)[C@@H]2C\C=C/CCCCC(=O)O,6.71
112,CHEMBL186192,O[C@@H](COc1cccc(c1)C(F)(F)F)\C=C\[C@H]2OC[C@H](O)[C@@H]2C\C=C/CCCCC(=O)O,6.73
114,CHEMBL185466,O[C@H](COc1cccc(c1)C(F)(F)F)\C=C\[C@H]2OC[C@H](O)[C@@H]2C\C=C/CCCCC(=O)O,6.05
116,CHEMBL184249,O[C@@H](COc1ccccc1)\C=C\[C@H]2OC[C@H](O)[C@@H]2CCC\C=C/CCC(=O)O,7.24
118,CHEMBL363946,O[C@H](COc1ccccc1)\C=C\[C@H]2OC[C@H](O)[C@@H]2CCC\C=C/CCC(=O)O,6.6
120,CHEMBL183193,O[C@@H](COc1cccc(Cl)c1)\C=C\[C@H]2OC[C@H](O)[C@@H]2CCC\C=C/CCC(=O)O,7.64
122,CHEMBL433752,O[C@H](COc1cccc(Cl)c1)\C=C\[C@H]2OC[C@H](O)[C@@H]2CCC\C=C/CCC(=O)O,6.6
124,CHEMBL364375,CC(C)OC(=O)CCC\C=C\C[C@H]1[C@@H](O)C[C@@H](O)[C@@H]1CC[C@@H](O)CCc2ccccc2,7.46
126,CHEMBL185484,CC(C)OC(=O)CCC\C=C\C[C@H]1[C@@H](O)C[C@@H](O)[C@@H]1\C=C\C(O)COc2cccc(c2)C(F)(F)F,8.57
158,CHEMBL426559,CS(=O)(=O)c1cc(F)cc2c3CC[C@H](CC(=O)O)c3n(Cc4ccc(Cl)cc4)c12,5.0
160,CHEMBL426387,OC(=O)C[C@H]1CCc2c1n(Cc3ccc(Cl)cc3)c4c(Br)cc(F)cc24,4.85
163,CHEMBL240436,CCc1ccccc1N(CC(=O)NCc2ccc(Cl)cc2)S(=O)(=O)c3ccc(C)cc3,5.38
164,CHEMBL402162,CCOc1c2C(=O)N(Cc2c(OCC)c3ncccc13)c4ccc(CS(=O)(=O)NC(=O)Cc5ccccc5OC)cc4C,5.7
165,CHEMBL404199,COc1cccc(OC)c1C2(CC2)C(=O)NS(=O)(=O)Cc3ccc(N4Cc5c(OCC(F)(F)F)c6ncccc6c(OCC(F)(F)F)c5C4=O)c(C)c3,6.47
167,CHEMBL412070,CS(=O)(=O)c1cc(F)cc2c1c(C(=O)c3ccc(Cl)cc3)c4[C@@H](CC(=O)O)CCCn24,4.68
168,CHEMBL521609,Cn1cc(\C=C\C(=O)NS(=O)(=O)c2ccc(F)c(F)c2)c3c(Oc4ccc5ccccc5c4)cccc13,5.45
169,CHEMBL489310,Cn1cc(\C=C\C(=O)NS(=O)(=O)c2ccc(F)c(F)c2)c3c(Oc4ccc(Cl)c(Cl)c4)cccc13,5.62
170,CHEMBL459885,Cn1cc(\C=C\C(=O)NS(=O)(=O)c2ccc(F)c(F)c2)c3c(Oc4ccc(Cl)cc4Cl)cccc13,5.71
171,CHEMBL461390,Cn1cc(\C=C\C(=O)NS(=O)(=O)c2ccc(F)c(F)c2)c3c(Oc4ccc(F)c(Cl)c4)cccc13,5.74
172,CHEMBL475152,Cn1cc(\C=C\C(=O)NS(=O)(=O)c2ccc(F)c(F)c2)c3c(Oc4ccc(Cl)cc4F)cccc13,5.5
173,CHEMBL475348,Cn1cc(\C=C\C(=O)NS(=O)(=O)c2cc(F)c(F)cc2F)c3c(Oc4ccc(Cl)c(Cl)c4)cccc13,5.33
174,CHEMBL475349,Cn1cc(\C=C\C(=O)NS(=O)(=O)c2cc(F)c(F)cc2F)c3c(Oc4ccc(Cl)cc4Cl)cccc13,5.45
175,CHEMBL472754,Cn1cc(\C=C\C(=O)NS(=O)(=O)c2cc(F)c(F)cc2F)c3c(Oc4ccc(F)c(Cl)c4)cccc13,5.5
176,CHEMBL521777,Cn1cc(\C=C\C(=O)NS(=O)(=O)c2cc(F)c(F)cc2F)c3c(Oc4ccc(Cl)c(F)c4)cccc13,5.65
177,CHEMBL461571,C[C@@H](Oc1cccc(Cn2c(C)c(C(=O)c3ccc(Cl)cc3)c4ccc(OC(F)(F)F)cc24)c1)C(=O)O,5.56
178,CHEMBL484778,CC(C)c1nccc2c1c(Sc3ccc(Cl)c(Cl)c3)c4[C@H](CC(=O)O)CCn24,4.59
180,CHEMBL481813,CC12CCCC(=C1N(Cc3ccc4ccccc4c3)C(=O)C2)\C=C\C(=O)NS(=O)(=O)c5cc(Cl)c(Cl)s5,4.99
181,CHEMBL479633,CC12CCCC(=C1N(Cc3ccc(F)cc3)C(=O)C2)\C=C\C(=O)NS(=O)(=O)c4cc(Cl)c(Cl)s4,4.56
182,CHEMBL517377,COc1cccc(CN2C(=O)CC3(C)CCCC(=C23)\C=C\C(=O)NS(=O)(=O)c4cc(Cl)c(Cl)s4)c1,5.22
183,CHEMBL482158,CC12CCCC(=C1N(Cc3ccc(F)cc3)C(=O)C2)\C=C\C(=O)NS(=O)(=O)c4cc(F)cc(F)c4,5.38
184,CHEMBL482330,COc1cccc(CN2C(=O)CC3(C)CCCC(=C23)\C=C\C(=O)NS(=O)(=O)c4ccc(F)c(F)c4)c1,5.19
185,CHEMBL479664,CC12CCCC(=C1N(Cc3ccc(F)c(F)c3)C(=O)C2)\C=C\C(=O)NS(=O)(=O)c4ccc(F)c(F)c4,4.79
186,CHEMBL482018,CC12CCCC(=C1N(Cc3cccc(Cl)c3Cl)C(=O)C2)\C=C\C(=O)NS(=O)(=O)c4cc(F)c(F)cc4F,5.13
187,CHEMBL479439,CC12CCCC(=C1N(Cc3ccc(Cl)cc3Cl)C(=O)C2)\C=C\C(=O)NS(=O)(=O)c4cc(F)c(F)cc4F,5.12
188,CHEMBL479263,CC12CCCC(=C1N(Cc3ccc(F)c(F)c3)C(=O)C2)\C=C\C(=O)NS(=O)(=O)c4cc(F)c(F)cc4F,5.42
229,CHEMBL1081186,Cc1cn(Cc2ccc(Cl)cc2Cl)c3c(cc(F)cc13)c4onc(NS(=O)(=O)c5ccc(F)c(F)c5)c4,6.22
256,CHEMBL1084009,OC(=O)c1ccc(cc1)C2(CC2)NC(=O)c3cccc4ccn(Cc5ccc(cc5)C(F)(F)F)c34,5.19
258,CHEMBL1290413,C[C@@H](c1ccc(cc1)C(F)(F)F)n2c3[C@@H](CC(=O)O)CCCc3c4cc(F)cc(c24)S(=O)(=O)C,5.37
291,CHEMBL3805169,O[C@@H]1C[C@@H]2O[C@H](CC[C@@H]2[C@H]1\C=C\CCCOc3ccccc3)c4nc(cs4)C(=O)O,5.07
292,CHEMBL3805176,O[C@@H]1C[C@@H]2O[C@H](CC[C@@H]2[C@H]1\C=C\CCOc3ccccc3)c4nc(cs4)C(=O)O,6.42
299,CHEMBL548,CCCCC[C@H](O)\C=C\[C@H]1[C@H](O)CC(=O)[C@@H]1C\C=C/CCCC(=O)O,6.6
