,molecule_chembl_id,canonical_smiles,pchembl_value
0,fingolimod,CCCCCCCCC1=CC=C(CCC(N)(CO)CO)C=C1,9.52
1,CHEMBL183894,CCCCCCCCc1ccc2[nH]c(nc2c1)[C@@H](N)[C@@H](C)OP(=O)(O)O.OC(=O)C(F)(F)F,7.03
2,CHEMBL117031,NC(CCCCCCCCCCc1ccccc1)CCP(=O)(O)O,7.03
3,CHEMBL188881,CCCCCCCCc1ccc(cc1)c2c[nH]c(n2)C(C)(N)COP(=O)(O)O.OC(=O)C(F)(F)F,7.04
4,CHEMBL366181,CC(C)(C)Cc1ccc(cc1)c2onc(n2)c3ccc(CN4CC(C4)C(=O)O)cc3,7.05
5,CHEMBL541890,Cl.CCCCCCCCc1ccc(cc1)c2c[nH]c(n2)C(N)(CO)COP(=S)(O)O,7.05
6,CHEMBL195014,OC(=O)C1CN(Cc2ccc(cc2)c3noc(n3)c4ccc(cc4)[C@@H]5CCC(F)(F)C5)C1,7.05
7,CHEMBL3359523,CC(C)Oc1ccc(COc2ccc3c(c2)c(Cl)c4[C@@H](CC(=O)O)CCn34)cc1C(F)(F)F,7.07
8,CHEMBL184349,CCCCCCCCCc1ccc(CN2CCC(C2)P(=O)(O)O)cc1,7.07
9,CHEMBL117723,CCCCCCCCOc1c(Br)cc(CNCCCP(=O)(O)O)cc1OC,7.1
10,CHEMBL119110,CCCCCCCCCCCCCCC(N)CCP(=O)(O)O,7.12
11,CHEMBL372066,CCC(C)(C)c1ccc(cc1)c2onc(n2)c3ccc(CN4CC(C4)C(=O)O)cc3,7.13
12,CHEMBL194419,CC(C)Cc1ccc(cc1)c2onc(n2)c3ccc(CN4CC(C4)C(=O)O)cc3,7.16
13,CHEMBL193789,CCCCc1ccc(cc1)c2onc(n2)c3ccc(CN4CC(C4)C(=O)O)cc3,7.16
14,CHEMBL198415,OC(=O)C1CN(Cc2ccc(cc2)c3noc(n3)c4ccc(cc4)[C@H]5CCC(F)(F)C5)C1,7.17
15,CHEMBL198976,OC(=O)C1CN(Cc2ccc(cc2)c3noc(n3)c4ccc(cc4)C5CCCC5)C1,7.31
16,CHEMBL185491,CCCCCCCCc1ccc2[nH]c(nc2c1)[C@@H](N)COP(=O)(O)O.COC(=O)C(F)(F)F,7.32
17,CHEMBL114606,CCCCCCCCc1ccc(CCC(N)(CO)COP(=O)(O)O)cc1,7.39
18,CHEMBL118860,CCCCCCCCCc1ccc(CNCCCP(=O)(O)O)cc1,7.4
19,CHEMBL196534,OC(=O)C1CN(Cc2ccc(cc2)c3noc(n3)c4ccc(cc4)C5CCCCC5)C1,7.4
20,CHEMBL225155,CCCCCCCCCCCCC\C=C\[C@@H](O)[C@@H](N)COP(=O)(O)O,7.43
21,CHEMBL361915,CCCCCCCCc1ccc2[nH]c(nc2c1)[C@H](N)COP(=O)(O)O.COC(=O)C(F)(F)F,7.44
22,CHEMBL117910,CCCCCCCCCOc1c(Br)cc(CNCCCP(=O)(O)O)cc1OC,7.48
23,CHEMBL181597,CCCCCCCCCc1ccc(CN[C@H]2CCC[C@@H](C2)P(=O)(O)O)cc1,7.5
24,CHEMBL208838,OC(=O)C[C@@H]1CN[C@H](C1)c2ccc(cc2)c3noc(n3)c4ccc(cc4)[C@@H]5CCC(F)(F)C5,7.5
25,CHEMBL184879,CCCCCCCCCc1ccc(cc1)C2CCC(CCP(=O)(O)O)N2,7.51
26,CHEMBL474418,C[C@](N)(COP(=O)(O)O)c1nc(c[nH]1)c2ccc(OCCc3ccc(cc3)c4ccccc4)cc2,7.57
27,CHEMBL3403619,OC(=O)CC1NCCc2c1[nH]c3ccc(OCc4ccc(C5CCCC5)c(c4)C(F)(F)F)cc23,7.59
28,CHEMBL475253,C[C@](N)(COP(=O)(O)O)C(=O)Nc1ccc(OCCCCc2ccc(cc2)c3ccccc3)cc1,7.61
29,CHEMBL325193,CCCCCCCCc1ccc(CCNCCCP(=O)(O)O)cc1,7.62
30,CHEMBL113344,CCCCCCCCc1ccc(CCC(N)CC(O)P(=O)(O)O)cc1,7.64
31,CHEMBL1086170,CCCCCCCOc1ccc(CC[C@](C)(N)CCP(=O)(O)O)cc1,7.72
32,CHEMBL115554,CCCCCCCCc1ccc(CC[C@@H](N)C[C@@H](O)P(=O)(O)O)cc1,7.8
33,CHEMBL115713,CCCCCCCCc1ccc(CC[C@@H](N)C[C@H](O)P(=O)(O)O)cc1,7.8
34,CHEMBL1161691,CCCCCCCCc1ccc(CCC(N)(CO)COP(O)(O)O)cc1,7.82
35,CHEMBL117130,CCCCCCCCc1ccc(CCC(N)(CO)OP(=O)(O)O)cc1,7.82
36,CHEMBL1090796,C[C@](N)(COP(=O)(O)O)C(=O)Nc1ccc(cc1)C(=O)CCc2ccc(cc2)c3ccccc3,7.88
37,CHEMBL515917,C[C@](N)(COP(=O)(O)O)c1nc(c[nH]1)c2ccc(OCCCCc3ccccc3)cc2,7.93
38,CHEMBL3806205,CCCCCC[C@@H]1CCc2cc(ccc2C1)[C@H]3CC[C@](N)(COP(=O)(O)O)C3,7.98
39,CHEMBL514302,C[C@](N)(COP(=O)(O)O)C(=O)Nc1ccc(OCCCCc2ccccc2)cc1,7.99
40,CHEMBL475405,C[C@](N)(COP(=O)(O)O)C(=O)Nc1ccc(OCCc2ccc(cc2)c3ccccc3)cc1,7.99
41,CHEMBL473562,C[C@](N)(COP(=O)(O)O)C(=O)Nc1ccc(OCCCCC2CCCCC2)cc1,8.08
42,CHEMBL1090829,C[C@](N)(COP(=O)(O)O)c1nc(c[nH]1)c2ccc(OCCc3ccc(cc3)c4ccccc4)c(c2)C(F)(F)F,8.19
43,CHEMBL473563,C[C@](N)(COP(=O)(O)O)C(=O)Nc1ccc(OCc2ccc(cc2)c3ccccc3)cc1,8.21
44,CHEMBL1084929,CCCCCCCOc1ccc(CC[C@](C)(N)COP(=O)(O)O)cc1,8.24
45,CHEMBL473238,C[C@](N)(COP(=O)(O)O)C(=O)Nc1ccc(OCCCc2ccc(cc2)c3ccccc3)cc1,8.28
46,CHEMBL514170,C[C@](N)(COP(=O)(O)O)c1nc(c[nH]1)c2ccc(OCc3ccc(cc3)c4ccccc4)cc2,8.31
47,CHEMBL1093823,C[C@](N)(COP(=O)(O)O)c1nc(c[nH]1)c2ccc(OCc3ccc(cc3)c4ccccc4)c(c2)C(F)(F)F,8.36
48,CHEMBL475495,CCCCCCCCOc1ccc(NC(=O)[C@@](C)(N)COP(=O)(O)O)cc1,8.4
49,CHEMBL473156,C[C@](N)(COP(=O)(O)O)C(=O)Nc1ccc(OCCCCCc2ccccc2)cc1,8.44
50,CHEMBL515921,CCCCCCCCOc1ccc(NC(=O)[C@@](C)(N)COP(=O)(O)O)cc1F,8.46
51,CHEMBL1093429,C[C@](N)(COP(=O)(O)O)C(=O)Nc1ccc(OCCc2ccc(cc2)c3ccccc3)c(c1)C(F)(F)F,8.47
52,CHEMBL473269,CCCCCCCCOc1ccc(cc1F)c2c[nH]c(n2)[C@@](C)(N)COP(=O)(O)O,8.72
53,CHEMBL474688,CCCCCCCCOc1ccc(NC(=O)[C@@](C)(N)COP(=O)(O)O)c(F)c1,8.75
54,CHEMBL432067,CCCCCCCCc1ccc(CCC(N)COP(=O)(O)O)cc1,8.77
55,CHEMBL470511,C[C@](N)(COP(=O)(O)O)c1nc(c[nH]1)c2ccc(OCCCCCc3ccccc3)cc2,8.91
56,CHEMBL474689,CCCCCCCCOc1ccc(cc1)c2c[nH]c(n2)[C@@](C)(N)COP(=O)(O)O,8.96
57,CHEMBL190006,CCCCCCCCc1ccc(CC[C@@](N)(CO)COP(=O)(O)O)cc1,9.16
1,CHEMBL332050,CCCCCCCCc1ccc(NC(=O)[C@@H](N)COP(=O)(O)O)cc1.OC(=O)C(F)(F)F,6.04
3,CHEMBL115344,CCCCCCc1ccc(NC(=O)[C@H](N)COP(=O)(O)O)cc1.OC(=O)C(F)(F)F,6.06
6,CHEMBL422074,CCCCCCCCc1ccc(NC(=O)[C@H](N)COP(=O)(O)O)cc1.OC(=O)C(F)(F)F,6.3
9,CHEMBL116953,CCCCCCCCCCCCc1ccc(NC(=O)[C@H](N)COP(=O)(O)O)cc1.OC(=O)C(F)(F)F,5.85
10,CHEMBL334038,CCCCCCCCCCc1ccc(NC(=O)[C@H](N)COP(=O)(O)O)cc1.OC(=O)C(F)(F)F,6.35
12,CHEMBL114031,CCCCCCc1ccc(NC(=O)[C@@H](N)COP(=O)(O)O)cc1.OC(=O)C(F)(F)F,5.82
17,CHEMBL114976,CCCCCCCCc1ccc(CC[C@H](N)C[C@@H](O)P(=O)(O)O)cc1,6.3
18,CHEMBL91283,CCCCCCCCc1ccc(CCC(N)\C=C\P(=O)(O)O)cc1.CCCCCCCCc2ccc(CCC(N)C(O)CP(=O)(O)O)cc2,6.85
22,CHEMBL112655,CCCCCCCCc1ccc(CCC(N)C(O)CP(=O)(O)O)cc1,6.85
23,CHEMBL114584,CCCCCCCCc1ccc(CCC(N)(CO)CCP(=O)(O)O)cc1,6.68
25,CHEMBL115714,CCCCCCCCc1ccc(CC[C@H](N)C[C@H](O)P(=O)(O)O)cc1,6.06
26,CHEMBL325198,CCCCCCCCc1ccc(CCC(N)CCP(=O)(O)O)cc1,6.62
30,CHEMBL334213,CCCCCCCCCCCCCCNCCCP(=O)(O)O,6.85
31,CHEMBL115738,CCCCCCCCCCCCCCCCNCCCP(=O)(O)O,6.1
32,CHEMBL116140,CCCCCCCCCc1ccc(CNCC(O)CC(=O)O)cc1,5.85
33,CHEMBL118265,CCCCCCCCCCCCCNCCCP(=O)(O)O,6.7
35,CHEMBL119516,CCCCCCCCCc1ccc(CNCCC(F)(F)C(=O)O)cc1,5.4
36,CHEMBL119760,CCCCCCCCCCCCCC(N)CCP(=O)(O)O,6.85
38,CHEMBL118068,CCCCCCCCCc1ccc(CNCCC(O)C(=O)O)cc1,5.92
39,CHEMBL334144,CCCCCCCCCCCCCCCC(N)CCP(=O)(O)O,5.85
40,CHEMBL117973,CCCCCCCCCCCCCCCNCCCP(=O)(O)O,6.64
41,CHEMBL119349,OP(=O)(O)CCCNCCCCCCCCCCc1ccccc1,6.85
42,CHEMBL424254,CCCCCCCCCc1ccc(CNCC(F)CC(=O)O)cc1,6.22
43,CHEMBL119562,CCCCCCCCCCCCNCCCP(=O)(O)O,6.19
44,CHEMBL119233,CCCCCCCc1ccc(CCCNCCCP(=O)(O)O)cc1,6.08
52,CHEMBL432809,CCCCCCCCCc1ccc(CNCCCP(=O)(C)O)cc1,6.23
54,CHEMBL421234,CCCCCCCCCCCCC(N)CCP(=O)(O)O,5.6
55,CHEMBL1160958,CCCCCCCCCc1ccc(CNCCCP(O)O)cc1,6.05
56,CHEMBL185447,CCCCCCCCCCCCCCN1CCCC1CCP(=O)(O)O,6.06
57,CHEMBL363008,CCCCCCCCCCCCCCN1CCC(C1)C(O)P(=O)(O)O,6.82
58,CHEMBL184237,CCCCCCCCCCCCCCN1CCC(O)(C1)P(=O)(O)O,6.04
60,CHEMBL187692,CCCCCCCCCCCCCC1CCCC(CCP(=O)(C)O)N1,6.51
62,CHEMBL187588,CCCCCCCCCCCCCC[C@H]1CC[C@H](CCP(=O)(O)O)N1,6.92
64,CHEMBL184591,CCCCCCCCCCCCCCNC1CCC(C1)P(=O)(O)O,5.2
65,CHEMBL186921,CCCCCCCCCCCCCCNC1CCCC(C1)P(=O)(O)O,6.12
73,CHEMBL186815,CCCCCCCCc1ccc2[nH]c(nc2c1)[C@H](N)CO.OC(=O)C(F)(F)F,5.8
76,CHEMBL183888,CCCCCCCCc1ccc2[nH]c(nc2c1)[C@@H](N)[C@@H](C)O.OC(=O)C(F)(F)F,4.48
82,CHEMBL433593,CCCCCCCCc1ccc2[nH]c(nc2c1)C(C)(N)COP(=O)(O)O.OC(=O)C(F)(F)F,5.92
84,CHEMBL363076,CCCCCCCCc1ccc2[nH]c(nc2c1)[C@@H](N)CO.OC(=O)C(F)(F)F,5.38
85,CHEMBL188826,CCCCCCCCc1ccc(cc1)c2c[nH]c(n2)[C@@H](N)COP(=S)(O)O.OC(=O)C(F)(F)F,6.72
91,CHEMBL364950,CCCCCCCCc1ccc(cc1)c2c[nH]c(n2)C(C)(N)COP(=S)(O)O.OC(=O)C(F)(F)F,6.77
93,CHEMBL537632,Cl.CCCCCCCCc1ccc(cc1)c2c[nH]c(n2)C(N)(CO)CO,6.18
95,CHEMBL537849,Cl.CCCCCCCCc1ccc(cc1)c2c[nH]c(n2)C(N)(CO)COP(=O)(O)O,6.8
103,CHEMBL187712,CCCCCCCCc1ccc(cc1)c2c[nH]c(n2)[C@H](N)COP(=O)(O)O.OC(=O)C(F)(F)F,6.4
105,CHEMBL190529,CCCCCCCCc1ccc(cc1)c2c[nH]c(n2)[C@H](N)CO.OC(=O)C(F)(F)F,5.13
107,CHEMBL190865,CCCCCCCCc1ccc(cc1)c2c[nH]c(n2)[C@@H](N)COP(=O)(O)O.OC(=O)C(F)(F)F,6.82
111,CHEMBL366208,CCCCCCCCc1ccc(CC[C@](N)(CO)COP(=O)(O)O)cc1,9.22
113,CHEMBL196149,CC(C)(C)c1ccc(cc1)c2oc(nn2)c3ccc(CN4CC(C4)C(=O)O)cc3,5.37
114,CHEMBL364899,CC(C)(C)c1ccc(cc1)c2noc(n2)c3ccc(CN4CC(C4)C(=O)O)cc3,6.19
115,CHEMBL195141,CC(C)(C)c1ccc(cc1)c2onc(n2)c3ccc(CN4CC(C4)C(=O)O)cc3,6.43
117,CHEMBL194578,CCCc1ccc(cc1)c2onc(n2)c3ccc(CN4CC(C4)C(=O)O)cc3,6.82
123,CHEMBL196357,CC(C)Oc1ccc(cc1)c2onc(n2)c3ccc(CN4CC(C4)C(=O)O)cc3,6.43
125,CHEMBL194898,OC(=O)C1CN(Cc2ccc(cc2)c3noc(n3)c4ccc(cc4)C5CCC5)C1,6.28
128,CHEMBL195025,OC(=O)C1CN(Cc2ccc(cc2)c3noc(n3)c4ccc(cc4)c5ccccc5)C1,6.62
129,CHEMBL381872,OC(=O)C1CN(Cc2ccc(cc2)c3noc(n3)c4ccc(CCC(F)(F)F)cc4)C1,6.37
132,CHEMBL199791,CCCCCCCCCC\C=C\[C@@H](O)[C@@H](N)COP(=O)(O)O,8.9
134,CHEMBL382739,CCCCCCCOc1ccc(CC[C@@](C)(N)COP(=O)(O)O)cc1,8.9
135,CHEMBL199754,N[C@@H](COP(=O)(O)O)[C@H](O)\C=C\CCCCCCCCCCNc1ccc(c2nonc12)[N+](=O)[O-],7.2
138,CHEMBL203475,C[C@@](N)(CCc1ccc(OCCCCCCCCNc2ccc(c3nonc23)[N+](=O)[O-])cc1)COP(=O)(O)O,7.7
140,CHEMBL207580,CC(C)Cc1ccc(cc1)c2onc(n2)c3ccc(cc3)[C@H]4CC[C@H](N4)C(=O)O,6.0
141,CHEMBL427221,CC(C)Cc1ccc(cc1)c2onc(n2)c3ccc(cc3)[C@@H]4CC[C@H](N4)C(=O)O,6.52
142,CHEMBL210352,CC(C)Cc1ccc(cc1)c2onc(n2)c3ccc(cc3)[C@H]4CC[C@@H](CC(=O)O)N4,6.0
143,CHEMBL210785,CC(C)Cc1ccc(cc1)c2onc(n2)c3ccc(cc3)[C@@H]4CC[C@@H](CC(=O)O)N4,6.16
144,CHEMBL377637,CC(C)Cc1ccc(cc1)c2onc(n2)c3ccc(cc3)[C@H]4CC[C@@H](CCC(=O)O)N4,6.27
145,CHEMBL210468,CC(C)Cc1ccc(cc1)c2onc(n2)c3ccc(cc3)[C@@H]4CC[C@@H](CCC(=O)O)N4,6.2
146,CHEMBL210520,OC(=O)C[C@@H]1CC[C@@H](N1)c2ccc(cc2)c3noc(n3)c4ccc(cc4)C5CCCCC5,6.46
147,CHEMBL210782,OC(=O)C[C@@H]1CC[C@@H](N1)c2ccc(cc2)c3noc(n3)c4ccc(cc4F)C5CCCC5,5.85
148,CHEMBL426688,OC(=O)C[C@@H]1CC[C@@H](N1)c2ccc(cc2)c3noc(n3)c4ccc(C5CCCC5)c(F)c4,5.68
149,CHEMBL210257,OC(=O)C[C@@H]1CC[C@@H](N1)c2ccc(cc2)c3noc(n3)c4ccc(cc4)[C@H]5CCC(F)(F)C5,6.14
150,CHEMBL209076,OC(=O)C[C@@H]1CC[C@@H](N1)c2ccc(cc2)c3noc(n3)c4ccc(cc4)[C@@H]5CCC(F)(F)C5,6.24
179,CHEMBL208648,OC(=O)C[C@@H]1CN[C@H](C1)c2ccc(cc2)c3noc(n3)c4ccc(cc4)C5CCC(F)(F)CC5,6.96
182,CHEMBL425602,OC(=O)C[C@@H]1CN[C@H](C1)c2ccc(cc2)c3noc(n3)c4ccc(CCC(F)(F)F)cc4,6.64
183,CHEMBL377828,OC(=O)C[C@@H]1CN[C@H](C1)c2ccc(cc2)c3noc(n3)c4ccc(cc4)C5CCCCC5,6.96
184,CHEMBL211006,OC(=O)C[C@@H]1CN[C@H](C1)c2ccc(cc2)c3noc(n3)c4ccc(cc4)C5CCCC5,6.92
185,CHEMBL378061,CC(C)Cc1ccc(cc1)c2onc(n2)c3ccc(cc3)[C@H]4C[C@@H](CC(=O)O)CN4,6.8
186,CHEMBL378300,CC(C)Cc1ccc(cc1)c2onc(n2)c3ccc(cc3)[C@H]4C[C@H](CC(=O)O)CN4,6.82
187,CHEMBL377855,OC(=O)CC1CNC(C1)c2ccc(OCc3cc(c4ccccc4)c(s3)C(F)(F)F)cc2,6.41
188,CHEMBL377968,OC(=O)C1CNC(C1)c2ccc(OCc3cc(c4ccccc4)c(s3)C(F)(F)F)cc2,5.57
190,CHEMBL425563,OC(=O)C1CN(Cc2ccc(OCc3cc(c4ccccc4)c(s3)C(F)(F)F)cc2)C1,5.8
195,CHEMBL224623,CCCCCCCCCc1ccc(CN2CC(C2)C(=O)O)cc1,5.27
196,CHEMBL224703,CCCCCCCCCc1ccc(CN2CCC(C2)C(=O)O)cc1,5.6
202,CHEMBL426191,OC(=O)C1CN(Cc2cc(Cl)c(OCc3cc(c4ccccc4)c(s3)C(F)(F)F)c(Cl)c2)C1,6.19
203,CHEMBL224853,Cc1cc(CN2CC(C2)C(=O)O)cc(C)c1OCc3cc(c4ccccc4)c(s3)C(F)(F)F,6.92
204,CHEMBL224800,COc1cc(CN2CC(C2)C(=O)O)ccc1OCc3cc(c4ccccc4)c(s3)C(F)(F)F,5.55
206,CHEMBL224005,Cc1cc(CN2CC(C2)C(=O)O)ccc1OCc3cc(c4ccccc4)c(s3)C(F)(F)F,5.82
207,CHEMBL389880,OC(=O)C1CN(Cc2ccc(OCc3cc(c4ccccc4)c(s3)C(F)(F)F)c(F)c2)C1,5.57
208,CHEMBL224571,OC(=O)C1CN(Cc2ccc(OCc3cc(c4ccccc4)c(s3)C(F)(F)F)c(Cl)c2)C1,5.89
209,CHEMBL224599,OC(=O)C1CN(Cc2ccc(OCc3cc(c4ccccc4)c(s3)C(F)(F)F)c(Br)c2)C1,5.62
210,CHEMBL224549,OC(=O)C1CN(Cc2ccc(OCc3cc(c4ccccc4)c(s3)C(F)(F)F)c(c2)C(F)(F)F)C1,6.47
211,CHEMBL224799,OC(=O)C1CCN(Cc2ccc(OCc3cc(c4ccccc4)c(s3)C(F)(F)F)cc2)C1,6.1
213,CHEMBL225575,OC(=O)C1CN(Cc2ccc(cc2)c3noc(n3)c4cc(c5ccccc5)c(s4)C(F)(F)F)C1,5.0
216,CHEMBL228138,CCCCCCCCc1cccc(NC[C@H](N)CCP(=O)(O)O)c1,6.47
218,CHEMBL228049,CCCCCCc1ccc(OC[C@H](N)CCP(=O)(O)O)cc1,6.82
219,CHEMBL228103,CCCCCCc1ccc(OC[C@@H](N)CCP(=O)(O)O)cc1,6.83
220,CHEMBL226612,CCCCCCCCCCc1ccc(NC(=O)[C@H](N)CC(F)OP(=O)(O)O)cc1,6.77
223,CHEMBL389033,CCCCCCCCc1cccc(NC(=O)[C@H](N)CCP(=O)(O)O)c1,5.22
225,CHEMBL227851,CCCCCCCCc1ccc(NC(=O)[C@H](N)CCP(=O)(O)O)cc1,5.64
226,CHEMBL228139,CCCCCCCCCCc1ccc(NC(=O)[C@H](N)CCP(=O)(O)O)cc1,6.64
227,CHEMBL227371,CCCCCCCCc1ccc(NC(=O)[C@H](N)COP(=O)(O)O)cc1,6.92
228,CHEMBL228102,CCCCCCCCc1cccc(NC(=O)[C@H](N)COP(=O)(O)O)c1,6.3
244,CHEMBL247901,CCCCCCCCc1ccc(cc1)[C@@H]2C[C@@H](CO)N[C@H]2COP(=O)(O)O,7.48
245,CHEMBL247699,CCCCCCCCc1ccc(cc1)[C@@H]2C[C@@H](COP(=O)(O)O)N[C@H]2CO,7.78
246,CHEMBL247698,CCCCCCCCc1ccc(cc1)[C@H]2C[C@H](CO)N[C@@H]2COP(=O)(O)O,6.46
247,CHEMBL393055,CCCCCCCCc1ccc(cc1)[C@H]2C[C@H](COP(=O)(O)O)N[C@@H]2CO,8.13
259,CHEMBL515603,C[C@](N)(COP(=O)(O)O)C(=O)Nc1ccc(Oc2ccc(cc2)c3ccccc3)cc1,6.91
307,CHEMBL590135,Cc1nn(C(=O)\C=C\c2cccc(c2)S(=O)(=O)N)c3C[C@@H]4[C@H](c13)C4(C)C,6.94
309,CHEMBL590383,Cc1nn(C(=O)\C=C\c2ccncc2)c3C[C@@H]4[C@H](c13)C4(C)C,7.0
310,CHEMBL590384,Cc1nn(C(=O)\C=C\c2cccnc2)c3C[C@@H]4[C@H](c13)C4(C)C,7.0
311,CHEMBL601062,Cc1nn(C(=O)\C=C\c2cccc3[nH]ccc23)c4C[C@@H]5[C@H](c14)C5(C)C,6.25
331,CHEMBL1077288,CCCCCCCOc1ccc(CC[C@](C)(N)CCC(=O)O)cc1,6.1
332,CHEMBL1086171,CCCCCCCOc1ccc(CC[C@](C)(N)C(=O)O)cc1,6.85
333,CHEMBL1086172,CCCCCCCOc1ccc(CC[C@](C)(N)CC(=O)O)cc1,6.92
334,CHEMBL1085191,CCCCCCCOc1ccc(CC[C@](C)(N)CCc2nnn[nH]2)cc1,6.17
335,CHEMBL1083841,CCCCCCCOc1ccc(CC[C@](C)(N)CCN2CC(=O)NS2(=O)=O)cc1,5.77
345,CHEMBL1091103,CCCCCCCCc1ccc2C[C@@H](CCc2c1)C(N)(CO)COP(=O)(O)O,8.27
347,CHEMBL1093686,CCCCCCCCc1ccc2C[C@H](CCc2c1)[C@@](C)(N)COP(=O)(O)O,7.8
348,CHEMBL1095833,CCC\N=C\1/S\C(=C/c2ccc(OC[C@@H](O)CO)c(Cl)c2)\C(=O)N1c3ccccc3C,5.96
355,CHEMBL1502358,O=C(C=C=Nc1ccccc1)C(=O)N=C=Cc2ccccc2,5.34
356,CHEMBL1446971,CCOc1cc(\C=C/[N+](=O)[O-])ccc1OCC(=O)Nc2ccccc2C,5.74
357,CHEMBL1603615,FC(F)(F)COc1cc(NC(=O)Nc2ccccc2)cc(OCC(F)(F)F)c1,7.08
358,CHEMBL1309232,COc1ccc(NC(=O)\C(=C(\Cl)/S(=O)(=O)Cc2ccc(C)cc2)\Cl)cn1,4.81
359,CHEMBL1486934,CCCS(=O)(=O)c1nnnn1c2cccc(OC)c2,5.35
360,CHEMBL1569585,COC(=O)[C@@]1(Cc2ccc(F)cc2)[C@@H]3C(=CC(=O)C3=C)CN1C(=O)c4ccccc4,5.43
361,CHEMBL1415555,Cc1cccc(C)c1NC(=O)c2oc(cc2)c3ccc(Cl)cc3Cl,7.41
362,CHEMBL1543295,Clc1ccc(cc1Cl)S(=O)(=O)c2snnc2c3ccccc3,4.97
363,CHEMBL1369655,COc1ccc(NC(=O)\C(=C(\Cl)/S(=O)(=O)Cc2ccccc2)\Cl)cn1,5.28
364,CHEMBL1369594,Clc1ccc(\C=C(\C(=O)c2cccs2)/c3nc4ccccc4[nH]3)cc1,6.13
365,CHEMBL1487635,Cc1ccc(cc1)S(=O)(=O)Nc2cccc3cccnc23,6.26
366,CHEMBL1429929,CCOC(=O)CCS(=O)(=O)c1nc(cc(n1)C(F)(F)F)c2ccccc2,5.45
367,CHEMBL1370681,COC(=O)CCS(=O)(=O)c1nc(cc(n1)C(F)(F)F)c2ccccc2,5.46
368,CHEMBL1413680,[O-][N+](=O)c1cnc(Sc2ccncn2)s1,5.76
369,CHEMBL1362503,CCOC(=O)C(=Cc1ccc(Br)cc1)C(=O)OCC,6.05
370,CHEMBL1331049,CC(C)c1cc(O)c(C)cc1NC(=O)\C=C\c2ccccc2,6.47
371,CHEMBL1449794,Cc1ccccc1CS(=O)(=O)c2oc(nn2)[C@H](Cc3ccccc3)NC(=O)OC(C)(C)C,5.46
372,CHEMBL1341981,CC(C)C[C@H](NC(=O)OC(C)(C)C)c1oc(nn1)S(=O)(=O)Cc2ccccc2C,5.54
374,CHEMBL1450393,CCCC(=O)N(C1CC(C)C(C#N)(C#N)C1(C#N)C#N)N(C)C,5.01
375,CHEMBL1529115,Cc1ccc(NC(=O)C2=C(c3ccccc3)S(=O)(=O)CCS2(=O)=O)cc1,5.43
376,CHEMBL1439384,COc1ccc(c(n1)S(=O)(=O)c2ccc(Cl)cc2)[N+](=O)[O-],5.94
377,CHEMBL1390139,[O-][N+](=O)c1cc(ccc1Sc2nc3ccccc3[nH]2)S(=O)(=O)C(F)(F)F,6.11
378,CHEMBL1424562,[O-][S+](c1ccc(Cl)cc1)c2snnc2C(=O)Nc3ccccc3,4.92
379,CHEMBL1299526,COc1cc(NC(=O)CN2N=CC(=C(Cl)C2=O)Cl)c(C)cc1[N+](=O)[O-],5.17
380,CHEMBL1412583,CCOC(=O)\C(=C/c1ccc(OC(F)F)cc1)\C2=Nn3c(SC2)nnc3c4ccc(Cl)cc4,6.47
381,CHEMBL1333510,Clc1ccc(cc1)S(=O)(=O)c2snnc2C(=O)Nc3ccccc3,4.95
382,CHEMBL213580,COc1ccc(c(n1)S(=O)(=O)c2ccccc2)[N+](=O)[O-],5.85
383,CHEMBL1334984,Fc1cccc(F)c1C(=O)OCN2N=CC(=C(Br)C2=O)Br,4.05
386,CHEMBL518292,CC1(C)C[C@H]2C=C(C=O)[C@@]3(C[C@]3(C)[C@H]2C1)C=O,6.6
389,CHEMBL1438636,CC(=O)CN1N=CC(=C(Br)C1=O)Br,5.37
390,CHEMBL1595015,[O-][N+](=O)c1ccc2C(=O)N(C(=O)c3cccc1c23)c4ccccn4,6.13
391,CHEMBL1419909,Cc1ccnc(c1)N2C(=O)c3cccc4c(ccc(C2=O)c34)[N+](=O)[O-],5.79
392,CHEMBL1979747,Cc1c(\C=N\Nc2nc3ccccc3[nH]2)c4ccccc4n1C,5.76
393,CHEMBL1537489,CN[C@H]1C[C@H]2O[C@@](C)([C@H]1OC)n3c4ccccc4c5c6CNC(=O)c6c7c8ccccc8n2c7c35,6.74
394,CHEMBL1340619,Cc1ccc(C)c(c1)C(=O)CN2N=CC(=C(Cl)C2=O)Cl,5.52
395,CHEMBL1981103,CC(C)CC1NC(=O)C23C(C=C(C)C(C)C12)\C=C(/C)\CCC(O)C(O)\C=C\C3=O,6.19
396,CHEMBL610198,ClC1=C(Cl)C(=O)N(N=C1)c2ccccc2,5.73
397,CHEMBL1566808,CN(CCC#N)C(=O)COC(=O)c1ccccc1C(=O)c2ccc(Cl)c(c2)[N+](=O)[O-],5.63
398,CHEMBL1370884,O=S1(=O)C=C(Sc2nc3ccccc3s2)c4ccccc14,6.32
399,CHEMBL1340713,[I-].COC(=O)c1ccc2c(c1)C(C)(C)C(=[N+]2C)\C=C\c3ccc(O)cc3,6.16
400,CHEMBL579318,Cc1oc2C(=O)c3ccccc3C(=O)c2c1C(=O)NCc4cccnc4,6.24
401,CHEMBL1605956,CCOC(=O)c1ccc(NC(=O)CN2N=CC(=C(Cl)C2=O)Cl)cc1,5.83
403,CHEMBL1301125,COC(=O)C[C@@]1(CN(C#N)N(c2ccc(Cl)cc2)C13c4ccccc4c5ccccc35)C(=O)OC,6.47
405,CHEMBL1526855,CC(=O)N(C1CCCCC1)C2=C(Cl)C(=O)c3ccccc3C2=O,5.69
408,CHEMBL2000517,Oc1ccc(NC2=C\C(=N\S(=O)(=O)c3cccs3)\c4ccccc4C2=O)cc1,5.78
412,CHEMBL1500227,CC(=O)n1cc(N(C(=O)CCl)c2ccc(C)cc2)c3ccccc13,5.89
413,CHEMBL1382558,[O-][N+](=O)c1oc(cc1)C(=O)Nc2ccc(cc2)N3CCN(CC3)C(=O)c4ccccc4,5.79
414,CHEMBL1440300,[O-][S+](\C(=C(/Cl)\C(=O)Nc1ccccc1Cl)\Cl)c2ccccc2,6.27
415,CHEMBL1558021,ClC1=C(Cl)C(=O)N(CC(=O)N2CCN(Cc3ccccc3)CC2)N=C1,5.46
416,CHEMBL1608392,CN(c1ccccc1)c2ccc(\C=C\[N+](=O)[O-])cc2,5.93
417,CHEMBL1480031,CS(=O)(=O)c1ncc(Cl)c(n1)C(=O)Nc2ccc3ccccc3c2,5.68
418,CHEMBL1361821,CCOC(=O)COc1ccccc1\C=C/[N+](=O)[O-],6.02
419,CHEMBL1343392,Cc1ccc(cc1)C(=O)OCN2N=CC(=C(Cl)C2=O)Cl,5.9
422,CHEMBL1540377,ClC1=C(Cl)C(=O)N(CC(=O)N2CCN(CC2)S(=O)(=O)c3ccc4ccccc4c3)N=C1,5.82
423,CHEMBL1303810,Clc1ccccc1C(=O)OCN2N=CC(=C(Br)C2=O)Br,5.76
424,CHEMBL1540682,COC(=O)C1CN(C#N)N(c2ccc(Cl)cc2)C13c4ccccc4c5ccccc35,6.5
425,CHEMBL1374788,CCc1ccccc1NC(=O)CN(C)C(=O)CN2N=CC(=C(Cl)C2=O)Cl,5.68
426,CHEMBL1344225,COc1ccc(NC(=O)\C(=C(\Cl)/[S+]([O-])Cc2ccc(C)cc2)\Cl)cn1,6.4
431,CHEMBL1493442,COc1ccc(Oc2cc(NC(=O)c3nn(C)cc3[N+](=O)[O-])cc(c2)[N+](=O)[O-])cc1,5.97
432,CHEMBL1424697,Cc1ccc(cc1)c2nc(NC(=O)c3nn(C)cc3[N+](=O)[O-])sc2C,5.97
435,CHEMBL1572001,CC(C)(C)c1ccc(cc1)N2N=C(C#N)C(=CC2=O)Cl,5.73
437,CHEMBL1385784,CC(=O)n1cc(N(C(=O)CCl)c2ccc(Cl)cc2)c3ccccc13,6.17
438,CHEMBL1533279,Clc1ccc(cc1)C2=CC(=O)N(Nc3ccccc3)C2=O,5.71
439,CHEMBL1410897,CC(C)c1nnc(NC(=O)CCS(=O)(=O)c2nc(cc(n2)C(F)(F)F)c3cccs3)s1,5.96
440,CHEMBL1610831,OC(CC(=O)\C=C\c1ccccc1)(c2ccccc2)C(F)(F)F,5.71
441,CHEMBL1503962,[I-].COC(=O)c1ccc2c(c1)C(C)(C)C(=[N+]2C)\C=C\c3ccccc3O,6.1
442,CHEMBL131037,COc1ccc(OC)c2C(=O)C(=C(Cl)C(=O)c12)Cl,5.7
444,CHEMBL1425921,Cc1ccc(cc1C)c2nc(NC(=O)c3nn(C)cc3[N+](=O)[O-])sc2C,6.0
446,CHEMBL1521989,COc1cc(\C=C(\C)/[N+](=O)[O-])ccc1OCc2ccccc2Cl,6.14
447,CHEMBL1465592,CC(C)(C)C(=O)\C(=C/c1cccc(c1)[N+](=O)[O-])\n2cncn2,6.12
448,CHEMBL1337227,ClC1=C(Cl)C(=O)N(CC(=O)N2CCc3ccccc23)N=C1,5.79
449,CHEMBL1529188,Cc1cc(NC(=O)c2oc(cc2)[N+](=O)[O-])ccc1NC(=O)c3occc3,5.73
450,CHEMBL1426792,COc1ccc(cc1)C(=O)\C(=C/c2occc2)\N3C=CC=CC3=C(C#N)C#N,5.7
451,CHEMBL1544423,CCc1ccc2NC(=O)\C(=C/C(=O)c3cccs3)\c2c1,5.84
452,CHEMBL1364999,Cc1cc(c2ccccc2[n+]1[O-])[N+](=O)[O-],6.66
454,CHEMBL1365696,CCC(C)[C@@H](NC(=O)OC(C)(C)C)c1oc(nn1)S(=O)(=O)Cc2cccc(C)c2,5.58
455,CHEMBL1423626,Oc1nnc(Sc2ncc(s2)[N+](=O)[O-])n1CC=C,5.58
456,CHEMBL51931,O=C1C(=O)c2ccccc2c3ccccc13,5.69
457,CHEMBL1535546,CN1\C(=C\C(=O)c2nc(ncc2Cl)S(=O)(=O)C)\C(C)(C)c3ccccc13,5.88
458,CHEMBL1496231,COC(CNC(=O)c1ccc2C(=O)c3ccccc3c4onc1c24)OC,5.79
460,CHEMBL1507537,COc1ccc(cc1)N2N=CC(=C(Cl)C2=O)Cl,5.68
461,CHEMBL1613578,OCC(O)CSc1cc(NC(=O)CCl)cc(c1)[N+](=O)[O-],5.88
462,CHEMBL1585527,Oc1c(ccc2cccnc12)C(N3CCCC3)c4ccccc4Cl,5.65
463,CHEMBL1332881,[O-][N+](=O)c1ccc2C(=O)N(CC3CCCO3)C(=O)c4cccc1c24,5.89
466,CHEMBL1485168,Cc1ccc(s1)S(=O)(=O)Nc2cccc3ncccc23,6.21
467,CHEMBL1563483,CCCCS(=O)(=O)\C=C/C=C\S(=O)(=O)CCCC,5.89
468,CHEMBL1468847,ClC1=C(Cl)C(=O)N(CC(=O)c2ccc(Cl)cc2)N=C1,5.67
469,CHEMBL1485010,Fc1ccc(cc1)C(=O)OCN2N=CC(=C(Br)C2=O)Br,5.78
471,CHEMBL1547643,OC(CC(=O)\C=C\c1ccccc1)(c2ccccc2)C(F)(F)C(F)F,5.77
473,CHEMBL1367316,COc1cccc(c1)n2nnnc2S(=O)(=O)C,5.9
474,CHEMBL586135,Cc1ccc(Nc2cc(C)nn2c3nc(C)cc(O)n3)cc1,6.77
475,CHEMBL1430895,CS(=O)(=O)c1nc(cc(n1)C(F)(F)F)c2cccs2,6.01
476,CHEMBL171699,NC(=S)c1cn([C@@H]2O[C@H](CO)[C@@H](O)[C@H]2O)c3ncnc(N)c13,6.38
477,CHEMBL1334062,CN1N=C(N=C2C(=O)N(C)C(=O)N=C12)c3ccc(Cl)cc3,6.4
479,CHEMBL1432251,COc1ccc(CS(=O)(=O)\C(=C(\Cl)/C(=O)Nc2ccc(OC)nc2)\Cl)cc1,6.07
480,CHEMBL1486546,ClC1=C(Cl)C(=O)N(CC(=O)N2CC(=O)Nc3ccccc23)N=C1,5.5
481,CHEMBL1999049,CCN1C(=C(S/C/1=N\S(=O)(=O)c2ccccc2)C=O)Cl,5.83
482,CHEMBL1447306,CC1=NNC(=O)/C/1=C\c2cn(nc2c3ccccc3)c4ccccc4,5.7
483,CHEMBL1492648,CS(=O)(=O)c1nc(cc(n1)C(F)(F)F)c2ccccc2,5.96
484,CHEMBL1447076,NS(=O)(=O)c1ccc(cc1)N2N=C(CC2c3ccc(F)cc3)c4ccc(Br)cc4,5.48
488,CHEMBL1419836,CC(C)N1C(=N)C(=CC2=C1N=C3C=CC=CN3C2=O)C(=O)NCCc4ccccc4,5.24
489,CHEMBL3195883,C\N=C/1\S\C(=C/c2cc(C)n(c2C)c3ccccc3F)\C(=O)N1C,6.07
490,CHEMBL1537481,COc1ccc(cc1OC)c2c3CCc4ccccc4c3nc(N)c2C#N,4.36
491,CHEMBL1605463,COc1ccc(cc1)C2CC(=NN2c3ccc(C=O)cc3)c4cccs4,5.06
492,CHEMBL1300662,C=CCN1C(=O)C(=CC2=C1N=C3C=CC=CN3C2=O)C#N,5.21
494,CHEMBL1537907,Clc1ccc(cc1)N2N=C(CC2c3occc3)c4cccs4,5.04
495,CHEMBL1341200,Cc1cccc(c1)N2C(=O)C(=CC3=C2N=C4C=CC=CN4C3=O)C#N,5.39
497,CHEMBL1577139,Clc1ccc(\C=C/c2[nH]ccc3c4ccccc4nc23)cc1,5.36
498,CHEMBL1993778,C\C(=N\NC(=S)N)\C1=Cc2ccc(O)cc2OC1=O,4.93
500,CHEMBL1342332,Cc1ccccc1N2C(=O)C(=CC3=C2N=C4C=CC=CN4C3=O)C#N,5.59
503,CHEMBL1409828,CCOC(=O)C1=Cc2ccc(OC(=O)c3occc3)cc2OC1=O,6.11
505,CHEMBL1531320,Oc1ccc2C=C(C(=O)NCc3occc3)C(=O)Oc2c1,5.74
506,CHEMBL1501839,CC1=CN2C(=NC3=C(C=C(C#N)C(=O)N3c4nccs4)C2=O)C=C1,5.43
507,CHEMBL1362307,Cc1onc(c1)N2C(=O)C(=CC3=C2N=C4C=CC=CN4C3=O)C#N,5.35
508,CHEMBL1375375,COc1ccc(cc1)C2CC(=NN2c3ccccc3)c4cccs4,4.91
509,CHEMBL1402796,Fc1ccc(CNC(=O)C2=CC3=C(N=C4C=CC=CN4C3=O)N(CC5CCCO5)C2=N)cc1,5.03
510,CHEMBL1384911,O=C(OCc1ccccc1)[C@H](Cc2ccccc2)NC(=O)c3[nH]cnc3C(=O)NCc4ccccc4,4.05
511,CHEMBL1375597,Clc1ccccc1N2C(=O)C(=CC3=C2N=C4C=CC=CN4C3=O)C#N,5.54
513,CHEMBL1442207,COc1cccc(C2CN(N=C2c3cccs3)c4ccc(F)cc4F)c1OC,4.96
514,CHEMBL1580856,CC(C)C[C@H](NC(=O)c1[nH]cnc1C(=O)NCc2ccccc2)C(=O)OCc3ccccc3,4.84
515,CHEMBL153064,CC(=O)C1=Cc2ccc(O)cc2OC1=O,5.73
516,CHEMBL1363676,CCNC(=O)NC(=O)C(C)OC(=O)c1c(C)nn(Cc2ccccc2)c1Cl,4.3
517,CHEMBL1533401,OCCN(CCO)S(=O)(=O)c1ccc(cc1)N2CCC(=N2)c3ccc(Cl)cc3,5.44
521,CHEMBL1456255,Cn1c(nc2ccccc12)C3=Cc4ccc(OC(=O)C(C)(C)C)cc4OC3=O,4.43
523,CHEMBL1562579,CCN(c1ccccc1)S(=O)(=O)c2cc(ccc2N)[N+](=O)[O-],5.03
526,CHEMBL1349615,Cc1ccc(OCCOc2ccc(Cl)cc2Cl)c(n1)[N+](=O)[O-],6.28
527,CHEMBL1351890,O=Cc1cccn1c2sc3CCCCc3c2C#N,4.49
528,CHEMBL358644,NC(=S)C1=Cc2ccc(O)cc2OC1=O,5.12
529,CHEMBL1604216,CNC(=O)c1[nH]cnc1C(=O)N[C@@H](CC(C)C)C(=O)OCc2ccccc2,5.28
530,CHEMBL1592119,COc1cccc(C)c1NC(=O)c2oc(cc2)c3cc(Cl)ccc3Cl,6.79
531,CHEMBL1472539,Cc1ccc2ccccc2c1NC(=O)c3oc(cc3)c4cc(Cl)ccc4Cl,6.6
532,CHEMBL1354080,Cc1cccc(C)c1NC(=O)c2oc(cc2)c3cccc(Cl)c3,6.3
533,CHEMBL1354895,Cc1ccc(NC(=O)c2oc(cc2)c3cc(Cl)ccc3Cl)c(C)c1,6.74
534,CHEMBL1436066,Cc1ccc(c(C)c1NC(=O)c2oc(cc2)c3cc(Cl)ccc3Cl)S(=O)(=O)C,6.52
535,CHEMBL1511831,Cc1cccc(Cl)c1NC(=O)c2oc(cc2)c3cc(Cl)ccc3Cl,6.77
536,CHEMBL1511839,CC(C)c1cccc(C(C)C)c1NC(=O)c2oc(cc2)c3cc(Cl)ccc3Cl,6.98
537,CHEMBL1473443,Cc1ccc(C)c(NC(=O)c2oc(cc2)c3cc(Cl)ccc3Cl)c1,6.78
538,CHEMBL1514981,Cc1cccc(C)c1NC(=O)c2oc(cc2)c3cc(F)ccc3F,6.51
539,CHEMBL1592813,Cc1ccccc1NC(=O)c2oc(cc2)c3cc(Cl)ccc3Cl,6.41
540,CHEMBL1550998,COc1cccc(OC)c1NC(=O)c2oc(cc2)c3cc(Cl)ccc3Cl,6.38
541,CHEMBL1393993,Cc1cccc(C)c1NC(=O)c2oc(cc2)c3cscc3C,6.54
542,CHEMBL1589684,CCOc1ccc(OC)cc1c2oc(cc2)C(=O)Nc3c(C)cccc3CC,6.38
543,CHEMBL1393906,CCc1cccc(C)c1NC(=O)c2oc(cc2)c3cc(OC)ccc3OC,6.29
544,CHEMBL1316334,CCc1cccc(CC)c1NC(=O)c2oc(cc2)c3cc(Cl)ccc3Cl,7.05
545,CHEMBL1553396,CCc1cccc(C)c1NC(=O)c2oc(cc2)c3ccccc3Cl,6.57
547,CHEMBL1728130,[O-][N+](=O)c1ncccc1OCCOc2ccc(Cl)cc2Cl,4.53
549,CHEMBL1710229,Cc1ccc(OCCOc2ccc(C)nc2[N+](=O)[O-])c(C)c1,5.14
550,CHEMBL1720563,FCc1ccc(OCCOc2ccc(Cl)cc2Cl)c(Cl)n1,7.34
551,CHEMBL1720965,COCc1ccc(OCCOc2ccc(Cl)cc2Cl)c(Cl)n1,4.92
554,CHEMBL1722064,Cc1ccc(OCCOc2ccc(Cl)cc2Cl)c(Br)n1,7.28
555,CHEMBL1732549,Clc1ccc(OCCOc2ccc(Br)nc2Br)c(Cl)c1,7.33
556,CHEMBL1723135,COc1ccc(OCCOc2ccc(C)nc2[N+](=O)[O-])c(Cl)c1,5.41
557,CHEMBL1723233,Cc1ccc(OCCOc2c(Cl)cc(Cl)cc2Cl)c(n1)[N+](=O)[O-],6.24
560,CHEMBL1714368,Cc1ccc(OCCc2ccc(Cl)cc2Cl)c(n1)[N+](=O)[O-],5.68
561,CHEMBL1734070,CON1C(=O)\C(=C/c2cc(C)n(Cc3c(F)cccc3F)c2C)\S/C/1=N\C,7.05
567,CHEMBL1541924,CCNC(=O)NC(=O)C(C)OC(=O)c1c(C)nn(Cc2ccccc2Cl)c1Cl,5.82
582,CHEMBL1704790,Cc1ccc(OCC(=O)Nc2cc(Cl)cc(Cl)c2)c(n1)[N+](=O)[O-],5.44
609,CHEMBL1779901,CCc1cccc(C)c1NC(=O)c2oc(cc2)c3cc(Cl)ccc3Cl,7.39
612,CHEMBL1779900,Cc1cccc(CO)c1NC(=O)c2oc(cc2)c3cc(Cl)ccc3Cl,6.24
617,CHEMBL1779898,Fc1cccc(F)c1NC(=O)c2oc(cc2)c3cc(Cl)ccc3Cl,5.19
619,CHEMBL1779897,COc1ccc(C)c(NC(=O)c2oc(cc2)c3cc(Cl)ccc3Cl)c1,6.03
620,CHEMBL1779896,COc1ccc(NC(=O)c2oc(cc2)c3cc(Cl)ccc3Cl)c(C)c1,6.23
621,CHEMBL1779895,Cc1cc(O)cc(C)c1NC(=O)c2oc(cc2)c3cc(Cl)ccc3Cl,7.24
622,CHEMBL1779894,COc1cc(C)c(NC(=O)c2oc(cc2)c3cc(Cl)ccc3Cl)c(C)c1,7.1
623,CHEMBL1779893,Cc1cc(C)c(NC(=O)c2oc(cc2)c3cc(Cl)ccc3Cl)c(C)c1,7.2
624,CHEMBL1779892,CN(C(=O)c1oc(cc1)c2cc(Cl)ccc2Cl)c3c(C)cc(C)cc3C,5.09
625,CHEMBL1779891,Cc1cc(OCC(=O)N)cc(C)c1NC(=O)c2oc(cc2)c3cc(Cl)ccc3Cl,7.28
626,CHEMBL1779890,Cc1cc(CO)cc(C)c1NC(=O)c2oc(cc2)c3cc(Cl)ccc3Cl,7.68
627,CHEMBL1779733,CC(=O)OCc1cc(C)c(NC(=O)c2oc(cc2)c3cc(Cl)ccc3Cl)c(C)c1,7.47
628,CHEMBL1779732,Cc1cc(CN)cc(C)c1NC(=O)c2oc(cc2)c3cc(Cl)ccc3Cl,7.6
629,CHEMBL1779902,CC(=O)NCc1cc(C)c(NC(=O)c2oc(cc2)c3cc(Cl)ccc3Cl)c(C)c1,7.03
630,CHEMBL1779903,CN(C)Cc1cc(C)c(NC(=O)c2oc(cc2)c3cc(Cl)ccc3Cl)c(C)c1,6.46
631,CHEMBL1779904,Cc1cc(cc(C)c1NC(=O)c2oc(cc2)c3cc(Cl)ccc3Cl)c4ccccc4,6.94
632,CHEMBL1779905,Cc1cc(OCCO)cc(C)c1NC(=O)c2oc(cc2)c3cc(Cl)ccc3Cl,7.36
635,CHEMBL1779906,CN(C(=O)c1oc(cc1)c2ccccc2Cl)c3c(C)cccc3C,6.57
636,CHEMBL1779907,Cc1cccc(C)c1NC(=O)c2oc(cc2)c3ccccc3,6.24
638,CHEMBL1779910,COc1ccc(OC)c(c1)c2oc(cc2)C(=O)N(C)c3c(C)cccc3C,6.29
639,CHEMBL1779911,Cc1ccc(C)c(c1)c2oc(cc2)C(=O)Nc3c(C)cccc3C,7.19
640,CHEMBL1779913,Cc1cccc(C)c1NC(=O)c2oc(cc2)c3ccsc3,6.35
642,CHEMBL1779914,Cc1cccc(C)c1NC(=O)c2oc(cc2)c3cccs3,6.93
643,CHEMBL1779915,Cc1cccc(C)c1NC(=O)c2oc(cc2)c3ccc(Cl)s3,6.29
644,CHEMBL1779916,Cc1cccc(C)c1NC(=O)c2oc(cc2)c3sccc3C,7.03
645,CHEMBL1779917,CN(C(=O)c1oc(cc1)c2occc2)c3c(C)cccc3C,6.89
646,CHEMBL1779918,Cc1ccsc1c2oc(cc2)C(=O)Nc3c(C)cc(O)cc3C,7.34
647,CHEMBL1779919,Cc1cc(CO)cc(C)c1NC(=O)c2oc(cc2)c3sccc3C,7.47
652,CHEMBL1397874,Cc1cccc(C)c1NC(=O)c2oc(cc2)c3cc(Cl)ccc3Cl,7.11
657,CHEMBL1824253,Cc1ccc(C)c(c1)c2ccc(C(=O)Nc3c(C)cccc3C)n2C,5.2
658,CHEMBL1824254,Cc1ccc(C)c(c1)c2ccc(s2)C(=O)Nc3c(C)cccc3C,7.23
659,CHEMBL1824255,Cc1ccc(C)c(c1)c2occ(c2)C(=O)Nc3c(C)cccc3C,6.63
660,CHEMBL1824256,Cc1ccc(C)c(c1)c2coc(c2)C(=O)Nc3c(C)cccc3C,6.68
661,CHEMBL1824257,Cc1ccc(C)c(c1)c2oc(C(=O)Nc3c(C)cccc3C)c(C)c2,6.76
662,CHEMBL1824258,Cc1ccc(C)c(c1)c2oc(cc2C)C(=O)Nc3c(C)cccc3C,6.04
663,CHEMBL1824259,Cc1ccc(C)c(c1)c2cccc(c2)C(=O)Nc3c(C)cccc3C,7.13
664,CHEMBL1824260,Cc1ccc(C)c(c1)c2cc(ccc2C)C(=O)Nc3c(C)cccc3C,5.62
671,CHEMBL1910653,CCCCCCCCc1ccc2nc([nH]c2c1)[C@@H](N)COP(=O)(O)O.OC(=O)C(F)(F)F,7.44
673,CHEMBL1910654,N[C@H](CNC(=O)c1cc2c(cccc2[nH]1)c3ccccc3Cc4ccccc4)C(=O)O,8.0
674,CHEMBL1910655,C\N=C\1/S\C(=C/c2cc(C)n(c2C)c3ccccc3F)\C(=O)N1C,6.69
675,CHEMBL1910656,C\N=C/1\NC(=O)\C(=C\c2cc(C)n(c2C)c3ccccc3F)\S1,5.44
676,CHEMBL1910658,CN1\C(=N\c2ccccc2)\S\C(=C/c3cc(C)n(c3C)c4ccccc4F)\C1=O,5.55
677,CHEMBL1910660,Cc1cc(\C=C\2/S\C(=N/c3ccccn3)\NC2=O)c(C)n1c4ccccc4F,5.68
678,CHEMBL1910662,CC\N=C\1/S\C(=C/c2cc(C)n(c2C)c3ccccc3F)\C(=O)N1CC,6.6
679,CHEMBL1910663,CN1\C(=N\CCO)\S\C(=C/c2cc(C)n(c2C)c3ccccc3F)\C1=O,6.51
680,CHEMBL1910673,C\N=C\1/S\C(=C/c2cc(C)n(c2C)c3cccc(F)c3)\C(=O)N1C,5.8
681,CHEMBL1910678,C\N=C\1/S\C(=C/c2cc(C)n(c2C)c3ccc(F)cc3F)\C(=O)N1C,6.68
682,CHEMBL1910680,C\N=C\1/S\C(=C/c2cc(C)n(c2C)c3ccc(Cl)cc3F)\C(=O)N1C,6.36
683,CHEMBL1910681,CC\N=C\1/S\C(=C/c2cc(C)n(c2C)c3ccccc3)\C(=O)N1CC,6.22
684,CHEMBL1910682,C\N=C\1/S\C(=C/c2cc(C)n(c2C)c3ccccn3)\C(=O)N1C,5.75
685,CHEMBL1910685,C\N=C\1/S\C(=C/c2cc(C)n(c2C)c3ncccc3F)\C(=O)N1C,5.51
686,CHEMBL1910686,CC\N=C\1/S\C(=C/c2cc(C)n(c2C)c3ncccc3F)\C(=O)N1CC,5.27
687,CHEMBL1910687,C\N=C\1/S\C(=C/c2cc(C)n(Cc3ccccc3)c2C)\C(=O)N1C,6.58
688,CHEMBL1910688,C\N=C\1/S\C(=C/c2cc(C)n(Cc3ccccc3F)c2C)\C(=O)N1C,7.14
689,CHEMBL1910689,C\N=C\1/S\C(=C/c2cc(C)n(Cc3c(F)cccc3F)c2C)\C(=O)N1C,7.04
690,CHEMBL1910690,CC\N=C\1/S\C(=C/c2cc(C)n(Cc3c(F)cccc3F)c2C)\C(=O)N1CC,6.5
691,CHEMBL1910691,C\N=C\1/S\C(=C/c2cc(C)n(Cc3ccc(F)cc3F)c2C)\C(=O)N1C,6.83
692,CHEMBL1910692,C\N=C\1/S\C(=C/c2cc(C)n(CCc3ccccc3)c2C)\C(=O)N1C,6.18
693,CHEMBL1910794,C\N=C/1\NC(=O)\C(=C\c2cnn(c2C)c3ccc(F)cc3)\S1,5.42
694,CHEMBL1910799,C\N=C/1\NC(=O)\C(=C\c2cc(C)n(c2C)c3ccc(F)cc3F)\S1,6.0
695,CHEMBL1910800,CC\N=C\1/S\C(=C/c2cc(C)n(c2C)c3ccc(F)cc3F)\C(=O)N1CC,6.98
696,CHEMBL1910801,CN1\C(=N\CCO)\S\C(=C/c2cc(C)n(Cc3ccccc3)c2C)\C1=O,6.4
697,CHEMBL1910802,COCC\N=C\1/S\C(=C/c2cc(C)n(Cc3ccccc3)c2C)\C(=O)N1C,7.17
698,CHEMBL1910803,COCC\N=C\1/S\C(=C/c2cc(C)n(c2C)c3ccc(F)cc3F)\C(=O)N1C,7.25
699,CHEMBL1910791,COCCN1C(=O)\C(=C\c2cc(C)n(c2C)c3ccc(F)cc3F)\S/C/1=N\C,5.77
731,CHEMBL1910674,C\N=C\1/S\C(=C/c2cc(C)n(c2C)c3ccc(F)cc3)\C(=O)N1C,6.36
733,CHEMBL1916399,OC(=O)CCC(=O)N1CCc2cc(ccc12)c3noc(n3)c4cc(OC(F)(F)F)cc(c4)C#N,5.88
734,CHEMBL1916559,OC(=O)CCC(=O)N1CCc2cc(ccc12)c3noc(n3)c4cc(cc(c4)C(F)(F)F)C(F)(F)F,6.8
737,CHEMBL1935673,Cc1ccc(OCCOc2ccc(Cl)cc2Br)c(n1)[N+](=O)[O-],6.64
738,CHEMBL1935674,Cc1ccc(OCCOc2ccc(Br)cc2Cl)c(n1)[N+](=O)[O-],6.66
740,CHEMBL1935675,COc1cc(Cl)ccc1OCCOc2ccc(C)nc2[N+](=O)[O-],5.27
742,CHEMBL1935677,Cc1ccc(OCCOc2ccc(Cl)cc2F)c(n1)[N+](=O)[O-],5.51
743,CHEMBL1935678,Cc1ccc(OCCOc2ccc(F)cc2Cl)c(n1)[N+](=O)[O-],5.59
744,CHEMBL1935680,Cc1ccc(OCCOc2ccc(cc2F)[N+](=O)[O-])c(n1)[N+](=O)[O-],5.55
745,CHEMBL1935681,Cc1ccc(OCCOc2cc(Cl)cc(c2)[N+](=O)[O-])c(n1)[N+](=O)[O-],5.46
746,CHEMBL1935682,Cc1ccc(OCCOc2ccc(Br)cc2C(F)(F)F)c(n1)[N+](=O)[O-],6.22
748,CHEMBL1935683,Cc1ccc(OCCCc2ccc(Cl)cc2Cl)c(n1)[N+](=O)[O-],6.04
750,CHEMBL1935689,Cc1ccc(OCCOc2ccc(Cl)cc2Cl)c(c1)[N+](=O)[O-],5.89
751,CHEMBL1935690,[O-][N+](=O)c1nc(Cl)ccc1OCCOc2ccc(Cl)cc2Cl,6.52
752,CHEMBL1935691,COC(=O)c1nc(C)ccc1OCCOc2ccc(Cl)cc2Cl,5.32
753,CHEMBL1935696,Cc1ccc(OCCOc2ccc(Cl)cc2Cl)c(C)n1,5.59
754,CHEMBL1935697,CCc1nc(C)ccc1OCCOc2ccc(Cl)cc2Cl,5.14
756,CHEMBL1935698,Clc1ccc(OCCOc2cccnc2Br)c(Cl)c1,5.89
758,CHEMBL1933150,Fc1ccc(OCCOc2ccc(Cl)cc2Cl)c(Br)n1,6.68
759,CHEMBL1933151,Cc1ccc(OCCOc2ccc(Cl)cc2Cl)c(I)n1,7.27
760,CHEMBL1933153,Clc1ccc(OCCOc2ccc(nc2Br)c3ccccc3)c(Cl)c1,5.22
761,CHEMBL1933155,OCc1ccc(OCCOc2ccc(Cl)cc2Cl)c(I)n1,6.54
762,CHEMBL1933156,Clc1ccc(OCCOc2ccc(C=O)nc2I)c(Cl)c1,5.68
763,CHEMBL1933157,OCc1ccc(OCCOc2ccc(Cl)cc2Cl)c(Cl)n1,5.82
764,CHEMBL1933158,Clc1ccc(OCCOc2ccc(C=O)nc2Cl)c(Cl)c1,5.75
765,CHEMBL1933159,Clc1ccc(OCCOc2ccc(C=C)nc2Cl)c(Cl)c1,6.18
793,CHEMBL1951304,CCc1cc(CN2CC(C2)C(=O)O)sc1c3noc(n3)c4ccc(Oc5ccccc5)cc4,7.24
829,CHEMBL2048287,OC(=O)CC1CCc2c1[nH]c3ccc(cc23)c4noc(n4)c5cc(OC(F)(F)F)cc(c5)C#N,6.62
835,CHEMBL2207778,CCCCN(C(=O)c1ccccc1F)c2nnc(s2)c3ccc(CN4CC(C4)C(=O)O)cc3,6.98
839,CHEMBL2336071,CCc1cc(ccc1CN2CC(C2)C(=O)O)\C(=N\OCc3ccc(C4CCCCC4)c(c3)C(F)(F)F)\C,6.13
850,CHEMBL3102904,CCCCCCCCOc1ccc(cc1C(F)(F)F)c2nnc(s2)[C@@](C)(N)COP(=O)(O)O,8.34
851,CHEMBL3102903,CCCCCCCCOc1ccc(cc1C(F)(F)F)c2cnc(s2)[C@@](C)(N)COP(=O)(O)O,8.44
863,CHEMBL3359522,CC(C)Oc1ccc(COc2ccc3c(c2)c(Cl)c4[C@@H](CC(=O)O)CCn34)cc1C#N,5.07
