,molecule_chembl_id,canonical_smiles,pchembl_value
0,octreotide,[H]N[C@@H](CC1=CC=CC=C1)C(=O)N[C@H]1CSSC[C@H](NC(=O)[C@@H](NC(=O)[C@H](CCCCN)NC(=O)[C@H](CC2=CNC3=C2C=CC=C3)NC(=O)[C@H](CC2=CC=CC=C2)NC1=O)[C@@H](C)O)C(=O)N[C@]([H])(CO)[C@@]([H])(C)O,8.5229
1,lanreotide,[H][C@](N)(CC1=CC=C2C=CC=CC2=C1)C(=O)N[C@H]1CSSC[C@H](NC(=O)[C@@H](NC(=O)[C@H](CCCCN)NC(=O)[C@@H](CC2=CNC3=C2C=CC=C3)NC(=O)[C@H](CC2=CC=C(O)C=C2)NC1=O)C(C)C)C(=O)N[C@@H]([C@@H](C)O)C(N)=O,8.35000014
2,pasireotide,NCCCC[C@@H]1NC(=O)[C@@H](CC2=CNC3=C2C=CC=C3)NC(=O)C(NC(=O)[C@@H]2C[C@H](CN2C(=O)[C@H](CC2=CC=CC=C2)NC(=O)[C@H](CC2=CC=C(OCC3=CC=CC=C3)C=C2)NC1=O)OC(=O)NCCN)C1=CC=CC=C1,9.80000019
3,somatostatin,[H]N[C@@H](C)C(=O)NCC(=O)N[C@H]1CSSC[C@H](NC(=O)[C@H](CO)NC(=O)[C@@H](NC(=O)[C@H](CC2=CC=CC=C2)NC(=O)[C@@H](NC(=O)[C@H](CCCCN)NC(=O)[C@H](CC2=CNC3=C2C=CC=C3)NC(=O)[C@H](CC2=CC=CC=C2)NC(=O)[C@H](CC2=CC=CC=C2)NC(=O)[C@H](CC(N)=O)NC(=O)[C@H](CCCCN)NC1=O)[C@@H](C)O)[C@@H](C)O)C(O)=O,9.85
4,CHEMBL1253955,COC[C@H]1OC(OCc2ccc3ccccc3c2)[C@H](NCCN)C(OCc4cccc5ccccc45)[C@@H]1O,7.0
5,CHEMBL3670734,CCCCn1nc(CN2CCC3(CC2)CN(C(=O)O3)c4ccc(cc4)C(=O)O)c5cc(F)ccc15,7.01
6,CHEMBL3670760,OC(=O)c1ccc(cc1)N2CC3(CCN(Cc4nc(oc4c5cc(F)c(F)cc5F)c6ccccc6)CC3)OC2=O,7.05
7,CHEMBL3665785,OC(=O)c1ccc(cc1)N2CC3(CCN(Cc4nn(Cc5ccc(Cl)cc5)cc4c6ccc(F)c(F)c6F)CC3)OC2=O,7.05
8,CHEMBL92914,NCCCC[C@H]1NC(=O)[C@@H](Cc2c[nH]c3ccccc23)SCCN(Cc4cccc5ccccc45)C1=O,7.06
9,CHEMBL3670764,OC(=O)c1ccc(cc1)N2CC3(CCN(Cc4nc(oc4c5ccccc5)c6ccccc6)CC3)OC2=O,7.07
10,CHEMBL3350724,CNc1ccc(cc1)C(C(C)C)[C@@H]2NC(=O)[C@H](Cc3ccccc3)NC(=O)[C@H](CSSC[C@H](NC(=O)[C@H](Cc4ccccc4)NC(=O)[C@@H](NC(=O)[C@H](CCCCN)NC(=O)[C@@H](Cc5c[nH]c6ccccc56)NC2=O)[C@@H](C)O)C(=O)O)NC(=O)[C@H](Cc7ccc(O)cc7)NC(=O)N,7.08
11,CHEMBL393333,COc1ccc(CN2CCC(CC2)Nc3oc4ccccc4n3)cc1OC5CCCC5,7.08
12,CHEMBL3665782,OC(=O)c1ccc(cc1)N2CC3(CCN(Cc4c(Cc5cc(F)c(F)cc5F)nn(c4Cl)c6ccccc6)CC3)OC2=O,7.1
13,CHEMBL3144280,C[C@@H](O)[C@H](CO)NC(=O)[C@@H]1CSSC[C@H](NC(=O)[C@H](Cc2ccccc2)NC[C@]3(O)OC[C@H](O)[C@@H](O[C@@H]4O[C@@H](CO)[C@@H](O)[C@H](O)[C@@H]4O)[C@@H]3O)C(=O)N[C@@H](Cc5ccc(O)c(I)c5)C(=O)N[C@H](Cc6c[nH]c7ccccc67)C(=O)N[C@@H](CCCCN)C(=O)N[C@@H]([C@@H](C)O)C(=O)N1,7.13
14,CHEMBL1253954,COC[C@H]1OC(OCc2ccc3ccccc3c2)[C@H](NCCCN)C(OCc4ccc(Cl)cc4)[C@@H]1O,7.16
15,CHEMBL1254140,COC[C@H]1O[C@H](OCc2ccc3ccccc3c2)[C@H](NC(=O)CCCN)[C@H](OCc4ccc(Cl)cc4)[C@@H]1O,7.16
16,CHEMBL363712,NCCCCCn1c(SCCc2c[nH]c3ccccc23)nnc1c4ccc5ccccc5c4,7.16
17,CHEMBL3670762,OC(=O)c1ccc(cc1)N2CC3(CCN(Cc4sc(nc4c5ccccc5)c6ccccc6)CC3)OC2=O,7.16
18,CHEMBL2304255,CC(C)[C@@H]1NC(=O)[C@H](CCCCN)NC(=O)[C@H](Cc2c[nH]c3ccccc23)NC(=O)[C@H](Cc4ccc(O)cc4)NC(=O)[C@H](Cc5ccccc5)NCCNC(=O)CCCN([C@@H](Cc6ccccc6)C(=O)N[C@@H]([C@@H](C)O)C(=O)N)C1=O,7.17
19,CHEMBL3670736,COc1ccc2c(CN3CCC4(CC3)CN(C(=O)O4)c5ccc(cc5)C(=O)O)nn(C(C)C)c2c1,7.17
20,CHEMBL3350037,C[C@@H](O)[C@H](CO)NC(=O)[C@@H]1CSSC[C@H](NC(=O)[C@H](N)Cc2ccccc2)C(=O)N[C@@H](Cc3ccccc3)C(=O)N[C@H](Cc4c[nH]c5ccccc45)C(=O)N[C@@H](CCCCN)C(=O)N[C@@H]([C@@H](C)O)C(=O)N1,7.17
21,CHEMBL237660,CCOc1cc(CN2CCC(CC2)Nc3oc4ccccc4n3)ccc1O,7.18
22,CHEMBL426072,NCCCn1c(SCCc2c[nH]c3ccccc23)nnc1c4ccc5ccccc5c4,7.18
23,CHEMBL3665851,CCOc1cc(C)nc2c(OCC)cc(CN3CCC4(CC3)CN(C(=O)O4)c5ccc(cc5)C(=O)O)cc12,7.19
24,CHEMBL3144279,C[C@@H](O)[C@@H](CO)NC(=O)[C@@H]1CSSC[C@H](NC(=O)[C@H](Cc2ccccc2)NC[C@]3(O)OC[C@H](O)[C@@H](O)[C@@H]3O)C(=O)N[C@@H](Cc4ccc(O)c(I)c4)C(=O)N[C@H](Cc5c[nH]c6ccccc56)C(=O)N[C@@H](CCCCN)C(=O)N[C@@H]([C@@H](C)O)C(=O)N1,7.19
25,CHEMBL2372604,C[C@H](O)[C@@H](CO)NC(=O)[C@@H]1CSSC[C@H](NC(=O)[C@H](N)Cc2ccccc2)C(=O)N[C@@H](Cc3ccc(O)c(I)c3)C(=O)N[C@H](Cc4c[nH]c5ccccc45)C(=O)N[C@@H](CCCCN)C(=O)N[C@@H]([C@@H](C)O)C(=O)N1,7.19
26,CHEMBL188777,NCCCCn1c(SCCc2c[nH]c3ccccc23)nnc1c4cccc5cc[nH]c45,7.19
27,CHEMBL3670747,CC(C)(C)n1nc(CN2CCC3(CC2)CN(C(=O)O3)c4ccc(cc4)C(=O)O)c5cc(Cl)c(F)cc15,7.21
28,CHEMBL241330,CCOc1cc(CN2CCC(CC2)NC(=O)c3cccc(c3)S(=O)(=O)C)ccc1Cl,7.22
29,CHEMBL3665797,COc1ccc(cc1)c2nn(cc2CN3CCCC4(CC3)CN(C(=O)O4)c5ccc(cc5)C(=O)O)c6ccccc6,7.23
30,CHEMBL3122128,C[C@@H](O)[C@@H]1NC(=O)[C@H](CCCCN)NC(=O)[C@@H](Cc2c[nH]c3ccccc23)NC(=O)[C@H](Cc4ccccc4)NC(=O)[C@H](Cc5ccccc5)NC(=O)[C@H](CSSC[C@H](NC(=O)[C@H](CO)NC(=O)[C@H](Cc6ccccc6)NC1=O)C(=O)O)NC(=O)CNC(=O)COCCOCCNC(=O)CN7CCN(CC(=O)O)CCN(CC(=O)O)CCN(CC(=O)O)CC7,7.24
31,CHEMBL191171,NCCCCn1c(SCCc2c[nH]c3ccccc23)nnc1c4cc5ccccc5s4,7.24
32,CHEMBL188402,NCCCCn1c(SCCc2c[nH]c3ccccc23)nnc1c4cnc5ccccc5n4,7.25
33,CHEMBL1082036,CCOc1cc(CN2CCC(CC2)Nc3oc4ccc(cc4n3)S(=O)(=O)CC)cc(OC5CCOCC5)c1,7.26
34,CHEMBL1079686,CCOc1cc(CN2CCC(CC2)Nc3oc4ccc(cc4n3)S(=O)(=O)N(C)C)cc(OCC)c1n5cccc5,7.28
35,CHEMBL187498,NCCCCn1c(SCCc2c[nH]c3ccccc23)nnc1c4cccc(Br)c4,7.29
36,CHEMBL1254235,COC[C@H]1O[C@@H](OCc2ccc3ccccc3c2)[C@H](NC(=O)CCCN)[C@@H](OCc4ccc(Cl)cc4)[C@@H]1O,7.3
37,CHEMBL476240,C[C@@H](NC(=O)[C@H](CCCCN)N1Cc2[nH]c3ccccc3c2C[C@@H](NC(=O)Cc4ccccc4)C1=O)c5ccccc5.OC(=O)C(F)(F)F,7.3
38,CHEMBL2372607,C[C@H](O)[C@@H](CO)NC(=O)[C@@H]1CSSC[C@H](NC(=O)[C@H](N)Cc2ccccc2)C(=O)N[C@@H](Cc3ccc(O)c([125I])c3)C(=O)N[C@H](Cc4c[nH]c5ccccc45)C(=O)N[C@@H](CCCCN)C(=O)N[C@@H]([C@@H](C)O)C(=O)N1,7.3
39,CHEMBL3670730,CC1(C)Cc2cc(CN3CCC4(CC3)CN(C(=O)O4)c5ccc(cc5)C(=O)O)ccc2O1,7.34
40,CHEMBL3665774,OC(=O)c1ccc(cc1)N2CC3(CCN(Cc4c(Cl)n(nc4c5cc(F)c(F)cc5F)c6ccccc6)CC3)OC2=O,7.35
41,CHEMBL3665781,CCCn1nc(Cc2cc(F)c(F)cc2F)c(CN3CCC4(CC3)CN(C(=O)O4)c5ccc(cc5)C(=O)O)c1Cl,7.39
42,CHEMBL93351,NCCCC1CCCN2C1C(=O)N(Cc3cccc4ccccc34)CCS[C@H](Cc5c[nH]c6ccccc56)C2=O,7.39
43,CHEMBL241328,COc1cc(CN2CCC(CC2)NC(=O)c3cncc(C)c3)c(OC)c4ccccc14,7.4
44,CHEMBL236611,CCOc1cc(CN2CCC(CC2)Nc3oc4ccccc4n3)ccc1C,7.43
45,CHEMBL3665770,CC(C)(C)c1nn(cc1CN2CCC3(CC2)CN(C(=O)O3)c4ccc(cc4)C(=O)O)c5ccc(F)cc5,7.44
46,CHEMBL1161331,C[C@@H](O)[C@@H]1NC(=O)[C@@H](CCCCN)NC(=O)[C@H](Cc2c[nH]c3ccccc23)NC(=O)N(C)[C@H](O)NC(=O)[C@@H](Cc4ccccc4)NC(=O)[C@@H](CSSC[C@@H](NC(=O)[C@@H](Cc5ccccc5)NC1=O)C(=O)O)NC(=O)[C@@H](N)Cc6ccc(O)cc6,7.47
47,CHEMBL1078449,CCOc1cc(CN2CCC(CC2)Nc3oc4ccccc4n3)cc(OCC)c1N,7.48
48,CHEMBL3665799,CC(C)(C)n1cc(CN2CCC3(C2)CN(C(=O)O3)c4ccc(cc4)C(=O)O)c(n1)c5ccc(F)c(F)c5F,7.49
49,CHEMBL1078895,CC(C)Oc1cc(CN2CCC(CC2)Nc3oc4ccccc4n3)cc(OC(C)C)c1,7.51
50,CHEMBL3670724,CC1(C)CCc2cc(CN3CCC4(CC3)CN(C(=O)O4)c5ccc(cc5)C(=O)O)ccc2O1,7.53
51,CHEMBL1223227,C[C@@H](O)[C@@H](CO)NC(=O)[C@@H]1C\C=C\C[C@H](NC(=O)[C@H](N)Cc2ccccc2)C(=O)N[C@@H](Cc3ccccc3)C(=O)N[C@H](Cc4cc5ccccc5[nH]4)C(=O)N[C@@H](CCCCN)C(=O)N[C@@H](Cc6ccc(OC(=O)c7ccccc7)cc6)C(=O)N1,7.54
52,CHEMBL252355,C[C@@H](O)[C@@H](CO)NC(=O)[C@@H]1C\C=C/C[C@H](NC(=O)[C@H](N)Cc2ccccc2)C(=O)N[C@@H](Cc3ccccc3)C(=O)N[C@H](Cc4c[nH]c5ccccc45)C(=O)N[C@@H](CCCCN)C(=O)N[C@@H]([C@@H](C)O)C(=O)N1,7.55
53,CHEMBL1223226,C[C@@H](O)[C@@H](CO)NC(=O)[C@@H]1C\C=C/C[C@H](NC(=O)[C@H](N)Cc2ccccc2)C(=O)N[C@@H](Cc3ccccc3)C(=O)N[C@H](Cc4cc5ccccc5[nH]4)C(=O)N[C@@H](CCCCN)C(=O)N[C@@H]([C@@H](C)O)C(=O)N1,7.55
54,CHEMBL3665796,COc1ccc(cc1)c2nn(cc2CN3CCCC4(CC3)CN(C(=O)O4)c5ccc(cc5)C(=O)O)C(C)(C)C,7.57
55,CHEMBL188767,NCCCCn1c(SCCc2c[nH]c3ccccc23)nnc1c4ccc5ccccc5c4,7.57
56,CHEMBL3665795,CCOc1ccc(c(CN2CCCC3(CC2)CN(C(=O)O3)c4ccc(cc4)C(=O)O)c1)c5ccc(F)c(F)c5,7.58
57,CHEMBL365627,CCc1ccc(cc1)c2nnc(SCCc3c[nH]c4ccccc34)n2CCCCN,7.59
58,CHEMBL1210373,CCOc1cc(CN2CCC(CC2)NC(=O)c3cncc(C)c3)cc(OCC)c1F,7.6
59,CHEMBL462020,NCCCC[C@@H](N1Cc2[nH]c3ccccc3c2C[C@@H](NC(=O)Cc4ccccc4)C1=O)C(=O)NCc5ccccc5.OC(=O)C(F)(F)F,7.6
60,CHEMBL3665780,CC(C)n1nc(Cc2cc(F)c(F)cc2F)c(CN3CCC4(CC3)CN(C(=O)O4)c5ccc(cc5)C(=O)O)c1Cl,7.64
61,CHEMBL1080586,CCOc1cc(CN2CCC(CC2)Nc3oc4cc(ccc4n3)C(=O)O)ccc1Cl,7.64
62,CHEMBL236588,COc1ccc(CN2CCC(CC2)Nc3oc4ccccc4n3)cc1OCC(C)C,7.64
63,CHEMBL1210271,CCOc1cc(CN2CCC[C@H](CC2)NC(=O)c3cncc(C)c3)cc(OCC)c1F,7.66
64,CHEMBL1210374,CCOc1cc(CN2CCC[C@H](CC2)NC(=O)c3cncc(C)c3)ccc1C,7.66
65,CHEMBL1210028,CCOc1cc(CN2CCC(CC2)NC(=O)c3cncc(C)c3)ccc1C,7.68
66,CHEMBL241329,CCOc1cc(CN2CCC(CC2)NC(=O)c3cncc(C)c3)ccc1Cl,7.7
67,CHEMBL400021,COc1cc(CN2CCC(CC2)NC(=O)c3ccc(cc3)C(C)(C)C)c(OC)c4ccccc14,7.7
68,CHEMBL1210029,CCOc1cc(CN2CCC(CC2)NC(=O)c3ccc(N)nc3)ccc1C,7.72
69,CHEMBL1210268,CCOc1cc(CN2CCC(CC2)NC(=O)c3ccc(NC)nc3)cc(OCC)c1F,7.75
70,CHEMBL1079874,CCOc1cc(CN2CCC(CC2)Nc3oc4cc(ccc4n3)C(=O)O)cc(OCC)c1F,7.75
71,CHEMBL1210269,CCOc1cc(CN2CCC[C@H](CC2)NC(=O)c3cncc(C)c3)ccc1Cl,7.75
72,CHEMBL391637,CCOc1cc(CN2CCC(CC2)Nc3oc4ccc(cc4n3)S(=O)(=O)N)ccc1Cl,7.77
73,CHEMBL1223229,C[C@@H](O)[C@@H](CO)NC(=O)[C@@H]1C\C=C/C[C@H](NC(=O)[C@H](N)Cc2ccccc2)C(=O)N[C@@H](Cc3cccc4ccccc34)C(=O)N[C@H](Cc5cc6ccccc6[nH]5)C(=O)N[C@@H](CCCCN)C(=O)N[C@@H]([C@@H](C)O)C(=O)N1,7.78
74,CHEMBL3122129,C[C@@H](O)[C@@H]1NC(=O)[C@H](CCCCN)NC(=O)[C@@H](Cc2c[nH]c3ccccc23)NC(=O)[C@H](Cc4ccccc4)NC(=O)[C@H](Cc5ccccc5)NC(=O)[C@H](CSSC[C@H](NC(=O)[C@H](CO)NC(=O)[C@H](Cc6ccccc6)NC1=O)C(=O)O)NC(=O)[C@H](CCCNC(=N)N)NC(=O)COCCOCCNC(=O)CN7CCN(CC(=O)O)CCN(CC(=O)O)CCN(CC(=O)O)CC7,7.8
75,CHEMBL453412,NCCCC[C@H](N1Cc2[nH]c3ccccc3c2C[C@@H](NC(=O)c4ccc(cc4)c5ccccc5)C1=O)C(=O)NCc6ccccc6.OC(=O)C(F)(F)F,7.8
76,CHEMBL3665791,CC(C)(C)n1cc(CN2CC3(C2)CN(C(=O)O3)c4ccc(cc4)C(=O)O)c(n1)c5ccc(F)c(F)c5F,7.83
77,CHEMBL3665779,CCCCn1nc(Cc2cc(F)c(F)cc2F)c(CN3CCC4(CC3)CN(C(=O)O4)c5ccc(cc5)C(=O)O)c1Cl,7.84
78,CHEMBL3670723,CC1(C)CC(C)(C)c2cc(CN3CCC4(CC3)CN(C(=O)O4)c5ccc(cc5)C(=O)O)ccc2O1,7.85
79,CHEMBL3670767,OC(=O)c1ccc(cc1)N2CC3(CCN(Cc4c(nc5ccccn45)c6ccccc6)CC3)OC2=O,7.87
80,CHEMBL3665822,CCOc1ccc(c(CN2CCC3(CC2)CN(C(=O)O3)c4ccc(cc4)C(=O)O)n1)c5ccc(F)c(F)c5F,7.88
81,CHEMBL236788,CCOc1cc(CN2CCC(CC2)Nc3oc4ccc(cc4n3)S(=O)(=O)N)cc(OCC)c1N,7.89
82,CHEMBL473160,COC(=O)[C@H](CCCCN)N1Cc2[nH]c3ccccc3c2C[C@@H](NC(=O)Cc4ccccc4)C1=O.OC(=O)C(F)(F)F,7.89
83,CHEMBL3665762,OC(=O)c1ccc(cc1)N2CC3(CCN(Cc4cn(nc4c5ccc(OC(F)(F)F)cc5)c6ccccc6)CC3)OC2=O,7.89
84,CHEMBL1223228,C[C@@H](O)[C@@H](CO)NC(=O)[C@@H]1C\C=C/C[C@H](NC(=O)[C@H](N)Cc2ccccc2)C(=O)N[C@@H](Cc3ccccc3)C(=O)N[C@H](Cc4cc5ccccc5[nH]4)C(=O)N[C@@H](CCCCN)C(=O)N[C@@H](Cc6ccc(OC(=O)c7ccccc7)cc6)C(=O)N1,7.91
85,CHEMBL503472,C[C@@H](O)[C@@H](CO)NC(=O)[C@@H]1C\C=C\C[C@H](NC(=O)[C@H](N)Cc2ccccc2)C(=O)N[C@@H](Cc3ccccc3)C(=O)N[C@H](Cc4c[nH]c5ccccc45)C(=O)N[C@@H](CCCCN)C(=O)N[C@@H](Cc6ccc(OCc7ccccc7)cc6)C(=O)N1,7.92
86,CHEMBL3670751,CCCCn1cc(CN2CCC3(CC2)CN(C(=O)O3)c4ccc(cc4)C(=O)O)c5ccc(OC)cc15,7.93
87,CHEMBL3665856,CCOc1cc(CN2CCC3(CC2)CN(C(=O)O3)c4ccc(cc4)C(=O)O)cc5ccc(nc15)C(F)(F)F,7.95
88,CHEMBL1210083,CCOc1cc(CN2CCC(CC2)NC(=O)c3cncc(C)c3)cc(OCC)c1n4ccnc4,7.96
89,CHEMBL1210031,CCOc1cc(CN2CCC(CC2)NC(=O)c3cncc(C)c3)ccc1c4ccc(cc4)C(F)(F)F,7.96
90,CHEMBL2372603,C[C@H](O)[C@@H](CO)NC(=O)[C@@H]1CSSC[C@H](NC(=O)[C@H](N)Cc2ccccc2)C(=O)N[C@@H](Cc3ccc(O)cc3)C(=O)N[C@H](Cc4c[nH]c5ccccc45)C(=O)N[C@@H](CCCCN)C(=O)N[C@@H]([C@@H](C)O)C(=O)N1,7.97
91,CHEMBL3665776,OC(=O)c1ccc(cc1)N2CC3(CCN(Cc4cn(CC(F)(F)F)nc4c5ccc(F)c(F)c5F)CC3)OC2=O,7.98
92,CHEMBL3665790,OC(=O)c1ccc(cc1)N2CC3(CCN(Cc4cnn(C5CCCCC5)c4c6cc(F)c(F)cc6F)CC3)OC2=O,7.98
93,CHEMBL538451,CN([C@H]1NC(=O)[C@H](Cc2ccccc2)NC(=O)[C@@H](CSSC[C@H](NC(=O)[C@H](Cc3ccccc3)NC(=O)[C@H](CCCCN)NC1=O)C(=O)N[C@@H](Cc4ccc5ccccc5c4)C(=O)N)NC(=O)[C@@H](N)Cc6ccc(cc6)C(=O)N)C(=O)c7ccc8ccccc8c7,8.0
94,CHEMBL191025,NCCCCn1c(SCCc2c[nH]c3ccccc23)nnc1c4ccc5ccccc5n4,8.0
95,CHEMBL3665805,CCOc1cc(CN2CCC3(CC2)CN(C(=O)O3)c4ccc(cc4)C(C)(C)C(=O)O)cc(OCC)c1c5ccc(F)cc5,8.02
96,CHEMBL1210375,CCOc1cc(CN2CCCC(CC2)NC(=O)c3cncc(C)c3)cc(OCC)c1c4ccc(F)cc4,8.03
97,CHEMBL3639647,Cc1cc(c(CN2CCC3(CC2)CN(C(=O)O3)c4ccc(cc4)C(=O)O)cc1Cl)c5ccc(nc5)C(F)(F)F,8.03
98,CHEMBL190070,Cc1cccc2c(c[nH]c12)C(=O)C(C)(C)CSc3nnc(c4ccc5ccccc5n4)n3CCCCN,8.03
99,CHEMBL3665813,CCOc1cc(CN2CCC3(CC2)CN(C(=O)O3)c4cccc(c4)C(=O)O)cc(OCC)c1c5ccc(F)cc5,8.04
100,CHEMBL3670753,COc1ccc2c(CN3CCC4(CC3)CN(C(=O)O4)c5ccc(cc5)C(=O)O)cn(c6ccccc6)c2c1,8.04
101,CHEMBL3670752,COc1ccc2c(CN3CCC4(CC3)CN(C(=O)O4)c5ccc(cc5)C(=O)O)c[nH]c2c1,8.06
102,CHEMBL448713,NCCCC[C@H](N1Cc2[nH]c3ccccc3c2C[C@@H](NC(=O)C(c4ccccc4)c5ccccc5)C1=O)C(=O)NCc6ccccc6.OC(=O)C(F)(F)F,8.06
103,CHEMBL3665775,CCCCn1cc(CN2CCC3(CC2)CN(C(=O)O3)c4ccc(cc4)C(=O)O)c(Cc5cc(F)c(F)cc5F)n1,8.08
104,CHEMBL3665809,CCOc1cc(CN2CCC3(CC2)CN(C(=O)O3)c4ccc(cc4)C5(CC5)C(=O)O)cc(OCC)c1c6ccc(F)cc6,8.08
105,CHEMBL185861,NCCCCn1c(SCCc2c[nH]c3c(Cl)cccc23)nnc1c4ccc5ccccc5n4,8.08
106,CHEMBL1210206,CCOc1cc(CN2CCC(CC2)NC(=O)c3ccc(Cl)nc3)cc(OCC)c1c4ccc(F)cc4,8.1
107,CHEMBL1080584,CCOc1cc(CN2CCC(CC2)Nc3oc4ccc(cc4n3)C(=O)N)cc(OCC)c1F,8.1
108,CHEMBL503379,CS(=O)(=O)N1CC2(CCN(CC2)C(=O)N[C@@H]3Cc4c(CN([C@@H](CCCCN)C(=O)NCc5ccccc5)C3=O)[nH]c6ccccc46)c7ccccc17.OC(=O)C(F)(F)F,8.1
109,CHEMBL374833,NCCCC[C@H](N1Cc2[nH]c3ccccc3c2C[C@@H](NC(=O)CC(c4ccccc4)c5ccccc5)C1=O)C(=O)NCc6ccccc6,8.1
110,CHEMBL453938,NCCCC[C@H](N1Cc2[nH]c3ccccc3c2C[C@@H](NC(=O)CC(c4ccccc4)c5ccccc5)C1=O)C(=O)NCc6ccccc6.OC(=O)C(F)(F)F,8.1
111,CHEMBL364418,NCCCCn1c(SCCc2c[nH]c3ccccc23)nnc1c4ccc5cc(F)ccc5n4,8.11
112,CHEMBL3350910,C[C@@H](O)[C@@H]1NC(=O)[C@H](CCCCN)NC(=O)[C@@H](Cc2c[nH]c3ccccc23)NC(=O)[C@H](Cc4ccccc4)NC(=O)[C@H](Cc5ccccc5)NC(=O)[C@H](CSSC[C@H](NC(=O)[C@H](Cc6ccc(O)cc6)NC1=O)C(=O)O)NC(=O)N,8.12
113,CHEMBL1210142,CCOc1cc(CN2CCC(CC2)NC(=O)c3ccc(N)nc3)cc(OCC)c1c4ccc(F)cc4,8.15
114,CHEMBL3665806,CCOc1cc(CN2CCC3(CC2)CN(C(=O)O3)c4ccc(cc4OC)c5nnn[nH]5)cc(OCC)c1c6ccc(F)cc6,8.15
115,CHEMBL1210144,CCOc1cc(CN2CCC(CC2)NC(=O)c3ccc(NC)nc3)cc(OCC)c1c4ccccc4,8.16
116,CHEMBL1210210,CCOc1cc(CN2CCC(CC2)NC(=O)c3ccc(N)nc3)cc(OCc4ccccc4)c1c5ccc(F)cc5,8.17
117,CHEMBL3670749,COc1ccc2c(CN3CCC4(CC3)CN(C(=O)O4)c5ccc(cc5)C(=O)O)cn(C)c2c1,8.17
118,CHEMBL1210143,CCOc1cc(CN2CCC(CC2)NC(=O)c3ccc(NC(C)C)nc3)cc(OCC)c1F,8.2
119,CHEMBL3665747,Cc1cc(ccc1C(=O)O)N2CC3(CCN(Cc4cn(nc4c5cc(F)c(Cl)cc5F)C(C)(C)C)CC3)OC2=O,8.21
120,CHEMBL3665798,CCOc1cc(CN2CCC3(C2)CN(C(=O)O3)c4ccc(cc4)C(=O)O)cc(OCC)c1c5ccc(F)cc5,8.25
121,CHEMBL1210208,CCOc1cc(CN2CCC(CC2)NC(=O)c3cncc(C)c3)cc(OCC)c1c4ccccc4,8.27
122,CHEMBL3665748,CCOc1ccc(cc1)c2nn(cc2CN3CCC4(CC3)CN(C(=O)O4)c5ccc(cc5)C(=O)O)c6ccccc6,8.27
123,CHEMBL3665755,OC(=O)c1ccc(cc1)N2CC3(CCN(Cc4cn(nc4c5ccc(F)cc5)c6ccc(F)cc6)CC3)OC2=O,8.27
124,CHEMBL3665773,CC(C)(C)Cn1cc(CN2CCC3(CC2)CN(C(=O)O3)c4ccc(cc4)C(=O)O)c(n1)c5ccc(F)c(Cl)c5,8.28
125,CHEMBL501699,CC(=O)N[C@@H]1Cc2c(CN([C@@H](CCCCN)C(=O)NCc3ccccc3)C1=O)[nH]c4ccccc24.OC(=O)C(F)(F)F,8.3
126,CHEMBL1210030,CCOc1cc(CN2CCC(CC2)NC(=O)c3cncc(C)c3)ccc1c4ccc(F)cc4,8.31
127,CHEMBL3665794,CCOc1cc(CN2CCCC3(CC2)CN(C(=O)O3)c4ccc(cc4)C(=O)O)cc(OCC)c1c5ccc(F)cc5,8.31
128,CHEMBL3665757,COc1cccc(c1)c2nn(cc2CN3CCC4(CC3)CN(C(=O)O4)c5ccc(cc5)C(=O)O)c6ccccc6,8.31
129,CHEMBL1223232,C[C@@H](O)[C@@H](CO)NC(=O)[C@@H]1C\C=C/C[C@H](NC(=O)[C@H](N)Cc2ccccc2)C(=O)N[C@@H](Cc3cccc4ccccc34)C(=O)N[C@H](Cc5cc6ccccc6[nH]5)C(=O)N[C@@H](CCCCN)C(=O)N[C@@H](Cc7ccc(OC(=O)c8ccccc8)cc7)C(=O)N1,8.31
130,CHEMBL436783,C[C@@H](O)[C@H](NC(=O)[C@@H]1CSC[C@@H](NC(=O)[C@H](N)Cc2ccccc2)C(=O)N[C@H](Cc3ccccc3)C(=O)N[C@@H](Cc4c[nH]c5ccccc45)C(=O)N[C@H](CCCCN)C(=O)N[C@@H]([C@@H](C)O)C(=O)N1)C(=O)N,8.31
131,CHEMBL3665777,CC(C)(C)n1cc(CN2CCC3(CC2)CN(C(=O)O3)c4ccc(C(=O)O)c(F)c4)c(n1)c5ccc(F)c(F)c5F,8.33
132,CHEMBL3665750,COc1ccccc1c2nn(cc2CN3CCC4(CC3)CN(C(=O)O4)c5ccc(cc5)C(=O)O)C(C)(C)C,8.33
133,CHEMBL3665769,OC(=O)c1ccc(cc1)N2CC3(CCN(Cc4cn(nc4c5ccc(F)c(Cl)c5)c6ccccc6)CC3)OC2=O,8.33
134,CHEMBL3665741,COc1ccc(cc1)c2nn(cc2CN3CCC4(CC3)CN(C(=O)O4)c5ccc(cc5)C(=O)O)C6CC6,8.34
135,CHEMBL2372667,C[C@@H](O)[C@@H]1NC(=O)[C@@H](CCCCN)NC(=O)[C@@H](Cc2c[nH]c3ccccc23)NC(=O)[C@@H](Cc4c[nH]c5ccccc45)NC(=O)[C@H](Cc6ccccc6)NC(=O)C(CSSCCN(CC(=O)N)C(=O)[C@@H](Cc7ccccc7)NC1=O)NC(=O)[C@@H](N)Cc8ccccc8,8.35
136,CHEMBL1210085,CCOc1cc(CN2CCC(CC2)NC(=O)c3cncc(C)c3)cc(OCC)c1Cl,8.36
137,CHEMBL1210207,CCOc1cc(CN2CCC(CC2)NC(=O)c3cncc(C)c3)cc(OCC)c1c4ccc(F)cc4,8.36
138,CHEMBL266469,C[C@@H](O)[C@H](NC(=O)[C@@H]1CSC[C@@H](NC(=O)[C@H](N)Cc2ccccc2)C(=O)N[C@H](Cc3ccccc3)C(=O)N[C@@H](Cc4c[nH]c5ccccc45)C(=O)N[C@H](CCCCN)C(=O)N[C@@H]([C@@H](C)O)C(=O)N1)C(=O)O,8.38
139,CHEMBL3665749,CC(C)(C)n1cc(CN2CCC3(CC2)CN(C(=O)O3)c4ccc(C(=O)O)c(Cl)c4)c(n1)c5cc(F)c(Cl)cc5F,8.39
140,CHEMBL1210084,CCOc1cc(CN2CCC(CC2)NC(=O)c3cncc(C)c3)cc(OCC)c1C,8.4
141,CHEMBL3665812,CCOc1cc(CN2CCC3(CC2)CN(C(=O)O3)C4=CNC(=O)C=C4)cc(OCC)c1c5ccc(F)cc5,8.42
142,CHEMBL3665751,OC(=O)c1ccc(cc1)N2CC3(CCN(Cc4cn(nc4c5cc(F)c(F)cc5F)c6ccccc6)CC3)OC2=O,8.42
143,CHEMBL499398,NCCCC[C@H](N1Cc2[nH]c3ccccc3c2C[C@@H](NC(=O)c4ccc(Cl)cc4)C1=O)C(=O)NCc5ccccc5.OC(=O)C(F)(F)F,8.43
144,CHEMBL3670726,CC1(C)CCOc2c(F)cc(CN3CCC4(CC3)CN(C(=O)O4)c5ccc(cc5)C(=O)O)cc12,8.44
145,CHEMBL505888,NCCCC[C@H](N1Cc2[nH]c3ccccc3c2C[C@@H](NC(=O)Cc4ccccc4)C1=O)C(=O)NCc5cccc6ccccc56.OC(=O)C(F)(F)F,8.46
146,CHEMBL509513,NCCCC[C@H](N1Cc2[nH]c3ccccc3c2C[C@@H](NC(=O)N4CCN(CC4)S(=O)(=O)c5ccccc5)C1=O)C(=O)NCc6ccccc6.OC(=O)C(F)(F)F,8.46
147,CHEMBL448026,NCCCC[C@H](N1Cc2[nH]c3ccccc3c2C[C@@H](NC(=O)CCc4ccccc4)C1=O)C(=O)NCc5ccccc5.OC(=O)C(F)(F)F,8.47
148,CHEMBL3665756,OC(=O)c1ccc(cc1)N2CC3(CCN(Cc4cn(nc4c5ccc(F)c(F)c5F)c6cccc7OCCOc67)CC3)OC2=O,8.49
149,CHEMBL466609,C[C@H](NC(=O)[C@H](CCCCN)N1Cc2[nH]c3ccccc3c2C[C@@H](NC(=O)Cc4ccccc4)C1=O)c5ccccc5.OC(=O)C(F)(F)F,8.5
150,CHEMBL1080585,CCOc1cc(CN2CCC(CC2)Nc3oc4ccc(cc4n3)C(=O)O)cc(OCC)c1Cl,8.52
151,CHEMBL3665778,CC(C)(C)n1cc(CN2CCC3(CC2)CN(C(=O)O3)c4ccc(cn4)C(=O)O)c(n1)c5ccc(F)c(F)c5F,8.54
152,CHEMBL3639646,COc1ccc(cc1)c2nn(cc2CN3CCC4(CC3)CN(C(=O)O4)c5ccc(cc5)C(=O)O)C(C)(C)C,8.54
153,CHEMBL443084,NCCCC[C@H](N1Cc2[nH]c3ccccc3c2C[C@@H](NC(=O)N4CCC5(CC4)CCc6ccccc56)C1=O)C(=O)NCc7ccccc7.OC(=O)C(F)(F)F,8.54
154,CHEMBL406051,C[C@@H](O)[C@@H]1NC(=O)[C@@H](CCCCN)NC(=O)[C@@H](Cc2c[nH]c3ccccc23)NC(=O)[C@@H](Cc4c[nH]c5ccccc45)NC(=O)[C@H](Cc6ccccc6)NC(=O)CCSSCCN(CC(=O)N)C(=O)[C@@H](Cc7ccccc7)NC1=O,8.55
155,CHEMBL3665740,OC(=O)c1ccc(cc1)N2CC3(CCN(Cc4cn(nc4c5ccccc5)c6ccccc6)CC3)OC2=O,8.55
156,CHEMBL3665814,CCOc1cc(CN2CCC3(CC2)CN(C(=O)O3)c4ccc(C(=O)O)c(c4)C(F)(F)F)cc(OCC)c1c5ccc(F)cc5,8.56
157,CHEMBL3665753,CCCCn1cc(CN2CCC3(CC2)CN(C(=O)O3)c4ccc(cc4)C(=O)O)c(n1)c5ccc(F)c(F)c5F,8.57
158,CHEMBL3665761,OC(=O)c1ccc(cc1)N2CC3(CCN(Cc4cn(nc4c5ccc(F)c(F)c5F)c6ccc7ccccc7c6)CC3)OC2=O,8.57
159,CHEMBL3665744,CC(C)(C)n1cc(CN2CCC3(CC2)CN(C(=O)O3)c4ccc(cc4)C(=O)O)c(n1)c5cc(F)c(F)cc5F,8.58
160,CHEMBL1210209,CCOc1cc(CN2CCC(CC2)NC(=O)c3ccc(NC)nc3)cc(OCC)c1c4ccc(F)cc4,8.6
161,CHEMBL3647712,C[C@@H](O)[C@@H]1NC(=O)[C@H](CCCCN)NC(=O)[C@@H](Cc2c[nH]c3ccccc23)NC(=O)[C@H](Cc4ccccc4)NC(=O)[C@H](Cc5ccccc5)NC(=O)[C@H](CCCNC(=N)N)NC(=O)[C@@H](CCCCNC(=O)[C@H](Cc6ccccc6)NC1=O)NC(=O)[C@@H](Cc7ccc(O)cc7)NC(=O)CSC[C@@H]8C[C@H]9[C@@H](Cc%10c[nH]c%11cccc9c%10%11)N(C)C8,8.61
162,CHEMBL1210141,CCOc1cc(CN2CCC(CC2)NC(=O)c3cncc(C)c3)cc(OCC)c1c4ccc(OC(F)(F)F)cc4,8.62
163,CHEMBL3647699,C[C@@H](O)[C@@H]1NC(=O)[C@H](CCCCN)NC(=O)[C@@H](Cc2c[nH]c3ccccc23)NC(=O)[C@H](Cc4ccncc4)NC(=O)[C@H](Cc5ccccc5)NC(=O)[C@H](CCCNC(=N)N)NC(=O)[C@@H](CCCCNC(=O)[C@H](Cc6ccccc6)NC1=O)NC(=O)CSC[C@@H]7C[C@H]8[C@@H](Cc9c[nH]c%10cccc8c9%10)N(C)C7,8.62
164,CHEMBL3665848,Cc1cc(CN2CCC3(CC2)CN(C(=O)O3)c4ccc(cc4)C(=O)O)cc5c1OCC5(C)C,8.62
165,CHEMBL3647705,C[C@@H](O)[C@@H]1NC(=O)[C@H](CCCCN)NC(=O)[C@@H](Cc2c[nH]c3ccccc23)NC(=O)[C@H](Cc4ccncc4)NC(=O)[C@H](Cc5ccccc5)NC(=O)[C@H](CCCNC(=N)N)NC(=O)[C@@H](CCCCNC(=O)[C@H](Cc6ccccc6)NC1=O)N(CCSC[C@@H]7C[C@H]8[C@@H](Cc9c[nH]c%10cccc8c9%10)N(C)C7)CCSC[C@@H]%11C[C@H]%12[C@@H](Cc%13c[nH]c%14cccc%12c%13%14)N(C)C%11,8.63
166,CHEMBL3665843,Cc1ccc(cn1)c2cc(C)c(Cl)cc2CN3CCC4(CC3)CN(C(=O)O4)c5ccc(cc5)C(=O)O,8.64
167,CHEMBL189554,NCCCCn1c(SCCc2c[nH]c3ccc(Cl)cc23)nnc1c4ccc5ccccc5n4,8.64
168,CHEMBL3665738,CC(C)(C)n1cc(CN2CCC3(CC2)CN(C(=O)O3)c4ccc(cc4)C(=O)O)c(n1)c5ccc(F)c(F)c5F,8.65
169,CHEMBL3665758,OC(=O)c1ccc(cc1)N2CC3(CCN(Cc4cn(nc4c5ccc(OC(F)(F)F)cc5)C6CCCCC6)CC3)OC2=O,8.65
170,CHEMBL3665816,CCOc1cc(CN2CCC3(CC2)CN(C(=O)O3)c4cc(ccn4)C(=O)O)cc(OCC)c1c5ccc(F)cc5,8.66
171,CHEMBL3665745,CC(C)(C)n1cc(CN2CCC3(CC2)CN(C(=O)O3)c4ccc(cc4)C(=O)O)c(n1)c5c(F)cc(F)cc5F,8.67
172,CHEMBL3665752,CC(C)n1cc(CN2CCC3(CC2)CN(C(=O)O3)c4ccc(cc4)C(=O)O)c(n1)c5ccc(F)c(F)c5F,8.67
173,CHEMBL3665804,CCOc1cc(CN2CCC3(CC2)CN(C(=O)O3)c4cncc(c4)C(=O)O)cc(OCC)c1c5ccc(F)cc5,8.67
174,CHEMBL3665766,CC(C)(C)n1cc(CN2CCC3(CC2)CN(C(=O)O3)c4ccc(cc4)C(=O)O)c(n1)c5cc(F)c(Cl)cc5F,8.68
175,CHEMBL187768,Cc1cccc2c(CCSc3nnc(c4ccc5ccccc5n4)n3CCCCN)c[nH]c12,8.68
176,CHEMBL3665767,COc1ccc(c(F)c1)c2nn(cc2CN3CCC4(CC3)CN(C(=O)O4)c5ccc(cc5)C(=O)O)C(C)(C)C,8.69
177,CHEMBL3665746,COc1ccc(cc1)c2nn(cc2CN3CCC4(CC3)CN(C(=O)O4)c5ccc(cc5)C(=O)O)c6ccccc6,8.7
178,CHEMBL3665759,OC(=O)c1ccc(cc1)N2CC3(CCN(Cc4cn(nc4c5ccc(cc5)C(F)(F)F)C6CCCCC6)CC3)OC2=O,8.7
179,CHEMBL3665765,CC(C)(C)n1cc(CN2CCC3(CC2)CN(C(=O)O3)c4ccc(cc4)C(=O)O)c(n1)c5ccc(F)cc5F,8.71
180,CHEMBL3670728,CC1CCOc2c(C)cc(CN3CCC4(CC3)CN(C(=O)O4)c5ccc(cc5)C(=O)O)cc12,8.74
181,CHEMBL3665789,OC(=O)c1ccc(cc1)N2CC3(CCN(Cc4cnn(c5ccccc5)c4c6cc(F)c(F)cc6F)CC3)OC2=O,8.74
182,CHEMBL504930,NCCCC[C@H](N1Cc2[nH]c3ccccc3c2C[C@@H](NC(=O)c4ccccc4)C1=O)C(=O)NCc5ccccc5.OC(=O)C(F)(F)F,8.75
183,CHEMBL3670765,CC(C)(C)c1nc(c(CN2CCC3(CC2)CN(C(=O)O3)c4ccc(cc4)C(=O)O)s1)c5cc(F)c(F)cc5F,8.76
184,CHEMBL363092,NCCCCn1c(SCCc2c[nH]c3cc(F)ccc23)nnc1c4ccc5ccccc5n4,8.77
185,CHEMBL3647677,C[C@@H](O)[C@@H]1NC(=O)[C@H](CCCCN)NC(=O)[C@@H](Cc2c[nH]c3ccccc23)NC(=O)[C@H](Cc4ccccc4)NC(=O)[C@H](Cc5ccccc5)NC(=O)[C@H](CCCNC(=N)N)NC(=O)[C@@H](CCCCNC(=O)[C@H](Cc6ccc(F)cc6)NC1=O)NC[C@H](Cc7ccc(O)cc7)NC(=O)CSC[C@@H]8C[C@H]9[C@@H](Cc%10c[nH]c%11cccc9c%10%11)N(C)C8,8.78
186,CHEMBL3647707,C[C@@H](O)[C@@H]1NC(=O)[C@H](CCCCN)NC(=O)[C@@H](Cc2c[nH]c3ccccc23)NC(=O)[C@H](Cc4ccccc4)NC(=O)[C@H](Cc5ccccc5)NC(=O)[C@H](CCCNC(=N)N)NC(=O)[C@@H](CCCCNC(=O)[C@H](Cc6ccccc6)NC1=O)NC[C@H](Cc7ccc(O)cc7)NC(=O)CSC[C@@H]8C[C@H]9[C@@H](Cc%10c[nH]c%11cccc9c%10%11)N(C)C8,8.8
187,CHEMBL3665772,Cc1cc(ccc1N2CC3(CCN(Cc4cn(nc4c5ccc(F)c(F)c5F)C(C)(C)C)CC3)OC2=O)C(=O)O,8.8
188,CHEMBL3670722,CC1(C)CCOc2ccc(CN3CCC4(CC3)CN(C(=O)O4)c5ccc(cc5)C(=O)O)cc12,8.81
189,CHEMBL3647686,C[C@@H](O)[C@@H]1NC(=O)[C@H](CCCCN)NC(=O)[C@@H](Cc2c[nH]c3ccccc23)NC(=O)[C@H](Cc4ccncc4)NC(=O)[C@H](Cc5ccccc5)NC(=O)[C@H](CCCNC(=N)N)NC(=O)[C@@H](CCCCNC(=O)[C@H](Cc6ccccc6)NC1=O)NC[C@H](CCCCNC(=O)CSC[C@@H]7C[C@H]8[C@@H](Cc9c[nH]c%10cccc8c9%10)N(C)C7)NC(=O)CSC[C@@H]%11C[C@H]%12[C@@H](Cc%13c[nH]c%14cccc%12c%13%14)N(C)C%11,8.81
190,CHEMBL3665743,Cc1ccc(c(C)c1)n2cc(CN3CCC4(CC3)CN(C(=O)O4)c5ccc(cc5)C(=O)O)c(n2)c6ccc(F)c(F)c6F,8.81
191,CHEMBL3665742,OC(=O)c1ccc(cc1)N2CC3(CCN(Cc4cn(nc4c5cccc(c5)C(F)(F)F)C6CCCCC6)CC3)OC2=O,8.81
192,CHEMBL3665846,CCOc1ccc(c(CN2CCC3(CC2)CN(C(=O)O3)c4ccc(cc4)C(=O)O)c1)c5nccs5,8.82
193,CHEMBL3665801,CCOc1cc(CN2CCC3(CC2)CN(C(=O)O3)c4cncc(O)c4)cc(OCC)c1c5ccc(F)cc5,8.83
194,CHEMBL3647685,C[C@@H](O)[C@@H]1NC(=O)[C@H](CCCCN)NC(=O)[C@@H](Cc2c[nH]c3ccccc23)NC(=O)[C@H](Cc4ccncc4)NC(=O)[C@H](Cc5ccccc5)NC(=O)[C@H](CCCNC(=N)N)NC(=O)[C@@H](CCCCNC(=O)[C@H](Cc6ccc(O)cc6)NC1=O)NC[C@H](CCCCNC(=O)CSC[C@@H]7C[C@H]8[C@@H](Cc9c[nH]c%10cccc8c9%10)N(C)C7)NC(=O)CSC[C@@H]%11C[C@H]%12[C@@H](Cc%13c[nH]c%14cccc%12c%13%14)N(C)C%11,8.83
195,CHEMBL3665830,OC(=O)c1ccc(cc1)N2CC3(CCN(Cc4cc(ccc4c5ccc(F)nc5)C(F)(F)F)CC3)OC2=O,8.83
196,CHEMBL3670756,COc1ccc2c(c1)c(CN3CCC4(CC3)CN(C(=O)O4)c5ccc(cc5)C(=O)O)cn2C(C)C,8.84
197,CHEMBL3665807,CCOc1cc(CN2CCC3(CC2)CN(C(=O)O3)c4ccc(C(=O)O)c(C)c4)cc(OCC)c1c5ccc(F)cc5,8.85
198,CHEMBL3665803,CCOc1cc(CN2CCC3(CC2)CN(C(=O)O3)c4ccc(nc4)C(=O)O)cc(OCC)c1c5ccc(F)cc5,8.85
199,CHEMBL454202,NCCCC[C@H](N1Cc2[nH]c3ccccc3c2C[C@@H](NC(=O)C4CCN(CC4)C(=O)c5ccccc5)C1=O)C(=O)NCc6ccccc6.OC(=O)C(F)(F)F,8.85
200,CHEMBL3650455,C[C@@H](O)C1NC(=O)[C@H](CCCCN)NC(=O)[C@@H](Cc2c[nH]c3ccccc23)NC(=O)[C@H](Cc4ccccc4)NC(=O)[C@H](Cc5ccccc5)NC(=O)[C@H](CCCNC(=N)N)NC(=O)[C@@H](CCCCNC(=O)[C@H](Cc6ccccc6)NC1=O)NC(=O)CSC[C@@H]7C[C@H]8[C@@H](Cc9c[nH]c%10cccc8c9%10)N(C)C7,8.86
201,CHEMBL3670758,COc1ccc(cc1)c2nc(sc2CN3CCC4(CC3)CN(C(=O)O4)c5ccc(cc5)C(=O)O)C6CCCCC6,8.87
202,CHEMBL3665845,Cc1cc(c(CN2CCC3(CC2)CN(C(=O)O3)c4ccc(cc4)C(=O)O)cc1Cl)c5ccc(F)nc5,8.88
203,CHEMBL3665754,OC(=O)c1ccc(cc1)N2CC3(CCN(Cc4cn(nc4c5ccc(F)c(F)c5F)C6CCCCC6)CC3)OC2=O,8.88
204,CHEMBL408471,C[C@@H](O)[C@@H]1NC(=O)[C@@H](CCCCN)NC(=O)[C@@H](Cc2c[nH]c3ccccc23)NC(=O)[C@@H](Cc4c[nH]c5ccccc45)NC(=O)[C@H](Cc6ccccc6)NC(=O)CSSCCN(CC(=O)N)C(=O)[C@@H](Cc7ccccc7)NC1=O,8.89
205,CHEMBL3665768,OC(=O)c1ccc(cc1)N2CC3(CCN(Cc4cn(nc4c5cc(F)c(F)cc5F)C6CCCCC6)CC3)OC2=O,8.89
206,CHEMBL3670727,CC1(C)CCOc2c(Cl)cc(CN3CCC4(CC3)CN(C(=O)O4)c5ccc(cc5)C(=O)O)cc12,8.9
207,CHEMBL3665808,CCOc1cc(CN2CCC3(CC2)CN(C(=O)O3)c4ccc(C(=O)O)c(Cl)c4)cc(OCC)c1c5ccc(F)cc5,8.92
208,CHEMBL227212,NCCCC[C@H](N1Cc2[nH]c3ccccc3c2C[C@@H](NC(=O)Cc4ccccc4)C1=O)C(=O)NCc5ccccc5,8.92
209,CHEMBL504838,NCCCC[C@H](N1Cc2[nH]c3ccccc3c2C[C@@H](NC(=O)Cc4ccccc4)C1=O)C(=O)NCc5ccccc5.OC(=O)C(F)(F)F,8.92
210,CHEMBL3665815,CCOc1cc(CN2CCC3(CC2)CN(C(=O)O3)c4ccc(cc4C)C(=O)O)cc(OCC)c1c5ccc(F)cc5,8.93
211,CHEMBL3665817,CCOc1cc(CN2CCC3(CC2)CN(C(=O)O3)c4ccc(C(=O)O)c(F)c4)cc(OCC)c1c5ccc(F)cc5,8.94
212,CHEMBL3665844,Cc1cc(c(CN2CCC3(CC2)CN(C(=O)O3)c4ccc(cc4)C(=O)O)cc1Cl)c5cc(F)c(F)cc5F,8.95
213,CHEMBL3670750,CCCn1cc(CN2CCC3(CC2)CN(C(=O)O3)c4ccc(cc4)C(=O)O)c5ccc(OC)cc15,8.97
214,CHEMBL406000,C[C@@H](O)[C@@H]1NC(=O)[C@@H](CCCCN)NC(=O)[C@@H](Cc2c[nH]c3ccccc23)NC(=O)[C@@H](Cc4c[nH]c5ccccc45)NC(=O)[C@H](Cc6ccccc6)NC(=O)CCCNC(=O)CCCN(CC(=O)N)C(=O)[C@@H](Cc7ccccc7)NC1=O,9.0
215,CHEMBL3665833,CCOc1ccc(c(CN2CCC3(CC2)CN(C(=O)O3)c4ccc(C(=O)O)c(C)c4)c1)c5ccc(F)c(F)c5F,9.01
216,CHEMBL3665850,CCOc1cccc2c(OCC)cc(CN3CCC4(CC3)CN(C(=O)O4)c5ccc(cc5)C(=O)O)cc12,9.01
217,CHEMBL3647700,C[C@@H](O)[C@@H]1NC(=O)[C@H](CCCCN)NC(=O)[C@@H](Cc2c[nH]c3ccccc23)NC(=O)[C@H](Cc4ccncc4)NC(=O)[C@H](Cc5ccccc5)NC(=O)[C@H](CCCNC(=N)N)NC(=O)[C@@H](CCCCNC(=O)[C@H](Cc6ccc(O)cc6)NC1=O)NC(=O)CSC[C@@H]7C[C@H]8[C@@H](Cc9c[nH]c%10cccc8c9%10)N(C)C7,9.02
218,CHEMBL3665810,CCOc1cc(CN2CCC3(CC2)CN(C(=O)O3)c4ccc(cn4)C(=O)O)cc(OCC)c1c5ccc(F)cc5,9.03
219,CHEMBL3665739,OC(=O)c1ccc(cc1)N2CC3(CCN(Cc4cn(nc4c5ccc(F)c(Cl)c5)C6CCCCC6)CC3)OC2=O,9.03
220,CHEMBL3647676,C[C@@H](O)[C@@H]1NC(=O)[C@H](CCCCN)NC(=O)[C@@H](Cc2c[nH]c3ccccc23)NC(=O)[C@H](Cc4ccncc4)NC(=O)[C@H](Cc5ccccc5)NC(=O)[C@H](CCCNC(=N)N)NC(=O)[C@@H](CCCCNC(=O)[C@H](Cc6ccccc6)NC1=O)NC[C@H](Cc7ccc(O)cc7)NC(=O)CSC[C@@H]8C[C@H]9[C@@H](Cc%10c[nH]c%11cccc9c%10%11)N(C)C8,9.04
221,CHEMBL3670746,COc1ccc2c(CN3CCC4(CC3)CN(C(=O)O4)c5ccc(cc5)C(=O)O)cn(C(C)C)c2c1,9.07
222,CHEMBL3647693,C[C@@H](O)[C@@H]1NC(=O)[C@H](CCCCN)NC(=O)[C@@H](Cc2c[nH]c3ccccc23)NC(=O)[C@H](Cc4ccncc4)NC(=O)[C@H](Cc5ccccc5)NC(=O)[C@H](CCCNC(=N)N)NC(=O)[C@@H](CCCCNC(=O)[C@H](Cc6ccccc6)NC1=O)NC[C@H](CCCCNC(=O)C[S+]([O-])C[C@@H]7C[C@H]8[C@@H](Cc9c[nH]c%10cccc8c9%10)N(C)C7)NC(=O)C[S+]([O-])C[C@@H]%11C[C@H]%12[C@@H](Cc%13c[nH]c%14cccc%12c%13%14)N(C)C%11,9.07
223,CHEMBL499681,NCCCC[C@H](N1Cc2[nH]c3ccccc3c2C[C@@H](NC(=O)N4CCC(CC4)N5C(=O)Nc6ccccc56)C1=O)C(=O)NCc7ccccc7.OC(=O)C(F)(F)F,9.07
224,CHEMBL3647709,C[C@@H](O)[C@@H]1NC(=O)[C@H](CCCCN)NC(=O)[C@@H](Cc2c[nH]c3ccccc23)NC(=O)[C@H](Cc4ccccc4)NC(=O)[C@H](Cc5ccccc5)NC(=O)[C@H](CCCNC(=N)N)NC(=O)[C@@H](CCCCNC(=O)[C@H](Cc6ccc(O)cc6)NC1=O)NC[C@H](Cc7ccc(O)cc7)NC(=O)CSC[C@@H]8C[C@H]9[C@@H](Cc%10c[nH]c%11cccc9c%10%11)N(C)C8,9.09
225,CHEMBL3665821,CCOc1ccc(c(CN2CCC3(CC2)CN(C(=O)O3)c4ccc(cc4)C(=O)O)c1)c5cc(F)c(F)cc5F,9.1
226,CHEMBL3665800,CCOc1cc(CN2CCC3(CC2)CN(C(=O)O3)c4ccc(cc4)C(=O)O)cc(OCC)c1c5ccc(F)cc5,9.11
227,CHEMBL3665760,CC1(C)C2CCC(C2)C1n3cc(CN4CCC5(CC4)CN(C(=O)O5)c6ccc(cc6)C(=O)O)c(n3)c7ccc(F)c(F)c7F,9.13
228,CHEMBL3647688,C[C@@H](O)[C@@H]1NC(=O)[C@H](CCCCN)NC(=O)[C@@H](Cc2c[nH]c3ccccc23)NC(=O)[C@H](Cc4ccncc4)NC(=O)[C@H](Cc5ccccc5)NC(=O)[C@H](CCCNC(=N)N)NC(=O)[C@@H](CCCCNC(=O)[C@H](Cc6ccc(O)cc6)NC1=O)NCC[S+]([O-])C[C@@H]7C[C@H]8[C@@H](Cc9c[nH]c%10cccc8c9%10)N(C)C7,9.13
229,CHEMBL3665849,CCOc1cc(CN2CCC3(CC2)CN(C(=O)O3)c4ccc(cc4)C(=O)O)cc5c(OC)cccc15,9.15
230,CHEMBL3670759,COc1ccc(cc1)c2nc(sc2CN3CCC4(CC3)CN(C(=O)O4)c5ccc(cc5)C(=O)O)C(C)(C)C,9.15
231,CHEMBL3665852,CCOc1cc(CN2CCC3(CC2)CN(C(=O)O3)c4ccc(cc4)C(=O)O)cc5c(OC)cc(Cl)cc15,9.19
232,CHEMBL3665840,CCOc1cc(CN2CCC3(CC2)CN(C(=O)O3)c4ccc(cc4)C(=O)O)c(cc1C)c5ccc(nc5)C(F)(F)F,9.2
233,CHEMBL447455,NCCCC[C@H](N1Cc2[nH]c3ccccc3c2C[C@@H](NC(=O)Cc4ccccc4)C1=O)C(=O)NCCc5ccccc5.OC(=O)C(F)(F)F,9.22
234,CHEMBL3665764,CC(C)(C)n1cc(CN2CCC3(CC2)CN(C(=O)O3)c4ccc(cc4)c5nnn[nH]5)c(n1)c6cc(F)c(Cl)cc6F,9.24
235,CHEMBL442605,CC(=O)N[C@@H]1Cc2c(CN([C@@H](CCCCN)C(=O)NCCc3ccccc3)C1=O)[nH]c4ccccc24.OC(=O)C(F)(F)F,9.25
236,CHEMBL3665826,CC(C)Oc1ccc(c(CN2CCC3(CC2)CN(C(=O)O3)c4ccc(cc4)C(=O)O)c1)c5ccc(F)c(F)c5F,9.26
237,CHEMBL3670755,CC(C)n1cc(CN2CCC3(CC2)CN(C(=O)O3)c4ccc(cc4)C(=O)O)c5cc(Br)ccc15,9.26
238,CHEMBL3665825,CCOc1ccc(c(CN2CCC3(CC2)CN(C(=O)O3)c4ccc(cc4)C(=O)O)c1)c5ccc(F)c(F)c5F,9.26
239,CHEMBL3647678,C[C@@H](O)[C@@H]1NC(=O)[C@H](CCCCN)NC(=O)[C@@H](Cc2c[nH]c3ccccc23)NC(=O)[C@H](Cc4ccccc4)NC(=O)[C@H](Cc5ccccc5)NC(=O)[C@H](CCCNC(=N)N)NC(=O)[C@@H](CCCCNC(=O)[C@H](Cc6ccc(F)cc6)NC1=O)NCCSC[C@@H]7C[C@H]8[C@@H](Cc9c[nH]c%10cccc8c9%10)N(C)C7,9.28
240,CHEMBL3647702,C[C@@H](O)[C@@H]1NC(=O)[C@H](CCCCN)NC(=O)[C@@H](Cc2c[nH]c3ccccc23)NC(=O)[C@H](Cc4ccccc4)NC(=O)[C@H](Cc5ccccc5)NC(=O)[C@H](CCCNC(=N)N)NC(=O)[C@@H](CCCCNC(=O)[C@H](Cc6ccc(F)cc6)NC1=O)NC[C@@H](Cc7ccc(O)cc7)NC(=O)CCN(C[C@@H]8C[C@H]9[C@@H](Cc%10c[nH]c%11cccc9c%10%11)N(C)C8)C(=O)C,9.28
241,CHEMBL3647684,C[C@@H](O)[C@@H]1NC(=O)[C@H](CCCCN)NC(=O)[C@@H](Cc2c[nH]c3ccccc23)NC(=O)[C@H](Cc4ccncc4)NC(=O)[C@H](Cc5ccccc5)NC(=O)[C@H](CCCNC(=N)N)NC(=O)[C@@H](CCCCNC(=O)[C@H](Cc6ccc(O)cc6)NC1=O)NCCSC[C@@H]7C[C@H]8[C@@H](Cc9c[nH]c%10cccc8c9%10)N(C)C7,9.29
242,CHEMBL3665824,CCOc1ccc(c(CN2CCC3(CC2)CN(C(=O)O3)c4ccc(cc4)C(=O)O)c1)c5ccc(F)c(F)c5,9.3
243,CHEMBL3665823,CCOc1ccc(c(CN2CCC3(CC2)CN(C(=O)O3)c4ccc(cc4)C(=O)O)c1)c5ccc(F)cc5F,9.31
244,CHEMBL3665828,CCOc1cc(CN2CCC3(CC2)CN(C(=O)O3)c4ccc(cc4C)C(=O)O)c(cc1C)c5ccc(F)c(F)c5F,9.32
245,CHEMBL3665842,CCOc1cc(CN2CCC3(CC2)CN(C(=O)O3)c4ccc(cc4Cl)C(=O)O)c(cc1C)c5ccc(F)c(F)c5F,9.33
246,CHEMBL3665820,CCOc1cc(CN2CCC3(CC2)CN(C(=O)O3)c4ccc(cc4F)C(=O)O)cc(OCC)c1c5ccc(F)cc5,9.36
247,CHEMBL3665829,OC(=O)c1ccc(cc1)N2CC3(CCN(Cc4cc(ccc4c5ccc(F)c(F)c5F)C(F)(F)F)CC3)OC2=O,9.36
248,CHEMBL3665855,CCOc1cc(CN2CCC3(CC2)CN(C(=O)O3)c4ccc(cc4)C(=O)O)cc5cnc(cc15)C(F)(F)F,9.37
249,CHEMBL3665763,CC(C)(C)n1cc(CN2CCC3(CC2)CN(C(=O)O3)c4ccc(cc4)C(=O)O)c(n1)c5ccc(F)c(Cl)c5,9.38
250,CHEMBL3665827,CCOc1cc(CN2CCC3(CC2)CN(C(=O)O3)c4ccc(cc4)C(=O)O)c(cc1C)c5ccc(F)c(F)c5F,9.39
251,CHEMBL3665834,CCOc1cc(CN2CCC3(CC2)CN(C(=O)O3)c4ccc(cc4)C(=O)O)c(cc1C)c5ccc(F)nc5,9.39
252,CHEMBL3665847,CCOc1cc(CN2CCC3(CC2)CN(C(=O)O3)c4ccc(cc4)C(=O)O)c(cc1C)n5cc(C)cn5,9.4
253,CHEMBL3665841,CCOc1cc(CN2CCC3(CC2)CN(C(=O)O3)c4ccc(cc4F)C(=O)O)c(cc1C)c5ccc(F)c(F)c5F,9.4
254,CHEMBL518199,C[C@H](N)COC(=O)[C@@H](CCCCN)NC(=O)Cc1c([nH]c2c1ccc3ccccc23)c4ccc5ccccc5c4,9.4
255,CHEMBL252764,C[C@H](N)COC(=O)[C@H](CCCCN)NC(=O)Cc1c([nH]c2c1ccc3ccccc23)c4ccc5ccccc5c4,9.4
256,CHEMBL434159,Cc1cccc2c(c[nH]c12)C(=O)CCSc3nnc(c4ccc5ccccc5n4)n3CCCCN,9.42
257,CHEMBL3647690,C[C@@H](O)[C@@H]1NC(=O)[C@H](CCCCN)NC(=O)[C@@H](Cc2c[nH]c3ccccc23)NC(=O)[C@H](Cc4ccccc4)NC(=O)[C@H](Cc5ccccc5)NC(=O)[C@H](CCCNC(=N)N)NC(=O)[C@@H](CCCCNC(=O)[C@H](Cc6ccc(F)cc6)NC1=O)NCC[S+]([O-])C[C@@H]7C[C@H]8[C@@H](Cc9c[nH]c%10cccc8c9%10)N(C)C7,9.44
258,CHEMBL3665818,CCOc1cc(CN2CCC3(CC2)CN(C(=O)O3)c4ccc(cc4Cl)C(=O)O)cc(OCC)c1c5ccc(F)cc5,9.45
259,CHEMBL3670754,CC(C)n1cc(CN2CCC3(CC2)CN(C(=O)O3)c4ccc(cc4)C(=O)O)c5cc(ccc15)c6ccc(F)c(F)c6F,9.47
260,CHEMBL3647695,C[C@@H](O)[C@@H]1NC(=O)[C@H](CCCCN)NC(=O)[C@@H](Cc2c[nH]c3ccccc23)NC(=O)[C@H](Cc4ccncc4)NC(=O)[C@H](Cc5ccccc5)NC(=O)[C@H](CCCNC(=N)N)NC(=O)[C@@H](CCCCNC(=O)[C@H](Cc6ccc(O)cc6)NC1=O)NCCS(=O)(=O)C[C@@H]7C[C@H]8[C@@H](Cc9c[nH]c%10cccc8c9%10)N(C)C7,9.48
261,CHEMBL3665811,CCOc1cc(CN2CCC3(CC2)CN(C(=O)O3)c4ccc(cc4)c5nnn[nH]5)cc(OCC)c1c6ccc(F)cc6,9.49
262,CHEMBL3670725,Cc1cc(CN2CCC3(CC2)CN(C(=O)O3)c4ccc(cc4)C(=O)O)cc5c1OCCC5(C)C,9.5
263,CHEMBL457245,NCc1cccc(C[C@@H]2O[C@@H](CC(=O)NCc3ccccc3F)C(=O)N(Cc4ccc(cc4)c5ccccc5)c6ccccc26)c1,9.52
264,CHEMBL3665836,CC(C)Oc1ccc(c(CN2CCC3(CC2)CN(C(=O)O3)c4ccc(cc4)C(=O)O)c1)c5cc(F)c(F)cc5F,9.57
265,CHEMBL3670744,CC(C)n1nc(CN2CCC3(CC2)CN(C(=O)O3)c4ccc(cc4)C(=O)O)c5cc(OCc6ccccc6)ccc15,9.59
266,CHEMBL3665839,OC(=O)c1ccc(cc1)N2CC3(CCN(Cc4cc5CCCc5cc4c6cc(F)c(F)cc6F)CC3)OC2=O,9.61
267,CHEMBL3665854,CCOc1cc(CN2CCC3(CC2)CN(C(=O)O3)c4ccc(cc4)C(=O)O)cc5c(OC)ccc(Cl)c15,9.63
268,CHEMBL3665838,CCOc1cc(CN2CCC3(CC2)CN(C(=O)O3)c4ccc(C(=O)O)c(OC)c4)c(cc1C)c5ccc(F)c(F)c5F,9.64
269,CHEMBL3647689,C[C@@H](O)[C@@H]1NC(=O)[C@H](CCCCN)NC(=O)[C@@H](Cc2c[nH]c3ccccc23)NC(=O)[C@H](Cc4ccccc4)NC(=O)[C@H](Cc5ccccc5)NC(=O)[C@H](CCCNC(=N)N)NC(=O)[C@@H](CCCCNC(=O)[C@H](Cc6ccc(F)cc6)NC1=O)NC[C@H](Cc7ccc(O)cc7)NC(=O)C[S+]([O-])C[C@@H]8C[C@H]9[C@@H](Cc%10c[nH]c%11cccc9c%10%11)N(C)C8,9.64
270,CHEMBL3670748,CC(C)n1cc(CN2CCC3(CC2)CN(C(=O)O3)c4ccc(cc4)C(=O)O)c5c(OCc6ccccc6)cccc15,9.65
271,CHEMBL3098601,C[C@@H](O)[C@@H]1NC(=O)[C@H](Cc2ccccc2)NC(=O)[C@@H](NC(=O)[C@H](CCCCN)NC(=O)[C@H](Cc3c[nH]c4ccccc34)NC(=O)[C@H](Cc5ccccc5)NC(=O)[C@H](Cc6ccccc6)NC(=O)[C@H](CC(=O)N)NC(=O)[C@H](CCCCN)NC(=O)[C@H](C\C=C/C[C@H](NC(=O)[C@H](CO)NC1=O)C(=O)N)NC(=O)CNC(=O)[C@H](C)N)[C@@H](C)O,9.7
272,CHEMBL3665832,CCOc1cc(CN2CCC3(CC2)CN(C(=O)O3)c4ccc(C(=O)O)c(C)c4)c(cc1C)c5ccc(F)c(F)c5F,9.73
273,CHEMBL3665853,COc1cccc2c(OC)cc(CN3CCC4(CC3)CN(C(=O)O4)c5ccc(cc5)C(=O)O)cc12,9.77
274,CHEMBL3665837,OC(=O)c1ccc(cc1)N2CC3(CCN(Cc4cc(OC(F)(F)F)ccc4c5ccc(F)c(F)c5F)CC3)OC2=O,9.78
275,CHEMBL3647687,C[C@@H](O)[C@@H]1NC(=O)[C@H](CCCCN)NC(=O)[C@@H](Cc2c[nH]c3ccccc23)NC(=O)[C@H](Cc4ccccc4)NC(=O)[C@H](Cc5ccccc5)NC(=O)[C@H](CCCNC(=N)N)NC(=O)[C@@H](CCCCNC(=O)[C@H](Cc6ccc(F)cc6)NC1=O)NCCS(=O)(=O)C[C@@H]7C[C@H]8[C@@H](Cc9c[nH]c%10cccc8c9%10)N(C)C7,9.8
276,CHEMBL3665831,CCOc1cc(CN2CCC3(CC2)CN(C(=O)O3)c4ccc(cc4)C(=O)O)c(cc1C)c5cc(F)c(F)cc5F,9.82
277,CHEMBL3665819,CCOc1cc(CN2CCC3(CC2)CN(C(=O)O3)c4ccc(C(=O)O)c(OC)c4)cc(OCC)c1c5ccc(F)cc5,9.89
278,CHEMBL3647691,C[C@@H](O)[C@@H]1NC(=O)[C@H](CCCCN)NC(=O)[C@@H](Cc2c[nH]c3ccccc23)NC(=O)[C@H](Cc4ccncc4)NC(=O)[C@H](Cc5ccccc5)NC(=O)[C@H](CCCNC(=N)N)NC(=O)[C@@H](CCCCNC(=O)[C@H](Cc6ccccc6)NC1=O)NC[C@H](Cc7ccc(O)cc7)NC(=O)C[S+]([O-])C[C@@H]8C[C@H]9[C@@H](Cc%10c[nH]c%11cccc9c%10%11)N(C)C8,10.1
