,molecule_chembl_id,canonical_smiles,pchembl_value
0,CHEMBL236659,CC(C)(NC(=O)c1cc2ccccc2s1)C(=O)N[C@@H](Cc3ccccc3)C(=O)NCCOCCOCCN,7.0
1,CHEMBL297776,CC(O)[C@H](NC(=O)C)C(=O)N[C@H](Cc1cn(C=O)c2ccccc12)C(=O)N[C@@H](Cc3ccccc3)C(=O)N(C)Cc4ccccc4,7.0
2,CHEMBL236873,CCN(CC)CCCNC(=O)C(Cc1ccccc1)NC(=O)C2(CCCCC2)NC(=O)c3cc4ccccc4s3,7.0
3,CHEMBL237081,CCN(CC)CCNC(=O)C(Cc1ccccc1)NC(=O)C2(CCCCC2)NC(=O)c3cc4ccccc4s3,7.0
4,CHEMBL3651890,CN([C@@H]1CCN(C[C@H]1c2ccc(F)cc2)C3CCS(=O)(=O)CC3)C(=O)N(C)c4cc(cc(c4)C(F)(F)F)C(F)(F)F,7.0
5,CHEMBL237082,CN1CCN(CCCNC(=O)[C@H](Cc2ccccc2)NC(=O)C3(CCCCC3)NC(=O)c4cc5ccccc5s4)CC1,7.0
6,CHEMBL286589,CO\N=C(/CO\C=C\c1cc(cc(c1)C(F)(F)F)C(F)(F)F)\C(CCN2CCC(O)(CC2)c3ccccc3)c4ccc(Cl)c(Cl)c4,7.0
7,CHEMBL428906,NCCCCCCCNC(=O)C(Cc1ccccc1)NC(=O)C2(CCCCC2)NC(=O)c3cc4ccccc4s3,7.0
8,CHEMBL394419,O=C(NCCCN1CCOCC1)[C@@H](Cc2ccccc2)NC(=O)C3(CCc4ccccc34)NC(=O)c5cc6ccccc6s5,7.0
9,CHEMBL237516,O=C(NCCN1CCOCC1)C(Cc2ccccc2)NC(=O)C3(CCCCC3)NC(=O)c4cc5ccccc5s4,7.0
10,CHEMBL183414,O=C(N[C@H](Cc1ccccc1)C(=O)NCCCN2CCOCC2)Nc3ccc(OCc4ccccc4)cc3,7.0
11,CHEMBL176860,CCOC(=O)Oc1c(OC)cc(cc1OC)C(=O)N2CCC(CCN3CCC(CC3)(C(=O)N)c4ccccc4)(C2)c5ccc(Cl)c(Cl)c5,7.02
12,CHEMBL312528,CO\N=C(/COCc1cc(cc(c1)C(F)(F)F)C(F)(F)F)\C(CCN2CCN(CC(=O)N3CCC(C3)N(C)C)CC2)c4ccc(Cl)c(Cl)c4,7.02
13,CHEMBL242848,O=C(NCCCN1CCOCC1)[C@@H](Cc2ccccc2)NC(=O)C3(CC3)NC(=O)c4cc5ccccc5s4,7.02
14,CHEMBL145314,CO\N=C(/COCc1cc(cc(c1)C(F)(F)F)C(F)(F)F)\C(CCN2CCC(CN3CCCC(Cc4ccccc4)C3=O)CC2)c5ccc(Cl)c(Cl)c5,7.04
15,CHEMBL397704,[O-][N+](=O)c1ccc(cc1)C(=O)NC2(CCCC2)C(=O)N[C@H](Cc3ccccc3)C(=O)NCCCN4CCOCC4,7.04
16,CHEMBL1682624,CN(Cc1ccccc1)C(=O)[C@]2(C[C@H]2CN3CCC(CC3)(NC(=O)C)c4ccccc4)c5ccc(Cl)c(Cl)c5,7.06
17,CHEMBL346178,CN(C(=O)C)C1(CCN(CCC[C@@]2(CCCN(C2)C(=O)c3ccccc3)c4ccc(Cl)c(Cl)c4)CC1)c5ccccc5,7.07
18,CHEMBL429615,CC[C@@H](NC(=O)c1c(OCCO)c(nc2ccccc12)c3ccccc3)c4ccccc4,7.09
19,CHEMBL3144353,CN(Cc1ccccc1)C(=O)[C@H](Cc2ccccc2)NC(=O)[C@@H](Cc3cn(C)c4ccccc34)NC(=O)C[C@@H]5NC(=O)[C@@H]6C7CCC(CC7)N6C5=O,7.1
20,CHEMBL360721,Clc1ccc(cc1Cl)[C@@]2(CCN3CC(C3)N4CCOCC4)CCC(=O)N(CC5CC5)C2,7.1
21,CHEMBL3651896,CN([C@@H]1CN(C[C@H]1c2ccc(F)cc2)C(=O)N3CCN(CC3)S(=O)(=O)C)C(=O)N(C)c4cc(cc(c4)C(F)(F)F)C(F)(F)F,7.11
22,CHEMBL1682680,CN(C)S(=O)(=O)N1CCN(C[C@@H]2C[C@@]2(C(=O)N(C)Cc3ccc(F)cc3)c4ccc(Cl)c(Cl)c4)CC1,7.13
23,CHEMBL172915,COc1ccccc1CC(=O)N2CCC(CCN3CCC(CC3)(C(=O)N)c4ccccc4)(C2)c5ccc(Cl)c(Cl)c5,7.13
24,CHEMBL243726,Fc1ccc(NC(=O)NC2(CCCC2)C(=O)N[C@H](Cc3ccccc3)C(=O)NCCCN4CCOCC4)cc1F,7.14
25,CHEMBL238181,CC(C)C[C@@H](NC(=O)[C@H](Cc1ccccc1)NC(=O)C2(CCCCC2)NC(=O)c3cc4ccccc4s3)C(=O)N,7.15
26,CHEMBL2113740,CN(C(=O)c1cc(cc(c1)C(F)(F)F)C(F)(F)F)c2cc(ccc2c3ccc(Cl)cc3)C(=O)N[C@@H]4CCCCNC4=O,7.16
27,CHEMBL356796,CO\N=C(/COCc1cc(cc(c1)C(F)(F)F)C(F)(F)F)\C(CCN2CCC(CC2)C(=O)N)c3ccc(Cl)c(Cl)c3,7.17
28,CHEMBL147924,CO\N=C(/COCc1cc(cc(c1)C(F)(F)F)C(F)(F)F)\C(CCN2CCC(CC2)N3CCC(C3)OC(=O)NC(C)C)c4ccc(Cl)c(Cl)c4,7.17
29,CHEMBL129321,COc1c(cc2ccccc2c1C(=O)N(C)C[C@@H](CCN3CCC(CC3)c4ccccc4[S+](C)[O-])c5ccc(Cl)c(Cl)c5)C#N,7.17
30,CHEMBL58331,CN(CC(CCN1CCC(CCNC(=O)C)CC1)c2ccc(Cl)c(Cl)c2)C(=O)c3ccccc3,7.18
31,CHEMBL105600,CN([C@H](Cc1ccc(Cl)cc1)\C=C\C(=O)NC2(CCCCC2)C(=O)N)C(=O)c3cc(cc(c3)C(F)(F)F)C(F)(F)F,7.18
32,CHEMBL3144352,CN(Cc1ccccc1)C(=O)[C@H](Cc2ccccc2)NC(=O)[C@@H](Cc3c[nH]c4ccccc34)NC(=O)C[C@@H]5NC(=O)[C@@H]6C7CCC(CC7)N6C5=O,7.19
33,CHEMBL441115,CC(C)c1ccc(Oc2ccc(NC(=O)N[C@@H](Cc3ccccc3)C(=O)NCCCN4CCOCC4)cc2)cc1,7.2
34,CHEMBL429631,O=C(NCCN1CCCCC1)C(Cc2ccccc2)NC(=O)C3(CCCCC3)NC(=O)c4cc5ccccc5s4,7.2
35,CHEMBL103979,CN([C@H](Cc1ccc2ccccc2c1)\C=C\C(=O)N[C@@H]3CCCCNC3=O)C(=O)c4cc(cc(c4)C(F)(F)F)C(F)(F)F,7.22
36,CHEMBL3651895,CN([C@@H]1CN(C[C@H]1c2ccc(F)cc2)C(=O)NC3CCOCC3)C(=O)N(C)c4cc(cc(c4)C(F)(F)F)C(F)(F)F,7.23
37,CHEMBL342572,CO\N=C(/COCc1cc(cc(c1)C(F)(F)F)C(F)(F)F)\C(CCN2CCC(CC2)C(=O)N3CCCC3)c4ccc(Cl)c(Cl)c4,7.23
38,CHEMBL144011,CO\N=C(/COCc1cc(cc(c1)C(F)(F)F)C(F)(F)F)\C(CCN2CCC(CN3CCCC(CC=C)C3=O)CC2)c4ccc(Cl)c(Cl)c4,7.24
39,CHEMBL168584,NC(=O)CO\N=C(/COCc1cc(cc(c1)C(F)(F)F)C(F)(F)F)\C(CCN2CCC(O)(CC2)c3ccccc3)c4ccc(Cl)c(Cl)c4,7.24
40,CHEMBL35857,CN(C(Cc1ccc(Cl)cc1)\C=C\C(=O)NC2CCCCNC2=O)C(=O)c3cc(cc(c3)C(F)(F)F)C(F)(F)F,7.26
41,CHEMBL104348,CN(N(CCC(=O)N[C@@H]1CCCCNC1=O)Cc2ccc3ccccc3c2)C(=O)c4cc(cc(c4)C(F)(F)F)C(F)(F)F,7.26
42,CHEMBL172676,COc1cc(CC(=O)N2CCC(CCN3CCC(CC3)(C(=O)N)c4ccccc4)(C2)c5ccc(Cl)c(Cl)c5)cc(OC)c1OC,7.26
43,CHEMBL286640,CO\N=C(/CNC(=O)c1ccccc1OC)\C(CCN2CCC(O)(CC2)c3ccccc3)c4ccc(Cl)c(Cl)c4,7.27
44,CHEMBL368159,COc1cccc(OC)c1C(=O)N2CCC(CCN3CCC(CC3)(C(=O)N)c4ccccc4)(C2)c5ccc(Cl)c(Cl)c5,7.27
45,CHEMBL356268,CO\N=C(/COCc1cc(cc(c1)C(F)(F)F)C(F)(F)F)\C(CCN2CCC(CN3CCCCC3CO)CC2)c4ccc(Cl)c(Cl)c4,7.28
46,CHEMBL265499,CO\N=C(/COCc1cc(cc(c1)C(F)(F)F)C(F)(F)F)\C(CCN2CCN(CC(=O)N3CCCCC3CO)CC2)c4ccc(Cl)c(Cl)c4,7.28
47,CHEMBL295059,CC(C)[C@H](NC(=O)c1c(CN(C)C)c(nc2ccccc12)c3ccccc3)c4ccccc4,7.29
48,CHEMBL63785,CN(C(=O)c1cc(cc(c1)C(F)(F)F)C(F)(F)F)c2cc(ccc2c3ccc(Cl)cc3)C(=O)NC4CCCCC4,7.29
49,CHEMBL180539,CC(C)(C)c1ccc(Oc2ccc(NC(=O)N[C@@H](Cc3ccccc3)C(=O)NCCCN4CCOCC4)cc2)cc1,7.3
50,CHEMBL238392,CC(C)C[C@@H](NC(=O)[C@@H](Cc1ccccc1)NC(=O)C2(CCCCC2)NC(=O)c3cc4ccccc4s3)C(=O)N,7.3
51,CHEMBL167546,CN(C\C(=N/OCCN1CCNCC1)\C(CCN2CCC(CC2)N3CCCCC3=O)c4ccc(Cl)c(Cl)c4)C(=O)c5cc(Cl)cc(Cl)c5,7.3
52,CHEMBL237517,CN1CCCC1CCCNC(=O)C(Cc2ccccc2)NC(=O)C3(CCCCC3)NC(=O)c4cc5ccccc5s4,7.3
53,CHEMBL221445,COC(=O)N(NC(=O)c1c(CN2CCN(CC2)C(C)(C)C)c(nc3c(F)cccc13)c4ccccc4)c5ccccc5,7.3
54,CHEMBL168437,COCCO\N=C(/COCc1cc(cc(c1)C(F)(F)F)C(F)(F)F)\C(CCN2CCC(O)(CC2)c3ccccc3)c4ccc(Cl)c(Cl)c4,7.3
55,CHEMBL26951,Clc1ccc(cc1Cl)C2(CCCN3CCC4(CC3)CN(NC4=O)c5ccccc5)CCCN(C2)C(=O)c6ccccc6,7.3
56,CHEMBL398982,NCCOCCOCCNC(=O)[C@H](Cc1ccccc1)NC(=O)C2(CCCC2)NC(=O)c3cc4ccccc4s3,7.3
57,CHEMBL195222,CN([C@H](Cc1ccc(Cl)cc1)\C=C\C(=O)NCCN2CCCCC2)C(=O)c3cc(cc(c3)C(F)(F)F)C(F)(F)F,7.31
58,CHEMBL263214,COCCNC(=O)CO\N=C(/CN(C)C(=O)c1cc(Cl)cc(Cl)c1)\C(CCN2CCC(CC2)N3CCCCC3=O)c4ccc(Cl)c(Cl)c4,7.32
59,CHEMBL306097,CO\N=C(/COCc1cc(cc(c1)C(F)(F)F)C(F)(F)F)\C(CCN2CCN(CC(=O)N3CCC(C3)NC(=O)C)CC2)c4ccc(Cl)c(Cl)c4,7.32
60,CHEMBL292415,CN(CC(CCN1CCC(CCO)CC1)c2ccc(Cl)c(Cl)c2)C(=O)c3ccccc3,7.33
61,CHEMBL148282,CO\N=C(/COCc1cc(cc(c1)C(F)(F)F)C(F)(F)F)\C(CCN2CCC(CN3CCCC(O)C3)CC2)c4ccc(Cl)c(Cl)c4,7.33
62,CHEMBL3144210,CN(Cc1ccccc1)C(=O)[C@H](Cc2ccccc2)NC(=O)[C@@H](Cc3cn(C(=O)OCCCCCCN)c4ccccc34)NC(=O)C[C@@H]5NC(=O)[C@@H]6C7CCC(CC7)N6C5=O,7.34
63,CHEMBL3144209,CN(Cc1ccccc1)C(=O)[C@H](Cc2ccccc2)NC(=O)[C@@H](Cc3cn(C(=O)CCCCCCN)c4ccccc34)NC(=O)C[C@@H]5NC(=O)[C@@H]6C7CCC(CC7)N6C5=O,7.35
64,CHEMBL354892,CNC(=O)CO\N=C(/COCc1cc(cc(c1)C(F)(F)F)C(F)(F)F)\C(CCN2CCC(O)(CC2)c3ccccc3)c4ccc(Cl)c(Cl)c4,7.35
65,CHEMBL1683154,COc1c(ccc2ccccc12)C(=O)NC3(CCCC3)C(=O)N[C@H](CCCN4CCN(CC5CCOCC5)CC4)Cc6ccccc6,7.35
66,CHEMBL2112212,CN(C(=O)c1cc(cc(c1)C(F)(F)F)C(F)(F)F)c2cc(ccc2c3ccc(Cl)c(Cl)c3)C(=O)N[C@@H]4CCCCNC4=O,7.37
67,CHEMBL34460,CO\N=C(/COCc1ccccn1)\C(CCN2CCC(O)(CC2)c3ccccc3)c4ccc(Cl)c(Cl)c4,7.37
68,CHEMBL369174,COc1cc(cc(OC)c1OC(C)C)C(=O)N2CCC(CCN3CCC(CC3)(C(=O)N)c4ccccc4)(C2)c5ccc(Cl)c(Cl)c5,7.37
69,CHEMBL3651893,COC(=O)N[C@@H]1CC[C@H](CC1)C(=O)N2C[C@H]([C@@H](C2)c3ccc(F)cc3)N(C)C(=O)N(C)c4cc(cc(c4)C(F)(F)F)C(F)(F)F,7.38
70,CHEMBL170727,COCO\N=C(/COCc1cc(cc(c1)C(F)(F)F)C(F)(F)F)\C(CCN2CCC(O)(CC2)c3ccccc3)c4ccc(Cl)c(Cl)c4,7.38
71,CHEMBL33833,CO\N=C(/COCc1cc(F)cc(F)c1)\C(CCN2CCC(O)(CC2)c3ccccc3)c4ccc(Cl)c(Cl)c4,7.38
72,CHEMBL428905,CCN(CC)CCCNC(=O)[C@H](Cc1ccccc1)NC(=O)C2(CCCCC2)NC(=O)c3cc4ccccc4s3,7.4
73,CHEMBL57589,CN(CC(CCN1CCC(CCOC(=O)C)CC1)c2ccc(Cl)c(Cl)c2)C(=O)c3ccccc3,7.4
74,CHEMBL32215,CO\N=C(/COCc1ccccc1)\C(CCN2CCC(O)(CC2)c3ccccc3)c4ccc(Cl)c(Cl)c4,7.4
75,CHEMBL144887,CO\N=C(/COCc1cc(cc(c1)C(F)(F)F)C(F)(F)F)\C(CCN2CCC(CN3CCCC(CO)C3)CC2)c4ccc(Cl)c(Cl)c4,7.41
76,CHEMBL144010,CO\N=C(/COCc1cc(cc(c1)C(F)(F)F)C(F)(F)F)\C(CCN2CCC(CN3CCOCC3)CC2)c4ccc(Cl)c(Cl)c4,7.41
77,CHEMBL74918,CO\N=C(/COCc1cc(cc(c1)C(F)(F)F)C(F)(F)F)\C(CCN2CCN(CC(=O)N3CCCC(O)C3)CC2)c4ccc(Cl)c(Cl)c4,7.42
78,CHEMBL33479,CO\N=C(/COCc1ccc(cc1)c2ccccc2)\C(CCN3CCC(O)(CC3)c4ccccc4)c5ccc(Cl)c(Cl)c5,7.42
79,CHEMBL149326,CCc1c(cc2ccccc2c1C(=O)N(C)C[C@@H](CCN3CCC(CC3)c4ccccc4[S+](C)[O-])c5ccc(Cl)c(Cl)c5)C#N,7.43
80,CHEMBL339051,CNC(=O)C1(CCN(CC[C@H](CN(C)C(=O)c2c(OC)c(cc3ccccc23)C#N)c4ccc(Cl)c(Cl)c4)CC1)N5CCCCC5=O,7.46
81,CHEMBL32431,CO\N=C(/COC(=O)Nc1cc(cc(c1)C(F)(F)F)C(F)(F)F)\C(CCN2CCC(O)(CC2)c3ccccc3)c4ccc(Cl)c(Cl)c4,7.46
82,CHEMBL173420,COc1ccc(C(=O)N2CCC(CCN3CCC(CC3)(C(=O)N)c4ccccc4)(C2)c5ccc(Cl)c(Cl)c5)c(OC)c1,7.47
83,CHEMBL407749,NC(=O)CNC(COCc1cc(cc(c1)C(F)(F)F)C(F)(F)F)C(CCN2CCC(O)(CC2)c3ccccc3)c4ccc(Cl)c(Cl)c4,7.47
84,CHEMBL405129,NC(=O)CN[C@@H](COCc1cc(cc(c1)C(F)(F)F)C(F)(F)F)[C@H](CCN2CCC(O)(CC2)c3ccccc3)c4ccc(Cl)c(Cl)c4,7.47
85,CHEMBL56274,CC(O)C1CCN(CCC(CN(C)C(=O)c2ccccc2)c3ccc(Cl)c(Cl)c3)CC1,7.48
86,CHEMBL130354,CO\N=C(/COCc1cc(cc(c1)C(F)(F)F)C(F)(F)F)\C(CCN2CCC(CN3CCCC(C3)OC(=O)NC(C)C)CC2)c4ccc(Cl)c(Cl)c4,7.48
87,CHEMBL306121,CO\N=C(/COCc1cc(cc(c1)C(F)(F)F)C(F)(F)F)\C(CCN2CCN(CC(=O)N3CCC3)CC2)c4ccc(Cl)c(Cl)c4,7.48
88,CHEMBL432301,C[C@H](NC(=O)c1c(CN2CCC(N)CC2)c(nc3ccccc13)c4ccccc4)C5CCCCC5,7.48
89,CHEMBL400209,CC(C)N(CCNC(=O)C(Cc1ccccc1)NC(=O)C2(CCCCC2)NC(=O)c3cc4ccccc4s3)C(C)C,7.5
90,CHEMBL235574,CCCCN(CCCC)CCCNC(=O)[C@@H](Cc1ccccc1)NC(=O)C2(CCc3ccccc23)NC(=O)c4cc5ccccc5s4,7.5
91,CHEMBL319154,O=C(N(CCCN1CCOCC1)CCc2c[nH]c3ccccc23)c4ccccc4C(=O)N(CCCN5CCOCC5)CCc6c[nH]c7ccccc67,7.5
92,CHEMBL76704,CO\N=C(/COCc1cc(cc(c1)C(F)(F)F)C(F)(F)F)\C(CCN2CCN(CC(=O)N3CC(O)C3)CC2)c4ccc(Cl)c(Cl)c4,7.51
93,CHEMBL75018,CO\N=C(/COCc1cc(cc(c1)C(F)(F)F)C(F)(F)F)\C(CCN2CCN(CC(=O)N3CCC(O)C3)CC2)c4ccc(Cl)c(Cl)c4,7.52
94,CHEMBL62341,COc1cc(cc(OC)c1OC)C(=O)Nc2cc(ccc2c3ccc(Cl)cc3)C(=O)NC4CCCCC4,7.52
95,CHEMBL394543,Clc1c(sc2ccccc12)C(=O)NC3(CCCC3)C(=O)N[C@H](Cc4ccccc4)C(=O)NCCCN5CCOCC5,7.52
96,CHEMBL144249,CCOC(=O)C1CCCN(CC2CCN(CCC(\C(=N\OC)\COCc3cc(cc(c3)C(F)(F)F)C(F)(F)F)c4ccc(Cl)c(Cl)c4)CC2)C1,7.55
97,CHEMBL2113739,CN(C(=O)c1cc(cc(c1)C(F)(F)F)C(F)(F)F)c2cc(ccc2c3ccc(F)cc3)C(=O)N[C@@H]4CCCCNC4=O,7.55
98,CHEMBL284269,CO\N=C(/COCc1cc(OC)c(OC)c(OC)c1)\C(CCN2CCC(O)(CC2)c3ccccc3)c4ccc(Cl)c(Cl)c4,7.55
99,CHEMBL312573,CO\N=C(/COCc1cc(cc(c1)C(F)(F)F)C(F)(F)F)\C(CCN2CCN(CC(=O)N3CCOCC3)CC2)c4ccc(Cl)c(Cl)c4,7.55
100,CHEMBL108364,Cc1cc(C)cc(c1)C(=O)N2CCN([C@@H](C2)c3ccc(Cl)c(Cl)c3)C(=O)CNC4CCN(CC4)C(=O)[C@H](N)Cc5c[nH]c6ccccc56,7.55
101,CHEMBL243933,Ic1ccc(NC(=S)NC2(CCCC2)C(=O)N[C@H](Cc3ccccc3)C(=O)NCCCN4CCOCC4)cc1,7.55
102,CHEMBL1683150,CCCCc1ccc(nc1)C(=O)NC2(CCCC2)C(=O)N[C@@H](Cc3ccccc3)C(=O)NCC4CCN(CC5CCOCC5)CC4,7.57
103,CHEMBL73618,CN(Cc1ccccc1)C(=O)[C@H](Cc2c[nH]c3ccccc23)NC(=O)N4CCC5(CC4)CCc6ccccc56,7.57
104,CHEMBL357853,CO\N=C(/COCc1cc(cc(c1)C(F)(F)F)C(F)(F)F)\C(CCN2CCC(CN3CCCC(C3)C(=O)N)CC2)c4ccc(Cl)c(Cl)c4,7.57
105,CHEMBL319474,COc1cc(OC)cc(c1)C(=O)N2CCN(C(C2)c3ccc(Cl)c(Cl)c3)C(=O)CNC4CCN(Cc5ccccc5)CC4,7.57
106,CHEMBL102376,CN([C@H](Cc1cc(Br)c(Br)s1)\C=C\C(=O)N[C@@H]2CCCCNC2=O)C(=O)c3cc(cc(c3)C(F)(F)F)C(F)(F)F,7.59
107,CHEMBL122643,CO\N=C(/COCc1cc(cc(c1)C(F)(F)F)C(F)(F)F)\C(CCN2CCC(CN3CCCC(CC4CC4)C3=O)CC2)c5ccc(Cl)c(Cl)c5,7.59
108,CHEMBL341843,CO\N=C(/COCc1cc(cc(c1)C(F)(F)F)C(F)(F)F)\C(CCN2CCC(CN3CCCCC3)CC2)c4ccc(Cl)c(Cl)c4,7.59
109,CHEMBL78070,CO\N=C(/COCc1cc(cc(c1)C(F)(F)F)C(F)(F)F)\C(CCN2CCN(CC(=O)N3CCC[C@H]3C(=O)N)CC2)c4ccc(Cl)c(Cl)c4,7.59
110,CHEMBL230326,O=C(NCCCN1CCOCC1)[C@@H](Cc2ccccc2)NC(=O)C3(CCCC3)NC(=O)c4ccc5ncccc5c4,7.59
111,CHEMBL375214,CC(=O)N[C@@H](CC(=O)N[C@@H]1O[C@H](CO)[C@@H](O)[C@H](O)[C@H]1NC(=O)C)C(=O)N[C@@H]2CC(=O)N[C@@H](Cc3c[nH]c4ccccc34)C(=O)N[C@@H](Cc5ccccc5)C(=O)N[C@H](Cc6ccccc6)CNC2=O,7.6
112,CHEMBL352364,CN(C\C(=N/OCCCn1cccn1)\C(CCN2CCC(CC2)N3CCCCC3=O)c4ccc(Cl)c(Cl)c4)C(=O)c5cc(Cl)cc(Cl)c5,7.6
113,CHEMBL33198,CO\N=C(/COC(=O)c1cc(cc(c1)C(F)(F)F)C(F)(F)F)\C(CCN2CCC(O)(CC2)c3ccccc3)c4ccc(Cl)c(Cl)c4,7.6
114,CHEMBL437777,O=C(NCCCN1CCOCC1)[C@H](Cc2ccccc2)NC(=O)C3(CCCCC3)NC(=O)c4cc5ccccc5s4,7.6
115,CHEMBL413205,CCCC[C@H](NC(=O)[C@@H]1CCCN1C(=O)[C@@H]2CCCN2C(=O)[C@H](Cc3ccccc3)NC(=O)[C@H](Cc4c[nH]c5ccccc45)NC(=O)[C@H](C)NC(=O)[C@H](CCCC(N)\C(=N\c6ccc7c(c6)C(=O)OC78c9ccc(O)cc9Oc%10cc(O)ccc8%10)\S)NC(=O)c%11ccccc%11)C(=O)N,7.61
116,CHEMBL243071,CN(C(=O)c1cc2ccccc2s1)C3(CCCC3)C(=O)N[C@H](Cc4ccccc4)C(=O)NCCCN5CCOCC5,7.61
117,CHEMBL354822,CN(C)\N=C(/COCc1cc(cc(c1)C(F)(F)F)C(F)(F)F)\C(CCN2CCC(O)(CC2)c3ccccc3)c4ccc(Cl)c(Cl)c4,7.62
118,CHEMBL104954,CN([C@H](Cc1ccc(Cl)cc1)\C=C\C(=O)N[C@@H]2CCCCNC2=O)C(=O)c3cc(cc(c3)C(F)(F)F)C(F)(F)F,7.62
119,CHEMBL317632,CN([C@H](Cc1cn(C)c2ccccc12)\C=C\C(=O)N[C@@H]3CCCCNC3=O)C(=O)c4cc(cc(c4)C(F)(F)F)C(F)(F)F,7.62
120,CHEMBL75367,CO\N=C(/COCc1cc(cc(c1)C(F)(F)F)C(F)(F)F)\C(CCN2CCN(CC(=O)N3CC[C@@H](CO)C3)CC2)c4ccc(Cl)c(Cl)c4,7.62
121,CHEMBL306065,CSN1CC2(CCN(CC2)C(=O)N[C@@H](Cc3c[nH]c4ccccc34)C(=O)N(C)Cc5ccccc5)c6ccccc16,7.62
122,CHEMBL353162,CN(C\C(=N/OCC(C)(C)O)\C(CCN1CCC(CC1)N2CCCCC2=O)c3ccc(Cl)c(Cl)c3)C(=O)c4cc(Cl)cc(Cl)c4,7.64
123,CHEMBL356105,CO\N=C(/COCc1cc(cc(c1)C(F)(F)F)C(F)(F)F)\C(CCN2CCC(CC2)N3CCCC3=S)c4ccc(Cl)c(Cl)c4,7.64
124,CHEMBL144057,CO\N=C(/COCc1cc(cc(c1)C(F)(F)F)C(F)(F)F)\C(CCN2CCC(CN3CCCCC3=S)CC2)c4ccc(Cl)c(Cl)c4,7.64
125,CHEMBL47408,CC[C@H](NC(=O)c1c(CN2CCNCC2)c(nc3ccccc13)c4ccccc4)c5ccccc5,7.65
126,CHEMBL287523,CO\N=C(/CN(C)Cc1cc(cc(c1)C(F)(F)F)C(F)(F)F)\C(CCN2CCC(O)(CC2)c3ccccc3)c4ccc(Cl)c(Cl)c4,7.66
127,CHEMBL107407,Fc1cc(F)cc(c1)C(=O)N2CCN(C(C2)c3ccc(Cl)c(Cl)c3)C(=O)CNC4CCN(Cc5ccccc5)CC4,7.66
128,CHEMBL60064,OC1(C[S+]([O-])c2ccccc2)CCN(CCc3c[nH]c4ccc(F)cc34)CC1,7.66
129,CHEMBL242847,CC(C)(NC(=O)c1cc2ccccc2s1)C(=O)N[C@H](Cc3ccccc3)C(=O)NCCCN4CCOCC4,7.68
130,CHEMBL343447,CO\N=C(/COCc1cc(cc(c1)C(F)(F)F)C(F)(F)F)\C(CCN2CCC(CN3CCCC3=O)CC2)c4ccc(Cl)c(Cl)c4,7.68
131,CHEMBL309087,CO\N=C(/COCc1cc(cc(c1)C(F)(F)F)C(F)(F)F)\C(CCN2CCC(O)(CC2)c3ccccc3)c4ccc(Cl)c(Cl)c4,7.68
132,CHEMBL310703,CO\N=C(/COCc1cc(cc(c1)C(F)(F)F)C(F)(F)F)\C(CCN2CCN(CC(=O)N3CCCC3)CC2)c4ccc(Cl)c(Cl)c4,7.68
133,CHEMBL285929,CO\N=C(/COCc1ccc(F)c2ccccc12)\C(CCN3CCC(O)(CC3)c4ccccc4)c5ccc(Cl)c(Cl)c5,7.68
134,CHEMBL33046,CO\N=C(/COCc1ccc2sc(C)nc2c1)\C(CCN3CCC(O)(CC3)c4ccccc4)c5ccc(Cl)c(Cl)c5,7.68
135,CHEMBL287454,CO\N=C(\COCc1cc(cc(c1)C(F)(F)F)C(F)(F)F)/C(CCN2CCC(O)(CC2)c3ccccc3)c4ccc(Cl)c(Cl)c4,7.68
136,CHEMBL144223,CCOC(=O)C1CCCN(C1)C2CCN(CCC(\C(=N\OC)\COCc3cc(cc(c3)C(F)(F)F)C(F)(F)F)c4ccc(Cl)c(Cl)c4)CC2,7.7
137,CHEMBL284597,CO\N=C(/COC\C=C\c1cc(cc(c1)C(F)(F)F)C(F)(F)F)\C(CCN2CCC(O)(CC2)c3ccccc3)c4ccc(Cl)c(Cl)c4,7.7
138,CHEMBL34167,CO\N=C(/COCc1ccc2ccc(nc2c1)C(F)(F)F)\C(CCN3CCC(O)(CC3)c4ccccc4)c5ccc(Cl)c(Cl)c5,7.7
139,CHEMBL106404,Cc1cc(C)cc(c1)C(=O)N2CCN([C@@H](C2)c3ccc(Cl)c(Cl)c3)C(=O)CNC4CCNCC4,7.7
140,CHEMBL2112675,FC(F)(F)c1ccc(C[C@@H]2CNC(=O)CCC(=O)N[C@@H](Cc3c[nH]c4ccccc34)C(=O)N[C@@H](Cc5ccccc5)C(=O)N2)cc1,7.7
141,CHEMBL236890,NCCOCCOCCNC(=O)[C@H](Cc1ccccc1)NC(=O)C2(Cc3ccccc3C2)NC(=O)c4cc5ccccc5s4,7.7
142,CHEMBL237303,O=C(NCCCN1CCCC1)[C@H](Cc2ccccc2)NC(=O)C3(CCCCC3)NC(=O)c4cc5ccccc5s4,7.7
143,CHEMBL105295,CN(N(CCC(=O)N[C@@H]1CCCCNC1=O)Cc2cc(Br)c(Br)s2)C(=O)c3cc(cc(c3)C(F)(F)F)C(F)(F)F,7.71
144,CHEMBL176769,COc1cc(OC)cc(c1)C(=O)N2CCC(CCN3CCC(CC3)(C(=O)N)c4ccccc4)(C2)c5ccc(Cl)c(Cl)c5,7.72
145,CHEMBL354091,N\C(=N\O)\CO\N=C(/COCc1cc(cc(c1)C(F)(F)F)C(F)(F)F)\C(CCN2CCC(O)(CC2)c3ccccc3)c4ccc(Cl)c(Cl)c4,7.72
146,CHEMBL355868,OC1(CCN(CCC(\C(=N\OC#N)\COCc2cc(cc(c2)C(F)(F)F)C(F)(F)F)c3ccc(Cl)c(Cl)c3)CC1)c4ccccc4,7.72
147,CHEMBL297086,CCC(CC)NC(=O)c1c(CN2CCN(CC2)C(C)C)c(nc3ccccc13)c4ccccc4,7.73
148,CHEMBL82386,COc1cc(cc(OC)c1OC)C(=O)N2CCC(CCN3CCC(CC3)(C(=O)N)c4ccccc4)(C2)c5ccc(Cl)c(Cl)c5,7.73
149,CHEMBL305509,CN(Cc1ccccc1)C(=O)[C@H](Cc2c[nH]c3ccccc23)NC(=O)N4CCC5(CC4)C=Cc6ccccc56,7.75
150,CHEMBL284396,CO\N=C(/COCc1cc(OC)cc(OC)c1)\C(CCN2CCC(O)(CC2)c3ccccc3)c4ccc(Cl)c(Cl)c4,7.75
151,CHEMBL287369,CN(C\C(=N/OCCCn1cnnn1)\C(CCN2CCC(CC2)N3CCCCC3=O)c4ccc(Cl)c(Cl)c4)C(=O)c5cc(Cl)cc(Cl)c5,7.77
152,CHEMBL3144343,CN(Cc1ccccc1)C(=O)[C@H](Cc2ccccc2)NC(=O)[C@@H](Cc3cn(C=O)c4ccccc34)NC(=O)C[C@@H]5NC(=O)[C@@H]6C7CCC(CC7)N6C5=O,7.77
153,CHEMBL104708,CN([C@H](Cc1cc(Cl)c(Cl)s1)\C=C\C(=O)N[C@@H]2CCCCNC2=O)C(=O)c3cc(cc(c3)C(F)(F)F)C(F)(F)F,7.77
154,CHEMBL290786,CO\N=C(/COCc1ccc2nonc2c1)\C(CCN3CCC(O)(CC3)c4ccccc4)c5ccc(Cl)c(Cl)c5,7.77
155,CHEMBL321270,FC(F)(F)c1cc(cc(c1)C(F)(F)F)C(=O)N2CCN(C(C2)c3ccc(Cl)c(Cl)c3)C(=O)CNC4CCN(Cc5ccccc5)CC4,7.77
156,CHEMBL167613,COC(=O)CO\N=C(/CN(C)C(=O)c1cc(Cl)cc(Cl)c1)\C(CCN2CCC(CC2)N3CCCCC3=O)c4ccc(Cl)c(Cl)c4,7.78
157,CHEMBL176682,COc1ccccc1C(=O)N2CCC(CCN3CCC(CC3)(C(=O)N)c4ccccc4)(C2)c5ccc(Cl)c(Cl)c5,7.78
158,CHEMBL180049,CCOC1CCN(CC1)C2CN(CC[C@@]3(CCC(=O)N(CC4CC4)C3)c5ccc(Cl)c(Cl)c5)C2,7.8
159,CHEMBL185007,CN(C)S(=O)(=O)N1CCN(CC1)C2CN(CC[C@@]3(CCC(=O)N(CC4CC4)C3)c5ccc(Cl)c(Cl)c5)C2,7.8
160,CHEMBL146882,CO\N=C(/COCc1cc(cc(c1)C(F)(F)F)C(F)(F)F)\C(CCN2CCC(CC2)N3CCC(O)C3)c4ccc(Cl)c(Cl)c4,7.8
161,CHEMBL126970,CO\N=C(/COCc1cc(cc(c1)C(F)(F)F)C(F)(F)F)\C(CCN2CCC(CN3CCCC(CC(O)CO)C3=O)CC2)c4ccc(Cl)c(Cl)c4,7.8
162,CHEMBL147769,CO\N=C(/COCc1cc(cc(c1)C(F)(F)F)C(F)(F)F)\C(CCN2CCC(CNC3(CO)CCCC3)CC2)c4ccc(Cl)c(Cl)c4,7.8
163,CHEMBL107306,Cc1cc(C)cc(c1)C(=O)N2CCN([C@@H](C2)c3ccc(Cl)c(Cl)c3)C(=O)CNC4CCN(CC4)C(=O)[C@H](N)c5ccccc5,7.8
164,CHEMBL1083862,Cc1ccc2cc(sc2c1)C(=O)NC3(CCCC3)C(=O)N[C@@H](CCN4CCN(CC5CCOCC5)CC4)Cc6ccccc6,7.8
165,CHEMBL181004,Fc1ccc(Oc2ccc(NC(=O)N[C@@H](Cc3ccccc3)C(=O)NCCCN4CCOCC4)cc2)cc1,7.8
166,CHEMBL375053,N[C@@H]1CC(=O)NC[C@@H](Cc2ccccc2)NC(=O)[C@H](Cc3ccccc3)NC(=O)[C@H](Cc4c[nH]c5ccccc45)NC1=O,7.8
167,CHEMBL32385,CO\N=C(/COCc1cc(Br)cc(Br)c1)\C(CCN2CCC(O)(CC2)c3ccccc3)c4ccc(Cl)c(Cl)c4,7.82
168,CHEMBL145959,CO\N=C(/COCc1cc(cc(c1)C(F)(F)F)C(F)(F)F)\C(CCN2CCC(CC2)N3CCCCC3CO)c4ccc(Cl)c(Cl)c4,7.82
169,CHEMBL243280,Ic1ccc(cc1)C(=O)NC2(CCCC2)C(=O)N[C@H](Cc3ccccc3)C(=O)NCCCN4CCOCC4,7.83
170,CHEMBL412815,CN(C[C@@H](CCN1CCC(CC1)(NC(=O)c2ccccc2)c3ccccc3)c4ccc(Cl)c(Cl)c4)C(=O)c5ccccc5,7.85
171,CHEMBL145302,CO\N=C(/COCc1cc(cc(c1)C(F)(F)F)C(F)(F)F)\C(CCN2CCC(CN3CCCCC3CCO)CC2)c4ccc(Cl)c(Cl)c4,7.85
172,CHEMBL32477,CO\N=C(/COCc1cccc(C)c1)\C(CCN2CCC(O)(CC2)c3ccccc3)c4ccc(Cl)c(Cl)c4,7.85
173,CHEMBL109092,Clc1cc(Cl)cc(c1)C(=O)N2CCN(C(C2)c3ccc(Cl)c(Cl)c3)C(=O)CNC4CCN(Cc5ccccc5)CC4,7.85
174,CHEMBL106572,Clc1ccc(cc1Cl)C2CN(CCN2C(=O)CNC3CCN(Cc4ccccc4)CC3)C(=O)c5cc(Br)cc(Br)c5,7.85
175,CHEMBL303868,O=C(NCc1ccccc1)[C@H](Cc2c[nH]c3ccccc23)NC(=O)N4CCC5(CC4)CCc6ccccc56,7.85
176,CHEMBL169002,OCCO\N=C(/COCc1cc(cc(c1)C(F)(F)F)C(F)(F)F)\C(CCN2CCC(O)(CC2)c3ccccc3)c4ccc(Cl)c(Cl)c4,7.85
177,CHEMBL367528,COc1cc(cc(OC)c1C)C(=O)N2CCC(CCN3CCC(CC3)(C(=O)N)c4ccccc4)(C2)c5ccc(Cl)c(Cl)c5,7.87
178,CHEMBL166675,OC1(C[S+]([O-])c2ccc3ccccc3c2)CCN(CCc4c[nH]c5ccc(F)cc45)CC1,7.87
179,CHEMBL56739,CCC(O)C1CCN(CCC(CN(C)C(=O)c2ccccc2)c3ccc(Cl)c(Cl)c3)CC1,7.88
180,CHEMBL32533,CO\N=C(/COCC1CCCCC1)\C(CCN2CCC(O)(CC2)c3ccccc3)c4ccc(Cl)c(Cl)c4,7.89
181,CHEMBL75436,CO\N=C(/COCc1cc(cc(c1)C(F)(F)F)C(F)(F)F)\C(CCN2CCN(CC(=O)N3CC[C@H](CO)C3)CC2)c4ccc(Cl)c(Cl)c4,7.89
182,CHEMBL243502,Brc1ccc(NC(=O)NC2(CCCC2)C(=O)N[C@H](Cc3ccccc3)C(=O)NCCCN4CCOCC4)cc1,7.9
183,CHEMBL323836,COc1ccc(C[C@@H]2CNC(=O)CCC(=O)N[C@@H](Cc3c[nH]c4ccccc34)C(=O)N[C@@H](CC5=CC=CCC5)C(=O)N2)cc1,7.9
184,CHEMBL236250,NCCOCCOCCNC(=O)[C@H](Cc1ccccc1)NC(=O)C2(CCCCC2)NC(=O)c3cc4ccccc4s3,7.9
185,CHEMBL3143848,NCCOCCOCCNC(=O)[C@H](Cc1ccccc1)NC(=O)C2(CCc3ccccc23)NC(=O)c4cc5ccccc5s4,7.9
186,CHEMBL116969,OC(=O)CCC(=O)N[C@H]1CC(=O)N[C@@H](Cc2c[nH]c3ccccc23)C(=O)N[C@@H](Cc4ccccc4)C(=O)N[C@H](Cc5ccccc5)CNC1=O,7.9
187,CHEMBL3651891,CN([C@@H]1CN(C[C@H]1c2ccc(F)cc2)C(=O)C3CCN(CC3)C(=O)C)C(=O)N(C)c4cc(Cl)cc(Cl)c4,7.92
188,CHEMBL343627,CO\N=C(/COCc1cc(cc(c1)C(F)(F)F)C(F)(F)F)\C(CCN2CCC(CN3CCCCC3=O)CC2)c4ccc(Cl)c(Cl)c4,7.92
189,CHEMBL32717,CO\N=C(/COCc1ccc2ccccc2c1)\C(CCN3CCC(O)(CC3)c4ccccc4)c5ccc(Cl)c(Cl)c5,7.92
190,CHEMBL173245,COc1cccc(c1)C(=O)N2CCC(CCN3CCC(CC3)(C(=O)N)c4ccccc4)(C2)c5ccc(Cl)c(Cl)c5,7.92
191,CHEMBL444086,COc1ccc(cc1)C(=O)N2CCC(CCN3CCC(CC3)(C(=O)N)c4ccccc4)(C2)c5ccc(Cl)c(Cl)c5,7.93
192,CHEMBL166842,CSCCCO\N=C(/CN(C)C(=O)c1cc(Cl)cc(Cl)c1)\C(CCN2CCC(CC2)N3CCCCC3=O)c4ccc(Cl)c(Cl)c4,7.94
193,CHEMBL285986,CO\N=C(/CN(C)C(=O)Oc1cc(cc(c1)C(F)(F)F)C(F)(F)F)\C(CCN2CCC(O)(CC2)c3ccccc3)c4ccc(Cl)c(Cl)c4,7.96
194,CHEMBL342341,CO\N=C(/COCc1cc(cc(c1)C(F)(F)F)C(F)(F)F)\C(CCN2CCC(CC2)N3CCCC(C3)C(=O)N)c4ccc(Cl)c(Cl)c4,7.96
195,CHEMBL356508,CO\N=C(/COCc1cc(cc(c1)C(F)(F)F)C(F)(F)F)\C(CCN2CCC(CC2)N3CCC[C@H]3C(=O)N)c4ccc(Cl)c(Cl)c4,7.96
196,CHEMBL231261,Clc1ccc(NC(=S)NC2(CCCC2)C(=O)N[C@H](Cc3ccccc3)C(=O)NCCCN4CCOCC4)cc1Cl,7.96
197,CHEMBL390174,CN(C(=O)c1cc2ccccc2s1)C3(CCCCC3)C(=O)N[C@H](Cc4ccccc4)C(=O)NCCCN5CCOCC5,7.97
198,CHEMBL59542,CCCC1CCN(CCC(CN(C)C(=O)c2ccccc2)c3ccc(Cl)c(Cl)c3)CC1,8.0
199,CHEMBL100297,CN(CCc1c[nH]c2ccccc12)C(=O)c3ccccc3C(=O)N(CCCN4CCSCC4)CCc5c[nH]c6ccccc56,8.0
200,CHEMBL285476,CO\N=C(/COCc1cc(F)cc(c1)C(F)(F)F)\C(CCN2CCC(O)(CC2)c3ccccc3)c4ccc(Cl)c(Cl)c4,8.0
201,CHEMBL263194,COc1ccc(CC2CNC(=O)CCC(=O)N[C@@H](Cc3c[nH]c4ccccc34)C(=O)N[C@@H](Cc5ccccc5)C(=O)N2)cc1,8.0
202,CHEMBL359903,FC1CCN(CC1)C2CN(CC[C@@]3(CCC(=O)N(CC4CC4)C3)c5ccc(Cl)c(Cl)c5)C2,8.0
203,CHEMBL116629,O=C1CCC(=O)N[C@@H](Cc2c[nH]c3ccccc23)C(=O)N[C@@H](CC4=CC=CCC4)C(=O)N[C@H](CCc5ccccc5)CN1,8.0
204,CHEMBL336053,O=C1CCC(=O)N[C@@H](Cc2c[nH]c3ccccc23)C(=O)N[C@@H](Cc4ccccc4)C(=O)N[C@H](CCc5ccccc5)CN1,8.0
205,CHEMBL2112924,OCC1OC(NC(=O)C[C@@H]2CC(=O)N[C@@H](Cc3c[nH]c4ccccc34)C(=O)N[C@@H](Cc5ccccc5)C(=O)N[C@@H](Cc6ccccc6)CNC2=O)C(O)C(O)C1O,8.0
206,CHEMBL105060,CN([C@H](Cc1ccc(Cl)c(Cl)c1)\C=C\C(=O)N[C@@H]2CCCCNC2=O)C(=O)c3cc(cc(c3)C(F)(F)F)C(F)(F)F,8.02
207,CHEMBL394531,O=C(NC1(CCCC1)C(=O)N[C@H](Cc2ccccc2)C(=O)NCCCN3CCOCC3)\C=C\c4ccccc4,8.03
208,CHEMBL296122,CC(C)C(C)NC(=O)c1c(CN2CCN(CC2)C(C)C)c(nc3ccccc13)c4ccccc4,8.04
209,CHEMBL417940,CCC(=O)C1CCN(CCC(CN(C)C(=O)c2ccccc2)c3ccc(Cl)c(Cl)c3)CC1,8.04
210,CHEMBL243725,Ic1ccc(NC(=O)NC2(CCCC2)C(=O)N[C@H](Cc3ccccc3)C(=O)NCCCN4CCOCC4)cc1,8.04
211,CHEMBL56835,CN(CC(CCN1CCC(CC1)(NC(=O)C)c2ccccc2)c3ccc(Cl)c(Cl)c3)C(=O)c4ccccc4,8.05
212,CHEMBL68440,CN(CC(CCN1CCC(CC1)n2c(O)nc3ccccc23)c4ccc(Cl)c(Cl)c4)C(=O)c5ccccc5,8.05
213,CHEMBL71397,CN(CC(CCN1CCC(O)(CC1)c2ccccc2)c3ccc(Cl)c(Cl)c3)C(=O)c4ccccc4,8.05
214,CHEMBL32309,CO\N=C(/CN(C)C(=O)c1cc(cc(c1)C(F)(F)F)C(F)(F)F)\C(CCN2CCC(O)(CC2)c3ccccc3)c4ccc(Cl)c(Cl)c4,8.05
215,CHEMBL32173,CO\N=C(/COCc1ccc(C)cc1)\C(CCN2CCC(O)(CC2)c3ccccc3)c4ccc(Cl)c(Cl)c4,8.05
216,CHEMBL167606,CN(C\C(=N/OCCCN)\C(CCN1CCC(CC1)N2CCCCC2=O)c3ccc(Cl)c(Cl)c3)C(=O)c4cc(Cl)cc(Cl)c4,8.06
217,CHEMBL353027,CN(C\C(=N/OCc1c[nH]cn1)\C(CCN2CCC(CC2)N3CCCCC3=O)c4ccc(Cl)c(Cl)c4)C(=O)c5cc(Cl)cc(Cl)c5,8.07
218,CHEMBL437164,OCC(CO)NCCCNC(=O)[C@@H](Cc1ccccc1)NC(=O)C2(CCCC2)NC(=O)c3cc4ccccc4s3,8.07
219,CHEMBL3360200,CCCC[C@H](NC(=O)[C@H](CC(C)C)NC(=O)CNC(=O)[C@@H](NC(=O)[C@H](Cc1ccccc1)NC(=O)[C@H](CO)NC(=O)[C@H](CC(=O)O)Nc2ccc(c3nonc23)[N+](=O)[O-])C(C)C)C(=O)N,8.08
220,CHEMBL74127,CN(CC(CCN1CCCC(CC1)n2c(O)nc3ccccc23)c4ccc(Cl)c(Cl)c4)C(=O)c5ccccc5,8.08
221,CHEMBL330366,COc1cc(cc(OC)c1OC)C(=O)N2CC[C@@](CCN3CCC(CC3)(C(=O)N)c4ccccc4)(C2)c5ccc(Cl)c(Cl)c5,8.08
222,CHEMBL372587,COc1cc(cc(OC)c1OC)C(=O)N2CC[C@](CCN3CCC(CC3)(C(=O)N)c4ccccc4)(C2)c5ccc(Cl)c(Cl)c5,8.08
223,CHEMBL1683153,COc1cc2ccccc2cc1C(=O)NC3(CCCC3)C(=O)N[C@H](CCCN4CCN(CC5CCOCC5)CC4)Cc6ccccc6,8.08
224,CHEMBL109053,FC(F)(F)c1cc(cc(c1)C(F)(F)F)C(=O)N2CCN([C@@H](C2)c3ccc(Cl)c(Cl)c3)C(=O)CNC4CCN(Cc5ccccc5)CC4,8.08
225,CHEMBL305236,CN(CC(CCN1CCC(CC1)n2cnc3ccccc23)c4ccc(Cl)c(Cl)c4)C(=O)c5ccccc5,8.09
226,CHEMBL161288,CC(=O)NC1C(O)C(O)C(CO)OC1NC(=O)C[C@@H]2CC(=O)N[C@@H](Cc3c[nH]c4ccccc34)C(=O)N[C@H](Cc5ccccc5)C(=O)N[C@H](Cc6ccccc6)CNC2=O,8.1
227,CHEMBL394648,CC1CCCCN1CCCNC(=O)[C@H](Cc2ccccc2)NC(=O)C3(CCCCC3)NC(=O)c4cc5ccccc5s4,8.1
228,CHEMBL32430,CO\N=C(/CN(C)C(=O)Nc1cc(cc(c1)C(F)(F)F)C(F)(F)F)\C(CCN2CCC(O)(CC2)c3ccccc3)c4ccc(Cl)c(Cl)c4,8.1
229,CHEMBL285422,CO\N=C(/CN(C)C(=O)c1cc(OC)c(Br)c(OC)c1)\C(CCN2CCC(O)(CC2)c3ccccc3)c4ccc(Cl)c(Cl)c4,8.1
230,CHEMBL33302,CO\N=C(/COCc1cc(C)cc(C)c1)\C(CCN2CCC(O)(CC2)c3ccccc3)c4ccc(Cl)c(Cl)c4,8.1
231,CHEMBL185452,CS(=O)(=O)N1CCN(CC1)C2CN(CC[C@@]3(CCC(=O)N(CC4CC4)C3)c5ccc(Cl)c(Cl)c5)C2,8.1
232,CHEMBL359655,FC1(F)CCC(CN2C[C@](CCN3CC(C3)N4CCOCC4)(CCC2=O)c5ccc(Cl)c(Cl)c5)CC1,8.1
233,CHEMBL124208,Fc1ccc2[nH]cc(CCN3CCC4(CC3)CN(Cc5ccccc5)C(=O)O4)c2c1,8.1
234,CHEMBL324532,NCCCC(=O)N[C@H]1CC(=O)N[C@@H](Cc2c[nH]c3ccccc23)C(=O)N[C@@H](Cc4ccccc4)C(=O)N[C@H](Cc5ccccc5)CNC1=O,8.1
235,CHEMBL116564,O=C1CCC(=O)N[C@@H](Cc2c[nH]c3ccccc23)C(=O)N[C@@H](Cc4ccccc4)C(=O)N[C@H](Cc5ccc6ccccc6c5)CN1,8.1
236,CHEMBL225393,O=C1C[C@@H](NC2CCOCC2)C(=O)N[C@@H](Cc3c[nH]c4ccccc34)C(=O)N[C@@H](Cc5ccccc5)C(=O)N[C@H](Cc6ccccc6)CN1,8.1
237,CHEMBL71647,CN(CC(CCN1CC(C1)N2CCOCC2)c3ccc(Cl)c(Cl)c3)C(=O)c4ccccc4,8.11
238,CHEMBL301437,CN(CC(CCN1CCC(CC1)C(C)(C)O)c2ccc(Cl)c(Cl)c2)C(=O)c3ccccc3,8.11
239,CHEMBL68917,CN(CC(CCN1CCC(CC1)n2ccnc2)c3ccc(Cl)c(Cl)c3)C(=O)c4ccccc4,8.11
240,CHEMBL71226,CN(CC(CCN1CCC(C1)n2c(O)nc3ccccc23)c4ccc(Cl)c(Cl)c4)C(=O)c5ccccc5,8.13
241,CHEMBL69889,Clc1ccc(cc1Cl)C2(CCN3CC(C3)N4CCOCC4)CCN(C2)C(=O)c5ccccc5,8.13
242,CHEMBL304807,CN(CC(CCN1CCC(CC1)c2nc3ccccc3[nH]2)c4ccc(Cl)c(Cl)c4)C(=O)c5ccccc5,8.14
243,CHEMBL71644,Clc1ccc(cc1Cl)C2(CCN3CC(C3)N4CCOCC4)CN(C2)C(=O)c5ccccc5,8.14
244,CHEMBL71394,CN(CC(CCN1CCCC(C1)n2c(O)nc3ccccc23)c4ccc(Cl)c(Cl)c4)C(=O)c5ccccc5,8.15
245,CHEMBL3651887,CN([C@@H]1CCN(C[C@H]1c2ccc(Cl)c(Cl)c2)C(=O)C3CCN(CC3)C(=O)C)C(=O)N(C)c4cc(cc(c4)C(F)(F)F)C(F)(F)F,8.15
246,CHEMBL3651897,CN([C@H]1CN(C[C@@H]1c2ccc(F)cc2)C(=O)C3CCN(CC3)C(=O)C)C(=O)N(C)c4cc(cc(c4)C(F)(F)F)C(F)(F)F,8.15
247,CHEMBL362394,NC(=O)C1(CCN(CCC2(CCN(C2)C(=O)c3ccccc3)c4ccc(Cl)c(Cl)c4)CC1)c5ccccc5,8.15
248,CHEMBL160210,CO\N=C(/CN(C)C(=O)c1ccc(N(C)C)c2ccccc12)\C(CCN3CCC(O)(CC3)c4ccccc4)c5ccc(Cl)c(Cl)c5,8.16
249,CHEMBL32201,CO\N=C(/COCC12CC3CC(CC(C3)C1)C2)\C(CCN4CCC(O)(CC4)c5ccccc5)c6ccc(Cl)c(Cl)c6,8.16
250,CHEMBL147824,CO\N=C(/COCc1cc(cc(c1)C(F)(F)F)C(F)(F)F)\C(CCN2CCC(CC2)N3CCCC3=O)c4ccc(Cl)c(Cl)c4,8.16
251,CHEMBL72930,CO\N=C(/COCc1cc(cc(c1)C(F)(F)F)C(F)(F)F)\[C@H](CCN2CCC(O)(CC2)c3ccccc3)c4ccc(Cl)c(Cl)c4,8.16
252,CHEMBL176951,COc1c(C)cc(cc1C)C(=O)N2CCC(CCN3CCC(CC3)(C(=O)N)c4ccccc4)(C2)c5ccc(Cl)c(Cl)c5,8.16
253,CHEMBL320486,Cc1cc(C)cc(c1)C(=O)N2CCN([C@@H](C2)c3ccc(Cl)c(Cl)c3)C(=O)CNC4CCN(CC4)C(=O)[C@H](N)Cc5ccc(O)cc5,8.16
254,CHEMBL52330,FC(F)(F)c1cc(CO[C@H]2OCCN(CC3=NNC(=O)N3)[C@H]2c4ccccc4)cc(c1)C(F)(F)F,8.16
255,CHEMBL71704,CN(CC(CCN1CC(C1)n2ccnc2)c3ccc(Cl)c(Cl)c3)C(=O)c4ccccc4,8.17
256,CHEMBL305191,CN(CC(CCN1CCC(CC1)n2cncn2)c3ccc(Cl)c(Cl)c3)C(=O)c4ccccc4,8.17
257,CHEMBL348599,CN(CC(CCN1CCC(O)(CC1)c2ccccc2)c3ccc(Cl)c(Cl)c3)C(=O)c4cccc(c4)C5(N=N5)C(F)(F)F,8.17
258,CHEMBL354196,CN(C\C(=N/OCCCn1ccnc1)\C(CCN2CCC(CC2)N3CCCCC3=O)c4ccc(Cl)c(Cl)c4)C(=O)c5cc(Cl)cc(Cl)c5,8.17
259,CHEMBL70157,Clc1ccc(cc1Cl)C2(CCN3CC(C3)N4CCOCC4)CCN(C2)S(=O)(=O)c5ccccc5,8.17
260,CHEMBL275499,CCCC[C@H](NC(=O)[C@@H]1CCCN1C(=O)[C@@H]2CCCN2C(=O)[C@H](Cc3ccccc3)NC(=O)[C@H](Cc4c[nH]c5ccccc45)NC(=O)[C@H](C)NC(=O)[C@@H](NC(=O)c6ccccc6)C(N)c7ccc(c8nonc78)[N+](=O)[O-])C(=O)N,8.18
261,CHEMBL307338,CN(CC(CCN1CCC(O)(CC1)c2ncc[nH]2)c3ccc(Cl)c(Cl)c3)C(=O)c4ccccc4,8.18
262,CHEMBL58638,CC\C(=N/OC)\C1CCN(CCC(CN(C)C(=O)c2ccccc2)c3ccc(Cl)c(Cl)c3)CC1,8.19
263,CHEMBL69065,CN(CC(CCN1CCC(O)CC1)c2ccc(Cl)c(Cl)c2)C(=O)c3ccccc3,8.19
264,CHEMBL308901,COc1ccccc1C(=O)N2CCC(CCN3CC(C3)N4CCOCC4)(C2)c5ccc(Cl)c(Cl)c5,8.19
265,CHEMBL26790,Clc1ccc(cc1Cl)C2(CCCN3CCC(CC3)N4C(=O)Nc5ccccc45)CCC(=O)N(Cc6ccccc6)C2,8.19
266,CHEMBL350596,CC(=O)NC1C(O)C(O)C(CO)OC1NC(=O)C[C@H]2CC(=O)N[C@@H](Cc3c[nH]c4ccccc34)C(=O)N[C@H](Cc5ccccc5)C(=O)N[C@H](Cc6ccccc6)CNC2=O,8.2
267,CHEMBL397576,CCCCN(CCCC)CCCNC(=O)[C@H](Cc1ccccc1)NC(=O)C2(CCCCC2)NC(=O)c3cc4ccccc4s3,8.2
268,CHEMBL346285,CN(C)CCNC(=O)C[C@@H]1CC(=O)N[C@@H](Cc2c[nH]c3ccccc23)C(=O)N[C@H](Cc4ccccc4)C(=O)N[C@H](Cc5ccccc5)CNC1=O,8.2
269,CHEMBL71918,CN(CC(CCN1CCCCC1)c2ccc(Cl)c(Cl)c2)C(=O)c3ccccc3,8.2
270,CHEMBL71784,Clc1ccc(cc1Cl)C2(CCN3CC(C3)N4CCOCC4)CCN(C2)C(=O)CC5CC5,8.2
271,CHEMBL367348,NC1CCN(CC1)C2CN(CC[C@@]3(CCC(=O)N(CC4CC4)C3)c5ccc(Cl)c(Cl)c5)C2,8.2
272,CHEMBL394418,O=C(NCCCN1CCCC1)[C@@H](Cc2ccccc2)NC(=O)C3(CCc4ccccc34)NC(=O)c5cc6ccccc6s5,8.2
273,CHEMBL438839,O=C1C[C@H](NC2CCOCC2)C(=O)N[C@@H](Cc3c[nH]c4ccccc34)C(=O)N[C@@H](Cc5ccccc5)C(=O)N[C@H](Cc6ccccc6)CN1,8.2
274,CHEMBL432986,O[C@@H]1C[C@@](O)(C[C@@H](O)[C@H]1O)C(=O)N[C@H]2CC(=O)N[C@@H](Cc3c[nH]c4ccccc34)C(=O)N[C@@H](Cc5ccccc5)C(=O)N[C@H](Cc6ccccc6)CNC2=O,8.2
275,CHEMBL354422,CN(C)C(=O)NC1(CCN(CC[C@]2(CN(CCO2)C(=O)c3ccccc3)c4ccc(F)c(F)c4)CC1)c5ccccc5,8.22
276,CHEMBL33215,CO\N=C(/CN(C)C(=O)c1cc(C)nc(C)c1)\C(CCN2CCC(O)(CC2)c3ccccc3)c4ccc(Cl)c(Cl)c4,8.22
277,CHEMBL286646,CO\N=C(/CN(C)C(=O)c1cc(C)nc(c1)c2cccs2)\C(CCN3CCC(O)(CC3)c4ccccc4)c5ccc(Cl)c(Cl)c5,8.22
278,CHEMBL32279,CO\N=C(/COCc1cc(Cl)cc(Cl)c1)\C(CCN2CCC(O)(CC2)c3ccccc3)c4ccc(Cl)c(Cl)c4,8.22
279,CHEMBL47179,C[C@H](NC(=O)c1c(CN2CCOCC2)c(nc3ccccc13)c4ccccc4)C5CCCCC5,8.22
280,CHEMBL3360201,CSCC[C@H](NC(=O)[C@H](CC(C)C)NC(=O)CNC(=O)[C@@H](NC(=O)[C@H](Cc1ccccc1)NC(=O)[C@H](CO)NC(=O)[C@H](CC(=O)O)NC(=O)[C@@H](NC(=O)[C@H](CCCCN)NC(=O)[C@H](Cc2cnc[nH]2)Nc3ccc(c4nonc34)[N+](=O)[O-])[C@@H](C)O)C(C)C)C(=O)N,8.23
281,CHEMBL47713,CC[C@H](NC(=O)c1c(CN2CCN(CC2)C(C)C)c(nc3ccccc13)c4ccccc4)c5ccccc5,8.24
282,CHEMBL519240,Nc1nc(N2CCNCC2)c3CCC4=C([C@@H]5CCCC[C@@H]5O4)c3n1,8.24
283,CHEMBL318606,CN(N(CCC(=O)N[C@@H]1CCCCNC1=O)Cc2ccc(Cl)c(Cl)c2)C(=O)c3cc(cc(c3)C(F)(F)F)C(F)(F)F,8.26
284,CHEMBL397702,O=C(NCCCN1CCOCC1)[C@@H](Cc2ccccc2)NC(=O)C3(CC=CC3)NC(=O)c4cc5ccccc5s4,8.26
285,CHEMBL168144,CN(C\C(=N/OCCn1ccnc1)\C(CCN2CCC(CC2)N3CCCCC3=O)c4ccc(Cl)c(Cl)c4)C(=O)c5cc(Cl)cc(Cl)c5,8.27
286,CHEMBL307877,CCN(C\C(=N/OC)\[C@H](CCN1CCC(CC1)N2C(=O)N(CC(=O)O)c3ccccc23)c4ccc(Cl)c(Cl)c4)C(=O)c5cc(Cl)cc(Cl)c5,8.28
287,CHEMBL2112941,CN(C\C(=N/OC(F)F)\C(CCN1CCC(CC1)N2CCCCC2=O)c3ccc(Cl)c(Cl)c3)C(=O)c4cc(Cl)cc(Cl)c4,8.3
288,CHEMBL389432,NC1CCN(CC1)[C@@H]2CC(=O)N[C@@H](Cc3c[nH]c4ccccc34)C(=O)N[C@@H](Cc5ccccc5)C(=O)N[C@H](Cc6ccccc6)CNC2=O,8.3
289,CHEMBL159585,O=C(C[C@H]1CC(=O)N[C@@H](Cc2c[nH]c3ccccc23)C(=O)N[C@H](Cc4ccccc4)C(=O)N[C@H](Cc5ccccc5)CNC1=O)N6CCC(CC6)N7CCCCC7,8.3
290,CHEMBL113765,O=C(N[C@H]1CCCCN(Cc2ccccc2)C(=O)[C@H](Cc3ccccc3)NC(=O)[C@H](Cc4c[nH]c5ccccc45)NC1=O)OCc6ccccc6,8.3
291,CHEMBL308983,CO\N=C(/CN(CCF)C(=O)c1cc(Cl)cc(Cl)c1)\[C@H](CCN2CCC(CC2)n3c(O)nc4ccccc34)c5ccc(Cl)c(Cl)c5,8.31
292,CHEMBL110219,Cc1cc(C)cc(c1)C(=O)N2CCN(C(C2)c3ccc(Cl)c(Cl)c3)C(=O)CNC4CCN(Cc5ccccc5)CC4,8.31
293,CHEMBL389525,O=C(NCCCN1CCOCC1)[C@@H](Cc2ccccc2)NC(=O)C3(CCCC3)NC(=O)c4oc5ccccc5c4,8.31
294,CHEMBL244766,OCCC(CCO)NCCCNC(=O)[C@@H](Cc1ccccc1)NC(=O)C2(CCCC2)NC(=O)c3cc4ccccc4s3,8.31
295,CHEMBL76529,CCN(C\C(=N/OC)\[C@H](CCN1CCC(CC1)N2C(=O)N(CC(=O)N)c3ccccc23)c4ccc(Cl)c(Cl)c4)C(=O)c5cc(Cl)cc(Cl)c5,8.32
296,CHEMBL165465,CN(C\C(=N/OCCCn1cncn1)\C(CCN2CCC(CC2)N3CCCCC3=O)c4ccc(Cl)c(Cl)c4)C(=O)c5cc(Cl)cc(Cl)c5,8.32
297,CHEMBL56143,CCCC(O)(CCC)C1CCN(CCC(CN(C)C(=O)c2ccccc2)c3ccc(Cl)c(Cl)c3)CC1,8.33
298,CHEMBL242624,O=C(CCCNC(=O)[C@@H](Cc1ccccc1)NC(=O)C2(CCCC2)NC(=O)c3cc4ccccc4s3)N5CCC(CC5)N6CCOCC6,8.33
299,CHEMBL1683149,CCCCc1ccc(cc1)C(=O)NC2(CCCC2)C(=O)N[C@@H](Cc3ccccc3)C(=O)NCC4CCN(CC5CCOCC5)CC4,8.34
300,CHEMBL47544,CC[C@H](NC(=O)c1c(CN2CCC(CC2)N3CCCCC3)c(nc4ccccc14)c5ccccc5)c6ccccc6,8.34
301,CHEMBL166975,CN(C\C(=N/OCCCNS(=O)(=O)C)\C(CCN1CCC(CC1)N2CCCCC2=O)c3ccc(Cl)c(Cl)c3)C(=O)c4cc(Cl)cc(Cl)c4,8.35
302,CHEMBL45362,CC(C)N1CCN(Cc2c(nc3ccccc3c2C(=O)NC4CCCCC4)c5ccccc5)CC1,8.38
303,CHEMBL167994,CN(C\C(=N/OCC(=O)NO)\C(CCN1CCC(CC1)N2CCCCC2=O)c3ccc(Cl)c(Cl)c3)C(=O)c4cc(Cl)cc(Cl)c4,8.38
304,CHEMBL243503,CSc1ccc(NC(=O)NC2(CCCC2)C(=O)N[C@H](Cc3ccccc3)C(=O)NCCCN4CCOCC4)cc1,8.38
305,CHEMBL75478,CCN(C\C(=N/OC)\[C@H](CCN1CCC(CC1)N2C(=O)N(CC(=O)NCCOC)c3ccccc23)c4ccc(Cl)c(Cl)c4)C(=O)c5cc(Cl)cc(Cl)c5,8.39
306,CHEMBL176811,COc1c(Br)cc(cc1Br)C(=O)N2CCC(CCN3CCC(CC3)(C(=O)N)c4ccccc4)(C2)c5ccc(Cl)c(Cl)c5,8.39
307,CHEMBL306124,CCN(C\C(=N/OC)\[C@H](CCN1CCC(CC1)N2C(=O)N(CCOC)c3ccccc23)c4ccc(Cl)c(Cl)c4)C(=O)c5cc(Cl)cc(Cl)c5,8.4
308,CHEMBL235431,CN1CCN(CCCNC(=O)[C@@H](Cc2ccccc2)NC(=O)C3(CCCCC3)NC(=O)c4cc5ccccc5s4)CC1,8.4
309,CHEMBL32163,CO\N=C(/CN(C)C(=O)c1cc(Cl)cc(Cl)c1)\C(CCN2CCC(O)(CC2)c3ccccc3)c4ccc(Cl)c(Cl)c4,8.4
310,CHEMBL418224,CO\N=C(/CN(C)C(=O)c1ccccc1OC)\C(CCN2CCC(O)(CC2)c3ccccc3)c4ccc(Cl)c(Cl)c4,8.4
311,CHEMBL32273,CO\N=C(/CN(C)C(=O)c1cncc(Br)c1)\C(CCN2CCC(O)(CC2)c3ccccc3)c4ccc(Cl)c(Cl)c4,8.4
312,CHEMBL144116,CO\N=C(/COCc1cc(cc(c1)C(F)(F)F)C(F)(F)F)\C(CCN2CCC(CC2)N3CCCCC3=O)c4ccc(Cl)c(Cl)c4,8.4
313,CHEMBL284145,CO\N=C(/COCc1ccc(cc1)C(C)(C)C)\C(CCN2CCC(O)(CC2)c3ccccc3)c4ccc(Cl)c(Cl)c4,8.4
314,CHEMBL1683147,Clc1cc(ccc1C(=O)NC2(CCCC2)C(=O)N[C@@H](Cc3ccccc3)C(=O)NCC4CCN(CC5CCOCC5)CC4)n6cccc6,8.4
315,CHEMBL114068,NC(=N)NCC(=O)N[C@H]1CC(=O)N[C@@H](Cc2c[nH]c3ccccc23)C(=O)N[C@@H](Cc4ccccc4)C(=O)N[C@H](Cc5ccccc5)CNC1=O,8.4
316,CHEMBL365613,NS(=O)(=O)N1CCN(CC1)C2CN(CC[C@@]3(CCC(=O)N(CC4CC4)C3)c5ccc(Cl)c(Cl)c5)C2,8.4
317,CHEMBL116871,O=C(Cn1cnnn1)N[C@H]2CC(=O)N[C@@H](Cc3c[nH]c4ccccc34)C(=O)N[C@@H](Cc5ccccc5)C(=O)N[C@H](Cc6ccccc6)NC2=O,8.4
318,CHEMBL100298,O=C(N(CCCN1CCSCC1)CCc2c[nH]c3ccccc23)c4ccccc4C(=O)N(CCCN5CCSCC5)CCc6c[nH]c7ccccc67,8.4
319,CHEMBL237304,O=C(NCCCN1CCCC1)[C@@H](Cc2ccccc2)NC(=O)C3(CCCCC3)NC(=O)c4cc5ccccc5s4,8.4
320,CHEMBL2112926,OCC(CO)NC(=O)C1CC(=O)N[C@@H](Cc2c[nH]c3ccccc23)C(=O)N[C@@H](Cc4ccccc4)C(=O)N[C@@H](Cc5ccccc5)CNC1=O,8.4
321,CHEMBL225264,OC[C@H](O)[C@H](O[C@@H]1O[C@H](CO)[C@H](O)[C@H](O)[C@H]1O)[C@@H](O)[C@H](O)C(=O)NC2CC(=O)N[C@@H](Cc3c[nH]c4ccccc34)C(=O)N[C@@H](Cc5ccccc5)C(=O)N[C@H](Cc6ccccc6)CNC2=O,8.4
322,CHEMBL26860,CC(=O)C1(CCN(CCCC2(CCC(=O)N(Cc3ccccc3)C2)c4ccc(Cl)c(Cl)c4)CC1)c5ccccc5,8.41
323,CHEMBL395774,Cc1cc(NC(=O)NC2(CCCC2)C(=O)N[C@H](Cc3ccccc3)C(=O)NCCCN4CCOCC4)ccc1Br,8.42
324,CHEMBL243278,O=C(NCCCNC1CCOCC1)[C@@H](Cc2ccccc2)NC(=O)C3(CCCC3)NC(=O)c4cc5ccccc5s4,8.42
325,CHEMBL56788,CCCC(O)C1CCN(CCC(CN(C)C(=O)c2ccccc2)c3ccc(Cl)c(Cl)c3)CC1,8.43
326,CHEMBL430609,CCNC(=O)CN1C(=O)N(C2CCN(CC[C@@H](\C(=N\OC)\CN(CC)C(=O)c3cc(Cl)cc(Cl)c3)c4ccc(Cl)c(Cl)c4)CC2)c5ccccc15,8.44
327,CHEMBL56481,CCC(O)(CC)C1CCN(CCC(CN(C)C(=O)c2ccccc2)c3ccc(Cl)c(Cl)c3)CC1,8.46
328,CHEMBL3775108,CCCCC(NC(=O)[C@H](CC(C)C)NC(=O)CNC(=O)[C@@H](NC(=O)[C@H](Cc1ccccc1)NC(=O)[C@H](CO)NC(=O)[C@@H](N)CC(=O)O)C(C)C)C(=O)N,8.46
329,CHEMBL262053,CN(C\C(=N/OCCC[S+](C)[O-])\C(CCN1CCC(CC1)N2CCCCC2=O)c3ccc(Cl)c(Cl)c3)C(=O)c4cc(Cl)cc(Cl)c4,8.46
330,CHEMBL320487,Cc1cc(C)cc(c1)C(=O)N2CCN([C@@H](C2)c3ccc(Cl)c(Cl)c3)C(=O)CNC4CCN(Cc5ccccc5)CC4,8.47
331,CHEMBL106608,Clc1ccc(cc1Cl)C2CN(CCN2C(=O)CNC3CCN(Cc4ccccc4)CC3)C(=O)c5ccccc5,8.47
332,CHEMBL1683148,Fc1cc(ccc1C(=O)NC2(CCCC2)C(=O)N[C@@H](Cc3ccccc3)C(=O)NCC4CCN(CC5CCOCC5)CC4)n6cccc6,8.49
333,CHEMBL166828,CN(C\C(=N/OCCCS(=O)(=O)C)\C(CCN1CCC(CC1)N2CCCCC2=O)c3ccc(Cl)c(Cl)c3)C(=O)c4cc(Cl)cc(Cl)c4,8.5
334,CHEMBL387700,CS(=O)(=O)N1CCN(CC1)[C@@H]2CC(=O)N[C@@H](Cc3c[nH]c4ccccc34)C(=O)N[C@@H](Cc5ccccc5)C(=O)N[C@H](Cc6ccccc6)CNC2=O,8.5
335,CHEMBL106816,Cc1cc(C)cc(c1)C(=O)N2CCN([C@@H](C2)c3ccc(Cl)c(Cl)c3)C(=O)CNC4CCN(CC4)C(=O)[C@@H](N)Cc5ccccc5,8.5
336,CHEMBL367815,FC1(F)CCC(CN2C[C@](CCN3CC(C3)N4CCC(=O)CC4)(CCC2=O)c5ccc(Cl)c(Cl)c5)CC1,8.5
337,CHEMBL324313,Fc1ccc2NCC(C[C@@H]3NC(=O)CCC(=O)NC[C@@H](Cc4ccccc4)NC(=O)[C@H](Cc5ccccc5)NC3=O)c2c1,8.5
338,CHEMBL438559,N[C@H]1CC(=O)NC[C@@H](Cc2ccccc2)NC(=O)[C@H](Cc3ccccc3)NC(=O)[C@H](Cc4c[nH]c5ccccc45)NC1=O,8.5
339,CHEMBL420308,N[C@H]1CC(=O)N[C@@H](Cc2c[nH]c3ccccc23)C(=O)N[C@@H](Cc4ccccc4)C(=O)N[C@H](Cc5ccccc5)CNC1=O,8.5
340,CHEMBL323677,O=C1CCC(=O)N[C@@H](Cc2c[nH]c3ccccc23)C(=O)N[C@@H](Cc4ccccc4)C(=O)N[C@H](Cc5c[nH]c6ccccc56)CN1,8.5
341,CHEMBL428217,OC1CCN(CCCNC(=O)[C@@H](Cc2ccccc2)NC(=O)C3(CCCC3)NC(=O)c4cc5ccccc5s4)CC1,8.5
342,CHEMBL354771,COCCO\N=C(/CN(C)C(=O)c1cc(Cl)cc(Cl)c1)\C(CCN2CCC(CC2)N3CCCCC3=O)c4ccc(Cl)c(Cl)c4,8.51
343,CHEMBL312612,CO\N=C(/CN(CCF)C(=O)c1cc(Cl)cc(Cl)c1)\[C@H](CCN2CCC(CC2)N3C(=O)N(CC(=O)O)c4ccccc34)c5ccc(Cl)c(Cl)c5,8.51
344,CHEMBL33243,CO\N=C(/CN(C)C(=O)c1cc(C)nc(c1)N2CCCC2)\C(CCN3CCC(O)(CC3)c4ccccc4)c5ccc(Cl)c(Cl)c5,8.52
345,CHEMBL36462,CO\N=C(/CN(C)C(=O)c1cc(OC)c(OC)c(OC)c1)\C(CCN2CCC(O)(CC2)c3ccccc3)c4ccc(Cl)c(Cl)c4,8.52
346,CHEMBL108350,Cc1cc(C)cc(c1)C(=O)N2CCN([C@@H](C2)c3ccc(Cl)c(Cl)c3)C(=O)CNC4CCN(Cc5ncc[nH]5)CC4,8.52
347,CHEMBL244363,Clc1cccc2sc(cc12)C(=O)NC3(CCCC3)C(=O)N[C@H](Cc4ccccc4)C(=O)NCCCN5CCOCC5,8.54
348,CHEMBL311712,CCN(C\C(=N/OC)\[C@H](CCN1CCC(CC1)N2C(=O)N(Cc3ccccn3)c4ccccc24)c5ccc(Cl)c(Cl)c5)C(=O)c6cc(Cl)cc(Cl)c6,8.55
349,CHEMBL2115072,CCC(=NO)C1CCN(CCC(CN(C)C(=O)c2ccccc2)c3ccc(Cl)c(Cl)c3)CC1,8.57
350,CHEMBL166827,CN(C\C(=N/OCCCS(=O)(=O)O)\C(CCN1CCC(CC1)N2CCCCC2=O)c3ccc(Cl)c(Cl)c3)C(=O)c4cc(Cl)cc(Cl)c4,8.57
351,CHEMBL306624,CCN(C\C(=N/OC)\[C@H](CCN1CCC(CC1)n2c(O)nc3ccccc23)c4ccc(Cl)c(Cl)c4)C(=O)c5cc(Cl)cc(Cl)c5,8.59
352,CHEMBL345402,CC(=O)NC1C(O)C(O)C(CO)OC1NC(=O)C2CC(=O)N[C@@H](Cc3c[nH]c4ccccc34)C(=O)N[C@H](Cc5ccccc5)C(=O)N[C@H](Cc6ccccc6)CNC2=O,8.6
353,CHEMBL407782,CC(C)C[C@@H]1NC(=O)[C@@H]2CNC(=O)C[C@H](NC(=O)[C@H](CC(=O)N[C@@H]3O[C@H](CO)[C@@H](O)[C@H](CO)[C@H]3NC(=O)C)NC1=O)C(=O)N[C@@H](Cc4c[nH]c5ccccc45)C(=O)N[C@@H](Cc6ccccc6)C(=O)N2,8.6
354,CHEMBL76093,CCN(C\C(=N/OC)\[C@H](CCN1CCC(CC1)N2C(=O)N(CC#N)c3ccccc23)c4ccc(Cl)c(Cl)c4)C(=O)c5cc(Cl)cc(Cl)c5,8.6
355,CHEMBL237048,CN1CCN(CCCNC(=O)[C@@H](Cc2ccccc2)NC(=O)C3(Cc4ccccc4C3)NC(=O)c5cc6ccccc6s5)CC1,8.6
356,CHEMBL166161,COC1(C[S+]([O-])c2ccccc2)CCN(CCc3c[nH]c4ccc(F)cc34)CC1,8.6
357,CHEMBL312141,CO\N=C(/CN(C1CC1)C(=O)c2cc(Cl)cc(Cl)c2)\[C@H](CCN3CCC(CC3)n4c(O)nc5ccccc45)c6ccc(Cl)c(Cl)c6,8.6
358,CHEMBL281019,Clc1ccc(cc1Cl)C2(CCCN3CCC4(CC3)CN(NC4=O)c5ccccc5)CCC(=O)N(Cc6ccccc6)C2,8.6
359,CHEMBL185133,FC1CCN(CC1)C2CN(CC[C@@]3(CCC(=O)N(CCC4CC4)C3)c5ccc(Cl)c(Cl)c5)C2,8.6
360,CHEMBL3651894,CN([C@@H]1CN(C[C@H]1c2ccc(F)cc2)C(=O)C3CCN(CC3)C(=O)C(C)(C)O)C(=O)N(C)c4cc(cc(c4)C(F)(F)F)C(F)(F)F,8.62
361,CHEMBL447955,C[C@@H](O[C@H]1CC[C@@H]2CN(C[C@H]2[C@@H]1c3ccc(F)cc3)C4=CC(=O)CC4)c5cc(cc(c5)C(F)(F)F)C(F)(F)F,8.62
362,CHEMBL47412,C[C@H](NC(=O)c1c(CN2CCNCC2)c(nc3ccccc13)c4ccccc4)C5CCCCC5,8.62
363,CHEMBL230426,Cn1c(cc2ccccc12)C(=O)NC3(CCCC3)C(=O)N[C@H](Cc4ccccc4)C(=O)NCCCN5CCOCC5,8.62
364,CHEMBL3642158,COc1ccc(cc1)C(=O)N(C)[C@@H]2CCN(CC2c3ccc(Cl)c(Cl)c3)C(=O)C4CCN(CC4)C(=O)C,8.64
365,CHEMBL397263,O=C(NCCCN1CCOCC1)[C@@H](Cc2ccccc2)NC(=O)C3(CCCC3)NC(=O)c4cc5ccccc5[nH]4,8.64
366,CHEMBL370013,NC(=O)C1(CCN(CC[C@]2(CCN(C2)C(=O)c3ccccc3)c4ccc(Cl)c(Cl)c4)CC1)c5ccccc5,8.65
367,CHEMBL3642162,CN([C@@H]1CN(CC1c2ccc(Cl)c(Cl)c2)C(=O)C3CCC(CC3)C(=O)C)C(=O)c4cc(cc(c4)C(F)(F)F)C(F)(F)F,8.66
368,CHEMBL280789,CS(=O)(=O)N1CC2(CCN(CCCC3(CCC(=O)N(Cc4ccccc4)C3)c5ccc(Cl)c(Cl)c5)CC2)c6ccccc16,8.66
369,CHEMBL397264,O=C(NCCCN1CCOCC1)[C@@H](Cc2ccccc2)NC(=O)C3(CCCC3)NC(=O)c4ccc5ccccc5c4,8.67
370,CHEMBL2111522,CC\C(=N\O)\C1CCN(CCC(CN(C)C(=O)c2ccccc2)c3ccc(Cl)c(Cl)c3)CC1,8.68
371,CHEMBL1683152,O=C(NC1(CCCC1)C(=O)N[C@H](CCCN2CCN(CC3CCOCC3)CC2)Cc4ccccc4)c5cc6ccccc6cn5,8.69
372,CHEMBL231173,O=C(NCCCN1CCC(CC1)N2CCOCC2)[C@@H](Cc3ccccc3)NC(=O)C4(CCCC4)NC(=O)c5cc6ccccc6s5,8.69
373,CHEMBL224532,CC(=O)N[C@@H](CN[C@@H]1CC(=O)N[C@@H](Cc2c[nH]c3ccccc23)C(=O)N[C@@H](Cc4ccccc4)C(=O)N[C@H](Cc5ccccc5)CNC1=O)[C@@H](O)[C@H](O)[C@H](O)CO,8.7
374,CHEMBL316943,CN(C)CCN(C)C(=O)c1nccnc1C(=O)N[C@@H]2CC(=O)N[C@@H](Cc3c[nH]c4ccccc34)C(=O)N[C@@H](Cc5ccccc5)C(=O)N[C@H](Cc6ccccc6)CNC2=O,8.7
375,CHEMBL352813,CN(C\C(=N/OCC(=O)N)\C(CCN1CCC(CC1)N2CCCCC2=O)c3ccc(Cl)c(Cl)c3)C(=O)c4cc(Cl)cc(Cl)c4,8.7
376,CHEMBL3642159,CN([C@@H]1CCN(CC1c2ccc(Cl)c(Cl)c2)C(=O)C3CCN(CC3)C(=O)C)C(=O)c4ccc(C)cc4,8.7
377,CHEMBL3651889,CN([C@@H]1CN(CC1c2ccc(Cl)c(Cl)c2)C(=O)C3CCN(CC3)C(=O)C)C(=O)N(C)c4cc(cc(c4)C(F)(F)F)C(F)(F)F,8.7
378,CHEMBL235353,CN1CCN(CCCNC(=O)[C@@H](Cc2ccccc2)NC(=O)C3(CCCC3)NC(=O)c4cc5ccccc5s4)CC1,8.7
379,CHEMBL32197,CO\N=C(/CN(C)C(=O)c1cc(C)cc(C)c1)\C(CCN2CCC(O)(CC2)c3ccccc3)c4ccc(Cl)c(Cl)c4,8.7
380,CHEMBL32537,CO\N=C(/CN(C)C(=O)c1cc(OC)cc(OC)c1)\C(CCN2CCC(O)(CC2)c3ccccc3)c4ccc(Cl)c(Cl)c4,8.7
381,CHEMBL286901,CO\N=C(/CN(C)C(=O)c1ccc(C)s1)\C(CCN2CCC(O)(CC2)c3ccccc3)c4ccc(Cl)c(Cl)c4,8.7
382,CHEMBL33249,CO\N=C(/CNC(=O)c1cc(cc(c1)C(F)(F)F)C(F)(F)F)\C(CCN2CCC(O)(CC2)c3ccccc3)c4ccc(Cl)c(Cl)c4,8.7
383,CHEMBL1083857,Cc1ccc2cc(sc2c1)C(=O)NC3(CCCC3)C(=O)N[C@@H](CCCN4CCC(CCO)CC4)Cc5ccccc5,8.7
384,CHEMBL1084251,Cc1ccc2cc(sc2c1)C(=O)NC3(CCCC3)C(=O)N[C@@H](CCCN4CCN(CC4)C=O)Cc5ccccc5,8.7
385,CHEMBL1083853,Cc1ccc2cc(sc2c1)C(=O)NC3(CCCC3)C(=O)N[C@@H](CCN4CCC(CC4)N5CCOCC5)Cc6ccccc6,8.7
386,CHEMBL1083859,Cc1ccc2cc(sc2c1)C(=O)NC3(CCCC3)C(=O)N[C@@H](CN4CCN(CC5CCOCC5)CC4)Cc6ccccc6,8.7
387,CHEMBL376141,N[C@@H]1CC(=O)N[C@@H](Cc2c[nH]c3ccccc23)C(=O)N[C@@H](Cc4ccccc4)C(=O)N[C@H](Cc5ccccc5)CNC1=O,8.7
388,CHEMBL398028,O=C(NCCCN1CCOCC1)[C@@H](Cc2ccccc2)NC(=O)C3(Cc4ccccc4C3)NC(=O)c5cc6ccccc6s5,8.7
389,CHEMBL435324,O=C1CCC(=O)N[C@@H](Cc2c[nH]c3ccccc23)C(=O)N[C@@H](Cc4ccccc4)C(=O)N[C@H](Cc5ccccc5)CN1,8.7
390,CHEMBL220365,O=C(NC1CCN(CC2CCOCC2)CC1)[C@@H](Cc3ccccc3)NC(=O)C4(CCCC4)NC(=O)c5cc6ccccc6s5,8.71
391,CHEMBL243497,O=C(NCCC1CCN(CC2CCOCC2)CC1)[C@@H](Cc3ccccc3)NC(=O)C4(CCCC4)NC(=O)c5cc6ccccc6s5,8.71
392,CHEMBL78851,CO\N=C(/CN(C)C(=O)c1cc(Cl)cc(Cl)c1)\[C@H](CCN2CCC(CC2)N3C(=O)N(CC(=O)OC)c4ccccc34)c5ccc(Cl)c(Cl)c5,8.75
393,CHEMBL3642161,CN([C@@H]1CCN(CC1c2ccc(Cl)c(Cl)c2)C(=O)C3CCN(CC3)C(=O)C)C(=O)c4ccc(cc4)c5ccccc5,8.77
394,CHEMBL355295,CNC(=O)NCCCO\N=C(/CN(C)C(=O)c1cc(Cl)cc(Cl)c1)\C(CCN2CCC(CC2)N3CCCCC3=O)c4ccc(Cl)c(Cl)c4,8.77
395,CHEMBL77042,CO\N=C(/CN(C)C(=O)c1cc(Cl)cc(Cl)c1)\[C@H](CCN2CCC(CC2)N3C(=O)N(CC(=O)O)c4ccccc34)c5ccc(Cl)c(Cl)c5,8.77
396,CHEMBL375213,CC(=O)N[C@@H]1[C@@H](O)[C@H](O)[C@@H](CO)O[C@H]1NC(=O)CCC(=O)N[C@@H]2CC(=O)N[C@@H](Cc3c[nH]c4ccccc34)C(=O)N[C@@H](Cc5ccccc5)C(=O)N[C@H](Cc6ccccc6)CNC2=O,8.8
397,CHEMBL396827,CCCCN(CCCC)CCCNC(=O)[C@@H](Cc1ccccc1)NC(=O)C2(Cc3ccccc3C2)NC(=O)c4cc5ccccc5s4,8.8
398,CHEMBL3360199,CCCC[C@H](NC(=O)[C@@H]1CCCN1C(=O)[C@H]2CCCN2C(=O)[C@H](Cc3ccccc3)NC(=O)[C@@H](Cc4c[nH]c5ccccc45)NC(=O)[C@H](C)NC(=O)[C@H](CCCCNCC(=O)Nc6ccc(c7nonc67)[N+](=O)[O-])NC(=O)c8ccccc8)C(=O)N,8.8
399,CHEMBL33868,CC[C@H](NC(=O)c1c(CN2CCN(CC2)C3CCCCC3)c(nc4ccccc14)c5ccccc5)c6ccccc6,8.8
400,CHEMBL224427,CN1CCN(CC(=O)N[C@@H]2CC(=O)N[C@@H](Cc3c[nH]c4ccccc34)C(=O)N[C@@H](Cc5ccccc5)C(=O)N[C@H](Cc6ccccc6)CNC2=O)CC1,8.8
401,CHEMBL66106,CO\N=C(/CN(C)C(=O)c1cc(Cl)cc(Cl)c1)\C(CCN2CCC(CC2)N3CCCCC3=O)c4ccc(Cl)c(Cl)c4,8.8
402,CHEMBL323884,Fc1ccc(C[C@@H]2CNC(=O)CCC(=O)N[C@@H](Cc3c[nH]c4ccccc34)C(=O)N[C@@H](Cc5ccccc5)C(=O)N2)cc1F,8.8
403,CHEMBL159449,O=C(C[C@@H]1CC(=O)N[C@@H](Cc2c[nH]c3ccccc23)C(=O)N[C@H](Cc4ccccc4)C(=O)N[C@H](Cc5ccccc5)CNC1=O)N6CCC(CC6)N7CCCCC7,8.8
404,CHEMBL230324,O=C(NCCCN1CCOCC1)[C@@H](Cc2ccccc2)NC(=O)C3(CCCC3)NC(=O)c4ccc(cc4)c5ccccc5,8.8
405,CHEMBL387699,O=C1C[C@@H](N2CCCCC2)C(=O)NC[C@@H](Cc3ccccc3)NC(=O)[C@H](Cc4ccccc4)NC(=O)[C@H](Cc5c[nH]c6ccccc56)N1,8.8
406,CHEMBL223644,O=C1C[C@@H](N2CCNCC2)C(=O)NC[C@@H](Cc3ccccc3)NC(=O)[C@H](Cc4ccccc4)NC(=O)[C@H](Cc5c[nH]c6ccccc56)N1,8.8
407,CHEMBL420859,O=C1C[C@H](NCc2nn[nH]n2)C(=O)NC[C@@H](Cc3ccccc3)NC(=O)[C@H](Cc4ccccc4)NC(=O)[C@H](Cc5c[nH]c6ccccc56)N1,8.8
408,CHEMBL161242,OCCOCCN1CCN(CC1)C(=O)C2CC(=O)N[C@@H](Cc3c[nH]c4ccccc34)C(=O)N[C@H](Cc5ccccc5)C(=O)N[C@H](Cc6ccccc6)CNC2=O,8.8
409,CHEMBL296857,CC(C)[C@H](NC(=O)c1c(CN2CCN(CC2)C(C)C)c(nc3ccccc13)c4ccccc4)c5ccccc5,8.82
410,CHEMBL354772,CN(C\C(=N/OCCCO)\C(CCN1CCC(CC1)N2CCCCC2=O)c3ccc(Cl)c(Cl)c3)C(=O)c4cc(Cl)cc(Cl)c4,8.82
411,CHEMBL306952,CO\N=C(/CN(C)C(=O)c1cc(Cl)cc(Cl)c1)\[C@H](CCN2CCC(CC2)N3C(=O)N(C)c4ccccc34)c5ccc(Cl)c(Cl)c5,8.82
412,CHEMBL244364,Clc1ccc2sc(cc2c1)C(=O)NC3(CCCC3)C(=O)N[C@H](Cc4ccccc4)C(=O)NCCCN5CCOCC5,8.82
413,CHEMBL3360198,CCCC[C@H](NC(=O)[C@@H]1CCCN1C(=O)[C@@H](Cc2ccccc2)NC(=O)[C@H](Cc3ccccc3)NC(=O)[C@@H](Cc4c[nH]c5ccccc45)NC(=O)[C@H](C)NC(=O)[C@H](CCCCNc6ccc(c7nonc67)[N+](=O)[O-])NC(=O)c8ccccc8)C(=O)N,8.83
414,CHEMBL268783,CCCC[C@H](NC(=O)[C@@H]1CCCN1C(=O)[C@@H]2CCCN2C(=O)[C@H](Cc3ccccc3)NC(=O)[C@H](Cc4c[nH]c5ccccc45)NC(=O)[C@H](C)NC(=O)[C@H](CCCC(N)c6ccc(c7nonc67)[N+](=O)[O-])NC(=O)c8ccccc8)C(=O)N,8.83
415,CHEMBL217548,CCCC[C@H](NC(=O)[C@@H]1CCCN1C(=O)[C@@H]2CCCN2C(=O)[C@H](Cc3ccccc3)NC(=O)[C@H](Cc4c[nH]c5ccccc45)NC(=O)[C@H](C)NC(=O)[C@H](CCC(N)c6ccc(c7nonc67)[N+](=O)[O-])NC(=O)c8ccccc8)C(=O)N,8.84
416,CHEMBL3360197,CCCC[C@H](NC(=O)[C@@H]1CCCN1C(=O)[C@H]2CCCN2C(=O)[C@H](Cc3ccccc3)NC(=O)[C@@H](Cc4c[nH]c5ccccc45)NC(=O)[C@H](C)NC(=O)[C@H](CCCNc6ccc(c7nonc67)[N+](=O)[O-])NC(=O)c8ccccc8)C(=O)N,8.84
417,CHEMBL168272,CN(C\C(=N/OCC#N)\C(CCN1CCC(CC1)N2CCCCC2=O)c3ccc(Cl)c(Cl)c3)C(=O)c4cc(Cl)cc(Cl)c4,8.85
418,CHEMBL266108,O=C(NCC1CCN(CC2CCOCC2)CC1)[C@@H](Cc3ccccc3)NC(=O)C4(CCCC4)NC(=O)c5cc6ccc(cc6s5)C#N,8.86
419,CHEMBL413650,CCCC[C@H](NC(=O)[C@@H]1CCCN1C(=O)[C@@H]2CCCN2C(=O)[C@H](Cc3ccccc3)NC(=O)[C@H](Cc4c[nH]c5ccccc45)NC(=O)[C@H](C)NC(=O)[C@H](CC(N)c6ccc(c7nonc67)[N+](=O)[O-])NC(=O)c8ccccc8)C(=O)N,8.87
420,CHEMBL3360196,CCCC[C@H](NC(=O)[C@@H]1CCCN1C(=O)[C@H]2CCCN2C(=O)[C@H](Cc3ccccc3)NC(=O)[C@@H](Cc4c[nH]c5ccccc45)NC(=O)[C@H](C)NC(=O)C(CCNc6ccc(c7nonc67)[N+](=O)[O-])NC(=O)c8ccccc8)C(=O)N,8.87
421,CHEMBL108997,CC(=O)Nc1ccc(CN2CCC(CC2)NCC(=O)N3CCN(C[C@H]3c4ccc(Cl)c(Cl)c4)C(=O)c5cc(C)cc(C)c5)cc1,8.89
422,CHEMBL443264,CC\C(=N/O)\C1CCN(CCC(CN(C)C(=O)c2ccccc2)c3ccc(Cl)c(Cl)c3)CC1,8.89
423,CHEMBL106877,Cc1cc(C)cc(c1)C(=O)N2CCN([C@@H](C2)c3ccc(Cl)c(Cl)c3)C(=O)CNC4CCN(Cc5cc[nH]c5)CC4,8.89
424,CHEMBL237097,CCCCN(CCCC)CCCNC(=O)[C@@H](Cc1ccccc1)NC(=O)C2(CCCCC2)NC(=O)c3cc4ccccc4s3,8.9
425,CHEMBL1083856,CN(C1CCOCC1)C2CCN(CCC[C@@H](Cc3ccccc3)NC(=O)C4(CCCC4)NC(=O)c5cc6ccc(C)cc6s5)CC2,8.9
426,CHEMBL185182,CS(=O)(=O)N1CCN(CC1)C2CN(CC[C@@]3(CCC(=O)N(CC4CCC(F)(F)CC4)C3)c5ccc(Cl)c(Cl)c5)C2,8.9
427,CHEMBL394420,O=C(NCCCN1CCCC1)[C@@H](Cc2ccccc2)NC(=O)C3(Cc4ccccc4C3)NC(=O)c5cc6ccccc6s5,8.9
428,CHEMBL434548,OC1CCN(CC1)C2CN(CC[C@@]3(CCC(=O)N(CC4CCC(F)(F)CC4)C3)c5ccc(Cl)c(Cl)c5)C2,8.9
429,CHEMBL436804,OC[C@@H](O)[C@@H](O[C@@H]1O[C@H](CO)[C@H](O)[C@H](O)[C@H]1O)[C@H](O)[C@@H](O)CN[C@@H]2CC(=O)N[C@@H](Cc3c[nH]c4ccccc34)C(=O)N[C@@H](Cc5ccccc5)C(=O)N[C@H](Cc6ccccc6)CNC2=O,8.9
430,CHEMBL45961,CC(C)C(=O)N1CCN(Cc2c(nc3ccccc3c2C(=O)N[C@@H](C)C4CCCCC4)c5ccccc5)CC1,8.92
431,CHEMBL75698,CCOC(=O)[C@@H](Cc1ccc(O)cc1)N2CCCN(C3CCN(CC[C@@H](\C(=N\OC)\CN(C)C(=O)c4cc(Cl)cc(Cl)c4)c5ccc(Cl)c(Cl)c5)CC3)C2=O,8.92
432,CHEMBL310334,CNC(=O)CN1CCCN(C2CCN(CC[C@@H](\C(=N\OC)\CN(C)C(=O)c3cc(Cl)cc(Cl)c3)c4ccc(Cl)c(Cl)c4)CC2)C1=O,8.92
433,CHEMBL75479,CO\N=C(/CN(C)C(=O)c1cc(Cl)cc(Cl)c1)\[C@H](CCN2CCC(CC2)N3CCCN(CC(=O)OCc4ccccc4)C3=O)c5ccc(Cl)c(Cl)c5,8.92
434,CHEMBL76823,CO\N=C(/CN(C)C(=O)c1cc(Cl)cc(Cl)c1)\[C@H](CCN2CCC(CC2)N3CCCN(Cc4ccsc4)C3=O)c5ccc(Cl)c(Cl)c5,8.92
435,CHEMBL394607,O=C(CCNC(=O)[C@@H](Cc1ccccc1)NC(=O)C2(CCCC2)NC(=O)c3cc4ccccc4s3)N5CCN(CC5)C6CCOCC6,8.93
436,CHEMBL3642160,CN([C@@H]1CCN(CC1c2ccc(Cl)c(Cl)c2)C(=O)C3CCN(CC3)C(=O)C)C(=O)c4ccc(Cl)cc4,8.96
437,CHEMBL307733,CO\N=C(/CN(C)C(=O)c1cc(Cl)cc(Cl)c1)\[C@H](CCN2CCC(CC2)N3CCCN(Cc4cocc4)C3=O)c5ccc(Cl)c(Cl)c5,8.96
438,CHEMBL106300,Cc1cc(C)cc(c1)C(=O)N2CCN([C@@H](C2)c3ccc(Cl)c(Cl)c3)C(=O)CNC4CCN(CC4)C(=O)[C@@H](N)c5ccccc5,8.96
439,CHEMBL108955,Cc1cc(C)cc(c1)C(=O)N2CCN([C@@H](C2)c3ccc(Cl)c(Cl)c3)C(=O)CNC4CCN(CC4)C(=O)[C@H](N)Cc5ccccc5,8.96
440,CHEMBL242625,CN1CCN(CC1)C(=O)CCNC(=O)[C@@H](Cc2ccccc2)NC(=O)C3(CCCC3)NC(=O)c4cc5ccccc5s4,8.97
441,CHEMBL394878,CN1CCN(CCCNC(=O)[C@@H](Cc2ccccc2)NC(=O)C3(CCc4ccccc34)NC(=O)c5cc6ccccc6s5)CC1,9.0
442,CHEMBL32124,CO\N=C(/CN(C)C(=O)c1cc(C)nc(c1)N(C)C)\C(CCN2CCC(O)(CC2)c3ccccc3)c4ccc(Cl)c(Cl)c4,9.0
443,CHEMBL75422,CO\N=C(/CN(C)C(=O)c1cc(Cl)cc(Cl)c1)\[C@H](CCN2CCC(CC2)n3c(O)nc4ccccc34)c5ccc(Cl)c(Cl)c5,9.0
444,CHEMBL33106,CO\N=C(/COCc1noc(n1)C(C)(C)C)\C(CCN2CCC(O)(CC2)c3ccccc3)c4ccc(Cl)c(Cl)c4,9.0
445,CHEMBL295770,C[C@H](NC(=O)c1c(CN2CCC(CC2)N3CCCCC3)c(nc4ccccc14)c5ccccc5)C(C)(C)C,9.0
446,CHEMBL1083852,Cc1ccc2cc(sc2c1)C(=O)NC3(CCCC3)C(=O)N[C@@H](CCCN4CCC(CN5CCOCC5)CC4)Cc6ccccc6,9.0
447,CHEMBL1083876,Cc1ccc2cc(sc2c1)C(=O)NC3(CCCC3)C(=O)N[C@@H](CCCN4CCN(Cc5c[nH]cn5)CC4)Cc6ccccc6,9.0
448,CHEMBL434142,NC1CCN(CC1)C2CN(CC[C@@]3(CCC(=O)N(CC4CCC(F)(F)CC4)C3)c5ccc(Cl)c(Cl)c5)C2,9.0
449,CHEMBL224888,O=C1C[C@H](NC2CCOCC2)C(=O)NC[C@@H](Cc3ccccc3)NC(=O)[C@H](Cc4ccccc4)NC(=O)[C@H](Cc5c[nH]c6ccccc56)N1,9.0
450,CHEMBL339767,CCN1[C@H]([C@@H](CCN2CCC(CC2)c3ccccc3[S+](C)[O-])c4ccc(Cl)c(Cl)c4)c5ccccc5C1=O,9.04
451,CHEMBL107469,CC(=O)Nc1nc(CN2CCC(CC2)NCC(=O)N3CCN(C[C@H]3c4ccc(Cl)c(Cl)c4)C(=O)c5cc(C)cc(C)c5)cs1,9.05
452,CHEMBL307498,CO\N=C(/CN(C)C(=O)c1cc(Cl)cc(Cl)c1)\[C@H](CCN2CCC(CC2)N3CCCN(Cc4nn[nH]n4)C3=O)c5ccc(Cl)c(Cl)c5,9.05
453,CHEMBL451235,CO\N=C(/CN(C)C(=O)c1cc(Cl)cc(Cl)c1)\[C@H](CCN2CCC(CC2)N3CCCN(N4CCOCC4)C3=O)c5ccc(Cl)c(Cl)c5,9.05
454,CHEMBL242619,O=C(CCNC(=O)[C@@H](Cc1ccccc1)NC(=O)C2(CCCC2)NC(=O)c3cc4ccccc4s3)N5CCN(CC6CCOCC6)CC5,9.05
455,CHEMBL389744,O=C(NCCC1CCN(CC1)C2CCOCC2)[C@@H](Cc3ccccc3)NC(=O)C4(CCCC4)NC(=O)c5cc6ccccc6s5,9.07
456,CHEMBL2115073,CCC(O)(CC)C1CCN(CC[C@H](CN(C)C(=O)c2ccccc2)c3ccc(Cl)c(Cl)c3)CC1,9.08
457,CHEMBL3642169,CN([C@@H]1CCN(C[C@H]1c2ccc(Cl)c(Cl)c2)C(=O)C3CCN(CC3)C(=O)C)C(=O)c4ccc(Br)cn4,9.09
458,CHEMBL2113292,C[C@@H]1CN(CCCNC(=O)[C@@H](Cc2ccccc2)NC(=O)C3(CCCC3)NC(=O)c4cc5ccccc5s4)C[C@H](C)N1,9.09
459,CHEMBL1084164,CC\N=C(/N1CCOCC1)\N2CCN(CCC[C@@H](Cc3ccccc3)NC(=O)C4(CCCC4)NC(=O)c5cc6ccc(C)cc6s5)CC2,9.1
460,CHEMBL308148,CN(C[C@@H](CCN1CCC(CC1)(NC(=O)C)c2ccccc2)c3ccc(Cl)c(Cl)c3)C(=O)c4ccccc4,9.1
461,CHEMBL352588,CN(C\C(=N/OCCO)\C(CCN1CCC(CC1)N2CCCCC2=O)c3ccc(Cl)c(Cl)c3)C(=O)c4cc(Cl)cc(Cl)c4,9.1
462,CHEMBL166961,CN(C\C(=N/OCF)\C(CCN1CCC(CC1)N2CCCCC2=O)c3ccc(Cl)c(Cl)c3)C(=O)c4cc(Cl)cc(Cl)c4,9.1
463,CHEMBL3642163,CN([C@@H]1CCN(C[C@H]1c2ccc(Cl)c(Cl)c2)C(=O)C3CCN(CC3)C(=O)C)C(=O)c4cc(cc(c4)C(F)(F)F)C(F)(F)F,9.1
464,CHEMBL76437,CO\N=C(/CN(C)C(=O)c1cc(Cl)cc(Cl)c1)\[C@H](CCN2CCC(CC2)N3CCCN(C(C)C)C3=O)c4ccc(Cl)c(Cl)c4,9.1
465,CHEMBL404599,CO\N=C(/CN(C)C(=O)c1cc(Cl)cc(Cl)c1)\[C@H](CCN2CCC(CC2)N3CCCN(CC(=N)NO)C3=O)c4ccc(Cl)c(Cl)c4,9.1
466,CHEMBL310273,CO\N=C(/CN(C)C(=O)c1cc(Cl)cc(Cl)c1)\[C@H](CCN2CCC(CC2)N3CCCN(CC(C)(C)O)C3=O)c4ccc(Cl)c(Cl)c4,9.1
467,CHEMBL45129,C[C@H](NC(=O)c1c(CN2CCC(CC2)N3CCOCC3)c(nc4ccccc14)c5ccccc5)C6CCCCC6,9.1
468,CHEMBL1083860,Cc1ccc2cc(sc2c1)C(=O)NC3(CCCC3)C(=O)N[C@@H](CCCN4CCC(CC4)C(=O)N5CCOCC5)Cc6ccccc6,9.1
469,CHEMBL1083868,Cc1ccc2cc(sc2c1)C(=O)NC3(CCCC3)C(=O)N[C@@H](CCCN4CCN(CC4)c5ncccn5)Cc6ccccc6,9.1
470,CHEMBL185572,Clc1ccc(cc1Cl)[C@@]2(CCN3CC(C3)N4CCOCC4)CCC(=O)N(CC5CCCCC5)C2,9.1
471,CHEMBL428203,O=C(NCCCN1CCOCC1)[C@@H](Cc2ccccc2)NC(=O)C3(CCCCC3)NC(=O)c4cc5ccccc5s4,9.1
472,CHEMBL387698,O=C1C[C@H](N2CCOCC2)C(=O)NC[C@@H](Cc3ccccc3)NC(=O)[C@H](Cc4ccccc4)NC(=O)[C@H](Cc5c[nH]c6ccccc56)N1,9.1
473,CHEMBL406287,OC(=O)C(F)(F)F.O=C1C[C@H](N2CCOCC2)C(=O)NC[C@@H](Cc3ccccc3)NC(=O)[C@H](Cc4ccccc4)NC(=O)[C@H](Cc5c[nH]c6ccccc56)N1,9.1
474,CHEMBL394350,O=C(CCNC(=O)[C@@H](Cc1ccccc1)NC(=O)C2(CCCC2)NC(=O)c3cc4ccccc4s3)N5CCC(CC5)N6CCOCC6,9.12
475,CHEMBL230424,O=C(NCCCN1CCOCC1)[C@@H](Cc2ccccc2)NC(=O)C3(CCCC3)NC(=O)c4ccc(s4)c5ccccc5,9.12
476,CHEMBL47775,CC(C)N1CCN(Cc2c(nc3ccccc3c2C(=O)N[C@@H](C)C4CCCCC4)c5ccccc5)CC1,9.16
477,CHEMBL166921,CN(C\C(=N/OCC(=N)NO)\C(CCN1CCC(CC1)N2CCCCC2=O)c3ccc(Cl)c(Cl)c3)C(=O)c4cc(Cl)cc(Cl)c4,9.16
478,CHEMBL75598,CO\N=C(/CN(C)C(=O)c1cc(Cl)cc(Cl)c1)\[C@H](CCN2CCC(CC2)N3CCCN(C)C3=O)c4ccc(Cl)c(Cl)c4,9.16
479,CHEMBL76580,CO\N=C(/CN(C)C(=O)c1cc(Cl)cc(Cl)c1)\[C@H](CCN2CCC(CC2)N3CCCN(Cc4ccccn4)C3=O)c5ccc(Cl)c(Cl)c5,9.16
480,CHEMBL78132,CO\N=C(/CN(C)C(=O)c1cc(Cl)cc(Cl)c1)\[C@H](CCN2CCC(CC2)N3CCCN(O)C3=O)c4ccc(Cl)c(Cl)c4,9.16
481,CHEMBL242631,O=C(NCCCN1CCOCC1)[C@@H](Cc2ccccc2)NC(=O)C3(CCCC3)NC(=O)c4cc5ccccc5s4,9.18
482,CHEMBL129683,CN(C[C@@H](CCN1CCC(CC1)c2ccccc2[S+](C)[O-])c3ccc(Cl)c(Cl)c3)C(=O)c4cc(cc5ccccc45)C#N,9.19
483,CHEMBL1084163,CCS(=O)(=O)N1CCN(CCC[C@@H](Cc2ccccc2)NC(=O)C3(CCCC3)NC(=O)c4cc5ccc(C)cc5s4)CC1,9.2
484,CHEMBL1083847,COc1ccc2oc(cc2c1)C(=O)NC3(CCCC3)C(=O)N[C@@H](CCCN4CCN(CC5CCOCC5)CC4)Cc6ccccc6,9.2
485,CHEMBL1083559,Cc1ccc(cc1)c2ccc(cc2)C(=O)NC3(CCCC3)C(=O)N[C@@H](CCCN4CCN(CC5CCOCC5)CC4)Cc6ccccc6,9.2
486,CHEMBL1084161,Cc1ccc2cc(sc2c1)C(=O)NC3(CCCC3)C(=O)N[C@@H](CCCN4CCN(CC4)S(=O)(=O)N)Cc5ccccc5,9.2
487,CHEMBL1083867,Cc1ccc2cc(sc2c1)C(=O)NC3(CCCC3)C(=O)N[C@@H](CCCN4CCN(CC4)c5ccccn5)Cc6ccccc6,9.2
488,CHEMBL1083864,Cc1ccc2cc(sc2c1)C(=O)NC3(CCCC3)C(=O)N[C@@H](COCC4CCN(CC5CCOCC5)CC4)Cc6ccccc6,9.2
489,CHEMBL1083851,Cc1ccc2cc(sc2c1)C(=O)NC3(CCCC3)C(=O)N[C@H](CCCN4CCN(CC5CCOCC5)CC4)Cc6ccccc6,9.2
490,CHEMBL2112923,O=C(C[C@@H]1CC(=O)N[C@@H](Cc2c[nH]c3ccccc23)C(=O)N[C@@H](Cc4ccccc4)C(=O)N[C@@H](Cc5ccccc5)CNC1=O)N6CCOCC6,9.2
491,CHEMBL1084765,O=C(NC1(CCCC1)C(=O)N[C@@H](CCCN2CCN(CC3CCOCC3)CC2)Cc4ccccc4)c5oc6ccccc6c5,9.2
492,CHEMBL223994,OC[C@@H](O)[C@H](O[C@H]1O[C@H](CO)[C@@H](O)[C@H](O)[C@H]1O)[C@H](O)[C@@H](O)CN[C@@H]2CC(=O)N[C@@H](Cc3c[nH]c4ccccc34)C(=O)N[C@@H](Cc5ccccc5)C(=O)N[C@H](Cc6ccccc6)CNC2=O,9.2
493,CHEMBL47739,C[C@H](NC(=O)c1c(CN2CCC(CC2)N3CCCCC3)c(nc4ccccc14)c5ccccc5)C6CCCCC6,9.22
494,CHEMBL3642165,COc1ccc(cc1)C(=O)N(C)[C@@H]2CCN(C[C@H]2c3ccc(Cl)c(Cl)c3)C(=O)C4CCN(CC4)C(=O)C,9.25
495,CHEMBL243498,O=C(NCC1CCN(CC1)C2CCOCC2)[C@@H](Cc3ccccc3)NC(=O)C4(CCCC4)NC(=O)c5cc6ccccc6s5,9.26
496,CHEMBL1084162,CC(C)S(=O)(=O)N1CCN(CCC[C@@H](Cc2ccccc2)NC(=O)C3(CCCC3)NC(=O)c4cc5ccc(C)cc5s4)CC1,9.3
497,CHEMBL355041,CN(C\C(=N/OCC(=N)NO)\[C@H](CCN1CCC(CC1)N2CCCCC2=O)c3ccc(Cl)c(Cl)c3)C(=O)c4cc(Cl)cc(Cl)c4,9.3
498,CHEMBL76965,CO\N=C(/CN(C)C(=O)c1cc(Cl)cc(Cl)c1)\[C@H](CCN2CCC(CC2)N3CCCN(C3=O)c4ccccn4)c5ccc(Cl)c(Cl)c5,9.3
499,CHEMBL80355,CO\N=C(/CN(C)C(=O)c1cc(Cl)cc(Cl)c1)\[C@H](CCN2CCC(CC2)N3CCCN(CCNS(=O)(=O)C)C3=O)c4ccc(Cl)c(Cl)c4,9.3
500,CHEMBL263243,CO\N=C(/CN(C)C(=O)c1cc(Cl)cc(Cl)c1)\[C@H](CCN2CCC(CC2)N3CCCN([C@H](CO)C(=O)N)C3=O)c4ccc(Cl)c(Cl)c4,9.3
501,CHEMBL1083854,Cc1ccc2cc(sc2c1)C(=O)NC3(CCCC3)C(=O)N[C@@H](CCCN4CCC(CC4)N5CCOCC5)Cc6ccccc6,9.3
502,CHEMBL1084159,Cc1ccc2cc(sc2c1)C(=O)NC3(CCCC3)C(=O)N[C@@H](CCCN4CCN(CC4)S(=O)(=O)N5CCOCC5)Cc6ccccc6,9.3
503,CHEMBL1083865,Cc1ccc2cc(sc2c1)C(=O)NC3(CCCC3)C(=O)N[C@@H](COCCC4CCN(CC5CCOCC5)CC4)Cc6ccccc6,9.3
504,CHEMBL1083861,Cc1ccc2cc(sc2c1)C(=O)NC3(CCCC3)C(=O)N[C@H](Cc4ccccc4)\C=C\CN5CCN(CC6CCOCC6)CC5,9.3
505,CHEMBL390167,NC(=O)C1CCN(CC(=O)N[C@@H]2CC(=O)N[C@@H](Cc3c[nH]c4ccccc34)C(=O)N[C@@H](Cc5ccccc5)C(=O)N[C@H](Cc6ccccc6)CNC2=O)CC1,9.3
506,CHEMBL1083560,O=C(NC1(CCCC1)C(=O)N[C@@H](CCCN2CCN(CC3CCOCC3)CC2)Cc4ccccc4)c5ccc(cc5)c6ccccc6,9.3
507,CHEMBL387542,OC[C@@H](O)[C@H](O[C@H]1O[C@H](CO)[C@@H](O[C@@H]2O[C@@H](CO)[C@H](O)[C@@H](O)[C@@H]2O)[C@H](O)[C@H]1O)[C@@H](O)[C@@H](O)CN[C@@H]3CC(=O)N[C@@H](Cc4c[nH]c5ccccc45)C(=O)N[C@@H](Cc6ccccc6)C(=O)N[C@H](Cc7ccccc7)CNC3=O,9.3
508,CHEMBL3642157,CN([C@@H]1CCN(CC1c2ccc(Cl)c(Cl)c2)C(=O)C3CCN(CC3)C(=O)C)C(=O)c4ccc(Br)cc4,9.35
509,CHEMBL389355,O=C(NCCCN1CCSCC1)[C@@H](Cc2ccccc2)NC(=O)C3(CCCC3)NC(=O)c4cc5ccccc5s4,9.37
510,CHEMBL3642167,CN([C@@H]1CCN(C[C@H]1c2ccc(Cl)c(Cl)c2)C(=O)C3CCN(CC3)C(=O)C)C(=O)c4ccc(cc4)N5CCOCC5,9.38
511,CHEMBL394889,CC1CCCCN1CCCNC(=O)[C@@H](Cc2ccccc2)NC(=O)C3(CCCCC3)NC(=O)c4cc5ccccc5s4,9.4
512,CHEMBL439377,CN1CCN(CC1)[C@@H]2CC(=O)N[C@@H](Cc3c[nH]c4ccccc34)C(=O)N[C@@H](Cc5ccccc5)C(=O)N[C@H](Cc6ccccc6)CNC2=O,9.4
513,CHEMBL77023,CNC(=O)C[C@H]1CCCN(C2CCN(CC[C@@H](\C(=N\OC)\CN(C)C(=O)c3cc(Cl)cc(Cl)c3)c4ccc(Cl)c(Cl)c4)CC2)C1=O,9.4
514,CHEMBL74956,CO\N=C(/CN(C)C(=O)c1cc(Cl)cc(Cl)c1)\[C@H](CCN2CCC(CC2)N3CCCN(C3=O)C(C)(C)C(=O)N)c4ccc(Cl)c(Cl)c4,9.4
515,CHEMBL1084158,Cc1ccc2cc(sc2c1)C(=O)NC3(CCCC3)C(=O)N[C@@H](CCCN4CCN(CC4)C(=O)N5CCOCC5)Cc6ccccc6,9.4
516,CHEMBL1083880,Cc1ccc2cc(sc2c1)C(=O)NC3(CCCC3)C(=O)N[C@@H](CCCN4CCN(CC4)C(=O)c5cccn5C)Cc6ccccc6,9.4
517,CHEMBL1083848,Cc1ccc2oc(cc2c1)C(=O)NC3(CCCC3)C(=O)N[C@@H](CCCN4CCN(CC5CCOCC5)CC4)Cc6ccccc6,9.4
518,CHEMBL182600,FC1CCN(CC1)C2CN(CC[C@@]3(CCC(=O)N(CC4CCC(F)(F)CC4)C3)c5ccc(Cl)c(Cl)c5)C2,9.4
519,CHEMBL406024,O=C(CN1CCC(CC1)N2CCCCC2)N[C@@H]3CC(=O)N[C@@H](Cc4c[nH]c5ccccc45)C(=O)N[C@@H](Cc6ccccc6)C(=O)N[C@@H](Cc7ccccc7)CNC3=O,9.4
520,CHEMBL225475,O=C(CN1CCC(CC1)N2CCCCC2)N[C@@H]3CC(=O)N[C@@H](Cc4c[nH]c5ccccc45)C(=O)N[C@@H](Cc6ccccc6)C(=O)N[C@H](Cc7ccccc7)CNC3=O,9.4
521,CHEMBL223993,OC[C@@H](O)[C@@H](O)[C@H](O)[C@@H](O)CN[C@@H]1CC(=O)N[C@@H](Cc2c[nH]c3ccccc23)C(=O)N[C@@H](Cc4ccccc4)C(=O)N[C@H](Cc5ccccc5)CNC1=O,9.4
522,CHEMBL395975,Clc1cccc2cc(sc12)C(=O)NC3(CCCC3)C(=O)N[C@H](Cc4ccccc4)C(=O)NCCCN5CCOCC5,9.43
523,CHEMBL3642175,CN([C@@H]1CCN(C[C@H]1c2ccc(Cl)c(Cl)c2)C(=O)C3CCN(CC3)C(=O)CO)C(=O)c4ccc(cn4)C(F)(F)F,9.44
524,CHEMBL340326,COc1ccc(C2CCN(CC[C@H](CN(C)C(=O)c3cc(cc4ccccc34)C#N)c5ccc(Cl)c(Cl)c5)CC2)c(c1)[S+](C)[O-],9.47
525,CHEMBL1683151,O=C(NC1(CCCC1)C(=O)N[C@H](CCCN2CCN(CC3CCOCC3)CC2)Cc4ccccc4)c5ccc6ccccc6c5,9.49
526,CHEMBL1083878,CCOCCCN1CCN(CCC[C@@H](Cc2ccccc2)NC(=O)C3(CCCC3)NC(=O)c4cc5ccc(C)cc5s4)CC1,9.5
527,CHEMBL1084160,CN(C)S(=O)(=O)N1CCN(CCC[C@@H](Cc2ccccc2)NC(=O)C3(CCCC3)NC(=O)c4cc5ccc(C)cc5s4)CC1,9.5
528,CHEMBL1083855,CN(C1CCOCC1)C2CCN(CC[C@@H](Cc3ccccc3)NC(=O)C4(CCCC4)NC(=O)c5cc6ccc(C)cc6s5)CC2,9.5
529,CHEMBL2110370,COC1(C[S+]([O-])c2ccccc2)CCN(CCc3c[nH]c4ccc(F)cc34)CC1,9.5
530,CHEMBL447439,Cc1ccc(cc1)c2ccc(cc2)C(=O)NC3(CCCC3)C(=O)N[C@H](Cc4ccccc4)C(=O)NCC5CCN(CC6CCOCC6)CC5,9.5
531,CHEMBL1083871,Cc1ccc2cc(sc2c1)C(=O)NC3(CCCC3)C(=O)N[C@@H](CCCN4CCN(Cc5cccnc5)CC4)Cc6ccccc6,9.5
532,CHEMBL1083877,Cc1ccc2cc(sc2c1)C(=O)NC3(CCCC3)C(=O)N[C@@H](CCCN4CCN(Cc5nnn(C)n5)CC4)Cc6ccccc6,9.5
533,CHEMBL2112922,O=C(C1CC(=O)N[C@@H](Cc2c[nH]c3ccccc23)C(=O)N[C@@H](Cc4ccccc4)C(=O)N[C@@H](Cc5ccccc5)CNC1=O)N6CCC(CC6)N7CCCCC7,9.5
534,CHEMBL116812,O=C(CN1CCOCC1)N[C@@H]2CC(=O)N[C@@H](Cc3c[nH]c4ccccc34)C(=O)N[C@@H](Cc5ccccc5)C(=O)N[C@H](Cc6ccccc6)CNC2=O,9.5
535,CHEMBL1083561,O=C(NC1(CCCC1)C(=O)N[C@@H](CCCN2CCN(CC3CCOCC3)CC2)Cc4ccccc4)c5ccc6ccccc6c5,9.5
536,CHEMBL224426,OC[C@@H]1CCCN1CC(=O)N[C@@H]2CC(=O)N[C@@H](Cc3c[nH]c4ccccc34)C(=O)N[C@@H](Cc5ccccc5)C(=O)N[C@H](Cc6ccccc6)CNC2=O,9.5
537,CHEMBL390168,[O-][S+]1CCN(CC(=O)N[C@@H]2CC(=O)N[C@@H](Cc3c[nH]c4ccccc34)C(=O)N[C@@H](Cc5ccccc5)C(=O)N[C@H](Cc6ccccc6)CNC2=O)CC1,9.5
538,CHEMBL3642164,CN([C@@H]1CCN(C[C@H]1c2ccc(Cl)c(Cl)c2)C(=O)C3CCN(CC3)C(=O)C)C(=O)c4ccc(Cl)cc4,9.51
539,CHEMBL3642172,CN([C@@H]1CCN(C[C@H]1c2ccc(Cl)c(Cl)c2)C(=O)C3CCN(CC3)C(=O)C4(O)CC4)C(=O)c5ccc(cc5)N6CCOCC6,9.51
540,CHEMBL244566,Clc1ccc2cc(sc2c1)C(=O)NC3(CCCC3)C(=O)N[C@H](Cc4ccccc4)C(=O)NCCCN5CCOCC5,9.55
541,CHEMBL3642168,CN([C@@H]1CCN(C[C@H]1c2ccc(Cl)c(Cl)c2)C(=O)C3CCN(CC3)C(=O)C)C(=O)c4ccc(cc4)C5CC5,9.6
542,CHEMBL1083866,Cc1ccc2cc(sc2c1)C(=O)NC3(CCCC3)C(=O)N[C@@H](CCCN4CCN(CC4)C5CCOCC5)Cc6ccccc6,9.6
543,CHEMBL1083872,Cc1ccc2cc(sc2c1)C(=O)NC3(CCCC3)C(=O)N[C@@H](CCCN4CCN(Cc5ccncc5)CC4)Cc6ccccc6,9.6
544,CHEMBL224494,Clc1ccc(C[C@@H]2CNC(=O)[C@@H](CC(=O)N[C@@H](Cc3c[nH]c4ccccc34)C(=O)N[C@@H](Cc5ccccc5)C(=O)N2)N6CCOCC6)cc1Cl,9.6
545,CHEMBL1083846,Clc1ccc2oc(cc2c1)C(=O)NC3(CCCC3)C(=O)N[C@@H](CCCN4CCN(CC5CCOCC5)CC4)Cc6ccccc6,9.6
546,CHEMBL1083849,O=C(NC1(CCCC1)C(=O)N[C@@H](CCCN2CCN(CC3CCOCC3)CC2)Cc4ccccc4)c5cc6ccccc6s5,9.6
547,CHEMBL446450,[O-][S+]1CCN(CC1)C2CCN(CC(=O)N[C@@H]3CC(=O)N[C@@H](Cc4c[nH]c5ccccc45)C(=O)N[C@@H](Cc6ccccc6)C(=O)N[C@H](Cc7ccccc7)CNC3=O)CC2,9.6
548,CHEMBL3642174,CN([C@@H]1CCN(C[C@H]1c2ccc(Cl)c(Cl)c2)C(=O)C3CCN(CC3)C(=O)CO)C(=O)c4ccc(Br)cc4,9.62
549,CHEMBL395971,Fc1ccc2cc(sc2c1)C(=O)NC3(CCCC3)C(=O)N[C@H](Cc4ccccc4)C(=O)NCC5CCN(CC6CCOCC6)CC5,9.63
550,CHEMBL1683146,O=C(NCC1CCN(CC2CCOCC2)CC1)[C@H](Cc3ccccc3)NC(=O)C4(CCCC4)NC(=O)c5ccc(cc5)n6cccc6,9.63
551,CHEMBL3642166,CN([C@@H]1CCN(C[C@H]1c2ccc(Cl)c(Cl)c2)C(=O)C3CCN(CC3)C(=O)C)C(=O)c4ccc(cc4)C(F)(F)F,9.64
552,CHEMBL243496,O=C(NCC1CCN(CC2CCOCC2)CC1)[C@@H](Cc3ccccc3)NC(=O)C4(CCCC4)NC(=O)c5cc6ccccc6s5,9.65
553,CHEMBL3642171,CN([C@@H]1CCN(CC2CCN(CC2)C(=O)C)C[C@H]1c3ccc(Cl)c(Cl)c3)C(=O)c4ccc(Cl)cc4,9.66
554,CHEMBL3642170,CN([C@@H]1CCN(C[C@H]1c2ccc(Cl)c(Cl)c2)C(=O)C3CCN(CC3)C(=O)CO)C(=O)c4ccc(Cl)cc4,9.66
555,CHEMBL3642173,CN([C@@H]1CCN(C[C@H]1c2ccc(Cl)c(Cl)c2)C(=O)C3CCN(CC3)C(=O)CO)C(=O)c4ccc(cc4)C(F)(F)F,9.66
556,CHEMBL388626,CN1CCC(CC1)N[C@@H]2CC(=O)N[C@@H](Cc3c[nH]c4ccccc34)C(=O)N[C@@H](Cc5ccccc5)C(=O)N[C@H](Cc6ccccc6)CNC2=O,9.7
557,CHEMBL78284,CO\N=C(/CN(C)C(=O)c1cc(Cl)cc(Cl)c1)\[C@H](CCN2CCC(CC2)N3CCCN(CC(=O)N)C3=O)c4ccc(Cl)c(Cl)c4,9.7
558,CHEMBL225392,N[C@H]1CC(=O)N[C@@H](Cc2c[nH]c3ccccc23)C(=O)N[C@@H](Cc4ccccc4)C(=O)N[C@H](Cc5ccc(Cl)c(Cl)c5)CNC1=O,9.7
559,CHEMBL224009,O=C1C[C@@H](N2CCC(CC2)N3CCCCC3)C(=O)NC[C@@H](Cc4ccccc4)NC(=O)[C@H](Cc5ccccc5)NC(=O)[C@H](Cc6c[nH]c7ccccc67)N1,9.7
560,CHEMBL389279,O=C1C[C@@H](N2CCC(CC2)N3CCOCC3)C(=O)NC[C@@H](Cc4ccccc4)NC(=O)[C@H](Cc5ccccc5)NC(=O)[C@H](Cc6c[nH]c7ccccc67)N1,9.7
561,CHEMBL266284,CN(C1CCOCC1)[C@@H]2CC(=O)N[C@@H](Cc3c[nH]c4ccccc34)C(=O)N[C@@H](Cc5ccccc5)C(=O)N[C@H](Cc6ccccc6)CNC2=O,9.8
562,CHEMBL1083870,Cc1ccc2cc(sc2c1)C(=O)NC3(CCCC3)C(=O)N[C@@H](CCCN4CCN(Cc5ccccn5)CC4)Cc6ccccc6,9.8
563,CHEMBL1083873,Cc1ccc2cc(sc2c1)C(=O)NC3(CCCC3)C(=O)N[C@@H](CCCN4CCN(Cc5cccs5)CC4)Cc6ccccc6,9.8
564,CHEMBL1083874,Cc1ccc2cc(sc2c1)C(=O)NC3(CCCC3)C(=O)N[C@@H](CCCN4CCN(Cc5ccsc5)CC4)Cc6ccccc6,9.8
565,CHEMBL1083875,Cc1ccc2cc(sc2c1)C(=O)NC3(CCCC3)C(=O)N[C@@H](CCCN4CCN(Cc5cocc5)CC4)Cc6ccccc6,9.8
566,CHEMBL413715,N[C@@H]1CC(=O)N[C@@H](Cc2c[nH]c3ccccc23)C(=O)N[C@@H](Cc4ccccc4)C(=O)N[C@H](Cc5ccc(Cl)c(Cl)c5)CNC1=O,9.8
567,CHEMBL225588,O=C(CN1CCC(CC1)N2CCOCC2)N[C@@H]3CC(=O)N[C@@H](Cc4c[nH]c5ccccc45)C(=O)N[C@@H](Cc6ccccc6)C(=O)N[C@H](Cc7ccccc7)CNC3=O,9.8
568,CHEMBL389459,O=C1C[C@@H](N2CCOCC2)C(=O)NC[C@@H](Cc3ccccc3)NC(=O)[C@H](Cc4ccccc4)NC(=O)[C@H](Cc5c[nH]c6ccccc56)N1,9.8
569,CHEMBL389511,O=C1C[C@@H](NC2CCS(=O)(=O)CC2)C(=O)NC[C@@H](Cc3ccccc3)NC(=O)[C@H](Cc4ccccc4)NC(=O)[C@H](Cc5c[nH]c6ccccc56)N1,9.8
570,CHEMBL59780,CCCC[C@H](NC(=O)[C@@H]1CCCN1C(=O)[C@@H]2CCCN2C(=O)[C@H](Cc3ccccc3)NC(=O)[C@H](Cc4c[nH]c5ccccc45)NC(=O)[C@H](C)NC(=O)[C@H](C)NC(=O)c6ccccc6)C(=O)N,9.81
571,CHEMBL2370064,CCCC[C@H](NC(=O)[C@@H]1CCCN1C(=O)[C@H]2CCCN2C(=O)[C@H](Cc3ccccc3)NC(=O)[C@@H](Cc4c[nH]c5ccccc45)NC(=O)[C@H](C)NC(=O)[C@H](C)NC(=O)c6ccccc6)C(=O)N,9.81
572,CHEMBL395973,COc1ccc2cc(sc2c1)C(=O)NC3(CCCC3)C(=O)N[C@H](Cc4ccccc4)C(=O)NCC5CCN(CC6CCOCC6)CC5,9.85
573,CHEMBL394780,NS(=O)(=O)N1CCN(CCCNC(=O)[C@@H](Cc2ccccc2)NC(=O)C3(CCCC3)NC(=O)c4cc5ccccc5s4)CC1,9.88
574,CHEMBL224003,CC(=O)N1CCN(CC1)[C@@H]2CC(=O)N[C@@H](Cc3c[nH]c4ccccc34)C(=O)N[C@@H](Cc5ccccc5)C(=O)N[C@H](Cc6ccccc6)CNC2=O,9.9
575,CHEMBL1083863,Cc1ccc2cc(sc2c1)C(=O)NC3(CCCC3)C(=O)N[C@@H](CCCC4CCN(CC5CCOCC5)CC4)Cc6ccccc6,9.9
576,CHEMBL1083869,Cc1ccc2cc(sc2c1)C(=O)NC3(CCCC3)C(=O)N[C@@H](CCCN4CCN(Cc5ccc(F)cc5)CC4)Cc6ccccc6,9.9
577,CHEMBL2112925,O=C(C1CC(=O)N[C@@H](Cc2c[nH]c3ccccc23)C(=O)N[C@@H](Cc4ccccc4)C(=O)N[C@@H](Cc5ccccc5)CNC1=O)N6CCOCC6,9.9
578,CHEMBL224374,OC1CCN(CC(=O)N[C@@H]2CC(=O)N[C@@H](Cc3c[nH]c4ccccc34)C(=O)N[C@@H](Cc5ccccc5)C(=O)N[C@H](Cc6ccccc6)CNC2=O)CC1,9.9
579,CHEMBL242626,O=C(CCNC(=O)[C@@H](Cc1ccccc1)NC(=O)C2(CCCC2)NC(=O)c3cc4ccccc4s3)N5CCN(CC5)c6ccccn6,9.93
580,CHEMBL1083879,Cc1ccc2cc(sc2c1)C(=O)NC3(CCCC3)C(=O)N[C@@H](CCCN4CCN(CC4)C(=O)C5CCOCC5)Cc6ccccc6,10.0
581,CHEMBL223221,Clc1ccc(C[C@@H]2CNC(=O)CCC(=O)N[C@@H](Cc3c[nH]c4ccccc34)C(=O)N[C@@H](Cc5ccccc5)C(=O)N2)cc1Cl,10.0
582,CHEMBL225297,NS(=O)(=O)N1CCN(CC(=O)N[C@@H]2CC(=O)N[C@@H](Cc3c[nH]c4ccccc34)C(=O)N[C@@H](Cc5ccccc5)C(=O)N[C@H](Cc6ccccc6)CNC2=O)CC1,10.0
583,CHEMBL389510,O=C1C[C@@H](NC2CCSCC2)C(=O)NC[C@@H](Cc3ccccc3)NC(=O)[C@H](Cc4ccccc4)NC(=O)[C@H](Cc5c[nH]c6ccccc56)N1,10.0
584,CHEMBL395974,CCN(CC)c1ccc2cc(sc2c1)C(=O)NC3(CCCC3)C(=O)N[C@H](Cc4ccccc4)C(=O)NCC5CCN(CC6CCOCC6)CC5,10.01
585,CHEMBL1083858,Cc1ccc2cc(sc2c1)C(=O)NC3(CCCC3)C(=O)N[C@@H](CCN4CCN(CC4)C5CCOCC5)Cc6ccccc6,10.1
586,CHEMBL1083974,Cl.N[C@@H](CCC(=O)N1CCN(CC2CCOCC2)CC1)Cc3ccccc3,10.1
587,CHEMBL266125,Cc1ccc2cc(sc2c1)C(=O)NC3(CCCC3)C(=O)N[C@H](Cc4ccccc4)C(=O)NCC5CCN(CC6CCOCC6)CC5,10.12
588,CHEMBL439281,CS(=O)(=O)N1CCC(CC1)N[C@@H]2CC(=O)N[C@@H](Cc3c[nH]c4ccccc34)C(=O)N[C@@H](Cc5ccccc5)C(=O)N[C@H](Cc6ccccc6)CNC2=O,10.2
589,CHEMBL387506,O=C1C[C@@H](NC2CCOCC2)C(=O)NC[C@@H](Cc3ccccc3)NC(=O)[C@H](Cc4ccccc4)NC(=O)[C@H](Cc5c[nH]c6ccccc56)N1,10.2
590,CHEMBL395972,FC(F)(F)c1ccc2cc(sc2c1)C(=O)NC3(CCCC3)C(=O)N[C@H](Cc4ccccc4)C(=O)NCC5CCN(CC6CCOCC6)CC5,10.22
591,CHEMBL244362,Brc1ccc2cc(sc2c1)C(=O)NC3(CCCC3)C(=O)N[C@H](Cc4ccccc4)C(=O)NCC5CCN(CC6CCOCC6)CC5,10.24
592,CHEMBL243711,Clc1ccc2cc(sc2c1)C(=O)NC3(CCCC3)C(=O)N[C@H](Cc4ccccc4)C(=O)NCC5CCN(CC6CCOCC6)CC5,10.28
593,CHEMBL1083850,Cc1ccc2cc(sc2c1)C(=O)NC3(CCCC3)C(=O)N[C@@H](CCCN4CCN(CC5CCOCC5)CC4)Cc6ccccc6,10.3
594,CHEMBL436981,NS(=O)(=O)N1CCC(CC1)N[C@@H]2CC(=O)N[C@@H](Cc3c[nH]c4ccccc34)C(=O)N[C@@H](Cc5ccccc5)C(=O)N[C@H](Cc6ccccc6)CNC2=O,10.3
595,CHEMBL224081,[O-][S+]1CCC(CC1)N[C@@H]2CC(=O)N[C@@H](Cc3c[nH]c4ccccc34)C(=O)N[C@@H](Cc5ccccc5)C(=O)N[C@H](Cc6ccccc6)CNC2=O,10.6
1,CHEMBL119126,CN([C@@H](Cc1ccc(Cl)c(Cl)c1)\C=C\C(=O)N[C@@H]2CCCCNC2=O)C(=O)c3cc(cc(c3)C(F)(F)F)C(F)(F)F,6.34
2,CHEMBL332793,CN([C@H](Cc1ccc(Cl)c(Cl)c1)\C=C\C(=O)N[C@H]2CCCCNC2=O)C(=O)c3cc(cc(c3)C(F)(F)F)C(F)(F)F,6.99
3,CHEMBL115633,CN([C@@H](Cc1ccc(Cl)c(Cl)c1)\C=C\C(=O)N[C@H]2CCCCNC2=O)C(=O)c3cc(cc(c3)C(F)(F)F)C(F)(F)F,6.74
18,CHEMBL57224,CN(CC(CCN1CCC(CO)CC1)c2ccc(Cl)c(Cl)c2)C(=O)c3ccccc3,6.85
26,CHEMBL293432,O\N=C(/COCc1cc(cc(c1)C(F)(F)F)C(F)(F)F)\C(CCN2CCC(O)(CC2)c3ccccc3)c4ccc(Cl)c(Cl)c4,6.91
30,CHEMBL76334,O\N=C(\COCc1cc(cc(c1)C(F)(F)F)C(F)(F)F)/C(CCN2CCC(O)(CC2)c3ccccc3)c4ccc(Cl)c(Cl)c4,6.45
32,CHEMBL311387,CO\N=C(/COCc1cc(cc(c1)C(F)(F)F)C(F)(F)F)\[C@@H](CCN2CCC(O)(CC2)c3ccccc3)c4ccc(Cl)c(Cl)c4,6.4
34,CHEMBL105009,CN([C@H](Cc1ccc(Cl)cc1)\C=C\C(=O)NC2CCCCCC2)C(=O)c3cc(cc(c3)C(F)(F)F)C(F)(F)F,6.69
35,CHEMBL2370511,COc1ccc(CC2NC(=O)CNC(=O)[C@@H](NC(=O)CNC(=O)[C@@H]3CCCN3C(=O)[C@@H](Cc4c[nH]c5ccccc45)NC(=O)CNC2=O)C(C)C)cc1,4.14
36,CHEMBL10188,CC[C@H](NC(=O)c1c(O)c(nc2ccccc12)c3ccccc3)c4ccccc4,6.84
37,CHEMBL2111789,CC(C)[C@@H]1NC(=O)CNC(=O)[C@@H]2CCCN2C(=O)[C@H](Cc3c[nH]c4ccccc34)NC(=O)CNC(=O)[C@H](Cc5ccc(OC(C)(C)C)cc5)NC(=O)CNC1=O,4.51
39,CHEMBL2370507,CC(C)[C@@H]1NC(=O)CNC(=O)[C@@H]2CCCN2C(=O)[C@@H](Cc3c[nH]c4ccccc34)NC(=O)CNC(=O)C(NC(=O)CNC1=O)C(O)c5ccc(O)c(CC=C(C)C)c5,5.42
40,CHEMBL2370513,COc1ccc(cc1CC=C(C)C)C(O)C2NC(=O)CNC(=O)[C@@H](NC(=O)CNC(=O)[C@@H]3CCCN3C(=O)[C@@H](Cc4c[nH]c5ccccc45)NC(=O)CNC2=O)C(C)C,5.8
44,CHEMBL9643,COC(=O)[C@@H](NC(=O)c1cc(nc2ccccc12)c3ccccc3)c4ccccc4,5.91
50,CHEMBL2370509,COc1ccc(cc1)C(O)C2NC(=O)CNC(=O)[C@@H](NC(=O)CNC(=O)[C@@H]3CCCN3C(=O)[C@@H](Cc4c[nH]c5ccccc45)NC(=O)CNC2=O)C(C)C,4.48
53,CHEMBL2370510,CCC(C)Cc1cc(ccc1OC)C(O)C2NC(=O)CNC(=O)[C@@H](NC(=O)CNC(=O)[C@@H]3CCCN3C(=O)[C@@H](Cc4c[nH]c5ccccc45)NC(=O)CNC2=O)C(C)C,5.62
54,CHEMBL10284,CC[C@H](NC(=O)c1c(C)c(nc2ccccc12)c3ccccc3)c4ccccc4,6.56
55,CHEMBL2112592,CC(C)[C@@H]1NC(=O)CNC(=O)[C@@H]2CCCN2C(=O)[C@@H](Cc3c[nH]c4ccccc34)NC(=O)CNC(=O)[C@H](Cc5ccc(OC(C)(C)C)cc5)NC(=O)CNC1=O,4.57
61,CHEMBL9843,COC(=O)[C@H](NC(=O)c1cc(nc2ccccc12)c3ccccc3)c4ccccc4,5.08
62,CHEMBL429951,COC(=O)C(NC(=O)c1cc(nc2ccccc12)c3ccccc3)c4ccccc4,5.53
63,CHEMBL9960,CC[C@H](NC(=O)c1cc(nc2ccccc12)c3ccccc3)c4ccccc4,6.63
65,CHEMBL2112246,C[C@@H](O)[C@@H]1NC(=O)[C@H](Cc2ccccc2)NC(=O)[C@@H](NC(=O)[C@H](Cc3ccc(F)cc3)NC(=O)[C@@H](Cc4c[nH]c5ccccc45)NC(=O)[C@H](Cc6ccccc6)NC(=O)[C@H](Cc7ccccc7)NC(=O)[C@H](CC(=O)N)NC(=O)[C@H](CCCCN)NC(=O)[C@H](CSSC[C@@H](NC(=O)[C@H](CO)NC1=O)C(=O)O)NC(=O)[C@H](C)NC(=O)CN)[C@@H](C)O,7.57
68,CHEMBL2369631,C[C@@H](O)[C@@H]1NC(=O)[C@H](Cc2ccccc2)NC(=O)[C@@H](NC(=O)[C@H](CCCCN)NC(=O)[C@H](Cc3c[nH]c4ccccc34)NC(=O)[C@H](Cc5ccccc5)NC(=O)[C@H](Cc6ccccc6)NC(=O)[C@H](CC(=O)N)NC(=O)[C@H](CCCCN)NC(=O)[C@H](CSSC[C@@H](NC(=O)[C@H](CO)NC1=O)C(=O)O)NC(=O)[C@H](C)NC(=O)CN)[C@@H](C)O,6.07
77,CHEMBL2112245,C[C@@H](O)[C@@H]1NC(=O)[C@H](Cc2ccccc2)NC(=O)[C@@H](NC(=O)[C@H](Cc3ccc(F)cc3)NC(=O)[C@@H](Cc4c[nH]c5ccccc45)NC(=O)[C@H](Cc6ccccc6)NC(=O)[C@H](Cc7ccccc7)NC(=O)[C@H](CC(=O)N)NC(=O)[C@H](CCCCN)NC(=O)[C@@H](N)CSSC[C@@H](NC(=O)[C@H](CO)NC1=O)C(=O)O)[C@@H](C)O,7.34
78,CHEMBL2369630,C[C@@H](O)[C@@H]1NC(=O)[C@H](Cc2ccccc2)NC(=O)[C@@H](NC(=O)[C@H](Cc3ccc(F)cc3)NC(=O)[C@H](Cc4c[nH]c5ccccc45)NC(=O)[C@H](Cc6ccccc6)NC(=O)[C@H](Cc7ccccc7)NC(=O)[C@H](CC(=O)N)NC(=O)[C@H](CCCCN)NC(=O)[C@H](CSSC[C@@H](NC(=O)[C@H](CO)NC1=O)C(=O)O)NC(=O)[C@H](C)NC(=O)CN)[C@@H](C)O,6.14
91,CHEMBL320548,Cc1cc(C)cc(c1)C(=O)N2CCN([C@H](C2)c3ccc(Cl)c(Cl)c3)C(=O)CNC4CCN(Cc5ccccc5)CC4,6.66
94,CHEMBL318081,FC(F)(F)c1cc(cc(c1)C(F)(F)F)C(=O)N2CCN([C@H](C2)c3ccc(Cl)c(Cl)c3)C(=O)CNC4CCN(Cc5ccccc5)CC4,6.57
99,CHEMBL316740,COc1cc(cc(OC)c1OC)C(=O)N2CCN(C(C2)c3ccc(Cl)c(Cl)c3)C(=O)CNC4CCN(Cc5ccccc5)CC4,6.91
107,CHEMBL110507,FC(F)(F)c1cc(CN2CCN(C(C2)c3ccc(Cl)c(Cl)c3)C(=O)CN(NC4CCN(Cc5ccccc5)CC4)NC6CCN(Cc7ccccc7)CC6)cc(c1)C(F)(F)F,6.76
119,CHEMBL95051,COc1ccc(CCN2CCC(CC2)C(=O)c3nc4ccccc4n3Cc5ccc(F)cc5)cc1,5.47
121,CHEMBL323741,FC(F)(F)c1cc(CN2CCN(C(C2)c3ccccc3)C(=O)CN(NC4CCN(Cc5ccccc5)CC4)NC6CCN(Cc7ccccc7)CC6)cc(c1)C(F)(F)F,6.52
131,CHEMBL74176,O=C(NCCc1ccccc1)[C@H](Cc2c[nH]c3ccccc23)NC(=O)N4CCC5(CC4)CCc6ccccc56,6.68
133,CHEMBL305609,CSN1CC2(CCN(CC2)C(=O)N[C@@H](COCc3ccccc3)C(=O)N(C)Cc4ccccc4)c5ccccc15,6.59
134,CHEMBL306400,CSN1CC2(CCN(CC2)C(=O)N[C@@H](Cc3c[nH]c4ccccc34)C(=O)N(C)Cc5cc(cc(c5)C(F)(F)F)C(F)(F)F)c6ccccc16,5.38
135,CHEMBL73896,CCN(Cc1ccccc1)C(=O)[C@H](Cc2c[nH]c3ccccc23)NC(=O)N4CCC5(CC4)CCc6ccccc56,6.86
137,CHEMBL72140,O=C(Nc1ccccc1)[C@H](Cc2c[nH]c3ccccc23)NC(=O)N4CCC5(CC4)CCc6ccccc56,5.68
138,CHEMBL70461,CSN1CC2(CCN(CC2)C(=O)N[C@@H](CCc3ccccc3)C(=O)N(C)Cc4ccccc4)c5ccccc15,6.78
139,CHEMBL73839,CN(Cc1ccccc1)C(=O)[C@H](Cc2c[nH]c3ccccc23)NC(=O)N4CCC(CC4)(NC(=O)C)c5ccccc5,6.03
141,CHEMBL65468,[K+].O[C@H]1C[C@@H](N(C1)C(=O)c2cn(CCCCc3nnn[n-]3)c4ccccc24)C(=O)N[C@@H](Cc5c[nH]c6ccccc56)C(=O)OCc7cc(cc(c7)C(F)(F)F)C(F)(F)F,5.38
142,CHEMBL73097,CSN1CC2(CCN(CC2)C(=O)N[C@@H](Cc3c[nH]c4ccccc34)C(=O)OCc5ccccc5)c6ccccc16,5.35
143,CHEMBL74237,CSN1CC2(CCN(CC2)C(=O)N[C@@H](Cc3c[nH]c4ccccc34)C(=O)N(C)Cc5cc(C)cc(C)c5)c6ccccc16,5.85
144,CHEMBL305119,[K+].CN(Cc1ccccc1)C(=O)[C@H](Cc2ccc3ccccc3c2)NC(=O)[C@H]4C[C@H](O)CN4C(=O)c5cn(CCCCc6nnn[n-]6)c7ccccc57,5.62
152,CHEMBL2114103,CSN1CC2(CCN(CC2)C(=O)N[C@H](Cc3c[nH]c4ccccc34)C(=O)N(C)Cc5ccccc5)c6ccccc16,6.24
165,CHEMBL386783,CCCC[C@H](NC(=O)[C@@H]1CCCN1C(=O)[C@@H]2CCCN2C(=O)[C@H](Cc3ccccc3)NC(=O)[C@H](Cc4c[nH]c5ccccc45)NC(=O)[C@H](C)NC(=O)[C@H](C)Nc6ccc(c7nonc67)[N+](=O)[O-])C(=O)N,7.06
166,CHEMBL411905,CCCC[C@H](NC(=O)[C@@H]1CCCN1C(=O)[C@@H]2CCCN2C(=O)[C@H](Cc3ccccc3)NC(=O)[C@H](Cc4c[nH]c5ccccc45)NC(=O)[C@H](C)NC(=O)[C@H](C)\N=C(\S)/Nc6ccc7c(c6)C(=O)OC78c9ccc(O)cc9Oc%10cc(O)ccc8%10)C(=O)N,5.99
173,CHEMBL352842,CN(C\C(=N/OCCC[N+](C)(C)C)\C(CCN1CCC(CC1)N2CCCCC2=O)c3ccc(Cl)c(Cl)c3)C(=O)c4cc(Cl)cc(Cl)c4.CS(=O)(=O)[O-],6.23
174,CHEMBL85980,COC(=O)CO\N=C(/COCc1cc(cc(c1)C(F)(F)F)C(F)(F)F)\C(CCN2CCC(O)(CC2)c3ccccc3)c4ccc(Cl)c(Cl)c4,6.7
182,CHEMBL168769,CONC(COCc1cc(cc(c1)C(F)(F)F)C(F)(F)F)C(CCN2CCC(O)(CC2)c3ccccc3)c4ccc(Cl)c(Cl)c4,6.46
187,CHEMBL350360,CCO\N=C(/COCc1cc(cc(c1)C(F)(F)F)C(F)(F)F)\C(CCN2CCC(O)(CC2)c3ccccc3)c4ccc(Cl)c(Cl)c4,6.97
210,CHEMBL167409,OC1(CCN(CCC(C(=O)COCc2cc(cc(c2)C(F)(F)F)C(F)(F)F)c3ccc(Cl)c(Cl)c3)CC1)c4ccccc4,6.63
230,CHEMBL355429,CN(C\C(=N/OCC(=O)O)\C(CCN1CCC(CC1)N2CCCCC2=O)c3ccc(Cl)c(Cl)c3)C(=O)c4cc(Cl)cc(Cl)c4,6.41
237,CHEMBL170325,OC1(CCN(CCC(\C(=N\OCC=C)\COCc2cc(cc(c2)C(F)(F)F)C(F)(F)F)c3ccc(Cl)c(Cl)c3)CC1)c4ccccc4,6.67
239,CHEMBL47275,CC[C@H](NC(=O)c1c(CN2CCCCC2)c(nc3ccccc13)c4ccccc4)c5ccccc5,6.56
248,CHEMBL274557,CO\N=C(/CCCc1cc(cc(c1)C(F)(F)F)C(F)(F)F)\C(CCN2CCC(O)(CC2)c3ccccc3)c4ccc(Cl)c(Cl)c4,6.48
253,CHEMBL32700,CO\N=C(/COCc1cc(cc(c1)C(C)(C)C)C(C)(C)C)\C(CCN2CCC(O)(CC2)c3ccccc3)c4ccc(Cl)c(Cl)c4,6.89
262,CHEMBL284244,CO\N=C(/C(C)OCc1cc(cc(c1)C(F)(F)F)C(F)(F)F)\C(CCN2CCC(O)(CC2)c3ccccc3)c4ccc(Cl)c(Cl)c4,6.8
269,CHEMBL33194,CO\N=C(/CN(C)S(=O)(=O)c1cc(cc(c1)C(F)(F)F)C(F)(F)F)\C(CCN2CCC(O)(CC2)c3ccccc3)c4ccc(Cl)c(Cl)c4,6.54
274,CHEMBL286433,CO\N=C(/COCCc1cc(cc(c1)C(F)(F)F)C(F)(F)F)\C(CCN2CCC(O)(CC2)c3ccccc3)c4ccc(Cl)c(Cl)c4,6.93
280,CHEMBL35891,CO\N=C(/CNCc1cc(cc(c1)C(F)(F)F)C(F)(F)F)\C(CCN2CCC(O)(CC2)c3ccccc3)c4ccc(Cl)c(Cl)c4,6.89
281,CHEMBL285475,CO\N=C(\C(CCN1CCC(O)(CC1)c2ccccc2)c3ccc(Cl)c(Cl)c3)/C(=O)N(C)Cc4cc(cc(c4)C(F)(F)F)C(F)(F)F,6.78
282,CHEMBL44722,CC[C@H](NC(=O)c1c(CN(C)C)c(nc2ccccc12)c3ccccc3)c4ccccc4,6.76
294,CHEMBL417490,CO\N=C(/COCc1ccccc1C)\C(CCN2CCC(O)(CC2)c3ccccc3)c4ccc(Cl)c(Cl)c4,6.87
302,CHEMBL47555,CC(C)NC(=O)c1c(CN2CCN(CC2)C(C)C)c(nc3ccccc13)c4ccccc4,6.09
325,CHEMBL97958,CCc1nc2[nH]c(nc(Nc3ccc(Cl)cc3)c2n1)N4CCOCC4,5.16
326,CHEMBL318254,CCCc1nc2[nH]c(nc(Nc3ccc(Cl)cc3)c2n1)N4CCOCC4,5.63
327,CHEMBL321137,CC(C)c1nc2[nH]c(NCCCN)nc(Nc3ccc(Cl)cc3)c2n1,5.59
328,CHEMBL98929,CC(C)N1Cc2c(Nc3ccc(Cl)cc3)nc(nc2C1=O)N4CCOCC4,6.26
329,CHEMBL327531,Cc1nc2[nH]c(nc(Nc3ccc(Cl)cc3)c2n1)N4CCOCC4,4.76
330,CHEMBL329749,CC(C)c1nc2[nH]c(nc(Nc3ccc(Cl)cc3)c2n1)N4CCC5(CC4)OCCO5,5.36
331,CHEMBL97764,CC(C)c1nc2[nH]c(nc(Nc3ccc(Cl)cc3)c2n1)N4CCC(=O)CC4,5.23
333,CHEMBL97140,CCCNc1nc(Nc2ccc(Cl)cc2)c3[nH]c(nc3n1)C(C)C,5.46
334,CHEMBL98976,COC1(CCN(CC1)c2nc(Nc3ccc(Cl)cc3)c4[nH]c(nc4n2)C(C)C)OC,5.46
335,CHEMBL318880,CC(C)c1nc2[nH]c(NCc3ccccc3)nc(Nc4ccc(Cl)cc4)c2n1,5.25
336,CHEMBL330220,CC(C)c1nc2[nH]c(nc(Nc3ccc(cc3)C(F)(F)F)c2n1)N4CCOCC4,5.55
337,CHEMBL95347,CC(C)c1nc2[nH]c(nc(Nc3ccc(cc3)C(F)(F)F)c2n1)N4CCC(O)CC4,5.75
338,CHEMBL98977,CC(C)c1nc2[nH]c(nc(Nc3ccc(Cl)cc3)c2n1)N4CCOCC4,5.51
339,CHEMBL99823,CC(C)c1nc2[nH]c(nc(Nc3ccc(Cl)cc3)c2n1)N4CCC(O)(CC4)c5ccccc5,5.65
340,CHEMBL318198,CC(C)c1nc2[nH]c(nc(Nc3ccc(Cl)cc3)c2n1)N4CCC(C)(O)CC4,5.68
342,CHEMBL355541,OC1(CCN(CCc2c[nH]c3ccc(F)cc23)CC1)C([S+]([O-])c4ccccc4)c5ccccc5,6.96
356,CHEMBL168632,O[C@@]1(C[S+]([O-])c2ccccc2)CCN3CCc4c([nH]c5ccc(F)cc45)[C@H]3C1,4.6
384,CHEMBL2112070,CN([C@@H](Cc1ccc(Cl)cc1)\C=C\C(=O)N[C@@H]2CCCCNC2=O)C(=O)c3cc(cc(c3)C(F)(F)F)C(F)(F)F,6.91
400,CHEMBL2114398,CN([C@@H](Cc1ccc(Cl)cc1)\C=C\C(=O)N[C@H]2CCCCNC2=O)C(=O)c3cc(cc(c3)C(F)(F)F)C(F)(F)F,6.52
413,CHEMBL2115343,CN([C@H](Cc1ccc(Cl)cc1)\C=C\C(=O)N[C@H]2CCCCNC2=O)C(=O)c3cc(cc(c3)C(F)(F)F)C(F)(F)F,6.92
433,CHEMBL369498,CC(C)Oc1cccc(CC(=O)N2CCC(CCN3CCC(CC3)(C(=O)N)c4ccccc4)(C2)c5ccc(Cl)c(Cl)c5)c1,6.26
448,CHEMBL114036,O=C1CC(Cc2ccccc2)C(=O)NCCNC(=O)[C@H](Cc3ccccc3)NC(=O)[C@H](Cc4c[nH]c5ccccc45)N1,6.1
452,CHEMBL146947,CO\N=C(/COCc1cc(cc(c1)C(F)(F)F)C(F)(F)F)\C(CCN2CCC(CC2)NC(=O)C3CCCCC3)c4ccc(Cl)c(Cl)c4,6.84
454,CHEMBL334721,CSCC[C@@H]1NC(=O)[C@H](CC(C)C)NC(=O)[C@@H]2CNC(=O)C[C@H](NC1=O)C(=O)N[C@@H](Cc3c[nH]c4ccccc34)C(=O)N[C@@H](Cc5ccccc5)C(=O)N2,9.2
457,CHEMBL113956,CCOc1ccc(CCNC(=O)N2CCN(CCCC(c3ccc(F)cc3)c4ccc(F)cc4)CC2)cc1,5.29
467,CHEMBL337628,O=C1CC(Cc2ccccc2)C(=O)N[C@@H](Cc3c[nH]c4ccccc34)C(=O)N[C@@H](Cc5ccccc5)C(=O)NCCN1,6.2
470,CHEMBL147767,CO\N=C(/COCc1cc(cc(c1)C(F)(F)F)C(F)(F)F)\C(CCN2CCC(CNC(=O)c3ccccc3)CC2)c4ccc(Cl)c(Cl)c4,6.86
472,CHEMBL131024,O=C1CCC(=O)N[C@@H](Cc2c[nH]c3ccccc23)C(=O)N[C@@H](Cc4ccccc4)C(=O)NC(Cc5ccccc5)CN1,5.9
482,CHEMBL2111858,O=C1CCC(=O)N[C@@H](Cc2c[nH]c3ccccc23)C(=O)N[C@@H](Cc4ccccc4)C(=O)NC[C@H](Cc5ccccc5)N1,5.9
486,CHEMBL324804,O=C1CCC(=O)N[C@@H](Cc2c[nH]c3ccccc23)C(=O)N[C@@H](Cc4ccccc4)C(=O)NCCN1,5.9
500,CHEMBL144668,CO\N=C(/COCc1cc(cc(c1)C(F)(F)F)C(F)(F)F)\C(CCN2CCC(CC2)N3CCCC3)c4ccc(Cl)c(Cl)c4,6.71
502,CHEMBL147715,CO\N=C(/COCc1cc(cc(c1)C(F)(F)F)C(F)(F)F)\C(CCN2CCC(CC2)NC(=O)c3ccccc3)c4ccc(Cl)c(Cl)c4,6.84
518,CHEMBL114442,O=C1CCC(=O)N[C@@H](Cc2c[nH]c3ccccc23)C(=O)N[C@@H](Cc4ccccc4)C(=O)N[C@H](CC5CCCCC5)CN1,6.5
522,CHEMBL115444,Oc1nc2ccccc2n1C3CCN(CC3)C(=O)OCc4cc5OCOc5cc4Cl,5.36
523,CHEMBL2112669,O=C1CCC(=O)N[C@@H](Cc2c[nH]c3ccccc23)C(=O)N[C@@H](Cc4ccccc4)C(=O)NC[C@@H](Cc5ccccc5)N1,5.9
526,CHEMBL326790,O=C1CC(CC2CC=CC=C2)C(=O)N[C@@H](Cc3c[nH]c4ccccc34)C(=O)N[C@@H](Cc5ccccc5)C(=O)NCCN1,6.2
528,CHEMBL116855,Clc1ccc(C[C@H]2NC(=O)[C@H](Cc3ccccc3)NC(=O)[C@H](Cc4c[nH]c5ccccc45)NC(=O)C[C@H](NC2=O)C(=O)OCC=C)cc1Cl,6.5
534,CHEMBL102128,CC(C)CC[C@H](NC(=O)[C@H](CC(C)C)NC(=O)CNC(=O)[C@@H](NC(=O)[C@H](Cc1ccc(Cl)cc1)NC(=O)[C@@H](NC(=O)[C@@H](N)CC(=O)O)[C@@H](C)O)C(C)C)C(=O)N,5.85
538,CHEMBL217406,CSCC[C@H](NC(=O)[C@H](CC(C)C)NC(=O)CNC(=O)[C@@H](NC(=O)[C@H](Cc1ccccc1)NC(=O)[C@H](CO)NC(=O)[C@H](CC(=O)O)NC(=O)[C@@H](NC(=O)[C@H](CCCCN)NC(=O)[C@@H](N)Cc2c[nH]cn2)[C@@H](C)O)C(C)C)C(=O)N,9.15
541,CHEMBL117039,OC(=O)[C@@H]1CC(=O)N[C@@H](Cc2c[nH]c3ccccc23)C(=O)N[C@@H](Cc4ccccc4)C(=O)N[C@H](Cc5ccc(Cl)c(Cl)c5)C(=O)N1,6.4
545,CHEMBL324106,O=C1CCCNC(=O)[C@@H](Cc2ccccc2)NC(=O)[C@H](Cc3ccccc3)NC(=O)[C@H](Cc4c[nH]c5ccccc45)N1,6.5
547,CHEMBL103939,CC(C)CC[C@H](NC(=O)[C@H](CC(C)C)NC(=O)CNC(=O)[C@@H](NC(=O)[C@H](Cc1ccc(N)cc1)NC(=O)[C@@H](NC(=O)[C@@H](N)CC(=O)O)[C@@H](C)O)C(C)C)C(=O)N,6.81
573,CHEMBL99608,O=C(N(CCCN1CCOCC1)CCc2c[nH]c3ccccc23)c4nccnc4C(=O)N(CCCN5CCOCC5)CCc6c[nH]c7ccccc67,6.9
576,CHEMBL437797,CSCC[C@H](NC(=O)[C@H](CC(C)C)NC(=O)CNC(=O)[C@@H](NC(=O)[C@H](Cc1ccccc1)NC(=O)[C@H](Cc2ccccc2)NC(=O)[C@H](CC(=O)O)NC(=O)[C@H](Cc3c[nH]cn3)NC(=O)[C@H](CCSC)NC(=O)[C@@H](N)CC(=O)O)C(C)C)C(=O)N,7.38
616,CHEMBL431838,O=C(NCCc1c[nH]c2ccccc12)c3nccnc3C(=O)N(CCCN4CCOCC4)CCc5c[nH]c6ccccc56,6.3
618,CHEMBL431641,CC(C)CC[C@H](NC(=O)[C@H](CC(C)C)NC(=O)CNC(=O)[C@@H](NC(=O)[C@H](Cc1ccccc1)NC(=O)[C@@H](NC(=O)[C@@H](N)CC(=O)O)[C@@H](C)O)C(C)C)C(=O)N,7.9
625,CHEMBL103634,CC(C)CC[C@H](NC(=O)[C@H](CC(C)C)NC(=O)CNC(=O)[C@@H](NC(=O)[C@H](Cc1ccc(F)cc1)NC(=O)[C@@H](NC(=O)[C@@H](N)CC(=O)O)[C@@H](C)O)C(C)C)C(=O)N,7.36
664,CHEMBL235363,CSCC[C@H](NC(=O)[C@H](CC(C)C)NC(=O)CNC(=O)[C@H](Cc1ccccc1)NC(=O)[C@H](Cc2ccccc2)NC(=O)[C@H](CCC(=O)N)NC(=O)[C@H](CCC(=O)N)NC(=O)[C@@H]3CCCN3C(=O)[C@H](CCCCN)NC(=O)[C@@H]4CCCN4C(=O)[C@@H](N)CCCN=C(N)N)C(=O)N,6.99
667,CHEMBL420685,NC(=O)[C@@H]1CNC(=O)CCC(=O)N[C@@H](Cc2c[nH]c3ccccc23)C(=O)N[C@@H](Cc4ccccc4)C(=O)N1,5.4
674,CHEMBL440465,Clc1ccc(cc1Cl)C2(CCCN3CCC(CC3)N4C(=O)Nc5ccccc45)CCCN(C2)C(=O)c6ccccc6,6.46
675,CHEMBL26831,Clc1ccc(cc1Cl)C2(CCCN3CCC4(CC3)CCc5ccccc45)CCCN(C2)C(=O)c6ccccc6,6.69
676,CHEMBL27463,CC(=O)C1(CCN(CCCC2(CCCN(C2)C(=O)c3ccccc3)c4ccc(Cl)c(Cl)c4)CC1)c5ccccc5,6.41
678,CHEMBL281481,CS(=O)(=O)N1CC2(CCN(CCCC3(CCCN(C3)C(=O)c4ccccc4)c5ccc(Cl)c(Cl)c5)CC2)c6ccccc16,6.75
681,CHEMBL2112211,CN(C(=O)c1cc(cc(c1)C(F)(F)F)C(F)(F)F)c2cc(ccc2c3ccc(C)cc3)C(=O)N[C@@H]4CCCCNC4=O,6.74
682,CHEMBL62679,CN(C)CCCNC(=O)c1ccc(c2ccc(Cl)cc2)c(c1)N(C)C(=O)c3cc(cc(c3)C(F)(F)F)C(F)(F)F,6.97
683,CHEMBL407769,O=C(C1=C(OC2OC(COCc3ccccc3)C(OCc4ccccc4)C(OCc5ccccc5)C2S1(=O)=O)c6ccccc6)c7ccccc7,5.3
684,CHEMBL417407,CN(C(=O)c1cc(cc(c1)C(F)(F)F)C(F)(F)F)c2cc(ccc2c3ccccc3)C(=O)NC4CCCCNC4=O,6.25
685,CHEMBL311857,CCOC(=O)C1=C(C)OC2OC(COCc3ccccc3)C(OCc4ccccc4)C(O)C2[S+]1[O-],6.1
686,CHEMBL308177,[O-][S+]1C2C(OC(COCc3ccccc3)C(OCc4ccccc4)C2OCc5ccccc5)OC(=C1C(=O)c6ccccc6)c7ccccc7,6.1
689,CHEMBL310084,CC1=C([S+]([O-])C2C(OC(COCc3ccccc3)C(OCc4ccccc4)C2OCc5ccccc5)O1)C(=O)Oc6ccccc6,6.4
693,CHEMBL308613,CCOC(=O)C1=C(C)OC2OC(COCc3ccccc3)C(OCc4ccccc4)C(OCc5ccccc5)C2S1,4.9
694,CHEMBL72979,CCOC(=O)C1=C(C)OC2OC(COCc3ccccc3)C(OCc4ccccc4)C(O)C2S1,4.9
695,CHEMBL74882,CCOC(=O)C1=C(C)OC2OC(CO)C(OCc3ccccc3)C(OCc4ccccc4)C2[S+]1[O-],5.4
697,CHEMBL63014,CN(C(=O)c1cc(cc(c1)C(F)(F)F)C(F)(F)F)c2cc(ccc2c3ccc(F)cc3)C(=O)NC4CCCCC4,6.78
699,CHEMBL73540,CCOC(=O)C1=C(C)OC2OC(CO)C(OCc3ccccc3)C(OCc4ccccc4)C2S1,5.4
705,CHEMBL303119,CN(C)C(=O)c1ccc(c2ccc(Cl)cc2)c(c1)N(C)C(=O)c3cc(cc(c3)C(F)(F)F)C(F)(F)F,6.3
706,CHEMBL308176,CCOC(=O)C1=C(C)OC2OC(COCc3ccccc3)C(OCc4ccccc4)C(OCc5ccccc5)C2[S+]1[O-],6.6
711,CHEMBL2112209,COc1cc(cc(OC)c1OC)C(=O)N(C)c2cc(ccc2c3ccc(Cl)cc3)C(=O)N[C@@H]4CCCCNC4=O,6.79
713,CHEMBL264972,CC(C)C[C@H](NC(=O)CNC(=O)[C@@H](NC(=O)[C@H](Cc1ccccc1)NC(=O)[C@H](CO)NC(=O)[C@H](CC(=O)O)NC(=O)[C@@H](NC(=O)[C@H](CCCCN)NC(=O)[C@@H](Cc2ccc(NC(=S)c3ccccc3)cc2)NC(=O)[C@@H](N)Cc4c[nH]cn4)[C@@H](C)O)C(C)C)C(=O)N[C@@H](CCS)C(=O)N,8.11
714,CHEMBL412740,CC(C)C[C@H](NC(=O)CNC(=O)[C@@H](NC(=O)[C@H](Cc1ccccc1)NC(=O)[C@H](CO)NC(=O)[C@H](CC(=O)O)NC(=O)[C@@H](NC(=O)[C@H](CCCCN)NC(=O)[C@@H](Cc2ccc(cc2)\N=C(/S)\Cc3ccccc3)NC(=O)[C@@H](N)Cc4ccc(O)cc4)[C@@H](C)O)C(C)C)C(=O)N[C@@H](CCS)C(=O)N,7.27
716,CHEMBL10079,CC[C@@H](NC(=O)c1cc(nc2ccccc12)c3ccccc3)c4ccccc4,6.63
717,CHEMBL275017,CC[C@@H](NC(=O)c1c(CC)c(nc2ccccc12)c3ccccc3)c4ccccc4,6.5
719,CHEMBL430118,CC[C@@H](NC(=O)c1c(O)c(nc2ccccc12)c3ccccc3)c4ccccc4,6.84
720,CHEMBL10224,CC[C@@H](NC(=O)c1c(N)c(nc2ccccc12)c3ccccc3)c4ccccc4,6.96
721,CHEMBL2113673,CC[C@H](NC(=O)c1c(OC)c(nc2ccccc12)c3ccccc3)c4ccccc4,6.48
722,CHEMBL10303,CC[C@@H](NC(=O)c1c(OCC(=O)O)c(nc2ccccc12)c3ccccc3)c4ccccc4,6.67
724,CHEMBL10334,CC[C@@H](NC(=O)c1c(C)c(nc2ccccc12)c3ccccc3)c4ccccc4,6.56
725,CHEMBL10162,CC[C@@H](NC(=O)c1c(CN(C)C)c(nc2ccccc12)c3ccccc3)c4ccccc4,6.76
726,CHEMBL77235,CO\N=C(/COCc1cc(cc(c1)C(F)(F)F)C(F)(F)F)\C(CCN2CCN(CC(=O)N(C(C)C)C(C)C)CC2)c3ccc(Cl)c(Cl)c3,6.77
727,CHEMBL76727,CCOCCCNC(=O)CN1CCN(CCC(\C(=N\OC)\COCc2cc(cc(c2)C(F)(F)F)C(F)(F)F)c3ccc(Cl)c(Cl)c3)CC1,6.42
728,CHEMBL312295,CO\N=C(/COCc1cc(cc(c1)C(F)(F)F)C(F)(F)F)\C(CCN2CCN(CC(=O)N3CCc4ccccc4C3)CC2)c5ccc(Cl)c(Cl)c5,6.25
730,CHEMBL77752,CO\N=C(/COCc1cc(cc(c1)C(F)(F)F)C(F)(F)F)\C(CCN2CCN(CC(=O)N(C)C3CCCCC3)CC2)c4ccc(Cl)c(Cl)c4,6.43
731,CHEMBL41068,CCOC(=O)C1CCN(CC1)C(=O)CN2CCN(CCC(\C(=N\OC)\COCc3cc(cc(c3)C(F)(F)F)C(F)(F)F)c4ccc(Cl)c(Cl)c4)CC2,6.39
734,CHEMBL3144351,CN(Cc1ccccc1)C(=O)[C@H](Cc2ccccc2)NC(=O)[C@@H](Cc3cn(C(=O)CCC(=O)O)c4ccccc34)NC(=O)C[C@@H]5NC(=O)[C@@H]6C7CCC(CC7)N6C5=O,6.89
737,CHEMBL312539,CO\N=C(/COCc1cc(cc(c1)C(F)(F)F)C(F)(F)F)\C(CCN2CCN(CC(=O)N3CCCCC3)CC2)c4ccc(Cl)c(Cl)c4,6.68
744,CHEMBL310019,CO\N=C(/COCc1cc(cc(c1)C(F)(F)F)C(F)(F)F)\C(CCN2CCN(C)CC2)c3ccc(Cl)c(Cl)c3,6.7
745,CHEMBL77592,CO\N=C(/COCc1cc(cc(c1)C(F)(F)F)C(F)(F)F)\C(CCN2CCN(CC(=O)N3CCCC4CCCCC34)CC2)c5ccc(Cl)c(Cl)c5,6.32
746,CHEMBL78065,CO\N=C(/COCc1cc(cc(c1)C(F)(F)F)C(F)(F)F)\C(CCN2CCN(CC(=O)NC3CC3)CC2)c4ccc(Cl)c(Cl)c4,6.59
748,CHEMBL77265,CO\N=C(/COCc1cc(cc(c1)C(F)(F)F)C(F)(F)F)\C(CCN2CCNCC2)c3ccc(Cl)c(Cl)c3,6.13
750,CHEMBL305826,CO\N=C(/COCc1cc(cc(c1)C(F)(F)F)C(F)(F)F)\C(CCN2CCN(CC2)c3ccccc3)c4ccc(Cl)c(Cl)c4,6.01
751,CHEMBL306052,CO\N=C(/COCc1cc(cc(c1)C(F)(F)F)C(F)(F)F)\C(CCN2CCN(CC2)c3ncccn3)c4ccc(Cl)c(Cl)c4,6.66
758,CHEMBL78092,CO\N=C(/COCc1cc(cc(c1)C(F)(F)F)C(F)(F)F)\C(CCN2CCN(CC2)C3CCCCC3)c4ccc(Cl)c(Cl)c4,6.89
760,CHEMBL78091,CO\N=C(/COCc1cc(cc(c1)C(F)(F)F)C(F)(F)F)\C(CCN2CCN(CC(=O)NCC3CCCO3)CC2)c4ccc(Cl)c(Cl)c4,6.58
762,CHEMBL179986,Fc1cc(F)cc(COc2ccc(NC(=O)N[C@@H](Cc3ccccc3)C(=O)NCCCN4CCOCC4)cc2)c1,6.3
764,CHEMBL181359,Clc1cccc(COc2ccc(NC(=O)N[C@@H](Cc3ccccc3)C(=O)NCCCN4CCOCC4)cc2)c1,6.5
765,CHEMBL181330,Clc1cccc(COc2ccc(NC(=O)N[C@H](Cc3ccccc3)C(=O)NCCCN4CCOCC4)cc2)c1,6.2
766,CHEMBL362682,FC(F)(F)c1ccc(COc2ccc(NC(=O)N[C@@H](Cc3ccccc3)C(=O)NCCCN4CCOCC4)cc2)cc1,6.1
767,CHEMBL182082,FC(F)(F)c1ccc(COc2ccc(NC(=O)N[C@H](Cc3ccccc3)C(=O)NCCCN4CCOCC4)cc2)cc1,5.3
768,CHEMBL360546,COc1cc(COc2ccc(NC(=O)N[C@@H](Cc3ccccc3)C(=O)NCCCN4CCOCC4)cc2)cc(OC)c1,6.7
776,CHEMBL180877,Fc1cccc(Oc2ccc(NC(=O)N[C@@H](Cc3ccccc3)C(=O)NCCCN4CCOCC4)cc2)c1,6.7
778,CHEMBL426421,COc1ccc(Oc2ccc(NC(=O)N[C@@H](Cc3ccccc3)C(=O)NCCCN4CCOCC4)cc2)cc1,6.51
782,CHEMBL181050,CCc1ccc(Oc2ccc(NC(=O)N[C@@H](Cc3ccccc3)C(=O)NCCCN4CCOCC4)cc2)cc1,6.7
783,CHEMBL181526,CCc1ccc(Oc2ccc(NC(=O)N[C@H](Cc3ccccc3)C(=O)NCCCN4CCOCC4)cc2)cc1,6.2
785,CHEMBL362201,CC(C)c1ccc(Oc2ccc(NC(=O)N[C@H](Cc3ccccc3)C(=O)NCCCN4CCOCC4)cc2)cc1,6.7
787,CHEMBL180725,CC(C)(C)c1ccc(Oc2ccc(NC(=O)N[C@H](Cc3ccccc3)C(=O)NCCCN4CCOCC4)cc2)cc1,6.92
788,CHEMBL182947,FC(F)(F)c1ccc(Oc2ccc(NC(=O)N[C@@H](Cc3ccccc3)C(=O)NCCCN4CCOCC4)cc2)cc1,6.6
792,CHEMBL180940,Fc1ccc(Sc2ccc(NC(=O)N[C@@H](Cc3ccccc3)C(=O)NCCCN4CCOCC4)cc2)cc1,6.89
794,CHEMBL180942,O=C(N[C@@H](Cc1ccccc1)C(=O)NCCCN2CCOCC2)Nc3ccc(OCc4ccccc4)cc3,5.92
796,CHEMBL179796,Cc1ccc(COc2ccc(NC(=O)N[C@@H](Cc3ccccc3)C(=O)NCCCN4CCOCC4)cc2)cc1,6.1
798,CHEMBL182104,O=C(N[C@@H](Cc1ccccc1)C(=O)NCCCN2CCOCC2)Nc3ccc(Oc4ccccc4)cc3,6.0
799,CHEMBL181153,O=C(N[C@H](Cc1ccccc1)C(=O)NCCCN2CCOCC2)Nc3ccc(Oc4ccccc4)cc3,6.3
800,CHEMBL183232,O=C(N[C@@H](Cc1ccccc1)C(=O)NCCCN2CCOCC2)Nc3cccc(Oc4ccccc4)c3,6.7
801,CHEMBL181291,O=C(N[C@H](Cc1ccccc1)C(=O)NCCCN2CCOCC2)Nc3cccc(Oc4ccccc4)c3,6.52
802,CHEMBL359487,O=C(N[C@@H](Cc1ccccc1)C(=O)NCCCN2CCOCC2)Nc3ccccc3Oc4ccccc4,5.3
804,CHEMBL181225,OC1(CCCN(C1)C(=O)N[C@@H](Cc2ccccc2)C(=O)NCCCN3CCOCC3)c4ccccc4,5.2
806,CHEMBL181998,CN(Cc1ccccc1)C(=O)N[C@@H](Cc2ccccc2)C(=O)NCCCN3CCOCC3,5.7
807,CHEMBL359885,CN(Cc1ccccc1)C(=O)N[C@H](Cc2ccccc2)C(=O)NCCCN3CCOCC3,5.52
812,CHEMBL181329,O=C(NCCCN1CCOCC1)[C@H](Cc2ccccc2)NC(=O)c3cccc(c3)c4ccccc4,5.7
814,CHEMBL180749,O=C(NCCCN1CCOCC1)[C@H](Cc2ccccc2)NC(=O)C(c3ccccc3)c4ccccc4,5.7
817,CHEMBL360023,O=C(NCCCN1CCOCC1)[C@@H](Cc2ccccc2)NC(=O)c3ccccc3c4ccccc4,5.52
818,CHEMBL183917,CC(C)(Oc1ccc(Cl)cc1)C(=O)N[C@@H](Cc2ccccc2)C(=O)NCCCN3CCOCC3,5.8
819,CHEMBL181446,CC(C)(Oc1ccc(Cl)cc1)C(=O)N[C@H](Cc2ccccc2)C(=O)NCCCN3CCOCC3,6.22
825,CHEMBL361815,CC(C)(Oc1cccc(Cl)c1)C(=O)N[C@H](Cc2ccccc2)C(=O)NCCCN3CCOCC3,6.51
834,CHEMBL178451,CC(C)(Oc1ccc(cc1)c2ccccc2)C(=O)N[C@@H](Cc3ccccc3)C(=O)NCCCN4CCOCC4,5.1
835,CHEMBL369735,CC(C)(Oc1ccc(cc1)c2ccccc2)C(=O)N[C@H](Cc3ccccc3)C(=O)NCCCN4CCOCC4,5.1
836,CHEMBL360354,CC(C)(Oc1cccc(c1)c2ccccc2)C(=O)N[C@@H](Cc3ccccc3)C(=O)NCCCN4CCOCC4,5.2
837,CHEMBL180396,CC(C)(Oc1cccc(c1)c2ccccc2)C(=O)N[C@H](Cc3ccccc3)C(=O)NCCCN4CCOCC4,5.0
838,CHEMBL362800,CC(C)(Oc1ccccc1c2ccccc2)C(=O)N[C@@H](Cc3ccccc3)C(=O)NCCCN4CCOCC4,5.51
839,CHEMBL181581,CC(C)(Oc1ccccc1c2ccccc2)C(=O)N[C@H](Cc3ccccc3)C(=O)NCCCN4CCOCC4,5.3
846,CHEMBL182264,O=C(NCCCN1CCOCC1)[C@H](Cc2ccccc2)NC(=O)N3CCC(Cc4ccccc4)CC3,5.8
847,CHEMBL360085,O=C(NCCCN1CCOCC1)[C@@H](Cc2ccccc2)NC(=O)N3CCC(Cc4ccccc4)CC3,5.7
848,CHEMBL360134,Clc1ccc(cc1Cl)[C@@]2(CCN3CC(C3)N4CCOCC4)CCC(=O)N(C2)C5(CCCC5)C6CC6,5.02
849,CHEMBL182317,FC1CCN(CC1)C2CN(CC[C@@]3(CCC(=O)N(C3)C4(CCCC4)C5CC5)c6ccc(Cl)c(Cl)c6)C2,5.0
887,CHEMBL2371928,CC(C)CC[C@H](NC(=O)[C@@H]1CCCN1C(=O)[C@H](CCCN)NC(=O)[C@H](Cc2ccccc2)NC(=O)[C@@H]3CC(=O)NC(=O)N3)C(=O)N[C@@H](Cc4ccc(F)cc4)C(=O)N[C@H](Cc5ccccc5)C(=O)N,6.15
888,CHEMBL41547,CC(=O)N[C@@H](Cc1ccccc1)C(=O)N[C@H]2CCCNC(=O)[C@H](CCCN=C(N)N)NC(=O)[C@H](Cc3c[nH]c4ccccc34)NC(=O)[C@@H](CC5CCCCC5)NC(=O)[C@@H]6CCCN6C2=O,7.06
989,CHEMBL428394,Clc1cccc(c1)C(=O)NC2(CCCC2)C(=O)N[C@H](Cc3ccccc3)C(=O)NCCCN4CCOCC4,6.91
992,CHEMBL243069,CN(CC(=O)N[C@H](Cc1ccccc1)C(=O)NCCCN2CCOCC2)C(=O)c3cc4ccccc4s3,6.0
1029,CHEMBL236874,NCCCCCCCCNC(=O)C(Cc1ccccc1)NC(=O)C2(CCCCC2)NC(=O)c3cc4ccccc4s3,6.9
1034,CHEMBL236661,NCCCCCCNC(=O)C(Cc1ccccc1)NC(=O)C2(CCCCC2)NC(=O)c3cc4ccccc4s3,6.6
1038,CHEMBL3143849,NCCOCCOCCNC(=O)[C@H](Cc1ccccc1)NC(=O)C2(CCc3ccccc3C2)NC(=O)c4cc5ccccc5s4,6.4
1042,CHEMBL236458,NCc1ccc(CNC(=O)[C@H](Cc2ccccc2)NC(=O)C3(CCCCC3)NC(=O)c4cc5ccccc5s4)cc1,6.9
1044,CHEMBL236248,NCCCCCNC(=O)[C@H](Cc1ccccc1)NC(=O)C2(CCCCC2)NC(=O)c3cc4ccccc4s3,6.4
1046,CHEMBL392523,CN(C)CCCNC(=O)[C@H](Cc1ccccc1)NC(=O)C2(CCCCC2)NC(=O)c3cc4ccccc4s3,6.5
1047,CHEMBL391710,O=C(NC1CC1)[C@H](Cc2ccccc2)NC(=O)C3(CCCCC3)NC(=O)c4cc5ccccc5s4,6.5
1049,CHEMBL429452,CC(C)C[C@H](NC(=O)[C@@H](Cc1ccccc1)NC(=O)C2(CCCCC2)NC(=O)c3cc4ccccc4s3)C(=O)N,6.5
1050,CHEMBL391696,CC(C)C[C@H](NC(=O)[C@H](Cc1ccccc1)NC(=O)C2(CCCCC2)NC(=O)c3cc4ccccc4s3)C(=O)N,5.0
1054,CHEMBL250798,C[C@@H](O[C@@H]1CN(C[C@H]1c2ccc(F)cc2)C3=CC(=O)CC3)c4cc(cc(c4)C(F)(F)F)C(F)(F)F,5.76
1055,CHEMBL515170,CC[C@@H]1O[C@@](\C=C\C2CC2)(c3c(F)c(F)ccc3NC1=O)C(F)(F)F,4.55
1057,CHEMBL474991,CC(C)(C)c1ccc(cc1)c2nc3c(cccc3[nH]2)N4CCN(Cc5ccc6nccnc6c5)CC4,6.48
1058,CHEMBL461571,C[C@@H](Oc1cccc(Cn2c(C)c(C(=O)c3ccc(Cl)cc3)c4ccc(OC(F)(F)F)cc24)c1)C(=O)O,6.28
1074,CHEMBL507824,CC(C)[C@H](NC(=O)[C@@H](Cc1c[nH]c2ccccc12)NC(=O)[C@H](Cc3ccc(O)cc3)NC(=O)[C@@H](N)CC(=O)O)C(=O)N[C@H](Cc4c[nH]c5ccccc45)C(=O)N[C@H](Cc6c[nH]c7ccccc67)C(=O)N[C@@H](CCCCN)C(=O)N,7.11
1108,CHEMBL583102,CSCC[C@H](NC(=O)[C@H](CC(C)C)NC(=O)CNC(=O)[C@H](Cc1ccccc1)N(C)C(=O)[C@H](Cc2ccccc2)NC(=O)[C@H](Cc3ccccc3)NC(=O)[C@H](CC(=O)O)NC(=O)[C@H](Cc4cnc[nH]4)NC(=O)[C@H](CCSC)NC(=O)[C@@H](N)CC(=O)O)C(=O)N,5.8
1111,CHEMBL565894,CN(Cc1ccc(F)c(c1)C(F)(F)F)C(=O)C(C)(CCN2CCC(CC2)N3CCCC3=O)c4ccc(Cl)c(Cl)c4,6.96
1112,CHEMBL567849,CN(Cc1ccc(F)c(c1)C(F)(F)F)C(=O)C(C)(CCN2CCC(CC2)N(C)C(=O)C)c3ccc(Cl)c(Cl)c3,6.29
1113,CHEMBL567198,CN(Cc1ccccc1Cl)C(=O)C(C)(CCN2CCC(CC2)N(C)C(=O)C)c3ccc(Cl)c(Cl)c3,6.02
1187,CHEMBL1760200,COc1ccccc1N2CCN(CC2)C(=O)c3cc(n[nH]3)c4ccccc4,4.92
1188,CHEMBL1760338,COc1ccccc1N2CCN(CC2)C(=O)c3cc(n[nH]3)c4ccc(Cl)cc4,5.1
1189,CHEMBL1760339,COc1ccccc1CN2CCN(CC2)C(=O)c3cc(n[nH]3)c4ccc(Cl)cc4,4.72
1190,CHEMBL1760205,COc1ccccc1N2CCN(CC2)C(=O)c3cc(nn3C)c4ccc(Cl)cc4,5.0
1191,CHEMBL1760206,COc1ccccc1N2CCN(CC2)C(=O)c3cc(c4ccc(Cl)cc4)n(C)n3,4.89
1228,CHEMBL221753,[Cl-].CC(C)(C)CC(C)(C)c1ccc(OCCOCC[N+](C)(C)Cc2ccccc2)cc1,5.72
1320,CHEMBL290106,Oc1c(Cl)cc(Cl)cc1Sc2cc(Cl)cc(Cl)c2O,5.33
1364,CHEMBL296419,COc1ccc(CCN2CCC(CC2)Nc3nc4ccccc4n3Cc5ccc(F)cc5)cc1,5.53
1452,CHEMBL153062,CCCCCCCCCc1ccc(O)cc1,5.35
1462,CHEMBL195437,CCCCCCCCc1ccc(O)cc1,4.76
1474,CHEMBL633,CCCCc1oc2ccccc2c1C(=O)c3cc(I)c(OCCN(CC)CC)c(I)c3,4.71
1508,CHEMBL283196,O=C1C=C(Oc2c1ccc3ccccc23)c4ccccc4,5.23
1566,CHEMBL1289,Clc1cc(Cl)c(OCC#CI)cc1Cl,5.83
1590,CHEMBL305660,CC(C)(C)c1ccc(cc1)C(=O)CCCN2CCC(CC2)OC(c3ccccc3)c4ccccc4,5.71
1614,CHEMBL64894,[Cl-].CN(C)c1ccc(cc1)C(=C2C=CC(=[N+](C)C)C=C2)c3ccc(cc3)N(C)C,5.78
1622,CHEMBL808,Clc1ccc(COC(Cn2ccnc2)c3ccc(Cl)cc3Cl)cc1,5.22
1632,CHEMBL496,Oc1c(Cl)cc(Cl)c(Cl)c1Cc2c(O)c(Cl)cc(Cl)c2Cl,5.38
1740,CHEMBL726,OCCN1CCN(CCCN2c3ccccc3Sc4ccc(cc24)C(F)(F)F)CC1,4.65
1750,CHEMBL434063,CN(CCOc1ccc(C[C@H](Nc2ccccc2C(=O)c3ccccc3)C(=O)O)cc1)c4ccccn4,4.84
1811,CHEMBL334255,[Br-].CCCCCCCCCCCCCCCC[n+]1ccccc1,5.06
1884,CHEMBL7002,CC1(COc2ccc(CC3SC(=O)NC3=O)cc2)CCCCC1,4.9
1966,CHEMBL104,Clc1ccccc1C(c2ccccc2)(c3ccccc3)n4ccnc4,4.99
2004,CHEMBL411,CC\C(=C(\CC)/c1ccc(O)cc1)\c2ccc(O)cc2,5.02
2022,CHEMBL3545252,O.O.O.CC(=O)O[C@@]12CO[C@@H]1C[C@H](O)[C@]3(C)[C@@H]2[C@H](OC(=O)c4ccccc4)[C@]5(O)C[C@H](OC(=O)[C@H](O)[C@@H](NC(=O)OC(C)(C)C)c6ccccc6)C(=C([C@@H](O)C3=O)C5(C)C)C,5.81
2028,CHEMBL954,CCN(CC)CCOc1ccc(cc1)\C(=C(\Cl)/c2ccccc2)\c3ccccc3,5.34
2034,CHEMBL160,CC[C@@H]1NC(=O)[C@H]([C@H](O)[C@H](C)C\C=C\C)N(C)C(=O)[C@H](C(C)C)N(C)C(=O)[C@H](CC(C)C)N(C)C(=O)[C@H](CC(C)C)N(C)C(=O)[C@@H](C)NC(=O)[C@H](C)NC(=O)[C@H](CC(C)C)N(C)C(=O)[C@@H](NC(=O)[C@H](CC(C)C)N(C)C(=O)CN(C)C1=O)C(C)C,5.38
2042,CHEMBL71,CN(C)CCCN1c2ccccc2Sc3ccc(Cl)cc13,4.57
2051,CHEMBL1479,C[C@]12Cc3cnoc3C=C1CC[C@@H]4[C@@H]2CC[C@@]5(C)[C@H]4CC[C@@]5(O)C#C,4.58
2226,CHEMBL428647,CC(=O)O[C@H]1C(=O)[C@]2(C)[C@@H](O)C[C@H]3OC[C@@]3(OC(=O)C)[C@H]2[C@H](OC(=O)c4ccccc4)[C@]5(O)C[C@H](OC(=O)[C@H](O)[C@@H](NC(=O)c6ccccc6)c7ccccc7)C(=C1C5(C)C)C,5.21
2288,CHEMBL1262,Clc1ccc(CO\N=C(/Cn2ccnc2)\c3ccc(Cl)cc3Cl)c(Cl)c1,5.49
2310,CHEMBL584,Cc1c(O)cccc1C(=O)N[C@@H](CSc2ccccc2)[C@H](O)CN3C[C@H]4CCCC[C@H]4C[C@H]3C(=O)NC(C)(C)C,4.53
2386,CHEMBL503,CC[C@H](C)C(=O)O[C@H]1C[C@@H](C)C=C2C=C[C@H](C)[C@H](CC[C@@H]3C[C@@H](O)CC(=O)O3)[C@@H]12,4.55
2394,CHEMBL91,Clc1ccc(COC(Cn2ccnc2)c3ccc(Cl)cc3Cl)c(Cl)c1,5.32
2400,CHEMBL19215,CN1C[C@H](CNC(=O)OCc2ccccc2)C[C@H]3[C@H]1Cc4cn(C)c5cccc3c45,5.39
2412,CHEMBL1221512,CC[C@H](C)[C@@H](CO[C@@H](Cc1ccccc1)C(=O)N[C@@H](CCS(=O)(=O)C)C(=O)OC(C)C)NC[C@@H](N)CS,5.79
2460,CHEMBL787,CC(C)(O)c1ccccc1CC[C@@H](SCC2(CC(=O)O)CC2)c3cccc(\C=C\c4ccc5ccc(Cl)cc5n4)c3,5.42
2472,CHEMBL115,CC(C)(C)NC(=O)[C@@H]1CN(Cc2cccnc2)CCN1C[C@@H](O)C[C@@H](Cc3ccccc3)C(=O)N[C@@H]4[C@H](O)Cc5ccccc45,5.29
2508,CHEMBL295698,CC(=O)N1CCN(CC1)c2ccc(OC[C@@H]3CO[C@](Cn4ccnc4)(O3)c5ccc(Cl)cc5Cl)cc2,4.76
2626,CHEMBL553025,CCC1=C[C@@H]2CN(C1)Cc3c([nH]c4ccccc34)[C@@](C2)(C(=O)OC)c5cc6c(cc5OC)N(C)[C@H]7[C@](O)([C@H](OC(=O)C)[C@]8(CC)C=CCN9CC[C@]67[C@H]89)C(=O)OC,5.79
2750,CHEMBL83,CC\C(=C(/c1ccccc1)\c2ccc(OCCN(C)C)cc2)\c3ccccc3,5.44
2766,CHEMBL1221,Clc1ccc(CSC(Cn2ccnc2)c3ccc(Cl)cc3Cl)cc1,5.31
2826,CHEMBL163,CC(C)[C@H](NC(=O)N(C)Cc1csc(n1)C(C)C)C(=O)N[C@H](C[C@H](O)[C@H](Cc2ccccc2)NC(=O)OCc3cncs3)Cc4ccccc4,5.58
2834,CHEMBL588119,CCCCCCCCN[C@H](C)[C@@H](O)c1ccc(SC(C)C)cc1,5.17
2842,CHEMBL114,CC(C)(C)NC(=O)[C@@H]1C[C@@H]2CCCC[C@@H]2CN1C[C@@H](O)[C@H](Cc3ccccc3)NC(=O)[C@H](CC(=O)N)NC(=O)c4ccc5ccccc5n4,5.21
2882,CHEMBL17157,CC(C)(C)c1ccc(cc1)C(O)CCCN2CCC(CC2)C(O)(c3ccccc3)c4ccccc4,5.57
2886,CHEMBL81,Oc1ccc(cc1)c2sc3cc(O)ccc3c2C(=O)c4ccc(OCCN5CCCCC5)cc4,5.4
2946,CHEMBL1916635,COC(=O)C1=C2CCC(N2C(=O)C(C1)NC(=O)OCc3ccccc3)C(=O)N[C@@H](CCc4c[nH]c5ccccc45)C(=O)N(C)Cc6ccccc6,4.0
3002,CHEMBL2390989,CCCC[C@H](NC(=O)[C@H](CC(C)C)NC(=O)CNC(=O)[C@@H](NC(=O)[C@H](Cc1ccccc1)NC(=O)[C@H](CO)NC(=O)[C@@H](N)CC(=O)O)C(C)C)C(=O)N,8.6
3007,CHEMBL2402572,Cc1ccccc1[C@@H]2[C@H](CC[C@@H]3CN(C[C@@H]23)C4=NC(=O)CO4)O[C@H](CO)c5cc(cc(c5)C(F)(F)F)C(F)(F)F,5.14
3009,CHEMBL3109772,COCCOc1ncc(cc1c2ccc(Cl)cc2)C(=O)N[C@@H]3CCCC[C@H]3O,4.34
3010,CHEMBL3360202,CCCC[C@H](NC(=O)[C@H](CC(C)C)NC(=O)CNC(=O)C(CCNc1ccc(c2nonc12)[N+](=O)[O-])NC(=O)[C@H](Cc3ccccc3)NC(=O)[C@H](CO)NC(=O)[C@H](CC(=O)O)NC(=O)C)C(=O)N,5.71
3029,CHEMBL3422009,C[C@H]1N(CCn2c1nnc2c3csc(n3)c4ccc(F)cc4F)C(=O)c5ccc(cc5)c6cccs6,6.1
3030,CHEMBL3422010,C[C@H]1N(CCn2c1nnc2c3csc(C)n3)C(=O)c4ccc(cc4)c5cccs5,4.9
3031,CHEMBL3422015,CC(C)c1occ(n1)c2nnc3[C@@H](C)N(CCn23)C(=O)c4ccc(cc4)c5cccs5,5.0
3032,CHEMBL3422018,C[C@H]1N(CCn2c1nnc2c3nc(C)ns3)C(=O)c4ccc(cc4)c5cccs5,4.9
3041,CHEMBL3582336,CCn1cc(cn1)[C@]2(N[C@H](Cc3c2[nH]c4ccccc34)c5nc(c[nH]5)c6ccc(F)cn6)C7=NN(C)C(=O)O7,5.37
3060,CHEMBL3651892,CN([C@@H]1CN(CC1c2ccc(F)cn2)C(=O)C3CCN(CC3)C(=O)C)C(=O)N(C)c4cc(cc(c4)C(F)(F)F)C(F)(F)F,6.92
3062,CHEMBL3639507,CN([C@@H]1CCN(C[C@H]1c2ccc(F)cc2)C(=O)C3CCN(CC3)C(=O)C)C(=O)N(C)c4cc(cc(c4)C(F)(F)F)C(F)(F)F,5.38
