,molecule_chembl_id,canonical_smiles,pchembl_value
0,eledoisin,CC[C@H](C)[C@H](NC(=O)[C@H](CC1=CC=CC=C1)NC(=O)[C@H](C)NC(=O)[C@H](CC(O)=O)NC(=O)[C@H](CCCCN)NC(=O)[C@H](CO)NC(=O)[C@@H]1CCCN1C(=O)[C@@H]1CCC(=O)N1)C(=O)NCC(=O)N[C@@H](CC(C)C)C(=O)N[C@@H](CCSC)C(N)=O,9.66
1,CHEMBL3651888,CN([C@@H]1CCN(C[C@H]1c2ccc(Cl)c(Cl)c2)C(=O)C3CCN(CC3)C(=O)C)C(=O)Nc4ccc(Cl)cc4,7.0
2,CHEMBL1269641,CN([C@H]1CN(C[C@@H]1c2ccccc2)C(=O)N3CCN(CC3)S(=O)(=O)C)C(=O)C(C)(C)c4cc(cc(c4)C(F)(F)F)C(F)(F)F,7.0
3,CHEMBL297399,COCCCCCCCCNC(=O)C(C)(Cc1ccccc1)NC(=O)[C@H](Cc2ccccc2)NC(=O)OC(C)(C)C,7.0
4,CHEMBL3361408,CSCC[C@H](NC(=O)[C@H](CC(C)C)NC(=N)CNC(=O)[C@H](Cc1ccccc1)N(C)C(=O)[C@H](Cc2ccccc2)NC(=O)[C@H](CC(=O)O)NC(=O)CCC(=O)O)C(=O)N,7.0
5,CHEMBL3422005,C[C@H]1N(CCn2c1nnc2c3csc(C)n3)C(=O)c4ccc(F)cc4,7.0
6,CHEMBL3608684,Cc1nsc(n1)c2nnc3CN(CCn23)C(=O)c4ccc(F)cc4,7.0
7,CHEMBL3421982,Fc1ccc(cc1)C(=O)N2CCN(CC2)c3nccc(n3)C(C#N)c4ccccn4,7.0
8,CHEMBL306624,CCN(C\C(=N/OC)\[C@H](CCN1CCC(CC1)n2c(O)nc3ccccc23)c4ccc(Cl)c(Cl)c4)C(=O)c5cc(Cl)cc(Cl)c5,7.01
9,CHEMBL149326,CCc1c(cc2ccccc2c1C(=O)N(C)C[C@@H](CCN3CCC(CC3)c4ccccc4[S+](C)[O-])c5ccc(Cl)c(Cl)c5)C#N,7.01
10,CHEMBL2203709,CN(C(=O)C(C)(C)c1cc(cc(c1)C(F)(F)F)C(F)(F)F)c2cnc(cc2c3ccc(F)cc3C)N4CCC5(CC4)OCCS5(=O)=O,7.01
11,CHEMBL49999,COC(=O)C(NC(=O)c1cc(nc2ccccc12)c3ccccc3F)c4ccccc4,7.02
12,CHEMBL1682664,CN(Cc1ccc(F)cc1)C(=O)[C@@]2(C[C@H]2CN3CCC(CC3)(NC(=O)C)c4ccccc4)c5cccs5,7.03
13,CHEMBL1086004,COCCNc1cc(c(cn1)N(C)C(=O)C(C)(C)c2cc(cc(c2)C(F)(F)F)C(F)(F)F)c3ccccc3Cl,7.03
14,CHEMBL3648220,C[C@]1(COc2ccc(Cl)cn2)CN(C[C@@H]1c3ccc(Cl)cc3)C(=O)c4ccc(cc4)N5CCCCC5=O,7.03
15,CHEMBL298272,CC(C)(C)OC(=O)N[C@@H](Cc1ccccc1)C(=O)NC(C)(Cc2ccccc2)C(=O)NCCCCCCCCO,7.04
16,CHEMBL295982,CC(C)(C)OC(=O)N[C@@](C)(Cc1ccccc1)C(=O)NC(Cc2ccccc2)C(=O)NCCCCCCCCO,7.04
17,CHEMBL3736198,CC[C@H](C)[C@H](N(C)C(=O)[C@H](Cc1ccccc1)NC(=O)[C@H](CC(=O)O)NC(=O)CCC(=O)O)C(=O)NCC(=O)N[C@@H](CC(C)C)C(=O)N[C@@H](CCSC)C(=O)N,7.04
18,CHEMBL3680201,CN([C@@H]1CN(C[C@@]1(C)c2ccc(Cl)cc2)C(=O)C3CCN(CC3)C4CCCCC4)C(=O)Oc5ccc(F)cc5,7.04
19,CHEMBL220857,COC(=O)N(NC(=O)c1cc(nc2ccccc12)c3ccccc3)c4ccccc4,7.04
20,CHEMBL1682661,CN(Cc1ccc(F)cc1)C(=O)[C@]2(C[C@H]2CN3CCC(CC3)(NC(=O)C)c4ccccc4)c5cc(Cl)cc(Cl)c5,7.05
21,CHEMBL3680182,CN(C(=O)Oc1ccc(F)cc1)[C@@]2(C)CN(C[C@@H]2c3ccc(Cl)cc3)C(=O)C4CCOCC4,7.06
22,CHEMBL3648204,C[C@]1(COc2ccc(Cl)cn2)CN(C[C@@H]1c3ccc(Cl)cc3)C(=O)C4CCOCC4,7.06
23,CHEMBL1682625,CN(Cc1ccccc1)C(=O)[C@@]2(C[C@@H]2CN3CCC(CC3)(NC(=O)C)c4ccccc4)c5ccc(Cl)c(Cl)c5,7.08
24,CHEMBL3736459,CSCC[C@H](NC(=O)[C@H](CC(C)C)NC(=O)CNC(=O)[C@H](Cc1ccccc1)N(C)C(=O)[C@H](Cc2ccccc2)NC(=O)[C@@H](CC(=O)O)NC(=O)[C@H](CC(=O)O)NC(=O)C)C(=O)N,7.08
25,CHEMBL418524,CC(C)C(NC(=O)c1cc(nc2ccccc12)c3ccccc3)c4ccccc4,7.1
26,CHEMBL3104784,CN(C(=O)C(C)(C)c1cc(cc(c1)C(F)(F)F)C(F)(F)F)c2cnc(cc2c3ccc(F)cc3C)N4CC(F)(F)C[C@H]4CO,7.1
27,CHEMBL3421999,C[C@H]1N(CCn2c1nnc2c3cccc(C)n3)C(=O)c4ccc(F)cc4,7.1
28,CHEMBL3422013,C[C@H]1N(CCn2c1nnc2c3csc(n3)C(F)(F)F)C(=O)c4ccc(cc4)c5cccs5,7.1
29,CHEMBL3422012,Cc1nc(cs1)c2nnc3CN(CCn23)C(=O)c4ccc(cc4)c5cccs5,7.1
30,CHEMBL3608741,Cc1nsc(n1)c2nnc3[C@@H](CCO)N(CCn23)C(=O)c4ccc(F)cc4,7.1
31,CHEMBL3680191,CN(C(=O)Oc1ccc(F)cc1)[C@@]2(C)CN(C[C@@H]2c3ccc(Cl)cc3)C(=O)c4ccc(nc4)C#N,7.11
32,CHEMBL50302,COC(=O)C(NC(=O)c1cc(nc2ccccc12)c3occc3)c4ccccc4,7.11
33,CHEMBL44686,CC(C)[C@@H](OC(=O)N[C@](C)(Cc1ccccc1)C(=O)N[C@@H](C)c2ccccc2)c3ccccc3,7.13
34,CHEMBL129683,CN(C[C@@H](CCN1CCC(CC1)c2ccccc2[S+](C)[O-])c3ccc(Cl)c(Cl)c3)C(=O)c4cc(cc5ccccc45)C#N,7.13
35,CHEMBL3734932,CSCC[C@H](NC(=O)[C@H](CC(C)C)NC(=O)CNC(=O)[C@H](Cc1ccccc1)N(C)C(=O)[C@H](Cc2ccccc2)NC(=O)[C@H](CC(=O)O)NC(=O)[C@@H](CC(=O)O)NC(=O)C)C(=O)N,7.14
36,CHEMBL1682646,CN(Cc1cccs1)C(=O)C2(CC2CN3CCC(CC3)(NC(=O)C)c4ccccc4)c5ccc(Cl)c(Cl)c5,7.16
37,CHEMBL44108,CC(C)(C)OC(=O)N[C@@H](Cc1ccccc1)C(=O)N[C@](C)(Cc2ccccc2)C(=O)NCCc3ccc(OCC(=O)N)cc3,7.17
38,CHEMBL3680180,CN(C(=O)Oc1ccc(F)cc1)[C@@]2(C)CN(C[C@@H]2c3ccc(Cl)cc3)C(=O)c4ccc(cc4)C#N,7.17
39,CHEMBL1682648,CN(Cc1ccc(F)cc1)C(=O)[C@]2(C[C@H]2CN3CCC(CC3)(NC(=O)C)c4ccccc4)c5ccc(F)cc5,7.17
40,CHEMBL1682644,COc1ccc(CN(C)C(=O)C2(CC2CN3CCC(CC3)(NC(=O)C)c4ccccc4)c5ccc(Cl)c(Cl)c5)cc1OC,7.17
41,CHEMBL3735858,CSCC[C@H](NC(=O)[C@H](CC(C)C)NC(=O)CNC(=O)[C@H](Cc1ccccc1)N(C)C(=O)[C@H](Cc2ccccc2)NC(=O)[C@@H](CCC(=O)O)NC(=O)[C@@H](CC(=O)O)NC(=O)C)C(=O)N,7.17
42,CHEMBL3735951,CSCC[C@H](NC(=O)[C@H](CC(C)C)NC(=O)CNC(=O)[C@H](Cc1ccccc1)N(C)C(=O)[C@H](Cc2ccccc2)NC(=O)[C@H](CC(=O)O)NC(=O)[C@H](CC(=O)O)NC(=O)C)C(=O)N,7.17
43,CHEMBL301564,COC(=O)C(NC(=O)c1cc(nc2ccccc12)c3cccs3)c4ccccc4,7.18
44,CHEMBL3680183,CN(C(=O)Oc1ccc(F)cc1)[C@@]2(C)CN(C[C@@H]2c3ccc(Cl)cc3)C(=O)c4cnnc(C)c4,7.19
45,CHEMBL3608740,C[C@H]1N(CCn2c1nnc2c3nc(C)ns3)C(=O)c4ccccc4,7.2
46,CHEMBL3288158,Cl.CN1C(=O)OC2(CCN(CC[C@@](C)(C(=O)N[C@@H](Cc3ccccc3)C(=O)NCCN)c4ccc(Cl)c(Cl)c4)CC2)c5cc(F)ccc15,7.2
47,CHEMBL3648199,C[C@]1(COc2ccc(Cl)cn2)CN(C[C@@H]1c3ccc(Cl)cc3)C(=O)c4ccnc(Cl)c4,7.21
48,CHEMBL220581,CCOC(=O)N(NC(=O)c1c(OC)c(nc2ccccc12)c3ccccc3)c4ccccc4,7.22
49,CHEMBL44965,CC(C)[C@H](OC(=O)N[C@](C)(Cc1ccccc1)C(=O)NCCCCCCCNC(=O)N)c2ccccc2,7.24
50,CHEMBL297736,COC(=O)C(NC(=O)c1cc(nc2cc(OC)ccc12)c3ccccc3)c4ccccc4,7.24
51,CHEMBL221495,COc1c(nc2ccccc2c1C(=O)NN(C)c3ccccc3)c4ccccc4,7.24
52,CHEMBL3648203,COc1ccc(cn1)C(=O)N2C[C@H](c3ccc(Cl)cc3)[C@@](C)(COc4ccc(Cl)cn4)C2,7.25
53,CHEMBL1682657,COc1cccc(c1)[C@@]2(C[C@H]2CN3CCC(CC3)(NC(=O)C)c4ccccc4)C(=O)N(C)Cc5ccc(F)cc5,7.25
54,CHEMBL106124,CSCC[C@H](NC(=O)[C@H](CC(C)C)NC(=O)CNC(=O)[C@H](Cc1ccccc1)N(C)C(=O)[C@H](Cc2ccccc2)NC(=O)[C@H](CC(=O)O)NC(=O)CCC(=O)O)C(=O)N,7.25
55,CHEMBL3361404,CSCC[C@H](NC(=O)[C@H](CC(C)C)\C=C\CNC(=O)[C@H](Cc1ccccc1)N(C)C(=O)[C@H](Cc2ccccc2)NC(=O)[C@H](CC(=O)O)NC(=O)CCC(=O)O)C(=O)N,7.25
56,CHEMBL274163,CCCCCCc1c(nc2ccccc2c1C(=O)NC(CC)c3ccccc3)c4ccccc4,7.26
57,CHEMBL3736299,CSCC[C@H](NC(=O)[C@H](CC(C)C)NC(=O)CNC(=O)[C@H](Cc1ccccc1)N(C)C(=O)[C@H](Cc2ccccc2)NC(=O)[C@@H](CC(=O)O)NC(=O)[C@@H](CC(=O)O)NC(=O)C)C(=O)N,7.26
58,CHEMBL47641,CC(C)[C@H](OC(=O)N[C@](C)(Cc1ccccc1)C(=O)NCCCCCCCCO)c2ccccc2,7.28
59,CHEMBL218695,COC(=O)N(NC(=O)c1c(OC)c(nc2ccccc12)c3ccccc3)c4ccccc4F,7.28
60,CHEMBL3680203,CN([C@@H]1CN(C[C@@]1(C)c2ccc(Cl)cc2)C(=O)C3CCN(CC3)C(=O)C)C(=O)Oc4ccc(F)cc4,7.29
61,CHEMBL222072,COC(=O)N(NC(=O)c1c(CC2CCNCC2)c(nc3ccccc13)c4ccccc4)c5ccccc5,7.29
62,CHEMBL275259,CCC(NC(=O)c1c(c2ccccc2)c(nc3ccccc13)c4ccccc4)c5ccccc5,7.3
63,CHEMBL276386,CCCC(NC(=O)c1cc(nc2ccccc12)c3ccccc3)c4ccccc4,7.3
64,CHEMBL1682633,CN(Cc1cccc(c1)C(F)(F)F)C(=O)C2(CC2CN3CCC(CC3)(NC(=O)C)c4ccccc4)c5ccc(Cl)c(Cl)c5,7.3
65,CHEMBL3288161,Cl.CN1C(=O)OC2(CCN(CC[C@@](C)(C(=O)N[C@H](Cc3ccccc3)C(=O)NCCN)c4ccc(Cl)c(Cl)c4)CC2)c5cc(F)ccc15,7.3
66,CHEMBL416309,COC(=O)C(NC(=O)c1cc(nc2ccccc12)c3ccc[nH]3)c4ccccc4,7.31
67,CHEMBL3648197,C[C@]1(COc2ccc(Cl)cn2)CN(C[C@@H]1c3ccc(Cl)cc3)C(=O)N4CCN(CC4)S(=O)(=O)C,7.32
68,CHEMBL1682660,CN(Cc1ccc(F)cc1)C(=O)[C@]2(C[C@H]2CN3CCC(CC3)(NC(=O)C)c4ccccc4)c5ccc(F)c(F)c5,7.33
69,CHEMBL3648202,C[C@]1(COc2ccc(Cl)cn2)CN(C[C@@H]1c3ccc(Cl)cc3)C(=O)c4ccc(cc4)C#N,7.35
70,CHEMBL3813835,CC[C@H](NC(=O)c1c(O)c(nc2cc(OC)ccc12)c3ccccc3)c4ccccc4,7.36
71,CHEMBL3680200,CN([C@@H]1CN(C[C@@]1(C)c2ccc(Cl)cc2)C(=O)C3CCN(CC3)c4ccc(F)cn4)C(=O)Oc5ccc(F)cc5,7.36
72,CHEMBL296014,CC(C)(C)OC(=O)N[C@@H](Cc1ccccc1)C(=O)N[C@](C)(Cc2ccccc2)C(=O)NCCCCCCCCO,7.4
73,CHEMBL444832,CC(C)(C)OC(=O)N[C@@H](Cc1ccccc1)C(=O)N[C@](C)(Cc2ccccc2)C(=O)NCCCCCCCNC(=O)N,7.4
74,CHEMBL297327,CC(C)(C)OC(=O)N[C@@](C)(Cc1ccccc1)C(=O)N[C@H](Cc2ccccc2)C(=O)NCCCCCCCCO,7.4
75,CHEMBL3608683,CC(C)c1noc(n1)c2nnc3[C@@H](C)N(CCn23)C(=O)c4ccc(F)cc4,7.4
76,CHEMBL1682656,CN(Cc1ccc(F)cc1)C(=O)[C@]2(C[C@H]2CN3CCC(CC3)(NC(=O)C)c4ccccc4)c5cccc(C)c5,7.4
77,CHEMBL3288163,Cl.CN1C(=O)OC2(CCN(CC[C@@](C)(C(=O)N[C@H](C(=O)NCCN)c3ccccc3)c4ccc(Cl)c(Cl)c4)CC2)c5cc(F)ccc15,7.4
78,CHEMBL296440,CC(C)(C)OC(=O)N[C@@H](Cc1ccccc1)C(=O)N[C@](C)(Cc2ccccc2)C(=O)NCCCCCCCCC(=O)N,7.41
79,CHEMBL295301,CC(C)(C)OC(=O)N[C@@](C)(Cc1ccccc1)C(=O)N[C@H](Cc2ccccc2)C(=O)NCCCCCCCCC(=O)N,7.41
80,CHEMBL297301,CC(C)(C)OC(=O)N[C@H](Cc1ccccc1)C(=O)N[C@](C)(Cc2ccccc2)C(=O)NCCCCc3ccc(O)cc3,7.41
81,CHEMBL3639790,CC(C)C(=O)N1CCC(CC1)C(=O)N2C[C@@H](N(C)C(=O)Oc3ccc(F)cc3)[C@@](C)(C2)c4ccc(Cl)cc4,7.41
82,CHEMBL218694,COC(=O)N(NC(=O)c1c(O)c(nc2ccccc12)c3ccccc3)c4ccccc4,7.41
83,CHEMBL340326,COc1ccc(C2CCN(CC[C@H](CN(C)C(=O)c3cc(cc4ccccc34)C#N)c5ccc(Cl)c(Cl)c5)CC2)c(c1)[S+](C)[O-],7.41
84,CHEMBL3735427,CSCC[C@H](NC(=O)[C@H](CC(C)C)NC(=O)CNC(=O)[C@H](Cc1ccccc1)N(C)C(=O)[C@H](Cc2ccccc2)NC(=O)[C@H](CC(=O)O)NC(=O)N)C(=O)N,7.41
85,CHEMBL3648215,C[C@]1(COc2ccc(Cl)cn2)CN(C[C@@H]1c3ccc(Cl)cc3)C(=O)c4ccc(nc4)C#N,7.41
86,CHEMBL221094,COC(=O)N(NC(=O)c1c(OC)c(nc2ccc(F)cc12)c3ccccc3)c4ccccc4,7.42
87,CHEMBL2113684,CC[C@H](NC(=O)c1c(Br)c(nc2ccccc12)c3ccccc3)c4ccccc4,7.43
88,CHEMBL1682650,CN(Cc1ccc(F)cc1)C(=O)[C@]2(C[C@H]2CN3CCC(CC3)(NC(=O)C)c4ccccc4)c5ccc(C)cc5,7.43
89,CHEMBL375222,COC(=O)N(NC(=O)c1c(CN2CCNCC2)c(nc3c(F)cccc13)c4ccccc4)c5ccccc5,7.43
90,CHEMBL3736512,CSCC[C@H](NC(=O)[C@H](CC(C)C)NC(=O)CNC(=O)[C@H](Cc1ccccc1)N(C)C(=O)[C@H](Cc2ccccc2)NC(=O)[C@@H](CCC(=O)O)NC(=O)[C@H](CC(=O)O)NC(=O)C)C(=O)N,7.43
91,CHEMBL1682649,CN(Cc1ccc(F)cc1)C(=O)[C@]2(C[C@H]2CN3CCC(CC3)(NC(=O)C)c4ccccc4)c5ccc(Cl)cc5,7.44
92,CHEMBL3680194,CN(C(=O)Oc1ccc(F)cc1)[C@@]2(C)CN(C[C@@H]2c3ccc(Cl)cc3)C(=O)c4ccc(cc4)c5noc(C)n5,7.45
93,CHEMBL3648200,C[C@]1(COc2ccc(Cl)cn2)CN(C[C@@H]1c3ccc(Cl)cc3)C(=O)c4ccc(nc4)n5cccn5,7.45
94,CHEMBL10160,CCC(NC(=O)c1cc(nc2ccccc12)c3ccccc3)c4ccccc4,7.47
95,CHEMBL221299,COC(=O)N(NC(=O)c1c(CN2CCNCC2)c(nc3ccccc13)c4ccccc4)c5ccccc5,7.47
96,CHEMBL3735400,CSCC[C@H](NC(=O)[C@H](CC(C)C)NC(=O)CNC(=O)[C@H](Cc1ccccc1)N(C)C(=O)[C@H](Cc2ccccc2)NC(=O)[C@H](CC(=O)O)NC(=O)NN)C(=O)N,7.47
97,CHEMBL274763,CC(NC(=O)c1cc(nc2ccccc12)c3ccccc3)c4ccccc4,7.48
98,CHEMBL221070,COC(=O)N(NC(=O)c1c(OC)c(nc2ccccc12)c3ccccc3)c4ccc(F)cc4,7.48
99,CHEMBL1682632,COc1cccc(CN(C)C(=O)C2(CC2CN3CCC(CC3)(NC(=O)C)c4ccccc4)c5ccc(Cl)c(Cl)c5)c1,7.48
100,CHEMBL3286415,CN(C)CCNC(=O)[C@@H](Cc1ccccc1)NC(=O)[C@](C)(CCN2CCC3(CC2)OC(=O)N(C)c4ccc(F)cc34)c5ccc(Cl)c(Cl)c5,7.5
101,CHEMBL1682655,CN(Cc1ccc(F)cc1)C(=O)[C@]2(C[C@H]2CN3CCC(CC3)(NC(=O)C)c4ccccc4)c5cccc(Cl)c5,7.5
102,CHEMBL3680198,CN([C@@H]1CN(C[C@@]1(C)c2ccc(Cl)cc2)C(=O)C3CCN(CC3)C(=O)C4(C)CC4)C(=O)Oc5ccc(F)cc5,7.5
103,CHEMBL429951,COC(=O)C(NC(=O)c1cc(nc2ccccc12)c3ccccc3)c4ccccc4,7.5
104,CHEMBL218717,COc1c(C(=O)NNc2ccccc2)c3ccccc3nc1c4ccccc4,7.5
105,CHEMBL1682645,COc1cc(CN(C)C(=O)C2(CC2CN3CCC(CC3)(NC(=O)C)c4ccccc4)c5ccc(Cl)c(Cl)c5)cc(OC)c1,7.5
106,CHEMBL3608687,C[C@H]1N(CCn2c1nnc2c3nc(C)ns3)C(=O)c4ccc(Cl)cc4,7.5
107,CHEMBL47035,CC(C)(C)OC(=O)N[C@@H](Cc1ccccc1)C(=O)N[C@](C)(Cc2ccccc2)C(=O)NCCCCCCCNS(=O)(=O)C,7.51
108,CHEMBL432301,C[C@H](NC(=O)c1c(CN2CCC(N)CC2)c(nc3ccccc13)c4ccccc4)C5CCCCC5,7.51
109,CHEMBL10020,CC[C@@H](NC(=O)c1c(Cl)c(nc2ccccc12)c3ccccc3)c4ccccc4,7.52
110,CHEMBL9971,CC[C@@H](NC(=O)c1c(F)c(nc2ccccc12)c3ccccc3)c4ccccc4,7.52
111,CHEMBL1084435,CN(C(=O)C(C)(C)c1cc(cc(c1)C(F)(F)F)C(F)(F)F)c2cnc(cc2c3ccccc3Cl)N4CCCC[C@@H]4CO,7.53
112,CHEMBL1084438,COC[C@@H]1C[C@H](CN1c2cc(c(cn2)N(C)C(=O)C(C)(C)c3cc(cc(c3)C(F)(F)F)C(F)(F)F)c4ccccc4Cl)OC,7.53
113,CHEMBL78851,CO\N=C(/CN(C)C(=O)c1cc(Cl)cc(Cl)c1)\[C@H](CCN2CCC(CC2)N3C(=O)N(CC(=O)OC)c4ccccc34)c5ccc(Cl)c(Cl)c5,7.54
114,CHEMBL298104,CC(C)(C)OC(=O)N[C@@H](Cc1ccccc1)C(=O)N[C@](C)(Cc2ccccc2)C(=O)NCCCCCCCCS(=O)(=O)C,7.55
115,CHEMBL47586,CN(C)C(=O)CCCCCCCCNC(=O)[C@@](C)(Cc1ccccc1)NC(=O)[C@H](Cc2ccccc2)NC(=O)OC(C)(C)C,7.55
116,CHEMBL221145,COC(=O)N(NC(=O)c1c(OC)c(nc2cc(F)ccc12)c3ccccc3)c4ccccc4,7.55
117,CHEMBL3735225,CSCC[C@H](NC(=O)[C@H](CC(C)C)NC(=O)CNC(=O)[C@H](Cc1ccc(O)cc1)N(C)C(=O)[C@H](Cc2ccccc2)NC(=O)[C@H](CC(=O)O)NC(=O)CCC(=O)O)C(=O)N,7.55
118,CHEMBL298477,CSCC[C@H](NC(=O)[C@H](CC(C)C)NC(=O)CNC(=O)[C@H](Cc1ccccc1)NC(=O)[C@H](Cc2ccccc2)NC(=O)Cc3ccc(O)cc3)C(=O)N,7.55
119,CHEMBL1682638,CSc1ccc(CN(C)C(=O)C2(CC2CN3CCC(CC3)(NC(=O)C)c4ccccc4)c5ccc(Cl)c(Cl)c5)cc1,7.55
120,CHEMBL268042,CC(=O)C(NC(=O)c1cc(nc2ccccc12)c3ccccc3)c4ccccc4,7.56
121,CHEMBL3648216,C[C@]1(COc2ccc(Cl)cn2)CN(C[C@@H]1c3ccc(Cl)cc3)C(=O)C4CCN(CC4)c5ccc(cn5)C(F)(F)F,7.57
122,CHEMBL3648217,Cc1onc(n1)c2ccc(cc2)C(=O)N3C[C@H](c4ccc(Cl)cc4)[C@@](C)(COc5ccc(Cl)cn5)C3,7.58
123,CHEMBL53765,COC(=O)C(NC(=O)c1cc(nc2ccccc12)c3ccsc3)c4ccccc4,7.59
124,CHEMBL3288170,CN([C@H](Cc1ccccc1)C(=O)NCCCN)C(=O)[C@](C)(CCN2CCC3(CC2)OC(=O)N(C)c4ccc(F)cc34)c5ccc(Cl)c(Cl)c5.OC(=O)C(F)(F)F,7.6
125,CHEMBL280789,CS(=O)(=O)N1CC2(CCN(CCCC3(CCC(=O)N(Cc4ccccc4)C3)c5ccc(Cl)c(Cl)c5)CC2)c6ccccc16,7.6
126,CHEMBL3422006,C[C@H]1N(CCn2c1nnc2c3csc(n3)c4ccccc4)C(=O)c5ccc(F)cc5,7.6
127,CHEMBL3608680,C[C@H]1N(CCn2c1nnc2c3nc(C)ns3)C(=O)c4ccc(F)cc4,7.6
128,CHEMBL3422017,C[C@H]1N(CCn2c1nnc2c3onc(C)n3)C(=O)c4ccc(cc4)c5cccs5,7.6
129,CHEMBL3680205,CN([C@@H]1CN(C[C@@]1(C)c2ccc(Cl)cc2)C(=O)C3CCN(CC3)c4ccc(C)cn4)C(=O)Oc5ccc(F)cc5,7.61
130,CHEMBL3815065,CC[C@H](NC(=O)c1c(N=[N+]=[N-])c(nc2ccccc12)c3ccccc3)c4ccccc4,7.62
131,CHEMBL1682631,CN(Cc1cccc(Cl)c1)C(=O)C2(CC2CN3CCC(CC3)(NC(=O)C)c4ccccc4)c5ccc(Cl)c(Cl)c5,7.62
132,CHEMBL1682639,CN(Cc1cccc(Cl)c1Cl)C(=O)C2(CC2CN3CCC(CC3)(NC(=O)C)c4ccccc4)c5ccc(Cl)c(Cl)c5,7.62
133,CHEMBL221307,COC(=O)N(NC(=O)c1c(OC)c(nc2ccccc12)c3ccc(F)cc3)c4ccccc4,7.62
134,CHEMBL3735396,CSCC[C@H](NC(=O)[C@H](CC(C)C)NC(=O)CNC(=O)[C@H](Cc1ccccc1)N(C)C(=O)[C@H](Cc2ccccc2)NC(=O)[C@@H](CCC(=O)O)NC(=O)CCC(=O)O)C(=O)N,7.62
135,CHEMBL3648196,Cc1cc(cnn1)C(=O)N2C[C@H](c3ccc(Cl)cc3)[C@@](C)(COc4ccc(Cl)cn4)C2,7.62
136,CHEMBL1682642,CN(Cc1cc(Cl)cc(Cl)c1)C(=O)C2(CC2CN3CCC(CC3)(NC(=O)C)c4ccccc4)c5ccc(Cl)c(Cl)c5,7.64
137,CHEMBL3648206,CC(C)CN1CCC(CC1)C(=O)N2C[C@H](c3ccc(Cl)cc3)[C@@](C)(COc4ccc(Cl)cn4)C2,7.65
138,CHEMBL435313,CCC(=O)N(NC(=O)c1c(OC)c(nc2ccccc12)c3ccccc3)c4ccccc4,7.66
139,CHEMBL375640,COC(=O)N(NC(=O)c1c(OC)c(nc2ccccc12)c3cccc(F)c3)c4ccccc4,7.66
140,CHEMBL3680210,COc1ccc(nn1)N2CCC(CC2)C(=O)N3C[C@@H](N(C)C(=O)Oc4ccc(F)cc4)[C@@](C)(C3)c5ccc(Cl)cc5,7.67
141,CHEMBL3680179,CN(C(=O)Oc1ccc(F)cc1)[C@@]2(C)CN(C[C@@H]2c3ccc(Cl)cc3)C(=O)C4CCN(CC4)C5CCCCC5,7.7
142,CHEMBL1682626,CN(Cc1ccccc1Cl)C(=O)C2(CC2CN3CCC(CC3)(NC(=O)C)c4ccccc4)c5ccc(Cl)c(Cl)c5,7.7
143,CHEMBL3680209,CN([C@@H]1CN(C[C@@]1(C)c2ccc(Cl)cc2)C(=O)C3CCN(CC3)c4ccc(cn4)C(F)(F)F)C(=O)Oc5ccc(F)cc5,7.7
144,CHEMBL3288165,CNCCNC(=O)[C@@H](Cc1ccccc1)NC(=O)[C@](C)(CCN2CCC3(CC2)OC(=O)N(C)c4ccc(F)cc34)c5ccc(Cl)c(Cl)c5.OC(=O)C(F)(F)F,7.7
145,CHEMBL306952,CO\N=C(/CN(C)C(=O)c1cc(Cl)cc(Cl)c1)\[C@H](CCN2CCC(CC2)N3C(=O)N(C)c4ccccc34)c5ccc(Cl)c(Cl)c5,7.7
146,CHEMBL3422008,C[C@H]1N(CCn2c1nnc2c3cncc(C)n3)C(=O)c4ccc(cc4)c5cccs5,7.7
147,CHEMBL3422009,C[C@H]1N(CCn2c1nnc2c3csc(n3)c4ccc(F)cc4F)C(=O)c5ccc(cc5)c6cccs6,7.7
148,CHEMBL1760332,Fc1cccc(COc2ccccc2N3CCN(CC3)C(=O)c4cc(n[nH]4)c5ccc(Cl)cc5)c1,7.7
149,CHEMBL3648214,C[C@]1(COc2ccc(Cl)cn2)CN(C[C@@H]1c3ccc(Cl)cc3)C(=O)C4CCN(CC4)c5ccc(Cl)cn5,7.71
150,CHEMBL26860,CC(=O)C1(CCN(CCCC2(CCC(=O)N(Cc3ccccc3)C2)c4ccc(Cl)c(Cl)c4)CC1)c5ccccc5,7.72
151,CHEMBL346178,CN(C(=O)C)C1(CCN(CCC[C@@]2(CCCN(C2)C(=O)c3ccccc3)c4ccc(Cl)c(Cl)c4)CC1)c5ccccc5,7.73
152,CHEMBL9960,CC[C@H](NC(=O)c1cc(nc2ccccc12)c3ccccc3)c4ccccc4,7.75
153,CHEMBL1682627,CN(Cc1ccccc1F)C(=O)C2(CC2CN3CCC(CC3)(NC(=O)C)c4ccccc4)c5ccc(Cl)c(Cl)c5,7.75
154,CHEMBL47822,CNC(=O)CCCCCCCCNC(=O)[C@@](C)(Cc1ccccc1)NC(=O)[C@H](Cc2ccccc2)NC(=O)OC(C)(C)C,7.75
155,CHEMBL1682677,CN(C)C(=O)CCN1CCN(C[C@@H]2C[C@@]2(C(=O)N(C)Cc3ccc(F)cc3)c4ccc(Cl)c(Cl)c4)CC1,7.77
156,CHEMBL374438,COC(=O)N(NC(=O)c1c(CN2CCN(C)CC2)c(nc3ccccc13)c4ccccc4)c5ccccc5,7.77
157,CHEMBL426714,COC(=O)N(NC(=O)c1c(OC2CCN(CC2)C(C)(C)C)c(nc3ccccc13)c4ccccc4)c5ccccc5,7.77
158,CHEMBL2203704,C[C@H]1CN(CCN1S(=O)(=O)C)c2cc(c(cn2)N(C)C(=O)C(C)(C)c3cc(cc(c3)C(F)(F)F)C(F)(F)F)c4ccc(F)cc4C,7.79
159,CHEMBL47146,CC(C)[C@H](OC(=O)N[C@](C)(Cc1ccccc1F)C(=O)NCCCCCCCNC(=O)N)c2ccccc2,7.8
160,CHEMBL415968,CCCCc1c(nc2ccccc2c1C(=O)NC(CC)c3ccccc3)c4ccccc4,7.8
161,CHEMBL221197,CCN(NC(=O)c1c(OC)c(nc2ccccc12)c3ccccc3)c4ccccc4,7.8
162,CHEMBL479449,CC[C@H](NC(=O)c1c(N)c(nc2ccccc12)c3ccccc3F)c4ccccc4,7.8
163,CHEMBL2113683,CC[C@H](NC(=O)c1c(NC(=O)C)c(nc2ccccc12)c3ccccc3)c4ccccc4,7.8
164,CHEMBL1682640,CN(Cc1ccc(Cl)cc1Cl)C(=O)C2(CC2CN3CCC(CC3)(NC(=O)C)c4ccccc4)c5ccc(Cl)c(Cl)c5,7.8
165,CHEMBL3736185,CSCC[C@H](NC(=O)[C@H](CC(C)C)NC(=O)CNC(=O)[C@H](Cc1ccccc1)N(C)C(=O)[C@H](Cc2ccccc2)NC(=O)[C@@H](CC(=O)O)NC(=O)CCC(=O)O)C(=O)N,7.8
166,CHEMBL3422010,C[C@H]1N(CCn2c1nnc2c3csc(C)n3)C(=O)c4ccc(cc4)c5cccs5,7.8
167,CHEMBL10284,CC[C@H](NC(=O)c1c(C)c(nc2ccccc12)c3ccccc3)c4ccccc4,7.82
168,CHEMBL1083051,CN(C(=O)C(C)(C)c1cc(cc(c1)C(F)(F)F)C(F)(F)F)c2cnc(cc2c3ccccc3Cl)N4CCCC(O)C4,7.82
169,CHEMBL1682636,COc1ccc(CN(C)C(=O)C2(CC2CN3CCC(CC3)(NC(=O)C)c4ccccc4)c5ccc(Cl)c(Cl)c5)cc1,7.82
170,CHEMBL3648208,C[C@]1(COc2ccc(Cl)cn2)CN(C[C@@H]1c3ccc(Cl)cc3)C(=O)C4CCN(CC4)C5CCCCC5,7.82
171,CHEMBL3648209,Cc1ccc(nc1)N2CCC(CC2)C(=O)N3C[C@H](c4ccc(Cl)cc4)[C@@](C)(COc5ccc(Cl)cn5)C3,7.82
172,CHEMBL1682647,CN(Cc1ccsc1)C(=O)C2(CC2CN3CCC(CC3)(NC(=O)C)c4ccccc4)c5ccc(Cl)c(Cl)c5,7.85
173,CHEMBL1682629,COc1ccccc1CN(C)C(=O)C2(CC2CN3CCC(CC3)(NC(=O)C)c4ccccc4)c5ccc(Cl)c(Cl)c5,7.85
174,CHEMBL10512,CCCc1c(nc2ccccc2c1C(=O)NC(CC)c3ccccc3)c4ccccc4,7.86
175,CHEMBL10079,CC[C@@H](NC(=O)c1cc(nc2ccccc12)c3ccccc3)c4ccccc4,7.86
176,CHEMBL9643,COC(=O)[C@@H](NC(=O)c1cc(nc2ccccc12)c3ccccc3)c4ccccc4,7.88
177,CHEMBL3680185,CN(C(=O)Oc1ccc(F)cc1)[C@@]2(C)CN(C[C@@H]2c3ccc(Cl)cc3)C(=O)C4CCN(CC4)c5ccc(C)cn5,7.89
178,CHEMBL1682641,CN(Cc1ccc(Cl)c(Cl)c1)C(=O)C2(CC2CN3CCC(CC3)(NC(=O)C)c4ccccc4)c5ccc(Cl)c(Cl)c5,7.89
179,CHEMBL9843,COC(=O)[C@H](NC(=O)c1cc(nc2ccccc12)c3ccccc3)c4ccccc4,7.89
180,CHEMBL3680196,COc1ccc(nn1)N2CCC(CC2)C(=O)N3C[C@H](c4ccc(Cl)cc4)[C@](C)(C3)N(C)C(=O)Oc5ccc(F)cc5,7.89
181,CHEMBL3735159,CSCC[C@H](NC(=O)[C@H](CC(C)C)NC(=O)CNC(=O)[C@H](Cc1ccccc1)N(C)C(=O)[C@H](Cc2ccccc2)NC(=O)[C@H](CCC(=O)O)NC(=O)[C@@H](CC(=O)O)NC(=O)C)C(=O)N,7.89
182,CHEMBL1082735,CCN(CCO)c1cc(c(cn1)N(C)C(=O)C(C)(C)c2cc(cc(c2)C(F)(F)F)C(F)(F)F)c3ccccc3Cl,7.91
183,CHEMBL2203706,CN(C(=O)C(C)(C)c1cc(cc(c1)C(F)(F)F)C(F)(F)F)c2cnc(cc2c3ccc(F)cc3C)N4CC[C@H](O)C4,7.92
184,CHEMBL1682679,CN(Cc1ccc(F)cc1)C(=O)[C@]2(C[C@H]2CN3CCN(CC3)C(=O)CN4CCCC4)c5ccc(Cl)c(Cl)c5,7.92
185,CHEMBL1682630,CN(Cc1cccc(F)c1)C(=O)C2(CC2CN3CCC(CC3)(NC(=O)C)c4ccccc4)c5ccc(Cl)c(Cl)c5,7.92
186,CHEMBL1682671,CN(Cc1ccccc1)C(=O)[C@]2(C[C@H]2CN3CCC(CC3)(NC(=O)N)c4ccccc4)c5ccc(Cl)c(Cl)c5,7.92
187,CHEMBL218321,COC(=O)N(NC(=O)c1c(OC2CCN(CC2)C3CCOCC3)c(nc4ccccc14)c5ccccc5)c6ccccc6,7.92
188,CHEMBL75479,CO\N=C(/CN(C)C(=O)c1cc(Cl)cc(Cl)c1)\[C@H](CCN2CCC(CC2)N3CCCN(CC(=O)OCc4ccccc4)C3=O)c5ccc(Cl)c(Cl)c5,7.93
189,CHEMBL3680181,CN(C(=O)Oc1ccc(F)cc1)[C@@]2(C)CN(C[C@@H]2c3ccc(Cl)cc3)C(=O)C4CCN(CC4)C(=O)C,7.94
190,CHEMBL3680192,CN(C(=O)Oc1ccc(F)cc1)[C@@]2(C)CN(C[C@@H]2c3ccc(Cl)cc3)C(=O)C4CCN(CC4)c5ccc(cn5)C(F)(F)F,7.94
191,CHEMBL3648219,COc1ccc(nn1)N2CCC(CC2)C(=O)N3C[C@H](c4ccc(Cl)cc4)[C@@](C)(COc5ccc(Cl)cn5)C3,7.94
192,CHEMBL1086003,CN(C(=O)C(C)(C)c1cc(cc(c1)C(F)(F)F)C(F)(F)F)c2cnc(NCCO)cc2c3ccccc3Cl,7.95
193,CHEMBL3648213,C[C@]1(COc2ccc(Cl)cn2)CN(C[C@@H]1c3ccc(Cl)cc3)C(=O)C4CCN(CC4)c5ccc(F)cn5,7.95
194,CHEMBL75698,CCOC(=O)[C@@H](Cc1ccc(O)cc1)N2CCCN(C3CCN(CC[C@@H](\C(=N\OC)\CN(C)C(=O)c4cc(Cl)cc(Cl)c4)c5ccc(Cl)c(Cl)c5)CC3)C2=O,7.96
195,CHEMBL1682635,CN(Cc1ccc(Cl)cc1)C(=O)C2(CC2CN3CCC(CC3)(NC(=O)C)c4ccccc4)c5ccc(Cl)c(Cl)c5,7.96
196,CHEMBL375538,COC(=O)N(NC(=O)c1c(OC)c(nc2cccc(F)c12)c3ccccc3)c4ccccc4,7.96
197,CHEMBL385738,COC(=O)N(NC(=O)c1c(OCCN(C)C)c(nc2ccccc12)c3ccccc3)c4ccccc4,7.96
198,CHEMBL77042,CO\N=C(/CN(C)C(=O)c1cc(Cl)cc(Cl)c1)\[C@H](CCN2CCC(CC2)N3C(=O)N(CC(=O)O)c4ccccc34)c5ccc(Cl)c(Cl)c5,7.96
199,CHEMBL2113682,CC[C@H](NC(=O)c1c(NC(=O)CN(C)C)c(nc2ccccc12)c3ccccc3)c4ccccc4,7.97
200,CHEMBL3648205,CC(=O)N1CCC(CC1)C(=O)N2C[C@H](c3ccc(Cl)cc3)[C@@](C)(COc4ccc(Cl)cn4)C2,7.98
201,CHEMBL3680178,CC(C)C(=O)N1CCC(CC1)C(=O)N2C[C@H](c3ccc(Cl)cc3)[C@](C)(C2)N(C)C(=O)Oc4ccc(F)cc4,7.98
202,CHEMBL567198,CN(Cc1ccccc1Cl)C(=O)C(C)(CCN2CCC(CC2)N(C)C(=O)C)c3ccc(Cl)c(Cl)c3,7.98
203,CHEMBL3680199,CN([C@@H]1CN(C[C@@]1(C)c2ccc(Cl)cc2)C(=O)C3CCN(CC3)c4ccc(cc4)C#N)C(=O)Oc5ccc(F)cc5,7.98
204,CHEMBL276666,CCC(NC(=O)c1c(C)c(nc2ccccc12)c3ccccc3)c4ccccc4,8.0
205,CHEMBL3680190,CN(C(=O)Oc1ccc(F)cc1)[C@@]2(C)CN(C[C@@H]2c3ccc(Cl)cc3)C(=O)C4CCN(CC4)c5ccc(Cl)cn5,8.0
206,CHEMBL3680208,CN([C@@H]1CN(C[C@@]1(C)c2ccc(Cl)cc2)C(=O)C3CCN(CC3)c4ccc(Cl)cn4)C(=O)Oc5ccc(F)cc5,8.0
207,CHEMBL374067,COC(=O)N(NC(=O)c1c(N)c(nc2ccccc12)c3ccccc3)c4ccccc4,8.0
208,CHEMBL75422,CO\N=C(/CN(C)C(=O)c1cc(Cl)cc(Cl)c1)\[C@H](CCN2CCC(CC2)n3c(O)nc4ccccc34)c5ccc(Cl)c(Cl)c5,8.0
209,CHEMBL3734921,CSCC[C@H](NC(=O)[C@H](CC(C)C)NC(=O)CNC(=O)[C@H](Cc1ccccc1)N(C)C(=O)[C@H](Cc2ccccc2)NC(=O)[C@H](CC(=O)O)NC(=O)NO)C(=O)N,8.0
210,CHEMBL3735812,CSCC[C@H](NC(=O)[C@H](CC(C)C)NC(=O)CNC(=O)[C@H](Cc1ccccc1)N(C)C(=O)[C@H](Cc2ccccc2)NC(=O)[C@H](CCCC(=O)O)NC(=O)CCC(=O)O)C(=O)N,8.0
211,CHEMBL3422007,C[C@H]1N(CCn2c1nnc2c3cccc(C)n3)C(=O)c4ccc(cc4)c5cccs5,8.0
212,CHEMBL482006,Cc1c(nc2ccccc2c1C(=O)N[C@@H](C3CC3)c4ccccc4)c5cccc(F)c5,8.0
213,CHEMBL1277972,Nc1c(nc2ccccc2c1C(=O)NC(C3CC3)c4ccccc4)c5cccc(F)c5,8.0
214,CHEMBL480628,Nc1c(nc2ccccc2c1C(=O)N[C@@H](C3CC3)c4ccccc4)c5cccc(F)c5,8.0
215,CHEMBL339051,CNC(=O)C1(CCN(CC[C@H](CN(C)C(=O)c2c(OC)c(cc3ccccc23)C#N)c4ccc(Cl)c(Cl)c4)CC1)N5CCCCC5=O,8.03
216,CHEMBL3648207,CC(C)C(=O)N1CCC(CC1)C(=O)N2C[C@H](c3ccc(Cl)cc3)[C@@](C)(COc4ccc(Cl)cn4)C2,8.06
217,CHEMBL1682682,CN(Cc1ccc(F)cc1)C(=O)[C@]2(C[C@H]2CN3CCN(CC3)C(=O)CN4CCCCCC4)c5ccc(Cl)c(Cl)c5,8.06
218,CHEMBL219162,COC(=O)N(NC(=O)c1c(OC)c(nc2ccccc12)c3ccccc3)c4ccccc4,8.06
219,CHEMBL2113676,CC[C@H](NC(=O)c1c(OCCCN(C)C)c(nc2ccccc12)c3ccccc3)c4ccccc4,8.07
220,CHEMBL10188,CC[C@H](NC(=O)c1c(O)c(nc2ccccc12)c3ccccc3)c4ccccc4,8.08
221,CHEMBL1084522,CN(C(=O)C(C)(C)c1cc(cc(c1)C(F)(F)F)C(F)(F)F)c2cnc(cc2c3ccccc3Cl)N4CC[C@H](O)C4,8.08
222,CHEMBL221443,COC(=O)N(NC(=O)c1c(C)c(nc2ccccc12)c3ccccc3)c4ccccc4,8.08
223,CHEMBL3680207,CN([C@@H]1CN(C[C@@]1(C)c2ccc(Cl)cc2)C(=O)C3CCN(CC3)c4ccc(cn4)C(=O)C)C(=O)Oc5ccc(F)cc5,8.09
224,CHEMBL1277890,CCC(NC(=O)c1c(N)c(nc2ccccc12)c3ccc(F)cc3)c4ccccc4,8.1
225,CHEMBL479450,CC[C@H](NC(=O)c1c(N)c(nc2ccccc12)c3ccc(F)cc3)c4ccccc4,8.1
226,CHEMBL3288169,CN([C@H](Cc1ccccc1)C(=O)NCCN)C(=O)[C@](C)(CCN2CCC3(CC2)OC(=O)N(C)c4ccc(F)cc34)c5ccc(Cl)c(Cl)c5.OC(=O)C(F)(F)F,8.1
227,CHEMBL3736177,CSCC[C@H](NC(=O)[C@H](CC(C)C)NC(=O)CNC(=O)[C@H](Cc1ccccc1)N(C)C(=O)[C@H](Cc2ccccc2)NC(=O)[C@H](CC(=O)O)NC(=O)C(=O)N)C(=O)N,8.1
228,CHEMBL3422016,C[C@H]1N(CCn2c1nnc2c3nc(C)cs3)C(=O)c4ccc(cc4)c5cccs5,8.1
229,CHEMBL3608688,C[C@H]1N(CCn2c1nnc2c3nc(ns3)C(F)(F)F)C(=O)c4ccc(F)cc4,8.1
230,CHEMBL440465,Clc1ccc(cc1Cl)C2(CCCN3CCC(CC3)N4C(=O)Nc5ccccc45)CCCN(C2)C(=O)c6ccccc6,8.1
231,CHEMBL1084434,CN(C(=O)C(C)(C)c1cc(cc(c1)C(F)(F)F)C(F)(F)F)c2cnc(cc2c3ccccc3Cl)N4CCCC[C@H]4CO,8.11
232,CHEMBL1682673,CN(Cc1ccccc1)C(=O)[C@]2(C[C@H]2CN3CCC(CC3)(NS(=O)(=O)C)c4ccccc4)c5ccc(Cl)c(Cl)c5,8.11
233,CHEMBL3734940,CSCC[C@H](NC(=O)[C@H](CC(C)C)NC(=O)CNC(=O)[C@H](Cc1ccccc1)N(C)C(=O)[C@H](Cc2ccccc2)NC(=O)[C@H](CCC(=O)O)NC(=O)[C@H](CC(=O)O)NC(=O)C)C(=O)N,8.11
234,CHEMBL3680189,CN(C(=O)Oc1ccc(F)cc1)[C@@]2(C)CN(C[C@@H]2c3ccc(Cl)cc3)C(=O)C4CCN(CC4)c5ccc(F)cn5,8.12
235,CHEMBL1682680,CN(C)S(=O)(=O)N1CCN(C[C@@H]2C[C@@]2(C(=O)N(C)Cc3ccc(F)cc3)c4ccc(Cl)c(Cl)c4)CC1,8.12
236,CHEMBL1681797,CN(Cc1ccc(C)cc1)C(=O)C2(CC2CN3CCC(CC3)(NC(=O)C)c4ccccc4)c5ccc(Cl)c(Cl)c5,8.13
237,CHEMBL219330,COC(=O)N(NC(=O)c1c(CN2CCN(CC2)C(=O)C)c(nc3ccccc13)c4ccccc4)c5ccccc5,8.13
238,CHEMBL221016,COC(=O)N(NC(=O)c1c(OC)c(nc2ccccc12)c3ccccc3)c4cccc(F)c4,8.13
239,CHEMBL45340,CC(C)[C@H](OC(=O)N[C@](C)(Cc1cccc(F)c1F)C(=O)NCCCCCCCNC(=O)N)c2ccccc2,8.14
240,CHEMBL1083052,CN(C(=O)C(C)(C)c1cc(cc(c1)C(F)(F)F)C(F)(F)F)c2cnc(cc2c3ccccc3Cl)N4CCC[C@@H]4CO,8.14
241,CHEMBL1682662,CN(Cc1ccc(F)cc1)C(=O)[C@]2(C[C@H]2CN3CCC(CC3)(NC(=O)C)c4ccccc4)c5ccc(C)c(C)c5,8.14
242,CHEMBL1682678,CN(Cc1ccc(F)cc1)C(=O)[C@]2(C[C@H]2CN3CCN(CC3)C(=O)CN4CCCCC4)c5ccc(Cl)c(Cl)c5,8.14
243,CHEMBL3648198,C[C@]1(COc2ccc(Cl)cn2)CN(C[C@@H]1c3ccc(Cl)cc3)C(=O)N4CCN(CC4)C(=O)C5(C)CC5,8.14
244,CHEMBL10134,CCC(NC(=O)c1c(CC)c(nc2ccccc12)c3ccccc3)c4ccccc4,8.15
245,CHEMBL47275,CC[C@H](NC(=O)c1c(CN2CCCCC2)c(nc3ccccc13)c4ccccc4)c5ccccc5,8.16
246,CHEMBL1084771,CN(C(=O)C(C)(C)c1cc(cc(c1)C(F)(F)F)C(F)(F)F)c2cnc(cc2c3ccccc3Cl)N4CC[C@@H](O)C4,8.16
247,CHEMBL2113681,CC[C@H](NC(=O)c1c(OCCN2CCCC2)c(nc3ccccc13)c4ccccc4)c5ccccc5,8.17
248,CHEMBL26951,Clc1ccc(cc1Cl)C2(CCCN3CCC4(CC3)CN(NC4=O)c5ccccc5)CCCN(C2)C(=O)c6ccccc6,8.17
249,CHEMBL9645,CCC(NC(=O)c1c(OC)c(nc2ccccc12)c3ccccc3)c4ccccc4,8.2
250,CHEMBL2113677,CC[C@H](NC(=O)c1c(OCC(=O)N)c(nc2ccccc12)c3ccccc3)c4ccccc4,8.2
251,CHEMBL480248,CN(Cc1c(nc2ccccc2c1C(=O)N[C@@H](C3CC3)c4cccc(F)c4)c5cccc(F)c5)S(=O)(=O)C,8.2
252,CHEMBL1278150,Nc1c(nc2ccccc2c1C(=O)NC(C3CC3)c4cccc(F)c4)c5cccc(F)c5,8.2
253,CHEMBL519790,Nc1c(nc2ccccc2c1C(=O)N[C@@H](C3CC3)c4cccc(F)c4)c5cccc(F)c5,8.2
254,CHEMBL3813719,CC[C@H](NC(=O)c1c(O)c(nc2ccccc12)c3ccccc3O)c4ccccc4,8.22
255,CHEMBL1682667,CN(Cc1ccccc1)C(=O)[C@]2(C[C@H]2CN3CCC(CC3)(C(=O)N4CCCCC4)c5ccccc5)c6ccc(Cl)c(Cl)c6,8.22
256,CHEMBL3735210,CSCC[C@H](NC(=O)[C@H](CC(C)C)NC(=O)CNC(=O)[C@H](Cc1ccccc1)N(C)C(=O)[C@H](Cc2ccccc2)NC(=O)[C@H](CCC(=O)O)NC(=O)CCC(=O)O)C(=O)N,8.22
257,CHEMBL3648212,CC(=O)c1ccc(nc1)N2CCC(CC2)C(=O)N3C[C@H](c4ccc(Cl)cc4)[C@@](C)(COc5ccc(Cl)cn5)C3,8.23
258,CHEMBL1682624,CN(Cc1ccccc1)C(=O)[C@]2(C[C@H]2CN3CCC(CC3)(NC(=O)C)c4ccccc4)c5ccc(Cl)c(Cl)c5,8.23
259,CHEMBL1682643,COc1ccc(CN(C)C(=O)C2(CC2CN3CCC(CC3)(NC(=O)C)c4ccccc4)c5ccc(Cl)c(Cl)c5)c(OC)c1,8.23
260,CHEMBL2113678,CC[C@H](NC(=O)c1c(OCCN(C)C)c(nc2ccccc12)c3ccccc3)c4ccccc4,8.24
261,CHEMBL1682634,CN(Cc1ccc(F)cc1)C(=O)[C@]2(C[C@H]2CN3CCC(CC3)(NC(=O)C)c4ccccc4)c5ccc(Cl)c(Cl)c5,8.24
262,CHEMBL1682681,CN(Cc1ccc(F)cc1)C(=O)[C@]2(C[C@H]2CN3CCN(CC3)S(=O)(=O)N4CCCC4)c5ccc(Cl)c(Cl)c5,8.24
263,CHEMBL221444,COC(=O)N(NC(=O)c1c(CC2CCN(CC2)C3CCOCC3)c(nc4ccccc14)c5ccccc5)c6ccccc6,8.24
264,CHEMBL220803,COC(=O)N(NC(=O)c1c(CN2CCN(CC2)C(C)C)c(nc3c(F)cccc13)c4ccccc4)c5ccccc5,8.24
265,CHEMBL218639,COC(=O)N(NC(=O)c1c(CN2CCN(CC2)C(C)C)c(nc3ccccc13)c4ccccc4)c5ccccc5,8.24
266,CHEMBL3814787,CC[C@H](NC(=O)c1c(S)c(nc2ccccc12)c3ccccc3)c4ccccc4,8.25
267,CHEMBL1682670,CNC(=O)NC1(CCN(C[C@@H]2C[C@@]2(C(=O)N(C)Cc3ccccc3)c4ccc(Cl)c(Cl)c4)CC1)c5ccccc5,8.25
268,CHEMBL3735419,CSCC[C@H](NC(=O)[C@H](CC(C)C)NC(=O)CNC(=O)[C@H](Cc1ccccc1)N(C)C(=O)[C@H](Cc2ccccc2)NC(=O)[C@H](CC(=O)O)NS(=O)(=O)N)C(=O)N,8.25
269,CHEMBL10334,CC[C@@H](NC(=O)c1c(C)c(nc2ccccc12)c3ccccc3)c4ccccc4,8.26
270,CHEMBL1084525,CCCN(CCO)c1cc(c(cn1)N(C)C(=O)C(C)(C)c2cc(cc(c2)C(F)(F)F)C(F)(F)F)c3ccccc3Cl,8.27
271,CHEMBL275017,CC[C@@H](NC(=O)c1c(CC)c(nc2ccccc12)c3ccccc3)c4ccccc4,8.27
272,CHEMBL1277892,CCC(NC(=O)c1cc(nc2ccccc12)c3ccccc3)c4ccccn4,8.28
273,CHEMBL1682628,CN(Cc1ccccc1C)C(=O)C2(CC2CN3CCC(CC3)(NC(=O)C)c4ccccc4)c5ccc(Cl)c(Cl)c5,8.28
274,CHEMBL3680206,CN([C@@H]1CN(C[C@@]1(C)c2ccc(Cl)cc2)C(=O)C3CCN(CC3)c4ccc(cn4)C#N)C(=O)Oc5ccc(F)cc5,8.28
275,CHEMBL3680184,CN(C(=O)Oc1ccc(F)cc1)[C@@]2(C)CN(C[C@@H]2c3ccc(Cl)cc3)C(=O)C4CCN(CC4)C(=O)C5(C)CC5,8.3
276,CHEMBL1277971,Nc1c(nc2ccccc2c1C(=O)NC(C3CC3)c4ccccc4)c5ccccc5,8.3
277,CHEMBL1278059,Nc1c(nc2ccccc2c1C(=O)NC(C3CC3)c4ccccc4F)c5ccccc5,8.3
278,CHEMBL517689,Nc1c(nc2ccccc2c1C(=O)N[C@@H](C3CC3)c4ccccc4)c5ccccc5,8.3
279,CHEMBL517691,Nc1c(nc2ccccc2c1C(=O)N[C@@H](C3CC3)c4ccccc4F)c5ccccc5,8.3
280,CHEMBL47408,CC[C@H](NC(=O)c1c(CN2CCNCC2)c(nc3ccccc13)c4ccccc4)c5ccccc5,8.33
281,CHEMBL2113679,CC[C@H](NC(=O)c1c(OCCN)c(nc2ccccc12)c3ccccc3)c4ccccc4,8.33
282,CHEMBL1682637,CN(Cc1ccc(cc1)C(F)(F)F)C(=O)C2(CC2CN3CCC(CC3)(NC(=O)C)c4ccccc4)c5ccc(Cl)c(Cl)c5,8.34
283,CHEMBL47179,C[C@H](NC(=O)c1c(CN2CCOCC2)c(nc3ccccc13)c4ccccc4)C5CCCCC5,8.34
284,CHEMBL3680188,CN(C(=O)Oc1ccc(F)cc1)[C@@]2(C)CN(C[C@@H]2c3ccc(Cl)cc3)C(=O)C4CCN(CC4)c5ccc(cn5)C(=O)C,8.35
285,CHEMBL3648218,C[C@]1(COc2ccc(Cl)cn2)CN(C[C@@H]1c3ccc(Cl)cc3)C(=O)C4CCN(CC4)c5ccc(nc5)C#N,8.36
286,CHEMBL3648201,Cc1noc(n1)c2ccc(cc2)C(=O)N3C[C@H](c4ccc(Cl)cc4)[C@@](C)(COc5ccc(Cl)cn5)C3,8.37
287,CHEMBL1682666,CN(Cc1ccccc1)C(=O)[C@]2(C[C@H]2CN3CCC(CC3)(N(C)C(=O)C)c4ccccc4)c5ccc(Cl)c(Cl)c5,8.38
288,CHEMBL3736173,COC(=O)C(=O)N[C@@H](CC(=O)O)C(=O)N[C@@H](Cc1ccccc1)C(=O)N(C)[C@@H](Cc2ccccc2)C(=O)NCC(=O)N[C@@H](CC(C)C)C(=O)N[C@@H](CCSC)C(=O)N,8.39
289,CHEMBL218421,COC(=O)N(NC(=O)c1c(OC)c(nc2c(F)cccc12)c3ccccc3)c4ccccc4,8.39
290,CHEMBL3422014,CC(C)c1nc(cs1)c2nnc3[C@@H](C)N(CCn23)C(=O)c4ccc(cc4)c5cccs5,8.4
291,CHEMBL3422015,CC(C)c1occ(n1)c2nnc3[C@@H](C)N(CCn23)C(=O)c4ccc(cc4)c5cccs5,8.4
292,CHEMBL1277889,CCC(NC(=O)c1c(N)c(nc2ccccc12)c3cccc(F)c3)c4ccccc4,8.4
293,CHEMBL516441,CC[C@H](NC(=O)c1c(N)c(nc2ccccc12)c3cccc(F)c3)c4ccccc4,8.4
294,CHEMBL221445,COC(=O)N(NC(=O)c1c(CN2CCN(CC2)C(C)(C)C)c(nc3c(F)cccc13)c4ccccc4)c5ccccc5,8.4
295,CHEMBL3422018,C[C@H]1N(CCn2c1nnc2c3nc(C)ns3)C(=O)c4ccc(cc4)c5cccs5,8.4
296,CHEMBL3813763,CC[C@H](NC(=O)c1c(NS(=O)(=O)C)c(nc2ccccc12)c3ccccc3O)c4ccccc4,8.41
297,CHEMBL3680187,CN(C(=O)Oc1ccc(F)cc1)[C@@]2(C)CN(C[C@@H]2c3ccc(Cl)cc3)C(=O)C4CCN(CC4)c5ccc(cc5)C#N,8.42
298,CHEMBL1682675,CN(Cc1ccc(F)cc1)C(=O)[C@]2(C[C@H]2CN3CCN(CCN4CCOCC4)CC3)c5ccc(Cl)c(Cl)c5,8.43
299,CHEMBL3648210,C[C@]1(COc2ccc(Cl)cn2)CN(C[C@@H]1c3ccc(Cl)cc3)C(=O)C4CCN(CC4)c5ccc(cn5)C#N,8.43
300,CHEMBL1682672,CN(Cc1ccccc1)C(=O)[C@]2(C[C@H]2CN3CCC(CC3)(N(C)C(=O)C(=O)N)c4ccccc4)c5ccc(Cl)c(Cl)c5,8.44
301,CHEMBL3735963,CSCC[C@H](NC(=O)[C@H](CC(C)C)NC(=O)CNC(=O)[C@H](Cc1ccccc1)N(C)C(=O)[C@H](Cc2ccccc2)NC(=O)[C@H](CC(=O)O)NC(=O)C(=O)O)C(=O)N,8.44
302,CHEMBL375639,COC(=O)N(NC(=O)c1c(CN2CCN(CC2)C3(C)CCOCC3)c(nc4c(F)cccc14)c5ccccc5)c6ccccc6,8.46
303,CHEMBL375638,COC(=O)N(NC(=O)c1c(CN2CCN(CC2)C3CCOCC3)c(nc4c(F)cccc14)c5ccccc5)c6ccccc6,8.46
304,CHEMBL3735306,CSCC[C@H](NC(=O)[C@H](CC(C)C)NC(=O)CNC(=O)[C@H](Cc1ccccc1)N(C)C(=O)[C@H](Cc2ccccc2)NC(=O)[C@@H](CC(=O)O)NC(=O)C(=O)O)C(=O)N,8.46
305,CHEMBL47412,C[C@H](NC(=O)c1c(CN2CCNCC2)c(nc3ccccc13)c4ccccc4)C5CCCCC5,8.47
306,CHEMBL295059,CC(C)[C@H](NC(=O)c1c(CN(C)C)c(nc2ccccc12)c3ccccc3)c4ccccc4,8.48
307,CHEMBL1682674,CN(Cc1ccc(F)cc1)C(=O)[C@]2(C[C@H]2CN3CCN(CC3)C(=O)CN4CCOCC4)c5ccc(Cl)c(Cl)c5,8.48
308,CHEMBL220963,COC(=O)N(NC(=O)c1c(CN2CCN(CC2)C3CCOCC3)c(nc4ccccc14)c5ccccc5)c6ccccc6,8.48
309,CHEMBL76823,CO\N=C(/CN(C)C(=O)c1cc(Cl)cc(Cl)c1)\[C@H](CCN2CCC(CC2)N3CCCN(Cc4ccsc4)C3=O)c5ccc(Cl)c(Cl)c5,8.5
310,CHEMBL1278058,Nc1c(nc2ccccc2c1C(=O)NC(C3CC3)c4cccc(F)c4)c5ccccc5,8.5
311,CHEMBL479652,Nc1c(nc2ccccc2c1C(=O)N[C@@H](C3CC3)c4cccc(F)c4)c5ccccc5,8.5
312,CHEMBL567849,CN(Cc1ccc(F)c(c1)C(F)(F)F)C(=O)C(C)(CCN2CCC(CC2)N(C)C(=O)C)c3ccc(Cl)c(Cl)c3,8.51
313,CHEMBL2203703,CN(C(=O)C(C)(C)c1cc(cc(c1)C(F)(F)F)C(F)(F)F)c2cnc(cc2c3ccc(F)cc3C)N4CC[C@H](O)[C@H]4CO,8.54
314,CHEMBL1082415,CN(CCO)c1cc(c(cn1)N(C)C(=O)C(C)(C)c2cc(cc(c2)C(F)(F)F)C(F)(F)F)c3ccccc3Cl,8.54
315,CHEMBL3680195,CN(C(=O)Oc1ccc(F)cc1)[C@@]2(C)CN(C[C@@H]2c3ccc(Cl)cc3)C(=O)C4CCN(CC4)c5ccc(nc5)C#N,8.55
316,CHEMBL1682669,CN(C)C(=O)NC1(CCN(C[C@@H]2C[C@@]2(C(=O)N(C)Cc3ccccc3)c4ccc(Cl)c(Cl)c4)CC1)c5ccccc5,8.55
317,CHEMBL26831,Clc1ccc(cc1Cl)C2(CCCN3CCC4(CC3)CCc5ccccc45)CCCN(C2)C(=O)c6ccccc6,8.59
318,CHEMBL275544,CCC(NC(=O)c1c(O)c(nc2ccccc12)c3ccccc3)c4ccccc4,8.6
319,CHEMBL3288167,CN1C(=O)OC2(CCN(CC[C@@](C)(C(=O)N[C@H](Cc3ccccc3)C(=O)NCCO)c4ccc(Cl)c(Cl)c4)CC2)c5cc(F)ccc15,8.6
320,CHEMBL274629,CC[C@@H](NC(=O)c1c(OCC(=O)N(C)C)c(nc2ccccc12)c3ccccc3)c4ccccc4,8.62
321,CHEMBL2203708,CN(C(=O)C(C)(C)c1cc(cc(c1)C(F)(F)F)C(F)(F)F)c2cnc(cc2c3ccc(F)cc3C)N4CCN(CC4)S(=O)(=O)C,8.62
322,CHEMBL447955,C[C@@H](O[C@H]1CC[C@@H]2CN(C[C@H]2[C@@H]1c3ccc(F)cc3)C4=CC(=O)CC4)c5cc(cc(c5)C(F)(F)F)C(F)(F)F,8.62
323,CHEMBL3648211,C[C@]1(COc2ccc(Cl)cn2)CN(C[C@@H]1c3ccc(Cl)cc3)C(=O)C4CCN(CC4)c5ccc(cc5)C#N,8.64
324,CHEMBL10162,CC[C@@H](NC(=O)c1c(CN(C)C)c(nc2ccccc12)c3ccccc3)c4ccccc4,8.66
325,CHEMBL10303,CC[C@@H](NC(=O)c1c(OCC(=O)O)c(nc2ccccc12)c3ccccc3)c4ccccc4,8.66
326,CHEMBL44722,CC[C@H](NC(=O)c1c(CN(C)C)c(nc2ccccc12)c3ccccc3)c4ccccc4,8.66
327,CHEMBL307733,CO\N=C(/CN(C)C(=O)c1cc(Cl)cc(Cl)c1)\[C@H](CCN2CCC(CC2)N3CCCN(Cc4cocc4)C3=O)c5ccc(Cl)c(Cl)c5,8.66
328,CHEMBL3680186,CN(C(=O)Oc1ccc(F)cc1)[C@@]2(C)CN(C[C@@H]2c3ccc(Cl)cc3)C(=O)C4CCN(CC4)c5ccc(cn5)C#N,8.68
329,CHEMBL1277808,CCC(NC(=O)c1c(N)c(nc2ccccc12)c3ccccc3)c4ccccc4,8.7
330,CHEMBL2113680,CCOC(=O)COc1c(nc2ccccc2c1C(=O)N[C@@H](CC)c3ccccc3)c4ccccc4,8.7
331,CHEMBL480818,CC[C@H](NC(=O)c1c(N)c(nc2ccccc12)c3ccccc3)c4ccccc4,8.7
332,CHEMBL221237,COC(=O)N(NC(=O)c1c(CN2CCN(CC2)C3CCCCC3)c(nc4ccccc14)c5ccccc5)c6ccccc6,8.7
333,CHEMBL307498,CO\N=C(/CN(C)C(=O)c1cc(Cl)cc(Cl)c1)\[C@H](CCN2CCC(CC2)N3CCCN(Cc4nn[nH]n4)C3=O)c5ccc(Cl)c(Cl)c5,8.7
334,CHEMBL47775,CC(C)N1CCN(Cc2c(nc3ccccc3c2C(=O)N[C@@H](C)C4CCCCC4)c5ccccc5)CC1,8.72
335,CHEMBL1682683,CN(C)S(=O)(=O)N1CCN(CC1)C2CN(C[C@@H]3C[C@@]3(C(=O)N(C)Cc4ccc(F)cc4)c5ccc(Cl)c(Cl)c5)C2,8.72
336,CHEMBL221238,COC(=O)N(NC(=O)c1c(CN2CCN(CC2)C3CCSCC3)c(nc4ccccc14)c5ccccc5)c6ccccc6,8.72
337,CHEMBL47713,CC[C@H](NC(=O)c1c(CN2CCN(CC2)C(C)C)c(nc3ccccc13)c4ccccc4)c5ccccc5,8.75
338,CHEMBL2113673,CC[C@H](NC(=O)c1c(OC)c(nc2ccccc12)c3ccccc3)c4ccccc4,8.75
339,CHEMBL1682676,CN(Cc1ccc(F)cc1)C(=O)[C@]2(C[C@H]2CN3CCN(CC(=O)N4CCCC4)CC3)c5ccc(Cl)c(Cl)c5,8.75
340,CHEMBL47739,C[C@H](NC(=O)c1c(CN2CCC(CC2)N3CCCCC3)c(nc4ccccc14)c5ccccc5)C6CCCCC6,8.77
341,CHEMBL3545233,CC[C@H](NC(=O)c1c(NS(=O)(=O)C)c(nc2ccccc12)c3ccccc3)c4ccccc4,8.8
342,CHEMBL480249,CN(Cc1c(nc2ccccc2c1C(=O)N[C@@H](C3CC3)c4ccccc4)c5ccccc5)S(=O)(=O)C,8.8
343,CHEMBL374307,COC(=O)N(NC(=O)c1c(CN2CCN(Cc3ccccc3)CC2)c(nc4ccccc14)c5ccccc5)c6ccccc6,8.8
344,CHEMBL27463,CC(=O)C1(CCN(CCCC2(CCCN(C2)C(=O)c3ccccc3)c4ccc(Cl)c(Cl)c4)CC1)c5ccccc5,8.82
345,CHEMBL429615,CC[C@@H](NC(=O)c1c(OCCO)c(nc2ccccc12)c3ccccc3)c4ccccc4,8.82
346,CHEMBL47544,CC[C@H](NC(=O)c1c(CN2CCC(CC2)N3CCCCC3)c(nc4ccccc14)c5ccccc5)c6ccccc6,8.82
347,CHEMBL2203705,CN(C(=O)C(C)(C)c1cc(cc(c1)C(F)(F)F)C(F)(F)F)c2cnc(cc2c3ccc(F)cc3C)N4CCC[C@H]4CO,8.82
348,CHEMBL375419,COC(=O)N(NC(=O)c1c(CN2CCN(CC2)C3(C)CCCCC3)c(nc4c(F)cccc14)c5ccccc5)c6ccccc6,8.82
349,CHEMBL1682668,COC(=O)NC1(CCN(C[C@@H]2C[C@@]2(C(=O)N(C)Cc3ccccc3)c4ccc(Cl)c(Cl)c4)CC1)c5ccccc5,8.82
350,CHEMBL1084436,CN(C(=O)C(C)(C)c1cc(cc(c1)C(F)(F)F)C(F)(F)F)c2cnc(cc2c3ccccc3Cl)N4C[C@@H](O)C[C@H]4CO,8.83
351,CHEMBL45961,CC(C)C(=O)N1CCN(Cc2c(nc3ccccc3c2C(=O)N[C@@H](C)C4CCCCC4)c5ccccc5)CC1,8.85
352,CHEMBL430118,CC[C@@H](NC(=O)c1c(O)c(nc2ccccc12)c3ccccc3)c4ccccc4,8.85
353,CHEMBL3736089,CSCC[C@H](NC(=O)[C@H](CC(C)C)NC(=O)CNC(=O)[C@H](Cc1ccccc1)N(C)C(=O)[C@H](Cc2ccccc2)NC(=O)[C@H](CCCC(=O)O)NC(=O)C(=O)O)C(=O)N,8.85
354,CHEMBL310334,CNC(=O)CN1CCCN(C2CCN(CC[C@@H](\C(=N\OC)\CN(C)C(=O)c3cc(Cl)cc(Cl)c3)c4ccc(Cl)c(Cl)c4)CC2)C1=O,8.89
355,CHEMBL519770,CC[C@H](NC(=O)c1c(CN(C)S(=O)(=O)C)c(nc2ccccc12)c3cccc(F)c3)c4ccccc4,8.9
356,CHEMBL521416,CC[C@H](NC(=O)c1c(CN(C)S(=O)(=O)C)c(nc2ccccc12)c3ccccc3)c4cccc(F)c4,8.9
357,CHEMBL296857,CC(C)[C@H](NC(=O)c1c(CN2CCN(CC2)C(C)C)c(nc3ccccc13)c4ccccc4)c5ccccc5,8.92
358,CHEMBL10224,CC[C@@H](NC(=O)c1c(N)c(nc2ccccc12)c3ccccc3)c4ccccc4,8.92
359,CHEMBL33868,CC[C@H](NC(=O)c1c(CN2CCN(CC2)C3CCCCC3)c(nc4ccccc14)c5ccccc5)c6ccccc6,8.92
360,CHEMBL2203707,CN(C(=O)C(C)(C)c1cc(cc(c1)C(F)(F)F)C(F)(F)F)c2cnc(cc2c3ccc(F)cc3C)N4CCN(C[C@H]4CO)S(=O)(=O)C,8.92
361,CHEMBL281481,CS(=O)(=O)N1CC2(CCN(CCCC3(CCCN(C3)C(=O)c4ccccc4)c5ccc(Cl)c(Cl)c5)CC2)c6ccccc16,8.92
362,CHEMBL1084437,CN(C(=O)C(C)(C)c1cc(cc(c1)C(F)(F)F)C(F)(F)F)c2cnc(cc2c3ccccc3Cl)N4C[C@H](O)C[C@H]4CO,8.95
363,CHEMBL479463,CN(Cc1c(nc2ccccc2c1C(=O)N[C@@H](C3CC3)c4cccc(F)c4)c5ccccc5)S(=O)(=O)C,9.0
364,CHEMBL1084165,CN(C(=O)C(C)(C)c1cc(cc(c1)C(F)(F)F)C(F)(F)F)c2cnc(cc2c3ccccc3Cl)N(CCO)CCCO,9.02
365,CHEMBL1082737,CN(C(=O)C(C)(C)c1cc(cc(c1)C(F)(F)F)C(F)(F)F)c2cnc(cc2c3ccccc3Cl)N(CCO)CCO,9.04
366,CHEMBL1084439,CN(C(=O)C(C)(C)c1cc(cc(c1)C(F)(F)F)C(F)(F)F)c2cnc(cc2c3ccccc3Cl)N4CC[C@H](O)[C@H]4CO,9.04
367,CHEMBL374354,COc1c(C(=O)NN(c2ccccc2)c3ccccc3)c4ccccc4nc1c5ccccc5,9.07
368,CHEMBL565894,CN(Cc1ccc(F)c(c1)C(F)(F)F)C(=O)C(C)(CCN2CCC(CC2)N3CCCC3=O)c4ccc(Cl)c(Cl)c4,9.1
369,CHEMBL75598,CO\N=C(/CN(C)C(=O)c1cc(Cl)cc(Cl)c1)\[C@H](CCN2CCC(CC2)N3CCCN(C)C3=O)c4ccc(Cl)c(Cl)c4,9.1
370,CHEMBL76580,CO\N=C(/CN(C)C(=O)c1cc(Cl)cc(Cl)c1)\[C@H](CCN2CCC(CC2)N3CCCN(Cc4ccccn4)C3=O)c5ccc(Cl)c(Cl)c5,9.1
371,CHEMBL45129,C[C@H](NC(=O)c1c(CN2CCC(CC2)N3CCOCC3)c(nc4ccccc14)c5ccccc5)C6CCCCC6,9.1
372,CHEMBL1084523,CN(C(=O)C(C)(C)c1cc(cc(c1)C(F)(F)F)C(F)(F)F)c2cnc(cc2c3ccccc3Cl)N4CCC[C@H]4CO,9.13
373,CHEMBL222078,COC(=O)N(NC(=O)c1c(CN2CCN(CC2)S(=O)(=O)c3ccccc3)c(nc4ccccc14)c5ccccc5)c6ccccc6,9.14
374,CHEMBL78132,CO\N=C(/CN(C)C(=O)c1cc(Cl)cc(Cl)c1)\[C@H](CCN2CCC(CC2)N3CCCN(O)C3=O)c4ccc(Cl)c(Cl)c4,9.16
375,CHEMBL76437,CO\N=C(/CN(C)C(=O)c1cc(Cl)cc(Cl)c1)\[C@H](CCN2CCC(CC2)N3CCCN(C(C)C)C3=O)c4ccc(Cl)c(Cl)c4,9.22
376,CHEMBL3736361,CSCC[C@H](NC(=O)[C@H](CC(C)C)NC(=O)CNC(=O)[C@H](Cc1ccccc1)N(C)C(=O)[C@H](Cc2ccccc2)NC(=O)[C@@H](CCC(=O)O)NC(=O)C(=O)O)C(=O)N,9.29
377,CHEMBL3104785,CCCN(C1CCN(CCC(C)(C(=O)N[C@@H](CO)c2ccc(F)cc2)c3ccc(Cl)c(Cl)c3)CC1)C(=O)C,9.3
378,CHEMBL76965,CO\N=C(/CN(C)C(=O)c1cc(Cl)cc(Cl)c1)\[C@H](CCN2CCC(CC2)N3CCCN(C3=O)c4ccccn4)c5ccc(Cl)c(Cl)c5,9.3
379,CHEMBL404599,CO\N=C(/CN(C)C(=O)c1cc(Cl)cc(Cl)c1)\[C@H](CCN2CCC(CC2)N3CCCN(CC(=N)NO)C3=O)c4ccc(Cl)c(Cl)c4,9.3
380,CHEMBL310273,CO\N=C(/CN(C)C(=O)c1cc(Cl)cc(Cl)c1)\[C@H](CCN2CCC(CC2)N3CCCN(CC(C)(C)O)C3=O)c4ccc(Cl)c(Cl)c4,9.3
381,CHEMBL451235,CO\N=C(/CN(C)C(=O)c1cc(Cl)cc(Cl)c1)\[C@H](CCN2CCC(CC2)N3CCCN(N4CCOCC4)C3=O)c5ccc(Cl)c(Cl)c5,9.3
382,CHEMBL3734811,CSCC[C@H](NC(=O)[C@H](CC(C)C)NC(=O)CNC(=O)[C@H](Cc1ccccc1)N(C)C(=O)[C@H](Cc2ccccc2)NC(=O)[C@H](CCC(=O)O)NC(=O)C(=O)O)C(=O)N,9.37
383,CHEMBL3104783,CN(Cc1ccc(Cl)cc1)C(=O)[C@@H](CCN2CCC3(CC2)OC(=O)N(C)c4ccc(F)cc34)c5ccc(Cl)c(Cl)c5,9.4
384,CHEMBL78284,CO\N=C(/CN(C)C(=O)c1cc(Cl)cc(Cl)c1)\[C@H](CCN2CCC(CC2)N3CCCN(CC(=O)N)C3=O)c4ccc(Cl)c(Cl)c4,9.4
385,CHEMBL80355,CO\N=C(/CN(C)C(=O)c1cc(Cl)cc(Cl)c1)\[C@H](CCN2CCC(CC2)N3CCCN(CCNS(=O)(=O)C)C3=O)c4ccc(Cl)c(Cl)c4,9.4
386,CHEMBL77023,CNC(=O)C[C@H]1CCCN(C2CCN(CC[C@@H](\C(=N\OC)\CN(C)C(=O)c3cc(Cl)cc(Cl)c3)c4ccc(Cl)c(Cl)c4)CC2)C1=O,9.52
387,CHEMBL74956,CO\N=C(/CN(C)C(=O)c1cc(Cl)cc(Cl)c1)\[C@H](CCN2CCC(CC2)N3CCCN(C3=O)C(C)(C)C(=O)N)c4ccc(Cl)c(Cl)c4,9.52
388,CHEMBL263243,CO\N=C(/CN(C)C(=O)c1cc(Cl)cc(Cl)c1)\[C@H](CCN2CCC(CC2)N3CCCN([C@H](CO)C(=O)N)C3=O)c4ccc(Cl)c(Cl)c4,9.52
389,CHEMBL2311148,[3H]c1cccc(c1)C2(CCN(CCC[C@@]3(CCCN(C3)C(=O)c4ccccc4)c5ccc(Cl)c(Cl)c5)CC2)N(C)C(=O)C,9.7
390,CHEMBL3736227,CSCC[C@H](NC(=O)[C@H](CC(C)C)NC(=O)CNC(=O)[C@H](C(C)C)N(C)C(=O)[C@H](Cc1ccccc1)NC(=O)[C@H](CC(=O)O)NC(=O)CCC(=O)O)C(=O)N,10.19
391,CHEMBL3736313,CSCC[C@H](NC(=O)[C@H](CC(C)C)NC(=O)CNC(=O)[C@H](Cc1ccccc1)N(C)C(=O)[C@H](Cc2ccccc2)NC(=O)[C@H](CC(=O)O)NC(=O)[C@@H](N)CC(=O)O)C(=O)N,10.2
392,CHEMBL3734892,CSCC[C@H](NC(=O)[C@H](CC(C)C)NC(=O)CNC(=O)[C@H](Cc1c[nH]c2ccccc12)N(C)C(=O)[C@H](Cc3ccccc3)NC(=O)[C@H](CC(=O)O)NC(=O)CCC(=O)O)C(=O)N,10.48
13,CHEMBL297252,CC(C)(C)OC(=O)N[C@@H](Cc1ccccc1)C(=O)NC(C)(Cc2ccccc2)C(=O)NCCCCc3ccccc3,6.79
14,CHEMBL410291,CC(C)(C)OC(=O)N[C@@H](Cc1ccccc1)C(=O)NC(C)(Cc2ccccc2)C(=O)N,5.82
15,CHEMBL44991,CC(C)(C)OC(=O)N[C@@H](Cc1ccccc1)C(=O)NC(C)(Cc2ccccc2)C(=O)NCc3ccc(O)cc3,6.37
16,CHEMBL43720,CC(C)(C)OC(=O)N[C@@H](Cc1ccccc1)C(=O)NC(C)(Cc2ccccc2)C(=O)NCc3ccccc3,5.97
17,CHEMBL296275,CCCCCCCCCNC(=O)C(C)(Cc1ccccc1)NC(=O)[C@H](Cc2ccccc2)NC(=O)OC(C)(C)C,6.36
21,CHEMBL437797,CSCC[C@H](NC(=O)[C@H](CC(C)C)NC(=O)CNC(=O)[C@@H](NC(=O)[C@H](Cc1ccccc1)NC(=O)[C@H](Cc2ccccc2)NC(=O)[C@H](CC(=O)O)NC(=O)[C@H](Cc3c[nH]cn3)NC(=O)[C@H](CCSC)NC(=O)[C@@H](N)CC(=O)O)C(C)C)C(=O)N,8.01
24,CHEMBL296676,CC(C)C(OC(=O)N[C@](C)(Cc1c[nH]c2ccccc12)C(=O)N[C@@H](C)c3ccccc3)c4ccccc4,5.92
29,CHEMBL47778,CC(C)(C)OC(=O)N[C@H](Cc1ccccc1)C(=O)N[C@@](C)(Cc2ccccc2)C(=O)N,5.83
30,CHEMBL296983,CC(C)[C@@H](OC(=O)N[C@](C)(Cc1ccccc1)C(=O)NCCCCCCCCO)c2ccccc2,6.46
31,CHEMBL296258,CC(C)(C)OC(=O)N[C@@H](Cc1ccccc1)C(=O)NC(C)(Cc2ccccc2)C(=O)NCCCCCCCC(=O)O,6.64
32,CHEMBL44229,CC(C)[C@H](OC(=O)N[C@@](C)(Cc1cccc(F)c1F)C(=O)NCCCCCCCNC(=O)N)c2ccccc2,5.85
36,CHEMBL48784,CC(Cc1ccccc1)(NC(=O)[C@@H](Cc2ccccc2)NC(=O)Cc3ccc(O)cc3)C(=O)N,5.23
37,CHEMBL48020,CC(C)(C)OC(=O)N[C@@H](Cc1ccccc1)C(=O)NC(C)(Cc2ccccc2)C(=O)NCCCCCCCCCO,6.98
38,CHEMBL2372739,CSCC[C@@H](NC(=O)[C@H](CC(C)C)NC(=O)CNC(=O)[C@H](Cc1ccccc1)NC(=O)[C@H](Cc2ccccc2)NC(=O)Cc3ccc(O)cc3)C(=O)N,6.95
47,CHEMBL430576,CC(C)(C)OC(=O)N[C@@H](Cc1ccccc1)C(=O)N[C@@](C)(Cc2ccccc2)C(=O)NCCCCCCCCO,5.77
48,CHEMBL46819,CC(C)(C)OC(=O)N[C@@H](Cc1ccccc1)C(=O)NC(Cc2ccccc2)C(=O)NCCCCCCCCO,5.37
52,CHEMBL296524,CC(C)(C)OC(=O)N[C@@H](Cc1ccccc1)C(=O)N[C@](C)(Cc2ccccc2)C(=O)NCCc3ccccc3OCC(=O)N,6.92
53,CHEMBL297777,CC(C)(C)OC(=O)N[C@@H](Cc1ccccc1)C(=O)N[C@@H](Cc2ccc(O)cc2)C(=O)N,5.06
55,CHEMBL3144346,CC(C)CCC(=O)N[C@@H](Cc1ccccc1)C(=O)N[C@@H](Cc2c[nH]c3ccccc23)C(=O)N,5.49
56,CHEMBL296858,CC(C)(C)OC(=O)N[C@@H](Cc1ccccc1)C(=O)N[C@@](C)(Cc2ccccc2)C(=O)N,5.74
57,CHEMBL44214,CC(C)(C)OC(=O)N[C@@H](Cc1ccccc1)C(=O)N[C@@H](Cc2c[nH]c3ccccc23)C(=O)N,5.02
58,CHEMBL296210,CC(C)(C)OC(=O)N[C@@H](Cc1ccccc1)C(=O)NC(C)(Cc2ccccc2)C(=O)NCCCCCCCO,6.96
60,CHEMBL3144344,CC(C)CCC(=O)N[C@@H](Cc1c[nH]c2ccccc12)C(=O)N[C@@H](Cc3c[nH]c4ccccc34)C(=O)N,5.75
61,CHEMBL33650,CC(C)(C)OC(=O)N[C@@H](Cc1ccccc1)C(=O)N[C@@H](Cc2ccccc2)C(=O)N,5.81
62,CHEMBL95489,Clc1ccc(cc1)C(N2CCN(CC2)C(=O)\C=C\c3ccccc3)c4ccccc4,4.22
63,CHEMBL32301,CC(C)(C)OC(=O)N[C@@H](Cc1c[nH]c2ccccc12)C(=O)N[C@@H](Cc3ccccc3)C(=O)N,5.68
70,CHEMBL298185,COC(=O)C(NC(=O)c1cc(nc2ccccc12)c3ccccc3O)c4ccccc4,6.19
71,CHEMBL53884,COC(=O)C(NC(=O)c1cc(cc2ccccc12)c3ccccc3)c4ccccc4,5.92
73,CHEMBL52496,COC(=O)C(NC(=O)c1cc(nc2ccccc12)c3ccc(O)cc3)c4ccccc4,6.31
74,CHEMBL432321,COc1ccc2c(NCc3ccccc3)cc(nc2c1)c4ccccc4,4.99
75,CHEMBL53433,COC(=O)C(NC(=O)c1cc(nc2ccccc12)c3ccc(Cl)cc3)c4ccccc4,6.09
76,CHEMBL51552,COC(=O)C(NC(=O)c1cc(nc2ccccc12)c3ccccc3)c4cccs4,6.75
77,CHEMBL52537,COC(=O)C(NC(=O)c1cc(nc2ccccc12)c3ccccc3C)c4ccccc4,5.91
78,CHEMBL300249,COC(=O)C(NC(=O)c1cc(nc2ccccc12)C3CCCCC3)c4ccccc4,6.88
81,CHEMBL295270,COC(=O)C(Cc1ccccc1)NC(=O)c2cc(nc3ccccc23)c4ccccc4,5.94
82,CHEMBL50742,COc1ccc2c(cc(nc2c1)c3ccccc3)C(=O)NCCc4ccccc4,6.04
85,CHEMBL53356,COC(=O)C(NC(=O)c1nc(nc2ccccc12)c3ccccc3)c4ccccc4,6.05
86,CHEMBL53699,COc1ccc2c(cc(nc2c1)c3ccccc3)C(=O)Nc4ccccc4,5.78
87,CHEMBL51352,O=C(NCc1ccccc1)c2cc(nc3ccccc23)c4ccccc4,6.45
88,CHEMBL53719,COC(=O)C(NC(=O)c1cc(nc2ccccc12)c3oc4ccccc4c3)c5ccccc5,6.42
92,CHEMBL50346,COc1ccc2c(CNCc3ccccc3)cc(nc2c1)c4ccccc4,5.21
94,CHEMBL50453,COC(=O)[C@H](NC(=O)c1cc(nc2ccccc12)c3ccccc3)c4ccc(O)cc4,5.72
95,CHEMBL52960,COC(=O)C(NC(=O)c1cc(nc2ccccc12)c3ccc(OC)cc3)c4ccccc4,5.73
97,CHEMBL301278,COC(=O)C(NC(=O)c1c2CCc3ccccc3c2nc4ccccc14)c5ccccc5,6.63
98,CHEMBL300869,COC(=O)C(N(C)C(=O)c1cc(nc2ccccc12)c3ccccc3)c4ccccc4,5.97
99,CHEMBL50291,COC(=O)[C@H](NC(=O)c1cc(nc2ccccc12)c3ccccc3)c4ccc(OC)cc4,6.18
100,CHEMBL54205,COC(=O)C(NC(=O)c1cc(nc2ccccc12)c3cccc(Cl)c3)c4ccccc4,6.2
103,CHEMBL52335,COc1ccc2c(NC(=O)OCc3ccccc3)cc(nc2c1)c4ccccc4,5.09
107,CHEMBL51274,COC(=O)C(NC(=O)c1cc(nc2ccccc12)c3nccs3)c4ccccc4,6.03
108,CHEMBL299518,COC(=O)C(NC(=O)c1cc(nc2ccccc12)c3ccccc3Cl)c4ccccc4,5.59
109,CHEMBL416487,COC(=O)C(NC(=O)c1cc(nc2ccccc12)c3ccncc3)c4ccccc4,5.65
110,CHEMBL301603,COc1ccc2c(cc(nc2c1)c3ccccc3)C(=O)NC(C(=O)O)c4ccccc4,5.29
111,CHEMBL300967,COC(=O)C(NC(=O)c1cc(nc2ccccc12)c3cc[nH]c3)c4ccccc4,6.93
112,CHEMBL50571,COC(=O)C(NC(=O)c1c2CCCc3ccccc3c2nc4ccccc14)c5ccccc5,6.75
114,CHEMBL53489,COC(=O)[C@H](NC(=O)c1cc(nc2ccccc12)c3ccccc3)C(C)C,5.21
115,CHEMBL299973,COC(=O)C(NC(=O)c1cc(nc2ccccc12)c3ccccc3OC)c4ccccc4,6.11
117,CHEMBL300180,COC(=O)C(NC(=O)c1cc(nc2ccccc12)c3ccc(C)cc3)c4ccccc4,6.85
120,CHEMBL94679,CC(C)(C)CNC(=O)C1(Cc2ccccc2)CCc3ccc(Cc4ccccc4)cc13,5.28
122,CHEMBL98011,COC(=O)C1(Cc2ccccc2)CCc3ccc(Cc4ccccc4)cc13,5.1
123,CHEMBL94883,O=C(NCCc1ccccc1)C2(Cc3ccccc3)CCc4ccc(Cc5ccccc5)cc24,5.52
133,CHEMBL296122,CC(C)C(C)NC(=O)c1c(CN2CCN(CC2)C(C)C)c(nc3ccccc13)c4ccccc4,6.34
134,CHEMBL45362,CC(C)N1CCN(Cc2c(nc3ccccc3c2C(=O)NC4CCCCC4)c5ccccc5)CC1,5.9
138,CHEMBL295770,C[C@H](NC(=O)c1c(CN2CCC(CC2)N3CCCCC3)c(nc4ccccc14)c5ccccc5)C(C)(C)C,6.71
140,CHEMBL330366,COc1cc(cc(OC)c1OC)C(=O)N2CC[C@@](CCN3CCC(CC3)(C(=O)N)c4ccccc4)(C2)c5ccc(Cl)c(Cl)c5,6.7
146,CHEMBL297086,CCC(CC)NC(=O)c1c(CN2CCN(CC2)C(C)C)c(nc3ccccc13)c4ccccc4,5.92
150,CHEMBL129321,COc1c(cc2ccccc2c1C(=O)N(C)C[C@@H](CCN3CCC(CC3)c4ccccc4[S+](C)[O-])c5ccc(Cl)c(Cl)c5)C#N,6.66
153,CHEMBL339767,CCN1[C@H]([C@@H](CCN2CCC(CC2)c3ccccc3[S+](C)[O-])c4ccc(Cl)c(Cl)c4)c5ccccc5C1=O,5.04
154,CHEMBL120790,O=C(NCc1cn(C(=O)OCc2ccccc2)c3ccccc13)N4C5CCC(C5)C4Cc6ccccc6,5.0
158,CHEMBL32940,O=C(Cc1c[nH]c2ccccc12)N3CCC(Cc4ccccc4)C3,5.46
191,CHEMBL76093,CCN(C\C(=N/OC)\[C@H](CCN1CCC(CC1)N2C(=O)N(CC#N)c3ccccc23)c4ccc(Cl)c(Cl)c4)C(=O)c5cc(Cl)cc(Cl)c5,6.17
196,CHEMBL430609,CCNC(=O)CN1C(=O)N(C2CCN(CC[C@@H](\C(=N\OC)\CN(CC)C(=O)c3cc(Cl)cc(Cl)c3)c4ccc(Cl)c(Cl)c4)CC2)c5ccccc15,6.55
197,CHEMBL75478,CCN(C\C(=N/OC)\[C@H](CCN1CCC(CC1)N2C(=O)N(CC(=O)NCCOC)c3ccccc23)c4ccc(Cl)c(Cl)c4)C(=O)c5cc(Cl)cc(Cl)c5,6.03
201,CHEMBL312141,CO\N=C(/CN(C1CC1)C(=O)c2cc(Cl)cc(Cl)c2)\[C@H](CCN3CCC(CC3)n4c(O)nc5ccccc45)c6ccc(Cl)c(Cl)c6,6.99
206,CHEMBL312612,CO\N=C(/CN(CCF)C(=O)c1cc(Cl)cc(Cl)c1)\[C@H](CCN2CCC(CC2)N3C(=O)N(CC(=O)O)c4ccccc34)c5ccc(Cl)c(Cl)c5,6.52
208,CHEMBL308983,CO\N=C(/CN(CCF)C(=O)c1cc(Cl)cc(Cl)c1)\[C@H](CCN2CCC(CC2)n3c(O)nc4ccccc34)c5ccc(Cl)c(Cl)c5,6.64
215,CHEMBL311712,CCN(C\C(=N/OC)\[C@H](CCN1CCC(CC1)N2C(=O)N(Cc3ccccn3)c4ccccc24)c5ccc(Cl)c(Cl)c5)C(=O)c6cc(Cl)cc(Cl)c6,6.51
217,CHEMBL307877,CCN(C\C(=N/OC)\[C@H](CCN1CCC(CC1)N2C(=O)N(CC(=O)O)c3ccccc23)c4ccc(Cl)c(Cl)c4)C(=O)c5cc(Cl)cc(Cl)c5,6.75
218,CHEMBL76529,CCN(C\C(=N/OC)\[C@H](CCN1CCC(CC1)N2C(=O)N(CC(=O)N)c3ccccc23)c4ccc(Cl)c(Cl)c4)C(=O)c5cc(Cl)cc(Cl)c5,6.78
219,CHEMBL306124,CCN(C\C(=N/OC)\[C@H](CCN1CCC(CC1)N2C(=O)N(CCOC)c3ccccc23)c4ccc(Cl)c(Cl)c4)C(=O)c5cc(Cl)cc(Cl)c5,6.24
226,CHEMBL57601,CC(C)OC(=O)N[C@@H](Cc1c[nH]c2ccccc12)C(=O)NCCc3c[nH]c4ccccc34,5.03
227,CHEMBL48731,CC(C)C(OC(=O)N[C@](C)(Cc1cc2ccccc2[nH]1)C(=O)NC(C)c3ccccc3)c4ccccc4,5.92
231,CHEMBL290364,Cc1cc(C)cc(c1)C(=O)N2CC[C@@H](C[C@H]2Cc3ccccc3)NCc4ccnc5ccccc45,5.58
242,CHEMBL295122,Cc1cc(C)cc(c1)C(=O)N2CC[C@@H](C[C@H]2Cc3ccccc3)NCc4cnc5ccccc5c4,5.0
245,CHEMBL295425,Oc1cc(C(=O)N[C@H]2CCN([C@H](Cc3ccccc3)C2)C(=O)c4cc(cc(c4)C(F)(F)F)C(F)(F)F)c5ccccc5n1,6.35
249,CHEMBL43912,Clc1cc(Cl)cc(c1)C(=O)N2CC[C@@H](C[C@H]2Cc3ccccc3)NC(=O)c4ccnc5ccccc45,5.48
255,CHEMBL26790,Clc1ccc(cc1Cl)C2(CCCN3CCC(CC3)N4C(=O)Nc5ccccc45)CCC(=O)N(Cc6ccccc6)C2,6.27
260,CHEMBL217406,CSCC[C@H](NC(=O)[C@H](CC(C)C)NC(=O)CNC(=O)[C@@H](NC(=O)[C@H](Cc1ccccc1)NC(=O)[C@H](CO)NC(=O)[C@H](CC(=O)O)NC(=O)[C@@H](NC(=O)[C@H](CCCCN)NC(=O)[C@@H](N)Cc2c[nH]cn2)[C@@H](C)O)C(C)C)C(=O)N,7.35
262,CHEMBL235363,CSCC[C@H](NC(=O)[C@H](CC(C)C)NC(=O)CNC(=O)[C@H](Cc1ccccc1)NC(=O)[C@H](Cc2ccccc2)NC(=O)[C@H](CCC(=O)N)NC(=O)[C@H](CCC(=O)N)NC(=O)[C@@H]3CCCN3C(=O)[C@H](CCCCN)NC(=O)[C@@H]4CCCN4C(=O)[C@@H](N)CCCN=C(N)N)C(=O)N,6.9
267,CHEMBL281019,Clc1ccc(cc1Cl)C2(CCCN3CCC4(CC3)CN(NC4=O)c5ccccc5)CCC(=O)N(Cc6ccccc6)C2,6.9
273,CHEMBL52330,FC(F)(F)c1cc(CO[C@H]2OCCN(CC3=NNC(=O)N3)[C@H]2c4ccccc4)cc(c1)C(F)(F)F,6.82
275,CHEMBL287256,O=C(Cc1ccccc1)N2CCC(Cc3ccccc3)C2,5.03
276,CHEMBL32248,NC(=O)[C@H](Cc1ccccc1)NC(=O)[C@H](Cc2c[nH]c3ccccc23)NC(=O)OCc4ccccc4,5.03
281,CHEMBL274869,OCCC(NC(=O)c1cc(nc2ccccc12)c3ccccc3)c4ccccc4,6.42
282,CHEMBL10039,OC(=O)[C@@H](NC(=O)c1cc(nc2ccccc12)c3ccccc3)c4ccccc4,5.78
286,CHEMBL10031,O=C(NC1(CCCC1)c2ccccc2)c3cc(nc4ccccc34)c5ccccc5,6.89
291,CHEMBL268046,CNC(=O)C(NC(=O)c1cc(nc2ccccc12)c3ccccc3)c4ccccc4,6.37
292,CHEMBL273975,NC(=O)C(NC(=O)c1cc(nc2ccccc12)c3ccccc3)c4ccccc4,6.01
300,CHEMBL275095,O=C(NC(c1ccccc1)c2ccccc2)c3cc(nc4ccccc34)c5ccccc5,6.87
302,CHEMBL47929,COCCCCCCCCNC(=O)C(Cc1ccccc1)NC(=O)[C@](C)(Cc2ccccc2)NC(=O)OC(C)(C)C,6.99
303,CHEMBL9955,CN(C)C(=O)C(NC(=O)c1cc(nc2ccccc12)c3ccccc3)c4ccccc4,6.31
305,CHEMBL298252,CC(C)(C)OC(=O)N[C@@](C)(Cc1ccccc1)C(=O)N[C@@H](Cc2ccccc2)C(=O)NCCCCCCCCO,5.77
306,CHEMBL46290,CC(C)(C)OC(=O)N[C@@](C)(Cc1ccccc1)C(=O)NC(Cc2ccccc2)C(=O)NCCCCCCCC(=O)O,6.64
307,CHEMBL10295,NC[C@@H](NC(=O)c1cc(nc2ccccc12)c3ccccc3)c4ccccc4,5.94
309,CHEMBL10231,O=C(NC(Cc1ccccc1)c2ccccc2)c3cc(nc4ccccc34)c5ccccc5,5.46
312,CHEMBL430952,CC(C)(C)OC(=O)N[C@@](C)(Cc1ccccc1)C(=O)NC(Cc2ccccc2)C(=O)NCc3ccc(O)cc3,6.37
314,CHEMBL275316,FC(F)(F)C(NC(=O)c1cc(nc2ccccc12)c3ccccc3)c4ccccc4,6.34
318,CHEMBL9961,OCC(NC(=O)c1cc(nc2ccccc12)c3ccccc3)c4ccccc4,6.68
319,CHEMBL46113,CC(C)(C)OC(=O)N[C@@](C)(Cc1ccccc1)C(=O)NC(Cc2ccccc2)C(=O)N,5.82
320,CHEMBL10314,CN(C)C[C@@H](NC(=O)c1cc(nc2ccccc12)c3ccccc3)c4ccccc4,5.97
325,CHEMBL295041,CC(C)(C)OC(=O)N[C@](C)(Cc1ccccc1)C(=O)NC(Cc2ccccc2)C(=O)N,5.0
326,CHEMBL10333,CCCCCCCC(NC(=O)c1cc(nc2ccccc12)c3ccccc3)c4ccccc4,5.31
327,CHEMBL274628,COCC(NC(=O)c1cc(nc2ccccc12)c3ccccc3)c4ccccc4,6.5
330,CHEMBL10517,CCCCC(NC(=O)c1cc(nc2ccccc12)c3ccccc3)c4ccccc4,6.84
343,CHEMBL9898,COC(=O)CC(NC(=O)c1cc(nc2ccccc12)c3ccccc3)c4ccccc4,6.01
357,CHEMBL416641,C[C@@](Cc1ccccc1)(NC(=O)Cc2ccc(O)cc2)C(=O)NC(Cc3ccccc3)C(=O)N,5.23
358,CHEMBL10536,CC(C)(NC(=O)c1cc(nc2ccccc12)c3ccccc3)c4ccccc4,6.53
362,CHEMBL214388,CNC(=O)[C@@]1(N)C[C@@](CO[C@H](C)c2cc(cc(c2)C(F)(F)F)C(F)(F)F)(C1)c3ccccc3,5.7
363,CHEMBL379073,C[C@@H](OC[C@@]1(C[C@@H](C1)NC(=O)C)c2ccccc2)c3cc(cc(c3)C(F)(F)F)C(F)(F)F,5.67
364,CHEMBL379072,C[C@@H](OC[C@@]1(C[C@H](C1)NC(=O)C)c2ccccc2)c3cc(cc(c3)C(F)(F)F)C(F)(F)F,6.2
365,CHEMBL212428,C[C@@H](OCC1(CC(N)C1)c2ccccc2)c3cc(cc(c3)C(F)(F)F)C(F)(F)F,5.39
384,CHEMBL221077,COC(=O)N(NC(=O)c1c(CN2CCCCC2)c(nc3ccccc13)c4ccccc4)c5ccccc5,6.8
387,CHEMBL373569,CC[C@H](C)[C@H](NC(=O)[C@H](Cc1ccccc1)NC(=O)[C@H](C)NC(=O)[C@H](CC(=O)O)NC(=O)[C@H](CCCCN)NC(=O)[C@H](CO)NC(=O)[C@@H]2CCCN2C(=O)[C@@H]3CCC(=O)N3)C(=O)NCC(=O)N[C@@H](CC(C)C)C(=O)N[C@@H](CCSC)C(=O)N,8.18
394,CHEMBL218422,COC(=O)N(NC(=O)c1c(OC)c(nc2c(Br)cccc12)c3ccccc3)c4ccccc4,6.37
401,CHEMBL221493,COC(=O)N(NC(=O)c1c(OC)c(nc2ccccc12)c3ccccc3F)c4ccccc4,6.96
409,CHEMBL375879,COc1c(nc2ccccc2c1C(=O)NN(C(=O)OCC(C)C)c3ccccc3)c4ccccc4,6.72
413,CHEMBL220907,COc1c(nc2ccccc2c1C(=O)NN(C(=O)C)c3ccccc3)c4ccccc4,6.68
429,CHEMBL225297,NS(=O)(=O)N1CCN(CC(=O)N[C@@H]2CC(=O)N[C@@H](Cc3c[nH]c4ccccc34)C(=O)N[C@@H](Cc5ccccc5)C(=O)N[C@H](Cc6ccccc6)CNC2=O)CC1,5.1
430,CHEMBL225588,O=C(CN1CCC(CC1)N2CCOCC2)N[C@@H]3CC(=O)N[C@@H](Cc4c[nH]c5ccccc45)C(=O)N[C@@H](Cc6ccccc6)C(=O)N[C@H](Cc7ccccc7)CNC3=O,5.9
448,CHEMBL453054,C[C@@H](OC[C@]1(C[C@H](N2CCCC2=O)C(=O)N1)c3ccccc3)c4cc(cc(c4)C(F)(F)F)C(F)(F)F,5.9
449,CHEMBL519914,C[C@@H](OC[C@]1(CCC(=O)N1)c2ccccc2)c3cc(cc(c3)C(F)(F)F)C(F)(F)F,5.42
450,CHEMBL520086,Nc1c(nc2ccccc2c1C(=O)N[C@H](C3CC3)c4ccccc4)c5cccc(F)c5,6.6
478,CHEMBL583102,CSCC[C@H](NC(=O)[C@H](CC(C)C)NC(=O)CNC(=O)[C@H](Cc1ccccc1)N(C)C(=O)[C@H](Cc2ccccc2)NC(=O)[C@H](Cc3ccccc3)NC(=O)[C@H](CC(=O)O)NC(=O)[C@H](Cc4cnc[nH]4)NC(=O)[C@H](CCSC)NC(=O)[C@@H](N)CC(=O)O)C(=O)N,9.52
516,CHEMBL1270786,CN([C@H]1CN(C[C@@H]1c2ccc(F)cc2)C(=O)NCCO)C(=O)C(C)(C)c3cc(cc(c3)C(F)(F)F)C(F)(F)F,6.53
517,CHEMBL1269638,CN([C@H]1CN(C[C@@H]1c2ccc(F)cc2)C(=O)N(CCO)CCO)C(=O)C(C)(C)c3cc(cc(c3)C(F)(F)F)C(F)(F)F,6.72
518,CHEMBL1269639,CN([C@H]1CN(C[C@@H]1c2ccc(F)cc2)C(=O)N3CCN(CC3)C(=O)C)C(=O)C(C)(C)c4cc(cc(c4)C(F)(F)F)C(F)(F)F,6.43
519,CHEMBL1269640,CN([C@H]1CN(C[C@@H]1c2ccc(F)cc2)C(=O)N3CCN(CC3)S(=O)(=O)C)C(=O)C(C)(C)c4cc(cc(c4)C(F)(F)F)C(F)(F)F,6.78
527,CHEMBL1271297,CN(Cc1cc(cc(c1)C(F)(F)F)C(F)(F)F)[C@H]2CN(C[C@@H]2c3ccccc3)C(=O)N4CCN(CC4)S(=O)(=O)C,5.89
545,CHEMBL1277075,CCCCC(NC(=O)c1cc(cc2ccccc12)c3ccccc3)c4ccccc4,6.8
590,CHEMBL1682937,CC[C@H](NC(=O)c1c(SC)c(nc2ccccc12)c3ccccc3)c4ccccc4,7.44
591,CHEMBL1682938,CC[C@H](NC(=O)c1c([S+](C)[O-])c(nc2ccccc12)c3ccccc3)c4ccccc4,8.31
592,CHEMBL1682939,CC[C@H](NC(=O)c1c([S+](C)[O-])c(nc2ccccc12)c3ccccc3)c4ccccc4,8.43
594,CHEMBL1682940,CC[C@H](NC(=O)c1c(c(nc2ccccc12)c3ccccc3)S(=O)(=O)C)c4ccccc4,7.85
595,CHEMBL1682941,CC[C@H](NC(=O)c1c(CSC)c(nc2ccccc12)c3ccccc3)c4ccccc4,7.46
596,CHEMBL1682942,CC[C@H](NC(=O)c1c(C[S+](C)[O-])c(nc2ccccc12)c3ccccc3)c4ccccc4,8.75
597,CHEMBL1682943,CC[C@H](NC(=O)c1c(C[S+](C)[O-])c(nc2ccccc12)c3ccccc3)c4ccccc4,8.28
598,CHEMBL1682944,CC[C@H](NC(=O)c1c(CS(=O)(=O)C)c(nc2ccccc12)c3ccccc3)c4ccccc4,8.6
599,CHEMBL1682945,CC[C@H](NC(=O)c1c(CC[S+](C)[O-])c(nc2ccccc12)c3ccccc3)c4ccccc4,8.48
600,CHEMBL1682946,CC[C@H](NC(=O)c1c([S+](C)[O-])c(nc2ccccc12)c3ccccc3F)c4ccccc4,7.09
601,CHEMBL1682947,CC[C@H](NC(=O)c1c([S+](C)[O-])c(nc2ccccc12)c3cccc(F)c3)c4ccccc4,7.75
602,CHEMBL1682948,CC[C@H](NC(=O)c1c([S+](C)[O-])c(nc2ccccc12)c3ccc(F)cc3)c4ccccc4,7.32
603,CHEMBL1682949,CC[C@H](NC(=O)c1c([S+](C)[O-])c(nc2ccccc12)c3cccs3)c4ccccc4,8.77
604,CHEMBL1682950,CC[C@H](NC(=O)c1c([S+](C)[O-])c(nc2ccccc12)c3ccsc3)c4ccccc4,8.75
605,CHEMBL1682951,CC[C@H](NC(=O)c1c([S+](C)[O-])c(nc2ccccc12)c3ccccn3)c4ccccc4,5.95
606,CHEMBL1682952,CC[C@H](NC(=O)c1c([S+](C)[O-])c(nc2ccccc12)c3cccnc3)c4ccccc4,6.16
607,CHEMBL1682953,CC[C@H](NC(=O)c1c([S+](C)[O-])c(nc2ccccc12)c3cscn3)c4ccccc4,6.96
608,CHEMBL1682954,CC[C@H](NC(=O)c1c([S+](C)[O-])c(nc2ccccc12)c3cncs3)c4ccccc4,6.66
609,CHEMBL1682955,CC[C@H](NC(=O)c1c([S+](C)[O-])c(nc2ccccc12)c3cc[nH]n3)c4ccccc4,5.6
610,CHEMBL1682956,CC[C@H](NC(=O)c1c([S+]([O-])CC)c(nc2ccccc12)c3ccccc3)c4ccccc4,8.16
611,CHEMBL1682957,CC[C@H](NC(=O)c1c([S+]([O-])C(C)C)c(nc2ccccc12)c3ccccc3)c4ccccc4,7.8
612,CHEMBL1682958,CC[C@H](NC(=O)c1c([S+]([O-])CC(=O)N(C)C)c(nc2ccccc12)c3ccccc3)c4ccccc4,7.92
613,CHEMBL1682959,CC[C@H](NC(=O)c1c([S+](C)[O-])c(nc2c(F)cccc12)c3ccccc3)c4ccccc4,8.09
614,CHEMBL1682960,CC[C@H](NC(=O)c1c([S+](C)[O-])c(nc2c(C)cccc12)c3ccccc3)c4ccccc4,5.72
615,CHEMBL1682961,CC[C@H](NC(=O)c1c([S+](C)[O-])c(nc2cc(F)ccc12)c3ccccc3)c4ccccc4,7.89
616,CHEMBL1682962,CC[C@H](NC(=O)c1c([S+](C)[O-])c(nc2cc(Cl)ccc12)c3ccccc3)c4ccccc4,8.11
617,CHEMBL1682963,CCOc1ccc2c(C(=O)N[C@@H](CC)c3ccccc3)c([S+](C)[O-])c(nc2c1)c4ccccc4,7.42
618,CHEMBL1682964,CC[C@H](NC(=O)c1c([S+](C)[O-])c(nc2cc(ccc12)N(C)C)c3ccccc3)c4ccccc4,6.67
619,CHEMBL1682965,CC[C@H](NC(=O)c1c([S+](C)[O-])c(nc2cc(Br)ccc12)c3ccccc3)c4ccccc4,8.29
620,CHEMBL1682966,CC[C@H](NC(=O)c1c([S+](C)[O-])c(nc2cc(C)ccc12)c3ccccc3)c4ccccc4,8.44
621,CHEMBL1682967,CC[C@H](NC(=O)c1c([S+](C)[O-])c(nc2cc(CN(C)C)ccc12)c3ccccc3)c4ccccc4,7.06
622,CHEMBL1682968,C[S+]([O-])c1c(nc2ccccc2c1C(=O)N[C@@H](C3CC3)c4ccccc4)c5ccccc5,7.82
623,CHEMBL1682969,C[S+]([O-])c1c(nc2ccccc2c1C(=O)NC3(CC3)c4ccccc4)c5ccccc5,7.8
624,CHEMBL1682970,C[S+]([O-])c1c(C(=O)NC2(CCC2)c3ccccc3)c4ccccc4nc1c5ccccc5,7.42
627,CHEMBL1682972,CC[C@H](NC(=O)c1c([S+](C)[O-])c(nc2ccccc12)c3ccccc3)c4cccnc4,7.13
628,CHEMBL1682973,CC[C@H](NC(=O)c1c([S+](C)[O-])c(nc2ccccc12)c3ccccc3)c4ccccn4,7.11
658,CHEMBL1682651,COc1ccc(cc1)[C@@]2(C[C@H]2CN3CCC(CC3)(NC(=O)C)c4ccccc4)C(=O)N(C)Cc5ccc(F)cc5,6.46
659,CHEMBL1682652,CN(Cc1ccc(F)cc1)C(=O)[C@]2(C[C@H]2CN3CCC(CC3)(NC(=O)C)c4ccccc4)c5ccc(cc5)C(F)(F)F,6.0
660,CHEMBL1682653,CN(Cc1ccc(F)cc1)C(=O)[C@]2(C[C@H]2CN3CCC(CC3)(NC(=O)C)c4ccccc4)c5ccc(cc5)C#N,6.57
661,CHEMBL1682654,CN(Cc1ccc(F)cc1)C(=O)[C@]2(C[C@H]2CN3CCC(CC3)(NC(=O)C)c4ccccc4)c5cccc(F)c5,6.85
665,CHEMBL1682658,CN(Cc1ccc(F)cc1)C(=O)[C@]2(C[C@H]2CN3CCC(CC3)(NC(=O)C)c4ccccc4)c5cccc(c5)C(F)(F)F,6.68
666,CHEMBL1682659,CN(Cc1ccc(F)cc1)C(=O)[C@]2(C[C@H]2CN3CCC(CC3)(NC(=O)C)c4ccccc4)c5cccc(c5)C#N,5.72
670,CHEMBL1682663,CN(Cc1ccc(F)cc1)C(=O)[C@]2(C[C@H]2CN3CCC(CC3)(NC(=O)C)c4ccccc4)c5ccc6OCOc6c5,6.85
672,CHEMBL1682665,CN(Cc1ccc(F)cc1)C(=O)[C@]2(C[C@H]2CN3CCC(CC3)(NC(=O)C)c4ccccc4)c5ccsc5,6.96
691,CHEMBL1682684,CCCNC[C@@H]1C[C@@]1(C(=O)N(C)Cc2ccc(F)cc2)c3ccc(Cl)c(Cl)c3,6.82
692,CHEMBL1682685,CC(C)NC[C@@H]1C[C@@]1(C(=O)N(C)Cc2ccc(F)cc2)c3ccc(Cl)c(Cl)c3,6.85
693,CHEMBL1760350,O=C(N1CCN(CC1)c2ccccc2)c3cc(n[nH]3)c4ccccc4,5.68
694,CHEMBL1760200,COc1ccccc1N2CCN(CC2)C(=O)c3cc(n[nH]3)c4ccccc4,6.32
695,CHEMBL1760338,COc1ccccc1N2CCN(CC2)C(=O)c3cc(n[nH]3)c4ccc(Cl)cc4,6.89
696,CHEMBL1760339,COc1ccccc1CN2CCN(CC2)C(=O)c3cc(n[nH]3)c4ccc(Cl)cc4,6.89
697,CHEMBL1760340,Clc1ccc(cc1)c2cc([nH]n2)C(=O)N3CCN(Cc4ccccn4)CC3,5.29
698,CHEMBL1760341,Clc1ccc(cc1)c2cc([nH]n2)C(=O)N3CCN(Cc4cccnc4)CC3,5.42
699,CHEMBL1760342,Clc1ccc(cc1)c2cc([nH]n2)C(=O)N3CCN(Cc4ccncc4)CC3,5.75
706,CHEMBL1760349,CCc1ccccc1N2CCN(CC2)C(=O)c3cc(n[nH]3)c4ccc(Cl)cc4,6.75
707,CHEMBL1760199,Clc1ccc(cc1)c2cc([nH]n2)C(=O)N3CCN(CC3)c4ccccc4C#N,6.32
708,CHEMBL1760218,Oc1ccccc1N2CCN(CC2)C(=O)c3cc(n[nH]3)c4ccc(Cl)cc4,5.89
710,CHEMBL1760331,COc1ccc(Cl)cc1N2CCN(CC2)C(=O)c3cc(n[nH]3)c4ccc(Cl)cc4,6.43
712,CHEMBL1760333,NC(=O)COc1ccccc1N2CCN(CC2)C(=O)c3cc(n[nH]3)c4ccc(Cl)cc4,7.1
713,CHEMBL1760334,COc1ccccc1N2CCN(CC2)C(=O)c3cc(Cc4ccccc4)n[nH]3,5.48
714,CHEMBL1760335,COc1ccccc1N2CCN(CC2)C(=O)c3cc(n[nH]3)c4ccccc4F,5.92
715,CHEMBL1760336,COc1ccccc1N2CCN(CC2)C(=O)c3cc(n[nH]3)c4cccc(F)c4,6.24
716,CHEMBL1760337,COc1ccccc1N2CCN(CC2)C(=O)c3cc(n[nH]3)c4ccc(F)cc4,6.62
717,CHEMBL1760198,COc1ccccc1N2CCN(CC2)C(=O)c3cc(n[nH]3)c4ccc(cc4)C(F)(F)F,7.38
718,CHEMBL1760209,COc1ccccc1N2CCN(CC2)C(=O)c3cc(n[nH]3)c4ccc(OC(F)(F)F)cc4,6.89
719,CHEMBL1760210,COc1ccccc1N2CCN(CC2)C(=O)c3cc(n[nH]3)c4ccc(C)cc4,6.41
720,CHEMBL1760211,COc1ccccc1N2CCN(CC2)C(=O)c3cc(n[nH]3)c4ccc(cc4)S(=O)(=O)C,5.6
721,CHEMBL1760212,COc1ccccc1N2CCN(CC2)C(=O)c3cc(n[nH]3)c4ccc(cc4)C#N,6.68
722,CHEMBL1760213,COc1ccccc1N2CCN(CC2)C(=O)c3cc(n[nH]3)c4ccc(Cl)cc4Cl,6.69
723,CHEMBL1760214,COc1ccccc1N2CCN(CC2)C(=O)c3cc(n[nH]3)c4ccccn4,5.51
724,CHEMBL1760215,COc1ccccc1N2CCN(CC2)C(=O)c3cc(n[nH]3)c4cccnc4,5.15
725,CHEMBL1760216,COc1ccccc1N2CCN(CC2)C(=O)c3cc(n[nH]3)c4ccncc4,5.14
726,CHEMBL1760217,COc1ccccc1N2CCN(CC2)C(=O)c3cc(n[nH]3)C4CCCCC4,5.7
727,CHEMBL1760197,COc1ccccc1N2CCN(CC2=O)C(=O)c3cc(n[nH]3)c4ccc(Cl)cc4,5.51
728,CHEMBL1760201,COc1ccccc1N2CCN(CC2)S(=O)(=O)c3cc(n[nH]3)c4ccccc4,5.13
729,CHEMBL1760202,COc1ccccc1N2CCN([C@@H](C)C2)C(=O)c3cc(n[nH]3)c4ccc(Cl)cc4,6.72
730,CHEMBL1760203,COc1ccccc1N2CCN([C@H](C)C2)C(=O)c3cc(n[nH]3)c4ccc(Cl)cc4,5.54
731,CHEMBL1760204,COc1ccccc1N2CCN(CC2(C)C)C(=O)c3cc(n[nH]3)c4ccc(Cl)cc4,7.03
732,CHEMBL1760205,COc1ccccc1N2CCN(CC2)C(=O)c3cc(nn3C)c4ccc(Cl)cc4,6.75
733,CHEMBL1760206,COc1ccccc1N2CCN(CC2)C(=O)c3cc(c4ccc(Cl)cc4)n(C)n3,6.75
734,CHEMBL1760207,COc1ccccc1N2CCN(CC2)C(=O)c3cc([nH]c3C)c4ccc(Cl)cc4,6.55
736,CHEMBL1306947,COc1ccccc1N2CCN(CC2)C(=O)c3cc(on3)c4ccc(Cl)cc4,5.96
790,CHEMBL1911964,CN(C(=O)C(C)(C)c1cc(cc(c1)C(F)(F)F)C(F)(F)F)c2cnc(cc2c3ccc(F)cc3C)C4NC(=O)CC4CO,7.4
794,CHEMBL1911966,CN(C(=O)C(C)(C)c1cc(cc(c1)C(F)(F)F)C(F)(F)F)c2cnc(cc2c3ccc(F)cc3C)C4CNC(=O)C4,7.5
795,CHEMBL1911965,CN(C(=O)C(C)(C)c1cc(cc(c1)C(F)(F)F)C(F)(F)F)c2cnc(cc2c3ccc(F)cc3C)C4CNC(=O)C4CO,8.1
796,CHEMBL1911967,Cl.CN(C(=O)C(C)(C)c1cc(cc(c1)C(F)(F)F)C(F)(F)F)c2cnc(cc2c3ccc(F)cc3C)C4CNC(=O)C4CO,7.1
798,CHEMBL1911968,Cl.CN(C(=O)C(C)(C)c1cc(cc(c1)C(F)(F)F)C(F)(F)F)c2cnc(cc2c3ccc(F)cc3C)C4CN(C)C(=O)C4CO,9.0
799,CHEMBL1911969,CN(C(=O)C(C)(C)c1cc(cc(c1)C(F)(F)F)C(F)(F)F)c2cnc(cc2c3ccc(F)cc3C)C4CC(=O)NC4CO,7.6
803,CHEMBL1911970,CN(C(=O)C(C)(C)c1cc(cc(c1)C(F)(F)F)C(F)(F)F)c2cnc(cc2c3ccc(F)cc3C)C4CC(=O)NC4(CO)CO,8.3
855,CHEMBL1471,C[C@@H](O[C@H]1OCCN(CC2=NNC(=O)N2)[C@H]1c3ccc(F)cc3)c4cc(cc(c4)C(F)(F)F)C(F)(F)F,6.34
867,CHEMBL2347498,CSCC[C@H](NC(=O)[C@H](CC(C)C)NC(=O)CNC(=O)[C@H](Cc1ccccc1)N(C)C(=O)[C@H](Cc2ccccc2)NC(=O)CNC(=O)[C@H](CC(=O)O)NC(=O)[C@H](Cc3cnc[nH]3)NC(=O)[C@H](CCSC)NC(=O)[C@@H](N)CC(=O)O)C(=O)N,10.44
868,CHEMBL2347497,CSCC[C@H](NC(=O)[C@H](CC(C)C)NC(=O)CNC(=O)[C@H](Cc1ccccc1)N(C)C(=O)[C@H](Cc2ccccc2)NC(=O)[C@@H]3CCCN3C(=O)[C@H](CC(=O)O)NC(=O)[C@H](Cc4cnc[nH]4)NC(=O)[C@H](CCSC)NC(=O)[C@@H](N)CC(=O)O)C(=O)N,10.39
869,CHEMBL2347496,CSCC[C@H](NC(=O)[C@H](CC(C)C)NC(=O)CNC(=O)[C@H](Cc1ccccc1)N(C)C(=O)[C@H](Cc2ccccc2)NC(=O)[C@H](CCSC)NC(=O)[C@H](CC(=O)O)NC(=O)[C@H](Cc3cnc[nH]3)NC(=O)[C@H](CCSC)NC(=O)[C@@H](N)CC(=O)O)C(=O)N,10.49
870,CHEMBL2347495,CSCC[C@H](NC(=O)[C@H](CC(C)C)NC(=O)CNC(=O)[C@H](Cc1ccccc1)N(C)C(=O)[C@H](Cc2ccccc2)NC(=O)[C@@H](NC(=O)[C@H](CC(=O)O)NC(=O)[C@H](Cc3cnc[nH]3)NC(=O)[C@H](CCSC)NC(=O)[C@@H](N)CC(=O)O)[C@@H](C)O)C(=O)N,10.34
871,CHEMBL2347494,CSCC[C@H](NC(=O)[C@H](CC(C)C)NC(=O)CNC(=O)[C@H](Cc1ccccc1)N(C)C(=O)[C@H](Cc2ccccc2)NC(=O)[C@H](CO)NC(=O)[C@H](CC(=O)O)NC(=O)[C@H](Cc3cnc[nH]3)NC(=O)[C@H](CCSC)NC(=O)[C@@H](N)CC(=O)O)C(=O)N,10.4
872,CHEMBL2347493,CSCC[C@H](NC(=O)[C@H](CC(C)C)NC(=O)CNC(=O)[C@H](Cc1ccccc1)N(C)C(=O)[C@H](Cc2ccccc2)NC(=O)[C@H](CCC(=O)N)NC(=O)[C@H](CC(=O)O)NC(=O)[C@H](Cc3cnc[nH]3)NC(=O)[C@H](CCSC)NC(=O)[C@@H](N)CC(=O)O)C(=O)N,10.37
873,CHEMBL2347492,CSCC[C@H](NC(=O)[C@H](CC(C)C)NC(=O)CNC(=O)[C@H](Cc1ccccc1)N(C)C(=O)[C@H](Cc2ccccc2)NC(=O)[C@H](CC(=O)N)NC(=O)[C@H](CC(=O)O)NC(=O)[C@H](Cc3cnc[nH]3)NC(=O)[C@H](CCSC)NC(=O)[C@@H](N)CC(=O)O)C(=O)N,10.44
874,CHEMBL2347491,CSCC[C@H](NC(=O)[C@H](CC(C)C)NC(=O)CNC(=O)[C@H](Cc1ccccc1)N(C)C(=O)[C@H](Cc2ccccc2)NC(=O)[C@H](C)NC(=O)[C@H](CC(=O)O)NC(=O)[C@H](Cc3cnc[nH]3)NC(=O)[C@H](CCSC)NC(=O)[C@@H](N)CC(=O)O)C(=O)N,10.92
875,CHEMBL2370235,CC[C@H](C)[C@H](NC(=O)[C@H](CC(=O)O)NC(=O)[C@H](Cc1cnc[nH]1)NC(=O)[C@H](CCSC)NC(=O)[C@@H](N)CC(=O)O)C(=O)N[C@@H](Cc2ccccc2)C(=O)N(C)[C@@H](Cc3ccccc3)C(=O)NCC(=O)N[C@@H](CC(C)C)C(=O)N[C@@H](CCSC)C(=O)N,10.22
876,CHEMBL2347489,CSCC[C@H](NC(=O)[C@H](CC(C)C)NC(=O)CNC(=O)[C@H](Cc1ccccc1)N(C)C(=O)[C@H](Cc2ccccc2)NC(=O)[C@H](CC(C)C)NC(=O)[C@H](CC(=O)O)NC(=O)[C@H](Cc3cnc[nH]3)NC(=O)[C@H](CCSC)NC(=O)[C@@H](N)CC(=O)O)C(=O)N,10.29
877,CHEMBL2347488,CSCC[C@H](NC(=O)[C@H](CC(C)C)NC(=O)CNC(=O)[C@H](Cc1ccccc1)N(C)C(=O)[C@H](Cc2ccccc2)NC(=O)[C@@H](NC(=O)[C@H](CC(=O)O)NC(=O)[C@H](Cc3cnc[nH]3)NC(=O)[C@H](CCSC)NC(=O)[C@@H](N)CC(=O)O)C(C)C)C(=O)N,10.19
878,CHEMBL2347362,CSCC[C@H](NC(=O)[C@H](CC(C)C)NC(=O)CNC(=O)[C@H](Cc1ccccc1)N(C)C(=O)[C@H](Cc2ccccc2)NC(=O)[C@H](Cc3c[nH]c4ccccc34)NC(=O)[C@H](CC(=O)O)NC(=O)[C@H](Cc5cnc[nH]5)NC(=O)[C@H](CCSC)NC(=O)[C@@H](N)CC(=O)O)C(=O)N,9.55
879,CHEMBL2347361,CSCC[C@H](NC(=O)[C@H](CC(C)C)NC(=O)CNC(=O)[C@H](Cc1ccccc1)N(C)C(=O)[C@H](Cc2ccccc2)NC(=O)[C@H](Cc3ccc(O)cc3)NC(=O)[C@H](CC(=O)O)NC(=O)[C@H](Cc4cnc[nH]4)NC(=O)[C@H](CCSC)NC(=O)[C@@H](N)CC(=O)O)C(=O)N,10.14
880,CHEMBL2347513,CSCC[C@H](NC(=O)[C@H](CC(C)C)NC(=O)CNC(=O)[C@H](Cc1ccccc1)N(C)C(=O)[C@H](Cc2ccccc2)NC(=O)[C@H](Cc3cnc[nH]3)NC(=O)[C@H](CC(=O)O)NC(=O)[C@H](Cc4cnc[nH]4)NC(=O)[C@H](CCSC)NC(=O)[C@@H](N)CC(=O)O)C(=O)N,10.77
881,CHEMBL2347512,CSCC[C@H](NC(=O)[C@H](CC(C)C)NC(=O)CNC(=O)[C@H](Cc1ccccc1)N(C)C(=O)[C@H](Cc2ccccc2)NC(=O)[C@H](CCCCN)NC(=O)[C@H](CC(=O)O)NC(=O)[C@H](Cc3cnc[nH]3)NC(=O)[C@H](CCSC)NC(=O)[C@@H](N)CC(=O)O)C(=O)N,10.59
882,CHEMBL2347511,CSCC[C@H](NC(=O)[C@H](CC(C)C)NC(=O)CNC(=O)[C@H](Cc1ccccc1)N(C)C(=O)[C@H](Cc2ccccc2)NC(=O)[C@H](CCCNC(=N)N)NC(=O)[C@H](CC(=O)O)NC(=O)[C@H](Cc3cnc[nH]3)NC(=O)[C@H](CCSC)NC(=O)[C@@H](N)CC(=O)O)C(=O)N,10.1
883,CHEMBL2347510,CSCC[C@H](NC(=O)[C@H](CC(C)C)NC(=O)CNC(=O)[C@H](Cc1ccccc1)N(C)C(=O)[C@H](Cc2ccccc2)NC(=O)[C@H](CCC(=O)O)NC(=O)[C@H](CC(=O)O)NC(=O)[C@H](Cc3cnc[nH]3)NC(=O)[C@H](CCSC)NC(=O)[C@@H](N)CC(=O)O)C(=O)N,10.62
884,CHEMBL2347509,CSCC[C@H](NC(=O)[C@H](CC(C)C)NC(=O)CNC(=O)[C@H](Cc1ccccc1)N(C)C(=O)[C@H](Cc2ccccc2)NC(=O)[C@H](CC(=O)O)NC(=O)[C@H](CC(=O)O)NC(=O)[C@H](Cc3cnc[nH]3)NC(=O)[C@H](CCSC)NC(=O)[C@@H](N)CC(=O)O)C(=O)N,10.4
885,CHEMBL2347508,CSCC[C@H](NC(=O)[C@H](CC(C)C)NC(=O)CNC(=O)[C@H](Cc1ccccc1)N(C)C(=O)[C@H](Cc2ccccc2)NC(=O)[C@H](CCC(=O)N)NC(=O)[C@H](CC(=O)O)NC(=O)[C@H](CO)NC(=O)[C@H](CCCCN)NC(=O)[C@@H]3CCCN3C(=O)[C@@H](NC(=O)[C@@H](N)CC(=O)O)C(C)C)C(=O)N,10.42
886,CHEMBL2347507,CSCC[C@H](NC(=O)[C@H](CC(C)C)NC(=O)CNC(=O)[C@@H](NC(=O)[C@H](Cc1ccccc1)NC(=O)[C@H](CC(=O)O)NC(=O)[C@H](CC(=O)O)NC(=O)[C@H](CO)NC(=O)[C@H](CCCCN)NC(=O)[C@@H]2CCCN2C(=O)[C@@H](NC(=O)[C@@H](N)CC(=O)O)C(C)C)C(C)C)C(=O)N,9.33
887,CHEMBL2347506,CSCC[C@H](NC(=O)[C@H](CC(C)C)NC(=O)CNC(=O)[C@H](Cc1ccccc1)N(C)C(=O)[C@H](Cc2ccccc2)NC(=O)[C@H](C)NC(=O)[C@H](CC(=O)O)NC(=O)[C@H](CCCCN)NC(=O)[C@H](CO)NC(=O)[C@@H]3CCCN3C(=O)[C@@H]4CCC(=O)N4)C(=O)N,10.15
889,CHEMBL2347504,CSCC[C@H](NC(=O)[C@H](CC(C)C)NC(=O)CNC(=O)[C@H](Cc1ccccc1)N(C)C(=O)[C@H](Cc2ccccc2)NC(=O)[C@H](CC(=O)O)NC(=O)[C@H](CC(=O)O)NC(=O)[C@@H]3CCCN3C(=O)[C@H](CCCNC(=N)N)NC(=O)[C@@H]4CCCN4C(=O)[C@@H](N)CCCCN)C(=O)N,8.3
890,CHEMBL2347503,CSCC[C@H](NC(=O)[C@H](CC(C)C)NC(=O)CNC(=O)[C@H](Cc1ccc(O)cc1)NC(=O)[C@H](Cc2ccccc2)NC(=O)[C@H](CCC(=O)N)NC(=O)[C@H](CC(=O)O)NC(=O)[C@@H]3CCCN3C(=O)[C@H](CCCNC(=N)N)NC(=O)[C@@H]4CCCN4C(=O)[C@@H](N)CCCCN)C(=O)N,7.97
891,CHEMBL2347502,CSCC[C@H](NC(=O)[C@H](CC(C)C)NC(=O)CNC(=O)[C@H](Cc1ccccc1)N(C)C(=O)[C@H](Cc2ccccc2)NC(=O)[C@H](CC(=O)O)NC(=O)[C@H](CC(=O)N)NC(=O)[C@@H]3CCCN3C(=O)[C@H](CC(=O)O)NC(=O)[C@H](C)NC(=O)[C@@H]4CCC(=O)N4)C(=O)N,9.82
892,CHEMBL2370372,CSCC[C@H](NC(=O)[C@H](CC(C)C)NC(=O)CNC(=O)[C@@H](NC(=O)[C@H](Cc1ccccc1)NC(=O)[C@H](CCCCN)NC(=O)[C@H](CC(=O)N)NC(=O)[C@@H]2CCCN2C(=O)[C@H](CC(=O)O)NC(=O)[C@H](C)NC(=O)[C@@H]3CCC(=O)N3)c4ccc(O)cc4)C(=O)N,8.47
893,CHEMBL2347501,CSCC[C@H](NC(=O)[C@H](CC(C)C)NC(=O)CNC(=O)[C@H](Cc1ccccc1)N(C)C(=O)[C@H](Cc2ccccc2)NC(=O)[C@H](CC(=O)O)NC(=O)[C@H](CC(=O)O)NC(=O)CNC(=O)[C@@H](NC(=O)[C@@H](N)CC(=O)O)[C@@H](C)O)C(=O)N,9.96
894,CHEMBL2347500,CSCC[C@H](NC(=O)[C@H](CC(C)C)NC(=O)CNC(=O)[C@H](Cc1ccc(O)cc1)NC(=O)[C@H](Cc2ccccc2)NC(=O)[C@H](CCCCN)NC(=O)[C@H](CC(=O)O)NC(=O)CNC(=O)[C@@H](NC(=O)[C@@H](N)CC(=O)O)[C@@H](C)O)C(=O)N,7.96
895,CHEMBL2347499,CSCC[C@H](NC(=O)[C@H](CC(C)C)NC(=O)CNC(=O)[C@H](Cc1ccccc1)N(C)C(=O)[C@H](Cc2ccccc2)NC(=O)[C@H](CC(=O)O)NC(=O)[C@H](CC(=O)O)NC(=O)[C@H](CO)NC(=O)[C@H](CCCCN)NC(=O)[C@@H]3CCCN3C(=O)[C@@H](NC(=O)[C@@H](N)CC(=O)O)C(C)C)C(=O)N,10.07
896,CHEMBL436706,CSCC[C@H](NC(=O)[C@H](CC(C)C)NC(=O)CNC(=O)[C@@H](NC(=O)[C@H](Cc1ccccc1)NC(=O)[C@H](CCC(=O)O)NC(=O)[C@H](CC(=O)O)NC(=O)[C@H](CO)NC(=O)[C@H](CCCCN)NC(=O)[C@@H]2CCCN2C(=O)[C@@H](NC(=O)[C@@H](N)CC(=O)O)C(C)C)C(C)C)C(=O)N,9.68
897,CHEMBL2347662,CSCC[C@H](NC(=O)[C@H](CC(C)C)NC(=O)CNC(=O)[C@H](Cc1ccccc1)N(C)C(=O)[C@H](Cc2ccccc2)NC(=O)[C@H](CC(=O)O)NC(=O)[C@H](CC(=O)O)NC(=O)[C@H](CCCCN)NC(=O)[C@H](CO)NC(=O)[C@@H]3CCCN3C(=O)[C@@H]4CCC(=O)N4)C(=O)N,10.11
899,CHEMBL2347661,CSCC[C@H](NC(=O)[C@H](CC(C)C)NC(=O)CNC(=O)[C@H](Cc1ccccc1)N(C)C(=O)[C@H](Cc2ccccc2)NC(=O)[C@H](CC(=O)O)NC(=O)[C@H](CC(=O)N)NC(=O)[C@@H]3CCCN3C(=O)[C@H](CO)NC(=O)[C@@H]4CCCN4C(=O)[C@@H]5CCC(=O)N5)C(=O)N,9.89
900,CHEMBL2347660,CSCC[C@H](NC(=O)[C@H](CC(C)C)NC(=O)CNC(=O)[C@H](Cc1ccc(O)cc1)NC(=O)[C@H](Cc2ccccc2)NC(=O)[C@H](C)NC(=O)[C@H](CC(=O)N)NC(=O)[C@@H]3CCCN3C(=O)[C@H](CO)NC(=O)[C@@H]4CCCN4C(=O)[C@@H]5CCC(=O)N5)C(=O)N,9.92
901,CHEMBL2347659,CSCC[C@H](NC(=O)[C@H](CC(C)C)NC(=O)CNC(=O)[C@H](Cc1ccccc1)N(C)C(=O)[C@H](Cc2ccccc2)NC(=O)[C@H](CC(=O)O)NC(=O)[C@H](CC(=O)O)NC(=O)[C@@H]3CCCN3C(=O)[C@H](CC(=O)N)NC(=O)[C@@H]4CCCN4C(=O)[C@@H]5CCC(=O)N5)C(=O)N,10.08
902,CHEMBL2347658,CSCC[C@H](NC(=O)[C@H](CC(C)C)NC(=O)CNC(=O)[C@H](Cc1ccc(O)cc1)NC(=O)[C@H](Cc2ccccc2)NC(=O)[C@H](CCC(=O)O)NC(=O)[C@H](CC(=O)O)NC(=O)[C@@H]3CCCN3C(=O)[C@H](CC(=O)N)NC(=O)[C@@H]4CCCN4C(=O)[C@@H]5CCC(=O)N5)C(=O)N,8.86
903,CHEMBL2347657,CSCC[C@H](NC(=O)[C@H](CC(C)C)NC(=O)CNC(=O)[C@@H](NC(=O)[C@H](Cc1ccccc1)NC(=O)[C@H](CCC(=O)O)NC(=O)[C@H](CC(=O)O)NC(=O)[C@@H]2CCCN2C(=O)[C@H](CC(=O)N)NC(=O)[C@@H]3CCCN3C(=O)[C@@H]4CCC(=O)N4)C(C)C)C(=O)N,10.1
951,CHEMBL2402572,Cc1ccccc1[C@@H]2[C@H](CC[C@@H]3CN(C[C@@H]23)C4=NC(=O)CO4)O[C@H](CO)c5cc(cc(c5)C(F)(F)F)C(F)(F)F,5.6
958,CHEMBL3104780,CN1CCN(CCNC(=O)[C@@H](NC(=O)C(C)(C)c2cc(cc(c2)C(F)(F)F)C(F)(F)F)c3ccccc3)CC1,5.0
959,CHEMBL3104778,CN(CCN1CCOCC1)C(=O)[C@@H](NC(=O)C(C)(C)c2cc(cc(c2)C(F)(F)F)C(F)(F)F)c3ccccc3,5.0
960,CHEMBL3104775,CC(C)(C(=O)N[C@H](C(=O)NCCN)c1ccccc1)c2cc(cc(c2)C(F)(F)F)C(F)(F)F,5.0
961,CHEMBL3104774,CNCCNC(=O)[C@@H](NC(=O)C(C)(C)c1cc(cc(c1)C(F)(F)F)C(F)(F)F)c2ccccc2,5.0
962,CHEMBL3104773,FC(F)(F)c1cc(CC(=O)N[C@H](C(=O)NCCN2CCOCC2)c3ccccc3)cc(c1)C(F)(F)F,5.0
963,CHEMBL3104769,CC(C)(C(=O)N[C@H](C(=O)NCCN1CCOCC1)c2ccccc2)c3ccccc3,5.0
964,CHEMBL3104786,CN([C@H](C(=O)NCCN1CCOCC1)c2ccccc2)C(=O)C(C)(C)c3cc(cc(c3)C(F)(F)F)C(F)(F)F,5.0
967,CHEMBL3104782,CC(C)(C(=O)N[C@H](C(=O)NCCN1CCOCC1)c2ccccc2)c3cc(cc(c3)C(F)(F)F)C(F)(F)F,6.0
975,CHEMBL3288153,Cl.CN([C@@H](Cc1ccccc1)C(=O)NCCN)C(=O)[C@H](CCN2CCC3(CC2)OC(=O)N(C)c4ccc(F)cc34)c5ccc(Cl)c(Cl)c5,5.8
976,CHEMBL3288154,Cl.CN([C@@H](Cc1ccccc1)C(=O)NCCN)C(=O)[C@@H](CCN2CCC3(CC2)OC(=O)N(C)c4ccc(F)cc34)c5ccc(Cl)c(Cl)c5,5.9
977,CHEMBL3288155,Cl.CN([C@@H](Cc1ccccc1)C(=O)NCCN)C(=O)[C@H](CCCN2CCC3(CC2)OC(=O)N(C)c4ccc(F)cc34)c5ccc(Cl)c(Cl)c5,5.4
978,CHEMBL3288156,Cl.CN([C@@H](Cc1ccccc1)C(=O)NCCN)C(=O)[C@@H](CCCN2CCC3(CC2)OC(=O)N(C)c4ccc(F)cc34)c5ccc(Cl)c(Cl)c5,5.2
979,CHEMBL3288157,Cl.CN([C@H](C(=O)NCCN)c1ccccc1)C(=O)[C@H](CCN2CCC3(CC2)OC(=O)N(C)c4ccc(F)cc34)c5ccc(Cl)c(Cl)c5,5.6
981,CHEMBL3288159,Cl.CN1C(=O)OC2(CCN(CC[C@](C)(C(=O)N[C@@H](Cc3ccccc3)C(=O)NCCN)c4ccc(Cl)c(Cl)c4)CC2)c5cc(F)ccc15,5.0
982,CHEMBL3288160,Cl.CN1C(=O)OC2(CCN(CC[C@](C)(C(=O)N[C@H](Cc3ccccc3)C(=O)NCCN)c4ccc(Cl)c(Cl)c4)CC2)c5cc(F)ccc15,5.7
984,CHEMBL3288162,CN1C(=O)OC2(CCN(CCC[C@@](C)(C(=O)N[C@H](Cc3ccccc3)C(=O)NCCN)c4ccc(Cl)c(Cl)c4)CC2)c5cc(F)ccc15.OC(=O)C(F)(F)F,5.8
986,CHEMBL3288164,CN1C(=O)OC2(CCN(CCC[C@@](C)(C(=O)N[C@H](C(=O)NCCN)c3ccccc3)c4ccc(Cl)c(Cl)c4)CC2)c5cc(F)ccc15.OC(=O)C(F)(F)F,6.1
989,CHEMBL3288166,CN(C)CCNC(=O)[C@@H](Cc1ccccc1)NC(=O)[C@](C)(CCCN2CCC3(CC2)OC(=O)N(C)c4ccc(F)cc34)c5ccc(Cl)c(Cl)c5,6.0
991,CHEMBL3288168,CN1C(=O)OC2(CCN(CCC[C@@](C)(C(=O)N[C@H](Cc3ccccc3)C(=O)NCCO)c4ccc(Cl)c(Cl)c4)CC2)c5cc(F)ccc15,6.9
999,CHEMBL3361397,CSCC[C@H](N)C(=O)N[C@@H](Cc1cnc[nH]1)C(=O)N[C@@H](CC(=O)O)C(=O)N[C@@H](Cc2ccccc2)C(=O)N[C@@H](Cc3ccccc3)C(=O)N(C)[C@@H](Cc4ccccc4)C(=O)NCC(=O)N[C@@H](CC(C)C)C(=O)N[C@@H](CCSC)C(=O)N,7.66
1000,CHEMBL3361398,CSCC[C@H](NC(=O)[C@H](CC(C)C)NC(=O)CNC(=O)[C@H](Cc1ccccc1)N(C)C(=O)[C@H](Cc2ccccc2)NC(=O)[C@H](Cc3ccccc3)NC(=O)[C@H](CC(=O)O)NC(=O)[C@@H](N)Cc4cnc[nH]4)C(=O)N,7.37
1001,CHEMBL3361399,CSCC[C@H](NC(=O)[C@H](CC(C)C)NC(=O)CNC(=O)[C@H](Cc1ccccc1)N(C)C(=O)[C@H](Cc2ccccc2)NC(=O)[C@H](Cc3ccccc3)NC(=O)[C@@H](N)CC(=O)O)C(=O)N,7.23
1002,CHEMBL3361400,CSCC[C@H](NC(=O)[C@H](CC(C)C)NC(=O)CNC(=O)[C@H](Cc1ccccc1)N(C)C(=O)[C@H](Cc2ccccc2)NC(=O)[C@@H](N)Cc3ccccc3)C(=O)N,5.54
1003,CHEMBL3361401,CSCC[C@H](NC(=O)[C@H](CC(C)C)NC(=O)CNC(=O)[C@H](Cc1ccccc1)N(C)C(=O)[C@@H](N)Cc2ccccc2)C(=O)N,5.64
1008,CHEMBL3361405,CSCC[C@H](NC(=O)[C@@H](CCCNC(=O)[C@H](Cc1ccccc1)N(C)C(=O)[C@H](Cc2ccccc2)NC(=O)[C@H](CC(=O)O)NC(=O)CCC(=O)O)CC(C)C)C(=O)N,4.72
1009,CHEMBL3361406,CSCC[C@H](NC(=O)\C(=C\CCNC(=O)[C@H](Cc1ccccc1)N(C)C(=O)[C@H](Cc2ccccc2)NC(=O)[C@H](CC(=O)O)NC(=O)CCC(=O)O)\CC(C)C)C(=O)N,4.89
1010,CHEMBL3361407,CSCC[C@H](NC(=O)[C@H](CC(C)C)N\C(=N/O)\CNC(=O)[C@H](Cc1ccccc1)N(C)C(=O)[C@H](Cc2ccccc2)NC(=O)[C@H](CC(=O)O)NC(=O)CCC(=O)O)C(=O)N,5.96
1027,CHEMBL3422002,Cc1ccnc(c1)c2nnc3CN(CCn23)C(=O)c4ccc(F)cc4,5.2
1028,CHEMBL3422001,Cc1ccc(nc1)c2nnc3CN(CCn23)C(=O)c4ccc(F)cc4,5.8
1029,CHEMBL3422000,Cc1cccc(n1)c2nnc3CN(CCn23)C(=O)c4ccc(F)cc4,6.3
1031,CHEMBL3421998,C[C@H]1N(CCn2c1nnc2c3ccccn3)C(=O)c4ccc(F)cc4,6.1
1032,CHEMBL3421997,C[C@@H]1N(CCn2c1nnc2c3ccccn3)C(=O)c4ccc(F)cc4,5.1
1033,CHEMBL3421996,Clc1ccc(cc1)c2cc([nH]n2)C(=O)N3CCn4c(C3)nnc4c5ccccn5,5.8
1034,CHEMBL3421995,Cc1oc(cc1)c2ccc(cc2)C(=O)N3CCn4c(C3)nnc4c5ccccn5,4.8
1035,CHEMBL3421994,O=C(N1CCn2c(C1)nnc2c3ccccn3)c4ccc(cc4)c5cccs5,6.3
1038,CHEMBL3421991,Clc1ccc(cc1)c2ccc(cc2)C(=O)N3CCn4c(C3)nnc4c5ccccn5,5.3
1039,CHEMBL3421990,Fc1ccc(cc1)c2ccc(cc2)C(=O)N3CCn4c(C3)nnc4c5ccccn5,5.7
1040,CHEMBL3421989,O=C(N1CCn2c(C1)nnc2c3ccccn3)c4ccc(cc4)c5ccccc5,5.9
1044,CHEMBL3421985,Fc1cccc(c1)C(=O)N2CCn3c(C2)nnc3c4ccccn4,5.3
1046,CHEMBL3421983,Fc1ccc(cc1)C(=O)N2CCn3c(C2)nnc3c4ccccn4,5.3
1049,CHEMBL3422004,Fc1ccc(cc1)C(=O)N2CCn3c(C2)nnc3c4cccc(n4)C(F)(F)F,6.4
1056,CHEMBL3422011,C[C@@H]1N(CCn2c1nnc2c3csc(C)n3)C(=O)c4ccc(cc4)c5cccs5,6.5
1117,CHEMBL3608686,Cc1nsc(n1)c2nnc3n2CCN(C(=O)c4ccc(F)cc4)C3(C)C,6.2
1118,CHEMBL3608685,C[C@H]1N(CCn2c1nnc2c3ncns3)C(=O)c4ccc(F)cc4,5.9
1121,CHEMBL3608682,C[C@H]1N(CCn2c1nnc2c3onc(C)n3)C(=O)c4ccc(F)cc4,6.8
1122,CHEMBL3608681,C[C@H]1N(CCn2c1nnc2c3nnc(C)s3)C(=O)c4ccc(F)cc4,4.8
1182,CHEMBL3680193,CN(C(=O)Oc1ccc(F)cc1)[C@@]2(C)CN(C[C@@H]2c3ccc(Cl)cc3)C(=O)c4ccc(cc4)c5ccc(F)cc5,6.52
1186,CHEMBL3680197,CN(C(=O)Oc1ccc(F)cc1)[C@@]2(C)CN(C[C@@H]2c3ccc(Cl)cc3)C(=O)c4ccc(cc4)N5CCCCC5=O,6.56
1192,CHEMBL3680202,CN([C@@H]1CN(C[C@@]1(C)c2ccc(Cl)cc2)C(=O)c3ccc(cc3)C#N)C(=O)Oc4ccc(F)cc4,6.2
1194,CHEMBL3680204,CN([C@@H]1CN(C[C@@]1(C)c2ccc(Cl)cc2)C(=O)C3CCOCC3)C(=O)Oc4ccc(F)cc4,6.46
1202,CHEMBL3680211,CN([C@@H]1CN(C[C@@]1(C)c2ccc(Cl)cc2)C(=O)c3ccc(cc3)N4CCCCC4=O)C(=O)Oc5ccc(F)cc5,6.0
1203,CHEMBL3651892,CN([C@@H]1CN(CC1c2ccc(F)cn2)C(=O)C3CCN(CC3)C(=O)C)C(=O)N(C)c4cc(cc(c4)C(F)(F)F)C(F)(F)F,5.36
1204,CHEMBL3650418,CCOc1cc(cc(c1O)[N+](=O)[O-])[C@H]2NC(=O)NC(=C2c3ccccc3)c4cccnc4,6.16
1205,CHEMBL3650415,CCOc1cc(cc(c1O)[N+](=O)[O-])[C@@H]2NC(=O)NC(=C2c3ccsc3)c4ccccc4,4.66
1206,CHEMBL3651893,COC(=O)N[C@@H]1CC[C@H](CC1)C(=O)N2C[C@H]([C@@H](C2)c3ccc(F)cc3)N(C)C(=O)N(C)c4cc(cc(c4)C(F)(F)F)C(F)(F)F,5.96
1207,CHEMBL3651887,CN([C@@H]1CCN(C[C@H]1c2ccc(Cl)c(Cl)c2)C(=O)C3CCN(CC3)C(=O)C)C(=O)N(C)c4cc(cc(c4)C(F)(F)F)C(F)(F)F,5.85
1208,CHEMBL3650413,CCOc1cc(cc(c1O)[N+](=O)[O-])[C@@H]2NC(=O)NC(=C2c3ccccc3)c4ccccc4,4.72
1209,CHEMBL3650417,CCOc1cc(cc(c1O)[N+](=O)[O-])[C@@H]2NC(=O)NC(=C2c3ccccc3)c4cccnc4,4.26
1210,CHEMBL3651889,CN([C@@H]1CN(CC1c2ccc(Cl)c(Cl)c2)C(=O)C3CCN(CC3)C(=O)C)C(=O)N(C)c4cc(cc(c4)C(F)(F)F)C(F)(F)F,6.85
1212,CHEMBL3650416,CCOc1cc(cc(c1O)[N+](=O)[O-])[C@H]2NC(=O)NC(=C2c3ccsc3)c4ccccc4,5.85
1213,CHEMBL3651895,CN([C@@H]1CN(C[C@H]1c2ccc(F)cc2)C(=O)NC3CCOCC3)C(=O)N(C)c4cc(cc(c4)C(F)(F)F)C(F)(F)F,6.19
1214,CHEMBL3650414,CCOc1cc(cc(c1O)[N+](=O)[O-])[C@H]2NC(=O)NC(=C2c3ccccc3)c4ccccc4,6.96
1215,CHEMBL3651891,CN([C@@H]1CN(C[C@H]1c2ccc(F)cc2)C(=O)C3CCN(CC3)C(=O)C)C(=O)N(C)c4cc(Cl)cc(Cl)c4,6.22
1216,CHEMBL3651896,CN([C@@H]1CN(C[C@H]1c2ccc(F)cc2)C(=O)N3CCN(CC3)S(=O)(=O)C)C(=O)N(C)c4cc(cc(c4)C(F)(F)F)C(F)(F)F,6.92
1299,CHEMBL3814967,CC[C@H](NC(=O)c1c(SCc2ccc(OC)cc2)c(nc3ccccc13)c4ccccc4)c5ccccc5,6.81
1303,CHEMBL3813735,CC[C@H](NC(=O)c1c(O)c(nc2cc(O)ccc12)c3ccccc3)c4ccccc4,6.61
1304,CHEMBL3815072,CC[C@H](NC(=O)c1c(O)c(nc2ccccc12)c3ccc(O)cc3)c4ccccc4,6.41
1307,CHEMBL3814793,CC[C@H](NC(=O)c1c(O)c(nc2ccccc12)c3ccc(OC)cc3)c4ccccc4,6.02
1308,CHEMBL3813742,CC[C@H](NC(=O)c1c(O)c(nc2ccccc12)c3ccccc3OC)c4ccccc4,5.82
