,molecule_chembl_id,canonical_smiles,pchembl_value
0,ramatroban,OC(=O)CCN1C2=C(C[C@@H](CC2)NS(=O)(=O)C2=CC=C(F)C=C2)C2=CC=CC=C12,9.24
1,CHEMBL207451,CN(C)S(=O)(=O)c1cc(Br)c2c(c1)c3CCC(CC(=O)O)c3n2Cc4ccc(Cl)cc4,7.0
2,CHEMBL126334,OC(=O)c1cccc(\C=C(/c2ccc(CCNS(=O)(=O)c3ccc(Cl)cc3)cc2)\c4cccnc4)c1,7.0
3,CHEMBL362543,OC(=O)c1cccc(c1)c2sccc2c3cc(Cl)ccc3OCc4ccccc4,7.0
4,CHEMBL175303,CCCSCC1C(C\C=C/CCCC(=O)O)C2CCC1O2,7.01
5,CHEMBL116837,CC1(C)[C@H]2C[C@H](C\C=C/CCCC(=O)O)[C@@H](NC(=O)c3csc4ccc(O)cc34)[C@@H]1C2,7.02
6,CHEMBL378929,OC(=O)CC1CCCc2c1n(Cc3ccc(Cl)cc3)c4c(cccc24)[S+]([O-])c5ccccc5,7.02
7,CHEMBL127212,NC(=O)CCC\C=C(/c1ccc(CCNS(=O)(=O)c2ccc(Cl)cc2)cc1)\c3cccnc3,7.03
8,CHEMBL418323,OC(=O)CC\C=C(/c1ccc(cc1)c2occ(n2)C(=O)NCCCCC3CCCCC3)\c4cccnc4,7.03
9,CHEMBL114260,COc1cc(cc(OC)c1OC)C(=O)NCCSC2c3ccccc3COc4ccc(cc24)C(=O)O,7.04
10,CHEMBL420136,COc1cc(OC)c2ncn(C\C=C\3/c4ccccc4COc5ccc(cc35)C(=O)O)c2c1,7.06
11,CHEMBL378151,OC(=O)CC1CCCc2c1n(Cc3ccc(Cl)cc3)c4c(cccc24)C(=O)Nc5ccccc5,7.06
12,CHEMBL190708,OCc1oc2c(OCC(=O)O)cccc2c1CCSC(c3ccccc3)c4ccccc4,7.06
13,CHEMBL339269,OC(=O)CCCCC(c1ccc(CCNS(=O)(=O)c2ccc(Cl)cc2)cc1)c3cccnc3,7.08
14,CHEMBL126761,OC(=O)CCC\C=C(/c1ccc(CCNS(=O)(=O)c2ccccc2)cc1)\c3cccnc3,7.09
15,CHEMBL482548,CSc1ccnc2c1c(Sc3ccc(Cl)cc3)c4C(CC(=O)O)CCCn24,7.1
16,CHEMBL120181,OC(=O)CCCCO\N=C(\C(Cc1ccccc1)n2ccnc2)/C3CCCCC3,7.1
17,CHEMBL192662,CC(SCCc1c(CCO)oc2c(OCC(=O)O)cccc12)(c3ccccc3)c4ccccc4,7.11
18,CHEMBL116465,OC(=O)c1cccc(c1)C(SCCNS(=O)(=O)c2ccccc2)c3ccccc3,7.11
19,CHEMBL177949,OC(=O)CCC\C=C/CC1C(CSCC=C)C2CCC1O2,7.12
20,CHEMBL126373,OC(=O)CCCC(c1ccc(CCNS(=O)(=O)c2ccc(Cl)cc2)cc1)c3cccnc3,7.13
21,CHEMBL190840,CC(SCCc1c(CCCO)oc2c(OCC(=O)O)cccc12)(c3ccccc3)c4ccccc4,7.14
22,CHEMBL331218,COc1ccc(CC(\C(=N\OCCCCC(=O)O)\C2CCCCC2)n3ccnc3)cc1,7.16
23,CHEMBL120250,Cc1ccc(CC(\C(=N\OCCCCC(=O)O)\C2CCCCC2)n3ccnc3)cc1,7.16
24,CHEMBL50785,OC(=O)CCC\C=C\CCCNS(=O)(=O)c1ccccc1,7.17
25,CHEMBL341094,OC(=O)CCC\C=C(/c1ccc(CCNS(=O)(=O)c2ccc(F)cc2)cc1)\c3cccnc3,7.18
26,CHEMBL520481,CS(=O)(=O)c1ccnc2c1c(Sc3ccc(cc3)C(F)(F)F)c4C(CC(=O)O)CCCn24,7.19
27,CHEMBL2111756,Cc1cc2ncn(C\C=C/3\c4ccccc4COc5ccc(cc35)C(=O)O)c2cc1C,7.19
28,CHEMBL114798,Cc1cc2ncn(C\C=C\3/c4ccccc4COc5ccc(CC(=O)O)cc35)c2cc1C,7.2
29,CHEMBL22418,OC(=O)CCc1ccccc1CC2=C(CCCC2)c3occ(n3)C(=O)NCCc4ccc(Cl)cc4,7.2
30,CHEMBL71685,OC(=O)Cc1ccc(CCNS(=O)(=O)c2ccc(Cl)cc2)cc1,7.2
31,CHEMBL129000,OC(=O)CCC\C=C(/c1ccc(CCN(Cc2ccccc2)S(=O)(=O)c3ccc(Cl)cc3)cc1)\c4cccnc4,7.21
32,CHEMBL17941,CC(C)(CC(=O)O)Cc1nc2ccccc2n1Cc3ccc(cc3)[N+](=O)[O-],7.22
33,CHEMBL1644003,CN(C)C(=O)c1sc2c(C)cc(C)cc2c1c3ccc(CCNC(=O)NS(=O)(=O)c4ccc(C)cc4)cc3,7.22
34,CHEMBL127738,OC(=O)CCC\C=C(/c1ccc(CCN(CC(=O)O)S(=O)(=O)c2ccc(Cl)cc2)cc1)\c3cccnc3,7.22
35,CHEMBL128022,OC(=O)CCC\C=C(\c1cccnc1)/c2cccc(NS(=O)(=O)c3ccc(Cl)cc3)c2,7.22
36,CHEMBL114257,OC(=O)c1ccc2OCc3ccccc3\C(=C/Cn4cnc5ccc(cc45)C(F)(F)F)\c2c1,7.22
37,CHEMBL3335482,OC1=C(C(=O)C(Cc2cccc(CCNS(=O)(=O)c3ccc(Cl)cc3)c2)C1)c4ccccc4,7.23
38,CHEMBL338419,OC(=O)CCC\C=C(/c1ccc(CCN(CCN2CCOCC2)S(=O)(=O)c3ccc(Cl)cc3)cc1)\c4cccnc4,7.24
39,CHEMBL340396,OC(=O)CCC\C=C(/c1ccc(CNS(=O)(=O)c2ccc(Cl)cc2)cc1)\c3cccnc3,7.26
40,CHEMBL3326602,OC1=C(Cc2cccc(CCNS(=O)(=O)c3ccc(Cl)cc3)c2)CCC1=O,7.27
41,CHEMBL338241,COc1ccc(cc1)S(=O)(=O)NCCc2ccc(cc2)\C(=C/CCCC(=O)O)\c3cccnc3,7.28
42,CHEMBL18232,OC(=O)CC1(Cc2nc3cc(F)ccc3n2Cc4ccc(Cl)cc4)CC1,7.28
43,CHEMBL298483,OC(=O)CCn1c2CCC(Cc2c3ccccc13)NS(=O)(=O)c4ccc(F)cc4,7.28
44,CHEMBL114614,OC(=O)c1ccc2OCc3ccccc3\C(=C/Cn4cnc5cc(Cl)c(Cl)cc45)\c2c1,7.28
45,CHEMBL419790,CC(C)N(CCc1ccc(cc1)\C(=C/CCCC(=O)O)\c2cccnc2)S(=O)(=O)c3ccc(Cl)cc3,7.29
46,CHEMBL365501,CC([S+]([O-])CCc1c(CO)oc2c(OCC(=O)O)cccc12)(c3ccccc3)c4ccccc4,7.29
47,CHEMBL59547,OC(=O)CCCC\C=C(\c1ccc(cc1)C2=N[C@H](CO2)C(=O)NCCCCC3CCCCC3)/c4cccnc4,7.29
48,CHEMBL275256,OC(=O)CCCCO\N=C(\C(Cc1ccc(cc1)C(F)(F)F)n2ccnc2)/C3CCCCC3,7.3
49,CHEMBL2113346,O[C@@H](COc1ccc(I)cc1)\C=C\[C@H]2[C@H]3CC[C@H](O3)[C@@H]2C\C=C/CCCC(=O)O,7.3
50,CHEMBL81263,CCCCCCCC(=O)NCC(=O)NCC1C(C\C=C\CCCC(=O)O)C2CCC1O2,7.31
51,CHEMBL126196,NC(=O)CN(CCc1ccc(cc1)\C(=C/CCCC(=O)O)\c2cccnc2)S(=O)(=O)c3ccc(Cl)cc3,7.31
52,CHEMBL175751,OC(=O)CCC\C=C/CC1C(CSCCC=C)C2CCC1O2,7.31
53,CHEMBL308351,COc1c(I)cc(CC2NCCc3cc(O)c(O)cc23)cc1I,7.33
54,CHEMBL210356,C[S+]([O-])c1cccc2c3CCC[C@H](CC(=O)O)c3n(Cc4ccc(Cl)cc4)c12,7.33
55,CHEMBL296720,OC(=O)c1ccc2OCc3ccccc3C(SCCNS(=O)(=O)c4cccnc4)c2c1,7.33
56,CHEMBL410338,CC(C)c1cc(F)cc2c1c(Sc3ccc(Cl)cc3)c4C(CC(=O)O)CCn24,7.34
57,CHEMBL323926,Cc1cccc2ncn(C\C=C\3/c4ccccc4COc5ccc(cc35)C(=O)O)c12,7.34
58,CHEMBL423511,OC(=O)c1ccc2OCc3ccccc3\C(=C/Cn4cnc5c(O)cccc45)\c2c1,7.34
59,CHEMBL33621,CNC(=O)c1coc(n1)C2C3CCC(O3)C2Cc4ccccc4CCC(=O)O,7.35
60,CHEMBL23273,OC(=O)CCc1ccccc1CC2OCOC2c3occ(n3)C(=O)NCCc4ccc(Cl)cc4,7.35
61,CHEMBL325026,COC(=O)CCC\C=C/C[C@H]1[C@@H]2CC[C@@H](C2)[C@@H]1NS(=O)(=O)c3ccc(cc3)c4ccccc4,7.36
62,CHEMBL325743,OC(=O)c1ccc2OCc3ccccc3C(SCCNC(=O)c4ccccc4)c2c1,7.36
63,CHEMBL519862,CS(=O)(=O)c1ccnc2c1c(Sc3cccc4ccccc34)c5C(CC(=O)O)CCCn25,7.38
64,CHEMBL338588,Cc1cc(C)c(c(C)c1)S(=O)(=O)NCCc2ccc(cc2)\C(=C/CCCC(=O)O)\c3cccnc3,7.38
65,CHEMBL18206,OC(=O)CC1(Cc2nc3cc(F)ccc3n2Cc4ccc(Cl)cc4)CCCC1,7.38
66,CHEMBL79278,OC(=O)CCC\C=C\CC1C(CNC(=O)CNC(=O)CSc2ccccc2)C3CCC1O3,7.38
67,CHEMBL419774,OC(=O)CC\C=C(/c1ccc(CCNS(=O)(=O)c2ccc(Cl)cc2)cc1)\c3cccnc3,7.38
68,CHEMBL339877,OC(=O)CCCCO\N=C(\C(Cc1ccc(Cl)cc1)n2ccnc2)/c3ccccc3,7.4
69,CHEMBL118188,OC(=O)CCCCO\N=C(\C(Cc1ccc(F)cc1)n2ccnc2)/c3ccccc3,7.4
70,CHEMBL17990,CC(C)(CC(=O)O)Cc1nc2cccnc2n1Cc3ccc(Cl)cc3,7.41
71,CHEMBL404199,COc1cccc(OC)c1C2(CC2)C(=O)NS(=O)(=O)Cc3ccc(N4Cc5c(OCC(F)(F)F)c6ncccc6c(OCC(F)(F)F)c5C4=O)c(C)c3,7.41
72,CHEMBL484525,CS(=O)(=O)c1ccnc2c1c(Sc3ccc(Cl)cc3)c4C(CC(=O)O)CCCn24,7.41
73,CHEMBL318426,OC(=O)CCC\C=C/CC1C2CCC(O2)C1\C=N\NC(=O)Nc3ccccc3,7.41
74,CHEMBL418000,CC(C)(CC(=O)O)Cc1nc2cc(F)ccc2n1Cc3ccc(cc3)S(=O)(=O)C,7.43
75,CHEMBL149724,CCCCC[C@H](O)\C=C\[C@H]1C2COC(C2)[C@@H]1C\C=C/CCCC(=O)O,7.43
76,CHEMBL424587,C\C(=C(/C)\c1occ(n1)C(=O)NCCc2ccc(Cl)cc2)\Cc3ccccc3CCC(=O)O,7.43
77,CHEMBL326393,OC(=O)c1ccc2OCc3ccccc3\C(=C/Cn4cnc(c4)c5ccccc5)\c2c1,7.43
78,CHEMBL282186,CC(C)(Cc1ccccc1CC2C3CCC(O3)C2c4occ(n4)C(=O)NCCCCC5CCCCC5)C(=O)O,7.44
79,CHEMBL126337,COC(=O)CCC\C=C(/c1ccc(CCNS(=O)(=O)c2ccc(Cl)cc2)cc1)\c3cccnc3,7.44
80,CHEMBL50507,OC(=O)CCC\C=C/C[C@H]1CCC[C@H]1NS(=O)(=O)c2ccccc2,7.44
81,CHEMBL483939,CS(=O)(=O)c1ccnc2c1c(Sc3ccc(Br)cc3)c4C(CC(=O)O)CCCn24,7.45
82,CHEMBL2448578,OC(=O)CCC\C=C/C[C@H]1[C@H]2CC[C@@H](O2)[C@H]1CNNC(=O)Nc3ccccc3,7.45
83,CHEMBL130470,CCN(CCc1ccc(cc1)\C(=C/CCCC(=O)O)\c2cccnc2)S(=O)(=O)c3ccc(Cl)cc3,7.48
84,CHEMBL114424,CN(CCSC1c2ccccc2COc3ccc(cc13)C(=O)O)S(=O)(=O)c4ccccc4,7.48
85,CHEMBL129734,Cc1ccc(cc1)S(=O)(=O)NCCc2ccc(cc2)\C(=C/CCCC(=O)O)\c3cccnc3,7.48
86,CHEMBL56722,OC(=O)CCC\C=C(/c1ccc(cc1)c2occ(n2)C(=O)NCCCCC3CCCCC3)\c4cccnc4,7.48
87,CHEMBL324130,OC(=O)c1ccc2OCc3ccccc3C(SCCNS(=O)(=O)c4ccccc4)c2c1,7.5
88,CHEMBL277826,CC(C)(CC(=O)O)Cc1nc2ccccc2n1Cc3ccc(Cl)cc3,7.51
89,CHEMBL357834,CCCCC[C@H](O)\C=C\[C@@H]1[C@@H](C\C=C/CCCC(=O)O)C2COC1C2,7.51
90,CHEMBL17899,COc1ccc(Cn2c(CC(C)(C)CC(=O)O)nc3ccccc23)cc1,7.51
91,CHEMBL68512,Cc1c(C)c(C(CCCCCC(=O)O)c2ccc(F)cc2)c(O)c(C)c1C=O,7.52
92,CHEMBL333237,OC(=O)CCCCO\N=C(\C(Cc1cccc(F)c1)n2ccnc2)/C3CCCCC3,7.52
93,CHEMBL114588,OC(=O)c1ccc2CCc3ccccc3C(SCCNS(=O)(=O)c4ccccc4)c2c1,7.52
94,CHEMBL116721,OC(=O)c1ccc2OCc3ccccc3\C(=C/Cn4cnc5cc(ccc45)C(=O)O)\c2c1,7.52
95,CHEMBL3354619,OC1=C(Cc2ccccc2)C(=O)C(Cc3cccc4CC(CCc34)NS(=O)(=O)c5ccc(Cl)cc5)C1,7.54
96,CHEMBL127008,OC(=O)CCC\C=C(/c1ccc(CCN(Cc2ccc(cc2)C(=O)O)S(=O)(=O)c3ccc(Cl)cc3)cc1)\c4cccnc4,7.55
97,CHEMBL338360,OC(=O)CCC\C=C(/c1ccc(CCNS(=O)(=O)c2ccc(cc2)C(F)(F)F)cc1)\c3cccnc3,7.55
98,CHEMBL261811,CSC(C)c1cc(F)cc2c1c(Sc3ccc(Cl)cc3)c4C(CC(=O)O)CCn24,7.56
99,CHEMBL114826,Cc1ccc(cc1)S(=O)(=O)NCCSC2c3ccccc3COc4ccc(cc24)C(=O)O,7.57
100,CHEMBL312360,CCCCCC\C(=N\C\C(=N\CC1C(C\C=C\CCCC(=O)O)[C@H]2CCC1O2)\S)\S,7.58
101,CHEMBL29947,CC(C)NC(=O)c1coc(n1)C2C3CCC(O3)C2Cc4ccccc4CCC(=O)O,7.59
102,CHEMBL191056,CC(SCCc1coc2c(OCC(=O)O)cccc12)(c3ccccc3)c4ccccc4,7.59
103,CHEMBL126494,OC(=O)CCO\N=C(/c1ccc(CCNS(=O)(=O)c2ccc(Cl)cc2)cc1)\c3cccnc3,7.59
104,CHEMBL129355,CN(CCc1ccc(cc1)\C(=C/CCCC(=O)O)\c2cccnc2)S(=O)(=O)c3ccc(Cl)cc3,7.6
105,CHEMBL415239,OC(=O)c1ccc2C=Cc3ccccc3C(SCCNS(=O)(=O)c4ccccc4)c2c1,7.6
106,CHEMBL484130,CS(=O)(=O)c1ccnc2c1c(Sc3ccc(F)cc3Cl)c4C(CC(=O)O)CCCn24,7.61
107,CHEMBL417967,CCCCCC(O)\C=C\[C@@H]1[C@@H](C\C=C/CCCC(=O)O)[C@@H]2C[C@H]1OC(=O)O2,7.62
108,CHEMBL22244,OC(=O)CCc1ccccc1C[C@@H]2CCC[C@@H]2c3occ(n3)C(=O)NCCCCC4CCCCC4,7.62
109,CHEMBL417820,CC(C)(CC(=O)O)Cc1nc2cc(Cl)ccc2n1Cc3ccc(Cl)cc3,7.64
110,CHEMBL17677,CC(C)(CCC(=O)O)Cc1nc2cc(F)ccc2n1Cc3ccc(Cl)cc3,7.64
111,CHEMBL520480,CS(=O)(=O)c1ccnc2c1c(Sc3ccc(Cl)c(Cl)c3)c4C(CC(=O)O)CCCn24,7.64
112,CHEMBL115111,Cc1ccc2ncn(C\C=C\3/c4ccccc4COc5ccc(cc35)C(=O)O)c2c1,7.64
113,CHEMBL30377,OC(=O)CCc1ccccc1CC2C3CCC(O3)C2c4occ(n4)C(=O)NCCCCC(=O)NC5CCCCC5,7.66
114,CHEMBL2368531,[Li+].[O-]C(=O)CCc1ccccc1CC2C3CCC(O3)C2c4occ(n4)C(=O)NCCCCN5CCCCC5,7.66
115,CHEMBL18197,CC(C)(CC(=O)O)Cc1nc2cc(Cl)cnc2n1Cc3ccc(Cl)cc3,7.68
116,CHEMBL127683,OC(=O)CCC\C=C(\c1cccnc1)/c2cccc(CNS(=O)(=O)c3ccc(Cl)cc3)c2,7.68
117,CHEMBL95867,OC(=O)CCCc1ccccc1CC2C3CCC(O3)C2\C=N\NC(=O)Nc4ccccc4,7.68
118,CHEMBL418552,COc1ccc(Cn2c(CC(C)(C)CC(=O)O)nc3cc(Cl)ccc23)cc1,7.7
119,CHEMBL302514,Cc1c(C)c(C=O)c(C)c(C(CCCCCC(=O)O)c2ccccc2)c1O,7.7
120,CHEMBL120041,OC(=O)CCCCO\N=C(\C(Cc1ccc(F)cc1)n2ccnc2)/C3CCCCC3,7.7
121,CHEMBL114363,OC(=O)c1ccc2OCc3ccccc3C(SCCNS(=O)(=O)c4ccc(cc4)C(F)(F)F)c2c1,7.7
122,CHEMBL30727,OCCCCCNC(=O)c1coc(n1)C2C(Cc3ccccc3CCC(=O)O)C4CCC2O4,7.7
123,CHEMBL287421,CC(C)(C)NC(=O)c1coc(n1)C2C3CCC(O3)C2Cc4ccccc4CCC(=O)O,7.72
124,CHEMBL127017,OC(=O)CCCC\C=C(/c1ccc(CCNS(=O)(=O)c2ccc(Cl)cc2)cc1)\c3cccnc3,7.72
125,CHEMBL277689,OC(=O)CCC\C=C(/c1ccc(CCNS(=O)(=O)c2ccc(Cl)cc2)cc1)\c3cccnc3,7.72
126,CHEMBL170747,OC(=O)CCc1ccccc1Cc2ccccc2c3occ(n3)C(=O)NCCCCC4CCCCC4,7.72
127,CHEMBL31043,OC(=O)Cc1ccccc1CC2C3CCC(O3)C2c4occ(n4)C(=O)NCCCCC5CCCCC5,7.72
128,CHEMBL286708,OC(=O)c1cccc(CCC2C3CCC(O3)C2c4occ(n4)C(=O)NCCCCC5CCCCC5)c1,7.74
129,CHEMBL114785,COc1ccc(C(=O)NCCSC2c3ccccc3COc4ccc(cc24)C(=O)O)c(OC)c1OC,7.75
130,CHEMBL484327,CS(=O)(=O)c1ccnc2c1c(Sc3cccc(Cl)c3Cl)c4C(CC(=O)O)CCCn24,7.75
131,CHEMBL325521,Cc1cc2ncn(CCC3c4ccccc4COc5ccc(cc35)C(=O)O)c2cc1C,7.75
132,CHEMBL324583,COc1ccc(cc1)S(=O)(=O)NCCSC2c3ccccc3COc4ccc(cc24)C(=O)O,7.77
133,CHEMBL117242,Cc1cccc2c1ncn2C\C=C\3/c4ccccc4COc5ccc(cc35)C(=O)O,7.77
134,CHEMBL258968,OC(=O)CC1CCn2c1c(Sc3ccc(Cl)cc3)c4c(Br)cc(F)cc24,7.77
135,CHEMBL264421,OC(=O)CC1CCn2c1c(Sc3ccc(Cl)cc3)c4ccc(F)cc24,7.77
136,CHEMBL325868,OC(c1ccccc1)c2ccc3ncn(C\C=C\4/c5ccccc5COc6ccc(cc46)C(=O)O)c3c2,7.77
137,CHEMBL2107786,Cc1ccc2C[C@@H](CCc2c1CCC(=O)O)NS(=O)(=O)c3ccc(Cl)cc3,7.79
138,CHEMBL280786,OC(=O)Cc1cccc(CCC2C3CCC(O3)C2c4occ(n4)C(=O)NCCCCC5CCCCC5)c1,7.79
139,CHEMBL275382,CC(C)(CC(=O)O)Cc1nc2ccccc2n1Cc3ccc(Br)cc3,7.8
140,CHEMBL58332,OC(=O)CCCC\C=C(/c1ccc(cc1)C2=N[C@@H](CO2)C(=O)NCCCCC3CCCCC3)\c4cccnc4,7.81
141,CHEMBL56778,OC(=O)CCCC\C=C(/c1ccc(cc1)C2=N[C@H](CO2)C(=O)NCCCCC3CCCCC3)\c4cccnc4,7.81
142,CHEMBL277516,CC(C)(CC(=O)O)Cc1nc2cc(F)ccc2n1Cc3ccc(Br)cc3F,7.82
143,CHEMBL115536,Cc1ccc2c(c1)ncn2C\C=C\3/c4ccccc4COc5ccc(cc35)C(=O)O,7.82
144,CHEMBL280107,OC(=O)CC1CCCc2c1n(Cc3ccc(Cl)cc3)c4ccc(F)cc24,7.82
145,CHEMBL2178581,OC(=O)Cc1ccc2OCc3ccccc3\C(=C/Cn4cnc5ccccc45)\c2c1,7.82
146,CHEMBL444330,OC(=O)c1ccc2OCc3ccccc3C(SCCNS(=O)(=O)c4ccccc4[N+](=O)[O-])c2c1,7.82
147,CHEMBL331833,OC(=O)c1ccc2OCc3ccccc3\C(=C/Cn4cnc5ccc(Cl)cc45)\c2c1,7.82
148,CHEMBL198104,OC(=O)c1ccc2OCc3ccccc3\C(=C/Cn4cnc5ccccc45)\c2c1,7.82
149,CHEMBL324972,[Na+].[O-]C(=O)c1ccc2OCc3ccccc3\C(=C\Cn4cnc5ccccc45)\c2c1,7.82
150,CHEMBL385126,CC(=O)c1cc(F)cc2c3CC[C@H](CC(=O)O)c3n(Cc4ccc(Cl)cc4)c12,7.85
151,CHEMBL114838,OC(=O)c1ccc2OCc3ccccc3C(SCCNS(=O)(=O)c4ccc5ccccc5c4)c2c1,7.85
152,CHEMBL326808,OC(=O)c1ccc2OCc3ccccc3C(SCCNS(=O)(=O)c4cccc(c4)[N+](=O)[O-])c2c1,7.85
153,CHEMBL521290,CC(C)c1ccnc2c1c(Sc3ccc(Cl)c(Cl)c3)c4C(CC(=O)O)CCCn24,7.86
154,CHEMBL18093,CC(C)(CC(=O)O)Cc1nc2cc(Cl)ccc2n1Cc3ccc(Br)cc3,7.89
155,CHEMBL126577,OC(=O)CCC\C=C(\c1cccnc1)/c2ccc3CC(CCc3c2)NS(=O)(=O)c4ccc(Cl)cc4,7.89
156,CHEMBL79287,CCCCCC\C(=N\CC(=O)NCC1C(C\C=C\CCCC(=O)O)C2CCC1O2)\S,7.91
157,CHEMBL293764,OC(=O)CCCC\C=C(\c1cccnc1)/c2cccc(c2)c3occ(n3)C(=O)NCCCCC4CCCCC4,7.91
158,CHEMBL17528,CC(C)(CC(=O)O)Cc1nc2cc(Cl)ccc2n1Cc3ccc(Cl)c(Cl)c3,7.92
159,CHEMBL17640,CC(C)(CC(=O)O)Cc1nc2cc(F)ccc2n1Cc3ccc(Br)cc3,7.92
160,CHEMBL325523,COc1ccc2ncn(C\C=C\3/c4ccccc4COc5ccc(cc35)C(=O)O)c2c1,7.92
161,CHEMBL126185,Clc1ccc(cc1)S(=O)(=O)NCCc2ccc(cc2)\C(=C/CCCc3nnn[nH]3)\c4cccnc4,7.92
162,CHEMBL127380,OC(=O)CCC\C=C(\c1cccnc1)/c2cccc(CCNS(=O)(=O)c3ccc(Cl)cc3)c2,7.92
163,CHEMBL340504,OC(=O)C\C=C(/c1ccc(CCNS(=O)(=O)c2ccc(Cl)cc2)cc1)\c3cccnc3,7.92
164,CHEMBL261501,CS(=O)(=O)c1cc(F)cc2c1c(Cc3ccc(Cl)cc3)c4C(CC(=O)O)CCn24,7.93
165,CHEMBL3354613,CC1=C(O)CC(Cc2cccc3CC(CCc23)NS(=O)(=O)c4ccc(Cl)cc4)C1=O,7.95
166,CHEMBL2079673,OC(=O)C[C@@H]1CCCc2c1n(Cc3ccc(Cl)cc3)c4ccc(F)cc24,7.95
167,CHEMBL7718,CC(C)(C)\N=C(/NC#N)\Nc1cccc(c1)\C(=C\CCCC(=O)O)\c2cccnc2,7.96
168,CHEMBL274287,CC(C)(CC(=O)O)Cc1nc2ccccc2n1Cc3ccc(Br)cc3F,7.96
169,CHEMBL418583,CCCCCN(C)C(=O)c1coc(n1)C2C(Cc3ccccc3CCC(=O)O)C4CCC2O4,7.96
170,CHEMBL422253,COc1ccccc1C(=O)NCCSC2c3ccccc3COc4ccc(cc24)C(=O)O,7.96
171,CHEMBL426559,CS(=O)(=O)c1cc(F)cc2c3CC[C@H](CC(=O)O)c3n(Cc4ccc(Cl)cc4)c12,7.96
172,CHEMBL23414,OC(=O)CCc1ccccc1CN2CCCC2c3occ(n3)C(=O)NCCCCC4CCCCC4,7.96
173,CHEMBL1643785,OC(=O)Cc1c2CC[C@H](Cn2c3ccccc13)NS(=O)(=O)c4ccc(F)cc4,7.96
174,CHEMBL113670,OC(=O)c1ccc2OCc3ccccc3\C(=C/CNS(=O)(=O)c4ccccc4)\c2c1,7.96
175,CHEMBL3335473,OC(=O)Cc1cccc2CC(CCc12)NS(=O)(=O)c3ccc(Cl)cc3,7.97
176,CHEMBL416395,OC(=O)CCc1ccccc1CC2C3CCC(O3)C2c4occ(n4)\C(=N\CCCCC5CCCCC5)\S,7.98
177,CHEMBL433435,CCCNC(=O)c1coc(n1)C2C3CCC(O3)C2Cc4ccccc4CCC(=O)O,8.0
178,CHEMBL115924,Cc1ccsc1C(=O)NCCSC2c3ccccc3COc4ccc(cc24)C(=O)O,8.0
179,CHEMBL299467,OC(=O)CCCC\C=C(/c1ccc(cc1)c2occ(n2)C(=O)NCCCCC3CCCCC3)\c4cccnc4,8.0
180,CHEMBL117943,OC(=O)c1ccc2OCc3ccccc3\C(=C/Cn4cnc5ccc(cc45)C(=O)NCc6ccccc6)\c2c1,8.0
181,CHEMBL467114,[Na+].[O-]C(=O)c1cccc(Cc2cc(Cl)ccc2OCc3ccc(Cl)cc3F)n1,8.0
182,CHEMBL115238,OC(=O)c1ccc2OCc3ccccc3\C(=C/Cn4cnc5ccc(F)cc45)\c2c1,8.02
183,CHEMBL116342,OC(=O)c1ccc2OCc3ccccc3\C(=C/Cn4cnc5ccc(cc45)[N+](=O)[O-])\c2c1,8.02
184,CHEMBL267820,CC(C)c1cccc2c3CCCC(CC(=O)O)c3n(Cc4ccc(Cl)cc4)c12,8.04
185,CHEMBL338420,OC(=O)CCC\C=C(\c1cccnc1)/c2ccc3CC(Cc3c2)NS(=O)(=O)c4ccc(F)cc4,8.05
186,CHEMBL82146,CCCCCCCCC(=O)NCC(=O)NCC1C(C\C=C\CCCC(=O)O)C2CCC1O2,8.08
187,CHEMBL432602,OC(=O)c1ccc2OCc3ccccc3\C(=C/Cn4cnc5cc(F)ccc45)\c2c1,8.08
188,CHEMBL2115542,OC(=O)CCc1ccccc1C(=O)N2C(CCC2=O)c3occ(n3)C(=O)NCCCCC4CCCCC4,8.1
189,CHEMBL280890,OC(=O)CCc1ccccc1CC2COCOC2c3occ(n3)C(=O)NCCc4ccc(Cl)cc4,8.1
190,CHEMBL278653,CC(C)(CC(=O)O)Cc1nc2cc(F)ccc2n1Cc3ccc(Cl)cc3,8.11
191,CHEMBL114473,OC(=O)c1ccc2OCc3ccccc3C(SCCNC(=O)OCc4ccccc4)c2c1,8.11
192,CHEMBL208596,OCc1cccc2c3CCCC(CC(=O)O)c3n(Cc4ccc(Cl)cc4)c12,8.11
193,CHEMBL326856,OC(=O)c1ccc2OCc3ccccc3C(SCCc4nc5ccccc5[nH]4)c2c1,8.12
194,CHEMBL70972,CC1=C(C)C(=O)C(=C(C)C1=O)C(CCCCCC(=O)O)c2ccccc2,8.13
195,CHEMBL300681,OC(=O)CCC\C=C/C[C@H]1CCC[C@@H]1NS(=O)(=O)c2ccccc2,8.13
196,CHEMBL509685,CC(C)c1ccnc2c1c(Sc3ccc(Cl)cc3)c4C(CC(=O)O)CCCn24,8.16
197,CHEMBL279348,CSc1ccc(Cn2c(CC(C)(C)CC(=O)O)nc3cc(Cl)cnc23)cc1,8.16
198,CHEMBL278159,OC(=O)CCc1ccccc1CC2C3CCC(O3)C2c4occ(n4)C(=O)NCCc5ccc(Cl)cc5,8.16
199,CHEMBL114102,OC(=O)c1ccc2OCc3ccc(Br)cc3C(SCCNS(=O)(=O)c4ccccc4)c2c1,8.17
200,CHEMBL210045,OC(=O)CC1CCCc2c1n(Cc3ccc(Cl)cc3)c4c(C=O)cccc24,8.18
201,CHEMBL324364,OC(=O)c1ccc2OCc3ccccc3C(SCCNS(=O)(=O)\C=C\c4ccccc4)c2c1,8.19
202,CHEMBL3354615,OC1=C(C(=O)C(Cc2cccc3CC(CCc23)NS(=O)(=O)c4ccc(Cl)cc4)C1)c5ccc(F)cc5,8.19
203,CHEMBL18257,CC(C)(CC(=O)O)Cc1nc2cc(F)ccc2n1Cc3ccc(Cl)c(Cl)c3,8.22
204,CHEMBL113944,COc1cc(OC)c2c(c1)ncn2C\C=C\3/c4ccccc4COc5ccc(cc35)C(=O)O,8.22
205,CHEMBL18000,CSc1ccc(Cn2c(CC(C)(C)CC(=O)O)nc3cc(Cl)ccc23)cc1,8.22
206,CHEMBL65414,OC(=O)CCC(CCCCNS(=O)(=O)c1ccc(Cl)cc1)CCCc2cccnc2,8.22
207,CHEMBL95884,OC(=O)COc1ccccc1CC2C3CCC(O3)C2\C=N\NC(=O)Nc4ccccc4,8.22
208,CHEMBL114324,OC(=O)c1ccc2OCc3ccccc3C(SCC\N=C(/S)\NCc4ccccc4)c2c1,8.22
209,CHEMBL325032,OC(=O)c1ccc2OCc3ccccc3\C(=C/Cn4cnc5cc(Cl)ccc45)\c2c1,8.22
210,CHEMBL117821,OC(c1ccccc1)c2ccc3c(c2)ncn3C\C=C\4/c5ccccc5COc6ccc(cc46)C(=O)O,8.22
211,CHEMBL418585,CCCCCCCCCCNC(=O)c1coc(n1)C2C(Cc3ccccc3CCC(=O)O)C4CCC2O4,8.24
212,CHEMBL326047,OC(=O)c1ccc2OCc3ccccc3C(SCCNS(=O)(=O)c4cccs4)c2c1,8.24
213,CHEMBL521784,CCCCC[C@H](O)\C=C\[C@@H]1[C@@H](C\C=C/CCCC(=O)O)[C@H]2CO[C@@H]1C2,8.26
214,CHEMBL210471,CS(=O)(=O)c1cccc2c3CCCC(CC(=O)O)c3n(Cc4ccc(Cl)cc4)c12,8.29
215,CHEMBL324256,OC(=O)c1ccc2OCc3ccccc3C(SCCNC(=O)c4ccccc4O)c2c1,8.29
216,CHEMBL418730,CSc1ccc(Cn2c(CC(C)(C)CC(=O)O)nc3cc(F)ccc23)cc1,8.3
217,CHEMBL281293,OC(=O)CCc1ccccc1CC2C3CCC(O3)C2c4occ(n4)C(=O)NCCCCC(F)(F)F,8.32
218,CHEMBL416943,OC(=O)CCc1ccccc1CC2C3CCC(O3)C2c4occ(n4)C(=O)NCCCCCC#C,8.33
219,CHEMBL190236,CC(SCCc1c(CO)oc2c(OCC(=O)O)cccc12)(c3ccccc3)c4ccccc4,8.35
220,CHEMBL208115,CCCCCNC(=O)NS(=O)(=O)c1cc(ccc1Nc2cccc(C)c2)[N+](=O)[O-],8.35
221,CHEMBL31334,OC(=O)CCc1ccccc1CC2C3CCC(O3)C2c4occ(n4)C(=O)NC5CCCCC5,8.35
222,CHEMBL420002,Cc1c(C)c(C=O)c(C)c(C(CCCCCC(=O)O)c2ccc(F)cc2)c1O,8.36
223,CHEMBL190288,CC(c1ccccc1)(c2ccccc2)S(=O)(=O)CCc3c(CO)oc4c(OCC(=O)O)cccc34,8.37
224,CHEMBL424031,OC(=O)CCc1ccccc1CC2CCC[C@H]2c3occ(n3)C(=O)NCCCCC4CCCCC4,8.37
225,CHEMBL83366,CC(C)(C)c1ccc(SCC(=O)NCC(=O)NCC2C3CCC(O3)C2C\C=C\CCCC(=O)O)cc1,8.38
226,CHEMBL283100,CCCCCNC(=O)c1coc(n1)C2C(Cc3ccccc3CCC(=O)O)C4CCC2O4,8.4
227,CHEMBL277065,COc1ccc(Cn2c(CC(C)(C)CC(=O)O)nc3cc(F)ccc23)cc1,8.4
228,CHEMBL114034,OC(=O)c1ccc2OCc3ccccc3\C(=C/Cn4c(O)nc5ccccc45)\c2c1,8.4
229,CHEMBL324965,Cc1cc(C)c2ncn(C\C=C\3/c4ccccc4COc5ccc(cc35)C(=O)O)c2c1,8.41
230,CHEMBL30537,OC(=O)CCc1ccccc1CC2C3CCC(O3)C2c4occ(n4)C(=O)NCCCCc5ccc(F)cc5,8.41
231,CHEMBL3354614,OC1=C(C(=O)C(Cc2cccc3CC(CCc23)NS(=O)(=O)c4ccc(Cl)cc4)C1)c5ccccc5,8.41
232,CHEMBL482547,CS(=O)(=O)c1ccnc2c1c(Sc3ccc(Cl)cc3Cl)c4C(CC(=O)O)CCCn24,8.42
233,CHEMBL114901,OC(=O)c1ccc2SCc3ccccc3C(SCCNS(=O)(=O)c4ccccc4)c2c1,8.43
234,CHEMBL115224,Cc1ccc2c(ncn2C\C=C\3/c4ccccc4COc5ccc(cc35)C(=O)O)c1C,8.44
235,CHEMBL210964,CCCCCNC(=O)NS(=O)(=O)c1cc(ccc1Nc2ccc(C)cc2)[N+](=O)[O-],8.45
236,CHEMBL114213,COc1cc2ncn(C\C=C\3/c4ccccc4COc5ccc(cc35)C(=O)O)c2cc1OC,8.47
237,CHEMBL23711,OC(=O)CCc1ccccc1C[C@H]2CCC[C@@H]2c3occ(n3)C(=O)NCc4ccc(Cl)cc4,8.48
238,CHEMBL114335,COc1ccc2c(c1)ncn2C\C=C\3/c4ccccc4COc5ccc(cc35)C(=O)O,8.5
239,CHEMBL30832,OC(=O)COc1ccccc1CC2C3CCC(O3)C2c4occ(n4)C(=O)NCCCCC5CCCCC5,8.5
240,CHEMBL31850,CC(C)(C)CCNC(=O)c1coc(n1)C2C3CCC(O3)C2Cc4ccccc4CCC(=O)O,8.54
241,CHEMBL287068,CSc1ccc(CCCCNC(=O)c2coc(n2)C3C4CCC(O4)C3Cc5ccccc5CCC(=O)O)cc1,8.54
242,CHEMBL48597,OC(=O)CCC\C=C/CC1C2CCC(C2)C1NS(=O)(=O)c3ccccc3,8.54
243,CHEMBL211008,CCCCCCCNC(=O)NS(=O)(=O)c1cc(ccc1NC2CCCCC2)[N+](=O)[O-],8.57
244,CHEMBL422964,Cc1cc2ncn(C\C=C\3/c4ccccc4COc5ccc(cc35)C(=O)O)c2cc1C,8.57
245,CHEMBL115241,OC(=O)c1ccc2OCc3ccccc3\C(=C/Cn4cnc5cc6OCOc6cc45)\c2c1,8.57
246,CHEMBL274415,CCCCCNC(=O)NS(=O)(=O)c1cc(ccc1Oc2ccc(C)cc2)[N+](=O)[O-],8.58
247,CHEMBL377072,CSc1cccc2c3CCCC(CC(=O)O)c3n(Cc4ccc(Cl)cc4)c12,8.59
248,CHEMBL312732,OC(=O)CCC\C=C\CC1C(CNC(=O)CNC(=O)CCCCC2CCCCC2)C3CCC1O3,8.59
249,CHEMBL29374,OC(=O)CCc1cccc2CC(CCc12)NS(=O)(=O)c3ccc(Cl)cc3,8.59
250,CHEMBL427844,CC(=O)Nc1cc(cc(c1)n2c(C)ccc2c3cc(Br)ccc3OCc4ccc(F)cc4F)C(=O)O,8.6
251,CHEMBL206631,OC(=O)CC1CCCc2c1n(Cc3ccc(Cl)cc3)c4ccccc24,8.62
252,CHEMBL378125,OC(=O)CC1CCCc2c1n(Cc3ccc(Cl)cc3)c4c(Br)cccc24,8.66
253,CHEMBL333159,OC(=O)c1ccc2OCc3ccccc3\C(=C/Cn4cnc5cc(ccc45)C(F)(F)F)\c2c1,8.66
254,CHEMBL209245,Cc1ccc(Nc2ccc(cc2S(=O)(=O)NC(=O)NCc3ccccc3)[N+](=O)[O-])cc1,8.72
255,CHEMBL209134,CCCCCNC(=O)NS(=O)(=O)c1cc(ccc1Nc2ccc(Br)c(C)c2)[N+](=O)[O-],8.74
256,CHEMBL209035,Cc1ccc(Oc2ccc(cc2S(=O)(=O)NC(=O)NC(C)(C)C)[N+](=O)[O-])cc1,8.75
257,CHEMBL424621,OC(=O)c1ccc2OCc3ccccc3\C(=C/Cn4cnc5cc(ccc45)[N+](=O)[O-])\c2c1,8.75
258,CHEMBL380274,Cc1ccc(Sc2ccc(cc2S(=O)(=O)NC(=O)NC(C)(C)C)[N+](=O)[O-])cc1,8.76
259,CHEMBL208260,OC(=O)CC1CCCc2c1n(Cc3ccc(Cl)cc3)c4c(F)cc(F)cc24,8.77
260,CHEMBL208818,CCCCCCNC(=O)NS(=O)(=O)c1cc(ccc1Oc2ccc(C)cc2)[N+](=O)[O-],8.8
261,CHEMBL3349042,CCCCCCSC[C@@H]1[C@H](C\C=C/CCCC(=O)O)[C@H]2CCC1O2,8.8
262,CHEMBL30398,CS(=O)(=O)NC(=O)CCc1ccccc1CC2C3CCC(O3)C2c4occ(n4)C(=O)NCCCCC5CCCCC5,8.8
263,CHEMBL377679,CCCCCNC(=O)NS(=O)(=O)c1cc(ccc1Nc2c(C)cccc2C)[N+](=O)[O-],8.82
264,CHEMBL208543,Cc1ccc(Oc2ccc(cc2S(=O)(=O)NC(=O)NC3CCCCC3)[N+](=O)[O-])cc1,8.82
265,CHEMBL285596,OC(=O)Cc1cccc(CC2C3CCC(O3)C2c4occ(n4)C(=O)NCCCCC5CCCCC5)c1,8.92
266,CHEMBL7353,CCCCCNC(=O)NS(=O)(=O)c1cc(ccc1NC2CCCCC2)[N+](=O)[O-],8.96
267,CHEMBL310406,OC(=O)CCC\C=C\CC1C(CNC(=O)CNC(=O)CCCC2CCCCC2)C3CCC1O3,8.96
268,CHEMBL379736,CCCCCCNC(=O)NS(=O)(=O)c1cc(ccc1NC2CCCCC2)[N+](=O)[O-],8.97
269,CHEMBL379659,CCCCCNC(=O)NS(=O)(=O)c1cc(ccc1Nc2cc(C)cc(C)c2)[N+](=O)[O-],8.97
270,CHEMBL210602,Cc1ccc(Nc2ccc(cc2S(=O)(=O)NC(=O)NC(C)(C)C)[N+](=O)[O-])cc1,8.98
271,CHEMBL95872,OC(=O)CCc1ccccc1CC2C3CCC(O3)C2\C=N\NC(=O)Nc4ccccc4,9.0
272,CHEMBL286978,OC(=O)CCc1ccccc1CC2C3CCC(O3)C2c4occ(n4)C(=O)OCCCCC5CCCCC5,9.0
273,CHEMBL431075,OC(=O)c1ccc2OCc3ccccc3\C(=C/Cn4cnc5cc(ccc45)C(=O)NCc6ccccc6)\c2c1,9.04
274,CHEMBL31154,OC(=O)CCCc1ccccc1CC2C3CCC(O3)C2c4occ(n4)C(=O)NCCCCC5CCCCC5,9.07
275,CHEMBL426387,OC(=O)C[C@H]1CCc2c1n(Cc3ccc(Cl)cc3)c4c(Br)cc(F)cc24,9.08
276,CHEMBL281726,CCC(C)(C)NC(=O)c1coc(n1)C2C3CCC(O3)C2Cc4ccccc4CCC(=O)O,9.1
277,CHEMBL209306,Cc1cccc(C)c1Nc2ccc(cc2S(=O)(=O)NC(=O)NC(C)(C)C)[N+](=O)[O-],9.11
278,CHEMBL209406,CCCCNC(=O)NS(=O)(=O)c1cc(ccc1Oc2ccc(C)cc2)[N+](=O)[O-],9.13
279,CHEMBL31922,OC(=O)CCc1ccccc1CC2C3CCC(O3)C2c4occ(n4)C(=O)NCCC5CCCCC5,9.16
280,CHEMBL410732,OC(=O)CCc1ccccc1CC2C3CCC(O3)C2c4occ(n4)C(=O)NCCc5ccccc5,9.16
281,CHEMBL209168,Cc1ccc(Nc2ccc(cc2S(=O)(=O)NC(=O)N3CCCCC3)[N+](=O)[O-])cc1,9.17
282,CHEMBL30972,CC(C)(C)CCCCNC(=O)c1coc(n1)C2C3CCC(O3)C2Cc4ccccc4CCC(=O)O,9.22
283,CHEMBL29429,OC(=O)CCc1ccccc1CC2C3CCC(O3)C2c4occ(n4)C(=O)NCCCCc5ccc(O)cc5,9.3
284,CHEMBL25657,OC(=O)CCc1ccccc1C[C@@H]2CCC[C@H]2c3occ(n3)C(=O)NCc4ccc(Cl)cc4,9.3
285,CHEMBL2096756,CC\C=C/CCSCC1C(C\C=C/CCCC(=O)O)C2CCC1O2,9.4
286,CHEMBL281959,COc1ccc(CCCCNC(=O)c2coc(n2)C3C4CCC(O4)C3Cc5ccccc5CCC(=O)O)cc1,9.52
287,CHEMBL283923,OC(=O)CCc1ccccc1CC2C3CCC(O3)C2c4occ(n4)C(=O)NCCCCc5ccccc5,9.52
288,CHEMBL30743,CCCCCCCNC(=O)c1coc(n1)C2C(Cc3ccccc3CCC(=O)O)C4CCC2O4,9.7
289,CHEMBL30615,OC(=O)CCc1ccccc1CC2C3CCC(O3)C2c4occ(n4)C(=O)NCCCCc5ccc(Cl)cc5,9.7
290,CHEMBL435382,OC(=O)CCC\C=C/C[C@H]1[C@@H]2CC[C@@H](C2)[C@@H]1NS(=O)(=O)c3ccc4ccccc4c3,9.89
291,CHEMBL31765,OC(=O)CCc1ccccc1CC2C3CCC(O3)C2c4occ(n4)C(=O)NCCCCC5CCCCC5,10.0
292,CHEMBL3354616,COc1ccc(cc1)C2=C(O)CC(Cc3cccc4CC(CCc34)NS(=O)(=O)c5ccc(Cl)cc5)C2=O,10.28
293,CHEMBL31146,OC(=O)CCc1ccccc1CC2C3CCC(O3)C2c4occ(n4)C(=O)CCCCCC5CCCCC5,10.3
294,CHEMBL3354618,Cc1cccc(C)c1C2=C(O)CC(Cc3cccc4CC(CCc34)NS(=O)(=O)c5ccc(Cl)cc5)C2=O,10.82
6,CHEMBL174388,OC(=O)CC1CCCc2c1n(Cc3cccc(OCCCCCc4cccnc4)c3)c5ccc(F)cc25,5.5
7,CHEMBL362418,OC(=O)CC1CCCc2c1n(Cc3cccc(OCCC\C=C/c4cccnc4)c3)c5ccc(F)cc25,6.2
11,CHEMBL427300,OC(=O)CC1CCCc2c1n(Cc3ccc(OCCCC#Cc4cccnc4)cc3)c5ccc(F)cc25,6.8
12,CHEMBL172198,OC(=O)CC1CCCc2c1n(Cc3ccc(OCCCCC#Cc4cccnc4)cc3)c5ccc(F)cc25,6.7
15,CHEMBL425325,OC(=O)CC1CCCc2c1n(Cc3cccc(OCCCCc4cccnc4)c3)c5ccc(F)cc25,6.3
16,CHEMBL175538,OC(=O)CC1CCCc2c1n(Cc3cccc(OCCCC#Cc4cccnc4)c3)c5ccc(F)cc25,6.0
17,CHEMBL367109,OC(=O)CC1CCCc2c1n(Cc3cccnc3)c4ccc(F)cc24,5.5
25,CHEMBL177596,OC(=O)CC1CCCc2c1n(Cc3cccc(CCCCCc4cccnc4)c3)c5ccc(F)cc25,5.4
29,CHEMBL175801,OC(=O)CC1CCCc2c1n(Cc3cccc(OCCCCC#Cc4cccnc4)c3)c5ccc(F)cc25,5.6
33,CHEMBL162409,OCc1ncccc1c2ccc(CO[C@@H]3CC[C@@H]([C@H]3OC\C=C/CCC(=O)O)N4CCCCCC4)cc2,8.5
35,CHEMBL158875,OCc1cncc(c1)c2ccc(CO[C@@H]3CC[C@@H]([C@H]3OC\C=C/CCC(=O)O)N4CCCCCC4)cc2,8.2
36,CHEMBL350292,CCc1cnccc1c2ccc(CO[C@@H]3CC[C@@H]([C@H]3OC\C=C/CCC(=O)O)N4CCCCCC4)cc2,8.2
37,CHEMBL26820,OC(=O)CCCC\C=C(/c1ccccc1)\c2cccnc2,4.8
38,CHEMBL433884,OC(=O)CC\C=C/CO[C@H]1[C@@H](CC[C@@H]1N2CCCCCC2)OCc3ccc(cc3)c4cccnc4,7.9
39,CHEMBL161532,OCCc1ccncc1c2ccc(CO[C@@H]3CC[C@@H]([C@H]3OC\C=C/CCC(=O)O)N4CCCCCC4)cc2,8.5
40,CHEMBL162133,OCc1cnccc1c2ccc(CO[C@@H]3CC[C@@H]([C@H]3OC\C=C/CCC(=O)O)N4CCCCCC4)cc2,8.5
44,CHEMBL352040,CCc1ccncc1c2ccc(CO[C@@H]3CC[C@@H]([C@H]3OC\C=C/CCC(=O)O)N4CCCCCC4)cc2,9.0
47,CHEMBL159787,OCc1ccncc1c2ccc(CO[C@@H]3CC[C@@H]([C@H]3OC\C=C/CCC(=O)O)N4CCCCCC4)cc2,8.5
51,CHEMBL159517,CCCc1ccncc1c2ccc(CO[C@@H]3CC[C@@H]([C@H]3OC\C=C/CCC(=O)O)N4CCCCCC4)cc2,8.6
52,CHEMBL425681,O[C@H](CC[C@H]1[C@H](O)C[C@H](O)[C@@H]1CCCCCCC(=O)O)COc2ccccc2,5.16
54,CHEMBL158576,CCCCc1ccncc1c2ccc(CO[C@@H]3CC[C@@H]([C@H]3OC\C=C/CCC(=O)O)N4CCCCCC4)cc2,8.4
58,CHEMBL159860,Cc1cnccc1c2ccc(CO[C@@H]3CC[C@@H]([C@H]3OC\C=C/CCC(=O)O)N4CCCCCC4)cc2,8.2
59,CHEMBL345876,CC(C)(C)c1ccncc1c2ccc(CO[C@@H]3CC[C@@H]([C@H]3OC\C=C/CCC(=O)O)N4CCCCCC4)cc2,8.5
60,CHEMBL349625,Cc1ccncc1c2ccc(CO[C@@H]3CC[C@@H]([C@H]3OC\C=C/CCC(=O)O)N4CCCCCC4)cc2,8.6
61,CHEMBL162691,OC(=O)CC\C=C/CO[C@H]1[C@@H](CC[C@@H]1N2CCCCCC2)OCc3ccc(cc3)c4ccncc4,8.0
62,CHEMBL280728,OC(=O)CCCCO\N=C(\c1cccnc1)/c2cccc(c2)C(F)(F)F,5.4
64,CHEMBL108242,COC(=O)c1ccc(C[S+]([O-])c2nc3ccccc3n2Cc4ccc(Cl)cc4)cc1,5.51
66,CHEMBL108616,CC(O)c1ccc(CSc2nc3ccccc3n2Cc4ccc(Cl)cc4)cc1,5.82
69,CHEMBL108289,COC(=O)c1ccc(CCc2nc3ccccc3n2Cc4ccc(Cl)cc4)cc1,5.66
70,CHEMBL110774,Clc1ccc(Cn2c(SCc3ccccc3)nc4ccccc24)cc1,5.38
72,CHEMBL109189,CN(C)C(=O)c1ccc(CSc2nc3ccccc3n2Cc4ccc(Cl)cc4)cc1,5.7
73,CHEMBL108979,COC(=O)Cc1ccc(CSc2nc3ccccc3n2Cc4ccc(Cl)cc4)cc1,5.82
74,CHEMBL320734,COC(=O)c1ccc(Cc2nc3ccccc3n2Cc4ccc(Cl)cc4)cc1,5.4
78,CHEMBL108243,COC(=O)c1ccc(cc1)c2nc3ccccc3n2Cc4ccc(Cl)cc4,5.16
80,CHEMBL321405,CS(=O)(=O)c1ccc(CSc2nc3ccccc3n2Cc4ccc(Cl)cc4)cc1,5.7
81,CHEMBL107988,COC(=O)c1cccc(CSc2nc3ccccc3n2Cc4ccc(Cl)cc4)c1,5.03
83,CHEMBL108678,Fc1ccc(CSc2nc3ccccc3n2Cc4ccc(Cl)cc4)cc1,5.22
84,CHEMBL108564,COC(=O)c1ccc(CNc2nc3ccccc3n2Cc4ccc(Cl)cc4)cc1,5.22
85,CHEMBL111006,Clc1ccc(Cn2c(SCc3ccc(cc3)C#N)nc4ccccc24)cc1,6.02
86,CHEMBL108698,CC(=O)c1ccc(CSc2nc3ccccc3n2Cc4ccc(Cl)cc4)cc1,5.42
88,CHEMBL324619,COC(=O)c1ccc(CSc2nc3ccccc3n2Cc4ccc(Cl)cc4)cc1,5.04
90,CHEMBL108146,CC(C)(O)c1ccc(CSc2nc3ccccc3n2Cc4ccc(Cl)cc4)cc1,4.92
91,CHEMBL110063,COC(=O)c1ccc(Nc2nc3ccccc3n2Cc4ccc(Cl)cc4)cc1,6.05
93,CHEMBL109179,OC(=O)c1ccc(CSc2nc3ccccc3n2Cc4ccc(Cl)cc4)cc1,5.33
94,CHEMBL2115559,OC(=O)CC\C=C/CC[C@H]1[C@@H](C[S+]([O-])[C@@H]1c2cccnc2)OCc3ccc(cc3)c4ccccc4,7.11
95,CHEMBL133420,[Na+].[O-]C(=O)Cc1ccc2CC(Cc2c1)NS(=O)(=O)c3ccc(Cl)cc3,6.44
96,CHEMBL131088,OC(=O)CCCCO\N=C(\c1ccccc1)/c2cccnn2,4.15
97,CHEMBL130823,OC(=O)CCCCO\N=C(\c1ccccc1)/c2ccnnc2,4.89
98,CHEMBL2111862,OC(=O)CCCCO\N=C(/c1cccc(c1)C(F)(F)F)\c2ccncn2,5.85
101,CHEMBL132043,OC(=O)CCCCO\N=C(/c1ccccc1)\c2ccncn2,4.52
102,CHEMBL65161,OC(=O)CCC\C=C/C[C@H]1[C@@H](CS[C@@H]1c2cccnc2)OCc3ccc(cc3)c4ccccc4,6.64
103,CHEMBL335043,[Na+].[O-]C(=O)Cc1ccc2CC(CNS(=O)(=O)c3cccs3)Cc2c1,5.55
105,CHEMBL292331,OC(=O)CC\C=C/CC[C@H]1[C@@H](CS[C@@H]1c2cccnc2)OCc3ccc(cc3)c4ccccc4,7.66
107,CHEMBL335717,OC(=O)CCCCCO\N=C(\c1ccccc1)/c2ccnnc2,5.11
108,CHEMBL130170,[Na+].[O-]C(=O)Cc1ccc2CC(CCCNS(=O)(=O)c3ccc(Cl)cc3)Cc2c1,4.14
109,CHEMBL130236,OC(=O)CCCCCO\N=C(/c1cccc(c1)C(F)(F)F)\c2ccncn2,5.96
110,CHEMBL132659,[Na+].[O-]C(=O)Cc1ccc2CC(CCNS(=O)(=O)c3ccc(Cl)cc3)Cc2c1,5.83
111,CHEMBL334501,[Na+].[O-]C(=O)CCCc1ccc2CC(CNS(=O)(=O)c3ccc(Cl)cc3)Cc2c1,5.87
112,CHEMBL130564,OC(=O)CCCCO\N=C(/c1ccccc1)\c2cnccn2,4.33
114,CHEMBL130365,OC(=O)CCCCO\N=C(/c1cccc(c1)C(F)(F)F)\c2cccnn2,5.0
115,CHEMBL422793,OC(=O)CCCCO\N=C(\c1cccc(c1)C(F)(F)F)/c2cncnc2,6.44
116,CHEMBL130045,[Na+].[O-]C(=O)c1ccc2CC(CCCCNS(=O)(=O)c3ccc(Cl)cc3)Cc2c1,4.0
117,CHEMBL129935,OC(=O)CCCCO\N=C(/c1ccccc1)\c2ncccn2,5.52
118,CHEMBL131949,OC(=O)CCCCO\N=C(/c1ccccc1)\c2cncnc2,4.7
119,CHEMBL130341,OC(=O)CCCCCO\N=C(\c1ccccc1)/c2cncnc2,5.06
120,CHEMBL335841,OC(=O)CCCCO\N=C(\c1ccccc1)/c2ccncn2,4.6
122,CHEMBL131497,[Na+].[O-]C(=O)Cc1ccc2CC(CNS(=O)(=O)c3ccc4ccccc4c3)Cc2c1,6.02
123,CHEMBL130377,[Na+].[O-]C(=O)CCCCc1ccc2CC(CNS(=O)(=O)c3ccc(Cl)cc3)Cc2c1,5.54
125,CHEMBL336352,[Na+].[O-]C(=O)c1ccc2CC(CCNS(=O)(=O)c3ccc(Cl)cc3)Cc2c1,5.11
126,CHEMBL131415,OC(=O)CCCCO\N=C(\c1cccc(c1)C(F)(F)F)/c2cnccn2,5.82
127,CHEMBL129843,OC(=O)CCCCO\N=C(/c1cccc(c1)C(F)(F)F)\c2cncnc2,5.82
128,CHEMBL131036,[Na+].[O-]C(=O)Cc1ccc2OC(CNS(=O)(=O)c3ccc(Cl)cc3)Cc2c1,6.5
129,CHEMBL292740,OC(=O)CC\C=C/CC[C@H]1[C@H](CS(=O)(=O)[C@@H]1c2cccnc2)OCc3ccc(cc3)c4ccccc4,7.62
130,CHEMBL337048,OC(=O)CCCCO\N=C(\c1ccccc1)/c2cncnc2,5.14
131,CHEMBL130790,OC(=O)CCCCO\N=C(\c1ccccc1)/c2cnccn2,4.62
132,CHEMBL339994,[Na+].[O-]C(=O)c1ccc2CC(CCCNS(=O)(=O)c3ccc(Cl)cc3)Cc2c1,5.18
133,CHEMBL336548,OC(=O)CCCCCO\N=C(\c1ccnnc1)/c2cccc(c2)C(F)(F)F,4.54
134,CHEMBL264516,[Na+].[O-]C(=O)c1ccc2CC(CNS(=O)(=O)c3ccc(Cl)cc3)Cc2c1,5.88
135,CHEMBL131334,OC(=O)CCCCCO\N=C(/c1ccccc1)\c2ccnnc2,5.15
136,CHEMBL341426,OC(=O)CCCCO\N=C(\c1cccc(c1)C(F)(F)F)/c2ccncn2,5.6
137,CHEMBL65030,O[C@H]1C[C@H](OCc2ccc(cc2)c3ccccc3)[C@H](CC\C=C/CCC(=O)O)[C@H]1N4CCCCC4,7.92
138,CHEMBL62834,OC(=O)CC\C=C/CC[C@H]1[C@H](CS[C@@H]1c2cccnc2)OCc3ccc(cc3)c4ccccc4,7.34
139,CHEMBL422441,[Na+].[O-]C(=O)Cc1ccc2CC(CNS(=O)(=O)c3cccc4ccccc34)Cc2c1,4.32
140,CHEMBL132385,OC(=O)CCCCO\N=C(\c1ccnnc1)/c2cccc(c2)C(F)(F)F,5.22
141,CHEMBL336846,[Na+].[O-]C(=O)Cc1ccc2CC(CNS(=O)(=O)c3ccc(Cl)cc3)Cc2c1,6.44
143,CHEMBL130623,OC(=O)CCCCO\N=C(\c1cccc(c1)C(F)(F)F)/c2ncccn2,4.28
144,CHEMBL63056,OC(=O)CC\C=C/CC[C@H]1[C@@H](CS(=O)(=O)[C@@H]1c2cccnc2)OCc3ccc(cc3)c4ccccc4,7.75
146,CHEMBL130755,OC(=O)CCCCO\N=C(/c1ccccc1)\c2ccnnc2,4.48
147,CHEMBL62852,OC(=O)CC\C=C/CC[C@H]1[C@H](C[S+]([O-])[C@@H]1c2cccnc2)OCc3ccc(cc3)c4ccccc4,7.24
148,CHEMBL340073,[Na+].CCCCCS(=O)(=O)NCC1Cc2ccc(CC(=O)[O-])cc2C1,4.11
149,CHEMBL131894,[Na+].[O-]C(=O)CCc1ccc2CC(CNS(=O)(=O)c3ccc(Cl)cc3)Cc2c1,6.8
150,CHEMBL129995,OC(=O)CCCCCO\N=C(\c1ccccc1)/c2ccncn2,4.6
151,CHEMBL435412,OC(=O)CCCCCO\N=C(/c1ccnnc1)\c2cccc(c2)C(F)(F)F,4.68
154,CHEMBL130460,[Na+].[O-]C(=O)Cc1ccc2CC(CNS(=O)(=O)C3CCCCC3)Cc2c1,4.75
155,CHEMBL131078,OC(=O)CCCCO\N=C(\c1ccccc1)/c2ncccn2,4.82
156,CHEMBL128188,OC(=O)CCCCCO\N=C(/c1ccccc1)\c2ccncn2,5.3
157,CHEMBL337607,OC(=O)CCCCO\N=C(/c1ccnnc1)\c2cccc(c2)C(F)(F)F,5.75
159,CHEMBL2115518,OC(=O)CC\C=C/CC[C@H]1[C@@H](C[S+]([O-])[C@@H]1c2cccnc2)OCc3ccc(cc3)c4ccccc4,6.98
160,CHEMBL341221,[Na+].[O-]C(=O)Cc1ccc2CC(CNS(=O)(=O)c3ccccc3)Cc2c1,5.99
161,CHEMBL130785,OC(=O)CCCCO\N=C(/c1cccc(c1)C(F)(F)F)\c2ncccn2,4.0
162,CHEMBL129867,OC(=O)CCCCO\N=C(/c1cccc(c1)C(F)(F)F)\c2cnccn2,4.96
163,CHEMBL339335,OC(=O)CCCCCC(c1ccc(CCNS(=O)(=O)c2ccc(Cl)cc2)cc1)c3cccnc3,6.68
166,CHEMBL415519,CCCCS(=O)(=O)NCCc1ccc(cc1)\C(=C/CCCC(=O)O)\c2cccnc2,5.96
171,CHEMBL129635,COc1ccc(cc1OC)S(=O)(=O)NCCc2ccc(cc2)\C(=C/CCCC(=O)O)\c3cccnc3,6.47
172,CHEMBL339568,OC(=O)CCC\C=C(/c1ccc(NS(=O)(=O)c2ccc(Cl)cc2)cc1)\c3cccnc3,6.57
174,CHEMBL129030,CNC(=O)CCC\C=C(/c1ccc(CCNS(=O)(=O)c2ccc(Cl)cc2)cc1)\c3cccnc3,6.77
177,CHEMBL128104,OC(=O)CCC\C=C(/c1ccc(CCNC(=O)c2ccc(Cl)cc2)cc1)\c3cccnc3,6.68
181,CHEMBL128973,Cc1ccc(cc1)S(=O)(=O)NCCc2ccc(cc2)\C(=C/C(=O)NCC(=O)O)\c3cccnc3,5.52
193,CHEMBL127357,OC(=O)CCC\C=C(/c1ccc(CCNS(=O)(=O)Cc2ccccc2)cc1)\c3cccnc3,6.59
194,CHEMBL126654,Cc1ccc(cc1)S(=O)(=O)NCCc2ccc(cc2)\C(=C/C(=O)O)\c3cccnc3,5.92
195,CHEMBL339812,Cn1c(CCNS(=O)(=O)c2ccc(F)cc2)ccc1\C(=C/CCCC(=O)O)\c3cccnc3,6.64
196,CHEMBL125519,OC(=O)CCC\C=C(\c1ccc(CCNS(=O)(=O)c2ccc(Cl)cc2)cc1)/c3cccnc3,6.42
197,CHEMBL338334,OC(=O)CCC\C=C(/c1ccc(CCNC(=O)Cc2ccccc2)cc1)\c3cccnc3,5.92
199,CHEMBL127681,CN(C)C(=O)CCC\C=C(/c1ccc(CCNS(=O)(=O)c2ccc(Cl)cc2)cc1)\c3cccnc3,6.52
205,CHEMBL338546,OC(=O)CCC\C=C(/CCCNS(=O)(=O)c1ccc(Cl)cc1)\c2cccnc2,6.48
206,CHEMBL127682,CC(C)(C)OC(=O)CCC\C=C(/c1ccc(CCNS(=O)(=O)c2ccc(Cl)cc2)cc1)\c3cccnc3,6.7
208,CHEMBL126333,OC(=O)c1ccc(\C=C(/c2ccc(CCNS(=O)(=O)c3ccc(Cl)cc3)cc2)\c4cccnc4)cc1,6.89
210,CHEMBL128678,OC(=O)CCC\C=C(/c1ccc(CCNS(=O)(=O)c2ccc(Cl)cc2)cc1)\c3ccc[n+]([O-])c3,5.96
215,CHEMBL129365,OC(=O)CCC\C=C(/c1ccc(CCN(CCC(=O)O)S(=O)(=O)c2ccc(Cl)cc2)cc1)\c3cccnc3,6.92
217,CHEMBL151083,OC(=O)CCCC\C=C(/c1ccc(cc1)c2occ(n2)C(=O)NCCOc3ccccc3)\c4cccnc4,7.13
219,CHEMBL325703,CCCCCCC(=O)N1C[C@@H](C\C=C/CCC(=O)O)[C@H](C1)c2ccccc2O,7.7
220,CHEMBL60710,OC(=O)CCCC\C=C(/c1ccc(cc1)c2occ(n2)C(=O)NCC3CC3)\c4cccnc4,6.1
221,CHEMBL347343,OC(=O)CCCC\C=C(/c1ccc(cc1)c2occ(n2)C(=O)NCCCOC3CCCCC3)\c4cccnc4,6.76
222,CHEMBL434449,OC(=O)CCCC\C=C(/c1ccc(cc1)c2occ(n2)C(=O)NS(=O)(=O)c3ccc(Cl)cc3)\c4cccnc4,6.78
223,CHEMBL150252,OC(=O)CCCC\C=C(/c1ccc(cc1)c2occ(n2)C(=O)NCCCCOc3ccccc3)\c4cccnc4,7.28
224,CHEMBL150598,COCCOCCCNC(=O)c1coc(n1)c2ccc(cc2)\C(=C/CCCCC(=O)O)\c3cccnc3,5.17
225,CHEMBL57576,OC(=O)CCCC\C=C(/c1ccc(cc1)c2occ(n2)C(=O)NCc3ccccc3)\c4cccnc4,6.87
226,CHEMBL119624,OC(=O)CCC\C=C/C[C@@H]1CN(C[C@@H]1c2ccccc2O)S(=O)(=O)c3cccc4ccccc34,8.2
228,CHEMBL346644,OC(=O)CCCC\C=C(/c1ccc(cc1)c2occ(n2)C(=O)NCCOCC3CCCCC3)\c4cccnc4,7.36
229,CHEMBL119887,OC(=O)CC\C=C/C[C@@H]1CN(Cc2cccnc2)C[C@@H]1c3ccccc3O,5.8
231,CHEMBL151091,COc1ccc(CCCNC(=O)c2coc(n2)c3ccc(cc3)\C(=C/CCCCC(=O)O)\c4cccnc4)cc1,6.92
232,CHEMBL263442,OC(=O)CC\C=C/C[C@@H]1CN(C[C@@H]1c2ccccc2O)S(=O)(=O)c3cccc4cnccc34,9.5
233,CHEMBL151519,OC(=O)CCCC\C=C(/c1ccc(cc1)c2occ(n2)C(=O)N[C@@H]3C[C@H]3c4ccccc4)\c5cccnc5,7.2
234,CHEMBL332609,OC(=O)CC\C=C/C[C@@H]1CN(Cc2ccccc2)C[C@@H]1c3ccccc3O,6.6
235,CHEMBL358012,CCOCCCNC(=O)c1coc(n1)c2ccc(cc2)\C(=C/CCCCC(=O)O)\c3cccnc3,5.85
236,CHEMBL150206,CC(OCCCNC(=O)c1coc(n1)c2ccc(cc2)\C(=C/CCCCC(=O)O)\c3cccnc3)C4CCCCC4,7.24
237,CHEMBL291539,CCCCCNC(=O)c1coc(n1)c2ccc(cc2)\C(=C/CCCCC(=O)O)\c3cccnc3,6.82
238,CHEMBL151860,OC(=O)CCCC\C=C(/c1ccc(cc1)c2occ(n2)C(=O)NCCOCc3ccccc3)\c4cccnc4,6.81
239,CHEMBL150436,OC(=O)CCCC\C=C(/c1ccc(cc1)c2occ(n2)C(=O)NCCCCCOc3ccccc3)\c4cccnc4,7.19
241,CHEMBL116088,OC(=O)CC\C=C/C[C@@H]1CN(C[C@@H]1c2ccccc2O)S(=O)(=O)c3cccc4ccccc34,8.8
242,CHEMBL357723,COC1CCC(CCCNC(=O)c2coc(n2)c3ccc(cc3)\C(=C/CCCCC(=O)O)\c4cccnc4)CC1,6.92
243,CHEMBL150660,OC(=O)CCCC\C=C(/c1ccc(cc1)c2occ(n2)C(=O)NCCCCOC3CCCCC3)\c4cccnc4,7.06
246,CHEMBL117163,CC(C)C(=O)N1C[C@@H](C\C=C/CCC(=O)O)[C@H](C1)c2ccccc2O,6.7
248,CHEMBL147308,OC(=O)CCCC\C=C(/c1ccc(cc1)c2occ(n2)C(=O)NCCOCC3CCCCO3)\c4cccnc4,6.32
249,CHEMBL147444,OC(=O)CCCC\C=C(/c1ccc(cc1)C(=O)NC(=C)C(=O)NCCCCC2CCCCC2)\c3cccnc3,7.56
250,CHEMBL30024,OC(=O)CC\C=C/C[C@@H]1CO[C@@H](O[C@@H]1c2ccccc2O)c3ccccc3Cl,9.4
251,CHEMBL150563,OC(=O)CCCC\C=C(/c1ccc(cc1)c2occ(n2)C(=O)NCCc3ccccc3)\c4cccnc4,7.08
252,CHEMBL150289,OC(=O)CCCC\C=C(/c1ccc(cc1)c2occ(n2)C(=O)NCCOC3CCCCC3)\c4cccnc4,6.95
254,CHEMBL116852,OC(=O)CC\C=C/C[C@@H]1CN(C[C@@H]1c2ccccc2O)S(=O)(=O)c3ccc(Cl)cc3,9.0
255,CHEMBL419224,OC(=O)CC\C=C/C[C@@H]1CN(C[C@H]1c2ccccc2O)S(=O)(=O)c3ccc(Cl)cc3,7.9
258,CHEMBL334398,O[C@@H](COc1ccccc1)\C=C\[C@H]2[C@H](O)C[C@H](O)[C@@H]2C\C=C/CCCC(=O)O,6.29
261,CHEMBL123307,CC(C)(CCO\N=C(\C(Cc1ccccc1)n2ccnc2)/c3ccccc3)CC(=O)O,6.64
262,CHEMBL102584,CCCCCCNC[C@@H]1[C@@H](C\C=C/CCCC(=O)O)C2COC1C2,4.6
263,CHEMBL330837,C\C(=N/OCCCCC(=O)O)\C(Cc1ccccc1)n2ccnc2,4.63
266,CHEMBL49535,OC(=O)CCC\C=C/C[C@H]1C2CCC(O2)[C@H]1CNNC(=O)Nc3ccccc3,9.2
268,CHEMBL121306,CCCCCC\C(=N/OCCCCC(=O)O)\Cn1ccnc1,4.71
269,CHEMBL444856,OC(=O)CCCCO\N=C(/C(Cc1ccccc1)n2ccnc2)\C3CCCCC3,6.01
270,CHEMBL120249,CS(=O)(=O)c1ccc(CC(\C(=N\OCCCCC(=O)O)\C2CCCCC2)n3ccnc3)cc1,6.64
271,CHEMBL120904,CCCCCC\C(=N\OCCCCC(=O)O)\Cn1ccnc1,4.91
272,CHEMBL118619,OC(=O)CCCO\N=C(\Cn1ccnc1)/C2CCCCC2,4.31
275,CHEMBL121307,OC(=O)CCCCO\N=C(\Cn1ccnc1)/C2CCCCC2,4.56
276,CHEMBL118184,OC(=O)CCCCO\N=C(\C(Cc1ccccc1)n2ccnc2)/c3ccccc3,6.77
278,CHEMBL118568,OC(=O)CCCCO\N=C(\C(CC1CCCCC1)n2ccnc2)/C3CCCCC3,5.72
281,CHEMBL121289,CS(=O)(=O)c1ccc(cc1)\C(=N/OCCCCC(=O)O)\C(Cc2ccccc2)n3ccnc3,4.68
282,CHEMBL333236,OC(=O)CCCCO\N=C(\C(Cc1ccccc1F)n2ccnc2)/C3CCCCC3,6.52
283,CHEMBL121043,CCOC(=O)CCCCO\N=C(\C(Cc1ccccc1)n2ccnc2)/C3CCCCC3,5.89
286,CHEMBL119550,CC1(C)[C@H]2C[C@H](C\C=C/CCCC(=O)O)[C@@H](NC(=O)c3ccc4oc5ccccc5c4c3)[C@@H]1C2,6.57
287,CHEMBL82489,OC(=O)CCC\C=C/C[C@@H]1[C@H]2CC[C@H](C2)[C@H]1NS(=O)(=O)c3ccc(cc3)C#Cc4ccccc4,6.55
288,CHEMBL420404,CC1(C)[C@H]2C[C@H](C\C=C/CCCC(=O)O)[C@@H](NS(=O)(=O)c3ccc(cc3)N=Nc4ccccc4)[C@@H]1C2,6.13
289,CHEMBL122123,OC(=O)CCCCO\N=C(/C(Cc1ccccc1)n2ccnc2)\c3ccccc3,5.94
290,CHEMBL120228,OC(=O)CCCCO\N=C(\C(Cc1ccccn1)n2ccnc2)/C3CCCCC3,5.48
291,CHEMBL338741,OC(=O)CCCCO\N=C(\C(Cc1cnccn1)n2ccnc2)/C3CCCCC3,6.72
292,CHEMBL119661,CSc1ccc(cc1)\C(=N/OCCCCC(=O)O)\C(Cc2ccccc2)n3ccnc3,5.13
294,CHEMBL121507,OC(=O)CCCCO\N=C(/Cn1ccnc1)\c2ccccc2,4.83
296,CHEMBL120943,OC(=O)COCCO\N=C(\C(Cc1ccccc1)n2ccnc2)/c3ccccc3,6.06
298,CHEMBL120370,OC(=O)CCCCCO\N=C(/Cn1ccnc1)\c2ccccc2,4.13
299,CHEMBL79413,CC1(C)[C@H]2C[C@H](C\C=C/CCCC(=O)O)[C@@H](NC(=O)c3ccccc3)[C@@H]1C2,6.09
300,CHEMBL120811,CC(C)(CCCO\N=C(\C(Cc1ccccc1)n2ccnc2)/c3ccccc3)C(=O)O,5.38
302,CHEMBL439790,OC(=O)CCCCO\N=C(/Cn1ccnc1)\C2CCCCC2,4.28
303,CHEMBL120207,OC(=O)CCCCO\N=C(/C(Cc1cccc(F)c1)n2ccnc2)\C3CCCCC3,6.85
305,CHEMBL420507,OC(=O)CCC\C=C/C[C@@H]1[C@H]2CC[C@H](C2)[C@H]1NS(=O)(=O)c3ccc4ccccc4c3,6.17
306,CHEMBL79260,OC(=O)CCC\C=C/C[C@@H]1[C@H]2CC[C@H](C2)[C@H]1NS(=O)(=O)c3ccc(Oc4ccccc4)cc3,5.89
307,CHEMBL419040,CC1(C)[C@H]2C[C@H](C\C=C/CCCC(=O)O)[C@@H](NC(=O)c3ccsc3)[C@@H]1C2,5.68
308,CHEMBL120165,OC(=O)\C=C\CCO\N=C(\C(Cc1ccccc1)n2ccnc2)/c3ccccc3,6.92
310,CHEMBL309835,OC(=O)CCC\C=C/C[C@@H]1[C@H]2CC[C@H](C2)[C@H]1NS(=O)(=O)c3ccc4oc5ccccc5c4c3,5.77
311,CHEMBL82896,CC1(C)[C@H]2C[C@H](C\C=C/CCCC(=O)O)[C@@H](NS(=O)(=O)c3ccc4oc5ccccc5c4c3)[C@@H]1C2,6.62
312,CHEMBL333868,CC(\C(=N\OCCCCC(=O)O)\c1ccccc1)n2ccnc2,4.14
313,CHEMBL120284,OC(=O)CCCCCO\N=C(\C(Cc1ccccc1)n2ccnc2)/c3ccccc3,6.8
314,CHEMBL120259,OC(=O)CCCCO\N=C(\C(Cc1occc1)n2ccnc2)/C3CCCCC3,6.55
315,CHEMBL301098,C[C@H]([C@H](O)\C=C\C1C2CCC(O2)C1C\C=C/CCCC(=O)O)c3ccccc3,5.7
317,CHEMBL79360,CC1(C)[C@H]2C[C@H](C\C=C/CCCC(=O)O)[C@@H](NC(=O)c3ccc(cc3)N=Nc4ccccc4)[C@@H]1C2,6.82
318,CHEMBL122472,ONC(=O)CCCCO\N=C(\C(Cc1ccccc1)n2ccnc2)/C3CCCCC3,6.28
319,CHEMBL121314,OC(=O)CCCCCO\N=C(/Cn1ccnc1)\C2CCCCC2,4.62
321,CHEMBL118124,OC(=O)CCCCCO\N=C(/C(Cc1ccccc1)n2ccnc2)\c3ccccc3,6.01
322,CHEMBL121304,OC(=O)CCCCO\N=C(\C(Cc1ccccc1)n2ccnc2)/c3ccc(Br)cc3,5.62
324,CHEMBL119809,CC1(C)[C@H]2C[C@H](C\C=C/CCCC(=O)O)[C@@H](NC(=O)c3cccc4ccsc34)[C@@H]1C2,6.68
325,CHEMBL326521,OC(=O)\C=C\CCCO\N=C(\C(Cc1ccccc1)n2ccnc2)/c3ccccc3,5.98
326,CHEMBL122008,OC(=O)CCCCO\N=C(/C(Cc1ccc(F)cc1)n2ccnc2)\c3ccccc3,6.28
327,CHEMBL120947,OC(=O)CCCCO\N=C(\Cn1ccnc1)/c2ccccc2,4.34
329,CHEMBL120496,OC(=O)CCCCO\N=C(/C(Cc1ccc(Cl)cc1)n2ccnc2)\c3ccccc3,6.77
331,CHEMBL312697,OC(=O)CCC\C=C/C[C@@H]1[C@H]2CC[C@H](C2)[C@H]1NS(=O)(=O)c3ccc4cc([nH]c4c3)c5ccccc5,5.92
332,CHEMBL332635,CC1(C)[C@H]2C[C@H](C\C=C/CCCC(=O)O)[C@@H](NC(=O)c3csc4ccccc34)[C@@H]1C2,6.42
333,CHEMBL116836,CC1(C)[C@H]2C[C@H](C\C=C/CCCC(=O)O)[C@@H](NC(=O)c3csc4ccc(F)cc34)[C@@H]1C2,6.37
334,CHEMBL120019,CCCCCC\C(=N/OCCCCC(=O)O)\C(Cc1ccccc1)n2ccnc2,5.52
335,CHEMBL79511,OC(=O)CCC\C=C/C[C@@H]1[C@H]2CC[C@H](C2)[C@H]1NS(=O)(=O)c3ccc(cc3)c4ccccc4,5.96
336,CHEMBL117399,CC1(C)[C@H]2C[C@H](C\C=C/CCCC(=O)O)[C@@H](NC(=O)c3ccc[nH]3)[C@@H]1C2,5.51
337,CHEMBL119810,CC1(C)[C@H]2C[C@H](C\C=C/CCCC(=O)O)[C@@H](NC(=O)c3csc4cc(O)ccc34)[C@@H]1C2,6.39
338,CHEMBL432935,OC(=O)CCC\C=C/C[C@@H]1[C@H]2CC[C@H](C2)[C@H]1NS(=O)(=O)c3ccc(cc3)N=Nc4ccccc4,5.89
343,CHEMBL52003,OC(=O)CCCCCCCCNS(=O)(=O)c1ccccc1,6.76
379,CHEMBL279847,Cc1ccc(OC(C)(C)[C@H]2OC[C@@H](C\C=C/CCC(=O)O)[C@H](O2)c3cccnc3)c(c1)[N+](=O)[O-],8.4
390,CHEMBL277167,Cc1ccc(OC(C)(C)[C@H]2OC[C@@H](C\C=C/CCC(=O)O)[C@H](O2)c3cncs3)c(c1)[N+](=O)[O-],8.3
406,CHEMBL282601,OCCCc1ccccc1CC2C3CCC(O3)C2c4occ(n4)C(=O)NCCCCC5CCCCC5,6.95
420,CHEMBL278458,CCCCCCn1cncc1[C@H]2O[C@H](OC[C@H]2C\C=C/CCC(=O)O)C(C)(C)Oc3ccc(C)cc3[N+](=O)[O-],6.7
438,CHEMBL278714,Cc1ccc(OC(C)(C)[C@H]2OC[C@@H](C\C=C/CCC(=O)O)[C@H](O2)c3cncn3C)c(c1)[N+](=O)[O-],8.4
441,CHEMBL125588,OC(=O)C1CC1c2ccccc2c3csc(c3)c4ccccc4OCc5ccccc5,6.4
442,CHEMBL63040,OC(=O)CC\C=C/CC[C@H]1[C@H](CO[C@@H]1c2cccnc2)OCc3ccc(cc3)c4ccccc4,7.58
444,CHEMBL294353,OC(=O)CC\C=C/CC[C@H]1[C@@H](CO[C@H]1c2cccnc2)OCc3ccc(cc3)c4ccccc4,6.09
450,CHEMBL302457,OC(=O)CC\C=C/CC[C@H]1[C@@H](CO[C@@H]1c2cccnc2)OCc3ccc(cc3)c4ccccc4,7.06
456,CHEMBL65622,OC(=O)CC\C=C/CC[C@H]1[C@H](CO[C@H]1c2cccnc2)OCc3ccc(cc3)c4ccccc4,6.1
460,CHEMBL349706,OC(=O)CCC\C=C/C[C@@H]1COCO[C@@H]1c2ccccc2,6.3
465,CHEMBL345614,CC1(C)OC[C@@H](C\C=C/CCCC(=O)O)[C@H](O1)c2ccccc2,6.3
473,CHEMBL441620,CCCCCC(O)\C=C\[C@@H]1[C@@H](C\C=C/CCCC(=O)N)[C@@H]2C[C@H]1OC(=O)O2,5.51
484,CHEMBL99695,[N-]=[N+]=Nc1ccc(CCCC(=O)NCC(=O)NCC2C(C\C=C/CCCC(=O)NNC(=O)CCCC[C@H]3SC[C@H]4NC(=O)N[C@@H]34)C5CCC2O5)cc1,6.2
634,CHEMBL40183,CCCCC(C)(C)[C@H](O)\C=C\[C@H]1[C@H](O)C[C@H](O)[C@@H]1C\C=C/CCCC(=O)O,7.62
638,CHEMBL170451,Oc1cc2CCNC(Cc3ccc(O)c(c3)[N+](=O)[O-])c2cc1O,6.06
643,CHEMBL367394,Oc1cc2CCNC(Cc3ccc(cc3)[N+](=O)[O-])c2cc1O,4.6
646,CHEMBL172163,COc1cc(CC2N(CCc3ccccc3)CCc4cc(O)c(O)cc24)cc(OC)c1OC,4.38
661,CHEMBL299175,COc1cc(CC2NCCc3cc(O)c(O)cc23)cc(OC)c1OC,6.35
663,CHEMBL173039,Nc1ccc(CC2NCCc3cc(O)c(O)cc23)cc1,4.05
666,CHEMBL287080,O[C@@H](CCc1cccc(c1)C(F)(F)F)\C=C\[C@H]2[C@H](O)C[C@H](O)[C@@H]2C\C=C/CCCC(=O)O,5.68
737,CHEMBL350832,OC(=O)\C=C\c1ccccc1Cc2ccc(Cl)cc2Cl,6.28
779,CHEMBL165010,CSc1ccc(Cc2ccccc2\C=C\C(=O)O)cc1,5.34
780,CHEMBL423815,OC(=O)\C=C\c1ccccc1Cc2ccc3ccccc3c2,5.0
837,CHEMBL166351,OC(=O)\C=C\c1ccccc1Cc2ccc(Cl)c(Cl)c2,6.05
910,CHEMBL348790,OC(=O)CCC\C=C(\c1cccnc1)/c2cccc(CCNS(=O)(=O)c3ccc(I)cc3)c2,6.2
913,CHEMBL60516,OC(=O)CCCC\C=C(\c1ccc(cc1)c2occ(n2)C(=O)NCCCCC3CCCCC3)/c4cccnc4,6.83
914,CHEMBL294850,OC(=O)CCCC\C=C(/c1cccnc1)\c2cccc(c2)C3=N[C@H](CO3)C(=O)NCCCCC4CCCCC4,6.08
915,CHEMBL61306,OC(=O)CCCCC\C=C(/c1ccc(cc1)c2occ(n2)C(=O)NCCCCC3CCCCC3)\c4cccnc4,6.96
916,CHEMBL347812,OC(=O)CC\C=C(\c1cccnc1)/c2cccc(CCNS(=O)(=O)c3ccccc3)c2,5.1
917,CHEMBL291789,OC(=O)CCCC\C=C(/c1cccnc1)\c2ccccc2c3occ(n3)C(=O)NCCCCC4CCCCC4,5.82
918,CHEMBL161253,OC(=O)CCO\N=C(\c1cccnc1)/c2cccc(CCNS(=O)(=O)c3ccc(I)cc3)c2,7.0
919,CHEMBL60587,OC(=O)CCCC\C=C(/c1ccc(cc1)C2=N[C@@H](CO2)C(=O)NCc3ccccc3)\c4cccnc4,6.42
920,CHEMBL351657,OC(=O)CCC\C=C(\c1cccnc1)/c2cccc(CCNS(=O)(=O)c3ccc(F)cc3)c2,6.1
924,CHEMBL61021,OC(=O)CCCC\C=C(\c1cccnc1)/c2ccccc2C3=N[C@H](CO3)C(=O)NCCCCC4CCCCC4,5.73
925,CHEMBL299886,CCCCCNC(=O)[C@@H]1COC(=N1)c2ccc(cc2)\C(=C/CCCCC(=O)O)\c3cccnc3,6.61
926,CHEMBL299280,OC(=O)CCCC\C=C(/c1ccc(cc1)C2=N[C@@H](CO2)C(=O)NCC3CC3)\c4cccnc4,5.95
927,CHEMBL159775,OC(=O)CO\N=C(\c1cccnc1)/c2cccc(CCNS(=O)(=O)c3ccc(I)cc3)c2,6.7
930,CHEMBL159447,OC(=O)CCC\C=C(\c1cccnc1)/c2cccc(CCNS(=O)(=O)c3ccccc3)c2,6.1
931,CHEMBL159481,OC(=O)CCCCO\N=C(\c1cccnc1)/c2cccc(CCNS(=O)(=O)c3ccc(I)cc3)c2,5.7
933,CHEMBL162879,OC(=O)CCC\C=C(\c1cccnc1)/c2cccc(CCNS(=O)(=O)c3ccc(cc3)[N+](=O)[O-])c2,6.2
935,CHEMBL57359,OC(=O)CCCC\C=C(/c1cccnc1)\c2cccc(c2)c3occ(n3)C(=O)NCCCCC4CCCCC4,6.2
938,CHEMBL161422,OC(=O)CCCC\C=C(\c1cccnc1)/c2cccc(CCNS(=O)(=O)c3ccc(I)cc3)c2,6.1
940,CHEMBL164109,OC(=O)CCC\C=C(\c1cccnc1)/c2cccc(CCNS(=O)(=O)c3ccccc3[N+](=O)[O-])c2,6.0
941,CHEMBL162641,CC(C)(CNS(=O)(=O)c1ccc(I)cc1)c2cccc(c2)\C(=C/CCCC(=O)O)\c3cccnc3,6.7
942,CHEMBL293971,OC(=O)CCCC\C=C(\c1cccnc1)/c2ccccc2c3occ(n3)C(=O)NCCCCC4CCCCC4,6.27
943,CHEMBL159936,OC(=O)CCC\C=C(\c1cccnc1)/c2cccc(CCNS(=O)(=O)c3ccc(Cl)c(Cl)c3)c2,6.5
944,CHEMBL159979,CC(C)(CNS(=O)(=O)c1ccc(I)cc1)c2cccc(c2)\C(=N/OCCC(=O)O)\c3cccnc3,6.5
945,CHEMBL163276,OC(=O)CCCO\N=C(\c1cccnc1)/c2cccc(CCNS(=O)(=O)c3ccc(I)cc3)c2,5.8
946,CHEMBL301904,OC(=O)CCCC\C=C(/c1cccnc1)\c2ccccc2C3=N[C@H](CO3)C(=O)NCCCCC4CCCCC4,5.96
948,CHEMBL422017,OC(=O)CCC\C=C(\c1cccnc1)/c2cccc(CCCNS(=O)(=O)c3ccccc3)c2,6.0
957,CHEMBL175285,CCC\C=C(/C)\CSCC1C(C\C=C/CCCC(=O)O)C2CCC1O2,5.96
959,CHEMBL172265,OC(=O)CCC\C=C/CC1C(CSCCCc2ccccc2)C3CCC1O3,5.3
960,CHEMBL175178,OC(=O)CCC\C=C/CC1C2CCC(O2)C1CSC\C=C\c3ccccc3,4.07
977,CHEMBL434362,CCCCCCS(=O)(=O)CC1C(C\C=C/CCCC(=O)O)C2CCC1O2,4.6
982,CHEMBL366990,CCCCC(O)CSCC1C(C\C=C/CCCC(=O)O)C2CCC1O2,4.72
986,CHEMBL315391,CC(C)(Cc1ccccc1)C(=O)NS(=O)(=O)c2ccccc2c3ccc(CN4C(=O)c5ccccc5CCc6ccccc46)cc3,5.96
987,CHEMBL369458,OC(=O)CCC\C=C/CC1C2CCC(O2)C1CSCCc3ccccc3,5.26
1001,CHEMBL92539,CN(CCc1ccccc1)C(=O)NS(=O)(=O)c2ccccc2c3ccc(CN4C(=O)c5ccccc5CCc6ccccc46)cc3,5.68
1006,CHEMBL174662,CCSCC1C(C\C=C/CCCC(=O)O)C2CCC1O2,5.27
1010,CHEMBL174835,CC\C=C\CCSCC1C(C\C=C/CCCC(=O)O)C2CCC1O2,6.16
1025,CHEMBL177907,CSCC1C(C\C=C/CCCC(=O)O)C2CCC1O2,4.42
1037,CHEMBL3350918,CCCCCCSC[C@@H]1[C@H](C\C=C/CCCC(=O)O)C2CCC1O2,5.42
1038,CHEMBL174856,CCCCCC(C)SCC1C(C\C=C/CCCC(=O)O)C2CCC1O2,5.42
1042,CHEMBL314533,CC(C)(C(=O)NS(=O)(=O)c1ccccc1c2ccc(CN3C(=O)c4ccccc4CCc5ccccc35)cc2)c6ccccc6,5.52
1043,CHEMBL277056,CCCCSCSCC1C(C\C=C/CCCC(=O)O)C2CCC1O2,6.16
1047,CHEMBL90491,CC(C(=O)NS(=O)(=O)c1ccccc1c2ccc(CN3C(=O)c4ccccc4CCc5ccccc35)cc2)c6ccccc6,5.55
1052,CHEMBL367261,CSCSCC1C(C\C=C/CCCC(=O)O)C2CCC1O2,6.16
1053,CHEMBL426586,CCCNC(=O)CSCC1C(C\C=C/CCCC(=O)O)C2CCC1O2,4.14
1060,CHEMBL367721,CCCCSCC1C(C\C=C/CCCC(=O)O)C2CCC1O2,6.0
1061,CHEMBL369153,CCC\C=C\CSCC1C(C\C=C/CCCC(=O)O)C2CCC1O2,5.89
1068,CHEMBL176190,OC(=O)CCC\C=C/CC1C2CCC(O2)C1CSc3ccccc3,4.89
1069,CHEMBL2114959,CC1(C)C2CC[C@@H](Cc3cccc4C=CC(=O)Oc34)C1C2,6.37
1075,CHEMBL366812,OC(=O)CCC\C=C/CC1C(CSCC2CCCCC2)C3CCC1O3,4.7
1080,CHEMBL2115413,CC1(C)C2CC[C@H](Cc3cccc4C=CC(=O)Oc34)C1C2,6.86
1081,CHEMBL176714,CCCCCCCSCC1C(C\C=C/CCCC(=O)O)C2CCC1O2,4.38
1083,CHEMBL2096755,CCC\C=C/CSCC1C(C\C=C/CCCC(=O)O)C2CCC1O2,5.24
1090,CHEMBL415310,CO[C@](C(=O)NS(=O)(=O)c1ccccc1c2ccc(CN3C(=O)c4ccccc4CCc5ccccc35)cc2)(c6ccccc6)C(F)(F)F,5.82
1093,CHEMBL177760,CCCCCSCCC1C(C\C=C/CCCC(=O)O)C2CCC1O2,4.43
1094,CHEMBL175076,OC(=O)CCC\C=C/CC1C(CSCCOc2ccccc2)C3CCC1O3,4.7
1123,CHEMBL71222,CC1=C(C)C(=O)C(=C(C)C1=O)C(CCCCCC(=O)O)c2ccc(F)cc2,5.85
1135,CHEMBL70314,Cc1c(C)c(O)c(C(CCCCCC(=O)O)c2ccc(F)cc2)c(C)c1O,6.7
1138,CHEMBL351252,CS(=O)(=O)Nc1cccc(c1)c2ccc(COC3CC[C@@H]([C@H]3OC\C=C/CCC(=O)O)N4CCCCCC4)cc2,7.9
1139,CHEMBL350579,OC(=O)CC\C=C/CO[C@H]1C(CC[C@@H]1N2CCCCC2)OCc3ccc(cc3)c4ccccc4,7.2
1141,CHEMBL161252,OCCc1ccccc1c2ccc(COC3CC[C@@H]([C@H]3OC\C=C/CCC(=O)O)N4CCCCCC4)cc2,8.7
1142,CHEMBL2110359,OCc1ccccc1c2ccc(CO[C@@H]3CC[C@@H]([C@H]3OC\C=C/CCC(=O)O)N4CCCCCC4)cc2,8.2
1146,CHEMBL352076,CC(=O)NCc1ccc(cc1)c2ccc(COC3CC[C@@H]([C@H]3OC\C=C/CCC(=O)O)N4CCCCCC4)cc2,8.6
1147,CHEMBL159272,OC(=O)CC\C=C/CO[C@H]1C(CC[C@@H]1N2CCCCCC2)OCc3ccc(cc3)c4ccccc4,7.9
1149,CHEMBL345396,CS(=O)(=O)Nc1ccccc1c2ccc(CO[C@H]3CC[C@@H]([C@H]3OC\C=C/CCC(=O)O)N4CCCCCC4)cc2,8.2
1150,CHEMBL160091,CC(=O)NCc1ccccc1c2ccc(COC3CC[C@@H]([C@H]3OC\C=C/CCC(=O)O)N4CCCCCC4)cc2,7.6
1152,CHEMBL349223,OC(=O)CC\C=C/CO[C@@H]1[C@H](CC[C@@H]1N2CCCCC2)OCc3ccc(cc3)c4ccccc4,7.0
1155,CHEMBL161240,OCc1ccc(cc1)c2ccc(COC3CC[C@@H]([C@H]3OC\C=C/CCC(=O)O)N4CCCCCC4)cc2,8.5
1156,CHEMBL351563,OC(=O)CC\C=C/CO[C@H]1C(CC[C@@H]1N2CCCCCC2)OCc3ccc(cc3)c4ccc(O)cc4,8.2
1157,CHEMBL350418,OCc1ccc(cc1)c2ccc(CO[C@H]3CC[C@@H]([C@H]3OC\C=C/CCC(=O)O)N4CCCCCC4)cc2,8.4
1158,CHEMBL159275,OCc1cccc(c1)c2ccc(COC3CC[C@@H]([C@H]3OC\C=C/CCC(=O)O)N4CCCCCC4)cc2,8.1
1159,CHEMBL350642,CS(=O)(=O)Nc1ccccc1c2ccc(COC3CC[C@@H]([C@H]3OC\C=C/CCC(=O)O)N4CCCCCC4)cc2,8.0
1162,CHEMBL162589,OC(=O)CC\C=C/CO[C@@H]1C(CC[C@@H]1N2CCCCC2)OCc3ccc(cc3)c4ccccc4,7.4
1163,CHEMBL159814,NC(=O)Nc1ccccc1c2ccc(COC3CC[C@@H]([C@H]3OC\C=C/CCC(=O)O)N4CCCCCC4)cc2,8.1
1165,CHEMBL161427,OC(=O)CC\C=C/CO[C@H]1[C@H](CC[C@@H]1N2CCCCC2)OCc3ccc(cc3)c4ccccc4,8.0
1166,CHEMBL161108,OCc1ccccc1c2ccc(CO[C@H]3CC[C@@H]([C@H]3OC\C=C/CCC(=O)O)N4CCCCCC4)cc2,8.8
1167,CHEMBL161360,CNS(=O)(=O)Cc1ccc(cc1)c2ccc(COC3CC[C@@H]([C@H]3OC\C=C/CCC(=O)O)N4CCCCCC4)cc2,8.5
1169,CHEMBL349187,OCc1cccc(c1)c2ccc(CO[C@H]3CC[C@@H]([C@H]3OC\C=C/CCC(=O)O)N4CCCCCC4)cc2,8.3
1170,CHEMBL348980,NC(=O)Cc1ccccc1c2ccc(COC3CC[C@@H]([C@H]3OC\C=C/CCC(=O)O)N4CCCCCC4)cc2,8.1
1171,CHEMBL159581,NC(=O)c1ccccc1c2ccc(COC3CC[C@@H]([C@H]3OC\C=C/CCC(=O)O)N4CCCCCC4)cc2,7.8
1173,CHEMBL159927,NC(=O)c1ccc(cc1)c2ccc(COC3CC[C@@H]([C@H]3OC\C=C/CCC(=O)O)N4CCCCCC4)cc2,8.5
1175,CHEMBL350111,OC(=O)CC\C=C/CO[C@H]1[C@H](CC[C@@H]1N2CCCCCC2)OCc3ccc(cc3)c4ccccc4,8.3
1176,CHEMBL161746,CNS(=O)(=O)Cc1ccccc1c2ccc(COC3CC[C@@H]([C@H]3OC\C=C/CCC(=O)O)N4CCCCCC4)cc2,8.1
1178,CHEMBL350286,OC(=O)CC\C=C/CO[C@H]1C(CC[C@@H]1N2CCCCCC2)OCc3ccc(cc3)c4ccccc4O,7.8
1179,CHEMBL421831,NC(=O)Cc1ccc(cc1)c2ccc(COC3CC[C@@H]([C@H]3OC\C=C/CCC(=O)O)N4CCCCCC4)cc2,8.4
1181,CHEMBL350805,OCc1ccccc1c2ccc(COC3CC[C@@H]([C@H]3OC\C=C/CCC(=O)O)N4CCCCCC4)cc2,8.5
1305,CHEMBL332964,CC(=O)Nc1ccc(CC2NCCc3cc(O)c(O)cc23)cc1I,5.83
1307,CHEMBL333438,Oc1cc2CCNC(Cc3cc(cc(c3)C(F)(F)F)C(F)(F)F)c2cc1O,4.08
1310,CHEMBL121964,Oc1cc2CCNC(Cc3cc(I)c(O)c(I)c3)c2cc1O,4.72
1312,CHEMBL99348,OC(=O)Cc1cccc(CCC2C3CCC(O3)C2\C=N\NC(=O)Nc4ccccc4)c1,5.97
1314,CHEMBL99041,OC(=O)Cc1cccc(CC2C3CCC(O3)C2\C=N\NC(=O)Nc4ccccc4)c1,6.77
1315,CHEMBL122992,CC(=O)Nc1c(I)cc(CC2NCCc3cc(O)c(O)cc23)cc1I,6.45
1317,CHEMBL121704,Oc1cc2CCNC(Cc3ccc(NC(=O)c4ccccc4)c(I)c3)c2cc1O,5.27
1320,CHEMBL120278,Oc1cc2CCNC(Cc3cc(I)c(I)c(I)c3)c2cc1O,4.22
1322,CHEMBL318673,OC(=O)COc1cccc(CC2C3CCC(O3)C2\C=N\NC(=O)Nc4ccccc4)c1,5.92
1323,CHEMBL122757,Oc1cc2CCNC(Cc3cc(I)cc(I)c3)c2cc1O,6.75
1326,CHEMBL122990,Nc1ccc(CC2NCCc3cc(O)c(O)cc23)cc1I,6.0
1332,CHEMBL123596,Nc1c(I)cc(CC2NCCc3cc(O)c(O)cc23)cc1I,6.73
1334,CHEMBL21960,C\N=C(\NC#N)/Nc1cccc(c1)\C(=C/CCCC(=O)O)\c2cccnc2,7.8
1335,CHEMBL421854,CC(C)C\N=C(/Nc1cccc(c1)\C(=C/CCCC(=O)O)\c2cccnc2)\Nc3nn[nH]n3,6.52
1336,CHEMBL21874,CN(C)CC\N=C(\NC#N)/Nc1cccc(c1)\C(=C/CCCC(=O)O)\c2cccnc2,6.0
1337,CHEMBL21954,CC(C)(C)\N=C(/Nc1cccc(c1)\C(=C/CCCC(=O)O)\c2cccnc2)\NS(=O)(=O)c3ccccc3,7.26
1339,CHEMBL282884,OC(=O)CCC\C=C(\c1cccnc1)/c2cccc(N\C(=N/C3CCCCC3)\NC#N)c2,7.33
1340,CHEMBL280380,CN(C)\C(=N\c1cccc(c1)\C(=C/CCCC(=O)O)\c2cccnc2)\NC#N,6.92
1341,CHEMBL21513,CC(C)C\N=C(\NC#N)/Nc1cccc(c1)\C(=C/CCCC(=O)O)\c2cccnc2,8.16
1343,CHEMBL21303,OC(=O)CCC\C=C(\c1cccnc1)/c2cccc(N\C(=N/C3CCCC3)\NC(=O)c4ccccc4)c2,6.96
1346,CHEMBL281621,OC(=O)CCC\C=C(\c1cccnc1)/c2cccc(N\C(=N/C3CC3)\NC#N)c2,7.77
1347,CHEMBL21392,OC(=O)CCC\C=C(\c1cccnc1)/c2cccc(N\C(=C\[N+](=O)[O-])\NC3CCCCC3)c2,6.36
1351,CHEMBL2093006,CC(C)(C)\N=C(/NC#N)\Nc1cccc(c1)\C(=N\OCCCCC(=O)O)\c2cccnc2,6.29
1353,CHEMBL22023,CC(C)(C)\N=C(/NC#N)\Nc1cccc(c1)\C(=N/OCCCCC(=O)O)\c2cccnc2,6.51
1355,CHEMBL21639,OC(=O)CCC\C=C(\c1cccnc1)/c2cccc(N\C(=N/C3CCCC3)\NC#N)c2,7.52
1356,CHEMBL21852,OC(=O)CCC\C=C(\c1cccnc1)/c2cccc(N\C(=N/C34CC5CC(CC(C5)C3)C4)\NC#N)c2,7.08
1359,CHEMBL440096,OC(=O)CCC\C=C(\c1cccnc1)/c2cccc(N\C(=N/Cc3ccccc3)\NC#N)c2,7.5
1360,CHEMBL277619,OC(=O)CCC\C=C(/c1ccc(N\C(=N/C2CCCCC2)\NC#N)cc1)\c3cccnc3,5.89
1361,CHEMBL21851,N\C(=N\C1CCCC1)\Nc2cccc(c2)\C(=C/CCCC(=O)O)\c3cccnc3,5.77
1365,CHEMBL281338,CC(C)(C)\N=C(\S)/Nc1cccc(c1)\C(=C/CCCC(=O)O)\c2cccnc2,7.42
1367,CHEMBL22721,CC(C)\N=C(\NC#N)/Nc1cccc(c1)\C(=C/CCCC(=O)O)\c2cccnc2,7.75
1368,CHEMBL428709,N\C(=N\c1cccc(c1)\C(=C/CCCC(=O)O)\c2cccnc2)\NC#N,7.46
1369,CHEMBL22363,CC(C)C\N=C(\NC(=O)N)/Nc1cccc(c1)\C(=C/CCCC(=O)O)\c2cccnc2,6.22
1375,CHEMBL2112933,CC(C)(C)NC1=C(Nc2cccc(c2)\C(=C/CCCC(=O)O)\c3cccnc3)C(=O)C1=O,6.08
1377,CHEMBL281398,CC(C)(C)\N=C(/NC#N)\Nc1cccc(c1)\C(=C/CCCC(=O)O)\c2cccnc2,7.96
1378,CHEMBL21647,CC(C)(C)NC(=O)Nc1cccc(c1)\C(=C/CCCC(=O)O)\c2cccnc2,5.89
1380,CHEMBL416374,CC(C)CC\N=C(\NC#N)/Nc1cccc(c1)\C(=C/CCCC(=O)O)\c2cccnc2,7.57
1381,CHEMBL418188,OC(=O)CCC\C=C(\c1cccnc1)/c2cccc(N\C(=N/Cc3cccnc3)\NC#N)c2,6.89
1384,CHEMBL21478,CC(C)(C)\N=C(/NC#N)\Nc1cccc(c1)\C(=C/CCCCC(=O)O)\c2cccnc2,6.48
1387,CHEMBL21849,OC(=O)CCC\C=C(/c1ccc(N\C(=N/C2CC2)\NC#N)cc1)\c3cccnc3,4.68
1388,CHEMBL277620,CC(C)(C)\N=C(/Nc1cccc(c1)\C(=C/CCCC(=O)O)\c2cccnc2)\NS(=O)(=O)C,6.48
1389,CHEMBL21570,CC(C)(C)NC(=C(C#N)C#N)Nc1cccc(c1)\C(=C/CCCC(=O)O)\c2cccnc2,8.52
1390,CHEMBL21072,CC(C)(C)\N=C(/NC#N)\Nc1cccc(c1)\C(=C/CCC(=O)O)\c2cccnc2,7.09
1392,CHEMBL21476,CC(C)(C)\N=C(/NC#N)\Nc1cccc(c1)\C(=C/CCCCCC(=O)O)\c2cccnc2,7.11
1399,CHEMBL94692,Oc1ccccc1[C@H]2O[C@H](OC[C@H]2C\C=C/CCC(=O)Oc3ccc(OC(=O)CC\C=C/C[C@@H]4CO[C@@H](O[C@@H]4c5cccnc5)c6ccc(cc6)C#N)cc3)c7ccc(cc7)C#N,5.0
1403,CHEMBL320682,Oc1ccccc1[C@H]2O[C@H](OC[C@H]2C\C=C/CCC(=O)Oc3ccccc3OC(=O)CC\C=C/C[C@@H]4CO[C@@H](O[C@@H]4c5cccnc5)c6ccc(cc6)C#N)c7ccccc7Cl,5.0
1412,CHEMBL420678,Cc1cc2ncn(C\C=C/3\c4ccccc4OCc5ccc(cc35)C(=O)O)c2cc1C,5.89
1413,CHEMBL96727,OC(=O)CC\C=C/C[C@@H]1CO[C@@H](O[C@@H]1c2cccnc2)c3ccc(cc3)C#N,5.9
1414,CHEMBL327992,Oc1ccccc1[C@H]2O[C@H](OC[C@H]2C\C=C/CCC(=O)OCCCCCCOC(=O)CC\C=C/C[C@@H]3CO[C@@H](O[C@@H]3c4cccnc4)c5ccc(cc5)C#N)c6ccc(cc6)C#N,5.0
1417,CHEMBL114666,OC(=O)c1ccc2OCc3ccccc3\C(=C/Cn4cnc(c5ccccc5)c4c6ccccc6)\c2c1,6.79
1428,CHEMBL117036,OC(=O)c1ccc2OCc3ccccc3\C(=C/Cn4cnc5ncccc45)\c2c1,4.54
1430,CHEMBL94375,Oc1ccccc1[C@H]2O[C@H](OC[C@H]2C\C=C/CCC(=O)NCCNC(=O)CC\C=C/C[C@@H]3CO[C@@H](O[C@@H]3c4cccnc4)c5ccc(cc5)C#N)c6ccc(cc6)C#N,5.0
1431,CHEMBL324816,Cc1cc2ncn(C\C=C\3/c4ccccc4COc5cc(ccc35)C(=O)O)c2cc1C,5.75
1437,CHEMBL440321,OC(=O)CC\C=C/C[C@@H]1CO[C@@H](O[C@@H]1c2ccccc2O)c3ccc(cc3)C#N,8.3
1438,CHEMBL324331,OC(=O)c1ccc2OCc3ccccc3\C(=C/Cn4cnc5cc6ccccc6cc45)\c2c1,6.55
1443,CHEMBL2092996,COc1cc(C[C@H]2NCCc3cc(O)c(O)c(F)c23)cc(OC)c1OC,5.61
1444,CHEMBL324046,OC(=O)c1ccc2OCc3ccccc3\C(=C/Cn4cnc5ccc(cc45)C(=O)O)\c2c1,6.72
1451,CHEMBL116869,OC(=O)c1ccc2OCc3ccccc3\C(=C/Cn4ccnc4)\c2c1,6.22
1454,CHEMBL320461,Oc1ccccc1[C@H]2O[C@H](OC[C@H]2C\C=C/CCC(=O)NCCCCCCNC(=O)CC\C=C/C[C@@H]3CO[C@@H](O[C@@H]3c4cccnc4)c5ccc(cc5)C#N)c6ccc(cc6)C#N,5.0
1458,CHEMBL1788251,COc1cc(C[C@@H]2NCCc3cc(O)c(O)c(F)c23)cc(OC)c1OC,4.4
1463,CHEMBL94381,Oc1ccccc1[C@H]2O[C@H](OC[C@H]2C\C=C/CCC(=O)Oc3ccccc3OC(=O)CC\C=C/C[C@@H]4CO[C@@H](O[C@@H]4c5cccnc5)c6ccc(cc6)C#N)c7ccc(cc7)C#N,5.0
1471,CHEMBL180929,OC(=O)CCn1c2CCCCc2c3cc(NS(=O)(=O)c4ccc(F)cc4)ccc13,5.82
1483,CHEMBL184779,OC(=O)Cc1cccc(c1)c2sccc2c3cc(Cl)ccc3OCc4ccccc4,6.82
1485,CHEMBL184947,OC(=O)c1cncc(c1)c2sccc2c3cc(Cl)ccc3OCc4ccccc4,6.64
1486,CHEMBL362851,OC(=O)c1cccc(n1)c2sccc2c3cc(Cl)ccc3OCc4ccccc4,6.85
1487,CHEMBL182367,OC(c1cncc(c1)c2sccc2c3cc(Cl)ccc3OCc4ccccc4)(C(F)(F)F)C(F)(F)F,6.7
1488,CHEMBL182368,OC(c1cncc(c1)c2sccc2c3cc(Cl)ccc3OCc4ccccc4)C(F)(F)F,6.92
1489,CHEMBL185346,OC(O)(c1cncc(c1)c2sccc2c3cc(Cl)ccc3OCc4ccccc4)C(F)(F)F,6.66
1490,CHEMBL182623,OC(C#N)c1cncc(c1)c2sccc2c3cc(Cl)ccc3OCc4ccccc4,6.44
1491,CHEMBL360592,CC(NC(=O)c1cccc(c1)c2sccc2c3cc(Cl)ccc3OCc4ccccc4)c5cccnc5,5.92
1494,CHEMBL2113029,NS(=O)(=O)c1cccc(c1)c2ccsc2c3cc(Cl)ccc3OCc4ccccc4,6.41
1496,CHEMBL2373410,[Na+].[O-]C(=O)COc1cccc(C[C@@H]2CCC[C@@H]3O[C@]23c4oc(c5ccccc5)c(n4)c6ccccc6)c1,6.03
1497,CHEMBL192661,OC(=O)COc1cccc2c(CSC(c3ccccc3)c4ccccc4)coc12,5.29
1498,CHEMBL187544,OC(=O)COc1cccc2c(CSCC(c3ccccc3)c4ccccc4)coc12,5.6
1499,CHEMBL189063,OC(=O)COc1cccc2c(CSCCC(c3ccccc3)c4ccccc4)coc12,5.51
1500,CHEMBL188384,OC(=O)COc1cccc2c(CCSC(c3ccccc3)c4ccccc4)coc12,6.51
1501,CHEMBL361939,OC(=O)COc1cccc2c(CCSCC(c3ccccc3)c4ccccc4)coc12,5.51
1507,CHEMBL187758,OC(=O)COc1cccc2c(CCCSC(c3ccccc3)c4ccccc4)coc12,5.51
1513,CHEMBL189694,CCC(SCCc1c(CO)oc2c(OCC(=O)O)cccc12)(c3ccccc3)c4ccccc4,6.75
1515,CHEMBL191118,OCc1oc2c(OCC(=O)O)cccc2c1CCSC(c3ccccc3)(c4ccccc4)C(F)(F)F,6.82
1529,CHEMBL373118,CN([C@@H]1CCc2c(C1)c3ccccc3n2CCC(=O)O)S(=O)(=O)c4ccc(F)cc4,5.52
1532,CHEMBL194085,OC(=O)Cn1c2CC[C@H](Cc2c3ccccc13)NS(=O)(=O)c4ccc(F)cc4,6.27
1543,CHEMBL372588,OC(=O)Cc1ccc2OCc3ccccc3\C(=C\CN4CCC(Cc5ccccc5)CC4)\c2c1,6.13
1733,CHEMBL208082,CN(C)C(=O)c1cccc2c3CCCC(CC(=O)O)c3n(Cc4ccc(Cl)cc4)c12,5.43
1736,CHEMBL383224,C[S+]([O-])c1cccc2c3CCCC(CC(=O)O)c3n(Cc4ccc(Cl)cc4)c12,6.76
1737,CHEMBL379491,CC[S+]([O-])c1cccc2c3CCCC(CC(=O)O)c3n(Cc4ccc(Cl)cc4)c12,6.47
1738,CHEMBL378628,CC(C)[S+]([O-])c1cccc2c3CCCC(CC(=O)O)c3n(Cc4ccc(Cl)cc4)c12,5.75
1740,CHEMBL208083,OC(=O)CC1CCCc2c1n(Cc3ccc(Cl)cc3)c4c(cccc24)[S+]([O-])Cc5ccccc5,6.85
1742,CHEMBL210707,C[S+]([O-])c1cccc2c3CCC[C@H](CC(=O)O)c3n(Cc4ccc(Cl)cc4)c12,6.89
1744,CHEMBL210807,CS(=O)(=O)c1ccc2c(c1)c3CCCC(CC(=O)O)c3n2Cc4ccc(Cl)cc4,6.0
1745,CHEMBL207104,CS(=O)(=O)c1ccc2c(c1)c3CCC(CC(=O)O)c3n2Cc4ccc(Cl)cc4,5.68
1746,CHEMBL377297,CN(C)S(=O)(=O)c1ccc2c(c1)c3CCC(CC(=O)O)c3n2Cc4ccc(Cl)cc4,5.64
1748,CHEMBL206040,CS(=O)(=O)c1cc(Br)c2c(c1)c3CCC(CC(=O)O)c3n2Cc4ccc(Cl)cc4,6.7
1749,CHEMBL377055,CS(=O)(=O)c1cc(C=C)c2c(c1)c3CCC(CC(=O)O)c3n2Cc4ccc(Cl)cc4,6.28
1750,CHEMBL207916,CS(=O)(=O)c1cc(C2CCCCC2)c3c(c1)c4CCC(CC(=O)O)c4n3Cc5ccc(Cl)cc5,6.48
1751,CHEMBL207805,CS(=O)(=O)c1cc(C#N)c2c(c1)c3CCC(CC(=O)O)c3n2Cc4ccc(Cl)cc4,5.96
1752,CHEMBL207689,CS(=O)(=O)c1cc(c2cccs2)c3c(c1)c4CCC(CC(=O)O)c4n3Cc5ccc(Cl)cc5,6.14
1753,CHEMBL379711,CC(=O)c1cc(cc2c3CCC(CC(=O)O)c3n(Cc4ccc(Cl)cc4)c12)S(=O)(=O)C,5.44
1754,CHEMBL378744,CC(O)c1cc(cc2c3CCC(CC(=O)O)c3n(Cc4ccc(Cl)cc4)c12)S(=O)(=O)C,4.8
1755,CHEMBL208319,CC(C)(C)c1ccc(Cn2c3C(CC(=O)O)CCc3c4cc(cc(Br)c24)S(=O)(=O)C)cc1,6.09
1756,CHEMBL210588,CS(=O)(=O)c1ccc(Cn2c3C(CC(=O)O)CCc3c4cc(cc(Br)c24)S(=O)(=O)C)cc1,5.57
1757,CHEMBL210615,CS(=O)(=O)c1cc(Br)c2c(c1)c3CCC(CC(=O)O)c3n2Cc4cccc(Cl)c4,6.12
1758,CHEMBL209033,CS(=O)(=O)c1cc(Br)c2c(c1)c3CCC(CC(=O)O)c3n2Cc4cccc(OC(F)(F)F)c4,6.59
1759,CHEMBL210744,CS(=O)(=O)c1cc(Br)c2c(c1)c3CCC(CC(=O)O)c3n2Cc4ccc5sc(Cl)c(Cl)c5n4,6.66
1760,CHEMBL207201,CS(=O)(=O)c1cc(Br)c2c(c1)c3CCC(CC(=O)O)c3n2Cc4ccc5ccc(Cl)cc5n4,6.75
1761,CHEMBL383484,CC(=O)c1cc(cc2c3CC[C@H](CC(=O)O)c3n(Cc4ccc(Cl)cc4)c12)S(=O)(=O)C,5.92
1763,CHEMBL207203,CC(O)c1cc(cc2c3CC[C@H](CC(=O)O)c3n(Cc4ccc(Cl)cc4)c12)S(=O)(=O)C,5.15
1785,CHEMBL387477,CS(=O)(=O)c1cc(F)cc2c3CC[C@@H](CC(=O)O)c3n(Cc4ccc(Cl)cc4)c12,5.98
1786,CHEMBL231184,Cc1ccc(cc1C(=O)O)n2c(C)ccc2c3cc(Cl)ccc3OCc4ccc(F)cc4,7.8
1788,CHEMBL390899,COc1cc(C)ccc1Oc2ccc(cc2S(=O)(=O)NC(=O)NC(C)(C)C)[N+](=O)[O-],6.28
1791,CHEMBL245263,CCCCCNC(=O)NS(=O)(=O)c1cc(ccc1Oc2ccc(Cl)c(C)c2)[N+](=O)[O-],5.43
1792,CHEMBL245262,Cc1cc(Oc2ccc(cc2S(=O)(=O)NC(=O)NC(C)(C)C)[N+](=O)[O-])ccc1Cl,5.98
1793,CHEMBL245261,COc1cccc(Oc2ccc(cc2S(=O)(=O)NC(=O)NC(C)(C)C)[N+](=O)[O-])c1,5.71
1794,CHEMBL390897,CCCCCNC(=O)NS(=O)(=O)c1cc(ccc1Oc2ccc(OCC)cc2)[N+](=O)[O-],4.87
1795,CHEMBL245037,CCOc1ccc(Oc2ccc(cc2S(=O)(=O)NC(=O)NC(C)(C)C)[N+](=O)[O-])cc1,4.72
1796,CHEMBL245036,CCCCCNC(=O)NS(=O)(=O)c1cc(ccc1Oc2ccc(OCCC)cc2)[N+](=O)[O-],4.57
1797,CHEMBL244819,CCCOc1ccc(Oc2ccc(cc2S(=O)(=O)NC(=O)NC(C)(C)C)[N+](=O)[O-])cc1,4.97
1798,CHEMBL244818,CCCCCNC(=O)NS(=O)(=O)c1cc(ccc1Oc2ccc(OC)cc2)[N+](=O)[O-],5.57
1799,CHEMBL244817,COc1ccc(Oc2ccc(cc2S(=O)(=O)NC(=O)NC(C)(C)C)[N+](=O)[O-])cc1,5.71
1800,CHEMBL244608,CCCCCNC(=O)NS(=O)(=O)c1cc(ccc1Oc2ccc(I)cc2)[N+](=O)[O-],5.66
1801,CHEMBL389135,CC(C)(C)NC(=O)NS(=O)(=O)c1cc(ccc1Oc2ccc(I)cc2)[N+](=O)[O-],5.67
1802,CHEMBL244401,CCCCCNC(=O)NS(=O)(=O)c1cc(ccc1Oc2cccc(I)c2)[N+](=O)[O-],5.35
1803,CHEMBL244190,CC(C)(C)NC(=O)NS(=O)(=O)c1cc(ccc1Oc2cccc(I)c2)[N+](=O)[O-],6.33
1804,CHEMBL244188,CCCCCNC(=O)NS(=O)(=O)c1cc(ccc1Oc2ccc(Cl)cc2)[N+](=O)[O-],6.06
1805,CHEMBL243983,CC(C)(C)NC(=O)NS(=O)(=O)c1cc(ccc1Oc2ccc(Cl)cc2)[N+](=O)[O-],5.52
1806,CHEMBL390414,CCCCCNC(=O)NS(=O)(=O)c1cc(ccc1Oc2cccc(Cl)c2)[N+](=O)[O-],5.62
1807,CHEMBL390217,CC(C)(C)NC(=O)NS(=O)(=O)c1cc(ccc1Oc2cccc(Cl)c2)[N+](=O)[O-],6.16
1808,CHEMBL243773,CCCCCNC(=O)NS(=O)(=O)c1cc(ccc1Oc2ccccc2Cl)[N+](=O)[O-],5.51
1809,CHEMBL390216,CC(C)(C)NC(=O)NS(=O)(=O)c1cc(ccc1Oc2ccccc2Cl)[N+](=O)[O-],5.62
1810,CHEMBL243553,CCCCCNC(=O)NS(=O)(=O)c1cc(ccc1Oc2ccc(Br)cc2)[N+](=O)[O-],6.0
1811,CHEMBL243552,CC(C)(C)NC(=O)NS(=O)(=O)c1cc(ccc1Oc2ccc(Br)cc2)[N+](=O)[O-],5.78
1812,CHEMBL245254,CCCCCNC(=O)NS(=O)(=O)c1cc(ccc1Oc2cccc(Br)c2)[N+](=O)[O-],5.23
1813,CHEMBL245253,CC(C)(C)NC(=O)NS(=O)(=O)c1cc(ccc1Oc2cccc(Br)c2)[N+](=O)[O-],6.17
1814,CHEMBL397198,CCCCCNC(=O)NS(=O)(=O)c1cc(ccc1Oc2ccccc2Br)[N+](=O)[O-],5.5
1815,CHEMBL245032,CC(C)(C)NC(=O)NS(=O)(=O)c1cc(ccc1Oc2ccccc2Br)[N+](=O)[O-],5.59
1816,CHEMBL245031,CCCNC(=O)NS(=O)(=O)c1cc(ccc1Oc2ccc(C)cc2)[N+](=O)[O-],5.38
1817,CHEMBL242904,CC(C)NC(=O)NS(=O)(=O)c1cc(ccc1Oc2ccc(C)cc2)[N+](=O)[O-],5.06
1818,CHEMBL395079,Cc1cccc(Oc2ccc(cc2S(=O)(=O)NC(=O)NC(C)(C)C)[N+](=O)[O-])c1,6.4
1819,CHEMBL242694,CCCCNC(=O)NS(=O)(=O)c1cc(ccc1Oc2cccc(C)c2)[N+](=O)[O-],5.72
1820,CHEMBL397964,CC(C)NC(=O)NS(=O)(=O)c1cc(ccc1Oc2cccc(C)c2)[N+](=O)[O-],5.58
1821,CHEMBL242692,Cc1ccccc1Oc2ccc(cc2S(=O)(=O)NC(=O)NC(C)(C)C)[N+](=O)[O-],5.43
1822,CHEMBL242479,CCCCNC(=O)NS(=O)(=O)c1cc(ccc1Oc2ccccc2C)[N+](=O)[O-],6.17
1823,CHEMBL242478,CC(C)NC(=O)NS(=O)(=O)c1cc(ccc1Oc2ccccc2C)[N+](=O)[O-],5.06
1900,CHEMBL242687,Cc1ccc(Oc2ccc(cc2S(=O)(=O)N\C(=N/C#N)\NC(C)(C)C)[N+](=O)[O-])cc1,5.68
1908,CHEMBL402162,CCOc1c2C(=O)N(Cc2c(OCC)c3ncccc13)c4ccc(CS(=O)(=O)NC(=O)Cc5ccccc5OC)cc4C,6.2
1910,CHEMBL412070,CS(=O)(=O)c1cc(F)cc2c1c(C(=O)c3ccc(Cl)cc3)c4[C@@H](CC(=O)O)CCCn24,6.78
1911,CHEMBL411255,CS(=O)(=O)c1cc(F)cc2c1c(C(=O)c3ccc(Cl)cc3)c4[C@H](CC(=O)O)CCCn24,5.15
1912,CHEMBL410736,CS(=O)(=O)c1cc(F)cc2c1c(C(=O)c3ccc(Cl)cc3)c4C(CC(=O)O)CCCCn24,6.17
1913,CHEMBL409737,CS(=O)(=O)c1cc(F)cc2c1c(C(=O)c3ccc(Cl)cc3)c4C(CC(=O)O)CCCn24,6.29
1914,CHEMBL261008,CS(=O)(=O)c1cc(F)cc2c1c(C(=O)c3ccc(Cl)cc3)c4C(CC(=O)O)CCn24,5.16
1915,CHEMBL260468,CS(=O)(=O)c1cc(F)cc2c1c(c3cccc(c3)c4ccccc4)c5C(CC(=O)O)CCn25,6.51
1916,CHEMBL406648,CC(c1ccc(Cl)cc1)c2c3C(CC(=O)O)CCn3c4cc(F)cc(c24)S(=O)(=O)C,5.5
1917,CHEMBL409451,CS(=O)(=O)c1cc(F)cc2c1c(CCc3ccc(Cl)cc3)c4C(CC(=O)O)CCn24,6.66
1919,CHEMBL409452,CS(=O)(=O)c1cc(F)cc2c1c(Sc3ccc4ccccc4c3)c5C(CC(=O)O)CCn25,6.23
1920,CHEMBL406649,CS(=O)(=O)c1cc(F)cc2c1c(Sc3ccc(cc3)C(F)(F)F)c4C(CC(=O)O)CCn24,6.54
1921,CHEMBL258498,CS(=O)(=O)c1cc(F)cc2c1c(Sc3ccc(Cl)cc3F)c4C(CC(=O)O)CCn24,6.7
1922,CHEMBL411847,OC(=O)CC1CCn2c1c(Sc3ccc(Cl)cc3)c4c(cc(F)cc24)C5CC5,6.87
1923,CHEMBL258714,CCC(CC)c1cc(F)cc2c1c(Sc3ccc(Cl)cc3)c4C(CC(=O)O)CCn24,6.44
1925,CHEMBL262869,CS(=O)(=O)c1cc(F)cc2c1c(Sc3ccc(Cl)cc3)c4C(CC(=O)O)CCn24,6.65
1926,CHEMBL260854,CCS(=O)(=O)c1cc(F)cc2c1c(Sc3ccc(Cl)cc3)c4C(CC(=O)O)CCn24,6.6
1928,CHEMBL409939,CCC(OC)c1cc(F)cc2c1c(Sc3ccc(Cl)cc3)c4C(CC(=O)O)CCn24,6.7
1929,CHEMBL259650,CC(C)C(O)c1cc(F)cc2c1c(Sc3ccc(Cl)cc3)c4C(CC(=O)O)CCn24,6.32
1930,CHEMBL260400,CC(O)c1cc(F)cc2c1c(Sc3ccc(Cl)cc3)c4C(CC(=O)O)CCn24,6.56
1931,CHEMBL261471,CC(=O)c1cc(F)cc2c1c(Sc3ccc(Cl)cc3)c4C(CC(=O)O)CCn24,6.17
1934,CHEMBL257997,[Na+].CC(C)Cc1cn(c2nc(cs2)C(=O)[O-])c3cc(Cl)ccc13,7.5
1935,CHEMBL403407,[Na+].CC(C)Cc1cn(c2oc(cc2)C(=O)[O-])c3cc(Cl)ccc13,6.4
1936,CHEMBL257134,[Na+].CC(C)Cc1cn(c2nc(cs2)C(=O)[O-])c3cc(Br)ccc13,7.3
1937,CHEMBL255675,[Na+].CC(C)(C)CCc1cn(c2nc(cs2)C(=O)[O-])c3cc(Cl)ccc13,7.1
1939,CHEMBL461571,C[C@@H](Oc1cccc(Cn2c(C)c(C(=O)c3ccc(Cl)cc3)c4ccc(OC(F)(F)F)cc24)c1)C(=O)O,5.69
1944,CHEMBL485535,Cc1ccc(Sc2c3C(CC(=O)O)CCCn3c4nccc(c24)S(=O)(=O)C)cc1,6.77
1953,CHEMBL482743,CS(=O)(=O)c1ccnc2c1c(Sc3ccccc3)c4C(CC(=O)O)CCCn24,6.19
1955,CHEMBL482953,COc1ccnc2c1c(Sc3ccc(Cl)cc3)c4C(CC(=O)O)CCCn24,6.47
1958,CHEMBL474502,CS(=O)(=O)c1nccc2c1c(Sc3ccc(Cl)c(Cl)c3)c4C(CC(=O)O)CCCn24,6.0
1959,CHEMBL506909,CS(=O)(=O)c1nccc2c1c(Sc3ccc(Cl)c(Cl)c3)c4C(CC(=O)O)CCn24,5.16
1960,CHEMBL514802,CS(=O)(=O)c1nccc2c1c(Sc3ccc(Cl)cc3)c4C(CC(=O)O)CCn24,4.91
1961,CHEMBL474702,OC(=O)CC1CCn2c1c(Sc3ccc(Cl)c(Cl)c3)c4cnccc24,5.54
1963,CHEMBL521122,CCc1nccc2c1c(Sc3ccc(Cl)c(Cl)c3)c4C(CC(=O)O)CCCn24,6.16
1964,CHEMBL482550,CCc1nccc2c1c(Sc3ccc(Cl)c(Cl)c3)c4C(CC(=O)O)CCn24,5.77
1965,CHEMBL519803,OC(=O)CC1CCCn2c1c(Sc3ccc(Cl)c(Cl)c3)c4c(nccc24)C5CC5,6.0
1966,CHEMBL482744,OC(=O)CC1CCn2c1c(Sc3ccc(Cl)c(Cl)c3)c4c(nccc24)C5CC5,6.38
1967,CHEMBL483152,OC(=O)CC1CCCn2c1c(Sc3ccc(Cl)c(Cl)c3)c4c(CC5CC5)nccc24,6.23
1968,CHEMBL483154,OC(=O)CC1CCn2c1c(Sc3ccc(Cl)c(Cl)c3)c4c(CC5CC5)nccc24,5.47
1969,CHEMBL518987,CCCc1nccc2c1c(Sc3ccc(Cl)c(Cl)c3)c4C(CC(=O)O)CCCn24,6.2
1970,CHEMBL483346,CC(C)c1nccc2c1c(Sc3ccc(Cl)cc3)c4C(CC(=O)O)CCn24,5.55
1971,CHEMBL518988,CC(C)c1nccc2c1c(Sc3ccc(Cl)c(Cl)c3)c4C(CC(=O)O)CCCn24,6.33
1972,CHEMBL483159,CC(C)c1nccc2c1c(Sc3ccc(Cl)c(Cl)c3)c4C(CC(=O)O)CCn24,5.68
1974,CHEMBL484779,CC(C)c1nccc2c1c(Sc3ccc(Cl)cc3Cl)c4C(CC(=O)O)CCn24,6.41
1975,CHEMBL484777,CC(C)c1nccc2c1c(Sc3ccc(cc3)C(F)(F)F)c4C(CC(=O)O)CCn24,5.21
1976,CHEMBL520007,CC(C)c1nccc2c1c(Sc3cc(Cl)c(Cl)cc3Cl)c4C(CC(=O)O)CCn24,6.73
1977,CHEMBL484778,CC(C)c1nccc2c1c(Sc3ccc(Cl)c(Cl)c3)c4[C@H](CC(=O)O)CCn24,5.3
1978,CHEMBL483991,CC(C)c1nccc2c1c(Sc3ccc(Cl)c(Cl)c3)c4[C@@H](CC(=O)O)CCn24,6.03
1986,CHEMBL467510,[Na+].CC(C)COc1ccc(Cl)cc1c2ccccc2c3cccc(n3)C(=O)[O-],5.8
1991,CHEMBL551813,CN(C)c1nc(Cc2ccc(NC(=O)c3ccc(cc3)C(F)(F)F)cc2)nc(N(C)C)c1CC(=O)O,4.2
2004,CHEMBL589973,CCCCNC(=O)c1ccc(Oc2ccc(CC(=O)O)cc2OC)c(NS(=O)(=O)c3ccc(Cl)cc3Cl)c1,4.52
2017,CHEMBL1088284,OC(=O)Cc1cnc(nc1c2cccc(F)c2)C(c3ccc(F)cc3)c4ccc(F)cc4,4.51
2065,CHEMBL1084009,OC(=O)c1ccc(cc1)C2(CC2)NC(=O)c3cccc4ccn(Cc5ccc(cc5)C(F)(F)F)c34,5.17
2068,CHEMBL1084903,Cc1c(C2N(CCOc3ccccc3)S(=O)(=O)c4ccccc24)c5ccccc5n1CC(=O)O,5.11
2069,CHEMBL1083446,Cc1c(C2N(CCOc3ccc(Cl)cc3)S(=O)(=O)c4ccccc24)c5ccccc5n1CC(=O)O,5.47
2073,CHEMBL1289984,CS(=O)(=O)c1cc(F)cc2c3CCCC(CC(=O)O)c3n(Cc4ccc(Cl)cc4)c12,8.6
2074,CHEMBL1290079,C[C@@H](c1ccc(Cl)cc1)n2c3[C@@H](CC(=O)O)CCCc3c4cc(F)cc(c24)S(=O)(=O)C,6.74
2075,CHEMBL1290080,C[C@@H](c1ccc(Cl)c(F)c1)n2c3[C@@H](CC(=O)O)CCCc3c4cc(F)cc(c24)S(=O)(=O)C,6.7
2076,CHEMBL1287835,C[C@@H](c1ccc(Cl)c(Cl)c1)n2c3[C@@H](CC(=O)O)CCCc3c4cc(F)cc(c24)S(=O)(=O)C,6.95
2077,CHEMBL1290187,C[C@@H](c1ccc(Cl)cc1F)n2c3[C@@H](CC(=O)O)CCCc3c4cc(F)cc(c24)S(=O)(=O)C,6.57
2078,CHEMBL1290298,C[C@@H](c1ccccc1)n2c3[C@@H](CC(=O)O)CCCc3c4cc(F)cc(c24)S(=O)(=O)C,6.44
2079,CHEMBL1290299,C[C@@H](c1cccc(Cl)c1)n2c3[C@@H](CC(=O)O)CCCc3c4cc(F)cc(c24)S(=O)(=O)C,6.54
2080,CHEMBL1290413,C[C@@H](c1ccc(cc1)C(F)(F)F)n2c3[C@@H](CC(=O)O)CCCc3c4cc(F)cc(c24)S(=O)(=O)C,6.47
2081,CHEMBL1290414,C[C@@H](c1ccc(F)cc1)n2c3[C@@H](CC(=O)O)CCCc3c4cc(F)cc(c24)S(=O)(=O)C,7.0
2082,CHEMBL1290523,C[C@@H](c1ccc(Br)cc1)n2c3[C@@H](CC(=O)O)CCCc3c4cc(F)cc(c24)S(=O)(=O)C,6.98
2083,CHEMBL1290524,C[C@@H](c1ccc(cc1)C#N)n2c3[C@@H](CC(=O)O)CCCc3c4cc(F)cc(c24)S(=O)(=O)C,7.03
2084,CHEMBL1290638,C[C@@H](c1ccc(cc1)S(=O)(=O)C)n2c3[C@@H](CC(=O)O)CCCc3c4cc(F)cc(c24)S(=O)(=O)C,5.83
2085,CHEMBL1290639,CS(=O)(=O)c1cc(F)cc2c3CCC[C@H](CC(=O)O)c3n([C@@H](CF)c4ccc(Cl)cc4)c12,6.89
2086,CHEMBL1290755,CS(=O)(=O)c1cc(F)cc2c3CCC[C@H](CC(=O)O)c3n([C@@H](C(F)F)c4ccc(Cl)cc4)c12,6.86
2107,CHEMBL1643768,CN(C1CCc2c(C1)c3ccccc3n2CC(=O)O)S(=O)(=O)c4ccc(F)cc4,5.86
2110,CHEMBL1643770,CN([C@@H]1CCc2c(CC(=O)O)c3c(F)cccc3n2C1)S(=O)(=O)c4ccc(F)cc4,6.05
2111,CHEMBL1643771,CN([C@@H]1CCc2c(CC(=O)O)c3cc(F)ccc3n2C1)S(=O)(=O)c4ccc(F)cc4,5.73
2113,CHEMBL1643773,CN([C@@H]1CCc2c(CC(=O)O)c3ccc(F)cc3n2C1)S(=O)(=O)c4ccc(F)cc4,6.14
2114,CHEMBL1643774,CN([C@@H]1CCc2c(CC(=O)O)c3ccc(Cl)cc3n2C1)S(=O)(=O)c4ccc(F)cc4,5.4
2115,CHEMBL1643775,CN([C@@H]1CCc2c(CC(=O)O)c3ccc(cc3n2C1)C(F)(F)F)S(=O)(=O)c4ccc(F)cc4,5.82
2118,CHEMBL1643778,CN([C@@H]1CCc2c(CC(=O)O)c3ccc(cc3n2C1)c4ccccc4)S(=O)(=O)c5ccc(F)cc5,5.54
2119,CHEMBL1643779,CN([C@@H]1CCc2c(CC(=O)O)c3cc(F)c(F)cc3n2C1)S(=O)(=O)c4ccc(F)cc4,6.14
2120,CHEMBL1643780,CN([C@@H]1CCc2c(CC(=O)O)c3ccc(F)c(F)c3n2C1)S(=O)(=O)c4ccc(F)cc4,6.02
2121,CHEMBL1643781,CN([C@@H]1CCc2c(CC(=O)O)c3c(Cl)cc(Cl)cc3n2C1)S(=O)(=O)c4ccc(F)cc4,5.88
2122,CHEMBL1643782,CN([C@@H]1CCc2c(CC(=O)O)c3cc(F)c(Cl)cc3n2C1)S(=O)(=O)c4ccc(F)cc4,5.74
2123,CHEMBL1643783,CN([C@@H]1CCc2c(CC(=O)O)c3cccc(F)c3n2C1)S(=O)(=O)c4ccc(F)cc4,5.67
2124,CHEMBL1643784,CN([C@@H]1CCc2c(CC(=O)O)c3cc(F)cc(F)c3n2C1)S(=O)(=O)c4ccc(F)cc4,6.37
2126,CHEMBL1643786,CCN([C@@H]1CCc2c(CC(=O)O)c3ccccc3n2C1)S(=O)(=O)c4ccc(F)cc4,5.67
2127,CHEMBL1643787,CCCCCN([C@@H]1CCc2c(CC(=O)O)c3ccccc3n2C1)S(=O)(=O)c4ccc(F)cc4,6.04
2128,CHEMBL1643788,OC(=O)Cc1c2CC[C@H](Cn2c3ccccc13)N(CC4CC4)S(=O)(=O)c5ccc(F)cc5,5.91
2129,CHEMBL1643789,OC(=O)Cc1c2CC[C@H](Cn2c3ccccc13)N(Cc4ccc(F)cc4)S(=O)(=O)c5ccc(F)cc5,5.8
2130,CHEMBL1643790,OC(=O)Cc1c2CC[C@H](Cn2c3ccccc13)N(CC(F)(F)F)S(=O)(=O)c4ccc(F)cc4,5.87
2136,CHEMBL1643796,CN([C@@H]1CCc2c(CC(=O)O)c3ccccc3n2C1)S(=O)(=O)c4ccc(Cl)cc4,5.98
2137,CHEMBL1643797,CN([C@@H]1CCc2c(CC(=O)O)c3ccccc3n2C1)S(=O)(=O)c4ccc(cc4)C(F)(F)F,5.67
2141,CHEMBL1643801,CN([C@@H]1CCc2c(CC(=O)O)c3ccccc3n2C1)S(=O)(=O)c4ccc(Cl)s4,5.55
2155,CHEMBL1801358,COc1ccc2c(c1)C(CC3CCOCC3)(c4ccc(Cl)cc4)n5ccnc25,5.16
2157,CHEMBL1813287,CCN1[C@@H](COc2ccc(C(=O)n3c(C)c(CC(=O)O)c4ccccc34)c(C)c2)Cc5ccccc15,5.12
2160,CHEMBL364841,CN1C[C@@H](COc2ccc(cc2)C(=O)n3c(C)cc4c(CC(=O)O)cccc34)Oc5ccccc15,6.59
2174,CHEMBL65121,OC(=O)CCc1cccc(CCNS(=O)(=O)c2ccc(Cl)cc2)c1,6.85
2176,CHEMBL1829801,Clc1ccc(cc1)S(=O)(=O)NCCc2cccc(CCc3nn[nH]n3)c2,6.48
2177,CHEMBL1829802,OC1=C(NCc2cccc(CCNS(=O)(=O)c3ccc(Cl)cc3)c2)C(=O)C1=O,6.45
2178,CHEMBL1829803,OC1=C(Cc2cccc(CCNS(=O)(=O)c3ccc(Cl)cc3)c2)C(=O)CC1,4.94
2179,CHEMBL1829805,OC1=CC(=O)CC1Cc2cccc(CCNS(=O)(=O)c3ccc(Cl)cc3)c2,6.69
2180,CHEMBL1829806,CC1=C(O)C(Cc2cccc(CCNS(=O)(=O)c3ccc(Cl)cc3)c2)CC1=O,6.48
2181,CHEMBL1829096,NC(=O)c1nonc1CSCC(=O)Oc2ccccc2C(=O)O,4.41
2182,CHEMBL1829095,NC(=O)c1c(CSCC(=O)Oc2ccccc2C(=O)O)no[n+]1[O-],4.42
2192,CHEMBL1829808,CCC1=C(O)CC(Cc2cccc(CCNS(=O)(=O)c3ccc(Cl)cc3)c2)C1=O,6.77
2193,CHEMBL1829809,CCC1=C(CC(Cc2cccc(CCNS(=O)(=O)c3ccc(Cl)cc3)c2)C1=O)OCC(C)C,5.42
2194,CHEMBL1829810,CC(C)C1=C(O)CC(Cc2cccc(CCNS(=O)(=O)c3ccc(Cl)cc3)c2)C1=O,6.7
2195,CHEMBL1829811,CC(C)COC1=C(C(C)C)C(=O)C(Cc2cccc(CCNS(=O)(=O)c3ccc(Cl)cc3)c2)C1,5.28
2196,CHEMBL1829812,OC1CC(Cc2cccc(CCNS(=O)(=O)c3ccc(Cl)cc3)c2)C(=O)C1CC4CC4,7.39
2197,CHEMBL1829813,CC(C)COC1=C(CC2CC2)C(=O)C(Cc3cccc(CCNS(=O)(=O)c4ccc(Cl)cc4)c3)C1,4.66
2198,CHEMBL1916686,COc1ccc(CC(=O)O)cc1c2ccc(cc2CN3[C@@H](C)[C@H](OC3=O)c4ccccc4)C(F)(F)F,4.2
2199,CHEMBL1916697,COC(=O)N(Cc1ccccc1)Cc2cc(ccc2c3cc(CC(=O)O)ccc3OC)C(F)(F)F,4.21
2200,CHEMBL1916700,CCN(Cc1cc(ccc1c2cc(CC(=O)O)ccc2OC)C(F)(F)F)C(=O)OCc3ccccc3,4.64
2201,CHEMBL1916704,CCN(Cc1cc(ccc1c2cc(CC(=O)O)ccc2OC)C(F)(F)F)C(=O)OC,4.17
2202,CHEMBL1916708,CCN(Cc1cc(ccc1c2cc(CC(=O)O)ccc2OC)C(F)(F)F)C(=O)OCc3ccc(Cl)cc3,4.95
2209,CHEMBL2178582,OC(=O)Cc1ccc2OCc3ccccc3\C(=C/CN4CCCC(Cc5ccccc5)C4)\c2c1,6.13
2246,CHEMBL2402418,CCCCCNC(=O)NS(=O)(=O)c1cc(ccc1Nc2ccc(F)cc2)C#N,5.19
2247,CHEMBL2402417,CC(C)(C)NC(=O)NS(=O)(=O)c1cc(ccc1Nc2ccc(F)cc2)C#N,5.31
2248,CHEMBL2402416,CC(C)NC(=O)NS(=O)(=O)c1cc(ccc1Nc2ccc(F)cc2)C#N,5.11
2249,CHEMBL2402415,CCCCCNC(=O)NS(=O)(=O)c1cc(ccc1Oc2ccc(I)cc2)C#N,5.02
2250,CHEMBL2402414,CC(C)(C)NC(=O)NS(=O)(=O)c1cc(ccc1Oc2ccc(I)cc2)C#N,5.26
2251,CHEMBL2402413,CC(C)NC(=O)NS(=O)(=O)c1cc(ccc1Oc2ccc(I)cc2)C#N,5.02
2252,CHEMBL2402412,CCCCCNC(=O)NS(=O)(=O)c1cc(ccc1Oc2ccc(Br)cc2)C#N,5.02
2253,CHEMBL2402411,CC(C)(C)NC(=O)NS(=O)(=O)c1cc(ccc1Oc2ccc(Br)cc2)C#N,5.28
2254,CHEMBL2402410,CC(C)NC(=O)NS(=O)(=O)c1cc(ccc1Oc2ccc(Br)cc2)C#N,5.04
2255,CHEMBL2402577,CCCCCNC(=O)NS(=O)(=O)c1cc(ccc1Oc2ccc(Cl)cc2)C#N,5.06
2256,CHEMBL2402576,CC(C)(C)NC(=O)NS(=O)(=O)c1cc(ccc1Oc2ccc(Cl)cc2)C#N,5.28
2257,CHEMBL2402575,CC(C)NC(=O)NS(=O)(=O)c1cc(ccc1Oc2ccc(Cl)cc2)C#N,5.07
2258,CHEMBL2402439,CCCCCNC(=O)NS(=O)(=O)c1cc(ccc1Oc2ccc(F)cc2)C#N,5.02
2259,CHEMBL2402438,CC(C)(C)NC(=O)NS(=O)(=O)c1cc(ccc1Oc2ccc(F)cc2)C#N,5.41
2260,CHEMBL2402437,CC(C)NC(=O)NS(=O)(=O)c1cc(ccc1Oc2ccc(F)cc2)C#N,5.03
2261,CHEMBL2402436,CCCCCNC(=O)NS(=O)(=O)c1cc(ccc1Nc2ccc(C)cc2)C#N,5.69
2262,CHEMBL2402435,Cc1ccc(Nc2ccc(cc2S(=O)(=O)NC(=O)NC(C)(C)C)C#N)cc1,5.98
2263,CHEMBL2402434,CC(C)NC(=O)NS(=O)(=O)c1cc(ccc1Nc2ccc(C)cc2)C#N,5.38
2264,CHEMBL2402433,CCCCCNC(=O)NS(=O)(=O)c1cc(ccc1Nc2cccc(C)c2)C#N,5.63
2265,CHEMBL2402432,Cc1cccc(Nc2ccc(cc2S(=O)(=O)NC(=O)NC(C)(C)C)C#N)c1,5.66
2266,CHEMBL2402431,CC(C)NC(=O)NS(=O)(=O)c1cc(ccc1Nc2cccc(C)c2)C#N,5.04
2267,CHEMBL2402430,CCCCCNC(=O)NS(=O)(=O)c1cc(ccc1Nc2ccccc2C)C#N,5.11
2268,CHEMBL2402429,Cc1ccccc1Nc2ccc(cc2S(=O)(=O)NC(=O)NC(C)(C)C)C#N,5.32
2269,CHEMBL2402428,CC(C)NC(=O)NS(=O)(=O)c1cc(ccc1Nc2ccccc2C)C#N,5.0
2270,CHEMBL2402427,CCCCCNC(=O)NS(=O)(=O)c1cc(ccc1Oc2ccc(C)cc2)C#N,6.2
2271,CHEMBL2402426,Cc1ccc(Oc2ccc(cc2S(=O)(=O)NC(=O)NC(C)(C)C)C#N)cc1,6.17
2272,CHEMBL2402425,CC(C)NC(=O)NS(=O)(=O)c1cc(ccc1Oc2ccc(C)cc2)C#N,5.87
2273,CHEMBL2402424,CCCCCNC(=O)NS(=O)(=O)c1cc(ccc1Oc2cccc(C)c2)C#N,6.17
2274,CHEMBL2402423,Cc1cccc(Oc2ccc(cc2S(=O)(=O)NC(=O)NC(C)(C)C)C#N)c1,6.16
2275,CHEMBL2402422,CC(C)NC(=O)NS(=O)(=O)c1cc(ccc1Oc2cccc(C)c2)C#N,5.77
2276,CHEMBL2402421,CCCCCNC(=O)NS(=O)(=O)c1cc(ccc1Oc2ccccc2C)C#N,5.75
2277,CHEMBL2402420,Cc1ccccc1Oc2ccc(cc2S(=O)(=O)NC(=O)NC(C)(C)C)C#N,5.83
2278,CHEMBL2402419,CC(C)NC(=O)NS(=O)(=O)c1cc(ccc1Oc2ccccc2C)C#N,5.21
2315,CHEMBL3092130,Nc1c(nn(c1c2ccccc2)c3nc(cs3)C(=O)O)c4ccccc4,6.7
2322,CHEMBL3326603,OC1=CC(CC1=O)c2cccc(CCNS(=O)(=O)c3ccc(Cl)cc3)c2,5.94
2342,CHEMBL3354617,CC(C)COC1=C(C(=O)C(Cc2cccc3CC(CCc23)NS(=O)(=O)c4ccc(Cl)cc4)C1)c5c(C)cccc5C,5.56
2346,CHEMBL3335481,Cc1cccc(C)c1C2=C(O)CC(Cc3cccc4CCCCc34)C2=O,6.05
2349,CHEMBL3335483,OC1=C(C2CCCCC2)C(=O)C(Cc3cccc(CCNS(=O)(=O)c4ccc(Cl)cc4)c3)C1,6.05
2376,CHEMBL3787587,O[C@@H](C(=O)N1N=CC[C@H]1C(=O)NCc2cc(Cl)ccc2n3cnnn3)c4ccc(F)cc4,4.86
