,molecule_chembl_id,canonical_smiles,pchembl_value
0,taltirelin,CN1C(=O)C[C@H](NC1=O)C(=O)N[C@@H](CC1=CN=CN1)C(=O)N1CCCC1C(N)=O,6.5
1,protirelin,NC(=O)[C@@H]1CCCN1C(=O)[C@H](CC1=CNC=N1)NC(=O)[C@@H]1CCC(=O)N1,7.7
2,CHEMBL224730,C[n+]1c[nH]cc1C[C@H](N)C(=O)N2[C@@H](CCC2=O)C(=O)N[C@@H](Cc3c[nH]cn3)C(=O)N4CCC[C@H]4C(=O)N,8.52
1,CHEMBL223972,Cn1cnc(C[C@H](NC(=O)[C@@H]2CCCC(=O)N2)C(=O)N3CCC[C@H]3C(=O)N)c1,8.5
3,CHEMBL1472,NC(=O)[C@@H]1CCCN1C(=O)[C@H](Cc2cnc[nH]2)NC(=O)[C@@H]3CCC(=O)N3,7.7
15,CHEMBL224525,CCCc1nc(C[C@H](NC(=O)[C@@H]2CCCC(=O)N2)C(=O)N3CCC[C@H]3C(=O)N)c[nH]1,6.4
16,CHEMBL388528,NC(=O)[C@@H]1CCCN1C(=O)[C@H](Cc2cn(CC=C)cn2)NC(=O)[C@@H]3CCCC(=O)N3,5.13
18,CHEMBL390942,CCn1cnc(C[C@H](NC(=O)[C@@H]2CCCC(=O)N2)C(=O)N3CCC[C@H]3C(=O)N)c1,7.96
