,molecule_chembl_id,canonical_smiles,pchembl_value
0,estradiol,[H][C@@]12CC[C@H](O)[C@@]1(C)CC[C@]1([H])C3=C(CC[C@@]21[H])C=C(O)C=C3,8.44
1,fulvestrant,[H][C@@]12CC[C@H](O)[C@@]1(C)CC[C@]1([H])C3=CC=C(O)C=C3C[C@@H](CCCCCCCCCS(=O)CCCC(F)(F)C(F)(F)F)[C@@]21[H],8.7
2,CHEMBL2381363,CCOC(=O)c1cccc(c1)n2cc(nn2)C(=O)c3ccccc3N,7.0
3,CHEMBL2326070,C[C@]12CC[C@H]3[C@@H]([C@H](CCCCc4cn(nn4)C5=Cc6ccc(O)cc6OC5=O)Cc7cc(O)ccc37)[C@@H]1CC[C@@H]2O,7.0
4,CHEMBL2326076,CCOC(=O)CC(=O)c1ccc(cc1)C#CCCCC[C@@H]2Cc3cc(O)ccc3[C@H]4CC[C@]5(C)[C@@H](O)CC[C@H]5[C@H]24,7.02
5,CHEMBL2381358,CC(C)(C)c1cccc(c1)n2cc(nn2)C(=O)c3ccccc3N,7.03
6,CHEMBL250507,COc1ccc(cc1)c2c3COc4cc(O)ccc4c3nc5ccc(O)cc25,7.03
7,CHEMBL398815,COc1cccc(c1)c2c3COc4cc(O)ccc4c3nc5ccc(O)cc25,7.07
8,CHEMBL440757,Oc1ccc(cc1)c2cc(C#C)c3cc(O)ccc3n2,7.13
9,CHEMBL2381362,COC(=O)c1cccc(c1)n2cc(nn2)C(=O)c3ccccc3N,7.14
10,CHEMBL437390,Oc1ccc2c(OCc3c2nc4ccc(O)cc4c3c5ccc(cc5)C#N)c1,7.19
11,CHEMBL198089,Oc1ccc(cc1)c2cc(C=C)c3cc(O)ccc3n2,7.22
12,CHEMBL198679,CCc1cc(nc2ccc(O)cc12)c3ccc(O)cc3,7.28
13,CHEMBL250301,Oc1ccc2c(OCc3c2nc4ccc(O)cc4c3C#C)c1,7.28
14,CHEMBL2326075,CC(C)(C)OC(=O)N1CCN(CC1)c2ccc(cc2)C#CCCCC[C@@H]3Cc4cc(O)ccc4[C@H]5CC[C@]6(C)[C@@H](O)CC[C@H]6[C@H]35,7.3
15,CHEMBL2326074,C[C@]12CC[C@H]3[C@@H]([C@H](CCCCC#Cc4ccc(cc4)c5oncc5)Cc6cc(O)ccc36)[C@@H]1CC[C@@H]2O,7.3
16,CHEMBL2326068,C[C@]12CC[C@H]3[C@@H]([C@H](CCCCc4cn(CC5COc6ccccc6O5)nn4)Cc7cc(O)ccc37)[C@@H]1CC[C@@H]2O,7.3
17,CHEMBL402493,CCc1c2COc3cc(O)ccc3c2nc4ccc(O)cc14,7.34
18,CHEMBL2381477,CC(C)c1ccc(cc1)n2cc(nn2)C(=O)c3ccccc3N,7.39
19,CHEMBL2326072,C[C@]12CC[C@H]3[C@@H]([C@H](CCCCC#Cc4ccc(cc4)n5cccc5)Cc6cc(O)ccc36)[C@@H]1CC[C@@H]2O,7.55
20,CHEMBL197667,Oc1ccc(cc1)c2cc(C#N)c3cc(O)ccc3n2,7.55
21,CHEMBL250300,Oc1ccc2c(OCc3c(C=C)c4cc(O)ccc4nc23)c1,7.66
22,CHEMBL2381353,CC(C)c1cccc(c1)n2cc(nn2)C(=O)c3ccccc3N,7.68
23,CHEMBL44,Oc1ccc(cc1)C2=COc3cc(O)cc(O)c3C2=O,8.0
24,CHEMBL402492,Oc1ccc2c(OCc3c2nc4ccc(O)cc4c3C#N)c1,8.22
25,CHEMBL372783,Oc1ccc(cc1)c2cc(Cl)c3cc(O)ccc3n2,8.34
26,CHEMBL198411,Oc1ccc(cc1)c2cc(Br)c3cc(O)ccc3n2,8.37
27,CHEMBL250097,Oc1ccc2c(OCc3c(Br)c4cc(O)ccc4nc23)c1,8.44
28,CHEMBL402491,Oc1ccc2c(OCc3c(Cl)c4cc(O)ccc4nc23)c1,8.48
4,CHEMBL366083,CCc1nnc(NC(=O)\C(=C\c2ccc(OCCOc3c(C)cccc3C)c(OC)c2)\C#N)s1,5.7
6,CHEMBL188396,COc1cc(\C=C(/C#N)\C(=O)Nc2nnc(s2)C(C)(C)C)ccc1OCCOc3c(C)cccc3C,5.77
8,CHEMBL188216,COc1cc(\C=C(/C#N)\C(=O)Nc2nnc(SC)s2)ccc1OCCOc3c(C)cccc3C,5.59
10,CHEMBL188328,COc1cc(\C=C(/C#N)\C(=O)Nc2nnc(s2)C(F)(F)F)ccc1OCCOc3c(C)cccc3C,5.82
12,CHEMBL189393,COc1cc(\C=C(/C#N)\C(=O)Nc2nnc(s2)c3ccc(cc3)N(C)C)ccc1OCCOc4c(C)cccc4C,5.7
14,CHEMBL188412,COc1cc(\C=C(/C#N)\C(=O)Nc2nncs2)ccc1OCCOc3c(C)cccc3C,5.85
17,CHEMBL191214,CCc1oc(NC(=O)\C(=C\c2ccc(OCCOc3c(C)cccc3C)c(OC)c2)\C#N)nn1,5.48
19,CHEMBL186810,CCc1nnc(NC(=O)\C(=C\c2ccc(OCc3ccc(cc3C(F)(F)F)C(F)(F)F)c(OC)c2)\C#N)s1,6.4
25,CHEMBL365887,CCc1nnc(NC(=O)\C(=C\c2ccc(OCc3cc(F)ccc3C(F)(F)F)c(OC)c2)\C#N)s1,6.1
29,CHEMBL361308,CCc1nnc(NC(=O)\C(=C\c2ccc(OCc3ccc(F)cc3C(F)(F)F)c(OC)c2)\C#N)s1,6.04
33,CHEMBL189462,CCc1nnc(NC(=O)\C(=C\c2ccc(OCc3ccccc3OC(F)(F)F)c(OC)c2)\C#N)s1,5.75
35,CHEMBL364379,CCc1nnc(NC(=O)\C(=C\c2ccc(OCc3cccc4ccccc34)c(OC)c2)\C#N)s1,5.75
37,CHEMBL188215,CCc1nnc(NC(=O)\C(=C\c2ccc(OCc3ccccc3Br)c(OC)c2)\C#N)s1,5.66
43,CHEMBL186175,COc1cc(\C=C(/C#N)\C(=O)Nc2nnc(s2)c3ccccc3)ccc1OCc4ccc(cc4C(F)(F)F)C(F)(F)F,6.3
45,CHEMBL189753,COc1cc(\C=C(/C#N)\C(=O)Nc2nnc(s2)C(F)(F)F)ccc1OCc3ccc(cc3C(F)(F)F)C(F)(F)F,6.43
47,CHEMBL187944,COc1cc(\C=C(/C#N)\C(=O)Nc2nncs2)ccc1OCc3ccc(cc3C(F)(F)F)C(F)(F)F,6.13
49,CHEMBL187409,COc1cc(\C=C(/C#N)\C(=O)Nc2nnc(SC)s2)ccc1OCc3ccc(cc3C(F)(F)F)C(F)(F)F,6.36
53,CHEMBL365503,CCC1=NN2C\C(=C\c3ccc(OCCOc4c(C)cccc4C)c(OC)c3)\C(=O)N=C2S1,5.85
124,CHEMBL398814,Oc1ccc2c(OCc3c2nc4ccc(O)cc4c3c5cccc(c5)C#N)c1,6.82
125,CHEMBL250302,Oc1ccc2c(OCc3c2nc4ccc(O)cc4c3c5cccc(Cl)c5)c1,6.84
127,CHEMBL250506,Oc1ccc2c(OCc3c2nc4ccc(O)cc4c3c5ccc(cc5)C(F)(F)F)c1,6.5
129,CHEMBL250505,Oc1ccc2c(OCc3c2nc4ccc(O)cc4c3c5ccc(Cl)cc5)c1,6.8
156,CHEMBL477498,C(NCc1cn(c2ccccc2)c3ccccc13)C4CCCCC4,6.11
158,CHEMBL478524,Cc1ccc(cc1)n2cc(CNCC3CCCCC3)c4ccccc24,6.72
161,CHEMBL1671990,Cc1ccc(C)c(c1)c2cc(nn2C)c3ccc(O)cc3,6.0
164,CHEMBL1671955,COc1cc(\C=C\2/SC(=O)NC2=O)ccc1Oc3ccc(cc3[N+](=O)[O-])C(F)(F)F,6.57
165,CHEMBL1671956,COc1cc(\C=C\2/SC(=O)NC2=O)ccc1Oc3ccccc3[N+](=O)[O-],6.54
166,CHEMBL1671957,COC(=O)c1ccc(Oc2ccc(\C=C\3/SC(=O)NC3=O)cc2OC)c(c1)[N+](=O)[O-],6.33
167,CHEMBL1671958,COc1cc(\C=C\2/SC(=O)NC2=O)ccc1Oc3ccc(cc3[N+](=O)[O-])C#N,5.96
168,CHEMBL1671959,COc1cc(\C=C\2/SC(=O)NC2=O)ccc1Oc3ccc(c(c3)C(F)(F)F)[N+](=O)[O-],6.55
169,CHEMBL1671960,COc1cc(\C=C\2/SC(=O)NC2=O)ccc1Oc3ccc(cc3C#N)[N+](=O)[O-],6.0
170,CHEMBL1671961,COc1cc(\C=C\2/SC(=O)NC2=O)ccc1Oc3ccccc3C#N,5.62
171,CHEMBL1671962,COc1cc(\C=C\2/SC(=O)NC2=O)ccc1Oc3ccc(cc3C#N)C#N,6.3
172,CHEMBL1671963,COc1cc(\C=C\2/SC(=O)NC2=O)ccc1Oc3ccc(cc3C#N)C(F)(F)F,6.62
173,CHEMBL1671964,COC(=O)c1ccc(Oc2ccc(\C=C\3/SC(=O)NC3=O)cc2OC)c(Cl)c1,7.33
174,CHEMBL1671965,COc1cc(\C=C\2/SC(=O)NC2=O)ccc1Oc3ccc(cc3Cl)C(F)(F)F,6.78
175,CHEMBL1671869,COc1cc(\C=C\2/SC(=O)NC2=O)ccc1Oc3ccc(cc3Cl)C#N,6.27
176,CHEMBL1671966,COC(=O)c1ccc(Oc2ccc(\C=C\3/SC(=O)NC3=O)cc2OC)c(Br)c1,7.1
177,CHEMBL1671967,COc1cc(\C=C\2/SC(=O)NC2=O)ccc1Oc3ccc(cc3Br)C(F)(F)F,6.85
178,CHEMBL1671968,COc1cc(\C=C\2/SC(=O)NC2=O)ccc1Oc3ccc(cc3Br)C#N,6.14
179,CHEMBL1671969,COC(=O)c1ccc(Oc2ccc(\C=C\3/SC(=O)NC3=O)cc2OC)c(c1)C(F)(F)F,7.8
180,CHEMBL1671970,COc1cc(\C=C\2/SC(=O)NC2=O)ccc1Oc3ccc(cc3C(F)(F)F)C(F)(F)F,7.44
181,CHEMBL1671971,COc1cc(\C=C\2/SC(=O)NC2=O)ccc1Oc3ccc(cc3C(F)(F)F)C#N,7.4
182,CHEMBL1671972,COc1cc(\C=C\2/SC(=O)NC2=O)ccc1Oc3ccccc3C(F)(F)F,7.17
183,CHEMBL1671973,COC(=O)c1cc(ccc1Oc2ccc(\C=C\3/SC(=O)NC3=O)cc2OC)C(F)(F)F,7.16
184,CHEMBL1671974,COC(=O)c1ccc(Oc2ccc(\C=C\3/SC(=O)NC3=O)cc2OC)cc1C(F)(F)F,7.24
185,CHEMBL1671975,COc1cc(\C=C\2/SC(=O)NC2=O)ccc1Oc3ccc(C#N)c(c3)C(F)(F)F,6.33
186,CHEMBL1671976,COc1cc(\C=C\2/SC(=O)NC2=O)ccc1Oc3ccc(C#N)c(C)c3,6.05
187,CHEMBL1671977,COc1cc(\C=C\2/SC(=O)NC2=O)ccc1Oc3ccc(cc3C)C#N,6.19
188,CHEMBL1671978,COc1cc(\C=C\2/SC(=O)NC2=O)ccc1Oc3ccc(C#N)c(c3)C#N,6.66
189,CHEMBL1671979,COc1cc(\C=C\2/SC(=O)NC2=O)ccc1Oc3ccc(C#N)c(Cl)c3,5.89
190,CHEMBL1671980,COc1cc(\C=C\2/SC(=O)NC2=O)ccc1Oc3ccc(cc3)C#N,6.0
191,CHEMBL1671981,COc1cc(\C=C\2/SC(=O)NC2=O)ccc1Oc3ccc(C#N)c4ccccc34,7.21
192,CHEMBL1671982,COC(=O)c1ccc(Oc2ccc(\C=C\3/SC(=O)NC3=O)cc2OC)c4ccccc14,7.89
193,CHEMBL1671983,COC(=O)c1ccc(Oc2ccc(CC3SC(=O)NC3=O)cc2OC)cc1C(F)(F)F,5.92
194,CHEMBL1671984,FC(F)(F)c1cc(Oc2ccc(\C=C\3/SC(=O)NC3=O)cc2)ccc1C#N,6.14
195,CHEMBL1671985,Cc1cc(\C=C\2/SC(=O)NC2=O)ccc1Oc3ccc(C#N)c(c3)C(F)(F)F,6.1
196,CHEMBL1671986,CCOc1cc(\C=C\2/SC(=O)NC2=O)ccc1Oc3ccc(C#N)c(c3)C(F)(F)F,6.46
197,CHEMBL1671987,COc1cc(Oc2ccc(C#N)c(c2)C(F)(F)F)ccc1\C=C\3/SC(=O)NC3=O,6.14
198,CHEMBL1671988,COc1cc(\C=C\2/SC(=O)NC2=O)cc(OC)c1Oc3ccc(C#N)c(c3)C(F)(F)F,5.75
199,CHEMBL1671989,FC(F)(F)c1cc(Oc2ccc(\C=C\3/SC(=O)NC3=O)c4ccccc24)ccc1C#N,5.59
242,CHEMBL2326408,COc1cc(O)c(C(CC(=O)N2C[C@H](C)C[C@H](C)C2)c3ccc4OCOc4c3)c(OC)c1,4.85
290,CHEMBL83,CC\C(=C(/c1ccccc1)\c2ccc(OCCN(C)C)cc2)\c3ccccc3,6.7
315,CHEMBL150,OC1=C(Oc2cc(O)cc(O)c2C1=O)c3ccc(O)cc3,5.02
326,CHEMBL2381364,CCCOC(=O)c1cccc(c1)n2cc(nn2)C(=O)c3ccccc3N,5.98
330,CHEMBL2381360,Nc1ccccc1C(=O)c2cn(nn2)c3cccc(Oc4ccccc4)c3,5.76
331,CHEMBL2381359,Nc1ccccc1C(=O)c2cn(nn2)c3cccc(c3)c4ccccc4,6.19
333,CHEMBL2381357,Nc1ccccc1C(=O)c2cn(nn2)c3ccccc3,6.37
334,CHEMBL2381356,Nc1ccccc1C(=O)c2cn(nn2)c3cccc(c3)C(F)(F)F,4.8
335,CHEMBL2381355,Cc1cccc(c1)n2cc(nn2)C(=O)c3ccccc3N,5.66
336,CHEMBL2381354,CCc1cccc(c1)n2cc(nn2)C(=O)c3ccccc3N,6.7
338,CHEMBL2381352,CC(C)c1ccccc1n2cc(nn2)C(=O)c3ccccc3N,5.4
339,CHEMBL2381351,CC(C)c1ccc(cc1)n2cc(Cc3ccccc3O)nn2,5.81
340,CHEMBL2381350,CC(C)c1ccc(cc1)n2cc(nn2)C(=O)c3ccc(N)cc3,6.8
341,CHEMBL2381478,CC(C)c1ccc(cc1)n2cc(nn2)C(=O)c3cccc(N)c3,6.51
343,CHEMBL2381476,COc1ccccc1C(=O)c2cn(nn2)c3ccc(cc3)C(C)C,5.68
345,CHEMBL2381474,CC(C)c1ccc(cc1)n2cc(nn2)C(=O)c3ccccc3F,5.02
346,CHEMBL2381372,CC(C)c1ccc(cc1)n2cc(nn2)C(=O)c3ccccc3C,6.05
347,CHEMBL2381371,CC(C)c1ccc(cc1)n2cc(nn2)C(=O)c3ccccc3[N+](=O)[O-],6.05
348,CHEMBL2381370,CC(C)c1ccc(cc1)n2cc(nn2)C(=O)c3ccccc3O,6.41
349,CHEMBL2381369,CC(C)c1ccc(cc1)n2cc(nn2)C(=O)c3cccc(O)c3,5.84
