,molecule_chembl_id,canonical_smiles,pchembl_value
0,CHEMBL201013,CN(C)CCOc1ccc(cc1)\C(=C(\CCCO)/c2ccccc2)\c3ccc(O)cc3,7.1
1,CHEMBL489,CC\C(=C(/c1ccc(O)cc1)\c2ccc(OCCN(C)C)cc2)\c3ccccc3,7.89
2,CHEMBL1402,CN(C)CCOc1ccc(cc1)\C(=C(\CCCl)/c2ccccc2)\c3ccc(O)cc3,7.89
3,CHEMBL418971,CC(C)(c1ccc(O)cc1)c2ccc(O)cc2,8.26
4,CHEMBL203472,CN(C)CCOc1ccc(cc1)\C(=C(\CCN=[N+]=[N-])/c2ccccc2)\c3ccc(O)cc3,8.3
6,CHEMBL411,CC\C(=C(\CC)/c1ccc(O)cc1)\c2ccc(O)cc2,6.2
8,CHEMBL193836,CC(C)c1ccc(\C=N\NC(=O)c2ccc(O)cc2)cc1,5.89
11,CHEMBL192509,CCN(CC)c1ccc(\C=N\NC(=O)c2ccc(O)cc2)cc1,6.89
16,CHEMBL427174,CCN(CC)c1ccc(\C=N\NC(=O)c2ccccc2)cc1,5.8
18,CHEMBL192431,CCN(CC)c1ccc(\C=N\NC(=O)c2ccc(N)cc2)cc1,6.2
21,CHEMBL364318,CCN(CC)c1ccc(cc1)\C(=N\NC(=O)c2ccc(O)cc2)\C,6.3
26,CHEMBL383533,CN(C)CCOc1ccc(cc1)\C(=C(\CCCCO)/c2ccccc2)\c3ccc(O)cc3,6.1
28,CHEMBL204376,CN(C)CCOc1ccc(cc1)\C(=C(\CCO)/c2ccccc2)\c3ccc(O)cc3,6.6
29,CHEMBL369935,CSCCC\C(=C(/c1ccc(O)cc1)\c2ccc(OCCN(C)C)cc2)\c3ccccc3,6.0
30,CHEMBL202615,CN(C)CCOc1ccc(cc1)\C(=C(\CCCN=[N+]=[N-])/c2ccccc2)\c3ccc(O)cc3,6.8
32,CHEMBL204697,CN(C)CCOc1ccc(cc1)\C(=C(\CCCC#N)/c2ccccc2)\c3ccc(O)cc3,6.7
33,CHEMBL204970,CN(C)CCOc1ccc(cc1)\C(=C(\CCC#N)/c2ccccc2)\c3ccc(O)cc3,5.89
34,CHEMBL383112,CN(C)CCOc1ccc(cc1)\C(=C(\CCCCl)/c2ccccc2)\c3ccc(O)cc3,6.89
61,CHEMBL1671971,COc1cc(\C=C\2/SC(=O)NC2=O)ccc1Oc3ccc(cc3C(F)(F)F)C#N,5.55
