,molecule_chembl_id,canonical_smiles,pchembl_value
0,CHEMBL3719130,CC1(C)CCC(C)(C)c2cc(C(=O)c3ccc(cc3)C(=O)O)c(OCC(F)(F)F)cc12,7.02
2,CHEMBL7644,COc1cc2ccccc2c3cc(oc13)[N+](=O)[O-],5.83
3,CHEMBL7258,Oc1ccc2c(ccc3oc(cc23)[N+](=O)[O-])c1,5.71
4,CHEMBL7135,OCCc1c(oc2ccc3ccccc3c12)[N+](=O)[O-],5.91
5,CHEMBL6980,Cc1c(oc2ccc3ccccc3c12)[N+](=O)[O-],5.89
6,CHEMBL269488,COc1ccc2ccc3oc(cc3c2c1)[N+](=O)[O-],5.63
7,CHEMBL7174,[O-][N+](=O)c1oc2ccc3ccccc3c2c1,5.68
8,CHEMBL7645,COc1ccc2c(ccc3oc(cc23)[N+](=O)[O-])c1,5.59
271,CHEMBL3714844,OC(=O)c1ccc(cc1)C2Nc3ccc4ccccc4c3[C@H]5OCCC[C@@H]25,5.66
272,CHEMBL3714795,OC(=O)c1ccc(cc1)C2Nc3ccc4ccccc4c3[C@H]5OCC[C@@H]25,5.97
273,CHEMBL3715206,Cc1cc2N[C@@H]([C@@H]3CCCO[C@@H]3c2cc1C)c4ccc(cc4)C(=O)O,6.87
274,CHEMBL3718791,OC(=O)Cc1ccc(cc1)[C@H]2Nc3ccccc3[C@H]4OCCC[C@@H]24,6.66
275,CHEMBL3719031,COC(=O)c1ccc(cc1)[C@H]2Nc3ccccc3[C@H]4OCCC[C@@H]24,6.63
276,CHEMBL3717945,CCOc1cc2c(cc1\C(=N\Nc3cc(F)ccc3F)\c4ccc(cc4)C(=O)O)C(C)(C)CCC2(C)C,6.67
277,CHEMBL3718438,CC1(C)CCC(C)(C)c2cc(ccc12)\C(=N/Nc3ccccc3)\c4ccc(cc4)C(=O)O,6.29
278,CHEMBL3716417,Cc1cc2c(cc1C(NCc3cccc(F)c3)c4ccc(cc4)C(=O)O)C(C)(C)CCC2(C)C,5.85
279,CHEMBL3718230,CCCCOC(c1ccc(cc1)C(=O)O)c2cc3c(cc2OCC)C(C)(C)CCC3(C)C,6.47
280,CHEMBL3718949,Cc1cc2c(cc1C(OCc3ccc(SC(F)(F)F)cc3)c4ccc(cc4)C(=O)O)C(C)(C)CCC2(C)C,5.92
281,CHEMBL3717489,Cc1cc2c(cc1C(OCc3ccccc3F)c4ccc(cc4)C(=O)O)C(C)(C)CCC2(C)C,6.24
282,CHEMBL3718987,Cc1ccc(cc1)S(=O)(=O)Nc2c(C)c(Cc3ccc(cc3)C(=O)O)cc4c2C(C)(C)CCC4(C)C,5.28
283,CHEMBL3716204,CC1(C)CCC(C)(C)c2c1cc(C(=O)c3ccc(cc3)C(=O)O)c(OCC(F)F)c2[N+](=O)[O-],6.79
284,CHEMBL3715006,Cc1c(cc2c(c1[N+](=O)[O-])C(C)(C)CCC2(C)C)C(=O)c3ccc(cc3)C(=O)O,6.78
286,CHEMBL3714833,Cc1cc2c(c(O)c1C(=O)c3ccc(cc3)C(=O)O)C(C)(C)CCC2(C)C,6.15
287,CHEMBL3714906,CCOc1cc2c(cc1C(=O)c3ccc(cc3)C(=O)O)C(C)(C)CCC2(C)C,6.96
288,CHEMBL3716661,Cc1ccc(C)c(N\N=C(/c2ccc(cc2)C(=O)O)\c3cc4c(cc3C)C(C)(C)CCC4(C)C)c1,6.0
289,CHEMBL3716364,CCCCCCO\N=C(/c1ccc(cc1)C(=O)O)\c2cc3c(cc2OCC)C(C)(C)CCC3(C)C,6.49
290,CHEMBL3715067,CCOc1cc2c(cc1\C(=N\OCCC(C)C)\c3ccc(cc3)C(=O)O)C(C)(C)CCC2(C)C,6.61
291,CHEMBL3715185,CCOc1cc2c(cc1\C(=N\OCc3cccc(F)c3F)\c4ccc(cc4)C(=O)O)C(C)(C)CCC2(C)C,6.02
292,CHEMBL3716703,CCOc1cc2OCCC(C)(C)c2cc1C(=O)c3ccc(cc3)C(=O)O,6.14
293,CHEMBL3718513,Cc1c(cc2c(OCCC2(C)C)c1[N+](=O)[O-])C(=O)c3ccc(cc3)C(=O)O,5.66
294,CHEMBL3718110,COc1c(C)c2N(C)CCC(C)(C)c2cc1C(=O)c3ccc(cc3)C(=O)O,5.34
295,CHEMBL3718049,CCOc1cc2c(cc1C(=O)c3ccc(cc3)C(=O)C(=O)O)C(C)(C)CCC2(C)C,6.44
