,molecule_chembl_id,canonical_smiles,pchembl_value
0,CHEMBL2381197,[O-][N+](=O)c1ccc(CN(Cc2ccccc2)Cc3ccc(Cl)cc3)s1,7.0
1,CHEMBL2381198,[O-][N+](=O)c1ccc(CN(Cc2ccc(Cl)cc2)Cc3ccccc3F)s1,7.2
2,CHEMBL2381196,Cc1cc(Cl)ccc1CN(Cc2ccc(Cl)cc2)Cc3ccc(s3)[N+](=O)[O-],7.3
1,CHEMBL1961796,CCOC(=O)N1CCC(CN(Cc2ccc(Cl)cc2)Cc3ccc(s3)[N+](=O)[O-])C1,6.17
2,CHEMBL1961797,CCCCCNC(=O)N1CCC(CN(Cc2ccc(Cl)cc2)Cc3ccc(s3)[N+](=O)[O-])C1,6.1
118,CHEMBL2059541,CC(C)(C)OC(=O)CN(Cc1ccc(cc1)[N+](=O)[O-])Cc2ccc(s2)[N+](=O)[O-],5.6
120,CHEMBL2059543,COc1ccc(CN(CC(=O)OC(C)(C)C)Cc2ccc(s2)[N+](=O)[O-])cc1,5.54
121,CHEMBL2059544,CC(C)(C)OC(=O)CN(Cc1ccc(F)cc1)Cc2ccc(s2)[N+](=O)[O-],5.7
122,CHEMBL2059545,CC(C)(C)OC(=O)CN(Cc1ccc(s1)[N+](=O)[O-])Cc2cccc3ccccc23,5.6
124,CHEMBL2059547,Cc1ccc(cc1)S(=O)(=O)N(CC(=O)OC(C)(C)C)Cc2ccc(s2)[N+](=O)[O-],5.52
125,CHEMBL2059548,CC(C)(C)OC(=O)CN(Cc1ccc(s1)[N+](=O)[O-])C(=O)c2cccc3ccccc23,5.59
126,CHEMBL2059549,CC(C)(C)OC(=O)CN(Cc1ccc(s1)[N+](=O)[O-])S(=O)(=O)c2cccc3ccccc23,6.1
127,CHEMBL2059550,COC(=O)CN(Cc1ccc(Cl)cc1)Cc2ccc(s2)[N+](=O)[O-],5.41
129,CHEMBL2059552,NC(=O)CN(Cc1ccc(Cl)cc1)Cc2ccc(s2)[N+](=O)[O-],5.52
130,CHEMBL2059553,[O-][N+](=O)c1ccc(CN(CC#N)Cc2ccc(Cl)cc2)s1,5.6
131,CHEMBL2059554,[O-][N+](=O)c1ccc(CN(Cc2ccc(Cl)cc2)Cc3ccc4ccccc4c3)s1,5.06
132,CHEMBL2059555,[O-][N+](=O)c1ccc(CN(Cc2ccc(Cl)cc2)Cc3ccc(cc3)C(F)(F)F)s1,5.26
133,CHEMBL2059556,[O-][N+](=O)c1ccc(CN(Cc2ccc(Cl)cc2)Cc3nc4ccccc4s3)s1,5.4
135,CHEMBL2059558,[O-][N+](=O)c1ccc(CN(CC2COc3ccccc3O2)Cc4ccc(Cl)cc4)s1,5.11
136,CHEMBL2059559,[O-][N+](=O)c1ccc(CN(CC2CCCCC2)Cc3ccc(Cl)cc3)s1,5.13
137,CHEMBL2059560,CC(C)(C)OC(=O)N1CCC(CN(Cc2ccc(Cl)cc2)Cc3ccc(s3)[N+](=O)[O-])C1,5.75
138,CHEMBL2059561,[O-][N+](=O)c1ccc(CN(Cc2ccc(Cl)cc2)C(=O)c3cccc4ccccc34)s1,5.59
139,CHEMBL2059562,Cc1ccc(cc1)S(=O)(=O)N(Cc2ccc(Cl)cc2)Cc3ccc(s3)[N+](=O)[O-],5.6
144,CHEMBL2059567,CC(C)(C)OC(=O)N1CCC(C1)N(Cc2ccc(Cl)cc2)Cc3ccc(s3)[N+](=O)[O-],5.8
147,CHEMBL2059570,CC(=O)N1CCC(CN(Cc2ccc(Cl)cc2)Cc3ccc(s3)[N+](=O)[O-])C1,5.8
150,CHEMBL2059572,[O-][N+](=O)c1ccc(CN(CC2CCN(C2)C(=O)OCC=C)Cc3ccc(Cl)cc3)s1,6.17
151,CHEMBL2059573,[O-][N+](=O)c1ccc(CN(CC2CCN(C2)C(=O)Nc3ccccc3)Cc4ccc(Cl)cc4)s1,6.21
152,CHEMBL2059574,CCCCNC(=O)N1CCC(CN(Cc2ccc(Cl)cc2)Cc3ccc(s3)[N+](=O)[O-])C1,6.17
153,CHEMBL2059696,[O-][N+](=O)c1ccc(NC(=O)N2CCC(CN(Cc3ccc(Cl)cc3)Cc4ccc(s4)[N+](=O)[O-])C2)cc1,6.4
154,CHEMBL2059697,CS(=O)(=O)N1CCC(CN(Cc2ccc(Cl)cc2)Cc3ccc(s3)[N+](=O)[O-])C1,6.24
156,CHEMBL2059699,[O-][N+](=O)c1ccc(CN(CC2CCN(C2)S(=O)(=O)Cc3ccccc3)Cc4ccc(Cl)cc4)s1,6.2
157,CHEMBL2059700,[O-][N+](=O)c1ccc(CN(CC2CCN(C2)S(=O)(=O)c3cccc4ccccc34)Cc5ccc(Cl)cc5)s1,6.35
231,CHEMBL2380321,COc1ccc(CN(Cc2cccnc2)Cc3ccc(C#N)s3)cc1,6.2
235,CHEMBL2381207,[O-][N+](=O)c1ccc(CN(Cc2cccnc2)Cc3cccc(c3)C(F)(F)F)s1,6.4
239,CHEMBL2381214,Fc1ccc(CN(Cc2cccnc2)Cc3ccc(C#N)s3)cc1,6.7
241,CHEMBL2381205,COc1ccc(CN(Cc2cccnc2)Cc3ccc(s3)[N+](=O)[O-])cc1,6.7
246,CHEMBL2381200,[O-][N+](=O)c1ccc(CN(Cc2ccc(Cl)cc2)Cc3cccnc3)s1,6.8
