,molecule_chembl_id,canonical_smiles,pchembl_value
0,guggulsterone,[H][C@@]12CC(=O)C(=CC)[C@@]1(C)CC[C@@]1([H])[C@@]2([H])CCC2=CC(=O)CC[C@]12C,8.62
1,CHEMBL458767,CCOP(=O)(OCC)C(=Cc1cc(c(O)c(c1)C(C)(C)C)C(C)(C)C)P(=O)(OCC)OCC,7.1
2,CHEMBL242293,OC(c1ccccc1)(c2ccc(cc2)N(CC(F)(F)F)S(=O)(=O)c3ccccc3)C(F)(F)F,7.2
3,CHEMBL62136,OC(c1ccc(cc1)N(CC(F)(F)F)S(=O)(=O)c2ccccc2)(C(F)(F)F)C(F)(F)F,7.4
4,CHEMBL2326845,CCN(c1ccc(cc1)C(O)(C(F)(F)F)C(F)(F)F)S(=O)(=O)c2ccccc2,7.41
5,CHEMBL501711,CC(C)C(=O)[C@@]12C(=O)C(=C(O)[C@@](CC=C(C)C)(C[C@H](CC=C(C)C)[C@@]1(C)CCC=C(C)C)C2=O)CC=C(C)C,7.57
6,CHEMBL396952,OC(C1CCCCC1)(c2ccc(cc2)N(CC(F)(F)F)S(=O)(=O)c3ccccc3)C(F)(F)F,7.6
7,CHEMBL430006,OC(c1ccc(cc1)N(CC(F)(F)F)S(=O)(=O)c2ccccc2)(C(F)(F)F)C(F)(F)C(F)(F)C(F)(F)F,7.7
8,CHEMBL464497,Cc1cc(C)c(c(C)c1)S(=O)(=O)Nc2ccc3c(c2)ncn3Cc4ccccc4,8.09
9,CHEMBL463678,Cc1c(C)c(C)c(c(C)c1C)S(=O)(=O)Nc2ccc3c(c2)ncn3Cc4ccccc4,8.1
10,CHEMBL402063,C\C=C/1\C(=O)C[C@H]2[C@@H]3CCC4=CC(=O)CC[C@]4(C)[C@H]3CC[C@]12C,8.62
11,CHEMBL410683,C\C=C\1/C(=O)C[C@H]2[C@@H]3CCC4=CC(=O)CC[C@]4(C)[C@H]3CC[C@]12C,8.62
37,CHEMBL372357,OC1=C(C(=O)N(CCC2CC2)c3ccc(F)cc13)C4=Nc5ccccc5S(=O)(=O)N4,5.28
77,CHEMBL242526,OC(c1ccc(cc1)N(CC(F)(F)F)S(=O)(=O)c2ccccc2)C(F)(F)F,5.0
79,CHEMBL396953,OC(C#Cc1ccccc1)(c2ccc(cc2)N(CC(F)(F)F)S(=O)(=O)c3ccccc3)C(F)(F)F,6.2
82,CHEMBL242291,CC(=O)c1ccc(cc1)N(CC(F)(F)F)S(=O)(=O)c2ccccc2,5.8
83,CHEMBL396041,CC(O)c1ccc(cc1)N(CC(F)(F)F)S(=O)(=O)c2ccccc2,5.6
84,CHEMBL389979,OCc1ccc(cc1)N(CC(F)(F)F)S(=O)(=O)c2ccccc2,5.1
85,CHEMBL242528,CCCC(O)(c1ccc(cc1)N(CC(F)(F)F)S(=O)(=O)c2ccccc2)C(F)(F)F,6.5
86,CHEMBL388024,OC(CC(F)(F)F)(c1ccc(cc1)N(CC(F)(F)F)S(=O)(=O)c2ccccc2)C(F)(F)F,6.6
87,CHEMBL242527,CC(O)(c1ccc(cc1)N(CC(F)(F)F)S(=O)(=O)c2ccccc2)C(F)(F)F,5.4
140,CHEMBL457271,CC(c1ccccc1)n2cnc3cc(NS(=O)(=O)Cc4ccccc4Cl)ccc23,7.31
141,CHEMBL514896,Cc1c(C)c(C)c(c(C)c1C)S(=O)(=O)Nc2ccc3c(c2)ncn3c4ccc5ccccc5c4,7.26
142,CHEMBL457674,Clc1ccccc1S(=O)(=O)Nc2ccc3c(c2)ncn3c4ccc5ccccc5c4,6.42
143,CHEMBL465733,CCCCCCn1cnc2cc(NS(=O)(=O)c3c(C)c(C)c(C)c(C)c3C)ccc12,7.89
144,CHEMBL465058,CCCCCCn1cnc2cc(NS(=O)(=O)c3ccccc3Cl)ccc12,7.26
145,CHEMBL517181,CCCc1ccc(cc1)S(=O)(=O)Nc2ccc3c(c2)ncn3Cc4ccccc4,7.28
146,CHEMBL463679,CC(C)(C)c1ccc(cc1)S(=O)(=O)Nc2ccc3c(c2)ncn3Cc4ccccc4,7.38
149,CHEMBL464496,Cc1cc(C)cc(c1)S(=O)(=O)Nc2ccc3c(c2)ncn3Cc4ccccc4,7.48
150,CHEMBL517474,Cc1ccccc1S(=O)(=O)Nc2ccc3c(c2)ncn3Cc4ccccc4,7.35
151,CHEMBL458775,O=S(=O)(Nc1ccc2c(c1)ncn2Cc3ccccc3)c4ccc(cc4)c5ccccc5,6.41
152,CHEMBL516308,O=S(=O)(Nc1ccc2c(c1)ncn2Cc3ccccc3)c4ccc5ccccc5c4,7.29
153,CHEMBL457270,O=S(=O)(Nc1ccc2c(c1)ncn2Cc3ccccc3)c4cccc5ccccc45,7.7
154,CHEMBL457278,[O-][N+](=O)c1ccc(cc1)S(=O)(=O)Nc2ccc3c(c2)ncn3Cc4ccccc4,6.47
155,CHEMBL457277,[O-][N+](=O)c1ccccc1S(=O)(=O)Nc2ccc3c(c2)ncn3Cc4ccccc4,6.57
156,CHEMBL516337,Fc1ccccc1S(=O)(=O)Nc2ccc3c(c2)ncn3Cc4ccccc4,7.0
157,CHEMBL464867,Brc1ccccc1S(=O)(=O)Nc2ccc3c(c2)ncn3Cc4ccccc4,7.7
159,CHEMBL464687,O=C(Cc1cccc2ccccc12)Nc3ccc4c(c3)ncn4Cc5ccccc5,6.66
160,CHEMBL464686,Clc1ccccc1CC(=O)Nc2ccc3c(c2)ncn3Cc4ccccc4,6.29
163,CHEMBL457487,Clc1ccccc1NC(=O)Nc2ccc3c(c2)ncn3Cc4ccccc4,5.84
164,CHEMBL514421,Clc1ccccc1CS(=O)(=O)Nc2ccc3c(ccn3Cc4ccccc4)c2,6.71
165,CHEMBL457297,Clc1ccccc1S(=O)(=O)Nc2ccc3ncn(Cc4ccccc4)c3c2,6.47
166,CHEMBL457296,Clc1ccccc1CS(=O)(=O)Nc2ccc3ncn(Cc4ccccc4)c3c2,6.43
167,CHEMBL513946,Clc1ccccc1S(=O)(=O)Nc2ccc3c(c2)ncn3Cc4ccccc4,7.64
168,CHEMBL457272,[O-][N+](=O)c1ccccc1CS(=O)(=O)Nc2ccc3c(c2)ncn3Cc4ccccc4,6.37
169,CHEMBL516149,Clc1ccccc1CS(=O)(=O)Nc2ccc3c(c2)ncn3Cc4ccccc4,6.75
211,CHEMBL522701,Cn1c(nnc1C2(CCC2)c3ccc(Cl)cc3)c4ccc(cc4Cl)c5cccnc5,5.44
215,CHEMBL521536,CCS(=O)(=O)c1cccc(c1)c2ccc(c(Cl)c2)c3nnc(n3C)C4(CCC4)c5ccc(Cl)cc5,4.6
216,CHEMBL496307,CCS(=O)(=O)c1ccccc1c2ccc(c(Cl)c2)c3nnc(n3C)C4(CCC4)c5ccc(Cl)cc5,6.16
217,CHEMBL496495,CCSc1ccccc1c2ccc(c(Cl)c2)c3nnc(n3C)C4(CCC4)c5ccc(Cl)cc5,5.77
219,CHEMBL497554,Cn1c(nnc1C2(CCC2)c3ccc(Cl)cc3)c4ccc(cc4Cl)n5ccnc5S(=O)(=O)C,5.1
220,CHEMBL496714,Cn1c(nnc1C2(CCC2)c3ccc(Cl)cc3)c4ccc(cc4Cl)n5ccnc5C(F)(F)F,5.5
221,CHEMBL522572,Cc1cn(c2ccc(c(Cl)c2)c3nnc(n3C)C4(CCC4)c5ccc(Cl)cc5)c(n1)C6CC6,5.89
223,CHEMBL523414,Cn1c(nnc1C2(CCC2)c3ccc(Cl)cc3)c4ccc(cc4Cl)n5ccnc5,4.92
224,CHEMBL497121,Cn1c(nnc1C2(CCC2)c3ccc(Cl)cc3)c4ccc(cc4Cl)c5ccccn5,5.62
225,CHEMBL522066,Cn1c(nnc1C2(CCC2)c3ccc(Cl)cc3)c4ccc(cc4Cl)c5ccncc5,5.11
239,CHEMBL494638,Cn1c(nnc1C2(CCC2)c3ccc(Cl)cc3)c4ccc(cc4Cl)c5ccccc5,5.77
252,CHEMBL493241,CCCCN(Cc1cc(Cl)c(O)c(Cl)c1)c2ccc(cc2)C(O)(C(F)(F)F)C(F)(F)F,6.6
253,CHEMBL456237,Fc1ccc(cc1)c2c3cccc(c3nn2Cc4ccc(F)cc4Cl)C(F)(F)F,5.75
254,CHEMBL457977,Fc1ccc(cc1)c2c3cccc(c3nn2Cc4ccccc4F)C(F)(F)F,5.67
315,CHEMBL476302,CC(C)c1onc(c1COc2ccc(cc2)c3ccc4c(cccc4c3)C(=O)O)c5c(Cl)cccc5Cl,5.51
338,CHEMBL468714,CC(C)c1onc(C[S+]([O-])c2c(Cl)cccc2Cl)c1COc3ccc(\C=C\c4cccc(c4)C(=O)O)c(Cl)c3,6.02
363,CHEMBL59030,OC(=O)Cc1cccc(OCCCN(CC(c2ccccc2)c3ccccc3)Cc4cccc(c4Cl)C(F)(F)F)c1,5.7
419,CHEMBL1098524,Fc1ccc(C2=CC=CC3=C(C(=O)C=CN23)c4c(F)cccc4F)c(F)c1,5.48
421,CHEMBL1096182,Cc1cc(n[nH]1)C(=O)N[C@@H]2CC(C)(C)Oc3nc(c4ccc(Cl)cc4Cl)c(cc23)c5ccc(Cl)cc5,5.3
503,CHEMBL1369106,COc1ccccc1Nc2nc(NCCO)nc(N)c2[N+](=O)[O-],4.75
504,CHEMBL2037345,COc1ccc(\C=N\Nc2nc3ccccc3[nH]2)cc1OC,4.17
509,CHEMBL1398824,Oc1ccc2C=CC(=O)Oc2c1C(=O)\C=C/c3cccs3,4.18
514,CHEMBL3198275,[O-][N+](=O)c1ccccc1c2oc(\C=N\NC(=O)c3cncc(Br)c3)cc2,4.03
515,CHEMBL1527352,Cc1ccc2c(c1)c3nc4ccccc4nc3n2C,4.15
517,CHEMBL1488455,Fc1ccc(NC(=S)NC(=O)C2CC2)cc1Cl,4.22
521,CHEMBL1576542,Nc1c(C#N)c(nn1CCO)\C(=C/c2ccccc2)\C#N,4.08
531,CHEMBL1596262,CCCNc1nc(Cl)nc(Nc2ccc(Cl)cc2)n1,4.32
532,CHEMBL1529540,CCCC(=O)Nc1nn(C)c2nc3cc(C)ccc3cc12,4.09
534,CHEMBL1557667,CN1C(=S)SC(=C1N)C(=O)Nc2ccccc2F,4.18
537,CHEMBL2006030,CCN(\N=C\c1ccc(Cl)cc1)C2=CC(=O)N(C)C(=O)N2,4.11
539,CHEMBL1964748,O=C(N\N=C\c1c[nH]c2ccccc12)C3COc4ccccc4O3,4.19
557,CHEMBL1402878,Clc1ccc(cc1)C(=O)Nc2ccccc2OC(=O)c3ccc(Cl)cc3,4.17
558,CHEMBL1481360,CCCCc1cc2c3ccccc3OC(=O)c2c(NC(=O)C)n1,4.05
564,CHEMBL1331513,O=C(NC1CCCC1)c2oc3ccc4ccccc4c3c2,4.1
580,CHEMBL1427162,CCCc1nn(C)c(C(=O)Nc2cccc3ccccc23)c1Cl,4.41
587,CHEMBL490592,N(c1ccccc1)c2nc(cs2)c3ccccn3,4.13
588,CHEMBL1483899,COc1ccc(cc1)c2oc3ccc(cc3c2C#Cc4ccc(N)cc4)N5CCOCC5,4.02
590,CHEMBL1545718,COc1cc2c(oc3ccccc23)cc1NC(=O)Nc4ccc(C)cc4,4.0
592,CHEMBL1506957,CC(C)CC(=O)Nc1nn(C)c2nc3cc(C)ccc3cc12,4.42
595,CHEMBL2004756,COc1cc(\C=N\NC(=O)c2cccc(NC(=O)c3ccccc3)c2)ccc1O,4.12
602,CHEMBL448245,CC(=O)Nc1cc(n[nH]1)c2ccc(Cl)cc2,4.13
606,CHEMBL295786,CN(C)CCCN1C(=O)c2cccc3cccc(C1=O)c23,4.37
607,CHEMBL1430231,Cc1nc(N)nc(Nc2ccc(Cl)cc2)c1Br,4.01
615,CHEMBL1991679,O=C(COc1cccc2cccnc12)N\N=C\c3cn(CC#C)c4ccccc34,4.79
616,CHEMBL1407509,Cc1cccc2cc3c(N)c(sc3nc12)C(=O)N4CCOCC4,4.16
640,CHEMBL1643737,CC(C)(C)NC(=O)Cn1c(cc2cc(ccc12)C(C)(C)C(=O)NC(C)(C)C)C(C)(C)C,6.24
641,CHEMBL1643739,CC(C)(C)NC(=O)C(c1ccccn1)n2ccc3cc(ccc23)C(C)(C)C(=O)NC(C)(C)C,6.22
642,CHEMBL1643736,COc1ccccc1c2cc3cc(ccc3n2CC(=O)NC(C)(C)C)C(C)(C)C(=O)NC(C)(C)C,6.13
643,CHEMBL1643732,CC(C)(C)NC(=O)Cn1c(cc2cc(ccc12)C(C)(C)C(=O)NC(C)(C)C)c3ccc(F)cc3F,6.03
644,CHEMBL1643728,CC(C)(C)NC(=O)Cn1c(cc2cc(ccc12)C(C)(C)C(=O)NC(C)(C)C)c3ccccc3,5.74
645,CHEMBL1643738,CC(C)(C)NC(=O)Cn1c(cc2cc(ccc12)C(C)(C)C(=O)NC(C)(C)C)C(=O)NC(C)(C)C,5.18
646,CHEMBL1643730,CC(C)(C)NC(=O)Cn1c(cc2cc(ccc12)C(C)(C)C(=O)NC(C)(C)C)c3cc(cc(c3)C(F)(F)F)C(F)(F)F,4.97
668,CHEMBL1091720,CCC(C)(C)Cc1c[nH]c(CCc2ccc(cc2)c3ccccn3)n1,5.46
711,CHEMBL257149,Clc1ccc(cc1)C2(CCC2)c3nnc4CCCCCCn34,5.8
713,CHEMBL525361,Cn1c(nnc1C2(CCC2)c3ccc(Cl)cc3)c4ccc(cc4)c5ccccc5,5.77
724,CHEMBL1760680,Cn1c(nnc1C2(CCC2)c3ccc(Cl)cc3)c4ccc(cc4Cl)C(=O)O,4.75
743,CHEMBL1760685,Cn1c(nnc1C2(CCC2)c3ccc(Cl)cc3)c4ccc(NC(=O)c5cccs5)cc4,5.06
771,CHEMBL1760798,Cn1c(nnc1C2(CCC2)c3ccc(Cl)cc3)c4ccc(cc4)c5conc5,4.64
777,CHEMBL1760801,Cn1c(nnc1C2(CCC2)c3ccc(Cl)cc3)c4ccc(cc4)c5ccsc5,5.52
783,CHEMBL1760803,COc1cc(ccc1c2nnc(n2C)C3(CCC3)c4ccc(Cl)cc4)c5cccnc5,5.34
787,CHEMBL1760805,Cn1c(nnc1C2(CCC2)c3ccc(Cl)cc3)c4ccc(cc4F)c5cnccn5,5.32
827,CHEMBL1800116,Cc1c(Cl)cccc1Oc2cccn3c(nnc23)C4CCCCCC4,6.82
828,CHEMBL1800117,Cc1c(Cl)cccc1Oc2cccn3c(nnc23)C45CCC(CC4)C5,6.82
829,CHEMBL1800118,COC1(CCCCCC1)c2nnc3c(Oc4cccc(Cl)c4C)cccn23,6.82
830,CHEMBL1800119,COC12CC3CC(C1)CC(C3)(C2)c4nnc5c(Oc6cccc(Cl)c6C)cccn45,6.82
831,CHEMBL1800120,Cc1c(Cl)cccc1Oc2cccn3c(nnc23)[C@]45CCC(C[C@H]4O)C5(C)C,6.82
832,CHEMBL1800121,Cc1c(Cl)cccc1Oc2cccn3c(CC4CC5CCC4C5)nnc23,6.82
833,CHEMBL1800133,Cc1c(Cl)cccc1Oc2cccn3c(nnc23)C45CCC(F)(CC4)CC5,6.82
845,CHEMBL1835918,Cc1onc(n1)c2ccc(OCC3CN(C3)c4ccc(C)nn4)cc2,4.5
847,CHEMBL29609,Cc1cc(CCCOc2c(C)cc(cc2C)c3noc(n3)C(F)(F)F)on1,6.6
850,CHEMBL1911299,CNc1c(C)c2O[C@]3(C)O\C=C\[C@H](OC)[C@@H](C)[C@@H](OC(=O)C)[C@H](C)[C@H](O)[C@H](C)[C@@H](O)[C@@H](C)\C=C\C=C(\C)/C(=O)NC4=C(\C=N\N5CCN(C)CC5)C(=O)c(c1C4=O)c2C3=O,5.68
851,CHEMBL1911307,CNc1c(C)c2O[C@]3(C)O\C=C\[C@H](OC)[C@@H](C)[C@@H](OC(=O)C)[C@H](C)[C@H](O)[C@H](C)[C@@H](O)[C@@H](C)\C=C\C=C(\C)/C(=O)Nc4c(O)c1c(c(O)c4\C=N\N5CCN(C)CC5)c2C3=O,5.39
925,CHEMBL2164226,CC(C)(O)c1onc(n1)c2cccc3Nc4nc(ccc4CN(c23)S(=O)(=O)c5ccc(OC(F)F)cc5)C(F)(F)F,5.0
928,CHEMBL2164224,CC(C)c1ccc(cc1)S(=O)(=O)N2Cc3ccc(nc3Nc4cccc(c5noc(n5)C(C)(C)O)c24)C(F)(F)F,5.62
936,CHEMBL2164581,CC(C)(C)c1ccc(cc1)S(=O)(=O)N2Cc3ccc(nc3Nc4cccc(c5noc(CO)n5)c24)C(F)(F)F,5.46
937,CHEMBL2164580,CC(C)(C)c1ccc(cc1)S(=O)(=O)N2Cc3ccc(nc3Nc4cccc(c5nocn5)c24)C(F)(F)F,4.93
938,CHEMBL2164579,CC(C)(C)c1ccc(cc1)S(=O)(=O)N2Cc3ccc(nc3Nc4cccc(C5=NOC(=O)N5)c24)C(F)(F)F,5.72
939,CHEMBL2164578,CC(C)(C)c1ccc(cc1)S(=O)(=O)N2Cc3ccc(nc3Nc4cccc(C5CCNCC5)c24)C(F)(F)F,5.18
940,CHEMBL2164577,Cn1cc(cn1)c2cccc3Nc4nc(ccc4CN(c23)S(=O)(=O)c5ccc(cc5)C(C)(C)C)C(F)(F)F,5.96
941,CHEMBL2164576,CC(C)(C)c1ccc(cc1)S(=O)(=O)N2Cc3ccc(nc3Nc4cccc(c5cccnc5)c24)C(F)(F)F,5.75
951,CHEMBL2164575,Cc1ccc2Nc3nc(ccc3CN(c2c1C)S(=O)(=O)c4ccc(cc4)C(C)(C)C)C(F)(F)F,6.17
1006,CHEMBL2398724,CC(C)[C@@H](NC(=O)[C@@H]1CCC[C@@H]1N)C(=O)N2CC[C@](O)(c3ccc(Cl)cc3)C(C)(C)C2,5.07
1011,CHEMBL2398722,CC(C)[C@@H](NC(=O)[C@@H]1CCC[C@@H]1O)C(=O)N2CC[C@](O)(c3ccc(Cl)cc3)C(C)(C)C2,5.85
1023,CHEMBL2398716,CC(C)[C@@H](NC(=O)CC(C)(C)O)C(=O)N1CC[C@](O)(c2ccc(Cl)cc2)C(C)(C)C1,5.75
1032,CHEMBL282489,CC[C@@H]1Cc2cc(O)ccc2C3=C1c4ccc(O)cc4C[C@H]3CC,5.07
1034,CHEMBL45281,CCCN(CC1CC1)c2nc(C)nc(Nc3c(Cl)cc(Cl)cc3Cl)c2Cl,5.31
1036,CHEMBL306764,CCCn1c(C)c(C(=O)c2cccc3ccccc23)c4ccccc14,5.58
1038,CHEMBL998,CCOC(=O)N1CCC(=C2c3ccc(Cl)cc3CCc4cccnc24)CC1,5.52
1039,CHEMBL81,Oc1ccc(cc1)c2sc3cc(O)ccc3c2C(=O)c4ccc(OCCN5CCCCC5)cc4,4.93
1041,CHEMBL1428,COCCOC(=O)C1=C(C)NC(=C(C1c2cccc(c2)[N+](=O)[O-])C(=O)OC(C)C)C,6.41
1042,CHEMBL2107430,Fc1ccc(cc1)C(c2ccccc2)(c3ccccc3F)n4ccnc4,5.22
1043,CHEMBL1358,C[C@]12CC[C@H]3[C@@H]([C@H](CCCCCCCCC[S+]([O-])CCCC(F)(F)C(F)(F)F)Cc4cc(O)ccc34)[C@@H]1CC[C@@H]2O,5.71
1064,CHEMBL3092198,CC(C)(C1CCN(CC1)C(=O)c2cc(F)ccc2S(=O)(=O)C)S(=O)(=O)c3cccc(c3)C(F)(F)F,5.6
1067,CHEMBL3092207,NC(=O)c1ccc(C(=O)N2CCC(CC2)N(C3CC3)S(=O)(=O)c4cccc(c4)C(F)(F)F)c(c1)C(F)(F)F,5.72
1069,CHEMBL3092206,CS(=O)(=O)c1ccc(C(=O)N2CCC(CC2)N(C3CC3)S(=O)(=O)c4cccc(c4)C(F)(F)F)c(OC(F)(F)F)c1,5.77
1070,CHEMBL3092205,CS(=O)(=O)c1ccc(C(=O)N2CCC(CC2)N(C3CC3)S(=O)(=O)c4cccc(c4)C(F)(F)F)c(c1)C(F)(F)F,5.55
1071,CHEMBL3092204,CS(=O)(=O)c1ccc(C(=O)N2CCC(CC2)N(C3CC3)S(=O)(=O)c4cccc(c4)C(F)(F)F)c(Cl)c1,4.97
1072,CHEMBL3092203,CS(=O)(=O)c1ccc(C(=O)N2CCC(CC2)N(C3CC3)S(=O)(=O)c4cccc(c4)C(F)(F)F)c(F)c1,5.17
1073,CHEMBL3092202,CS(=O)(=O)c1ccc(Cl)c(c1)C(=O)N2CCC(CC2)N(C3CC3)S(=O)(=O)c4cccc(c4)C(F)(F)F,5.57
1076,CHEMBL3092201,CS(=O)(=O)c1cc(ccc1C(=O)N2CCC(CC2)N(C3CC3)S(=O)(=O)c4cccc(c4)C(F)(F)F)C(F)(F)F,5.37
1077,CHEMBL3092200,CS(=O)(=O)c1cc(ccc1C(=O)N2CCC(CC2)N(C3CC3)S(=O)(=O)c4cccc(c4)C(F)(F)F)C#N,5.08
1078,CHEMBL3092199,CS(=O)(=O)c1ccc(cc1C(=O)N2CCC(CC2)N(C3CC3)S(=O)(=O)c4cccc(c4)C(F)(F)F)C#N,5.3
1213,CHEMBL1445606,Cc1onc(c1)c2onc(C)c2C(=O)Sc3ccc(C)cc3,6.07
1240,CHEMBL30707,Oc1ccc2c(OC(=O)c3c2oc4cc(O)ccc34)c1,4.92
1270,CHEMBL3318980,Cc1cccn2c(nnc12)C3(CC3)c4ccc(Cl)cc4,5.06
1271,CHEMBL3318979,CC(C)c1cccn2c(nnc12)C3(CC3)c4ccc(Cl)cc4,6.0
1272,CHEMBL3318978,Clc1ccc(cc1)C2(CC2)c3nnc4c(cccn34)C5CC5,4.3
1273,CHEMBL3318977,Clc1ccc(cc1)C2(CC2)c3nnc4c(cccn34)C5CCC5,6.05
1274,CHEMBL3318976,Clc1ccc(cc1)C2(CC2)c3nnc4c(OC5CCC5)cccn34,5.82
1276,CHEMBL3318974,Clc1ccc(cc1)C2(CC2)c3nnc4c(OC5CCOCC5)cccn34,5.0
1277,CHEMBL3318973,Clc1ccc(cc1)C2(CC2)c3nnc4c(OC5CCCCC5)cccn34,6.22
1278,CHEMBL3318972,Cc1ncccc1Oc2cccn3c(nnc23)C4(CC4)c5ccc(Cl)cc5,5.55
1279,CHEMBL3318971,Clc1ccc(cc1)C2(CC2)c3nnc4c(Oc5ccc6ccccc6c5)cccn34,6.1
1280,CHEMBL3318970,Clc1ccc(cc1)C2(CC2)c3nnc4c(Oc5ccccc5c6ccccc6)cccn34,6.3
1281,CHEMBL3318969,CS(=O)(=O)c1ccccc1Oc2cccn3c(nnc23)C4(CC4)c5ccc(Cl)cc5,6.16
1282,CHEMBL3318968,Oc1ccccc1Oc2cccn3c(nnc23)C4(CC4)c5ccc(Cl)cc5,5.59
1283,CHEMBL3318967,FC(F)(F)Oc1ccccc1Oc2cccn3c(nnc23)C4(CC4)c5ccc(Cl)cc5,6.52
1284,CHEMBL3318966,Clc1ccc(cc1)C2(CC2)c3nnc4c(Oc5ccccc5N6CCOCC6)cccn34,6.4
1285,CHEMBL3318965,Fc1ccccc1Oc2cccn3c(nnc23)C4(CC4)c5ccc(Cl)cc5,5.96
1309,CHEMBL3334727,CC(C)[C@@H](NC(=O)N[C@H]1CC[C@H](O)C1)C(=O)N2CC[C@](O)(c3ccc(Cl)cc3)C(C)(C)C2,5.24
1311,CHEMBL3334815,CC(C)[C@@H](NC(=O)N[C@H]1CC[C@@H](O)C1)C(=O)N2CC[C@](O)(c3ccc(Cl)cc3)C(C)(C)C2,4.72
1318,CHEMBL3334822,C[C@@H](O)CC(=O)N[C@H](C(C)C)C(=O)N1CC[C@](O)(c2ccc(Cl)cc2)C(C)(C)C1,5.11
1322,CHEMBL3334825,CC(C)[C@@H](NC(=O)CCC(C)(C)O)C(=O)N1CC[C@](O)(c2ccc(Cl)cc2)C(C)(C)C1,4.6
1337,CHEMBL3105681,CCS(=O)(=O)c1ccc(CC(=O)Nc2nc(c3cccc(Cl)c3)c(s2)C(=O)c4ccccc4Cl)cc1,6.59
1475,CHEMBL304818,CC1=C(C)C(=O)C(=C(C)C1=O)CCCCC#CCCCC#CCO,4.9
1505,CHEMBL40883,CN1C2CCC1CC(C2)OC(=O)c3cc(C)cc(C)c3,4.85
1521,CHEMBL1200902,Cl.CN(C)S(=O)(=O)c1ccc2Sc3ccccc3\C(=C\CCN4CCN(C)CC4)\c2c1,4.9
1522,CHEMBL242080,CC(C)(C)c1cc(O)ccc1O,4.9
1777,CHEMBL3598047,[2H]C([2H])([2H])N(C(=O)c1c(F)cccc1Cl)c2ccc(cc2N3CC4CC4C3)c5cc(NC(=O)C)nn5C(C)C,5.0
1778,CHEMBL3598048,[2H]C([2H])([2H])N(C(=O)c1c(F)cccc1Cl)c2ccc(cc2N3CCCC3)c4cc(NC(=O)C)nn4C(C)C,6.1
1781,CHEMBL3598052,[2H]C([2H])([2H])N(C(=O)c1c(Cl)cccc1Cl)c2ccc(cc2N3CC4CC4C3)c5cc(NC(=O)C)nn5C(C)C,6.3
1783,CHEMBL3598054,[2H]C([2H])([2H])N(C(=O)c1c(F)cccc1Cl)c2ncc(cc2N3CC4CC4C3)c5cc(NC(=O)C)nn5C(C)C,5.89
1784,CHEMBL3598070,[2H]C([2H])([2H])N(C(=O)c1c(F)cccc1Cl)c2ccc(cc2N3CC4CC4C3)c5cc(NC(=O)C)nn5C6CCCC6,6.3
1785,CHEMBL3598074,[2H]C([2H])([2H])N(C(=O)c1c(F)cccc1Cl)c2ccc(cc2N3CC4CC4C3)c5cc(NC(=O)C)nn5CC6CC6,5.06
1786,CHEMBL3598075,[2H]C([2H])([2H])N(C(=O)c1c(F)cccc1Cl)c2ccc(cc2N3CC4CC4C3)c5cc(NC(=O)C)nn5C(C)C6CC6,6.05
1787,CHEMBL3598076,CC(C)n1nc(NC(=O)C)cc1c2cnc(N(C)C(=O)c3c(F)cccc3Cl)c(c2)N4CCCCC4,5.27
1788,CHEMBL3598077,CC(C)c1nc(NC(=O)C)sc1c2cnc(N(C)C(=O)c3c(F)cccc3Cl)c(c2)N4CCCCC4,6.4
1813,CHEMBL3617295,Fc1ccc(cc1)S(=O)(=O)N2CCCc3ccc(NC(=O)c4c(F)cccc4F)cc23,5.96
1815,CHEMBL3617297,Fc1ccc(cc1)S(=O)(=O)N2CCc3ccc(NC(=O)c4c(F)cccc4F)cc23,5.32
1817,CHEMBL3617309,Fc1ccc(cc1)S(=O)(=O)N2CCCc3ccc(NC(=O)c4ccccc4Cl)cc23,6.03
1819,CHEMBL3314003,Fc1ccc(cc1)S(=O)(=O)N2CCCc3ccc(NC(=O)c4c(F)cccc4Cl)cc23,6.09
1858,CHEMBL3632931,Cc1onc(c1)c2onc(C)c2C(=O)Sc3ccccc3,6.07
1863,CHEMBL3665949,Cc1c(Cl)nc(OC[C@H]2C[C@@H]2c3ccccn3)nc1NCc4cnn(C)c4,5.25
1864,CHEMBL3622879,Cc1nc(C)c(CNc2nc(nc(Cl)c2C)C3CC3)s1,4.72
1865,CHEMBL3622898,Cc1nc(C)c(CNc2nc(OCCCc3ccc4ccccc4n3)nc(Cl)c2C)s1,5.64
1866,CHEMBL3765311,COC(=O)N[C@@H](C(C)C)C(=O)N1CCC[C@H]1c2ncc([nH]2)c3ccc(cc3)c4oc5ccc(cc5c4)c6cnc([nH]6)[C@@H]7CCCN7C(=O)[C@@H](NC(=O)OC)C(C)C,5.48
1883,CHEMBL3781062,C[Si](C)(O)c1ccc(cc1)N(CC(F)(F)F)S(=O)(=O)c2ccccc2,6.06
1923,CHEMBL3827928,O[C@H](c1ccccn1)C2(CC(F)(F)C2)c3ccc(OC(F)(F)F)cc3,5.24
