,molecule_chembl_id,canonical_smiles,pchembl_value
0,CHEMBL3686725,COCCOc1ccc(cc1OC)[C@@H](C)NC(=O)N2Sc3ncccc3C2=O,7.1
6,CHEMBL215498,Clc1ccccc1C(=O)Nc2ccc(cc2)c3nc4cc(NC(=O)C5(CC5)C#N)ccc4[nH]3,5.0
7,CHEMBL385936,CC1(CC1)C(=O)Nc2ccc3[nH]c(nc3c2)c4ccc(NC(=O)c5ccccc5Cl)cc4,5.54
8,CHEMBL214457,FC1(F)CC1C(=O)Nc2ccc3[nH]c(nc3c2)c4ccc(NC(=O)c5ccccc5Cl)cc4,5.52
9,CHEMBL212336,F[C@@H]1C[C@H]1C(=O)Nc2ccc3[nH]c(nc3c2)c4ccc(NC(=O)c5ccccc5Cl)cc4,6.59
10,CHEMBL214374,CC(C)(C)C(=O)Nc1ccc2[nH]c(nc2c1)c3ccc(NC(=O)c4ccccc4Cl)cc3,5.58
11,CHEMBL424715,Clc1ccccc1C(=O)Nc2ccc(cc2)c3nc4cc(NC(=O)C5CCCC5)ccc4[nH]3,5.88
12,CHEMBL214445,Clc1ccccc1C(=O)Nc2ccc(cc2)c3nc4cc(NC(=O)C5CCC5)ccc4[nH]3,6.01
13,CHEMBL213426,CC(C)C(=O)Nc1ccc2[nH]c(nc2c1)c3ccc(NC(=O)c4ccccc4Cl)cc3,6.83
14,CHEMBL386138,Clc1ccccc1C(=O)Nc2ccc(cc2)c3nc4cc(NC(=O)C5CC5)ccc4[nH]3,7.46
15,CHEMBL384232,Clc1ccccc1C(=O)Nc2ccc3[nH]c(nc3c2)c4ccc(NC(=O)c5cccnc5Cl)cc4,5.66
16,CHEMBL386087,Clc1ccccc1C(=O)Nc2cccc(c2)c3nc4cc(NC(=O)c5ccccc5Cl)ccc4[nH]3,5.39
17,CHEMBL213665,Cc1ccccc1C(=O)Nc2ccc(cc2)c3nc4cc(NC(=O)c5ccccc5Cl)ccc4[nH]3,6.48
18,CHEMBL384623,Fc1ccccc1C(=O)Nc2ccc(cc2)c3nc4cc(NC(=O)c5ccccc5Cl)ccc4[nH]3,6.77
19,CHEMBL215539,Clc1ccccc1C(=O)Nc2ccc3[nH]c(nc3c2)c4ccc(NC(=O)c5ccccc5)cc4,6.22
36,CHEMBL1339297,CC1=CC(=O)Oc2cc(OCC(=O)Nc3nc(C)cs3)ccc12,5.15
37,CHEMBL1358911,CC(=O)c1ccc(NC(=O)CSc2ccc(nn2)c3ccc4OCOc4c3)cc1,5.45
38,CHEMBL1575283,CC(=O)c1sc(NC(=O)CCCOc2ccc(Cl)cc2)nc1C,5.35
39,CHEMBL1398736,Cc1ccc2OC(=O)C=C(CN3CCCCC3)c2c1,5.12
42,CHEMBL1369869,CSc1cccc(NC(=O)c2cc(c[nH]2)S(=O)(=O)N3CCCCC3)c1,5.46
43,CHEMBL1407986,COc1ccc(cc1)n2nc3c(nnc(C)c3c2C)N4CCC(CC4)C(=O)NCc5ccccc5C,5.7
44,CHEMBL1370199,Cc1c(Br)ccc(NC(=O)CN2N=C(C=CC2=O)c3cccs3)c1C,5.13
45,CHEMBL1314687,CC(=O)Nc1ccc(NC(=O)CNC(=O)c2sc3ccccc3c2Cl)cc1,4.81
46,CHEMBL1380313,CCN1C=Nc2sc(C(=O)Nc3ccccc3OC)c(C)c2C1=O,5.15
47,CHEMBL1488651,Cc1cc2c(s1)c3C=NN(CC(=O)NCCc4ccccc4)C(=O)c3n2C,5.6
48,CHEMBL1359865,FC(F)(F)c1cnc(c(Cl)c1)n2cccc2C(=O)NCc3ccccn3,5.0
49,CHEMBL600336,O=C(Nc1ccc(cc1)c2nc3cc(NC(=O)c4cccs4)ccc3[nH]2)c5cccs5,5.03
50,CHEMBL1459124,COc1cc(NC(=O)CSc2nc(nc3ccccc23)C4CC4)cc(OC)c1,5.27
51,CHEMBL1320035,CC(=O)Nc1cccc(Oc2nc(nc3ccccc23)C(F)(F)F)c1,4.73
52,CHEMBL1341089,CC1(C)Cc2ccccc2c3nnc(SCC(=O)N4CCc5ccccc45)n13,5.35
54,CHEMBL1529161,CC1(C)Cc2c(C#N)c(NC(=O)COc3cccc4ccccc34)sc2C(C)(C)N1,5.05
58,CHEMBL1342389,Clc1ccc(cc1)C(=O)Nc2ccnc(n2)c3cccnc3,5.28
59,CHEMBL1539438,COc1cccc2sc(NC(=O)c3ccc(Br)s3)nc12,5.47
60,CHEMBL1607639,Cn1c(SCC(=O)Nc2cccc(F)c2)nnc1c3oc4ccccc4c3,5.58
61,CHEMBL1302552,COc1ccc(cc1OC)N2N=C(C(=O)NCC(=O)NCc3ccc(F)cc3)c4ccccc4C2=O,5.84
62,CHEMBL1539768,Cc1nc2ccc3nc(NC(=O)c4occc4)sc3c2s1,5.37
63,CHEMBL1539954,Cc1c(oc2ccccc12)C(=O)Nc3ccc(cc3)n4cnnn4,5.07
64,CHEMBL1300912,COc1ccc(cc1)c2cn3c(C)c(sc3n2)C(=O)Nc4cc(NC(=O)C)ccc4OC,4.63
65,CHEMBL1303031,COc1ccc(cc1)N2C(Nc3ccccc3C2=O)c4ccc(OC)c(CSc5ccccn5)c4,5.23
67,CHEMBL1519514,CCN(CC)S(=O)(=O)c1ccc(OC)c(NC(=O)COc2ccc3C(=CC(=O)Oc3c2)C)c1,5.63
68,CHEMBL1401891,Oc1nc2Nc3ccccc3N=Cc2s1,5.5
69,CHEMBL1605363,O=C(CSc1nc(nc2ccccc12)c3ccccc3)Nc4nccs4,5.23
70,CHEMBL1462503,COc1ccc(cc1)C(=O)Nc2ccc(NC(=O)c3cccs3)cn2,5.14
71,CHEMBL1541024,O=C(Nc1cccc(c1)n2cnnn2)c3oc4ccccc4c3,5.18
72,CHEMBL1402172,CCc1ccccc1NC(=O)CCS(=O)(=O)c2ccc(OC)cc2,4.86
73,CHEMBL1579942,O=C(CSc1nnc(c2cccs2)n1c3ccccc3)Nc4ccccc4,5.26
75,CHEMBL1453623,CN1N=C(c2ccc(cc2)C(=O)Nc3cccc(Cl)c3)c4ccccc4C1=O,5.4
76,CHEMBL1375116,Cc1ccc(cc1)c2cc(C(=O)NCc3cnn(C)c3)c4cc(Br)ccc4n2,5.52
77,CHEMBL1462884,Clc1cccc2c(cc(nc12)c3ccccn3)C(=O)Nc4nccs4,5.41
78,CHEMBL1462838,O=C(COc1ccc2ccccc2c1)NCCNC(=O)COc3ccc4ccccc4c3,5.32
79,CHEMBL1580310,O=C(CSc1ccc(nn1)c2cccs2)N3CCCCCC3,5.33
80,CHEMBL1344739,O=C(Nc1nnc(SCc2ccc(cc2)C#N)s1)c3ccc4ncsc4c3,5.41
81,CHEMBL1304585,COc1ccc(NC(=O)CSc2nnc(c3cccs3)n2c4ccccc4)cc1,5.68
82,CHEMBL1304667,Cc1sc2ncnc(SCC(=O)NC(=O)c3cccn3C)c2c1C,5.4
83,CHEMBL1344787,COc1ccc(cc1)c2oc3ncn4nc(Cc5ccccc5)nc4c3c2c6ccc(OC)cc6,5.11
84,CHEMBL312032,CN(C)c1ccc(NC(=O)NS(=O)(=O)c2ccc(C)cc2)cc1,6.13
85,CHEMBL1410870,Cc1c(NC(=O)c2cccc(c2)C3=Cc4ccccc4OC3=O)cccc1c5oc6cccnc6n5,5.63
86,CHEMBL1345305,COc1ccc(cc1OC)C(=O)NCc2ccc(cc2)c3nc4ccccc4s3,5.24
89,CHEMBL1560169,Cc1cccc(OCc2nnc(SCC(=O)NC3CCCC3)n2C)c1,5.18
91,CHEMBL233149,NS(=O)(=O)c1ccc(cc1)c2oc(\C=C\3/SC(=N)NC3=O)cc2,4.85
92,CHEMBL1542847,Cc1cc(C)c2c(C)c(oc2c1)C(=O)NCc3ccc(cc3)S(=O)(=O)N,5.39
93,CHEMBL1513384,FC(F)(F)CNC(=O)CN1C(=O)NC2(CCCc3ccccc23)C1=O,5.07
94,CHEMBL1464502,Cc1ccc2oc(nc2c1)c3ccc(NC(=O)c4ccc5OCOc5c4)cc3,5.54
95,CHEMBL1364102,COC1=C(SCc2ccc(Cl)c(Cl)c2)C(=O)N(N=C1)c3ccccc3,5.3
96,CHEMBL1464805,COc1ccc(Cl)cc1C(=O)Nc2cccc(c2)c3ccc4nncn4n3,5.54
97,CHEMBL1582191,CC1=CC(=O)Oc2cc(OCC(=O)NCCc3c[nH]c4ccc(F)cc34)ccc12,5.21
98,CHEMBL1482670,Cc1ccc2nc(sc2c1)c3ccc(NC(=O)CSc4nnc(c5ccccc5)n4CC=C)cc3,6.11
99,CHEMBL1543662,O=C(Cc1ccccc1)Nc2ccc3oc(nc3c2)c4ccncc4,5.2
100,CHEMBL1376894,COc1ccc2cc3cc(oc3nc2c1)C(=O)NCc4cccs4,4.97
101,CHEMBL1482795,O=C(Nc1nc(cs1)c2nc3ccccc3s2)c4occc4,5.61
102,CHEMBL1544051,O=C(CCCCCN1C(=S)Nc2cc3OCOc3cc2C1=O)N4CCN(CC4)C(=O)c5occc5,5.44
103,CHEMBL1494994,CCOC1=C(SCc2ccccc2)C(=O)N(Cc3ccccc3)N=C1,4.81
104,CHEMBL1505334,Brc1oc(cc1)C(=O)Nc2ccc(cc2)c3ccc4nncn4n3,5.44
107,CHEMBL1417231,Cc1nc2ccc3nc(NC(=O)c4ccc5OCCOc5c4)sc3c2s1,6.09
108,CHEMBL1405306,Cc1cccc(NC(=O)c2sc3nc(cn3c2C)c4ccc(F)cc4)n1,5.93
109,CHEMBL1467089,COc1ccc(cc1OC)c2ccc(SCC(=O)Nc3nccs3)nn2,5.15
110,CHEMBL1358081,Clc1ccc(OCC(=O)Nc2ccc(cc2)c3ccc(nn3)N4CCOCC4)c(Cl)c1,5.85
112,CHEMBL1308652,COc1ccc(cc1)N2CC(=O)C(=C2N)c3nc(cs3)c4ccccc4,4.87
113,CHEMBL1456706,Brc1oc(cc1)C(=O)Nc2ccc(cc2)c3ccc(nn3)N4CCCCC4,5.17
114,CHEMBL1513785,O=C(CC#N)Nc1ccc(cc1)C(=O)OCC(=O)c2ccc3OCC(=O)Nc3c2,5.35
115,CHEMBL1601194,CS(=O)(=O)N(CC(=O)N1CCC(CC1)C(=O)N)c2ccc(Oc3ccccc3)cc2,5.98
117,CHEMBL1562444,COc1cc2ccccc2cc1C(=O)Nc3ccc4OC(=O)C=Cc4c3,5.64
118,CHEMBL1456984,Cc1onc(NC(=O)c2sc3cc(C)ccc3c2Cl)c1,4.9
120,CHEMBL1584932,Cn1c(SCC(=O)c2ccc3c(Cc4ccccc34)c2)nnc1c5ccccc5,5.42
121,CHEMBL1523808,COc1ccc(nn1)c2ccc(NC(=O)c3oc(Br)cc3)cc2,5.47
122,CHEMBL1601538,NC(=O)c1ccc(NC(=O)CNC(=O)c2sc3ccccc3c2Cl)cc1,5.31
123,CHEMBL1366522,Brc1ccc(OCC(=O)N2CCN(CC2)c3ncccn3)cc1,5.0
125,CHEMBL1476478,COc1cccc(c1)c2csc3nnc(SCC(=O)c4ccc(NC(=O)C)cc4)n23,5.31
126,CHEMBL1367087,CCOCCCNC(=O)c1cc(nc2ccccc12)c3ccc(Br)s3,5.18
127,CHEMBL1508525,O=C(CSc1ccc(nn1)c2cccs2)c3cccs3,5.05
129,CHEMBL1442635,Brc1oc(cc1)C(=O)Nc2ccc(cc2)c3oc4cccnc4n3,5.46
130,CHEMBL1397291,CCOc1ccc(NC(=O)CCS(=O)(=O)c2ccc(Br)cc2)cc1,5.05
131,CHEMBL1391254,O=C(CSc1ccc(nn1)c2cccs2)N3CCCCC3,5.58
132,CHEMBL1406915,Cl.CC(=O)c1ccc(cc1)C(=O)Nc2sc3CN(Cc4ccccc4)CCc3c2C(=O)N,5.22
133,CHEMBL1589959,CC(=O)c1ccc(cc1)c2oc(cc2)C(=O)Nc3nc(C)c(s3)C(=O)C,5.1
134,CHEMBL1354460,COc1ccc(cc1)N2CCN(CC(=O)Nc3ccccc3C(=O)NCc4ccccc4)CC2,5.44
135,CHEMBL1367791,CCn1c(S)nnc1c2csc3CCCCc23,4.6
136,CHEMBL1485768,Fc1ccc(CNc2nc3ccccc3n4cnnc24)cc1,5.57
137,CHEMBL1431253,CN1CCSc2ccc(cc12)C(=O)Nc3ccc(Cl)cc3,5.04
138,CHEMBL1602811,Cn1c(SCC(=O)Nc2cccc(Br)c2)nnc1c3oc4ccccc4c3,6.78
139,CHEMBL1431688,Clc1ccc(NC(=O)c2ccc(s2)c3ccccn3)cc1,5.05
140,CHEMBL1431953,Cc1nnc(c2cccc(Br)c2)c3cn(nc13)c4ccc(Br)cc4,4.73
141,CHEMBL1392806,COc1ccc(cc1)C(=O)Nc2nc3ccc4nc(C)sc4c3s2,6.07
142,CHEMBL1471296,Clc1ccc(cn1)C(=O)Nc2cccc(c2)c3nc4cccnc4s3,5.47
143,CHEMBL1531523,Clc1ccc(CC(=O)Nc2ccc3oc(nc3c2)c4ccncc4)cc1,5.37
144,CHEMBL1565040,Cc1ccc(NC(=O)CSc2nc3ccccc3c4nc(CCc5c(C)n[nH]c5C)nn24)cc1F,6.32
145,CHEMBL1368667,O=C(Nc1ccc2oc(nc2c1)c3cccnc3)c4ccc5OCCOc5c4,5.79
148,CHEMBL1318849,CN(C)CCc1[nH]c2ccc(C)cc2c1CN3CCOCC3,5.22
150,CHEMBL1575389,Cc1ccc(cc1)c2cc(c3ccccc3)c4c(N)ncnc4n2,6.75
151,CHEMBL1369512,CC1NC(=O)NC1CCCCCC(=O)Nc2c(C)cccc2C,5.41
152,CHEMBL1536665,Cc1ccc(cc1C)N2C(=S)Nc3c(oc4ccccc34)C2=O,5.39
154,CHEMBL1379684,COc1cccc(NC(=Nc2cc(C)cc(C)n2)S)c1,5.69
156,CHEMBL1536779,CCOC(=O)CN1C(=S)Nc2c(oc3ccc(Cl)cc23)C1=O,5.83
164,CHEMBL1592326,Cc1oc(cc1)C(=O)C2=C(O)C(=O)N(Cc3cccnc3)C2c4cccc(Oc5ccccc5)c4,5.24
165,CHEMBL1499411,Cc1cc(Br)c2nc3CCCCCc3c(C(=O)O)c2c1,5.86
168,CHEMBL1566010,Cc1oc(cc1)c2c3CCCCc3nc(S)c2C#N,5.96
178,CHEMBL1343308,CCC1(C)Cc2ccccc2c3nc(S)nc(O)c13,5.24
180,CHEMBL1303255,NC1=C(C#N)C(=C(C#N)C(=C(C#N)C#N)N1)c2ccccc2,5.08
181,CHEMBL1373811,[K+].[O-]C(=O)c1cc(nc2ccc(Br)cc12)c3cccnc3,5.79
182,CHEMBL1480178,COc1ccc(cc1)N2C(=S)Nc3c(oc4ccccc34)C2=O,5.64
186,CHEMBL1462380,CCc1c([nH]c2ccc(Br)cc12)C(=O)O,5.19
187,CHEMBL1501734,Cc1ccc(cc1)N2C(=S)Nc3c(oc4ccccc34)C2=O,5.32
194,CHEMBL1384281,Cc1ccc(cc1)c2cc(nc3ncnc(N)c23)c4ccc(F)cc4,6.75
195,CHEMBL1609827,Cc1cccc(c1)N2C(=S)Nc3c(oc4ccccc34)C2=O,5.29
200,CHEMBL1454198,COC(=O)CCCC[C@H]1SC[C@H]2NC(=O)N[C@@]12O,6.41
201,CHEMBL1580962,CC(C)c1nc2sc3c(O)nc(S)nc3c2c4CCCCc14,5.72
205,CHEMBL1232381,C[C@@H]1NC(=O)N[C@@H]1CCCCCC(=O)O,6.83
213,CHEMBL1543331,Brc1cc(Br)c2ncnc(N3CCCCC3)c2c1,5.85
218,CHEMBL1386595,Cc1cc(c2ccc(Cl)cc2)c(C#N)c(N)n1,4.48
221,CHEMBL1336910,Fc1ccc(cc1)N2C(=S)Nc3c(oc4ccccc34)C2=O,5.68
223,CHEMBL1455509,OC1=C(C(N(CCN2CCOCC2)C1=O)c3cccc(Cl)c3)C(=O)c4ccc5OCOc5c4,4.91
225,CHEMBL1324779,COc1ccc(cc1)c2cc(c3ccccc3)c4c(N)ncnc4n2,6.66
227,CHEMBL1544403,COC(=O)c1c(Cl)c2c(c1C(=O)OC)c(c(C)c3ccccn23)c4ccccc4,6.52
244,CHEMBL1326814,COC(=O)c1cc2c(c1C(=O)OC)c(c(C)c3ccccn23)c4ccccc4,6.73
251,CHEMBL1391385,CC1NC(=O)NC1CCCCCC(=O)NCCc2ccccc2,5.98
252,CHEMBL1391310,COC(=O)CCCCC1SCC2NC(=O)NC12O,6.86
260,CHEMBL1549101,O=C1N(C(=S)Nc2c1oc3ccccc23)c4ccccc4,5.52
264,CHEMBL1407788,Cc1nc2ccc(Br)cc2c(c3ccccc3)c1C(=O)O,6.0
270,CHEMBL1550435,Cc1ccccc1CNc2ncnc3cc(Cl)ccc23,5.42
272,CHEMBL1433074,CCCCOc1ccc(cc1)c2c(C#N)c(S)nc(C)c2C(=O)Nc3ccccc3,6.48
