,molecule_chembl_id,canonical_smiles,pchembl_value
0,CHEMBL385911,CCC\C=C(/CCC)\C1=C(c2ccccc2)[C@@]3(CCC[C@@H]3C1)Nc4ccccc4,7.27
1,CHEMBL384153,CCCCCCC1=C(c2ccccc2)[C@@]3(CCC[C@@H]3C1)Nc4ccccc4,7.37
2,CHEMBL425623,CCCCC1=C(C[C@H]2CCC[C@@]12Nc3ccccc3)\C(=C\CCC)\CCC,7.52
3,CHEMBL214414,CCCCC\C=C(/CCCCC)\C1=C(c2ccccc2)[C@@]3(CCC[C@@H]3C1)Nc4ccccc4,7.85
4,CHEMBL216179,CCCCCCC1=C(c2ccccc2)[C@@]3(CCC[C@@H]3C1)Nc4cccc(C)c4C,7.96
5,CHEMBL384424,CCC\C=C(/CCC)\C1=C(C2CCCCC2)[C@@]3(CCC[C@@H]3C1)Nc4ccccc4,8.0
27,CHEMBL214076,CCCCCCCCC(C)C1=C(c2ccccc2)[C@@]3(CCC[C@@H]3C1)Nc4ccccc4,6.89
38,CHEMBL408702,CCOC(=O)C(C)Oc1cccc2C(=O)N(CC(=O)NCc3ccc4OCOc4c3)C=Cc12,6.59
39,CHEMBL408704,CCOC(=O)C(C)Oc1cccc2C(=O)N(CC(=O)N(C)c3ccc4OCCOc4c3)C=Cc12,5.45
40,CHEMBL411501,CCOC(=O)C(C)Oc1cccc2C(=O)N(CCC(=O)Nc3ccc4OCCOc4c3)C=Cc12,5.07
41,CHEMBL260420,CCOC(=O)C(C)(C)Oc1cccc2C(=O)N(CC(=O)Nc3ccc4OCCOc4c3)C=Cc12,6.23
42,CHEMBL260419,CCCCOc1cccc2C(=O)N(CC(=O)Nc3ccc4OCCOc4c3)C=Cc12,4.86
43,CHEMBL411889,CCCCc1ccc(NC(=O)CN2C=Cc3c(OC(C)C(=O)OCC)cccc3C2=O)cc1,6.44
44,CHEMBL408947,CCOC(=O)C(C)Oc1cccc2C(=O)N(CC(=O)Nc3ccc(CC)cc3)C=Cc12,6.96
45,CHEMBL265938,CCOC(=O)C(C)Oc1cccc2C(=O)N(CC(=O)Nc3ccc(OCC)cc3)C=Cc12,6.72
46,CHEMBL410467,CCOC(=O)C(C)Oc1cccc2C(=O)N(CC(=O)Nc3ccc(OC(F)(F)F)cc3)C=Cc12,6.7
47,CHEMBL262079,CCOC(=O)C(C)Oc1cccc2C(=O)N(CC(=O)Nc3ccc(OC)cc3)C=Cc12,6.7
48,CHEMBL412079,CCOC(=O)C(C)Oc1cccc2C(=O)N(CC(=O)Nc3ccc(C)cc3)C=Cc12,6.47
49,CHEMBL260592,CCOC(=O)C(C)Oc1cccc2C(=O)N(CC(=O)Nc3ccc(cc3)[N+](=O)[O-])C=Cc12,6.28
50,CHEMBL412080,CCOC(=O)C(C)Oc1cccc2C(=O)N(CC(=O)NCCc3ccccc3)C=Cc12,6.44
51,CHEMBL261113,CCOC(=O)C(C)Oc1cccc2C(=O)N(CC(=O)NCc3occc3)C=Cc12,5.33
52,CHEMBL261115,CCOC(=O)C(C)Oc1cccc2C(=O)N(CC(=O)NCc3ccc(F)cc3)C=Cc12,6.17
53,CHEMBL261114,CCOC(=O)C(C)Oc1cccc2C(=O)N(CC(=O)NCc3ccccc3)C=Cc12,5.98
54,CHEMBL261305,CCOC(=O)C(C)Oc1cccc2C(=O)N(CC(=O)NC3CCCCC3)C=Cc12,5.75
55,CHEMBL260545,CCCCNC(=O)CN1C=Cc2c(OC(C)C(=O)OCC)cccc2C1=O,5.01
56,CHEMBL259067,CCOC(=O)C(C)Oc1cccc2C(=O)N(CC(=O)Nc3ccc4OCCOc4c3)C=Cc12,6.12
77,CHEMBL1765959,CCCCCCC1=C(c2ccccc2)[C@@]3(CC[C@@H](O)[C@@H]3C1)C(=C)c4ccccc4,7.5
78,CHEMBL1765953,CCCCC1=C(c2ccccc2)[C@@]3(CCC[C@@H]3C1)C(=C)c4ccccc4,7.4
80,CHEMBL193558,CCCCCCCOc1ccc(O)cc1,5.14
81,CHEMBL1765960,CCCCCCC1=C(c2ccccc2)[C@@]3(CC[C@H](O)[C@@H]3C1)C(=C)c4ccccc4,7.2
82,CHEMBL1765955,C[Si](C)(C1=C(c2ccccc2)[C@@]3(CCC[C@@H]3C1)C(=C)c4ccccc4)c5ccccc5,7.2
83,CHEMBL1765934,CCCCCCC1=C(c2ccccc2)[C@@]3(CCC[C@@H]3C1)C(=C)c4cccc(OC)c4,7.2
84,CHEMBL1765933,CCCCCCC1=C(c2ccccc2)[C@@]3(CCC[C@@H]3C1)C(=C)c4ccccc4,7.2
85,CHEMBL1765956,CCCCCCC1=C(c2ccccc2)[C@@]3(CCCC[C@@H]3C1)C(=C)c4ccccc4,7.2
86,CHEMBL1765962,CCCCCCC1=C(c2ccccc2)[C@@]3(CC[C@H](OC(=O)C)[C@@H]3C1)C(=C)c4ccccc4,7.1
87,CHEMBL1765931,CCCCCCC1=C(c2ccccc2)[C@@]3(CCC[C@@H]3C1)OC4CCCCC4,7.1
88,CHEMBL1765945,CCCCCCC1=C(c2cccc(OC)c2)[C@@]3(CCC[C@@H]3C1)C(=C)c4ccccc4,6.9
90,CHEMBL1765954,CCCCCCCCC1=C(c2ccccc2)[C@@]3(CCC[C@@H]3C1)C(=C)c4ccccc4,6.8
91,CHEMBL1765941,CCCCCCC1=C(c2ccccc2)[C@@]3(CCC[C@@H]3C1)C(=C)CCC,6.8
92,CHEMBL1765936,CCCCCCC1=C(c2ccccc2)[C@@]3(CCC[C@@H]3C1)C(=C)c4ccc(C)cc4,6.8
93,CHEMBL1765966,CCCCCCC1=C(c2ccccc2)[C@@]3(C[C@@H](C[C@@H]3C1)OC(=O)C)C(=C)c4ccccc4,6.7
94,CHEMBL1765950,CCCCCCC1=C(C2CCCCC2)[C@@]3(CCC[C@@H]3C1)C(=C)c4ccccc4,6.7
95,CHEMBL1765942,CCCCCCC1=C(c2ccccc2)[C@@]3(CCC[C@@H]3C1)C(=C)CCCC,6.7
96,CHEMBL1765930,CCCCCCC1=C(c2ccccc2)[C@@]3(CCC[C@@H]3C1)OCC(C)CC,6.7
97,CHEMBL1765927,CCCCCCC1=C(c2ccccc2)[C@@]3(CCC[C@@H]3C1)OCCC,6.7
98,CHEMBL1765963,CCCCCCC1=C(c2ccccc2)[C@@]3(C[C@@H](O)C[C@@H]3C1)C(=C)c4ccccc4,6.6
99,CHEMBL1765948,CCCCCCC1=C(CCCC)[C@@]2(CCC[C@@H]2C1)C(=C)c3ccccc3,6.6
100,CHEMBL1765929,CCCCCCC1=C(c2ccccc2)[C@@]3(CCC[C@@H]3C1)OCCCC,6.6
101,CHEMBL1765964,CCCCCCC1=C(c2ccccc2)[C@@]3(C[C@H](O)C[C@@H]3C1)C(=C)c4ccccc4,6.5
102,CHEMBL1765957,CCCCCCC1=C(c2ccccc2)[C@@]3(CN(C)C[C@@H]3C1)C(=C)c4ccccc4,6.5
103,CHEMBL1765961,CCCCCCC1=C(c2ccccc2)[C@@]3(CC[C@@H](OC(=O)C)[C@@H]3C1)C(=C)c4ccccc4,6.4
104,CHEMBL1765947,CCCCCCC1=C(CCC)[C@@]2(CCC[C@@H]2C1)C(=C)c3ccccc3,6.4
105,CHEMBL1765923,CCCCCCC1=C(c2ccccc2)[C@@]3(CCC[C@@H]3C1)OCCCCC,6.4
106,CHEMBL1765928,CCCCCCC1=C(c2ccccc2)[C@@]3(CCC[C@@H]3C1)OC(C)C,6.4
107,CHEMBL1765926,CCCCCCC1=C(c2ccccc2)[C@@]3(CCC[C@@H]3C1)OCC,6.3
