,molecule_chembl_id,canonical_smiles,pchembl_value
0,alitretinoin,C\C(\C=C\C1=C(C)CCCC1(C)C)=C\C=C\C(\C)=C\C(O)=O,7.76999998
1,isotretinoin,C\C(\C=C\C1=C(C)CCCC1(C)C)=C/C=C/C(/C)=C\C(O)=O,7.77
2,tretinoin,C\C(=C/C=C/C(=C/C(=O)O)/C)\C=C\C1=C(C)CCCC1(C)C,7.80000019
3,CHEMBL1760427,CCCCN(c1cccc(c1C)c2ccc(OC)cc2)S(=O)(=O)c3ccc(OC(C)C(=O)O)c(C)c3C,7.0
4,CHEMBL2413326,CCCCOc1ccc(cc1CNC(=O)c2ccc(cc2)C(F)(F)F)c3ccc(cc3F)C(=O)O,7.0
5,CHEMBL1081964,COc1ccc(cc1)c2nc(COc3ccc(OCC(=O)O)c(C)c3)sc2c4ccc(OC)cc4,7.0
6,CHEMBL604959,FC(F)(F)Oc1ccc(cc1)C(=O)NCCS(=O)(=O)c2ccc(cn2)C(F)(F)F,7.0
7,CHEMBL393765,OC(=O)Cc1csc2cc(OCc3cc(on3)c4ccc(cc4)C(F)(F)F)cc(Cl)c12,7.01
8,CHEMBL200495,CCCc1c(OCCCOc2ccc3c(ccn3CC(=O)O)c2)ccc4c(noc14)C(F)(F)F,7.02
9,CHEMBL367311,CCCc1c(OCCCCOc2ccc(CC(=O)O)cc2)ccc3c(noc13)c4ccccc4,7.03
10,CHEMBL207442,CCCc1c(OCCCN(C)c2cccc(CC(=O)O)c2)ccc3c(noc13)C(F)(F)F,7.03
11,CHEMBL2413325,CCCCCOc1ccc(cc1CNC(=O)c2ccc(cc2)C(F)(F)F)c3ccc(cc3C)C(=O)O,7.04
12,CHEMBL393373,OC(=O)Cn1ccc2cc(OCc3ccc(Oc4ccc(cc4)C(F)(F)F)cc3)ccc12,7.04
13,CHEMBL477312,CCCCCCCN(CCc1ccc(OC(C)(C)C(=O)O)cc1)c2oc3ccccc3n2,7.05
14,CHEMBL39687,Cc1nc(oc1COc2ccc(CCC(=O)O)cc2)c3ccc(cc3)C(F)(F)F,7.05
15,CHEMBL37495,Cc1nc(oc1CSc2ccc(OCC(=O)O)cc2)c3ccc(cc3)C(F)(F)F,7.05
16,CHEMBL288341,Cc1nc(sc1COc2ccc(CCC(=O)O)cc2)c3ccc(cc3)C(F)(F)F,7.05
17,CHEMBL234661,OC(=O)COc1ccc(SCc2ccc(OCc3ccc(Cl)cc3)cc2)c4CCCc14,7.05
18,CHEMBL387203,OC(=O)Cc1cccc(c1)c2noc(c3occc3)c2C(=O)NCCOc4ccc(Cl)cc4Cl,7.05
19,CHEMBL207103,CCCc1c(OCCCNc2ccc(CC(=O)O)cc2)ccc3c(noc13)C(F)(F)F,7.06
20,CHEMBL391068,OC(=O)Cc1coc2cc(OCc3cc(on3)c4ccc(Cl)cc4)ccc12,7.09
21,CHEMBL234800,OC(=O)Cc1coc2cc(OCc3ccc(COc4ccc(cc4)C(F)(F)F)cc3)ccc12,7.09
22,CHEMBL1760426,CCCCN(c1cccc(c1C)c2ccc(C)cc2)S(=O)(=O)c3ccc(OC(C)C(=O)O)c(C)c3C,7.1
23,CHEMBL1760399,CCCCN(c1cccc(c1C)c2ccc(Cl)cc2)S(=O)(=O)c3ccc(OC(C)C(=O)O)c(Cl)c3Cl,7.1
24,CHEMBL1760425,CCCCN(c1cccc(c1C)c2ccc(OC(F)(F)F)cc2)S(=O)(=O)c3ccc(OC(C)C(=O)O)c(C)c3C,7.1
25,CHEMBL23881,CCCc1c(O)c(ccc1OCCCSc2ccc(CC(=O)O)cc2Cl)C(=O)C,7.1
26,CHEMBL208567,CCCc1c(OCCCn2nnc3cc(CC(=O)O)ccc23)ccc4c(noc14)C(F)(F)F,7.1
27,CHEMBL1079617,COc1ccc(cc1)c2nc(COc3ccc(OCC(=O)O)c(C)c3)sc2c4cnc5ccccc5c4,7.1
28,CHEMBL3103198,Cc1cc(cc(C)c1OC(C)(C)C(=O)O)C2CC2C(OC(=O)c3ccccc3)c4ccc(OC(F)(F)F)cc4,7.1
29,CHEMBL598371,Fc1cc(Br)ccc1C(=O)NCCS(=O)(=O)c2ccc(cn2)C(F)(F)F,7.1
30,CHEMBL211473,OC(=O)Cc1ccc(c(Cl)c1)c2noc(c3ccccc3)c2C(=O)NCCOc4ccc(Cl)cc4Cl,7.1
31,CHEMBL3785872,CCOP(=O)(O)CCO,7.11
32,CHEMBL233177,OC(=O)COc1ccc(SCc2ccc(OCc3ccc(OC(F)(F)F)cc3)cc2)c4CCCc14,7.12
33,CHEMBL207907,CCCc1c(OCCCn2ccc3cc(CCC(=O)O)ccc23)ccc4c(noc14)C(F)(F)F,7.16
34,CHEMBL1081729,COc1ccc(cc1)c2nc(COc3ccc(OCC(=O)O)c(C)c3)oc2c4ccc(Cl)c(Cl)c4,7.16
35,CHEMBL1081750,COc1ccc(cc1)c2nc(COc3ccc(OCC(=O)O)c(C)c3)sc2c4cccc(c4)C(F)(F)F,7.16
36,CHEMBL501980,Cc1c(C)c(Sc2ccc(COc3ccc(cc3)C(F)(F)F)cc2OCC4CCCO4)ccc1OCC(=O)O,7.16
37,CHEMBL1643199,Cc1cc(CN2CCc3ccccc3C2C(=O)Nc4ccc(Cl)cc4Cl)ccc1OCC(=O)O,7.16
38,CHEMBL232398,OC(=O)COc1ccc(SCc2ccc(OCc3cc(Cl)ccc3Cl)cc2)c4CCCc14,7.16
39,CHEMBL1075665,OC(=O)Cc1cccc(c1)c2noc(c3ccccc3)c2C(=O)NCCOc4cc(Cl)cc(Cl)c4,7.16
40,CHEMBL374078,OC(=O)Cc1cccc(c1)c2noc(c3ccccc3)c2C(=O)NCCOc4ccc(Cl)cc4Cl,7.16
41,CHEMBL1081391,Cc1cc(OCc2nc(c3cccnc3)c(s2)c4ccc(OC(F)(F)F)cc4)ccc1OCC(=O)O,7.17
42,CHEMBL38508,Cc1cc(SCc2sc(nc2C)c3ccc(c(F)c3)C(F)(F)F)ccc1OCC(=O)O,7.17
43,CHEMBL393940,Cc1ccccc1C(=O)NCc2cccc(Oc3ccc(OC(C)(C)C(=O)O)c(C)c3)c2,7.19
44,CHEMBL1080535,CC(C)COc1ccc(cc1)c2nc(COc3ccc(OCC(=O)O)c(C)c3)sc2c4ccc(OC(F)(F)F)cc4,7.2
45,CHEMBL1760413,CCCCN(c1cc(cc(c1)C(F)(F)F)c2ccc(Cl)cc2)S(=O)(=O)c3ccc(OC(C)C(=O)O)c(C)c3C,7.2
46,CHEMBL1760269,CCCCN(c1cccc(c1C)c2ccc(Cl)cc2)S(=O)(=O)c3ccc(OC(CC)C(=O)O)c(C)c3C,7.2
47,CHEMBL496733,Cc1ccc(NC(=O)c2cccc(c2)S(=O)(=O)n3ccc4ccc(Cl)cc34)c(c1)C(=O)O,7.2
48,CHEMBL175213,CCCc1c(OCCCOc2ccccc2CC(=O)O)ccc3c(noc13)c4ccccc4,7.21
49,CHEMBL1079382,COc1ccc(cc1)c2nc(CSc3ccc(CC(=O)O)cc3Cl)sc2c4ccc(cc4)C(F)(F)F,7.21
50,CHEMBL234666,OC(=O)COc1ccc(SCc2ccc(F)cc2OCc3ccc(cc3)C(F)(F)F)c4CCCc14,7.21
51,CHEMBL1079646,COc1ccc(cc1)c2nc(COc3ccc(OCC(=O)O)c(C)c3)sc2c4ccc(Cl)cc4,7.22
52,CHEMBL39894,Cc1cc(OCc2sc(nc2C)c3ccc(cc3)C(F)(F)F)ccc1CCC(=O)O,7.22
53,CHEMBL2037584,Cc1cc(SC(Cc2ccc(cc2)[N+](=O)[O-])c3sc(nc3C)c4ccc(cc4)C(F)(F)F)ccc1OCC(=O)O,7.22
54,CHEMBL221292,OC(=O)Cc1cccc(c1)c2noc(c3ccccc3Cl)c2C(=O)NCCOc4ccc(Cl)cc4Cl,7.22
55,CHEMBL3103200,COC(C1CC1c2cc(C)c(OC(C)(C)C(=O)O)c(C)c2)c3ccc(OC(F)(F)F)cc3,7.23
56,CHEMBL1079821,Cc1cc(OCc2nc(c3cncnc3)c(s2)c4ccc(OC(F)(F)F)cc4)ccc1OCC(=O)O,7.23
57,CHEMBL383728,CCCc1c(OCCCn2ccc3cc(CC(=O)O)ccc23)ccc4c(noc14)C(F)(F)F,7.24
58,CHEMBL2037582,Cc1cc(SC(CCCCCCCc2ccccc2)c3sc(nc3C)c4ccc(cc4)C(F)(F)F)ccc1OCC(=O)O,7.24
59,CHEMBL234169,Cc1nc(sc1COc2cc(Cl)c3c(CC(=O)O)csc3c2)c4ccc(cc4)C(F)(F)F,7.24
60,CHEMBL241063,CC(=O)c1sc(nc1C)c2ccc(OCCCOc3ccc4[C@H](CC(=O)O)CCc4c3)nc2,7.25
61,CHEMBL1080821,COc1ccc(cc1F)c2nc(COc3ccc(OCC(=O)O)c(C)c3)sc2c4ccc(OC(F)(F)F)cc4,7.25
62,CHEMBL1082117,Cc1cc(OCc2oc(c3ccc(OC(F)(F)F)cc3)c(n2)c4cncnc4)ccc1OCC(=O)O,7.26
63,CHEMBL1927473,Cc1cc(SCc2sc(nc2C)c3ccc(cc3)C(F)(F)F)ccc1OC(F)C(=O)O,7.26
64,CHEMBL3103193,COC(C1CC1c2cc(C)c(OC(C)(C)C(=O)O)c(C)c2)c3ccc(Br)cc3,7.27
65,CHEMBL524063,Cc1c(C)c(Sc2ccc(COc3ccc(cc3)C(F)(F)F)cc2OCC#C)ccc1OCC(=O)O,7.27
66,CHEMBL237305,Cc1cc(Oc2cccc(CNC(=O)c3ccc(OC(F)(F)F)cc3C)c2)ccc1OC(C)(C)C(=O)O,7.27
67,CHEMBL177089,CCCc1c(OCCCCOc2cccc(CCC(=O)O)c2)ccc3c(noc13)c4ccccc4,7.28
68,CHEMBL1075705,Cc1cc(OCc2nc(c3ccc(cc3)N4CCCCC4)c(s2)c5ccc(OC(F)(F)F)cc5)ccc1OCC(=O)O,7.28
69,CHEMBL222880,OC(=O)COc1ccc(SCC=C(c2ccc(Br)cc2)c3ccc(Br)cc3)cc1Cl,7.28
70,CHEMBL495990,OC(=O)COc1ccc(Sc2ccc(COc3ccc(cc3)C(F)(F)F)cc2OCC#C)c4CCCCc14,7.28
71,CHEMBL1760267,CCCCN(c1cccc(c1C)c2ccc(Cl)cc2)S(=O)(=O)c3ccc(OC(C)C(=O)O)c(C)c3C,7.3
72,CHEMBL1081600,COc1ccc(cc1)c2nc(COc3ccc(OCC(=O)O)c(C)c3)oc2c4ccc(Cl)cc4,7.3
73,CHEMBL1079618,COc1ccc(cc1)c2nc(COc3ccc(OCC(=O)O)c(C)c3)sc2c4oc5ccccc5c4,7.3
74,CHEMBL523594,COc1cccc2ccn(c12)S(=O)(=O)c3cccc(c3)C(=O)Nc4ccc(C)cc4C(=O)O,7.3
75,CHEMBL218384,Cc1ccccc1c2onc(c3cccc(CC(=O)O)c3)c2C(=O)NCCOc4ccc(Cl)cc4Cl,7.3
76,CHEMBL239353,CC(C)c1ccc(cc1)c2ncc(C)c(n2)N(C)CCCOc3ccc4[C@H](CC(=O)O)CCc4c3,7.31
77,CHEMBL383646,CCCc1c(OCCCN(C)c2ccc(CC(=O)O)cc2Cl)ccc3c(noc13)C(F)(F)F,7.31
78,CHEMBL2030550,CN1CCN(CC1)c2ccc(\C=C(/C#N)\c3ccccc3Br)cc2,7.32
79,CHEMBL173409,CCCc1c(OCCCCOc2cccc(OCC(=O)O)c2)ccc3c(noc13)c4ccccc4,7.33
80,CHEMBL176421,CCCc1c(OCCCCOc2ccccc2CC(=O)O)ccc3c(noc13)c4ccccc4,7.33
81,CHEMBL501979,Cc1c(C)c(Sc2ccc(COc3ccc(cc3)C(F)(F)F)cc2OCc4ccncc4)ccc1OCC(=O)O,7.33
82,CHEMBL229831,CCCCCCOc1ccc(CC(CC)C(=O)O)cc1CNC(=O)c2ccc(cc2)C(F)(F)F,7.35
83,CHEMBL1075706,Cc1cc(OCc2nc(c3ccc(cc3)N4CCOCC4)c(s2)c5ccc(OC(F)(F)F)cc5)ccc1OCC(=O)O,7.35
84,CHEMBL501440,CCC#CCOc1cc(COc2ccc(cc2)C(F)(F)F)ccc1Sc3ccc(OCC(=O)O)c4CCCCc34,7.36
85,CHEMBL501439,CC#CCOc1cc(COc2ccc(cc2)C(F)(F)F)ccc1Sc3ccc(OCC(=O)O)c4CCCCc34,7.37
86,CHEMBL234587,Cc1cc2c(CC(=O)O)csc2cc1OCc3ccccc3COc4ccc(cc4)C(F)(F)F,7.37
87,CHEMBL229837,CCCC(Cc1ccc(OC)c(CNC(=O)c2ccc(cc2F)C(F)(F)F)c1)C(=O)O,7.4
88,CHEMBL23670,CCCc1c(OCCCSc2ccc(CC(=O)O)cc2Cl)ccc3c(CC)coc13,7.4
89,CHEMBL1081749,COc1ccc(cc1)c2nc(COc3ccc(OCC(=O)O)c(C)c3)sc2c4ccc(cc4)C(F)(F)F,7.4
90,CHEMBL237084,Cc1cc(Oc2cccc(CNC(=O)c3ccc(cc3C(F)(F)F)C(F)(F)F)c2)ccc1OC(C)(C)C(=O)O,7.4
91,CHEMBL153057,CCCc1c(O)c(ccc1OCCCOc2ccc(OCC(=O)O)cc2)C(=O)C,7.41
92,CHEMBL209563,CCCc1c(OCCCN(C)c2ccc(CC(=O)O)cc2C)ccc3c(noc13)C(F)(F)F,7.41
93,CHEMBL2037580,Cc1cc(SC(CCCCc2ccccc2)c3sc(nc3C)c4ccc(cc4)C(F)(F)F)ccc1OCC(=O)O,7.41
94,CHEMBL175332,CCCc1c(OCCCOc2ccc(CCCC(=O)O)cc2)ccc3c(noc13)c4ccccc4,7.42
95,CHEMBL172931,CCCc1c(OCCCCOc2ccc(CCC(=O)O)cc2)ccc3c(noc13)c4ccccc4,7.43
96,CHEMBL234382,Cc1cc(OCc2cc(on2)c3ccc(cc3)C(F)(F)F)cc4scc(CC(=O)O)c14,7.43
97,CHEMBL234170,Cc1cc2c(CC(=O)O)csc2cc1OCc3cc(on3)c4ccc(Cl)cc4,7.43
98,CHEMBL482857,CCC#CCOc1cc(COc2ccc(Cl)cc2)ccc1Sc3ccc(OCC(=O)O)c4CCCCc34,7.44
99,CHEMBL502518,Cc1c(C)c(Sc2ccc(COc3ccc(cc3)C(F)(F)F)cc2OCc4cccnc4)ccc1OCC(=O)O,7.44
100,CHEMBL499038,CCC#CCOc1cc(COc2cccc(c2)C(F)(F)F)ccc1Sc3ccc(OCC(=O)O)c4CCCCc34,7.46
101,CHEMBL1080108,CCCOc1ccc(cc1)c2nc(COc3ccc(OCC(=O)O)c(C)c3)sc2c4ccc(OC(F)(F)F)cc4,7.46
102,CHEMBL526371,Cc1onc(COc2cc(COc3ccc(cc3)C(F)(F)F)ccc2Sc4ccc(OCC(=O)O)c(C)c4C)c1,7.46
103,CHEMBL1079984,COc1ncc(cn1)c2nc(COc3ccc(OCC(=O)O)c(C)c3)sc2c4ccc(OC(F)(F)F)cc4,7.47
104,CHEMBL1079925,CCOc1ccc(cc1)c2nc(COc3ccc(OCC(=O)O)c(C)c3)sc2c4ccc(OC(F)(F)F)cc4,7.5
105,CHEMBL496116,COc1ccc2ccn(c2c1)S(=O)(=O)c3cccc(c3)C(=O)Nc4ccc(C)cc4C(=O)O,7.5
106,CHEMBL237710,Cc1cc(Oc2cccc(CNC(=O)c3ccc(cc3Oc4ccccc4)C(F)(F)F)c2)ccc1OC(C)(C)C(=O)O,7.5
107,CHEMBL1080369,Cc1cc(OCc2nc(c3ccc4OCOc4c3)c(s2)c5ccc(OC(F)(F)F)cc5)ccc1OCC(=O)O,7.51
108,CHEMBL393767,OC(=O)Cn1ccc2cc(OCc3cc(on3)c4ccc(cc4)C(F)(F)F)ccc12,7.51
109,CHEMBL1080143,CCN(CC)c1ccc(cc1)c2nc(COc3ccc(OCC(=O)O)c(C)c3)sc2c4ccc(OC(F)(F)F)cc4,7.52
110,CHEMBL239352,CCc1ccc(cc1)c2ncc(C)c(n2)N(C)CCCOc3ccc4[C@H](CC(=O)O)CCc4c3,7.52
111,CHEMBL1081046,COc1ccc(cc1)c2nc(CSc3ccc(OCC(=O)O)cc3Cl)sc2c4ccc(OC)cc4,7.52
112,CHEMBL37013,Cc1cc(OCc2oc(nc2C)c3ccc(cc3)C(F)(F)F)ccc1OCC(=O)O,7.52
113,CHEMBL2413324,CCCOc1ccc(cc1CNC(=O)c2ccc(cc2)C(F)(F)F)c3ccc(cc3C)C(=O)O,7.54
114,CHEMBL482659,CCC#CCOc1cc(COc2ccc(Cl)cc2C)ccc1Sc3ccc(OCC(=O)O)c4CCCCc34,7.55
115,CHEMBL2413228,CCOc1ccc(cc1CNC(=O)c2ccc(cc2)C(F)(F)F)c3ccc(cc3C)C(=O)O,7.55
116,CHEMBL1080188,CCCCOc1ccc(cc1)c2nc(COc3ccc(OCC(=O)O)c(C)c3)sc2c4ccc(OC(F)(F)F)cc4,7.59
117,CHEMBL172718,CCCc1c(OCCCOc2cccc(CC(=O)O)c2)ccc3c(noc13)c4ccccc4,7.59
118,CHEMBL1644614,CC(C)c1oc(nc1CCc2noc3cc(OCC(=O)O)c(C)cc23)c4ccc(Cl)cc4Cl,7.6
119,CHEMBL1760273,CCCCN(c1cccc(c1C)c2ccc(Cl)cc2)S(=O)(=O)c3ccc(O[C@H](C)C(=O)O)c(C)c3C,7.6
120,CHEMBL1760005,CCCCN(c1cccc(c1Cl)c2ccc(OC(F)(F)F)cc2)S(=O)(=O)c3ccc(OC(C)C(=O)O)c(C)c3C,7.6
121,CHEMBL1760412,CCCCN(c1cccc(c1OC)c2ccc(Cl)cc2)S(=O)(=O)c3ccc(OC(C)C(=O)O)c(C)c3C,7.6
122,CHEMBL1643194,Cc1cc(CN2Cc3ccccc3C2C(=O)Nc4ccc(Cl)cc4Cl)ccc1OCC(=O)O,7.6
123,CHEMBL234168,OC(=O)Cc1coc2cc(OCc3cc(on3)c4ccc(cc4)C(F)(F)F)ccc12,7.6
124,CHEMBL496726,OC(=O)c1cc(Cl)ccc1NC(=O)c2cccc(c2)S(=O)(=O)N3CCc4ccc(Cl)cc4C3,7.6
125,CHEMBL519345,OC(=O)c1cc(F)ccc1NC(=O)c2cccc(c2)S(=O)(=O)N3CCc4ccccc4C3,7.6
126,CHEMBL210917,CCCc1c(OCCCn2ncc3cc(CC(=O)O)ccc23)ccc4c(noc14)C(F)(F)F,7.62
127,CHEMBL3103197,CCOC(C1CC1c2cc(C)c(OC(C)(C)C(=O)O)c(C)c2)c3ccc(OC(F)(F)F)cc3,7.62
128,CHEMBL38943,Cc1cc(SCc2sc(nc2C)c3ccc(cc3)C(F)(F)F)ccc1OCC(=O)O,7.62
129,CHEMBL234799,OC(=O)Cc1coc2cc(OCc3cccc(COc4ccc(cc4)C(F)(F)F)c3)ccc12,7.62
130,CHEMBL3787648,OCCP(=O)(O)OCCC#CC#CCCCCCC\C=C\I,7.62
131,CHEMBL263029,CCCc1c(OCCCCOc2ccc(OC(C)(C)C(=O)O)cc2)ccc3c(noc13)c4ccccc4,7.64
132,CHEMBL202118,CC[C@@H](Cc1ccc(OC)c(CNC(=O)c2ccc(c(F)c2)C(F)(F)F)c1)C(=O)O,7.64
133,CHEMBL1081224,CN(C)C(=O)c1ccc(cc1)c2nc(COc3ccc(OCC(=O)O)c(C)c3)sc2c4ccc(OC(F)(F)F)cc4,7.64
134,CHEMBL391085,Cc1cc(OCc2cc(on2)c3ccc(Cl)cc3)cc4scc(CC(=O)O)c14,7.64
135,CHEMBL506419,CC(C)(O)C#CCOc1cc(COc2ccc(cc2)C(F)(F)F)ccc1Sc3ccc(OCC(=O)O)c4CCCCc34,7.66
136,CHEMBL387914,CCC(Cc1ccc(OC)c(CNC(=O)c2ccc(cc2F)C(F)(F)F)c1)C(=O)O,7.68
137,CHEMBL368793,CCCc1c(OCCCOc2cccc(CCC(=O)O)c2)ccc3c(noc13)c4ccccc4,7.68
138,CHEMBL25710,CCCc1c(O)c(ccc1OCCCSc2ccc(CC(=O)O)cc2Cl)C(=O)CC,7.7
139,CHEMBL435523,CCCc1c(OCCCCOc2cccc(CC(=O)O)c2)ccc3c(noc13)c4ccccc4,7.7
140,CHEMBL1079826,CCCc1cc(OCc2nc(c3ccc(OC)cc3)c(s2)c4ccc(cc4)C(F)(F)F)ccc1OCC(=O)O,7.7
141,CHEMBL1081763,COc1ccc(cc1)c2nc(COc3ccc(OCC(=O)O)c(C)c3)sc2c4ccc(OC(F)(F)F)cc4,7.7
142,CHEMBL1079449,COc1ccc(cc1)c2nc(COc3ccc(OCC(=O)O)c(C)c3)sc2c4ccc5ccccc5c4,7.7
143,CHEMBL496743,COc1ccc2c(ccn2S(=O)(=O)c3cccc(c3)C(=O)Nc4ccc(C)cc4C(=O)O)c1C,7.7
144,CHEMBL40614,Cc1cc(OCc2sc(nc2C)c3ccc(cc3)C(F)(F)F)ccc1\C=C\C(=O)O,7.7
145,CHEMBL391478,Cc1cc(SCc2ccc(OCc3ccc(cc3)C(F)(F)F)cc2)c(Cl)cc1OCC(=O)O,7.7
146,CHEMBL498172,Cc1ccc(NC(=O)c2cccc(c2)S(=O)(=O)n3ccc4cc(Cl)ccc34)c(c1)C(=O)O,7.7
147,CHEMBL484466,OC(=O)c1cc(Cl)ccc1NC(=O)c2cccc(c2)S(=O)(=O)N3CCc4c(O)cccc4C3,7.7
148,CHEMBL2413333,CCCCOc1ccc(cc1CNC(=O)c2ccc(cc2)C(F)(F)F)c3ccc(cc3C)C(=O)O,7.72
149,CHEMBL234660,Cc1cc(SCc2ccc(OCc3ccc(cc3)C(F)(F)F)cc2)ccc1OCC(=O)O,7.72
150,CHEMBL1081962,CCC(C)Oc1ccc(cc1)c2nc(COc3ccc(OCC(=O)O)c(C)c3)sc2c4ccc(OC(F)(F)F)cc4,7.75
151,CHEMBL172959,CCCc1c(OCCCOc2ccc(\C=C\C(=O)O)cc2)ccc3c(noc13)c4ccccc4,7.75
152,CHEMBL1076163,Cc1cc(OCc2nc(c3ccc(cc3)N4CCOCC4)c(s2)c5ccc(cc5)c6ccccc6)ccc1OCC(=O)O,7.75
153,CHEMBL1075835,Cc1cc(OCc2nc(c3ccc(nc3)N4CCOCC4)c(s2)c5ccc(OC(F)(F)F)cc5)ccc1OCC(=O)O,7.75
154,CHEMBL1075725,Cc1cc(OCc2oc(c3ccc(OC(F)(F)F)cc3)c(n2)c4ccc(cc4)C(=O)N5CCCCC5)ccc1OCC(=O)O,7.75
155,CHEMBL496807,OC(=O)COc1ccc(Sc2ccc(COc3ccc(cc3)C(F)(F)F)cc2Cl)c4CCCCc14,7.75
156,CHEMBL1079983,COc1ccc(cn1)c2nc(COc3ccc(OCC(=O)O)c(C)c3)sc2c4ccc(OC(F)(F)F)cc4,7.77
157,CHEMBL1079965,Cc1cc(OCc2nc(c3ccc4OCCOc4c3)c(s2)c5ccc(OC(F)(F)F)cc5)ccc1OCC(=O)O,7.77
158,CHEMBL221399,Cc1cc(SCC=C(c2ccc(Br)cc2)c3ccc(Br)cc3)ccc1OCC(=O)O,7.77
159,CHEMBL2035061,Cc1cc(SC(Cc2cc(F)ccc2F)c3sc(nc3C)c4ccc(cc4)C(F)(F)F)ccc1OCC(=O)O,7.78
160,CHEMBL1081546,CC(C)Oc1ccc(cc1)c2nc(COc3ccc(OCC(=O)O)c(C)c3)sc2c4ccc(cc4)C(F)(F)F,7.8
161,CHEMBL1080822,CC(C)Oc1ccc(cc1)c2nc(COc3ccc(OCC(=O)O)c(C)c3)sc2c4cccc(OC(F)(F)F)c4,7.8
162,CHEMBL1760274,CCCCN(c1cccc(c1C)c2ccc(Cl)cc2)S(=O)(=O)c3ccc(OC(C)C(=O)O)c(c3)C4CCCCC4,7.8
163,CHEMBL1760424,CCCCN(c1cccc(c1C)c2ccc(cc2)C(F)(F)F)S(=O)(=O)c3ccc(OC(C)C(=O)O)c(C)c3C,7.8
164,CHEMBL3103195,COC(C1CC1c2cc(C)c(OC(C)(C)C(=O)O)c(C)c2)c3ccc(cc3)C(F)(F)F,7.8
165,CHEMBL522577,COc1ccc2c(ccn2S(=O)(=O)c3cccc(c3)C(=O)Nc4ccc(Cl)cc4C(=O)O)c1C,7.8
166,CHEMBL522238,Cc1c(C)c(Sc2ccc(COc3ccc(cc3)C(F)(F)F)cc2OCC#N)ccc1OCC(=O)O,7.8
167,CHEMBL496933,Cc1c(Cl)ccc2CCN(Cc12)S(=O)(=O)c3cccc(c3)C(=O)Nc4ccc(Cl)cc4C(=O)O,7.8
168,CHEMBL496534,Cc1ccc(NC(=O)c2cccc(c2)S(=O)(=O)n3ccc4cccc(Cl)c34)c(c1)C(=O)O,7.8
169,CHEMBL508733,OC(=O)COc1ccc(Sc2ccc(COc3ccc(cc3)C(F)(F)F)cc2OCC#Cc4cccnc4)c5CCCCc15,7.8
170,CHEMBL498608,OC(=O)c1cc(Cl)ccc1NC(=O)c2cccc(c2)S(=O)(=O)N3CCc4ccc(F)cc4C3,7.8
171,CHEMBL425666,CCOc1ccc(CC(CC)C(=O)O)cc1CNC(=O)c2ccc(cc2)C(F)(F)F,7.82
172,CHEMBL1643200,Cc1cc(CN2Cc3ccccc3C[C@H]2C(=O)Nc4ccc(Cl)cc4Cl)ccc1OCC(=O)O,7.82
173,CHEMBL1075682,Cc1cc(OCc2nc(c3ccc(OC4CCCC4)cc3)c(s2)c5ccc(OC(F)(F)F)cc5)ccc1OCC(=O)O,7.82
174,CHEMBL234588,OC(=O)Cc1csc2cc(OCc3cccc(COc4ccc(cc4)C(F)(F)F)c3)ccc12,7.82
175,CHEMBL1080699,CC(C)Oc1ccc(cn1)c2nc(COc3ccc(OCC(=O)O)c(C)c3)oc2c4ccc(OC(F)(F)F)cc4,7.85
176,CHEMBL1080172,CC(C)Oc1ncc(cn1)c2nc(COc3ccc(OCC(=O)O)c(C)c3)sc2c4ccc(OC(F)(F)F)cc4,7.85
177,CHEMBL391264,CCc1ccc(O[C@H](C)CCOc2ccc(CCC(=O)O)c(C)c2)c(c1)c3occc3,7.85
178,CHEMBL1080184,COc1ncc(cn1)c2nc(COc3ccc(OCC(=O)O)c(C)c3)oc2c4ccc(OC(F)(F)F)cc4,7.85
179,CHEMBL265868,Cc1nc(sc1COc2ccc3c(CC(=O)O)coc3c2)c4ccc(cc4)C(F)(F)F,7.85
180,CHEMBL1080368,CC(C)Oc1ccc(cc1)c2nc(COc3ccc(OCC(=O)O)c(C)c3)oc2c4ccc(OC(F)(F)F)cc4,7.89
181,CHEMBL2413327,CCCCOc1ccc(cc1CNC(=O)c2ccc(cc2)C(F)(F)F)c3ccc(cc3Cl)C(=O)O,7.89
182,CHEMBL1080823,CCCc1ccc(cc1)c2sc(COc3ccc(OCC(=O)O)c(C)c3)nc2c4ccc(OC(C)C)cc4,7.89
183,CHEMBL241298,CCc1ccc(O[C@H](C)CCOc2ccc(CCC(=O)O)c(C)c2)c(c1)c3cocn3,7.89
184,CHEMBL1075703,Cc1cc(OCc2nc(c3ccc4OCCCOc4c3)c(s2)c5ccc(OC(F)(F)F)cc5)ccc1OCC(=O)O,7.89
185,CHEMBL2037577,Cc1cc(SC(Cc2ccccc2)c3sc(nc3C)c4ccc(cc4)C(F)(F)F)ccc1OCC(=O)O,7.89
186,CHEMBL231689,OC(=O)Cn1ccc2cc(OCc3cccc(COc4ccc(cc4)C(F)(F)F)c3)ccc12,7.89
187,CHEMBL1760268,CCCCN(c1cccc(c1C)c2ccc(Cl)cc2)S(=O)(=O)c3ccc(OCC(=O)O)c(C)c3C,7.9
188,CHEMBL497789,COc1ccc2c(ccn2S(=O)(=O)c3cccc(c3)C(=O)Nc4ccc(Cl)cc4C(=O)O)c1,7.9
189,CHEMBL497991,COc1ccc2ccn(c2c1)S(=O)(=O)c3cccc(c3)C(=O)Nc4ccc(Cl)cc4C(=O)O,7.9
190,CHEMBL520827,COc1cccc2CN(CCc12)S(=O)(=O)c3cccc(c3)C(=O)Nc4ccc(Cl)cc4C(=O)O,7.9
191,CHEMBL485087,Cc1ccc(NC(=O)c2cccc(c2)S(=O)(=O)N3CCc4ccccc4C3)c(c1)C(=O)O,7.9
192,CHEMBL1079505,CC(C)Oc1ccc(cn1)c2nc(COc3ccc(OCC(=O)O)c(C)c3)sc2c4ccc(OC(F)(F)F)cc4,7.92
193,CHEMBL279053,CCCc1c(OCCCSc2ccc(CC(=O)O)cc2Cl)ccc3c(CC)noc13,7.92
194,CHEMBL400024,CCc1ccc(O[C@H](C)CCOc2ccc(CCC(=O)O)c(C)c2)c(c1)c3nccs3,7.92
195,CHEMBL237306,COc1ccc(C(=O)NCc2cccc(Oc3ccc(OC(C)(C)C(=O)O)c(C)c3)c2)c(C)c1,7.92
196,CHEMBL1075683,Cc1cc(OCc2oc(c3ccc(OC(F)(F)F)cc3)c(n2)c4ccc(OC5CCCC5)cc4)ccc1OCC(=O)O,7.92
197,CHEMBL392718,Cc1cc(Oc2cccc(CNC(=O)c3cc4c(Cl)cccc4[nH]3)c2)ccc1CCC(=O)O,7.92
198,CHEMBL2037581,Cc1cc(SC(CCCCCc2ccccc2)c3sc(nc3C)c4ccc(cc4)C(F)(F)F)ccc1OCC(=O)O,7.94
199,CHEMBL501982,CCC#CCOc1cc(COc2ccc(cn2)C(F)(F)F)ccc1Sc3ccc(OCC(=O)O)c4CCCCc34,7.96
200,CHEMBL427299,CCCc1c(OCCOc2ccc(CCC(=O)O)cc2)ccc3c(noc13)c4ccccc4,7.96
201,CHEMBL495818,COCCOc1cc(COc2ccc(cc2)C(F)(F)F)ccc1Sc3ccc(OCC(=O)O)c(C)c3C,7.96
202,CHEMBL391457,OC(=O)Cc1csc2cc(OCc3cc(on3)c4ccc(cc4)C(F)(F)F)ccc12,7.96
203,CHEMBL234665,OC(=O)COc1ccc(SCc2ccccc2OCc3ccc(cc3)C(F)(F)F)c4CCCc14,7.98
204,CHEMBL1080349,CC(C)Oc1ccc(cc1)c2nc(COc3ccc(OCC(=O)O)c(C)c3)sc2c4ccc(OC(F)(F)F)cc4,8.0
205,CHEMBL1076162,CC(C)Oc1ccc(cc1)c2nc(COc3ccc(OCC(=O)O)c(C)c3)sc2c4ccc(cc4)c5ccccc5,8.0
206,CHEMBL1760428,CCCCN(c1cccc(c1Cl)c2ccc(cc2)C(F)(F)F)S(=O)(=O)c3ccc(OC(C)C(=O)O)c(C)c3C,8.0
207,CHEMBL23874,CCCc1c(O)c(ccc1OCCCSc2ccc(CC(=O)O)cc2Cl)\C(=N\O)\CC,8.0
208,CHEMBL23296,CCCc1c(OCCCSc2ccc(CC(=O)O)cc2Cl)ccc3c(noc13)C(F)(F)F,8.0
209,CHEMBL1079910,CCCc1ccc(cc1)c2oc(COc3ccc(OCC(=O)O)c(C)c3)nc2c4ccc(OC)cc4,8.0
210,CHEMBL1080109,CCCc1ccc(cc1)c2oc(COc3ccc(OCC(=O)O)c(C)c3)nc2c4cnc(OC)nc4,8.0
211,CHEMBL1082114,COc1ccc(cc1)c2nc(COc3ccc(OCC(=O)O)c(C)c3)oc2c4ccc(OC(F)(F)F)cc4,8.0
212,CHEMBL1081601,COc1ccc(cc1)c2nc(COc3ccc(OCC(=O)O)c(C)c3)oc2c4ccc(cc4)C(F)(F)F,8.0
213,CHEMBL1079911,COc1ccc(cc1)c2nc(COc3ccc(OCC(=O)O)c(C)c3)oc2c4ccc(cc4)c5ccccc5,8.0
214,CHEMBL1082137,COc1ccc(cc1)c2nc(COc3ccc(OCC(=O)O)c(C)c3)sc2c4ccc(cc4)c5ccccc5,8.0
215,CHEMBL1082118,COc1ccc(cn1)c2nc(COc3ccc(OCC(=O)O)c(C)c3)oc2c4ccc(OC(F)(F)F)cc4,8.0
216,CHEMBL524829,COc1ccc2CN(CCc2c1)S(=O)(=O)c3cccc(c3)C(=O)Nc4ccc(Cl)cc4C(=O)O,8.0
217,CHEMBL525366,COc1cccc2c1ccn2S(=O)(=O)c3cccc(c3)C(=O)Nc4ccc(C)cc4C(=O)O,8.0
218,CHEMBL210469,Cc1cc(OCc2cc(cc(c2)c3ccc(cc3)C(F)(F)F)c4ccc(cc4)C(F)(F)F)ccc1OCC(=O)O,8.0
219,CHEMBL289887,Cc1cc(SCc2oc(nc2C)c3ccc(cc3)C(F)(F)F)ccc1OCC(=O)O,8.0
220,CHEMBL495905,Cc1ccc(NC(=O)c2cccc(c2)S(=O)(=O)n3ccc4c(Br)cccc34)c(c1)C(=O)O,8.0
221,CHEMBL498171,Cc1ccc(NC(=O)c2cccc(c2)S(=O)(=O)n3ccc4cc(C)ccc34)c(c1)C(=O)O,8.0
222,CHEMBL522575,Cc1ccc(NC(=O)c2cccc(c2)S(=O)(=O)n3ccc4ccc(C)cc34)c(c1)C(=O)O,8.0
223,CHEMBL232397,OC(=O)COc1ccc(SCc2ccc(OCc3ccc(cc3)C(F)(F)F)cc2)c4CCCc14,8.0
224,CHEMBL498401,OC(=O)COc1cccc2CN(CCc12)S(=O)(=O)c3cccc(c3)C(=O)Nc4ccc(Cl)cc4C(=O)O,8.0
225,CHEMBL2037585,Cc1cc(SC(Cc2ccc(cc2)C(F)(F)F)c3sc(nc3C)c4ccc(cc4)C(F)(F)F)ccc1OCC(=O)O,8.03
226,CHEMBL212023,CCCC(CCOc1ccc(CCC(=O)O)c(C)c1)Oc2ccc(CC)cc2C(=O)c3ccccc3,8.05
227,CHEMBL241078,CCc1ccc(O[C@H](C)CCOc2ccc(CCC(=O)O)c(C)c2)c(c1)c3cccs3,8.05
228,CHEMBL503072,COCC#CCOc1cc(COc2ccc(cc2)C(F)(F)F)ccc1Sc3ccc(OCC(=O)O)c4CCCCc34,8.05
229,CHEMBL236218,Cc1cc(Oc2cccc(CNC(=O)c3cc4cccc(Br)c4[nH]3)c2)ccc1CCC(=O)O,8.05
230,CHEMBL427071,CCCCOc1ccc(C[C@@H](CC)C(=O)O)cc1CNC(=O)c2ccc(cc2F)C(F)(F)F,8.07
231,CHEMBL2035063,Cc1cc(SC(Cc2c(F)c(F)c(F)c(F)c2F)c3sc(nc3C)c4ccc(cc4)C(F)(F)F)ccc1OCC(=O)O,8.09
232,CHEMBL1760411,CCCCN(c1cccc(c1Cl)c2ccc(Cl)cc2)S(=O)(=O)c3ccc(OC(C)C(=O)O)c(C)c3C,8.1
233,CHEMBL210973,CCCc1c(OCCCOc2ccc(CC(=O)O)cc2)ccc3c(noc13)C(F)(F)F,8.1
234,CHEMBL278994,CCCc1c(OCCCSc2ccc(CC(=O)O)cc2Cl)ccc3c(coc13)c4ccccc4,8.1
235,CHEMBL212591,CCc1ccc(OC(C)CCOc2ccc(CCC(=O)O)c(C)c2)c(Cc3ccccc3)c1,8.1
236,CHEMBL392063,CCc1ccc(O[C@H](C)CCOc2ccc(CCC(=O)O)c(C)c2)c(c1)c3ccsc3,8.1
237,CHEMBL495817,COCCCOc1cc(COc2ccc(cc2)C(F)(F)F)ccc1Sc3ccc(OCC(=O)O)c(C)c3C,8.1
238,CHEMBL1079752,Cc1cc(OCc2oc(c3ccc(cc3)c4ccccc4)c(n2)c5cccnc5)ccc1OCC(=O)O,8.1
239,CHEMBL484266,OC(=O)c1cc(Br)ccc1NC(=O)c2cccc(c2)S(=O)(=O)N3CCc4ccccc4C3,8.1
240,CHEMBL485088,OC(=O)c1cc(Cl)ccc1NC(=O)c2cccc(c2)S(=O)(=O)N3CCc4ccccc4C3,8.1
241,CHEMBL233978,OC(=O)Cc1csc2cc(OCc3cc(on3)c4ccc(Cl)cc4)ccc12,8.11
242,CHEMBL378068,CCc1ccc(OC(C)CCOc2ccc(CCC(=O)O)c(C)c2)c(c1)C(=O)c3ccccc3,8.16
243,CHEMBL1080173,Cc1cc(OCc2oc(c3ccc(OC(F)(F)F)cc3)c(n2)c4cccnc4)ccc1OCC(=O)O,8.16
244,CHEMBL229778,CCCOc1ccc(CC(CC)C(=O)O)cc1CNC(=O)c2ccc(cc2)C(F)(F)F,8.17
245,CHEMBL2035062,Cc1cc(SC(Cc2cc(F)c(F)c(F)c2)c3sc(nc3C)c4ccc(cc4)C(F)(F)F)ccc1OCC(=O)O,8.17
246,CHEMBL234801,Cc1nc(sc1COc2ccc3c(ccn3CC(=O)O)c2)C(F)(F)F,8.17
247,CHEMBL496744,COc1cccc2c1ccn2S(=O)(=O)c3cccc(c3)C(=O)Nc4ccc(Cl)cc4C(=O)O,8.2
248,CHEMBL495904,Cc1ccc(NC(=O)c2cccc(c2)S(=O)(=O)n3ccc4c(C)cccc34)c(c1)C(=O)O,8.2
249,CHEMBL215127,CCC(CCOc1ccc(CCC(=O)O)c(C)c1)Oc2ccc(CC)cc2C(=O)c3ccccc3,8.22
250,CHEMBL213314,CCc1ccc(OCCCOc2ccc(OC(C)(C)C(=O)O)cc2)c(c1)C(=O)c3ccccc3,8.22
251,CHEMBL502521,C[C@H](O)C#CCOc1cc(COc2ccc(cc2)C(F)(F)F)ccc1Sc3ccc(OCC(=O)O)c4CCCCc34,8.22
252,CHEMBL1075724,Cc1cc(OCc2nc(c3ccc(cc3)C(=O)N4CCCCC4)c(s2)c5ccc(OC(F)(F)F)cc5)ccc1OCC(=O)O,8.22
253,CHEMBL237086,Cc1cc(Oc2cccc(CNC(=O)c3ccc(Cl)cc3C)c2)ccc1OC(C)(C)C(=O)O,8.22
254,CHEMBL392058,Cc1cc(Oc2cccc(CNC(=O)c3ccc(cc3)C(F)(F)F)c2)ccc1OC(C)(C)C(=O)O,8.22
255,CHEMBL2037579,Cc1cc(SC(CCCc2ccccc2)c3sc(nc3C)c4ccc(cc4)C(F)(F)F)ccc1OCC(=O)O,8.22
256,CHEMBL237519,Cc1ccc(Oc2ccc(OC(C)(C)C(=O)O)c(C)c2)cc1CNC(=O)c3ccc(cc3F)C(F)(F)F,8.22
257,CHEMBL229573,CCCCOc1ccc(CC(CCC)C(=O)O)cc1CNC(=O)c2ccc(cc2F)C(F)(F)F,8.29
258,CHEMBL173285,CCCc1c(OCCCOc2ccc(CC(=O)O)cc2)ccc3c(noc13)c4ccccc4,8.3
259,CHEMBL238357,CCc1cc(Oc2cc(F)cc(c2)[C@@H](C)NC(=O)c3c(C)c4cc(Cl)ccc4n3C)ccc1CCC(=O)O,8.3
260,CHEMBL401236,CCc1cc(Oc2cc(F)cc(c2)[C@@H](C)NC(=O)c3sc4ccc(Cl)cc4c3C)ccc1CCC(=O)O,8.3
261,CHEMBL215582,CCc1ccc(OC(C)CCOc2ccc(OC(C)(C)C(=O)O)cc2)c(c1)C(=O)c3ccccc3,8.3
262,CHEMBL393926,CCc1ccc(O[C@H](C)CCOc2ccc(CCC(=O)O)c(C)c2)c(c1)c3ccccc3,8.3
263,CHEMBL241472,CCc1ccc(O[C@H](C)CCOc2ccc(CCC(=O)O)c(C)c2)c(c1)c3cccnc3,8.3
264,CHEMBL391283,CCc1ccc(O[C@H](C)CCOc2ccc(CCC(=O)O)c(C)c2)c(c1)c3ccncc3,8.3
265,CHEMBL391470,CCc1ccc(O[C@H](C)CCOc2ccc(CCC(=O)O)c(C)c2)c(c1)c3occn3,8.3
266,CHEMBL214921,C[C@H](CCOc1ccc(CCC(=O)O)c(C)c1)Oc2ccc(OC(F)(F)F)cc2Oc3ccccc3,8.3
267,CHEMBL213315,C[C@H](CCOc1ccc(CCC(=O)O)c(C)c1)Oc2ccc(cc2Oc3ccccc3)C(F)(F)F,8.3
268,CHEMBL213361,C[C@H](CCOc1ccc(CCC(=O)O)c(c1)C(F)(F)F)Oc2ccc(Cl)cc2Oc3ccccc3,8.3
269,CHEMBL237518,Cc1cc(CNC(=O)c2ccc(cc2F)C(F)(F)F)cc(Oc3ccc(OC(C)(C)C(=O)O)c(C)c3)c1,8.3
270,CHEMBL399217,Cc1cc(Oc2cccc(CNC(=O)c3cc4cc(Cl)c(Cl)cc4[nH]3)c2)ccc1CCC(=O)O,8.3
271,CHEMBL237730,Cc1cc(Oc2cccc(CNC(=O)c3ccc(cc3C)C(F)(F)F)c2)ccc1CCC(=O)O,8.3
272,CHEMBL522619,OC(=O)c1cc(ccc1NC(=O)c2cccc(c2)S(=O)(=O)N3CCc4ccccc4C3)C(F)(F)F,8.3
273,CHEMBL484467,OC(=O)c1ccc(Br)cc1NC(=O)c2cccc(c2)S(=O)(=O)N3CCc4ccccc4C3,8.3
274,CHEMBL389903,CCCCOc1ccc(CC(CC)C(=O)O)cc1CNC(=O)c2ccc(cc2)C(F)(F)F,8.32
275,CHEMBL2037586,COc1ccc(CC(Sc2ccc(OCC(=O)O)c(C)c2)c3sc(nc3C)c4ccc(cc4)C(F)(F)F)cc1,8.32
276,CHEMBL172490,CCCc1c(OCCCOc2ccc(OC(C)C(=O)O)cc2)ccc3c(noc13)c4ccccc4,8.34
277,CHEMBL2035060,Cc1cc(SC(Cc2ccc(F)cc2F)c3sc(nc3C)c4ccc(cc4)C(F)(F)F)ccc1OCC(=O)O,8.34
278,CHEMBL2035064,Cc1cc(SC(Cc2ccc(cc2)c3ccccc3)c4sc(nc4C)c5ccc(cc5)C(F)(F)F)ccc1OCC(=O)O,8.36
279,CHEMBL210768,CCCc1c(OCCCOc2ccc(CC(=O)O)cc2Cl)ccc3c(noc13)C(F)(F)F,8.4
280,CHEMBL215701,CCc1cc(OCC[C@@H](C)Oc2ccc(Cl)cc2Oc3ccccc3)ccc1CCC(=O)O,8.4
281,CHEMBL236875,CCc1cc(ccc1C(=O)NCc2cccc(Oc3ccc(OC(C)(C)C(=O)O)c(C)c3)c2)C(F)(F)F,8.4
282,CHEMBL377660,CCc1ccc(O[C@H](C)CCOc2ccc(CCC(=O)O)c(C)c2)c(Oc3ccccc3)c1,8.4
283,CHEMBL511100,COCCC#CCOc1cc(COc2ccc(cc2)C(F)(F)F)ccc1Sc3ccc(OCC(=O)O)c4CCCCc34,8.4
284,CHEMBL237085,COc1cc(ccc1C(=O)NCc2cccc(Oc3ccc(OC(C)(C)C(=O)O)c(C)c3)c2)C(F)(F)F,8.4
285,CHEMBL214026,C[C@H](CCOc1ccc(CCC(=O)O)c(C)c1)Oc2ccc(Cl)cc2Oc3ccccc3,8.4
286,CHEMBL241478,C[C@H](CCOc1ccc(CCC(=O)O)c(C)c1)Oc2ccc(cc2c3ccccn3)C(F)(F)F,8.4
287,CHEMBL215245,C[C@H](CCOc1ccc(CCC(=O)O)c(F)c1)Oc2ccc(Cl)cc2Oc3ccccc3,8.4
288,CHEMBL237485,Cc1cc(Oc2cccc(CNC(=O)c3cc4cc(Br)ccc4[nH]3)c2)ccc1CCC(=O)O,8.4
289,CHEMBL236876,Cc1cc(Oc2cccc(CNC(=O)c3ccc(cc3F)C(F)(F)F)c2)ccc1OC(C)(C)C(=O)O,8.4
290,CHEMBL393939,Cc1ccc(C(=O)NCc2cccc(Oc3ccc(OC(C)(C)C(=O)O)c(C)c3)c2)c(C)c1,8.4
291,CHEMBL522224,Cc1ccc(NC(=O)c2cccc(c2)S(=O)(=O)n3ccc4cccc(C)c34)c(c1)C(=O)O,8.4
292,CHEMBL496136,OC(=O)c1cccc2CN(CCc12)S(=O)(=O)c3cccc(c3)C(=O)Nc4ccc(Cl)cc4C(=O)O,8.4
293,CHEMBL173494,CCCc1c(OCCCOc2ccc(OCC(=O)O)cc2)ccc3c(noc13)c4ccccc4,8.43
294,CHEMBL367019,CCCc1c(OCCCSc2ccc(CC(=O)O)cc2Cl)ccc3c(noc13)c4ccccc4,8.43
295,CHEMBL234589,OC(=O)Cc1csc2cc(OCc3ccc(COc4ccc(cc4)C(F)(F)F)cc3)ccc12,8.44
296,CHEMBL233976,Cc1nc(sc1COc2ccc3c(CC(=O)O)csc3c2)c4ccc(cc4)C(F)(F)F,8.51
297,CHEMBL238970,CCc1cc(OCC[C@@H](C)Oc2ccc(cc2c3ccccn3)C(F)(F)F)ccc1CCC(=O)O,8.52
298,CHEMBL212911,CCc1ccc(O[C@H](C)CCOc2ccc(CCC(=O)O)c(C)c2)c(c1)C(=O)c3ccccc3,8.52
299,CHEMBL241471,CCc1ccc(O[C@H](C)CCOc2ccc(CCC(=O)O)c(C)c2)c(c1)c3ccccn3,8.52
300,CHEMBL241286,CCc1ccc(O[C@H](C)CCOc2ccc(CCC(=O)O)c(C)c2)c(c1)c3cscn3,8.52
301,CHEMBL241479,CCc1ccc(O[C@H](C)CCOc2ccc(CCC(=O)O)c(CC)c2)c(c1)c3ccccn3,8.52
302,CHEMBL1081917,Cc1cc(CN(CC(=O)Nc2ccc(Cl)cc2Cl)C3CCCCC3)ccc1OCC(=O)O,8.52
303,CHEMBL1075836,Cc1cc(OCc2nc(c3cnc(nc3)N4CCOCC4)c(s2)c5ccc(OC(F)(F)F)cc5)ccc1OCC(=O)O,8.52
304,CHEMBL392717,Cc1cc(Oc2cc(F)cc(CNC(=O)c3ccc(cc3F)C(F)(F)F)c2)ccc1OC(C)(C)C(=O)O,8.52
305,CHEMBL237520,Cc1cc(Oc2ccc(F)c(CNC(=O)c3ccc(cc3F)C(F)(F)F)c2)ccc1OC(C)(C)C(=O)O,8.52
306,CHEMBL235143,Cc1cc(Oc2cccc(CNC(=O)c3[nH]c4ccc(Cl)cc4c3C)c2)ccc1CCC(=O)O,8.52
307,CHEMBL238152,Cc1cc(Oc2cccc(CNC(=O)c3c(C)c4cc(Cl)ccc4n3C)c2)ccc1CCC(=O)O,8.52
308,CHEMBL237277,Cc1cc(Oc2cccc(CNC(=O)c3cc4cc(Cl)ccc4[nH]3)c2)ccc1CCC(=O)O,8.52
309,CHEMBL399417,Cc1cc(Oc2cccc(CNC(=O)c3cc4cc(Cl)ccc4n3C)c2)ccc1CCC(=O)O,8.52
310,CHEMBL237484,Cc1cc(Oc2cccc(CNC(=O)c3cc4ccc(Cl)cc4[nH]3)c2)ccc1CCC(=O)O,8.52
311,CHEMBL236877,Cc1cc(Oc2cccc(CNC(=O)c3ccc(cc3Br)C(F)(F)F)c2)ccc1OC(C)(C)C(=O)O,8.52
312,CHEMBL236664,Cc1cc(Oc2cccc(CNC(=O)c3ccc(cc3C)C(F)(F)F)c2)ccc1OC(C)(C)C(=O)O,8.52
313,CHEMBL393938,Cc1cc(Oc2cccc(CNC(=O)c3ccc(cc3Cl)C(F)(F)F)c2)ccc1OC(C)(C)C(=O)O,8.52
314,CHEMBL237307,Cc1ccc(CNC(=O)c2ccc(cc2F)C(F)(F)F)cc1Oc3ccc(OC(C)(C)C(=O)O)c(C)c3,8.52
315,CHEMBL2035059,Cc1cc(SC(Cc2c(Cl)cccc2Cl)c3sc(nc3C)c4ccc(cc4)C(F)(F)F)ccc1OCC(=O)O,8.55
316,CHEMBL231690,Cc1nc(sc1CSc2ccc3c(ccn3CC(=O)O)c2)C(F)(F)F,8.55
317,CHEMBL2037578,Cc1cc(SC(CCc2ccccc2)c3sc(nc3C)c4ccc(cc4)C(F)(F)F)ccc1OCC(=O)O,8.59
318,CHEMBL2035070,CCCCC(Sc1ccc(OCC(=O)O)c(C)c1)c2sc(nc2C)c3ccc(cc3)C(F)(F)F,8.64
319,CHEMBL2037588,Cc1cc(SC(Cc2c(F)cccc2F)c3sc(nc3C)c4ccc(cc4)C(F)(F)F)ccc1OCC(=O)O,8.68
320,CHEMBL1075723,CC(C)N(C)C(=O)c1ccc(cc1)c2nc(COc3ccc(OCC(=O)O)c(C)c3)sc2c4ccc(OC(F)(F)F)cc4,8.7
321,CHEMBL435704,CCCc1c(OCCCOc2ccc(CCC(=O)O)cc2)ccc3c(noc13)c4ccccc4,8.7
322,CHEMBL241299,C[C@H](CCOc1ccc(CCC(=O)O)c(C)c1)Oc2ccc(Cl)cc2c3ccccn3,8.7
323,CHEMBL1075894,Cc1cc(OCc2oc(c3ccc(OC(F)(F)F)cc3)c(n2)c4ccc(nc4)N5CCOCC5)ccc1OCC(=O)O,8.7
324,CHEMBL525989,OCC#CCOc1cc(COc2ccc(cc2)C(F)(F)F)ccc1Sc3ccc(OCC(=O)O)c4CCCCc34,8.7
325,CHEMBL229836,CCCCOc1ccc(CC(CC)C(=O)O)cc1CNC(=O)c2ccc(cc2F)C(F)(F)F,8.72
326,CHEMBL2035068,CCC(Sc1ccc(OCC(=O)O)c(C)c1)c2sc(nc2C)c3ccc(cc3)C(F)(F)F,8.75
327,CHEMBL376165,CCCOc1ccc(CC(CC)C(=O)O)cc1CNC(=O)c2ccc(cc2F)C(F)(F)F,8.77
328,CHEMBL234659,COc1cc(OCC(=O)O)c(C)cc1SCc2ccc(OCc3ccc(cc3)C(F)(F)F)cc2,8.77
329,CHEMBL232400,OC(=O)COc1ccc(SCc2cc(F)ccc2OCc3ccc(cc3)C(F)(F)F)c4CCCc14,8.77
330,CHEMBL3787155,C[C@@H]1CN(C[C@H](C)N1S(=O)(=O)c2cccc3C[C@@H](Cc23)C(=O)O)c4ccc(OC(F)(F)F)cc4,8.82
331,CHEMBL2035058,Cc1cc(SC(Cc2c(F)cccc2C(F)(F)F)c3sc(nc3C)c4ccc(cc4)C(F)(F)F)ccc1OCC(=O)O,8.92
332,CHEMBL2037587,Cc1cc(SC(Cc2c(F)cccc2Cl)c3sc(nc3C)c4ccc(cc4)C(F)(F)F)ccc1OCC(=O)O,8.92
333,CHEMBL598608,FC(F)(F)c1ccc(nc1)S(=O)(=O)CCNC(=O)c2ccc(Cl)cc2,8.92
334,CHEMBL2035071,CC(C)CC(Sc1ccc(OCC(=O)O)c(C)c1)c2sc(nc2C)c3ccc(cc3)C(F)(F)F,8.96
335,CHEMBL2035057,Cc1cc(SC(CC2CC2)c3sc(nc3C)c4ccc(cc4)C(F)(F)F)ccc1OCC(=O)O,8.96
336,CHEMBL3786754,Cc1cc(SCc2cnc(s2)c3ccc(cc3)C(F)(F)F)ccc1OCC(=O)O,8.96
337,CHEMBL1075732,CC(C)N(C)C(=O)c1ccc(cc1)c2nc(COc3ccc(OCC(=O)O)c(C)c3)oc2c4ccc(OC(F)(F)F)cc4,9.0
338,CHEMBL193426,CC(C)N(Cc1cccc2C=CC(C)(C)Oc12)C(=O)c3ccc(cc3)c4ccccc4,9.0
339,CHEMBL1080365,CC(C)Oc1ncc(cn1)c2nc(COc3ccc(OCC(=O)O)c(C)c3)oc2c4ccc(OC(F)(F)F)cc4,9.0
340,CHEMBL2035069,CCCC(Sc1ccc(OCC(=O)O)c(C)c1)c2sc(nc2C)c3ccc(cc3)C(F)(F)F,9.0
341,CHEMBL1075895,Cc1cc(OCc2oc(c3ccc(OC(F)(F)F)cc3)c(n2)c4cnc(nc4)N5CCOCC5)ccc1OCC(=O)O,9.0
342,CHEMBL3786533,Cc1cc(SCc2cnc(s2)c3ccc(c(F)c3)C(F)(F)F)ccc1OCC(=O)O,9.0
343,CHEMBL375471,CCCCOc1ccc(C[C@H](CC)C(=O)O)cc1CNC(=O)c2ccc(cc2F)C(F)(F)F,9.04
344,CHEMBL499312,OCCC#CCOc1cc(COc2ccc(cc2)C(F)(F)F)ccc1Sc3ccc(OCC(=O)O)c4CCCCc34,9.22
345,CHEMBL1643201,Cc1cc(CN2Cc3ccccc3C[C@@H]2C(=O)Nc4ccc(Cl)cc4Cl)ccc1OCC(=O)O,9.3
3,CHEMBL102004,CC(C)(Oc1cccc(CCCN(Cc2ccc(cc2C(F)(F)F)C(F)(F)F)C(=O)Cc3ccc(cc3)C(F)(F)F)c1)C(=O)O,7.72
4,CHEMBL340011,CCCCCCCN(CCc1ccc(OC(C)(C)C(=O)O)cc1)C(=O)Nc2ccc(F)cc2,5.26
5,CHEMBL124842,CCCCCCCN(CCc1ccc(OC(C)(C)C(=O)O)cc1)C(=O)Nc2ccc(F)cc2F,5.5
6,CHEMBL124079,CC(C)(Oc1ccc(CCN(C2CCCCCC2)C(=O)Nc3ccc(F)cc3F)cc1)C(=O)O,5.85
9,CHEMBL278590,CCCCCCCN(CCc1ccc(SC(C)(C)C(=O)O)cc1)C(=O)Nc2ccc(F)cc2F,5.59
10,CHEMBL125230,CC(C)(Oc1ccc(CCN(CCCCCC2CCCCC2)C(=O)Nc3ccc(F)cc3)cc1)C(=O)O,4.64
14,CHEMBL435278,CC(C)(Oc1ccc(CCCN(CCc2c(F)cccc2Cl)C(=O)Nc3cccc(Cl)c3Cl)cc1)C(=O)O,6.39
25,CHEMBL24458,COc1ccc(CC2SC(=O)NC2=O)cc1C(=O)NCc3ccc(cc3)C(F)(F)F,5.14
30,CHEMBL21241,CC(C)(Sc1ccc(CCN(CCCCC2CCCCC2)C(=O)NC3CCCCC3)cc1)C(=O)O,5.54
45,CHEMBL219586,Cc1nc(sc1C(=O)NCc2ccc(OC(C)(C)C(=O)O)cc2)c3ccc(cc3)C(F)(F)F,6.0
50,CHEMBL221044,CCCc1cc(ccc1OCCCOc2ccc3[C@H](CC(=O)O)CCc3c2)C4=NC5OCCCC5S4,7.8
70,CHEMBL253310,Cc1nc(sc1C(=O)NCc2ccc(NS(=O)(=O)C(F)(F)F)cc2)c3ccc(cc3)C(F)(F)F,6.52
83,CHEMBL455157,CC(C)c1ccc(cc1)c2cc(nn2C)C(=O)NCc3ccc(OC(C)(C)C(=O)O)c(C)c3,5.15
127,CHEMBL1085795,Cc1ccc(NC(=O)CN(Cc2occc2)Cc3ccc(OC(C)(C)C(=O)O)cc3)c(C)c1,5.7
128,CHEMBL482593,C[C@H]1C[C@@](C)(CCCCCCCCCCCCc2ccccc2)OC1=O,4.66
129,CHEMBL1257776,C[C@H]1C[C@](C)(CCCCCCCCCCCCc2ccccc2)OC1=O,4.8
131,CHEMBL1257895,C[C@@H]1C[C@](C)(CCCCCCCCCCCCc2ccccc2)OC1=O,4.47
132,CHEMBL1258004,C[C@@H]1C[C@@](C)(CCCCCCCCCCCCc2ccccc2)OC1=O,5.05
154,CHEMBL1934476,Cc1nc(sc1C(=O)N[C@H]2CCCN(C2)c3cccc(c3)C(=O)O)c4ccc(Cl)cc4,5.18
