,molecule_chembl_id,canonical_smiles,pchembl_value
0,alitretinoin,C\C(\C=C\C1=C(C)CCCC1(C)C)=C\C=C\C(\C)=C\C(O)=O,7.3
1,tretinoin,C\C(=C/C=C/C(=C/C(=O)O)/C)\C=C\C1=C(C)CCCC1(C)C,6.7
2,isotretinoin,C\C(\C=C\C1=C(C)CCCC1(C)C)=C/C=C/C(/C)=C\C(O)=O,
3,tazarotene,CCOC(=O)C1=CN=C(C=C1)C#CC1=CC=C2SCCC(C)(C)C2=C1,9.1
4,adapalene,COC1=CC=C(C=C1C12CC3CC(CC(C3)C1)C2)C1=CC=C2C=C(C=CC2=C1)C(O)=O,7.47
5,CHEMBL134375,CC1(C)CCC(C)(C)c2cc(ccc12)c3ccc([nH]3)c4ccc(cc4)C(=O)O,7.0
6,CHEMBL75527,CC1(C)CCC(C)(C)c2cc(ccc12)C3COc4cc(ccc4C3)C(=O)O,7.05
7,CHEMBL89241,C\C(=C/C(=O)O)\C=C\C=C(/C)\c1cc(cc(c1)C(C)(C)C)C(C)(C)C,7.05
8,CHEMBL345022,C\C(=C/c1ccc(cc1)C(=O)O)\c2ccc(O)c(c2)C3(C)CCCCC3,7.05
9,CHEMBL147545,OCC(O)COc1ccc(cc1C23CC4CC(CC(C4)C2)C3)c5ccc6cc(ccc6c5)C(=O)O,7.05
10,CHEMBL164176,CC(C)(C)c1ccc(cc1)C2=CCC(C)(C)C=C2\C=C\C#Cc3ccc(cc3)C(=O)O,7.06
11,CHEMBL284937,CCc1cc2c(cc1\C(=C\c3ccc(cc3)C(=O)O)\C)C(C)(C)CCC2(C)C,7.13
12,CHEMBL32505,C\C(=C/c1ccc(cc1)C(=O)O)\c2cc3c(cc2C)C(C)(C)CCC3(C)C,7.13
13,CHEMBL152740,CC1(C)CC=C(c2ccc(O)cc2)c3cc(ccc13)C#Cc4ccc(cc4)C(=O)O,7.14
14,CHEMBL35136,C\C(=C/C(=O)O)\C=C\C=C(/C)\c1ccc2OCCC(C)(C)c2c1,7.14
15,CHEMBL75732,COc1ccc(cc1C23C[C@@H]4C[C@@H](C[C@@H](C4)C2)C3)C5=Cc6ccc(cc6OC5)C(=O)O,7.15
16,CHEMBL146646,OC(=O)c1ccc(\C=C\c2ccc(O)c(c2)C34CC5CC(CC(C5)C3)C4)cc1,7.16
17,CHEMBL311269,CC(C)N1CCC(C)(C)c2cc(ccc12)C#Cc3ccc(cc3)C(=O)O,7.22
18,CHEMBL157272,CC1(C)CC=C(c2ccc(F)cc2)c3cc(ccc13)C#Cc4ccc(cc4)C(=O)O,7.28
19,CHEMBL25361,CC1(C)CCC(C)(C)c2cc(ccc12)c3ccc4cc(ccc4c3)C(=O)O,7.28
20,CHEMBL153974,Cc1cccc(c1)C2=CCC(C)(C)c3ccc(cc23)C#Cc4ccc(cc4)C(=O)O,7.29
21,CHEMBL69367,CC1(C)CCC(C)(C)c2cc(ccc12)C(=O)Nc3ccc(cc3)C(=O)O,7.3
22,CHEMBL77961,CC1(C)CCC(C)(C)c2cc(ccc12)\C(=N/O)\c3ccc4cc(ccc4c3)C(=O)O,7.3
23,bexarotene,CC1=C(C=C2C(=C1)C(C)(C)CCC2(C)C)C(=C)C1=CC=C(C=C1)C(O)=O,7.3
24,CHEMBL82609,CC1(C)CCC(C)(C)c2cc(ccc12)\C(=N\N)\c3ccc4cc(ccc4c3)C(=O)O,7.37
25,CHEMBL34292,C\C(=C/C(=O)O)\C=C\C=C(/C)\c1ccc2SCCC(C)(C)c2c1,7.37
26,CHEMBL550796,C\C(=C/C1=COc2cc3c(cc2C1=O)C(C)(C)CCC3(C)C)\C=C(/C)\C(=O)O,7.4
27,CHEMBL73321,C\C(=C/c1ccc2SCCC(C)(C)c2c1)\c3ccc(cc3)C(=O)O,7.4
28,CHEMBL132033,CC1(C)CCC(C)(C)c2nc(cnc12)c3oc(cc3)c4ccc(cc4)C(=O)O,7.41
29,CHEMBL75848,CC1(C)CCC(C)(C)c2cc(ccc12)C3=Cc4ccc(cc4OC3)C(=O)O,7.44
30,CHEMBL131810,CC1(C)CCC(C)(C)c2nc(cnc12)c3ccc(s3)c4ccc(cc4)C(=O)O,7.44
31,CHEMBL75741,CC1(C)CCNc2cc(ccc12)C#Cc3ccc(cc3)C(=O)O,7.44
32,CHEMBL146092,COc1ccc(cc1C(C)(C)C)c2ccc3cc(ccc3c2)C(=O)O,7.44
33,CHEMBL350485,Cc1ccc(cc1)C2=CCC(C)(C)C=C2\C=C\C#Cc3ccc(cc3)C(=O)O,7.46
34,CHEMBL156903,CC1(C)CC=C(c2ccccc2)c3cc(ccc13)C#Cc4ccc(cc4)C(=O)O,7.48
35,CHEMBL109847,CCOc1cc2c(cc1\C(=C/C=C/C(=C/C(=O)O)/C)\C)C(C)(C)CCC2(C)C,7.51
36,CHEMBL156997,CC1(C)CC=C(c2ccc(cc2)C(F)(F)F)c3cc(ccc13)C#Cc4ccc(cc4)C(=O)O,7.54
37,CHEMBL156940,Cc1ccccc1C2=CCC(C)(C)c3ccc(cc23)C#Cc4ccc(cc4)C(=O)O,7.54
38,CHEMBL424190,CC(C)(C)c1ccc(cc1)C2=C(\C=C\C#Cc3ccc(cc3)C(=O)O)C(C)(C)CCC2,7.57
39,CHEMBL148327,CC1(C)CC=C(c2cccs2)c3cc(ccc13)C(=O)Oc4ccc(cc4)C(=O)O,7.59
40,CHEMBL468608,CC1(C)CCC(C)(C)c2cc(ccc12)C#Cc3ccc(cc3)C4=NOC(=O)N4,7.59
41,CHEMBL345298,COc1ccc(cc1C2(C)CCCCC2)c3ccc4cc(ccc4c3)C(=O)O,7.59
42,CHEMBL147937,CC1(C)CC=C(c2cccs2)c3cc(ccc13)C#Cc4ccc(cc4)C(=O)O,7.6
43,CHEMBL285179,C\C(=C/c1ccc2c(c1)C(C)(C)CCC2(C)C)\c3ccc(cc3)C(=O)O,7.6
44,CHEMBL91718,C\C(=C/c1ccc(s1)C(=O)O)\c2cc3c(cc2C)C(C)(C)CCC3(C)C,7.64
45,CHEMBL275311,C\C(=C/c1ccc(cc1)C(=O)O)\c2ccc3c(c2)C(C)(C)CCC3(C)C,7.66
46,CHEMBL423954,CC(C)(C)c1ccc(cc1)C2=CCC(C)(C)c3ccc(cc23)C#Cc4ccc(cc4)C(=O)O,7.68
47,CHEMBL336311,CC1(C)CCC(C)(C)c2nc(cnc12)c3csc(n3)c4ccc(cc4)C(=O)O,7.68
48,CHEMBL284167,C\C(=C/c1ccc(cc1)C(=O)O)\c2cc3c(cc2Br)C(C)(C)CCC3(C)C,7.68
49,CHEMBL36464,C\C(=C/c1ccc(cc1)C(=O)O)\c2cc3c(cc2Cl)C(C)(C)CCC3(C)C,7.68
50,CHEMBL92926,C\C(=C/c1ccc(cn1)C(=O)O)\c2cc3c(cc2C)C(C)(C)CCC3(C)C,7.68
51,CHEMBL357917,OCCCc1ccc(cc1C23CC4CC(CC(C4)C2)C3)c5ccc6cc(ccc6c5)C(=O)O,7.68
52,CHEMBL151870,CC1=C(\C=C\C#Cc2ccc(cc2)C(=O)O)C(C)(C)CCC1,7.7
53,CHEMBL36718,C\C(=C/c1ccc(cc1)C(=O)O)\CCC2=C(C)CCCC2(C)C,7.7
54,CHEMBL430616,CC(C)N1C(=O)CC(C)(C)c2ccc(cc12)C#Cc3ccc(cc3)C(=O)O,7.75
55,CHEMBL80271,CC(C)N1CCC(C)(C)c2ccc(cc12)C#Cc3ccc(cc3)C(=O)O,7.75
56,CHEMBL157160,CC1(C)CC=C(c2ccc(Cl)cc2)c3cc(ccc13)C#Cc4ccc(cc4)C(=O)O,7.75
57,CHEMBL118754,C\C(=C/c1ccc(cc1)C(=O)O)\c2ccc3SCC(C)(C)c3c2,7.75
58,CHEMBL76313,CC(C)N1C(=O)CC(C)(C)c2cc(ccc12)C#Cc3ccc(cc3)C(=O)O,7.77
59,CHEMBL280140,CC1(C)CCC(C)(C)c2cc(ccc12)C(=C3CC3)c4ccc(cc4)C(=O)O,7.77
60,CHEMBL356326,COc1ccc(cc1C2(C)CCCCC2)\C(=C\c3ccc(cc3)C(=O)O)\C,7.77
61,CHEMBL89331,C\C(=C/C(=O)O)\C=C\CC1(CC1)c2ccc3c(c2)C(C)(C)CCC3(C)C,7.77
62,CHEMBL346202,COc1ccc(cc1)C2=CCC(C)(C)c3ccc(cc23)C#Cc4ccc(cc4)C(=O)O,7.8
63,CHEMBL39344,C\C(=C/c1ccc(cc1)C(=O)O)\c2ccc3SCCC(C)(C)c3c2,7.82
64,CHEMBL346703,CC1(C)CC=C(c2ccc(cc2)C#N)c3cc(ccc13)C#Cc4ccc(cc4)C(=O)O,7.85
65,CHEMBL74331,C\C(=C/C(=O)O)\C=C\C1CC1\C=C\C2=CC(C)(C)CCC2(C)C,7.89
66,CHEMBL163223,Cc1ccc(s1)C2=CC(C)(C)Sc3cc4ccc(cc4cc23)c5ccc(cc5)C(=O)O,7.89
67,CHEMBL74826,COc1ccc(cc1C(C)(C)C)\C(=C\c2ccc(cc2)C(=O)O)\C,7.92
68,CHEMBL163530,Cc1ccc(s1)C2=CC(C)(C)Oc3cc4ccc(cc4cc23)c5ccc(cc5)C(=O)O,7.92
69,CHEMBL155421,CC(C)c1ccc(cc1)C2=CCC(C)(C)c3ccc(cc23)C#Cc4ccc(cc4)C(=O)O,7.96
70,CHEMBL457775,CC(C)(C)c1ccc(cc1)C#Cc2ccc(cc2)C(=O)O,8.0
71,CHEMBL109581,CCCOc1cc2c(cc1\C(=C/C=C/C(=C/C(=O)O)/C)\C)C(C)(C)CCC2(C)C,8.0
72,CHEMBL155474,CCc1ccc(cc1)C2=CCC(C)(C)c3ccc(cc23)C#Cc4ccc(cc4)C(=O)O,8.0
73,CHEMBL25088,Cc1ccc(cc1c2cc3c(cc2C)C(C)(C)CCC3(C)C)c4ccc(cc4)C(=O)O,8.0
74,CHEMBL165843,CC1(C)CCC(C)(C)c2cc(C\C=C\c3ccc(cc3)C(=O)O)ccc12,8.1
75,CHEMBL111589,COc1cc2c(cc1\C(=C/C=C/C(=C/C(=O)O)/C)\C)C(C)(C)CCC2(C)C,8.1
76,CHEMBL162345,Cc1ccc(cc1)C2=CC(C)(C)Oc3cc4ccc(cc4cc23)c5ccc(cc5)C(=O)O,8.16
77,CHEMBL358145,Cc1ccc(cc1)C2=CCC(C)(C)c3ccc(cc23)C#Cc4ccc(cc4)C(=O)O,8.16
78,CHEMBL349018,Cc1ccc(cc1)C2=C(\C=C\C#Cc3ccc(cc3)C(=O)O)C(C)(C)CCC2,8.22
79,CHEMBL165629,Cc1ccc(cc1)C2=CC(C)(C)Sc3cc4ccc(cc4cc23)c5ccc(cc5)C(=O)O,8.22
80,CHEMBL165417,Cc1ccc(s1)C2=CCC(C)(C)c3cc4ccc(cc4cc23)c5ccc(cc5)C(=O)O,8.22
81,CHEMBL284264,C\C(=C/c1ccc(cc1)C(=O)O)\C=C\C2=C(C)CCCC2(C)C,8.3
82,CHEMBL86663,C\C(=C\c1ccc(cc1)C(=O)O)\c2ccc3c(c2)C(C)(C)CCC3(C)C,8.3
83,CHEMBL131850,CC1(C)CCC(C)(C)c2nc(cnc12)c3cc(cs3)c4ccc(cc4)C(=O)O,8.35
84,CHEMBL418570,CC1(C)CCC(C)(C)c2cc(ccc12)c3cccc(c3)c4ccc(cc4)C(=O)O,8.37
85,CHEMBL349935,CCc1ccc(cc1)C2=C(\C=C\C#Cc3ccc(cc3)C(=O)O)C(C)(C)CCC2,8.4
86,CHEMBL162393,Cc1ccc(cc1)C2=CCC(C)(C)c3cc4ccc(cc4cc23)c5ccc(cc5)C(=O)O,8.4
87,CHEMBL44478,C\C(=C/C=C/C(=C/C(=O)O)/C)\C=C/C1=C(C)CCCC1(C)C,8.48
88,CHEMBL36768,CC1(C)CCC(C)(C)c2cc3cc(ccc3cc12)c4ccc(cc4)C(=O)O,8.52
89,CHEMBL131925,CC1(C)CCC(C)(C)c2nc(cnc12)c3occ(c3)c4ccc(cc4)C(=O)O,8.6
90,CHEMBL78587,CC1(C)CCC(C)(C)c2cc(ccc12)C(=C(F)F)c3ccc4cc(ccc4c3)C(=O)O,8.77
91,CHEMBL309282,CC1(C)CCC(C)(C)c2cc(ccc12)C(=O)c3ccc4cc(ccc4c3)C(=O)O,8.92
92,CHEMBL82716,CC1(C)CCC(C)(C)c2cc(ccc12)C(=C)c3ccc4cc(ccc4c3)C(=O)O,8.96
93,CHEMBL12585,CC1(C)CCC(C)(C)c2cc(\C=C\c3ccc(cc3)C(=O)O)ccc12,9.4
94,CHEMBL441231,Cc1cc2c(cc1\C=C\c3ccc(cc3)C(=O)O)C(C)(C)CCC2(C)C,9.4
95,CHEMBL451835,CC1(C)CCC(C)(C)c2cc(ccc12)C#Cc3ccc(cc3)C(=O)O,9.52
0,CHEMBL111217,C\C(=C/C(=O)O)\C=C\C(=C(\C)/c1cc(cc(c1OCC(F)F)C(C)(C)C)C(C)(C)C)\F,5.25
1,CHEMBL130231,CCC(C)(C)c1cc(\C(=C(\F)/C=C/C(=C/C(=O)O)/C)\C)c(OCC(F)F)c(c1)C(C)(C)CC,5.27
2,CHEMBL337393,CC(C)c1cc(cc(\C(=C/C=C/C(=C/C(=O)O)/C)\C)c1OCC(F)F)c2cc(F)cc(F)c2,5.71
3,CHEMBL131826,CCCCOc1c(cc(cc1\C(=C(\F)/C=C/C(=C/C(=O)O)/C)\C)C(C)C)C(C)C,5.34
4,CHEMBL335242,C\C(=C/C(=O)O)\C=C\C(=C(\C)/c1cc(cc(c1OCC(F)(F)F)C(C)(C)C)C(C)(C)C)\F,5.22
9,CHEMBL130232,CC(C)c1cc(cc(\C(=C/C=C/C(=C/C(=O)O)/C)\C)c1OCC(F)F)c2cccc(F)c2,5.44
10,CHEMBL38,C\C(=C/C=C/C(=C/C(=O)O)/C)\C=C\C1=C(C)CCCC1(C)C,9.03
12,CHEMBL133915,CC(C)c1cc(cc(\C(=C/C=C/C(=C/C(=O)O)/C)\C)c1OCC(F)F)c2ccc(F)cc2,5.68
15,CHEMBL422088,CC(C)c1cc(cc(\C(=C/C=C/C(=C/C(=O)O)/C)\C)c1OCC(F)F)c2ccccc2F,5.41
18,CHEMBL42314,C\C(=C/C(=O)O)\C=C\C=C(\C)/c1cc(cc(c1OCC(F)F)C(C)(C)C)C(C)(C)C,5.02
22,CHEMBL424269,CCCCOc1c(cc(cc1\C(=C/C=C/C(=C/C(=O)O)/C)\C)C(F)(F)C(F)(F)F)C(C)C,5.64
27,CHEMBL132568,CCCOc1c(cc(cc1\C(=C/C=C/C(=C/C(=O)O)/C)\C)C(F)(F)C(F)(F)F)C(C)C,5.7
30,CHEMBL288436,Cc1cc2c(cc1C3(CC3)c4ccc(cn4)C(=O)O)C(C)(C)CCC2(C)C,5.0
31,CHEMBL130374,CC(C)c1cc(cc(\C(=C/C=C/C(=C/C(=O)O)/C)\C)c1OCC(F)F)c2cccs2,5.68
34,CHEMBL424639,CC(C)c1cc(\C(=C/C=C/C(=C/C(=O)O)/C)\C)c(OCC(F)F)c(c1)c2ccccc2,5.58
96,CHEMBL1265,COc1ccc(cc1C23CC4CC(CC(C4)C2)C3)c5ccc6cc(ccc6c5)C(=O)O,7.47
137,CHEMBL151672,CC1=C(C#Cc2ccc3cc(ccc3c2)C(=O)O)C(C)(C)CCC1,6.45
159,CHEMBL423654,CC1(C)CCC(C)(C)c2cc(ccc12)c3cccc(n3)c4ccc(cc4)C(=O)O,6.85
169,CHEMBL25038,Cc1cc2c(cc1c3ncc(s3)c4ccc(cc4)C(=O)O)C(C)(C)CCC2(C)C,6.13
203,CHEMBL316336,C\C(=C/c1csc(c1)C(=O)O)\c2cc3c(cc2C)C(C)(C)CCC3(C)C,5.97
246,CHEMBL146636,OCC(O)Cc1ccc(cc1C23CC4CC(CC(C4)C2)C3)c5ccc6cc(ccc6c5)C(=O)O,6.8
252,CHEMBL1180,OC(=O)c1ccc2cc(ccc2c1)c3ccc(O)c(c3)C45CC6CC(CC(C6)C4)C5,5.61
253,CHEMBL342051,CC1(C)CCOc2ccc(cc12)c3ccc4cc(ccc4c3)C(=O)O,6.68
254,CHEMBL148231,CC1(CCCCC1)c2cc(ccc2O)c3ccc4cc(ccc4c3)C(=O)O,6.18
256,CHEMBL348449,C\C(=C/c1ccc(cc1)C(=O)O)\c2ccc(O)c(c2)C(C)(C)C,6.98
261,CHEMBL422490,OCc1ccc(cc1C23CC4CC(CC(C4)C2)C3)c5ccc6cc(ccc6c5)C(=O)O,6.81
262,CHEMBL357603,OCC(O)c1ccc(cc1C23CC4CC(CC(C4)C2)C3)c5ccc6cc(ccc6c5)C(=O)O,6.54
268,CHEMBL421773,C\C(=C/c1ccc(cc1)C(=O)O)\c2ccc(O)c(c2)C34CC5CC(CC(C5)C3)C4,5.91
275,CHEMBL146449,COc1ccc(cc1C23CC4CC(CC(C4)C2)C3)\C(=C\c5ccc(cc5)C(=O)O)\C,6.98
277,CHEMBL337855,CC1(C)CCC(C)(C)c2nc(cnc12)c3cc([nH]n3)c4ccc(cc4)C(=O)O,6.54
290,CHEMBL308967,CCCCCCCN1CCC(C)(C)c2cc(ccc12)C#Cc3ccc(cc3)C(=O)O,6.55
296,CHEMBL306999,CC1(C)CC(=O)Nc2cc(ccc12)C#Cc3ccc(cc3)C(=O)O,6.0
302,CHEMBL80820,CC1(C)CCNc2ccc(cc12)C#Cc3ccc(cc3)C(=O)O,6.77
306,CHEMBL133725,CC1(C)CCC(C)(C)c2nc(cnc12)c3ccc([nH]3)c4ccc(cc4)C(=O)O,6.64
334,CHEMBL432592,CC1(C)CCC(C)(C)c2nc(cnc12)C(=O)Nc3ccc(cc3)C(=O)O,6.85
341,CHEMBL340555,CC(C)c1cc(C(C)C)c(OCC(F)F)c(c1)c2ccsc2\C=C\C(=C\C(=O)O)\C,5.39
343,CHEMBL339298,CCc1cc(c(OCCCF)c(c1)C(C)(C)C)c2ccsc2\C=C\C(=C\C(=O)O)\C,5.09
348,CHEMBL130577,CC(C)c1cc(C(C)C)c(OCC(F)(F)F)c(c1)c2cnccc2\C=C\C(=C\C(=O)O)\C,5.69
349,CHEMBL129887,CCc1cc(c(OCC(F)F)c(c1)C(C)(C)C)c2ccsc2\C=C\C(=C\C(=O)O)\C,5.1
350,CHEMBL133176,CCCOc1c(cc(cc1C2=C(CCC2)\C=C\C(=C\C(=O)O)\C)C(C)C)C(C)C,5.25
358,CHEMBL336086,CC(C)c1cc(C(C)C)c(OCCCF)c(c1)C2=C(CCC2)\C=C\C(=C\C(=O)O)\C,5.08
359,CHEMBL337719,CC(C)c1cc(C(C)C)c(OCC(F)(F)F)c(c1)C2=C(CCC2)\C=C\C(=C\C(=O)O)\C,5.32
360,CHEMBL334534,CC1(C)CCC(C)(C)c2cc3C(=Nc4ccccc4Oc3cc12)c5ccc(cc5)C(=O)O,6.5
370,CHEMBL424636,CC(C)c1cc2c(cc1\C(=C\c3ccc(cc3)C(=O)O)\C)C(C)(C)CCC2(C)C,6.82
380,CHEMBL37708,CN1c2ccccc2C(=Nc3cc4c(cc13)C(C)(C)CCC4(C)C)c5ccc(cc5)C(=O)O,6.66
381,CHEMBL298373,CN1c2cc3c(cc2N=C(c4ccc(cc4)C(=O)O)c5ccc6ccccc6c15)C(C)(C)CCC3(C)C,6.3
382,CHEMBL334330,CN1c2ccccc2N=C(c3ccc(cc3)C(=O)O)c4cc5c(cc14)C(C)(C)CCC5(C)C,6.17
389,CHEMBL134834,CC1(C)CCC(C)(C)c2cc3C(=Nc4ccccc4Cc3cc12)c5ccc(cc5)C(=O)O,6.09
393,CHEMBL337859,CC1(C)CCC(C)(C)c2cc3C(=Nc4ccccc4Sc3cc12)c5ccc(cc5)C(=O)O,6.5
394,CHEMBL120759,C\C(=C/c1ccc(cc1)C(=O)O)\c2ccc3OCC(C)(C)c3c2,6.5
396,CHEMBL439780,CC1(C)CCC(C)(C)c2c(Br)c(O)c(cc12)C(=O)Nc3cc(F)c(C(=O)O)c(F)c3,4.76
397,CHEMBL125587,COC(=O)c1ccc(\C=C(/C)\c2ccc3SCCC(C)(C)c3c2)cc1,6.96
398,CHEMBL34464,COC(=O)c1ccc(\C=C(/C)\c2ccc3OCCC(C)(C)c3c2)cc1,6.85
399,CHEMBL93538,C\C(=C/c1ccc(s1)C(=O)O)\c2ccc3c(c2)C(C)(C)CCC3(C)C,7.54
400,CHEMBL317873,CC1(C)CCC(C)(C)c2c(Br)c(O)c(cc12)C(=O)Nc3ccc(C(=O)O)c(F)c3,5.52
401,CHEMBL37672,COC(=O)c1ccc(\C=C(/C)\c2ccc3OCC(C)(C)c3c2)cc1,6.37
404,CHEMBL328481,C\C(=C/c1ncc(s1)C(=O)O)\c2cc3c(cc2C)C(C)(C)CCC3(C)C,6.66
408,CHEMBL21518,C\C(=C/c1ccc(cc1)C(=O)O)\c2ccc3OCCC(C)(C)c3c2,6.72
416,CHEMBL93577,C\C(=C/c1ncc(s1)C(=O)O)\c2ccc3c(c2)C(C)(C)CCC3(C)C,7.34
424,CHEMBL330998,C\C(=C/C(=O)O)\C=C\C=C(/C)\c1ccc2SCC(C)(C)c2c1,5.92
425,CHEMBL340495,C\C(=C/C(=O)O)\C=C\C=C(/C)\c1ccc2OCC(C)(C)c2c1,6.11
438,CHEMBL344973,CC1(C)CC=C(c2cccs2)c3cc(ccc13)C(=O)Nc4ccc(cc4)C(=O)O,6.94
452,CHEMBL80992,CC1(C)CCC(C)(C)c2cc(ccc12)[C@H](O)c3ccc4cc(ccc4c3)C(=O)O,5.39
453,CHEMBL82089,CC1(C)CCC(C)(C)c2cc(ccc12)C(O)c3ccc4cc(ccc4c3)C(=O)O,6.17
455,CHEMBL78835,COC(c1ccc2c(c1)C(C)(C)CCC2(C)C)c3ccc4cc(ccc4c3)C(=O)O,6.6
457,CHEMBL309469,CC1(C)CCC(C)(C)c2cc(ccc12)\C(=N\NS(=O)(=O)C)\c3ccc4cc(ccc4c3)C(=O)O,5.89
458,CHEMBL81273,CC1(C)CCC(C)(C)c2cc(ccc12)[C@@H](O)c3ccc4cc(ccc4c3)C(=O)O,6.28
465,CHEMBL69091,C\C(=C/C(=O)O)\C=C\C1CC1(C)c2ccc3c(c2)C(C)(C)CCC3(C)C,4.69
477,CHEMBL308377,C\C(=C/C(=O)O)\C=C\[C@H]1C[C@@]1(C)c2ccc3c(c2)C(C)(C)CCC3(C)C,5.21
504,CHEMBL155325,Cc1cc(C)cc(c1)C2=CCC(C)(C)c3ccc(cc23)C#Cc4ccc(cc4)C(=O)O,6.56
505,CHEMBL346429,CC1(C)CC=C(c2cccc(O)c2)c3cc(ccc13)C#Cc4ccc(cc4)C(=O)O,6.79
510,CHEMBL119781,CC1(C)CCC(C)(C)c2cc(Sc3ccc(cc3)C(=O)O)ccc12,6.24
528,CHEMBL106527,CC1(C)CCC(C)(C)c2cc(ccc12)C(=O)Nc3cc(F)c(C(=O)O)c(F)c3,5.83
531,CHEMBL326911,CC1(C)CCC(C)(C)c2cc(ccc12)C(=O)Nc3ccc(C(=O)O)c(F)c3,6.42
542,CHEMBL89581,C\C(=C/C(=O)O)\C=C\CC1(CC1)c2cc(cc(c2)C(C)(C)C)C(C)(C)C,6.86
558,CHEMBL419166,CC1(C)CCC(C)(C)c2cc(C(=O)c3ccc(cc3)C(=O)O)c(F)cc12,6.4
568,CHEMBL92394,C\C(=C/C(=O)O)\C=C\C1(CCCC1)c2cc3c(cc2C)C(C)(C)CCC3(C)C,6.09
571,CHEMBL93518,C\C(=C/C(=O)O)\C=C\C1(CC1)c2ccc3c(c2)C(C)(C)CCC3(C)C,6.54
576,CHEMBL139536,COC(=O)c1ccc(cc1)C(=O)Nc2ccc3SC(C)(C)CC(C)(C)c3c2,6.0
579,CHEMBL328419,CC1(C)CCC(C)(C)c2cc(C(=C)c3ccc(cc3)C(=O)O)c(O)cc12,5.65
583,CHEMBL101609,CC1(C)CCC(C)(C)c2cc(C(=C)c3ccc(cc3)C(=O)O)c(Cl)cc12,6.36
599,CHEMBL330593,CC1(C)CCC(C)(C)c2cc(C(=C)c3ccc(cc3)C(=O)O)c(F)cc12,6.47
683,CHEMBL422607,CCOC(=O)c1ccc(OC(=O)c2ccc3N(C)CCC(C)(C)c3c2)cc1,6.59
689,CHEMBL331642,CCOC(=O)c1ccc(OC(=O)c2cc3c(cc2C)N(C)CCC3(C)C)cc1,7.04
705,CHEMBL120210,CCOC(=O)c1ccc(OC(=O)c2ccc3N(CCC(C)(C)c3c2)C(C)C)cc1,7.39
740,CHEMBL312233,C\C(=C/C(=O)O)\C=C\[C@H]1CC(=C)C[C@@H]1c2ccc3c(c2)C(C)(C)CCC3(C)C,6.25
746,CHEMBL79234,C\C(=C/C(=O)O)\C=C\C1=C(CCC1)c2ccc3c(c2)C(C)(C)CCC3(C)C,6.47
752,CHEMBL80236,C\C(=C/C(=O)O)\C=C\[C@H]1CCC[C@@H]1c2ccc3c(c2)C(C)(C)CCC3(C)C,6.2
755,CHEMBL312395,C\C(=C/C(=O)O)\C=C\[C@@]1(C)CCC[C@@H]1c2ccc3c(c2)C(C)(C)CCC3(C)C,6.09
783,CHEMBL188699,Oc1ccc(NC(=O)\C=C\c2ccc(cc2)c3ccc(O)c(c3)C45CC6CC(CC(C6)C4)C5)cc1,5.11
784,CHEMBL188026,Nc1ccccc1NC(=O)\C=C\c2ccc(cc2)c3ccc(O)c(c3)C45CC6CC(CC(C6)C4)C5,4.75
786,CHEMBL188331,OC(=O)\C=C\c1ccc(cc1)c2ccc(O)c(CC3CCCCC3)c2,5.28
829,CHEMBL388283,C\C(=C/C=C/C(=C/C(=O)n1cncn1)/C)\C=C\C2=C(C)CCCC2(C)C,4.05
861,CHEMBL511855,CC(C)(C)c1ccc(cc1)C#Cc2ccc(cc2)C3=NOC(=O)N3,6.09
868,CHEMBL1657,CCOC(=O)c1ccc(nc1)C#Cc2ccc3SCCC(C)(C)c3c2,9.1
880,CHEMBL470587,CCCCCCCCOc1ccc(cc1)c2ccc(cc2)C(=O)O,7.0
881,CHEMBL470588,CCCCCCCOc1ccc(cc1)c2ccc(cc2)C(=O)O,7.2
882,CHEMBL513760,CCCCOCCOc1ccc(cc1)c2ccc(C(=O)O)c(F)c2,7.7
883,CHEMBL472476,CCCCOCCOc1ccc(cc1)c2ccc(cc2)C(=O)O,7.2
884,CHEMBL469322,CCCCOCCOc1cc(C)c(cc1C)c2ccc(cc2)C(=O)O,6.6
885,CHEMBL469281,CC(C)CCCCOc1ccc(cc1)c2ccc(cc2)C(=O)O,7.2
886,CHEMBL469323,CCCCCCOc1ccc(cc1)c2ccc(cc2)C(=O)O,7.5
888,CHEMBL472032,CCCCCCCCc1ccc(cc1)c2ccc(cc2C)C(=O)O,7.0
889,CHEMBL472213,CCCCCCCCc1ccc(cc1)c2ccc(cc2F)C(=O)O,7.0
890,CHEMBL472236,CCCCCCCCc1ccc(cc1)c2ccc(C(=O)O)c(C)c2,6.2
891,CHEMBL524687,CCCCCCCCc1ccc(cc1)c2ccc(C(=O)O)c(F)c2,7.4
892,CHEMBL471197,CCCCCCCc1ccc(cc1)c2ccc(C(=O)O)c(F)c2,6.9
1047,CHEMBL373364,OC(=O)c1ccc(NC(=O)c2cc(OCc3ccccc3F)cc(OCc4ccccc4F)c2)nc1,8.16
1048,CHEMBL381434,CC(C)COc1cc(OC(C)C)cc(c1)C(=O)Nc2ccc(cn2)C(=O)O,6.87
1049,CHEMBL205627,COC[C@H](C)Oc1cc(O[C@@H](C)Cc2ccccc2)cc(c1)C(=O)Nc3ccc(cn3)C(=O)O,4.5
