,molecule_chembl_id,canonical_smiles,pchembl_value
0,alitretinoin,C\C(\C=C\C1=C(C)CCCC1(C)C)=C\C=C\C(\C)=C\C(O)=O,6.5
1,bexarotene,CC1=C(C=C2C(=C1)C(C)(C)CCC2(C)C)C(=C)C1=CC=C(C=C1)C(O)=O,7.85
2,CHEMBL41422,CC(C)c1cc(C(C)C)c(OCC(F)F)c(c1)c2cccc3cc(oc23)\C(=C(/F)\C(=O)O)\C,7.0
3,CHEMBL64771,CCCOc1cc2c(cc1C3CCCc4oc(\C=C\C(=O)O)cc34)C(C)(C)CCC2(C)C,7.0
4,CHEMBL3289658,C\C(=C\C=C\C(=C\C(=O)O)\C)\C=C\1/CCCc2cc(C)ccc12,7.0
5,CHEMBL25337,Cc1cc2c(cc1C3=NOC(C3)c4ccc(cc4)C(=O)O)C(C)(C)CCC2(C)C,7.0
6,CHEMBL247012,CCN1C(=O)C2=C(CCC2)c3cc(ccc13)c4cc(\C=C\C(=O)O)ccc4OC(F)(F)F,7.02
7,CHEMBL101212,COc1cc2c(cc1C(=C)c3ccc(cc3)C(=O)O)C(C)(C)CCC2(C)C,7.02
8,CHEMBL93848,C\C(=C/C(=O)O)\C=C\C1(CCCC1)c2ccc3c(c2)C(C)(C)CCC3(C)C,7.04
9,CHEMBL62880,CC1(C)CCC(C)(C)c2cc(ccc12)C3CCCc4oc(\C=C\C(=O)O)cc34,7.05
10,CHEMBL24966,CC(=C(c1ccc(cc1)C(=O)O)c2ccc3c(c2)C(C)(C)CCC3(C)C)C,7.07
11,CHEMBL131122,CCCOc1c(cc(cc1C(F)(F)C(F)(F)F)C(C)C)\C(=C/C=C/C(=C/C(=O)O)/C)\C,7.07
12,CHEMBL2332890,Cc1cc2c(cc1n3ccc4cc(ccc34)C(=O)O)C(C)(C)CCC2(C)C,7.08
13,CHEMBL583410,Cc1cc2c(cc1Cc3ccc(C(=O)O)c(c3)[N+](=O)[O-])C(C)(C)CCC2(C)C,7.09
14,CHEMBL3622725,CC(C)CCC1=C(CCC/C/1=C\C(=C/C=C/C(=C/C(=O)O)/C)\C)c2ccccc2,7.1
15,CHEMBL2113736,CN1CC(c2ccc3c(c2)C(C)(C)CCC3(C)C)c4cc(oc4C1)\C=C\C(=O)O,7.1
16,CHEMBL113975,CC1(C)CCC(C)(C)c2cc(ccc12)C3(OCCS3)c4ccc(cc4)C(=O)O,7.13
17,CHEMBL289057,CCOc1c(cc(cc1c2cccc3cc(oc23)\C(=C\C(=O)O)\C)C(C)C)C(C)C,7.13
18,CHEMBL400894,CCN1C(=O)CC(C)(C)c2cc(C)c(cc12)c3cc(CCC(=O)O)ccc3OCC(F)(F)F,7.15
19,CHEMBL308883,C\C(=C/C(=O)O)\C=C\C1CC1(C)c2cc3c(cc2C)C(C)(C)CCC3(C)C,7.15
20,CHEMBL330593,CC1(C)CCC(C)(C)c2cc(C(=C)c3ccc(cc3)C(=O)O)c(F)cc12,7.16
21,CHEMBL91979,CCOc1c(cc(cc1c2[nH]nc3ccc(cc23)\C(=C\C(=O)O)\C)C(C)C)C(C)C,7.16
22,CHEMBL205694,CC(C)N(C\C=C\C(=C\C(=O)O)\C)c1cc(cc2c1CCC2(C)C)C(C)(C)C,7.17
23,CHEMBL400557,CCN1C(=O)CC(C)(C)c2cc(C)c(cc12)c3cc(\C=C\C(=O)O)ccc3OCC(F)(F)F,7.17
24,CHEMBL80424,C\C(=C/C(=O)O)\C=C\[C@@H]1CC(=C)C[C@@H]1c2ccc3c(c2)C(C)(C)CCC3(C)C,7.18
25,CHEMBL90674,C\C(=C/C(=O)O)\C=C\CC1(CCCC1)c2ccc3c(c2)C(C)(C)CCC3(C)C,7.2
26,CHEMBL377178,C\C(=C/C(=O)O)\C=C\CN(CC1CC1)c2cc(cc3c2CCC3(C)C)C(C)(C)C,7.2
27,CHEMBL2113737,C\C(=C/C(=O)O)\c1oc2CCCC(c3ccc4c(c3)C(C)(C)CCC4(C)C)c2c1,7.2
28,CHEMBL248191,CCN1C(=O)C(C)(C)Oc2cc(C)c(cc12)c3cc(ccc3OC(F)(F)F)\C(=C\C(=O)O)\C,7.21
29,CHEMBL308377,C\C(=C/C(=O)O)\C=C\[C@H]1C[C@@]1(C)c2ccc3c(c2)C(C)(C)CCC3(C)C,7.22
30,CHEMBL3350249,Cc1cc2c(cc1\C(=N/O)\c3ccc(cc3)C(=O)O)C(C)(C)CCC2(C)C,7.22
31,CHEMBL99325,CC(C)c1cc2c(cc1C(=C)c3ccc(cc3)C(=O)O)C(C)(C)CCC2(C)C,7.26
32,CHEMBL326855,CC1(C)CCC(C)(C)c2cc(ccc12)C3(CC3)c4ccc(cc4)C(=O)O,7.26
33,CHEMBL115050,C\C=C(\c1ccc(cc1)C(=O)O)/c2ccc3c(c2)C(C)(C)CCC3(C)C,7.26
34,tretinoin,C\C(=C/C=C/C(=C/C(=O)O)/C)\C=C\C1=C(C)CCCC1(C)C,7.27
35,CHEMBL116886,Cc1cc2c(cc1Sc3ccc(cn3)C(=O)O)C(C)(C)CCC2(C)C,7.27
36,CHEMBL101609,CC1(C)CCC(C)(C)c2cc(C(=C)c3ccc(cc3)C(=O)O)c(Cl)cc12,7.28
37,CHEMBL101661,CC1(C)CCC(C)(C)c2cc(C(=C)c3ccc(cc3)C(=O)O)c(Br)cc12,7.29
38,CHEMBL106817,Cc1cc2c(cc1C3(CO3)c4ccc(cc4)C(=O)O)C(C)(C)CCC2(C)C,7.29
39,CHEMBL25244,CC(=C(c1ccc(cc1)C(=O)O)c2cc3c(cc2C)C(C)(C)CCC3(C)C)C,7.3
40,CHEMBL3622720,CC(C)C1=C(CCC/C/1=C\C(=C/C=C/C(=C/C(=O)O)/C)\C)C2CC2,7.3
41,CHEMBL3781998,CC1(C)CCC(C)(C)c2cc3c(OC4CCCCC34c5ccc(C(=O)O)c(F)c5)cc12,7.3
42,CHEMBL3780004,CC1(C)CCC(C)(C)c2cc3c(OC4CCCCC34c5ccc(cc5)C(=O)O)cc12,7.3
43,CHEMBL107555,CCOc1c(cc(cc1C(C)(C)C)C(C)(C)C)\C(=C/C=C/C(=C/C(=O)O)/C)\C(F)(F)F,7.3
44,CHEMBL290399,CC(C)c1cc(C(C)C)c(OCCCF)c(c1)c2cccc3cc(oc23)\C(=C\C(=O)O)\C,7.33
45,CHEMBL205600,CCCN(C\C=C\C(=C\C(=O)O)\C)c1ccc2c(c1)C(C)(C)CCC2(C)C,7.33
46,CHEMBL248236,CN1C(=O)CC(C)(C)c2cc(C)c(cc12)c3cc(CCC(=O)O)ccc3OC(F)(F)F,7.34
47,CHEMBL106896,Cc1cc2c(cc1C3(CC3)c4ccc(cc4)C(=O)O)C(C)(C)CCC2(C)C,7.34
48,CHEMBL41675,CCCOc1c(cc(cc1c2cccc3cc(oc23)\C(=C\C(=O)O)\C)C(C)C)C(C)C,7.36
49,CHEMBL427391,CCN(C\C=C\C(=C\C(=O)O)\C)c1cc2c(cc1C)C(C)(C)CCC2(C)C,7.38
50,CHEMBL62537,CC1(C)CCC(C)(C)c2cc(ccc12)C3CCCc4sc(\C=C\C(=O)O)cc34,7.4
51,CHEMBL288436,Cc1cc2c(cc1C3(CC3)c4ccc(cn4)C(=O)O)C(C)(C)CCC2(C)C,7.4
52,CHEMBL432140,Cc1cc2c(cc1C3CCCc4oc(\C=C\C(=O)O)cc34)C(C)(C)CCC2(C)C,7.4
53,CHEMBL246823,CCN1C(=O)CC(C)(C)c2cc(C)c(cc12)c3cc(\C=C/C(=O)O)ccc3OC(F)(F)F,7.41
54,CHEMBL44420,C\C(=C/C(=O)O)\c1cc2c(cccc2s1)c3cc(cc(c3C)C(C)(C)C)C(C)(C)C,7.41
55,CHEMBL247000,CCN1C(=O)CC(C)(C)c2cc(C)c(cc12)c3cc(ccc3OC(F)(F)F)C(C)CC(=O)O,7.42
56,CHEMBL312233,C\C(=C/C(=O)O)\C=C\[C@H]1CC(=C)C[C@@H]1c2ccc3c(c2)C(C)(C)CCC3(C)C,7.42
57,CHEMBL208213,CN(C\C=C\C(=C\C(=O)O)\C)c1cc(cc(c1)C(C)(C)C)C(C)(C)C,7.43
58,CHEMBL410399,CC(C)N1C(=O)CC(C)(C)c2cc(C)c(cc12)c3cc(CCC(=O)O)ccc3OCC(F)(F)F,7.44
59,CHEMBL3622723,CC(C)CCC1=C(CCC/C/1=C\C(=C/C=C/C(=C/C(=O)O)/C)\C)C2CC2,7.46
60,CHEMBL112715,CC1(C)CCC(C)(C)c2cc(ccc12)C3(OCCO3)c4ccc(cc4)C(=O)O,7.47
61,CHEMBL88216,C\C(=C/C(=O)O)\C=C\CC1(CC1)c2cc(cc3c2CCC3(C)C)C(C)(C)C,7.47
62,CHEMBL2111790,CC(C)C1=C(C)CCC/C/1=C\C(=C/C=C/C(=C/C(=O)O)/C)\C,7.48
63,CHEMBL3098771,C\C(=C\C=C\C(=C\C(=O)O)\C)\C=C\1/CCCc2ccccc12,7.48
64,CHEMBL32505,C\C(=C/c1ccc(cc1)C(=O)O)\c2cc3c(cc2C)C(C)(C)CCC3(C)C,7.5
65,CHEMBL205634,CCN(C\C=C\C(=C\C(=O)O)\C)c1cc(cc(c1)C(C)(C)C)C(C)(C)C,7.51
66,CHEMBL100623,CCc1cc2c(cc1C(=C)c3ccc(cc3)C(=O)O)C(C)(C)CCC2(C)C,7.51
67,CHEMBL89058,C\C(=C/C(=O)O)\C=C\CC1(CC1)c2cc3c(cc2C)C(C)(C)CCC3(C)C,7.51
68,CHEMBL89581,C\C(=C/C(=O)O)\C=C\CC1(CC1)c2cc(cc(c2)C(C)(C)C)C(C)(C)C,7.52
69,CHEMBL3622719,C\C(=C\C=C\C(=C\C(=O)O)\C)\C=C\1/CCCCc2ccccc12,7.52
70,CHEMBL314745,COc1c(cc(cc1c2csc3ccc(cc23)\C(=C\C(=O)O)\C)C(C)C)C(C)C,7.53
71,CHEMBL130231,CCC(C)(C)c1cc(\C(=C(\F)/C=C/C(=C/C(=O)O)/C)\C)c(OCC(F)F)c(c1)C(C)(C)CC,7.54
72,CHEMBL313647,CCC(C)(C)c1cc(\C(=C/C=C/C(=C/C(=O)O)/C)\C)c(OCC(F)F)c(c1)C(C)(C)CC,7.54
73,CHEMBL248016,CCN1C(=O)CC(C)(C)c2cc(C)c(cc12)c3cc(\C=C(/C)\C(=O)O)ccc3OC(F)(F)F,7.55
74,CHEMBL92487,C\C(=C/C(=O)O)\C=C\C=C(\C)/c1cc(cc(c1OCC(F)(F)F)C(C)(C)C)C(C)(C)C,7.57
75,CHEMBL132568,CCCOc1c(cc(cc1\C(=C/C=C/C(=C/C(=O)O)/C)\C)C(F)(F)C(F)(F)F)C(C)C,7.59
76,CHEMBL166201,CCO\N=C(/c1ccc(cc1)C(=O)O)\c2cc3c(cc2C)C(C)(C)CCC3(C)C,7.59
77,CHEMBL157333,C\C(=C/C(=O)O)\C=C\c1ccccc1\C=C\C2=C(C)CCCC2(C)C,7.59
78,CHEMBL3779935,CC1(C)CCC(C)(C)c2cc3c(OC4CCCC34c5ccc(cc5)C(=O)O)cc12,7.6
79,CHEMBL3781132,CC1(C)CCC(C)(C)c2cc3c(O[C@@H]4CCC[C@]34c5ccc(cc5)C(=O)O)cc12,7.6
80,CHEMBL3098773,C[C@@H]1CC\C(=C/C(=C\C=C\C(=C\C(=O)O)\C)/C)\c2ccccc12,7.6
81,CHEMBL247836,CN1C(=O)CC(C)(C)c2cc(C)c(cc12)c3cc(\C=C\C(=O)O)ccc3OC(F)(F)F,7.61
82,CHEMBL3098772,CC1CC\C(=C/C(=C\C=C\C(=C\C(=O)O)\C)/C)\c2ccccc12,7.64
83,CHEMBL3622722,CCC1=C(CCC(C)C)\C(=C\C(=C/C=C/C(=C/C(=O)O)/C)\C)\CCC1,7.64
84,CHEMBL90254,CCCOc1c(cc(cc1C(C)(C)CC)C(C)(C)CC)\C(=C/C=C/C(=C/C(=O)O)/C)\C,7.64
85,CHEMBL3622724,CC(C)CCC1=C(CCC/C/1=C\C(=C/C=C/C(=C/C(=O)O)/C)\C)C(C)C,7.66
86,CHEMBL109117,Cc1cc2c(cc1C(=C)c3ccc(cn3)C(=O)O)C(C)(C)CCC2(C)C,7.66
87,CHEMBL424269,CCCCOc1c(cc(cc1\C(=C/C=C/C(=C/C(=O)O)/C)\C)C(F)(F)C(F)(F)F)C(C)C,7.67
88,CHEMBL351943,CC(C)CO\N=C(/c1ccc(cc1)C(=O)O)\c2cc3c(cc2C)C(C)(C)CCC3(C)C,7.68
89,CHEMBL204725,CCCCN(C\C=C\C(=C\C(=O)O)\C)c1cc(cc2c1CCC2(C)C)C(C)(C)C,7.68
90,CHEMBL111911,C\C(=C/C(=O)O)\C=C\C1(OCCO1)c2cc3c(cc2C)C(C)(C)CCC3(C)C,7.68
91,CHEMBL378926,C\C(=C/C(=O)O)\C=C\[C@@H]1CCCN1c2ccc3c(c2)C(C)(C)CCC3(C)C,7.68
92,CHEMBL277626,Cc1cc2c(cc1C(=C3CC3)c4ccc(cc4)C(=O)O)C(C)(C)CCC2(C)C,7.68
93,CHEMBL305115,CC1(C)CCC(C)(C)c2cc(ccc12)C3CCCc4oc(\C=C/5\SC(=O)NC5=O)cc34,7.7
94,CHEMBL3780763,CC1(C)CCC(C)(C)c2cc3c(O[C@@H]4CCCC[C@]34c5ccc(cc5)C(=O)O)cc12,7.7
95,CHEMBL41890,CCOc1c(cc(cc1c2cccc3sc(cc23)\C(=C\C(=O)O)\C)C(C)C)C(C)C,7.7
96,CHEMBL294346,COc1cc2c(cc1C3CCCc4oc(\C=C\C(=O)O)cc34)C(C)(C)CCC2(C)C,7.7
97,CHEMBL79234,C\C(=C/C(=O)O)\C=C\C1=C(CCC1)c2ccc3c(c2)C(C)(C)CCC3(C)C,7.7
98,CHEMBL2398772,Cc1cc2c(cc1C(=C)c3ccc(cc3)C(=O)NO)C(C)(C)CCC2(C)C,7.71
99,CHEMBL1688383,CCN(c1ccc(C(C)C)c(OCC(C)C)c1)c2ccc(cn2)C(=O)O,7.72
100,CHEMBL246824,CCN1C(=O)CC(C)(C)c2cc(C)c(cc12)c3cc(ccc3OC(F)(F)F)C4CC4C(=O)O,7.72
101,CHEMBL247819,CC(C)N1C(=O)CC(C)(C)c2cc(C)c(cc12)c3cc(\C=C\C(=O)O)ccc3OCC(F)(F)F,7.74
102,CHEMBL205532,CCCN(C\C=C\C(=C\C(=O)O)\C)c1cc2c(cc1C)C(C)(C)CCC2(C)C,7.75
103,CHEMBL42314,C\C(=C/C(=O)O)\C=C\C=C(\C)/c1cc(cc(c1OCC(F)F)C(C)(C)C)C(C)(C)C,7.75
104,CHEMBL3289657,C\C(=C\C=C\C(=C\C(=O)O)\C)\C=C\1/CCCc2c(C)cccc12,7.75
105,CHEMBL379057,CCCN(C\C=C\C(=C\C(=O)O)\C)c1cc(cc(c1)C(C)(C)C)C(C)(C)C,7.77
106,CHEMBL428930,CC(C)N1C(=O)CC(C)(C)c2cc(C)c(cc12)c3cc(\C=C\C(=O)O)ccc3OC(F)(F)F,7.79
107,CHEMBL2114968,CCC1=C(C(C)C)\C(=C\C(=C/C=C/C(=C/C(=O)O)/C)\C)\CCC1,7.8
108,CHEMBL72988,CCC1=C(C(C)C)\C(=C\C(=C\C(=C/C(=O)O)\C\C(=C\C)\C)\C)\CCC1,7.8
109,CHEMBL290246,CCCCOc1c(cc(cc1c2cccc3cc(oc23)\C(=C(/F)\C(=O)O)\C)C(C)C)C(C)C,7.8
110,CHEMBL311113,C\C(=C/C(=O)O)\C=C\[C@@H]1CCC[C@@H]1c2ccc3c(c2)C(C)(C)CCC3(C)C,7.82
111,CHEMBL2332887,Cc1cc2c(cc1n3c(nc4cc(ccc34)C(=O)O)C(F)(F)F)C(C)(C)CCC2(C)C,7.82
112,CHEMBL420249,CCCOc1c(cc(cc1C(C)(C)C)C(C)(C)C)\C(=C/C=C/C(=C/C(=O)O)/C)\C,7.85
113,CHEMBL41742,CCCOc1c(cc(cc1c2cccc3sc(cc23)\C(=C\C(=O)O)\C)C(C)C)C(C)C,7.85
114,CHEMBL3098858,C[C@H]1CC\C(=C/C(=C\C=C\C(=C\C(=O)O)\C)/C)\c2ccccc12,7.89
115,CHEMBL89331,C\C(=C/C(=O)O)\C=C\CC1(CC1)c2ccc3c(c2)C(C)(C)CCC3(C)C,7.89
116,CHEMBL44478,C\C(=C/C=C/C(=C/C(=O)O)/C)\C=C/C1=C(C)CCCC1(C)C,7.89
117,CHEMBL348797,CC1(C)CCC(C)(C)c2cc(\C(=N\O)\c3ccc(cc3)C(=O)O)c(Br)cc12,7.92
118,CHEMBL3425764,CCN(c1ccc(C(C)C)c(OCC(C)CF)c1)c2ccc(cn2)C(=O)O,7.92
119,CHEMBL290761,C\C(=C/C(=O)O)\c1cc2c(cccc2s1)c3cc(cc(c3OCC(F)F)C(C)(C)C)C(C)(C)C,7.92
120,CHEMBL583996,Cc1cc2c(cc1Cc3ccc(C(=O)O)c(F)c3)C(C)(C)CCC2(C)C,7.92
121,CHEMBL92050,CCOc1c(cc(cc1C(C)(C)C)C(C)(C)C)\C(=C/C=C/C(=C/C(=O)O)/C)\C,7.94
122,CHEMBL91718,C\C(=C/c1ccc(s1)C(=O)O)\c2cc3c(cc2C)C(C)(C)CCC3(C)C,7.96
123,CHEMBL164902,Cc1cc2c(cc1\C(=N\OCC#N)\c3ccc(cc3)C(=O)O)C(C)(C)CCC2(C)C,7.96
124,CHEMBL325592,C\C(=C(\F)/C(=O)O)\C=C\C=C(\C)/c1cc(cc(c1OCC(F)F)C(C)(C)C)C(C)(C)C,7.98
125,CHEMBL247402,CC(C)N1C(=O)CC(C)(C)c2cc(C)c(cc12)c3cc(ccc3OC(F)(F)F)[C@@H]4C[C@H]4C(=O)O,8.0
126,CHEMBL184497,CCCCOc1cc2c(cc1C(=C3CC3)c4ccc(cn4)C(=O)O)C(C)(C)CCC2(C)C,8.0
127,CHEMBL3289660,C\C(=C\C=C\C(=C\C(=O)O)\C)\C=C\1/CCCc2cccc(C)c12,8.0
128,CHEMBL423465,CO\N=C(/c1ccc(cc1)C(=O)O)\c2cc3c(cc2C)C(C)(C)CCC3(C)C,8.05
129,CHEMBL110921,C\C(=C/C(=O)O)\C=C(/F)\C=C(\C)/c1cc(cc(c1OCC(F)F)C(C)(C)C)C(C)(C)C,8.09
130,CHEMBL208316,CCCN(C\C=C\C(=C\C(=O)O)\C)c1cc(cc2c1CCC2(C)C)C(C)(C)C,8.1
131,CHEMBL109581,CCCOc1cc2c(cc1\C(=C/C=C/C(=C/C(=O)O)/C)\C)C(C)(C)CCC2(C)C,8.1
132,CHEMBL109847,CCOc1cc2c(cc1\C(=C/C=C/C(=C/C(=O)O)/C)\C)C(C)(C)CCC2(C)C,8.1
133,CHEMBL3289659,C\C(=C\C=C\C(=C\C(=O)O)\C)\C=C\1/CCCc2ccc(C)cc12,8.1
134,CHEMBL111217,C\C(=C/C(=O)O)\C=C\C(=C(\C)/c1cc(cc(c1OCC(F)F)C(C)(C)C)C(C)(C)C)\F,8.11
135,CHEMBL92798,CCCCOc1c(cc(cc1c2c[nH]c3ccc(cc23)\C(=C\C(=O)O)\C)C(C)C)C(C)C,8.13
136,CHEMBL246825,CCN1C(=O)CC(C)(C)c2cc(C)c(cc12)c3cc(CCC(=O)O)ccc3OC(F)(F)F,8.14
137,CHEMBL347411,C\C(=C/C(=O)O)\C=C\c1ccoc1\C=C\C2=C(C)CCCC2(C)C,8.16
138,CHEMBL43238,C\C(=C/C(=O)O)\c1cc2c(cccc2s1)c3cc(cc(c3OCCC(F)F)C(C)(C)C)C(C)(C)C,8.16
139,CHEMBL166244,Cc1cc2c(cc1\C(=N\OCC=C)\c3ccc(cc3)C(=O)O)C(C)(C)CCC2(C)C,8.16
140,CHEMBL133896,CCOc1c(cc(cc1\C(=C/C=C/C(=C/C(=O)O)/C)\C)C(F)(F)C(F)(F)F)C(C)C,8.2
141,CHEMBL424639,CC(C)c1cc(\C(=C/C=C/C(=C/C(=O)O)/C)\C)c(OCC(F)F)c(c1)c2ccccc2,8.22
142,CHEMBL165734,CCCO\N=C(/c1ccc(cc1)C(=O)O)\c2cc3c(cc2C)C(C)(C)CCC3(C)C,8.22
143,CHEMBL366112,CCCOc1cc2c(cc1C(=C3CC3)c4ccc(cn4)C(=O)O)C(C)(C)CCC2(C)C,8.22
144,CHEMBL162334,Cc1cc2c(cc1\C(=N\O)\c3ccc(cc3)C(=O)O)C(C)(C)CCC2(C)C,8.22
145,CHEMBL399326,CC(C)N1C(=O)CC(C)(C)c2cc(C)c(cc12)c3cc(ccc3OC(F)(F)F)C4CC4C(=O)O,8.3
146,CHEMBL280140,CC1(C)CCC(C)(C)c2cc(ccc12)C(=C3CC3)c4ccc(cc4)C(=O)O,8.3
147,CHEMBL291034,CCCCCCCOc1c(cc(cc1C(C)(C)C)C(C)(C)C)c2cccc3sc(cc23)\C(=C\C(=O)O)\C,8.3
148,CHEMBL111589,COc1cc2c(cc1\C(=C/C=C/C(=C/C(=O)O)/C)\C)C(C)(C)CCC2(C)C,8.3
149,CHEMBL312737,C\C(=C/C(=O)O)\C=C\C1=C(CCC1)c2cc3c(cc2C)C(C)(C)CCC3(C)C,8.3
150,CHEMBL326673,C\C(=C/C(=O)O)\C(=C\C=C(\C)/c1cc(cc(c1OCC(F)F)C(C)(C)C)C(C)(C)C)\F,8.32
151,CHEMBL89241,C\C(=C/C(=O)O)\C=C\C=C(/C)\c1cc(cc(c1)C(C)(C)C)C(C)(C)C,8.34
152,CHEMBL131826,CCCCOc1c(cc(cc1\C(=C(\F)/C=C/C(=C/C(=O)O)/C)\C)C(C)C)C(C)C,8.36
153,CHEMBL335242,C\C(=C/C(=O)O)\C=C\C(=C(\C)/c1cc(cc(c1OCC(F)(F)F)C(C)(C)C)C(C)(C)C)\F,8.39
154,CHEMBL414218,CCCCOc1c(cc(cc1\C(=C/C=C/C(=C/C(=O)O)/C)\C)C(C)C)C(C)C,8.4
155,CHEMBL92284,C\C(=C/C(=O)O)\C=C\C1(CC1)c2cc3c(cc2C)C(C)(C)CCC3(C)C,8.4
156,CHEMBL312395,C\C(=C/C(=O)O)\C=C\[C@@]1(C)CCC[C@@H]1c2ccc3c(c2)C(C)(C)CCC3(C)C,8.4
157,CHEMBL75814,C\C(=C/C(=O)O)\C=C\[C@]1(C)CCC[C@@H]1c2ccc3c(c2)C(C)(C)CCC3(C)C,8.4
158,CHEMBL110195,CCCCOc1c(cc(cc1C(C)(C)C)C(C)(C)C)\C(=C/C=C/C(=C/C(=O)O)/C)\C,8.42
159,CHEMBL1221641,CCN(c1ccc2c(c1)C(C)(C)CCC2(C)C)c3ccc(cn3)C(=O)O,8.42
160,CHEMBL399461,CC(C)N1C(=O)CC(C)(C)c2cc(C)c(cc12)c3cc(CCC(=O)O)ccc3OC(F)(F)F,8.47
161,CHEMBL93246,CCCCOc1c(cc(cc1C(C)(C)C)C(C)(C)C)c2c[nH]c3ccc(cc23)\C(=C\C(=O)O)\C,8.5
162,CHEMBL423503,CC(C)c1cc(C(C)C)c(OCC(F)(F)F)c(c1)\C(=C/C=C/C(=C/C(=O)O)/C)\C,8.52
163,CHEMBL130317,CC(C)c1cc(cc(\C(=C/C=C/C(=C/C(=O)O)/C)\C)c1OCC(F)F)c2occc2,8.52
164,CHEMBL75548,CCC(C)\C=C\C\C(=C\C(=O)O)\C=C\C1=C(C)CCCC1(C)C,8.52
165,CHEMBL91779,CCCOc1c(cc(cc1\C(=C/C=C/C(=C/C(=O)O)/C)\C)C(C)C)C(C)C,8.52
166,CHEMBL93518,C\C(=C/C(=O)O)\C=C\C1(CC1)c2ccc3c(c2)C(C)(C)CCC3(C)C,8.52
167,CHEMBL80236,C\C(=C/C(=O)O)\C=C\[C@H]1CCC[C@@H]1c2ccc3c(c2)C(C)(C)CCC3(C)C,8.52
168,CHEMBL310047,C\C(=C/C(=O)O)\C=C\[C@]12CCC[C@]1(C2)c3ccc4c(c3)C(C)(C)CCC4(C)C,8.52
169,CHEMBL41260,C\C(=C/C(=O)O)\c1cc2c(cccc2s1)c3cc(cc(c3OCC(F)(F)F)C(C)(C)C)C(C)(C)C,8.52
170,CHEMBL41146,C\C(=C/C(=O)O)\c1cc2c(cccc2s1)c3cc(cc(c3OCCCF)C(C)(C)C)C(C)(C)C,8.52
171,CHEMBL92243,C\C(=C/C(=O)O)\C=C\C=C(\C)/c1cc(cc(c1OCCCF)C(C)(C)C)C(C)(C)C,8.57
172,CHEMBL337393,CC(C)c1cc(cc(\C(=C/C=C/C(=C/C(=O)O)/C)\C)c1OCC(F)F)c2cc(F)cc(F)c2,8.59
173,CHEMBL422088,CC(C)c1cc(cc(\C(=C/C=C/C(=C/C(=O)O)/C)\C)c1OCC(F)F)c2ccccc2F,8.64
174,CHEMBL247401,CCN1C(=O)CC(C)(C)c2cc(C)c(cc12)c3cc(ccc3OC(F)(F)F)[C@@H]4C[C@H]4C(=O)O,8.64
175,CHEMBL246629,CCCN1C(=O)CC(C)(C)c2cc(C)c(cc12)c3cc(\C=C\C(=O)O)ccc3OC(F)(F)F,8.68
176,CHEMBL88931,CC(C)c1cc(C(C)C)c(OCC(F)F)c(c1)\C(=C/C=C/C(=C/C(=O)O)/C)\C,8.7
177,CHEMBL91185,CCC(C)(C)c1cc(\C(=C/C=C/C(=C/C(=O)O)/C)\C)c(OC)c(c1)C(C)(C)CC,8.7
178,CHEMBL315986,CCOc1c(cc(cc1C(C)(C)CC)C(C)(C)CC)\C(=C/C=C/C(=C/C(=O)O)/C)\C,8.7
179,CHEMBL88740,CCOc1c(cc(cc1\C(=C/C=C/C(=C/C(=O)O)/C)\C)C(C)C)C(C)C,8.7
180,CHEMBL246821,CCN1C(=O)CC(C)(C)c2cc(C)c(cc12)c3cc(\C=C\C(=O)O)ccc3OC(F)(F)F,8.75
181,CHEMBL247005,Cc1cc2c(cc1c3cc(\C=C\C(=O)O)ccc3OC(F)(F)F)N(CC(F)(F)F)C(=O)CC2(C)C,8.75
182,CHEMBL92447,CCCOc1c(cc(cc1C(C)(C)C)C(C)(C)C)c2c[nH]c3ccc(cc23)\C(=C\C(=O)O)\C,8.8
183,CHEMBL430651,C\C(=C/C(=O)O)\c1ccc2[nH]cc(c3cc(cc(c3OCC(F)F)C(C)(C)C)C(C)(C)C)c2c1,8.8
184,CHEMBL69091,C\C(=C/C(=O)O)\C=C\C1CC1(C)c2ccc3c(c2)C(C)(C)CCC3(C)C,8.82
185,CHEMBL247220,Cc1cc2c(cc1c3cc(CCC(=O)O)ccc3OC(F)(F)F)N(CC(F)(F)F)C(=O)CC2(C)C,8.85
186,CHEMBL92430,CC(C)c1cc(C(C)C)c(OCCF)c(c1)\C(=C/C=C/C(=C/C(=O)O)/C)\C,9.0
187,CHEMBL130232,CC(C)c1cc(cc(\C(=C/C=C/C(=C/C(=O)O)/C)\C)c1OCC(F)F)c2cccc(F)c2,9.0
188,CHEMBL329334,COc1c(cc(cc1C(C)(C)C)C(C)(C)C)\C(=C/C=C/C(=C/C(=O)O)/C)\C,9.0
189,CHEMBL90824,COc1c(cc(cc1\C(=C/C=C/C(=C/C(=O)O)/C)\C)C(C)C)C(C)C,9.0
190,CHEMBL248415,CCN1C(=O)CC(C)(C)c2cc(C)c(cc12)c3cc(\C=C\4/SC(=O)NC4=O)ccc3OC(F)(F)F,9.05
191,CHEMBL133915,CC(C)c1cc(cc(\C(=C/C=C/C(=C/C(=O)O)/C)\C)c1OCC(F)F)c2ccc(F)cc2,9.1
192,CHEMBL130374,CC(C)c1cc(cc(\C(=C/C=C/C(=C/C(=O)O)/C)\C)c1OCC(F)F)c2cccs2,9.1
193,CHEMBL75133,C\C(=C/C(=O)O)\C=C\[C@@H]1C[C@]1(C)c2ccc3c(c2)C(C)(C)CCC3(C)C,9.4
118,CHEMBL151870,CC1=C(\C=C\C#Cc2ccc(cc2)C(=O)O)C(C)(C)CCC1,5.0
146,CHEMBL27226,Cc1ccc(cc1c2ccc3c(c2)C(C)(C)CCC3(C)C)c4ccc(cc4)C(=O)O,6.87
156,CHEMBL25088,Cc1ccc(cc1c2cc3c(cc2C)C(C)(C)CCC3(C)C)c4ccc(cc4)C(=O)O,6.37
199,CHEMBL96829,C\C(=C/c1oc(cc1)C(=O)O)\c2cc3c(cc2C)C(C)(C)CCC3(C)C,6.23
200,CHEMBL92926,C\C(=C/c1ccc(cn1)C(=O)O)\c2cc3c(cc2C)C(C)(C)CCC3(C)C,6.98
201,CHEMBL93628,C\C(=C/c1cc(cs1)C(=O)O)\c2cc3c(cc2C)C(C)(C)CCC3(C)C,6.7
206,CHEMBL316336,C\C(=C/c1csc(c1)C(=O)O)\c2cc3c(cc2C)C(C)(C)CCC3(C)C,6.95
213,CHEMBL284167,C\C(=C/c1ccc(cc1)C(=O)O)\c2cc3c(cc2Br)C(C)(C)CCC3(C)C,6.53
219,CHEMBL108402,Cc1cc2c(CCCC2(C)C)cc1C(=C)c3ccc(cc3)C(=O)O,5.92
221,CHEMBL110629,Cc1cc2c(cc1C(C)(C)c3ccc(cc3)C(=O)O)C(C)(C)CCC2(C)C,6.19
223,CHEMBL284937,CCc1cc2c(cc1\C(=C\c3ccc(cc3)C(=O)O)\C)C(C)(C)CCC2(C)C,5.65
237,CHEMBL106837,CC1C(C)(C)c2cc(C)c(cc2C1(C)C)C(=C)c3ccc(cc3)C(=O)O,6.52
242,CHEMBL105805,Cc1cc2c(cc1Oc3ccc(cc3)C(=O)O)C(C)(C)CCC2(C)C,6.0
249,CHEMBL36464,C\C(=C/c1ccc(cc1)C(=O)O)\c2cc3c(cc2Cl)C(C)(C)CCC3(C)C,6.56
251,CHEMBL432587,Cc1cc2c(cc1Cc3ccc(cc3)C(=O)O)C(C)(C)CCC2(C)C,6.34
258,CHEMBL107039,Cc1cc2CCCC(C)(C)c2cc1C(=C)c3ccc(cc3)C(=O)O,5.62
278,CHEMBL105979,CC(c1ccc(cc1)C(=O)O)c2cc3c(cc2C)C(C)(C)CCC3(C)C,6.33
286,CHEMBL107554,CCCCOc1c(cc(cc1C(C)(C)C)C(C)(C)C)\C(=C/C=C/C(=C/C(=O)O)/C(F)(F)F)\C,5.28
296,CHEMBL2111792,C\C(=C\C=C\C(=C\C(=O)O)\C)\C=C\1/CCCC(=C1C)C,6.92
344,CHEMBL2372524,C[C@H](NC(=O)[C@H](Cc1ccccc1)NP(=O)(O)O)C(=O)NCC(=O)N,7.72
410,CHEMBL39206,CC(C)c1cc(C(C)C)c(OCC(F)(F)F)c(c1)c2cccc3cc(oc23)\C(=C\C(=O)O)\C,6.7
415,CHEMBL417520,CCOc1c(cc(cc1c2cccc3cc(sc23)\C(=C\C(=O)O)\C)C(C)C)C(C)C,6.57
420,CHEMBL265051,CC(C)c1cc(C(C)C)c(OCC(F)F)c(c1)c2cccc3cc(oc23)\C(=C\C(=O)O)\C,6.79
432,CHEMBL334534,CC1(C)CCC(C)(C)c2cc3C(=Nc4ccccc4Oc3cc12)c5ccc(cc5)C(=O)O,5.42
437,CHEMBL424636,CC(C)c1cc2c(cc1\C(=C\c3ccc(cc3)C(=O)O)\C)C(C)(C)CCC2(C)C,6.5
443,CHEMBL298373,CN1c2cc3c(cc2N=C(c4ccc(cc4)C(=O)O)c5ccc6ccccc6c15)C(C)(C)CCC3(C)C,5.42
446,CHEMBL334330,CN1c2ccccc2N=C(c3ccc(cc3)C(=O)O)c4cc5c(cc14)C(C)(C)CCC5(C)C,5.72
454,CHEMBL134834,CC1(C)CCC(C)(C)c2cc3C(=Nc4ccccc4Cc3cc12)c5ccc(cc5)C(=O)O,5.75
455,CHEMBL337859,CC1(C)CCC(C)(C)c2cc3C(=Nc4ccccc4Sc3cc12)c5ccc(cc5)C(=O)O,6.05
460,CHEMBL93538,C\C(=C/c1ccc(s1)C(=O)O)\c2ccc3c(c2)C(C)(C)CCC3(C)C,5.62
462,CHEMBL34292,C\C(=C/C(=O)O)\C=C\C=C(/C)\c1ccc2SCCC(C)(C)c2c1,5.57
464,CHEMBL328481,C\C(=C/c1ncc(s1)C(=O)O)\c2cc3c(cc2C)C(C)(C)CCC3(C)C,8.4
471,CHEMBL93577,C\C(=C/c1ncc(s1)C(=O)O)\c2ccc3c(c2)C(C)(C)CCC3(C)C,6.68
472,CHEMBL433178,CN(C)S(=O)(=O)n1c(\C=C(/C)\c2cc3c(cc2C)C(C)(C)CCC3(C)C)ncc1C(=O)O,7.23
473,CHEMBL329802,C\C(=C/c1nc(c[nH]1)C(=O)O)\c2cc3c(cc2C)C(C)(C)CCC3(C)C,7.05
474,CHEMBL35136,C\C(=C/C(=O)O)\C=C\C=C(/C)\c1ccc2OCCC(C)(C)c2c1,5.55
475,CHEMBL330998,C\C(=C/C(=O)O)\C=C\C=C(/C)\c1ccc2SCC(C)(C)c2c1,5.59
476,CHEMBL340495,C\C(=C/C(=O)O)\C=C\C=C(/C)\c1ccc2OCC(C)(C)c2c1,5.55
521,CHEMBL119781,CC1(C)CCC(C)(C)c2cc(Sc3ccc(cc3)C(=O)O)ccc12,6.11
522,CHEMBL118693,Cc1cc2c(cc1Sc3ccc(cc3)C(=O)O)C(C)(C)CCC2(C)C,6.55
523,CHEMBL118307,Cc1cc2c(cc1S(=O)(=O)c3ccc(cc3)C(=O)O)C(C)(C)CCC2(C)C,5.55
524,CHEMBL118268,Cc1cc2c(cc1Sc3ncc(s3)C(=O)O)C(C)(C)CCC2(C)C,5.64
528,CHEMBL421748,CCCCOc1c(cc(cc1c2cn(C)c3ccc(cc23)\C(=C\C(=O)O)\C)C(C)C)C(C)C,6.13
583,CHEMBL328072,CCOc1c(cc(cc1c2cnc3ccc(cn23)\C(=C\C(=O)O)\C)C(C)C)C(C)C,5.68
608,CHEMBL264746,CC(C)c1cc(C(C)C)c(OCCCF)c(c1)c2csc3ccc(cc23)\C(=C\C(=O)O)\C,6.4
618,CHEMBL328507,CCOc1c(cc(cc1c2noc3ccc(cc23)\C(=C\C(=O)O)\C)C(C)C)C(C)C,6.19
678,CHEMBL93571,CC(C)c1cc(C(C)C)c(O)c(c1)c2csc3ccc(cc23)\C(=C\C(=O)O)\C,6.88
713,CHEMBL102039,CC1(C)CCC(C)(C)c2cc(C(=O)c3ccc(cc3)C(=O)O)c(Cl)cc12,6.53
715,CHEMBL101666,CC(C)c1cc2c(cc1C(=O)c3ccc(cc3)C(=O)O)C(C)(C)CCC2(C)C,6.42
720,CHEMBL419166,CC1(C)CCC(C)(C)c2cc(C(=O)c3ccc(cc3)C(=O)O)c(F)cc12,5.74
722,CHEMBL97910,CCc1cc2c(cc1C(=O)c3ccc(cc3)C(=O)O)C(C)(C)CCC2(C)C,6.29
728,CHEMBL318916,COc1cc2c(cc1C(=O)c3ccc(cc3)C(=O)O)C(C)(C)CCC2(C)C,5.7
730,CHEMBL92394,C\C(=C/C(=O)O)\C=C\C1(CCCC1)c2cc3c(cc2C)C(C)(C)CCC3(C)C,5.6
736,CHEMBL101712,CC1(C)CCC(C)(C)c2cc(C(=O)c3ccc(cc3)C(=O)O)c(Br)cc12,6.48
740,CHEMBL328419,CC1(C)CCC(C)(C)c2cc(C(=C)c3ccc(cc3)C(=O)O)c(O)cc12,6.34
770,CHEMBL162827,Cc1cc2c(cc1\C(=N\OC(C)(C)C)\c3ccc(cc3)C(=O)O)C(C)(C)CCC2(C)C,6.32
774,CHEMBL2110181,CO\N=C(\c1ccc(cc1)C(=O)O)/c2cc3c(cc2C)C(C)(C)CCC3(C)C,6.41
785,CHEMBL162005,CCCCO\N=C(/c1ccc(cc1)C(=O)O)\c2cc3c(cc2C)C(C)(C)CCC3(C)C,6.75
797,CHEMBL2110180,CCO\N=C(\c1ccc(cc1)C(=O)O)/c2cc3c(cc2C)C(C)(C)CCC3(C)C,6.21
801,CHEMBL163625,CC1(C)CCC(C)(C)c2cc(ccc12)\C(=N\O)\c3ccc(cc3)C(=O)O,5.37
840,CHEMBL63048,CC1(C)CCC(C)(C)c2cc(Cc3coc(\C=C\C(=O)O)c3)ccc12,6.86
843,CHEMBL62768,FC(F)(F)c1cccc(c1)c2oc(\C=C\3/SC(=O)NC3=O)cc2,5.13
850,CHEMBL62258,Cc1oc(\C=C\C(=O)O)cc1Cc2ccc3c(c2)C(C)(C)CCC3(C)C,6.8
856,CHEMBL64222,CC1(C)CCC(C)(C)c2cc(ccc12)C3CCCc4oc(\C=C\C(=O)O)nc34,6.8
859,CHEMBL293917,Brc1cccc(c1)c2oc(\C=C\3/SC(=O)NC3=O)cc2,5.82
860,CHEMBL60090,CC1(C)CCC(C)(C)c2cc(ccc12)C3CCCc4sc(CCC(=O)O)cc34,6.7
928,CHEMBL187021,CCCOc1cc2c(cc1C(=C3CC3)c4ccc(cc4)C(=O)O)C(C)(C)CCC2(C)C,6.92
929,CHEMBL188581,CCCCOc1cc2c(cc1C(=C3CC3)c4ccc(cc4)C(=O)O)C(C)(C)CCC2(C)C,6.57
944,CHEMBL378553,CCN(C\C=C\C(=C\C(=O)O)\C)c1ccc2c(c1)C(C)(C)CCC2(C)C,6.99
945,CHEMBL204789,CC(=CCN(C\C=C\C(=C\C(=O)O)\C)c1cc(cc2c1CCC2(C)C)C(C)(C)C)C,6.6
950,CHEMBL205894,CCCCCCCCN(C\C=C\C(=C\C(=O)O)\C)c1cc(cc(c1)C(C)(C)C)C(C)(C)C,6.91
951,CHEMBL208529,C\C(=C/C(=O)O)\C=C\CN(Cc1ccccc1)c2cc(cc(c2)C(C)(C)C)C(C)(C)C,6.92
955,CHEMBL208349,C\C(=C/C(=O)O)\C=C\CNc1cc(cc(c1)C(C)(C)C)C(C)(C)C,6.28
956,CHEMBL206005,CCCN(C(=O)\C=C\C(=C\C(=O)O)\C)c1cc(cc(c1)C(C)(C)C)C(C)(C)C,6.19
976,CHEMBL204773,CCCN(C\C=C\C(=C\C(=O)O)\C)c1cc2c(cc1OC)C(C)(C)CCC2(C)C,6.4
985,CHEMBL244801,CSc1ccc2N(C)c3cc4c(cc3C(=Nc2c1)c5ccc(cc5)C(=O)O)C(C)(C)CCC4(C)C,5.52
986,CHEMBL398163,CCN1c2ccc(cc2N=C(c3ccc(C(=O)O)c(F)c3)c4cc5c(cc14)C(C)(C)CCC5(C)C)C#N,6.11
987,CHEMBL242274,CCN1c2ccc(cc2N=C(c3ccc(cc3F)C(=O)O)c4cc5c(cc14)C(C)(C)CCC5(C)C)C#N,5.96
988,CHEMBL396200,CN1c2ccc(cc2N=C(c3ccc(C(=O)O)c(F)c3)c4cc5c(cc14)C(C)(C)CCC5(C)C)C#N,5.92
989,CHEMBL429821,CCCN1c2ccc(cc2N=C(c3ccc(cc3)C(=O)O)c4cc5c(cc14)C(C)(C)CCC5(C)C)C#N,5.68
990,CHEMBL244832,CCN1c2ccc(cc2N=C(c3ccc(cc3)C(=O)O)c4cc5c(cc14)C(C)(C)CCC5(C)C)C#N,6.32
991,CHEMBL244621,CN1c2ccc(cc2N=C(c3ccc(cc3)C(=O)O)c4cc5c(cc14)C(C)(C)CCC5(C)C)C#N,6.09
992,CHEMBL395962,CCN1c2ccc(cc2N=C(c3ccc(cc3F)C(=O)O)c4cc5c(cc14)C(C)(C)CCC5(C)C)C(=O)C,5.48
993,CHEMBL243133,CN1c2ccc(cc2N=C(c3ccc(C(=O)O)c(F)c3)c4cc5c(cc14)C(C)(C)CCC5(C)C)C(=O)C,5.77
994,CHEMBL390901,CN1c2ccc(cc2N=C(c3ccc(cc3F)C(=O)O)c4cc5c(cc14)C(C)(C)CCC5(C)C)C(=O)C,5.34
995,CHEMBL394622,CCN1c2ccc(cc2N=C(c3ccc(cc3)C(=O)O)c4cc5c(cc14)C(C)(C)CCC5(C)C)C(=O)C,6.01
996,CHEMBL397034,CN1c2ccc(cc2N=C(c3ccc(cc3)C(=O)O)c4cc5c(cc14)C(C)(C)CCC5(C)C)C(=O)C,5.96
997,CHEMBL245041,CN1CCN(CC1)c2ccc3N(C)c4cc5c(cc4C(=Nc3c2)c6ccc(cc6)C(=O)O)C(C)(C)CCC5(C)C,4.96
998,CHEMBL389966,CN1c2ccc(cc2N=C(c3ccc(cc3)C(=O)O)c4cc5c(cc14)C(C)(C)CCC5(C)C)N6CCOCC6,5.16
999,CHEMBL242676,CN1CCN(CC1)S(=O)(=O)c2ccc3N(C)c4cc5c(cc4C(=Nc3c2)c6ccc(cc6)C(=O)O)C(C)(C)CCC5(C)C,5.72
1000,CHEMBL244565,CN1c2ccc(cc2N=C(c3ccc(cc3)C(=O)O)c4cc5c(cc14)C(C)(C)CCC5(C)C)S(=O)(=O)N6CCOCC6,6.0
1001,CHEMBL397512,CN1c2ccc(cc2N=C(c3ccc(cc3)C(=O)O)c4cc5c(cc14)C(C)(C)CCC5(C)C)S(=O)(=O)N6CCCC6,6.0
1002,CHEMBL397511,CN1c2ccc(cc2N=C(c3ccc(cc3)C(=O)O)c4cc5c(cc14)C(C)(C)CCC5(C)C)S(=O)(=O)Nc6ccc(OC(F)(F)F)cc6,6.02
1003,CHEMBL427694,CCCCNS(=O)(=O)c1ccc2N(C)c3cc4c(cc3C(=Nc2c1)c5ccc(cc5)C(=O)O)C(C)(C)CCC4(C)C,6.39
1004,CHEMBL390017,CN(C)S(=O)(=O)c1ccc2N(C)c3cc4c(cc3C(=Nc2c1)c5ccc(cc5)C(=O)O)C(C)(C)CCC4(C)C,5.66
1005,CHEMBL389760,CNS(=O)(=O)c1ccc2N(C)c3cc4c(cc3C(=Nc2c1)c5ccc(cc5)C(=O)O)C(C)(C)CCC4(C)C,5.89
1006,CHEMBL436628,COc1ccc(CS(=O)(=O)c2ccc3N(C)c4cc5c(cc4C(=Nc3c2)c6ccc(cc6)C(=O)O)C(C)(C)CCC5(C)C)cc1,5.85
1007,CHEMBL397281,CN1c2ccc(cc2N=C(c3ccc(cc3)C(=O)O)c4cc5c(cc14)C(C)(C)CCC5(C)C)S(=O)(=O)Cc6ccc(Cl)cc6,6.02
1008,CHEMBL395801,CN1c2ccc(cc2N=C(c3ccc(cc3)C(=O)O)c4cc5c(cc14)C(C)(C)CCC5(C)C)S(=O)(=O)c6ccc(OC(F)(F)F)cc6,6.62
1009,CHEMBL409214,COc1ccc(cc1)S(=O)(=O)c2ccc3N(C)c4cc5c(cc4C(=Nc3c2)c6ccc(cc6)C(=O)O)C(C)(C)CCC5(C)C,6.44
1010,CHEMBL245242,CCCS(=O)(=O)c1ccc2N(C)c3cc4c(cc3C(=Nc2c1)c5ccc(cc5)C(=O)O)C(C)(C)CCC4(C)C,6.04
1011,CHEMBL245241,CN1c2ccc(cc2N=C(c3ccc(cc3)C(=O)O)c4cc5c(cc14)C(C)(C)CCC5(C)C)S(=O)(=O)C,5.77
1012,CHEMBL395800,COc1ccc(CSc2ccc3N(C)c4cc5c(cc4C(=Nc3c2)c6ccc(cc6)C(=O)O)C(C)(C)CCC5(C)C)cc1,5.31
1013,CHEMBL438857,CN1c2ccc(SCc3ccc(Cl)cc3)cc2N=C(c4ccc(cc4)C(=O)O)c5cc6c(cc15)C(C)(C)CCC6(C)C,5.8
1014,CHEMBL395564,CN1c2ccc(Sc3ccc(OC(F)(F)F)cc3)cc2N=C(c4ccc(cc4)C(=O)O)c5cc6c(cc15)C(C)(C)CCC6(C)C,6.0
1015,CHEMBL395563,COc1ccc(Sc2ccc3N(C)c4cc5c(cc4C(=Nc3c2)c6ccc(cc6)C(=O)O)C(C)(C)CCC5(C)C)cc1,5.8
1045,CHEMBL326525,CN1c2ccc(cc2N=C(c3ccc(cc3)C(=O)O)c4cc5c(cc14)C(C)(C)CCC5(C)C)[N+](=O)[O-],5.92
1047,CHEMBL391573,CN1c2ccc(NS(=O)(=O)c3ccc(cc3)c4ccccc4)cc2N=C(c5ccc(cc5)C(=O)O)c6cc7c(cc16)C(C)(C)CCC7(C)C,5.21
1048,CHEMBL391572,CN1c2ccc(NS(=O)(=O)c3cccc4ccccc34)cc2N=C(c5ccc(cc5)C(=O)O)c6cc7c(cc16)C(C)(C)CCC7(C)C,5.47
1049,CHEMBL391526,CN1c2ccc(NS(=O)(=O)c3cc(cc(c3)C(F)(F)F)C(F)(F)F)cc2N=C(c4ccc(cc4)C(=O)O)c5cc6c(cc15)C(C)(C)CCC6(C)C,5.39
1050,CHEMBL238009,CCCN1c2ccc(NS(=O)(=O)c3cccc(c3)C(F)(F)F)cc2N=C(c4ccc(cc4)C(=O)O)c5cc6c(cc15)C(C)(C)CCC6(C)C,6.72
1051,CHEMBL393650,CCN1c2ccc(NS(=O)(=O)c3cccc(c3)C(F)(F)F)cc2N=C(c4ccc(cc4)C(=O)O)c5cc6c(cc15)C(C)(C)CCC6(C)C,6.8
1052,CHEMBL393649,CN1c2ccc(NS(=O)(=O)c3ccc(cc3)C(F)(F)F)cc2N=C(c4ccc(cc4)C(=O)O)c5cc6c(cc15)C(C)(C)CCC6(C)C,5.66
1053,CHEMBL393451,CN1c2ccc(NS(=O)(=O)c3cccc(c3)C(F)(F)F)cc2N=C(c4ccc(cc4)C(=O)O)c5cc6c(cc15)C(C)(C)CCC6(C)C,5.82
1054,CHEMBL238008,CN1c2ccc(NS(=O)(=O)c3ccccc3C(F)(F)F)cc2N=C(c4ccc(cc4)C(=O)O)c5cc6c(cc15)C(C)(C)CCC6(C)C,5.59
1055,CHEMBL397151,COc1ccc(cc1)S(=O)(=O)Nc2ccc3N(C)c4cc5c(cc4C(=Nc3c2)c6ccc(cc6)C(=O)O)C(C)(C)CCC5(C)C,5.6
1056,CHEMBL437956,CN1c2ccc(NS(=O)(=O)c3ccc(C)cc3)cc2N=C(c4ccc(cc4)C(=O)O)c5cc6c(cc15)C(C)(C)CCC6(C)C,5.6
1057,CHEMBL397150,CCCN1c2ccc(NS(=O)(=O)c3ccc(F)cc3)cc2N=C(c4ccc(cc4)C(=O)O)c5cc6c(cc15)C(C)(C)CCC6(C)C,6.09
1058,CHEMBL397149,CCN1c2ccc(NS(=O)(=O)c3ccc(F)cc3)cc2N=C(c4ccc(cc4)C(=O)O)c5cc6c(cc15)C(C)(C)CCC6(C)C,6.38
1059,CHEMBL235204,CN1c2ccc(NS(=O)(=O)c3ccc(F)cc3)cc2N=C(c4ccc(cc4)C(=O)O)c5cc6c(cc15)C(C)(C)CCC6(C)C,5.77
1060,CHEMBL396659,CN1c2ccc(NS(=O)(=O)c3cccc(F)c3)cc2N=C(c4ccc(cc4)C(=O)O)c5cc6c(cc15)C(C)(C)CCC6(C)C,5.64
1061,CHEMBL237763,CN1c2ccc(NS(=O)(=O)c3ccccc3F)cc2N=C(c4ccc(cc4)C(=O)O)c5cc6c(cc15)C(C)(C)CCC6(C)C,5.36
1062,CHEMBL396658,CN1c2ccc(NS(=O)(=O)c3ccccc3)cc2N=C(c4ccc(cc4)C(=O)O)c5cc6c(cc15)C(C)(C)CCC6(C)C,5.85
1063,CHEMBL236698,CN1c2ccc(NS(=O)(=O)\C=C\c3ccccc3)cc2N=C(c4ccc(cc4)C(=O)O)c5cc6c(cc15)C(C)(C)CCC6(C)C,5.54
1064,CHEMBL397579,CN1c2ccc(NS(=O)(=O)Cc3ccccc3)cc2N=C(c4ccc(cc4)C(=O)O)c5cc6c(cc15)C(C)(C)CCC6(C)C,5.28
1065,CHEMBL236697,CCCCS(=O)(=O)Nc1ccc2N(CCC)c3cc4c(cc3C(=Nc2c1)c5ccc(cc5)C(=O)O)C(C)(C)CCC4(C)C,6.07
1066,CHEMBL396661,CCCCS(=O)(=O)Nc1ccc2N(CC)c3cc4c(cc3C(=Nc2c1)c5ccc(cc5)C(=O)O)C(C)(C)CCC4(C)C,6.5
1067,CHEMBL237762,CCCN1c2ccc(NS(=O)(=O)CCC)cc2N=C(c3ccc(cc3)C(=O)O)c4cc5c(cc14)C(C)(C)CCC5(C)C,6.08
1068,CHEMBL391309,CCCS(=O)(=O)Nc1ccc2N(CC)c3cc4c(cc3C(=Nc2c1)c5ccc(cc5)C(=O)O)C(C)(C)CCC4(C)C,6.24
1069,CHEMBL391112,CCCCS(=O)(=O)Nc1ccc2N(C)c3cc4c(cc3C(=Nc2c1)c5ccc(cc5)C(=O)O)C(C)(C)CCC4(C)C,6.04
1070,CHEMBL391903,CCCS(=O)(=O)Nc1ccc2N(C)c3cc4c(cc3C(=Nc2c1)c5ccc(cc5)C(=O)O)C(C)(C)CCC4(C)C,5.68
1071,CHEMBL428204,CCS(=O)(=O)Nc1ccc2N(C)c3cc4c(cc3C(=Nc2c1)c5ccc(cc5)C(=O)O)C(C)(C)CCC4(C)C,5.31
1072,CHEMBL237761,CN1c2ccc(NS(=O)(=O)C)cc2N=C(c3ccc(cc3)C(=O)O)c4cc5c(cc14)C(C)(C)CCC5(C)C,5.36
1073,CHEMBL235240,CN1c2ccc(NC(=O)NCc3ccccc3)cc2N=C(c4ccc(cc4)C(=O)O)c5cc6c(cc15)C(C)(C)CCC6(C)C,5.6
1074,CHEMBL235675,CCCCNC(=O)Nc1ccc2N(C)c3cc4c(cc3C(=Nc2c1)c5ccc(cc5)C(=O)O)C(C)(C)CCC4(C)C,5.47
1075,CHEMBL393524,CCCNC(=O)Nc1ccc2N(C)c3cc4c(cc3C(=Nc2c1)c5ccc(cc5)C(=O)O)C(C)(C)CCC4(C)C,5.28
1076,CHEMBL235459,CCNC(=O)Nc1ccc2N(C)c3cc4c(cc3C(=Nc2c1)c5ccc(cc5)C(=O)O)C(C)(C)CCC4(C)C,5.13
1077,CHEMBL437367,CNC(=O)Nc1ccc2N(C)c3cc4c(cc3C(=Nc2c1)c5ccc(cc5)C(=O)O)C(C)(C)CCC4(C)C,4.85
1078,CHEMBL396867,CN1c2ccc(NC(=O)\C=C\c3ccccc3)cc2N=C(c4ccc(cc4)C(=O)O)c5cc6c(cc15)C(C)(C)CCC6(C)C,5.28
1079,CHEMBL237770,CCCN1c2ccc(NC(=O)Cc3ccc(F)cc3)cc2N=C(c4ccc(cc4)C(=O)O)c5cc6c(cc15)C(C)(C)CCC6(C)C,5.41
1080,CHEMBL237800,CCN1c2ccc(NC(=O)Cc3ccc(F)cc3)cc2N=C(c4ccc(cc4)C(=O)O)c5cc6c(cc15)C(C)(C)CCC6(C)C,5.92
1081,CHEMBL394103,CN1c2ccc(NC(=O)Cc3ccc(F)cc3)cc2N=C(c4ccc(cc4)C(=O)O)c5cc6c(cc15)C(C)(C)CCC6(C)C,5.89
1082,CHEMBL392858,CN1c2ccc(NC(=O)Cc3ccccc3)cc2N=C(c4ccc(cc4)C(=O)O)c5cc6c(cc15)C(C)(C)CCC6(C)C,5.6
1083,CHEMBL236919,CN1c2ccc(NC(=O)c3cccc(c3)C(F)(F)F)cc2N=C(c4ccc(cc4)C(=O)O)c5cc6c(cc15)C(C)(C)CCC6(C)C,5.39
1084,CHEMBL392857,CN1c2ccc(NC(=O)c3ccc(F)cc3)cc2N=C(c4ccc(cc4)C(=O)O)c5cc6c(cc15)C(C)(C)CCC6(C)C,5.8
1085,CHEMBL236490,CN1c2ccc(NC(=O)c3ccccc3)cc2N=C(c4ccc(cc4)C(=O)O)c5cc6c(cc15)C(C)(C)CCC6(C)C,5.7
1086,CHEMBL394721,CN1c2ccc(NC(=O)C34CC5CC(CC(C5)C3)C4)cc2N=C(c6ccc(cc6)C(=O)O)c7cc8c(cc17)C(C)(C)CCC8(C)C,5.14
1087,CHEMBL391161,CN1c2ccc(NC(=O)C3CCCCC3)cc2N=C(c4ccc(cc4)C(=O)O)c5cc6c(cc15)C(C)(C)CCC6(C)C,5.35
1088,CHEMBL237555,CC(C)C(=O)Nc1ccc2N(C)c3cc4c(cc3C(=Nc2c1)c5ccc(cc5)C(=O)O)C(C)(C)CCC4(C)C,5.25
1089,CHEMBL428202,CCCC(=O)Nc1ccc2N(C)c3cc4c(cc3C(=Nc2c1)c5ccc(cc5)C(=O)O)C(C)(C)CCC4(C)C,5.41
1090,CHEMBL269365,CCC(=O)Nc1ccc2N(C)c3cc4c(cc3C(=Nc2c1)c5ccc(cc5)C(=O)O)C(C)(C)CCC4(C)C,5.15
1142,CHEMBL400380,CCN1C(=O)CC(C)(C)c2cc(C)c(cc12)c3ccc(\C=C\C(=O)O)s3,5.92
1151,CHEMBL247011,CCN1C(=O)C2=C(CCC2)c3ccc(cc13)c4cc(\C=C\C(=O)O)ccc4OC(F)(F)F,5.8
1152,CHEMBL247856,CCN1C(=O)C(C)(C)Oc2cc(C)c(cc12)c3cc(\C=C\C(=O)O)ccc3OC(F)(F)F,6.76
1171,CHEMBL246827,CCN1C(=O)CC(C)(C)c2cc(C)c(cc12)c3cc(CC(C)C(=O)O)ccc3OC(F)(F)F,6.12
1172,CHEMBL247849,CCN1C(=O)CC(C)(C)c2cc(C)c(cc12)c3cc(CCCC(=O)O)ccc3OC(F)(F)F,6.28
1189,CHEMBL428406,COc1ccc(CCC(=O)O)cc1c2cc3N(C(C)C)C(=O)CC(C)(C)c3cc2C,6.44
1201,CHEMBL248414,CC(C)N1C(=O)CC(C)(C)c2cc(C)c(cc12)c3cc(ccc3OC(F)(F)F)[C@H]4C[C@@H]4C(=O)O,6.7
1203,CHEMBL399327,CCN1C(=O)CC(C)(C)c2cc(C)c(cc12)c3cc(ccc3OC(F)(F)F)[C@H]4C[C@@H]4C(=O)O,6.44
1205,CHEMBL247400,CN1C(=O)CC(C)(C)c2cc(C)c(cc12)c3cc(ccc3OCC(F)(F)F)C4CC4C(=O)O,6.84
1206,CHEMBL246211,COc1ccc(cc1c2cc3N(C(C)C)C(=O)CC(C)(C)c3cc2C)C4CC4C(=O)O,6.68
1208,CHEMBL246210,CCN1C(=O)CC(C)(C)c2cc(C)c(cc12)c3cc(ccc3OCC(F)(F)F)C4CC4C(=O)O,6.94
1259,CHEMBL471967,COc1ccc(cc1)S(=O)(=O)N(c2ccc3c(c2)C(C)(C)CCC3(C)C)c4ccc(cn4)C(=O)O,5.57
1260,CHEMBL471968,CC1(C)CCC(C)(C)c2cc(ccc12)N(c3ccc(cn3)C(=O)O)S(=O)(=O)c4ccc(cc4)C(F)(F)F,5.5
1261,CHEMBL512528,CC1(C)CCC(C)(C)c2cc(ccc12)N(c3ccc(cn3)C(=O)O)S(=O)(=O)c4ccc(Cl)cc4,5.39
1262,CHEMBL521442,Cc1ccc(cc1)S(=O)(=O)N(c2ccc3c(c2)C(C)(C)CCC3(C)C)c4ccc(cn4)C(=O)O,5.28
1286,CHEMBL575324,Cc1cc2c(cc1Cc3ccc(cc3F)C(=O)O)C(C)(C)CCC2(C)C,6.79
1315,CHEMBL16901,Oc1ccc(cc1CC=C)c2cc(CC=C)ccc2O,4.93
1326,CHEMBL1221640,CCN(c1ccc2c(c1)C(C)(C)CCC2(C)C)c3ccc(cn3)c4nnn[nH]4,6.69
1329,CHEMBL1223374,CCN(c1ccc(cn1)C(=O)O)c2ccc3C(=CC(=O)N(C)c3n2)C(F)(F)F,6.0
1330,CHEMBL1223372,CCN(c1ccc(cn1)C(=O)O)c2ccc3C(=CC(=O)N(CC)c3n2)C(F)(F)F,6.0
1331,CHEMBL1223375,CCN(c1ccc(cn1)C(=O)O)c2ccc3C(=CC(=O)N(CC(C)C)c3n2)C(F)(F)F,6.0
1338,CHEMBL1688382,CCN(c1ccc(C(C)C)c(OC(C)C)c1)c2ccc(cn2)C(=O)O,7.18
1340,CHEMBL1688384,CCN(c1ccc(C(C)C)c(OCC2CC2)c1)c3ccc(cn3)C(=O)O,6.54
1341,CHEMBL1688385,CCN(c1ccc(C(C)C)c(OCC(=C)C)c1)c2ccc(cn2)C(=O)O,6.96
1342,CHEMBL1688386,CCN(c1ccc(C(C)C)c(OCC=C(C)C)c1)c2ccc(cn2)C(=O)O,6.8
1343,CHEMBL1688387,CCN(c1ccc(C(C)C)c(OCC(F)(F)F)c1)c2ccc(cn2)C(=O)O,6.8
1344,CHEMBL1688388,CCCOc1cc(ccc1C(C)C)N(CC)c2ccc(cn2)C(=O)O,6.35
1345,CHEMBL1688389,CCCCOc1cc(ccc1C(C)C)N(CC)c2ccc(cn2)C(=O)O,6.75
1346,CHEMBL1688390,CCCCCOc1cc(ccc1C(C)C)N(CC)c2ccc(cn2)C(=O)O,6.8
1347,CHEMBL1688391,CCCCCCOc1cc(ccc1C(C)C)N(CC)c2ccc(cn2)C(=O)O,6.55
1348,CHEMBL1688392,CCN(c1ccc(C(C)C)c(OCc2ccccc2)c1)c3ccc(cn3)C(=O)O,6.8
1349,CHEMBL1688393,CCN(c1ccc(C(C)C)c(OCCc2ccccc2)c1)c3ccc(cn3)C(=O)O,6.48
1350,CHEMBL1688394,CCN(c1ccc(C(C)C)c(OCCCc2ccccc2)c1)c3ccc(cn3)C(=O)O,6.09
2148,CHEMBL2146901,Cc1cc2c(cc1n3nnc4cc(ccc34)C(=O)O)C(C)(C)CCC2(C)C,6.85
2398,CHEMBL15770,C[S+]([O-])c1ccc(\C=C/2\C(=C(CC(=O)O)c3cc(F)ccc23)C)cc1,4.08
2399,CHEMBL2337793,CC(C)c1ccc(\C=C/2\C(=C(CC(=O)O)c3cc(F)ccc23)C)cc1,5.62
2429,CHEMBL2337794,CC1=C(CC(=O)O)c2cc(F)ccc2/C/1=C\c3ccccc3,4.97
2430,CHEMBL2337390,CC1=C(CC(=O)O)c2cc(F)ccc2/C/1=C\c3cccc(c3)C(F)(F)F,5.08
2431,CHEMBL2337783,CCC1=C(CC(=O)O)c2cc(F)ccc2/C/1=C\c3ccc(cc3)C(C)C,5.2
2432,CHEMBL2337779,CC(C)c1ccc(\C=C/2\C(=C(CCC(=O)O)c3cc(F)ccc23)C)cc1,5.24
2433,CHEMBL2337795,CC1=C(CC(=O)O)c2cc(F)ccc2/C/1=C\c3ccc(cc3)C(F)(F)F,5.33
2434,CHEMBL2337784,CC(C)CC1=C(CC(=O)O)c2cc(F)ccc2/C/1=C\c3ccc(cc3)C(C)C,5.5
2435,CHEMBL2337789,CCOc1ccc2\C(=C/c3ccc(cc3)C(C)C)\C(=C(CC(=O)O)c2c1)C,5.51
2445,CHEMBL2332885,Cc1cc2c(cc1n3cnc4cc(ccc34)C(=O)O)C(C)(C)CCC2(C)C,6.2
2446,CHEMBL2332886,Cc1cc2c(cc1n3c(N)nc4cc(ccc34)C(=O)O)C(C)(C)CCC2(C)C,6.81
2685,CHEMBL3319093,CC1=CC(=O)Oc2c(\C=N\NC(=O)CSc3nc4ccccc4s3)c(O)ccc12,5.61
2729,CHEMBL3622721,CC(C)C1=C(CCC/C/1=C\C(=C/C=C/C(=C/C(=O)O)/C)\C)c2ccccc2,6.67
2761,CHEMBL3714906,CCOc1cc2c(cc1C(=O)c3ccc(cc3)C(=O)O)C(C)(C)CCC2(C)C,6.08
2763,CHEMBL3719130,CC1(C)CCC(C)(C)c2cc(C(=O)c3ccc(cc3)C(=O)O)c(OCC(F)(F)F)cc12,5.82
2767,CHEMBL3717489,Cc1cc2c(cc1C(OCc3ccccc3F)c4ccc(cc4)C(=O)O)C(C)(C)CCC2(C)C,5.28
2768,CHEMBL3718949,Cc1cc2c(cc1C(OCc3ccc(SC(F)(F)F)cc3)c4ccc(cc4)C(=O)O)C(C)(C)CCC2(C)C,5.52
2769,CHEMBL3718230,CCCCOC(c1ccc(cc1)C(=O)O)c2cc3c(cc2OCC)C(C)(C)CCC3(C)C,5.57
2770,CHEMBL3716417,Cc1cc2c(cc1C(NCc3cccc(F)c3)c4ccc(cc4)C(=O)O)C(C)(C)CCC2(C)C,5.19
2772,CHEMBL3717945,CCOc1cc2c(cc1\C(=N\Nc3cc(F)ccc3F)\c4ccc(cc4)C(=O)O)C(C)(C)CCC2(C)C,5.52
2774,CHEMBL3716364,CCCCCCO\N=C(/c1ccc(cc1)C(=O)O)\c2cc3c(cc2OCC)C(C)(C)CCC3(C)C,5.72
2775,CHEMBL3715067,CCOc1cc2c(cc1\C(=N\OCCC(C)C)\c3ccc(cc3)C(=O)O)C(C)(C)CCC2(C)C,5.34
2777,CHEMBL3716703,CCOc1cc2OCCC(C)(C)c2cc1C(=O)c3ccc(cc3)C(=O)O,5.52
