,molecule_chembl_id,canonical_smiles,pchembl_value
0,alitretinoin,C\C(\C=C\C1=C(C)CCCC1(C)C)=C\C=C\C(\C)=C\C(O)=O,6.7
1,bexarotene,CC1=C(C=C2C(=C1)C(C)(C)CCC2(C)C)C(=C)C1=CC=C(C=C1)C(O)=O,8.23
2,CHEMBL308883,C\C(=C/C(=O)O)\C=C\C1CC1(C)c2cc3c(cc2C)C(C)(C)CCC3(C)C,7.0
3,CHEMBL351943,CC(C)CO\N=C(/c1ccc(cc1)C(=O)O)\c2cc3c(cc2C)C(C)(C)CCC3(C)C,7.04
4,CHEMBL208213,CN(C\C=C\C(=C\C(=O)O)\C)c1cc(cc(c1)C(C)(C)C)C(C)(C)C,7.06
5,CHEMBL288436,Cc1cc2c(cc1C3(CC3)c4ccc(cn4)C(=O)O)C(C)(C)CCC2(C)C,7.13
6,CHEMBL205600,CCCN(C\C=C\C(=C\C(=O)O)\C)c1ccc2c(c1)C(C)(C)CCC2(C)C,7.14
7,CHEMBL290246,CCCCOc1c(cc(cc1c2cccc3cc(oc23)\C(=C(/F)\C(=O)O)\C)C(C)C)C(C)C,7.19
8,CHEMBL378926,C\C(=C/C(=O)O)\C=C\[C@@H]1CCCN1c2ccc3c(c2)C(C)(C)CCC3(C)C,7.2
9,CHEMBL204725,CCCCN(C\C=C\C(=C\C(=O)O)\C)c1cc(cc2c1CCC2(C)C)C(C)(C)C,7.22
10,CHEMBL165734,CCCO\N=C(/c1ccc(cc1)C(=O)O)\c2cc3c(cc2C)C(C)(C)CCC3(C)C,7.22
11,CHEMBL166201,CCO\N=C(/c1ccc(cc1)C(=O)O)\c2cc3c(cc2C)C(C)(C)CCC3(C)C,7.24
12,CHEMBL116886,Cc1cc2c(cc1Sc3ccc(cn3)C(=O)O)C(C)(C)CCC2(C)C,7.24
13,CHEMBL290761,C\C(=C/C(=O)O)\c1cc2c(cccc2s1)c3cc(cc(c3OCC(F)F)C(C)(C)C)C(C)(C)C,7.26
14,CHEMBL157333,C\C(=C/C(=O)O)\C=C\c1ccccc1\C=C\C2=C(C)CCCC2(C)C,7.28
15,CHEMBL424636,CC(C)c1cc2c(cc1\C(=C\c3ccc(cc3)C(=O)O)\C)C(C)(C)CCC2(C)C,7.3
16,CHEMBL284937,CCc1cc2c(cc1\C(=C\c3ccc(cc3)C(=O)O)\C)C(C)(C)CCC2(C)C,7.3
17,CHEMBL111911,C\C(=C/C(=O)O)\C=C\C1(OCCO1)c2cc3c(cc2C)C(C)(C)CCC3(C)C,7.33
18,CHEMBL96184,CC1(C)CCC(C)(C)c2cc(ccc12)C(=C)c3ccc(cc3)C(=O)O,7.41
19,CHEMBL379057,CCCN(C\C=C\C(=C\C(=O)O)\C)c1cc(cc(c1)C(C)(C)C)C(C)(C)C,7.47
20,CHEMBL414233,CC(=C(\C=C\C(=C\C(=O)O)\C)c1ccc2c(c1)C(C)(C)CCC2(C)C)C,7.48
21,CHEMBL44420,C\C(=C/C(=O)O)\c1cc2c(cccc2s1)c3cc(cc(c3C)C(C)(C)C)C(C)(C)C,7.48
22,CHEMBL111983,Cc1cc2c(cc1C(=C)c3ccc(s3)C(=O)O)C(C)(C)CCC2(C)C,7.48
23,CHEMBL131826,CCCCOc1c(cc(cc1\C(=C(\F)/C=C/C(=C/C(=O)O)/C)\C)C(C)C)C(C)C,7.61
24,CHEMBL205634,CCN(C\C=C\C(=C\C(=O)O)\C)c1cc(cc(c1)C(C)(C)C)C(C)(C)C,7.62
25,CHEMBL42314,C\C(=C/C(=O)O)\C=C\C=C(\C)/c1cc(cc(c1OCC(F)F)C(C)(C)C)C(C)(C)C,7.75
26,CHEMBL132568,CCCOc1c(cc(cc1\C(=C/C=C/C(=C/C(=O)O)/C)\C)C(F)(F)C(F)(F)F)C(C)C,7.76
27,CHEMBL422088,CC(C)c1cc(cc(\C(=C/C=C/C(=C/C(=O)O)/C)\C)c1OCC(F)F)c2ccccc2F,7.8
28,CHEMBL335242,C\C(=C/C(=O)O)\C=C\C(=C(\C)/c1cc(cc(c1OCC(F)(F)F)C(C)(C)C)C(C)(C)C)\F,7.81
29,CHEMBL41742,CCCOc1c(cc(cc1c2cccc3sc(cc23)\C(=C\C(=O)O)\C)C(C)C)C(C)C,7.82
30,CHEMBL347411,C\C(=C/C(=O)O)\C=C\c1ccoc1\C=C\C2=C(C)CCCC2(C)C,7.82
31,CHEMBL166244,Cc1cc2c(cc1\C(=N\OCC=C)\c3ccc(cc3)C(=O)O)C(C)(C)CCC2(C)C,7.82
32,CHEMBL164902,Cc1cc2c(cc1\C(=N\OCC#N)\c3ccc(cc3)C(=O)O)C(C)(C)CCC2(C)C,7.85
33,CHEMBL109581,CCCOc1cc2c(cc1\C(=C/C=C/C(=C/C(=O)O)/C)\C)C(C)(C)CCC2(C)C,7.89
34,CHEMBL424639,CC(C)c1cc(\C(=C/C=C/C(=C/C(=O)O)/C)\C)c(OCC(F)F)c(c1)c2ccccc2,7.91
35,CHEMBL291034,CCCCCCCOc1c(cc(cc1C(C)(C)C)C(C)(C)C)c2cccc3sc(cc23)\C(=C\C(=O)O)\C,7.92
36,CHEMBL208316,CCCN(C\C=C\C(=C\C(=O)O)\C)c1cc(cc2c1CCC2(C)C)C(C)(C)C,7.92
37,CHEMBL109847,CCOc1cc2c(cc1\C(=C/C=C/C(=C/C(=O)O)/C)\C)C(C)(C)CCC2(C)C,7.92
38,CHEMBL43238,C\C(=C/C(=O)O)\c1cc2c(cccc2s1)c3cc(cc(c3OCCC(F)F)C(C)(C)C)C(C)(C)C,7.92
39,CHEMBL111217,C\C(=C/C(=O)O)\C=C\C(=C(\C)/c1cc(cc(c1OCC(F)F)C(C)(C)C)C(C)(C)C)\F,7.94
40,CHEMBL41890,CCOc1c(cc(cc1c2cccc3sc(cc23)\C(=C\C(=O)O)\C)C(C)C)C(C)C,7.96
41,CHEMBL89241,C\C(=C/C(=O)O)\C=C\C=C(/C)\c1cc(cc(c1)C(C)(C)C)C(C)(C)C,7.99
42,CHEMBL131122,CCCOc1c(cc(cc1C(F)(F)C(F)(F)F)C(C)C)\C(=C/C=C/C(=C/C(=O)O)/C)\C,8.0
43,CHEMBL41260,C\C(=C/C(=O)O)\c1cc2c(cccc2s1)c3cc(cc(c3OCC(F)(F)F)C(C)(C)C)C(C)(C)C,8.0
44,CHEMBL41146,C\C(=C/C(=O)O)\c1cc2c(cccc2s1)c3cc(cc(c3OCCCF)C(C)(C)C)C(C)(C)C,8.0
45,CHEMBL133896,CCOc1c(cc(cc1\C(=C/C=C/C(=C/C(=O)O)/C)\C)C(F)(F)C(F)(F)F)C(C)C,8.07
46,CHEMBL424269,CCCCOc1c(cc(cc1\C(=C/C=C/C(=C/C(=O)O)/C)\C)C(F)(F)C(F)(F)F)C(C)C,8.09
47,CHEMBL423465,CO\N=C(/c1ccc(cc1)C(=O)O)\c2cc3c(cc2C)C(C)(C)CCC3(C)C,8.1
48,CHEMBL111589,COc1cc2c(cc1\C(=C/C=C/C(=C/C(=O)O)/C)\C)C(C)(C)CCC2(C)C,8.1
49,CHEMBL130232,CC(C)c1cc(cc(\C(=C/C=C/C(=C/C(=O)O)/C)\C)c1OCC(F)F)c2cccc(F)c2,8.13
50,CHEMBL93518,C\C(=C/C(=O)O)\C=C\C1(CC1)c2ccc3c(c2)C(C)(C)CCC3(C)C,8.16
51,CHEMBL348797,CC1(C)CCC(C)(C)c2cc(\C(=N\O)\c3ccc(cc3)C(=O)O)c(Br)cc12,8.22
52,CHEMBL130231,CCC(C)(C)c1cc(\C(=C(\F)/C=C/C(=C/C(=O)O)/C)\C)c(OCC(F)F)c(c1)C(C)(C)CC,8.28
53,CHEMBL162334,Cc1cc2c(cc1\C(=N\O)\c3ccc(cc3)C(=O)O)C(C)(C)CCC2(C)C,8.3
54,CHEMBL38,C\C(=C/C=C/C(=C/C(=O)O)/C)\C=C\C1=C(C)CCCC1(C)C,8.35
55,CHEMBL41422,CC(C)c1cc(C(C)C)c(OCC(F)F)c(c1)c2cccc3cc(oc23)\C(=C(/F)\C(=O)O)\C,8.4
56,CHEMBL92284,C\C(=C/C(=O)O)\C=C\C1(CC1)c2cc3c(cc2C)C(C)(C)CCC3(C)C,8.4
57,CHEMBL133915,CC(C)c1cc(cc(\C(=C/C=C/C(=C/C(=O)O)/C)\C)c1OCC(F)F)c2ccc(F)cc2,8.41
58,CHEMBL130374,CC(C)c1cc(cc(\C(=C/C=C/C(=C/C(=O)O)/C)\C)c1OCC(F)F)c2cccs2,8.41
59,CHEMBL75133,C\C(=C/C(=O)O)\C=C\[C@@H]1C[C@]1(C)c2ccc3c(c2)C(C)(C)CCC3(C)C,8.44
60,CHEMBL69091,C\C(=C/C(=O)O)\C=C\C1CC1(C)c2ccc3c(c2)C(C)(C)CCC3(C)C,8.6
61,CHEMBL337393,CC(C)c1cc(cc(\C(=C/C=C/C(=C/C(=O)O)/C)\C)c1OCC(F)F)c2cc(F)cc(F)c2,8.62
19,CHEMBL115763,CC(c1ccc(cc1)C(=O)O)c2ccc3c(c2)C(C)(C)CCC3(C)C,6.3
20,CHEMBL112715,CC1(C)CCC(C)(C)c2cc(ccc12)C3(OCCO3)c4ccc(cc4)C(=O)O,6.75
21,CHEMBL101308,CC1(C)CCC(C)(C)c2cc(ccc12)C(=O)c3ccc(cc3)C(=O)O,5.5
22,CHEMBL115164,CC(=C(\C=C\C(=C\C(=O)O)\C)c1cc2c(cc1C)C(C)(C)CCC2(C)C)C,6.85
24,CHEMBL114319,CC(C)(c1ccc(cc1)C(=O)O)c2ccc3c(c2)C(C)(C)CCC3(C)C,6.3
25,CHEMBL705,C\C(=C\C=C\C(=C\C(=O)O)\C)\C=C\C1=C(C)CCCC1(C)C,8.59
26,CHEMBL116859,CC1(C)CCC(C)(C)c2cc(Oc3ccc(cc3)C(=O)O)ccc12,5.72
27,CHEMBL1023,Cc1cc2c(cc1C(=C)c3ccc(cc3)C(=O)O)C(C)(C)CCC2(C)C,6.95
28,CHEMBL115050,C\C=C(\c1ccc(cc1)C(=O)O)/c2ccc3c(c2)C(C)(C)CCC3(C)C,6.8
29,CHEMBL24966,CC(=C(c1ccc(cc1)C(=O)O)c2ccc3c(c2)C(C)(C)CCC3(C)C)C,6.01
32,CHEMBL326766,C\C=C(/c1ccc(cc1)C(=O)O)\c2ccc3c(c2)C(C)(C)CCC3(C)C,5.8
33,CHEMBL113975,CC1(C)CCC(C)(C)c2cc(ccc12)C3(OCCS3)c4ccc(cc4)C(=O)O,6.75
34,CHEMBL114880,Cc1cc2c(cc1C(=O)c3ccc(s3)C(=O)O)C(C)(C)CCC2(C)C,6.0
35,CHEMBL114390,CC1(C)CCC(C)(C)c2cc(Cc3ccc(cc3)C(=O)O)ccc12,5.57
36,CHEMBL98172,Cc1cc2c(cc1C(=O)c3ccc(cc3)C(=O)O)C(C)(C)CCC2(C)C,6.44
59,CHEMBL2372524,C[C@H](NC(=O)[C@H](Cc1ccccc1)NP(=O)(O)O)C(=O)NCC(=O)N,7.92
72,CHEMBL39206,CC(C)c1cc(C(C)C)c(OCC(F)(F)F)c(c1)c2cccc3cc(oc23)\C(=C\C(=O)O)\C,6.85
74,CHEMBL265051,CC(C)c1cc(C(C)C)c(OCC(F)F)c(c1)c2cccc3cc(oc23)\C(=C\C(=O)O)\C,6.58
77,CHEMBL334534,CC1(C)CCC(C)(C)c2cc3C(=Nc4ccccc4Oc3cc12)c5ccc(cc5)C(=O)O,5.92
88,CHEMBL298373,CN1c2cc3c(cc2N=C(c4ccc(cc4)C(=O)O)c5ccc6ccccc6c15)C(C)(C)CCC3(C)C,5.77
91,CHEMBL334330,CN1c2ccccc2N=C(c3ccc(cc3)C(=O)O)c4cc5c(cc14)C(C)(C)CCC5(C)C,6.19
99,CHEMBL134834,CC1(C)CCC(C)(C)c2cc3C(=Nc4ccccc4Cc3cc12)c5ccc(cc5)C(=O)O,6.1
100,CHEMBL337859,CC1(C)CCC(C)(C)c2cc3C(=Nc4ccccc4Sc3cc12)c5ccc(cc5)C(=O)O,6.4
102,CHEMBL93538,C\C(=C/c1ccc(s1)C(=O)O)\c2ccc3c(c2)C(C)(C)CCC3(C)C,5.64
103,CHEMBL328481,C\C(=C/c1ncc(s1)C(=O)O)\c2cc3c(cc2C)C(C)(C)CCC3(C)C,8.52
105,CHEMBL91718,C\C(=C/c1ccc(s1)C(=O)O)\c2cc3c(cc2C)C(C)(C)CCC3(C)C,7.64
106,CHEMBL93628,C\C(=C/c1cc(cs1)C(=O)O)\c2cc3c(cc2C)C(C)(C)CCC3(C)C,6.75
109,CHEMBL93577,C\C(=C/c1ncc(s1)C(=O)O)\c2ccc3c(c2)C(C)(C)CCC3(C)C,6.68
110,CHEMBL433178,CN(C)S(=O)(=O)n1c(\C=C(/C)\c2cc3c(cc2C)C(C)(C)CCC3(C)C)ncc1C(=O)O,6.75
111,CHEMBL329802,C\C(=C/c1nc(c[nH]1)C(=O)O)\c2cc3c(cc2C)C(C)(C)CCC3(C)C,6.89
128,CHEMBL308377,C\C(=C/C(=O)O)\C=C\[C@H]1C[C@@]1(C)c2ccc3c(c2)C(C)(C)CCC3(C)C,6.68
145,CHEMBL119781,CC1(C)CCC(C)(C)c2cc(Sc3ccc(cc3)C(=O)O)ccc12,5.8
146,CHEMBL118693,Cc1cc2c(cc1Sc3ccc(cc3)C(=O)O)C(C)(C)CCC2(C)C,6.52
147,CHEMBL118307,Cc1cc2c(cc1S(=O)(=O)c3ccc(cc3)C(=O)O)C(C)(C)CCC2(C)C,5.59
148,CHEMBL118268,Cc1cc2c(cc1Sc3ncc(s3)C(=O)O)C(C)(C)CCC2(C)C,5.89
151,CHEMBL324960,Cc1cc2c(cc1[S+]([O-])c3ccc(cc3)C(=O)O)C(C)(C)CCC2(C)C,5.52
158,CHEMBL92394,C\C(=C/C(=O)O)\C=C\C1(CCCC1)c2cc3c(cc2C)C(C)(C)CCC3(C)C,5.7
167,CHEMBL93848,C\C(=C/C(=O)O)\C=C\C1(CCCC1)c2ccc3c(c2)C(C)(C)CCC3(C)C,6.9
170,CHEMBL162827,Cc1cc2c(cc1\C(=N\OC(C)(C)C)\c3ccc(cc3)C(=O)O)C(C)(C)CCC2(C)C,6.21
178,CHEMBL164557,CO\N=C(\c1ccc(cc1)C(=O)O)/c2ccc3c(c2)C(C)(C)CCC3(C)C,6.44
185,CHEMBL162005,CCCCO\N=C(/c1ccc(cc1)C(=O)O)\c2cc3c(cc2C)C(C)(C)CCC3(C)C,6.55
201,CHEMBL163625,CC1(C)CCC(C)(C)c2cc(ccc12)\C(=N\O)\c3ccc(cc3)C(=O)O,5.47
208,CHEMBL3350249,Cc1cc2c(cc1\C(=N/O)\c3ccc(cc3)C(=O)O)C(C)(C)CCC2(C)C,6.92
237,CHEMBL427391,CCN(C\C=C\C(=C\C(=O)O)\C)c1cc2c(cc1C)C(C)(C)CCC2(C)C,6.93
238,CHEMBL378553,CCN(C\C=C\C(=C\C(=O)O)\C)c1ccc2c(c1)C(C)(C)CCC2(C)C,6.62
240,CHEMBL377178,C\C(=C/C(=O)O)\C=C\CN(CC1CC1)c2cc(cc3c2CCC3(C)C)C(C)(C)C,7.01
241,CHEMBL205694,CC(C)N(C\C=C\C(=C\C(=O)O)\C)c1cc(cc2c1CCC2(C)C)C(C)(C)C,6.67
250,CHEMBL206005,CCCN(C(=O)\C=C\C(=C\C(=O)O)\C)c1cc(cc(c1)C(C)(C)C)C(C)(C)C,6.82
269,CHEMBL208503,C\C(=C/C(=O)O)\C=C\[C@H]1CCCN1c2ccc3c(c2)C(C)(C)CCC3(C)C,5.89
270,CHEMBL204773,CCCN(C\C=C\C(=C\C(=O)O)\C)c1cc2c(cc1OC)C(C)(C)CCC2(C)C,6.77
271,CHEMBL205532,CCCN(C\C=C\C(=C\C(=O)O)\C)c1cc2c(cc1C)C(C)(C)CCC2(C)C,6.67
277,CHEMBL326525,CN1c2ccc(cc2N=C(c3ccc(cc3)C(=O)O)c4cc5c(cc14)C(C)(C)CCC5(C)C)[N+](=O)[O-],7.36
278,CHEMBL471968,CC1(C)CCC(C)(C)c2cc(ccc12)N(c3ccc(cn3)C(=O)O)S(=O)(=O)c4ccc(cc4)C(F)(F)F,6.13
279,CHEMBL512528,CC1(C)CCC(C)(C)c2cc(ccc12)N(c3ccc(cn3)C(=O)O)S(=O)(=O)c4ccc(Cl)cc4,6.06
280,CHEMBL521442,Cc1ccc(cc1)S(=O)(=O)N(c2ccc3c(c2)C(C)(C)CCC3(C)C)c4ccc(cn4)C(=O)O,5.52
281,CHEMBL471967,COc1ccc(cc1)S(=O)(=O)N(c2ccc3c(c2)C(C)(C)CCC3(C)C)c4ccc(cn4)C(=O)O,5.41
