,molecule_chembl_id,canonical_smiles,pchembl_value
0,alitretinoin,C\C(\C=C\C1=C(C)CCCC1(C)C)=C\C=C\C(\C)=C\C(O)=O,6.66
1,etretinate,CCOC(=O)\C=C(/C)\C=C\C=C(/C)\C=C\C1=C(C)C(C)=C(OC)C=C1C,
2,bexarotene,CC1=C(C=C2C(=C1)C(C)(C)CCC2(C)C)C(=C)C1=CC=C(C=C1)C(O)=O,8.08
3,CHEMBL427391,CCN(C\C=C\C(=C\C(=O)O)\C)c1cc2c(cc1C)C(C)(C)CCC2(C)C,7.0
4,CHEMBL378926,C\C(=C/C(=O)O)\C=C\[C@@H]1CCCN1c2ccc3c(c2)C(C)(C)CCC3(C)C,7.0
5,CHEMBL32505,C\C(=C/c1ccc(cc1)C(=O)O)\c2cc3c(cc2C)C(C)(C)CCC3(C)C,7.0
6,CHEMBL42314,C\C(=C/C(=O)O)\C=C\C=C(\C)/c1cc(cc(c1OCC(F)F)C(C)(C)C)C(C)(C)C,7.08
7,CHEMBL166244,Cc1cc2c(cc1\C(=N\OCC=C)\c3ccc(cc3)C(=O)O)C(C)(C)CCC2(C)C,7.1
8,CHEMBL308883,C\C(=C/C(=O)O)\C=C\C1CC1(C)c2cc3c(cc2C)C(C)(C)CCC3(C)C,7.15
9,CHEMBL348797,CC1(C)CCC(C)(C)c2cc(\C(=N\O)\c3ccc(cc3)C(=O)O)c(Br)cc12,7.24
10,CHEMBL165734,CCCO\N=C(/c1ccc(cc1)C(=O)O)\c2cc3c(cc2C)C(C)(C)CCC3(C)C,7.24
11,CHEMBL44420,C\C(=C/C(=O)O)\c1cc2c(cccc2s1)c3cc(cc(c3C)C(C)(C)C)C(C)(C)C,7.27
12,CHEMBL41422,CC(C)c1cc(C(C)C)c(OCC(F)F)c(c1)c2cccc3cc(oc23)\C(=C(/F)\C(=O)O)\C,7.31
13,CHEMBL424269,CCCCOc1c(cc(cc1\C(=C/C=C/C(=C/C(=O)O)/C)\C)C(F)(F)C(F)(F)F)C(C)C,7.34
14,CHEMBL166201,CCO\N=C(/c1ccc(cc1)C(=O)O)\c2cc3c(cc2C)C(C)(C)CCC3(C)C,7.38
15,CHEMBL116886,Cc1cc2c(cc1Sc3ccc(cn3)C(=O)O)C(C)(C)CCC2(C)C,7.38
16,CHEMBL130231,CCC(C)(C)c1cc(\C(=C(\F)/C=C/C(=C/C(=O)O)/C)\C)c(OCC(F)F)c(c1)C(C)(C)CC,7.4
17,CHEMBL379057,CCCN(C\C=C\C(=C\C(=O)O)\C)c1cc(cc(c1)C(C)(C)C)C(C)(C)C,7.42
18,CHEMBL43238,C\C(=C/C(=O)O)\c1cc2c(cccc2s1)c3cc(cc(c3OCCC(F)F)C(C)(C)C)C(C)(C)C,7.43
19,CHEMBL205634,CCN(C\C=C\C(=C\C(=O)O)\C)c1cc(cc(c1)C(C)(C)C)C(C)(C)C,7.46
20,CHEMBL157333,C\C(=C/C(=O)O)\C=C\c1ccccc1\C=C\C2=C(C)CCCC2(C)C,7.46
21,CHEMBL204725,CCCCN(C\C=C\C(=C\C(=O)O)\C)c1cc(cc2c1CCC2(C)C)C(C)(C)C,7.51
22,CHEMBL291034,CCCCCCCOc1c(cc(cc1C(C)(C)C)C(C)(C)C)c2cccc3sc(cc23)\C(=C\C(=O)O)\C,7.55
23,CHEMBL290246,CCCCOc1c(cc(cc1c2cccc3cc(oc23)\C(=C(/F)\C(=O)O)\C)C(C)C)C(C)C,7.55
24,CHEMBL131826,CCCCOc1c(cc(cc1\C(=C(\F)/C=C/C(=C/C(=O)O)/C)\C)C(C)C)C(C)C,7.56
25,CHEMBL132568,CCCOc1c(cc(cc1\C(=C/C=C/C(=C/C(=O)O)/C)\C)C(F)(F)C(F)(F)F)C(C)C,7.56
26,CHEMBL131122,CCCOc1c(cc(cc1C(F)(F)C(F)(F)F)C(C)C)\C(=C/C=C/C(=C/C(=O)O)/C)\C,7.63
27,CHEMBL424639,CC(C)c1cc(\C(=C/C=C/C(=C/C(=O)O)/C)\C)c(OCC(F)F)c(c1)c2ccccc2,7.65
28,CHEMBL88216,C\C(=C/C(=O)O)\C=C\CC1(CC1)c2cc(cc3c2CCC3(C)C)C(C)(C)C,7.66
29,CHEMBL41146,C\C(=C/C(=O)O)\c1cc2c(cccc2s1)c3cc(cc(c3OCCCF)C(C)(C)C)C(C)(C)C,7.68
30,CHEMBL41742,CCCOc1c(cc(cc1c2cccc3sc(cc23)\C(=C\C(=O)O)\C)C(C)C)C(C)C,7.7
31,CHEMBL41260,C\C(=C/C(=O)O)\c1cc2c(cccc2s1)c3cc(cc(c3OCC(F)(F)F)C(C)(C)C)C(C)(C)C,7.7
32,CHEMBL290761,C\C(=C/C(=O)O)\c1cc2c(cccc2s1)c3cc(cc(c3OCC(F)F)C(C)(C)C)C(C)(C)C,7.7
33,CHEMBL109847,CCOc1cc2c(cc1\C(=C/C=C/C(=C/C(=O)O)/C)\C)C(C)(C)CCC2(C)C,7.77
34,CHEMBL89581,C\C(=C/C(=O)O)\C=C\CC1(CC1)c2cc(cc(c2)C(C)(C)C)C(C)(C)C,7.8
35,CHEMBL109581,CCCOc1cc2c(cc1\C(=C/C=C/C(=C/C(=O)O)/C)\C)C(C)(C)CCC2(C)C,7.85
36,CHEMBL347411,C\C(=C/C(=O)O)\C=C\c1ccoc1\C=C\C2=C(C)CCCC2(C)C,7.85
37,CHEMBL164902,Cc1cc2c(cc1\C(=N\OCC#N)\c3ccc(cc3)C(=O)O)C(C)(C)CCC2(C)C,7.85
38,CHEMBL111217,C\C(=C/C(=O)O)\C=C\C(=C(\C)/c1cc(cc(c1OCC(F)F)C(C)(C)C)C(C)(C)C)\F,7.88
39,CHEMBL335242,C\C(=C/C(=O)O)\C=C\C(=C(\C)/c1cc(cc(c1OCC(F)(F)F)C(C)(C)C)C(C)(C)C)\F,7.91
40,CHEMBL41890,CCOc1c(cc(cc1c2cccc3sc(cc23)\C(=C\C(=O)O)\C)C(C)C)C(C)C,7.92
41,CHEMBL288436,Cc1cc2c(cc1C3(CC3)c4ccc(cn4)C(=O)O)C(C)(C)CCC2(C)C,7.92
42,CHEMBL422088,CC(C)c1cc(cc(\C(=C/C=C/C(=C/C(=O)O)/C)\C)c1OCC(F)F)c2ccccc2F,7.96
43,CHEMBL424636,CC(C)c1cc2c(cc1\C(=C\c3ccc(cc3)C(=O)O)\C)C(C)(C)CCC2(C)C,8.0
44,CHEMBL208316,CCCN(C\C=C\C(=C\C(=O)O)\C)c1cc(cc2c1CCC2(C)C)C(C)(C)C,8.0
45,CHEMBL284937,CCc1cc2c(cc1\C(=C\c3ccc(cc3)C(=O)O)\C)C(C)(C)CCC2(C)C,8.0
46,CHEMBL89241,C\C(=C/C(=O)O)\C=C\C=C(/C)\c1cc(cc(c1)C(C)(C)C)C(C)(C)C,8.03
47,CHEMBL111589,COc1cc2c(cc1\C(=C/C=C/C(=C/C(=O)O)/C)\C)C(C)(C)CCC2(C)C,8.05
48,CHEMBL423465,CO\N=C(/c1ccc(cc1)C(=O)O)\c2cc3c(cc2C)C(C)(C)CCC3(C)C,8.1
49,CHEMBL89331,C\C(=C/C(=O)O)\C=C\CC1(CC1)c2ccc3c(c2)C(C)(C)CCC3(C)C,8.1
50,CHEMBL133896,CCOc1c(cc(cc1\C(=C/C=C/C(=C/C(=O)O)/C)\C)C(F)(F)C(F)(F)F)C(C)C,8.11
51,CHEMBL93518,C\C(=C/C(=O)O)\C=C\C1(CC1)c2ccc3c(c2)C(C)(C)CCC3(C)C,8.22
52,CHEMBL90674,C\C(=C/C(=O)O)\C=C\CC1(CCCC1)c2ccc3c(c2)C(C)(C)CCC3(C)C,8.22
53,CHEMBL133915,CC(C)c1cc(cc(\C(=C/C=C/C(=C/C(=O)O)/C)\C)c1OCC(F)F)c2ccc(F)cc2,8.25
54,CHEMBL130374,CC(C)c1cc(cc(\C(=C/C=C/C(=C/C(=O)O)/C)\C)c1OCC(F)F)c2cccs2,8.25
55,CHEMBL92284,C\C(=C/C(=O)O)\C=C\C1(CC1)c2cc3c(cc2C)C(C)(C)CCC3(C)C,8.3
56,CHEMBL162334,Cc1cc2c(cc1\C(=N\O)\c3ccc(cc3)C(=O)O)C(C)(C)CCC2(C)C,8.3
57,CHEMBL75133,C\C(=C/C(=O)O)\C=C\[C@@H]1C[C@]1(C)c2ccc3c(c2)C(C)(C)CCC3(C)C,8.42
58,CHEMBL130232,CC(C)c1cc(cc(\C(=C/C=C/C(=C/C(=O)O)/C)\C)c1OCC(F)F)c2cccc(F)c2,8.54
59,CHEMBL337393,CC(C)c1cc(cc(\C(=C/C=C/C(=C/C(=O)O)/C)\C)c1OCC(F)F)c2cc(F)cc(F)c2,8.55
60,CHEMBL96184,CC1(C)CCC(C)(C)c2cc(ccc12)C(=C)c3ccc(cc3)C(=O)O,8.7
61,tretinoin,C\C(=C/C=C/C(=C/C(=O)O)/C)\C=C\C1=C(C)CCCC1(C)C,8.7
62,CHEMBL69091,C\C(=C/C(=O)O)\C=C\C1CC1(C)c2ccc3c(c2)C(C)(C)CCC3(C)C,8.75
22,CHEMBL1023,Cc1cc2c(cc1C(=C)c3ccc(cc3)C(=O)O)C(C)(C)CCC2(C)C,7.13
24,CHEMBL705,C\C(=C\C=C\C(=C\C(=O)O)\C)\C=C\C1=C(C)CCCC1(C)C,7.57
25,CHEMBL111983,Cc1cc2c(cc1C(=C)c3ccc(s3)C(=O)O)C(C)(C)CCC2(C)C,6.28
26,CHEMBL111911,C\C(=C/C(=O)O)\C=C\C1(OCCO1)c2cc3c(cc2C)C(C)(C)CCC3(C)C,5.64
27,CHEMBL101308,CC1(C)CCC(C)(C)c2cc(ccc12)C(=O)c3ccc(cc3)C(=O)O,5.77
28,CHEMBL414233,CC(=C(\C=C\C(=C\C(=O)O)\C)c1ccc2c(c1)C(C)(C)CCC2(C)C)C,6.28
30,CHEMBL116859,CC1(C)CCC(C)(C)c2cc(Oc3ccc(cc3)C(=O)O)ccc12,6.28
32,CHEMBL115050,C\C=C(\c1ccc(cc1)C(=O)O)/c2ccc3c(c2)C(C)(C)CCC3(C)C,6.43
35,CHEMBL114880,Cc1cc2c(cc1C(=O)c3ccc(s3)C(=O)O)C(C)(C)CCC2(C)C,6.52
36,CHEMBL114390,CC1(C)CCC(C)(C)c2cc(Cc3ccc(cc3)C(=O)O)ccc12,5.7
37,CHEMBL98172,Cc1cc2c(cc1C(=O)c3ccc(cc3)C(=O)O)C(C)(C)CCC2(C)C,5.92
61,CHEMBL2372524,C[C@H](NC(=O)[C@H](Cc1ccccc1)NP(=O)(O)O)C(=O)NCC(=O)N,7.54
74,CHEMBL39206,CC(C)c1cc(C(C)C)c(OCC(F)(F)F)c(c1)c2cccc3cc(oc23)\C(=C\C(=O)O)\C,6.48
76,CHEMBL265051,CC(C)c1cc(C(C)C)c(OCC(F)F)c(c1)c2cccc3cc(oc23)\C(=C\C(=O)O)\C,6.3
79,CHEMBL334534,CC1(C)CCC(C)(C)c2cc3C(=Nc4ccccc4Oc3cc12)c5ccc(cc5)C(=O)O,5.68
90,CHEMBL298373,CN1c2cc3c(cc2N=C(c4ccc(cc4)C(=O)O)c5ccc6ccccc6c15)C(C)(C)CCC3(C)C,5.82
93,CHEMBL334330,CN1c2ccccc2N=C(c3ccc(cc3)C(=O)O)c4cc5c(cc14)C(C)(C)CCC5(C)C,6.0
101,CHEMBL134834,CC1(C)CCC(C)(C)c2cc3C(=Nc4ccccc4Cc3cc12)c5ccc(cc5)C(=O)O,6.0
102,CHEMBL337859,CC1(C)CCC(C)(C)c2cc3C(=Nc4ccccc4Sc3cc12)c5ccc(cc5)C(=O)O,6.21
104,CHEMBL93538,C\C(=C/c1ccc(s1)C(=O)O)\c2ccc3c(c2)C(C)(C)CCC3(C)C,5.64
105,CHEMBL328481,C\C(=C/c1ncc(s1)C(=O)O)\c2cc3c(cc2C)C(C)(C)CCC3(C)C,8.4
107,CHEMBL91718,C\C(=C/c1ccc(s1)C(=O)O)\c2cc3c(cc2C)C(C)(C)CCC3(C)C,7.48
108,CHEMBL93628,C\C(=C/c1cc(cs1)C(=O)O)\c2cc3c(cc2C)C(C)(C)CCC3(C)C,6.98
111,CHEMBL93577,C\C(=C/c1ncc(s1)C(=O)O)\c2ccc3c(c2)C(C)(C)CCC3(C)C,6.8
112,CHEMBL433178,CN(C)S(=O)(=O)n1c(\C=C(/C)\c2cc3c(cc2C)C(C)(C)CCC3(C)C)ncc1C(=O)O,7.07
113,CHEMBL329802,C\C(=C/c1nc(c[nH]1)C(=O)O)\c2cc3c(cc2C)C(C)(C)CCC3(C)C,6.77
130,CHEMBL308377,C\C(=C/C(=O)O)\C=C\[C@H]1C[C@@]1(C)c2ccc3c(c2)C(C)(C)CCC3(C)C,6.75
147,CHEMBL119781,CC1(C)CCC(C)(C)c2cc(Sc3ccc(cc3)C(=O)O)ccc12,5.8
148,CHEMBL118693,Cc1cc2c(cc1Sc3ccc(cc3)C(=O)O)C(C)(C)CCC2(C)C,6.55
149,CHEMBL118307,Cc1cc2c(cc1S(=O)(=O)c3ccc(cc3)C(=O)O)C(C)(C)CCC2(C)C,5.59
150,CHEMBL118268,Cc1cc2c(cc1Sc3ncc(s3)C(=O)O)C(C)(C)CCC2(C)C,5.72
153,CHEMBL324960,Cc1cc2c(cc1[S+]([O-])c3ccc(cc3)C(=O)O)C(C)(C)CCC2(C)C,5.8
155,CHEMBL89058,C\C(=C/C(=O)O)\C=C\CC1(CC1)c2cc3c(cc2C)C(C)(C)CCC3(C)C,6.82
163,CHEMBL92394,C\C(=C/C(=O)O)\C=C\C1(CCCC1)c2cc3c(cc2C)C(C)(C)CCC3(C)C,5.57
176,CHEMBL93848,C\C(=C/C(=O)O)\C=C\C1(CCCC1)c2ccc3c(c2)C(C)(C)CCC3(C)C,6.72
179,CHEMBL162827,Cc1cc2c(cc1\C(=N\OC(C)(C)C)\c3ccc(cc3)C(=O)O)C(C)(C)CCC2(C)C,6.35
183,CHEMBL2110181,CO\N=C(\c1ccc(cc1)C(=O)O)/c2cc3c(cc2C)C(C)(C)CCC3(C)C,6.62
187,CHEMBL164557,CO\N=C(\c1ccc(cc1)C(=O)O)/c2ccc3c(c2)C(C)(C)CCC3(C)C,6.25
194,CHEMBL162005,CCCCO\N=C(/c1ccc(cc1)C(=O)O)\c2cc3c(cc2C)C(C)(C)CCC3(C)C,6.65
200,CHEMBL351943,CC(C)CO\N=C(/c1ccc(cc1)C(=O)O)\c2cc3c(cc2C)C(C)(C)CCC3(C)C,6.49
206,CHEMBL2110180,CCO\N=C(\c1ccc(cc1)C(=O)O)/c2cc3c(cc2C)C(C)(C)CCC3(C)C,6.33
210,CHEMBL163625,CC1(C)CCC(C)(C)c2cc(ccc12)\C(=N\O)\c3ccc(cc3)C(=O)O,5.3
217,CHEMBL3350249,Cc1cc2c(cc1\C(=N/O)\c3ccc(cc3)C(=O)O)C(C)(C)CCC2(C)C,6.68
237,CHEMBL205600,CCCN(C\C=C\C(=C\C(=O)O)\C)c1ccc2c(c1)C(C)(C)CCC2(C)C,6.77
239,CHEMBL378553,CCN(C\C=C\C(=C\C(=O)O)\C)c1ccc2c(c1)C(C)(C)CCC2(C)C,6.89
241,CHEMBL377178,C\C(=C/C(=O)O)\C=C\CN(CC1CC1)c2cc(cc3c2CCC3(C)C)C(C)(C)C,7.0
242,CHEMBL205694,CC(C)N(C\C=C\C(=C\C(=O)O)\C)c1cc(cc2c1CCC2(C)C)C(C)(C)C,6.58
245,CHEMBL205894,CCCCCCCCN(C\C=C\C(=C\C(=O)O)\C)c1cc(cc(c1)C(C)(C)C)C(C)(C)C,7.46
249,CHEMBL208213,CN(C\C=C\C(=C\C(=O)O)\C)c1cc(cc(c1)C(C)(C)C)C(C)(C)C,6.49
251,CHEMBL206005,CCCN(C(=O)\C=C\C(=C\C(=O)O)\C)c1cc(cc(c1)C(C)(C)C)C(C)(C)C,6.18
270,CHEMBL208503,C\C(=C/C(=O)O)\C=C\[C@H]1CCCN1c2ccc3c(c2)C(C)(C)CCC3(C)C,5.9
272,CHEMBL205532,CCCN(C\C=C\C(=C\C(=O)O)\C)c1cc2c(cc1C)C(C)(C)CCC2(C)C,6.65
277,CHEMBL326525,CN1c2ccc(cc2N=C(c3ccc(cc3)C(=O)O)c4cc5c(cc14)C(C)(C)CCC5(C)C)[N+](=O)[O-],6.42
278,CHEMBL471968,CC1(C)CCC(C)(C)c2cc(ccc12)N(c3ccc(cn3)C(=O)O)S(=O)(=O)c4ccc(cc4)C(F)(F)F,5.57
279,CHEMBL521442,Cc1ccc(cc1)S(=O)(=O)N(c2ccc3c(c2)C(C)(C)CCC3(C)C)c4ccc(cn4)C(=O)O,5.42
280,CHEMBL512528,CC1(C)CCC(C)(C)c2cc(ccc12)N(c3ccc(cn3)C(=O)O)S(=O)(=O)c4ccc(Cl)cc4,5.35
281,CHEMBL471967,COc1ccc(cc1)S(=O)(=O)N(c2ccc3c(c2)C(C)(C)CCC3(C)C)c4ccc(cn4)C(=O)O,5.18
