"URL","Uniprot ID","Keyword","Link"
/idg/targets/P15121,P15121,"Complete proteome",http://www.uniprot.org/keywords/KW-0181
/idg/targets/P15121,P15121,Polymorphism,http://www.uniprot.org/keywords/KW-0621
/idg/targets/P15121,P15121,"Reference proteome",http://www.uniprot.org/keywords/KW-1185
/idg/targets/P15121,P15121,Cytoplasm,http://www.uniprot.org/keywords/KW-0963
/idg/targets/P15121,P15121,Phosphoprotein,http://www.uniprot.org/keywords/KW-0597
/idg/targets/P15121,P15121,Acetylation,http://www.uniprot.org/keywords/KW-0007
/idg/targets/P15121,P15121,3D-structure,http://www.uniprot.org/keywords/KW-0002
/idg/targets/P15121,P15121,"Direct protein sequencing",http://www.uniprot.org/keywords/KW-0903
/idg/targets/P15121,P15121,Oxidoreductase,http://www.uniprot.org/keywords/KW-0560
/idg/targets/P15121,P15121,NADP,http://www.uniprot.org/keywords/KW-0521
/idg/targets/P49116,P49116,"Complete proteome",http://www.uniprot.org/keywords/KW-0181
/idg/targets/P49116,P49116,DNA-binding,http://www.uniprot.org/keywords/KW-0238
/idg/targets/P49116,P49116,Metal-binding,http://www.uniprot.org/keywords/KW-0479
/idg/targets/P49116,P49116,Nucleus,http://www.uniprot.org/keywords/KW-0539
/idg/targets/P49116,P49116,"Reference proteome",http://www.uniprot.org/keywords/KW-1185
/idg/targets/P49116,P49116,Transcription,http://www.uniprot.org/keywords/KW-0804
/idg/targets/P49116,P49116,"Transcription regulation",http://www.uniprot.org/keywords/KW-0805
/idg/targets/P49116,P49116,Zinc,http://www.uniprot.org/keywords/KW-0862
/idg/targets/P49116,P49116,Zinc-finger,http://www.uniprot.org/keywords/KW-0863
/idg/targets/P49116,P49116,"Alternative splicing",http://www.uniprot.org/keywords/KW-0025
/idg/targets/P49116,P49116,Phosphoprotein,http://www.uniprot.org/keywords/KW-0597
/idg/targets/P49116,P49116,Receptor,http://www.uniprot.org/keywords/KW-0675
/idg/targets/P49116,P49116,Acetylation,http://www.uniprot.org/keywords/KW-0007
/idg/targets/P49116,P49116,3D-structure,http://www.uniprot.org/keywords/KW-0002
/idg/targets/P49116,P49116,Differentiation,http://www.uniprot.org/keywords/KW-0221
/idg/targets/P49116,P49116,Activator,http://www.uniprot.org/keywords/KW-0010
/idg/targets/P49116,P49116,Repressor,http://www.uniprot.org/keywords/KW-0678
/idg/targets/P49116,P49116,Spermatogenesis,http://www.uniprot.org/keywords/KW-0744
/idg/targets/P51449,P51449,"Complete proteome",http://www.uniprot.org/keywords/KW-0181
/idg/targets/P51449,P51449,DNA-binding,http://www.uniprot.org/keywords/KW-0238
/idg/targets/P51449,P51449,Metal-binding,http://www.uniprot.org/keywords/KW-0479
/idg/targets/P51449,P51449,Nucleus,http://www.uniprot.org/keywords/KW-0539
/idg/targets/P51449,P51449,"Reference proteome",http://www.uniprot.org/keywords/KW-1185
/idg/targets/P51449,P51449,Transcription,http://www.uniprot.org/keywords/KW-0804
/idg/targets/P51449,P51449,"Transcription regulation",http://www.uniprot.org/keywords/KW-0805
/idg/targets/P51449,P51449,Zinc,http://www.uniprot.org/keywords/KW-0862
/idg/targets/P51449,P51449,Zinc-finger,http://www.uniprot.org/keywords/KW-0863
/idg/targets/P51449,P51449,"Disease mutation",http://www.uniprot.org/keywords/KW-0225
/idg/targets/P51449,P51449,Receptor,http://www.uniprot.org/keywords/KW-0675
/idg/targets/P51449,P51449,3D-structure,http://www.uniprot.org/keywords/KW-0002
/idg/targets/P51449,P51449,"Biological rhythms",http://www.uniprot.org/keywords/KW-0090
/idg/targets/P51449,P51449,"Developmental protein",http://www.uniprot.org/keywords/KW-0217
/idg/targets/P51449,P51449,Activator,http://www.uniprot.org/keywords/KW-0010
/idg/targets/P51449,P51449,"Alternative promoter usage",http://www.uniprot.org/keywords/KW-0877
/idg/targets/P03372,P03372,"Complete proteome",http://www.uniprot.org/keywords/KW-0181
/idg/targets/P03372,P03372,DNA-binding,http://www.uniprot.org/keywords/KW-0238
/idg/targets/P03372,P03372,Metal-binding,http://www.uniprot.org/keywords/KW-0479
/idg/targets/P03372,P03372,Nucleus,http://www.uniprot.org/keywords/KW-0539
/idg/targets/P03372,P03372,Polymorphism,http://www.uniprot.org/keywords/KW-0621
/idg/targets/P03372,P03372,"Reference proteome",http://www.uniprot.org/keywords/KW-1185
/idg/targets/P03372,P03372,Transcription,http://www.uniprot.org/keywords/KW-0804
/idg/targets/P03372,P03372,"Transcription regulation",http://www.uniprot.org/keywords/KW-0805
/idg/targets/P03372,P03372,Zinc,http://www.uniprot.org/keywords/KW-0862
/idg/targets/P03372,P03372,Zinc-finger,http://www.uniprot.org/keywords/KW-0863
/idg/targets/P03372,P03372,"Alternative splicing",http://www.uniprot.org/keywords/KW-0025
/idg/targets/P03372,P03372,Cytoplasm,http://www.uniprot.org/keywords/KW-0963
/idg/targets/P03372,P03372,"Disease mutation",http://www.uniprot.org/keywords/KW-0225
/idg/targets/P03372,P03372,Phosphoprotein,http://www.uniprot.org/keywords/KW-0597
/idg/targets/P03372,P03372,"Cell membrane",http://www.uniprot.org/keywords/KW-1003
/idg/targets/P03372,P03372,Glycoprotein,http://www.uniprot.org/keywords/KW-0325
/idg/targets/P03372,P03372,Membrane,http://www.uniprot.org/keywords/KW-0472
/idg/targets/P03372,P03372,Receptor,http://www.uniprot.org/keywords/KW-0675
/idg/targets/P03372,P03372,Transmembrane,http://www.uniprot.org/keywords/KW-0812
/idg/targets/P03372,P03372,3D-structure,http://www.uniprot.org/keywords/KW-0002
/idg/targets/P03372,P03372,"Golgi apparatus",http://www.uniprot.org/keywords/KW-0333
/idg/targets/P03372,P03372,Lipoprotein,http://www.uniprot.org/keywords/KW-0449
/idg/targets/P03372,P03372,Methylation,http://www.uniprot.org/keywords/KW-0488
/idg/targets/P03372,P03372,Palmitate,http://www.uniprot.org/keywords/KW-0564
/idg/targets/P03372,P03372,"Direct protein sequencing",http://www.uniprot.org/keywords/KW-0903
/idg/targets/P03372,P03372,Activator,http://www.uniprot.org/keywords/KW-0010
/idg/targets/P03372,P03372,"Ubl conjugation",http://www.uniprot.org/keywords/KW-0832
/idg/targets/P03372,P03372,"Alternative promoter usage",http://www.uniprot.org/keywords/KW-0877
/idg/targets/P03372,P03372,Lipid-binding,http://www.uniprot.org/keywords/KW-0446
/idg/targets/P03372,P03372,Steroid-binding,http://www.uniprot.org/keywords/KW-0754
/idg/targets/Q9Y5X4,Q9Y5X4,"Complete proteome",http://www.uniprot.org/keywords/KW-0181
/idg/targets/Q9Y5X4,Q9Y5X4,DNA-binding,http://www.uniprot.org/keywords/KW-0238
/idg/targets/Q9Y5X4,Q9Y5X4,Metal-binding,http://www.uniprot.org/keywords/KW-0479
/idg/targets/Q9Y5X4,Q9Y5X4,Nucleus,http://www.uniprot.org/keywords/KW-0539
/idg/targets/Q9Y5X4,Q9Y5X4,Polymorphism,http://www.uniprot.org/keywords/KW-0621
/idg/targets/Q9Y5X4,Q9Y5X4,"Reference proteome",http://www.uniprot.org/keywords/KW-1185
/idg/targets/Q9Y5X4,Q9Y5X4,Transcription,http://www.uniprot.org/keywords/KW-0804
/idg/targets/Q9Y5X4,Q9Y5X4,"Transcription regulation",http://www.uniprot.org/keywords/KW-0805
/idg/targets/Q9Y5X4,Q9Y5X4,Zinc,http://www.uniprot.org/keywords/KW-0862
/idg/targets/Q9Y5X4,Q9Y5X4,Zinc-finger,http://www.uniprot.org/keywords/KW-0863
/idg/targets/Q9Y5X4,Q9Y5X4,"Alternative splicing",http://www.uniprot.org/keywords/KW-0025
/idg/targets/Q9Y5X4,Q9Y5X4,"Disease mutation",http://www.uniprot.org/keywords/KW-0225
/idg/targets/Q9Y5X4,Q9Y5X4,Receptor,http://www.uniprot.org/keywords/KW-0675
/idg/targets/Q9Y5X4,Q9Y5X4,3D-structure,http://www.uniprot.org/keywords/KW-0002
/idg/targets/Q9Y5X4,Q9Y5X4,Repressor,http://www.uniprot.org/keywords/KW-0678
/idg/targets/Q9Y5X4,Q9Y5X4,"Isopeptide bond",http://www.uniprot.org/keywords/KW-1017
/idg/targets/Q9Y5X4,Q9Y5X4,"Ubl conjugation",http://www.uniprot.org/keywords/KW-0832
/idg/targets/Q9Y5X4,Q9Y5X4,"Sensory transduction",http://www.uniprot.org/keywords/KW-0716
/idg/targets/Q9Y5X4,Q9Y5X4,"Retinitis pigmentosa",http://www.uniprot.org/keywords/KW-0682
/idg/targets/Q9Y5X4,Q9Y5X4,Vision,http://www.uniprot.org/keywords/KW-0844
/idg/targets/Q96RI1,Q96RI1,"Complete proteome",http://www.uniprot.org/keywords/KW-0181
/idg/targets/Q96RI1,Q96RI1,DNA-binding,http://www.uniprot.org/keywords/KW-0238
/idg/targets/Q96RI1,Q96RI1,Metal-binding,http://www.uniprot.org/keywords/KW-0479
/idg/targets/Q96RI1,Q96RI1,Nucleus,http://www.uniprot.org/keywords/KW-0539
/idg/targets/Q96RI1,Q96RI1,"Reference proteome",http://www.uniprot.org/keywords/KW-1185
/idg/targets/Q96RI1,Q96RI1,Transcription,http://www.uniprot.org/keywords/KW-0804
/idg/targets/Q96RI1,Q96RI1,"Transcription regulation",http://www.uniprot.org/keywords/KW-0805
/idg/targets/Q96RI1,Q96RI1,Zinc,http://www.uniprot.org/keywords/KW-0862
/idg/targets/Q96RI1,Q96RI1,Zinc-finger,http://www.uniprot.org/keywords/KW-0863
/idg/targets/Q96RI1,Q96RI1,"Alternative splicing",http://www.uniprot.org/keywords/KW-0025
/idg/targets/Q96RI1,Q96RI1,Phosphoprotein,http://www.uniprot.org/keywords/KW-0597
/idg/targets/Q96RI1,Q96RI1,Receptor,http://www.uniprot.org/keywords/KW-0675
/idg/targets/Q96RI1,Q96RI1,Acetylation,http://www.uniprot.org/keywords/KW-0007
/idg/targets/Q96RI1,Q96RI1,3D-structure,http://www.uniprot.org/keywords/KW-0002
/idg/targets/Q96RI1,Q96RI1,Methylation,http://www.uniprot.org/keywords/KW-0488
/idg/targets/Q96RI1,Q96RI1,Immunity,http://www.uniprot.org/keywords/KW-0391
/idg/targets/Q96RI1,Q96RI1,Activator,http://www.uniprot.org/keywords/KW-0010
/idg/targets/Q96RI1,Q96RI1,Repressor,http://www.uniprot.org/keywords/KW-0678
/idg/targets/Q96RI1,Q96RI1,"Isopeptide bond",http://www.uniprot.org/keywords/KW-1017
/idg/targets/Q96RI1,Q96RI1,"Ubl conjugation",http://www.uniprot.org/keywords/KW-0832
/idg/targets/Q96RI1,Q96RI1,"Alternative promoter usage",http://www.uniprot.org/keywords/KW-0877
/idg/targets/Q96RI1,Q96RI1,"Innate immunity",http://www.uniprot.org/keywords/KW-0399
/idg/targets/Q96RI1,Q96RI1,"Inflammatory response",http://www.uniprot.org/keywords/KW-0395
/idg/targets/Q9Y466,Q9Y466,"Complete proteome",http://www.uniprot.org/keywords/KW-0181
/idg/targets/Q9Y466,Q9Y466,DNA-binding,http://www.uniprot.org/keywords/KW-0238
/idg/targets/Q9Y466,Q9Y466,Metal-binding,http://www.uniprot.org/keywords/KW-0479
/idg/targets/Q9Y466,Q9Y466,Nucleus,http://www.uniprot.org/keywords/KW-0539
/idg/targets/Q9Y466,Q9Y466,"Reference proteome",http://www.uniprot.org/keywords/KW-1185
/idg/targets/Q9Y466,Q9Y466,Transcription,http://www.uniprot.org/keywords/KW-0804
/idg/targets/Q9Y466,Q9Y466,"Transcription regulation",http://www.uniprot.org/keywords/KW-0805
/idg/targets/Q9Y466,Q9Y466,Zinc,http://www.uniprot.org/keywords/KW-0862
/idg/targets/Q9Y466,Q9Y466,Zinc-finger,http://www.uniprot.org/keywords/KW-0863
/idg/targets/Q9Y466,Q9Y466,"Alternative splicing",http://www.uniprot.org/keywords/KW-0025
/idg/targets/Q9Y466,Q9Y466,Receptor,http://www.uniprot.org/keywords/KW-0675
/idg/targets/Q9Y466,Q9Y466,3D-structure,http://www.uniprot.org/keywords/KW-0002
/idg/targets/Q9Y466,Q9Y466,"Developmental protein",http://www.uniprot.org/keywords/KW-0217
/idg/targets/Q9Y466,Q9Y466,Activator,http://www.uniprot.org/keywords/KW-0010
/idg/targets/Q9Y466,Q9Y466,Repressor,http://www.uniprot.org/keywords/KW-0678
/idg/targets/Q14994,Q14994,"Complete proteome",http://www.uniprot.org/keywords/KW-0181
/idg/targets/Q14994,Q14994,DNA-binding,http://www.uniprot.org/keywords/KW-0238
/idg/targets/Q14994,Q14994,Metal-binding,http://www.uniprot.org/keywords/KW-0479
/idg/targets/Q14994,Q14994,Nucleus,http://www.uniprot.org/keywords/KW-0539
/idg/targets/Q14994,Q14994,Polymorphism,http://www.uniprot.org/keywords/KW-0621
/idg/targets/Q14994,Q14994,"Reference proteome",http://www.uniprot.org/keywords/KW-1185
/idg/targets/Q14994,Q14994,Transcription,http://www.uniprot.org/keywords/KW-0804
/idg/targets/Q14994,Q14994,"Transcription regulation",http://www.uniprot.org/keywords/KW-0805
/idg/targets/Q14994,Q14994,Zinc,http://www.uniprot.org/keywords/KW-0862
/idg/targets/Q14994,Q14994,Zinc-finger,http://www.uniprot.org/keywords/KW-0863
/idg/targets/Q14994,Q14994,"Alternative splicing",http://www.uniprot.org/keywords/KW-0025
/idg/targets/Q14994,Q14994,Cytoplasm,http://www.uniprot.org/keywords/KW-0963
/idg/targets/Q14994,Q14994,Cytoskeleton,http://www.uniprot.org/keywords/KW-0206
/idg/targets/Q14994,Q14994,Phosphoprotein,http://www.uniprot.org/keywords/KW-0597
/idg/targets/Q14994,Q14994,Receptor,http://www.uniprot.org/keywords/KW-0675
/idg/targets/Q14994,Q14994,3D-structure,http://www.uniprot.org/keywords/KW-0002
/idg/targets/Q14994,Q14994,Activator,http://www.uniprot.org/keywords/KW-0010
/idg/targets/P41235,P41235,"Complete proteome",http://www.uniprot.org/keywords/KW-0181
/idg/targets/P41235,P41235,DNA-binding,http://www.uniprot.org/keywords/KW-0238
/idg/targets/P41235,P41235,Metal-binding,http://www.uniprot.org/keywords/KW-0479
/idg/targets/P41235,P41235,Nucleus,http://www.uniprot.org/keywords/KW-0539
/idg/targets/P41235,P41235,Polymorphism,http://www.uniprot.org/keywords/KW-0621
/idg/targets/P41235,P41235,"Reference proteome",http://www.uniprot.org/keywords/KW-1185
/idg/targets/P41235,P41235,Transcription,http://www.uniprot.org/keywords/KW-0804
/idg/targets/P41235,P41235,"Transcription regulation",http://www.uniprot.org/keywords/KW-0805
/idg/targets/P41235,P41235,Zinc,http://www.uniprot.org/keywords/KW-0862
/idg/targets/P41235,P41235,Zinc-finger,http://www.uniprot.org/keywords/KW-0863
/idg/targets/P41235,P41235,"Alternative splicing",http://www.uniprot.org/keywords/KW-0025
/idg/targets/P41235,P41235,"Disease mutation",http://www.uniprot.org/keywords/KW-0225
/idg/targets/P41235,P41235,Phosphoprotein,http://www.uniprot.org/keywords/KW-0597
/idg/targets/P41235,P41235,Receptor,http://www.uniprot.org/keywords/KW-0675
/idg/targets/P41235,P41235,Acetylation,http://www.uniprot.org/keywords/KW-0007
/idg/targets/P41235,P41235,3D-structure,http://www.uniprot.org/keywords/KW-0002
/idg/targets/P41235,P41235,"Isopeptide bond",http://www.uniprot.org/keywords/KW-1017
/idg/targets/P41235,P41235,"Ubl conjugation",http://www.uniprot.org/keywords/KW-0832
/idg/targets/P41235,P41235,"Alternative promoter usage",http://www.uniprot.org/keywords/KW-0877
/idg/targets/P41235,P41235,"Diabetes mellitus",http://www.uniprot.org/keywords/KW-0219
/idg/targets/O95718,O95718,"Complete proteome",http://www.uniprot.org/keywords/KW-0181
/idg/targets/O95718,O95718,DNA-binding,http://www.uniprot.org/keywords/KW-0238
/idg/targets/O95718,O95718,Metal-binding,http://www.uniprot.org/keywords/KW-0479
/idg/targets/O95718,O95718,Nucleus,http://www.uniprot.org/keywords/KW-0539
/idg/targets/O95718,O95718,"Reference proteome",http://www.uniprot.org/keywords/KW-1185
/idg/targets/O95718,O95718,Transcription,http://www.uniprot.org/keywords/KW-0804
/idg/targets/O95718,O95718,"Transcription regulation",http://www.uniprot.org/keywords/KW-0805
/idg/targets/O95718,O95718,Zinc,http://www.uniprot.org/keywords/KW-0862
/idg/targets/O95718,O95718,Zinc-finger,http://www.uniprot.org/keywords/KW-0863
/idg/targets/O95718,O95718,"Alternative splicing",http://www.uniprot.org/keywords/KW-0025
/idg/targets/O95718,O95718,"Disease mutation",http://www.uniprot.org/keywords/KW-0225
/idg/targets/O95718,O95718,Receptor,http://www.uniprot.org/keywords/KW-0675
/idg/targets/O95718,O95718,Acetylation,http://www.uniprot.org/keywords/KW-0007
/idg/targets/O95718,O95718,3D-structure,http://www.uniprot.org/keywords/KW-0002
/idg/targets/O95718,O95718,Deafness,http://www.uniprot.org/keywords/KW-0209
/idg/targets/O95718,O95718,"Non-syndromic deafness",http://www.uniprot.org/keywords/KW-1010
/idg/targets/P13631,P13631,"Complete proteome",http://www.uniprot.org/keywords/KW-0181
/idg/targets/P13631,P13631,DNA-binding,http://www.uniprot.org/keywords/KW-0238
/idg/targets/P13631,P13631,Metal-binding,http://www.uniprot.org/keywords/KW-0479
/idg/targets/P13631,P13631,Nucleus,http://www.uniprot.org/keywords/KW-0539
/idg/targets/P13631,P13631,Polymorphism,http://www.uniprot.org/keywords/KW-0621
/idg/targets/P13631,P13631,"Reference proteome",http://www.uniprot.org/keywords/KW-1185
/idg/targets/P13631,P13631,Transcription,http://www.uniprot.org/keywords/KW-0804
/idg/targets/P13631,P13631,"Transcription regulation",http://www.uniprot.org/keywords/KW-0805
/idg/targets/P13631,P13631,Zinc,http://www.uniprot.org/keywords/KW-0862
/idg/targets/P13631,P13631,Zinc-finger,http://www.uniprot.org/keywords/KW-0863
/idg/targets/P13631,P13631,"Alternative splicing",http://www.uniprot.org/keywords/KW-0025
/idg/targets/P13631,P13631,Receptor,http://www.uniprot.org/keywords/KW-0675
/idg/targets/P13631,P13631,3D-structure,http://www.uniprot.org/keywords/KW-0002
/idg/targets/P13631,P13631,Methylation,http://www.uniprot.org/keywords/KW-0488
/idg/targets/P62508,P62508,"Complete proteome",http://www.uniprot.org/keywords/KW-0181
/idg/targets/P62508,P62508,DNA-binding,http://www.uniprot.org/keywords/KW-0238
/idg/targets/P62508,P62508,Metal-binding,http://www.uniprot.org/keywords/KW-0479
/idg/targets/P62508,P62508,Nucleus,http://www.uniprot.org/keywords/KW-0539
/idg/targets/P62508,P62508,Polymorphism,http://www.uniprot.org/keywords/KW-0621
/idg/targets/P62508,P62508,"Reference proteome",http://www.uniprot.org/keywords/KW-1185
/idg/targets/P62508,P62508,Transcription,http://www.uniprot.org/keywords/KW-0804
/idg/targets/P62508,P62508,"Transcription regulation",http://www.uniprot.org/keywords/KW-0805
/idg/targets/P62508,P62508,Zinc,http://www.uniprot.org/keywords/KW-0862
/idg/targets/P62508,P62508,Zinc-finger,http://www.uniprot.org/keywords/KW-0863
/idg/targets/P62508,P62508,"Alternative splicing",http://www.uniprot.org/keywords/KW-0025
/idg/targets/P62508,P62508,Phosphoprotein,http://www.uniprot.org/keywords/KW-0597
/idg/targets/P62508,P62508,Receptor,http://www.uniprot.org/keywords/KW-0675
/idg/targets/P62508,P62508,Acetylation,http://www.uniprot.org/keywords/KW-0007
/idg/targets/P62508,P62508,3D-structure,http://www.uniprot.org/keywords/KW-0002
/idg/targets/P62508,P62508,Activator,http://www.uniprot.org/keywords/KW-0010
/idg/targets/P62508,P62508,"Isopeptide bond",http://www.uniprot.org/keywords/KW-1017
/idg/targets/P62508,P62508,"Ubl conjugation",http://www.uniprot.org/keywords/KW-0832
/idg/targets/P51843,P51843,"Complete proteome",http://www.uniprot.org/keywords/KW-0181
/idg/targets/P51843,P51843,Nucleus,http://www.uniprot.org/keywords/KW-0539
/idg/targets/P51843,P51843,"Reference proteome",http://www.uniprot.org/keywords/KW-1185
/idg/targets/P51843,P51843,Repeat,http://www.uniprot.org/keywords/KW-0677
/idg/targets/P51843,P51843,Transcription,http://www.uniprot.org/keywords/KW-0804
/idg/targets/P51843,P51843,"Transcription regulation",http://www.uniprot.org/keywords/KW-0805
/idg/targets/P51843,P51843,"Alternative splicing",http://www.uniprot.org/keywords/KW-0025
/idg/targets/P51843,P51843,Cytoplasm,http://www.uniprot.org/keywords/KW-0963
/idg/targets/P51843,P51843,"Disease mutation",http://www.uniprot.org/keywords/KW-0225
/idg/targets/P51843,P51843,Receptor,http://www.uniprot.org/keywords/KW-0675
/idg/targets/P51843,P51843,3D-structure,http://www.uniprot.org/keywords/KW-0002
/idg/targets/P51843,P51843,Repressor,http://www.uniprot.org/keywords/KW-0678
/idg/targets/P37231,P37231,"Complete proteome",http://www.uniprot.org/keywords/KW-0181
/idg/targets/P37231,P37231,DNA-binding,http://www.uniprot.org/keywords/KW-0238
/idg/targets/P37231,P37231,Metal-binding,http://www.uniprot.org/keywords/KW-0479
/idg/targets/P37231,P37231,Nucleus,http://www.uniprot.org/keywords/KW-0539
/idg/targets/P37231,P37231,Polymorphism,http://www.uniprot.org/keywords/KW-0621
/idg/targets/P37231,P37231,"Reference proteome",http://www.uniprot.org/keywords/KW-1185
/idg/targets/P37231,P37231,Transcription,http://www.uniprot.org/keywords/KW-0804
/idg/targets/P37231,P37231,"Transcription regulation",http://www.uniprot.org/keywords/KW-0805
/idg/targets/P37231,P37231,Zinc,http://www.uniprot.org/keywords/KW-0862
/idg/targets/P37231,P37231,Zinc-finger,http://www.uniprot.org/keywords/KW-0863
/idg/targets/P37231,P37231,"Alternative splicing",http://www.uniprot.org/keywords/KW-0025
/idg/targets/P37231,P37231,Cytoplasm,http://www.uniprot.org/keywords/KW-0963
/idg/targets/P37231,P37231,"Disease mutation",http://www.uniprot.org/keywords/KW-0225
/idg/targets/P37231,P37231,Obesity,http://www.uniprot.org/keywords/KW-0550
/idg/targets/P37231,P37231,Phosphoprotein,http://www.uniprot.org/keywords/KW-0597
/idg/targets/P37231,P37231,Glycoprotein,http://www.uniprot.org/keywords/KW-0325
/idg/targets/P37231,P37231,Receptor,http://www.uniprot.org/keywords/KW-0675
/idg/targets/P37231,P37231,3D-structure,http://www.uniprot.org/keywords/KW-0002
/idg/targets/P37231,P37231,"Biological rhythms",http://www.uniprot.org/keywords/KW-0090
/idg/targets/P37231,P37231,Activator,http://www.uniprot.org/keywords/KW-0010
/idg/targets/P37231,P37231,"Diabetes mellitus",http://www.uniprot.org/keywords/KW-0219
/idg/targets/O15528,O15528,"Complete proteome",http://www.uniprot.org/keywords/KW-0181
/idg/targets/O15528,O15528,Metal-binding,http://www.uniprot.org/keywords/KW-0479
/idg/targets/O15528,O15528,Polymorphism,http://www.uniprot.org/keywords/KW-0621
/idg/targets/O15528,O15528,"Reference proteome",http://www.uniprot.org/keywords/KW-1185
/idg/targets/O15528,O15528,"Disease mutation",http://www.uniprot.org/keywords/KW-0225
/idg/targets/O15528,O15528,Membrane,http://www.uniprot.org/keywords/KW-0472
/idg/targets/O15528,O15528,Mitochondrion,http://www.uniprot.org/keywords/KW-0496
/idg/targets/O15528,O15528,"Transit peptide",http://www.uniprot.org/keywords/KW-0809
/idg/targets/O15528,O15528,Oxidoreductase,http://www.uniprot.org/keywords/KW-0560
/idg/targets/O15528,O15528,NADP,http://www.uniprot.org/keywords/KW-0521
/idg/targets/O15528,O15528,Heme,http://www.uniprot.org/keywords/KW-0349
/idg/targets/O15528,O15528,Iron,http://www.uniprot.org/keywords/KW-0408
/idg/targets/O15528,O15528,Monooxygenase,http://www.uniprot.org/keywords/KW-0503
/idg/targets/P28702,P28702,"Complete proteome",http://www.uniprot.org/keywords/KW-0181
/idg/targets/P28702,P28702,DNA-binding,http://www.uniprot.org/keywords/KW-0238
/idg/targets/P28702,P28702,Metal-binding,http://www.uniprot.org/keywords/KW-0479
/idg/targets/P28702,P28702,Nucleus,http://www.uniprot.org/keywords/KW-0539
/idg/targets/P28702,P28702,"Reference proteome",http://www.uniprot.org/keywords/KW-1185
/idg/targets/P28702,P28702,Transcription,http://www.uniprot.org/keywords/KW-0804
/idg/targets/P28702,P28702,"Transcription regulation",http://www.uniprot.org/keywords/KW-0805
/idg/targets/P28702,P28702,Zinc,http://www.uniprot.org/keywords/KW-0862
/idg/targets/P28702,P28702,Zinc-finger,http://www.uniprot.org/keywords/KW-0863
/idg/targets/P28702,P28702,"Alternative splicing",http://www.uniprot.org/keywords/KW-0025
/idg/targets/P28702,P28702,Receptor,http://www.uniprot.org/keywords/KW-0675
/idg/targets/P28702,P28702,3D-structure,http://www.uniprot.org/keywords/KW-0002
/idg/targets/P28702,P28702,Methylation,http://www.uniprot.org/keywords/KW-0488
/idg/targets/P15514,P15514,"Complete proteome",http://www.uniprot.org/keywords/KW-0181
/idg/targets/P15514,P15514,Polymorphism,http://www.uniprot.org/keywords/KW-0621
/idg/targets/P15514,P15514,"Reference proteome",http://www.uniprot.org/keywords/KW-1185
/idg/targets/P15514,P15514,"Disulfide bond",http://www.uniprot.org/keywords/KW-1015
/idg/targets/P15514,P15514,Glycoprotein,http://www.uniprot.org/keywords/KW-0325
/idg/targets/P15514,P15514,Membrane,http://www.uniprot.org/keywords/KW-0472
/idg/targets/P15514,P15514,Transmembrane,http://www.uniprot.org/keywords/KW-0812
/idg/targets/P15514,P15514,"Transmembrane helix",http://www.uniprot.org/keywords/KW-1133
/idg/targets/P15514,P15514,3D-structure,http://www.uniprot.org/keywords/KW-0002
/idg/targets/P15514,P15514,Cytokine,http://www.uniprot.org/keywords/KW-0202
/idg/targets/P15514,P15514,"Growth factor",http://www.uniprot.org/keywords/KW-0339
/idg/targets/P15514,P15514,Signal,http://www.uniprot.org/keywords/KW-0732
/idg/targets/P15514,P15514,"Direct protein sequencing",http://www.uniprot.org/keywords/KW-0903
/idg/targets/P15514,P15514,"EGF-like domain",http://www.uniprot.org/keywords/KW-0245
/idg/targets/Q92570,Q92570,"Complete proteome",http://www.uniprot.org/keywords/KW-0181
/idg/targets/Q92570,Q92570,DNA-binding,http://www.uniprot.org/keywords/KW-0238
/idg/targets/Q92570,Q92570,Metal-binding,http://www.uniprot.org/keywords/KW-0479
/idg/targets/Q92570,Q92570,Nucleus,http://www.uniprot.org/keywords/KW-0539
/idg/targets/Q92570,Q92570,"Reference proteome",http://www.uniprot.org/keywords/KW-1185
/idg/targets/Q92570,Q92570,Transcription,http://www.uniprot.org/keywords/KW-0804
/idg/targets/Q92570,Q92570,"Transcription regulation",http://www.uniprot.org/keywords/KW-0805
/idg/targets/Q92570,Q92570,Zinc,http://www.uniprot.org/keywords/KW-0862
/idg/targets/Q92570,Q92570,Zinc-finger,http://www.uniprot.org/keywords/KW-0863
/idg/targets/Q92570,Q92570,"Alternative splicing",http://www.uniprot.org/keywords/KW-0025
/idg/targets/Q92570,Q92570,Receptor,http://www.uniprot.org/keywords/KW-0675
/idg/targets/Q92570,Q92570,"Chromosomal rearrangement",http://www.uniprot.org/keywords/KW-0160
/idg/targets/Q92570,Q92570,Proto-oncogene,http://www.uniprot.org/keywords/KW-0656
/idg/targets/P24468,P24468,"Complete proteome",http://www.uniprot.org/keywords/KW-0181
/idg/targets/P24468,P24468,DNA-binding,http://www.uniprot.org/keywords/KW-0238
/idg/targets/P24468,P24468,Metal-binding,http://www.uniprot.org/keywords/KW-0479
/idg/targets/P24468,P24468,Nucleus,http://www.uniprot.org/keywords/KW-0539
/idg/targets/P24468,P24468,"Reference proteome",http://www.uniprot.org/keywords/KW-1185
/idg/targets/P24468,P24468,Transcription,http://www.uniprot.org/keywords/KW-0804
/idg/targets/P24468,P24468,"Transcription regulation",http://www.uniprot.org/keywords/KW-0805
/idg/targets/P24468,P24468,Zinc,http://www.uniprot.org/keywords/KW-0862
/idg/targets/P24468,P24468,Zinc-finger,http://www.uniprot.org/keywords/KW-0863
/idg/targets/P24468,P24468,"Alternative splicing",http://www.uniprot.org/keywords/KW-0025
/idg/targets/P24468,P24468,"Disease mutation",http://www.uniprot.org/keywords/KW-0225
/idg/targets/P24468,P24468,Phosphoprotein,http://www.uniprot.org/keywords/KW-0597
/idg/targets/P24468,P24468,Receptor,http://www.uniprot.org/keywords/KW-0675
/idg/targets/P24468,P24468,3D-structure,http://www.uniprot.org/keywords/KW-0002
/idg/targets/P24468,P24468,Activator,http://www.uniprot.org/keywords/KW-0010
/idg/targets/P48443,P48443,"Complete proteome",http://www.uniprot.org/keywords/KW-0181
/idg/targets/P48443,P48443,DNA-binding,http://www.uniprot.org/keywords/KW-0238
/idg/targets/P48443,P48443,Metal-binding,http://www.uniprot.org/keywords/KW-0479
/idg/targets/P48443,P48443,Nucleus,http://www.uniprot.org/keywords/KW-0539
/idg/targets/P48443,P48443,"Reference proteome",http://www.uniprot.org/keywords/KW-1185
/idg/targets/P48443,P48443,Transcription,http://www.uniprot.org/keywords/KW-0804
/idg/targets/P48443,P48443,"Transcription regulation",http://www.uniprot.org/keywords/KW-0805
/idg/targets/P48443,P48443,Zinc,http://www.uniprot.org/keywords/KW-0862
/idg/targets/P48443,P48443,Zinc-finger,http://www.uniprot.org/keywords/KW-0863
/idg/targets/P48443,P48443,Receptor,http://www.uniprot.org/keywords/KW-0675
/idg/targets/P48443,P48443,3D-structure,http://www.uniprot.org/keywords/KW-0002
/idg/targets/P10276,P10276,"Complete proteome",http://www.uniprot.org/keywords/KW-0181
/idg/targets/P10276,P10276,DNA-binding,http://www.uniprot.org/keywords/KW-0238
/idg/targets/P10276,P10276,Metal-binding,http://www.uniprot.org/keywords/KW-0479
/idg/targets/P10276,P10276,Nucleus,http://www.uniprot.org/keywords/KW-0539
/idg/targets/P10276,P10276,"Reference proteome",http://www.uniprot.org/keywords/KW-1185
/idg/targets/P10276,P10276,Transcription,http://www.uniprot.org/keywords/KW-0804
/idg/targets/P10276,P10276,"Transcription regulation",http://www.uniprot.org/keywords/KW-0805
/idg/targets/P10276,P10276,Zinc,http://www.uniprot.org/keywords/KW-0862
/idg/targets/P10276,P10276,Zinc-finger,http://www.uniprot.org/keywords/KW-0863
/idg/targets/P10276,P10276,"Alternative splicing",http://www.uniprot.org/keywords/KW-0025
/idg/targets/P10276,P10276,Cytoplasm,http://www.uniprot.org/keywords/KW-0963
/idg/targets/P10276,P10276,Phosphoprotein,http://www.uniprot.org/keywords/KW-0597
/idg/targets/P10276,P10276,Receptor,http://www.uniprot.org/keywords/KW-0675
/idg/targets/P10276,P10276,3D-structure,http://www.uniprot.org/keywords/KW-0002
/idg/targets/P10276,P10276,"Chromosomal rearrangement",http://www.uniprot.org/keywords/KW-0160
/idg/targets/P10276,P10276,"Isopeptide bond",http://www.uniprot.org/keywords/KW-1017
/idg/targets/P10276,P10276,"Ubl conjugation",http://www.uniprot.org/keywords/KW-0832
/idg/targets/P10276,P10276,Proto-oncogene,http://www.uniprot.org/keywords/KW-0656
/idg/targets/P11474,P11474,"Complete proteome",http://www.uniprot.org/keywords/KW-0181
/idg/targets/P11474,P11474,DNA-binding,http://www.uniprot.org/keywords/KW-0238
/idg/targets/P11474,P11474,Metal-binding,http://www.uniprot.org/keywords/KW-0479
/idg/targets/P11474,P11474,Nucleus,http://www.uniprot.org/keywords/KW-0539
/idg/targets/P11474,P11474,"Reference proteome",http://www.uniprot.org/keywords/KW-1185
/idg/targets/P11474,P11474,Transcription,http://www.uniprot.org/keywords/KW-0804
/idg/targets/P11474,P11474,"Transcription regulation",http://www.uniprot.org/keywords/KW-0805
/idg/targets/P11474,P11474,Zinc,http://www.uniprot.org/keywords/KW-0862
/idg/targets/P11474,P11474,Zinc-finger,http://www.uniprot.org/keywords/KW-0863
/idg/targets/P11474,P11474,"Alternative splicing",http://www.uniprot.org/keywords/KW-0025
/idg/targets/P11474,P11474,Phosphoprotein,http://www.uniprot.org/keywords/KW-0597
/idg/targets/P11474,P11474,Receptor,http://www.uniprot.org/keywords/KW-0675
/idg/targets/P11474,P11474,Acetylation,http://www.uniprot.org/keywords/KW-0007
/idg/targets/P11474,P11474,3D-structure,http://www.uniprot.org/keywords/KW-0002
/idg/targets/P11474,P11474,"Direct protein sequencing",http://www.uniprot.org/keywords/KW-0903
/idg/targets/P11474,P11474,"Isopeptide bond",http://www.uniprot.org/keywords/KW-1017
/idg/targets/P11474,P11474,"Ubl conjugation",http://www.uniprot.org/keywords/KW-0832
/idg/targets/O75469,O75469,"Complete proteome",http://www.uniprot.org/keywords/KW-0181
/idg/targets/O75469,O75469,DNA-binding,http://www.uniprot.org/keywords/KW-0238
/idg/targets/O75469,O75469,Metal-binding,http://www.uniprot.org/keywords/KW-0479
/idg/targets/O75469,O75469,Nucleus,http://www.uniprot.org/keywords/KW-0539
/idg/targets/O75469,O75469,Polymorphism,http://www.uniprot.org/keywords/KW-0621
/idg/targets/O75469,O75469,"Reference proteome",http://www.uniprot.org/keywords/KW-1185
/idg/targets/O75469,O75469,Transcription,http://www.uniprot.org/keywords/KW-0804
/idg/targets/O75469,O75469,"Transcription regulation",http://www.uniprot.org/keywords/KW-0805
/idg/targets/O75469,O75469,Zinc,http://www.uniprot.org/keywords/KW-0862
/idg/targets/O75469,O75469,Zinc-finger,http://www.uniprot.org/keywords/KW-0863
/idg/targets/O75469,O75469,"Alternative splicing",http://www.uniprot.org/keywords/KW-0025
/idg/targets/O75469,O75469,Receptor,http://www.uniprot.org/keywords/KW-0675
/idg/targets/O75469,O75469,3D-structure,http://www.uniprot.org/keywords/KW-0002
/idg/targets/O75469,O75469,Activator,http://www.uniprot.org/keywords/KW-0010
/idg/targets/P10275,P10275,"Complete proteome",http://www.uniprot.org/keywords/KW-0181
/idg/targets/P10275,P10275,DNA-binding,http://www.uniprot.org/keywords/KW-0238
/idg/targets/P10275,P10275,Metal-binding,http://www.uniprot.org/keywords/KW-0479
/idg/targets/P10275,P10275,Nucleus,http://www.uniprot.org/keywords/KW-0539
/idg/targets/P10275,P10275,Polymorphism,http://www.uniprot.org/keywords/KW-0621
/idg/targets/P10275,P10275,"Reference proteome",http://www.uniprot.org/keywords/KW-1185
/idg/targets/P10275,P10275,Transcription,http://www.uniprot.org/keywords/KW-0804
/idg/targets/P10275,P10275,"Transcription regulation",http://www.uniprot.org/keywords/KW-0805
/idg/targets/P10275,P10275,Zinc,http://www.uniprot.org/keywords/KW-0862
/idg/targets/P10275,P10275,Zinc-finger,http://www.uniprot.org/keywords/KW-0863
/idg/targets/P10275,P10275,"Alternative splicing",http://www.uniprot.org/keywords/KW-0025
/idg/targets/P10275,P10275,Cytoplasm,http://www.uniprot.org/keywords/KW-0963
/idg/targets/P10275,P10275,"Disease mutation",http://www.uniprot.org/keywords/KW-0225
/idg/targets/P10275,P10275,Phosphoprotein,http://www.uniprot.org/keywords/KW-0597
/idg/targets/P10275,P10275,Receptor,http://www.uniprot.org/keywords/KW-0675
/idg/targets/P10275,P10275,3D-structure,http://www.uniprot.org/keywords/KW-0002
/idg/targets/P10275,P10275,Lipoprotein,http://www.uniprot.org/keywords/KW-0449
/idg/targets/P10275,P10275,Palmitate,http://www.uniprot.org/keywords/KW-0564
/idg/targets/P10275,P10275,Activator,http://www.uniprot.org/keywords/KW-0010
/idg/targets/P10275,P10275,"Isopeptide bond",http://www.uniprot.org/keywords/KW-1017
/idg/targets/P10275,P10275,Neurodegeneration,http://www.uniprot.org/keywords/KW-0523
/idg/targets/P10275,P10275,"Triplet repeat expansion",http://www.uniprot.org/keywords/KW-0818
/idg/targets/P10275,P10275,"Ubl conjugation",http://www.uniprot.org/keywords/KW-0832
/idg/targets/P10275,P10275,Lipid-binding,http://www.uniprot.org/keywords/KW-0446
/idg/targets/P10275,P10275,Steroid-binding,http://www.uniprot.org/keywords/KW-0754
/idg/targets/P10275,P10275,Pseudohermaphroditism,http://www.uniprot.org/keywords/KW-0657
/idg/targets/O00482,O00482,"Complete proteome",http://www.uniprot.org/keywords/KW-0181
/idg/targets/O00482,O00482,DNA-binding,http://www.uniprot.org/keywords/KW-0238
/idg/targets/O00482,O00482,Metal-binding,http://www.uniprot.org/keywords/KW-0479
/idg/targets/O00482,O00482,Nucleus,http://www.uniprot.org/keywords/KW-0539
/idg/targets/O00482,O00482,"Reference proteome",http://www.uniprot.org/keywords/KW-1185
/idg/targets/O00482,O00482,Transcription,http://www.uniprot.org/keywords/KW-0804
/idg/targets/O00482,O00482,"Transcription regulation",http://www.uniprot.org/keywords/KW-0805
/idg/targets/O00482,O00482,Zinc,http://www.uniprot.org/keywords/KW-0862
/idg/targets/O00482,O00482,Zinc-finger,http://www.uniprot.org/keywords/KW-0863
/idg/targets/O00482,O00482,"Alternative splicing",http://www.uniprot.org/keywords/KW-0025
/idg/targets/O00482,O00482,Receptor,http://www.uniprot.org/keywords/KW-0675
/idg/targets/O00482,O00482,3D-structure,http://www.uniprot.org/keywords/KW-0002
/idg/targets/O00482,O00482,Lipid-binding,http://www.uniprot.org/keywords/KW-0446
/idg/targets/Q92731,Q92731,"Complete proteome",http://www.uniprot.org/keywords/KW-0181
/idg/targets/Q92731,Q92731,DNA-binding,http://www.uniprot.org/keywords/KW-0238
/idg/targets/Q92731,Q92731,Metal-binding,http://www.uniprot.org/keywords/KW-0479
/idg/targets/Q92731,Q92731,Nucleus,http://www.uniprot.org/keywords/KW-0539
/idg/targets/Q92731,Q92731,"Reference proteome",http://www.uniprot.org/keywords/KW-1185
/idg/targets/Q92731,Q92731,Transcription,http://www.uniprot.org/keywords/KW-0804
/idg/targets/Q92731,Q92731,"Transcription regulation",http://www.uniprot.org/keywords/KW-0805
/idg/targets/Q92731,Q92731,Zinc,http://www.uniprot.org/keywords/KW-0862
/idg/targets/Q92731,Q92731,Zinc-finger,http://www.uniprot.org/keywords/KW-0863
/idg/targets/Q92731,Q92731,"Alternative splicing",http://www.uniprot.org/keywords/KW-0025
/idg/targets/Q92731,Q92731,Phosphoprotein,http://www.uniprot.org/keywords/KW-0597
/idg/targets/Q92731,Q92731,Receptor,http://www.uniprot.org/keywords/KW-0675
/idg/targets/Q92731,Q92731,3D-structure,http://www.uniprot.org/keywords/KW-0002
/idg/targets/Q92731,Q92731,Activator,http://www.uniprot.org/keywords/KW-0010
/idg/targets/Q92731,Q92731,Lipid-binding,http://www.uniprot.org/keywords/KW-0446
/idg/targets/Q92731,Q92731,Steroid-binding,http://www.uniprot.org/keywords/KW-0754
/idg/targets/Q07869,Q07869,"Complete proteome",http://www.uniprot.org/keywords/KW-0181
/idg/targets/Q07869,Q07869,DNA-binding,http://www.uniprot.org/keywords/KW-0238
/idg/targets/Q07869,Q07869,Metal-binding,http://www.uniprot.org/keywords/KW-0479
/idg/targets/Q07869,Q07869,Nucleus,http://www.uniprot.org/keywords/KW-0539
/idg/targets/Q07869,Q07869,Polymorphism,http://www.uniprot.org/keywords/KW-0621
/idg/targets/Q07869,Q07869,"Reference proteome",http://www.uniprot.org/keywords/KW-1185
/idg/targets/Q07869,Q07869,Transcription,http://www.uniprot.org/keywords/KW-0804
/idg/targets/Q07869,Q07869,"Transcription regulation",http://www.uniprot.org/keywords/KW-0805
/idg/targets/Q07869,Q07869,Zinc,http://www.uniprot.org/keywords/KW-0862
/idg/targets/Q07869,Q07869,Zinc-finger,http://www.uniprot.org/keywords/KW-0863
/idg/targets/Q07869,Q07869,"Alternative splicing",http://www.uniprot.org/keywords/KW-0025
/idg/targets/Q07869,Q07869,Receptor,http://www.uniprot.org/keywords/KW-0675
/idg/targets/Q07869,Q07869,3D-structure,http://www.uniprot.org/keywords/KW-0002
/idg/targets/Q07869,Q07869,"Biological rhythms",http://www.uniprot.org/keywords/KW-0090
/idg/targets/Q07869,Q07869,Activator,http://www.uniprot.org/keywords/KW-0010
/idg/targets/Q07869,Q07869,Lipid-binding,http://www.uniprot.org/keywords/KW-0446
/idg/targets/P10826,P10826,"Complete proteome",http://www.uniprot.org/keywords/KW-0181
/idg/targets/P10826,P10826,DNA-binding,http://www.uniprot.org/keywords/KW-0238
/idg/targets/P10826,P10826,Metal-binding,http://www.uniprot.org/keywords/KW-0479
/idg/targets/P10826,P10826,Nucleus,http://www.uniprot.org/keywords/KW-0539
/idg/targets/P10826,P10826,Polymorphism,http://www.uniprot.org/keywords/KW-0621
/idg/targets/P10826,P10826,"Reference proteome",http://www.uniprot.org/keywords/KW-1185
/idg/targets/P10826,P10826,Transcription,http://www.uniprot.org/keywords/KW-0804
/idg/targets/P10826,P10826,"Transcription regulation",http://www.uniprot.org/keywords/KW-0805
/idg/targets/P10826,P10826,Zinc,http://www.uniprot.org/keywords/KW-0862
/idg/targets/P10826,P10826,Zinc-finger,http://www.uniprot.org/keywords/KW-0863
/idg/targets/P10826,P10826,"Alternative splicing",http://www.uniprot.org/keywords/KW-0025
/idg/targets/P10826,P10826,Cytoplasm,http://www.uniprot.org/keywords/KW-0963
/idg/targets/P10826,P10826,"Disease mutation",http://www.uniprot.org/keywords/KW-0225
/idg/targets/P10826,P10826,Phosphoprotein,http://www.uniprot.org/keywords/KW-0597
/idg/targets/P10826,P10826,Receptor,http://www.uniprot.org/keywords/KW-0675
/idg/targets/P10826,P10826,3D-structure,http://www.uniprot.org/keywords/KW-0002
/idg/targets/P10826,P10826,Proto-oncogene,http://www.uniprot.org/keywords/KW-0656
/idg/targets/P10826,P10826,Microphthalmia,http://www.uniprot.org/keywords/KW-1013
/idg/targets/P10827,P10827,"Complete proteome",http://www.uniprot.org/keywords/KW-0181
/idg/targets/P10827,P10827,DNA-binding,http://www.uniprot.org/keywords/KW-0238
/idg/targets/P10827,P10827,Metal-binding,http://www.uniprot.org/keywords/KW-0479
/idg/targets/P10827,P10827,Nucleus,http://www.uniprot.org/keywords/KW-0539
/idg/targets/P10827,P10827,Polymorphism,http://www.uniprot.org/keywords/KW-0621
/idg/targets/P10827,P10827,"Reference proteome",http://www.uniprot.org/keywords/KW-1185
/idg/targets/P10827,P10827,Transcription,http://www.uniprot.org/keywords/KW-0804
/idg/targets/P10827,P10827,"Transcription regulation",http://www.uniprot.org/keywords/KW-0805
/idg/targets/P10827,P10827,Zinc,http://www.uniprot.org/keywords/KW-0862
/idg/targets/P10827,P10827,Zinc-finger,http://www.uniprot.org/keywords/KW-0863
/idg/targets/P10827,P10827,"Alternative splicing",http://www.uniprot.org/keywords/KW-0025
/idg/targets/P10827,P10827,"Disease mutation",http://www.uniprot.org/keywords/KW-0225
/idg/targets/P10827,P10827,Receptor,http://www.uniprot.org/keywords/KW-0675
/idg/targets/P10827,P10827,3D-structure,http://www.uniprot.org/keywords/KW-0002
/idg/targets/P10827,P10827,"Isopeptide bond",http://www.uniprot.org/keywords/KW-1017
/idg/targets/P10827,P10827,"Congenital hypothyroidism",http://www.uniprot.org/keywords/KW-0984
/idg/targets/P10828,P10828,"Complete proteome",http://www.uniprot.org/keywords/KW-0181
/idg/targets/P10828,P10828,DNA-binding,http://www.uniprot.org/keywords/KW-0238
/idg/targets/P10828,P10828,Metal-binding,http://www.uniprot.org/keywords/KW-0479
/idg/targets/P10828,P10828,Nucleus,http://www.uniprot.org/keywords/KW-0539
/idg/targets/P10828,P10828,Polymorphism,http://www.uniprot.org/keywords/KW-0621
/idg/targets/P10828,P10828,"Reference proteome",http://www.uniprot.org/keywords/KW-1185
/idg/targets/P10828,P10828,Transcription,http://www.uniprot.org/keywords/KW-0804
/idg/targets/P10828,P10828,"Transcription regulation",http://www.uniprot.org/keywords/KW-0805
/idg/targets/P10828,P10828,Zinc,http://www.uniprot.org/keywords/KW-0862
/idg/targets/P10828,P10828,Zinc-finger,http://www.uniprot.org/keywords/KW-0863
/idg/targets/P10828,P10828,"Alternative splicing",http://www.uniprot.org/keywords/KW-0025
/idg/targets/P10828,P10828,"Disease mutation",http://www.uniprot.org/keywords/KW-0225
/idg/targets/P10828,P10828,Receptor,http://www.uniprot.org/keywords/KW-0675
/idg/targets/P10828,P10828,3D-structure,http://www.uniprot.org/keywords/KW-0002
/idg/targets/P10828,P10828,Deafness,http://www.uniprot.org/keywords/KW-0209
/idg/targets/Q92753,Q92753,"Complete proteome",http://www.uniprot.org/keywords/KW-0181
/idg/targets/Q92753,Q92753,DNA-binding,http://www.uniprot.org/keywords/KW-0238
/idg/targets/Q92753,Q92753,Metal-binding,http://www.uniprot.org/keywords/KW-0479
/idg/targets/Q92753,Q92753,Nucleus,http://www.uniprot.org/keywords/KW-0539
/idg/targets/Q92753,Q92753,"Reference proteome",http://www.uniprot.org/keywords/KW-1185
/idg/targets/Q92753,Q92753,Transcription,http://www.uniprot.org/keywords/KW-0804
/idg/targets/Q92753,Q92753,"Transcription regulation",http://www.uniprot.org/keywords/KW-0805
/idg/targets/Q92753,Q92753,Zinc,http://www.uniprot.org/keywords/KW-0862
/idg/targets/Q92753,Q92753,Zinc-finger,http://www.uniprot.org/keywords/KW-0863
/idg/targets/Q92753,Q92753,Receptor,http://www.uniprot.org/keywords/KW-0675
/idg/targets/Q92753,Q92753,"Biological rhythms",http://www.uniprot.org/keywords/KW-0090
/idg/targets/Q92753,Q92753,"Developmental protein",http://www.uniprot.org/keywords/KW-0217
/idg/targets/Q92753,Q92753,Activator,http://www.uniprot.org/keywords/KW-0010
/idg/targets/Q92753,Q92753,"Alternative promoter usage",http://www.uniprot.org/keywords/KW-0877
/idg/targets/Q92753,Q92753,"Sensory transduction",http://www.uniprot.org/keywords/KW-0716
/idg/targets/Q92753,Q92753,Vision,http://www.uniprot.org/keywords/KW-0844
/idg/targets/P35398,P35398,"Complete proteome",http://www.uniprot.org/keywords/KW-0181
/idg/targets/P35398,P35398,DNA-binding,http://www.uniprot.org/keywords/KW-0238
/idg/targets/P35398,P35398,Metal-binding,http://www.uniprot.org/keywords/KW-0479
/idg/targets/P35398,P35398,Nucleus,http://www.uniprot.org/keywords/KW-0539
/idg/targets/P35398,P35398,Polymorphism,http://www.uniprot.org/keywords/KW-0621
/idg/targets/P35398,P35398,"Reference proteome",http://www.uniprot.org/keywords/KW-1185
/idg/targets/P35398,P35398,Transcription,http://www.uniprot.org/keywords/KW-0804
/idg/targets/P35398,P35398,"Transcription regulation",http://www.uniprot.org/keywords/KW-0805
/idg/targets/P35398,P35398,Zinc,http://www.uniprot.org/keywords/KW-0862
/idg/targets/P35398,P35398,Zinc-finger,http://www.uniprot.org/keywords/KW-0863
/idg/targets/P35398,P35398,"Alternative splicing",http://www.uniprot.org/keywords/KW-0025
/idg/targets/P35398,P35398,Phosphoprotein,http://www.uniprot.org/keywords/KW-0597
/idg/targets/P35398,P35398,Receptor,http://www.uniprot.org/keywords/KW-0675
/idg/targets/P35398,P35398,3D-structure,http://www.uniprot.org/keywords/KW-0002
/idg/targets/P35398,P35398,"Biological rhythms",http://www.uniprot.org/keywords/KW-0090
/idg/targets/P35398,P35398,Methylation,http://www.uniprot.org/keywords/KW-0488
/idg/targets/P35398,P35398,Activator,http://www.uniprot.org/keywords/KW-0010
/idg/targets/P35398,P35398,"Isopeptide bond",http://www.uniprot.org/keywords/KW-1017
/idg/targets/P35398,P35398,"Ubl conjugation",http://www.uniprot.org/keywords/KW-0832
/idg/targets/P35398,P35398,"Alternative promoter usage",http://www.uniprot.org/keywords/KW-0877
/idg/targets/P11473,P11473,"Complete proteome",http://www.uniprot.org/keywords/KW-0181
/idg/targets/P11473,P11473,DNA-binding,http://www.uniprot.org/keywords/KW-0238
/idg/targets/P11473,P11473,Metal-binding,http://www.uniprot.org/keywords/KW-0479
/idg/targets/P11473,P11473,Nucleus,http://www.uniprot.org/keywords/KW-0539
/idg/targets/P11473,P11473,Polymorphism,http://www.uniprot.org/keywords/KW-0621
/idg/targets/P11473,P11473,"Reference proteome",http://www.uniprot.org/keywords/KW-1185
/idg/targets/P11473,P11473,Transcription,http://www.uniprot.org/keywords/KW-0804
/idg/targets/P11473,P11473,"Transcription regulation",http://www.uniprot.org/keywords/KW-0805
/idg/targets/P11473,P11473,Zinc,http://www.uniprot.org/keywords/KW-0862
/idg/targets/P11473,P11473,Zinc-finger,http://www.uniprot.org/keywords/KW-0863
/idg/targets/P11473,P11473,"Alternative splicing",http://www.uniprot.org/keywords/KW-0025
/idg/targets/P11473,P11473,"Disease mutation",http://www.uniprot.org/keywords/KW-0225
/idg/targets/P11473,P11473,Receptor,http://www.uniprot.org/keywords/KW-0675
/idg/targets/P11473,P11473,3D-structure,http://www.uniprot.org/keywords/KW-0002
/idg/targets/P43354,P43354,"Complete proteome",http://www.uniprot.org/keywords/KW-0181
/idg/targets/P43354,P43354,DNA-binding,http://www.uniprot.org/keywords/KW-0238
/idg/targets/P43354,P43354,Metal-binding,http://www.uniprot.org/keywords/KW-0479
/idg/targets/P43354,P43354,Nucleus,http://www.uniprot.org/keywords/KW-0539
/idg/targets/P43354,P43354,"Reference proteome",http://www.uniprot.org/keywords/KW-1185
/idg/targets/P43354,P43354,Transcription,http://www.uniprot.org/keywords/KW-0804
/idg/targets/P43354,P43354,"Transcription regulation",http://www.uniprot.org/keywords/KW-0805
/idg/targets/P43354,P43354,Zinc,http://www.uniprot.org/keywords/KW-0862
/idg/targets/P43354,P43354,Zinc-finger,http://www.uniprot.org/keywords/KW-0863
/idg/targets/P43354,P43354,"Alternative splicing",http://www.uniprot.org/keywords/KW-0025
/idg/targets/P43354,P43354,Cytoplasm,http://www.uniprot.org/keywords/KW-0963
/idg/targets/P43354,P43354,Receptor,http://www.uniprot.org/keywords/KW-0675
/idg/targets/P43354,P43354,3D-structure,http://www.uniprot.org/keywords/KW-0002
/idg/targets/P04150,P04150,"Complete proteome",http://www.uniprot.org/keywords/KW-0181
/idg/targets/P04150,P04150,DNA-binding,http://www.uniprot.org/keywords/KW-0238
/idg/targets/P04150,P04150,Metal-binding,http://www.uniprot.org/keywords/KW-0479
/idg/targets/P04150,P04150,Nucleus,http://www.uniprot.org/keywords/KW-0539
/idg/targets/P04150,P04150,Polymorphism,http://www.uniprot.org/keywords/KW-0621
/idg/targets/P04150,P04150,"Reference proteome",http://www.uniprot.org/keywords/KW-1185
/idg/targets/P04150,P04150,Transcription,http://www.uniprot.org/keywords/KW-0804
/idg/targets/P04150,P04150,"Transcription regulation",http://www.uniprot.org/keywords/KW-0805
/idg/targets/P04150,P04150,Zinc,http://www.uniprot.org/keywords/KW-0862
/idg/targets/P04150,P04150,Zinc-finger,http://www.uniprot.org/keywords/KW-0863
/idg/targets/P04150,P04150,"Alternative splicing",http://www.uniprot.org/keywords/KW-0025
/idg/targets/P04150,P04150,Cytoplasm,http://www.uniprot.org/keywords/KW-0963
/idg/targets/P04150,P04150,Cytoskeleton,http://www.uniprot.org/keywords/KW-0206
/idg/targets/P04150,P04150,"Disease mutation",http://www.uniprot.org/keywords/KW-0225
/idg/targets/P04150,P04150,Phosphoprotein,http://www.uniprot.org/keywords/KW-0597
/idg/targets/P04150,P04150,Receptor,http://www.uniprot.org/keywords/KW-0675
/idg/targets/P04150,P04150,Acetylation,http://www.uniprot.org/keywords/KW-0007
/idg/targets/P04150,P04150,3D-structure,http://www.uniprot.org/keywords/KW-0002
/idg/targets/P04150,P04150,"Cell cycle",http://www.uniprot.org/keywords/KW-0131
/idg/targets/P04150,P04150,Methylation,http://www.uniprot.org/keywords/KW-0488
/idg/targets/P04150,P04150,Mitochondrion,http://www.uniprot.org/keywords/KW-0496
/idg/targets/P04150,P04150,"Isopeptide bond",http://www.uniprot.org/keywords/KW-1017
/idg/targets/P04150,P04150,Apoptosis,http://www.uniprot.org/keywords/KW-0053
/idg/targets/P04150,P04150,"Ubl conjugation",http://www.uniprot.org/keywords/KW-0832
/idg/targets/P04150,P04150,Lipid-binding,http://www.uniprot.org/keywords/KW-0446
/idg/targets/P04150,P04150,RNA-binding,http://www.uniprot.org/keywords/KW-0694
/idg/targets/P04150,P04150,"Chromatin regulator",http://www.uniprot.org/keywords/KW-0156
/idg/targets/P04150,P04150,"Cell division",http://www.uniprot.org/keywords/KW-0132
/idg/targets/P04150,P04150,Mitosis,http://www.uniprot.org/keywords/KW-0498
/idg/targets/P04150,P04150,"Alternative initiation",http://www.uniprot.org/keywords/KW-0024
/idg/targets/P04150,P04150,Steroid-binding,http://www.uniprot.org/keywords/KW-0754
/idg/targets/P04150,P04150,"Chromosome partition",http://www.uniprot.org/keywords/KW-0159
/idg/targets/P04150,P04150,Pseudohermaphroditism,http://www.uniprot.org/keywords/KW-0657
/idg/targets/P06401,P06401,"Complete proteome",http://www.uniprot.org/keywords/KW-0181
/idg/targets/P06401,P06401,DNA-binding,http://www.uniprot.org/keywords/KW-0238
/idg/targets/P06401,P06401,Metal-binding,http://www.uniprot.org/keywords/KW-0479
/idg/targets/P06401,P06401,Nucleus,http://www.uniprot.org/keywords/KW-0539
/idg/targets/P06401,P06401,Polymorphism,http://www.uniprot.org/keywords/KW-0621
/idg/targets/P06401,P06401,"Reference proteome",http://www.uniprot.org/keywords/KW-1185
/idg/targets/P06401,P06401,Transcription,http://www.uniprot.org/keywords/KW-0804
/idg/targets/P06401,P06401,"Transcription regulation",http://www.uniprot.org/keywords/KW-0805
/idg/targets/P06401,P06401,Zinc,http://www.uniprot.org/keywords/KW-0862
/idg/targets/P06401,P06401,Zinc-finger,http://www.uniprot.org/keywords/KW-0863
/idg/targets/P06401,P06401,"Alternative splicing",http://www.uniprot.org/keywords/KW-0025
/idg/targets/P06401,P06401,Cytoplasm,http://www.uniprot.org/keywords/KW-0963
/idg/targets/P06401,P06401,Phosphoprotein,http://www.uniprot.org/keywords/KW-0597
/idg/targets/P06401,P06401,Membrane,http://www.uniprot.org/keywords/KW-0472
/idg/targets/P06401,P06401,Receptor,http://www.uniprot.org/keywords/KW-0675
/idg/targets/P06401,P06401,3D-structure,http://www.uniprot.org/keywords/KW-0002
/idg/targets/P06401,P06401,Lipoprotein,http://www.uniprot.org/keywords/KW-0449
/idg/targets/P06401,P06401,Palmitate,http://www.uniprot.org/keywords/KW-0564
/idg/targets/P06401,P06401,"Direct protein sequencing",http://www.uniprot.org/keywords/KW-0903
/idg/targets/P06401,P06401,Mitochondrion,http://www.uniprot.org/keywords/KW-0496
/idg/targets/P06401,P06401,"Mitochondrion outer membrane",http://www.uniprot.org/keywords/KW-1000
/idg/targets/P06401,P06401,"Isopeptide bond",http://www.uniprot.org/keywords/KW-1017
/idg/targets/P06401,P06401,"Ubl conjugation",http://www.uniprot.org/keywords/KW-0832
/idg/targets/P06401,P06401,Lipid-binding,http://www.uniprot.org/keywords/KW-0446
/idg/targets/P06401,P06401,Steroid-binding,http://www.uniprot.org/keywords/KW-0754
/idg/targets/P55055,P55055,"Complete proteome",http://www.uniprot.org/keywords/KW-0181
/idg/targets/P55055,P55055,DNA-binding,http://www.uniprot.org/keywords/KW-0238
/idg/targets/P55055,P55055,Metal-binding,http://www.uniprot.org/keywords/KW-0479
/idg/targets/P55055,P55055,Nucleus,http://www.uniprot.org/keywords/KW-0539
/idg/targets/P55055,P55055,Polymorphism,http://www.uniprot.org/keywords/KW-0621
/idg/targets/P55055,P55055,"Reference proteome",http://www.uniprot.org/keywords/KW-1185
/idg/targets/P55055,P55055,Transcription,http://www.uniprot.org/keywords/KW-0804
/idg/targets/P55055,P55055,"Transcription regulation",http://www.uniprot.org/keywords/KW-0805
/idg/targets/P55055,P55055,Zinc,http://www.uniprot.org/keywords/KW-0862
/idg/targets/P55055,P55055,Zinc-finger,http://www.uniprot.org/keywords/KW-0863
/idg/targets/P55055,P55055,"Alternative splicing",http://www.uniprot.org/keywords/KW-0025
/idg/targets/P55055,P55055,Receptor,http://www.uniprot.org/keywords/KW-0675
/idg/targets/P55055,P55055,3D-structure,http://www.uniprot.org/keywords/KW-0002
/idg/targets/P55055,P55055,Activator,http://www.uniprot.org/keywords/KW-0010
/idg/targets/P20393,P20393,"Complete proteome",http://www.uniprot.org/keywords/KW-0181
/idg/targets/P20393,P20393,DNA-binding,http://www.uniprot.org/keywords/KW-0238
/idg/targets/P20393,P20393,Metal-binding,http://www.uniprot.org/keywords/KW-0479
/idg/targets/P20393,P20393,Nucleus,http://www.uniprot.org/keywords/KW-0539
/idg/targets/P20393,P20393,"Reference proteome",http://www.uniprot.org/keywords/KW-1185
/idg/targets/P20393,P20393,Transcription,http://www.uniprot.org/keywords/KW-0804
/idg/targets/P20393,P20393,"Transcription regulation",http://www.uniprot.org/keywords/KW-0805
/idg/targets/P20393,P20393,Zinc,http://www.uniprot.org/keywords/KW-0862
/idg/targets/P20393,P20393,Zinc-finger,http://www.uniprot.org/keywords/KW-0863
/idg/targets/P20393,P20393,"Cell projection",http://www.uniprot.org/keywords/KW-0966
/idg/targets/P20393,P20393,Cytoplasm,http://www.uniprot.org/keywords/KW-0963
/idg/targets/P20393,P20393,Phosphoprotein,http://www.uniprot.org/keywords/KW-0597
/idg/targets/P20393,P20393,Receptor,http://www.uniprot.org/keywords/KW-0675
/idg/targets/P20393,P20393,Acetylation,http://www.uniprot.org/keywords/KW-0007
/idg/targets/P20393,P20393,3D-structure,http://www.uniprot.org/keywords/KW-0002
/idg/targets/P20393,P20393,"Biological rhythms",http://www.uniprot.org/keywords/KW-0090
/idg/targets/P20393,P20393,Differentiation,http://www.uniprot.org/keywords/KW-0221
/idg/targets/P20393,P20393,Activator,http://www.uniprot.org/keywords/KW-0010
/idg/targets/P20393,P20393,Repressor,http://www.uniprot.org/keywords/KW-0678
/idg/targets/P20393,P20393,"Ubl conjugation",http://www.uniprot.org/keywords/KW-0832
/idg/targets/P20393,P20393,Heme,http://www.uniprot.org/keywords/KW-0349
/idg/targets/P20393,P20393,Iron,http://www.uniprot.org/keywords/KW-0408
/idg/targets/Q03181,Q03181,"Complete proteome",http://www.uniprot.org/keywords/KW-0181
/idg/targets/Q03181,Q03181,DNA-binding,http://www.uniprot.org/keywords/KW-0238
/idg/targets/Q03181,Q03181,Metal-binding,http://www.uniprot.org/keywords/KW-0479
/idg/targets/Q03181,Q03181,Nucleus,http://www.uniprot.org/keywords/KW-0539
/idg/targets/Q03181,Q03181,"Reference proteome",http://www.uniprot.org/keywords/KW-1185
/idg/targets/Q03181,Q03181,Transcription,http://www.uniprot.org/keywords/KW-0804
/idg/targets/Q03181,Q03181,"Transcription regulation",http://www.uniprot.org/keywords/KW-0805
/idg/targets/Q03181,Q03181,Zinc,http://www.uniprot.org/keywords/KW-0862
/idg/targets/Q03181,Q03181,Zinc-finger,http://www.uniprot.org/keywords/KW-0863
/idg/targets/Q03181,Q03181,"Alternative splicing",http://www.uniprot.org/keywords/KW-0025
/idg/targets/Q03181,Q03181,Receptor,http://www.uniprot.org/keywords/KW-0675
/idg/targets/Q03181,Q03181,3D-structure,http://www.uniprot.org/keywords/KW-0002
/idg/targets/Q03181,Q03181,Activator,http://www.uniprot.org/keywords/KW-0010
/idg/targets/P08235,P08235,"Complete proteome",http://www.uniprot.org/keywords/KW-0181
/idg/targets/P08235,P08235,DNA-binding,http://www.uniprot.org/keywords/KW-0238
/idg/targets/P08235,P08235,Metal-binding,http://www.uniprot.org/keywords/KW-0479
/idg/targets/P08235,P08235,Nucleus,http://www.uniprot.org/keywords/KW-0539
/idg/targets/P08235,P08235,Polymorphism,http://www.uniprot.org/keywords/KW-0621
/idg/targets/P08235,P08235,"Reference proteome",http://www.uniprot.org/keywords/KW-1185
/idg/targets/P08235,P08235,Transcription,http://www.uniprot.org/keywords/KW-0804
/idg/targets/P08235,P08235,"Transcription regulation",http://www.uniprot.org/keywords/KW-0805
/idg/targets/P08235,P08235,Zinc,http://www.uniprot.org/keywords/KW-0862
/idg/targets/P08235,P08235,Zinc-finger,http://www.uniprot.org/keywords/KW-0863
/idg/targets/P08235,P08235,"Alternative splicing",http://www.uniprot.org/keywords/KW-0025
/idg/targets/P08235,P08235,Cytoplasm,http://www.uniprot.org/keywords/KW-0963
/idg/targets/P08235,P08235,"Disease mutation",http://www.uniprot.org/keywords/KW-0225
/idg/targets/P08235,P08235,Phosphoprotein,http://www.uniprot.org/keywords/KW-0597
/idg/targets/P08235,P08235,Membrane,http://www.uniprot.org/keywords/KW-0472
/idg/targets/P08235,P08235,Receptor,http://www.uniprot.org/keywords/KW-0675
/idg/targets/P08235,P08235,3D-structure,http://www.uniprot.org/keywords/KW-0002
/idg/targets/P08235,P08235,"Endoplasmic reticulum",http://www.uniprot.org/keywords/KW-0256
/idg/targets/P08235,P08235,Lipid-binding,http://www.uniprot.org/keywords/KW-0446
/idg/targets/P08235,P08235,Steroid-binding,http://www.uniprot.org/keywords/KW-0754
/idg/targets/Q14541,Q14541,"Complete proteome",http://www.uniprot.org/keywords/KW-0181
/idg/targets/Q14541,Q14541,DNA-binding,http://www.uniprot.org/keywords/KW-0238
/idg/targets/Q14541,Q14541,Metal-binding,http://www.uniprot.org/keywords/KW-0479
/idg/targets/Q14541,Q14541,Nucleus,http://www.uniprot.org/keywords/KW-0539
/idg/targets/Q14541,Q14541,Polymorphism,http://www.uniprot.org/keywords/KW-0621
/idg/targets/Q14541,Q14541,"Reference proteome",http://www.uniprot.org/keywords/KW-1185
/idg/targets/Q14541,Q14541,Transcription,http://www.uniprot.org/keywords/KW-0804
/idg/targets/Q14541,Q14541,"Transcription regulation",http://www.uniprot.org/keywords/KW-0805
/idg/targets/Q14541,Q14541,Zinc,http://www.uniprot.org/keywords/KW-0862
/idg/targets/Q14541,Q14541,Zinc-finger,http://www.uniprot.org/keywords/KW-0863
/idg/targets/Q14541,Q14541,"Alternative splicing",http://www.uniprot.org/keywords/KW-0025
/idg/targets/Q14541,Q14541,Receptor,http://www.uniprot.org/keywords/KW-0675
/idg/targets/Q14541,Q14541,3D-structure,http://www.uniprot.org/keywords/KW-0002
/idg/targets/Q13285,Q13285,"Complete proteome",http://www.uniprot.org/keywords/KW-0181
/idg/targets/Q13285,Q13285,DNA-binding,http://www.uniprot.org/keywords/KW-0238
/idg/targets/Q13285,Q13285,Metal-binding,http://www.uniprot.org/keywords/KW-0479
/idg/targets/Q13285,Q13285,Nucleus,http://www.uniprot.org/keywords/KW-0539
/idg/targets/Q13285,Q13285,Polymorphism,http://www.uniprot.org/keywords/KW-0621
/idg/targets/Q13285,Q13285,"Reference proteome",http://www.uniprot.org/keywords/KW-1185
/idg/targets/Q13285,Q13285,Transcription,http://www.uniprot.org/keywords/KW-0804
/idg/targets/Q13285,Q13285,"Transcription regulation",http://www.uniprot.org/keywords/KW-0805
/idg/targets/Q13285,Q13285,Zinc,http://www.uniprot.org/keywords/KW-0862
/idg/targets/Q13285,Q13285,Zinc-finger,http://www.uniprot.org/keywords/KW-0863
/idg/targets/Q13285,Q13285,"Disease mutation",http://www.uniprot.org/keywords/KW-0225
/idg/targets/Q13285,Q13285,Phosphoprotein,http://www.uniprot.org/keywords/KW-0597
/idg/targets/Q13285,Q13285,Receptor,http://www.uniprot.org/keywords/KW-0675
/idg/targets/Q13285,Q13285,Acetylation,http://www.uniprot.org/keywords/KW-0007
/idg/targets/Q13285,Q13285,3D-structure,http://www.uniprot.org/keywords/KW-0002
/idg/targets/Q13285,Q13285,Activator,http://www.uniprot.org/keywords/KW-0010
/idg/targets/Q13285,Q13285,"Isopeptide bond",http://www.uniprot.org/keywords/KW-1017
/idg/targets/Q13285,Q13285,"Ubl conjugation",http://www.uniprot.org/keywords/KW-0832
/idg/targets/Q13285,Q13285,Lipid-binding,http://www.uniprot.org/keywords/KW-0446
/idg/targets/Q13285,Q13285,"Premature ovarian failure",http://www.uniprot.org/keywords/KW-1066
/idg/targets/Q13133,Q13133,"Complete proteome",http://www.uniprot.org/keywords/KW-0181
/idg/targets/Q13133,Q13133,DNA-binding,http://www.uniprot.org/keywords/KW-0238
/idg/targets/Q13133,Q13133,Metal-binding,http://www.uniprot.org/keywords/KW-0479
/idg/targets/Q13133,Q13133,Nucleus,http://www.uniprot.org/keywords/KW-0539
/idg/targets/Q13133,Q13133,Polymorphism,http://www.uniprot.org/keywords/KW-0621
/idg/targets/Q13133,Q13133,"Reference proteome",http://www.uniprot.org/keywords/KW-1185
/idg/targets/Q13133,Q13133,Transcription,http://www.uniprot.org/keywords/KW-0804
/idg/targets/Q13133,Q13133,"Transcription regulation",http://www.uniprot.org/keywords/KW-0805
/idg/targets/Q13133,Q13133,Zinc,http://www.uniprot.org/keywords/KW-0862
/idg/targets/Q13133,Q13133,Zinc-finger,http://www.uniprot.org/keywords/KW-0863
/idg/targets/Q13133,Q13133,"Alternative splicing",http://www.uniprot.org/keywords/KW-0025
/idg/targets/Q13133,Q13133,Receptor,http://www.uniprot.org/keywords/KW-0675
/idg/targets/Q13133,Q13133,3D-structure,http://www.uniprot.org/keywords/KW-0002
/idg/targets/Q13133,Q13133,Activator,http://www.uniprot.org/keywords/KW-0010
/idg/targets/P19793,P19793,"Complete proteome",http://www.uniprot.org/keywords/KW-0181
/idg/targets/P19793,P19793,DNA-binding,http://www.uniprot.org/keywords/KW-0238
/idg/targets/P19793,P19793,Metal-binding,http://www.uniprot.org/keywords/KW-0479
/idg/targets/P19793,P19793,Nucleus,http://www.uniprot.org/keywords/KW-0539
/idg/targets/P19793,P19793,Polymorphism,http://www.uniprot.org/keywords/KW-0621
/idg/targets/P19793,P19793,"Reference proteome",http://www.uniprot.org/keywords/KW-1185
/idg/targets/P19793,P19793,Transcription,http://www.uniprot.org/keywords/KW-0804
/idg/targets/P19793,P19793,"Transcription regulation",http://www.uniprot.org/keywords/KW-0805
/idg/targets/P19793,P19793,Zinc,http://www.uniprot.org/keywords/KW-0862
/idg/targets/P19793,P19793,Zinc-finger,http://www.uniprot.org/keywords/KW-0863
/idg/targets/P19793,P19793,"Alternative splicing",http://www.uniprot.org/keywords/KW-0025
/idg/targets/P19793,P19793,Phosphoprotein,http://www.uniprot.org/keywords/KW-0597
/idg/targets/P19793,P19793,Receptor,http://www.uniprot.org/keywords/KW-0675
/idg/targets/P19793,P19793,3D-structure,http://www.uniprot.org/keywords/KW-0002
/idg/targets/P19793,P19793,"Isopeptide bond",http://www.uniprot.org/keywords/KW-1017
/idg/targets/P19793,P19793,"Ubl conjugation",http://www.uniprot.org/keywords/KW-0832
/idg/targets/P19793,P19793,"Host-virus interaction",http://www.uniprot.org/keywords/KW-0945
